,fluxes,reduced_costs
biomass_dilution,0.2285587861927756,-0.5329844773185015
protein_biomass_to_biomass,0.08934473070698001,6.281007975796993e-35
mRNA_biomass_to_biomass,0.0003611532515742954,0.0
tRNA_biomass_to_biomass,0.002188289611014049,0.0
rRNA_biomass_to_biomass,0.015435229374551404,-9.1996246336881e-35
ncRNA_biomass_to_biomass,0.0,1.2058675937221677e-34
tmRNA_biomass_to_biomass,0.0,1.2058675937221677e-34
DNA_biomass_to_biomass,0.013326424226745251,1.2058675937221677e-34
lipid_biomass_to_biomass,0.0,1.2058675937221677e-34
constituent_biomass_to_biomass,0.05759823009116544,1.2058675937221677e-34
prosthetic_group_biomass_to_biomass,4.8317908068892295e-05,6.896687193166831e-35
peptidoglycan_biomass_to_biomass,0.0,1.2058675937221677e-34
DM_atp_c_,0.0,-0.013433396642189451
DM_dhptd(c),0.0,0.0
DM_hcys_L[c],0.0,-0.01258591491439431
EX_26dap_M(e),-1.0,-0.0008355066157117542
EX_2dmmq8(e),-0.0007077322814459296,0.0
EX_2obut(e),-0.12607493502227832,0.0
EX_4abut(e),0.0,-0.005027103158518276
EX_C02528(e),0.0,-9.76746949541775e-07
EX_ac(e),8.136102144421292,0.0
EX_acald(e),1.9875649374576336,0.0
EX_acgam(e),0.0,0.0
EX_ade(e),1.9758335558142963,0.0
EX_adn(e),-1.0,-0.03928711678508014
EX_adocbl(e),-0.0007077322814459296,0.0
EX_ala_L(e),-1.0,-0.002089760649166924
EX_alaasp(e),0.0,-0.018451446575405622
EX_alagln(e),0.0,-0.007948889130795504
EX_alaglu(e),0.0,-0.00795175667069716
EX_alagly(e),0.0,-0.006689937494300057
EX_alahis(e),0.0,-0.024731828397740588
EX_alaleu(e),2.3009938806910692e-23,0.0
EX_alathr(e),0.0,-0.008784209534241689
EX_arab_L(e),-0.17878295,-0.022498033560670747
EX_arbt(e),0.0,0.0
EX_asn_L(e),-0.225,-0.02307626218048009
EX_asp_L(e),-0.225,-0.023079937471156126
EX_biomass(e),0.0,0.0
EX_ca2(e),0.0,0.0
EX_cbl1(e),0.0,0.0
EX_cbl2(e),0.0,0.0
EX_cd2(e),0.0,-0.02675723746372767
EX_cgly(e),-1.0,-0.004598223351234049
EX_cholate(e),0.0,-9.76746949541775e-07
EX_cl(e),0.0,0.0
EX_co2(e),0.0,-0.004197676937913478
EX_cobalt2(e),-0.0007078493717467484,0.0
EX_cro4(e),0.0,0.0
EX_csn(e),0.0,0.0
EX_cu2(e),0.0,0.0
EX_cys_L(e),0.9905242324185116,0.0
EX_cytd(e),0.0,-0.02475740813991336
EX_dad_2(e),-1.0,-0.028943787116404267
EX_dcyt(e),0.9466564364702831,0.0
EX_dgchol(e),0.0,-0.011318428390050561
EX_dgsn(e),-1.0,-0.02558568214259429
EX_din(e),0.0,-0.010892044120127913
EX_duri(e),5.599375429944567e-23,0.0
EX_fe2(e),-2.3159526554448967e-06,0.0
EX_fe3(e),0.0,0.0
EX_fol(e),-0.002123196844337789,0.0
EX_for(e),6.779694837769936,0.0
EX_fru(e),-0.14898579,-0.031032253090898142
EX_gal(e),0.0,0.0
EX_galt(e),0.0,0.0
EX_galur(e),0.0,0.0
EX_gam(e),-1.0,-0.031029675409247285
EX_gcald(e),0.0,-0.09638556317608583
EX_gchola(e),0.0,-0.011318428390050561
EX_glc_D(e),-0.14898579,-0.031031318671361528
EX_glcur(e),0.0,0.0
EX_gln_L(e),-0.18,-0.012577380026546008
EX_glu_L(e),-0.18,-0.012579866335249929
EX_gly(e),-0.45,-0.011318428390050561
EX_glyasn(e),0.0,-0.02767643902561322
EX_glyasp(e),0.0,-0.027680114316289257
EX_glyc(e),0.0,0.0
EX_glyc3p(e),-1.0,-0.01761701931542387
EX_glycys(e),0.0,-0.004598223351234049
EX_glygln(e),0.0,-0.01717755687167914
EX_glyglu(e),0.0,-0.017180424411580797
EX_glyleu(e),0.0,-0.014675468513512606
EX_glymet(e),0.0,-0.004600176845133132
EX_glyphe(e),0.0,-0.004598223351234049
EX_glypro(e),0.0,-0.004599891921923282
EX_glytyr(e),0.0,-0.01592564904223893
EX_gsn(e),0.0,-0.03593012240062389
EX_gua(e),0.9735221979436476,0.0
EX_h(e),14.713420668027576,0.0
EX_h2o(e),-4.650532375526313,0.0
EX_hdca(e),0.0,0.0
EX_hg2(e),0.0,0.0
EX_his_L(e),-0.15,-0.029360319293491092
EX_indole(e),0.06557963559410344,0.0
EX_ins(e),0.0,-0.021236484378157512
EX_k(e),-1.154811453327703e-06,0.0
EX_lac_D(e),0.0,-0.0020962761089000485
EX_leu_L(e),-0.1328788860137014,0.0
EX_lys_L(e),0.9307240113590817,0.0
EX_malt(e),0.0,0.0
EX_man(e),-0.14898579,-0.03103160921399385
EX_mantr(e),0.0,-0.03103163171232724
EX_met_L(e),-0.03649569671013508,0.0
EX_metala(e),2.3619085899165866e-23,0.0
EX_mg2(e),-0.0018456796269184944,0.0
EX_mn2(e),-6.842536747920078e-06,0.0
EX_mnl(e),-0.14898579,-0.019697589319693874
EX_mqn8(e),-0.0007077322814459296,0.0
EX_na1(e),0.0,0.0
EX_nac(e),0.0,0.0
EX_nh4(e),3.1607924602426536,0.0
EX_o2(e),0.0,-0.05960247460118524
EX_ocdca(e),-0.01946957065987057,0.0
EX_ocdcea(e),0.0,0.0
EX_orn(e),0.2471430505742583,0.0
EX_pb(e),0.0,0.0
EX_phe_L(e),0.8885754296970908,0.0
EX_pheme(e),-0.0007077322814459296,0.0
EX_pi(e),0.0,0.0
EX_ppa(e),0.0,0.0
EX_ppi(e),0.4148272758006771,0.0
EX_pro_L(e),0.0,0.0
EX_pydam(e),0.0,0.0
EX_pydx(e),-0.0007088146495575586,0.0
EX_pydxn(e),0.0,0.0
EX_q8(e),0.0,0.0
EX_rmn(e),0.0,0.0
EX_salcn(e),0.0,0.0
EX_sbt_D(e),0.0,0.0
EX_ser_L(e),-1.0,-0.013422478403337362
EX_sheme(e),-0.0007077322814459296,0.0
EX_so4(e),0.0,0.0
EX_spmd(e),-0.0007077322814459296,0.0
EX_stys(e),0.0,-0.06206367714491087
EX_succ(e),2.14462831783087,0.0
EX_sucr(e),0.0,0.0
EX_taur(e),0.0,0.0
EX_tchola(e),0.0,0.0
EX_tdchola(e),0.0,0.0
EX_thm(e),-0.0007077545750463278,0.0
EX_thr_L(e),-0.225,-0.013412700429992193
EX_thymd(e),-3.0027417902334577e-36,0.0
EX_tre(e),0.0,0.0
EX_trp_L(e),-0.08181818,-0.01677857873906913
EX_ttdca(e),-0.034299008896545594,0.0
EX_tyr_L(e),-1.0,-0.011325472197105798
EX_ura(e),0.0,0.0
EX_urea(e),0.0,-0.010908996791914458
EX_uri(e),-1.0,-0.007966372669767506
EX_val_L(e),0.5769837817218332,0.0
EX_xyl_D(e),-0.17878295,-0.02585600803409711
EX_zn2(e),-3.43178302750567e-07,0.0
translation_g.27343.CDS.3,0.0,2.1369867194379604e-32
transcription_TU_g.27343.CDS.3,0.0,-6.298677728960408e-33
translation_g.27343.CDS.14,1.1668548853641553e-10,-7.311929015431405e-33
transcription_TU_g.27343.CDS.14,1.9293223006242526e-12,-4.4685120116929645e-32
translation_g.27343.CDS.35,0.0,-3.55829877148155e-33
transcription_TU_g.27343.CDS.35,0.0,3.18553466560181e-32
translation_g.27343.CDS.45,1.0753120929929888e-05,5.623901643787589e-34
transcription_TU_g.27343.CDS.45,1.7779619618208642e-07,5.265979372896344e-33
translation_g.27343.CDS.46,0.0,-7.540024079137054e-33
transcription_TU_g.27343.CDS.46,0.0,-26.5199991836256
translation_g.27343.CDS.64,3.677395656501668e-07,-6.1624892653689236e-33
transcription_TU_g.27343.CDS.64,6.08034601157216e-09,-7.901445397320344e-33
translation_g.27343.CDS.68,0.0,-1.365350307951455e-32
transcription_TU_g.27343.CDS.68,0.0,-48.41508755467094
translation_g.27343.CDS.73,2.924593009389342e-08,-1.4513554004889478e-32
transcription_TU_g.27343.CDS.73,4.835633448544657e-10,-1.067926900699467e-32
translation_g.27343.CDS.77,1.833800351181635e-10,-5.879320723903076e-34
transcription_TU_g.27343.CDS.77,3.032075330706755e-12,-3.243868662814178e-32
translation_g.27343.CDS.89,6.822204412127111e-06,-1.732068026025442e-33
transcription_TU_g.27343.CDS.89,1.128009256063259e-07,-1.1428332603284575e-32
translation_g.27343.CDS.96,3.4236668089015395e-07,-6.072100769191344e-33
transcription_TU_g.27343.CDS.96,5.66082107310147e-09,4.020068777447277e-34
translation_679935.3.peg.96,5.592759105856012e-10,-9.7697574655222e-33
transcription_TU_679935.3.peg.96,9.247280874673555e-12,-1.566280343234626e-32
translation_g.27343.CDS.111,2.1005928188335702e-11,1.5155978987783022e-33
transcription_TU_g.27343.CDS.111,3.4732001560262416e-13,8.897143396645764e-34
translation_g.27343.CDS.115,0.0,1.1936088984513415e-32
transcription_TU_g.27343.CDS.115,0.0,-5.817604360981616e-32
translation_679935.3.peg.120,1.1124618518858528e-08,-1.6441189840535777e-33
transcription_TU_679935.3.peg.120,1.8393867878157852e-10,-3.51536851078737e-32
translation_679935.3.peg.123,3.472937526348537e-08,8.90524070964388e-33
transcription_TU_679935.3.peg.123,5.742287153528929e-10,-5.431866669920111e-32
translation_679935.3.peg.124,3.149844764765031e-08,1.0962652028447622e-32
transcription_TU_679935.3.peg.124,5.208073278340159e-10,2.950180531040909e-32
translation_g.27343.CDS.132,0.0,6.042935355140524e-34
transcription_TU_g.27343.CDS.132,0.0,1.0862021420817523e-32
translation_g.27343.CDS.142,1.0753120929929888e-05,-2.5959296808384357e-33
transcription_TU_g.27343.CDS.142,1.7779619618208642e-07,6.951944837337998e-33
translation_679935.3.peg.144,0.0,-1.607370138025395e-33
transcription_TU_679935.3.peg.144,0.0,1.0834996672762428e-32
translation_g.27343.CDS.147,1.0753004244441352e-05,2.477713395703942e-34
transcription_TU_g.27343.CDS.147,1.777942668597858e-07,-1.0683543685436987e-32
translation_g.27343.CDS.149,0.0,-2.305839962830035e-33
transcription_TU_g.27343.CDS.149,0.0,-81.17484691337303
translation_g.27343.CDS.158,-1.8811361559006025e-32,-7.952824645560518e-33
transcription_TU_g.27343.CDS.158,-3.110342152749324e-34,9.463750933525832e-33
translation_g.27343.CDS.170,1.0753004244441352e-05,-6.560626216312458e-32
transcription_TU_g.27343.CDS.170,1.777942668597858e-07,5.622415658797483e-32
translation_g.27343.CDS.179,3.677395656501668e-07,2.5534757126018692e-33
transcription_TU_g.27343.CDS.179,6.08034601157216e-09,1.5073600089338102e-33
translation_679935.3.peg.180,0.0,7.495181537950569e-33
transcription_TU_679935.3.peg.180,0.0,2.43588994887595e-32
translation_679935.3.peg.181,0.0,-2.108099482835865e-32
transcription_TU_679935.3.peg.181,0.0,1.1342321048855919e-32
translation_g.27343.CDS.190,0.0,-8.851045505471056e-33
transcription_TU_g.27343.CDS.190,0.0,-74.58811976302873
translation_g.27343.CDS.193,1.9497372099316663e-08,-1.1812943798850062e-33
transcription_TU_g.27343.CDS.193,3.2237697477729805e-10,-7.629171077226385e-33
translation_g.27343.CDS.194,0.0,1.7720449445212714e-32
transcription_TU_g.27343.CDS.194,0.0,-146.79583863902076
translation_g.27343.CDS.204,0.0,1.168978665542668e-32
transcription_TU_g.27343.CDS.204,0.0,-94.11642385922978
translation_g.27343.CDS.205,3.66760070236327e-10,-3.625833656237974e-32
transcription_TU_g.27343.CDS.205,6.06415066141351e-12,-1.1177974650884604e-32
translation_g.27343.CDS.213,0.0,7.035001320396348e-33
transcription_TU_g.27343.CDS.213,0.0,-170.821295983715
translation_g.27343.CDS.221,1.8061833154948197e-09,1.4065015264770423e-32
transcription_TU_g.27343.CDS.221,2.986412272261334e-11,-1.3631341410783696e-32
translation_g.27343.CDS.230,3.094156042481779e-10,1.2717782273253982e-32
transcription_TU_g.27343.CDS.230,5.115995424322503e-12,1.5693604562672312e-32
translation_g.27343.CDS.238,0.0,-1.1747781995266297e-32
transcription_TU_g.27343.CDS.238,0.0,2.512981705377234e-32
translation_g.27343.CDS.241,5.023537295328341e-07,9.064128792183283e-33
transcription_TU_g.27343.CDS.241,8.306107857507833e-09,-1.1630860749652287e-33
translation_679935.3.peg.242,1.0309724382927447e-06,-1.8278802320489974e-32
transcription_TU_679935.3.peg.242,1.7046490883109225e-08,2.1859197097475618e-32
translation_g.27343.CDS.243,0.0,-6.402872683243375e-33
transcription_TU_g.27343.CDS.243,0.0,-3.08708465523264e-33
translation_g.27343.CDS.251,0.0,9.94088105955412e-33
transcription_TU_g.27343.CDS.251,0.0,-1.312111806472928e-32
translation_g.27343.CDS.259,1.0753120929929888e-05,1.6188976042898757e-33
transcription_TU_g.27343.CDS.259,1.7779619618208642e-07,6.0110989016916146e-33
translation_g.27343.CDS.265,3.677395656501668e-07,-5.049784963608582e-32
transcription_TU_g.27343.CDS.265,6.08034601157216e-09,5.253962400028873e-32
translation_g.27343.CDS.266,0.0,4.984378033707642e-32
transcription_TU_g.27343.CDS.266,0.0,-8.646191015528846e-33
translation_g.27343.CDS.276,9.007923416913963e-09,-3.5383343381904225e-32
transcription_TU_g.27343.CDS.276,1.4894043594070208e-10,-2.0897484600408642e-32
translation_g.27343.CDS.279,0.0,1.1865372886738699e-33
transcription_TU_g.27343.CDS.279,0.0,-100.06760387119832
translation_g.27343.CDS.286,1.8727648477938619e-06,2.8987277331509756e-33
transcription_TU_g.27343.CDS.286,3.0965007131510394e-08,-7.65804283522704e-33
translation_g.27343.CDS.295,0.0,5.7287842200930286e-33
transcription_TU_g.27343.CDS.295,0.0,-41.72066593143824
translation_g.27343.CDS.300,0.0,-2.758811094825416e-32
transcription_TU_g.27343.CDS.300,0.0,1.7822603684885458e-33
translation_679935.3.peg.308,0.0,1.625337911095988e-33
transcription_TU_679935.3.peg.308,0.0,2.604924401171242e-32
translation_g.27343.CDS.309,0.0,-8.535659995903614e-33
transcription_TU_g.27343.CDS.309,0.0,6.455570307077377e-33
translation_g.27343.CDS.316,5.838785112482975e-10,8.581761719941121e-33
transcription_TU_g.27343.CDS.316,9.654069642559458e-12,-6.039322174449832e-33
translation_g.27343.CDS.323,0.0,2.5297732501542756e-32
transcription_TU_g.27343.CDS.323,0.0,-175.122834083008
translation_g.27343.CDS.328,5.393547068826097e-11,2.351548898164522e-32
transcription_TU_g.27343.CDS.328,8.91789610676846e-13,1.8544308968395626e-33
translation_g.27343.CDS.334,0.0,-1.3561141653544298e-32
transcription_TU_g.27343.CDS.334,0.0,-76.00113457895526
translation_g.27343.CDS.338,9.480358595636905e-10,1.9978206742239124e-32
transcription_TU_g.27343.CDS.338,1.56751859086307e-11,1.5701108241166795e-32
translation_g.27343.CDS.339,1.2239230825075993e-07,8.902396722754861e-33
transcription_TU_g.27343.CDS.339,2.0236810309053587e-09,3.4778543436936164e-34
translation_g.27343.CDS.344,8.067377594804095e-09,-1.473442018912683e-31
transcription_TU_g.27343.CDS.344,1.3338909316349608e-10,6.420874185888833e-32
translation_g.27343.CDS.349,0.0,-5.788534988109297e-32
transcription_TU_g.27343.CDS.349,0.0,-6.706622851743198e-32
translation_g.27343.CDS.352,0.0,1.764445817478732e-32
transcription_TU_g.27343.CDS.352,0.0,-105.63179581052373
translation_g.27343.CDS.361,0.0,-9.525555059497185e-33
transcription_TU_g.27343.CDS.361,0.0,-97.7584014274022
translation_g.27343.CDS.362,2.1005928188335728e-11,-6.845146853512876e-33
transcription_TU_g.27343.CDS.362,3.473200156026246e-13,1.2628718520518658e-32
translation_g.27343.CDS.387,0.0,-4.50430281689687e-33
transcription_TU_g.27343.CDS.387,0.0,-58.55393098170623
translation_679935.3.peg.388,0.0,6.382305309101156e-32
transcription_TU_679935.3.peg.388,0.0,-5.703354498483163e-32
translation_679935.3.peg.393,5.523595300977339e-11,6.282964031363981e-32
transcription_TU_679935.3.peg.393,9.132922805969233e-13,1.2791270315708565e-31
translation_g.27343.CDS.395,0.0,1.744584338958951e-32
transcription_TU_g.27343.CDS.395,0.0,4.899221508122246e-32
translation_g.27343.CDS.400,4.665461926914319e-10,2.187988673408538e-32
transcription_TU_g.27343.CDS.400,7.71405240806793e-12,1.459616992973461e-32
translation_g.27343.CDS.407,1.0753120929929888e-05,-1.568636506823159e-33
transcription_TU_g.27343.CDS.407,1.7779619618208642e-07,-9.898105314012102e-34
translation_g.27343.CDS.408,0.0,1.0292986716213954e-32
transcription_TU_g.27343.CDS.408,0.0,-4.6475507942072876e-33
translation_g.27343.CDS.419,0.0,-1.580726761046422e-33
transcription_TU_g.27343.CDS.419,0.0,-27.508126660091133
translation_g.27343.CDS.421,0.0,-5.341231070221322e-32
transcription_TU_g.27343.CDS.421,0.0,6.188698464783872e-32
translation_g.27343.CDS.423,1.091944642791554e-08,-3.337747097983544e-33
transcription_TU_g.27343.CDS.423,1.8054628530157455e-10,3.421390737952552e-32
translation_679935.3.peg.427,0.0,-8.369976078459906e-33
transcription_TU_679935.3.peg.427,0.0,2.5682148944139826e-33
translation_g.27343.CDS.429,0.0,-7.765158516902444e-33
transcription_TU_g.27343.CDS.429,0.0,-104.69366234984125
translation_g.27343.CDS.430,3.677395656501668e-07,-3.591986543286808e-32
transcription_TU_g.27343.CDS.430,6.08034601157216e-09,1.900878270767709e-32
translation_g.27343.CDS.442,0.0,1.4475919653452288e-32
transcription_TU_g.27343.CDS.442,0.0,2.3937143046591744e-32
translation_679935.3.peg.464,0.0,-1.4445029371927052e-33
transcription_TU_679935.3.peg.464,0.0,-1.7433942227566943e-32
translation_g.27343.CDS.480,-5.1099014886189545e-31,-1.298057033822018e-32
transcription_TU_g.27343.CDS.480,-8.448905703393358e-33,2.1859197097475618e-32
translation_g.27343.CDS.481,0.0,1.6794489151129582e-33
transcription_TU_g.27343.CDS.481,0.0,1.356569556511954e-32
translation_g.27343.CDS.489,1.833800351181635e-10,-1.994101138855018e-32
transcription_TU_g.27343.CDS.489,3.032075330706755e-12,2.715465601276174e-32
translation_g.27343.CDS.521,4.003399170251938e-06,1.5874329439907427e-32
transcription_TU_g.27343.CDS.521,6.619372635233225e-08,-4.3079938352045017e-32
translation_g.27343.CDS.524,3.677395656501668e-07,-8.961457780220528e-33
transcription_TU_g.27343.CDS.524,6.08034601157216e-09,-2.392435911787685e-34
translation_g.27343.CDS.525,0.0,1.8279214835425323e-33
transcription_TU_g.27343.CDS.525,0.0,-62.05823416025353
translation_g.27343.CDS.560,0.0,-1.3801790271481514e-32
transcription_TU_g.27343.CDS.560,0.0,-6.104451173139735e-33
translation_g.27343.CDS.563,0.0,-2.1967280275521204e-32
transcription_TU_g.27343.CDS.563,0.0,-7.068365383211669e-32
translation_g.27343.CDS.573,4.4258876581033e-06,-3.039818427560694e-32
transcription_TU_g.27343.CDS.573,7.317931189165378e-08,-4.70021974885225e-32
translation_679935.3.peg.573,1.0994695101985436e-05,-5.187318375751276e-32
transcription_TU_679935.3.peg.573,1.8179047553290865e-07,6.123094055694646e-33
translation_g.27343.CDS.574,0.0,-2.524339896531637e-32
transcription_TU_g.27343.CDS.574,0.0,-102.06774964957904
translation_g.27343.CDS.577,0.0,1.1838564279218286e-33
transcription_TU_g.27343.CDS.577,0.0,-3.0112997007665542e-33
translation_679935.3.peg.577,-2.3295116798238324e-30,-2.794066613733956e-32
transcription_TU_679935.3.peg.577,-3.851703317886152e-32,-4.299333596357957e-32
translation_g.27343.CDS.578,0.0,1.3717129337400373e-32
transcription_TU_g.27343.CDS.578,0.0,-3.968873776332253e-32
translation_g.27343.CDS.582,0.0,-2.0251693800583208e-33
transcription_TU_g.27343.CDS.582,0.0,8.3158270375124e-33
translation_g.27343.CDS.584,0.0,-4.6185429196256296e-32
transcription_TU_g.27343.CDS.584,0.0,-3.280604901198022e-32
translation_g.27343.CDS.585,-1.8811361559006025e-32,-1.0117405562642018e-32
transcription_TU_g.27343.CDS.585,0.0,-103.37581608909464
translation_g.27343.CDS.589,0.0,2.249829166657617e-32
transcription_TU_g.27343.CDS.589,0.0,-84.32242401679501
translation_g.27343.CDS.622,0.0,4.4865760882265956e-33
transcription_TU_g.27343.CDS.622,0.0,6.472256928770692e-33
translation_g.27343.CDS.632,3.677395656501668e-07,-3.843313824057083e-33
transcription_TU_g.27343.CDS.632,6.08034601157216e-09,1.2367909400342954e-33
translation_g.27343.CDS.635,5.350698150758218e-07,4.003575577849551e-33
transcription_TU_g.27343.CDS.635,8.847048073972863e-09,-6.806197452311314e-33
translation_g.27343.CDS.636,0.0,-2.8419660610112915e-32
transcription_TU_g.27343.CDS.636,0.0,-4.020018658543208e-32
translation_679935.3.peg.671,0.0,6.951886103630274e-33
transcription_TU_679935.3.peg.671,0.0,-2.3614690760079086e-32
translation_g.27343.CDS.672,0.0,-7.609634802343146e-33
transcription_TU_g.27343.CDS.672,-2.7062417266482574e-48,-4.988081770263636e-33
translation_g.27343.CDS.689,3.677395656501668e-07,-8.615391275584035e-33
transcription_TU_g.27343.CDS.689,6.08034601157216e-09,1.0176284965577147e-32
translation_g.27343.CDS.693,7.988861811357931e-09,-2.6435880771131235e-32
transcription_TU_g.27343.CDS.693,1.320908833016383e-10,2.022848655479341e-33
translation_g.27343.CDS.710,0.0,3.445311233727903e-32
transcription_TU_g.27343.CDS.710,0.0,-99.36133205755216
translation_g.27343.CDS.714,2.3327309634571594e-10,-3.2963401898167123e-34
transcription_TU_g.27343.CDS.714,3.857026204033965e-12,4.082008795656068e-33
translation_g.27343.CDS.724,6.814811599017538e-08,6.029763908448421e-32
transcription_TU_g.27343.CDS.724,1.1267869001923148e-09,4.2324079715422073e-32
translation_g.27343.CDS.733,6.400433906565067e-08,-3.6333194744665214e-32
transcription_TU_g.27343.CDS.733,1.058272114595795e-09,-8.370573265965654e-32
translation_g.27343.CDS.734,0.0,-9.002311193729644e-33
transcription_TU_g.27343.CDS.734,0.0,-138.33302964242415
translation_g.27343.CDS.739,1.5500205509626735e-07,-7.879472015216724e-35
transcription_TU_g.27343.CDS.739,2.562863002853089e-09,1.2295644997668921e-32
translation_g.27343.CDS.744,7.167291132474577e-07,2.2939708732791124e-32
transcription_TU_g.27343.CDS.744,1.1850672084758995e-08,-2.5714338962111705e-34
translation_g.27343.CDS.745,2.1005928188335702e-11,-2.937600215286166e-32
transcription_TU_g.27343.CDS.745,3.4732001560262416e-13,-2.1889611953409404e-32
translation_g.27343.CDS.752,1.0502964094167851e-11,-2.3411451930793478e-32
transcription_TU_g.27343.CDS.752,1.7366000780131208e-13,1.83803090940507e-32
translation_g.27343.CDS.758,1.7153075639301368e-08,7.018334446175178e-33
transcription_TU_g.27343.CDS.758,2.836154844127916e-10,3.0310853834116923e-32
translation_g.27343.CDS.780,1.833800351181635e-10,2.6919416385833643e-34
transcription_TU_g.27343.CDS.780,3.032075330706755e-12,5.477507881915252e-32
translation_679935.3.peg.787,9.201880914409355e-08,1.511433176997021e-32
transcription_TU_679935.3.peg.787,1.5214740306219078e-09,1.4772895904275888e-32
translation_g.27343.CDS.793,1.17382461273409e-09,-3.0059801031085753e-32
transcription_TU_g.27343.CDS.793,1.9408463132609136e-11,-1.2734200237073687e-33
translation_g.27343.CDS.794,3.677395656501668e-07,-3.849159264716326e-34
transcription_TU_g.27343.CDS.794,6.08034601157216e-09,-3.0145929803443125e-32
translation_g.27343.CDS.812,0.0,-1.4042145108553086e-32
transcription_TU_g.27343.CDS.812,0.0,2.604924401171242e-32
translation_g.27343.CDS.823,0.0,1.828637220553291e-32
transcription_TU_g.27343.CDS.823,0.0,1.4772895904275888e-32
translation_g.27343.CDS.825,3.677395656501668e-07,1.008522008381613e-32
transcription_TU_g.27343.CDS.825,6.08034601157216e-09,1.299711543803303e-33
translation_679935.3.peg.830,0.0,1.5753169219763805e-32
transcription_TU_679935.3.peg.830,0.0,2.3937143046591744e-32
translation_679935.3.peg.836,1.5780355487704128e-39,9.94937847981599e-33
transcription_TU_679935.3.peg.836,2.8245482483843286e-41,7.1106144507236e-33
translation_g.27343.CDS.843,-1.8811361559006025e-32,-5.17538472398745e-33
transcription_TU_g.27343.CDS.843,0.0,-80.01059795701929
translation_g.27343.CDS.850,1.3967202694126014e-07,1.6724117691124653e-32
transcription_TU_g.27343.CDS.850,2.3093904797516176e-09,6.822974284171407e-32
translation_g.27343.CDS.852,-4.098350019465561e-42,-9.098010716459924e-33
transcription_TU_g.27343.CDS.852,1.3623893097882072e-43,-4.600738568327692e-32
translation_679935.3.peg.865,0.0,-9.368665660887324e-33
transcription_TU_679935.3.peg.865,0.0,3.0011653692459233e-32
translation_g.27343.CDS.871,0.0,-1.078748407203036e-33
transcription_TU_g.27343.CDS.871,0.0,-49.131407947676806
translation_679935.3.peg.874,1.0884329306352207e-09,-4.869601110707879e-32
transcription_TU_679935.3.peg.874,1.799656454412484e-11,-6.039322174449832e-33
translation_g.27343.CDS.881,0.0,2.9877366732055143e-32
transcription_TU_g.27343.CDS.881,0.0,5.146174691922608e-32
translation_g.27343.CDS.893,0.0,-2.1749304808458936e-33
transcription_TU_g.27343.CDS.893,0.0,-68.58681472172894
translation_g.27343.CDS.894,4.033688797402042e-09,-9.370799992370188e-33
transcription_TU_g.27343.CDS.894,6.669454658174795e-11,2.4231182232823836e-32
translation_g.27343.CDS.912,3.677395656501668e-07,1.5655165822015092e-32
transcription_TU_g.27343.CDS.912,6.08034601157216e-09,3.630193604971077e-32
translation_g.27343.CDS.913,4.777072875112499e-10,-1.607370138025395e-33
transcription_TU_g.27343.CDS.913,7.898594199899539e-12,1.0834996672762428e-32
translation_g.27343.CDS.919,1.2239230825075993e-07,1.4796129800619193e-32
transcription_TU_g.27343.CDS.919,2.0236810309053587e-09,-2.395054283434852e-32
translation_g.27343.CDS.929,1.0753120929929888e-05,-7.743931908880878e-34
transcription_TU_g.27343.CDS.929,1.7779619618208642e-07,-1.4596398368294145e-32
translation_g.27343.CDS.950,1.0753120929929888e-05,-5.772737838845004e-33
transcription_TU_g.27343.CDS.950,1.7779619618208642e-07,-3.403741975518663e-33
translation_g.27343.CDS.954,1.1971444089646057e-07,-2.1374787218649198e-32
transcription_TU_g.27343.CDS.954,1.979404152352881e-09,-5.133508042099177e-32
translation_g.27343.CDS.958,0.0,7.18724273728199e-33
transcription_TU_g.27343.CDS.958,0.0,-3.642908961896604e-33
translation_g.27343.CDS.962,0.0,-1.019206047126704e-32
transcription_TU_g.27343.CDS.962,0.0,1.696129748158583e-32
translation_g.27343.CDS.969,-1.8811361559006025e-32,3.9674653799033686e-33
transcription_TU_g.27343.CDS.969,0.0,-86.23040713032307
translation_g.27343.CDS.977,1.0753120929929888e-05,-4.6870705347132926e-35
transcription_TU_g.27343.CDS.977,1.7779619618208642e-07,8.321579842075328e-33
translation_g.27343.CDS.978,0.0,1.242175830482626e-32
transcription_TU_g.27343.CDS.978,0.0,5.084130827629193e-32
translation_g.27343.CDS.980,1.0753120929929888e-05,-2.3973834547504043e-33
transcription_TU_g.27343.CDS.980,1.7779619618208642e-07,-8.191332705151862e-33
translation_g.27343.CDS.984,0.0,4.3085350255499914e-33
transcription_TU_g.27343.CDS.984,0.0,1.2019539859403919e-32
translation_g.27343.CDS.985,0.0,2.584702591203012e-32
transcription_TU_g.27343.CDS.985,0.0,-2.2978540057554813e-32
translation_g.27343.CDS.986,1.1088890688463785e-07,-1.1706606149264213e-31
transcription_TU_g.27343.CDS.986,1.8334794122887943e-09,5.253588919548615e-32
translation_g.27343.CDS.991,1.0753237615418425e-05,-4.072743310977323e-32
transcription_TU_g.27343.CDS.991,1.7779812550438704e-07,-6.576181872933985e-34
translation_g.27343.CDS.992,1.183713523701038e-06,-7.376799768518628e-33
transcription_TU_g.27343.CDS.992,1.957197015217709e-08,8.515309559404214e-33
translation_g.27343.CDS.994,0.0,-6.913212572810458e-33
transcription_TU_g.27343.CDS.994,0.0,2.8191603704040674e-32
translation_679935.3.peg.995,6.453166781336441e-06,7.728071049218627e-33
transcription_TU_679935.3.peg.995,1.0669911689142492e-07,5.539438876227238e-32
translation_g.27343.CDS.1007,0.0,-1.0648218834057286e-32
transcription_TU_g.27343.CDS.1007,0.0,2.7784007750983666e-33
translation_g.27343.CDS.1011,0.0,-3.147575037615616e-33
transcription_TU_g.27343.CDS.1011,0.0,-1.2165923094155033e-33
translation_g.27343.CDS.1014,1.0753120929929888e-05,6.239723072582069e-34
transcription_TU_g.27343.CDS.1014,1.7779619618208642e-07,-8.64986597489973e-33
translation_g.27343.CDS.1018,0.0,-2.3871414264485417e-32
transcription_TU_g.27343.CDS.1018,0.0,-2.8346036897969524e-32
translation_g.27343.CDS.1022,0.0,-1.973880070316812e-31
transcription_TU_g.27343.CDS.1022,0.0,2.5956165089496343e-32
translation_g.27343.CDS.1025,1.0502964094167851e-11,-2.870533877860451e-32
transcription_TU_g.27343.CDS.1025,1.7366000780131208e-13,-9.263914796060469e-32
translation_g.27343.CDS.1027,-9.48144542833956e-29,8.913227214125342e-34
transcription_TU_g.27343.CDS.1027,-1.5676982919207502e-30,9.53982579684798e-33
translation_679935.3.peg.1042,0.0,4.6363841380880704e-33
transcription_TU_679935.3.peg.1042,0.0,-124.42701171278671
translation_g.27343.CDS.1043,0.0,8.81970186616236e-33
transcription_TU_g.27343.CDS.1043,0.0,-85.05696518577686
translation_g.27343.CDS.1044,0.0,1.6637393751002157e-33
transcription_TU_g.27343.CDS.1044,0.0,-37.11914432562988
translation_g.27343.CDS.1046,6.19825820423775e-08,8.433273726832842e-33
transcription_TU_g.27343.CDS.1046,1.0248436140995457e-09,3.967942418918219e-32
translation_679935.3.peg.1052,1.9775040152874105e-06,-6.789445834962959e-33
transcription_TU_679935.3.peg.1052,3.269680441092151e-08,9.53982579684798e-33
translation_g.27343.CDS.1058,0.0,-4.225455174003561e-33
transcription_TU_g.27343.CDS.1058,0.0,-4.4252817576431995e-32
translation_g.27343.CDS.1059,-1.8811361559006025e-32,-2.9834945285713544e-32
transcription_TU_g.27343.CDS.1059,0.0,-172.40287610940788
translation_g.27343.CDS.1073,1.599453643543164e-07,-1.9678573513538694e-32
transcription_TU_g.27343.CDS.1073,2.6445975605094163e-09,-2.9966756550648624e-33
translation_679935.3.peg.1076,0.0,-2.28839566324063e-32
transcription_TU_679935.3.peg.1076,0.0,-82.08236224223184
translation_g.27343.CDS.1077,1.0753120929929888e-05,3.9861043610502534e-33
transcription_TU_g.27343.CDS.1077,1.7779619618208642e-07,8.285576641881869e-33
translation_g.27343.CDS.1085,5.776991749375543e-09,-3.3991470820560557e-32
transcription_TU_g.27343.CDS.1085,9.551898142941891e-11,-9.697287879277744e-33
translation_679935.3.peg.1089,0.0,-5.562490417511797e-34
transcription_TU_679935.3.peg.1089,0.0,-26.071434769257568
translation_g.27343.CDS.1092,0.0,-5.251688914592849e-33
transcription_TU_g.27343.CDS.1092,0.0,-7.247087116123528e-33
translation_679935.3.peg.1092,1.2038259109505898e-08,1.5565638542141677e-33
transcription_TU_679935.3.peg.1092,1.9904516021642612e-10,7.810887150566554e-33
translation_g.27343.CDS.1093,0.0,-1.6372387555957911e-34
transcription_TU_g.27343.CDS.1093,0.0,-116.71712705539628
translation_g.27343.CDS.1094,1.0702846224764925e-06,-4.112715445885731e-33
transcription_TU_g.27343.CDS.1094,1.7696493506257024e-08,2.2674310603150913e-32
translation_g.27343.CDS.1098,0.0,4.2466964362182475e-33
transcription_TU_g.27343.CDS.1098,0.0,3.672560197936223e-32
translation_679935.3.peg.1101,1.9948311509895675e-06,-3.2937885090114475e-32
transcription_TU_679935.3.peg.1101,3.298329787069463e-08,9.108726237717715e-33
translation_g.27343.CDS.1103,1.0753120929929888e-05,5.1383486426153695e-34
transcription_TU_g.27343.CDS.1103,1.7779619618208642e-07,-3.858353212749559e-33
translation_679935.3.peg.1106,1.3913967530831413e-06,-3.127702996749771e-32
transcription_TU_679935.3.peg.1106,2.3005883751360473e-08,-7.944735028220965e-33
translation_679935.3.peg.1108,1.9028562829679633e-06,1.3056753468661713e-32
transcription_TU_679935.3.peg.1108,3.146255037932449e-08,3.761759791871392e-32
translation_g.27343.CDS.1113,0.0,7.995489207836753e-33
transcription_TU_g.27343.CDS.1113,0.0,-70.94487946515258
translation_679935.3.peg.1114,1.6047136800025881e-07,7.198610150212049e-33
transcription_TU_679935.3.peg.1114,2.6532947050905926e-09,-3.512567684442657e-32
translation_679935.3.peg.1116,9.674687725734285e-07,-8.300759693203929e-33
transcription_TU_679935.3.peg.1116,1.5996497092275256e-08,-4.45481599977797e-32
translation_679935.3.peg.1117,0.0,-8.645478166403004e-33
transcription_TU_679935.3.peg.1117,0.0,-3.642908961896604e-33
translation_g.27343.CDS.1118,0.0,1.8192126288233053e-32
transcription_TU_g.27343.CDS.1118,0.0,-1.0759716602648384e-32
translation_g.27343.CDS.1123,0.0,3.2339227197502033e-32
transcription_TU_g.27343.CDS.1123,0.0,-69.43047398163445
translation_g.27343.CDS.1142,1.1774621431512906e-06,-3.103869510083378e-32
transcription_TU_g.27343.CDS.1142,1.9468607445677798e-08,-3.408834935573507e-32
translation_g.27343.CDS.1144,8.624883900509054e-09,1.563326758550605e-33
transcription_TU_g.27343.CDS.1144,1.4260711471721772e-10,9.422150290875803e-33
translation_g.27343.CDS.1150,0.0,-9.460939892907737e-35
transcription_TU_g.27343.CDS.1150,0.0,3.68717600413355e-32
translation_g.27343.CDS.1153,9.98808173028877e-07,5.6447966604045236e-33
transcription_TU_g.27343.CDS.1153,1.651467467326915e-08,3.929915309976573e-32
translation_g.27343.CDS.1154,1.0753120929929888e-05,-3.6034943485889515e-33
transcription_TU_g.27343.CDS.1154,1.7779619618208642e-07,7.714265778736977e-34
translation_g.27343.CDS.1155,-2.9375738881546743e-29,6.258359646391675e-33
transcription_TU_g.27343.CDS.1155,-4.857096527800323e-31,-1.7219081296788976e-32
translation_g.27343.CDS.1157,0.0,-2.66126346323682e-32
transcription_TU_g.27343.CDS.1157,0.0,2.8153512439873993e-32
translation_679935.3.peg.1160,1.2982449766058897e-07,-1.7906874606318087e-32
transcription_TU_679935.3.peg.1160,2.146567680742468e-09,-2.171617875411344e-32
translation_g.27343.CDS.1167,1.0753237615418425e-05,-1.0553506076907e-32
transcription_TU_g.27343.CDS.1167,1.7779812550438704e-07,1.0193266603131084e-32
translation_679935.3.peg.1167,4.4587200796482774e-08,-6.907494349502037e-32
transcription_TU_679935.3.peg.1167,7.372217565187578e-10,-3.652915146543469e-32
translation_679935.3.peg.1168,1.270588172337564e-06,-8.198145544591111e-33
transcription_TU_679935.3.peg.1168,2.1008388674100133e-08,1.6619060977993335e-32
translation_g.27343.CDS.1178,4.033688797402042e-09,-3.0696242988663936e-32
transcription_TU_g.27343.CDS.1178,6.669454658174795e-11,1.997956296240983e-33
translation_g.27343.CDS.1180,4.147809475892181e-31,1.1148734508108225e-33
transcription_TU_g.27343.CDS.1180,0.0,-52.38700259618386
translation_679935.3.peg.1183,2.579898095048589e-07,-3.000432463242318e-33
transcription_TU_679935.3.peg.1183,4.265701751389498e-09,2.912107152024085e-32
translation_g.27343.CDS.1188,5.999604873131814e-09,-8.950772740110381e-33
transcription_TU_g.27343.CDS.1188,9.919975158740271e-11,-1.2340014979222755e-32
translation_g.27343.CDS.1200,6.983686432053597e-09,-3.293211077471666e-32
transcription_TU_g.27343.CDS.1200,1.1547093081521518e-10,-3.0463141816795845e-32
translation_g.27343.CDS.1208,0.0,-5.8104621272554226e-34
transcription_TU_g.27343.CDS.1208,0.0,3.6156699709802604e-32
translation_g.27343.CDS.1209,4.147809475892181e-31,2.270074674698915e-33
transcription_TU_g.27343.CDS.1209,0.0,-68.83154995816031
translation_679935.3.peg.1209,0.0,-4.9578798664566464e-33
transcription_TU_679935.3.peg.1209,0.0,-75.2523859100546
translation_g.27343.CDS.1215,1.0753120929929888e-05,4.34540422076422e-34
transcription_TU_g.27343.CDS.1215,1.7779619618208642e-07,3.8920953741362414e-33
translation_g.27343.CDS.1216,3.6412070670050463e-13,-1.9772739246047295e-32
transcription_TU_g.27343.CDS.1216,6.020510419657763e-15,-1.7058615079121923e-32
translation_g.27343.CDS.1230,4.667419541456627e-10,-8.588964076313487e-32
transcription_TU_g.27343.CDS.1230,7.71728920249702e-12,1.3297198156844223e-32
translation_g.27343.CDS.1232,8.964568928351232e-10,-8.524054836351687e-32
transcription_TU_g.27343.CDS.1232,1.482235963176659e-11,7.047043505866386e-32
translation_g.27343.CDS.1236,0.0,-2.2650497970245824e-33
transcription_TU_g.27343.CDS.1236,0.0,1.4445835198303132e-32
translation_g.27343.CDS.1237,1.1559594833237473e-06,-3.734676586863226e-33
transcription_TU_g.27343.CDS.1237,1.9113074279999963e-08,1.6708428871024404e-32
translation_g.27343.CDS.1243,0.0,1.7192604939947852e-32
transcription_TU_g.27343.CDS.1243,0.0,-3.692308592829083e-32
translation_g.27343.CDS.1251,1.0502964094167851e-11,-1.3680641976275587e-33
transcription_TU_g.27343.CDS.1251,1.7366000780131208e-13,-2.857303912872398e-33
translation_g.27343.CDS.1252,1.0753120929929888e-05,3.601925230682451e-33
transcription_TU_g.27343.CDS.1252,1.7779619618208642e-07,-8.625724255375263e-33
translation_679935.3.peg.1264,0.0,-2.8934573878016894e-32
transcription_TU_679935.3.peg.1264,0.0,-97.81307617771215
translation_g.27343.CDS.1266,9.951716693475834e-07,-7.489838728181076e-33
transcription_TU_g.27343.CDS.1266,1.6454547336642947e-08,2.8960695344818396e-32
translation_g.27343.CDS.1276,6.471305547418531e-10,1.7091802160685427e-32
transcription_TU_g.27343.CDS.1276,1.0699903015696403e-11,-1.2780826308626633e-32
translation_g.27343.CDS.1278,1.6107513393680596e-07,-7.914380764748385e-33
transcription_TU_g.27343.CDS.1278,2.6632776009960603e-09,-1.5319653876060315e-32
translation_g.27343.CDS.1281,3.12905379461994e-10,-6.7354035300935e-33
transcription_TU_g.27343.CDS.1281,5.1736966965940755e-12,-1.2909999407344597e-33
translation_g.27343.CDS.1282,0.0,1.2085202232242256e-32
transcription_TU_g.27343.CDS.1282,0.0,-4.562450830132895e-32
translation_g.27343.CDS.1286,0.0,-8.395241809192947e-33
transcription_TU_g.27343.CDS.1286,0.0,-156.6959070904322
translation_g.27343.CDS.1288,0.0018038941602474179,-1.5077653348501384e-32
transcription_TU_g.27343.CDS.1288,2.9826272958055642e-05,-3.566855093221977e-33
translation_g.27343.CDS.1290,1.3979141477994762e-07,-1.2518034519147672e-32
transcription_TU_g.27343.CDS.1290,2.3113644837386792e-09,-2.69945576288502e-32
translation_g.27343.CDS.1293,0.0,1.815687925194904e-32
transcription_TU_g.27343.CDS.1293,0.0,-74.79397386666969
translation_g.27343.CDS.1298,1.0753120929929888e-05,1.6637288617589056e-33
transcription_TU_g.27343.CDS.1298,1.7779619618208642e-07,-4.930393600317202e-33
translation_g.27343.CDS.1301,7.655485490924954e-08,-1.2320047791312387e-32
transcription_TU_g.27343.CDS.1301,1.2657871227181335e-09,5.010799100628261e-32
translation_g.27343.CDS.1306,0.0,-1.881816536612577e-32
transcription_TU_g.27343.CDS.1306,0.0,-5.903281219370395e-33
translation_g.27343.CDS.1309,4.147809475892181e-31,-4.142677519415479e-33
transcription_TU_g.27343.CDS.1309,0.0,-49.92702558989267
translation_g.27343.CDS.1311,4.147809475892181e-31,-7.479519368276938e-33
transcription_TU_g.27343.CDS.1311,0.0,-42.41972340315178
translation_g.27343.CDS.1315,-4.4969646245598235e-31,3.4169898412239494e-33
transcription_TU_g.27343.CDS.1315,-7.43545255207461e-33,2.3494970339153274e-33
translation_g.27343.CDS.1317,5.976379285567488e-10,1.81559018491844e-32
transcription_TU_g.27343.CDS.1317,9.881573087844393e-12,5.539438876227238e-32
translation_g.27343.CDS.1322,1.0753120929929888e-05,5.506429896829999e-33
transcription_TU_g.27343.CDS.1322,1.7779619618208642e-07,5.521864189447752e-33
translation_g.27343.CDS.1330,0.0,-3.0506944107432853e-32
transcription_TU_g.27343.CDS.1330,0.0,-157.55740822219263
translation_g.27343.CDS.1331,0.0,3.658689719886294e-32
transcription_TU_g.27343.CDS.1331,0.0,-114.15779056234457
translation_g.27343.CDS.1347,0.0,-7.782539501448956e-33
transcription_TU_g.27343.CDS.1347,0.0,-2.7734968185825386e-32
translation_679935.3.peg.1353,0.0,2.2245320627688235e-33
transcription_TU_679935.3.peg.1353,0.0,-37.11914432562988
translation_g.27343.CDS.1356,0.0,5.699399358399395e-33
transcription_TU_g.27343.CDS.1356,0.0,-5.055183092748367e-33
translation_g.27343.CDS.1357,2.162858400719459e-07,-1.4826186686118617e-32
transcription_TU_g.27343.CDS.1357,3.5761524401539296e-09,1.900243989006351e-32
translation_g.27343.CDS.1358,1.0753120929929888e-05,-8.515421380827324e-33
transcription_TU_g.27343.CDS.1358,1.7779619618208642e-07,1.7241818391670564e-32
translation_g.27343.CDS.1362,1.0502964094167851e-11,-1.0643521770786391e-32
transcription_TU_g.27343.CDS.1362,1.7366000780131208e-13,-5.148881863810861e-33
translation_g.27343.CDS.1372,0.0,2.151331276412922e-32
transcription_TU_g.27343.CDS.1372,0.0,-4.883486654420137e-32
translation_g.27343.CDS.1374,1.833800351181635e-10,1.9700954356269104e-32
transcription_TU_g.27343.CDS.1374,3.032075330706755e-12,-1.5392070139633746e-32
translation_g.27343.CDS.1376,4.0268046494540136e-07,1.6462752312159094e-32
transcription_TU_g.27343.CDS.1376,6.658072145813128e-09,3.761759791871392e-32
translation_g.27343.CDS.1384,0.0,2.4068410447555223e-32
transcription_TU_g.27343.CDS.1384,0.0,-1.090435005117766e-32
translation_g.27343.CDS.1388,7.528875449427726e-08,-2.587903661943249e-32
transcription_TU_g.27343.CDS.1388,1.244852936333223e-09,2.724914821067254e-32
translation_g.27343.CDS.1396,0.0,8.367426316246498e-34
transcription_TU_g.27343.CDS.1396,0.0,-2.5242319277986376e-32
translation_g.27343.CDS.1400,6.681593332329209e-10,6.980652458543121e-33
transcription_TU_g.27343.CDS.1400,1.1047600846905664e-11,-1.8387548222868298e-32
translation_679935.3.peg.1401,0.0,3.506366530025665e-32
transcription_TU_679935.3.peg.1401,0.0,5.643348635752875e-32
translation_g.27343.CDS.1402,1.0753120929929888e-05,-3.5511021238615225e-33
transcription_TU_g.27343.CDS.1402,1.7779619618208642e-07,-6.97950346011751e-33
translation_679935.3.peg.1402,0.0,1.4608140466518596e-32
transcription_TU_679935.3.peg.1402,0.0,-8.780729104915999e-32
translation_679935.3.peg.1403,0.0,-2.723724821226875e-34
transcription_TU_679935.3.peg.1403,0.0,-1.7417196340875378e-32
translation_679935.3.peg.1404,0.0,-3.30472124766624e-33
transcription_TU_679935.3.peg.1404,0.0,-116.55415240671948
translation_g.27343.CDS.1405,0.0,-1.7755850105922612e-32
transcription_TU_g.27343.CDS.1405,0.0,-152.04960027246227
translation_679935.3.peg.1405,0.0,1.1640035836420352e-32
transcription_TU_679935.3.peg.1405,0.0,-9.496235761411828e-33
translation_g.27343.CDS.1406,0.0,-6.041802410590406e-33
transcription_TU_g.27343.CDS.1406,0.0,-2.679702348562811e-32
translation_679935.3.peg.1406,0.0,-2.210840377499521e-32
transcription_TU_679935.3.peg.1406,0.0,-3.6252327743506356e-32
translation_g.27343.CDS.1407,1.0753004244441352e-05,-2.520021973653718e-32
transcription_TU_g.27343.CDS.1407,1.777942668597858e-07,8.11170420246404e-33
translation_679935.3.peg.1407,0.0,-9.940254830944e-34
transcription_TU_679935.3.peg.1407,0.0,3.201554791721912e-32
translation_679935.3.peg.1409,5.750001528383541e-07,-2.6921431092428854e-32
transcription_TU_679935.3.peg.1409,9.507271483781616e-09,1.3349301808324196e-32
translation_679935.3.peg.1410,0.0,-6.305542891537984e-33
transcription_TU_679935.3.peg.1410,0.0,2.6767433345961507e-32
translation_679935.3.peg.1411,2.232130389244183e-06,1.1206412410147704e-32
transcription_TU_679935.3.peg.1411,3.690689383818204e-08,1.4162639895905297e-32
translation_679935.3.peg.1412,1.0075045034072446e-06,-2.684597619437276e-34
transcription_TU_679935.3.peg.1412,1.6658463111257686e-08,-1.2780826308626633e-32
translation_679935.3.peg.1413,0.0,8.354853040482423e-33
transcription_TU_679935.3.peg.1413,0.0,-1.5584069108917756e-33
translation_g.27343.CDS.1417,0.0,7.212960316769103e-33
transcription_TU_g.27343.CDS.1417,0.0,-2.0201440199553728e-32
translation_g.27343.CDS.1418,0.0,-1.402336929458013e-32
transcription_TU_g.27343.CDS.1418,0.0,-72.02658621654633
translation_679935.3.peg.1418,0.0,-3.719643397034035e-33
transcription_TU_679935.3.peg.1418,0.0,-2.1817873304846833e-32
translation_g.27343.CDS.1420,4.488732401114033e-08,1.4820810979449933e-32
transcription_TU_g.27343.CDS.1420,7.421841080351005e-10,1.6812238943735572e-32
translation_g.27343.CDS.1421,0.0,-2.213033414079398e-33
transcription_TU_g.27343.CDS.1421,0.0,-1.3209547180586482e-32
translation_g.27343.CDS.1424,0.0,2.4711450280054963e-32
transcription_TU_g.27343.CDS.1424,0.0,-148.50373015583526
translation_679935.3.peg.1428,6.6101157968694985e-06,-1.5935065122226654e-32
transcription_TU_679935.3.peg.1428,1.0929417167953124e-07,3.38770097447885e-32
translation_g.27343.CDS.1429,0.0,-1.2022403139415556e-32
transcription_TU_g.27343.CDS.1429,0.0,-7.686048229844376e-33
translation_g.27343.CDS.1431,1.0753237615418425e-05,7.22028053942823e-33
transcription_TU_g.27343.CDS.1431,1.7779812550438704e-07,4.537238434442241e-33
translation_g.27343.CDS.1432,3.125151503313639e-09,-2.741644025070909e-34
transcription_TU_g.27343.CDS.1432,5.1672444995512284e-11,-3.686586145981554e-33
translation_679935.3.peg.1442,7.259542179806787e-07,2.31053727024583e-32
transcription_TU_679935.3.peg.1442,1.2003203479284915e-08,6.913124053702687e-34
translation_679935.3.peg.1445,8.352012915278784e-10,-1.219538854649357e-32
transcription_TU_679935.3.peg.1445,1.3809536193971812e-11,2.590372288561742e-33
translation_g.27343.CDS.1446,1.0753004244441352e-05,-3.1099104550944636e-33
transcription_TU_g.27343.CDS.1446,1.777942668597858e-07,4.3350962415538417e-33
translation_g.27343.CDS.1450,0.0,-1.6501423562117624e-32
transcription_TU_g.27343.CDS.1450,0.0,-89.85220111767812
translation_g.27343.CDS.1452,0.0,8.528350362522361e-33
transcription_TU_g.27343.CDS.1452,8.389434853748598e-65,2.5032973845713414e-32
translation_g.27343.CDS.1456,0.0,1.854738830467719e-32
transcription_TU_g.27343.CDS.1456,0.0,-104.46091246813639
translation_679935.3.peg.1456,0.0,8.610214060231197e-33
transcription_TU_679935.3.peg.1456,0.0,-45.26821933851796
translation_g.27343.CDS.1464,1.0753120929929888e-05,4.9081223696409715e-33
transcription_TU_g.27343.CDS.1464,1.7779619618208642e-07,7.976714946839827e-33
translation_g.27343.CDS.1468,1.0753120929929888e-05,1.344831883091918e-32
transcription_TU_g.27343.CDS.1468,1.7779619618208642e-07,9.172981456812061e-33
translation_679935.3.peg.1472,1.8534470911169845e-07,-7.940491316103256e-34
transcription_TU_679935.3.peg.1472,3.0645599986524227e-09,-3.828175013251567e-32
translation_g.27343.CDS.1473,0.0,-1.8377360993888385e-32
transcription_TU_g.27343.CDS.1473,0.0,-168.00238722161657
translation_g.27343.CDS.1486,0.0,-5.094870778952831e-33
transcription_TU_g.27343.CDS.1486,0.0,-69.0292851902828
translation_g.27343.CDS.1489,0.0,-5.576256337965341e-32
transcription_TU_g.27343.CDS.1489,0.0,-9.496235761411828e-33
translation_g.27343.CDS.1493,0.0,-4.5874904047992795e-32
transcription_TU_g.27343.CDS.1493,0.0,-2.8025254791506646e-32
translation_g.27343.CDS.1494,0.0,-1.78445424040549e-32
transcription_TU_g.27343.CDS.1494,0.0,1.3635823902872113e-32
translation_g.27343.CDS.1508,0.0,-3.178808798021231e-32
transcription_TU_g.27343.CDS.1508,-6.908245980074576e-44,2.7033945453387185e-33
translation_g.27343.CDS.1517,9.326196841463125e-08,1.9229208293647265e-32
transcription_TU_g.27343.CDS.1517,1.542028899388881e-09,2.2161370303808735e-32
translation_g.27343.CDS.1520,0.0,6.759487499464087e-32
transcription_TU_g.27343.CDS.1520,0.0,2.568905776516238e-33
translation_g.27343.CDS.1530,1.0753004244441352e-05,-7.046696879059246e-35
transcription_TU_g.27343.CDS.1530,1.777942668597858e-07,4.4224784924568025e-33
translation_g.27343.CDS.1537,0.0,-3.19631694510802e-32
transcription_TU_g.27343.CDS.1537,0.0,-82.08236224223184
translation_g.27343.CDS.1538,4.033688797402042e-09,6.082800488607241e-33
transcription_TU_g.27343.CDS.1538,6.669454658174795e-11,-5.841389631835587e-33
translation_g.27343.CDS.1540,7.075816640373182e-07,4.8415329661443216e-33
transcription_TU_g.27343.CDS.1540,1.1699424676222484e-08,-2.7610374024062237e-33
translation_g.27343.CDS.1544,0.0,-4.9578798664566464e-33
transcription_TU_g.27343.CDS.1544,0.0,-75.2523859100546
translation_g.27343.CDS.1550,0.0,-2.2723815723548127e-32
transcription_TU_g.27343.CDS.1550,0.0,-5.445846066237654e-32
translation_g.27343.CDS.1553,0.0,-8.190638022664875e-33
transcription_TU_g.27343.CDS.1553,0.0,2.1236456598960406e-32
translation_g.27343.CDS.1558,1.974506513865388e-06,-3.813287928415291e-33
transcription_TU_g.27343.CDS.1558,3.264724258097848e-08,-2.3037042826777747e-33
translation_g.27343.CDS.1561,9.099691840334188e-31,-4.634008366573416e-33
transcription_TU_g.27343.CDS.1561,1.504577699984201e-32,1.6878249133346402e-32
translation_g.27343.CDS.1562,1.0301176162710057e-63,6.207989496448776e-33
transcription_TU_g.27343.CDS.1562,0.0,-1.3431272332927936e-33
translation_g.27343.CDS.1564,-3.5518453145630923e-63,8.209585355769915e-33
transcription_TU_g.27343.CDS.1564,0.0,-138.90916992330258
translation_g.27343.CDS.1565,3.887938101560199e-64,3.4101674789443254e-33
transcription_TU_g.27343.CDS.1565,0.0,-39.123100923808146
translation_g.27343.CDS.1571,0.0,-1.1008488947926393e-32
transcription_TU_g.27343.CDS.1571,0.0,-3.47409422030462e-32
translation_g.27343.CDS.1576,1.0753004244441352e-05,-4.09631155408639e-32
transcription_TU_g.27343.CDS.1576,1.777942668597858e-07,-1.167805288659363e-31
translation_g.27343.CDS.1581,0.0,-2.36537907019192e-33
transcription_TU_g.27343.CDS.1581,0.0,-165.45101783127478
translation_g.27343.CDS.1587,-2.155695090562357e-62,6.180963156141381e-34
transcription_TU_g.27343.CDS.1587,0.0,-45.26821933851796
translation_g.27343.CDS.1590,0.0,-1.09189377953231e-32
transcription_TU_g.27343.CDS.1590,0.0,-54.20829999265433
translation_g.27343.CDS.1600,0.0,1.0571866817156686e-32
transcription_TU_g.27343.CDS.1600,0.0,-44.93859807660088
translation_g.27343.CDS.1609,0.0,-3.893385580023122e-33
transcription_TU_g.27343.CDS.1609,0.0,-1.3987846156181955e-32
translation_g.27343.CDS.1616,1.0753120929929888e-05,-1.279293462221267e-33
transcription_TU_g.27343.CDS.1616,1.7779619618208642e-07,-2.9252436325847693e-33
translation_g.27343.CDS.1622,1.0753120929929888e-05,3.767544217332843e-33
transcription_TU_g.27343.CDS.1622,1.7779619618208642e-07,-4.8349266490994034e-33
translation_g.27343.CDS.1633,3.646218564623399e-08,2.581283383447883e-32
transcription_TU_g.27343.CDS.1633,6.028796620654896e-10,4.189028436923013e-33
translation_g.27343.CDS.1635,1.402270880681926e-07,2.5189515354521623e-32
transcription_TU_g.27343.CDS.1635,2.318568071788405e-09,-1.0691757035116022e-32
translation_679935.3.peg.1636,4.913570647766078e-08,-1.5597806766629758e-32
transcription_TU_679935.3.peg.1636,8.124284814961671e-10,-2.1802146936883157e-32
translation_679935.3.peg.1638,0.0,3.4562991876121114e-32
transcription_TU_679935.3.peg.1638,0.0,1.4255276975551457e-32
translation_g.27343.CDS.1639,0.0,1.3327905722353668e-32
transcription_TU_g.27343.CDS.1639,0.0,-7.049913905241743e-33
translation_679935.3.peg.1639,3.7318929332911444e-07,1.5694395555841884e-32
transcription_TU_679935.3.peg.1639,6.170453884240847e-09,3.1149368647503066e-32
translation_679935.3.peg.1640,0.0,-1.402336929458013e-32
transcription_TU_679935.3.peg.1640,0.0,-72.02658621654633
translation_679935.3.peg.1641,0.0,2.859190521889193e-32
transcription_TU_679935.3.peg.1641,0.0,-3.519077998999444e-32
translation_679935.3.peg.1642,3.1048924203679995e-07,-8.537145704327206e-33
transcription_TU_679935.3.peg.1642,5.133747360354677e-09,6.351357270622747e-33
translation_679935.3.peg.1643,7.362907328925301e-08,2.3726858795774416e-32
transcription_TU_679935.3.peg.1643,1.2174111352922913e-09,-2.0201440199553728e-32
translation_679935.3.peg.1644,0.0,4.809189741616816e-34
transcription_TU_679935.3.peg.1644,0.0,-46.577036031984306
translation_g.27343.CDS.1645,1.0502964094167851e-11,-2.226350715755909e-32
transcription_TU_g.27343.CDS.1645,1.7366000780131208e-13,-5.2349074280549334e-33
translation_g.27343.CDS.1662,1.0753120929929888e-05,2.6152824544839705e-33
transcription_TU_g.27343.CDS.1662,1.7779619618208642e-07,-1.566248043583671e-32
translation_g.27343.CDS.1663,0.0,-3.1559985029195906e-33
transcription_TU_g.27343.CDS.1663,0.0,-6.236308062976887e-32
translation_g.27343.CDS.1666,0.0,1.4895384843023812e-32
transcription_TU_g.27343.CDS.1666,0.0,1.9853758879702267e-32
translation_g.27343.CDS.1667,9.428548165266641e-08,-1.940879501864676e-32
transcription_TU_g.27343.CDS.1667,1.5589520570145107e-09,-1.280380286921069e-32
translation_g.27343.CDS.1670,1.0753120929929888e-05,-8.59055448330877e-34
transcription_TU_g.27343.CDS.1670,1.7779619618208642e-07,-1.7130016373053332e-33
translation_g.27343.CDS.1684,5.938886984352084e-29,-2.6468642524687024e-33
transcription_TU_g.27343.CDS.1684,9.81958188933111e-31,-3.6758838949212106e-33
translation_g.27343.CDS.1685,0.0,-1.456573497776978e-32
transcription_TU_g.27343.CDS.1685,0.0,-100.3920345768485
translation_g.27343.CDS.1686,0.0,-7.627232703845696e-33
transcription_TU_g.27343.CDS.1686,0.0,-129.37242548851884
translation_g.27343.CDS.1691,1.0753120929929888e-05,-4.655740423523953e-33
transcription_TU_g.27343.CDS.1691,1.7779619618208642e-07,-1.3576318540068882e-33
translation_g.27343.CDS.1692,1.0753120929929888e-05,1.500527048683913e-33
transcription_TU_g.27343.CDS.1692,1.7779619618208642e-07,-1.5842092994439188e-32
translation_g.27343.CDS.1693,4.033688797402042e-09,-2.6750871226475427e-32
transcription_TU_g.27343.CDS.1693,6.669454658174795e-11,1.7417754376674406e-33
translation_g.27343.CDS.1695,0.0,-4.2950995756706907e-32
transcription_TU_g.27343.CDS.1695,0.0,1.5643785986668475e-31
translation_g.27343.CDS.1698,1.0753120929929888e-05,1.2956244048278938e-34
transcription_TU_g.27343.CDS.1698,1.7779619618208642e-07,5.68668139002105e-33
translation_g.27343.CDS.1702,6.333134608842303e-14,-1.0813148937404054e-32
transcription_TU_g.27343.CDS.1702,1.0471445924384567e-15,-2.2986478963993984e-32
translation_g.27343.CDS.1703,0.0,-3.0623512416824575e-32
transcription_TU_g.27343.CDS.1703,0.0,1.3016195231161296e-32
translation_g.27343.CDS.1704,0.0,2.715005613642281e-32
transcription_TU_g.27343.CDS.1704,0.0,-7.2614902106962e-32
translation_679935.3.peg.1704,4.008279136985819e-06,1.0484759653977095e-33
transcription_TU_679935.3.peg.1704,6.627441358057353e-08,5.5058643799894734e-33
translation_g.27343.CDS.1707,0.0,9.213615906559387e-33
transcription_TU_g.27343.CDS.1707,0.0,5.483538017766229e-32
translation_g.27343.CDS.1714,1.560111201196375e-08,-3.0660965459756614e-32
transcription_TU_g.27343.CDS.1714,2.579547268195651e-10,-6.141367953427887e-32
translation_g.27343.CDS.1715,0.0,3.7284675844358e-32
transcription_TU_g.27343.CDS.1715,0.0,8.232126722853746e-32
translation_g.27343.CDS.1736,0.0,8.680130029214222e-33
transcription_TU_g.27343.CDS.1736,0.0,-3.2549570064151484e-32
translation_g.27343.CDS.1748,1.833800351181635e-10,3.6423552879290254e-33
transcription_TU_g.27343.CDS.1748,3.032075330706755e-12,2.1378642840575824e-32
translation_g.27343.CDS.1751,2.101573702719125e-06,-2.2196205815023313e-32
transcription_TU_g.27343.CDS.1751,3.474821986794113e-08,-2.9510572684858153e-33
translation_g.27343.CDS.1758,1.0528019022004495e-06,4.0403995297889145e-32
transcription_TU_g.27343.CDS.1758,1.7407427551893563e-08,7.058997946889947e-33
translation_g.27343.CDS.1759,1.356802774006801e-07,1.9067237076930406e-32
transcription_TU_g.27343.CDS.1759,2.243389372812393e-09,-4.001934349756263e-33
translation_g.27343.CDS.1766,7.069901383435322e-08,-7.504983745506659e-32
transcription_TU_g.27343.CDS.1766,1.1689644165151841e-09,5.648300927998858e-32
translation_g.27343.CDS.1767,1.0753120929929888e-05,-2.3158590860270945e-33
transcription_TU_g.27343.CDS.1767,1.7779619618208642e-07,1.0495555286013604e-33
translation_g.27343.CDS.1768,0.0,-9.279375544085665e-33
transcription_TU_g.27343.CDS.1768,0.0,-98.67130564266945
translation_g.27343.CDS.1770,0.0,-3.437281557694903e-33
transcription_TU_g.27343.CDS.1770,0.0,-54.02094563692833
translation_g.27343.CDS.1773,6.802278384867186e-10,-4.475583148490693e-32
transcription_TU_g.27343.CDS.1773,1.124714610838937e-11,3.201554791721912e-32
translation_679935.3.peg.1777,0.0,3.212358072760249e-33
transcription_TU_679935.3.peg.1777,0.0,5.8956773936507826e-33
translation_g.27343.CDS.1793,0.0,-1.6526154637168145e-31
transcription_TU_g.27343.CDS.1793,0.0,1.1584214124304926e-31
translation_g.27343.CDS.1797,-1.8811361559006025e-32,6.23678334377132e-32
transcription_TU_g.27343.CDS.1797,-3.110342152749324e-34,-2.952543406124431e-32
translation_g.27343.CDS.1803,0.0,-1.2616402227694466e-34
transcription_TU_g.27343.CDS.1803,0.0,4.8273532399816775e-32
translation_g.27343.CDS.1804,0.0,6.1598616126118234e-33
transcription_TU_g.27343.CDS.1804,0.0,5.812948288705171e-33
translation_g.27343.CDS.1805,-1.8811361559006025e-32,2.555490563856372e-32
transcription_TU_g.27343.CDS.1805,-3.110342152749324e-34,-4.49710075772234e-33
translation_g.27343.CDS.1807,3.2581483257744138e-09,-6.61115273029734e-33
transcription_TU_g.27343.CDS.1807,5.387146510250407e-11,-3.1023878063101065e-32
translation_g.27343.CDS.1812,1.0753120929929888e-05,1.9220830449107777e-33
transcription_TU_g.27343.CDS.1812,1.7779619618208642e-07,-9.656765000510888e-34
translation_g.27343.CDS.1814,0.0,-1.4135973545452483e-32
transcription_TU_g.27343.CDS.1814,0.0,-98.08647539776206
translation_g.27343.CDS.1815,1.0753120929929888e-05,-7.155189599514331e-34
transcription_TU_g.27343.CDS.1815,1.7779619618208642e-07,-3.194528835198389e-33
translation_g.27343.CDS.1822,1.0753120929929888e-05,-9.604002455703255e-34
transcription_TU_g.27343.CDS.1822,1.7779619618208642e-07,-6.154264538517029e-33
translation_g.27343.CDS.1825,0.0,7.978128465389564e-33
transcription_TU_g.27343.CDS.1825,0.0,-3.2064531528112975e-32
translation_g.27343.CDS.1826,6.076421650347561e-09,-8.817497992396587e-33
transcription_TU_g.27343.CDS.1826,1.0046986943327498e-10,3.441424539584695e-32
translation_g.27343.CDS.1828,6.556843724663951e-24,-2.3880140267885876e-33
transcription_TU_g.27343.CDS.1828,0.0,-36.49115891157639
translation_g.27343.CDS.1829,8.105479896852756e-09,-3.4719117713344513e-32
transcription_TU_g.27343.CDS.1829,1.3401909113470617e-10,2.4438866227005032e-32
translation_g.27343.CDS.1831,0.0,6.957747674129348e-33
transcription_TU_g.27343.CDS.1831,0.0,-135.36977276998553
translation_g.27343.CDS.1836,0.0,-4.3058433081732086e-32
transcription_TU_g.27343.CDS.1836,0.0,-125.68540374673094
translation_g.27343.CDS.1840,1.0753120929929888e-05,-8.782080780313396e-34
transcription_TU_g.27343.CDS.1840,1.7779619618208642e-07,-9.33929263517092e-33
translation_g.27343.CDS.1843,0.0,-6.027054659715653e-32
transcription_TU_g.27343.CDS.1843,0.0,1.4255276975551457e-32
translation_g.27343.CDS.1848,0.0,2.3524103854489552e-32
transcription_TU_g.27343.CDS.1848,0.0,-124.42701171278671
translation_g.27343.CDS.1849,-1.8811361559006025e-32,-2.7590105400637255e-32
transcription_TU_g.27343.CDS.1849,0.0,-171.4813673081003
translation_g.27343.CDS.1854,1.0753120929929888e-05,-9.625890113484185e-33
transcription_TU_g.27343.CDS.1854,1.7779619618208642e-07,-1.6113591455885165e-32
translation_g.27343.CDS.1857,1.0753120929929888e-05,2.712551324870793e-33
transcription_TU_g.27343.CDS.1857,1.7779619618208642e-07,-1.3610069271833916e-33
translation_g.27343.CDS.1863,0.0,-2.450678786524607e-32
transcription_TU_g.27343.CDS.1863,0.0,-98.03035439042188
translation_g.27343.CDS.1869,1.0753237615418425e-05,-1.7778933880807505e-32
transcription_TU_g.27343.CDS.1869,1.7779812550438704e-07,-8.553243794947357e-33
translation_g.27343.CDS.1872,0.0,1.5203872148430727e-32
transcription_TU_g.27343.CDS.1872,0.0,-103.69309315174799
translation_g.27343.CDS.1874,4.033688797402042e-09,-1.2226275036989503e-32
transcription_TU_g.27343.CDS.1874,6.669454658174795e-11,7.628746005034564e-33
translation_g.27343.CDS.1880,6.84916741815426e-07,-5.2283566744253e-33
transcription_TU_g.27343.CDS.1880,1.1324674221533646e-08,1.078667799670665e-32
translation_g.27343.CDS.1889,0.0,-5.650051536972081e-33
transcription_TU_g.27343.CDS.1889,0.0,-3.625033117235695e-34
translation_g.27343.CDS.1890,0.0,-1.1716776059785904e-31
transcription_TU_g.27343.CDS.1890,4.396404753377129e-65,5.135170262761945e-32
translation_g.27343.CDS.1891,9.853001102365624e-06,-1.8291910009773802e-32
transcription_TU_g.27343.CDS.1891,1.6291327219268372e-07,-1.614611075884152e-32
translation_g.27343.CDS.1894,0.0,9.587451097554997e-33
transcription_TU_g.27343.CDS.1894,0.0,5.976965543457189e-34
translation_679935.3.peg.1895,0.0,-8.167032354825248e-33
transcription_TU_679935.3.peg.1895,0.0,-54.20829999265433
translation_g.27343.CDS.1898,3.1508892282503534e-11,-9.492717298724346e-33
transcription_TU_g.27343.CDS.1898,5.209800234039359e-13,9.653149233781146e-33
translation_g.27343.CDS.1901,2.227505481907223e-09,-1.541458764190251e-33
transcription_TU_g.27343.CDS.1901,3.6830423859134615e-11,-2.734393132540026e-32
translation_g.27343.CDS.1903,0.0,-1.2197480653596279e-32
transcription_TU_g.27343.CDS.1903,0.0,-121.05524737518373
translation_679935.3.peg.1906,9.414408686812245e-08,-1.2518034519147672e-32
transcription_TU_679935.3.peg.1906,1.5566141818045397e-09,-2.69945576288502e-32
translation_g.27343.CDS.1915,1.0753004244441352e-05,3.909221247290196e-33
transcription_TU_g.27343.CDS.1915,1.777942668597858e-07,-2.6731347862371443e-33
translation_679935.3.peg.1915,5.190019415932416e-07,6.007834079617808e-34
transcription_TU_679935.3.peg.1915,8.581375735258042e-09,2.9970147178067375e-32
translation_g.27343.CDS.1917,0.0,1.5956103270380276e-32
transcription_TU_g.27343.CDS.1917,0.0,-3.6673709403072075e-32
translation_g.27343.CDS.1923,1.0753120929929888e-05,4.610503679975929e-33
transcription_TU_g.27343.CDS.1923,1.7779619618208642e-07,-4.5239514645016804e-33
translation_g.27343.CDS.1938,0.0,2.1143935708626278e-33
transcription_TU_g.27343.CDS.1938,0.0,-110.87088260327262
translation_g.27343.CDS.1947,0.0,-2.459655476737659e-32
transcription_TU_g.27343.CDS.1947,0.0,-98.76968596066997
translation_679935.3.peg.1955,1.3956878138536316e-63,-6.073591206996567e-33
transcription_TU_679935.3.peg.1955,0.0,-89.16408408553052
translation_g.27343.CDS.1956,2.7971028717475093e-07,-1.1173265345016757e-32
transcription_TU_g.27343.CDS.1956,4.6248364002165096e-09,-1.9823364925313787e-32
translation_679935.3.peg.1956,0.0,-6.997365800751552e-33
transcription_TU_679935.3.peg.1956,0.0,-76.87257480929534
translation_g.27343.CDS.1958,1.0753004244441352e-05,-2.7141344933903836e-32
transcription_TU_g.27343.CDS.1958,1.777942668597858e-07,2.288791541020883e-33
translation_g.27343.CDS.1965,5.792011625574286e-08,1.677190695565669e-32
transcription_TU_g.27343.CDS.1965,9.576732578197141e-10,5.331228458827142e-33
translation_g.27343.CDS.1978,2.8875006322871065e-07,-7.330085194290103e-32
transcription_TU_g.27343.CDS.1978,4.774303499787427e-09,1.7548460547306383e-32
translation_g.27343.CDS.1979,0.0,-1.8664387504609295e-35
transcription_TU_g.27343.CDS.1979,0.0,-2.991864500966534e-32
translation_679935.3.peg.1983,0.0,-5.332327338965571e-34
transcription_TU_679935.3.peg.1983,0.0,9.33720198030885e-33
translation_g.27343.CDS.1988,0.0,-1.8767499223226342e-32
transcription_TU_g.27343.CDS.1988,0.0,1.5417206519105567e-32
translation_g.27343.CDS.1995,8.323269788976397e-08,-6.595136713278747e-32
transcription_TU_g.27343.CDS.1995,1.3762011214421721e-09,-7.63725086697945e-32
translation_g.27343.CDS.2000,0.0,-1.8699205890660608e-32
transcription_TU_g.27343.CDS.2000,0.0,-4.154209405418644e-32
translation_g.27343.CDS.2022,0.0,2.1223089492363979e-32
transcription_TU_g.27343.CDS.2022,0.0,-1.036907672659925e-31
translation_g.27343.CDS.2026,8.339189545703852e-08,-3.158460305771466e-32
transcription_TU_g.27343.CDS.2026,1.3788333546410078e-09,-1.395267567906921e-32
translation_g.27343.CDS.2028,0.0,7.113355270242832e-33
transcription_TU_g.27343.CDS.2028,0.0,-64.03980461383219
translation_g.27343.CDS.2031,1.2603556913001437e-10,-3.039089549249546e-32
transcription_TU_g.27343.CDS.2031,2.0839200936157477e-12,-2.8927568221360945e-32
translation_679935.3.peg.2033,1.808350892545644e-08,-9.98183899408411e-33
transcription_TU_679935.3.peg.2033,2.989996226697255e-10,4.125891668784574e-33
translation_g.27343.CDS.2034,1.1774621431512904e-06,-7.457079936767693e-32
transcription_TU_g.27343.CDS.2034,1.9468607445677795e-08,-4.67725521185319e-32
translation_679935.3.peg.2039,0.0,1.4044945301116432e-32
transcription_TU_679935.3.peg.2039,0.0,9.82354428534464e-33
translation_g.27343.CDS.2046,2.0831969731594207e-06,-2.822801138521381e-32
transcription_TU_g.27343.CDS.2046,3.4444372023648015e-08,4.041977525179941e-32
translation_g.27343.CDS.2051,2.4241250061509344e-08,6.558699077883994e-33
transcription_TU_g.27343.CDS.2051,4.008140594456452e-10,-8.305823421235737e-33
translation_g.27343.CDS.2053,1.950577372646816e-40,-2.771385438600963e-32
transcription_TU_g.27343.CDS.2053,-2.5314842081134066e-42,-1.94398237178144e-32
translation_g.27343.CDS.2061,0.0,1.0186864539733962e-34
transcription_TU_g.27343.CDS.2061,0.0,6.671455179220308e-33
translation_g.27343.CDS.2066,1.0753120929929888e-05,-1.0645167642978583e-32
transcription_TU_g.27343.CDS.2066,1.7779619618208642e-07,-6.179290352186103e-33
translation_g.27343.CDS.2069,1.0753120929929888e-05,-7.568234389196468e-36
transcription_TU_g.27343.CDS.2069,1.7779619618208642e-07,-2.2772316216610484e-33
translation_g.27343.CDS.2074,0.0,2.3524687720642336e-32
transcription_TU_g.27343.CDS.2074,0.0,-4.26635706433424e-32
translation_g.27343.CDS.2082,0.0,-5.596990234571964e-32
transcription_TU_g.27343.CDS.2082,0.0,-76.48712152734369
translation_g.27343.CDS.2099,0.0,2.886926515771741e-33
transcription_TU_g.27343.CDS.2099,0.0,2.936699578873642e-32
translation_g.27343.CDS.2102,0.0,1.623456090444281e-32
transcription_TU_g.27343.CDS.2102,0.0,-78.75510671930145
translation_g.27343.CDS.2105,2.5572676263847795e-08,-3.0113004489950397e-32
transcription_TU_g.27343.CDS.2105,4.22828367274552e-10,3.3591579643515503e-32
translation_g.27343.CDS.2106,9.278708482184201e-08,-9.034492337254262e-33
transcription_TU_g.27343.CDS.2106,1.5341769932327618e-09,-2.679702348562811e-32
translation_g.27343.CDS.2111,0.0,-9.327172347066223e-33
transcription_TU_g.27343.CDS.2111,0.0,-103.21220418879801
translation_g.27343.CDS.2120,0.0,1.5081375213520178e-32
transcription_TU_g.27343.CDS.2120,0.0,1.4231633835068846e-32
translation_g.27343.CDS.2131,0.0,-3.969416142906467e-32
transcription_TU_g.27343.CDS.2131,0.0,-145.67836603001464
translation_g.27343.CDS.2132,6.483866190644863e-08,-2.730567426632234e-33
transcription_TU_g.27343.CDS.2132,1.0720671261508894e-09,-1.9539152274236691e-32
translation_679935.3.peg.2138,0.0,-8.71228793513979e-33
transcription_TU_679935.3.peg.2138,0.0,-1.0591499367410988e-32
translation_679935.3.peg.2150,0.0,3.9315853247984045e-33
transcription_TU_679935.3.peg.2150,0.0,2.3544982273633671e-32
translation_679935.3.peg.2151,0.0,-1.0977277822766488e-32
transcription_TU_679935.3.peg.2151,0.0,4.7502174950312565e-32
translation_679935.3.peg.2152,0.0,-3.426293255027087e-33
transcription_TU_679935.3.peg.2152,0.0,5.295044965719186e-33
translation_g.27343.CDS.2156,0.0,6.717618639618294e-33
transcription_TU_g.27343.CDS.2156,0.0,1.4204371011915967e-32
translation_g.27343.CDS.2157,0.0,-3.9016827384659144e-33
transcription_TU_g.27343.CDS.2157,0.0,-65.03680680568145
translation_g.27343.CDS.2159,1.0994207595463178e-08,-5.100515425752126e-32
transcription_TU_g.27343.CDS.2159,1.8178241491442997e-10,-1.2381407025069967e-32
translation_g.27343.CDS.2164,1.0424316850893361e-07,-7.714811286684043e-32
transcription_TU_g.27343.CDS.2164,1.7235962433259362e-09,8.351401884419284e-32
translation_679935.3.peg.2165,0.0,3.0704898862946952e-33
transcription_TU_679935.3.peg.2165,0.0,-40.13584202384567
translation_g.27343.CDS.2168,3.861767498012542e-08,-1.1150615660436463e-32
transcription_TU_g.27343.CDS.2168,6.385193435099959e-10,-7.763451848207972e-33
translation_g.27343.CDS.2170,1.0753120929929888e-05,1.3301352708322103e-34
transcription_TU_g.27343.CDS.2170,1.7779619618208642e-07,-1.5019179874796455e-32
translation_g.27343.CDS.2177,1.833800351181635e-10,-2.512587890754665e-32
transcription_TU_g.27343.CDS.2177,3.032075330706755e-12,-1.0163038076113355e-31
translation_g.27343.CDS.2189,3.205301312095547e-08,-2.296463491897131e-34
transcription_TU_g.27343.CDS.2189,5.299767245449871e-10,1.012906891424045e-32
translation_g.27343.CDS.2192,0.0,2.866130948364942e-33
transcription_TU_g.27343.CDS.2192,0.0,-94.86876797809383
translation_g.27343.CDS.2196,0.0,-1.1617746714498814e-32
transcription_TU_g.27343.CDS.2196,0.0,-5.809999433100565e-32
translation_g.27343.CDS.2200,0.0,-8.062277994839806e-33
transcription_TU_g.27343.CDS.2200,0.0,-2.2403992548873603e-32
translation_g.27343.CDS.2201,0.0,-1.2021619807566533e-32
transcription_TU_g.27343.CDS.2201,0.0,-97.62034102037921
translation_g.27343.CDS.2211,3.6793616940225136e-07,-3.799750525137849e-32
transcription_TU_g.27343.CDS.2211,6.083596732874703e-09,-3.4682762351923943e-32
translation_g.27343.CDS.2219,1.0753004244441352e-05,-2.0014992757682877e-32
transcription_TU_g.27343.CDS.2219,1.777942668597858e-07,3.990730291248606e-33
translation_g.27343.CDS.2221,0.0,-4.2634746077640355e-33
transcription_TU_g.27343.CDS.2221,0.0,-3.5894447115359715e-32
translation_679935.3.peg.2222,0.0,-4.138203779116658e-33
transcription_TU_679935.3.peg.2222,0.0,-98.11227225733654
translation_g.27343.CDS.2223,1.8460240752966733e-06,-5.505380426265691e-33
transcription_TU_g.27343.CDS.2223,3.0522865016309455e-08,-3.0629781511852885e-33
translation_679935.3.peg.2223,0.0,-7.033868415153975e-33
transcription_TU_679935.3.peg.2223,0.0,-87.82884824281089
translation_679935.3.peg.2224,0.0,-6.468907031873024e-33
transcription_TU_679935.3.peg.2224,0.0,-6.781660837010984e-32
translation_679935.3.peg.2225,0.0,2.7591666208026517e-33
transcription_TU_679935.3.peg.2225,0.0,-55.51266755422774
translation_679935.3.peg.2226,0.0,-1.1770083023266095e-32
transcription_TU_679935.3.peg.2226,0.0,-72.10207987261033
translation_679935.3.peg.2227,0.0,-4.890936663249284e-33
transcription_TU_679935.3.peg.2227,0.0,-53.3500429584939
translation_g.27343.CDS.2228,0.0,-1.0006846426296806e-32
transcription_TU_g.27343.CDS.2228,0.0,-1.2019466414801444e-32
translation_679935.3.peg.2229,2.591968686821086e-63,5.17209541409442e-34
transcription_TU_679935.3.peg.2229,0.0,-47.00833732273444
translation_679935.3.peg.2230,1.5078055273302653e-63,2.3453471929559114e-32
transcription_TU_679935.3.peg.2230,0.0,-81.41422071922437
translation_g.27343.CDS.2233,2.607508042834419e-62,-1.5627561387756173e-32
transcription_TU_g.27343.CDS.2233,0.0,-74.95957855082892
translation_679935.3.peg.2238,0.0,7.62072530524209e-33
transcription_TU_679935.3.peg.2238,0.0,-35.42275947830712
translation_679935.3.peg.2239,0.0,8.89328823295235e-33
transcription_TU_679935.3.peg.2239,0.0,-82.54968282533044
translation_679935.3.peg.2240,0.0,4.358070202067317e-32
transcription_TU_679935.3.peg.2240,0.0,-6.958308829092508e-34
translation_679935.3.peg.2242,0.0,-1.5119101783559032e-32
transcription_TU_679935.3.peg.2242,0.0,-52.80451186648764
translation_g.27343.CDS.2243,1.0753120929929888e-05,-3.7914900093371465e-33
transcription_TU_g.27343.CDS.2243,1.7779619618208642e-07,1.0476147398056568e-32
translation_679935.3.peg.2243,0.0,1.8992462585415482e-32
transcription_TU_679935.3.peg.2243,0.0,-106.69912727077352
translation_679935.3.peg.2244,0.0,-2.0131261805114422e-32
transcription_TU_679935.3.peg.2244,0.0,-76.15646044790884
translation_679935.3.peg.2245,0.0,-1.4451342007514559e-33
transcription_TU_679935.3.peg.2245,0.0,-42.12995958644655
translation_g.27343.CDS.2246,0.0,6.454857399952043e-33
transcription_TU_g.27343.CDS.2246,0.0,-138.97835551713152
translation_679935.3.peg.2247,0.0,-9.535642121585581e-33
transcription_TU_679935.3.peg.2247,0.0,5.241030073728613e-32
translation_g.27343.CDS.2248,0.0,-3.353464474261677e-32
transcription_TU_g.27343.CDS.2248,0.0,2.2399898547308865e-32
translation_679935.3.peg.2249,0.0,-7.495922441536842e-34
transcription_TU_679935.3.peg.2249,0.0,1.378184670342308e-32
translation_g.27343.CDS.2253,0.0,-8.952061100303247e-33
transcription_TU_g.27343.CDS.2253,0.0,-82.54968282533044
translation_679935.3.peg.2254,8.988178356276802e-10,1.8838271460936268e-32
transcription_TU_679935.3.peg.2254,1.486139635893217e-11,-1.4248262568087083e-32
translation_g.27343.CDS.2258,2.8653514587371087e-08,-9.561263965865797e-33
transcription_TU_g.27343.CDS.2258,4.737681212812066e-10,3.601022208301249e-32
translation_g.27343.CDS.2260,6.221356105819517e-08,3.698547026669229e-32
transcription_TU_g.27343.CDS.2260,1.0286627091025565e-09,1.8812282274182086e-32
translation_679935.3.peg.2263,0.0,3.024453551705074e-33
transcription_TU_679935.3.peg.2263,0.0,-5.902950740999508e-32
translation_679935.3.peg.2265,0.0,1.0705166364517229e-32
transcription_TU_679935.3.peg.2265,0.0,-5.809999433100565e-32
translation_g.27343.CDS.2267,1.9497372099316663e-08,-9.830734519398493e-33
transcription_TU_g.27343.CDS.2267,3.2237697477729805e-10,-2.5822575788559007e-32
translation_g.27343.CDS.2268,3.4255006092527207e-07,-1.7576320924761492e-31
transcription_TU_g.27343.CDS.2268,5.6638531484321766e-09,-3.8988615732050564e-33
translation_g.27343.CDS.2271,2.467956313220869e-07,2.4320841180819056e-32
transcription_TU_g.27343.CDS.2271,4.080612946636855e-09,-7.91660867644694e-33
translation_g.27343.CDS.2277,8.761656096703343e-09,5.652143264973812e-33
transcription_TU_g.27343.CDS.2277,1.4486855829116005e-10,-1.905990626638003e-33
translation_g.27343.CDS.2284,0.0,1.8921451662864017e-32
transcription_TU_g.27343.CDS.2284,0.0,-2.3910458688425047e-32
translation_g.27343.CDS.2288,0.0,8.805837881764615e-33
transcription_TU_g.27343.CDS.2288,0.0,-27.068427622892038
translation_g.27343.CDS.2295,0.0,1.4632948479511349e-33
transcription_TU_g.27343.CDS.2295,0.0,1.7231333381792104e-32
translation_679935.3.peg.2302,8.696258796962178e-10,-5.194123663786234e-33
transcription_TU_679935.3.peg.2302,1.4378725443432387e-11,9.290914026291034e-33
translation_g.27343.CDS.2305,0.0,1.136876741037644e-32
transcription_TU_g.27343.CDS.2305,0.0,-5.934117173417036e-32
translation_679935.3.peg.2311,0.0,-3.482356050213298e-32
transcription_TU_679935.3.peg.2311,0.0,3.0629125358428766e-32
translation_g.27343.CDS.2317,1.388095754241612e-08,-2.2387674839226793e-32
transcription_TU_g.27343.CDS.2317,2.295130377951325e-10,1.760506364171401e-32
translation_g.27343.CDS.2319,1.2987002305917453e-07,4.229785643837827e-32
transcription_TU_g.27343.CDS.2319,2.147320415018492e-09,2.756883873173012e-33
translation_g.27343.CDS.2320,5.2473703519139805e-09,-2.1089685495564645e-32
transcription_TU_g.27343.CDS.2320,8.676201956700631e-11,-6.459358977403675e-33
translation_g.27343.CDS.2322,0.0,-4.975190638318265e-32
transcription_TU_g.27343.CDS.2322,0.0,-121.39124708157172
translation_g.27343.CDS.2326,0.0,1.509582814469159e-32
transcription_TU_g.27343.CDS.2326,0.0,-9.492718802219891e-33
translation_g.27343.CDS.2328,0.0,-3.30499289448659e-32
transcription_TU_g.27343.CDS.2328,0.0,-4.9459655407939e-32
translation_g.27343.CDS.2342,3.403166609109113e-08,-6.626418946544195e-33
transcription_TU_g.27343.CDS.2342,5.626925262128851e-10,1.1349959556297565e-32
translation_g.27343.CDS.2344,0.0,-1.1241442156261488e-31
transcription_TU_g.27343.CDS.2344,0.0,-3.106322921698223e-32
translation_679935.3.peg.2349,4.861129281906354e-07,5.124789795749889e-32
transcription_TU_679935.3.peg.2349,8.037576263712142e-09,2.0688575853635731e-32
translation_g.27343.CDS.2350,1.527610822665914e-07,-4.631816149584014e-32
transcription_TU_g.27343.CDS.2350,2.525809904737658e-09,-8.757837316863349e-33
translation_g.27343.CDS.2355,2.6967735344130486e-11,-7.421045544046568e-32
transcription_TU_g.27343.CDS.2355,4.45894805338423e-13,-1.6655456053769353e-32
translation_g.27343.CDS.2362,1.0753120929929888e-05,-1.108247285526261e-33
transcription_TU_g.27343.CDS.2362,1.7779619618208642e-07,-9.410993719240623e-33
translation_g.27343.CDS.2365,5.597396310934982e-07,-1.9623014323438984e-32
transcription_TU_g.27343.CDS.2365,9.254948206133227e-09,3.6336293662454055e-32
translation_g.27343.CDS.2372,1.5028724705974819e-12,-2.9910794391126654e-32
transcription_TU_g.27343.CDS.2372,2.484906571405489e-14,-1.3361318412776032e-32
translation_g.27343.CDS.2373,5.186011490603868e-06,-5.6617996278506e-33
transcription_TU_g.27343.CDS.2373,8.57474887890033e-08,-7.3633807934695215e-34
translation_g.27343.CDS.2374,1.2826126318182752e-07,-9.416038486705537e-33
transcription_TU_g.27343.CDS.2374,2.1207205665999245e-09,2.1666738844722743e-33
translation_g.27343.CDS.2375,5.384665243516164e-09,-4.146874549266041e-33
transcription_TU_g.27343.CDS.2375,8.903210558586214e-11,-2.9077695852272533e-32
translation_g.27343.CDS.2380,0.0,-2.0328409335541698e-32
transcription_TU_g.27343.CDS.2380,0.0,-5.942899840129271e-32
translation_g.27343.CDS.2385,0.0,-9.547160394964159e-33
transcription_TU_g.27343.CDS.2385,0.0,-145.58806249782964
translation_g.27343.CDS.2390,0.0,-7.747136354251497e-32
transcription_TU_g.27343.CDS.2390,0.0,4.1405827239089295e-32
translation_g.27343.CDS.2394,1.833800351181635e-10,-9.928036582839636e-33
transcription_TU_g.27343.CDS.2394,3.032075330706755e-12,-1.35907657834435e-32
translation_679935.3.peg.2394,2.7697029160243258e-09,4.811320886206519e-33
transcription_TU_679935.3.peg.2394,4.579532270049237e-11,-4.801198757430137e-33
translation_g.27343.CDS.2395,3.633428475222879e-07,1.0303179289351892e-31
transcription_TU_g.27343.CDS.2395,6.007648999800825e-09,-3.7073148664516066e-32
translation_679935.3.peg.2402,1.4177619251580067e-09,-5.9922226383506665e-33
transcription_TU_679935.3.peg.2402,2.344181554615224e-11,2.2793366623457767e-33
translation_679935.3.peg.2403,9.078144106163894e-10,6.263187336982245e-33
transcription_TU_679935.3.peg.2403,1.5010149155639516e-11,1.76699449575e-32
translation_g.27343.CDS.2409,4.308851008969764e-31,-1.306760468011324e-32
transcription_TU_g.27343.CDS.2409,0.0,-146.82809295751443
translation_g.27343.CDS.2429,4.095898602983201e-08,-2.9507442286399137e-33
transcription_TU_g.27343.CDS.2429,6.772314719636312e-10,-2.5996233482626704e-32
translation_g.27343.CDS.2433,1.0753237615418425e-05,-1.2671124895247191e-32
transcription_TU_g.27343.CDS.2433,1.7779812550438704e-07,1.1945497824423396e-32
translation_g.27343.CDS.2445,7.265811759807067e-08,-9.9666513851326e-32
transcription_TU_g.27343.CDS.2445,1.2013569841599379e-09,-2.350735415828035e-32
translation_679935.3.peg.2447,2.5718242585930335e-09,9.505065073210096e-35
transcription_TU_679935.3.peg.2447,4.2523521627468325e-11,-2.0361805012152034e-32
translation_g.27343.CDS.2451,0.0,7.100354490060112e-33
transcription_TU_g.27343.CDS.2451,0.0,-113.4198098721377
translation_g.27343.CDS.2452,0.0,-3.077834738484306e-32
transcription_TU_g.27343.CDS.2452,0.0,-119.84424967449718
translation_g.27343.CDS.2455,4.203021489240593e-30,-8.479464078858834e-34
transcription_TU_g.27343.CDS.2455,6.949435778952203e-32,1.0351067776414886e-32
translation_g.27343.CDS.2456,5.951805228425467e-07,3.9871466142614506e-32
transcription_TU_g.27343.CDS.2456,9.840941405999809e-09,2.665562955997434e-32
translation_g.27343.CDS.2464,0.0,-1.0873202267831706e-33
transcription_TU_g.27343.CDS.2464,0.0,-50.39302622712972
translation_g.27343.CDS.2480,3.753892518572076e-62,-7.514644834189563e-34
transcription_TU_g.27343.CDS.2480,6.83342771078026e-64,-5.496968610327426e-33
translation_679935.3.peg.2490,0.0,-7.323328728935751e-33
transcription_TU_679935.3.peg.2490,0.0,-82.7717446417299
translation_g.27343.CDS.2502,1.1774621431512906e-06,1.9904369496076913e-34
transcription_TU_g.27343.CDS.2502,1.9468607445677798e-08,1.1581065723607342e-32
translation_g.27343.CDS.2511,0.0,-7.937622605822755e-33
transcription_TU_g.27343.CDS.2511,0.0,-40.13584202384567
translation_g.27343.CDS.2513,0.0,1.1279200313915625e-33
transcription_TU_g.27343.CDS.2513,0.0,-117.35662101246508
translation_g.27343.CDS.2518,0.0,2.1912821919161657e-32
transcription_TU_g.27343.CDS.2518,0.0,-85.34581967350827
translation_g.27343.CDS.2529,0.0,-4.505787574454587e-33
transcription_TU_g.27343.CDS.2529,0.0,2.7590956048006358e-33
translation_g.27343.CDS.2535,0.0,-3.319874302241565e-32
transcription_TU_g.27343.CDS.2535,0.0,-9.029228188593205e-33
translation_g.27343.CDS.2542,0.0,2.729476798598694e-32
transcription_TU_g.27343.CDS.2542,0.0,1.0279337896933892e-31
translation_g.27343.CDS.2543,3.12905379461994e-10,2.582542928290519e-32
transcription_TU_g.27343.CDS.2543,5.1736966965940755e-12,-3.730689690155504e-32
translation_g.27343.CDS.2544,1.0502964094167851e-11,1.3199221035455373e-32
transcription_TU_g.27343.CDS.2544,1.7366000780131208e-13,-1.694311468241809e-32
translation_g.27343.CDS.2551,0.0,1.3394126152175406e-34
transcription_TU_g.27343.CDS.2551,0.0,2.3544982273633671e-32
translation_g.27343.CDS.2560,0.0,-2.296760398690198e-32
transcription_TU_g.27343.CDS.2560,0.0,-98.53351434328717
translation_g.27343.CDS.2567,1.1439089158847882e-39,-4.888457539077778e-32
transcription_TU_g.27343.CDS.2567,1.624455728209375e-41,-6.920716931543453e-32
translation_g.27343.CDS.2571,0.0,2.1142264539504052e-33
transcription_TU_g.27343.CDS.2571,0.0,-2.768418908662795e-32
translation_g.27343.CDS.2584,1.4702519233176868e-08,-1.4483688025317674e-32
transcription_TU_g.27343.CDS.2584,2.43097051636139e-10,-7.494989654521001e-33
translation_g.27343.CDS.2593,0.0,8.37612387099086e-33
transcription_TU_g.27343.CDS.2593,0.0,-150.64603855427825
translation_g.27343.CDS.2596,0.0,-7.323328728935751e-33
transcription_TU_g.27343.CDS.2596,0.0,-82.7717446417299
translation_679935.3.peg.2598,1.4117537106864726e-09,-6.088373979263581e-33
transcription_TU_679935.3.peg.2598,2.334247344018637e-11,2.448699262004401e-33
translation_679935.3.peg.2599,3.189974271284966e-30,8.648582559576007e-33
transcription_TU_679935.3.peg.2599,5.274424932528755e-32,2.1260402173350205e-32
translation_679935.3.peg.2601,0.0,-2.8236438104524644e-32
transcription_TU_679935.3.peg.2601,0.0,4.5064293226602976e-32
translation_g.27343.CDS.2612,0.0,-3.833703904322559e-33
transcription_TU_g.27343.CDS.2612,0.0,-35.92411573516583
translation_g.27343.CDS.2616,0.0,1.0094487137911605e-32
transcription_TU_g.27343.CDS.2616,0.0,-73.12954126401993
translation_g.27343.CDS.2623,0.0,-2.0251693800583208e-33
transcription_TU_g.27343.CDS.2623,0.0,-42.12995958644655
translation_g.27343.CDS.2628,0.0,-1.6693586967163937e-32
transcription_TU_g.27343.CDS.2628,0.0,-76.05433610062067
translation_g.27343.CDS.2636,0.0,-3.3115596525713117e-32
transcription_TU_g.27343.CDS.2636,0.0,3.323010453752758e-32
translation_g.27343.CDS.2641,3.183858291545265e-08,7.46816056968767e-33
transcription_TU_g.27343.CDS.2641,5.264312538734141e-10,3.1667397182419346e-32
translation_g.27343.CDS.2652,0.0,-1.5688592920691347e-32
transcription_TU_g.27343.CDS.2652,0.0,-98.15821122705978
translation_g.27343.CDS.2664,0.0,9.713304687047591e-33
transcription_TU_g.27343.CDS.2664,0.0,-35.42275947830712
translation_g.27343.CDS.2666,3.4255006092527207e-07,3.708064433120969e-31
transcription_TU_g.27343.CDS.2666,5.6638531484321766e-09,-1.2970872933477977e-31
translation_g.27343.CDS.2668,3.12905379461994e-10,-8.708578076848838e-33
transcription_TU_g.27343.CDS.2668,5.1736966965940755e-12,9.257797492792302e-33
translation_g.27343.CDS.2671,0.0,4.5025211600352824e-32
transcription_TU_g.27343.CDS.2671,0.0,4.7502174950312565e-32
translation_g.27343.CDS.2674,0.0,-1.9546365648164823e-33
transcription_TU_g.27343.CDS.2674,0.0,7.21506168416412e-33
translation_g.27343.CDS.2680,4.879113602915312e-09,1.838418843751231e-32
transcription_TU_g.27343.CDS.2680,8.067312224900956e-11,-2.2235396779910482e-32
translation_g.27343.CDS.2681,7.530934102356613e-07,-5.879916249968996e-32
transcription_TU_g.27343.CDS.2681,1.2451933218477172e-08,3.065535131762661e-32
translation_g.27343.CDS.2686,0.0,-1.054284674509531e-32
transcription_TU_g.27343.CDS.2686,0.0,-4.3399265590925966e-32
translation_679935.3.peg.2697,0.0,-9.784081074844301e-33
transcription_TU_679935.3.peg.2697,0.0,-41.53011786730851
translation_g.27343.CDS.2706,1.0753120929929888e-05,-4.928550751863819e-33
transcription_TU_g.27343.CDS.2706,1.7779619618208642e-07,1.5514572812150115e-32
translation_g.27343.CDS.2711,1.0753120929929888e-05,-2.230154332397919e-33
transcription_TU_g.27343.CDS.2711,1.7779619618208642e-07,5.467211054648339e-33
translation_g.27343.CDS.2722,2.1005928188335702e-11,-2.2190095158261563e-32
transcription_TU_g.27343.CDS.2722,3.4732001560262416e-13,5.808996790865938e-34
translation_679935.3.peg.2722,0.0,-6.308213903216855e-33
transcription_TU_679935.3.peg.2722,0.0,1.5338421380970635e-32
translation_g.27343.CDS.2748,1.1072792277110899e-10,-2.3864709465117148e-32
transcription_TU_g.27343.CDS.2748,1.8308176396538833e-12,-2.64670616735585e-32
translation_g.27343.CDS.2749,0.0,9.222231529104901e-34
transcription_TU_g.27343.CDS.2749,0.0,4.1060639204624285e-32
translation_g.27343.CDS.2754,1.1523735099391784e-07,-4.5387660892278455e-32
transcription_TU_g.27343.CDS.2754,1.905378243054145e-09,-3.4991676487890965e-32
translation_g.27343.CDS.2755,0.0,2.8423249319402176e-32
transcription_TU_g.27343.CDS.2755,0.0,-8.526285712236642e-33
translation_g.27343.CDS.2772,0.0,-4.212748813217837e-34
transcription_TU_g.27343.CDS.2772,0.0,2.2104190605518835e-32
translation_679935.3.peg.2772,9.904726038524454e-10,-3.745917882673112e-33
transcription_TU_679935.3.peg.2772,1.637685119836921e-11,1.1349959556297565e-32
translation_679935.3.peg.2773,0.0,-4.0829555638447667e-32
transcription_TU_679935.3.peg.2773,0.0,7.21506168416412e-33
translation_g.27343.CDS.2775,0.0,7.596481137961405e-33
transcription_TU_g.27343.CDS.2775,0.0,1.0498828716465512e-32
translation_g.27343.CDS.2776,0.0,-3.4605416864362935e-33
transcription_TU_g.27343.CDS.2776,0.0,-66.92501524703748
translation_g.27343.CDS.2778,0.0,-5.668023302290934e-33
transcription_TU_g.27343.CDS.2778,0.0,-90.58119008573566
translation_g.27343.CDS.2790,0.0,-4.770222635266381e-34
transcription_TU_g.27343.CDS.2790,0.0,1.2294265833809728e-32
translation_g.27343.CDS.2791,-1.8811361559006025e-32,-4.4828314328161626e-32
transcription_TU_g.27343.CDS.2791,0.0,-190.18210217819805
translation_g.27343.CDS.2792,0.0,7.787547565102245e-33
transcription_TU_g.27343.CDS.2792,0.0,-82.2517012315885
translation_g.27343.CDS.2793,1.6495859528467313e-06,3.3847088265528224e-33
transcription_TU_g.27343.CDS.2793,2.7274882297214497e-08,5.3276381227456586e-33
translation_g.27343.CDS.2795,-1.8811361559006025e-32,-2.1527175422559108e-32
transcription_TU_g.27343.CDS.2795,0.0,-154.72630116977547
translation_679935.3.peg.2801,0.0,1.7900525884467875e-35
transcription_TU_679935.3.peg.2801,0.0,2.4910657397874698e-33
translation_679935.3.peg.2802,0.0,-1.1520420548758046e-32
transcription_TU_679935.3.peg.2802,0.0,-59.43751170055792
translation_g.27343.CDS.2807,0.0,1.86153239368978e-32
transcription_TU_g.27343.CDS.2807,0.0,-2.1726961311637015e-33
translation_g.27343.CDS.2813,1.450812315161184e-07,2.1831170479252273e-33
transcription_TU_g.27343.CDS.2813,2.3988283279863263e-09,-6.3193257500379286e-34
translation_g.27343.CDS.2817,0.0,1.9379438605016982e-32
transcription_TU_g.27343.CDS.2817,0.0,1.435531521714196e-32
translation_g.27343.CDS.2819,0.0,-2.9622935085585963e-33
transcription_TU_g.27343.CDS.2819,0.0,-78.08003408323862
translation_679935.3.peg.2819,-2.9084890707128808e-30,5.534364851407933e-32
transcription_TU_679935.3.peg.2819,-4.80900658310827e-32,-2.2560799182230303e-32
translation_g.27343.CDS.2821,1.1473104741530765e-08,-4.0105831743873225e-33
transcription_TU_g.27343.CDS.2821,1.8970068268879127e-10,-2.805290017101261e-32
translation_g.27343.CDS.2823,4.256379302036054e-08,1.0947564470952252e-32
transcription_TU_g.27343.CDS.2823,7.037659618463052e-10,1.2234230747814847e-32
translation_679935.3.peg.2825,0.0,-3.546281729027278e-33
transcription_TU_679935.3.peg.2825,0.0,-2.5803190679663066e-32
translation_g.27343.CDS.2829,0.0,-1.7908672964233282e-32
transcription_TU_g.27343.CDS.2829,0.0,3.115766083220397e-32
translation_679935.3.peg.2833,1.4823356821462706e-06,1.248617799791337e-32
transcription_TU_679935.3.peg.2833,2.450950263351159e-08,1.435531521714196e-32
translation_g.27343.CDS.2843,0.0,-5.41971079418537e-33
transcription_TU_g.27343.CDS.2843,0.0,2.1870755190928947e-32
translation_g.27343.CDS.2848,2.1005928188335702e-11,-4.951247340546238e-32
transcription_TU_g.27343.CDS.2848,3.4732001560262416e-13,-2.321046662080421e-32
translation_g.27343.CDS.2853,0.0,-1.2585841230470617e-32
transcription_TU_g.27343.CDS.2853,0.0,-40.68929365722883
translation_g.27343.CDS.2859,0.0,-3.8385362124528234e-32
transcription_TU_g.27343.CDS.2859,0.0,-195.94702531355742
translation_g.27343.CDS.2860,0.0,-2.8240375366447672e-33
transcription_TU_g.27343.CDS.2860,0.0,-1.0591499367410988e-32
translation_g.27343.CDS.2865,-1.8811361559006025e-32,-6.159205489005707e-32
transcription_TU_g.27343.CDS.2865,-3.110342152749324e-34,5.603401579660391e-32
translation_g.27343.CDS.2868,-1.8811361559006025e-32,4.108745530581635e-32
transcription_TU_g.27343.CDS.2868,0.0,-139.85619704132068
translation_g.27343.CDS.2870,0.0,1.44433417824554e-33
transcription_TU_g.27343.CDS.2870,0.0,1.6401424549114818e-32
translation_g.27343.CDS.2873,0.0,-1.3079254842819857e-33
transcription_TU_g.27343.CDS.2873,0.0,-3.4506197273100085e-32
translation_g.27343.CDS.2874,2.150612517437124e-05,1.4576914830377801e-33
transcription_TU_g.27343.CDS.2874,3.5559046304187224e-07,8.009697302373776e-33
translation_679935.3.peg.2875,5.633267328550685e-06,-3.050997285921806e-32
transcription_TU_679935.3.peg.2875,9.314258712606758e-08,8.018091243546206e-33
translation_g.27343.CDS.2877,0.0,-1.3797780465742998e-32
transcription_TU_g.27343.CDS.2877,0.0,-41.53011786730851
translation_679935.3.peg.2878,0.0,-3.580614037979299e-33
transcription_TU_679935.3.peg.2878,0.0,3.660616139305347e-32
translation_g.27343.CDS.2886,2.6392351123175094e-07,2.826616044823135e-32
transcription_TU_g.27343.CDS.2886,4.363811835261433e-09,-2.4242083288837794e-32
translation_g.27343.CDS.2887,6.130175829247978e-09,-3.458770593090307e-33
transcription_TU_g.27343.CDS.2887,1.0135866149649674e-10,-7.542248343108457e-33
translation_g.27343.CDS.2892,0.0,6.181242819063424e-33
transcription_TU_g.27343.CDS.2892,0.0,1.3055547599007708e-32
translation_g.27343.CDS.2895,0.0,-4.60477818988613e-33
transcription_TU_g.27343.CDS.2895,0.0,-59.060490498023164
translation_679935.3.peg.2897,0.0,-2.88553999369215e-33
transcription_TU_679935.3.peg.2897,0.0,1.0351067776414886e-32
translation_679935.3.peg.2899,0.0,-1.3153742989171765e-33
transcription_TU_679935.3.peg.2899,-1.530406558754992e-64,-4.04554859339767e-32
translation_679935.3.peg.2900,0.0,4.263841709734185e-33
transcription_TU_679935.3.peg.2900,0.0,2.5209784977114807e-33
translation_679935.3.peg.2901,0.0,-3.868643817688546e-32
transcription_TU_679935.3.peg.2901,0.0,2.1870755190928947e-32
translation_679935.3.peg.2902,1.0533092198601444e-06,-3.53329057389817e-33
transcription_TU_679935.3.peg.2902,1.7415815735262608e-08,5.8304046388452694e-33
translation_679935.3.peg.2903,0.0,-2.459569680401559e-32
transcription_TU_679935.3.peg.2903,0.0,-1.6152697789504035e-32
translation_g.27343.CDS.2904,9.13232221257099e-09,-4.917812287530455e-33
transcription_TU_g.27343.CDS.2904,1.5099729299844152e-10,-2.1684934145770298e-33
translation_679935.3.peg.2904,3.0774056246344796e-62,-1.3152341824204676e-32
transcription_TU_679935.3.peg.2904,-1.48142080124144e-64,3.454066494141619e-32
translation_g.27343.CDS.2906,3.3906822815970272e-09,-9.98183899408411e-33
transcription_TU_g.27343.CDS.2906,5.606283199624354e-11,4.125891668784574e-33
translation_g.27343.CDS.2908,0.0,-6.455001250720141e-32
transcription_TU_g.27343.CDS.2908,0.0,5.408312615799291e-33
translation_g.27343.CDS.2919,0.0,-5.851746214739916e-33
transcription_TU_g.27343.CDS.2919,0.0,-4.04554859339767e-32
translation_g.27343.CDS.2923,7.687990698363218e-07,-6.968912297765168e-32
transcription_TU_g.27343.CDS.2923,1.271161657493937e-08,-8.528510072077696e-33
translation_g.27343.CDS.2927,0.0,5.141020513885561e-33
transcription_TU_g.27343.CDS.2927,0.0,-6.906367588447738e-33
translation_g.27343.CDS.2931,1.0753120929929888e-05,-2.3109069193724455e-33
transcription_TU_g.27343.CDS.2931,1.7779619618208642e-07,3.537203388150939e-33
translation_g.27343.CDS.2936,1.3166571587925122e-06,1.0049105526004648e-32
transcription_TU_g.27343.CDS.2936,2.1770110838951417e-08,1.2337951980159748e-32
translation_679935.3.peg.2941,0.0,1.24435734226194e-32
transcription_TU_679935.3.peg.2941,0.0,6.517437458356279e-32
translation_g.27343.CDS.2943,0.0,-6.565886761606554e-34
transcription_TU_g.27343.CDS.2943,0.0,-58.91653318810256
translation_679935.3.peg.2952,0.0,-3.023150679934374e-32
transcription_TU_679935.3.peg.2952,0.0,-2.1001180108463972e-32
translation_g.27343.CDS.2957,0.0,-1.3602402422821602e-32
transcription_TU_g.27343.CDS.2957,0.0,2.953332910934676e-32
translation_g.27343.CDS.2959,1.9095244596466804e-06,-8.179069186638845e-33
transcription_TU_g.27343.CDS.2959,3.157280455173374e-08,1.5966805149882694e-33
translation_g.27343.CDS.2960,1.067749279030994e-12,-3.0457411113638038e-34
transcription_TU_g.27343.CDS.2960,1.7654573172284946e-14,4.174381209368459e-32
translation_g.27343.CDS.2968,-1.8811361559006025e-32,5.609488760033338e-33
transcription_TU_g.27343.CDS.2968,0.0,-83.78019666581011
translation_679935.3.peg.2969,0.0,7.714011700674887e-33
transcription_TU_679935.3.peg.2969,0.0,-89.27100088245147
translation_679935.3.peg.2972,1.7813535462396543e-06,-1.1873381811357556e-32
transcription_TU_679935.3.peg.2972,2.945357786271506e-08,-4.4495958714161534e-33
translation_g.27343.CDS.2975,0.0,1.8969155361559326e-33
transcription_TU_g.27343.CDS.2975,0.0,-59.47783115276349
translation_g.27343.CDS.2980,0.0,4.2027653158973764e-33
transcription_TU_g.27343.CDS.2980,0.0,-49.958214271777145
translation_g.27343.CDS.2982,0.0,9.526842008015107e-33
transcription_TU_g.27343.CDS.2982,0.0,-2.1444249504090634e-33
translation_g.27343.CDS.2990,1.1668548853641553e-10,1.6678261302431386e-32
transcription_TU_g.27343.CDS.2990,1.9293223006242526e-12,2.5234088797836253e-32
translation_679935.3.peg.2992,1.2304754673141655e-06,8.709062358193244e-33
transcription_TU_679935.3.peg.2992,2.0345149934555815e-08,-6.30536900138624e-33
translation_g.27343.CDS.2994,0.0,1.2641450919962139e-33
transcription_TU_g.27343.CDS.2994,0.0,-2.715076748979279e-32
translation_g.27343.CDS.2996,0.0,-1.9588509806565475e-33
transcription_TU_g.27343.CDS.2996,0.0,-19.871596679641808
translation_g.27343.CDS.3002,0.0,-6.376262135975459e-33
transcription_TU_g.27343.CDS.3002,0.0,-112.42679566333764
translation_g.27343.CDS.3004,0.0,1.289343839901719e-32
transcription_TU_g.27343.CDS.3004,0.0,-75.22668371650558
translation_g.27343.CDS.3012,1.3181518955908917e-06,7.605797697037512e-33
transcription_TU_g.27343.CDS.3012,2.1794825386363003e-08,1.2026459295658986e-32
translation_g.27343.CDS.3014,0.0,1.9218856126184404e-32
transcription_TU_g.27343.CDS.3014,0.0,1.9729904559126942e-32
translation_679935.3.peg.3016,0.0,7.916794579337543e-33
transcription_TU_679935.3.peg.3016,0.0,1.732989154879039e-32
translation_g.27343.CDS.3021,0.0,3.1438873000891863e-34
transcription_TU_g.27343.CDS.3021,0.0,-65.02071957803982
translation_679935.3.peg.3021,2.343451452384755e-07,-1.0012722649963917e-34
transcription_TU_679935.3.peg.3021,3.874751868656906e-09,1.9887521831585058e-32
translation_679935.3.peg.3023,8.627503729315938e-09,-5.097259649975386e-32
transcription_TU_679935.3.peg.3023,1.426504319643265e-10,-5.957165420351335e-33
translation_g.27343.CDS.3024,0.0,2.033120745403507e-32
transcription_TU_g.27343.CDS.3024,0.0,5.174259920372842e-32
translation_679935.3.peg.3029,0.0,-1.2654137361768577e-32
transcription_TU_679935.3.peg.3029,0.0,1.753608790669349e-33
translation_g.27343.CDS.3035,0.0,1.6002216192945537e-34
transcription_TU_g.27343.CDS.3035,0.0,2.0428115743267838e-32
translation_g.27343.CDS.3037,1.0502964094167851e-11,8.660343698592059e-33
transcription_TU_g.27343.CDS.3037,1.7366000780131208e-13,2.258402406671336e-32
translation_g.27343.CDS.3043,1.28727270225645e-07,1.4492628433458735e-33
transcription_TU_g.27343.CDS.3043,2.1284257045152065e-09,-1.4121908621809722e-32
translation_g.27343.CDS.3046,-1.8811361559006025e-32,4.0106602632994103e-32
transcription_TU_g.27343.CDS.3046,-3.110342152749324e-34,-9.844059654758662e-33
translation_g.27343.CDS.3064,1.1908947687761437e-06,-3.0409691174981855e-33
transcription_TU_g.27343.CDS.3064,1.9690707592825724e-08,-6.115792108314796e-32
translation_g.27343.CDS.3072,7.481604693456076e-08,6.980782652676728e-33
transcription_TU_g.27343.CDS.3072,1.2370370095365495e-09,1.791282235472093e-32
translation_g.27343.CDS.3073,1.7032330883819647e-06,-1.0762489689294316e-32
transcription_TU_g.27343.CDS.3073,2.8161904464674817e-08,1.7677539946739586e-32
translation_g.27343.CDS.3076,0.0,-8.50072578433763e-33
transcription_TU_g.27343.CDS.3076,0.0,3.9748631761937645e-32
translation_g.27343.CDS.3078,1.1749777081925993e-09,2.7536955706659367e-32
transcription_TU_g.27343.CDS.3078,1.942752885201225e-11,2.541822760162896e-32
translation_679935.3.peg.3081,1.2919140293538718e-09,-8.617221943150134e-33
transcription_TU_679935.3.peg.3081,2.1360998514771506e-11,-1.4733375846653604e-32
translation_g.27343.CDS.3104,0.0,-4.653891596411949e-33
transcription_TU_g.27343.CDS.3104,0.0,-1.947918608050045e-32
translation_g.27343.CDS.3107,-1.8811361559006025e-32,7.502577487154961e-32
transcription_TU_g.27343.CDS.3107,0.0,-272.91968253755175
translation_g.27343.CDS.3110,0.0,3.7896635555566747e-32
transcription_TU_g.27343.CDS.3110,0.0,-164.42861947730137
translation_g.27343.CDS.3111,4.150374285938458e-09,4.610158120495871e-34
transcription_TU_g.27343.CDS.3111,6.86238688823722e-11,-3.117779460012612e-33
translation_g.27343.CDS.3115,6.317972409870429e-08,-1.4193204799385008e-31
transcription_TU_g.27343.CDS.3115,1.0446376167236654e-09,1.8429168391737525e-32
translation_g.27343.CDS.3117,1.0971735805907434e-07,-8.324352177869133e-33
transcription_TU_g.27343.CDS.3117,1.8141085778878701e-09,-9.22270777958806e-34
translation_g.27343.CDS.3124,0.0,-8.76072160406492e-33
transcription_TU_g.27343.CDS.3124,0.0,-104.23971702049158
translation_g.27343.CDS.3125,0.0,-3.723392538320228e-33
transcription_TU_g.27343.CDS.3125,0.0,-4.7601806124083387e-32
translation_g.27343.CDS.3137,0.0,3.1200199344311684e-33
transcription_TU_g.27343.CDS.3137,0.0,-103.30948133137085
translation_g.27343.CDS.3148,0.0,1.4476430258129154e-32
transcription_TU_g.27343.CDS.3148,0.0,2.4116101399794682e-32
translation_g.27343.CDS.3153,2.6906832170363113e-07,-9.34354290405342e-33
transcription_TU_g.27343.CDS.3153,4.448878090717749e-09,2.550343211397759e-32
translation_g.27343.CDS.3154,9.376285824228674e-07,-1.447071277280969e-32
transcription_TU_g.27343.CDS.3154,1.5503108025353034e-08,-1.1642091422639712e-32
translation_g.27343.CDS.3155,0.0,1.9645984669433956e-32
transcription_TU_g.27343.CDS.3155,0.0,-70.69225802031225
translation_679935.3.peg.3159,0.0,3.474314685220393e-33
transcription_TU_679935.3.peg.3159,0.0,-55.61376969297376
translation_679935.3.peg.3161,0.0,-4.524465624435319e-33
transcription_TU_679935.3.peg.3161,0.0,5.4088538637195426e-33
translation_g.27343.CDS.3162,0.0,-8.966439902117928e-33
transcription_TU_g.27343.CDS.3162,0.0,-55.69653658961645
translation_679935.3.peg.3169,0.0,3.0075565791372704e-33
transcription_TU_679935.3.peg.3169,0.0,-98.96508888524157
translation_679935.3.peg.3170,0.0,8.654700132104935e-33
transcription_TU_679935.3.peg.3170,0.0,-76.89876572089123
translation_679935.3.peg.3171,3.6820327918228537e-06,-5.8124627358508146e-33
transcription_TU_679935.3.peg.3171,6.088013227691654e-08,6.423609170095649e-32
translation_g.27343.CDS.3172,0.0,1.293062118471865e-32
transcription_TU_g.27343.CDS.3172,0.0,-69.6945054317525
translation_g.27343.CDS.3182,0.0,-4.540314443886855e-33
transcription_TU_g.27343.CDS.3182,0.0,1.396580415855502e-32
translation_679935.3.peg.3185,2.794012168869168e-09,8.70939028921332e-33
transcription_TU_679935.3.peg.3185,4.619726114385271e-11,2.541822760162896e-32
translation_g.27343.CDS.3189,0.0,-4.3546283292587764e-33
transcription_TU_g.27343.CDS.3189,0.0,-58.79229847866946
translation_g.27343.CDS.3191,0.0,-1.4974882608134667e-33
transcription_TU_g.27343.CDS.3191,0.0,2.067131433014185e-32
translation_679935.3.peg.3194,0.0,-6.434806258238745e-33
transcription_TU_679935.3.peg.3194,0.0,-74.23202485291029
translation_679935.3.peg.3195,0.0,-3.443130463307725e-32
transcription_TU_679935.3.peg.3195,0.0,3.460435423951278e-32
translation_g.27343.CDS.3196,0.0,-4.2897209986520293e-32
transcription_TU_g.27343.CDS.3196,0.0,-110.13756665093014
translation_679935.3.peg.3198,7.726076882604194e-10,-1.2120617922988205e-32
transcription_TU_679935.3.peg.3198,1.2774589722263398e-11,2.469235854915723e-32
translation_g.27343.CDS.3204,0.0,5.623181869378333e-33
transcription_TU_g.27343.CDS.3204,0.0,-88.2290031560713
translation_g.27343.CDS.3206,3.093901826052759e-08,-3.1692968083358276e-32
transcription_TU_g.27343.CDS.3206,5.115575093198346e-10,5.319893844698313e-32
translation_679935.3.peg.3206,8.1332813567452e-08,-1.8656345412038338e-33
transcription_TU_679935.3.peg.3206,1.3447877105920392e-09,6.232318269531796e-33
translation_g.27343.CDS.3210,0.0,8.116539239663624e-33
transcription_TU_g.27343.CDS.3210,0.0,-98.96508888524157
translation_g.27343.CDS.3211,1.2919140293538718e-09,-2.401301008481247e-32
transcription_TU_g.27343.CDS.3211,2.1360998514771506e-11,-1.4733375846653604e-32
translation_g.27343.CDS.3212,9.060387203735153e-07,2.0963156973627824e-33
transcription_TU_g.27343.CDS.3212,1.4980789216991202e-08,5.1755094732586364e-33
translation_g.27343.CDS.3215,0.0,7.377712960917378e-33
transcription_TU_g.27343.CDS.3215,0.0,-89.27100088245147
translation_g.27343.CDS.3222,0.0,1.7652705843476214e-32
transcription_TU_g.27343.CDS.3222,0.0,-108.31348656626454
transcription_TU_ALFI_RS00290,6.7018059106632535e-06,2.0998198939765197e-33
transcription_TU_ALFI_RS00500,0.0,5.766858240528086e-33
transcription_TU_ALFI_RS00505,1.0753004244441352e-05,1.477059862235604e-31
transcription_TU_ALFI_RS00510,1.0753004244441352e-05,8.672577666111077e-32
transcription_TU_ALFI_RS00920,0.0,1.376698802381885e-33
transcription_TU_ALFI_RS01145,-1.9217865859056783e-40,5.751924784609046e-34
transcription_TU_ALFI_RS01430,4.55728436937643e-06,-3.1909276884907516e-34
transcription_TU_ALFI_RS01685,3.0229009180676246e-06,1.2850745082593143e-34
transcription_TU_ALFI_RS02245,4.582943094146279e-06,2.070986465469342e-33
transcription_TU_ALFI_RS03230,0.0,5.751924784609046e-34
transcription_TU_ALFI_RS03835,-1.710442426416256e-39,-2.7301607706234234e-33
transcription_TU_ALFI_RS03930,-5.4372652458505965e-40,-8.787867029268749e-35
transcription_TU_ALFI_RS04170,5.353783942848028e-06,2.3003335011384677e-33
transcription_TU_ALFI_RS04225,0.0,3.601492992250733e-33
transcription_TU_ALFI_RS04230,4.24813208499977e-06,2.015236135353877e-33
transcription_TU_ALFI_RS04675,1.137392145957624e-06,-4.267307819961149e-33
transcription_TU_ALFI_RS05460,2.778272451802833e-06,6.189513398548798e-34
transcription_TU_ALFI_RS05480,0.0,-1.990576544165739e-33
transcription_TU_ALFI_RS05780,-3.698512177537816e-39,-2.746986338273677e-33
transcription_TU_ALFI_RS05980,0.0,-1.2665710702198968e-33
transcription_TU_ALFI_RS06320,0.0,-3.600656825718867e-35
transcription_TU_ALFI_RS07450,5.809911655555936e-07,-5.945294498838472e-34
transcription_TU_ALFI_RS07885,0.0,3.1498577364868726e-33
transcription_TU_ALFI_RS08635,5.715511678456136e-06,-3.9131189456644635e-33
transcription_TU_ALFI_RS08735,-8.236879800821559e-40,-2.5834420259553322e-33
transcription_TU_ALFI_RS08960,0.0,2.581196010611233e-33
transcription_TU_ALFI_RS08990,6.13422094997163e-06,2.9113048076568226e-34
transcription_TU_ALFI_RS09490,2.563460850143377e-39,-1.2687848640773935e-33
transcription_TU_ALFI_RS09500,0.0,7.444031959418414e-32
transcription_TU_ALFI_RS09505,7.684859212292433e-06,-2.3068125436059672e-33
transcription_TU_ALFI_RS09510,0.0,-2.7027402516090065e-33
transcription_TU_ALFI_RS09515,0.0,1.909902612789974e-31
transcription_TU_ALFI_RS09520,1.0753004244441352e-05,1.5537623330839995e-33
transcription_TU_ALFI_RS09930,0.0,-3.5821077028481666e-33
transcription_TU_ALFI_RS09960,4.41334368431537e-06,-1.971242290075226e-34
transcription_TU_ALFI_RS09965,3.4749754323818043e-06,4.927891397955033e-35
transcription_TU_ALFI_RS09970,4.723719849435454e-06,1.8964100637829533e-35
transcription_TU_ALFI_RS09980,1.1705874845733504e-06,-8.03871890925561e-34
transcription_TU_ALFI_RS16935,3.3117303365056486e-39,-1.111956341526818e-33
transcription_TU_ALFI_RS10045,0.0,2.730462200578772e-34
transcription_TU_ALFI_RS10285,2.6045979873686245e-06,-1.467879516506958e-33
transcription_TU_ALFI_RS10975,0.0,-1.4650040011786713e-34
transcription_TU_ALFI_RS12315,0.0,-4.1766867843936075e-34
transcription_TU_ALFI_RS17005,4.99389619666078e-06,-1.03378427942632e-33
transcription_TU_ALFI_RS12810,9.634637103362025e-40,-2.0431649734980446e-33
transcription_TU_ALFI_RS13280,0.0,2.730462200578772e-34
transcription_TU_ALFI_RS13530,0.0,-6.014166519066256e-34
transcription_TU_ALFI_RS14240,0.0,2.1493173683902963e-33
transcription_TU_ALFI_RS14245,0.0,-1.4623167441282851e-34
transcription_TU_ALFI_RS14525,0.0,5.777369224826078e-34
transcription_TU_ALFI_RS14720,-1.541541936537924e-38,-2.0431649734980446e-33
transcription_TU_ALFI_RS14805,2.483403243208295e-39,-1.0824698750091447e-33
transcription_TU_ALFI_RS14810,5.149809732733875e-06,9.27500620035844e-34
transcription_TU_ALFI_RS15550,1.926172308817152e-39,-2.484372581440999e-34
transcription_TU_ALFI_RS15705,8.175335432151043e-06,4.350071278298942e-34
transcription_TU_ALFI_RS15730,0.0,-1.2665710702198968e-33
charging_tRNA_ALFI_RS00290_GCU,0.007888847648244789,-5.662524014989787e-38
charging_tRNA_ALFI_RS00290_GCC,0.04670577884918997,-7.73623190117008e-38
charging_tRNA_ALFI_RS00290_GCA,0.006925562360023212,5.502538350973235e-38
charging_tRNA_ALFI_RS00290_GCG,0.03144144729871897,-1.6761479601800252e-38
charging_tRNA_ALFI_RS00920_CGU,0.0,-7.398174638464554e-06
charging_tRNA_ALFI_RS00920_CGC,0.0,-7.398174638464554e-06
charging_tRNA_ALFI_RS00920_CGA,0.0,-7.398174638464554e-06
charging_tRNA_ALFI_RS00920_CGG,0.0,-7.398174638464554e-06
charging_tRNA_ALFI_RS00920_AGA,0.0,-7.398174638464554e-06
charging_tRNA_ALFI_RS00920_AGG,0.0,-7.398174638464554e-06
charging_tRNA_ALFI_RS01145_UGG,0.0,-1.7698128543206413e-05
charging_tRNA_ALFI_RS01430_UUU,0.0039303476301326586,1.0578567321001803e-34
charging_tRNA_ALFI_RS01430_UUC,0.0592843465961101,-2.609005466450292e-37
charging_tRNA_ALFI_RS01685_CAA,0.003939868572870216,-4.6664551535612896e-37
charging_tRNA_ALFI_RS01685_CAG,0.03799118986534183,-5.873885055612985e-38
charging_tRNA_ALFI_RS02245_CGU,0.010782999257411637,-4.654560547797316e-34
charging_tRNA_ALFI_RS02245_CGC,0.04173671873954262,-5.285529826798393e-35
charging_tRNA_ALFI_RS02245_CGA,0.00014550896257633665,-3.076537835155083e-37
charging_tRNA_ALFI_RS02245_CGG,0.010282064483858402,-1.2030845196881523e-35
charging_tRNA_ALFI_RS02245_AGA,0.0004435799524458793,-2.0901847408014313e-37
charging_tRNA_ALFI_RS02245_AGG,0.00017973839526942923,-2.6788343031478335e-37
charging_tRNA_ALFI_RS03230_UGG,0.0,-1.7698128543206413e-05
charging_tRNA_ALFI_RS03835_AUG,0.0,-2.513942553974113e-05
charging_tRNA_ALFI_RS03835_START,0.0,-2.513942553974113e-05
charging_tRNA_ALFI_RS03930_GUU,0.0,-4.78292496029714e-06
charging_tRNA_ALFI_RS03930_GUC,0.0,-4.78292496029714e-06
charging_tRNA_ALFI_RS03930_GUA,0.0,-4.78292496029714e-06
charging_tRNA_ALFI_RS03930_GUG,0.0,-4.78292496029714e-06
charging_tRNA_ALFI_RS04170_GUU,0.007033034710316815,8.492948146498241e-35
charging_tRNA_ALFI_RS04170_GUC,0.023435483212892818,-8.898862256524229e-36
charging_tRNA_ALFI_RS04170_GUA,0.0051333872404409385,1.0145789564618086e-34
charging_tRNA_ALFI_RS04170_GUG,0.038661139989885615,2.1565139117756882e-35
charging_tRNA_ALFI_RS04225_GUU,0.0,-1.1194906450791065e-07
charging_tRNA_ALFI_RS04225_GUC,0.0,-1.1194906450791065e-07
charging_tRNA_ALFI_RS04225_GUA,0.0,-1.1194906450791065e-07
charging_tRNA_ALFI_RS04225_GUG,0.0,-1.1194906450791065e-07
charging_tRNA_ALFI_RS04230_AAU,0.013372326009930833,7.686156694805892e-33
charging_tRNA_ALFI_RS04230_AAC,0.045554075991771845,2.7053455283147744e-34
charging_tRNA_ALFI_RS04675_CAU,0.00540341170820784,-3.3676786875534372e-37
charging_tRNA_ALFI_RS04675_CAC,0.010373505177906795,-3.695089935908088e-38
charging_tRNA_ALFI_RS05460_CCU,0.002309467352185981,-2.0294374145829608e-38
charging_tRNA_ALFI_RS05460_CCC,0.017526192715226874,5.27373289522729e-38
charging_tRNA_ALFI_RS05460_CCA,0.00013009145473010523,3.137054322088259e-38
charging_tRNA_ALFI_RS05460_CCG,0.018572033106368357,2.834100382814029e-38
charging_tRNA_ALFI_RS05480_GAA,0.0,-1.0368314374287856e-06
charging_tRNA_ALFI_RS05480_GAG,0.0,-1.0368314374287856e-06
charging_tRNA_ALFI_RS05780_ACU,0.0,-7.80345861069146e-06
charging_tRNA_ALFI_RS05780_ACC,0.0,-7.80345861069146e-06
charging_tRNA_ALFI_RS05780_ACA,0.0,-7.80345861069146e-06
charging_tRNA_ALFI_RS05780_ACG,0.0,-7.80345861069146e-06
charging_tRNA_ALFI_RS05980_GGU,0.0,-1.123816663097061e-06
charging_tRNA_ALFI_RS05980_GGC,0.0,-1.123816663097061e-06
charging_tRNA_ALFI_RS05980_GGA,0.0,-1.123816663097061e-06
charging_tRNA_ALFI_RS05980_GGG,0.0,-1.123816663097061e-06
charging_tRNA_ALFI_RS06320_ACU,0.0,-3.783539281127877e-06
charging_tRNA_ALFI_RS06320_ACC,0.0,-3.783539281127877e-06
charging_tRNA_ALFI_RS06320_ACA,0.0,-3.783539281127877e-06
charging_tRNA_ALFI_RS06320_ACG,0.0,-3.783539281127877e-06
charging_tRNA_ALFI_RS07450_UGU,0.002040465679849004,-3.80863268973121e-37
charging_tRNA_ALFI_RS07450_UGC,0.00601853961846873,-3.83259643965724e-37
charging_tRNA_ALFI_RS07885_UUA,0.0,-8.453164595124143e-06
charging_tRNA_ALFI_RS07885_UUG,0.0,-8.453164595124143e-06
charging_tRNA_ALFI_RS07885_CUU,0.0,-8.453164595124143e-06
charging_tRNA_ALFI_RS07885_CUC,0.0,-8.453164595124143e-06
charging_tRNA_ALFI_RS07885_CUA,0.0,-8.453164595124143e-06
charging_tRNA_ALFI_RS07885_CUG,0.0,-8.453164595124143e-06
charging_tRNA_ALFI_RS08635_UCU,0.0022231988577170255,-3.4851181857008797e-35
charging_tRNA_ALFI_RS08635_UCC,0.018072835674941178,9.339561696429925e-35
charging_tRNA_ALFI_RS08635_UCA,0.0003467653026142984,2.279871264803706e-38
charging_tRNA_ALFI_RS08635_UCG,0.04000722284067913,-7.345735184678699e-38
charging_tRNA_ALFI_RS08635_AGU,0.003779187520264358,-1.9813396322713405e-37
charging_tRNA_ALFI_RS08635_AGC,0.01485140821943078,-1.5096440595058698e-37
charging_tRNA_ALFI_RS08735_UCU,0.0,-3.301603687488788e-05
charging_tRNA_ALFI_RS08735_UCC,0.0,-3.301603687488788e-05
charging_tRNA_ALFI_RS08735_UCA,0.0,-3.301603687488788e-05
charging_tRNA_ALFI_RS08735_UCG,0.0,-3.301603687488788e-05
charging_tRNA_ALFI_RS08735_AGU,0.0,-3.301603687488788e-05
charging_tRNA_ALFI_RS08735_AGC,0.0,-3.301603687488788e-05
charging_tRNA_ALFI_RS08960_UUA,0.0,-3.1792753066702655e-05
charging_tRNA_ALFI_RS08960_UUG,0.0,-3.1792753066702655e-05
charging_tRNA_ALFI_RS08960_CUU,0.0,-3.1792753066702655e-05
charging_tRNA_ALFI_RS08960_CUC,0.0,-3.1792753066702655e-05
charging_tRNA_ALFI_RS08960_CUA,0.0,-3.1792753066702655e-05
charging_tRNA_ALFI_RS08960_CUG,0.0,-3.1792753066702655e-05
charging_tRNA_ALFI_RS08990_GAA,0.034031414662131367,-1.9467660591890397e-37
charging_tRNA_ALFI_RS08990_GAG,0.05105717543647766,1.7987706714374663e-37
charging_tRNA_ALFI_RS09490_UUA,0.0,-3.425180260249326e-05
charging_tRNA_ALFI_RS09490_UUG,0.0,-3.425180260249326e-05
charging_tRNA_ALFI_RS09490_CUU,0.0,-3.425180260249326e-05
charging_tRNA_ALFI_RS09490_CUC,0.0,-3.425180260249326e-05
charging_tRNA_ALFI_RS09490_CUA,0.0,-3.425180260249326e-05
charging_tRNA_ALFI_RS09490_CUG,0.0,-3.425180260249326e-05
charging_tRNA_ALFI_RS09505_AUU,0.023020183258434943,1.759057248032783e-38
charging_tRNA_ALFI_RS09505_AUC,0.0798400002740181,-1.527464358368672e-37
charging_tRNA_ALFI_RS09505_AUA,0.0037375149875675893,-4.207016681898459e-38
charging_tRNA_ALFI_RS09510_GCU,0.0,-1.5965767599687484e-06
charging_tRNA_ALFI_RS09510_GCC,0.0,-1.5965767599687484e-06
charging_tRNA_ALFI_RS09510_GCA,0.0,-1.5965767599687484e-06
charging_tRNA_ALFI_RS09510_GCG,0.0,-1.5965767599687484e-06
charging_tRNA_ALFI_RS09930_AUU,0.0,-1.8204748889849792e-06
charging_tRNA_ALFI_RS09930_AUC,0.0,-1.8204748889849792e-06
charging_tRNA_ALFI_RS09930_AUA,0.0,-1.8204748889849792e-06
charging_tRNA_ALFI_RS09960_ACU,0.005818873898062911,-1.1077180595413861e-37
charging_tRNA_ALFI_RS09960_ACC,0.02144817865660597,-2.1875523795606075e-35
charging_tRNA_ALFI_RS09960_ACA,0.0021158004974626515,-1.4225540737378334e-37
charging_tRNA_ALFI_RS09960_ACG,0.03183522089428088,-4.1420648414242176e-36
charging_tRNA_ALFI_RS09965_UAU,0.01994045996848956,1.1381889359393427e-37
charging_tRNA_ALFI_RS09965_UAC,0.02826138384837516,-3.7973691443653525e-38
charging_tRNA_ALFI_RS09970_GGU,0.01701805411380177,2.763967342574693e-35
charging_tRNA_ALFI_RS09970_GGC,0.03561644908110009,-2.3367032444502388e-35
charging_tRNA_ALFI_RS09970_GGA,0.007691382638010505,-8.327181290812454e-35
charging_tRNA_ALFI_RS09970_GGG,0.005197456949700551,-1.0833814699894313e-35
charging_tRNA_ALFI_RS09980_UGG,0.016237373818411983,-1.1196788182796937e-34
charging_tRNA_ALFI_RS16935_CGU,0.0,-1.4741355071704349e-05
charging_tRNA_ALFI_RS16935_CGC,0.0,-1.4741355071704349e-05
charging_tRNA_ALFI_RS16935_CGA,0.0,-1.4741355071704349e-05
charging_tRNA_ALFI_RS16935_CGG,0.0,-1.4741355071704349e-05
charging_tRNA_ALFI_RS16935_AGA,0.0,-1.4741355071704349e-05
charging_tRNA_ALFI_RS16935_AGG,0.0,-1.4741355071704349e-05
charging_tRNA_ALFI_RS10045_UCU,0.0,-2.4915527410725174e-05
charging_tRNA_ALFI_RS10045_UCC,0.0,-2.4915527410725174e-05
charging_tRNA_ALFI_RS10045_UCA,0.0,-2.4915527410725174e-05
charging_tRNA_ALFI_RS10045_UCG,0.0,-2.4915527410725174e-05
charging_tRNA_ALFI_RS10045_AGU,0.0,-2.4915527410725174e-05
charging_tRNA_ALFI_RS10045_AGC,0.0,-2.4915527410725174e-05
charging_tRNA_ALFI_RS10285_AUG,0.031999005839772686,5.84130244945315e-35
charging_tRNA_ALFI_RS10285_START,0.004129717322684634,3.4016931431124116e-34
charging_tRNA_ALFI_RS10975_UUA,0.0,-1.6449880896181145e-05
charging_tRNA_ALFI_RS10975_UUG,0.0,-1.6449880896181145e-05
charging_tRNA_ALFI_RS10975_CUU,0.0,-1.6449880896181145e-05
charging_tRNA_ALFI_RS10975_CUC,0.0,-1.6449880896181145e-05
charging_tRNA_ALFI_RS10975_CUA,0.0,-1.6449880896181145e-05
charging_tRNA_ALFI_RS10975_CUG,0.0,-1.6449880896181145e-05
charging_tRNA_ALFI_RS12315_CGU,0.0,-1.6250946606004958e-05
charging_tRNA_ALFI_RS12315_CGC,0.0,-1.6250946606004958e-05
charging_tRNA_ALFI_RS12315_CGA,0.0,-1.6250946606004958e-05
charging_tRNA_ALFI_RS12315_CGG,0.0,-1.6250946606004958e-05
charging_tRNA_ALFI_RS12315_AGA,0.0,-1.6250946606004958e-05
charging_tRNA_ALFI_RS12315_AGG,0.0,-1.6250946606004958e-05
charging_tRNA_ALFI_RS17005_AAA,0.0207020655364524,7.964652267399557e-38
charging_tRNA_ALFI_RS17005_AAG,0.048568929091583765,1.2758851503315064e-37
charging_tRNA_ALFI_RS12810_AAA,0.0,-0.000226433354202288
charging_tRNA_ALFI_RS12810_AAG,0.0,-0.000226433354202288
charging_tRNA_ALFI_RS13280_UCU,0.0,-2.2406550197255298e-05
charging_tRNA_ALFI_RS13280_UCC,0.0,-2.2406550197255298e-05
charging_tRNA_ALFI_RS13280_UCA,0.0,-2.2406550197255298e-05
charging_tRNA_ALFI_RS13280_UCG,0.0,-2.2406550197255298e-05
charging_tRNA_ALFI_RS13280_AGU,0.0,-2.2406550197255298e-05
charging_tRNA_ALFI_RS13280_AGC,0.0,-2.2406550197255298e-05
charging_tRNA_ALFI_RS13530_CAA,0.0,-5.104939652608433e-06
charging_tRNA_ALFI_RS13530_CAG,0.0,-5.104939652608433e-06
charging_tRNA_ALFI_RS14240_CCU,0.0,-1.4721457760409518e-06
charging_tRNA_ALFI_RS14240_CCC,0.0,-1.4721457760409518e-06
charging_tRNA_ALFI_RS14240_CCA,0.0,-1.4721457760409518e-06
charging_tRNA_ALFI_RS14240_CCG,0.0,-1.4721457760409518e-06
charging_tRNA_ALFI_RS14245_CCU,0.0,-1.484627695461111e-06
charging_tRNA_ALFI_RS14245_CCC,0.0,-1.484627695461111e-06
charging_tRNA_ALFI_RS14245_CCA,0.0,-1.484627695461111e-06
charging_tRNA_ALFI_RS14245_CCG,0.0,-1.484627695461111e-06
charging_tRNA_ALFI_RS14525_AUG,0.0,-8.840290048120518e-06
charging_tRNA_ALFI_RS14525_START,0.0,-8.840290048120518e-06
charging_tRNA_ALFI_RS14720_AAA,0.0,-0.0002240488079727459
charging_tRNA_ALFI_RS14720_AAG,0.0,-0.0002240488079727459
charging_tRNA_ALFI_RS14805_GAU,0.0,-2.1033871566302098e-05
charging_tRNA_ALFI_RS14805_GAC,0.0,-2.1033871566302098e-05
charging_tRNA_ALFI_RS14810_GAU,0.01149430819530537,4.8969755174705756e-36
charging_tRNA_ALFI_RS14810_GAC,0.059939383712457835,5.470113035751748e-35
charging_tRNA_ALFI_RS15550_GGU,0.0,-1.0833384806648674e-05
charging_tRNA_ALFI_RS15550_GGC,0.0,-1.0833384806648674e-05
charging_tRNA_ALFI_RS15550_GGA,0.0,-1.0833384806648674e-05
charging_tRNA_ALFI_RS15550_GGG,0.0,-1.0833384806648674e-05
charging_tRNA_ALFI_RS15705_UUA,0.00041039482899079665,3.8522155650211335e-38
charging_tRNA_ALFI_RS15705_UUG,0.009444423699284386,-5.687710648361848e-34
charging_tRNA_ALFI_RS15705_CUU,0.009807377265709419,8.677486446614137e-35
charging_tRNA_ALFI_RS15705_CUC,0.03035222651681142,-3.759751586744907e-38
charging_tRNA_ALFI_RS15705_CUA,4.096685944266359e-05,3.950594349494599e-34
charging_tRNA_ALFI_RS15705_CUG,0.06334576986498518,-2.684069475960184e-37
charging_tRNA_ALFI_RS15730_GGU,0.0,-1.123816663097061e-06
charging_tRNA_ALFI_RS15730_GGC,0.0,-1.123816663097061e-06
charging_tRNA_ALFI_RS15730_GGA,0.0,-1.123816663097061e-06
charging_tRNA_ALFI_RS15730_GGG,0.0,-1.123816663097061e-06
DM_RNA_g.27343.CDS.3,0.0,-70.82229542950424
DM_RNA_g.27343.CDS.14,0.0,-101.52152388746954
DM_RNA_g.27343.CDS.35,0.0,-42.02719821428797
DM_RNA_g.27343.CDS.45,0.0,-22.265492644833877
DM_RNA_g.27343.CDS.46,0.0,6.16402228785943e-33
DM_RNA_g.27343.CDS.64,0.0,-48.53676323287018
DM_RNA_g.27343.CDS.68,0.0,-1.9193504131965332e-32
DM_RNA_g.27343.CDS.73,0.0,-39.73120396142466
DM_RNA_g.27343.CDS.77,0.0,-64.0101377996768
DM_RNA_g.27343.CDS.89,0.0,-90.37671411563878
DM_RNA_g.27343.CDS.96,0.0,-36.757594210867666
DM_RNA_679935.3.peg.96,0.0,-93.9480380898007
DM_RNA_g.27343.CDS.111,0.0,-53.94324009523357
DM_RNA_g.27343.CDS.115,0.0,-72.10278231181479
DM_RNA_679935.3.peg.120,0.0,-120.76864672796583
DM_RNA_679935.3.peg.123,0.0,-83.1869657385522
DM_RNA_679935.3.peg.124,0.0,-96.33791899943886
DM_RNA_g.27343.CDS.132,0.0,-47.602919706295
DM_RNA_g.27343.CDS.142,0.0,-13.402077748686207
DM_RNA_679935.3.peg.144,0.0,-117.90144329676535
DM_RNA_g.27343.CDS.147,0.0,-96.75132656534136
DM_RNA_g.27343.CDS.149,0.0,-3.0606331070044646e-32
DM_RNA_g.27343.CDS.158,0.0,-23.704677521166698
DM_RNA_g.27343.CDS.170,0.0,-138.10402753521078
DM_RNA_g.27343.CDS.179,0.0,-26.72508855062773
DM_RNA_679935.3.peg.180,0.0,-94.52745179953352
DM_RNA_679935.3.peg.181,0.0,-74.57590400394243
DM_RNA_g.27343.CDS.190,0.0,0.0
DM_RNA_g.27343.CDS.193,0.0,-70.51533067324074
DM_RNA_g.27343.CDS.194,0.0,0.0
DM_RNA_g.27343.CDS.204,0.0,0.0
DM_RNA_g.27343.CDS.205,0.0,-90.88933461158993
DM_RNA_g.27343.CDS.213,0.0,0.0
DM_RNA_g.27343.CDS.221,0.0,-81.97926982644975
DM_RNA_g.27343.CDS.230,0.0,-52.330938691626784
DM_RNA_g.27343.CDS.238,0.0,-164.19425988880351
DM_RNA_g.27343.CDS.241,0.0,-39.25320242629746
DM_RNA_679935.3.peg.242,0.0,-63.210245185294674
DM_RNA_g.27343.CDS.243,0.0,-69.32667873138462
DM_RNA_g.27343.CDS.251,0.0,-67.88283400552623
DM_RNA_g.27343.CDS.259,0.0,-24.984088886203555
DM_RNA_g.27343.CDS.265,0.0,-107.75496249403365
DM_RNA_g.27343.CDS.266,0.0,-265.3668833950417
DM_RNA_g.27343.CDS.276,0.0,-92.13787010737748
DM_RNA_g.27343.CDS.279,0.0,0.0
DM_RNA_g.27343.CDS.286,0.0,-147.04521927167465
DM_RNA_g.27343.CDS.295,0.0,0.0
DM_RNA_g.27343.CDS.300,0.0,-67.45257304093187
DM_RNA_679935.3.peg.308,0.0,-180.7762532048488
DM_RNA_g.27343.CDS.309,0.0,-154.5308833334408
DM_RNA_g.27343.CDS.316,0.0,-95.05736181445543
DM_RNA_g.27343.CDS.323,0.0,6.046543195597967e-32
DM_RNA_g.27343.CDS.328,0.0,-86.64650233118954
DM_RNA_g.27343.CDS.334,0.0,2.9536694613807416e-32
DM_RNA_g.27343.CDS.338,0.0,-98.50861029799816
DM_RNA_g.27343.CDS.339,0.0,-93.10728837170872
DM_RNA_g.27343.CDS.344,0.0,-215.68636078082568
DM_RNA_g.27343.CDS.349,0.0,-181.28060050346846
DM_RNA_g.27343.CDS.352,0.0,0.0
DM_RNA_g.27343.CDS.361,0.0,3.588322962166636e-32
DM_RNA_g.27343.CDS.362,0.0,-85.90274685993893
DM_RNA_g.27343.CDS.387,0.0,0.0
DM_RNA_679935.3.peg.388,0.0,-153.25766797540896
DM_RNA_679935.3.peg.393,0.0,-273.88382316381177
DM_RNA_g.27343.CDS.395,0.0,-171.1240813634931
DM_RNA_g.27343.CDS.400,0.0,-119.88251174345652
DM_RNA_g.27343.CDS.407,0.0,-18.973050698380476
DM_RNA_g.27343.CDS.408,0.0,-57.81421356257411
DM_RNA_g.27343.CDS.419,0.0,6.157894879058908e-33
DM_RNA_g.27343.CDS.421,0.0,-115.36352495683064
DM_RNA_g.27343.CDS.423,0.0,-77.0487602691062
DM_RNA_679935.3.peg.427,0.0,-36.317825649582694
DM_RNA_g.27343.CDS.429,0.0,0.0
DM_RNA_g.27343.CDS.430,0.0,-145.59125309376037
DM_RNA_g.27343.CDS.442,0.0,-74.27683553907798
DM_RNA_679935.3.peg.464,0.0,-100.06760387119832
DM_RNA_g.27343.CDS.480,0.0,-63.210245185294674
DM_RNA_g.27343.CDS.481,0.0,-32.530568995953416
DM_RNA_g.27343.CDS.489,0.0,-37.12372539241777
DM_RNA_g.27343.CDS.521,0.0,-95.73453453342255
DM_RNA_g.27343.CDS.524,0.0,-112.91694948626652
DM_RNA_g.27343.CDS.525,0.0,0.0
DM_RNA_g.27343.CDS.560,0.0,-153.5726930998081
DM_RNA_g.27343.CDS.563,0.0,-240.1544960858587
DM_RNA_g.27343.CDS.573,0.0,-109.80320558289954
DM_RNA_679935.3.peg.573,0.0,-75.53432839023522
DM_RNA_g.27343.CDS.574,0.0,0.0
DM_RNA_g.27343.CDS.577,0.0,-28.121346157250112
DM_RNA_679935.3.peg.577,0.0,-102.06774964957904
DM_RNA_g.27343.CDS.578,0.0,-102.3121183693804
DM_RNA_g.27343.CDS.582,0.0,-37.29544047388279
DM_RNA_g.27343.CDS.584,0.0,-228.39991620131303
DM_RNA_g.27343.CDS.585,3.110342152749324e-34,-3.8267230873514757e-32
DM_RNA_g.27343.CDS.589,0.0,0.0
DM_RNA_g.27343.CDS.622,0.0,-43.74377883698145
DM_RNA_g.27343.CDS.632,0.0,-38.89345000491857
DM_RNA_g.27343.CDS.635,0.0,-48.04069290926738
DM_RNA_g.27343.CDS.636,0.0,-204.2809983679529
DM_RNA_679935.3.peg.671,0.0,-61.552526496191454
DM_RNA_g.27343.CDS.672,0.0,-62.88389087035575
DM_RNA_g.27343.CDS.689,0.0,-33.015170697520965
DM_RNA_g.27343.CDS.693,0.0,-111.03524683527155
DM_RNA_g.27343.CDS.710,0.0,0.0
DM_RNA_g.27343.CDS.714,0.0,-19.575588814435868
DM_RNA_g.27343.CDS.724,0.0,-103.91217578887333
DM_RNA_g.27343.CDS.733,0.0,-114.83795154629706
DM_RNA_g.27343.CDS.734,0.0,0.0
DM_RNA_g.27343.CDS.739,0.0,-95.43188734366623
DM_RNA_g.27343.CDS.744,0.0,-10.133002718517664
DM_RNA_g.27343.CDS.745,0.0,-90.24421808772719
DM_RNA_g.27343.CDS.752,0.0,-108.85865153690408
DM_RNA_g.27343.CDS.758,0.0,-59.59694092258933
DM_RNA_g.27343.CDS.780,0.0,-98.02018335714175
DM_RNA_679935.3.peg.787,0.0,-104.82970825427418
DM_RNA_g.27343.CDS.793,0.0,-73.0499739356445
DM_RNA_g.27343.CDS.794,0.0,-83.64978017592563
DM_RNA_g.27343.CDS.812,0.0,-180.7762532048488
DM_RNA_g.27343.CDS.823,0.0,-104.82970825427418
DM_RNA_g.27343.CDS.825,0.0,-23.30985478679492
DM_RNA_679935.3.peg.830,0.0,-74.27683553907798
DM_RNA_679935.3.peg.836,0.0,-93.78015375797608
DM_RNA_g.27343.CDS.843,3.110342152749324e-34,0.0
DM_RNA_g.27343.CDS.850,0.0,-132.344519424148
DM_RNA_g.27343.CDS.852,0.0,-125.98821929954715
DM_RNA_679935.3.peg.865,0.0,-69.92896890668919
DM_RNA_g.27343.CDS.871,0.0,1.951999922855647e-32
DM_RNA_679935.3.peg.874,0.0,-95.05736181445543
DM_RNA_g.27343.CDS.881,0.0,-120.76864672796583
DM_RNA_g.27343.CDS.893,0.0,-2.620838083690343e-32
DM_RNA_g.27343.CDS.894,0.0,-40.44118746957906
DM_RNA_g.27343.CDS.912,0.0,-121.01652142635638
DM_RNA_g.27343.CDS.913,0.0,-117.90144329676535
DM_RNA_g.27343.CDS.919,0.0,-76.77299048366572
DM_RNA_g.27343.CDS.929,0.0,-43.57577630817468
DM_RNA_g.27343.CDS.950,0.0,-26.102617511715515
DM_RNA_g.27343.CDS.954,0.0,-145.20637096751597
DM_RNA_g.27343.CDS.958,0.0,-80.08918994449799
DM_RNA_g.27343.CDS.962,0.0,-99.71038767742641
DM_RNA_g.27343.CDS.969,3.110342152749324e-34,-3.276712624256347e-32
DM_RNA_g.27343.CDS.977,0.0,-27.819772941408058
DM_RNA_g.27343.CDS.978,0.0,-194.61623882948018
DM_RNA_g.27343.CDS.980,0.0,-37.14584348985223
DM_RNA_g.27343.CDS.984,0.0,-59.88118645862944
DM_RNA_g.27343.CDS.985,0.0,-82.71177071252299
DM_RNA_g.27343.CDS.986,0.0,-207.1566969545916
DM_RNA_g.27343.CDS.991,0.0,-44.76443579238261
DM_RNA_g.27343.CDS.992,0.0,-52.35127132404299
DM_RNA_g.27343.CDS.994,0.0,-81.77317321284652
DM_RNA_679935.3.peg.995,0.0,-96.89673879335515
DM_RNA_g.27343.CDS.1007,0.0,-76.94219612813987
DM_RNA_g.27343.CDS.1011,0.0,-26.071434769257568
DM_RNA_g.27343.CDS.1014,0.0,-25.3398069699525
DM_RNA_g.27343.CDS.1018,0.0,-91.87496921593092
DM_RNA_g.27343.CDS.1022,0.0,-319.1238379383113
DM_RNA_g.27343.CDS.1025,0.0,-105.87110857235399
DM_RNA_g.27343.CDS.1027,0.0,-42.92725332627532
DM_RNA_679935.3.peg.1042,0.0,0.0
DM_RNA_g.27343.CDS.1043,0.0,0.0
DM_RNA_g.27343.CDS.1044,0.0,0.0
DM_RNA_g.27343.CDS.1046,0.0,-77.18317310872997
DM_RNA_679935.3.peg.1052,0.0,-42.92725332627532
DM_RNA_g.27343.CDS.1058,0.0,-68.80350030916001
DM_RNA_g.27343.CDS.1059,3.110342152749324e-34,0.0
DM_RNA_g.27343.CDS.1073,0.0,-89.0174229754696
DM_RNA_679935.3.peg.1076,0.0,3.113076523034508e-32
DM_RNA_g.27343.CDS.1077,0.0,-43.27356470067422
DM_RNA_g.27343.CDS.1085,0.0,-86.37372022253344
DM_RNA_679935.3.peg.1089,0.0,0.0
DM_RNA_g.27343.CDS.1092,0.0,-27.859454860105224
DM_RNA_679935.3.peg.1092,0.0,-39.96746981575792
DM_RNA_g.27343.CDS.1093,0.0,0.0
DM_RNA_g.27343.CDS.1094,0.0,-76.13929082585398
DM_RNA_g.27343.CDS.1098,0.0,-118.41104467311447
DM_RNA_679935.3.peg.1101,0.0,-75.05110865007501
DM_RNA_g.27343.CDS.1103,0.0,-21.30720551084986
DM_RNA_679935.3.peg.1106,0.0,-121.75383572662672
DM_RNA_679935.3.peg.1108,0.0,-74.42436424192181
DM_RNA_g.27343.CDS.1113,0.0,0.0
DM_RNA_679935.3.peg.1114,0.0,-71.98838960767233
DM_RNA_679935.3.peg.1116,0.0,-67.81307868597477
DM_RNA_679935.3.peg.1117,0.0,-80.08918994449799
DM_RNA_g.27343.CDS.1118,0.0,-88.61887397052394
DM_RNA_g.27343.CDS.1123,0.0,0.0
DM_RNA_g.27343.CDS.1142,0.0,-157.9857793680165
DM_RNA_g.27343.CDS.1144,0.0,-73.55295583772312
DM_RNA_g.27343.CDS.1150,0.0,-70.27871798900466
DM_RNA_g.27343.CDS.1153,0.0,-70.01595152734004
DM_RNA_g.27343.CDS.1154,0.0,-20.29113130472486
DM_RNA_g.27343.CDS.1155,0.0,-43.67863723469754
DM_RNA_g.27343.CDS.1157,0.0,-89.1051212565421
DM_RNA_679935.3.peg.1160,0.0,-95.50540134813396
DM_RNA_g.27343.CDS.1167,0.0,-22.485948350593016
DM_RNA_679935.3.peg.1167,0.0,-143.5100353355392
DM_RNA_679935.3.peg.1168,0.0,-53.1465088544758
DM_RNA_g.27343.CDS.1178,0.0,-119.66342467390066
DM_RNA_g.27343.CDS.1180,-6.858146133640214e-33,0.0
DM_RNA_679935.3.peg.1183,0.0,-91.16371357666125
DM_RNA_g.27343.CDS.1188,0.0,-66.80847681637358
DM_RNA_g.27343.CDS.1200,0.0,-108.4453293539514
DM_RNA_g.27343.CDS.1208,0.0,-173.20534919078358
DM_RNA_g.27343.CDS.1209,-6.858146133640214e-33,-2.7349597920195086e-32
DM_RNA_679935.3.peg.1209,0.0,0.0
DM_RNA_g.27343.CDS.1215,0.0,-16.01333205974741
DM_RNA_g.27343.CDS.1216,0.0,-67.46320611501744
DM_RNA_g.27343.CDS.1230,0.0,-69.88658933766139
DM_RNA_g.27343.CDS.1232,0.0,-166.63074503442914
DM_RNA_g.27343.CDS.1236,0.0,-81.42423742669142
DM_RNA_g.27343.CDS.1237,0.0,-57.168495915922456
DM_RNA_g.27343.CDS.1243,0.0,-87.95517106734434
DM_RNA_g.27343.CDS.1251,0.0,-25.346176076208632
DM_RNA_g.27343.CDS.1252,0.0,-26.920555918008652
DM_RNA_679935.3.peg.1264,0.0,3.590473640616525e-32
DM_RNA_g.27343.CDS.1266,0.0,-66.3255545773955
DM_RNA_g.27343.CDS.1276,0.0,-78.64124186556177
DM_RNA_g.27343.CDS.1278,0.0,-51.97107198069199
DM_RNA_g.27343.CDS.1281,0.0,-59.52735511056302
DM_RNA_g.27343.CDS.1282,0.0,-176.07376159751496
DM_RNA_g.27343.CDS.1286,0.0,5.389520659334879e-32
DM_RNA_g.27343.CDS.1288,0.0,-73.80777125290616
DM_RNA_g.27343.CDS.1290,0.0,-99.58036775444748
DM_RNA_g.27343.CDS.1293,0.0,-2.9117322700961376e-32
DM_RNA_g.27343.CDS.1298,0.0,-20.818824352739455
DM_RNA_g.27343.CDS.1301,0.0,-65.8344716253909
DM_RNA_g.27343.CDS.1306,0.0,-139.0435075976688
DM_RNA_g.27343.CDS.1309,-6.858146133640214e-33,0.0
DM_RNA_g.27343.CDS.1311,-6.858146133640214e-33,1.8123914238276004e-32
DM_RNA_g.27343.CDS.1315,0.0,-17.49239843833223
DM_RNA_g.27343.CDS.1317,0.0,-96.89673879335515
DM_RNA_g.27343.CDS.1322,0.0,-20.2855019403544
DM_RNA_g.27343.CDS.1330,0.0,0.0
DM_RNA_g.27343.CDS.1331,0.0,4.122242099914946e-32
DM_RNA_g.27343.CDS.1347,0.0,-94.67306857900398
DM_RNA_679935.3.peg.1353,0.0,0.0
DM_RNA_g.27343.CDS.1356,0.0,-51.22996372482446
DM_RNA_g.27343.CDS.1357,0.0,-171.0128322485071
DM_RNA_g.27343.CDS.1358,0.0,-34.70690492015825
DM_RNA_g.27343.CDS.1362,0.0,-47.40016467884405
DM_RNA_g.27343.CDS.1372,0.0,-121.00058202628531
DM_RNA_g.27343.CDS.1374,0.0,-106.69450464436616
DM_RNA_g.27343.CDS.1376,0.0,-74.42436424192181
DM_RNA_g.27343.CDS.1384,0.0,-170.836835161162
DM_RNA_g.27343.CDS.1388,0.0,-110.3520680646933
DM_RNA_g.27343.CDS.1396,0.0,-79.24068625665271
DM_RNA_g.27343.CDS.1400,0.0,-77.15018506734016
DM_RNA_679935.3.peg.1401,0.0,-114.15779056234457
DM_RNA_g.27343.CDS.1402,0.0,-18.014055185765464
DM_RNA_679935.3.peg.1402,0.0,-104.46091246813639
DM_RNA_679935.3.peg.1403,0.0,-44.93859807660088
DM_RNA_679935.3.peg.1404,0.0,4.183789512975582e-32
DM_RNA_g.27343.CDS.1405,0.0,0.0
DM_RNA_679935.3.peg.1405,0.0,-80.8169406853332
DM_RNA_g.27343.CDS.1406,0.0,-54.81805038483034
DM_RNA_679935.3.peg.1406,0.0,-98.03035439042188
DM_RNA_g.27343.CDS.1407,0.0,-62.42740634368582
DM_RNA_679935.3.peg.1407,0.0,-96.12931793311284
DM_RNA_679935.3.peg.1409,0.0,-138.50055793587214
DM_RNA_679935.3.peg.1410,0.0,-131.81389692084326
DM_RNA_679935.3.peg.1411,0.0,-40.126395042101144
DM_RNA_679935.3.peg.1412,0.0,-78.64124186556177
DM_RNA_679935.3.peg.1413,0.0,-127.8272479928052
DM_RNA_g.27343.CDS.1417,0.0,-89.33750956376467
DM_RNA_g.27343.CDS.1418,0.0,2.739296616406518e-32
DM_RNA_679935.3.peg.1418,0.0,-89.28185513605676
DM_RNA_g.27343.CDS.1420,0.0,-111.71799324581075
DM_RNA_g.27343.CDS.1421,0.0,-81.06012691390734
DM_RNA_g.27343.CDS.1424,0.0,0.0
DM_RNA_679935.3.peg.1428,0.0,-93.9130830836397
DM_RNA_g.27343.CDS.1429,0.0,-46.30671976869933
DM_RNA_g.27343.CDS.1431,0.0,-44.81042237452657
DM_RNA_g.27343.CDS.1432,0.0,-84.17843902429657
DM_RNA_679935.3.peg.1442,0.0,-74.62787363307534
DM_RNA_679935.3.peg.1445,0.0,-70.35299304943437
DM_RNA_g.27343.CDS.1446,0.0,-43.14815198370158
DM_RNA_g.27343.CDS.1450,0.0,0.0
DM_RNA_g.27343.CDS.1452,0.0,-47.74107477934344
DM_RNA_g.27343.CDS.1456,0.0,0.0
DM_RNA_679935.3.peg.1456,0.0,1.859581084751356e-32
DM_RNA_g.27343.CDS.1464,0.0,-40.8352988894183
DM_RNA_g.27343.CDS.1468,0.0,-61.0982619061421
DM_RNA_679935.3.peg.1472,0.0,-78.06793355142119
DM_RNA_g.27343.CDS.1473,0.0,-5.78693749654539e-32
DM_RNA_g.27343.CDS.1486,0.0,0.0
DM_RNA_g.27343.CDS.1489,0.0,-80.8169406853332
DM_RNA_g.27343.CDS.1493,0.0,-82.31045357800238
DM_RNA_g.27343.CDS.1494,0.0,-174.61024462655365
DM_RNA_g.27343.CDS.1508,0.0,-106.42149292187682
DM_RNA_g.27343.CDS.1517,0.0,-113.42468679143114
DM_RNA_g.27343.CDS.1520,0.0,-167.84333353872967
DM_RNA_g.27343.CDS.1530,0.0,-13.483262671291728
DM_RNA_g.27343.CDS.1537,0.0,3.113076523034508e-32
DM_RNA_g.27343.CDS.1538,0.0,-15.913605400532482
DM_RNA_g.27343.CDS.1540,0.0,-43.82732234911602
DM_RNA_g.27343.CDS.1544,0.0,0.0
DM_RNA_g.27343.CDS.1550,0.0,-168.920818563492
DM_RNA_g.27343.CDS.1553,0.0,-58.02425964888335
DM_RNA_g.27343.CDS.1558,0.0,-72.00675707118033
DM_RNA_g.27343.CDS.1561,0.0,-79.37841956129017
DM_RNA_g.27343.CDS.1562,0.0,-21.984218666153073
DM_RNA_g.27343.CDS.1564,3.849888434334155e-65,0.0
DM_RNA_g.27343.CDS.1565,2.854925545711853e-65,-1.6398593517523272e-32
DM_RNA_g.27343.CDS.1571,0.0,-150.12473571621294
DM_RNA_g.27343.CDS.1576,0.0,-138.92873149632973
DM_RNA_g.27343.CDS.1581,0.0,0.0
DM_RNA_g.27343.CDS.1587,0.0,-1.8246912236331096e-32
DM_RNA_g.27343.CDS.1590,0.0,0.0
DM_RNA_g.27343.CDS.1600,0.0,0.0
DM_RNA_g.27343.CDS.1609,0.0,-138.57336970346097
DM_RNA_g.27343.CDS.1616,0.0,-18.46561532790767
DM_RNA_g.27343.CDS.1622,0.0,-19.491537478749848
DM_RNA_g.27343.CDS.1633,0.0,-40.909302154382594
DM_RNA_g.27343.CDS.1635,0.0,-128.30553277317588
DM_RNA_679935.3.peg.1636,0.0,-97.78131777010515
DM_RNA_679935.3.peg.1638,0.0,-81.64718103667329
DM_RNA_g.27343.CDS.1639,0.0,-176.43920203383354
DM_RNA_679935.3.peg.1639,0.0,-57.830730373479234
DM_RNA_679935.3.peg.1640,0.0,2.739296616406518e-32
DM_RNA_679935.3.peg.1641,0.0,-86.59585710718203
DM_RNA_679935.3.peg.1642,0.0,-73.36159522220828
DM_RNA_679935.3.peg.1643,0.0,-89.33750956376467
DM_RNA_679935.3.peg.1644,0.0,-1.8444224411559911e-32
DM_RNA_g.27343.CDS.1645,0.0,-83.47286277271536
DM_RNA_g.27343.CDS.1662,0.0,-29.198778681252904
DM_RNA_g.27343.CDS.1663,0.0,-175.05306456265703
DM_RNA_g.27343.CDS.1666,0.0,-76.68882868628707
DM_RNA_g.27343.CDS.1667,0.0,-93.97355932604651
DM_RNA_g.27343.CDS.1670,0.0,-8.599418789219996
DM_RNA_g.27343.CDS.1684,0.0,-34.46821489344804
DM_RNA_g.27343.CDS.1685,0.0,-3.691922326241096e-32
DM_RNA_g.27343.CDS.1686,5.042934140950272e-66,-4.6418178622197915e-32
DM_RNA_g.27343.CDS.1691,0.0,-26.40425728193018
DM_RNA_g.27343.CDS.1692,0.0,-20.779987206832054
DM_RNA_g.27343.CDS.1693,0.0,-41.148802305214346
DM_RNA_g.27343.CDS.1695,0.0,-291.65840786656827
DM_RNA_g.27343.CDS.1698,0.0,-16.683192380025805
DM_RNA_g.27343.CDS.1702,0.0,-66.9483486885044
DM_RNA_g.27343.CDS.1703,0.0,-149.8920691058946
DM_RNA_g.27343.CDS.1704,0.0,-214.65368282112007
DM_RNA_679935.3.peg.1704,0.0,-56.15619194150023
DM_RNA_g.27343.CDS.1707,0.0,-169.34125865587387
DM_RNA_g.27343.CDS.1714,0.0,-116.55415240671948
DM_RNA_g.27343.CDS.1715,0.0,-224.89518647241223
DM_RNA_g.27343.CDS.1736,0.0,-146.86446488006342
DM_RNA_g.27343.CDS.1748,0.0,-52.19799463077155
DM_RNA_g.27343.CDS.1751,0.0,-65.26002089009201
DM_RNA_g.27343.CDS.1758,0.0,-157.2378045716439
DM_RNA_g.27343.CDS.1759,0.0,-128.48560789871868
DM_RNA_g.27343.CDS.1766,0.0,-153.14182418103658
DM_RNA_g.27343.CDS.1767,0.0,-29.58999357817024
DM_RNA_g.27343.CDS.1768,0.0,-3.744368667336678e-32
DM_RNA_g.27343.CDS.1770,0.0,0.0
DM_RNA_g.27343.CDS.1773,0.0,-96.12931793311284
DM_RNA_679935.3.peg.1777,0.0,-36.33020262906706
DM_RNA_g.27343.CDS.1793,0.0,-247.64677491951588
DM_RNA_g.27343.CDS.1797,0.0,-197.51938323317816
DM_RNA_g.27343.CDS.1803,0.0,-199.36468003197706
DM_RNA_g.27343.CDS.1804,0.0,-49.138492512029025
DM_RNA_g.27343.CDS.1805,0.0,-172.37216779524644
DM_RNA_g.27343.CDS.1807,0.0,-97.81307617771215
DM_RNA_g.27343.CDS.1812,0.0,-28.84410846601153
DM_RNA_g.27343.CDS.1814,0.0,3.5510499909871206e-32
DM_RNA_g.27343.CDS.1815,0.0,-24.203136430765227
DM_RNA_g.27343.CDS.1822,0.0,-32.87980528681562
DM_RNA_g.27343.CDS.1825,0.0,-127.4465071581471
DM_RNA_g.27343.CDS.1826,0.0,-64.83596581316715
DM_RNA_g.27343.CDS.1828,0.0,-16.65534994289941
DM_RNA_g.27343.CDS.1829,0.0,-53.56624954498992
DM_RNA_g.27343.CDS.1831,0.0,4.7661467364630846e-32
DM_RNA_g.27343.CDS.1836,0.0,-4.5090876745078646e-32
DM_RNA_g.27343.CDS.1840,0.0,-22.59133573743308
DM_RNA_g.27343.CDS.1843,0.0,-81.64718103667329
DM_RNA_g.27343.CDS.1848,0.0,0.0
DM_RNA_g.27343.CDS.1849,3.110342152749324e-34,0.0
DM_RNA_g.27343.CDS.1854,0.0,-38.59885249466137
DM_RNA_g.27343.CDS.1857,0.0,-11.744969600149695
DM_RNA_g.27343.CDS.1863,0.0,3.6370523072724687e-32
DM_RNA_g.27343.CDS.1869,0.0,-46.76286691705595
DM_RNA_g.27343.CDS.1872,0.0,-3.6881118090096017e-32
DM_RNA_g.27343.CDS.1874,0.0,-34.881168520792066
DM_RNA_g.27343.CDS.1880,0.0,-73.66856491256188
DM_RNA_g.27343.CDS.1889,0.0,-82.12966611622436
DM_RNA_g.27343.CDS.1890,0.0,-175.1453403432153
DM_RNA_g.27343.CDS.1891,0.0,-54.6192062401792
DM_RNA_g.27343.CDS.1894,0.0,-61.5938551136237
DM_RNA_679935.3.peg.1895,0.0,0.0
DM_RNA_g.27343.CDS.1898,0.0,-81.48005890084922
DM_RNA_g.27343.CDS.1901,0.0,-80.5909505631176
DM_RNA_g.27343.CDS.1903,0.0,4.2993035055061664e-32
DM_RNA_679935.3.peg.1906,0.0,-99.58036775444748
DM_RNA_g.27343.CDS.1915,0.0,-97.71312025417598
DM_RNA_679935.3.peg.1915,0.0,-99.11012851001239
DM_RNA_g.27343.CDS.1917,0.0,-61.39619677942503
DM_RNA_g.27343.CDS.1923,0.0,-58.61947745438905
DM_RNA_g.27343.CDS.1938,0.0,0.0
DM_RNA_g.27343.CDS.1947,0.0,-3.5947113084834066e-32
DM_RNA_679935.3.peg.1955,-2.7982594168772435e-65,0.0
DM_RNA_g.27343.CDS.1956,0.0,-99.7758682271372
DM_RNA_679935.3.peg.1956,0.0,2.9826350823890465e-32
DM_RNA_g.27343.CDS.1958,0.0,-32.43974290502536
DM_RNA_g.27343.CDS.1965,0.0,-80.31302063166436
DM_RNA_g.27343.CDS.1978,0.0,-250.34678833948297
DM_RNA_g.27343.CDS.1979,0.0,-74.7081375746034
DM_RNA_679935.3.peg.1983,0.0,-90.58119008573566
DM_RNA_g.27343.CDS.1988,0.0,-161.43129385154796
DM_RNA_g.27343.CDS.1995,0.0,-114.53936983510263
DM_RNA_g.27343.CDS.2000,0.0,-138.19342093850753
DM_RNA_g.27343.CDS.2022,0.0,-104.56534570672375
DM_RNA_g.27343.CDS.2026,0.0,-62.229612608180524
DM_RNA_g.27343.CDS.2028,0.0,2.516132476246316e-32
DM_RNA_g.27343.CDS.2031,0.0,-115.38158351512973
DM_RNA_679935.3.peg.2033,0.0,-36.73517806980138
DM_RNA_g.27343.CDS.2034,0.0,-88.50168215244886
DM_RNA_679935.3.peg.2039,0.0,-67.12868882830233
DM_RNA_g.27343.CDS.2046,0.0,-90.67177968569095
DM_RNA_g.27343.CDS.2051,0.0,-72.6280124503598
DM_RNA_g.27343.CDS.2053,0.0,-109.80957672115595
DM_RNA_g.27343.CDS.2061,0.0,-185.9989580913008
DM_RNA_g.27343.CDS.2066,0.0,-69.293393454335
DM_RNA_g.27343.CDS.2069,0.0,-17.057824340740407
DM_RNA_g.27343.CDS.2074,0.0,-90.48047145756095
DM_RNA_g.27343.CDS.2082,0.0,0.0
DM_RNA_g.27343.CDS.2099,0.0,-48.613938496898605
DM_RNA_g.27343.CDS.2102,0.0,0.0
DM_RNA_g.27343.CDS.2105,0.0,-126.1057309595445
DM_RNA_g.27343.CDS.2106,0.0,-52.921773524348865
DM_RNA_g.27343.CDS.2111,0.0,0.0
DM_RNA_g.27343.CDS.2120,0.0,-123.10453275900892
DM_RNA_g.27343.CDS.2131,0.0,0.0
DM_RNA_g.27343.CDS.2132,0.0,-86.69420868212914
DM_RNA_679935.3.peg.2138,0.0,-73.0248571407226
DM_RNA_679935.3.peg.2150,0.0,-56.167587956361636
DM_RNA_679935.3.peg.2151,0.0,-145.49617720199066
DM_RNA_679935.3.peg.2152,0.0,-54.022510982902446
DM_RNA_g.27343.CDS.2156,0.0,-57.088591209233726
DM_RNA_g.27343.CDS.2157,0.0,2.5202461828432073e-32
DM_RNA_g.27343.CDS.2159,0.0,-67.99170280527734
DM_RNA_g.27343.CDS.2164,0.0,-253.58654956096274
DM_RNA_679935.3.peg.2165,0.0,0.0
DM_RNA_g.27343.CDS.2168,0.0,-111.1932588252147
DM_RNA_g.27343.CDS.2170,0.0,-51.25219373030254
DM_RNA_g.27343.CDS.2177,0.0,-249.77455465508106
DM_RNA_g.27343.CDS.2189,0.0,-61.162562134424505
DM_RNA_g.27343.CDS.2192,0.0,-3.56200741425207e-32
DM_RNA_g.27343.CDS.2196,0.0,-155.87321431577448
DM_RNA_g.27343.CDS.2200,0.0,-65.32549404463741
DM_RNA_g.27343.CDS.2201,0.0,-3.929221597701426e-32
DM_RNA_g.27343.CDS.2211,0.0,-65.82014041813842
DM_RNA_g.27343.CDS.2219,0.0,-39.74155476179147
DM_RNA_g.27343.CDS.2221,0.0,-98.13443823271402
DM_RNA_679935.3.peg.2222,0.0,0.0
DM_RNA_g.27343.CDS.2223,0.0,-63.77479061253214
DM_RNA_679935.3.peg.2223,0.0,3.244416293690868e-32
DM_RNA_679935.3.peg.2224,0.0,-236.59506586711956
DM_RNA_679935.3.peg.2225,0.0,2.2945260644283205e-32
DM_RNA_679935.3.peg.2226,0.0,2.7246382076748125e-32
DM_RNA_679935.3.peg.2227,-8.95000133871527e-65,0.0
DM_RNA_g.27343.CDS.2228,0.0,-72.43779508034157
DM_RNA_679935.3.peg.2229,4.999364598741927e-65,1.8729085515668638e-32
DM_RNA_679935.3.peg.2230,0.0,0.0
DM_RNA_g.27343.CDS.2233,0.0,0.0
DM_RNA_679935.3.peg.2238,0.0,-7.86977704986157e-33
DM_RNA_679935.3.peg.2239,0.0,0.0
DM_RNA_679935.3.peg.2240,0.0,-279.1094493575556
DM_RNA_679935.3.peg.2242,0.0,2.1374297449184177e-32
DM_RNA_g.27343.CDS.2243,0.0,-24.72685118345741
DM_RNA_679935.3.peg.2243,0.0,3.8122588027711986e-32
DM_RNA_679935.3.peg.2244,0.0,0.0
DM_RNA_679935.3.peg.2245,0.0,0.0
DM_RNA_g.27343.CDS.2246,0.0,0.0
DM_RNA_679935.3.peg.2247,0.0,-113.4198098721377
DM_RNA_g.27343.CDS.2248,0.0,-104.24384479648782
DM_RNA_679935.3.peg.2249,0.0,-92.81277026620191
DM_RNA_g.27343.CDS.2253,0.0,0.0
DM_RNA_679935.3.peg.2254,0.0,-64.13771155462392
DM_RNA_g.27343.CDS.2258,0.0,-56.74332344640415
DM_RNA_g.27343.CDS.2260,0.0,-132.74217623682088
DM_RNA_679935.3.peg.2263,0.0,-101.99142181235335
DM_RNA_679935.3.peg.2265,0.0,-155.87321431577448
DM_RNA_g.27343.CDS.2267,0.0,-52.781727299553644
DM_RNA_g.27343.CDS.2268,0.0,-317.73312276532346
DM_RNA_g.27343.CDS.2271,0.0,-64.65391266833839
DM_RNA_g.27343.CDS.2277,0.0,-56.65531069596232
DM_RNA_g.27343.CDS.2284,0.0,-104.7854073898465
DM_RNA_g.27343.CDS.2288,0.0,0.0
DM_RNA_g.27343.CDS.2295,0.0,-43.544865676882424
DM_RNA_679935.3.peg.2302,0.0,-52.87535661416614
DM_RNA_g.27343.CDS.2305,0.0,-131.480670012598
DM_RNA_679935.3.peg.2311,0.0,-161.2927492489387
DM_RNA_g.27343.CDS.2317,0.0,-75.17452952089802
DM_RNA_g.27343.CDS.2319,0.0,-84.22010939035509
DM_RNA_g.27343.CDS.2320,0.0,-74.61515047951258
DM_RNA_g.27343.CDS.2322,0.0,0.0
DM_RNA_g.27343.CDS.2326,0.0,-109.72583862718008
DM_RNA_g.27343.CDS.2328,0.0,-117.16434860690117
DM_RNA_g.27343.CDS.2342,0.0,-44.881589765326765
DM_RNA_g.27343.CDS.2344,0.0,-158.83192856414502
DM_RNA_679935.3.peg.2349,0.0,-153.1536260716333
DM_RNA_g.27343.CDS.2350,0.0,-111.9904633204187
DM_RNA_g.27343.CDS.2355,0.0,-139.0571747369312
DM_RNA_g.27343.CDS.2362,0.0,-13.937087279387237
DM_RNA_g.27343.CDS.2365,0.0,-146.37495890977033
DM_RNA_g.27343.CDS.2372,0.0,-70.35920265159243
DM_RNA_g.27343.CDS.2373,0.0,-60.38440399353081
DM_RNA_g.27343.CDS.2374,0.0,-39.7040321647688
DM_RNA_g.27343.CDS.2375,0.0,-68.65458996060914
DM_RNA_g.27343.CDS.2380,0.0,-160.61701502232725
DM_RNA_g.27343.CDS.2385,0.0,0.0
DM_RNA_g.27343.CDS.2390,0.0,-199.69825119567514
DM_RNA_g.27343.CDS.2394,0.0,-40.62866942369875
DM_RNA_679935.3.peg.2394,0.0,-27.068427622892038
DM_RNA_g.27343.CDS.2395,0.0,-196.3830298093156
DM_RNA_679935.3.peg.2402,0.0,-26.396940799243747
DM_RNA_679935.3.peg.2403,0.0,-62.98196603144764
DM_RNA_g.27343.CDS.2409,-7.124418336799678e-33,-5.067875988049718e-32
DM_RNA_g.27343.CDS.2429,0.0,-125.17175229222383
DM_RNA_g.27343.CDS.2433,0.0,-33.517066570260795
DM_RNA_g.27343.CDS.2445,0.0,-195.56400451553367
DM_RNA_679935.3.peg.2447,0.0,-44.09645845948648
DM_RNA_g.27343.CDS.2451,0.0,-4.026496498538043e-32
DM_RNA_g.27343.CDS.2452,0.0,0.0
DM_RNA_g.27343.CDS.2455,0.0,-46.333579724244736
DM_RNA_g.27343.CDS.2456,0.0,-164.14986336549825
DM_RNA_g.27343.CDS.2464,0.0,2.0667060724319113e-32
DM_RNA_g.27343.CDS.2480,0.0,-51.81534968759258
DM_RNA_679935.3.peg.2490,0.0,-3.1847122754961626e-32
DM_RNA_g.27343.CDS.2502,0.0,-63.82892614222424
DM_RNA_g.27343.CDS.2511,0.0,0.0
DM_RNA_g.27343.CDS.2513,0.0,-4.176652895433906e-32
DM_RNA_g.27343.CDS.2518,0.0,-3.2027616595108183e-32
DM_RNA_g.27343.CDS.2529,0.0,-106.70588922581575
DM_RNA_g.27343.CDS.2535,0.0,-79.5451123699852
DM_RNA_g.27343.CDS.2542,0.0,-135.66525684878926
DM_RNA_g.27343.CDS.2543,0.0,-83.70296575473742
DM_RNA_g.27343.CDS.2544,0.0,-52.99085737268726
DM_RNA_g.27343.CDS.2551,0.0,-56.167587956361636
DM_RNA_g.27343.CDS.2560,0.0,0.0
DM_RNA_g.27343.CDS.2567,0.0,-109.56615728702258
DM_RNA_g.27343.CDS.2571,0.0,-224.66882691403137
DM_RNA_g.27343.CDS.2584,0.0,-70.985127281709
DM_RNA_g.27343.CDS.2593,0.0,0.0
DM_RNA_g.27343.CDS.2596,0.0,-3.1847122754961626e-32
DM_RNA_679935.3.peg.2598,0.0,-61.078814781796844
DM_RNA_679935.3.peg.2599,0.0,-110.88566173009406
DM_RNA_679935.3.peg.2601,0.0,-117.1054263740651
DM_RNA_g.27343.CDS.2612,0.0,-1.4997236843150732e-32
DM_RNA_g.27343.CDS.2616,0.0,0.0
DM_RNA_g.27343.CDS.2623,0.0,0.0
DM_RNA_g.27343.CDS.2628,0.0,-3.0207901049394334e-32
DM_RNA_g.27343.CDS.2636,0.0,-153.61836829124402
DM_RNA_g.27343.CDS.2641,0.0,-83.82297902748526
DM_RNA_g.27343.CDS.2652,0.0,-3.678536360394572e-32
DM_RNA_g.27343.CDS.2664,0.0,-7.86977704986157e-33
DM_RNA_g.27343.CDS.2666,0.0,-287.22679627500366
DM_RNA_g.27343.CDS.2668,0.0,-71.35559387379999
DM_RNA_g.27343.CDS.2671,0.0,-145.49617720199066
DM_RNA_g.27343.CDS.2674,0.0,-64.22000964669635
DM_RNA_g.27343.CDS.2680,0.0,-83.05929446124108
DM_RNA_g.27343.CDS.2681,0.0,-103.07369174439665
DM_RNA_g.27343.CDS.2686,0.0,-161.34388771788034
DM_RNA_679935.3.peg.2697,0.0,0.0
DM_RNA_g.27343.CDS.2706,0.0,-38.44437351006083
DM_RNA_g.27343.CDS.2711,0.0,-9.670817158016408
DM_RNA_g.27343.CDS.2722,0.0,-54.648238141027456
DM_RNA_679935.3.peg.2722,0.0,-91.41079169590533
DM_RNA_g.27343.CDS.2748,0.0,-105.1313886125836
DM_RNA_g.27343.CDS.2749,0.0,-66.42804844483864
DM_RNA_g.27343.CDS.2754,0.0,-106.11570218616362
DM_RNA_g.27343.CDS.2755,0.0,-77.01276200088788
DM_RNA_g.27343.CDS.2772,0.0,-78.46634484117138
DM_RNA_679935.3.peg.2772,0.0,-44.881589765326765
DM_RNA_679935.3.peg.2773,0.0,-64.22000964669635
DM_RNA_g.27343.CDS.2775,0.0,-58.792726152695245
DM_RNA_g.27343.CDS.2776,0.0,2.70330311026691e-32
DM_RNA_g.27343.CDS.2778,0.0,0.0
DM_RNA_g.27343.CDS.2790,0.0,-30.422460663707437
DM_RNA_g.27343.CDS.2791,3.110342152749324e-34,0.0
DM_RNA_g.27343.CDS.2792,0.0,0.0
DM_RNA_g.27343.CDS.2793,0.0,-32.22690047217121
DM_RNA_g.27343.CDS.2795,3.110342152749324e-34,-5.336659721974684e-32
DM_RNA_679935.3.peg.2801,0.0,-39.36453241921815
DM_RNA_679935.3.peg.2802,0.0,0.0
DM_RNA_g.27343.CDS.2807,0.0,-72.17105400403136
DM_RNA_g.27343.CDS.2813,0.0,-86.04447786473743
DM_RNA_g.27343.CDS.2817,0.0,-91.94714448473279
DM_RNA_g.27343.CDS.2819,0.0,2.94546626737985e-32
DM_RNA_679935.3.peg.2819,0.0,-96.76164717630377
DM_RNA_g.27343.CDS.2821,0.0,-52.35410094308027
DM_RNA_g.27343.CDS.2823,0.0,-64.11591803530297
DM_RNA_679935.3.peg.2825,0.0,-73.12954126401993
DM_RNA_g.27343.CDS.2829,0.0,-109.9169712154207
DM_RNA_679935.3.peg.2833,0.0,-91.94714448473279
DM_RNA_g.27343.CDS.2843,0.0,-108.00515998881976
DM_RNA_g.27343.CDS.2848,0.0,-65.23253745465126
DM_RNA_g.27343.CDS.2853,0.0,0.0
DM_RNA_g.27343.CDS.2859,0.0,6.598468933897672e-32
DM_RNA_g.27343.CDS.2860,0.0,-73.0248571407226
DM_RNA_g.27343.CDS.2865,0.0,-231.9893529006556
DM_RNA_g.27343.CDS.2868,3.110342152749324e-34,0.0
DM_RNA_g.27343.CDS.2870,0.0,-43.23641553123279
DM_RNA_g.27343.CDS.2873,0.0,-39.81264895976852
DM_RNA_g.27343.CDS.2874,0.0,-27.813506867867467
DM_RNA_679935.3.peg.2875,0.0,-114.18345756477567
DM_RNA_g.27343.CDS.2877,0.0,0.0
DM_RNA_679935.3.peg.2878,0.0,-72.01036959464803
DM_RNA_g.27343.CDS.2886,0.0,-81.41422071922437
DM_RNA_g.27343.CDS.2887,0.0,-61.45671837550286
DM_RNA_g.27343.CDS.2892,0.0,-111.10879509314421
DM_RNA_g.27343.CDS.2895,0.0,0.0
DM_RNA_679935.3.peg.2897,0.0,-46.333579724244736
DM_RNA_679935.3.peg.2899,0.0,-54.98068554363055
DM_RNA_679935.3.peg.2900,0.0,-44.28637110167107
DM_RNA_679935.3.peg.2901,0.0,-108.00515998881976
DM_RNA_679935.3.peg.2902,0.0,-78.29432600339742
DM_RNA_679935.3.peg.2903,0.0,-97.62034102037921
DM_RNA_g.27343.CDS.2904,0.0,-50.64150147204776
DM_RNA_679935.3.peg.2904,0.0,-63.51950108475288
DM_RNA_g.27343.CDS.2906,0.0,-36.73517806980138
DM_RNA_g.27343.CDS.2908,0.0,-96.52119031082692
DM_RNA_g.27343.CDS.2919,0.0,-54.98068554363055
DM_RNA_g.27343.CDS.2923,0.0,-88.91252227467612
DM_RNA_g.27343.CDS.2927,0.0,-81.20998292258854
DM_RNA_g.27343.CDS.2931,0.0,-12.899165799768474
DM_RNA_g.27343.CDS.2936,0.0,-49.39343321171691
DM_RNA_679935.3.peg.2941,0.0,-98.76968596066997
DM_RNA_g.27343.CDS.2943,0.0,0.0
DM_RNA_679935.3.peg.2952,0.0,-87.8234249438715
DM_RNA_g.27343.CDS.2957,0.0,-56.01888335754155
DM_RNA_g.27343.CDS.2959,0.0,-23.27219365023849
DM_RNA_g.27343.CDS.2960,0.0,-200.10492517069179
DM_RNA_g.27343.CDS.2968,3.110342152749324e-34,0.0
DM_RNA_679935.3.peg.2969,0.0,0.0
DM_RNA_679935.3.peg.2972,0.0,-88.2290031560713
DM_RNA_g.27343.CDS.2975,0.0,0.0
DM_RNA_g.27343.CDS.2980,0.0,0.0
DM_RNA_g.27343.CDS.2982,0.0,-76.15325189093878
DM_RNA_g.27343.CDS.2990,0.0,-185.65236475888344
DM_RNA_679935.3.peg.2992,0.0,-96.08048496473971
DM_RNA_g.27343.CDS.2994,0.0,-29.35242254697876
DM_RNA_g.27343.CDS.2996,0.0,4.528746092607996e-33
DM_RNA_g.27343.CDS.3002,0.0,0.0
DM_RNA_g.27343.CDS.3004,0.0,-2.91518053525582e-32
DM_RNA_g.27343.CDS.3012,0.0,-46.1559775071719
DM_RNA_g.27343.CDS.3014,0.0,-79.45763212214769
DM_RNA_679935.3.peg.3016,0.0,-137.76944132509507
DM_RNA_g.27343.CDS.3021,0.0,-2.487366542856247e-32
DM_RNA_679935.3.peg.3021,0.0,-102.02615939923446
DM_RNA_679935.3.peg.3023,0.0,-104.23971702049158
DM_RNA_g.27343.CDS.3024,0.0,-71.94712954280125
DM_RNA_679935.3.peg.3029,0.0,-55.69653658961645
DM_RNA_g.27343.CDS.3035,0.0,-64.17801144286489
DM_RNA_g.27343.CDS.3037,0.0,-40.195646365964414
DM_RNA_g.27343.CDS.3043,0.0,-87.49966156587084
DM_RNA_g.27343.CDS.3046,0.0,-145.14210975821476
DM_RNA_g.27343.CDS.3064,0.0,-86.68951767167448
DM_RNA_g.27343.CDS.3072,0.0,-152.38635283663604
DM_RNA_g.27343.CDS.3073,0.0,-42.65471286943151
DM_RNA_g.27343.CDS.3076,0.0,-113.01884572671747
DM_RNA_g.27343.CDS.3078,0.0,-88.6708514319548
DM_RNA_679935.3.peg.3081,0.0,-81.81912589109753
DM_RNA_g.27343.CDS.3104,0.0,-58.55100563616793
DM_RNA_g.27343.CDS.3107,3.110342152749324e-34,0.0
DM_RNA_g.27343.CDS.3110,0.0,0.0
DM_RNA_g.27343.CDS.3111,0.0,-72.40226401376823
DM_RNA_g.27343.CDS.3115,0.0,-162.03574552771374
DM_RNA_g.27343.CDS.3117,0.0,-93.71778319178365
DM_RNA_g.27343.CDS.3124,0.0,0.0
DM_RNA_g.27343.CDS.3125,0.0,-75.06267679266283
DM_RNA_g.27343.CDS.3137,0.0,0.0
DM_RNA_g.27343.CDS.3148,0.0,-66.27706961277545
DM_RNA_g.27343.CDS.3153,0.0,-66.67486464928183
DM_RNA_g.27343.CDS.3154,0.0,-123.08443333215193
DM_RNA_g.27343.CDS.3155,0.0,2.714210060708357e-32
DM_RNA_679935.3.peg.3159,0.0,2.196572486241578e-32
DM_RNA_679935.3.peg.3161,0.0,-79.45763212214769
DM_RNA_g.27343.CDS.3162,0.0,0.0
DM_RNA_679935.3.peg.3169,0.0,0.0
DM_RNA_679935.3.peg.3170,0.0,-2.901199402308911e-32
DM_RNA_679935.3.peg.3171,0.0,-90.15315753782666
DM_RNA_g.27343.CDS.3172,0.0,0.0
DM_RNA_g.27343.CDS.3182,0.0,-103.33696457387389
DM_RNA_679935.3.peg.3185,0.0,-88.6708514319548
DM_RNA_g.27343.CDS.3189,0.0,0.0
DM_RNA_g.27343.CDS.3191,0.0,-142.64688059409244
DM_RNA_679935.3.peg.3194,0.0,2.8565048634217114e-32
DM_RNA_679935.3.peg.3195,0.0,-87.27712392057518
DM_RNA_g.27343.CDS.3196,0.0,0.0
DM_RNA_679935.3.peg.3198,0.0,-59.47783115276349
DM_RNA_g.27343.CDS.3204,0.0,0.0
DM_RNA_g.27343.CDS.3206,0.0,-101.58309335205495
DM_RNA_679935.3.peg.3206,0.0,-58.91653318810256
DM_RNA_g.27343.CDS.3210,0.0,0.0
DM_RNA_g.27343.CDS.3211,0.0,-81.81912589109753
DM_RNA_g.27343.CDS.3212,0.0,-19.639509246635505
DM_RNA_g.27343.CDS.3215,0.0,0.0
DM_RNA_g.27343.CDS.3222,0.0,0.0
DM_RNA_ALFI_RS00290,0.0,-5.508093075939985
DM_RNA_ALFI_RS00500,0.0,-8.58151583328612
DM_RNA_ALFI_RS00505,0.0,-206.83961065947494
DM_RNA_ALFI_RS00510,0.0,-110.7460843155625
DM_RNA_ALFI_RS00920,0.0,-5.579734781661972
DM_RNA_ALFI_RS01145,0.0,-5.380192227551778
DM_RNA_ALFI_RS01430,0.0,-5.422852589692214
DM_RNA_ALFI_RS01685,0.0,-5.212050448691107
DM_RNA_ALFI_RS02245,0.0,-5.381631632309776
DM_RNA_ALFI_RS03230,0.0,-5.380192227551778
DM_RNA_ALFI_RS03835,0.0,-5.629924148928883
DM_RNA_ALFI_RS03930,0.0,-5.474580995644398
DM_RNA_ALFI_RS04170,0.0,-5.638105229374255
DM_RNA_ALFI_RS04225,0.0,-5.648185521500647
DM_RNA_ALFI_RS04230,0.0,-5.485673536085432
DM_RNA_ALFI_RS04675,0.0,-5.775906497928478
DM_RNA_ALFI_RS05460,0.0,-5.673943677794217
DM_RNA_ALFI_RS05480,0.0,-5.373383139341799
DM_RNA_ALFI_RS05780,0.0,-5.313001020510725
DM_RNA_ALFI_RS05980,0.0,-5.4933824131722835
DM_RNA_ALFI_RS06320,0.0,-5.4396423361013095
DM_RNA_ALFI_RS07450,0.0,-5.266969820526604
DM_RNA_ALFI_RS07885,0.0,-6.250903509516414
DM_RNA_ALFI_RS08635,0.0,-6.755634003007068
DM_RNA_ALFI_RS08735,0.0,-6.5411686927641295
DM_RNA_ALFI_RS08960,0.0,-6.1384332408124065
DM_RNA_ALFI_RS08990,0.0,-5.372303478504552
DM_RNA_ALFI_RS09490,0.0,-6.158661237587793
DM_RNA_ALFI_RS09500,0.0,-110.79311493835077
DM_RNA_ALFI_RS09505,0.0,-5.4599827923144675
DM_RNA_ALFI_RS09510,0.0,-5.559574197409189
DM_RNA_ALFI_RS09515,0.0,-206.83961065947494
DM_RNA_ALFI_RS09520,0.0,-8.58151583328612
DM_RNA_ALFI_RS09930,0.0,-5.531624498036455
DM_RNA_ALFI_RS09960,0.0,-5.590894734625611
DM_RNA_ALFI_RS09965,0.0,-6.169965871393872
DM_RNA_ALFI_RS09970,0.0,-5.491123457570514
DM_RNA_ALFI_RS09980,0.0,-5.426403299496275
DM_RNA_ALFI_RS16935,0.0,-5.257069400360587
DM_RNA_ALFI_RS10045,0.0,-6.587199892748252
DM_RNA_ALFI_RS10285,0.0,-5.778197674934917
DM_RNA_ALFI_RS10975,0.0,-6.297786481748978
DM_RNA_ALFI_RS12315,0.0,-5.3073712270652695
DM_RNA_ALFI_RS17005,0.0,-7.936671418544928
DM_RNA_ALFI_RS12810,0.0,-5.473221828919501
DM_RNA_ALFI_RS13280,0.0,-6.549169901249126
DM_RNA_ALFI_RS13530,0.0,-5.289289726453881
DM_RNA_ALFI_RS14240,0.0,-5.710894008456095
DM_RNA_ALFI_RS14245,0.0,-5.715344507137029
DM_RNA_ALFI_RS14525,0.0,-5.50138362165728
DM_RNA_ALFI_RS14720,0.0,-5.4497226282277005
DM_RNA_ALFI_RS14805,0.0,-5.603233982353772
DM_RNA_ALFI_RS14810,0.0,-5.841018621328136
DM_RNA_ALFI_RS15550,0.0,-5.5032828333383
DM_RNA_ALFI_RS15705,0.0,-6.360787300102571
DM_RNA_ALFI_RS15730,0.0,-5.4933824131722835
formation_679935.3.peg.1042-MONOMER,0.0,0.0
formation_679935.3.peg.1076-MONOMER,0.0,6.60798700228355e-35
formation_679935.3.peg.1089-MONOMER,0.0,0.0
formation_679935.3.peg.1092-MONOMER,2.0063765182509833e-10,7.629574830810018e-33
formation_679935.3.peg.1101-MONOMER,1.9948311509895675e-06,0.0
formation_679935.3.peg.1106-MONOMER,1.3913967530831413e-06,0.0
formation_679935.3.peg.1108-MONOMER,1.9028562829679633e-06,0.0
formation_679935.3.peg.1114-MONOMER,1.6047136800025881e-07,0.0
formation_679935.3.peg.1116-MONOMER,9.674687725734285e-07,0.0
formation_679935.3.peg.1117-MONOMER,0.0,0.0
formation_679935.3.peg.1160-MONOMER,1.2982449766058897e-07,0.0
formation_679935.3.peg.1168-MONOMER,1.270588172337564e-06,-1.0944805514764303e-34
formation_679935.3.peg.120-MONOMER,1.1124618518858528e-08,0.0
formation_679935.3.peg.1209-MONOMER,0.0,0.0
formation_679935.3.peg.123-MONOMER,3.472937526348537e-08,0.0
formation_679935.3.peg.124-MONOMER,3.149844764765031e-08,0.0
formation_679935.3.peg.1264-MONOMER,0.0,0.0
formation_679935.3.peg.1401-MONOMER,0.0,0.0
formation_679935.3.peg.1402-MONOMER,0.0,0.0
formation_679935.3.peg.1403-MONOMER,0.0,8.456889524375859e-35
formation_679935.3.peg.1404-MONOMER,0.0,0.0
formation_679935.3.peg.1405-MONOMER,0.0,0.0
formation_679935.3.peg.1406-MONOMER,0.0,0.0
formation_679935.3.peg.1407-MONOMER,0.0,0.0
formation_679935.3.peg.1410-MONOMER,0.0,-3.4043995514561677e-34
formation_679935.3.peg.1411-MONOMER,2.232130389244183e-06,0.0
formation_679935.3.peg.1418-MONOMER,0.0,-2.8385358961703562e-34
formation_679935.3.peg.1428-MONOMER,6.6101157968694985e-06,-2.9511310019043462e-34
formation_679935.3.peg.144-MONOMER,0.0,2.7872156843079187e-34
formation_679935.3.peg.1442-MONOMER,7.259542179806787e-07,1.2823852850080574e-34
formation_679935.3.peg.1456-MONOMER,0.0,6.29558753978383e-35
formation_679935.3.peg.1472-MONOMER,9.267235455584922e-08,0.0
formation_679935.3.peg.1636-MONOMER,4.913570647766078e-08,0.0
formation_679935.3.peg.1638-MONOMER,0.0,-2.662209912088277e-34
formation_679935.3.peg.1639-MONOMER,3.7318929332911444e-07,0.0
formation_679935.3.peg.1640-MONOMER,0.0,3.1284686907421716e-35
formation_679935.3.peg.1642-MONOMER,3.1048924203679995e-07,2.0180136210884605e-34
formation_679935.3.peg.1644-MONOMER,0.0,4.6159407953722705e-35
formation_679935.3.peg.1704-MONOMER,4.008279136985819e-06,0.0
formation_679935.3.peg.1777-MONOMER,0.0,0.0
formation_679935.3.peg.180-MONOMER,0.0,0.0
formation_679935.3.peg.181-MONOMER,0.0,-2.6506438838479393e-34
formation_679935.3.peg.1895-MONOMER,0.0,-4.0911393913732656e-34
formation_679935.3.peg.1906-MONOMER,9.414408686812245e-08,2.4147882520940315e-34
formation_679935.3.peg.1915-MONOMER,5.190019415932416e-07,0.0
formation_679935.3.peg.1955-MONOMER,-1.046391305790298e-63,0.0
formation_679935.3.peg.1956-MONOMER,0.0,-5.656646780356374e-35
formation_679935.3.peg.1983-MONOMER,0.0,0.0
formation_679935.3.peg.2033-MONOMER,1.808350892545644e-08,-6.360547453522941e-35
formation_679935.3.peg.2039-MONOMER,0.0,-1.6663430232197396e-34
formation_679935.3.peg.2138-MONOMER,0.0,-2.5905610119281375e-34
formation_679935.3.peg.2165-MONOMER,0.0,0.0
formation_679935.3.peg.2222-MONOMER,0.0,-1.4059031047061704e-34
formation_679935.3.peg.2223-MONOMER,0.0,-2.1561012372191616e-35
formation_679935.3.peg.2224-MONOMER,0.0,3.3147612785809547e-34
formation_679935.3.peg.2225-MONOMER,0.0,0.0
formation_679935.3.peg.2226-MONOMER,0.0,0.0
formation_679935.3.peg.2227-MONOMER,2.188527397295665e-63,-6.684969366383769e-36
formation_679935.3.peg.2229-MONOMER,0.0,4.58577880487095e-36
formation_679935.3.peg.2230-MONOMER,-1.708899043930159e-63,3.424482835397043e-35
formation_679935.3.peg.2238-MONOMER,0.0,0.0
formation_679935.3.peg.2239-MONOMER,0.0,1.7262566395550335e-35
formation_679935.3.peg.2240-MONOMER,0.0,0.0
formation_679935.3.peg.2242-MONOMER,0.0,1.5974344092597614e-34
formation_679935.3.peg.2243-MONOMER,0.0,0.0
formation_679935.3.peg.2244-MONOMER,0.0,7.166329061409983e-35
formation_679935.3.peg.2245-MONOMER,0.0,-3.60394770772655e-36
formation_679935.3.peg.2247-MONOMER,0.0,0.0
formation_679935.3.peg.2249-MONOMER,0.0,0.0
formation_679935.3.peg.2263-MONOMER,0.0,3.1145575397568265e-34
formation_679935.3.peg.2265-MONOMER,0.0,6.76821502467264e-34
formation_679935.3.peg.2302-MONOMER,8.696258796962178e-10,0.0
formation_679935.3.peg.2311-MONOMER,0.0,2.549053558307792e-34
formation_679935.3.peg.2349-MONOMER,4.861129281906354e-07,0.0
formation_679935.3.peg.2394-MONOMER,2.7697029160243258e-09,-7.194809491315073e-35
formation_679935.3.peg.2402-MONOMER,1.4177619251580067e-09,0.0
formation_679935.3.peg.242-MONOMER,1.0309724382927447e-06,1.2970341877507441e-34
formation_679935.3.peg.2447-MONOMER,8.572747528643445e-10,0.0
formation_679935.3.peg.2490-MONOMER,0.0,0.0
formation_679935.3.peg.2599-MONOMER,7.974935678212414e-31,0.0
formation_679935.3.peg.2697-MONOMER,0.0,0.0
formation_679935.3.peg.2772-MONOMER,9.904726038524454e-10,0.0
formation_679935.3.peg.2802-MONOMER,0.0,0.0
formation_679935.3.peg.2825-MONOMER,0.0,0.0
formation_679935.3.peg.2833-MONOMER,1.4823356821462706e-06,-1.437641757019845e-34
formation_679935.3.peg.2878-MONOMER,0.0,2.081712272012745e-34
formation_679935.3.peg.2897-MONOMER,0.0,1.1354330780521914e-34
formation_679935.3.peg.2899-MONOMER,0.0,0.0
formation_679935.3.peg.2900-MONOMER,0.0,-1.111023586888229e-34
formation_679935.3.peg.2904-MONOMER,6.180276180438869e-63,0.0
formation_679935.3.peg.2941-MONOMER,0.0,1.6313086941670311e-34
formation_679935.3.peg.2952-MONOMER,0.0,0.0
formation_679935.3.peg.2969-MONOMER,0.0,-4.5123703980620394e-35
formation_679935.3.peg.2972-MONOMER,1.7813535462396543e-06,0.0
formation_679935.3.peg.2992-MONOMER,1.2304754673141655e-06,0.0
formation_679935.3.peg.3016-MONOMER,0.0,0.0
formation_679935.3.peg.3021-MONOMER,2.343451452384755e-07,0.0
formation_679935.3.peg.3023-MONOMER,8.627503729315938e-09,0.0
formation_679935.3.peg.3029-MONOMER,0.0,0.0
formation_679935.3.peg.308-MONOMER,0.0,0.0
formation_679935.3.peg.3081-MONOMER,1.2919140293538718e-09,0.0
formation_679935.3.peg.3161-MONOMER,0.0,-2.7214765911263372e-33
formation_679935.3.peg.3169-MONOMER,0.0,9.185530852283416e-35
formation_679935.3.peg.3170-MONOMER,0.0,0.0
formation_679935.3.peg.3171-MONOMER,3.6820327918228537e-06,0.0
formation_679935.3.peg.3194-MONOMER,0.0,-2.747530812202758e-35
formation_679935.3.peg.3206-MONOMER,8.1332813567452e-09,0.0
formation_679935.3.peg.393-MONOMER,5.523595300977339e-11,0.0
formation_679935.3.peg.464-MONOMER,0.0,0.0
formation_679935.3.peg.573-MONOMER,2.748673775496359e-06,0.0
formation_679935.3.peg.577-MONOMER,-2.3295116798238324e-30,0.0
formation_679935.3.peg.671-MONOMER,0.0,0.0
formation_679935.3.peg.787-MONOMER,9.201880914409355e-08,0.0
formation_679935.3.peg.830-MONOMER,0.0,-2.0348019958926464e-34
formation_679935.3.peg.836-MONOMER,4.2845238894491854e-40,4.953700431748247e-34
formation_679935.3.peg.865-MONOMER,0.0,0.0
formation_679935.3.peg.96-MONOMER,5.592759105856012e-10,-1.94217560593407e-34
formation_679935.3.peg.995-MONOMER,6.453166781336441e-06,0.0
formation_CPLX_3OAS100-0,1.2239230825075993e-07,0.0
formation_CPLX_3OAS100-1,0.0,-8.575162290210027e-34
formation_CPLX_3OAS100-2,0.0,0.0
formation_CPLX_5AIZCDC-0,0.0,-4.3737601265503063e-35
formation_CPLX_ACGApts-0,8.744488583241631e-07,0.0
formation_CPLX_ADOCBLabc-0,0.0,0.0
formation_CPLX_ADOCBLabc-1,3.12905379461994e-10,-8.635880803901798e-34
formation_CPLX_ADOCBLabc-2,0.0,5.99473781601577e-34
formation_CPLX_ADOCBLabc-3,0.0,0.0
formation_CPLX_CBL1abc-0,0.0,8.747752870903988e-34
formation_CPLX_CBL1abc-1,0.0,-6.3137102340695265e-34
formation_CPLX_CBL1abc-2,0.0,8.744891123105819e-34
formation_CPLX_CBL1abc-3,0.0,2.1038745182980946e-34
formation_CPLX_DMATT-0,3.125151503313639e-09,0.0
formation_CPLX_FRD2-0,0.0,-5.086383284075832e-34
formation_CPLX_G3PAT120-0,1.9497372099316663e-08,-1.1671520904179673e-34
formation_CPLX_GCCb-0,0.0,0.0
formation_CPLX_GCCc-0,0.0,-7.982265191317805e-34
formation_CPLX_HYD1-0,0.0,0.0
formation_CPLX_IPPMIb-0,0.0,2.233642938814672e-34
formation_CPLX_MNLpts-0,3.1589862049352146e-08,2.599182507946992e-33
formation_CPLX_NADH6-0,3.677395656501668e-07,1.817539513101743e-33
formation_CPLX_SUCD1-0,0.0,5.602689668383727e-34
formation_CPLX_UREA-0,-5.484437173548357e-64,-2.134073290725298e-34
formation_CPLX_UREA-1,4.147809475892181e-31,0.0
formation_CPLX_YUMPS-0,0.0,1.1326265620183224e-34
formation_CPLX_ZNabc-0,0.0,1.4825586130796004e-33
formation_CPLX_dreplication-0,0.0,1.760195121701973e-33
formation_CPLX_dreplication-1,0.0,6.638855721305619e-33
formation_CPLX_dreplication-10,0.0,0.0
formation_CPLX_dreplication-11,0.0,-4.415088722029801e-33
formation_CPLX_dreplication-12,4.308851008969764e-31,0.0
formation_CPLX_dreplication-13,0.0,2.2226764146579963e-33
formation_CPLX_dreplication-14,0.0,0.0
formation_CPLX_dreplication-15,0.0,0.0
formation_CPLX_dreplication-2,-4.4969646245598235e-31,1.6285710102668726e-33
formation_CPLX_dreplication-3,0.0,1.629596625262035e-33
formation_CPLX_dreplication-4,0.0,0.0
formation_CPLX_dreplication-5,0.0,2.2115655545132154e-33
formation_CPLX_dreplication-6,0.0,0.0
formation_CPLX_dreplication-7,0.0,0.0
formation_CPLX_dreplication-8,0.0,0.0
formation_CPLX_dreplication-9,0.0,2.212181694893705e-33
formation_CPLX_pbiosynthesis-0,1.1668548853641553e-10,4.060724936850603e-31
formation_CPLX_rtranscription-0,1.833800351181635e-10,-2.30543312429026e-31
formation_g.27343.CDS.1011-MONOMER,0.0,0.0
formation_g.27343.CDS.1014-MONOMER,1.0753004244441352e-05,0.0
formation_g.27343.CDS.1018-MONOMER,0.0,0.0
formation_g.27343.CDS.1027-MONOMER,-9.481445428339644e-29,8.837011375492887e-35
formation_g.27343.CDS.1043-MONOMER,0.0,-1.270471374354922e-34
formation_g.27343.CDS.1044-MONOMER,0.0,-8.873878810008641e-36
formation_g.27343.CDS.1046-MONOMER,6.186589655384107e-08,0.0
formation_g.27343.CDS.1058-MONOMER,0.0,-1.6904315676337244e-34
formation_g.27343.CDS.1073-MONOMER,1.599453643543164e-07,-2.3652294243839893e-34
formation_g.27343.CDS.1077-MONOMER,1.0753004244441352e-05,-7.50743559884094e-35
formation_g.27343.CDS.1085-MONOMER,2.8884958746877716e-09,0.0
formation_g.27343.CDS.1092-MONOMER,0.0,0.0
formation_g.27343.CDS.1093-MONOMER,0.0,0.0
formation_g.27343.CDS.1094-MONOMER,5.351423112382463e-07,0.0
formation_g.27343.CDS.1098-MONOMER,0.0,-3.2959476206655602e-34
formation_g.27343.CDS.1103-MONOMER,1.0753004244441352e-05,1.527647368680209e-35
formation_g.27343.CDS.111-MONOMER,1.0502964094167851e-11,0.0
formation_g.27343.CDS.1113-MONOMER,0.0,0.0
formation_g.27343.CDS.1123-MONOMER,0.0,-5.277658079192607e-35
formation_g.27343.CDS.1142-MONOMER,1.1774621431512906e-06,0.0
formation_g.27343.CDS.1144-MONOMER,5.4997323971954155e-09,0.0
formation_g.27343.CDS.1153-MONOMER,9.98808173028877e-07,0.0
formation_g.27343.CDS.1154-MONOMER,1.0753004244441352e-05,3.247733488119461e-35
formation_g.27343.CDS.1155-MONOMER,-2.937573888155157e-29,-8.906709430574937e-35
formation_g.27343.CDS.1167-MONOMER,1.0753120929929888e-05,0.0
formation_g.27343.CDS.1178-MONOMER,4.033688797402042e-09,-1.7027167762593266e-34
formation_g.27343.CDS.1188-MONOMER,5.999604873131814e-09,0.0
formation_g.27343.CDS.1200-MONOMER,6.983686432053597e-09,-2.1996011324656914e-34
formation_g.27343.CDS.1208-MONOMER,0.0,4.2878166878929385e-34
formation_g.27343.CDS.1215-MONOMER,1.0753004244441352e-05,0.0
formation_g.27343.CDS.1216-MONOMER,3.6412070670050463e-13,-2.132797555771453e-34
formation_g.27343.CDS.1230-MONOMER,2.3744338002127076e-44,-3.637148592780643e-34
formation_g.27343.CDS.1232-MONOMER,2.988189642783744e-10,-1.3675556873881054e-33
formation_g.27343.CDS.1236-MONOMER,0.0,0.0
formation_g.27343.CDS.1251-MONOMER,1.0502964094167851e-11,0.0
formation_g.27343.CDS.1252-MONOMER,1.0753004244441352e-05,6.654634593587916e-35
formation_g.27343.CDS.1266-MONOMER,9.951716693475834e-07,0.0
formation_g.27343.CDS.1276-MONOMER,6.471305547418531e-10,0.0
formation_g.27343.CDS.1282-MONOMER,0.0,4.337087768021138e-34
formation_g.27343.CDS.1286-MONOMER,0.0,0.0
formation_g.27343.CDS.1288-MONOMER,0.0018038941602474179,0.0
formation_g.27343.CDS.1290-MONOMER,1.3979141477994762e-07,2.4147882520940315e-34
formation_g.27343.CDS.1293-MONOMER,0.0,3.0025823018456226e-35
formation_g.27343.CDS.1298-MONOMER,1.0753004244441352e-05,1.562983182389837e-35
formation_g.27343.CDS.1306-MONOMER,0.0,0.0
formation_g.27343.CDS.132-MONOMER,0.0,-9.763253316448991e-35
formation_g.27343.CDS.1322-MONOMER,1.0753004244441352e-05,-1.5173569836009232e-35
formation_g.27343.CDS.1330-MONOMER,0.0,4.979809924894755e-35
formation_g.27343.CDS.1331-MONOMER,0.0,7.422396659507547e-35
formation_g.27343.CDS.1347-MONOMER,0.0,0.0
formation_g.27343.CDS.1356-MONOMER,0.0,0.0
formation_g.27343.CDS.1357-MONOMER,2.162858400719459e-07,-2.705729133962131e-34
formation_g.27343.CDS.1358-MONOMER,1.0753004244441352e-05,0.0
formation_g.27343.CDS.1362-MONOMER,1.0502964094167851e-11,0.0
formation_g.27343.CDS.1372-MONOMER,0.0,0.0
formation_g.27343.CDS.1376-MONOMER,4.0268046494540136e-07,0.0
formation_g.27343.CDS.1384-MONOMER,0.0,-4.207696739221996e-34
formation_g.27343.CDS.1388-MONOMER,3.764437724713863e-08,-3.4999548007418545e-34
formation_g.27343.CDS.1400-MONOMER,6.681593332329209e-10,0.0
formation_g.27343.CDS.1402-MONOMER,1.0753004244441352e-05,0.0
formation_g.27343.CDS.1405-MONOMER,0.0,0.0
formation_g.27343.CDS.1406-MONOMER,0.0,1.7599173222795863e-34
formation_g.27343.CDS.1407-MONOMER,1.0753004244441352e-05,0.0
formation_g.27343.CDS.1417-MONOMER,0.0,1.0128678855204406e-34
formation_g.27343.CDS.1418-MONOMER,0.0,3.1284686907421716e-35
formation_g.27343.CDS.142-MONOMER,1.0753004244441352e-05,-1.5169147732203445e-35
formation_g.27343.CDS.1421-MONOMER,0.0,5.385250550816899e-35
formation_g.27343.CDS.1424-MONOMER,0.0,-8.806447825918615e-35
formation_g.27343.CDS.1431-MONOMER,1.0753120929929888e-05,0.0
formation_g.27343.CDS.1446-MONOMER,1.0753004244441352e-05,7.976981587263229e-35
formation_g.27343.CDS.1450-MONOMER,0.0,0.0
formation_g.27343.CDS.1452-MONOMER,0.0,8.69804636870147e-35
formation_g.27343.CDS.1456-MONOMER,0.0,0.0
formation_g.27343.CDS.1464-MONOMER,1.0753004244441352e-05,0.0
formation_g.27343.CDS.1468-MONOMER,1.0753004244441352e-05,0.0
formation_g.27343.CDS.147-MONOMER,1.0753004244441352e-05,5.224360575576204e-35
formation_g.27343.CDS.1473-MONOMER,0.0,-2.4476976314721153e-35
formation_g.27343.CDS.1486-MONOMER,0.0,1.1057830208691066e-34
formation_g.27343.CDS.149-MONOMER,0.0,0.0
formation_g.27343.CDS.1493-MONOMER,0.0,0.0
formation_g.27343.CDS.1494-MONOMER,0.0,0.0
formation_g.27343.CDS.1508-MONOMER,0.0,-4.889384696117193e-34
formation_g.27343.CDS.1517-MONOMER,9.326196841463125e-08,0.0
formation_g.27343.CDS.1530-MONOMER,1.0753004244441352e-05,0.0
formation_g.27343.CDS.1537-MONOMER,0.0,0.0
formation_g.27343.CDS.1538-MONOMER,4.033688797402042e-09,3.799695107854119e-38
formation_g.27343.CDS.1540-MONOMER,7.075816640373182e-07,0.0
formation_g.27343.CDS.1544-MONOMER,0.0,0.0
formation_g.27343.CDS.1550-MONOMER,0.0,0.0
formation_g.27343.CDS.1558-MONOMER,1.974506513865388e-06,0.0
formation_g.27343.CDS.1561-MONOMER,9.099691840334188e-31,0.0
formation_g.27343.CDS.1564-MONOMER,2.608685230030311e-63,0.0
formation_g.27343.CDS.1571-MONOMER,0.0,-4.229154145012279e-34
formation_g.27343.CDS.1576-MONOMER,1.0753004244441352e-05,0.0
formation_g.27343.CDS.1581-MONOMER,0.0,0.0
formation_g.27343.CDS.1590-MONOMER,0.0,0.0
formation_g.27343.CDS.1600-MONOMER,0.0,0.0
formation_g.27343.CDS.1609-MONOMER,0.0,0.0
formation_g.27343.CDS.1616-MONOMER,1.0753004244441352e-05,0.0
formation_g.27343.CDS.1622-MONOMER,1.0753004244441352e-05,0.0
formation_g.27343.CDS.1635-MONOMER,7.01135440340963e-08,0.0
formation_g.27343.CDS.1639-MONOMER,0.0,4.29930430191871e-34
formation_g.27343.CDS.1662-MONOMER,1.0753004244441352e-05,-1.6159767297003012e-35
formation_g.27343.CDS.1663-MONOMER,0.0,-4.4326420624284765e-34
formation_g.27343.CDS.1666-MONOMER,0.0,0.0
formation_g.27343.CDS.1667-MONOMER,4.7084398082065e-08,-5.006879575690323e-34
formation_g.27343.CDS.1670-MONOMER,1.0753004244441352e-05,0.0
formation_g.27343.CDS.1684-MONOMER,5.938886984352105e-29,1.8960701376774716e-34
formation_g.27343.CDS.1691-MONOMER,1.0753004244441352e-05,0.0
formation_g.27343.CDS.1692-MONOMER,1.0753004244441352e-05,0.0
formation_g.27343.CDS.1693-MONOMER,4.033688797402042e-09,-5.153967093447117e-35
formation_g.27343.CDS.1695-MONOMER,0.0,0.0
formation_g.27343.CDS.1698-MONOMER,1.0753004244441352e-05,-1.5015241114879052e-35
formation_g.27343.CDS.170-MONOMER,1.0753004244441352e-05,0.0
formation_g.27343.CDS.1703-MONOMER,0.0,-3.874093840324917e-34
formation_g.27343.CDS.1704-MONOMER,0.0,-5.448785324477937e-34
formation_g.27343.CDS.1707-MONOMER,0.0,-4.232447567925634e-34
formation_g.27343.CDS.1714-MONOMER,1.560111201196375e-08,0.0
formation_g.27343.CDS.1715-MONOMER,0.0,0.0
formation_g.27343.CDS.1751-MONOMER,2.101573702719125e-06,0.0
formation_g.27343.CDS.1758-MONOMER,1.0528019022004495e-06,0.0
formation_g.27343.CDS.1759-MONOMER,6.766511046753543e-08,0.0
formation_g.27343.CDS.1766-MONOMER,3.52911641729084e-08,-6.838729673842026e-34
formation_g.27343.CDS.1767-MONOMER,1.0753004244441352e-05,0.0
formation_g.27343.CDS.1768-MONOMER,0.0,0.0
formation_g.27343.CDS.1803-MONOMER,0.0,0.0
formation_g.27343.CDS.1804-MONOMER,-8.913398612969861e-43,0.0
formation_g.27343.CDS.1807-MONOMER,3.2581483257744138e-09,0.0
formation_g.27343.CDS.1812-MONOMER,1.0753004244441352e-05,0.0
formation_g.27343.CDS.1814-MONOMER,0.0,0.0
formation_g.27343.CDS.1815-MONOMER,1.0753004244441352e-05,0.0
formation_g.27343.CDS.1822-MONOMER,1.0753004244441352e-05,-7.559260163186704e-35
formation_g.27343.CDS.1825-MONOMER,0.0,-1.903536533287265e-34
formation_g.27343.CDS.1826-MONOMER,6.076421650347561e-09,0.0
formation_g.27343.CDS.1828-MONOMER,1.0928072874439918e-24,4.26379920199859e-34
formation_g.27343.CDS.1831-MONOMER,0.0,0.0
formation_g.27343.CDS.1840-MONOMER,1.0753004244441352e-05,0.0
formation_g.27343.CDS.1854-MONOMER,1.0753004244441352e-05,-1.4460331154807406e-34
formation_g.27343.CDS.1857-MONOMER,1.0753004244441352e-05,0.0
formation_g.27343.CDS.1869-MONOMER,1.0753120929929888e-05,-8.568600615355854e-35
formation_g.27343.CDS.1874-MONOMER,4.033688797402042e-09,9.343624928606231e-36
formation_g.27343.CDS.1889-MONOMER,0.0,0.0
formation_g.27343.CDS.1890-MONOMER,0.0,0.0
formation_g.27343.CDS.1891-MONOMER,9.853001102365624e-06,0.0
formation_g.27343.CDS.1901-MONOMER,2.227505481907223e-09,0.0
formation_g.27343.CDS.1903-MONOMER,0.0,3.4551262630954134e-37
formation_g.27343.CDS.1915-MONOMER,1.0753004244441352e-05,0.0
formation_g.27343.CDS.1917-MONOMER,0.0,0.0
formation_g.27343.CDS.1923-MONOMER,1.0753004244441352e-05,3.517973379710884e-34
formation_g.27343.CDS.1938-MONOMER,0.0,0.0
formation_g.27343.CDS.194-MONOMER,0.0,0.0
formation_g.27343.CDS.1947-MONOMER,0.0,0.0
formation_g.27343.CDS.1956-MONOMER,2.7971028717475093e-07,-9.822634676059898e-35
formation_g.27343.CDS.1958-MONOMER,1.0753004244441352e-05,-3.4534659792360404e-35
formation_g.27343.CDS.1965-MONOMER,5.792011625574286e-08,2.05389080026659e-34
formation_g.27343.CDS.1978-MONOMER,2.8875006322871065e-07,0.0
formation_g.27343.CDS.1979-MONOMER,0.0,0.0
formation_g.27343.CDS.1988-MONOMER,0.0,0.0
formation_g.27343.CDS.1995-MONOMER,8.311601240122755e-08,0.0
formation_g.27343.CDS.2000-MONOMER,0.0,0.0
formation_g.27343.CDS.2022-MONOMER,0.0,0.0
formation_g.27343.CDS.2028-MONOMER,0.0,0.0
formation_g.27343.CDS.2031-MONOMER,6.301778456500718e-11,0.0
formation_g.27343.CDS.2034-MONOMER,1.1774621431512904e-06,0.0
formation_g.27343.CDS.204-MONOMER,0.0,0.0
formation_g.27343.CDS.205-MONOMER,1.833800351181635e-10,0.0
formation_g.27343.CDS.2051-MONOMER,6.060312515377336e-09,1.0463027878300525e-33
formation_g.27343.CDS.2053-MONOMER,1.5054863743954562e-40,2.3207448491914373e-34
formation_g.27343.CDS.2061-MONOMER,0.0,0.0
formation_g.27343.CDS.2066-MONOMER,1.0753004244441352e-05,0.0
formation_g.27343.CDS.2069-MONOMER,1.0753004244441352e-05,-7.387965677620896e-36
formation_g.27343.CDS.2074-MONOMER,0.0,0.0
formation_g.27343.CDS.2082-MONOMER,0.0,-1.1323289370110721e-35
formation_g.27343.CDS.2099-MONOMER,0.0,0.0
formation_g.27343.CDS.2111-MONOMER,0.0,0.0
formation_g.27343.CDS.2120-MONOMER,0.0,-3.3634911649364755e-34
formation_g.27343.CDS.213-MONOMER,0.0,1.067523680623635e-34
formation_g.27343.CDS.2131-MONOMER,0.0,0.0
formation_g.27343.CDS.2157-MONOMER,0.0,5.91271826910368e-35
formation_g.27343.CDS.2164-MONOMER,1.041264830203972e-07,0.0
formation_g.27343.CDS.2168-MONOMER,3.861767498012542e-08,-2.1132730246576885e-34
formation_g.27343.CDS.2170-MONOMER,1.0753004244441352e-05,0.0
formation_g.27343.CDS.2189-MONOMER,3.205301312095547e-08,0.0
formation_g.27343.CDS.2192-MONOMER,0.0,0.0
formation_g.27343.CDS.2196-MONOMER,0.0,0.0
formation_g.27343.CDS.2200-MONOMER,0.0,-2.003355954309241e-34
formation_g.27343.CDS.2201-MONOMER,0.0,2.2148578515455e-34
formation_g.27343.CDS.221-MONOMER,1.8061833154948197e-09,0.0
formation_g.27343.CDS.2211-MONOMER,3.6793616940225136e-07,-3.1263204174493003e-34
formation_g.27343.CDS.2219-MONOMER,1.0753004244441352e-05,0.0
formation_g.27343.CDS.2223-MONOMER,9.230120376483366e-07,3.4006570712096388e-34
formation_g.27343.CDS.2228-MONOMER,0.0,-1.9198820677829241e-34
formation_g.27343.CDS.2233-MONOMER,0.0,0.0
formation_g.27343.CDS.2243-MONOMER,1.0753004244441352e-05,3.0490313127488966e-35
formation_g.27343.CDS.2246-MONOMER,0.0,-4.363971658925821e-35
formation_g.27343.CDS.2248-MONOMER,0.0,0.0
formation_g.27343.CDS.2253-MONOMER,0.0,0.0
formation_g.27343.CDS.2258-MONOMER,7.163378646842772e-09,0.0
formation_g.27343.CDS.2260-MONOMER,6.209687556965876e-08,2.903089026854994e-34
formation_g.27343.CDS.2271-MONOMER,2.467956313220869e-07,-2.766627831882859e-34
formation_g.27343.CDS.2277-MONOMER,8.761656096703343e-09,0.0
formation_g.27343.CDS.2288-MONOMER,0.0,0.0
formation_g.27343.CDS.2295-MONOMER,0.0,-6.908667864908517e-35
formation_g.27343.CDS.2305-MONOMER,0.0,3.973346137993979e-34
formation_g.27343.CDS.2317-MONOMER,1.388095754241612e-08,0.0
formation_g.27343.CDS.2322-MONOMER,0.0,-8.616625559270195e-35
formation_g.27343.CDS.2326-MONOMER,0.0,0.0
formation_g.27343.CDS.2342-MONOMER,3.403166609109113e-08,0.0
formation_g.27343.CDS.2344-MONOMER,0.0,0.0
formation_g.27343.CDS.2355-MONOMER,2.6967735344130486e-11,5.007400811958591e-34
formation_g.27343.CDS.2362-MONOMER,1.0753004244441352e-05,0.0
formation_g.27343.CDS.2365-MONOMER,5.597396310934982e-07,3.0462621705884453e-34
formation_g.27343.CDS.2372-MONOMER,1.5028724705974819e-12,-1.0571926156511438e-34
formation_g.27343.CDS.2373-MONOMER,8.643352484339782e-07,0.0
formation_g.27343.CDS.2375-MONOMER,5.384665243516164e-09,0.0
formation_g.27343.CDS.2385-MONOMER,0.0,0.0
formation_g.27343.CDS.2390-MONOMER,0.0,-4.2225121125403174e-34
formation_g.27343.CDS.2394-MONOMER,1.833800351181635e-10,-2.939723382879793e-35
formation_g.27343.CDS.2395-MONOMER,9.080654050843788e-08,1.720925107578068e-33
formation_g.27343.CDS.241-MONOMER,5.023537295328341e-07,0.0
formation_g.27343.CDS.2429-MONOMER,4.095898602983201e-08,0.0
formation_g.27343.CDS.2433-MONOMER,1.0753120929929888e-05,0.0
formation_g.27343.CDS.2445-MONOMER,7.254143210953424e-08,0.0
formation_g.27343.CDS.2451-MONOMER,0.0,-2.0161510113362615e-35
formation_g.27343.CDS.2455-MONOMER,4.203021489240593e-30,0.0
formation_g.27343.CDS.2456-MONOMER,2.9759026142127337e-07,0.0
formation_g.27343.CDS.2480-MONOMER,0.0,0.0
formation_g.27343.CDS.2502-MONOMER,1.1774621431512906e-06,-1.2460773358211403e-34
formation_g.27343.CDS.251-MONOMER,0.0,0.0
formation_g.27343.CDS.2511-MONOMER,0.0,1.8274703150942415e-35
formation_g.27343.CDS.2513-MONOMER,0.0,0.0
formation_g.27343.CDS.2518-MONOMER,0.0,0.0
formation_g.27343.CDS.2529-MONOMER,0.0,-1.9977210613708238e-34
formation_g.27343.CDS.2535-MONOMER,0.0,-2.469734890430008e-34
formation_g.27343.CDS.2542-MONOMER,0.0,0.0
formation_g.27343.CDS.2544-MONOMER,1.0502964094167851e-11,-1.4094650167764657e-34
formation_g.27343.CDS.2560-MONOMER,0.0,-6.713624787325937e-35
formation_g.27343.CDS.2567-MONOMER,4.2128917337035117e-41,8.00367140399785e-34
formation_g.27343.CDS.2571-MONOMER,0.0,0.0
formation_g.27343.CDS.259-MONOMER,1.0753004244441352e-05,3.1470648207990553e-35
formation_g.27343.CDS.2593-MONOMER,0.0,0.0
formation_g.27343.CDS.2596-MONOMER,0.0,0.0
formation_g.27343.CDS.2616-MONOMER,0.0,-2.7771246532483127e-35
formation_g.27343.CDS.2623-MONOMER,0.0,2.833976448346743e-36
formation_g.27343.CDS.2641-MONOMER,1.5860948713458117e-08,-2.0850075690497233e-34
formation_g.27343.CDS.2652-MONOMER,0.0,-3.561832981095198e-35
formation_g.27343.CDS.2664-MONOMER,0.0,-2.2774680737612957e-34
formation_g.27343.CDS.2674-MONOMER,0.0,1.966756941318581e-34
formation_g.27343.CDS.2680-MONOMER,4.879113602915312e-09,-2.3768904541740885e-34
formation_g.27343.CDS.2681-MONOMER,7.530934102356613e-07,7.538961673864119e-35
formation_g.27343.CDS.2686-MONOMER,0.0,0.0
formation_g.27343.CDS.2706-MONOMER,1.0753004244441352e-05,0.0
formation_g.27343.CDS.2711-MONOMER,1.0753004244441352e-05,-2.8706787441191543e-35
formation_g.27343.CDS.2722-MONOMER,1.0502964094167851e-11,-1.898725737815732e-34
formation_g.27343.CDS.2748-MONOMER,1.1072792277110899e-10,0.0
formation_g.27343.CDS.2749-MONOMER,0.0,-2.0567926604934582e-34
formation_g.27343.CDS.2754-MONOMER,5.756033275269071e-08,0.0
formation_g.27343.CDS.276-MONOMER,9.007923416913963e-09,0.0
formation_g.27343.CDS.2772-MONOMER,0.0,2.1729791191020206e-34
formation_g.27343.CDS.2775-MONOMER,0.0,6.308484924896153e-34
formation_g.27343.CDS.2776-MONOMER,0.0,0.0
formation_g.27343.CDS.2778-MONOMER,0.0,1.2180198427043613e-34
formation_g.27343.CDS.279-MONOMER,0.0,0.0
formation_g.27343.CDS.2790-MONOMER,0.0,-1.28415568264777e-35
formation_g.27343.CDS.2792-MONOMER,0.0,0.0
formation_g.27343.CDS.2793-MONOMER,1.6495859528467313e-06,0.0
formation_g.27343.CDS.2807-MONOMER,0.0,0.0
formation_g.27343.CDS.2813-MONOMER,1.450812315161184e-07,0.0
formation_g.27343.CDS.2817-MONOMER,0.0,-1.437641757019845e-34
formation_g.27343.CDS.2819-MONOMER,0.0,0.0
formation_g.27343.CDS.2821-MONOMER,1.1473104741530765e-08,9.81837686688006e-35
formation_g.27343.CDS.2829-MONOMER,0.0,0.0
formation_g.27343.CDS.2843-MONOMER,0.0,0.0
formation_g.27343.CDS.2848-MONOMER,1.0502964094167851e-11,0.0
formation_g.27343.CDS.2853-MONOMER,0.0,-2.2791300027877696e-35
formation_g.27343.CDS.2859-MONOMER,0.0,0.0
formation_g.27343.CDS.286-MONOMER,1.8727648477938619e-06,0.0
formation_g.27343.CDS.2870-MONOMER,0.0,3.4633338302980226e-34
formation_g.27343.CDS.2873-MONOMER,0.0,0.0
formation_g.27343.CDS.2874-MONOMER,1.0753004244441352e-05,-1.1808793047607716e-34
formation_g.27343.CDS.2877-MONOMER,0.0,0.0
formation_g.27343.CDS.2886-MONOMER,8.797450374391697e-08,0.0
formation_g.27343.CDS.2887-MONOMER,6.130175829247978e-09,-1.6681976165266308e-34
formation_g.27343.CDS.2892-MONOMER,0.0,2.081044019618648e-34
formation_g.27343.CDS.2895-MONOMER,0.0,2.3287505818884545e-35
formation_g.27343.CDS.2904-MONOMER,9.13232221257099e-09,0.0
formation_g.27343.CDS.2906-MONOMER,3.3906822815970272e-09,-6.360547453522941e-35
formation_g.27343.CDS.2919-MONOMER,0.0,0.0
formation_g.27343.CDS.2923-MONOMER,7.687990698363218e-07,-2.359119364137081e-34
formation_g.27343.CDS.2927-MONOMER,0.0,0.0
formation_g.27343.CDS.2931-MONOMER,1.0753004244441352e-05,0.0
formation_g.27343.CDS.2943-MONOMER,0.0,0.0
formation_g.27343.CDS.295-MONOMER,0.0,0.0
formation_g.27343.CDS.2957-MONOMER,0.0,0.0
formation_g.27343.CDS.2959-MONOMER,1.9095244596466804e-06,0.0
formation_g.27343.CDS.2960-MONOMER,1.067749279030994e-12,0.0
formation_g.27343.CDS.2975-MONOMER,0.0,4.5842088381546816e-35
formation_g.27343.CDS.2980-MONOMER,0.0,0.0
formation_g.27343.CDS.2982-MONOMER,0.0,0.0
formation_g.27343.CDS.2990-MONOMER,0.0,0.0
formation_g.27343.CDS.2994-MONOMER,0.0,0.0
formation_g.27343.CDS.2996-MONOMER,0.0,0.0
formation_g.27343.CDS.3002-MONOMER,0.0,0.0
formation_g.27343.CDS.3004-MONOMER,0.0,0.0
formation_g.27343.CDS.3014-MONOMER,0.0,1.942949665834568e-34
formation_g.27343.CDS.3021-MONOMER,0.0,0.0
formation_g.27343.CDS.3037-MONOMER,1.0502964094167851e-11,0.0
formation_g.27343.CDS.3043-MONOMER,1.28727270225645e-07,0.0
formation_g.27343.CDS.3072-MONOMER,7.481604693456076e-08,0.0
formation_g.27343.CDS.3076-MONOMER,0.0,0.0
formation_g.27343.CDS.3078-MONOMER,1.1749777081925993e-09,1.8294216700161219e-34
formation_g.27343.CDS.309-MONOMER,0.0,7.666237307608624e-34
formation_g.27343.CDS.3110-MONOMER,0.0,3.300351754895846e-36
formation_g.27343.CDS.3117-MONOMER,1.0971735805907434e-07,0.0
formation_g.27343.CDS.3124-MONOMER,0.0,0.0
formation_g.27343.CDS.3125-MONOMER,0.0,1.2241864044231761e-34
formation_g.27343.CDS.3137-MONOMER,0.0,0.0
formation_g.27343.CDS.3148-MONOMER,0.0,0.0
formation_g.27343.CDS.3153-MONOMER,2.6906832170363113e-07,9.919198861559094e-35
formation_g.27343.CDS.3155-MONOMER,0.0,0.0
formation_g.27343.CDS.316-MONOMER,5.838785112482975e-10,-4.343717209754168e-34
formation_g.27343.CDS.3162-MONOMER,0.0,-2.6696455394178006e-35
formation_g.27343.CDS.3172-MONOMER,0.0,9.395504791084234e-36
formation_g.27343.CDS.3182-MONOMER,0.0,0.0
formation_g.27343.CDS.3191-MONOMER,0.0,3.1124424286387957e-34
formation_g.27343.CDS.3196-MONOMER,0.0,0.0
formation_g.27343.CDS.3204-MONOMER,0.0,-1.2002259982263683e-34
formation_g.27343.CDS.3206-MONOMER,1.5411166385995586e-08,4.38679571639115e-34
formation_g.27343.CDS.3211-MONOMER,1.2919140293538718e-09,0.0
formation_g.27343.CDS.3222-MONOMER,0.0,1.5326090025677944e-34
formation_g.27343.CDS.323-MONOMER,0.0,5.640922242866062e-34
formation_g.27343.CDS.344-MONOMER,8.067377594804095e-09,0.0
formation_g.27343.CDS.349-MONOMER,-2.1261778834704134e-63,8.80768517270177e-34
formation_g.27343.CDS.35-MONOMER,0.0,0.0
formation_g.27343.CDS.352-MONOMER,0.0,-2.9424603464666497e-34
formation_g.27343.CDS.361-MONOMER,0.0,0.0
formation_g.27343.CDS.362-MONOMER,2.1005928188335728e-11,2.8411839079904946e-34
formation_g.27343.CDS.395-MONOMER,0.0,0.0
formation_g.27343.CDS.400-MONOMER,3.332472804938799e-11,-5.9713186574150715e-33
formation_g.27343.CDS.407-MONOMER,1.0753004244441352e-05,6.430193504832418e-35
formation_g.27343.CDS.419-MONOMER,0.0,0.0
formation_g.27343.CDS.421-MONOMER,0.0,0.0
formation_g.27343.CDS.423-MONOMER,1.091944642791554e-08,0.0
formation_g.27343.CDS.429-MONOMER,0.0,0.0
formation_g.27343.CDS.442-MONOMER,0.0,2.1035755682134583e-34
formation_g.27343.CDS.45-MONOMER,1.0753004244441352e-05,0.0
formation_g.27343.CDS.46-MONOMER,0.0,9.360730633295088e-35
formation_g.27343.CDS.480-MONOMER,-5.1099014886189545e-31,0.0
formation_g.27343.CDS.481-MONOMER,0.0,0.0
formation_g.27343.CDS.489-MONOMER,1.833800351181635e-10,0.0
formation_g.27343.CDS.521-MONOMER,4.003399170251938e-06,-7.358231069194581e-35
formation_g.27343.CDS.525-MONOMER,0.0,-1.0976984347793017e-35
formation_g.27343.CDS.563-MONOMER,0.0,0.0
formation_g.27343.CDS.574-MONOMER,0.0,0.0
formation_g.27343.CDS.577-MONOMER,0.0,0.0
formation_g.27343.CDS.578-MONOMER,0.0,-3.0339724255227128e-34
formation_g.27343.CDS.584-MONOMER,0.0,4.787778721885554e-34
formation_g.27343.CDS.589-MONOMER,0.0,1.2517544267691728e-34
formation_g.27343.CDS.622-MONOMER,0.0,0.0
formation_g.27343.CDS.635-MONOMER,5.350698150758218e-07,-2.572384786995446e-35
formation_g.27343.CDS.636-MONOMER,4.977906527503077e-47,0.0
formation_g.27343.CDS.693-MONOMER,7.872176322821517e-09,0.0
formation_g.27343.CDS.710-MONOMER,0.0,0.0
formation_g.27343.CDS.714-MONOMER,3.332472804938799e-11,-5.439620952908889e-35
formation_g.27343.CDS.724-MONOMER,1.7037028997543844e-08,0.0
formation_g.27343.CDS.73-MONOMER,7.311482523473355e-09,1.656223425901309e-35
formation_g.27343.CDS.733-MONOMER,6.400433906565067e-08,-1.0839257215505565e-34
formation_g.27343.CDS.734-MONOMER,0.0,8.83017448680316e-35
formation_g.27343.CDS.739-MONOMER,7.744268480386547e-08,0.0
formation_g.27343.CDS.744-MONOMER,0.0,-0.22686785214520805
formation_g.27343.CDS.745-MONOMER,1.0502964094167851e-11,0.0
formation_g.27343.CDS.752-MONOMER,1.0502964094167851e-11,0.0
formation_g.27343.CDS.758-MONOMER,5.717691879767123e-09,0.0
formation_g.27343.CDS.812-MONOMER,0.0,4.794556203009167e-34
formation_g.27343.CDS.823-MONOMER,0.0,0.0
formation_g.27343.CDS.850-MONOMER,6.977767072636187e-08,-4.238956613718357e-34
formation_g.27343.CDS.852-MONOMER,-6.55556050502364e-42,2.831993662763373e-34
formation_g.27343.CDS.871-MONOMER,0.0,0.0
formation_g.27343.CDS.89-MONOMER,6.822204412127111e-06,2.8462284163527482e-34
formation_g.27343.CDS.893-MONOMER,0.0,0.0
formation_g.27343.CDS.913-MONOMER,4.777072875112499e-10,-2.002713450002028e-34
formation_g.27343.CDS.929-MONOMER,1.0753004244441352e-05,8.667380425974276e-35
formation_g.27343.CDS.950-MONOMER,1.0753004244441352e-05,-1.589840158564752e-35
formation_g.27343.CDS.954-MONOMER,5.979887770396208e-08,0.0
formation_g.27343.CDS.958-MONOMER,0.0,1.3761100127680643e-34
formation_g.27343.CDS.96-MONOMER,3.4236668089015395e-07,6.346617877279137e-35
formation_g.27343.CDS.962-MONOMER,0.0,0.0
formation_g.27343.CDS.977-MONOMER,1.0753004244441352e-05,0.0
formation_g.27343.CDS.978-MONOMER,0.0,0.0
formation_g.27343.CDS.980-MONOMER,1.0753004244441352e-05,-2.1477641427877307e-36
formation_g.27343.CDS.984-MONOMER,0.0,0.0
formation_g.27343.CDS.986-MONOMER,1.1077222139610143e-07,0.0
formation_g.27343.CDS.991-MONOMER,1.0753120929929888e-05,0.0
formation_g.27343.CDS.992-MONOMER,1.183713523701038e-06,0.0
formation_g.27343.CDS.1863-MONOMER_mod_pydx5p(1),0.0,0.0
formation_g.27343.CDS.1836-MONOMER_mod_zn2(1)_mod_mg2(1),0.0,0.0
formation_g.27343.CDS.2221-MONOMER_mod_mn2(1),0.0,8.222557430984353e-34
formation_g.27343.CDS.2105-MONOMER_mod_mg2(1),1.2786338131923897e-08,0.0
formation_g.27343.CDS.1157-MONOMER_mod_mg2(1),0.0,0.0
formation_g.27343.CDS.1843-MONOMER_mod_zn2(1),0.0,0.0
formation_679935.3.peg.1183-MONOMER_mod_pydx5p(1),2.579898095048589e-07,0.0
formation_679935.3.peg.1641-MONOMER_mod_pydx5p(1),0.0,0.0
formation_679935.3.peg.1052-MONOMER_mod_mg2(1),1.9775040152874105e-06,0.0
formation_679935.3.peg.2819-MONOMER_mod_mg2(1),-1.4542445353564404e-30,-4.495440159737886e-34
formation_g.27343.CDS.2102-MONOMER_mod_mn2(2),0.0,-1.5273053514838014e-34
formation_g.27343.CDS.1237-MONOMER_mod_fe2(2),1.1559594833237473e-06,-3.963189176065389e-32
formation_679935.3.peg.1643-MONOMER_mod_mg2(1),1.8407268322313252e-08,0.0
formation_679935.3.peg.1413-MONOMER_mod_mg2(1),0.0,5.137149640728315e-34
formation_g.27343.CDS.1848-MONOMER_mod_fad(1),0.0,-8.563094603130358e-35
formation_g.27343.CDS.672-MONOMER_mod_mg2(1),8.372408514666696e-47,0.0
formation_g.27343.CDS.2026-MONOMER_mod_mg2(1),4.169594772851926e-08,-4.458765688633931e-34
formation_g.27343.CDS.881-MONOMER_mod_mg2(1),0.0,8.032692574769219e-34
formation_g.27343.CDS.3012-MONOMER_mod_mg2(1),1.3181518955908917e-06,5.010935700151447e-35
formation_g.27343.CDS.1278-MONOMER_mod_mg2(1),1.6107513393680596e-07,-1.9239360806835592e-34
formation_g.27343.CDS.3064-MONOMER_mod_pydx5p(1),2.977236921940359e-07,-6.634213114381541e-34
formation_g.27343.CDS.2823-MONOMER_mod_mg2(1)_mod_k(1),4.256379302036054e-08,1.784877449100128e-34
formation_679935.3.peg.3185-MONOMER_mod_mg2(1),1.397006084434584e-09,6.038566440297812e-34
formation_g.27343.CDS.3073-MONOMER_mod_mg2(1),8.516165441909823e-07,-1.1576540219992793e-34
formation_679935.3.peg.1409-MONOMER_mod_4fe4s(1),2.8750007641917703e-07,1.2428882633237146e-33
formation_679935.3.peg.2773-MONOMER_mod_mg2(1),0.0,0.0
formation_g.27343.CDS.2755-MONOMER_mod_cobalt2(1)_mod_nad(1),0.0,0.0
formation_g.27343.CDS.1432-MONOMER_mod_mg2(1),0.0,3.6920243605472294e-34
formation_g.27343.CDS.1301-MONOMER_mod_nadph(1)_mod_nadh(1)_mod_fad(1)_mod_cobalt2(1),3.827742745462477e-08,-3.466100422930079e-34
formation_g.27343.CDS.3024-MONOMER_mod_k(1)_mod_mg2(1),0.0,0.0
formation_g.27343.CDS.2132-MONOMER_mod_mn2(1),0.0,6.624321139623094e-34
formation_g.27343.CDS.2132-MONOMER_mod_cobalt2(1),3.2419330953224316e-08,0.0
formation_g.27343.CDS.2132-MONOMER_mod_mg2(1),0.0,0.0
formation_679935.3.peg.1167-MONOMER_mod_thmpp(1),2.2293600398241387e-08,0.0
formation_g.27343.CDS.2319-MONOMER_mod_mg2(1),1.2987002305917453e-07,0.0
formation_g.27343.CDS.1829-MONOMER_mod_mg2(1),4.052739948426378e-09,0.0
formation_g.27343.CDS.2860-MONOMER_mod_mg2(1),0.0,1.0420469703577888e-33
formation_g.27343.CDS.2328-MONOMER_mod_fad(1),0.0,0.0
formation_g.27343.CDS.985-MONOMER_mod_nad(1),0.0,-4.0370075446492554e-34
formation_g.27343.CDS.3215-MONOMER_mod_mg2(1),0.0,-6.578744986070633e-35
formation_g.27343.CDS.1022-MONOMER_mod_pydx5p(1),0.0,8.388329001776002e-34
formation_g.27343.CDS.2284-MONOMER_mod_pydx5p(1),0.0,0.0
formation_g.27343.CDS.3111-MONOMER_mod_mg2(1)_mod_k(1),4.033688797402042e-09,-5.556474828332427e-32
formation_g.27343.CDS.1995-MONOMER_mod_mg2(1)_mod_zn2(1),0.0,0.0
formation_679935.3.peg.2601-MONOMER_mod_mg2(1),0.0,0.0
formation_g.27343.CDS.238-MONOMER_mod_mn2(1),0.0,1.948981010655355e-34
formation_679935.3.peg.2903-MONOMER_mod_mn2(1),0.0,9.185930863377149e-34
formation_679935.3.peg.2901-MONOMER_mod_mg2(1),0.0,-1.0016379723305721e-33
formation_679935.3.peg.2901-MONOMER_mod_mn2(1),0.0,0.0
formation_679935.3.peg.1353-MONOMER_mod_mg2(1),0.0,-2.015762640627261e-35
formation_679935.3.peg.2902-MONOMER_mod_pydx5p(1),5.266546099300722e-07,-1.2299400019252366e-31
formation_g.27343.CDS.582-MONOMER_mod_mg2(1)_mod_zn2(1),0.0,-1.427583398306885e-34
formation_g.27343.CDS.582-MONOMER_mod_mn2(1)_mod_zn2(1),0.0,-1.0614663395966942e-34
formation_679935.3.peg.1412-MONOMER_mod_mg2(1),2.5187612585181114e-07,0.0
formation_g.27343.CDS.2156-MONOMER_mod_mg2(1),0.0,0.0
formation_g.27343.CDS.1633-MONOMER_mod_mg2(1),9.115546411558497e-09,0.0
formation_g.27343.CDS.1793-MONOMER_mod_mg2(1),0.0,4.520281280434579e-33
formation_g.27343.CDS.2908-MONOMER_mod_mn2(1),0.0,0.0
formation_g.27343.CDS.2908-MONOMER_mod_mg2(1),0.0,0.0
formation_g.27343.CDS.1420-MONOMER_mod_mn2(1),4.488732401114033e-08,1.578306346246902e-33
formation_g.27343.CDS.2374-MONOMER_mod_mn2(1),4.2753754393942505e-08,-3.7226532937132224e-34
formation_g.27343.CDS.2106-MONOMER_mod_mg2(1),0.0,0.0
formation_g.27343.CDS.2106-MONOMER_mod_mn2(1),0.0,-6.835986299915454e-34
formation_g.27343.CDS.2106-MONOMER_mod_cobalt2(1),4.6393542410921006e-08,-3.2832412225946524e-34
formation_g.27343.CDS.338-MONOMER_mod_k(4)_mod_mg2(1),0.0,0.0
formation_g.27343.CDS.338-MONOMER_mod_k(4)_mod_mn2(1),0.0,0.0
formation_g.27343.CDS.338-MONOMER_mod_k(4)_mod_cobalt2(1),0.0,2.2758978110049614e-33
formation_g.27343.CDS.338-MONOMER_mod_k(4)_mod_zn2(1),2.370089648909226e-10,1.9345802814290407e-33
formation_g.27343.CDS.338-MONOMER_mod_k(4)_mod_cd2(1),0.0,1.2209065033550564e-33
formation_g.27343.CDS.338-MONOMER_mod_k(4)_mod_ni2(1),0.0,1.0999248814784758e-33
formation_g.27343.CDS.338-MONOMER_mod_k(4)_mod_ca2(1),0.0,0.0
formation_g.27343.CDS.338-MONOMER_mod_nh4(4)_mod_mg2(1),0.0,0.0
formation_g.27343.CDS.338-MONOMER_mod_nh4(4)_mod_mn2(1),0.0,0.0
formation_g.27343.CDS.338-MONOMER_mod_nh4(4)_mod_cobalt2(1),0.0,1.1082037165475336e-33
formation_g.27343.CDS.338-MONOMER_mod_nh4(4)_mod_zn2(1),0.0,-1.920056744325486e-33
formation_g.27343.CDS.338-MONOMER_mod_nh4(4)_mod_cd2(1),0.0,-1.153666078584773e-33
formation_g.27343.CDS.338-MONOMER_mod_nh4(4)_mod_ni2(1),0.0,-1.1638373808194182e-33
formation_g.27343.CDS.338-MONOMER_mod_nh4(4)_mod_ca2(1),0.0,2.262676034405838e-33
formation_g.27343.CDS.338-MONOMER_mod_tl(4)_mod_mg2(1),0.0,1.2366505186944442e-33
formation_g.27343.CDS.338-MONOMER_mod_tl(4)_mod_mn2(1),0.0,-7.911242274664136e-35
formation_g.27343.CDS.338-MONOMER_mod_tl(4)_mod_cobalt2(1),0.0,5.235050952208638e-34
formation_g.27343.CDS.338-MONOMER_mod_tl(4)_mod_zn2(1),0.0,1.2896351497707022e-33
formation_g.27343.CDS.338-MONOMER_mod_tl(4)_mod_cd2(1),0.0,5.5611832320794995e-34
formation_g.27343.CDS.338-MONOMER_mod_tl(4)_mod_ni2(1),0.0,6.4611767022018585e-34
formation_g.27343.CDS.338-MONOMER_mod_tl(4)_mod_ca2(1),0.0,-2.8029201882907743e-34
formation_g.27343.CDS.338-MONOMER_mod_cs(4)_mod_mg2(1),0.0,1.2366505186944442e-33
formation_g.27343.CDS.338-MONOMER_mod_cs(4)_mod_mn2(1),0.0,-7.911242274664136e-35
formation_g.27343.CDS.338-MONOMER_mod_cs(4)_mod_cobalt2(1),0.0,5.235050952208638e-34
formation_g.27343.CDS.338-MONOMER_mod_cs(4)_mod_zn2(1),0.0,1.2896351497707022e-33
formation_g.27343.CDS.338-MONOMER_mod_cs(4)_mod_cd2(1),0.0,5.5611832320794995e-34
formation_g.27343.CDS.338-MONOMER_mod_cs(4)_mod_ni2(1),0.0,6.4611767022018585e-34
formation_g.27343.CDS.338-MONOMER_mod_cs(4)_mod_ca2(1),0.0,-2.8029201882907743e-34
formation_g.27343.CDS.338-MONOMER_mod_na1(4)_mod_mg2(1),0.0,1.2636471480321322e-33
formation_g.27343.CDS.338-MONOMER_mod_na1(4)_mod_mn2(1),0.0,0.0
formation_g.27343.CDS.338-MONOMER_mod_na1(4)_mod_cobalt2(1),0.0,1.1131086341623582e-33
formation_g.27343.CDS.338-MONOMER_mod_na1(4)_mod_zn2(1),0.0,-9.651625786093652e-34
formation_g.27343.CDS.338-MONOMER_mod_na1(4)_mod_cd2(1),0.0,-1.2001164224472769e-33
formation_g.27343.CDS.338-MONOMER_mod_na1(4)_mod_ni2(1),0.0,-1.5208047354309036e-33
formation_g.27343.CDS.338-MONOMER_mod_na1(4)_mod_ca2(1),0.0,0.0
formation_g.27343.CDS.793-MONOMER_mod_fad(1),2.934561531835225e-10,0.0
formation_g.27343.CDS.3189-MONOMER_mod_mg2(1),0.0,0.0
formation_g.27343.CDS.2380-MONOMER_mod_adocbl(1),0.0,5.459994383391709e-34
formation_679935.3.peg.2598-MONOMER_mod_mg2(1),1.4117537106864727e-10,0.0
formation_g.27343.CDS.1702-MONOMER_mod_mg2(1),1.0555224348070504e-14,8.56754782137445e-34
formation_679935.3.peg.3198-MONOMER_mod_mg2(1),7.726076882604194e-10,8.782397206928436e-35
formation_679935.3.peg.2254-MONOMER_mod_mg2(1),4.494089178138401e-10,2.248836796966224e-34
formation_g.27343.CDS.1553-MONOMER_mod_cobalt2(1),0.0,0.0
formation_g.27343.CDS.1520-MONOMER_mod_glycyl(1),0.0,-1.0767028701429813e-30
formation_g.27343.CDS.1489-MONOMER_mod_mg2(1)_mod_mn2(1),0.0,-4.243531133309563e-34
formation_679935.3.peg.2403-MONOMER_mod_mg2(1)_mod_k(1),0.0,4.0768935527458806e-34
formation_679935.3.peg.2403-MONOMER_mod_mg2(1)_mod_nh4(1),0.0,2.8213400415689607e-34
formation_679935.3.peg.2403-MONOMER_mod_mn2(1)_mod_k(1),4.539072053081947e-10,0.0
formation_679935.3.peg.2403-MONOMER_mod_mn2(1)_mod_nh4(1),0.0,0.0
formation_g.27343.CDS.2464-MONOMER_mod_mg2(1)_mod_cl(1),0.0,-9.922206450758854e-36
formation_679935.3.peg.2875-MONOMER_mod_mn2(1),5.633267328550685e-06,3.0002101336116322e-34
formation_679935.3.peg.3159-MONOMER_mod_23bpg(1),0.0,-2.4529294025086686e-34
formation_g.27343.CDS.2936-MONOMER_mod_mg2(1),1.3166571587925122e-06,0.0
formation_g.27343.CDS.266-MONOMER_mod_thmpp(1),0.0,-5.948693025788116e-34
formation_679935.3.peg.874-MONOMER_mod_fmn(1),9.070274421960173e-11,3.0753263981213967e-33
formation_679935.3.peg.874-MONOMER_mod_mg2(1),0.0,0.0
formation_g.27343.CDS.2584-MONOMER_mod_mg2(1)_mod_pi(1),0.0,-1.1302407556993086e-34
formation_g.27343.CDS.2584-MONOMER_mod_mn2(1)_mod_pi(1),1.4702519233176868e-08,-1.1304268110956632e-34
formation_679935.3.peg.3195-MONOMER_mod_pydx5p(1),0.0,2.882404573351758e-34
formation_679935.3.peg.2722-MONOMER_mod_mg2(1),0.0,0.0
formation_679935.3.peg.427-MONOMER_mod_mg2(1),0.0,0.0
formation_g.27343.CDS.1773-MONOMER_mod_k(1)_mod_mg2(1),3.401139192433593e-10,0.0
formation_g.27343.CDS.573-MONOMER_mod_mg2(1)_mod_k(1),0.0,1.1425388667132446e-33
formation_g.27343.CDS.573-MONOMER_mod_mn2(1)_mod_k(1),1.106471914525825e-06,-3.0629281351466315e-33
formation_679935.3.peg.1445-MONOMER_mod_4fe4s(1),4.176006457639392e-10,-1.4087123915844781e-34
formation_679935.3.peg.2801-MONOMER_mod_mg2(1),0.0,9.197156998274516e-35
formation_679935.3.peg.2801-MONOMER_mod_mn2(1),0.0,0.0
formation_679935.3.peg.2801-MONOMER_mod_cobalt2(1),0.0,-1.5880586634209614e-34
formation_679935.3.peg.2801-MONOMER_mod_fe2(1),0.0,-2.4617889003306535e-34
formation_679935.3.peg.2801-MONOMER_mod_ca2(1),0.0,0.0
formation_679935.3.peg.2801-MONOMER_mod_k(1),0.0,-1.192010909237292e-34
formation_g.27343.CDS.3210-MONOMER_mod_pydx5p(1),0.0,-4.181152311295196e-34
formation_g.27343.CDS.68-MONOMER_mod_fe3(1),0.0,-1.5785250233387257e-34
formation_g.27343.CDS.2320-MONOMER_mod_mg2(1),5.2473703519139805e-09,0.0
formation_679935.3.peg.388-MONOMER_mod_thmpp(1)_mod_mn2(1)_mod_mg2(1),0.0,8.847260340436853e-34
formation_g.27343.CDS.2159-MONOMER_mod_mg2(1),5.497103797731589e-09,1.8492618717163647e-34
formation_g.27343.CDS.115-MONOMER_mod_mg2(1),0.0,0.0
formation_g.27343.CDS.1007-MONOMER_mod_nad(1),0.0,0.0
formation_g.27343.CDS.1685-MONOMER_mod_k(1)_mod_mg2(1),0.0,1.1349495466824488e-34
formation_g.27343.CDS.1872-MONOMER_mod_mg2(1),0.0,0.0
formation_g.27343.CDS.334-MONOMER_mod_fad(1),0.0,-1.371833596624271e-32
formation_g.27343.CDS.2350-MONOMER_mod_mg2(1),7.63805411332957e-08,-9.953447612096934e-34
formation_g.27343.CDS.1898-MONOMER_mod_mg2(1),3.1508892282503534e-11,-1.878306601260796e-34
formation_g.27343.CDS.2046-MONOMER_mod_4fe4s(1),2.0831969731594207e-06,-1.0944243093915003e-36
formation_g.27343.CDS.1587-MONOMER_mod_zn2(1),-1.7214515237345377e-63,0.0
formation_g.27343.CDS.1025-MONOMER_mod_4fe4s(1),1.0502964094167851e-11,2.1063201835952883e-34
formation_g.27343.CDS.1230-MONOMER_mod_zn2(2),2.3337097707283137e-10,3.4153772914726697e-34
formation_g.27343.CDS.1317-MONOMER_mod_mg2(4),2.988189642783744e-10,-7.57280603291453e-34
formation_g.27343.CDS.1645-MONOMER_mod_4fe4s(1),1.0502964094167851e-11,-2.7080629832020492e-34
formation_g.27343.CDS.1759-MONOMER_mod_mg2(6),0.0,-6.698696528750787e-34
formation_g.27343.CDS.1759-MONOMER_mod_lys__L(1),1.1668548853641553e-10,-5.044915112619049e-34
formation_RNAP-CPLX_mod_zn2(1)_mod_mg2(2),3.4236668089015395e-07,0.0
formation_g.27343.CDS.2177-MONOMER_mod_mg2(1),1.833800351181635e-10,0.0
formation_g.27343.CDS.230-MONOMER_mod_mg2(2),6.301778456500718e-11,-2.278875271104883e-34
formation_g.27343.CDS.328-MONOMER_mod_zn2(4),2.6967735344130486e-11,0.0
formation_g.27343.CDS.744-MONOMER_mod_pan4p(1),7.167291132474577e-07,2.544784773295744e-35
formation_g.27343.CDS.894-MONOMER_mod_fe2(1),4.033688797402042e-09,-1.621203726851665e-32
g.27343.CDS.1058-MONOMER_to_generic_16Sm4Cm1402,0.0,-0.818159282381226
g.27343.CDS.2544-MONOMER_to_generic_16Sm4Cm1402,1.0502964094167851e-11,0.0
RNA_ALFI_RS00510_to_generic_16s_rRNAs,1.0753004244441352e-05,2.811200476490944e-32
RNA_ALFI_RS09500_to_generic_16s_rRNAs,0.0,-0.02197318904292461
RNA_ALFI_RS00505_to_generic_23s_rRNAs,1.0753004244441352e-05,0.0
RNA_ALFI_RS09515_to_generic_23s_rRNAs,0.0,-4.134574073618091e-32
RNA_ALFI_RS00500_to_generic_5s_rRNAs,0.0,-3.8299887149638085e-33
RNA_ALFI_RS09520_to_generic_5s_rRNAs,1.0753004244441352e-05,0.0
g.27343.CDS.2082-MONOMER_to_generic_Dus,0.0,0.0
CPLX_pbiosynthesis-0_to_generic_LYSINEaaRS,0.0,-52.85519807266772
g.27343.CDS.1759-MONOMER_to_generic_LYSINEaaRS,0.0,-0.0818115748204918
g.27343.CDS.1759-MONOMER_mod_lys__L(1)_to_generic_LYSINEaaRS,1.1668548853641553e-10,3.4672883016313296e-34
g.27343.CDS.1759-MONOMER_mod_mg2(6)_to_generic_LYSINEaaRS,0.0,-0.004086448493134706
g.27343.CDS.1901-MONOMER_to_generic_RF,2.0088005790031093e-09,0.0
g.27343.CDS.221-MONOMER_to_generic_RF,0.0,-0.24931745810803585
g.27343.CDS.1230-MONOMER_to_generic_RNase,0.0,-0.07643519598221889
g.27343.CDS.1230-MONOMER_mod_zn2(2)_to_generic_RNase,2.3337097707283137e-10,2.7763222303967294e-34
g.27343.CDS.2034-MONOMER_to_generic_Tuf,1.1774621431512904e-06,2.6044938147092547e-34
CPLX_pbiosynthesis-0_to_generic_phe_ligase,0.0,-55.02085148534794
g.27343.CDS.1046-MONOMER_to_generic_phe_ligase,6.186589655384107e-08,-8.312451306782844e-35
g.27343.CDS.2990-MONOMER_to_generic_phe_ligase,0.0,-2.6355336603661623
transcription_RNA_dummy,2.565026774294772e-05,2.480923510322967e-32
DM_RNA_dummy,0.0,-67.64501714514721
translation_dummy,0.0015513292007806546,-1.1795783074991555e-32
formation_CPLX_dummy,5.9021724240661864e-05,0.0
dummy_protein_to_mass,0.0014923074742239934,0.0
formation_CPLX_dummy_mod_2fe2s(1),0.0,0.0
formation_CPLX_dummy_mod_4fe4s(1),2.3159995190967387e-12,0.0
23DHMPO_REV_g.27343.CDS.1276-MONOMER,0.0,4.07333935550597e-35
23DHMPO_FWD_g.27343.CDS.1276-MONOMER,0.0,-2.833467542391219e-06
23PDE2_REV_g.27343.CDS.1372-MONOMER,0.0,-1.789689697196322e-06
23PDE2_FWD_g.27343.CDS.1372-MONOMER,0.0,-2.147671292027352e-37
23PDE4_REV_g.27343.CDS.1372-MONOMER,0.0,-1.789689697196322e-06
23PDE4_FWD_g.27343.CDS.1372-MONOMER,0.0,-2.147671292027352e-37
23PDE7_REV_g.27343.CDS.1372-MONOMER,0.0,-1.789689697196322e-06
23PDE7_FWD_g.27343.CDS.1372-MONOMER,0.0,-2.147671292027352e-37
23PDE9_REV_g.27343.CDS.1372-MONOMER,0.0,-1.789689697196322e-06
23PDE9_FWD_g.27343.CDS.1372-MONOMER,0.0,-2.147671292027352e-37
26DAPLLAT_REV_CPLX_dummy,0.0,-1.95349389908355e-06
26DAPLLAT_FWD_CPLX_dummy,0.0,-3.438115384590698e-36
26DAPt2r_REV_CPLX_dummy,0.0,-1.95349389908355e-06
26DAPt2r_FWD_CPLX_dummy,1.0,-1.859703013638524e-37
2AHBUTI_REV_g.27343.CDS.1276-MONOMER,0.0,-2.0936326659494206e-06
2AHBUTI_FWD_g.27343.CDS.1276-MONOMER,0.0,-7.398348764417986e-07
2DHPL_REV_g.27343.CDS.2451-MONOMER,0.0,-2.6837559688722883e-07
2DHPL_FWD_g.27343.CDS.2451-MONOMER,0.0,5.261550729974478e-38
2DMMQ8abc_REV_CPLX_dummy,0.0,-1.95349389908355e-06
2DMMQ8abc_FWD_CPLX_dummy,0.0007077322814459296,6.140441490866891e-36
2MBCOATA_REV_g.27343.CDS.2211-MONOMER,0.0,-2.620610830113241e-06
2MBCOATA_FWD_g.27343.CDS.2211-MONOMER,0.019469551643045396,-1.0655435639551364e-37
2OBUTt2r_REV_CPLX_dummy,0.0,-1.95349389908355e-06
2OBUTt2r_FWD_CPLX_dummy,0.12607493502227832,-1.859703013638524e-37
3HAD10M12_REV_CPLX_dummy,0.0,-1.95349389908355e-06
3HAD10M12_FWD_CPLX_dummy,0.019469551643045396,-2.1519918585483682e-35
3HAD11M12_REV_CPLX_dummy,0.0,-1.95349389908355e-06
3HAD11M12_FWD_CPLX_dummy,0.019469551643045396,-2.1519918585483682e-35
3HAD12M14_REV_CPLX_dummy,0.0,-1.95349389908355e-06
3HAD12M14_FWD_CPLX_dummy,0.019469551643045396,0.0
3HAD13M14_REV_CPLX_dummy,0.0,-1.95349389908355e-06
3HAD13M14_FWD_CPLX_dummy,0.019469551643045396,-2.1519918585483682e-35
3HAD14M16_REV_CPLX_dummy,0.0,-1.95349389908355e-06
3HAD14M16_FWD_CPLX_dummy,0.019469551643045396,-2.1519918585483682e-35
3HAD15M16_REV_CPLX_dummy,0.0,-1.95349389908355e-06
3HAD15M16_FWD_CPLX_dummy,0.019469551643045396,-2.1519918585483682e-35
3HAD4M6_REV_CPLX_dummy,0.0,-1.95349389908355e-06
3HAD4M6_FWD_CPLX_dummy,0.019469551643045396,-2.1519918585483682e-35
3HAD5M6_REV_CPLX_dummy,0.0,-1.95349389908355e-06
3HAD5M6_FWD_CPLX_dummy,0.019469551643045396,-2.1519918585483682e-35
3HAD6M8_REV_CPLX_dummy,0.0,-1.95349389908355e-06
3HAD6M8_FWD_CPLX_dummy,0.019469551643045396,-2.1519918585483682e-35
3HAD7M8_REV_CPLX_dummy,0.0,-1.95349389908355e-06
3HAD7M8_FWD_CPLX_dummy,0.019469551643045396,-2.1519918585483682e-35
3HAD8M10_REV_CPLX_dummy,0.0,-1.95349389908355e-06
3HAD8M10_FWD_CPLX_dummy,0.019469551643045396,0.0
3HAD9M10_REV_CPLX_dummy,0.0,-1.95349389908355e-06
3HAD9M10_FWD_CPLX_dummy,0.019469551643045396,0.0
3MOBS_REV_679935.3.peg.1401-MONOMER,0.0,-3.42340230901797e-06
3MOBS_FWD_679935.3.peg.1401-MONOMER,0.0,2.0350002798809504e-35
3OAR100_REV_g.27343.CDS.3153-MONOMER,0.0,-2.1104861740003752e-06
3OAR100_FWD_g.27343.CDS.3153-MONOMER,0.0,-1.6294610233042549e-35
3OAR100_REV_g.27343.CDS.1666-MONOMER,0.0,-3.227492638140837e-06
3OAR100_FWD_g.27343.CDS.1666-MONOMER,0.0,-1.1170064641404612e-06
3OAR100_REV_g.27343.CDS.1406-MONOMER,0.0,-2.573810468689889e-06
3OAR100_FWD_g.27343.CDS.1406-MONOMER,0.0,-4.633242946895137e-07
3OAR10M11_REV_g.27343.CDS.3153-MONOMER,0.0,-2.1215526885093074e-06
3OAR10M11_FWD_g.27343.CDS.3153-MONOMER,0.0,-2.1926313514514317e-35
3OAR10M11_REV_g.27343.CDS.1666-MONOMER,0.0,-3.2385591526497686e-06
3OAR10M11_FWD_g.27343.CDS.1666-MONOMER,0.0,-1.1170064641404612e-06
3OAR10M11_REV_g.27343.CDS.1406-MONOMER,0.0,-2.584876983198821e-06
3OAR10M11_FWD_g.27343.CDS.1406-MONOMER,0.0,-4.633242946895137e-07
3OAR10M12_REV_g.27343.CDS.3153-MONOMER,0.0,-2.1215526885093074e-06
3OAR10M12_FWD_g.27343.CDS.3153-MONOMER,0.019469551643045396,3.814518815451787e-35
3OAR10M12_REV_g.27343.CDS.1666-MONOMER,0.0,-3.2385591526497686e-06
3OAR10M12_FWD_g.27343.CDS.1666-MONOMER,0.0,-1.1170064641404612e-06
3OAR10M12_REV_g.27343.CDS.1406-MONOMER,0.0,-2.584876983198821e-06
3OAR10M12_FWD_g.27343.CDS.1406-MONOMER,0.0,-4.633242946895137e-07
3OAR11M12_REV_g.27343.CDS.3153-MONOMER,0.0,-2.1215526885093074e-06
3OAR11M12_FWD_g.27343.CDS.3153-MONOMER,0.019469551643045396,3.814518815451787e-35
3OAR11M12_REV_g.27343.CDS.1666-MONOMER,0.0,-3.2385591526497686e-06
3OAR11M12_FWD_g.27343.CDS.1666-MONOMER,0.0,-1.1170064641404612e-06
3OAR11M12_REV_g.27343.CDS.1406-MONOMER,0.0,-2.584876983198821e-06
3OAR11M12_FWD_g.27343.CDS.1406-MONOMER,0.0,-4.633242946895137e-07
3OAR120_REV_g.27343.CDS.3153-MONOMER,0.0,-2.1104861740003752e-06
3OAR120_FWD_g.27343.CDS.3153-MONOMER,0.0,-1.6294610233042549e-35
3OAR120_REV_g.27343.CDS.1666-MONOMER,0.0,-3.227492638140837e-06
3OAR120_FWD_g.27343.CDS.1666-MONOMER,0.0,-1.1170064641404612e-06
3OAR120_REV_g.27343.CDS.1406-MONOMER,0.0,-2.573810468689889e-06
3OAR120_FWD_g.27343.CDS.1406-MONOMER,0.0,-4.633242946895137e-07
3OAR12M13_REV_g.27343.CDS.3153-MONOMER,0.0,-2.1215526885093074e-06
3OAR12M13_FWD_g.27343.CDS.3153-MONOMER,0.0,-2.1926313514514317e-35
3OAR12M13_REV_g.27343.CDS.1666-MONOMER,0.0,-3.2385591526497686e-06
3OAR12M13_FWD_g.27343.CDS.1666-MONOMER,0.0,-1.1170064641404612e-06
3OAR12M13_REV_g.27343.CDS.1406-MONOMER,0.0,-2.584876983198821e-06
3OAR12M13_FWD_g.27343.CDS.1406-MONOMER,0.0,-4.633242946895137e-07
3OAR12M14_REV_g.27343.CDS.3153-MONOMER,0.0,-2.1215526885093074e-06
3OAR12M14_FWD_g.27343.CDS.3153-MONOMER,0.019469551643045396,6.818093898903396e-35
3OAR12M14_REV_g.27343.CDS.1666-MONOMER,0.0,-3.2385591526497686e-06
3OAR12M14_FWD_g.27343.CDS.1666-MONOMER,0.0,-1.1170064641404612e-06
3OAR12M14_REV_g.27343.CDS.1406-MONOMER,0.0,-2.584876983198821e-06
3OAR12M14_FWD_g.27343.CDS.1406-MONOMER,0.0,-4.633242946895137e-07
3OAR13M14_REV_g.27343.CDS.3153-MONOMER,0.0,-2.1215526885093074e-06
3OAR13M14_FWD_g.27343.CDS.3153-MONOMER,0.019469551643045396,-2.1926313514514317e-35
3OAR13M14_REV_g.27343.CDS.1666-MONOMER,0.0,-3.2385591526497686e-06
3OAR13M14_FWD_g.27343.CDS.1666-MONOMER,0.0,-1.1170064641404612e-06
3OAR13M14_REV_g.27343.CDS.1406-MONOMER,0.0,-2.584876983198821e-06
3OAR13M14_FWD_g.27343.CDS.1406-MONOMER,0.0,-4.633242946895137e-07
3OAR140_REV_g.27343.CDS.3153-MONOMER,0.0,-1.8480781205930732e-06
3OAR140_FWD_g.27343.CDS.3153-MONOMER,0.0228659575401025,-5.196206434903041e-35
3OAR140_REV_g.27343.CDS.1666-MONOMER,0.0,-2.965084584733534e-06
3OAR140_FWD_g.27343.CDS.1666-MONOMER,0.0,-1.1170064641404612e-06
3OAR140_REV_g.27343.CDS.1406-MONOMER,0.0,-2.3114024152825867e-06
3OAR140_FWD_g.27343.CDS.1406-MONOMER,0.0,-4.633242946895137e-07
3OAR14M15_REV_g.27343.CDS.3153-MONOMER,0.0,-5.196206434903041e-35
3OAR14M15_FWD_g.27343.CDS.3153-MONOMER,0.0,-2.1215526885093074e-06
3OAR14M15_REV_g.27343.CDS.1666-MONOMER,0.0,-1.1170064641404612e-06
3OAR14M15_FWD_g.27343.CDS.1666-MONOMER,0.0,-3.2385591526497686e-06
3OAR14M15_REV_g.27343.CDS.1406-MONOMER,0.0,-4.633242946895137e-07
3OAR14M15_FWD_g.27343.CDS.1406-MONOMER,0.0,-2.584876983198821e-06
3OAR14M16_REV_g.27343.CDS.3153-MONOMER,0.0,-2.1215526885093074e-06
3OAR14M16_FWD_g.27343.CDS.3153-MONOMER,0.019469551643045396,-5.196206434903041e-35
3OAR14M16_REV_g.27343.CDS.1666-MONOMER,0.0,-3.2385591526497686e-06
3OAR14M16_FWD_g.27343.CDS.1666-MONOMER,0.0,-1.1170064641404612e-06
3OAR14M16_REV_g.27343.CDS.1406-MONOMER,0.0,-2.584876983198821e-06
3OAR14M16_FWD_g.27343.CDS.1406-MONOMER,0.0,-4.633242946895137e-07
3OAR15M16_REV_g.27343.CDS.3153-MONOMER,0.0,-2.1215526885093074e-06
3OAR15M16_FWD_g.27343.CDS.3153-MONOMER,0.019469551643045396,-2.1926313514514317e-35
3OAR15M16_REV_g.27343.CDS.1666-MONOMER,0.0,-3.2385591526497686e-06
3OAR15M16_FWD_g.27343.CDS.1666-MONOMER,0.0,-1.1170064641404612e-06
3OAR15M16_REV_g.27343.CDS.1406-MONOMER,0.0,-2.584876983198821e-06
3OAR15M16_FWD_g.27343.CDS.1406-MONOMER,0.0,-4.633242946895137e-07
3OAR160_REV_g.27343.CDS.3153-MONOMER,0.0,-1.7642085995915807e-07
3OAR160_FWD_g.27343.CDS.3153-MONOMER,0.0,-1.6798600840700636e-06
3OAR160_REV_g.27343.CDS.1666-MONOMER,0.0,-1.2934273240996193e-06
3OAR160_FWD_g.27343.CDS.1666-MONOMER,0.0,-2.796866548210525e-06
3OAR160_REV_g.27343.CDS.1406-MONOMER,0.0,-6.397451546486718e-07
3OAR160_FWD_g.27343.CDS.1406-MONOMER,0.0,-2.1431843787595776e-06
3OAR180_REV_g.27343.CDS.3153-MONOMER,0.0,-1.8562800777592896e-06
3OAR180_FWD_g.27343.CDS.3153-MONOMER,0.0,-3.6944188931772364e-35
3OAR180_REV_g.27343.CDS.1666-MONOMER,0.0,-2.9732865418997508e-06
3OAR180_FWD_g.27343.CDS.1666-MONOMER,0.0,-1.1170064641404612e-06
3OAR180_REV_g.27343.CDS.1406-MONOMER,0.0,-2.3196043724488033e-06
3OAR180_FWD_g.27343.CDS.1406-MONOMER,0.0,-4.633242946895137e-07
3OAR40_REV_g.27343.CDS.3153-MONOMER,0.0,-1.8300188798214198e-06
3OAR40_FWD_g.27343.CDS.3153-MONOMER,0.0,1.132345652408081e-34
3OAR40_REV_g.27343.CDS.1666-MONOMER,0.0,-2.947025343961881e-06
3OAR40_FWD_g.27343.CDS.1666-MONOMER,0.0,-1.1170064641404612e-06
3OAR40_REV_g.27343.CDS.1406-MONOMER,0.0,-2.2933431745109335e-06
3OAR40_FWD_g.27343.CDS.1406-MONOMER,0.0,-4.633242946895137e-07
3OAR4M5_REV_g.27343.CDS.3153-MONOMER,0.0,-2.1926313514514317e-35
3OAR4M5_FWD_g.27343.CDS.3153-MONOMER,0.0,-2.1215526885093074e-06
3OAR4M5_REV_g.27343.CDS.1666-MONOMER,0.0,-1.1170064641404612e-06
3OAR4M5_FWD_g.27343.CDS.1666-MONOMER,0.0,-3.2385591526497686e-06
3OAR4M5_REV_g.27343.CDS.1406-MONOMER,0.0,-4.633242946895137e-07
3OAR4M5_FWD_g.27343.CDS.1406-MONOMER,0.0,-2.584876983198821e-06
3OAR4M6_REV_g.27343.CDS.3153-MONOMER,0.0,-2.1215526885093074e-06
3OAR4M6_FWD_g.27343.CDS.3153-MONOMER,0.019469551643045396,3.814518815451787e-35
3OAR4M6_REV_g.27343.CDS.1666-MONOMER,0.0,-3.2385591526497686e-06
3OAR4M6_FWD_g.27343.CDS.1666-MONOMER,0.0,-1.1170064641404612e-06
3OAR4M6_REV_g.27343.CDS.1406-MONOMER,0.0,-2.584876983198821e-06
3OAR4M6_FWD_g.27343.CDS.1406-MONOMER,0.0,-4.633242946895137e-07
3OAR5M6_REV_g.27343.CDS.3153-MONOMER,0.0,-2.1215526885093074e-06
3OAR5M6_FWD_g.27343.CDS.3153-MONOMER,0.019469551643045396,-2.1926313514514317e-35
3OAR5M6_REV_g.27343.CDS.1666-MONOMER,0.0,-3.2385591526497686e-06
3OAR5M6_FWD_g.27343.CDS.1666-MONOMER,0.0,-1.1170064641404612e-06
3OAR5M6_REV_g.27343.CDS.1406-MONOMER,0.0,-2.584876983198821e-06
3OAR5M6_FWD_g.27343.CDS.1406-MONOMER,0.0,-4.633242946895137e-07
3OAR60_REV_g.27343.CDS.3153-MONOMER,0.0,-2.1104861740003752e-06
3OAR60_FWD_g.27343.CDS.3153-MONOMER,0.0,-1.6294610233042549e-35
3OAR60_REV_g.27343.CDS.1666-MONOMER,0.0,-3.227492638140837e-06
3OAR60_FWD_g.27343.CDS.1666-MONOMER,0.0,-1.1170064641404612e-06
3OAR60_REV_g.27343.CDS.1406-MONOMER,0.0,-2.573810468689889e-06
3OAR60_FWD_g.27343.CDS.1406-MONOMER,0.0,-4.633242946895137e-07
3OAR6M7_REV_g.27343.CDS.3153-MONOMER,0.0,-2.1215526885093074e-06
3OAR6M7_FWD_g.27343.CDS.3153-MONOMER,0.0,-2.1926313514514317e-35
3OAR6M7_REV_g.27343.CDS.1666-MONOMER,0.0,-3.2385591526497686e-06
3OAR6M7_FWD_g.27343.CDS.1666-MONOMER,0.0,-1.1170064641404612e-06
3OAR6M7_REV_g.27343.CDS.1406-MONOMER,0.0,-2.584876983198821e-06
3OAR6M7_FWD_g.27343.CDS.1406-MONOMER,0.0,-4.633242946895137e-07
3OAR6M8_REV_g.27343.CDS.3153-MONOMER,0.0,-2.1215526885093074e-06
3OAR6M8_FWD_g.27343.CDS.3153-MONOMER,0.019469551643045396,-2.1926313514514317e-35
3OAR6M8_REV_g.27343.CDS.1666-MONOMER,0.0,-3.2385591526497686e-06
3OAR6M8_FWD_g.27343.CDS.1666-MONOMER,0.0,-1.1170064641404612e-06
3OAR6M8_REV_g.27343.CDS.1406-MONOMER,0.0,-2.584876983198821e-06
3OAR6M8_FWD_g.27343.CDS.1406-MONOMER,0.0,-4.633242946895137e-07
3OAR7M8_REV_g.27343.CDS.3153-MONOMER,0.0,-2.1215526885093074e-06
3OAR7M8_FWD_g.27343.CDS.3153-MONOMER,0.019469551643045396,-2.1926313514514317e-35
3OAR7M8_REV_g.27343.CDS.1666-MONOMER,0.0,-3.2385591526497686e-06
3OAR7M8_FWD_g.27343.CDS.1666-MONOMER,0.0,-1.1170064641404612e-06
3OAR7M8_REV_g.27343.CDS.1406-MONOMER,0.0,-2.584876983198821e-06
3OAR7M8_FWD_g.27343.CDS.1406-MONOMER,0.0,-4.633242946895137e-07
3OAR80_REV_g.27343.CDS.3153-MONOMER,0.0,-2.1104861740003752e-06
3OAR80_FWD_g.27343.CDS.3153-MONOMER,0.0,-1.6294610233042549e-35
3OAR80_REV_g.27343.CDS.1666-MONOMER,0.0,-3.227492638140837e-06
3OAR80_FWD_g.27343.CDS.1666-MONOMER,0.0,-1.1170064641404612e-06
3OAR80_REV_g.27343.CDS.1406-MONOMER,0.0,-2.573810468689889e-06
3OAR80_FWD_g.27343.CDS.1406-MONOMER,0.0,-4.633242946895137e-07
3OAR8M10_REV_g.27343.CDS.3153-MONOMER,0.0,-2.1215526885093074e-06
3OAR8M10_FWD_g.27343.CDS.3153-MONOMER,0.019469551643045396,3.814518815451787e-35
3OAR8M10_REV_g.27343.CDS.1666-MONOMER,0.0,-3.2385591526497686e-06
3OAR8M10_FWD_g.27343.CDS.1666-MONOMER,0.0,-1.1170064641404612e-06
3OAR8M10_REV_g.27343.CDS.1406-MONOMER,0.0,-2.584876983198821e-06
3OAR8M10_FWD_g.27343.CDS.1406-MONOMER,0.0,-4.633242946895137e-07
3OAR8M9_REV_g.27343.CDS.3153-MONOMER,0.0,-2.1215526885093074e-06
3OAR8M9_FWD_g.27343.CDS.3153-MONOMER,0.0,-2.1926313514514317e-35
3OAR8M9_REV_g.27343.CDS.1666-MONOMER,0.0,-3.2385591526497686e-06
3OAR8M9_FWD_g.27343.CDS.1666-MONOMER,0.0,-1.1170064641404612e-06
3OAR8M9_REV_g.27343.CDS.1406-MONOMER,0.0,-2.584876983198821e-06
3OAR8M9_FWD_g.27343.CDS.1406-MONOMER,0.0,-4.633242946895137e-07
3OAR9M10_REV_g.27343.CDS.3153-MONOMER,0.0,-2.1215526885093074e-06
3OAR9M10_FWD_g.27343.CDS.3153-MONOMER,0.019469551643045396,-2.1926313514514317e-35
3OAR9M10_REV_g.27343.CDS.1666-MONOMER,0.0,-3.2385591526497686e-06
3OAR9M10_FWD_g.27343.CDS.1666-MONOMER,0.0,-1.1170064641404612e-06
3OAR9M10_REV_g.27343.CDS.1406-MONOMER,0.0,-2.584876983198821e-06
3OAR9M10_FWD_g.27343.CDS.1406-MONOMER,0.0,-4.633242946895137e-07
3OAS100_REV_g.27343.CDS.1714-MONOMER,0.0,-3.094065331861778e-06
3OAS100_FWD_g.27343.CDS.1714-MONOMER,0.0,2.0853584849533126e-35
3OAS100_REV_CPLX_3OAS100-0,0.0,-3.5199331776066513e-06
3OAS100_FWD_CPLX_3OAS100-0,0.0,-4.258678457448733e-07
3OAS100_REV_g.27343.CDS.1018-MONOMER,0.0,-4.038278553263728e-06
3OAS100_FWD_g.27343.CDS.1018-MONOMER,0.0,-9.442132214019507e-07
3OAS100_REV_CPLX_3OAS100-1,0.0,-4.419777226520643e-06
3OAS100_FWD_CPLX_3OAS100-1,0.0,-1.325711894658865e-06
3OAS100_REV_CPLX_3OAS100-2,0.0,-4.187747888418094e-06
3OAS100_FWD_CPLX_3OAS100-2,0.0,-1.0936825565563169e-06
3OAS10M11_REV_CPLX_3OAS100-1,0.0,-4.871885497153151e-06
3OAS10M11_FWD_CPLX_3OAS100-1,0.0,-8.998440489139917e-07
3OAS10M11_REV_CPLX_3OAS100-0,0.0,-3.97204144823916e-06
3OAS10M11_FWD_CPLX_3OAS100-0,0.0,2.110259861710635e-35
3OAS10M11_REV_CPLX_3OAS100-2,0.0,-4.639856159050604e-06
3OAS10M11_FWD_CPLX_3OAS100-2,0.0,-6.678147108114436e-07
3OAS10M12_REV_CPLX_3OAS100-1,0.0,-4.871885497153151e-06
3OAS10M12_FWD_CPLX_3OAS100-1,0.0,-8.998440489139917e-07
3OAS10M12_REV_CPLX_3OAS100-0,0.0,-3.97204144823916e-06
3OAS10M12_FWD_CPLX_3OAS100-0,0.019469551643045396,-1.3050956391677433e-35
3OAS10M12_REV_CPLX_3OAS100-2,0.0,-4.639856159050604e-06
3OAS10M12_FWD_CPLX_3OAS100-2,0.0,-6.678147108114436e-07
3OAS11M12_REV_CPLX_3OAS100-1,0.0,-4.871885497153151e-06
3OAS11M12_FWD_CPLX_3OAS100-1,0.0,-8.998440489139917e-07
3OAS11M12_REV_CPLX_3OAS100-0,0.0,-3.97204144823916e-06
3OAS11M12_FWD_CPLX_3OAS100-0,0.019469551643045396,2.110259861710635e-35
3OAS11M12_REV_CPLX_3OAS100-2,0.0,-4.639856159050604e-06
3OAS11M12_FWD_CPLX_3OAS100-2,0.0,-6.678147108114436e-07
3OAS120_REV_g.27343.CDS.1714-MONOMER,0.0,-3.094065331861778e-06
3OAS120_FWD_g.27343.CDS.1714-MONOMER,0.0,2.1726403636395403e-36
3OAS120_REV_CPLX_3OAS100-0,0.0,-3.5199331776066513e-06
3OAS120_FWD_CPLX_3OAS100-0,0.0,-4.258678457448733e-07
3OAS120_REV_g.27343.CDS.1018-MONOMER,0.0,-4.038278553263728e-06
3OAS120_FWD_g.27343.CDS.1018-MONOMER,0.0,-9.442132214019507e-07
3OAS120_REV_CPLX_3OAS100-1,0.0,-4.419777226520643e-06
3OAS120_FWD_CPLX_3OAS100-1,0.0,-1.325711894658865e-06
3OAS120_REV_CPLX_3OAS100-2,0.0,-4.187747888418094e-06
3OAS120_FWD_CPLX_3OAS100-2,0.0,-1.0936825565563169e-06
3OAS12M13_REV_CPLX_3OAS100-1,0.0,-4.871885497153151e-06
3OAS12M13_FWD_CPLX_3OAS100-1,0.0,-8.998440489139917e-07
3OAS12M13_REV_CPLX_3OAS100-0,0.0,-3.97204144823916e-06
3OAS12M13_FWD_CPLX_3OAS100-0,0.0,-1.3050956391677433e-35
3OAS12M13_REV_CPLX_3OAS100-2,0.0,-4.639856159050604e-06
3OAS12M13_FWD_CPLX_3OAS100-2,0.0,-6.678147108114436e-07
3OAS12M14_REV_CPLX_3OAS100-1,0.0,-4.871885497153151e-06
3OAS12M14_FWD_CPLX_3OAS100-1,0.0,-8.998440489139917e-07
3OAS12M14_REV_CPLX_3OAS100-0,0.0,-3.97204144823916e-06
3OAS12M14_FWD_CPLX_3OAS100-0,0.019469551643045396,-1.3050956391677433e-35
3OAS12M14_REV_CPLX_3OAS100-2,0.0,-4.639856159050604e-06
3OAS12M14_FWD_CPLX_3OAS100-2,0.0,-6.678147108114436e-07
3OAS13M14_REV_CPLX_3OAS100-1,0.0,-4.871885497153151e-06
3OAS13M14_FWD_CPLX_3OAS100-1,0.0,-8.998440489139917e-07
3OAS13M14_REV_CPLX_3OAS100-0,0.0,-3.97204144823916e-06
3OAS13M14_FWD_CPLX_3OAS100-0,0.019469551643045396,-1.3050956391677433e-35
3OAS13M14_REV_CPLX_3OAS100-2,0.0,-4.639856159050604e-06
3OAS13M14_FWD_CPLX_3OAS100-2,0.0,-6.678147108114436e-07
3OAS140_REV_g.27343.CDS.1714-MONOMER,0.0,-2.831657534760491e-06
3OAS140_FWD_g.27343.CDS.1714-MONOMER,0.022865979874356776,2.0853584849533126e-35
3OAS140_REV_CPLX_3OAS100-0,0.0,-3.2575253805053643e-06
3OAS140_FWD_CPLX_3OAS100-0,0.0,-4.258678457448733e-07
3OAS140_REV_g.27343.CDS.1018-MONOMER,0.0,-3.775870756162442e-06
3OAS140_FWD_g.27343.CDS.1018-MONOMER,0.0,-9.442132214019507e-07
3OAS140_REV_CPLX_3OAS100-1,0.0,-4.157369429419356e-06
3OAS140_FWD_CPLX_3OAS100-1,0.0,-1.325711894658865e-06
3OAS140_REV_CPLX_3OAS100-2,0.0,-3.9253400913168075e-06
3OAS140_FWD_CPLX_3OAS100-2,0.0,-1.0936825565563169e-06
3OAS160_REV_g.27343.CDS.1714-MONOMER,0.0,-2.839861990981175e-06
3OAS160_FWD_g.27343.CDS.1714-MONOMER,0.0,2.0853584849533126e-35
3OAS160_REV_CPLX_3OAS100-0,0.0,-3.265729836726048e-06
3OAS160_FWD_CPLX_3OAS100-0,0.0,-4.258678457448733e-07
3OAS160_REV_g.27343.CDS.1018-MONOMER,0.0,-3.7840752123831255e-06
3OAS160_FWD_g.27343.CDS.1018-MONOMER,0.0,-9.442132214019507e-07
3OAS160_REV_CPLX_3OAS100-1,0.0,-4.16557388564004e-06
3OAS160_FWD_CPLX_3OAS100-1,0.0,-1.325711894658865e-06
3OAS160_REV_CPLX_3OAS100-2,0.0,-3.933544547537492e-06
3OAS160_FWD_CPLX_3OAS100-2,0.0,-1.0936825565563169e-06
3OAS180_REV_CPLX_3OAS100-1,0.0,-4.591438808354504e-06
3OAS180_FWD_CPLX_3OAS100-1,0.0,-8.998440489139917e-07
3OAS180_REV_CPLX_3OAS100-0,0.0,-3.6915947594405123e-06
3OAS180_FWD_CPLX_3OAS100-0,0.0,2.110259861710635e-35
3OAS180_REV_CPLX_3OAS100-2,0.0,-4.359409470251956e-06
3OAS180_FWD_CPLX_3OAS100-2,0.0,-6.678147108114436e-07
3OAS2M3_REV_CPLX_3OAS100-1,0.0,-4.871885497153151e-06
3OAS2M3_FWD_CPLX_3OAS100-1,0.0,-8.998440489139917e-07
3OAS2M3_REV_CPLX_3OAS100-0,0.0,-3.97204144823916e-06
3OAS2M3_FWD_CPLX_3OAS100-0,0.0,-1.3050956391677433e-35
3OAS2M3_REV_CPLX_3OAS100-2,0.0,-4.639856159050604e-06
3OAS2M3_FWD_CPLX_3OAS100-2,0.0,-6.678147108114436e-07
3OAS3M4_REV_CPLX_3OAS100-1,0.0,-4.871885497153151e-06
3OAS3M4_FWD_CPLX_3OAS100-1,0.0,-8.998440489139917e-07
3OAS3M4_REV_CPLX_3OAS100-0,0.0,-3.97204144823916e-06
3OAS3M4_FWD_CPLX_3OAS100-0,0.019469551643045396,5.525615362589014e-35
3OAS3M4_REV_CPLX_3OAS100-2,0.0,-4.639856159050604e-06
3OAS3M4_FWD_CPLX_3OAS100-2,0.0,-6.678147108114436e-07
3OAS4M3O6_REV_CPLX_3OAS100-1,0.0,-4.871885497153151e-06
3OAS4M3O6_FWD_CPLX_3OAS100-1,0.0,-8.998440489139917e-07
3OAS4M3O6_REV_CPLX_3OAS100-0,0.0,-3.97204144823916e-06
3OAS4M3O6_FWD_CPLX_3OAS100-0,0.019469551643045396,-1.3050956391677433e-35
3OAS4M3O6_REV_CPLX_3OAS100-2,0.0,-4.639856159050604e-06
3OAS4M3O6_FWD_CPLX_3OAS100-2,0.0,-6.678147108114436e-07
3OAS4M5_REV_CPLX_3OAS100-1,0.0,-4.871885497153151e-06
3OAS4M5_FWD_CPLX_3OAS100-1,0.0,-8.998440489139917e-07
3OAS4M5_REV_CPLX_3OAS100-0,0.0,-3.97204144823916e-06
3OAS4M5_FWD_CPLX_3OAS100-0,0.0,2.110259861710635e-35
3OAS4M5_REV_CPLX_3OAS100-2,0.0,-4.639856159050604e-06
3OAS4M5_FWD_CPLX_3OAS100-2,0.0,-6.678147108114436e-07
3OAS4M6_REV_CPLX_3OAS100-1,0.0,-4.871885497153151e-06
3OAS4M6_FWD_CPLX_3OAS100-1,0.0,-8.998440489139917e-07
3OAS4M6_REV_CPLX_3OAS100-0,0.0,-3.97204144823916e-06
3OAS4M6_FWD_CPLX_3OAS100-0,0.019469551643045396,-1.3050956391677433e-35
3OAS4M6_REV_CPLX_3OAS100-2,0.0,-4.639856159050604e-06
3OAS4M6_FWD_CPLX_3OAS100-2,0.0,-6.678147108114436e-07
3OAS5M6_REV_CPLX_3OAS100-1,0.0,-4.871885497153151e-06
3OAS5M6_FWD_CPLX_3OAS100-1,0.0,-8.998440489139917e-07
3OAS5M6_REV_CPLX_3OAS100-0,0.0,-3.97204144823916e-06
3OAS5M6_FWD_CPLX_3OAS100-0,0.019469551643045396,-1.3050956391677433e-35
3OAS5M6_REV_CPLX_3OAS100-2,0.0,-4.639856159050604e-06
3OAS5M6_FWD_CPLX_3OAS100-2,0.0,-6.678147108114436e-07
3OAS60_REV_g.27343.CDS.1714-MONOMER,0.0,-3.094065331861778e-06
3OAS60_FWD_g.27343.CDS.1714-MONOMER,0.0,2.1726403636395403e-36
3OAS60_REV_CPLX_3OAS100-0,0.0,-3.5199331776066513e-06
3OAS60_FWD_CPLX_3OAS100-0,0.0,-4.258678457448733e-07
3OAS60_REV_g.27343.CDS.1018-MONOMER,0.0,-4.038278553263728e-06
3OAS60_FWD_g.27343.CDS.1018-MONOMER,0.0,-9.442132214019507e-07
3OAS60_REV_CPLX_3OAS100-1,0.0,-4.419777226520643e-06
3OAS60_FWD_CPLX_3OAS100-1,0.0,-1.325711894658865e-06
3OAS60_REV_CPLX_3OAS100-2,0.0,-4.187747888418094e-06
3OAS60_FWD_CPLX_3OAS100-2,0.0,-1.0936825565563169e-06
3OAS6M7_REV_CPLX_3OAS100-1,0.0,-4.871885497153151e-06
3OAS6M7_FWD_CPLX_3OAS100-1,0.0,-8.998440489139917e-07
3OAS6M7_REV_CPLX_3OAS100-0,0.0,-3.97204144823916e-06
3OAS6M7_FWD_CPLX_3OAS100-0,0.0,2.110259861710635e-35
3OAS6M7_REV_CPLX_3OAS100-2,0.0,-4.639856159050604e-06
3OAS6M7_FWD_CPLX_3OAS100-2,0.0,-6.678147108114436e-07
3OAS6M8_REV_CPLX_3OAS100-1,0.0,-4.871885497153151e-06
3OAS6M8_FWD_CPLX_3OAS100-1,0.0,-8.998440489139917e-07
3OAS6M8_REV_CPLX_3OAS100-0,0.0,-3.97204144823916e-06
3OAS6M8_FWD_CPLX_3OAS100-0,0.019469551643045396,-1.3050956391677433e-35
3OAS6M8_REV_CPLX_3OAS100-2,0.0,-4.639856159050604e-06
3OAS6M8_FWD_CPLX_3OAS100-2,0.0,-6.678147108114436e-07
3OAS7M8_REV_CPLX_3OAS100-1,0.0,-4.871885497153151e-06
3OAS7M8_FWD_CPLX_3OAS100-1,0.0,-8.998440489139917e-07
3OAS7M8_REV_CPLX_3OAS100-0,0.0,-3.97204144823916e-06
3OAS7M8_FWD_CPLX_3OAS100-0,0.019469551643045396,-1.3050956391677433e-35
3OAS7M8_REV_CPLX_3OAS100-2,0.0,-4.639856159050604e-06
3OAS7M8_FWD_CPLX_3OAS100-2,0.0,-6.678147108114436e-07
3OAS80_REV_g.27343.CDS.1714-MONOMER,0.0,-3.094065331861778e-06
3OAS80_FWD_g.27343.CDS.1714-MONOMER,0.0,2.0853584849533126e-35
3OAS80_REV_CPLX_3OAS100-0,0.0,-3.5199331776066513e-06
3OAS80_FWD_CPLX_3OAS100-0,0.0,-4.258678457448733e-07
3OAS80_REV_g.27343.CDS.1018-MONOMER,0.0,-4.038278553263728e-06
3OAS80_FWD_g.27343.CDS.1018-MONOMER,0.0,-9.442132214019507e-07
3OAS80_REV_CPLX_3OAS100-1,0.0,-4.419777226520643e-06
3OAS80_FWD_CPLX_3OAS100-1,0.0,-1.325711894658865e-06
3OAS80_REV_CPLX_3OAS100-2,0.0,-4.187747888418094e-06
3OAS80_FWD_CPLX_3OAS100-2,0.0,-1.0936825565563169e-06
3OAS8M10_REV_CPLX_3OAS100-1,0.0,-4.871885497153151e-06
3OAS8M10_FWD_CPLX_3OAS100-1,0.0,-8.998440489139917e-07
3OAS8M10_REV_CPLX_3OAS100-0,0.0,-3.97204144823916e-06
3OAS8M10_FWD_CPLX_3OAS100-0,0.019469551643045396,-4.720451140046122e-35
3OAS8M10_REV_CPLX_3OAS100-2,0.0,-4.639856159050604e-06
3OAS8M10_FWD_CPLX_3OAS100-2,0.0,-6.678147108114436e-07
3OAS8M9_REV_CPLX_3OAS100-1,0.0,-4.871885497153151e-06
3OAS8M9_FWD_CPLX_3OAS100-1,0.0,-8.998440489139917e-07
3OAS8M9_REV_CPLX_3OAS100-0,0.0,-3.97204144823916e-06
3OAS8M9_FWD_CPLX_3OAS100-0,0.0,2.110259861710635e-35
3OAS8M9_REV_CPLX_3OAS100-2,0.0,-4.639856159050604e-06
3OAS8M9_FWD_CPLX_3OAS100-2,0.0,-6.678147108114436e-07
3OAS9M10_REV_CPLX_3OAS100-1,0.0,-4.871885497153151e-06
3OAS9M10_FWD_CPLX_3OAS100-1,0.0,-8.998440489139917e-07
3OAS9M10_REV_CPLX_3OAS100-0,0.0,-3.97204144823916e-06
3OAS9M10_FWD_CPLX_3OAS100-0,0.019469551643045396,-4.720451140046122e-35
3OAS9M10_REV_CPLX_3OAS100-2,0.0,-4.639856159050604e-06
3OAS9M10_FWD_CPLX_3OAS100-2,0.0,-6.678147108114436e-07
4HBZCL_REV_g.27343.CDS.2904-MONOMER,0.0,-3.0965120572133677e-34
4HBZCL_FWD_g.27343.CDS.2904-MONOMER,0.0,-5.733689663188869e-07
4HTHRS_REV_g.27343.CDS.1947-MONOMER,0.0,-6.646815551429031e-08
4HTHRS_FWD_g.27343.CDS.1947-MONOMER,0.0,-2.2983188838731497e-36
4HTHRS_REV_g.27343.CDS.1863-MONOMER_mod_pydx5p(1),0.0,-7.239101235790597e-07
4HTHRS_FWD_g.27343.CDS.1863-MONOMER_mod_pydx5p(1),0.0,-6.574419680647695e-07
4NTPPH2_REV_g.27343.CDS.2385-MONOMER,0.0,-8.923428061939271e-07
4NTPPH2_FWD_g.27343.CDS.2385-MONOMER,0.0,3.2332181262222188e-37
4NTPPH2_REV_g.27343.CDS.1836-MONOMER_mod_zn2(1)_mod_mg2(1),0.0,-1.5965008550284077e-06
4NTPPH2_FWD_g.27343.CDS.1836-MONOMER_mod_zn2(1)_mod_mg2(1),0.0,-7.041580488344805e-07
5AIZCDC_REV_CPLX_5AIZCDC-0,0.0,-4.724173697763469e-07
5AIZCDC_FWD_CPLX_5AIZCDC-0,0.0,-1.4602334194270956e-07
5AIZCDC_REV_g.27343.CDS.2253-MONOMER,0.0,-3.263940278336374e-07
5AIZCDC_FWD_g.27343.CDS.2253-MONOMER,0.0,-3.0680583610351256e-36
5AIZCDC_REV_g.27343.CDS.2664-MONOMER,0.0,-1.0338995425690357e-06
5AIZCDC_FWD_g.27343.CDS.2664-MONOMER,0.0,-7.075055147353983e-07
6P3HXI_REV_g.27343.CDS.2221-MONOMER_mod_mn2(1),0.0,-5.246539694424448e-36
6P3HXI_FWD_g.27343.CDS.2221-MONOMER_mod_mn2(1),0.0,-2.8935836586768673e-06
A5PISO_REV_g.27343.CDS.2051-MONOMER,0.0,-4.657678175809789e-06
A5PISO_FWD_g.27343.CDS.2051-MONOMER,0.01714945140440253,-1.469785201071419e-35
AACOAT_REV_g.27343.CDS.852-MONOMER,0.0,-2.0127542468080494e-06
AACOAT_FWD_g.27343.CDS.852-MONOMER,0.0,-3.0351220656485954e-07
AACOAT_REV_g.27343.CDS.3191-MONOMER,0.0,-2.2485552364540577e-06
AACOAT_FWD_g.27343.CDS.3191-MONOMER,0.0,-5.393131962108679e-07
AACOAT_REV_g.27343.CDS.2105-MONOMER_mod_mg2(1),0.0,-1.7092420402431896e-06
AACOAT_FWD_g.27343.CDS.2105-MONOMER_mod_mg2(1),0.0,1.9499908434216623e-35
AACPS6_REV_CPLX_dummy,0.0,-1.6205620525137265e-06
AACPS6_FWD_CPLX_dummy,0.01946957065987057,-8.516224550287963e-36
AACPS7_REV_CPLX_dummy,0.0,-1.6164610746637826e-06
AACPS7_FWD_CPLX_dummy,0.0,-3.4446316174877814e-35
ABUTD_REV_g.27343.CDS.442-MONOMER,0.0,-2.301824931617777e-06
ABUTD_FWD_g.27343.CDS.442-MONOMER,0.0,3.606724175195346e-35
ABUTD_REV_g.27343.CDS.2873-MONOMER,0.0,-4.165789023599637e-06
ABUTD_FWD_g.27343.CDS.2873-MONOMER,0.0,-1.86396409198186e-06
ACALDt_REV_CPLX_dummy,1.9875649374576336,0.0
ACALDt_FWD_CPLX_dummy,0.0,-1.95349389908355e-06
ACBIPGT_REV_CPLX_dummy,0.0,-1.95349389908355e-06
ACBIPGT_FWD_CPLX_dummy,0.0,-7.095528673470244e-36
ACCOALYS2_REV_g.27343.CDS.442-MONOMER,0.0,-2.301824931617777e-06
ACCOALYS2_FWD_g.27343.CDS.442-MONOMER,0.0,-1.2758176497759512e-35
ACGAM2E_REV_g.27343.CDS.2813-MONOMER,0.0,3.331107756927361e-41
ACGAM2E_FWD_g.27343.CDS.2813-MONOMER,0.0,-4.668485101620051e-07
ACGAMH_REV_g.27343.CDS.429-MONOMER,0.0,5.714689346338221e-07
ACGAMH_FWD_g.27343.CDS.429-MONOMER,0.0,-3.992036331478334e-37
ACGAMT_REV_g.27343.CDS.1157-MONOMER_mod_mg2(1),0.0,-1.4893398053156711e-06
ACGAMT_FWD_g.27343.CDS.1157-MONOMER_mod_mg2(1),0.0,2.5463594987700487e-35
ACGApts_REV_CPLX_ACGApts-0,0.0,-4.814011960863741e-06
ACGApts_FWD_CPLX_ACGApts-0,0.0,2.3408735863341336e-36
ACGK_REV_679935.3.peg.1639-MONOMER,0.0,-3.477158587369923e-06
ACGK_FWD_679935.3.peg.1639-MONOMER,0.3114259755899027,-5.7770943036167016e-36
ACGS_REV_679935.3.peg.1644-MONOMER,0.0,0.013430224098564422
ACGS_FWD_679935.3.peg.1644-MONOMER,0.0,-0.013429074760801853
ACHBPL_REV_679935.3.peg.1410-MONOMER,0.0,-2.469121089941783e-06
ACHBPL_FWD_679935.3.peg.1410-MONOMER,0.0,-1.9673773507401516e-06
ACHBPL_REV_679935.3.peg.1411-MONOMER,0.0,-5.01743739201631e-07
ACHBPL_FWD_679935.3.peg.1411-MONOMER,0.12607493502227832,-5.353166979754968e-37
ACKr_REV_g.27343.CDS.89-MONOMER,8.124669176818358,7.622527128148659e-35
ACKr_FWD_g.27343.CDS.89-MONOMER,0.0,-3.1375934145368858e-06
ACLS_a_REV_679935.3.peg.1410-MONOMER,0.0,-2.469121089941783e-06
ACLS_a_FWD_679935.3.peg.1410-MONOMER,0.0,-1.9673773507401516e-06
ACLS_a_REV_679935.3.peg.1411-MONOMER,0.0,-5.01743739201631e-07
ACLS_a_FWD_679935.3.peg.1411-MONOMER,0.7780355646921497,-5.353166979754968e-37
ACLS_b_REV_679935.3.peg.1410-MONOMER,0.0,-1.9673773507401516e-06
ACLS_b_FWD_679935.3.peg.1410-MONOMER,0.0,-2.469121089941783e-06
ACLS_b_REV_679935.3.peg.1411-MONOMER,0.6519606296698713,-5.353166979754968e-37
ACLS_b_FWD_679935.3.peg.1411-MONOMER,0.0,-5.01743739201631e-07
ACOAAGPAT140_REV_g.27343.CDS.1695-MONOMER,0.0,-2.524960246790048e-06
ACOAAGPAT140_FWD_g.27343.CDS.1695-MONOMER,0.0,-9.601414162277354e-07
ACOAAGPAT140_REV_g.27343.CDS.2189-MONOMER,0.0,-1.5648188305623127e-06
ACOAAGPAT140_FWD_g.27343.CDS.2189-MONOMER,0.0,-3.4108312829480974e-35
ACOAAGPAT160_REV_g.27343.CDS.1695-MONOMER,0.0,-2.524960246790048e-06
ACOAAGPAT160_FWD_g.27343.CDS.1695-MONOMER,0.0,-9.601414162277354e-07
ACOAAGPAT160_REV_g.27343.CDS.2189-MONOMER,0.0,-1.5648188305623127e-06
ACOAAGPAT160_FWD_g.27343.CDS.2189-MONOMER,0.0,-5.2522253365924235e-36
ACOAAGPAT180_REV_g.27343.CDS.1695-MONOMER,0.0,-2.3141543296404044e-06
ACOAAGPAT180_FWD_g.27343.CDS.1695-MONOMER,0.0,-1.1709473333773787e-06
ACOAAGPAT180_REV_g.27343.CDS.2189-MONOMER,0.0,-1.3540129134126692e-06
ACOAAGPAT180_FWD_g.27343.CDS.2189-MONOMER,0.0,-2.1080591714964346e-07
ACOAAGPATAI15_REV_g.27343.CDS.1695-MONOMER,0.0,-2.524960246790048e-06
ACOAAGPATAI15_FWD_g.27343.CDS.1695-MONOMER,0.0,-9.601414162277354e-07
ACOAAGPATAI15_REV_g.27343.CDS.2189-MONOMER,0.0,-1.5648188305623127e-06
ACOAAGPATAI15_FWD_g.27343.CDS.2189-MONOMER,0.0,-2.525727146914815e-35
ACOAAGPATAI17_REV_g.27343.CDS.1695-MONOMER,0.0,-2.524960246790048e-06
ACOAAGPATAI17_FWD_g.27343.CDS.1695-MONOMER,0.0,-9.601414162277354e-07
ACOAAGPATAI17_REV_g.27343.CDS.2189-MONOMER,0.0,-1.5648188305623127e-06
ACOAAGPATAI17_FWD_g.27343.CDS.2189-MONOMER,0.009734775821522698,3.80319059027404e-35
ACOAAGPATI14_REV_g.27343.CDS.1695-MONOMER,0.0,-2.524960246790048e-06
ACOAAGPATI14_FWD_g.27343.CDS.1695-MONOMER,0.0,-9.601414162277354e-07
ACOAAGPATI14_REV_g.27343.CDS.2189-MONOMER,0.0,-1.5648188305623127e-06
ACOAAGPATI14_FWD_g.27343.CDS.2189-MONOMER,0.0,-3.004135944657177e-36
ACOAAGPATI15_REV_g.27343.CDS.1695-MONOMER,0.0,-2.524960246790048e-06
ACOAAGPATI15_FWD_g.27343.CDS.1695-MONOMER,0.0,-9.601414162277354e-07
ACOAAGPATI15_REV_g.27343.CDS.2189-MONOMER,0.0,-1.5648188305623127e-06
ACOAAGPATI15_FWD_g.27343.CDS.2189-MONOMER,0.0,-1.4130703706902663e-35
ACOAAGPATI16_REV_g.27343.CDS.1695-MONOMER,0.0,-2.524960246790048e-06
ACOAAGPATI16_FWD_g.27343.CDS.1695-MONOMER,0.0,-9.601414162277354e-07
ACOAAGPATI16_REV_g.27343.CDS.2189-MONOMER,0.0,-1.5648188305623127e-06
ACOAAGPATI16_FWD_g.27343.CDS.2189-MONOMER,0.0,-2.525727146914815e-35
ACOAAGPATI17_REV_g.27343.CDS.1695-MONOMER,0.0,-2.524960246790048e-06
ACOAAGPATI17_FWD_g.27343.CDS.1695-MONOMER,0.0,-9.601414162277354e-07
ACOAAGPATI17_REV_g.27343.CDS.2189-MONOMER,0.0,-1.5648188305623127e-06
ACOAAGPATI17_FWD_g.27343.CDS.2189-MONOMER,0.009734775821522698,2.3603862156296127e-35
ACOATA_REV_CPLX_3OAS100-1,0.0,-8.998440489139917e-07
ACOATA_FWD_CPLX_3OAS100-1,0.0,-4.8513821525686915e-06
ACOATA_REV_CPLX_3OAS100-0,0.0,2.110259861710635e-35
ACOATA_FWD_CPLX_3OAS100-0,0.0,-3.9515381036547e-06
ACOATA_REV_CPLX_3OAS100-2,0.0,-6.678147108114436e-07
ACOATA_FWD_CPLX_3OAS100-2,0.0,-4.619352814466144e-06
ACOCT_REV_679935.3.peg.1640-MONOMER,0.0,5.530679085093625e-07
ACOCT_FWD_679935.3.peg.1640-MONOMER,0.0,1.2342188151463781e-36
ACODAr_REV_g.27343.CDS.2616-MONOMER,0.0,-1.3278083922292267e-36
ACODAr_FWD_g.27343.CDS.2616-MONOMER,0.0,-5.370971662671063e-07
ACODAr_REV_g.27343.CDS.1843-MONOMER_mod_zn2(1),0.0,-2.3899811719135708e-06
ACODAr_FWD_g.27343.CDS.1843-MONOMER_mod_zn2(1),0.0,-2.9270783381806775e-06
ACOTA_REV_679935.3.peg.1183-MONOMER_mod_pydx5p(1),0.3114259755899027,1.2240809277784423e-35
ACOTA_FWD_679935.3.peg.1183-MONOMER_mod_pydx5p(1),0.0,-3.134296655318942e-06
ACOTA_REV_679935.3.peg.1641-MONOMER_mod_pydx5p(1),0.0,-9.71428159858753e-07
ACOTA_FWD_679935.3.peg.1641-MONOMER_mod_pydx5p(1),0.0,-4.105724815177695e-06
ACPS1_REV_g.27343.CDS.636-MONOMER,0.0,-2.8261669581422316e-06
ACPS1_FWD_g.27343.CDS.636-MONOMER,0.0,1.0877571127497733e-35
ACt2r_REV_CPLX_dummy,8.136102144421292,-1.859703013638524e-37
ACt2r_FWD_CPLX_dummy,0.0,-1.95349389908355e-06
ADAD_REV_CPLX_dummy,0.9466564364702831,-5.557561033764504e-36
ADAD_FWD_CPLX_dummy,0.0,-1.95349389908355e-06
ADEt2r_REV_CPLX_dummy,1.9758335558142963,-1.859703013638524e-37
ADEt2r_FWD_CPLX_dummy,0.0,-1.95349389908355e-06
ADK1_REV_679935.3.peg.1052-MONOMER_mod_mg2(1),0.0,-2.1200411230907077e-06
ADK1_FWD_679935.3.peg.1052-MONOMER_mod_mg2(1),1.3754879002934792,2.199282454598964e-34
ADK10_REV_679935.3.peg.1052-MONOMER_mod_mg2(1),0.0,-1.143294173548933e-06
ADK10_FWD_679935.3.peg.1052-MONOMER_mod_mg2(1),0.0,-9.76746949541775e-07
ADK11_REV_679935.3.peg.1052-MONOMER_mod_mg2(1),0.0,-2.1200411230907077e-06
ADK11_FWD_679935.3.peg.1052-MONOMER_mod_mg2(1),0.0,2.4501411379515683e-34
ADK2_REV_g.27343.CDS.1027-MONOMER,0.0,-2.5244719092782856e-36
ADK2_FWD_g.27343.CDS.1027-MONOMER,0.0,-2.159126543778413e-06
ADK3_REV_679935.3.peg.1052-MONOMER_mod_mg2(1),0.0,-1.143294173548933e-06
ADK3_FWD_679935.3.peg.1052-MONOMER_mod_mg2(1),0.0,-9.76746949541775e-07
ADK5_REV_679935.3.peg.1052-MONOMER_mod_mg2(1),0.0,-1.143294173548933e-06
ADK5_FWD_679935.3.peg.1052-MONOMER_mod_mg2(1),0.0,-9.76746949541775e-07
ADK7_REV_679935.3.peg.1052-MONOMER_mod_mg2(1),0.0,-2.1200411230907077e-06
ADK7_FWD_679935.3.peg.1052-MONOMER_mod_mg2(1),6.617091634876061e-23,-1.1932889912162032e-35
ADK8_REV_679935.3.peg.1052-MONOMER_mod_mg2(1),0.0,-1.143294173548933e-06
ADK8_FWD_679935.3.peg.1052-MONOMER_mod_mg2(1),0.0,-9.76746949541775e-07
ADK9_REV_679935.3.peg.1052-MONOMER_mod_mg2(1),0.0,-1.143294173548933e-06
ADK9_FWD_679935.3.peg.1052-MONOMER_mod_mg2(1),0.0,-9.76746949541775e-07
ADNCNT3tc_REV_g.27343.CDS.521-MONOMER,0.0,-1.1105893537293928e-06
ADNCNT3tc_FWD_g.27343.CDS.521-MONOMER,1.0,-2.0930167671568066e-36
ADNK1_REV_g.27343.CDS.2342-MONOMER,0.0,-2.8187751358169003e-06
ADNK1_FWD_g.27343.CDS.2342-MONOMER,0.02431698624512596,-8.987381945722168e-35
ADNUC_REV_g.27343.CDS.3125-MONOMER,0.0,0.013431217452114036
ADNUC_FWD_g.27343.CDS.3125-MONOMER,0.0,-0.013433253597438638
ADNUC_REV_g.27343.CDS.2748-MONOMER,0.0,0.013430940434661077
ADNUC_FWD_g.27343.CDS.2748-MONOMER,0.0,-0.013433530614891597
ADOCBIK_REV_g.27343.CDS.1635-MONOMER,0.0,-5.218558547163871e-06
ADOCBIK_FWD_g.27343.CDS.1635-MONOMER,0.0,3.475805608897788e-36
ADOCBIK2_REV_g.27343.CDS.1635-MONOMER,0.0,-4.241811597622097e-06
ADOCBIK2_FWD_g.27343.CDS.1635-MONOMER,0.0,-9.76746949541775e-07
ADOCBLS_REV_CPLX_dummy,0.0,0.14715570750754353
ADOCBLS_FWD_CPLX_dummy,0.0,-0.14715766100144262
ADOCBLabc_REV_CPLX_ADOCBLabc-2,0.0,-4.0964616486067054e-06
ADOCBLabc_FWD_CPLX_ADOCBLabc-2,0.0,-4.064031923366418e-07
ADOCBLabc_REV_CPLX_ADOCBLabc-3,0.0,-3.8532936317056414e-06
ADOCBLabc_FWD_CPLX_ADOCBLabc-3,0.0,-1.6323517543557798e-07
ADOCBLabc_REV_CPLX_ADOCBLabc-1,0.0,-3.6900584562700634e-06
ADOCBLabc_FWD_CPLX_ADOCBLabc-1,0.0007077322814459296,-9.40026507381929e-36
ADOCBLabc_REV_CPLX_ADOCBLabc-0,0.0,-3.936876983578219e-06
ADOCBLabc_FWD_CPLX_ADOCBLabc-0,0.0,-2.4681852730815555e-07
ADPRDP_REV_g.27343.CDS.295-MONOMER,0.0,2.895730140837069e-07
ADPRDP_FWD_g.27343.CDS.295-MONOMER,0.0,-4.1795164608063275e-36
ADSL1r_REV_679935.3.peg.577-MONOMER,0.0,-1.921697877181085e-06
ADSL1r_FWD_679935.3.peg.577-MONOMER,-3.1078427072989722e-24,-5.291302665691939e-36
ADSL2r_REV_679935.3.peg.577-MONOMER,0.0,2.6739880976136294e-35
ADSL2r_FWD_679935.3.peg.577-MONOMER,0.0,-1.921697877181085e-06
ADSS_REV_679935.3.peg.2819-MONOMER_mod_mg2(1),0.0,0.012171781657092668
ADSS_FWD_679935.3.peg.2819-MONOMER_mod_mg2(1),0.0,-0.012175745067323374
AGMHE_REV_CPLX_dummy,0.0,-1.95349389908355e-06
AGMHE_FWD_CPLX_dummy,0.02286593520587004,2.4030953034044684e-36
AGMT_REV_g.27343.CDS.2102-MONOMER_mod_mn2(2),0.0,-1.7572603658022812e-06
AGMT_FWD_g.27343.CDS.2102-MONOMER_mod_mn2(2),0.0,5.112839623822738e-37
AGPAT120_REV_g.27343.CDS.1695-MONOMER,0.0,-2.1879274223702804e-06
AGPAT120_FWD_g.27343.CDS.1695-MONOMER,0.0,-9.601414162277354e-07
AGPAT120_REV_g.27343.CDS.2189-MONOMER,0.0,-1.2277860061425452e-06
AGPAT120_FWD_g.27343.CDS.2189-MONOMER,0.0,1.0933711533512583e-36
AGPAT140_REV_g.27343.CDS.1695-MONOMER,0.0,-1.1248605492044468e-06
AGPAT140_FWD_g.27343.CDS.1695-MONOMER,0.0,-2.0273105155004925e-06
AGPAT140_REV_g.27343.CDS.2189-MONOMER,0.0,-1.6471913297671158e-07
AGPAT140_FWD_g.27343.CDS.2189-MONOMER,0.0,-1.067169099272757e-06
AGPAT141_REV_g.27343.CDS.1695-MONOMER,0.0,-2.1555385413742017e-06
AGPAT141_FWD_g.27343.CDS.1695-MONOMER,0.0,-9.601414162277354e-07
AGPAT141_REV_g.27343.CDS.2189-MONOMER,0.0,-1.1953971251464663e-06
AGPAT141_FWD_g.27343.CDS.2189-MONOMER,0.0,1.0933711533512583e-36
AGPAT160_REV_g.27343.CDS.1695-MONOMER,0.0,-1.1248605492044468e-06
AGPAT160_FWD_g.27343.CDS.1695-MONOMER,0.0,-2.0273088460035437e-06
AGPAT160_REV_g.27343.CDS.2189-MONOMER,0.0,-1.6471913297671158e-07
AGPAT160_FWD_g.27343.CDS.2189-MONOMER,0.0,-1.0671674297758083e-06
AGPAT161_REV_g.27343.CDS.1695-MONOMER,0.0,-2.1555385413742017e-06
AGPAT161_FWD_g.27343.CDS.1695-MONOMER,0.0,-9.601414162277354e-07
AGPAT161_REV_g.27343.CDS.2189-MONOMER,0.0,-1.1953971251464663e-06
AGPAT161_FWD_g.27343.CDS.2189-MONOMER,0.0,1.0933711533512583e-36
AGPAT180_REV_g.27343.CDS.1695-MONOMER,0.0,-2.1920284002202244e-06
AGPAT180_FWD_g.27343.CDS.1695-MONOMER,0.0,-9.601414162277354e-07
AGPAT180_REV_g.27343.CDS.2189-MONOMER,0.0,-1.231886983992489e-06
AGPAT180_FWD_g.27343.CDS.2189-MONOMER,0.009734775821522698,-2.0114226895047726e-35
AGPAT181_REV_g.27343.CDS.1695-MONOMER,0.0,-2.1555385413742017e-06
AGPAT181_FWD_g.27343.CDS.1695-MONOMER,0.0,-9.601414162277354e-07
AGPAT181_REV_g.27343.CDS.2189-MONOMER,0.0,-1.1953971251464663e-06
AGPAT181_FWD_g.27343.CDS.2189-MONOMER,0.0,1.0933711533512583e-36
AGPR_REV_679935.3.peg.1642-MONOMER,0.3114259755899027,-8.706071209753903e-36
AGPR_FWD_679935.3.peg.1642-MONOMER,0.0,-3.9327191865471236e-06
AHC_REV_g.27343.CDS.2748-MONOMER,0.0,-2.5901802305194513e-06
AHC_FWD_g.27343.CDS.2748-MONOMER,0.00015054205942217894,-5.798368839872579e-36
AHCYSNS_REV_CPLX_dummy,0.0,0.013430940434661077
AHCYSNS_FWD_CPLX_dummy,0.0,-0.01343289392856016
AHEXASE3_REV_g.27343.CDS.2120-MONOMER,0.0,-1.2421398389705518e-06
AHEXASE3_FWD_g.27343.CDS.2120-MONOMER,0.0,-1.2094828542156845e-06
AHEXASE3_REV_g.27343.CDS.1609-MONOMER,0.0,-1.4055883172760038e-06
AHEXASE3_FWD_g.27343.CDS.1609-MONOMER,0.0,-1.3729313325211363e-06
AHEXASE3_REV_g.27343.CDS.395-MONOMER,0.0,-1.8246562890323374e-06
AHEXASE3_FWD_g.27343.CDS.395-MONOMER,0.0,-1.79199930427747e-06
AHEXASE3_REV_g.27343.CDS.213-MONOMER,0.0,-5.733702967808718e-07
AHEXASE3_FWD_g.27343.CDS.213-MONOMER,0.0,-5.407133120260043e-07
AHEXASE3_REV_g.27343.CDS.2792-MONOMER,0.0,-1.874617582175289e-07
AHEXASE3_FWD_g.27343.CDS.2792-MONOMER,0.0,-1.548047734626615e-07
AHEXASE3_REV_g.27343.CDS.3110-MONOMER,0.0,-3.2656984754867405e-08
AHEXASE3_FWD_g.27343.CDS.3110-MONOMER,-3.6905101095314386e-57,-1.3875001994222204e-40
AHEXASE3_REV_g.27343.CDS.1330-MONOMER,0.0,-2.9879175756682467e-07
AHEXASE3_FWD_g.27343.CDS.1330-MONOMER,0.0,-2.661347728119573e-07
AHEXASE3_REV_g.27343.CDS.1098-MONOMER,0.0,-1.56725704087206e-06
AHEXASE3_FWD_g.27343.CDS.1098-MONOMER,0.0,-1.5346000561171926e-06
AHEXASE3_REV_g.27343.CDS.1306-MONOMER,0.0,-1.1798802246750831e-06
AHEXASE3_FWD_g.27343.CDS.1306-MONOMER,0.0,-1.1472232399202157e-06
AHEXASE3_REV_g.27343.CDS.1639-MONOMER,0.0,-1.8895796322819818e-06
AHEXASE3_FWD_g.27343.CDS.1639-MONOMER,0.0,-1.8569226475271144e-06
AHEXASE3_REV_g.27343.CDS.1663-MONOMER,0.0,-1.7905459887694574e-06
AHEXASE3_FWD_g.27343.CDS.1663-MONOMER,0.0,-1.7578890040145902e-06
AHSERL2_REV_679935.3.peg.3169-MONOMER,0.0,-1.2398881007247608e-06
AHSERL2_FWD_679935.3.peg.3169-MONOMER,0.0,5.5394879386697906e-37
AHSERL3_REV_679935.3.peg.3169-MONOMER,0.0,-3.4466885548379053e-36
AHSERL3_FWD_679935.3.peg.3169-MONOMER,0.0,-1.4852760183204229e-06
AICART_REV_679935.3.peg.2247-MONOMER,0.0,-2.890212575602492e-06
AICART_FWD_679935.3.peg.2247-MONOMER,0.0,-6.716525472486048e-36
AIHPDCOATA_REV_g.27343.CDS.2211-MONOMER,0.0,-2.620610830113241e-06
AIHPDCOATA_FWD_g.27343.CDS.2211-MONOMER,0.019469551643045396,-1.1397794427055488e-35
AIPDCOATA_REV_g.27343.CDS.2211-MONOMER,0.0,-2.620610830113241e-06
AIPDCOATA_FWD_g.27343.CDS.2211-MONOMER,0.0,-1.1397794427055488e-35
AIRC4_REV_679935.3.peg.2238-MONOMER,0.0,0.013432189645019247
AIRC4_FWD_679935.3.peg.2238-MONOMER,0.0,-0.013432976539488403
AIRC4_REV_679935.3.peg.2239-MONOMER,0.0,0.013432445860469842
AIRC4_FWD_679935.3.peg.2239-MONOMER,0.0,-0.013432720324037807
AKP1_REV_g.27343.CDS.2385-MONOMER,0.0,-8.923428061939271e-07
AKP1_FWD_g.27343.CDS.2385-MONOMER,0.0,6.933068222303323e-35
AKP1_REV_g.27343.CDS.1836-MONOMER_mod_zn2(1)_mod_mg2(1),0.0,-1.5965008550284077e-06
AKP1_FWD_g.27343.CDS.1836-MONOMER_mod_zn2(1)_mod_mg2(1),0.0,-7.041580488344805e-07
ALAALA_REV_CPLX_dummy,0.0,0.27442873468019324
ALAALA_FWD_CPLX_dummy,0.0,-0.27443068817409233
ALAASP1c_REV_g.27343.CDS.2053-MONOMER,0.0,-2.7161639439806305e-06
ALAASP1c_FWD_g.27343.CDS.2053-MONOMER,0.0,-1.5228282060245139e-07
ALAASP1c_REV_g.27343.CDS.1237-MONOMER_mod_fe2(2),0.0,-2.563881123378179e-06
ALAASP1c_FWD_g.27343.CDS.1237-MONOMER_mod_fe2(2),4.1311318898538236e-24,-1.7515371672926454e-35
ALAASP1c_REV_g.27343.CDS.2567-MONOMER,0.0,-3.193515492602672e-06
ALAASP1c_FWD_g.27343.CDS.2567-MONOMER,0.0,-6.296343692244927e-07
ALAASPabc_REV_g.27343.CDS.1266-MONOMER,0.0,-1.519313471570299e-06
ALAASPabc_FWD_g.27343.CDS.1266-MONOMER,4.1311318898538236e-24,4.282110228083704e-36
ALACI_REV_g.27343.CDS.1276-MONOMER,0.0,-2.833467542391219e-06
ALACI_FWD_g.27343.CDS.1276-MONOMER,0.0,-8.878920875423668e-37
ALAD_R_REV_g.27343.CDS.2923-MONOMER,0.0,-2.6973585298479173e-06
ALAD_R_FWD_g.27343.CDS.2923-MONOMER,0.9070316620379124,6.75329584238665e-35
ALAGLN1c_REV_g.27343.CDS.2053-MONOMER,0.0,-2.7161639439806305e-06
ALAGLN1c_FWD_g.27343.CDS.2053-MONOMER,0.0,-1.5228282060245139e-07
ALAGLN1c_REV_g.27343.CDS.1237-MONOMER_mod_fe2(2),0.0,-2.563881123378179e-06
ALAGLN1c_FWD_g.27343.CDS.1237-MONOMER_mod_fe2(2),4.436770481147949e-24,-7.536393266929759e-35
ALAGLN1c_REV_g.27343.CDS.2567-MONOMER,0.0,-3.193515492602672e-06
ALAGLN1c_FWD_g.27343.CDS.2567-MONOMER,0.0,-6.296343692244927e-07
ALAGLNabc_REV_g.27343.CDS.1266-MONOMER,0.0,-1.519313471570299e-06
ALAGLNabc_FWD_g.27343.CDS.1266-MONOMER,4.43677048137184e-24,1.6451770935269028e-35
ALAGLU1c_REV_g.27343.CDS.2053-MONOMER,0.0,-2.7161639439806305e-06
ALAGLU1c_FWD_g.27343.CDS.2053-MONOMER,0.0,-1.5228282060245139e-07
ALAGLU1c_REV_g.27343.CDS.1237-MONOMER_mod_fe2(2),0.0,-2.563881123378179e-06
ALAGLU1c_FWD_g.27343.CDS.1237-MONOMER_mod_fe2(2),5.557369087311314e-34,-2.049520003009649e-35
ALAGLU1c_REV_g.27343.CDS.2567-MONOMER,0.0,-3.193515492602672e-06
ALAGLU1c_FWD_g.27343.CDS.2567-MONOMER,0.0,-6.296343692244927e-07
ALAGLUabc_REV_g.27343.CDS.1266-MONOMER,0.0,-1.519313471570299e-06
ALAGLUabc_FWD_g.27343.CDS.1266-MONOMER,0.0,4.282110228083704e-36
ALAGLY1c_REV_g.27343.CDS.2053-MONOMER,0.0,-2.7161639439806305e-06
ALAGLY1c_FWD_g.27343.CDS.2053-MONOMER,0.0,-1.5228282060245139e-07
ALAGLY1c_REV_g.27343.CDS.1237-MONOMER_mod_fe2(2),0.0,-2.563881123378179e-06
ALAGLY1c_FWD_g.27343.CDS.1237-MONOMER_mod_fe2(2),4.154943833729094e-24,5.527011170121758e-35
ALAGLY1c_REV_g.27343.CDS.2567-MONOMER,0.0,-3.193515492602672e-06
ALAGLY1c_FWD_g.27343.CDS.2567-MONOMER,0.0,-6.296343692244927e-07
ALAGLYabc_REV_g.27343.CDS.1266-MONOMER,0.0,-1.519313471570299e-06
ALAGLYabc_FWD_g.27343.CDS.1266-MONOMER,4.154943833729094e-24,1.6451770935269028e-35
ALAHIS1c_REV_g.27343.CDS.2053-MONOMER,0.0,-2.7161639439806305e-06
ALAHIS1c_FWD_g.27343.CDS.2053-MONOMER,0.0,-1.5228282060245139e-07
ALAHIS1c_REV_g.27343.CDS.1237-MONOMER_mod_fe2(2),0.0,-2.563881123378179e-06
ALAHIS1c_FWD_g.27343.CDS.1237-MONOMER_mod_fe2(2),0.0,-5.597442485652596e-37
ALAHIS1c_REV_g.27343.CDS.2567-MONOMER,0.0,-3.193515492602672e-06
ALAHIS1c_FWD_g.27343.CDS.2567-MONOMER,0.0,-6.296343692244927e-07
ALAHISabc_REV_g.27343.CDS.1266-MONOMER,0.0,-1.519313471570299e-06
ALAHISabc_FWD_g.27343.CDS.1266-MONOMER,0.0,1.6451770935269028e-35
ALALEU1c_REV_g.27343.CDS.2053-MONOMER,0.0,-1.5228282060245139e-07
ALALEU1c_FWD_g.27343.CDS.2053-MONOMER,0.0,-2.7161639439806305e-06
ALALEU1c_REV_g.27343.CDS.1237-MONOMER_mod_fe2(2),2.3009938806910692e-23,8.70288616542641e-35
ALALEU1c_FWD_g.27343.CDS.1237-MONOMER_mod_fe2(2),0.0,-2.563881123378179e-06
ALALEU1c_REV_g.27343.CDS.2567-MONOMER,0.0,-6.296343692244927e-07
ALALEU1c_FWD_g.27343.CDS.2567-MONOMER,0.0,-3.193515492602672e-06
ALALEUabc_REV_g.27343.CDS.1266-MONOMER,0.0,0.004624407701155556
ALALEUabc_FWD_g.27343.CDS.1266-MONOMER,0.0,-0.004625927014627126
ALAR_REV_679935.3.peg.308-MONOMER,0.0,6.026521474612401e-36
ALAR_FWD_679935.3.peg.308-MONOMER,0.0,-4.130987774553519e-06
ALATHR1c_REV_g.27343.CDS.2053-MONOMER,0.0,-2.7161639439806305e-06
ALATHR1c_FWD_g.27343.CDS.2053-MONOMER,0.0,-1.5228282060245139e-07
ALATHR1c_REV_g.27343.CDS.1237-MONOMER_mod_fe2(2),0.0,-2.563881123378179e-06
ALATHR1c_FWD_g.27343.CDS.1237-MONOMER_mod_fe2(2),4.367144543602287e-24,6.145282820328862e-35
ALATHR1c_REV_g.27343.CDS.2567-MONOMER,0.0,-3.193515492602672e-06
ALATHR1c_FWD_g.27343.CDS.2567-MONOMER,0.0,-6.296343692244927e-07
ALATHRabc_REV_g.27343.CDS.1266-MONOMER,0.0,-1.519313471570299e-06
ALATHRabc_FWD_g.27343.CDS.1266-MONOMER,4.3671445443575325e-24,1.6451770935269028e-35
ALAt2r_REV_CPLX_dummy,0.0,-1.95349389908355e-06
ALAt2r_FWD_CPLX_dummy,1.0,-3.3028560184516974e-37
ALCD4_REV_g.27343.CDS.2518-MONOMER,0.0,-5.99136259906097e-35
ALCD4_FWD_g.27343.CDS.2518-MONOMER,0.0,-4.799693111280212e-07
ALKP_REV_g.27343.CDS.2385-MONOMER,0.0,-8.923428061939271e-07
ALKP_FWD_g.27343.CDS.2385-MONOMER,0.0,-4.748256301987038e-37
ALKP_REV_g.27343.CDS.1836-MONOMER_mod_zn2(1)_mod_mg2(1),0.0,-1.5965008550284077e-06
ALKP_FWD_g.27343.CDS.1836-MONOMER_mod_zn2(1)_mod_mg2(1),0.0,-7.041580488344805e-07
AMALT1_REV_g.27343.CDS.1803-MONOMER,0.0,-2.9699175439756633e-06
AMALT1_FWD_g.27343.CDS.1803-MONOMER,0.0,-9.083788323677374e-36
AMALT1_REV_g.27343.CDS.2390-MONOMER,0.0,-3.0601218640664195e-06
AMALT1_FWD_g.27343.CDS.2390-MONOMER,0.0,-9.020432009075637e-08
AMALT2_REV_g.27343.CDS.1803-MONOMER,0.0,-2.9699175439756633e-06
AMALT2_FWD_g.27343.CDS.1803-MONOMER,0.0,-9.083788323677374e-36
AMALT2_REV_g.27343.CDS.2390-MONOMER,0.0,-3.0601218640664195e-06
AMALT2_FWD_g.27343.CDS.2390-MONOMER,0.0,-9.020432009075637e-08
AMALT3_REV_g.27343.CDS.1803-MONOMER,0.0,-2.9699175439756633e-06
AMALT3_FWD_g.27343.CDS.1803-MONOMER,0.0,-9.083788323677374e-36
AMALT3_REV_g.27343.CDS.2390-MONOMER,0.0,-3.0601218640664195e-06
AMALT3_FWD_g.27343.CDS.2390-MONOMER,0.0,-9.020432009075637e-08
AMALT4_REV_g.27343.CDS.1803-MONOMER,0.0,-2.9699175439756633e-06
AMALT4_FWD_g.27343.CDS.1803-MONOMER,0.0,-9.083788323677374e-36
AMALT4_REV_g.27343.CDS.2390-MONOMER,0.0,-3.0601218640664195e-06
AMALT4_FWD_g.27343.CDS.2390-MONOMER,0.0,-9.020432009075637e-08
AMOPBHL_REV_g.27343.CDS.1537-MONOMER,0.0,-1.3603798887060327e-06
AMOPBHL_FWD_g.27343.CDS.1537-MONOMER,0.0,1.0594121116351268e-35
AMPTASECG_REV_g.27343.CDS.2053-MONOMER,0.0,-2.7161639439806305e-06
AMPTASECG_FWD_g.27343.CDS.2053-MONOMER,0.0,-1.5228282060245139e-07
AMPTASECG_REV_g.27343.CDS.1237-MONOMER_mod_fe2(2),0.0,-2.563881123378179e-06
AMPTASECG_FWD_g.27343.CDS.1237-MONOMER_mod_fe2(2),0.9992922677185541,-1.5765387205434526e-36
AMPTASECG_REV_g.27343.CDS.2567-MONOMER,0.0,-3.193515492602672e-06
AMPTASECG_FWD_g.27343.CDS.2567-MONOMER,0.0,-6.296343692244927e-07
AMPTASEGC_REV_g.27343.CDS.2053-MONOMER,0.0,-2.7161639439806305e-06
AMPTASEGC_FWD_g.27343.CDS.2053-MONOMER,0.0,-1.5228282060245139e-07
AMPTASEGC_REV_g.27343.CDS.1237-MONOMER_mod_fe2(2),0.0,-2.563881123378179e-06
AMPTASEGC_FWD_g.27343.CDS.1237-MONOMER_mod_fe2(2),4.616017447790134e-24,-1.5765387205434526e-36
AMPTASEGC_REV_g.27343.CDS.2567-MONOMER,0.0,-3.193515492602672e-06
AMPTASEGC_FWD_g.27343.CDS.2567-MONOMER,0.0,-6.296343692244927e-07
APAT_REV_g.27343.CDS.419-MONOMER,0.0,-7.916085277913871e-36
APAT_FWD_g.27343.CDS.419-MONOMER,0.0,-5.821204216376693e-07
APRAUR_REV_679935.3.peg.3081-MONOMER,0.0,-4.246069721124103e-06
APRAUR_FWD_679935.3.peg.3081-MONOMER,0.0014155032244782112,2.1749232684733654e-34
ARAI_REV_g.27343.CDS.241-MONOMER,0.0,-2.130758426571378e-06
ARAI_FWD_g.27343.CDS.241-MONOMER,0.17878295,-1.9177074883559085e-38
ARAI_REV_g.27343.CDS.2228-MONOMER,0.0,-2.1543908225113966e-06
ARAI_FWD_g.27343.CDS.2228-MONOMER,0.0,-2.3632395940018298e-08
ARBTpts_REV_CPLX_ACGApts-0,0.0,-4.814011960863741e-06
ARBTpts_FWD_CPLX_ACGApts-0,0.0,2.3408735863341336e-36
ARBt2r_REV_g.27343.CDS.1956-MONOMER,0.0,-1.4864231663295983e-06
ARBt2r_FWD_g.27343.CDS.1956-MONOMER,0.17878295,1.7528398774205154e-36
ARGDC_REV_g.27343.CDS.2111-MONOMER,0.0,0.026872147064499797
ARGDC_FWD_g.27343.CDS.2111-MONOMER,0.0,-0.02686992677808559
ARGSL_REV_679935.3.peg.1636-MONOMER,0.0,-2.5044125117296218e-06
ARGSL_FWD_679935.3.peg.1636-MONOMER,0.06357519273419845,-1.300547789914793e-33
ARGSSr_REV_679935.3.peg.1643-MONOMER_mod_mg2(1),0.0,-2.2883955776566012e-06
ARGSSr_FWD_679935.3.peg.1643-MONOMER_mod_mg2(1),0.06357519273419845,-1.9605657759558354e-35
ASAD_REV_679935.3.peg.830-MONOMER,0.0,-6.443220008421943e-36
ASAD_FWD_679935.3.peg.830-MONOMER,0.0,-2.301824931617777e-06
ASNS1_REV_679935.3.peg.1413-MONOMER_mod_mg2(1),0.0,0.026868033734835206
ASNS1_FWD_679935.3.peg.1413-MONOMER_mod_mg2(1),0.0,-0.026871241870493535
ASNt2r_REV_CPLX_dummy,0.0,-1.95349389908355e-06
ASNt2r_FWD_CPLX_dummy,0.225,3.4950459635893646e-37
ASP1DC_REV_679935.3.peg.2402-MONOMER,0.0,-1.347774412580466e-07
ASP1DC_FWD_679935.3.peg.2402-MONOMER,0.000708449010559177,9.979745616755261e-37
ASPCT_REV_679935.3.peg.2230-MONOMER,0.0,0.09092185577137053
ASPCT_FWD_679935.3.peg.2230-MONOMER,0.0,-0.09092139561622696
ASPKi_REV_679935.3.peg.836-MONOMER,0.0,-2.5241620384686668e-06
ASPKi_FWD_679935.3.peg.836-MONOMER,0.0,-7.77900736467397e-36
ASPO1_REV_g.27343.CDS.1848-MONOMER_mod_fad(1),0.0,0.03693908384244193
ASPO1_FWD_g.27343.CDS.1848-MONOMER_mod_fad(1),0.0,-0.036939156904246095
ASPO5_REV_CPLX_dummy,0.0,-1.95349389908355e-06
ASPO5_FWD_CPLX_dummy,0.0007078088363008388,-5.14118387599715e-36
ASPO6_REV_g.27343.CDS.1848-MONOMER_mod_fad(1),0.0,0.025185002797167944
ASPO6_FWD_g.27343.CDS.1848-MONOMER_mod_fad(1),0.0,-0.025185075858972106
ASPO7_REV_679935.3.peg.1042-MONOMER,0.0,-2.8663334670590565e-07
ASPO7_FWD_679935.3.peg.1042-MONOMER,0.0,-3.1194109100407304e-35
ASPT_REV_679935.3.peg.836-MONOMER,0.0,-1.9566015628382674e-06
ASPT_FWD_679935.3.peg.836-MONOMER,0.0,-5.675604756303993e-07
ASPTA_REV_679935.3.peg.464-MONOMER,0.0,-2.0828399379909745e-06
ASPTA_FWD_679935.3.peg.464-MONOMER,0.0,-6.390219297208515e-07
ASPTA_REV_679935.3.peg.2972-MONOMER,0.0,-1.443818008270123e-06
ASPTA_FWD_679935.3.peg.2972-MONOMER,1.2064337387753608,-1.1277217378475418e-35
ASPTA_REV_679935.3.peg.1983-MONOMER,0.0,-1.52980331537019e-06
ASPTA_FWD_679935.3.peg.1983-MONOMER,0.0,-8.598530710006706e-08
ASPt2r_REV_CPLX_dummy,0.0,-1.95349389908355e-06
ASPt2r_FWD_CPLX_dummy,0.225,-3.918547049377712e-36
ATPPRT_REV_679935.3.peg.2899-MONOMER,0.0,-2.918845127523971e-06
ATPPRT_FWD_679935.3.peg.2899-MONOMER,0.0,-4.436990554733326e-07
ATPPRT_REV_679935.3.peg.2904-MONOMER,0.0,-2.4751460720506382e-06
ATPPRT_FWD_679935.3.peg.2904-MONOMER,0.0,7.238312327540535e-36
ATPS4r_REV_CPLX_dummy,0.0,-1.95349389908355e-06
ATPS4r_FWD_CPLX_dummy,0.9447942191755434,1.957859550121061e-37
BGLA_REV_g.27343.CDS.1564-MONOMER,0.0,3.605306243365968e-06
BGLA_FWD_g.27343.CDS.1564-MONOMER,0.0,-3.6918550881386405e-06
BGLA_REV_g.27343.CDS.323-MONOMER,0.0,2.0865586347809395e-06
BGLA_FWD_g.27343.CDS.323-MONOMER,0.0,-5.2106026967236696e-06
BGLA_REV_g.27343.CDS.1450-MONOMER,0.0,3.846238131429609e-06
BGLA_FWD_g.27343.CDS.1450-MONOMER,0.0,-3.450923200075e-06
BGLA_REV_g.27343.CDS.1494-MONOMER,0.0,1.2189002870240174e-06
BGLA_FWD_g.27343.CDS.1494-MONOMER,0.0,-6.078261044480592e-06
BGLA_REV_g.27343.CDS.1282-MONOMER,0.0,1.6523510651976368e-06
BGLA_FWD_g.27343.CDS.1282-MONOMER,0.0,-5.644810266306972e-06
BGLA_REV_g.27343.CDS.1452-MONOMER,0.0,2.6508199136474277e-06
BGLA_FWD_g.27343.CDS.1452-MONOMER,0.0,-4.646341417857181e-06
BGLA_REV_g.27343.CDS.1208-MONOMER,0.0,1.8817394040699481e-06
BGLA_FWD_g.27343.CDS.1208-MONOMER,0.0,-5.41542192743466e-06
BGLA_REV_g.27343.CDS.1707-MONOMER,0.0,1.531820880600829e-06
BGLA_FWD_g.27343.CDS.1707-MONOMER,0.0,-5.7653404509037796e-06
BGLA_REV_g.27343.CDS.1384-MONOMER,0.0,1.8426770588793379e-06
BGLA_FWD_g.27343.CDS.1384-MONOMER,0.0,-5.454484272625271e-06
BGLA_REV_g.27343.CDS.2061-MONOMER,0.0,1.3487047086340002e-06
BGLA_FWD_g.27343.CDS.2061-MONOMER,0.0,-5.948456622870609e-06
BGLA_REV_g.27343.CDS.978-MONOMER,0.0,1.7380089932448044e-06
BGLA_FWD_g.27343.CDS.978-MONOMER,0.0,-5.559152338259804e-06
BGLAr_REV_g.27343.CDS.1564-MONOMER,0.0,-8.65488447726725e-08
BGLAr_FWD_g.27343.CDS.1564-MONOMER,0.0,1.2451514916354836e-36
BGLAr_REV_g.27343.CDS.323-MONOMER,0.0,-1.6052964533577012e-06
BGLAr_FWD_g.27343.CDS.323-MONOMER,0.0,-1.5187476085850286e-06
BGLAr_REV_g.27343.CDS.1494-MONOMER,0.0,-2.472954801114623e-06
BGLAr_FWD_g.27343.CDS.1494-MONOMER,0.0,-2.3864059563419507e-06
BGLAr_REV_g.27343.CDS.1282-MONOMER,0.0,-2.0395040229410037e-06
BGLAr_FWD_g.27343.CDS.1282-MONOMER,0.0,-1.9529551781683313e-06
BGLAr_REV_g.27343.CDS.1452-MONOMER,0.0,-1.041035174491213e-06
BGLAr_FWD_g.27343.CDS.1452-MONOMER,0.0,-9.544863297185406e-07
BGLAr_REV_g.27343.CDS.1208-MONOMER,0.0,-1.8101156840686924e-06
BGLAr_FWD_g.27343.CDS.1208-MONOMER,0.0,-1.72356683929602e-06
BGLAr_REV_g.27343.CDS.1707-MONOMER,0.0,-2.1600342075378115e-06
BGLAr_FWD_g.27343.CDS.1707-MONOMER,0.0,-2.073485362765139e-06
BGLAr_REV_g.27343.CDS.1384-MONOMER,0.0,-1.8491780292593029e-06
BGLAr_FWD_g.27343.CDS.1384-MONOMER,0.0,-1.7626291844866302e-06
BGLAr_REV_g.27343.CDS.2061-MONOMER,0.0,-2.3431503795046406e-06
BGLAr_FWD_g.27343.CDS.2061-MONOMER,0.0,-2.256601534731968e-06
BGLAr_REV_g.27343.CDS.978-MONOMER,0.0,-1.953846094893836e-06
BGLAr_FWD_g.27343.CDS.978-MONOMER,0.0,-1.8672972501211637e-06
BPNT_REV_g.27343.CDS.672-MONOMER_mod_mg2(1),0.0,-1.8896697227436652e-06
BPNT_FWD_g.27343.CDS.672-MONOMER_mod_mg2(1),8.71842552252657e-41,-1.1423421826791649e-36
BTND1_REV_g.27343.CDS.1843-MONOMER_mod_zn2(1),0.0,-5.317059510094249e-06
BTND1_FWD_g.27343.CDS.1843-MONOMER_mod_zn2(1),-2.812655291106271e-34,1.1361630440541246e-36
BUTKr_REV_g.27343.CDS.149-MONOMER,0.0,-1.716260694892897e-35
BUTKr_FWD_g.27343.CDS.149-MONOMER,0.0,-1.0849184139840252e-06
CAt4i_REV_CPLX_dummy,0.0,-1.95349389908355e-06
CAt4i_FWD_CPLX_dummy,0.0,-3.165501591627005e-38
CBIAT_REV_g.27343.CDS.2877-MONOMER,0.0,1.2723502831495587e-35
CBIAT_FWD_g.27343.CDS.2877-MONOMER,0.0,-1.9983294876808583e-07
CBIAT_REV_g.27343.CDS.2511-MONOMER,0.0,-8.772358546386107e-08
CBIAT_FWD_g.27343.CDS.2511-MONOMER,0.0,-2.875565342319469e-07
CBL1abc_REV_CPLX_CBL1abc-1,0.0,-4.115555017581597e-06
CBL1abc_FWD_CPLX_CBL1abc-1,0.0,-1.6152553069589453e-07
CBL1abc_REV_CPLX_CBL1abc-2,0.0,-4.062366762592955e-06
CBL1abc_FWD_CPLX_CBL1abc-2,0.0,-1.0833727570725254e-07
CBL1abc_REV_CPLX_CBL1abc-3,0.0,-3.954029486885703e-06
CBL1abc_FWD_CPLX_CBL1abc-3,0.0,6.483201388653494e-36
CBL1abc_REV_CPLX_CBL1abc-0,0.0,-4.222525362228843e-06
CBL1abc_FWD_CPLX_CBL1abc-0,0.0,-2.6849587534314037e-07
CBL2abc_REV_CPLX_ADOCBLabc-2,0.0,-4.0964616486067054e-06
CBL2abc_FWD_CPLX_ADOCBLabc-2,0.0,-4.064031923366418e-07
CBL2abc_REV_CPLX_ADOCBLabc-3,0.0,-3.8532936317056414e-06
CBL2abc_FWD_CPLX_ADOCBLabc-3,0.0,-1.6323517543557798e-07
CBL2abc_REV_CPLX_ADOCBLabc-1,0.0,-3.6900584562700634e-06
CBL2abc_FWD_CPLX_ADOCBLabc-1,0.0,-6.905804993429286e-36
CBL2abc_REV_CPLX_ADOCBLabc-0,0.0,-3.936876983578219e-06
CBL2abc_FWD_CPLX_ADOCBLabc-0,0.0,-2.4681852730815555e-07
CBPS_REV_679935.3.peg.2224-MONOMER,0.0,0.026865151771694858
CBPS_FWD_679935.3.peg.2224-MONOMER,0.0,-0.026867802948988394
CBPS_REV_679935.3.peg.2223-MONOMER,0.0,0.026866625902385147
CBPS_FWD_679935.3.peg.2223-MONOMER,0.0,-0.026866328818298108
CD2abc1_REV_g.27343.CDS.2980-MONOMER,0.0,0.01007420020863648
CD2abc1_FWD_g.27343.CDS.2980-MONOMER,0.0,-0.010074622015201134
CD2t6r_REV_g.27343.CDS.1216-MONOMER,0.0,-3.36921608707171e-06
CD2t6r_FWD_g.27343.CDS.1216-MONOMER,0.0,-3.981398141907788e-37
CDOSKT_REV_g.27343.CDS.276-MONOMER,0.0,-1.568243856614898e-06
CDOSKT_FWD_g.27343.CDS.276-MONOMER,0.00571648380146751,-3.017267603741151e-35
CDPEAS_REV_g.27343.CDS.1347-MONOMER,0.0,-1.294538688892104e-36
CDPEAS_FWD_g.27343.CDS.1347-MONOMER,0.0,-1.1773974524884657e-06
CDPGHL_REV_g.27343.CDS.3072-MONOMER,0.0,-3.811456979788855e-06
CDPGHL_FWD_g.27343.CDS.3072-MONOMER,0.0,2.485413716168645e-40
CDPGLYCGPT_REV_g.27343.CDS.1421-MONOMER,0.0,-2.7878468154078286e-34
CDPGLYCGPT_FWD_g.27343.CDS.1421-MONOMER,0.0,-7.635743546722236e-07
CDPMEK_REV_g.27343.CDS.2026-MONOMER_mod_mg2(1),0.0,-3.823211111746958e-06
CDPMEK_FWD_g.27343.CDS.2026-MONOMER_mod_mg2(1),0.0628813218161426,1.4505192951228008e-38
CGLYabc_REV_g.27343.CDS.1266-MONOMER,0.0,-1.519313471570299e-06
CGLYabc_FWD_g.27343.CDS.1266-MONOMER,1.0,1.112754437587545e-35
CHOLSH_REV_g.27343.CDS.1093-MONOMER,0.0,1.248557922016691e-07
CHOLSH_FWD_g.27343.CDS.1093-MONOMER,0.0,-7.82300676356826e-38
CHOLSH_REV_g.27343.CDS.3002-MONOMER,0.0,-9.17310957856104e-07
CHOLSH_FWD_g.27343.CDS.3002-MONOMER,0.0,-1.042166750057773e-06
CHOLSH_REV_g.27343.CDS.1293-MONOMER,0.0,-2.0062976108523007e-07
CHOLSH_FWD_g.27343.CDS.1293-MONOMER,0.0,-3.2548555328689916e-07
CHORM_REV_679935.3.peg.1117-MONOMER,0.0,-2.4713439741339316e-06
CHORM_FWD_679935.3.peg.1117-MONOMER,0.0,-3.032884316846672e-36
CHORS_REV_679935.3.peg.181-MONOMER,0.0,0.07441471448921345
CHORS_FWD_679935.3.peg.181-MONOMER,0.0,-0.07441937122555461
CITRAMALS_REV_679935.3.peg.1404-MONOMER,0.0,-8.161332766737389e-07
CITRAMALS_FWD_679935.3.peg.1404-MONOMER,0.0,-2.0090940550833743e-35
CITRH_REV_g.27343.CDS.1236-MONOMER,0.0,-3.222954854779632e-07
CITRH_FWD_g.27343.CDS.1236-MONOMER,0.0,-3.0330393530468692e-06
CITRH_REV_g.27343.CDS.1965-MONOMER,0.06357519273419845,-8.156785892686394e-36
CITRH_FWD_g.27343.CDS.1965-MONOMER,0.0,-2.710743867568906e-06
CLPNH180_REV_CPLX_dummy,0.0,-1.95349389908355e-06
CLPNH180_FWD_CPLX_dummy,0.007301081866142023,1.9443885322396086e-35
CLPNS140_REV_g.27343.CDS.578-MONOMER,0.0,-2.577574342858094e-06
CLPNS140_FWD_g.27343.CDS.578-MONOMER,0.0,-5.218486568234587e-07
CLPNS140_REV_g.27343.CDS.1200-MONOMER,0.0,-2.0557256860346355e-06
CLPNS140_FWD_g.27343.CDS.1200-MONOMER,0.0,0.0
CLPNS160_REV_g.27343.CDS.578-MONOMER,0.0,-5.218486568234587e-07
CLPNS160_FWD_g.27343.CDS.578-MONOMER,0.0,-2.577574342858094e-06
CLPNS160_REV_g.27343.CDS.1200-MONOMER,0.0,0.0
CLPNS160_FWD_g.27343.CDS.1200-MONOMER,0.0,-2.0557256860346355e-06
CLPNS180_REV_g.27343.CDS.578-MONOMER,0.0,-5.218486568234587e-07
CLPNS180_FWD_g.27343.CDS.578-MONOMER,0.0,-2.577574342858094e-06
CLPNS180_REV_g.27343.CDS.1200-MONOMER,0.004867387910761349,2.4044374107695228e-35
CLPNS180_FWD_g.27343.CDS.1200-MONOMER,0.0,-2.0557256860346355e-06
CLPNSAI15_REV_g.27343.CDS.578-MONOMER,0.0,-5.218486568234587e-07
CLPNSAI15_FWD_g.27343.CDS.578-MONOMER,0.0,-2.577574342858094e-06
CLPNSAI15_REV_g.27343.CDS.1200-MONOMER,0.0,0.0
CLPNSAI15_FWD_g.27343.CDS.1200-MONOMER,0.0,-2.0557256860346355e-06
CLPNSAI17_REV_g.27343.CDS.578-MONOMER,0.0,-2.577574342858094e-06
CLPNSAI17_FWD_g.27343.CDS.578-MONOMER,0.0,-5.218486568234587e-07
CLPNSAI17_REV_g.27343.CDS.1200-MONOMER,0.0,-2.0557256860346355e-06
CLPNSAI17_FWD_g.27343.CDS.1200-MONOMER,0.0024336939553806745,-4.1991536621851817e-36
CLPNSI14_REV_g.27343.CDS.578-MONOMER,0.0,-5.218486568234587e-07
CLPNSI14_FWD_g.27343.CDS.578-MONOMER,0.0,-2.577574342858094e-06
CLPNSI14_REV_g.27343.CDS.1200-MONOMER,0.0,0.0
CLPNSI14_FWD_g.27343.CDS.1200-MONOMER,0.0,-2.0557256860346355e-06
CLPNSI15_REV_g.27343.CDS.578-MONOMER,0.0,-5.218486568234587e-07
CLPNSI15_FWD_g.27343.CDS.578-MONOMER,0.0,-2.577574342858094e-06
CLPNSI15_REV_g.27343.CDS.1200-MONOMER,0.0,0.0
CLPNSI15_FWD_g.27343.CDS.1200-MONOMER,0.0,-2.0557256860346355e-06
CLPNSI16_REV_g.27343.CDS.578-MONOMER,0.0,-5.218486568234587e-07
CLPNSI16_FWD_g.27343.CDS.578-MONOMER,0.0,-2.577574342858094e-06
CLPNSI16_REV_g.27343.CDS.1200-MONOMER,0.0,0.0
CLPNSI16_FWD_g.27343.CDS.1200-MONOMER,0.0,-2.0557256860346355e-06
CLPNSI17_REV_g.27343.CDS.578-MONOMER,0.0,-2.577574342858094e-06
CLPNSI17_FWD_g.27343.CDS.578-MONOMER,0.0,-5.218486568234587e-07
CLPNSI17_REV_g.27343.CDS.1200-MONOMER,0.0,-2.0557256860346355e-06
CLPNSI17_FWD_g.27343.CDS.1200-MONOMER,0.0024336939553806745,-4.1991536621851817e-36
CMLDC_REV_g.27343.CDS.3222-MONOMER,0.0,-1.9007273415338114e-06
CMLDC_FWD_g.27343.CDS.3222-MONOMER,0.0,-6.4764544485967385e-37
CO2t_REV_CPLX_dummy,0.0,9.244296321439311e-37
CO2t_FWD_CPLX_dummy,0.0,-1.95349389908355e-06
COBALTt5_REV_g.27343.CDS.1288-MONOMER,972.4556864980525,0.0
COBALTt5_FWD_g.27343.CDS.1288-MONOMER,972.4549786486808,0.0
COBCOMOX_REV_g.27343.CDS.2233-MONOMER,0.0,0.0
COBCOMOX_FWD_g.27343.CDS.2233-MONOMER,0.0,-5.37297810844335e-07
COBCOMOX_REV_g.27343.CDS.2927-MONOMER,0.0,-6.247248308181593e-07
COBCOMOX_FWD_g.27343.CDS.2927-MONOMER,0.0,-1.1620226416624942e-06
COBCOMOX_REV_g.27343.CDS.2480-MONOMER,0.0,-2.308278073166313e-07
COBCOMOX_FWD_g.27343.CDS.2480-MONOMER,0.0,-7.681256181609663e-07
CRO4t3_REV_g.27343.CDS.622-MONOMER,0.0,-3.748475894774304e-07
CRO4t3_FWD_g.27343.CDS.622-MONOMER,0.0,-4.45109030250136e-07
CRO4t3_REV_g.27343.CDS.35-MONOMER,0.0,3.7122818094369835e-37
CRO4t3_FWD_g.27343.CDS.35-MONOMER,0.0,-7.026144077270555e-08
CSNt6_REV_CPLX_dummy,0.0,-1.859703013638524e-37
CSNt6_FWD_CPLX_dummy,0.0,-1.95349389908355e-06
CTPS1_REV_g.27343.CDS.1417-MONOMER,0.0,-9.518907692275872e-07
CTPS1_FWD_g.27343.CDS.1417-MONOMER,0.0,-5.55316778517407e-07
CTPS1_REV_g.27343.CDS.881-MONOMER_mod_mg2(1),0.0,-1.8482423056068339e-06
CTPS1_FWD_g.27343.CDS.881-MONOMER_mod_mg2(1),0.0,-1.4516683148966537e-06
CTPS2_REV_679935.3.peg.120-MONOMER,0.0,-2.2246659958552153e-06
CTPS2_FWD_679935.3.peg.120-MONOMER,0.016785400113101107,9.798171248567455e-35
CYRDAAT_REV_679935.3.peg.2165-MONOMER,0.0,-2.875565342319469e-07
CYRDAAT_FWD_679935.3.peg.2165-MONOMER,0.0,-8.772358546386107e-08
CYRDAAT_REV_679935.3.peg.2697-MONOMER,0.0,-1.9983294876808583e-07
CYRDAAT_FWD_679935.3.peg.2697-MONOMER,0.0,-7.246778003568471e-36
CYRDAR_REV_679935.3.peg.2165-MONOMER,0.0,0.12769344844803993
CYRDAR_FWD_679935.3.peg.2165-MONOMER,0.0,-0.12769382372815963
CYRDAR_REV_679935.3.peg.2697-MONOMER,0.0,0.1276935361716254
CYRDAR_FWD_679935.3.peg.2697-MONOMER,0.0,-0.12769373600457418
CYSS_REV_679935.3.peg.2039-MONOMER,0.0,-1.2398881007247608e-06
CYSS_FWD_679935.3.peg.2039-MONOMER,0.0,-7.302396556137428e-07
CYSS3r_REV_679935.3.peg.2039-MONOMER,0.0,1.5634466560396396e-35
CYSS3r_FWD_679935.3.peg.2039-MONOMER,0.0,-2.2155156739341657e-06
CYSTGL_REV_CPLX_dummy,0.0,0.022652066948982502
CYSTGL_FWD_CPLX_dummy,0.0,-0.022654020442881586
CYSTL_REV_679935.3.peg.2952-MONOMER,0.0,-2.3397665310841716e-06
CYSTL_FWD_679935.3.peg.2952-MONOMER,0.0,-2.5895634759329065e-36
CYSTS_REV_CPLX_dummy,0.0,-1.778605060806411e-06
CYSTS_FWD_CPLX_dummy,0.0,-1.7488883827713906e-07
CYSt2r_REV_CPLX_dummy,0.9905242324185116,8.790807384424959e-38
CYSt2r_FWD_CPLX_dummy,0.0,-1.95349389908355e-06
CYTBD_REV_CPLX_dummy,0.0,-1.95349389908355e-06
CYTBD_FWD_CPLX_dummy,0.0,-3.3738459739662734e-36
CYTBD2_REV_CPLX_dummy,0.0,-1.185798395673606e-06
CYTBD2_FWD_CPLX_dummy,0.0,-7.67695503409944e-07
CYTD_REV_g.27343.CDS.2223-MONOMER,0.0,0.013432214280781894
CYTD_FWD_g.27343.CDS.2223-MONOMER,0.0,-0.01343533252098057
CYTD_REV_g.27343.CDS.1684-MONOMER,0.0,0.013432680922320748
CYTD_FWD_g.27343.CDS.1684-MONOMER,0.0,-0.013434865879441716
CYTDK1_REV_g.27343.CDS.3012-MONOMER_mod_mg2(1),0.0,-9.234053753615473e-07
CYTDK1_FWD_g.27343.CDS.3012-MONOMER_mod_mg2(1),0.0,-8.065712177410499e-36
CYTDK1_REV_g.27343.CDS.1825-MONOMER,0.0,-1.6709917573134285e-06
CYTDK1_FWD_g.27343.CDS.1825-MONOMER,0.0,-7.475863819518811e-07
CYTDK2_REV_g.27343.CDS.3012-MONOMER_mod_mg2(1),0.0,5.334157418022774e-08
CYTDK2_FWD_g.27343.CDS.3012-MONOMER_mod_mg2(1),0.0,-9.76746949541775e-07
CYTDK2_REV_g.27343.CDS.1825-MONOMER,0.0,-6.942448077716533e-07
CYTDK2_FWD_g.27343.CDS.1825-MONOMER,0.0,-1.7243333314936561e-06
CYTDK3_REV_g.27343.CDS.1278-MONOMER_mod_mg2(1),0.0,-1.5210883744571084e-06
CYTDK3_FWD_g.27343.CDS.1278-MONOMER_mod_mg2(1),0.0,-5.976829990955611e-07
CYTDK3_REV_g.27343.CDS.132-MONOMER,0.0,-1.684105497075761e-06
CYTDK3_FWD_g.27343.CDS.132-MONOMER,0.0,-7.607001217142136e-07
CYTDK4_REV_g.27343.CDS.3012-MONOMER_mod_mg2(1),0.0,5.334157418022774e-08
CYTDK4_FWD_g.27343.CDS.3012-MONOMER_mod_mg2(1),0.0,-9.76746949541775e-07
CYTDK4_REV_g.27343.CDS.1825-MONOMER,0.0,-6.942448077716533e-07
CYTDK4_FWD_g.27343.CDS.1825-MONOMER,0.0,-1.7243333314936561e-06
CYTDt2r_REV_g.27343.CDS.521-MONOMER,0.0,1.1506444807714112e-36
CYTDt2r_FWD_g.27343.CDS.521-MONOMER,0.0,-1.1105893537293928e-06
CYTK1_REV_g.27343.CDS.1278-MONOMER_mod_mg2(1),0.0,-2.1187713735526693e-06
CYTK1_FWD_g.27343.CDS.1278-MONOMER_mod_mg2(1),0.11890642495609006,2.395704145159865e-34
CYTK1_REV_g.27343.CDS.132-MONOMER,0.0,-2.281788496171322e-06
CYTK1_FWD_g.27343.CDS.132-MONOMER,0.0,-1.630171226186526e-07
CYTK2_REV_g.27343.CDS.1278-MONOMER_mod_mg2(1),0.0,-2.1187713735526693e-06
CYTK2_FWD_g.27343.CDS.1278-MONOMER_mod_mg2(1),0.012435062542366367,-1.0403312684295773e-35
CYTK2_REV_g.27343.CDS.132-MONOMER,0.0,-2.281788496171322e-06
CYTK2_FWD_g.27343.CDS.132-MONOMER,0.0,-1.630171226186526e-07
Cuabc_REV_g.27343.CDS.2980-MONOMER,0.0,-4.218065646539097e-07
Cuabc_FWD_g.27343.CDS.2980-MONOMER,0.0,1.4943524269013512e-35
Cut1_REV_g.27343.CDS.2980-MONOMER,0.0,0.026866793284378902
Cut1_FWD_g.27343.CDS.2980-MONOMER,0.0,-0.026867215090943555
DADNK_REV_g.27343.CDS.635-MONOMER,0.0,0.0009815497863263952
DADNK_FWD_g.27343.CDS.635-MONOMER,0.0,-0.0009819471902313243
DADNt2r_REV_g.27343.CDS.521-MONOMER,0.0,-1.1105893537293928e-06
DADNt2r_FWD_g.27343.CDS.521-MONOMER,1.0,2.2318648967474837e-36
DAPDA_REV_g.27343.CDS.589-MONOMER,0.0,-1.743766837416121e-36
DAPDA_FWD_g.27343.CDS.589-MONOMER,0.0,-1.3118903067114233e-06
DAPDC_REV_g.27343.CDS.3064-MONOMER_mod_pydx5p(1),0.0,-3.117277892685416e-06
DAPDC_FWD_g.27343.CDS.3064-MONOMER_mod_pydx5p(1),1.0,3.8499576618552857e-35
DAPE_REV_g.27343.CDS.984-MONOMER,0.0,8.81754509334214e-37
DAPE_FWD_g.27343.CDS.984-MONOMER,0.0,-3.232212762135779e-06
DASYN120_REV_g.27343.CDS.2823-MONOMER_mod_mg2(1)_mod_k(1),0.0,-1.4551586996965127e-06
DASYN120_FWD_g.27343.CDS.2823-MONOMER_mod_mg2(1)_mod_k(1),0.0,1.037135937141313e-35
DASYN140_REV_g.27343.CDS.2823-MONOMER_mod_mg2(1)_mod_k(1),0.0,-1.4551586996965127e-06
DASYN140_FWD_g.27343.CDS.2823-MONOMER_mod_mg2(1)_mod_k(1),0.0,-6.986457875763204e-36
DASYN141_REV_g.27343.CDS.2823-MONOMER_mod_mg2(1)_mod_k(1),0.0,-1.4551586996965127e-06
DASYN141_FWD_g.27343.CDS.2823-MONOMER_mod_mg2(1)_mod_k(1),0.0,1.1500189588507026e-36
DASYN160_REV_g.27343.CDS.2823-MONOMER_mod_mg2(1)_mod_k(1),0.0,-1.4551586996965127e-06
DASYN160_FWD_g.27343.CDS.2823-MONOMER_mod_mg2(1)_mod_k(1),0.0,1.6924507478249628e-36
DASYN161_REV_g.27343.CDS.2823-MONOMER_mod_mg2(1)_mod_k(1),0.0,-1.4551586996965127e-06
DASYN161_FWD_g.27343.CDS.2823-MONOMER_mod_mg2(1)_mod_k(1),0.0,1.1500189588507026e-36
DASYN180_REV_g.27343.CDS.2823-MONOMER_mod_mg2(1)_mod_k(1),0.0,-1.4551586996965127e-06
DASYN180_FWD_g.27343.CDS.2823-MONOMER_mod_mg2(1)_mod_k(1),0.0024336939553806745,1.6924507478249628e-36
DASYN181_REV_g.27343.CDS.2823-MONOMER_mod_mg2(1)_mod_k(1),0.0,-1.4551586996965127e-06
DASYN181_FWD_g.27343.CDS.2823-MONOMER_mod_mg2(1)_mod_k(1),0.0,1.1500189588507026e-36
DASYNAI15_REV_g.27343.CDS.2823-MONOMER_mod_mg2(1)_mod_k(1),0.0,-1.4551586996965127e-06
DASYNAI15_FWD_g.27343.CDS.2823-MONOMER_mod_mg2(1)_mod_k(1),0.0,-3.3023183746527704e-35
DASYNAI17_REV_g.27343.CDS.2823-MONOMER_mod_mg2(1)_mod_k(1),0.0,-1.4551586996965127e-06
DASYNAI17_FWD_g.27343.CDS.2823-MONOMER_mod_mg2(1)_mod_k(1),0.009734775821522698,3.640808524217763e-35
DASYNI14_REV_g.27343.CDS.2823-MONOMER_mod_mg2(1)_mod_k(1),0.0,-1.4551586996965127e-06
DASYNI14_FWD_g.27343.CDS.2823-MONOMER_mod_mg2(1)_mod_k(1),0.0,1.1500189588507026e-36
DASYNI15_REV_g.27343.CDS.2823-MONOMER_mod_mg2(1)_mod_k(1),0.0,-1.4551586996965127e-06
DASYNI15_FWD_g.27343.CDS.2823-MONOMER_mod_mg2(1)_mod_k(1),0.0,-4.170209237011587e-35
DASYNI16_REV_g.27343.CDS.2823-MONOMER_mod_mg2(1)_mod_k(1),0.0,-1.4551586996965127e-06
DASYNI16_FWD_g.27343.CDS.2823-MONOMER_mod_mg2(1)_mod_k(1),0.0,-6.986457875763204e-36
DASYNI17_REV_g.27343.CDS.2823-MONOMER_mod_mg2(1)_mod_k(1),0.0,-1.4551586996965127e-06
DASYNI17_FWD_g.27343.CDS.2823-MONOMER_mod_mg2(1)_mod_k(1),0.009734775821522698,1.037135937141313e-35
DB4PS_REV_679935.3.peg.3185-MONOMER_mod_mg2(1),0.0,-3.3399090816294312e-06
DB4PS_FWD_679935.3.peg.3185-MONOMER_mod_mg2(1),0.0028310064489564224,-9.19495071830013e-36
DCMPDA_REV_g.27343.CDS.2793-MONOMER,0.9590914990126495,-1.4177355064151665e-35
DCMPDA_FWD_g.27343.CDS.2793-MONOMER,0.0,-8.819866121239686e-07
DCTPAH_REV_g.27343.CDS.1684-MONOMER,0.0,0.026869154678710337
DCTPAH_FWD_g.27343.CDS.1684-MONOMER,0.0,-0.026871339635831305
DCYTD_REV_g.27343.CDS.2223-MONOMER,0.0,-2.651598659821814e-06
DCYTD_FWD_g.27343.CDS.2223-MONOMER,0.0,-4.666415388542156e-07
DCYTD_REV_g.27343.CDS.1684-MONOMER,0.0,-2.1849571209675985e-06
DCYTD_FWD_g.27343.CDS.1684-MONOMER,3.4912610187731775e-23,3.4084536956044847e-37
DCYTt2r_REV_g.27343.CDS.521-MONOMER,0.9466564364702831,6.942406479533864e-38
DCYTt2r_FWD_g.27343.CDS.521-MONOMER,0.0,-1.1105893537293928e-06
DDPA_REV_g.27343.CDS.958-MONOMER,0.0,-2.4713439741339316e-06
DDPA_FWD_g.27343.CDS.958-MONOMER,0.0,1.5165636125884937e-35
DDPGALA_REV_g.27343.CDS.1011-MONOMER,0.0,-2.603197664806788e-36
DDPGALA_FWD_g.27343.CDS.1011-MONOMER,0.0,-2.7457280617084773e-07
DGK1_REV_g.27343.CDS.3073-MONOMER_mod_mg2(1),0.0,-1.7966840958260252e-06
DGK1_FWD_g.27343.CDS.3073-MONOMER_mod_mg2(1),0.012435062542366367,1.6268504551936107e-36
DGSNt2_REV_g.27343.CDS.521-MONOMER,0.0,-1.1105893537293928e-06
DGSNt2_FWD_g.27343.CDS.521-MONOMER,1.0,-2.0930167671568066e-36
DHAD1_REV_679935.3.peg.1409-MONOMER_mod_4fe4s(1),0.0,-6.211585462778385e-06
DHAD1_FWD_679935.3.peg.1409-MONOMER_mod_4fe4s(1),0.6519606296698713,1.1411576944896072e-37
DHAD2_REV_679935.3.peg.1409-MONOMER_mod_4fe4s(1),0.0,-6.211585462778385e-06
DHAD2_FWD_679935.3.peg.1409-MONOMER_mod_4fe4s(1),0.12607493502227832,-1.1411576944896072e-37
DHDPRyr_REV_CPLX_dummy,0.0,9.976680967895171e-36
DHDPRyr_FWD_CPLX_dummy,0.0,-1.95349389908355e-06
DHFOR2_REV_g.27343.CDS.2906-MONOMER,0.002123196844337789,2.413109211076016e-35
DHFOR2_FWD_g.27343.CDS.2906-MONOMER,0.0,-1.5716113057022887e-06
DHFR_REV_679935.3.peg.2033-MONOMER,0.0,-1.5716113057022887e-06
DHFR_FWD_679935.3.peg.2033-MONOMER,0.011323635155517786,2.2197195872064536e-35
DHFS_REV_679935.3.peg.1264-MONOMER,0.0,-4.210936530683021e-07
DHFS_FWD_679935.3.peg.1264-MONOMER,0.0,7.717482172191429e-36
DHNAOT_REV_CPLX_dummy,0.0,-1.95349389908355e-06
DHNAOT_FWD_CPLX_dummy,0.0,3.5842783426641605e-35
DHNPA_REV_g.27343.CDS.1011-MONOMER,0.0,-2.7457280617084773e-07
DHNPA_FWD_g.27343.CDS.1011-MONOMER,0.0,5.045310225267821e-36
DHNPA2_REV_679935.3.peg.1089-MONOMER,0.0,1.4372513271921117e-06
DHNPA2_FWD_679935.3.peg.1089-MONOMER,0.0,6.39502713825364e-36
DHORD2_REV_679935.3.peg.2226-MONOMER,0.0,1.4398772101699325e-07
DHORD2_FWD_679935.3.peg.2226-MONOMER,0.0,-7.736091587710226e-07
DHORD2_REV_679935.3.peg.2225-MONOMER,0.0,1.499013763780718e-07
DHORD2_FWD_679935.3.peg.2225-MONOMER,0.0,-7.67695503409944e-07
DHORD5_REV_679935.3.peg.2226-MONOMER,0.0,-6.237077823929508e-07
DHORD5_FWD_679935.3.peg.2226-MONOMER,0.0,-5.9136553610785526e-09
DHORD5_REV_679935.3.peg.2225-MONOMER,0.0,-6.177941270318722e-07
DHORD5_FWD_679935.3.peg.2225-MONOMER,0.0,-2.5520016112694157e-36
DHORDfum_REV_679935.3.peg.1955-MONOMER,0.0,-1.0358970192955342e-06
DHORDfum_FWD_679935.3.peg.1955-MONOMER,0.0,7.074087657666129e-36
DHORTS_REV_679935.3.peg.2222-MONOMER,0.0,-5.6279531118724325e-36
DHORTS_FWD_679935.3.peg.2222-MONOMER,0.0,-1.9632658833537806e-06
DHPM1_REV_g.27343.CDS.1123-MONOMER,0.0,-9.15709658879134e-07
DHPM1_FWD_g.27343.CDS.1123-MONOMER,0.0,4.884712494222192e-37
DHPM2_REV_g.27343.CDS.1123-MONOMER,0.0,-9.15709658879134e-07
DHPM2_FWD_g.27343.CDS.1123-MONOMER,0.0,4.884712494222192e-37
DHPPDA_REV_g.27343.CDS.3211-MONOMER,0.0,-4.246069721124103e-06
DHPPDA_FWD_g.27343.CDS.3211-MONOMER,0.0014155032244782112,-6.10780457659326e-36
DHPPDA2_REV_679935.3.peg.3081-MONOMER,0.0,-3.9860377084101745e-06
DHPPDA2_FWD_679935.3.peg.3081-MONOMER,0.0,-2.600320127139276e-07
DHPS_REV_g.27343.CDS.2674-MONOMER,0.0,-3.0205453271157533e-06
DHPS_FWD_g.27343.CDS.2674-MONOMER,0.0,-4.724440713613941e-37
DHPS2_REV_679935.3.peg.2773-MONOMER_mod_mg2(1),0.0,-3.574203316014178e-06
DHPS2_FWD_679935.3.peg.2773-MONOMER_mod_mg2(1),0.0,5.389534320971521e-37
DHQS_REV_g.27343.CDS.2755-MONOMER_mod_cobalt2(1)_mod_nad(1),0.0,-3.001631355598748e-06
DHQS_FWD_g.27343.CDS.2755-MONOMER_mod_cobalt2(1)_mod_nad(1),0.0,8.207069317395006e-36
DHQTi_REV_g.27343.CDS.481-MONOMER,0.0,-2.3683051900818215e-06
DHQTi_FWD_g.27343.CDS.481-MONOMER,0.0,9.608589077112788e-37
DINSt2_REV_g.27343.CDS.521-MONOMER,0.0,-1.1105893537293928e-06
DINSt2_FWD_g.27343.CDS.521-MONOMER,0.0,-1.011796351180734e-36
DMATT_REV_CPLX_DMATT-0,0.0,-3.349499510170177e-06
DMATT_FWD_CPLX_DMATT-0,0.00571648380146751,1.4532067019120205e-35
DMATT_REV_g.27343.CDS.1432-MONOMER_mod_mg2(1),0.0,-3.607962960249465e-06
DMATT_FWD_g.27343.CDS.1432-MONOMER_mod_mg2(1),0.0,-2.5846345007928845e-07
DMPPS_REV_g.27343.CDS.1301-MONOMER_mod_nadph(1)_mod_nadh(1)_mod_fad(1)_mod_cobalt2(1),0.0,-3.062131204877194e-06
DMPPS_FWD_g.27343.CDS.1301-MONOMER_mod_nadph(1)_mod_nadh(1)_mod_fad(1)_mod_cobalt2(1),0.00571648380146751,-2.3903105537226899e-32
DMPPS2r_REV_g.27343.CDS.1301-MONOMER_mod_nadph(1)_mod_nadh(1)_mod_fad(1)_mod_cobalt2(1),0.0,-1.729732010909419e-06
DMPPS2r_FWD_g.27343.CDS.1301-MONOMER_mod_nadph(1)_mod_nadh(1)_mod_fad(1)_mod_cobalt2(1),0.0,-1.3323991939677748e-06
DMQMT_REV_CPLX_dummy,0.0,-1.95349389908355e-06
DMQMT_FWD_CPLX_dummy,0.0,-1.2929993529704524e-36
DPCOAK_REV_679935.3.peg.2772-MONOMER,0.0,-2.8187751358169003e-06
DPCOAK_FWD_679935.3.peg.2772-MONOMER,0.0007077322814459296,1.5058756453715095e-34
DPGM_REV_g.27343.CDS.3124-MONOMER,0.0,-7.897425077476263e-36
DPGM_FWD_g.27343.CDS.3124-MONOMER,0.0,-1.1912074325671728e-06
DPRr_REV_g.27343.CDS.1276-MONOMER,0.0,-2.833467542391219e-06
DPRr_FWD_g.27343.CDS.1276-MONOMER,0.000708449010559177,9.363747927841984e-35
DRBK_REV_g.27343.CDS.1979-MONOMER,0.0,-2.879758553866957e-06
DRBK_FWD_g.27343.CDS.1979-MONOMER,0.0,-1.4730528625952475e-35
DRBK_REV_g.27343.CDS.3024-MONOMER_mod_k(1)_mod_mg2(1),0.0,-4.1349049683253795e-06
DRBK_FWD_g.27343.CDS.3024-MONOMER_mod_k(1)_mod_mg2(1),0.0,-1.2551464144584221e-06
DRPAr_REV_g.27343.CDS.1751-MONOMER,0.0,-2.8645760028542645e-06
DRPAr_FWD_g.27343.CDS.1751-MONOMER,1.9875649374576336,-5.985485111840177e-37
DTMPK_REV_g.27343.CDS.2821-MONOMER,0.0,-2.466813270495395e-06
DTMPK_FWD_g.27343.CDS.2821-MONOMER,0.009200438311179997,-8.367006345357708e-37
DURIK1_REV_g.27343.CDS.1155-MONOMER,0.0,1.8111715497599492e-06
DURIK1_FWD_g.27343.CDS.1155-MONOMER,0.0,-3.209266082415168e-06
DURIPP_REV_g.27343.CDS.2373-MONOMER,0.0,-2.8668707258925877e-06
DURIPP_FWD_g.27343.CDS.2373-MONOMER,-1.685915330037787e-36,8.023946507679443e-37
DURIPP_REV_g.27343.CDS.3148-MONOMER,0.0,-3.211424303371941e-06
DURIPP_FWD_g.27343.CDS.3148-MONOMER,0.0,-3.445535774793533e-07
DURIt2_REV_g.27343.CDS.521-MONOMER,0.0,0.00335505900135041
DURIt2_FWD_g.27343.CDS.521-MONOMER,0.0,-0.0033561695907041392
DUTPDP_REV_g.27343.CDS.1917-MONOMER,0.0,0.026866132619142676
DUTPDP_FWD_g.27343.CDS.1917-MONOMER,0.0,-0.026867610759418386
DXPRIr_REV_g.27343.CDS.2132-MONOMER_mod_mg2(1),0.0,-4.643292238662002e-06
DXPRIr_FWD_g.27343.CDS.2132-MONOMER_mod_mg2(1),0.0,-1.0234156487934434e-08
DXPRIr_REV_g.27343.CDS.2132-MONOMER_mod_mn2(1),0.0,-4.635970381152297e-06
DXPRIr_FWD_g.27343.CDS.2132-MONOMER_mod_mn2(1),0.0,-2.912298978229167e-09
DXPRIr_REV_g.27343.CDS.2132-MONOMER_mod_cobalt2(1),0.0,-4.633058082174068e-06
DXPRIr_FWD_g.27343.CDS.2132-MONOMER_mod_cobalt2(1),0.0628813218161426,5.763833528946325e-35
DXPS_REV_679935.3.peg.1167-MONOMER_mod_thmpp(1),0.0,-5.398750185539511e-06
DXPS_FWD_679935.3.peg.1167-MONOMER_mod_thmpp(1),0.0628813218161426,-5.670203201127294e-36
D_LACD_REV_g.27343.CDS.2982-MONOMER,0.0,-2.519585340066352e-06
D_LACD_FWD_g.27343.CDS.2982-MONOMER,0.0,-4.288498409919154e-37
D_LACt2_REV_CPLX_dummy,0.0,-1.859703013638524e-37
D_LACt2_FWD_CPLX_dummy,0.0,-1.95349389908355e-06
E4PD_REV_679935.3.peg.573-MONOMER,0.0,3.6445505545562787e-35
E4PD_FWD_679935.3.peg.573-MONOMER,0.0,-5.119087736147019e-06
EAR100x_REV_g.27343.CDS.2271-MONOMER,0.0,0.015531212227478141
EAR100x_FWD_g.27343.CDS.2271-MONOMER,0.0,-0.015534327673133043
EAR10M11x_REV_g.27343.CDS.2271-MONOMER,0.0,0.015531638095323886
EAR10M11x_FWD_g.27343.CDS.2271-MONOMER,0.0,-0.015534779781403675
EAR10M12x_REV_g.27343.CDS.2271-MONOMER,0.0,-3.1416860797891064e-06
EAR10M12x_FWD_g.27343.CDS.2271-MONOMER,0.019469551643045396,4.868477815947405e-35
EAR11M12x_REV_g.27343.CDS.2271-MONOMER,0.0,-3.1416860797891064e-06
EAR11M12x_FWD_g.27343.CDS.2271-MONOMER,0.019469551643045396,4.868477815947405e-35
EAR120x_REV_g.27343.CDS.2271-MONOMER,0.0,-2.837865021758277e-06
EAR120x_FWD_g.27343.CDS.2271-MONOMER,0.0,6.789210337865661e-35
EAR12M13x_REV_g.27343.CDS.2271-MONOMER,0.0,-3.1416860797891064e-06
EAR12M13x_FWD_g.27343.CDS.2271-MONOMER,0.0,8.709942859783917e-35
EAR12M14x_REV_g.27343.CDS.2271-MONOMER,0.0,-3.1416860797891064e-06
EAR12M14x_FWD_g.27343.CDS.2271-MONOMER,0.019469551643045396,1.0270127721108936e-35
EAR13M14x_REV_g.27343.CDS.2271-MONOMER,0.0,-3.1416860797891064e-06
EAR13M14x_FWD_g.27343.CDS.2271-MONOMER,0.019469551643045396,1.0270127721108936e-35
EAR140x_REV_g.27343.CDS.2271-MONOMER,0.0,-2.846069469965291e-06
EAR140x_FWD_g.27343.CDS.2271-MONOMER,0.0,-1.8180312447071666e-34
EAR14M15x_REV_g.27343.CDS.2271-MONOMER,0.0,-3.1416860797891064e-06
EAR14M15x_FWD_g.27343.CDS.2271-MONOMER,0.0,4.868477815947405e-35
EAR14M16x_REV_g.27343.CDS.2271-MONOMER,0.0,-3.1416860797891064e-06
EAR14M16x_FWD_g.27343.CDS.2271-MONOMER,0.019469551643045396,1.0270127721108936e-35
EAR15M16x_REV_g.27343.CDS.2271-MONOMER,0.0,-3.1416860797891064e-06
EAR15M16x_FWD_g.27343.CDS.2271-MONOMER,0.019469551643045396,1.0270127721108936e-35
EAR160x_REV_g.27343.CDS.2271-MONOMER,0.0,-2.846066130973024e-06
EAR160x_FWD_g.27343.CDS.2271-MONOMER,0.0,4.868477815947405e-35
EAR180x_REV_g.27343.CDS.2271-MONOMER,0.0,-2.8460669734525507e-06
EAR180x_FWD_g.27343.CDS.2271-MONOMER,0.0,1.0270127721108936e-35
EAR40x_REV_g.27343.CDS.2271-MONOMER,0.0,0.015531212227478141
EAR40x_FWD_g.27343.CDS.2271-MONOMER,0.0,-0.015534327673133043
EAR4M5x_REV_g.27343.CDS.2271-MONOMER,0.0,0.015531638095323886
EAR4M5x_FWD_g.27343.CDS.2271-MONOMER,0.0,-0.015534779781403675
EAR4M6x_REV_g.27343.CDS.2271-MONOMER,0.0,-3.1416860797891064e-06
EAR4M6x_FWD_g.27343.CDS.2271-MONOMER,0.019469551643045396,4.868477815947405e-35
EAR5M6x_REV_g.27343.CDS.2271-MONOMER,0.0,-3.1416860797891064e-06
EAR5M6x_FWD_g.27343.CDS.2271-MONOMER,0.019469551643045396,4.868477815947405e-35
EAR60x_REV_g.27343.CDS.2271-MONOMER,0.0,0.015531212227478141
EAR60x_FWD_g.27343.CDS.2271-MONOMER,0.0,-0.015534327673133043
EAR6M7x_REV_g.27343.CDS.2271-MONOMER,0.0,0.015531638095323886
EAR6M7x_FWD_g.27343.CDS.2271-MONOMER,0.0,-0.015534779781403675
EAR6M8x_REV_g.27343.CDS.2271-MONOMER,0.0,-3.1416860797891064e-06
EAR6M8x_FWD_g.27343.CDS.2271-MONOMER,0.019469551643045396,-2.814452271725618e-35
EAR7M8x_REV_g.27343.CDS.2271-MONOMER,0.0,-3.1416860797891064e-06
EAR7M8x_FWD_g.27343.CDS.2271-MONOMER,0.019469551643045396,4.868477815947405e-35
EAR80x_REV_g.27343.CDS.2271-MONOMER,0.0,0.015531212227478141
EAR80x_FWD_g.27343.CDS.2271-MONOMER,0.0,-0.015534327673133043
EAR8M10x_REV_g.27343.CDS.2271-MONOMER,0.0,-3.1416860797891064e-06
EAR8M10x_FWD_g.27343.CDS.2271-MONOMER,0.019469551643045396,4.868477815947405e-35
EAR8M9x_REV_g.27343.CDS.2271-MONOMER,0.0,0.015531638095323886
EAR8M9x_FWD_g.27343.CDS.2271-MONOMER,0.0,-0.015534779781403675
EAR9M10x_REV_g.27343.CDS.2271-MONOMER,0.0,-3.1416860797891064e-06
EAR9M10x_FWD_g.27343.CDS.2271-MONOMER,0.019469551643045396,1.0270127721108936e-35
EDTXS1_REV_g.27343.CDS.2375-MONOMER,0.0,1.6941133045370744e-07
EDTXS1_FWD_g.27343.CDS.2375-MONOMER,0.00571648380146751,2.752016332805662e-35
EDTXS2_REV_CPLX_dummy,0.0,-1.620563300770706e-06
EDTXS2_FWD_CPLX_dummy,0.00571648380146751,-1.346574160413207e-34
EHGLAT_REV_g.27343.CDS.2778-MONOMER,0.0,1.073402737846833e-06
EHGLAT_FWD_g.27343.CDS.2778-MONOMER,0.0,-7.337773196400394e-08
EHGLAT_REV_g.27343.CDS.3204-MONOMER,0.0,1.146780469810837e-06
EHGLAT_FWD_g.27343.CDS.3204-MONOMER,0.0,-1.0711217401872471e-35
EHGLAT_REV_g.27343.CDS.279-MONOMER,0.0,4.884398067814407e-07
EHGLAT_FWD_g.27343.CDS.279-MONOMER,0.0,-6.583406630293964e-07
ENO_REV_679935.3.peg.995-MONOMER,0.0,-3.538077721432625e-06
ENO_FWD_679935.3.peg.995-MONOMER,8.103118429591847,-6.431810236764874e-36
ETHAAL_REV_g.27343.CDS.574-MONOMER,0.0,6.082544209268863e-07
ETHAAL_FWD_g.27343.CDS.574-MONOMER,0.0,-8.746532931895455e-41
FACOAL140_REV_g.27343.CDS.852-MONOMER,0.0,-2.0127542468080494e-06
FACOAL140_FWD_g.27343.CDS.852-MONOMER,0.0,-3.0351220656485954e-07
FACOAL140_REV_g.27343.CDS.3191-MONOMER,0.0,-2.2485552364540577e-06
FACOAL140_FWD_g.27343.CDS.3191-MONOMER,0.0,-5.393131962108679e-07
FACOAL140_REV_g.27343.CDS.2105-MONOMER_mod_mg2(1),0.0,-1.7092420402431896e-06
FACOAL140_FWD_g.27343.CDS.2105-MONOMER_mod_mg2(1),0.034299008896545594,-1.8415435803344576e-36
FACOAL160_REV_g.27343.CDS.852-MONOMER,0.0,-3.0351220656485954e-07
FACOAL160_FWD_g.27343.CDS.852-MONOMER,0.0,-2.0127542468080494e-06
FACOAL160_REV_g.27343.CDS.3191-MONOMER,0.0,-5.393131962108679e-07
FACOAL160_FWD_g.27343.CDS.3191-MONOMER,0.0,-2.2485552364540577e-06
FACOAL160_REV_g.27343.CDS.2105-MONOMER_mod_mg2(1),1.5454886432975869e-56,-3.3304820929775564e-36
FACOAL160_FWD_g.27343.CDS.2105-MONOMER_mod_mg2(1),0.0,-1.7092420402431896e-06
FACOAL161_REV_g.27343.CDS.852-MONOMER,0.0,-3.0351220656485954e-07
FACOAL161_FWD_g.27343.CDS.852-MONOMER,0.0,-2.0127542468080494e-06
FACOAL161_REV_g.27343.CDS.3191-MONOMER,0.0,-5.393131962108679e-07
FACOAL161_FWD_g.27343.CDS.3191-MONOMER,0.0,-2.2485552364540577e-06
FACOAL161_REV_g.27343.CDS.2105-MONOMER_mod_mg2(1),0.0,-3.3304820929775564e-36
FACOAL161_FWD_g.27343.CDS.2105-MONOMER_mod_mg2(1),0.0,-1.7092420402431896e-06
FACOAL180_REV_g.27343.CDS.852-MONOMER,0.0,-2.0127542468080494e-06
FACOAL180_FWD_g.27343.CDS.852-MONOMER,0.0,-3.0351220656485954e-07
FACOAL180_REV_g.27343.CDS.3191-MONOMER,0.0,-2.2485552364540577e-06
FACOAL180_FWD_g.27343.CDS.3191-MONOMER,0.0,-5.393131962108679e-07
FACOAL180_REV_g.27343.CDS.2105-MONOMER_mod_mg2(1),0.0,-1.7092420402431896e-06
FACOAL180_FWD_g.27343.CDS.2105-MONOMER_mod_mg2(1),1.5454886432975869e-56,5.573074557519869e-35
FACOAL181_REV_g.27343.CDS.852-MONOMER,0.0,-3.0351220656485954e-07
FACOAL181_FWD_g.27343.CDS.852-MONOMER,0.0,-2.0127542468080494e-06
FACOAL181_REV_g.27343.CDS.3191-MONOMER,0.0,-5.393131962108679e-07
FACOAL181_FWD_g.27343.CDS.3191-MONOMER,0.0,-2.2485552364540577e-06
FACOAL181_REV_g.27343.CDS.2105-MONOMER_mod_mg2(1),0.0,-3.3304820929775564e-36
FACOAL181_FWD_g.27343.CDS.2105-MONOMER_mod_mg2(1),0.0,-1.7092420402431896e-06
FACOALAI15_REV_g.27343.CDS.852-MONOMER,0.0,-3.0351220656485954e-07
FACOALAI15_FWD_g.27343.CDS.852-MONOMER,0.0,-2.0127542468080494e-06
FACOALAI15_REV_g.27343.CDS.3191-MONOMER,0.0,-5.393131962108679e-07
FACOALAI15_FWD_g.27343.CDS.3191-MONOMER,0.0,-2.2485552364540577e-06
FACOALAI15_REV_g.27343.CDS.2105-MONOMER_mod_mg2(1),0.0,-3.310925234583953e-35
FACOALAI15_FWD_g.27343.CDS.2105-MONOMER_mod_mg2(1),0.0,-1.7092420402431896e-06
FACOALAI17_REV_g.27343.CDS.852-MONOMER,0.0,-3.0351220656485954e-07
FACOALAI17_FWD_g.27343.CDS.852-MONOMER,0.0,-2.0127542468080494e-06
FACOALAI17_REV_g.27343.CDS.3191-MONOMER,0.0,-5.393131962108679e-07
FACOALAI17_FWD_g.27343.CDS.3191-MONOMER,0.0,-2.2485552364540577e-06
FACOALAI17_REV_g.27343.CDS.2105-MONOMER_mod_mg2(1),0.0,4.610523307785637e-36
FACOALAI17_FWD_g.27343.CDS.2105-MONOMER_mod_mg2(1),0.0,-1.7092420402431896e-06
FACOALI14_REV_g.27343.CDS.852-MONOMER,0.0,-3.0351220656485954e-07
FACOALI14_FWD_g.27343.CDS.852-MONOMER,0.0,-2.0127542468080494e-06
FACOALI14_REV_g.27343.CDS.3191-MONOMER,0.0,-5.393131962108679e-07
FACOALI14_FWD_g.27343.CDS.3191-MONOMER,0.0,-2.2485552364540577e-06
FACOALI14_REV_g.27343.CDS.2105-MONOMER_mod_mg2(1),0.0,-3.509450369603033e-35
FACOALI14_FWD_g.27343.CDS.2105-MONOMER_mod_mg2(1),0.0,-1.7092420402431896e-06
FACOALI15_REV_g.27343.CDS.852-MONOMER,0.0,-3.0351220656485954e-07
FACOALI15_FWD_g.27343.CDS.852-MONOMER,0.0,-2.0127542468080494e-06
FACOALI15_REV_g.27343.CDS.3191-MONOMER,0.0,-5.393131962108679e-07
FACOALI15_FWD_g.27343.CDS.3191-MONOMER,0.0,-2.2485552364540577e-06
FACOALI15_REV_g.27343.CDS.2105-MONOMER_mod_mg2(1),0.0,-3.509450369603033e-35
FACOALI15_FWD_g.27343.CDS.2105-MONOMER_mod_mg2(1),0.0,-1.7092420402431896e-06
FACOALI16_REV_g.27343.CDS.852-MONOMER,0.0,-3.0351220656485954e-07
FACOALI16_FWD_g.27343.CDS.852-MONOMER,0.0,-2.0127542468080494e-06
FACOALI16_REV_g.27343.CDS.3191-MONOMER,0.0,-5.393131962108679e-07
FACOALI16_FWD_g.27343.CDS.3191-MONOMER,0.0,-2.2485552364540577e-06
FACOALI16_REV_g.27343.CDS.2105-MONOMER_mod_mg2(1),0.0,-3.509450369603033e-35
FACOALI16_FWD_g.27343.CDS.2105-MONOMER_mod_mg2(1),0.0,-1.7092420402431896e-06
FACOALI17_REV_g.27343.CDS.852-MONOMER,0.0,-3.0351220656485954e-07
FACOALI17_FWD_g.27343.CDS.852-MONOMER,0.0,-2.0127542468080494e-06
FACOALI17_REV_g.27343.CDS.3191-MONOMER,0.0,-5.393131962108679e-07
FACOALI17_FWD_g.27343.CDS.3191-MONOMER,0.0,-2.2485552364540577e-06
FACOALI17_REV_g.27343.CDS.2105-MONOMER_mod_mg2(1),0.0,-3.509450369603033e-35
FACOALI17_FWD_g.27343.CDS.2105-MONOMER_mod_mg2(1),0.0,-1.7092420402431896e-06
FAS140ACPrev_REV_CPLX_dummy,0.0,-1.317148519475193e-06
FAS140ACPrev_FWD_CPLX_dummy,0.028582491593658492,5.58019493534172e-35
FBA_REV_679935.3.peg.3161-MONOMER,0.0,-4.568264070058368e-06
FBA_FWD_679935.3.peg.3161-MONOMER,0.0,-2.3869486345598324e-06
FBA_REV_679935.3.peg.1108-MONOMER,0.0,-2.1813154354985348e-06
FBA_FWD_679935.3.peg.1108-MONOMER,1.9735732997893642,-1.5254901487420145e-35
FBA2_REV_g.27343.CDS.1376-MONOMER,0.0,-5.2381008308189684e-36
FBA2_FWD_g.27343.CDS.1376-MONOMER,0.0,-2.1813154354985348e-06
FBA3_REV_g.27343.CDS.1376-MONOMER,0.0,-2.1813154354985348e-06
FBA3_FWD_g.27343.CDS.1376-MONOMER,0.41764552639963676,1.158536945636829e-33
FBA3_REV_g.27343.CDS.3014-MONOMER,0.0,-2.6975282619229876e-06
FBA3_FWD_g.27343.CDS.3014-MONOMER,0.0,-5.162128264244525e-07
FBP_REV_g.27343.CDS.2843-MONOMER,0.0,0.013431547729126685
FBP_FWD_g.27343.CDS.2843-MONOMER,0.0,-0.013437053106821254
FE2abc_REV_g.27343.CDS.2960-MONOMER,0.0,-3.816250170837209e-06
FE2abc_FWD_g.27343.CDS.2960-MONOMER,2.3159526554448967e-06,-1.4068800774499814e-35
FE3abc_REV_CPLX_dummy,0.0,-1.95349389908355e-06
FE3abc_FWD_CPLX_dummy,0.0,-8.82042946961409e-36
FGLU_REV_g.27343.CDS.2451-MONOMER,0.0,-2.6837559688722883e-07
FGLU_FWD_g.27343.CDS.2451-MONOMER,0.0,-3.0190672122007243e-35
FLVRx_REV_g.27343.CDS.2223-MONOMER,0.0,-3.1182401986760297e-06
FLVRx_FWD_g.27343.CDS.2223-MONOMER,0.0,-6.754029570349535e-35
FMNAT_REV_679935.3.peg.2394-MONOMER,0.0,-1.638184906254007e-06
FMNAT_FWD_679935.3.peg.2394-MONOMER,0.0007077708523295374,9.841344794625533e-35
FMNAT_REV_679935.3.peg.3029-MONOMER,0.0,-2.2307161524964564e-06
FMNAT_FWD_679935.3.peg.3029-MONOMER,0.0,-5.925312462424494e-07
FOLD3_REV_g.27343.CDS.2674-MONOMER,0.0,-3.0205453271157533e-06
FOLD3_FWD_g.27343.CDS.2674-MONOMER,0.0,1.0632861199085243e-36
FOLt_REV_CPLX_dummy,0.0,-1.95349389908355e-06
FOLt_FWD_CPLX_dummy,0.002123196844337789,-1.859703013638524e-37
FOMETR_REV_g.27343.CDS.2623-MONOMER,0.0,-8.572117227351727e-08
FOMETR_FWD_g.27343.CDS.2623-MONOMER,0.0,-6.628845392240535e-37
FORt2r_REV_CPLX_dummy,6.779694837769936,7.16072189868934e-37
FORt2r_FWD_CPLX_dummy,0.0,-1.95349389908355e-06
FPGS_REV_679935.3.peg.1264-MONOMER,0.0,-4.210936530683021e-07
FPGS_FWD_679935.3.peg.1264-MONOMER,0.0,9.724176122907843e-35
FPGS7_REV_g.27343.CDS.1807-MONOMER,0.0,-2.973003775793467e-06
FPGS7_FWD_g.27343.CDS.1807-MONOMER,0.004129717322684634,-3.514504354556692e-34
FPGS_tm_REV_g.27343.CDS.1807-MONOMER,0.0,-2.973003775793467e-06
FPGS_tm_FWD_g.27343.CDS.1807-MONOMER,0.0,7.431981465360231e-36
FRD2_REV_CPLX_FRD2-0,0.0,-1.797777436739364e-06
FRD2_FWD_CPLX_FRD2-0,0.0,-1.3796745444757018e-06
FRD3_REV_CPLX_FRD2-0,0.0,-3.1774519812150657e-06
FRD3_FWD_CPLX_FRD2-0,0.0,-3.0491574616655575e-36
FRD7_REV_CPLX_dummy,0.0,-1.95349389908355e-06
FRD7_FWD_CPLX_dummy,2.143920508994569,-1.6757705799016213e-36
FRTT_REV_g.27343.CDS.1432-MONOMER_mod_mg2(1),0.0,-3.866426410328754e-06
FRTT_FWD_g.27343.CDS.1432-MONOMER_mod_mg2(1),0.0,1.3513539614598014e-35
FRUK_REV_g.27343.CDS.2319-MONOMER_mod_mg2(1),0.0,-2.6505561870237128e-06
FRUK_FWD_g.27343.CDS.2319-MONOMER_mod_mg2(1),0.14898579,-4.0001682881404533e-38
FRUpts_REV_CPLX_ACGApts-0,0.0,-4.814011960863741e-06
FRUpts_FWD_CPLX_ACGApts-0,0.14898579,-1.1919997407198867e-36
FT_REV_g.27343.CDS.1829-MONOMER_mod_mg2(1),0.0,-2.5390598872349613e-06
FT_FWD_g.27343.CDS.1829-MONOMER_mod_mg2(1),0.0,-1.723753304225324e-35
FTCD_REV_CPLX_dummy,0.0,-1.95349389908355e-06
FTCD_FWD_CPLX_dummy,0.1342219457217394,-1.3274373943174912e-36
FTHFCL_REV_g.27343.CDS.2853-MONOMER,0.0,0.013433152278212963
FTHFCL_FWD_g.27343.CDS.2853-MONOMER,0.0,-0.013433555284993664
FTHFL_REV_CPLX_dummy,0.0,-1.95349389908355e-06
FTHFL_FWD_CPLX_dummy,1.4289243794709934,-1.1364483219703994e-35
FUM_REV_679935.3.peg.1106-MONOMER,2.0810531250966715,1.683514646334153e-37
FUM_FWD_679935.3.peg.1106-MONOMER,0.0,-2.6602179695024407e-06
G16BPS_REV_g.27343.CDS.2860-MONOMER_mod_mg2(1),0.0,-3.398193553282955e-06
G16BPS_FWD_g.27343.CDS.2860-MONOMER_mod_mg2(1),0.0,-1.5906419842444487e-06
G16BPS_REV_g.27343.CDS.2817-MONOMER,0.0,-1.8075515690385062e-06
G16BPS_FWD_g.27343.CDS.2817-MONOMER,0.0,-7.291989665241625e-36
G1PACT_REV_CPLX_dummy,0.0,-1.95349389908355e-06
G1PACT_FWD_CPLX_dummy,0.01143296760293502,-5.723287771282397e-35
G1PTT_REV_g.27343.CDS.1188-MONOMER,0.0,-2.4526417216308003e-06
G1PTT_FWD_g.27343.CDS.1188-MONOMER,0.00571648380146751,6.0862690318497e-36
G1PTT_REV_g.27343.CDS.2749-MONOMER,0.0,-2.4799866750351277e-06
G1PTT_FWD_g.27343.CDS.2749-MONOMER,0.0,-2.734495340432746e-08
G3PAT120_REV_CPLX_G3PAT120-0,0.0,-1.8565858682306214e-06
G3PAT120_FWD_CPLX_G3PAT120-0,0.0,1.686478567817452e-33
G3PAT140_REV_CPLX_G3PAT120-0,0.0,1.4000996975856011e-06
G3PAT140_FWD_CPLX_G3PAT120-0,0.0,-3.2607877919231457e-06
G3PAT141_REV_CPLX_G3PAT120-0,0.0,-1.8241969872345424e-06
G3PAT141_FWD_CPLX_G3PAT120-0,0.0,-1.5420211573924292e-35
G3PAT160_REV_CPLX_G3PAT120-0,0.0,-1.860686424840596e-06
G3PAT160_FWD_CPLX_G3PAT120-0,0.0,-1.5420211573924292e-35
G3PAT161_REV_CPLX_G3PAT120-0,0.0,-1.8241969872345424e-06
G3PAT161_FWD_CPLX_G3PAT120-0,0.0,-1.5420211573924292e-35
G3PAT180_REV_CPLX_G3PAT120-0,0.0,-1.860686846080565e-06
G3PAT180_FWD_CPLX_G3PAT120-0,0.009734775821522698,-8.349616274957935e-35
G3PAT181_REV_CPLX_G3PAT120-0,0.0,-1.8241969872345424e-06
G3PAT181_FWD_CPLX_G3PAT120-0,0.0,-1.5420211573924292e-35
G3PATAI15_REV_CPLX_G3PAT120-0,0.0,-2.193618692650389e-06
G3PATAI15_FWD_CPLX_G3PAT120-0,0.0,-5.987872269016674e-36
G3PATAI17_REV_CPLX_G3PAT120-0,0.0,-2.193618692650389e-06
G3PATAI17_FWD_CPLX_G3PAT120-0,0.009734775821522698,-2.4826820618064835e-35
G3PATI14_REV_CPLX_G3PAT120-0,0.0,-2.193618692650389e-06
G3PATI14_FWD_CPLX_G3PAT120-0,0.0,4.870233300895199e-35
G3PATI15_REV_CPLX_G3PAT120-0,0.0,-2.193618692650389e-06
G3PATI15_FWD_CPLX_G3PAT120-0,0.0,-4.8717456306907825e-36
G3PATI16_REV_CPLX_G3PAT120-0,0.0,-2.193618692650389e-06
G3PATI16_FWD_CPLX_G3PAT120-0,0.0,3.0844306795737737e-35
G3PATI17_REV_CPLX_G3PAT120-0,0.0,-2.193618692650389e-06
G3PATI17_FWD_CPLX_G3PAT120-0,0.009734775821522698,-4.817664110162929e-35
G3PD1_REV_g.27343.CDS.1094-MONOMER,0.0,-1.2593614382154334e-06
G3PD1_FWD_g.27343.CDS.1094-MONOMER,0.0,-1.3323991939677748e-06
G3PD1_REV_g.27343.CDS.2772-MONOMER,0.0,-1.3218575644051837e-06
G3PD1_FWD_g.27343.CDS.2772-MONOMER,0.0,-1.3948953201575252e-06
G3PD2_REV_g.27343.CDS.1094-MONOMER,0.0,-2.591760632183208e-06
G3PD2_FWD_g.27343.CDS.1094-MONOMER,0.9561935088031479,-4.415880724631092e-35
G3PD2_REV_g.27343.CDS.2772-MONOMER,0.0,-2.6542567583729586e-06
G3PD2_FWD_g.27343.CDS.2772-MONOMER,0.0,-6.249612618975038e-08
G3PD8i_REV_g.27343.CDS.2328-MONOMER_mod_fad(1),0.0,0.011748649981401679
G3PD8i_FWD_g.27343.CDS.2328-MONOMER_mod_fad(1),0.0,-0.01175201261906879
G5SADs_REV_CPLX_dummy,0.0,-1.95349389908355e-06
G5SADs_FWD_CPLX_dummy,0.03854056290096312,-1.2867096096377229e-36
G5SDr_REV_679935.3.peg.124-MONOMER,0.0,-4.52807438619946e-06
G5SDr_FWD_679935.3.peg.124-MONOMER,0.03854056290096312,4.967848359216987e-35
G6PDA_REV_g.27343.CDS.2365-MONOMER,0.0,-2.0913801215306287e-06
G6PDA_FWD_g.27343.CDS.2365-MONOMER,0.988567032397065,-5.688330913489388e-37
G6PDA_REV_g.27343.CDS.2775-MONOMER,0.0,-2.4376740731595334e-06
G6PDA_FWD_g.27343.CDS.2775-MONOMER,0.0,-3.462939516289048e-07
G6PI_REV_g.27343.CDS.1290-MONOMER,0.0,-1.3559218456075964e-06
G6PI_FWD_g.27343.CDS.1290-MONOMER,0.0,-1.3559218456075964e-06
G6PI3_REV_g.27343.CDS.1290-MONOMER,0.0,-2.7118436912151928e-06
G6PI3_FWD_g.27343.CDS.1290-MONOMER,0.0,2.390678677980773e-36
GALCTD_REV_g.27343.CDS.2680-MONOMER,0.0,-2.1902931016394877e-06
GALCTD_FWD_g.27343.CDS.2680-MONOMER,0.0,1.2486017610137262e-40
GALCTD_REV_g.27343.CDS.2807-MONOMER,0.0,-2.5507840744376427e-06
GALCTD_FWD_g.27343.CDS.2807-MONOMER,0.0,-3.6049097279815533e-07
GALCTD_REV_g.27343.CDS.985-MONOMER_mod_nad(1),0.0,-2.291738908574922e-06
GALCTD_FWD_g.27343.CDS.985-MONOMER_mod_nad(1),0.0,-1.0144580693543446e-07
GALK_REV_g.27343.CDS.2319-MONOMER_mod_mg2(1),0.0,-2.6505561870237128e-06
GALK_FWD_g.27343.CDS.2319-MONOMER_mod_mg2(1),0.0,1.1603418561825733e-36
GALM1r_REV_g.27343.CDS.2535-MONOMER,0.0,-3.235262383164477e-36
GALM1r_FWD_g.27343.CDS.2535-MONOMER,0.0,-3.6918550881386405e-06
GALS3_REV_g.27343.CDS.1473-MONOMER,0.0,-2.2300542656867274e-07
GALS3_FWD_g.27343.CDS.1473-MONOMER,0.0,-4.051255787956294e-36
GALT1_REV_CPLX_dummy,0.0,-1.95349389908355e-06
GALT1_FWD_CPLX_dummy,0.00571648380146751,2.0215987520429067e-34
GALTpts_REV_CPLX_ACGApts-0,0.0,-4.814011960863741e-06
GALTpts_FWD_CPLX_ACGApts-0,0.0,2.3408735863341336e-36
GALU_REV_CPLX_dummy,0.0,-1.95349389908355e-06
GALU_FWD_CPLX_dummy,0.02286593520587004,1.8322391889292486e-36
GALURt2r_REV_g.27343.CDS.962-MONOMER,0.0,-1.436305329937733e-06
GALURt2r_FWD_g.27343.CDS.962-MONOMER,0.0,9.078145802578817e-37
GALt2_2_REV_g.27343.CDS.1956-MONOMER,0.0,-1.4864231663295983e-06
GALt2_2_FWD_g.27343.CDS.1956-MONOMER,0.0,1.2698296499929075e-35
GAMpts_REV_CPLX_ACGApts-0,0.0,-4.814011960863741e-06
GAMpts_FWD_CPLX_ACGApts-0,1.0,-4.724873067773907e-36
GAPD_REV_679935.3.peg.573-MONOMER,0.0,-5.119087736147019e-06
GAPD_FWD_679935.3.peg.573-MONOMER,8.103118429591847,9.402359638885452e-34
GARFTi_REV_679935.3.peg.2245-MONOMER,0.0,5.605520261409441e-07
GARFTi_FWD_679935.3.peg.2245-MONOMER,0.0,-6.462731984144613e-07
GARFTi_REV_679935.3.peg.2969-MONOMER,0.0,2.786646339880746e-07
GARFTi_FWD_679935.3.peg.2969-MONOMER,0.0,-9.281605905673307e-07
GART_REV_g.27343.CDS.3215-MONOMER_mod_mg2(1),0.0,-7.466686745281447e-07
GART_FWD_g.27343.CDS.3215-MONOMER_mod_mg2(1),0.0,3.9207297181889146e-36
GCALDL_REV_g.27343.CDS.3222-MONOMER,0.0,-1.9007273415338114e-06
GCALDL_FWD_g.27343.CDS.3222-MONOMER,0.0,1.8769527990152422e-35
GCALDt_REV_CPLX_dummy,0.0,1.1288162344883243e-35
GCALDt_FWD_CPLX_dummy,0.0,-1.95349389908355e-06
GCCa_REV_g.27343.CDS.1704-MONOMER,0.0,0.016353029943598538
GCCa_FWD_g.27343.CDS.1704-MONOMER,0.0,-0.016357465996219473
GCCb_REV_g.27343.CDS.2623-MONOMER,0.0,-8.572117227351727e-08
GCCb_FWD_g.27343.CDS.2623-MONOMER,0.0,3.6316610687392145e-36
GCCb_REV_CPLX_GCCb-0,0.0,-1.408078887410313e-06
GCCb_FWD_CPLX_GCCb-0,0.0,-1.3223577151367959e-06
GCCc_REV_g.27343.CDS.3137-MONOMER,0.0,-1.548586021699043e-06
GCCc_FWD_g.27343.CDS.3137-MONOMER,0.0,1.0722413282141692e-34
GCCc_REV_g.27343.CDS.577-MONOMER,0.0,-1.8279277002694916e-06
GCCc_FWD_g.27343.CDS.577-MONOMER,0.0,-2.793416785704486e-07
GCCc_REV_CPLX_GCCc-0,0.0,-3.005120941172092e-06
GCCc_FWD_CPLX_GCCc-0,0.0,-1.4565349194730491e-06
GCDCHOLBHSe_REV_CPLX_dummy,0.0,-1.95349389908355e-06
GCDCHOLBHSe_FWD_CPLX_dummy,0.0,-5.561036125331136e-37
GCHOLBHSe_REV_CPLX_dummy,0.0,-1.95349389908355e-06
GCHOLBHSe_FWD_CPLX_dummy,0.0,-5.561036125331136e-37
GF6PTA_REV_679935.3.peg.3016-MONOMER,0.0,-1.3882032126877466e-06
GF6PTA_FWD_679935.3.peg.3016-MONOMER,0.0,-1.6514913290733401e-06
GGGABADr_REV_g.27343.CDS.442-MONOMER,0.0,-2.301824931617777e-06
GGGABADr_FWD_g.27343.CDS.442-MONOMER,0.0,1.075390897714936e-35
GGGABARr_REV_g.27343.CDS.442-MONOMER,0.0,-9.694257376500026e-07
GGGABARr_FWD_g.27343.CDS.442-MONOMER,0.0,-1.3323991939677748e-06
GGTA_REV_CPLX_dummy,0.0,-1.95349389908355e-06
GGTA_FWD_CPLX_dummy,0.0007077322814459296,2.3446444312646823e-35
GGTT_REV_g.27343.CDS.1432-MONOMER_mod_mg2(1),0.0,-3.866426410328754e-06
GGTT_FWD_g.27343.CDS.1432-MONOMER_mod_mg2(1),0.0,-1.3854301305744861e-35
GHMT2r_REV_679935.3.peg.2992-MONOMER,1.547541713925995,-6.469549198667987e-36
GHMT2r_FWD_679935.3.peg.2992-MONOMER,0.0,-2.9166406615831353e-06
GK1_REV_g.27343.CDS.3073-MONOMER_mod_mg2(1),0.0,-1.7966840958260252e-06
GK1_FWD_g.27343.CDS.3073-MONOMER_mod_mg2(1),0.031162479610911904,4.6503962237354416e-36
GK2_REV_g.27343.CDS.3073-MONOMER_mod_mg2(1),0.0,-1.7966840958260252e-06
GK2_FWD_g.27343.CDS.3073-MONOMER_mod_mg2(1),0.0,-2.276908634689657e-34
GLCP_REV_g.27343.CDS.1022-MONOMER_mod_pydx5p(1),0.0,-3.195182875364651e-06
GLCP_FWD_g.27343.CDS.1022-MONOMER_mod_pydx5p(1),0.0,-1.1917497339218362e-35
GLCTR1_REV_CPLX_dummy,0.0,-1.95349389908355e-06
GLCTR1_FWD_CPLX_dummy,0.00571648380146751,1.3000639663514264e-34
GLCTR2_REV_CPLX_dummy,0.0,-1.95349389908355e-06
GLCTR2_FWD_CPLX_dummy,0.00571648380146751,5.785291806599459e-35
GLCTR3_REV_CPLX_dummy,0.0,-1.95349389908355e-06
GLCTR3_FWD_CPLX_dummy,0.00571648380146751,5.785291806599459e-35
GLCURt2r_REV_g.27343.CDS.962-MONOMER,0.0,-1.436305329937733e-06
GLCURt2r_FWD_g.27343.CDS.962-MONOMER,0.0,-6.993350469152707e-37
GLCabc_REV_CPLX_dummy,0.0,0.013429463284215789
GLCabc_FWD_CPLX_dummy,0.0,-0.013431416778114873
GLCpts_REV_CPLX_ACGApts-0,0.0,-4.814011960863741e-06
GLCpts_FWD_CPLX_ACGApts-0,0.14898579,-8.257746394827928e-36
GLNS_REV_679935.3.peg.2311-MONOMER,0.0,0.013433098209258691
GLNS_FWD_679935.3.peg.2311-MONOMER,0.0,-0.013435523167125355
GLNt2r_REV_CPLX_dummy,0.0,-1.95349389908355e-06
GLNt2r_FWD_CPLX_dummy,0.18,2.2685641831468334e-36
GLU5K_REV_679935.3.peg.123-MONOMER,0.0,-4.057400743246072e-06
GLU5K_FWD_679935.3.peg.123-MONOMER,0.03854056290096312,-2.7189348376391187e-35
GLUABUTt7_REV_g.27343.CDS.421-MONOMER,0.0,-1.910730116755166e-06
GLUABUTt7_FWD_g.27343.CDS.421-MONOMER,0.0,3.512934464439416e-36
GLUDC_REV_g.27343.CDS.2284-MONOMER_mod_pydx5p(1),0.0,-2.1732459677654838e-06
GLUDC_FWD_g.27343.CDS.2284-MONOMER_mod_pydx5p(1),0.0,1.5545033742904442e-35
GLUDy_REV_679935.3.peg.2263-MONOMER,0.0,-2.763157883034059e-07
GLUDy_FWD_679935.3.peg.2263-MONOMER,0.0,-2.8676056263814e-06
GLUDy_REV_679935.3.peg.1915-MONOMER,0.6746022207062765,-5.039234762794629e-35
GLUDy_FWD_679935.3.peg.1915-MONOMER,0.0,-2.5912898380779942e-06
GLUFORT_REV_g.27343.CDS.2305-MONOMER,0.0,-1.0957965221797436e-06
GLUFORT_FWD_g.27343.CDS.2305-MONOMER,0.0,-3.049290421263294e-06
GLUFORT_REV_g.27343.CDS.3111-MONOMER_mod_mg2(1)_mod_k(1),0.0,-1.393017753631567e-07
GLUFORT_FWD_g.27343.CDS.3111-MONOMER_mod_mg2(1)_mod_k(1),0.0,-2.092795674446707e-06
GLUN_REV_679935.3.peg.2825-MONOMER,0.0,-2.9899263441293294e-06
GLUN_FWD_679935.3.peg.2825-MONOMER,0.0,-1.1618343389842945e-06
GLUOX_REV_g.27343.CDS.823-MONOMER,0.0,-5.720962860909164e-08
GLUOX_FWD_g.27343.CDS.823-MONOMER,0.0,-4.476591471832121e-06
GLUPRT_REV_679935.3.peg.2243-MONOMER,0.0,-7.837237996024553e-07
GLUPRT_FWD_679935.3.peg.2243-MONOMER,0.0,-5.424348845111863e-35
GLUR_REV_679935.3.peg.2802-MONOMER,0.0,4.361076939600866e-35
GLUR_FWD_679935.3.peg.2802-MONOMER,0.0,-1.4217521258194376e-06
GLUSy_REV_679935.3.peg.787-MONOMER,0.0,-4.41938184322303e-06
GLUSy_FWD_679935.3.peg.787-MONOMER,0.12057270971146793,-7.830080353581823e-36
GLUTRS_REV_g.27343.CDS.1995-MONOMER_mod_mg2(1)_mod_zn2(1),0.0,-2.1880014157154267e-06
GLUTRS_FWD_g.27343.CDS.1995-MONOMER_mod_mg2(1)_mod_zn2(1),0.0,1.7178406240201365e-35
GLUt2r_REV_g.27343.CDS.1073-MONOMER,0.0,-2.7159562945535737e-06
GLUt2r_FWD_g.27343.CDS.1073-MONOMER,0.18,-2.686860132289432e-37
GLYASN1c_REV_g.27343.CDS.2053-MONOMER,0.0,-2.7161639439806305e-06
GLYASN1c_FWD_g.27343.CDS.2053-MONOMER,0.0,-1.5228282060245139e-07
GLYASN1c_REV_g.27343.CDS.1237-MONOMER_mod_fe2(2),0.0,-2.563881123378179e-06
GLYASN1c_FWD_g.27343.CDS.1237-MONOMER_mod_fe2(2),4.3045977644978115e-24,1.5954296572003201e-34
GLYASN1c_REV_g.27343.CDS.2567-MONOMER,0.0,-3.193515492602672e-06
GLYASN1c_FWD_g.27343.CDS.2567-MONOMER,0.0,-6.296343692244927e-07
GLYASNabc_REV_g.27343.CDS.1266-MONOMER,0.0,-1.519313471570299e-06
GLYASNabc_FWD_g.27343.CDS.1266-MONOMER,4.304597765065711e-24,1.0366940581676367e-35
GLYASP1c_REV_g.27343.CDS.2053-MONOMER,0.0,-2.7161639439806305e-06
GLYASP1c_FWD_g.27343.CDS.2053-MONOMER,0.0,-1.5228282060245139e-07
GLYASP1c_REV_g.27343.CDS.1237-MONOMER_mod_fe2(2),0.0,-2.563881123378179e-06
GLYASP1c_FWD_g.27343.CDS.1237-MONOMER_mod_fe2(2),4.154943833729094e-24,-3.295997750532494e-35
GLYASP1c_REV_g.27343.CDS.2567-MONOMER,0.0,-3.193515492602672e-06
GLYASP1c_FWD_g.27343.CDS.2567-MONOMER,0.0,-6.296343692244927e-07
GLYASPabc_REV_g.27343.CDS.1266-MONOMER,0.0,-1.519313471570299e-06
GLYASPabc_FWD_g.27343.CDS.1266-MONOMER,4.154943833729094e-24,7.324525404880034e-36
GLYAT_REV_679935.3.peg.1160-MONOMER,0.16377751270990326,1.158826904043994e-35
GLYAT_FWD_679935.3.peg.1160-MONOMER,0.0,-2.2659107769317323e-06
GLYAT_REV_679935.3.peg.1418-MONOMER,0.0,-1.8789404876753085e-07
GLYAT_FWD_679935.3.peg.1418-MONOMER,0.0,-2.453804825699263e-06
GLYC3Pt_REV_g.27343.CDS.2681-MONOMER,0.0,-6.086545316109717e-07
GLYC3Pt_FWD_g.27343.CDS.2681-MONOMER,1.0,-1.977203581883152e-37
GLYC3Pt_REV_g.27343.CDS.3182-MONOMER,0.0,-1.2440877687447622e-06
GLYC3Pt_FWD_g.27343.CDS.3182-MONOMER,0.0,-6.354332371337904e-07
GLYC3Pt_REV_g.27343.CDS.2892-MONOMER,0.0,-1.7279944518483925e-06
GLYC3Pt_FWD_g.27343.CDS.2892-MONOMER,0.0,-1.1193399202374208e-06
GLYC3Pt_REV_g.27343.CDS.2022-MONOMER,0.0,-1.214045199139765e-06
GLYC3Pt_FWD_g.27343.CDS.2022-MONOMER,0.0,-6.053906675287932e-07
GLYCL_REV_g.27343.CDS.2623-MONOMER,0.0,0.016354387955725882
GLYCL_FWD_g.27343.CDS.2623-MONOMER,0.0,-0.016354473676898157
GLYCYSabc_REV_g.27343.CDS.1266-MONOMER,0.0,-1.519313471570299e-06
GLYCYSabc_FWD_g.27343.CDS.1266-MONOMER,4.616017447790134e-24,1.112754437587545e-35
GLYCt_REV_CPLX_dummy,0.0,-1.807291558443658e-40
GLYCt_FWD_CPLX_dummy,0.0,-1.95349389908355e-06
GLYGLN1c_REV_g.27343.CDS.2053-MONOMER,0.0,-2.7161639439806305e-06
GLYGLN1c_FWD_g.27343.CDS.2053-MONOMER,0.0,-1.5228282060245139e-07
GLYGLN1c_REV_g.27343.CDS.1237-MONOMER_mod_fe2(2),0.0,-2.563881123378179e-06
GLYGLN1c_FWD_g.27343.CDS.1237-MONOMER_mod_fe2(2),4.43677048137184e-24,1.5212977636686435e-34
GLYGLN1c_REV_g.27343.CDS.2567-MONOMER,0.0,-3.193515492602672e-06
GLYGLN1c_FWD_g.27343.CDS.2567-MONOMER,0.0,-6.296343692244927e-07
GLYGLNabc_REV_g.27343.CDS.1266-MONOMER,0.0,-1.519313471570299e-06
GLYGLNabc_FWD_g.27343.CDS.1266-MONOMER,4.43677048137184e-24,7.324525404880034e-36
GLYGLU1c_REV_g.27343.CDS.2053-MONOMER,0.0,-2.7161639439806305e-06
GLYGLU1c_FWD_g.27343.CDS.2053-MONOMER,0.0,-1.5228282060245139e-07
GLYGLU1c_REV_g.27343.CDS.1237-MONOMER_mod_fe2(2),0.0,-2.563881123378179e-06
GLYGLU1c_FWD_g.27343.CDS.1237-MONOMER_mod_fe2(2),0.0,-1.691814310413539e-35
GLYGLU1c_REV_g.27343.CDS.2567-MONOMER,0.0,-3.193515492602672e-06
GLYGLU1c_FWD_g.27343.CDS.2567-MONOMER,0.0,-6.296343692244927e-07
GLYGLUabc_REV_g.27343.CDS.1266-MONOMER,0.0,-1.519313471570299e-06
GLYGLUabc_FWD_g.27343.CDS.1266-MONOMER,0.0,4.282110228083704e-36
GLYLEUHYDROc_REV_g.27343.CDS.2053-MONOMER,0.0,-2.7161639439806305e-06
GLYLEUHYDROc_FWD_g.27343.CDS.2053-MONOMER,0.0,-1.5228282060245139e-07
GLYLEUHYDROc_REV_g.27343.CDS.1237-MONOMER_mod_fe2(2),0.0,-2.563881123378179e-06
GLYLEUHYDROc_FWD_g.27343.CDS.1237-MONOMER_mod_fe2(2),0.0,-2.3921432544661216e-36
GLYLEUHYDROc_REV_g.27343.CDS.2567-MONOMER,0.0,-3.193515492602672e-06
GLYLEUHYDROc_FWD_g.27343.CDS.2567-MONOMER,0.0,-6.296343692244927e-07
GLYLEUPEPT1tc_REV_g.27343.CDS.1266-MONOMER,0.0,-1.519313471570299e-06
GLYLEUPEPT1tc_FWD_g.27343.CDS.1266-MONOMER,0.0,1.4394482178875744e-36
GLYMET1c_REV_g.27343.CDS.2053-MONOMER,0.0,-2.7161639439806305e-06
GLYMET1c_FWD_g.27343.CDS.2053-MONOMER,0.0,-1.5228282060245139e-07
GLYMET1c_REV_g.27343.CDS.1237-MONOMER_mod_fe2(2),0.0,-2.563881123378179e-06
GLYMET1c_FWD_g.27343.CDS.1237-MONOMER_mod_fe2(2),4.724218030856923e-24,-5.658462560277426e-37
GLYMET1c_REV_g.27343.CDS.2567-MONOMER,0.0,-3.193515492602672e-06
GLYMET1c_FWD_g.27343.CDS.2567-MONOMER,0.0,-6.296343692244927e-07
GLYMETabc_REV_g.27343.CDS.1266-MONOMER,0.0,-1.519313471570299e-06
GLYMETabc_FWD_g.27343.CDS.1266-MONOMER,4.724218030856923e-24,1.3409355758472697e-35
GLYOX_REV_g.27343.CDS.1356-MONOMER,0.0,-2.5989511764614372e-06
GLYOX_FWD_g.27343.CDS.1356-MONOMER,0.0,-4.4894849397118975e-36
GLYPHEHYc_REV_g.27343.CDS.2053-MONOMER,0.0,-2.7161639439806305e-06
GLYPHEHYc_FWD_g.27343.CDS.2053-MONOMER,0.0,-1.5228282060245139e-07
GLYPHEHYc_REV_g.27343.CDS.1237-MONOMER_mod_fe2(2),0.0,-2.563881123378179e-06
GLYPHEHYc_FWD_g.27343.CDS.1237-MONOMER_mod_fe2(2),4.39484020190064e-24,4.483500002067454e-35
GLYPHEHYc_REV_g.27343.CDS.2567-MONOMER,0.0,-3.193515492602672e-06
GLYPHEHYc_FWD_g.27343.CDS.2567-MONOMER,0.0,-6.296343692244927e-07
GLYPHEabc_REV_g.27343.CDS.1266-MONOMER,0.0,-1.519313471570299e-06
GLYPHEabc_FWD_g.27343.CDS.1266-MONOMER,4.39484020190064e-24,1.6451770935269028e-35
GLYPROPRO1c_REV_g.27343.CDS.2053-MONOMER,0.0,-2.7161639439806305e-06
GLYPROPRO1c_FWD_g.27343.CDS.2053-MONOMER,0.0,-1.5228282060245139e-07
GLYPROPRO1c_REV_g.27343.CDS.1237-MONOMER_mod_fe2(2),0.0,-2.563881123378179e-06
GLYPROPRO1c_FWD_g.27343.CDS.1237-MONOMER_mod_fe2(2),4.4838686350279944e-24,4.611993803743137e-33
GLYPROPRO1c_REV_g.27343.CDS.2567-MONOMER,0.0,-3.193515492602672e-06
GLYPROPRO1c_FWD_g.27343.CDS.2567-MONOMER,0.0,-6.296343692244927e-07
GLYPROabc_REV_g.27343.CDS.1266-MONOMER,0.0,-1.519313471570299e-06
GLYPROabc_FWD_g.27343.CDS.1266-MONOMER,4.4838686350279944e-24,1.2648751964273615e-35
GLYTYR1c_REV_g.27343.CDS.2053-MONOMER,0.0,-2.7161639439806305e-06
GLYTYR1c_FWD_g.27343.CDS.2053-MONOMER,0.0,-1.5228282060245139e-07
GLYTYR1c_REV_g.27343.CDS.1237-MONOMER_mod_fe2(2),0.0,-2.563881123378179e-06
GLYTYR1c_FWD_g.27343.CDS.1237-MONOMER_mod_fe2(2),1.579098630439079e-33,-1.268954394250625e-35
GLYTYR1c_REV_g.27343.CDS.2567-MONOMER,0.0,-3.193515492602672e-06
GLYTYR1c_FWD_g.27343.CDS.2567-MONOMER,0.0,-6.296343692244927e-07
GLYTYRabc_REV_g.27343.CDS.1266-MONOMER,0.0,-1.519313471570299e-06
GLYTYRabc_FWD_g.27343.CDS.1266-MONOMER,0.0,1.3409355758472697e-35
GLYt2r_REV_CPLX_dummy,0.0,-1.95349389908355e-06
GLYt2r_FWD_CPLX_dummy,0.45,9.45181925676083e-37
GMHEPAT_REV_CPLX_dummy,0.0,-1.95349389908355e-06
GMHEPAT_FWD_CPLX_dummy,0.02286593520587004,-1.3897637521012714e-35
GMHEPK_REV_CPLX_dummy,0.0,-1.95349389908355e-06
GMHEPK_FWD_CPLX_dummy,0.02286593520587004,8.374142303776515e-36
GMHEPPA_REV_CPLX_dummy,0.0,-1.95349389908355e-06
GMHEPPA_FWD_CPLX_dummy,0.02286593520587004,-9.690648437591959e-36
GMPS2_REV_679935.3.peg.2601-MONOMER_mod_mg2(1),0.0,0.026861946949609902
GMPS2_FWD_679935.3.peg.2601-MONOMER_mod_mg2(1),0.0,-0.02686546068489032
GNNUC_REV_g.27343.CDS.3125-MONOMER,0.0,0.013431217452114036
GNNUC_FWD_g.27343.CDS.3125-MONOMER,0.0,-0.013433253597438638
GPDDA1_REV_g.27343.CDS.2895-MONOMER,0.0,7.836216132574339e-07
GPDDA1_FWD_g.27343.CDS.2895-MONOMER,0.0,-4.773963383240399e-07
GPDDA1_REV_g.27343.CDS.3004-MONOMER,0.0,1.0895467672662117e-06
GPDDA1_FWD_g.27343.CDS.3004-MONOMER,0.0,-1.7147118431526206e-07
GPDDA1_REV_g.27343.CDS.352-MONOMER,0.0,-2.770339506760889e-07
GPDDA1_FWD_g.27343.CDS.352-MONOMER,0.0,-1.5380519022575626e-06
GPDDA1_REV_g.27343.CDS.3021-MONOMER,0.0,9.610612794445987e-07
GPDDA1_FWD_g.27343.CDS.3021-MONOMER,0.0,-2.99956672136875e-07
GPDDA1_REV_g.27343.CDS.2776-MONOMER,0.0,1.2610179515814738e-06
GPDDA1_FWD_g.27343.CDS.2776-MONOMER,0.0,-8.490258667895443e-37
GPDDA1_REV_g.27343.CDS.1113-MONOMER,0.0,3.067305899392261e-07
GPDDA1_FWD_g.27343.CDS.1113-MONOMER,0.0,-9.542873616422476e-07
GPDDA1_REV_g.27343.CDS.2028-MONOMER,0.0,1.206834260831595e-06
GPDDA1_FWD_g.27343.CDS.2028-MONOMER,0.0,-5.418369074987873e-08
GPDDA1_REV_g.27343.CDS.1988-MONOMER,0.0,-2.1989342133598155e-06
GPDDA1_FWD_g.27343.CDS.1988-MONOMER,0.0,-3.459952164941289e-06
GPDDA1_REV_g.27343.CDS.893-MONOMER,0.0,7.831392094084865e-07
GPDDA1_FWD_g.27343.CDS.893-MONOMER,0.0,-4.778787421729872e-07
GPDDA1_REV_g.27343.CDS.1486-MONOMER,0.0,1.0204573890221486e-06
GPDDA1_FWD_g.27343.CDS.1486-MONOMER,0.0,-2.4056056255932524e-07
GPDDA2_REV_g.27343.CDS.2895-MONOMER,0.0,7.836216132574339e-07
GPDDA2_FWD_g.27343.CDS.2895-MONOMER,0.0,-4.773963383240399e-07
GPDDA2_REV_g.27343.CDS.3004-MONOMER,0.0,1.0895467672662117e-06
GPDDA2_FWD_g.27343.CDS.3004-MONOMER,0.0,-1.7147118431526206e-07
GPDDA2_REV_g.27343.CDS.352-MONOMER,0.0,-2.770339506760889e-07
GPDDA2_FWD_g.27343.CDS.352-MONOMER,0.0,-1.5380519022575626e-06
GPDDA2_REV_g.27343.CDS.3021-MONOMER,0.0,9.610612794445987e-07
GPDDA2_FWD_g.27343.CDS.3021-MONOMER,0.0,-2.99956672136875e-07
GPDDA2_REV_g.27343.CDS.2776-MONOMER,0.0,1.2610179515814738e-06
GPDDA2_FWD_g.27343.CDS.2776-MONOMER,0.0,-3.014243362544839e-36
GPDDA2_REV_g.27343.CDS.1113-MONOMER,0.0,3.067305899392261e-07
GPDDA2_FWD_g.27343.CDS.1113-MONOMER,0.0,-9.542873616422476e-07
GPDDA2_REV_g.27343.CDS.2028-MONOMER,0.0,1.206834260831595e-06
GPDDA2_FWD_g.27343.CDS.2028-MONOMER,0.0,-5.418369074987873e-08
GPDDA2_REV_g.27343.CDS.1988-MONOMER,0.0,-2.1989342133598155e-06
GPDDA2_FWD_g.27343.CDS.1988-MONOMER,0.0,-3.459952164941289e-06
GPDDA2_REV_g.27343.CDS.893-MONOMER,0.0,7.831392094084865e-07
GPDDA2_FWD_g.27343.CDS.893-MONOMER,0.0,-4.778787421729872e-07
GPDDA2_REV_g.27343.CDS.1486-MONOMER,0.0,1.0204573890221486e-06
GPDDA2_FWD_g.27343.CDS.1486-MONOMER,0.0,-2.4056056255932524e-07
GPDDA4_REV_g.27343.CDS.2895-MONOMER,0.0,7.836216132574339e-07
GPDDA4_FWD_g.27343.CDS.2895-MONOMER,0.0,-4.773963383240399e-07
GPDDA4_REV_g.27343.CDS.3004-MONOMER,0.0,1.0895467672662117e-06
GPDDA4_FWD_g.27343.CDS.3004-MONOMER,0.0,-1.7147118431526206e-07
GPDDA4_REV_g.27343.CDS.352-MONOMER,0.0,-2.770339506760889e-07
GPDDA4_FWD_g.27343.CDS.352-MONOMER,0.0,-1.5380519022575626e-06
GPDDA4_REV_g.27343.CDS.3021-MONOMER,0.0,9.610612794445987e-07
GPDDA4_FWD_g.27343.CDS.3021-MONOMER,0.0,-2.99956672136875e-07
GPDDA4_REV_g.27343.CDS.2776-MONOMER,0.0,1.2610179515814738e-06
GPDDA4_FWD_g.27343.CDS.2776-MONOMER,0.0,-1.9316346146671917e-36
GPDDA4_REV_g.27343.CDS.1113-MONOMER,0.0,3.067305899392261e-07
GPDDA4_FWD_g.27343.CDS.1113-MONOMER,0.0,-9.542873616422476e-07
GPDDA4_REV_g.27343.CDS.2028-MONOMER,0.0,1.206834260831595e-06
GPDDA4_FWD_g.27343.CDS.2028-MONOMER,0.0,-5.418369074987873e-08
GPDDA4_REV_g.27343.CDS.1988-MONOMER,0.0,-2.1989342133598155e-06
GPDDA4_FWD_g.27343.CDS.1988-MONOMER,0.0,-3.459952164941289e-06
GPDDA4_REV_g.27343.CDS.893-MONOMER,0.0,7.831392094084865e-07
GPDDA4_FWD_g.27343.CDS.893-MONOMER,0.0,-4.778787421729872e-07
GPDDA4_REV_g.27343.CDS.1486-MONOMER,0.0,1.0204573890221486e-06
GPDDA4_FWD_g.27343.CDS.1486-MONOMER,0.0,-2.4056056255932524e-07
GRTT_REV_CPLX_DMATT-0,0.0,-2.8400049328130174e-06
GRTT_FWD_CPLX_DMATT-0,0.0,-5.094945773571594e-07
GRTT_REV_g.27343.CDS.1432-MONOMER_mod_mg2(1),0.0,-3.098468382892306e-06
GRTT_FWD_g.27343.CDS.1432-MONOMER_mod_mg2(1),0.0,-7.679580274364478e-07
GRTT_REV_g.27343.CDS.1144-MONOMER,0.0,-2.3305103554558582e-06
GRTT_FWD_g.27343.CDS.1144-MONOMER,0.00571648380146751,-4.393899155710617e-36
GSNt2r_REV_g.27343.CDS.521-MONOMER,0.0,1.1506444807714112e-36
GSNt2r_FWD_g.27343.CDS.521-MONOMER,0.0,-1.1105893537293928e-06
GTPCI_REV_679935.3.peg.1456-MONOMER,0.0,2.9512176897417513e-06
GTPCI_FWD_679935.3.peg.1456-MONOMER,0.0,-1.5251483381315095e-06
GTPCII_REV_g.27343.CDS.3078-MONOMER,0.0,-2.819845056201576e-06
GTPCII_FWD_g.27343.CDS.3078-MONOMER,0.0014155032244782112,-6.724326777247706e-35
GTPCII2_REV_679935.3.peg.3185-MONOMER_mod_mg2(1),0.0,-3.3399090816294312e-06
GTPCII2_FWD_679935.3.peg.3185-MONOMER_mod_mg2(1),0.0,-2.859099633810463e-35
GTPDPK_REV_g.27343.CDS.1581-MONOMER,0.0,5.369238728314904e-07
GTPDPK_FWD_g.27343.CDS.1581-MONOMER,0.0,-2.3517515217957536e-36
GTPDPK_REV_g.27343.CDS.238-MONOMER_mod_mn2(1),0.0,-2.962749861338354e-07
GTPDPK_FWD_g.27343.CDS.238-MONOMER_mod_mn2(1),0.0,-8.331988589653258e-07
GUAPRT_REV_g.27343.CDS.73-MONOMER,0.0,-1.6646287089081317e-07
GUAPRT_FWD_g.27343.CDS.73-MONOMER,0.014042739513986071,-1.5093361414594335e-36
GUAt_REV_CPLX_dummy,0.9735221979436476,0.0
GUAt_FWD_CPLX_dummy,0.0,-1.95349389908355e-06
GUAt2_REV_CPLX_dummy,0.0,0.0033581049738099773
GUAt2_FWD_CPLX_dummy,0.0,-0.0033600584677090607
GluForTx_REV_CPLX_dummy,0.0,-1.95349389908355e-06
GluForTx_FWD_CPLX_dummy,0.1342219457217394,-1.6756322557311847e-34
H2CO3D_REV_CPLX_dummy,0.0,-2.779634259431753e-37
H2CO3D_FWD_CPLX_dummy,0.0,-1.95349389908355e-06
H2Ot_REV_CPLX_dummy,0.0,-1.95349389908355e-06
H2Ot_FWD_CPLX_dummy,4.650532375526313,0.0
HBZOPT_REV_CPLX_dummy,0.0,-1.95349389908355e-06
HBZOPT_FWD_CPLX_dummy,0.0,-5.239241991950238e-35
HDCAt2_REV_g.27343.CDS.2168-MONOMER,0.0,-2.889525670059603e-06
HDCAt2_FWD_g.27343.CDS.2168-MONOMER,0.0,-2.74291480198998e-37
HDG3PACT_REV_CPLX_G3PAT120-0,0.0,2.1872820349064085e-35
HDG3PACT_FWD_CPLX_G3PAT120-0,0.0,-2.193618692650389e-06
HEMEti_REV_CPLX_dummy,0.0,-1.95349389908355e-06
HEMEti_FWD_CPLX_dummy,0.0007077322814459296,1.3911145123292362e-36
HEPK1_REV_CPLX_dummy,0.0,-1.95349389908355e-06
HEPK1_FWD_CPLX_dummy,0.00571648380146751,-4.3553115590694553e-35
HEPK2_REV_CPLX_dummy,0.0,-1.95349389908355e-06
HEPK2_FWD_CPLX_dummy,0.00571648380146751,3.750406746408955e-35
HEPT1_REV_CPLX_dummy,0.0,-1.95349389908355e-06
HEPT1_FWD_CPLX_dummy,0.00571648380146751,3.750406746408955e-35
HEPT2_REV_CPLX_dummy,0.0,-1.95349389908355e-06
HEPT2_FWD_CPLX_dummy,0.00571648380146751,3.750406746408955e-35
HEPT3_REV_CPLX_dummy,0.0,-1.95349389908355e-06
HEPT3_FWD_CPLX_dummy,0.00571648380146751,-4.3553115590694553e-35
HEPT4_REV_CPLX_dummy,0.0,-1.95349389908355e-06
HEPT4_FWD_CPLX_dummy,0.00571648380146751,8.943132535856062e-35
HETT_REV_g.27343.CDS.1432-MONOMER_mod_mg2(1),0.0,-3.866426410328754e-06
HETT_FWD_g.27343.CDS.1432-MONOMER_mod_mg2(1),0.0,-1.3854301305744861e-35
HEX1_REV_679935.3.peg.2490-MONOMER,0.0,2.4588037526626556e-06
HEX1_FWD_679935.3.peg.2490-MONOMER,0.0,-2.8597847936468315e-06
HEX1_REV_679935.3.peg.1209-MONOMER,0.0,2.3427836491333028e-06
HEX1_FWD_679935.3.peg.1209-MONOMER,0.0,-2.9758048971761844e-06
HEX7_REV_g.27343.CDS.2157-MONOMER,0.0,-6.10146839112224e-07
HEX7_FWD_g.27343.CDS.2157-MONOMER,0.0,-5.050480029913254e-07
HEX7_REV_g.27343.CDS.2996-MONOMER,0.0,-1.0509883612089858e-07
HEX7_FWD_g.27343.CDS.2996-MONOMER,0.0,5.4424589733021897e-36
HEXTT_REV_g.27343.CDS.1432-MONOMER_mod_mg2(1),0.0,-3.866426410328754e-06
HEXTT_FWD_g.27343.CDS.1432-MONOMER_mod_mg2(1),0.0,-2.2976914945859153e-35
HEXb_REV_g.27343.CDS.1544-MONOMER,0.0,4.188711193202623e-06
HEXb_FWD_g.27343.CDS.1544-MONOMER,0.0,-4.821732441245505e-06
HEXb_REV_g.27343.CDS.2596-MONOMER,0.0,4.304731296731976e-06
HEXb_FWD_g.27343.CDS.2596-MONOMER,0.0,-4.705712337716152e-06
HG2abc_REV_g.27343.CDS.2980-MONOMER,0.0,-4.218065646539097e-07
HG2abc_FWD_g.27343.CDS.2980-MONOMER,0.0,1.0085198861449402e-35
HISD_REV_g.27343.CDS.3076-MONOMER,0.0,-3.1086026085024704e-06
HISD_FWD_g.27343.CDS.3076-MONOMER,0.0,-6.030289096549856e-08
HISD_REV_g.27343.CDS.1517-MONOMER,0.0,-3.0482997175369717e-06
HISD_FWD_g.27343.CDS.1517-MONOMER,0.1342219457217394,2.5810214896051034e-35
HISTD_REV_679935.3.peg.2897-MONOMER,0.0,0.09642310225711063
HISTD_FWD_679935.3.peg.2897-MONOMER,0.0,-0.09642545996719168
HISTD_REV_679935.3.peg.2903-MONOMER_mod_mn2(1),0.0,0.09642143979969821
HISTD_FWD_679935.3.peg.2903-MONOMER_mod_mn2(1),0.0,-0.09642712242460412
HISTDOX_REV_g.27343.CDS.2201-MONOMER,0.0,-6.479267469396801e-35
HISTDOX_FWD_g.27343.CDS.2201-MONOMER,0.0,-2.0682150136174863e-06
HISTLOX_REV_g.27343.CDS.2201-MONOMER,0.0,0.09642221289713755
HISTLOX_FWD_g.27343.CDS.2201-MONOMER,0.0,-0.09642428111215116
HISTP_REV_679935.3.peg.2901-MONOMER_mod_mg2(1),0.0,-6.5283621626741575e-06
HISTP_FWD_679935.3.peg.2901-MONOMER_mod_mg2(1),0.0,-6.323836679735247e-09
HISTP_REV_679935.3.peg.2901-MONOMER_mod_mn2(1),0.0,-6.522038325994422e-06
HISTP_FWD_679935.3.peg.2901-MONOMER_mod_mn2(1),0.0,-1.7197879203708878e-36
HISt2r_REV_CPLX_dummy,0.0,-1.95349389908355e-06
HISt2r_FWD_CPLX_dummy,0.15,5.439002418543851e-37
HPPK_REV_g.27343.CDS.1044-MONOMER,0.0,0.02686869499392301
HPPK_FWD_g.27343.CDS.1044-MONOMER,0.0,-0.02686896510985697
HPPK2_REV_679935.3.peg.1353-MONOMER_mod_mg2(1),0.0,0.026868025821675398
HPPK2_FWD_679935.3.peg.1353-MONOMER_mod_mg2(1),0.0,-0.026868476115960115
HSDx_REV_679935.3.peg.3171-MONOMER,2.266519730771082,-1.3019610726056187e-34
HSDx_FWD_679935.3.peg.3171-MONOMER,0.0,-1.3323991939677748e-06
HSDy_REV_679935.3.peg.3171-MONOMER,0.0,-1.3323991939677748e-06
HSDy_FWD_679935.3.peg.3171-MONOMER,2.266519730771082,1.7060649740645355e-35
HSERTA_REV_679935.3.peg.3170-MONOMER,0.0,-7.389082060049681e-36
HSERTA_FWD_679935.3.peg.3170-MONOMER,0.0,-1.0604859400082718e-06
HSK_REV_679935.3.peg.1407-MONOMER,0.0,-3.687818412819804e-06
HSK_FWD_679935.3.peg.1407-MONOMER,0.0,4.0310784971112367e-36
HSTPTr_REV_679935.3.peg.2902-MONOMER_mod_pydx5p(1),0.0,2.877511918066139e-35
HSTPTr_FWD_679935.3.peg.2902-MONOMER_mod_pydx5p(1),0.0,-3.8135888578836717e-06
HXPRT_REV_g.27343.CDS.73-MONOMER,0.0,-1.6646287089081317e-07
HXPRT_FWD_g.27343.CDS.73-MONOMER,0.0,6.811249713016427e-36
HYD1_REV_CPLX_HYD1-0,0.0,-2.4020729657589533e-06
HYD1_FWD_CPLX_HYD1-0,0.0,1.6393867589994977e-36
HYPSUCORNS_REV_CPLX_dummy,0.0,-1.95349389908355e-06
HYPSUCORNS_FWD_CPLX_dummy,1.4257411818838062e-57,-9.504608817395404e-37
IBCOATA_REV_g.27343.CDS.2211-MONOMER,0.0,-1.1397794427055488e-35
IBCOATA_FWD_g.27343.CDS.2211-MONOMER,0.0,-2.620610830113241e-06
IG3PS_REV_679935.3.peg.2900-MONOMER,0.0,-2.9481188741399665e-06
IG3PS_FWD_679935.3.peg.2900-MONOMER,0.0,4.674950186943457e-36
IGPDH_REV_679935.3.peg.2901-MONOMER_mod_mg2(1),0.0,-6.5283621626741575e-06
IGPDH_FWD_679935.3.peg.2901-MONOMER_mod_mg2(1),0.0,-6.323836679735247e-09
IGPDH_REV_679935.3.peg.2901-MONOMER_mod_mn2(1),0.0,-6.522038325994422e-06
IGPDH_FWD_679935.3.peg.2901-MONOMER_mod_mn2(1),0.0,-2.680121468078781e-35
IHDCOATA_REV_g.27343.CDS.2211-MONOMER,0.0,-1.0655435639551364e-37
IHDCOATA_FWD_g.27343.CDS.2211-MONOMER,0.0,-2.620610830113241e-06
IHPDCOATA_REV_g.27343.CDS.2211-MONOMER,0.0,-2.620610830113241e-06
IHPDCOATA_FWD_g.27343.CDS.2211-MONOMER,0.019469551643045396,-7.151093265106228e-35
ILETA_REV_679935.3.peg.1442-MONOMER,0.10660538337923292,-3.754607376135388e-33
ILETA_FWD_679935.3.peg.1442-MONOMER,0.0,-1.8258677171150523e-06
IMPC_REV_679935.3.peg.2247-MONOMER,0.0,1.850674275967624e-36
IMPC_FWD_679935.3.peg.2247-MONOMER,0.0,-2.890212575602492e-06
IMPD_REV_679935.3.peg.2599-MONOMER,0.0,-5.600816723500455e-06
IMPD_FWD_679935.3.peg.2599-MONOMER,3.1078427072989722e-24,1.2879938743123363e-33
INDOLEt2r_REV_CPLX_dummy,0.06557963559410344,-1.859703013638524e-37
INDOLEt2r_FWD_CPLX_dummy,0.0,-1.95349389908355e-06
INSH_REV_g.27343.CDS.3125-MONOMER,0.0,0.013434084322839929
INSH_FWD_g.27343.CDS.3125-MONOMER,0.0,-0.01343612046816453
INSt2_REV_g.27343.CDS.521-MONOMER,0.0,-2.633626975144843e-36
INSt2_FWD_g.27343.CDS.521-MONOMER,0.0,-1.1105893537293928e-06
IPDCOATA_REV_g.27343.CDS.2211-MONOMER,0.0,-2.620610830113241e-06
IPDCOATA_FWD_g.27343.CDS.2211-MONOMER,0.0,-3.143550716839109e-35
IPDDI_REV_g.27343.CDS.582-MONOMER_mod_mn2(1)_mod_zn2(1),0.0,-1.1151997192853852e-06
IPDDI_FWD_g.27343.CDS.582-MONOMER_mod_mn2(1)_mod_zn2(1),0.0,-1.1151997192853852e-06
IPDDI_REV_g.27343.CDS.582-MONOMER_mod_mg2(1)_mod_zn2(1),0.0,-1.136670270369632e-06
IPDDI_FWD_g.27343.CDS.582-MONOMER_mod_mg2(1)_mod_zn2(1),0.0,-1.136670270369632e-06
IPDPS_REV_g.27343.CDS.1301-MONOMER_mod_nadph(1)_mod_nadh(1)_mod_fad(1)_mod_cobalt2(1),0.0,-3.062131204877194e-06
IPDPS_FWD_g.27343.CDS.1301-MONOMER_mod_nadph(1)_mod_nadh(1)_mod_fad(1)_mod_cobalt2(1),0.0571648380146751,-1.0113178039517442e-34
IPDPS2_REV_g.27343.CDS.1301-MONOMER_mod_nadph(1)_mod_nadh(1)_mod_fad(1)_mod_cobalt2(1),0.0,-1.729732010909419e-06
IPDPS2_FWD_g.27343.CDS.1301-MONOMER_mod_nadph(1)_mod_nadh(1)_mod_fad(1)_mod_cobalt2(1),0.0,-1.3323991939677748e-06
IPMDr_REV_679935.3.peg.1405-MONOMER,0.0,-4.367243609213785e-36
IPMDr_FWD_679935.3.peg.1405-MONOMER,0.0,-3.436954862140846e-06
IPPMIa_REV_679935.3.peg.1402-MONOMER,0.0,-3.3515069424549914e-06
IPPMIa_FWD_679935.3.peg.1402-MONOMER,0.0,-1.061933425396993e-06
IPPMIa_REV_679935.3.peg.1403-MONOMER,0.0,-2.2895735170579985e-06
IPPMIa_FWD_679935.3.peg.1403-MONOMER,0.0,3.3400810312025356e-36
IPPMIb_REV_CPLX_IPPMIb-0,0.0,-1.0173773819887104e-06
IPPMIb_FWD_CPLX_IPPMIb-0,0.0,-5.828419276443388e-07
IPPMIb_REV_g.27343.CDS.1600-MONOMER,0.0,-4.345354543443715e-07
IPPMIb_FWD_g.27343.CDS.1600-MONOMER,0.0,1.2838599580566845e-36
IPPMIb_REV_g.27343.CDS.1456-MONOMER,0.0,-1.1569500437561074e-06
IPPMIb_FWD_g.27343.CDS.1456-MONOMER,0.0,-7.224145894117358e-07
ITDCOATA_REV_g.27343.CDS.2211-MONOMER,0.0,1.9931168170825095e-35
ITDCOATA_FWD_g.27343.CDS.2211-MONOMER,0.0,-2.620610830113241e-06
IVCOATA_REV_g.27343.CDS.2211-MONOMER,0.0,-2.620610830113241e-06
IVCOATA_FWD_g.27343.CDS.2211-MONOMER,0.019469551643045396,-2.014427688361612e-35
IZPN_REV_g.27343.CDS.3117-MONOMER,0.0,-3.4903102206832986e-06
IZPN_FWD_g.27343.CDS.3117-MONOMER,0.1342219457217394,-5.5861229903789565e-36
KARA1_REV_679935.3.peg.1412-MONOMER_mod_mg2(1),0.6519606296698713,-2.4443921113755113e-33
KARA1_FWD_679935.3.peg.1412-MONOMER_mod_mg2(1),0.0,-4.187265331898841e-06
KARA2_REV_679935.3.peg.1412-MONOMER_mod_mg2(1),0.0,-4.187265331898841e-06
KARA2_FWD_679935.3.peg.1412-MONOMER_mod_mg2(1),0.12607493502227832,2.467945932704714e-35
KARA3_REV_679935.3.peg.1412-MONOMER_mod_mg2(1),0.0,-1.4167337711956095e-06
KARA3_FWD_679935.3.peg.1412-MONOMER_mod_mg2(1),0.0,-2.7705315607032314e-06
KAS14_REV_g.27343.CDS.1714-MONOMER,0.0,-2.8135983116281287e-06
KAS14_FWD_g.27343.CDS.1714-MONOMER,0.0,5.82154738213203e-35
KAS14_REV_CPLX_3OAS100-0,0.0,-3.239466157373002e-06
KAS14_FWD_CPLX_3OAS100-0,0.0,-4.258678457448733e-07
KAS14_REV_g.27343.CDS.1018-MONOMER,0.0,-3.7578115330300795e-06
KAS14_FWD_g.27343.CDS.1018-MONOMER,0.0,-9.442132214019507e-07
KAS14_REV_CPLX_3OAS100-1,0.0,-4.139310206286994e-06
KAS14_FWD_CPLX_3OAS100-1,0.0,-1.325711894658865e-06
KAS14_REV_CPLX_3OAS100-2,0.0,-3.907280868184445e-06
KAS14_FWD_CPLX_3OAS100-2,0.0,-1.0936825565563169e-06
KAS_HP_REV_CPLX_dummy,0.0,-1.3364227668702692e-06
KAS_HP_FWD_CPLX_dummy,0.0,-3.97519290041141e-35
KDOCT2_REV_g.27343.CDS.2823-MONOMER_mod_mg2(1)_mod_k(1),0.0,-1.4551586996965127e-06
KDOCT2_FWD_g.27343.CDS.2823-MONOMER_mod_mg2(1)_mod_k(1),0.01714945140440253,3.1412649586433703e-37
KDOCT2_REV_g.27343.CDS.2156-MONOMER_mod_mg2(1),0.0,-1.9184313995858294e-06
KDOCT2_FWD_g.27343.CDS.2156-MONOMER_mod_mg2(1),0.0,-4.6327269988931677e-07
KDOPP_REV_g.27343.CDS.1633-MONOMER_mod_mg2(1),0.0,-3.363449616520773e-06
KDOPP_FWD_g.27343.CDS.1633-MONOMER_mod_mg2(1),0.01714945140440253,9.06413470108449e-37
KDOPSr_REV_g.27343.CDS.2258-MONOMER,0.0,-3.410556505015682e-06
KDOPSr_FWD_g.27343.CDS.2258-MONOMER,0.01714945140440253,-1.2964845418732124e-35
Kt1r_REV_g.27343.CDS.1889-MONOMER,0.0,-1.6492056884621913e-06
Kt1r_FWD_g.27343.CDS.1889-MONOMER,0.0,-4.110252272384835e-08
Kt1r_REV_g.27343.CDS.2372-MONOMER,0.0,-1.608103165738343e-06
Kt1r_FWD_g.27343.CDS.2372-MONOMER,1.4979897560782699e-06,8.210833357747851e-41
Kt3_REV_g.27343.CDS.710-MONOMER,0.0,0.003359027869132781
Kt3_FWD_g.27343.CDS.710-MONOMER,0.0,-0.003358790181652912
Kt3_REV_g.27343.CDS.3196-MONOMER,0.0,0.003359211302676063
Kt3_FWD_g.27343.CDS.3196-MONOMER,0.0,-0.00335860674810963
L2A6ODs_REV_CPLX_dummy,0.0,-1.95349389908355e-06
L2A6ODs_FWD_CPLX_dummy,0.0,2.412026397242285e-36
LACLi_REV_g.27343.CDS.1751-MONOMER,0.0,-2.8645760028542645e-06
LACLi_FWD_g.27343.CDS.1751-MONOMER,0.0,-3.1422637528011503e-37
LACZ_REV_g.27343.CDS.1831-MONOMER,0.0,1.9595518686760573e-07
LACZ_FWD_g.27343.CDS.1831-MONOMER,0.0,5.74922399179069e-36
LACZ_REV_g.27343.CDS.1424-MONOMER,0.0,-3.4276256481070526e-07
LACZ_FWD_g.27343.CDS.1424-MONOMER,0.0,-5.38717751678311e-07
LACZ_REV_g.27343.CDS.2652-MONOMER,0.0,-1.5643513396582264e-07
LACZ_FWD_g.27343.CDS.2652-MONOMER,0.0,-3.5239032083342837e-07
LACZ_REV_g.27343.CDS.1043-MONOMER,0.0,-9.526663419261041e-07
LACZ_FWD_g.27343.CDS.1043-MONOMER,0.0,-1.1486215287937097e-06
LACZ_REV_g.27343.CDS.2829-MONOMER,0.0,-1.0507476848570336e-06
LACZ_FWD_g.27343.CDS.2829-MONOMER,0.0,-1.2467028717246392e-06
LACZ_REV_g.27343.CDS.734-MONOMER,0.0,-3.9896434000494587e-07
LACZ_FWD_g.27343.CDS.734-MONOMER,0.0,-5.949195268725516e-07
LACZ_REV_g.27343.CDS.1793-MONOMER_mod_mg2(1),0.0,-3.2822528968914295e-06
LACZ_FWD_g.27343.CDS.1793-MONOMER_mod_mg2(1),0.0,-3.4782080837590353e-06
LACZ_REV_g.27343.CDS.1286-MONOMER,0.0,-5.550466956445785e-07
LACZ_FWD_g.27343.CDS.1286-MONOMER,0.0,-7.510018825121842e-07
LACZ_REV_g.27343.CDS.584-MONOMER,0.0,-1.8690755479068398e-06
LACZ_FWD_g.27343.CDS.584-MONOMER,0.0,-2.0650307347744456e-06
LARGNAT_REV_679935.3.peg.2902-MONOMER_mod_pydx5p(1),0.0,-2.6287034330768974e-06
LARGNAT_FWD_679935.3.peg.2902-MONOMER_mod_pydx5p(1),0.0,-1.1848854248067745e-06
LARGNAT_REV_679935.3.peg.2972-MONOMER,0.0,-1.443818008270123e-06
LARGNAT_FWD_679935.3.peg.2972-MONOMER,0.9517946812077029,9.295762192723918e-36
LARGNAT_REV_679935.3.peg.1983-MONOMER,0.0,-1.52980331537019e-06
LARGNAT_FWD_679935.3.peg.1983-MONOMER,0.0,-8.598530710006706e-08
LARGNAT_REV_679935.3.peg.464-MONOMER,0.0,-2.0828399379909745e-06
LARGNAT_FWD_679935.3.peg.464-MONOMER,0.0,-6.390219297208515e-07
LDH_D_REV_g.27343.CDS.2982-MONOMER,0.0,-7.973211577199309e-35
LDH_D_FWD_g.27343.CDS.2982-MONOMER,0.0,-2.519585340066352e-06
LDH_D2_REV_g.27343.CDS.2982-MONOMER,0.0,0.01175217491016512
LDH_D2_FWD_g.27343.CDS.2982-MONOMER,0.0,-0.011754694495505185
LEUTA_REV_679935.3.peg.1442-MONOMER,0.0,-1.8258677171150523e-06
LEUTA_FWD_679935.3.peg.1442-MONOMER,0.019469551643045396,-2.7569815366891565e-35
LEUt2r_REV_CPLX_dummy,0.0,-1.95349389908355e-06
LEUt2r_FWD_CPLX_dummy,0.1328788860137014,-1.7710886761810974e-37
LGTHL_REV_g.27343.CDS.1092-MONOMER,0.0,-1.1358863654281074e-06
LGTHL_FWD_g.27343.CDS.1092-MONOMER,0.0,-4.8829530047478306e-36
LPADSS_REV_g.27343.CDS.1085-MONOMER,0.0,-2.9586722340119694e-06
LPADSS_FWD_g.27343.CDS.1085-MONOMER,0.00571648380146751,-6.566440584796249e-35
LYSAM_REV_g.27343.CDS.1758-MONOMER,0.0,-2.6478667240000505e-06
LYSAM_FWD_g.27343.CDS.1758-MONOMER,0.0,-9.400562050564949e-37
LYSt3r_REV_g.27343.CDS.992-MONOMER,0.0,-1.1064310926395163e-06
LYSt3r_FWD_g.27343.CDS.992-MONOMER,0.9307240113590817,9.701422914342163e-36
L_AROND_REV_679935.3.peg.242-MONOMER,0.9517946812077029,1.6203048440094106e-35
L_AROND_FWD_679935.3.peg.242-MONOMER,0.0,-2.8534381999895283e-06
M1PD_REV_g.27343.CDS.3043-MONOMER,0.0,-3.1093900865565863e-06
M1PD_FWD_g.27343.CDS.3043-MONOMER,0.14898579,1.2236150948599506e-34
MADGBG_REV_g.27343.CDS.323-MONOMER,0.0,3.0366889173550414e-36
MADGBG_FWD_g.27343.CDS.323-MONOMER,0.0,-3.1240440619427296e-06
MADGBG_REV_g.27343.CDS.1494-MONOMER,0.0,-8.67658347756922e-07
MADGBG_FWD_g.27343.CDS.1494-MONOMER,0.0,-3.991702409699652e-06
MADGBG_REV_g.27343.CDS.1282-MONOMER,0.0,-4.342075695833027e-07
MADGBG_FWD_g.27343.CDS.1282-MONOMER,0.0,-3.5582516315260323e-06
MADGBG_REV_g.27343.CDS.1208-MONOMER,0.0,-2.0481923071099137e-07
MADGBG_FWD_g.27343.CDS.1208-MONOMER,0.0,-3.3288632926537212e-06
MADGBG_REV_g.27343.CDS.1707-MONOMER,0.0,-5.547377541801103e-07
MADGBG_FWD_g.27343.CDS.1707-MONOMER,0.0,-3.67878181612284e-06
MADGBG_REV_g.27343.CDS.1384-MONOMER,0.0,-2.438815759016017e-07
MADGBG_FWD_g.27343.CDS.1384-MONOMER,0.0,-3.3679256378443315e-06
MADGBG_REV_g.27343.CDS.2061-MONOMER,0.0,-7.378539261469395e-07
MADGBG_FWD_g.27343.CDS.2061-MONOMER,0.0,-3.86189798808967e-06
MALCOAPYRCT_REV_g.27343.CDS.2886-MONOMER,0.22791835853342124,-4.882962445421199e-35
MALCOAPYRCT_FWD_g.27343.CDS.2886-MONOMER,0.0,-2.670438686598468e-06
MALT_REV_g.27343.CDS.563-MONOMER,0.0,0.013430996125563794
MALT_FWD_g.27343.CDS.563-MONOMER,0.0,-0.013435159969880697
MALT_REV_g.27343.CDS.1703-MONOMER,0.0,0.013431403697450193
MALT_FWD_g.27343.CDS.1703-MONOMER,0.0,-0.013434752397994298
MALT_REV_g.27343.CDS.194-MONOMER,0.0,0.013432795445308626
MALT_FWD_g.27343.CDS.194-MONOMER,0.0,-0.013433360650135865
MALT_REV_g.27343.CDS.2593-MONOMER,0.0,0.013432412134016003
MALT_FWD_g.27343.CDS.2593-MONOMER,0.0,-0.013433743961428489
MALT_REV_g.27343.CDS.2131-MONOMER,0.0,0.013432415156159162
MALT_FWD_g.27343.CDS.2131-MONOMER,0.0,-0.01343374093928533
MALT_REV_g.27343.CDS.1405-MONOMER,0.0,0.013432883878733998
MALT_FWD_g.27343.CDS.1405-MONOMER,0.0,-0.013433272216710493
MALT_REV_g.27343.CDS.2859-MONOMER,0.0,0.013433421032515028
MALT_FWD_g.27343.CDS.2859-MONOMER,0.0,-0.013432735062929463
MALTpts_REV_CPLX_ACGApts-0,0.0,-4.814011960863741e-06
MALTpts_FWD_CPLX_ACGApts-0,0.0,2.3408735863341336e-36
MAN1PT2_REV_g.27343.CDS.2819-MONOMER,0.0,1.2330199661256102e-06
MAN1PT2_FWD_g.27343.CDS.2819-MONOMER,0.0,2.2982477957452006e-35
MAN6PI_REV_g.27343.CDS.241-MONOMER,0.0,-2.130758426571378e-06
MAN6PI_FWD_g.27343.CDS.241-MONOMER,0.14898579,1.676405192266077e-36
MAN6PI_REV_g.27343.CDS.2228-MONOMER,0.0,-2.1543908225113966e-06
MAN6PI_FWD_g.27343.CDS.2228-MONOMER,0.0,-2.3632395940018298e-08
MANA4_REV_g.27343.CDS.1473-MONOMER,0.0,-2.2300542656867274e-07
MANA4_FWD_g.27343.CDS.1473-MONOMER,0.0,3.785201741286299e-36
MANTRabc_REV_CPLX_dummy,0.0,-1.95349389908355e-06
MANTRabc_FWD_CPLX_dummy,0.0,-4.941321459054304e-36
MANpts_REV_CPLX_ACGApts-0,0.0,-4.814011960863741e-06
MANpts_FWD_CPLX_ACGApts-0,0.14898579,-1.1919997407198867e-36
MBDGBG_REV_g.27343.CDS.323-MONOMER,0.0,3.0366889173550414e-36
MBDGBG_FWD_g.27343.CDS.323-MONOMER,0.0,-3.1240440619427296e-06
MBDGBG_REV_g.27343.CDS.1494-MONOMER,0.0,-8.67658347756922e-07
MBDGBG_FWD_g.27343.CDS.1494-MONOMER,0.0,-3.991702409699652e-06
MBDGBG_REV_g.27343.CDS.1282-MONOMER,0.0,-4.342075695833027e-07
MBDGBG_FWD_g.27343.CDS.1282-MONOMER,0.0,-3.5582516315260323e-06
MBDGBG_REV_g.27343.CDS.1208-MONOMER,0.0,-2.0481923071099137e-07
MBDGBG_FWD_g.27343.CDS.1208-MONOMER,0.0,-3.3288632926537212e-06
MBDGBG_REV_g.27343.CDS.1707-MONOMER,0.0,-5.547377541801103e-07
MBDGBG_FWD_g.27343.CDS.1707-MONOMER,0.0,-3.67878181612284e-06
MBDGBG_REV_g.27343.CDS.1384-MONOMER,0.0,-2.438815759016017e-07
MBDGBG_FWD_g.27343.CDS.1384-MONOMER,0.0,-3.3679256378443315e-06
MBDGBG_REV_g.27343.CDS.2061-MONOMER,0.0,-7.378539261469395e-07
MBDGBG_FWD_g.27343.CDS.2061-MONOMER,0.0,-3.86189798808967e-06
MCOATA_REV_g.27343.CDS.2211-MONOMER,0.0,-2.4746403081795342e-06
MCOATA_FWD_g.27343.CDS.2211-MONOMER,0.22791835853342124,-2.014427688361612e-35
MDH_REV_679935.3.peg.1101-MONOMER,2.0810531250966715,-7.6908356407710126e-34
MDH_FWD_679935.3.peg.1101-MONOMER,0.0,-2.541093335448848e-06
MDH_REV_679935.3.peg.865-MONOMER,0.0,-6.540421935651739e-08
MDH_FWD_679935.3.peg.865-MONOMER,0.0,-2.6064975548053655e-06
ME2_REV_g.27343.CDS.2908-MONOMER_mod_mn2(1),0.0,0.013429653150273354
ME2_FWD_g.27343.CDS.2908-MONOMER_mod_mn2(1),0.0,-0.013434456830357148
ME2_REV_g.27343.CDS.2908-MONOMER_mod_mg2(1),0.0,0.013429650240433598
ME2_FWD_g.27343.CDS.2908-MONOMER_mod_mg2(1),0.0,-0.013434459740196903
MECDPDH2_REV_g.27343.CDS.1420-MONOMER_mod_mn2(1),0.0,-3.9504873119846054e-06
MECDPDH2_FWD_g.27343.CDS.1420-MONOMER_mod_mn2(1),0.0628813218161426,-9.491349184378463e-35
MECDPS_REV_g.27343.CDS.2374-MONOMER_mod_mn2(1),0.0,-4.494569432715386e-06
MECDPS_FWD_g.27343.CDS.2374-MONOMER_mod_mn2(1),0.0628813218161426,3.461744518987068e-36
MEPCT_REV_g.27343.CDS.2106-MONOMER_mod_mn2(1),0.0,-3.980539329354848e-06
MEPCT_FWD_g.27343.CDS.2106-MONOMER_mod_mn2(1),0.0,-4.163845689575424e-09
MEPCT_REV_g.27343.CDS.2106-MONOMER_mod_mg2(1),0.0,-3.990990199847713e-06
MEPCT_FWD_g.27343.CDS.2106-MONOMER_mod_mg2(1),0.0,-1.461471618244105e-08
MEPCT_REV_g.27343.CDS.2106-MONOMER_mod_cobalt2(1),0.0,-3.976375483665272e-06
MEPCT_FWD_g.27343.CDS.2106-MONOMER_mod_cobalt2(1),0.0628813218161426,6.310125852136743e-36
METALA1c_REV_g.27343.CDS.2053-MONOMER,0.0,-1.5228282060245139e-07
METALA1c_FWD_g.27343.CDS.2053-MONOMER,0.0,-2.7161639439806305e-06
METALA1c_REV_g.27343.CDS.1237-MONOMER_mod_fe2(2),2.3619085899165866e-23,-6.485913343357586e-36
METALA1c_FWD_g.27343.CDS.1237-MONOMER_mod_fe2(2),0.0,-2.563881123378179e-06
METALA1c_REV_g.27343.CDS.2567-MONOMER,0.0,-6.296343692244927e-07
METALA1c_FWD_g.27343.CDS.2567-MONOMER,0.0,-3.193515492602672e-06
METALAabc_REV_g.27343.CDS.1266-MONOMER,0.0,0.004624407701155556
METALAabc_FWD_g.27343.CDS.1266-MONOMER,0.0,-0.004625927014627126
METAT_REV_g.27343.CDS.338-MONOMER_mod_cs(4)_mod_cobalt2(1),0.0,-5.157863369745495e-06
METAT_FWD_g.27343.CDS.338-MONOMER_mod_cs(4)_mod_cobalt2(1),0.0,-1.9458735707080116e-09
METAT_REV_g.27343.CDS.338-MONOMER_mod_k(4)_mod_mn2(1),0.0,-5.1594177468675785e-06
METAT_FWD_g.27343.CDS.338-MONOMER_mod_k(4)_mod_mn2(1),0.0,-3.5002506927918654e-09
METAT_REV_g.27343.CDS.338-MONOMER_mod_nh4(4)_mod_mn2(1),0.0,-5.172662971269038e-06
METAT_FWD_g.27343.CDS.338-MONOMER_mod_nh4(4)_mod_mn2(1),0.0,-1.674547509425166e-08
METAT_REV_g.27343.CDS.338-MONOMER_mod_cs(4)_mod_zn2(1),0.0,-5.15591759137016e-06
METAT_FWD_g.27343.CDS.338-MONOMER_mod_cs(4)_mod_zn2(1),0.0,-9.51953734819461e-14
METAT_REV_g.27343.CDS.338-MONOMER_mod_tl(4)_mod_ni2(1),0.0,-5.1671353283570035e-06
METAT_FWD_g.27343.CDS.338-MONOMER_mod_tl(4)_mod_ni2(1),0.0,-1.1217832182216905e-08
METAT_REV_g.27343.CDS.338-MONOMER_mod_tl(4)_mod_zn2(1),0.0,-5.15591759137016e-06
METAT_FWD_g.27343.CDS.338-MONOMER_mod_tl(4)_mod_zn2(1),0.0,-9.51953734819461e-14
METAT_REV_g.27343.CDS.338-MONOMER_mod_k(4)_mod_mg2(1),0.0,-5.163306237238979e-06
METAT_FWD_g.27343.CDS.338-MONOMER_mod_k(4)_mod_mg2(1),0.0,-7.388741064192208e-09
METAT_REV_g.27343.CDS.338-MONOMER_mod_k(4)_mod_cobalt2(1),0.0,-5.157862080506372e-06
METAT_FWD_g.27343.CDS.338-MONOMER_mod_k(4)_mod_cobalt2(1),0.0,-1.944584331585609e-09
METAT_REV_g.27343.CDS.338-MONOMER_mod_na1(4)_mod_zn2(1),0.0,-5.162335803770026e-06
METAT_FWD_g.27343.CDS.338-MONOMER_mod_na1(4)_mod_zn2(1),0.0,-6.418307595239088e-09
METAT_REV_g.27343.CDS.338-MONOMER_mod_tl(4)_mod_ca2(1),0.0,-5.15990167961101e-06
METAT_FWD_g.27343.CDS.338-MONOMER_mod_tl(4)_mod_ca2(1),0.0,-3.984183436223148e-09
METAT_REV_g.27343.CDS.338-MONOMER_mod_na1(4)_mod_cobalt2(1),0.0,-5.16428104117555e-06
METAT_FWD_g.27343.CDS.338-MONOMER_mod_na1(4)_mod_cobalt2(1),0.0,-8.363545000763453e-09
METAT_REV_g.27343.CDS.338-MONOMER_mod_k(4)_mod_ca2(1),0.0,-5.1598991148592365e-06
METAT_FWD_g.27343.CDS.338-MONOMER_mod_k(4)_mod_ca2(1),0.0,-3.9816186844501656e-09
METAT_REV_g.27343.CDS.338-MONOMER_mod_k(4)_mod_cd2(1),0.0,-5.155917496174787e-06
METAT_FWD_g.27343.CDS.338-MONOMER_mod_k(4)_mod_cd2(1),0.0,-4.5493102154541964e-36
METAT_REV_g.27343.CDS.338-MONOMER_mod_tl(4)_mod_cd2(1),0.0,-5.155917496174787e-06
METAT_FWD_g.27343.CDS.338-MONOMER_mod_tl(4)_mod_cd2(1),0.0,-1.1481852473406647e-35
METAT_REV_g.27343.CDS.338-MONOMER_mod_na1(4)_mod_cd2(1),0.0,-5.1623345938865565e-06
METAT_FWD_g.27343.CDS.338-MONOMER_mod_na1(4)_mod_cd2(1),0.0,-6.4170977117699995e-09
METAT_REV_g.27343.CDS.338-MONOMER_mod_na1(4)_mod_mn2(1),0.0,-5.1658371994953725e-06
METAT_FWD_g.27343.CDS.338-MONOMER_mod_na1(4)_mod_mn2(1),0.0,-9.919703320585662e-09
METAT_REV_g.27343.CDS.338-MONOMER_mod_k(4)_mod_ni2(1),0.0,-5.1671282903193195e-06
METAT_FWD_g.27343.CDS.338-MONOMER_mod_k(4)_mod_ni2(1),0.0,-1.121079414453261e-08
METAT_REV_g.27343.CDS.338-MONOMER_mod_nh4(4)_mod_ca2(1),0.0,-5.1731452770613e-06
METAT_FWD_g.27343.CDS.338-MONOMER_mod_nh4(4)_mod_ca2(1),0.0,-1.72277808865136e-08
METAT_REV_g.27343.CDS.338-MONOMER_mod_tl(4)_mod_mn2(1),0.0,-5.159419988983662e-06
METAT_FWD_g.27343.CDS.338-MONOMER_mod_tl(4)_mod_mn2(1),0.0,-3.502492808875368e-09
METAT_REV_g.27343.CDS.338-MONOMER_mod_na1(4)_mod_ca2(1),0.0,-5.166319070615992e-06
METAT_FWD_g.27343.CDS.338-MONOMER_mod_na1(4)_mod_ca2(1),0.0,-1.0401574441204867e-08
METAT_REV_g.27343.CDS.338-MONOMER_mod_cs(4)_mod_cd2(1),0.0,-5.155917496174787e-06
METAT_FWD_g.27343.CDS.338-MONOMER_mod_cs(4)_mod_cd2(1),0.0,-1.1481852473406647e-35
METAT_REV_g.27343.CDS.338-MONOMER_mod_tl(4)_mod_mg2(1),0.0,-5.163310903635914e-06
METAT_FWD_g.27343.CDS.338-MONOMER_mod_tl(4)_mod_mg2(1),0.0,-7.3934074611270024e-09
METAT_REV_g.27343.CDS.338-MONOMER_mod_cs(4)_mod_mg2(1),0.0,-5.163310903635914e-06
METAT_FWD_g.27343.CDS.338-MONOMER_mod_cs(4)_mod_mg2(1),0.0,-7.3934074611270024e-09
METAT_REV_g.27343.CDS.338-MONOMER_mod_nh4(4)_mod_cobalt2(1),0.0,-5.1711065864146085e-06
METAT_FWD_g.27343.CDS.338-MONOMER_mod_nh4(4)_mod_cobalt2(1),0.0,-1.5189090239821934e-08
METAT_REV_g.27343.CDS.338-MONOMER_mod_cs(4)_mod_ni2(1),0.0,-5.1671353283570035e-06
METAT_FWD_g.27343.CDS.338-MONOMER_mod_cs(4)_mod_ni2(1),0.0,-1.1217832182216905e-08
METAT_REV_g.27343.CDS.338-MONOMER_mod_nh4(4)_mod_ni2(1),0.0,-5.180378922458633e-06
METAT_FWD_g.27343.CDS.338-MONOMER_mod_nh4(4)_mod_ni2(1),0.0,-2.4461426283845598e-08
METAT_REV_g.27343.CDS.338-MONOMER_mod_nh4(4)_mod_zn2(1),0.0,-5.169161026207325e-06
METAT_FWD_g.27343.CDS.338-MONOMER_mod_nh4(4)_mod_zn2(1),0.0,-1.3243530032538711e-08
METAT_REV_g.27343.CDS.338-MONOMER_mod_tl(4)_mod_cobalt2(1),0.0,-5.157863369745495e-06
METAT_FWD_g.27343.CDS.338-MONOMER_mod_tl(4)_mod_cobalt2(1),0.0,-1.9458735707080116e-09
METAT_REV_g.27343.CDS.338-MONOMER_mod_k(4)_mod_zn2(1),0.0,-5.155917496174787e-06
METAT_FWD_g.27343.CDS.338-MONOMER_mod_k(4)_mod_zn2(1),0.0008582743408681085,-6.114427095006545e-36
METAT_REV_g.27343.CDS.338-MONOMER_mod_na1(4)_mod_mg2(1),0.0,-5.169727451574581e-06
METAT_FWD_g.27343.CDS.338-MONOMER_mod_na1(4)_mod_mg2(1),0.0,-1.3809955399794333e-08
METAT_REV_g.27343.CDS.338-MONOMER_mod_na1(4)_mod_ni2(1),0.0,-5.173551087151464e-06
METAT_FWD_g.27343.CDS.338-MONOMER_mod_na1(4)_mod_ni2(1),0.0,-1.7633590976677063e-08
METAT_REV_g.27343.CDS.338-MONOMER_mod_cs(4)_mod_mn2(1),0.0,-5.159419988983662e-06
METAT_FWD_g.27343.CDS.338-MONOMER_mod_cs(4)_mod_mn2(1),0.0,-3.502492808875368e-09
METAT_REV_g.27343.CDS.338-MONOMER_mod_nh4(4)_mod_mg2(1),0.0,-5.1765543422255804e-06
METAT_FWD_g.27343.CDS.338-MONOMER_mod_nh4(4)_mod_mg2(1),0.0,-2.0636846050793666e-08
METAT_REV_g.27343.CDS.338-MONOMER_mod_nh4(4)_mod_cd2(1),0.0,-5.169158559107117e-06
METAT_FWD_g.27343.CDS.338-MONOMER_mod_nh4(4)_mod_cd2(1),0.0,-1.3241062932330395e-08
METAT_REV_g.27343.CDS.338-MONOMER_mod_cs(4)_mod_ca2(1),0.0,-5.15990167961101e-06
METAT_FWD_g.27343.CDS.338-MONOMER_mod_cs(4)_mod_ca2(1),0.0,-3.984183436223148e-09
METFR_REV_g.27343.CDS.793-MONOMER_mod_fad(1),0.0,-1.3323991939677748e-06
METFR_FWD_g.27343.CDS.793-MONOMER_mod_fad(1),0.0,-1.8683030696555605e-06
METS_REV_679935.3.peg.393-MONOMER,0.0,-4.631157119415458e-06
METS_FWD_679935.3.peg.393-MONOMER,0.00015054205942217894,3.534079415117269e-35
METSOXR1r_REV_g.27343.CDS.3155-MONOMER,0.0,-8.6627151005364e-07
METSOXR1r_FWD_g.27343.CDS.3155-MONOMER,0.0,4.998216162121535e-36
METt2r_REV_CPLX_dummy,0.0,-1.95349389908355e-06
METt2r_FWD_CPLX_dummy,0.03649569671013508,1.9351415336865521e-38
MEVK1c_REV_g.27343.CDS.2157-MONOMER,0.0,-6.10146839112224e-07
MEVK1c_FWD_g.27343.CDS.2157-MONOMER,0.0,-5.050480029913254e-07
MEVK1c_REV_g.27343.CDS.2996-MONOMER,0.0,-1.0509883612089858e-07
MEVK1c_FWD_g.27343.CDS.2996-MONOMER,0.0,4.585962126924438e-37
MG2abc_REV_CPLX_dummy,0.0,0.01343241989523991
MG2abc_FWD_CPLX_dummy,0.0,-0.013434373389138991
MGSA_REV_g.27343.CDS.2870-MONOMER,0.0,0.026855981540303397
MGSA_FWD_g.27343.CDS.2870-MONOMER,0.0,-0.02685774921170376
MGt5_REV_g.27343.CDS.1288-MONOMER,0.0018456796269184944,0.0
MGt5_FWD_g.27343.CDS.1288-MONOMER,0.0,0.0
MI1PP_REV_g.27343.CDS.3189-MONOMER_mod_mg2(1),0.0,-8.55134739396122e-07
MI1PP_FWD_g.27343.CDS.3189-MONOMER_mod_mg2(1),0.0,-4.919585143242787e-37
MI3PP_REV_g.27343.CDS.3189-MONOMER_mod_mg2(1),0.0,-8.55134739396122e-07
MI3PP_FWD_g.27343.CDS.3189-MONOMER_mod_mg2(1),0.0,-4.919585143242787e-37
MI4PP_REV_g.27343.CDS.3189-MONOMER_mod_mg2(1),0.0,-8.55134739396122e-07
MI4PP_FWD_g.27343.CDS.3189-MONOMER_mod_mg2(1),0.0,-4.919585143242787e-37
MICITDr_REV_g.27343.CDS.2571-MONOMER,0.0,4.775980232555198e-40
MICITDr_FWD_g.27343.CDS.2571-MONOMER,0.0,-4.945470607525612e-06
MK8t_REV_CPLX_dummy,0.0007077322814459296,-1.807291558443658e-40
MK8t_FWD_CPLX_dummy,0.0,-1.95349389908355e-06
MLTP4_REV_g.27343.CDS.1571-MONOMER,0.0,-1.1226020735250377e-06
MLTP4_FWD_g.27343.CDS.1571-MONOMER,0.0,-3.4688790312231803e-06
MMCD_REV_g.27343.CDS.2513-MONOMER,0.0,0.013430646553684727
MMCD_FWD_g.27343.CDS.2513-MONOMER,0.0,-0.013430916693311663
MME_REV_g.27343.CDS.2790-MONOMER,0.0,2.6958170294723814e-35
MME_FWD_g.27343.CDS.2790-MONOMER,0.0,-4.2806382047434086e-07
MMM2r_REV_g.27343.CDS.2000-MONOMER,0.0,-3.6396836299960353e-35
MMM2r_FWD_g.27343.CDS.2000-MONOMER,0.0,-2.2452041470500753e-06
MMM2r_REV_g.27343.CDS.2380-MONOMER_mod_adocbl(1),0.0,-4.4464951391891183e-07
MMM2r_FWD_g.27343.CDS.2380-MONOMER_mod_adocbl(1),0.0,-2.689853660968987e-06
MMSAD5_REV_g.27343.CDS.442-MONOMER,0.0,-2.301824931617777e-06
MMSAD5_FWD_g.27343.CDS.442-MONOMER,0.0,4.084937838503272e-35
MNLpts_REV_CPLX_MNLpts-0,0.0,-7.147030235275572e-06
MNLpts_FWD_CPLX_MNLpts-0,0.14898579,2.3855851003770187e-36
MNt2_REV_CPLX_dummy,0.0,-1.95349389908355e-06
MNt2_FWD_CPLX_dummy,6.842536747920078e-06,-4.9505970951079755e-37
MOAT_REV_g.27343.CDS.276-MONOMER,0.0,-1.568243856614898e-06
MOAT_FWD_g.27343.CDS.276-MONOMER,0.00571648380146751,6.770249240270584e-35
MOAT3C_REV_CPLX_dummy,0.0,-1.95349389908355e-06
MOAT3C_FWD_CPLX_dummy,0.00571648380146751,-2.0837942700824904e-36
MOHMT_REV_679935.3.peg.2598-MONOMER_mod_mg2(1),0.0,-5.290944530316842e-06
MOHMT_FWD_679935.3.peg.2598-MONOMER_mod_mg2(1),0.000708449010559177,-6.841029447840749e-36
MTHFC_REV_g.27343.CDS.2223-MONOMER,1.4240869298668628,-6.523648939358975e-38
MTHFC_FWD_g.27343.CDS.2223-MONOMER,0.0,-3.1182401986760297e-06
MTHFD_REV_g.27343.CDS.2223-MONOMER,0.0,-1.9147723437640144e-06
MTHFD_FWD_g.27343.CDS.2223-MONOMER,0.0,-1.203467854912015e-06
MTHFD2_REV_CPLX_dummy,1.5583088755886023,4.1474352755206766e-35
MTHFD2_FWD_CPLX_dummy,0.0,-1.95349389908355e-06
MTI_REV_g.27343.CDS.2000-MONOMER,0.0,4.7221318555793506e-36
MTI_FWD_g.27343.CDS.2000-MONOMER,0.0,-2.2452041470500753e-06
MTI_REV_g.27343.CDS.2380-MONOMER_mod_adocbl(1),0.0,-4.4464951391891183e-07
MTI_FWD_g.27343.CDS.2380-MONOMER_mod_adocbl(1),0.0,-2.689853660968987e-06
NACt2r_REV_CPLX_dummy,0.0,1.8416300980540876e-37
NACt2r_FWD_CPLX_dummy,0.0,-1.95349389908355e-06
NADH6_REV_CPLX_NADH6-0,0.0,-2.3849963396017153e-06
NADH6_FWD_CPLX_NADH6-0,2.143920508994569,-6.776375426499244e-34
NADK_REV_g.27343.CDS.1702-MONOMER_mod_mg2(1),0.0,-4.261580982229181e-06
NADK_FWD_g.27343.CDS.1702-MONOMER_mod_mg2(1),3.827742745462477e-08,-1.3073137255461912e-35
NADK2_REV_g.27343.CDS.1702-MONOMER_mod_mg2(1),0.0,-3.2848340326874054e-06
NADK2_FWD_g.27343.CDS.1702-MONOMER_mod_mg2(1),0.0,-9.76746949541775e-07
NADN_REV_CPLX_dummy,0.0,0.04030110980868492
NADN_FWD_CPLX_dummy,0.0,-0.040303063302584
NADS1_REV_679935.3.peg.2265-MONOMER,0.0,-2.379499865522713e-06
NADS1_FWD_679935.3.peg.2265-MONOMER,0.0,-1.6302329274023362e-06
NADS1_REV_679935.3.peg.144-MONOMER,0.0,-1.6633129406928943e-06
NADS1_FWD_679935.3.peg.144-MONOMER,0.0,-9.140460025725176e-07
NADS2_REV_g.27343.CDS.2196-MONOMER,0.0,-3.2935458680952305e-06
NADS2_FWD_g.27343.CDS.2196-MONOMER,0.0,-7.161869248298186e-07
NADS2_REV_g.27343.CDS.913-MONOMER,0.0,-2.5773589432654118e-06
NADS2_FWD_g.27343.CDS.913-MONOMER,0.0007078088363008388,1.212195787743713e-34
NAt3_1_REV_g.27343.CDS.2686-MONOMER,0.0,-2.123952731962626e-06
NAt3_1_FWD_g.27343.CDS.2686-MONOMER,0.0,-5.333251434036624e-37
NAt3_1_REV_g.27343.CDS.2248-MONOMER,0.0,-2.297373700412416e-06
NAt3_1_FWD_g.27343.CDS.2248-MONOMER,0.0,-1.7342096844978992e-07
NDPK1_REV_CPLX_dummy,0.0,-1.95349389908355e-06
NDPK1_FWD_CPLX_dummy,2.4522534741755515,4.070358581308981e-36
NDPK2_REV_CPLX_dummy,0.0,-1.95349389908355e-06
NDPK2_FWD_CPLX_dummy,1.0478290932981162,-4.147303425295851e-36
NDPK3_REV_CPLX_dummy,0.0,-1.95349389908355e-06
NDPK3_FWD_CPLX_dummy,0.11890642495609006,1.0001019352817009e-35
NDPK4_REV_CPLX_dummy,0.0,-1.95349389908355e-06
NDPK4_FWD_CPLX_dummy,0.014916922112647507,2.041549877621506e-36
NDPK5_REV_CPLX_dummy,0.0,-1.95349389908355e-06
NDPK5_FWD_CPLX_dummy,0.012435062542366367,-3.024524063302501e-36
NDPK6_REV_CPLX_dummy,0.0,-9.76746949541775e-07
NDPK6_FWD_CPLX_dummy,0.0,-9.76746949541775e-07
NDPK7_REV_CPLX_dummy,0.0,-1.95349389908355e-06
NDPK7_FWD_CPLX_dummy,0.012435062542366367,-3.024524063302501e-36
NDPK8_REV_CPLX_dummy,0.0,-9.76746949541775e-07
NDPK8_FWD_CPLX_dummy,0.0,-9.76746949541775e-07
NDPK9_REV_CPLX_dummy,0.0,-9.76746949541775e-07
NDPK9_FWD_CPLX_dummy,0.0,-9.76746949541775e-07
NEU23_REV_g.27343.CDS.323-MONOMER,0.0,-3.1240440619427296e-06
NEU23_FWD_g.27343.CDS.323-MONOMER,0.0,0.0
NEU23_REV_g.27343.CDS.1494-MONOMER,0.0,-3.991702409699652e-06
NEU23_FWD_g.27343.CDS.1494-MONOMER,0.0,-8.67658347756922e-07
NEU23_REV_g.27343.CDS.1282-MONOMER,0.0,-3.5582516315260323e-06
NEU23_FWD_g.27343.CDS.1282-MONOMER,0.0,-4.342075695833027e-07
NEU23_REV_g.27343.CDS.1208-MONOMER,0.0,-3.3288632926537212e-06
NEU23_FWD_g.27343.CDS.1208-MONOMER,0.0,-2.0481923071099137e-07
NEU23_REV_g.27343.CDS.1707-MONOMER,0.0,-3.67878181612284e-06
NEU23_FWD_g.27343.CDS.1707-MONOMER,0.0,-5.547377541801103e-07
NEU23_REV_g.27343.CDS.1384-MONOMER,0.0,-3.3679256378443315e-06
NEU23_FWD_g.27343.CDS.1384-MONOMER,0.0,-2.438815759016017e-07
NEU23_REV_g.27343.CDS.2061-MONOMER,0.0,-3.86189798808967e-06
NEU23_FWD_g.27343.CDS.2061-MONOMER,0.0,-7.378539261469395e-07
NH4tb_REV_CPLX_dummy,3.1607924602426536,1.4672680383745896e-40
NH4tb_FWD_CPLX_dummy,0.0,-1.95349389908355e-06
NMNAT_REV_g.27343.CDS.2975-MONOMER,0.0,6.356916647936111e-07
NMNAT_FWD_g.27343.CDS.2975-MONOMER,0.0,4.369805030504233e-35
NMNPH_REV_g.27343.CDS.3162-MONOMER,0.0,-2.616825591414813e-07
NMNPH_FWD_g.27343.CDS.3162-MONOMER,0.0,-3.7492227637365426e-07
NMNPH_REV_g.27343.CDS.2288-MONOMER,0.0,1.13239717232173e-07
NMNPH_FWD_g.27343.CDS.2288-MONOMER,0.0,2.1749141145517414e-35
NNAM_REV_CPLX_dummy,0.0,0.11122275077225183
NNAM_FWD_CPLX_dummy,0.0,-0.1112247042661509
NNATr_REV_679935.3.peg.3198-MONOMER_mod_mg2(1),0.0,-1.4833239895140786e-06
NNATr_FWD_679935.3.peg.3198-MONOMER_mod_mg2(1),0.0007078088363008388,1.0855256853069096e-35
NNDMBRT_REV_CPLX_dummy,0.0,-1.95349389908355e-06
NNDMBRT_FWD_CPLX_dummy,0.0,-1.522500137611149e-35
NNDPR_REV_679935.3.peg.2254-MONOMER_mod_mg2(1),0.0,-2.7684861417427736e-06
NNDPR_FWD_679935.3.peg.2254-MONOMER_mod_mg2(1),0.0007078088363008388,2.2037402916704336e-35
NO3R1_REV_g.27343.CDS.2994-MONOMER,0.0,-2.5829053317322977e-07
NO3R1_FWD_g.27343.CDS.2994-MONOMER,0.0,8.56884732052339e-36
NP1_r_REV_g.27343.CDS.2373-MONOMER,0.0,8.023946507679443e-37
NP1_r_FWD_g.27343.CDS.2373-MONOMER,0.0,-2.8668707258925877e-06
NP1_r_REV_g.27343.CDS.3148-MONOMER,0.0,-3.445535774793533e-07
NP1_r_FWD_g.27343.CDS.3148-MONOMER,0.0,-3.211424303371941e-06
NT5C_REV_g.27343.CDS.1508-MONOMER,0.0,0.09778761250981086
NT5C_FWD_g.27343.CDS.1508-MONOMER,0.0,-0.09779195440776739
NTD1_REV_g.27343.CDS.1553-MONOMER_mod_cobalt2(1),0.0,0.013429455892662997
NTD1_FWD_g.27343.CDS.1553-MONOMER_mod_cobalt2(1),0.0,-0.013432316954083728
NTD1_REV_g.27343.CDS.1508-MONOMER,0.0,0.013428715474395097
NTD1_FWD_g.27343.CDS.1508-MONOMER,0.0,-0.013433057372351629
NTD10_REV_g.27343.CDS.1508-MONOMER,0.0,0.026867183778947704
NTD10_FWD_g.27343.CDS.1508-MONOMER,0.0,-0.026871525676904234
NTD11_REV_g.27343.CDS.1508-MONOMER,0.0,0.026867350241818595
NTD11_FWD_g.27343.CDS.1508-MONOMER,0.0,-0.026871692139775125
NTD2_REV_g.27343.CDS.1508-MONOMER,0.0,0.013431687395898865
NTD2_FWD_g.27343.CDS.1508-MONOMER,0.0,-0.013436029293855397
NTD3_REV_g.27343.CDS.1508-MONOMER,0.0,0.013430248946261642
NTD3_FWD_g.27343.CDS.1508-MONOMER,0.0,-0.013434590844218174
NTD4_REV_g.27343.CDS.1508-MONOMER,0.0,0.013431687395898865
NTD4_FWD_g.27343.CDS.1508-MONOMER,0.0,-0.013436029293855397
NTD5_REV_g.27343.CDS.1508-MONOMER,0.0,0.0008449434356469428
NTD5_FWD_g.27343.CDS.1508-MONOMER,0.0,-0.0008492853336034745
NTD5_a_REV_g.27343.CDS.1508-MONOMER,0.0,0.0134312823130698
NTD5_a_FWD_g.27343.CDS.1508-MONOMER,0.0,-0.013435624211026332
NTD6_REV_g.27343.CDS.1508-MONOMER,0.0,0.012449477204932325
NTD6_FWD_g.27343.CDS.1508-MONOMER,0.0,-0.012453819102888857
NTD7_REV_g.27343.CDS.1508-MONOMER,0.0,0.013432635080779094
NTD7_FWD_g.27343.CDS.1508-MONOMER,0.0,-0.013436976978735625
NTD8_REV_g.27343.CDS.1508-MONOMER,0.0,0.01343142439516365
NTD8_FWD_g.27343.CDS.1508-MONOMER,0.0,-0.013435766293120181
NTD9_REV_g.27343.CDS.1508-MONOMER,0.0,0.026870217112544486
NTD9_FWD_g.27343.CDS.1508-MONOMER,0.0,-0.02687455901050102
NTPP7_REV_CPLX_dummy,0.0,0.02686900343796369
NTPP7_FWD_CPLX_dummy,0.0,-0.026870956931862772
O2t_REV_CPLX_dummy,0.0,3.430020568221368e-36
O2t_FWD_CPLX_dummy,0.0,-1.95349389908355e-06
OAACLi_REV_g.27343.CDS.316-MONOMER,0.0,0.013432121217915077
OAACLi_FWD_g.27343.CDS.316-MONOMER,0.0,-0.013436331846226848
OAADC_REV_g.27343.CDS.2074-MONOMER,0.0,0.013431087335546365
OAADC_FWD_g.27343.CDS.2074-MONOMER,0.0,-0.013433146350136625
OAADC_REV_g.27343.CDS.2246-MONOMER,0.0,0.013432286537368436
OAADC_FWD_g.27343.CDS.2246-MONOMER,0.0,-0.013431947148314553
OAASr_REV_g.27343.CDS.1331-MONOMER,0.0,-5.621128757528413e-35
OAASr_FWD_g.27343.CDS.1331-MONOMER,0.0,-6.695500351292954e-07
OBTFL_REV_g.27343.CDS.1520-MONOMER_mod_glycyl(1),0.0,-0.005847187520127516
OBTFL_FWD_g.27343.CDS.1520-MONOMER_mod_glycyl(1),0.0,2.2682883075126117e-35
OCDCAt2_REV_g.27343.CDS.2168-MONOMER,0.0,-2.889525670059603e-06
OCDCAt2_FWD_g.27343.CDS.2168-MONOMER,0.01946957065987057,3.1269801974619312e-37
OCDCEAtr_REV_CPLX_dummy,0.0,-1.807291558443658e-40
OCDCEAtr_FWD_CPLX_dummy,0.0,-1.95349389908355e-06
OHPBAT_REV_679935.3.peg.1076-MONOMER,0.0,-4.7195318986343515e-35
OHPBAT_FWD_679935.3.peg.1076-MONOMER,0.0,-1.1439385717961466e-06
OHPHM_REV_CPLX_dummy,0.0,-1.95349389908355e-06
OHPHM_FWD_CPLX_dummy,0.0,-4.926754128969447e-35
OIVD1r_REV_CPLX_dummy,0.0,-1.95349389908355e-06
OIVD1r_FWD_CPLX_dummy,0.019469551643045396,6.718941868202489e-35
OIVD2_REV_CPLX_dummy,0.0,-1.95349389908355e-06
OIVD2_FWD_CPLX_dummy,0.0,4.1474352755206766e-35
OIVD3_REV_CPLX_dummy,0.0,-1.95349389908355e-06
OIVD3_FWD_CPLX_dummy,0.019469551643045396,-1.3767516049946126e-32
OMBZLM_REV_CPLX_dummy,0.0,-1.95349389908355e-06
OMBZLM_FWD_CPLX_dummy,0.0,7.069535480036486e-36
OMCDC_REV_g.27343.CDS.1489-MONOMER_mod_mg2(1)_mod_mn2(1),0.0,0.020554865138241646
OMCDC_FWD_g.27343.CDS.1489-MONOMER_mod_mg2(1)_mod_mn2(1),0.0,-0.020559068132287278
OMMBLHX3_REV_CPLX_dummy,0.0,-1.95349389908355e-06
OMMBLHX3_FWD_CPLX_dummy,0.0,8.727931393735155e-35
OMPDC_REV_679935.3.peg.2227-MONOMER,0.0,1.0224627395440029e-07
OMPDC_FWD_679935.3.peg.2227-MONOMER,0.0,-2.9093009933353238e-36
OMPHHX3_REV_CPLX_dummy,0.0,0.5735140313738134
OMPHHX3_FWD_CPLX_dummy,0.0,-0.5735159848677125
OOR2r_REV_CPLX_dummy,0.0,-1.95349389908355e-06
OOR2r_FWD_CPLX_dummy,0.0,-2.0006678865662353e-33
OPAHir_REV_g.27343.CDS.2102-MONOMER_mod_mn2(2),0.0,-1.7572603658022812e-06
OPAHir_FWD_g.27343.CDS.2102-MONOMER_mod_mn2(2),0.0,-4.645540845452344e-35
OPHBDC_REV_CPLX_dummy,0.0,-1.95349389908355e-06
OPHBDC_FWD_CPLX_dummy,0.0,-2.9227626821682317e-35
OPHHX3_REV_CPLX_dummy,0.0,-1.95349389908355e-06
OPHHX3_FWD_CPLX_dummy,0.0,4.987203687664415e-34
ORNDC_REV_g.27343.CDS.3064-MONOMER_mod_pydx5p(1),0.0,-3.117277892685416e-06
ORNDC_FWD_g.27343.CDS.3064-MONOMER_mod_pydx5p(1),0.0007077322814459296,-1.12499943775482e-37
ORNTAC_REV_679935.3.peg.3021-MONOMER,0.0,-1.866240532738868e-06
ORNTAC_FWD_679935.3.peg.3021-MONOMER,0.3114259755899027,1.926008988643567e-34
ORNTAC_REV_679935.3.peg.1638-MONOMER,0.0,-3.101054847571898e-06
ORNTAC_FWD_679935.3.peg.1638-MONOMER,0.0,-1.23481431483303e-06
ORNt2r_REV_CPLX_dummy,0.2471430505742583,-1.859703013638524e-37
ORNt2r_FWD_CPLX_dummy,0.0,-1.95349389908355e-06
OROTPT_REV_679935.3.peg.2229-MONOMER,0.0,-7.709424297855875e-08
OROTPT_FWD_679935.3.peg.2229-MONOMER,0.0,-6.076358427689795e-36
OXAMTC_REV_g.27343.CDS.1418-MONOMER,0.0,5.530679085093625e-07
OXAMTC_FWD_g.27343.CDS.1418-MONOMER,0.0,5.439730113725435e-37
P5CRyr_REV_679935.3.peg.3206-MONOMER,0.03854056290096312,3.8740993779814776e-33
P5CRyr_FWD_679935.3.peg.3206-MONOMER,0.0,-5.846383250905911e-06
PANTS_REV_679935.3.peg.2403-MONOMER_mod_mn2(1)_mod_nh4(1),0.0,-2.86222314784509e-06
PANTS_FWD_679935.3.peg.2403-MONOMER_mod_mn2(1)_mod_nh4(1),0.0,-7.550670098312588e-09
PANTS_REV_679935.3.peg.2403-MONOMER_mod_mg2(1)_mod_k(1),0.0,-2.863505424907465e-06
PANTS_FWD_679935.3.peg.2403-MONOMER_mod_mg2(1)_mod_k(1),0.0,-8.83294716068753e-09
PANTS_REV_679935.3.peg.2403-MONOMER_mod_mn2(1)_mod_k(1),0.0,-2.8546724777467772e-06
PANTS_FWD_679935.3.peg.2403-MONOMER_mod_mn2(1)_mod_k(1),0.000708449010559177,-4.1442447326678015e-36
PANTS_REV_679935.3.peg.2403-MONOMER_mod_mg2(1)_mod_nh4(1),0.0,-2.8710611162363886e-06
PANTS_FWD_679935.3.peg.2403-MONOMER_mod_mg2(1)_mod_nh4(1),0.0,-1.6388638489611268e-08
PAPPT2_REV_g.27343.CDS.1347-MONOMER,0.0,-1.1773974524884657e-06
PAPPT2_FWD_g.27343.CDS.1347-MONOMER,0.0,-6.77315810655162e-35
PAPPT3_REV_g.27343.CDS.1347-MONOMER,0.0,-1.1773974524884657e-06
PAPPT3_FWD_g.27343.CDS.1347-MONOMER,0.0,-2.538981315901955e-35
PBUTT_REV_g.27343.CDS.251-MONOMER,0.0,3.8184890488743344e-36
PBUTT_FWD_g.27343.CDS.251-MONOMER,0.0,-2.105359692351834e-06
PBt_REV_g.27343.CDS.2980-MONOMER,0.0,-4.218065646539097e-07
PBt_FWD_g.27343.CDS.2980-MONOMER,0.0,1.0085198861449402e-35
PDHc_REV_g.27343.CDS.3137-MONOMER,0.0,0.01133158977632193
PDHc_FWD_g.27343.CDS.3137-MONOMER,0.0,-0.011333138362343629
PDX5PO2_REV_CPLX_dummy,0.0,0.011331387322383236
PDX5PO2_FWD_CPLX_dummy,0.0,-0.01133334081628232
PDX5PS_REV_679935.3.peg.1895-MONOMER,0.0,0.06725618697739372
PDX5PS_FWD_679935.3.peg.1895-MONOMER,0.0,-0.06725773135820265
PDX5PSYN_REV_g.27343.CDS.1590-MONOMER,0.0,0.06725658602300674
PDX5PSYN_FWD_g.27343.CDS.1590-MONOMER,0.0,-0.06725733231258962
PEPCK_REV_g.27343.CDS.316-MONOMER,0.0,0.013433097964864619
PEPCK_FWD_g.27343.CDS.316-MONOMER,0.0,-0.013437308593176388
PEPGLY_REV_g.27343.CDS.1890-MONOMER,0.0,-4.479786316911049e-06
PEPGLY_FWD_g.27343.CDS.1890-MONOMER,0.0,-2.1292177996061493e-07
PEPGLY_REV_g.27343.CDS.349-MONOMER,0.0,-4.2668645369504335e-06
PEPGLY_FWD_g.27343.CDS.349-MONOMER,-4.240272597643402e-57,4.7539366985812207e-35
PERD_REV_679935.3.peg.1956-MONOMER,0.0,-3.794896515879129e-07
PERD_FWD_679935.3.peg.1956-MONOMER,0.0,-7.291922066687664e-07
PERD_REV_679935.3.peg.2878-MONOMER,0.0,-1.687386580610588e-06
PERD_FWD_679935.3.peg.2878-MONOMER,0.0,-2.0370891356914415e-06
PERD_REV_679935.3.peg.3194-MONOMER,0.0,-5.364807854442966e-35
PERD_FWD_679935.3.peg.3194-MONOMER,0.0,-3.497025550808536e-07
PETHCT_REV_g.27343.CDS.2975-MONOMER,0.0,6.356916647936111e-07
PETHCT_FWD_g.27343.CDS.2975-MONOMER,0.0,-1.507069974611992e-36
PFK_REV_679935.3.peg.2833-MONOMER,0.0,-1.8075515690385062e-06
PFK_FWD_679935.3.peg.2833-MONOMER,1.8245875097893642,1.493288123598147e-35
PFK_REV_679935.3.peg.2138-MONOMER,0.0,-2.6710522551121864e-06
PFK_FWD_679935.3.peg.2138-MONOMER,0.0,-8.635006860736802e-07
PFK_2_REV_g.27343.CDS.635-MONOMER,0.0,-3.9740390492913556e-07
PFK_2_FWD_g.27343.CDS.635-MONOMER,0.0,1.7064646808937543e-36
PFK_2_REV_g.27343.CDS.2817-MONOMER,0.0,-1.1024777369838209e-06
PFK_2_FWD_g.27343.CDS.2817-MONOMER,0.0,-7.050738320546853e-07
PFK_2_REV_g.27343.CDS.2860-MONOMER_mod_mg2(1),0.0,-2.6931197212282694e-06
PFK_2_FWD_g.27343.CDS.2860-MONOMER_mod_mg2(1),0.0,-2.295715816299134e-06
PFK_2_REV_g.27343.CDS.2319-MONOMER_mod_mg2(1),0.0,-1.523980045976424e-06
PFK_2_FWD_g.27343.CDS.2319-MONOMER_mod_mg2(1),0.0,-1.1265761410472887e-06
PFK_3_REV_g.27343.CDS.635-MONOMER,0.0,-3.9740390492913556e-07
PFK_3_FWD_g.27343.CDS.635-MONOMER,0.41764552639963676,-1.8787372469015183e-35
PFK_3_REV_g.27343.CDS.2860-MONOMER_mod_mg2(1),0.0,-2.6931197212282694e-06
PFK_3_FWD_g.27343.CDS.2860-MONOMER_mod_mg2(1),0.0,-2.295715816299134e-06
PFK_3_REV_g.27343.CDS.2817-MONOMER,0.0,-1.1024777369838209e-06
PFK_3_FWD_g.27343.CDS.2817-MONOMER,0.0,-7.050738320546853e-07
PFL_REV_g.27343.CDS.1891-MONOMER,0.0,-3.03443814152523e-06
PFL_FWD_g.27343.CDS.1891-MONOMER,8.20024299024481,-1.2493230944332796e-34
PFL_REV_g.27343.CDS.1520-MONOMER_mod_glycyl(1),0.0,-0.0029251109791345203
PFL_FWD_g.27343.CDS.1520-MONOMER_mod_glycyl(1),0.0,-0.002922076540992995
PGAMT_REV_679935.3.peg.3023-MONOMER,0.01143296760293502,-1.076303804997985e-35
PGAMT_FWD_679935.3.peg.3023-MONOMER,0.0,-3.685880323906302e-06
PGCDr_REV_679935.3.peg.2878-MONOMER,0.0,-1.687386580610588e-06
PGCDr_FWD_679935.3.peg.2878-MONOMER,0.0,-2.0370891356914415e-06
PGCDr_REV_679935.3.peg.3194-MONOMER,0.0,-6.251371389996921e-35
PGCDr_FWD_679935.3.peg.3194-MONOMER,0.0,-3.497025550808536e-07
PGI_REV_679935.3.peg.1906-MONOMER,0.0,-2.7118436912151928e-06
PGI_FWD_679935.3.peg.1906-MONOMER,0.12040337099266246,2.692489694295853e-35
PGK_REV_679935.3.peg.1428-MONOMER,8.103118429591847,3.766460598545012e-36
PGK_FWD_679935.3.peg.1428-MONOMER,0.0,-2.6060676020993073e-06
PGLYCP_REV_g.27343.CDS.871-MONOMER,0.0,4.0793750093901796e-08
PGLYCP_FWD_g.27343.CDS.871-MONOMER,0.0,-4.006815728306679e-37
PGLYCP_REV_g.27343.CDS.2464-MONOMER_mod_mg2(1)_mod_cl(1),0.0,-9.233321225688286e-08
PGLYCP_FWD_g.27343.CDS.2464-MONOMER_mod_mg2(1)_mod_cl(1),0.0,-1.3312696235078466e-07
PGM_REV_679935.3.peg.2875-MONOMER_mod_mn2(1),8.103118429591847,3.6739684590590965e-36
PGM_FWD_679935.3.peg.2875-MONOMER_mod_mn2(1),0.0,-3.2584784878750496e-06
PGM_REV_679935.3.peg.3159-MONOMER_mod_23bpg(1),0.0,-2.1256803409538786e-36
PGM_FWD_679935.3.peg.3159-MONOMER_mod_23bpg(1),0.0,-3.2584784878750496e-06
PGMT_REV_g.27343.CDS.2936-MONOMER_mod_mg2(1),0.02858241900733755,6.731265438171671e-36
PGMT_FWD_g.27343.CDS.2936-MONOMER_mod_mg2(1),0.0,-2.335122654201946e-06
PGMT2_REV_g.27343.CDS.2936-MONOMER_mod_mg2(1),0.0,-9.677116276369733e-36
PGMT2_FWD_g.27343.CDS.2936-MONOMER_mod_mg2(1),0.0,-2.335122654201946e-06
PGPGT_REV_g.27343.CDS.1768-MONOMER,3.4918477566482623e-34,-3.086227737576845e-34
PGPGT_FWD_g.27343.CDS.1768-MONOMER,0.0,-1.0552427332348592e-07
PGPPAI17_REV_CPLX_dummy,0.0,-1.95349389908355e-06
PGPPAI17_FWD_CPLX_dummy,0.007301081866142023,1.3911145123292362e-36
PGPPI17_REV_CPLX_dummy,0.0,-1.95349389908355e-06
PGPPI17_FWD_CPLX_dummy,0.007301081866142023,1.4055986455096317e-35
PGSAAI17_REV_CPLX_dummy,0.0,-1.95349389908355e-06
PGSAAI17_FWD_CPLX_dummy,0.007301081866142023,4.3220739614097187e-35
PGSAI17_REV_CPLX_dummy,0.0,-1.95349389908355e-06
PGSAI17_FWD_CPLX_dummy,0.007301081866142023,2.3738825950694294e-35
PHETA1_REV_679935.3.peg.2902-MONOMER_mod_pydx5p(1),0.9517946812077029,2.2758287190459772e-35
PHETA1_FWD_679935.3.peg.2902-MONOMER_mod_pydx5p(1),0.0,-3.8135888578836717e-06
PHEt2r_REV_CPLX_dummy,0.8885754296970908,-4.1430190991428125e-38
PHEt2r_FWD_CPLX_dummy,0.0,-1.95349389908355e-06
PHTHRDH_REV_g.27343.CDS.1537-MONOMER,0.0,-6.114433746352557e-35
PHTHRDH_FWD_g.27343.CDS.1537-MONOMER,0.0,-1.3603798887060327e-06
PIabc_REV_CPLX_dummy,0.0,0.010073984300518953
PIabc_FWD_CPLX_dummy,0.0,-0.010075937794418037
PIt6b_REV_g.27343.CDS.1357-MONOMER,0.0,-1.6228729881054643e-06
PIt6b_FWD_g.27343.CDS.1357-MONOMER,0.0,-9.61631166149293e-07
PIt6b_REV_g.27343.CDS.1550-MONOMER,0.0,-1.6275061918083733e-06
PIt6b_FWD_g.27343.CDS.1550-MONOMER,0.0,-9.662643698522017e-07
PMANM_REV_g.27343.CDS.3124-MONOMER,0.0,-2.397152192453618e-36
PMANM_FWD_g.27343.CDS.3124-MONOMER,0.0,-1.1912074325671728e-06
PMDPHT_REV_CPLX_dummy,0.0,-1.95349389908355e-06
PMDPHT_FWD_CPLX_dummy,0.0014155032244782112,2.9742235051751214e-36
PMTCOATA_REV_g.27343.CDS.2211-MONOMER,0.0,1.9931168170825095e-35
PMTCOATA_FWD_g.27343.CDS.2211-MONOMER,0.0,-2.4672671273614094e-06
PNP_REV_g.27343.CDS.2373-MONOMER,0.0,-2.6054467367989975e-35
PNP_FWD_g.27343.CDS.2373-MONOMER,0.0,-2.8668707258925877e-06
PNP_REV_g.27343.CDS.3148-MONOMER,0.0,-3.445535774793533e-07
PNP_FWD_g.27343.CDS.3148-MONOMER,0.0,-3.211424303371941e-06
PNTK_REV_679935.3.peg.2302-MONOMER,0.0,-2.351426972512628e-06
PNTK_FWD_679935.3.peg.2302-MONOMER,0.000708449010559177,-5.84946498881321e-35
POR4_REV_g.27343.CDS.266-MONOMER_mod_thmpp(1),0.0,-4.0947952826405157e-35
POR4_FWD_g.27343.CDS.266-MONOMER_mod_thmpp(1),0.0,-3.920750736225239e-06
PPA_REV_CPLX_dummy,0.0,-1.95349389908355e-06
PPA_FWD_CPLX_dummy,1.3100737524477721,2.8559759754071855e-37
PPAKr_REV_g.27343.CDS.89-MONOMER,0.0,9.775919235830947e-36
PPAKr_FWD_g.27343.CDS.89-MONOMER,0.0,-3.1375934145368858e-06
PPAt2_REV_CPLX_dummy,0.0,-1.95349389908355e-06
PPAt2_FWD_CPLX_dummy,0.0,-1.807291558443658e-40
PPCDC_REV_679935.3.peg.874-MONOMER_mod_mg2(1),0.0,-8.053382165836937e-06
PPCDC_FWD_679935.3.peg.874-MONOMER_mod_mg2(1),0.0,-9.514397656676491e-09
PPCDC_REV_679935.3.peg.874-MONOMER_mod_fmn(1),0.0,-8.04386776818026e-06
PPCDC_FWD_679935.3.peg.874-MONOMER_mod_fmn(1),0.000708449010559177,1.0297741993298878e-35
PPCK_REV_CPLX_dummy,0.0,0.01343324978512142
PPCK_FWD_CPLX_dummy,0.0,-0.013435203279020504
PPCr_REV_g.27343.CDS.1558-MONOMER,2.0543324260624347,-7.127825306159781e-36
PPCr_FWD_g.27343.CDS.1558-MONOMER,0.0,-1.6597797630229054e-06
PPDK_REV_g.27343.CDS.636-MONOMER,0.0,0.013435888093526095
PPDK_FWD_g.27343.CDS.636-MONOMER,0.0,-0.013439198104333916
PPGPPDP_REV_g.27343.CDS.238-MONOMER_mod_mn2(1),0.0,-1.1294738450991613e-06
PPGPPDP_FWD_g.27343.CDS.238-MONOMER_mod_mn2(1),0.0,-3.449385486513985e-35
PPIt2e_REV_g.27343.CDS.1357-MONOMER,0.0,-2.5845041542547575e-06
PPIt2e_FWD_g.27343.CDS.1357-MONOMER,0.4148272758006771,-2.88719991279623e-35
PPIt2e_REV_g.27343.CDS.1550-MONOMER,0.0,-2.5891373579576663e-06
PPIt2e_FWD_g.27343.CDS.1550-MONOMER,0.0,-4.633203702908899e-09
PPM_REV_g.27343.CDS.2936-MONOMER_mod_mg2(1),0.0,-2.335122654201946e-06
PPM_FWD_g.27343.CDS.2936-MONOMER_mod_mg2(1),0.9758335558142962,2.0493649701032555e-36
PPM_REV_g.27343.CDS.1758-MONOMER,0.0,-2.4914946891009984e-06
PPM_FWD_g.27343.CDS.1758-MONOMER,0.0,-1.5637203489905232e-07
PPNCL3_REV_679935.3.peg.874-MONOMER_mod_mg2(1),0.0,-7.1128745124052485e-06
PPNCL3_FWD_679935.3.peg.874-MONOMER_mod_mg2(1),0.0,-9.500220510883648e-07
PPNCL3_REV_679935.3.peg.874-MONOMER_mod_fmn(1),0.0,-7.103360114748572e-06
PPNCL3_FWD_679935.3.peg.874-MONOMER_mod_fmn(1),0.0,-9.405076534316883e-07
PPND_REV_679935.3.peg.242-MONOMER,0.0,-4.629764206717129e-07
PPND_FWD_679935.3.peg.242-MONOMER,0.0,-2.3904617793178154e-06
PPND2_REV_g.27343.CDS.480-MONOMER,0.0,-1.7953756146394877e-06
PPND2_FWD_g.27343.CDS.480-MONOMER,0.0,-1.0580625853500408e-06
PPNDH_REV_679935.3.peg.1116-MONOMER,0.0,-2.2755874804645707e-06
PPNDH_FWD_679935.3.peg.1116-MONOMER,0.9517946812077029,-3.093191060427622e-36
PPS_REV_g.27343.CDS.1715-MONOMER,0.0,0.0134353526243495
PPS_FWD_g.27343.CDS.1715-MONOMER,0.0,-0.013437780079611427
PPTT_REV_g.27343.CDS.1432-MONOMER_mod_mg2(1),0.0,-3.866426410328754e-06
PPTT_FWD_g.27343.CDS.1432-MONOMER_mod_mg2(1),0.0,2.2636153254712308e-35
PRAGS_REV_679935.3.peg.2249-MONOMER,0.0,0.12423569942026727
PRAGS_FWD_679935.3.peg.2249-MONOMER,0.0,-0.12423915895646338
PRAIS_REV_679935.3.peg.2244-MONOMER,0.0,-7.42686482229674e-07
PRAIS_FWD_679935.3.peg.2244-MONOMER,0.0,7.070330564458663e-36
PRAMPC_REV_g.27343.CDS.2455-MONOMER,0.0,-2.357710081042064e-06
PRAMPC_FWD_g.27343.CDS.2455-MONOMER,0.0,-2.753420870327695e-35
PRASCSi_REV_679935.3.peg.2242-MONOMER,0.0,1.6146290303296212e-06
PRASCSi_FWD_679935.3.peg.2242-MONOMER,0.0,5.158474341449659e-35
PRATPP_REV_g.27343.CDS.2455-MONOMER,0.0,-2.357710081042064e-06
PRATPP_FWD_g.27343.CDS.2455-MONOMER,0.0,2.2875981136946206e-37
PRFGS_REV_679935.3.peg.2240-MONOMER,0.0,-4.594281451824596e-06
PRFGS_FWD_679935.3.peg.2240-MONOMER,0.0,-4.1101740482131924e-34
PRMICI_REV_g.27343.CDS.2919-MONOMER,0.0,-3.3625441829973033e-06
PRMICI_FWD_g.27343.CDS.2919-MONOMER,0.0,-3.782306833334147e-35
PRO1x_REV_g.27343.CDS.2943-MONOMER,0.0,3.767799368917532e-06
PRO1x_FWD_g.27343.CDS.2943-MONOMER,0.0,-4.743382269923928e-06
PRODTHLOX_REV_g.27343.CDS.2344-MONOMER,0.0,-2.70913730841903e-06
PRODTHLOX_FWD_g.27343.CDS.2344-MONOMER,0.0,-6.598367863916674e-35
PROt2r_REV_CPLX_dummy,0.0,-1.6685706892328458e-06
PROt2r_FWD_CPLX_dummy,0.0,-2.849232098507043e-07
PRPPS_REV_g.27343.CDS.2584-MONOMER_mod_mg2(1)_mod_pi(1),0.0,-1.761072655842691e-06
PRPPS_FWD_g.27343.CDS.2584-MONOMER_mod_mg2(1)_mod_pi(1),0.0,-1.3509641298069663e-08
PRPPS_REV_g.27343.CDS.2584-MONOMER_mod_mn2(1)_mod_pi(1),0.0,-1.7475630145446213e-06
PRPPS_FWD_g.27343.CDS.2584-MONOMER_mod_mn2(1)_mod_pi(1),0.014750548350286911,6.033202957191274e-35
PSCVT_REV_679935.3.peg.180-MONOMER,0.0,-4.3716122002680055e-06
PSCVT_FWD_679935.3.peg.180-MONOMER,0.0,1.452243110957935e-35
PSD120_REV_g.27343.CDS.2904-MONOMER,0.0,-5.733689663188869e-07
PSD120_FWD_g.27343.CDS.2904-MONOMER,0.0,-3.6591735277841607e-37
PSD140_REV_g.27343.CDS.2904-MONOMER,0.0,-5.733689663188869e-07
PSD140_FWD_g.27343.CDS.2904-MONOMER,0.0,-3.6591735277841607e-37
PSD141_REV_g.27343.CDS.2904-MONOMER,0.0,-5.733689663188869e-07
PSD141_FWD_g.27343.CDS.2904-MONOMER,0.0,-3.6591735277841607e-37
PSD160_REV_g.27343.CDS.2904-MONOMER,0.0,-5.733689663188869e-07
PSD160_FWD_g.27343.CDS.2904-MONOMER,0.0,-3.6591735277841607e-37
PSD161_REV_g.27343.CDS.2904-MONOMER,0.0,-5.733689663188869e-07
PSD161_FWD_g.27343.CDS.2904-MONOMER,0.0,-3.6591735277841607e-37
PSD180_REV_g.27343.CDS.2904-MONOMER,0.0,-5.733689663188869e-07
PSD180_FWD_g.27343.CDS.2904-MONOMER,0.0024336939553806745,6.420907156876469e-36
PSD181_REV_g.27343.CDS.2904-MONOMER,0.0,-5.733689663188869e-07
PSD181_FWD_g.27343.CDS.2904-MONOMER,0.0,-3.6591735277841607e-37
PSDAI15_REV_g.27343.CDS.2904-MONOMER,0.0,-5.733689663188869e-07
PSDAI15_FWD_g.27343.CDS.2904-MONOMER,0.0,3.7446390629584517e-35
PSDAI17_REV_g.27343.CDS.2904-MONOMER,0.0,-5.733689663188869e-07
PSDAI17_FWD_g.27343.CDS.2904-MONOMER,0.0024336939553806745,2.1933648893230493e-35
PSDI14_REV_g.27343.CDS.2904-MONOMER,0.0,-5.733689663188869e-07
PSDI14_FWD_g.27343.CDS.2904-MONOMER,0.0,-3.6591735277841607e-37
PSDI15_REV_g.27343.CDS.2904-MONOMER,0.0,-5.733689663188869e-07
PSDI15_FWD_g.27343.CDS.2904-MONOMER,0.0,2.1933648893230493e-35
PSDI16_REV_g.27343.CDS.2904-MONOMER,0.0,-5.733689663188869e-07
PSDI16_FWD_g.27343.CDS.2904-MONOMER,0.0,-3.6591735277841607e-37
PSDI17_REV_g.27343.CDS.2904-MONOMER,0.0,-5.733689663188869e-07
PSDI17_FWD_g.27343.CDS.2904-MONOMER,0.0024336939553806745,6.420907156876469e-36
PSERT_REV_679935.3.peg.3195-MONOMER_mod_pydx5p(1),0.0,-1.9295471010960095e-06
PSERT_FWD_679935.3.peg.3195-MONOMER_mod_pydx5p(1),0.0,-1.2170280879205303e-35
PSP_L_REV_679935.3.peg.2722-MONOMER_mod_mg2(1),0.0,0.013432100902682736
PSP_L_FWD_679935.3.peg.2722-MONOMER_mod_mg2(1),0.0,-0.013434455862553565
PSSA120_REV_g.27343.CDS.2277-MONOMER,0.0,0.09905792158610027
PSSA120_FWD_g.27343.CDS.2277-MONOMER,0.0,-0.09905899934232978
PSSA140_REV_g.27343.CDS.2277-MONOMER,0.0,0.10745337438240626
PSSA140_FWD_g.27343.CDS.2277-MONOMER,0.0,-0.10745445213863578
PSSA141_REV_g.27343.CDS.2277-MONOMER,0.0,0.03273795478824647
PSSA141_FWD_g.27343.CDS.2277-MONOMER,0.0,-0.03273903254447597
PSSA160_REV_g.27343.CDS.2277-MONOMER,0.0,0.10745321668444821
PSSA160_FWD_g.27343.CDS.2277-MONOMER,0.0,-0.10745429444067771
PSSA161_REV_g.27343.CDS.2277-MONOMER,0.0,0.03273795478824647
PSSA161_FWD_g.27343.CDS.2277-MONOMER,0.0,-0.03273903254447597
PSSA180_REV_g.27343.CDS.2277-MONOMER,0.0,-1.0777562295050898e-06
PSSA180_FWD_g.27343.CDS.2277-MONOMER,0.0024336939553806745,1.9321565357044632e-35
PSSA181_REV_g.27343.CDS.2277-MONOMER,0.0,0.03273795478824647
PSSA181_FWD_g.27343.CDS.2277-MONOMER,0.0,-0.03273903254447597
PSSAAI15_REV_g.27343.CDS.2277-MONOMER,0.0,-1.0777562295050898e-06
PSSAAI15_FWD_g.27343.CDS.2277-MONOMER,0.0,1.1527824913558316e-34
PSSAAI17_REV_g.27343.CDS.2277-MONOMER,0.0,-1.0777562295050898e-06
PSSAAI17_FWD_g.27343.CDS.2277-MONOMER,0.0024336939553806745,3.302966303969299e-35
PSSAI14_REV_g.27343.CDS.2277-MONOMER,0.0,0.03273795478824647
PSSAI14_FWD_g.27343.CDS.2277-MONOMER,0.0,-0.03273903254447597
PSSAI15_REV_g.27343.CDS.2277-MONOMER,0.0,-1.0777562295050898e-06
PSSAI15_FWD_g.27343.CDS.2277-MONOMER,0.0,1.1527824913558316e-34
PSSAI16_REV_g.27343.CDS.2277-MONOMER,0.0,0.10745867108926328
PSSAI16_FWD_g.27343.CDS.2277-MONOMER,0.0,-0.10745974884549278
PSSAI17_REV_g.27343.CDS.2277-MONOMER,0.0,-1.0777562295050898e-06
PSSAI17_FWD_g.27343.CDS.2277-MONOMER,0.0024336939553806745,1.2898634681823152e-34
PTAr_REV_CPLX_dummy,0.0,-1.95349389908355e-06
PTAr_FWD_CPLX_dummy,8.124669176818358,-3.6603501315972005e-35
PTPAT_REV_679935.3.peg.427-MONOMER_mod_mg2(1),0.0,-2.976548927023381e-06
PTPAT_FWD_679935.3.peg.427-MONOMER_mod_mg2(1),0.0,-2.4914751132277234e-07
PTPAT_REV_679935.3.peg.96-MONOMER,0.0,-2.7274014157006086e-06
PTPAT_FWD_679935.3.peg.96-MONOMER,0.0007077322814459296,-1.355274377057751e-34
PUNP1_REV_g.27343.CDS.2373-MONOMER,0.0,-2.8668707258925877e-06
PUNP1_FWD_g.27343.CDS.2373-MONOMER,0.9758335558142962,-4.5689777529836393e-36
PUNP1_REV_g.27343.CDS.3148-MONOMER,0.0,-3.211424303371941e-06
PUNP1_FWD_g.27343.CDS.3148-MONOMER,0.0,-3.445535774793533e-07
PUNP2_REV_g.27343.CDS.2373-MONOMER,0.0,-2.8668707258925877e-06
PUNP2_FWD_g.27343.CDS.2373-MONOMER,1.0,-2.2190023263423214e-36
PUNP2_REV_g.27343.CDS.3148-MONOMER,0.0,-3.211424303371941e-06
PUNP2_FWD_g.27343.CDS.3148-MONOMER,0.0,-3.445535774793533e-07
PUNP3_REV_g.27343.CDS.2373-MONOMER,0.0,-2.8668707258925877e-06
PUNP3_FWD_g.27343.CDS.2373-MONOMER,3.1078427072989722e-24,-9.940350156735223e-36
PUNP3_REV_g.27343.CDS.3148-MONOMER,0.0,-3.211424303371941e-06
PUNP3_FWD_g.27343.CDS.3148-MONOMER,0.0,-3.445535774793533e-07
PUNP4_REV_g.27343.CDS.2373-MONOMER,0.0,-2.8668707258925877e-06
PUNP4_FWD_g.27343.CDS.2373-MONOMER,0.9875649374576336,1.1381054260024184e-36
PUNP4_REV_g.27343.CDS.3148-MONOMER,0.0,-3.211424303371941e-06
PUNP4_FWD_g.27343.CDS.3148-MONOMER,0.0,-3.445535774793533e-07
PUNP5_REV_g.27343.CDS.2373-MONOMER,0.0,6.173767054519527e-36
PUNP5_FWD_g.27343.CDS.2373-MONOMER,0.0,-2.8668707258925877e-06
PUNP5_REV_g.27343.CDS.3148-MONOMER,0.0,-3.445535774793533e-07
PUNP5_FWD_g.27343.CDS.3148-MONOMER,0.0,-3.211424303371941e-06
PUNP6_REV_g.27343.CDS.2373-MONOMER,0.0,-1.5475807758733733e-36
PUNP6_FWD_g.27343.CDS.2373-MONOMER,0.0,-2.8668707258925877e-06
PUNP6_REV_g.27343.CDS.3148-MONOMER,0.0,-3.445535774793533e-07
PUNP6_FWD_g.27343.CDS.3148-MONOMER,0.0,-3.211424303371941e-06
PUNP7_REV_g.27343.CDS.2373-MONOMER,3.1078427072989722e-24,8.023946507679443e-37
PUNP7_FWD_g.27343.CDS.2373-MONOMER,0.0,-2.8668707258925877e-06
PUNP7_REV_g.27343.CDS.3148-MONOMER,0.0,-3.445535774793533e-07
PUNP7_FWD_g.27343.CDS.3148-MONOMER,0.0,-3.211424303371941e-06
PYAM5POr_REV_CPLX_dummy,0.0,0.03483618166537847
PYAM5POr_FWD_CPLX_dummy,0.0,-0.034838135159277556
PYDAMK_REV_g.27343.CDS.1773-MONOMER_mod_k(1)_mod_mg2(1),0.0,-4.350896503242733e-06
PYDAMK_FWD_g.27343.CDS.1773-MONOMER_mod_k(1)_mod_mg2(1),0.0,9.183434771679752e-37
PYDAMabc_REV_CPLX_dummy,0.0,0.01343241989523991
PYDAMabc_FWD_CPLX_dummy,0.0,-0.013434373389138991
PYDXK_REV_g.27343.CDS.1773-MONOMER_mod_k(1)_mod_mg2(1),0.0,-4.350896503242733e-06
PYDXK_FWD_g.27343.CDS.1773-MONOMER_mod_k(1)_mod_mg2(1),0.0007088146495575586,-2.9492454142125524e-36
PYDXNK_REV_g.27343.CDS.1773-MONOMER_mod_k(1)_mod_mg2(1),0.0,-4.350896503242733e-06
PYDXNK_FWD_g.27343.CDS.1773-MONOMER_mod_k(1)_mod_mg2(1),0.0,-8.067355792319452e-37
PYDXNabc_REV_CPLX_dummy,0.0,-1.95349389908355e-06
PYDXNabc_FWD_CPLX_dummy,0.0,1.3911145123292362e-36
PYDXabc_REV_CPLX_dummy,0.0,-1.95349389908355e-06
PYDXabc_FWD_CPLX_dummy,0.0007088146495575586,-6.524430451900189e-36
PYK_REV_g.27343.CDS.573-MONOMER_mod_mg2(1)_mod_k(1),0.0,-4.222832588478661e-06
PYK_FWD_g.27343.CDS.573-MONOMER_mod_mg2(1)_mod_k(1),0.0,-3.454129543636124e-09
PYK_REV_g.27343.CDS.573-MONOMER_mod_mn2(1)_mod_k(1),0.0,-4.2193784589350255e-06
PYK_FWD_g.27343.CDS.573-MONOMER_mod_mn2(1)_mod_k(1),4.4356933921250095,-1.2395111747864708e-35
PYRCT_REV_g.27343.CDS.2886-MONOMER,0.0,-2.670438686598468e-06
PYRCT_FWD_g.27343.CDS.2886-MONOMER,0.0,4.5769002239175154e-35
Q8abc_REV_CPLX_dummy,0.0,-1.95349389908355e-06
Q8abc_FWD_CPLX_dummy,0.0,-4.941321459054304e-36
QULNS_REV_679935.3.peg.1445-MONOMER_mod_4fe4s(1),0.0,-1.902095212677664e-06
QULNS_FWD_679935.3.peg.1445-MONOMER_mod_4fe4s(1),0.0007078088363008388,1.1741080474217673e-35
RAFGH_REV_g.27343.CDS.1473-MONOMER,0.0,-2.2300542656867274e-07
RAFGH_FWD_g.27343.CDS.1473-MONOMER,0.0,-1.3302702333499733e-37
RB5PE_REV_CPLX_dummy,0.0,1.6057801464765992e-36
RB5PE_FWD_CPLX_dummy,0.0,-1.95349389908355e-06
RBFK_REV_679935.3.peg.2394-MONOMER,0.0,-1.638184906254007e-06
RBFK_FWD_679935.3.peg.2394-MONOMER,0.0007077709430322816,1.4563019506607843e-34
RBFK_REV_679935.3.peg.3029-MONOMER,0.0,-2.2307161524964564e-06
RBFK_FWD_679935.3.peg.3029-MONOMER,0.0,-5.925312462424494e-07
RBFSa_REV_679935.3.peg.1092-MONOMER,0.0,-6.435987362586895e-06
RBFSa_FWD_679935.3.peg.1092-MONOMER,0.0028310064489564224,-3.4006529858843645e-35
RBFSb_REV_679935.3.peg.2447-MONOMER,0.0,-2.2853888565005753e-06
RBFSb_FWD_679935.3.peg.2447-MONOMER,0.0014155032244782112,-4.5647132960524977e-35
RBK_REV_g.27343.CDS.1979-MONOMER,0.0,-2.879758553866957e-06
RBK_FWD_g.27343.CDS.1979-MONOMER,0.0,-1.200683975919757e-35
RBK_REV_g.27343.CDS.3024-MONOMER_mod_k(1)_mod_mg2(1),0.0,-4.1349049683253795e-06
RBK_FWD_g.27343.CDS.3024-MONOMER_mod_k(1)_mod_mg2(1),0.0,-1.2551464144584221e-06
RBK_D_REV_g.27343.CDS.1635-MONOMER,0.0,-5.218558547163871e-06
RBK_D_FWD_g.27343.CDS.1635-MONOMER,0.0,-1.6587744373384898e-37
RBK_L1_REV_g.27343.CDS.1635-MONOMER,0.0,-5.218558547163871e-06
RBK_L1_FWD_g.27343.CDS.1635-MONOMER,0.17878295,-1.6587744373384898e-37
RBP4E_REV_g.27343.CDS.2813-MONOMER,0.0,-4.668485101620051e-07
RBP4E_FWD_g.27343.CDS.2813-MONOMER,0.17878295,1.1039948418110901e-35
RHAT1_REV_CPLX_dummy,0.0,-1.95349389908355e-06
RHAT1_FWD_CPLX_dummy,0.00571648380146751,1.0166648060430586e-34
RHC_REV_CPLX_dummy,0.0,-1.95349389908355e-06
RHC_FWD_CPLX_dummy,0.0,-2.779634259431753e-37
RHCCE_REV_CPLX_dummy,0.0,0.02585445980803112
RHCCE_FWD_CPLX_dummy,0.0,-0.025856413301930205
RMNt2_REV_g.27343.CDS.3172-MONOMER,0.0,3.983352950936511e-37
RMNt2_FWD_g.27343.CDS.3172-MONOMER,0.0,-1.8816251390124848e-07
RNTR1_REV_g.27343.CDS.2456-MONOMER,0.0,-2.9128056941950314e-06
RNTR1_FWD_g.27343.CDS.2456-MONOMER,0.009200438311179997,-8.689094636883871e-36
RNTR2_REV_g.27343.CDS.2456-MONOMER,0.0,0.01245058245200644
RNTR2_FWD_g.27343.CDS.2456-MONOMER,0.0,-0.012453495257700635
RNTR3_REV_g.27343.CDS.2456-MONOMER,0.0,0.013427306655500317
RNTR3_FWD_g.27343.CDS.2456-MONOMER,0.0,-0.013430219461194512
RNTR4_REV_g.27343.CDS.2456-MONOMER,0.0,-2.9128056941950314e-06
RNTR4_FWD_g.27343.CDS.2456-MONOMER,0.9682919373238295,-1.239317445716827e-34
RPE_REV_g.27343.CDS.1540-MONOMER,0.0,-1.9663073992273017e-06
RPE_FWD_g.27343.CDS.1540-MONOMER,0.5005910880051435,9.733936603719649e-37
RPE_REV_g.27343.CDS.2099-MONOMER,0.0,-2.0993046290164868e-06
RPE_FWD_g.27343.CDS.2099-MONOMER,0.0,-1.3299722978918506e-07
RPE_REV_g.27343.CDS.2295-MONOMER,0.0,-1.9829424128339427e-06
RPE_FWD_g.27343.CDS.2295-MONOMER,0.0,-1.6635013606641156e-08
RPI_REV_CPLX_dummy,0.0,-1.95349389908355e-06
RPI_FWD_CPLX_dummy,0.5205715458585025,5.999166163402579e-36
RZ5PP_REV_CPLX_dummy,0.0,-1.95349389908355e-06
RZ5PP_FWD_CPLX_dummy,0.0,-1.1273757430437844e-35
S17BPH_REV_g.27343.CDS.2843-MONOMER,0.0,0.01343084265529463
S17BPH_FWD_g.27343.CDS.2843-MONOMER,0.0,-0.0134363480329892
S7PIr_REV_CPLX_dummy,0.0,-1.95349389908355e-06
S7PIr_FWD_CPLX_dummy,0.02286593520587004,2.6720152911003446e-36
SALCpts_REV_CPLX_ACGApts-0,0.0,-4.814011960863741e-06
SALCpts_FWD_CPLX_ACGApts-0,0.0,5.7443692280712344e-37
SBTpts_REV_CPLX_ACGApts-0,0.0,-4.814011960863741e-06
SBTpts_FWD_CPLX_ACGApts-0,0.0,5.7443692280712344e-37
SERATi_REV_CPLX_dummy,0.0,0.012156517620867396
SERATi_FWD_CPLX_dummy,0.0,-0.01215847111476648
SERt2r_REV_CPLX_dummy,0.0,-1.95349389908355e-06
SERt2r_FWD_CPLX_dummy,1.0,8.724276505277648e-37
SGAT_REV_CPLX_G3PAT120-0,0.0,-1.9828127755007453e-06
SGAT_FWD_CPLX_G3PAT120-0,0.0,-2.1080591714964346e-07
SHEMEabc_REV_CPLX_dummy,0.0,-1.95349389908355e-06
SHEMEabc_FWD_CPLX_dummy,0.0007077322814459296,1.3911145123292362e-36
SHK3Dr_REV_g.27343.CDS.2957-MONOMER,0.0,8.827824488807341e-36
SHK3Dr_FWD_g.27343.CDS.2957-MONOMER,0.0,-3.345002572302897e-06
SHKK_REV_679935.3.peg.2801-MONOMER_mod_mn2(1),0.0,-2.783046338467943e-06
SHKK_FWD_679935.3.peg.2801-MONOMER_mod_mn2(1),0.0,-8.461833165814698e-09
SHKK_REV_679935.3.peg.2801-MONOMER_mod_ca2(1),0.0,-2.7856301778044523e-06
SHKK_FWD_679935.3.peg.2801-MONOMER_mod_ca2(1),0.0,-1.1045672502323913e-08
SHKK_REV_679935.3.peg.2801-MONOMER_mod_mg2(1),0.0,-2.804167049944805e-06
SHKK_FWD_679935.3.peg.2801-MONOMER_mod_mg2(1),0.0,-2.9582544642676764e-08
SHKK_REV_679935.3.peg.2801-MONOMER_mod_fe2(1),0.0,-2.797428345776996e-06
SHKK_FWD_679935.3.peg.2801-MONOMER_mod_fe2(1),0.0,-2.2843840474867454e-08
SHKK_REV_679935.3.peg.2801-MONOMER_mod_k(1),0.0,-2.7915210592310326e-06
SHKK_FWD_679935.3.peg.2801-MONOMER_mod_k(1),0.0,-1.6936553928904258e-08
SHKK_REV_679935.3.peg.2801-MONOMER_mod_cobalt2(1),0.0,-2.7745845053021283e-06
SHKK_FWD_679935.3.peg.2801-MONOMER_mod_cobalt2(1),0.0,-1.3431938093402683e-35
SHSL2_REV_g.27343.CDS.3210-MONOMER_mod_pydx5p(1),0.0,-1.6965454939297488e-06
SHSL2_FWD_g.27343.CDS.3210-MONOMER_mod_pydx5p(1),0.0,8.678079470700409e-38
SO4t2_REV_CPLX_dummy,0.0,-1.95349389908355e-06
SO4t2_FWD_CPLX_dummy,0.0,-1.859703013638524e-37
SPMDabc_REV_CPLX_dummy,0.0,-1.95349389908355e-06
SPMDabc_FWD_CPLX_dummy,0.0007077322814459296,1.3911145123292362e-36
SPODM_REV_g.27343.CDS.68-MONOMER_mod_fe3(1),0.0,8.083784966716651e-07
SPODM_FWD_g.27343.CDS.68-MONOMER_mod_fe3(1),0.0,-1.1958399462688668e-34
STCOATA_REV_g.27343.CDS.2211-MONOMER,0.0,-1.2779737681654209e-06
STCOATA_FWD_g.27343.CDS.2211-MONOMER,0.0,-1.1892937804359576e-06
STS1_REV_g.27343.CDS.1093-MONOMER,0.0,1.248557922016691e-07
STS1_FWD_g.27343.CDS.1093-MONOMER,0.0,-7.82300676356826e-38
STS1_REV_g.27343.CDS.3002-MONOMER,0.0,-9.17310957856104e-07
STS1_FWD_g.27343.CDS.3002-MONOMER,0.0,-1.042166750057773e-06
STS1_REV_g.27343.CDS.1293-MONOMER,0.0,-2.0062976108523007e-07
STS1_FWD_g.27343.CDS.1293-MONOMER,0.0,-3.2548555328689916e-07
STYSGH_REV_g.27343.CDS.1473-MONOMER,0.0,-7.96948455257759e-36
STYSGH_FWD_g.27343.CDS.1473-MONOMER,0.0,-2.2300542656867274e-07
STYSabc_REV_CPLX_dummy,0.0,-1.95349389908355e-06
STYSabc_FWD_CPLX_dummy,0.0,-4.941321459054304e-36
SUCCITRDSs_REV_CPLX_dummy,0.0,-1.95349389908355e-06
SUCCITRDSs_FWD_CPLX_dummy,1.4257411818838062e-57,2.412026397242285e-36
SUCCt2r_REV_CPLX_dummy,2.14462831783087,-1.859703013638524e-37
SUCCt2r_FWD_CPLX_dummy,0.0,-1.95349389908355e-06
SUCD1_REV_CPLX_SUCD1-0,0.0,-2.7835106659806797e-06
SUCD1_FWD_CPLX_SUCD1-0,0.0,-9.76746949541775e-07
SUCD4_REV_CPLX_SUCD1-0,0.0,-1.488994087736557e-34
SUCD4_FWD_CPLX_SUCD1-0,0.0,-3.760257615522455e-06
SUCDi_REV_CPLX_FRD2-0,0.0,-6.119790410657578e-07
SUCDi_FWD_CPLX_FRD2-0,0.0,-2.5654729401493077e-06
SUCDimq_REV_CPLX_FRD2-0,0.0,-1.3796745444757018e-06
SUCDimq_FWD_CPLX_FRD2-0,0.0,-1.797777436739364e-06
SUCORNTC_REV_CPLX_dummy,0.0,-1.95349389908355e-06
SUCORNTC_FWD_CPLX_dummy,0.0,2.1826690087521787e-36
SUCR_REV_g.27343.CDS.309-MONOMER,0.0,-2.414133340563814e-06
SUCR_FWD_g.27343.CDS.309-MONOMER,0.0,-2.1737604736894458e-06
SUCR_REV_g.27343.CDS.563-MONOMER,0.0,-2.202108591888565e-06
SUCR_FWD_g.27343.CDS.563-MONOMER,0.0,-1.961735725014197e-06
SUCR_REV_g.27343.CDS.1814-MONOMER,0.0,-2.403728668743683e-07
SUCR_FWD_g.27343.CDS.1814-MONOMER,0.0,-1.642725280283621e-36
SUCR_REV_g.27343.CDS.2560-MONOMER,0.0,-4.7063328094016614e-07
SUCR_FWD_g.27343.CDS.2560-MONOMER,0.0,-2.3026041406579783e-07
SUCpts_REV_CPLX_ACGApts-0,0.0,-4.814011960863741e-06
SUCpts_FWD_CPLX_ACGApts-0,0.0,5.7443692280712344e-37
TALA_REV_679935.3.peg.671-MONOMER,0.0,-1.6868584858343242e-06
TALA_FWD_679935.3.peg.671-MONOMER,0.0,-3.0970061499436946e-06
TALA_REV_679935.3.peg.1777-MONOMER,0.0,-4.579842276711664e-07
TALA_FWD_679935.3.peg.1777-MONOMER,0.0,-1.868131891780537e-06
TCDCHOLBHSe_REV_CPLX_dummy,0.0,-1.95349389908355e-06
TCDCHOLBHSe_FWD_CPLX_dummy,0.0,-1.807291558443658e-40
TCHOLBHSe_REV_CPLX_dummy,0.0,-1.95349389908355e-06
TCHOLBHSe_FWD_CPLX_dummy,0.0,-1.807291558443658e-40
TDCOATA_REV_g.27343.CDS.2211-MONOMER,0.034299008896545594,-1.0655435639551364e-37
TDCOATA_FWD_g.27343.CDS.2211-MONOMER,0.0,-2.467268796858358e-06
TDG3PACT_REV_CPLX_G3PAT120-0,0.0,2.1872820349064085e-35
TDG3PACT_FWD_CPLX_G3PAT120-0,0.0,-2.193618692650389e-06
TDPDRE_REV_g.27343.CDS.1540-MONOMER,0.0,-1.9663073992273017e-06
TDPDRE_FWD_g.27343.CDS.1540-MONOMER,0.00571648380146751,-5.206814064964784e-35
TDPDRE_REV_g.27343.CDS.2295-MONOMER,0.0,-1.9829424128339427e-06
TDPDRE_FWD_g.27343.CDS.2295-MONOMER,0.0,-1.6635013606641156e-08
TDPDRRr_REV_g.27343.CDS.2200-MONOMER,0.0,-2.8865176378185304e-06
TDPDRRr_FWD_g.27343.CDS.2200-MONOMER,0.0,-4.525380060156266e-08
TDPDRRr_REV_g.27343.CDS.1826-MONOMER,0.0,-2.8412638372169677e-06
TDPDRRr_FWD_g.27343.CDS.1826-MONOMER,0.00571648380146751,-5.603071311998929e-36
TDPGDH_REV_g.27343.CDS.2680-MONOMER,0.0,-2.1902931016394877e-06
TDPGDH_FWD_g.27343.CDS.2680-MONOMER,0.00571648380146751,5.705985187656627e-36
TDPGDH_REV_g.27343.CDS.2807-MONOMER,0.0,-2.5507840744376427e-06
TDPGDH_FWD_g.27343.CDS.2807-MONOMER,0.0,-3.6049097279815533e-07
TDPGDH_REV_g.27343.CDS.985-MONOMER_mod_nad(1),0.0,-2.291738908574922e-06
TDPGDH_FWD_g.27343.CDS.985-MONOMER_mod_nad(1),0.0,-1.0144580693543446e-07
TDSK_REV_g.27343.CDS.2320-MONOMER_mod_mg2(1),0.0,-1.0433958062038904e-06
TDSK_FWD_g.27343.CDS.2320-MONOMER_mod_mg2(1),0.00571648380146751,-2.542715804123282e-35
TECA2S140_REV_g.27343.CDS.1768-MONOMER,0.0,2.979833049822618e-34
TECA2S140_FWD_g.27343.CDS.1768-MONOMER,0.0,-1.0552427332348592e-07
TECA2S160_REV_g.27343.CDS.1768-MONOMER,0.0,2.979833049822618e-34
TECA2S160_FWD_g.27343.CDS.1768-MONOMER,0.0,-1.0552427332348592e-07
TECA2S180_REV_g.27343.CDS.1768-MONOMER,0.0,2.979833049822618e-34
TECA2S180_FWD_g.27343.CDS.1768-MONOMER,0.0,-1.0552427332348592e-07
TECA2SAI15_REV_g.27343.CDS.1768-MONOMER,0.0,-3.7373075158098927e-34
TECA2SAI15_FWD_g.27343.CDS.1768-MONOMER,0.0,-1.0552427332348592e-07
TECA2SAI17_REV_g.27343.CDS.1768-MONOMER,0.0,-3.7373075158098927e-34
TECA2SAI17_FWD_g.27343.CDS.1768-MONOMER,0.0,-1.0552427332348592e-07
TECA2SI14_REV_g.27343.CDS.1768-MONOMER,0.0,-3.7873723299363723e-35
TECA2SI14_FWD_g.27343.CDS.1768-MONOMER,0.0,-1.0552427332348592e-07
TECA2SI15_REV_g.27343.CDS.1768-MONOMER,0.0,-3.7873723299363723e-35
TECA2SI15_FWD_g.27343.CDS.1768-MONOMER,0.0,-1.0552427332348592e-07
TECA2SI16_REV_g.27343.CDS.1768-MONOMER,0.0,-3.7873723299363723e-35
TECA2SI16_FWD_g.27343.CDS.1768-MONOMER,0.0,-1.0552427332348592e-07
TECA2SI17_REV_g.27343.CDS.1768-MONOMER,0.0,-3.7873723299363723e-35
TECA2SI17_FWD_g.27343.CDS.1768-MONOMER,0.0,-1.0552427332348592e-07
TECA5S140_REV_g.27343.CDS.1157-MONOMER_mod_mg2(1),0.0,5.733132237928116e-34
TECA5S140_FWD_g.27343.CDS.1157-MONOMER_mod_mg2(1),0.0,-1.4893398053156711e-06
TECA5S160_REV_g.27343.CDS.1157-MONOMER_mod_mg2(1),0.0,5.733132237928116e-34
TECA5S160_FWD_g.27343.CDS.1157-MONOMER_mod_mg2(1),0.0,-1.4893398053156711e-06
TECA5S180_REV_g.27343.CDS.1157-MONOMER_mod_mg2(1),0.0,5.733132237928116e-34
TECA5S180_FWD_g.27343.CDS.1157-MONOMER_mod_mg2(1),0.0,-1.4893398053156711e-06
TECA5SAI15_REV_g.27343.CDS.1157-MONOMER_mod_mg2(1),0.0,-1.4893398053156711e-06
TECA5SAI15_FWD_g.27343.CDS.1157-MONOMER_mod_mg2(1),0.0,-2.8899748412349995e-35
TECA5SAI17_REV_g.27343.CDS.1157-MONOMER_mod_mg2(1),0.0,-1.4893398053156711e-06
TECA5SAI17_FWD_g.27343.CDS.1157-MONOMER_mod_mg2(1),0.0,-2.8899748412349995e-35
TECA5SI14_REV_g.27343.CDS.1157-MONOMER_mod_mg2(1),0.0,-1.4893398053156711e-06
TECA5SI14_FWD_g.27343.CDS.1157-MONOMER_mod_mg2(1),0.0,2.722067376902308e-34
TECA5SI15_REV_g.27343.CDS.1157-MONOMER_mod_mg2(1),0.0,-1.4893398053156711e-06
TECA5SI15_FWD_g.27343.CDS.1157-MONOMER_mod_mg2(1),0.0,2.722067376902308e-34
TECA5SI16_REV_g.27343.CDS.1157-MONOMER_mod_mg2(1),0.0,-1.4893398053156711e-06
TECA5SI16_FWD_g.27343.CDS.1157-MONOMER_mod_mg2(1),0.0,2.722067376902308e-34
TECA5SI17_REV_g.27343.CDS.1157-MONOMER_mod_mg2(1),0.0,-1.4893398053156711e-06
TECA5SI17_FWD_g.27343.CDS.1157-MONOMER_mod_mg2(1),0.0,2.722067376902308e-34
THDPS_REV_g.27343.CDS.525-MONOMER,0.0,1.3862402315650605e-07
THDPS_FWD_g.27343.CDS.525-MONOMER,0.0,2.399182172380049e-35
THIORDXi_REV_g.27343.CDS.46-MONOMER,0.0,1.718537030142265e-06
THIORDXi_FWD_g.27343.CDS.46-MONOMER,0.0,1.0753055675821717e-35
THIORDXi_REV_g.27343.CDS.2959-MONOMER,0.0,4.673408224385636e-07
THIORDXi_FWD_g.27343.CDS.2959-MONOMER,0.0,-1.2511962077170186e-06
THMDt2r_REV_g.27343.CDS.521-MONOMER,0.0,-1.1105893537293928e-06
THMDt2r_FWD_g.27343.CDS.521-MONOMER,-6.982522037546467e-23,6.942406479533864e-38
THMabc_REV_CPLX_dummy,0.0,-1.95349389908355e-06
THMabc_FWD_CPLX_dummy,0.0007077545750463278,-1.2856866423283729e-35
THRD_REV_679935.3.peg.1114-MONOMER,0.0,-2.2570799413592605e-06
THRD_FWD_679935.3.peg.1114-MONOMER,0.16377751270990326,-3.931770625461134e-36
THRD_L_REV_CPLX_dummy,0.0,0.013412700429992193
THRD_L_FWD_CPLX_dummy,0.0,-0.013414653923891276
THRS_REV_679935.3.peg.1406-MONOMER,0.0,0.010514407714834627
THRS_FWD_679935.3.peg.1406-MONOMER,0.0,-0.010518544220365699
THRS_REV_679935.3.peg.2941-MONOMER,0.0,0.010515167870486142
THRS_FWD_679935.3.peg.2941-MONOMER,0.0,-0.010517784064714184
THRt2r_REV_CPLX_dummy,0.0,-1.95349389908355e-06
THRt2r_FWD_CPLX_dummy,0.225,1.910880025827287e-36
TKT1_REV_679935.3.peg.2349-MONOMER,0.0,-4.304974446580537e-06
TKT1_FWD_679935.3.peg.2349-MONOMER,0.4405114616055068,-1.2568685558013396e-35
TKT1_REV_679935.3.peg.388-MONOMER_mod_thmpp(1)_mod_mn2(1)_mod_mg2(1),0.0,-4.6853653143128646e-06
TKT1_FWD_679935.3.peg.388-MONOMER_mod_thmpp(1)_mod_mn2(1)_mod_mg2(1),0.0,-3.803908677323282e-07
TKT2_REV_679935.3.peg.2349-MONOMER,0.0,-4.304974446580537e-06
TKT2_FWD_679935.3.peg.2349-MONOMER,0.41764552639963676,1.2416989711493995e-35
TKT2_REV_679935.3.peg.388-MONOMER_mod_thmpp(1)_mod_mn2(1)_mod_mg2(1),0.0,-4.6853653143128646e-06
TKT2_FWD_679935.3.peg.388-MONOMER_mod_thmpp(1)_mod_mn2(1)_mod_mg2(1),0.0,-3.803908677323282e-07
TMDK1_REV_g.27343.CDS.1155-MONOMER,0.0,0.012585583210297914
TMDK1_FWD_g.27343.CDS.1155-MONOMER,0.0,-0.01258698130483057
TMDK2_REV_CPLX_dummy,0.0,0.012586282257564241
TMDK2_FWD_CPLX_dummy,0.0,-0.012588235751463325
TMDS_REV_g.27343.CDS.2159-MONOMER_mod_mg2(1),0.0,-2.0569408709540814e-06
TMDS_FWD_g.27343.CDS.2159-MONOMER_mod_mg2(1),0.009200438311179997,-1.1158655550691424e-36
TMK_REV_CPLX_dummy,0.0,-1.95349389908355e-06
TMK_FWD_CPLX_dummy,0.0007077545750463278,1.217369775946952e-35
TMN_REV_g.27343.CDS.2365-MONOMER,0.0,-2.0913801215306287e-06
TMN_FWD_g.27343.CDS.2365-MONOMER,0.0,8.244446288881825e-37
TMN_REV_g.27343.CDS.2775-MONOMER,0.0,-2.4376740731595334e-06
TMN_FWD_g.27343.CDS.2775-MONOMER,0.0,-3.462939516289048e-07
TMPK_REV_g.27343.CDS.1400-MONOMER,0.0,-3.247197315529932e-06
TMPK_FWD_g.27343.CDS.1400-MONOMER,0.0007077545750463278,-4.3399958703360236e-35
TMPK_REV_g.27343.CDS.115-MONOMER_mod_mg2(1),0.0,-4.029299205930803e-06
TMPK_FWD_g.27343.CDS.115-MONOMER_mod_mg2(1),0.0,-7.821018904008713e-07
TPI_REV_679935.3.peg.1704-MONOMER,0.0,-2.3299789459810953e-06
TPI_FWD_679935.3.peg.1704-MONOMER,3.346704526155848,-3.168520619784897e-36
TRDOXOX_REV_g.27343.CDS.3155-MONOMER,0.0,-1.0340844908804402e-35
TRDOXOX_FWD_g.27343.CDS.3155-MONOMER,0.0,-8.6627151005364e-07
TRDRr_REV_g.27343.CDS.1153-MONOMER,0.0,-3.849771770366337e-06
TRDRr_FWD_g.27343.CDS.1153-MONOMER,0.9774914208732459,-8.278196182694013e-34
TREGLUDR2_REV_g.27343.CDS.1571-MONOMER,0.0,1.5374576934894371e-35
TREGLUDR2_FWD_g.27343.CDS.1571-MONOMER,0.0,-4.591481104748218e-06
TREH_REV_g.27343.CDS.2322-MONOMER,0.0,0.013434551043438304
TREH_FWD_g.27343.CDS.2322-MONOMER,0.0,-0.013433850256153236
TREpts_REV_CPLX_ACGApts-0,0.0,-4.814011960863741e-06
TREpts_FWD_CPLX_ACGApts-0,0.0,5.7443692280712344e-37
TRPAS2i_REV_g.27343.CDS.724-MONOMER,0.0,-4.045771111860252e-06
TRPAS2i_FWD_g.27343.CDS.724-MONOMER,0.06557963559410344,-2.6727159173987355e-36
TRPTA_REV_679935.3.peg.2902-MONOMER_mod_pydx5p(1),0.0,1.7765435605289412e-35
TRPTA_FWD_679935.3.peg.2902-MONOMER_mod_pydx5p(1),0.0,-3.8135888578836717e-06
TRPt2r_REV_CPLX_dummy,0.0,-1.95349389908355e-06
TRPt2r_FWD_CPLX_dummy,0.08181818,1.1750996110173754e-36
TTDCAt2_REV_g.27343.CDS.2168-MONOMER,0.0,-2.889525670059603e-06
TTDCAt2_FWD_g.27343.CDS.2168-MONOMER,0.034299008896545594,-2.74291480198998e-37
TYRTA_REV_679935.3.peg.2902-MONOMER_mod_pydx5p(1),0.0,-3.8135888578836717e-06
TYRTA_FWD_679935.3.peg.2902-MONOMER_mod_pydx5p(1),4.7174656447817e-25,-2.13729619381402e-36
TYRt2r_REV_CPLX_dummy,0.0,-1.95349389908355e-06
TYRt2r_FWD_CPLX_dummy,1.0,-1.4019275754229083e-36
U23GAAT_REV_g.27343.CDS.423-MONOMER,0.0,-3.1648928530955294e-06
U23GAAT_FWD_g.27343.CDS.423-MONOMER,0.01143296760293502,1.7956538011364135e-34
UAAGDS_REV_g.27343.CDS.1938-MONOMER,0.0,-1.5500689190461334e-06
UAAGDS_FWD_g.27343.CDS.1938-MONOMER,0.0,3.8563742458724205e-36
UAG4E_REV_g.27343.CDS.1007-MONOMER_mod_nad(1),0.0,-2.8819917416115312e-06
UAG4E_FWD_g.27343.CDS.1007-MONOMER_mod_nad(1),0.0,3.837096727694969e-36
UAGAAT_REV_g.27343.CDS.758-MONOMER,0.0,-3.4098765065847317e-06
UAGAAT_FWD_g.27343.CDS.758-MONOMER,0.01143296760293502,-1.0705776277748395e-35
UAGCVT_r_REV_g.27343.CDS.1903-MONOMER,0.0,-3.387421035201463e-09
UAGCVT_r_FWD_g.27343.CDS.1903-MONOMER,0.0,5.916024746787525e-36
UAGDP_REV_CPLX_dummy,0.0,-1.95349389908355e-06
UAGDP_FWD_CPLX_dummy,0.01143296760293502,8.63434803647172e-36
UAGPT2_REV_g.27343.CDS.1493-MONOMER,0.0,-3.2997476291054956e-06
UAGPT2_FWD_g.27343.CDS.1493-MONOMER,0.0,-1.4341588281546412e-36
UAGPT3_REV_g.27343.CDS.1493-MONOMER,0.0,-3.2997476291054956e-06
UAGPT3_FWD_g.27343.CDS.1493-MONOMER,0.0,7.653915539280319e-35
UAMAGS_REV_g.27343.CDS.1685-MONOMER_mod_k(1)_mod_mg2(1),0.0,-5.88232615406891e-07
UAMAGS_FWD_g.27343.CDS.1685-MONOMER_mod_k(1)_mod_mg2(1),0.0,-2.469756502390922e-35
UAMAS_REV_g.27343.CDS.1872-MONOMER_mod_mg2(1),0.0,-1.0067230742768244e-06
UAMAS_FWD_g.27343.CDS.1872-MONOMER_mod_mg2(1),0.0,-1.101909773074097e-34
UAPGR_REV_g.27343.CDS.334-MONOMER_mod_fad(1),0.0,-6.504990828718125e-07
UAPGR_FWD_g.27343.CDS.334-MONOMER_mod_fad(1),0.0,-2.411416181925045e-35
UDCPDP_REV_g.27343.CDS.1917-MONOMER,0.0,-1.4781402757100338e-06
UDCPDP_FWD_g.27343.CDS.1917-MONOMER,0.0,-2.1769801115362813e-35
UDCPDPS_REV_g.27343.CDS.1829-MONOMER_mod_mg2(1),0.0,-2.5390598872349613e-06
UDCPDPS_FWD_g.27343.CDS.1829-MONOMER_mod_mg2(1),0.00571648380146751,1.6594631006528038e-34
UDPG4E_REV_g.27343.CDS.1007-MONOMER_mod_nad(1),0.0,-7.336609412849176e-36
UDPG4E_FWD_g.27343.CDS.1007-MONOMER_mod_nad(1),0.0,-2.8819917416115312e-06
UDPGDr_REV_g.27343.CDS.204-MONOMER,0.0,-4.831151607698814e-07
UDPGDr_FWD_g.27343.CDS.204-MONOMER,0.0,-5.748710699496443e-07
UDPGDr_REV_g.27343.CDS.361-MONOMER,0.0,-2.2606103764990334e-34
UDPGDr_FWD_g.27343.CDS.361-MONOMER,0.0,-9.17559091797629e-08
UGMDDS_REV_g.27343.CDS.2192-MONOMER,0.0,-1.9634994950252787e-06
UGMDDS_FWD_g.27343.CDS.2192-MONOMER,0.0,7.525058233650304e-35
UGMDDS_REV_g.27343.CDS.812-MONOMER,0.0,-3.0472436347893986e-06
UGMDDS_FWD_g.27343.CDS.812-MONOMER,0.0,-1.0837441397641199e-06
UHGADA_REV_CPLX_dummy,0.0,-1.95349389908355e-06
UHGADA_FWD_CPLX_dummy,0.01143296760293502,1.5861975513169586e-35
UMPK_REV_679935.3.peg.1168-MONOMER,0.0,-2.475714766406844e-06
UMPK_FWD_679935.3.peg.1168-MONOMER,1.0192466742907789,9.123633518805606e-35
UPPRT_REV_g.27343.CDS.1804-MONOMER,0.0,0.012457792608604346
UPPRT_FWD_g.27343.CDS.1804-MONOMER,0.0,-0.012460675178224453
URAt2_REV_CPLX_dummy,0.0,0.032299956707108404
URAt2_FWD_CPLX_dummy,0.0,-0.03230191020100749
URCN_REV_g.27343.CDS.3072-MONOMER,0.0,-3.811456979788855e-06
URCN_FWD_g.27343.CDS.3072-MONOMER,0.1342219457217394,-1.181317139294957e-36
UREA_REV_CPLX_UREA-1,0.0,3.4075453744956377e-07
UREA_FWD_CPLX_UREA-1,9.722711103273809e-25,1.2283705953079658e-37
UREA_REV_CPLX_UREA-0,0.0,-3.841493657212306e-07
UREA_FWD_CPLX_UREA-0,0.0,-7.249039031707944e-07
UREAt_REV_g.27343.CDS.1561-MONOMER,0.0,-2.3069661790625304e-06
UREAt_FWD_g.27343.CDS.1561-MONOMER,9.722711103273809e-25,-6.689517593273125e-37
URIDK3_REV_g.27343.CDS.1828-MONOMER,3.347843323524061e-18,1.778656929745994e-36
URIDK3_FWD_g.27343.CDS.1828-MONOMER,0.0,-1.7966840958260252e-06
URIDK3_REV_g.27343.CDS.3073-MONOMER_mod_mg2(1),0.9682919373238295,-6.2427444246092e-36
URIDK3_FWD_g.27343.CDS.3073-MONOMER_mod_mg2(1),0.0,-1.7966840958260252e-06
URIK1_REV_g.27343.CDS.3012-MONOMER_mod_mg2(1),0.0,-9.234053753615473e-07
URIK1_FWD_g.27343.CDS.3012-MONOMER_mod_mg2(1),0.03170806267617051,-2.441884460975478e-36
URIK1_REV_g.27343.CDS.1825-MONOMER,0.0,-1.6709917573134285e-06
URIK1_FWD_g.27343.CDS.1825-MONOMER,0.0,-7.475863819518811e-07
URIK10_REV_g.27343.CDS.3012-MONOMER_mod_mg2(1),0.0,5.334157418022774e-08
URIK10_FWD_g.27343.CDS.3012-MONOMER_mod_mg2(1),0.0,-9.76746949541775e-07
URIK11_REV_g.27343.CDS.3012-MONOMER_mod_mg2(1),0.0,-9.234053753615473e-07
URIK11_FWD_g.27343.CDS.3012-MONOMER_mod_mg2(1),0.0,4.763682131564453e-37
URIK12_REV_g.27343.CDS.3012-MONOMER_mod_mg2(1),0.0,-9.234053753615473e-07
URIK12_FWD_g.27343.CDS.3012-MONOMER_mod_mg2(1),0.0,-2.6182449410720037e-34
URIK13_REV_g.27343.CDS.3012-MONOMER_mod_mg2(1),0.0,5.334157418022774e-08
URIK13_FWD_g.27343.CDS.3012-MONOMER_mod_mg2(1),0.0,-9.76746949541775e-07
URIK14_REV_g.27343.CDS.3012-MONOMER_mod_mg2(1),0.0,5.334157418022774e-08
URIK14_FWD_g.27343.CDS.3012-MONOMER_mod_mg2(1),0.0,-9.76746949541775e-07
URIK2_REV_g.27343.CDS.3012-MONOMER_mod_mg2(1),0.0,5.334157418022774e-08
URIK2_FWD_g.27343.CDS.3012-MONOMER_mod_mg2(1),0.0,-9.76746949541775e-07
URIK2_REV_g.27343.CDS.1825-MONOMER,0.0,-6.942448077716533e-07
URIK2_FWD_g.27343.CDS.1825-MONOMER,0.0,-1.7243333314936561e-06
URIK3_REV_g.27343.CDS.3012-MONOMER_mod_mg2(1),0.0,-9.234053753615473e-07
URIK3_FWD_g.27343.CDS.3012-MONOMER_mod_mg2(1),0.0,1.1304031419194933e-36
URIK3_REV_g.27343.CDS.1825-MONOMER,0.0,-1.6709917573134285e-06
URIK3_FWD_g.27343.CDS.1825-MONOMER,0.0,-7.475863819518811e-07
URIK4_REV_g.27343.CDS.3012-MONOMER_mod_mg2(1),0.0,5.334157418022774e-08
URIK4_FWD_g.27343.CDS.3012-MONOMER_mod_mg2(1),0.0,-9.76746949541775e-07
URIK5_REV_g.27343.CDS.3012-MONOMER_mod_mg2(1),0.0,5.334157418022774e-08
URIK5_FWD_g.27343.CDS.3012-MONOMER_mod_mg2(1),0.0,-9.76746949541775e-07
URIK6_REV_g.27343.CDS.3012-MONOMER_mod_mg2(1),0.0,-9.234053753615473e-07
URIK6_FWD_g.27343.CDS.3012-MONOMER_mod_mg2(1),0.9682919373238295,1.5419553553499378e-35
URIK7_REV_g.27343.CDS.3012-MONOMER_mod_mg2(1),0.0,-9.234053753615473e-07
URIK7_FWD_g.27343.CDS.3012-MONOMER_mod_mg2(1),0.0,-2.3821286625204357e-34
URIK8_REV_g.27343.CDS.3012-MONOMER_mod_mg2(1),0.0,5.334157418022774e-08
URIK8_FWD_g.27343.CDS.3012-MONOMER_mod_mg2(1),0.0,-9.76746949541775e-07
URIK9_REV_g.27343.CDS.3012-MONOMER_mod_mg2(1),0.0,5.334157418022774e-08
URIK9_FWD_g.27343.CDS.3012-MONOMER_mod_mg2(1),0.0,-9.76746949541775e-07
URIt2r_REV_g.27343.CDS.521-MONOMER,0.0,-1.1105893537293928e-06
URIt2r_FWD_g.27343.CDS.521-MONOMER,1.0,-1.5524065591687704e-36
USHD_REV_g.27343.CDS.2887-MONOMER,0.0,-2.2981537749714855e-06
USHD_FWD_g.27343.CDS.2887-MONOMER,0.00571648380146751,3.2835758928103244e-38
UTPATPT_REV_679935.3.peg.1052-MONOMER_mod_mg2(1),0.0,-1.143294173548933e-06
UTPATPT_FWD_679935.3.peg.1052-MONOMER_mod_mg2(1),0.0,-9.76746949541775e-07
VALTA_REV_679935.3.peg.1442-MONOMER,0.6512521806593122,-3.9557879033286554e-36
VALTA_FWD_679935.3.peg.1442-MONOMER,0.0,-1.8258677171150523e-06
VALt2r_REV_CPLX_dummy,0.5769837817218332,-3.846411622591314e-37
VALt2r_FWD_CPLX_dummy,0.0,-1.95349389908355e-06
XPPTr_REV_g.27343.CDS.73-MONOMER,0.0,-1.6646287089081317e-07
XPPTr_FWD_g.27343.CDS.73-MONOMER,3.1078427072989722e-24,-5.30929018566261e-36
XTSNH_REV_g.27343.CDS.3125-MONOMER,0.0,0.013434084322839929
XTSNH_FWD_g.27343.CDS.3125-MONOMER,0.0,-0.01343612046816453
XYLI1_REV_g.27343.CDS.2221-MONOMER_mod_mn2(1),0.0,-2.80271367494603e-06
XYLI1_FWD_g.27343.CDS.2221-MONOMER_mod_mn2(1),0.0,-9.086998373083716e-08
XYLI1_REV_g.27343.CDS.1290-MONOMER,0.0,-2.7118436912151928e-06
XYLI1_FWD_g.27343.CDS.1290-MONOMER,0.17878295,3.490737848367087e-36
XYLI2_REV_g.27343.CDS.2221-MONOMER_mod_mn2(1),0.0,-9.086998373083716e-08
XYLI2_FWD_g.27343.CDS.2221-MONOMER_mod_mn2(1),0.0,-2.80271367494603e-06
XYLI2_REV_g.27343.CDS.1290-MONOMER,0.0,-3.816872157086535e-37
XYLI2_FWD_g.27343.CDS.1290-MONOMER,0.0,-2.7118436912151928e-06
XYLK_REV_g.27343.CDS.2350-MONOMER_mod_mg2(1),0.0,-5.365322559908439e-06
XYLK_FWD_g.27343.CDS.2350-MONOMER_mod_mg2(1),0.17878295,1.3100493895855794e-35
XYLt_REV_g.27343.CDS.1956-MONOMER,0.0,-1.4864231663295983e-06
XYLt_FWD_g.27343.CDS.1956-MONOMER,0.17878295,3.424303456786589e-36
XYLt_REV_g.27343.CDS.2326-MONOMER,0.0,-2.08559434034861e-06
XYLt_FWD_g.27343.CDS.2326-MONOMER,0.0,-5.991711740190116e-07
XYLt_REV_g.27343.CDS.2529-MONOMER,0.0,-2.222775452594987e-06
XYLt_FWD_g.27343.CDS.2529-MONOMER,0.0,-7.363522862653885e-07
YUMPS_REV_g.27343.CDS.1898-MONOMER_mod_mg2(1),0.0,-1.8950840779356229e-06
YUMPS_FWD_g.27343.CDS.1898-MONOMER_mod_mg2(1),0.0,-8.357340364803503e-07
YUMPS_REV_CPLX_YUMPS-0,0.0,-1.0593500414552725e-06
YUMPS_FWD_CPLX_YUMPS-0,0.0,-1.9772024054696295e-36
ZN2t4_REV_g.27343.CDS.1216-MONOMER,3.43178302750567e-07,1.1499715524248469e-36
ZN2t4_FWD_g.27343.CDS.1216-MONOMER,0.0,-3.36921608707171e-06
ZNabc_REV_CPLX_ZNabc-0,0.0,0.016787044291885045
ZNabc_FWD_CPLX_ZNabc-0,0.0,-0.016790981620860998
dreplication_REV_CPLX_dreplication-14,0.0,-2.1039743972616284e-06
dreplication_FWD_CPLX_dreplication-14,0.0,-3.832727975879611e-08
dreplication_REV_CPLX_dreplication-11,0.0,-2.211962635355383e-06
dreplication_FWD_CPLX_dreplication-11,0.0,-1.4631551785255094e-07
dreplication_REV_CPLX_dreplication-5,0.0,-2.1685099823072113e-06
dreplication_FWD_CPLX_dreplication-5,0.0,-1.0286286480437896e-07
dreplication_REV_CPLX_dreplication-15,0.0,-2.118893436901724e-06
dreplication_FWD_CPLX_dreplication-15,0.0,-5.324631939889141e-08
dreplication_REV_CPLX_dreplication-2,0.0,-2.1525748926666064e-06
dreplication_FWD_CPLX_dreplication-2,0.0,-8.692777516377418e-08
dreplication_REV_CPLX_dreplication-8,0.0,-2.1926575288977163e-06
dreplication_FWD_CPLX_dreplication-8,0.0,-1.2701041139488422e-07
dreplication_REV_CPLX_dreplication-3,0.0,-2.167595201031674e-06
dreplication_FWD_CPLX_dreplication-3,0.0,-1.0194808352884169e-07
dreplication_REV_CPLX_dreplication-6,0.0,-2.167024787584954e-06
dreplication_FWD_CPLX_dreplication-6,0.0,-1.0137767008212185e-07
dreplication_REV_CPLX_dreplication-4,0.0,-2.1537096527722756e-06
dreplication_FWD_CPLX_dreplication-4,0.0,-8.806253526944329e-08
dreplication_REV_CPLX_dreplication-1,0.0,-2.159865521034398e-06
dreplication_FWD_CPLX_dreplication-1,0.0,-9.421840353156574e-08
dreplication_REV_CPLX_dreplication-10,0.0,-2.197217454295628e-06
dreplication_FWD_CPLX_dreplication-10,0.0,-1.3157033679279574e-07
dreplication_REV_CPLX_dreplication-7,0.0,-2.181740463968699e-06
dreplication_FWD_CPLX_dreplication-7,0.0,-1.1609334646586708e-07
dreplication_REV_CPLX_dreplication-9,0.0,-2.207310133215988e-06
dreplication_FWD_CPLX_dreplication-9,0.0,-1.416630157131558e-07
dreplication_REV_CPLX_dreplication-0,0.0,-2.1450822940940676e-06
dreplication_FWD_CPLX_dreplication-0,0.0,-7.94351765912353e-08
dreplication_REV_CPLX_dreplication-13,0.0,-2.0803678505637085e-06
dreplication_FWD_CPLX_dreplication-13,0.0,-1.4720733060876247e-08
dreplication_REV_CPLX_dreplication-12,0.0,-2.065647117502832e-06
dreplication_FWD_CPLX_dreplication-12,6.083503044430174e-24,0.0
pbiosynthesis_REV_CPLX_pbiosynthesis-0,0.0,-5.182929319577395e-06
pbiosynthesis_FWD_CPLX_pbiosynthesis-0,0.0,0.0
r0060_REV_g.27343.CDS.2046-MONOMER_mod_4fe4s(1),0.0,-3.943482753613443e-06
r0060_FWD_g.27343.CDS.2046-MONOMER_mod_4fe4s(1),2.4609542981325276,1.0560089691572879e-38
r0085_REV_g.27343.CDS.429-MONOMER,0.0,5.714689346338221e-07
r0085_FWD_g.27343.CDS.429-MONOMER,-5.411701769353864e-33,4.713740587982904e-38
r0120_REV_g.27343.CDS.1587-MONOMER_mod_zn2(1),0.0,2.2381830139366305e-06
r0120_FWD_g.27343.CDS.1587-MONOMER_mod_zn2(1),0.0,2.3482465733312932e-35
r0127_REV_679935.3.peg.1472-MONOMER,0.0,-3.443593553909897e-06
r0127_FWD_679935.3.peg.1472-MONOMER,0.16606934986621233,-1.158047095644622e-34
r0191_REV_g.27343.CDS.635-MONOMER,0.0,-1.257307874420458e-07
r0191_FWD_g.27343.CDS.635-MONOMER,0.0,-2.7167311748708976e-07
r0345_REV_g.27343.CDS.1027-MONOMER,1.3858727514575718e-25,4.335481832696852e-36
r0345_FWD_g.27343.CDS.1027-MONOMER,0.0,-2.159126543778413e-06
r0456_REV_g.27343.CDS.635-MONOMER,0.0,-3.9740390492913556e-07
r0456_FWD_g.27343.CDS.635-MONOMER,0.012435062542366367,1.0814836747519949e-35
r0570_REV_g.27343.CDS.1758-MONOMER,0.0,-2.6478667240000505e-06
r0570_FWD_g.27343.CDS.1758-MONOMER,1.9875649374576336,9.99986570123348e-37
r0671_REV_g.27343.CDS.316-MONOMER,0.0,-4.2106283117713724e-06
r0671_FWD_g.27343.CDS.316-MONOMER,0.000708449010559177,-2.2197019763374644e-35
r0708_REV_g.27343.CDS.1587-MONOMER_mod_zn2(1),0.0,2.2381830139366305e-06
r0708_FWD_g.27343.CDS.1587-MONOMER_mod_zn2(1),0.0,-8.659505617749029e-36
r0775_REV_g.27343.CDS.1587-MONOMER_mod_zn2(1),0.0,2.2381830139366305e-06
r0775_FWD_g.27343.CDS.1587-MONOMER_mod_zn2(1),3.028917247126303e-57,-2.7211345012001665e-35
r0777_REV_g.27343.CDS.1587-MONOMER_mod_zn2(1),0.0,2.2381830139366305e-06
r0777_FWD_g.27343.CDS.1587-MONOMER_mod_zn2(1),9.314588734760636e-57,-4.533208773959354e-36
r0792_REV_g.27343.CDS.793-MONOMER_mod_fad(1),0.0008582743408681085,-1.1993222319969987e-34
r0792_FWD_g.27343.CDS.793-MONOMER_mod_fad(1),0.0,-3.2007022636233353e-06
r1144_REV_g.27343.CDS.1073-MONOMER,0.0,-1.653979928572261e-06
r1144_FWD_g.27343.CDS.1073-MONOMER,0.0,-1.061976365981313e-06
r1384_REV_g.27343.CDS.2455-MONOMER,3.1078427072989722e-24,2.9472932301312503e-36
r1384_FWD_g.27343.CDS.2455-MONOMER,0.0,-2.357710081042064e-06
r2137_REV_g.27343.CDS.2542-MONOMER,0.0,-1.6039331107621984e-06
r2137_FWD_g.27343.CDS.2542-MONOMER,0.0,-9.178470838534362e-41
rtranscription_REV_CPLX_rtranscription-0,0.0,-4.168481251970503e-06
rtranscription_FWD_CPLX_rtranscription-0,0.0,0.0
dummy_reaction_REV_SPONT,0.0,1.0
dummy_reaction_FWD_SPONT,4.491515304889845e-07,-2.3448769321147104e-34
GAM,0.2285587861927756,-0.537335865687578
ATPM,1.0,-0.013433396642189451
DNA_replication,0.04327100170709273,0.10986536091455977
formation_ribosome,1.0753004244441352e-05,1.7256332301709633e-30
formation_RNAP_g27343CDS96MONOMER,3.4236668089015395e-07,-1.9807647566030353e-33
formation_RNA_degradosome,2.988189642783744e-10,0.0
formation_rRNA_containing_excision_machinery,6.301778456500718e-11,-2.023644308658773e-32
formation_monocistronic_excision_machinery,1.703531925078242e-10,0.0
CPLX_dummy_mod_2fe2s(1)_to_generic_2fe2s_transfer_complex,0.0,0.0
CPLX_dummy_2fe2s_unloading,0.0,2.3434340924151627e-34
CPLX_dummy_mod_4fe4s(1)_to_generic_4fe4s_transfer_complex,2.3159995190967387e-12,0.0
CPLX_dummy_4fe4s_unloading,0.0,1.3391300352317691e-34
translocation_g.27343.CDS.1836_Periplasm,0.0,2.531754233084898e-34
translocation_g.27343.CDS.2105_Inner_Membrane,2.5572676263847795e-08,-1.220190906564122e-34
translocation_g.27343.CDS.1157_Inner_Membrane,0.0,0.0
translocation_g.27343.CDS.2189_Inner_Membrane,3.205301312095547e-08,1.6889814927644968e-34
translocation_g.27343.CDS.521_Inner_Membrane,4.003399170251938e-06,0.0
translocation_g.27343.CDS.2668_Inner_Membrane,3.12905379461994e-10,2.3013900196165356e-34
translocation_679935.3.peg.2819_Membrane,-2.9084890707128808e-30,-4.555824487008244e-34
translocation_g.27343.CDS.2923_Inner_Membrane,7.687990698363218e-07,0.0
translocation_g.27343.CDS.323_Periplasm,0.0,0.0
translocation_g.27343.CDS.672_Inner_Membrane,0.0,0.0
translocation_g.27343.CDS.2980_Inner_Membrane,0.0,0.0
translocation_g.27343.CDS.1216_Inner_Membrane,3.6412070670050463e-13,2.0933172790428554e-34
translocation_g.27343.CDS.276_Inner_Membrane,9.007923416913963e-09,0.0
translocation_g.27343.CDS.1347_Inner_Membrane,0.0,0.0
translocation_g.27343.CDS.1200_Inner_Membrane,6.983686432053597e-09,0.0
translocation_g.27343.CDS.1288_Inner_Membrane,0.0018038941602474179,9.9736879257069e-37
translocation_g.27343.CDS.2823_Inner_Membrane,4.256379302036054e-08,1.1289592764632454e-34
translocation_g.27343.CDS.1751_Membrane,2.101573702719125e-06,1.8117329223854945e-34
translocation_g.27343.CDS.1917_Inner_Membrane,0.0,1.9173337137700754e-34
translocation_g.27343.CDS.2132_Inner_Membrane,6.483866190644863e-08,4.819207873606556e-34
translocation_679935.3.peg.573_Membrane,1.0994695101985436e-05,0.0
translocation_g.27343.CDS.2271_Membrane,2.467956313220869e-07,1.8483494621720052e-34
translocation_679935.3.peg.3161_Membrane,0.0,-2.92599531945075e-34
translocation_g.27343.CDS.2960_Inner_Membrane,1.067749279030994e-12,4.461333376930884e-34
translocation_g.27343.CDS.2267_Inner_Membrane,1.9497372099316663e-08,1.3128682548210332e-35
translocation_g.27343.CDS.2328_Inner_Membrane,0.0,0.0
translocation_g.27343.CDS.2535_Periplasm,0.0,-3.8650007106857375e-34
translocation_g.27343.CDS.962_Inner_Membrane,0.0,-1.0383269351617877e-34
translocation_g.27343.CDS.421_Inner_Membrane,0.0,-2.217327422957012e-34
translocation_g.27343.CDS.2284_Membrane,0.0,0.0
translocation_g.27343.CDS.1073_Inner_Membrane,1.599453643543164e-07,2.171747108286521e-34
translocation_g.27343.CDS.2681_Inner_Membrane,7.530934102356613e-07,5.209002708703953e-35
translocation_g.27343.CDS.2452_Inner_Membrane,0.0,0.0
translocation_g.27343.CDS.3_Inner_Membrane,0.0,0.0
translocation_g.27343.CDS.560_Inner_Membrane,0.0,0.0
translocation_g.27343.CDS.3196_Inner_Membrane,0.0,-1.6093777377787202e-34
translocation_g.27343.CDS.1085_Inner_Membrane,5.776991749375543e-09,0.0
translocation_g.27343.CDS.3115_Inner_Membrane,6.317972409870429e-08,0.0
translocation_679935.3.peg.2598_Membrane,1.4117537106864726e-09,3.830196421167839e-34
translocation_g.27343.CDS.179_Inner_Membrane,3.677395656501668e-07,1.9230319532285512e-35
translocation_g.27343.CDS.265_Inner_Membrane,3.677395656501668e-07,0.0
translocation_g.27343.CDS.430_Inner_Membrane,3.677395656501668e-07,2.4376941721551065e-34
translocation_g.27343.CDS.524_Inner_Membrane,3.677395656501668e-07,0.0
translocation_g.27343.CDS.794_Inner_Membrane,3.677395656501668e-07,1.5235588575969416e-35
translocation_g.27343.CDS.825_Inner_Membrane,3.677395656501668e-07,-3.8460639064571024e-35
translocation_g.27343.CDS.2248_Inner_Membrane,0.0,0.0
translocation_g.27343.CDS.1508_Periplasm,-6.677994758649298e-41,5.2970611209077375e-34
translocation_g.27343.CDS.1520_Membrane,0.0,0.0
translocation_g.27343.CDS.1890_Inner_Membrane,2.434701755407506e-63,7.6915808587957544e-34
translocation_g.27343.CDS.349_Inner_Membrane,0.0,7.2869177935891854e-34
translocation_g.27343.CDS.266_Inner_Membrane,0.0,-1.2470640276047453e-33
translocation_679935.3.peg.2242_Membrane,0.0,7.112232597181192e-35
translocation_g.27343.CDS.2344_Inner_Membrane,0.0,0.0
translocation_g.27343.CDS.573_Membrane,4.4258876581033e-06,2.151461637623797e-34
translocation_g.27343.CDS.68_Membrane,0.0,-1.4397242886009977e-34
translocation_g.27343.CDS.2320_Inner_Membrane,5.2473703519139805e-09,0.0
translocation_g.27343.CDS.2959_Inner_Membrane,1.9095244596466804e-06,2.938919613986699e-35
translocation_g.27343.CDS.724_Membrane,6.814811599017538e-08,5.132360019403717e-34
translocation_g.27343.CDS.1493_Inner_Membrane,0.0,4.091871112139362e-34
translocation_g.27343.CDS.1804_Membrane,2.315999393201586e-42,0.0
translocation_g.27343.CDS.2887_Inner_Membrane,6.130175829247978e-09,0.0
translocation_g.27343.CDS.2326_Inner_Membrane,0.0,-2.5211527302177515e-34
translocation_g.27343.CDS.300_Periplasm,0.0,2.03795279637712e-34
translocation_g.27343.CDS.3035_Inner_Membrane,0.0,0.0
translocation_g.27343.CDS.1358_Membrane,1.0753120929929888e-05,-1.576217895174777e-35
translocation_g.27343.CDS.1667_Membrane,9.428548165266641e-08,-2.4242997955381936e-34
translocation_g.27343.CDS.1759_Membrane,1.356802774006801e-07,-2.952554664031881e-34
translocation_g.27343.CDS.1766_Membrane,7.069901383435322e-08,-3.3982695466882392e-34
translocation_g.27343.CDS.2395_Membrane,3.633428475222879e-07,0.0
translocation_g.27343.CDS.2542_Inner_Membrane,0.0,2.157201225321643e-34
translocation_g.27343.CDS.1232_Membrane,8.964568928351232e-10,0.0
translocation_g.27343.CDS.1317_Membrane,5.976379285567488e-10,0.0
translocation_g.27343.CDS.1576_Membrane,1.0753004244441352e-05,-3.719456520876635e-34
translocation_g.27343.CDS.1874_Membrane,4.033688797402042e-09,2.0580252430942374e-35
translocation_g.27343.CDS.1978_Inner_Membrane,2.8875006322871065e-07,5.939071226866855e-34
translocation_g.27343.CDS.2031_Inner_Membrane,1.2603556913001437e-10,0.0
translocation_g.27343.CDS.2034_Inner_Membrane,1.1774621431512904e-06,0.0
translocation_g.27343.CDS.2317_Inner_Membrane,1.388095754241612e-08,0.0
translocation_g.27343.CDS.2355_Inner_Membrane,2.6967735344130486e-11,0.0
translocation_g.27343.CDS.2502_Membrane,1.1774621431512906e-06,0.0
translocation_g.27343.CDS.2848_Inner_Membrane,2.1005928188335702e-11,2.3924709637695166e-34
translocation_g.27343.CDS.286_Inner_Membrane,1.8727648477938619e-06,-2.9042447025712714e-34
translocation_g.27343.CDS.328_Membrane,5.393547068826097e-11,-8.097092803939915e-34
translocation_g.27343.CDS.344_Membrane,8.067377594804095e-09,-6.7067831992080234e-34
translocation_g.27343.CDS.400_Membrane,4.665461926914319e-10,-5.3709945506087165e-34
biomass_constituent_demand,0.2285587861927756,0.0715747888250087
TS_4fe4s_c,-2.3711379721520692e-06,0.0
