,fluxes,C-fluxes
EX_4abut(e),0.09573885456368794,0.38295541825475177
EX_ac(e),0.012361938132985046,0.024723876265970092
EX_for(e),0.047199708232646784,0.047199708232646784
EX_gal(e),0.07449289,0.44695734000000004
EX_lac_D(e),1.436575329761977,4.309725989285931
