,fluxes,C-fluxes
EX_ac(e),1.9777521597234113,3.9555043194468227
EX_but(e),0.17827068156569736,0.7130827262627895
EX_cys_L(e),0.0007458419975704484,0.002237525992711345
EX_succ(e),0.3640392288288951,1.4561569153155804
