,fluxes,C-fluxes
EX_ac(e),0.27545144208262495,0.5509028841652499
EX_ala_D(e),0.672760513658034,2.018281540974102
EX_cys_L(e),0.2753962827034904,0.8261888481104713
EX_tyr_L(e),0.00029324821835885907,0.0026392339652297316
