,fluxes,C-fluxes
EX_4hphac(e),0.9997957914879965,7.998366331903972
EX_ala_L(e),1.6074854034910875,4.822456210473263
EX_phpyr(e),0.6579522990205167,5.92157069118465
EX_ptrc(e),0.10113180709627784,0.40452722838511135
