,fluxes,C-fluxes
EX_dad_2(e),0.0006119343316436554,0.006119343316436554
EX_glu_L(e),0.001760315604114383,0.008801578020571915
EX_gua(e),0.0006119343316436554,0.003059671658218277
EX_lac_D(e),1.405823317938254,4.217469953814762
