,fluxes,C-fluxes
EX_ac(e),0.15031378368333526,0.3006275673666705
EX_etoh(e),0.5479956196969181,1.0959912393938362
EX_ppa(e),0.6996769870300257,2.099030961090077
EX_succ(e),0.0008579555758731765,0.003431822303492706
