,fluxes,C-fluxes
EX_ac(e),0.11358305413330431,0.22716610826660863
EX_hista(e),0.14996486920076957,0.7498243460038478
EX_ppa(e),0.8826769119685445,2.6480307359056336
EX_succ(e),1.110132756930433,4.440531027721732
EX_trypta(e),0.08180153880966234,0.8180153880966234
EX_tym(e),0.6143012112383216,4.914409689906573
