,fluxes,C-fluxes
EX_for(e),0.8622247383695933,0.8622247383695933
EX_gly(e),0.861608347808413,1.723216695616826
EX_lac_D(e),0.0010479469668082833,0.00314384090042485
