,fluxes,C-fluxes
EX_cys_L(e),0.5011633176877531,1.5034899530632595
EX_for(e),0.5003839473054158,0.5003839473054158
EX_lac_D(e),0.0008261650299701926,0.002478495089910578
