,fluxes,C-fluxes
EX_ade(e),0.9999451282301444,4.999725641150722
EX_cys_L(e),0.08769319832505944,0.2630795949751783
EX_dgsn(e),0.9999548588832677,9.999548588832678
EX_for(e),1.2120192884719982,1.2120192884719982
EX_lac_D(e),0.042664368547374494,0.1279931056421235
EX_ppa(e),1.2111257282212755,3.6333771846638268
