,fluxes,C-fluxes
EX_cys_L(e),0.013558143750238295,0.04067443125071488
EX_succ(e),0.017195579343533458,0.06878231737413383
