,fluxes,C-fluxes
EX_4hbz(e),0.0005643402428003704,0.003950381699602593
EX_ac(e),0.024316773338901473,0.048633546677802945
EX_ala_L(e),0.010787043113632962,0.03236112934089889
EX_nac(e),0.9999936269336267,5.99996176160176
EX_succ(e),0.003242559683824581,0.012970238735298324
