,fluxes,C-fluxes
EX_3mop(e),0.004768146740775124,0.028608880444650747
EX_acald(e),1.0061455429923991,2.0122910859847982
EX_actn_R(e),0.4842409605129927,1.9369638420519708
EX_ala_L(e),1.0140596234233643,3.042178870270093
EX_nac(e),0.9999907308373099,5.999944385023859
EX_succ(e),0.9993491846873811,3.9973967387495244
