,fluxes,C-fluxes
EX_ac(e),0.9946387210885248,1.9892774421770496
EX_cytd(e),0.001197753816526133,0.010779784348735196
EX_fru(e),0.05065908747979152,0.3039545248787491
EX_glyclt(e),0.9981800376282371,1.9963600752564743
EX_tyr_L(e),0.0004314666641688589,0.00388319997751973
