,fluxes,C-fluxes
EX_12ppd_S(e),0.14898579,0.44695737
EX_ac(e),5.3400740906793,10.6801481813586
EX_adn(e),0.0007079090530385393,0.007079090530385393
EX_etoh(e),1.8055420330958973,3.6110840661917947
EX_for(e),6.265972423536561,6.265972423536561
EX_glyc(e),0.1523607437064412,0.4570822311193236
EX_phe_L(e),0.9561847108737813,8.605662397864032
EX_pro_L(e),0.009931453599694754,0.04965726799847377
EX_succ(e),0.1960205973782937,0.7840823895131748
