,fluxes,C-fluxes
EX_ac(e),2.8624227862087164,5.724845572417433
EX_ade(e),0.00893927501932821,0.044696375096641046
EX_asp_L(e),0.142731460172614,0.570925840690456
EX_for(e),1.9852670723340415,1.9852670723340415
EX_gln_L(e),0.08552902498294142,0.4276451249147071
EX_glyc(e),0.00047729644546853396,0.001431889336405602
EX_ile_L(e),0.8942882646502477,5.365729587901486
EX_indole(e),0.08137773127413282,0.6510218501930626
EX_pro_L(e),0.14297106154544081,0.7148553077272041
