,fluxes,C-fluxes
EX_ac(e),0.963223918440551,1.926447836881102
EX_etoh(e),0.0009134559459311409,0.0018269118918622818
EX_indole(e),0.08169117543486631,0.6535294034789305
EX_pro_L(e),0.003233777425410295,0.016168887127051473
EX_succ(e),0.4617815333006666,1.8471261332026665
