,fluxes,C-fluxes
EX_ac(e),0.8065529157511652,1.6131058315023303
EX_acald(e),0.018168296794501188,0.036336593589002375
EX_asp_L(e),0.7839599241138124,3.1358396964552497
EX_but(e),0.0027146100581470095,0.010858440232588038
EX_etoh(e),0.7527794969575148,1.5055589939150296
EX_lac_D(e),0.011270318515338693,0.03381095554601608
