,fluxes,C-fluxes
EX_lac_D(e),1.898132239549743,5.694396718649229
EX_succ(e),0.06333671021151041,0.25334684084604164
