,fluxes,C-fluxes
EX_ac(e),0.3032761007780317,0.6065522015560634
EX_but(e),0.5055861979397874,2.0223447917591497
EX_dcyt(e),0.539349901494862,4.854149113453758
EX_glyc(e),0.000387390108326815,0.001162170324980445
