,fluxes,C-fluxes
EX_ac(e),1.7719124805811357,3.5438249611622714
EX_asp_L(e),0.1493715432969627,0.5974861731878508
EX_for(e),0.9993513489712005,0.9993513489712005
EX_glyc3p(e),0.05202999172183369,0.15608997516550105
EX_phpyr(e),0.07727586934150105,0.6954828240735094
EX_succ(e),0.1496899674232341,0.5987598696929364
