,fluxes,C-fluxes
EX_ac(e),0.26201788682625704,0.5240357736525141
EX_ade(e),1.0005217909710804,5.002608954855402
EX_dgsn(e),0.9998948324916186,9.998948324916185
EX_for(e),1.0332125237056993,1.0332125237056993
EX_ppa(e),1.0339875701831112,3.1019627105493335
