,fluxes,C-fluxes
EX_ac(e),0.7259955467507255,1.451991093501451
EX_gln_L(e),0.1797169245738705,0.8985846228693526
EX_phe_L(e),1.0000365010952024,9.000328509856821
EX_succ(e),0.4518297431460466,1.8073189725841865
