,fluxes,C-fluxes
EX_ade(e),1.9936754878456473,9.968377439228236
EX_cytd(e),0.9999436112377914,8.999492501140123
EX_dgsn(e),0.9999038174504422,9.999038174504422
EX_lac_L(e),0.44931846219924865,1.347955386597746
EX_tym(e),0.4608055621692104,3.6864444973536834
