,fluxes,C-fluxes
EX_ac(e),0.076297097257612,0.152594194515224
EX_ile_L(e),0.16685616871819228,1.0011370123091536
EX_indole(e),0.08168453255588247,0.6534762604470598
EX_lac_D(e),0.005050354880528536,0.01515106464158561
EX_lys_L(e),0.25890132243728853,1.5534079346237313
EX_succ(e),2.723475338449579,10.893901353798316
