,fluxes,C-fluxes
EX_gln_L(e),0.6576456039438996,3.288228019719498
EX_succ(e),1.2247481953848676,4.89899278153947
EX_tym(e),0.8163559028282554,6.5308472226260434
