,fluxes,C-fluxes
EX_3mop(e),0.14944380506902735,0.8966628304141642
EX_ac(e),3.2227479533693204,6.445495906738641
EX_for(e),1.1963082278178594,1.1963082278178594
