,fluxes,C-fluxes
EX_ac(e),0.49996408263250885,0.9999281652650177
EX_ala_L(e),0.9999557193429782,2.999867158028935
EX_etoh(e),0.09566857283061307,0.19133714566122614
