,fluxes,C-fluxes
EX_3mop(e),0.14904573694781673,0.8942744216869003
EX_ac(e),0.8852295919826707,1.7704591839653414
EX_acald(e),0.1962985393968629,0.3925970787937258
EX_ala_D(e),0.32465007373562665,0.97395022120688
EX_cytd(e),0.0011872969742693581,0.010685672768424224
EX_gal(e),0.00226527621229187,0.01359165727375122
EX_glu_L(e),0.17835054716172424,0.8917527358086212
EX_nac(e),0.0011576893563414285,0.006946136138048571
EX_succ(e),0.0011897650891890981,0.0047590603567563925
