,fluxes,C-fluxes
EX_ac(e),1.4596084871990906,2.9192169743981813
EX_ile_L(e),0.016782669206943407,0.10069601524166044
EX_orn(e),0.01838632102684914,0.09193160513424571
EX_trp_L(e),0.00041777184661355286,0.004595490312749082
