,fluxes,C-fluxes
EX_akg(e),0.17983701867323965,0.8991850933661982
EX_ala_L(e),1.3578171246636257,4.073451373990877
EX_ura(e),1.0,4.0
