,fluxes,C-fluxes
EX_ac(e),0.9747508473638665,1.949501694727733
EX_cytd(e),0.00795335459691718,0.07158019137225462
EX_dad_2(e),0.008406837829806313,0.08406837829806313
EX_ins(e),0.0166034943061552,0.16603494306155198
EX_lac_D(e),1.5116585169699541,4.534975550909863
EX_ttdca(e),0.04910580515763481,0.6874812722068874
