,fluxes,C-fluxes
EX_ac(e),0.962457249148007,1.924914498296014
EX_fum(e),0.0010076735451187303,0.004030694180474921
EX_glcn(e),0.9992413364343278,5.995448018605966
EX_gly(e),0.0006313224408939683,0.0012626448817879366
EX_strch2(e),0.10634978254277724,1.9142960857699904
