,fluxes,C-fluxes
EX_ac(e),0.2975848219444505,0.595169643888901
EX_adn(e),0.9875875525449419,9.87587552544942
EX_glu_L(e),0.17982431474860866,0.8991215737430434
