,fluxes,C-fluxes
EX_ac(e),11.530950213555075,23.06190042711015
EX_dad_2(e),0.00027154087164139824,0.0027154087164139823
EX_for(e),11.107001595531175,11.107001595531175
EX_fuc_L(e),0.000789,0.004734
EX_indole(e),0.05934942129509791,0.4747953703607833
EX_pac(e),0.9408118567574296,7.526494854059437
EX_ppa(e),0.8582440861356422,2.5747322584069265
