,fluxes,C-fluxes
EX_12ppd_S(e),0.14898579,0.44695737
EX_ac(e),7.0784442687648585,14.156888537529717
EX_for(e),6.091023815909469,6.091023815909469
EX_indole(e),0.060559207596587755,0.48447366077270204
EX_meoh(e),0.01957803912303458,0.01957803912303458
EX_pac(e),0.9109792776980177,7.287834221584141
EX_ppa(e),6.37148982467554,19.11446947402662
