,fluxes,C-fluxes
EX_ac(e),1.062582345856641,2.125164691713282
EX_for(e),0.0010502622821775822,0.0010502622821775822
EX_isobut(e),0.2094553652875784,0.8378214611503136
EX_ppa(e),0.05579054262701255,0.16737162788103765
EX_ttdca(e),0.04975906606634722,0.696626924928861
