,fluxes,C-fluxes
EX_ac(e),0.2986294140424907,0.5972588280849814
EX_lac_D(e),0.13940011260354968,0.418200337810649
EX_pac(e),0.05930397243756509,0.47443177950052073
EX_succ(e),0.4070829540015574,1.6283318160062297
EX_val_L(e),0.051577693004490624,0.2578884650224531
