,fluxes,C-fluxes
EX_12ppd_S(e),0.14898579,0.44695737
EX_ac(e),3.6335684840684896,7.267136968136979
EX_dad_2(e),0.0032123729083325296,0.032123729083325295
EX_for(e),2.5227294101505895,2.5227294101505895
EX_ppa(e),2.7599613439762036,8.27988403192861
EX_urea(e),0.12227884539120883,0.12227884539120883
TS_cbl1_c,0.028569742364277777,1.7713240265852221
