,fluxes,C-fluxes
EX_ac(e),3.492998616874098,6.985997233748196
EX_adn(e),0.0019501842712575579,0.01950184271257558
EX_for(e),0.006387379277547448,0.006387379277547448
EX_ppa(e),1.0744207268227473,3.2232621804682418
