,fluxes,C-fluxes
EX_ac(e),1.3159923898191894,2.631984779638379
EX_adn(e),0.0003758030561248766,0.0037580305612487657
