,fluxes,C-fluxes
EX_ac(e),1.1733615190837376,2.3467230381674753
EX_adn(e),0.00021840880715174484,0.0021840880715174485
EX_for(e),1.2273057704367134,1.2273057704367134
EX_met_L(e),0.006120939602123958,0.03060469801061979
EX_ttdca(e),0.0073663411705422515,0.10312877638759152
