,fluxes,C-fluxes
EX_ac(e),4.186634439438138,8.373268878876276
EX_cys_L(e),0.031543339605787236,0.09463001881736172
EX_dcyt(e),0.015253266701465616,0.13727940031319055
EX_for(e),1.661866822655142,1.661866822655142
