,fluxes,C-fluxes
EX_ac(e),1.6301414570120594,3.2602829140241187
EX_indole(e),0.04845032343205115,0.3876025874564092
EX_nac(e),0.0015348792907023431,0.009209275744214058
EX_thymd(e),0.19330727590207536,1.9330727590207535
