,fluxes,C-fluxes
EX_ac(e),1.0,2.0
EX_adn(e),0.0010095575096575927,0.010095575096575927
EX_ala_L(e),1.2954747670640818,3.8864243011922452
EX_for(e),0.00247653201830006,0.00247653201830006
EX_leu_L(e),0.21225602425997958,1.2735361455598775
EX_succ(e),0.7472285016448723,2.9889140065794892
