,fluxes,C-fluxes
EX_ac(e),7.3502263943469215,14.700452788693843
EX_adn(e),0.00013143292252233406,0.0013143292252233406
EX_for(e),6.244608911502901,6.244608911502901
EX_fuc_L(e),0.000789,0.004734
EX_indole(e),0.07033759111779384,0.5627007289423507
EX_meoh(e),0.006511049999999999,0.006511049999999999
EX_met_L(e),0.8743451648207579,4.371725824103789
EX_pac(e),0.9557189455429489,7.645751564343591
