,fluxes,C-fluxes
EX_2obut(e),0.21511870913239806,0.8604748365295922
EX_acald(e),0.0024744110474714497,0.004948822094942899
EX_ade(e),0.9389106922683624,4.694553461341812
EX_ala_L(e),1.4442273411548918,4.332682023464676
EX_isocapr(e),0.09693695457421496,0.5816217274452897
EX_isoval(e),0.04846847728710748,0.2423423864355374
EX_nac(e),0.9999745657117414,5.999847394270448
EX_succ(e),0.07817568306831521,0.31270273227326084
EX_val_L(e),0.07175468367583872,0.3587734183791936
