,fluxes,C-fluxes
EX_ac(e),2.5518956032179805,5.103791206435961
EX_adn(e),0.0015169274164578716,0.015169274164578715
EX_for(e),2.0307032495050104,2.0307032495050104
