,fluxes,C-fluxes
EX_ac(e),0.7944417552277253,1.5888835104554506
EX_adn(e),0.00043226942349975587,0.004322694234997559
EX_dcyt(e),0.0023794405072289915,0.021414964565060923
EX_succ(e),0.21915188927848617,0.8766075571139447
