,fluxes,C-fluxes
EX_ac(e),8.916288141292542,17.832576282585084
EX_cys_L(e),0.0437648451262389,0.1312945353787167
EX_dad_2(e),0.06663015063529457,0.6663015063529456
EX_for(e),6.71421956928896,6.71421956928896
EX_pac(e),0.9397372421020848,7.517897936816678
EX_ppa(e),4.862204481013172,14.586613443039514
