,fluxes,C-fluxes
EX_ocdca(e),0.06883329638023857,1.2389993348442943
EX_orn(e),0.14937988662517385,0.7468994331258693
EX_succ(e),0.2807395438763296,1.1229581755053184
EX_val_L(e),0.14192744429778711,0.7096372214889356
