,fluxes,C-fluxes
EX_ac(e),3.3915431356030985,6.783086271206197
EX_for(e),2.2528046518525695,2.2528046518525695
EX_lac_L(e),0.14898579,0.44695737
EX_ppa(e),1.8746853553921778,5.624056066176534
EX_pydxn(e),0.9994055044923895,7.995244035939116
EX_urea(e),0.12482128380650687,0.12482128380650687
