,fluxes,C-fluxes
EX_ac(e),2.903400246934566,5.806800493869132
EX_dad_2(e),0.006776606495480187,0.06776606495480188
EX_for(e),2.991701928204621,2.991701928204621
EX_ins(e),0.9819191710685407,9.819191710685406
EX_ppa(e),1.165742205826398,3.497226617479194
