,fluxes,C-fluxes
EX_ac(e),4.110739603385867,8.221479206771734
EX_thymd(e),0.0005476211990540646,0.005476211990540646
