,fluxes,C-fluxes
EX_ac(e),3.850025092475021,7.700050184950042
EX_for(e),2.7333393659639484,2.7333393659639484
EX_lac_L(e),0.14898579,0.44695737
EX_ppa(e),2.3985045194157246,7.195513558247174
EX_pydxn(e),0.9992662830812145,7.994130264649716
EX_urea(e),0.11869086926391313,0.11869086926391313
