,fluxes,C-fluxes
EX_ac(e),1.1445314871601429,2.2890629743202857
EX_cytd(e),0.012022624789606733,0.1082036231064606
EX_ppa(e),0.11923772963032628,0.3577131888909788
EX_succ(e),0.019335361978920947,0.07734144791568379
