,fluxes,C-fluxes
EX_ac(e),0.4322967516643036,0.8645935033286072
EX_ade(e),0.2614000137015371,1.3070000685076855
EX_for(e),0.43253144522141596,0.43253144522141596
EX_succ(e),0.00032157408466187786,0.0012862963386475114
