,fluxes,C-fluxes
EX_ac(e),0.1952292830965822,0.3904585661931644
EX_acald(e),0.27385700861446316,0.5477140172289263
EX_ade(e),0.34600815976164695,1.7300407988082347
EX_ala_L(e),0.1917943092350432,0.5753829277051297
EX_for(e),0.19663919341973451,0.19663919341973451
EX_succ(e),0.19471884741889822,0.7788753896755929
