,fluxes,C-fluxes
EX_ac(e),0.5918008808255543,1.1836017616511085
EX_dad_2(e),0.0006957349512069349,0.0069573495120693486
EX_gsn(e),0.0006957349512069349,0.0069573495120693486
EX_mnl(e),0.1487712953990093,0.8926277723940558
EX_ppa(e),0.35653144269800363,1.069594328094011
EX_succ(e),0.8001580210181337,3.200632084072535
