,fluxes,C-fluxes
EX_ac(e),11.492523170139155,22.98504634027831
EX_adn(e),0.0016548024854207632,0.016548024854207633
EX_arab_L(e),0.0055197,0.027598499999999998
EX_dcyt(e),0.02100032219161975,0.18900289972457773
EX_for(e),9.904174650379355,9.904174650379355
EX_indole(e),0.039244716654275494,0.31395773323420395
EX_pac(e),0.8819921640455402,7.055937312364321
EX_ppa(e),4.744312719161305,14.232938157483915
