,fluxes,C-fluxes
EX_ac(e),2.3031136481186785,4.606227296237357
EX_adn(e),0.0016493176529790911,0.01649317652979091
EX_ala_L(e),0.9601802908954405,2.8805408726863218
EX_for(e),1.1000962954699474,1.1000962954699474
EX_ser_L(e),0.062485258498384495,0.1874557754951535
