,fluxes,C-fluxes
EX_cys_L(e),0.0013726766307406207,0.004118029892221862
EX_succ(e),0.4363663171180384,1.7454652684721537
