,fluxes,C-fluxes
EX_ac(e),1.0002242654926172,2.0004485309852345
EX_for(e),0.950984375304144,0.950984375304144
EX_ins(e),0.00041175472461369594,0.004117547246136959
EX_succ(e),0.053715758823259546,0.21486303529303818
