,fluxes,C-fluxes
EX_ac(e),2.256931838453751,4.513863676907502
EX_dad_2(e),0.0015060439876762397,0.015060439876762397
EX_for(e),1.8013618277495782,1.8013618277495782
EX_ppa(e),0.7456328505441402,2.2368985516324207
