,fluxes,C-fluxes
EX_ac(e),3.3339631441978823,6.667926288395765
EX_dad_2(e),0.006468782344792188,0.06468782344792189
EX_for(e),3.0099327639867703,3.0099327639867703
EX_ins(e),0.9856916651464576,9.856916651464577
EX_ppa(e),1.1515215145625493,3.4545645436876478
