,fluxes,C-fluxes
EX_ac(e),3.8124872693804406,7.624974538760881
EX_dad_2(e),0.006339694863259332,0.06339694863259332
EX_for(e),3.491579671055559,3.491579671055559
EX_ins(e),0.9861063002542396,9.861063002542396
EX_orn(e),0.018862871918236185,0.09431435959118092
EX_ppa(e),0.6402246570694474,1.9206739712083423
