,fluxes,C-fluxes
EX_ac(e),0.03927528806434031,0.07855057612868062
EX_cytd(e),0.011803269202193671,0.10622942281974304
EX_for(e),1.0394319610481406,1.0394319610481406
EX_pac(e),0.022157507760142473,0.17726006208113979
EX_ppa(e),0.9996650899147101,2.9989952697441304
EX_succ(e),0.0203186017749557,0.0812744070998228
