,fluxes,C-fluxes
EX_ac(e),4.093033729393978,8.186067458787956
EX_dad_2(e),0.005215497950015161,0.052154979500151605
EX_for(e),3.5759206485566515,3.5759206485566515
EX_orn(e),0.017543736007081243,0.08771868003540621
EX_ppa(e),0.17737909651881617,0.5321372895564485
EX_pro_L(e),0.18482001945381352,0.9241000972690676
