,fluxes,C-fluxes
EX_12ppd_S(e),0.14898579,0.44695737
EX_ac(e),7.683169942830199,15.366339885660398
EX_ade(e),0.9220151578605352,4.610075789302676
EX_for(e),6.672450361973787,6.672450361973787
EX_ppa(e),8.375808945796338,25.127426837389017
EX_ptrc(e),0.06335686024704089,0.25342744098816355
