,fluxes,C-fluxes
EX_ac(e),3.2706254532620487,6.541250906524097
EX_dad_2(e),0.0033380702750593154,0.033380702750593155
EX_for(e),2.1223940529513183,2.1223940529513183
