,fluxes,C-fluxes
EX_akg(e),1.6484347960621437,8.242173980310719
EX_succ(e),1.6511934659285865,6.604773863714346
