,fluxes,C-fluxes
EX_ac(e),0.9981050008993619,1.9962100017987239
EX_for(e),1.0008418581550496,1.0008418581550496
EX_lys_L(e),0.9996679297629882,5.99800757857793
EX_thf(e),0.0030715665849684096,0.05835976511439978
