,fluxes,C-fluxes
EX_ac(e),1.4522991009134623,2.9045982018269245
EX_for(e),1.3619637921974028,1.3619637921974028
EX_orn(e),0.179688918681136,0.8984445934056801
