,fluxes,C-fluxes
EX_ac(e),0.0009619084039679741,0.0019238168079359482
EX_cys_L(e),0.031385513653109876,0.09415654095932963
EX_gly(e),0.03173653537018084,0.06347307074036168
EX_lac_L(e),1.4281040874265285,4.2843122622795855
EX_val_L(e),0.11733974142870664,0.5866987071435332
