,fluxes,C-fluxes
EX_ac(e),1.220575477255363,2.441150954510726
EX_arab_L(e),0.00551969999999999,0.02759849999999995
EX_for(e),1.2225612648290252,1.2225612648290252
EX_fru(e),0.2936826785388582,1.7620960712331493
EX_gal(e),0.00091995,0.0055197
EX_rib_D(e),0.011288716791212789,0.05644358395606394
EX_thf(e),0.12054643567914715,2.2903822779037957
EX_xyl_D(e),0.009199499999999992,0.04599749999999996
