,fluxes,C-fluxes
EX_ac(e),1.27653672166873,2.55307344333746
EX_etoh(e),0.17597700832551924,0.3519540166510385
EX_for(e),0.5985989836557601,0.5985989836557601
EX_glc_D(e),0.00282117,0.01692702
EX_gln_L(e),0.17971120136306198,0.8985560068153099
EX_gly(e),0.22477247625210156,0.4495449525042031
EX_phe_L(e),0.9998800054012811,8.998920048611529
EX_ser_L(e),0.41890164727320794,1.2567049418196239
