,fluxes,C-fluxes
EX_5mthf(e),0.0009626841092733167,0.019253682185466334
EX_ac(e),1.4686520550317024,2.9373041100634047
EX_cytd(e),0.013522991240971526,0.12170692116874374
EX_etoh(e),0.020350714208784832,0.040701428417569664
EX_for(e),1.4902104739654205,1.4902104739654205
EX_glu_L(e),0.01339793696644236,0.0669896848322118
EX_gly(e),0.4748417876579325,0.949683575315865
EX_succ(e),0.01372831512366438,0.05491326049465752
