,fluxes,C-fluxes
EX_ac(e),1.501086075878827,3.002172151757654
EX_cytd(e),0.013541762636491029,0.12187586372841926
EX_for(e),1.502211183545988,1.502211183545988
EX_fru(e),0.014748447194956474,0.08849068316973885
EX_glu_L(e),0.013393757553584828,0.06696878776792414
EX_gly(e),0.500782644678615,1.00156528935723
EX_succ(e),0.0137598552636772,0.0550394210547088
