,fluxes,C-fluxes
EX_ac(e),0.44957492263160553,0.8991498452632111
EX_gly(e),0.22419292151474424,0.4483858430294885
EX_orn(e),0.00039692323478278147,0.0019846161739139074
EX_phe_L(e),0.6690605891700511,6.02154530253046
