,fluxes,C-fluxes
EX_ac(e),3.8587140933908977,7.717428186781795
EX_etoh(e),0.52373387342492,1.04746774684984
EX_for(e),0.5251757212677506,0.5251757212677506
EX_fru(e),0.01363551,0.08181305999999999
EX_glc_D(e),1.1081415482353634,6.64884928941218
EX_glu_L(e),0.178738767095325,0.893693835476625
EX_ser_L(e),1.7040874377140813,5.112262313142244
EX_thf(e),0.4379548903118724,8.321142915925575
