,fluxes,C-fluxes
EX_ac(e),1.4909775051953698,2.9819550103907395
EX_gal(e),0.16578204000000002,0.9946922400000001
EX_glcur(e),0.00032865,0.0019719
EX_lac_L(e),0.8888643903396966,2.6665931710190898
EX_phe_L(e),0.8881931516431608,7.993738364788447
EX_ser_L(e),1.1134655697681632,3.34039670930449
EX_succ(e),0.22483810361463222,0.8993524144585289
