,fluxes,C-fluxes
EX_ac(e),1.2096362262025178,2.4192724524050355
EX_for(e),0.30696872301138833,0.30696872301138833
