,fluxes,C-fluxes
EX_ac(e),2.079115184032343,4.158230368064686
EX_cys_L(e),0.03551276374869662,0.10653829124608986
EX_for(e),0.30385166325312785,0.30385166325312785
