,fluxes,C-fluxes
EX_acac(e),0.9572678099743216,3.8290712398972864
EX_asp_L(e),0.9561281738772918,3.824512695509167
EX_cys_L(e),0.0004081661647923098,0.0012244984943769294
EX_ile_L(e),0.9994093603788919,5.996456162273351
EX_ins(e),0.9999897779387307,9.999897779387307
EX_succ(e),0.940670811026317,3.762683244105268
