,fluxes,C-fluxes
EX_3mop(e),0.9987832279041488,5.992699367424892
EX_ala_L(e),0.22223268729704831,0.6666980618911449
EX_cytd(e),0.012205527841999486,0.10984975057799538
EX_glu_L(e),0.012400851124660592,0.06200425562330296
EX_pyr(e),0.0034551370752576075,0.010365411225772822
EX_succ(e),1.2246377492874205,4.898550997149682
