,fluxes,C-fluxes
EX_cys_L(e),0.9572717694051688,2.8718153082155062
EX_glu_L(e),0.15849823828609427,0.7924911914304713
EX_gly(e),0.13152234349440092,0.26304468698880185
EX_hxan(e),0.0004944985973475069,0.0024724929867375343
EX_ile_L(e),0.8426028512331043,5.055617107398626
EX_succ(e),2.8774090558591254,11.509636223436502
