,fluxes,C-fluxes
EX_ala_L(e),0.5385827949709104,1.6157483849127314
EX_etoh(e),0.6546286677071317,1.3092573354142634
EX_glyclt(e),0.8271708075590753,1.6543416151181507
EX_lac_D(e),0.3635610404983624,1.0906831214950872
EX_lys_L(e),0.9997897840817516,5.99873870449051
EX_succ(e),0.5316070273388944,2.1264281093555777
