,fluxes,C-fluxes
EX_acald(e),0.003884513341855512,0.007769026683711024
EX_etoh(e),1.3111170546824602,2.6222341093649204
EX_for(e),1.3149105437206816,1.3149105437206816
EX_nac(e),0.000245523487131321,0.0014731409227879259
