,fluxes,C-fluxes
EX_nac(e),0.0019906969643076,0.0119441817858456
EX_succ(e),0.9213322009473245,3.685328803789298
