,fluxes,C-fluxes
EX_acald(e),0.0063753278446242725,0.012750655689248545
EX_cys_L(e),0.02194834460328831,0.06584503380986492
EX_gly(e),0.016375022935104868,0.032750045870209736
EX_lac_L(e),4.88742883475374,14.66228650426122
EX_malt(e),0.25733909,3.08806908
