,fluxes,C-fluxes
EX_ac(e),1.2574136163700511,2.5148272327401022
EX_but(e),0.0075317407942632015,0.030126963177052806
EX_pro_L(e),0.0019318622210475166,0.009659311105237583
EX_ptrc(e),0.02556040396120195,0.1022416158448078
EX_succ(e),0.02556040396120195,0.1022416158448078
EX_ura(e),0.02540754671559236,0.10163018686236944
