,fluxes,C-fluxes
EX_glu_L(e),0.009246591297169602,0.046232956485848006
EX_gly(e),0.04961833777471194,0.09923667554942388
EX_succ(e),0.022096842292691394,0.08838736917076558
TS_for_c,0.05119824103465899,0.05119824103465899
