,fluxes,C-fluxes
EX_cytd(e),0.007911347742431048,0.07120212968187943
EX_pyr(e),1.0542336168816717,3.162700850645015
EX_succ(e),1.0564076114009666,4.2256304456038665
