,fluxes,C-fluxes
EX_12ppd_S(e),0.08334528891454962,0.25003586674364886
EX_ac(e),1.0790952580018478,2.1581905160036956
