,fluxes,C-fluxes
EX_ala_L(e),0.8536786191651989,2.5610358574955967
EX_cytd(e),0.010327476273439202,0.09294728646095282
EX_glu_L(e),0.01266903601085178,0.0633451800542589
EX_lac_D(e),1.020377638869249,3.061132916607747
EX_phe_L(e),0.013075191900974389,0.1176767271087695
EX_ptrc(e),0.008796374036207925,0.0351854961448317
EX_succ(e),0.003015775180832368,0.012063100723329471
