,fluxes,C-fluxes
EX_glu_L(e),0.00023953773862984002,0.0011976886931492
EX_nac(e),0.0005754442656065677,0.0034526655936394065
EX_succ(e),0.8346864889020976,3.3387459556083905
