,fluxes,C-fluxes
EX_ala_L(e),0.5720903383656979,1.7162710150970937
EX_cytd(e),0.010586744079189353,0.09528069671270419
EX_glu_L(e),0.00045877169658057346,0.002293858482902867
EX_gly(e),0.000520466159822051,0.001040932319644102
EX_lac_D(e),1.2959569344008264,3.887870803202479
EX_phe_L(e),0.013415977341323868,0.12074379607191481
EX_ptrc(e),0.012415116357438858,0.049660465429755433
EX_succ(e),0.012538063131060886,0.050152252524243546
