,fluxes,C-fluxes
EX_cytd(e),0.009939358194088933,0.0894542237468004
EX_pyr(e),1.163982072473497,3.491946217420491
EX_succ(e),0.1609116062228979,0.6436464248915916
