,fluxes,C-fluxes
EX_ala_L(e),0.9609376909051429,2.882813072715429
EX_cytd(e),0.011221884849843761,0.10099696364859385
EX_glu_L(e),0.0013539213431468982,0.006769606715734491
EX_lac_D(e),0.95983717446394,2.87951152339182
EX_ptrc(e),0.013248823194927884,0.05299529277971154
