,fluxes,C-fluxes
EX_2obut(e),0.0021312819361071008,0.008525127744428403
EX_cys_L(e),0.0019980907387159076,0.005994272216147723
EX_cytd(e),0.025330706478188903,0.22797635830370014
EX_glu_L(e),0.055625549685754276,0.27812774842877136
EX_mqn8(e),0.00212466310960278,0.10835781858974179
EX_succ(e),0.002136579387067767,0.008546317548271069
