,fluxes,C-fluxes
EX_ac(e),2.638614905949015,5.27722981189803
EX_ade(e),0.0014034467625507585,0.0070172338127537925
EX_cys_L(e),0.9776282506613444,2.9328847519840333
EX_succ(e),0.0008861928463631769,0.0035447713854527075
