,fluxes,C-fluxes
EX_cys_L(e),0.0006858694821512139,0.0020576084464536417
EX_lac_D(e),1.212453749660348,3.637361248981044
