,fluxes,C-fluxes
EX_4hphac(e),0.8325749172618572,6.660599338094857
EX_asp_L(e),0.07644923499594927,0.3057969399837971
EX_cys_L(e),0.7210698168270995,2.1632094504812986
EX_cytd(e),0.011596343498984418,0.10436709149085976
EX_gsn(e),0.43522592271036076,4.352259227103607
EX_succ(e),0.9117944885559648,3.647177954223859
