,fluxes,C-fluxes
EX_ac(e),4.117661786661789,8.235323573323578
EX_asn_L(e),0.22473337658036022,0.8989335063214409
EX_dcyt(e),0.775097621325492,6.975878591929428
EX_succ(e),0.7752607202844622,3.101042881137849
