,fluxes,C-fluxes
EX_ac(e),0.9994066094993285,1.998813218998657
EX_asn_L(e),0.09598126862149076,0.383925074485963
EX_cys_L(e),0.0007620173856346899,0.00228605215690407
EX_isocapr(e),0.14881695870733935,0.8929017522440361
EX_orn(e),0.14962689911731003,0.7481344955865501
EX_succ(e),0.0005267011519753733,0.0021068046079014933
EX_tma(e),1.0,3.0
EX_trypta(e),0.08176513565949896,0.8176513565949896
EX_tym(e),0.9993781501491853,7.995025201193482
