,fluxes,C-fluxes
EX_ac(e),2.590547856893229,5.181095713786458
EX_but(e),0.16288698161049528,0.6515479264419811
EX_cys_L(e),0.19317667283353354,0.5795300185006006
EX_for(e),1.9709033757394827,1.9709033757394827
