,fluxes,C-fluxes
EX_ac(e),0.6716182256222629,1.3432364512445258
EX_asp_L(e),0.28611580568589806,1.1444632227435922
EX_for(e),0.33591628608853047,0.33591628608853047
EX_val_L(e),0.047728785901131894,0.23864392950565946
