,fluxes,C-fluxes
EX_ac(e),0.014822682177772264,0.02964536435554453
EX_but(e),0.292001156729737,1.168004626918948
EX_succ(e),0.5536857399177344,2.2147429596709376
