,fluxes,C-fluxes
EX_ac(e),1.2217037991876798,2.4434075983753596
