,fluxes,C-fluxes
EX_acald(e),0.14341086516841942,0.28682173033683883
EX_bhb(e),0.5830226971915006,2.3320907887660023
EX_but(e),0.4029193243125329,1.6116772972501316
EX_for(e),1.0237402157475102,1.0237402157475102
EX_gln_L(e),0.17824296133350673,0.8912148066675336
EX_isoval(e),0.14882243363783496,0.7441121681891748
EX_pac(e),0.13670660791447561,1.093652863315805
EX_succ(e),0.0003120724972304796,0.0012482899889219184
