,fluxes,C-fluxes
EX_ac(e),8.281566229070085,16.56313245814017
EX_asn_L(e),1.30319548721116,5.21278194884464
EX_gly(e),0.002450170873354222,0.004900341746708444
EX_hxan(e),0.35511619490217444,1.7755809745108722
EX_succ(e),6.417229506236751,25.668918024947004
EX_tma(e),1.0,3.0
