,fluxes,C-fluxes
EX_ac(e),1.0187975878435376,2.037595175687075
