,fluxes,C-fluxes
EX_ac(e),0.044493383591162144,0.08898676718232429
EX_asp_L(e),0.0004115371556116638,0.0016461486224466553
EX_cys_L(e),0.000637678969212857,0.001913036907638571
EX_etoh(e),1.144002094808826,2.288004189617652
