,fluxes,C-fluxes
EX_ac(e),4.981709111910743,9.963418223821487
EX_cys_L(e),0.2145292152523696,0.6435876457571088
EX_for(e),3.4866678544851673,3.4866678544851673
