,fluxes,C-fluxes
EX_adn(e),0.0025926459604931323,0.025926459604931323
EX_but(e),0.9992562042947198,3.9970248171788794
EX_ser_L(e),0.003950589206092451,0.011851767618277354
EX_succ(e),0.008432983084426169,0.033731932337704676
EX_tma(e),1.0,3.0
EX_uri(e),0.00795347670995874,0.07158129038962867
