,fluxes,C-fluxes
EX_ac(e),0.48203077466579003,0.9640615493315801
EX_etoh(e),0.039585545244505416,0.07917109048901083
EX_for(e),0.0015640234767207639,0.0015640234767207639
EX_gly(e),0.2244321690518052,0.4488643381036104
EX_succ(e),0.7353315412688355,2.941326165075342
