,fluxes,C-fluxes
EX_ac(e),0.2290571603059405,0.458114320611881
EX_but(e),0.2919975983142005,1.167990393256802
EX_for(e),1.0415700776568166,1.0415700776568166
