,fluxes,C-fluxes
EX_but(e),1.5234925645331865,6.093970258132746
EX_for(e),0.49785642974210337,0.49785642974210337
EX_lys_L(e),0.9989017232015653,5.993410339209392
EX_nac(e),0.0005286173990483445,0.0031717043942900668
EX_succ(e),0.2236631919719534,0.8946527678878136
