,fluxes,C-fluxes
EX_5mta(e),0.0003005287563997151,0.003305816320396866
EX_ac(e),0.6121112425791699,1.2242224851583399
EX_btoh(e),0.19286996158962394,0.7714798463584958
EX_but(e),0.5000268992747633,2.000107597099053
EX_gln_L(e),0.4988419025695021,2.494209512847511
EX_spmd(e),0.0002913635033144617,0.0020395445232012322
EX_succ(e),0.7243353571661871,2.8973414286647485
