,fluxes,C-fluxes
EX_ac(e),0.7186191701263211,1.4372383402526423
EX_dtmp(e),0.040542440672209794,0.40542440672209795
EX_etoh(e),0.009054820704601396,0.018109641409202792
EX_for(e),0.7276739908309225,0.7276739908309225
EX_phe_L(e),0.7067425905047116,6.360683314542404
