,fluxes,C-fluxes
EX_ac(e),0.6743494464666753,1.3486988929333505
EX_ala_L(e),0.18386408692112965,0.551592260763389
EX_asp_L(e),0.3098263303125855,1.239305321250342
EX_but(e),0.26649136439128174,1.065965457565127
EX_gln_L(e),0.17857834314396212,0.8928917157198106
