,fluxes,C-fluxes
EX_ac(e),1.0951907642568603,2.1903815285137207
EX_nac(e),0.0008846793959940354,0.005308076375964212
