,fluxes,C-fluxes
EX_ac(e),1.0968947907427364,2.193789581485473
EX_asp_L(e),0.026417108555190413,0.10566843422076165
EX_cytd(e),0.007227804079002061,0.06505023671101855
EX_for(e),0.649265960645548,0.649265960645548
EX_pac(e),0.04956911310399027,0.3965529048319222
EX_uri(e),0.00011897260070810648,0.0010707534063729583
