,fluxes,C-fluxes
EX_ac(e),0.12579804001791708,0.25159608003583417
EX_ade(e),0.9998185934346432,4.999092967173216
EX_ala_L(e),0.04564762250061016,0.1369428675018305
EX_but(e),0.048464888254439106,0.19385955301775643
EX_dgsn(e),0.9999085685722149,9.999085685722148
EX_for(e),1.0000241492170199,1.0000241492170199
EX_gly(e),0.2241916488745447,0.4483832977490894
EX_ppa(e),1.0,3.0
