,fluxes,C-fluxes
EX_lac_D(e),0.7591533019826754,2.2774599059480263
EX_orn(e),0.15,0.75
EX_xan(e),0.0017180209799450596,0.008590104899725297
