,fluxes,C-fluxes
EX_ac(e),0.992739071690003,1.985478143380006
EX_for(e),0.9843935554709655,0.9843935554709655
EX_orn(e),0.1495154982090034,0.747577491045017
