,fluxes,C-fluxes
EX_hxan(e),0.9731229950303742,4.865614975151871
EX_lac_D(e),1.6178437815859286,4.853531344757785
EX_orn(e),0.00024631713331267396,0.00123158566656337
