,fluxes,C-fluxes
EX_ac(e),1.5493094843877433,3.0986189687754866
EX_asn_L(e),0.21990055402487055,0.8796022160994822
EX_asp_L(e),0.00202653009215957,0.00810612036863828
EX_lac_D(e),0.19139419423035312,0.5741825826910594
EX_melib(e),0.00470194,0.05642328
EX_succ(e),0.001073529558603528,0.004294118234414112
