,fluxes,C-fluxes
EX_ac(e),1.3094217740073295,2.618843548014659
EX_etoh(e),0.3102132778242916,0.6204265556485832
EX_for(e),1.6119139457530942,1.6119139457530942
EX_isobut(e),0.0008482634855904807,0.003393053942361923
