,fluxes,C-fluxes
EX_but(e),0.4374295495487336,1.7497181981949343
EX_for(e),0.8723496901362492,0.8723496901362492
EX_glc_D(e),0.00282117,0.01692702
EX_nac(e),0.0010846677533649302,0.006508006520189581
