,fluxes,C-fluxes
EX_ac(e),0.3872009624164854,0.7744019248329708
EX_ala_L(e),0.06003984224675435,0.18011952674026305
EX_ppa(e),0.22470893571293443,0.6741268071388034
EX_succ(e),1.0,4.0
EX_tym(e),0.5113865251828001,4.091092201462401
