,fluxes,C-fluxes
EX_arg_L(e),0.003226032850418823,0.019356197102512938
EX_cytd(e),0.012071136052742484,0.10864022447468236
EX_dad_2(e),0.9998201623323326,9.998201623323325
EX_glu_L(e),0.003766435071992389,0.018832175359961945
EX_lac_L(e),1.0228484155077038,3.0685452465231116
EX_succ(e),0.001950853888400574,0.007803415553602296
