,fluxes,C-fluxes
EX_fum(e),0.0015157186286198574,0.00606287451447943
EX_nac(e),0.9703647648653192,5.822188589191915
