,fluxes,C-fluxes
EX_4hphac(e),0.04632328073636812,0.37058624589094497
EX_dad_2(e),0.0002310612148229778,0.002310612148229778
EX_ile_L(e),0.04676210475016393,0.2805726285009836
EX_met_L(e),0.04336971324273842,0.21684856621369208
