,fluxes,C-fluxes
EX_cys_L(e),0.0019422871485119057,0.005826861445535717
EX_lac_L(e),1.441596777839162,4.324790333517486
EX_pro_L(e),0.14528778341678356,0.7264389170839178
EX_succ(e),1.0006229678144243,4.002491871257697
