,fluxes,C-fluxes
EX_cys_L(e),0.004536118875605496,0.013608356626816486
EX_for(e),0.006846791340222877,0.006846791340222877
EX_ins(e),0.0007006730836706128,0.007006730836706128
EX_lac_L(e),1.6013982332270502,4.804194699681151
EX_succ(e),0.002646213193459118,0.010584852773836473
EX_tyr_L(e),0.007203711315502436,0.06483340183952192
