,fluxes,C-fluxes
EX_ac(e),1.2199690539122812,2.4399381078245623
EX_for(e),1.2230098435468582,1.2230098435468582
EX_ile_L(e),0.22250103968612048,1.335006238116723
EX_phe_L(e),0.9939244958638357,8.945320462774522
EX_succ(e),0.000368441664166529,0.001473766656666116
