,fluxes,C-fluxes
EX_gln_L(e),0.003979468372965888,0.01989734186482944
EX_succ(e),0.0029909339640458083,0.011963735856183233
EX_val_L(e),0.006987643376320023,0.03493821688160011
