,fluxes,C-fluxes
EX_4hphac(e),0.048842234478803745,0.39073787583042996
EX_ac(e),0.996900593365746,1.993801186731492
EX_adn(e),0.0004020653231949943,0.0040206532319499435
EX_asp_L(e),0.9996642427316869,3.9986569709267474
EX_cytd(e),0.0141078632301956,0.12697076907176041
EX_glu_L(e),0.17925024025813796,0.8962512012906898
EX_phpyr(e),0.0736941806312669,0.663247625681402
EX_pyr(e),0.9653592621116301,2.8960777863348905
