,fluxes,C-fluxes
EX_ac(e),0.6326918826030292,1.2653837652060584
EX_for(e),0.7152820217699266,0.7152820217699266
