,fluxes,C-fluxes
EX_cys_L(e),0.9997128847902218,2.9991386543706655
EX_dad_2(e),0.699576674515695,6.995766745156951
EX_lac_L(e),1.1509904482412838,3.4529713447238515
EX_nac(e),0.7004840196047234,4.20290411762834
EX_ppa(e),0.0018971043237702835,0.005691312971310851
EX_ptrc(e),0.9980722440398186,3.9922889761592746
EX_ser_L(e),0.7202248995880953,2.1606746987642858
