,fluxes,C-fluxes
EX_ac(e),1.0009787998282424,2.001957599656485
EX_ala_L(e),0.22472753261012957,0.6741825978303887
EX_for(e),0.9997992179403207,0.9997992179403207
EX_gly(e),0.001327876189965332,0.002655752379930664
