,fluxes,C-fluxes
EX_ac(e),0.7980262333809484,1.5960524667618967
EX_etoh(e),0.08981900119173748,0.17963800238347497
EX_for(e),0.3893167076882957,0.3893167076882957
EX_gly(e),0.002886911727941964,0.005773823455883928
EX_glyc(e),0.1289443426232826,0.38683302786984786
EX_lys_L(e),0.0381399822145948,0.22883989328756882
