,fluxes,C-fluxes
EX_ac(e),1.0023783516315108,2.0047567032630216
EX_ade(e),0.9997120674204588,4.998560337102294
EX_dgsn(e),0.999756742089546,9.99756742089546
EX_for(e),1.0067472515907583,1.0067472515907583
EX_succ(e),0.0004083144512221883,0.0016332578048887532
