,fluxes,C-fluxes
EX_4abut(e),0.18,0.72
EX_ac(e),1.2176563952233665,2.435312790446733
EX_asp_L(e),0.2193714424836454,0.8774857699345816
