,fluxes,C-fluxes
EX_ac(e),0.691560074308885,1.38312014861777
EX_succ(e),0.0007984870722705443,0.0031939482890821773
