,fluxes,C-fluxes
EX_ac(e),1.3616516376375711,2.7233032752751423
EX_for(e),1.1819030409782012,1.1819030409782012
