,fluxes,C-fluxes
EX_ac(e),0.9214189436643845,1.842837887328769
EX_cys_L(e),0.590981416711584,1.7729442501347519
EX_for(e),0.6015586487087016,0.6015586487087016
EX_ile_L(e),0.36594068815544123,2.1956441289326474
EX_orn(e),0.14811204420192595,0.7405602210096297
EX_xtsn(e),0.0005852153267390255,0.0058521532673902555
