,fluxes,C-fluxes
EX_12ppd_S(e),0.14898579,0.44695737
EX_ac(e),0.5386179516887578,1.0772359033775156
EX_adn(e),0.0001698359454170096,0.0016983594541700958
EX_cys_L(e),1.005181002369338,3.015543007108014
EX_fru(e),0.08577757000000001,0.51466542
EX_succ(e),0.001817545247632606,0.007270180990530424
