,fluxes,C-fluxes
EX_ac(e),0.8226452306796269,1.6452904613592538
EX_actn_R(e),0.08768655150217582,0.35074620600870327
EX_ala_L(e),0.31835171478688135,0.9550551443606441
EX_cys_L(e),0.4297915544343752,1.2893746633031258
EX_fum(e),1.2244144515774749,4.897657806309899
EX_ptrc(e),0.14978932336557632,0.5991572934623053
EX_trypta(e),0.08175642510155297,0.8175642510155297
EX_tym(e),0.9998949674149916,7.999159739319933
