,fluxes,C-fluxes
EX_ac(e),2.075946324033639,4.151892648067278
EX_for(e),1.5397757639654162,1.5397757639654162
EX_glcn(e),0.002363146998901733,0.014178881993410398
EX_succ(e),0.0027515026560393885,0.011006010624157554
