,fluxes,C-fluxes
EX_dad_2(e),0.00553117058397677,0.0553117058397677
EX_etoh(e),1.6632811255218363,3.3265622510436725
EX_for(e),1.683225844150684,1.683225844150684
EX_ins(e),0.005526862451473345,0.05526862451473345
EX_succ(e),0.003283672836418288,0.013134691345673152
