,fluxes,C-fluxes
EX_acald(e),0.006795090711030436,0.013590181422060872
EX_ade(e),0.012975077859012649,0.06487538929506324
EX_cytd(e),0.012301703276045451,0.11071532948440906
EX_etoh(e),1.4753086617183406,2.9506173234366813
EX_for(e),1.4820274941193128,1.4820274941193128
EX_succ(e),0.012595465375862612,0.05038186150345045
