,fluxes,C-fluxes
EX_ac(e),1.9928112333830441,3.9856224667660882
EX_etoh(e),1.43959134987147,2.87918269974294
EX_for(e),2.836403827117089,2.836403827117089
EX_ppa(e),0.3983672501435638,1.1951017504306913
EX_tma(e),1.0,3.0
