,fluxes,C-fluxes
EX_bhb(e),1.4253209034502146,5.701283613800858
EX_cys_L(e),0.5823904907295244,1.7471714721885734
EX_dcyt(e),0.39414564120362766,3.547310770832649
EX_etoh(e),0.03089969366371381,0.06179938732742762
EX_for(e),1.8818788266075448,1.8818788266075448
EX_gly(e),0.5823158359194496,1.1646316718388992
EX_tma(e),1.0,3.0
