,fluxes,C-fluxes
EX_ac(e),1.191023531310618,2.382047062621236
EX_ala_L(e),0.0018385577939097357,0.005515673381729207
EX_asp_L(e),0.16598203690707705,0.6639281476283082
EX_for(e),0.8372987144719979,0.8372987144719979
