,fluxes,C-fluxes
EX_ac(e),0.7963021072967688,1.5926042145935375
EX_for(e),0.14301369170108572,0.14301369170108572
EX_succ(e),0.00025371594280916294,0.0010148637712366518
