,fluxes,C-fluxes
EX_ac(e),0.25480178607186704,0.5096035721437341
EX_for(e),0.39498292033274984,0.39498292033274984
EX_ttdca(e),0.02000741117716137,0.2801037564802592
