,fluxes,C-fluxes
EX_ac(e),0.0011279659076105298,0.0022559318152210596
