,fluxes,C-fluxes
EX_3mop(e),0.0002497872628233272,0.0014987235769399632
EX_dcyt(e),0.00017759924417761288,0.001598393197598516
EX_lac_D(e),0.4508096783340401,1.3524290350021204
