,fluxes,C-fluxes
EX_ac(e),7.216685572080035,14.43337114416007
EX_adn(e),0.002031490867972519,0.02031490867972519
EX_ala_D(e),3.9418186500600534,11.82545595018016
EX_for(e),2.300191788653963,2.300191788653963
EX_gcald(e),0.001845707735500438,0.003691415471000876
EX_gly(e),0.016173392554306283,0.032346785108612566
EX_indole(e),0.06816279099959839,0.5453023279967871
EX_ppa(e),0.12991333595151058,0.3897400078545318
