,fluxes,C-fluxes
EX_ac(e),0.21784186655926088,0.43568373311852177
EX_for(e),0.21793405789761305,0.21793405789761305
