,fluxes,C-fluxes
EX_ac(e),0.556501013668177,1.113002027336354
EX_dad_2(e),0.00014675800545241137,0.0014675800545241138
EX_for(e),0.27935901220983167,0.27935901220983167
EX_succ(e),0.00032895739532820664,0.0013158295813128266
