,fluxes,C-fluxes
EX_ac(e),1.0075091529428473,2.0150183058856945
EX_but(e),0.34638457778248155,1.3855383111299262
EX_csn(e),0.01348008328991722,0.05392033315966888
EX_for(e),1.7003628950869905,1.7003628950869905
EX_nac(e),0.006128830835294309,0.03677298501176585
