,fluxes,C-fluxes
EX_ac(e),0.61056169844715,1.2211233968943
EX_but(e),0.021251382030487563,0.08500552812195025
EX_for(e),0.6529740648183737,0.6529740648183737
