,fluxes,C-fluxes
EX_but(e),0.4454805031280756,1.7819220125123023
EX_for(e),0.8887160430289046,0.8887160430289046
EX_succ(e),0.0002941328514640665,0.001176531405856266
