,fluxes,C-fluxes
EX_ac(e),0.4812471525627669,0.9624943051255338
EX_adn(e),0.019925061403718882,0.19925061403718883
EX_etoh(e),1.948794214696538,3.897588429393076
EX_succ(e),0.2989096896651227,1.1956387586604909
