,fluxes,C-fluxes
EX_acald(e),0.004736644856168552,0.009473289712337104
EX_lac_L(e),2.338596304957062,7.0157889148711865
EX_strch2(e),0.10953783052643036,1.9716809494757466
