,fluxes,C-fluxes
EX_4abut(e),0.10030924739148268,0.40123698956593074
EX_ac(e),6.024863531468605,12.04972706293721
EX_but(e),4.250726960989957,17.00290784395983
EX_for(e),13.736003635289189,13.736003635289189
EX_succ(e),0.011525212665948756,0.046100850663795025
