,fluxes,C-fluxes
EX_4abut(e),0.17999999999999997,0.7199999999999999
EX_ac(e),1.2135586722839493,2.4271173445678986
EX_cytd(e),0.010940934142818066,0.09846840728536259
EX_dad_2(e),0.0022336195971589885,0.022336195971589885
EX_gly(e),0.9903013054458788,1.9806026108917576
EX_ile_L(e),0.21382205080923974,1.2829323048554384
EX_succ(e),0.22053461026902088,0.8821384410760835
