,fluxes,C-fluxes
EX_ac(e),9.73524879783486,19.47049759566972
EX_but(e),5.921206580838217,23.68482632335287
EX_for(e),19.129077286342458,19.129077286342458
EX_gthrd(e),2.0,20.0
EX_hxan(e),0.5339668900462414,2.6698344502312072
EX_meoh(e),0.006511049999999999,0.006511049999999999
EX_phe_L(e),0.7737880169070457,6.964092152163412
EX_rbflvrd(e),0.991753559547025,16.859810512299426
EX_ura(e),0.8670155824391513,3.4680623297566053
