,fluxes,C-fluxes
EX_ac(e),1.4060848785478026,2.8121697570956052
EX_csn(e),0.0023312976973656886,0.009325190789462754
EX_glu_L(e),0.0018878185744109217,0.009439092872054609
EX_gly(e),0.4059431114151793,0.8118862228303586
EX_ser_L(e),0.0011545014012126066,0.0034635042036378198
