,fluxes,C-fluxes
EX_but(e),1.0,4.0
EX_cys_L(e),0.002336250891529647,0.007008752674588942
EX_etoh(e),0.7881510773612089,1.5763021547224179
EX_succ(e),0.0010305337794043901,0.0041221351176175605
