,fluxes,C-fluxes
EX_ac(e),1.3090830642794264,2.618166128558853
EX_dad_2(e),0.00037951928666487796,0.00379519286664878
EX_ppa(e),0.6513475657719517,1.9540426973158551
