,fluxes,C-fluxes
EX_ac(e),1.2746168430294746,2.5492336860589493
EX_for(e),1.2803809558168522,1.2803809558168522
EX_glu_L(e),0.0021341670248072554,0.010670835124036278
EX_succ(e),0.0004304701342255311,0.0017218805369021244
