,fluxes,C-fluxes
EX_ade(e),0.3766626355674893,1.8833131778374466
EX_btoh(e),0.31597133663714505,1.2638853465485802
EX_ch4s(e),0.17950838176311143,0.17950838176311143
EX_cys_L(e),0.0009480152095454333,0.0028440456286363
EX_cytd(e),0.008924098772662089,0.0803168889539588
EX_dgsn(e),0.37579017491136124,3.7579017491136124
EX_ppa(e),1.179509410054965,3.538528230164895
EX_succ(e),0.22257623816943853,0.8903049526777541
