,fluxes,C-fluxes
EX_ac(e),2.3694412305280106,4.738882461056021
EX_btoh(e),0.028130385235053793,0.11252154094021517
EX_for(e),2.288092587587024,2.288092587587024
