,fluxes,C-fluxes
EX_ac(e),1.1565934099306288,2.3131868198612575
EX_but(e),0.4133089550783433,1.6532358203133732
EX_gly(e),0.22455772957092654,0.4491154591418531
EX_lac_D(e),0.06776133612879964,0.20328400838639893
