,fluxes,C-fluxes
EX_ac(e),2.0146588839604482,4.0293177679208965
EX_btoh(e),0.6130893887055655,2.452357554822262
EX_but(e),0.14966717584910796,0.5986687033964319
EX_for(e),0.38060379513544873,0.38060379513544873
EX_indole(e),0.0817921121393116,0.6543368971144928
