,fluxes,C-fluxes
EX_ac(e),0.5585091413020857,1.1170182826041715
EX_ade(e),0.8263736722597678,4.131868361298839
EX_dgsn(e),0.8266478946887678,8.266478946887677
EX_for(e),1.0178439853293926,1.0178439853293926
EX_glu_L(e),0.0013400086227897089,0.006700043113948544
EX_gly(e),0.011675554546497584,0.02335110909299517
EX_ppa(e),0.7793831258592377,2.338149377577713
EX_succ(e),0.00043386211015680325,0.001735448440627213
EX_ttdca(e),0.059581976911539596,0.8341476767615543
