,fluxes,C-fluxes
EX_ac(e),1.2610216040953894,2.522043208190779
EX_succ(e),0.25454500874727154,1.0181800349890862
