,fluxes,C-fluxes
EX_ac(e),1.2233782689347255,2.446756537869451
EX_for(e),1.223543114954852,1.223543114954852
EX_ile_L(e),0.22318903204332055,1.3391341922599234
