,fluxes,C-fluxes
EX_ac(e),1.1809462161089228,2.3618924322178456
EX_for(e),1.181024363353758,1.181024363353758
EX_ile_L(e),0.1808017376173162,1.084810425703897
EX_lac_L(e),0.007104793849635243,0.02131438154890573
