,fluxes,C-fluxes
EX_etoh(e),0.9212207174607728,1.8424414349215457
EX_tym(e),0.9622287066603391,7.697829653282713
