,fluxes,C-fluxes
EX_4hphac(e),0.04738632522720196,0.37909060181761567
EX_ac(e),1.0482443998467292,2.0964887996934585
EX_cys_L(e),0.00034631391111009183,0.0010389417333302755
EX_for(e),0.9908511108778966,0.9908511108778966
