,fluxes,C-fluxes
EX_tyr_L(e),0.0042684659734916084,0.03841619376142447
