,fluxes,C-fluxes
EX_lac_L(e),0.9843362247240622,2.9530086741721866
EX_succ(e),0.0005026904345118485,0.002010761738047394
