,fluxes,C-fluxes
EX_ac(e),6.938660417801821,13.877320835603642
EX_dad_2(e),1.0009246065129782,10.009246065129782
EX_for(e),6.315340088029269,6.315340088029269
EX_hista(e),0.13013232996763538,0.6506616498381769
EX_lac_L(e),0.8426623658837098,2.5279870976511294
EX_ptrc(e),0.9991681384452532,3.996672553781013
EX_trypta(e),0.06792718675143272,0.6792718675143272
EX_tym(e),0.9747351530206181,7.797881224164945
EX_uri(e),0.932883057210401,8.395947514893608
