,fluxes,C-fluxes
EX_ac(e),1.1899934802412888,2.3799869604825776
