,fluxes,C-fluxes
EX_adn(e),0.0055553612763840415,0.05555361276384042
EX_pyr(e),0.08916306747399909,0.26748920242199725
EX_succ(e),1.0,4.0
