,fluxes,C-fluxes
EX_lac_L(e),1.9874475125307978,5.962342537592393
EX_leu_L(e),0.9847237859718317,5.90834271583099
EX_lys_L(e),0.9994926354856796,5.996955812914077
EX_ser_L(e),0.9974424947451048,2.9923274842353145
