,fluxes,C-fluxes
EX_ala_L(e),0.5391493694593072,1.6174481083779217
EX_dcyt(e),0.000939311392598293,0.008453802533384637
EX_ins(e),0.0002416203812103144,0.002416203812103144
