,fluxes,C-fluxes
EX_ac(e),2.0003805958682537,4.000761191736507
EX_csn(e),0.014104569484110558,0.05641827793644223
EX_for(e),1.7057188378056813,1.7057188378056813
EX_ile_L(e),0.9999623657300558,5.999774194380334
EX_lys_L(e),0.8747548716942855,5.248529230165713
