,fluxes,C-fluxes
EX_akg(e),0.02072859375510801,0.10364296877554005
EX_lac_D(e),1.962262262067731,5.886786786203193
EX_ser_L(e),0.013819802544437295,0.041459407633311886
EX_succ(e),0.003018569460727696,0.012074277842910784
