,fluxes,C-fluxes
EX_ac(e),2.1147744204835393,4.2295488409670785
EX_coprost(e),0.00495795,0.13386465
EX_for(e),1.1150216895889846,1.1150216895889846
EX_succ(e),0.10986129558202047,0.4394451823280819
