,fluxes,C-fluxes
EX_cys_L(e),0.008114159679234541,0.024342479037703625
EX_lac_L(e),2.002351396914404,6.007054190743212
EX_succ(e),0.00556106129279246,0.02224424517116984
