,fluxes,C-fluxes
EX_ac(e),0.35682115547047133,0.7136423109409427
EX_lac_D(e),0.7278813341682234,2.1836440025046704
EX_val_L(e),0.224234174528884,1.12117087264442
