,fluxes,C-fluxes
EX_acald(e),0.001101019423569462,0.002202038847138924
EX_ahcys(e),0.00019713367532019977,0.0027598714544827966
EX_cys_L(e),0.011748013585847728,0.035244040757543185
EX_lac_D(e),2.793594934198532,8.380784802595596
EX_strch2(e),0.15618336246119507,2.8113005243015112
EX_succ(e),0.004188144337993997,0.016752577351975988
