,fluxes,C-fluxes
EX_ac(e),0.7757356607551378,1.5514713215102756
EX_lac_D(e),1.5243884743898781,4.573165423169634
EX_phe_L(e),0.0005614129585523573,0.005052716626971216
EX_succ(e),0.7861916221728316,3.1447664886913262
