,fluxes,C-fluxes
EX_ac(e),3.991554190936741,7.983108381873482
EX_cys_L(e),0.012170039528134972,0.036510118584404914
EX_cytd(e),0.018228152522500103,0.16405337270250092
EX_ile_L(e),0.010648671485990975,0.06389202891594585
EX_lac_L(e),1.99140677040606,5.97422031121818
EX_succ(e),0.004386971797798253,0.01754788719119301
