,fluxes,C-fluxes
EX_ac(e),0.47379613578449603,0.9475922715689921
EX_acald(e),0.47079904586302346,0.9415980917260469
EX_fol(e),0.0015101960539914668,0.02869372502583787
EX_succ(e),0.010274919714627554,0.041099678858510215
