,fluxes,C-fluxes
EX_ac(e),0.1434046695476334,0.2868093390952668
EX_asp_L(e),0.14220363020829344,0.5688145208331737
EX_cys_L(e),0.0010593746651945295,0.0031781239955835884
EX_for(e),0.007237456311856876,0.007237456311856876
EX_fru(e),0.08577757000000001,0.51466542
EX_lac_D(e),1.3261403466421586,3.978421039926476
EX_succ(e),0.0007854280047426234,0.0031417120189704936
