,fluxes,C-fluxes
EX_ac(e),0.29495398693647795,0.5899079738729559
EX_orn(e),0.00020621857208568745,0.0010310928604284372
EX_succ(e),0.0003396127768892857,0.0013584511075571428
