,fluxes,C-fluxes
EX_ac(e),0.7001273654344847,1.4002547308689695
EX_gal(e),0.07449289000000002,0.4469573400000001
EX_lac_D(e),0.9371887592581571,2.8115662777744714
EX_succ(e),0.40150339665085577,1.606013586603423
