,fluxes,C-fluxes
EX_12ppd_S(e),0.14898579,0.44695737
EX_4abut(e),0.17969889066553665,0.7187955626621466
EX_ac(e),0.7495120785523736,1.4990241571047471
EX_ala_L(e),1.1259564501453738,3.3778693504361215
EX_for(e),0.44955641612580965,0.44955641612580965
EX_fru(e),0.01128468,0.06770808
