,fluxes,C-fluxes
EX_5mthf(e),0.11159008839197185,2.231801767839437
EX_ac(e),0.7391534603766273,1.4783069207532546
EX_lac_L(e),1.7442315452435886,5.232694635730766
EX_thf(e),0.01645740309707907,0.3126906588445023
