,fluxes,C-fluxes
EX_coprost(e),0.00495795,0.13386465
EX_lac_L(e),1.5288646272072557,4.586593881621767
EX_ocdca(e),0.01835020719735003,0.33030372955230053
EX_succ(e),0.0006952740959191168,0.002781096383676467
