,fluxes,C-fluxes
EX_ac(e),4.049452053028082,8.098904106056164
EX_acald(e),0.0051471194538769294,0.010294238907753859
EX_cytd(e),0.009721613410653137,0.08749452069587824
EX_gln_L(e),0.0004599483035868168,0.002299741517934084
EX_ile_L(e),0.00553466509368464,0.03320799056210784
EX_strch2(e),0.15093805782291836,2.7168850408125307
EX_succ(e),0.01002444944378942,0.04009779777515768
