,fluxes,C-fluxes
EX_ac(e),1.33673478811368,2.67346957622736
EX_for(e),0.999908284167928,0.999908284167928
EX_glu_L(e),0.0002350168845634956,0.0011750844228174781
EX_his_L(e),0.0003381349770633135,0.002028809862379881
EX_succ(e),0.22448945995522526,0.897957839820901
