,fluxes,C-fluxes
EX_ac(e),0.08278772721614805,0.1655754544322961
EX_lac_L(e),1.9629628378246697,5.88888851347401
EX_succ(e),0.004362975440129503,0.017451901760518012
