,fluxes,C-fluxes
EX_lac_D(e),0.4482708177698775,1.3448124533096324
EX_succ(e),0.0007993010307678657,0.0031972041230714627
