,fluxes,C-fluxes
EX_ac(e),0.9991395714662247,1.9982791429324493
EX_phe_L(e),0.9998637822333815,8.998774040100432
EX_succ(e),0.2239102623205215,0.895641049282086
