,fluxes,C-fluxes
EX_ac(e),1.0014622885727644,2.002924577145529
EX_etoh(e),0.0026744316075136536,0.005348863215027307
EX_for(e),1.7070499912339563,1.7070499912339563
EX_lys_L(e),0.34990573580666173,2.0994344148399704
EX_ppa(e),0.7135371006078638,2.1406113018235913
