,fluxes,C-fluxes
EX_12ppd_S(e),0.028582468693786157,0.08574740608135847
EX_ac(e),0.0005654247246277876,0.0011308494492555752
EX_actn_R(e),0.003616372354059772,0.014465489416239088
EX_cys_L(e),0.0013977094288618271,0.004193128286585482
EX_etoh(e),1.22203965909829,2.44407931819658
EX_for(e),1.452484917329883,1.452484917329883
EX_succ(e),0.0005310768559128283,0.002124307423651313
