,fluxes,C-fluxes
EX_12ppd_S(e),0.030673980187309206,0.09202194056192761
EX_actn_R(e),0.0025241945217726117,0.010096778087090447
EX_cys_L(e),0.001156668869977117,0.0034700066099313514
EX_etoh(e),1.2028925850317467,2.4057851700634934
EX_for(e),1.4585425108097247,1.4585425108097247
EX_succ(e),0.00031038661620423716,0.0012415464648169487
