,fluxes,C-fluxes
EX_12ppd_S(e),0.02913178121595537,0.08739534364786611
EX_cys_L(e),0.0009842134149809694,0.0029526402449429083
EX_etoh(e),1.1977973620170526,2.395594724034105
EX_for(e),1.432566698135131,1.432566698135131
EX_lac_L(e),0.005622485872154869,0.016867457616464607
EX_succ(e),0.00039805743113065326,0.001592229724522613
