,fluxes,C-fluxes
EX_12ppd_S(e),0.029675135017387232,0.0890254050521617
EX_ac(e),0.0005353084212913558,0.0010706168425827116
EX_actn_R(e),0.002640650722575397,0.010562602890301588
EX_cys_L(e),0.0009735795740806002,0.0029207387222418006
EX_etoh(e),1.1998891192602834,2.399778238520567
EX_for(e),1.4460225531539197,1.4460225531539197
