,fluxes,C-fluxes
EX_12ppd_S(e),0.029883748798986726,0.08965124639696018
EX_ac(e),0.0005355502104744754,0.0010711004209489508
EX_actn_R(e),0.002537654052368261,0.010150616209473044
EX_cys_L(e),0.0009728774221686816,0.0029186322665060447
EX_etoh(e),1.2002574111518116,2.4005148223036232
EX_for(e),1.4480610918820795,1.4480610918820795
