,fluxes,C-fluxes
EX_12ppd_S(e),0.02957713770795356,0.08873141312386068
EX_ac(e),0.0005356210203717589,0.0010712420407435177
EX_actn_R(e),0.0025374209547883407,0.010149683819153363
EX_cys_L(e),0.0009727691533769168,0.0029183074601307505
EX_etoh(e),1.1996262434307352,2.3992524868614704
EX_for(e),1.4446743102683497,1.4446743102683497
EX_succ(e),0.00036827870993552306,0.0014731148397420922
