,fluxes,C-fluxes
EX_adn(e),0.29228530323688345,2.9228530323688346
EX_asp_L(e),0.9805100125312178,3.9220400501248713
EX_dad_2(e),0.054660382888928015,0.5466038288892802
EX_ins(e),0.6445417840287199,6.445417840287199
EX_orn(e),0.15,0.75
EX_pyr(e),0.05576264371063474,0.1672879311319042
