,fluxes,C-fluxes
EX_acald(e),1.5670001720492324,3.1340003440984647
EX_glc_D(e),0.00282117,0.01692702
EX_pro_L(e),0.002555105490333944,0.012775527451669719
EX_succ(e),0.0002926105403414677,0.0011704421613658708
