,fluxes,C-fluxes
EX_ac(e),0.221469087359467,0.442938174718934
EX_ade(e),0.001681274994768977,0.008406374973844884
EX_akg(e),0.00028522968413181204,0.0014261484206590602
EX_gly(e),0.22403633270312334,0.4480726654062467
EX_lac_D(e),0.21458328848241306,0.6437498654472392
EX_pyr(e),0.7102047009588215,2.1306141028764642
EX_trypta(e),0.0006216037264164385,0.006216037264164385
