,fluxes,C-fluxes
EX_succ(e),0.0007950001765910537,0.0031800007063642146
