,fluxes,C-fluxes
EX_ac(e),0.7851779749838049,1.5703559499676099
EX_adn(e),0.9999159947425131,9.999159947425131
EX_akg(e),0.5613811623955312,2.8069058119776558
EX_asp_L(e),0.17924617767439321,0.7169847106975729
EX_gly(e),0.223975768732963,0.447951537465926
EX_trypta(e),0.00023884770285935135,0.0023884770285935134
EX_tym(e),0.9998844518294732,7.999075614635785
