,fluxes,C-fluxes
EX_3mop(e),0.0038827159884184323,0.023296295930510594
EX_acald(e),0.000870410241122344,0.001740820482244688
EX_fru(e),0.07449289,0.44695734000000004
EX_lys_L(e),0.9996705058522988,5.998023035113793
EX_pyr(e),2.395718993224244,7.187156979672732
EX_succ(e),0.0012956374183044272,0.005182549673217709
