,fluxes,C-fluxes
EX_lac_L(e),1.7975077319539858,5.3925231958619575
EX_met_L(e),0.7976585209049412,3.988292604524706
EX_succ(e),1.000122104194681,4.000488416778724
