,fluxes,C-fluxes
EX_lac_D(e),1.1836007129021877,3.550802138706563
EX_phe_L(e),0.9995926826026856,8.996334143424171
EX_succ(e),0.1814822931576381,0.7259291726305525
