,fluxes,C-fluxes
EX_ac(e),0.9983578053100521,1.9967156106201043
EX_ala_L(e),0.0011085144410099617,0.003325543323029885
EX_asp_L(e),0.9981585024854662,3.992634009941865
EX_glu_L(e),1.179563285307019,5.897816426535095
