,fluxes,C-fluxes
EX_ac(e),2.1875688911119786,4.375137782223957
EX_but(e),0.1434261196562567,0.5737044786250268
EX_for(e),2.0814513400091976,2.0814513400091976
EX_glyc(e),0.0007007924000926888,0.0021023772002780666
EX_indole(e),0.08060382633091791,0.6448306106473433
EX_ppa(e),0.5849705571011263,1.754911671303379
