,fluxes,C-fluxes
EX_ac(e),1.3159738155385885,2.631947631077177
EX_ala_L(e),0.022234373425557404,0.06670312027667222
EX_for(e),0.44704972195434056,0.44704972195434056
EX_gly(e),0.44764955863402783,0.8952991172680557
EX_met_L(e),0.2237266365293364,1.118633182646682
EX_orn(e),0.0002855591765550679,0.0014277958827753393
