,fluxes,C-fluxes
EX_ac(e),0.8910707830481663,1.7821415660963327
EX_for(e),0.4470383309397552,0.4470383309397552
EX_phe_L(e),0.8796670674267983,7.917003606841185
