,fluxes,C-fluxes
EX_succ(e),0.3590076891130443,1.4360307564521773
