,fluxes,C-fluxes
EX_ala_L(e),0.718409514165078,2.155228542495234
EX_for(e),0.43427423253233843,0.43427423253233843
EX_ile_L(e),0.002303025119739631,0.013818150718437786
