,fluxes,C-fluxes
EX_ac(e),0.9964624520874767,1.9929249041749535
EX_for(e),0.9979009049203339,0.9979009049203339
EX_phe_L(e),0.00012951811595434258,0.0011656630435890832
EX_ser_L(e),1.7980659980738312,5.394197994221494
EX_ura(e),0.00046404607409646325,0.001856184296385853
