,fluxes,C-fluxes
EX_asn_L(e),0.09352452465669125,0.374098098626765
EX_etoh(e),0.15119422183138465,0.3023884436627693
EX_for(e),0.15515059983285392,0.15515059983285392
EX_ile_L(e),0.9984142868508459,5.990485721105076
EX_succ(e),1.6224502477502274,6.48980099100091
