,fluxes,C-fluxes
EX_12ppd_S(e),0.14898579,0.44695737
EX_ac(e),8.462833571490643,16.925667142981286
EX_ade(e),1.0002288036874623,5.001144018437311
EX_arab_L(e),0.00201572,0.0100786
EX_for(e),8.932702781920892,8.932702781920892
EX_glcur(e),0.00032864999999999837,0.00197189999999999
EX_ppa(e),4.944097227363358,14.832291682090073
