,fluxes,C-fluxes
EX_ac(e),0.7215934248523733,1.4431868497047466
EX_ala_L(e),0.14956385658883767,0.44869156976651303
EX_dad_2(e),0.0003601758442537162,0.0036017584425371623
EX_for(e),0.7234307591683053,0.7234307591683053
EX_gal(e),0.00470194,0.02821164
EX_isocapr(e),0.09971422440435475,0.5982853464261285
EX_isoval(e),0.049857112202177374,0.24928556101088686
EX_pro_L(e),0.359399282374747,1.796996411873735
EX_val_L(e),0.40418371188725,2.02091855943625
