,fluxes,C-fluxes
EX_ac(e),10.029943166734402,20.059886333468803
EX_dad_2(e),0.03678744222966351,0.3678744222966351
EX_for(e),10.11126524117464,10.11126524117464
EX_gcald(e),0.0037921296434365107,0.007584259286873021
EX_pac(e),0.9182139441523619,7.345711553218895
EX_ppa(e),6.5459877050880815,19.637963115264245
EX_ptrc(e),0.06054724738129582,0.24218898952518328
