,fluxes,C-fluxes
EX_ac(e),1.442118229659558,2.884236459319116
EX_for(e),0.5277993755666288,0.5277993755666288
EX_succ(e),0.0023393748567133925,0.00935749942685357
TS_tyr__L_c,0.02885535201227696,0.2596981681104927
