,fluxes,C-fluxes
EX_etoh(e),1.139553653061667,2.279107306123334
EX_glu_L(e),0.008123944217132183,0.04061972108566091
EX_lac_D(e),1.1510299018554837,3.453089705566451
EX_lys_L(e),0.9981449281697921,5.988869569018752
EX_succ(e),0.0005564061598468637,0.0022256246393874547
