,fluxes,C-fluxes
EX_ac(e),0.0029596080688673878,0.0059192161377347756
EX_acald(e),2.403381846430824,4.806763692861648
EX_ade(e),1.0000141668762255,5.000070834381127
EX_but(e),0.1777129515946476,0.7108518063785904
EX_dgsn(e),0.9998988984219233,9.998988984219233
EX_for(e),2.403421062866882,2.403421062866882
EX_succ(e),0.22183294239030527,0.8873317695612211
