,fluxes,C-fluxes
EX_pac(e),0.0015459026693761602,0.012367221355009282
EX_ppa(e),1.1685233197293352,3.505569959188006
