,fluxes,C-fluxes
EX_acald(e),1.3767869680782532,2.7535739361565064
EX_ade(e),1.0042251570057261,5.02112578502863
EX_but(e),1.1755026563823694,4.702010625529478
EX_dcyt(e),0.17781934811617386,1.6003741330455648
EX_gua(e),0.3740391381085181,1.8701956905425905
EX_isobut(e),0.050800506249292554,0.20320202499717022
EX_isocapr(e),0.09715070378400711,0.5829042227040426
EX_isoval(e),0.04857535189200356,0.2428767594600178
EX_ser_L(e),0.3590276834482889,1.0770830503448667
