,fluxes,C-fluxes
EX_ade(e),0.3446715965483906,1.723357982741953
EX_but(e),0.566012118971793,2.264048475887172
EX_isobut(e),0.003961299442642264,0.015845197770569055
