,fluxes,C-fluxes
EX_ade(e),1.0001279461346217,5.000639730673109
EX_but(e),0.30589361895186745,1.2235744758074698
EX_dcyt(e),0.5626377364879299,5.063739628391369
EX_gly(e),0.07480739101756001,0.14961478203512002
EX_gsn(e),0.9997787786609881,9.99778778660988
EX_indole(e),0.08180600853436427,0.6544480682749142
EX_orn(e),0.14987856216809922,0.7493928108404961
EX_ser_L(e),0.1498149283630782,0.4494447850892346
EX_succ(e),0.5096572869585474,2.0386291478341896
