,fluxes,C-fluxes
EX_for(e),0.0011434763004254866,0.0011434763004254866
EX_glc_D(e),1.9397357151717471,11.638414291030482
EX_lac_D(e),1.524354763338842,4.573064290016526
EX_ser_L(e),0.000896715131632506,0.002690145394897518
