,fluxes,C-fluxes
EX_12ppd_S(e),0.14898579,0.44695737
EX_ac(e),2.024840780866551,4.049681561733102
EX_dad_2(e),0.01193996059533977,0.1193996059533977
EX_for(e),2.202763716429297,2.202763716429297
EX_ins(e),0.004575196089230614,0.04575196089230614
EX_ppa(e),1.0650504106732779,3.1951512320198336
