,fluxes,C-fluxes
EX_ade(e),1.999983318884124,9.99991659442062
EX_gly(e),0.1799863153590579,0.3599726307181158
EX_gsn(e),0.9999762705367935,9.999762705367935
EX_ins(e),0.9999926829927651,9.99992682992765
EX_lys_L(e),0.4649476241588955,2.789685744953373
EX_ser_L(e),0.2858341823758797,0.8575025471276392
EX_succ(e),0.6450239771059971,2.5800959084239885
