,fluxes,C-fluxes
EX_ac(e),1.3616308197193008,2.7232616394386016
EX_for(e),1.3641343119928588,1.3641343119928588
EX_gsn(e),0.024714204395184007,0.24714204395184008
EX_ins(e),0.00030099045097945783,0.0030099045097945784
