,fluxes,C-fluxes
EX_ac(e),0.9964969488209569,1.9929938976419137
EX_for(e),1.1710653695663804,1.1710653695663804
EX_ppa(e),0.08298341476638214,0.24895024429914642
EX_succ(e),0.0059588791534499926,0.02383551661379997
