,fluxes,C-fluxes
EX_ac(e),1.9965207432464467,3.9930414864928934
EX_for(e),0.5549325967398333,0.5549325967398333
EX_glu_L(e),0.9711607571015951,4.855803785507976
EX_isocapr(e),0.09942809900154573,0.5965685940092744
EX_isoval(e),0.049714049500772864,0.2485702475038643
