,fluxes,C-fluxes
EX_cys_L(e),0.27970589860082995,0.8391176958024898
EX_for(e),0.7311209312514094,0.7311209312514094
EX_glu_L(e),0.002115492343495354,0.01057746171747677
EX_succ(e),0.0840985405064872,0.3363941620259488
EX_thymd(e),0.00018531930722418888,0.0018531930722418888
