,fluxes,C-fluxes
EX_4hphac(e),0.0003100192100313102,0.0024801536802504815
EX_asp_L(e),1.1112329318103804,4.444931727241522
EX_cys_L(e),0.0016020918736758443,0.004806275621027533
EX_lac_L(e),0.5149187898066993,1.5447563694200976
EX_oxa(e),0.1150375967255914,0.2300751934511828
EX_pyr(e),0.14171355159066049,0.4251406547719815
EX_ttdca(e),0.013857927502364309,0.19401098503310032
