,fluxes,C-fluxes
EX_acald(e),1.276211239188673,2.552422478377346
EX_ade(e),0.0004512912553060986,0.002256456276530493
EX_dad_2(e),0.0007260706711966532,0.007260706711966531
EX_for(e),1.2762003451443789,1.2762003451443789
EX_ile_L(e),0.2808559220364366,1.6851355322186197
EX_isocapr(e),0.14924903454069818,0.8954942072441892
EX_mqn8(e),0.0004397617194763307,0.02242784769329287
EX_succ(e),0.0004615498080643736,0.0018461992322574945
