,fluxes,C-fluxes
EX_ala_L(e),0.0008476831305810357,0.002543049391743107
EX_asp_L(e),0.14662450704782928,0.5864980281913171
EX_glu_L(e),0.45309066880238485,2.265453344011924
EX_ins(e),0.0021396515137154124,0.021396515137154126
EX_ser_L(e),1.3174155590047065,3.9522466770141196
EX_succ(e),0.40361586938577054,1.6144634775430822
EX_tym(e),0.9999104963569536,7.999283970855629
