,fluxes,C-fluxes
EX_ac(e),0.23652422830391573,0.47304845660783146
EX_ade(e),1.0001076984562902,5.000538492281451
EX_dgsn(e),0.9999628339641216,9.999628339641216
EX_pac(e),0.010191508548889295,0.08153206839111436
EX_ppa(e),0.7221200746283368,2.1663602238850106
EX_succ(e),0.8502143260509133,3.400857304203653
