,fluxes,C-fluxes
EX_gly(e),0.23560660463947192,0.47121320927894383
