,fluxes,C-fluxes
EX_ac(e),0.7283366985796111,1.4566733971592223
EX_adn(e),0.000978512427613984,0.00978512427613984
EX_akg(e),0.014912659800263663,0.0745632990013183
EX_cytd(e),0.015254778409278134,0.1372930056835032
