,fluxes,C-fluxes
EX_ac(e),0.21575491452422374,0.4315098290484475
EX_arab_L(e),0.0055197,0.027598499999999998
EX_fum(e),0.001595542803543903,0.006382171214175612
EX_gal(e),0.00091995,0.0055197
EX_glc_D(e),0.00091995,0.0055197
EX_lac_D(e),0.8323961755987642,2.4971885267962928
