,fluxes,C-fluxes
EX_ac(e),0.5924755754325823,1.1849511508651647
EX_etoh(e),0.5487247255497658,1.0974494510995316
EX_for(e),0.9165903881108964,0.9165903881108964
EX_gly(e),0.22405774272284232,0.44811548544568464
EX_phe_L(e),0.0001928776571380778,0.0017358989142427002
EX_succ(e),0.040988083166075835,0.16395233266430334
