,fluxes,C-fluxes
EX_etoh(e),2.6896847566434885,5.379369513286977
EX_for(e),0.0013704432337645078,0.0013704432337645078
EX_ppa(e),0.0013134558886307942,0.003940367665892383
EX_succ(e),0.0012350351439911805,0.004940140575964722
