,fluxes,C-fluxes
EX_ac(e),1.3140820095239902,2.6281640190479805
EX_ade(e),0.300950276018088,1.50475138009044
EX_csn(e),0.00915487742834747,0.03661950971338988
EX_cytd(e),0.0016874537577542302,0.015187083819788071
EX_dgsn(e),0.2986487156220495,2.9864871562204947
