,fluxes,C-fluxes
EX_etoh(e),0.5387551193079371,1.0775102386158741
EX_gly(e),0.04117955168169042,0.08235910336338084
EX_lac_L(e),3.096775006416103,9.290325019248309
EX_pro_L(e),0.1765636477001447,0.8828182385007235
