,fluxes,C-fluxes
EX_but(e),0.5820724471788896,2.3282897887155585
EX_cys_L(e),0.0011372753668123015,0.0034118261004369046
EX_orn(e),0.0009496662083613483,0.004748331041806742
EX_succ(e),0.9040640516287328,3.6162562065149313
