,fluxes,C-fluxes
EX_ac(e),3.0398583120954448,6.0797166241908895
EX_etoh(e),0.3883443749093142,0.7766887498186285
EX_for(e),2.5627761839145586,2.5627761839145586
EX_pro_L(e),0.1193562127174481,0.5967810635872405
EX_succ(e),0.008063299950529266,0.032253199802117063
