,fluxes,C-fluxes
EX_gln_L(e),0.19310399638811154,0.9655199819405578
EX_succ(e),0.2224560203181198,0.8898240812724793
