,fluxes,C-fluxes
EX_ac(e),0.08271188773785888,0.16542377547571777
EX_ala_D(e),0.7418442878445979,2.2255328635337936
EX_cys_L(e),0.08264268035429043,0.24792804106287128
EX_orn(e),0.026158996290311164,0.13079498145155583
EX_succ(e),0.1535406677277394,0.6141626709109576
