,fluxes,C-fluxes
EX_ala_D(e),1.1150337982403415,3.3451013947210244
EX_dad_2(e),0.9845287418724463,9.845287418724464
EX_gly(e),0.11085665840053076,0.22171331680106152
EX_ile_L(e),0.22208124258319484,1.332487455499169
EX_pro_L(e),0.0428624972257047,0.2143124861285235
EX_uri(e),0.9843732032140133,8.85935882892612
