,fluxes,C-fluxes
EX_ac(e),0.9590680541032184,1.9181361082064368
EX_akg(e),0.003964408801092886,0.019822044005464428
EX_pro_L(e),0.04970647985503724,0.2485323992751862
EX_tyr_L(e),0.008762678766779245,0.07886410890101321
EX_uri(e),0.00880831227125783,0.07927481044132048
