,fluxes,C-fluxes
EX_3mop(e),0.14993037414447508,0.8995822448668505
EX_ac(e),2.747283329362015,5.49456665872403
EX_for(e),0.5929828383332826,0.5929828383332826
