,fluxes,C-fluxes
EX_ac(e),2.223835551555886,4.447671103111772
EX_dad_2(e),0.9999789342531349,9.999789342531349
EX_for(e),0.9955261133531647,0.9955261133531647
EX_glu_L(e),0.1500436213619905,0.7502181068099525
EX_gly(e),0.22489620720368056,0.4497924144073611
EX_uri(e),1.0065847552201366,9.05926279698123
