,fluxes,C-fluxes
EX_ac(e),1.5186214112128673,3.0372428224257346
EX_adn(e),0.14875502661758913,1.4875502661758913
EX_for(e),0.39497665020776646,0.39497665020776646
EX_glu_L(e),0.0006843619298677971,0.0034218096493389854
EX_gly(e),0.2245205103731437,0.4490410207462874
EX_ptrc(e),1.1496581177601357,4.598632471040543
