,fluxes,C-fluxes
EX_ac(e),0.4530438087290466,0.9060876174580932
EX_for(e),0.2306833318264952,0.2306833318264952
EX_gln_L(e),0.09026877876993826,0.4513438938496913
EX_gly(e),0.2243611300074417,0.4487222600148834
EX_ser_L(e),0.13970506235011487,0.4191151870503446
