,fluxes,C-fluxes
EX_ala_L(e),1.5761140512348149,4.728342153704444
EX_ins(e),0.9999737887968874,9.999737887968873
EX_lac_D(e),0.2723601086652556,0.8170803259957669
EX_lys_L(e),0.9999284687645331,5.999570812587199
EX_pro_L(e),0.013017337327233121,0.06508668663616561
