,fluxes,C-fluxes
EX_cys_L(e),0.4896106515963151,1.4688319547889455
EX_gly(e),0.49754558377991015,0.9950911675598203
EX_ins(e),0.999590487506005,9.99590487506005
EX_lac_L(e),1.9848917465698566,5.9546752397095695
