,fluxes,C-fluxes
EX_ac(e),1.7668574957843928,3.5337149915687855
EX_asp_L(e),0.7658688605423364,3.0634754421693455
EX_mal_L(e),0.23365202768457402,0.9346081107382961
EX_succ(e),0.5319435212940498,2.127774085176199
