,fluxes,C-fluxes
EX_ac(e),1.5006694594496783,3.0013389188993567
EX_etoh(e),0.48686148839468596,0.9737229767893719
EX_for(e),1.981682971759362,1.981682971759362
EX_glu_L(e),0.007586850614574276,0.03793425307287138
EX_nac(e),0.01131648573298068,0.06789891439788409
EX_succ(e),0.007780960828225409,0.031123843312901637
EX_thymd(e),0.002734487579338639,0.02734487579338639
