,fluxes,C-fluxes
EX_ac(e),0.9315370898324294,1.8630741796648589
EX_acald(e),0.027957814763292156,0.05591562952658431
EX_for(e),1.2757615308862746,1.2757615308862746
EX_glu_L(e),0.020683427162491174,0.10341713581245587
EX_orn(e),0.1260798852281047,0.6303994261405235
EX_ppa(e),0.3347140384981052,1.0041421154943158
EX_tyr_L(e),0.03117408407417242,0.28056675666755176
EX_uri(e),0.03146335321864603,0.28317017896781427
