,fluxes,C-fluxes
EX_ac(e),1.640218881713499,3.280437763426998
EX_diact(e),0.5433380623164892,2.1733522492659567
EX_etoh(e),1.2708112846775825,2.541622569355165
EX_for(e),1.912716054349857,1.912716054349857
EX_nac(e),0.9999961439713494,5.999976863828096
