,fluxes,C-fluxes
EX_ac(e),0.9907814900477759,1.9815629800955519
EX_ade(e),0.00038414767799031747,0.0019207383899515875
EX_dcyt(e),0.9994796801927082,8.995317121734374
EX_for(e),0.20317060883713367,0.20317060883713367
EX_hista(e),0.1496247357873148,0.748123678936574
EX_succ(e),0.0004899950028096763,0.0019599800112387053
EX_tym(e),0.9992232416888662,7.99378593351093
