,fluxes,C-fluxes
EX_ac(e),0.9168194664816693,1.8336389329633387
EX_ade(e),0.999973541651132,4.9998677082556595
EX_dgsn(e),0.9998678950123678,9.99867895012368
EX_etoh(e),1.7531262873857245,3.506252574771449
EX_tma(e),0.8347601433347923,2.504280430004377
