,fluxes,C-fluxes
EX_ade(e),0.5228895741350473,2.6144478706752365
EX_dgsn(e),0.5225178701962236,5.225178701962236
EX_for(e),1.2235897918488416,1.2235897918488416
EX_glu_L(e),0.002213448368229987,0.011067241841149936
EX_hista(e),0.1497362738081357,0.7486813690406785
EX_ppa(e),1.2241062237421498,3.6723186712264493
EX_thymd(e),0.00027678411695161704,0.0027678411695161702
EX_trypta(e),0.08171411610303488,0.8171411610303487
EX_tym(e),0.9993824828872069,7.995059863097655
