,fluxes,C-fluxes
EX_lac_L(e),1.1531137133030822,3.4593411399092466
EX_strch2(e),0.05357399744280889,0.96433195397056
EX_trypta(e),0.000310092916690731,0.00310092916690731
