,fluxes,C-fluxes
EX_ac(e),1.0023800813779842,2.0047601627559684
EX_ade(e),0.9909665723262902,4.95483286163145
EX_cytd(e),0.007764761214260015,0.06988285092834014
EX_dgsn(e),0.9999219908104476,9.999219908104477
EX_for(e),1.0042150423936278,1.0042150423936278
EX_glu_L(e),0.0008592015446001083,0.0042960077230005415
EX_nac(e),0.001102161271154651,0.006612967626927906
