,fluxes,C-fluxes
EX_ac(e),0.9969978512547649,1.9939957025095298
EX_csn(e),0.00027440151761439375,0.001097606070457575
EX_cytd(e),0.007190570979393784,0.06471513881454406
EX_for(e),0.9995402810014945,0.9995402810014945
EX_glu_L(e),0.0028655254613120583,0.014327627306560292
EX_glyc(e),0.001049364326539012,0.0031480929796170363
EX_orn(e),0.14644965203502014,0.7322482601751007
