,fluxes,C-fluxes
EX_ac(e),0.6844145682048733,1.3688291364097467
EX_etoh(e),0.5356593445864711,1.0713186891729423
EX_for(e),0.9998031504023682,0.9998031504023682
EX_glu_L(e),0.14865499768820525,0.7432749884410262
EX_gly(e),0.0742805919238114,0.1485611838476228
EX_orn(e),0.15,0.75
EX_ser_L(e),0.14909174420239496,0.4472752326071849
