,fluxes,C-fluxes
EX_ac(e),0.9948511284782023,1.9897022569564047
EX_ade(e),0.9997094543886281,4.99854727194314
EX_dgsn(e),0.9997950673610124,9.997950673610124
EX_for(e),0.999197725648281,0.999197725648281
EX_succ(e),0.00046017347285022043,0.0018406938914008817
