,fluxes,C-fluxes
EX_ac(e),1.5004802739128886,3.0009605478257773
EX_etoh(e),0.487453625466534,0.974907250933068
EX_for(e),1.9829642410030435,1.9829642410030435
EX_glu_L(e),0.008333619193345642,0.041668095966728214
EX_nac(e),0.01076221779107173,0.06457330674643039
EX_succ(e),0.007107108171434581,0.028428432685738324
EX_thymd(e),0.002861274218511279,0.02861274218511279
