,fluxes,C-fluxes
EX_ac(e),0.22364504983691913,0.44729009967383826
EX_ade(e),0.9998785584323411,4.999392792161705
EX_lac_L(e),2.336837118769709,7.010511356309126
