,fluxes,C-fluxes
EX_12ppd_S(e),0.14898579,0.44695737
EX_ac(e),0.08105338300112143,0.16210676600224286
EX_cys_L(e),0.0009739257359652031,0.002921777207895609
EX_gln_L(e),0.008373467426114223,0.041867337130571114
EX_lac_L(e),1.2668814595425437,3.800644378627631
EX_pro_L(e),0.00245399360868362,0.012269968043418098
EX_succ(e),0.000996177743019109,0.003984710972076436
