,fluxes,C-fluxes
EX_ac(e),0.9428795844028584,1.8857591688057167
EX_gly(e),0.03242025939429042,0.06484051878858084
EX_nac(e),0.0037953149647547446,0.022771889788528468
EX_phe_L(e),0.9955767982208399,8.96019118398756
EX_ser_L(e),0.06397998990138283,0.1919399697041485
EX_succ(e),1.4445087430005732,5.778034972002293
