,fluxes,C-fluxes
EX_2obut(e),0.9998599078931918,3.999439631572767
EX_cys_L(e),0.9998415709423856,2.9995247128271565
EX_dad_2(e),2.2021227653893236,22.021227653893234
EX_glu_L(e),0.17982168794212666,0.8991084397106333
EX_nac(e),2.2021740041849687,13.213044025109813
EX_val_L(e),0.2248051957987417,1.1240259789937084
TS_pydx5p_c,0.17989783629488765,1.4391826903591012
