,fluxes,C-fluxes
EX_ac(e),0.007074996328973628,0.014149992657947256
EX_ade(e),0.0015547420793247293,0.007773710396623647
EX_datp(e),0.0076808934094333625,0.07680893409433362
EX_for(e),0.0018799938335830053,0.0018799938335830053
EX_gly(e),9.98920697973859,19.97841395947718
EX_glyc(e),0.001768749082243407,0.005306247246730221
EX_phe_L(e),9.979251310514623,89.81326179463161
