,fluxes,C-fluxes
EX_ala_L(e),0.9997183529319007,2.999155058795702
EX_cmp(e),0.005860201559899981,0.05274181403909983
EX_dad_2(e),0.9999225173497068,9.999225173497068
EX_datp(e),0.30001108888629197,3.0001108888629195
EX_glu_L(e),0.005041659786573005,0.025208298932865025
EX_ura(e),0.9937281280121373,3.974912512048549
