,fluxes,C-fluxes
EX_gln_L(e),0.002212372349837113,0.011061861749185565
EX_lac_D(e),0.8978304580131602,2.6934913740394806
EX_succ(e),0.0077460515812462355,0.030984206324984942
