,fluxes,C-fluxes
EX_acald(e),0.4031046467958057,0.8062092935916114
EX_nac(e),0.0014010108928668116,0.00840606535720087
EX_pyr(e),0.003447568305796092,0.010342704917388276
EX_succ(e),0.4035991204622005,1.614396481848802
