,fluxes,C-fluxes
EX_asp_L(e),0.1761432766542535,0.704573106617014
EX_lac_D(e),0.22133468935880307,0.6640040680764092
EX_succ(e),0.5295910683782715,2.118364273513086
