,fluxes,C-fluxes
EX_acald(e),0.0009134425225948155,0.001826885045189631
EX_oaa(e),0.00443618037414278,0.01774472149657112
EX_ptrc(e),0.9544710241972963,3.8178840967891854
EX_tyr_L(e),0.0001941739185883568,0.001747565267295211
EX_ura(e),0.0005629427989714636,0.0022517711958858545
