,fluxes,C-fluxes
EX_ac(e),0.9775133840131628,1.9550267680263256
EX_csn(e),0.00927474096732711,0.03709896386930844
EX_phe_L(e),0.14321177335570068,1.2889059602013062
EX_ppa(e),0.1790216589399901,0.5370649768199703
