,fluxes,C-fluxes
EX_ac(e),0.1716080796453496,0.3432161592906992
EX_gal(e),0.003800310659375039,0.022801863956250234
EX_lac_D(e),1.1739910231607127,3.5219730694821383
EX_succ(e),0.0012643923028077834,0.005057569211231134
EX_tyr_L(e),0.0033827420167701597,0.030444678150931437
