,fluxes,C-fluxes
EX_3mop(e),0.14889240595085126,0.8933544357051075
EX_ac(e),0.8847353603941965,1.769470720788393
EX_ala_L(e),0.14801485266165332,0.44404455798495995
EX_cys_L(e),0.4477097510853136,1.3431292532559407
EX_fru(e),0.0017363156787872421,0.010417894072723453
EX_fum(e),0.22296430820295154,0.8918572328118062
EX_lac_D(e),0.29346825033605156,0.8804047510081547
