,fluxes,C-fluxes
EX_4hbz(e),0.0004944850290435286,0.0034613952033047
EX_ac(e),1.8054916708581064,3.6109833417162127
EX_for(e),0.8923944018802711,0.8923944018802711
