,fluxes,C-fluxes
EX_ac(e),0.5001696433784792,1.0003392867569585
EX_lac_D(e),0.09300794527379634,0.279023835821389
EX_ptrc(e),0.9999989295266065,3.999995718106426
