,fluxes,C-fluxes
EX_ac(e),2.386880199199932,4.773760398399864
EX_but(e),0.3421635957212735,1.368654382885094
EX_cys_L(e),0.010235972105505567,0.030707916316516704
EX_etoh(e),0.9977963941960034,1.9955927883920068
EX_for(e),3.409227859674517,3.409227859674517
EX_nac(e),0.017892303083407106,0.10735381850044264
EX_orn(e),0.0051819769382997205,0.025909884691498603
EX_succ(e),0.005385724130359313,0.021542896521437253
