,fluxes,C-fluxes
EX_ac(e),14.842873176519966,29.68574635303993
EX_glyclt(e),4.031437943001354,8.062875886002708
EX_hista(e),0.12697878126180248,0.6348939063090124
EX_lys_L(e),0.890651741654998,5.3439104499299885
EX_nac(e),0.9992756650731695,5.995653990439017
EX_phe_L(e),1.0830297514761074,9.747267763284967
EX_ppa(e),1.1197087320917203,3.359126196275161
EX_ptrc(e),1.08449129927484,4.33796519709936
EX_trypta(e),0.9141423333207901,9.1414233332079
