,fluxes,C-fluxes
EX_4hphac(e),1.970163175362205,15.76130540289764
EX_ac(e),14.989038385944697,29.978076771889395
EX_glyclt(e),6.126625956986307,12.253251913972614
EX_gua(e),0.9443113790445411,4.721556895222705
EX_hista(e),0.11467797359480371,0.5733898679740186
EX_ile_L(e),0.05950517255776596,0.35703103534659575
EX_lys_L(e),0.8903464394091823,5.342078636455094
EX_ppa(e),2.0,6.0
EX_ptrc(e),1.1964768058571644,4.785907223428658
EX_trypta(e),0.06928223080118596,0.6928223080118596
