,fluxes,C-fluxes
EX_4hphac(e),0.9826553801184368,7.861243040947494
EX_ac(e),10.816640061790777,21.633280123581553
EX_glyclt(e),3.259874843775885,6.51974968755177
EX_ile_L(e),0.22391156379235058,1.3434693827541035
EX_lys_L(e),0.957397379965189,5.744384279791134
EX_ppa(e),1.0,3.0
EX_ptrc(e),1.321439522752125,5.2857580910085
EX_trypta(e),0.07091792019754287,0.7091792019754286
