,fluxes,C-fluxes
EX_ac(e),9.069285380416899,18.138570760833797
EX_phe_L(e),0.9425895216046403,8.483305694441762
EX_ppa(e),1.2809873524977244,3.8429620574931733
EX_pro_L(e),1.6990845985583873,8.495422992791937
