,fluxes,C-fluxes
EX_ac(e),3.263788012116024,6.527576024232048
EX_for(e),3.2659496358870097,3.2659496358870097
EX_nac(e),0.999448735618175,5.9966924137090505
EX_phe_L(e),0.9772725349458953,8.795452814513057
EX_succ(e),0.3216560454723582,1.2866241818894328
