,fluxes,C-fluxes
EX_ac(e),5.63440970011464,11.26881940022928
EX_ade(e),0.9542312955794594,4.771156477897297
EX_cys_L(e),0.9923191783520972,2.9769575350562913
EX_dgsn(e),0.9724026090952836,9.724026090952837
EX_lys_L(e),0.95546538306723,5.73279229840338
EX_orn(e),0.06312048501515381,0.3156024250757691
EX_phe_L(e),0.9166290776016421,8.24966169841478
EX_ppa(e),1.0199754416788784,3.0599263250366353
EX_pro_L(e),0.32579882326891535,1.6289941163445767
EX_succ(e),6.0207934154763585,24.083173661905434
