,fluxes,C-fluxes
EX_ac(e),5.891369125680847,11.782738251361694
EX_acald(e),0.17878295,0.3575659
EX_cys_L(e),0.9953915650293479,2.9861746950880437
EX_for(e),5.133667570050094,5.133667570050094
EX_ile_L(e),0.04468862195872988,0.26813173175237925
EX_lys_L(e),0.9797732459573602,5.878639475744161
EX_phe_L(e),0.9436516214116649,8.492864592704985
EX_pro_L(e),0.22090814036857975,1.1045407018428988
EX_succ(e),2.9047011113699313,11.618804445479725
EX_val_L(e),0.4161668105277804,2.080834052638902
