,fluxes,C-fluxes
EX_ac(e),28.302070185192967,56.604140370385934
EX_indole(e),0.03890802375765656,0.3112641900612525
EX_nac(e),0.9983928582307766,5.99035714938466
EX_ppa(e),0.8015714926817404,2.4047144780452214
EX_tma(e),1.0,3.0
EX_tym(e),0.9284335945619621,7.4274687564956965
