,fluxes,C-fluxes
EX_ac(e),24.052430586994287,48.104861173988574
EX_dad_2(e),0.9598536084708416,9.598536084708416
EX_for(e),6.180953054610157,6.180953054610157
EX_indole(e),0.03734987020584238,0.298798961646739
EX_ppa(e),0.8522411388056976,2.5567234164170927
EX_tym(e),0.9140767651751815,7.312614121401452
