,fluxes,C-fluxes
EX_ac(e),17.616446651014446,35.23289330202889
EX_for(e),8.096257642165556,8.096257642165556
EX_gcald(e),0.004251185924215989,0.008502371848431977
EX_indole(e),0.05173377212414148,0.41387017699313183
EX_nac(e),0.9985825575593876,5.991495345356325
EX_ptrc(e),1.019870265479851,4.079481061919404
EX_tym(e),0.5327204758183253,4.261763806546602
