,fluxes,C-fluxes
EX_12ppd_S(e),0.14898579,0.44695737
EX_4abut(e),0.18,0.72
EX_ac(e),6.307591592742313,12.615183185484627
EX_for(e),7.369951076231801,7.369951076231801
EX_glyc(e),0.15370261829754858,0.4611078548926457
EX_lys_L(e),0.957693567646124,5.7461614058767445
EX_orn(e),0.01974868036591768,0.09874340182958839
EX_phe_L(e),0.9356379353813983,8.420741418432584
EX_ppa(e),0.18695166843069416,0.5608550052920824
