,fluxes,C-fluxes
EX_ac(e),10.947215233936246,21.894430467872493
EX_ade(e),0.13456992451876054,0.6728496225938028
EX_for(e),7.3175960252314285,7.3175960252314285
EX_hista(e),0.10949807087660665,0.5474903543830333
EX_indole(e),0.0660409163835686,0.5283273310685488
EX_ppa(e),2.785828291629256,8.357484874887767
EX_pro_L(e),0.03294403613469197,0.16472018067345984
EX_tym(e),0.9603933916939071,7.683147133551257
