,fluxes,C-fluxes
EX_ac(e),0.5947532154199423,1.1895064308398846
EX_ala_L(e),0.5106263226143876,1.5318789678431628
EX_but(e),0.0003293480530458202,0.0013173922121832808
EX_for(e),0.5948208621382558,0.5948208621382558
EX_glc_D(e),0.00282117,0.01692702
EX_glyc(e),0.06964224305568444,0.2089267291670533
