,fluxes,C-fluxes
EX_but(e),6.118581805698008,24.47432722279203
EX_dad_2(e),0.971651635294593,9.71651635294593
EX_dcyt(e),0.9670141278002756,8.70312715020248
