,fluxes,C-fluxes
EX_ac(e),0.15992195310630664,0.31984390621261327
EX_but(e),0.24775266535031462,0.9910106614012585
EX_for(e),0.6568175214600436,0.6568175214600436
EX_fum(e),0.0005678918622538078,0.002271567449015231
EX_glyc(e),0.14898579,0.44695737
