,fluxes,C-fluxes
EX_ac(e),28.12382409156528,56.24764818313056
EX_dad_2(e),0.5126588536873574,5.126588536873574
EX_for(e),0.9533038141857823,0.9533038141857823
EX_gcald(e),0.015915113564621993,0.031830227129243986
EX_gly(e),11.743165982931504,23.48633196586301
EX_ins(e),0.3954563104914949,3.954563104914949
EX_lys_L(e),0.7357642053121444,4.4145852318728664
EX_pro_L(e),0.813081400507859,4.065407002539295
EX_thymd(e),1.5044918478060054,15.044918478060055
