,fluxes,C-fluxes
EX_ac(e),11.91516346293764,23.83032692587528
EX_acald(e),1.1468819436322473,2.2937638872644945
EX_gcald(e),0.012814093004054904,0.02562818600810981
EX_ppa(e),13.777027283899034,41.33108185169711
EX_ura(e),1.8611134208447575,7.44445368337903
