,fluxes,C-fluxes
EX_ac(e),13.500856778878859,27.001713557757718
EX_dad_2(e),0.9403606706623567,9.403606706623567
EX_gcald(e),0.8695027045679883,1.7390054091359766
EX_hista(e),0.12085037146485865,0.6042518573242932
EX_ile_L(e),0.713946857151473,4.283681142908838
EX_ppa(e),9.858464424478575,29.575393273435722
EX_tym(e),0.9151418497344779,7.321134797875823
