,fluxes,C-fluxes
EX_ac(e),18.42010673678132,36.84021347356264
EX_gcald(e),0.005932509273293319,0.011865018546586639
EX_hxan(e),0.953381106196365,4.766905530981825
EX_ile_L(e),0.8388843529976587,5.033306117985952
EX_indole(e),0.04974268966655021,0.3979415173324017
EX_lys_L(e),0.9212869705103754,5.527721823062253
EX_pro_L(e),4.438016311417867,22.190081557089336
EX_succ(e),2.077208916338122,8.308835665352488
