,fluxes,C-fluxes
EX_4abut(e),1.9781275399696732,7.912510159878693
EX_ac(e),11.835668113215513,23.671336226431027
EX_dad_2(e),0.9479937276377152,9.479937276377152
EX_gly(e),0.9832361559861632,1.9664723119723264
EX_ile_L(e),0.7684213628730411,4.610528177238247
EX_lys_L(e),0.8759015322231106,5.2554091933386635
EX_succ(e),8.752533984256257,35.01013593702503
