,fluxes,C-fluxes
EX_12ppd_S(e),0.14898579,0.44695737
EX_ac(e),6.953703728952369,13.907407457904737
EX_for(e),5.960351397489168,5.960351397489168
EX_indole(e),0.06087334179626994,0.48698673437015955
EX_meoh(e),0.01932836051637097,0.01932836051637097
EX_pac(e),0.9122819952574653,7.298255962059723
EX_ppa(e),6.248190946806059,18.744572840418176
