,fluxes,C-fluxes
EX_ac(e),4.559753421776365,9.11950684355273
EX_for(e),3.457246271424517,3.457246271424517
EX_ppa(e),0.05471694733349366,0.16415084200048097
