,fluxes,C-fluxes
EX_ac(e),4.908720321937646,9.817440643875292
EX_adn(e),0.005641127467411397,0.05641127467411397
EX_dcyt(e),0.034314321745753565,0.30882889571178207
EX_for(e),3.211074637334923,3.211074637334923
