,fluxes,C-fluxes
EX_4abut(e),0.18,0.72
EX_ac(e),4.106649162583472,8.213298325166944
EX_acald(e),1.989997461445606,3.979994922891212
EX_ade(e),1.9487158809904266,9.743579404952133
EX_for(e),4.196080267055309,4.196080267055309
EX_gua(e),0.9926719339818664,4.963359669909332
EX_indole(e),0.0730000118435649,0.5840000947485192
EX_orn(e),0.09075182603259466,0.4537591301629733
EX_ppa(e),4.433858259336913,13.301574778010739
