,fluxes,C-fluxes
EX_ac(e),2.92113872554767,5.84227745109534
EX_dad_2(e),0.006810328429522579,0.06810328429522579
EX_for(e),3.0089573675174393,3.0089573675174393
EX_ins(e),0.9818479771463822,9.81847977146382
EX_ppa(e),1.1463155524704178,3.4389466574112535
