,fluxes,C-fluxes
EX_ac(e),4.340081830841286,8.680163661682572
EX_dad_2(e),0.9744759355237784,9.744759355237784
EX_for(e),3.2564147886513304,3.2564147886513304
EX_ppa(e),0.9218711611138412,2.7656134833415233
EX_uri(e),0.9509147633029451,8.558232869726506
