,fluxes,C-fluxes
EX_4abut(e),0.18,0.72
EX_ac(e),3.985522029761283,7.971044059522566
EX_acald(e),1.9897202723291463,3.9794405446582926
EX_ade(e),1.9458358593561689,9.729179296780844
EX_for(e),4.374618937929601,4.374618937929601
EX_gua(e),0.9958142810561386,4.979071405280693
EX_indole(e),0.06350651249547684,0.5080520999638147
EX_orn(e),0.0576081217065383,0.2880406085326915
EX_ppa(e),4.3231621429608165,12.96948642888245
