,fluxes,C-fluxes
EX_12ppd_S(e),0.14898579,0.44695737
EX_ac(e),4.3058656322170386,8.611731264434077
EX_dad_2(e),0.010732388683362017,0.10732388683362017
EX_for(e),3.0666778243583126,3.0666778243583126
EX_ins(e),0.04249121563550272,0.4249121563550272
EX_ppa(e),1.934715431484941,5.804146294454823
