,fluxes,C-fluxes
EX_ac(e),4.306255618564439,8.612511237128878
EX_cys_L(e),0.037663694402655844,0.11299108320796752
EX_dcyt(e),0.015365196053826191,0.13828676448443572
EX_for(e),2.5866472022192966,2.5866472022192966
