,fluxes,C-fluxes
EX_ac(e),2.614259587042437,5.228519174084874
EX_ade(e),0.9634606292747059,4.817303146373529
EX_for(e),2.1853515239687087,2.1853515239687087
EX_lac_L(e),0.14898579,0.44695737
EX_ppa(e),6.495775721027391,19.48732716308217
EX_urea(e),0.10446375722658126,0.10446375722658126
