,fluxes,C-fluxes
EX_ac(e),4.268241852464319,8.536483704928639
EX_adn(e),0.005433089028279012,0.054330890282790124
EX_dcyt(e),0.021064179209478597,0.18957761288530736
EX_for(e),1.9414728735333033,1.9414728735333033
