,fluxes,C-fluxes
EX_ac(e),13.276328560237053,26.552657120474105
EX_adn(e),0.0017654197504051226,0.017654197504051228
EX_arab_L(e),0.0055197,0.027598499999999998
EX_dcyt(e),0.022630560731088302,0.2036750465797947
EX_for(e),12.581861800521308,12.581861800521308
EX_indole(e),0.04721096106420691,0.3776876885136553
EX_pac(e),0.8851216530232277,7.080973224185821
EX_ppa(e),3.706002640230773,11.11800792069232
