,fluxes,C-fluxes
EX_12ppd_S(e),0.14898579,0.44695737
EX_ac(e),3.034377586180883,6.068755172361766
EX_dad_2(e),0.009958763986688301,0.09958763986688302
EX_for(e),1.4812400729101567,1.4812400729101567
EX_ins(e),0.03101193037679131,0.3101193037679131
