,fluxes,C-fluxes
EX_ac(e),4.007490506381061,8.014981012762123
EX_adn(e),0.005033368797993809,0.05033368797993809
EX_dcyt(e),0.019401439054834116,0.17461295149350703
EX_for(e),1.4488041686716855,1.4488041686716855
