,fluxes,C-fluxes
EX_ac(e),11.398177271173875,22.79635454234775
EX_dad_2(e),0.0002644113282883287,0.002644113282883287
EX_for(e),10.317605925141619,10.317605925141619
EX_fuc_L(e),0.000789,0.004734
EX_indole(e),0.05977817170250054,0.47822537362000433
EX_pac(e),0.9418193002290347,7.534554401832278
EX_ppa(e),0.7351802645836107,2.2055407937508322
