,fluxes,C-fluxes
EX_ac(e),4.1981419470563806,8.396283894112761
EX_dad_2(e),0.012643783581952492,0.12643783581952492
EX_for(e),2.633138525069639,2.633138525069639
EX_ppa(e),0.9560953839616908,2.8682861518850724
