,fluxes,C-fluxes
EX_12ppd_S(e),0.14898579,0.44695737
EX_ac(e),3.468656663712679,6.937313327425358
EX_dad_2(e),1.2419031276356818,12.419031276356819
EX_for(e),3.743893367948537,3.743893367948537
EX_indole(e),0.06902912055480966,0.5522329644384772
EX_orn(e),0.11728388537781166,0.5864194268890583
EX_ppa(e),4.211566478356325,12.634699435068974
