,fluxes,C-fluxes
EX_12ppd_S(e),0.14898579,0.44695737
EX_ac(e),4.01238366368932,8.02476732737864
EX_acald(e),1.9892701522382588,3.9785403044765175
EX_ade(e),1.9672706936268853,9.836353468134426
EX_for(e),4.193289519610972,4.193289519610972
EX_gcald(e),0.0024688415004518144,0.004937683000903629
EX_gua(e),0.9725598637457344,4.862799318728673
EX_orn(e),0.08854784220559403,0.44273921102797015
EX_ppa(e),4.6116919516652235,13.83507585499567
