,fluxes,C-fluxes
EX_12ppd_S(e),0.14898579,0.44695737
EX_ac(e),6.017927356532943,12.035854713065886
EX_acald(e),1.9847572613584603,3.9695145227169206
EX_ade(e),2.922260480885709,14.611302404428546
EX_for(e),6.333469000824376,6.333469000824376
EX_gua(e),0.9891594667560745,4.945797333780372
EX_orn(e),0.025640769277862015,0.12820384638931007
EX_phe_L(e),0.8024199984870052,7.221779986383047
EX_ppa(e),5.491030717224897,16.47309215167469
