,fluxes,C-fluxes
EX_ac(e),3.6269032217891066,7.253806443578213
EX_dad_2(e),1.0047620618389133,10.047620618389132
EX_for(e),2.319294741500246,2.319294741500246
EX_lac_L(e),0.14898579,0.44695737
EX_ppa(e),2.900017265984607,8.70005179795382
EX_urea(e),0.1218974141989701,0.1218974141989701
EX_uri(e),0.9819661377265806,8.837695239539226
TS_cbl1_c,0.026536720449627977,1.6452766678769346
