,fluxes,C-fluxes
EX_12ppd_S(e),0.14898579,0.44695737
EX_ac(e),9.238774029069454,18.477548058138908
EX_cys_L(e),0.0878545958899543,0.2635637876698629
EX_dad_2(e),0.0003209937336078345,0.0032099373360783452
EX_for(e),8.14257630751362,8.14257630751362
EX_indole(e),0.056217006200359784,0.4497360496028783
EX_pac(e),0.9112378676037333,7.289902940829866
EX_ppa(e),3.9581946859860095,11.874584057958028
