,fluxes,C-fluxes
EX_ac(e),8.872626517962464,17.74525303592493
EX_adn(e),0.00019871937672252864,0.0019871937672252863
EX_dcyt(e),0.007079953589763274,0.06371958230786946
EX_for(e),6.866242845004257,6.866242845004257
EX_fuc_L(e),0.000789,0.004734
EX_indole(e),0.04067169591756735,0.3253735673405388
EX_meoh(e),0.006511049999999999,0.006511049999999999
EX_pac(e),0.9361964230959645,7.489571384767716
EX_ppa(e),0.05782693265678514,0.17348079797035543
