,fluxes,C-fluxes
EX_ac(e),4.899348660381507,9.798697320763013
EX_adn(e),0.0041750848438484095,0.041750848438484096
EX_dcyt(e),0.023603907132714725,0.21243516419443254
EX_for(e),3.164955833735232,3.164955833735232
