,fluxes,C-fluxes
EX_ac(e),3.949013490089934,7.898026980179868
EX_dad_2(e),0.007033391088384138,0.07033391088384137
EX_for(e),3.6185349732613807,3.6185349732613807
EX_ins(e),0.984622284390313,9.84622284390313
EX_orn(e),0.020756433892697664,0.10378216946348831
EX_ppa(e),0.7469556525291604,2.2408669575874813
