,fluxes,C-fluxes
EX_ac(e),3.501278875895258,7.002557751790516
EX_dad_2(e),0.0037241604702679273,0.037241604702679273
EX_for(e),2.5622760788309136,2.5622760788309136
