,fluxes,C-fluxes
EX_12ppd_S(e),0.14898579,0.44695737
EX_ac(e),6.139622533967712,12.279245067935424
EX_cys_L(e),0.42235493070359853,1.2670647921107956
EX_for(e),3.0241508470873835,3.0241508470873835
EX_phe_L(e),0.9656455893993012,8.690810304593711
EX_pro_L(e),0.1247148250954186,0.623574125477093
