,fluxes,C-fluxes
EX_ac(e),10.651456726858893,21.302913453717785
EX_etoh(e),1.626958577139141,3.253917154278282
EX_for(e),4.859750384519798,4.859750384519798
EX_gly(e),0.11607859111158988,0.23215718222317977
EX_nac(e),0.09326448874515512,0.5595869324709307
EX_orn(e),0.05324622717855135,0.2662311358927567
EX_phe_L(e),0.942681896007399,8.48413706406659
EX_pro_L(e),0.17484532168533615,0.8742266084266808
TS_ahcys_c,7.85563871425242e-05,0.0010997894199953387
