,fluxes,C-fluxes
EX_ac(e),6.1395437515145925,12.279087503029185
EX_cys_L(e),0.16640014340448295,0.49920043021344884
EX_etoh(e),0.19738795869044848,0.39477591738089696
EX_for(e),3.427012537460717,3.427012537460717
EX_glcur(e),0.00032865,0.0019719
EX_phe_L(e),0.9719888638546167,8.74789977469155
EX_pro_L(e),0.11417337909848876,0.5708668954924438
