,fluxes,C-fluxes
EX_12ppd_S(e),0.14898579,0.44695737
EX_4abut(e),0.3343745132785746,1.3374980531142984
EX_ac(e),15.524419906000475,31.04883981200095
EX_cys_L(e),0.18831922583405314,0.5649576775021594
EX_cytd(e),0.07219648962321239,0.6497684066089114
EX_etoh(e),2.0737610114478673,4.147522022895735
EX_for(e),7.74166520426397,7.74166520426397
EX_glcur(e),0.00032865,0.0019719
EX_glyc(e),0.003840372314620016,0.011521116943860049
EX_phe_L(e),0.9526770504775781,8.574093454298204
