,fluxes,C-fluxes
EX_12ppd_S(e),0.14898579,0.44695737
EX_ac(e),5.918820414627267,11.837640829254534
EX_csn(e),0.024009932986436965,0.09603973194574786
EX_etoh(e),0.12135575879839601,0.24271151759679202
EX_for(e),3.112547605069212,3.112547605069212
EX_phe_L(e),0.976279121911822,8.786512097206398
EX_pro_L(e),0.1324866223349382,0.6624331116746909
