,fluxes,C-fluxes
EX_ac(e),4.31219797189294,8.62439594378588
EX_etoh(e),0.40538982529916706,0.8107796505983341
EX_for(e),3.1611861959321286,3.1611861959321286
EX_gly(e),0.1990476644894553,0.3980953289789106
EX_glyc(e),0.0011960233097932482,0.0035880699293797443
EX_orn(e),0.05098719595726327,0.2549359797863163
EX_phe_L(e),0.9868007438327286,8.881206694494558
EX_pro_L(e),0.17358345247649612,0.8679172623824806
EX_uri(e),0.030406271745472047,0.2736564457092484
