,fluxes,C-fluxes
EX_ac(e),10.3737453500248,20.7474907000496
EX_etoh(e),3.6497859773175567,7.299571954635113
EX_for(e),8.163581048958129,8.163581048958129
EX_gly(e),0.13950778619104837,0.27901557238209673
EX_hista(e),0.13848878119891037,0.6924439059945519
EX_orn(e),0.21369883161959333,1.0684941580979666
EX_phe_L(e),0.9587602854121693,8.628842568709523
EX_trypta(e),0.0704532656377559,0.704532656377559
