,fluxes,C-fluxes
EX_ac(e),4.27188282115389,8.54376564230778
EX_etoh(e),0.31336324296296514,0.6267264859259303
EX_for(e),3.097034251373362,3.097034251373362
EX_gly(e),0.18975634977680758,0.37951269955361516
EX_glyc(e),0.0016282909811040473,0.004884872943312142
EX_orn(e),0.06544035602598493,0.3272017801299246
EX_phe_L(e),0.9820797750906525,8.838717975815872
EX_pro_L(e),0.1676245553440871,0.8381227767204356
EX_uri(e),0.037311822177203614,0.33580639959483255
