,fluxes,C-fluxes
EX_ac(e),10.504884795837723,21.009769591675447
EX_etoh(e),0.782250847588866,1.564501695177732
EX_for(e),5.181080402804039,5.181080402804039
EX_glcur(e),0.00032865,0.0019719
EX_glyc(e),0.1535931495809056,0.4607794487427168
EX_phe_L(e),0.958064105943182,8.622576953488638
EX_pro_L(e),0.21814218642107053,1.0907109321053525
