,fluxes,C-fluxes
EX_ac(e),6.382804780469855,12.76560956093971
EX_cytd(e),0.06854591696656506,0.6169132526990856
EX_etoh(e),0.2780861705319115,0.556172341063823
EX_for(e),5.099375702116357,5.099375702116357
EX_gly(e),1.1813579295982422,2.3627158591964843
EX_orn(e),0.022135189508954628,0.11067594754477314
EX_phe_L(e),0.977831555047394,8.800483995426546
EX_pro_L(e),0.28521850570432844,1.4260925285216421
