,fluxes,C-fluxes
EX_12ppd_S(e),0.14898579,0.44695737
EX_ac(e),9.932999990632721,19.865999981265443
EX_cytd(e),0.05168112475656296,0.4651301228090666
EX_etoh(e),0.2802478489987249,0.5604956979974498
EX_for(e),5.603287096812218,5.603287096812218
EX_glcur(e),0.00032865,0.0019719
EX_gly(e),1.1694565797913434,2.338913159582687
EX_glyc(e),0.0024854000002310014,0.007456200000693004
EX_phe_L(e),0.971067441809301,8.73960697628371
EX_pro_L(e),0.33693383968158286,1.6846691984079143
