,fluxes,C-fluxes
EX_ac(e),4.282825044366042,8.565650088732085
EX_etoh(e),0.20410051874988128,0.40820103749976255
EX_for(e),2.9328637898706225,2.9328637898706225
EX_gly(e),0.1849780252994869,0.3699560505989738
EX_glyc(e),0.0017469837479665933,0.0052409512438997795
EX_ile_L(e),0.27281252693852637,1.636875161631158
EX_orn(e),0.019170707627924218,0.0958535381396211
EX_phe_L(e),0.9807929602985213,8.82713664268669
EX_pro_L(e),0.11522248519897421,0.5761124259948711
