,fluxes,C-fluxes
EX_12ppd_S(e),0.14898579,0.44695737
EX_ac(e),13.511871326769176,27.023742653538353
EX_arab_L(e),0.00201572,0.0100786
EX_etoh(e),2.2636598461343547,4.527319692268709
EX_for(e),7.663961527335948,7.663961527335948
EX_phe_L(e),0.9523310838454795,8.570979754609315
EX_pro_L(e),0.21739569195148892,1.0869784597574446
