,fluxes,C-fluxes
EX_ac(e),7.696308993811134,15.392617987622268
EX_cys_L(e),0.9870442006217154,2.9611326018651463
EX_for(e),3.2468575590990563,3.2468575590990563
EX_nac(e),0.08560010112342879,0.5136006067405727
EX_succ(e),0.22324788251268682,0.8929915300507473
