,fluxes,C-fluxes
EX_12ppd_S(e),0.14898579,0.44695737
EX_ac(e),7.40760425264139,14.81520850528278
EX_but(e),2.842617284909498,11.370469139637992
EX_gln_L(e),0.07649260345426566,0.3824630172713283
EX_ile_L(e),0.9187835533495899,5.512701320097539
EX_indole(e),0.07955672574366612,0.636453805949329
EX_nac(e),0.09706041697261465,0.5823625018356879
EX_phe_L(e),0.9145281369635051,8.230753232671546
EX_succ(e),0.0008497940586477728,0.003399176234591091
EX_ura(e),0.9706583290812959,3.8826333163251836
