,fluxes,C-fluxes
EX_12ppd_S(e),0.14898579,0.44695737
EX_ac(e),15.599135998242998,31.198271996485996
EX_gly(e),0.0853589222506976,0.1707178445013952
EX_phe_L(e),0.9029777684613851,8.126799916152466
EX_succ(e),0.08555726356953033,0.34222905427812134
EX_ura(e),0.9352126456587266,3.7408505826349066
