,fluxes,C-fluxes
EX_ac(e),5.021553911436943,10.043107822873885
EX_cys_L(e),0.9984640270718566,2.9953920812155697
EX_dad_2(e),0.993411756489082,9.934117564890819
EX_gcald(e),0.0007471717575752593,0.0014943435151505186
EX_gua(e),0.07497210876680682,0.3748605438340341
EX_hista(e),0.1317543496793177,0.6587717483965885
EX_ins(e),0.9256171249263948,9.256171249263948
EX_phe_L(e),0.9736067145128713,8.762460430615842
EX_ppa(e),4.877172515145541,14.631517545436623
