,fluxes,C-fluxes
EX_acac(e),3.794815755712674,15.179263022850696
EX_dad_2(e),1.939519106913972,19.39519106913972
EX_lys_L(e),0.8862639500605096,5.317583700363057
EX_nac(e),0.9963909951331246,5.978345970798747
EX_succ(e),13.96850566703212,55.87402266812848
