,fluxes,C-fluxes
EX_ac(e),3.210221105354693,6.420442210709386
EX_ile_L(e),2.197186166080371,13.183116996482227
EX_orn(e),0.9434181595319988,4.717090797659994
EX_succ(e),0.8717038612439103,3.486815444975641
