,fluxes,C-fluxes
EX_ac(e),4.580882496301385,9.16176499260277
EX_ade(e),1.9427802444742421,9.713901222371211
EX_for(e),0.025431662421324486,0.025431662421324486
EX_gcald(e),0.003212266601150026,0.006424533202300052
EX_gua(e),0.9929831946178006,4.964915973089003
EX_indole(e),0.06736389228644034,0.5389111382915227
EX_ppa(e),10.831650748146041,32.494952244438124
