,fluxes,C-fluxes
EX_ac(e),8.028561689498563,16.057123378997126
EX_ade(e),1.9372038191692347,9.686019095846174
EX_but(e),2.8155604604336504,11.262241841734602
EX_dgsn(e),0.9609415738133373,9.609415738133373
EX_for(e),14.217068779167166,14.217068779167166
EX_ile_L(e),0.8707886449528975,5.2247318697173855
EX_phe_L(e),0.8691446600638105,7.822301940574294
