,fluxes,C-fluxes
EX_cys_L(e),0.009555129073278833,0.0286653872198365
EX_succ(e),0.6886358119943472,2.754543247977389
