,fluxes,C-fluxes
EX_cytd(e),0.012077697750989744,0.1086992797589077
EX_gly(e),0.0008038510874068883,0.0016077021748137767
EX_pyr(e),1.7978207933402046,5.393462380020614
EX_succ(e),0.977874628576339,3.911498514305356
