,fluxes,C-fluxes
EX_akg(e),0.4841892629461212,2.420946314730606
EX_cytd(e),0.041148610425273686,0.37033749382746317
EX_gly(e),0.9367818631869758,1.8735637263739515
EX_ptrc(e),0.05540303225151586,0.22161212900606345
EX_pyr(e),0.9660279750174473,2.898083925052342
EX_succ(e),2.1292451538494865,8.516980615397946
