,fluxes,C-fluxes
EX_ade(e),0.9930605229036367,4.965302614518183
EX_cys_L(e),0.9940468748631918,2.9821406245895754
EX_dgsn(e),1.0,10.0
EX_for(e),5.237711683130936,5.237711683130936
EX_glu_L(e),0.15269042416892595,0.7634521208446298
TS_fadh2_c,9.661617519072564,260.8636730149592
