,fluxes,C-fluxes
EX_cytd(e),0.007460164029772272,0.06714147626795045
EX_pyr(e),1.1041399202556308,3.3124197607668924
EX_succ(e),1.0595148996273693,4.238059598509477
