,fluxes,C-fluxes
EX_4hphac(e),0.9063195616418825,7.25055649313506
EX_ac(e),14.961336939049325,29.92267387809865
EX_dad_2(e),1.0058606523842264,10.058606523842265
EX_for(e),20.76738160066032,20.76738160066032
EX_indole(e),0.015870772370048934,0.12696617896039147
EX_nac(e),0.9982977111740705,5.989786267044423
EX_ppa(e),0.29797158,0.89391474
EX_ptrc(e),0.9982984970630492,3.9931939882521967
EX_val_L(e),1.216014143565566,6.08007071782783
