,fluxes,C-fluxes
EX_ac(e),20.136827912635166,40.27365582527033
EX_dad_2(e),1.000805886397175,10.00805886397175
EX_for(e),16.048080651082802,16.048080651082802
EX_gcald(e),3.052825034994355,6.10565006998871
EX_indole(e),0.038188482716545735,0.3055078617323659
EX_nac(e),0.996322064726401,5.977932388358406
EX_phe_L(e),0.7202260926318941,6.482034833687047
EX_ppa(e),0.05128025032046184,0.1538407509613855
