,fluxes,C-fluxes
EX_ac(e),3.4048182756361025,6.809636551272205
EX_for(e),2.9036293224422987,2.9036293224422987
EX_nac(e),0.006159378252460104,0.03695626951476062
