,fluxes,C-fluxes
EX_ac(e),8.499324831440097,16.998649662880194
EX_cys_L(e),0.974567617450323,2.923702852350969
EX_etoh(e),0.17809765625882915,0.3561953125176583
EX_nac(e),0.9977103613680622,5.986262168208373
EX_succ(e),7.426977881225062,29.707911524900247
EX_tma(e),1.0,3.0
