,fluxes,C-fluxes
EX_ac(e),11.410915692472877,22.821831384945753
EX_ade(e),1.9448526329260718,9.72426316463036
EX_etoh(e),5.012693354750537,10.025386709501074
EX_for(e),9.995367393651389,9.995367393651389
EX_gua(e),0.9654351837970768,4.827175918985384
EX_ile_L(e),0.16649350759353423,0.9989610455612055
EX_nac(e),0.9970565547685939,5.982339328611563
EX_phe_L(e),0.9236314565393209,8.312683108853888
EX_ppa(e),0.7783230926701322,2.3349692780103966
EX_ura(e),0.9579159134719091,3.8316636538876363
