,fluxes,C-fluxes
EX_ac(e),2.9237747437594117,5.847549487518823
EX_ade(e),0.9444070596658035,4.7220352983290175
EX_but(e),9.52081617170783,38.08326468683132
EX_csn(e),1.917212282822307,7.668849131289228
EX_for(e),17.526824674654254,17.526824674654254
EX_gua(e),0.9597450537820558,4.798725268910279
EX_ile_L(e),0.8032269856330095,4.8193619137980575
EX_nac(e),0.4714020470213397,2.8284122821280384
EX_phe_L(e),0.8073006700914399,7.265706030822959
EX_ppa(e),1.0,3.0
