,fluxes,C-fluxes
EX_ac(e),5.802010357248193,11.604020714496386
EX_etoh(e),0.8289440046447372,1.6578880092894743
EX_for(e),4.532603329955076,4.532603329955076
EX_phe_L(e),0.9176798181411,8.2591183632699
