,fluxes,C-fluxes
EX_ac(e),7.801624255049767,15.603248510099535
EX_ala_L(e),2.898569141919692,8.695707425759077
EX_but(e),0.23234762227500555,0.9293904891000222
EX_etoh(e),3.303191972860444,6.606383945720888
EX_for(e),11.106954565200315,11.106954565200315
EX_orn(e),0.03663546207732245,0.18317731038661222
