,fluxes,C-fluxes
EX_but(e),1.3407822366854067,5.363128946741627
EX_pro_L(e),0.12995195510622945,0.6497597755311473
EX_succ(e),1.7867922524831341,7.1471690099325365
