,fluxes,C-fluxes
EX_ac(e),8.140365783581954,16.280731567163908
EX_ala_L(e),0.010269749582248298,0.030809248746744892
EX_but(e),2.4692909715245848,9.877163886098339
EX_etoh(e),0.10621971799840213,0.21243943599680426
EX_for(e),12.746330541348438,12.746330541348438
EX_orn(e),0.026177021791773333,0.13088510895886665
