,fluxes,C-fluxes
EX_ac(e),20.589487755807884,41.17897551161577
EX_ch4s(e),3.0980684187903056,3.0980684187903056
EX_ind3ppa(e),0.07284780443292563,0.8013258487621819
EX_pac(e),1.8693023037467777,14.954418429974222
EX_ppa(e),1.0999261053920861,3.2997783161762584
EX_urea(e),0.008778742240913077,0.008778742240913077
