,fluxes,C-fluxes
EX_ac(e),24.97575413440303,49.95150826880606
EX_for(e),7.037747678399318,7.037747678399318
EX_gln_L(e),6.739088076690409,33.695440383452045
EX_hxan(e),0.9392881470611855,4.696440735305927
EX_ile_L(e),0.7943696512002533,4.766217907201519
EX_indole(e),0.07001007541190442,0.5600806032952353
EX_tma(e),1.0,3.0
