,fluxes,C-fluxes
EX_ac(e),7.014157251299599,14.028314502599198
EX_but(e),1.3929845455486785,5.571938182194714
EX_for(e),6.185839075747396,6.185839075747396
EX_met_L(e),0.8904829834989292,4.452414917494646
EX_orn(e),0.04428749756342489,0.22143748781712447
EX_succ(e),0.04428749756342489,0.17714999025369957
