,fluxes,C-fluxes
EX_ac(e),0.8124740181625947,1.6249480363251894
EX_ala_L(e),4.3051048113494135,12.915314434048241
EX_hista(e),0.12275529562724509,0.6137764781362255
EX_hxan(e),0.9834402790476133,4.917201395238067
EX_lac_L(e),6.956268148865205,20.868804446595615
EX_nac(e),0.9994175591862869,5.996505355117722
EX_orn(e),0.03344785337257798,0.16723926686288992
EX_ppa(e),0.4259954094069943,1.2779862282209828
EX_tym(e),0.9726385129261069,7.781108103408855
