,fluxes,C-fluxes
EX_ac(e),1.8684669903920157,3.7369339807840314
EX_dad_2(e),0.9861202057686548,9.861202057686548
EX_for(e),0.5078287166777186,0.5078287166777186
EX_lac_L(e),6.023253215977048,18.069759647931143
EX_lys_L(e),0.9767150947892793,5.860290568735676
EX_phe_L(e),0.9550421732770371,8.595379559493335
EX_ppa(e),0.01882329250440134,0.056469877513204016
EX_succ(e),0.01882329250440134,0.07529317001760535
EX_val_L(e),1.5046081760649879,7.523040880324939
