,fluxes,C-fluxes
EX_15dap(e),0.12048143125633666,0.6024071562816833
EX_ac(e),1.4700694634811553,2.9401389269623106
EX_asp_L(e),1.3384583977110558,5.353833590844223
EX_succ(e),0.016999226367032973,0.06799690546813189
EX_tyr_L(e),9.994397551089142,89.94957795980227
EX_val_L(e),0.6067609384175311,3.0338046920876556
