,fluxes,C-fluxes
EX_4hphac(e),0.9711034697095452,7.768827757676362
EX_5mta(e),0.0008916815165683081,0.009808496682251389
EX_ac(e),10.038502178558295,20.07700435711659
EX_adn(e),0.00025043020483741146,0.0025043020483741145
EX_dad_2(e),0.9702972564802198,9.702972564802199
EX_indole(e),0.04985353093692143,0.39882824749537144
EX_lys_L(e),0.9304907071307603,5.582944242784562
EX_ppa(e),11.983003637064435,35.949010911193305
