,fluxes,C-fluxes
EX_ac(e),5.331441503651137,10.662883007302273
EX_cys_L(e),0.9901525032539041,2.9704575097617125
EX_for(e),3.990394193786696,3.990394193786696
EX_phe_L(e),0.9591982674820105,8.632784407338095
