,fluxes,C-fluxes
EX_ade(e),2.245006714114602,11.22503357057301
EX_for(e),0.0024436763815337565,0.0024436763815337565
EX_lac_L(e),3.684145890962503,11.052437672887509
EX_nac(e),2.2528311097567175,13.516986658540304
EX_ptrc(e),0.9842480886416746,3.9369923545666983
EX_ser_L(e),0.1762695014726226,0.5288085044178679
