,fluxes,C-fluxes
EX_ac(e),7.401196908662297,14.802393817324594
EX_etoh(e),4.47575665098123,8.95151330196246
EX_for(e),10.934996450875772,10.934996450875772
EX_met_L(e),0.35566451868612786,1.7783225934306393
EX_nac(e),0.2124423932377684,1.2746543594266104
EX_orn(e),0.025874018933079206,0.12937009466539603
