,fluxes,C-fluxes
EX_ac(e),9.000215022087195,18.00043004417439
EX_ade(e),0.9585853281752084,4.792926640876042
EX_ala_L(e),1.9964513776548825,5.989354132964648
EX_cys_L(e),0.338639545167659,1.015918635502977
EX_etoh(e),7.436365352171387,14.872730704342773
EX_for(e),13.865783184491695,13.865783184491695
EX_gly(e),0.297740771214277,0.595481542428554
EX_gua(e),0.975245154631977,4.876225773159885
EX_lys_L(e),0.12534599299158472,0.7520759579495083
EX_phe_L(e),0.8253325694711305,7.4279931252401745
