,fluxes,C-fluxes
EX_4abut(e),0.18,0.72
EX_ac(e),4.778727004154514,9.557454008309028
EX_for(e),2.1526458494915968,2.1526458494915968
