,fluxes,C-fluxes
EX_12ppd_S(e),0.14898579,0.44695737
EX_ac(e),9.651137690707403,19.302275381414805
EX_etoh(e),4.99874533205273,9.99749066410546
EX_for(e),12.425343351074854,12.425343351074854
EX_ile_L(e),0.8524094230234801,5.114456538140881
EX_orn(e),0.1016876136418323,0.5084380682091615
EX_succ(e),0.052065492690233826,0.2082619707609353
EX_tma(e),1.0,3.0
