,fluxes,C-fluxes
EX_12ppd_S(e),0.29797158,0.89391474
EX_ac(e),19.23272718625573,38.46545437251146
EX_dad_2(e),1.0007454084873137,10.007454084873137
EX_for(e),15.22450015606172,15.22450015606172
EX_gcald(e),2.951749958985981,5.903499917971962
EX_nac(e),0.9964670839941229,5.9788025039647374
EX_phe_L(e),0.7302877496663477,6.572589746997129
EX_ptrc(e),0.9950055159957617,3.980022063983047
