,fluxes,C-fluxes
EX_ac(e),6.349254787648522,12.698509575297043
EX_dad_2(e),0.9791217192872107,9.791217192872107
EX_etoh(e),3.8657893764689137,7.7315787529378275
EX_for(e),8.35871952375373,8.35871952375373
TS_thglu_c,0.00011819465734933855,0.002836671776384125
