,fluxes,C-fluxes
EX_ac(e),5.0246395357777285,10.049279071555457
EX_ala_L(e),0.007144586917977951,0.021433760753933852
EX_but(e),0.618216539719329,2.472866158877316
EX_for(e),5.077317886001572,5.077317886001572
EX_nac(e),0.07220832819154982,0.4332499691492989
EX_phe_L(e),0.9146854103523677,8.23216869317131
