,fluxes,C-fluxes
EX_ac(e),29.714473819106473,59.42894763821295
EX_dad_2(e),1.0006976696739343,10.006976696739343
EX_for(e),4.083894533460582,4.083894533460582
EX_indole(e),0.0468751524158556,0.3750012193268448
EX_nac(e),0.9963963919624839,5.978378351774904
EX_phe_L(e),0.7935739212241941,7.142165291017747
EX_ppa(e),0.055039816491165225,0.16511944947349566
EX_ptrc(e),1.0,4.0
EX_tma(e),1.0,3.0
