,fluxes,C-fluxes
EX_ac(e),26.17920538895752,52.35841077791504
EX_dad_2(e),1.000804660084825,10.00804660084825
EX_for(e),6.55286032904429,6.55286032904429
EX_gcald(e),6.550478410921638,13.100956821843276
EX_indole(e),0.04315028457217784,0.3452022765774227
EX_nac(e),0.9960559602610728,5.976335761566437
EX_phe_L(e),0.7388568631158476,6.6497117680426285
EX_ppa(e),0.08542949704270081,0.2562884911281024
EX_ptrc(e),1.0,4.0
