,fluxes,C-fluxes
EX_4abut(e),1.0006645613577232,4.002658245430893
EX_ac(e),17.40493015843269,34.80986031686538
EX_dad_2(e),1.006060153076116,10.06060153076116
EX_for(e),20.24650511145645,20.24650511145645
EX_gcald(e),0.005298793508079893,0.010597587016159786
EX_nac(e),0.9982319143393995,5.989391486036397
EX_phe_L(e),0.6298142417870611,5.66832817608355
EX_ptrc(e),0.9982337354973067,3.9929349419892266
