,fluxes,C-fluxes
EX_ac(e),28.85589541787414,57.71179083574828
EX_dad_2(e),1.0006706243501127,10.006706243501126
EX_for(e),4.473861246345123,4.473861246345123
EX_indole(e),0.04881907311924871,0.3905525849539897
EX_nac(e),0.9963214050169359,5.977928430101615
EX_phe_L(e),0.7992319805092982,7.193087824583684
EX_ppa(e),0.10135853625378075,0.3040756087613422
EX_ptrc(e),1.0,4.0
