,fluxes,C-fluxes
EX_ac(e),0.5809871184506236,1.1619742369012471
EX_ade(e),0.0033120254173990044,0.016560127086995023
EX_asp_L(e),0.2197575799177053,0.8790303196708212
EX_dgsn(e),0.999508402891272,9.99508402891272
EX_indole(e),0.08149375465186008,0.6519500372148807
EX_ura(e),1.1801637001186187,4.720654800474475
