,fluxes,C-fluxes
EX_ac(e),3.1943950825138496,6.388790165027699
EX_but(e),1.0353448000262042,4.141379200104817
EX_for(e),4.133631655054305,4.133631655054305
