,fluxes,C-fluxes
EX_ac(e),15.541462581634091,31.082925163268182
EX_ade(e),0.002839069494438899,0.014195347472194496
EX_csn(e),0.9372571103020478,3.7490284412081913
EX_for(e),7.7516659020557706,7.7516659020557706
EX_ile_L(e),0.8479815104714474,5.087889062828685
EX_orn(e),0.030294779578944685,0.15147389789472343
