,fluxes,C-fluxes
EX_ac(e),4.4628881434572065,8.925776286914413
EX_ade(e),0.9835945576917746,4.917972788458873
EX_btoh(e),0.27292518263173854,1.0917007305269542
EX_but(e),2.287271099622465,9.14908439848986
EX_dgsn(e),0.9941278992881287,9.941278992881287
EX_for(e),9.625561323038035,9.625561323038035
EX_gly(e),0.9766247998578299,1.9532495997156598
EX_indole(e),0.07803276060854886,0.6242620848683909
EX_ppa(e),1.2062341342935505,3.6187024028806514
