,fluxes,C-fluxes
EX_ac(e),8.34236594115604,16.68473188231208
EX_but(e),5.004360283885843,20.017441135543372
EX_for(e),7.367013720526541,7.367013720526541
EX_indole(e),0.0695592361958772,0.5564738895670176
EX_phe_L(e),0.850240603811039,7.652165434299351
