,fluxes,C-fluxes
EX_ac(e),4.097575814841195,8.19515162968239
EX_but(e),3.7986538753095975,15.19461550123839
EX_for(e),10.728228572649565,10.728228572649565
EX_gly(e),0.9749933005609172,1.9499866011218343
EX_indole(e),0.08082841742117251,0.6466273393693801
EX_ptrc(e),0.21738133640485888,0.8695253456194355
EX_succ(e),0.0003779766868054997,0.0015119067472219988
