,fluxes,C-fluxes
EX_ac(e),6.879816102037514,13.759632204075029
EX_but(e),2.491424898331355,9.96569959332542
EX_for(e),8.709421005296125,8.709421005296125
EX_indole(e),0.07672253424755292,0.6137802739804233
EX_phe_L(e),0.9266307182939644,8.33967646464568
EX_ppa(e),0.1996512236427337,0.5989536709282011
