,fluxes,C-fluxes
EX_ac(e),3.461834917469225,6.92366983493845
EX_btoh(e),1.202254356091176,4.809017424364704
EX_but(e),0.12771421164617916,0.5108568465847166
EX_for(e),0.002791453168211629,0.002791453168211629
EX_gly(e),0.842685173234992,1.685370346469984
EX_indole(e),0.07991532517080782,0.6393226013664626
EX_lac_D(e),1.7835900442206496,5.350770132661949
EX_ppa(e),0.2159097189718647,0.6477291569155941
