,fluxes,C-fluxes
EX_ac(e),7.327841823712122,14.655683647424244
EX_ade(e),0.986431781229976,4.93215890614988
EX_btoh(e),0.30298596030944736,1.2119438412377894
EX_but(e),1.2795629548028684,5.118251819211474
EX_dgsn(e),0.9953595964158778,9.953595964158778
EX_for(e),7.742311688581154,7.742311688581154
EX_gly(e),0.973349852157834,1.946699704315668
EX_indole(e),0.07901022100500135,0.6320817680400108
EX_ppa(e),1.2035554670731168,3.6106664012193503
