,fluxes,C-fluxes
EX_ac(e),6.615110638966883,13.230221277933765
EX_btoh(e),1.3539549233574064,5.415819693429626
EX_but(e),0.08319570737050169,0.33278282948200677
EX_for(e),8.268575828484318,8.268575828484318
EX_gly(e),1.156335150960183,2.312670301920366
EX_indole(e),0.07503198254875677,0.6002558603900542
