,fluxes,C-fluxes
EX_ac(e),18.59720559491665,37.1944111898333
EX_dad_2(e),0.9715337840755602,9.715337840755602
EX_for(e),0.4567568963205604,0.4567568963205604
EX_indole(e),0.07287939294545724,0.5830351435636579
