,fluxes,C-fluxes
EX_ac(e),4.181933372911378,8.363866745822756
EX_but(e),3.490414722468327,13.961658889873307
EX_for(e),4.472690774175116,4.472690774175116
EX_gly(e),0.9815795771423128,1.9631591542846256
EX_indole(e),0.08023836603284391,0.6419069282627513
