,fluxes,C-fluxes
EX_ac(e),19.416360472591837,38.832720945183674
EX_but(e),0.013341702544003256,0.053366810176013024
EX_indole(e),0.06840903569142527,0.5472722855314022
EX_phe_L(e),0.8514923606017688,7.66343124541592
