,fluxes,C-fluxes
EX_ac(e),19.33208602953078,38.66417205906156
EX_dad_2(e),0.9578646103412622,9.578646103412623
