,fluxes,C-fluxes
EX_ac(e),5.870341321899664,11.740682643799328
EX_etoh(e),5.4316824153249685,10.863364830649937
EX_for(e),10.312990769622452,10.312990769622452
EX_glu_L(e),0.05054439563701641,0.2527219781850821
EX_hista(e),0.13236809553498588,0.6618404776749294
EX_ile_L(e),0.4466005556474768,2.679603333884861
EX_lys_L(e),0.91533719939942,5.49202319639652
EX_trypta(e),0.07750387956297089,0.7750387956297089
EX_tym(e),0.968452276984101,7.747618215872808
