,fluxes,C-fluxes
EX_ac(e),11.31510273265059,22.63020546530118
EX_for(e),9.97007370817861,9.97007370817861
EX_gcald(e),0.0017597088904388824,0.0035194177808777647
EX_hista(e),0.12331879848809618,0.6165939924404809
EX_phe_L(e),1.4592610813925595,13.133349732533036
EX_ppa(e),0.3209771884852119,0.9629315654556356
EX_trypta(e),0.06268524539773261,0.6268524539773261
EX_tym(e),0.4663136556474977,3.7305092451799817
