,fluxes,C-fluxes
EX_4hphac(e),1.9418536046168215,15.534828836934572
EX_ac(e),5.444043924271695,10.88808784854339
EX_gua(e),0.9412666331167322,4.706333165583661
EX_hista(e),0.035028067778114784,0.17514033889057393
EX_lys_L(e),0.9544368812012952,5.726621287207771
EX_ppa(e),13.364948394949073,40.094845184847216
