,fluxes,C-fluxes
EX_ala_L(e),0.8858970308681717,2.657691092604515
EX_gly(e),0.0007207459320605979,0.0014414918641211959
EX_phe_L(e),0.3983706687700609,3.585336018930548
EX_succ(e),1.947179224491075,7.7887168979643
