,fluxes,C-fluxes
EX_ac(e),1.5266334755277322,3.0532669510554644
EX_for(e),0.00227734758496468,0.00227734758496468
EX_glu_L(e),0.007910083505228935,0.039550417526144674
EX_gly(e),0.0008557415989898389,0.0017114831979796778
EX_succ(e),0.7617825073956829,3.0471300295827315
EX_tyr_L(e),0.0054356751723591175,0.048921076551232054
