,fluxes,C-fluxes
EX_ac(e),0.13897577509608666,0.2779515501921733
EX_glu_L(e),0.00022250331259362013,0.0011125165629681005
EX_succ(e),1.0761103876476765,4.304441550590706
