,fluxes,C-fluxes
EX_cytd(e),0.022743919170454596,0.20469527253409137
EX_for(e),4.176756576277701,4.176756576277701
EX_glu_L(e),0.2119636540431917,1.0598182702159584
EX_glyc(e),0.001085741335822333,0.0032572240074669988
EX_succ(e),1.3943625577651342,5.577450231060537
