,fluxes,C-fluxes
EX_ac(e),0.13857540374990351,0.27715080749980703
EX_ala_L(e),0.18111119099027215,0.5433335729708164
EX_for(e),0.0022355847033275027,0.0022355847033275027
EX_gly(e),10.1579495274059,20.3158990548118
EX_glyc(e),0.49595016625233646,1.4878504987570094
EX_lac_L(e),0.49135427139791904,1.474062814193757
EX_lys_L(e),0.9928771807523554,5.957263084514133
TS_co2_c,1.0490594491034664,1.0490594491034664
