,fluxes,C-fluxes
EX_ac(e),1.2281641480317171,2.4563282960634343
EX_etoh(e),0.07590849971851213,0.15181699943702426
EX_lac_D(e),9.574490371297538,28.723471113892614
EX_succ(e),0.013148232346813017,0.05259292938725207
