,fluxes,C-fluxes
EX_5mthf(e),0.037232344955313065,0.7446468991062614
EX_ac(e),0.8396737510432126,1.6793475020864252
EX_for(e),0.006659410459350756,0.006659410459350756
EX_glu_L(e),0.13497981818070087,0.6748990909035044
EX_gly(e),0.03740376560038403,0.07480753120076807
EX_lac_D(e),8.886945237235057,26.66083571170517
