,fluxes,C-fluxes
EX_4abut(e),0.020345202814238805,0.08138081125695522
EX_5mthf(e),0.9940924172362583,19.881848344725167
EX_ac(e),15.166062784108075,30.33212556821615
EX_etoh(e),2.1176661606872003,4.2353323213744005
EX_for(e),9.02971027258867,9.02971027258867
EX_succ(e),0.009845971272902777,0.03938388509161111
