,fluxes,C-fluxes
EX_5mthf(e),0.9947579167419129,19.895158334838257
EX_ac(e),13.754705864635064,27.509411729270127
EX_etoh(e),1.6531291134270918,3.3062582268541836
EX_for(e),7.489489482153503,7.489489482153503
EX_succ(e),0.0052420832580870125,0.02096833303234805
