,fluxes,C-fluxes
EX_4abut(e),2.584735943539744,10.338943774158976
EX_ac(e),4.438820476602019,8.877640953204038
EX_cys_L(e),0.5230387356919063,1.569116207075719
EX_ile_L(e),0.17484312115050632,1.0490587269030378
EX_orn(e),0.0107579073916942,0.053789536958471
