,fluxes,C-fluxes
EX_ac(e),1.1844466794099027,2.3688933588198053
EX_coprost(e),0.00495795,0.13386465
EX_lac_D(e),9.649875194714843,28.949625584144528
EX_succ(e),0.2987438607889042,1.1949754431556168
