,fluxes,C-fluxes
EX_12ppd_S(e),0.14898579,0.44695737
EX_4abut(e),0.06253976976343073,0.2501590790537229
EX_ac(e),7.5627907070936224,15.125581414187245
EX_etoh(e),4.727139233506783,9.454278467013566
EX_for(e),11.298276110535665,11.298276110535665
EX_succ(e),0.6288027241323132,2.515210896529253
TS_ahcys_c,0.00011159410838822783,0.0015623175174351894
