,fluxes,C-fluxes
EX_ac(e),0.516216799935481,1.032433599870962
EX_etoh(e),0.037265423354684385,0.07453084670936877
EX_lac_D(e),4.697547837376913,14.092643512130739
EX_nac(e),0.030167251538611915,0.1810035092316715
EX_orn(e),0.007111004946653109,0.03555502473326554
EX_succ(e),0.4077082676006942,1.6308330704027767
