,fluxes,C-fluxes
EX_4abut(e),0.038570470908412494,0.15428188363364997
EX_ac(e),10.69557007016604,21.39114014033208
EX_etoh(e),4.258893717319593,8.517787434639185
EX_for(e),9.227123728339969,9.227123728339969
TS_ahcys_c,9.014629668327536e-05,0.0012620481535658551
