,fluxes,C-fluxes
EX_ac(e),0.5245982663413685,1.049196532682737
EX_etoh(e),0.5534199288290745,1.106839857658149
EX_for(e),0.009320517317498455,0.009320517317498455
EX_lac_D(e),13.636910265502681,40.91073079650805
EX_ocdca(e),0.6402673594587708,11.524812470257874
EX_succ(e),0.030428371400907032,0.12171348560362813
EX_urea(e),0.001572428693131939,0.001572428693131939
