,fluxes,C-fluxes
EX_12ppd_S(e),0.14898579,0.44695737
EX_4abut(e),0.18,0.72
EX_ac(e),7.097365885496217,14.194731770992433
EX_etoh(e),5.258020751952616,10.516041503905232
EX_for(e),10.803166629226451,10.803166629226451
EX_gcald(e),0.0042000849433080694,0.008400169886616139
EX_succ(e),0.0028000566288720464,0.011200226515488186
