,fluxes,C-fluxes
EX_12ppd_S(e),0.14898579,0.44695737
EX_4abut(e),0.18,0.72
EX_ac(e),7.099734947080553,14.199469894161107
EX_etoh(e),5.263779461765521,10.527558923531043
EX_for(e),10.813745938361793,10.813745938361793
EX_gcald(e),0.004199366830036736,0.008398733660073472
EX_succ(e),0.0027995778866911573,0.011198311546764629
