,fluxes,C-fluxes
EX_12ppd_S(e),0.14898579,0.44695737
EX_4abut(e),0.18,0.72
EX_ac(e),7.1018900637101865,14.203780127420373
EX_etoh(e),5.26135390854598,10.52270781709196
EX_for(e),10.813494352775011,10.813494352775011
EX_gcald(e),0.00419917533316438,0.00839835066632876
EX_succ(e),0.002799450222109587,0.011197800888438348
