,fluxes,C-fluxes
EX_12ppd_S(e),0.14898579,0.44695737
EX_4abut(e),0.18,0.72
EX_ac(e),7.933014477642185,15.86602895528437
EX_etoh(e),4.768749740070724,9.537499480141449
EX_for(e),10.52678883331409,10.52678883331409
EX_pro_L(e),0.010162456343834723,0.05081228171917362
EX_succ(e),0.002777947749089351,0.011111790996357404
