,fluxes,C-fluxes
EX_4abut(e),0.08867768634615697,0.3547107453846279
EX_ac(e),14.279326448381688,28.558652896763377
EX_dad_2(e),1.9534597805571345,19.534597805571345
EX_dcyt(e),0.22128196070813091,1.9915376463731782
EX_gly(e),9.15298901154462,18.30597802308924
EX_lys_L(e),0.8736229649072845,5.241737789443707
EX_pro_L(e),0.9445802045460183,4.722901022730092
EX_trypta(e),0.060681113901064766,0.6068111390106476
EX_tym(e),0.969347509679139,7.754780077433112
