,fluxes,C-fluxes
EX_ac(e),7.373375211705163,14.746750423410326
EX_ade(e),0.9702106978937144,4.851053489468572
EX_but(e),0.5410544099555561,2.1642176398222244
EX_dgsn(e),0.9838376252108959,9.83837625210896
EX_isobut(e),0.16715111636730037,0.6686044654692015
EX_lys_L(e),0.9502960111457806,5.701776066874683
EX_ptrc(e),0.9559780508288565,3.823912203315426
EX_succ(e),0.22954404778459347,0.9181761911383739
