,fluxes,C-fluxes
EX_12ppd_S(e),0.14898579,0.44695737
EX_ac(e),17.168064078967948,34.336128157935896
EX_ade(e),2.9524366915090576,14.762183457545287
EX_glyclt(e),1.3333579473684585,2.666715894736917
EX_gua(e),0.9257581821019689,4.628790910509845
EX_hista(e),0.11122221888479482,0.5561110944239741
EX_ppa(e),7.761629807076342,23.284889421229025
EX_tym(e),0.9194161852978492,7.3553294823827935
