,fluxes,C-fluxes
EX_ac(e),0.3223917891407814,0.6447835782815629
EX_ade(e),0.3311975131177694,1.655987565588847
EX_pyr(e),0.33109330331639414,0.9932799099491825
