,fluxes,C-fluxes
EX_ac(e),15.096846170967554,30.193692341935108
EX_hista(e),0.1292635351140199,0.6463176755700994
EX_tym(e),0.9729125242139631,7.783300193711705
