,fluxes,C-fluxes
EX_ac(e),6.16172729124413,12.32345458248826
EX_acald(e),1.3139869805205695,2.627973961041139
EX_ppa(e),4.415477246563969,13.246431739691907
EX_succ(e),0.49292134541977045,1.9716853816790818
EX_trypta(e),0.0743481997026957,0.7434819970269569
EX_tym(e),0.987729508457883,7.901836067663064
EX_ura(e),0.9613906833641669,3.8455627334566675
