,fluxes,C-fluxes
EX_ac(e),2.1847561519009027,4.369512303801805
EX_for(e),0.0011394396037240654,0.0011394396037240654
EX_glyc(e),0.0005859519047835616,0.0017578557143506847
EX_nac(e),0.005966896859677474,0.035801381158064846
EX_orn(e),0.1470004335214557,0.7350021676072784
EX_phe_L(e),0.9931783237474525,8.938604913727072
EX_succ(e),0.37132535890085283,1.4853014356034113
