,fluxes,C-fluxes
EX_ac(e),2.8579045362271565,5.715809072454313
EX_for(e),0.009015397240276592,0.009015397240276592
EX_hista(e),0.1258538871820304,0.6292694359101519
EX_ppa(e),5.393193239748407,16.179579719245222
EX_trypta(e),0.06828038577716172,0.6828038577716172
EX_tym(e),0.9867729776433036,7.894183821146429
