,fluxes,C-fluxes
EX_ac(e),5.295809584438464,10.591619168876928
EX_for(e),5.3522166707440055,5.3522166707440055
EX_glyc(e),0.15062938305977458,0.45188814917932374
EX_hista(e),0.14572767435798206,0.7286383717899103
EX_ile_L(e),0.01875397025218533,0.11252382151311198
EX_phe_L(e),0.9764084730721898,8.787676257649709
EX_succ(e),1.066083887248437,4.264335548993748
EX_trypta(e),0.08062530565046738,0.8062530565046738
