,fluxes,C-fluxes
EX_ac(e),1.5484837521398636,3.096967504279727
EX_for(e),0.0023807275689065733,0.0023807275689065733
EX_glyc(e),0.047886458190961496,0.1436593745728845
EX_hista(e),0.14423770693811672,0.7211885346905835
EX_succ(e),2.046601806973817,8.186407227895268
EX_trypta(e),0.07578909654611514,0.7578909654611514
EX_tym(e),0.9944210231253713,7.95536818500297
