,fluxes,C-fluxes
EX_ac(e),5.302230017687005,10.60446003537401
EX_for(e),5.3707650646444085,5.3707650646444085
EX_glyc(e),0.15165173144675081,0.45495519434025244
EX_hista(e),0.1430779899217102,0.715389949608551
EX_phe_L(e),0.6994434903640492,6.294991413276443
EX_succ(e),1.3630067268084873,5.452026907233949
EX_trypta(e),0.06825545550011289,0.6825545550011289
EX_tym(e),0.26827076765164276,2.146166141213142
