,fluxes,C-fluxes
EX_ac(e),0.861507439226261,1.723014878452522
EX_akg(e),0.00046446340478242256,0.0023223170239121127
EX_gly(e),0.20898982903129842,0.41797965806259685
EX_xan(e),0.006008780567523343,0.030043902837616713
