,fluxes,C-fluxes
EX_ac(e),2.87604005271371,5.75208010542742
EX_but(e),1.9175611014300218,7.670244405720087
EX_cys_L(e),0.9925263575293258,2.9775790725879774
EX_dad_2(e),0.009465830638319284,0.09465830638319284
EX_for(e),0.007797705284331583,0.007797705284331583
EX_indole(e),0.07897751943450083,0.6318201554760067
EX_ins(e),0.9800234276478388,9.800234276478388
