,fluxes,C-fluxes
EX_ac(e),18.032532998951257,36.065065997902515
EX_for(e),16.577063321581395,16.577063321581395
EX_gcald(e),0.01115408640796556,0.02230817281593112
EX_gln_L(e),0.11240721057550042,0.5620360528775021
EX_hista(e),0.11951046982925376,0.5975523491462688
EX_tym(e),0.9023700112893154,7.218960090314523
EX_ura(e),0.9547670603936449,3.8190682415745796
