,fluxes,C-fluxes
EX_ac(e),13.935237596887768,27.870475193775537
EX_for(e),14.722809325282517,14.722809325282517
EX_gcald(e),0.008114695924151661,0.016229391848303323
EX_hista(e),0.09114220264339945,0.45571101321699725
EX_tym(e),0.9305595923103249,7.444476738482599
