,fluxes,C-fluxes
EX_12ppd_S(e),0.14898579,0.44695737
EX_ac(e),8.98969317399904,17.97938634799808
EX_ade(e),1.0002419030140874,5.001209515070437
EX_arab_L(e),0.00201572,0.0100786
EX_cys_L(e),0.341057103943765,1.023171311831295
EX_for(e),9.095738162253506,9.095738162253506
EX_ocdca(e),2.0,36.0
EX_ppa(e),5.409765131126816,16.229295393380447
EX_pydxn(e),0.9978858554225696,7.983086843380557
