,fluxes,C-fluxes
EX_acald(e),0.02609638803260512,0.05219277606521024
EX_ade(e),1.0498403820720341,5.249201910360171
EX_but(e),3.1623420739114128,12.649368295645651
EX_dcyt(e),0.6230805271105869,5.607724743995282
EX_dgsn(e),0.3737753178822817,3.7377531788228167
EX_succ(e),1.1230871590250309,4.4923486361001235
