,fluxes,C-fluxes
EX_12ppd_S(e),0.14898579,0.44695737
EX_ac(e),1.896475809706519,3.792951619413038
EX_dad_2(e),0.010692854761718742,0.10692854761718742
EX_for(e),2.074617406863885,2.074617406863885
EX_ins(e),0.004102703097433816,0.041027030974338165
EX_ppa(e),0.9541220881611272,2.8623662644833816
