,fluxes,C-fluxes
EX_ac(e),2.72823123359801,5.45646246719602
EX_ade(e),1.7987218370515279,8.99360918525764
EX_cys_L(e),0.026578674203511784,0.07973602261053535
EX_for(e),4.520230064479728,4.520230064479728
EX_gcald(e),0.0015157778777494472,0.0030315557554988944
EX_glyc(e),0.005212337426861332,0.015637012280583996
EX_ppa(e),3.468595362888343,10.405786088665028
