,fluxes,C-fluxes
EX_ac(e),8.121975673427087,16.243951346854175
EX_acald(e),0.17894928111932532,0.35789856223865063
EX_for(e),9.559475749357558,9.559475749357558
EX_hxan(e),0.9598839189028084,4.799419594514042
EX_lys_L(e),0.9451140270138766,5.670684162083259
EX_orn(e),0.01635036987753356,0.0817518493876678
EX_phe_L(e),0.8826333198628001,7.943699878765202
EX_ppa(e),5.794755607563226,17.38426682268968
TS_copre5b_c,0.00016633111932530805,0.007152238130988246
