,fluxes,C-fluxes
EX_ac(e),5.770156100847898,11.540312201695796
EX_etoh(e),0.9019219504253609,1.8038439008507219
EX_for(e),4.772731211033239,4.772731211033239
EX_nac(e),0.9991173368594152,5.994704021156491
EX_phe_L(e),0.9293771907176189,8.36439471645857
EX_succ(e),0.45895261873582666,1.8358104749433066
