,fluxes,C-fluxes
EX_4hphac(e),0.9214848860883971,7.371879088707177
EX_ac(e),27.524753323996556,55.04950664799311
EX_dad_2(e),0.0027348646406162437,0.027348646406162438
EX_for(e),0.029743014120018348,0.029743014120018348
EX_nac(e),0.998136290126367,5.9888177407582015
TS_fadh2_c,9.998129007877084,269.9494832126813
