,fluxes,C-fluxes
EX_ac(e),7.798963529390554,15.597927058781108
EX_for(e),0.011927839030339516,0.011927839030339516
EX_gly(e),0.14706518389818832,0.29413036779637663
EX_phe_L(e),0.9582502443535537,8.624252199181983
EX_succ(e),1.2340867072796649,4.936346829118659
