,fluxes,C-fluxes
EX_ac(e),3.7283376508558157,7.456675301711631
EX_gua(e),1.9452389530254284,9.726194765127142
EX_hista(e),0.10709797997709504,0.5354898998854752
EX_ppa(e),11.684537956549365,35.053613869648096
EX_trypta(e),0.03742328511623087,0.37423285116230876
EX_tym(e),1.9499203051269551,15.599362441015641
