,fluxes,C-fluxes
EX_ac(e),3.850637318547927,7.701274637095854
EX_for(e),0.004459209982731221,0.004459209982731221
EX_phe_L(e),0.9632856025956884,8.669570423361195
EX_succ(e),0.513822652804199,2.055290611216796
