,fluxes,C-fluxes
EX_ac(e),4.254130365411065,8.50826073082213
EX_for(e),0.006727652525770845,0.006727652525770845
EX_lac_L(e),1.6840111642831286,5.052033492849386
EX_lys_L(e),0.5550641542714883,3.3303849256289295
EX_phe_L(e),0.9588593253166643,8.629733927849978
EX_succ(e),1.2538786714156434,5.015514685662573
