,fluxes,C-fluxes
EX_ac(e),1.8569199782481545,3.713839956496309
EX_etoh(e),0.48843656768723726,0.9768731353744745
EX_for(e),2.119653933856757,2.119653933856757
EX_gly(e),0.20566899997019553,0.41133799994039105
EX_nac(e),0.0034162269209505073,0.020497361525703042
EX_phe_L(e),0.9897708899627015,8.907938009664313
EX_pro_L(e),0.021686226147091304,0.10843113073545652
EX_ptrc(e),0.13982157983214605,0.5592863193285842
