,fluxes,C-fluxes
EX_ac(e),9.80122454518591,19.60244909037182
EX_etoh(e),2.5822844229521253,5.164568845904251
EX_for(e),10.101774049036697,10.101774049036697
EX_ppa(e),0.07017345500744071,0.21052036502232213
