,fluxes,C-fluxes
EX_ac(e),4.802294919467399,9.604589838934798
EX_ala_L(e),5.031118014501504,15.093354043504512
EX_dad_2(e),0.9771189209538796,9.771189209538797
EX_gly(e),0.15185678603213618,0.30371357206427235
EX_ile_L(e),0.9304563393129428,5.582738035877657
EX_lys_L(e),0.9217214997937855,5.5303289987627124
EX_orn(e),0.10841657883756432,0.5420828941878216
EX_succ(e),1.041152958069121,4.164611832276484
