,fluxes,C-fluxes
EX_ac(e),16.43811934737274,32.87623869474548
EX_dad_2(e),0.9428719834594177,9.428719834594176
EX_for(e),15.418798133864584,15.418798133864584
EX_gcald(e),0.009068669509937705,0.01813733901987541
EX_gln_L(e),0.7323448103034965,3.6617240515174827
EX_ile_L(e),1.0516498041402456,6.309898824841474
EX_lys_L(e),0.850861975165845,5.10517185099507
EX_orn(e),0.060497394956654175,0.30248697478327086
