,fluxes,C-fluxes
EX_ac(e),7.5470063247274775,15.094012649454955
EX_dad_2(e),0.9626747011713085,9.626747011713086
EX_dcyt(e),0.943019350035266,8.487174150317394
EX_for(e),6.2614184453882595,6.2614184453882595
EX_gcald(e),0.006068503968811363,0.012137007937622726
EX_ile_L(e),0.854865641634944,5.129193849809664
EX_lys_L(e),0.9277976857510606,5.566786114506364
EX_orn(e),0.09517549406065491,0.47587747030327454
EX_val_L(e),4.412491214937164,22.06245607468582
