,fluxes,C-fluxes
EX_ac(e),15.158355342027773,30.316710684055547
EX_dad_2(e),0.9589488905957911,9.58948890595791
EX_dcyt(e),0.9421056062230865,8.478950456007778
EX_for(e),12.45215486898718,12.45215486898718
EX_gcald(e),0.007694950738020345,0.01538990147604069
EX_ile_L(e),0.8060373277748847,4.8362239666493085
EX_lys_L(e),0.8332002866086888,4.999201719652133
EX_orn(e),0.08292247998373671,0.41461239991868354
