,fluxes,C-fluxes
EX_ac(e),15.353178063490889,30.706356126981778
EX_dad_2(e),0.9400196048002184,9.400196048002185
EX_dcyt(e),0.9037017898701544,8.133316108831389
EX_for(e),15.040194812293278,15.040194812293278
EX_gcald(e),0.009440173442308044,0.018880346884616088
EX_gly(e),0.8689746273756871,1.7379492547513742
EX_ile_L(e),0.8597604679572676,5.158562807743605
EX_lys_L(e),0.8780309594956539,5.268185756973923
EX_orn(e),0.15,0.75
