,fluxes,C-fluxes
EX_ac(e),14.033500682731338,28.067001365462676
EX_dad_2(e),0.9572050815919212,9.572050815919212
EX_etoh(e),2.304032982272817,4.608065964545634
EX_for(e),15.145910689645326,15.145910689645326
EX_gln_L(e),0.804786280207924,4.02393140103962
EX_ile_L(e),0.9810123959278092,5.886074375566855
EX_lys_L(e),0.9023811666896511,5.414287000137906
EX_orn(e),0.15,0.75
EX_val_L(e),0.6839083165733987,3.4195415828669935
