,fluxes,C-fluxes
EX_ac(e),7.935205413900345,15.87041082780069
EX_etoh(e),6.275057653699626,12.550115307399253
EX_for(e),13.786138283895449,13.786138283895449
EX_hista(e),0.11915563414858514,0.5957781707429257
EX_tym(e),0.9545557466162342,7.636445972929874
