,fluxes,C-fluxes
EX_ac(e),12.758072329797463,25.516144659594925
EX_ade(e),1.9607891581456658,9.80394579072833
EX_dcyt(e),0.9366134084675747,8.429520676208172
EX_etoh(e),4.071360205483461,8.142720410966922
EX_for(e),11.09805943512972,11.09805943512972
EX_hista(e),0.11938789923245945,0.5969394961622972
EX_ile_L(e),0.0556646577528651,0.3339879465171906
EX_orn(e),0.07767111889473567,0.38835559447367834
EX_tym(e),0.9544502927969326,7.635602342375461
