,fluxes,C-fluxes
EX_4abut(e),0.2961052781291148,1.1844211125164592
EX_ac(e),3.9235531462467863,7.847106292493573
EX_etoh(e),2.089536661995896,4.179073323991792
EX_for(e),5.735433500258152,5.735433500258152
EX_nac(e),0.9996106456006469,5.997663873603882
EX_ptrc(e),0.13698315447375137,0.5479326178950055
