,fluxes,C-fluxes
EX_12ppd_S(e),0.29797158,0.89391474
EX_ac(e),6.179953457420267,12.359906914840534
EX_but(e),1.7550594749691613,7.020237899876645
EX_for(e),9.231254883719505,9.231254883719505
EX_phe_L(e),0.9173111089097782,8.255799980188003
