,fluxes,C-fluxes
EX_ac(e),1.338329583000938,2.676659166001876
EX_for(e),1.1995951901876885,1.1995951901876885
EX_glu_L(e),0.1575448915593194,0.7877244577965969
EX_glyc(e),0.0011841882755208016,0.0035525648265624047
EX_phe_L(e),0.9868516398307158,8.881664758476441
EX_ppa(e),0.21509368694337125,0.6452810608301137
EX_ser_L(e),0.9195482838067625,2.7586448514202875
EX_succ(e),0.2080037361945201,0.8320149447780804
