,fluxes,C-fluxes
EX_ac(e),4.475542493067924,8.951084986135848
EX_adn(e),0.0025969284591940457,0.025969284591940457
EX_for(e),4.51123822545813,4.51123822545813
EX_phe_L(e),0.955162811549193,8.596465303942738
EX_ppa(e),1.6787556796831076,5.0362670390493225
EX_ptrc(e),0.9783690279335472,3.9134761117341887
EX_ura(e),0.9781036245342032,3.9124144981368127
