,fluxes,C-fluxes
EX_ac(e),5.34962419912931,10.69924839825862
EX_etoh(e),2.626629014827419,5.253258029654838
EX_for(e),7.566953464220142,7.566953464220142
EX_nac(e),0.998771633923835,5.99262980354301
EX_phe_L(e),0.9127147690934717,8.214432921841246
EX_ppa(e),1.7751994565796514,5.325598369738954
EX_ptrc(e),0.9597148244686745,3.838859297874698
