,fluxes,C-fluxes
EX_4hphac(e),0.8518525769837413,6.81482061586993
EX_ac(e),15.471652458932004,30.94330491786401
EX_dad_2(e),0.03769055635952102,0.37690556359521016
EX_for(e),12.285837837106028,12.285837837106028
EX_gly(e),1.5715533061323823,3.1431066122647646
EX_ile_L(e),0.691569256429973,4.149415538579838
EX_orn(e),0.03702518026188774,0.18512590130943868
EX_ppa(e),0.09886468545359992,0.2965940563607997
