,fluxes,C-fluxes
EX_4abut(e),0.1348980701462376,0.5395922805849503
EX_ac(e),0.01023675838759447,0.02047351677518894
EX_for(e),0.060256228893218265,0.060256228893218265
EX_gal(e),0.07449289,0.44695734000000004
EX_lac_D(e),1.428399411250827,4.285198233752481
