,fluxes,C-fluxes
EX_ac(e),1.976553707601098,3.953107415202196
EX_but(e),0.17843237318465227,0.7137294927386091
EX_cys_L(e),0.0007305479381770933,0.00219164381453128
EX_succ(e),0.36236235123916033,1.4494494049566413
