,fluxes,C-fluxes
EX_ac(e),1.0879476097738314,2.175895219547663
EX_but(e),0.179902567649274,0.719610270597096
EX_cys_L(e),0.0009906702474705566,0.0029720107424116697
EX_nac(e),0.0023344756922538882,0.014006854153523329
EX_succ(e),0.9079132512859379,3.6316530051437517
