,fluxes,C-fluxes
EX_ac(e),2.0358718579750557,4.071743715950111
EX_but(e),0.663328299236348,2.653313196945392
EX_cytd(e),0.0009722737545093262,0.008750463790583935
EX_dcyt(e),0.6682013889651743,6.013812500686569
EX_ile_L(e),0.1824102882923454,1.0944617297540724
