,fluxes,C-fluxes
EX_ac(e),0.29625317637315585,0.5925063527463117
EX_ala_D(e),0.6669123852697458,2.0007371558092375
EX_cys_L(e),0.2962289626264859,0.8886868878794577
EX_glu_L(e),0.0033010924778569496,0.01650546238928475
EX_tyr_L(e),0.00828807716468067,0.07459269448212602
