,fluxes,C-fluxes
EX_ac(e),0.11894596799317038,0.23789193598634076
EX_etoh(e),0.6413464622079996,1.2826929244159992
EX_ppa(e),0.7623737184428532,2.2871211553285598
EX_succ(e),0.0011655228573777942,0.004662091429511177
