,fluxes,C-fluxes
EX_3mop(e),0.14985482862177626,0.8991289717306576
EX_ac(e),0.7620519848381585,1.524103969676317
EX_ala_L(e),0.002938169707560374,0.008814509122681122
EX_asp_L(e),0.7555537998594406,3.0222151994377624
EX_cytd(e),0.0014312888115895026,0.012881599304305524
EX_etoh(e),0.20188019894044454,0.4037603978808891
EX_glu_L(e),0.6103032849665025,3.0515164248325126
EX_glyclt(e),0.20221168441784437,0.40442336883568875
EX_ptrc(e),0.39146268278389706,1.5658507311355883
