,fluxes,C-fluxes
EX_4hphac(e),0.999795852041099,7.998366816328792
EX_ala_L(e),1.6073976813465682,4.822193044039705
EX_phpyr(e),0.6578888633649581,5.920999770284623
EX_ptrc(e),0.10115285249607259,0.40461140998429035
