,fluxes,C-fluxes
EX_ac(e),0.22126296805863793,0.44252593611727586
EX_cys_L(e),0.22118282311153312,0.6635484693345993
EX_glyclt(e),0.2248221468111675,0.449644293622335
EX_lac_D(e),1.797213823728019,5.391641471184057
EX_lys_L(e),0.9998103615514045,5.998862169308427
