,fluxes,C-fluxes
EX_ac(e),0.002215031632417994,0.004430063264835988
EX_ade(e),0.998181626375712,4.99090813187856
EX_cys_L(e),0.11437059022406616,0.3431117706721985
EX_dgsn(e),0.9986235743709859,9.986235743709859
EX_for(e),1.2301494390359742,1.2301494390359742
EX_glu_L(e),0.0012666806452119549,0.006333403226059775
EX_lac_D(e),0.05131758526776301,0.15395275580328904
EX_ppa(e),1.22467161079589,3.6740148323876696
