,fluxes,C-fluxes
EX_for(e),0.8622221970120594,0.8622221970120594
EX_gly(e),0.8616058258611382,1.7232116517222764
EX_lac_D(e),0.0010479141213182378,0.0031437423639547133
