,fluxes,C-fluxes
EX_cys_L(e),0.5024294524816797,1.507288357445039
EX_for(e),0.5015467813034864,0.5015467813034864
EX_lac_D(e),0.002563373498207136,0.007690120494621408
EX_succ(e),0.00040119414880777866,0.0016047765952311146
