,fluxes,C-fluxes
EX_ac(e),0.9959711101911513,1.9919422203823025
EX_for(e),0.9988232014854854,0.9988232014854854
EX_succ(e),0.011302652188280315,0.04521060875312126
EX_ura(e),1.0,4.0
