,fluxes,C-fluxes
EX_ac(e),0.11484875789593202,0.22969751579186404
EX_hista(e),0.14999742134254695,0.7499871067127348
EX_ppa(e),0.8706021553250421,2.6118064659751266
EX_succ(e),1.104426572900911,4.417706291603644
EX_trypta(e),0.08181690879594943,0.8181690879594943
EX_tym(e),0.637572172128144,5.100577377025152
