,fluxes,C-fluxes
EX_ac(e),0.011253088486610347,0.022506176973220694
EX_ade(e),0.8268460030356671,4.1342300151783355
EX_dgsn(e),0.8422483678685979,8.422483678685978
EX_for(e),1.0138571132990055,1.0138571132990055
EX_glu_L(e),0.0003222245634787698,0.001611122817393849
EX_orn(e),0.1499523822327729,0.7497619111638645
EX_ppa(e),0.9994934822392821,2.9984804467178465
