,fluxes,C-fluxes
EX_cys_L(e),0.014402436825363804,0.043207310476091415
EX_succ(e),0.0189372544628192,0.0757490178512768
