,fluxes,C-fluxes
EX_3mop(e),0.1496209468865709,0.8977256813194254
EX_4hbz(e),0.0007304756248062039,0.005113329373643428
EX_ac(e),1.848150766512383,3.696301533024766
EX_cys_L(e),0.0003537797007228776,0.0010613391021686328
EX_dad_2(e),0.05737379156750384,0.5737379156750384
EX_ins(e),0.025995321266238068,0.2599532126623807
EX_succ(e),0.5988660919982537,2.3954643679930148
