,fluxes,C-fluxes
EX_4hbz(e),0.0004900897681281345,0.003430628376896942
EX_ac(e),0.015788187264641405,0.03157637452928281
EX_ala_L(e),0.006704637732736299,0.020113913198208898
EX_nac(e),0.9891721127903182,5.935032676741909
