,fluxes,C-fluxes
EX_acald(e),1.00714131251361,2.01428262502722
EX_actn_R(e),0.47626317908308324,1.905052716332333
EX_ala_L(e),1.0185056120619969,3.0555168361859906
EX_nac(e),0.9999838183615315,5.9999029101691885
EX_succ(e),0.9988676423416925,3.99547056936677
