,fluxes,C-fluxes
EX_ac(e),0.9485762154401749,1.8971524308803498
EX_etoh(e),0.4993552923154092,0.9987105846308184
EX_for(e),1.4491343063067958,1.4491343063067958
EX_ile_L(e),0.44938335244228134,2.6963001146536882
EX_succ(e),0.0006915588384905822,0.0027662353539623288
