,fluxes,C-fluxes
EX_ac(e),0.9962531739073143,1.9925063478146285
EX_cytd(e),0.0012549547933199078,0.01129459313987917
EX_fru(e),0.052071061089233796,0.3124263665354028
EX_glyclt(e),0.9999960028684922,1.9999920057369844
EX_tyr_L(e),0.000460583816025899,0.004145254344233091
