,fluxes,C-fluxes
EX_12ppd_S(e),0.14898579,0.44695737
EX_ac(e),5.340069317714258,10.680138635428516
EX_adn(e),0.0007079072261339382,0.007079072261339382
EX_etoh(e),1.8055356024659985,3.611071204931997
EX_for(e),6.265958731967816,6.265958731967816
EX_glyc(e),0.1523607322715775,0.4570821968147325
EX_phe_L(e),0.9561894727097093,8.605705254387384
EX_pro_L(e),0.009925443849760168,0.04962721924880084
EX_succ(e),0.1960253628603956,0.7841014514415824
