,fluxes,C-fluxes
EX_ac(e),3.014496921209334,6.028993842418668
EX_ade(e),0.022062480314749673,0.11031240157374836
EX_asp_L(e),0.08553709902793749,0.34214839611174996
EX_for(e),2.074495027564894,2.074495027564894
EX_gln_L(e),0.1285118140193814,0.6425590700969069
EX_glyc(e),0.000677284219644128,0.002031852658932384
EX_ile_L(e),0.8718346780713573,5.231008068428144
EX_indole(e),0.08179636895575051,0.6543709516460041
EX_pro_L(e),0.08555323339105053,0.42776616695525266
