,fluxes,C-fluxes
EX_ac(e),2.166155376852197,4.332310753704394
EX_ala_L(e),1.5780739788243778,4.7342219364731335
EX_dad_2(e),0.038486717852429714,0.38486717852429714
EX_dcyt(e),0.668909813362527,6.020188320262743
EX_for(e),2.464023669982936,2.464023669982936
EX_glyc(e),0.003260805333230299,0.009782415999690897
EX_indole(e),0.08160110573367704,0.6528088458694163
EX_lys_L(e),0.9986376981381541,5.991826188828925
EX_succ(e),1.2974728275009728,5.189891310003891
