,fluxes,C-fluxes
EX_ac(e),0.30399338376964735,0.6079867675392947
EX_but(e),0.5051321877987267,2.020528751194907
EX_dcyt(e),0.5388957781273952,4.850062003146557
EX_glyc(e),0.004221607722537853,0.012664823167613559
