,fluxes,C-fluxes
EX_ac(e),0.9768168052429889,1.9536336104859777
EX_etoh(e),0.001020392257481935,0.00204078451496387
EX_indole(e),0.08167620791845652,0.6534096633476522
EX_pro_L(e),0.0036373284908012313,0.018186642454006155
EX_succ(e),0.4709680033827533,1.8838720135310132
