,fluxes,C-fluxes
EX_cys_L(e),0.0021234141864980194,0.006370242559494059
EX_etoh(e),1.0,2.0
EX_gly(e),0.0016187362037773472,0.0032374724075546943
EX_lac_D(e),1.3282257708396872,3.9846773125190618
EX_nac(e),0.0005827439664749662,0.003496463798849797
EX_tma(e),1.0,3.0
