,fluxes,C-fluxes
EX_ac(e),0.8887149397446973,1.7774298794893946
EX_acald(e),0.023351268760184,0.046702537520368
EX_asp_L(e),0.8505778413162384,3.4023113652649535
EX_but(e),0.0064291115291317934,0.025716446116527174
EX_etoh(e),0.8204327591738361,1.6408655183476721
EX_lac_D(e),0.03406623323157591,0.10219869969472774
