,fluxes,C-fluxes
EX_lac_D(e),2.721722021048467,8.165166063145401
EX_ser_L(e),0.008116780524762604,0.02435034157428781
EX_strch2(e),0.15194086540274843,2.7349355772494715
EX_succ(e),0.0019026562998425243,0.007610625199370097
