,fluxes,C-fluxes
EX_lac_D(e),1.8981347098215142,5.694404129464543
EX_succ(e),0.06336899547695572,0.2534759819078229
