,fluxes,C-fluxes
EX_ac(e),1.7591202663594454,3.518240532718891
EX_akg(e),0.013984751562875089,0.06992375781437545
EX_asp_L(e),0.15896096206793336,0.6358438482717335
EX_for(e),0.9909929594932643,0.9909929594932643
EX_glyc3p(e),0.03181634702793837,0.0954490410838151
EX_phpyr(e),0.03941987227848796,0.35477885050639163
EX_succ(e),0.14975488807070073,0.5990195522828029
