,fluxes,C-fluxes
EX_ac(e),0.262106017057373,0.524212034114746
EX_ade(e),1.000522076364572,5.002610381822859
EX_dgsn(e),0.9998947749734118,9.998947749734118
EX_for(e),1.03320861196331,1.03320861196331
EX_ppa(e),1.0339840826072912,3.101952247821874
