,fluxes,C-fluxes
EX_ac(e),0.7241676743362181,1.4483353486724362
EX_gln_L(e),0.17972674271376932,0.8986337135688466
EX_phe_L(e),1.0014656055882718,9.013190450294447
EX_succ(e),0.4489845232421845,1.795938092968738
