,fluxes,C-fluxes
EX_ac(e),1.0021799236682383,2.0043598473364765
EX_ade(e),0.9981843008942622,4.990921504471311
EX_cytd(e),0.060846478694361036,0.5476183082492493
EX_dgsn(e),0.9968558112766489,9.96855811276649
EX_for(e),1.0009504843429309,1.0009504843429309
EX_glu_L(e),0.002535243509241463,0.012676217546207316
