,fluxes,C-fluxes
EX_ac(e),0.445824106583113,0.891648213166226
EX_cys_L(e),0.3815102766341976,1.144530829902593
EX_cytd(e),0.010765238408700506,0.09688714567830455
EX_etoh(e),0.44473428306720686,0.8894685661344137
EX_for(e),1.6727551833766232,1.6727551833766232
EX_gly(e),0.3807442402573894,0.7614884805147788
EX_ppa(e),1.224182612050166,3.672547836150498
EX_tma(e),0.44473428306720686,1.3342028492016205
