,fluxes,C-fluxes
EX_3mop(e),0.09190932823447379,0.5514559694068427
EX_ac(e),0.8584357229758799,1.7168714459517598
EX_acald(e),0.22676613633893403,0.45353227267786805
EX_ala_D(e),0.26861529779933496,0.8058458933980048
EX_cytd(e),0.0009178757978908081,0.008260882181017273
EX_gal(e),0.001692298288279299,0.010153789729675794
EX_glu_L(e),0.17875924320178746,0.8937962160089373
EX_nac(e),0.0008644070177504768,0.0051864421065028615
EX_succ(e),0.0008877848160949185,0.003551139264379674
