,fluxes,C-fluxes
EX_ac(e),1.5405850022839638,3.0811700045679276
EX_ile_L(e),0.022129848332004886,0.1327790899920293
EX_orn(e),0.024887791517762447,0.12443895758881224
EX_trp_L(e),0.0007194338897825647,0.00791377278760821
