,fluxes,C-fluxes
EX_ac(e),0.29755145790337406,0.5951029158067481
EX_adn(e),0.9963651654152272,9.963651654152272
EX_glu_L(e),0.17980944880464622,0.8990472440232311
