,fluxes,C-fluxes
EX_ac(e),0.9624545802162117,1.9249091604324233
EX_fum(e),0.0009943519014749783,0.003977407605899913
EX_glcn(e),0.999228016095782,5.995368096574692
EX_gly(e),0.0006246616870478186,0.0012493233740956372
EX_strch2(e),0.10634811743833816,1.914266113890087
