,fluxes,C-fluxes
EX_ac(e),2.5766649091907667,5.1533298183815335
EX_akg(e),0.00531176429955058,0.026558821497752898
EX_asp_L(e),0.973371821742082,3.893487286968328
EX_dad_2(e),0.004689999532313986,0.046899995323139855
EX_glyc(e),0.0004326275096229171,0.0012978825288687513
EX_gua(e),0.004689999532313992,0.02344999766156996
EX_ile_L(e),0.9973626288531396,5.984175773118838
