,fluxes,C-fluxes
EX_gln_L(e),0.6573756751492896,3.286878375746448
EX_hista(e),0.14992998477124345,0.7496499238562172
EX_succ(e),1.2247765326320161,4.8991061305280645
EX_tym(e),0.6161177554563892,4.928942043651114
