,fluxes,C-fluxes
EX_3mop(e),0.14941732159138754,0.8965039295483253
EX_ac(e),3.2225176018111648,6.4450352036223295
EX_for(e),1.1940823812130192,1.1940823812130192
