,fluxes,C-fluxes
EX_ac(e),0.039385675152145125,0.07877135030429025
EX_ile_L(e),0.20184795878921927,1.2110877527353157
EX_indole(e),0.08171669528486153,0.6537335622788922
EX_lac_D(e),0.04207460735474033,0.12622382206422098
EX_lys_L(e),0.2627210332204338,1.5763261993226028
EX_succ(e),2.5829050926899497,10.331620370759799
