,fluxes,C-fluxes
EX_ac(e),0.0006052104467588611,0.0012104208935177223
EX_dad_2(e),0.000860743224706322,0.00860743224706322
EX_lac_D(e),1.1300839570485937,3.390251871145781
EX_strch2(e),0.052556134758673226,0.946010425656118
