,fluxes,C-fluxes
EX_ac(e),1.0,2.0
EX_cytd(e),0.006298664593003787,0.05668798133703409
EX_dad_2(e),0.008344532577640047,0.08344532577640047
EX_ins(e),0.015277268975287596,0.15277268975287595
EX_lac_D(e),1.6076903766187878,4.8230711298563635
EX_succ(e),0.0008887262369194301,0.0035549049476777204
EX_ttdca(e),0.04369157745466014,0.611682084365242
