,fluxes,C-fluxes
EX_ac(e),0.49820093156895284,0.9964018631379057
EX_ala_L(e),0.9991846232636242,2.9975538697908726
EX_etoh(e),0.09890560093051012,0.19781120186102025
