,fluxes,C-fluxes
EX_akg(e),0.18008482789778818,0.900424139488941
EX_ala_L(e),1.3579785880844735,4.07393576425342
EX_succ(e),0.0002633922460950283,0.0010535689843801132
EX_ura(e),1.0,4.0
