,fluxes,C-fluxes
EX_ac(e),0.8962947511480159,1.7925895022960319
EX_akg(e),0.5381021641775214,2.6905108208876074
EX_asp_L(e),0.7164423538842069,2.8657694155368274
EX_mal_L(e),0.1814175582275222,0.7256702329100888
