,fluxes,C-fluxes
EX_ac(e),3.343182546078352,6.686365092156704
EX_for(e),2.1290290475348783,2.1290290475348783
EX_lac_L(e),0.14898579,0.44695737
EX_ppa(e),2.1716320775364095,6.514896232609228
EX_pydxn(e),0.9992427580462461,7.993942064369969
EX_urea(e),0.1489464780636965,0.1489464780636965
