,fluxes,C-fluxes
EX_ocdca(e),0.07661022912647336,1.3789841242765206
EX_orn(e),0.14931097580415884,0.7465548790207942
EX_succ(e),0.2988972538137147,1.1955890152548587
EX_val_L(e),0.08797889915925489,0.43989449579627443
