,fluxes,C-fluxes
EX_ac(e),0.593183400172976,1.186366800345952
EX_dad_2(e),0.000561823953936555,0.00561823953936555
EX_gsn(e),0.000561823953936555,0.00561823953936555
EX_mnl(e),0.14881256967722178,0.8928754180633307
EX_ppa(e),0.33078234033527415,0.9923470210058225
EX_succ(e),0.7756344910140535,3.102537964056214
