,fluxes,C-fluxes
EX_ac(e),0.29263136901145115,0.5852627380229023
EX_lac_D(e),0.1327869401391627,0.3983608204174881
EX_pac(e),0.05447938750916262,0.43583510007330095
EX_succ(e),0.39453241177968673,1.578129647118747
EX_val_L(e),0.04910831776821146,0.24554158884105728
