,fluxes,C-fluxes
EX_ac(e),4.296149607076254,8.592299214152508
EX_thymd(e),0.03795596315324348,0.3795596315324348
