,fluxes,C-fluxes
EX_ac(e),3.376383854219189,6.752767708438378
EX_dad_2(e),0.0007677363198318074,0.007677363198318074
EX_for(e),2.7934772632420515,2.7934772632420515
