,fluxes,C-fluxes
EX_ac(e),0.43230472350807386,0.8646094470161477
EX_ade(e),0.26140532831684793,1.3070266415842395
EX_for(e),0.43253947902074974,0.43253947902074974
EX_succ(e),0.00032165966914058183,0.0012866386765623273
