,fluxes,C-fluxes
EX_ac(e),11.748453131496385,23.49690626299277
EX_adn(e),0.0016276565359585236,0.016276565359585236
EX_arab_L(e),0.0055197,0.027598499999999998
EX_dcyt(e),0.1992979970045226,1.7936819730407034
EX_for(e),10.109336595247656,10.109336595247656
EX_indole(e),0.07322828632670418,0.5858262906136334
EX_pac(e),0.9745737574456154,7.796590059564923
EX_ppa(e),5.057379251868414,15.172137755605242
