,fluxes,C-fluxes
EX_ac(e),4.2239965237782355,8.447993047556471
EX_dad_2(e),0.0557305903143572,0.5573059031435721
EX_for(e),3.698833079728832,3.698833079728832
EX_orn(e),0.0008513420277990284,0.004256710138995142
EX_ppa(e),0.2233980447885135,0.6701941343655404
EX_pro_L(e),0.25617041225940257,1.280852061297013
