,fluxes,C-fluxes
EX_cys_L(e),0.0013809517983407328,0.004142855395022198
EX_succ(e),0.43641261205005544,1.7456504482002217
