,fluxes,C-fluxes
EX_ac(e),2.375206600296885,4.75041320059377
EX_adn(e),0.00039264880376008155,0.003926488037600815
EX_ala_L(e),0.9664396347421897,2.8993189042265692
EX_dcyt(e),0.020019820963910622,0.1801783886751956
EX_for(e),1.154077717111566,1.154077717111566
EX_ser_L(e),0.06828072378892985,0.20484217136678956
