,fluxes,C-fluxes
EX_ac(e),3.776553849500545,7.55310769900109
EX_for(e),2.579207490972003,2.579207490972003
EX_lac_L(e),0.14898579,0.44695737
EX_ppa(e),2.76562706552962,8.29688119658886
EX_pydxn(e),0.9990776609461782,7.992621287569426
EX_urea(e),0.14847841167785958,0.14847841167785958
