,fluxes,C-fluxes
EX_ac(e),0.1952305475894194,0.3904610951788388
EX_acald(e),0.27385768928373583,0.5477153785674717
EX_ade(e),0.34601019304981917,1.7300509652490959
EX_ala_L(e),0.1917951931582618,0.5753855794747854
EX_for(e),0.19664061414822714,0.19664061414822714
EX_succ(e),0.19472005636688824,0.778880225467553
