,fluxes,C-fluxes
EX_for(e),1.8528945569301378,1.8528945569301378
EX_val_L(e),0.13817212326632558,0.6908606163316279
