,fluxes,C-fluxes
EX_ac(e),1.4518196832349888,2.9036393664699776
EX_ala_L(e),2.1309040585261827,6.3927121755785485
EX_dad_2(e),0.014943238347181989,0.1494323834718199
EX_for(e),0.0018353460114051263,0.0018353460114051263
EX_lac_D(e),0.3172245722130974,0.9516737166392922
EX_succ(e),0.4909113728505097,1.9636454914020387
TS_cbl1_c,0.05167353456906048,3.20375914328175
