,fluxes,C-fluxes
EX_12ppd_S(e),0.14898579,0.44695737
EX_ac(e),3.7974899668795747,7.5949799337591495
EX_dad_2(e),0.04558367811538206,0.4558367811538206
EX_for(e),2.6037907138529928,2.6037907138529928
EX_ppa(e),3.1917795766130217,9.575338729839064
EX_urea(e),0.147641515521751,0.147641515521751
TS_cbl1_c,0.17901318994882384,11.098817776827078
