,fluxes,C-fluxes
EX_ac(e),1.1648122891129782,2.3296245782259564
EX_adn(e),0.00014399355468033433,0.0014399355468033433
EX_cytd(e),0.01616991174899192,0.14552920574092726
EX_dcyt(e),0.01824540872597001,0.1642086785337301
EX_isobut(e),0.21567498424728024,0.862699936989121
EX_succ(e),0.29219906555751785,1.1687962622300714
