,fluxes,C-fluxes
EX_12ppd_S(e),0.14898579,0.44695737
EX_ac(e),6.843437441152574,13.686874882305148
EX_for(e),5.719716562389152,5.719716562389152
EX_indole(e),0.078744231888962,0.629953855111696
EX_meoh(e),0.013121233408202489,0.013121233408202489
EX_pac(e),0.9870322858038028,7.896258286430422
EX_ppa(e),7.091861931605866,21.275585794817598
