,fluxes,C-fluxes
EX_ac(e),2.614831690143961,5.229663380287922
EX_adn(e),0.0003524157491175307,0.003524157491175307
EX_dcyt(e),0.025769372670186926,0.23192435403168232
EX_for(e),2.2867925705537977,2.2867925705537977
