,fluxes,C-fluxes
EX_ac(e),10.755556656037324,21.51111331207465
EX_for(e),10.558583791128305,10.558583791128305
EX_fuc_L(e),0.000789,0.004734
EX_indole(e),0.07957678877660368,0.6366143102128294
EX_pac(e),0.991445539391224,7.931564315129792
EX_ppa(e),1.9550088788605169,5.86502663658155
