,fluxes,C-fluxes
EX_ac(e),1.0,2.0
EX_adn(e),0.00023164222264052272,0.0023164222264052273
EX_ala_L(e),1.2922812618258313,3.8768437854774938
EX_leu_L(e),0.24202592940007925,1.4521555764004754
EX_succ(e),0.769013590905593,3.076054363622372
