,fluxes,C-fluxes
EX_2obut(e),0.21511968273248125,0.860478730929925
EX_acald(e),0.0024739388921449536,0.004947877784289907
EX_ade(e),0.9389025809880458,4.694512904940229
EX_ala_L(e),1.4442216058648334,4.3326648175945
EX_isocapr(e),0.09693693555564753,0.5816216133338852
EX_isoval(e),0.048468467777823765,0.24234233888911882
EX_nac(e),0.9999745664035116,5.999847398421069
EX_succ(e),0.07816977880645976,0.312679115225839
EX_val_L(e),0.07174882262594057,0.35874411312970284
