,fluxes,C-fluxes
EX_ac(e),4.524094636538993,9.048189273077986
EX_cys_L(e),0.0008854873603599935,0.0026564620810799805
EX_dcyt(e),0.12923098537212607,1.1630788683491347
EX_for(e),2.529573656475136,2.529573656475136
