,fluxes,C-fluxes
EX_ac(e),4.72092477832276,9.44184955664552
EX_ade(e),0.8870579446030911,4.4352897230154555
EX_etoh(e),1.985961851790835,3.97192370358167
EX_for(e),6.313325944976214,6.313325944976214
EX_lac_L(e),0.14898579,0.44695737
EX_ppa(e),1.515357245774721,4.546071737324163
