,fluxes,C-fluxes
EX_ac(e),1.1724275914655005,2.344855182931001
EX_isobut(e),0.21571067578111178,0.8628427031244471
EX_succ(e),0.02263021345680179,0.09052085382720716
EX_ttdca(e),0.04033986266111287,0.5647580772555801
