,fluxes,C-fluxes
EX_ac(e),1.4788587808304763,2.9577175616609526
EX_adn(e),0.00018669500918808813,0.0018669500918808814
