,fluxes,C-fluxes
EX_ac(e),9.34458370626983,18.68916741253966
EX_cys_L(e),0.009662174793231785,0.028986524379695355
EX_dad_2(e),0.0143536182677966,0.143536182677966
EX_for(e),7.233814777020992,7.233814777020992
EX_pac(e),0.9915526425886755,7.932421140709404
EX_ppa(e),5.278655182118324,15.83596554635497
