,fluxes,C-fluxes
EX_ac(e),13.300793654015786,26.601587308031572
EX_adn(e),0.001643243549665364,0.01643243549665364
EX_arab_L(e),0.0055197,0.027598499999999998
EX_for(e),12.575163251470654,12.575163251470654
EX_indole(e),0.07194370979928628,0.5755496783942903
EX_pac(e),0.9680464512518743,7.744371610014994
EX_ppa(e),4.323161215729686,12.969483647189058
