,fluxes,C-fluxes
EX_ac(e),2.90099441893775,5.8019888378755
EX_dad_2(e),0.04237521235428322,0.4237521235428322
EX_for(e),3.125307363493548,3.125307363493548
EX_ins(e),0.8986089102902514,8.986089102902513
EX_ppa(e),1.4368740161921207,4.310622048576362
