,fluxes,C-fluxes
EX_ac(e),1.6317591282006605,3.263518256401321
EX_indole(e),0.05033498194793581,0.40267985558348646
EX_nac(e),0.0015513540421565294,0.009308124252939176
EX_thymd(e),0.19318545360694067,1.9318545360694066
