,fluxes,C-fluxes
EX_ac(e),1.1364214112026416,2.2728428224052832
EX_cytd(e),0.007620875676297156,0.06858788108667441
EX_ppa(e),0.1356374537053827,0.40691236111614804
