,fluxes,C-fluxes
EX_ac(e),2.2537938985760277,4.5075877971520555
EX_dad_2(e),0.0003216217879908155,0.0032162178799081554
EX_for(e),1.7628396240423605,1.7628396240423605
EX_ppa(e),0.8262072524183968,2.4786217572551905
