,fluxes,C-fluxes
EX_ac(e),3.9382321789623442,7.8764643579246885
EX_dad_2(e),0.04792360336535293,0.4792360336535293
EX_for(e),3.708870796855332,3.708870796855332
EX_ins(e),0.8944127416396768,8.944127416396768
EX_orn(e),0.000998315773577559,0.0049915788678877955
EX_ppa(e),0.8432692631642119,2.5298077894926356
