,fluxes,C-fluxes
EX_ac(e),1.2294917058660226,2.4589834117320453
EX_for(e),1.2241476814491286,1.2241476814491286
EX_met_L(e),0.08099420231474921,0.40497101157374604
