,fluxes,C-fluxes
EX_ac(e),1.1701329374953868,2.3402658749907737
EX_adn(e),0.004303897414133647,0.043038974141336464
EX_indole(e),0.0004024965502023097,0.0032199724016184774
EX_mnl(e),0.1679334628794778,1.007600777276867
EX_succ(e),0.0004992543704125389,0.0019970174816501558
