,fluxes,C-fluxes
EX_12ppd_S(e),0.14898579,0.44695737
EX_ac(e),7.901144876085625,15.80228975217125
EX_ade(e),0.8427722257881839,4.21386112894092
EX_for(e),6.937397942059429,6.937397942059429
EX_ppa(e),8.475978929055609,25.42793678716683
EX_ptrc(e),0.1344622607711701,0.5378490430846804
