,fluxes,C-fluxes
EX_ac(e),3.5476175907509506,7.095235181501901
EX_adn(e),0.0006571915516682023,0.006571915516682023
EX_for(e),0.0037284812599576106,0.0037284812599576106
EX_ppa(e),1.1977087527657018,3.5931262582971053
