,fluxes,C-fluxes
EX_ac(e),1.0002218772913356,2.000443754582671
EX_for(e),0.9509822193226922,0.9509822193226922
EX_ins(e),0.00041173504196324585,0.004117350419632459
EX_succ(e),0.05371531342209058,0.2148612536883623
