,fluxes,C-fluxes
EX_ac(e),3.3919482297990857,6.7838964595981714
EX_dad_2(e),0.03535826032819024,0.3535826032819024
EX_for(e),3.1688164036513333,3.1688164036513333
EX_ins(e),0.9087517334659783,9.087517334659783
EX_ppa(e),1.4329074198671004,4.298722259601301
