,fluxes,C-fluxes
EX_akg(e),1.6482576581198305,8.241288290599153
EX_succ(e),1.6510156618187084,6.604062647274834
