,fluxes,C-fluxes
EX_ac(e),1.4645493676144388,2.9290987352288775
EX_for(e),1.3730366429979874,1.3730366429979874
EX_orn(e),0.1800819103371338,0.900409551685669
