,fluxes,C-fluxes
EX_acald(e),0.0027348704738635737,0.0054697409477271475
EX_cys_L(e),0.11267856516517619,0.3380356954955286
EX_gly(e),0.11272619773699571,0.22545239547399143
EX_lac_L(e),1.5154004087999307,4.546201226399792
EX_succ(e),0.0016444609039507516,0.0065778436158030066
