,fluxes,C-fluxes
EX_ac(e),1.2143967187456703,2.4287934374913407
EX_ala_L(e),0.008866803418973165,0.026600410256919494
EX_for(e),0.6189554016924972,0.6189554016924972
EX_orn(e),0.002152641867070418,0.010763209335352089
EX_pro_L(e),0.3985738491940163,1.9928692459700814
EX_ttdca(e),0.005217500025543841,0.07304500035761377
EX_uri(e),0.0006964674368789086,0.006268206931910178
