,fluxes,C-fluxes
EX_4abut(e),0.3617622790585801,1.4470491162343204
EX_ac(e),2.1806315020170843,4.361263004034169
EX_ala_L(e),2.1609135826311983,6.482740747893595
EX_cytd(e),0.0009544603630137535,0.008590143267123781
EX_for(e),1.0053248812242142,1.0053248812242142
EX_fru(e),0.01363551,0.08181305999999999
EX_gal(e),0.01301427,0.07808562
EX_glc_D(e),0.00091995,0.0055197
EX_glcur(e),0.00032865,0.0019719
EX_xyl_D(e),0.0091995,0.0459975
