,fluxes,C-fluxes
EX_ac(e),1.90454649501646,3.80909299003292
EX_csn(e),0.0005273269864979894,0.0021093079459919574
EX_for(e),0.6277408447164652,0.6277408447164652
EX_gly(e),0.22496532728192614,0.4499306545638523
EX_phe_L(e),0.9999884426140607,8.999895983526546
EX_ser_L(e),0.22214212073893788,0.6664263622168136
EX_succ(e),0.07386002261269334,0.29544009045077335
