,fluxes,C-fluxes
EX_ac(e),0.4498588608551206,0.8997177217102412
EX_glu_L(e),0.001342987751701889,0.006714938758509445
EX_gly(e),0.22468833142590594,0.4493766628518119
EX_phe_L(e),0.6633494611757992,5.9701451505821925
