,fluxes,C-fluxes
EX_ac(e),1.4236645189573622,2.8473290379147245
EX_etoh(e),1.0415009932580486,2.083001986516097
EX_for(e),0.9280574485540017,0.9280574485540017
EX_glu_L(e),0.0017550009720574183,0.008775004860287091
EX_gly(e),0.22461219289412493,0.44922438578824986
EX_orn(e),0.0025222538724958745,0.012611269362479373
EX_ser_L(e),0.9327924739841392,2.798377421952418
EX_succ(e),0.0025342670075711882,0.010137068030284753
EX_uri(e),0.0008593138708208069,0.007733824837387261
