,fluxes,C-fluxes
EX_ac(e),0.9968115265231812,1.9936230530463623
EX_for(e),1.0032145370376127,1.0032145370376127
EX_lys_L(e),0.9999904190663812,5.999942514398287
EX_thf(e),0.011881113381035018,0.22574115423966534
