,fluxes,C-fluxes
EX_ac(e),1.4584008689922987,2.9168017379845974
EX_ala_L(e),0.834990844397434,2.504972533192302
EX_for(e),0.6149772083185098,0.6149772083185098
EX_glu_L(e),0.0019767035225228733,0.009883517612614367
EX_orn(e),0.0027669271573051344,0.013834635786525672
EX_succ(e),0.0027804077584857854,0.011121631033943142
EX_uri(e),0.0008954989238852811,0.00805949031496753
