,fluxes,C-fluxes
EX_ac(e),0.3588136332059144,0.7176272664118288
EX_cytd(e),0.004446899187458753,0.04002209268712878
EX_etoh(e),2.1846958122856486,4.369391624571297
EX_gal(e),0.07449289,0.44695734000000004
EX_glc_D(e),2.31887298,13.91323788
EX_succ(e),0.005430225045047463,0.02172090018018985
