,fluxes,C-fluxes
EX_ac(e),1.5172984215532148,3.0345968431064296
EX_cytd(e),0.0018333354178543826,0.016500018760689444
EX_etoh(e),0.8680808917123045,1.736161783424609
EX_for(e),1.0727192422606446,1.0727192422606446
EX_gln_L(e),0.2932743353381399,1.4663716766906996
EX_gly(e),0.22497746487244474,0.4499549297448895
EX_orn(e),0.004253159329379323,0.021265796646896613
EX_ser_L(e),0.7809715130341591,2.3429145391024773
