,fluxes,C-fluxes
EX_ac(e),1.2113974989346379,2.4227949978692758
EX_etoh(e),0.008525827725358598,0.017051655450717195
EX_for(e),1.0046516737024673,1.0046516737024673
EX_glu_L(e),0.005682069580913716,0.028410347904568582
EX_gly(e),0.2248350012140585,0.449670002428117
EX_succ(e),0.21615495080565778,0.8646198032226311
EX_thf(e),0.0011005573321318817,0.020910589310505753
