,fluxes,C-fluxes
EX_ac(e),3.8679280344705202,7.7358560689410405
EX_etoh(e),0.526581150493337,1.053162300986674
EX_for(e),0.5285933113620981,0.5285933113620981
EX_fru(e),0.01363551,0.08181305999999999
EX_glc_D(e),1.1066143751413926,6.639686250848356
EX_glu_L(e),0.1787111505862407,0.8935557529312035
EX_ser_L(e),1.706883660711769,5.120650982135307
EX_succ(e),0.000617139559468892,0.002468558237875568
EX_thf(e),0.4354614398175772,8.273767356533966
