,fluxes,C-fluxes
EX_ac(e),1.4858578173275108,2.9717156346550215
EX_gal(e),0.16578204000000002,0.9946922400000001
EX_glcur(e),0.00032865,0.0019719
EX_lac_L(e),0.8887077676193352,2.6661233028580056
EX_phe_L(e),0.8821344035622616,7.939209632060354
EX_ser_L(e),1.1066872826710576,3.320061848013173
EX_succ(e),0.22266878334443124,0.890675133377725
