,fluxes,C-fluxes
EX_ac(e),1.4583084778008903,2.9166169556017807
EX_ala_L(e),0.8349370739960835,2.5048112219882506
EX_for(e),0.6149409510203313,0.6149409510203313
EX_glu_L(e),0.001941950719012231,0.009709753595061155
EX_orn(e),0.0027856426261885802,0.0139282131309429
EX_succ(e),0.0027991455462453583,0.011196582184981433
EX_uri(e),0.0008956342234238299,0.008060708010814469
