,fluxes,C-fluxes
EX_ac(e),1.118072779937574,2.236145559875148
EX_etoh(e),0.10847449955140528,0.21694899910281057
EX_for(e),0.9983062523739373,0.9983062523739373
EX_fru(e),0.005953222138124621,0.03571933282874773
EX_gly(e),0.2250451812694214,0.4500903625388428
EX_succ(e),0.005012094401605098,0.020048377606420392
