,fluxes,C-fluxes
EX_ac(e),0.845451431757402,1.690902863514804
EX_ala_L(e),0.2242854538858264,0.6728563616574792
EX_for(e),0.004871255358991955,0.004871255358991955
EX_glu_L(e),0.0019553213265358907,0.009776606632679454
EX_lac_L(e),0.6151895392407338,1.8455686177222015
