,fluxes,C-fluxes
EX_ac(e),1.108989031959676,2.217978063919352
EX_cytd(e),0.0034858605087784655,0.03137274457900619
EX_etoh(e),0.12082714036996273,0.24165428073992545
EX_for(e),1.006759131408011,1.006759131408011
EX_glu_L(e),0.00482409058468022,0.0241204529234011
EX_gly(e),0.22469397522475862,0.44938795044951724
EX_succ(e),0.004329608767224656,0.017318435068898623
EX_thf(e),0.0007660672724428111,0.014555278176413411
