,fluxes,C-fluxes
EX_ac(e),1.2246399856462213,2.4492799712924427
EX_etoh(e),0.09604293721420325,0.1920858744284065
EX_for(e),0.544846743079206,0.544846743079206
EX_glc_D(e),0.00282117,0.01692702
EX_gln_L(e),0.17998360290442517,0.8999180145221258
EX_gly(e),0.22503306721089436,0.4500661344217887
EX_phe_L(e),0.9999934283784028,8.999940855405624
EX_ser_L(e),0.364727700357736,1.094183101073208
