,fluxes,C-fluxes
EX_ac(e),1.226264984400099,2.452529968800198
EX_for(e),1.2153608676265741,1.2153608676265741
EX_glyc(e),0.0012850436687064084,0.0038551310061192253
EX_pro_L(e),0.10014260314275222,0.5007130157137611
EX_uri(e),0.0031418586391960507,0.028276727752764456
