,fluxes,C-fluxes
EX_5mthf(e),0.0009622911994177545,0.01924582398835509
EX_ac(e),1.4685822494902836,2.937164498980567
EX_cytd(e),0.01352276206150832,0.12170485855357488
EX_etoh(e),0.02035034216938719,0.04070068433877438
EX_for(e),1.4901398034720459,1.4901398034720459
EX_glu_L(e),0.013397757179114969,0.06698878589557485
EX_gly(e),0.47477210048043933,0.9495442009608787
EX_succ(e),0.013728002026829228,0.05491200810731691
