,fluxes,C-fluxes
EX_ac(e),0.8543345232917283,1.7086690465834566
EX_cys_L(e),0.0022958517916579044,0.006887555374973714
EX_cytd(e),0.00084360279117762,0.00759242512059858
EX_etoh(e),0.2333972443659411,0.4667944887318822
EX_for(e),0.46933465896246274,0.46933465896246274
EX_glu_L(e),0.004881388425897649,0.024406942129488247
EX_gly(e),0.002357207094541829,0.004714414189083658
EX_ser_L(e),0.001335159443956293,0.004005478331868879
EX_succ(e),0.002419339155165312,0.009677356620661248
