,fluxes,C-fluxes
EX_ac(e),1.218548856157311,2.437097712314622
EX_arab_L(e),0.0055197,0.027598499999999998
EX_for(e),1.2213180197420963,1.2213180197420963
EX_fru(e),0.292018806513717,1.7521128390823018
EX_gal(e),0.00091995,0.0055197
EX_glu_L(e),0.0006333338433103618,0.003166669216551809
EX_rib_D(e),0.009514676934685178,0.04757338467342589
EX_succ(e),0.0007225007979477668,0.0028900031917910673
EX_thf(e),0.11843076503706507,2.2501845357042365
EX_xyl_D(e),0.0091995,0.0459975
