,fluxes,C-fluxes
EX_ac(e),1.4384665611459784,2.8769331222919567
EX_cytd(e),0.013303195375722056,0.1197287583814985
EX_for(e),1.4391421931547825,1.4391421931547825
EX_fru(e),0.014179179180713835,0.08507507508428301
EX_glu_L(e),0.013212484068328575,0.06606242034164288
EX_gly(e),0.4384096621320756,0.8768193242641512
EX_succ(e),0.013434080945411835,0.05373632378164734
