,fluxes,C-fluxes
EX_ac(e),1.208811759388632,2.417623518777264
EX_for(e),0.30616598949721213,0.30616598949721213
