,fluxes,C-fluxes
EX_ac(e),2.0815407911570554,4.163081582314111
EX_cys_L(e),0.043637357755980634,0.1309120732679419
EX_for(e),0.2762363330882385,0.2762363330882385
