,fluxes,C-fluxes
EX_ac(e),0.04946596272512539,0.09893192545025078
EX_but(e),1.4005516959127458,5.602206783650983
EX_glu_L(e),0.1799807153123622,0.8999035765618111
EX_gly(e),0.22504641229146646,0.4500928245829329
EX_ile_L(e),0.9998903360326682,5.999342016196009
EX_indole(e),0.08181725504479505,0.6545380403583604
EX_succ(e),1.0004990052777594,4.0019960211110375
