,fluxes,C-fluxes
EX_ac(e),0.07877534420204478,0.15755068840408956
EX_indole(e),0.08180053727137897,0.6544042981710317
EX_val_L(e),0.0007267270601108059,0.0036336353005540297
