,fluxes,C-fluxes
EX_ala_L(e),0.5390272490078619,1.6170817470235859
EX_etoh(e),0.6389952895101737,1.2779905790203474
EX_glyclt(e),0.8194896642744093,1.6389793285488186
EX_lac_L(e),0.3072528861536123,0.9217586584608368
EX_lys_L(e),0.999938408641124,5.999630451846745
EX_succ(e),0.5383126809436811,2.1532507237747245
