,fluxes,C-fluxes
EX_ac(e),0.4058807072331655,0.811761414466331
EX_glu_L(e),0.007318730387499686,0.03659365193749843
EX_gua(e),0.004194114871209981,0.020970574356049907
EX_hista(e),0.1499988455280985,0.7499942276404925
EX_ppa(e),0.406388983931578,1.219166951794734
EX_succ(e),1.2215649009547986,4.8862596038191946
EX_trypta(e),0.0019750703128138094,0.019750703128138092
EX_tym(e),0.9999985203538181,7.999988162830545
