,fluxes,C-fluxes
EX_acald(e),0.004360404720792914,0.008720809441585828
EX_cys_L(e),0.9736054553448346,2.9208163660345035
EX_glu_L(e),0.14977097618464838,0.7488548809232419
EX_gly(e),0.1464803279465718,0.2929606558931436
EX_hxan(e),0.005242373472682052,0.02621186736341026
EX_ile_L(e),0.8022584757534176,4.813550854520505
EX_succ(e),2.9155574938116144,11.662229975246458
