,fluxes,C-fluxes
EX_ac(e),1.0277522794580565,2.055504558916113
EX_leu_L(e),0.9998034299930864,5.998820579958518
EX_orn(e),0.01533332555230516,0.0766666277615258
EX_phe_L(e),0.8057322456256519,7.251590210630868
EX_succ(e),0.17343093977196317,0.6937237590878527
