,fluxes,C-fluxes
EX_3mop(e),0.9994617741332147,5.996770644799288
EX_ala_L(e),0.22073088333991997,0.6621926500197599
EX_cys_L(e),0.008476456654383334,0.025429369963150004
EX_cytd(e),0.0016041637578633617,0.014437473820770255
EX_glu_L(e),0.011758137279226697,0.05879068639613349
EX_gly(e),0.005436448533773817,0.010872897067547634
EX_pyr(e),0.008032084907544763,0.02409625472263429
EX_succ(e),1.224981648553779,4.899926594215116
