,fluxes,C-fluxes
EX_acac(e),0.9574830026778034,3.8299320107112136
EX_asp_L(e),0.9563456841706639,3.8253827366826556
EX_cys_L(e),0.00040734404611816335,0.00122203213835449
EX_ile_L(e),0.9994105566673479,5.996463340004087
EX_ins(e),0.9999897986756893,9.999897986756892
EX_succ(e),0.9409838956581891,3.7639355826327563
