,fluxes,C-fluxes
EX_acald(e),0.003884750641323595,0.00776950128264719
EX_etoh(e),1.3111307100869707,2.6222614201739414
EX_for(e),1.3149244308402885,1.3149244308402885
EX_nac(e),0.00024553853375402254,0.0014732312025241352
