,fluxes,C-fluxes
EX_gly(e),0.010076702866701117,0.020153405733402234
EX_nac(e),0.021095678396735883,0.1265740703804153
EX_ptrc(e),0.018356544221313036,0.07342617688525215
EX_succ(e),1.0000014446547318,4.000005778618927
