,fluxes,C-fluxes
EX_ade(e),0.9993981791369801,4.996990895684901
EX_dgsn(e),0.9992807955467193,9.992807955467192
EX_indole(e),0.0015310127142790907,0.012248101714232726
EX_isobut(e),0.21596731033383365,0.8638692413353346
EX_lys_L(e),0.9999740177286387,5.999844106371832
EX_ser_L(e),0.22486940972000083,0.6746082291600025
EX_succ(e),2.0797973914765975,8.31918956590639
