,fluxes,C-fluxes
EX_acald(e),0.0045785388226389214,0.009157077645277843
EX_cys_L(e),0.020939688227255924,0.06281906468176778
EX_gly(e),0.01738715881739371,0.03477431763478742
EX_lac_L(e),4.885279558361938,14.655838675085814
EX_malt(e),0.25733909,3.08806908
