,fluxes,C-fluxes
EX_ac(e),0.7445333281586677,1.4890666563173354
EX_ade(e),1.0008830162069458,5.004415081034729
EX_but(e),0.739710893633712,2.958843574534848
EX_dgsn(e),0.9993770718944863,9.993770718944862
EX_for(e),0.9689507810528896,0.9689507810528896
EX_ile_L(e),0.9999098801294164,5.999459280776499
