,fluxes,C-fluxes
EX_cytd(e),0.009847507162382021,0.08862756446143819
EX_pyr(e),1.1451092459604393,3.435327737881318
EX_succ(e),0.14251980388282615,0.5700792155313046
