,fluxes,C-fluxes
EX_cytd(e),0.008068980949227143,0.07262082854304429
EX_pyr(e),1.056940830486334,3.1708224914590017
EX_succ(e),1.0591739323189777,4.236695729275911
