,fluxes,C-fluxes
EX_glu_L(e),0.009306149194565254,0.04653074597282627
EX_gly(e),0.04795269361007175,0.0959053872201435
EX_succ(e),0.02136879751787463,0.08547519007149852
TS_for_c,0.049438023596521774,0.049438023596521774
