,fluxes,C-fluxes
EX_ala_L(e),0.996104478983403,2.988313436950209
EX_cytd(e),0.006963922251671224,0.06267530026504102
EX_glu_L(e),0.030079950046947013,0.15039975023473506
EX_gly(e),0.0009211517161324116,0.001842303432264823
EX_lac_D(e),0.9175336503873248,2.7526009511619742
EX_ptrc(e),0.02679124244409891,0.10716496977639564
