,fluxes,C-fluxes
EX_cytd(e),0.0018851713061139486,0.016966541755025537
EX_dad_2(e),0.0004535544526972419,0.004535544526972419
EX_pyr(e),0.9740618675437526,2.9221856026312576
EX_succ(e),0.01938686145658237,0.07754744582632948
