,fluxes,C-fluxes
EX_12ppd_S(e),0.12566391848042033,0.37699175544126096
EX_ac(e),1.119784353268168,2.239568706536336
