,fluxes,C-fluxes
EX_ala_L(e),0.560323540931364,1.6809706227940922
EX_cytd(e),0.005613879328639746,0.05052491395775771
EX_glu_L(e),0.02344581744371564,0.1172290872185782
EX_gly(e),0.010626565525580384,0.021253131051160768
EX_lac_D(e),1.26583930586999,3.79751791760997
EX_phe_L(e),0.034512007213870204,0.31060806492483184
EX_ptrc(e),0.02154672526353213,0.08618690105412852
EX_succ(e),0.021681462808943112,0.08672585123577245
