,fluxes,C-fluxes
EX_cytd(e),0.005048888283507566,0.045439994551568094
EX_dgsn(e),0.0005351382611287698,0.0053513826112876976
EX_fum(e),0.0019866053685683336,0.007946421474273335
EX_gua(e),0.0022959491416462197,0.011479745708231098
EX_phe_L(e),0.0008687521368183509,0.007818769231365158
