,fluxes,C-fluxes
EX_glu_L(e),0.00021307934131760032,0.0010653967065880016
EX_nac(e),0.0005109232446506384,0.0030655394679038306
EX_succ(e),0.8026341494579985,3.210536597831994
