,fluxes,C-fluxes
EX_2obut(e),0.0022864536744802025,0.00914581469792081
EX_cys_L(e),0.0022602598665190945,0.006780779599557283
EX_cytd(e),0.02083896294602655,0.18755066651423896
EX_glu_L(e),0.0608928799706986,0.304464399853493
EX_mqn8(e),0.0022794812400595164,0.11625354324303534
EX_succ(e),0.0022931278147176135,0.009172511258870454
