,fluxes,C-fluxes
EX_ac(e),0.07651024246970091,0.15302048493940182
EX_nac(e),0.9999883386932132,5.99993003215928
EX_ser_L(e),0.003851912956453488,0.011555738869360463
EX_succ(e),0.14308566824290989,0.5723426729716395
