,fluxes,C-fluxes
EX_ac(e),2.6048178195629417,5.209635639125883
EX_ade(e),0.005137313130103921,0.025686565650519605
EX_cys_L(e),0.9532058736117167,2.85961762083515
EX_glu_L(e),0.01179796389098113,0.058989819454905654
EX_succ(e),0.006360311926735898,0.02544124770694359
