,fluxes,C-fluxes
EX_acald(e),0.37919581499145244,0.7583916299829049
EX_adn(e),0.9989675252315406,9.989675252315406
EX_fru(e),0.012170883086759393,0.07302529852055636
EX_nac(e),0.9999876841012243,5.999926104607345
