,fluxes,C-fluxes
EX_ac(e),4.1730709934211,8.3461419868422
EX_but(e),0.19737637387432616,0.7895054954973046
EX_for(e),3.413036463222825,3.413036463222825
EX_gly(e),0.2281185233336414,0.4562370466672828
EX_lys_L(e),1.1696550860267543,7.017930516160526
EX_phe_L(e),0.9976097367939176,8.978487631145258
