,fluxes,C-fluxes
EX_ac(e),0.1285737371476805,0.257147474295361
EX_akg(e),0.17966936821297694,0.8983468410648847
EX_cytd(e),0.01575365170614384,0.14178286535529455
EX_g6p(e),0.0006363973992269893,0.0038183843953619357
EX_val_L(e),0.8380261611784449,4.190130805892224
