,fluxes,C-fluxes
EX_4hphac(e),0.8229710199922159,6.583768159937727
EX_asp_L(e),0.07647420461060553,0.3058968184424221
EX_cys_L(e),0.7339121768047673,2.2017365304143017
EX_cytd(e),0.001213849439659418,0.010924644956934761
EX_gsn(e),0.4422398714220045,4.422398714220045
EX_nac(e),0.004615618446518501,0.027693710679111007
EX_succ(e),0.9158184120090062,3.6632736480360246
