,fluxes,C-fluxes
EX_cys_L(e),0.0005089187833993861,0.0015267563501981582
EX_lac_D(e),1.187004357063055,3.561013071189165
