,fluxes,C-fluxes
EX_4hphac(e),0.9998611354989873,7.998889083991898
EX_acald(e),0.1271911527955927,0.2543823055911854
EX_adn(e),0.026771320892160937,0.2677132089216094
EX_cytd(e),0.009601908387507617,0.08641717548756855
EX_etoh(e),0.8307846976161627,1.6615693952323254
EX_isobut(e),0.2156027421521497,0.8624109686085988
EX_isocapr(e),0.1485216036782888,0.8911296220697327
EX_pppn(e),0.999841727379647,8.998575546416824
EX_succ(e),0.022900057674584744,0.09160023069833897
