,fluxes,C-fluxes
EX_ac(e),0.04393364507040633,0.08786729014081265
EX_asp_L(e),0.0004497960392110003,0.0017991841568440012
EX_cys_L(e),0.0007087156793080063,0.002126147037924019
EX_etoh(e),1.1586622712218066,2.3173245424436133
