,fluxes,C-fluxes
EX_ac(e),0.9991404839906255,1.998280967981251
EX_adn(e),0.9994089092825023,9.994089092825023
EX_cys_L(e),0.9989908587935303,2.996972576380591
EX_cytd(e),0.008410249957340271,0.07569224961606244
EX_dad_2(e),0.00022017206110037734,0.0022017206110037735
EX_ins(e),0.9997615653748236,9.997615653748236
EX_nac(e),0.9999795545519571,5.999877327311743
EX_succ(e),0.000814121885277605,0.00325648754111042
