,fluxes,C-fluxes
EX_ac(e),0.021496814586352296,0.04299362917270459
EX_ade(e),0.8848057668159177,4.424028834079588
EX_ala_L(e),0.0010248597294898042,0.003074579188469413
EX_but(e),0.10124944692891527,0.4049977877156611
EX_dgsn(e),0.884845491658452,8.84845491658452
EX_for(e),1.0000104499961344,1.0000104499961344
EX_gly(e),0.2246407117319624,0.4492814234639248
EX_ppa(e),1.0,3.0
