,fluxes,C-fluxes
EX_4hphac(e),0.1355432988050108,1.0843463904400863
EX_acald(e),0.14339706730782312,0.28679413461564623
EX_bhb(e),0.5830150827111941,2.3320603308447763
EX_but(e),0.4029335839854685,1.611734335941874
EX_for(e),1.0237618259403731,1.0237618259403731
EX_gln_L(e),0.17824286965498803,0.8912143482749402
EX_isoval(e),0.14882237207731275,0.7441118603865637
EX_pac(e),0.00117812284621306,0.00942498276970448
EX_succ(e),0.0003120888430262669,0.0012483553721050675
