,fluxes,C-fluxes
EX_5mta(e),0.0013361899198067009,0.01469808911787371
EX_ac(e),0.6119530161386652,1.2239060322773303
EX_btoh(e),0.19321627855711415,0.7728651142284566
EX_but(e),0.4993987448111857,1.9975949792447427
EX_gln_L(e),0.4973468874111194,2.486734437055597
EX_nac(e),0.0004855139354188965,0.002913083612513379
EX_spmd(e),0.001322661629989486,0.009258631409926402
EX_succ(e),0.7239453839063652,2.895781535625461
