,fluxes,C-fluxes
EX_ac(e),0.0015662755415750572,0.0031325510831501143
EX_cytd(e),0.011559003648865166,0.1040310328397865
EX_etoh(e),1.4799502788092953,2.9599005576185906
EX_succ(e),0.22096044997005407,0.8838417998802163
EX_thymd(e),0.08664331357756176,0.8664331357756176
