,fluxes,C-fluxes
EX_ac(e),5.222270405270274,10.444540810540548
EX_cys_L(e),0.18365258998773207,0.5509577699631962
EX_for(e),3.519507593919218,3.519507593919218
