,fluxes,C-fluxes
EX_4hphac(e),0.9996405044691117,7.997124035752893
EX_adn(e),0.027365477941363618,0.2736547794136362
EX_cys_L(e),0.0005169978719177649,0.0015509936157532948
EX_cytd(e),0.010608053175245664,0.09547247857721097
EX_etoh(e),0.8958970106871164,1.7917940213742327
EX_isobut(e),0.21522481813546562,0.8608992725418625
EX_isocapr(e),0.1479879018213106,0.8879274109278636
EX_pppn(e),0.9995852079540928,8.996266871586835
