,fluxes,C-fluxes
EX_ac(e),8.827695413161363,17.655390826322726
EX_asn_L(e),1.8113011038133036,7.245204415253214
EX_gln_L(e),0.11018955398006895,0.5509477699003448
EX_gly(e),0.19531435810599823,0.39062871621199646
EX_hxan(e),0.7347527268059071,3.6737636340295357
EX_succ(e),6.211960435142464,24.847841740569855
EX_tma(e),1.0,3.0
