,fluxes,C-fluxes
EX_ac(e),3.7009831204199566,7.401966240839913
EX_but(e),0.12284248548321397,0.4913699419328559
EX_cys_L(e),0.3448511225760879,1.0345533677282637
EX_for(e),2.9529224381097774,2.9529224381097774
EX_gln_L(e),0.03274242570884349,0.16371212854421746
