,fluxes,C-fluxes
EX_ac(e),1.0121344822085991,2.0242689644171983
