,fluxes,C-fluxes
EX_but(e),1.522927637772933,6.091710551091732
EX_for(e),0.4976081539357621,0.4976081539357621
EX_lys_L(e),0.9989389154587965,5.993633492752779
EX_nac(e),0.000947436251689714,0.0056846175101382835
EX_succ(e),0.22328242989377617,0.8931297195751047
