,fluxes,C-fluxes
EX_3mop(e),0.00316779615502275,0.0190067769301365
EX_ac(e),1.2175229653103161,2.4350459306206322
EX_tyr_L(e),0.0037566516645681377,0.03380986498111324
