,fluxes,C-fluxes
EX_ac(e),0.9991346488499011,1.9982692976998022
EX_asn_L(e),0.13166192557794051,0.5266477023117621
EX_isocapr(e),0.14969187448979135,0.898151246938748
EX_orn(e),0.14999215755139902,0.7499607877569952
EX_succ(e),0.003592674203041665,0.01437069681216666
EX_tma(e),1.0,3.0
EX_trypta(e),0.08181684679751525,0.8181684679751524
EX_tym(e),0.9999914746559355,7.999931797247484
