,fluxes,C-fluxes
EX_ac(e),0.7083376922813989,1.4166753845627977
EX_asp_L(e),0.30243398057306237,1.2097359222922495
EX_dad_2(e),0.00014307398961753082,0.001430739896175308
EX_for(e),0.35434775581462047,0.35434775581462047
EX_val_L(e),0.04845577242561066,0.2422788621280533
