,fluxes,C-fluxes
EX_ac(e),1.0997320285986978,2.1994640571973956
EX_nac(e),0.0009125782761574272,0.005475469656944563
