,fluxes,C-fluxes
EX_ac(e),4.115002961735327,8.230005923470655
EX_asn_L(e),0.22496239760087616,0.8998495904035047
EX_dcyt(e),0.7743633373517811,6.96927003616603
EX_succ(e),0.7763414870291007,3.1053659481164027
