,fluxes,C-fluxes
EX_ade(e),1.9700453089986856,9.850226544993427
EX_cytd(e),0.002424448811930567,0.021820039307375104
EX_dgsn(e),1.0060041532359936,10.060041532359936
EX_for(e),1.0023058699337566,1.0023058699337566
EX_glu_L(e),0.009377716320766075,0.04688858160383037
EX_his_L(e),0.006932382892962711,0.04159429735777626
EX_ppa(e),0.9971826710099956,2.9915480130299867
