,fluxes,C-fluxes
EX_adn(e),0.008632317551921898,0.08632317551921898
EX_but(e),0.9991576674148336,3.9966306696593343
EX_ser_L(e),0.007724544012522473,0.02317363203756742
EX_succ(e),0.007593825199550754,0.030375300798203015
EX_tma(e),1.0,3.0
EX_uri(e),0.003069422120466279,0.02762479908419651
