,fluxes,C-fluxes
EX_ac(e),1.1215046197908767,2.2430092395817534
EX_asp_L(e),0.026730139398483597,0.10692055759393439
EX_cytd(e),0.007527576644303477,0.06774818979873129
EX_for(e),0.6752808753758979,0.6752808753758979
EX_pac(e),0.05287487220584168,0.42299897764673344
EX_uri(e),0.00018950989194409527,0.0017055890274968574
