,fluxes,C-fluxes
EX_ac(e),0.22901279575855596,0.4580255915171119
EX_but(e),0.2915056131162674,1.1660224524650695
EX_for(e),1.0407237197751757,1.0407237197751757
