,fluxes,C-fluxes
EX_13ppd(e),0.8433415801610287,2.530024740483086
EX_ac(e),6.913925527319672,13.827851054639344
EX_for(e),3.0596355677867466,3.0596355677867466
EX_gln_L(e),0.17025541663779642,0.8512770831889821
EX_ins(e),3.9233940833946614,39.23394083394661
EX_succ(e),0.0019239012357619182,0.007695604943047673
EX_tma(e),1.0,3.0
EX_uri(e),0.8864393541903461,7.977954187713115
