,fluxes,C-fluxes
EX_ac(e),0.005896759265449739,0.011793518530899478
EX_but(e),0.29688697367120076,1.187547894684803
EX_succ(e),0.5500049585109865,2.200019834043946
