,fluxes,C-fluxes
EX_lac_D(e),0.7591308158583598,2.2773924475750795
EX_orn(e),0.15,0.75
EX_xan(e),0.0017175456849643819,0.00858772842482191
