,fluxes,C-fluxes
EX_ac(e),0.9895349997647316,1.9790699995294632
EX_for(e),0.9814201729300205,0.9814201729300205
EX_orn(e),0.149528843992691,0.747644219963455
