,fluxes,C-fluxes
EX_hxan(e),0.9580893692553727,4.790446846276863
EX_lac_D(e),1.593884881958775,4.7816546458763245
