,fluxes,C-fluxes
EX_ac(e),1.5386376467759586,3.077275293551917
EX_asn_L(e),0.22081092665581942,0.8832437066232777
EX_lac_L(e),0.21036161056038608,0.6310848316811583
EX_melib(e),0.00470194,0.05642328
EX_succ(e),0.006622978170843476,0.026491912683373905
