,fluxes,C-fluxes
EX_but(e),0.44686882923163435,1.7874753169265374
EX_for(e),0.890987580438172,0.890987580438172
EX_glc_D(e),0.00282117,0.01692702
EX_nac(e),0.001189288736661244,0.007135732419967464
