,fluxes,C-fluxes
EX_ac(e),1.1101180585630395,2.220236117126079
EX_etoh(e),0.10883835271132851,0.21767670542265702
EX_for(e),0.9940375526462657,0.9940375526462657
EX_gly(e),0.22483639508590053,0.44967279017180106
