,fluxes,C-fluxes
EX_ac(e),1.2196043341615823,2.4392086683231646
EX_for(e),1.2228950625986925,1.2228950625986925
EX_ile_L(e),0.22238811411655943,1.3343286846993565
EX_phe_L(e),0.9938251576635329,8.944426418971796
EX_succ(e),0.00044583133519118703,0.0017833253407647481
