,fluxes,C-fluxes
EX_4hphac(e),0.04902754981758306,0.3922203985406645
EX_dad_2(e),0.0003468586590302888,0.0034685865903028882
EX_ile_L(e),0.04968681057187073,0.29812086343122435
EX_met_L(e),0.04459577307277853,0.22297886536389266
