,fluxes,C-fluxes
EX_cys_L(e),0.0045380445145255755,0.013614133543576726
EX_for(e),0.0068473611388488115,0.0068473611388488115
EX_ins(e),0.000700731828175272,0.0070073182817527195
EX_lac_L(e),1.6014415885708448,4.8043247657125345
EX_succ(e),0.0026464358736012676,0.01058574349440507
EX_tyr_L(e),0.007204315452419415,0.06483883907177473
