,fluxes,C-fluxes
EX_arg_L(e),0.007888375108232313,0.047330250649393876
EX_cytd(e),0.0010619241790926852,0.009557317611834168
EX_dad_2(e),0.9975441434150835,9.975441434150834
EX_glu_L(e),0.008108342147490627,0.040541710737453135
EX_lac_L(e),1.001466476739594,3.0043994302187818
EX_succ(e),0.0039530319300894335,0.015812127720357734
