,fluxes,C-fluxes
EX_ac(e),0.8158697855058386,1.631739571011677
EX_ala_L(e),1.9990562506336922,5.997168751901077
EX_cytd(e),0.003989598102974297,0.035906382926768676
EX_glu_L(e),0.004445030750456813,0.022225153752284066
EX_gly(e),0.22471683119876157,0.44943366239752314
EX_hista(e),0.14996298901863683,0.7498149450931841
EX_tym(e),0.9998954922332705,7.999163937866164
