,fluxes,C-fluxes
EX_fum(e),0.0015168010788856026,0.00606720431554241
EX_nac(e),0.9713299302992695,5.827979581795617
