,fluxes,C-fluxes
EX_gln_L(e),0.003980007147659214,0.019900035738296067
EX_succ(e),0.0029913384109734624,0.01196535364389385
EX_val_L(e),0.006988588049838684,0.03494294024919342
