,fluxes,C-fluxes
EX_4hphac(e),0.04884368716114136,0.3907494972891309
EX_ac(e),0.9969000481978999,1.9938000963957998
EX_adn(e),0.00040213612511397326,0.0040213612511397325
EX_asp_L(e),0.9996641839698388,3.998656735879355
EX_cytd(e),0.014107971225685521,0.12697174103116968
EX_glu_L(e),0.17925010871087305,0.8962505435543653
EX_phpyr(e),0.07371839100295774,0.6634655190266197
EX_pyr(e),0.9653579520627336,2.8960738561882007
