,fluxes,C-fluxes
EX_fum(e),0.0006221215442690005,0.002488486177076002
EX_lys_L(e),0.17823869956603258,1.0694321973961955
EX_succ(e),0.17976866861518498,0.7190746744607399
