,fluxes,C-fluxes
EX_ac(e),0.649613932117537,1.299227864235074
EX_for(e),0.7388901213617659,0.7388901213617659
