,fluxes,C-fluxes
EX_cys_L(e),0.9998936056900364,2.999680817070109
EX_dad_2(e),0.6965216827419067,6.965216827419067
EX_glu_L(e),0.006317713887077664,0.03158856943538832
EX_lac_L(e),1.1489580220591835,3.4468740661775508
EX_nac(e),0.708284303273003,4.2497058196380175
EX_ptrc(e),0.9998827854786759,3.9995311419147037
EX_ser_L(e),0.7243285710497568,2.1729857131492705
