,fluxes,C-fluxes
EX_ac(e),0.6687510667494039,1.3375021334988078
EX_ade(e),0.00026214156401764793,0.0013107078200882397
EX_dad_2(e),0.00030758307339854874,0.0030758307339854873
EX_for(e),0.7822960445995027,0.7822960445995027
EX_gly(e),0.22425984254141504,0.4485196850828301
EX_phe_L(e),0.9995744562292376,8.996170106063138
EX_ptrc(e),0.9997487270393246,3.9989949081572984
EX_succ(e),0.3414724280987341,1.3658897123949365
