,fluxes,C-fluxes
EX_ac(e),0.788402785465713,1.576805570931426
EX_etoh(e),0.08821328729324653,0.17642657458649305
EX_for(e),0.3835117213427325,0.3835117213427325
EX_gly(e),0.0026066621957702564,0.005213324391540513
EX_glyc(e),0.12705677213907104,0.3811703164172131
EX_lys_L(e),0.038035986880249936,0.22821592128149962
