,fluxes,C-fluxes
EX_ac(e),1.013398244921757,2.026796489843514
EX_ala_L(e),0.22193834646665694,0.6658150393999709
EX_for(e),1.002421238905435,1.002421238905435
EX_gly(e),0.00800781910271892,0.01601563820543784
EX_met_L(e),0.0028654019638872097,0.014327009819436048
