,fluxes,C-fluxes
EX_4abut(e),0.16118803822359232,0.6447521528943693
EX_ac(e),0.7596025324317214,1.5192050648634428
EX_for(e),0.5757035235400668,0.5757035235400668
EX_gly(e),1.2245943859710244,2.449188771942049
EX_nac(e),0.0010506832322836382,0.0063040993937018295
EX_ptrc(e),1.2882255346427118,5.152902138570847
EX_succ(e),0.7118254046031786,2.8473016184127142
EX_ttdca(e),0.005603828562281629,0.07845359987194281
