,fluxes,C-fluxes
EX_ac(e),1.0061631419507435,2.012326283901487
EX_akg(e),0.0004647890785127541,0.0023239453925637706
EX_ala_L(e),0.6875034185797874,2.062510255739362
EX_for(e),1.006233584399167,1.006233584399167
EX_indole(e),0.08181677880375658,0.6545342304300527
EX_ptrc(e),1.0,4.0
