,fluxes,C-fluxes
EX_ac(e),0.6766764566567101,1.3533529133134201
EX_succ(e),0.0007169566343916634,0.0028678265375666535
