,fluxes,C-fluxes
EX_ac(e),1.0044713720571206,2.008942744114241
EX_ade(e),0.9967916789735678,4.983958394867839
EX_csn(e),0.0032414322489688883,0.012965728995875553
EX_dgsn(e),0.9989948097286108,9.989948097286108
EX_for(e),1.0116867225303554,1.0116867225303554
