,fluxes,C-fluxes
EX_4abut(e),0.18,0.72
EX_ac(e),1.3003542692066068,2.6007085384132136
EX_asp_L(e),0.19781742131155033,0.7912696852462013
EX_succ(e),0.0030726540896763173,0.01229061635870527
