,fluxes,C-fluxes
EX_ac(e),1.225037259480195,2.45007451896039
EX_akg(e),0.007007031997724777,0.03503515998862389
EX_for(e),1.2388086387100445,1.2388086387100445
EX_hista(e),0.1499963206247688,0.749981603123844
EX_mal_L(e),0.0015624658755994387,0.006249863502397755
EX_ptrc(e),1.0,4.0
EX_trypta(e),0.08181637847205565,0.8181637847205565
EX_tym(e),0.006776271788128102,0.05421017430502482
