,fluxes,C-fluxes
EX_ac(e),2.10295295842847,4.20590591685694
EX_glu_L(e),0.013397053527028573,0.06698526763514287
EX_lac_D(e),0.8795758709015458,2.6387276127046375
EX_succ(e),0.2379211206543089,0.9516844826172356
