,fluxes,C-fluxes
EX_2obut(e),0.22499318178081537,0.8999727271232615
EX_ac(e),1.4907894399711943,2.9815788799423886
EX_adn(e),0.0014631162429553865,0.014631162429553864
EX_asp_L(e),0.21995166283769324,0.879806651350773
EX_for(e),1.247121223064921,1.247121223064921
EX_ile_L(e),0.9999009341896755,5.999405605138053
EX_orn(e),0.14999534352695923,0.7499767176347961
EX_thymd(e),0.24506711832343223,2.450671183234322
