,fluxes,C-fluxes
EX_ac(e),0.7829412366165558,1.5658824732331116
EX_actn_R(e),0.10586341249354969,0.42345364997419876
EX_ala_L(e),0.28740788121292865,0.862223643638786
EX_cys_L(e),0.4623413072048377,1.387023921614513
EX_fum(e),1.2249517815538065,4.899807126215226
EX_glu_L(e),0.004256792625535894,0.021283963127679467
EX_ptrc(e),0.14998229918066144,0.5999291967226458
EX_trypta(e),0.08181541115451531,0.818154111545153
EX_tym(e),0.9999945883792626,7.999956707034101
