,fluxes,C-fluxes
EX_bhb(e),1.4509099376002117,5.803639750400847
EX_cys_L(e),0.5959201694548685,1.7877605083646055
EX_dcyt(e),0.42298035349414553,3.8068231814473097
EX_etoh(e),0.02728826484506615,0.0545765296901323
EX_for(e),1.9298995105327335,1.9298995105327335
EX_gly(e),0.5957468722441316,1.1914937444882632
EX_tma(e),1.0,3.0
