,fluxes,C-fluxes
EX_ac(e),2.080289185108519,4.160578370217038
EX_for(e),1.5419852371334655,1.5419852371334655
EX_glcn(e),0.0023209071768861395,0.013925443061316836
EX_succ(e),0.002709264942254285,0.01083705976901714
