,fluxes,C-fluxes
EX_12ppd_S(e),0.001115568468209458,0.0033467054046283735
EX_ac(e),0.21529389940894617,0.43058779881789233
EX_cytd(e),0.0012580691591654765,0.011322622432489288
EX_g6p(e),0.07177765453516337,0.4306659272109802
EX_glcn(e),0.07586537964665366,0.45519227787992195
EX_rib_D(e),0.0006301274326513937,0.0031506371632569687
EX_succ(e),1.0742449228184534,4.296979691273814
