,fluxes,C-fluxes
EX_dad_2(e),0.005498672318160657,0.05498672318160657
EX_etoh(e),1.6646460473079745,3.329292094615949
EX_for(e),1.6844288655657345,1.6844288655657345
EX_ins(e),0.005494399868104764,0.05494399868104764
EX_succ(e),0.004032115801323438,0.016128463205293753
