,fluxes,C-fluxes
EX_ac(e),1.9744421863495027,3.9488843726990055
EX_etoh(e),1.500167143536252,3.000334287072504
EX_for(e),2.807783165578395,2.807783165578395
EX_gly(e),0.0010887406158937274,0.002177481231787455
EX_ppa(e),0.36095260404513074,1.0828578121353922
EX_tma(e),1.0,3.0
