,fluxes,C-fluxes
EX_12ppd_S(e),0.14898579,0.44695737
EX_ac(e),0.5262761977416676,1.0525523954833351
EX_adn(e),0.00021642431619242012,0.002164243161924201
EX_cys_L(e),1.0002428622827537,3.000728586848261
EX_fru(e),0.08577757000000001,0.51466542
EX_succ(e),0.017352078962064973,0.06940831584825989
