,fluxes,C-fluxes
EX_ac(e),1.3267254534770954,2.6534509069541907
EX_for(e),1.164252158301657,1.164252158301657
