,fluxes,C-fluxes
EX_ade(e),0.9990860613414256,4.995430306707128
EX_cytd(e),0.0007578295749320139,0.006820466174388125
EX_dgsn(e),0.9996542856308849,9.99654285630885
EX_for(e),1.0005951321631816,1.0005951321631816
EX_lac_L(e),0.22360737750233076,0.6708221325069923
EX_ppa(e),0.9999161444344234,2.9997484333032705
EX_succ(e),0.0005682307686119629,0.0022729230744478516
