,fluxes,C-fluxes
EX_ac(e),0.9989212731074938,1.9978425462149876
EX_ade(e),0.9970230810681706,4.985115405340853
EX_cytd(e),0.0022907527291498057,0.020616774562348252
EX_dad_2(e),0.0017221368259465455,0.017221368259465457
EX_g6p(e),0.008035307070497702,0.048211842422986206
EX_glu_L(e),0.016733837606044587,0.08366918803022294
EX_ile_L(e),0.9980016757842339,5.988010054705404
EX_ins(e),0.9917404567830261,9.91740456783026
EX_succ(e),0.0054849933183835796,0.021939973273534318
EX_tma(e),1.0,3.0
