,fluxes,C-fluxes
EX_acald(e),0.007175817934039922,0.014351635868079844
EX_ade(e),0.01233775464516156,0.061688773225807805
EX_cytd(e),0.011775606077725915,0.10598045469953324
EX_etoh(e),1.4176149204647457,2.8352298409294914
EX_for(e),1.4247270361965112,1.4247270361965112
EX_succ(e),0.012020861632761254,0.048083446531045015
