,fluxes,C-fluxes
EX_ac(e),1.0879085496920293,2.1758170993840587
EX_etoh(e),0.7248308306309094,1.4496616612618187
EX_for(e),1.6336181225883477,1.6336181225883477
EX_ribflv(e),0.0009490161094315105,0.016133273860335678
