,fluxes,C-fluxes
EX_ac(e),1.1910141155347338,2.3820282310694676
EX_ala_L(e),0.0018383490782113803,0.005515047234634141
EX_asp_L(e),0.1659917929308327,0.6639671717233308
EX_for(e),0.8372804195136381,0.8372804195136381
