,fluxes,C-fluxes
EX_ac(e),0.796343599063216,1.592687198126432
EX_for(e),0.40094459071153826,0.40094459071153826
EX_succ(e),0.00025380714867840796,0.0010152285947136318
