,fluxes,C-fluxes
EX_4hbz(e),0.0019005552129750087,0.01330388649082506
EX_ac(e),1.366861414826447,2.733722829652894
EX_cys_L(e),0.662637457644231,1.9879123729326929
EX_for(e),0.4140092800386868,0.4140092800386868
EX_indole(e),0.08179861471122117,0.6543889176897694
EX_ptrc(e),0.14983039960632702,0.5993215984253081
EX_tma(e),1.0,3.0
EX_ura(e),0.021848090921070977,0.08739236368428391
