,fluxes,C-fluxes
EX_ac(e),0.0010622953700567658,0.0021245907401135316
