,fluxes,C-fluxes
EX_ac(e),0.21357877321231,0.42715754642462
EX_for(e),0.21365015348142657,0.21365015348142657
