,fluxes,C-fluxes
EX_ac(e),0.5564933862883633,1.1129867725767266
EX_dad_2(e),0.00014673483590963582,0.0014673483590963582
EX_for(e),0.06544796195278675,0.06544796195278675
EX_succ(e),0.00032890510348863676,0.001315620413954547
