,fluxes,C-fluxes
EX_ac(e),7.2164999894461035,14.432999978892207
EX_adn(e),0.0020314031262402797,0.020314031262402797
EX_ala_D(e),3.9418082122445535,11.825424636733661
EX_for(e),3.2999133108296923,3.2999133108296923
EX_gcald(e),0.0018456293016544886,0.003691258603308977
EX_gly(e),0.016172227739391948,0.032344455478783896
EX_indole(e),0.06816899793801387,0.545351983504111
EX_ppa(e),0.12992523106175502,0.38977569318526506
