,fluxes,C-fluxes
EX_ac(e),0.2548019180578025,0.509603836115605
EX_for(e),0.3949929965848714,0.3949929965848714
EX_ttdca(e),0.020008828792143492,0.2801236030900089
