,fluxes,C-fluxes
EX_but(e),0.4407232310368685,1.762892924147474
EX_for(e),0.8778854611055249,0.8778854611055249
EX_succ(e),0.002581698135706521,0.010326792542826084
