,fluxes,C-fluxes
EX_ac(e),0.477750994602281,0.955501989204562
EX_adn(e),0.02910946767507959,0.2910946767507959
EX_etoh(e),1.9430635178280051,3.8861270356560103
EX_succ(e),0.2997046606076719,1.1988186424306877
