,fluxes,C-fluxes
EX_acald(e),2.6226845906752643,5.2453691813505285
EX_for(e),2.6112935368611,2.6112935368611
EX_strch2(e),0.12754090728459547,2.2957363311227184
