,fluxes,C-fluxes
EX_ac(e),1.0070824170815726,2.0141648341631453
EX_but(e),0.33359838012251763,1.3343935204900705
EX_csn(e),0.013312879692209562,0.05325151876883825
EX_for(e),1.6743587618931797,1.6743587618931797
EX_nac(e),0.005814062632286074,0.03488437579371645
