,fluxes,C-fluxes
EX_ac(e),0.2617654212476677,0.5235308424953354
EX_ade(e),0.002621615954000104,0.01310807977000052
EX_asp_L(e),0.18165099078131164,0.7266039631252466
EX_cytd(e),0.0009233487317394771,0.008310138585655293
EX_dgsn(e),0.9995377557508066,9.995377557508066
EX_indole(e),0.08181779588339555,0.6545423670671644
EX_ser_L(e),0.10397694247319085,0.31193082741957256
EX_ura(e),1.0707969747191435,4.283187898876574
