,fluxes,C-fluxes
EX_4abut(e),0.28897209782136035,1.1558883912854414
EX_ac(e),5.7673081911763395,11.534616382352679
EX_but(e),4.212466103595704,16.849864414382814
EX_for(e),13.335338057167133,13.335338057167133
EX_gly(e),0.13961259456257302,0.27922518912514604
EX_succ(e),0.012673361003954274,0.050693444015817095
