,fluxes,C-fluxes
EX_ac(e),0.6742801000104293,1.3485602000208585
EX_but(e),0.03418945677984563,0.13675782711938253
EX_for(e),0.7423298825364718,0.7423298825364718
