,fluxes,C-fluxes
EX_4abut(e),0.18,0.72
EX_ac(e),1.1382900891172436,2.276580178234487
EX_cytd(e),0.010214007793147408,0.09192607013832667
EX_dad_2(e),0.0012149096247779227,0.012149096247779226
EX_gly(e),0.914240029347203,1.828480058694406
EX_ile_L(e),0.21465794191694776,1.2879476515016866
EX_succ(e),0.22256888464925548,0.8902755385970219
