,fluxes,C-fluxes
EX_ac(e),5.825827520396705,11.65165504079341
EX_for(e),4.130176784753528,4.130176784753528
EX_gthrd(e),2.0,20.0
EX_phe_L(e),1.1121614938711855,10.00945344484067
EX_rbflvrd(e),0.9984733787087908,16.974047438049443
