,fluxes,C-fluxes
EX_ac(e),9.266801133716799,18.533602267433597
EX_but(e),6.056118267891051,24.224473071564205
EX_for(e),18.179745812824162,18.179745812824162
EX_gln_L(e),0.07652935418571712,0.38264677092858557
EX_gthrd(e),2.0,20.0
EX_hxan(e),0.6463771904144221,3.2318859520721106
EX_meoh(e),0.006511049999999999,0.006511049999999999
EX_phe_L(e),0.9620279788817729,8.658251809935956
EX_rbflvrd(e),0.9905520953254171,16.83938562053209
EX_ura(e),0.49402489576200287,1.9760995830480115
