,fluxes,C-fluxes
EX_ac(e),1.3975295246826838,2.7950590493653675
EX_csn(e),0.0022419121206955763,0.008967648482782305
EX_glu_L(e),0.0018153390529737248,0.009076695264868625
EX_gly(e),0.39739315573339923,0.7947863114667985
EX_ser_L(e),0.0011102970777640893,0.003330891233292268
