,fluxes,C-fluxes
EX_but(e),1.0,4.0
EX_cys_L(e),0.0019897864407533074,0.005969359322259922
EX_etoh(e),0.8844702732695398,1.7689405465390795
EX_succ(e),0.003339014690380513,0.013356058761522053
