,fluxes,C-fluxes
EX_ac(e),1.296526572761115,2.59305314552223
EX_succ(e),0.28856800964932633,1.1542720385973053
