,fluxes,C-fluxes
EX_ac(e),0.8703757492821245,1.740751498564249
EX_but(e),0.5099714533511351,2.0398858134045406
EX_indole(e),0.0818174372290403,0.6545394978323223
EX_lac_D(e),0.3654188662275381,1.0962565986826143
EX_ppa(e),0.22499402758698764,0.6749820827609629
EX_succ(e),0.2203236465473476,0.8812945861893904
