,fluxes,C-fluxes
EX_ac(e),0.5584990127499103,1.1169980254998206
EX_ade(e),0.8264113859970625,4.132056929985312
EX_dgsn(e),0.8266856248046373,8.266856248046373
EX_for(e),1.017845050883483,1.017845050883483
EX_glu_L(e),0.0013400889976824392,0.006700444988412196
EX_gly(e),0.01167625182178881,0.02335250364357762
EX_ppa(e),0.7794018346738792,2.3382055040216376
EX_succ(e),0.00043388804433519963,0.0017355521773407985
EX_ttdca(e),0.059583215405568844,0.8341650156779639
