,fluxes,C-fluxes
EX_ac(e),0.563124802721005,1.12624960544201
EX_acac(e),0.14998442732537756,0.5999377093015102
EX_btoh(e),0.7131092300463825,2.85243692018553
EX_for(e),1.6540431726491418,1.6540431726491418
EX_succ(e),1.1696288465597156,4.678515386238862
