,fluxes,C-fluxes
EX_ac(e),1.955077266993552,3.910154533987104
EX_btoh(e),0.6485143963629838,2.594057585451935
EX_for(e),0.7472358444314908,0.7472358444314908
EX_indole(e),0.0818139720795183,0.6545117766361463
EX_succ(e),0.0016521109560287952,0.006608443824115181
