,fluxes,C-fluxes
EX_ac(e),0.19472155892156667,0.38944311784313335
EX_but(e),0.1893885385549273,0.7575541542197092
EX_cytd(e),0.0022922682273458545,0.02063041404611269
EX_lac_D(e),0.7447405857203053,2.234221757160916
EX_ppa(e),1.0000000147364199,3.0000000442092594
EX_succ(e),0.21397745019204342,0.8559098007681737
EX_ttdca(e),0.0099405649282303,0.13916790899522422
