,fluxes,C-fluxes
EX_ac(e),1.1563982749474861,2.3127965498949723
EX_but(e),0.4126716475244834,1.6506865900979335
EX_gly(e),0.2241526126208639,0.4483052252417278
EX_lac_D(e),0.06751147125531484,0.20253441376594453
