,fluxes,C-fluxes
EX_ac(e),1.9440817683689435,3.888163536737887
EX_btoh(e),0.22380226824333962,0.8952090729733585
EX_but(e),0.5435817439737279,2.1743269758949118
EX_indole(e),0.08180478254999186,0.6544382603999349
EX_phe_L(e),0.9998121558866945,8.99830940298025
EX_succ(e),0.0007662210266421073,0.0030648841065684294
