,fluxes,C-fluxes
EX_ade(e),0.3561179038088474,1.780589519044237
EX_btoh(e),0.3160170520965367,1.2640682083861468
EX_ch4s(e),0.1795178826053922,0.1795178826053922
EX_cys_L(e),0.000929715398972868,0.002789146196918604
EX_cytd(e),0.008896416448720964,0.08006774803848868
EX_dgsn(e),0.35526231697738553,3.552623169773855
EX_ppa(e),1.1795188908661423,3.5385566725984265
EX_succ(e),0.2226230584936598,0.8904922339746392
