,fluxes,C-fluxes
EX_ac(e),2.0670291766573974,4.134058353314795
EX_btoh(e),0.6258001460518903,2.503200584207561
EX_but(e),0.14952482737864933,0.5980993095145973
EX_for(e),0.41985543689550214,0.41985543689550214
EX_indole(e),0.08178082684176678,0.6542466147341343
