,fluxes,C-fluxes
EX_ac(e),2.067482212015315,4.13496442403063
EX_btoh(e),0.07904435527399657,0.3161774210959863
EX_for(e),2.1378875299620597,2.1378875299620597
