,fluxes,C-fluxes
EX_ac(e),1.3167372591889055,2.633474518377811
EX_dad_2(e),0.0003938146302335531,0.003938146302335531
EX_ppa(e),0.6550545897789736,1.9651637693369208
