,fluxes,C-fluxes
EX_ac(e),1.274592446878316,2.549184893756632
EX_for(e),1.280355806949978,1.280355806949978
EX_glu_L(e),0.0021338878103766092,0.010669439051883046
EX_succ(e),0.0004304139183810015,0.001721655673524006
