,fluxes,C-fluxes
EX_ac(e),1.1561278422503491,2.3122556845006983
EX_for(e),1.1561849652927096,1.1561849652927096
EX_ile_L(e),0.15602289461755753,0.9361373677053452
EX_lac_L(e),0.007052343766798537,0.02115703130039561
