,fluxes,C-fluxes
EX_etoh(e),0.9206575757118394,1.8413151514236787
EX_tym(e),0.9785243554422318,7.8281948435378546
