,fluxes,C-fluxes
EX_ac(e),1.22389905222344,2.44779810444688
EX_for(e),1.224121307946483,1.224121307946483
EX_ile_L(e),0.22420472317022422,1.3452283390213453
