,fluxes,C-fluxes
EX_4hphac(e),0.04738312987352957,0.37906503898823657
EX_ac(e),1.04822130739731,2.09644261479462
EX_cys_L(e),0.000346100979438172,0.001038302938314516
EX_for(e),0.9908153365837572,0.9908153365837572
