,fluxes,C-fluxes
EX_glu_L(e),0.009389490089412115,0.04694745044706058
EX_lac_L(e),0.9520234519317771,2.8560703557953313
EX_succ(e),0.005314711437142063,0.02125884574856825
