,fluxes,C-fluxes
EX_tyr_L(e),0.00474629330892343,0.042716639780310865
