,fluxes,C-fluxes
EX_glu_L(e),0.00195856967322903,0.00979284836614515
EX_indole(e),0.08181434556431537,0.654514764514523
EX_lac_L(e),3.6195582110892954,10.858674633267887
EX_nac(e),0.9999947169290547,5.999968301574328
EX_succ(e),0.9999894338692034,3.9999577354768134
