,fluxes,C-fluxes
EX_cytd(e),0.0020265206999038206,0.018238686299134384
EX_for(e),0.004818623121109064,0.004818623121109064
EX_glu_L(e),0.0026431063403136493,0.013215531701568247
EX_lac_L(e),0.9756476592729701,2.9269429778189107
EX_succ(e),0.0005765341756670783,0.002306136702668313
EX_trypta(e),0.0026806130100940416,0.026806130100940417
EX_tym(e),0.0006268926238680915,0.005015140990944732
