,fluxes,C-fluxes
EX_ac(e),6.890244464706808,13.780488929413616
EX_dad_2(e),1.0009266941373693,10.009266941373694
EX_for(e),6.195355650156407,6.195355650156407
EX_hista(e),0.14878140822427638,0.743907041121382
EX_lac_L(e),1.1104701973079838,3.3314105919239516
EX_ptrc(e),0.9990817869290274,3.9963271477161095
EX_trypta(e),0.08126457367425716,0.8126457367425716
EX_tym(e),0.9982195566019592,7.985756452815673
EX_uri(e),0.6585739274449346,5.9271653470044114
