,fluxes,C-fluxes
EX_glu_L(e),0.023728946178648794,0.11864473089324397
EX_gly(e),0.006003700872050714,0.012007401744101427
EX_phe_L(e),0.011588778973823903,0.10429901076441513
EX_succ(e),0.8682845114977356,3.4731380459909422
