,fluxes,C-fluxes
EX_gly(e),0.44135264529548357,0.8827052905909671
EX_phe_L(e),0.9999905080527833,8.99991457247505
EX_succ(e),1.5852313211132871,6.3409252844531485
