,fluxes,C-fluxes
EX_cytd(e),0.0005554513293235426,0.004999061963911883
EX_succ(e),0.9803316557296796,3.9213266229187185
