,fluxes,C-fluxes
EX_glu_L(e),0.006660964410517286,0.03330482205258643
EX_gly(e),0.00205182848775748,0.00410365697551496
EX_succ(e),0.9812324806189289,3.9249299224757155
