,fluxes,C-fluxes
EX_ac(e),1.2010149202625306,2.4020298405250613
