,fluxes,C-fluxes
EX_ac(e),1.221068395565672,2.442136791131344
EX_for(e),0.9961948892259489,0.9961948892259489
EX_glu_L(e),0.0016500211553321863,0.008250105776660932
EX_gly(e),0.22471581924389206,0.4494316384877841
EX_nac(e),0.009275382070418978,0.05565229242251387
EX_succ(e),0.21606877946353267,0.8642751178541307
