,fluxes,C-fluxes
EX_akg(e),0.3612191821670302,1.8060959108351509
EX_dad_2(e),0.0008721713655152158,0.008721713655152157
EX_gly(e),0.14739375827647305,0.2947875165529461
EX_succ(e),1.4499764215469455,5.799905686187782
EX_thymd(e),0.1473458697769673,1.4734586977696729
EX_trypta(e),0.0818168368974288,0.818168368974288
