,fluxes,C-fluxes
EX_ac(e),0.4468592718390112,0.8937185436780224
EX_cytd(e),0.015774290550689053,0.14196861495620147
EX_lac_D(e),0.3511708408555985,1.0535125225667956
EX_oxa(e),0.028945657423399856,0.05789131484679971
EX_ttdca(e),0.018611538823655453,0.26056154353117633
