,fluxes,C-fluxes
EX_lac_L(e),1.9912706864647987,5.973812059394396
EX_leu_L(e),0.9990692824819059,5.994415694891435
EX_lys_L(e),0.9999843038162911,5.999905822897746
EX_ser_L(e),0.9936094943265754,2.9808284829797262
EX_succ(e),0.0015931596096048577,0.006372638438419431
