,fluxes,C-fluxes
EX_ala_L(e),0.5432506919805212,1.6297520759415636
EX_dad_2(e),0.0010160335396813996,0.010160335396813996
EX_ins(e),0.0020158163047127487,0.020158163047127486
