,fluxes,C-fluxes
EX_ac(e),2.8595048426489207,5.719009685297841
EX_csn(e),0.0049200595413792965,0.019680238165517186
EX_cys_L(e),0.9999590150322618,2.9998770450967855
EX_for(e),3.0585107738477917,3.0585107738477917
EX_ile_L(e),0.9999425205122118,5.99965512307327
EX_leu_L(e),0.4127007483522371,2.4762044901134224
EX_lys_L(e),0.33121489841909396,1.9872893905145639
