,fluxes,C-fluxes
EX_ac(e),0.001073274191478023,0.002146548382956046
EX_etoh(e),1.1867439016654961,2.3734878033309923
EX_gly(e),0.0006884413675600939,0.0013768827351201879
EX_phe_L(e),0.0013373667251571403,0.012036300526414263
