,fluxes,C-fluxes
EX_akg(e),0.016655145540647252,0.08327572770323627
EX_glu_L(e),0.001339425845489844,0.00669712922744922
EX_gly(e),0.005273454114716985,0.01054690822943397
EX_lac_D(e),1.9669562439019699,5.900868731705909
EX_ser_L(e),0.005730218235052223,0.01719065470515667
EX_succ(e),0.01075065118327626,0.04300260473310504
