,fluxes,C-fluxes
EX_ac(e),0.4972015192871809,0.9944030385743619
EX_gly(e),0.0013915090585105451,0.0027830181170210903
EX_lac_L(e),0.09680975560367557,0.2904292668110267
EX_succ(e),0.002249466561487761,0.008997866245951044
