,fluxes,C-fluxes
EX_4abut(e),0.00048268076690611406,0.0019307230676244562
EX_cys_L(e),0.2596287613772494,0.7788862841317481
EX_gly(e),0.259631836936317,0.519263673872634
EX_lac_L(e),1.4895721524601226,4.468716457380368
