,fluxes,C-fluxes
EX_ahcys(e),0.00024454275107477225,0.0034235985150468115
EX_cys_L(e),0.013683248297026086,0.04104974489107826
EX_etoh(e),0.0018676604695677362,0.0037353209391354724
EX_lac_D(e),3.1957378480523184,9.587213544156956
EX_strch2(e),0.18131269576571785,3.2636285237829212
EX_succ(e),0.0059657714602980895,0.023863085841192358
