,fluxes,C-fluxes
EX_4abut(e),0.00040205978587194995,0.0016082391434877998
EX_ac(e),0.14158908327716005,0.2831781665543201
EX_succ(e),0.0012120701146453824,0.0048482804585815295
EX_val_L(e),0.6173708473397428,3.0868542366987137
