,fluxes,C-fluxes
EX_ac(e),0.4737910851437498,0.9475821702874996
EX_acald(e),0.4707971620510557,0.9415943241021114
EX_fol(e),0.0015105869200266187,0.028701151480505754
EX_succ(e),0.010275764440359082,0.04110305776143633
