,fluxes,C-fluxes
EX_ac(e),4.167829417076779,8.335658834153557
EX_acald(e),0.00609844812982666,0.01219689625965332
EX_cytd(e),0.01005637876923122,0.09050740892308098
EX_gln_L(e),0.0020067257675951736,0.010033628837975869
EX_ile_L(e),0.006557283394540419,0.039343700367242516
EX_strch2(e),0.15587238579805504,2.805702944364991
EX_succ(e),0.010415438559199502,0.04166175423679801
