,fluxes,C-fluxes
EX_glu_L(e),0.004426358087591757,0.022131790437958786
EX_lac_D(e),1.1120114917760708,3.3360344753282125
EX_succ(e),0.22497601227102268,0.8999040490840907
