,fluxes,C-fluxes
EX_ac(e),1.3965220069033037,2.7930440138066075
EX_ddca(e),0.0021902398907827905,0.026282878689393486
EX_for(e),0.9999495077761413,0.9999495077761413
EX_gly(e),0.035157058809799316,0.07031411761959863
EX_glyc(e),0.0020035454117785755,0.006010636235335726
EX_succ(e),0.0014414861003115322,0.005765944401246129
