,fluxes,C-fluxes
EX_ac(e),0.28543829098494145,0.5708765819698829
EX_gly(e),0.0010691074558616823,0.0021382149117233646
EX_orn(e),0.002450439581171859,0.012252197905859295
EX_succ(e),0.002450439581171859,0.009801758324687436
