,fluxes,C-fluxes
EX_5mthf(e),0.31043051037603064,6.208610207520612
EX_ac(e),1.907948632348883,3.815897264697766
EX_asp_L(e),0.9554509461741832,3.821803784696733
EX_gly(e),0.3093907970488717,0.6187815940977434
EX_glyc(e),0.000936852902479137,0.002810558707437411
EX_succ(e),0.0046222582844024345,0.018489033137609738
