,fluxes,C-fluxes
EX_ac(e),1.3349132142813627,2.6698264285627253
EX_cys_L(e),0.0005315960738649191,0.0015947882215947575
EX_for(e),0.9997236842193031,0.9997236842193031
EX_glu_L(e),0.0025734557852937004,0.012867278926468502
EX_his_L(e),0.001831836284435603,0.010991017706613617
EX_succ(e),0.22337811432715787,0.8935124573086315
