,fluxes,C-fluxes
EX_lac_D(e),0.4353302996528402,1.3059908989585205
EX_succ(e),0.007891113389672808,0.03156445355869123
