,fluxes,C-fluxes
EX_ac(e),0.12956217830593084,0.2591243566118617
EX_asp_L(e),0.12855249624905496,0.5142099849962198
EX_cys_L(e),0.000993668788367829,0.002981006365103487
EX_for(e),0.0062867273814219615,0.0062867273814219615
EX_fru(e),0.08577757000000001,0.51466542
EX_lac_D(e),1.299651054995889,3.898953164987667
EX_succ(e),0.0006250151727119793,0.002500060690847917
EX_thf(e),0.00735484666924381,0.13974208671563237
