,fluxes,C-fluxes
EX_coprost(e),0.00495795,0.13386465
EX_glu_L(e),0.0006289736824530485,0.0031448684122652427
EX_lac_D(e),1.1816090408923599,3.54482712267708
EX_ser_L(e),0.22484230324451487,0.6745269097335447
EX_succ(e),0.22507780129504892,0.9003112051801957
