,fluxes,C-fluxes
EX_ac(e),0.08262074629680703,0.16524149259361406
EX_lac_L(e),1.9401820801533214,5.820546240459964
EX_succ(e),0.004461578300441339,0.017846313201765357
