,fluxes,C-fluxes
EX_ac(e),0.1769869104412558,0.3539738208825116
EX_etoh(e),0.17620307230138557,0.35240614460277114
EX_glu_L(e),0.003391833837704547,0.016959169188522735
EX_gly(e),0.0010075245940477672,0.0020150491880955345
EX_lac_D(e),1.4124089931020265,4.2372269793060795
EX_lac_L(e),0.011320884411667209,0.033962653235001625
EX_succ(e),0.4487828325230885,1.795131330092354
