,fluxes,C-fluxes
EX_ac(e),3.963563509090465,7.92712701818093
EX_cys_L(e),0.016215174366279426,0.04864552309883828
EX_cytd(e),0.011212262247488445,0.10091036022739601
EX_ile_L(e),0.01751073199695067,0.10506439198170402
EX_lac_L(e),1.9851343223077413,5.955402966923224
EX_succ(e),0.024940023303141184,0.09976009321256474
