,fluxes,C-fluxes
EX_etoh(e),0.8810326423587491,1.7620652847174982
EX_glu_L(e),0.00552763180906575,0.02763815904532875
EX_gly(e),0.0015256837123140178,0.0030513674246280356
EX_lac_D(e),1.9823764641744173,5.947129392523252
EX_succ(e),0.2227926080150253,0.8911704320601012
