,fluxes,C-fluxes
EX_cys_L(e),0.007158605007759926,0.021475815023279776
EX_lac_L(e),2.002676519890527,6.008029559671582
EX_succ(e),0.006201926420812056,0.024807705683248225
