,fluxes,C-fluxes
EX_ac(e),0.9082235858160106,1.8164471716320212
EX_lac_D(e),1.7065334361886546,5.119600308565964
EX_phe_L(e),0.030855289188874226,0.27769760269986804
EX_succ(e),0.9595291143098947,3.838116457239579
