,fluxes,C-fluxes
EX_ac(e),2.076009417271993,4.152018834543986
EX_ala_L(e),0.07311671220913733,0.21935013662741198
EX_coprost(e),0.00495795,0.13386465
EX_cys_L(e),0.0007292623095546511,0.002187786928663953
EX_for(e),1.0779257555324087,1.0779257555324087
EX_gln_L(e),0.15017339420195872,0.7508669710097936
EX_his_L(e),0.0002498110154040181,0.0014988660924241085
EX_nac(e),0.003643431148888988,0.02186058689333393
EX_succ(e),0.07217000899033306,0.28868003596133224
