,fluxes,C-fluxes
EX_5mthf(e),0.10438947161679327,2.0877894323358652
EX_ac(e),0.712609347620785,1.42521869524157
EX_glu_L(e),0.0009671754464039529,0.004835877232019764
EX_lac_L(e),1.742519406539067,5.227558219617201
EX_thf(e),0.006106360512832653,0.1160208497438204
