,fluxes,C-fluxes
EX_ac(e),2.1119130966346096,4.223826193269219
EX_coprost(e),0.00495795,0.13386465
EX_for(e),1.1170766963423087,1.1170766963423087
EX_glu_L(e),0.0025636015683988263,0.012818007841994132
EX_his_L(e),0.0003824988486770448,0.0022949930920622688
EX_nac(e),0.005581009606378531,0.033486057638271186
EX_succ(e),0.1074199507804127,0.4296798031216508
