,fluxes,C-fluxes
EX_ac(e),0.7000211916530021,1.4000423833060043
EX_gal(e),0.07449289,0.44695734000000004
EX_glyc(e),0.0013260255739117235,0.00397807672173517
EX_lac_D(e),0.9242436027685978,2.7727308083057935
EX_succ(e),0.4006502328508192,1.6026009314032768
