,fluxes,C-fluxes
EX_ac(e),1.1349064022316766,2.269812804463353
EX_etoh(e),0.1298552770365588,0.2597105540731176
EX_for(e),1.265298240121633,1.265298240121633
EX_glu_L(e),0.0003449198829494428,0.0017245994147472138
EX_thymd(e),0.0009023809539241371,0.009023809539241371
