,fluxes,C-fluxes
EX_12ppd_S(e),0.14898579,0.44695737
EX_4abut(e),0.18162696633290915,0.7265078653316366
EX_ac(e),0.7387021065912959,1.4774042131825917
EX_ala_L(e),1.118891806526601,3.356675419579803
EX_for(e),0.44653763904598076,0.44653763904598076
EX_fru(e),0.01128468,0.06770808
