,fluxes,C-fluxes
EX_coprost(e),0.00495795,0.13386465
EX_lac_L(e),1.5041119697407106,4.512335909222132
EX_ocdca(e),0.011139160741377356,0.2005048933447924
EX_succ(e),0.0030954241826361387,0.012381696730544555
