,fluxes,C-fluxes
EX_ac(e),0.003160701252213819,0.006321402504427638
EX_acald(e),0.5594313824042223,1.1188627648084446
EX_ade(e),0.5667797758699149,2.8338988793495745
EX_lac_L(e),0.5668205277013654,1.7004615831040961
