,fluxes,C-fluxes
EX_etoh(e),0.8991305655842954,1.7982611311685908
EX_lac_L(e),2.0975824603822293,6.292747381146688
EX_succ(e),0.0012960635101256243,0.005184254040502497
