,fluxes,C-fluxes
EX_ac(e),0.9965404556632905,1.993080911326581
EX_ala_L(e),0.0016904006977635573,0.005071202093290672
EX_phe_L(e),0.9999626863739198,8.999664177365279
EX_succ(e),0.2216848373350618,0.8867393493402472
