,fluxes,C-fluxes
EX_ac(e),0.15086085667372157,0.30172171334744313
EX_cytd(e),0.0015342237895274308,0.013808014105746877
EX_lac_D(e),0.9893234651797043,2.967970395539113
EX_orn(e),0.0009654666398752932,0.0048273331993764655
EX_succ(e),0.44896914511546593,1.7958765804618637
