,fluxes,C-fluxes
EX_ac(e),2.5784943685278923,5.1569887370557845
EX_cytd(e),0.001222695962632358,0.011004263663691222
EX_dad_2(e),0.0030266553449248604,0.030266553449248605
EX_dcyt(e),0.9972958626281713,8.975662763653542
EX_lac_D(e),0.38444153791136665,1.1533246137341
EX_succ(e),0.2249856840246564,0.8999427360986256
