,fluxes,C-fluxes
EX_12ppd_S(e),0.029056017509061394,0.08716805252718418
EX_ac(e),0.0005789051345444331,0.0011578102690888662
EX_actn_R(e),0.0032976285604377235,0.013190514241750894
EX_cys_L(e),0.001450580694497671,0.004351742083493013
EX_etoh(e),1.2244485712655508,2.4488971425311017
EX_for(e),1.459504318272329,1.459504318272329
EX_succ(e),0.0004603908864287604,0.0018415635457150416
