,fluxes,C-fluxes
EX_12ppd_S(e),0.02871722990256192,0.08615168970768576
EX_ac(e),0.0005736304962631016,0.0011472609925262031
EX_actn_R(e),0.0035290763328544744,0.014116305331417897
EX_cys_L(e),0.001407502428676559,0.004222507286029677
EX_etoh(e),1.223571359617858,2.447142719235716
EX_for(e),1.4546216482118877,1.4546216482118877
EX_succ(e),0.0005385622288821136,0.0021542489155284544
