,fluxes,C-fluxes
EX_12ppd_S(e),0.02785679760938789,0.08357039282816367
EX_ac(e),0.0006948855983998792,0.0013897711967997585
EX_actn_R(e),0.0034687457078753457,0.013874982831501383
EX_cys_L(e),0.001263076845449095,0.003789230536347285
EX_etoh(e),1.2249490596773782,2.4498981193547564
EX_for(e),1.4481748003111758,1.4481748003111758
