,fluxes,C-fluxes
EX_12ppd_S(e),0.0284735600434475,0.0854206801303425
EX_ac(e),0.0006596017365055592,0.0013192034730111185
EX_actn_R(e),0.0031718542039699794,0.012687416815879917
EX_cys_L(e),0.0011983628433495876,0.0035950885300487624
EX_etoh(e),1.2200370438449444,2.4400740876898888
EX_for(e),1.449896679807189,1.449896679807189
