,fluxes,C-fluxes
EX_12ppd_S(e),0.02808914821341694,0.08426744464025082
EX_ac(e),0.0006628027651177982,0.0013256055302355964
EX_actn_R(e),0.003178649719038016,0.012714598876152065
EX_cys_L(e),0.001203471433252734,0.003610414299758202
EX_etoh(e),1.2195362541236079,2.4390725082472158
EX_for(e),1.445877108200611,1.445877108200611
EX_succ(e),0.0004674480534373977,0.0018697922137495908
