,fluxes,C-fluxes
EX_12ppd_S(e),0.02752431479589199,0.08257294438767597
EX_ac(e),0.0005333879378789915,0.001066775875757983
EX_cys_L(e),0.0012181129600472742,0.0036543388801418227
EX_etoh(e),1.217356530065045,2.43471306013009
EX_for(e),1.4306820011888015,1.4306820011888015
EX_lac_L(e),0.007064742827609388,0.021194228482828162
EX_succ(e),0.0005222719214358244,0.0020890876857432975
