,fluxes,C-fluxes
EX_12ppd_S(e),0.015269296263534501,0.045807888790603504
EX_ac(e),0.001746240368244264,0.003492480736488528
EX_actn_R(e),0.007488967312800765,0.02995586925120306
EX_cys_L(e),0.003198434920388414,0.009595304761165241
EX_etoh(e),1.3921842330623488,2.7843684661246977
EX_for(e),1.4651683328251894,1.4651683328251894
EX_succ(e),0.0015731344551662403,0.006292537820664961
