,fluxes,C-fluxes
EX_adn(e),0.2591915129657488,2.5919151296574885
EX_asp_L(e),0.9983541240989368,3.993416496395747
EX_dad_2(e),0.06261565097344218,0.6261565097344218
EX_glyclt(e),0.0008789381300306192,0.0017578762600612384
EX_ins(e),0.6777006543350974,6.777006543350974
EX_orn(e),0.15,0.75
EX_pyr(e),0.06482183093688981,0.19446549281066944
