,fluxes,C-fluxes
EX_ac(e),0.6095079406599125,1.219015881319825
EX_adn(e),0.9989175009613319,9.98917500961332
EX_cytd(e),0.0022266643841806232,0.02003997945762561
EX_glu_L(e),0.0025731015002588833,0.012865507501294417
EX_succ(e),1.2226759687556004,4.8907038750224014
EX_tym(e),0.9667239070161477,7.733791256129182
