,fluxes,C-fluxes
EX_acald(e),1.556237612152822,3.112475224305644
EX_glc_D(e),0.00282117,0.01692702
EX_pro_L(e),0.021864982826540924,0.10932491413270462
EX_succ(e),0.0033133400915991594,0.013253360366396637
