,fluxes,C-fluxes
EX_ac(e),0.0009574344880787203,0.0019148689761574406
EX_ade(e),0.999900490600966,4.99950245300483
EX_ala_L(e),0.1717096378157211,0.5151289134471633
EX_cytd(e),0.013215464282233792,0.11893917854010412
EX_dgsn(e),1.0,10.0
EX_isobut(e),0.010878319702778758,0.04351327881111503
EX_ppa(e),1.1962537782467508,3.5887613347402523
EX_succ(e),0.0006646257417679507,0.002658502967071803
