,fluxes,C-fluxes
EX_ac(e),1.7853231495493398,3.5706462990986796
EX_glu_L(e),0.00022293473053866276,0.0011146736526933137
EX_gly(e),0.22498896521242503,0.44997793042485007
EX_pyr(e),0.436942738929217,1.3108282167876508
EX_trypta(e),0.00023739746385566325,0.0023739746385566325
