,fluxes,C-fluxes
EX_ac(e),0.7852294383841876,1.5704588767683751
EX_adn(e),0.9999159567178184,9.999159567178184
EX_akg(e),0.5614331676768531,2.8071658383842655
EX_asp_L(e),0.17924584245655759,0.7169833698262303
EX_gly(e),0.22397530315293315,0.4479506063058663
EX_trypta(e),0.00023895482490251732,0.0023895482490251733
EX_tym(e),0.9998844003321524,7.999075202657219
