,fluxes,C-fluxes
EX_succ(e),0.0007961770912470996,0.0031847083649883985
