,fluxes,C-fluxes
EX_ac(e),0.22146742626860672,0.44293485253721343
EX_ade(e),0.0016820656554165229,0.008410328277082614
EX_akg(e),0.0002853613649106294,0.0014268068245531472
EX_gly(e),0.22403587622527973,0.44807175245055947
EX_lac_D(e),0.21457838709197277,0.6437351612759183
EX_pyr(e),0.7102639364372337,2.130791809311701
EX_trypta(e),0.0006218951523857424,0.006218951523857424
