,fluxes,C-fluxes
EX_3mop(e),0.014812405185317633,0.0888744311119058
EX_acald(e),0.006594229910030141,0.013188459820060281
EX_fru(e),0.07449289,0.44695734000000004
EX_lys_L(e),0.9999897468729962,5.999938481237978
EX_pyr(e),2.3719768327262383,7.115930498178715
EX_succ(e),0.004405173035192634,0.017620692140770534
