,fluxes,C-fluxes
EX_glu_L(e),0.023682330578146997,0.11841165289073499
EX_hista(e),0.0018954874253006215,0.009477437126503108
EX_nac(e),0.014667219675586997,0.08800331805352198
EX_succ(e),0.0034348294388892513,0.013739317755557005
