,fluxes,C-fluxes
EX_ac(e),1.003631229921487,2.007262459842974
EX_asp_L(e),1.140843611800725,4.5633744472029
