,fluxes,C-fluxes
EX_2obut(e),0.0015724807462087534,0.006289922984835014
EX_lac_L(e),1.7937692537530887,5.381307761259266
EX_met_L(e),0.7932126736471377,3.9660633682356883
EX_succ(e),1.0017884989759387,4.007153995903755
