,fluxes,C-fluxes
EX_ac(e),0.7679449328634562,1.5358898657269124
EX_akg(e),0.000540915659202118,0.00270457829601059
EX_cytd(e),0.010716014113194087,0.09644412701874679
EX_glu_L(e),0.010042339393371118,0.05021169696685559
EX_ins(e),0.00013796909512779732,0.001379690951277973
EX_nac(e),0.0006169304142484693,0.003701582485490816
EX_orn(e),0.14975106098478264,0.7487553049239132
