,fluxes,C-fluxes
EX_ac(e),0.4459287970365312,0.8918575940730624
EX_acald(e),0.5691093113629863,1.1382186227259725
EX_ala_L(e),0.4483702983283738,1.3451108949851214
EX_succ(e),0.0003897534761596839,0.0015590139046387356
