,fluxes,C-fluxes
EX_ac(e),1.2260529521107328,2.4521059042214657
EX_cys_L(e),0.15314280343155487,0.45942841029466464
EX_glyc(e),0.0018056763924536564,0.005417029177360969
EX_hista(e),0.1499868948711645,0.7499344743558225
EX_succ(e),1.4499379213827996,5.799751685531199
EX_tym(e),0.7663296459043711,6.130637167234969
