,fluxes,C-fluxes
EX_ac(e),0.33185794311256145,0.6637158862251229
EX_asp_L(e),0.331866902827684,1.327467611310736
EX_cys_L(e),0.0006426382772546302,0.0019279148317638906
EX_glyc(e),0.0003687076266119702,0.0011061228798359105
EX_succ(e),0.6659608675039502,2.663843470015801
EX_thymd(e),0.0005996229589293418,0.005996229589293418
EX_tym(e),0.9851004032157908,7.880803225726327
