,fluxes,C-fluxes
EX_lac_D(e),1.183577940436569,3.5507338213097066
EX_phe_L(e),0.9995927966031926,8.996335169428733
EX_succ(e),0.18146010869215604,0.7258404347686241
