,fluxes,C-fluxes
EX_cytd(e),0.0006043967577825628,0.005439570820043065
EX_glyc(e),0.04502129577509162,0.13506388732527486
EX_lac_D(e),0.19374616810026293,0.5812385043007888
EX_ser_L(e),0.14725035435120182,0.44175106305360545
EX_succ(e),1.2558674710044113,5.023469884017645
