,fluxes,C-fluxes
EX_ac(e),0.9981896927000532,1.9963793854001064
EX_ala_L(e),0.001169636184823346,0.0035089085544700383
EX_asp_L(e),0.9979717964618879,3.9918871858475518
EX_glu_L(e),1.1795142109775265,5.897571054887632
