,fluxes,C-fluxes
EX_ac(e),2.2985064827941577,4.597012965588315
EX_but(e),0.14972506285595777,0.5989002514238311
EX_for(e),2.0458330119778303,2.0458330119778303
EX_glyc(e),0.0009218112910875324,0.002765433873262597
EX_indole(e),0.0817820961691739,0.6542567693533912
EX_ppa(e),0.6572275465464873,1.9716826396394618
