,fluxes,C-fluxes
EX_ac(e),0.724752827461549,1.449505654923098
EX_ade(e),0.0011902938412827959,0.005951469206413979
EX_for(e),0.7259088777724825,0.7259088777724825
EX_ins(e),0.6916457194296698,6.916457194296698
EX_pro_L(e),0.14995116611245116,0.7497558305622558
EX_succ(e),0.7234791672395785,2.893916668958314
