,fluxes,C-fluxes
EX_ac(e),1.3114495532020218,2.6228991064040437
EX_ala_L(e),0.022648196484933967,0.0679445894548019
EX_for(e),0.44705943244319246,0.44705943244319246
EX_glu_L(e),0.0013501379792152063,0.006750689896076032
EX_gly(e),0.44714697110359986,0.8942939422071997
EX_met_L(e),0.22373070725890426,1.1186535362945214
EX_orn(e),0.0007383690109135344,0.003691845054567672
