,fluxes,C-fluxes
EX_ac(e),0.8662791791703413,1.7325583583406825
EX_for(e),0.4470169178521505,0.4470169178521505
EX_phe_L(e),0.8574527204187066,7.717074483768359
