,fluxes,C-fluxes
EX_succ(e),0.3590307219206617,1.4361228876826468
