,fluxes,C-fluxes
EX_ala_L(e),0.6661749233105386,1.998524769931616
EX_for(e),0.4015733237062453,0.4015733237062453
EX_ile_L(e),0.0013332316281017373,0.007999389768610424
