,fluxes,C-fluxes
EX_ac(e),0.9730134278956659,1.9460268557913318
EX_for(e),0.9739542639241385,0.9739542639241385
EX_ser_L(e),1.7982028468809461,5.394608540642839
EX_ura(e),0.0003802750284902659,0.0015211001139610635
EX_val_L(e),0.00021076773775370944,0.0010538386887685473
