,fluxes,C-fluxes
EX_asn_L(e),0.09602726504647195,0.3841090601858878
EX_etoh(e),0.15543685543609956,0.3108737108721991
EX_for(e),0.15940648239866162,0.15940648239866162
EX_ile_L(e),0.9984686804145609,5.990812082487365
EX_succ(e),1.62258169611838,6.49032678447352
