,fluxes,C-fluxes
EX_12ppd_S(e),0.14898579,0.44695737
EX_ac(e),8.564304185383296,17.128608370766592
EX_ade(e),1.0000357746988042,5.000178873494021
EX_arab_L(e),0.00201572,0.0100786
EX_for(e),9.306329745847917,9.306329745847917
EX_glcur(e),0.00032864999999999864,0.0019718999999999917
EX_ppa(e),5.184958313159873,15.55487493947962
