,fluxes,C-fluxes
EX_ac(e),0.427432891557542,0.854865783115084
EX_ade(e),0.06405080360292367,0.3202540180146184
EX_for(e),0.42911878347746324,0.42911878347746324
EX_ins(e),0.00011693931252717193,0.0011693931252717193
EX_phe_L(e),0.4257570272167862,3.831813244951076
EX_succ(e),0.00030253057461084954,0.0012101222984433981
EX_thymd(e),0.00017621384528907318,0.0017621384528907318
