,fluxes,C-fluxes
EX_ac(e),0.7285273958513492,1.4570547917026984
EX_ala_L(e),0.14930545212367755,0.44791635637103266
EX_dad_2(e),0.003395626656866682,0.03395626656866682
EX_for(e),0.7336461846738002,0.7336461846738002
EX_gal(e),0.00470194,0.02821164
EX_isocapr(e),0.09988737445156479,0.5993242467093887
EX_isoval(e),0.04994368722578239,0.24971843612891198
EX_pro_L(e),0.359957502346378,1.79978751173189
EX_val_L(e),0.4044708883200908,2.022354441600454
