,fluxes,C-fluxes
EX_ac(e),10.197774073900774,20.39554814780155
EX_dad_2(e),0.18602282372656748,1.8602282372656749
EX_for(e),10.54160380300583,10.54160380300583
EX_gcald(e),0.00440814679499355,0.0088162935899871
EX_pac(e),0.9863470302479422,7.890776241983538
EX_ppa(e),7.028006585970268,21.084019757910806
EX_ptrc(e),0.13366556619425665,0.5346622647770266
