,fluxes,C-fluxes
EX_ac(e),1.4413569093932292,2.8827138187864585
EX_for(e),0.5036939460885972,0.5036939460885972
EX_glu_L(e),0.0022249997781532763,0.011124998890766381
EX_succ(e),0.007254949515804318,0.02901979806321727
TS_tyr__L_c,0.021625113245916195,0.19462601921324577
