,fluxes,C-fluxes
EX_etoh(e),1.1396032474051605,2.279206494810321
EX_glu_L(e),0.008395178542170261,0.04197589271085131
EX_lac_D(e),1.1512411509727365,3.4537234529182097
EX_lys_L(e),0.9983051605357944,5.989830963214766
EX_succ(e),0.0007127921921134118,0.0028511687684536473
