,fluxes,C-fluxes
EX_ac(e),0.1743176878236271,0.3486353756472542
EX_ala_L(e),0.0007643341460156252,0.002293002438046876
EX_diact(e),0.0009219311207194153,0.0036877244828776613
EX_glu_L(e),0.0008929079737664267,0.004464539868832134
EX_lac_L(e),1.0700819487595368,3.2102458462786103
EX_orn(e),0.0007718589990243832,0.0038592949951219164
EX_succ(e),0.0010015133447773784,0.004006053379109514
