,fluxes,C-fluxes
EX_ac(e),0.005283381631927137,0.010566763263854273
EX_acald(e),2.403721729944268,4.807443459888536
EX_ade(e),1.0000242746861914,5.000121373430957
EX_but(e),0.1752876950853239,0.7011507803412956
EX_dgsn(e),0.9992840779838276,9.992840779838275
EX_for(e),2.403737473639433,2.403737473639433
EX_succ(e),0.22013087553415245,0.8805235021366098
