,fluxes,C-fluxes
EX_ade(e),1.000001985372093,5.000009926860464
EX_but(e),1.0010720465827412,4.004288186330965
EX_dcyt(e),0.0024461448864696853,0.02201530397822717
EX_glyc(e),0.0006846078933086749,0.002053823679926025
EX_gsn(e),0.3340909608366521,3.3409096083665206
EX_isobut(e),0.003960338446165209,0.015841353784660835
