,fluxes,C-fluxes
EX_pac(e),0.0015467543630618254,0.012374034904494603
EX_ppa(e),1.168567519544012,3.505702558632036
