,fluxes,C-fluxes
EX_ac(e),1.460233769700062,2.920467539400124
EX_for(e),1.4636119091130244,1.4636119091130244
EX_gsn(e),0.03334941659730877,0.33349416597308773
EX_ins(e),0.00040662421823487507,0.004066242182348751
