,fluxes,C-fluxes
EX_ac(e),0.821562815495483,1.643125630990966
EX_adn(e),0.0017286230874294405,0.017286230874294404
EX_for(e),1.0023455648067539,1.0023455648067539
EX_lac_L(e),0.40178739786796547,1.2053621936038965
EX_ppa(e),0.1797406258185584,0.5392218774556752
