,fluxes,C-fluxes
EX_ac(e),1.2276768762416665,2.455353752483333
EX_ade(e),0.0007664892443497453,0.0038324462217487264
EX_for(e),1.1534400018433388,1.1534400018433388
EX_fru(e),0.004278445945746298,0.025670675674477787
EX_indole(e),0.08175646848408513,0.654051747872681
EX_thymd(e),0.0025892890073545465,0.025892890073545463
