,fluxes,C-fluxes
EX_12ppd_S(e),0.14898579,0.44695737
EX_ac(e),2.2209367774783164,4.441873554956633
EX_dad_2(e),0.14706497564840246,1.4706497564840246
EX_for(e),2.403559145411039,2.403559145411039
EX_ins(e),0.0003406374872979807,0.0034063748729798067
EX_ppa(e),1.251100988828026,3.7533029664840782
