,fluxes,C-fluxes
EX_ac(e),1.001937122481277,2.003874244962554
EX_ade(e),0.2847661402714064,1.423830701357032
EX_for(e),1.0041382814844277,1.0041382814844277
EX_gsn(e),0.2841278377188184,2.8412783771881838
