,fluxes,C-fluxes
EX_for(e),0.001143490471695352,0.001143490471695352
EX_glc_D(e),1.9397388964338704,11.638433378603223
EX_lac_D(e),1.5243562118946226,4.5730686356838675
EX_ser_L(e),0.0008967262254146001,0.0026901786762438
