,fluxes,C-fluxes
EX_ac(e),0.0029085639042881837,0.005817127808576367
EX_for(e),0.062187353002215395,0.062187353002215395
EX_glyc(e),0.0018574060485102846,0.005572218145530853
EX_isobut(e),4.171147241076977,16.68458896430791
EX_ser_L(e),0.09040899146261976,0.27122697438785925
EX_succ(e),0.0009576074958832023,0.0038304299835328092
EX_val_L(e),0.0761595781379684,0.38079789068984204
