,fluxes,C-fluxes
EX_ade(e),1.9993864897397262,9.996932448698631
EX_gly(e),0.18085963676176608,0.36171927352353217
EX_gsn(e),0.9996709021701851,9.99670902170185
EX_ins(e),0.9996720623182671,9.996720623182672
EX_lys_L(e),0.475450428643564,2.852702571861384
EX_ser_L(e),0.297486274731789,0.892458824195367
EX_succ(e),0.6559024016179592,2.623609606471837
