,fluxes,C-fluxes
EX_ade(e),0.0003266524543399773,0.0016332622716998865
EX_cys_L(e),0.3100711284129179,0.9302133852387537
EX_for(e),0.7624430954031147,0.7624430954031147
EX_glu_L(e),0.003552367040718987,0.017761835203594936
EX_succ(e),0.14677799169290343,0.5871119667716137
EX_thymd(e),0.00031116958143286163,0.003111695814328616
