,fluxes,C-fluxes
EX_ac(e),1.9944843175614873,3.9889686351229745
EX_for(e),0.562895516981575,0.562895516981575
EX_glu_L(e),0.9687618454004846,4.843809227002423
EX_isocapr(e),0.0999762832581693,0.5998576995490158
EX_isoval(e),0.04998814162908465,0.24994070814542327
EX_pro_L(e),0.0034649693994426778,0.01732484699721339
