,fluxes,C-fluxes
EX_ac(e),0.9964971259291026,1.9929942518582051
EX_for(e),1.1710600157652418,1.1710600157652418
EX_ppa(e),0.08298086589702576,0.2489425976910773
EX_succ(e),0.005958578878229371,0.023834315512917485
