,fluxes,C-fluxes
EX_ac(e),0.7865014765993985,1.573002953198797
EX_csn(e),0.0055491579713421385,0.022196631885368554
EX_for(e),0.7924704759183505,0.7924704759183505
EX_ppa(e),0.005367591210163408,0.016102773630490223
