,fluxes,C-fluxes
EX_ac(e),1.9913538522726664,3.9827077045453327
EX_cytd(e),0.00246069464292948,0.02214625178636532
EX_dad_2(e),0.008646147727333598,0.08646147727333597
EX_for(e),2.1945175636358956,2.1945175636358956
EX_gly(e),0.999887523987838,1.999775047975676
EX_his_L(e),0.008630685098810707,0.05178411059286424
EX_phpyr(e),0.02613778149262664,0.23524003343363975
EX_tma(e),1.0,3.0
EX_ttdca(e),0.1718889156336614,2.4064448188712597
