,fluxes,C-fluxes
EX_ac(e),1.0675788749145958,2.1351577498291916
EX_cytd(e),0.004806733668281679,0.04326060301453511
EX_dad_2(e),0.0021142485293256168,0.02114248529325617
EX_for(e),1.0047191988672044,1.0047191988672044
EX_gly(e),0.22460715333459974,0.4492143066691995
EX_ins(e),0.0008314308139362063,0.008314308139362063
EX_tma(e),0.0013533117100703895,0.004059935130211169
EX_ttdca(e),0.023134529100634117,0.3238834074088776
