,fluxes,C-fluxes
EX_acald(e),1.3068408632994855,2.613681726598971
EX_ade(e),0.0005636839709103075,0.0028184198545515376
EX_dad_2(e),0.0009070629581997316,0.009070629581997317
EX_for(e),1.3068272550971485,1.3068272550971485
EX_ile_L(e),0.2882117287302803,1.7292703723816816
EX_isocapr(e),0.1490620747527947,0.8943724485167682
EX_mqn8(e),0.0005492812530290606,0.02801334390448209
EX_succ(e),0.0005764976577029733,0.002305990630811893
