,fluxes,C-fluxes
EX_ala_L(e),0.0015901119064055042,0.004770335719216512
EX_asp_L(e),0.14363509660659976,0.574540386426399
EX_glu_L(e),0.5975193678831312,2.987596839415656
EX_ins(e),0.0040297525889387495,0.040297525889387495
EX_ser_L(e),1.7491670650159268,5.24750119504778
EX_succ(e),0.6989471765256717,2.795788706102687
EX_tym(e),0.9998306759832414,7.998645407865931
