,fluxes,C-fluxes
EX_4hphac(e),0.0008130638828743047,0.006504511062994438
EX_ac(e),0.026579375729968897,0.05315875145993779
EX_asp_L(e),1.0387313628347163,4.154925451338865
EX_cit(e),0.023454513039049905,0.14072707823429942
EX_cys_L(e),0.0016055094291165127,0.004816528287349538
EX_glu_L(e),0.0008486495964369808,0.004243247982184904
EX_oxa(e),0.1625108984713618,0.3250217969427236
EX_pro_L(e),0.5821326520505231,2.9106632602526155
EX_ttdca(e),0.012503321358499617,0.17504649901899463
