,fluxes,C-fluxes
EX_ac(e),0.23952027595750633,0.47904055191501266
EX_ade(e),1.0005572033530707,5.002786016765354
EX_dgsn(e),0.9988056412214102,9.988056412214103
EX_pac(e),0.005492962017786815,0.04394369614229452
EX_ppa(e),0.748177774302905,2.244533322908715
EX_succ(e),0.818758431810396,3.275033727241584
