,fluxes,C-fluxes
EX_gly(e),0.5200240517495203,1.0400481034990405
EX_succ(e),0.0003095466114309429,0.0012381864457237715
