,fluxes,C-fluxes
EX_ac(e),0.7283428751316776,1.4566857502633552
EX_adn(e),0.000978612844340166,0.009786128443401659
EX_akg(e),0.014912706721306242,0.0745635336065312
EX_cytd(e),0.015254859979854138,0.13729373981868725
