,fluxes,C-fluxes
EX_ac(e),0.2169220685282479,0.4338441370564958
EX_arab_L(e),0.0055197,0.027598499999999998
EX_fum(e),0.0017671570094695316,0.007068628037878126
EX_gal(e),0.00091995,0.0055197
EX_glc_D(e),0.00091995,0.0055197
EX_lac_D(e),0.8478056946717989,2.5434170840153967
