,fluxes,C-fluxes
EX_ac(e),0.7371705842986718,1.4743411685973435
