,fluxes,C-fluxes
EX_ac(e),0.5912636886656709,1.1825273773313418
EX_cytd(e),0.0008248582317798415,0.007423724086018573
