,fluxes,C-fluxes
EX_ac(e),1.0892733753280277,2.1785467506560554
EX_etoh(e),1.2085020647176177,2.4170041294352353
EX_for(e),1.2977133834078054,1.2977133834078054
EX_pro_L(e),0.012193010844958408,0.06096505422479204
EX_ser_L(e),0.9972605433564964,2.991781630069489
