,fluxes,C-fluxes
EX_etoh(e),2.678318183867183,5.356636367734366
EX_for(e),0.0013479271440590176,0.0013479271440590176
EX_ppa(e),0.0012918799393699027,0.003875639818109708
EX_succ(e),0.0012148812994414594,0.0048595251977658375
