,fluxes,C-fluxes
EX_ac(e),0.5904702052568571,1.1809404105137142
EX_etoh(e),0.549609245225959,1.099218490451918
EX_for(e),0.9154053441429163,0.9154053441429163
EX_gly(e),0.22401835914397564,0.4480367182879513
EX_phe_L(e),0.00047787676530337993,0.0043008908877304195
EX_succ(e),0.038021666453886896,0.15208666581554758
