,fluxes,C-fluxes
EX_ac(e),1.3461260968811135,2.692252193762227
EX_ade(e),0.3354799551969121,1.6773997759845605
EX_csn(e),0.009175960117020938,0.036703840468083754
EX_cytd(e),0.0019553145713166664,0.01759783114185
EX_dgsn(e),0.3328128855738021,3.3281288557380213
