,fluxes,C-fluxes
EX_etoh(e),0.15698454319570593,0.31396908639141186
EX_for(e),0.15899437672728603,0.15899437672728603
EX_lac_L(e),0.9963867292237814,2.9891601876713443
EX_phe_L(e),0.002220790664983093,0.01998711598484784
EX_succ(e),1.0063609699555878,4.025443879822351
