,fluxes,C-fluxes
EX_ac(e),3.021944314806338,6.043888629612676
EX_etoh(e),0.2189643527884464,0.4379287055768928
EX_for(e),2.3396355036095375,2.3396355036095375
EX_pro_L(e),0.17891810172385025,0.8945905086192513
EX_succ(e),0.049471091809667515,0.19788436723867006
