,fluxes,C-fluxes
EX_etoh(e),0.5170623431802969,1.0341246863605937
EX_gly(e),0.059762326342601486,0.11952465268520297
EX_lac_L(e),3.0322602132280445,9.096780639684134
EX_pro_L(e),0.17892315379594723,0.8946157689797362
