,fluxes,C-fluxes
EX_gln_L(e),0.18916821959662578,0.9458410979831289
EX_succ(e),0.22287944317403008,0.8915177726961203
