,fluxes,C-fluxes
EX_ala_L(e),1.4682984221183768,4.404895266355131
EX_ins(e),0.9990777310746558,9.990777310746559
EX_lac_D(e),0.23122601682435612,0.6936780504730684
EX_lys_L(e),0.9999919531428961,5.9999517188573765
EX_pro_L(e),0.0019076619134163087,0.009538309567081543
