,fluxes,C-fluxes
EX_cys_L(e),0.5016704330848298,1.5050112992544895
EX_gly(e),0.5151338463359304,1.0302676926718608
EX_ile_L(e),0.0008281738152266137,0.004969042891359682
EX_ins(e),0.9930809650963637,9.930809650963637
EX_lac_L(e),1.9816044493371427,5.9448133480114285
