,fluxes,C-fluxes
EX_ac(e),0.08313449680486501,0.16626899360973002
EX_ala_D(e),0.7057147940142893,2.1171443820428677
EX_cys_L(e),0.08306926925979975,0.24920780777939927
EX_orn(e),0.025221322068880142,0.1261066103444007
EX_succ(e),0.1544957946975671,0.6179831787902684
