,fluxes,C-fluxes
EX_ala_D(e),1.11511549979473,3.3453464993841897
EX_dad_2(e),0.9797909428595581,9.797909428595581
EX_gly(e),0.10823756824022583,0.21647513648045166
EX_ile_L(e),0.21683541999415645,1.3010125199649387
EX_pro_L(e),0.04271328537069412,0.2135664268534706
EX_uri(e),0.9796386961107256,8.81674826499653
