,fluxes,C-fluxes
EX_ac(e),1.5185499305991204,3.0370998611982407
EX_adn(e),0.14697412951939753,1.4697412951939754
EX_for(e),0.37715439546271595,0.37715439546271595
EX_glu_L(e),0.0012212794533014687,0.0061063972665073435
EX_gly(e),0.22499216270518876,0.44998432541037753
EX_ptrc(e),1.1499791711924572,4.599916684769829
