,fluxes,C-fluxes
EX_ac(e),0.22261481743441194,0.4452296348688239
EX_acald(e),0.5206847971754794,1.0413695943509589
EX_dad_2(e),0.0005106748274134351,0.005106748274134351
EX_gly(e),0.2249604718851426,0.4499209437702852
EX_pro_L(e),0.0032352107967344285,0.016176053983672143
