,fluxes,C-fluxes
EX_ac(e),0.9500375537308461,1.9000751074616922
EX_ala_L(e),0.9389445889633593,2.816833766890078
EX_asp_L(e),0.014258451062208835,0.05703380424883534
EX_lys_L(e),0.9997699451696844,5.998619671018107
EX_pro_L(e),0.014431819139209953,0.07215909569604977
EX_succ(e),0.9854357121360252,3.941742848544101
EX_uri(e),0.0017406173089965955,0.01566555578096936
