,fluxes,C-fluxes
EX_ac(e),0.453911007796028,0.907822015592056
EX_for(e),0.23157356582402547,0.23157356582402547
EX_gln_L(e),0.09079297156554729,0.45396485782773643
EX_gly(e),0.22435556252394734,0.4487111250478947
EX_ser_L(e),0.14006487893427466,0.420194636802824
