,fluxes,C-fluxes
EX_ac(e),0.34906945231561903,0.6981389046312381
EX_dcyt(e),0.24181489112903415,2.1763340201613075
EX_glu_L(e),0.17987751831433013,0.8993875915716507
EX_gly(e),0.22497176357879087,0.44994352715758174
EX_hista(e),0.14999805661408053,0.7499902830704026
EX_lac_D(e),0.19148796632118606,0.5744638989635582
EX_lys_L(e),0.9999932336593074,5.999959401955844
EX_orn(e),0.1499877886743216,0.749938943371608
EX_succ(e),0.02999179882442349,0.11996719529769397
