,fluxes,C-fluxes
EX_ac(e),1.736279497795471,3.472558995590942
EX_asp_L(e),0.7356704442613994,2.9426817770455975
EX_mal_L(e),0.2640331255011995,1.056132502004798
EX_succ(e),0.4714643341165437,1.8858573364661748
