,fluxes,C-fluxes
EX_ac(e),0.6818952586361866,1.3637905172723732
EX_etoh(e),0.5363726663764122,1.0727453327528245
EX_for(e),0.9992240027115403,0.9992240027115403
EX_glu_L(e),0.14962133352051377,0.7481066676025688
EX_gly(e),0.07432883415331698,0.14865766830663396
EX_orn(e),0.15,0.75
EX_ser_L(e),0.14932241708451263,0.44796725125353787
