,fluxes,C-fluxes
EX_ac(e),0.9951139573519056,1.990227914703811
EX_csn(e),0.0022524430261838205,0.009009772104735282
EX_for(e),0.9998006700783912,0.9998006700783912
EX_glu_L(e),0.006274011430491155,0.03137005715245578
EX_glyc(e),0.001934397263183684,0.005803191789551052
EX_orn(e),0.1438952805118056,0.7194764025590281
