,fluxes,C-fluxes
EX_ac(e),1.4993820821496442,2.9987641642992884
EX_etoh(e),0.48593890691718716,0.9718778138343743
EX_for(e),1.9844025573404382,1.9844025573404382
EX_glu_L(e),0.004372913504944062,0.02186456752472031
EX_nac(e),0.010080087486966803,0.060480524921800824
EX_succ(e),0.0045185828310420435,0.018074331324168174
EX_thymd(e),0.003692074630080766,0.03692074630080766
