,fluxes,C-fluxes
EX_ac(e),1.4997683650114355,2.999536730022871
EX_etoh(e),0.486429407280912,0.972858814561824
EX_for(e),1.985499531555539,1.985499531555539
EX_glu_L(e),0.005862292178205428,0.02931146089102714
EX_nac(e),0.00985914363740911,0.05915486182445466
EX_succ(e),0.004270961200584535,0.01708384480233814
EX_thymd(e),0.003743744175785928,0.037437441757859284
