,fluxes,C-fluxes
EX_ac(e),0.909028010131601,1.818056020263202
EX_acald(e),0.036256040733860725,0.07251208146772145
EX_etoh(e),0.003279130688842997,0.006558261377685994
EX_for(e),1.2480298068885616,1.2480298068885616
EX_glu_L(e),0.03219202157653519,0.16096010788267595
EX_orn(e),0.11769055580892558,0.5884527790446279
EX_ppa(e),0.326573940315984,0.9797218209479521
EX_tyr_L(e),0.04470133248035466,0.402311992323192
EX_uri(e),0.035732097937624496,0.32158888143862047
