,fluxes,C-fluxes
EX_ac(e),0.22125909350370507,0.44251818700741014
EX_ade(e),0.9967366691778655,4.983683345889328
EX_dad_2(e),0.0019672056946020027,0.019672056946020026
EX_glu_L(e),0.002116279041145754,0.01058139520572877
EX_lac_L(e),2.324117331601635,6.972351994804905
EX_succ(e),0.0004864316946866985,0.001945726778746794
