,fluxes,C-fluxes
EX_ac(e),1.0011737079125365,2.002347415825073
EX_adn(e),0.0008303498133472575,0.008303498133472574
EX_for(e),1.1613195133014087,1.1613195133014087
EX_hista(e),0.12479519286715691,0.6239759643357846
EX_ppa(e),0.15831235901050222,0.47493707703150667
