,fluxes,C-fluxes
EX_ac(e),0.9946518987175184,1.9893037974350367
EX_ade(e),0.9996515664794327,4.998257832397163
EX_dgsn(e),0.9997652821331874,9.997652821331874
EX_for(e),0.9990479237887075,0.9990479237887075
EX_succ(e),0.00043561580426947197,0.0017424632170778879
