,fluxes,C-fluxes
EX_ade(e),0.5574194830470667,2.7870974152353334
EX_dgsn(e),0.5570355136808214,5.570355136808214
EX_for(e),1.2235434090247912,1.2235434090247912
EX_glu_L(e),0.002286455538211059,0.011432277691055294
EX_hista(e),0.1497276127171981,0.7486380635859904
EX_ppa(e),1.2240768848513675,3.6722306545541024
EX_thymd(e),0.00028595784262195993,0.0028595784262195993
EX_trypta(e),0.08171069055320547,0.8171069055320547
EX_tym(e),0.9993621097415324,7.994896877932259
