,fluxes,C-fluxes
EX_ac(e),0.6379604535008715,1.275920907001743
EX_dgsn(e),0.001112628357701949,0.01112628357701949
EX_gln_L(e),0.17992620743206297,0.8996310371603149
EX_lac_L(e),0.5421785541483046,1.6265356624449139
EX_succ(e),0.27006639503677965,1.0802655801471186
EX_tym(e),0.8135325766497834,6.508260613198267
