,fluxes,C-fluxes
EX_ac(e),0.21966033903462637,0.43932067806925273
EX_for(e),1.227176186918213,1.227176186918213
EX_glu_L(e),0.014867522648858721,0.07433761324429361
EX_hista(e),0.14999410243742695,0.7499705121871347
EX_ile_L(e),0.2392410699523059,1.4354464197138355
EX_ppa(e),1.0023824421124883,3.007147326337465
EX_trypta(e),0.0818162838759933,0.8181628387599329
EX_tym(e),0.9999893511523325,7.99991480921866
