,fluxes,C-fluxes
EX_ac(e),1.1049017213163126,2.209803442632625
EX_etoh(e),0.11088109578412038,0.22176219156824076
EX_for(e),1.2211514061826696,1.2211514061826696
EX_glu_L(e),0.0007515175986467837,0.0037575879932339185
EX_gly(e),0.003842764206891961,0.007685528413783922
EX_nac(e),0.005331813683679266,0.031990882102075596
EX_thymd(e),0.0037330592937323544,0.03733059293732354
