,fluxes,C-fluxes
EX_ac(e),1.006674263489219,2.013348526978438
EX_ade(e),0.9829046647193778,4.914523323596889
EX_cytd(e),0.002392260337901995,0.021530343041117953
EX_dgsn(e),0.9981925473113646,9.981925473113646
EX_for(e),1.0128363745147753,1.0128363745147753
EX_glu_L(e),0.0008930596027942332,0.004465298013971166
EX_nac(e),0.010046516208107004,0.06027909724864203
