,fluxes,C-fluxes
EX_ac(e),0.9028099537579488,1.8056199075158976
EX_ade(e),0.9999774245924861,4.999887122962431
EX_dgsn(e),0.9998873642509988,9.998873642509988
EX_etoh(e),1.7107043354162532,3.4214086708325064
EX_tma(e),0.8065756488110679,2.4197269464332036
