,fluxes,C-fluxes
EX_ac(e),1.7676893070334787,3.5353786140669574
EX_diact(e),0.4788022694631357,1.9152090778525428
EX_etoh(e),1.221286313498394,2.442572626996788
EX_for(e),2.0164199516858083,2.0164199516858083
EX_glu_L(e),0.010649997210001044,0.05324998605000522
EX_nac(e),0.9999627554048652,5.999776532429191
EX_succ(e),0.006664191072663638,0.026656764290654552
