,fluxes,C-fluxes
EX_lac_L(e),1.1867239862130465,3.5601719586391396
EX_strch2(e),0.0557466628685168,1.0034399316333025
EX_trypta(e),0.0004835836517891974,0.004835836517891975
