,fluxes,C-fluxes
EX_ac(e),0.22004118924534322,0.44008237849068643
EX_ade(e),0.9979599908110154,4.989799954055077
EX_csn(e),0.002108358135459754,0.008433432541839016
EX_dcyt(e),0.21685980735996493,1.9517382662396845
EX_dgsn(e),0.9984177657607131,9.98417765760713
EX_for(e),1.2248963837999736,1.2248963837999736
EX_glu_L(e),0.0035848127915843104,0.01792406395792155
EX_ppa(e),1.0,3.0
