,fluxes,C-fluxes
EX_12ppd_S(e),0.14898579,0.44695737
EX_ac(e),0.08079879597871648,0.16159759195743295
EX_cys_L(e),0.0010077768309872317,0.003023330492961695
EX_gln_L(e),0.007938262249128084,0.03969131124564042
EX_lac_D(e),1.2617738439087276,3.785321531726183
EX_pro_L(e),0.00235374948891676,0.0117687474445838
EX_succ(e),0.0009804850781034004,0.0039219403124136016
