,fluxes,C-fluxes
EX_ac(e),1.0416644239699189,2.0833288479398377
EX_gly(e),0.025998771247981594,0.05199754249596319
EX_nac(e),0.03179288240881767,0.190757294452906
EX_phe_L(e),0.9999026991248812,8.99912429212393
EX_succ(e),1.449786757968632,5.799147031874528
