,fluxes,C-fluxes
EX_2obut(e),0.9999218841140045,3.999687536456018
EX_cys_L(e),0.9999020557897385,2.999706167369215
EX_dad_2(e),2.192995954165616,21.92995954165616
EX_glu_L(e),0.17995133714349296,0.8997566857174648
EX_nac(e),2.194756400730822,13.16853840438493
EX_val_L(e),0.2252957689444151,1.1264788447220755
TS_pydx5p_c,0.17970586449606007,1.4376469159684806
