,fluxes,C-fluxes
EX_ac(e),0.009665096827867153,0.019330193655734306
EX_ade(e),0.002096226586844617,0.010481132934223085
EX_asn_L(e),0.03850680027761799,0.15402720111047197
EX_datp(e),0.08125486810249524,0.8125486810249525
EX_glu_L(e),0.04456655062759084,0.2228327531379542
EX_gly(e),10.000032483903134,20.000064967806267
EX_glyc(e),0.0024162742069667883,0.007248822620900364
EX_phe_L(e),9.999512808632641,89.99561527769377
