,fluxes,C-fluxes
EX_ac(e),0.22290196782228924,0.4458039356445785
EX_cys_L(e),0.0025098804286107115,0.007529641285832134
EX_for(e),0.44777231046748633,0.44777231046748633
EX_glu_L(e),0.1799582695918195,0.8997913479590974
EX_gly(e),0.0025677849131274365,0.005135569826254873
EX_phe_L(e),0.8488368743561193,7.639531869205074
EX_ppa(e),0.2249929341955334,0.6749788025866001
EX_ser_L(e),0.626355978807399,1.8790679364221972
EX_succ(e),0.6278447765263897,2.511379106105559
