,fluxes,C-fluxes
EX_ac(e),0.9775122677869211,1.9550245355738423
EX_csn(e),0.009273793873297024,0.037095175493188096
EX_phe_L(e),0.14321006619485122,1.288890595753661
EX_ppa(e),0.1790216404589987,0.5370649213769961
