,fluxes,C-fluxes
EX_gln_L(e),0.002514441869202894,0.012572209346014471
EX_lac_D(e),0.90460546273821,2.71381638821463
EX_mal_L(e),0.0003700028248249218,0.0014800112992996873
EX_succ(e),0.009077800835482182,0.03631120334192873
