,fluxes,C-fluxes
EX_ala_D(e),0.36075173583309134,1.082255207499274
EX_succ(e),0.1799680992667927,0.7198723970671708
