,fluxes,C-fluxes
EX_acald(e),0.002680863378110191,0.005361726756220382
EX_gln_L(e),0.0015281184298518377,0.007640592149259188
EX_mal_L(e),0.00026260923154784813,0.0010504369261913925
EX_ptrc(e),0.9553871889962202,3.821548755984881
EX_pyr(e),0.004620668714494817,0.013862006143484451
EX_tyr_L(e),0.0019780269558633133,0.01780224260276982
EX_ura(e),0.0011264937280089078,0.004505974912035631
