,fluxes,C-fluxes
EX_ac(e),0.0619337761813584,0.1238675523627168
EX_acald(e),0.37842962502886707,0.7568592500577341
EX_etoh(e),0.05683187235031487,0.11366374470062975
EX_glu_L(e),0.007740403607380019,0.0387020180369001
EX_nac(e),0.013310183122814173,0.07986109873688504
EX_succ(e),0.5028014616264661,2.0112058465058644
