,fluxes,C-fluxes
EX_asp_L(e),0.17612502906140598,0.7045001162456239
EX_lac_D(e),0.22556932794754153,0.6767079838426246
EX_succ(e),0.5295416811608432,2.118166724643373
