,fluxes,C-fluxes
EX_ac(e),0.16761760396636483,0.33523520793272965
EX_gal(e),0.005822230402975251,0.0349333824178515
EX_lac_D(e),1.1720158668722318,3.5160476006166954
EX_succ(e),0.002309943238664277,0.009239772954657109
EX_tyr_L(e),0.005756864211610051,0.05181177790449046
