,fluxes,C-fluxes
EX_4hbz(e),0.0004989059661605589,0.0034923417631239125
EX_ac(e),1.8089590273819476,3.617918054763895
EX_for(e),0.8940358498902012,0.8940358498902012
