,fluxes,C-fluxes
EX_ac(e),0.3678509654937397,0.7357019309874794
EX_glu_L(e),0.13216599030731013,0.6608299515365507
EX_lac_D(e),0.2277328979602356,0.6831986938807069
EX_nac(e),0.00030653581693108753,0.001839214901586525
EX_ptrc(e),0.9999973752145715,3.999989500858286
EX_succ(e),0.0003698687013728078,0.0014794748054912312
