,fluxes,C-fluxes
EX_3mop(e),0.1487339115882289,0.8924034695293734
EX_ac(e),0.8796531100278502,1.7593062200557004
EX_ala_L(e),0.14773015809501372,0.44319047428504116
EX_cys_L(e),0.44738196225344207,1.3421458867603262
EX_fru(e),0.001985195156120928,0.011911170936725569
EX_fum(e),0.22267297121163226,0.8906918848465291
EX_lac_D(e),0.28963636874431214,0.8689091062329364
