,fluxes,C-fluxes
EX_5mta(e),0.006412573503735587,0.07053830854109146
EX_ac(e),0.035958863012075265,0.07191772602415053
EX_acald(e),0.008750362920484258,0.017500725840968515
EX_cys_L(e),1.1726260496508643,3.517878148952593
EX_for(e),0.17235678704017432,0.17235678704017432
EX_glu_L(e),0.007546424956606436,0.03773212478303218
EX_ptrc(e),0.1435277329743745,0.574110931897498
EX_spmd(e),0.0063882643076898235,0.044717850153828766
