,fluxes,C-fluxes
EX_3mop(e),0.1498844479045641,0.8993066874273845
EX_adn(e),0.999021049364061,9.99021049364061
EX_dad_2(e),0.0002747741279484799,0.002747741279484799
EX_for(e),0.17218616703457792,0.17218616703457792
EX_fum(e),0.22475688909815245,0.8990275563926098
EX_glyclt(e),0.22475688909815245,0.4495137781963049
EX_indole(e),0.08180991258768747,0.6544793007014997
EX_ptrc(e),1.1499620036915514,4.599848014766206
