,fluxes,C-fluxes
EX_4abut(e),2.0,8.0
EX_ac(e),3.391982023670292,6.783964047340584
EX_for(e),1.3130071517991384,1.3130071517991384
EX_lac_D(e),1.5240007374921274,4.572002212476383
