,fluxes,C-fluxes
EX_ac(e),12.98333961999226,25.96667923998452
EX_but(e),1.8528830005270447,7.411532002108179
EX_dcyt(e),0.9468598177589129,8.521738359830216
EX_for(e),9.866169341663667,9.866169341663667
EX_gcald(e),0.0024088638720064386,0.004817727744012877
EX_ile_L(e),0.8780600837191964,5.268360502315178
EX_met_L(e),0.9513924382613023,4.756962191306512
EX_phe_L(e),1.8801283733501433,16.92115536015129
