,fluxes,C-fluxes
EX_ac(e),5.502834950549901,11.005669901099802
EX_but(e),1.9432628970829908,7.773051588331963
EX_etoh(e),0.050095397867117954,0.10019079573423591
EX_for(e),5.61768796065109,5.61768796065109
EX_nac(e),0.05855191384583275,0.3513114830749965
EX_orn(e),0.01726756886089676,0.0863378443044838
EX_succ(e),1.2894350250913376,5.15774010036535
