,fluxes,C-fluxes
EX_ac(e),7.9291619138337035,15.858323827667407
EX_but(e),1.8600104291316848,7.440041716526739
EX_dtmp(e),0.9168482325144565,9.168482325144565
EX_for(e),0.003935436088670399,0.003935436088670399
EX_nac(e),0.9990673877405675,5.994404326443405
EX_succ(e),1.776908004547486,7.107632018189944
TS_ahcys_c,8.058378346232531e-05,0.0011281729684725543
