,fluxes,C-fluxes
EX_ac(e),0.7618007922968999,1.5236015845937998
EX_ppa(e),0.4399932350357266,1.3199797051071798
