,fluxes,C-fluxes
EX_4hphac(e),2.9650803041605407,23.720642433284326
EX_ac(e),13.547988715767724,27.09597743153545
EX_for(e),0.027821258732041845,0.027821258732041845
EX_gln_L(e),1.773181810818374,8.865909054091869
EX_glyclt(e),7.413591126561406,14.827182253122812
EX_gua(e),2.164377106571539,10.821885532857696
EX_ile_L(e),1.4747626627127115,8.848575976276269
EX_ppa(e),1.7475270314158458,5.242581094247537
