,fluxes,C-fluxes
EX_4hphac(e),1.9511732250096376,15.609385800077101
EX_ac(e),19.539941241394427,39.079882482788854
EX_for(e),0.02185284325299109,0.02185284325299109
EX_gln_L(e),1.7060802546197609,8.530401273098803
EX_gly(e),0.7883683248885228,1.5767366497770456
