,fluxes,C-fluxes
EX_ac(e),12.093347014866714,24.186694029733427
EX_gln_L(e),4.686593000806299,23.432965004031495
EX_phe_L(e),1.8948808720711383,17.053927848640246
EX_ppa(e),4.829366706295919,14.488100118887758
EX_pro_L(e),2.1520388050547394,10.760194025273698
