,fluxes,C-fluxes
EX_4hphac(e),1.6928453846984777,13.542763077587821
EX_ac(e),9.979900897547102,19.959801795094204
EX_for(e),0.018901726841140856,0.018901726841140856
EX_gln_L(e),3.3124567792309096,16.562283896154547
EX_glyclt(e),4.510969543588569,9.021939087177138
EX_gua(e),0.9738174268466978,4.869087134233489
EX_orn(e),1.8572892641352583,9.28644632067629
EX_phe_L(e),0.23953784495969693,2.1558406046372722
EX_ppa(e),2.5371958811435253,7.6115876434305765
