,fluxes,C-fluxes
EX_ac(e),7.651344807262705,15.30268961452541
EX_for(e),5.877222720298996,5.877222720298996
EX_succ(e),2.7302443911739336,10.920977564695734
