,fluxes,C-fluxes
EX_ac(e),9.281568985284968,18.563137970569937
EX_acald(e),0.17878295,0.3575659
EX_for(e),9.6351759524929,9.6351759524929
EX_lys_L(e),0.9487412144058929,5.692447286435357
EX_phe_L(e),1.906541086428351,17.15886977785516
EX_ppa(e),0.9333003195346857,2.799900958604057
EX_pro_L(e),1.7550381131636594,8.775190565818297
EX_succ(e),4.7711827126090265,19.084730850436106
