,fluxes,C-fluxes
EX_ac(e),6.465682439435318,12.931364878870635
EX_for(e),6.470010382389391,6.470010382389391
EX_nac(e),0.9988745604307823,5.993247362584693
EX_phe_L(e),1.9541400819575707,17.587260737618138
EX_succ(e),2.9307928402412524,11.72317136096501
