,fluxes,C-fluxes
EX_ac(e),10.343920585115335,20.68784117023067
EX_ade(e),0.9208100680452145,4.604050340226072
EX_dgsn(e),0.9542074201647692,9.542074201647692
EX_for(e),10.58592627102645,10.58592627102645
EX_orn(e),1.885470417210065,9.427352086050325
EX_phe_L(e),1.864129741829731,16.777167676467577
EX_ppa(e),2.7030478310892687,8.109143493267807
EX_succ(e),4.131271384572421,16.525085538289684
