,fluxes,C-fluxes
EX_ac(e),6.199904757781592,12.399809515563184
EX_acald(e),0.17878295,0.3575659
EX_for(e),4.368523636166959,4.368523636166959
EX_lys_L(e),0.9645370929046675,5.787222557428005
EX_phe_L(e),1.9097143444766116,17.187429100289503
EX_ppa(e),1.9234017912776853,5.770205373833056
EX_succ(e),5.753348851935825,23.0133954077433
