,fluxes,C-fluxes
EX_ac(e),1.950813316107126,3.901626632214252
EX_for(e),0.0015251363526126386,0.0015251363526126386
EX_gly(e),1.9787790982238926,3.9575581964477853
EX_lys_L(e),9.991759627486479,59.95055776491887
EX_orn(e),0.9559033964953307,4.779516982476654
EX_val_L(e),0.9065464031010788,4.532732015505394
