,fluxes,C-fluxes
EX_ac(e),18.929530940171485,37.85906188034297
EX_ala_L(e),2.500592031591716,7.501776094775148
EX_dad_2(e),0.008292176264694954,0.08292176264694953
EX_for(e),11.404166181724971,11.404166181724971
EX_gly(e),1.6748319019930469,3.3496638039860938
EX_ile_L(e),0.7841826940293307,4.705096164175984
EX_orn(e),1.8337381239886568,9.168690619943284
EX_phe_L(e),1.2417659432956516,11.175893489660865
