,fluxes,C-fluxes
EX_ac(e),10.917165693154923,21.834331386309845
EX_for(e),10.244048738112303,10.244048738112303
EX_ile_L(e),0.8677779926128208,5.2066679556769255
EX_orn(e),2.5553256754246285,12.776628377123142
EX_phe_L(e),1.8902153108382451,17.011937797544206
EX_succ(e),3.573736881766063,14.294947527064252
