,fluxes,C-fluxes
EX_ac(e),38.524326980303115,77.04865396060623
EX_arg_L(e),0.8047604407258475,4.828562644355085
EX_nac(e),0.9979448804264458,5.987669282558675
EX_phe_L(e),1.7668246626336321,15.901421963702688
EX_ppa(e),4.29766421793694,12.892992653810818
EX_tma(e),1.0,3.0
EX_trypta(e),2.9367605442661606,29.367605442661606
