,fluxes,C-fluxes
EX_ac(e),13.454182129320978,26.908364258641956
EX_ala_L(e),0.46051277555527587,1.3815383266658277
EX_dad_2(e),0.944074813577119,9.440748135771189
EX_for(e),0.008723824573083695,0.008723824573083695
EX_hista(e),0.3725576830953379,1.8627884154766894
EX_phe_L(e),1.9169063957341606,17.252157561607444
EX_succ(e),5.437849026995303,21.75139610798121
