,fluxes,C-fluxes
EX_ac(e),12.932525491704366,25.865050983408732
EX_ade(e),0.2582802311756041,1.2914011558780205
EX_for(e),0.9196110078140975,0.9196110078140975
EX_gln_L(e),5.072478834597823,25.362394172989116
EX_indole(e),1.9853030658542412,15.88242452683393
EX_ppa(e),13.096995994287962,39.29098798286388
