,fluxes,C-fluxes
EX_4abut(e),2.0,8.0
EX_ac(e),9.37203875046831,18.74407750093662
EX_dcyt(e),0.9281567519662033,8.353410767695829
EX_for(e),8.268406920461688,8.268406920461688
EX_gsn(e),0.012346798581346777,0.12346798581346777
EX_indole(e),1.9821833963758717,15.857467171006974
EX_succ(e),7.07620237759678,28.30480951038712
