,fluxes,C-fluxes
EX_12ppd_S(e),0.14898579,0.44695737
EX_4abut(e),3.8140275307018188,15.256110122807275
EX_ac(e),1.2348683209160702,2.4697366418321405
EX_ade(e),1.0117678785068323,5.0588393925341615
EX_gcald(e),0.0020534853764311105,0.004106970752862221
EX_phe_L(e),0.8950529314966728,8.055476383470054
EX_ser_L(e),0.8230320726915243,2.469096218074573
EX_succ(e),9.210541324032409,36.842165296129636
EX_val_L(e),0.006318755650406548,0.03159377825203274
