,fluxes,C-fluxes
EX_ac(e),10.103359319404923,20.206718638809846
EX_urea(e),0.0011933393568732804,0.0011933393568732804
