,fluxes,C-fluxes
EX_ac(e),11.421115464618037,22.842230929236074
EX_but(e),7.394796449094319,29.579185796377278
EX_dad_2(e),0.9398081110498853,9.398081110498852
EX_dcyt(e),0.9185398433437552,8.266858590093797
EX_ppa(e),0.6605745782862902,1.9817237348588705
