,fluxes,C-fluxes
EX_ac(e),13.150546070253158,26.301092140506316
EX_dtmp(e),0.9893841461197812,9.893841461197812
EX_for(e),7.319942811356015,7.319942811356015
EX_nac(e),0.9983623013532743,5.990173808119646
EX_phe_L(e),1.8920128430451113,17.028115587406003
EX_succ(e),0.3423165232537888,1.3692660930151552
