,fluxes,C-fluxes
EX_ac(e),10.703588842258602,21.407177684517205
EX_ade(e),1.172745893619165,5.863729468095825
EX_dgsn(e),0.9883089666016338,9.883089666016339
EX_for(e),5.808096432303746,5.808096432303746
EX_glyc(e),0.003710400952709407,0.011131202858128221
EX_inost(e),0.07300172454004278,0.43801034724025667
EX_ppa(e),1.0000635824545,3.0001907473635003
EX_succ(e),0.05726447289277246,0.22905789157108983
