,fluxes,C-fluxes
EX_ac(e),2.574885410914312,5.149770821828624
EX_akg(e),0.9992083156011905,4.996041578005952
EX_gln_L(e),0.9711821837205786,4.855910918602893
EX_gly(e),1.9712954480279798,3.9425908960559597
EX_met_L(e),1.958089967522193,9.790449837610964
EX_pro_L(e),0.0033171372850292827,0.016585686425146413
EX_succ(e),2.2078881508260872,8.831552603304349
