,fluxes,C-fluxes
EX_12ppd_S(e),0.14898579,0.44695737
EX_4abut(e),12.604576088535527,50.41830435414211
EX_ac(e),23.386741577065788,46.773483154131576
EX_dad_2(e),0.9207618669785029,9.20761866978503
EX_dcyt(e),0.8499168209521423,7.64925138856928
EX_for(e),0.02501051998220361,0.02501051998220361
EX_gly(e),2.612704859783042,5.225409719566084
EX_gua(e),0.8741862924635975,4.370931462317987
EX_ile_L(e),1.4464406664089178,8.678643998453506
EX_phe_L(e),0.9080991312751174,8.172892181476056
