,fluxes,C-fluxes
EX_ac(e),32.79279327395777,65.58558654791554
EX_dad_2(e),0.911082503691865,9.110825036918651
EX_for(e),15.6067281149588,15.6067281149588
EX_gcald(e),0.01560993138237756,0.03121986276475512
EX_gln_L(e),8.560078158527126,42.80039079263563
EX_lys_L(e),0.798554043309797,4.791324259858782
EX_orn(e),1.8093351716412647,9.046675858206324
