,fluxes,C-fluxes
EX_ac(e),20.07428497123655,40.1485699424731
EX_dad_2(e),0.9152057419070021,9.15205741907002
EX_for(e),18.76770201248865,18.76770201248865
EX_gln_L(e),5.323813852459133,26.619069262295664
EX_ile_L(e),2.2715043989917088,13.629026393950252
EX_lys_L(e),0.8026489871780215,4.815893923068129
EX_nac(e),0.9953719871173943,5.972231922704365
EX_orn(e),1.8849738793974053,9.424869396987027
