,fluxes,C-fluxes
EX_ac(e),32.514615155914115,65.02923031182823
EX_dad_2(e),0.8765375451166695,8.765375451166694
EX_dcyt(e),0.7500374048866271,6.750336643979644
EX_gcald(e),0.020619712976224235,0.04123942595244847
EX_gly(e),17.971820009622864,35.94364001924573
EX_orn(e),1.7959816741954875,8.979908370977437
