,fluxes,C-fluxes
EX_15dap(e),2.8559378747574327,14.279689373787164
EX_ac(e),17.625947595556696,35.25189519111339
EX_acald(e),0.9751350992991697,1.9502701985983395
EX_ala_L(e),3.779179590790381,11.337538772371143
EX_cys_L(e),0.9783001333582709,2.9349004000748127
EX_gly(e),10.033985091385034,20.06797018277007
EX_lac_L(e),0.1542976063723441,0.4628928191170323
EX_orn(e),0.9276140067062566,4.638070033531283
EX_ura(e),2.866958672032739,11.467834688130957
