,fluxes,C-fluxes
EX_12ppd_S(e),0.14898579,0.44695737
EX_ac(e),21.441926660360398,42.883853320720796
EX_dad_2(e),0.9249896074655277,9.249896074655277
EX_dcyt(e),0.8806233738573115,7.925610364715803
EX_for(e),19.87631967270734,19.87631967270734
EX_gcald(e),0.013058618551980629,0.026117237103961258
EX_gln_L(e),5.55309832382197,27.765491619109852
EX_ile_L(e),0.6600675689526945,3.960405413716167
EX_orn(e),1.9355404560238862,9.677702280119432
