,fluxes,C-fluxes
EX_ac(e),20.001603777940687,40.003207555881374
EX_acac(e),4.0724144077526505,16.289657631010602
EX_dad_2(e),0.18277752208966924,1.8277752208966924
EX_gly(e),17.16645638637566,34.33291277275132
EX_ins(e),1.696396979222059,16.96396979222059
EX_lys_L(e),0.8179506094946684,4.90770365696801
EX_orn(e),1.9013554469470697,9.506777234735349
