,fluxes,C-fluxes
EX_4abut(e),3.655858916923984,14.623435667695937
EX_ac(e),11.778469895271964,23.55693979054393
EX_dad_2(e),0.9298516561000453,9.298516561000453
EX_gly(e),2.6773353100503603,5.354670620100721
EX_ile_L(e),0.740302738729951,4.4418164323797065
EX_succ(e),14.47929642311152,57.91718569244608
