,fluxes,C-fluxes
EX_ac(e),24.117195454353627,48.234390908707255
EX_gcald(e),0.00888116215575594,0.01776232431151188
EX_gln_L(e),7.311266167166099,36.556330835830494
EX_hxan(e),0.929642547192818,4.648212735964091
EX_ile_L(e),0.7620625007799505,4.572375004679703
EX_indole(e),1.9553091414903783,15.642473131923026
EX_lys_L(e),0.8789785036956327,5.273871022173796
EX_pro_L(e),3.626889690376757,18.134448451883785
