,fluxes,C-fluxes
EX_ac(e),24.82857352499768,49.65714704999536
EX_dad_2(e),0.910815784175149,9.10815784175149
EX_for(e),15.734128473278991,15.734128473278991
EX_glu_L(e),3.105381616775668,15.52690808387834
EX_nac(e),0.9954049285025861,5.972429571015517
EX_orn(e),0.09722903893119628,0.4861451946559814
EX_pro_L(e),1.9180726915851019,9.590363457925509
EX_urea(e),0.004594791913378862,0.004594791913378862
