,fluxes,C-fluxes
EX_ac(e),7.047170741697572,14.094341483395144
EX_acald(e),2.8716698492895905,5.743339698579181
EX_akg(e),0.6012724892704866,3.006362446352433
EX_gcald(e),0.015235730535721536,0.030471461071443072
EX_gln_L(e),0.8386356989816922,4.193178494908461
EX_orn(e),1.818624212099074,9.09312106049537
EX_ppa(e),20.827506069711443,62.48251820913433
EX_ura(e),1.8299326983884026,7.31973079355361
