,fluxes,C-fluxes
EX_ac(e),12.367819656772564,24.73563931354513
EX_dad_2(e),0.0004698192959537125,0.0046981929595371254
EX_for(e),0.6539634702836953,0.6539634702836953
EX_fuc_L(e),0.000789,0.004734
EX_indole(e),1.967814830091021,15.742518640728168
EX_pac(e),1.9189409615890056,15.351527692712045
EX_ppa(e),8.769701160495526,26.309103481486577
