,fluxes,C-fluxes
EX_12ppd_S(e),0.14898579,0.44695737
EX_ac(e),5.258089068542588,10.516178137085175
EX_acald(e),1.9845092875067936,3.969018575013587
EX_ade(e),1.9393459293546245,9.696729646773122
EX_dcyt(e),0.13146660945697927,1.1831994851128134
EX_for(e),1.9324105890028591,1.9324105890028591
EX_gcald(e),0.004251185924215989,0.008502371848431977
EX_gua(e),0.9481027010244313,4.7405135051221565
EX_orn(e),1.8964294145304175,9.482147072652086
EX_ppa(e),12.118577077802398,36.35573123340719
