,fluxes,C-fluxes
EX_12ppd_S(e),0.14898579,0.44695737
EX_ac(e),10.6042634875082,21.2085269750164
EX_for(e),5.763855329238265,5.763855329238265
EX_indole(e),1.9715561099947705,15.772448879958164
EX_meoh(e),0.02564542657581245,0.02564542657581245
EX_pac(e),1.8812004129156037,15.04960330332483
EX_ppa(e),9.848844895344557,29.546534686033674
