,fluxes,C-fluxes
EX_ac(e),8.653515342642873,17.307030685285746
EX_adn(e),0.009605207958121609,0.09605207958121609
EX_dcyt(e),0.06068154820153679,0.5461339338138311
EX_for(e),5.617140080452486,5.617140080452486
EX_ppa(e),2.0580528496517507,6.174158548955252
