,fluxes,C-fluxes
EX_ac(e),9.532316167828732,19.064632335657464
EX_adn(e),0.0026160414541975324,0.026160414541975326
EX_arab_L(e),0.0055197,0.027598499999999998
EX_dcyt(e),0.0463525610570982,0.4171730495138838
EX_for(e),0.7761083487407031,0.7761083487407031
EX_indole(e),1.9588334967128798,15.670667973703038
EX_pac(e),1.852041297772902,14.816330382183216
EX_ppa(e),18.09809026736295,54.294270802088846
