,fluxes,C-fluxes
EX_12ppd_S(e),0.14898579,0.44695737
EX_ac(e),13.30076865035835,26.6015373007167
EX_cys_L(e),0.11351542635880159,0.3405462790764048
EX_dad_2(e),0.0005243045114440129,0.005243045114440128
EX_for(e),9.219245334743007,9.219245334743007
EX_indole(e),1.9822070171670185,15.857656137336148
EX_pac(e),1.895373656682113,15.162989253456905
EX_ppa(e),7.017766565760339,21.053299697281016
