,fluxes,C-fluxes
EX_12ppd_S(e),0.14898579,0.44695737
EX_ac(e),6.720160217943353,13.440320435886706
EX_dad_2(e),0.018151582939303097,0.18151582939303096
EX_for(e),4.74795440434526,4.74795440434526
EX_ins(e),0.055567387156922096,0.555673871569221
EX_ppa(e),1.1834456506289477,3.550336951886843
