,fluxes,C-fluxes
EX_ac(e),7.85061018657184,15.70122037314368
EX_adn(e),0.008917071117954568,0.08917071117954568
EX_dcyt(e),0.0548623412997871,0.4937610716980839
EX_for(e),4.814673009971073,4.814673009971073
EX_ppa(e),1.2924306633059144,3.877291989917743
