,fluxes,C-fluxes
EX_ac(e),8.64341017570259,17.28682035140518
EX_adn(e),0.007357849373378095,0.07357849373378095
EX_dcyt(e),0.042011230859545154,0.3781010777359064
EX_for(e),5.562965604554776,5.562965604554776
EX_ppa(e),2.048819876007319,6.146459628021957
