,fluxes,C-fluxes
EX_ac(e),7.352239797219671,14.704479594439341
EX_dad_2(e),0.011570974930561995,0.11570974930561995
EX_for(e),7.216427319044008,7.216427319044008
EX_ins(e),0.967163623499268,9.671636234992679
EX_ppa(e),2.7298496055682926,8.189548816704878
