,fluxes,C-fluxes
EX_ac(e),7.651881695082486,15.303763390164972
EX_for(e),3.8759553923870462,3.8759553923870462
EX_ppa(e),4.354175545658637,13.06252663697591
