,fluxes,C-fluxes
EX_ac(e),5.132559771609879,10.265119543219758
EX_for(e),5.294238215559195,5.294238215559195
EX_lac_L(e),0.14898579,0.44695737
EX_ppa(e),7.251046190989231,21.753138572967693
EX_pydxn(e),0.20211586236698742,1.6169268989358994
