,fluxes,C-fluxes
EX_12ppd_S(e),0.30086958,0.90260874
EX_ac(e),14.826785396088917,29.653570792177835
EX_dad_2(e),0.07164390598623735,0.7164390598623736
EX_for(e),8.205036714493195,8.205036714493195
EX_meoh(e),0.00907565,0.00907565
EX_met_L(e),0.6779200928292979,3.3896004641464894
EX_ppa(e),11.146520377957623,33.43956113387287
