,fluxes,C-fluxes
EX_ac(e),6.486535778555438,12.973071557110876
EX_ade(e),0.9399300762998414,4.6996503814992066
EX_for(e),4.269939908479888,4.269939908479888
EX_lac_L(e),0.14898579,0.44695737
EX_ppa(e),9.107696602879113,27.323089808637338
