,fluxes,C-fluxes
EX_12ppd_S(e),0.14898579,0.44695737
EX_ac(e),5.84266541642596,11.68533083285192
EX_for(e),5.775296338149114,5.775296338149114
EX_indole(e),1.9941122451043913,15.95289796083513
EX_ppa(e),1.3560725718403228,4.0682177155209684
EX_thymd(e),0.0376751048974104,0.37675104897410394
