,fluxes,C-fluxes
EX_ac(e),8.268925521855325,16.53785104371065
EX_dad_2(e),0.022043877433361964,0.22043877433361964
EX_for(e),6.092254359479736,6.092254359479736
EX_ppa(e),2.508004459219153,7.524013377657459
