,fluxes,C-fluxes
EX_ac(e),0.6191722430409344,1.2383444860818689
EX_succ(e),9.880603470519905,39.52241388207962
