,fluxes,C-fluxes
EX_4abut(e),2.0,8.0
EX_ac(e),7.331444243071688,14.662888486143377
EX_acald(e),1.9849337692492113,3.9698675384984226
EX_ade(e),1.9039904174070426,9.519952087035213
EX_dcyt(e),0.9043771460193063,8.139394314173757
EX_for(e),2.6544184726413436,2.6544184726413436
EX_gua(e),0.988536188995463,4.942680944977315
EX_indole(e),1.9702028651684629,15.761622921347703
EX_orn(e),1.8399610199964371,9.199805099982186
EX_ppa(e),10.526987018106647,31.580961054319943
