,fluxes,C-fluxes
EX_ac(e),8.04868918922867,16.09737837845734
EX_dad_2(e),0.013466875271855219,0.1346687527185522
EX_for(e),7.857780789878793,7.857780789878793
EX_ins(e),0.9707478547297544,9.707478547297544
EX_orn(e),0.03777334075562414,0.1888667037781207
EX_ppa(e),2.2546496409433217,6.7639489228299645
