,fluxes,C-fluxes
EX_12ppd_S(e),0.14898579,0.44695737
EX_ac(e),10.616513783983025,21.23302756796605
EX_dad_2(e),0.058993789702279385,0.5899378970227939
EX_for(e),5.653107484861122,5.653107484861122
EX_indole(e),1.982774702973028,15.862197623784224
EX_pac(e),1.85991600729307,14.87932805834456
EX_ppa(e),9.20683942331639,27.620518269949173
