,fluxes,C-fluxes
EX_12ppd_S(e),0.14898579,0.44695737
EX_ac(e),7.3137263284419465,14.627452656883893
EX_dad_2(e),0.018399381802168806,0.18399381802168807
EX_for(e),4.2927698496814655,4.2927698496814655
EX_ins(e),0.07178412484993674,0.7178412484993674
EX_ppa(e),3.8078745540505503,11.423623662151652
