,fluxes,C-fluxes
EX_ac(e),6.902762413855083,13.805524827710165
EX_dad_2(e),0.9672019152841936,9.672019152841937
EX_for(e),4.864590201109212,4.864590201109212
EX_ppa(e),4.8590835305409845,14.577250591622953
EX_uri(e),0.9071652017889664,8.164486816100698
