,fluxes,C-fluxes
EX_ac(e),7.703613445318388,15.407226890636776
EX_adn(e),0.008620219904242813,0.08620219904242812
EX_dcyt(e),0.047550831252159996,0.42795748126943994
EX_for(e),4.6692568143457756,4.6692568143457756
EX_ppa(e),1.1726987198252445,3.518096159475734
