,fluxes,C-fluxes
EX_ac(e),7.340022615622639,14.680045231245279
EX_dad_2(e),1.0052238585122304,10.052238585122304
EX_for(e),3.801651665816155,3.801651665816155
EX_ppa(e),2.0979205761513646,6.293761728454093
EX_uri(e),0.977764963889104,8.799884675001936
