,fluxes,C-fluxes
EX_ac(e),11.204975274548968,22.409950549097935
EX_adn(e),0.00034757253741469563,0.0034757253741469563
EX_dcyt(e),0.022598676246505044,0.2033880862185454
EX_for(e),7.236291933776399,7.236291933776399
EX_fuc_L(e),0.000789,0.004734
EX_indole(e),1.9506122949271931,15.604898359417545
EX_meoh(e),0.006511049999999999,0.006511049999999999
EX_pac(e),1.8971943243757765,15.177554595006212
EX_ppa(e),2.8296097111236707,8.488829133371013
