,fluxes,C-fluxes
EX_ac(e),6.095197722968618,12.190395445937236
EX_for(e),3.4846796706598706,3.4846796706598706
EX_lac_L(e),0.14898579,0.44695737
EX_ppa(e),5.953828118468611,17.861484355405832
EX_pydxn(e),0.9986604864765474,7.989283891812379
EX_urea(e),0.03808933899040757,0.03808933899040757
