,fluxes,C-fluxes
EX_ac(e),9.304914170076632,18.609828340153264
EX_ade(e),0.9639761481201666,4.8198807406008335
EX_for(e),6.13354103582293,6.13354103582293
EX_ppa(e),5.350685592077811,16.052056776233435
