,fluxes,C-fluxes
EX_ac(e),8.62500200227404,17.25000400454808
EX_dad_2(e),0.02181199281031316,0.21811992810313158
EX_for(e),5.606132759431743,5.606132759431743
EX_ppa(e),2.2714138912696007,6.814241673808802
