,fluxes,C-fluxes
EX_12ppd_S(e),0.14898579,0.44695737
EX_ac(e),7.347215099379975,14.69443019875995
EX_acald(e),1.9833643979554365,3.966728795910873
EX_ade(e),2.894945291118638,14.47472645559319
EX_for(e),7.775628282417529,7.775628282417529
EX_gua(e),0.9964918149555823,4.982459074777911
EX_orn(e),1.8925501761197414,9.462750880598707
EX_phe_L(e),0.7900448594664798,7.110403735198319
EX_ppa(e),3.0938963687978163,9.281689106393449
EX_succ(e),3.5024666154189354,14.009866461675742
