,fluxes,C-fluxes
EX_ac(e),7.497192158273066,14.994384316546132
EX_dad_2(e),0.013711618477676935,0.13711618477676935
EX_for(e),7.299949821128671,7.299949821128671
EX_ins(e),0.9699079367676373,9.699079367676372
EX_ppa(e),2.874329948532113,8.62298984559634
