,fluxes,C-fluxes
EX_ac(e),7.506482631777161,15.012965263554323
EX_adn(e),0.0024884541208994187,0.024884541208994186
EX_arab_L(e),0.0055197,0.027598499999999998
EX_dcyt(e),0.04216434963394417,0.37947914670549754
EX_for(e),0.8123304580041312,0.8123304580041312
EX_indole(e),1.9778397441631543,15.822717953305235
EX_pac(e),1.8521990282023335,14.817592225618668
EX_ppa(e),19.09040713883547,57.27122141650641
