,fluxes,C-fluxes
EX_ac(e),8.724922305355195,17.44984461071039
EX_ade(e),0.9005913062308497,4.502956531154249
EX_for(e),5.976956336523214,5.976956336523214
EX_lac_L(e),0.14898579,0.44695737
EX_ppa(e),13.524915087429028,40.57474526228708
