,fluxes,C-fluxes
EX_ac(e),6.359743214840386,12.719486429680773
EX_adn(e),0.00016082221716948674,0.0016082221716948674
EX_cys_L(e),0.0674322628479812,0.20229678854394362
EX_dcyt(e),0.03072663451161659,0.2765397106045493
EX_for(e),3.4260759482062295,3.4260759482062295
EX_ppa(e),4.496780936195085,13.490342808585256
