,fluxes,C-fluxes
EX_ac(e),11.91373705112996,23.82747410225992
EX_adn(e),0.0007138870945266221,0.007138870945266221
EX_arab_L(e),0.0055197,0.027598499999999998
EX_cys_L(e),0.141120497041403,0.423361491124209
EX_dcyt(e),0.049429540223110385,0.4448658620079935
EX_for(e),1.0224909651063683,1.0224909651063683
EX_indole(e),1.973018583793082,15.784148670344656
EX_pac(e),1.8394007571298705,14.715206057038964
EX_ppa(e),13.206470320045078,39.619410960135234
