,fluxes,C-fluxes
EX_ac(e),12.097735881243432,24.195471762486864
EX_adn(e),0.00038579222403641977,0.003857922240364198
EX_dcyt(e),0.015195541255171566,0.1367598712965441
EX_for(e),5.22500497366515,5.22500497366515
EX_fuc_L(e),0.000789,0.004734
EX_indole(e),1.9368549291705364,15.494839433364291
EX_meoh(e),0.006511049999999999,0.006511049999999999
EX_pac(e),1.8989061646575018,15.191249317260015
EX_ppa(e),4.1645277099313445,12.493583129794033
