,fluxes,C-fluxes
EX_12ppd_S(e),0.14898579,0.44695737
EX_ac(e),7.1831391677028025,14.366278335405605
EX_ade(e),0.9534400197358227,4.767200098679114
EX_for(e),3.936210044827085,3.936210044827085
EX_indole(e),1.9706618138617427,15.765294510893941
EX_ppa(e),6.897704781218941,20.693114343656823
