,fluxes,C-fluxes
EX_ac(e),7.502261920683454,15.004523841366908
EX_dad_2(e),0.007593874603900798,0.07593874603900798
EX_for(e),5.295191317626792,5.295191317626792
EX_ppa(e),1.8494124848412206,5.548237454523662
