,fluxes,C-fluxes
EX_12ppd_S(e),0.14898579,0.44695737
EX_ac(e),5.3629407002549545,10.725881400509909
EX_dad_2(e),0.019926159036616434,0.19926159036616434
EX_for(e),2.4151798818088652,2.4151798818088652
EX_ins(e),0.011814534538384136,0.11814534538384136
EX_ppa(e),8.376084264738703,25.12825279421611
EX_urea(e),0.6989314098547896,0.6989314098547896
TS_cbl1_c,0.07662186389671496,4.750555561596328
