,fluxes,C-fluxes
EX_ac(e),4.4715744534904065,8.943148906980813
EX_dad_2(e),0.012800621448169765,0.12800621448169766
EX_for(e),6.229058738070184,6.229058738070184
EX_ins(e),0.96608345782602,9.6608345782602
EX_ppa(e),3.7659214120752584,11.297764236225776
