,fluxes,C-fluxes
EX_12ppd_S(e),0.14898579,0.44695737
EX_ac(e),1.251994974384517,2.503989948769034
EX_dad_2(e),1.8794635818280558,18.794635818280558
EX_dcyt(e),0.9150504600385054,8.23545414034655
EX_for(e),0.020174395632645854,0.020174395632645854
EX_indole(e),1.9732632380380675,15.78610590430454
EX_orn(e),0.5920197237930331,2.9600986189651657
EX_ppa(e),15.103427165574391,45.31028149672318
EX_succ(e),4.159692872097935,16.63877148839174
