,fluxes,C-fluxes
EX_akg(e),0.001502858738201097,0.007514293691005485
EX_hdca(e),0.0038467176687266816,0.061547482699626906
EX_succ(e),0.0007545834119004816,0.0030183336476019263
TS_nad_c,0.9675245805283522,20.318016191095396
TS_fadh2_c,1.031610992007982,27.853496784215512
