,fluxes,C-fluxes
EX_ac(e),21.181482159970905,42.36296431994181
EX_cytd(e),0.14059014062355948,1.2653112656120353
EX_for(e),12.374566706238012,12.374566706238012
EX_glcur(e),0.00032865,0.0019719
EX_phe_L(e),1.9179158616236704,17.261242754613033
EX_pro_L(e),3.9345693037661467,19.672846518830735
