,fluxes,C-fluxes
EX_4abut(e),2.0,8.0
EX_ac(e),18.75160285029694,37.50320570059388
EX_etoh(e),0.3928505990245282,0.7857011980490564
EX_for(e),9.234648780572874,9.234648780572874
EX_glyc(e),0.15723138464651432,0.47169415393954295
EX_ile_L(e),0.92231502598385,5.5338901559031
EX_phe_L(e),1.90750782660021,17.16757043940189
