,fluxes,C-fluxes
EX_ac(e),11.622898441764239,23.245796883528477
EX_cytd(e),0.08236378793321897,0.7412740913989707
EX_for(e),5.639098546939321,5.639098546939321
EX_gly(e),1.8863931203919786,3.772786240783957
EX_glyc(e),0.004369931244163259,0.013109793732489775
EX_phe_L(e),1.9527898517301754,17.575108665571577
EX_pro_L(e),1.5775483396766665,7.887741698383333
EX_succ(e),0.10991051643672306,0.43964206574689224
