,fluxes,C-fluxes
EX_5mthf(e),0.26659989396751343,5.3319978793502685
EX_ac(e),19.200526437035915,38.40105287407183
EX_for(e),8.203662020593573,8.203662020593573
EX_glcur(e),0.00032865,0.0019719
EX_gln_L(e),1.4588929790516219,7.294464895258109
EX_glyc(e),0.006282648274961363,0.01884794482488409
EX_phe_L(e),1.9370957633748724,17.433861870373853
EX_succ(e),0.04883136406642683,0.19532545626570733
EX_thf(e),0.3919405953454374,7.446871311563311
