,fluxes,C-fluxes
EX_ac(e),19.49579065872253,38.99158131744506
EX_for(e),12.496719937080897,12.496719937080897
EX_gly(e),1.8228551553753551,3.6457103107507103
EX_hista(e),1.9775265563503919,9.88763278175196
EX_orn(e),4.01560348516519,20.07801742582595
EX_phe_L(e),1.9212435976262028,17.291192378635824
EX_trypta(e),1.9782925773938709,19.782925773938707
