,fluxes,C-fluxes
EX_ac(e),9.623432992482446,19.24686598496489
EX_for(e),6.53661886649007,6.53661886649007
EX_gly(e),1.9170997997092973,3.8341995994185947
EX_glyc(e),0.0038558456053595803,0.01156753681607874
EX_orn(e),0.1406604130610527,0.7033020653052635
EX_phe_L(e),1.9583493022282106,17.625143720053895
EX_pro_L(e),1.9415639860412237,9.707819930206119
EX_succ(e),0.01672698500015118,0.06690794000060472
EX_uri(e),0.07293875978693336,0.6564488380824002
