,fluxes,C-fluxes
EX_12ppd_S(e),0.14898579,0.44695737
EX_ac(e),24.9169056203387,49.8338112406774
EX_cytd(e),0.15347861066265425,1.3813074959638882
EX_for(e),12.837691193400959,12.837691193400959
EX_glcur(e),0.00032865,0.0019719
EX_ile_L(e),1.7595251971349952,10.557151182809971
EX_phe_L(e),1.8947059348867044,17.052353413980338
EX_pro_L(e),2.715078359781382,13.57539179890691
