,fluxes,C-fluxes
EX_ac(e),16.134050709286797,32.26810141857359
EX_for(e),8.45674836743454,8.45674836743454
EX_glcur(e),0.00032865,0.0019719
EX_phe_L(e),1.929771482898465,17.367943346086186
EX_pro_L(e),1.838187088167469,9.190935440837345
