,fluxes,C-fluxes
EX_ac(e),12.143395636099982,24.286791272199963
EX_cytd(e),0.15828103086730402,1.4245292778057361
EX_for(e),8.976240193872677,8.976240193872677
EX_gly(e),2.4142108565813185,4.828421713162637
EX_orn(e),0.05724052433675898,0.2862026216837949
EX_phe_L(e),1.9428395754399446,17.485556178959502
EX_pro_L(e),1.9657701572255977,9.828850786127989
