,fluxes,C-fluxes
EX_12ppd_S(e),0.14898579,0.44695737
EX_ac(e),25.27584191032292,50.55168382064584
EX_arab_L(e),0.00201572,0.0100786
EX_cys_L(e),0.3889669652846048,1.1669008958538143
EX_for(e),12.285659324616972,12.285659324616972
EX_phe_L(e),1.911305736355107,17.20175162719596
EX_pro_L(e),3.19808662958116,15.9904331479058
