,fluxes,C-fluxes
EX_ac(e),9.62346157393764,19.24692314787528
EX_for(e),6.536657995086681,6.536657995086681
EX_gly(e),1.9171143826645116,3.8342287653290232
EX_glyc(e),0.0038559098098854706,0.011567729429656412
EX_orn(e),0.1406500225597208,0.703250112798604
EX_phe_L(e),1.9583362015989432,17.62502581439049
EX_pro_L(e),1.9415778635804928,9.707889317902463
EX_succ(e),0.016718604005287158,0.06687441602114863
EX_uri(e),0.07293714286821963,0.6564342858139767
