,fluxes,C-fluxes
EX_12ppd_S(e),0.14898579,0.44695737
EX_ac(e),19.532240447981177,39.064480895962355
EX_cytd(e),0.1149002289897686,1.0341020609079172
EX_for(e),11.545336960620984,11.545336960620984
EX_glcur(e),0.00032865,0.0019719
EX_gly(e),2.458257907982438,4.916515815964876
EX_phe_L(e),1.9181378951595285,17.263241056435756
EX_pro_L(e),3.737767470411611,18.688837352058055
