,fluxes,C-fluxes
EX_12ppd_S(e),0.14898579,0.44695737
EX_ac(e),19.55759461682758,39.11518923365516
EX_for(e),8.826590945694237,8.826590945694237
EX_gly(e),1.8426260286182232,3.6852520572364464
EX_glyc(e),0.006981107910613369,0.020943323731840106
EX_phe_L(e),1.9414698874771774,17.473228987294597
EX_pro_L(e),2.897266405830529,14.486332029152644
EX_succ(e),0.1752942273404842,0.7011769093619368
EX_uri(e),0.12312695451478216,1.1081425906330393
