,fluxes,C-fluxes
EX_ac(e),9.623471715023433,19.246943430046866
EX_for(e),6.536634677797234,6.536634677797234
EX_gly(e),1.9170806680186747,3.8341613360373494
EX_glyc(e),0.0038558028023423204,0.011567408407026962
EX_orn(e),0.1406500618265067,0.7032503091325335
EX_phe_L(e),1.958326917460991,17.62494225714892
EX_pro_L(e),1.9415821415827679,9.70791070791384
EX_succ(e),0.01670018310891184,0.06680073243564735
EX_uri(e),0.07294027017825855,0.6564624316043269
