,fluxes,C-fluxes
EX_ac(e),9.642058875658076,19.284117751316153
EX_etoh(e),0.28214463930827594,0.5642892786165519
EX_for(e),6.792216020765116,6.792216020765116
EX_gly(e),1.894651798232123,3.789303596464246
EX_glyc(e),0.0045074573386202944,0.013522372015860883
EX_orn(e),0.048527889634410855,0.24263944817205427
EX_phe_L(e),1.9514848440710235,17.563363596639213
EX_pro_L(e),1.835140675360047,9.175703376800236
