,fluxes,C-fluxes
EX_ac(e),9.292340195026293,18.584680390052586
EX_for(e),6.809081252023277,6.809081252023277
EX_gly(e),1.9091832440989245,3.818366488197849
EX_glyc(e),0.004231313672766088,0.012693941018298264
EX_orn(e),0.15345450783750653,0.7672725391875326
EX_phe_L(e),1.9543712108391753,17.589340897552578
EX_pro_L(e),1.9541259119607681,9.77062955980384
EX_uri(e),0.07893310812627025,0.7103979731364323
