,fluxes,C-fluxes
EX_5mthf(e),0.9977452656256017,19.954905312512036
EX_ac(e),18.528069875578517,37.05613975115703
EX_cytd(e),0.13560393152010258,1.2204353836809232
EX_for(e),13.940409031882982,13.940409031882982
EX_glcur(e),0.00032865,0.0019719
EX_phe_L(e),1.931144451506699,17.38030006356029
EX_pro_L(e),2.740113871405853,13.700569357029265
