,fluxes,C-fluxes
EX_5mthf(e),0.9976581963071467,19.953163926142935
EX_ac(e),19.238973503862514,38.47794700772503
EX_cytd(e),0.1401892269037733,1.2617030421339597
EX_for(e),13.665232726119816,13.665232726119816
EX_glcur(e),0.00032865,0.0019719
EX_phe_L(e),1.9481998297494754,17.533798467745278
EX_pro_L(e),3.2772245794145807,16.3861228970729
EX_succ(e),0.2047308554639574,0.8189234218558296
