,fluxes,C-fluxes
EX_ac(e),10.88707496724767,21.77414993449534
EX_for(e),5.354200402236068,5.354200402236068
EX_gly(e),1.8711941069289797,3.7423882138579594
EX_lys_L(e),0.95297633616388,5.71785801698328
EX_phe_L(e),1.9347058326379265,17.412352493741338
EX_pro_L(e),1.4625736801002025,7.312868400501013
