,fluxes,C-fluxes
EX_12ppd_S(e),0.14898579,0.44695737
EX_ac(e),14.844136917832039,29.688273835664077
EX_csn(e),0.05209979388322981,0.20839917553291923
EX_for(e),7.42838408902956,7.42838408902956
EX_phe_L(e),1.9139206265211017,17.225285638689915
EX_pro_L(e),0.8020837314506958,4.010418657253479
