,fluxes,C-fluxes
EX_ac(e),14.103188346520438,28.206376693040877
EX_cytd(e),0.09562454931934508,0.8606209438741057
EX_for(e),8.331821448597335,8.331821448597335
EX_gln_L(e),0.669450975504211,3.347254877521055
EX_gly(e),2.818553602538179,5.637107205076358
EX_glyc(e),0.005251673399723461,0.015755020199170383
EX_phe_L(e),1.9263487743969376,17.33713896957244
EX_pro_L(e),1.2656214774944228,6.328107387472114
