,fluxes,C-fluxes
EX_ac(e),20.256425154372216,40.51285030874443
EX_for(e),12.733515608462417,12.733515608462417
EX_glcur(e),0.00032865,0.0019719
EX_phe_L(e),1.9285033647148264,17.35653028243344
EX_pro_L(e),3.7568898778835678,18.784449389417837
