,fluxes,C-fluxes
EX_12ppd_S(e),0.14898579,0.44695737
EX_ac(e),13.634541317441156,27.269082634882313
EX_for(e),8.515075230318725,8.515075230318725
EX_phe_L(e),1.9185641517723009,17.26707736595071
EX_pro_L(e),1.8664719361769457,9.332359680884728
