,fluxes,C-fluxes
EX_ac(e),14.528849335896727,29.057698671793453
EX_for(e),6.845123587787345,6.845123587787345
EX_glcur(e),0.00032865,0.0019719
EX_phe_L(e),1.9496625261656892,17.546962735491203
EX_pro_L(e),0.24080129077785517,1.2040064538892759
EX_succ(e),0.03345213572909693,0.13380854291638772
