,fluxes,C-fluxes
EX_12ppd_S(e),0.14898579,0.44695737
EX_ac(e),13.10124885705229,26.20249771410458
EX_for(e),9.43114830789158,9.43114830789158
EX_gly(e),2.4250054004666524,4.850010800933305
EX_glyc(e),0.005092638789093171,0.015277916367279513
EX_orn(e),0.18180691891621678,0.9090345945810839
EX_phe_L(e),1.9484788559024846,17.536309703122363
EX_pro_L(e),1.9590950092515365,9.795475046257682
EX_succ(e),0.007307540104351285,0.02923016041740514
EX_uri(e),0.09336447905378548,0.8402803114840693
