,fluxes,C-fluxes
EX_ac(e),14.597175895097841,29.194351790195682
EX_cys_L(e),0.2667329563363758,0.8001988690091273
EX_for(e),10.259684841613566,10.259684841613566
EX_orn(e),0.11498175971662526,0.5749087985831263
EX_phe_L(e),1.922111620699914,17.299004586299226
