,fluxes,C-fluxes
EX_ac(e),20.479298789259733,40.958597578519466
EX_gln_L(e),3.0033207908895623,15.016603954447811
EX_gly(e),1.7951298363878319,3.5902596727756637
