,fluxes,C-fluxes
EX_ac(e),19.706187795393525,39.41237559078705
EX_nac(e),0.2202107351140331,1.3212644106841986
EX_succ(e),2.3422855187155256,9.369142074862102
