,fluxes,C-fluxes
EX_ac(e),23.359377327269797,46.718754654539595
EX_dad_2(e),0.05476891326806763,0.5476891326806763
EX_for(e),18.66019663019772,18.66019663019772
EX_gln_L(e),5.460429706786548,27.30214853393274
EX_hista(e),1.8844873777266804,9.422436888633403
EX_indole(e),1.9242504160783076,15.39400332862646
EX_ins(e),0.8822338225237886,8.822338225237885
EX_leu_L(e),0.385382845035151,2.312297070210906
EX_phe_L(e),1.8044236365927098,16.23981272933439
EX_ppa(e),1.8505973613972513,5.551792084191754
