,fluxes,C-fluxes
EX_12ppd_S(e),0.14898579,0.44695737
EX_ac(e),12.14473754758305,24.2894750951661
EX_gly(e),1.7739570502101203,3.5479141004202406
EX_phe_L(e),1.8527665661602855,16.67489909544257
EX_pro_L(e),1.7261575109564438,8.630787554782218
EX_succ(e),11.200817556712051,44.803270226848205
