,fluxes,C-fluxes
EX_acac(e),1.9199544612724624,7.6798178450898495
EX_dad_2(e),1.9170670795370506,19.170670795370505
EX_ile_L(e),0.7012908907793237,4.207745344675942
EX_lys_L(e),0.8422561503414541,5.053536902048725
EX_met_L(e),0.9020234980633995,4.510117490316998
EX_nac(e),0.99511261884007,5.9706757130404196
EX_succ(e),24.586293860278357,98.34517544111343
EX_thymd(e),0.8562238484614277,8.562238484614277
