,fluxes,C-fluxes
EX_ac(e),0.9548043434978035,1.909608686995607
EX_ala_L(e),1.2079908217102269,3.623972465130681
EX_dad_2(e),1.9576118893671837,19.576118893671836
EX_gcald(e),0.008278425750015913,0.016556851500031826
EX_gly(e),1.3768863238738929,2.7537726477477857
EX_ile_L(e),1.1323419264217602,6.794051558530562
EX_lys_L(e),0.8929759156051884,5.3578554936311305
EX_orn(e),1.8937796834387886,9.468898417193943
EX_succ(e),20.236034827428874,80.9441393097155
