,fluxes,C-fluxes
EX_ac(e),4.88504491310737,9.77008982621474
EX_dad_2(e),0.9839993921837321,9.839993921837321
EX_gcald(e),0.0016782346625693772,0.0033564693251387544
EX_gua(e),0.16848809598384762,0.8424404799192381
EX_hista(e),1.9612644075082257,9.806322037541129
EX_ins(e),0.8311779304899666,8.311779304899666
EX_phe_L(e),1.9419221884346054,17.477299695911448
EX_ppa(e),9.986617885587965,29.959853656763894
EX_succ(e),1.939424432764979,7.757697731059916
