,fluxes,C-fluxes
EX_acac(e),1.941180243829253,7.764720975317012
EX_ala_L(e),1.2223865445081765,3.6671596335245296
EX_gly(e),1.6934512411064577,3.3869024822129155
EX_hxan(e),0.9531627364394384,4.765813682197192
EX_ile_L(e),0.7724376767618145,4.634626060570887
EX_lys_L(e),0.8507508234504814,5.104504940702888
EX_succ(e),20.529658716164718,82.11863486465887
