,fluxes,C-fluxes
EX_ac(e),4.505645539110523,9.011291078221046
EX_ile_L(e),2.9120358615400215,17.47221516924013
EX_succ(e),4.783907956184034,19.135631824736137
