,fluxes,C-fluxes
EX_ac(e),7.3847382370481975,14.769476474096395
EX_ade(e),1.000206677650775,5.001033388253875
EX_dcyt(e),0.9484822628344817,8.536340365510336
EX_dgsn(e),0.04166056780138241,0.4166056780138241
EX_etoh(e),2.3389635369659425,4.677927073931885
EX_for(e),8.53445569557857,8.53445569557857
EX_nac(e),0.2895324145898766,1.7371944875392598
EX_orn(e),1.9665941811242713,9.832970905621357
EX_succ(e),3.780332924679696,15.121331698718784
