,fluxes,C-fluxes
EX_12ppd_S(e),0.14898579,0.44695737
EX_ac(e),4.216517439489913,8.433034878979827
EX_but(e),7.349684935050158,29.398739740200632
EX_for(e),8.819451266262641,8.819451266262641
EX_ptrc(e),1.655627592284461,6.622510369137844
EX_succ(e),0.023192354573143104,0.09276941829257242
