,fluxes,C-fluxes
EX_ac(e),0.28478903741156186,0.5695780748231237
EX_but(e),4.733044301464199,18.932177205856796
EX_for(e),9.6883875095177,9.6883875095177
EX_nac(e),0.10187755838759642,0.6112653503255785
