,fluxes,C-fluxes
EX_ac(e),5.960445412889831,11.920890825779662
EX_ade(e),1.894307569043958,9.471537845219789
EX_but(e),10.164683755425735,40.65873502170294
EX_dgsn(e),0.9379455604833152,9.379455604833153
EX_for(e),15.17078971970347,15.17078971970347
EX_ile_L(e),0.7881910835432492,4.729146501259495
EX_phe_L(e),1.7993682355007776,16.194314119507
