,fluxes,C-fluxes
EX_ac(e),6.5697721431178655,13.139544286235731
EX_ade(e),1.9087954544497374,9.543977272248688
EX_dcyt(e),0.9232258364882272,8.309032528394045
EX_for(e),0.027150450384546953,0.027150450384546953
EX_gcald(e),0.005242749246987164,0.010485498493974328
EX_gua(e),0.9887090806127435,4.943545403063718
EX_indole(e),1.9504004968464146,15.603203974771317
EX_ppa(e),17.258018162574043,51.774054487722125
