,fluxes,C-fluxes
EX_cytd(e),0.012911714162431975,0.11620542746188778
EX_pyr(e),1.8267923424219135,5.480377027265741
EX_succ(e),1.8029054431674298,7.211621772669719
