,fluxes,C-fluxes
EX_ade(e),0.987467753695582,4.93733876847791
EX_cytd(e),0.05893353183113002,0.5304017864801702
EX_dgsn(e),1.0,10.0
EX_for(e),3.8761112623226124,3.8761112623226124
EX_glu_L(e),1.9426573249572074,9.713286624786036
EX_succ(e),0.46146625963439386,1.8458650385375754
TS_fadh2_c,9.999682957879529,269.99143986274726
