,fluxes,C-fluxes
EX_akg(e),4.004187588484155,20.020937942420773
EX_cytd(e),0.0757630546336328,0.6818674917026951
EX_for(e),0.4574873629718002,0.4574873629718002
EX_gly(e),1.1825114442387537,2.3650228884775073
EX_ptrc(e),0.10521775694405462,0.4208710277762185
EX_pyr(e),1.7887970204450778,5.366391061335234
EX_succ(e),5.380257942618003,21.52103177047201
