,fluxes,C-fluxes
EX_cytd(e),0.01743273555752722,0.15689462001774498
EX_dad_2(e),0.00161797985151863,0.0161797985151863
EX_glyc(e),0.0006429655237741532,0.0019288965713224597
EX_pyr(e),3.7189635653406703,11.15689069602201
EX_succ(e),3.63906863393568,14.55627453574272
