,fluxes,C-fluxes
EX_cytd(e),0.026499101845451935,0.2384919166090674
EX_for(e),0.5726850306128887,0.5726850306128887
EX_gly(e),0.5716670774376496,1.143334154875299
EX_pyr(e),3.539980355711857,10.61994106713557
EX_succ(e),4.5693398189685155,18.277359275874062
