,fluxes,C-fluxes
EX_ala_L(e),0.9668109798991176,2.9004329396973527
EX_gln_L(e),0.12283006786010155,0.6141503393005078
EX_glu_L(e),0.9288355425592917,4.644177712796458
EX_glyc(e),0.0014792080719867574,0.004437624215960272
EX_ser_L(e),0.9739116482856675,2.9217349448570022
EX_succ(e),5.7133950484782945,22.853580193913178
TS_for_c,0.0014224018610163544,0.0014224018610163544
