,fluxes,C-fluxes
EX_akg(e),4.003741644271473,20.018708221357365
EX_cytd(e),0.07568374346145404,0.6811536911530863
EX_for(e),0.4610627672458007,0.4610627672458007
EX_gly(e),1.186077839730213,2.372155679460426
EX_ptrc(e),0.10554778454834532,0.4221911381933813
EX_pyr(e),1.7878044965278892,5.363413489583667
EX_succ(e),5.380063326605681,21.520253306422724
