,fluxes,C-fluxes
EX_akg(e),2.841227141872069,14.206135709360346
EX_for(e),1.2872280404167376,1.2872280404167376
EX_gly(e),1.8889960651038493,3.7779921302076986
EX_nac(e),0.0655109401956968,0.39306564117418075
EX_pyr(e),2.719404565434109,8.158213696302326
EX_succ(e),5.794790457970536,23.179161831882144
