,fluxes,C-fluxes
EX_ac(e),6.646539120501859,13.293078241003718
EX_ade(e),0.9993019456070747,4.996509728035374
EX_cys_L(e),0.9937886483501047,2.9813659450503143
EX_dcyt(e),0.7489680928855648,6.740712835970083
EX_gcald(e),0.0007829081426051805,0.001565816285210361
EX_lac_D(e),1.434505736362509,4.303517209087527
EX_nac(e),0.9997390299643193,5.9984341797859155
EX_succ(e),1.7314882150780289,6.925952860312115
