,fluxes,C-fluxes
EX_ac(e),10.160545073953502,20.321090147907004
EX_ade(e),0.9948789743642438,4.974394871821219
EX_cys_L(e),0.9839999799596388,2.9519999398789167
EX_dcyt(e),0.9578894236267554,8.621004812640798
EX_fru(e),0.10845494928649964,0.6507296957189979
EX_gcald(e),0.0017550349048663517,0.0035100698097327034
EX_glyc(e),0.006035075623128342,0.018105226869385028
EX_nac(e),0.9994149862775181,5.996489917665109
EX_succ(e),1.6923134819908832,6.769253927963533
