,fluxes,C-fluxes
EX_ac(e),5.199160416265626,10.398320832531253
EX_ade(e),0.9987205525109119,4.993602762554559
EX_dcyt(e),0.6711215648114638,6.040094083303174
EX_gcald(e),0.0007207522252777994,0.0014415044505555988
EX_glyc(e),0.002478465911434848,0.007435397734304544
EX_lac_D(e),1.881169646677772,5.643508940033316
EX_nac(e),0.9997597486576812,5.9985584919460875
EX_succ(e),1.876961167322503,7.507844669290012
