,fluxes,C-fluxes
EX_ac(e),10.128332743262991,20.256665486525982
EX_but(e),7.668802050681175,30.6752082027247
EX_for(e),6.951738679838993,6.951738679838993
EX_phe_L(e),1.7890294941537994,16.101265447384193
