,fluxes,C-fluxes
EX_ac(e),1.0545369706774732,2.1090739413549464
EX_nac(e),0.00044953629484508184,0.002697217769070491
