,fluxes,C-fluxes
EX_ac(e),0.8746635111383146,1.7493270222766293
EX_nac(e),0.0009123166795421778,0.005473900077253067
