,fluxes,C-fluxes
EX_ade(e),0.9140821071470333,4.570410535735166
EX_but(e),20.428479841717248,81.71391936686899
EX_csn(e),1.8533607569114272,7.413443027645709
EX_for(e),7.551028969852004,7.551028969852004
EX_gua(e),0.9349318975844315,4.674659487922158
EX_ile_L(e),0.6952990891830124,4.1717945350980745
EX_nac(e),0.7355469381559012,4.413281628935407
EX_phe_L(e),1.7462110874188683,15.715899786769814
EX_ppa(e),1.0,3.0
