,fluxes,C-fluxes
EX_ac(e),14.182491903585095,28.36498380717019
EX_dad_2(e),1.9133994550723166,19.133994550723166
EX_dcyt(e),0.8430775507288047,7.587697956559243
EX_gln_L(e),1.4597421900866825,7.298710950433413
EX_ile_L(e),0.7383570470777886,4.430142282466732
EX_nac(e),0.994744358432554,5.968466150595324
EX_succ(e),16.25313604907973,65.01254419631891
EX_tma(e),1.0,3.0
