,fluxes,C-fluxes
EX_ac(e),24.861764516126108,49.723529032252216
EX_gln_L(e),0.3943750656876124,1.971875328438062
EX_orn(e),0.02023545847790901,0.10117729238954504
