,fluxes,C-fluxes
EX_ac(e),14.330445421447951,28.660890842895903
EX_gcald(e),0.020185445943939263,0.04037089188787853
EX_hxan(e),0.76045265105678,3.8022632552838997
EX_lys_L(e),0.6287376130525288,3.772425678315173
EX_phe_L(e),1.6540880260793909,14.886792234714518
EX_succ(e),21.31760289478495,85.2704115791398
EX_ura(e),0.7574625548368407,3.0298502193473626
