,fluxes,C-fluxes
EX_ac(e),26.509668570069216,53.01933714013843
EX_orn(e),0.04580967063818003,0.22904835319090017
