,fluxes,C-fluxes
EX_ac(e),4.19960334200978,8.39920668401956
EX_for(e),5.285234026703133,5.285234026703133
EX_nac(e),0.009988475712907473,0.05993085427744484
