,fluxes,C-fluxes
EX_ac(e),4.659660046868835,9.31932009373767
EX_but(e),6.671108346945251,26.684433387781002
EX_for(e),15.36169395731628,15.36169395731628
EX_gln_L(e),3.6166689836187667,18.083344918093832
EX_ile_L(e),0.8310382597568254,4.986229558540953
EX_phe_L(e),1.8365133025188611,16.52861972266975
EX_ppa(e),1.9221849504892337,5.766554851467701
EX_ura(e),0.9195098702584642,3.678039481033857
