,fluxes,C-fluxes
EX_ac(e),27.41805493502497,54.83610987004994
EX_for(e),6.665444915523088,6.665444915523088
EX_gln_L(e),10.969230232994663,54.846151164973314
EX_hxan(e),0.9279463904672598,4.639731952336299
EX_ile_L(e),0.7601012063750259,4.560607238250155
EX_indole(e),1.9853168096249036,15.88253447699923
EX_orn(e),1.7985080343182263,8.99254017159113
EX_tma(e),1.0,3.0
