,fluxes,C-fluxes
EX_ac(e),2.510272624091054,5.020545248182108
EX_etoh(e),1.5397713659905232,3.0795427319810464
EX_for(e),4.03265120796195,4.03265120796195
EX_gln_L(e),1.9138251790253076,9.569125895126538
EX_phe_L(e),1.9744692577274163,17.770223319546748
