,fluxes,C-fluxes
EX_ac(e),16.84486200803544,33.68972401607088
EX_cys_L(e),0.9490637823045989,2.847191346913797
EX_dad_2(e),0.8993918367926323,8.993918367926323
EX_for(e),3.2205986717203534,3.2205986717203534
EX_nac(e),0.9899501428590712,5.939700857154428
EX_succ(e),9.809697723749744,39.23879089499898
EX_thymd(e),0.8376166774436047,8.376166774436047
EX_tma(e),1.0,3.0
