,fluxes,C-fluxes
EX_ac(e),15.827870277522539,31.655740555045078
EX_cys_L(e),0.9659443034019921,2.8978329102059766
EX_nac(e),0.9969186093445914,5.981511656067548
EX_succ(e),9.41299792543693,37.65199170174772
EX_tma(e),1.0,3.0
