,fluxes,C-fluxes
EX_ac(e),13.360658205360846,26.72131641072169
EX_cys_L(e),0.9656629206803623,2.896988762041087
EX_for(e),3.616505527316512,3.616505527316512
EX_gln_L(e),1.6690025189855362,8.345012594927681
EX_nac(e),0.1620591298201202,0.9723547789207212
EX_succ(e),4.165238142895408,16.660952571581632
