,fluxes,C-fluxes
EX_ac(e),13.569808746495271,27.139617492990542
EX_for(e),7.130623811792008,7.130623811792008
EX_gly(e),1.565400704640762,3.130801409281524
EX_ile_L(e),0.15609449468750858,0.9365669681250515
EX_phe_L(e),1.821721450698605,16.395493056287446
EX_val_L(e),1.1734674652979118,5.867337326489559
