,fluxes,C-fluxes
EX_ac(e),11.605111689307304,23.210223378614607
EX_but(e),2.286692716233587,9.146770864934348
EX_dad_2(e),0.9369946373401183,9.369946373401184
EX_for(e),15.453295129547325,15.453295129547325
EX_gly(e),1.7335431923204343,3.4670863846408686
EX_nac(e),0.9971140634297236,5.982684380578342
EX_phe_L(e),1.8031469248041034,16.22832232323693
