,fluxes,C-fluxes
EX_ac(e),4.856491811281969,9.712983622563938
EX_but(e),9.302157804342377,37.20863121736951
EX_dad_2(e),1.9163868085709488,19.16386808570949
EX_dcyt(e),0.8515864367047769,7.664277930342991
EX_for(e),25.75145127311584,25.75145127311584
EX_gln_L(e),1.6552552094770037,8.276276047385018
EX_phe_L(e),1.801372707632621,16.21235436869359
EX_ppa(e),1.853519766279926,5.560559298839778
EX_tma(e),1.0,3.0
