,fluxes,C-fluxes
EX_but(e),3.4288882401477996,13.715552960591198
EX_for(e),2.7974971485626905,2.7974971485626905
EX_pro_L(e),1.4972808288416883,7.486404144208442
EX_succ(e),7.467546034714598,29.87018413885839
