,fluxes,C-fluxes
EX_ac(e),12.355475448188203,24.710950896376406
EX_etoh(e),3.475866451685662,6.951732903371324
EX_for(e),11.92454164441902,11.92454164441902
EX_gly(e),1.7485073049444169,3.4970146098888337
EX_lys_L(e),0.929644303769686,5.577865822618116
EX_orn(e),2.0,10.0
EX_pro_L(e),1.584326818102975,7.921634090514875
