,fluxes,C-fluxes
EX_ac(e),3.7725405473722513,7.545081094744503
EX_etoh(e),3.14435063104199,6.28870126208398
EX_for(e),6.923627482115678,6.923627482115678
EX_hxan(e),0.9692796524129536,4.846398262064768
EX_orn(e),0.09275119865403843,0.4637559932701921
