,fluxes,C-fluxes
EX_ac(e),10.62749232245919,21.25498464491838
EX_etoh(e),2.257602196770347,4.515204393540694
EX_for(e),7.081783855048008,7.081783855048008
EX_orn(e),1.9239243745362096,9.619621872681048
TS_ahcys_c,0.00013972352924203804,0.0019561294093885327
