,fluxes,C-fluxes
EX_ac(e),3.855815927244507,7.711631854489014
EX_but(e),9.118184311535973,36.47273724614389
EX_for(e),6.370090519311337,6.370090519311337
EX_gly(e),1.8442233172647273,3.6884466345294546
EX_phe_L(e),1.8657164829192947,16.791448346273654
TS_ahcys_c,0.00019236880524887284,0.00269316327348422
