,fluxes,C-fluxes
EX_ac(e),2.236336452220991,4.472672904441982
EX_but(e),1.0209935199391909,4.083974079756763
EX_for(e),6.287810264615355,6.287810264615355
EX_nac(e),0.04635591331613174,0.27813547989679044
