,fluxes,C-fluxes
EX_ac(e),11.335540074435176,22.671080148870352
EX_but(e),3.2834886716168943,13.133954686467577
EX_for(e),11.197947353667663,11.197947353667663
EX_met_L(e),0.9008562717685211,4.504281358842606
EX_orn(e),0.0865922713584912,0.43296135679245595
EX_succ(e),0.0865922713584912,0.3463690854339648
