,fluxes,C-fluxes
EX_ac(e),14.546659771287617,29.093319542575234
EX_asp_L(e),3.6645009629741203,14.658003851896481
EX_but(e),2.132356168774343,8.529424675097372
EX_for(e),4.633575958838683,4.633575958838683
EX_isobut(e),0.3376852691956228,1.3507410767824912
