,fluxes,C-fluxes
EX_ac(e),13.827148945010086,27.65429789002017
EX_dad_2(e),0.05840003573310585,0.5840003573310585
EX_for(e),13.014387071404206,13.014387071404206
EX_hista(e),1.9576675295597754,9.788337647798876
EX_orn(e),0.08077986843207664,0.4038993421603832
EX_phe_L(e),1.9162404758678593,17.246164282810735
EX_ppa(e),3.8077904099314686,11.423371229794405
EX_pro_L(e),2.449661078052349,12.248305390261745
EX_trypta(e),1.9778660009865934,19.778660009865934
