,fluxes,C-fluxes
EX_ac(e),6.751392787653765,13.50278557530753
EX_dad_2(e),0.9780179472209786,9.780179472209786
EX_gua(e),0.964962316570856,4.82481158285428
EX_hista(e),1.964788379107172,9.82394189553586
EX_lys_L(e),0.9602702529248393,5.7616215175490355
EX_orn(e),1.7334869779091067,8.667434889545532
EX_phe_L(e),1.9396439296779777,17.4567953671018
EX_ppa(e),14.15644215706884,42.46932647120652
EX_succ(e),1.831725694886443,7.326902779545772
EX_trypta(e),1.9780546757626054,19.780546757626055
