,fluxes,C-fluxes
EX_ac(e),0.7905399006528104,1.5810798013056209
EX_ala_L(e),9.586721092445002,28.760163277335003
EX_hista(e),1.9697068704201415,9.848534352100707
EX_hxan(e),0.981274533296331,4.906372666481655
EX_lac_L(e),5.168949915819008,15.506849747457023
EX_nac(e),0.9993494247042158,5.996096548225295
EX_orn(e),0.037921687964341984,0.1896084398217099
EX_ppa(e),0.36567190449781145,1.0970157134934344
EX_tym(e),1.9695528540985832,15.756422832788665
