,fluxes,C-fluxes
EX_ac(e),8.788045434584943,17.576090869169885
EX_ade(e),1.9630176382575746,9.815088191287874
EX_dgsn(e),0.9744854789672805,9.744854789672805
EX_for(e),11.849744945919609,11.849744945919609
EX_gcald(e),0.004200132817526158,0.008400265635052317
EX_lys_L(e),0.9586181101123957,5.751708660674375
EX_orn(e),1.4753884062000229,7.376942031000114
EX_phe_L(e),1.974950209800767,17.774551888206904
EX_ppa(e),2.844251315921436,8.532753947764308
EX_succ(e),4.329039768184912,17.316159072739648
