,fluxes,C-fluxes
EX_4hphac(e),0.13958607289341157,1.1166885831472926
EX_ala_L(e),4.274148647453307,12.822445942359922
EX_glu_L(e),0.1258423921428845,0.6292119607144225
EX_ile_L(e),0.9936082984644061,5.961649790786437
EX_lac_L(e),0.9433635074184,2.8300905222552
EX_succ(e),0.0004993422502903962,0.001997369001161585
