,fluxes,C-fluxes
EX_15dap(e),1.1188011145827226,5.594005572913613
EX_ac(e),6.790149487441133,13.580298974882266
EX_asp_L(e),5.797302374874202,23.18920949949681
EX_succ(e),0.3334417135849191,1.3337668543396763
EX_tyr_L(e),9.983422204925903,89.85079984433312
EX_val_L(e),0.9850682468808125,4.925341234404063
