,fluxes,C-fluxes
EX_ac(e),10.390722148346795,20.78144429669359
EX_ala_L(e),3.1977020396627007,9.593106118988102
EX_for(e),2.934881208904196,2.934881208904196
EX_gln_L(e),0.13642497474625084,0.6821248737312542
EX_glu_L(e),2.6575100778877276,13.287550389438639
EX_hista(e),1.962778909159085,9.813894545795424
EX_phe_L(e),1.9532931879223796,17.579638691301415
EX_ppa(e),5.75075978788812,17.252279363664357
EX_pro_L(e),0.6800330653591572,3.400165326795786
EX_ura(e),1.0,4.0
