,fluxes,C-fluxes
EX_4hphac(e),1.9530470329946632,15.624376263957306
EX_5mta(e),0.001453590842009466,0.015989499262104127
EX_ac(e),12.712702139468412,25.425404278936824
EX_adn(e),0.0005098005324978837,0.005098005324978837
EX_dad_2(e),0.9472506828486291,9.472506828486292
EX_gln_L(e),4.53593905817798,22.6796952908899
EX_hista(e),0.6822482153272086,3.411241076636043
EX_indole(e),1.9436176895703154,15.548941516562524
EX_ppa(e),16.398184126842477,49.194552380527426
