,fluxes,C-fluxes
EX_ac(e),9.60817187493304,19.21634374986608
EX_ala_L(e),0.21124378092976873,0.6337313427893062
EX_cys_L(e),0.9803912009279526,2.941173602783858
EX_for(e),9.077569371480225,9.077569371480225
EX_orn(e),0.09826698840409452,0.4913349420204726
EX_phe_L(e),1.9277770372637326,17.349993335373593
