,fluxes,C-fluxes
EX_ac(e),11.018082542812762,22.036165085625523
EX_ade(e),1.9674373036196404,9.837186518098202
EX_dgsn(e),0.9784409569346016,9.784409569346016
EX_for(e),7.787797975879677,7.787797975879677
EX_gln_L(e),0.3112833631160378,1.5564168155801892
EX_phe_L(e),1.9072092564314025,17.164883307882622
EX_ppa(e),6.0657581847929505,18.19727455437885
EX_ptrc(e),0.9628490061834478,3.8513960247337913
