,fluxes,C-fluxes
EX_ac(e),19.646076118498186,39.29215223699637
EX_dad_2(e),0.9525570932025987,9.525570932025987
EX_for(e),9.44209566460744,9.44209566460744
