,fluxes,C-fluxes
EX_ac(e),16.33427725497909,32.66855450995818
EX_for(e),14.567269631123697,14.567269631123697
EX_met_L(e),1.8454916319177757,9.227458159588878
EX_nac(e),0.3131158264962228,1.878694958977337
EX_orn(e),0.0948077654576152,0.474038827288076
EX_pro_L(e),3.726051545114856,18.63025772557428
