,fluxes,C-fluxes
EX_4abut(e),2.0,8.0
EX_ac(e),4.355364389415595,8.71072877883119
EX_adn(e),0.0004386518621172458,0.004386518621172458
EX_akg(e),0.6962387118532019,3.4811935592660093
EX_for(e),3.8363052878286226,3.8363052878286226
EX_gly(e),1.8228348253398032,3.6456696506796065
