,fluxes,C-fluxes
EX_ac(e),16.86225489750911,33.72450979501822
TS_ahcys_c,0.00020888872231759388,0.002924442112446314
