,fluxes,C-fluxes
EX_ac(e),14.338467093730053,28.676934187460105
EX_dad_2(e),0.9687365628350594,9.687365628350594
EX_etoh(e),1.5888995073743373,3.1777990147486745
EX_for(e),9.229064469667946,9.229064469667946
EX_succ(e),2.741293730887453,10.965174923549812
TS_thglu_c,0.00018917822087251857,0.004540277300940446
