,fluxes,C-fluxes
EX_ac(e),12.325434846539803,24.650869693079606
EX_etoh(e),2.861194150842011,5.722388301684022
EX_for(e),11.905867179447156,11.905867179447156
EX_gln_L(e),1.6782906082962687,8.391453041481343
EX_nac(e),0.9979544683840412,5.987726810304247
EX_succ(e),4.569670260679546,18.278681042718183
