,fluxes,C-fluxes
EX_4abut(e),2.0,8.0
EX_ac(e),19.656018153815328,39.312036307630656
EX_dad_2(e),1.4031212160753928,14.031212160753928
EX_dcyt(e),0.9034918619201484,8.131426757281336
EX_etoh(e),0.5714285443120152,1.1428570886240303
EX_for(e),9.0044146297374,9.0044146297374
EX_ile_L(e),0.4321443625142025,2.592866175085215
EX_orn(e),2.0,10.0
EX_ppa(e),0.14898579,0.44695737
EX_tma(e),1.0,3.0
