,fluxes,C-fluxes
EX_4abut(e),3.5323127217825525,14.12925088713021
EX_ac(e),8.869217091983389,17.738434183966778
EX_for(e),2.1295868554847637,2.1295868554847637
EX_orn(e),1.918635242036039,9.593176210180195
EX_succ(e),12.833845138962909,51.335380555851636
