,fluxes,C-fluxes
EX_2obut(e),0.0008537333642806672,0.003414933457122669
EX_ac(e),7.857033378852493,15.714066757704986
EX_for(e),7.024357493038143,7.024357493038143
EX_glyc(e),0.0025810746882332005,0.0077432240646996015
EX_nac(e),0.7101149343694125,4.260689606216475
EX_succ(e),0.0039774698291944,0.0159098793167776
