,fluxes,C-fluxes
EX_2obut(e),0.0016488061244824515,0.006595224497929806
EX_ac(e),7.852862466316634,15.705724932633268
EX_for(e),7.01976440146942,7.01976440146942
EX_glyc(e),0.002580712243192826,0.007742136729578478
EX_nac(e),0.7085706220530815,4.251423732318489
EX_succ(e),0.003976911296650028,0.015907645186600112
