,fluxes,C-fluxes
EX_12ppd_S(e),0.14898579,0.44695737
EX_ac(e),15.333021371728078,30.666042743456156
EX_ala_L(e),3.6659008455183884,10.997702536555165
EX_for(e),8.391320348866545,8.391320348866545
EX_ile_L(e),0.7724946790298335,4.634968074179001
EX_orn(e),1.9244133721764443,9.62206686088222
EX_succ(e),3.381965943020256,13.527863772081025
EX_tma(e),1.0,3.0
