,fluxes,C-fluxes
EX_ac(e),16.303209067403177,32.606418134806354
EX_ade(e),1.9196730206416777,9.598365103208389
EX_dcyt(e),0.884970839233492,7.964737553101427
EX_for(e),15.234791003652445,15.234791003652445
EX_gln_L(e),1.5237917615047516,7.618958807523758
EX_gua(e),0.946713903928488,4.73356951964244
EX_ile_L(e),2.596259450327176,15.577556701963054
EX_nac(e),0.9955614433484606,5.973368660090764
EX_succ(e),3.1846776661573295,12.738710664629318
EX_tma(e),1.0,3.0
