,fluxes,C-fluxes
EX_ac(e),10.800406068756239,21.600812137512477
EX_but(e),5.56913429754937,22.27653719019748
EX_for(e),3.665869557900616,3.665869557900616
EX_phe_L(e),1.880324178786119,16.92291760907507
