,fluxes,C-fluxes
EX_ac(e),9.190232416606165,18.38046483321233
EX_ala_L(e),0.01696690915801214,0.05090072747403642
EX_but(e),4.524853607661149,18.099414430644597
EX_for(e),3.9584265155805722,3.9584265155805722
EX_nac(e),0.19167030233417215,1.150021814005033
EX_phe_L(e),1.8056803967706183,16.251123570935565
