,fluxes,C-fluxes
EX_4abut(e),7.295593729495707,29.182374917982827
EX_ac(e),28.398835266620356,56.79767053324071
EX_dad_2(e),1.00123197862243,10.0123197862243
EX_for(e),8.509319031149534,8.509319031149534
EX_indole(e),1.955426611178762,15.643412889430095
EX_nac(e),0.9947851209268699,5.96871072556122
EX_phe_L(e),1.6699504611607874,15.029554150447087
EX_ptrc(e),1.365542417378422,5.462169669513688
