,fluxes,C-fluxes
EX_4abut(e),7.657990622099026,30.631962488396105
EX_ac(e),24.295227778578607,48.59045555715721
EX_dad_2(e),1.0075865994220556,10.075865994220557
EX_for(e),12.138549421748007,12.138549421748007
EX_gcald(e),0.006509891008062047,0.013019782016124094
EX_indole(e),1.913919637725063,15.311357101800503
EX_nac(e),0.9978273966670205,5.986964380002123
EX_phe_L(e),1.6310653182040027,14.679587863836025
EX_ptrc(e),1.0,4.0
