,fluxes,C-fluxes
EX_4abut(e),6.29218168091797,25.16872672367188
EX_ac(e),23.557858335871206,47.11571667174241
EX_dad_2(e),1.0012493397216549,10.012493397216549
EX_for(e),13.045246284298345,13.045246284298345
EX_indole(e),1.9632056529279467,15.705645223423573
EX_nac(e),0.9946015085919458,5.967609051551675
EX_phe_L(e),1.6583867274426107,14.925480546983497
EX_ptrc(e),1.0,4.0
