,fluxes,C-fluxes
EX_12ppd_S(e),0.29797158,0.89391474
EX_4abut(e),6.715548712642055,26.86219485056822
EX_ac(e),24.761141765893658,49.522283531787316
EX_dad_2(e),1.0011850960529542,10.011850960529543
EX_for(e),10.966606533981926,10.966606533981926
EX_indole(e),1.941195688809732,15.529565510477855
EX_nac(e),0.994900400084465,5.96940240050679
EX_phe_L(e),1.7528813187922079,15.77593186912987
EX_ppa(e),1.7961558106145648,5.3884674318436945
EX_ptrc(e),1.213560650740492,4.854242602961968
