,fluxes,C-fluxes
EX_4abut(e),5.130418571868842,20.521674287475367
EX_ac(e),24.83967625002163,49.67935250004326
EX_dad_2(e),1.0010857490671763,10.010857490671762
EX_for(e),9.731149835654765,9.731149835654765
EX_indole(e),1.967165405363917,15.737323242911335
EX_nac(e),0.9951711652692138,5.9710269916152825
EX_phe_L(e),1.748254017728408,15.734286159555673
EX_ppa(e),1.7555806536477043,5.266741960943113
EX_ptrc(e),1.278096207360799,5.112384829443196
EX_tma(e),1.0,3.0
