,fluxes,C-fluxes
EX_ac(e),5.829372188083163,11.658744376166325
EX_but(e),1.4291758531319327,5.716703412527731
EX_for(e),8.634579868697292,8.634579868697292
EX_malt(e),0.25733909,3.08806908
EX_phe_L(e),1.9110965019887547,17.199868517898793
TS_ahcys_c,0.00011006728353873817,0.0015409419695423343
