,fluxes,C-fluxes
EX_ac(e),4.651284048459374,9.302568096918748
EX_but(e),9.263925174842669,37.055700699370675
EX_for(e),6.442380665608714,6.442380665608714
EX_nac(e),0.28144527455984036,1.6886716473590422
EX_phe_L(e),1.7368590705971196,15.631731635374077
EX_ura(e),0.5081021752479776,2.0324087009919105
TS_hcys__L_c,0.0003670012988721113,0.0014680051954884452
