,fluxes,C-fluxes
EX_4abut(e),3.6338395854000662,14.535358341600265
EX_ac(e),2.4927808287898343,4.985561657579669
EX_but(e),8.173364458332916,32.693457833331664
EX_for(e),16.342281417135286,16.342281417135286
EX_gly(e),1.6004378610706893,3.2008757221413786
EX_succ(e),0.013713064432614294,0.054852257730457175
