,fluxes,C-fluxes
EX_ac(e),32.752267770854985,65.50453554170997
EX_ade(e),0.00512582634789191,0.02562913173945955
EX_csn(e),0.8692894793129654,3.4771579172518616
EX_ile_L(e),0.7406171214624336,4.443702728774602
EX_phe_L(e),1.7292936420457932,15.563642778412138
