,fluxes,C-fluxes
EX_ac(e),9.109359773479712,18.218719546959424
EX_but(e),0.15015347164941137,0.6006138865976455
EX_for(e),8.557491730899455,8.557491730899455
