,fluxes,C-fluxes
EX_ac(e),4.870267485896065,9.74053497179213
EX_but(e),7.66752690716945,30.6701076286778
EX_for(e),8.91736221439054,8.91736221439054
EX_gly(e),1.804062337085001,3.608124674170002
EX_phe_L(e),1.758693478993838,15.828241310944541
TS_thglu_c,0.000177999761275317,0.004271994270607609
