,fluxes,C-fluxes
EX_ac(e),19.323520540750824,38.64704108150165
EX_ade(e),2.4507863783293256,12.253931891646628
EX_for(e),9.75968023494965,9.75968023494965
EX_gua(e),0.9833737292547408,4.916868646273704
EX_lys_L(e),0.596383863045643,3.578303178273858
EX_orn(e),2.0,10.0
EX_pro_L(e),0.8113196354430185,4.0565981772150925
EX_ptrc(e),2.776504159508228,11.106016638032912
EX_succ(e),0.8292740892316687,3.3170963569266747
EX_ura(e),1.7762743369263687,7.105097347705475
