,fluxes,C-fluxes
EX_ac(e),10.105656866344187,20.211313732688375
EX_for(e),6.024308443888767,6.024308443888767
EX_gln_L(e),1.7251765830359713,8.625882915179856
EX_gthrd(e),2.0,20.0
EX_phe_L(e),1.9629086948804786,17.666178253924308
EX_rbflvrd(e),0.9980494620643329,16.966840855093658
