,fluxes,C-fluxes
EX_ac(e),2.605096112897744,5.210192225795488
EX_but(e),4.484751555447794,17.939006221791175
EX_for(e),12.996072619139989,12.996072619139989
EX_gcald(e),0.003910876791832654,0.007821753583665308
EX_ppa(e),1.0,3.0
