,fluxes,C-fluxes
EX_ac(e),11.590349934668499,23.180699869336998
EX_but(e),11.42785662568819,45.71142650275276
EX_for(e),0.25737151835705,0.25737151835705
EX_gly(e),1.7150616893496449,3.4301233786992897
EX_indole(e),1.9865070727836511,15.892056582269209
EX_phe_L(e),1.8378498024164285,16.540648221747855
