,fluxes,C-fluxes
EX_ac(e),1.225783113697407,2.451566227394814
EX_but(e),10.805245596011721,43.220982384046884
EX_for(e),4.67338973741907,4.67338973741907
EX_indole(e),1.9924493098226854,15.939594478581483
EX_ppa(e),1.9458139325476291,5.837441797642887
