,fluxes,C-fluxes
EX_ac(e),14.385958262088794,28.771916524177588
EX_but(e),6.587234855507134,26.348939422028536
EX_dad_2(e),0.950024742364591,9.50024742364591
EX_gly(e),0.7967473841566355,1.593494768313271
EX_indole(e),1.9885355791872235,15.908284633497788
