,fluxes,C-fluxes
EX_ac(e),7.907266096311913,15.814532192623826
EX_ade(e),1.675676350750514,8.378381753752569
EX_ch4s(e),1.9640186423923867,1.9640186423923867
EX_dgsn(e),0.9066752779860235,9.066752779860236
EX_for(e),7.2648100354211484,7.2648100354211484
EX_gln_L(e),1.7554903232084365,8.777451616042182
EX_ile_L(e),0.7820644323612587,4.6923865941675516
EX_indole(e),1.9930856118178473,15.944684894542778
EX_ppa(e),4.880445359155163,14.641336077465489
EX_succ(e),8.267364039742745,33.06945615897098
