,fluxes,C-fluxes
EX_ac(e),3.1057893159984857,6.2115786319969715
EX_but(e),11.58956361433396,46.35825445733584
EX_for(e),3.5629437939220314,3.5629437939220314
EX_gly(e),1.8469442807047955,3.693888561409591
EX_indole(e),1.9856891612102776,15.88551328968222
