,fluxes,C-fluxes
EX_ac(e),3.78010847156622,7.56021694313244
EX_ade(e),0.9820625659904858,4.910312829952429
EX_but(e),12.354478479801054,49.41791391920422
EX_dgsn(e),0.9762351182602566,9.762351182602565
EX_for(e),2.67911724489692,2.67911724489692
EX_gly(e),1.8526382444275402,3.7052764888550804
EX_indole(e),1.9916997885346712,15.93359830827737
EX_ppa(e),1.0066313110118792,3.019893933035638
