,fluxes,C-fluxes
EX_ac(e),2.4771133219338797,4.954226643867759
EX_but(e),10.668227110906283,42.67290844362513
EX_for(e),5.207152769377633,5.207152769377633
EX_indole(e),1.9934654433066656,15.947723546453325
