,fluxes,C-fluxes
EX_ac(e),28.190590189395113,56.381180378790226
EX_but(e),1.8216954673785433,7.286781869514173
EX_dad_2(e),0.9333545854663996,9.333545854663996
EX_gln_L(e),1.719715165927949,8.598575829639746
EX_gly(e),0.7689381481341578,1.5378762962683157
