,fluxes,C-fluxes
EX_ac(e),20.38870338630642,40.77740677261284
EX_but(e),6.16128679239872,24.64514716959488
EX_gln_L(e),1.6637957291717314,8.318978645858657
EX_gly(e),0.7799943700706543,1.5599887401413086
EX_indole(e),1.9803865284805169,15.843092227844135
EX_phe_L(e),1.8191637909573988,16.372474118616587
