,fluxes,C-fluxes
EX_ac(e),8.869767751311409,17.739535502622818
EX_ade(e),0.9766244970579315,4.8831224852896575
EX_but(e),8.879313035059967,35.51725214023987
EX_dgsn(e),0.9764117792032861,9.764117792032861
EX_for(e),0.24645188191251602,0.24645188191251602
EX_gly(e),1.8413211936974654,3.6826423873949308
EX_indole(e),1.9908844839958757,15.927075871967006
EX_ppa(e),1.0002127178546454,3.000638153563936
EX_rib_D(e),0.00021271785464539606,0.0010635892732269803
