,fluxes,C-fluxes
EX_ac(e),2.562538834666024,5.125077669332048
EX_but(e),10.424118413118627,41.69647365247451
EX_for(e),5.243004624418647,5.243004624418647
EX_indole(e),1.988275849586285,15.90620679669028
EX_phe_L(e),1.8488355109350023,16.63951959841502
EX_ppa(e),1.9427909108596915,5.828372732579075
