,fluxes,C-fluxes
EX_ac(e),2.9268401720269472,5.8536803440538945
EX_but(e),9.31175024292723,37.24700097170892
EX_for(e),0.014201181448709676,0.014201181448709676
EX_indole(e),1.9907153919098695,15.925723135278956
EX_ppa(e),1.9543135765767292,5.862940729730187
EX_succ(e),2.9355744732096234,11.742297892838494
