,fluxes,C-fluxes
EX_ac(e),8.757173192084624,17.514346384169247
EX_ade(e),0.9830021988616642,4.915010994308321
EX_but(e),8.957358784000093,35.82943513600037
EX_dgsn(e),0.982778492977441,9.82778492977441
EX_for(e),0.26123221004219005,0.26123221004219005
EX_gly(e),1.8328609904388378,3.6657219808776755
EX_indole(e),1.9903981434225408,15.923185147380327
EX_ppa(e),1.0002237058842232,3.0006711176526695
EX_rib_D(e),0.00022370588422310276,0.0011185294211155138
