,fluxes,C-fluxes
EX_ac(e),7.814314459518376,15.628628919036752
EX_ala_L(e),0.8562557414359373,2.5687672243078117
EX_etoh(e),5.999209212694205,11.99841842538841
EX_for(e),12.837778091272186,12.837778091272186
EX_gln_L(e),1.8294424456458296,9.147212228229147
EX_hista(e),1.9811415628531799,9.905707814265899
EX_ile_L(e),0.8755456776958048,5.2532740661748285
EX_trypta(e),1.9868922043488506,19.868922043488507
EX_tym(e),1.9531087051570915,15.624869641256732
