,fluxes,C-fluxes
EX_4hphac(e),2.889523742340913,23.116189938727302
EX_ac(e),2.0360443355512725,4.072088671102545
EX_gln_L(e),3.5242386671353683,17.621193335676843
EX_gua(e),2.0172196397251905,10.086098198625953
EX_hista(e),1.8997354801719655,9.498677400859828
EX_lys_L(e),0.9338710828218872,5.603226496931324
EX_orn(e),1.8284086295653998,9.142043147827
EX_ppa(e),18.90634652554924,56.71903957664772
EX_succ(e),2.3314723729841096,9.325889491936438
