,fluxes,C-fluxes
EX_ac(e),15.982598439998407,31.965196879996814
EX_for(e),8.58729481311519,8.58729481311519
EX_gcald(e),0.0027379535326172272,0.0054759070652344545
EX_gln_L(e),1.8438017071451775,9.219008535725887
EX_hista(e),1.9599240692005824,9.799620346002913
EX_phe_L(e),2.8893774029337838,26.004396626404052
EX_ppa(e),0.710185793788663,2.130557381365989
EX_succ(e),3.1445008825709864,12.578003530283945
EX_trypta(e),1.9718491098296427,19.718491098296425
