,fluxes,C-fluxes
EX_ac(e),0.8449086011064163,1.6898172022128326
EX_for(e),0.13764109095479263,0.13764109095479263
EX_glu_L(e),0.0009130897830547902,0.004565448915273951
EX_gly(e),0.13595740105290993,0.27191480210581986
EX_succ(e),1.9429487948398045,7.771795179359218
