,fluxes,C-fluxes
EX_cytd(e),0.05385964617510558,0.4847368155759502
EX_for(e),4.578529476703762,4.578529476703762
EX_glu_L(e),2.0749489862574997,10.374744931287498
EX_glyc(e),0.0030616356200964963,0.009184906860289489
EX_succ(e),4.594396469495707,18.377585877982828
