,fluxes,C-fluxes
EX_ac(e),2.3966472505120793,4.7932945010241585
EX_for(e),0.8134145352355855,0.8134145352355855
EX_glu_L(e),0.02027485936035849,0.10137429680179244
EX_gly(e),0.8103947312093595,1.620789462418719
EX_succ(e),3.408798912901724,13.635195651606896
EX_tyr_L(e),0.013918297012916466,0.1252646731162482
