,fluxes,C-fluxes
EX_ala_L(e),1.6439104774892201,4.931731432467661
EX_gly(e),0.006854950927538445,0.01370990185507689
EX_phe_L(e),1.935412684054177,17.418714156487592
EX_succ(e),8.76417558502713,35.05670234010852
