,fluxes,C-fluxes
EX_ac(e),2.956440693799576,5.912881387599152
EX_glu_L(e),0.1828306223606044,0.9141531118030221
EX_succ(e),3.814715572148795,15.25886228859518
EX_urea(e),0.1768076374666153,0.1768076374666153
