,fluxes,C-fluxes
EX_acac(e),3.2292666967926555,12.917066787170622
EX_akg(e),4.630136648172595,23.150683240862975
EX_dad_2(e),0.007650612818288802,0.07650612818288802
EX_gly(e),0.7631602513518536,1.5263205027037072
EX_succ(e),4.939798524644618,19.759194098578472
