,fluxes,C-fluxes
EX_ac(e),13.91903173637845,27.8380634727569
EX_for(e),3.790011884665994,3.790011884665994
EX_gly(e),1.8161049300864194,3.6322098601728388
EX_nac(e),0.9978365300168582,5.987019180101149
EX_phe_L(e),1.8337877417857562,16.504089676071807
EX_succ(e),4.9996954240719,19.9987816962876
TS_ahcys_c,0.00027277693179334,0.00381887704510676
