,fluxes,C-fluxes
EX_ac(e),4.271979358000113,8.543958716000226
EX_dad_2(e),0.7276627992177769,7.276627992177769
EX_glu_L(e),0.2625141023575965,1.3125705117879825
EX_ins(e),0.9815697795109991,9.81569779510999
EX_nac(e),0.999495199733851,5.996971198403106
EX_orn(e),1.9532384442385582,9.76619222119279
EX_succ(e),3.614117783658738,14.456471134634953
