,fluxes,C-fluxes
EX_ac(e),1.8572143667759362,3.7144287335518724
EX_akg(e),0.3864179952396313,1.9320899761981565
EX_for(e),0.0035855778084890894,0.0035855778084890894
EX_gly(e),11.882765825295634,23.765531650591267
EX_glyc(e),0.002070232134315653,0.00621069640294696
EX_lac_L(e),0.09855352885997512,0.29566058657992533
EX_lys_L(e),0.9885324140514324,5.931194484308595
EX_ser_L(e),0.7342249119045046,2.2026747357135137
TS_co2_c,1.1552634586773827,1.1552634586773827
