,fluxes,C-fluxes
EX_ac(e),25.201492052589327,50.40298410517865
EX_ade(e),2.0211478889138412,10.105739444569206
EX_ala_L(e),1.2676509421012796,3.802952826303839
EX_csn(e),1.6004038193637007,6.401615277454803
EX_for(e),10.082485265189945,10.082485265189945
EX_gcald(e),0.009993487696907562,0.019986975393815123
EX_nac(e),0.9966686179886979,5.980011707932187
EX_pro_L(e),3.6462766555911617,18.231383277955807
EX_succ(e),1.2153725894123912,4.861490357649565
