,fluxes,C-fluxes
EX_4abut(e),1.811049849881181,7.244199399524724
EX_ac(e),11.987910967779815,23.97582193555963
EX_coprost(e),0.00495795,0.13386465
EX_for(e),9.039239269999975,9.039239269999975
EX_nac(e),0.12740907905940885,0.7644544743564531
EX_succ(e),5.85073646202024,23.40294584808096
TS_ahcys_c,0.0001316660772811592,0.001843325081936229
