,fluxes,C-fluxes
EX_4abut(e),1.8220841210803773,7.288336484321509
EX_ac(e),15.515515692685078,31.031031385370156
EX_for(e),8.415911475873953,8.415911475873953
EX_succ(e),6.060041065235912,24.240164260943647
TS_ahcys_c,0.0001243995285614845,0.0017415933998607832
