,fluxes,C-fluxes
EX_4abut(e),1.9663485286362357,7.865394114544943
EX_ac(e),1.2377536966308398,2.4755073932616796
EX_etoh(e),1.472112844924291,2.944225689848582
EX_for(e),0.006931115484680692,0.006931115484680692
EX_lac_D(e),5.349675963955944,16.04902789186783
EX_nac(e),0.9993874720042791,5.996324832025675
