,fluxes,C-fluxes
EX_ac(e),12.381339988352527,24.762679976705055
EX_etoh(e),1.4436574220857912,2.8873148441715824
EX_for(e),10.796359388550744,10.796359388550744
EX_lys_L(e),0.060715312630843614,0.36429187578506167
EX_succ(e),3.89596455801295,15.5838582320518
