,fluxes,C-fluxes
EX_ac(e),0.9300101781973347,1.8600203563946693
EX_for(e),0.009890374735008986,0.009890374735008986
EX_ile_L(e),0.8642062669160195,5.185237601496118
EX_lac_D(e),8.100330702280324,24.300992106840972
EX_nac(e),0.07393868192481337,0.4436320915488802
EX_orn(e),0.03289869996757194,0.1644934998378597
EX_succ(e),0.015468834928490974,0.061875339713963896
