,fluxes,C-fluxes
EX_ac(e),2.4574688284667188,4.9149376569334375
EX_lac_D(e),3.701791218958749,11.105373656876246
EX_nac(e),0.05111671770588199,0.30670030623529193
EX_orn(e),0.01207561927589552,0.060378096379477594
EX_succ(e),3.9299077966709595,15.719631186683838
