,fluxes,C-fluxes
EX_ac(e),0.9735592997683256,1.9471185995366511
EX_coprost(e),0.00495795,0.13386465
EX_for(e),0.0069762601856867,0.0069762601856867
EX_lac_D(e),13.08463278634804,39.25389835904412
EX_succ(e),0.012364783498501397,0.04945913399400559
