,fluxes,C-fluxes
EX_coprost(e),0.00495795,0.13386465
EX_for(e),0.00356919319633965,0.00356919319633965
EX_lac_D(e),8.87106985006154,26.61320955018462
EX_succ(e),0.0029058202210135637,0.011623280884054255
