,fluxes,C-fluxes
EX_ac(e),4.595894910309165,9.19178982061833
EX_ade(e),1.1977061542647456,5.9885307713237275
EX_etoh(e),0.45254135511036425,0.9050827102207285
EX_gly(e),2.3486305464664126,4.697261092932825
EX_gua(e),0.9975168154032357,4.987584077016178
EX_lac_D(e),7.623809589219063,22.87142876765719
EX_orn(e),2.0,10.0
EX_succ(e),1.8520640689548302,7.408256275819321
