,fluxes,C-fluxes
EX_4abut(e),6.431885395019342,25.727541580077368
EX_ac(e),6.563793360233684,13.127586720467368
EX_for(e),0.008525299179585359,0.008525299179585359
EX_orn(e),0.025149439554033325,0.12574719777016663
