,fluxes,C-fluxes
EX_ac(e),9.05818791320919,18.11637582641838
EX_etoh(e),1.908595365349737,3.817190730699474
EX_for(e),9.166839495305826,9.166839495305826
EX_succ(e),3.0680088935093677,12.27203557403747
TS_ahcys_c,0.00010619920187503434,0.0014867888262504807
