,fluxes,C-fluxes
EX_ac(e),1.2767787221085027,2.5535574442170055
EX_for(e),0.004074734286280743,0.004074734286280743
EX_lac_D(e),9.879178039600331,29.637534118800993
EX_succ(e),0.0132816353884078,0.0531265415536312
