,fluxes,C-fluxes
EX_2obut(e),0.5885287172168372,2.3541148688673488
EX_5mthf(e),0.586834711275651,11.73669422551302
EX_ac(e),6.732689176670437,13.465378353340874
EX_ala_D(e),0.12181102315922937,0.3654330694776881
EX_orn(e),0.043492697447785805,0.21746348723892903
EX_succ(e),3.158252303516822,12.633009214067288
EX_thf(e),0.4107045858307218,7.8033871307837135
