,fluxes,C-fluxes
EX_ac(e),1.3008106324168485,2.601621264833697
EX_lac_D(e),10.145798728160901,30.437396184482704
EX_succ(e),0.013943194523944723,0.055772778095778894
