,fluxes,C-fluxes
EX_4abut(e),1.7773956136676903,7.109582454670761
EX_ac(e),19.967248170645405,39.93449634129081
EX_for(e),9.813387774425612,9.813387774425612
EX_succ(e),4.121624316701198,16.486497266804793
