,fluxes,C-fluxes
EX_ac(e),9.11403957775967,18.22807915551934
EX_etoh(e),1.141270819680284,2.282541639360568
EX_for(e),8.438059385065287,8.438059385065287
EX_nac(e),0.7054305560663239,4.232583336397943
EX_succ(e),3.84837925953991,15.39351703815964
TS_ahcys_c,0.00010503368489738129,0.0014704715885633381
