,fluxes,C-fluxes
EX_ac(e),1.2922853585154084,2.5845707170308168
EX_ala_L(e),1.015287521950729,3.045862565852187
EX_for(e),0.007371807916531818,0.007371807916531818
EX_ile_L(e),1.241909038405181,7.451454230431086
EX_lac_D(e),6.596478773050353,19.789436319151058
EX_nac(e),0.07820802846036981,0.46924817076221886
EX_orn(e),0.039836839650630326,0.19918419825315165
EX_succ(e),0.01637264886495682,0.06549059545982729
