,fluxes,C-fluxes
EX_ac(e),1.1573658019492186,2.314731603898437
EX_coprost(e),0.00495795,0.13386465
EX_lac_D(e),14.148266139716412,42.44479841914924
EX_succ(e),0.004772421220561604,0.019089684882246417
