,fluxes,C-fluxes
EX_ac(e),14.149854397744562,28.299708795489124
EX_etoh(e),4.084986883978728,8.169973767957456
EX_for(e),10.884240419217807,10.884240419217807
EX_succ(e),0.032188511828365754,0.12875404731346302
