,fluxes,C-fluxes
EX_4abut(e),1.3110844031614741,5.2443376126458965
EX_ac(e),12.057662380142894,24.115324760285787
EX_coprost(e),0.00495795,0.13386465
EX_etoh(e),0.16158475571779415,0.3231695114355883
EX_for(e),9.282405681204159,9.282405681204159
EX_gln_L(e),0.5018313262628175,2.509156631314087
EX_nac(e),0.1278393153113925,0.7670358918683551
EX_succ(e),5.7765840180887125,23.10633607235485
TS_ahcys_c,0.00014183483768929981,0.0019856877276501973
