,fluxes,C-fluxes
EX_ac(e),2.9439725791645173,5.8879451583290345
EX_for(e),0.00857534978969554,0.00857534978969554
EX_glu_L(e),1.8830666150265232,9.415333075132615
EX_lac_D(e),7.530581852359473,22.59174555707842
