,fluxes,C-fluxes
EX_ac(e),2.486259337909386,4.972518675818772
EX_cys_L(e),0.9987634889423074,2.996290466826922
EX_lac_D(e),4.703032512966057,14.109097538898169
EX_nac(e),0.046061218798442286,0.27636731279065374
EX_orn(e),0.011548243912083105,0.05774121956041552
EX_succ(e),1.9336112671730192,7.734445068692077
