,fluxes,C-fluxes
EX_5mthf(e),0.9936742040251059,19.873484080502116
EX_ac(e),18.321855335657112,36.643710671314224
EX_for(e),8.998369183876218,8.998369183876218
EX_succ(e),2.1314509598385567,8.525803839354227
