,fluxes,C-fluxes
EX_4abut(e),2.6870195868677578,10.748078347471031
EX_ac(e),13.368574306424374,26.73714861284875
EX_for(e),6.676188860093076,6.676188860093076
EX_ile_L(e),0.1343551341511918,0.8061308049071507
EX_lys_L(e),0.9520521917859555,5.712313150715733
EX_succ(e),3.6565277980988338,14.626111192395335
EX_thymd(e),0.1212044512600862,1.2120445126008619
