,fluxes,C-fluxes
EX_ac(e),16.95193856227174,33.90387712454348
EX_adn(e),0.000535924766339879,0.00535924766339879
EX_orn(e),0.030419468860101315,0.1520973443005066
EX_phe_L(e),1.9683845188740945,17.71546066986685
EX_succ(e),0.0008740623832689819,0.0034962495330759275
