,fluxes,C-fluxes
EX_ac(e),12.358333020250326,24.71666604050065
EX_dcyt(e),0.9438817991785048,8.494936192606543
EX_lac_D(e),7.3479567600241005,22.0438702800723
EX_lys_L(e),0.9068922926085579,5.441353755651347
EX_nac(e),0.2759157803431757,1.6554946820590541
EX_orn(e),3.7253782068216212,18.626891034108105
EX_pro_L(e),0.04135108223388163,0.20675541116940813
EX_succ(e),0.03422954598159434,0.13691818392637736
