,fluxes,C-fluxes
EX_ac(e),12.313155196930168,24.626310393860336
EX_dcyt(e),0.945066902167095,8.505602119503855
EX_lac_D(e),7.308199861813546,21.92459958544064
EX_lys_L(e),0.92552742121439,5.55316452728634
EX_nac(e),0.23950699595515865,1.4370419757309518
EX_orn(e),3.783798428198644,18.918992140993222
EX_succ(e),0.1130038018506742,0.4520152074026968
