,fluxes,C-fluxes
EX_12ppd_S(e),0.14898579,0.44695737
EX_4abut(e),2.0,8.0
EX_ac(e),15.651642711873663,31.303285423747326
EX_etoh(e),0.657120492165668,1.314240984331336
EX_for(e),9.905260762422024,9.905260762422024
EX_gcald(e),0.005630566579806239,0.011261133159612477
EX_pro_L(e),1.7690320028730016,8.845160014365007
EX_succ(e),1.928552875933396,7.714211503733584
