,fluxes,C-fluxes
EX_12ppd_S(e),0.14898579,0.44695737
EX_4abut(e),2.0,8.0
EX_ac(e),15.6579578413483,31.3159156826966
EX_etoh(e),0.6545261628953067,1.3090523257906135
EX_for(e),9.907837593407049,9.907837593407049
EX_gcald(e),0.005631220860786788,0.011262441721573577
EX_pro_L(e),1.770302847110873,8.851514235554365
EX_succ(e),1.9282478283571014,7.712991313428406
