,fluxes,C-fluxes
EX_12ppd_S(e),0.14898579,0.44695737
EX_4abut(e),2.0,8.0
EX_ac(e),15.652303139090833,31.304606278181666
EX_etoh(e),0.6569092861520868,1.3138185723041735
EX_for(e),9.905486186027934,9.905486186027934
EX_gcald(e),0.005630406999079275,0.01126081399815855
EX_pro_L(e),1.7694272675310245,8.847136337655122
EX_succ(e),1.928464154548615,7.71385661819446
