,fluxes,C-fluxes
EX_12ppd_S(e),0.14898579,0.44695737
EX_4abut(e),2.0,8.0
EX_ac(e),15.657585547875748,31.315171095751495
EX_etoh(e),0.6549846987095813,1.3099693974191626
EX_for(e),9.908192635099928,9.908192635099928
EX_gcald(e),0.0056305187055881506,0.011261037411176301
EX_pro_L(e),1.7701706526892589,8.850853263446295
EX_succ(e),1.9279842672604202,7.711937069041681
