,fluxes,C-fluxes
EX_12ppd_S(e),0.14898579,0.44695737
EX_4abut(e),2.0,8.0
EX_ac(e),15.65192836497917,31.30385672995834
EX_etoh(e),0.6570164526022509,1.3140329052045019
EX_for(e),9.905319403628182,9.905319403628182
EX_gcald(e),0.005630422957151972,0.011260845914303944
EX_pro_L(e),1.7692367650875842,8.84618382543792
EX_succ(e),1.9285208881611637,7.714083552644655
