,fluxes,C-fluxes
EX_12ppd_S(e),0.14898579,0.44695737
EX_ac(e),20.345876961186406,40.69175392237281
EX_dad_2(e),0.9532204281171099,9.532204281171099
EX_for(e),13.366137007621141,13.366137007621141
EX_pro_L(e),3.104248924423878,15.52124462211939
EX_succ(e),1.0,4.0
