,fluxes,C-fluxes
EX_12ppd_S(e),0.14898579,0.44695737
EX_4abut(e),2.0,8.0
EX_ac(e),14.950678568716405,29.90135713743281
EX_etoh(e),1.9159480857790099,3.8318961715580198
EX_for(e),10.514919779104833,10.514919779104833
EX_pro_L(e),1.784539778981327,8.922698894906635
EX_succ(e),0.02948937337128452,0.11795749348513808
