,fluxes,C-fluxes
EX_4abut(e),3.6077406879333984,14.430962751733594
EX_ac(e),21.734995276780968,43.469990553561935
EX_dad_2(e),1.9294826465043,19.294826465043002
EX_dcyt(e),0.8732185807472339,7.858967226725105
EX_gly(e),14.691643629048508,29.383287258097017
EX_lys_L(e),0.8162787381866371,4.897672429119822
EX_trypta(e),1.9701857862399987,19.701857862399986
EX_tym(e),1.9495728322826553,15.596582658261243
