,fluxes,C-fluxes
EX_ac(e),19.0746111002302,38.1492222004604
EX_for(e),6.481173482415051,6.481173482415051
EX_gln_L(e),1.6841095766915093,8.420547883457546
EX_gly(e),3.733510195249807,7.467020390499614
EX_lys_L(e),0.9420090115443844,5.652054069266306
EX_pro_L(e),0.003617803753343409,0.018089018766717046
EX_succ(e),0.04039425541949849,0.16157702167799395
