,fluxes,C-fluxes
EX_ac(e),13.684651152173934,27.36930230434787
EX_ade(e),0.9475638117899547,4.737819058949774
EX_dgsn(e),0.9715306894438227,9.715306894438227
EX_ile_L(e),1.0896863331562718,6.538117998937631
EX_lys_L(e),0.9191416929008285,5.514850157404971
EX_ptrc(e),0.926432600941596,3.705730403766384
EX_succ(e),4.167404803777157,16.66961921510863
