,fluxes,C-fluxes
EX_ac(e),0.007387955594344457,0.014775911188688914
EX_acald(e),2.93789930215807,5.87579860431614
EX_ade(e),1.9812806211339449,9.906403105669725
EX_for(e),1.0102149461001302,1.0102149461001302
EX_lac_D(e),9.543310033481232,28.629930100443694
EX_lys_L(e),0.9182781099393521,5.509668659636112
EX_nac(e),0.9995410225061837,5.997246135037102
EX_succ(e),0.0003835438809142872,0.0015341755236571487
EX_uri(e),0.9766234857317844,8.789611371586059
