,fluxes,C-fluxes
EX_12ppd_S(e),0.14898579,0.44695737
EX_ac(e),22.60175914779211,45.20351829558422
EX_ade(e),2.937590313412908,14.687951567064541
EX_gln_L(e),1.6286586648703918,8.143293324351959
EX_glyclt(e),4.602402133197578,9.204804266395156
EX_gua(e),0.9292120113665084,4.6460600568325425
EX_hista(e),1.9505288609648892,9.752644304824447
EX_phe_L(e),1.7830747115802483,16.047672404222237
EX_ppa(e),7.2667408251340735,21.800222475402222
