,fluxes,C-fluxes
EX_ac(e),20.009006925796683,40.018013851593366
EX_hista(e),0.7889793725471809,3.9448968627359045
EX_phe_L(e),1.2276766662231915,11.049089996008723
