,fluxes,C-fluxes
EX_ac(e),3.235516446739395,6.47103289347879
EX_ala_L(e),6.393120365729857,19.17936109718957
EX_for(e),0.6727701845451988,0.6727701845451988
EX_gln_L(e),0.16895538261433365,0.8447769130716682
EX_glu_L(e),1.6915326946505247,8.457663473252623
EX_lys_L(e),0.9800367933162811,5.8802207598976866
EX_phe_L(e),1.2490401280080154,11.24136115207214
EX_ppa(e),3.611053062328755,10.833159186986265
EX_succ(e),3.611466250396522,14.445865001586087
