,fluxes,C-fluxes
EX_ac(e),0.47031186706486117,0.9406237341297223
EX_acald(e),3.0456623093342823,6.091324618668565
EX_hista(e),0.5467165055267921,2.7335825276339603
EX_phe_L(e),1.9595903474637353,17.63631312717362
EX_ppa(e),9.550555027212939,28.651665081638818
EX_succ(e),7.365082832748538,29.46033133099415
EX_ura(e),0.9743469686963361,3.8973878747853443
