,fluxes,C-fluxes
EX_ac(e),13.49856575177094,26.99713150354188
EX_for(e),13.59713949578961,13.59713949578961
EX_nac(e),0.9960975280675475,5.976585168405284
EX_phe_L(e),1.7398195687635447,15.658376118871903
EX_succ(e),4.526242547035514,18.104970188142055
