,fluxes,C-fluxes
EX_ac(e),5.863659810334733,11.727319620669466
EX_for(e),9.067175069541236,9.067175069541236
EX_orn(e),1.9256411608397532,9.628205804198766
EX_phe_L(e),1.9019937078717464,17.11794337084572
EX_ppa(e),2.9075692060659093,8.722707618197727
EX_succ(e),2.4134694372770533,9.653877749108213
