,fluxes,C-fluxes
EX_ac(e),4.500224435239215,9.00044887047843
EX_ala_L(e),0.4293403631714207,1.288021089514262
EX_for(e),0.001792781304433738,0.001792781304433738
EX_gln_L(e),1.392230944672392,6.961154723361959
EX_gly(e),0.9880799522300717,1.9761599044601434
EX_glyc(e),0.0015705069078027721,0.004711520723408316
EX_nac(e),0.016039196144608584,0.09623517686765151
EX_phe_L(e),1.9806106342098126,17.825495707888315
EX_succ(e),3.7952531955703024,15.18101278228121
