,fluxes,C-fluxes
EX_ac(e),5.767119650375158,11.534239300750317
EX_gln_L(e),3.2687807369343127,16.343903684671563
EX_hista(e),1.922422522771732,9.61211261385866
EX_nac(e),0.9982083760032743,5.989250256019646
EX_phe_L(e),1.8021243192834457,16.21911887355101
EX_ppa(e),23.701177675507516,71.10353302652254
EX_trypta(e),1.9499138775398022,19.499138775398023
EX_ura(e),0.02495946136758544,0.09983784547034176
