,fluxes,C-fluxes
EX_gln_L(e),0.2710557793256612,1.355278896628306
EX_leu_L(e),0.6925426722565289,4.155256033539173
EX_phe_L(e),1.8843689698225472,16.959320728402925
EX_ppa(e),9.43092237297827,28.29276711893481
EX_succ(e),8.72410620583585,34.8964248233434
