,fluxes,C-fluxes
EX_ac(e),6.894284655661055,13.78856931132211
EX_for(e),3.1971324960691403,3.1971324960691403
EX_gcald(e),0.001216057774950606,0.002432115549901212
EX_glyc(e),0.1531674735742529,0.4595024207227587
EX_hista(e),1.9893421671199714,9.946710835599857
EX_phe_L(e),1.9416897399532627,17.475207659579365
EX_succ(e),4.485220263927893,17.94088105571157
EX_trypta(e),0.7740813412013668,7.740813412013669
