,fluxes,C-fluxes
EX_ac(e),3.42636703464886,6.85273406929772
EX_for(e),0.008225899798150941,0.008225899798150941
EX_glyc(e),0.1524751347700691,0.4574254043102073
EX_hista(e),0.524851426823873,2.624257134119365
EX_succ(e),4.693923102542255,18.77569241016902
