,fluxes,C-fluxes
EX_ac(e),5.467757390276481,10.935514780552962
EX_for(e),0.009212403113317573,0.009212403113317573
EX_glyclt(e),3.27035218561514,6.54070437123028
EX_phe_L(e),1.9660058517030603,17.694052665327543
EX_succ(e),0.8568643704195679,3.4274574816782715
