,fluxes,C-fluxes
EX_ac(e),7.047169916454687,14.094339832909373
EX_for(e),3.1744131464949557,3.1744131464949557
EX_glyc(e),0.15360203120698712,0.46080609362096137
EX_glyclt(e),0.001342429648519493,0.002684859297038986
EX_hista(e),1.9846393819225931,9.923196909612965
EX_phe_L(e),1.929971837759389,17.3697465398345
EX_succ(e),4.804973845916043,19.219895383664173
EX_trypta(e),1.1423303668912062,11.423303668912062
