,fluxes,C-fluxes
EX_ac(e),12.539864321461776,25.079728642923552
EX_acald(e),1.9855234066455545,3.971046813291109
EX_ade(e),2.7860898965204886,13.930449482602443
EX_for(e),9.013237050162557,9.013237050162557
EX_gln_L(e),4.078274244623524,20.391371223117616
EX_gua(e),0.8802112065178691,4.401056032589345
EX_indole(e),1.9563304542828273,15.650643634262618
EX_orn(e),1.900228458699136,9.50114229349568
EX_phe_L(e),0.7797603401129681,7.0178430610167135
EX_succ(e),4.284864852571768,17.13945941028707
