,fluxes,C-fluxes
EX_4abut(e),0.05235283774306908,0.2094113509722763
EX_ac(e),9.418868290349439,18.837736580698877
EX_but(e),8.400662241111126,33.602648964444505
EX_dad_2(e),0.03340066938804795,0.3340066938804795
EX_for(e),0.022426503856638563,0.022426503856638563
EX_indole(e),1.990535208074899,15.924281664599192
