,fluxes,C-fluxes
EX_ac(e),10.782336095617538,21.564672191235076
EX_for(e),0.4543862358932667,0.4543862358932667
EX_gly(e),0.9570845527281265,1.914169105456253
EX_phe_L(e),1.9597124988814132,17.637412489932718
