,fluxes,C-fluxes
EX_ac(e),5.420705073167243,10.841410146334486
EX_for(e),0.4514119037016909,0.4514119037016909
EX_gly(e),2.8257053877461176,5.651410775492235
EX_met_L(e),0.8783884610864485,4.391942305432242
EX_orn(e),0.014925959711119895,0.07462979855559948
EX_phe_L(e),1.9594794898371344,17.63531540853421
