,fluxes,C-fluxes
EX_ac(e),19.708828162839033,39.41765632567807
EX_for(e),20.745705236212313,20.745705236212313
EX_gcald(e),0.010548732878303338,0.021097465756606676
EX_gln_L(e),4.437904238208721,22.189521191043603
EX_hista(e),1.9270501434709946,9.635250717354973
EX_tym(e),1.913026207492697,15.304209659941575
