,fluxes,C-fluxes
EX_ac(e),20.979864280141992,41.959728560283985
EX_for(e),19.559739226770333,19.559739226770333
EX_gcald(e),0.01380695641300188,0.02761391282600376
EX_gln_L(e),3.002003234763782,15.01001617381891
EX_gly(e),1.1650566636701725,2.330113327340345
EX_hista(e),1.9493639225975,9.7468196129875
EX_leu_L(e),1.278157231779106,7.668943390674635
EX_tym(e),1.8941295150086257,15.153036120069006
EX_ura(e),0.9624305177878659,3.8497220711514637
