,fluxes,C-fluxes
EX_ac(e),11.852365320917627,23.704730641835255
EX_dad_2(e),1.9622647512106375,19.622647512106376
EX_dcyt(e),0.941140156291928,8.470261406627353
EX_for(e),13.263572393682592,13.263572393682592
EX_gln_L(e),4.063477724648264,20.31738862324132
EX_phe_L(e),1.8098313279356333,16.2884819514207
EX_pro_L(e),1.9016024390857698,9.508012195428849
TS_2ommb_c,0.0006912796560286798,0.03318142348937663
