,fluxes,C-fluxes
EX_12ppd_S(e),0.14898579,0.44695737
EX_ac(e),12.796085872098313,25.592171744196627
EX_ade(e),1.0003350376990472,5.001675188495236
EX_arab_L(e),0.00201572,0.0100786
EX_for(e),13.372962139025871,13.372962139025871
EX_ocdca(e),2.0,36.0
EX_ppa(e),6.998166411826594,20.99449923547978
EX_pydxn(e),0.9973152403317393,7.978521922653915
