,fluxes,C-fluxes
EX_12ppd_S(e),0.14898579,0.44695737
EX_ac(e),11.219544130443348,22.439088260886695
EX_dad_2(e),0.047593389483118254,0.47593389483118254
EX_for(e),13.946122411259157,13.946122411259157
EX_gcald(e),0.004753580392298768,0.009507160784597537
EX_pac(e),1.8813769295058957,15.051015436047166
EX_ppa(e),9.228647316215406,27.685941948646217
