,fluxes,C-fluxes
EX_ac(e),2.659522185254728,5.319044370509456
EX_ala_L(e),7.237395679570228,21.712187038710685
EX_for(e),0.005951182314647341,0.005951182314647341
EX_lys_L(e),0.9471724751373116,5.683034850823869
EX_orn(e),1.968691830585096,9.84345915292548
EX_succ(e),3.918328099081083,15.673312396324333
