,fluxes,C-fluxes
EX_ac(e),3.314310848543475,6.62862169708695
EX_ade(e),1.988974470303017,9.944872351515086
EX_cys_L(e),0.966813890300848,2.900441670902544
EX_for(e),0.009198970197574602,0.009198970197574602
EX_gln_L(e),1.4127681238662873,7.063840619331437
EX_glyc(e),0.00497871855865514,0.014936155675965422
EX_ser_L(e),2.3901319644468524,7.170395893340557
EX_succ(e),2.5503664461880704,10.201465784752282
