,fluxes,C-fluxes
EX_ac(e),12.242876705130136,24.485753410260273
EX_ade(e),1.8016300784517707,9.008150392258854
EX_for(e),11.950623158927563,11.950623158927563
EX_glyc(e),0.010134984032905607,0.03040495209871682
EX_orn(e),2.345490685063819,11.727453425319094
EX_phe_L(e),0.7900995400879415,7.110895860791473
EX_succ(e),2.881794473703119,11.527177894812477
EX_thymd(e),0.04626030845647551,0.4626030845647551
