,fluxes,C-fluxes
EX_ac(e),19.435875336955856,38.87175067391171
EX_ade(e),2.785219627679097,13.926098138395485
EX_dcyt(e),1.4336064387035,12.902457948331499
EX_for(e),10.63202908253516,10.63202908253516
EX_gcald(e),0.0034837125142604436,0.006967425028520887
EX_gln_L(e),2.0082105059308897,10.041052529654449
EX_glyc(e),0.011979515857208203,0.03593854757162461
EX_indole(e),1.9832732810358835,15.866186248287068
