,fluxes,C-fluxes
EX_ac(e),10.006052192514955,20.01210438502991
EX_ade(e),2.7666221571716716,13.833110785858358
EX_cys_L(e),0.957660817503358,2.872982452510074
EX_dcyt(e),1.7070053264428362,15.363047937985526
EX_for(e),10.221664932822561,10.221664932822561
EX_gcald(e),0.003595533418097538,0.007191066836195076
EX_lys_L(e),0.19887851652071462,1.1932710991242876
EX_met_L(e),0.947632811877468,4.73816405938734
EX_succ(e),8.959296650745108,35.83718660298043
