,fluxes,C-fluxes
EX_12ppd_S(e),0.14898579,0.44695737
EX_ac(e),2.629416193564825,5.25883238712965
EX_for(e),4.625056333415003,4.625056333415003
EX_ppa(e),4.1469942313666905,12.440982694100072
