,fluxes,C-fluxes
EX_ac(e),9.768567029905947,19.537134059811894
EX_ade(e),2.945093112294648,14.725465561473241
EX_dcyt(e),1.9178120183691152,17.260308165322037
EX_for(e),8.814394152073724,8.814394152073724
EX_gcald(e),0.00379459167981767,0.00758918335963534
EX_glyc(e),0.013048542614790425,0.03914562784437128
EX_ppa(e),7.598612329190009,22.795836987570027
