,fluxes,C-fluxes
EX_ac(e),1.9557481841688562,3.9114963683377124
EX_ade(e),2.170325444740937,10.851627223704686
EX_dcyt(e),1.901045982721842,17.10941384449658
EX_for(e),9.407584449516708,9.407584449516708
EX_gcald(e),0.0027295951269928486,0.005459190253985697
EX_glyc(e),0.009386316458007379,0.028158949374022135
EX_gua(e),0.7756206069668315,3.8781030348341576
EX_ppa(e),11.366370464101458,34.09911139230437
