,fluxes,C-fluxes
EX_ac(e),8.55683725314947,17.11367450629894
EX_ade(e),1.9577139984045469,9.788569992022735
EX_dcyt(e),1.9045652174301602,17.14108695687144
EX_for(e),8.579464084336044,8.579464084336044
EX_gcald(e),0.003109438918554352,0.006218877837108704
EX_glyc(e),0.01069249333271976,0.03207747999815928
EX_ptrc(e),1.9992782635302422,7.997113054120969
EX_succ(e),8.47124228130434,33.88496912521736
