,fluxes,C-fluxes
EX_ac(e),4.641223882665813,9.282447765331627
EX_ade(e),0.867119660254821,4.335598301274105
EX_for(e),1.0086757697098732,1.0086757697098732
EX_gua(e),0.9338903628639076,4.669451814319538
EX_phe_L(e),1.8585655143130664,16.7270896288176
EX_ppa(e),23.583204428479533,70.7496132854386
EX_succ(e),0.3409022623726335,1.363609049490534
EX_thymd(e),0.8877224821137709,8.877224821137709
