,fluxes,C-fluxes
EX_ac(e),8.632087795394247,17.264175590788494
EX_for(e),5.097464500974421,5.097464500974421
EX_hxan(e),0.8871522091312373,4.435761045656187
EX_lys_L(e),0.9117272898729508,5.470363739237705
EX_orn(e),1.8349804755666888,9.174902377833444
EX_succ(e),8.860314237812204,35.44125695124882
TS_copre5b_c,0.0002001298808503137,0.00860558487656349
