,fluxes,C-fluxes
EX_ac(e),8.744809098802667,17.489618197605335
EX_for(e),2.1011998606427698,2.1011998606427698
EX_gal(e),0.07449289,0.44695734000000004
EX_gly(e),1.6118213464402666,3.2236426928805333
EX_hxan(e),0.9499255649931145,4.749627824965573
EX_lys_L(e),0.9269321938627016,5.56159316317621
EX_ppa(e),10.732644270915658,32.19793281274698
EX_pro_L(e),1.6990319331432355,8.495159665716178
EX_succ(e),4.534584203425951,18.138336813703805
