,fluxes,C-fluxes
EX_ac(e),9.337441341977707,18.674882683955413
EX_acald(e),0.17878295,0.3575659
EX_for(e),8.893950636828423,8.893950636828423
EX_gln_L(e),5.605052689923856,28.02526344961928
EX_hxan(e),0.8508602684930814,4.254301342465407
EX_indole(e),1.9723140387288387,15.77851230983071
EX_lys_L(e),0.918084954487947,5.508509726927683
EX_phe_L(e),1.8210733985800902,16.389660587220813
EX_ppa(e),13.621315366143776,40.86394609843133
