,fluxes,C-fluxes
EX_ac(e),14.233248264893906,28.46649652978781
EX_dad_2(e),0.9238266702061182,9.238266702061182
EX_for(e),14.652283857734014,14.652283857734014
EX_gln_L(e),1.5490612454388997,7.745306227194498
EX_indole(e),1.9571961021005777,15.657568816804622
EX_nac(e),0.9959224472978403,5.975534683787042
EX_phe_L(e),1.741680998977975,15.675128990801774
EX_tma(e),1.0,3.0
EX_ttdca(e),1.5732948538986324,22.026127954580854
