,fluxes,C-fluxes
EX_4abut(e),1.4989754059680207,5.995901623872083
EX_ac(e),15.272794547715659,30.545589095431318
EX_dad_2(e),0.9333647953655717,9.333647953655717
EX_for(e),14.37190051059558,14.37190051059558
EX_indole(e),1.9588462082736433,15.670769666189146
EX_nac(e),0.9961425440308855,5.976855264185313
EX_phe_L(e),1.7100874442097318,15.390786997887586
EX_tma(e),1.0,3.0
EX_ttdca(e),1.7801573374773128,24.92220272468238
