,fluxes,C-fluxes
EX_ac(e),15.032390606940146,30.06478121388029
EX_dad_2(e),0.9192971572035713,9.192971572035713
EX_for(e),15.386229462969926,15.386229462969926
EX_gln_L(e),1.6136953841809836,8.068476920904917
EX_indole(e),1.9647501775930216,15.718001420744173
EX_nac(e),0.9961084997773718,5.976650998664231
EX_phe_L(e),1.7524240215370275,15.771816193833248
EX_ttdca(e),1.6208013242165282,22.691218539031397
