,fluxes,C-fluxes
EX_4hphac(e),1.9076405635470226,15.26112450837618
EX_ac(e),38.45201519747326,76.90403039494652
EX_dad_2(e),0.003459586585616214,0.034595865856162145
EX_for(e),0.03432707368527523,0.03432707368527523
EX_gln_L(e),1.4829922326166876,7.414961163083438
EX_nac(e),0.9977316618962606,5.986389971377564
EX_ppa(e),3.1972609041270488,9.591782712381146
EX_ptrc(e),0.997732063120416,3.990928252481664
TS_fadh2_c,9.99771970854168,269.93843213062536
