,fluxes,C-fluxes
EX_ac(e),13.489809859650023,26.979619719300047
EX_for(e),7.502253199432429,7.502253199432429
EX_nac(e),0.9985685423650876,5.991411254190526
EX_phe_L(e),1.888641168621059,16.99777051758953
EX_succ(e),1.29628240216993,5.18512960867972
