,fluxes,C-fluxes
EX_ac(e),9.24407266182042,18.48814532364084
EX_for(e),0.01867178176916633,0.01867178176916633
EX_gln_L(e),1.0706908099952845,5.353454049976422
EX_gly(e),1.8779809937863456,3.7559619875726913
EX_phe_L(e),1.935927016666433,17.423343149997898
EX_succ(e),4.43173607090344,17.72694428361376
