,fluxes,C-fluxes
EX_ac(e),3.859812894380256,7.719625788760512
EX_gln_L(e),3.686586965414052,18.43293482707026
EX_gua(e),2.9184819428794477,14.592409714397238
EX_hista(e),1.9408981238102057,9.704490619051029
EX_phe_L(e),2.8372983174941626,25.535684857447464
EX_ppa(e),27.078895226948354,81.23668568084506
EX_trypta(e),1.9473641620007898,19.473641620007896
