,fluxes,C-fluxes
EX_ac(e),10.016842034759355,20.03368406951871
EX_but(e),8.114826091342062,32.45930436536825
EX_for(e),19.549779682903264,19.549779682903264
EX_gln_L(e),1.5491546166423842,7.745773083211921
