,fluxes,C-fluxes
EX_ac(e),5.557880810774275,11.11576162154855
EX_for(e),0.005570072703050598,0.005570072703050598
EX_phe_L(e),1.9542496239813831,17.58824661583245
EX_succ(e),3.259873026148369,13.039492104593476
