,fluxes,C-fluxes
EX_ac(e),7.506000375006131,15.012000750012263
EX_for(e),0.008759299410158088,0.008759299410158088
EX_lac_L(e),0.3208363569313404,0.9625090707940211
EX_lys_L(e),0.3339026889646899,2.0034161337881393
EX_phe_L(e),1.9470785374939434,17.52370683744549
EX_succ(e),4.74186206260578,18.96744825042312
