,fluxes,C-fluxes
EX_ac(e),10.995613606492652,21.991227212985304
EX_for(e),5.0841254306423025,5.0841254306423025
EX_pro_L(e),0.4068066815602529,2.0340334078012647
EX_succ(e),0.022992900248373076,0.0919716009934923
