,fluxes,C-fluxes
EX_ac(e),11.400362600898289,22.800725201796578
EX_ade(e),1.9887830913303157,9.94391545665158
EX_dgsn(e),0.9875092065795968,9.875092065795968
EX_for(e),6.55822725575199,6.55822725575199
EX_fuc_L(e),0.000789,0.004734
EX_gal(e),0.0014202,0.0085212
EX_met_L(e),2.9347478682584196,14.673739341292098
