,fluxes,C-fluxes
EX_ac(e),14.681824237391377,29.363648474782753
EX_for(e),12.472447929025673,12.472447929025673
EX_gln_L(e),1.6462803481994381,8.23140174099719
EX_lys_L(e),1.6108115552581,9.6648693315486
EX_ppa(e),1.8086604724793083,5.425981417437924
