,fluxes,C-fluxes
EX_ac(e),13.051128561885383,26.102257123770766
EX_ade(e),0.013568471327971409,0.06784235663985705
EX_dgsn(e),0.9924809045443164,9.924809045443164
EX_for(e),9.972304886454,9.972304886454
EX_met_L(e),2.0826482015253855,10.413241007626928
EX_nac(e),0.18117949433517452,1.087076966011047
EX_phe_L(e),1.9084470393746311,17.17602335437168
EX_ppa(e),0.740161201244441,2.2204836037333227
EX_succ(e),0.004854254217348336,0.019417016869393344
EX_ura(e),1.9337057769572341,7.7348231078289365
