,fluxes,C-fluxes
EX_ac(e),5.138353805151776,10.276707610303552
EX_but(e),0.30924156023831695,1.2369662409532678
EX_gly(e),1.7991141387319447,3.5982282774638894
EX_nac(e),0.9989545649765217,5.99372738985913
EX_orn(e),0.04422909708923862,0.22114548544619309
EX_succ(e),4.048900177532354,16.195600710129415
EX_ura(e),0.9778253212228222,3.9113012848912887
