,fluxes,C-fluxes
EX_ac(e),9.998089936312564,19.996179872625127
EX_for(e),5.123283446992505,5.123283446992505
EX_pro_L(e),1.5264662699620066,7.632331349810033
