,fluxes,C-fluxes
EX_ac(e),5.768961617909235,11.53792323581847
EX_for(e),3.766589098860586,3.766589098860586
EX_gly(e),1.933363821513153,3.866727643026306
EX_nac(e),0.012240251382567109,0.07344150829540265
EX_phe_L(e),1.9705936632120533,17.73534296890848
EX_pro_L(e),0.07509563509766709,0.37547817548833545
EX_ptrc(e),1.7330804852687711,6.9323219410750845
