,fluxes,C-fluxes
EX_ac(e),12.389075880997073,24.778151761994145
EX_for(e),11.619167308998867,11.619167308998867
EX_lys_L(e),1.1922064764572242,7.153238858743345
EX_nac(e),0.19069554180181436,1.1441732508108862
EX_orn(e),0.02645393827846946,0.1322696913923473
EX_pro_L(e),0.33346496566198586,1.6673248283099293
