,fluxes,C-fluxes
EX_ac(e),12.045746502084622,24.091493004169244
EX_etoh(e),5.339518071324605,10.67903614264921
EX_for(e),9.605693149283825,9.605693149283825
EX_glu_L(e),0.017355962789840564,0.08677981394920281
EX_gly(e),1.8706920724034177,3.7413841448068355
EX_hista(e),1.9663550259445572,9.831775129722786
EX_succ(e),0.04795773110349245,0.1918309244139698
EX_trypta(e),1.9897323748669795,19.897323748669795
EX_tym(e),1.952563837972546,15.620510703780369
