,fluxes,C-fluxes
EX_for(e),0.0031098012364329814,0.0031098012364329814
EX_gln_L(e),2.9930260688951567,14.965130344475783
EX_orn(e),0.7933781194712672,3.966890597356336
EX_phe_L(e),1.9706992020684824,17.73629281861634
EX_succ(e),3.88999215029891,15.55996860119564
