,fluxes,C-fluxes
EX_ac(e),18.25620109374919,36.51240218749838
EX_dad_2(e),0.9325969004978596,9.325969004978596
EX_for(e),16.201542421468663,16.201542421468663
EX_gcald(e),0.010653944451590179,0.021307888903180357
EX_gln_L(e),4.322922451815965,21.614612259079827
EX_ile_L(e),0.7498579111574506,4.499147466944704
EX_lys_L(e),0.8274094814887583,4.964456888932549
EX_ptrc(e),2.919870286693945,11.67948114677578
