,fluxes,C-fluxes
EX_ac(e),17.32049248902744,34.64098497805488
EX_dad_2(e),0.9475205117589693,9.475205117589693
EX_dcyt(e),0.9472316828930047,8.525085146037043
EX_for(e),16.06895364315145,16.06895364315145
EX_gcald(e),0.009939549411194,0.019879098822388
EX_gln_L(e),3.9487481459407174,19.74374072970359
EX_ile_L(e),0.7978458872571201,4.787075323542721
EX_lys_L(e),0.839674733634877,5.038048401809262
EX_orn(e),1.8881993333922817,9.440996666961409
