,fluxes,C-fluxes
EX_ac(e),17.083651842095573,34.16730368419115
EX_dad_2(e),0.9376095647638875,9.376095647638875
EX_for(e),13.885015912761016,13.885015912761016
EX_gcald(e),0.009739068143910125,0.01947813628782025
EX_gln_L(e),4.247666421578997,21.238332107894987
EX_ile_L(e),0.7901455462176655,4.740873277305993
EX_lys_L(e),0.839740883290492,5.038445299742952
EX_orn(e),1.9157464266021633,9.578732133010817
