,fluxes,C-fluxes
EX_ac(e),18.369853635312683,36.73970727062537
EX_dad_2(e),0.9347301153417351,9.347301153417352
EX_for(e),14.701174230649695,14.701174230649695
EX_gcald(e),0.010414429738491104,0.02082885947698221
EX_gln_L(e),3.2043594000176605,16.021797000088302
EX_ile_L(e),0.7615744089788968,4.569446453873381
EX_orn(e),1.9139306396407276,9.569653198203639
