,fluxes,C-fluxes
EX_ac(e),7.030247266179575,14.06049453235915
EX_ala_D(e),1.543888851156872,4.631666553470616
EX_ala_L(e),3.8019032482781427,11.405709744834429
EX_dad_2(e),0.9604704559385654,9.604704559385654
EX_gly(e),1.8788015978741621,3.7576031957483242
EX_ile_L(e),0.8839735240325859,5.303841144195515
EX_lys_L(e),0.876156001863601,5.256936011181606
EX_orn(e),1.931327679110061,9.656638395550306
EX_succ(e),7.134198499173902,28.536793996695607
