,fluxes,C-fluxes
EX_ac(e),7.768474016526066,15.536948033052132
EX_dad_2(e),0.9279679949274311,9.27967994927431
EX_dcyt(e),0.9098870037972787,8.188983034175509
EX_gcald(e),0.013367726420108349,0.026735452840216698
EX_ile_L(e),0.697894952161591,4.187369712969546
EX_lys_L(e),0.8108781465619952,4.865268879371971
EX_orn(e),1.8950140876493788,9.475070438246894
EX_succ(e),17.655401058069785,70.62160423227914
