,fluxes,C-fluxes
EX_ac(e),7.970647317584956,15.941294635169912
EX_dad_2(e),0.9413484841905563,9.413484841905563
EX_dcyt(e),0.9287171986541035,8.35845478788693
EX_for(e),8.493240462520795,8.493240462520795
EX_gcald(e),0.0092582035393519,0.0185164070787038
EX_ile_L(e),0.7820416158845682,4.692249695307409
EX_lys_L(e),0.8879416315873363,5.327649789524018
EX_orn(e),1.918244056633839,9.591220283169195
EX_succ(e),6.529958245736033,26.119832982944132
EX_val_L(e),6.647472996005575,33.23736498002788
