,fluxes,C-fluxes
EX_ac(e),19.73810187831624,39.47620375663248
EX_asp_L(e),5.571007063598491,22.284028254393963
EX_gcald(e),0.004251185924215989,0.008502371848431977
EX_gly(e),1.668291407890163,3.336582815780326
EX_orn(e),1.8235071903414668,9.117535951707334
