,fluxes,C-fluxes
EX_ac(e),12.511977512248551,25.023955024497102
EX_ala_L(e),2.7216364274140634,8.16490928224219
EX_etoh(e),4.108545478267646,8.217090956535293
EX_for(e),13.282816800064422,13.282816800064422
EX_hista(e),1.9584836314762226,9.792418157381114
EX_ile_L(e),0.8384698071507027,5.030818842904217
EX_tym(e),1.9379916957173067,15.503933565738453
