,fluxes,C-fluxes
EX_ac(e),8.790109209712513,17.580218419425027
EX_ala_L(e),0.15333982990625428,0.46001948971876283
EX_for(e),4.066414811128427,4.066414811128427
EX_nac(e),0.0942324170546231,0.5653945023277386
EX_orn(e),2.0,10.0
