,fluxes,C-fluxes
EX_ac(e),7.929375318319743,15.858750636639487
EX_for(e),6.103964937044869,6.103964937044869
EX_glu_L(e),0.31588917402474476,1.5794458701237237
EX_glyc(e),0.0037959386857058792,0.011387816057117637
EX_ile_L(e),1.9142937288157333,11.4857623728944
EX_nac(e),0.15952094198632394,0.9571256519179436
EX_succ(e),0.05018820877256787,0.20075283509027148
