,fluxes,C-fluxes
EX_ac(e),25.938163387457248,51.876326774914496
EX_ade(e),0.9403954179992157,4.701977089996078
EX_dcyt(e),0.8997721574685091,8.097949417216583
EX_for(e),11.642338201317438,11.642338201317438
EX_hista(e),1.951855381446726,9.75927690723363
EX_lys_L(e),2.3566715897875885,14.140029538725532
EX_orn(e),3.5816255511963373,17.90812775598169
EX_succ(e),0.06313285839214784,0.25253143356859137
EX_tym(e),1.9316338585339696,15.453070868271757
