,fluxes,C-fluxes
EX_ac(e),7.900470356651162,15.800940713302325
EX_for(e),6.250664659519032,6.250664659519032
EX_glu_L(e),0.21323888641385927,1.0661944320692964
EX_glyc(e),0.0037755899855819917,0.011326769956745975
EX_ile_L(e),1.6283010218842224,9.769806131305334
EX_nac(e),0.15929470375584442,0.9557682225350665
EX_succ(e),0.05028984941120917,0.20115939764483667
