,fluxes,C-fluxes
EX_ac(e),6.958235625933261,13.916471251866522
EX_etoh(e),0.8903502393641775,1.780700478728355
EX_for(e),6.184485547972304,6.184485547972304
EX_glyc(e),0.007278594023712536,0.021835782071137608
EX_nac(e),0.08064573532975558,0.4838744119785335
EX_thymd(e),0.06359874754865529,0.6359874754865529
TS_ahcys_c,9.446234139211253e-05,0.0013224727794895754
