,fluxes,C-fluxes
EX_4abut(e),1.8435610544354253,7.374244217741701
EX_ac(e),8.483340989692103,16.966681979384205
EX_etoh(e),0.7416697441734107,1.4833394883468214
EX_for(e),7.770067934451257,7.770067934451257
EX_ile_L(e),1.8692040598223854,11.215224358934313
EX_nac(e),0.9987655879145433,5.9925935274872595
