,fluxes,C-fluxes
EX_ac(e),18.23199535165777,36.46399070331554
EX_ade(e),1.9408605388297029,9.704302694148515
EX_dcyt(e),0.9009648807186375,8.108683926467737
EX_for(e),13.821560482335643,13.821560482335643
EX_hista(e),1.9562934788640978,9.781467394320488
EX_ile_L(e),2.6636829930010966,15.98209795800658
EX_orn(e),3.5966625744089784,17.98331287204489
EX_tym(e),1.9354104388329878,15.483283510663902
