,fluxes,C-fluxes
EX_12ppd_S(e),0.29797158,0.89391474
EX_ac(e),12.671782563213878,25.343565126427755
EX_but(e),3.1653130418854993,12.661252167541997
EX_for(e),11.341324169520023,11.341324169520023
EX_gln_L(e),1.6053146041326112,8.026573020663056
EX_phe_L(e),1.8736622627716408,16.86296036494477
