,fluxes,C-fluxes
EX_ac(e),5.874244937324242,11.748489874648484
EX_nac(e),0.9997674106076131,5.998604463645679
EX_phe_L(e),0.36968406853037605,3.3271566167733844
EX_ptrc(e),0.9932212839222414,3.9728851356889656
EX_succ(e),5.979458790467926,23.917835161871704
EX_tyr_L(e),0.10663818702082487,0.9597436831874238
EX_ura(e),0.7574447362324787,3.0297789449299146
