,fluxes,C-fluxes
EX_ac(e),2.0807418580626735,4.161483716125347
EX_for(e),3.1887632447009375,3.1887632447009375
EX_glyc(e),0.00310848352248779,0.00932545056746337
EX_phe_L(e),1.9660822460418117,17.694740214376306
EX_ppa(e),1.9730351995409463,5.9191055986228385
EX_ser_L(e),2.4836161133895676,7.450848340168703
EX_succ(e),1.698590841012027,6.794363364048108
