,fluxes,C-fluxes
EX_ac(e),7.131385767066032,14.262771534132064
EX_adn(e),0.005457028260784267,0.05457028260784266
EX_for(e),5.963433328124217,5.963433328124217
EX_phe_L(e),1.9094511451543719,17.185060306389346
EX_ppa(e),8.478031891147303,25.43409567344191
EX_ptrc(e),0.9550677211086517,3.8202708844346067
