,fluxes,C-fluxes
EX_ac(e),6.969635054545233,13.939270109090465
EX_acald(e),0.20966002703153183,0.41932005406306366
EX_for(e),6.110565923649381,6.110565923649381
EX_ile_L(e),0.8642000031855542,5.185200019113325
EX_lys_L(e),0.8868529876217185,5.321117925730311
EX_phe_L(e),1.8625730731574965,16.76315765841747
EX_ppa(e),12.077706702663852,36.23312010799155
EX_ptrc(e),0.9554559620651565,3.821823848260626
