,fluxes,C-fluxes
EX_ac(e),10.324782154242007,20.649564308484013
EX_for(e),7.207856444381709,7.207856444381709
EX_gcald(e),0.002514342843355639,0.005028685686711278
EX_gln_L(e),1.835679987421171,9.178399937105855
EX_ile_L(e),0.8474866074334986,5.084919644600991
EX_lys_L(e),0.8953115403369666,5.371869242021799
EX_phe_L(e),1.8750575783978227,16.875518205580406
EX_ppa(e),6.6387383452382736,19.91621503571482
EX_pro_L(e),1.8640012542538473,9.320006271269236
EX_ptrc(e),1.0,4.0
