,fluxes,C-fluxes
EX_ac(e),7.649159973662078,15.298319947324156
EX_for(e),6.248461179558341,6.248461179558341
EX_phe_L(e),1.89704645007394,17.07341805066546
EX_ppa(e),9.098280755137408,27.29484226541222
EX_ptrc(e),0.9515929169285304,3.8063716677141217
