,fluxes,C-fluxes
EX_4hphac(e),1.931959822183338,15.455678577466704
EX_ac(e),14.391820665564024,28.78364133112805
EX_for(e),9.416560636955555,9.416560636955555
EX_gly(e),3.2522361432477167,6.504472286495433
EX_ile_L(e),0.35793481922674386,2.147608915360463
EX_nac(e),0.9985825825723591,5.991495495434155
