,fluxes,C-fluxes
EX_4hphac(e),0.735026620483408,5.880212963867264
EX_ac(e),12.604857216923905,25.20971443384781
EX_dad_2(e),0.01930364999803106,0.19303649998031058
EX_for(e),7.9174941000824495,7.9174941000824495
EX_gly(e),2.7346491040485863,5.469298208097173
EX_orn(e),1.8871172586222835,9.435586293111417
EX_succ(e),0.004251184141913251,0.017004736567653004
