,fluxes,C-fluxes
EX_ac(e),17.12806516124338,34.25613032248676
EX_etoh(e),0.03504278559392904,0.07008557118785808
EX_for(e),10.456088969025277,10.456088969025277
EX_gly(e),4.964489061199699,9.928978122399398
EX_ile_L(e),0.8100859232798372,4.860515539679023
EX_nac(e),0.9985826264054138,5.9914957584324835
