,fluxes,C-fluxes
EX_2obut(e),0.002084374169922448,0.008337496679689792
EX_ac(e),1.2030657785306622,2.4061315570613244
EX_ala_D(e),4.739403230915868,14.218209692747603
EX_lac_D(e),10.301593676935399,30.9047810308062
EX_lys_L(e),0.9311674355273538,5.5870046131641224
EX_orn(e),1.9528568769481827,9.764284384740913
EX_succ(e),0.003847736017530879,0.015390944070123517
