,fluxes,C-fluxes
EX_ac(e),13.20762867086716,26.41525734173432
EX_adn(e),0.7591164927239354,7.591164927239355
EX_ala_L(e),0.786144562033441,2.358433686100323
EX_for(e),12.055610111338916,12.055610111338916
EX_gcald(e),0.004251185924215989,0.008502371848431977
EX_gly(e),1.6842970238276043,3.3685940476552085
EX_ins(e),0.19742506610810162,1.9742506610810162
EX_nac(e),0.998582560401443,5.991495362408658
EX_ppa(e),1.8650632686243866,5.59518980587316
EX_ptrc(e),1.9271672010775494,7.708668804310197
