,fluxes,C-fluxes
EX_ac(e),3.591271683858446,7.182543367716892
EX_but(e),0.17966467121952523,0.7186586848781009
EX_dtmp(e),0.833730114956426,8.33730114956426
EX_nac(e),0.999563868740021,5.997383212440126
EX_orn(e),0.08246273450062609,0.41231367250313045
EX_succ(e),1.3665622388129421,5.466248955251769
