,fluxes,C-fluxes
EX_ac(e),1.0761902912966295,2.152380582593259
EX_but(e),0.004814512729894331,0.019258050919577323
EX_etoh(e),0.06800527442382333,0.13601054884764666
EX_for(e),1.1457673955686736,1.1457673955686736
EX_nac(e),0.0013706580790985648,0.008223948474591389
EX_orn(e),0.00038934454426938896,0.0019467227213469448
EX_succ(e),0.00040524608562623706,0.0016209843425049482
