,fluxes,C-fluxes
EX_ac(e),0.995544784966236,1.991089569932472
EX_glu_L(e),0.004506443292567817,0.022532216462839084
EX_orn(e),0.14989808641727764,0.7494904320863882
EX_succ(e),0.22429328641491117,0.8971731456596447
