,fluxes,C-fluxes
EX_3mop(e),0.4216652267519636,2.5299913605117816
EX_ac(e),0.44550021233440107,0.8910004246688021
EX_cytd(e),0.009655733598029646,0.08690160238226682
EX_glyclt(e),0.44938652209956015,0.8987730441991203
