,fluxes,C-fluxes
EX_ala_D(e),0.21935788810770035,0.6580736643231011
EX_for(e),0.8525527136307007,0.8525527136307007
EX_gln_L(e),0.0018307077682759207,0.009153538841379604
EX_gly(e),0.8518661853563679,1.7037323707127359
EX_tyr_L(e),0.0004431820376748167,0.00398863833907335
