,fluxes,C-fluxes
EX_4hphac(e),0.7112320397391839,5.689856317913471
EX_ala_L(e),1.381810033090092,4.145430099270276
EX_ptrc(e),0.9998062552865594,3.9992250211462377
