,fluxes,C-fluxes
EX_ac(e),0.44085335059854025,0.8817067011970805
EX_ile_L(e),0.22055405143701604,1.3233243086220963
EX_ppa(e),0.44191025477913026,1.3257307643373908
