,fluxes,C-fluxes
EX_for(e),0.8622247903024378,0.8622247903024378
EX_gly(e),0.8616083946879055,1.723216789375811
EX_lac_D(e),0.001047741958887899,0.003143225876663697
