,fluxes,C-fluxes
EX_ac(e),0.0013546014372048927,0.0027092028744097854
EX_ade(e),0.99898824729323,4.99494123646615
EX_cys_L(e),0.001964482911208724,0.005893448733626172
EX_dgsn(e),0.999318036664794,9.993180366647941
EX_for(e),1.0020849787395836,1.0020849787395836
EX_orn(e),0.1491897370249068,0.7459486851245339
EX_ppa(e),0.9988190435730613,2.996457130719184
