,fluxes,C-fluxes
EX_cytd(e),0.003345559677744251,0.03011003709969826
EX_lac_D(e),0.44776932551858817,1.3433079765557645
