,fluxes,C-fluxes
EX_ade(e),0.9934607184684449,4.967303592342224
EX_ala_L(e),0.00039652259749228564,0.001189567792476857
EX_dgsn(e),0.9973122355867167,9.973122355867167
EX_lac_D(e),0.9082389899886774,2.724716969966032
EX_nac(e),0.003576303493000996,0.021457820958005976
EX_succ(e),0.019487898109795215,0.07795159243918086
