,fluxes,C-fluxes
EX_asp_L(e),0.13933816741576974,0.557352669663079
EX_for(e),0.0014376865959023473,0.0014376865959023473
EX_glu_L(e),0.14102649499113626,0.7051324749556813
EX_succ(e),0.0008367363267817075,0.00334694530712683
