,fluxes,C-fluxes
EX_ac(e),0.0018924533730558565,0.003784906746111713
EX_ade(e),0.9981826028072885,4.990913014036443
EX_cys_L(e),0.010440583180601254,0.031321749541803764
EX_dgsn(e),0.9986243231530179,9.986243231530178
EX_for(e),1.2301452543780933,1.2301452543780933
EX_ppa(e),1.2249930527770057,3.674979158331017
