,fluxes,C-fluxes
EX_asn_L(e),0.004067986721971319,0.016271946887885275
EX_cys_L(e),0.0009337325003887357,0.002801197501166207
