,fluxes,C-fluxes
EX_3mop(e),0.14973583128194778,0.8984149876916867
EX_4hbz(e),0.0008284843174225068,0.005799390221957548
EX_ac(e),0.7343046104995697,1.4686092209991395
EX_dad_2(e),0.0022612532274421384,0.022612532274421386
EX_ins(e),0.3873606200775081,3.873606200775081
EX_lac_D(e),1.1770292982596406,3.531087894778922
EX_ser_L(e),0.5919795713831969,1.7759387141495906
