,fluxes,C-fluxes
EX_ac(e),0.9486995635916112,1.8973991271832225
EX_cytd(e),0.0007715812941163319,0.0069442316470469875
EX_etoh(e),0.49931605713361416,0.9986321142672283
EX_for(e),1.449167594064595,1.449167594064595
EX_ile_L(e),0.44942617945832974,2.6965570767499782
EX_succ(e),0.0006464848485561566,0.0025859393942246262
