,fluxes,C-fluxes
EX_ac(e),2.407195666260843,4.814391332521686
EX_ala_L(e),0.23216574076089513,0.6964972222826854
EX_asn_L(e),0.06708501253300998,0.26834005013203993
EX_etoh(e),0.03401495918966915,0.0680299183793383
EX_for(e),0.8109275903479884,0.8109275903479884
EX_gly(e),0.0013461356701551914,0.0026922713403103827
EX_ser_L(e),0.01265577225157856,0.03796731675473568
EX_tym(e),0.9997823887050661,7.998259109640529
