,fluxes,C-fluxes
EX_ac(e),1.459917166908576,2.919834333817152
EX_acald(e),0.0005333917288437778,0.0010667834576875556
EX_for(e),1.4635174250779235,1.4635174250779235
EX_ile_L(e),0.31473268605253674,1.8883961163152203
EX_indole(e),0.08181656043493372,0.6545324834794698
EX_nac(e),0.004855516716821105,0.02913310030092663
EX_pro_L(e),0.4274952991859996,2.137476495929998
