,fluxes,C-fluxes
EX_ac(e),0.2148819219189826,0.4297638438379652
EX_adn(e),0.004178077542866009,0.041780775428660086
EX_fru(e),0.14924054308536464,0.8954432585121879
EX_fum(e),0.3593499227418611,1.4373996909674445
EX_glyclt(e),0.22078857407624675,0.4415771481524935
EX_tym(e),0.9843642781256426,7.874914225005141
