,fluxes,C-fluxes
EX_ac(e),1.0874432551344193,2.1748865102688386
EX_ade(e),0.0012851285944656572,0.006425642972328286
EX_asp_L(e),0.009793089726966827,0.039172358907867307
EX_cytd(e),0.000776465271557165,0.006988187444014486
EX_for(e),1.0814501770041023,1.0814501770041023
EX_gln_L(e),0.008404537143382974,0.04202268571691487
EX_ile_L(e),0.9818227069858173,5.890936241914904
EX_indole(e),0.0818173727376357,0.6545389819010856
