,fluxes,C-fluxes
EX_4abut(e),0.18,0.72
EX_ac(e),2.475467220738746,4.950934441477492
EX_dad_2(e),0.06699248931037281,0.6699248931037282
EX_dcyt(e),0.799191084091771,7.192719756825939
EX_for(e),2.8091810095091887,2.8091810095091887
EX_indole(e),0.0811252868146278,0.6490022945170224
EX_lys_L(e),0.9960058097749993,5.976034858649996
EX_succ(e),3.0734662779610478,12.293865111844191
EX_val_L(e),1.1865200913459149,5.932600456729574
