,fluxes,C-fluxes
EX_12ppd_S(e),0.14898579,0.44695737
EX_4abut(e),0.3564050316119807,1.425620126447923
EX_ac(e),0.2632790637332029,0.5265581274664058
EX_lys_L(e),0.49385986410945026,2.9631591846567016
EX_succ(e),1.332140104251218,5.328560417004872
EX_val_L(e),1.818296584895196,9.09148292447598
