,fluxes,C-fluxes
EX_ac(e),6.053191692471283,12.106383384942566
EX_cys_L(e),0.32314980049734826,0.9694494014920447
EX_etoh(e),0.09490854410920661,0.18981708821841323
EX_gln_L(e),0.10670222741168078,0.5335111370584039
EX_indole(e),0.08159935548697006,0.6527948438957605
EX_nac(e),0.2612888718302679,1.5677332309816072
