,fluxes,C-fluxes
EX_dcyt(e),0.003679172935546501,0.03311255641991851
EX_lac_L(e),1.4101835383685446,4.230550615105634
