,fluxes,C-fluxes
EX_ac(e),1.8839490497425997,3.7678980994851994
EX_akg(e),0.014072515642702274,0.07036257821351137
EX_asp_L(e),0.004117181550479008,0.016468726201916032
EX_for(e),1.4290523546768161,1.4290523546768161
EX_glyc3p(e),0.06704988045257164,0.2011496413577149
EX_phpyr(e),0.07668572844238083,0.6901715559814275
