,fluxes,C-fluxes
EX_ac(e),0.06720194971828766,0.13440389943657532
EX_but(e),1.0477605281928792,4.191042112771517
EX_for(e),2.4587660650655296,2.4587660650655296
EX_succ(e),0.025557025523537964,0.10222810209415185
