,fluxes,C-fluxes
EX_ac(e),0.1893121402284374,0.3786242804568748
EX_asp_L(e),0.8686062505514028,3.4744250022056113
EX_but(e),0.7455922475653026,2.9823689902612105
EX_etoh(e),0.110217018813255,0.22043403762651
EX_for(e),0.024129272771622256,0.024129272771622256
