,fluxes,C-fluxes
EX_ac(e),0.7241969752642643,1.4483939505285286
EX_gln_L(e),0.1797324844231341,0.8986624221156705
EX_phe_L(e),1.0014998904277068,9.013499013849362
EX_succ(e),0.44940292008287475,1.797611680331499
