,fluxes,C-fluxes
EX_ac(e),0.7244239974948532,1.4488479949897064
EX_cytd(e),0.010349792217993932,0.09314812996194538
EX_dad_2(e),0.4466670388176438,4.466670388176438
EX_etoh(e),0.2762807982698548,0.5525615965397096
EX_for(e),0.46944066306724935,0.46944066306724935
EX_ppa(e),0.46755349133132806,1.402660473993984
EX_tma(e),1.0,3.0
