,fluxes,C-fluxes
EX_ac(e),1.0929217470089148,2.1858434940178295
EX_ade(e),0.9546918153050126,4.773459076525063
EX_cytd(e),0.003467499133153738,0.03120749219838364
EX_dgsn(e),0.9966157996571298,9.966157996571297
EX_etoh(e),0.0878815452406435,0.175763090481287
EX_for(e),1.2226111400161142,1.2226111400161142
EX_gln_L(e),0.1799258678038838,0.899629339019419
