,fluxes,C-fluxes
EX_ade(e),1.983752222795714,9.91876111397857
EX_cytd(e),0.9990450328688617,8.991405295819755
EX_dgsn(e),0.999049338690973,9.99049338690973
EX_glu_L(e),0.0003090270592282461,0.0015451352961412305
EX_lac_L(e),0.44992821175716924,1.3497846352715077
EX_tym(e),0.5119351976618793,4.095481581295035
