,fluxes,C-fluxes
EX_3mop(e),0.22490699331254607,1.3494419598752765
EX_asp_L(e),0.3747510135652844,1.4990040542611376
EX_glcn(e),0.9989408539934729,5.993645123960837
EX_gln_L(e),0.1498742729614371,0.7493713648071855
EX_gly(e),0.0005878652650289163,0.0011757305300578325
EX_lac_L(e),0.15203013295908585,0.45609039887725755
EX_strch2(e),0.1533964752664957,2.7611365547969227
