,fluxes,C-fluxes
EX_ac(e),1.5759578117202937,3.1519156234405874
EX_ile_L(e),0.9992853664103439,5.995712198462064
EX_pro_L(e),0.14302333735413902,0.7151166867706951
EX_succ(e),0.42745867074137056,1.7098346829654822
