,fluxes,C-fluxes
EX_ac(e),0.9517275371873599,1.9034550743747198
EX_fum(e),0.9537975242208043,3.8151900968832173
