,fluxes,C-fluxes
EX_ac(e),0.5230820187147542,1.0461640374295085
EX_adn(e),0.9965708875994911,9.965708875994912
EX_dad_2(e),0.000940371972942231,0.00940371972942231
EX_glu_L(e),0.16995116620847658,0.849755831042383
EX_gly(e),0.2249084604102772,0.4498169208205544
EX_ins(e),0.17510492338257339,1.751049233825734
