,fluxes,C-fluxes
EX_ac(e),1.267775414431526,2.535550828863052
EX_cytd(e),0.009838375337882937,0.08854537804094643
EX_dad_2(e),0.3554790590928731,3.554790590928731
EX_lac_D(e),1.8501547673900212,5.550464302170063
EX_phe_L(e),0.7092460881065794,6.3832147929592145
EX_strch2(e),0.24785147104930638,4.461326478887515
EX_succ(e),0.9994894220257476,3.9979576881029906
EX_ttdca(e),0.052714000449845914,0.7379960062978428
