,fluxes,C-fluxes
EX_ac(e),0.0007606049937218357,0.0015212099874436715
EX_indole(e),0.0815377431386846,0.6523019451094768
EX_lac_D(e),1.6087125512846778,4.826137653854033
EX_succ(e),1.4530251965964156,5.812100786385662
