,fluxes,C-fluxes
EX_akg(e),0.18288386949914137,0.9144193474957069
EX_ala_L(e),1.3647309104129859,4.094192731238958
EX_gly(e),0.0007626632915876196,0.0015253265831752392
EX_succ(e),0.0018640417642589902,0.007456167057035961
EX_ura(e),1.0,4.0
