,fluxes,C-fluxes
EX_ac(e),0.6117481562922515,1.223496312584503
EX_succ(e),1.224368456977491,4.897473827909964
EX_tym(e),0.9673047350826154,7.738437880660923
