,fluxes,C-fluxes
EX_ac(e),0.8028647167810211,1.6057294335620422
EX_cytd(e),0.010325688583316341,0.09293119724984707
EX_dad_2(e),0.00018673182596316138,0.0018673182596316137
EX_ile_L(e),0.789435735310881,4.736614411865286
