,fluxes,C-fluxes
EX_ac(e),1.19171200578792,2.38342401157584
EX_ile_L(e),0.042811119784098836,0.256866718704593
EX_orn(e),0.022312023305612032,0.11156011652806017
