,fluxes,C-fluxes
EX_ac(e),2.3899613681955127,4.7799227363910255
EX_dad_2(e),0.452817387651667,4.52817387651667
EX_for(e),0.7878126494256055,0.7878126494256055
EX_gln_L(e),0.0029929092545715815,0.014964546272857907
EX_orn(e),0.1496842823721245,0.7484214118606225
EX_uri(e),0.4524812124847984,4.072330912363186
