,fluxes,C-fluxes
EX_12ppd_S(e),0.14898579,0.44695737
EX_ac(e),5.114141147192662,10.228282294385323
EX_ade(e),0.8603077734239671,4.301538867119835
EX_cys_L(e),0.020591430699847355,0.061774292099542064
EX_for(e),5.1184813265525,5.1184813265525
EX_glyc(e),0.006347715850094376,0.019043147550283128
EX_indole(e),0.08109291787212158,0.6487433429769727
EX_orn(e),0.14634664115735424,0.7317332057867711
EX_phe_L(e),0.9941978386263308,8.947780547636977
EX_ppa(e),1.989684163233311,5.9690524896999335
