,fluxes,C-fluxes
EX_12ppd_S(e),0.14898579,0.44695737
EX_ac(e),7.601059439112901,15.202118878225802
EX_dad_2(e),0.11507044484338229,1.150704448433823
EX_for(e),6.468600784182609,6.468600784182609
EX_indole(e),0.07823721177833119,0.6258976942266495
EX_pac(e),0.9850067041142837,7.88005363291427
EX_ppa(e),6.94193024566508,20.82579073699524
