,fluxes,C-fluxes
EX_ac(e),0.9063181113561395,1.812636222712279
EX_ade(e),1.0312476738816208,5.156238369408104
EX_ala_L(e),1.0072124906053588,3.021637471816076
EX_for(e),0.0012296021165763016,0.0012296021165763016
EX_glyc(e),0.0010647734170676592,0.0031943202512029777
EX_gsn(e),0.9985101442811811,9.98510144281181
EX_lac_D(e),2.138724882641056,6.416174647923168
EX_mqn8(e),0.031132266715189146,1.5877456024746464
EX_succ(e),0.1853219939138005,0.741287975655202
