,fluxes,C-fluxes
EX_ac(e),1.012237322385479,2.024474644770958
EX_cys_L(e),0.024545422675645138,0.07363626802693542
EX_lac_D(e),1.8877479540539157,5.663243862161747
EX_ser_L(e),0.008614785932552401,0.025844357797657203
