,fluxes,C-fluxes
EX_ac(e),0.2733032166628943,0.5466064333257886
EX_asp_L(e),0.0485470865443402,0.1941883461773608
EX_for(e),0.27483584867708893,0.27483584867708893
EX_orn(e),0.04912717450947002,0.2456358725473501
EX_succ(e),0.5503285584904147,2.201314233961659
