,fluxes,C-fluxes
EX_12ppd_S(e),0.14898579,0.44695737
EX_ac(e),8.541830760562506,17.083661521125013
EX_cys_L(e),0.015397523518369108,0.04619257055510732
EX_for(e),7.351409998647294,7.351409998647294
EX_indole(e),0.078786363870254,0.630290910962032
EX_pac(e),0.9867150514049867,7.893720411239894
EX_ppa(e),5.27848446642714,15.83545339928142
