,fluxes,C-fluxes
EX_ac(e),2.651607754846638,5.303215509693276
EX_adn(e),0.0008943334542049799,0.0089433345420498
EX_ala_L(e),0.03841705505866992,0.11525116517600976
EX_asn_L(e),0.4465326717021082,1.7861306868084328
EX_dcyt(e),0.1039384826735261,0.9354463440617349
EX_for(e),0.005138330876189851,0.005138330876189851
EX_ser_L(e),0.10881125350576167,0.326433760517285
