,fluxes,C-fluxes
EX_12ppd_S(e),0.14898579,0.44695737
EX_ac(e),4.255341014226237,8.510682028452473
EX_dad_2(e),0.06552850946028979,0.6552850946028979
EX_for(e),2.888670293881933,2.888670293881933
EX_ppa(e),3.6249728281286573,10.874918484385972
EX_urea(e),0.14692621295468944,0.14692621295468944
TS_cbl1_c,0.21590041212608255,13.385825551817119
