,fluxes,C-fluxes
EX_ac(e),4.552382556366423,9.104765112732846
EX_dcyt(e),0.13047575298408343,1.1742817768567508
EX_for(e),6.825214371889408,6.825214371889408
EX_fuc_L(e),0.000789,0.004734
EX_indole(e),0.08106967829511867,0.6485574263609494
EX_pac(e),0.9969240197294513,7.975392157835611
EX_ppa(e),0.9922184481465932,2.97665534443978
