,fluxes,C-fluxes
EX_ac(e),3.319261263264065,6.63852252652813
EX_for(e),2.1050783637095796,2.1050783637095796
EX_lac_L(e),0.14898579,0.44695737
EX_ppa(e),2.1910307304594845,6.5730921913784535
EX_pydxn(e),0.999245502122902,7.993964016983216
EX_urea(e),0.1489480207205735,0.1489480207205735
