,fluxes,C-fluxes
EX_ac(e),4.31387126174771,8.62774252349542
EX_adn(e),0.0013405596284821841,0.013405596284821842
EX_dcyt(e),0.09406021479172975,0.8465419331255678
EX_for(e),2.1323066907676975,2.1323066907676975
