,fluxes,C-fluxes
EX_ac(e),2.184518296905866,4.369036593811732
EX_dad_2(e),0.09621044805018628,0.9621044805018628
EX_for(e),2.1977626607958873,2.1977626607958873
EX_indole(e),0.08169695396204919,0.6535756316963935
EX_ppa(e),1.0458382843721192,3.1375148531163575
