,fluxes,C-fluxes
EX_12ppd_S(e),0.14898579,0.44695737
EX_ac(e),6.836145885717247,13.672291771434494
EX_for(e),5.71207214204672,5.71207214204672
EX_indole(e),0.07876361336728639,0.6301089069382911
EX_meoh(e),0.0130920896584989,0.0130920896584989
EX_pac(e),0.9871119230191514,7.896895384153211
EX_ppa(e),7.048214745945336,21.144644237836008
