,fluxes,C-fluxes
EX_ac(e),2.902278217019724,5.804556434039448
EX_dad_2(e),0.04618194993881296,0.4618194993881296
EX_for(e),3.1266023794716657,3.1266023794716657
EX_ins(e),0.8953296328411736,8.953296328411737
EX_ppa(e),1.4358581132515025,4.307574339754508
