,fluxes,C-fluxes
EX_ac(e),11.486524920262381,22.973049840524762
EX_adn(e),0.0017101951139085244,0.017101951139085244
EX_arab_L(e),0.0055197,0.027598499999999998
EX_dcyt(e),0.19748010433013843,1.7773209389712459
EX_for(e),10.771320937363443,10.771320937363443
EX_indole(e),0.07166190761956454,0.5732952609565163
EX_pac(e),0.9711738855567068,7.7693910844536545
EX_ppa(e),6.218388477590324,18.65516543277097
