,fluxes,C-fluxes
EX_cys_L(e),0.0017864595643163521,0.005359378692949056
EX_succ(e),0.34410721315258586,1.3764288526103434
EX_tyr_L(e),0.000481739978409215,0.004335659805682935
