,fluxes,C-fluxes
EX_12ppd_S(e),0.14898579,0.44695737
EX_ac(e),4.7923972414439,9.5847944828878
EX_dad_2(e),0.0681131974819895,0.6811319748198951
EX_for(e),3.362911437977399,3.362911437977399
EX_ins(e),0.14799784010066835,1.4799784010066834
EX_ppa(e),2.2319571723649974,6.695871517094992
