,fluxes,C-fluxes
EX_ac(e),5.203509634166244,10.407019268332489
EX_adn(e),0.0015496108237899608,0.015496108237899608
EX_dcyt(e),0.099629901138164,0.8966691102434761
EX_for(e),3.8808887047467424,3.8808887047467424
