,fluxes,C-fluxes
EX_ac(e),5.019078050670176,10.038156101340352
EX_dad_2(e),0.08613222795503309,0.8613222795503308
EX_for(e),3.8217378855038024,3.8217378855038024
EX_ppa(e),0.27134190989065404,0.8140257296719622
