,fluxes,C-fluxes
EX_ac(e),2.241211730743996,4.482423461487992
EX_dad_2(e),1.0003578333042222,10.003578333042222
EX_for(e),1.7447377934576538,1.7447377934576538
EX_ppa(e),0.8160532606523114,2.4481597819569343
EX_uri(e),0.9427301543577666,8.4845713892199
