,fluxes,C-fluxes
EX_ac(e),4.086875271584968,8.173750543169936
EX_dad_2(e),0.06600431337219935,0.6600431337219935
EX_for(e),3.8568601233942426,3.8568601233942426
EX_ins(e),0.8720679745143585,8.720679745143585
EX_orn(e),0.0011470854791101265,0.005735427395550633
EX_ppa(e),0.9716707469105619,2.9150122407316856
