,fluxes,C-fluxes
EX_ac(e),3.6114009669754066,7.222801933950813
EX_dad_2(e),0.0008651939731768091,0.008651939731768091
EX_for(e),3.2885206746948006,3.2885206746948006
