,fluxes,C-fluxes
EX_12ppd_S(e),0.14898579,0.44695737
EX_ac(e),3.0383419224454458,6.0766838448908915
EX_ade(e),0.8788676154766918,4.394338077383459
EX_for(e),2.859350814522515,2.859350814522515
EX_indole(e),0.08070584327972526,0.645646746237802
EX_ppa(e),3.8931926221422746,11.679577866426824
EX_urea(e),0.14559908917338155,0.14559908917338155
