,fluxes,C-fluxes
EX_12ppd_S(e),0.30086958,0.90260874
EX_ac(e),16.081689944001987,32.16337988800397
EX_dad_2(e),0.22306678853870912,2.230667885387091
EX_for(e),13.992743544942186,13.992743544942186
EX_meoh(e),0.00907565,0.00907565
EX_met_L(e),0.8511443915470228,4.255721957735114
EX_ppa(e),3.7952761488541444,11.385828446562433
