,fluxes,C-fluxes
EX_ac(e),5.201679309020599,10.403358618041198
EX_adn(e),0.0015722233762055743,0.015722233762055744
EX_dcyt(e),0.09824302461810498,0.8841872215629448
EX_for(e),3.8768170739328163,3.8768170739328163
