,fluxes,C-fluxes
EX_cys_L(e),0.0005720797684367543,0.0017162393053102628
EX_cytd(e),0.011131532985322245,0.1001837968679002
EX_glc_D(e),0.00282117,0.01692702
EX_indole(e),0.05728347882901069,0.45826783063208554
EX_pac(e),0.056779981185719766,0.45423984948575813
EX_succ(e),0.4287706769078885,1.715082707631554
EX_val_L(e),0.3742107452412005,1.8710537262060025
