,fluxes,C-fluxes
EX_ac(e),9.192082897307605,18.38416579461521
EX_dcyt(e),0.18481232239381915,1.6633109015443723
EX_for(e),6.998335297744537,6.998335297744537
EX_fuc_L(e),0.000789,0.004734
EX_indole(e),0.08038599740370161,0.6430879792296129
EX_meoh(e),0.006511049999999999,0.006511049999999999
EX_pac(e),0.9941580422403465,7.953264337922772
EX_ppa(e),0.48895769424407387,1.4668730827322216
