,fluxes,C-fluxes
EX_ac(e),0.21601010612431076,0.4320202122486215
EX_ade(e),0.9973047220333064,4.9865236101665324
EX_gsn(e),0.9913457440042543,9.913457440042544
EX_indole(e),0.0818160418543053,0.6545283348344424
EX_isocapr(e),0.09984232353053599,0.5990539411832159
EX_isoval(e),0.04992116176526799,0.24960580882633998
EX_succ(e),1.0813556398092519,4.3254225592370075
