,fluxes,C-fluxes
EX_12ppd_S(e),0.14898579,0.44695737
EX_ac(e),4.371099570444048,8.742199140888095
EX_acald(e),1.9868742330734601,3.9737484661469202
EX_ade(e),1.7660119015811278,8.830059507905638
EX_for(e),4.544778170836288,4.544778170836288
EX_gcald(e),0.003160839037760427,0.006321678075520854
EX_gua(e),0.8936732327564851,4.4683661637824255
EX_orn(e),0.14080560098694878,0.7040280049347438
EX_ppa(e),4.979815922451558,14.939447767354675
