,fluxes,C-fluxes
EX_ac(e),10.69018954624351,21.38037909248702
EX_for(e),10.492984114212945,10.492984114212945
EX_fuc_L(e),0.000789,0.004734
EX_indole(e),0.0796129652062403,0.6369037216499224
EX_pac(e),0.9915780446989636,7.932624357591709
EX_ppa(e),1.9616769654034316,5.885030896210295
