,fluxes,C-fluxes
EX_ac(e),3.6771763115389673,7.354352623077935
EX_dad_2(e),0.05707698097979079,0.5707698097979079
EX_for(e),3.4554153000479806,3.4554153000479806
EX_ins(e),0.879149128746982,8.791491287469821
EX_ppa(e),1.4292225177835292,4.2876675533505875
