,fluxes,C-fluxes
EX_ac(e),13.74942810949938,27.49885621899876
EX_adn(e),0.0008970937216567438,0.008970937216567438
EX_arab_L(e),0.0055197,0.027598499999999998
EX_dcyt(e),0.13814071739532718,1.2432664565579445
EX_for(e),11.471476941471902,11.471476941471902
EX_gcald(e),0.002550506259558317,0.005101012519116634
EX_indole(e),0.07894930510531357,0.6315944408425086
EX_pac(e),0.987510940160947,7.900087521287576
EX_ppa(e),4.507656830624876,13.522970491874629
