,fluxes,C-fluxes
EX_ac(e),2.426918766583068,4.853837533166136
EX_ade(e),0.8553577130674446,4.276788565337223
EX_for(e),2.058525725837399,2.058525725837399
EX_lac_L(e),0.14898579,0.44695737
EX_ppa(e),7.027968542873955,21.083905628621864
EX_urea(e),0.1453586104248815,0.1453586104248815
