,fluxes,C-fluxes
EX_ac(e),4.515490768465992,9.030981536931984
EX_cys_L(e),0.0008795450101400253,0.002638635030420076
EX_dcyt(e),0.13541514395206702,1.2187362955686032
EX_for(e),2.513772796391127,2.513772796391127
