,fluxes,C-fluxes
EX_ac(e),4.737056854311598,9.474113708623197
EX_dad_2(e),0.05863786103024056,0.5863786103024056
EX_for(e),2.946466987644761,2.946466987644761
