,fluxes,C-fluxes
EX_ac(e),3.752372648252528,7.504745296505056
EX_for(e),2.5548642645169357,2.5548642645169357
EX_lac_L(e),0.14898579,0.44695737
EX_ppa(e),2.7802373616818845,8.340712085045654
EX_pydxn(e),0.9990832731882175,7.99266618550574
EX_urea(e),0.14848759319828683,0.14848759319828683
