,fluxes,C-fluxes
EX_ac(e),3.3437547240771264,6.687509448154253
EX_dad_2(e),0.05736858039640806,0.5736858039640806
EX_for(e),2.9369828156965645,2.9369828156965645
EX_ins(e),0.8829977958795431,8.82997795879543
EX_ppa(e),1.4343340900542516,4.303002270162755
