,fluxes,C-fluxes
EX_ac(e),4.276476361378415,8.55295272275683
EX_adn(e),0.0013425917227720262,0.013425917227720262
EX_dcyt(e),0.09930145717236107,0.8937131145512496
EX_for(e),2.060496592013401,2.060496592013401
