,fluxes,C-fluxes
EX_ac(e),13.524238239104848,27.048476478209697
EX_adn(e),0.0017314021054792102,0.0173140210547921
EX_arab_L(e),0.0055197,0.027598499999999998
EX_dcyt(e),0.14100337947900132,1.269030415311012
EX_for(e),12.817028411550512,12.817028411550512
EX_indole(e),0.07010512635956956,0.5608410108765565
EX_pac(e),0.9632224208584341,7.705779366867473
EX_ppa(e),4.318271068213576,12.954813204640729
