,fluxes,C-fluxes
EX_ac(e),4.883601042543075,9.76720208508615
EX_for(e),3.6685731348959614,3.6685731348959614
EX_ppa(e),0.9401040803731187,2.820312241119356
