,fluxes,C-fluxes
EX_ac(e),3.8092434917022997,7.618486983404599
EX_dad_2(e),1.055222685219394,10.55222685219394
EX_for(e),2.417594857696023,2.417594857696023
EX_lac_L(e),0.14898579,0.44695737
EX_ppa(e),3.2897982889354385,9.869394866806315
EX_urea(e),0.1478515976204382,0.1478515976204382
EX_uri(e),0.7950067670658878,7.15506090359299
TS_cbl1_c,0.19005734806856617,11.783555580251102
