,fluxes,C-fluxes
EX_ac(e),0.9981654498651334,1.996330899730267
EX_lac_D(e),0.2876537489854596,0.8629612469563788
