,fluxes,C-fluxes
EX_ac(e),4.734381160856277,9.468762321712553
EX_dad_2(e),0.8494662156614444,8.494662156614444
EX_for(e),3.8677716739388366,3.8677716739388366
EX_ppa(e),0.9962466697248358,2.9887400091745073
EX_uri(e),0.5349798481784375,4.814818633605937
