,fluxes,C-fluxes
EX_ac(e),4.1966073292426,8.3932146584852
EX_acald(e),2.2075013392602805,4.415002678520561
EX_ade(e),1.8804815866177043,9.402407933088522
EX_for(e),4.505205308872856,4.505205308872856
EX_gua(e),0.8946659258527049,4.4733296292635245
EX_indole(e),0.0805450497844617,0.6443603982756936
EX_orn(e),0.13949627488843055,0.6974813744421527
EX_ppa(e),4.892079041925706,14.676237125777119
