,fluxes,C-fluxes
EX_akg(e),1.6482996311021518,8.24149815551076
EX_succ(e),1.6510569585121906,6.604227834048762
