,fluxes,C-fluxes
EX_ac(e),1.1261621011886302,2.2523242023772605
EX_for(e),1.1259238931221212,1.1259238931221212
EX_glu_L(e),0.04056920651010803,0.20284603255054015
