,fluxes,C-fluxes
EX_ac(e),1.037251233649106,2.074502467298212
EX_cytd(e),0.013475226750383134,0.12127704075344821
EX_for(e),0.8289209395307159,0.8289209395307159
EX_lac_L(e),0.2804928724280159,0.8414786172840477
EX_succ(e),0.013609356459495615,0.05443742583798246
