,fluxes,C-fluxes
EX_ac(e),1.7028984872707105,3.405796974541421
EX_ala_L(e),0.987230579437633,2.961691738312899
EX_cys_L(e),0.16061178890957292,0.48183536672871874
EX_for(e),0.6217736865970778,0.6217736865970778
EX_glc_D(e),0.00282117,0.01692702
EX_glu_L(e),0.001680066482800947,0.008400332414004735
EX_gly(e),0.3857103342618909,0.7714206685237818
