,fluxes,C-fluxes
EX_ac(e),1.3318338950469657,2.6636677900939314
EX_arab_L(e),0.00201572,0.0100786
EX_cytd(e),0.0006933951197435566,0.0062405560776920095
EX_for(e),0.0014820405273900208,0.0014820405273900208
EX_glcur(e),0.00032865,0.0019719
EX_glu_L(e),0.00241509139888414,0.0120754569944207
EX_lac_L(e),1.1644566313209626,3.4933698939628877
EX_ser_L(e),0.0011772913737885398,0.0035318741213656198
EX_succ(e),0.0017531069108808594,0.0070124276435234376
