,fluxes,C-fluxes
EX_ac(e),1.1903891819543744,2.3807783639087488
EX_ala_L(e),1.8935507888343204,5.680652366502962
EX_cytd(e),0.0015705017623695544,0.01413451586132599
EX_gln_L(e),0.17997055060441558,0.8998527530220779
EX_orn(e),0.0033526446293518767,0.016763223146759383
EX_succ(e),0.003342828733049269,0.013371314932197075
