,fluxes,C-fluxes
EX_ac(e),1.225762523918524,2.451525047837048
EX_cytd(e),0.0017881731826220903,0.016093558643598814
EX_etoh(e),0.031114235311331544,0.06222847062266309
EX_for(e),1.0214258596854082,1.0214258596854082
EX_gly(e),0.2209055367517584,0.4418110735035168
EX_succ(e),0.18819228184501974,0.752769127380079
