,fluxes,C-fluxes
EX_ac(e),2.4192348271394866,4.838469654278973
EX_acgam(e),0.9991341925775888,7.993073540620711
EX_for(e),2.184890332315854,2.184890332315854
EX_fru(e),0.06655474742462669,0.39932848454776015
EX_glu_L(e),0.027779449796891037,0.13889724898445518
EX_gly(e),0.2247713592467394,0.4495427184934788
EX_succ(e),0.01633235257528705,0.0653294103011482
EX_thf(e),0.17578967869422754,3.3400038951903235
