,fluxes,C-fluxes
EX_5mthf(e),0.5264997339692501,10.529994679385002
EX_ac(e),1.4190847,2.8381694
EX_cytd(e),0.004673324810214609,0.042059923291931485
EX_gal(e),0.07449289,0.44695734000000004
EX_glc_D(e),2.31887298,13.91323788
EX_lac_L(e),1.4109549390877998,4.232864817263399
EX_succ(e),0.017123833822187837,0.06849533528875135
