,fluxes,C-fluxes
EX_ac(e),1.4584008572808143,2.9168017145616285
EX_ala_L(e),0.8349908318263914,2.5049724954791746
EX_for(e),0.614977196945353,0.614977196945353
EX_glu_L(e),0.0019767051371485014,0.009883525685742507
EX_orn(e),0.002766930635646151,0.013834653178230755
EX_succ(e),0.002780411236826802,0.011121644947307208
EX_uri(e),0.0008955010760848508,0.008059509684763657
