,fluxes,C-fluxes
EX_5mthf(e),0.339344453930993,6.7868890786198595
EX_ac(e),2.390952986087491,4.781905972174982
EX_cys_L(e),0.0772137847613107,0.23164135428393212
EX_for(e),1.8402956101105932,1.8402956101105932
EX_fru(e),0.00470194,0.02821164
EX_gly(e),0.30201504370849946,0.6040300874169989
EX_glyc(e),0.0005623671424900941,0.0016871014274702821
EX_succ(e),0.018795472004567555,0.07518188801827022
