,fluxes,C-fluxes
EX_ac(e),0.8454546187452102,1.6909092374904204
EX_ala_L(e),0.2242855745983367,0.67285672379501
EX_for(e),0.0048680649079151225,0.0048680649079151225
EX_glu_L(e),0.001953269894177915,0.009766349470889574
EX_lac_L(e),0.6151966840836021,1.8455900522508062
