,fluxes,C-fluxes
EX_4abut(e),0.18,0.72
EX_ac(e),1.0914756556617085,2.182951311323417
EX_etoh(e),0.10979612486183062,0.21959224972366123
EX_for(e),1.196733553216158,1.196733553216158
EX_succ(e),0.006573880613941472,0.02629552245576589
