,fluxes,C-fluxes
EX_ac(e),3.1430746924869446,6.286149384973889
EX_ala_L(e),0.04817182808664911,0.14451548425994734
EX_arab_L(e),0.00201572,0.0100786
EX_etoh(e),0.07519789864586723,0.15039579729173447
EX_for(e),1.3107331309908739,1.3107331309908739
EX_glcur(e),0.00032865,0.0019719
EX_gly(e),0.060082411743907445,0.12016482348781489
EX_phe_L(e),0.9864917545866834,8.87842579128015
