,fluxes,C-fluxes
EX_ac(e),0.44985886205562714,0.8997177241112543
EX_glu_L(e),0.0013430540483916759,0.006715270241958379
EX_gly(e),0.22468833366156465,0.4493766673231293
EX_phe_L(e),0.6633495301081832,5.970145770973649
