,fluxes,C-fluxes
EX_12ppd_S(e),0.14898579,0.44695737
EX_4abut(e),0.5222975207367441,2.0891900829469763
EX_ac(e),15.001973450702318,30.003946901404635
EX_cys_L(e),0.023413976965863344,0.07024193089759004
EX_cytd(e),0.06056024200068409,0.5450421780061568
EX_etoh(e),2.052646572802585,4.10529314560517
EX_for(e),7.359377088808516,7.359377088808516
EX_glcur(e),0.00032865,0.0019719
EX_glyc(e),0.00389856986391853,0.011695709591755591
EX_phe_L(e),0.9957764022922314,8.961987620630083
