,fluxes,C-fluxes
EX_ac(e),1.7772416656466008,3.5544833312932016
EX_etoh(e),0.6632982586886931,1.3265965173773862
EX_for(e),2.172052217498619,2.172052217498619
EX_fru(e),0.09229253017318341,0.5537551810391005
EX_glu_L(e),0.01813697509953334,0.0906848754976667
EX_gly(e),0.22533823547779216,0.45067647095558433
