,fluxes,C-fluxes
EX_5mthf(e),0.9986718226771143,19.973436453542284
EX_ac(e),10.070983190137053,20.141966380274106
EX_cys_L(e),0.3475949425459266,1.0427848276377798
EX_cytd(e),0.07018636633356022,0.631677297002042
EX_for(e),4.121301066102636,4.121301066102636
EX_glcur(e),0.00032865,0.0019719
EX_gly(e),0.5514715031895132,1.1029430063790264
EX_glyc(e),0.15355302143358218,0.46065906430074655
EX_succ(e),0.20772456599722938,0.8308982639889175
