,fluxes,C-fluxes
EX_ac(e),8.515863583698497,17.031727167396994
EX_etoh(e),1.677548320715303,3.355096641430606
EX_for(e),4.879602222485152,4.879602222485152
EX_glcur(e),0.00032865,0.0019719
EX_gln_L(e),0.03309046586021237,0.16545232930106185
EX_gly(e),0.21045653582785157,0.42091307165570313
EX_glyc(e),0.15347168144900802,0.46041504434702407
EX_succ(e),0.08996594354670155,0.3598637741868062
