,fluxes,C-fluxes
EX_ac(e),1.4552344420056713,2.9104688840113426
EX_etoh(e),0.00362502535480539,0.00725005070961078
EX_for(e),1.2171329451047033,1.2171329451047033
EX_gly(e),0.22464989458592635,0.4492997891718527
EX_thf(e),0.20887377258047565,3.9686016790290375
