,fluxes,C-fluxes
EX_ac(e),1.218619067739536,2.437238135479072
EX_for(e),1.220986438761824,1.220986438761824
EX_orn(e),0.10717109938396616,0.5358554969198308
