,fluxes,C-fluxes
EX_12ppd_S(e),0.14898579,0.44695737
EX_ac(e),4.450227791187819,8.900455582375638
EX_etoh(e),0.06615167269933056,0.13230334539866112
EX_for(e),2.5506547826431496,2.5506547826431496
EX_glu_L(e),0.06657724450628716,0.3328862225314358
EX_phe_L(e),0.9993719565067286,8.994347608560558
