,fluxes,C-fluxes
EX_ac(e),0.5849454890598484,1.169890978119697
EX_for(e),0.0017294065867748917,0.0017294065867748917
EX_lac_L(e),0.44775333808975526,1.3432600142692657
EX_val_L(e),0.0678744979755921,0.3393724898779605
