,fluxes,C-fluxes
EX_ac(e),1.460419007537651,2.920838015075302
EX_ala_L(e),0.8369177614735758,2.510753284420727
EX_for(e),0.6146405091520246,0.6146405091520246
EX_glu_L(e),0.00368840549141349,0.01844202745706745
EX_orn(e),0.0026162691778416716,0.013081345889208357
EX_succ(e),0.0026287677484727384,0.010515070993890954
EX_uri(e),0.0008473962262945514,0.007626566036650962
