,fluxes,C-fluxes
EX_ac(e),0.892959595411102,1.785919190822204
EX_ala_L(e),1.0506981425278796,3.1520944275836387
EX_for(e),0.46126109063687937,0.46126109063687937
EX_glu_L(e),0.0022999472534363987,0.011499736267181994
EX_orn(e),0.003141974829913237,0.015709874149566184
EX_succ(e),0.0031573370770221943,0.012629348308088777
EX_ttdca(e),0.007755894723758629,0.1085825261326208
EX_uri(e),0.0009625354423256156,0.008662818980930541
