,fluxes,C-fluxes
EX_ac(e),1.4540553268631222,2.9081106537262444
EX_ala_L(e),0.8318248269162483,2.4954744807487446
EX_for(e),0.6113314009243561,0.6113314009243561
EX_orn(e),0.004645077400808703,0.023225387004043516
EX_succ(e),0.004653949154069137,0.018615796616276548
EX_uri(e),0.0036803540288217252,0.033123186259395525
