,fluxes,C-fluxes
EX_ac(e),1.2263273856503236,2.4526547713006472
EX_for(e),1.2153037443653498,1.2153037443653498
EX_glyc(e),0.001310314740070635,0.003930944220211905
EX_pro_L(e),0.10011246915472292,0.5005623457736146
EX_uri(e),0.003188299744700642,0.02869469770230578
