,fluxes,C-fluxes
EX_ac(e),3.225045629626428,6.450091259252856
EX_cytd(e),0.01379742362627351,0.12417681263646159
EX_etoh(e),0.03040352250310887,0.06080704500621774
EX_for(e),3.122823874839919,3.122823874839919
EX_gly(e),0.999517973323869,1.999035946647738
EX_glyc(e),0.0008902298836358702,0.0026706896509076103
EX_succ(e),0.0420779898795085,0.168311959518034
