,fluxes,C-fluxes
EX_ac(e),6.834459726386687,13.668919452773373
EX_cys_L(e),0.9958494829600186,2.987548448880056
EX_for(e),6.054507044311826,6.054507044311826
EX_phe_L(e),0.9615860771331655,8.65427469419849
