,fluxes,C-fluxes
EX_ac(e),0.7879681635083647,1.5759363270167295
EX_for(e),0.524220181053778,0.524220181053778
EX_succ(e),0.0003602848004881587,0.0014411392019526349
