,fluxes,C-fluxes
EX_ac(e),0.8719496675293494,1.7438993350586989
EX_cys_L(e),0.002501692739124752,0.007505078217374256
EX_gln_L(e),0.0014480204944244098,0.007240102472122049
EX_gly(e),0.0022579997813287197,0.0045159995626574394
EX_ile_L(e),0.870846949129899,5.225081694779394
EX_indole(e),0.08177855323440164,0.6542284258752131
