,fluxes,C-fluxes
EX_ac(e),0.6012470350868271,1.2024940701736542
EX_cytd(e),0.001528217887001313,0.013753960983011817
EX_leu_L(e),0.22273649564408296,1.3364189738644978
EX_orn(e),0.17994615285839752,0.8997307642919876
EX_succ(e),1.2222400583445632,4.888960233378253
