,fluxes,C-fluxes
EX_ac(e),1.111918585178369,2.223837170356738
EX_cys_L(e),0.0016482699643241105,0.004944809892972331
EX_cytd(e),0.0009109589256926198,0.008198630331233579
EX_glu_L(e),0.006430691709615023,0.032153458548075116
EX_lys_L(e),0.0028896976785617386,0.017338186071370432
EX_succ(e),1.22499274639644,4.89997098558576
