,fluxes,C-fluxes
EX_asn_L(e),0.0009841280132535624,0.00393651205301425
EX_asp_L(e),0.5150515570533282,2.0602062282133127
EX_cys_L(e),0.02045781103396412,0.06137343310189236
EX_ins(e),0.9999666184976066,9.999666184976066
EX_lac_D(e),1.384877607637661,4.154632822912983
EX_lys_L(e),0.5097241572850584,3.0583449437103503
