,fluxes,C-fluxes
EX_ac(e),0.9993536877158449,1.9987073754316897
EX_acald(e),0.0008172216050528069,0.0016344432101056139
EX_ala_L(e),0.25511494264753104,0.7653448279425932
EX_asn_L(e),0.0009042481747057416,0.0036169926988229664
EX_asp_L(e),1.002724587808424,4.010898351233696
EX_glcn(e),0.037584769920489175,0.22550861952293505
EX_orn(e),0.0004531534060576232,0.002265767030288116
