,fluxes,C-fluxes
EX_ala_L(e),0.8670652669372116,2.601195800811635
EX_asp_L(e),1.1213946438587017,4.485578575434807
EX_etoh(e),0.12188991783277789,0.24377983566555578
EX_gly(e),0.2248388351400464,0.4496776702800928
EX_lac_D(e),0.13491507593388172,0.4047452278016451
EX_lys_L(e),0.9835501812377754,5.901301087426653
EX_succ(e),0.4604432515321387,1.8417730061285549
