,fluxes,C-fluxes
EX_ac(e),0.40583810449421426,0.8116762089884285
EX_glu_L(e),0.01025890529950774,0.0512945264975387
EX_gua(e),0.004277477303340966,0.02138738651670483
EX_hista(e),0.1499976666596087,0.7499883332980435
EX_ppa(e),0.40874957426558645,1.2262487227967593
EX_pyr(e),0.0017257666381802488,0.005177299914540747
EX_succ(e),1.2156509938503572,4.862603975401429
EX_trypta(e),0.00201827492075541,0.0201827492075541
EX_tym(e),0.999997100906094,7.999976807248752
