,fluxes,C-fluxes
EX_acald(e),0.003884751418096526,0.007769502836193052
EX_etoh(e),1.3111287147098036,2.6222574294196073
EX_for(e),1.3149224373870105,1.3149224373870105
EX_nac(e),0.0002457092533296432,0.0014742555199778592
