,fluxes,C-fluxes
EX_ac(e),1.226897365897795,2.45379473179559
EX_ade(e),1.007897884109677,5.039489420548385
EX_dgsn(e),0.9944773963933159,9.944773963933159
