,fluxes,C-fluxes
EX_but(e),0.7486529552310823,2.9946118209243293
EX_cytd(e),0.0072808919157113265,0.06552802724140194
EX_dad_2(e),0.999147126171606,9.99147126171606
EX_gly(e),0.2246722217857959,0.4493444435715918
EX_indole(e),0.08174411305098696,0.6539529044078957
EX_succ(e),0.41610373124054195,1.6644149249621678
