,fluxes,C-fluxes
EX_lac_L(e),2.3084065847545423,6.925219754263627
EX_strch2(e),0.1257676339065137,2.2638174103172464
