,fluxes,C-fluxes
EX_ac(e),1.2405239898031215,2.481047979606243
EX_but(e),0.1431624150622136,0.5726496602488544
EX_pro_L(e),0.005190574306177533,0.025952871530887663
EX_ptrc(e),0.043477021684814765,0.17390808673925906
EX_succ(e),0.043477021684814765,0.17390808673925906
EX_ura(e),0.0430662821549401,0.1722651286197604
