,fluxes,C-fluxes
EX_cytd(e),0.005048651939281498,0.04543786745353349
EX_dgsn(e),0.0005351389346371252,0.005351389346371252
EX_fum(e),0.0019865435976394396,0.007946174390557758
EX_gua(e),0.002295968011691561,0.011479840058457806
EX_phe_L(e),0.0008687461939921396,0.007818715745929256
