,fluxes,C-fluxes
EX_gly(e),0.029111479319737427,0.05822295863947485
EX_nac(e),0.0007680348337252346,0.0046082090023514075
EX_succ(e),0.0008115520982517812,0.0032462083930071247
