,fluxes,C-fluxes
EX_cytd(e),0.009179386499913391,0.08261447849922052
EX_ptrc(e),0.010010025649292369,0.040040102597169475
EX_succ(e),0.7013343192876198,2.805337277150479
