,fluxes,C-fluxes
EX_cys_L(e),0.016783747389081855,0.05035124216724557
EX_ser_L(e),0.0075958541608961375,0.022787562482688414
EX_succ(e),0.005136739025183388,0.02054695610073355
