,fluxes,C-fluxes
EX_cytd(e),0.007059303383548217,0.06353373045193395
EX_glu_L(e),0.029504193938234415,0.14752096969117207
EX_gly(e),0.013370034108984432,0.026740068217968864
EX_lac_D(e),0.9695241637660953,2.908572491298286
EX_ptrc(e),0.027111317041365116,0.10844526816546046
EX_succ(e),0.8879685430181379,3.5518741720725515
