,fluxes,C-fluxes
EX_cytd(e),0.008069349298430992,0.07262414368587893
EX_pyr(e),1.0569406406075492,3.1708219218226477
EX_succ(e),1.0591744378429233,4.236697751371693
