,fluxes,C-fluxes
EX_cytd(e),0.0052669084024244105,0.0474021756218197
EX_dad_2(e),0.005380721826103999,0.05380721826103999
EX_glu_L(e),0.0005163374415427897,0.0025816872077139485
EX_glyc(e),0.00034176891020400917,0.0010253067306120276
EX_pyr(e),1.582810452576751,4.748431357730253
EX_succ(e),0.7982594871923282,3.193037948769313
