,fluxes,C-fluxes
EX_ala_L(e),0.973606021209585,2.920818063628755
EX_cytd(e),0.006327334443345253,0.05694600999010728
EX_glu_L(e),0.0505558180952771,0.2527790904763855
EX_gly(e),0.0008535843837276388,0.0017071687674552775
EX_ptrc(e),0.02500034375559505,0.1000013750223802
EX_succ(e),0.9003798000517687,3.6015192002070746
