,fluxes,C-fluxes
EX_cytd(e),0.0008725200115671551,0.007852680104104396
EX_gln_L(e),0.0016692175422182145,0.008346087711091073
EX_pyr(e),1.2209738606801848,3.6629215820405543
EX_succ(e),1.215645495325247,4.862581981300988
