,fluxes,C-fluxes
EX_glu_L(e),0.01222883656702455,0.061144182835122754
EX_gly(e),0.18600362761689515,0.3720072552337903
EX_glyc(e),0.0005736224067065146,0.0017208672201195437
EX_succ(e),0.0833190664684086,0.3332762658736344
TS_for_c,0.19187185230150988,0.19187185230150988
