,fluxes,C-fluxes
EX_ac(e),0.011391877543855702,0.022783755087711403
EX_lac_D(e),0.19621603329666504,0.5886480998899951
EX_nac(e),0.9999865902686392,5.999919541611836
EX_ser_L(e),0.0042466918066727975,0.012740075420018392
EX_succ(e),0.011175251841114548,0.044701007364458194
