,fluxes,C-fluxes
EX_ac(e),0.5436599804612515,1.087319960922503
EX_cys_L(e),0.01302684203670757,0.03908052611012271
EX_cytd(e),0.0008577486352923398,0.007719737717631058
EX_for(e),0.5967357405261913,0.5967357405261913
EX_succ(e),0.002277864865012927,0.009111459460051707
EX_ttdca(e),0.00967072179099496,0.13539010507392946
