,fluxes,C-fluxes
EX_ac(e),0.7117078073201865,1.423415614640373
EX_for(e),0.3520442240173054,0.3520442240173054
EX_lac_L(e),0.0020228598091575974,0.006068579427472793
