,fluxes,C-fluxes
EX_ac(e),1.2152002109196915,2.430400421839383
EX_for(e),1.2173606892519426,1.2173606892519426
EX_indole(e),0.006784250447569911,0.05427400358055929
EX_succ(e),0.0028998523367392884,0.011599409346957154
