,fluxes,C-fluxes
EX_but(e),2.027467040556194,8.109868162224776
EX_etoh(e),0.5452206685401811,1.0904413370803623
EX_for(e),1.648567450080573,1.648567450080573
EX_gcald(e),0.0006222946501564247,0.0012445893003128494
EX_gly(e),0.001826461405431106,0.003652922810862212
EX_phe_L(e),0.06269661368000046,0.5642695231200041
EX_succ(e),0.22412569622722706,0.8965027849089082
