,fluxes,C-fluxes
EX_ac(e),1.2149125237999376,2.4298250475998753
EX_glyc(e),0.004768448811208535,0.014305346433625604
EX_succ(e),0.0008609874479534296,0.0034439497918137183
EX_tyr_L(e),0.002795687103849772,0.025161183934647946
