,fluxes,C-fluxes
EX_5mta(e),0.00022710460491783506,0.002498150654096186
EX_but(e),0.6115522990109306,2.4462091960437222
EX_for(e),0.9983043233296839,0.9983043233296839
EX_gly(e),0.2245732164495673,0.4491464328991346
EX_lys_L(e),0.5151585509796583,3.09095130587795
EX_spmd(e),0.00021921053283953843,0.001534473729876769
