,fluxes,C-fluxes
EX_ac(e),1.0320612196262484,2.064122439252497
EX_ala_L(e),0.46680325907389947,1.4004097772216983
EX_asp_L(e),0.0771914511002515,0.308765804401006
