,fluxes,C-fluxes
EX_ac(e),0.9160588271608286,1.8321176543216573
EX_cytd(e),0.0009366218918040099,0.008429597026236088
EX_dad_2(e),0.0027602907031561235,0.027602907031561236
EX_etoh(e),0.3087820283856984,0.6175640567713968
EX_gly(e),0.22497107557882193,0.44994215115764385
EX_isocapr(e),0.1498847135494836,0.8993082812969015
EX_orn(e),0.1499973448851234,0.749986724425617
EX_tma(e),1.0,3.0
