,fluxes,C-fluxes
EX_ac(e),0.02922860546846914,0.05845721093693828
EX_lac_L(e),0.9609179592712906,2.882753877813872
EX_succ(e),0.00042090110011955913,0.0016836044004782365
