,fluxes,C-fluxes
EX_4hphac(e),0.9998530686538354,7.998824549230683
EX_adn(e),0.016748960832906435,0.16748960832906434
EX_cys_L(e),0.0003343796632247255,0.0010031389896741766
EX_cytd(e),0.009616097475062849,0.08654487727556565
EX_etoh(e),1.0122468488763885,2.024493697752777
EX_pppn(e),0.9998548214696366,8.998693393226729
EX_succ(e),0.022942567465262475,0.0917702698610499
EX_tma(e),0.09019287331485093,0.2705786199445528
