,fluxes,C-fluxes
EX_ac(e),1.1250954942181128,2.2501909884362257
EX_asp_L(e),0.02569811936843114,0.10279247747372457
EX_for(e),0.21934341925156423,0.21934341925156423
EX_ins(e),0.000384234338800973,0.00384234338800973
EX_pac(e),0.02588679576406196,0.20709436611249568
EX_tma(e),0.45779738773481504,1.373392163204445
