,fluxes,C-fluxes
EX_4hphac(e),0.05111946019364576,0.40895568154916606
EX_ac(e),0.7819917282429384,1.5639834564858768
EX_for(e),0.33604782997991345,0.33604782997991345
EX_ppa(e),0.019427196599737094,0.05828158979921128
