,fluxes,C-fluxes
EX_ac(e),1.0890149852812683,2.1780299705625366
EX_gln_L(e),0.0018693219059113405,0.009346609529556703
EX_succ(e),0.0034846089964960117,0.013938435985984047
