,fluxes,C-fluxes
EX_ac(e),0.22441119889622774,0.4488223977924555
EX_but(e),0.29141780469471434,1.1656712187788574
EX_for(e),1.0314735862924207,1.0314735862924207
EX_succ(e),0.0016676049302436294,0.006670419720974517
