,fluxes,C-fluxes
EX_acald(e),0.11898625872699545,0.2379725174539909
EX_dad_2(e),0.0007172649422411203,0.007172649422411203
EX_etoh(e),1.070500632332234,2.141001264664468
EX_succ(e),0.0026567441547091404,0.010626976618836562
