,fluxes,C-fluxes
EX_ac(e),12.18367611890717,24.36735223781434
EX_cys_L(e),0.9981431969295235,2.9944295907885703
