,fluxes,C-fluxes
EX_ac(e),4.771509061446168,9.543018122892336
EX_but(e),4.869317567656481,19.477270270625922
EX_csn(e),1.6348408105797623,6.539363242319049
EX_for(e),13.861810446858907,13.861810446858907
EX_ile_L(e),0.9626489983689844,5.775893990213906
EX_ppa(e),1.199715902987644,3.5991477089629322
