,fluxes,C-fluxes
EX_ac(e),0.9769937489298102,1.9539874978596203
EX_for(e),0.26126414961554556,0.26126414961554556
EX_nac(e),0.0009121892868252742,0.005473135720951645
