,fluxes,C-fluxes
EX_4hphac(e),0.999655312063173,7.997242496505384
EX_adn(e),0.026217044577907977,0.2621704457790798
EX_but(e),0.0006821358066676036,0.0027285432266704146
EX_cys_L(e),0.0004960027321158616,0.0014880081963475848
EX_cytd(e),0.010192757648238395,0.09173481883414555
EX_etoh(e),0.9085755553446611,1.8171511106893221
EX_isobut(e),0.21525665578032566,0.8610266231213026
EX_isocapr(e),0.14807198784319844,0.8884319270591907
EX_pppn(e),0.9996025909143909,8.996423318229517
