,fluxes,C-fluxes
EX_ac(e),3.6754720125244327,7.350944025048865
EX_ala_L(e),0.010814445456712759,0.03244333637013828
EX_but(e),0.18342089490593835,0.7336835796237534
EX_for(e),1.8258463690880662,1.8258463690880662
EX_orn(e),0.0044884004166067136,0.02244200208303357
