,fluxes,C-fluxes
EX_ac(e),10.175940860642124,20.351881721284247
EX_asn_L(e),1.9291259123426179,7.7165036493704715
EX_for(e),0.0019071486178225078,0.0019071486178225078
EX_gln_L(e),0.07666704219780028,0.3833352109890014
EX_gly(e),0.1777150178479284,0.3554300356958568
EX_hxan(e),0.6171313416796087,3.0856567083980435
EX_succ(e),7.317660891321424,29.270643565285695
EX_tma(e),1.0,3.0
