,fluxes,C-fluxes
EX_ac(e),4.713394344966341,9.426788689932682
EX_asp_L(e),0.8005785369476472,3.202314147790589
EX_nac(e),0.9979954753072252,5.9879728518433515
EX_pro_L(e),0.002004524692774768,0.01002262346387384
EX_succ(e),4.6528605902158615,18.611442360863446
EX_tma(e),1.0,3.0
EX_val_L(e),1.0932454741023463,5.4662273705117315
