,fluxes,C-fluxes
EX_ac(e),1.1676036116281232,2.3352072232562464
EX_succ(e),0.0964743929193734,0.3858975716774936
