,fluxes,C-fluxes
EX_but(e),0.40630079967566674,1.625203198702667
EX_for(e),0.810463808617878,0.810463808617878
