,fluxes,C-fluxes
EX_but(e),0.9990994585289894,3.9963978341159576
EX_succ(e),0.004722023713769819,0.018888094855079276
EX_tma(e),1.0,3.0
