,fluxes,C-fluxes
EX_ac(e),0.4678918937261138,0.9357837874522276
EX_adn(e),0.0011222776409935047,0.011222776409935046
EX_glc_D(e),0.002590839927783037,0.015545039566698223
