,fluxes,C-fluxes
EX_ac(e),5.749832875094022,11.499665750188043
EX_but(e),0.5553997374246525,2.22159894969861
EX_for(e),5.553735067110711,5.553735067110711
EX_gln_L(e),0.16232849061049417,0.8116424530524708
EX_ins(e),1.9881363536604562,19.88136353660456
EX_succ(e),0.0034473718107158446,0.013789487242863378
EX_tma(e),1.0,3.0
