,fluxes,C-fluxes
EX_ac(e),1.063714618444112,2.127429236888224
EX_etoh(e),1.1643838987477197,2.3287677974954395
EX_for(e),2.2278613460000933,2.2278613460000933
EX_gln_L(e),0.16931126833031554,0.8465563416515777
EX_phe_L(e),0.9997353321503089,8.99761798935278
