,fluxes,C-fluxes
EX_ac(e),7.090032676358398,14.180065352716795
EX_etoh(e),0.4030759989903303,0.8061519979806606
EX_for(e),5.266602016789968,5.266602016789968
EX_gly(e),0.21898823501802556,0.4379764700360511
EX_lys_L(e),1.6339210327127909,9.803526196276746
EX_orn(e),0.15,0.75
EX_pro_L(e),0.17120689868829675,0.8560344934414837
