,fluxes,C-fluxes
EX_lac_D(e),1.1079741954277627,3.323922586283288
