,fluxes,C-fluxes
EX_ac(e),0.9893081748412083,1.9786163496824165
EX_for(e),0.9811935194788889,0.9811935194788889
EX_orn(e),0.14952882736340042,0.7476441368170021
