,fluxes,C-fluxes
EX_ac(e),0.8498107206711148,1.6996214413422297
EX_but(e),0.879504584625848,3.518018338503392
EX_for(e),3.1190549711319906,3.1190549711319906
EX_ile_L(e),0.22383269545099865,1.342996172705992
EX_nac(e),0.16542976145395982,0.9925785687237589
EX_phe_L(e),0.0014758370976530701,0.013282533878877631
