,fluxes,C-fluxes
EX_ac(e),2.2960587478930616,4.592117495786123
EX_for(e),0.3904693501961072,0.3904693501961072
EX_glc_D(e),0.002821169999999965,0.01692701999999979
EX_lac_L(e),0.6790552479195615,2.0371657437586848
EX_orn(e),0.046021610383554186,0.23010805191777092
EX_succ(e),0.046021610383554186,0.18408644153421674
