,fluxes,C-fluxes
EX_ac(e),1.1258070276456966,2.2516140552913932
EX_asp_L(e),0.002695970748703531,0.010783882994814123
EX_etoh(e),0.0993982443005203,0.1987964886010406
EX_for(e),1.2158443776900445,1.2158443776900445
