,fluxes,C-fluxes
EX_ac(e),1.1105876000237336,2.221175200047467
EX_ala_L(e),2.0034339316313705,6.0103017948941115
EX_cytd(e),0.001194185797913625,0.010747672181222625
EX_for(e),0.8874002765740133,0.8874002765740133
EX_glu_L(e),0.0024779521507557628,0.012389760753778813
EX_gly(e),0.22587127819248332,0.45174255638496663
EX_succ(e),0.001284719163568601,0.005138876654274404
