,fluxes,C-fluxes
EX_cytd(e),0.0017960305945957284,0.016164275351361557
EX_glu_L(e),0.00032203412553827385,0.0016101706276913693
EX_gly(e),0.8093253153557876,1.6186506307115751
EX_lac_L(e),3.6021695157475517,10.806508547242656
EX_succ(e),0.006744679429217297,0.02697871771686919
