,fluxes,C-fluxes
EX_lac_L(e),1.5187478107126673,4.556243432138002
EX_succ(e),1.0007797988842182,4.003119195536873
