,fluxes,C-fluxes
EX_ac(e),0.6660686263224028,1.3321372526448056
EX_succ(e),1.0001003613453392,4.000401445381357
