,fluxes,C-fluxes
EX_ac(e),1.5114400177448553,3.0228800354897105
EX_cys_L(e),0.010821890070646514,0.03246567021193954
EX_for(e),1.3758372692323735,1.3758372692323735
EX_glu_L(e),0.005036889847775155,0.025184449238875774
EX_phe_L(e),0.9999687379622868,8.999718641660582
EX_ppa(e),0.22502937207313606,0.6750881162194082
EX_trp_L(e),0.00012620368065214573,0.001388240487173603
