,fluxes,C-fluxes
EX_ac(e),0.9232369227286129,1.8464738454572258
EX_ala_L(e),0.15160258691637535,0.45480776074912604
EX_glu_L(e),0.0018135483584664454,0.009067741792332227
EX_gly(e),0.07633422260462831,0.15266844520925663
EX_ppa(e),0.22499471105925797,0.674984133177774
EX_succ(e),1.0,4.0
EX_tym(e),0.9951566977388941,7.961253581911153
