,fluxes,C-fluxes
EX_3mop(e),0.0013577090739676776,0.008146254443806065
EX_ac(e),0.7424484062067279,1.4848968124134558
EX_cys_L(e),0.2423833652692997,0.7271500958078991
EX_for(e),0.755353534949126,0.755353534949126
EX_fru(e),0.0006064336236543697,0.003638601741926218
EX_tym(e),0.2113200942289865,1.690560753831892
