,fluxes,C-fluxes
EX_succ(e),0.0006364714585268765,0.002545885834107506
