,fluxes,C-fluxes
EX_ac(e),0.4983009226503967,0.9966018453007934
EX_ala_L(e),0.9459444676846781,2.8378334030540344
EX_glu_L(e),0.0015823874843716816,0.007911937421858408
EX_hista(e),0.1499969389888736,0.7499846949443679
EX_ppa(e),0.44945533373829555,1.3483660012148866
EX_succ(e),0.44893433478539757,1.7957373391415903
EX_tym(e),0.999996965993074,7.999975727944592
