,fluxes,C-fluxes
EX_5mta(e),0.0003809583559970219,0.00419054191596724
EX_ac(e),1.144603166756201,2.289206333512402
EX_asp_L(e),0.9224759581281371,3.6899038325125484
EX_indole(e),0.04893934055870351,0.3915147244696281
EX_phpyr(e),0.057827456097706675,0.5204471048793601
EX_pyr(e),0.752103224719674,2.256309674159022
EX_spmd(e),0.00037775330707220223,0.002644273149505416
