,fluxes,C-fluxes
EX_ac(e),1.5500557147265333,3.1001114294530665
EX_for(e),1.0280085724206933,1.0280085724206933
EX_phe_L(e),0.7014740421968185,6.313266379771367
