,fluxes,C-fluxes
EX_lac_D(e),0.9442740576949985,2.8328221730849954
EX_orn(e),0.000739897883943175,0.003699489419715875
EX_pyr(e),0.004989909380497566,0.014969728141492698
