,fluxes,C-fluxes
EX_ac(e),1.1327130332517519,2.2654260665035038
EX_ade(e),0.001106829485565566,0.00553414742782783
EX_for(e),0.9089138515435492,0.9089138515435492
EX_gly(e),0.22426289288144413,0.44852578576288826
EX_lac_L(e),0.09037239898508113,0.2711171969552434
EX_phe_L(e),0.13096250112384672,1.1786625101146204
EX_ptrc(e),0.9997339496089713,3.9989357984358853
EX_succ(e),0.00026282017216672096,0.0010512806886668839
