,fluxes,C-fluxes
EX_cys_L(e),0.36446293811570546,1.0933888143471164
EX_dad_2(e),0.4022245782610266,4.022245782610266
EX_lac_L(e),0.6700123497756073,2.010037049326822
EX_nac(e),0.40243055715348397,2.4145833429209036
EX_ptrc(e),0.9993904327147703,3.9975617308590814
EX_ser_L(e),0.4057352304602277,1.217205691380683
