,fluxes,C-fluxes
EX_ac(e),8.6969270581243,17.3938541162486
EX_dad_2(e),0.8580529338253482,8.580529338253482
EX_for(e),6.168280194511991,6.168280194511991
EX_lys_L(e),1.714242170960742,10.285453025764452
EX_melib(e),0.004701939999999998,0.05642327999999998
