,fluxes,C-fluxes
EX_ac(e),4.859639324717698,9.719278649435395
EX_etoh(e),0.6995940476246848,1.3991880952493696
EX_for(e),6.042733973722487,6.042733973722487
EX_gly(e),0.9919443366772926,1.9838886733545853
EX_met_L(e),0.9831238663758153,4.915619331879077
EX_nac(e),0.25858792620415455,1.5515275572249272
