,fluxes,C-fluxes
EX_ac(e),0.017352188640572565,0.03470437728114513
EX_acald(e),0.8081015449900363,1.6162030899800726
EX_cys_L(e),0.0003341153302948555,0.0010023459908845664
EX_dad_2(e),0.02179173901226428,0.2179173901226428
EX_etoh(e),0.6574228236978715,1.314845647395743
EX_for(e),1.7805583461108057,1.7805583461108057
EX_ins(e),0.011066396964101666,0.11066396964101666
EX_nac(e),0.028505272870328568,0.1710316372219714
EX_succ(e),1.0,4.0
