,fluxes,C-fluxes
EX_ac(e),0.40050284628505095,0.8010056925701019
EX_ala_L(e),1.397674131939828,4.193022395819484
EX_for(e),0.4005673452182001,0.4005673452182001
EX_glu_L(e),0.0002660992752251834,0.0013304963761259171
EX_ins(e),1.0,10.0
EX_ptrc(e),1.0,4.0
