,fluxes,C-fluxes
EX_ac(e),1.109874903769603,2.219749807539206
EX_asp_L(e),0.17966760428284717,0.7186704171313887
