,fluxes,C-fluxes
EX_ac(e),0.8760515947686961,1.7521031895373922
