,fluxes,C-fluxes
EX_csn(e),0.008709252147548885,0.03483700859019554
EX_etoh(e),1.7766231772252246,3.553246354450449
EX_for(e),1.7989426053315694,1.7989426053315694
EX_glu_L(e),0.0015134633217606058,0.007567316608803029
EX_lac_D(e),0.011641507661403611,0.03492452298421084
