,fluxes,C-fluxes
EX_ac(e),2.066246396994849,4.132492793989698
EX_adn(e),0.0001405253762572213,0.001405253762572213
EX_for(e),1.0916424612881486,1.0916424612881486
