,fluxes,C-fluxes
EX_ac(e),1.0012399396673133,2.0024798793346266
EX_cytd(e),0.01047464241952909,0.0942717817757618
EX_for(e),1.6757839268567807,1.6757839268567807
EX_lys_L(e),0.326051474414262,1.9563088464855722
EX_ppa(e),0.6696641783071943,2.0089925349215827
EX_succ(e),0.0005472878293868444,0.0021891513175473776
