,fluxes,C-fluxes
EX_ac(e),0.5345086593955533,1.0690173187911065
EX_adn(e),0.8062124920288591,8.062124920288591
EX_etoh(e),1.4338743897962893,2.8677487795925787
EX_for(e),0.9861178830301478,0.9861178830301478
EX_fru(e),0.01128468,0.06770808
EX_succ(e),0.0006960680791748457,0.002784272316699383
