,fluxes,C-fluxes
EX_acald(e),0.0026559699807313687,0.0053119399614627374
EX_etoh(e),1.0471368869119235,2.094273773823847
EX_for(e),1.0522806167153869,1.0522806167153869
EX_orn(e),0.1496225127408744,0.748112563704372
EX_succ(e),0.0010463275977333653,0.004185310390933461
