,fluxes,C-fluxes
EX_4abut(e),0.3599302684858821,1.4397210739435284
EX_ac(e),1.0009831591245548,2.0019663182491096
EX_for(e),0.9998255861235071,0.9998255861235071
EX_met_L(e),0.548094706649975,2.7404735332498746
EX_succ(e),0.44893058746937553,1.7957223498775021
