,fluxes,C-fluxes
EX_ac(e),2.103764117378227,4.207528234756454
EX_glu_L(e),0.0112586866519878,0.056293433259939
EX_lac_D(e),0.8805689154348794,2.641706746304638
EX_succ(e),0.23566270390400454,0.9426508156160182
