,fluxes,C-fluxes
EX_ac(e),1.5369581016345504,3.0739162032691008
EX_asp_L(e),0.0003163526923667497,0.0012654107694669988
EX_for(e),0.7674846097773076,0.7674846097773076
