,fluxes,C-fluxes
EX_ac(e),2.233447100255568,4.466894200511136
EX_gly(e),0.22218165273205176,0.4443633054641035
EX_pyr(e),0.15282580177702484,0.4584774053310745
