,fluxes,C-fluxes
EX_ac(e),6.260775937987255,12.52155187597451
EX_dad_2(e),1.0017683064811984,10.017683064811983
EX_for(e),6.685849636764188,6.685849636764188
EX_gln_L(e),1.263146375341777,6.3157318767088855
EX_ppa(e),0.05495021916088472,0.16485065748265415
EX_ptrc(e),0.9994144333917695,3.997657733567078
