,fluxes,C-fluxes
EX_ac(e),1.2847331195626999,2.5694662391253997
EX_cytd(e),0.016882757218158108,0.15194481496342296
EX_gsn(e),0.0016705168152854365,0.016705168152854364
EX_ins(e),0.0002927879194747943,0.002927879194747943
EX_mal_L(e),0.08828462403372857,0.35313849613491427
