,fluxes,C-fluxes
EX_ac(e),0.959059971750809,1.918119943501618
EX_ala_L(e),0.001838681136021429,0.005516043408064287
EX_asp_L(e),0.0013771383266500492,0.005508553306600197
EX_but(e),0.052367977625147784,0.20947191050059114
EX_for(e),1.0597757521573643,1.0597757521573643
