,fluxes,C-fluxes
EX_ac(e),0.23854837344909732,0.47709674689819465
EX_but(e),0.3234425085805709,1.2937700343222835
EX_etoh(e),0.22354867549209514,0.4470973509841903
EX_for(e),0.8943517713816334,0.8943517713816334
EX_gly(e),0.22205679268227196,0.44411358536454393
