,fluxes,C-fluxes
EX_ac(e),0.57958817219276,1.15917634438552
EX_for(e),0.07171341038475136,0.07171341038475136
EX_nac(e),0.0005844986813732719,0.0035069920882396313
EX_succ(e),0.00030320010934914497,0.0012128004373965799
