,fluxes,C-fluxes
EX_ac(e),0.5594333135659768,1.1188666271319536
EX_for(e),0.06564261109241876,0.06564261109241876
EX_nac(e),0.0004217503504428241,0.0025305021026569446
