,fluxes,C-fluxes
EX_ac(e),25.439917752704662,50.879835505409325
EX_dad_2(e),1.0001966090112877,10.001966090112877
EX_for(e),5.943647114364884,5.943647114364884
EX_indole(e),0.07301424614706345,0.5841139691765076
EX_nac(e),0.9954249192574136,5.972549515544482
EX_phe_L(e),0.9562572750149873,8.606315475134885
EX_ppa(e),0.16407881791785497,0.49223645375356495
EX_ptrc(e),1.1124326665745918,4.449730666298367
EX_tma(e),1.0,3.0
EX_urea(e),0.11243266657459192,0.11243266657459192
