,fluxes,C-fluxes
EX_4abut(e),1.763386546788088,7.053546187152352
EX_ac(e),17.880556551770738,35.761113103541476
EX_dad_2(e),1.0002116191315524,10.002116191315524
EX_for(e),15.746966495411638,15.746966495411638
EX_indole(e),0.07332489596838025,0.586599167747042
EX_nac(e),0.9947712463009056,5.968627477805434
EX_phe_L(e),0.9558064507751858,8.602258056976671
EX_ptrc(e),1.112305929473059,4.449223717892236
EX_urea(e),0.11230592947305901,0.11230592947305901
