,fluxes,C-fluxes
EX_ac(e),0.5999188651934177,1.1998377303868355
EX_for(e),0.3002946167693628,0.3002946167693628
EX_gal(e),0.00039957900818487916,0.002397474049109275
EX_nac(e),0.0016352177988253672,0.009811306792952203
EX_succ(e),0.0004017411659790404,0.0016069646639161616
