,fluxes,C-fluxes
EX_4abut(e),0.2797957051468826,1.1191828205875305
EX_ac(e),5.865329576998287,11.730659153996575
EX_but(e),4.537758200505796,18.151032802023185
EX_for(e),14.11858697861006,14.11858697861006
EX_gly(e),0.1276429689284657,0.2552859378569314
EX_succ(e),0.013807605391629335,0.05523042156651734
