,fluxes,C-fluxes
EX_ac(e),1.08179045109999,2.16358090219998
EX_for(e),0.8566789735638092,0.8566789735638092
EX_gly(e),0.21586419917452138,0.43172839834904275
EX_phe_L(e),0.9938095421699069,8.944285879529161
