,fluxes,C-fluxes
EX_ac(e),0.3341226493656777,0.6682452987313554
EX_acald(e),0.22499551369791723,0.44999102739583446
EX_ade(e),0.0030659682989147307,0.015329841494573653
EX_asp_L(e),0.33412390623716864,1.3364956249486746
EX_cytd(e),0.001378364214985832,0.012405277934872488
EX_dgsn(e),0.9908158348879177,9.908158348879176
EX_indole(e),0.002478471552894528,0.019827772423156222
EX_ser_L(e),0.33742574769216827,1.0122772430765048
EX_ura(e),0.9881775349078074,3.9527101396312294
