,fluxes,C-fluxes
EX_ac(e),5.825831619959586,11.651663239919172
EX_for(e),4.130184578300847,4.130184578300847
EX_gthrd(e),2.0,20.0
EX_phe_L(e),1.1121602197133407,10.009441977420066
EX_rbflvrd(e),0.9984733787089121,16.974047438051507
