,fluxes,C-fluxes
EX_ac(e),1.061849046423156,2.123698092846312
EX_ade(e),0.999468911424851,4.997344557124254
EX_csn(e),0.005804963604230093,0.02321985441692037
EX_dgsn(e),0.9997726882922897,9.997726882922898
EX_glu_L(e),0.004705231962007637,0.023526159810038184
EX_gly(e),0.061411575932817805,0.12282315186563561
EX_ser_L(e),0.0029588814536581605,0.008876644360974482
