,fluxes,C-fluxes
EX_etoh(e),2.1883075081906473,4.376615016381295
EX_succ(e),0.01196355617950695,0.0478542247180278
