,fluxes,C-fluxes
EX_ac(e),2.335637916569873,4.671275833139746
EX_btoh(e),0.7767080393987948,3.1068321575951794
EX_for(e),2.045878860368825,2.045878860368825
EX_indole(e),0.0817455633766053,0.6539645070128424
EX_succ(e),0.0006005799198496383,0.002402319679398553
