,fluxes,C-fluxes
EX_ac(e),1.4151281819102555,2.830256363820511
EX_for(e),1.74846230164838,1.74846230164838
EX_indole(e),0.0816424044085291,0.6531392352682328
EX_succ(e),0.00660602659284439,0.02642410637137756
