,fluxes,C-fluxes
EX_ac(e),1.4331795226295514,2.866359045259103
EX_indole(e),0.0817202756755841,0.6537622054046728
EX_lac_D(e),1.0221824033991564,3.066547210197469
EX_succ(e),0.22028203019242037,0.8811281207696815
