,fluxes,C-fluxes
EX_ac(e),0.3298980300929879,0.6597960601859758
EX_ade(e),0.0007706192172989273,0.0038530960864946364
EX_btoh(e),0.23392932608966116,0.9357173043586446
EX_cys_L(e),0.0009285506831907278,0.0027856520495721836
EX_for(e),0.33303510994308416,0.33303510994308416
EX_ile_L(e),0.2923861775020289,1.7543170650121733
EX_indole(e),0.08175811621829471,0.6540649297463577
EX_ppa(e),1.0,3.0
