,fluxes,C-fluxes
EX_ac(e),0.9841575760102029,1.9683151520204059
EX_btoh(e),0.3211340932073195,1.284536372829278
EX_but(e),0.0003207913330390117,0.0012831653321560468
EX_cys_L(e),0.0006515059360436954,0.001954517808131086
EX_lac_D(e),0.013457167703610884,0.04037150311083265
EX_succ(e),0.00025704268724829763,0.0010281707489931905
