,fluxes,C-fluxes
EX_ac(e),1.46895973774992,2.93791947549984
EX_btoh(e),0.7275291450916371,2.9101165803665485
EX_but(e),0.14999691306350554,0.5999876522540222
EX_indole(e),0.08181647433242015,0.6545317946593612
EX_lac_D(e),0.7719447909618858,2.3158343728856576
EX_succ(e),0.0036746384842466806,0.014698553936986722
