,fluxes,C-fluxes
EX_ac(e),1.2949375456843921,2.5898750913687842
EX_but(e),0.14940405961536507,0.5976162384614603
EX_etoh(e),0.4034408976158522,0.8068817952317044
EX_gly(e),0.18713340653628455,0.3742668130725691
EX_indole(e),0.08177754421905004,0.6542203537524003
EX_lac_D(e),3.45237808999939,10.35713426999817
EX_succ(e),1.449322965610975,5.7972918624439
