,fluxes,C-fluxes
EX_ac(e),0.9398563768615483,1.8797127537230967
EX_gly(e),0.002385002322580343,0.004770004645160686
