,fluxes,C-fluxes
EX_ac(e),0.656970967524503,1.313941935049006
EX_btoh(e),0.5179228555655648,2.0716914222622593
EX_but(e),0.1499698723307854,0.5998794893231416
EX_ppa(e),1.0000000266375353,3.000000079912606
EX_thymd(e),0.0023975575644757286,0.023975575644757285
EX_ttdca(e),0.015243719842958059,0.21341207780141283
