,fluxes,C-fluxes
EX_ac(e),1.857260079594744,3.714520159189488
EX_btoh(e),0.7722740672339312,3.089096268935725
EX_for(e),0.6938752378208554,0.6938752378208554
EX_indole(e),0.08181683014678669,0.6545346411742935
EX_succ(e),0.14998084719624613,0.5999233887849845
