,fluxes,C-fluxes
EX_ac(e),1.4462424777092906,2.892484955418581
EX_dad_2(e),0.0007569456943686529,0.0075694569436865295
EX_indole(e),0.08181726024383493,0.6545380819506794
EX_ppa(e),0.4430886313674933,1.32926589410248
EX_succ(e),0.22497478159595188,0.8998991263838075
