,fluxes,C-fluxes
EX_ac(e),19.835177710002256,39.67035542000451
EX_but(e),0.019768522874296045,0.07907409149718418
EX_indole(e),0.06913997977615496,0.5531198382092397
EX_phe_L(e),0.8557782966310297,7.702004669679267
