,fluxes,C-fluxes
EX_ac(e),1.2872810543312732,2.5745621086625463
EX_for(e),1.4981927586185955,1.4981927586185955
EX_indole(e),0.08174245056538117,0.6539396045230493
EX_succ(e),0.0004304888826640825,0.00172195553065633
