,fluxes,C-fluxes
EX_etoh(e),0.8998623391138864,1.7997246782277727
EX_lac_L(e),1.7996802257987057,5.399040677396117
