,fluxes,C-fluxes
EX_3mop(e),0.019447151955771843,0.11668291173463105
EX_ac(e),1.0,2.0
EX_acald(e),2.240214289290857,4.480428578581714
EX_ala_L(e),2.0150580181086726,6.045174054326018
EX_for(e),2.2397265679962883,2.2397265679962883
EX_glyc(e),0.0006900649186014684,0.002070194755804405
EX_hista(e),0.1497550835749997,0.7487754178749985
EX_trypta(e),0.08139186059876839,0.813918605987684
EX_tym(e),0.9987676774040966,7.990141419232772
