,fluxes,C-fluxes
EX_lac_L(e),0.9532207819136478,2.8596623457409436
EX_orn(e),0.00863030641059859,0.04315153205299295
EX_succ(e),0.008452675567141004,0.033810702268564016
