,fluxes,C-fluxes
EX_indole(e),0.08181422268220917,0.6545137814576734
EX_lac_L(e),3.6195677112704465,10.85870313381134
EX_nac(e),0.9999947230178853,5.999968338107312
EX_succ(e),0.9999894460468416,3.9999577841873664
