,fluxes,C-fluxes
EX_glu_L(e),0.0013672931219648253,0.006836465609824127
EX_lac_L(e),0.9103394473787131,2.731018342136139
EX_trypta(e),0.001277988270252619,0.01277988270252619
