,fluxes,C-fluxes
EX_gly(e),0.48040194374855605,0.9608038874971121
EX_phe_L(e),0.8607218414664471,7.746496573198025
EX_succ(e),1.6100299952247643,6.440119980899057
