,fluxes,C-fluxes
EX_26dap_M(e),0.00630233423667044,0.04411633965669308
EX_cytd(e),0.003942313347299277,0.035480820125693494
EX_succ(e),1.2197047207637388,4.878818883054955
