,fluxes,C-fluxes
EX_glu_L(e),0.006321393260179322,0.03160696630089661
EX_gly(e),0.002167841779321526,0.004335683558643052
EX_succ(e),0.980239231486551,3.920956925946204
