,fluxes,C-fluxes
EX_ac(e),1.2010118467754125,2.402023693550825
