,fluxes,C-fluxes
EX_ac(e),4.26285451034815,8.5257090206963
EX_etoh(e),0.3277691632553274,0.6555383265106548
EX_nac(e),0.9987772677704475,5.992663606622685
EX_phe_L(e),0.99647524562804,8.96827721065236
EX_succ(e),3.954206124049219,15.816824496196876
