,fluxes,C-fluxes
EX_akg(e),0.3600475542780833,1.8002377713904165
EX_dad_2(e),0.0008854516643676283,0.008854516643676282
EX_gly(e),0.14749722641823246,0.2949944528364649
EX_succ(e),1.4499841782942222,5.799936713176889
EX_thymd(e),0.14744716576994002,1.4744716576994001
EX_trypta(e),0.08181748632245961,0.8181748632245961
