,fluxes,C-fluxes
EX_ac(e),10.253482787920905,20.50696557584181
EX_dad_2(e),0.18908187791356224,1.8908187791356224
EX_etoh(e),2.1330585204889485,4.266117040977897
EX_for(e),9.95435414493045,9.95435414493045
EX_pro_L(e),0.16716834644766454,0.8358417322383227
