,fluxes,C-fluxes
EX_ac(e),2.3596962034518643,4.7193924069037285
EX_csn(e),0.0006908738231310354,0.0027634952925241416
EX_cys_L(e),0.769365599765696,2.308096799297088
EX_for(e),2.1373264986585028,2.1373264986585028
EX_leu_L(e),1.3570811017510667,8.142486610506399
EX_lys_L(e),0.39364961635065326,2.3618976981039195
