,fluxes,C-fluxes
EX_ac(e),0.004076321019994877,0.008152642039989754
EX_lac_D(e),1.105277522726678,3.315832568180034
