,fluxes,C-fluxes
EX_ac(e),2.016062702496666,4.032125404993332
EX_fol(e),0.012230370337123181,0.23237703640534044
EX_for(e),1.0269441682297022,1.0269441682297022
EX_glyc(e),0.0019710661699657746,0.005913198509897324
EX_succ(e),0.015231148806000407,0.06092459522400163
