,fluxes,C-fluxes
EX_ac(e),0.49506085127252947,0.9901217025450589
EX_gly(e),0.0024444863927583628,0.0048889727855167256
EX_lac_L(e),0.0974807337721785,0.29244220131653553
EX_succ(e),0.003931610444718442,0.01572644177887377
