,fluxes,C-fluxes
EX_ac(e),2.0740997660040037,4.148199532008007
EX_coprost(e),0.00495795,0.13386465
EX_nac(e),0.0034825368272199454,0.020895220963319673
EX_succ(e),1.1470865023020178,4.588346009208071
