,fluxes,C-fluxes
EX_5mthf(e),0.1035063322878847,2.0701266457576937
EX_ac(e),0.7124434218611799,1.4248868437223599
EX_glu_L(e),0.0003859724285728782,0.001929862142864391
EX_lac_L(e),1.7423644218101906,5.227093265430572
EX_thf(e),0.007643759884094738,0.14523143779780004
