,fluxes,C-fluxes
EX_acald(e),0.07978867400697556,0.15957734801395113
EX_cys_L(e),0.001860444333589624,0.005581333000768872
EX_glc_D(e),0.0023620172109316303,0.014172103265589781
EX_lac_D(e),1.4269761074044784,4.280928322213436
EX_ocdca(e),0.026360216248820616,0.4744838924787711
EX_succ(e),0.0004100936125443021,0.0016403744501772084
