,fluxes,C-fluxes
EX_4abut(e),0.17882877926909427,0.7153151170763771
EX_ac(e),0.39682738136432616,0.7936547627286523
EX_fol(e),0.000773570342363771,0.01469783650491165
EX_phe_L(e),0.003290331875477751,0.02961298687929976
EX_succ(e),0.3998692844338326,1.5994771377353303
