,fluxes,C-fluxes
EX_ac(e),0.17824790996720652,0.35649581993441304
EX_etoh(e),0.17542801871172584,0.35085603742345167
EX_glu_L(e),0.004923323328648805,0.02461661664324402
EX_lac_D(e),1.4142291644675524,4.2426874934026575
EX_succ(e),0.44819465875576364,1.7927786350230546
