,fluxes,C-fluxes
EX_4abut(e),0.000499610166582181,0.001998440666328724
EX_cys_L(e),0.2593555584601204,0.7780666753803611
EX_etoh(e),0.005442993826698418,0.010885987653396836
EX_gly(e),0.25935891819378243,0.5187178363875649
EX_lac_L(e),1.4925322616178227,4.477596784853468
