,fluxes,C-fluxes
EX_ac(e),2.0760180431191007,4.152036086238201
EX_ala_L(e),0.07311229780227219,0.21933689340681656
EX_coprost(e),0.00495795,0.13386465
EX_cys_L(e),0.0007292898652073215,0.0021878695956219643
EX_for(e),1.0779344323777522,1.0779344323777522
EX_gln_L(e),0.1501777501996292,0.750888750998146
EX_his_L(e),0.0002497997885153272,0.001498798731091963
EX_nac(e),0.003643231890481476,0.021859391342888855
EX_succ(e),0.07216570835322943,0.2886628334129177
