,fluxes,C-fluxes
EX_ac(e),0.08214764395115227,0.16429528790230455
EX_lac_L(e),1.9267511175253387,5.7802533525760165
EX_succ(e),0.004459734378528184,0.017838937514112738
