,fluxes,C-fluxes
EX_ac(e),0.29490699982017166,0.5898139996403433
EX_orn(e),0.0004943652915703826,0.002471826457851913
EX_succ(e),0.0004943652915703722,0.001977461166281489
