,fluxes,C-fluxes
EX_ac(e),1.2272426544287363,2.4544853088574725
EX_etoh(e),0.21524380399734275,0.4304876079946855
EX_for(e),1.4469670994062687,1.4469670994062687
EX_glu_L(e),0.000788778720758356,0.00394389360379178
EX_thymd(e),0.003088183970071661,0.03088183970071661
