,fluxes,C-fluxes
EX_coprost(e),0.00495795,0.13386465
EX_cys_L(e),0.00499476334158744,0.01498429002476232
EX_etoh(e),0.565769275769383,1.131538551538766
EX_glc_D(e),0.0025741340057718076,0.015444804034630846
EX_gly(e),0.0048505160049716915,0.009701032009943383
EX_lac_D(e),2.121061511362953,6.363184534088859
EX_ocdca(e),0.02291040545589002,0.4123872982060203
EX_succ(e),0.22362465744030874,0.894498629761235
