,fluxes,C-fluxes
EX_ac(e),2.4213438565152923,4.8426877130305845
EX_acald(e),0.006557873640411431,0.013115747280822862
EX_ade(e),0.9984275564415348,4.992137782207674
EX_cytd(e),0.006661563967822799,0.05995407571040519
EX_dgsn(e),0.9998659025792976,9.998659025792977
EX_glc_D(e),2.31605181,13.89631086
EX_gln_L(e),0.005062331501228829,0.025311657506144145
EX_ile_L(e),0.007640292070346029,0.04584175242207618
EX_succ(e),0.008241146190392262,0.03296458476156905
