,fluxes,C-fluxes
EX_ac(e),0.7985462498943899,1.5970924997887799
EX_glyc(e),0.0026400805035885527,0.007920241510765659
EX_lac_D(e),0.5746755432679805,1.7240266298039417
EX_orn(e),0.002859647048292,0.01429823524146
EX_succ(e),0.037760589961440494,0.15104235984576198
