,fluxes,C-fluxes
EX_ac(e),0.0028797677258414773,0.005759535451682955
EX_acald(e),0.5584856880851357,1.1169713761702713
EX_ade(e),0.5647367116601212,2.8236835583006057
EX_lac_L(e),0.5649530021850271,1.6948590065550813
