,fluxes,C-fluxes
EX_ac(e),1.9790975192125404,3.958195038425081
EX_cys_L(e),0.00204136054527113,0.006124081635813391
EX_fol(e),0.01447033919094388,0.2749364446279337
EX_for(e),1.025413086743793,1.025413086743793
EX_succ(e),0.0015136967198951122,0.006054786879580449
