,fluxes,C-fluxes
EX_lac_L(e),0.435330307208891,1.305990921626673
EX_succ(e),0.007891135580705637,0.03156454232282255
