,fluxes,C-fluxes
EX_cys_L(e),0.00919635693052865,0.02758907079158595
EX_etoh(e),0.01856101278428221,0.03712202556856442
EX_lac_D(e),2.3280057183541145,6.984017155062343
EX_succ(e),0.01746096774043675,0.069843870961747
