,fluxes,C-fluxes
EX_ac(e),0.4424704228024164,0.8849408456048328
EX_ade(e),0.00436466745920773,0.02182333729603865
EX_cytd(e),0.0012070288703759323,0.01086325983338339
EX_for(e),0.4446092099386953,0.4446092099386953
EX_glu_L(e),0.0044264524227370814,0.022132262113685408
EX_ile_L(e),0.4447514268632371,2.6685085611794226
EX_succ(e),0.002689391764571528,0.010757567058286111
EX_tym(e),0.9955427507400461,7.9643420059203685
