,fluxes,C-fluxes
EX_etoh(e),0.8990237876676641,1.7980475753353282
EX_lac_L(e),2.0975821119271987,6.292746335781596
EX_succ(e),0.0012943935920142458,0.005177574368056983
