,fluxes,C-fluxes
EX_ac(e),0.11291425668859771,0.22582851337719542
EX_ade(e),0.005610944598825256,0.028054722994126282
EX_etoh(e),0.10171213154309763,0.20342426308619527
EX_gly(e),0.2235281872514706,0.4470563745029412
EX_ins(e),0.0002035510824811986,0.002035510824811986
EX_lac_D(e),1.1881141930423404,3.5643425791270213
EX_orn(e),0.0004423305824238869,0.0022116529121194344
