,fluxes,C-fluxes
EX_etoh(e),0.8811937216387407,1.7623874432774813
EX_glu_L(e),0.0056026399303629945,0.028013199651814973
EX_gly(e),0.001523960826551933,0.003047921653103866
EX_lac_D(e),1.9820300085756173,5.946090025726852
EX_nac(e),0.00030567224133802844,0.0018340334480281707
EX_succ(e),0.22295191398538253,0.8918076559415301
