,fluxes,C-fluxes
EX_ac(e),4.005738324329601,8.011476648659203
EX_cys_L(e),0.015746169680055353,0.04723850904016606
EX_cytd(e),0.010896520774912578,0.0980686869742132
EX_ile_L(e),0.03756066973936122,0.22536401843616732
EX_lac_L(e),1.9752863820996371,5.925859146298912
EX_succ(e),0.02421383987538584,0.09685535950154336
