,fluxes,C-fluxes
EX_gal(e),0.07449289,0.44695734000000004
EX_glu_L(e),0.018389497083292333,0.09194748541646167
EX_lac_D(e),1.3398108590111395,4.0194325770334185
EX_succ(e),0.005971111413422176,0.023884445653688705
