,fluxes,C-fluxes
EX_12ppd_S(e),0.14898579,0.44695737
EX_4abut(e),0.1799833262612976,0.7199333050451904
EX_ac(e),0.7419254699154676,1.4838509398309352
EX_ala_L(e),1.1158362151597172,3.3475086454791514
EX_for(e),0.4492151804485067,0.4492151804485067
EX_fru(e),0.01128468,0.06770808
EX_succ(e),0.001851937467786378,0.007407749871145512
