,fluxes,C-fluxes
EX_cys_L(e),0.003420063662812126,0.010260190988436379
EX_etoh(e),0.6748353680074447,1.3496707360148894
EX_fol(e),0.003811579459677096,0.07242000973386482
EX_for(e),0.0038120453098031194,0.0038120453098031194
EX_glu_L(e),0.0016564291570753825,0.008282145785376912
EX_gly(e),0.0034904001945391394,0.006980800389078279
EX_lac_D(e),1.79965486,5.3989645799999995
EX_nac(e),0.00407625394184968,0.02445752365109808
EX_succ(e),0.4499841239851105,1.799936495940442
