,fluxes,C-fluxes
EX_ac(e),1.927291668939792,3.854583337879584
EX_oxa(e),0.5546991187831679,1.1093982375663358
EX_ttdca(e),0.048384295905557415,0.6773801426778038
