,fluxes,C-fluxes
EX_ac(e),1.013127215090235,2.02625443018047
EX_cytd(e),0.0027584366704694907,0.024825930034225417
EX_dad_2(e),0.0012625808384645369,0.012625808384645368
EX_for(e),1.9824926748050316,1.9824926748050316
EX_glu_L(e),0.03841871023445582,0.19209355117227908
EX_ins(e),0.013249399717764268,0.13249399717764268
EX_lys_L(e),0.524994072919464,3.149964437516784
EX_ppa(e),1.0,3.0
