,fluxes,C-fluxes
EX_ac(e),0.8130995720634898,1.6261991441269796
EX_lac_D(e),0.6645865444505781,1.9937596333517342
EX_orn(e),0.07198790387607139,0.35993951938035695
