,fluxes,C-fluxes
EX_ac(e),1.7473765110122175,3.494753022024435
EX_cytd(e),0.0010040290766830599,0.009036261690147538
EX_dad_2(e),0.0025474025126327703,0.025474025126327703
EX_lac_D(e),1.1809209794428246,3.5427629383284738
EX_succ(e),0.22499095749642808,0.8999638299857123
