,fluxes,C-fluxes
EX_12ppd_S(e),0.01697520739030924,0.05092562217092772
EX_ac(e),0.00092316140022563,0.00184632280045126
EX_actn_R(e),0.005207619325936689,0.020830477303746757
EX_cys_L(e),0.0016190102401826983,0.004857030720548095
EX_etoh(e),1.2512292000354674,2.502458400070935
EX_for(e),1.3572878283674552,1.3572878283674552
EX_succ(e),0.0006588241385646208,0.0026352965542584834
