,fluxes,C-fluxes
EX_12ppd_S(e),0.14898579,0.44695737
EX_ac(e),1.627413270900352,3.254826541800704
EX_acald(e),0.22445860890619637,0.44891721781239274
EX_cys_L(e),0.5136656132967373,1.5409968398902119
EX_for(e),0.8910542188088382,0.8910542188088382
