,fluxes,C-fluxes
EX_12ppd_S(e),0.0285995513426898,0.08579865402806941
EX_ac(e),0.0010223614030406688,0.0020447228060813376
EX_cys_L(e),0.0012229431370655742,0.0036688294111967227
EX_etoh(e),1.2245395267592674,2.4490790535185347
EX_for(e),1.4404041719761256,1.4404041719761256
EX_succ(e),0.0003586386112804951,0.0014345544451219805
EX_val_L(e),0.0019295014527525773,0.009647507263762886
