,fluxes,C-fluxes
EX_12ppd_S(e),0.02965896299095177,0.0889768889728553
EX_ac(e),0.000701420529038151,0.001402841058076302
EX_actn_R(e),0.002630064328571048,0.010520257314284192
EX_cys_L(e),0.0012198125631290807,0.0036594376893872424
EX_etoh(e),1.2195746987979637,2.4391493975959273
EX_for(e),1.4644125487778465,1.4644125487778465
