,fluxes,C-fluxes
EX_12ppd_S(e),0.011980619276389918,0.035941857829169754
EX_ac(e),0.0015711718440657074,0.003142343688131415
EX_actn_R(e),0.005236066563295528,0.02094426625318211
EX_etoh(e),1.377290654934955,2.75458130986991
EX_for(e),1.3973020526530653,1.3973020526530653
EX_succ(e),0.0008455559405379549,0.0033822237621518197
