,fluxes,C-fluxes
EX_12ppd_S(e),0.0280886487942072,0.08426594638262161
EX_ac(e),0.0006627800742866994,0.0013255601485733987
EX_actn_R(e),0.003178878943304755,0.01271551577321902
EX_cys_L(e),0.0012033964479682539,0.0036101893439047616
EX_etoh(e),1.219535787761448,2.439071575522896
EX_for(e),1.4458699966162176,1.4458699966162176
EX_succ(e),0.0004674994843686092,0.0018699979374744368
