,fluxes,C-fluxes
EX_12ppd_S(e),0.14898579,0.44695737
EX_ac(e),1.0727278969639387,2.1454557939278773
EX_adn(e),0.9999420923224965,9.999420923224966
EX_glc_D(e),1.9426492911706579,11.655895747023948
EX_gln_L(e),0.1799770599831271,0.8998852999156355
EX_nac(e),0.16244160833463153,0.9746496500077892
EX_succ(e),0.22371048646178207,0.8948419458471283
EX_uri(e),0.9999579308098898,8.999621377289008
EX_val_L(e),1.2034456171001748,6.017228085500874
