,fluxes,C-fluxes
EX_12ppd_S(e),0.02838292833577775,0.08514878500733325
EX_ac(e),0.0006620743930162493,0.0013241487860324987
EX_actn_R(e),0.0034063574607646283,0.013625429843058513
EX_cys_L(e),0.0012023688884167053,0.003607106665250116
EX_etoh(e),1.220708465843763,2.441416931687526
EX_for(e),1.448267251109413,1.448267251109413
