,fluxes,C-fluxes
EX_ac(e),0.9964405728938049,1.9928811457876099
EX_acald(e),0.2828604724944724,0.5657209449889448
EX_fru(e),0.01410999999999999,0.08465999999999994
EX_pro_L(e),0.014740251570523177,0.07370125785261589
EX_succ(e),0.0022337543003255176,0.00893501720130207
