,fluxes,C-fluxes
EX_ac(e),0.7516141945327325,1.503228389065465
EX_ala_L(e),1.156497630014994,3.4694928900449824
EX_but(e),0.47226705302547856,1.8890682121019142
EX_cytd(e),0.03216442772606612,0.28947984953459505
EX_glcn(e),0.015672876486247937,0.09403725891748763
EX_glu_L(e),0.011293433928616248,0.05646716964308124
EX_ppa(e),0.01588214983575838,0.047646449507275146
EX_ptrc(e),0.9909157976892427,3.9636631907569706
