,fluxes,C-fluxes
EX_ac(e),0.2235082563515895,0.447016512703179
EX_adn(e),0.9999159012194313,9.999159012194314
EX_akg(e),0.30804891361446207,1.5402445680723105
EX_asp_L(e),0.30734203761466816,1.2293681504586726
EX_gly(e),0.2239794063303635,0.447958812660727
EX_trypta(e),0.00013297789530214806,0.0013297789530214805
EX_tym(e),0.9998843739341909,7.9990749914735275
