,fluxes,C-fluxes
EX_succ(e),0.0007113316202399311,0.0028453264809597243
