,fluxes,C-fluxes
EX_ade(e),0.001682065655304158,0.00841032827652079
EX_adn(e),0.9981548734484903,9.981548734484903
EX_akg(e),0.0002823168079957492,0.001411584039978746
EX_pyr(e),0.0003963080337549133,0.00118892410126474
EX_trypta(e),0.0006227525514001387,0.006227525514001388
