,fluxes,C-fluxes
EX_ac(e),0.0012197020762234087,0.0024394041524468174
EX_nac(e),0.0039968649248175855,0.02398118954890551
