,fluxes,C-fluxes
EX_ac(e),1.3971318260638175,2.794263652127635
EX_succ(e),0.18572073138564624,0.742882925542585
