,fluxes,C-fluxes
EX_lac_L(e),1.2697596607662789,3.809278982298837
EX_succ(e),1.0000247198416579,4.000098879366631
