,fluxes,C-fluxes
EX_ac(e),0.9637553743986269,1.9275107487972538
EX_akg(e),0.0004497507863897028,0.002248753931948514
EX_cytd(e),0.006653091732787301,0.05987782559508571
EX_glu_L(e),0.006585880637755031,0.03292940318877515
EX_ins(e),0.0001247394708919823,0.001247394708919823
EX_nac(e),0.0037480095229684334,0.022488057137810602
