,fluxes,C-fluxes
EX_4abut(e),0.18205994020057678,0.7282397608023071
EX_ac(e),0.0007006750606347642,0.0014013501212695285
EX_adn(e),1.000596022253815,10.00596022253815
EX_asn_L(e),0.14550280575127453,0.5820112230050981
EX_cytd(e),0.0011532002298483845,0.010378802068635461
EX_for(e),0.9999493849735668,0.9999493849735668
EX_gln_L(e),0.0023509192098622065,0.011754596049311034
EX_gly(e),0.9999123142468163,1.9998246284936325
EX_ptrc(e),1.1499849042334729,4.5999396169338915
