,fluxes,C-fluxes
EX_glu_L(e),0.00035371519589239876,0.0017685759794619938
EX_succ(e),0.00036059788128276057,0.0014423915251310423
