,fluxes,C-fluxes
EX_3mop(e),0.004209090337239414,0.025254542023436483
EX_cys_L(e),0.002898079508550145,0.008694238525650436
EX_gln_L(e),0.0035478753669746254,0.017739376834873127
EX_nac(e),0.9538762049483549,5.723257229690129
EX_trp_L(e),0.0004958257518252226,0.0054540832700774484
