,fluxes,C-fluxes
EX_cytd(e),0.0006044461592223675,0.005440015433001308
EX_glyc(e),0.04502129646915779,0.13506388940747338
EX_lac_D(e),0.1937461687943291,0.5812385063829872
EX_ser_L(e),0.1472503619654777,0.4417510858964331
EX_succ(e),1.2558674764095032,5.023469905638013
