,fluxes,C-fluxes
EX_ac(e),0.5002554657097521,1.0005109314195042
EX_cys_L(e),0.027168813710782835,0.0815064411323485
EX_cytd(e),0.000610000452807637,0.005490004075268733
EX_glu_L(e),0.0005373791689460229,0.0026868958447301148
EX_gly(e),0.027167659319387027,0.054335318638774055
EX_lac_L(e),0.5371731810394581,1.6115195431183742
EX_phe_L(e),1.0012621077177768,9.011358969459991
