,fluxes,C-fluxes
EX_ac(e),1.2261087693902462,2.4522175387804923
EX_cys_L(e),0.15982718322849165,0.47948154968547496
EX_glyc(e),0.0018413194944322355,0.005523958483296706
EX_succ(e),1.4499598536109226,5.79983941444369
EX_tym(e),0.9069511477471904,7.2556091819775235
