,fluxes,C-fluxes
EX_ac(e),0.49468097947934697,0.9893619589586939
EX_cys_L(e),0.0007639146759359591,0.002291744027807877
EX_glyc(e),0.0005727836381602214,0.0017183509144806642
EX_succ(e),0.9918664305049183,3.967465722019673
