,fluxes,C-fluxes
EX_ac(e),2.2292051388876377,4.458410277775275
EX_akg(e),0.1798568464372609,0.8992842321863046
EX_ala_L(e),0.4039362810318835,1.2118088430956506
EX_lac_D(e),2.078079663328158,6.234238989984474
