,fluxes,C-fluxes
EX_4abut(e),2.445903417625465,9.78361367050186
EX_ac(e),6.237855061243934,12.475710122487868
EX_acald(e),1.9900035763467134,3.980007152693427
EX_ade(e),2.495541896019322,12.47770948009661
EX_for(e),4.0154596623795955,4.0154596623795955
EX_gua(e),0.9311680587129253,4.655840293564626
EX_indole(e),0.08079367730080614,0.6463494184064491
EX_orn(e),0.14413151612366545,0.7206575806183273
EX_phe_L(e),0.9902510539207834,8.91225948528705
EX_succ(e),1.0103344864750219,4.0413379459000875
