,fluxes,C-fluxes
EX_ac(e),3.3053611837549433,6.6107223675098865
EX_but(e),2.0697750500141856,8.279100200056742
EX_cys_L(e),0.9981367908475487,2.994410372542646
EX_dad_2(e),0.049892698535387844,0.49892698535387847
EX_for(e),0.004229826884943182,0.004229826884943182
EX_indole(e),0.08136200955044552,0.6508960764035642
EX_ins(e),0.8603840464162389,8.603840464162388
