,fluxes,C-fluxes
EX_ac(e),0.775084827735863,1.550169655471726
EX_cytd(e),0.2996561797444318,2.6969056176998865
EX_etoh(e),0.6534098643251616,1.3068197286503231
EX_for(e),1.2209593783635022,1.2209593783635022
EX_glyc(e),0.10920818737593699,0.327624562127811
EX_ppa(e),1.0000000886767566,3.00000026603027
EX_tma(e),1.0,3.0
EX_ura(e),0.9044538412956499,3.6178153651825995
