,fluxes,C-fluxes
EX_ac(e),0.5844260986862422,1.1688521973724844
EX_ala_L(e),0.22446367201579212,0.6733910160473764
EX_for(e),0.4470319393712843,0.4470319393712843
EX_phe_L(e),0.5730633898367627,5.157570508530865
