,fluxes,C-fluxes
EX_ala_L(e),0.9989876380044814,2.9969629140134444
EX_cys_L(e),0.1502875257278524,0.45086257718355716
EX_dad_2(e),0.0004313327171309523,0.0043133271713095235
EX_for(e),0.6003302104368489,0.6003302104368489
EX_hista(e),0.14999769218972397,0.7499884609486198
EX_tym(e),0.9999963147412098,7.999970517929678
