,fluxes,C-fluxes
EX_for(e),0.0037638463947056297,0.0037638463947056297
EX_ile_L(e),0.36558324017539295,2.193499441052358
EX_lys_L(e),0.9862348383888382,5.91740903033303
EX_succ(e),1.5779069641033934,6.3116278564135735
