,fluxes,C-fluxes
EX_ac(e),1.0021944827308067,2.0043889654616134
EX_for(e),1.002260858433997,1.002260858433997
EX_succ(e),0.0008184774781680882,0.003273909912672353
EX_ura(e),0.8396295494695555,3.358518197878222
