,fluxes,C-fluxes
EX_actn_R(e),0.00040327427848149856,0.0016130971139259943
EX_ala_L(e),0.2252217607897095,0.6756652823691285
EX_succ(e),0.2222837277284288,0.8891349109137152
