,fluxes,C-fluxes
EX_ac(e),0.3606641200520164,0.7213282401040328
EX_acald(e),0.24009159060154875,0.4801831812030975
EX_ade(e),0.3139305244455486,1.569652622227743
EX_for(e),0.36219745812106485,0.36219745812106485
EX_ins(e),0.00010619337889238051,0.0010619337889238051
EX_phe_L(e),0.17954629271942754,1.615916634474848
EX_succ(e),0.1797160898458399,0.7188643593833596
EX_thymd(e),0.00016041539607755383,0.0016041539607755382
