,fluxes,C-fluxes
EX_12ppd_S(e),0.14898579,0.44695737
EX_ac(e),10.942678358913794,21.885356717827587
EX_dad_2(e),0.16854058225616278,1.6854058225616277
EX_for(e),11.462696667137129,11.462696667137129
EX_gcald(e),0.0049927206481162004,0.009985441296232401
EX_ins(e),0.6145770000738611,6.145770000738611
EX_pac(e),0.9834852979320962,7.867882383456769
EX_ppa(e),6.919778224424914,20.759334673274743
EX_ptrc(e),0.13157085084578776,0.526283403383151
