,fluxes,C-fluxes
EX_ac(e),1.0071218603823302,2.0142437207646604
EX_adn(e),0.0010249722478574224,0.010249722478574225
EX_cytd(e),0.004568755995679816,0.04111880396111835
EX_for(e),0.5082484598193092,0.5082484598193092
EX_gsn(e),0.00013380121299616727,0.0013380121299616727
EX_thymd(e),0.0003567408788628125,0.0035674087886281253
