,fluxes,C-fluxes
EX_ac(e),1.7286918717685433,3.4573837435370867
EX_dad_2(e),0.06440416870310903,0.6440416870310903
EX_for(e),2.411731923734991,2.411731923734991
EX_gly(e),0.958811374685389,1.917622749370778
EX_glyc(e),0.0011597321446771734,0.0034791964340315203
EX_ins(e),1.0000006602894962,10.000006602894961
EX_ppa(e),0.57996635489558,1.73989906468674
EX_thymd(e),0.9572403045287405,9.572403045287405
EX_val_L(e),0.2660159214923862,1.330079607461931
