,fluxes,C-fluxes
EX_ac(e),1.44864355114027,2.89728710228054
EX_for(e),0.5251287821678451,0.5251287821678451
EX_glu_L(e),0.0022216886573015646,0.011108443286507824
TS_tyr__L_c,0.0035954030843934172,0.03235862775954076
