,fluxes,C-fluxes
EX_ac(e),0.17432572851181985,0.3486514570236397
EX_diact(e),0.0012305733164287137,0.004922293265714855
EX_glu_L(e),0.0017564579371029082,0.008782289685514541
EX_lac_L(e),1.0702365233671425,3.2107095701014274
EX_succ(e),0.0008932840370373557,0.0035731361481494226
