,fluxes,C-fluxes
EX_dad_2(e),0.0005392775123827927,0.005392775123827927
EX_etoh(e),1.1462684276828463,2.2925368553656926
EX_glu_L(e),0.002887540388417379,0.014437701942086895
EX_lac_D(e),1.1526131180108423,3.4578393540325267
EX_succ(e),0.0024008128755470723,0.00960325150218829
