,fluxes,C-fluxes
EX_lys_L(e),0.498937679178301,2.9936260750698063
EX_pac(e),0.5503319012386185,4.402655209908948
EX_ppa(e),1.2247206913606536,3.674162074081961
