,fluxes,C-fluxes
EX_ade(e),1.000231892768163,5.001159463840815
EX_but(e),1.000251537876728,4.001006151506912
EX_glu_L(e),0.002148137803655026,0.010740689018275129
EX_gsn(e),0.3012120444824721,3.0121204448247205
EX_isobut(e),0.11942697002879418,0.47770788011517673
EX_nac(e),0.0008255613628498223,0.004953368177098934
