,fluxes,C-fluxes
EX_acald(e),1.0509493258010922,2.1018986516021845
EX_ade(e),2.0698609754735244,10.349304877367622
EX_but(e),1.0017897511207094,4.007159004482838
EX_glyc(e),0.0011429333053444577,0.003428799916033373
EX_gsn(e),0.9946565656430325,9.946565656430325
EX_ser_L(e),0.017373812720808235,0.052121438162424705
EX_succ(e),0.01715076731819973,0.06860306927279892
