,fluxes,C-fluxes
EX_ac(e),1.1917548899068384,2.383509779813677
EX_acald(e),0.0037743676696801332,0.0075487353393602664
EX_ade(e),1.0049166244648464,5.024583122324232
EX_dcyt(e),0.9937426262505906,8.943683636255315
EX_dgsn(e),0.9974923063279595,9.974923063279595
EX_indole(e),0.08181374067165291,0.6545099253732233
