,fluxes,C-fluxes
EX_ac(e),0.9854147903493851,1.9708295806987701
EX_acald(e),0.23801446209755206,0.4760289241951041
EX_for(e),1.2405842120365307,1.2405842120365307
EX_ppa(e),0.016003911689770268,0.04801173506931081
