,fluxes,C-fluxes
EX_ac(e),0.9615536120740151,1.9231072241480303
EX_ade(e),1.0012212599063792,5.006106299531896
EX_for(e),0.6349121700529555,0.6349121700529555
EX_fru(e),0.00940038771828058,0.05640232630968348
EX_gsn(e),0.999793481208112,9.99793481208112
EX_ins(e),0.001382321351170729,0.013823213511707289
EX_ptrc(e),0.14982712041302518,0.5993084816521007
EX_thymd(e),0.14984864075631232,1.4984864075631232
