,fluxes,C-fluxes
EX_ac(e),1.2082604093027938,2.4165208186055875
EX_adn(e),0.002047445688659416,0.02047445688659416
EX_gln_L(e),0.9842793752053703,4.921396876026852
EX_isobut(e),0.21598748328699016,0.8639499331479606
EX_isocapr(e),0.099932565212104,0.599595391272624
EX_isoval(e),0.049966282606052,0.24983141303026002
EX_thymd(e),0.6706345238779775,6.706345238779775
