,fluxes,C-fluxes
EX_ac(e),2.654949677327479,5.309899354654958
EX_ade(e),0.23749755458834299,1.187487772941715
EX_for(e),2.7997411106361922,2.7997411106361922
EX_glyc(e),0.004541299820634724,0.013623899461904171
EX_isobut(e),3.305603021674223,13.222412086696892
EX_phe_L(e),0.9908734708776419,8.917861237898776
EX_succ(e),0.4366010711385084,1.7464042845540335
EX_val_L(e),0.5707400817455577,2.8537004087277884
