,fluxes,C-fluxes
EX_glc_D(e),1.5009526737732943,9.005716042639765
EX_lac_D(e),1.2874330177507456,3.8622990532522365
EX_ptrc(e),0.07392827845829043,0.29571311383316173
EX_ser_L(e),0.0009621612414312379,0.0028864837242937136
