,fluxes,C-fluxes
EX_ac(e),1.1634711042314045,2.326942208462809
EX_ade(e),0.0004963447266651688,0.002481723633325844
EX_cytd(e),0.010395643904271886,0.09356079513844698
EX_for(e),1.1644099966410695,1.1644099966410695
EX_succ(e),0.1623282823093206,0.6493131292372823
