,fluxes,C-fluxes
EX_ac(e),0.22135612511870612,0.44271225023741223
EX_ade(e),1.9979528610958375,9.989764305479188
EX_gly(e),0.22495379159359408,0.44990758318718815
EX_gsn(e),0.9989323060143044,9.989323060143043
EX_ins(e),0.9989024538830289,9.98902453883029
EX_succ(e),0.21849246359173255,0.8739698543669302
