,fluxes,C-fluxes
EX_12ppd_S(e),0.14898579,0.44695737
EX_ac(e),2.220967681133001,4.441935362266002
EX_dad_2(e),0.1655453618351893,1.655453618351893
EX_for(e),2.4035884169849546,2.4035884169849546
EX_ins(e),0.00033936483199500196,0.0033936483199500196
EX_ppa(e),1.2514228813755126,3.7542686441265376
