,fluxes,C-fluxes
EX_ac(e),1.0003420482344145,2.000684096468829
EX_ade(e),0.00037073590968073603,0.0018536795484036801
EX_adn(e),0.5735317574776893,5.735317574776893
EX_cys_L(e),0.001275444793100058,0.003826334379300174
EX_for(e),1.0009300764555504,1.0009300764555504
