,fluxes,C-fluxes
EX_ac(e),0.5448181842114602,1.0896363684229204
EX_for(e),1.8082247743977213,1.8082247743977213
EX_ppa(e),0.3593753112145186,1.0781259336435558
EX_val_L(e),0.09213820530647719,0.46069102653238597
