,fluxes,C-fluxes
EX_ade(e),0.0003266215735821764,0.001633107867910882
EX_cys_L(e),0.3013540417651888,0.9040621252955665
EX_for(e),0.7537255072291411,0.7537255072291411
EX_succ(e),0.1418474621937742,0.5673898487750968
EX_thymd(e),0.00031110383814038703,0.0031110383814038703
