,fluxes,C-fluxes
EX_ac(e),1.9944828632126492,3.9889657264252985
EX_for(e),0.5628560135327213,0.5628560135327213
EX_glu_L(e),0.9688941351622746,4.844470675811373
EX_isocapr(e),0.0999758517908489,0.5998551107450935
EX_isoval(e),0.04998792589542445,0.24993962947712225
EX_pro_L(e),0.003571501595585865,0.017857507977929322
