,fluxes,C-fluxes
EX_ac(e),0.9918162818016372,1.9836325636032743
EX_csn(e),0.007171296392624957,0.028685185570499826
EX_for(e),0.9977852811214691,0.9977852811214691
EX_lys_L(e),0.9998072224498704,5.998843334699222
EX_ppa(e),0.005340773814612535,0.016022321443837605
