,fluxes,C-fluxes
EX_ac(e),0.6056587919168815,1.211317583833763
EX_acald(e),0.6248735726868012,1.2497471453736024
EX_cytd(e),0.02091391841598722,0.18822526574388498
EX_for(e),0.6063371868782279,0.6063371868782279
EX_gsn(e),0.6232145233378068,6.232145233378068
EX_nac(e),0.6470397848394971,3.8822387090369825
