,fluxes,C-fluxes
EX_ac(e),1.1098569667297067,2.2197139334594134
EX_cytd(e),0.012789011824692805,0.11510110642223524
EX_oxa(e),0.4368817765119562,0.8737635530239124
EX_tma(e),0.4768095486744638,1.4304286460233913
EX_ttdca(e),0.07583243756088831,1.0616541258524363
