,fluxes,C-fluxes
EX_ac(e),2.0837783496603968,4.1675566993207935
EX_cytd(e),0.0022027398765155893,0.019824658888640302
EX_dad_2(e),0.21345365476282854,2.1345365476282856
EX_gly(e),0.2249100745658141,0.4498201491316282
EX_indole(e),0.08180937845405815,0.6544750276324652
EX_ins(e),0.20979813527090907,2.0979813527090907
EX_phpyr(e),0.00911982421991279,0.08207841797921511
EX_succ(e),0.2856453672743544,1.1425814690974176
