,fluxes,C-fluxes
EX_dad_2(e),0.02861106254120002,0.28611062541200016
EX_etoh(e),1.339065401553577,2.678130803107154
EX_phe_L(e),0.013378110371679979,0.12040299334511981
