,fluxes,C-fluxes
EX_4hphac(e),0.048344232242491327,0.3867538579399306
EX_ac(e),0.5043295890475709,1.0086591780951417
EX_ala_L(e),0.09537081109613928,0.28611243328841784
EX_glu_L(e),0.04798352514940864,0.23991762574704317
EX_pyr(e),0.14258244699372022,0.42774734098116063
