,fluxes,C-fluxes
EX_ac(e),0.5723793826841869,1.1447587653683737
EX_etoh(e),0.09183154914861176,0.18366309829722352
EX_gly(e),0.22412788529537161,0.44825577059074323
EX_nac(e),0.0003215254319213683,0.00192915259152821
EX_succ(e),0.6312481321138452,2.524992528455381
