,fluxes,C-fluxes
EX_ac(e),0.4475293077572095,0.895058615514419
EX_ade(e),0.05694370093491824,0.2847185046745912
EX_dgsn(e),0.05653359049595795,0.5653359049595795
EX_pac(e),0.0494805639329632,0.3958445114637056
EX_phe_L(e),0.6623000199517307,5.960700179565577
EX_ppa(e),0.5065185066322659,1.5195555198967978
EX_succ(e),0.852790954661179,3.411163818644716
