,fluxes,C-fluxes
EX_succ(e),0.00030930293789291667,0.0012372117515716667
