,fluxes,C-fluxes
EX_adn(e),0.0003132678331828238,0.003132678331828238
EX_ala_L(e),0.15280467822833957,0.45841403468501873
EX_cytd(e),0.014682672223818664,0.13214405001436796
EX_etoh(e),1.1509585923820977,2.3019171847641955
EX_glu_L(e),0.01463922767980943,0.07319613839904715
