,fluxes,C-fluxes
EX_ac(e),9.348951519557751,18.697903039115502
EX_but(e),3.9130978408576875,15.65239136343075
EX_for(e),15.454910638818804,15.454910638818804
