,fluxes,C-fluxes
EX_ac(e),0.7371614108786942,1.4743228217573885
