,fluxes,C-fluxes
EX_ac(e),0.7334913111052891,1.4669826222105782
EX_glu_L(e),0.007637896888028486,0.03818948444014243
EX_glyc(e),0.0032878630067115534,0.00986358902013466
EX_succ(e),0.47994545490480417,1.9197818196192167
