,fluxes,C-fluxes
EX_ac(e),0.5858401990604478,1.1716803981208956
EX_for(e),0.5864037265387888,0.5864037265387888
EX_fum(e),0.0010089863810725825,0.00403594552429033
