,fluxes,C-fluxes
EX_but(e),1.0659297204352984,4.263718881741194
EX_for(e),1.8061942953362842,1.8061942953362842
EX_orn(e),0.00631848158687156,0.0315924079343578
