,fluxes,C-fluxes
EX_ac(e),2.2548305254029515,4.509661050805903
EX_adn(e),0.0002488798458345698,0.0024887984583456977
EX_etoh(e),0.42378515521279725,0.8475703104255945
EX_for(e),2.6535713143868853,2.6535713143868853
EX_fuc_L(e),0.000789,0.004734
EX_gal(e),0.0014202,0.0085212
EX_met_L(e),0.9965909523550261,4.98295476177513
EX_nac(e),0.00024835321740577794,0.0014901193044346676
EX_succ(e),0.0004967064372523186,0.0019868257490092745
EX_ttdca(e),0.13867829977802587,1.9414961968923623
