,fluxes,C-fluxes
EX_ac(e),0.38848636480242815,0.7769727296048563
EX_gly(e),0.22475637805388385,0.4495127561077677
EX_lac_L(e),0.88772224938913,2.66316674816739
EX_ptrc(e),0.1797193022236684,0.7188772088946735
EX_succ(e),0.1907909620969759,0.7631638483879036
