,fluxes,C-fluxes
EX_ac(e),3.1401770920766436,6.280354184153287
EX_etoh(e),0.3214752153199472,0.6429504306398944
EX_for(e),2.5602483833497818,2.5602483833497818
EX_pro_L(e),0.17865142305395543,0.8932571152697771
EX_succ(e),0.06395166541829306,0.25580666167317223
