,fluxes,C-fluxes
EX_etoh(e),1.1504254835867667,2.3008509671735333
EX_for(e),1.1524353295526553,1.1524353295526553
