,fluxes,C-fluxes
EX_ac(e),1.0753662101264907,2.1507324202529814
EX_ade(e),1.00210502966097,5.01052514830485
EX_ala_L(e),0.37129642118967304,1.1138892635690192
EX_csn(e),0.0007015753076384811,0.0028063012305539242
EX_cytd(e),0.0008555137868428988,0.007699624081586089
EX_dgsn(e),0.9995201993267873,9.995201993267873
EX_gly(e),0.22478105386953823,0.44956210773907646
EX_ser_L(e),0.07622708782967193,0.2286812634890158
