,fluxes,C-fluxes
EX_ac(e),0.43464303226520096,0.8692860645304019
EX_etoh(e),0.2750951105474063,0.5501902210948126
EX_for(e),0.7098088480825925,0.7098088480825925
EX_glyc(e),0.14898579,0.44695737
