,fluxes,C-fluxes
EX_ac(e),4.35855086846733,8.71710173693466
EX_etoh(e),1.4730608166450034,2.946121633290007
EX_for(e),4.380302636537618,4.380302636537618
EX_pro_L(e),0.17539689571269101,0.8769844785634551
