,fluxes,C-fluxes
EX_2obut(e),0.003964512567468684,0.015858050269874736
EX_ac(e),0.9106489643932563,1.8212979287865125
EX_cytd(e),0.003082156463149174,0.027739408168342566
EX_for(e),0.006471211611792427,0.006471211611792427
EX_glu_L(e),0.0011426013212170038,0.005713006606085019
EX_lac_L(e),0.5938863839095038,1.7816591517285114
EX_lys_L(e),0.11981944486340929,0.7189166691804557
