,fluxes,C-fluxes
EX_gln_L(e),0.18932866443410568,0.9466433221705284
EX_succ(e),0.21903841811643393,0.8761536724657357
EX_val_L(e),0.00038510167891553295,0.0019255083945776646
