,fluxes,C-fluxes
EX_ac(e),0.9998508329611694,1.9997016659223388
EX_ade(e),0.99383128237774,4.9691564118887
EX_cytd(e),0.0026033701397224023,0.02343033125750162
EX_dgsn(e),0.9992425553988756,9.992425553988756
EX_glu_L(e),0.0005306662445862281,0.0026533312229311402
EX_gly(e),0.0035033475689262698,0.0070066951378525396
EX_ins(e),0.0035413945407654166,0.03541394540765416
EX_tym(e),0.9882067248900844,7.9056537991206755
