,fluxes,C-fluxes
EX_ac(e),1.6675603834769375,3.335120766953875
EX_dad_2(e),0.8687924102657748,8.687924102657748
EX_for(e),1.1172326676213085,1.1172326676213085
EX_glu_L(e),0.0015383789135463052,0.007691894567731526
EX_gly(e),0.22501248192769394,0.45002496385538787
EX_lys_L(e),0.9999902981457173,5.999941788874303
EX_orn(e),0.0023563050307276678,0.01178152515363834
EX_tyr_L(e),0.0016365927172510657,0.01472933445525959
EX_uri(e),0.8692683795479818,7.823415415931835
