,fluxes,C-fluxes
EX_ac(e),2.9950169105841242,5.9900338211682485
EX_akg(e),0.0010001322420406394,0.005000661210203197
EX_cys_L(e),0.7883790361568526,2.3651371084705577
EX_dad_2(e),1.0000264558533278,10.000264558533278
EX_for(e),2.206655329837102,2.206655329837102
EX_orn(e),0.14998896774939313,0.7499448387469656
EX_succ(e),0.000980543151616805,0.00392217260646722
EX_uri(e),0.9981668912225672,8.983502021003105
