,fluxes,C-fluxes
EX_3mop(e),0.021956323386231467,0.1317379403173888
EX_arg_L(e),0.0002303611207409866,0.0013821667244459197
EX_asp_L(e),0.024762421083660086,0.09904968433464034
EX_gly(e),0.025557706029817086,0.05111541205963417
EX_lac_L(e),0.9628491616475949,2.8885474849427846
EX_succ(e),0.0002751304820272655,0.001100521928109062
