,fluxes,C-fluxes
EX_dad_2(e),0.9990560558309142,9.990560558309141
EX_glu_L(e),0.0008053295560255739,0.00402664778012787
EX_lac_L(e),0.8895746253406381,2.6687238760219145
EX_orn(e),0.1499967858833286,0.749983929416643
EX_uri(e),0.997907593477763,8.981168341299867
