,fluxes,C-fluxes
EX_ac(e),2.742718658767842,5.485437317535684
EX_for(e),0.49832811573869745,0.49832811573869745
EX_glu_L(e),0.0010378661858531561,0.0051893309292657805
