,fluxes,C-fluxes
EX_ala_L(e),0.9998949145844401,2.9996847437533205
EX_ins(e),0.5507122659204031,5.507122659204031
EX_lys_L(e),0.99999133798782,5.99994802792692
EX_pro_L(e),0.14998188480697347,0.7499094240348674
