,fluxes,C-fluxes
EX_ac(e),0.9209968702007159,1.8419937404014317
EX_ala_D(e),0.06305359936286983,0.1891607980886095
EX_asp_L(e),0.027479315564119287,0.10991726225647715
EX_orn(e),0.03154642770085906,0.1577321385042953
