,fluxes,C-fluxes
EX_3mop(e),0.03561975182111741,0.21371851092670446
EX_ac(e),0.4449163064843879,0.8898326129687758
EX_dcyt(e),0.001407808936800324,0.012670280431202916
EX_glu_L(e),0.1501095039194882,0.750547519597441
EX_gly(e),0.22505271666283672,0.45010543332567343
EX_lys_L(e),0.8292896174833038,4.975737704899823
