,fluxes,C-fluxes
EX_ac(e),0.47408938126862166,0.9481787625372433
EX_gln_L(e),0.1534555194731253,0.7672775973656265
EX_gly(e),0.22497595439269066,0.4499519087853813
EX_ser_L(e),0.09800986907324785,0.2940296072197436
