,fluxes,C-fluxes
EX_ac(e),0.9614888076424792,1.9229776152849585
EX_adn(e),0.9986712036520463,9.986712036520464
EX_dcyt(e),1.0005580131359582,9.005022118223623
EX_ile_L(e),0.35858070847322576,2.1514842508393546
EX_lys_L(e),0.9998170664852676,5.998902398911605
EX_pro_L(e),0.011576134000932724,0.057880670004663626
EX_succ(e),0.1793510585426454,0.7174042341705816
