,fluxes,C-fluxes
EX_ac(e),0.7352059888108604,1.4704119776217208
EX_dcyt(e),0.14875498278104876,1.338794845029439
EX_glu_L(e),0.1559743486394103,0.7798717431970514
EX_gly(e),0.22497167308212818,0.44994334616425635
EX_ile_L(e),0.8270191455481182,4.962114873288709
EX_lac_D(e),0.10376217205393738,0.31128651616181213
EX_lys_L(e),0.9999929507022175,5.999957704213305
EX_orn(e),0.1499879087819905,0.7499395439099525
EX_succ(e),0.030402888018433397,0.12161155207373359
