,fluxes,C-fluxes
EX_3mop(e),0.1493978689759186,0.8963872138555117
EX_ac(e),0.9997978528413289,1.9995957056826579
EX_gly(e),0.049123383042096985,0.09824676608419397
EX_pro_L(e),0.0283639172811263,0.1418195864056315
EX_succ(e),0.11956431923313758,0.4782572769325503
EX_tyr_L(e),0.012742812742582129,0.11468531468323916
EX_uri(e),0.004332592329845292,0.03899333096860763
