,fluxes,C-fluxes
EX_ac(e),1.724078829745096,3.448157659490192
EX_dcyt(e),0.44443179800824684,3.9998861820742215
EX_mal_L(e),1.1649397521320939,4.6597590085283755
EX_succ(e),0.0015510286988552097,0.006204114795420839
EX_val_L(e),0.5488691034075083,2.7443455170375413
