,fluxes,C-fluxes
EX_ac(e),1.2388907134822658,2.4777814269645315
EX_etoh(e),0.24126861404070024,0.4825372280814005
EX_for(e),1.48542507007106,1.48542507007106
EX_nac(e),0.0010917342620820108,0.006550405572492065
EX_thymd(e),0.0009728188975922346,0.009728188975922345
