,fluxes,C-fluxes
EX_4hbz(e),0.0007466886570618394,0.005226820599432876
EX_ac(e),0.1112383987743375,0.222476797548675
EX_ade(e),0.9993031443625896,4.996515721812948
EX_dgsn(e),0.9994861951304089,9.99486195130409
EX_etoh(e),0.1094001379586494,0.2188002759172988
EX_for(e),1.2241783957189212,1.2241783957189212
EX_glu_L(e),0.002985488737989748,0.014927443689948739
EX_ppa(e),1.0,3.0
