,fluxes,C-fluxes
EX_ac(e),0.9950004424165687,1.9900008848331374
EX_ade(e),0.2414984713242935,1.2074923566214675
EX_dgsn(e),0.2411146213279526,2.411146213279526
EX_for(e),0.9978385300326295,0.9978385300326295
EX_hista(e),0.1497274630397241,0.7486373151986204
EX_thymd(e),0.00028586262386859026,0.0028586262386859026
EX_trypta(e),0.08171064747111108,0.8171064747111108
EX_tym(e),0.9993622774905434,7.994898219924347
