,fluxes,C-fluxes
EX_ac(e),1.2214489711336949,2.4428979422673898
EX_for(e),1.2338162169173192,1.2338162169173192
EX_glu_L(e),0.002518190789120811,0.012590953945604054
EX_gsn(e),0.0010807588290930917,0.010807588290930918
EX_ile_L(e),0.22496734114683004,1.3498040468809802
EX_nac(e),0.012305560312844839,0.07383336187706903
