,fluxes,C-fluxes
EX_ac(e),1.0017309780699795,2.003461956139959
EX_ade(e),0.8346144466869195,4.173072233434597
EX_dgsn(e),0.8347119393491547,8.347119393491546
EX_for(e),1.0043198953734866,1.0043198953734866
EX_nac(e),0.0013958247097682203,0.008374948258609322
