,fluxes,C-fluxes
EX_ac(e),0.6351345839935408,1.2702691679870817
EX_gln_L(e),0.1799777246932771,0.8998886234663855
EX_lac_L(e),0.5423578162632827,1.6270734487898482
EX_succ(e),0.27008901137398766,1.0803560454959507
EX_tym(e),0.8157930805282069,6.526344644225655
