,fluxes,C-fluxes
EX_hista(e),0.14995783430965995,0.7497891715482997
EX_ins(e),0.18090868095345689,1.809086809534569
EX_lac_L(e),0.9513028842449358,2.853908652734807
EX_orn(e),0.1804447554566895,0.9022237772834475
EX_tym(e),0.9999102550725683,7.999282040580546
