,fluxes,C-fluxes
EX_ac(e),1.4997689123517735,2.999537824703547
EX_etoh(e),0.48642949879582553,0.9728589975916511
EX_for(e),1.9854998187030068,1.9854998187030068
EX_glu_L(e),0.005863223994011231,0.029316119970056155
EX_nac(e),0.009859052247962291,0.05915431348777375
EX_succ(e),0.004271246865317437,0.017084987461269747
EX_thymd(e),0.003743626653207726,0.03743626653207726
