,fluxes,C-fluxes
EX_ac(e),1.4260607173342357,2.8521214346684713
EX_etoh(e),0.4014438398273006,0.8028876796546012
EX_for(e),1.8313136066785733,1.8313136066785733
EX_glu_L(e),0.012138056714786192,0.060690283573930956
EX_nac(e),0.013466160992408409,0.08079696595445045
EX_succ(e),0.010036777312534769,0.040147109250139076
EX_thymd(e),0.0027610140357253285,0.027610140357253284
