,fluxes,C-fluxes
EX_etoh(e),0.9726780161417998,1.9453560322835997
EX_for(e),1.961001253385517,1.961001253385517
EX_glu_L(e),0.0003837044903694367,0.0019185224518471836
EX_gly(e),0.9999291865411595,1.999858373082319
EX_hista(e),0.14999716334202062,0.7499858167101031
EX_met_L(e),0.013235619746384718,0.0661780987319236
EX_orn(e),0.14998228216291393,0.7499114108145697
EX_trypta(e),0.0818171059871809,0.8181710598718089
EX_tym(e),0.9999942665250743,7.999954132200594
