,fluxes,C-fluxes
EX_ac(e),0.9852189408096527,1.9704378816193053
EX_ala_L(e),0.19167372038640018,0.5750211611592005
EX_dcyt(e),0.993982767747566,8.945844909728095
EX_glyc(e),0.006297861051122856,0.018893583153368566
EX_hista(e),0.149990723501133,0.7499536175056649
EX_succ(e),0.0020695093703852765,0.008278037481541106
EX_tym(e),0.999982557527102,7.999860460216816
