,fluxes,C-fluxes
EX_ac(e),1.0025518649201384,2.0051037298402767
EX_ala_L(e),0.1702149176785032,0.5106447530355096
EX_csn(e),0.0004289042710707233,0.0017156170842828932
EX_for(e),1.006222674438493,1.006222674438493
