,fluxes,C-fluxes
EX_gly(e),0.002112620044483101,0.004225240088966202
EX_lac_L(e),1.3197122018545888,3.9591366055637662
EX_strch2(e),0.04507402813404846,0.8113325064128724
EX_succ(e),0.000489567324303451,0.001958269297213804
