,fluxes,C-fluxes
EX_ac(e),0.9855034975623199,1.9710069951246398
EX_ade(e),1.0024910808964755,5.0124554044823775
EX_dgsn(e),0.9983173845875538,9.983173845875537
EX_etoh(e),1.9902875279109167,3.9805750558218334
EX_glu_L(e),0.013865415851930903,0.06932707925965452
EX_tma(e),1.0,3.0
