,fluxes,C-fluxes
EX_ac(e),0.6145113456061831,1.2290226912123663
EX_cytd(e),0.002259970954730149,0.020339738592571342
EX_dad_2(e),0.006339171878741418,0.06339171878741419
EX_etoh(e),0.6037580693479673,1.2075161386959345
EX_for(e),1.224411142302587,1.224411142302587
EX_hista(e),0.14999430156477903,0.7499715078238951
EX_nac(e),0.0008809950466436036,0.005285970279861621
EX_tym(e),0.9999907285624555,7.999925828499644
