,fluxes,C-fluxes
EX_ac(e),0.7258568724949931,1.4517137449899862
EX_cys_L(e),0.3890073771641462,1.1670221314924385
EX_etoh(e),0.49341925078330884,0.9868385015666177
EX_for(e),1.2270652525685988,1.2270652525685988
EX_glu_L(e),0.0016121944780645306,0.008060972390322652
EX_gly(e),0.3890245040893538,0.7780490081787076
EX_ile_L(e),0.22536757209713257,1.3522054325827955
EX_ppa(e),1.002264059524118,3.0067921785723537
EX_tma(e),1.0,3.0
