,fluxes,C-fluxes
EX_ac(e),0.36310100314694577,0.7262020062938915
EX_etoh(e),0.22499173201638714,0.4499834640327743
EX_for(e),0.36940907670120154,0.36940907670120154
EX_glu_L(e),0.15243453964017067,0.7621726982008534
EX_gly(e),0.07512067464006753,0.15024134928013505
EX_orn(e),0.15,0.75
EX_ser_L(e),0.14987131480980778,0.4496139444294234
EX_val_L(e),0.2249757954581471,1.1248789772907355
