,fluxes,C-fluxes
EX_12ppd_S(e),0.14898579,0.44695737
EX_ac(e),0.9255573003049821,1.8511146006099641
EX_but(e),0.06092855535667663,0.2437142214267065
EX_glu_L(e),0.02982229504197495,0.14911147520987475
EX_lac_D(e),0.7269085166500323,2.180725549950097
EX_succ(e),0.023491784294776646,0.09396713717910658
