,fluxes,C-fluxes
EX_ac(e),3.885349568004068,7.770699136008136
EX_akg(e),0.026746160256470246,0.13373080128235124
EX_gly(e),0.031506553796654096,0.06301310759330819
EX_nac(e),0.9998057504325331,5.998834502595198
EX_phe_L(e),0.46499111125988135,4.1849200013389325
EX_ptrc(e),0.8632275549744955,3.452910219897982
EX_succ(e),2.4490993619966495,9.796397447986598
