,fluxes,C-fluxes
EX_ade(e),0.0006347266875314313,0.0031736334376571565
EX_adn(e),0.0002099630013428542,0.002099630013428542
EX_but(e),1.0000473206650935,4.000189282660374
EX_isobut(e),0.2005688490750933,0.8022753963003731
EX_ncam(e),0.00044597468536090184,0.0026758481121654113
EX_pac(e),0.14037884783457835,1.1230307826766268
EX_succ(e),0.35999580173526724,1.439983206941069
