,fluxes,C-fluxes
EX_2obut(e),0.9999218820178357,3.999687528071343
EX_cys_L(e),0.999902053230926,2.999706159692778
EX_dad_2(e),2.1929959429581243,21.929959429581242
EX_glu_L(e),0.17995133508517916,0.8997566754258958
EX_nac(e),2.1947563897435156,13.168538338461094
EX_val_L(e),0.22529577058404665,1.1264788529202332
TS_pydx5p_c,0.17970586409500386,1.4376469127600309
