,fluxes,C-fluxes
EX_ac(e),0.008875726880515392,0.017751453761030784
EX_ade(e),0.0019251323624329371,0.009625661812164685
EX_asn_L(e),0.03535309939542344,0.14141239758169377
EX_datp(e),0.07460674574004142,0.7460674574004142
EX_glu_L(e),0.04091631635884231,0.20458158179421154
EX_gly(e),10.000027555242369,20.000055110484737
EX_glyc(e),0.002218931720128848,0.006656795160386544
EX_phe_L(e),9.99954841807951,89.99593576271559
