,fluxes,C-fluxes
EX_ac(e),0.22289944527353311,0.44579889054706623
EX_cys_L(e),0.0025114375257961016,0.007534312577388305
EX_for(e),0.4477698335745073,0.4477698335745073
EX_glu_L(e),0.17995468912327597,0.8997734456163798
EX_gly(e),0.002569293828287873,0.005138587656575746
EX_phe_L(e),0.8488184755537632,7.639366279983869
EX_ppa(e),0.22499291928124399,0.674978757843732
EX_ser_L(e),0.6263470498553206,1.8790411495659618
EX_succ(e),0.6278351082827214,2.5113404331308855
