,fluxes,C-fluxes
EX_ac(e),0.9944175283753107,1.9888350567506214
EX_for(e),0.9943880733271404,0.9943880733271404
EX_succ(e),1.3825951192300368,5.530380476920147
EX_tyr_L(e),0.007086229911673848,0.06377606920506464
