,fluxes,C-fluxes
EX_ac(e),1.5784739361131763,3.1569478722263526
EX_adn(e),0.00017840184681225887,0.0017840184681225887
EX_csn(e),0.021486896712133535,0.08594758684853414
EX_for(e),1.9207756539316039,1.9207756539316039
EX_glu_L(e),0.000525413633175358,0.0026270681658767904
EX_gly(e),0.0006552829093342282,0.0013105658186684565
EX_phe_L(e),0.0020420558986200283,0.018378503087580253
EX_ppa(e),0.22259873977498942,0.6677962193249682
EX_succ(e),0.5098252297219937,2.039300918887975
