,fluxes,C-fluxes
EX_ac(e),0.32986829912328197,0.6597365982465639
EX_acald(e),0.0016213429475646496,0.003242685895129299
EX_cys_L(e),0.001364307663916641,0.004092922991749923
EX_ppa(e),0.6145843161934831,1.8437529485804491
EX_succ(e),0.044321065637990126,0.1772842625519605
