,fluxes,C-fluxes
EX_ac(e),0.0026396504462173204,0.005279300892434641
EX_ile_L(e),0.17735782213424706,1.0641469328054822
EX_mal_L(e),0.18044260140997903,0.7217704056399161
EX_phe_L(e),0.0006473331547537477,0.00582599839278373
EX_succ(e),0.20752014067229813,0.8300805626891925
