,fluxes,C-fluxes
EX_asp_L(e),0.35811533630574915,1.4324613452229966
EX_etoh(e),0.18062574754837843,0.36125149509675686
EX_succ(e),0.17952821820725065,0.7181128728290026
