,fluxes,C-fluxes
EX_ac(e),0.49503060438914204,0.9900612087782841
EX_for(e),0.494592536656178,0.494592536656178
EX_lac_D(e),0.45888751034038605,1.3766625310211582
EX_succ(e),1.4221588651411632,5.688635460564653
