,fluxes,C-fluxes
EX_ac(e),0.22760873993585964,0.4552174798717193
EX_ala_L(e),0.9942556023196205,2.9827668069588613
EX_dad_2(e),0.0004182810254014825,0.004182810254014825
EX_etoh(e),0.0017149187018092207,0.0034298374036184414
EX_for(e),0.23015685182258597,0.23015685182258597
EX_ile_L(e),0.22506673103311697,1.350400386198702
EX_ins(e),0.9945949145072481,9.94594914507248
EX_ptrc(e),0.9999968647157846,3.9999874588631386
