,fluxes,C-fluxes
EX_ac(e),0.1721409681285985,0.344281936257197
EX_cys_L(e),0.0044308945748950624,0.013292683724685186
EX_glu_L(e),0.00026382179720429197,0.0013191089860214598
EX_gly(e),0.004259477537830239,0.008518955075660478
EX_lac_D(e),1.175129910167087,3.525389730501261
EX_succ(e),0.0019921027263923594,0.007968410905569438
EX_tyr_L(e),0.0030860818011716226,0.027774736210544604
