,fluxes,C-fluxes
EX_ac(e),1.6607389215037933,3.3214778430075866
EX_gly(e),0.5361819773335401,1.0723639546670802
