,fluxes,C-fluxes
EX_acald(e),0.0009342631483716439,0.0018685262967432878
EX_cys_L(e),0.9960534612313301,2.98816038369399
EX_mal_L(e),0.9961338734789347,3.9845354939157387
EX_ptrc(e),0.1495984672550901,0.5983938690203604
EX_trypta(e),0.08171614505098546,0.8171614505098546
EX_tym(e),0.9997613932334135,7.998091145867308
