,fluxes,C-fluxes
EX_fru(e),0.00017399374336175418,0.001043962460170525
EX_hxan(e),0.47071389670417835,2.3535694835208916
EX_ser_L(e),0.4691353946421213,1.4074061839263639
