,fluxes,C-fluxes
EX_adn(e),0.9998688635234428,9.998688635234428
EX_akg(e),0.0027838366074621713,0.013919183037310857
EX_ala_L(e),0.0011324626627853994,0.003397387988356198
EX_for(e),0.771570384682583,0.771570384682583
EX_fum(e),0.22470223181409318,0.8988089272563727
EX_ptrc(e),0.956195825664714,3.824783302658856
EX_succ(e),0.5477835582211271,2.1911342328845085
