,fluxes,C-fluxes
EX_acald(e),0.8923305887785099,1.7846611775570198
EX_dad_2(e),0.0004524117464563602,0.004524117464563602
EX_glu_L(e),0.0013902770307837277,0.006951385153918638
EX_ptrc(e),0.14713170933572722,0.5885268373429089
