,fluxes,C-fluxes
EX_ac(e),6.962536825924236,13.925073651848471
EX_but(e),0.45512421115829343,1.8204968446331737
EX_for(e),6.704356445368598,6.704356445368598
EX_gcald(e),0.0011063218047577161,0.0022126436095154323
EX_ile_L(e),0.9441793988188952,5.665076392913371
EX_phe_L(e),0.9424272771170336,8.481845494053301
