,fluxes,C-fluxes
EX_4hphac(e),1.9594974878448164,15.675979902758531
EX_ac(e),11.166189440115899,22.332378880231797
EX_glyclt(e),5.8021167237337705,11.604233447467541
EX_gua(e),0.9480296181115736,4.740148090557868
EX_hista(e),0.11849709120302611,0.5924854560151306
EX_lys_L(e),0.8946057824540632,5.367634694724379
EX_ppa(e),1.0745336154839111,3.2236008464517334
EX_ptrc(e),1.0894333540425958,4.357733416170383
EX_trypta(e),0.07140447501971331,0.7140447501971331
