,fluxes,C-fluxes
EX_4hphac(e),0.9752036021254291,7.801628817003433
EX_ac(e),9.505848543893437,19.011697087786875
EX_for(e),0.011350114483855133,0.011350114483855133
EX_gly(e),0.9724323611193351,1.9448647222386701
