,fluxes,C-fluxes
EX_4hphac(e),0.9845529452900903,7.876423562320722
EX_ac(e),6.679074984637628,13.358149969275257
EX_for(e),0.010627771678338054,0.010627771678338054
EX_glyclt(e),2.7510852284948006,5.502170456989601
EX_gua(e),0.03636764731667328,0.1818382365833664
EX_ppa(e),1.0,3.0
EX_ptrc(e),0.8440573248597587,3.376229299439035
EX_trypta(e),0.07200687101569132,0.7200687101569132
