,fluxes,C-fluxes
EX_ac(e),6.054894402390915,12.10978880478183
EX_for(e),5.981835889477923,5.981835889477923
EX_succ(e),0.21163422615795605,0.8465369046318242
