,fluxes,C-fluxes
EX_ac(e),4.485725841215052,8.971451682430104
EX_acald(e),0.17878295,0.3575659
EX_for(e),3.709111153308413,3.709111153308413
EX_ile_L(e),0.0574811379115838,0.34488682746950283
EX_lys_L(e),0.9815185899219809,5.889111539531886
EX_phe_L(e),0.9479596761122062,8.531637085009855
EX_pro_L(e),0.24406690770533618,1.2203345385266808
EX_ser_L(e),0.06480715170272436,0.19442145510817307
EX_succ(e),2.5515647811779245,10.206259124711698
EX_val_L(e),0.5573827411381943,2.7869137056909716
