,fluxes,C-fluxes
EX_ac(e),6.876667729666829,13.753335459333657
EX_etoh(e),0.7988580474554783,1.5977160949109566
EX_for(e),6.823111201044622,6.823111201044622
EX_gly(e),0.8909669840346662,1.7819339680693325
EX_ile_L(e),2.0973873283501643,12.584323970100986
EX_orn(e),0.1927619340929683,0.9638096704648415
EX_phe_L(e),0.928773133193341,8.35895819874007
EX_succ(e),1.3385571427240375,5.35422857089615
EX_thymd(e),0.9701126714956845,9.701126714956844
