,fluxes,C-fluxes
EX_ac(e),10.94708070338509,21.89416140677018
EX_ade(e),0.1345679147161375,0.6728395735806875
EX_for(e),7.317526225160029,7.317526225160029
EX_hista(e),0.10952754698209125,0.5476377349104562
EX_indole(e),0.066035532245393,0.528284257963144
EX_ppa(e),2.7859202024996015,8.357760607498804
EX_pro_L(e),0.032898011314717555,0.16449005657358778
EX_tym(e),0.9603919764574529,7.683135811659623
