,fluxes,C-fluxes
EX_4abut(e),0.18,0.72
EX_ac(e),2.937728772045854,5.875457544091708
EX_for(e),3.1503545899992087,3.1503545899992087
EX_gsn(e),0.005053869752555849,0.05053869752555849
EX_indole(e),0.07853997693418609,0.6283198154734887
EX_lys_L(e),0.9652809486262467,5.79168569175748
EX_succ(e),2.820678226553501,11.282712906214003
EX_thymd(e),1.9785078948287185,19.785078948287186
