,fluxes,C-fluxes
EX_acald(e),0.7491489486805953,1.4982978973611907
EX_but(e),4.8602371552510695,19.440948621004278
EX_dad_2(e),0.9729974283881064,9.729974283881065
EX_dcyt(e),0.9686423770136361,8.717781393122724
EX_etoh(e),0.16532951809185903,0.33065903618371806
EX_ppa(e),0.5873454244278565,1.7620362732835697
