,fluxes,C-fluxes
EX_ac(e),9.304055795208251,18.608111590416502
EX_dtmp(e),0.9933829713816198,9.933829713816198
EX_for(e),6.4320740253767426,6.4320740253767426
EX_nac(e),0.998989831843729,5.993938991062374
EX_phe_L(e),0.9471892759501128,8.524703483551015
EX_succ(e),0.10867159220341674,0.43468636881366696
