,fluxes,C-fluxes
EX_ac(e),9.403520214277533,18.807040428555066
EX_but(e),0.8796665529812613,3.518666211925045
EX_etoh(e),0.1625386127224219,0.3250772254448438
EX_gly(e),0.12001213858124848,0.24002427716249697
EX_indole(e),0.07386466948536533,0.5909173558829226
EX_nac(e),0.10705355687360811,0.6423213412416486
EX_phe_L(e),0.903646399589321,8.13281759630389
EX_succ(e),0.3011112902424077,1.2044451609696307
