,fluxes,C-fluxes
EX_ac(e),3.994378539276373,7.988757078552746
