,fluxes,C-fluxes
EX_ac(e),1.2985545370951173,2.5971090741902345
EX_ade(e),1.0427333888497783,5.213666944248891
EX_dgsn(e),0.9973320030079361,9.97332003007936
EX_for(e),2.0805678565529537,2.0805678565529537
EX_gly(e),0.2058451686564677,0.4116903373129354
EX_glyc(e),0.0009179321066537033,0.00275379631996111
EX_inost(e),0.01805999090161678,0.10835994540970068
EX_ppa(e),1.0000132114789309,3.0000396344367926
EX_succ(e),0.22930707259951652,0.9172282903980661
