,fluxes,C-fluxes
EX_ac(e),0.9595758862910337,1.9191517725820675
EX_gln_L(e),0.17764788896058473,0.8882394448029236
EX_gly(e),0.22214503738330332,0.44429007476660665
EX_met_L(e),0.2216772603531154,1.108386301765577
EX_phe_L(e),0.9983000939435208,8.984700845491687
EX_pro_L(e),0.00023209452180167857,0.0011604726090083928
EX_succ(e),0.4733648375136673,1.8934593500546693
