,fluxes,C-fluxes
EX_ac(e),14.468889092153065,28.93777818430613
EX_gcald(e),0.00585005391167143,0.01170010782334286
EX_hxan(e),0.954071242787423,4.770356213937115
EX_ile_L(e),0.8408253536226935,5.044952121736161
EX_indole(e),0.04984079423921736,0.3987263539137389
EX_lys_L(e),0.9226539391871271,5.535923635122763
EX_pro_L(e),3.470053975597016,17.35026987798508
EX_succ(e),3.0206855019188663,12.082742007675465
