,fluxes,C-fluxes
EX_ac(e),3.718112070323333,7.436224140646666
EX_for(e),2.5952313431579004,2.5952313431579004
EX_lac_L(e),0.14898579,0.44695737
EX_ppa(e),2.2823193298289075,6.8469579894867225
EX_pydxn(e),0.999308837044382,7.994470696355056
EX_urea(e),0.12047666269165234,0.12047666269165234
