,fluxes,C-fluxes
EX_ac(e),3.3480156921804736,6.696031384360947
EX_ade(e),0.9806535143053438,4.903267571526719
EX_arab_L(e),0.0055197,0.027598499999999998
EX_for(e),3.197791186178286,3.197791186178286
EX_gal(e),0.00091995,0.0055197
EX_glc_D(e),0.00091995,0.0055197
EX_gly(e),0.06939937005828672,0.13879874011657345
EX_indole(e),0.07018860077837487,0.561508806226999
EX_succ(e),0.03752870514506764,0.15011482058027056
