,fluxes,C-fluxes
EX_12ppd_S(e),0.08865152953416759,0.26595458860250276
EX_ac(e),2.1135509707020956,4.227101941404191
EX_dad_2(e),0.026098772322624163,0.26098772322624164
EX_for(e),2.0851731237059274,2.0851731237059274
EX_indole(e),0.07940921749637549,0.6352737399710039
EX_ppa(e),0.7823323888608491,2.3469971665825473
EX_thymd(e),0.01559534554360912,0.15595345543609118
