,fluxes,C-fluxes
EX_ac(e),3.501279439558325,7.00255887911665
EX_dad_2(e),0.003724572845881274,0.037245728458812744
EX_for(e),2.5622848971304366,2.5622848971304366
