,fluxes,C-fluxes
EX_ac(e),2.7609335303052074,5.521867060610415
EX_ade(e),0.9723584950558044,4.861792475279022
EX_etoh(e),0.0006559719156505764,0.0013119438313011528
EX_for(e),2.63584367052514,2.63584367052514
EX_glc_D(e),0.00374112,0.02244672
EX_ppa(e),0.9537361199115302,2.8612083597345905
EX_succ(e),1.7463645402979533,6.985458161191813
