,fluxes,C-fluxes
EX_ac(e),2.370419473651146,4.740838947302292
EX_adn(e),0.0004899232971396258,0.0048992329713962585
EX_arab_L(e),0.0055197,0.027598499999999998
EX_dcyt(e),0.002926812161456552,0.026341309453108967
EX_for(e),4.3600103836897715,4.3600103836897715
EX_gal(e),0.00091995,0.0055197
EX_glc_D(e),2.3244949299999997,13.946969579999998
EX_pac(e),0.8742688330195599,6.9941506641564795
EX_ppa(e),0.9526390667035943,2.857917200110783
EX_succ(e),0.04081548263622338,0.16326193054489352
