,fluxes,C-fluxes
EX_ac(e),5.024057683467519,10.048115366935038
EX_dad_2(e),0.0039136361936965985,0.039136361936965985
EX_for(e),3.630794712297428,3.630794712297428
