,fluxes,C-fluxes
EX_ac(e),2.2468783911263923,4.493756782252785
EX_dad_2(e),1.001652288626155,10.01652288626155
EX_for(e),1.7907842054979037,1.7907842054979037
EX_ppa(e),0.729824918198755,2.1894747545962647
EX_uri(e),0.9934019455484533,8.940617509936079
