,fluxes,C-fluxes
EX_ac(e),4.2682307206052466,8.536461441210493
EX_adn(e),0.005433322405711638,0.05433322405711638
EX_dcyt(e),0.021064931872048692,0.18958438684843823
EX_for(e),1.9414654989860862,1.9414654989860862
