,fluxes,C-fluxes
EX_ac(e),2.345320250099743,4.690640500199486
EX_dad_2(e),0.0057289293258018514,0.057289293258018514
EX_for(e),2.4726961477092426,2.4726961477092426
EX_ins(e),0.9873150198588743,9.873150198588743
EX_ppa(e),1.1575316389342145,3.4725949168026435
