,fluxes,C-fluxes
EX_ac(e),2.9211081335037834,5.842216267007567
EX_dad_2(e),0.006810206988212789,0.06810206988212789
EX_for(e),3.0089476838370635,3.0089476838370635
EX_ins(e),0.9818459339992633,9.818459339992634
EX_ppa(e),1.1463245315812716,3.438973594743815
