,fluxes,C-fluxes
EX_12ppd_S(e),0.039100267627440295,0.11730080288232089
EX_ac(e),3.377261541311515,6.75452308262303
EX_dad_2(e),1.2650294479856892,12.650294479856893
EX_for(e),3.648322295438004,3.648322295438004
EX_indole(e),0.06923406591006141,0.5538725272804913
EX_orn(e),0.11770210737097873,0.5885105368548936
EX_ppa(e),4.212796858919121,12.638390576757363
