,fluxes,C-fluxes
EX_ac(e),4.002577371049658,8.005154742099316
EX_adn(e),0.005110591917309693,0.051105919173096925
EX_dcyt(e),0.01828481797269626,0.16456336175426634
EX_for(e),1.437460723035971,1.437460723035971
