,fluxes,C-fluxes
EX_12ppd_S(e),0.03891786702420858,0.11675360107262575
EX_ac(e),3.2234691957867274,6.446938391573455
EX_dad_2(e),0.009160858099451592,0.09160858099451592
EX_for(e),1.9860096403820653,1.9860096403820653
EX_ins(e),0.036433006294279036,0.36433006294279036
EX_ppa(e),2.0084348099461224,6.025304429838368
EX_ser_L(e),0.016215658526479472,0.048646975579438416
