,fluxes,C-fluxes
EX_ac(e),4.2602504795041405,8.520500959008281
EX_dad_2(e),0.9822314439961242,9.822314439961241
EX_for(e),3.1468908387320504,3.1468908387320504
EX_ppa(e),1.0331469147073313,3.0994407441219938
EX_uri(e),0.9510890796357441,8.559801716721697
