,fluxes,C-fluxes
EX_ac(e),2.5546497575381935,5.109299515076387
EX_arab_L(e),0.00245042,0.0122521
EX_for(e),2.5041401471970377,2.5041401471970377
EX_gal(e),0.013833119999999999,0.08299872
EX_glc_D(e),0.00282117,0.01692702
EX_meoh(e),0.00907565,0.00907565
EX_rmn(e),0.002898,0.017388
EX_succ(e),0.0017362764853716746,0.0069451059414866985
