,fluxes,C-fluxes
EX_ac(e),3.8337907729297114,7.667581545859423
EX_adn(e),0.00010937288343462501,0.00109372883434625
EX_dcyt(e),0.003743401527000171,0.033690613743001536
EX_for(e),3.4220536688551273,3.4220536688551273
EX_fuc_L(e),0.000789,0.004734
EX_gal(e),0.0014202,0.0085212
EX_glc_D(e),0.01541317,0.09247902
EX_meoh(e),0.006511049999999999,0.006511049999999999
EX_pac(e),0.629706194889932,5.037649559119456
EX_succ(e),0.09525904473121762,0.38103617892487046
