,fluxes,C-fluxes
EX_ac(e),2.6256251707274516,5.251250341454903
EX_dad_2(e),1.0040758009856865,10.040758009856866
EX_for(e),1.5645583550060476,1.5645583550060476
EX_lac_L(e),0.14898579,0.44695737
EX_ppa(e),3.019790547786874,9.059371643360622
EX_urea(e),0.12536233068365848,0.12536233068365848
EX_uri(e),0.9794887356006665,8.815398620405999
TS_cbl1_c,0.023042812164973926,1.4286543542283834
