,fluxes,C-fluxes
EX_ac(e),2.214689876198775,4.42937975239755
EX_cys_L(e),0.028910666125401514,0.08673199837620454
EX_dad_2(e),0.00010057047975812558,0.0010057047975812559
EX_for(e),0.4839902354751022,0.4839902354751022
EX_glc_D(e),2.32075381,13.92452286
EX_indole(e),0.07276972646016804,0.5821578116813443
EX_pac(e),0.958200716021812,7.665605728174496
EX_succ(e),2.7250417905371362,10.900167162148545
