,fluxes,C-fluxes
EX_ac(e),2.2621265854286494,4.524253170857299
EX_for(e),0.2766014984442858,0.2766014984442858
EX_glc_D(e),2.32357498,13.94144988
EX_gly(e),0.008225191882166263,0.016450383764332527
EX_indole(e),0.06800503402183061,0.5440402721746449
EX_meoh(e),0.01601714563774182,0.01601714563774182
EX_pac(e),0.9666843666440056,7.733474933152045
EX_succ(e),2.9327721760910612,11.731088704364245
