,fluxes,C-fluxes
EX_ac(e),4.899337049040431,9.798674098080863
EX_adn(e),0.004176210075507725,0.04176210075507725
EX_dcyt(e),0.023607436464544457,0.21246692818090013
EX_for(e),3.1649464849865394,3.1649464849865394
