,fluxes,C-fluxes
EX_4abut(e),0.18,0.72
EX_ac(e),1.6942315801867163,3.3884631603734325
EX_acald(e),1.693597172038052,3.387194344076104
EX_ade(e),1.9669256199301177,9.834628099650589
EX_for(e),0.8716643080420656,0.8716643080420656
EX_glyc(e),0.00408238057420921,0.01224714172262763
EX_gua(e),0.7052749584987744,3.526374792493872
EX_orn(e),0.09245176194929933,0.46225880974649664
EX_succ(e),1.4688382265579478,5.875352906231791
