,fluxes,C-fluxes
EX_ac(e),4.198126420731362,8.396252841462724
EX_dad_2(e),0.012643682303583136,0.12643682303583137
EX_for(e),2.6331469569333557,2.6331469569333557
EX_ppa(e),0.9560892068286918,2.8682676204860753
