,fluxes,C-fluxes
EX_ac(e),4.261822086649851,8.523644173299703
EX_ade(e),0.9805900816809708,4.9029504084048545
EX_for(e),2.970742462586563,2.970742462586563
EX_gly(e),0.15563136307335965,0.3112627261467193
EX_ppa(e),2.6531866599546743,7.959559979864023
