,fluxes,C-fluxes
EX_ac(e),4.9050521893101,9.8101043786202
EX_adn(e),0.004163062562979997,0.041630625629799974
EX_dcyt(e),0.02906377134052936,0.26157394206476425
EX_for(e),3.1582317745337782,3.1582317745337782
