,fluxes,C-fluxes
EX_4abut(e),0.18,0.72
EX_ac(e),1.7391878378881072,3.4783756757762143
EX_acald(e),1.6360388151128828,3.2720776302257657
EX_ade(e),1.9670381079406614,9.835190539703307
EX_for(e),0.6974372946711018,0.6974372946711018
EX_glyc(e),0.004086168641236737,0.01225850592371021
EX_gua(e),0.6474549270761198,3.237274635380599
EX_orn(e),0.11875688348280881,0.5937844174140441
EX_succ(e),1.5528930658505469,6.2115722634021875
