,fluxes,C-fluxes
EX_ac(e),3.392601417411196,6.785202834822392
EX_ade(e),0.9645419205390948,4.822709602695474
EX_for(e),1.5237714148787844,1.5237714148787844
EX_lac_L(e),0.004335679138352921,0.013007037415058764
EX_ppa(e),1.1296744278745219,3.3890232836235654
EX_succ(e),2.285255300835575,9.1410212033423
