,fluxes,C-fluxes
EX_ac(e),2.0433047924568983,4.086609584913797
EX_dad_2(e),0.004584496378176826,0.045844963781768264
EX_for(e),2.190819754993768,2.190819754993768
EX_ins(e),0.9869380307802763,9.869380307802762
EX_ppa(e),1.211529946525242,3.6345898395757263
