,fluxes,C-fluxes
EX_12ppd_S(e),0.0038290981652846475,0.011487294495853943
EX_ac(e),3.8790484138253736,7.758096827650747
EX_acald(e),1.9893844398447833,3.9787688796895666
EX_ade(e),1.9676897856907982,9.83844892845399
EX_for(e),4.057665472790964,4.057665472790964
EX_gcald(e),0.002439229219021588,0.004878458438043176
EX_gua(e),0.9729346018252806,4.8646730091264025
EX_orn(e),0.08913280773466324,0.4456640386733162
EX_ppa(e),4.6290554252685014,13.887166275805505
