,fluxes,C-fluxes
EX_ac(e),3.39146234380045,6.7829246876009
EX_for(e),2.252717703634086,2.252717703634086
EX_lac_L(e),0.14898579,0.44695737
EX_ppa(e),1.8747066420370428,5.6241199261111285
EX_pydxn(e),0.999405530649036,7.995244245192288
EX_urea(e),0.12482788017479274,0.12482788017479274
