,fluxes,C-fluxes
EX_12ppd_S(e),0.02843458618328083,0.08530375854984248
EX_ac(e),3.070692725064374,6.141385450128748
EX_for(e),2.0605601237167717,2.0605601237167717
EX_ins(e),0.0018698776456531438,0.018698776456531438
EX_lac_L(e),0.12055120381671917,0.3616536114501575
EX_ppa(e),3.0095598965844115,9.028679689753234
EX_thymd(e),0.9890303285432333,9.890303285432333
EX_urea(e),0.12038179435784035,0.12038179435784035
TS_cbl1_c,0.031105542980983066,1.92854366482095
