,fluxes,C-fluxes
EX_ac(e),1.4120150949562875,2.824030189912575
EX_for(e),0.9323792872477785,0.9323792872477785
EX_succ(e),0.024372838758366516,0.09749135503346607
