,fluxes,C-fluxes
EX_ac(e),4.007479139459179,8.014958278918359
EX_adn(e),0.005033636239719416,0.05033636239719416
EX_dcyt(e),0.01940227159460643,0.17462044435145785
EX_for(e),1.4487984074570988,1.4487984074570988
