,fluxes,C-fluxes
EX_12ppd_S(e),0.05202762492979437,0.1560828747893831
EX_ac(e),2.050224336845214,4.100448673690428
EX_dad_2(e),0.0015831395877499539,0.01583139587749954
EX_for(e),0.6653417513524034,0.6653417513524034
EX_ins(e),0.025679342973463408,0.2567934297346341
EX_ser_L(e),0.014622546831271486,0.04386764049381446
