,fluxes,C-fluxes
EX_ac(e),3.948999453582552,7.897998907165104
EX_dad_2(e),0.007033263597159631,0.07033263597159631
EX_for(e),3.6185185347291227,3.6185185347291227
EX_ins(e),0.9846225408606698,9.846225408606697
EX_orn(e),0.020756788113180557,0.10378394056590279
EX_ppa(e),0.7469426917875974,2.240828075362792
