,fluxes,C-fluxes
EX_ac(e),4.312192701472482,8.624385402944965
EX_etoh(e),0.4053837816774562,0.8107675633549124
EX_for(e),3.1611726067409074,3.1611726067409074
EX_gly(e),0.1990425945653619,0.3980851891307238
EX_glyc(e),0.0011960019082846182,0.003588005724853855
EX_orn(e),0.05098912202101828,0.2549456101050914
EX_phe_L(e),0.9867986688668764,8.881188019801888
EX_pro_L(e),0.1735832474457615,0.8679162372288075
EX_uri(e),0.030408435235209856,0.2736759171168887
