,fluxes,C-fluxes
EX_ac(e),12.948997279914932,25.897994559829865
EX_cys_L(e),0.9928229461327761,2.9784688383983284
EX_etoh(e),1.0196443061956117,2.0392886123912235
EX_for(e),5.7541490816001,5.7541490816001
EX_phe_L(e),0.950067276928768,8.550605492358912
EX_pro_L(e),0.129856007157775,0.649280035788875
