,fluxes,C-fluxes
EX_ac(e),6.43324749013376,12.86649498026752
EX_cys_L(e),0.35303730144211015,1.0591119043263304
EX_etoh(e),0.14521200736018697,0.29042401472037394
EX_for(e),3.481609884211259,3.481609884211259
EX_glcur(e),0.00032865,0.0019719
EX_phe_L(e),0.9826531021614073,8.843877919452666
EX_pro_L(e),0.12104681369834161,0.605234068491708
