,fluxes,C-fluxes
EX_ac(e),5.925467726150568,11.850935452301137
EX_cys_L(e),0.3892487135621919,1.1677461406865757
EX_for(e),2.8282957597930993,2.8282957597930993
EX_glcur(e),0.00032865,0.0019719
EX_phe_L(e),0.9756206781669994,8.780586103502994
EX_pro_L(e),0.1001536869804475,0.5007684349022375
