,fluxes,C-fluxes
EX_ac(e),4.342155637638823,8.684311275277645
EX_cytd(e),0.0465949157661202,0.4193542418950818
EX_etoh(e),0.16069810259408165,0.3213962051881633
EX_for(e),3.2582097325377366,3.2582097325377366
EX_gly(e),1.1987263782773856,2.397452756554771
EX_orn(e),0.013356266219241337,0.06678133109620668
EX_phe_L(e),0.986613142205609,8.879518279850481
EX_pro_L(e),0.3149272899106823,1.5746364495534115
EX_ser_L(e),0.5870434569003589,1.7611303707010766
