,fluxes,C-fluxes
EX_ac(e),12.436160637272561,24.872321274545122
EX_etoh(e),0.19791845806846883,0.39583691613693767
EX_for(e),5.835435876745514,5.835435876745514
EX_gly(e),0.157376344283125,0.31475268856625
EX_hista(e),0.13357333547496875,0.6678666773748437
EX_orn(e),0.5930273907274238,2.9651369536371193
EX_phe_L(e),0.9620023737111653,8.658021363400488
EX_thymd(e),0.8870470609763583,8.870470609763583
EX_trypta(e),0.07754395924890296,0.7754395924890296
