,fluxes,C-fluxes
EX_5mthf(e),0.42477649805453116,8.495529961090623
EX_ac(e),9.955993693310859,19.911987386621718
EX_etoh(e),0.6785354279420873,1.3570708558841746
EX_for(e),3.8746143556204786,3.8746143556204786
EX_gly(e),0.10995300034460494,0.21990600068920987
EX_lys_L(e),0.9578858754670007,5.747315252802004
EX_phe_L(e),0.9279435146839711,8.35149163215574
EX_pro_L(e),0.014626539352026489,0.07313269676013244
