,fluxes,C-fluxes
EX_12ppd_S(e),0.07158411246336209,0.21475233739008626
EX_ac(e),5.84225752908606,11.68451505817212
EX_csn(e),0.023824820432331063,0.09529928172932425
EX_etoh(e),0.12209591787612542,0.24419183575225084
EX_for(e),3.0365959076368445,3.0365959076368445
EX_phe_L(e),0.9766995502663574,8.790295952397216
EX_pro_L(e),0.13332753167905373,0.6666376583952687
