,fluxes,C-fluxes
EX_ac(e),4.312200114940301,8.624400229880601
EX_etoh(e),0.4053851727232222,0.8107703454464444
EX_for(e),3.1611840072421074,3.1611840072421074
EX_gly(e),0.1990461519708885,0.398092303941777
EX_glyc(e),0.0011960233097932482,0.0035880699293797443
EX_orn(e),0.050989817724944826,0.25494908862472415
EX_phe_L(e),0.9867969698348709,8.881172728513837
EX_pro_L(e),0.17358492199567213,0.8679246099783606
EX_uri(e),0.030407035339749245,0.2736633180577432
