,fluxes,C-fluxes
EX_ac(e),6.1395367062660995,12.279073412532199
EX_cys_L(e),0.16640413132629006,0.4992123939788702
EX_etoh(e),0.19739742502150784,0.3947948500430157
EX_for(e),3.4270138895223976,3.4270138895223976
EX_glcur(e),0.00032865,0.0019719
EX_phe_L(e),0.9719827663276664,8.747844896948997
EX_pro_L(e),0.11416588724320136,0.5708294362160068
