,fluxes,C-fluxes
EX_ac(e),4.312198320697152,8.624396641394304
EX_etoh(e),0.40538396883664907,0.8107679376732981
EX_for(e),3.1611816365209893,3.1611816365209893
EX_gly(e),0.19904624361659742,0.39809248723319485
EX_glyc(e),0.0011960233097932482,0.0035880699293797443
EX_orn(e),0.050989872731900324,0.2549493636595016
EX_phe_L(e),0.9867974324162689,8.88117689174642
EX_pro_L(e),0.17358529845374548,0.8679264922687274
EX_uri(e),0.030407038738629814,0.27366334864766834
