,fluxes,C-fluxes
EX_ac(e),4.78781782047335,9.5756356409467
EX_cytd(e),0.031575374564109034,0.2841783710769813
EX_for(e),3.664658032158018,3.664658032158018
EX_gly(e),1.1979958393941412,2.3959916787882825
EX_glyc(e),0.001251453217145212,0.003754359651435636
EX_phe_L(e),0.7433125009158236,6.6898125082424125
EX_succ(e),0.03940879991835096,0.15763519967340384
