,fluxes,C-fluxes
EX_12ppd_S(e),0.05357714729044785,0.16073144187134356
EX_ac(e),5.200297331040933,10.400594662081867
EX_cys_L(e),0.38945225249059734,1.1683567574717921
EX_for(e),3.315249841978162,3.315249841978162
EX_phe_L(e),0.9668385986255057,8.701547387629551
EX_pro_L(e),0.12658011545490636,0.6329005772745318
