,fluxes,C-fluxes
EX_ac(e),4.285053119506232,8.570106239012464
EX_etoh(e),0.3930563211919482,0.7861126423838964
EX_for(e),3.121819710494261,3.121819710494261
EX_gly(e),0.18720503103479877,0.37441006206959754
EX_glyc(e),0.0017469837479665933,0.0052409512438997795
EX_ile_L(e),0.08163214666195541,0.4897928799717325
EX_orn(e),0.019171391868242744,0.09585695934121372
EX_phe_L(e),0.9807892725672844,8.82710345310556
EX_pro_L(e),0.11522341921796272,0.5761170960898137
