,fluxes,C-fluxes
EX_ac(e),10.15054074426204,20.30108148852408
EX_csn(e),0.07191237232968048,0.2876494893187219
EX_etoh(e),0.31698622698575374,0.6339724539715075
EX_for(e),3.0949818506575797,3.0949818506575797
EX_gly(e),0.07720960347710608,0.15441920695421216
EX_lac_L(e),1.4719819892197101,4.41594596765913
EX_nac(e),0.08456723173184391,0.5074033903910635
EX_orn(e),0.15,0.75
EX_phe_L(e),0.9474945321090491,8.527450788981442
EX_pro_L(e),0.36453140940775625,1.8226570470387813
