,fluxes,C-fluxes
EX_ac(e),2.2523966335053744,4.504793267010749
EX_for(e),0.5541540346320649,0.5541540346320649
EX_glu_L(e),0.03584872093686947,0.17924360468434736
EX_gly(e),0.2132866545716336,0.4265733091432672
EX_lys_L(e),0.9957293554426333,5.9743761326558
EX_phe_L(e),0.9927802662650451,8.935022396385406
EX_pro_L(e),0.12867756872079575,0.6433878436039787
EX_ser_L(e),0.5219862570738635,1.5659587712215903
