,fluxes,C-fluxes
EX_ac(e),15.102759501591372,30.205519003182744
EX_arab_L(e),0.00201572,0.0100786
EX_cys_L(e),1.1333433508326625,3.4000300524979874
EX_etoh(e),0.3884790728780291,0.7769581457560581
EX_for(e),6.3701205291905145,6.3701205291905145
EX_phe_L(e),0.9515330811854475,8.563797730669028
EX_pro_L(e),0.24920006929658653,1.2460003464829326
