,fluxes,C-fluxes
EX_ac(e),6.772266700066609,13.544533400133218
EX_cys_L(e),0.9946639599696881,2.9839918799090643
EX_for(e),6.051505306855193,6.051505306855193
EX_phe_L(e),0.9482012106967673,8.533810896270905
