,fluxes,C-fluxes
EX_ac(e),7.696316100787167,15.392632201574335
EX_cys_L(e),0.9870411097902829,2.9611233293708485
EX_for(e),3.246854956109599,3.246854956109599
EX_nac(e),0.0856001221362689,0.5136007328176134
EX_succ(e),0.22324239901999346,0.8929695960799738
