,fluxes,C-fluxes
EX_ac(e),0.9678719058519916,1.9357438117039831
EX_dad_2(e),1.970927192477137,19.70927192477137
EX_etoh(e),2.4445358094601417,4.889071618920283
EX_gcald(e),0.005884858468222105,0.01176971693644421
EX_ile_L(e),0.8895327651737049,5.33719659104223
EX_lys_L(e),0.9223617583801401,5.534170550280841
EX_met_L(e),0.238974519965807,1.194872599829035
EX_succ(e),11.382578514868865,45.53031405947546
