,fluxes,C-fluxes
EX_acac(e),1.302476817433412,5.209907269733648
EX_hxan(e),0.9678266008223794,4.839133004111897
EX_ile_L(e),0.8431013505465395,5.058608103279237
EX_lys_L(e),0.8971124938840968,5.382674963304581
EX_succ(e),11.05465003794788,44.21860015179152
