,fluxes,C-fluxes
EX_acac(e),1.941101223894355,7.76440489557742
EX_dad_2(e),1.9396619762534495,19.396619762534495
EX_lys_L(e),0.8717434641283052,5.230460784769831
EX_nac(e),0.9964038099697933,5.978422859818759
EX_succ(e),13.97190287846754,55.88761151387016
