,fluxes,C-fluxes
EX_ac(e),1.256194495848669,2.512388991697338
EX_for(e),0.3165636129969356,0.3165636129969356
EX_glu_L(e),0.07874862139379542,0.3937431069689771
EX_ile_L(e),2.372287780688852,14.23372668413311
EX_lac_L(e),0.3244792857586974,0.9734378572760922
EX_orn(e),0.22537589202334762,1.1268794601167382
EX_succ(e),1.3698999425954148,5.479599770381659
