,fluxes,C-fluxes
EX_ac(e),24.16777748567829,48.33555497135658
EX_acald(e),0.3227611096137619,0.6455222192275238
EX_for(e),0.012590754206734186,0.012590754206734186
EX_gua(e),0.9526299460669423,4.763149730334711
EX_leu_L(e),0.7269339074519318,4.361603444711591
EX_lys_L(e),0.9553108494740006,5.731865096844004
EX_phe_L(e),0.9155928080529488,8.240335272476539
EX_trypta(e),0.06052366528519698,0.6052366528519698
