,fluxes,C-fluxes
EX_nac(e),0.001991023284107376,0.011946139704644254
EX_succ(e),0.9213352450561642,3.6853409802246566
