,fluxes,C-fluxes
EX_ac(e),8.075039134730165,16.15007826946033
EX_ade(e),1.9367279324567455,9.683639662283728
EX_but(e),2.8145076042184236,11.258030416873694
EX_dgsn(e),0.9606672964751011,9.606672964751011
EX_for(e),12.80639530225745,12.80639530225745
EX_ile_L(e),0.8621896360441236,5.173137816264742
EX_phe_L(e),0.8690461969246133,7.82141577232152
