,fluxes,C-fluxes
EX_12ppd_S(e),0.0073021258521408705,0.02190637755642261
EX_ac(e),3.23864842434264,6.47729684868528
EX_but(e),2.709123471081809,10.836493884327236
EX_for(e),7.875979268660037,7.875979268660037
EX_ptrc(e),0.11574545061651796,0.46298180246607185
