,fluxes,C-fluxes
EX_ac(e),2.274802000625568,4.549604001251136
EX_ade(e),1.9456760641611008,9.728380320805504
EX_for(e),0.02225577313709807,0.02225577313709807
EX_gcald(e),0.0031042296962851003,0.006208459392570201
EX_gua(e),0.992477302541981,4.962386512709905
EX_indole(e),0.06881195719122725,0.550495657529818
EX_ppa(e),9.724660820780711,29.17398246234213
