,fluxes,C-fluxes
EX_ac(e),0.1880568194310961,0.3761136388621922
EX_but(e),3.085326504263066,12.341306017052265
EX_for(e),6.312830122565802,6.312830122565802
EX_nac(e),0.07190877025117946,0.43145262150707675
