,fluxes,C-fluxes
EX_ac(e),2.909790334846738,5.819580669693476
EX_for(e),0.09500954836501786,0.09500954836501786
EX_gly(e),1.09047964986819,2.18095929973638
EX_succ(e),1.871398097968708,7.485592391874832
