,fluxes,C-fluxes
EX_for(e),0.28219103195250156,0.28219103195250156
EX_gly(e),0.9706128612711845,1.941225722542369
EX_nac(e),0.017559929662464915,0.10535957797478948
EX_pyr(e),1.4607879034568618,4.382363710370585
EX_succ(e),1.892213299384976,7.568853197539904
