,fluxes,C-fluxes
EX_ac(e),3.0699014421481117,6.139802884296223
EX_ade(e),0.9996777719330731,4.998388859665365
EX_cys_L(e),0.9960385501572696,2.988115650471809
EX_dcyt(e),0.8545610941555992,7.691049847400393
EX_lac_D(e),2.5535016214317205,7.660504864295161
EX_nac(e),0.9998341738639875,5.999005043183925
EX_succ(e),0.05434242362574335,0.2173696945029734
