,fluxes,C-fluxes
EX_ac(e),6.533313415373448,13.066626830746896
EX_ade(e),0.9966088616028378,4.983044308014189
EX_cys_L(e),0.9876195973015652,2.962858791904696
EX_dcyt(e),0.9687897636983603,8.719107873285243
EX_fru(e),0.21188015158791249,1.2712809095274749
EX_gcald(e),0.0013511614750950731,0.0027023229501901462
EX_glyc(e),0.004646267523595136,0.013938802570785409
EX_nac(e),0.9995496116043351,5.99729766962601
