,fluxes,C-fluxes
EX_ac(e),1.175590415675799,2.351180831351598
EX_but(e),3.426648160667226,13.706592642668904
EX_for(e),6.996418225032197,6.996418225032197
EX_gly(e),0.1239982268538429,0.2479964537076858
EX_isobut(e),0.12790837395108545,0.5116334958043418
EX_phe_L(e),0.8957445952992703,8.061701357693433
