,fluxes,C-fluxes
EX_13ppd(e),0.021006135719029925,0.06301840715708977
EX_ac(e),12.590785677092923,25.181571354185845
EX_adn(e),0.0004685011773905421,0.004685011773905421
EX_for(e),10.800632246611405,10.800632246611405
EX_gal(e),0.14898578,0.8939146800000001
EX_gsn(e),0.05444817393848904,0.5444817393848904
EX_indole(e),0.04048183520597829,0.3238546816478263
EX_nac(e),0.9974515202924245,5.9847091217545465
EX_ppa(e),0.04139851616840699,0.12419554850522098
