,fluxes,C-fluxes
EX_13ppd(e),0.08962794297964725,0.26888382893894175
EX_ac(e),11.03056944565253,22.06113889130506
EX_etoh(e),0.058767202780583824,0.11753440556116765
EX_for(e),9.136288157720527,9.136288157720527
EX_gal(e),0.14898578,0.8939146800000001
EX_indole(e),0.04621053936913176,0.3696843149530541
EX_nac(e),0.9974912021284769,5.984947212770861
EX_ppa(e),0.03558573003811635,0.10675719011434906
