,fluxes,C-fluxes
EX_ac(e),10.52151558063043,21.04303116126086
EX_cys_L(e),0.9576648348804827,2.872994504641448
EX_for(e),0.007487447703921204,0.007487447703921204
EX_ura(e),0.9715126508194859,3.8860506032779436
