,fluxes,C-fluxes
EX_ac(e),8.65094643654563,17.30189287309126
EX_for(e),3.245723285403142,3.245723285403142
EX_gly(e),0.038280208864805536,0.07656041772961107
EX_ile_L(e),0.8399906302528001,5.039943781516801
EX_nac(e),0.996814179689688,5.980885078138128
EX_succ(e),7.045891557218419,28.183566228873676
