,fluxes,C-fluxes
EX_ac(e),5.586967399712981,11.173934799425963
EX_but(e),1.5116123452208772,6.046449380883509
EX_etoh(e),0.9712339617705134,1.9424679235410267
EX_for(e),8.008051843230765,8.008051843230765
EX_ile_L(e),0.9229472614310917,5.537683568586551
EX_phe_L(e),0.9105465190624662,8.194918671562196
EX_ppa(e),0.17454967925539241,0.5236490377661772
EX_ura(e),0.9588616252065929,3.8354465008263716
