,fluxes,C-fluxes
EX_ac(e),8.841050382282553,17.682100764565106
EX_for(e),5.229975754779981,5.229975754779981
EX_glyc(e),0.010177318659417092,0.030531955978251275
EX_hxan(e),0.905927849233986,4.52963924616993
EX_succ(e),4.297642096043135,17.19056838417254
EX_tma(e),1.0,3.0
