,fluxes,C-fluxes
EX_ac(e),6.5065382736117785,13.013076547223557
EX_acald(e),0.8069018803481265,1.613803760696253
EX_etoh(e),0.14861111596707033,0.29722223193414066
EX_for(e),2.2260407660200787,2.2260407660200787
EX_gcald(e),0.009745355624552476,0.019490711249104953
EX_hxan(e),0.9372752632606318,4.686376316303159
EX_succ(e),5.303900098097281,21.215600392389124
EX_ura(e),0.8951779926525715,3.580711970610286
