,fluxes,C-fluxes
EX_ac(e),7.619999388936735,15.23999877787347
EX_cys_L(e),0.9630643525222498,2.8891930575667493
EX_dad_2(e),0.9361072648632291,9.361072648632291
EX_etoh(e),0.6934920637676556,1.3869841275353112
EX_lys_L(e),0.8560009908670863,5.136005945202518
EX_nac(e),0.9934186613357628,5.960511968014577
EX_succ(e),8.057003519472081,32.228014077888325
EX_thymd(e),0.846185318756807,8.461853187568071
EX_tma(e),1.0,3.0
