,fluxes,C-fluxes
EX_15dap(e),0.15,0.75
EX_ac(e),8.580275043553444,17.160550087106888
EX_but(e),0.8037676394073012,3.215070557629205
EX_dad_2(e),0.9516145683770754,9.516145683770754
EX_for(e),10.512585851733613,10.512585851733613
EX_gly(e),0.025004401500390197,0.050008803000780394
EX_nac(e),0.9977357211654398,5.986414326992639
EX_phe_L(e),0.8221322373334957,7.399190136001462
