,fluxes,C-fluxes
EX_ac(e),2.579962670342364,5.159925340684728
EX_for(e),2.0904975060692386,2.0904975060692386
EX_nac(e),0.005926018565259359,0.03555611139155616
