,fluxes,C-fluxes
EX_13ppd(e),1.9582109422539402,5.874632826761821
EX_ac(e),9.331094586478878,18.662189172957756
EX_adn(e),0.0032299473322687927,0.03229947332268793
EX_but(e),1.9381786905165885,7.752714762066354
EX_for(e),12.959921768674969,12.959921768674969
EX_phe_L(e),0.8922786626022604,8.030507963420344
EX_ppa(e),0.08467877421343112,0.25403632264029335
