,fluxes,C-fluxes
EX_ac(e),3.9958970087100494,7.991794017420099
EX_etoh(e),1.1875635761226475,2.375127152245295
EX_for(e),3.689775513128901,3.689775513128901
EX_gly(e),0.1805740837728836,0.3611481675457672
EX_phe_L(e),0.9305160685574188,8.374644617016768
