,fluxes,C-fluxes
EX_ac(e),8.492789377576308,16.985578755152616
EX_cys_L(e),0.9721525339466113,2.916457601839834
EX_etoh(e),0.16238965503881933,0.32477931007763866
EX_nac(e),0.9977153527538056,5.986292116522834
EX_succ(e),7.4552325335366305,29.820930134146522
EX_tma(e),1.0,3.0
