,fluxes,C-fluxes
EX_ac(e),0.9586773386985803,1.9173546773971606
EX_nac(e),0.0009123165510384281,0.005473899306230569
