,fluxes,C-fluxes
EX_ac(e),17.115114188502385,34.23022837700477
EX_for(e),10.270048874118393,10.270048874118393
EX_gln_L(e),3.729603288676315,18.648016443381575
EX_hxan(e),0.9466681251950816,4.733340625975408
EX_ile_L(e),0.9573594186202306,5.744156511721384
EX_orn(e),0.054881728848024655,0.2744086442401233
EX_tma(e),0.22185690821534373,0.6655707246460312
