,fluxes,C-fluxes
EX_ac(e),8.62384610129158,17.24769220258316
EX_but(e),2.232715600418027,8.930862401672108
EX_for(e),12.914179609703831,12.914179609703831
EX_gcald(e),0.009614100476625241,0.019228200953250483
EX_hxan(e),0.9382745505206525,4.691372752603263
EX_meoh(e),0.006511049999999999,0.006511049999999999
EX_ptrc(e),0.026490374190415875,0.1059614967616635
EX_succ(e),0.9154318071589513,3.6617272286358054
EX_ura(e),0.8969095855674335,3.587638342269734
