,fluxes,C-fluxes
EX_ac(e),7.174487819718176,14.348975639436352
EX_etoh(e),5.744843797722536,11.489687595445073
EX_for(e),10.757104040167802,10.757104040167802
EX_gly(e),0.0593470898907156,0.1186941797814312
EX_orn(e),0.15,0.75
