,fluxes,C-fluxes
EX_ac(e),2.726517160070769,5.453034320141538
EX_but(e),2.49321310186752,9.97285240747008
EX_for(e),6.252319118739284,6.252319118739284
EX_gly(e),0.1529812033399481,0.3059624066798962
EX_nac(e),0.9991929580039096,5.995157748023457
EX_phe_L(e),0.93706105221525,8.433549469937251
TS_ahcys_c,7.147566667838832e-05,0.0010006593334974364
