,fluxes,C-fluxes
EX_ac(e),7.017824131336908,14.035648262673815
EX_but(e),1.3959531346623848,5.583812538649539
EX_for(e),6.187235828576563,6.187235828576563
EX_met_L(e),0.8920638893202518,4.460319446601259
EX_orn(e),0.04428032371029904,0.2214016185514952
EX_succ(e),0.04428032371029904,0.17712129484119615
