,fluxes,C-fluxes
EX_ac(e),0.37693131719096046,0.7538626343819209
EX_but(e),1.092094819545818,4.368379278183272
EX_for(e),2.7920352111928586,2.7920352111928586
EX_nac(e),0.02928378114377115,0.1757026868626269
