,fluxes,C-fluxes
EX_ac(e),1.391924732518053,2.783849465036106
EX_asp_L(e),0.2051400438069818,0.8205601752279272
EX_but(e),2.8253493859064887,11.301397543625955
EX_for(e),5.413950119951085,5.413950119951085
EX_gly(e),0.1623268984823432,0.3246537969646864
EX_isobut(e),0.16904039015443084,0.6761615606177234
