,fluxes,C-fluxes
EX_ac(e),1.6402561689367738,3.2805123378735477
EX_dad_2(e),0.986121434467799,9.86121434467799
EX_for(e),0.05137574463569578,0.05137574463569578
EX_lac_L(e),9.529490026270704,28.58847007881211
EX_lys_L(e),0.976732173349602,5.8603930400976125
EX_phe_L(e),0.9550080480326597,8.595072432293938
EX_ppa(e),0.24390065959599466,0.7317019787879839
EX_succ(e),0.24390065959599466,0.9756026383839786
