,fluxes,C-fluxes
EX_ac(e),0.8124740181625947,1.6249480363251894
EX_ala_L(e),4.305103622425152,12.915310867275457
EX_hista(e),0.12275568356429672,0.6137784178214836
EX_hxan(e),0.983440285914035,4.917201429570175
EX_lac_L(e),6.956267342458606,20.868802027375818
EX_nac(e),0.9994175591859455,5.996505355115673
EX_orn(e),0.03344784063079918,0.16723920315399593
EX_ppa(e),0.425994458868405,1.2779833766052149
EX_tym(e),0.9726382787940496,7.781106230352397
