,fluxes,C-fluxes
EX_ac(e),2.447622602303837,4.895245204607674
EX_dad_2(e),0.9873968343640528,9.873968343640527
EX_gua(e),0.9803253666911111,4.9016268334555555
EX_hista(e),0.12709765193173977,0.6354882596586988
EX_lys_L(e),0.9760643863997076,5.856386318398245
EX_orn(e),0.018527649969575618,0.09263824984787809
EX_phe_L(e),0.9625001410364252,8.662501269327826
EX_ppa(e),8.003854792857867,24.011564378573603
EX_trypta(e),0.0675327826949653,0.675327826949653
