,fluxes,C-fluxes
EX_15dap(e),0.14001052799954256,0.7000526399977127
EX_ac(e),0.6661447851297374,1.3322895702594748
EX_asp_L(e),0.5848848943266869,2.3395395773067476
EX_fum(e),0.0035503996869071376,0.01420159874762855
EX_tyr_L(e),9.995611220682104,89.96050098613894
EX_val_L(e),0.07567576685872576,0.37837883429362884
