,fluxes,C-fluxes
EX_ac(e),2.9671569795259085,5.934313959051817
EX_ala_L(e),0.08111756055578179,0.24335268166734536
EX_cys_L(e),0.9948893126100989,2.984667937830297
EX_for(e),0.9291195974476161,0.9291195974476161
EX_orn(e),0.023793771600498635,0.11896885800249318
EX_phe_L(e),0.9810880247943564,8.829792223149207
