,fluxes,C-fluxes
EX_ac(e),4.489361984088873,8.978723968177746
EX_cys_L(e),0.9938523154775134,2.98155694643254
EX_for(e),3.225748511811654,3.225748511811654
EX_phe_L(e),0.9670986864088055,8.70388817767925
EX_succ(e),0.01942779913849759,0.07771119655399036
