,fluxes,C-fluxes
EX_ade(e),1.9906528102752286,9.953264051376143
EX_dgsn(e),0.9936414721216844,9.936414721216844
EX_for(e),0.002952798987682738,0.002952798987682738
EX_gly(e),0.19538679933115818,0.39077359866231637
EX_lac_L(e),3.8339293355735973,11.501788006720792
EX_ppa(e),1.5700494876612998,4.710148462983899
EX_ptrc(e),0.9872741597209247,3.9490966388836988
