,fluxes,C-fluxes
EX_ac(e),10.429949913347732,20.859899826695464
EX_etoh(e),0.0467758344184962,0.0935516688369924
EX_for(e),8.449835316235069,8.449835316235069
EX_met_L(e),0.9454117886045125,4.727058943022563
EX_nac(e),0.2035745137023772,1.2214470822142631
EX_orn(e),0.058340144574352056,0.2917007228717603
EX_pro_L(e),0.608508543885318,3.0425427194265904
