,fluxes,C-fluxes
EX_ac(e),4.300519913966595,8.60103982793319
EX_etoh(e),0.7230695463897053,1.4461390927794107
EX_for(e),2.4537231012019283,2.4537231012019283
