,fluxes,C-fluxes
EX_ac(e),12.60018768586154,25.20037537172308
EX_etoh(e),0.12029040009648304,0.24058080019296607
EX_for(e),10.660431253481494,10.660431253481494
EX_indole(e),0.04651905704085516,0.3721524563268413
EX_ins(e),0.07246155440118338,0.7246155440118338
EX_nac(e),0.9974287815128349,5.984572689077009
EX_phe_L(e),0.8526783141122234,7.6741048270100105
