,fluxes,C-fluxes
EX_4abut(e),0.18,0.72
EX_ac(e),2.797994767069044,5.595989534138088
EX_for(e),1.6440945766781372,1.6440945766781372
EX_gly(e),0.169089907109389,0.338179814218778
