,fluxes,C-fluxes
EX_ac(e),9.10202696040541,18.20405392081082
EX_ade(e),0.95901611503105,4.79508057515525
EX_ala_L(e),0.8833387118106992,2.6500161354320975
EX_csn(e),0.03840196512736947,0.1536078605094779
EX_dcyt(e),0.5105458540838581,4.594912686754723
EX_etoh(e),7.815923964314375,15.63184792862875
EX_for(e),14.32845358669908,14.32845358669908
EX_gua(e),0.9753637144071844,4.876818572035922
EX_lys_L(e),0.7522437633200434,4.51346257992026
EX_phe_L(e),0.8509045007239745,7.65814050651577
