,fluxes,C-fluxes
EX_12ppd_S(e),0.14898579,0.44695737
EX_ac(e),9.651137688706799,19.302275377413597
EX_etoh(e),4.998745334053058,9.997490668106115
EX_for(e),12.425343351074769,12.425343351074769
EX_ile_L(e),0.8524094230234608,5.1144565381407645
EX_orn(e),0.10168761364187173,0.5084380682093587
EX_succ(e),0.05206549269047087,0.2082619707618835
EX_tma(e),1.0,3.0
