,fluxes,C-fluxes
EX_ac(e),11.405215312188275,22.81043062437655
EX_cys_L(e),0.9920975394946278,2.976292618483883
EX_etoh(e),1.884226876878094,3.768453753756188
EX_for(e),4.973840574049369,4.973840574049369
EX_ins(e),0.9901389005480066,9.901389005480066
EX_uri(e),0.3226419374725598,2.9037774372530385
TS_thglu_c,9.248153422984082e-05,0.00221955682151618
