,fluxes,C-fluxes
EX_12ppd_S(e),0.29797158,0.89391474
EX_ac(e),12.51691198727048,25.03382397454096
EX_adn(e),0.00046585101320626744,0.004658510132062674
EX_for(e),10.442723703236418,10.442723703236418
EX_gal(e),0.07449289,0.44695734000000004
EX_gcald(e),0.226641770138752,0.453283540277504
EX_gsn(e),0.03140404648614199,0.3140404648614199
EX_nac(e),0.9974497400657438,5.984698440394463
EX_ptrc(e),1.0,4.0
