,fluxes,C-fluxes
EX_ac(e),10.725413197250825,21.45082639450165
EX_cys_L(e),0.9904381031680537,2.971314309504161
EX_etoh(e),2.3122814439595727,4.624562887919145
EX_for(e),8.18078519937275,8.18078519937275
EX_lys_L(e),1.2506130383005374,7.503678229803224
EX_nac(e),0.9986174018452604,5.991704411071562
