,fluxes,C-fluxes
EX_ac(e),9.228540481905537,18.457080963811073
EX_ade(e),1.9402237563983389,9.701118781991694
EX_ala_L(e),1.7921534413284332,5.3764603239853
EX_etoh(e),5.128901771123375,10.25780354224675
EX_for(e),11.719922963344645,11.719922963344645
EX_gua(e),0.9621639034343549,4.810819517171774
EX_nac(e),0.9967088424738518,5.980253054843111
EX_ppa(e),0.822253685893851,2.466761057681553
EX_succ(e),0.35494456758004345,1.4197782703201738
EX_tma(e),1.0,3.0
