,fluxes,C-fluxes
EX_ac(e),3.261516697883373,6.523033395766746
EX_ala_L(e),0.0061575115424168615,0.018472534627250584
EX_but(e),0.8625531050222046,3.4502124200888185
EX_for(e),4.197397205537744,4.197397205537744
EX_nac(e),0.061609031169814504,0.369654187018887
EX_phe_L(e),0.9260712912171273,8.334641620954146
