,fluxes,C-fluxes
EX_ac(e),2.0628001334699,4.1256002669398
EX_but(e),1.2558702588521478,5.023481035408591
EX_for(e),4.365983230904006,4.365983230904006
EX_gly(e),0.19066326626767247,0.38132653253534493
EX_phe_L(e),0.9680070934892355,8.71206384140312
