,fluxes,C-fluxes
EX_ac(e),8.196528978738552,16.393057957477104
EX_adn(e),0.0004376875315654734,0.004376875315654734
EX_etoh(e),0.09644641459351774,0.19289282918703549
EX_for(e),4.221320602801968,4.221320602801968
EX_gal(e),0.14898578,0.8939146800000001
EX_indole(e),0.05012490963957298,0.40099927711658384
EX_nac(e),0.9974152260116109,5.9844913560696655
EX_ptrc(e),1.0,4.0
EX_ttdca(e),0.6765924138219743,9.47229379350764
