,fluxes,C-fluxes
EX_ac(e),6.718559324234046,13.437118648468092
EX_etoh(e),0.043534135090277655,0.08706827018055531
EX_for(e),3.013452586992722,3.013452586992722
EX_gal(e),0.14898578,0.8939146800000001
EX_indole(e),0.05150920657430895,0.4120736525944716
EX_nac(e),0.9975993555959445,5.985596133575667
EX_ppa(e),0.0631449158663441,0.1894347475990323
EX_ttdca(e),0.59211227209007,8.28957180926098
