,fluxes,C-fluxes
EX_ac(e),8.232739405959956,16.465478811919912
EX_etoh(e),0.05003735280967229,0.10007470561934458
EX_for(e),7.257701520233189,7.257701520233189
EX_gal(e),0.07449289,0.44695734000000004
EX_indole(e),0.052000689055913256,0.41600551244730605
EX_nac(e),0.9972992641739746,5.983795585043848
