,fluxes,C-fluxes
EX_ac(e),8.240199235717803,16.480398471435606
EX_adn(e),0.00043468200964042077,0.004346820096404208
EX_etoh(e),0.09790065525052592,0.19580131050105185
EX_for(e),4.800230615259727,4.800230615259727
EX_gal(e),0.14898578,0.8939146800000001
EX_indole(e),0.05311087201779349,0.42488697614234794
EX_nac(e),0.9972882864056976,5.983729718434185
EX_ppa(e),0.0648528007778388,0.1945584023335164
EX_ptrc(e),1.0,4.0
EX_ttdca(e),0.6703009233411644,9.384212926776302
