,fluxes,C-fluxes
EX_ac(e),15.541436642874547,31.082873285749095
EX_ade(e),0.0028390630294699757,0.014195315147349879
EX_csn(e),0.9372573497732922,3.749029399093169
EX_for(e),7.751655003498763,7.751655003498763
EX_ile_L(e),0.8479870672827906,5.087922403696743
EX_orn(e),0.030304669628040737,0.15152334814020368
