,fluxes,C-fluxes
EX_ac(e),2.2971235363991354,4.594247072798271
EX_but(e),2.9736908827339885,11.894763530935954
EX_for(e),8.556969150328129,8.556969150328129
EX_nac(e),0.14053846683582544,0.8432308010149526
EX_phe_L(e),0.8474859507193396,7.627373556474057
EX_ura(e),0.960390507867711,3.841562031470844
