,fluxes,C-fluxes
EX_ac(e),4.384215249822489,8.768430499644978
EX_but(e),0.4639825642104686,1.8559302568418743
EX_for(e),5.27610347690992,5.27610347690992
EX_malt(e),0.25733909,3.08806908
EX_phe_L(e),0.9388877377649071,8.449989639884164
