,fluxes,C-fluxes
EX_ac(e),3.182544643255838,6.365089286511676
EX_but(e),1.0454750139822908,4.181900055929163
EX_for(e),4.144410062331839,4.144410062331839
