,fluxes,C-fluxes
EX_ac(e),7.667700212681695,15.33540042536339
EX_ade(e),2.3033478626782276,11.516739313391138
EX_etoh(e),4.407939986933969,8.815879973867938
EX_for(e),1.4345581061583599,1.4345581061583599
EX_gua(e),0.9942681758173891,4.971340879086946
EX_lys_L(e),0.2888493591603313,1.7330961549619877
EX_orn(e),0.08548684029658818,0.42743420148294087
EX_succ(e),0.815120306832816,3.260481227331264
EX_ura(e),0.9654341754406371,3.8617367017625486
