,fluxes,C-fluxes
EX_2obut(e),0.0007152397197105853,0.002860958878842341
EX_ac(e),5.279362530656768,10.558725061313536
EX_acald(e),0.17878295,0.3575659
EX_ade(e),0.989158480566229,4.945792402831145
EX_dgsn(e),0.00580764047777806,0.0580764047777806
EX_for(e),0.002018963966030319,0.002018963966030319
EX_glyc(e),0.0021754814287664095,0.006526444286299228
EX_orn(e),0.13431221106774893,0.6715610553387447
EX_thymd(e),0.986060428877475,9.86060428877475
