,fluxes,C-fluxes
EX_ac(e),0.7658151764477874,1.5316303528955748
EX_but(e),0.9863173690826614,3.9452694763306457
EX_for(e),4.5989855682945695,4.5989855682945695
EX_gcald(e),0.0011290974755554595,0.002258194951110919
EX_ppa(e),1.210394759728585,3.6311842791857547
