,fluxes,C-fluxes
EX_ac(e),6.822030833983169,13.644061667966337
EX_but(e),4.630902128410533,18.52360851364213
EX_for(e),8.70027886112872,8.70027886112872
EX_gly(e),1.0803142753034947,2.1606285506069893
EX_indole(e),0.07223759331788077,0.5779007465430461
EX_phe_L(e),0.8789558809714421,7.910602928742978
