,fluxes,C-fluxes
EX_ac(e),19.473620899915346,38.94724179983069
EX_dad_2(e),0.490542523900988,4.9054252390098805
EX_ins(e),0.4675672194870904,4.675672194870904
