,fluxes,C-fluxes
EX_ac(e),6.879835338013357,13.759670676026714
EX_but(e),2.4914192005205162,9.965676802082065
EX_for(e),8.709465668514728,8.709465668514728
EX_indole(e),0.07673326242054046,0.6138660993643237
EX_phe_L(e),0.9266667164155603,8.340000447740042
EX_ppa(e),0.19966454087193372,0.5989936226158011
