,fluxes,C-fluxes
EX_ac(e),4.524431244979171,9.048862489958342
EX_but(e),3.1310465648947807,12.524186259579123
EX_for(e),10.315851792028083,10.315851792028083
EX_gly(e),0.9730927386896213,1.9461854773792426
EX_indole(e),0.07847751217003322,0.6278200973602658
