,fluxes,C-fluxes
EX_ac(e),4.227182964853483,8.454365929706967
EX_ade(e),0.9898614148025286,4.949307074012643
EX_but(e),0.12132477086178947,0.4852990834471579
EX_dgsn(e),0.9963920140843742,9.963920140843742
EX_for(e),3.1162334642203593,3.1162334642203593
EX_gly(e),1.1985385032028752,2.3970770064057505
EX_indole(e),0.07941292041175681,0.6353033632940545
EX_ppa(e),1.0000278002073633,3.00008340062209
