,fluxes,C-fluxes
EX_ac(e),19.41628421018723,38.83256842037446
EX_but(e),0.01333935565108196,0.05335742260432784
EX_indole(e),0.06841340943411779,0.5473072754729423
EX_phe_L(e),0.8515238291359237,7.6637144622233135
