,fluxes,C-fluxes
EX_ac(e),3.4618206669256524,6.923641333851305
EX_btoh(e),1.2022570909794652,4.809028363917861
EX_but(e),0.12771522695754456,0.5108609078301782
EX_for(e),0.002791455736949198,0.002791455736949198
EX_gly(e),0.8426818996022707,1.6853637992045414
EX_indole(e),0.07991774752100611,0.6393419801680489
EX_lac_D(e),1.7835796271374207,5.350738881412262
EX_ppa(e),0.2159109455963765,0.6477328367891295
