,fluxes,C-fluxes
EX_ac(e),4.181948256320189,8.363896512640379
EX_but(e),3.4904244289912376,13.96169771596495
EX_for(e),4.472686130151982,4.472686130151982
EX_gly(e),0.981573449454594,1.963146898909188
EX_indole(e),0.080241263974899,0.641930111799192
