,fluxes,C-fluxes
EX_ac(e),6.54620561867617,13.09241123735234
EX_but(e),2.2512528952518354,9.005011581007341
EX_for(e),8.427231332258211,8.427231332258211
EX_indole(e),0.0782976851033237,0.6263814808265896
EX_ppa(e),0.20745108611990584,0.6223532583597176
