,fluxes,C-fluxes
EX_ac(e),12.89869904908378,25.79739809816756
EX_dad_2(e),0.9762433949194734,9.762433949194735
EX_for(e),0.011361605771805217,0.011361605771805217
EX_gly(e),1.0029099721415495,2.005819944283099
EX_indole(e),0.07407747682613001,0.5926198146090401
