,fluxes,C-fluxes
EX_ac(e),4.223940997327618,8.447881994655235
EX_ade(e),0.9915450949919711,4.957725474959855
EX_but(e),0.12046669460220168,0.4818667784088067
EX_dgsn(e),0.9971218605035541,9.971218605035542
EX_for(e),3.105385902297132,3.105385902297132
EX_gly(e),1.197769900219289,2.395539800438578
EX_indole(e),0.07933953819792408,0.6347163055833926
EX_ppa(e),1.0000286071056694,3.0000858213170085
