,fluxes,C-fluxes
EX_ac(e),3.876480767744386,7.752961535488772
EX_ala_L(e),3.0601706551422136,9.180511965426641
EX_cys_L(e),0.98944176206779,2.96832528620337
EX_etoh(e),3.4687719999389492,6.9375439998778985
EX_for(e),6.357472679441666,6.357472679441666
EX_gly(e),0.976314743468241,1.952629486936482
EX_hista(e),0.139943686610318,0.69971843305159
EX_ile_L(e),0.4044834126588381,2.4269004759530284
EX_trypta(e),0.07479061192432501,0.7479061192432501
EX_tym(e),0.9756110998997233,7.804888799197786
