,fluxes,C-fluxes
EX_ac(e),1.1419260720671607,2.2838521441343214
EX_gly(e),0.19432907864983626,0.3886581572996725
EX_nac(e),0.9937744242427264,5.962646545456359
EX_orn(e),0.0058762801167366015,0.029381400583683007
EX_succ(e),0.20824130329396026,0.832965213175841
EX_xtsn(e),0.9939852396575679,9.939852396575679
