,fluxes,C-fluxes
EX_ac(e),1.0426504042375304,2.085300808475061
EX_for(e),0.7327638017612024,0.7327638017612024
EX_glu_L(e),0.007688720925875299,0.038443604629376495
EX_gly(e),0.7313747617177941,1.4627495234355883
EX_succ(e),0.5195416827777957,2.0781667311111827
EX_tyr_L(e),0.005286116489714646,0.04757504840743181
