,fluxes,C-fluxes
EX_ac(e),0.97493582239202,1.94987164478404
EX_glu_L(e),0.0012527753247197648,0.0062638766235988234
EX_succ(e),0.6072742366905983,2.4290969467623933
