,fluxes,C-fluxes
EX_ala_L(e),0.18764120192919212,0.5629236057875764
EX_gly(e),0.0007173179118190968,0.0014346358236381935
EX_phe_L(e),0.9918022794370512,8.926220514933462
EX_succ(e),1.9472964142108915,7.789185656843566
