,fluxes,C-fluxes
EX_cytd(e),0.022739341656963428,0.20465407491267085
EX_for(e),4.176734547620755,4.176734547620755
EX_glu_L(e),0.21195180635065244,1.0597590317532621
EX_glyc(e),0.0010856129267705524,0.003256838780311657
EX_succ(e),1.3944084586103507,5.577633834441403
