,fluxes,C-fluxes
EX_acac(e),0.5489759589584868,2.1959038358339473
EX_akg(e),0.22739963648209288,1.1369981824104645
EX_dad_2(e),0.0012617861089045904,0.012617861089045904
EX_gly(e),0.15609251261070173,0.31218502522140346
EX_pro_L(e),0.9097299010925017,4.5486495054625085
EX_pyr(e),0.5786865880992911,1.7360597642978732
EX_succ(e),1.4389771489235466,5.755908595694186
