,fluxes,C-fluxes
EX_ac(e),4.1900341492133215,8.380068298426643
EX_etoh(e),1.1820174704039084,2.3640349408078167
EX_for(e),3.4061087142144815,3.4061087142144815
EX_gly(e),0.6146463473759857,1.2292926947519713
EX_lac_D(e),2.4203266533047136,7.260979959914141
EX_nac(e),0.9989086134273181,5.993451680563909
EX_phe_L(e),0.9059604569668409,8.153644112701569
EX_succ(e),0.01829011881624578,0.07316047526498312
TS_ahcys_c,0.00011379834782831576,0.0015931768695964207
