,fluxes,C-fluxes
EX_13ppd(e),2.09762644,6.29287932
EX_ac(e),15.932570305489893,31.865140610979786
EX_dad_2(e),0.058202580946076325,0.5820258094607632
EX_for(e),13.152024420244855,13.152024420244855
EX_gcald(e),0.7624649065863286,1.5249298131726572
EX_nac(e),0.9976851224513288,5.986110734707973
EX_orn(e),0.028304899725790988,0.14152449862895494
EX_phe_L(e),0.849458517488135,7.645126657393215
