,fluxes,C-fluxes
EX_ac(e),0.13857291382474318,0.27714582764948636
EX_akg(e),0.04490358457235182,0.22451792286175912
EX_for(e),0.002235538596679778,0.002235538596679778
EX_gly(e),10.157947419781232,20.315894839562464
EX_glyc(e),0.8186193347621669,2.4558580042865006
EX_lac_L(e),0.07545430839622294,0.22636292518866882
EX_lys_L(e),0.9928782583746104,5.957269550247663
EX_ser_L(e),0.07348610093657185,0.22045830280971554
TS_co2_c,1.049059607589525,1.049059607589525
