,fluxes,C-fluxes
EX_ac(e),0.44590770264493895,0.8918154052898779
EX_etoh(e),0.4365575681481084,0.8731151362962168
EX_for(e),0.8825370281116526,0.8825370281116526
