,fluxes,C-fluxes
EX_ac(e),2.4922750072735824,4.984550014547165
EX_ade(e),1.1168507940233865,5.584253970116933
EX_etoh(e),1.1524980985262963,2.3049961970525925
EX_gly(e),0.1674577521478696,0.3349155042957392
EX_gua(e),0.9894164675044956,4.947082337522478
EX_lac_L(e),6.099708084446262,18.299124253338785
EX_met_L(e),0.9810217319967295,4.9051086599836475
EX_orn(e),0.15,0.75
