,fluxes,C-fluxes
EX_ac(e),4.940775161946325,9.88155032389265
EX_cys_L(e),0.9970457183112353,2.991137154933706
EX_etoh(e),1.2958164134615804,2.5916328269231608
EX_for(e),4.71361285104598,4.71361285104598
EX_nac(e),0.9994281410163861,5.996568846098317
EX_succ(e),0.4740725586664876,1.8962902346659505
