,fluxes,C-fluxes
EX_ac(e),4.755815197456522,9.511630394913045
EX_orn(e),0.04878356512449554,0.2439178256224777
EX_succ(e),2.858433886447334,11.433735545789336
