,fluxes,C-fluxes
EX_4abut(e),0.16199096232016535,0.6479638492806614
EX_ac(e),1.399535840788222,2.799071681576444
EX_etoh(e),1.3360728756945826,2.672145751389165
EX_lac_D(e),5.351782081167817,16.05534624350345
EX_nac(e),0.9994454377415517,5.99667262644931
EX_ser_L(e),0.2682272189124438,0.8046816567373314
