,fluxes,C-fluxes
EX_12ppd_S(e),0.14898579,0.44695737
EX_4abut(e),0.2612180007716434,1.0448720030865737
EX_ac(e),9.010545076135173,18.021090152270347
EX_ala_L(e),0.6851069308519793,2.055320792555938
EX_etoh(e),0.6182160855878597,1.2364321711757194
EX_for(e),7.583345851686266,7.583345851686266
EX_glyc(e),0.031306443970556104,0.09391933191166832
EX_succ(e),0.821970335760719,3.287881343042876
TS_ahcys_c,8.554219855490781e-05,0.0011975907797687094
