,fluxes,C-fluxes
EX_ac(e),0.5896886641181646,1.1793773282363291
EX_ile_L(e),0.14794100080701497,0.8876460048420898
EX_lac_D(e),5.343155784462264,16.029467353386792
EX_nac(e),0.025724359469520945,0.15434615681712566
EX_orn(e),0.014861795054474452,0.07430897527237226
EX_succ(e),0.002687644357136454,0.010750577428545816
