,fluxes,C-fluxes
EX_4abut(e),0.24791123477239857,0.9916449390895943
EX_ac(e),7.177768426616325,14.35553685323265
EX_coprost(e),0.00495795,0.13386465
EX_cys_L(e),0.9973621788003283,2.992086536400985
EX_etoh(e),0.8916005022318834,1.7832010044637667
EX_for(e),5.450297567375254,5.450297567375254
EX_nac(e),0.07227890852337868,0.43367345114027206
EX_succ(e),1.878089853497766,7.512359413991064
TS_ahcys_c,7.40834893495725e-05,0.001037168850894015
