,fluxes,C-fluxes
EX_4abut(e),2.6433693388478248,10.573477355391299
EX_ac(e),4.534227702419754,9.068455404839508
EX_cys_L(e),0.5799063538852696,1.7397190616558087
EX_ile_L(e),0.07552881862153611,0.4531729117292167
EX_lac_D(e),0.005226804678659431,0.015680414035978293
EX_orn(e),0.01068007946901463,0.053400397345073146
