,fluxes,C-fluxes
EX_4abut(e),0.2613658543749593,1.0454634174998372
EX_ac(e),7.204895695110001,14.409791390220002
EX_coprost(e),0.00495795,0.13386465
EX_cys_L(e),0.9965743818527076,2.989723145558123
EX_etoh(e),0.48776526465102227,0.9755305293020445
EX_for(e),5.0490143846832956,5.0490143846832956
EX_nac(e),0.06710774396657188,0.40264646379943125
EX_succ(e),1.900366674963337,7.601466699853348
