,fluxes,C-fluxes
EX_ac(e),4.955673838942141,9.911347677884281
EX_cys_L(e),0.9974968194071456,2.992490458221437
EX_etoh(e),1.3541052537225795,2.708210507445159
EX_for(e),4.769118378288699,4.769118378288699
EX_succ(e),0.47029013011392357,1.8811605204556943
