,fluxes,C-fluxes
EX_ac(e),1.1348717629697995,2.269743525939599
EX_cys_L(e),0.9991070160974074,2.997321048292222
EX_lac_D(e),5.107682085252204,15.323046255756612
EX_nac(e),0.03341617973938818,0.20049707843632908
EX_orn(e),0.008240235467539873,0.04120117733769937
EX_succ(e),0.17626442802564218,0.7050577121025687
