,fluxes,C-fluxes
EX_4abut(e),0.2785265750222935,1.114106300089174
EX_ac(e),7.593321204711789,15.186642409423579
EX_cys_L(e),0.41502074868071226,1.2450622460421368
EX_etoh(e),3.9013139668608035,7.802627933721607
EX_for(e),3.3259943435092088,3.3259943435092088
EX_ile_L(e),0.07126721023462994,0.4276032614077796
EX_lys_L(e),0.9750032603398912,5.850019562039347
EX_succ(e),0.26217800930310703,1.0487120372124281
