,fluxes,C-fluxes
EX_ac(e),6.972282815997049,13.944565631994099
EX_cys_L(e),0.998043220858764,2.9941296625762917
EX_etoh(e),0.6677370093838854,1.3354740187677707
EX_for(e),5.129906278645271,5.129906278645271
EX_nac(e),0.06339696177199955,0.3803817706319973
EX_succ(e),1.4827023668983592,5.930809467593437
