,fluxes,C-fluxes
EX_coprost(e),0.00495795,0.13386465
EX_lac_D(e),4.376627467668166,13.129882403004498
EX_succ(e),0.4261250052767525,1.70450002110701
