,fluxes,C-fluxes
EX_ac(e),0.7590522866509727,1.5181045733019454
EX_ile_L(e),0.13386545285691273,0.8031927171414763
EX_lac_D(e),5.520037429764481,16.560112289293443
EX_nac(e),0.028020526421155257,0.16812315852693155
EX_orn(e),0.01816996577723143,0.09084982888615716
EX_succ(e),0.002928808947457828,0.011715235789831312
