,fluxes,C-fluxes
EX_ac(e),7.722835121052174,15.445670242104349
EX_dcyt(e),0.9658748052308735,8.692873247077863
EX_lac_D(e),7.058904864953139,21.17671459485942
EX_lys_L(e),0.9561339025622583,5.73680341537355
EX_nac(e),0.17488873986761852,1.049332439205711
EX_orn(e),0.25803549678973925,1.2901774839486961
EX_succ(e),0.023848916915738847,0.09539566766295539
