,fluxes,C-fluxes
EX_ac(e),7.725046618637933,15.450093237275865
EX_dcyt(e),0.9670499357692594,8.703449421923334
EX_lac_D(e),6.928760513338,20.786281540014002
EX_lys_L(e),0.9511680097286966,5.70700805837218
EX_nac(e),0.15056444152425175,0.9033866491455105
EX_orn(e),0.21901400949470803,1.0950700474735402
EX_succ(e),0.1640850813287483,0.6563403253149932
