,fluxes,C-fluxes
EX_ac(e),7.517093888515821,15.034187777031642
EX_for(e),3.1230767346344694,3.1230767346344694
EX_malt(e),0.02249183933384644,0.2699020720061573
