,fluxes,C-fluxes
EX_4abut(e),0.08867768560686155,0.3547107424274462
EX_ac(e),14.279326450126224,28.558652900252447
EX_dad_2(e),1.9534597805623213,19.534597805623214
EX_dcyt(e),0.22128196045139684,1.9915376440625716
EX_gly(e),9.152989013761632,18.305978027523263
EX_lys_L(e),0.8736229645774111,5.241737787464467
EX_pro_L(e),0.944580204457856,4.72290102228928
EX_trypta(e),0.06068111379040647,0.6068111379040647
EX_tym(e),0.9693475101660979,7.754780081328783
