,fluxes,C-fluxes
EX_ac(e),10.051554325465167,20.103108650930334
EX_for(e),0.649733635628939,0.649733635628939
EX_gly(e),1.0665779056915297,2.1331558113830593
EX_pro_L(e),0.0027860579606324397,0.013930289803162198
EX_succ(e),0.029951643573856424,0.1198065742954257
