,fluxes,C-fluxes
EX_ac(e),0.004478740087656498,0.008957480175312995
EX_acald(e),2.008135189991206,4.016270379982412
EX_ade(e),1.9712593269181884,9.856296634590942
EX_for(e),0.23740647924245525,0.23740647924245525
EX_glc_D(e),1.7745215057731138,10.647129034638683
EX_lac_D(e),4.823286229672748,14.469858689018244
EX_nac(e),0.06289521742587283,0.37737130455523693
EX_uri(e),0.9868438104280247,8.881594293852222
