,fluxes,C-fluxes
EX_12ppd_S(e),0.14898579,0.44695737
EX_ac(e),14.607861257852148,29.215722515704297
EX_ade(e),2.95455183341292,14.7727591670646
EX_glyclt(e),1.3731559813172445,2.746311962634489
EX_gua(e),0.9287234672861712,4.6436173364308555
EX_hista(e),0.10339861333854998,0.5169930666927499
EX_ppa(e),6.428001409259098,19.284004227777295
EX_tym(e),0.9223434851764236,7.378747881411389
