,fluxes,C-fluxes
EX_ac(e),7.5924743652737785,15.184948730547557
EX_for(e),5.90702679574863,5.90702679574863
EX_gal(e),0.00470194,0.02821164
EX_nac(e),0.2874862004683536,1.7249172028101216
EX_succ(e),0.9642581744592804,3.8570326978371217
