,fluxes,C-fluxes
EX_ac(e),2.1847549457083892,4.3695098914167785
EX_for(e),0.0011394069775316098,0.0011394069775316098
EX_glyc(e),0.0005859519047835616,0.0017578557143506847
EX_nac(e),0.005966895851305347,0.03580137510783209
EX_orn(e),0.14700007362490347,0.7350003681245174
EX_phe_L(e),0.9931778276025994,8.938600448423395
EX_succ(e),0.3713243462238025,1.48529738489521
