,fluxes,C-fluxes
EX_ac(e),1.5484824471862557,3.0969648943725114
EX_for(e),0.0023806360048927925,0.0023806360048927925
EX_glyc(e),0.047886462853880464,0.1436593885616414
EX_hista(e),0.144236368161918,0.72118184080959
EX_succ(e),2.0465999189269906,8.186399675707962
EX_trypta(e),0.07578953354510043,0.7578953354510043
EX_tym(e),0.9944207478694153,7.955365982955322
