,fluxes,C-fluxes
EX_ac(e),1.221476678336353,2.442953356672706
EX_for(e),0.0024826088888803537,0.0024826088888803537
EX_glyclt(e),0.8572324971741917,1.7144649943483834
EX_lac_L(e),0.9105874879121868,2.7317624637365605
EX_orn(e),0.16581117389852848,0.8290558694926424
EX_phe_L(e),0.9908146597908789,8.91733193811791
EX_succ(e),0.2981164198106222,1.1924656792424888
EX_val_L(e),0.29787238032352764,1.4893619016176383
