,fluxes,C-fluxes
EX_ac(e),5.2958127903414685,10.591625580682937
EX_for(e),5.352214156457965,5.352214156457965
EX_glyc(e),0.1506293402567573,0.4518880207702719
EX_hista(e),0.14572447418484202,0.7286223709242101
EX_ile_L(e),0.018740277622016313,0.11244166573209788
EX_phe_L(e),0.9764135712712799,8.787722141441519
EX_succ(e),1.0660876068994256,4.264350427597702
EX_trypta(e),0.08062095912976737,0.8062095912976737
