,fluxes,C-fluxes
EX_ac(e),2.1309812619237127,4.2619625238474255
EX_ade(e),0.9957140570080013,4.978570285040006
EX_for(e),2.1783247413937294,2.1783247413937294
EX_glyc(e),0.0014261323305841042,0.0042783969917523125
EX_hista(e),0.14551198016177455,0.7275599008088728
EX_phe_L(e),0.9774429054039389,8.79698614863545
EX_ser_L(e),1.1501826272095383,3.450547881628615
EX_succ(e),1.2398351172410875,4.95934046896435
EX_trypta(e),0.07228295581640215,0.7228295581640215
