,fluxes,C-fluxes
EX_ac(e),2.8760066013513046,5.752013202702609
EX_but(e),1.917598661586543,7.670394646346172
EX_cys_L(e),0.9925300502774329,2.977590150832299
EX_dad_2(e),0.00946584999509171,0.0946584999509171
EX_for(e),0.007789701518759177,0.007789701518759177
EX_indole(e),0.07897617294007128,0.6318093835205703
EX_ins(e),0.9800234042107532,9.800234042107531
