,fluxes,C-fluxes
EX_12ppd_S(e),0.11733051564555672,0.3519915469366701
EX_ac(e),4.6180883349663295,9.236176669932659
EX_ade(e),1.0001028436049268,5.000514218024634
EX_arab_L(e),0.00201572,0.0100786
EX_for(e),5.675881015153186,5.675881015153186
EX_gal(e),0.012094319999999999,0.07256591999999999
EX_glc_D(e),2.0743422041489183,12.446053224893511
EX_ppa(e),1.130101911190568,3.3903057335717035
EX_pydxn(e),0.032049772176665776,0.2563981774133262
EX_succ(e),0.050056143556732685,0.20022457422693074
