,fluxes,C-fluxes
EX_12ppd_S(e),0.14898579,0.44695737
EX_ac(e),9.702634030934709,19.405268061869418
EX_dad_2(e),0.037673709835387335,0.37673709835387337
EX_for(e),9.806530375550437,9.806530375550437
EX_gcald(e),0.0038587879857903905,0.007717575971580781
EX_ins(e),0.9252417951776916,9.252417951776916
EX_pac(e),0.9152713723780197,7.322170979024158
EX_ppa(e),6.32534676443265,18.97604029329795
EX_ptrc(e),0.07001354989261763,0.2800541995704705
