,fluxes,C-fluxes
EX_ac(e),3.6990465960393246,7.398093192078649
EX_ade(e),1.709680291744481,8.548401458722406
EX_for(e),2.9175219454146903,2.9175219454146903
EX_gcald(e),0.0013190659443393603,0.0026381318886787206
EX_glyc(e),0.004535899943589701,0.013607699830769102
EX_ins(e),0.006844376481400253,0.06844376481400254
EX_phe_L(e),0.4296373889736232,3.8667365007626087
EX_succ(e),1.0317597205014855,4.127038882005942
EX_thymd(e),0.049225194975520206,0.49225194975520203
