,fluxes,C-fluxes
EX_acald(e),0.21249141769128208,0.42498283538256415
EX_ade(e),1.0492871802960766,5.246435901480383
EX_but(e),2.6815514901251443,10.726205960500577
EX_dcyt(e),0.17724895469405938,1.5952405922465345
EX_dgsn(e),0.8196412590958291,8.19641259095829
EX_succ(e),1.4445605633423444,5.778242253369378
