,fluxes,C-fluxes
EX_ac(e),0.10738381203914134,0.21476762407828268
EX_ade(e),1.9958120683791074,9.979060341895536
EX_cys_L(e),0.9853697152944688,2.9561091458834063
EX_for(e),0.003961523858814285,0.003961523858814285
EX_glyc(e),0.002092532506308219,0.006277597518924658
EX_lys_L(e),0.9659574881698875,5.795744929019325
EX_ser_L(e),2.036665038247709,6.1099951147431275
EX_succ(e),2.158963294125468,8.635853176501872
EX_thymd(e),0.145127232706213,1.45127232706213
