,fluxes,C-fluxes
EX_ac(e),4.811463251006831,9.622926502013662
EX_ade(e),1.990170518017959,9.950852590089795
EX_for(e),4.958096309066147,4.958096309066147
EX_gcald(e),0.0025451314007821487,0.0050902628015642975
EX_glyc(e),0.008751997143719787,0.02625599143115936
EX_ppa(e),4.495850368483424,13.487551105450272
