,fluxes,C-fluxes
EX_ac(e),6.736792305486789,13.473584610973578
EX_ade(e),1.9906636460153473,9.953318230076736
EX_cys_L(e),0.9890929120236417,2.967278736070925
EX_dcyt(e),0.9370856878023489,8.43377119022114
EX_for(e),6.892498007120201,6.892498007120201
EX_gcald(e),0.0024651135146223266,0.004930227029244653
EX_ile_L(e),0.06214640265858608,0.3728784159515165
EX_lys_L(e),0.9004749818841948,5.402849891305169
EX_succ(e),3.1935048595239675,12.77401943809587
