,fluxes,C-fluxes
EX_ac(e),8.014471308806597,16.028942617613193
EX_acald(e),0.17878295,0.3575659
EX_for(e),12.746246235901038,12.746246235901038
EX_hxan(e),0.9494187593783824,4.747093796891912
EX_indole(e),0.03437912006043101,0.27503296048344805
EX_lys_L(e),0.8971810635887486,5.383086381532491
EX_phe_L(e),0.8526493506816358,7.673844156134723
EX_ppa(e),7.5238506060464765,22.57155181813943
EX_ura(e),0.94173247212268,3.76692988849072
