,fluxes,C-fluxes
EX_12ppd_S(e),0.14898579,0.44695737
EX_ac(e),13.900185961919474,27.80037192383895
EX_for(e),9.650134630430086,9.650134630430086
EX_gly(e),0.9069981173384792,1.8139962346769585
EX_hxan(e),0.9611158889104132,4.805579444552066
EX_lys_L(e),0.9163125774817752,5.497875464890651
EX_phe_L(e),0.9003283107786241,8.102954797007616
EX_ppa(e),11.346928207623426,34.04078462287028
