,fluxes,C-fluxes
EX_ac(e),7.134244350905538,14.268488701811076
EX_acald(e),0.17894369165341784,0.35788738330683567
EX_for(e),8.41289777189838,8.41289777189838
EX_hxan(e),0.9617279973627721,4.80863998681386
EX_lys_L(e),0.9475269953362017,5.68516197201721
EX_orn(e),0.021416823230786766,0.10708411615393383
EX_phe_L(e),0.8868058794066226,7.981252914659604
EX_ppa(e),5.8598489759529135,17.57954692785874
TS_copre5b_c,0.0001607416534178483,0.006911891096967477
