,fluxes,C-fluxes
EX_ac(e),9.434121278525913,18.868242557051826
EX_etoh(e),0.014484046551457734,0.028968093102915468
EX_for(e),9.199271036343465,9.199271036343465
EX_indole(e),0.06496451106856459,0.5197160885485167
EX_nac(e),0.9977402936644465,5.986441761986679
EX_ttdca(e),0.26001378082914584,3.6401929316080417
