,fluxes,C-fluxes
EX_ac(e),9.21818460474328,18.43636920948656
EX_for(e),8.869306312169716,8.869306312169716
EX_gly(e),0.002308704260500576,0.004617408521001152
EX_indole(e),0.02221438074934582,0.17771504599476656
EX_nac(e),0.9976908977866895,5.986145386720137
EX_ttdca(e),0.24071032485128505,3.369944547917991
