,fluxes,C-fluxes
EX_ac(e),3.7280071170313014,7.456014234062603
EX_gua(e),1.9452395357801333,9.726197678900666
EX_hista(e),0.10715413542771146,0.5357706771385573
EX_ppa(e),11.684795354204661,35.054386062613986
EX_trypta(e),0.03736293275742322,0.37362932757423223
EX_tym(e),1.9500252978668873,15.600202382935098
