,fluxes,C-fluxes
EX_ac(e),9.223696933954843,18.447393867909685
EX_acald(e),0.12963878855132385,0.2592775771026477
EX_but(e),3.8119665606362774,15.24786624254511
