,fluxes,C-fluxes
EX_ac(e),4.242717079896356,8.485434159792712
EX_for(e),0.0027758094451466185,0.0027758094451466185
EX_lac_L(e),1.7109024999121987,5.132707499736596
EX_lys_L(e),0.6030119416060067,3.61807164963604
EX_phe_L(e),0.9664273702232482,8.697846332009235
EX_succ(e),1.26521853487098,5.06087413948392
