,fluxes,C-fluxes
EX_ac(e),3.160935637302822,6.321871274605644
EX_for(e),0.004046300079737026,0.004046300079737026
EX_phe_L(e),0.9666566239743876,8.699909615769489
EX_succ(e),0.3114207795503938,1.2456831182015753
