,fluxes,C-fluxes
EX_ac(e),3.044837836289446,6.089675672578892
EX_etoh(e),0.38690073697722027,0.7738014739544405
EX_for(e),2.564829926340688,2.564829926340688
EX_pro_L(e),0.11909359297546084,0.5954679648773041
EX_succ(e),0.00806769770045817,0.03227079080183268
