,fluxes,C-fluxes
EX_ac(e),9.801508938505975,19.60301787701195
EX_etoh(e),2.733753438105144,5.467506876210288
EX_for(e),10.102469158924674,10.102469158924674
EX_ppa(e),0.07026623920621823,0.2107987176186547
