,fluxes,C-fluxes
EX_ac(e),16.4380980473383,32.8761960946766
EX_dad_2(e),0.9428719927480254,9.428719927480254
EX_for(e),15.418804878368793,15.418804878368793
EX_gcald(e),0.009068669509937705,0.01813733901987541
EX_gln_L(e),0.7323411938423152,3.6617059692115763
EX_ile_L(e),1.0516447763500578,6.309868658100347
EX_lys_L(e),0.8508679980188142,5.105207988112885
EX_orn(e),0.060493828407460364,0.3024691420373018
