,fluxes,C-fluxes
EX_ac(e),13.25694840508388,26.51389681016776
EX_ade(e),0.9707813331699948,4.8539066658499745
EX_dcyt(e),0.9656699477950053,8.691029530155047
EX_etoh(e),6.012752127139392,12.025504254278784
EX_for(e),12.316209887840062,12.316209887840062
EX_hista(e),0.12305450913008972,0.6152725456504486
EX_lys_L(e),0.7662792354802577,4.5976754128815465
EX_succ(e),0.03069105813349545,0.1227642325339818
EX_tym(e),0.9632112993914123,7.705690395131298
