,fluxes,C-fluxes
EX_ac(e),2.393402026254826,4.786804052509652
EX_etoh(e),0.44908230229047885,0.8981646045809577
EX_for(e),2.553481799131128,2.553481799131128
EX_glu_L(e),0.14465714792451687,0.7232857396225844
EX_glyc(e),0.00097727098312255,0.0029318129493676503
EX_nac(e),0.024449236574959635,0.1466954194497578
EX_succ(e),0.007403604186932778,0.02961441674773111
