,fluxes,C-fluxes
EX_ac(e),12.728393611224766,25.45678722244953
EX_ade(e),1.9498716520409625,9.749358260204811
EX_ala_L(e),3.28030213083265,9.84090639249795
EX_etoh(e),1.9625654953393645,3.925130990678729
EX_for(e),5.15734909713761,5.15734909713761
EX_gua(e),0.9703700574526974,4.851850287263487
EX_orn(e),0.08196401754340085,0.4098200877170043
EX_ppa(e),0.25081035585650985,0.7524310675695296
