,fluxes,C-fluxes
EX_ac(e),17.659765016679263,35.319530033358525
EX_ade(e),1.0003688573648626,5.001844286824313
EX_ala_L(e),3.6311586715350965,10.89347601460529
EX_csn(e),1.4283392867006575,5.71335714680263
EX_etoh(e),4.755359037463921,9.510718074927842
EX_for(e),8.423118580289513,8.423118580289513
EX_gua(e),0.857804732650768,4.28902366325384
EX_nac(e),0.9968486847074104,5.981092108244463
EX_ptrc(e),0.2885172386787903,1.1540689547151612
EX_tym(e),0.9241776748182494,7.393421398545995
