,fluxes,C-fluxes
EX_ac(e),7.935205416478837,15.870410832957674
EX_etoh(e),6.275057651529203,12.550115303058407
EX_for(e),13.786138284126315,13.786138284126315
EX_hista(e),0.11915563411245754,0.5957781705622877
EX_tym(e),0.954555746614755,7.63644597291804
