,fluxes,C-fluxes
EX_ac(e),2.965220008012303,5.930440016024606
EX_coa(e),2.9635510955602125,62.234573006764464
EX_cys_L(e),0.9994563541097697,2.998369062329309
EX_dad_2(e),0.9993722401779049,9.99372240177905
EX_gly(e),0.998028291965417,1.996056583930834
EX_glyc(e),0.0004073563152653608,0.0012220689457960823
EX_ura(e),0.9982856921788076,3.9931427687152303
