,fluxes,C-fluxes
EX_ac(e),4.60078565967209,9.20157131934418
EX_etoh(e),1.8154623028611823,3.6309246057223645
EX_for(e),6.004632176206829,6.004632176206829
EX_phe_L(e),0.9513957734267948,8.562561960841153
EX_ppa(e),0.29712826798119224,0.8913848039435768
EX_ptrc(e),0.9776748010151859,3.9106992040607436
