,fluxes,C-fluxes
EX_ac(e),4.5242796914032155,9.048559382806431
EX_acald(e),0.18415750823621915,0.3683150164724383
EX_cys_L(e),0.9935983705238425,2.9807951115715277
EX_for(e),0.9109093073167365,0.9109093073167365
EX_gcald(e),0.0010726081165467996,0.0021452162330935992
EX_ile_L(e),0.9324979114272238,5.5949874685633425
EX_lys_L(e),0.9544552716165396,5.726731629699238
EX_phe_L(e),0.9430399892186208,8.487359902967587
EX_ppa(e),4.106421257840499,12.319263773521499
EX_ptrc(e),1.0,4.0
