,fluxes,C-fluxes
EX_ac(e),5.363594934857744,10.727189869715488
EX_acald(e),1.1625714979585537,2.3251429959171075
EX_for(e),5.121320178247192,5.121320178247192
EX_ile_L(e),0.9118026426202092,5.470815855721255
EX_lys_L(e),0.9324715110670124,5.594829066402075
EX_phe_L(e),0.9220669716846331,8.298602745161698
EX_ppa(e),3.5727746100755455,10.718323830226637
EX_ptrc(e),0.9713184169130745,3.885273667652298
EX_ura(e),0.9658591107850834,3.8634364431403334
