,fluxes,C-fluxes
EX_ac(e),10.603408494653847,21.206816989307693
EX_ala_L(e),2.035316362823348,6.1059490884700445
EX_etoh(e),0.04950510715118699,0.09901021430237399
EX_for(e),9.813866478714342,9.813866478714342
EX_hxan(e),0.9593061113505411,4.796530556752706
EX_nac(e),0.9987793417607702,5.992676050564621
