,fluxes,reduced_costs
biomass_dilution,0.41944585222646025,-0.31505680500214606
protein_biomass_to_biomass,0.167872655175339,-3.898586703166387e-35
mRNA_biomass_to_biomass,0.0008858908218379533,0.0
tRNA_biomass_to_biomass,0.005385618438441894,0.0
rRNA_biomass_to_biomass,0.023774447424263368,-3.1389493643235754e-35
ncRNA_biomass_to_biomass,0.0,0.0
tmRNA_biomass_to_biomass,0.0,0.0
DNA_biomass_to_biomass,0.021273559412727475,0.0
lipid_biomass_to_biomass,0.0,0.0
constituent_biomass_to_biomass,0.10570295331787281,0.0
prosthetic_group_biomass_to_biomass,0.00012235909984954188,3.1754317380203377e-35
peptidoglycan_biomass_to_biomass,0.0,0.0
DM_5DRIB,0.0,-0.02351164427452035
DM_5MTR,0.0,-0.03512159886658996
DM_atp_c_,0.0,-0.008046422263744663
DM_dhptd(c),0.0,0.0
DM_hcys_L[c],0.0,-0.009801995355693729
EX_26dap_M(e),-1.0,-0.003564978275941532
EX_34dhphe(e),0.0,-0.0035643165628923114
EX_3mop(e),-1.0,-0.0026746924257241007
EX_4abut(e),0.0,-0.0008781783693540728
EX_4abz(e),-0.003896442244257702,0.0
EX_4hbz(e),4.427726782563444e-24,0.0
EX_5htrp(e),0.0,-0.0035643165628923114
EX_ac(e),13.12237540756438,0.0
EX_acac(e),1.7459616705772405,0.0
EX_acald(e),0.0,-0.001784752859557049
EX_acgam(e),-1.0,-0.01781348644238109
EX_adn(e),-1.0,-0.00473586368337105
EX_adocbl(e),-0.0012988140814192341,0.0
EX_akg(e),0.0,-0.007130845359208183
EX_ala_D(e),-1.0,-0.0008809579128115073
EX_ala_L(e),-1.0,-0.0008830343699454963
EX_alaasp(e),0.0,-0.008898994214054406
EX_alagln(e),0.0,-0.002634610245087492
EX_alaglu(e),0.0,-0.0035337616449006497
EX_alagly(e),3.470790980521564e-23,0.0
EX_alahis(e),0.0,-0.003560281722234703
EX_alaleu(e),0.0,-0.005348598878459845
EX_alathr(e),0.0,-0.0062200339623461574
EX_alltn(e),0.0,0.0
EX_amp(e),-1.0,-0.007861020314071307
EX_arab_L(e),-0.17878295,-0.008293644337972873
EX_arbt(e),0.0,0.0
EX_arg_L(e),-0.15,-0.02500606498978065
EX_asn_L(e),-0.225,-0.008908884114470354
EX_aso3(e),0.0,0.0
EX_aso4(e),0.0,0.0
EX_asp_L(e),-0.225,-0.00981034330789304
EX_biomass(e),0.0,0.0
EX_but(e),0.0,0.0
EX_ca2(e),-1.5300785626293578e-07,0.0
EX_cbl1(e),0.0,0.0
EX_cbl2(e),0.0,0.0
EX_cd2(e),0.0,-0.0160471502415953
EX_cellb(e),-0.07449289,-0.03833258654404985
EX_cgly(e),-1.0,-0.000862253031144711
EX_cit(e),-1.0,-0.02052749852587025
EX_cl(e),0.0,0.0
EX_co2(e),4.04627142289266,0.0
EX_cobalt2(e),-0.0012992531232771914,0.0
EX_csn(e),0.0,0.0
EX_cu2(e),0.0,0.0
EX_cys_L(e),-1.0,-0.0026603394495767494
EX_cytd(e),0.0,-0.01072786957254074
EX_dad_2(e),1.957071015598977,0.0
EX_dcyt(e),-0.016624101467802528,0.0
EX_dgsn(e),-0.044879491181115796,0.0
EX_din(e),3.7968715394175506e-56,0.0
EX_dms(e),0.0,0.0
EX_dmso(e),0.0,-0.0026802091842732106
EX_dopa(e),0.0,0.0
EX_drib(e),-0.17878295,-0.0035447481948099185
EX_duri(e),3.0262357271841e-23,0.0
EX_etoh(e),0.7328951613912756,0.0
EX_fe2(e),0.0,0.0
EX_fe3(e),-4.126772341512177e-06,0.0
EX_fecrm(e),0.0,0.0
EX_for(e),17.003284062935204,0.0
EX_fru(e),-0.14898579,-0.01961594209369885
EX_fum(e),-1.0,-0.009811080412093833
EX_gal(e),-0.14898579,-0.01155535102114409
EX_galt(e),0.0,0.0
EX_galur(e),0.0,0.0
EX_gam(e),-1.0,-0.018715691928551444
EX_gcald(e),0.003896442244257702,0.0
EX_glc_D(e),-0.14898579,-0.019614884558194337
EX_glcn(e),-0.14898579,-0.014553155656377024
EX_glcur(e),0.0,-0.01605284684046606
EX_gln_L(e),-0.18,-0.003546248613576083
EX_glu_L(e),-0.18,-0.004445110738739283
EX_gly(e),2.6230277478904167,0.0
EX_glyasn(e),0.0,-0.007110797696038315
EX_glyasp(e),0.0,-0.00801254616411096
EX_glyb(e),0.0,0.0
EX_glyc(e),-1.79965486,-0.008019408302680909
EX_glyc3p(e),-1.0,-0.015618189926874755
EX_glyclt(e),0.0,-0.0008934026632153646
EX_glycys(e),0.0,-0.000862253031144711
EX_glygln(e),0.0,-0.0017481621951440443
EX_glyglu(e),0.0,-0.002647313594957202
EX_glyleu(e),0.0,-0.008932389255226679
EX_glymet(e),0.0,0.0
EX_glyphe(e),3.4743467742721385e-23,0.0
EX_glypro(e),0.0,0.0
EX_glytyr(e),0.0,-0.0017662301444602729
EX_gthrd(e),-0.0012988140814192341,0.0
EX_gua(e),0.0,0.0
EX_h(e),14.849927156588231,0.0
EX_h2o(e),-10.0,-0.0008942114284256278
EX_h2s(e),1.9698869416729199,0.0
EX_hdca(e),0.0,0.0
EX_hg2(e),0.0,0.0
EX_his_L(e),-0.06990515589247007,0.0
EX_hista(e),0.0,-0.0009076035278309824
EX_hxan(e),1.202342879630723e-22,0.0
EX_ile_L(e),0.8323099778139885,0.0
EX_indole(e),0.051738170884608296,0.0
EX_ins(e),-1.2023428796307275e-22,0.0
EX_k(e),-4.484316835042517e-06,0.0
EX_lac_D(e),0.0,-0.0017782183801107758
EX_lac_L(e),0.0,-0.005352584038206759
EX_leu_L(e),-0.15,-0.006256886030602181
EX_lys_L(e),0.8405049690574502,0.0
EX_mal_L(e),0.0,-0.01071154960585229
EX_malt(e),-0.07449289,-0.03833061326314038
EX_malthx(e),0.0,-0.04547036607759203
EX_malttr(e),0.0,0.0
EX_man(e),-0.14898579,-0.019616048068792958
EX_met_D(e),0.0,0.0
EX_met_L(e),-0.06090966751078142,0.0
EX_metala(e),3.125406348807861e-23,0.0
EX_metsox_R_L(e),0.0,0.0
EX_metsox_S_L(e),0.0,0.0
EX_mg2(e),-0.004527615913908947,0.0
EX_mn2(e),-1.1964828932025933e-05,0.0
EX_mnl(e),-0.14898579,-0.01782696200745452
EX_na1(e),0.0,0.0
EX_nac(e),0.9987008686875463,0.0
EX_nh4(e),6.542450500220255,0.0
EX_ni2(e),0.0,0.0
EX_nmn(e),-1.0,-0.03375637993812274
EX_no2(e),-1.0,-0.010718751409629074
EX_no3(e),-1.0,-0.020545253825556983
EX_o2(e),0.0,-0.03394932712326196
EX_ocdca(e),-0.03573007547605879,0.0
EX_orn(e),-1.0,-0.003567501089004586
EX_pb(e),0.0,0.0
EX_phe_L(e),-0.09361977740125793,0.0
EX_pheme(e),-0.0012988140814192341,0.0
EX_pi(e),-1.0,-0.0004452704772040932
EX_pnto_R(e),-0.0013010998444591907,0.0
EX_ppa(e),0.11140526298375653,0.0
EX_ppi(e),1.8535085240831777,0.0
EX_pppn(e),0.0,0.0
EX_pro_L(e),-0.11125329884973466,0.0
EX_ptrc(e),1.1176610102147284,0.0
EX_pydam(e),0.0,0.0
EX_pydx(e),-0.0013041883296747746,0.0
EX_pydxn(e),0.0,0.0
EX_rib_D(e),-0.17878295,-0.008291702894347103
EX_salcn(e),0.0,0.0
EX_sbt_D(e),0.0,-0.017830322036310204
EX_ser_D(e),0.0,-0.003561411994951695
EX_ser_L(e),-1.0,-0.011590302584904826
EX_sheme(e),-0.0012988140814192341,0.0
EX_so3(e),0.0,-0.015192862333819744
EX_so4(e),1.7979692359368827e-23,0.0
EX_spmd(e),-0.0012988140814192341,0.0
EX_srtn(e),0.0,0.0
EX_succ(e),0.0,-0.008025224674363722
EX_sucr(e),0.0,0.0
EX_taur(e),6.455078779691454e-23,0.0
EX_tet(e),0.0,-0.012482403482622355
EX_thm(e),-0.001300328610765788,0.0
EX_thr_L(e),-0.225,-0.007131885595064703
EX_thymd(e),9.837159946185546e-23,0.0
EX_tma(e),0.0,0.0
EX_tmao(e),0.0,-0.0026802091842732106
EX_tre(e),-0.07449289,-0.0383306446810877
EX_trp_L(e),-0.08181818,-0.006233013471708933
EX_trypta(e),0.0,-0.002668537754802872
EX_tsul(e),0.0,-0.008921678079943556
EX_ttdca(e),-0.06294491855085045,0.0
EX_tym(e),0.9064509639687435,0.0
EX_tyr_L(e),-1.0,-0.0035644757169060607
EX_ura(e),0.0,0.0
EX_urea(e),0.0,-0.006243157249949403
EX_uri(e),-0.07064792574837037,0.0
EX_val_L(e),0.7633691316911743,0.0
EX_xan(e),4.332118778483151e-23,0.0
EX_xyl_D(e),-0.17878295,-0.008293722973170749
EX_zn2(e),-2.7328364833472143e-06,0.0
translation_g.2094.peg.2,0.0,-1.8525322799502746e-33
transcription_TU_g.2094.peg.2,0.0,-15.650315588761849
translation_g.2094.peg.3,9.463500312139726e-11,9.734496034528804e-33
transcription_TU_g.2094.peg.3,1.132524710705024e-12,-2.994888829204897e-33
translation_g.2094.peg.21,0.0,1.2665611959532996e-33
transcription_TU_g.2094.peg.21,0.0,-20.474183779901466
translation_g.2094.peg.23,1.9817548588655113e-08,-5.0361110706317636e-33
transcription_TU_g.2094.peg.23,2.371623896229868e-10,-2.1284787346539667e-32
translation_g.2094.peg.24,9.709116501202377e-09,2.1862628992933656e-32
transcription_TU_g.2094.peg.24,1.1619183171178454e-10,-2.930841673052675e-32
translation_527012.3.peg.30,8.698445730577042e-09,6.238032280996235e-33
transcription_TU_527012.3.peg.30,1.0409683953798833e-10,-1.2429805516271214e-32
translation_g.2094.peg.36,1.878558617686808e-06,9.361401093254549e-34
transcription_TU_g.2094.peg.36,2.2481259416338992e-08,4.210157729923753e-32
translation_g.2094.peg.38,0.0,8.840148287008366e-33
transcription_TU_g.2094.peg.38,0.0,-43.30887900024395
translation_g.2094.peg.43,2.6397436776238568e-05,-7.5640526250416555e-34
transcription_TU_g.2094.peg.43,3.159058325386606e-07,4.501574959306585e-33
translation_g.2094.peg.47,0.0,-1.5004078339570896e-33
transcription_TU_g.2094.peg.47,0.0,-3.913259094135057e-34
translation_g.2094.peg.50,8.615634919002527e-10,2.620865067121259e-33
transcription_TU_g.2094.peg.50,1.0310581837955534e-11,-2.714709574629365e-32
translation_g.2094.peg.63,0.0,6.222870889899872e-33
transcription_TU_g.2094.peg.63,0.0,3.899922753743981e-32
translation_527012.3.peg.77,0.0,-2.2297293336246e-33
transcription_TU_527012.3.peg.77,0.0,-1.8271770438288155e-32
translation_527012.3.peg.78,0.0,4.438129366104733e-33
transcription_TU_527012.3.peg.78,0.0,-18.08289373764274
translation_527012.3.peg.80,0.0,-6.416450409258778e-33
transcription_TU_527012.3.peg.80,0.0,-22.10135067814195
translation_527012.3.peg.81,0.0,-1.4627748169737497e-33
transcription_TU_527012.3.peg.81,0.0,-17.547376596329887
translation_527012.3.peg.82,0.0,-2.0254235714899472e-33
transcription_TU_527012.3.peg.82,0.0,-31.665346249544115
translation_527012.3.peg.83,0.0,-3.657803046468474e-33
transcription_TU_527012.3.peg.83,0.0,4.451667332803616e-33
translation_527012.3.peg.84,0.0,7.653021932135106e-34
transcription_TU_527012.3.peg.84,0.0,-39.49224582200055
translation_527012.3.peg.85,0.0,-8.566434022318262e-33
transcription_TU_527012.3.peg.85,0.0,-26.757525912517526
translation_g.2094.peg.87,0.0,-3.959920685219251e-33
transcription_TU_g.2094.peg.87,0.0,-43.77391181601506
translation_g.2094.peg.91,2.6405847759250877e-05,6.942193024539608e-34
transcription_TU_g.2094.peg.91,3.1600648922792535e-07,-1.9652323757789085e-33
translation_g.2094.peg.102,-2.7023569010716953e-36,-3.6368090418303495e-33
transcription_TU_g.2094.peg.102,0.0,-19.553640126410798
translation_527012.3.peg.110,0.0,7.822482226875204e-33
transcription_TU_527012.3.peg.110,0.0,-30.712941360745155
translation_g.2094.peg.115,5.623548106089927e-05,1.3927015153840676e-33
transcription_TU_g.2094.peg.115,6.729864196036861e-07,9.790908105733685e-33
translation_g.2094.peg.119,0.0,-6.618538829035882e-33
transcription_TU_g.2094.peg.119,0.0,-28.970037625336264
translation_g.2094.peg.122,0.0,4.532902502275287e-33
transcription_TU_g.2094.peg.122,0.0,-19.637924893356075
translation_527012.3.peg.127,0.0,6.92874948270864e-33
transcription_TU_527012.3.peg.127,0.0,-44.31836095284804
translation_527012.3.peg.128,0.0,-7.657839295357265e-33
transcription_TU_527012.3.peg.128,0.0,1.4865497297642635e-32
translation_527012.3.peg.129,0.0,1.3139930344219419e-33
transcription_TU_527012.3.peg.129,0.0,-19.465983086430857
translation_527012.3.peg.132,0.0,9.694336711679358e-34
transcription_TU_527012.3.peg.132,0.0,-16.991371710610938
translation_527012.3.peg.133,0.0,-1.0570619850850845e-33
transcription_TU_527012.3.peg.133,0.0,-24.33859373302819
translation_g.2094.peg.134,9.748020755325232e-10,1.0823123964446936e-33
transcription_TU_g.2094.peg.134,1.1665741027883084e-11,1.5155569006453867e-32
translation_527012.3.peg.134,0.0,3.650376483611146e-33
transcription_TU_527012.3.peg.134,0.0,-30.24188580903073
translation_g.2094.peg.135,0.0,-3.651195749153281e-33
transcription_TU_g.2094.peg.135,0.0,-51.397460578992025
translation_527012.3.peg.135,0.0,9.770527056139578e-33
transcription_TU_527012.3.peg.135,0.0,-21.798866932752613
translation_527012.3.peg.136,0.0,-4.66828834331314e-33
transcription_TU_527012.3.peg.136,0.0,-24.955244702588658
translation_527012.3.peg.137,0.0,-2.0446241795068998e-33
transcription_TU_527012.3.peg.137,0.0,-23.62130248927857
translation_527012.3.peg.138,0.0,3.8605694184271306e-33
transcription_TU_527012.3.peg.138,0.0,-21.361278725801803
translation_g.2094.peg.142,0.0,8.536520704007984e-34
transcription_TU_g.2094.peg.142,0.0,-8.130769334495591
translation_527012.3.peg.143,0.0,7.631821772836976e-33
transcription_TU_527012.3.peg.143,0.0,-3.042728895708963e-32
translation_527012.3.peg.144,0.0,-2.603517650947557e-33
transcription_TU_527012.3.peg.144,0.0,-16.52405779905874
translation_g.2094.peg.145,0.0,4.722546212246388e-33
transcription_TU_g.2094.peg.145,0.0,-3.4335121298204274e-32
translation_527012.3.peg.145,0.0,1.1046953723359078e-33
transcription_TU_527012.3.peg.145,0.0,6.882545150099524e-34
translation_g.2094.peg.147,0.0,3.228858135238704e-33
transcription_TU_g.2094.peg.147,0.0,-51.0664384661321
translation_527012.3.peg.148,9.222836698081831e-08,-4.4176158805630965e-33
transcription_TU_527012.3.peg.148,1.1037237934018875e-09,3.823265444320752e-32
translation_g.2094.peg.149,0.0,-2.0446241795068998e-33
transcription_TU_g.2094.peg.149,0.0,-23.62130248927857
translation_g.2094.peg.153,2.2067800966909853e-09,-1.0936594418332748e-34
transcription_TU_g.2094.peg.153,2.640918167867085e-11,1.8260921042621705e-32
translation_g.2094.peg.160,0.0,4.954324632302364e-34
transcription_TU_g.2094.peg.160,0.0,-23.82064989583608
translation_g.2094.peg.184,4.1149351615837626e-06,-1.4291272132127885e-33
transcription_TU_g.2094.peg.184,4.924463041930076e-08,-2.9046363117363192e-33
translation_g.2094.peg.188,0.0,-8.527217470637446e-33
transcription_TU_g.2094.peg.188,0.0,-35.40381873935797
translation_g.2094.peg.190,1.1328023868829336e-07,-2.4683105482507855e-32
transcription_TU_g.2094.peg.190,1.3556576881440196e-09,-1.4236309273512205e-32
translation_g.2094.peg.197,0.0,1.343516155864901e-32
transcription_TU_g.2094.peg.197,0.0,-41.34687969865516
translation_g.2094.peg.201,0.0,3.559423734371904e-33
transcription_TU_g.2094.peg.201,0.0,-21.500918249411345
translation_g.2094.peg.204,0.0,2.701680860933746e-33
transcription_TU_g.2094.peg.204,0.0,4.032808807272934e-33
translation_g.2094.peg.210,1.7236705736138302e-26,-3.351917123787918e-33
transcription_TU_g.2094.peg.210,0.0,-16.84829682712107
translation_g.2094.peg.224,0.0,3.742706255605896e-33
transcription_TU_g.2094.peg.224,0.0,-22.445506446103188
translation_527012.3.peg.226,0.0,4.703667729357818e-34
transcription_TU_527012.3.peg.226,0.0,-28.080726208073447
translation_g.2094.peg.227,0.0,4.637322429714911e-33
transcription_TU_g.2094.peg.227,0.0,-35.175953019783094
translation_g.2094.peg.232,-1.593556249594951e-36,-4.477439967183351e-33
transcription_TU_g.2094.peg.232,-1.907138952212333e-38,1.675595674391841e-32
translation_g.2094.peg.234,-1.5833111549059908e-28,-6.993949536199804e-33
transcription_TU_g.2094.peg.234,0.0,-50.925571893199056
translation_g.2094.peg.235,0.0,-6.847068151729967e-33
transcription_TU_g.2094.peg.235,0.0,-24.955244702588658
translation_g.2094.peg.238,0.0,-1.2612986210860783e-32
transcription_TU_g.2094.peg.238,0.0,1.8333048596083559e-32
translation_g.2094.peg.240,0.0,-6.833115425159669e-34
transcription_TU_g.2094.peg.240,0.0,-28.652992669717808
translation_527012.3.peg.241,1.0435048069389414e-06,9.413101363914506e-33
transcription_TU_527012.3.peg.241,1.2487926672140819e-08,1.2209913317553958e-32
translation_g.2094.peg.244,0.0,1.3161737698553852e-33
transcription_TU_g.2094.peg.244,0.0,-7.677527566169312e-33
translation_g.2094.peg.250,0.0,1.9179473690586373e-34
transcription_TU_g.2094.peg.250,0.0,-34.99903475263569
translation_527012.3.peg.250,5.542136501140458e-08,-2.647918619592398e-34
transcription_TU_527012.3.peg.250,6.632436551611094e-10,-5.005313577227864e-33
translation_g.2094.peg.251,3.2236298137163317e-10,-8.717533876852548e-33
transcription_TU_g.2094.peg.251,3.857811910795735e-12,-3.3018954212512546e-33
translation_527012.3.peg.252,0.0,-9.234523539342744e-34
transcription_TU_527012.3.peg.252,-5.308036772683822e-38,-1.6326257019938983e-32
translation_g.2094.peg.254,0.0,-6.1231806994115345e-33
transcription_TU_g.2094.peg.254,0.0,8.346111117529223e-33
translation_g.2094.peg.255,2.1942458454644885e-43,1.1548744025261984e-34
transcription_TU_g.2094.peg.255,1.7339201502636247e-44,-6.135428316497352e-33
translation_g.2094.peg.264,0.0,4.009006590741525e-33
transcription_TU_g.2094.peg.264,0.0,-21.798866932752613
translation_g.2094.peg.276,0.0,-2.9436330300747585e-33
transcription_TU_g.2094.peg.276,0.0,-20.98871904320518
translation_g.2094.peg.284,0.0,-3.74357904920045e-35
transcription_TU_g.2094.peg.284,0.0,-9.610291396263344
translation_g.2094.peg.286,0.0,-1.9687543409027962e-32
transcription_TU_g.2094.peg.286,0.0,1.37921630765665e-31
translation_g.2094.peg.288,0.0,-5.099003116949041e-33
transcription_TU_g.2094.peg.288,0.0,-23.57329365915866
translation_g.2094.peg.297,0.0,2.2440081187830063e-33
transcription_TU_g.2094.peg.297,0.0,-40.42066448904887
translation_527012.3.peg.297,0.0,3.217908715778114e-33
transcription_TU_527012.3.peg.297,0.0,-1.2333973590689242e-29
translation_g.2094.peg.298,1.8927000624279452e-10,1.684731089279779e-34
transcription_TU_g.2094.peg.298,2.265049421410048e-12,-7.801937255532725e-35
translation_g.2094.peg.304,2.845276406312914e-06,-1.2315917095859832e-34
transcription_TU_g.2094.peg.304,3.4050253422634284e-08,3.532612435108929e-32
translation_g.2094.peg.308,9.463500312139726e-11,8.078381740009702e-34
transcription_TU_g.2094.peg.308,1.132524710705024e-12,-6.51568580432402e-33
translation_g.2094.peg.309,0.0,-3.0415659024272235e-33
transcription_TU_g.2094.peg.309,0.0,-31.01781495844506
translation_g.2094.peg.314,0.0,1.360797562264705e-34
transcription_TU_g.2094.peg.314,0.0,1.7463146556408386e-33
translation_g.2094.peg.325,0.0,-8.403710850961493e-34
transcription_TU_g.2094.peg.325,0.0,-1.8251456225445754e-33
translation_g.2094.peg.333,0.0,1.0589936706857705e-32
transcription_TU_g.2094.peg.333,0.0,-30.301287403097472
translation_g.2094.peg.335,4.158874187365558e-08,3.7936536907766145e-34
transcription_TU_g.2094.peg.335,4.97704615686732e-10,2.1306388527736674e-33
translation_g.2094.peg.338,0.0,2.130515994456039e-33
transcription_TU_g.2094.peg.338,0.0,-24.039769977528145
translation_g.2094.peg.339,0.0,3.337426992158327e-33
transcription_TU_g.2094.peg.339,0.0,-25.80444274243729
translation_g.2094.peg.342,0.0,-4.323475093022699e-33
transcription_TU_g.2094.peg.342,0.0,-1.0902657419824323e-31
translation_527012.3.peg.344,1.9301055029280414e-07,3.462356609132949e-33
transcription_TU_527012.3.peg.344,2.309813604094993e-09,-1.8271770438288155e-32
translation_527012.3.peg.345,0.0,6.173582413167165e-33
transcription_TU_527012.3.peg.345,0.0,-18.08289373764274
translation_527012.3.peg.347,0.0,-6.416450409258778e-33
transcription_TU_527012.3.peg.347,0.0,-22.10135067814195
translation_527012.3.peg.348,0.0,-1.4627748169737497e-33
transcription_TU_527012.3.peg.348,0.0,-17.547376596329887
translation_527012.3.peg.349,0.0,-3.139545057474947e-33
transcription_TU_527012.3.peg.349,0.0,-31.665346249544115
translation_g.2094.peg.350,2.8066253847114718e-08,6.228479652678223e-34
transcription_TU_g.2094.peg.350,3.3587705363102073e-10,4.1631382140458454e-33
translation_527012.3.peg.350,2.540689487811787e-28,-3.149547725253095e-33
transcription_TU_527012.3.peg.350,3.0405172845868114e-30,4.451667332803616e-33
translation_527012.3.peg.351,0.0,7.653021932135106e-34
transcription_TU_527012.3.peg.351,0.0,-39.49224582200055
translation_527012.3.peg.352,0.0,-8.566434022318262e-33
transcription_TU_527012.3.peg.352,0.0,-26.757525912517526
translation_g.2094.peg.359,0.0,-2.783461004749852e-33
transcription_TU_g.2094.peg.359,0.0,-24.443661803761877
translation_g.2094.peg.360,8.615634919002527e-10,-1.8635881694324271e-32
transcription_TU_g.2094.peg.360,1.0310581837955534e-11,-1.0474764806137132e-32
translation_g.2094.peg.363,1.0987163314547614e-05,-3.224714709143283e-33
transcription_TU_g.2094.peg.363,1.3148659104829085e-07,1.1872697506435573e-32
translation_g.2094.peg.364,2.810748768465121e-09,-1.0065810495977255e-32
transcription_TU_g.2094.peg.364,3.363705110028916e-11,-7.255137821900476e-33
translation_g.2094.peg.365,9.256942304904546e-08,-2.0197148235502493e-33
transcription_TU_g.2094.peg.365,1.1078053109404631e-09,4.425406178269249e-33
translation_g.2094.peg.366,3.3894683469681807e-06,-6.449829140032597e-35
transcription_TU_g.2094.peg.366,4.0562757251349876e-08,-1.936136830060549e-33
translation_g.2094.peg.370,0.0,8.520647750899483e-33
transcription_TU_g.2094.peg.370,0.0,-29.980936693215313
translation_527012.3.peg.377,0.0,7.822482226875204e-33
transcription_TU_527012.3.peg.377,0.0,-30.712941360745155
translation_g.2094.peg.380,0.0,6.04457901000054e-33
transcription_TU_g.2094.peg.380,0.0,-30.24188580903073
translation_g.2094.peg.383,0.0,-1.8899452506662814e-33
transcription_TU_g.2094.peg.383,0.0,4.672840360876955e-32
translation_g.2094.peg.389,0.0,-2.5539530587444648e-33
transcription_TU_g.2094.peg.389,0.0,-23.478463377938766
translation_g.2094.peg.390,2.4088158525352305e-07,1.1905078982174977e-33
transcription_TU_g.2094.peg.390,2.8827002552476475e-09,7.069512673886362e-33
translation_527012.3.peg.394,0.0,4.888220440132561e-33
transcription_TU_527012.3.peg.394,0.0,-44.31836095284804
translation_527012.3.peg.395,0.0,-7.657839295357265e-33
transcription_TU_527012.3.peg.395,0.0,1.4865497297642635e-32
translation_527012.3.peg.396,0.0,-9.49249899932264e-34
transcription_TU_527012.3.peg.396,0.0,-19.465983086430857
translation_527012.3.peg.399,0.0,6.985703187143915e-34
transcription_TU_527012.3.peg.399,0.0,-16.991371710610938
translation_g.2094.peg.400,2.285763039956627e-06,-2.047697372548697e-33
transcription_TU_g.2094.peg.400,2.735439361951905e-08,1.1231731657549947e-35
translation_527012.3.peg.400,0.0,2.7069033661077198e-33
transcription_TU_527012.3.peg.400,0.0,-24.33859373302819
translation_g.2094.peg.401,0.0,3.4260188517033648e-34
transcription_TU_g.2094.peg.401,0.0,-40.15496533300801
translation_527012.3.peg.401,0.0,-2.5547550764396452e-33
transcription_TU_527012.3.peg.401,0.0,-32.435186563499016
translation_527012.3.peg.402,0.0,4.467888751702432e-33
transcription_TU_527012.3.peg.402,0.0,-21.798866932752613
translation_527012.3.peg.403,0.0,-6.847068151729967e-33
transcription_TU_527012.3.peg.403,0.0,-24.955244702588658
translation_g.2094.peg.404,1.1719512945085678e-06,7.578300955342148e-34
transcription_TU_g.2094.peg.404,1.4025083288379962e-08,1.2215308363985112e-32
translation_527012.3.peg.404,0.0,-2.0446241795068998e-33
transcription_TU_527012.3.peg.404,0.0,-23.62130248927857
translation_527012.3.peg.405,0.0,2.5487526541106025e-33
transcription_TU_527012.3.peg.405,0.0,-21.361278725801803
translation_g.2094.peg.407,0.0,-6.240295531700921e-33
transcription_TU_g.2094.peg.407,0.0,-6.134813274217589e-32
translation_g.2094.peg.408,0.0,-1.1539988856211029e-33
transcription_TU_g.2094.peg.408,0.0,-56.16268123859601
translation_g.2094.peg.410,0.0,3.2883113388585894e-33
transcription_TU_g.2094.peg.410,0.0,-19.465983086430857
translation_527012.3.peg.410,0.0,-1.000880722452406e-32
transcription_TU_527012.3.peg.410,0.0,-3.03613422799307e-32
translation_g.2094.peg.411,9.748020755325232e-10,-8.867056383495168e-33
transcription_TU_g.2094.peg.411,1.1665741027883084e-11,-4.5020568006303836e-33
translation_527012.3.peg.411,0.0,-2.603517650947557e-33
transcription_TU_527012.3.peg.411,0.0,-16.52405779905874
translation_527012.3.peg.412,0.0,8.978030420063223e-34
transcription_TU_527012.3.peg.412,0.0,-22.531657937791636
translation_527012.3.peg.415,0.0,-1.617487783072842e-33
transcription_TU_527012.3.peg.415,0.0,3.823265444320752e-32
translation_g.2094.peg.429,1.620303383161015e-27,-9.622806312768857e-34
transcription_TU_g.2094.peg.429,0.0,-18.88647461758526
translation_g.2094.peg.437,0.0,9.241939617735934e-33
transcription_TU_g.2094.peg.437,0.0,1.5113697957805203e-32
translation_g.2094.peg.447,0.0,-5.287461561218461e-33
transcription_TU_g.2094.peg.447,0.0,-29.618399803323552
translation_g.2094.peg.472,0.0,6.002043443148603e-33
transcription_TU_g.2094.peg.472,0.0,-28.95522880911374
translation_g.2094.peg.475,0.0,-6.2252599143664795e-34
transcription_TU_g.2094.peg.475,0.0,-27.513184841855278
translation_g.2094.peg.478,1.6212945355589093e-09,7.543511952682544e-33
transcription_TU_g.2094.peg.478,1.940250503818422e-11,2.2858950485442632e-33
translation_g.2094.peg.480,0.0,-2.7830856314816915e-33
transcription_TU_g.2094.peg.480,0.0,-1.0962863194746572e-33
translation_g.2094.peg.483,0.0,-3.3188907929092106e-33
transcription_TU_g.2094.peg.483,0.0,1.632675896018552e-32
translation_g.2094.peg.485,0.0,2.9653981243748382e-33
transcription_TU_g.2094.peg.485,0.0,-40.21935827693818
translation_g.2094.peg.488,0.0,1.008824347456797e-33
transcription_TU_g.2094.peg.488,0.0,-5.652505324321179e-33
translation_g.2094.peg.491,0.0,-4.628030897954742e-34
transcription_TU_g.2094.peg.491,0.0,-20.603526916157847
translation_527012.3.peg.493,0.0,-2.9057096312676838e-33
transcription_TU_527012.3.peg.493,0.0,-28.080726208073447
translation_g.2094.peg.497,5.330746668594746e-08,-1.734317223729473e-33
transcription_TU_g.2094.peg.497,6.379460167552956e-10,-2.288935343668673e-32
translation_527012.3.peg.508,0.0,-1.7006646492065798e-33
transcription_TU_527012.3.peg.508,0.0,1.2209913317553958e-32
translation_g.2094.peg.512,0.0,-3.4902465174826186e-33
transcription_TU_g.2094.peg.512,0.0,-22.119118511976215
translation_527012.3.peg.517,0.0,-3.418630869496695e-33
transcription_TU_527012.3.peg.517,0.0,-5.005313577227864e-33
translation_527012.3.peg.519,0.0,-1.5879300706424873e-33
transcription_TU_527012.3.peg.519,0.0,-1.6326257019938983e-32
translation_g.2094.peg.534,0.0,1.950131314356984e-33
transcription_TU_g.2094.peg.534,0.0,-12.176780760617461
translation_g.2094.peg.535,0.0,1.4016981947850138e-33
transcription_TU_g.2094.peg.535,0.0,-1.276667620425094e-32
translation_g.2094.peg.536,0.0,-9.972270013510975e-34
transcription_TU_g.2094.peg.536,0.0,-21.387554556260692
translation_g.2094.peg.538,1.1189375453848345e-07,2.5354572769060612e-33
transcription_TU_g.2094.peg.538,1.3390652275441476e-09,-2.3990355433229882e-33
translation_g.2094.peg.539,0.0,-5.347601146423417e-34
transcription_TU_g.2094.peg.539,0.0,-18.345281530140728
translation_527012.3.peg.540,2.8607911531791793e-07,4.473097434483511e-33
transcription_TU_527012.3.peg.540,3.4235922927857832e-09,6.017398450979103e-33
translation_527012.3.peg.541,-1.7039064387621323e-28,-1.725500123855271e-33
transcription_TU_527012.3.peg.541,-2.0391145802065294e-30,4.1568993506666866e-32
translation_527012.3.peg.542,1.9064067360315927e-07,-4.8747002321541796e-33
transcription_TU_527012.3.peg.542,2.2814525978729748e-09,-3.3246606383177344e-32
translation_527012.3.peg.543,0.0,9.428795745961216e-34
transcription_TU_527012.3.peg.543,0.0,2.0365777787449734e-32
translation_g.2094.peg.544,0.0,1.4244151834923515e-33
transcription_TU_g.2094.peg.544,0.0,-47.058637718704794
translation_g.2094.peg.546,1.4195250468209588e-10,-1.3633653287540014e-33
transcription_TU_g.2094.peg.546,1.698787066057536e-12,6.469631751143291e-33
translation_527012.3.peg.546,0.0,1.5549538314952566e-33
transcription_TU_527012.3.peg.546,0.0,-51.26786237894128
translation_527012.3.peg.547,0.0,-1.368926465618966e-33
transcription_TU_527012.3.peg.547,0.0,-14.707975424135315
translation_g.2094.peg.549,0.0,-3.760753247110346e-33
transcription_TU_g.2094.peg.549,0.0,-41.341616950128845
translation_g.2094.peg.550,-4.618630516572062e-34,-2.2477169941015856e-32
transcription_TU_g.2094.peg.550,-5.527251000129523e-36,1.5222377637079217e-32
translation_g.2094.peg.552,0.0,-5.316158210779231e-33
transcription_TU_g.2094.peg.552,0.0,3.4083814641324025e-32
translation_g.2094.peg.558,0.0,4.888220440132561e-33
transcription_TU_g.2094.peg.558,0.0,-44.31836095284804
translation_g.2094.peg.565,4.4537985105774136e-07,-1.26604789536397e-33
transcription_TU_g.2094.peg.565,5.329990704665259e-09,2.0319869633894437e-33
translation_527012.3.peg.572,3.112382606011149e-09,-5.330553558358201e-34
transcription_TU_527012.3.peg.572,3.724679129512435e-11,1.4651914464666693e-32
translation_g.2094.peg.573,0.0,-7.497668963877459e-34
transcription_TU_g.2094.peg.573,0.0,-19.81040355337316
translation_g.2094.peg.575,8.615634919002527e-10,-9.18906343546718e-33
transcription_TU_g.2094.peg.575,1.0310581837955534e-11,2.0185931834273267e-32
translation_527012.3.peg.577,0.0,-2.3823207340392094e-33
transcription_TU_527012.3.peg.577,0.0,-19.028771349615827
translation_527012.3.peg.578,0.0,3.5414454259557704e-35
transcription_TU_527012.3.peg.578,0.0,-6.6062590979285005
translation_g.2094.peg.581,0.0,-9.493896960006492e-34
transcription_TU_g.2094.peg.581,0.0,-28.124441283828503
translation_g.2094.peg.582,2.6397436776238568e-05,-4.160704564739163e-33
transcription_TU_g.2094.peg.582,3.159058325386606e-07,-2.638139382942083e-33
translation_g.2094.peg.586,0.0,3.443241739944072e-33
transcription_TU_g.2094.peg.586,0.0,-14.603431997239195
translation_g.2094.peg.591,0.0,5.305376513386571e-33
transcription_TU_g.2094.peg.591,0.0,-49.73766245873104
translation_527012.3.peg.593,0.0,-6.219240592878116e-33
transcription_TU_527012.3.peg.593,0.0,1.7958232474733457e-32
translation_527012.3.peg.594,0.0,-1.021343874902353e-34
transcription_TU_527012.3.peg.594,0.0,-54.51751076427331
translation_g.2094.peg.595,0.0,-7.598212627575687e-34
transcription_TU_g.2094.peg.595,0.0,-19.95239025563501
translation_g.2094.peg.599,0.0,1.2417535280271776e-33
transcription_TU_g.2094.peg.599,0.0,-9.687185696600983
translation_g.2094.peg.609,0.0,-2.579453637558252e-33
transcription_TU_g.2094.peg.609,0.0,-30.55780209447777
translation_g.2094.peg.610,2.7870913385010695e-07,-4.500476779782801e-33
transcription_TU_g.2094.peg.610,3.3353935729207143e-09,-5.6603221098316114e-33
translation_g.2094.peg.611,0.0,-1.0570619850850845e-33
transcription_TU_g.2094.peg.611,0.0,-24.33859373302819
translation_527012.3.peg.611,0.0,2.2558345656056527e-33
transcription_TU_527012.3.peg.611,0.0,-11.142600139592462
translation_527012.3.peg.612,0.0,1.4080962139436812e-33
transcription_TU_527012.3.peg.612,0.0,1.3931435477546572e-32
translation_527012.3.peg.613,0.0,-1.0568278837494202e-33
transcription_TU_527012.3.peg.613,0.0,3.00070624107649e-32
translation_527012.3.peg.614,0.0,-3.1101970586617234e-33
transcription_TU_527012.3.peg.614,0.0,-14.18624574753677
translation_g.2094.peg.616,0.0,-3.2167363979457004e-33
transcription_TU_g.2094.peg.616,0.0,-4.9148455747198525e-33
translation_g.2094.peg.623,0.0,5.723991592238867e-33
transcription_TU_g.2094.peg.623,0.0,-22.297576840267723
translation_g.2094.peg.624,0.0,3.5765631827997424e-33
transcription_TU_g.2094.peg.624,0.0,1.2542368012101026e-32
translation_g.2094.peg.631,0.0,-1.0474231510797708e-33
transcription_TU_g.2094.peg.631,0.0,-2.2796141219370988e-32
translation_g.2094.peg.632,0.0,-1.8435695372990112e-32
transcription_TU_g.2094.peg.632,0.0,1.334995030205549e-32
translation_g.2094.peg.633,0.0,2.6107819304481642e-33
transcription_TU_g.2094.peg.633,0.0,-31.86599532913895
translation_g.2094.peg.635,3.437849585943094e-07,-1.2273855851837071e-32
transcription_TU_g.2094.peg.635,4.114174966289263e-09,-3.052625581804642e-33
translation_g.2094.peg.637,0.0,-2.1046567031489045e-33
transcription_TU_g.2094.peg.637,0.0,-7.6212148086720645e-34
translation_g.2094.peg.638,2.510172819902674e-07,-8.078666403055162e-34
transcription_TU_g.2094.peg.638,3.003997097176739e-09,-5.304019293969758e-34
translation_g.2094.peg.640,0.0,1.7765042292710953e-33
transcription_TU_g.2094.peg.640,0.0,-18.454922132582766
translation_527012.3.peg.642,0.0,-7.698023955079496e-33
transcription_TU_527012.3.peg.642,0.0,9.626433426557396e-33
translation_527012.3.peg.643,1.969788328485233e-05,-5.4226040384776144e-33
transcription_TU_527012.3.peg.643,2.3573031999652068e-07,-1.8862720945456938e-32
translation_g.2094.peg.644,6.727088733561685e-07,-6.344462609968377e-33
transcription_TU_g.2094.peg.644,8.050503482406908e-09,-1.027314458656304e-32
translation_g.2094.peg.646,3.8525351698930803e-08,4.2627812216566934e-33
transcription_TU_g.2094.peg.646,4.61044131119977e-10,3.823265444320752e-32
translation_g.2094.peg.651,0.0,-4.987127787786568e-34
transcription_TU_g.2094.peg.651,0.0,-8.899863032449796
translation_g.2094.peg.652,0.0,-7.657839295357265e-33
transcription_TU_g.2094.peg.652,0.0,1.4865497297642635e-32
translation_527012.3.peg.653,-3.6853153024954466e-29,4.2403760935942306e-33
transcription_TU_527012.3.peg.653,-4.410324413960699e-31,5.923659736368098e-34
translation_527012.3.peg.655,0.0,-1.2292951294890376e-32
transcription_TU_527012.3.peg.655,0.0,-42.933493931559745
translation_g.2094.peg.656,0.0,6.985703187143915e-34
transcription_TU_g.2094.peg.656,0.0,-16.991371710610938
translation_527012.3.peg.656,0.0,-4.9744096207330415e-33
transcription_TU_527012.3.peg.656,0.0,-27.031409675985
translation_527012.3.peg.657,0.0,3.813489964593314e-33
transcription_TU_527012.3.peg.657,0.0,-44.80019329732298
translation_527012.3.peg.658,-4.1216936089292045e-29,-1.9281985541192976e-33
transcription_TU_527012.3.peg.658,-4.932551073178824e-31,2.0622601400682756e-32
translation_g.2094.peg.663,4.731750156069863e-11,6.696738900967323e-33
transcription_TU_g.2094.peg.663,5.66262355352512e-13,3.3341740086416547e-32
translation_g.2094.peg.675,0.0,-2.900780939652005e-34
transcription_TU_g.2094.peg.675,0.0,-1.8515740066456859e-32
translation_g.2094.peg.677,0.0,1.2040165530065271e-32
transcription_TU_g.2094.peg.677,0.0,-1.257302602061568e-32
translation_g.2094.peg.678,6.559898666812875e-09,2.0836155336115532e-33
transcription_TU_g.2094.peg.678,7.850422248474305e-11,-8.038842364800441e-35
translation_g.2094.peg.689,0.0,-1.821472549905882e-33
transcription_TU_g.2094.peg.689,0.0,1.7300934594581836e-33
translation_g.2094.peg.693,0.0,1.294756254332369e-33
transcription_TU_g.2094.peg.693,0.0,-1.3993579653360246e-32
translation_g.2094.peg.694,0.0,9.900027921444006e-34
transcription_TU_g.2094.peg.694,0.0,-1.6817000395767013e-32
translation_527012.3.peg.695,0.0,-3.7420399121499117e-33
transcription_TU_527012.3.peg.695,0.0,-1.422334753033157e-33
translation_g.2094.peg.697,0.0,7.93576841416742e-33
transcription_TU_g.2094.peg.697,0.0,-27.712478049873358
translation_g.2094.peg.703,3.8329418359904344e-27,-3.3938617384793796e-33
transcription_TU_g.2094.peg.703,0.0,-34.13466371014552
translation_g.2094.peg.709,-2.496495931121765e-40,-3.792182570046929e-33
transcription_TU_g.2094.peg.709,3.975998516942469e-42,-1.7576434108321735e-32
translation_g.2094.peg.713,-1.5833111549059908e-28,-3.7090025310401334e-33
transcription_TU_g.2094.peg.713,0.0,-15.180516043104044
translation_g.2094.peg.721,0.0,1.565086227587795e-33
transcription_TU_g.2094.peg.721,0.0,-43.07360906723418
translation_g.2094.peg.728,0.0,-2.1010128814469037e-32
transcription_TU_g.2094.peg.728,0.0,-3.479576979058783e-32
translation_g.2094.peg.735,0.0,3.654919914000369e-33
transcription_TU_g.2094.peg.735,0.0,-2.5575607947606084e-33
translation_g.2094.peg.738,-8.337208008236864e-44,3.6674274288963356e-33
transcription_TU_g.2094.peg.738,0.0,-44.89199556978592
translation_g.2094.peg.745,4.569225086990011e-13,-9.202776847212755e-33
transcription_TU_g.2094.peg.745,5.468125058495899e-15,-2.069455591755189e-32
translation_527012.3.peg.752,0.0,-7.959824821643722e-34
transcription_TU_527012.3.peg.752,0.0,-29.674615889977233
translation_g.2094.peg.757,0.0,-6.8188263617837265e-34
transcription_TU_g.2094.peg.757,0.0,-18.016170728634258
translation_527012.3.peg.757,1.6172147790025617e-06,-2.1515744013725703e-34
transcription_TU_527012.3.peg.757,1.935368140040405e-08,-9.190737382625376e-33
translation_g.2094.peg.763,-1.5710966016684794e-36,6.598799212795002e-33
transcription_TU_g.2094.peg.763,0.0,-50.35521078544892
translation_527012.3.peg.772,0.0,-7.2416497598384e-33
transcription_TU_527012.3.peg.772,0.0,-24.592174660590057
translation_527012.3.peg.773,0.0,-2.1267111373913498e-33
transcription_TU_527012.3.peg.773,0.0,1.0242803785828388e-32
translation_g.2094.peg.774,0.0,-8.869813394184613e-33
transcription_TU_g.2094.peg.774,0.0,-2.961549276178697e-32
translation_g.2094.peg.782,0.0,6.297391698959944e-33
transcription_TU_g.2094.peg.782,0.0,2.2396951283998368e-32
translation_g.2094.peg.783,2.6405847759250877e-05,-6.70074874146929e-34
transcription_TU_g.2094.peg.783,3.1600648922792535e-07,-5.628766839176598e-34
translation_g.2094.peg.788,0.0,4.619133259949851e-33
transcription_TU_g.2094.peg.788,0.0,1.7702529373643857e-32
translation_g.2094.peg.797,0.0,-3.3594558356104774e-34
transcription_TU_g.2094.peg.797,0.0,2.5695934415107743e-32
translation_g.2094.peg.802,6.105910688776651e-09,-9.132169276701302e-33
transcription_TU_g.2094.peg.802,7.307121581141435e-11,2.580166204450557e-32
translation_g.2094.peg.805,0.0,5.409869227476771e-33
transcription_TU_g.2094.peg.805,0.0,-38.51549569179868
translation_g.2094.peg.813,6.062459197227055e-08,-4.519284527074881e-33
transcription_TU_g.2094.peg.813,7.255121912653253e-10,-1.356039074370102e-32
translation_g.2094.peg.816,0.0,3.8605694184271306e-33
transcription_TU_g.2094.peg.816,0.0,-21.361278725801803
translation_g.2094.peg.818,0.0,-5.031590572809696e-33
transcription_TU_g.2094.peg.818,0.0,-13.47933851017492
translation_527012.3.peg.820,0.0,-1.605901229391296e-33
transcription_TU_527012.3.peg.820,0.0,-30.078338778438596
translation_g.2094.peg.840,0.0,2.7437174099293317e-33
transcription_TU_g.2094.peg.840,0.0,-23.063910910799507
translation_g.2094.peg.844,0.0,1.004759043784941e-33
transcription_TU_g.2094.peg.844,0.0,-18.876477105872716
translation_g.2094.peg.856,3.445577414701811e-42,4.159358525700238e-33
transcription_TU_g.2094.peg.856,1.43485862990875e-44,9.93459430342982e-33
translation_g.2094.peg.865,0.0,5.894705904492217e-34
transcription_TU_g.2094.peg.865,0.0,-35.33785161078382
translation_g.2094.peg.874,0.0,2.4922700240586094e-33
transcription_TU_g.2094.peg.874,0.0,-20.46535835619596
translation_g.2094.peg.883,1.4195250468209588e-10,4.956486596600443e-33
transcription_TU_g.2094.peg.883,1.698787066057536e-12,3.0356703364212153e-33
translation_g.2094.peg.900,0.0,1.8374566338093115e-33
transcription_TU_g.2094.peg.900,0.0,-48.023302992421065
translation_g.2094.peg.907,1.429373510628637e-09,-1.0496545935251166e-33
transcription_TU_g.2094.peg.907,1.7105730102185686e-11,6.745932162660667e-33
translation_g.2094.peg.908,0.0,1.0640454939598844e-32
transcription_TU_g.2094.peg.908,0.0,-35.231066426875024
translation_g.2094.peg.914,0.0,-9.3803226168686e-33
transcription_TU_g.2094.peg.914,0.0,1.7037137128381796e-32
translation_g.2094.peg.917,0.0,-1.2975696251629162e-33
transcription_TU_g.2094.peg.917,-2.3123925303824243e-64,-5.21967905247674e-33
translation_g.2094.peg.918,0.0,-1.275978305437158e-32
transcription_TU_g.2094.peg.918,0.0,-3.066404255191107e-32
translation_g.2094.peg.922,0.0,-2.631417168286472e-33
transcription_TU_g.2094.peg.922,0.0,-5.083113545538559e-33
translation_g.2094.peg.926,0.0,1.0078055628600404e-33
transcription_TU_g.2094.peg.926,0.0,-8.404761130901521
translation_527012.3.peg.928,-5.786605844470726e-40,4.54650709637115e-33
transcription_TU_527012.3.peg.928,1.5294112049439508e-42,-9.917065453590986e-33
translation_g.2094.peg.929,0.0,-1.0343767498028786e-32
transcription_TU_g.2094.peg.929,0.0,-1.7374194508412192e-32
translation_g.2094.peg.930,1.0661493337189492e-07,2.2979923713610874e-33
transcription_TU_g.2094.peg.930,1.2758920335105913e-09,-2.607063110961373e-32
translation_g.2094.peg.935,1.3545852349219511e-08,9.021211017524137e-34
transcription_TU_g.2094.peg.935,1.621071697263372e-10,1.8650527636936812e-34
translation_g.2094.peg.941,9.463500312139726e-11,-7.038732632374109e-33
transcription_TU_g.2094.peg.941,1.132524710705024e-12,-1.100331454929177e-32
translation_527012.3.peg.941,0.0,2.5308489087691176e-34
transcription_TU_527012.3.peg.941,0.0,2.0432920536444508e-32
translation_g.2094.peg.946,0.0,-8.848804648820624e-33
transcription_TU_g.2094.peg.946,0.0,-2.4801882978215574e-32
translation_527012.3.peg.946,-2.6925259600432393e-29,9.675015566053241e-33
transcription_TU_527012.3.peg.946,-1.1169587998054354e-25,-2.3404356270127628e-32
translation_527012.3.peg.949,0.0,8.543604589896078e-34
transcription_TU_527012.3.peg.949,0.0,6.482276742580453e-33
translation_527012.3.peg.950,3.4892693188015815e-41,5.2981269134360575e-33
transcription_TU_527012.3.peg.950,2.90562973060938e-43,2.9618164608147585e-32
translation_g.2094.peg.952,0.0,-3.575399014665531e-33
transcription_TU_g.2094.peg.952,0.0,-16.52405779905874
translation_g.2094.peg.954,4.799079127256359e-06,-2.6264095899229676e-34
transcription_TU_g.2094.peg.954,5.743198098989273e-08,-1.5905724446836432e-32
translation_g.2094.peg.955,9.748020755325232e-10,-9.199145631812377e-34
transcription_TU_g.2094.peg.955,1.1665741027883084e-11,-4.901679094399932e-32
translation_g.2094.peg.956,1.0287017811585127e-06,-8.020127100129297e-33
transcription_TU_g.2094.peg.956,1.2310774540935907e-08,-2.3189447406897907e-32
translation_g.2094.peg.963,-7.214233933766937e-43,-5.447593116668548e-33
transcription_TU_g.2094.peg.963,-4.5850430585880456e-45,-1.5627598272242766e-32
translation_g.2094.peg.971,0.0,2.3038912341433896e-33
transcription_TU_g.2094.peg.971,0.0,-7.795185380415136e-33
translation_g.2094.peg.975,1.5511379369164604e-07,-7.748397125268475e-33
transcription_TU_g.2094.peg.975,1.8562920540261559e-09,-1.2252888151822146e-32
translation_g.2094.peg.977,9.310267871101341e-07,-5.446533290240282e-33
transcription_TU_g.2094.peg.977,1.1141869371293201e-08,-2.3317774835883228e-32
translation_g.2094.peg.980,0.0,2.8772357187568766e-33
transcription_TU_g.2094.peg.980,0.0,-9.87088890483041e-33
translation_g.2094.peg.985,6.062459197227055e-08,-2.900119629076719e-33
transcription_TU_g.2094.peg.985,7.255121912653253e-10,-1.3847106543291772e-32
translation_g.2094.peg.989,-7.386524390495752e-43,1.7821352208802365e-33
transcription_TU_g.2094.peg.989,1.5064988367072528e-44,7.555399312637474e-33
translation_g.2094.peg.990,-3.4205216555538807e-40,-1.3449294053279207e-33
transcription_TU_g.2094.peg.990,-4.8635670152258904e-42,2.8237016538159234e-32
translation_g.2094.peg.993,0.0,7.481470584918477e-34
transcription_TU_g.2094.peg.993,0.0,2.7534863167839373e-32
translation_g.2094.peg.1002,2.6405847759250877e-05,3.0113693214659958e-33
transcription_TU_g.2094.peg.1002,3.1600648922792535e-07,5.9349249302576655e-33
translation_g.2094.peg.1007,0.0,-3.628804945466498e-34
transcription_TU_g.2094.peg.1007,0.0,-39.170097404512994
translation_g.2094.peg.1012,0.0,-1.065260182846965e-33
transcription_TU_g.2094.peg.1012,0.0,-1.7073636316894487e-32
translation_g.2094.peg.1015,4.731750156069863e-11,5.488007977665201e-34
transcription_TU_g.2094.peg.1015,5.66262355352512e-13,-3.782961710693768e-33
translation_g.2094.peg.1019,0.0,-2.698707370701695e-32
transcription_TU_g.2094.peg.1019,0.0,-3.102344197073135e-33
translation_g.2094.peg.1020,2.6405847759250877e-05,2.355124063696383e-33
transcription_TU_g.2094.peg.1020,3.1600648922792535e-07,-4.968908876041771e-33
translation_g.2094.peg.1021,2.78519035175522e-35,-3.531046731431662e-33
transcription_TU_g.2094.peg.1021,0.0,-18.29574867208029
translation_g.2094.peg.1022,2.6405847759250877e-05,2.10185326638752e-33
transcription_TU_g.2094.peg.1022,3.1600648922792535e-07,9.87632422538097e-34
translation_g.2094.peg.1024,0.0,-9.616450333120511e-33
transcription_TU_g.2094.peg.1024,0.0,8.382473370098275e-33
translation_g.2094.peg.1026,0.0,-5.730020724978782e-33
transcription_TU_g.2094.peg.1026,0.0,-38.00034117828158
translation_g.2094.peg.1031,2.4104892645458803e-40,-9.074133147455817e-33
transcription_TU_g.2094.peg.1031,5.938829743413935e-43,6.0439644017269955e-33
translation_g.2094.peg.1035,0.0,1.3453392683953272e-33
transcription_TU_g.2094.peg.1035,0.0,7.077334963877937e-33
translation_g.2094.peg.1036,2.4216525169739734e-13,-9.57084169628365e-33
transcription_TU_g.2094.peg.1036,2.898062266343325e-15,5.691382308060437e-34
translation_g.2094.peg.1039,0.0,4.9091002337457205e-34
transcription_TU_g.2094.peg.1039,0.0,-9.932466275312815e-33
translation_527012.3.peg.1043,4.572429750293365e-40,-7.912071136750516e-33
transcription_TU_527012.3.peg.1043,2.4905645875029216e-42,-3.738023799545769e-33
translation_g.2094.peg.1050,0.0,-3.9882151389036384e-33
transcription_TU_g.2094.peg.1050,0.0,-30.133533508926178
translation_g.2094.peg.1051,-1.0510713994592051e-35,-1.0231133621645869e-33
transcription_TU_g.2094.peg.1051,0.0,-18.015248493810933
translation_g.2094.peg.1052,2.7856937581038065e-08,-4.109400517638223e-33
transcription_TU_g.2094.peg.1052,3.333721047657449e-10,1.0523860878545315e-32
translation_g.2094.peg.1054,2.1445898296012965e-07,6.515212227073821e-33
transcription_TU_g.2094.peg.1054,2.5664932596182114e-09,3.294876736050538e-33
translation_g.2094.peg.1056,0.0,1.4174913526323185e-33
transcription_TU_g.2094.peg.1056,0.0,-4.483833115999208e-32
translation_527012.3.peg.1059,0.0,-1.5773769809060856e-33
transcription_TU_527012.3.peg.1059,0.0,-19.481284953214775
translation_g.2094.peg.1060,0.0,-1.0619670535811198e-33
transcription_TU_g.2094.peg.1060,0.0,-13.040331298254689
translation_g.2094.peg.1064,2.9011612703062457e-57,-1.10196113594143e-34
transcription_TU_g.2094.peg.1064,0.0,-14.801425728205361
translation_527012.3.peg.1066,0.0,3.0219351178139952e-33
transcription_TU_527012.3.peg.1066,0.0,3.1282148203038514e-33
translation_g.2094.peg.1067,0.0,1.1463643695013137e-32
transcription_TU_g.2094.peg.1067,0.0,-4.5182070619156864e-32
translation_g.2094.peg.1070,4.731750156069863e-11,4.541646309169753e-34
transcription_TU_g.2094.peg.1070,5.66262355352512e-13,1.893332227123425e-33
translation_g.2094.peg.1071,0.0,-1.4687801500051191e-33
transcription_TU_g.2094.peg.1071,0.0,-22.77290160021627
translation_g.2094.peg.1072,0.0,-1.740815881224888e-32
transcription_TU_g.2094.peg.1072,0.0,1.6715625274744963e-32
translation_g.2094.peg.1074,0.0,-2.1458673884343232e-33
transcription_TU_g.2094.peg.1074,0.0,-35.09528625809987
translation_g.2094.peg.1079,0.0,1.1597262071974485e-33
transcription_TU_g.2094.peg.1079,0.0,-10.659136045187381
translation_g.2094.peg.1085,0.0,9.799917238614081e-34
transcription_TU_g.2094.peg.1085,0.0,-5.99330707894355
translation_g.2094.peg.1087,3.647723685942243e-08,-1.1887445018847644e-33
transcription_TU_g.2094.peg.1087,4.3653374289576577e-10,-8.886229288179323e-33
translation_g.2094.peg.1090,1.5444151350473842e-06,-3.994193758944768e-33
transcription_TU_g.2094.peg.1090,1.8482466807596323e-08,-9.755532592932744e-33
translation_g.2094.peg.1093,5.697527371584839e-07,2.5420781042001922e-33
transcription_TU_g.2094.peg.1093,6.818397342852863e-09,-5.9648781401727985e-33
translation_g.2094.peg.1105,8.818094309529128e-40,-3.2720035585232605e-33
transcription_TU_g.2094.peg.1105,7.224824521179743e-42,5.603784295050496e-32
translation_g.2094.peg.1112,0.0,-8.294392131318318e-34
transcription_TU_g.2094.peg.1112,0.0,-21.504976975803498
translation_g.2094.peg.1115,-1.9796525502376205e-29,2.4399312228600922e-33
transcription_TU_g.2094.peg.1115,0.0,-31.094617931433948
translation_g.2094.peg.1116,0.0,4.626523830549427e-33
transcription_TU_g.2094.peg.1116,0.0,-22.907507484998966
translation_g.2094.peg.1117,2.6397436776238568e-05,-1.5278988104054213e-33
transcription_TU_g.2094.peg.1117,3.159058325386606e-07,5.141430576908123e-32
translation_g.2094.peg.1118,0.0,-8.375636307145031e-34
transcription_TU_g.2094.peg.1118,0.0,-19.57567122961962
translation_g.2094.peg.1120,0.0,5.321481662293873e-33
transcription_TU_g.2094.peg.1120,0.0,-56.17694096455691
translation_g.2094.peg.1122,4.731750156069863e-11,-1.3566018180162263e-32
transcription_TU_g.2094.peg.1122,5.66262355352512e-13,2.7637185435713954e-32
translation_g.2094.peg.1124,0.0,-7.79317855131212e-33
transcription_TU_g.2094.peg.1124,0.0,-24.755883581809123
translation_g.2094.peg.1125,2.6397436776238568e-05,-5.065931478230843e-33
transcription_TU_g.2094.peg.1125,3.159058325386606e-07,-9.102242847420476e-33
translation_g.2094.peg.1130,1.1818990434693831e-07,2.375662553765693e-34
transcription_TU_g.2094.peg.1130,1.4144130904403827e-09,1.9905022293088438e-32
translation_g.2094.peg.1134,-1.9542676649011305e-35,-3.8763022535021896e-34
transcription_TU_g.2094.peg.1134,0.0,-24.90895712252864
translation_g.2094.peg.1135,0.0,7.895100205187735e-34
transcription_TU_g.2094.peg.1135,0.0,-15.806313965775674
translation_g.2094.peg.1136,2.6405847759250877e-05,-2.7543480560674402e-33
transcription_TU_g.2094.peg.1136,3.1600648922792535e-07,-3.616539770092022e-33
translation_527012.3.peg.1137,0.0,1.264818405471306e-32
transcription_TU_527012.3.peg.1137,0.0,1.1437163735147207e-32
translation_g.2094.peg.1142,0.0,9.908973840194722e-30
transcription_TU_g.2094.peg.1142,0.0,2.0123037533842847e-32
translation_g.2094.peg.1149,1.1818990434693831e-07,3.1174745418098526e-33
transcription_TU_g.2094.peg.1149,1.4144130904403827e-09,-8.133395913827767e-35
translation_g.2094.peg.1150,0.0,-1.2310160485624642e-34
transcription_TU_g.2094.peg.1150,0.0,-8.796038725945088
translation_g.2094.peg.1152,0.0,2.9564155428390984e-34
transcription_TU_g.2094.peg.1152,0.0,-1.5750783184978306e-32
translation_g.2094.peg.1160,0.0,4.209252501047994e-33
transcription_TU_g.2094.peg.1160,0.0,3.827659158917211e-33
translation_g.2094.peg.1161,0.0,-4.313426493329225e-34
transcription_TU_g.2094.peg.1161,0.0,-29.79716142717384
translation_g.2094.peg.1164,0.0,-2.9001146048246928e-33
transcription_TU_g.2094.peg.1164,0.0,-7.620841247178388e-33
translation_g.2094.peg.1167,0.0,-1.0670642784333249e-33
transcription_TU_g.2094.peg.1167,0.0,-24.228381391217383
translation_g.2094.peg.1168,0.0,-7.259641472219191e-34
transcription_TU_g.2094.peg.1168,0.0,-7.295675343040882e-33
translation_g.2094.peg.1171,0.0,6.052500169863814e-33
transcription_TU_g.2094.peg.1171,0.0,3.4697735364298287e-32
translation_g.2094.peg.1174,1.7647258706494017e-08,-1.0878376354509205e-33
transcription_TU_g.2094.peg.1174,2.1118989699478295e-10,1.4761156649472268e-32
translation_g.2094.peg.1177,0.0,-7.725062705585373e-34
transcription_TU_g.2094.peg.1177,0.0,-17.546588403686243
translation_g.2094.peg.1180,-5.1299575559381524e-42,-9.940184024614029e-34
transcription_TU_g.2094.peg.1180,1.2431465032827361e-42,5.094556608654697e-33
translation_g.2094.peg.1184,2.953215266951646e-07,-9.478491561292085e-33
transcription_TU_g.2094.peg.1184,3.5341989280262954e-09,3.412697115265363e-34
translation_g.2094.peg.1185,0.0,-8.375636307145031e-34
transcription_TU_g.2094.peg.1185,0.0,-19.57567122961962
translation_g.2094.peg.1187,-1.6979253307313763e-40,-8.289098970475569e-33
transcription_TU_g.2094.peg.1187,-1.7107648584879605e-42,5.5983638573808755e-33
translation_g.2094.peg.1188,2.6397436776238568e-05,-3.825030730499925e-33
transcription_TU_g.2094.peg.1188,3.159058325386606e-07,-2.600667483635056e-32
translation_g.2094.peg.1189,0.0,-4.274196979185247e-33
transcription_TU_g.2094.peg.1189,0.0,2.4827318739832697e-32
translation_g.2094.peg.1191,0.0,3.5544069888089454e-33
transcription_TU_g.2094.peg.1191,0.0,-24.602970053292623
translation_g.2094.peg.1195,0.0,5.387398561900418e-34
transcription_TU_g.2094.peg.1195,0.0,-21.0801292183264
translation_g.2094.peg.1196,0.0,-7.003717190914923e-33
transcription_TU_g.2094.peg.1196,0.0,-1.441277167388889e-32
translation_g.2094.peg.1200,0.0,-2.6843482145218544e-33
transcription_TU_g.2094.peg.1200,0.0,-2.0675500005562133e-33
translation_g.2094.peg.1203,9.135722627077513e-08,-2.9841463676635093e-33
transcription_TU_g.2094.peg.1203,1.0932985981983809e-09,3.2712229678353114e-32
translation_g.2094.peg.1206,0.0,2.5299911051996294e-33
transcription_TU_g.2094.peg.1206,0.0,1.0521165778001121e-32
translation_g.2094.peg.1208,0.0,6.22765910848701e-33
transcription_TU_g.2094.peg.1208,0.0,-58.51114726857291
translation_g.2094.peg.1210,0.0,1.5135625667787183e-34
transcription_TU_g.2094.peg.1210,0.0,-12.77799138269649
translation_g.2094.peg.1211,0.0,-1.1583679981704005e-33
transcription_TU_g.2094.peg.1211,0.0,-22.108401107779446
translation_527012.3.peg.1212,0.0,-2.120345129711711e-32
transcription_TU_527012.3.peg.1212,0.0,3.763521056070207e-32
translation_g.2094.peg.1214,1.1818990434693831e-07,-4.9593006752524145e-34
transcription_TU_g.2094.peg.1214,1.4144130904403827e-09,-4.22692537258339e-33
translation_g.2094.peg.1215,0.0,-3.2235213628735375e-34
transcription_TU_g.2094.peg.1215,0.0,2.8255691038969058e-33
translation_g.2094.peg.1216,0.0,1.7088256447647052e-33
transcription_TU_g.2094.peg.1216,0.0,-14.673530562967299
translation_g.2094.peg.1225,4.731750156069863e-11,4.541646309169753e-34
transcription_TU_g.2094.peg.1225,5.66262355352512e-13,1.893332227123425e-33
translation_g.2094.peg.1226,2.6405847759250877e-05,2.7545128565698748e-33
transcription_TU_g.2094.peg.1226,3.1600648922792535e-07,1.4963998374326193e-34
translation_g.2094.peg.1230,0.0,-1.634510597226968e-33
transcription_TU_g.2094.peg.1230,0.0,-21.59089645880237
translation_g.2094.peg.1235,0.0,4.878404991574286e-34
transcription_TU_g.2094.peg.1235,0.0,-14.398468005198298
translation_g.2094.peg.1239,0.0,-2.166009697680056e-32
transcription_TU_g.2094.peg.1239,0.0,8.485182038437799e-33
translation_g.2094.peg.1243,0.0,4.206858180112134e-34
transcription_TU_g.2094.peg.1243,0.0,2.8495273500046685e-34
translation_g.2094.peg.1245,7.375875248151824e-07,-2.000393446544228e-32
transcription_TU_g.2094.peg.1245,8.82692524550757e-09,-1.6895946505173766e-34
translation_g.2094.peg.1249,2.6405847759250877e-05,-3.990002188270126e-34
transcription_TU_g.2094.peg.1249,3.1600648922792535e-07,-2.0134488924605935e-33
translation_g.2094.peg.1251,0.0,-1.795489727913915e-32
transcription_TU_g.2094.peg.1251,0.0,-1.1704109197162231e-32
translation_g.2094.peg.1253,1.2721235759710984e-06,-5.4453811221015926e-33
transcription_TU_g.2094.peg.1253,1.5223874225581967e-08,-2.440374405311066e-32
translation_g.2094.peg.1255,0.0,-9.166887268625695e-33
transcription_TU_g.2094.peg.1255,0.0,-4.18703306999857e-33
translation_527012.3.peg.1255,0.0,2.5444541015514772e-33
transcription_TU_527012.3.peg.1255,0.0,-4.510198424490217e-32
translation_g.2094.peg.1258,8.98555388167492e-29,2.1305380505905224e-33
transcription_TU_g.2094.peg.1258,1.0753274660237622e-30,-4.994973132997286e-32
translation_527012.3.peg.1260,0.0,5.4212363521789166e-33
transcription_TU_527012.3.peg.1260,0.0,-3.1233123665569935e-32
translation_g.2094.peg.1264,1.3173874157051885e-06,-2.3175198074454055e-33
transcription_TU_g.2094.peg.1264,1.5765559810296217e-08,3.8468428372971007e-32
translation_g.2094.peg.1265,-4.303979876106276e-28,-2.1032170567333684e-35
transcription_TU_g.2094.peg.1265,-5.150698370892109e-30,-1.5911070871726962e-32
translation_g.2094.peg.1266,0.0,-1.0257656982414734e-32
transcription_TU_g.2094.peg.1266,0.0,-32.98941232758096
translation_527012.3.peg.1274,2.3385016668371934e-05,-1.6404072075288743e-33
transcription_TU_527012.3.peg.1274,2.798553216425261e-07,1.5791983265848715e-32
translation_g.2094.peg.1276,0.0,5.842268421901313e-33
transcription_TU_g.2094.peg.1276,0.0,1.3205749634116105e-32
translation_527012.3.peg.1276,0.0,-1.1218593850166068e-34
transcription_TU_527012.3.peg.1276,0.0,2.4001378871567875e-32
translation_527012.3.peg.1277,9.953662228466543e-09,-7.24559608253471e-34
transcription_TU_527012.3.peg.1277,1.1911838182420673e-10,1.6838477487605855e-33
translation_g.2094.peg.1280,0.0,-1.2805290827394468e-32
transcription_TU_g.2094.peg.1280,0.0,4.0223331467066944e-32
translation_g.2094.peg.1282,0.0,4.10882273204601e-33
transcription_TU_g.2094.peg.1282,0.0,-1.3649146001764593e-33
translation_g.2094.peg.1285,0.0,-1.9340802636370133e-34
transcription_TU_g.2094.peg.1285,0.0,-21.777737653134498
translation_g.2094.peg.1288,0.0,-4.521493724917761e-33
transcription_TU_g.2094.peg.1288,0.0,-35.04995505962061
translation_g.2094.peg.1292,2.418912324445791e-07,-9.621326911052811e-34
transcription_TU_g.2094.peg.1292,2.894782997945907e-09,-8.729918742788943e-33
translation_g.2094.peg.1293,6.284324977869706e-09,1.7330629825100777e-33
transcription_TU_g.2094.peg.1293,7.520635169640562e-11,7.819402472251953e-34
translation_g.2094.peg.1294,2.6405847759250877e-05,-8.233525864770578e-34
transcription_TU_g.2094.peg.1294,3.1600648922792535e-07,-1.5987288582468023e-33
translation_g.2094.peg.1296,6.449857798567109e-07,-2.672876775805376e-33
transcription_TU_g.2094.peg.1296,7.718733128840738e-09,8.619149029084059e-33
translation_g.2094.peg.1300,0.0,-7.051020600767567e-33
transcription_TU_g.2094.peg.1300,0.0,3.430245550622485e-32
translation_g.2094.peg.1305,2.255200705254182e-07,-1.3839332548551197e-32
transcription_TU_g.2094.peg.1305,2.6988645237570405e-09,4.0223331467066944e-32
translation_g.2094.peg.1308,4.731750156069863e-11,2.9800038418335764e-33
transcription_TU_g.2094.peg.1308,5.66262355352512e-13,3.8182067108574174e-33
translation_g.2094.peg.1309,8.450613742033282e-08,1.683350521548676e-33
transcription_TU_g.2094.peg.1309,1.0113096177742099e-09,2.8028269697489712e-33
translation_g.2094.peg.1310,2.6405847759250877e-05,-3.310389691871446e-34
transcription_TU_g.2094.peg.1310,3.1600648922792535e-07,-2.056839384974203e-33
translation_g.2094.peg.1311,2.6405847759250877e-05,-3.965239243828313e-33
transcription_TU_g.2094.peg.1311,3.1600648922792535e-07,7.249700615849666e-33
translation_g.2094.peg.1314,0.0,1.5139852655974142e-32
transcription_TU_g.2094.peg.1314,0.0,-69.03111079796385
translation_g.2094.peg.1321,9.463500312139726e-11,-2.2771850731834013e-33
transcription_TU_g.2094.peg.1321,1.132524710705024e-12,1.4137467315218384e-32
translation_g.2094.peg.1324,0.0033533478376256563,1.7196177816790636e-34
transcription_TU_g.2094.peg.1324,4.013049257079415e-05,-2.6768091718213933e-33
translation_527012.3.peg.1325,0.0,-2.9419349812607662e-33
transcription_TU_527012.3.peg.1325,0.0,-40.34733736488371
translation_g.2094.peg.1326,-2.0507194716648823e-29,-7.67744687220464e-33
transcription_TU_g.2094.peg.1326,-2.454155861764102e-31,1.7953689276534592e-32
translation_527012.3.peg.1327,0.0,8.705298567262773e-33
transcription_TU_527012.3.peg.1327,0.0,-35.33785161078382
translation_g.2094.peg.1329,6.707049518473126e-09,-1.8712353615865818e-33
transcription_TU_g.2094.peg.1329,8.026521968672701e-11,2.6704457743794416e-32
translation_g.2094.peg.1330,0.0,-1.2881175806145034e-32
transcription_TU_g.2094.peg.1330,0.0,-38.80060664818736
translation_g.2094.peg.1333,0.0,1.4269431306349878e-35
transcription_TU_g.2094.peg.1333,0.0,-56.87287383957528
translation_g.2094.peg.1336,0.0,-3.418630869496695e-33
transcription_TU_g.2094.peg.1336,0.0,-5.005313577227864e-33
translation_g.2094.peg.1337,6.049698004545976e-06,-7.375784832057354e-34
transcription_TU_g.2094.peg.1337,7.239850220813342e-08,8.687759021783361e-33
translation_g.2094.peg.1341,3.5469829661090227e-07,8.05494245387965e-33
transcription_TU_g.2094.peg.1341,4.244778068443897e-09,8.921301776883391e-33
translation_g.2094.peg.1343,0.0,3.199380463049983e-33
transcription_TU_g.2094.peg.1343,0.0,-3.4979458026746513e-32
translation_g.2094.peg.1344,1.655069600501869e-08,-5.582560570931655e-33
transcription_TU_g.2094.peg.1344,1.9806701100866237e-10,-1.919888168435599e-32
translation_g.2094.peg.1346,0.0,2.375662553765693e-34
transcription_TU_g.2094.peg.1346,0.0,1.9905022293088438e-32
translation_g.2094.peg.1349,8.545098661285565e-08,-2.6135983038916016e-33
transcription_TU_g.2094.peg.1349,1.0226169039064787e-09,5.844676484013484e-33
translation_g.2094.peg.1351,9.77178183600455e-09,6.383633640643514e-33
transcription_TU_g.2094.peg.1351,1.169417660682829e-10,4.957785154953393e-33
translation_g.2094.peg.1353,0.0,-2.2425563411565717e-33
transcription_TU_g.2094.peg.1353,0.0,9.868951848162088e-33
translation_g.2094.peg.1357,2.6405847759250877e-05,-1.8541819564833916e-34
transcription_TU_g.2094.peg.1357,3.1600648922792535e-07,-7.346716647765799e-33
translation_g.2094.peg.1362,0.0,-8.712246565277028e-33
transcription_TU_g.2094.peg.1362,0.0,-27.852617699105185
translation_g.2094.peg.1365,0.0,-5.953493544330172e-33
transcription_TU_g.2094.peg.1365,0.0,-34.971688916978096
translation_g.2094.peg.1368,0.0,5.8429813624354554e-33
transcription_TU_g.2094.peg.1368,0.0,-41.77989904498054
translation_g.2094.peg.1370,3.026587864006932e-07,5.637583017281597e-33
transcription_TU_g.2094.peg.1370,3.6220060570091294e-09,8.126446889389044e-33
translation_g.2094.peg.1381,1.8925486541970943e-08,-7.946847030629571e-33
transcription_TU_g.2094.peg.1381,2.2648682267598794e-10,2.1889710813570513e-32
translation_g.2094.peg.1394,3.338064193447413e-06,1.8311809914800857e-33
transcription_TU_g.2094.peg.1394,3.9947588738907765e-08,-5.979357973551954e-33
translation_g.2094.peg.1395,5.089058396395894e-09,-2.5654865134697978e-33
transcription_TU_g.2094.peg.1395,6.090224756209779e-11,-1.4212458315563118e-32
translation_g.2094.peg.1398,0.0,1.3382266000545817e-33
transcription_TU_g.2094.peg.1398,0.0,-13.686752095211634
translation_g.2094.peg.1402,0.0,7.086637072229578e-33
transcription_TU_g.2094.peg.1402,0.0,1.0122309705804982e-32
translation_g.2094.peg.1406,0.0,1.2484755120245256e-33
transcription_TU_g.2094.peg.1406,0.0,-25.855912114439604
translation_g.2094.peg.1410,0.0,-8.558912421724497e-33
transcription_TU_g.2094.peg.1410,0.0,2.06628528928166e-32
translation_g.2094.peg.1412,0.0,6.637531363979615e-33
transcription_TU_g.2094.peg.1412,0.0,-42.40036629704861
translation_g.2094.peg.1414,0.0,-5.0319521262943956e-34
transcription_TU_g.2094.peg.1414,0.0,-1.4820209782351584e-32
translation_g.2094.peg.1415,5.812532035775932e-07,-5.070172171166567e-33
transcription_TU_g.2094.peg.1415,6.956026782010453e-09,-4.145310866344243e-32
translation_g.2094.peg.1417,0.0,3.7691049623831017e-34
transcription_TU_g.2094.peg.1417,0.0,-17.090516913592676
translation_g.2094.peg.1419,0.0,5.7522212163130244e-33
transcription_TU_g.2094.peg.1419,0.0,-1.4393164075760255e-32
translation_g.2094.peg.1421,2.2955816309780433e-06,-2.8895950453533382e-33
transcription_TU_g.2094.peg.1421,2.7471895564774933e-08,1.3286767435433145e-32
translation_g.2094.peg.1422,0.0,2.181911957667827e-33
transcription_TU_g.2094.peg.1422,0.0,-23.886829361386656
translation_g.2094.peg.1423,1.5285804465922073e-05,-2.0305824158951233e-34
transcription_TU_g.2094.peg.1423,1.8292968467972467e-07,-6.328204414146757e-33
translation_g.2094.peg.1435,0.0,-6.9849760763994e-34
transcription_TU_g.2094.peg.1435,0.0,2.0111873733669193e-33
translation_g.2094.peg.1436,0.0,-2.0725134864808124e-33
transcription_TU_g.2094.peg.1436,0.0,-27.21949871827121
translation_g.2094.peg.1444,2.1156923352737714e-06,-1.0478091828402163e-32
transcription_TU_g.2094.peg.1444,2.5319107845044337e-08,-1.922127707541197e-32
translation_g.2094.peg.1448,5.384040623068855e-07,-5.4468670685383966e-33
transcription_TU_g.2094.peg.1448,6.443238598770094e-09,2.492933706370025e-32
translation_g.2094.peg.1455,0.0,-4.384041917721986e-33
transcription_TU_g.2094.peg.1455,0.0,-1.879185606974542e-32
translation_g.2094.peg.1456,5.875126987246748e-08,8.231954523892976e-34
transcription_TU_g.2094.peg.1456,7.030935987872836e-10,5.9434245970178975e-33
translation_g.2094.peg.1459,8.408639495874181e-08,2.0789270412857043e-33
transcription_TU_g.2094.peg.1459,1.0062864371940374e-09,1.4052670001979761e-32
translation_527012.3.peg.1460,0.0,-5.399252563453451e-33
transcription_TU_527012.3.peg.1460,0.0,3.532612435108929e-32
translation_g.2094.peg.1465,0.0,5.3961219580963264e-33
transcription_TU_g.2094.peg.1465,0.0,-34.08220263239913
translation_g.2094.peg.1467,2.0255439567857867e-05,-3.206598182090426e-33
transcription_TU_g.2094.peg.1467,2.42402758811814e-07,-1.0357247861534817e-33
translation_g.2094.peg.1486,-3.1512871501661564e-41,-1.8053008009565864e-33
transcription_TU_g.2094.peg.1486,2.283966068868432e-42,-6.940894227819826e-34
translation_527012.3.peg.1490,1.4348895193405312e-08,-3.4422638794644657e-34
transcription_TU_527012.3.peg.1490,1.7171741788819974e-10,-9.414639704049391e-33
translation_g.2094.peg.1492,3.5944182336867678e-06,4.776614195012009e-34
transcription_TU_g.2094.peg.1492,4.301545238009885e-08,2.2789415059875388e-32
translation_g.2094.peg.1494,2.6405847759250877e-05,1.4141898978963596e-33
transcription_TU_g.2094.peg.1494,3.1600648922792535e-07,-4.917720620591537e-33
translation_g.2094.peg.1497,0.0,-5.593926591122339e-33
transcription_TU_g.2094.peg.1497,0.0,-37.93103266964736
translation_527012.3.peg.1500,0.0,7.947125170379466e-34
transcription_TU_527012.3.peg.1500,0.0,-10.695638842567131
translation_g.2094.peg.1509,0.0,-1.354142633038388e-32
transcription_TU_g.2094.peg.1509,0.0,-5.979357973551954e-33
translation_g.2094.peg.1512,2.6405847759250877e-05,5.051229286718124e-33
transcription_TU_g.2094.peg.1512,3.1600648922792535e-07,7.973516048871875e-35
translation_527012.3.peg.1515,0.0,2.5658624720965534e-33
transcription_TU_527012.3.peg.1515,0.0,-27.93061354475802
translation_g.2094.peg.1518,0.0,5.1452525812232456e-33
transcription_TU_g.2094.peg.1518,0.0,1.885292005090819e-32
translation_g.2094.peg.1521,-5.92436178293186e-28,-3.5672844351375066e-33
transcription_TU_g.2094.peg.1521,-7.089856705261491e-30,1.5709014463601155e-32
translation_527012.3.peg.1524,7.826435314847275e-09,-3.933981969182578e-33
transcription_TU_527012.3.peg.1524,9.366123631262289e-11,-1.6926131606077478e-32
translation_g.2094.peg.1527,2.4675674247058322e-09,5.7775411329675115e-33
transcription_TU_g.2094.peg.1527,2.9530099768953785e-11,-7.916849819665087e-34
translation_g.2094.peg.1531,0.0,-2.672876775805376e-33
transcription_TU_g.2094.peg.1531,0.0,8.619149029084059e-33
translation_g.2094.peg.1537,-6.695032643073698e-30,-1.9478527552488074e-33
transcription_TU_g.2094.peg.1537,0.0,-34.88865641787318
translation_g.2094.peg.1546,2.590214760750483e-07,-6.16166520344002e-33
transcription_TU_g.2094.peg.1546,3.0997856245851958e-09,6.230606288854123e-33
translation_527012.3.peg.1550,0.0,-6.408319482528307e-34
transcription_TU_527012.3.peg.1550,0.0,-9.260299373297689e-33
translation_g.2094.peg.1551,8.767102521418265e-41,-3.206598182090426e-33
transcription_TU_g.2094.peg.1551,1.6494094827491954e-42,8.419352005570759e-33
translation_527012.3.peg.1553,2.881111163208404e-09,-2.4536143008283774e-35
transcription_TU_527012.3.peg.1553,3.447909842023194e-11,-5.083113545538559e-33
translation_g.2094.peg.1557,0.0,4.2201659723299316e-33
transcription_TU_g.2094.peg.1557,0.0,3.0985022109176526e-32
translation_g.2094.peg.1559,2.8066253847114718e-08,1.821208506129916e-33
transcription_TU_g.2094.peg.1559,3.3587705363102073e-10,-5.235354961174911e-34
translation_g.2094.peg.1562,0.0,-2.252279680513542e-32
transcription_TU_g.2094.peg.1562,0.0,-66.8855296358328
translation_g.2094.peg.1565,0.0,1.2892187919738308e-32
transcription_TU_g.2094.peg.1565,0.0,-51.56971794854789
translation_g.2094.peg.1573,0.0,-1.3285589149099152e-32
transcription_TU_g.2094.peg.1573,0.0,-4.22692537258339e-33
translation_g.2094.peg.1576,2.1203314421902415e-28,-1.5649115027545444e-32
transcription_TU_g.2094.peg.1576,0.0,-42.705411090981755
translation_g.2094.peg.1581,0.0,-3.2766115555569396e-33
transcription_TU_g.2094.peg.1581,0.0,-33.48634869016488
translation_g.2094.peg.1586,0.0,7.884958537110357e-33
transcription_TU_g.2094.peg.1586,0.0,-39.60200226069084
translation_g.2094.peg.1590,3.8768497472334293e-07,-1.4611310216390756e-33
transcription_TU_g.2094.peg.1590,4.63953927575837e-09,2.180680967251171e-33
translation_g.2094.peg.1593,6.735704368480688e-07,-6.743839921889902e-33
transcription_TU_g.2094.peg.1593,8.060814064244864e-09,8.477149900187028e-33
translation_g.2094.peg.1594,0.0,-4.294848451914184e-33
transcription_TU_g.2094.peg.1594,0.0,3.97042177342326e-33
translation_g.2094.peg.1600,0.0,-3.437600285468073e-33
transcription_TU_g.2094.peg.1600,0.0,-29.83711149006849
translation_g.2094.peg.1602,1.5136870441139964e-07,4.295833980703373e-34
transcription_TU_g.2094.peg.1602,1.8114734772440037e-09,-1.6576222953089473e-32
translation_g.2094.peg.1603,0.0,-7.603396830736669e-33
transcription_TU_g.2094.peg.1603,0.0,1.304399483946526e-32
translation_g.2094.peg.1605,0.0,4.27413325758503e-33
transcription_TU_g.2094.peg.1605,0.0,-30.538226551039777
translation_g.2094.peg.1607,0.0,3.292067815357727e-33
transcription_TU_g.2094.peg.1607,0.0,-29.218179798151226
translation_g.2094.peg.1610,0.0,4.843667852613924e-33
transcription_TU_g.2094.peg.1610,0.0,-24.764664474735245
translation_g.2094.peg.1612,0.0,-1.0526474102886096e-32
transcription_TU_g.2094.peg.1612,0.0,-31.701132131833646
translation_g.2094.peg.1617,0.0,7.301653787063943e-34
transcription_TU_g.2094.peg.1617,0.0,-12.031453028462268
translation_g.2094.peg.1621,2.6405847759250877e-05,-3.101551933802867e-33
transcription_TU_g.2094.peg.1621,3.1600648922792535e-07,1.278107487572389e-33
translation_g.2094.peg.1623,0.0,-1.2310160485624642e-34
transcription_TU_g.2094.peg.1623,0.0,-8.796038725945088
translation_527012.3.peg.1629,0.0,-3.4371021172557574e-34
transcription_TU_527012.3.peg.1629,0.0,-2.8813399139313025e-33
translation_527012.3.peg.1630,0.0,-1.406547393360828e-32
transcription_TU_527012.3.peg.1630,0.0,-3.821018190738873e-32
translation_g.2094.peg.1634,0.0,-1.897473429442194e-33
transcription_TU_g.2094.peg.1634,0.0,-9.545124709733597e-33
translation_g.2094.peg.1636,1.4195250468209588e-10,7.168583099213604e-33
transcription_TU_g.2094.peg.1636,1.698787066057536e-12,3.6341907561439e-33
translation_g.2094.peg.1650,0.0,2.1148296755632896e-33
transcription_TU_g.2094.peg.1650,0.0,-32.434607767669036
translation_g.2094.peg.1652,2.876376689746839e-09,-1.9455283473367375e-33
transcription_TU_g.2094.peg.1652,3.442243959410477e-11,-9.0403476937101e-33
translation_g.2094.peg.1653,0.0,-1.4145567852000261e-33
transcription_TU_g.2094.peg.1653,0.0,-36.57557833182406
translation_g.2094.peg.1654,0.0,-1.4991191609685289e-34
transcription_TU_g.2094.peg.1654,0.0,5.178964507419502e-32
translation_g.2094.peg.1655,0.0,-4.680163846348166e-34
transcription_TU_g.2094.peg.1655,0.0,3.560029882305164e-33
translation_g.2094.peg.1662,3.1637213586420304e-36,-4.679573789689559e-33
transcription_TU_g.2094.peg.1662,0.0,-47.38029231158336
translation_527012.3.peg.1663,0.0,1.060751059228802e-33
transcription_TU_527012.3.peg.1663,0.0,-19.405870537436247
translation_g.2094.peg.1667,0.0,3.934998740228897e-33
transcription_TU_g.2094.peg.1667,0.0,2.827365581367707e-32
translation_g.2094.peg.1669,0.0,5.449684785731606e-33
transcription_TU_g.2094.peg.1669,0.0,-60.34277281330558
translation_527012.3.peg.1670,1.747539374013267e-06,1.985491230365508e-33
transcription_TU_527012.3.peg.1670,2.0913313876697345e-08,2.4478046036052788e-32
translation_g.2094.peg.1675,2.6401642267744722e-05,2.8958758602307983e-34
transcription_TU_g.2094.peg.1675,3.1595616088329297e-07,2.3579371102432995e-33
translation_g.2094.peg.1676,0.0,-2.6843482145218544e-33
transcription_TU_g.2094.peg.1676,0.0,-2.0675500005562133e-33
translation_g.2094.peg.1677,1.6368394614704946e-07,-7.193511924998428e-33
transcription_TU_g.2094.peg.1677,1.958853570485378e-09,-1.2568613367272128e-32
translation_g.2094.peg.1683,0.0,-3.9140115727066374e-33
transcription_TU_g.2094.peg.1683,0.0,4.9864407547993675e-33
translation_g.2094.peg.1684,0.0,-3.907110021395074e-33
transcription_TU_g.2094.peg.1684,0.0,-19.28158706983427
translation_g.2094.peg.1691,1.1572705856022273e-06,7.215695408479376e-33
transcription_TU_g.2094.peg.1691,1.3849394958917237e-08,7.488356218296679e-33
translation_g.2094.peg.1692,2.6405847759250877e-05,-1.8060910157010298e-33
transcription_TU_g.2094.peg.1692,3.1600648922792535e-07,3.6954978824940974e-33
translation_g.2094.peg.1694,0.0,-2.7090186170744124e-33
transcription_TU_g.2094.peg.1694,0.0,-15.710718111117174
translation_g.2094.peg.1697,0.0,5.198730547886451e-33
transcription_TU_g.2094.peg.1697,0.0,-2.4239515357119695e-32
translation_g.2094.peg.1702,0.0,-4.23933612167974e-34
transcription_TU_g.2094.peg.1702,0.0,-26.191692768465124
translation_g.2094.peg.1707,0.0,-3.2184582643407387e-34
transcription_TU_g.2094.peg.1707,0.0,1.322893678364774e-32
translation_g.2094.peg.1708,0.0,3.3679061538267e-34
transcription_TU_g.2094.peg.1708,0.0,-16.40254290770609
translation_g.2094.peg.1709,4.2771193186146403e-07,-1.9291691751725513e-32
transcription_TU_g.2094.peg.1709,5.118553557557483e-09,-1.0423640626989018e-32
translation_g.2094.peg.1714,2.6397436776238568e-05,-5.578365662816713e-33
transcription_TU_g.2094.peg.1714,3.159058325386606e-07,-3.4117313177207955e-32
translation_527012.3.peg.1714,0.0,-1.7529453935007028e-33
transcription_TU_527012.3.peg.1714,0.0,1.585725710588762e-32
translation_g.2094.peg.1718,0.0,2.4875332585012192e-33
transcription_TU_g.2094.peg.1718,0.0,-16.01746254715558
translation_g.2094.peg.1720,6.478648598960011e-06,3.652346024425156e-33
transcription_TU_g.2094.peg.1720,7.753187920208061e-08,1.405882266245662e-32
translation_g.2094.peg.1725,2.30437919997339e-07,-9.288411723258182e-33
transcription_TU_g.2094.peg.1725,2.757717864136111e-09,-7.030342121219622e-33
translation_g.2094.peg.1730,4.0660136355983854e-42,-6.6861747580759725e-34
transcription_TU_g.2094.peg.1730,3.4544351849774353e-44,2.725806687204617e-32
translation_g.2094.peg.1732,0.0,-3.743189192990567e-33
transcription_TU_g.2094.peg.1732,0.0,6.567738660537055e-34
translation_g.2094.peg.1733,9.463500312139726e-11,1.5460464055684754e-32
transcription_TU_g.2094.peg.1733,1.132524710705024e-12,1.1925662315340904e-32
translation_g.2094.peg.1739,0.0,-1.774861347822538e-32
transcription_TU_g.2094.peg.1739,0.0,1.017183415062259e-32
translation_g.2094.peg.1741,2.6406373445689145e-05,3.2836506747191576e-33
transcription_TU_g.2094.peg.1741,3.160127802710044e-07,-2.168220526161439e-33
translation_g.2094.peg.1747,4.1415613203572175e-31,-4.8364623271107924e-33
transcription_TU_g.2094.peg.1747,0.0,-15.587683224344199
translation_g.2094.peg.1755,0.0,3.7691049623831017e-34
transcription_TU_g.2094.peg.1755,0.0,-17.090516913592676
translation_g.2094.peg.1768,2.1678368808693535e-08,-6.974298385997477e-34
transcription_TU_g.2094.peg.1768,2.594313684560057e-10,-7.059446016166919e-33
translation_g.2094.peg.1769,0.0,-7.941085665993975e-33
transcription_TU_g.2094.peg.1769,0.0,-44.15957952721183
translation_g.2094.peg.1772,2.6405847759250877e-05,-2.0775714165175884e-34
transcription_TU_g.2094.peg.1772,3.1600648922792535e-07,2.611801478023451e-33
translation_g.2094.peg.1775,0.0,5.720317481045445e-33
transcription_TU_g.2094.peg.1775,0.0,-2.440374405311066e-32
translation_g.2094.peg.1778,2.6405847759250877e-05,-2.7999793243156475e-33
transcription_TU_g.2094.peg.1778,3.1600648922792535e-07,-5.60495529126526e-33
translation_g.2094.peg.1779,-2.700236629747296e-40,-5.580213457383554e-33
transcription_TU_g.2094.peg.1779,-7.368639314078891e-43,3.508500607859988e-32
translation_g.2094.peg.1784,2.6405847759250877e-05,4.4170756207297685e-33
transcription_TU_g.2094.peg.1784,3.1600648922792535e-07,2.015766429416741e-33
translation_g.2094.peg.1786,3.183785896873611e-28,6.5960976039623345e-34
transcription_TU_g.2094.peg.1786,3.810129532281125e-30,-2.2712362416874078e-32
translation_g.2094.peg.1787,0.0,2.0308892807687494e-33
transcription_TU_g.2094.peg.1787,0.0,-1.9393730463438333e-33
translation_g.2094.peg.1789,2.094189432926496e-36,-7.830695599882223e-33
transcription_TU_g.2094.peg.1789,0.0,1.3327089687538986e-32
translation_g.2094.peg.1793,0.0,-9.385176505168724e-33
transcription_TU_g.2094.peg.1793,-1.8340172234352182e-44,-1.904889450416032e-32
translation_g.2094.peg.1795,1.986544472454458e-62,1.1166300620976909e-33
transcription_TU_g.2094.peg.1795,3.754604654438994e-64,3.7017816673615097e-34
translation_g.2094.peg.1796,2.6361034235477396e-09,-3.679224466629387e-33
transcription_TU_g.2094.peg.1796,3.1547019270577986e-11,2.069744035966245e-32
translation_g.2094.peg.1798,0.0,-3.6348226129972166e-33
transcription_TU_g.2094.peg.1798,0.0,9.355220847090167e-33
translation_g.2094.peg.1800,0.0,7.887119036728463e-31
transcription_TU_g.2094.peg.1800,0.0,2.0123037533842847e-32
translation_g.2094.peg.1803,2.0931626607665148e-10,-9.307004900037668e-33
transcription_TU_g.2094.peg.1803,2.5049488652757967e-12,2.717502108117276e-32
translation_g.2094.peg.1805,0.0,1.837241382116254e-33
transcription_TU_g.2094.peg.1805,0.0,1.3071639654662408e-32
translation_g.2094.peg.1811,7.570941991185922e-08,5.413071957391057e-33
transcription_TU_g.2094.peg.1811,9.060367311800388e-10,-7.828082392043021e-33
translation_g.2094.peg.1812,2.1124039246240929e-07,-8.058650151086466e-33
transcription_TU_g.2094.peg.1812,2.5279754474759886e-09,-1.4442514434918207e-32
translation_g.2094.peg.1817,4.5727581041084016e-08,-9.9972124751285e-33
transcription_TU_g.2094.peg.1817,5.472353123226651e-10,1.596604908228192e-32
translation_g.2094.peg.1821,6.333100252779914e-08,-8.069524868394866e-33
transcription_TU_g.2094.peg.1821,7.579005965102342e-10,-2.7857411497413217e-32
translation_g.2094.peg.1822,0.0,-7.764655198153783e-33
transcription_TU_g.2094.peg.1822,0.0,-22.144970734879
translation_g.2094.peg.1835,2.6405847759250877e-05,3.102220024900062e-33
transcription_TU_g.2094.peg.1835,3.1600648922792535e-07,-8.917207943951304e-34
translation_527012.3.peg.1835,0.0,5.82393240426957e-33
transcription_TU_527012.3.peg.1835,0.0,-47.058637718704794
translation_g.2094.peg.1844,0.0,-1.2351783958791143e-33
transcription_TU_g.2094.peg.1844,0.0,-9.487127753251079e-33
translation_g.2094.peg.1845,0.0,-6.525888898171984e-33
transcription_TU_g.2094.peg.1845,0.0,-42.39000753246716
translation_527012.3.peg.1846,0.0,-2.1852349584566284e-34
transcription_TU_527012.3.peg.1846,0.0,-21.500918249411345
translation_g.2094.peg.1850,0.0,3.769172081547942e-33
transcription_TU_g.2094.peg.1850,0.0,-44.047153276835594
translation_g.2094.peg.1851,2.82982616700681e-08,2.1036541362633374e-33
transcription_TU_g.2094.peg.1851,3.386535589821594e-10,9.050760997036936e-33
translation_527012.3.peg.1852,0.0,3.027568297104882e-34
transcription_TU_527012.3.peg.1852,0.0,-19.28307251051287
translation_g.2094.peg.1855,0.0,-2.5858029591049748e-33
transcription_TU_g.2094.peg.1855,0.0,-22.88797460323223
translation_g.2094.peg.1856,0.0,-1.1398880509894381e-32
transcription_TU_g.2094.peg.1856,0.0,-49.18592567296033
translation_527012.3.peg.1856,0.0,-8.590233188571021e-33
transcription_TU_527012.3.peg.1856,0.0,4.32061568104364e-32
translation_527012.3.peg.1863,0.0,1.8374566338093115e-33
transcription_TU_527012.3.peg.1863,0.0,-48.023302992421065
translation_g.2094.peg.1865,0.0,-7.941085665993975e-33
transcription_TU_g.2094.peg.1865,0.0,-44.15957952721183
translation_g.2094.peg.1866,0.0,-7.97181086326571e-33
transcription_TU_g.2094.peg.1866,0.0,-40.07628411238145
translation_527012.3.peg.1868,0.0,4.25962478505493e-33
transcription_TU_527012.3.peg.1868,0.0,-1.5964017855389084e-32
translation_g.2094.peg.1869,-1.860471486727392e-41,4.1344018892856754e-33
transcription_TU_g.2094.peg.1869,2.787670530135356e-42,-2.5808172411892003e-32
translation_g.2094.peg.1872,0.0,-2.4647965711907818e-33
transcription_TU_g.2094.peg.1872,0.0,-37.52707027081967
translation_g.2094.peg.1883,4.2051538281236763e-07,-2.409545243479913e-34
transcription_TU_g.2094.peg.1883,5.032430354080147e-09,9.456787119516406e-33
translation_g.2094.peg.1890,0.0,1.7088256447647052e-33
transcription_TU_g.2094.peg.1890,0.0,-14.673530562967299
translation_g.2094.peg.1891,0.0,-1.998074575262553e-32
transcription_TU_g.2094.peg.1891,0.0,-1.1140466954261562e-32
translation_g.2094.peg.1893,2.8045099931078155e-07,3.4396016043100825e-33
transcription_TU_g.2094.peg.1893,3.356238985420009e-09,-8.176169918546372e-34
translation_g.2094.peg.1894,0.0,2.9740624291957225e-33
transcription_TU_g.2094.peg.1894,0.0,-8.253261970493661e-34
translation_g.2094.peg.1898,0.0,9.178979279334349e-35
transcription_TU_g.2094.peg.1898,0.0,-19.151759808585837
translation_g.2094.peg.1901,0.0,-1.2686403538524437e-33
transcription_TU_g.2094.peg.1901,0.0,-1.0403828751110236e-33
translation_527012.3.peg.1907,0.0,8.832451496938611e-33
transcription_TU_527012.3.peg.1907,0.0,-2.470300036675786e-32
translation_g.2094.peg.1908,0.0,3.0100233884625484e-34
transcription_TU_g.2094.peg.1908,0.0,-25.393275121695513
translation_g.2094.peg.1912,3.7140604727285305e-07,-9.850103652413287e-33
transcription_TU_g.2094.peg.1912,4.444724598383613e-09,-1.0291607334414625e-32
translation_g.2094.peg.1914,0.0,-3.737152442031982e-33
transcription_TU_g.2094.peg.1914,0.0,2.549243780225942e-32
translation_g.2094.peg.1921,0.0,-1.5772295870769837e-32
transcription_TU_g.2094.peg.1921,0.0,2.492933706370025e-32
translation_g.2094.peg.1923,0.0,1.4121554767595564e-33
transcription_TU_g.2094.peg.1923,0.0,-30.580026992538528
translation_g.2094.peg.1924,0.0,4.601431343638068e-34
transcription_TU_g.2094.peg.1924,0.0,3.405431615390009e-32
translation_527012.3.peg.1926,0.0,-3.504301800352541e-33
transcription_TU_527012.3.peg.1926,0.0,-19.40531662125883
translation_g.2094.peg.1931,1.6368394614704946e-07,-8.61238358131276e-33
transcription_TU_g.2094.peg.1931,1.958853570485378e-09,2.253060378285499e-32
translation_g.2094.peg.1935,0.0,-3.2168312964385206e-33
transcription_TU_g.2094.peg.1935,0.0,-7.030342121219622e-33
translation_g.2094.peg.1936,0.0,1.163600768887299e-33
transcription_TU_g.2094.peg.1936,0.0,-7.2703107343902476
translation_g.2094.peg.1938,2.4593266075269464e-06,-1.7913262544108563e-33
transcription_TU_g.2094.peg.1938,2.9431479503896904e-08,3.899541941755492e-32
translation_g.2094.peg.1939,0.0,2.7076672664378733e-33
transcription_TU_g.2094.peg.1939,0.0,-2.1616226631086156e-32
translation_g.2094.peg.1940,0.0,-6.766856764608137e-33
transcription_TU_g.2094.peg.1940,0.0,-9.936988593392564e-33
translation_g.2094.peg.1942,2.215598270331758e-07,2.7572629945372108e-33
transcription_TU_g.2094.peg.1942,2.6514711337064284e-09,2.5934639902313638e-33
translation_g.2094.peg.1943,0.0,5.750929476936402e-35
transcription_TU_g.2094.peg.1943,0.0,-18.544020423312876
translation_g.2094.peg.1946,0.0,1.4788032039158728e-33
transcription_TU_g.2094.peg.1946,0.0,-26.135341930014405
translation_g.2094.peg.1948,-8.698982711447757e-58,1.947325595552393e-33
transcription_TU_g.2094.peg.1948,0.0,-40.10084432069117
translation_g.2094.peg.1955,0.0,-3.2927675625049824e-33
transcription_TU_g.2094.peg.1955,0.0,-19.63001686262965
translation_g.2094.peg.1958,4.3668761714908704e-08,1.6634386389679896e-33
transcription_TU_g.2094.peg.1958,5.225968203813739e-10,1.4504030547557394e-32
translation_g.2094.peg.1961,2.0999886940618038e-07,9.556835305131389e-33
transcription_TU_g.2094.peg.1961,2.5131177786038735e-09,1.9375116802454875e-32
translation_527012.3.peg.1961,0.0,3.354866189314715e-33
transcription_TU_527012.3.peg.1961,0.0,-15.806313965775674
translation_g.2094.peg.1962,0.0,-2.935756465434294e-33
transcription_TU_g.2094.peg.1962,0.0,-30.32143471381968
translation_527012.3.peg.1962,0.0,-1.0650090739561278e-32
transcription_TU_527012.3.peg.1962,0.0,-31.701132131833646
translation_g.2094.peg.1969,1.9036314640208745e-31,2.0239784972237124e-33
transcription_TU_g.2094.peg.1969,0.0,-28.283021123289977
translation_g.2094.peg.1970,0.0,-3.365008520914404e-33
transcription_TU_g.2094.peg.1970,0.0,-26.883843542293313
translation_g.2094.peg.1979,1.4883771893819136e-41,-3.2184582643407387e-34
transcription_TU_g.2094.peg.1979,0.0,1.322893678364774e-32
translation_g.2094.peg.1982,0.0,-6.774009305600076e-33
transcription_TU_g.2094.peg.1982,0.0,-3.5623166762760966e-32
translation_g.2094.peg.1983,0.0,-1.2508008494840893e-32
transcription_TU_g.2094.peg.1983,0.0,1.646285088404011e-32
translation_g.2094.peg.1988,0.0,-1.857961781687298e-33
transcription_TU_g.2094.peg.1988,0.0,2.312958798084118e-32
translation_527012.3.peg.1989,4.9063188742599455e-06,-1.2843607393354138e-33
transcription_TU_527012.3.peg.1989,5.871535035054589e-08,-9.545124709733597e-33
translation_g.2094.peg.1996,0.0,-2.516940284865437e-33
transcription_TU_g.2094.peg.1996,0.0,-41.854230840308425
translation_g.2094.peg.1998,0.0,3.0100233884625484e-34
transcription_TU_g.2094.peg.1998,0.0,-25.393275121695513
translation_g.2094.peg.2003,2.6405847759250877e-05,-6.66697903547546e-34
transcription_TU_g.2094.peg.2003,3.1600648922792535e-07,-5.3116677705571285e-33
translation_527012.3.peg.2008,0.0,1.1462335725025094e-33
transcription_TU_527012.3.peg.2008,7.695092080481392e-43,2.469050483411395e-34
translation_527012.3.peg.2009,0.0,7.562980554228679e-33
transcription_TU_527012.3.peg.2009,0.0,-43.93268541775513
translation_g.2094.peg.2014,8.410983012307711e-09,-2.5769893045108445e-33
transcription_TU_g.2094.peg.2014,1.0065668926474504e-10,-3.5942590986181524e-33
translation_g.2094.peg.2019,9.559234849636695e-28,-1.1026066462567386e-32
transcription_TU_g.2094.peg.2019,1.1439815351668625e-29,-2.393239584786595e-32
translation_g.2094.peg.2023,8.352299663269458e-60,-1.6085276725477118e-32
transcription_TU_g.2094.peg.2023,0.0,-27.08453233408085
translation_g.2094.peg.2024,0.0,1.3152952617827259e-33
transcription_TU_g.2094.peg.2024,0.0,2.1001814225863753e-33
translation_g.2094.peg.2026,4.731750156069863e-11,9.429182397190371e-33
transcription_TU_g.2094.peg.2026,5.66262355352512e-13,-8.280179927103194e-33
translation_g.2094.peg.2027,2.6405847759250877e-05,-4.535772224940528e-34
transcription_TU_g.2094.peg.2027,3.1600648922792535e-07,7.809175217165402e-33
translation_g.2094.peg.2032,4.555439680663719e-06,-1.0488218257790289e-33
transcription_TU_g.2094.peg.2032,5.451627660285211e-08,2.7900259392834223e-33
translation_g.2094.peg.2037,2.8831574331864407e-06,5.069949115574266e-33
transcription_TU_g.2094.peg.2037,3.450358673046032e-08,-7.516460554291635e-33
translation_g.2094.peg.2041,5.678100187283843e-10,2.697665652674915e-34
transcription_TU_g.2094.peg.2041,6.795148264230152e-12,-7.88402110768359e-33
translation_g.2094.peg.2048,0.0,4.3660993866687834e-33
transcription_TU_g.2094.peg.2048,0.0,-34.08220263239913
translation_g.2094.peg.2049,0.0,-1.3374840223392544e-33
transcription_TU_g.2094.peg.2049,0.0,4.649593905160638e-33
translation_g.2094.peg.2051,3.363522412863641e-44,4.741307464135095e-33
transcription_TU_g.2094.peg.2051,0.0,-38.70269521013939
translation_g.2094.peg.2053,0.0,5.036399036220091e-33
transcription_TU_g.2094.peg.2053,0.0,-39.1559769406582
translation_g.2094.peg.2057,2.1634734727210936e-31,-8.416501504458483e-33
transcription_TU_g.2094.peg.2057,2.589091866640891e-33,-4.558671571446014e-32
translation_g.2094.peg.2058,0.0,5.979927693649291e-33
transcription_TU_g.2094.peg.2058,0.0,1.7629930613060345e-32
translation_g.2094.peg.2059,0.0,-1.8085748037063645e-33
transcription_TU_g.2094.peg.2059,0.0,-47.99694588045565
translation_g.2094.peg.2062,9.559234790024315e-28,-4.32289621735899e-33
transcription_TU_g.2094.peg.2062,0.0,-53.28360702737728
translation_g.2094.peg.2073,0.0,4.057034895504555e-33
transcription_TU_g.2094.peg.2073,0.0,-41.55127298586715
translation_g.2094.peg.2078,1.840489098392834e-08,-1.220923839374129e-32
transcription_TU_g.2094.peg.2078,2.2025670364687774e-10,-7.534387275023914e-33
translation_527012.3.peg.2080,3.8550837031383564e-07,3.196869406012869e-33
transcription_TU_527012.3.peg.2080,4.61349121533791e-09,1.3959492284774085e-32
translation_g.2094.peg.2081,0.0,-6.946415191364629e-33
transcription_TU_g.2094.peg.2081,0.0,-1.7016411055267694e-32
translation_g.2094.peg.2089,2.2239174859541057e-08,8.376724966844787e-33
transcription_TU_g.2094.peg.2089,2.6614269819182217e-10,3.3219059999982894e-32
translation_g.2094.peg.2095,2.1148668447769272e-05,2.1549160341017227e-32
transcription_TU_g.2094.peg.2095,2.5309228959269594e-07,1.861712569029594e-32
translation_g.2094.peg.2097,0.0,6.143609872380471e-34
transcription_TU_g.2094.peg.2097,0.0,-1.1293807319131964e-32
translation_g.2094.peg.2109,-9.778162869256969e-44,-3.205994954960888e-33
transcription_TU_g.2094.peg.2109,-1.1701812975613447e-45,-6.219232292304771e-33
translation_g.2094.peg.2110,2.1027457530769277e-09,3.970354222909318e-34
transcription_TU_g.2094.peg.2110,2.516417231618626e-11,-6.856878399104954e-33
translation_527012.3.peg.2114,0.0,2.6951652922476343e-33
transcription_TU_527012.3.peg.2114,0.0,-29.79716142717384
translation_g.2094.peg.2124,0.0,7.653021932135106e-34
transcription_TU_g.2094.peg.2124,0.0,-39.49224582200055
translation_g.2094.peg.2127,4.731750156069863e-11,-1.862242732915102e-32
transcription_TU_g.2094.peg.2127,5.66262355352512e-13,-2.006120509099346e-32
translation_g.2094.peg.2129,2.6401642267744722e-05,2.9216746348641153e-33
transcription_TU_g.2094.peg.2129,3.1595616088329297e-07,-1.820673910994071e-33
translation_g.2094.peg.2130,0.0,-5.063274985433103e-33
transcription_TU_g.2094.peg.2130,0.0,-8.843308288648202e-34
translation_g.2094.peg.2144,0.0,-7.856719825769167e-33
transcription_TU_g.2094.peg.2144,0.0,-36.509395879563705
translation_527012.3.peg.2146,0.0,-3.981618561971567e-34
transcription_TU_527012.3.peg.2146,0.0,-1.137289617567569e-32
translation_g.2094.peg.2149,0.0,1.052131166209455e-33
transcription_TU_g.2094.peg.2149,0.0,-18.202662932511448
translation_g.2094.peg.2152,0.0,4.7430759462533974e-33
transcription_TU_g.2094.peg.2152,0.0,-41.28627740607355
translation_527012.3.peg.2152,0.0,8.896665913899561e-34
transcription_TU_527012.3.peg.2152,0.0,3.126353016819399e-33
translation_g.2094.peg.2155,2.731342310407696e-31,6.551182138587965e-34
transcription_TU_g.2094.peg.2155,3.268677088118229e-33,1.312702176393255e-32
translation_g.2094.peg.2159,3.178326970058479e-07,-7.064759970348125e-34
transcription_TU_g.2094.peg.2159,3.803596675190037e-09,-5.62318320757576e-33
translation_527012.3.peg.2162,0.0,-4.032350647912438e-34
transcription_TU_527012.3.peg.2162,0.0,-17.58311867143106
translation_527012.3.peg.2163,0.0,9.179229242025113e-33
transcription_TU_527012.3.peg.2163,0.0,6.933735071522929e-32
translation_g.2094.peg.2164,0.0,2.52939224319483e-33
transcription_TU_g.2094.peg.2164,0.0,-1.0652907739945698e-32
translation_g.2094.peg.2172,0.0,1.0762510258172633e-33
transcription_TU_g.2094.peg.2172,0.0,3.345937345154507e-33
translation_g.2094.peg.2173,0.0,1.0202222196328951e-33
transcription_TU_g.2094.peg.2173,1.5228330617461304e-43,1.940940712563686e-32
translation_527012.3.peg.2173,0.0,1.0742831709185953e-33
transcription_TU_527012.3.peg.2173,0.0,-14.801425728205361
translation_g.2094.peg.2176,2.6405847759250877e-05,-9.337105700757773e-34
transcription_TU_g.2094.peg.2176,3.1600648922792535e-07,3.0100226651624087e-33
translation_g.2094.peg.2177,0.0,-2.0854452600144355e-33
transcription_TU_g.2094.peg.2177,0.0,-7.249478572321137e-33
translation_g.2094.peg.2182,2.8831574331864407e-06,-7.764482575748843e-34
transcription_TU_g.2094.peg.2182,3.450358673046032e-08,-7.094411138133416e-33
translation_527012.3.peg.2184,0.0,-7.448430136762562e-33
transcription_TU_527012.3.peg.2184,0.0,-46.56458910744974
translation_527012.3.peg.2185,0.0,2.9743952216791643e-33
transcription_TU_527012.3.peg.2185,0.0,-17.946970257596377
translation_g.2094.peg.2186,2.6405847759250877e-05,-2.0661580911463247e-33
transcription_TU_g.2094.peg.2186,3.1600648922792535e-07,5.7566854284229296e-33
translation_527012.3.peg.2186,0.0,-1.1417994523399203e-33
transcription_TU_527012.3.peg.2186,0.0,-30.409991671050967
translation_g.2094.peg.2187,8.615634919002527e-10,-1.6299172514414865e-33
transcription_TU_g.2094.peg.2187,1.0310581837955534e-11,-4.559575996001698e-33
translation_527012.3.peg.2187,0.0,-3.697264967664165e-33
transcription_TU_527012.3.peg.2187,0.0,-40.449634250740466
translation_527012.3.peg.2188,0.0,9.148142583721427e-33
transcription_TU_527012.3.peg.2188,0.0,-2.537850265127866e-32
translation_527012.3.peg.2189,0.0,7.173788233343804e-34
transcription_TU_527012.3.peg.2189,0.0,2.7615602912757384e-32
translation_g.2094.peg.2194,2.6405847759250877e-05,4.486450897377536e-33
transcription_TU_g.2094.peg.2194,3.1600648922792535e-07,2.5482826002883775e-33
translation_g.2094.peg.2198,1.0647898462300183e-07,1.9335569406275573e-33
transcription_TU_g.2094.peg.2198,1.2742650951428358e-09,6.312511895921732e-33
translation_g.2094.peg.2199,0.0,5.866055920104384e-33
transcription_TU_g.2094.peg.2199,0.0,-34.99735067060302
translation_g.2094.peg.2201,9.559234790024315e-28,-1.7509594522882604e-33
transcription_TU_g.2094.peg.2201,0.0,-16.575252866795395
translation_g.2094.peg.2210,0.0,-2.6608905712441108e-33
transcription_TU_g.2094.peg.2210,0.0,2.4649328653889058e-32
translation_g.2094.peg.2212,3.988438867438631e-07,1.238877929419994e-32
transcription_TU_g.2094.peg.2212,4.773081233712456e-09,-1.3761857505256614e-32
translation_g.2094.peg.2213,9.559234790024315e-28,-1.780134553133098e-32
transcription_TU_g.2094.peg.2213,0.0,-55.020974034916705
translation_g.2094.peg.2215,1.9063248164925504e-09,-6.453691996238016e-33
transcription_TU_g.2094.peg.2215,2.281354562368991e-11,2.585146815406671e-32
translation_g.2094.peg.2217,0.0,-8.274102401432167e-34
transcription_TU_g.2094.peg.2217,8.411496457427723e-39,3.860561478101198e-33
translation_g.2094.peg.2219,0.0,1.8756641105484935e-33
transcription_TU_g.2094.peg.2219,0.0,-24.764664474735245
translation_g.2094.peg.2221,9.559234861783939e-28,-2.2922903086335855e-33
transcription_TU_g.2094.peg.2221,0.0,-45.19390793258588
translation_g.2094.peg.2222,0.0,-1.373487419362692e-32
transcription_TU_g.2094.peg.2222,0.0,9.942142042040416e-33
translation_g.2094.peg.2231,0.0,-8.98497814042581e-33
transcription_TU_g.2094.peg.2231,0.0,-30.40835845999699
translation_527012.3.peg.2233,2.435560936426248e-07,8.098601475665784e-34
transcription_TU_527012.3.peg.2233,2.9147068779532023e-09,-1.7627959831037228e-32
translation_g.2094.peg.2234,0.0,-5.2261816267328014e-33
transcription_TU_g.2094.peg.2234,0.0,-43.039987294302485
translation_g.2094.peg.2237,0.0,3.5245550783626214e-33
transcription_TU_g.2094.peg.2237,0.0,-25.169279150260866
translation_527012.3.peg.2237,0.0,-1.0047953323988004e-32
transcription_TU_527012.3.peg.2237,0.0,-29.239056657847147
translation_g.2094.peg.2239,0.0,4.3293107990208405e-33
transcription_TU_g.2094.peg.2239,0.0,1.5649977262860427e-32
translation_g.2094.peg.2241,2.257563128008408e-07,1.4709480025031486e-32
transcription_TU_g.2094.peg.2241,2.7016917040371114e-09,2.5160751336587276e-32
translation_g.2094.peg.2258,2.8831006215410663e-08,-1.443044202241234e-32
transcription_TU_g.2094.peg.2258,3.450290684891417e-10,1.3052470110521188e-32
translation_g.2094.peg.2265,0.0,2.7742076623878863e-33
transcription_TU_g.2094.peg.2265,0.0,1.6738573488149973e-32
translation_g.2094.peg.2272,0.0,-1.584016672158551e-33
transcription_TU_g.2094.peg.2272,0.0,-22.10135067814195
translation_g.2094.peg.2273,8.615634919002527e-10,-1.0958438807602461e-32
transcription_TU_g.2094.peg.2273,1.0310581837955534e-11,-8.489084931684134e-33
translation_g.2094.peg.2276,2.4016537807442955e-07,-1.6711958641048255e-32
transcription_TU_g.2094.peg.2276,2.8741291948413063e-09,1.7352945702461688e-32
translation_g.2094.peg.2277,1.0264072680747411e-07,-3.276776667072577e-33
transcription_TU_g.2094.peg.2277,1.2283315432987509e-09,8.961402513330206e-33
translation_g.2094.peg.2282,0.0,-2.3220496257379834e-33
transcription_TU_g.2094.peg.2282,0.0,-31.258500597709617
translation_g.2094.peg.2287,0.0,-1.1115977716042825e-32
transcription_TU_g.2094.peg.2287,0.0,-41.77420564641057
translation_g.2094.peg.2288,0.0,-2.6203387172810945e-33
transcription_TU_g.2094.peg.2288,0.0,2.8470976649873127e-33
translation_g.2094.peg.2291,2.7138877766895604e-29,-1.4418673690606887e-33
transcription_TU_g.2094.peg.2291,3.247788733349032e-31,-3.3069528757969716e-33
translation_527012.3.peg.2291,0.0,-1.814527089556434e-33
transcription_TU_527012.3.peg.2291,0.0,-36.540136607461
translation_g.2094.peg.2293,0.0,6.010312083806766e-34
transcription_TU_g.2094.peg.2293,0.0,-5.764508375359689e-33
translation_g.2094.peg.2295,0.0,-1.6168690744455186e-33
transcription_TU_g.2094.peg.2295,0.0,1.1084577210627525e-32
translation_g.2094.peg.2296,0.0,4.745353970967202e-33
transcription_TU_g.2094.peg.2296,0.0,1.6961639663814948e-32
translation_g.2094.peg.2297,0.0,9.937309667056167e-34
transcription_TU_g.2094.peg.2297,0.0,-17.470865822589243
translation_527012.3.peg.2297,7.4360698332016065e-06,-5.882014190251701e-33
transcription_TU_527012.3.peg.2297,8.898961862796063e-08,2.3927000744507284e-32
translation_527012.3.peg.2298,2.129952858975588e-05,1.7332054204869842e-33
transcription_TU_527012.3.peg.2298,2.548976769549295e-07,-5.667343171091219e-32
translation_g.2094.peg.2299,-9.946897739436093e-40,5.4353930483468385e-33
transcription_TU_g.2094.peg.2299,-1.5972595367061891e-41,-2.509651001864702e-32
translation_527012.3.peg.2300,2.857271595500509e-06,-1.184065381839199e-32
transcription_TU_527012.3.peg.2300,3.4193803353594885e-08,-2.2085903836178279e-32
translation_g.2094.peg.2301,0.0,1.2900213606446683e-33
transcription_TU_g.2094.peg.2301,0.0,-8.074828193350769e-33
translation_g.2094.peg.2308,0.0,4.900551730004567e-34
transcription_TU_g.2094.peg.2308,0.0,-19.379244967687168
translation_g.2094.peg.2311,2.5054058827688087e-08,-5.173077759242473e-33
transcription_TU_g.2094.peg.2311,2.998292364339615e-10,-9.274085137663348e-33
translation_g.2094.peg.2313,4.513837496018476e-33,4.9810958481070655e-34
transcription_TU_g.2094.peg.2313,0.0,-18.242320800815747
translation_g.2094.peg.2314,9.954288352138317e-08,4.686017966217187e-34
transcription_TU_g.2094.peg.2314,1.1912587482898143e-09,-1.8962765903321e-32
translation_g.2094.peg.2318,0.0,-2.4031533782120933e-33
transcription_TU_g.2094.peg.2318,0.0,-19.951706745111526
translation_527012.3.peg.2319,6.824595589985412e-30,-1.8056949815812446e-33
transcription_TU_527012.3.peg.2319,8.167192784185356e-32,-1.4820209782351584e-32
translation_g.2094.peg.2320,0.0,-7.310912054888721e-33
transcription_TU_g.2094.peg.2320,0.0,1.5933135684671182e-33
translation_527012.3.peg.2325,0.0,-1.508712498493836e-33
transcription_TU_527012.3.peg.2325,0.0,-28.041538736565503
translation_g.2094.peg.2330,0.0,-4.49718616392687e-33
transcription_TU_g.2094.peg.2330,0.0,9.134352750474147e-34
translation_g.2094.peg.2334,0.0,6.940693911328279e-33
transcription_TU_g.2094.peg.2334,0.0,-37.61266673338694
translation_g.2094.peg.2335,0.0,9.581155794082245e-33
transcription_TU_g.2094.peg.2335,0.0,-34.91439983108681
translation_527012.3.peg.2337,0.0,7.464601710666616e-33
transcription_TU_527012.3.peg.2337,0.0,2.1024359244501728e-32
translation_g.2094.peg.2338,0.0,1.8509337639826517e-33
transcription_TU_g.2094.peg.2338,0.0,5.050383432041721e-29
translation_g.2094.peg.2340,9.559234790024315e-28,-2.0287116768875224e-32
transcription_TU_g.2094.peg.2340,0.0,-41.2181424345832
translation_g.2094.peg.2343,2.6406373445689145e-05,4.7407495215398925e-34
transcription_TU_g.2094.peg.2343,3.160127802710044e-07,-5.680140609157178e-33
translation_g.2094.peg.2345,0.0,8.947638250299528e-34
transcription_TU_g.2094.peg.2345,0.0,-13.319692020990928
translation_g.2094.peg.2348,1.103878812132613e-07,3.9763199313767516e-33
transcription_TU_g.2094.peg.2348,1.3210440018268735e-09,-4.391453909537186e-33
translation_g.2094.peg.2352,0.0,-9.01479059789174e-33
transcription_TU_g.2094.peg.2352,0.0,-40.184060225283616
translation_g.2094.peg.2354,0.0,1.0150557591873068e-32
transcription_TU_g.2094.peg.2354,0.0,-41.53398523251773
translation_g.2094.peg.2363,4.04182801747602e-06,3.323696494194367e-33
transcription_TU_g.2094.peg.2363,4.8369735882393715e-08,3.874431448371206e-34
translation_g.2094.peg.2364,5.4296956920205655e-36,-1.1840381633055297e-32
transcription_TU_g.2094.peg.2364,0.0,1.0011299843556757e-32
translation_g.2094.peg.2365,0.0,-4.465187710727245e-33
transcription_TU_g.2094.peg.2365,0.0,-31.587352245083956
translation_g.2094.peg.2373,4.9527586065741674e-06,-1.0281288940174139e-32
transcription_TU_g.2094.peg.2373,5.9271108185064215e-08,5.4586099149901076e-33
translation_g.2094.peg.2375,0.0,6.692454522622507e-33
transcription_TU_g.2094.peg.2375,0.0,-30.343211495424836
translation_g.2094.peg.2378,4.731750156069863e-11,1.498518377549504e-32
transcription_TU_g.2094.peg.2378,5.66262355352512e-13,1.89173053634136e-32
translation_527012.3.peg.2379,0.0,-2.1268199314321268e-33
transcription_TU_527012.3.peg.2379,0.0,-30.519422510584175
translation_527012.3.peg.2381,-1.8004003028991958e-40,6.143104354835298e-33
transcription_TU_527012.3.peg.2381,-2.1552163336716937e-42,-1.5574598061034634e-32
translation_527012.3.peg.2382,0.0,4.736863941036688e-33
transcription_TU_527012.3.peg.2382,0.0,1.459083805436099e-32
translation_527012.3.peg.2383,7.937546971365198e-09,-7.1835034844371544e-34
transcription_TU_527012.3.peg.2383,9.499094194482426e-11,-2.019377162737259e-33
translation_g.2094.peg.2387,2.7826742029373946e-07,-5.640187398200887e-34
transcription_TU_g.2094.peg.2387,3.3301074578349694e-09,1.06027287383587e-32
translation_g.2094.peg.2393,2.6405847759250877e-05,4.2261786350091034e-33
transcription_TU_g.2094.peg.2393,3.1600648922792535e-07,8.066414485614294e-33
translation_g.2094.peg.2407,0.0,6.0183949510836576e-33
transcription_TU_g.2094.peg.2407,0.0,-38.587503729674225
translation_g.2094.peg.2409,4.106151664962172e-08,5.533582156444314e-33
transcription_TU_g.2094.peg.2409,4.913951575091971e-10,5.735970120063897e-33
translation_g.2094.peg.2413,2.002224748068978e-06,-4.414359993704093e-33
transcription_TU_g.2094.peg.2413,2.396120810250763e-08,1.3748459290600746e-33
translation_g.2094.peg.2415,0.0,4.578841775326012e-33
transcription_TU_g.2094.peg.2415,0.0,-17.970858823785964
translation_g.2094.peg.2416,-4.7428696844231707e-29,8.657952208976854e-33
transcription_TU_g.2094.peg.2416,-5.675930617312377e-31,8.619127484355084e-33
translation_g.2094.peg.2417,6.735704368480688e-07,1.2167886629231301e-33
transcription_TU_g.2094.peg.2417,8.060814064244864e-09,4.5593303513608636e-33
translation_g.2094.peg.2419,-5.921231275589675e-44,-1.2929380936271133e-32
transcription_TU_g.2094.peg.2419,0.0,1.0252045413304323e-32
translation_527012.3.peg.2419,-5.410864404701095e-40,1.9179473690586373e-34
transcription_TU_527012.3.peg.2419,-5.566576057003459e-42,-5.1429996584919196e-33
translation_g.2094.peg.2421,4.731750156069863e-11,-1.918436632113139e-33
transcription_TU_g.2094.peg.2421,5.66262355352512e-13,1.4030107951352896e-33
translation_527012.3.peg.2425,5.870938518554174e-28,-6.337170449824915e-33
transcription_TU_527012.3.peg.2425,7.025923525107584e-30,1.5709014463601155e-32
translation_g.2094.peg.2426,2.1634734727210936e-31,1.6721348894965036e-33
transcription_TU_g.2094.peg.2426,0.0,-22.968088944421876
translation_g.2094.peg.2428,0.0,2.6107819304481642e-33
transcription_TU_g.2094.peg.2428,0.0,-31.86599532913895
translation_g.2094.peg.2434,0.0,9.522143105703942e-33
transcription_TU_g.2094.peg.2434,0.0,6.138134889861795e-32
translation_g.2094.peg.2437,1.7728115847322816e-08,-1.704476004355142e-32
transcription_TU_g.2094.peg.2437,2.1215753800503477e-10,1.4921469343636822e-32
translation_g.2094.peg.2443,0.0,2.1227583995219138e-33
transcription_TU_g.2094.peg.2443,0.0,-28.93497049001385
translation_g.2094.peg.2444,9.559234790024315e-28,9.12192296171855e-34
transcription_TU_g.2094.peg.2444,0.0,-9.08039414740828
translation_g.2094.peg.2445,1.9831984363645255e-06,-1.3827974322453071e-34
transcription_TU_g.2094.peg.2445,2.3733514675676676e-08,-2.2429048039119963e-32
translation_527012.3.peg.2446,0.0,-8.086985886753426e-33
transcription_TU_527012.3.peg.2446,0.0,-3.679016229205762e-33
translation_g.2094.peg.2454,0.0,3.903860195296285e-33
transcription_TU_g.2094.peg.2454,0.0,4.831213826791503e-33
translation_g.2094.peg.2455,0.0,-8.517763857939645e-33
transcription_TU_g.2094.peg.2455,0.0,-26.399463555250875
translation_g.2094.peg.2456,0.0,-3.4803258124007445e-33
transcription_TU_g.2094.peg.2456,0.0,-3.832908592891544e-33
translation_g.2094.peg.2462,9.559234790024315e-28,-1.2992434364964437e-33
transcription_TU_g.2094.peg.2462,0.0,-16.77016767880802
translation_g.2094.peg.2463,1.8149441803340107e-26,2.0290436079259115e-35
transcription_TU_g.2094.peg.2463,0.0,-10.774711757209005
translation_g.2094.peg.2465,0.0,-4.872622924562724e-33
transcription_TU_g.2094.peg.2465,0.0,1.942630378759313e-32
translation_g.2094.peg.2469,0.0,-4.08134436161448e-34
transcription_TU_g.2094.peg.2469,0.0,-43.32760622295508
translation_g.2094.peg.2478,7.308297861351457e-07,1.655930961893075e-35
transcription_TU_g.2094.peg.2478,8.746053413825892e-09,-2.0770408874838905e-32
translation_g.2094.peg.2480,0.0,1.0262633706588276e-32
transcription_TU_g.2094.peg.2480,0.0,-42.72775920862927
translation_g.2094.peg.2483,0.0,-5.09380251647458e-33
transcription_TU_g.2094.peg.2483,0.0,-17.552475981834885
translation_g.2094.peg.2494,1.6582248592645348e-08,1.5879562912817012e-33
transcription_TU_g.2094.peg.2494,1.9844461003645587e-10,-4.651756473121397e-33
translation_g.2094.peg.2497,0.0,1.9938289307435738e-33
transcription_TU_g.2094.peg.2497,0.0,4.2215737236134433e-32
translation_g.2094.peg.2498,0.0,-2.1418429727253422e-32
transcription_TU_g.2094.peg.2498,0.0,5.641924294730702e-33
translation_g.2094.peg.2502,6.0605681073966804e-06,-4.0174165027783675e-33
transcription_TU_g.2094.peg.2502,7.25285879024355e-08,1.4705411792434661e-33
translation_g.2094.peg.2509,0.0,-2.438649043308068e-32
transcription_TU_g.2094.peg.2509,0.0,-48.16426094120465
translation_g.2094.peg.2516,0.0,6.735306026218539e-33
transcription_TU_g.2094.peg.2516,0.0,-41.47637651890226
translation_527012.3.peg.2516,0.0,1.776164698349728e-33
transcription_TU_527012.3.peg.2516,0.0,1.9709696387318723e-32
translation_g.2094.peg.2517,0.0,-8.401424397816794e-34
transcription_TU_g.2094.peg.2517,0.0,-50.157518882273145
translation_527012.3.peg.2517,0.0,-5.388543347782169e-33
transcription_TU_527012.3.peg.2517,0.0,-44.82129405144983
translation_g.2094.peg.2518,0.0,4.3017285844127457e-33
transcription_TU_g.2094.peg.2518,0.0,-31.337495523845696
translation_g.2094.peg.2519,2.6406373445689145e-05,5.0685238802143525e-34
transcription_TU_g.2094.peg.2519,3.160127802710044e-07,1.6222621763061652e-32
translation_g.2094.peg.2527,2.418788951075464e-06,-7.112005032837497e-33
transcription_TU_g.2094.peg.2527,2.894635353431796e-08,7.424530047321548e-32
translation_527012.3.peg.2529,0.0,-8.086985886753426e-33
transcription_TU_527012.3.peg.2529,0.0,-3.679016229205762e-33
translation_g.2094.peg.2530,-8.40532493884029e-29,5.279018694938646e-33
transcription_TU_g.2094.peg.2530,-1.0058897744770607e-30,-1.6163525728204894e-32
translation_g.2094.peg.2542,0.0,-5.646665401117878e-34
transcription_TU_g.2094.peg.2542,0.0,-14.61528808487627
translation_g.2094.peg.2545,0.0,-2.0508418786688516e-32
transcription_TU_g.2094.peg.2545,0.0,-2.247203179012991e-32
translation_g.2094.peg.2552,1.254551779671425e-07,-2.8001305320874633e-33
transcription_TU_g.2094.peg.2552,1.5013587409240586e-09,3.383224063820549e-33
translation_g.2094.peg.2559,1.0031931944851007e-09,-4.117173193852407e-33
transcription_TU_g.2094.peg.2559,1.2005505837074386e-11,-2.064938030608136e-33
translation_g.2094.peg.2571,9.559234748514698e-28,-2.1494985753409202e-34
transcription_TU_g.2094.peg.2571,0.0,-13.543441096049527
translation_g.2094.peg.2575,0.0,8.524417688083232e-33
transcription_TU_g.2094.peg.2575,0.0,-27.05464331495993
translation_g.2094.peg.2579,3.5820476528169444e-08,3.545842301694809e-33
transcription_TU_g.2094.peg.2579,4.2867410027282763e-10,3.669875589763603e-33
translation_g.2094.peg.2588,0.007111840101802593,-9.41595047006029e-34
transcription_TU_g.2094.peg.2588,8.510946677459622e-05,-4.800140180896132e-33
translation_g.2094.peg.2589,2.6406373445689145e-05,-6.108750538545762e-33
transcription_TU_g.2094.peg.2589,3.160127802710044e-07,-7.198403366611887e-33
translation_g.2094.peg.2592,0.0,-5.3568642533814904e-33
transcription_TU_g.2094.peg.2592,0.0,-38.91068793452827
translation_g.2094.peg.2595,9.559234790024314e-28,-9.310987872099947e-33
transcription_TU_g.2094.peg.2595,0.0,-28.802291170366257
translation_g.2094.peg.2596,0.0,4.4604330985594426e-33
transcription_TU_g.2094.peg.2596,0.0,-8.391456297169117e-33
translation_527012.3.peg.2599,1.2766420157623326e-29,1.776164698349728e-33
transcription_TU_527012.3.peg.2599,1.5277947713706031e-31,1.9709696387318723e-32
translation_g.2094.peg.2600,1.0264072680747411e-07,-7.113560754212667e-33
transcription_TU_g.2094.peg.2600,1.2283315432987509e-09,-7.88504142365058e-34
translation_527012.3.peg.2600,0.0,1.2366499998516663e-32
transcription_TU_527012.3.peg.2600,0.0,-44.82129405144983
translation_g.2094.peg.2608,4.7508669294712975e-12,-1.4858962394111621e-32
transcription_TU_g.2094.peg.2608,5.68550115436199e-14,-2.5889014461624795e-34
translation_527012.3.peg.2611,6.120314250517431e-07,-1.105535770041397e-32
transcription_TU_527012.3.peg.2611,7.32435874398347e-09,-6.328204414146757e-33
translation_g.2094.peg.2614,0.0,4.20360868406927e-33
transcription_TU_g.2094.peg.2614,0.0,2.133129226106344e-33
translation_g.2094.peg.2617,2.291579596022147e-09,-4.070171691330339e-33
transcription_TU_g.2094.peg.2617,2.742400204407791e-11,7.29198601284195e-33
translation_g.2094.peg.2623,0.0,-3.747863587216626e-33
transcription_TU_g.2094.peg.2623,0.0,-36.60586833463816
translation_527012.3.peg.2625,1.724837295265253e-28,-2.0753482641957846e-33
transcription_TU_527012.3.peg.2625,2.064163147252903e-30,1.0982945507776025e-32
translation_g.2094.peg.2626,0.0,-2.590742087269106e-33
transcription_TU_g.2094.peg.2626,0.0,-28.199507829424974
translation_527012.3.peg.2626,0.0,-4.537063677211647e-33
transcription_TU_527012.3.peg.2626,0.0,-47.80475688797231
translation_g.2094.peg.2633,4.703615659073258e-31,-5.099003116949041e-33
transcription_TU_g.2094.peg.2633,0.0,-23.57329365915866
translation_527012.3.peg.2633,0.0,-3.201783368617499e-33
transcription_TU_527012.3.peg.2633,0.0,-24.007245680160217
translation_g.2094.peg.2637,1.2981016271640722e-62,4.01754438230538e-33
transcription_TU_g.2094.peg.2637,2.113955395166065e-64,1.585725710588762e-32
translation_g.2094.peg.2640,5.004691767523244e-08,-1.6724594639512863e-32
transcription_TU_g.2094.peg.2640,5.989260748384272e-10,-2.303759369737562e-32
translation_g.2094.peg.2641,0.0,1.1258440808556917e-32
transcription_TU_g.2094.peg.2641,0.0,4.6301053939436296e-33
translation_g.2094.peg.2653,0.0,-2.7698783218890097e-33
transcription_TU_g.2094.peg.2653,0.0,-19.379244967687168
translation_g.2094.peg.2663,2.6397436776238568e-05,-3.289238156414546e-33
transcription_TU_g.2094.peg.2663,3.159058325386606e-07,-3.888212448863355e-33
translation_g.2094.peg.2664,0.0,1.9874416690682415e-33
transcription_TU_g.2094.peg.2664,0.0,1.3205749634116105e-32
translation_527012.3.peg.2666,0.0,-3.5971165932299554e-34
transcription_TU_527012.3.peg.2666,0.0,-18.735766090696412
translation_527012.3.peg.2667,0.0,-2.3081428671067403e-34
transcription_TU_527012.3.peg.2667,0.0,-31.041458114626657
translation_g.2094.peg.2669,0.0,7.670237955267386e-33
transcription_TU_g.2094.peg.2669,0.0,-43.02908166336027
translation_g.2094.peg.2675,2.894806693750886e-07,-4.452809943504735e-34
transcription_TU_g.2094.peg.2675,3.464299683259506e-09,1.842214184320033e-33
translation_g.2094.peg.2699,0.0,-3.058807755934216e-34
transcription_TU_g.2094.peg.2699,0.0,-24.416730679993154
translation_g.2094.peg.2703,0.0,1.4619384508409939e-33
transcription_TU_g.2094.peg.2703,0.0,-19.623166943454354
translation_g.2094.peg.2704,2.8066253847114718e-08,-6.511586228260665e-33
transcription_TU_g.2094.peg.2704,3.3587705363102073e-10,2.401313275349632e-33
translation_g.2094.peg.2714,0.0,3.387154806056102e-33
transcription_TU_g.2094.peg.2714,0.0,3.9435715933356655e-32
translation_g.2094.peg.2719,0.0,-1.6123795562826707e-33
transcription_TU_g.2094.peg.2719,0.0,-28.34535051707136
translation_g.2094.peg.2729,0.0,7.935464986719134e-33
transcription_TU_g.2094.peg.2729,0.0,-46.04910045660417
translation_g.2094.peg.2735,0.0,-5.2834489953607676e-33
transcription_TU_g.2094.peg.2735,0.0,-1.1826598329260172e-32
translation_g.2094.peg.2736,0.0,-4.848430091045404e-33
transcription_TU_g.2094.peg.2736,0.0,-20.828829008463437
translation_527012.3.peg.2742,0.0,7.010265793673239e-33
transcription_TU_527012.3.peg.2742,0.0,-1.389895511900362e-32
translation_g.2094.peg.2752,0.0,1.1279428114143135e-33
transcription_TU_g.2094.peg.2752,0.0,-42.649789750299846
translation_g.2094.peg.2753,2.1054995911145717e-06,-1.522056380012866e-34
transcription_TU_g.2094.peg.2753,2.5197128299955928e-08,2.7029939985253184e-33
translation_g.2094.peg.2756,0.0,7.90415871224429e-33
transcription_TU_g.2094.peg.2756,0.0,1.9719229715644538e-32
translation_g.2094.peg.2757,0.0,4.408076035254623e-33
transcription_TU_g.2094.peg.2757,0.0,7.784426188283649e-32
translation_g.2094.peg.2763,1.1785463661858908e-06,-4.9867248051150156e-33
transcription_TU_g.2094.peg.2763,1.4104008436550113e-08,1.3623486884139327e-32
translation_g.2094.peg.2770,0.0,1.1001135203821505e-32
transcription_TU_g.2094.peg.2770,0.0,8.593614715403965e-33
translation_g.2094.peg.2774,2.6406373445689145e-05,-4.4670155422826526e-33
transcription_TU_g.2094.peg.2774,3.160127802710044e-07,6.116437997188518e-33
translation_g.2094.peg.2777,1.6199382494917817e-07,6.855252911089939e-33
transcription_TU_g.2094.peg.2777,1.938627396685603e-09,-1.3993579653360246e-32
translation_g.2094.peg.2781,0.0,1.0372558169463903e-32
transcription_TU_g.2094.peg.2781,0.0,1.5634307496655709e-32
translation_g.2094.peg.2787,-5.847710643322084e-29,-9.339266476500856e-33
transcription_TU_g.2094.peg.2787,-6.998126199991361e-31,7.096246572475829e-32
translation_g.2094.peg.2788,1.1897098943765414e-06,-1.3182886628826451e-33
transcription_TU_g.2094.peg.2788,1.4237605637559825e-08,3.249007143731192e-32
translation_g.2094.peg.2789,9.994610751593126e-07,-1.0568707510841225e-32
transcription_TU_g.2094.peg.2789,1.1960842475523767e-08,1.2179062879909117e-32
translation_g.2094.peg.2790,0.0,5.767781010786518e-33
transcription_TU_g.2094.peg.2790,0.0,2.565559746937134e-32
translation_g.2094.peg.2793,0.0,1.2640955465932465e-33
transcription_TU_g.2094.peg.2793,0.0,-4.775324786978448e-33
translation_g.2094.peg.2796,4.04182801747602e-06,-4.2053871966394617e-33
transcription_TU_g.2094.peg.2796,4.8369735882393715e-08,-1.0504966898835698e-32
translation_g.2094.peg.2801,0.0,-1.0557044234206919e-32
transcription_TU_g.2094.peg.2801,0.0,8.961402513330206e-33
translation_g.2094.peg.2803,9.6904364114296e-08,1.4193270780536728e-33
transcription_TU_g.2094.peg.2803,1.1596828162388822e-09,1.4330182726614627e-32
translation_g.2094.peg.2804,8.410983012307711e-09,-1.498256251252748e-32
transcription_TU_g.2094.peg.2804,1.0065668926474504e-10,9.716891462873149e-33
translation_g.2094.peg.2810,4.0995000474415e-09,-1.348395866478149e-32
transcription_TU_g.2094.peg.2810,4.9059913902133843e-11,9.182302796088947e-33
translation_g.2094.peg.2811,0.0,-5.0614905499906525e-33
transcription_TU_g.2094.peg.2811,0.0,-1.416247983596903e-32
translation_g.2094.peg.2813,0.0,2.4473815880108038e-33
transcription_TU_g.2094.peg.2813,0.0,5.8755538467390646e-33
translation_g.2094.peg.2814,1.823265888219773e-06,-4.032596332459026e-34
transcription_TU_g.2094.peg.2814,2.1819555180292038e-08,-1.3264204998820637e-32
translation_g.2094.peg.2824,0.0,4.179117516759593e-34
transcription_TU_g.2094.peg.2824,0.0,-22.987714950854258
translation_g.2094.peg.2828,0.0,2.2552343200171098e-33
transcription_TU_g.2094.peg.2828,-8.482130169477267e-40,2.2123891158393706e-32
translation_g.2094.peg.2830,0.0,1.1889072070716858e-32
transcription_TU_g.2094.peg.2830,0.0,-33.4135409320933
translation_527012.3.peg.2837,8.548044012557605e-08,-7.860554395620981e-34
transcription_TU_527012.3.peg.2837,1.0229693826920516e-09,-3.121632063232299e-32
translation_527012.3.peg.2838,0.0,-3.312681131075679e-33
transcription_TU_527012.3.peg.2838,0.0,-16.9182190597513
translation_g.2094.peg.2845,4.601957938638481e-06,-1.3843832685812529e-33
transcription_TU_g.2094.peg.2845,5.50729741768754e-08,7.696322448676322e-33
translation_g.2094.peg.2846,0.0,-7.006506360281767e-33
transcription_TU_g.2094.peg.2846,0.0,5.59798915244937e-32
translation_g.2094.peg.2848,1.8246279814211803e-11,8.828543490848961e-33
transcription_TU_g.2094.peg.2848,2.183585574729153e-13,1.2086948162047061e-32
translation_g.2094.peg.2850,0.0,-2.780223353441734e-33
transcription_TU_g.2094.peg.2850,0.0,2.97001979932966e-33
translation_527012.3.peg.2850,-1.7469295104695044e-31,2.125492282004205e-33
transcription_TU_527012.3.peg.2850,0.0,-42.72775920862927
translation_g.2094.peg.2854,0.0,5.273296735308366e-34
transcription_TU_g.2094.peg.2854,0.0,-30.168369312603026
translation_527012.3.peg.2857,6.926740505066216e-09,-2.3477393262519956e-33
transcription_TU_527012.3.peg.2857,8.289432586128564e-11,-1.3199882759699292e-32
translation_g.2094.peg.2860,-1.4094625252320842e-28,-1.5025087526788673e-33
transcription_TU_g.2094.peg.2860,0.0,-25.253568768366165
translation_g.2094.peg.2862,0.0,-1.2258173973696758e-32
transcription_TU_g.2094.peg.2862,0.0,-35.742434778766295
translation_g.2094.peg.2866,1.0866929452885732e-07,-4.6798476044666605e-33
transcription_TU_g.2094.peg.2866,1.3004771732393646e-09,3.61588505667047e-33
translation_g.2094.peg.2870,9.559234790024315e-28,-1.4041075970203884e-33
transcription_TU_g.2094.peg.2870,0.0,-16.23071693702913
translation_g.2094.peg.2872,0.0,2.517121963022116e-33
transcription_TU_g.2094.peg.2872,0.0,-29.71759288790297
translation_g.2094.peg.2873,1.6004320722239245e-07,-2.4231260443209924e-34
transcription_TU_g.2094.peg.2873,1.915283784873278e-09,-2.634042540261643e-33
translation_g.2094.peg.2876,-5.989535067604819e-29,-1.3268732207210205e-32
transcription_TU_g.2094.peg.2876,-7.167851477740396e-31,8.593830197549667e-35
translation_g.2094.peg.2879,0.0,-9.155329278978583e-33
transcription_TU_g.2094.peg.2879,0.0,-4.0583009946118e-32
translation_g.2094.peg.2889,-1.3128167589460364e-28,2.4492939760411845e-33
transcription_TU_g.2094.peg.2889,0.0,-23.05831289535606
translation_g.2094.peg.2899,3.3010854646912583e-09,1.9687489734665188e-33
transcription_TU_g.2094.peg.2899,3.950505349607504e-11,-2.398725139663535e-33
translation_g.2094.peg.2902,2.6405847759250877e-05,1.1787582762338916e-33
transcription_TU_g.2094.peg.2902,3.1600648922792535e-07,-1.0541402030973339e-32
translation_g.2094.peg.2908,0.0,-5.6366927415153534e-33
transcription_TU_g.2094.peg.2908,0.0,-7.466752449823219e-32
translation_g.2094.peg.2911,1.1624803479337745e-07,1.0199574834160954e-33
transcription_TU_g.2094.peg.2911,1.3911741705710371e-09,5.397210987829799e-33
translation_g.2094.peg.2920,1.051372876538465e-09,-6.946415191364629e-33
transcription_TU_g.2094.peg.2920,1.2582086158093144e-11,-9.55606282053954e-33
translation_g.2094.peg.2922,0.0,-2.898241229519519e-33
transcription_TU_g.2094.peg.2922,0.0,-44.57717153997622
translation_527012.3.peg.2922,0.0,-3.8811906869711044e-33
transcription_TU_527012.3.peg.2922,0.0,-21.00206392233915
translation_527012.3.peg.2923,0.0,6.237583331519782e-34
transcription_TU_527012.3.peg.2923,0.0,-23.717253282567352
translation_527012.3.peg.2924,0.0,6.476471988353456e-33
transcription_TU_527012.3.peg.2924,0.0,-34.91439983108681
translation_527012.3.peg.2925,0.0,3.6842947321465427e-34
transcription_TU_527012.3.peg.2925,0.0,-31.337495523845696
translation_527012.3.peg.2926,0.0,6.971872220917546e-33
transcription_TU_527012.3.peg.2926,0.0,-38.16541114712804
translation_527012.3.peg.2927,0.0,-2.049813881174408e-33
transcription_TU_527012.3.peg.2927,0.0,-29.345876359266448
translation_g.2094.peg.2936,2.6405847759250877e-05,-5.083666936268988e-33
transcription_TU_g.2094.peg.2936,3.1600648922792535e-07,1.3583124852350958e-32
translation_g.2094.peg.2942,5.015965972425504e-10,-2.846724304128805e-34
transcription_TU_g.2094.peg.2942,6.002752918537193e-12,4.8851315207655274e-33
translation_527012.3.peg.2942,0.0,1.9527315855157112e-33
transcription_TU_527012.3.peg.2942,0.0,-22.190262228494678
translation_g.2094.peg.2944,5.636987213044224e-07,2.3188363322063366e-33
transcription_TU_g.2094.peg.2944,6.745947167678996e-09,4.517773226731995e-33
translation_527012.3.peg.2946,0.0,7.477634554243217e-34
transcription_TU_527012.3.peg.2946,0.0,-31.49594650848057
translation_g.2094.peg.2947,4.3020026295293896e-39,-7.571937248886919e-33
transcription_TU_g.2094.peg.2947,-5.213409316973443e-41,1.8785049371804364e-32
translation_g.2094.peg.2949,-8.630021434382259e-36,-2.5817763335317316e-33
transcription_TU_g.2094.peg.2949,0.0,-44.51848246902887
translation_g.2094.peg.2952,1.0264072680747411e-07,-1.622960837826031e-33
transcription_TU_g.2094.peg.2952,1.2283315432987509e-09,-4.818052972875343e-33
translation_g.2094.peg.2953,-1.7276131404697217e-29,-5.947842549681052e-33
transcription_TU_g.2094.peg.2953,-2.0674850822489e-31,-1.947800660177364e-32
translation_g.2094.peg.2955,1.978540395746624e-06,-3.907192762185275e-33
transcription_TU_g.2094.peg.2955,2.3677770543703926e-08,-2.841228620167115e-32
translation_g.2094.peg.2956,0.0,-1.4811889352979628e-33
transcription_TU_g.2094.peg.2956,0.0,-23.292051716048633
translation_g.2094.peg.2963,0.0,8.439047692854604e-33
transcription_TU_g.2094.peg.2963,0.0,-38.08695528671414
translation_527012.3.peg.2964,0.0,-9.988560941753318e-33
transcription_TU_527012.3.peg.2964,0.0,-4.828514988417915e-33
translation_527012.3.peg.2969,1.1893977752265196e-29,3.2614279652628825e-33
transcription_TU_527012.3.peg.2969,0.0,-33.994265296134294
translation_g.2094.peg.2970,9.559234790024315e-28,-2.6190660506843824e-33
transcription_TU_g.2094.peg.2970,0.0,-16.401059676986574
translation_527012.3.peg.2970,0.0,1.1294788071585341e-33
transcription_TU_527012.3.peg.2970,0.0,-3.635185383550081e-33
translation_527012.3.peg.2974,5.534297619676702e-09,1.0788988209165708e-32
transcription_TU_527012.3.peg.2974,6.62305553331007e-11,3.3219059999982894e-32
translation_g.2094.peg.2975,1.0792004967180305e-07,6.061474782583496e-34
transcription_TU_g.2094.peg.2975,1.2915107412956357e-09,-7.353228046736692e-33
translation_527012.3.peg.2978,0.0,-6.104177184091123e-33
transcription_TU_527012.3.peg.2978,0.0,-44.68151378402401
translation_g.2094.peg.2980,2.0778698662718817e-06,5.766435196892557e-33
transcription_TU_g.2094.peg.2980,2.4866475316363942e-08,-2.0960692788168995e-33
translation_g.2094.peg.2981,0.0,-8.979774210074026e-33
transcription_TU_g.2094.peg.2981,0.0,-4.818052972875343e-33
translation_g.2094.peg.2985,9.559234790024315e-28,-1.2390855070498085e-32
transcription_TU_g.2094.peg.2985,1.1439815351668626e-29,2.959946038962282e-32
translation_g.2094.peg.2989,0.0,-2.6641149219865353e-33
transcription_TU_g.2094.peg.2989,0.0,-26.926910775210377
translation_g.2094.peg.3001,0.0,-1.3112082809144325e-32
transcription_TU_g.2094.peg.3001,0.0,2.4557744887062204e-33
translation_527012.3.peg.3001,-5.022168114243873e-41,-2.4710849299271957e-33
transcription_TU_527012.3.peg.3001,1.2349000797111097e-42,-9.071333236651423e-33
translation_g.2094.peg.3006,0.0,4.895614181463399e-33
transcription_TU_g.2094.peg.3006,0.0,-16.03820719189083
translation_g.2094.peg.3015,0.0,-5.284023522287833e-33
transcription_TU_g.2094.peg.3015,0.0,-28.709336145416362
translation_g.2094.peg.3021,5.256864382692319e-10,-6.970555611085405e-33
transcription_TU_g.2094.peg.3021,6.291043079046565e-12,-2.3143439949844123e-33
translation_g.2094.peg.3030,0.0,-4.650746671884679e-33
transcription_TU_g.2094.peg.3030,0.0,-2.1953558689625125e-32
translation_g.2094.peg.3032,0.0,1.9440484913484306e-33
transcription_TU_g.2094.peg.3032,0.0,-9.76722221524562e-34
translation_g.2094.peg.3033,0.0,4.25244288757238e-33
transcription_TU_g.2094.peg.3033,0.0,-27.822584979360315
translation_g.2094.peg.3036,0.0,-5.755229129107036e-33
transcription_TU_g.2094.peg.3036,0.0,-29.37826365764702
translation_g.2094.peg.3037,0.0,-1.4030313702864394e-33
transcription_TU_g.2094.peg.3037,0.0,-1.7788929693153894e-32
translation_g.2094.peg.3041,0.0,-2.1915732447112613e-33
transcription_TU_g.2094.peg.3041,0.0,-37.987632637690766
translation_g.2094.peg.3045,2.4694825311726942e-08,-4.877533849243074e-34
transcription_TU_g.2094.peg.3045,2.9553018407151216e-10,2.4582059880084607e-32
translation_g.2094.peg.3050,4.721232012923457e-07,1.190773345151845e-34
transcription_TU_g.2094.peg.3050,5.650036184548382e-09,-5.304019293969758e-34
translation_g.2094.peg.3055,0.0,-3.472097406913167e-33
transcription_TU_g.2094.peg.3055,0.0,-1.936680886431085e-32
translation_g.2094.peg.3056,0.0,-2.0388251787093296e-32
transcription_TU_g.2094.peg.3056,0.0,-5.85214762252455e-32
translation_527012.3.peg.3059,2.8232782606602766e-07,4.3106615647952364e-33
transcription_TU_527012.3.peg.3059,3.378699519132909e-09,4.080743373942467e-33
translation_g.2094.peg.3062,0.0,-7.657839295357265e-33
transcription_TU_g.2094.peg.3062,0.0,1.4865497297642635e-32
translation_g.2094.peg.3064,0.0,7.312885927958709e-33
transcription_TU_g.2094.peg.3064,0.0,-29.15710974531632
translation_g.2094.peg.3068,0.0,9.681766623392429e-34
transcription_TU_g.2094.peg.3068,0.0,2.4205318761040083e-32
translation_g.2094.peg.3073,0.0,-6.847068151729967e-33
transcription_TU_g.2094.peg.3073,0.0,-24.955244702588658
translation_g.2094.peg.3078,0.0,9.255527155703527e-33
transcription_TU_g.2094.peg.3078,0.0,-7.417762257062401e-32
translation_g.2094.peg.3081,3.831977445367019e-06,-4.6753042948933694e-33
transcription_TU_g.2094.peg.3081,4.585839282084005e-08,3.5186505992875695e-32
translation_g.2094.peg.3082,2.215598270331758e-07,-1.9671498946918452e-33
transcription_TU_g.2094.peg.3082,2.6514711337064284e-09,1.4800199065258458e-33
translation_527012.3.peg.3083,0.0,-2.4116210754156384e-33
transcription_TU_527012.3.peg.3083,0.0,-36.733421185813654
translation_g.2094.peg.3091,2.6397436776238568e-05,-1.9691389368811868e-33
transcription_TU_g.2094.peg.3091,3.159058325386606e-07,-2.801904425028354e-33
translation_g.2094.peg.3095,0.0,-1.1978165534180514e-33
transcription_TU_g.2094.peg.3095,-1.3594441174989274e-25,1.2020224985134346e-33
translation_g.2094.peg.3098,5.635032030087147e-28,1.9257774298430376e-33
transcription_TU_g.2094.peg.3098,6.743607343153396e-30,3.7913210191894205e-32
translation_g.2094.peg.3099,2.6397436776238568e-05,-1.0686734319125644e-32
transcription_TU_g.2094.peg.3099,3.159058325386606e-07,-1.7018211860137052e-32
translation_g.2094.peg.3100,6.915801239882566e-29,-6.0859404417969814e-33
transcription_TU_g.2094.peg.3100,8.276341248115474e-31,-1.5252026466794385e-32
translation_g.2094.peg.3114,8.220835071004873e-11,1.2070738463535326e-32
transcription_TU_g.2094.peg.3114,9.838113333816145e-13,2.1312618256809852e-32
translation_g.2094.peg.3116,0.0,-7.226042866464136e-33
transcription_TU_g.2094.peg.3116,0.0,-26.056116801821425
translation_g.2094.peg.3119,0.0,-7.839977223426292e-33
transcription_TU_g.2094.peg.3119,0.0,-3.994282861605326e-32
translation_g.2094.peg.3120,2.751423506905473e-07,-7.582526080231979e-33
transcription_TU_g.2094.peg.3120,3.292708837540656e-09,-1.3465174534301002e-33
translation_g.2094.peg.3124,1.5617041352478457e-06,-8.150998006335783e-33
transcription_TU_g.2094.peg.3124,1.8689369320457123e-08,-1.2482803422571206e-32
translation_g.2094.peg.3125,3.263630872115859e-27,7.779163525296995e-34
transcription_TU_g.2094.peg.3125,3.905682345199067e-29,5.065441623263548e-34
translation_g.2094.peg.3129,2.407278982159054e-09,-4.630826602683956e-33
transcription_TU_g.2094.peg.3129,2.8808610376000945e-11,3.562947799700644e-33
translation_g.2094.peg.3146,0.0,-4.323475093022699e-33
transcription_TU_g.2094.peg.3146,0.0,-1.0902657419824323e-31
translation_g.2094.peg.3148,1.7066546135735975e-05,-2.8703935194361492e-34
transcription_TU_g.2094.peg.3148,2.0424034012355992e-07,-1.8360183613625574e-33
translation_527012.3.peg.3152,0.0,-5.803829302927994e-33
transcription_TU_527012.3.peg.3152,0.0,-5.497289523445612e-32
translation_g.2094.peg.3154,0.0,1.2952528419352963e-32
transcription_TU_g.2094.peg.3154,0.0,8.593614715403965e-33
translation_g.2094.peg.3157,2.6405847759250877e-05,1.5906172990794314e-33
transcription_TU_g.2094.peg.3157,3.1600648922792535e-07,-1.5439536300856194e-32
translation_g.2094.peg.3165,0.0,2.6623079740372135e-33
transcription_TU_g.2094.peg.3165,0.0,-19.465983086430857
translation_g.2094.peg.3168,8.615634919002527e-10,-8.113985458464872e-33
transcription_TU_g.2094.peg.3168,1.0310581837955534e-11,1.1551729845616974e-32
translation_g.2094.peg.3170,6.735704368480688e-07,2.7274737461435997e-32
transcription_TU_g.2094.peg.3170,8.060814064244864e-09,6.703061208226626e-32
translation_g.2094.peg.3176,3.226092636409622e-05,1.6295149889631665e-33
transcription_TU_g.2094.peg.3176,3.8607592426140237e-07,-9.31206116681171e-33
translation_g.2094.peg.3177,0.0,-1.1377454180449348e-32
transcription_TU_g.2094.peg.3177,0.0,-2.812741843134642e-32
translation_g.2094.peg.3186,3.560582327487021e-12,-9.627672603421545e-34
transcription_TU_g.2094.peg.3186,4.261052821233448e-14,-1.755828122168366e-32
translation_527012.3.peg.3192,-1.7254806994953632e-29,-2.383575957937688e-33
transcription_TU_527012.3.peg.3192,-2.064933127878932e-31,8.921879779662016e-33
translation_527012.3.peg.3193,1.5902426408193813e-06,3.249592814325031e-34
transcription_TU_527012.3.peg.3193,1.9030897948346492e-08,-3.487062493790572e-33
translation_g.2094.peg.3195,0.0,4.1344018892856754e-33
transcription_TU_g.2094.peg.3195,0.0,-2.5808172411892003e-32
translation_g.2094.peg.3200,2.8066253847114718e-08,-1.9730813189209046e-33
transcription_TU_g.2094.peg.3200,3.3587705363102073e-10,-6.006710817066085e-33
translation_g.2094.peg.3203,0.0,-2.2328308779019375e-33
transcription_TU_g.2094.peg.3203,0.0,1.2405222784105356e-32
translation_g.2094.peg.3206,9.463500312139738e-11,3.687833465926403e-33
transcription_TU_g.2094.peg.3206,1.1325247107050253e-12,5.759613009442805e-33
translation_g.2094.peg.3211,4.731750156069863e-11,2.1222696453180372e-33
transcription_TU_g.2094.peg.3211,5.66262355352512e-13,5.433195836402443e-33
translation_g.2094.peg.3214,0.0,-2.970083526333976e-32
transcription_TU_g.2094.peg.3214,0.0,-3.888678140209321e-34
translation_527012.3.peg.3214,6.363425815724696e-07,4.021653387497516e-33
transcription_TU_527012.3.peg.3214,7.615297451622345e-09,1.5649977262860427e-32
translation_527012.3.peg.3215,0.0,-1.0283989177167734e-32
transcription_TU_527012.3.peg.3215,0.0,-42.086448946647536
translation_g.2094.peg.3217,0.0,3.7606282086042937e-34
transcription_TU_g.2094.peg.3217,0.0,1.915533835106221e-32
translation_527012.3.peg.3220,0.0,3.9413489914191e-32
transcription_TU_527012.3.peg.3220,0.0,-6.571924260198248e-32
translation_527012.3.peg.3221,0.0,2.3359012873805484e-33
transcription_TU_527012.3.peg.3221,0.0,-21.997761399609942
translation_g.2094.peg.3223,-5.580459573407134e-44,-3.275820836229649e-32
transcription_TU_g.2094.peg.3223,0.0,1.7671408316149626e-32
translation_g.2094.peg.3224,0.0,1.3812578631301066e-33
transcription_TU_g.2094.peg.3224,0.0,1.0143733032332481e-32
translation_g.2094.peg.3225,4.651612440149671e-06,-2.3084677187480934e-32
transcription_TU_g.2094.peg.3225,5.566720409291423e-08,3.322576866421548e-32
translation_g.2094.peg.3228,0.0,5.4672597951019146e-33
transcription_TU_g.2094.peg.3228,0.0,-28.794647829305116
translation_g.2094.peg.3230,-1.2805774379010227e-27,5.216556643797057e-33
transcription_TU_g.2094.peg.3230,-1.5325044059372182e-29,1.0268088614622164e-33
translation_527012.3.peg.3230,0.0,-4.8627854266297884e-33
transcription_TU_527012.3.peg.3230,0.0,4.467789306734904e-33
translation_g.2094.peg.3231,0.0,3.8605694184271306e-33
transcription_TU_g.2094.peg.3231,0.0,-21.361278725801803
translation_527012.3.peg.3231,0.0,-1.1916579001487533e-33
transcription_TU_527012.3.peg.3231,0.0,2.9345610317622085e-33
translation_527012.3.peg.3232,0.0,3.33378983275986e-33
transcription_TU_527012.3.peg.3232,0.0,2.7029939985253184e-33
translation_527012.3.peg.3233,0.0,4.122717371729338e-33
transcription_TU_527012.3.peg.3233,0.0,2.6704649917067834e-33
translation_g.2094.peg.3234,0.0,-1.5983204259449954e-34
transcription_TU_g.2094.peg.3234,0.0,-28.140804248873337
translation_g.2094.peg.3235,-1.0971204235594259e-28,-7.537424657767615e-33
transcription_TU_g.2094.peg.3235,-1.3129560409125991e-30,2.512347565779969e-32
translation_g.2094.peg.3236,2.6405847759250877e-05,8.770773936913837e-35
transcription_TU_g.2094.peg.3236,3.1600648922792535e-07,8.358453086329185e-34
translation_g.2094.peg.3240,0.0,-4.25000187157149e-33
transcription_TU_g.2094.peg.3240,0.0,-4.776797193478714e-33
translation_527012.3.peg.3241,0.0,2.1227583995219138e-33
transcription_TU_527012.3.peg.3241,0.0,-28.93497049001385
translation_g.2094.peg.3242,0.0,1.647769002847005e-33
transcription_TU_g.2094.peg.3242,0.0,-5.7333311536458094e-33
translation_g.2094.peg.3243,0.0,4.1412364685866224e-33
transcription_TU_g.2094.peg.3243,0.0,-26.200103886279393
translation_g.2094.peg.3252,0.0,1.7765042292710953e-33
transcription_TU_g.2094.peg.3252,0.0,-18.454922132582766
translation_g.2094.peg.3256,3.7939448139583536e-08,-2.3753020123452784e-33
transcription_TU_g.2094.peg.3256,4.540324521728161e-10,2.436818021706229e-32
translation_g.2094.peg.3258,8.615634919002527e-10,2.862328674293578e-33
transcription_TU_g.2094.peg.3258,1.0310581837955534e-11,3.787069850419982e-33
translation_g.2094.peg.3263,0.0,4.919672402217014e-33
transcription_TU_g.2094.peg.3263,0.0,1.6829822308186907e-32
translation_g.2094.peg.3280,-8.990297179672575e-29,1.7424062623079325e-33
transcription_TU_g.2094.peg.3280,0.0,-36.29509154555734
translation_g.2094.peg.3281,9.666485991047861e-42,7.481470584918477e-34
transcription_TU_g.2094.peg.3281,-1.639578553434981e-43,2.7534863167839373e-32
translation_g.2094.peg.3289,2.6397436776238568e-05,2.144786174954394e-33
transcription_TU_g.2094.peg.3289,3.159058325386606e-07,-8.384803370304746e-33
translation_g.2094.peg.3298,0.0,2.6259663486370553e-33
transcription_TU_g.2094.peg.3298,0.0,-25.38950560784182
translation_g.2094.peg.3309,2.8390500936419166e-10,2.809147670520347e-33
transcription_TU_g.2094.peg.3309,3.3975741321150704e-12,-5.420424905660257e-33
translation_g.2094.peg.3310,3.781648228696764e-07,2.646450231456847e-33
transcription_TU_g.2094.peg.3310,4.5256088391512e-09,2.1757913570708278e-33
translation_g.2094.peg.3312,0.0,2.5593799286912815e-33
transcription_TU_g.2094.peg.3312,0.0,-18.921323439840453
translation_g.2094.peg.3315,3.560582327487021e-12,5.236665074800665e-33
transcription_TU_g.2094.peg.3315,4.261052821233448e-14,-2.6508844736031295e-33
translation_g.2094.peg.3318,0.0,-5.5583928128616255e-34
transcription_TU_g.2094.peg.3318,0.0,-21.841847664236724
translation_g.2094.peg.3321,0.0,-1.0615957608085422e-33
transcription_TU_g.2094.peg.3321,0.0,-3.0421705498142355e-32
translation_g.2094.peg.3325,0.0,6.92874948270864e-33
transcription_TU_g.2094.peg.3325,0.0,-44.31836095284804
translation_g.2094.peg.3328,-3.755858214481634e-29,-4.87988126830587e-33
transcription_TU_g.2094.peg.3328,-4.494745176209698e-31,4.3466919985014905e-33
translation_g.2094.peg.3336,4.98317204988872e-09,-8.211397621060959e-33
transcription_TU_g.2094.peg.3336,5.963507474030566e-11,1.232155231241559e-32
translation_527012.3.peg.3345,0.0,-2.1852598549808266e-32
transcription_TU_527012.3.peg.3345,0.0,-3.487363007869412e-32
translation_527012.3.peg.3346,7.816790463008682e-08,-2.0004749811703013e-33
transcription_TU_527012.3.peg.3346,9.354581355489039e-10,-1.7238343549708934e-32
translation_g.2094.peg.3349,0.0,1.584880216397633e-33
transcription_TU_g.2094.peg.3349,0.0,-28.229095384864017
translation_g.2094.peg.3350,0.0,4.786099175727106e-33
transcription_TU_g.2094.peg.3350,0.0,1.2489033861496216e-32
translation_g.2094.peg.3359,0.0,-1.601584179334059e-34
transcription_TU_g.2094.peg.3359,0.0,-18.577900587599668
translation_g.2094.peg.3363,0.0,-4.23590238863045e-33
transcription_TU_g.2094.peg.3363,0.0,-25.861716567217808
translation_g.2094.peg.3368,1.7675046140494493e-07,-1.4442507452637605e-33
transcription_TU_g.2094.peg.3368,2.115224373299088e-09,-2.1767763240571552e-32
translation_g.2094.peg.3376,8.410983012307711e-09,-1.3727548511504074e-32
transcription_TU_g.2094.peg.3376,1.0065668926474504e-10,1.1780369444787477e-32
translation_g.2094.peg.3377,0.0,1.0487854757089277e-33
transcription_TU_g.2094.peg.3377,0.0,-9.52372478935962
translation_g.2094.peg.3385,1.5511379369164604e-07,3.352437246261957e-33
transcription_TU_g.2094.peg.3385,1.8562920540261559e-09,3.2807777539570623e-34
translation_527012.3.peg.3386,0.0,-7.233388185487189e-33
transcription_TU_527012.3.peg.3386,0.0,-2.2762274770006704e-32
translation_g.2094.peg.3387,2.751812497524258e-09,-1.5370080992862887e-32
transcription_TU_g.2094.peg.3387,3.2931743539705986e-11,-2.761914713663494e-32
translation_g.2094.peg.3393,0.0,5.285053362212269e-33
transcription_TU_g.2094.peg.3393,0.0,-31.343925543779033
translation_g.2094.peg.3403,0.0,3.6167415360244456e-33
transcription_TU_g.2094.peg.3403,0.0,-25.73944573295537
translation_g.2094.peg.3405,0.0,-2.3025905013081173e-33
transcription_TU_g.2094.peg.3405,0.0,-18.424127593544
translation_g.2094.peg.3409,0.0,-1.0607449929482921e-33
transcription_TU_g.2094.peg.3409,0.0,-22.74642082810646
translation_527012.3.peg.3415,0.0,-8.209103594024233e-33
transcription_TU_527012.3.peg.3415,0.0,-2.0962729504308548e-33
translation_527012.3.peg.3418,3.5537509909994514e-09,-8.052451181747161e-33
transcription_TU_527012.3.peg.3418,4.252877561420343e-11,2.585146815406671e-32
translation_527012.3.peg.3425,5.8052053159509405e-09,-3.275794978987187e-33
transcription_TU_527012.3.peg.3425,6.947258682494916e-11,-1.0826266633513816e-32
translation_527012.3.peg.3431,0.0,7.263371578534194e-33
transcription_TU_527012.3.peg.3431,0.0,4.4610274042605496e-33
translation_527012.3.peg.3432,0.0,1.0873502225895391e-32
transcription_TU_527012.3.peg.3432,0.0,1.4388589206477864e-32
translation_527012.3.peg.3435,2.3359559492429947e-39,-9.761705173368145e-33
transcription_TU_527012.3.peg.3435,7.666403921261745e-41,2.6437494641221975e-32
translation_527012.3.peg.3436,3.715785429535746e-05,-1.7599705199902832e-33
transcription_TU_527012.3.peg.3436,4.446788904554306e-07,-3.6174240936300626e-33
translation_g.2094.peg.3442,0.0,7.182206351932388e-34
transcription_TU_g.2094.peg.3442,0.0,-19.81040355337316
translation_g.2094.peg.3449,1.7162245407329817e-08,-3.1655242214262534e-33
transcription_TU_g.2094.peg.3449,2.0538560124578407e-10,1.6393917324489933e-32
translation_g.2094.peg.3452,0.0,2.0331247626701426e-32
transcription_TU_g.2094.peg.3452,0.0,2.2317867662627996e-32
translation_g.2094.peg.3453,0.0,-6.35247725695054e-34
transcription_TU_g.2094.peg.3453,0.0,-17.788891636114617
translation_g.2094.peg.3454,6.049623447309478e-10,-3.700477931489532e-33
transcription_TU_g.2094.peg.3454,7.239760995991752e-12,-1.2714260697645622e-32
translation_g.2094.peg.3468,2.329238398747791e-31,1.2711175231282794e-33
transcription_TU_g.2094.peg.3468,0.0,-27.346883030342855
translation_g.2094.peg.3471,0.0,-3.5464198225545673e-35
transcription_TU_g.2094.peg.3471,0.0,-1.928281779351068e-33
translation_527012.3.peg.3471,0.0,-2.373195449505999e-35
transcription_TU_527012.3.peg.3471,0.0,-1.2575520682305352e-33
translation_527012.3.peg.3473,0.0,2.7302280728079767e-33
transcription_TU_527012.3.peg.3473,0.0,-9.604587430729159e-33
translation_g.2094.peg.3481,0.0,-3.486636088294557e-33
transcription_TU_g.2094.peg.3481,0.0,-4.262340056957661e-32
translation_g.2094.peg.3483,2.4540201061469166e-06,5.8041037600143866e-33
transcription_TU_g.2094.peg.3483,2.9367975052667957e-08,-2.2482246445105626e-32
translation_g.2094.peg.3484,0.0,-3.247572062312274e-33
transcription_TU_g.2094.peg.3484,0.0,3.462395364601654e-32
translation_g.2094.peg.3489,0.0,-1.0570619850850845e-33
transcription_TU_g.2094.peg.3489,0.0,-24.33859373302819
translation_g.2094.peg.3490,0.0,1.7057894589174667e-33
transcription_TU_g.2094.peg.3490,0.0,1.8101476455663383e-32
translation_g.2094.peg.3495,-2.114506305272822e-36,-1.572308648307888e-33
transcription_TU_g.2094.peg.3495,-1.8339421952188558e-38,-3.46611918573636e-33
translation_g.2094.peg.3498,0.0,-4.335772678640789e-33
transcription_TU_g.2094.peg.3498,0.0,7.101482949631617e-33
translation_g.2094.peg.3508,2.373563795740741e-09,4.256119948392013e-33
transcription_TU_g.2094.peg.3508,2.8405130897104702e-11,-1.9983427340374638e-32
translation_g.2094.peg.3517,0.0,-2.854545748694056e-33
transcription_TU_g.2094.peg.3517,0.0,4.934052279407674e-33
translation_g.2094.peg.3521,0.0,6.985703187143915e-34
transcription_TU_g.2094.peg.3521,0.0,-16.991371710610938
translation_g.2094.peg.3524,4.731750156069863e-11,-2.041339166517887e-33
transcription_TU_g.2094.peg.3524,5.66262355352512e-13,1.0106277647322804e-32
translation_g.2094.peg.3529,4.701429036637061e-12,-1.394556602925241e-32
transcription_TU_g.2094.peg.3529,5.626337384685631e-14,4.0407739892483123e-32
translation_527012.3.peg.3530,1.3277793815367805e-07,-2.1250179628192106e-33
transcription_TU_527012.3.peg.3530,1.5889923499300197e-09,-2.817873950065688e-32
translation_g.2094.peg.3533,-4.6049855871683225e-63,1.4699313827973037e-32
transcription_TU_g.2094.peg.3533,4.433810278188747e-65,-1.431244369569989e-32
translation_g.2094.peg.3535,2.6405847759250877e-05,5.917113585594441e-34
transcription_TU_g.2094.peg.3535,3.1600648922792535e-07,3.679729077710837e-33
translation_g.2094.peg.3536,-6.450691464504026e-64,9.758789435992796e-33
transcription_TU_g.2094.peg.3536,0.0,-9.272015178350681e-32
translation_g.2094.peg.3538,2.449496680871553e-07,-1.1005407916477423e-32
transcription_TU_g.2094.peg.3538,2.931384190179982e-09,-2.2768052911331238e-32
translation_g.2094.peg.3540,-3.8350472985065967e-41,-5.185549254047898e-33
transcription_TU_g.2094.peg.3540,0.0,-1.4368839592393752e-32
translation_g.2094.peg.3544,8.615634919002527e-10,-4.043241279067596e-33
transcription_TU_g.2094.peg.3544,1.0310581837955534e-11,-6.22354533383649e-33
translation_g.2094.peg.3545,0.0,-2.6326076050644714e-33
transcription_TU_g.2094.peg.3545,0.0,2.49211671940448e-32
translation_g.2094.peg.3546,0.0,3.556229760687963e-33
transcription_TU_g.2094.peg.3546,0.0,4.4705337219678826e-32
translation_g.2094.peg.3549,2.6405847759250877e-05,-8.322471868001712e-34
transcription_TU_g.2094.peg.3549,3.1600648922792535e-07,-2.307088141413955e-33
translation_g.2094.peg.3550,1.4331721714922126e-09,-1.3759498476391004e-32
transcription_TU_g.2094.peg.3550,1.7151189785745573e-11,-3.318125081774127e-32
translation_527012.3.peg.3553,0.0,-2.4302326846399697e-33
transcription_TU_527012.3.peg.3553,0.0,-24.42056811592408
translation_g.2094.peg.3556,0.0,-5.60793482746095e-33
transcription_TU_g.2094.peg.3556,0.0,6.063190063713271e-33
translation_g.2094.peg.3559,2.6401642267744722e-05,1.143920297713454e-33
transcription_TU_g.2094.peg.3559,3.1595616088329297e-07,3.8932148498904294e-33
translation_527012.3.peg.3560,9.464541691465454e-06,-1.4393927068463612e-32
transcription_TU_527012.3.peg.3560,1.1326493356092036e-07,1.3748459290600746e-33
translation_527012.3.peg.3563,2.0462526690138692e-05,-1.4544158180077104e-32
transcription_TU_527012.3.peg.3563,2.4488103086249456e-07,-1.2926684030326172e-32
translation_g.2094.peg.3566,0.0,7.124835903904404e-33
transcription_TU_g.2094.peg.3566,0.0,-2.2012447042841305e-32
translation_g.2094.peg.3567,0.0,7.550064570488083e-34
transcription_TU_g.2094.peg.3567,0.0,-11.054233987832102
translation_g.2094.peg.3568,0.0,-9.449812646036914e-34
transcription_TU_g.2094.peg.3568,0.0,3.6478652233538256e-33
translation_527012.3.peg.3568,0.0,-9.227486291237863e-33
transcription_TU_527012.3.peg.3568,0.0,-1.601485669280403e-33
translation_g.2094.peg.3570,0.0,5.005218494723279e-34
transcription_TU_g.2094.peg.3570,0.0,-24.93114637814813
translation_g.2094.peg.3571,0.0,2.4397379667448338e-33
transcription_TU_g.2094.peg.3571,0.0,-14.300667552238556
translation_g.2094.peg.3572,0.0,-2.3468700038842234e-33
transcription_TU_g.2094.peg.3572,0.0,-42.088520636299194
translation_g.2094.peg.3576,-9.187989931956726e-30,-1.7452096873775575e-33
transcription_TU_g.2094.peg.3576,-1.0995535791658064e-31,8.086824315361197e-33
translation_g.2094.peg.3578,6.423891492528151e-08,-2.557678282180154e-33
transcription_TU_g.2094.peg.3578,7.687658492326885e-10,-4.597886162633511e-33
translation_527012.3.peg.3582,3.9224168124646515e-09,1.0013870628957561e-32
transcription_TU_527012.3.peg.3582,4.694070713034773e-11,2.8470976649873127e-33
translation_527012.3.peg.3583,0.0,-2.1825880369150799e-32
transcription_TU_527012.3.peg.3583,0.0,-3.942629026418214e-32
translation_g.2094.peg.3584,9.463500312139726e-11,-2.407217899864802e-33
transcription_TU_g.2094.peg.3584,1.132524710705024e-12,-9.741743420867278e-33
translation_g.2094.peg.3586,6.735704368480688e-07,-9.843867142022535e-32
transcription_TU_g.2094.peg.3586,8.060814064244864e-09,-1.2939159028752644e-31
translation_527012.3.peg.3586,8.606314101548171e-08,-2.089723363204644e-32
transcription_TU_527012.3.peg.3586,1.029942734358997e-09,2.9562907195072354e-32
translation_527012.3.peg.3587,8.29236383133257e-08,8.160436203626841e-33
transcription_TU_527012.3.peg.3587,9.923713889556919e-10,3.0742805258507737e-34
translation_527012.3.peg.3588,1.2160525945288705e-07,-7.085518042910376e-33
transcription_TU_527012.3.peg.3588,1.4552856420939997e-09,2.546992532367793e-32
translation_527012.3.peg.3589,9.31587811981794e-08,7.841436035591066e-33
transcription_TU_527012.3.peg.3589,1.1148583319721564e-09,-1.9228513225486674e-32
translation_g.2094.peg.3593,1.4331721714922126e-09,-6.1366314670380905e-33
transcription_TU_g.2094.peg.3593,1.7151189785745573e-11,-8.331502023804686e-33
translation_g.2094.peg.3602,0.0,-2.766149845896186e-33
transcription_TU_g.2094.peg.3602,0.0,-34.3339495181802
translation_g.2094.peg.3603,0.0,-1.1994369304072016e-32
transcription_TU_g.2094.peg.3603,0.0,-2.0531424114211293e-32
translation_527012.3.peg.3607,0.0,-4.764961194402848e-33
transcription_TU_527012.3.peg.3607,0.0,-16.439087311630896
translation_g.2094.peg.3608,0.0,-1.1721331363305114e-32
transcription_TU_g.2094.peg.3608,3.9732287943594075e-51,1.2218753318356939e-32
translation_527012.3.peg.3613,0.0,2.4444406958018805e-33
transcription_TU_527012.3.peg.3613,0.0,-5.03637137375237e-33
translation_g.2094.peg.3614,0.0,-7.851112331896277e-33
transcription_TU_g.2094.peg.3614,0.0,-37.527946834004396
translation_g.2094.peg.3616,0.0,-3.3188907929092106e-33
transcription_TU_g.2094.peg.3616,0.0,1.632675896018552e-32
translation_g.2094.peg.3624,2.6405847759250877e-05,5.671596465993072e-34
transcription_TU_g.2094.peg.3624,3.1600648922792535e-07,-6.067945877978898e-34
translation_g.2094.peg.3628,0.0,-1.1756474062026917e-33
transcription_TU_g.2094.peg.3628,0.0,-3.1375019039809474e-33
translation_527012.3.peg.3632,-3.924765096025944e-30,-9.093780724064193e-34
transcription_TU_527012.3.peg.3632,-4.696880972530412e-32,4.9667774892460834e-33
translation_527012.3.peg.3633,-4.361228436261867e-30,6.233968380294434e-33
transcription_TU_527012.3.peg.3633,-5.219209394140129e-32,1.0503865566024758e-34
translation_g.2094.peg.3634,0.0,3.485544571533813e-33
transcription_TU_g.2094.peg.3634,0.0,-14.603431997239195
translation_g.2094.peg.3637,0.0,-2.8026864159168793e-33
transcription_TU_g.2094.peg.3637,0.0,-32.435186563499016
translation_g.2094.peg.3642,2.6401642267744722e-05,1.3925142689124323e-33
transcription_TU_g.2094.peg.3642,3.1595616088329297e-07,2.9810965780177692e-33
translation_g.2094.peg.3644,7.806709375180239e-09,-1.6657963922811415e-34
transcription_TU_g.2094.peg.3644,9.342517023370981e-11,3.82259739990034e-33
translation_g.2094.peg.3653,0.0,4.9057917861825154e-33
transcription_TU_g.2094.peg.3653,0.0,-22.327634792503122
translation_g.2094.peg.3654,0.0,3.2340651385894516e-33
transcription_TU_g.2094.peg.3654,0.0,-21.075087377521236
translation_g.2094.peg.3662,0.0,-4.480674065657728e-34
transcription_TU_g.2094.peg.3662,0.0,-14.677753380629683
translation_527012.3.peg.3663,0.0,-1.0096634634508892e-33
transcription_TU_527012.3.peg.3663,0.0,-5.792311207349441e-33
translation_g.2094.peg.3669,9.626952384351287e-30,-8.61671990483307e-33
transcription_TU_g.2094.peg.3669,0.0,-30.32976709162168
translation_g.2094.peg.3670,1.9154379577623364e-08,3.841645367309308e-33
transcription_TU_g.2094.peg.3670,2.2922605245814493e-10,-1.9838006390411293e-32
translation_g.2094.peg.3672,2.215598270331758e-07,-1.501169165780468e-32
transcription_TU_g.2094.peg.3672,2.6514711337064284e-09,7.490491056221242e-33
translation_g.2094.peg.3674,0.0,1.6480325241201274e-33
transcription_TU_g.2094.peg.3674,0.0,-13.705821606741116
translation_g.2094.peg.3678,0.0,-5.687489724193245e-34
transcription_TU_g.2094.peg.3678,0.0,6.813079209903076e-33
translation_g.2094.peg.3679,2.6405847759250877e-05,9.483392513804078e-33
transcription_TU_g.2094.peg.3679,3.1600648922792535e-07,3.82259739990034e-33
translation_g.2094.peg.3682,0.0,-2.659861656235636e-33
transcription_TU_g.2094.peg.3682,0.0,-29.561681731255234
translation_g.2094.peg.3684,2.6397436776238568e-05,-1.602017595165273e-32
transcription_TU_g.2094.peg.3684,3.159058325386606e-07,9.224809213634148e-35
translation_g.2094.peg.3691,0.0,5.305376513386571e-33
transcription_TU_g.2094.peg.3691,0.0,-49.73766245873104
translation_g.2094.peg.3693,1.0206407964713041e-07,6.629116843220851e-33
transcription_TU_g.2094.peg.3693,1.2214306383808384e-09,-1.1835958820860207e-32
translation_g.2094.peg.3700,1.2406329819623023e-05,9.425598696127055e-34
transcription_TU_g.2094.peg.3700,1.4847017093512222e-07,-1.7660426969728495e-32
translation_g.2094.peg.3702,0.0,-6.541070162373249e-33
transcription_TU_g.2094.peg.3702,0.0,-21.028668334007023
translation_g.2094.peg.3703,0.0,-7.145561614780503e-33
transcription_TU_g.2094.peg.3703,0.0,2.6688956651137465e-32
translation_g.2094.peg.3704,7.556433268249956e-15,-1.4257998613549247e-34
transcription_TU_g.2094.peg.3704,9.043004299485933e-17,-9.616139381004613e-34
translation_g.2094.peg.3716,0.0,3.030643414177506e-33
transcription_TU_g.2094.peg.3716,0.0,-3.0025758927224427e-33
translation_g.2094.peg.3720,0.0,2.0900176591733147e-33
transcription_TU_g.2094.peg.3720,0.0,-3.123019861500658e-32
translation_527012.3.peg.3720,0.0,-6.72398926359714e-33
transcription_TU_527012.3.peg.3720,0.0,6.002211507901319e-32
translation_527012.3.peg.3721,0.0,3.873283934708002e-33
transcription_TU_527012.3.peg.3721,0.0,-1.494761625061976e-33
translation_g.2094.peg.3722,0.0,4.39609305033246e-33
transcription_TU_g.2094.peg.3722,0.0,-41.34687969865516
translation_527012.3.peg.3722,0.0,-2.5998556462805906e-33
transcription_TU_527012.3.peg.3722,0.0,-1.1261325937586232e-32
translation_527012.3.peg.3724,0.0,-1.429049125098588e-32
transcription_TU_527012.3.peg.3724,0.0,-2.59116039083463e-32
translation_g.2094.peg.3733,4.041828017476017e-06,-1.2961704085094365e-32
transcription_TU_g.2094.peg.3733,4.8369735882393675e-08,7.922916612327363e-33
translation_g.2094.peg.3735,0.0,2.319218738252167e-33
transcription_TU_g.2094.peg.3735,0.0,-20.26745221902018
translation_527012.3.peg.3735,4.751930785193019e-09,-3.389636215658652e-33
transcription_TU_527012.3.peg.3735,5.686774301563063e-11,6.813079209903076e-33
translation_g.2094.peg.3740,1.072407367064511e-07,2.020423449991919e-33
transcription_TU_g.2094.peg.3740,1.283381204716274e-09,-1.3981292011622305e-32
translation_527012.3.peg.3741,0.0,-6.283671501722662e-33
transcription_TU_527012.3.peg.3741,0.0,-32.145003355777334
translation_527012.3.peg.3742,0.0,-1.5872200906705696e-32
transcription_TU_527012.3.peg.3742,0.0,1.6571236533216687e-32
translation_527012.3.peg.3746,0.0,2.1905595666272928e-33
transcription_TU_527012.3.peg.3746,0.0,5.679717173669697e-33
translation_g.2094.peg.3750,-1.6210564526203141e-28,-3.134387467718663e-32
transcription_TU_g.2094.peg.3750,-1.9399655832301203e-30,-9.02596034955841e-33
translation_527012.3.peg.3750,0.0,2.212470772359124e-34
transcription_TU_527012.3.peg.3750,0.0,-29.37826365764702
translation_g.2094.peg.3754,0.0,5.037628520145942e-33
transcription_TU_g.2094.peg.3754,0.0,-59.173930311641556
translation_g.2094.peg.3765,1.5617041352478457e-06,-5.723368022932175e-33
transcription_TU_g.2094.peg.3765,1.8689369320457123e-08,-6.299774923187143e-33
translation_527012.3.peg.3767,-1.2202645163700816e-29,-1.1287318623588355e-33
transcription_TU_527012.3.peg.3767,-1.4603261719269314e-31,-2.513726448626213e-33
translation_527012.3.peg.3768,-1.2202645163700816e-29,1.4515745496677471e-33
transcription_TU_527012.3.peg.3768,-1.4603261719269314e-31,5.065441623263548e-34
translation_527012.3.peg.3769,-1.2202645163700816e-29,1.6348175316624237e-33
transcription_TU_527012.3.peg.3769,-1.4603261719269314e-31,-5.142673576114179e-33
translation_527012.3.peg.3770,-1.2202645163700816e-29,1.0138918621673439e-32
transcription_TU_527012.3.peg.3770,-1.4603261719269314e-31,-3.7941222723103735e-32
translation_g.2094.peg.3772,0.0,4.009006590741525e-33
transcription_TU_g.2094.peg.3772,0.0,-21.798866932752613
translation_g.2094.peg.3776,0.0,1.0146649032830346e-33
transcription_TU_g.2094.peg.3776,0.0,-9.254044269273464e-33
translation_g.2094.peg.3777,0.0,-4.274446627851449e-33
transcription_TU_g.2094.peg.3777,0.0,-33.569818554923714
translation_g.2094.peg.3784,2.891436100327343e-07,-7.151629697873134e-33
transcription_TU_g.2094.peg.3784,3.460265995706281e-09,-3.5546091840363135e-33
translation_g.2094.peg.3789,0.0,-2.043737340870507e-33
transcription_TU_g.2094.peg.3789,0.0,-45.832313412726535
translation_g.2094.peg.3790,0.0,3.501660498317473e-33
transcription_TU_g.2094.peg.3790,0.0,3.6490866660875576e-34
translation_g.2094.peg.3791,2.6405847759250877e-05,-5.138082258153253e-33
transcription_TU_g.2094.peg.3791,3.1600648922792535e-07,1.270850319986536e-32
translation_g.2094.peg.3792,0.0,4.518554330485414e-33
transcription_TU_g.2094.peg.3792,0.0,-30.620212797681127
translation_g.2094.peg.3793,2.4486768017529424e-06,-8.751004285252457e-33
transcription_TU_g.2094.peg.3793,2.9304030169026628e-08,1.4396242132537455e-32
translation_g.2094.peg.3795,0.0,3.399032937726894e-33
transcription_TU_g.2094.peg.3795,0.0,-2.513726448626213e-33
translation_527012.3.peg.3795,0.0,-1.638412160139575e-32
transcription_TU_527012.3.peg.3795,0.0,3.400138158685964e-33
translation_g.2094.peg.3802,2.6405847759250877e-05,-1.1377097496264067e-33
transcription_TU_g.2094.peg.3802,3.1600648922792535e-07,-4.883490187249711e-33
translation_g.2094.peg.3804,5.92272563124795e-08,3.909895471583428e-34
transcription_TU_g.2094.peg.3804,7.087898674774492e-10,-1.0586901368592843e-33
translation_g.2094.peg.3806,0.0,5.96683389478734e-33
transcription_TU_g.2094.peg.3806,0.0,-39.93447861496383
translation_g.2094.peg.3807,1.4019053853010933e-07,-7.342795196052045e-33
transcription_TU_g.2094.peg.3807,1.6777011027169858e-09,4.2138154695614386e-33
translation_g.2094.peg.3809,0.0,-2.886322687885544e-32
transcription_TU_g.2094.peg.3809,0.0,-1.1235770617960829e-32
translation_g.2094.peg.3810,0.0,6.0494335978383135e-33
transcription_TU_g.2094.peg.3810,0.0,-6.617653474357137e-33
translation_g.2094.peg.3816,1.6118149068581658e-10,-9.91539628083651e-33
transcription_TU_g.2094.peg.3816,1.9289059553978674e-12,9.330296194998851e-33
translation_g.2094.peg.3821,2.6405847759250877e-05,-9.43654595711978e-34
transcription_TU_g.2094.peg.3821,3.1600648922792535e-07,-2.6819634441177294e-33
translation_g.2094.peg.3826,0.0,-3.07113240717629e-35
transcription_TU_g.2094.peg.3826,0.0,-5.1513662906087876e-31
translation_g.2094.peg.3827,9.440282758935972e-29,1.8319704302427537e-32
transcription_TU_g.2094.peg.3827,1.1297461983303132e-30,1.8919848353691777e-33
translation_g.2094.peg.3836,1.9960216448123666e-06,-1.1890849152425399e-32
transcription_TU_g.2094.peg.3836,2.3886973754861914e-08,9.704691195233478e-34
translation_g.2094.peg.3844,0.0,-1.8273566500415274e-33
transcription_TU_g.2094.peg.3844,0.0,-31.463658739427075
translation_g.2094.peg.3848,0.0,1.2878547223231425e-34
transcription_TU_g.2094.peg.3848,0.0,-26.710999172257917
translation_g.2094.peg.3849,0.0,8.052010012813298e-33
transcription_TU_g.2094.peg.3849,0.0,-35.231066426875024
translation_g.2094.peg.3851,0.0,-2.8114982363550907e-33
transcription_TU_g.2094.peg.3851,0.0,-1.2929061685930195e-32
translation_g.2094.peg.3853,0.0,-2.248853566197357e-33
transcription_TU_g.2094.peg.3853,0.0,-30.368533523028454
translation_g.2094.peg.3854,3.2236298137163317e-10,-2.0520725399597406e-32
transcription_TU_g.2094.peg.3854,3.857811910795735e-12,-3.617384844041157e-32
translation_527012.3.peg.3864,0.0,-1.5560465835274074e-33
transcription_TU_527012.3.peg.3864,0.0,1.2571945375204e-32
translation_g.2094.peg.3868,0.0,9.5706281573444e-34
transcription_TU_g.2094.peg.3868,0.0,-1.5905724446836432e-32
translation_g.2094.peg.3873,4.221979006429704e-07,-1.779958212335304e-32
transcription_TU_g.2094.peg.3873,5.052565536164043e-09,-2.177238911697838e-32
translation_g.2094.peg.3884,2.751812497524258e-09,-7.749761404502595e-33
transcription_TU_g.2094.peg.3884,3.2931743539705986e-11,2.043400719327794e-34
translation_g.2094.peg.3888,1.672460118874536e-09,4.0112406402515516e-33
transcription_TU_g.2094.peg.3888,2.0014818511331686e-11,-2.5104094730776355e-32
translation_g.2094.peg.3893,1.6596525103978963e-28,8.26930232006295e-33
transcription_TU_g.2094.peg.3893,1.9861546121556174e-30,5.4249496488350826e-33
translation_g.2094.peg.3898,0.0,-9.061018314384393e-33
transcription_TU_g.2094.peg.3898,0.0,-1.494761625061976e-33
translation_527012.3.peg.3898,0.0,-2.4536985787585283e-33
transcription_TU_527012.3.peg.3898,0.0,-22.243264607166545
translation_g.2094.peg.3902,0.0,6.0529280605094214e-33
transcription_TU_g.2094.peg.3902,0.0,1.6961227402788802e-32
translation_g.2094.peg.3903,0.0,-6.1551812739601e-33
transcription_TU_g.2094.peg.3903,0.0,-38.49611807276829
translation_g.2094.peg.3905,2.215598270331758e-07,-2.1806025543622523e-33
transcription_TU_g.2094.peg.3905,2.6514711337064284e-09,3.358798274000544e-32
translation_g.2094.peg.3907,0.0,-1.8525322799502746e-33
transcription_TU_g.2094.peg.3907,0.0,-15.650315588761849
translation_g.2094.peg.3910,-2.897781189147859e-29,3.811042292565214e-33
transcription_TU_g.2094.peg.3910,0.0,-16.108428304819565
translation_g.2094.peg.3917,8.410983012307711e-09,-3.9478346019801215e-33
transcription_TU_g.2094.peg.3917,1.0065668926474504e-10,-1.2002930081127961e-33
translation_g.2094.peg.3926,4.2539314788920626e-08,-1.950882140240982e-33
transcription_TU_g.2094.peg.3926,5.090803992800773e-10,8.985329394280449e-33
translation_g.2094.peg.3931,0.0,-4.989044634618948e-33
transcription_TU_g.2094.peg.3931,0.0,1.577289990789377e-34
translation_g.2094.peg.3934,0.0,-7.845273021164462e-34
transcription_TU_g.2094.peg.3934,0.0,-16.94376721966039
translation_g.2094.peg.3935,0.0,-1.5490731709920594e-33
transcription_TU_g.2094.peg.3935,0.0,-1.171042537211542e-32
translation_g.2094.peg.3938,0.0,-3.409660344179285e-33
transcription_TU_g.2094.peg.3938,0.0,1.068957494576332e-32
translation_g.2094.peg.3939,0.0,4.406138882481348e-33
transcription_TU_g.2094.peg.3939,0.0,-4.786777723951804e-33
translation_g.2094.peg.3940,0.0,-6.240295531700921e-33
transcription_TU_g.2094.peg.3940,0.0,-6.134813274217589e-32
translation_g.2094.peg.3941,2.223857956906521e-31,-8.17168223683816e-34
transcription_TU_g.2094.peg.3941,0.0,-23.62130248927857
translation_g.2094.peg.3949,4.731750156069863e-11,7.681603243583305e-34
transcription_TU_g.2094.peg.3949,5.66262355352512e-13,1.5299966762504382e-32
translation_g.2094.peg.3950,0.0,-9.519507406483107e-33
transcription_TU_g.2094.peg.3950,0.0,-25.81928272535201
translation_g.2094.peg.3952,0.0,-1.9245076597510439e-32
transcription_TU_g.2094.peg.3952,0.0,3.3241096410094725e-32
translation_g.2094.peg.3954,0.0,-6.8188263617837265e-34
transcription_TU_g.2094.peg.3954,0.0,-18.016170728634258
translation_527012.3.peg.3954,0.0,3.540870038883879e-33
transcription_TU_527012.3.peg.3954,0.0,-30.51090895318217
translation_g.2094.peg.3962,5.2803284535489445e-05,3.6141956884360466e-33
transcription_TU_g.2094.peg.3962,6.319123217665859e-07,-5.447181768223978e-33
translation_g.2094.peg.3966,2.6405847759250877e-05,3.662083976741106e-33
transcription_TU_g.2094.peg.3966,3.1600648922792535e-07,6.9139975682565515e-34
translation_g.2094.peg.3969,0.0,-6.804337139026623e-34
transcription_TU_g.2094.peg.3969,0.0,-35.29103718158505
translation_g.2094.peg.3971,0.0,-9.57791377335228e-33
transcription_TU_g.2094.peg.3971,0.0,-30.12600082340476
translation_g.2094.peg.3975,1.6255324881005076e-08,-5.986744410547724e-33
transcription_TU_g.2094.peg.3975,1.9453221853504642e-10,6.921083000473948e-33
translation_g.2094.peg.3976,4.03448857919702e-09,-1.745768434644462e-33
transcription_TU_g.2094.peg.3976,4.828190268178612e-11,-1.032826206131335e-32
translation_g.2094.peg.3980,8.615634919002527e-10,-6.457300028827454e-34
transcription_TU_g.2094.peg.3980,1.0310581837955534e-11,3.5857955405900598e-34
translation_g.2094.peg.3984,0.0,-2.8366395067625978e-33
transcription_TU_g.2094.peg.3984,0.0,3.271117212334008e-32
translation_g.2094.peg.4009,0.0,-7.729042204401139e-33
transcription_TU_g.2094.peg.4009,0.0,3.678043599239361e-33
translation_g.2094.peg.4010,-3.697530643339476e-28,-8.535939307182754e-34
transcription_TU_g.2094.peg.4010,-4.424942868971264e-30,1.4990153109806079e-33
translation_g.2094.peg.4014,0.0,-1.0633120106711843e-32
transcription_TU_g.2094.peg.4014,0.0,-37.43906946962699
translation_g.2094.peg.4015,0.0,-5.4992677054509124e-33
transcription_TU_g.2094.peg.4015,0.0,-26.63121978237868
translation_g.2094.peg.4020,2.6405847759250877e-05,3.0716226033476414e-33
transcription_TU_g.2094.peg.4020,3.1600648922792535e-07,-3.2143090058667836e-33
translation_g.2094.peg.4021,0.0,1.808009812894087e-33
transcription_TU_g.2094.peg.4021,0.0,-14.18624574753677
translation_g.2094.peg.4023,0.0,-5.685957430709169e-34
transcription_TU_g.2094.peg.4023,0.0,-22.97573225092301
translation_g.2094.peg.4030,0.0,6.410148462493939e-33
transcription_TU_g.2094.peg.4030,0.0,-2.9656391413631785e-32
translation_g.2094.peg.4033,2.6405847759250877e-05,-1.7380865341014056e-33
transcription_TU_g.2094.peg.4033,3.1600648922792535e-07,-7.394769541477656e-34
translation_g.2094.peg.4037,1.2311968928583204e-06,-2.3409149025149555e-32
transcription_TU_g.2094.peg.4037,1.4734092660372349e-08,2.729745407270903e-32
translation_g.2094.peg.4043,1.0040984591820707e-06,1.6751908827393804e-33
transcription_TU_g.2094.peg.4043,1.2016339403991822e-08,-4.2993227947525676e-33
translation_g.2094.peg.4050,0.0,-1.392210096166899e-33
transcription_TU_g.2094.peg.4050,0.0,-18.214620404610056
translation_g.2094.peg.4052,0.0,-5.375619480492217e-34
transcription_TU_g.2094.peg.4052,0.0,8.063984962157235e-33
translation_527012.3.peg.4058,5.856818863680496e-09,1.3136500931936336e-33
transcription_TU_527012.3.peg.4058,7.009026121901972e-11,-2.158062134480411e-32
translation_g.2094.peg.4063,0.0,3.7757330645294e-33
transcription_TU_g.2094.peg.4063,0.0,-22.907507484998966
translation_g.2094.peg.4071,1.4935606099699069e-06,-1.5567854565409555e-32
transcription_TU_g.2094.peg.4071,1.7873875859197133e-08,1.320452192708338e-32
translation_g.2094.peg.4074,0.0,2.056235044073592e-33
transcription_TU_g.2094.peg.4074,0.0,-44.76058258702533
translation_g.2094.peg.4076,1.7231269838005053e-09,6.373943448906438e-33
transcription_TU_g.2094.peg.4076,2.0621163675911068e-11,-2.1421267996119876e-32
translation_g.2094.peg.4077,0.0,-7.727395780135224e-33
transcription_TU_g.2094.peg.4077,0.0,6.468344827823555e-32
translation_g.2094.peg.4084,5.748579512108553e-06,-2.214081735141553e-32
transcription_TU_g.2094.peg.4084,6.879492929866606e-08,3.6142148338377576e-32
translation_g.2094.peg.4085,0.0,6.32086438295554e-34
transcription_TU_g.2094.peg.4085,0.0,-8.843308288648202e-34
translation_g.2094.peg.4088,0.0,4.9646450487832635e-34
transcription_TU_g.2094.peg.4088,0.0,4.15605021711028e-32
translation_g.2094.peg.4094,4.127718746286387e-09,-5.062227064750671e-33
transcription_TU_g.2094.peg.4094,4.939761530955898e-11,1.2310962898775793e-32
translation_g.2094.peg.4098,0.0,-1.2739138559959787e-33
transcription_TU_g.2094.peg.4098,0.0,1.7958232474733457e-32
translation_g.2094.peg.4101,-2.2160579672751527e-29,-1.9359486957680137e-32
transcription_TU_g.2094.peg.4101,-2.6520212664634778e-31,1.4312246349121837e-33
translation_g.2094.peg.4104,0.0,1.5857160300404634e-33
transcription_TU_g.2094.peg.4104,0.0,1.0352904173428881e-32
translation_g.2094.peg.4108,0.0,8.262126315689402e-33
transcription_TU_g.2094.peg.4108,0.0,-2.005072769660621e-32
translation_527012.3.peg.4110,8.6045977676537e-07,1.2647612490026045e-33
transcription_TU_527012.3.peg.4110,1.02973733567107e-08,-2.0330386139544283e-32
translation_g.2094.peg.4111,0.0,1.8303599711319657e-33
transcription_TU_g.2094.peg.4111,0.0,-1.2452726936657927e-32
translation_g.2094.peg.4116,0.0,-3.418630869496695e-33
transcription_TU_g.2094.peg.4116,0.0,-5.005313577227864e-33
translation_g.2094.peg.4121,1.5743662921585032e-06,-2.071006457000674e-32
transcription_TU_g.2094.peg.4121,1.884090104887846e-08,-9.803365851470606e-33
translation_g.2094.peg.4125,3.638348002632529e-08,-4.1543421859924486e-33
transcription_TU_g.2094.peg.4125,4.354117275021197e-10,8.597581885649514e-33
translation_g.2094.peg.4126,0.0,4.206858180112134e-34
transcription_TU_g.2094.peg.4126,0.0,2.8495273500046685e-34
translation_g.2094.peg.4128,5.61325076942295e-08,-2.4431640998222085e-32
transcription_TU_g.2094.peg.4128,6.717541072620423e-10,3.730667180758213e-32
translation_g.2094.peg.4139,2.6405847759250877e-05,1.1649933047072927e-33
transcription_TU_g.2094.peg.4139,3.1600648922792535e-07,-2.391349579902347e-33
translation_g.2094.peg.4142,0.0,-2.2644815139798683e-34
transcription_TU_g.2094.peg.4142,0.0,-13.879668384820487
translation_g.2094.peg.4150,0.0,-1.6168690744455186e-33
transcription_TU_g.2094.peg.4150,0.0,1.1084577210627525e-32
translation_g.2094.peg.4157,0.0,4.4604330985594426e-33
transcription_TU_g.2094.peg.4157,0.0,-8.391456297169117e-33
translation_g.2094.peg.4158,0.0,7.62532672728887e-33
transcription_TU_g.2094.peg.4158,0.0,-3.1409987554223856e-32
translation_g.2094.peg.4159,0.0,-2.146430471516384e-33
transcription_TU_g.2094.peg.4159,0.0,2.3127394358262715e-35
translation_g.2094.peg.4161,0.0,-8.335884741320326e-35
transcription_TU_g.2094.peg.4161,0.0,3.77409248948882e-32
translation_g.2094.peg.4162,0.0,1.0377109843339883e-32
transcription_TU_g.2094.peg.4162,0.0,-2.435515582171724e-32
translation_g.2094.peg.4167,0.0,-8.86678648453919e-33
transcription_TU_g.2094.peg.4167,0.0,1.5744866588673382e-32
translation_g.2094.peg.4169,1.3387156075825323e-06,-1.5649561188171636e-32
transcription_TU_g.2094.peg.4169,1.6020800509181853e-08,-7.68637896740956e-33
translation_g.2094.peg.4171,0.0,-1.0331604658234338e-32
transcription_TU_g.2094.peg.4171,0.0,-2.1524018068959e-32
translation_g.2094.peg.4177,0.0,-2.2022406925031108e-32
transcription_TU_g.2094.peg.4177,0.0,1.355648653549894e-32
translation_g.2094.peg.4180,0.0,-1.4552109784254422e-33
transcription_TU_g.2094.peg.4180,0.0,-1.5050097716479013e-32
translation_g.2094.peg.4182,0.0,-5.7738107664460405e-34
transcription_TU_g.2094.peg.4182,0.0,-27.97383743905981
translation_g.2094.peg.4185,3.3926778364906396e-16,-2.5354291740056084e-33
transcription_TU_g.2094.peg.4185,4.060116614946415e-18,1.275044329005309e-32
translation_g.2094.peg.4187,0.0,3.934998740228897e-33
transcription_TU_g.2094.peg.4187,0.0,2.827365581367707e-32
translation_527012.3.peg.4194,0.0,3.0288770564493714e-33
transcription_TU_527012.3.peg.4194,0.0,2.2270203347520362e-32
translation_527012.3.peg.4195,1.9383538842188013e-07,6.481914632827912e-33
transcription_TU_527012.3.peg.4195,2.319684682794192e-09,2.458257072425687e-33
translation_g.2094.peg.4202,0.0,-3.263336333695503e-33
transcription_TU_g.2094.peg.4202,0.0,-3.184791847462777e-32
translation_g.2094.peg.4203,0.0,3.380332725891688e-33
transcription_TU_g.2094.peg.4203,0.0,-1.1661831137556992e-32
translation_527012.3.peg.4203,1.2095435005196753e-06,5.5358096941204195e-33
transcription_TU_527012.3.peg.4203,1.4474960192625203e-08,1.9028542278422005e-33
translation_g.2094.peg.4205,0.0,-1.2930729122619667e-33
transcription_TU_g.2094.peg.4205,0.0,-46.109814831289334
translation_g.2094.peg.4206,4.4537985105774136e-07,6.500520222817405e-33
transcription_TU_g.2094.peg.4206,5.329990704665259e-09,-9.967717253079782e-33
translation_g.2094.peg.4207,0.0,1.8155176039101863e-33
transcription_TU_g.2094.peg.4207,0.0,1.1700517649152095e-32
translation_g.2094.peg.4212,4.788604087040741e-06,-4.6115887802413004e-33
transcription_TU_g.2094.peg.4212,5.7306623125481844e-08,9.089759313685285e-33
translation_g.2094.peg.4217,-1.8485853284545126e-35,1.1793195402601085e-33
transcription_TU_g.2094.peg.4217,0.0,-15.747759621381142
translation_g.2094.peg.4219,4.290955090880204e-06,-4.863805556055118e-34
transcription_TU_g.2094.peg.4219,5.135111230158115e-08,3.42803573950199e-33
translation_527012.3.peg.4220,0.0,2.482410439724245e-33
transcription_TU_527012.3.peg.4220,0.0,2.6180233908687294e-32
translation_527012.3.peg.4221,3.832701694282004e-08,-1.0258896136985644e-32
transcription_TU_527012.3.peg.4221,4.586706011904756e-10,1.3383391039883036e-32
translation_g.2094.peg.4223,1.0997688885655589e-29,-2.81664303241062e-34
transcription_TU_g.2094.peg.4223,0.0,-42.32070532214312
translation_g.2094.peg.4225,0.0,-1.584016672158551e-33
transcription_TU_g.2094.peg.4225,0.0,-22.10135067814195
translation_g.2094.peg.4232,0.0,-5.640961947174703e-33
transcription_TU_g.2094.peg.4232,0.0,2.354219084877816e-32
translation_g.2094.peg.4237,2.271096641495113e-07,-5.238571426613282e-33
transcription_TU_g.2094.peg.4237,2.717887654732745e-09,-4.097346179315773e-32
translation_g.2094.peg.4241,0.0,-1.76860093349974e-33
transcription_TU_g.2094.peg.4241,0.0,-2.6411151407150807e-33
translation_g.2094.peg.4243,2.6647932412864045e-07,-6.145736408878794e-32
transcription_TU_g.2094.peg.4243,3.189035869534644e-09,6.912747848225143e-32
translation_g.2094.peg.4252,9.1790348380337e-42,-2.001696687705493e-33
transcription_TU_g.2094.peg.4252,4.712262280227809e-43,-1.6288131574393457e-33
translation_527012.3.peg.4254,3.645216867982843e-30,-5.2080689582022054e-33
transcription_TU_527012.3.peg.4254,4.3623374467199885e-32,4.155239615972265e-33
translation_527012.3.peg.4255,4.287205839519812e-06,-5.723306153390896e-34
transcription_TU_527012.3.peg.4255,5.1306243915970786e-08,1.4502727164497276e-33
translation_527012.3.peg.4256,3.0063800731227484e-06,-2.1278139724870976e-33
transcription_TU_527012.3.peg.4256,3.597822803698787e-08,1.544892313809809e-32
translation_527012.3.peg.4257,-2.5994571799648387e-28,-1.852028926398175e-33
transcription_TU_527012.3.peg.4257,-3.110846297488144e-30,8.484757077754271e-33
translation_527012.3.peg.4258,0.0,-7.812665548033024e-33
transcription_TU_527012.3.peg.4258,0.0,4.862144438255507e-33
translation_g.2094.peg.4259,2.3452977583622237e-41,-5.330553558358201e-34
transcription_TU_g.2094.peg.4259,3.9432367540029955e-43,1.4651914464666693e-32
translation_527012.3.peg.4260,1.8275644960404975e-06,-1.3323316320583255e-32
transcription_TU_527012.3.peg.4260,2.1870997875045856e-08,3.271117212334008e-32
translation_g.2094.peg.4264,1.6206792282292618e-07,-7.882045333719015e-33
transcription_TU_g.2094.peg.4264,1.939514147573355e-09,7.985084470172752e-33
translation_527012.3.peg.4266,1.1619728043460082e-06,-1.3314297413856963e-33
transcription_TU_527012.3.peg.4266,1.3905667783420035e-08,4.0613086362851467e-32
translation_g.2094.peg.4267,2.986351937129436e-07,-3.319236076013183e-33
transcription_TU_g.2094.peg.4267,3.573854548641311e-09,-8.981757199706708e-33
translation_g.2094.peg.4268,2.8971929681429528e-06,-3.622904014243531e-33
transcription_TU_g.2094.peg.4268,3.467155407490921e-08,3.9435715933356655e-32
translation_g.2094.peg.4269,0.0,2.9375121910792127e-33
transcription_TU_g.2094.peg.4269,0.0,-24.37855417795813
translation_g.2094.peg.4271,0.0,-6.313281829176329e-33
transcription_TU_g.2094.peg.4271,0.0,3.931071455391051e-32
translation_g.2094.peg.4283,2.2802955752344714e-07,-1.2874247344815263e-32
transcription_TU_g.2094.peg.4283,2.7288962872982215e-09,1.1321758604986588e-32
translation_g.2094.peg.4284,0.0,-1.0503011685354777e-32
transcription_TU_g.2094.peg.4284,0.0,-41.02190813761245
translation_g.2094.peg.4286,0.0,-2.406558584856462e-33
transcription_TU_g.2094.peg.4286,0.0,-3.7660004216290874e-33
translation_g.2094.peg.4289,2.3486927994802337e-28,-1.5877265311158322e-33
transcription_TU_g.2094.peg.4289,2.8107492423856656e-30,2.3416902464656293e-32
translation_g.2094.peg.4293,0.0,-2.021939753392677e-32
transcription_TU_g.2094.peg.4293,0.0,-1.1482734563566235e-32
translation_g.2094.peg.4299,5.555956314101892e-29,-1.3328031165999672e-32
transcription_TU_g.2094.peg.4299,6.648975125246547e-31,8.520182217724679e-33
translation_527012.3.peg.4299,4.797842523778307e-09,-1.745768434644462e-33
transcription_TU_527012.3.peg.4299,5.741718219504891e-11,-1.032826206131335e-32
translation_g.2094.peg.4300,-5.605344279488756e-38,-2.188568055917977e-34
transcription_TU_g.2094.peg.4300,-2.0310598159958175e-39,2.4638760743770787e-32
translation_527012.3.peg.4300,4.3984457525724295e-08,1.2087701751973992e-33
transcription_TU_527012.3.peg.4300,5.263748443156689e-10,6.110777017428559e-33
translation_g.2094.peg.4308,7.560042490669372e-29,3.7061170446340766e-33
transcription_TU_g.2094.peg.4308,9.047323561325207e-31,-1.0928842327934764e-32
translation_527012.3.peg.4312,0.0,1.3555932172408335e-33
transcription_TU_527012.3.peg.4312,0.0,-23.139395117763403
translation_g.2094.peg.4313,3.979950233104423e-15,6.627725644250186e-33
transcription_TU_g.2094.peg.4313,4.7629226371820604e-17,1.3270356949165125e-32
translation_g.2094.peg.4316,2.1027457530769277e-09,3.970354222909318e-34
transcription_TU_g.2094.peg.4316,2.516417231618626e-11,-6.856878399104954e-33
translation_g.2094.peg.4322,0.0,6.261176452875549e-34
transcription_TU_g.2094.peg.4322,0.0,-20.01678242281448
translation_527012.3.peg.4322,2.8983562752033943e-41,2.260094772760112e-32
transcription_TU_527012.3.peg.4322,4.575254144373267e-43,-1.5789625599751444e-32
translation_g.2094.peg.4323,0.0,-5.768580798876966e-34
transcription_TU_g.2094.peg.4323,0.0,-41.28627740607355
translation_g.2094.peg.4327,0.0,-9.405263937148044e-33
transcription_TU_g.2094.peg.4327,0.0,-33.29240582912139
translation_g.2094.peg.4328,4.731750156069863e-11,1.337426698925008e-33
transcription_TU_g.2094.peg.4328,5.66262355352512e-13,-5.694427659434064e-33
translation_g.2094.peg.4332,0.0,1.3155303573685257e-34
transcription_TU_g.2094.peg.4332,0.0,1.4467641927983865e-32
translation_g.2094.peg.4339,2.8066253847114718e-08,-9.282636643431224e-33
transcription_TU_g.2094.peg.4339,3.3587705363102073e-10,2.4172380114646912e-32
translation_g.2094.peg.4343,0.0,6.707769727326723e-33
transcription_TU_g.2094.peg.4343,0.0,-32.62112818608865
translation_g.2094.peg.4344,-1.8480231383978605e-28,-7.127244751877871e-33
transcription_TU_g.2094.peg.4344,-2.21158324209594e-30,2.3323537291138846e-32
translation_g.2094.peg.4362,3.472276246552286e-42,-1.0383874544419591e-32
transcription_TU_g.2094.peg.4362,2.004899142871914e-42,-1.583900800112449e-32
translation_g.2094.peg.4363,0.0,-4.9650971229997246e-33
transcription_TU_g.2094.peg.4363,0.0,-41.10664512532476
translation_g.2094.peg.4367,1.802998792256773e-31,3.0619202793393407e-33
transcription_TU_g.2094.peg.4367,0.0,-31.72130615014389
translation_g.2094.peg.4368,0.0,-6.703526637972457e-34
transcription_TU_g.2094.peg.4368,0.0,-38.078713853520824
translation_g.2094.peg.4371,0.0,-2.8805034973195045e-33
transcription_TU_g.2094.peg.4371,0.0,-36.472024700391216
translation_527012.3.peg.4372,1.1947839920360748e-28,-3.5728145814437984e-33
transcription_TU_527012.3.peg.4372,0.0,-25.93541383991911
translation_527012.3.peg.4373,0.0,-2.4931883769139515e-35
transcription_TU_527012.3.peg.4373,0.0,1.8326028773023895e-32
translation_527012.3.peg.4376,-9.559234790024315e-28,-9.581157879808592e-33
transcription_TU_527012.3.peg.4376,-1.1439815351668626e-29,9.801419851123612e-33
translation_527012.3.peg.4377,-9.559234790024315e-28,-1.2810913067598224e-32
transcription_TU_527012.3.peg.4377,-1.1439815351668626e-29,4.4705337219678826e-32
translation_g.2094.peg.4378,-2.1183350977609085e-31,-5.780101852250463e-33
transcription_TU_g.2094.peg.4378,-2.535073455527298e-33,2.5793856229248516e-32
translation_527012.3.peg.4378,-9.5592349581805e-28,2.516244227956409e-34
transcription_TU_527012.3.peg.4378,-1.1439815351668626e-29,3.6478652233538256e-33
translation_g.2094.peg.4379,0.0,-9.836098396086515e-34
transcription_TU_g.2094.peg.4379,0.0,-23.79020990802963
translation_527012.3.peg.4379,-9.559234790024315e-28,3.8236991031982637e-34
transcription_TU_527012.3.peg.4379,-1.1439815351668626e-29,-9.616139381004613e-34
translation_527012.3.peg.4380,2.1437055421948602e-06,5.4042708706031035e-33
transcription_TU_527012.3.peg.4380,2.5654350070624742e-08,2.842012469390839e-32
translation_g.2094.peg.4382,0.0,-1.1185978011811056e-32
transcription_TU_g.2094.peg.4382,0.0,1.942630378759313e-32
translation_g.2094.peg.4385,7.585490872391342e-09,-6.748639861586154e-33
transcription_TU_g.2094.peg.4385,9.077778382688307e-11,7.247768178931144e-34
translation_g.2094.peg.4386,-3.10220810652028e-29,-4.232318589843242e-33
transcription_TU_g.2094.peg.4386,-3.7125030089308326e-31,1.1179714827076439e-32
translation_g.2094.peg.4392,0.0,-1.1303315614124235e-32
transcription_TU_g.2094.peg.4392,0.0,2.6017118238981954e-32
translation_g.2094.peg.4396,1.5496825936179512e-08,3.438924948772138e-33
transcription_TU_g.2094.peg.4396,1.854550402212602e-10,1.1018859078786011e-32
translation_g.2094.peg.4401,1.9939070427800406e-08,3.416403502020445e-33
transcription_TU_g.2094.peg.4401,2.3861667694990554e-10,2.2132158649411804e-32
translation_g.2094.peg.4404,0.0,-1.6176829774814792e-33
transcription_TU_g.2094.peg.4404,0.0,-23.86808693538232
translation_g.2094.peg.4407,4.986256567918304e-07,-5.22002435864596e-33
transcription_TU_g.2094.peg.4407,5.967198806807971e-09,9.016810686366888e-33
translation_g.2094.peg.4410,0.0,-2.844501799537445e-33
transcription_TU_g.2094.peg.4410,0.0,-17.437738577271226
translation_g.2094.peg.4411,4.928076383227482e-29,5.266768271046552e-33
transcription_TU_g.2094.peg.4411,5.897572881238745e-31,-9.123932946360919e-33
translation_g.2094.peg.4415,0.0,1.0557719807786119e-32
transcription_TU_g.2094.peg.4415,0.0,-37.92030075118841
translation_g.2094.peg.4418,0.0,5.1467111852142245e-33
transcription_TU_g.2094.peg.4418,0.0,-40.7565936490278
translation_g.2094.peg.4424,0.0,4.472191446692673e-34
transcription_TU_g.2094.peg.4424,0.0,-1.7788386437304825e-32
translation_g.2094.peg.4425,0.0,1.0329519375417482e-33
transcription_TU_g.2094.peg.4425,0.0,5.8858621363052534e-33
translation_g.2094.peg.4431,2.873161801050661e-07,4.1715924062894066e-33
transcription_TU_g.2094.peg.4431,3.4383966082502326e-09,4.51168989549472e-34
translation_g.2094.peg.4433,4.3363862919830205e-42,1.6973403199059507e-33
transcription_TU_g.2094.peg.4433,3.530088723136008e-44,1.2912643485731915e-32
translation_g.2094.peg.4438,0.0,-3.3948762286937285e-33
transcription_TU_g.2094.peg.4438,0.0,-1.264727340833345e-32
translation_527012.3.peg.4439,2.617609519263387e-09,-1.0784052645307735e-32
transcription_TU_527012.3.peg.4439,3.132569731877781e-11,2.1757913570708278e-33
translation_g.2094.peg.4442,0.0,-8.692094018811031e-33
transcription_TU_g.2094.peg.4442,0.0,1.2926764649838886e-33
translation_g.2094.peg.4445,1.3179156268410456e-07,1.802054161495604e-32
transcription_TU_g.2094.peg.4445,1.5771881067168375e-09,-2.8192182389518583e-32
translation_g.2094.peg.4447,0.0,-6.336016359742594e-33
transcription_TU_g.2094.peg.4447,0.0,3.321668862030882e-32
translation_g.2094.peg.4448,3.407235060448318e-07,1.0398691142796207e-33
transcription_TU_g.2094.peg.4448,4.077537669849524e-09,5.5264932306093614e-33
translation_g.2094.peg.4450,9.406546322087753e-08,-1.2503742106723357e-33
transcription_TU_g.2094.peg.4450,1.125708860440364e-09,5.238495218354456e-33
translation_527012.3.peg.4451,0.0,3.217888307912409e-33
transcription_TU_527012.3.peg.4451,0.0,-23.63345263595624
translation_527012.3.peg.4454,0.0,3.48377004525273e-33
transcription_TU_527012.3.peg.4454,0.0,5.0079781197098594e-33
translation_527012.3.peg.4455,0.0,3.7672201821616125e-33
transcription_TU_527012.3.peg.4455,0.0,-59.173930311641556
translation_g.2094.peg.4456,0.0,-4.49718616392687e-33
transcription_TU_g.2094.peg.4456,0.0,9.134352750474147e-34
translation_g.2094.peg.4457,1.1111912628203785e-28,9.105573073919288e-34
transcription_TU_g.2094.peg.4457,1.3297950250493094e-30,9.520542266604271e-33
translation_g.2094.peg.4460,4.059460276123559e-07,5.648673014951947e-34
transcription_TU_g.2094.peg.4460,4.858074626930376e-09,-1.1832681132505751e-32
translation_g.2094.peg.4462,0.0,-2.0183891811872886e-32
transcription_TU_g.2094.peg.4462,0.0,1.693980842558277e-32
translation_g.2094.peg.4465,0.0,-2.5666111955968154e-32
transcription_TU_g.2094.peg.4465,0.0,2.588820969475492e-32
translation_g.2094.peg.4466,0.0,-3.3377024828313856e-33
transcription_TU_g.2094.peg.4466,0.0,-2.2274904737863026e-32
translation_g.2094.peg.4480,0.0,7.372648735986392e-33
transcription_TU_g.2094.peg.4480,0.0,3.716202853650229e-32
translation_g.2094.peg.4481,5.199872485486524e-07,-6.201536512298176e-33
transcription_TU_g.2094.peg.4481,6.2228392118023e-09,9.668281685309929e-33
translation_g.2094.peg.4482,-1.6884560946182197e-28,-8.591078315892346e-33
transcription_TU_g.2094.peg.4482,-2.0206247023024354e-30,-2.4804497169369955e-32
translation_g.2094.peg.4483,4.731750156069863e-11,4.671191069049555e-34
transcription_TU_g.2094.peg.4483,5.66262355352512e-13,1.0243448615932953e-33
translation_527012.3.peg.4492,-9.697381168324521e-43,-6.212834136542048e-33
transcription_TU_527012.3.peg.4492,-7.224085350610135e-46,-1.5252026466794385e-32
translation_g.2094.peg.4493,0.0,-1.5257086112705186e-33
transcription_TU_g.2094.peg.4493,0.0,-44.047153276835594
translation_527012.3.peg.4493,-3.418507724108273e-28,4.737533675120456e-34
transcription_TU_527012.3.peg.4493,-4.091027995552821e-30,-1.4632355883687738e-32
translation_g.2094.peg.4495,0.0,4.7882328255759674e-33
transcription_TU_g.2094.peg.4495,0.0,-33.620868787789874
translation_g.2094.peg.4498,1.5177708687923954e-07,-1.1781872107528763e-33
transcription_TU_g.2094.peg.4498,1.8163607094624474e-09,-9.39482599964216e-33
translation_g.2094.peg.4500,9.969784162747267e-12,-4.268689153610891e-34
transcription_TU_g.2094.peg.4500,1.1931131771848533e-13,2.6696409865686196e-33
translation_g.2094.peg.4503,1.5151432983711398e-06,2.2016177653579944e-33
transcription_TU_g.2094.peg.4503,1.8132162192283505e-08,4.685396904073457e-32
translation_g.2094.peg.4507,0.0,7.940670500538585e-33
transcription_TU_g.2094.peg.4507,1.1379971791771788e-39,-4.218127667220542e-32
translation_g.2094.peg.4518,0.0,-9.352832032788556e-33
transcription_TU_g.2094.peg.4518,0.0,1.759752320036424e-32
translation_g.2094.peg.4519,2.1027457530769277e-09,3.366832225877187e-33
transcription_TU_g.2094.peg.4519,2.516417231618626e-11,9.740314563611486e-33
translation_g.2094.peg.4535,0.0,-4.457193751036073e-33
transcription_TU_g.2094.peg.4535,0.0,-39.49224582200055
translation_g.2094.peg.4541,0.0,2.067673198114061e-33
transcription_TU_g.2094.peg.4541,0.0,-4.552076425941157e-33
translation_g.2094.peg.4548,0.0,-3.7140064009714757e-34
transcription_TU_g.2094.peg.4548,0.0,2.3685207074804416e-33
translation_g.2094.peg.4549,1.1856153798350534e-07,1.3379506233587214e-33
transcription_TU_g.2094.peg.4549,1.4188605386662936e-09,-8.074828193350769e-33
translation_g.2094.peg.4555,8.615634919002527e-10,-3.192040188688869e-33
transcription_TU_g.2094.peg.4555,1.0310581837955534e-11,-1.3352159796265038e-32
translation_g.2094.peg.4560,0.0,9.18061650511813e-33
transcription_TU_g.2094.peg.4560,0.0,9.285975607013472e-33
translation_g.2094.peg.4562,1.5735703115781096e-06,-8.897820836547504e-33
transcription_TU_g.2094.peg.4562,1.8831375316889202e-08,-1.0999684864895623e-32
translation_g.2094.peg.4563,0.0,-5.1399478941911984e-33
transcription_TU_g.2094.peg.4563,0.0,2.8845494738594745e-33
translation_527012.3.peg.4565,0.0,-1.1959205989059983e-33
transcription_TU_527012.3.peg.4565,0.0,7.482982708181604e-33
translation_g.2094.peg.4569,7.165860857461063e-10,-4.594071952371837e-33
transcription_TU_g.2094.peg.4569,8.575594892872787e-12,2.0632866659837927e-32
translation_g.2094.peg.4570,1.5396615519443615e-06,4.544009727073206e-34
transcription_TU_g.2094.peg.4570,1.8425579290810836e-08,-4.376948473159529e-33
translation_527012.3.peg.4571,1.717870976073309e-07,-1.2092935511925817e-32
transcription_TU_527012.3.peg.4571,2.0558263496967022e-09,6.64793724101278e-33
translation_g.2094.peg.4575,0.0,-1.19743338262168e-32
transcription_TU_g.2094.peg.4575,0.0,5.028260718507169e-32
translation_527012.3.peg.4575,0.0,-9.12372315910962e-34
transcription_TU_527012.3.peg.4575,0.0,-3.6109367427148804e-33
translation_g.2094.peg.4583,0.0,-2.4195215387735825e-33
transcription_TU_g.2094.peg.4583,0.0,1.4725619620795122e-32
translation_g.2094.peg.4590,-2.1183350977609085e-31,3.813073666167015e-33
transcription_TU_g.2094.peg.4590,-2.535073455527298e-33,2.2237303047069137e-33
translation_g.2094.peg.4592,0.0,4.756529950997169e-33
transcription_TU_g.2094.peg.4592,0.0,2.947914874888197e-32
translation_g.2094.peg.4593,0.0,-1.2133267398384975e-32
transcription_TU_g.2094.peg.4593,0.0,2.2789415059875388e-32
translation_527012.3.peg.4608,0.0,3.4648712346165364e-33
transcription_TU_527012.3.peg.4608,0.0,8.514307932858413e-33
translation_g.2094.peg.4609,-6.2739813870271124e-30,-3.319412659908152e-33
transcription_TU_g.2094.peg.4609,0.0,-23.408449419291262
translation_g.2094.peg.4614,0.0,-1.043524492482514e-33
transcription_TU_g.2094.peg.4614,0.0,1.3374986526509195e-33
translation_527012.3.peg.4616,0.0,-2.523974240595877e-33
transcription_TU_527012.3.peg.4616,0.0,2.0623315016273458e-32
translation_g.2094.peg.4623,2.0276585623799526e-06,1.2398039289858726e-33
transcription_TU_g.2094.peg.4623,2.4265581983678336e-08,2.84456388074031e-32
translation_g.2094.peg.4624,0.0,-1.0615558544322057e-33
transcription_TU_g.2094.peg.4624,0.0,3.4446521408402244e-33
translation_g.2094.peg.4625,0.0,-4.086935370773861e-33
transcription_TU_g.2094.peg.4625,0.0,6.552212794626246e-33
translation_g.2094.peg.4630,2.6405847759250877e-05,2.420771654342583e-33
transcription_TU_g.2094.peg.4630,3.1600648922792535e-07,1.3621618034838975e-33
translation_g.2094.peg.4633,0.0,-1.816785700946381e-33
transcription_TU_g.2094.peg.4633,0.0,8.514307932858413e-33
translation_g.2094.peg.4635,0.0,-2.2645087606676096e-32
transcription_TU_g.2094.peg.4635,0.0,-40.83081553299333
translation_g.2094.peg.4642,3.271631060626744e-38,2.5931150350241997e-33
transcription_TU_g.2094.peg.4642,3.909281606470701e-40,-8.394531525535425e-33
translation_g.2094.peg.4648,2.6397436776238568e-05,3.508394231356761e-33
transcription_TU_g.2094.peg.4648,3.159058325386606e-07,-6.0048583514615864e-33
translation_527012.3.peg.4648,0.0,-1.0356619084391402e-33
transcription_TU_527012.3.peg.4648,0.0,-28.56139724524515
translation_g.2094.peg.4649,0.0,-5.171234159657341e-33
transcription_TU_g.2094.peg.4649,0.0,-47.15611554990145
translation_g.2094.peg.4652,2.751812497524258e-09,-7.845746332297775e-33
transcription_TU_g.2094.peg.4652,3.2931743539705986e-11,-1.8862720945456938e-32
translation_g.2094.peg.4656,0.0,-9.939146345078601e-34
transcription_TU_g.2094.peg.4656,0.0,-23.253296784278803
translation_527012.3.peg.4663,0.0,-7.465382527048045e-33
transcription_TU_527012.3.peg.4663,0.0,-38.34995196136389
translation_527012.3.peg.4664,0.0,8.742380386924401e-34
transcription_TU_527012.3.peg.4664,0.0,-47.15611554990145
translation_g.2094.peg.4666,0.0,5.880819336762187e-33
transcription_TU_g.2094.peg.4666,0.0,-44.80019329732298
translation_g.2094.peg.4672,0.0,-1.799058553195602e-33
transcription_TU_g.2094.peg.4672,0.0,3.3869131145031434e-32
translation_g.2094.peg.4674,2.2283346793013215e-36,-5.2471035488772916e-33
transcription_TU_g.2094.peg.4674,0.0,2.1471235518843258e-33
translation_g.2094.peg.4675,0.0,5.321481662293873e-33
transcription_TU_g.2094.peg.4675,0.0,-56.17694096455691
translation_g.2094.peg.4676,7.271844708638153e-06,-2.6675075956423374e-34
transcription_TU_g.2094.peg.4676,8.702428861737103e-08,9.782954833904715e-35
translation_g.2094.peg.4678,0.0,-2.153515681471893e-32
transcription_TU_g.2094.peg.4678,0.0,-1.4442514434918207e-32
translation_g.2094.peg.4681,0.0,-1.3911196698508626e-32
transcription_TU_g.2094.peg.4681,0.0,7.488356218296679e-33
translation_g.2094.peg.4689,0.0,1.0202222196328951e-33
transcription_TU_g.2094.peg.4689,0.0,1.940940712563686e-32
translation_g.2094.peg.4691,0.0,1.1560429206806759e-32
transcription_TU_g.2094.peg.4691,0.0,1.6738573488149973e-32
translation_g.2094.peg.4693,1.0379694726898522e-07,-8.003972386418399e-33
transcription_TU_g.2094.peg.4693,1.2421683711160898e-09,-1.1276077059370041e-32
translation_g.2094.peg.4694,1.3710593382257772e-28,4.20360868406927e-33
transcription_TU_g.2094.peg.4694,1.6407867376426245e-30,2.133129226106344e-33
translation_g.2094.peg.4695,0.0,-6.121080403811333e-33
transcription_TU_g.2094.peg.4695,0.0,5.339796913601429e-33
translation_g.2094.peg.4696,8.992085193803677e-09,-1.0193691774214033e-32
transcription_TU_g.2094.peg.4696,1.0761090872141431e-10,4.52979094662118e-33
translation_g.2094.peg.4702,0.0,-7.186948414170508e-33
transcription_TU_g.2094.peg.4702,0.0,2.0360063390315357e-32
translation_g.2094.peg.4705,4.040217579195634e-08,-7.110358959170895e-34
transcription_TU_g.2094.peg.4705,4.835046329733062e-10,1.7685076180779246e-32
translation_g.2094.peg.4710,0.0,9.978420283971203e-35
transcription_TU_g.2094.peg.4710,0.0,1.4681739997905436e-33
transcription_TU_YKRIS0001_RS31255,-1.0379642183101657e-39,-1.1325918443581502e-33
transcription_TU_YKRIS0001_RS31225,1.534092596103421e-38,-3.3495052475869876e-34
transcription_TU_YKRIS0001_RS31205,1.0837356035154846e-05,6.767887848497637e-34
transcription_TU_YKRIS0001_RS00030,1.1550882179686231e-05,-6.905844897426351e-36
transcription_TU_YKRIS0001_RS00040,0.0,-1.0183891358889693e-33
transcription_TU_YKRIS0001_RS00035,1.9527934281490003e-05,-1.0974635586269043e-33
transcription_TU_YKRIS0001_RS0122850,9.716588956946942e-37,-4.871596785260703e-32
transcription_TU_YKRIS0001_RS0122845,-2.5609199941373356e-39,-1.9040527405594744e-32
transcription_TU_YKRIS0001_RS0122835,0.0,1.0310455450061277e-32
transcription_TU_YKRIS0001_RS0122815,2.6397436776238568e-05,3.2200189037071426e-32
transcription_TU_YKRIS0001_RS0122810,2.6397436776238568e-05,4.931194987949679e-32
transcription_TU_YKRIS0001_RS0122700,3.840467607747613e-38,-1.0974635586269043e-33
transcription_TU_YKRIS0001_RS01075,0.0,-1.580646005498944e-33
transcription_TU_YKRIS0001_RS01070,6.59045411984031e-06,-2.352857742096337e-34
transcription_TU_YKRIS0001_RS01065,0.0,-1.416727447351058e-33
transcription_TU_YKRIS0001_RS01060,1.0488636387248764e-05,-1.3050123478918476e-32
transcription_TU_YKRIS0001_RS01235,1.0881602213488745e-05,1.5691299776098823e-33
transcription_TU_YKRIS0001_RS01230,8.819530148357692e-06,2.6703403258998266e-33
transcription_TU_YKRIS0001_RS01225,1.47375392259031e-05,-8.739410161013866e-34
transcription_TU_YKRIS0001_RS01220,0.0,3.699497386397906e-34
transcription_TU_YKRIS0001_RS0122505,1.3573155226861918e-05,2.3789832161077436e-33
transcription_TU_YKRIS0001_RS0122510,0.0,-3.898289462612753e-34
transcription_TU_YKRIS0001_RS02010,2.8358554883177243e-06,1.6929925226659332e-34
transcription_TU_YKRIS0001_RS0122285,0.0,-9.51971427755035e-34
transcription_TU_YKRIS0001_RS0122290,2.8885292427637234e-06,-3.012172179539417e-33
transcription_TU_YKRIS0001_RS0122295,0.0,-3.3495052475869876e-34
transcription_TU_YKRIS0001_RS0122115,1.5036726123410456e-05,2.7356998865592305e-36
transcription_TU_YKRIS0001_RS03885,0.0,-3.3495052475869876e-34
transcription_TU_YKRIS0001_RS03880,0.0,-3.3495052475869876e-34
transcription_TU_YKRIS0001_RS03875,0.0,-3.3495052475869876e-34
transcription_TU_YKRIS0001_RS0121650,0.0,-1.2065491886523533e-33
transcription_TU_YKRIS0001_RS0121605,2.6397436776238568e-05,1.907976781323158e-33
transcription_TU_YKRIS0001_RS0121610,0.0,-8.292305003303012e-34
transcription_TU_YKRIS0001_RS0121565,8.826199438303717e-06,2.2375576220180663e-33
transcription_TU_YKRIS0001_RS06765,0.0,-8.351802861495378e-34
transcription_TU_YKRIS0001_RS06760,0.0,-8.351802861495378e-34
transcription_TU_YKRIS0001_RS06755,0.0,-8.351802861495378e-34
transcription_TU_YKRIS0001_RS38370,0.0,-8.705216487318836e-34
transcription_TU_YKRIS0001_RS38440,9.545898447830332e-06,1.1557826234414561e-33
transcription_TU_YKRIS0001_RS38550,0.0,6.23232321656906e-33
transcription_TU_YKRIS0001_RS40205,0.0,1.603454425737939e-33
transcription_TU_YKRIS0001_RS40275,0.0,6.23232321656906e-33
transcription_TU_YKRIS0001_RS40385,0.0,6.23232321656906e-33
transcription_TU_YKRIS0001_RS0121020,0.0,-2.219642827232262e-34
transcription_TU_YKRIS0001_RS09895,0.0,-3.847251311727458e-33
transcription_TU_YKRIS0001_RS10380,0.0,1.4800027963244556e-33
transcription_TU_YKRIS0001_RS10375,0.0,8.8483403153677e-34
transcription_TU_YKRIS0001_RS11120,0.0,2.9425850962423038e-33
transcription_TU_YKRIS0001_RS11110,0.0,2.3199512860321636e-33
transcription_TU_YKRIS0001_RS11740,5.537833358278448e-06,1.6152468993345442e-33
transcription_TU_YKRIS0001_RS11735,0.0,-1.9273120767680343e-33
transcription_TU_YKRIS0001_RS11730,5.321225460524311e-06,2.2089891486799e-33
transcription_TU_YKRIS0001_RS11725,5.958286985369227e-06,2.2089891486799e-33
transcription_TU_YKRIS0001_RS11720,0.0,-1.83712243215105e-35
transcription_TU_YKRIS0001_RS11715,0.0,-3.536408265533969e-36
transcription_TU_YKRIS0001_RS0120840,7.518889512114394e-06,2.8516283468256237e-33
transcription_TU_YKRIS0001_RS12585,0.0,1.1959835479167402e-34
transcription_TU_YKRIS0001_RS0120515,0.0,-3.898289462612753e-34
transcription_TU_YKRIS0001_RS13430,1.2440798727153593e-05,1.8425998219993833e-33
transcription_TU_YKRIS0001_RS14830,0.0,2.60877068041675e-33
transcription_TU_YKRIS0001_RS15635,2.3270638838633977e-37,2.60877068041675e-33
transcription_TU_YKRIS0001_RS15630,0.0,3.699497386397906e-34
transcription_TU_YKRIS0001_RS0120270,0.0,-1.3050123478918476e-32
transcription_TU_YKRIS0001_RS16435,0.0,-3.125275307238482e-34
transcription_TU_YKRIS0001_RS16430,0.0,-8.351802861495378e-34
transcription_TU_YKRIS0001_RS16195,-2.6243592863835394e-37,-8.231121601408246e-34
transcription_TU_YKRIS0001_RS0120175,2.2053215984887412e-05,-6.937727030487107e-33
transcription_TU_YKRIS0001_RS0120180,0.0,-1.416727447351058e-33
transcription_TU_YKRIS0001_RS16580,9.106524729524962e-06,-6.977601049830386e-33
transcription_TU_YKRIS0001_RS37690,0.0,6.23232321656906e-33
transcription_TU_YKRIS0001_RS37815,0.0,-1.3050123478918476e-32
transcription_TU_YKRIS0001_RS39610,0.0,6.23232321656906e-33
transcription_TU_YKRIS0001_RS39735,0.0,-1.3050123478918476e-32
charging_tRNA_YKRIS0001_RS31225_GGU,0.0,-5.124220304858856e-06
charging_tRNA_YKRIS0001_RS31225_GGC,0.0,-5.124220304858856e-06
charging_tRNA_YKRIS0001_RS31225_GGA,0.0,-5.124220304858856e-06
charging_tRNA_YKRIS0001_RS31225_GGG,0.0,-5.124220304858856e-06
charging_tRNA_YKRIS0001_RS31205_GAU,0.0868109435237479,-2.3835491602046494e-34
charging_tRNA_YKRIS0001_RS31205_GAC,0.028130398336367463,-1.3543828112381043e-34
charging_tRNA_YKRIS0001_RS00030_GAA,0.08215629486024259,-9.829821697803352e-35
charging_tRNA_YKRIS0001_RS00030_GAG,0.04035272792118525,5.7673838579462875e-37
charging_tRNA_YKRIS0001_RS00040_AUU,0.0,-7.5796249904643405e-06
charging_tRNA_YKRIS0001_RS00040_AUC,0.0,-7.5796249904643405e-06
charging_tRNA_YKRIS0001_RS00040_AUA,0.0,-7.5796249904643405e-06
charging_tRNA_YKRIS0001_RS00035_GCU,0.03637630296961415,2.5305780254149865e-38
charging_tRNA_YKRIS0001_RS00035_GCC,0.07690994163852985,1.8037731757455357e-38
charging_tRNA_YKRIS0001_RS00035_GCA,0.043742617722364825,8.930352350536001e-38
charging_tRNA_YKRIS0001_RS00035_GCG,0.05008502806762442,-2.914758416663903e-38
charging_tRNA_YKRIS0001_RS0122700_GCU,0.0,-1.1399216440601864e-06
charging_tRNA_YKRIS0001_RS0122700_GCC,0.0,-1.1399216440601864e-06
charging_tRNA_YKRIS0001_RS0122700_GCA,0.0,-1.1399216440601864e-06
charging_tRNA_YKRIS0001_RS0122700_GCG,0.0,-1.1399216440601864e-06
charging_tRNA_YKRIS0001_RS01075_CGU,0.0,-3.974836276757791e-06
charging_tRNA_YKRIS0001_RS01075_CGC,0.0,-3.974836276757791e-06
charging_tRNA_YKRIS0001_RS01075_CGA,0.0,-3.974836276757791e-06
charging_tRNA_YKRIS0001_RS01075_CGG,0.0,-3.974836276757791e-06
charging_tRNA_YKRIS0001_RS01075_AGA,0.0,-3.974836276757791e-06
charging_tRNA_YKRIS0001_RS01075_AGG,0.0,-3.974836276757791e-06
charging_tRNA_YKRIS0001_RS01070_CAU,0.03832059814178245,-1.7865562283117072e-34
charging_tRNA_YKRIS0001_RS01070_CAC,0.031577967296567776,8.24206602476216e-35
charging_tRNA_YKRIS0001_RS01065_UUA,0.0,-2.846996715954322e-07
charging_tRNA_YKRIS0001_RS01065_UUG,0.0,-2.846996715954322e-07
charging_tRNA_YKRIS0001_RS01065_CUU,0.0,-2.846996715954322e-07
charging_tRNA_YKRIS0001_RS01065_CUC,0.0,-2.846996715954322e-07
charging_tRNA_YKRIS0001_RS01065_CUA,0.0,-2.846996715954322e-07
charging_tRNA_YKRIS0001_RS01065_CUG,0.0,-2.846996715954322e-07
charging_tRNA_YKRIS0001_RS01060_CCU,0.01916520112850196,-5.910297553627365e-38
charging_tRNA_YKRIS0001_RS01060_CCC,0.014203775612028458,7.150869345323917e-38
charging_tRNA_YKRIS0001_RS01060_CCA,0.02858885386484206,-4.939133872109418e-38
charging_tRNA_YKRIS0001_RS01060_CCG,0.04928497960797493,1.0226144107437077e-38
charging_tRNA_YKRIS0001_RS01235_ACU,0.0208268224851715,1.0306270347504584e-37
charging_tRNA_YKRIS0001_RS01235_ACC,0.06069137848989998,3.207501270472592e-38
charging_tRNA_YKRIS0001_RS01235_ACA,0.01864415215394122,2.8467552352801627e-38
charging_tRNA_YKRIS0001_RS01235_ACG,0.015248265101961303,-9.725253839334714e-38
charging_tRNA_YKRIS0001_RS01230_UAU,0.051403547813995136,-1.858058581923673e-37
charging_tRNA_YKRIS0001_RS01230_UAC,0.04213666868711302,2.2950509811590914e-37
charging_tRNA_YKRIS0001_RS01225_GGU,0.05565897297344276,-3.133815493394917e-38
charging_tRNA_YKRIS0001_RS01225_GGC,0.0475743034969777,1.5042299791708899e-38
charging_tRNA_YKRIS0001_RS01225_GGA,0.01043750237636841,-6.505485063456029e-38
charging_tRNA_YKRIS0001_RS01225_GGG,0.04263602964473309,-2.7701974986963473e-38
charging_tRNA_YKRIS0001_RS01220_ACU,0.0,-3.7898124952321173e-06
charging_tRNA_YKRIS0001_RS01220_ACC,0.0,-3.7898124952321173e-06
charging_tRNA_YKRIS0001_RS01220_ACA,0.0,-3.7898124952321173e-06
charging_tRNA_YKRIS0001_RS01220_ACG,0.0,-3.7898124952321173e-06
charging_tRNA_YKRIS0001_RS0122505_GUU,0.04123903649505142,3.462023605970194e-38
charging_tRNA_YKRIS0001_RS0122505_GUC,0.04165237831015758,-1.479633026905564e-37
charging_tRNA_YKRIS0001_RS0122505_GUA,0.01580271091507465,4.781331188456148e-38
charging_tRNA_YKRIS0001_RS0122505_GUG,0.045263189144186075,-6.820404462791928e-38
charging_tRNA_YKRIS0001_RS0122510_GUU,0.0,-2.649890851171931e-06
charging_tRNA_YKRIS0001_RS0122510_GUC,0.0,-2.649890851171931e-06
charging_tRNA_YKRIS0001_RS0122510_GUA,0.0,-2.649890851171931e-06
charging_tRNA_YKRIS0001_RS0122510_GUG,0.0,-2.649890851171931e-06
charging_tRNA_YKRIS0001_RS02010_UGG,0.030077173259903393,-1.1036863112553174e-34
charging_tRNA_YKRIS0001_RS0122285_UUA,0.0,-9.378036526066237e-06
charging_tRNA_YKRIS0001_RS0122285_UUG,0.0,-9.378036526066237e-06
charging_tRNA_YKRIS0001_RS0122285_CUU,0.0,-9.378036526066237e-06
charging_tRNA_YKRIS0001_RS0122285_CUC,0.0,-9.378036526066237e-06
charging_tRNA_YKRIS0001_RS0122285_CUA,0.0,-9.378036526066237e-06
charging_tRNA_YKRIS0001_RS0122285_CUG,0.0,-9.378036526066237e-06
charging_tRNA_YKRIS0001_RS0122290_UGU,0.015317542410347704,2.901520636246983e-37
charging_tRNA_YKRIS0001_RS0122290_UGC,0.015318290359974441,4.857881838790852e-37
charging_tRNA_YKRIS0001_RS0122295_GGU,0.0,-5.124220304858856e-06
charging_tRNA_YKRIS0001_RS0122295_GGC,0.0,-5.124220304858856e-06
charging_tRNA_YKRIS0001_RS0122295_GGA,0.0,-5.124220304858856e-06
charging_tRNA_YKRIS0001_RS0122295_GGG,0.0,-5.124220304858856e-06
charging_tRNA_YKRIS0001_RS0122115_AAA,0.13459625824866817,-2.7691941672721303e-35
charging_tRNA_YKRIS0001_RS0122115_AAG,0.02488373596775822,1.4066575079112436e-34
charging_tRNA_YKRIS0001_RS03885_GGU,0.0,-5.124220304858856e-06
charging_tRNA_YKRIS0001_RS03885_GGC,0.0,-5.124220304858856e-06
charging_tRNA_YKRIS0001_RS03885_GGA,0.0,-5.124220304858856e-06
charging_tRNA_YKRIS0001_RS03885_GGG,0.0,-5.124220304858856e-06
charging_tRNA_YKRIS0001_RS03880_GGU,0.0,-5.124220304858856e-06
charging_tRNA_YKRIS0001_RS03880_GGC,0.0,-5.124220304858856e-06
charging_tRNA_YKRIS0001_RS03880_GGA,0.0,-5.124220304858856e-06
charging_tRNA_YKRIS0001_RS03880_GGG,0.0,-5.124220304858856e-06
charging_tRNA_YKRIS0001_RS03875_GGU,0.0,-5.124220304858856e-06
charging_tRNA_YKRIS0001_RS03875_GGC,0.0,-5.124220304858856e-06
charging_tRNA_YKRIS0001_RS03875_GGA,0.0,-5.124220304858856e-06
charging_tRNA_YKRIS0001_RS03875_GGG,0.0,-5.124220304858856e-06
charging_tRNA_YKRIS0001_RS0121650_CGU,0.0,-7.66037611245266e-06
charging_tRNA_YKRIS0001_RS0121650_CGC,0.0,-7.66037611245266e-06
charging_tRNA_YKRIS0001_RS0121650_CGA,0.0,-7.66037611245266e-06
charging_tRNA_YKRIS0001_RS0121650_CGG,0.0,-7.66037611245266e-06
charging_tRNA_YKRIS0001_RS0121650_AGA,0.0,-7.66037611245266e-06
charging_tRNA_YKRIS0001_RS0121650_AGG,0.0,-7.66037611245266e-06
charging_tRNA_YKRIS0001_RS0121610_ACU,0.0,-3.0775018374042024e-06
charging_tRNA_YKRIS0001_RS0121610_ACC,0.0,-3.0775018374042024e-06
charging_tRNA_YKRIS0001_RS0121610_ACA,0.0,-3.0775018374042024e-06
charging_tRNA_YKRIS0001_RS0121610_ACG,0.0,-3.0775018374042024e-06
charging_tRNA_YKRIS0001_RS0121565_UUU,0.05918908659153885,-1.2824111562677941e-34
charging_tRNA_YKRIS0001_RS0121565_UUC,0.03442186461028078,-5.861808520214087e-37
charging_tRNA_YKRIS0001_RS06765_AUG,0.0,-6.2967920317671035e-06
charging_tRNA_YKRIS0001_RS06765_START,0.0,-6.2967920317671035e-06
charging_tRNA_YKRIS0001_RS06760_AUG,0.0,-6.2967920317671035e-06
charging_tRNA_YKRIS0001_RS06760_START,0.0,-6.2967920317671035e-06
charging_tRNA_YKRIS0001_RS06755_AUG,0.0,-6.2967920317671035e-06
charging_tRNA_YKRIS0001_RS06755_START,0.0,-6.2967920317671035e-06
charging_tRNA_YKRIS0001_RS38370_UGA,0.0,-8.354264182226564e-38
charging_tRNA_YKRIS0001_RS38440_AAU,0.06903754459605857,4.954408735455886e-37
charging_tRNA_YKRIS0001_RS38440_AAC,0.032206557129010716,3.782515019176974e-35
charging_tRNA_YKRIS0001_RS38550_AAU,0.0,4.884628330731155e-38
charging_tRNA_YKRIS0001_RS38550_AAC,0.0,3.7337749764252243e-35
charging_tRNA_YKRIS0001_RS40205_UGA,0.0,-2.8156964466022863e-37
charging_tRNA_YKRIS0001_RS40275_AAU,1.7479007999223145e-25,4.884628330731155e-38
charging_tRNA_YKRIS0001_RS40275_AAC,0.0,3.7337749764252243e-35
charging_tRNA_YKRIS0001_RS40385_AAU,0.0,4.884628330731155e-38
charging_tRNA_YKRIS0001_RS40385_AAC,0.0,3.7337749764252243e-35
charging_tRNA_YKRIS0001_RS0121020_GGU,0.0,-1.1032040005493278e-05
charging_tRNA_YKRIS0001_RS0121020_GGC,0.0,-1.1032040005493278e-05
charging_tRNA_YKRIS0001_RS0121020_GGA,0.0,-1.1032040005493278e-05
charging_tRNA_YKRIS0001_RS0121020_GGG,0.0,-1.1032040005493278e-05
charging_tRNA_YKRIS0001_RS09895_UUU,0.0,-1.2769427632052898e-34
charging_tRNA_YKRIS0001_RS09895_UUC,3.6167050935066665e-35,1.0149597494551782e-38
charging_tRNA_YKRIS0001_RS10380_UAU,0.0,-6.922179030696037e-38
charging_tRNA_YKRIS0001_RS10380_UAC,0.0,3.4748362244858534e-37
charging_tRNA_YKRIS0001_RS10375_UAU,1.1736568762590702e-34,-1.09297563642569e-38
charging_tRNA_YKRIS0001_RS10375_UAC,0.0,4.0647288461492345e-37
charging_tRNA_YKRIS0001_RS11120_UCU,0.0,-2.057467880346563e-05
charging_tRNA_YKRIS0001_RS11120_UCC,0.0,-2.057467880346563e-05
charging_tRNA_YKRIS0001_RS11120_UCA,0.0,-2.057467880346563e-05
charging_tRNA_YKRIS0001_RS11120_UCG,0.0,-2.057467880346563e-05
charging_tRNA_YKRIS0001_RS11120_AGU,0.0,-2.057467880346563e-05
charging_tRNA_YKRIS0001_RS11120_AGC,0.0,-2.057467880346563e-05
charging_tRNA_YKRIS0001_RS11110_UCU,0.0,-2.0289979131870195e-05
charging_tRNA_YKRIS0001_RS11110_UCC,0.0,-2.0289979131870195e-05
charging_tRNA_YKRIS0001_RS11110_UCA,0.0,-2.0289979131870195e-05
charging_tRNA_YKRIS0001_RS11110_UCG,0.0,-2.0289979131870195e-05
charging_tRNA_YKRIS0001_RS11110_AGU,0.0,-2.0289979131870195e-05
charging_tRNA_YKRIS0001_RS11110_AGC,0.0,-2.0289979131870195e-05
charging_tRNA_YKRIS0001_RS11740_AUG,0.043076864804028225,4.633448150630849e-34
charging_tRNA_YKRIS0001_RS11740_START,0.01565757144900561,6.193733830971459e-34
charging_tRNA_YKRIS0001_RS11735_UUA,0.0,-1.6378799789299046e-05
charging_tRNA_YKRIS0001_RS11735_UUG,0.0,-1.6378799789299046e-05
charging_tRNA_YKRIS0001_RS11735_CUU,0.0,-1.6378799789299046e-05
charging_tRNA_YKRIS0001_RS11735_CUC,0.0,-1.6378799789299046e-05
charging_tRNA_YKRIS0001_RS11735_CUA,0.0,-1.6378799789299046e-05
charging_tRNA_YKRIS0001_RS11735_CUG,0.0,-1.6378799789299046e-05
charging_tRNA_YKRIS0001_RS11730_CAA,0.0,-5.200359681643151e-35
charging_tRNA_YKRIS0001_RS11730_CAG,0.05643708601884423,-1.2776902683421255e-34
charging_tRNA_YKRIS0001_RS11725_CAA,0.06319378075837251,-5.200359681643151e-35
charging_tRNA_YKRIS0001_RS11725_CAG,0.0,-1.2776902683421255e-34
charging_tRNA_YKRIS0001_RS11720_AUG,0.0,4.635221076456281e-34
charging_tRNA_YKRIS0001_RS11720_START,0.0,6.195223576598542e-34
charging_tRNA_YKRIS0001_RS11715_CAA,0.0,-2.846996715954322e-07
charging_tRNA_YKRIS0001_RS11715_CAG,0.0,-2.846996715954322e-07
charging_tRNA_YKRIS0001_RS0120840_CGU,0.04204511641515128,1.1049353259860468e-38
charging_tRNA_YKRIS0001_RS0120840_CGC,0.02659435827900222,8.125013269841375e-38
charging_tRNA_YKRIS0001_RS0120840_CGA,0.0036816767356043995,-4.2534491118737796e-38
charging_tRNA_YKRIS0001_RS0120840_CGG,0.007001354040570938,-2.2987399154928074e-39
charging_tRNA_YKRIS0001_RS0120840_AGA,0.0003263916211280686,-6.370504006631624e-38
charging_tRNA_YKRIS0001_RS0120840_AGG,9.668356649443647e-05,1.5651729542397753e-37
charging_tRNA_YKRIS0001_RS12585_GAU,0.0,-1.6096450971815033e-06
charging_tRNA_YKRIS0001_RS12585_GAC,0.0,-1.6096450971815033e-06
charging_tRNA_YKRIS0001_RS0120515_GUU,0.0,-2.649890851171931e-06
charging_tRNA_YKRIS0001_RS0120515_GUC,0.0,-2.649890851171931e-06
charging_tRNA_YKRIS0001_RS0120515_GUA,0.0,-2.649890851171931e-06
charging_tRNA_YKRIS0001_RS0120515_GUG,0.0,-2.649890851171931e-06
charging_tRNA_YKRIS0001_RS13430_AUU,0.06540974376810742,-1.8391898267968545e-35
charging_tRNA_YKRIS0001_RS13430_AUC,0.038488577298480944,-9.836466414718477e-35
charging_tRNA_YKRIS0001_RS13430_AUA,0.02804918484463713,-6.943026302435796e-35
charging_tRNA_YKRIS0001_RS14830_UCU,0.0,-3.3250136946666824e-05
charging_tRNA_YKRIS0001_RS14830_UCC,0.0,-3.3250136946666824e-05
charging_tRNA_YKRIS0001_RS14830_UCA,0.0,-3.3250136946666824e-05
charging_tRNA_YKRIS0001_RS14830_UCG,0.0,-3.3250136946666824e-05
charging_tRNA_YKRIS0001_RS14830_AGU,0.0,-3.3250136946666824e-05
charging_tRNA_YKRIS0001_RS14830_AGC,0.0,-3.3250136946666824e-05
charging_tRNA_YKRIS0001_RS15635_UCU,0.0,-2.6197798832504512e-05
charging_tRNA_YKRIS0001_RS15635_UCC,0.0,-2.6197798832504512e-05
charging_tRNA_YKRIS0001_RS15635_UCA,0.0,-2.6197798832504512e-05
charging_tRNA_YKRIS0001_RS15635_UCG,0.0,-2.6197798832504512e-05
charging_tRNA_YKRIS0001_RS15635_AGU,0.0,-2.6197798832504512e-05
charging_tRNA_YKRIS0001_RS15635_AGC,0.0,-2.6197798832504512e-05
charging_tRNA_YKRIS0001_RS15630_ACU,0.0,-2.846996715954322e-07
charging_tRNA_YKRIS0001_RS15630_ACC,0.0,-2.846996715954322e-07
charging_tRNA_YKRIS0001_RS15630_ACA,0.0,-2.846996715954322e-07
charging_tRNA_YKRIS0001_RS15630_ACG,0.0,-2.846996715954322e-07
charging_tRNA_YKRIS0001_RS0120270_CCU,0.0,-5.910297553627365e-38
charging_tRNA_YKRIS0001_RS0120270_CCC,0.0,7.150869345323917e-38
charging_tRNA_YKRIS0001_RS0120270_CCA,-2.094613612034858e-34,-4.939133872109418e-38
charging_tRNA_YKRIS0001_RS0120270_CCG,0.0,1.0226144107437077e-38
charging_tRNA_YKRIS0001_RS16435_UUA,0.0,-5.114757920818083e-06
charging_tRNA_YKRIS0001_RS16435_UUG,0.0,-5.114757920818083e-06
charging_tRNA_YKRIS0001_RS16435_CUU,0.0,-5.114757920818083e-06
charging_tRNA_YKRIS0001_RS16435_CUC,0.0,-5.114757920818083e-06
charging_tRNA_YKRIS0001_RS16435_CUA,0.0,-5.114757920818083e-06
charging_tRNA_YKRIS0001_RS16435_CUG,0.0,-5.114757920818083e-06
charging_tRNA_YKRIS0001_RS16430_AUG,0.0,-6.2967920317671035e-06
charging_tRNA_YKRIS0001_RS16430_START,0.0,-6.2967920317671035e-06
charging_tRNA_YKRIS0001_RS16195_UUA,0.0,-1.5152407296104487e-05
charging_tRNA_YKRIS0001_RS16195_UUG,0.0,-1.5152407296104487e-05
charging_tRNA_YKRIS0001_RS16195_CUU,0.0,-1.5152407296104487e-05
charging_tRNA_YKRIS0001_RS16195_CUC,0.0,-1.5152407296104487e-05
charging_tRNA_YKRIS0001_RS16195_CUA,0.0,-1.5152407296104487e-05
charging_tRNA_YKRIS0001_RS16195_CUG,0.0,-1.5152407296104487e-05
charging_tRNA_YKRIS0001_RS0120175_UUA,0.032506556918331,4.2312304215181457e-38
charging_tRNA_YKRIS0001_RS0120175_UUG,0.07386669610911156,1.5781213673443954e-37
charging_tRNA_YKRIS0001_RS0120175_CUU,0.026076940141257283,4.559839262891047e-38
charging_tRNA_YKRIS0001_RS0120175_CUC,0.021909882518294378,-3.400811151416623e-38
charging_tRNA_YKRIS0001_RS0120175_CUA,0.017816160537049854,6.685414503341923e-38
charging_tRNA_YKRIS0001_RS0120175_CUG,0.06172087202000439,3.25804442010187e-38
charging_tRNA_YKRIS0001_RS0120180_UUA,0.0,-4.734948328841735e-37
charging_tRNA_YKRIS0001_RS0120180_UUG,0.0,-3.6180081508570867e-37
charging_tRNA_YKRIS0001_RS0120180_CUU,0.0,-4.490282392779149e-37
charging_tRNA_YKRIS0001_RS0120180_CUC,0.0,-5.8971512519245694e-37
charging_tRNA_YKRIS0001_RS0120180_CUA,0.0,-4.646570701391064e-37
charging_tRNA_YKRIS0001_RS0120180_CUG,0.0,-5.2345913682970044e-37
charging_tRNA_YKRIS0001_RS16580_UCU,0.018999618995178776,2.6542688241388267e-39
charging_tRNA_YKRIS0001_RS16580_UCC,0.009359850475222161,7.135415045625532e-38
charging_tRNA_YKRIS0001_RS16580_UCA,0.012293643416500398,-9.747416954163327e-38
charging_tRNA_YKRIS0001_RS16580_UCG,0.014135261438284431,-5.474705808953536e-38
charging_tRNA_YKRIS0001_RS16580_AGU,0.024941509673878256,-2.36502085180163e-38
charging_tRNA_YKRIS0001_RS16580_AGC,0.016854206133116226,-1.0672314576703482e-37
charging_tRNA_YKRIS0001_RS37690_AAU,2.199408471542646e-35,4.884628330731155e-38
charging_tRNA_YKRIS0001_RS37690_AAC,0.0,3.7337749764252243e-35
charging_tRNA_YKRIS0001_RS37815_CCU,0.0,-5.910297553627365e-38
charging_tRNA_YKRIS0001_RS37815_CCC,0.0,7.150869345323917e-38
charging_tRNA_YKRIS0001_RS37815_CCA,-1.0446772213736334e-42,-4.939133872109418e-38
charging_tRNA_YKRIS0001_RS37815_CCG,0.0,1.0226144107437077e-38
charging_tRNA_YKRIS0001_RS39610_AAU,0.0,4.884628330731155e-38
charging_tRNA_YKRIS0001_RS39610_AAC,0.0,3.7337749764252243e-35
charging_tRNA_YKRIS0001_RS39735_CCU,0.0,-5.910297553627365e-38
charging_tRNA_YKRIS0001_RS39735_CCC,0.0,7.150869345323917e-38
charging_tRNA_YKRIS0001_RS39735_CCA,0.0,-4.939133872109418e-38
charging_tRNA_YKRIS0001_RS39735_CCG,0.0,1.0226144107437077e-38
DM_RNA_g.2094.peg.2,0.0,0.0
DM_RNA_g.2094.peg.3,0.0,-25.42294657925569
DM_RNA_g.2094.peg.21,0.0,-8.205772110905415e-33
DM_RNA_g.2094.peg.23,0.0,-23.947094506672446
DM_RNA_g.2094.peg.24,0.0,-101.31371754542837
DM_RNA_527012.3.peg.30,0.0,-19.379244967687168
DM_RNA_g.2094.peg.36,0.0,-43.288713898187275
DM_RNA_g.2094.peg.38,0.0,-1.5663387200537328e-32
DM_RNA_g.2094.peg.43,0.0,-32.97308839501358
DM_RNA_g.2094.peg.47,0.0,-20.13595833749314
DM_RNA_g.2094.peg.50,0.0,-36.70190528385105
DM_RNA_g.2094.peg.63,0.0,-40.54648313871947
DM_RNA_527012.3.peg.77,0.0,-41.28627740607355
DM_RNA_527012.3.peg.78,0.0,0.0
DM_RNA_527012.3.peg.80,0.0,-8.527493492853773e-33
DM_RNA_527012.3.peg.81,0.0,0.0
DM_RNA_527012.3.peg.82,0.0,0.0
DM_RNA_527012.3.peg.83,0.0,-33.1155915298189
DM_RNA_527012.3.peg.84,0.0,1.4551085088357163e-32
DM_RNA_527012.3.peg.85,0.0,0.0
DM_RNA_g.2094.peg.87,0.0,0.0
DM_RNA_g.2094.peg.91,0.0,-5.000895359300803
DM_RNA_g.2094.peg.102,0.0,-8.006923686942927e-33
DM_RNA_527012.3.peg.110,0.0,0.0
DM_RNA_g.2094.peg.115,0.0,-11.149288924305191
DM_RNA_g.2094.peg.119,0.0,0.0
DM_RNA_g.2094.peg.122,0.0,7.80018426303493e-33
DM_RNA_527012.3.peg.127,0.0,0.0
DM_RNA_527012.3.peg.128,0.0,-28.85542531878327
DM_RNA_527012.3.peg.129,0.0,7.666104382883853e-33
DM_RNA_527012.3.peg.132,0.0,6.960756075978479e-33
DM_RNA_527012.3.peg.133,0.0,0.0
DM_RNA_g.2094.peg.134,0.0,-28.372816288630755
DM_RNA_527012.3.peg.134,0.0,1.1327727567372582e-32
DM_RNA_g.2094.peg.135,0.0,1.8216841336969282e-32
DM_RNA_527012.3.peg.135,0.0,-8.795267321590275e-33
DM_RNA_527012.3.peg.136,0.0,0.0
DM_RNA_527012.3.peg.137,0.0,0.0
DM_RNA_527012.3.peg.138,0.0,-8.463198151451878e-33
DM_RNA_g.2094.peg.142,0.0,-3.920055562808948e-33
DM_RNA_527012.3.peg.143,0.0,-45.76443235485554
DM_RNA_527012.3.peg.144,0.0,-6.545248394703555e-33
DM_RNA_g.2094.peg.145,0.0,-42.088520636299194
DM_RNA_527012.3.peg.145,0.0,-22.531657937791636
DM_RNA_g.2094.peg.147,0.0,1.7942141533624746e-32
DM_RNA_527012.3.peg.148,0.0,-39.958756637294194
DM_RNA_g.2094.peg.149,0.0,0.0
DM_RNA_g.2094.peg.153,0.0,-27.76495957608359
DM_RNA_g.2094.peg.160,0.0,0.0
DM_RNA_g.2094.peg.184,0.0,-19.90260378558826
DM_RNA_g.2094.peg.188,0.0,-1.319789689115527e-32
DM_RNA_g.2094.peg.190,0.0,-48.55897384296887
DM_RNA_g.2094.peg.197,0.0,-1.5327417892424495e-32
DM_RNA_g.2094.peg.201,0.0,0.0
DM_RNA_g.2094.peg.204,0.0,-29.834769876851453
DM_RNA_g.2094.peg.210,0.0,6.86856010767095e-33
DM_RNA_g.2094.peg.224,0.0,-8.908872762070376e-33
DM_RNA_527012.3.peg.226,0.0,0.0
DM_RNA_g.2094.peg.227,0.0,-1.2939205429249108e-32
DM_RNA_g.2094.peg.232,0.0,-51.0255335359402
DM_RNA_g.2094.peg.234,1.894794683279839e-30,0.0
DM_RNA_g.2094.peg.235,0.0,0.0
DM_RNA_g.2094.peg.238,0.0,-35.6409613266547
DM_RNA_g.2094.peg.240,0.0,0.0
DM_RNA_527012.3.peg.241,0.0,-39.62626952756162
DM_RNA_g.2094.peg.244,0.0,-22.623613511505223
DM_RNA_g.2094.peg.250,0.0,0.0
DM_RNA_527012.3.peg.250,0.0,-16.158038033784145
DM_RNA_g.2094.peg.251,0.0,-17.095328164942977
DM_RNA_527012.3.peg.252,0.0,-15.37280749182002
DM_RNA_g.2094.peg.254,0.0,-37.847479633687534
DM_RNA_g.2094.peg.255,0.0,-28.01943265947612
DM_RNA_g.2094.peg.264,0.0,-8.795267321590275e-33
DM_RNA_g.2094.peg.276,0.0,0.0
DM_RNA_g.2094.peg.284,0.0,0.0
DM_RNA_g.2094.peg.286,0.0,-104.72121030567806
DM_RNA_g.2094.peg.288,0.0,0.0
DM_RNA_g.2094.peg.297,0.0,0.0
DM_RNA_527012.3.peg.297,0.0,-19.379244967687168
DM_RNA_g.2094.peg.298,0.0,-21.992826110033064
DM_RNA_g.2094.peg.304,0.0,-35.332663527860454
DM_RNA_g.2094.peg.308,0.0,-33.72419411884729
DM_RNA_g.2094.peg.309,0.0,1.1557055506426952e-32
DM_RNA_g.2094.peg.314,0.0,-21.84125509832192
DM_RNA_g.2094.peg.325,0.0,-11.163848984359316
DM_RNA_g.2094.peg.333,0.0,1.1274817276103722e-32
DM_RNA_g.2094.peg.335,0.0,-19.252898717371323
DM_RNA_g.2094.peg.338,0.0,0.0
DM_RNA_g.2094.peg.339,0.0,0.0
DM_RNA_g.2094.peg.342,0.0,-197.4248236454911
DM_RNA_527012.3.peg.344,0.0,-41.28627740607355
DM_RNA_527012.3.peg.345,0.0,0.0
DM_RNA_527012.3.peg.347,0.0,-8.527493492853773e-33
DM_RNA_527012.3.peg.348,0.0,0.0
DM_RNA_527012.3.peg.349,0.0,0.0
DM_RNA_g.2094.peg.350,0.0,-4.695318190011526
DM_RNA_527012.3.peg.350,0.0,-33.1155915298189
DM_RNA_527012.3.peg.351,0.0,1.4551085088357163e-32
DM_RNA_527012.3.peg.352,0.0,0.0
DM_RNA_g.2094.peg.359,0.0,0.0
DM_RNA_g.2094.peg.360,0.0,-96.34227615019408
DM_RNA_g.2094.peg.363,0.0,-15.464028305949247
DM_RNA_g.2094.peg.364,0.0,-33.93720534124527
DM_RNA_g.2094.peg.365,0.0,-42.134059355871315
DM_RNA_g.2094.peg.366,0.0,-11.20896228042688
DM_RNA_g.2094.peg.370,0.0,1.1336301674969057e-32
DM_RNA_527012.3.peg.377,0.0,0.0
DM_RNA_g.2094.peg.380,0.0,1.1327727567372582e-32
DM_RNA_g.2094.peg.383,0.0,-79.00769549074091
DM_RNA_g.2094.peg.389,0.0,0.0
DM_RNA_g.2094.peg.390,0.0,-50.39062763015941
DM_RNA_527012.3.peg.394,0.0,0.0
DM_RNA_527012.3.peg.395,0.0,-28.85542531878327
DM_RNA_527012.3.peg.396,0.0,7.666104382883853e-33
DM_RNA_527012.3.peg.399,0.0,6.960756075978479e-33
DM_RNA_g.2094.peg.400,0.0,-6.916344946600325
DM_RNA_527012.3.peg.400,0.0,0.0
DM_RNA_g.2094.peg.401,0.0,0.0
DM_RNA_527012.3.peg.401,0.0,0.0
DM_RNA_527012.3.peg.402,0.0,-8.795267321590275e-33
DM_RNA_527012.3.peg.403,0.0,0.0
DM_RNA_g.2094.peg.404,0.0,-42.813753693424154
DM_RNA_527012.3.peg.404,0.0,0.0
DM_RNA_527012.3.peg.405,0.0,-8.463198151451878e-33
DM_RNA_g.2094.peg.407,0.0,-205.83501228174538
DM_RNA_g.2094.peg.408,0.0,0.0
DM_RNA_g.2094.peg.410,0.0,7.666104382883853e-33
DM_RNA_527012.3.peg.410,0.0,-46.642888218759246
DM_RNA_g.2094.peg.411,0.0,-25.151859947430918
DM_RNA_527012.3.peg.411,0.0,-6.545248394703555e-33
DM_RNA_527012.3.peg.412,0.0,0.0
DM_RNA_527012.3.peg.415,0.0,-39.958756637294194
DM_RNA_g.2094.peg.429,0.0,0.0
DM_RNA_g.2094.peg.437,0.0,-34.62952207079393
DM_RNA_g.2094.peg.447,0.0,0.0
DM_RNA_g.2094.peg.472,0.0,-1.0995487055530227e-32
DM_RNA_g.2094.peg.475,0.0,0.0
DM_RNA_g.2094.peg.478,0.0,-43.46885258892676
DM_RNA_g.2094.peg.480,0.0,-36.7287038358797
DM_RNA_g.2094.peg.483,0.0,-57.372666376856806
DM_RNA_g.2094.peg.485,0.0,0.0
DM_RNA_g.2094.peg.488,0.0,-43.94160480535244
DM_RNA_g.2094.peg.491,0.0,0.0
DM_RNA_527012.3.peg.493,0.0,0.0
DM_RNA_g.2094.peg.497,0.0,-34.30332422786264
DM_RNA_527012.3.peg.508,0.0,-39.62626952756162
DM_RNA_g.2094.peg.512,0.0,-8.564439996450857e-33
DM_RNA_527012.3.peg.517,0.0,-16.158038033784145
DM_RNA_527012.3.peg.519,0.0,-15.37280749182002
DM_RNA_g.2094.peg.534,0.0,5.199514871331014e-33
DM_RNA_g.2094.peg.535,0.0,-27.93061354475802
DM_RNA_g.2094.peg.536,0.0,0.0
DM_RNA_g.2094.peg.538,0.0,-21.283903635361966
DM_RNA_g.2094.peg.539,0.0,0.0
DM_RNA_527012.3.peg.540,0.0,-17.482802131948755
DM_RNA_527012.3.peg.541,0.0,-42.40655385912374
DM_RNA_527012.3.peg.542,0.0,-32.19400865508166
DM_RNA_527012.3.peg.543,0.0,-45.952932811372
DM_RNA_g.2094.peg.544,0.0,-1.7031971414503262e-32
DM_RNA_g.2094.peg.546,0.0,-18.401384018420686
DM_RNA_527012.3.peg.546,0.0,0.0
DM_RNA_527012.3.peg.547,0.0,5.938453700918434e-33
DM_RNA_g.2094.peg.549,0.0,1.5224966695058295e-32
DM_RNA_g.2094.peg.550,0.0,-40.87298502405813
DM_RNA_g.2094.peg.552,0.0,-41.43440413897958
DM_RNA_g.2094.peg.558,0.0,0.0
DM_RNA_g.2094.peg.565,0.0,-28.433303438653013
DM_RNA_527012.3.peg.572,0.0,-18.17248507427636
DM_RNA_g.2094.peg.573,0.0,0.0
DM_RNA_g.2094.peg.575,0.0,-54.444177676004365
DM_RNA_527012.3.peg.577,0.0,0.0
DM_RNA_527012.3.peg.578,0.0,0.0
DM_RNA_g.2094.peg.581,0.0,0.0
DM_RNA_g.2094.peg.582,0.0,-8.289796165481901
DM_RNA_g.2094.peg.586,0.0,0.0
DM_RNA_g.2094.peg.591,0.0,-1.7699767798235712e-32
DM_RNA_527012.3.peg.593,0.0,-21.891856507786347
DM_RNA_527012.3.peg.594,0.0,1.906125194582941e-32
DM_RNA_g.2094.peg.595,0.0,0.0
DM_RNA_g.2094.peg.599,0.0,-4.4298547137794025e-33
DM_RNA_g.2094.peg.609,0.0,0.0
DM_RNA_g.2094.peg.610,0.0,-25.550109605524
DM_RNA_g.2094.peg.611,0.0,0.0
DM_RNA_527012.3.peg.611,0.0,0.0
DM_RNA_527012.3.peg.612,0.0,-25.373519516259172
DM_RNA_527012.3.peg.613,0.0,-23.748063418909943
DM_RNA_527012.3.peg.614,0.0,0.0
DM_RNA_g.2094.peg.616,0.0,-24.04440378283681
DM_RNA_g.2094.peg.623,0.0,8.756396583059702e-33
DM_RNA_g.2094.peg.624,0.0,-21.404629241713543
DM_RNA_g.2094.peg.631,0.0,-67.35145604530084
DM_RNA_g.2094.peg.632,0.0,-45.2395795833487
DM_RNA_g.2094.peg.633,0.0,1.2061630774930013e-32
DM_RNA_g.2094.peg.635,0.0,-37.606365194855904
DM_RNA_g.2094.peg.637,0.0,-34.100878599436726
DM_RNA_g.2094.peg.638,0.0,-10.209710650219835
DM_RNA_g.2094.peg.640,0.0,0.0
DM_RNA_527012.3.peg.642,0.0,-48.35601695339224
DM_RNA_527012.3.peg.643,0.0,-38.13003811693503
DM_RNA_g.2094.peg.644,0.0,-16.431404636459238
DM_RNA_g.2094.peg.646,0.0,-39.958756637294194
DM_RNA_g.2094.peg.651,0.0,0.0
DM_RNA_g.2094.peg.652,0.0,-28.85542531878327
DM_RNA_527012.3.peg.653,0.0,-21.786418283858627
DM_RNA_527012.3.peg.655,0.0,-1.536934331648571e-32
DM_RNA_g.2094.peg.656,0.0,6.960756075978479e-33
DM_RNA_527012.3.peg.656,0.0,-1.0323974551039335e-32
DM_RNA_527012.3.peg.657,0.0,-1.5947842861881798e-32
DM_RNA_527012.3.peg.658,0.0,-19.38081690979872
DM_RNA_g.2094.peg.663,0.0,-33.043714183304736
DM_RNA_g.2094.peg.675,0.0,-53.62569034952249
DM_RNA_g.2094.peg.677,0.0,-44.37180327124142
DM_RNA_g.2094.peg.678,0.0,-10.508938366807056
DM_RNA_g.2094.peg.689,0.0,-19.84416304422534
DM_RNA_g.2094.peg.693,0.0,-36.23655727154448
DM_RNA_g.2094.peg.694,0.0,-17.716526463623378
DM_RNA_527012.3.peg.695,0.0,-22.357237924659657
DM_RNA_g.2094.peg.697,0.0,0.0
DM_RNA_g.2094.peg.703,0.0,0.0
DM_RNA_g.2094.peg.709,0.0,-41.79472715949191
DM_RNA_g.2094.peg.713,1.894794683279839e-30,6.182431019079324e-33
DM_RNA_g.2094.peg.721,0.0,1.5512048412649712e-32
DM_RNA_g.2094.peg.728,0.0,-40.95863349579208
DM_RNA_g.2094.peg.735,0.0,-30.040105144345926
DM_RNA_g.2094.peg.738,9.97738022526802e-46,1.62194393628898e-32
DM_RNA_g.2094.peg.745,0.0,-25.638631704393838
DM_RNA_527012.3.peg.752,0.0,1.1301520397857727e-32
DM_RNA_g.2094.peg.757,0.0,0.0
DM_RNA_527012.3.peg.757,0.0,-27.45142425193778
DM_RNA_g.2094.peg.763,0.0,-1.7833880165443275e-32
DM_RNA_527012.3.peg.772,0.0,0.0
DM_RNA_527012.3.peg.773,0.0,-39.668485026458086
DM_RNA_g.2094.peg.774,0.0,-47.17079145551961
DM_RNA_g.2094.peg.782,0.0,-53.610289730878655
DM_RNA_g.2094.peg.783,0.0,-6.314010869618414
DM_RNA_g.2094.peg.788,0.0,-28.5107995646812
DM_RNA_g.2094.peg.797,0.0,-50.758679020771446
DM_RNA_g.2094.peg.802,0.0,-42.14225143702733
DM_RNA_g.2094.peg.805,0.0,0.0
DM_RNA_g.2094.peg.813,0.0,-21.799490324508664
DM_RNA_g.2094.peg.816,0.0,-8.463198151451878e-33
DM_RNA_g.2094.peg.818,0.0,5.76287496647281e-33
DM_RNA_527012.3.peg.820,0.0,1.1292840623253717e-32
DM_RNA_g.2094.peg.840,0.0,-9.090419536348329e-33
DM_RNA_g.2094.peg.844,0.0,-7.587118299126508e-33
DM_RNA_g.2094.peg.856,0.0,-62.67172238211729
DM_RNA_g.2094.peg.865,0.0,1.2931186534184589e-32
DM_RNA_g.2094.peg.874,0.0,-8.567410225160378e-33
DM_RNA_g.2094.peg.883,0.0,-28.141296172517304
DM_RNA_g.2094.peg.900,0.0,0.0
DM_RNA_g.2094.peg.907,0.0,-18.222141567236967
DM_RNA_g.2094.peg.908,0.0,0.0
DM_RNA_g.2094.peg.914,0.0,-43.631068240913194
DM_RNA_g.2094.peg.917,0.0,-40.37983824105167
DM_RNA_g.2094.peg.918,0.0,-43.50063804103045
DM_RNA_g.2094.peg.922,0.0,-20.90535610309893
DM_RNA_g.2094.peg.926,0.0,3.87761277463142e-33
DM_RNA_527012.3.peg.928,0.0,-29.242576634123854
DM_RNA_g.2094.peg.929,0.0,-62.40064126452288
DM_RNA_g.2094.peg.930,0.0,-49.48970363358604
DM_RNA_g.2094.peg.935,0.0,-10.695638842567131
DM_RNA_g.2094.peg.941,0.0,-26.657636676918465
DM_RNA_527012.3.peg.941,0.0,-19.15213552255725
DM_RNA_g.2094.peg.946,0.0,-36.41743552648133
DM_RNA_527012.3.peg.946,0.0,-28.25235577992876
DM_RNA_527012.3.peg.949,0.0,-20.999318027770315
DM_RNA_527012.3.peg.950,0.0,-33.686262989589025
DM_RNA_g.2094.peg.952,0.0,-6.545248394703555e-33
DM_RNA_g.2094.peg.954,0.0,-15.748807355554876
DM_RNA_g.2094.peg.955,0.0,-32.221185898475724
DM_RNA_g.2094.peg.956,0.0,-44.8974049478284
DM_RNA_g.2094.peg.963,0.0,-29.4052010936996
DM_RNA_g.2094.peg.971,0.0,-24.24636084775283
DM_RNA_g.2094.peg.975,0.0,-42.18623161974775
DM_RNA_g.2094.peg.977,0.0,-21.9806648092273
DM_RNA_g.2094.peg.980,0.0,-21.91490231868435
DM_RNA_g.2094.peg.985,0.0,-29.004382961835095
DM_RNA_g.2094.peg.989,0.0,-11.905457268943088
DM_RNA_g.2094.peg.990,0.0,-45.78251656996027
DM_RNA_g.2094.peg.993,0.0,-26.304598348536185
DM_RNA_g.2094.peg.1002,0.0,-9.213092424493777
DM_RNA_g.2094.peg.1007,0.0,-1.4031199872992938e-32
DM_RNA_g.2094.peg.1012,0.0,-29.218179798151226
DM_RNA_g.2094.peg.1015,0.0,-18.962809436310216
DM_RNA_g.2094.peg.1019,0.0,-85.59657729041263
DM_RNA_g.2094.peg.1020,0.0,-14.872336285859252
DM_RNA_g.2094.peg.1021,-1.5952476207869436e-45,0.0
DM_RNA_g.2094.peg.1022,0.0,-11.0415751979471
DM_RNA_g.2094.peg.1024,0.0,-29.628739629098668
DM_RNA_g.2094.peg.1026,0.0,-1.3857765456570814e-32
DM_RNA_g.2094.peg.1031,0.0,-50.31337355400513
DM_RNA_g.2094.peg.1035,0.0,-22.888877922506772
DM_RNA_g.2094.peg.1036,0.0,-32.50842240686243
DM_RNA_g.2094.peg.1039,0.0,-21.320947383500467
DM_RNA_527012.3.peg.1043,0.0,-28.124441283828503
DM_RNA_g.2094.peg.1050,0.0,0.0
DM_RNA_g.2094.peg.1051,0.0,0.0
DM_RNA_g.2094.peg.1052,0.0,-25.477107681847414
DM_RNA_g.2094.peg.1054,0.0,-49.06297953015274
DM_RNA_g.2094.peg.1056,0.0,-75.99028529610332
DM_RNA_527012.3.peg.1059,0.0,0.0
DM_RNA_g.2094.peg.1060,0.0,0.0
DM_RNA_g.2094.peg.1064,0.0,5.9897803210001825e-33
DM_RNA_527012.3.peg.1066,0.0,-43.77391181601506
DM_RNA_g.2094.peg.1067,0.0,-44.20800490109751
DM_RNA_g.2094.peg.1070,0.0,-20.756031685586823
DM_RNA_g.2094.peg.1071,0.0,0.0
DM_RNA_g.2094.peg.1072,0.0,-28.330068716011215
DM_RNA_g.2094.peg.1074,0.0,0.0
DM_RNA_g.2094.peg.1079,0.0,-4.797440698743637e-33
DM_RNA_g.2094.peg.1085,0.0,2.9926633576387746e-33
DM_RNA_g.2094.peg.1087,0.0,-28.23138241484678
DM_RNA_g.2094.peg.1090,0.0,-27.664033382356713
DM_RNA_g.2094.peg.1093,0.0,-20.57432435971019
DM_RNA_g.2094.peg.1105,0.0,-51.68224556279933
DM_RNA_g.2094.peg.1112,0.0,0.0
DM_RNA_g.2094.peg.1115,2.3691080021187213e-31,1.1693759830574414e-32
DM_RNA_g.2094.peg.1116,0.0,-9.202537941759557e-33
DM_RNA_g.2094.peg.1117,0.0,-49.37779161510996
DM_RNA_g.2094.peg.1118,0.0,-8.096749548893198e-33
DM_RNA_g.2094.peg.1120,0.0,0.0
DM_RNA_g.2094.peg.1122,0.0,-35.288049207240185
DM_RNA_g.2094.peg.1124,0.0,-9.585188787657097e-33
DM_RNA_g.2094.peg.1125,0.0,-17.241400685879857
DM_RNA_g.2094.peg.1130,0.0,-44.661398771537435
DM_RNA_g.2094.peg.1134,0.0,-1.0284482112280877e-32
DM_RNA_g.2094.peg.1135,0.0,6.400097394511371e-33
DM_RNA_g.2094.peg.1136,0.0,-15.891553662493651
DM_RNA_527012.3.peg.1137,0.0,-30.34497834998998
DM_RNA_g.2094.peg.1142,0.0,-91.27857547304522
DM_RNA_g.2094.peg.1149,0.0,-29.86612429617142
DM_RNA_g.2094.peg.1150,0.0,4.046058161734467e-33
DM_RNA_g.2094.peg.1152,0.0,-42.05649123335657
DM_RNA_g.2094.peg.1160,0.0,-16.69099046012817
DM_RNA_g.2094.peg.1161,0.0,1.1173822903243702e-32
DM_RNA_g.2094.peg.1164,0.0,-23.303189422813766
DM_RNA_g.2094.peg.1167,0.0,0.0
DM_RNA_g.2094.peg.1168,0.0,-17.928394538818992
DM_RNA_g.2094.peg.1171,0.0,-38.05354625874317
DM_RNA_g.2094.peg.1174,0.0,-29.002588641562774
DM_RNA_g.2094.peg.1177,0.0,-7.22337449018732e-33
DM_RNA_g.2094.peg.1180,0.0,-23.45216750967155
DM_RNA_g.2094.peg.1184,0.0,-26.30804259942585
DM_RNA_g.2094.peg.1185,0.0,-8.096749548893198e-33
DM_RNA_g.2094.peg.1187,0.0,-38.23851181872311
DM_RNA_g.2094.peg.1188,0.0,-51.95658561678528
DM_RNA_g.2094.peg.1189,0.0,-30.084977074912707
DM_RNA_g.2094.peg.1191,0.0,-9.433462965091332e-33
DM_RNA_g.2094.peg.1195,0.0,0.0
DM_RNA_g.2094.peg.1196,0.0,-67.1905844011457
DM_RNA_g.2094.peg.1200,0.0,-26.790192774308075
DM_RNA_g.2094.peg.1203,0.0,-44.540790114377884
DM_RNA_g.2094.peg.1206,0.0,-32.83952800187219
DM_RNA_g.2094.peg.1208,0.0,2.0405195244653429e-32
DM_RNA_g.2094.peg.1210,0.0,-5.35185922962559e-33
DM_RNA_g.2094.peg.1211,0.0,0.0
DM_RNA_527012.3.peg.1212,0.0,-30.54048501830005
DM_RNA_g.2094.peg.1214,0.0,-28.76833783417369
DM_RNA_g.2094.peg.1215,0.0,-19.700109897482484
DM_RNA_g.2094.peg.1216,0.0,5.991279763248125e-33
DM_RNA_g.2094.peg.1225,0.0,-20.756031685586823
DM_RNA_g.2094.peg.1226,0.0,-7.454148366389466
DM_RNA_g.2094.peg.1230,0.0,8.602783259028006e-33
DM_RNA_g.2094.peg.1235,0.0,0.0
DM_RNA_g.2094.peg.1239,0.0,-51.407944824324225
DM_RNA_g.2094.peg.1243,0.0,-6.00937746665796
DM_RNA_g.2094.peg.1245,0.0,-58.704597443195404
DM_RNA_g.2094.peg.1249,0.0,-5.246948039859093
DM_RNA_g.2094.peg.1251,0.0,-39.225661930698756
DM_RNA_g.2094.peg.1253,0.0,-43.438339804625485
DM_RNA_g.2094.peg.1255,0.0,-26.545846052796797
DM_RNA_527012.3.peg.1255,0.0,-40.21935827693818
DM_RNA_g.2094.peg.1258,0.0,-64.32845934879852
DM_RNA_527012.3.peg.1260,0.0,-36.7287038358797
DM_RNA_g.2094.peg.1264,0.0,-40.18781821158492
DM_RNA_g.2094.peg.1265,0.0,-27.773120063963443
DM_RNA_g.2094.peg.1266,0.0,1.2151605695515122e-32
DM_RNA_527012.3.peg.1274,0.0,-29.53482117076469
DM_RNA_g.2094.peg.1276,0.0,-38.005533031994545
DM_RNA_527012.3.peg.1276,0.0,-32.176601694079345
DM_RNA_527012.3.peg.1277,0.0,-5.886596906146541
DM_RNA_g.2094.peg.1280,0.0,-34.66670502322098
DM_RNA_g.2094.peg.1282,0.0,-45.34748153645223
DM_RNA_g.2094.peg.1285,0.0,0.0
DM_RNA_g.2094.peg.1288,0.0,0.0
DM_RNA_g.2094.peg.1292,0.0,-29.296320084663936
DM_RNA_g.2094.peg.1293,0.0,-17.58311867143106
DM_RNA_g.2094.peg.1294,0.0,-9.876211070672616
DM_RNA_g.2094.peg.1296,0.0,-28.29532904895402
DM_RNA_g.2094.peg.1300,0.0,-42.62987856652043
DM_RNA_g.2094.peg.1305,0.0,-34.66670502322098
DM_RNA_g.2094.peg.1308,0.0,-37.653295124109874
DM_RNA_g.2094.peg.1309,0.0,-25.194837692205244
DM_RNA_g.2094.peg.1310,0.0,-15.832677788693465
DM_RNA_g.2094.peg.1311,0.0,-20.63555667193843
DM_RNA_g.2094.peg.1314,0.0,0.0
DM_RNA_g.2094.peg.1321,0.0,-21.702808106525378
DM_RNA_g.2094.peg.1324,0.0,-3.643593608996862
DM_RNA_527012.3.peg.1325,0.0,-1.4953044784549e-32
DM_RNA_g.2094.peg.1326,0.0,-28.634987980691832
DM_RNA_527012.3.peg.1327,0.0,0.0
DM_RNA_g.2094.peg.1329,0.0,-33.99405591130765
DM_RNA_g.2094.peg.1330,0.0,0.0
DM_RNA_g.2094.peg.1333,0.0,1.9644251569898644e-32
DM_RNA_g.2094.peg.1336,0.0,-16.158038033784145
DM_RNA_g.2094.peg.1337,0.0,-23.425529294768427
DM_RNA_g.2094.peg.1341,0.0,-38.26232761633333
DM_RNA_g.2094.peg.1343,0.0,-43.98338263230404
DM_RNA_g.2094.peg.1344,0.0,-42.84784811034252
DM_RNA_g.2094.peg.1346,0.0,-44.661398771537435
DM_RNA_g.2094.peg.1349,0.0,-45.69236980087907
DM_RNA_g.2094.peg.1351,0.0,-28.138533189618695
DM_RNA_g.2094.peg.1353,0.0,-28.965041444899143
DM_RNA_g.2094.peg.1357,0.0,-5.709011066630433
DM_RNA_g.2094.peg.1362,0.0,1.0608018590699534e-32
DM_RNA_g.2094.peg.1365,0.0,0.0
DM_RNA_g.2094.peg.1368,0.0,0.0
DM_RNA_g.2094.peg.1370,0.0,-38.04308542799827
DM_RNA_g.2094.peg.1381,0.0,-25.070358199205913
DM_RNA_g.2094.peg.1394,0.0,-28.54898386536814
DM_RNA_g.2094.peg.1395,0.0,-24.089540820368953
DM_RNA_g.2094.peg.1398,0.0,0.0
DM_RNA_g.2094.peg.1402,0.0,-42.89272414789196
DM_RNA_g.2094.peg.1406,0.0,0.0
DM_RNA_g.2094.peg.1410,0.0,-32.190412160738774
DM_RNA_g.2094.peg.1412,0.0,-1.5384686418014993e-32
DM_RNA_g.2094.peg.1414,0.0,-24.38633152663895
DM_RNA_g.2094.peg.1415,0.0,-44.594111443729915
DM_RNA_g.2094.peg.1417,0.0,0.0
DM_RNA_g.2094.peg.1419,0.0,-47.68414046473418
DM_RNA_g.2094.peg.1421,0.0,-19.46336527459581
DM_RNA_g.2094.peg.1422,0.0,0.0
DM_RNA_g.2094.peg.1423,0.0,-12.46814649619904
DM_RNA_g.2094.peg.1435,0.0,-36.51477224776653
DM_RNA_g.2094.peg.1436,0.0,-1.0808933049659542e-32
DM_RNA_g.2094.peg.1444,0.0,-33.854160953150675
DM_RNA_g.2094.peg.1448,0.0,-38.79929123298067
DM_RNA_g.2094.peg.1455,0.0,-35.008466825276315
DM_RNA_g.2094.peg.1456,0.0,-22.44463246630184
DM_RNA_g.2094.peg.1459,0.0,-18.735766090696412
DM_RNA_527012.3.peg.1460,0.0,-35.332663527860454
DM_RNA_g.2094.peg.1465,0.0,0.0
DM_RNA_g.2094.peg.1467,0.0,-35.781881369878256
DM_RNA_g.2094.peg.1486,0.0,-40.32605394478879
DM_RNA_527012.3.peg.1490,0.0,-19.448827863648837
DM_RNA_g.2094.peg.1492,0.0,-43.99403804396736
DM_RNA_g.2094.peg.1494,0.0,-12.250939543763664
DM_RNA_g.2094.peg.1497,0.0,-1.4019930068686392e-32
DM_RNA_527012.3.peg.1500,0.0,0.0
DM_RNA_g.2094.peg.1509,0.0,-28.54898386536814
DM_RNA_g.2094.peg.1512,0.0,-11.660953881389199
DM_RNA_527012.3.peg.1515,0.0,0.0
DM_RNA_g.2094.peg.1518,0.0,-34.36552147381669
DM_RNA_g.2094.peg.1521,0.0,-29.078095131538646
DM_RNA_527012.3.peg.1524,0.0,-19.19850185194532
DM_RNA_g.2094.peg.1527,0.0,-40.216653926438944
DM_RNA_g.2094.peg.1531,0.0,-28.29532904895402
DM_RNA_g.2094.peg.1537,8.012141023053818e-32,1.2962150110103926e-32
DM_RNA_g.2094.peg.1546,0.0,-37.026051066954714
DM_RNA_527012.3.peg.1550,0.0,-20.98871904320518
DM_RNA_g.2094.peg.1551,0.0,-35.86769467507313
DM_RNA_527012.3.peg.1553,0.0,-20.90535610309893
DM_RNA_g.2094.peg.1557,0.0,-67.5585143601721
DM_RNA_g.2094.peg.1559,0.0,-15.065859961936033
DM_RNA_g.2094.peg.1562,0.0,-2.3065419975502715e-32
DM_RNA_g.2094.peg.1565,0.0,0.0
DM_RNA_g.2094.peg.1573,0.0,-28.76833783417369
DM_RNA_g.2094.peg.1576,-2.5374625391884433e-30,-1.5717530830326228e-32
DM_RNA_g.2094.peg.1581,0.0,0.0
DM_RNA_g.2094.peg.1586,0.0,0.0
DM_RNA_g.2094.peg.1590,0.0,-20.7199829109489
DM_RNA_g.2094.peg.1593,0.0,-29.417689081361996
DM_RNA_g.2094.peg.1594,0.0,-7.744626384658219
DM_RNA_g.2094.peg.1600,0.0,-1.1377669955245316e-32
DM_RNA_g.2094.peg.1602,0.0,-51.30569211442223
DM_RNA_g.2094.peg.1603,0.0,-22.3147728928441
DM_RNA_g.2094.peg.1605,0.0,0.0
DM_RNA_g.2094.peg.1607,0.0,-1.101044201451974e-32
DM_RNA_g.2094.peg.1610,0.0,-9.7107537506836e-33
DM_RNA_g.2094.peg.1612,0.0,1.1876249620506997e-32
DM_RNA_g.2094.peg.1617,0.0,0.0
DM_RNA_g.2094.peg.1621,0.0,-10.52892526665773
DM_RNA_g.2094.peg.1623,0.0,4.046058161734467e-33
DM_RNA_527012.3.peg.1629,0.0,-9.421824780213372
DM_RNA_527012.3.peg.1630,0.0,-49.151258802397955
DM_RNA_g.2094.peg.1634,0.0,-21.314205128497225
DM_RNA_g.2094.peg.1636,0.0,-31.228576284327495
DM_RNA_g.2094.peg.1650,0.0,1.2174422609991796e-32
DM_RNA_g.2094.peg.1652,0.0,-19.40531662125883
DM_RNA_g.2094.peg.1653,0.0,0.0
DM_RNA_g.2094.peg.1654,0.0,-67.42523466664201
DM_RNA_g.2094.peg.1655,0.0,-21.668562232220278
DM_RNA_g.2094.peg.1662,0.0,-1.6947403652277953e-32
DM_RNA_527012.3.peg.1663,0.0,0.0
DM_RNA_g.2094.peg.1667,0.0,-24.153957505763707
DM_RNA_g.2094.peg.1669,0.0,4.1546317719891935e-32
DM_RNA_527012.3.peg.1670,0.0,-41.147611702541276
DM_RNA_g.2094.peg.1675,0.0,-4.190827260233951
DM_RNA_g.2094.peg.1676,0.0,-26.790192774308075
DM_RNA_g.2094.peg.1677,0.0,-37.338604406276175
DM_RNA_g.2094.peg.1683,0.0,-28.82956720822582
DM_RNA_g.2094.peg.1684,0.0,-7.652085230523722e-33
DM_RNA_g.2094.peg.1691,0.0,-47.39925635492621
DM_RNA_g.2094.peg.1692,0.0,-9.089188404421584
DM_RNA_g.2094.peg.1694,0.0,0.0
DM_RNA_g.2094.peg.1697,0.0,-78.6951091249349
DM_RNA_g.2094.peg.1702,0.0,0.0
DM_RNA_g.2094.peg.1707,0.0,-45.66246628808231
DM_RNA_g.2094.peg.1708,0.0,-6.702546126512998e-33
DM_RNA_g.2094.peg.1709,0.0,-76.6940634484924
DM_RNA_g.2094.peg.1714,0.0,-33.1311966875037
DM_RNA_527012.3.peg.1714,0.0,-43.07360906723418
DM_RNA_g.2094.peg.1718,0.0,0.0
DM_RNA_g.2094.peg.1720,0.0,-26.760311922605467
DM_RNA_g.2094.peg.1725,0.0,-43.20776273590772
DM_RNA_g.2094.peg.1730,0.0,-37.98670186202483
DM_RNA_g.2094.peg.1732,0.0,-22.278155745584147
DM_RNA_g.2094.peg.1733,0.0,-59.0733731302495
DM_RNA_g.2094.peg.1739,0.0,-69.07629497291632
DM_RNA_g.2094.peg.1741,0.0,-18.30136670008784
DM_RNA_g.2094.peg.1747,-4.956327343475468e-33,0.0
DM_RNA_g.2094.peg.1755,0.0,0.0
DM_RNA_g.2094.peg.1768,0.0,-21.045096637745715
DM_RNA_g.2094.peg.1769,0.0,0.0
DM_RNA_g.2094.peg.1772,0.0,-11.50515449123829
DM_RNA_g.2094.peg.1775,0.0,-43.438339804625485
DM_RNA_g.2094.peg.1778,0.0,-10.577901604571043
DM_RNA_g.2094.peg.1779,0.0,-49.623535432002974
DM_RNA_g.2094.peg.1784,0.0,-12.91115523532043
DM_RNA_g.2094.peg.1786,0.0,-27.842173536718754
DM_RNA_g.2094.peg.1787,0.0,-20.771916770790117
DM_RNA_g.2094.peg.1789,0.0,-22.619922364239507
DM_RNA_g.2094.peg.1793,0.0,-33.08576708195692
DM_RNA_g.2094.peg.1795,0.0,-18.254415986176955
DM_RNA_g.2094.peg.1796,0.0,-21.934830532975973
DM_RNA_g.2094.peg.1798,0.0,-29.05387316288217
DM_RNA_g.2094.peg.1800,0.0,-91.27857547304522
DM_RNA_g.2094.peg.1803,0.0,-32.35158714162535
DM_RNA_g.2094.peg.1805,0.0,-43.61713040846646
DM_RNA_g.2094.peg.1811,0.0,-25.98941976749417
DM_RNA_g.2094.peg.1812,0.0,-38.99135917394722
DM_RNA_g.2094.peg.1817,0.0,-37.81244594016309
DM_RNA_g.2094.peg.1821,0.0,-40.8023454982555
DM_RNA_g.2094.peg.1822,0.0,0.0
DM_RNA_g.2094.peg.1835,0.0,-11.540196361496834
DM_RNA_527012.3.peg.1835,0.0,-1.7031971414503262e-32
DM_RNA_g.2094.peg.1844,0.0,-24.48848514777151
DM_RNA_g.2094.peg.1845,0.0,-1.5415976889924357e-32
DM_RNA_527012.3.peg.1846,0.0,0.0
DM_RNA_g.2094.peg.1850,0.0,-1.5754503302167132e-32
DM_RNA_g.2094.peg.1851,0.0,-28.367931487292495
DM_RNA_527012.3.peg.1852,0.0,7.584992644635755e-33
DM_RNA_g.2094.peg.1855,0.0,0.0
DM_RNA_g.2094.peg.1856,0.0,-1.7395355078722903e-32
DM_RNA_527012.3.peg.1856,0.0,-116.81468591575755
DM_RNA_527012.3.peg.1863,0.0,0.0
DM_RNA_g.2094.peg.1865,0.0,0.0
DM_RNA_g.2094.peg.1866,0.0,-1.4437329485396941e-32
DM_RNA_527012.3.peg.1868,0.0,-37.17776242847151
DM_RNA_g.2094.peg.1869,0.0,-45.31981233951208
DM_RNA_g.2094.peg.1872,0.0,0.0
DM_RNA_g.2094.peg.1883,0.0,-53.16756645875034
DM_RNA_g.2094.peg.1890,0.0,5.991279763248125e-33
DM_RNA_g.2094.peg.1891,0.0,-26.671244453058716
DM_RNA_g.2094.peg.1893,0.0,-15.451356161292843
DM_RNA_g.2094.peg.1894,0.0,-11.452046284929162
DM_RNA_g.2094.peg.1898,0.0,-7.548694220261269e-33
DM_RNA_g.2094.peg.1901,0.0,-18.473615153390135
DM_RNA_527012.3.peg.1907,0.0,-48.64045111020982
DM_RNA_g.2094.peg.1908,0.0,9.820759558170349e-33
DM_RNA_g.2094.peg.1912,0.0,-41.031166861878326
DM_RNA_g.2094.peg.1914,0.0,-32.552889283984605
DM_RNA_g.2094.peg.1921,0.0,-38.79929123298067
DM_RNA_g.2094.peg.1923,0.0,1.141631063650326e-32
DM_RNA_g.2094.peg.1924,0.0,-24.982009140433217
DM_RNA_527012.3.peg.1926,0.0,0.0
DM_RNA_g.2094.peg.1931,0.0,-24.81506464819167
DM_RNA_g.2094.peg.1935,0.0,-43.20776273590772
DM_RNA_g.2094.peg.1936,0.0,0.0
DM_RNA_g.2094.peg.1938,0.0,-31.700988085700857
DM_RNA_g.2094.peg.1939,0.0,-64.75566614206072
DM_RNA_g.2094.peg.1940,0.0,-77.3640423706376
DM_RNA_g.2094.peg.1942,0.0,-29.63699519847198
DM_RNA_g.2094.peg.1943,0.0,0.0
DM_RNA_g.2094.peg.1946,0.0,1.0162433377674811e-32
DM_RNA_g.2094.peg.1948,8.43357103177531e-60,1.4552238449174293e-32
DM_RNA_g.2094.peg.1955,0.0,0.0
DM_RNA_g.2094.peg.1958,0.0,-17.082266195379386
DM_RNA_g.2094.peg.1961,0.0,-33.01848419732512
DM_RNA_527012.3.peg.1961,0.0,-6.40315736030664e-33
DM_RNA_g.2094.peg.1962,0.0,0.0
DM_RNA_527012.3.peg.1962,0.0,1.1876249620506997e-32
DM_RNA_g.2094.peg.1969,-2.2781313488346727e-33,1.07814105501327e-32
DM_RNA_g.2094.peg.1970,0.0,1.0182188554933928e-32
DM_RNA_g.2094.peg.1979,0.0,-45.66246628808231
DM_RNA_g.2094.peg.1982,0.0,-40.449634250740466
DM_RNA_g.2094.peg.1983,0.0,-57.438254414680564
DM_RNA_g.2094.peg.1988,0.0,-28.041538736565503
DM_RNA_527012.3.peg.1989,0.0,-21.314205128497225
DM_RNA_g.2094.peg.1996,0.0,3.0141836536241807e-32
DM_RNA_g.2094.peg.1998,0.0,9.820759558170349e-33
DM_RNA_g.2094.peg.2003,0.0,-5.939433702522228
DM_RNA_527012.3.peg.2008,0.0,-19.151759808585837
DM_RNA_527012.3.peg.2009,0.0,-3.142066561936952e-32
DM_RNA_g.2094.peg.2014,0.0,-4.425886678828415
DM_RNA_g.2094.peg.2019,0.0,-43.503564753045545
DM_RNA_g.2094.peg.2023,-9.434793901555967e-62,0.0
DM_RNA_g.2094.peg.2024,0.0,-27.279326152394244
DM_RNA_g.2094.peg.2026,0.0,-29.67065926232186
DM_RNA_g.2094.peg.2027,0.0,-11.123404783203727
DM_RNA_g.2094.peg.2032,0.0,-19.909186028388483
DM_RNA_g.2094.peg.2037,0.0,-19.92236681625222
DM_RNA_g.2094.peg.2041,0.0,-43.37736699936734
DM_RNA_g.2094.peg.2048,0.0,0.0
DM_RNA_g.2094.peg.2049,0.0,-35.48317306788639
DM_RNA_g.2094.peg.2051,0.0,0.0
DM_RNA_g.2094.peg.2053,0.0,0.0
DM_RNA_g.2094.peg.2057,0.0,-70.84212683516962
DM_RNA_g.2094.peg.2058,0.0,-42.44855515193564
DM_RNA_g.2094.peg.2059,0.0,0.0
DM_RNA_g.2094.peg.2062,-1.1439815351668626e-29,0.0
DM_RNA_g.2094.peg.2073,0.0,1.4927875620781588e-32
DM_RNA_g.2094.peg.2078,0.0,-34.972504206562505
DM_RNA_527012.3.peg.2080,0.0,-42.40036629704861
DM_RNA_g.2094.peg.2081,0.0,-20.736010987158785
DM_RNA_g.2094.peg.2089,0.0,-37.2063876428839
DM_RNA_g.2094.peg.2095,0.0,-63.64343695122451
DM_RNA_g.2094.peg.2097,0.0,-21.91638885172038
DM_RNA_g.2094.peg.2109,0.0,-29.284989695990625
DM_RNA_g.2094.peg.2110,0.0,-14.494062032637787
DM_RNA_527012.3.peg.2114,0.0,1.1173822903243702e-32
DM_RNA_g.2094.peg.2124,0.0,1.4551085088357163e-32
DM_RNA_g.2094.peg.2127,0.0,-26.321013624380758
DM_RNA_g.2094.peg.2129,0.0,-6.43383984706149
DM_RNA_g.2094.peg.2130,0.0,-26.131245330635565
DM_RNA_g.2094.peg.2144,0.0,0.0
DM_RNA_527012.3.peg.2146,0.0,-19.906100025058272
DM_RNA_g.2094.peg.2149,0.0,7.21835541816511e-33
DM_RNA_g.2094.peg.2152,0.0,0.0
DM_RNA_527012.3.peg.2152,0.0,-22.137554254372244
DM_RNA_g.2094.peg.2155,0.0,-23.264838422228998
DM_RNA_g.2094.peg.2159,0.0,-7.363267997214677
DM_RNA_527012.3.peg.2162,0.0,7.006926197986875e-33
DM_RNA_527012.3.peg.2163,0.0,-78.6951091249349
DM_RNA_g.2094.peg.2164,0.0,-36.26546685665108
DM_RNA_g.2094.peg.2172,0.0,-8.881153296736949
DM_RNA_g.2094.peg.2173,0.0,-29.831162652293205
DM_RNA_527012.3.peg.2173,0.0,5.9897803210001825e-33
DM_RNA_g.2094.peg.2176,0.0,-4.867903396599008
DM_RNA_g.2094.peg.2177,0.0,-11.73336212620722
DM_RNA_g.2094.peg.2182,0.0,-19.692854920204695
DM_RNA_527012.3.peg.2184,0.0,3.376409165594311e-32
DM_RNA_527012.3.peg.2185,0.0,-7.353017976033202e-33
DM_RNA_g.2094.peg.2186,0.0,-13.881371760484125
DM_RNA_527012.3.peg.2186,0.0,0.0
DM_RNA_g.2094.peg.2187,0.0,-14.82062779088858
DM_RNA_527012.3.peg.2187,0.0,1.4828295776437452e-32
DM_RNA_527012.3.peg.2188,0.0,-35.37198833454882
DM_RNA_527012.3.peg.2189,0.0,-23.876603133985263
DM_RNA_g.2094.peg.2194,0.0,-24.467900856090235
DM_RNA_g.2094.peg.2198,0.0,-16.513083095864296
DM_RNA_g.2094.peg.2199,0.0,-1.3078003781271259e-32
DM_RNA_g.2094.peg.2201,-1.1439815351668626e-29,0.0
DM_RNA_g.2094.peg.2210,0.0,-23.304991919820182
DM_RNA_g.2094.peg.2212,0.0,-50.641675378211055
DM_RNA_g.2094.peg.2213,-1.1439815351668626e-29,1.934206680819454e-32
DM_RNA_g.2094.peg.2215,0.0,-36.626899613186374
DM_RNA_g.2094.peg.2217,0.0,-15.511712629269496
DM_RNA_g.2094.peg.2219,0.0,-9.7107537506836e-33
DM_RNA_g.2094.peg.2221,-1.1439815351668626e-29,0.0
DM_RNA_g.2094.peg.2222,0.0,-35.40700497697472
DM_RNA_g.2094.peg.2231,3.333972275919896e-61,0.0
DM_RNA_527012.3.peg.2233,0.0,-29.567689646645423
DM_RNA_g.2094.peg.2234,0.0,0.0
DM_RNA_g.2094.peg.2237,0.0,9.670826673516614e-33
DM_RNA_527012.3.peg.2237,0.0,0.0
DM_RNA_g.2094.peg.2239,0.0,-48.21280584766572
DM_RNA_g.2094.peg.2241,0.0,-34.21907286082621
DM_RNA_g.2094.peg.2258,0.0,-37.622516926552294
DM_RNA_g.2094.peg.2265,0.0,-26.19475503033075
DM_RNA_g.2094.peg.2272,0.0,-8.527493492853773e-33
DM_RNA_g.2094.peg.2273,0.0,-60.77752495782958
DM_RNA_g.2094.peg.2276,0.0,-35.0842324740422
DM_RNA_g.2094.peg.2277,0.0,-28.970782006133653
DM_RNA_g.2094.peg.2282,0.0,1.1826059932132024e-32
DM_RNA_g.2094.peg.2287,0.0,0.0
DM_RNA_g.2094.peg.2288,0.0,-34.43586547013912
DM_RNA_g.2094.peg.2291,0.0,-40.157267586870304
DM_RNA_527012.3.peg.2291,0.0,0.0
DM_RNA_g.2094.peg.2293,0.0,-23.041360388337438
DM_RNA_g.2094.peg.2295,0.0,-29.591097779512207
DM_RNA_g.2094.peg.2296,0.0,-35.612176804998754
DM_RNA_g.2094.peg.2297,0.0,0.0
DM_RNA_527012.3.peg.2297,0.0,-31.700988085700857
DM_RNA_527012.3.peg.2298,0.0,-34.473871169951536
DM_RNA_g.2094.peg.2299,0.0,-41.37895436329731
DM_RNA_527012.3.peg.2300,0.0,-59.15789295506959
DM_RNA_g.2094.peg.2301,0.0,-18.71348846453584
DM_RNA_g.2094.peg.2308,0.0,0.0
DM_RNA_g.2094.peg.2311,0.0,-22.142103049273903
DM_RNA_g.2094.peg.2313,-5.401841111359322e-35,0.0
DM_RNA_g.2094.peg.2314,0.0,-38.38238084570319
DM_RNA_g.2094.peg.2318,0.0,0.0
DM_RNA_527012.3.peg.2319,0.0,-24.38633152663895
DM_RNA_g.2094.peg.2320,0.0,-18.218822064191237
DM_RNA_527012.3.peg.2325,0.0,0.0
DM_RNA_g.2094.peg.2330,0.0,-26.123185077042255
DM_RNA_g.2094.peg.2334,0.0,0.0
DM_RNA_g.2094.peg.2335,0.0,0.0
DM_RNA_527012.3.peg.2337,0.0,-28.792191131346296
DM_RNA_g.2094.peg.2338,0.0,-24.504401457484576
DM_RNA_g.2094.peg.2340,-1.1439815351668626e-29,-1.4787602611894557e-32
DM_RNA_g.2094.peg.2343,0.0,-9.287718647628664
DM_RNA_g.2094.peg.2345,0.0,0.0
DM_RNA_g.2094.peg.2348,0.0,-31.08828967404433
DM_RNA_g.2094.peg.2352,0.0,-1.4673718052552643e-32
DM_RNA_g.2094.peg.2354,0.0,-1.5234044905680698e-32
DM_RNA_g.2094.peg.2363,0.0,-62.204106234790395
DM_RNA_g.2094.peg.2364,0.0,-55.1479328617248
DM_RNA_g.2094.peg.2365,0.0,1.2332579317706676e-32
DM_RNA_g.2094.peg.2373,0.0,-24.80704039847691
DM_RNA_g.2094.peg.2375,0.0,0.0
DM_RNA_g.2094.peg.2378,0.0,-35.02225279430679
DM_RNA_527012.3.peg.2379,0.0,0.0
DM_RNA_527012.3.peg.2381,0.0,-30.96221368814482
DM_RNA_527012.3.peg.2382,0.0,-25.631502198551008
DM_RNA_527012.3.peg.2383,0.0,-12.953277206224836
DM_RNA_g.2094.peg.2387,0.0,-31.161222520810796
DM_RNA_g.2094.peg.2393,0.0,-9.000938088909482
DM_RNA_g.2094.peg.2407,0.0,0.0
DM_RNA_g.2094.peg.2409,0.0,-23.277136722022117
DM_RNA_g.2094.peg.2413,0.0,-28.995560121512963
DM_RNA_g.2094.peg.2415,0.0,0.0
DM_RNA_g.2094.peg.2416,0.0,-34.30104725303788
DM_RNA_g.2094.peg.2417,0.0,-8.230739112081707
DM_RNA_g.2094.peg.2419,0.0,-23.78124115246658
DM_RNA_527012.3.peg.2419,0.0,-34.971688916978096
DM_RNA_g.2094.peg.2421,0.0,-32.400845276165285
DM_RNA_527012.3.peg.2425,0.0,-29.078095131538646
DM_RNA_g.2094.peg.2426,-2.589091866640891e-33,9.063636327499379e-33
DM_RNA_g.2094.peg.2428,0.0,1.2061630774930013e-32
DM_RNA_g.2094.peg.2434,0.0,-129.71165235622792
DM_RNA_g.2094.peg.2437,0.0,-28.3167646666716
DM_RNA_g.2094.peg.2443,0.0,0.0
DM_RNA_g.2094.peg.2444,-1.1439815351668626e-29,4.242203424854178e-33
DM_RNA_g.2094.peg.2445,0.0,-34.90105862303576
DM_RNA_527012.3.peg.2446,0.0,-44.15957952721183
DM_RNA_g.2094.peg.2454,0.0,-61.891801315444276
DM_RNA_g.2094.peg.2455,0.0,0.0
DM_RNA_g.2094.peg.2456,0.0,-31.64756505628056
DM_RNA_g.2094.peg.2462,-1.1439815351668626e-29,-6.793224116523407e-33
DM_RNA_g.2094.peg.2463,-2.7536094135074843e-45,0.0
DM_RNA_g.2094.peg.2465,0.0,-31.665346249544115
DM_RNA_g.2094.peg.2469,0.0,0.0
DM_RNA_g.2094.peg.2478,0.0,-27.472664579119588
DM_RNA_g.2094.peg.2480,0.0,-1.528441571343742e-32
DM_RNA_g.2094.peg.2483,0.0,7.842088262166378e-33
DM_RNA_g.2094.peg.2494,0.0,-31.308546205960052
DM_RNA_g.2094.peg.2497,0.0,-38.69863576947199
DM_RNA_g.2094.peg.2498,0.0,-69.97624735937151
DM_RNA_g.2094.peg.2502,0.0,-14.003683793307319
DM_RNA_g.2094.peg.2509,0.0,0.0
DM_RNA_g.2094.peg.2516,0.0,1.5304920098223806e-32
DM_RNA_527012.3.peg.2516,0.0,-29.920787384177782
DM_RNA_g.2094.peg.2517,0.0,0.0
DM_RNA_527012.3.peg.2517,0.0,0.0
DM_RNA_g.2094.peg.2518,0.0,0.0
DM_RNA_g.2094.peg.2519,0.0,-17.99743647936402
DM_RNA_g.2094.peg.2527,0.0,-39.2815758440532
DM_RNA_527012.3.peg.2529,0.0,-44.15957952721183
DM_RNA_g.2094.peg.2530,0.0,-30.02069815594023
DM_RNA_g.2094.peg.2542,0.0,0.0
DM_RNA_g.2094.peg.2545,0.0,-61.98314839440406
DM_RNA_g.2094.peg.2552,0.0,-15.04465343798948
DM_RNA_g.2094.peg.2559,0.0,-48.85485418281888
DM_RNA_g.2094.peg.2571,-1.1439815351668626e-29,-5.7099599068608834e-33
DM_RNA_g.2094.peg.2575,0.0,0.0
DM_RNA_g.2094.peg.2579,0.0,-29.90635316898291
DM_RNA_g.2094.peg.2588,0.0,-9.894907446956172
DM_RNA_g.2094.peg.2589,0.0,-18.703241793328484
DM_RNA_g.2094.peg.2592,0.0,0.0
DM_RNA_g.2094.peg.2595,-1.1439815351668626e-29,0.0
DM_RNA_g.2094.peg.2596,0.0,-43.89187886205742
DM_RNA_527012.3.peg.2599,0.0,-29.920787384177782
DM_RNA_g.2094.peg.2600,0.0,-21.84318126478851
DM_RNA_527012.3.peg.2600,0.0,0.0
DM_RNA_g.2094.peg.2608,0.0,-27.391378159238684
DM_RNA_527012.3.peg.2611,0.0,-12.46814649619904
DM_RNA_g.2094.peg.2614,0.0,-18.08289373764274
DM_RNA_g.2094.peg.2617,0.0,-44.36531313254065
DM_RNA_g.2094.peg.2623,0.0,0.0
DM_RNA_527012.3.peg.2625,0.0,-47.56814630726531
DM_RNA_g.2094.peg.2626,0.0,0.0
DM_RNA_527012.3.peg.2626,0.0,0.0
DM_RNA_g.2094.peg.2633,-5.628954179592688e-33,0.0
DM_RNA_527012.3.peg.2633,0.0,9.323667556124402e-33
DM_RNA_g.2094.peg.2637,0.0,-43.26993173474601
DM_RNA_g.2094.peg.2640,0.0,-41.6458567786953
DM_RNA_g.2094.peg.2641,0.0,-72.9556964222073
DM_RNA_g.2094.peg.2653,0.0,0.0
DM_RNA_g.2094.peg.2663,0.0,-16.775513582606884
DM_RNA_g.2094.peg.2664,0.0,-38.005533031994545
DM_RNA_527012.3.peg.2666,0.0,0.0
DM_RNA_527012.3.peg.2667,0.0,0.0
DM_RNA_g.2094.peg.2669,0.0,0.0
DM_RNA_g.2094.peg.2675,0.0,-9.240894550669843
DM_RNA_g.2094.peg.2699,0.0,0.0
DM_RNA_g.2094.peg.2703,0.0,0.0
DM_RNA_g.2094.peg.2704,0.0,-16.259018790158965
DM_RNA_g.2094.peg.2714,0.0,-32.486670076339216
DM_RNA_g.2094.peg.2719,0.0,1.0599889275830795e-32
DM_RNA_g.2094.peg.2729,0.0,0.0
DM_RNA_g.2094.peg.2735,0.0,-65.47121060823953
DM_RNA_g.2094.peg.2736,0.0,0.0
DM_RNA_527012.3.peg.2742,0.0,-67.42523466664201
DM_RNA_g.2094.peg.2752,0.0,0.0
DM_RNA_g.2094.peg.2753,0.0,-46.94429272708958
DM_RNA_g.2094.peg.2756,0.0,-49.13776499805572
DM_RNA_g.2094.peg.2757,0.0,-103.54917512720775
DM_RNA_g.2094.peg.2763,0.0,-49.25141125526792
DM_RNA_g.2094.peg.2770,0.0,-63.633243729721336
DM_RNA_g.2094.peg.2774,0.0,-12.64552663789986
DM_RNA_g.2094.peg.2777,0.0,-36.23655727154448
DM_RNA_g.2094.peg.2781,0.0,-38.710398635407955
DM_RNA_g.2094.peg.2787,0.0,-40.8707919832114
DM_RNA_g.2094.peg.2788,0.0,-31.173772505664534
DM_RNA_g.2094.peg.2789,0.0,-81.38138740903055
DM_RNA_g.2094.peg.2790,0.0,-43.23659696905158
DM_RNA_g.2094.peg.2793,0.0,-16.706779770149097
DM_RNA_g.2094.peg.2796,0.0,-25.305907676994103
DM_RNA_g.2094.peg.2801,0.0,-28.970782006133653
DM_RNA_g.2094.peg.2803,0.0,-40.85268516088863
DM_RNA_g.2094.peg.2804,0.0,-40.86449411110539
DM_RNA_g.2094.peg.2810,0.0,-32.02099239512412
DM_RNA_g.2094.peg.2811,0.0,-27.281284601168025
DM_RNA_g.2094.peg.2813,0.0,-22.22301744685264
DM_RNA_g.2094.peg.2814,0.0,-30.441532086570962
DM_RNA_g.2094.peg.2824,0.0,8.848434786359681e-33
DM_RNA_g.2094.peg.2828,0.0,-57.578972864400264
DM_RNA_g.2094.peg.2830,0.0,0.0
DM_RNA_527012.3.peg.2837,0.0,-36.509395879563705
DM_RNA_527012.3.peg.2838,0.0,0.0
DM_RNA_g.2094.peg.2845,0.0,-33.52337798456189
DM_RNA_g.2094.peg.2846,0.0,-31.12143505816043
DM_RNA_g.2094.peg.2848,0.0,-34.42493715751641
DM_RNA_g.2094.peg.2850,0.0,-16.18879767723023
DM_RNA_527012.3.peg.2850,2.0906015461621654e-33,-1.528441571343742e-32
DM_RNA_g.2094.peg.2854,0.0,0.0
DM_RNA_527012.3.peg.2857,0.0,-15.45030842246122
DM_RNA_g.2094.peg.2860,1.6867449527004047e-30,0.0
DM_RNA_g.2094.peg.2862,0.0,0.0
DM_RNA_g.2094.peg.2866,0.0,-27.292536279731173
DM_RNA_g.2094.peg.2870,-1.1439815351668626e-29,-6.563312070257808e-33
DM_RNA_g.2094.peg.2872,0.0,0.0
DM_RNA_g.2094.peg.2873,0.0,-24.781334086157155
DM_RNA_g.2094.peg.2876,0.0,-38.967949928136676
DM_RNA_g.2094.peg.2879,0.0,-76.05761902109525
DM_RNA_g.2094.peg.2889,1.5710861426472522e-30,-8.889604796523562e-33
DM_RNA_g.2094.peg.2899,0.0,-26.177743455013005
DM_RNA_g.2094.peg.2902,0.0,-11.591711808464154
DM_RNA_g.2094.peg.2908,0.0,-71.68901328958897
DM_RNA_g.2094.peg.2911,0.0,-30.701445373847225
DM_RNA_g.2094.peg.2920,0.0,-21.488805198969665
DM_RNA_g.2094.peg.2922,0.0,1.5884257392823327e-32
DM_RNA_527012.3.peg.2922,0.0,0.0
DM_RNA_527012.3.peg.2923,0.0,0.0
DM_RNA_527012.3.peg.2924,0.0,0.0
DM_RNA_527012.3.peg.2925,0.0,0.0
DM_RNA_527012.3.peg.2926,0.0,1.3917506275655252e-32
DM_RNA_527012.3.peg.2927,0.0,0.0
DM_RNA_g.2094.peg.2936,0.0,-21.332209098590063
DM_RNA_g.2094.peg.2942,0.0,-8.680802350592026
DM_RNA_527012.3.peg.2942,0.0,0.0
DM_RNA_g.2094.peg.2944,0.0,-38.03811002290229
DM_RNA_527012.3.peg.2946,0.0,-1.1680924436911784e-32
DM_RNA_g.2094.peg.2947,0.0,-45.604009594590934
DM_RNA_g.2094.peg.2949,0.0,0.0
DM_RNA_g.2094.peg.2952,0.0,-43.78633223909607
DM_RNA_g.2094.peg.2953,0.0,-72.75894974847084
DM_RNA_g.2094.peg.2955,0.0,-23.22694113343722
DM_RNA_g.2094.peg.2956,0.0,9.038723187741849e-33
DM_RNA_g.2094.peg.2963,0.0,0.0
DM_RNA_527012.3.peg.2964,0.0,-43.32760622295508
DM_RNA_527012.3.peg.2969,-1.4233870416569442e-31,0.0
DM_RNA_g.2094.peg.2970,-1.1439815351668626e-29,0.0
DM_RNA_527012.3.peg.2970,0.0,-30.168369312603026
DM_RNA_527012.3.peg.2974,0.0,-37.2063876428839
DM_RNA_g.2094.peg.2975,0.0,-40.3516206840536
DM_RNA_527012.3.peg.2978,0.0,0.0
DM_RNA_g.2094.peg.2980,0.0,-21.249768776047212
DM_RNA_g.2094.peg.2981,0.0,-43.78633223909607
DM_RNA_g.2094.peg.2985,0.0,-76.23642482555819
DM_RNA_g.2094.peg.2989,0.0,1.0280509818770952e-32
DM_RNA_g.2094.peg.3001,0.0,-54.44141431968146
DM_RNA_527012.3.peg.3001,0.0,-35.9147118200353
DM_RNA_g.2094.peg.3006,0.0,6.42348386943542e-33
DM_RNA_g.2094.peg.3015,0.0,0.0
DM_RNA_g.2094.peg.3021,0.0,-12.309792395032407
DM_RNA_g.2094.peg.3030,0.0,-33.277487143425624
DM_RNA_g.2094.peg.3032,0.0,-44.18184416736741
DM_RNA_g.2094.peg.3033,0.0,1.0355646685449534e-32
DM_RNA_g.2094.peg.3036,0.0,0.0
DM_RNA_g.2094.peg.3037,0.0,-22.03987964161387
DM_RNA_g.2094.peg.3041,0.0,1.3958897525000878e-32
DM_RNA_g.2094.peg.3045,0.0,-26.183809624720382
DM_RNA_g.2094.peg.3050,0.0,-10.209710650219835
DM_RNA_g.2094.peg.3055,0.0,-23.24581126409316
DM_RNA_g.2094.peg.3056,0.0,-70.54867082325154
DM_RNA_527012.3.peg.3059,0.0,-22.14974895974475
DM_RNA_g.2094.peg.3062,0.0,-28.85542531878327
DM_RNA_g.2094.peg.3064,0.0,0.0
DM_RNA_g.2094.peg.3068,0.0,-98.93994847518788
DM_RNA_g.2094.peg.3073,0.0,0.0
DM_RNA_g.2094.peg.3078,0.0,-62.545632999557256
DM_RNA_g.2094.peg.3081,0.0,-37.82082917229888
DM_RNA_g.2094.peg.3082,0.0,-12.302205889053745
DM_RNA_527012.3.peg.3083,0.0,1.3413523293278155e-32
DM_RNA_g.2094.peg.3091,0.0,-12.630109312949866
DM_RNA_g.2094.peg.3095,0.0,-21.586013148490057
DM_RNA_g.2094.peg.3098,0.0,-74.1051924947907
DM_RNA_g.2094.peg.3099,0.0,-26.466450885158242
DM_RNA_g.2094.peg.3100,0.0,-33.0433009325397
DM_RNA_g.2094.peg.3114,0.0,-46.87291254939004
DM_RNA_g.2094.peg.3116,0.0,0.0
DM_RNA_g.2094.peg.3119,0.0,-47.835104446756795
DM_RNA_g.2094.peg.3120,0.0,-28.342941716638663
DM_RNA_g.2094.peg.3124,0.0,-13.953806005227595
DM_RNA_g.2094.peg.3125,0.0,-11.499889159328598
DM_RNA_g.2094.peg.3129,0.0,-26.245959329927707
DM_RNA_g.2094.peg.3146,0.0,-197.4248236454911
DM_RNA_g.2094.peg.3148,0.0,-41.617906153894936
DM_RNA_527012.3.peg.3152,0.0,-43.039987294302485
DM_RNA_g.2094.peg.3154,0.0,-63.633243729721336
DM_RNA_g.2094.peg.3157,0.0,-14.893398016824428
DM_RNA_g.2094.peg.3165,0.0,7.666104382883853e-33
DM_RNA_g.2094.peg.3168,0.0,-14.844011783622262
DM_RNA_g.2094.peg.3170,0.0,-125.31361980041876
DM_RNA_g.2094.peg.3176,0.0,-24.504401457484576
DM_RNA_g.2094.peg.3177,0.0,-38.01336720644207
DM_RNA_g.2094.peg.3186,0.0,-38.75818430595851
DM_RNA_527012.3.peg.3192,0.0,-35.166443712129805
DM_RNA_527012.3.peg.3193,0.0,-32.273388211442715
DM_RNA_g.2094.peg.3195,0.0,-45.31981233951208
DM_RNA_g.2094.peg.3200,0.0,-10.309391210609602
DM_RNA_g.2094.peg.3203,0.0,-25.952285074746985
DM_RNA_g.2094.peg.3206,0.0,-23.98694284425461
DM_RNA_g.2094.peg.3211,0.0,-16.132360678197507
DM_RNA_g.2094.peg.3214,0.0,-70.86423291691689
DM_RNA_527012.3.peg.3214,0.0,-48.21280584766572
DM_RNA_527012.3.peg.3215,0.0,-1.5319896422644854e-32
DM_RNA_g.2094.peg.3217,0.0,-29.100246875608736
DM_RNA_527012.3.peg.3220,0.0,-88.59935389363969
DM_RNA_527012.3.peg.3221,0.0,-8.629395723941606e-33
DM_RNA_g.2094.peg.3223,0.0,-47.97063366803602
DM_RNA_g.2094.peg.3224,0.0,-15.458269932793938
DM_RNA_g.2094.peg.3225,0.0,-41.37469072981424
DM_RNA_g.2094.peg.3228,8.791570268327613e-62,-1.090598480336497e-32
DM_RNA_g.2094.peg.3230,0.0,-16.515833832277377
DM_RNA_527012.3.peg.3230,0.0,-17.35864972447457
DM_RNA_g.2094.peg.3231,0.0,-8.463198151451878e-33
DM_RNA_527012.3.peg.3231,0.0,-21.762721274646445
DM_RNA_527012.3.peg.3232,0.0,-46.94429272708958
DM_RNA_527012.3.peg.3233,0.0,-26.86685207458846
DM_RNA_g.2094.peg.3234,0.0,0.0
DM_RNA_g.2094.peg.3235,0.0,-50.03767731749359
DM_RNA_g.2094.peg.3236,0.0,-4.421278852858866
DM_RNA_g.2094.peg.3240,0.0,-39.73720995256441
DM_RNA_527012.3.peg.3241,0.0,0.0
DM_RNA_g.2094.peg.3242,0.0,-25.880574077963924
DM_RNA_g.2094.peg.3243,0.0,0.0
DM_RNA_g.2094.peg.3252,0.0,0.0
DM_RNA_g.2094.peg.3256,0.0,-26.740665467709235
DM_RNA_g.2094.peg.3258,0.0,-16.110857511826985
DM_RNA_g.2094.peg.3263,0.0,-31.8403093981497
DM_RNA_g.2094.peg.3280,1.0758951103430306e-30,-1.3395800205513857e-32
DM_RNA_g.2094.peg.3281,0.0,-26.304598348536185
DM_RNA_g.2094.peg.3289,0.0,-27.389140135784373
DM_RNA_g.2094.peg.3298,0.0,-9.818351664530606e-33
DM_RNA_g.2094.peg.3309,0.0,-28.896333632366808
DM_RNA_g.2094.peg.3310,0.0,-27.3603248301763
DM_RNA_g.2094.peg.3312,0.0,0.0
DM_RNA_g.2094.peg.3315,0.0,-33.15963702133106
DM_RNA_g.2094.peg.3318,0.0,0.0
DM_RNA_g.2094.peg.3321,0.0,-46.86058452542888
DM_RNA_g.2094.peg.3325,0.0,0.0
DM_RNA_g.2094.peg.3328,0.0,-22.42909743599546
DM_RNA_g.2094.peg.3336,0.0,-31.35762871236158
DM_RNA_527012.3.peg.3345,0.0,-129.71165235622792
DM_RNA_527012.3.peg.3346,0.0,-42.44855515193564
DM_RNA_g.2094.peg.3349,0.0,1.0732548059660615e-32
DM_RNA_g.2094.peg.3350,0.0,-42.02183770163715
DM_RNA_g.2094.peg.3359,0.0,7.392670108269805e-33
DM_RNA_g.2094.peg.3363,0.0,0.0
DM_RNA_g.2094.peg.3368,0.0,-28.843069138097253
DM_RNA_g.2094.peg.3376,0.0,-61.37273693360994
DM_RNA_g.2094.peg.3377,0.0,0.0
DM_RNA_g.2094.peg.3385,0.0,-14.88322486570292
DM_RNA_527012.3.peg.3386,0.0,-41.47637651890226
DM_RNA_g.2094.peg.3387,0.0,-37.76371502818621
DM_RNA_g.2094.peg.3393,0.0,0.0
DM_RNA_g.2094.peg.3403,0.0,0.0
DM_RNA_g.2094.peg.3405,0.0,7.407489385574484e-33
DM_RNA_g.2094.peg.3409,0.0,0.0
DM_RNA_527012.3.peg.3415,0.0,-18.86987035883088
DM_RNA_527012.3.peg.3418,0.0,-36.626899613186374
DM_RNA_527012.3.peg.3425,0.0,-14.03910175561946
DM_RNA_527012.3.peg.3431,0.0,-35.94401311974355
DM_RNA_527012.3.peg.3432,0.0,-30.5816145366118
DM_RNA_527012.3.peg.3435,0.0,-30.097886111992054
DM_RNA_527012.3.peg.3436,0.0,-15.711153234238664
DM_RNA_g.2094.peg.3442,0.0,0.0
DM_RNA_g.2094.peg.3449,0.0,-39.27382373519203
DM_RNA_g.2094.peg.3452,0.0,-67.92517494172557
DM_RNA_g.2094.peg.3453,0.0,7.197443165185345e-33
DM_RNA_g.2094.peg.3454,0.0,-38.552582134181776
DM_RNA_g.2094.peg.3468,-2.7874675930648686e-33,0.0
DM_RNA_g.2094.peg.3471,0.0,-4.757296005296702
DM_RNA_527012.3.peg.3471,0.0,-17.0061497056501
DM_RNA_527012.3.peg.3473,0.0,-28.01369466765132
DM_RNA_g.2094.peg.3481,0.0,-46.16872893091416
DM_RNA_g.2094.peg.3483,0.0,-39.003632950867164
DM_RNA_g.2094.peg.3484,0.0,-31.86008433444824
DM_RNA_g.2094.peg.3489,0.0,0.0
DM_RNA_g.2094.peg.3490,0.0,-71.46311120614097
DM_RNA_g.2094.peg.3495,0.0,-9.676432620060831
DM_RNA_g.2094.peg.3498,0.0,-26.338525272161114
DM_RNA_g.2094.peg.3508,0.0,-34.15217499381736
DM_RNA_g.2094.peg.3517,0.0,-6.977074554480796
DM_RNA_g.2094.peg.3521,0.0,6.960756075978479e-33
DM_RNA_g.2094.peg.3524,0.0,-18.147258443772927
DM_RNA_g.2094.peg.3529,0.0,-100.63160072113627
DM_RNA_527012.3.peg.3530,0.0,-49.50393071114458
DM_RNA_g.2094.peg.3533,0.0,-66.51262349961759
DM_RNA_g.2094.peg.3535,0.0,-10.496865431884485
DM_RNA_g.2094.peg.3536,0.0,-118.3652429794034
DM_RNA_g.2094.peg.3538,0.0,-84.25765296571207
DM_RNA_g.2094.peg.3540,0.0,-27.562449678031804
DM_RNA_g.2094.peg.3544,0.0,-22.22131664991449
DM_RNA_g.2094.peg.3545,0.0,-54.60361587004791
DM_RNA_g.2094.peg.3546,0.0,-52.69060179738178
DM_RNA_g.2094.peg.3549,0.0,-6.644580019520606
DM_RNA_g.2094.peg.3550,0.0,-30.05325026918206
DM_RNA_527012.3.peg.3553,0.0,0.0
DM_RNA_g.2094.peg.3556,0.0,-39.958756637294194
DM_RNA_g.2094.peg.3559,0.0,-4.252117117162029
DM_RNA_527012.3.peg.3560,0.0,-28.995560121512963
DM_RNA_527012.3.peg.3563,0.0,-22.722682989099923
DM_RNA_g.2094.peg.3566,0.0,-43.63783050848053
DM_RNA_g.2094.peg.3567,0.0,0.0
DM_RNA_g.2094.peg.3568,0.0,-10.11484618302461
DM_RNA_527012.3.peg.3568,0.0,-30.077816402377678
DM_RNA_g.2094.peg.3570,0.0,0.0
DM_RNA_g.2094.peg.3571,0.0,0.0
DM_RNA_g.2094.peg.3572,0.0,0.0
DM_RNA_g.2094.peg.3576,0.0,-32.54402374941788
DM_RNA_g.2094.peg.3578,0.0,-9.548840031448412
DM_RNA_527012.3.peg.3582,0.0,-34.43586547013912
DM_RNA_527012.3.peg.3583,0.0,-72.72538958999041
DM_RNA_g.2094.peg.3584,0.0,-22.177243289368747
DM_RNA_g.2094.peg.3586,0.0,-119.08714647171196
DM_RNA_527012.3.peg.3586,0.0,-34.99735067060302
DM_RNA_527012.3.peg.3587,0.0,-29.739088255621578
DM_RNA_527012.3.peg.3588,0.0,-23.248128331179462
DM_RNA_527012.3.peg.3589,0.0,-40.69608825584288
DM_RNA_g.2094.peg.3593,0.0,-22.737541560686147
DM_RNA_g.2094.peg.3602,0.0,-1.3088354935895162e-32
DM_RNA_g.2094.peg.3603,0.0,-34.83566816411075
DM_RNA_527012.3.peg.3607,0.0,-6.777474747226054e-33
DM_RNA_g.2094.peg.3608,0.0,-39.02511309470624
DM_RNA_527012.3.peg.3613,0.0,-15.580983285503368
DM_RNA_g.2094.peg.3614,0.0,0.0
DM_RNA_g.2094.peg.3616,0.0,-57.372666376856806
DM_RNA_g.2094.peg.3624,0.0,-5.757351430109103
DM_RNA_g.2094.peg.3628,0.0,-29.14087489290738
DM_RNA_527012.3.peg.3632,0.0,-37.389311956313364
DM_RNA_527012.3.peg.3633,0.0,-32.916844065902026
DM_RNA_g.2094.peg.3634,0.0,0.0
DM_RNA_g.2094.peg.3637,0.0,0.0
DM_RNA_g.2094.peg.3642,0.0,-7.555677503408545
DM_RNA_g.2094.peg.3644,0.0,-13.168480785096417
DM_RNA_g.2094.peg.3653,0.0,0.0
DM_RNA_g.2094.peg.3654,0.0,0.0
DM_RNA_g.2094.peg.3662,0.0,0.0
DM_RNA_527012.3.peg.3663,0.0,-27.472664579119588
DM_RNA_g.2094.peg.3669,-1.1520854973790703e-31,1.1513269475139578e-32
DM_RNA_g.2094.peg.3670,0.0,-26.039378122805175
DM_RNA_g.2094.peg.3672,0.0,-26.21212928045524
DM_RNA_g.2094.peg.3674,0.0,-5.853982444442082e-33
DM_RNA_g.2094.peg.3678,0.0,-26.299165910731023
DM_RNA_g.2094.peg.3679,0.0,-13.392313379536077
DM_RNA_g.2094.peg.3682,0.0,0.0
DM_RNA_g.2094.peg.3684,0.0,-38.507924006373145
DM_RNA_g.2094.peg.3691,0.0,-1.7699767798235712e-32
DM_RNA_g.2094.peg.3693,0.0,-15.889284103580735
DM_RNA_g.2094.peg.3700,0.0,-38.33722559956839
DM_RNA_g.2094.peg.3702,0.0,8.220742058629263e-33
DM_RNA_g.2094.peg.3703,0.0,-42.031511121147
DM_RNA_g.2094.peg.3704,0.0,-6.3230208284001135
DM_RNA_g.2094.peg.3716,0.0,-69.98022436835738
DM_RNA_g.2094.peg.3720,0.0,-26.174601029242503
DM_RNA_527012.3.peg.3720,0.0,-68.34874740417298
DM_RNA_527012.3.peg.3721,0.0,-27.847602581816496
DM_RNA_g.2094.peg.3722,0.0,-1.5327417892424495e-32
DM_RNA_527012.3.peg.3722,0.0,-37.987632637690766
DM_RNA_527012.3.peg.3724,0.0,-25.997171510260166
DM_RNA_g.2094.peg.3733,0.0,-34.92333926382157
DM_RNA_g.2094.peg.3735,0.0,8.019702280166306e-33
DM_RNA_527012.3.peg.3735,0.0,-26.299165910731023
DM_RNA_g.2094.peg.3740,0.0,-15.032458737274867
DM_RNA_527012.3.peg.3741,0.0,1.2166462102975232e-32
DM_RNA_527012.3.peg.3742,0.0,-96.58602657223219
DM_RNA_527012.3.peg.3746,0.0,-14.300667552238556
DM_RNA_g.2094.peg.3750,0.0,-58.05587885880945
DM_RNA_527012.3.peg.3750,0.0,0.0
DM_RNA_g.2094.peg.3754,0.0,-2.085364634478516e-32
DM_RNA_g.2094.peg.3765,0.0,-17.77786752772321
DM_RNA_527012.3.peg.3767,0.0,-10.488654451108122
DM_RNA_527012.3.peg.3768,0.0,-11.499889159328598
DM_RNA_527012.3.peg.3769,0.0,-21.586013148490057
DM_RNA_527012.3.peg.3770,0.0,-54.44141431968146
DM_RNA_g.2094.peg.3772,0.0,-8.795267321590275e-33
DM_RNA_g.2094.peg.3776,0.0,-25.29145826782181
DM_RNA_g.2094.peg.3777,0.0,-1.2728159807127498e-32
DM_RNA_g.2094.peg.3784,0.0,-27.160361865074655
DM_RNA_g.2094.peg.3789,0.0,0.0
DM_RNA_g.2094.peg.3790,0.0,-22.038512993991194
DM_RNA_g.2094.peg.3791,0.0,-20.794045902984287
DM_RNA_g.2094.peg.3792,0.0,0.0
DM_RNA_g.2094.peg.3793,0.0,-38.805802947062716
DM_RNA_g.2094.peg.3795,0.0,-10.488654451108122
DM_RNA_527012.3.peg.3795,0.0,-38.576870559133766
DM_RNA_g.2094.peg.3802,0.0,-7.370653651880182
DM_RNA_g.2094.peg.3804,0.0,-24.58636022910297
DM_RNA_g.2094.peg.3806,0.0,-2.9263130086131127e-32
DM_RNA_g.2094.peg.3807,0.0,-37.39593023556548
DM_RNA_g.2094.peg.3809,0.0,-69.27020108323266
DM_RNA_g.2094.peg.3810,0.0,-30.080434251443958
DM_RNA_g.2094.peg.3816,0.0,-56.30119618038523
DM_RNA_g.2094.peg.3821,0.0,-11.643411785849777
DM_RNA_g.2094.peg.3826,0.0,-50.31337355400513
DM_RNA_g.2094.peg.3827,0.0,-83.20493527098918
DM_RNA_g.2094.peg.3836,0.0,-37.312818266244605
DM_RNA_g.2094.peg.3844,0.0,0.0
DM_RNA_g.2094.peg.3848,0.0,-9.942942263848355e-33
DM_RNA_g.2094.peg.3849,0.0,0.0
DM_RNA_g.2094.peg.3851,0.0,-28.508094131140318
DM_RNA_g.2094.peg.3853,0.0,0.0
DM_RNA_g.2094.peg.3854,0.0,-33.593196949648785
DM_RNA_527012.3.peg.3864,0.0,-26.470219622261233
DM_RNA_g.2094.peg.3868,0.0,-15.748807355554876
DM_RNA_g.2094.peg.3873,0.0,-56.743468342019035
DM_RNA_g.2094.peg.3884,0.0,-16.031186873819337
DM_RNA_g.2094.peg.3888,0.0,-42.964703968553856
DM_RNA_g.2094.peg.3893,0.0,-55.599564341361635
DM_RNA_g.2094.peg.3898,0.0,-27.847602581816496
DM_RNA_527012.3.peg.3898,0.0,8.639501339662762e-33
DM_RNA_g.2094.peg.3902,0.0,-19.035432668621382
DM_RNA_g.2094.peg.3903,0.0,1.4330051623982913e-32
DM_RNA_g.2094.peg.3905,0.0,-44.3067583894776
DM_RNA_g.2094.peg.3907,0.0,0.0
DM_RNA_g.2094.peg.3910,3.467859348740395e-31,6.501658287733232e-33
DM_RNA_g.2094.peg.3917,0.0,-70.45556172030031
DM_RNA_g.2094.peg.3926,0.0,-22.99257374760918
DM_RNA_g.2094.peg.3931,0.0,-16.52405779905874
DM_RNA_g.2094.peg.3934,0.0,0.0
DM_RNA_g.2094.peg.3935,0.0,-25.94690349860474
DM_RNA_g.2094.peg.3938,0.0,-43.32070761751596
DM_RNA_g.2094.peg.3939,0.0,-19.002638821112367
DM_RNA_g.2094.peg.3940,0.0,-205.83501228174538
DM_RNA_g.2094.peg.3941,-2.6613557417690474e-33,0.0
DM_RNA_g.2094.peg.3949,0.0,-17.566542991327612
DM_RNA_g.2094.peg.3950,0.0,-1.0030697379359873e-32
DM_RNA_g.2094.peg.3952,0.0,-52.222616674951304
DM_RNA_g.2094.peg.3954,0.0,0.0
DM_RNA_527012.3.peg.3954,0.0,1.1656038890842442e-32
DM_RNA_g.2094.peg.3962,0.0,-10.813067569735903
DM_RNA_g.2094.peg.3966,0.0,-10.476776428639141
DM_RNA_g.2094.peg.3969,0.0,0.0
DM_RNA_g.2094.peg.3971,0.0,0.0
DM_RNA_g.2094.peg.3975,0.0,-31.57254565742019
DM_RNA_g.2094.peg.3976,0.0,-33.26687031436635
DM_RNA_g.2094.peg.3980,0.0,-3.382424689088275
DM_RNA_g.2094.peg.3984,0.0,-43.5633372006079
DM_RNA_g.2094.peg.4009,0.0,-43.86129593444928
DM_RNA_g.2094.peg.4010,0.0,-15.747054952776452
DM_RNA_g.2094.peg.4014,0.0,-1.373770302807231e-32
DM_RNA_g.2094.peg.4015,0.0,-1.0321212004760225e-32
DM_RNA_g.2094.peg.4020,0.0,-9.178907445706807
DM_RNA_g.2094.peg.4021,0.0,5.9714718547858715e-33
DM_RNA_g.2094.peg.4023,0.0,-8.946358159565558e-33
DM_RNA_g.2094.peg.4030,0.0,-54.51751076427331
DM_RNA_g.2094.peg.4033,0.0,-7.952328094533854
DM_RNA_g.2094.peg.4037,0.0,-62.15342023023238
DM_RNA_g.2094.peg.4043,0.0,-22.005939694752705
DM_RNA_g.2094.peg.4050,0.0,0.0
DM_RNA_g.2094.peg.4052,0.0,-30.078338778438596
DM_RNA_527012.3.peg.4058,0.0,-32.41621359458683
DM_RNA_g.2094.peg.4063,0.0,0.0
DM_RNA_g.2094.peg.4071,0.0,-77.2689024330733
DM_RNA_g.2094.peg.4074,0.0,0.0
DM_RNA_g.2094.peg.4076,0.0,-44.10950680143429
DM_RNA_g.2094.peg.4077,0.0,-71.97775006386529
DM_RNA_g.2094.peg.4084,0.0,-36.36095691624566
DM_RNA_g.2094.peg.4085,0.0,-26.131245330635565
DM_RNA_g.2094.peg.4088,0.0,-38.62559701861914
DM_RNA_g.2094.peg.4094,0.0,-62.64444073497856
DM_RNA_g.2094.peg.4098,0.0,-21.891856507786347
DM_RNA_g.2094.peg.4101,0.0,-45.09978635050421
DM_RNA_g.2094.peg.4104,0.0,-25.5389652223665
DM_RNA_g.2094.peg.4108,0.0,-23.26434687666722
DM_RNA_527012.3.peg.4110,0.0,-21.14601055974284
DM_RNA_g.2094.peg.4111,0.0,-20.561231937729644
DM_RNA_g.2094.peg.4116,0.0,-16.158038033784145
DM_RNA_g.2094.peg.4121,0.0,-38.51506541517932
DM_RNA_g.2094.peg.4125,0.0,-27.33565807529618
DM_RNA_g.2094.peg.4126,0.0,-6.00937746665796
DM_RNA_g.2094.peg.4128,0.0,-79.38179405906243
DM_RNA_g.2094.peg.4139,0.0,-4.153865939119082
DM_RNA_g.2094.peg.4142,0.0,0.0
DM_RNA_g.2094.peg.4150,0.0,-29.591097779512207
DM_RNA_g.2094.peg.4157,0.0,-43.89187886205742
DM_RNA_g.2094.peg.4158,0.0,-72.22530973719401
DM_RNA_g.2094.peg.4159,0.0,-21.276799016500824
DM_RNA_g.2094.peg.4161,0.0,-28.698332817023974
DM_RNA_g.2094.peg.4162,0.0,-60.11347177252431
DM_RNA_g.2094.peg.4167,0.0,-42.933493931559745
DM_RNA_g.2094.peg.4169,0.0,-37.46670489124734
DM_RNA_g.2094.peg.4171,0.0,-42.68403447908784
DM_RNA_g.2094.peg.4177,0.0,-32.04735733564356
DM_RNA_g.2094.peg.4180,0.0,-35.62954630565657
DM_RNA_g.2094.peg.4182,0.0,0.0
DM_RNA_g.2094.peg.4185,0.0,-10.179658254103927
DM_RNA_g.2094.peg.4187,0.0,-24.153957505763707
DM_RNA_527012.3.peg.4194,0.0,-27.539228285542404
DM_RNA_527012.3.peg.4195,0.0,-28.63601675742766
DM_RNA_g.2094.peg.4202,0.0,-31.877674680351745
DM_RNA_g.2094.peg.4203,0.0,-21.786418283858627
DM_RNA_527012.3.peg.4203,0.0,-37.01255732043004
DM_RNA_g.2094.peg.4205,0.0,-1.66826098332771e-32
DM_RNA_g.2094.peg.4206,0.0,-37.252625884880295
DM_RNA_g.2094.peg.4207,0.0,-25.855912114439604
DM_RNA_g.2094.peg.4212,0.0,-15.539269718861867
DM_RNA_g.2094.peg.4217,0.0,-6.547412805640507e-33
DM_RNA_g.2094.peg.4219,0.0,-18.831007762888998
DM_RNA_527012.3.peg.4220,0.0,-58.501400338292996
DM_RNA_527012.3.peg.4221,0.0,-38.67431496983524
DM_RNA_g.2094.peg.4223,-1.3161255363064287e-31,-1.5552590440996838e-32
DM_RNA_g.2094.peg.4225,0.0,-8.527493492853773e-33
DM_RNA_g.2094.peg.4232,0.0,-23.63251666827933
DM_RNA_g.2094.peg.4237,0.0,-32.19400865508166
DM_RNA_g.2094.peg.4241,0.0,-9.558605151731308
DM_RNA_g.2094.peg.4243,0.0,-86.33175850255496
DM_RNA_g.2094.peg.4252,0.0,-29.98789760679462
DM_RNA_527012.3.peg.4254,0.0,-49.029734588794106
DM_RNA_527012.3.peg.4255,0.0,-8.031676488860601
DM_RNA_527012.3.peg.4256,0.0,-27.459301461480848
DM_RNA_527012.3.peg.4257,0.0,-55.33535692629623
DM_RNA_527012.3.peg.4258,0.0,-46.07222788520177
DM_RNA_g.2094.peg.4259,0.0,-18.17248507427636
DM_RNA_527012.3.peg.4260,0.0,-43.5633372006079
DM_RNA_g.2094.peg.4264,0.0,-34.1635852354467
DM_RNA_527012.3.peg.4266,0.0,-50.98498574502188
DM_RNA_g.2094.peg.4267,0.0,-16.37289299096719
DM_RNA_g.2094.peg.4268,0.0,-32.486670076339216
DM_RNA_g.2094.peg.4269,0.0,0.0
DM_RNA_g.2094.peg.4271,0.0,-42.52175236614801
DM_RNA_g.2094.peg.4283,0.0,-41.82498189794693
DM_RNA_g.2094.peg.4284,0.0,1.4813667829269573e-32
DM_RNA_g.2094.peg.4286,0.0,-21.75610305786978
DM_RNA_g.2094.peg.4289,0.0,-30.718331055803933
DM_RNA_g.2094.peg.4293,0.0,-42.806738196610574
DM_RNA_g.2094.peg.4299,0.0,-51.51839961933535
DM_RNA_527012.3.peg.4299,0.0,-33.26687031436635
DM_RNA_g.2094.peg.4300,0.0,-53.04165312625479
DM_RNA_527012.3.peg.4300,0.0,-13.934395670661491
DM_RNA_g.2094.peg.4308,0.0,-47.56252899353301
DM_RNA_527012.3.peg.4312,0.0,0.0
DM_RNA_g.2094.peg.4313,0.0,-19.44541663924372
DM_RNA_g.2094.peg.4316,0.0,-14.494062032637787
DM_RNA_g.2094.peg.4322,0.0,-7.962478888782964e-33
DM_RNA_527012.3.peg.4322,0.0,-47.75702061330294
DM_RNA_g.2094.peg.4323,0.0,-1.498633397122458e-32
DM_RNA_g.2094.peg.4327,0.0,1.2279799291969361e-32
DM_RNA_g.2094.peg.4328,0.0,-10.920721513519625
DM_RNA_g.2094.peg.4332,0.0,-22.751577748995512
DM_RNA_g.2094.peg.4339,0.0,-28.951648268854075
DM_RNA_g.2094.peg.4343,0.0,1.2109456960455897e-32
DM_RNA_g.2094.peg.4344,0.0,-42.40655385912374
DM_RNA_g.2094.peg.4362,0.0,-45.14061148555764
DM_RNA_g.2094.peg.4363,0.0,0.0
DM_RNA_g.2094.peg.4367,-2.1577012925996516e-33,0.0
DM_RNA_g.2094.peg.4368,0.0,0.0
DM_RNA_g.2094.peg.4371,0.0,0.0
DM_RNA_527012.3.peg.4372,-1.4298328845616153e-30,0.0
DM_RNA_527012.3.peg.4373,0.0,-34.87275307357878
DM_RNA_527012.3.peg.4376,0.0,-21.028668334007023
DM_RNA_527012.3.peg.4377,0.0,-52.69060179738178
DM_RNA_g.2094.peg.4378,0.0,-72.82401800094618
DM_RNA_527012.3.peg.4378,0.0,-10.11484618302461
DM_RNA_g.2094.peg.4379,0.0,0.0
DM_RNA_527012.3.peg.4379,0.0,-6.3230208284001135
DM_RNA_527012.3.peg.4380,0.0,-37.7013458969679
DM_RNA_g.2094.peg.4382,0.0,-31.665346249544115
DM_RNA_g.2094.peg.4385,0.0,-25.692027599642138
DM_RNA_g.2094.peg.4386,0.0,-27.031409675985
DM_RNA_g.2094.peg.4392,0.0,-66.36135285457301
DM_RNA_g.2094.peg.4396,0.0,-33.664653687303634
DM_RNA_g.2094.peg.4401,0.0,-63.308902262071264
DM_RNA_g.2094.peg.4404,0.0,0.0
DM_RNA_g.2094.peg.4407,0.0,-32.88670852382935
DM_RNA_g.2094.peg.4410,0.0,0.0
DM_RNA_g.2094.peg.4411,0.0,-78.73674069113675
DM_RNA_g.2094.peg.4415,0.0,0.0
DM_RNA_g.2094.peg.4418,0.0,0.0
DM_RNA_g.2094.peg.4424,0.0,-19.104829538480914
DM_RNA_g.2094.peg.4425,0.0,-9.774257591235855
DM_RNA_g.2094.peg.4431,0.0,-17.482802131948755
DM_RNA_g.2094.peg.4433,0.0,-32.941843504315905
DM_RNA_g.2094.peg.4438,0.0,-32.3614487719522
DM_RNA_527012.3.peg.4439,0.0,-27.3603248301763
DM_RNA_g.2094.peg.4442,0.0,-25.47098250165848
DM_RNA_g.2094.peg.4445,0.0,-33.489237513264854
DM_RNA_g.2094.peg.4447,0.0,-21.777737653134498
DM_RNA_g.2094.peg.4448,0.0,-21.977535402035137
DM_RNA_g.2094.peg.4450,0.0,-41.170063855167044
DM_RNA_527012.3.peg.4451,0.0,9.209338490882831e-33
DM_RNA_527012.3.peg.4454,0.0,-20.39768564199909
DM_RNA_527012.3.peg.4455,0.0,-2.085364634478516e-32
DM_RNA_g.2094.peg.4456,0.0,-26.123185077042255
DM_RNA_g.2094.peg.4457,0.0,-53.54353180963259
DM_RNA_g.2094.peg.4460,0.0,-15.198084117982583
DM_RNA_g.2094.peg.4462,0.0,-36.839353946670826
DM_RNA_g.2094.peg.4465,0.0,-50.157518882273145
DM_RNA_g.2094.peg.4466,0.0,-39.96362990176428
DM_RNA_g.2094.peg.4480,0.0,-51.75235304943889
DM_RNA_g.2094.peg.4481,0.0,-14.400995245848959
DM_RNA_g.2094.peg.4482,0.0,-39.261295604095075
DM_RNA_g.2094.peg.4483,0.0,-12.033491292960854
DM_RNA_527012.3.peg.4492,0.0,-33.0433009325397
DM_RNA_g.2094.peg.4493,0.0,-1.5754503302167132e-32
DM_RNA_527012.3.peg.4493,0.0,-33.95674969274683
DM_RNA_g.2094.peg.4495,0.0,0.0
DM_RNA_g.2094.peg.4498,0.0,-17.444003014908382
DM_RNA_g.2094.peg.4500,0.0,-6.514614272916762
DM_RNA_g.2094.peg.4503,0.0,-80.08092582150948
DM_RNA_g.2094.peg.4507,0.0,-39.45514189261916
DM_RNA_g.2094.peg.4518,0.0,-74.44625181956887
DM_RNA_g.2094.peg.4519,0.0,-40.3516206840536
DM_RNA_g.2094.peg.4535,0.0,-1.4553828081076162e-32
DM_RNA_g.2094.peg.4541,0.0,-19.639498331151465
DM_RNA_g.2094.peg.4548,0.0,-18.962566992425675
DM_RNA_g.2094.peg.4549,0.0,-18.71348846453584
DM_RNA_g.2094.peg.4555,0.0,-13.8546351757447
DM_RNA_g.2094.peg.4560,0.0,-25.7733411211217
DM_RNA_g.2094.peg.4562,0.0,-40.13725097878004
DM_RNA_g.2094.peg.4563,0.0,-23.152000091849047
DM_RNA_527012.3.peg.4565,0.0,-26.803036463377783
DM_RNA_g.2094.peg.4569,0.0,-23.540485747260888
DM_RNA_g.2094.peg.4570,0.0,-7.609483672027878
DM_RNA_527012.3.peg.4571,0.0,-54.903090856435476
DM_RNA_g.2094.peg.4575,0.0,-39.1559769406582
DM_RNA_527012.3.peg.4575,0.0,-31.86141717883566
DM_RNA_g.2094.peg.4583,0.0,-43.24607620435676
DM_RNA_g.2094.peg.4590,0.0,-25.36211708259752
DM_RNA_g.2094.peg.4592,0.0,-67.2613869491187
DM_RNA_g.2094.peg.4593,0.0,-43.99403804396736
DM_RNA_527012.3.peg.4608,0.0,-32.867925646112845
DM_RNA_g.2094.peg.4609,7.508256692501787e-32,0.0
DM_RNA_g.2094.peg.4614,0.0,-56.87287383957528
DM_RNA_527012.3.peg.4616,0.0,-20.978440433212818
DM_RNA_g.2094.peg.4623,0.0,-50.86398279453519
DM_RNA_g.2094.peg.4624,0.0,-32.2057756579024
DM_RNA_g.2094.peg.4625,0.0,-25.342715687542544
DM_RNA_g.2094.peg.4630,0.0,-7.613502287558811
DM_RNA_g.2094.peg.4633,0.0,-32.867925646112845
DM_RNA_g.2094.peg.4635,0.0,-2.959606009684102e-32
DM_RNA_g.2094.peg.4642,0.0,-48.35601695339224
DM_RNA_g.2094.peg.4648,0.0,-13.099820119300183
DM_RNA_527012.3.peg.4648,0.0,0.0
DM_RNA_g.2094.peg.4649,0.0,0.0
DM_RNA_g.2094.peg.4652,0.0,-38.13003811693503
DM_RNA_g.2094.peg.4656,0.0,-9.04775585424386e-33
DM_RNA_527012.3.peg.4663,0.0,0.0
DM_RNA_527012.3.peg.4664,0.0,0.0
DM_RNA_g.2094.peg.4666,0.0,-1.5947842861881798e-32
DM_RNA_g.2094.peg.4672,0.0,-79.13825265308456
DM_RNA_g.2094.peg.4674,0.0,-23.272116417380342
DM_RNA_g.2094.peg.4675,0.0,0.0
DM_RNA_g.2094.peg.4676,0.0,-9.4097941661111
DM_RNA_g.2094.peg.4678,0.0,-38.99135917394722
DM_RNA_g.2094.peg.4681,0.0,-47.39925635492621
DM_RNA_g.2094.peg.4689,0.0,-29.831162652293205
DM_RNA_g.2094.peg.4691,0.0,-26.19475503033075
DM_RNA_g.2094.peg.4693,0.0,-52.912907013062615
DM_RNA_g.2094.peg.4694,0.0,-18.08289373764274
DM_RNA_g.2094.peg.4695,0.0,-44.42989390920563
DM_RNA_g.2094.peg.4696,0.0,-24.592174660590057
DM_RNA_g.2094.peg.4702,0.0,-23.520057008678464
DM_RNA_g.2094.peg.4705,0.0,-28.63977440287801
DM_RNA_g.2094.peg.4710,0.0,-13.047607428955793
DM_RNA_YKRIS0001_RS31255,0.0,-3.232180806523865
DM_RNA_YKRIS0001_RS31225,0.0,-2.321825657797588
DM_RNA_YKRIS0001_RS31205,0.0,-2.374442788517912
DM_RNA_YKRIS0001_RS00030,0.0,-2.301229875795151
DM_RNA_YKRIS0001_RS00040,0.0,-2.3468233329677965
DM_RNA_YKRIS0001_RS00035,0.0,-2.346006418577526
DM_RNA_YKRIS0001_RS0122850,0.0,-14.011378417405508
DM_RNA_YKRIS0001_RS0122845,0.0,-16.25564029933729
DM_RNA_YKRIS0001_RS0122835,0.0,-20.852282872905672
DM_RNA_YKRIS0001_RS0122815,0.0,-35.28784244443097
DM_RNA_YKRIS0001_RS0122810,0.0,-46.61639402930552
DM_RNA_YKRIS0001_RS0122700,0.0,-2.3284565243861897
DM_RNA_YKRIS0001_RS01075,0.0,-2.3912163584689545
DM_RNA_YKRIS0001_RS01070,0.0,-2.2716512319517843
DM_RNA_YKRIS0001_RS01065,0.0,-2.6328588679188014
DM_RNA_YKRIS0001_RS01060,0.0,-2.373013401513201
DM_RNA_YKRIS0001_RS01235,0.0,-2.2735372782413736
DM_RNA_YKRIS0001_RS01230,0.0,-2.5700083242138447
DM_RNA_YKRIS0001_RS01225,0.0,-2.2198835674754154
DM_RNA_YKRIS0001_RS01220,0.0,-2.2935531394830555
DM_RNA_YKRIS0001_RS0122505,0.0,-2.302626710946177
DM_RNA_YKRIS0001_RS0122510,0.0,-2.340192466379195
DM_RNA_YKRIS0001_RS02010,0.0,-2.331968361160029
DM_RNA_YKRIS0001_RS0122285,0.0,-2.621775988690213
DM_RNA_YKRIS0001_RS0122290,0.0,-2.268391612686993
DM_RNA_YKRIS0001_RS0122295,0.0,-2.321825657797588
DM_RNA_YKRIS0001_RS0122115,0.0,-2.2568368502939933
DM_RNA_YKRIS0001_RS03885,0.0,-2.321825657797588
DM_RNA_YKRIS0001_RS03880,0.0,-2.321825657797588
DM_RNA_YKRIS0001_RS03875,0.0,-2.321825657797588
DM_RNA_YKRIS0001_RS0121650,0.0,-2.2203402267602943
DM_RNA_YKRIS0001_RS0121605,0.0,-3.578117401548213
DM_RNA_YKRIS0001_RS0121610,0.0,-2.2982979597820674
DM_RNA_YKRIS0001_RS0121565,0.0,-2.3144184669686925
DM_RNA_YKRIS0001_RS06765,0.0,-2.388553987939071
DM_RNA_YKRIS0001_RS06760,0.0,-2.388553987939071
DM_RNA_YKRIS0001_RS06755,0.0,-2.388553987939071
DM_RNA_YKRIS0001_RS38370,0.0,-2.9383861573802426
DM_RNA_YKRIS0001_RS38440,0.0,-2.265477024648061
DM_RNA_YKRIS0001_RS38550,0.0,-2.265477024648061
DM_RNA_YKRIS0001_RS40205,0.0,-2.9383861573802426
DM_RNA_YKRIS0001_RS40275,0.0,-2.265477024648061
DM_RNA_YKRIS0001_RS40385,0.0,-2.265477024648061
DM_RNA_YKRIS0001_RS0121020,0.0,-2.20132035541427
DM_RNA_YKRIS0001_RS09895,0.0,-2.3144184669686925
DM_RNA_YKRIS0001_RS10380,0.0,-2.5700083242138447
DM_RNA_YKRIS0001_RS10375,0.0,-2.5700083242138447
DM_RNA_YKRIS0001_RS11120,0.0,-2.7435316025728556
DM_RNA_YKRIS0001_RS11110,0.0,-2.735471348979543
DM_RNA_YKRIS0001_RS11740,0.0,-2.3101070437787343
DM_RNA_YKRIS0001_RS11735,0.0,-2.582543852622969
DM_RNA_YKRIS0001_RS11730,0.0,-2.238470041712386
DM_RNA_YKRIS0001_RS11725,0.0,-2.238470041712386
DM_RNA_YKRIS0001_RS11720,0.0,-2.3101070437787343
DM_RNA_YKRIS0001_RS11715,0.0,-2.2465302953056985
DM_RNA_YKRIS0001_RS0120840,0.0,-2.3348677253194277
DM_RNA_YKRIS0001_RS12585,0.0,-2.4012859198277337
DM_RNA_YKRIS0001_RS0120515,0.0,-2.340192466379195
DM_RNA_YKRIS0001_RS13430,0.0,-2.3067916104844337
DM_RNA_YKRIS0001_RS14830,0.0,-2.696075361286445
DM_RNA_YKRIS0001_RS15635,0.0,-2.614966046596225
DM_RNA_YKRIS0001_RS15630,0.0,-2.2815975318346866
DM_RNA_YKRIS0001_RS0120270,0.0,-2.373013401513201
DM_RNA_YKRIS0001_RS16435,0.0,-2.6635973532836794
DM_RNA_YKRIS0001_RS16430,0.0,-2.388553987939071
DM_RNA_YKRIS0001_RS16195,0.0,-2.5852793651565142
DM_RNA_YKRIS0001_RS0120175,0.0,-2.624798614325489
DM_RNA_YKRIS0001_RS0120180,0.0,-2.624798614325489
DM_RNA_YKRIS0001_RS16580,0.0,-2.8484229368822636
DM_RNA_YKRIS0001_RS37690,0.0,-2.265477024648061
DM_RNA_YKRIS0001_RS37815,0.0,-2.373013401513201
DM_RNA_YKRIS0001_RS39610,0.0,-2.265477024648061
DM_RNA_YKRIS0001_RS39735,0.0,-2.373013401513201
formation_527012.3.peg.1059-MONOMER,0.0,0.0
formation_527012.3.peg.1066-MONOMER,0.0,0.0
formation_527012.3.peg.110-MONOMER,0.0,0.0
formation_527012.3.peg.1255-MONOMER,0.0,0.0
formation_527012.3.peg.127-MONOMER,0.0,-2.253886386914345e-34
formation_527012.3.peg.1274-MONOMER,2.3385016668371934e-05,0.0
formation_527012.3.peg.1276-MONOMER,0.0,1.7331554077890923e-34
formation_527012.3.peg.1277-MONOMER,9.953662228466543e-09,0.0
formation_527012.3.peg.128-MONOMER,0.0,0.0
formation_527012.3.peg.129-MONOMER,0.0,0.0
formation_527012.3.peg.132-MONOMER,0.0,0.0
formation_527012.3.peg.1325-MONOMER,0.0,0.0
formation_527012.3.peg.133-MONOMER,0.0,-1.0336602393053912e-34
formation_527012.3.peg.134-MONOMER,0.0,1.2626279012794134e-34
formation_527012.3.peg.135-MONOMER,0.0,5.65146226101357e-35
formation_527012.3.peg.136-MONOMER,0.0,0.0
formation_527012.3.peg.137-MONOMER,0.0,0.0
formation_527012.3.peg.138-MONOMER,0.0,-9.484749734410439e-35
formation_527012.3.peg.143-MONOMER,0.0,-3.1996721464705613e-34
formation_527012.3.peg.144-MONOMER,0.0,0.0
formation_527012.3.peg.145-MONOMER,0.0,0.0
formation_527012.3.peg.148-MONOMER,9.222836698081831e-08,0.0
formation_527012.3.peg.1500-MONOMER,0.0,-6.970091022379042e-35
formation_527012.3.peg.1515-MONOMER,0.0,4.154418433946442e-34
formation_527012.3.peg.1524-MONOMER,2.6088117716157584e-09,0.0
formation_527012.3.peg.1553-MONOMER,2.881111163208404e-09,0.0
formation_527012.3.peg.1629-MONOMER,0.0,0.0
formation_527012.3.peg.1630-MONOMER,0.0,4.7178315256931565e-34
formation_527012.3.peg.1663-MONOMER,0.0,5.698479955450867e-35
formation_527012.3.peg.1670-MONOMER,4.3688484350331674e-07,-9.40896692024316e-34
formation_527012.3.peg.1714-MONOMER,0.0,-1.93330993569236e-34
formation_527012.3.peg.1846-MONOMER,0.0,0.0
formation_527012.3.peg.1852-MONOMER,0.0,0.0
formation_527012.3.peg.1863-MONOMER,0.0,-1.757237813303158e-34
formation_527012.3.peg.1868-MONOMER,0.0,0.0
formation_527012.3.peg.1961-MONOMER,0.0,0.0
formation_527012.3.peg.1962-MONOMER,0.0,0.0
formation_527012.3.peg.2008-MONOMER,0.0,-3.0377511675668293e-34
formation_527012.3.peg.2009-MONOMER,0.0,-1.6463291159080495e-34
formation_527012.3.peg.2080-MONOMER,3.8550837031383564e-07,0.0
formation_527012.3.peg.2114-MONOMER,0.0,0.0
formation_527012.3.peg.2146-MONOMER,0.0,0.0
formation_527012.3.peg.2152-MONOMER,0.0,-4.047735183501068e-34
formation_527012.3.peg.2173-MONOMER,0.0,0.0
formation_527012.3.peg.2184-MONOMER,0.0,2.0502114309147287e-34
formation_527012.3.peg.2185-MONOMER,0.0,0.0
formation_527012.3.peg.2186-MONOMER,0.0,0.0
formation_527012.3.peg.2187-MONOMER,0.0,1.513740799531941e-34
formation_527012.3.peg.2188-MONOMER,0.0,-2.321203438509483e-34
formation_527012.3.peg.2189-MONOMER,0.0,0.0
formation_527012.3.peg.2233-MONOMER,1.217780468213124e-07,2.628708402223442e-34
formation_527012.3.peg.2237-MONOMER,0.0,-5.861911877109556e-34
formation_527012.3.peg.226-MONOMER,0.0,-1.3151110841779207e-34
formation_527012.3.peg.2291-MONOMER,0.0,0.0
formation_527012.3.peg.2297-MONOMER,3.7180349166008033e-06,-3.990998304575098e-34
formation_527012.3.peg.2298-MONOMER,2.129952858975588e-05,0.0
formation_527012.3.peg.2319-MONOMER,-7.780413126985802e-31,-1.8869246917675845e-33
formation_527012.3.peg.2325-MONOMER,0.0,0.0
formation_527012.3.peg.2379-MONOMER,0.0,-7.202115816358324e-34
formation_527012.3.peg.2382-MONOMER,0.0,2.2746118543634314e-34
formation_527012.3.peg.2383-MONOMER,7.937546971365198e-09,-7.824717077891069e-35
formation_527012.3.peg.241-MONOMER,1.0435048069389414e-06,0.0
formation_527012.3.peg.2446-MONOMER,0.0,0.0
formation_527012.3.peg.250-MONOMER,5.542136501140458e-08,0.0
formation_527012.3.peg.2516-MONOMER,0.0,1.2414165350874732e-34
formation_527012.3.peg.2517-MONOMER,0.0,1.6546199238747452e-34
formation_527012.3.peg.252-MONOMER,0.0,4.684922754279825e-35
formation_527012.3.peg.2529-MONOMER,0.0,0.0
formation_527012.3.peg.2599-MONOMER,1.2766420157623326e-29,1.2414165350874732e-34
formation_527012.3.peg.2625-MONOMER,4.312093238163133e-29,0.0
formation_527012.3.peg.2633-MONOMER,0.0,3.5068481240628517e-34
formation_527012.3.peg.2666-MONOMER,0.0,7.17196122540342e-35
formation_527012.3.peg.2838-MONOMER,0.0,4.852111445620051e-35
formation_527012.3.peg.2850-MONOMER,-8.734647552347522e-32,-3.7269312585565954e-34
formation_527012.3.peg.2923-MONOMER,0.0,0.0
formation_527012.3.peg.2924-MONOMER,0.0,-5.245160102022348e-34
formation_527012.3.peg.2927-MONOMER,0.0,-1.176129849853118e-34
formation_527012.3.peg.2964-MONOMER,0.0,0.0
formation_527012.3.peg.2969-MONOMER,1.1893977752265196e-29,1.324276518997051e-34
formation_527012.3.peg.297-MONOMER,0.0,-7.273241494247277e-35
formation_527012.3.peg.2970-MONOMER,0.0,0.0
formation_527012.3.peg.2974-MONOMER,5.534297619676702e-09,-2.5788720563060674e-34
formation_527012.3.peg.30-MONOMER,8.698445730577042e-09,-7.273241494247277e-35
formation_527012.3.peg.3001-MONOMER,-1.6300437077653195e-40,-2.8482697691485505e-34
formation_527012.3.peg.3059-MONOMER,4.705463767767127e-08,0.0
formation_527012.3.peg.3083-MONOMER,0.0,7.0723848177477305e-34
formation_527012.3.peg.3152-MONOMER,0.0,-1.9586943051498626e-34
formation_527012.3.peg.3193-MONOMER,1.5902426408193813e-06,0.0
formation_527012.3.peg.3214-MONOMER,3.181712907862348e-07,0.0
formation_527012.3.peg.3215-MONOMER,0.0,-6.589729896816109e-34
formation_527012.3.peg.3221-MONOMER,0.0,0.0
formation_527012.3.peg.3231-MONOMER,0.0,-8.355387448514225e-35
formation_527012.3.peg.3232-MONOMER,0.0,2.8714983159005335e-34
formation_527012.3.peg.3233-MONOMER,0.0,0.0
formation_527012.3.peg.3241-MONOMER,0.0,0.0
formation_527012.3.peg.3345-MONOMER,0.0,0.0
formation_527012.3.peg.3346-MONOMER,7.816790463008682e-08,0.0
formation_527012.3.peg.3436-MONOMER,3.715785429535746e-05,0.0
formation_527012.3.peg.344-MONOMER,1.9301055029280414e-07,3.154377556022201e-34
formation_527012.3.peg.345-MONOMER,0.0,-5.988450413423481e-35
formation_527012.3.peg.347-MONOMER,0.0,0.0
formation_527012.3.peg.3471-MONOMER,0.0,-6.977517031655646e-35
formation_527012.3.peg.3473-MONOMER,0.0,0.0
formation_527012.3.peg.348-MONOMER,0.0,5.036196877551505e-35
formation_527012.3.peg.349-MONOMER,0.0,0.0
formation_527012.3.peg.350-MONOMER,2.5406894878118266e-28,0.0
formation_527012.3.peg.351-MONOMER,0.0,-2.137528991943996e-34
formation_527012.3.peg.352-MONOMER,0.0,9.027127149755827e-35
formation_527012.3.peg.3530-MONOMER,1.3277793815367805e-07,-1.771113492827759e-34
formation_527012.3.peg.3553-MONOMER,0.0,0.0
formation_527012.3.peg.3563-MONOMER,1.0231263345069346e-05,0.0
formation_527012.3.peg.3583-MONOMER,0.0,-9.933248725521875e-34
formation_527012.3.peg.3587-MONOMER,8.29236383133257e-08,-1.236130348804163e-34
formation_527012.3.peg.3589-MONOMER,9.31587811981794e-08,0.0
formation_527012.3.peg.3607-MONOMER,0.0,1.5883174306340844e-34
formation_527012.3.peg.3632-MONOMER,-9.811912740002738e-31,-8.697608547301282e-34
formation_527012.3.peg.3663-MONOMER,0.0,-6.473896122005101e-34
formation_527012.3.peg.3720-MONOMER,0.0,0.0
formation_527012.3.peg.3721-MONOMER,0.0,1.3846900908438106e-34
formation_527012.3.peg.3724-MONOMER,0.0,0.0
formation_527012.3.peg.3735-MONOMER,4.751930785193019e-09,1.633422361962193e-34
formation_527012.3.peg.3741-MONOMER,0.0,0.0
formation_527012.3.peg.3742-MONOMER,0.0,0.0
formation_527012.3.peg.3746-MONOMER,0.0,-7.68562752963835e-35
formation_527012.3.peg.3750-MONOMER,0.0,0.0
formation_527012.3.peg.377-MONOMER,0.0,0.0
formation_527012.3.peg.3898-MONOMER,0.0,-1.0222719479981848e-34
formation_527012.3.peg.394-MONOMER,0.0,0.0
formation_527012.3.peg.395-MONOMER,0.0,0.0
formation_527012.3.peg.3954-MONOMER,0.0,-1.0526552800668054e-34
formation_527012.3.peg.396-MONOMER,0.0,0.0
formation_527012.3.peg.399-MONOMER,0.0,0.0
formation_527012.3.peg.400-MONOMER,0.0,0.0
formation_527012.3.peg.401-MONOMER,0.0,1.3317482541024279e-34
formation_527012.3.peg.402-MONOMER,0.0,1.130292452202714e-34
formation_527012.3.peg.403-MONOMER,0.0,-1.0611576161768286e-34
formation_527012.3.peg.404-MONOMER,0.0,0.0
formation_527012.3.peg.405-MONOMER,0.0,-1.8969499468820878e-34
formation_527012.3.peg.410-MONOMER,0.0,0.0
formation_527012.3.peg.411-MONOMER,0.0,0.0
formation_527012.3.peg.4110-MONOMER,8.6045977676537e-07,5.613525925150063e-35
formation_527012.3.peg.412-MONOMER,0.0,0.0
formation_527012.3.peg.415-MONOMER,0.0,0.0
formation_527012.3.peg.4194-MONOMER,0.0,0.0
formation_527012.3.peg.4195-MONOMER,1.9383538842188013e-07,-1.5175134619578488e-34
formation_527012.3.peg.4220-MONOMER,0.0,0.0
formation_527012.3.peg.4254-MONOMER,3.242206868239932e-62,0.0
formation_527012.3.peg.4255-MONOMER,4.287205839519812e-06,0.0
formation_527012.3.peg.4266-MONOMER,1.1619728043460082e-06,0.0
formation_527012.3.peg.4299-MONOMER,2.3989212618891536e-09,0.0
formation_527012.3.peg.4300-MONOMER,7.330742920954049e-10,-4.4480198092754345e-33
formation_527012.3.peg.4312-MONOMER,0.0,9.98081480991571e-35
formation_527012.3.peg.4372-MONOMER,1.1947839920360748e-28,1.3228165193037314e-34
formation_527012.3.peg.4373-MONOMER,0.0,0.0
formation_527012.3.peg.4380-MONOMER,3.572842570324767e-07,0.0
formation_527012.3.peg.4451-MONOMER,0.0,0.0
formation_527012.3.peg.4455-MONOMER,0.0,0.0
formation_527012.3.peg.4492-MONOMER,-1.2399547073037712e-43,3.0891094911989087e-34
formation_527012.3.peg.4493-MONOMER,-1.7092538620541464e-28,4.484719244766677e-34
formation_527012.3.peg.4565-MONOMER,0.0,0.0
formation_527012.3.peg.4608-MONOMER,0.0,0.0
formation_527012.3.peg.4616-MONOMER,0.0,0.0
formation_527012.3.peg.4664-MONOMER,0.0,-2.8835459911976423e-34
formation_527012.3.peg.493-MONOMER,0.0,-1.3151110841779207e-34
formation_527012.3.peg.508-MONOMER,0.0,0.0
formation_527012.3.peg.517-MONOMER,0.0,0.0
formation_527012.3.peg.519-MONOMER,0.0,0.0
formation_527012.3.peg.540-MONOMER,2.8607911531791793e-07,0.0
formation_527012.3.peg.541-MONOMER,-1.7039064387621626e-28,3.091165624082484e-34
formation_527012.3.peg.542-MONOMER,1.9064067360315927e-07,-2.59397176715417e-34
formation_527012.3.peg.543-MONOMER,0.0,0.0
formation_527012.3.peg.546-MONOMER,0.0,0.0
formation_527012.3.peg.547-MONOMER,0.0,0.0
formation_527012.3.peg.572-MONOMER,3.112382606011149e-09,0.0
formation_527012.3.peg.577-MONOMER,0.0,0.0
formation_527012.3.peg.578-MONOMER,0.0,2.552360234154665e-35
formation_527012.3.peg.593-MONOMER,0.0,-6.79941092947824e-35
formation_527012.3.peg.594-MONOMER,0.0,0.0
formation_527012.3.peg.611-MONOMER,0.0,0.0
formation_527012.3.peg.612-MONOMER,0.0,1.014343960205129e-34
formation_527012.3.peg.613-MONOMER,0.0,-1.7271415032691117e-34
formation_527012.3.peg.614-MONOMER,0.0,0.0
formation_527012.3.peg.642-MONOMER,0.0,2.0681764350235192e-34
formation_527012.3.peg.643-MONOMER,1.969788328485233e-05,-2.9372288818808726e-34
formation_527012.3.peg.653-MONOMER,-1.105594590748634e-28,0.0
formation_527012.3.peg.655-MONOMER,0.0,0.0
formation_527012.3.peg.656-MONOMER,0.0,0.0
formation_527012.3.peg.657-MONOMER,0.0,0.0
formation_527012.3.peg.658-MONOMER,-1.2365080826787614e-28,-1.0192792703278766e-34
formation_527012.3.peg.695-MONOMER,0.0,0.0
formation_527012.3.peg.752-MONOMER,0.0,0.0
formation_527012.3.peg.757-MONOMER,1.6172147790025617e-06,-2.3197088532984857e-34
formation_527012.3.peg.77-MONOMER,0.0,0.0
formation_527012.3.peg.772-MONOMER,0.0,9.26486414049698e-35
formation_527012.3.peg.773-MONOMER,0.0,-2.4396184537221023e-34
formation_527012.3.peg.78-MONOMER,0.0,0.0
formation_527012.3.peg.80-MONOMER,0.0,0.0
formation_527012.3.peg.81-MONOMER,0.0,5.036196877551505e-35
formation_527012.3.peg.82-MONOMER,0.0,0.0
formation_527012.3.peg.820-MONOMER,0.0,0.0
formation_527012.3.peg.83-MONOMER,0.0,2.1936775061630645e-34
formation_527012.3.peg.84-MONOMER,0.0,-2.137528991943996e-34
formation_527012.3.peg.85-MONOMER,0.0,9.027127149755827e-35
formation_527012.3.peg.928-MONOMER,-8.640999094661982e-40,1.535141336702567e-34
formation_527012.3.peg.941-MONOMER,0.0,0.0
formation_527012.3.peg.946-MONOMER,-2.692525960011202e-29,0.0
formation_527012.3.peg.949-MONOMER,0.0,-1.0031404386219718e-34
formation_527012.3.peg.950-MONOMER,-3.433175323122866e-41,0.0
formation_CPLX_3OAS100-0,4.4537985105774136e-07,0.0
formation_CPLX_3OAS100-1,0.0,4.335005841676808e-34
formation_CPLX_3OAS100-2,0.0,-4.311733747034937e-34
formation_CPLX_5AIZCDC-0,0.0,1.971885889245909e-34
formation_CPLX_ACACCTr-0,1.4415787165932203e-06,0.0
formation_CPLX_ACCOACL-0,0.0,2.274892457302217e-34
formation_CPLX_ACGApts-0,3.687937624075912e-07,0.0
formation_CPLX_ADOCBLabc-0,7.165860857461063e-10,3.534794677385191e-34
formation_CPLX_ALPHNH-0,0.0,2.6941267378239083e-34
formation_CPLX_ARBTpts-0,0.0,-2.7145478831715042e-34
formation_CPLX_ARBabc-0,1.6368394614704946e-07,0.0
formation_CPLX_ASPabc-0,0.0,1.7525166996553858e-34
formation_CPLX_ASPabc-1,0.0,-1.7190704928295965e-34
formation_CPLX_BTNCLi-0,0.0,0.0
formation_CPLX_CBL1abc-0,0.0,1.1807999012891798e-33
formation_CPLX_CELBpts-0,0.0,2.3457493144690874e-34
formation_CPLX_CELBpts-1,0.0,2.3426897700575465e-34
formation_CPLX_CELBpts-2,0.0,-2.4928676703741033e-34
formation_CPLX_CELBpts-3,0.0,2.4896487335799375e-34
formation_CPLX_D5KGK-0,0.0,0.0
formation_CPLX_D5KGK-1,0.0,0.0
formation_CPLX_D5KGK-2,0.0,0.0
formation_CPLX_D5KGK-3,0.0,0.0
formation_CPLX_DMATT-0,1.3845144236937943e-08,-4.288642257352667e-34
formation_CPLX_DMSOR1-0,0.0,6.302778774067802e-34
formation_CPLX_DMSOR1-2,0.0,-3.1532859547138347e-34
formation_CPLX_DMSOR1-3,3.335404662843978e-29,3.2381411495864465e-34
formation_CPLX_DMSOR1-4,0.0,0.0
formation_CPLX_DMSOR1-5,0.0,-1.293158765072665e-33
formation_CPLX_DMSOR1-6,-3.4064768678386165e-29,0.0
formation_CPLX_DMSOR1-7,0.0,3.2355236009513255e-34
formation_CPLX_DRIBabc-0,0.0,0.0
formation_CPLX_DRIBabc-1,0.0,5.5224762846475845e-34
formation_CPLX_DRIBabc-10,0.0,-8.245982381863566e-34
formation_CPLX_DRIBabc-11,0.0,0.0
formation_CPLX_DRIBabc-12,0.0,-2.7671700535117715e-34
formation_CPLX_DRIBabc-13,0.0,-2.7671700535117715e-34
formation_CPLX_DRIBabc-14,0.0,0.0
formation_CPLX_DRIBabc-15,0.0,-4.154812811600099e-34
formation_CPLX_DRIBabc-16,0.0,1.3801011022455033e-34
formation_CPLX_DRIBabc-17,0.0,0.0
formation_CPLX_DRIBabc-18,0.0,0.0
formation_CPLX_DRIBabc-19,0.0,-5.52353162434829e-34
formation_CPLX_DRIBabc-2,0.0,-2.767078951111354e-34
formation_CPLX_DRIBabc-20,0.0,4.151402720699874e-34
formation_CPLX_DRIBabc-21,0.0,-2.764493919224732e-34
formation_CPLX_DRIBabc-22,0.0,-4.132107423504712e-34
formation_CPLX_DRIBabc-23,0.0,4.151402720699874e-34
formation_CPLX_DRIBabc-24,0.0,1.3829688713483333e-34
formation_CPLX_DRIBabc-25,0.0,1.3829688713483333e-34
formation_CPLX_DRIBabc-26,0.0,4.15760386123927e-34
formation_CPLX_DRIBabc-27,2.215598270331758e-07,5.537296219668611e-34
formation_CPLX_DRIBabc-28,0.0,1.3794781701198869e-34
formation_CPLX_DRIBabc-29,0.0,4.15760386123927e-34
formation_CPLX_DRIBabc-3,0.0,4.145952754922614e-34
formation_CPLX_DRIBabc-30,0.0,-2.7671700535117715e-34
formation_CPLX_DRIBabc-31,0.0,-2.7671700535117715e-34
formation_CPLX_DRIBabc-32,3.1891718057372594e-41,-5.54591419910808e-34
formation_CPLX_DRIBabc-33,0.0,1.3849376038666997e-34
formation_CPLX_DRIBabc-34,0.0,1.3801011022455033e-34
formation_CPLX_DRIBabc-35,0.0,-5.54591419910808e-34
formation_CPLX_DRIBabc-36,0.0,2.7521021564964745e-34
formation_CPLX_DRIBabc-37,0.0,2.7521021564964745e-34
formation_CPLX_DRIBabc-38,0.0,0.0
formation_CPLX_DRIBabc-39,0.0,-6.887179765622226e-34
formation_CPLX_DRIBabc-4,0.0,2.7542047514142807e-34
formation_CPLX_DRIBabc-40,0.0,-4.117449483300281e-34
formation_CPLX_DRIBabc-41,0.0,0.0
formation_CPLX_DRIBabc-42,0.0,0.0
formation_CPLX_DRIBabc-43,0.0,0.0
formation_CPLX_DRIBabc-44,0.0,-2.767078951111354e-34
formation_CPLX_DRIBabc-45,0.0,4.145952754922614e-34
formation_CPLX_DRIBabc-46,0.0,2.7542047514142807e-34
formation_CPLX_DRIBabc-47,0.0,-2.767078951111354e-34
formation_CPLX_DRIBabc-48,0.0,2.7521021564964745e-34
formation_CPLX_DRIBabc-49,0.0,2.7521021564964745e-34
formation_CPLX_DRIBabc-5,0.0,-2.767078951111354e-34
formation_CPLX_DRIBabc-50,0.0,0.0
formation_CPLX_DRIBabc-51,0.0,-6.887179765622226e-34
formation_CPLX_DRIBabc-52,0.0,-4.117449483300281e-34
formation_CPLX_DRIBabc-53,0.0,0.0
formation_CPLX_DRIBabc-54,0.0,1.392864672584708e-34
formation_CPLX_DRIBabc-55,0.0,1.392864672584708e-34
formation_CPLX_DRIBabc-56,0.0,-2.7913520540201375e-34
formation_CPLX_DRIBabc-57,0.0,1.2547608566602572e-33
formation_CPLX_DRIBabc-58,0.0,-6.947404336867291e-34
formation_CPLX_DRIBabc-59,0.0,-2.7913520540201375e-34
formation_CPLX_DRIBabc-6,0.0,2.7557554431749415e-34
formation_CPLX_DRIBabc-7,0.0,2.7557554431749415e-34
formation_CPLX_DRIBabc-8,0.0,0.0
formation_CPLX_DRIBabc-9,0.0,-2.7585093589921835e-34
formation_CPLX_FDH2-0,0.0,0.0
formation_CPLX_FDH2-1,0.0,0.0
formation_CPLX_FDH2-10,0.0,-2.4618203230372066e-30
formation_CPLX_FDH2-11,0.0,-2.4618203230372066e-30
formation_CPLX_FDH2-12,0.0,-6.904400122574905e-31
formation_CPLX_FDH2-13,0.0,-6.904400122574905e-31
formation_CPLX_FDH2-14,0.0,0.0
formation_CPLX_FDH2-15,0.0,0.0
formation_CPLX_FDH2-2,0.0,0.0
formation_CPLX_FDH2-3,0.0,0.0
formation_CPLX_FDH2-4,0.0,-1.3149098176016186e-30
formation_CPLX_FDH2-5,0.0,-1.3149098176016186e-30
formation_CPLX_FDH2-6,0.0,0.0
formation_CPLX_FDH2-7,0.0,0.0
formation_CPLX_FDH2-8,3.8112079257836914e-48,2.2312667414465864e-30
formation_CPLX_FDH2-9,0.0,2.2312667414465864e-30
formation_CPLX_FE3t4-0,3.560582327487021e-12,0.0
formation_CPLX_FECRMabc-0,0.0,8.840496447146047e-34
formation_CPLX_FECRMabc-1,0.0,-6.512616840439703e-34
formation_CPLX_FECRMabc-2,0.0,0.0
formation_CPLX_FRD2-0,-1.2202645163700816e-29,-1.697191783798832e-32
formation_CPLX_FRUpts-0,5.330746668594746e-08,0.0
formation_CPLX_G3PAT120-0,6.062459197227055e-08,-2.012798307700465e-34
formation_CPLX_G3PD5-0,-2.0325999007638756e-40,-7.020877894029847e-34
formation_CPLX_GALTpts-0,1.0016176238335382e-06,2.2089590121502997e-34
formation_CPLX_GALabc-0,0.0,-3.6141935907217096e-34
formation_CPLX_GALabc-1,1.0264072680747411e-07,-3.6338183045218543e-34
formation_CPLX_GALabc-2,0.0,-3.6141935907217096e-34
formation_CPLX_GALabc-3,0.0,-3.6338183045218543e-34
formation_CPLX_GALabc-4,0.0,1.017087917047548e-34
formation_CPLX_GALabc-5,0.0,5.085439585237741e-34
formation_CPLX_GALabc-6,0.0,-8.326487944735118e-34
formation_CPLX_GALabc-7,0.0,6.869302998686931e-34
formation_CPLX_GCCb-0,0.0,0.0
formation_CPLX_GCCc-0,0.0,-4.831242885573083e-34
formation_CPLX_GLCpts-0,1.5511379369164604e-07,0.0
formation_CPLX_GLCpts-1,0.0,-5.464580812384992e-34
formation_CPLX_GLNabc-0,0.0,2.933439137961498e-34
formation_CPLX_GLNabc-1,0.0,0.0
formation_CPLX_GLNabc-2,0.0,4.3571362919941855e-34
formation_CPLX_GLNabc-3,0.0,0.0
formation_CPLX_GLUOX-0,0.0,1.3598074639003013e-33
formation_CPLX_GLYCLTDx-0,0.0,2.453804896475467e-34
formation_CPLX_HYD1-0,-1.5833111549059908e-28,-2.6344145329363653e-34
formation_CPLX_HYD1-1,0.0,-2.4180128247957943e-34
formation_CPLX_IPPMIb-0,-1.848023138397558e-28,0.0
formation_CPLX_MALTTRabc-0,0.0,0.0
formation_CPLX_MALTTRabc-1,0.0,0.0
formation_CPLX_MALTabc-0,0.0,2.66845166675763e-34
formation_CPLX_MALTpts-0,0.0,0.0
formation_CPLX_MANpts-0,0.0,-2.4417634123580935e-34
formation_CPLX_MANpts-1,0.0,0.0
formation_CPLX_METDabc-0,0.0,0.0
formation_CPLX_METDabc-1,0.0,-5.326205841263872e-35
formation_CPLX_METDabc-10,0.0,5.177757325961615e-35
formation_CPLX_METDabc-11,0.0,0.0
formation_CPLX_METDabc-2,0.0,0.0
formation_CPLX_METDabc-3,0.0,1.0007494391638948e-34
formation_CPLX_METDabc-4,0.0,1.109635160266719e-34
formation_CPLX_METDabc-5,0.0,9.890945963747427e-35
formation_CPLX_METDabc-6,0.0,-1.889262477572476e-34
formation_CPLX_METDabc-7,0.0,-1.399249345313344e-34
formation_CPLX_METDabc-8,0.0,-1.8863575077215486e-34
formation_CPLX_METDabc-9,0.0,0.0
formation_CPLX_MNLpts-0,6.589578134205228e-08,0.0
formation_CPLX_MNabc-0,0.0,0.0
formation_CPLX_NO3R1-0,1.5617041352478457e-06,-1.786874284092836e-34
formation_CPLX_PIabc-0,0.0,8.742613563691676e-34
formation_CPLX_PIabc-1,0.0,4.379661371931523e-34
formation_CPLX_PIabc-10,0.0,0.0
formation_CPLX_PIabc-11,0.0,-4.4722526740264916e-34
formation_CPLX_PIabc-12,0.0,2.140708678509762e-34
formation_CPLX_PIabc-13,0.0,-1.072638665558794e-34
formation_CPLX_PIabc-14,0.0,5.786297340914688e-35
formation_CPLX_PIabc-15,0.0,-1.159702608145801e-34
formation_CPLX_PIabc-2,0.0,2.364111355519293e-34
formation_CPLX_PIabc-3,0.0,-2.3685860025441216e-34
formation_CPLX_PIabc-4,0.0,-8.992442401589188e-34
formation_CPLX_PIabc-5,0.0,-1.1259049558536642e-34
formation_CPLX_PIabc-6,0.0,0.0
formation_CPLX_PIabc-7,0.0,-3.682195292944891e-34
formation_CPLX_PIabc-8,0.0,0.0
formation_CPLX_PIabc-9,0.0,2.9816812090295882e-34
formation_CPLX_PRAMPC-0,0.0,0.0
formation_CPLX_PTRCabc-0,9.748020755325232e-10,1.853061660460289e-34
formation_CPLX_RNDR1-0,-3.363231136638697e-42,-5.854627144447321e-34
formation_CPLX_SBTpts-0,0.0,3.0752542753190203e-34
formation_CPLX_SUCD1-0,-1.5850983820750817e-49,0.0
formation_CPLX_SUCD1-1,0.0,0.0
formation_CPLX_SUCD1-2,0.0,0.0
formation_CPLX_SUCD1-3,0.0,3.706808354265005e-34
formation_CPLX_SULabc-0,0.0,4.1600857696933505e-34
formation_CPLX_THD2-0,0.0,-1.9911212606680482e-33
formation_CPLX_THMabc-0,0.0,-5.354690310374196e-34
formation_CPLX_TREpts-0,5.004691767523244e-08,0.0
formation_CPLX_UREA-0,0.0,2.229559599931567e-34
formation_CPLX_UREA-1,0.0,0.0
formation_CPLX_XYLabc-0,0.0,0.0
formation_CPLX_XYLabc-1,0.0,0.0
formation_CPLX_XYLabc-2,1.1818990434693831e-07,0.0
formation_CPLX_XYLabc-3,0.0,0.0
formation_CPLX_YUMPS-0,0.0,0.0
formation_CPLX_YUMPS-1,4.731750156069863e-11,-8.034264570851326e-34
formation_CPLX_YUMPS-2,4.731750156069863e-11,-8.328433807373655e-34
formation_CPLX_YUMPS-3,4.731750156069863e-11,-8.328433807373655e-34
formation_CPLX_ZNabc-0,0.0,7.197838129339329e-34
formation_CPLX_ZNabc-1,0.0,0.0
formation_CPLX_ZNabc-2,0.0,-5.651369693020982e-34
formation_CPLX_ZNabc-3,0.0,0.0
formation_CPLX_ZNabc-4,0.0,-3.0729131336554143e-34
formation_CPLX_ZNabc-5,0.0,3.0460114090719376e-34
formation_CPLX_ZNabc-6,0.0,3.0292392058437947e-34
formation_CPLX_ZNabc-7,0.0,-1.5009750201890912e-34
formation_CPLX_dreplication-0,0.0,0.0
formation_CPLX_dreplication-1,0.0,-4.4231221710849065e-33
formation_CPLX_pbiosynthesis-0,5.256864382692319e-10,3.982284309575331e-32
formation_CPLX_pbiosynthesis-1,5.256864382692319e-10,-1.0961545470686736e-31
formation_CPLX_pbiosynthesis-10,5.256864382692319e-10,4.947064528905437e-31
formation_CPLX_pbiosynthesis-11,5.256864382692319e-10,-1.0304673831993897e-31
formation_CPLX_pbiosynthesis-12,5.256864382692319e-10,-1.9500876773693631e-31
formation_CPLX_pbiosynthesis-13,5.256864382692319e-10,-1.0961545470686736e-31
formation_CPLX_pbiosynthesis-14,5.256864382692319e-10,-2.278523496715782e-31
formation_CPLX_pbiosynthesis-15,5.256864382692319e-10,-7.020315638529707e-32
formation_CPLX_pbiosynthesis-2,5.256864382692319e-10,-2.278523496715782e-31
formation_CPLX_pbiosynthesis-3,5.256864382692319e-10,-7.020315638529707e-32
formation_CPLX_pbiosynthesis-4,5.256864382692319e-10,-2.7095955096079574e-32
formation_CPLX_pbiosynthesis-5,5.256864382692319e-10,1.3712195457712995e-31
formation_CPLX_pbiosynthesis-6,5.256864382692319e-10,-1.6503899922157557e-31
formation_CPLX_pbiosynthesis-7,5.256864382692319e-10,-1.7817643199543233e-31
formation_CPLX_pbiosynthesis-8,5.256864382692319e-10,7.430860412712731e-32
formation_CPLX_pbiosynthesis-9,5.256864382692319e-10,4.224505726343315e-31
formation_CPLX_r0060-0,0.0,0.0
formation_CPLX_rtranscription-0,8.615634919002527e-10,-1.7081251485256207e-32
formation_g.2094.peg.1002-MONOMER,2.6397436776238568e-05,0.0
formation_g.2094.peg.1007-MONOMER,0.0,0.0
formation_g.2094.peg.1012-MONOMER,0.0,1.3760116126276294e-34
formation_g.2094.peg.1015-MONOMER,4.731750156069863e-11,0.0
formation_g.2094.peg.1019-MONOMER,0.0,0.0
formation_g.2094.peg.102-MONOMER,0.0,0.0
formation_g.2094.peg.1020-MONOMER,2.6397436776238568e-05,0.0
formation_g.2094.peg.1021-MONOMER,0.0,-3.7568332646205436e-35
formation_g.2094.peg.1022-MONOMER,2.6397436776238568e-05,0.0
formation_g.2094.peg.1024-MONOMER,0.0,0.0
formation_g.2094.peg.1026-MONOMER,0.0,0.0
formation_g.2094.peg.1031-MONOMER,-1.1079134089087533e-40,-3.591929150949803e-34
formation_g.2094.peg.1035-MONOMER,0.0,-8.992918360962321e-35
formation_g.2094.peg.1036-MONOMER,2.4216525169739734e-13,2.0779623433941845e-34
formation_g.2094.peg.1051-MONOMER,0.0,-5.607566026861545e-35
formation_g.2094.peg.1052-MONOMER,2.7856937581038065e-08,9.75117831042115e-35
formation_g.2094.peg.1054-MONOMER,2.1445898296012965e-07,-1.8331907390881813e-34
formation_g.2094.peg.1056-MONOMER,0.0,0.0
formation_g.2094.peg.1064-MONOMER,1.744159300820869e-57,3.5182375994750854e-35
formation_g.2094.peg.1067-MONOMER,0.0,0.0
formation_g.2094.peg.1071-MONOMER,0.0,-5.602641419319731e-35
formation_g.2094.peg.1074-MONOMER,0.0,-1.4279236935398152e-34
formation_g.2094.peg.1085-MONOMER,0.0,0.0
formation_g.2094.peg.1090-MONOMER,1.5444151350473842e-06,1.0935744938004743e-34
formation_g.2094.peg.1115-MONOMER,-5.938957650712862e-29,0.0
formation_g.2094.peg.1116-MONOMER,0.0,-1.0345701855313115e-34
formation_g.2094.peg.1117-MONOMER,2.6397436776238568e-05,-3.207527215582824e-34
formation_g.2094.peg.1118-MONOMER,0.0,0.0
formation_g.2094.peg.1124-MONOMER,0.0,-8.67848289151411e-35
formation_g.2094.peg.1125-MONOMER,2.6397436776238568e-05,0.0
formation_g.2094.peg.1134-MONOMER,0.0,0.0
formation_g.2094.peg.1135-MONOMER,0.0,8.056884017638716e-35
formation_g.2094.peg.1136-MONOMER,2.6397436776238568e-05,-4.825697156394267e-35
formation_g.2094.peg.1142-MONOMER,0.0,-2.2857545492351835e-30
formation_g.2094.peg.115-MONOMER,5.623548106089927e-05,-5.014492256416241e-35
formation_g.2094.peg.1150-MONOMER,0.0,2.3638919386392218e-35
formation_g.2094.peg.1160-MONOMER,0.0,0.0
formation_g.2094.peg.1161-MONOMER,0.0,1.2192933697531644e-34
formation_g.2094.peg.1167-MONOMER,0.0,0.0
formation_g.2094.peg.1168-MONOMER,0.0,8.045412162730004e-35
formation_g.2094.peg.1177-MONOMER,0.0,0.0
formation_g.2094.peg.1180-MONOMER,3.561791537186068e-41,-1.2414309636160396e-34
formation_g.2094.peg.1185-MONOMER,0.0,0.0
formation_g.2094.peg.1187-MONOMER,0.0,0.0
formation_g.2094.peg.1188-MONOMER,2.6397436776238568e-05,0.0
formation_g.2094.peg.1189-MONOMER,0.0,0.0
formation_g.2094.peg.119-MONOMER,0.0,-1.2817919538184768e-34
formation_g.2094.peg.1191-MONOMER,0.0,-9.412561854881285e-35
formation_g.2094.peg.1203-MONOMER,9.135722627077513e-08,3.600239266020892e-34
formation_g.2094.peg.1210-MONOMER,0.0,0.0
formation_g.2094.peg.1216-MONOMER,0.0,0.0
formation_g.2094.peg.1226-MONOMER,2.6397436776238568e-05,-2.0815321682820355e-35
formation_g.2094.peg.1243-MONOMER,0.0,0.0
formation_g.2094.peg.1249-MONOMER,2.6397436776238568e-05,-1.9142569881783988e-35
formation_g.2094.peg.1251-MONOMER,0.0,2.0979800223884562e-34
formation_g.2094.peg.1253-MONOMER,1.2721235759710984e-06,0.0
formation_g.2094.peg.1255-MONOMER,0.0,1.7875706176389803e-34
formation_g.2094.peg.1258-MONOMER,4.49277694083746e-29,-7.771011189925521e-34
formation_g.2094.peg.1264-MONOMER,1.3173874157051885e-06,0.0
formation_g.2094.peg.1265-MONOMER,-4.303979876106276e-28,-2.254848689205319e-34
formation_g.2094.peg.1266-MONOMER,0.0,0.0
formation_g.2094.peg.1276-MONOMER,0.0,0.0
formation_g.2094.peg.1280-MONOMER,0.0,0.0
formation_g.2094.peg.1282-MONOMER,0.0,-3.0092945332685005e-34
formation_g.2094.peg.1288-MONOMER,0.0,0.0
formation_g.2094.peg.1292-MONOMER,2.418912324445791e-07,0.0
formation_g.2094.peg.1293-MONOMER,6.284324977869706e-09,6.654351564529079e-35
formation_g.2094.peg.1294-MONOMER,2.6397436776238568e-05,0.0
formation_g.2094.peg.1296-MONOMER,6.449857798567109e-07,2.6348568094665167e-34
formation_g.2094.peg.1305-MONOMER,2.255200705254182e-07,2.7384444339009814e-34
formation_g.2094.peg.1308-MONOMER,4.731750156069863e-11,-1.4455910307151094e-34
formation_g.2094.peg.1309-MONOMER,2.1126534355083204e-08,7.014195675461216e-34
formation_g.2094.peg.1310-MONOMER,2.6397436776238568e-05,0.0
formation_g.2094.peg.1311-MONOMER,2.6397436776238568e-05,0.0
formation_g.2094.peg.1314-MONOMER,0.0,-4.520131604213412e-34
formation_g.2094.peg.1321-MONOMER,4.731750156069863e-11,0.0
formation_g.2094.peg.1324-MONOMER,0.0033533478376256563,0.0
formation_g.2094.peg.1330-MONOMER,0.0,1.6234342245792216e-34
formation_g.2094.peg.1333-MONOMER,0.0,1.8883397931653273e-34
formation_g.2094.peg.1336-MONOMER,0.0,0.0
formation_g.2094.peg.1337-MONOMER,1.0082830007576626e-06,-4.372793633436227e-34
formation_g.2094.peg.1341-MONOMER,1.7314365679929727e-07,3.7933222104172114e-34
formation_g.2094.peg.1343-MONOMER,0.0,0.0
formation_g.2094.peg.1344-MONOMER,1.655069600501869e-08,0.0
formation_g.2094.peg.1349-MONOMER,8.545098661285565e-08,0.0
formation_g.2094.peg.1351-MONOMER,9.77178183600455e-09,0.0
formation_g.2094.peg.1353-MONOMER,0.0,0.0
formation_g.2094.peg.1357-MONOMER,2.6397436776238568e-05,0.0
formation_g.2094.peg.1365-MONOMER,0.0,1.6177778983780596e-34
formation_g.2094.peg.1368-MONOMER,0.0,2.1475939089578744e-34
formation_g.2094.peg.1370-MONOMER,3.026587864006932e-07,-2.013508316732549e-34
formation_g.2094.peg.1381-MONOMER,1.8925486541970943e-08,0.0
formation_g.2094.peg.1394-MONOMER,3.338064193447413e-06,8.045500805820988e-35
formation_g.2094.peg.1395-MONOMER,5.089058396395894e-09,-1.0444569945738172e-34
formation_g.2094.peg.1398-MONOMER,0.0,0.0
formation_g.2094.peg.1402-MONOMER,0.0,0.0
formation_g.2094.peg.1406-MONOMER,0.0,-2.9106244766384974e-35
formation_g.2094.peg.1410-MONOMER,0.0,0.0
formation_g.2094.peg.1412-MONOMER,0.0,0.0
formation_g.2094.peg.1414-MONOMER,0.0,1.5043622509985901e-34
formation_g.2094.peg.1415-MONOMER,2.864211102826427e-07,0.0
formation_g.2094.peg.1417-MONOMER,0.0,-2.748378591390966e-35
formation_g.2094.peg.1419-MONOMER,0.0,1.899759759722605e-34
formation_g.2094.peg.142-MONOMER,0.0,1.6720253009370144e-35
formation_g.2094.peg.1421-MONOMER,2.2955816309780433e-06,1.0791486842932706e-34
formation_g.2094.peg.1423-MONOMER,1.5285804465922073e-05,3.931160549917173e-35
formation_g.2094.peg.1435-MONOMER,0.0,1.8600363073207653e-34
formation_g.2094.peg.1436-MONOMER,0.0,0.0
formation_g.2094.peg.1448-MONOMER,5.384040623068855e-07,0.0
formation_g.2094.peg.145-MONOMER,0.0,2.417201162998524e-34
formation_g.2094.peg.1456-MONOMER,9.791878312077912e-09,0.0
formation_g.2094.peg.1459-MONOMER,8.408639495874181e-08,0.0
formation_g.2094.peg.1465-MONOMER,0.0,0.0
formation_g.2094.peg.1467-MONOMER,2.0255439567857867e-05,0.0
formation_g.2094.peg.1486-MONOMER,2.1877330693966425e-40,0.0
formation_g.2094.peg.149-MONOMER,0.0,0.0
formation_g.2094.peg.1492-MONOMER,3.5944182336867678e-06,0.0
formation_g.2094.peg.1494-MONOMER,2.6397436776238568e-05,0.0
formation_g.2094.peg.1497-MONOMER,0.0,-3.0195389727414753e-34
formation_g.2094.peg.1509-MONOMER,0.0,0.0
formation_g.2094.peg.1512-MONOMER,2.6397436776238568e-05,4.851302374174531e-35
formation_g.2094.peg.1518-MONOMER,0.0,-5.151319116883416e-34
formation_g.2094.peg.1521-MONOMER,-5.92436178293186e-28,1.9046986089049927e-34
formation_g.2094.peg.1527-MONOMER,2.4675674247058322e-09,0.0
formation_g.2094.peg.1531-MONOMER,0.0,2.6348568094665167e-34
formation_g.2094.peg.1537-MONOMER,-6.695032643073698e-30,0.0
formation_g.2094.peg.1546-MONOMER,1.2530524653137028e-07,0.0
formation_g.2094.peg.1551-MONOMER,2.839109054401285e-41,0.0
formation_g.2094.peg.1576-MONOMER,2.1203314421902415e-28,0.0
formation_g.2094.peg.1581-MONOMER,0.0,-1.321459305067202e-34
formation_g.2094.peg.1586-MONOMER,0.0,1.784118000314091e-34
formation_g.2094.peg.1590-MONOMER,3.8768497472334293e-07,7.058868075042975e-35
formation_g.2094.peg.1594-MONOMER,0.0,0.0
formation_g.2094.peg.160-MONOMER,0.0,0.0
formation_g.2094.peg.1602-MONOMER,1.429577213990919e-07,0.0
formation_g.2094.peg.1605-MONOMER,0.0,-1.1987830312204088e-34
formation_g.2094.peg.1607-MONOMER,0.0,0.0
formation_g.2094.peg.1610-MONOMER,0.0,-8.125811557953076e-35
formation_g.2094.peg.1612-MONOMER,0.0,1.190412077160662e-34
formation_g.2094.peg.1617-MONOMER,0.0,0.0
formation_g.2094.peg.1621-MONOMER,2.6397436776238568e-05,0.0
formation_g.2094.peg.1623-MONOMER,0.0,2.3638919386392218e-35
formation_g.2094.peg.1634-MONOMER,0.0,0.0
formation_g.2094.peg.1652-MONOMER,2.876376689746839e-09,9.013635340387466e-35
formation_g.2094.peg.1653-MONOMER,0.0,-1.406257512624278e-34
formation_g.2094.peg.1654-MONOMER,0.0,-4.574074198510219e-34
formation_g.2094.peg.1655-MONOMER,0.0,-7.95964476568165e-35
formation_g.2094.peg.1662-MONOMER,0.0,8.2773684831849e-35
formation_g.2094.peg.1667-MONOMER,0.0,8.793301747780285e-35
formation_g.2094.peg.1675-MONOMER,2.6397436776238568e-05,0.0
formation_g.2094.peg.1683-MONOMER,0.0,0.0
formation_g.2094.peg.1684-MONOMER,0.0,0.0
formation_g.2094.peg.1691-MONOMER,1.1572705856022273e-06,0.0
formation_g.2094.peg.1692-MONOMER,2.6397436776238568e-05,0.0
formation_g.2094.peg.1694-MONOMER,0.0,0.0
formation_g.2094.peg.1697-MONOMER,0.0,0.0
formation_g.2094.peg.1702-MONOMER,0.0,1.0160224306644083e-34
formation_g.2094.peg.1708-MONOMER,0.0,0.0
formation_g.2094.peg.1709-MONOMER,4.193009488491563e-07,-2.6681383261922607e-34
formation_g.2094.peg.1714-MONOMER,2.6397436776238568e-05,0.0
formation_g.2094.peg.1720-MONOMER,6.478648598960011e-06,0.0
formation_g.2094.peg.1725-MONOMER,2.30437919997339e-07,0.0
formation_g.2094.peg.1730-MONOMER,0.0,0.0
formation_g.2094.peg.1732-MONOMER,0.0,0.0
formation_g.2094.peg.1733-MONOMER,4.731750156069863e-11,0.0
formation_g.2094.peg.1739-MONOMER,0.0,0.0
formation_g.2094.peg.1741-MONOMER,2.6397962462676836e-05,0.0
formation_g.2094.peg.1747-MONOMER,1.0353903300893044e-31,1.1502680828144884e-34
formation_g.2094.peg.1755-MONOMER,0.0,-2.748378591390966e-35
formation_g.2094.peg.1768-MONOMER,2.1678368808693535e-08,0.0
formation_g.2094.peg.1769-MONOMER,0.0,1.8995224873045568e-34
formation_g.2094.peg.1772-MONOMER,2.6397436776238568e-05,4.502576855925908e-35
formation_g.2094.peg.1775-MONOMER,0.0,0.0
formation_g.2094.peg.1778-MONOMER,2.6397436776238568e-05,4.625110583350687e-35
formation_g.2094.peg.1779-MONOMER,0.0,4.820061660157742e-34
formation_g.2094.peg.1784-MONOMER,2.6397436776238568e-05,9.583399358888078e-35
formation_g.2094.peg.1787-MONOMER,0.0,0.0
formation_g.2094.peg.1789-MONOMER,0.0,-7.037534131736964e-35
formation_g.2094.peg.1793-MONOMER,0.0,-2.3198265432210234e-34
formation_g.2094.peg.1795-MONOMER,1.663039820160317e-62,0.0
formation_g.2094.peg.1796-MONOMER,2.6361034235477396e-09,0.0
formation_g.2094.peg.1798-MONOMER,0.0,0.0
formation_g.2094.peg.1800-MONOMER,0.0,1.4382286165244626e-30
formation_g.2094.peg.1803-MONOMER,2.0931626607665148e-10,0.0
formation_g.2094.peg.1805-MONOMER,0.0,-2.008701590925905e-34
formation_g.2094.peg.1811-MONOMER,3.785470995592961e-08,0.0
formation_g.2094.peg.1812-MONOMER,2.1124039246240929e-07,1.9680549554363447e-34
formation_g.2094.peg.1821-MONOMER,5.492001951549142e-08,-1.415135095834273e-34
formation_g.2094.peg.1835-MONOMER,2.6397436776238568e-05,9.119033118221808e-35
formation_g.2094.peg.184-MONOMER,4.1149351615837626e-06,0.0
formation_g.2094.peg.1844-MONOMER,0.0,-3.825115598687952e-34
formation_g.2094.peg.1845-MONOMER,0.0,0.0
formation_g.2094.peg.1850-MONOMER,0.0,0.0
formation_g.2094.peg.1851-MONOMER,2.82982616700681e-08,0.0
formation_g.2094.peg.1855-MONOMER,0.0,0.0
formation_g.2094.peg.1865-MONOMER,0.0,1.8995224873045568e-34
formation_g.2094.peg.1866-MONOMER,0.0,0.0
formation_g.2094.peg.1869-MONOMER,1.3803234510047076e-41,0.0
formation_g.2094.peg.1872-MONOMER,-5.932948364861634e-48,-2.475586995140577e-34
formation_g.2094.peg.188-MONOMER,0.0,0.0
formation_g.2094.peg.1883-MONOMER,2.0605219990002995e-07,7.509361602111625e-34
formation_g.2094.peg.1890-MONOMER,0.0,0.0
formation_g.2094.peg.1893-MONOMER,2.8045099931078155e-07,0.0
formation_g.2094.peg.1894-MONOMER,0.0,-8.23348605394754e-35
formation_g.2094.peg.1898-MONOMER,0.0,7.8520988854915e-35
formation_g.2094.peg.1901-MONOMER,0.0,-2.0496399896818667e-34
formation_g.2094.peg.1908-MONOMER,0.0,0.0
formation_g.2094.peg.1912-MONOMER,1.8149753213027269e-07,0.0
formation_g.2094.peg.1914-MONOMER,0.0,-1.7112178587953785e-34
formation_g.2094.peg.1923-MONOMER,0.0,0.0
formation_g.2094.peg.1924-MONOMER,0.0,0.0
formation_g.2094.peg.1936-MONOMER,0.0,1.708771690543333e-35
formation_g.2094.peg.1938-MONOMER,2.4593266075269464e-06,0.0
formation_g.2094.peg.1946-MONOMER,0.0,0.0
formation_g.2094.peg.1948-MONOMER,-8.441403112387773e-58,0.0
formation_g.2094.peg.1955-MONOMER,0.0,0.0
formation_g.2094.peg.1969-MONOMER,1.9036314640208745e-31,-7.908476272101049e-35
formation_g.2094.peg.197-MONOMER,0.0,0.0
formation_g.2094.peg.1970-MONOMER,0.0,0.0
formation_g.2094.peg.1982-MONOMER,0.0,-2.1614817374768227e-34
formation_g.2094.peg.1983-MONOMER,0.0,0.0
formation_g.2094.peg.1988-MONOMER,0.0,0.0
formation_g.2094.peg.1996-MONOMER,0.0,0.0
formation_g.2094.peg.1998-MONOMER,0.0,0.0
formation_g.2094.peg.2-MONOMER,0.0,0.0
formation_g.2094.peg.2003-MONOMER,2.6397436776238568e-05,0.0
formation_g.2094.peg.201-MONOMER,0.0,0.0
formation_g.2094.peg.2023-MONOMER,-5.196738959625809e-59,1.1070103673362124e-34
formation_g.2094.peg.2024-MONOMER,0.0,0.0
formation_g.2094.peg.2026-MONOMER,4.731750156069863e-11,0.0
formation_g.2094.peg.2027-MONOMER,2.6397436776238568e-05,0.0
formation_g.2094.peg.2032-MONOMER,4.555439680663719e-06,0.0
formation_g.2094.peg.204-MONOMER,0.0,0.0
formation_g.2094.peg.2041-MONOMER,2.8390500936419213e-10,3.734299536401545e-34
formation_g.2094.peg.2049-MONOMER,0.0,0.0
formation_g.2094.peg.2051-MONOMER,0.0,-1.9050279431793243e-34
formation_g.2094.peg.2053-MONOMER,0.0,0.0
formation_g.2094.peg.2059-MONOMER,0.0,0.0
formation_g.2094.peg.2073-MONOMER,0.0,0.0
formation_g.2094.peg.2078-MONOMER,9.20244549196417e-09,7.182008972110233e-34
formation_g.2094.peg.2081-MONOMER,0.0,0.0
formation_g.2094.peg.2089-MONOMER,2.2239174859541057e-08,-2.5788720563060674e-34
formation_g.2094.peg.2095-MONOMER,3.5247780746282117e-06,3.807650066247678e-33
formation_g.2094.peg.2097-MONOMER,0.0,0.0
formation_g.2094.peg.2124-MONOMER,0.0,-2.137528991943996e-34
formation_g.2094.peg.2127-MONOMER,4.731750156069863e-11,0.0
formation_g.2094.peg.2129-MONOMER,2.6397436776238568e-05,0.0
formation_g.2094.peg.2130-MONOMER,0.0,0.0
formation_g.2094.peg.2144-MONOMER,0.0,0.0
formation_g.2094.peg.2149-MONOMER,0.0,-1.978274083283634e-34
formation_g.2094.peg.2152-MONOMER,0.0,-1.5884140319124086e-34
formation_g.2094.peg.2155-MONOMER,2.731342318301136e-31,-9.088112076215111e-35
formation_g.2094.peg.2159-MONOMER,3.178326970058479e-07,0.0
formation_g.2094.peg.2164-MONOMER,0.0,0.0
formation_g.2094.peg.2176-MONOMER,2.6397436776238568e-05,0.0
formation_g.2094.peg.2177-MONOMER,0.0,-4.723969705489398e-35
formation_g.2094.peg.2186-MONOMER,2.6397436776238568e-05,0.0
formation_g.2094.peg.2194-MONOMER,2.6397436776238568e-05,1.1371284759248543e-34
formation_g.2094.peg.2199-MONOMER,0.0,0.0
formation_g.2094.peg.2210-MONOMER,0.0,0.0
formation_g.2094.peg.2212-MONOMER,1.9942194337193156e-07,6.168591142787292e-34
formation_g.2094.peg.2215-MONOMER,1.9063248164925504e-09,4.367919182951698e-34
formation_g.2094.peg.2217-MONOMER,0.0,0.0
formation_g.2094.peg.2219-MONOMER,0.0,0.0
formation_g.2094.peg.2231-MONOMER,1.6406899412541859e-59,-1.168785513133609e-34
formation_g.2094.peg.2234-MONOMER,0.0,0.0
formation_g.2094.peg.2239-MONOMER,0.0,2.9065575776234003e-34
formation_g.2094.peg.224-MONOMER,0.0,0.0
formation_g.2094.peg.2258-MONOMER,2.8831006215410663e-08,3.1099649005999436e-34
formation_g.2094.peg.2265-MONOMER,0.0,0.0
formation_g.2094.peg.227-MONOMER,0.0,6.770683891057455e-35
formation_g.2094.peg.2272-MONOMER,0.0,-8.949140091629492e-35
formation_g.2094.peg.2282-MONOMER,0.0,-1.395637131692161e-34
formation_g.2094.peg.2287-MONOMER,0.0,0.0
formation_g.2094.peg.2288-MONOMER,0.0,2.625437825870492e-34
formation_g.2094.peg.2291-MONOMER,-3.4843172846775275e-31,0.0
formation_g.2094.peg.2293-MONOMER,0.0,0.0
formation_g.2094.peg.2296-MONOMER,0.0,0.0
formation_g.2094.peg.23-MONOMER,1.9817548588655113e-08,0.0
formation_g.2094.peg.2301-MONOMER,0.0,0.0
formation_g.2094.peg.2308-MONOMER,0.0,0.0
formation_g.2094.peg.2314-MONOMER,9.954288352138317e-08,1.4777211211231395e-34
formation_g.2094.peg.2318-MONOMER,0.0,0.0
formation_g.2094.peg.2330-MONOMER,0.0,1.0403502179626688e-34
formation_g.2094.peg.2334-MONOMER,0.0,-1.5132515594071383e-34
formation_g.2094.peg.2335-MONOMER,0.0,0.0
formation_g.2094.peg.2338-MONOMER,0.0,-8.894827064796464e-35
formation_g.2094.peg.2343-MONOMER,2.6397962462676836e-05,-5.272973172174261e-35
formation_g.2094.peg.2348-MONOMER,1.103878812132613e-07,0.0
formation_g.2094.peg.235-MONOMER,0.0,-1.0611576161768286e-34
formation_g.2094.peg.2363-MONOMER,4.04182801747602e-06,0.0
formation_g.2094.peg.2365-MONOMER,0.0,-1.8006162963832412e-34
formation_g.2094.peg.2373-MONOMER,1.2381896516435419e-06,-4.463904411565608e-34
formation_g.2094.peg.2375-MONOMER,0.0,0.0
formation_g.2094.peg.2378-MONOMER,4.731750156069863e-11,0.0
formation_g.2094.peg.2393-MONOMER,2.6397436776238568e-05,0.0
formation_g.2094.peg.2407-MONOMER,0.0,0.0
formation_g.2094.peg.2413-MONOMER,2.002224748068978e-06,0.0
formation_g.2094.peg.2415-MONOMER,0.0,0.0
formation_g.2094.peg.2416-MONOMER,-4.7427533853704524e-29,-1.8769703873973791e-34
formation_g.2094.peg.2421-MONOMER,4.731750156069863e-11,0.0
formation_g.2094.peg.2428-MONOMER,0.0,-5.987619645346793e-35
formation_g.2094.peg.2437-MONOMER,1.7728115847322816e-08,0.0
formation_g.2094.peg.244-MONOMER,0.0,1.35927813435425e-34
formation_g.2094.peg.2443-MONOMER,0.0,0.0
formation_g.2094.peg.2445-MONOMER,1.9831984363645255e-06,3.1783549512259787e-34
formation_g.2094.peg.2455-MONOMER,0.0,0.0
formation_g.2094.peg.2456-MONOMER,0.0,1.6498713670761843e-34
formation_g.2094.peg.2465-MONOMER,0.0,0.0
formation_g.2094.peg.2469-MONOMER,0.0,0.0
formation_g.2094.peg.2478-MONOMER,7.308297861351457e-07,-2.0294016822176535e-34
formation_g.2094.peg.2480-MONOMER,0.0,-1.928063260993333e-34
formation_g.2094.peg.2483-MONOMER,0.0,0.0
formation_g.2094.peg.2494-MONOMER,1.6582248592645348e-08,0.0
formation_g.2094.peg.2498-MONOMER,0.0,5.872371192587384e-34
formation_g.2094.peg.2502-MONOMER,1.5151420268491701e-06,0.0
formation_g.2094.peg.251-MONOMER,1.6118149068581658e-10,0.0
formation_g.2094.peg.2516-MONOMER,0.0,0.0
formation_g.2094.peg.2517-MONOMER,0.0,0.0
formation_g.2094.peg.2518-MONOMER,0.0,-6.591960897084359e-35
formation_g.2094.peg.2519-MONOMER,2.6397962462676836e-05,1.158339731993548e-34
formation_g.2094.peg.2527-MONOMER,2.418788951075464e-06,0.0
formation_g.2094.peg.254-MONOMER,0.0,3.012966826634008e-34
formation_g.2094.peg.2542-MONOMER,0.0,0.0
formation_g.2094.peg.2559-MONOMER,7.165665674893577e-11,0.0
formation_g.2094.peg.2579-MONOMER,3.5820476528169444e-08,0.0
formation_g.2094.peg.2588-MONOMER,0.007111840101802593,3.9839093718150236e-36
formation_g.2094.peg.2589-MONOMER,2.6397962462676836e-05,0.0
formation_g.2094.peg.2608-MONOMER,4.7508669294712975e-12,0.0
formation_g.2094.peg.2614-MONOMER,0.0,0.0
formation_g.2094.peg.2617-MONOMER,2.291579596022147e-09,3.2644009087387556e-34
formation_g.2094.peg.2623-MONOMER,0.0,2.162255936398508e-34
formation_g.2094.peg.2633-MONOMER,4.703615659073258e-31,1.005176890014244e-34
formation_g.2094.peg.2637-MONOMER,-4.928915547489993e-30,-3.2461758756092487e-34
formation_g.2094.peg.264-MONOMER,0.0,0.0
formation_g.2094.peg.2641-MONOMER,0.0,0.0
formation_g.2094.peg.2663-MONOMER,2.6397436776238568e-05,0.0
formation_g.2094.peg.2664-MONOMER,0.0,0.0
formation_g.2094.peg.2669-MONOMER,0.0,0.0
formation_g.2094.peg.2675-MONOMER,2.894806693750886e-07,0.0
formation_g.2094.peg.2699-MONOMER,0.0,-1.8904561219687173e-34
formation_g.2094.peg.2704-MONOMER,2.8066253847114718e-08,0.0
formation_g.2094.peg.2714-MONOMER,0.0,2.6353259325843783e-34
formation_g.2094.peg.2719-MONOMER,0.0,0.0
formation_g.2094.peg.2729-MONOMER,0.0,0.0
formation_g.2094.peg.2752-MONOMER,0.0,1.6001824147387638e-34
formation_g.2094.peg.2753-MONOMER,2.1054995911145717e-06,0.0
formation_g.2094.peg.2756-MONOMER,0.0,1.8153848980820842e-34
formation_g.2094.peg.276-MONOMER,0.0,3.353546413595298e-35
formation_g.2094.peg.2763-MONOMER,1.1785463661858908e-06,2.249157145801136e-34
formation_g.2094.peg.2774-MONOMER,2.6397962462676836e-05,-2.699816403711197e-35
formation_g.2094.peg.2777-MONOMER,1.6199382494917817e-07,1.5721708852110184e-34
formation_g.2094.peg.2781-MONOMER,0.0,-2.8822235978094486e-34
formation_g.2094.peg.2787-MONOMER,-5.847710769752977e-29,0.0
formation_g.2094.peg.2788-MONOMER,1.1897098943765414e-06,1.3445951186969117e-34
formation_g.2094.peg.2790-MONOMER,0.0,5.055174348650164e-34
formation_g.2094.peg.2796-MONOMER,4.04182801747602e-06,0.0
formation_g.2094.peg.2803-MONOMER,9.6904364114296e-08,-1.9416970174002168e-34
formation_g.2094.peg.2811-MONOMER,0.0,0.0
formation_g.2094.peg.2814-MONOMER,9.116329441098865e-07,0.0
formation_g.2094.peg.2824-MONOMER,0.0,0.0
formation_g.2094.peg.2830-MONOMER,0.0,-1.6293101693418251e-34
formation_g.2094.peg.2845-MONOMER,4.601957938638481e-06,0.0
formation_g.2094.peg.2848-MONOMER,1.8246279814211803e-11,0.0
formation_g.2094.peg.2850-MONOMER,0.0,0.0
formation_g.2094.peg.2854-MONOMER,0.0,0.0
formation_g.2094.peg.2862-MONOMER,0.0,0.0
formation_g.2094.peg.2872-MONOMER,0.0,6.229392343662808e-34
formation_g.2094.peg.2879-MONOMER,0.0,0.0
formation_g.2094.peg.288-MONOMER,0.0,1.005176890014244e-34
formation_g.2094.peg.2889-MONOMER,-1.3128167589460364e-28,-6.372758053268494e-35
formation_g.2094.peg.2902-MONOMER,2.6397436776238568e-05,4.851302374174531e-35
formation_g.2094.peg.2908-MONOMER,0.0,1.2005308487938191e-33
formation_g.2094.peg.2911-MONOMER,5.391852589053487e-08,3.8135947018050016e-34
formation_g.2094.peg.2920-MONOMER,0.0,0.0
formation_g.2094.peg.2922-MONOMER,0.0,-9.998632773207329e-34
formation_g.2094.peg.2936-MONOMER,2.6397436776238568e-05,-1.0588401767525647e-34
formation_g.2094.peg.2942-MONOMER,7.165665674893577e-11,0.0
formation_g.2094.peg.2944-MONOMER,5.636987213044224e-07,1.865904897978938e-34
formation_g.2094.peg.2949-MONOMER,0.0,-1.5933900227359267e-34
formation_g.2094.peg.2953-MONOMER,-1.7276131404697217e-29,0.0
formation_g.2094.peg.2956-MONOMER,0.0,1.0346406433661283e-34
formation_g.2094.peg.2963-MONOMER,0.0,-6.577865646437226e-34
formation_g.2094.peg.2975-MONOMER,1.0581730391872613e-07,2.350483010188481e-34
formation_g.2094.peg.298-MONOMER,4.731750156069863e-11,-1.1211170078864386e-34
formation_g.2094.peg.2980-MONOMER,2.0778698662718817e-06,0.0
formation_g.2094.peg.2989-MONOMER,0.0,0.0
formation_g.2094.peg.3006-MONOMER,0.0,0.0
formation_g.2094.peg.3021-MONOMER,5.256864382692319e-10,-7.127332813673326e-35
formation_g.2094.peg.3033-MONOMER,0.0,1.3646175358409806e-34
formation_g.2094.peg.3036-MONOMER,0.0,0.0
formation_g.2094.peg.304-MONOMER,2.845276406312914e-06,0.0
formation_g.2094.peg.3041-MONOMER,0.0,0.0
formation_g.2094.peg.3045-MONOMER,2.4694825311726942e-08,0.0
formation_g.2094.peg.3050-MONOMER,4.721232012923457e-07,0.0
formation_g.2094.peg.3062-MONOMER,0.0,0.0
formation_g.2094.peg.3068-MONOMER,0.0,0.0
formation_g.2094.peg.3073-MONOMER,0.0,-1.0611576161768286e-34
formation_g.2094.peg.3078-MONOMER,0.0,3.144180140611744e-34
formation_g.2094.peg.308-MONOMER,4.731750156069863e-11,3.92712114384374e-34
formation_g.2094.peg.3081-MONOMER,3.831977445367019e-06,-2.0255038129569594e-34
formation_g.2094.peg.309-MONOMER,0.0,0.0
formation_g.2094.peg.3091-MONOMER,2.6397436776238568e-05,9.094467693399587e-35
formation_g.2094.peg.3098-MONOMER,5.635032030087147e-28,2.465960781075153e-34
formation_g.2094.peg.3099-MONOMER,2.6397436776238568e-05,0.0
formation_g.2094.peg.3100-MONOMER,6.915801239882765e-29,1.3276347626300586e-34
formation_g.2094.peg.3114-MONOMER,8.220835071004873e-11,2.6532789655366037e-34
formation_g.2094.peg.3119-MONOMER,0.0,-4.012161729461008e-34
formation_g.2094.peg.3125-MONOMER,3.263630872115859e-27,-2.2262228110379096e-35
formation_g.2094.peg.314-MONOMER,0.0,-2.0810504449822145e-34
formation_g.2094.peg.3146-MONOMER,0.0,0.0
formation_g.2094.peg.3157-MONOMER,2.6397436776238568e-05,9.571115392905683e-35
formation_g.2094.peg.3165-MONOMER,0.0,-8.267735186690646e-35
formation_g.2094.peg.3168-MONOMER,8.615634919002527e-10,0.0
formation_g.2094.peg.3176-MONOMER,3.226092636409622e-05,-8.894827064796464e-35
formation_g.2094.peg.3195-MONOMER,0.0,0.0
formation_g.2094.peg.3200-MONOMER,2.8066253847114718e-08,0.0
formation_g.2094.peg.3206-MONOMER,9.463500312139738e-11,0.0
formation_g.2094.peg.3211-MONOMER,4.731750156069863e-11,-5.102043364488938e-35
formation_g.2094.peg.3225-MONOMER,4.651612440149671e-06,2.0560379499778623e-34
formation_g.2094.peg.3228-MONOMER,-8.342779107259617e-60,-1.1492660960022772e-34
formation_g.2094.peg.3231-MONOMER,0.0,-9.484749734410439e-35
formation_g.2094.peg.3235-MONOMER,-1.0971204235594259e-28,2.379368889688895e-34
formation_g.2094.peg.3236-MONOMER,2.6397436776238568e-05,0.0
formation_g.2094.peg.3240-MONOMER,0.0,2.116356829665134e-34
formation_g.2094.peg.3243-MONOMER,0.0,0.0
formation_g.2094.peg.3252-MONOMER,0.0,-4.671090566229576e-35
formation_g.2094.peg.3258-MONOMER,8.615634919002527e-10,-7.803064738489046e-35
formation_g.2094.peg.3263-MONOMER,0.0,4.410885761266348e-34
formation_g.2094.peg.3280-MONOMER,-1.798059435934515e-28,-2.5544650280614705e-34
formation_g.2094.peg.3281-MONOMER,0.0,1.2960043994230946e-34
formation_g.2094.peg.3289-MONOMER,2.6397436776238568e-05,-1.2358321169363572e-34
formation_g.2094.peg.3298-MONOMER,0.0,0.0
formation_g.2094.peg.3310-MONOMER,3.781648228696764e-07,8.32032058940189e-35
formation_g.2094.peg.3312-MONOMER,0.0,-8.644699268969154e-35
formation_g.2094.peg.3318-MONOMER,0.0,0.0
formation_g.2094.peg.3325-MONOMER,0.0,-2.253886386914345e-34
formation_g.2094.peg.333-MONOMER,0.0,0.0
formation_g.2094.peg.3350-MONOMER,0.0,0.0
formation_g.2094.peg.3368-MONOMER,1.6833947839263722e-07,0.0
formation_g.2094.peg.3376-MONOMER,0.0,-4.74623977036949e-34
formation_g.2094.peg.338-MONOMER,0.0,1.091319865081136e-33
formation_g.2094.peg.3387-MONOMER,1.375906248762129e-09,0.0
formation_g.2094.peg.339-MONOMER,0.0,0.0
formation_g.2094.peg.3393-MONOMER,0.0,0.0
formation_g.2094.peg.3403-MONOMER,0.0,-1.295139172248882e-34
formation_g.2094.peg.3405-MONOMER,0.0,0.0
formation_g.2094.peg.342-MONOMER,0.0,0.0
formation_g.2094.peg.3442-MONOMER,0.0,0.0
formation_g.2094.peg.3449-MONOMER,1.7162245407329817e-08,0.0
formation_g.2094.peg.3452-MONOMER,0.0,0.0
formation_g.2094.peg.3453-MONOMER,0.0,0.0
formation_g.2094.peg.3454-MONOMER,6.049623447309478e-10,2.09744710102539e-34
formation_g.2094.peg.3471-MONOMER,0.0,0.0
formation_g.2094.peg.3481-MONOMER,0.0,2.1816415308419774e-34
formation_g.2094.peg.3483-MONOMER,2.4540201061469166e-06,-3.0855290096308733e-34
formation_g.2094.peg.3489-MONOMER,0.0,-1.0336602393053912e-34
formation_g.2094.peg.3495-MONOMER,-5.448047057769165e-37,0.0
formation_g.2094.peg.350-MONOMER,2.8066253847114718e-08,1.3506080056103164e-35
formation_g.2094.peg.3508-MONOMER,1.1867818978703705e-09,0.0
formation_g.2094.peg.3517-MONOMER,0.0,0.0
formation_g.2094.peg.3521-MONOMER,0.0,0.0
formation_g.2094.peg.3524-MONOMER,4.731750156069863e-11,0.0
formation_g.2094.peg.3529-MONOMER,4.701429036637061e-12,7.928986861772634e-34
formation_g.2094.peg.3533-MONOMER,0.0,0.0
formation_g.2094.peg.3535-MONOMER,2.6397436776238568e-05,0.0
formation_g.2094.peg.3538-MONOMER,2.3653868507484756e-07,5.636346974418578e-34
formation_g.2094.peg.3545-MONOMER,0.0,0.0
formation_g.2094.peg.3549-MONOMER,2.6397436776238568e-05,2.208150774584384e-35
formation_g.2094.peg.3559-MONOMER,2.6397436776238568e-05,0.0
formation_g.2094.peg.3566-MONOMER,0.0,2.0844856012865923e-34
formation_g.2094.peg.3567-MONOMER,0.0,0.0
formation_g.2094.peg.3568-MONOMER,0.0,0.0
formation_g.2094.peg.3571-MONOMER,0.0,0.0
formation_g.2094.peg.3572-MONOMER,0.0,0.0
formation_g.2094.peg.3576-MONOMER,3.248822791891933e-29,0.0
formation_g.2094.peg.3578-MONOMER,6.423891492528151e-08,-3.638804336444478e-35
formation_g.2094.peg.3584-MONOMER,4.731750156069863e-11,-3.2472377483078143e-34
formation_g.2094.peg.359-MONOMER,0.0,0.0
formation_g.2094.peg.36-MONOMER,3.130931029478013e-07,-1.3174364818864999e-33
formation_g.2094.peg.3602-MONOMER,0.0,0.0
formation_g.2094.peg.3603-MONOMER,0.0,-1.7842482197387567e-34
formation_g.2094.peg.3608-MONOMER,0.0,3.413798950191402e-34
formation_g.2094.peg.3614-MONOMER,0.0,-1.8285124545508152e-34
formation_g.2094.peg.3616-MONOMER,0.0,0.0
formation_g.2094.peg.3624-MONOMER,2.6397436776238568e-05,0.0
formation_g.2094.peg.3628-MONOMER,0.0,0.0
formation_g.2094.peg.363-MONOMER,1.0987163314547614e-05,-7.870395193172048e-35
formation_g.2094.peg.3634-MONOMER,0.0,0.0
formation_g.2094.peg.3637-MONOMER,0.0,0.0
formation_g.2094.peg.364-MONOMER,2.810748768465121e-09,0.0
formation_g.2094.peg.3642-MONOMER,2.6397436776238568e-05,0.0
formation_g.2094.peg.3644-MONOMER,7.806709375180239e-09,0.0
formation_g.2094.peg.365-MONOMER,9.256942304904546e-08,1.6914074038302817e-34
formation_g.2094.peg.3653-MONOMER,0.0,0.0
formation_g.2094.peg.366-MONOMER,3.3894683469681807e-06,2.8878687681121946e-35
formation_g.2094.peg.3662-MONOMER,0.0,0.0
formation_g.2094.peg.3669-MONOMER,1.9253904768702575e-29,0.0
formation_g.2094.peg.3670-MONOMER,1.9154379577623364e-08,1.0353473282342199e-34
formation_g.2094.peg.3678-MONOMER,0.0,-2.5345368887402583e-34
formation_g.2094.peg.3679-MONOMER,2.6397436776238568e-05,0.0
formation_g.2094.peg.3684-MONOMER,2.6397436776238568e-05,0.0
formation_g.2094.peg.3691-MONOMER,0.0,0.0
formation_g.2094.peg.3700-MONOMER,4.135443273207674e-06,0.0
formation_g.2094.peg.3704-MONOMER,7.556433268249956e-15,0.0
formation_g.2094.peg.3716-MONOMER,0.0,-2.4673361918607404e-34
formation_g.2094.peg.3722-MONOMER,-6.245971963781724e-40,0.0
formation_g.2094.peg.3733-MONOMER,4.041828017476017e-06,0.0
formation_g.2094.peg.3735-MONOMER,0.0,-4.888901531937112e-35
formation_g.2094.peg.3750-MONOMER,-1.6210564526203141e-28,0.0
formation_g.2094.peg.3754-MONOMER,0.0,0.0
formation_g.2094.peg.3772-MONOMER,0.0,0.0
formation_g.2094.peg.3777-MONOMER,0.0,0.0
formation_g.2094.peg.3784-MONOMER,2.807326270204266e-07,0.0
formation_g.2094.peg.3789-MONOMER,0.0,-9.978494833880724e-35
formation_g.2094.peg.3790-MONOMER,0.0,1.179804863290422e-34
formation_g.2094.peg.3791-MONOMER,2.6397436776238568e-05,0.0
formation_g.2094.peg.3793-MONOMER,2.4486768017529424e-06,1.8663680043002495e-34
formation_g.2094.peg.3795-MONOMER,0.0,0.0
formation_g.2094.peg.38-MONOMER,0.0,1.6239557380292006e-34
formation_g.2094.peg.380-MONOMER,0.0,0.0
formation_g.2094.peg.3802-MONOMER,2.6397436776238568e-05,0.0
formation_g.2094.peg.3804-MONOMER,5.92272563124795e-08,0.0
formation_g.2094.peg.3807-MONOMER,1.4019053853010933e-07,0.0
formation_g.2094.peg.3809-MONOMER,0.0,0.0
formation_g.2094.peg.3816-MONOMER,1.6118149068581658e-10,0.0
formation_g.2094.peg.3821-MONOMER,2.6397436776238568e-05,0.0
formation_g.2094.peg.3826-MONOMER,0.0,-3.591929150949803e-34
formation_g.2094.peg.3827-MONOMER,9.440282758935972e-29,0.0
formation_g.2094.peg.383-MONOMER,0.0,0.0
formation_g.2094.peg.3848-MONOMER,0.0,1.2908266204762604e-34
formation_g.2094.peg.3849-MONOMER,0.0,0.0
formation_g.2094.peg.3868-MONOMER,0.0,-3.915949353783078e-35
formation_g.2094.peg.3873-MONOMER,2.0689345881533133e-07,0.0
formation_g.2094.peg.3888-MONOMER,1.672460118874536e-09,0.0
formation_g.2094.peg.3893-MONOMER,1.6596525103978963e-28,0.0
formation_g.2094.peg.390-MONOMER,1.2044079262676153e-07,7.208929316174076e-34
formation_g.2094.peg.3903-MONOMER,0.0,9.72281228949686e-35
formation_g.2094.peg.3907-MONOMER,0.0,0.0
formation_g.2094.peg.3910-MONOMER,-8.693343567443577e-29,0.0
formation_g.2094.peg.3917-MONOMER,0.0,5.055118583734336e-34
formation_g.2094.peg.3926-MONOMER,4.2539314788920626e-08,1.5709081748602354e-34
formation_g.2094.peg.3931-MONOMER,0.0,0.0
formation_g.2094.peg.3939-MONOMER,0.0,0.0
formation_g.2094.peg.3940-MONOMER,0.0,0.0
formation_g.2094.peg.3941-MONOMER,2.223857956906521e-31,0.0
formation_g.2094.peg.3950-MONOMER,0.0,7.75170578073453e-35
formation_g.2094.peg.3952-MONOMER,0.0,0.0
formation_g.2094.peg.3954-MONOMER,0.0,4.996248736981071e-35
formation_g.2094.peg.3962-MONOMER,2.6397436776238568e-05,0.0
formation_g.2094.peg.3966-MONOMER,2.6397436776238568e-05,4.559516559110904e-35
formation_g.2094.peg.3969-MONOMER,0.0,-1.7597856220887868e-34
formation_g.2094.peg.3976-MONOMER,4.03448857919702e-09,0.0
formation_g.2094.peg.3984-MONOMER,0.0,-1.7429430329129611e-34
formation_g.2094.peg.400-MONOMER,0.0,-0.1319448230108787
formation_g.2094.peg.401-MONOMER,0.0,0.0
formation_g.2094.peg.4010-MONOMER,-9.24382660834869e-29,-3.040702954988832e-34
formation_g.2094.peg.4014-MONOMER,0.0,1.9052979637629916e-34
formation_g.2094.peg.4015-MONOMER,0.0,9.296180017940067e-35
formation_g.2094.peg.4020-MONOMER,2.6397436776238568e-05,2.1392951606518688e-35
formation_g.2094.peg.4033-MONOMER,2.6397436776238568e-05,4.337458242302685e-35
formation_g.2094.peg.404-MONOMER,1.1719512945085678e-06,3.811613192955988e-34
formation_g.2094.peg.4043-MONOMER,1.0040984591820707e-06,-1.0462816846510115e-34
formation_g.2094.peg.4052-MONOMER,0.0,-3.13242271164845e-34
formation_g.2094.peg.4063-MONOMER,0.0,5.168998908633013e-35
formation_g.2094.peg.407-MONOMER,0.0,0.0
formation_g.2094.peg.4071-MONOMER,3.712874067393998e-07,-3.0232934146196874e-33
formation_g.2094.peg.4074-MONOMER,0.0,1.8601727383226355e-34
formation_g.2094.peg.4076-MONOMER,8.615634919002527e-10,0.0
formation_g.2094.peg.4085-MONOMER,0.0,1.0718831820387848e-34
formation_g.2094.peg.4088-MONOMER,0.0,0.0
formation_g.2094.peg.4094-MONOMER,1.375906248762129e-09,0.0
formation_g.2094.peg.4098-MONOMER,0.0,0.0
formation_g.2094.peg.410-MONOMER,0.0,-8.267735186690646e-35
formation_g.2094.peg.4104-MONOMER,0.0,0.0
formation_g.2094.peg.4111-MONOMER,0.0,0.0
formation_g.2094.peg.4116-MONOMER,0.0,0.0
formation_g.2094.peg.4121-MONOMER,1.5743662921585032e-06,0.0
formation_g.2094.peg.4125-MONOMER,3.638348002632529e-08,-1.1543564304526392e-34
formation_g.2094.peg.4126-MONOMER,0.0,0.0
formation_g.2094.peg.4128-MONOMER,5.61325076942295e-08,0.0
formation_g.2094.peg.4139-MONOMER,2.6397436776238568e-05,0.0
formation_g.2094.peg.4158-MONOMER,0.0,-3.685188179010065e-34
formation_g.2094.peg.4159-MONOMER,0.0,0.0
formation_g.2094.peg.4161-MONOMER,0.0,0.0
formation_g.2094.peg.4167-MONOMER,0.0,0.0
formation_g.2094.peg.4171-MONOMER,0.0,1.8060906457574947e-34
formation_g.2094.peg.4177-MONOMER,0.0,-9.064799236352576e-35
formation_g.2094.peg.4180-MONOMER,0.0,-2.0415922023308683e-34
formation_g.2094.peg.4185-MONOMER,0.0,6.490800847990167e-35
formation_g.2094.peg.4187-MONOMER,0.0,8.793301747780285e-35
formation_g.2094.peg.4202-MONOMER,0.0,0.0
formation_g.2094.peg.4203-MONOMER,0.0,0.0
formation_g.2094.peg.4205-MONOMER,0.0,0.0
formation_g.2094.peg.4207-MONOMER,0.0,0.0
formation_g.2094.peg.4219-MONOMER,4.290955090880204e-06,8.51501113476599e-35
formation_g.2094.peg.4225-MONOMER,0.0,-8.949140091629492e-35
formation_g.2094.peg.4232-MONOMER,0.0,0.0
formation_g.2094.peg.4241-MONOMER,0.0,-1.6901693551685181e-34
formation_g.2094.peg.4243-MONOMER,2.5806834111633277e-07,-5.5174248162475805e-34
formation_g.2094.peg.4252-MONOMER,2.6941593996239575e-41,1.2309177866829795e-34
formation_g.2094.peg.4259-MONOMER,6.791644945725338e-41,0.0
formation_g.2094.peg.4264-MONOMER,1.6206792282292618e-07,0.0
formation_g.2094.peg.4267-MONOMER,2.986351937129436e-07,5.287054595830123e-35
formation_g.2094.peg.4268-MONOMER,2.8971929681429528e-06,2.6353259325843783e-34
formation_g.2094.peg.4269-MONOMER,0.0,0.0
formation_g.2094.peg.4271-MONOMER,0.0,0.0
formation_g.2094.peg.4283-MONOMER,2.1961857451113943e-07,-2.0859016889307983e-34
formation_g.2094.peg.4284-MONOMER,0.0,0.0
formation_g.2094.peg.4289-MONOMER,5.871731998700584e-29,0.0
formation_g.2094.peg.43-MONOMER,2.6397436776238568e-05,0.0
formation_g.2094.peg.4308-MONOMER,1.5120084981338745e-28,0.0
formation_g.2094.peg.4322-MONOMER,0.0,0.0
formation_g.2094.peg.4323-MONOMER,0.0,-2.7554439872697102e-34
formation_g.2094.peg.4327-MONOMER,0.0,1.8007621346416774e-34
formation_g.2094.peg.4328-MONOMER,4.731750156069863e-11,0.0
formation_g.2094.peg.4339-MONOMER,2.8066253847114718e-08,1.0338079307661312e-34
formation_g.2094.peg.4344-MONOMER,0.0,0.0
formation_g.2094.peg.4367-MONOMER,1.802998792256773e-31,0.0
formation_g.2094.peg.4368-MONOMER,0.0,-9.838451297716082e-35
formation_g.2094.peg.437-MONOMER,0.0,0.0
formation_g.2094.peg.4371-MONOMER,0.0,0.0
formation_g.2094.peg.4386-MONOMER,-9.306624319560841e-29,0.0
formation_g.2094.peg.4392-MONOMER,0.0,-4.1148660945442385e-34
formation_g.2094.peg.4396-MONOMER,1.5496825936179512e-08,0.0
formation_g.2094.peg.4401-MONOMER,9.969535213900203e-09,4.9751872652378e-34
formation_g.2094.peg.4407-MONOMER,4.986256567918304e-07,1.1019029634117095e-34
formation_g.2094.peg.4410-MONOMER,0.0,8.09042499914171e-35
formation_g.2094.peg.4411-MONOMER,4.928076383227482e-29,0.0
formation_g.2094.peg.4425-MONOMER,0.0,-2.6861534904346894e-36
formation_g.2094.peg.4431-MONOMER,2.873161801050661e-07,-9.146025435898939e-35
formation_g.2094.peg.4433-MONOMER,3.104436770180293e-42,-8.902013931080082e-35
formation_g.2094.peg.4438-MONOMER,0.0,2.0374974315409024e-34
formation_g.2094.peg.4442-MONOMER,0.0,0.0
formation_g.2094.peg.4450-MONOMER,2.3516365805219382e-08,6.5213680589132135e-34
formation_g.2094.peg.4456-MONOMER,0.0,1.0403502179626688e-34
formation_g.2094.peg.4460-MONOMER,4.059460276123559e-07,8.95058401090042e-35
formation_g.2094.peg.447-MONOMER,0.0,0.0
formation_g.2094.peg.4480-MONOMER,0.0,2.9997487020085515e-34
formation_g.2094.peg.4482-MONOMER,-1.6884560946182197e-28,-1.9089242264388866e-34
formation_g.2094.peg.4483-MONOMER,4.731750156069863e-11,0.0
formation_g.2094.peg.4493-MONOMER,0.0,-1.669313924968139e-34
formation_g.2094.peg.4498-MONOMER,1.5177708687923954e-07,0.0
formation_g.2094.peg.4500-MONOMER,9.969784162747267e-12,-1.0603566702834085e-35
formation_g.2094.peg.4503-MONOMER,1.5151432983711398e-06,4.01885906484534e-34
formation_g.2094.peg.4518-MONOMER,0.0,1.2296252075647943e-33
formation_g.2094.peg.4519-MONOMER,0.0,5.35077743739181e-34
formation_g.2094.peg.4548-MONOMER,0.0,0.0
formation_g.2094.peg.4555-MONOMER,8.615634919002527e-10,0.0
formation_g.2094.peg.4562-MONOMER,1.5735703115781096e-06,0.0
formation_g.2094.peg.4563-MONOMER,0.0,1.0503915751005926e-34
formation_g.2094.peg.4575-MONOMER,0.0,-1.9096614057857964e-34
formation_g.2094.peg.4592-MONOMER,0.0,-6.003283593042802e-34
formation_g.2094.peg.4593-MONOMER,0.0,1.9817563619165722e-34
formation_g.2094.peg.4609-MONOMER,-6.2739813870271124e-30,0.0
formation_g.2094.peg.4614-MONOMER,0.0,0.0
formation_g.2094.peg.4624-MONOMER,0.0,-1.3966963048951676e-33
formation_g.2094.peg.4630-MONOMER,2.6397436776238568e-05,0.0
formation_g.2094.peg.4633-MONOMER,0.0,0.0
formation_g.2094.peg.4635-MONOMER,0.0,0.0
formation_g.2094.peg.4648-MONOMER,2.6397436776238568e-05,0.0
formation_g.2094.peg.4649-MONOMER,0.0,0.0
formation_g.2094.peg.4666-MONOMER,0.0,1.5495628700769378e-34
formation_g.2094.peg.4676-MONOMER,7.271844708638153e-06,6.020143265175666e-35
formation_g.2094.peg.4678-MONOMER,0.0,1.8225929788752551e-34
formation_g.2094.peg.4681-MONOMER,0.0,-1.8754052083223245e-34
formation_g.2094.peg.4693-MONOMER,1.0379694726898522e-07,0.0
formation_g.2094.peg.4694-MONOMER,1.3710593382257772e-28,0.0
formation_g.2094.peg.47-MONOMER,0.0,-2.6300774870056738e-34
formation_g.2094.peg.4702-MONOMER,0.0,0.0
formation_g.2094.peg.4710-MONOMER,0.0,0.0
formation_g.2094.peg.472-MONOMER,0.0,0.0
formation_g.2094.peg.475-MONOMER,0.0,1.1554431528490638e-34
formation_g.2094.peg.478-MONOMER,1.6212945355589093e-09,-1.962428724470067e-34
formation_g.2094.peg.480-MONOMER,0.0,1.4487517350418554e-34
formation_g.2094.peg.483-MONOMER,0.0,0.0
formation_g.2094.peg.485-MONOMER,0.0,0.0
formation_g.2094.peg.491-MONOMER,0.0,7.590760964136502e-35
formation_g.2094.peg.512-MONOMER,0.0,0.0
formation_g.2094.peg.535-MONOMER,0.0,0.0
formation_g.2094.peg.536-MONOMER,0.0,5.775767446221605e-35
formation_g.2094.peg.538-MONOMER,1.1189375453848345e-07,0.0
formation_g.2094.peg.544-MONOMER,0.0,0.0
formation_g.2094.peg.549-MONOMER,0.0,-3.1458372360450824e-34
formation_g.2094.peg.552-MONOMER,0.0,0.0
formation_g.2094.peg.558-MONOMER,0.0,0.0
formation_g.2094.peg.573-MONOMER,0.0,0.0
formation_g.2094.peg.581-MONOMER,0.0,0.0
formation_g.2094.peg.582-MONOMER,2.6397436776238568e-05,1.944121507071425e-35
formation_g.2094.peg.586-MONOMER,0.0,-2.393420965967942e-35
formation_g.2094.peg.591-MONOMER,0.0,0.0
formation_g.2094.peg.595-MONOMER,0.0,0.0
formation_g.2094.peg.599-MONOMER,0.0,0.0
formation_g.2094.peg.609-MONOMER,0.0,0.0
formation_g.2094.peg.610-MONOMER,2.7870913385010695e-07,-8.11978176274223e-35
formation_g.2094.peg.611-MONOMER,0.0,-1.0336602393053912e-34
formation_g.2094.peg.616-MONOMER,0.0,-1.8681984447687501e-34
formation_g.2094.peg.623-MONOMER,0.0,0.0
formation_g.2094.peg.624-MONOMER,0.0,-7.185553807412313e-35
formation_g.2094.peg.632-MONOMER,0.0,0.0
formation_g.2094.peg.633-MONOMER,0.0,-5.987619645346793e-35
formation_g.2094.peg.635-MONOMER,1.6768698779100083e-07,0.0
formation_g.2094.peg.637-MONOMER,0.0,1.8803776830602203e-34
formation_g.2094.peg.638-MONOMER,2.510172819902674e-07,-2.2350328082915104e-35
formation_g.2094.peg.640-MONOMER,0.0,-4.671090566229576e-35
formation_g.2094.peg.644-MONOMER,6.727088733561685e-07,6.982714339539255e-35
formation_g.2094.peg.646-MONOMER,3.8525351698930803e-08,1.5225603997049404e-34
formation_g.2094.peg.652-MONOMER,0.0,0.0
formation_g.2094.peg.656-MONOMER,0.0,0.0
formation_g.2094.peg.675-MONOMER,0.0,0.0
formation_g.2094.peg.677-MONOMER,0.0,0.0
formation_g.2094.peg.678-MONOMER,6.559898666812875e-09,-3.886867589920093e-35
formation_g.2094.peg.693-MONOMER,0.0,0.0
formation_g.2094.peg.694-MONOMER,0.0,0.0
formation_g.2094.peg.697-MONOMER,0.0,-8.915316709892102e-35
formation_g.2094.peg.709-MONOMER,-2.5764380428301665e-40,0.0
formation_g.2094.peg.721-MONOMER,0.0,0.0
formation_g.2094.peg.728-MONOMER,0.0,-2.0566909459915233e-34
formation_g.2094.peg.735-MONOMER,0.0,0.0
formation_g.2094.peg.757-MONOMER,0.0,4.996248736981071e-35
formation_g.2094.peg.763-MONOMER,0.0,2.061988616749134e-34
formation_g.2094.peg.774-MONOMER,0.0,-3.7314762226703123e-34
formation_g.2094.peg.782-MONOMER,0.0,1.900782920635018e-34
formation_g.2094.peg.783-MONOMER,2.6397436776238568e-05,0.0
formation_g.2094.peg.797-MONOMER,0.0,-3.6590106615829296e-34
formation_g.2094.peg.816-MONOMER,0.0,-9.484749734410439e-35
formation_g.2094.peg.818-MONOMER,0.0,0.0
formation_g.2094.peg.840-MONOMER,0.0,6.59869088123588e-35
formation_g.2094.peg.844-MONOMER,0.0,0.0
formation_g.2094.peg.865-MONOMER,0.0,-1.1024508464806486e-34
formation_g.2094.peg.87-MONOMER,0.0,1.3529746513972446e-34
formation_g.2094.peg.900-MONOMER,0.0,0.0
formation_g.2094.peg.908-MONOMER,0.0,-1.3659402714088647e-34
formation_g.2094.peg.91-MONOMER,2.6397436776238568e-05,1.9756501397223865e-35
formation_g.2094.peg.914-MONOMER,0.0,0.0
formation_g.2094.peg.917-MONOMER,-1.1575759686617583e-62,0.0
formation_g.2094.peg.918-MONOMER,0.0,0.0
formation_g.2094.peg.922-MONOMER,0.0,0.0
formation_g.2094.peg.926-MONOMER,0.0,1.403032250371199e-35
formation_g.2094.peg.929-MONOMER,0.0,8.695640522073267e-34
formation_g.2094.peg.935-MONOMER,1.3545852349219511e-08,0.0
formation_g.2094.peg.941-MONOMER,4.731750156069863e-11,0.0
formation_g.2094.peg.946-MONOMER,0.0,-2.5933736913016515e-34
formation_g.2094.peg.952-MONOMER,0.0,0.0
formation_g.2094.peg.954-MONOMER,4.799079127256359e-06,-3.915949353783078e-35
formation_g.2094.peg.956-MONOMER,1.0287017811585127e-06,0.0
formation_g.2094.peg.963-MONOMER,-1.4605418178798906e-43,0.0
formation_g.2094.peg.977-MONOMER,9.310267871101341e-07,0.0
formation_g.2094.peg.990-MONOMER,-7.261194736873372e-41,-1.9029746741238076e-34
formation_g.2094.peg.993-MONOMER,0.0,1.2960043994230946e-34
formation_g.2094.peg.1105-MONOMER_mod_fe2(1),9.684488566606575e-41,-1.3149428198522027e-32
formation_g.2094.peg.4507-MONOMER_mod_pydx5p(1),0.0,4.622185108629916e-34
formation_g.2094.peg.2789-MONOMER_mod_mg2(1),2.4986526878982814e-07,0.0
formation_g.2094.peg.802-MONOMER_mod_zn2(1)_mod_mg2(1),3.0529553443883256e-09,0.0
formation_g.2094.peg.1921-MONOMER_mod_mn2(1),0.0,0.0
formation_g.2094.peg.1239-MONOMER_mod_mg2(1),0.0,-7.166690192087476e-34
formation_g.2094.peg.4084-MONOMER_mod_mn2(1),5.748579512108553e-06,0.0
formation_g.2094.peg.3844-MONOMER_mod_mg2(1),0.0,-1.1478072476327878e-33
formation_527012.3.peg.3588-MONOMER_mod_mg2(1),6.080262972644352e-08,3.865208841532494e-34
formation_g.2094.peg.2222-MONOMER_mod_mg2(1),0.0,0.0
formation_527012.3.peg.2163-MONOMER_mod_4fe4s(1),0.0,1.5440637117697998e-34
formation_g.2094.peg.4030-MONOMER_mod_4fe4s(1),0.0,-3.75953510833039e-34
formation_527012.3.peg.2837-MONOMER_mod_pydx5p(1),4.2740220062788026e-08,-5.731827240738706e-34
formation_g.2094.peg.325-MONOMER_mod_mg2(1),0.0,0.0
formation_g.2094.peg.325-MONOMER_mod_mn2(1),0.0,8.007721304337012e-35
formation_g.2094.peg.3934-MONOMER_mod_zn2(1)_mod_fe2(1)_mod_cobalt2(1)_mod_mg2(1)_mod_mn2(1),0.0,-2.70581026863699e-35
formation_527012.3.peg.1989-MONOMER_mod_mg2(1),4.9063188742599455e-06,-2.8909767558129166e-33
formation_g.2094.peg.1060-MONOMER_mod_mg2(1),0.0,0.0
formation_g.2094.peg.429-MONOMER_mod_mg2(1),0.0,9.451000506413901e-35
formation_g.2094.peg.3230-MONOMER_mod_mg2(1),-6.402887189505117e-28,0.0
formation_g.2094.peg.3230-MONOMER_mod_mn2(1),0.0,0.0
formation_527012.3.peg.3795-MONOMER_mod_mg2(1),0.0,-3.829085232374947e-34
formation_g.2094.peg.1444-MONOMER_mod_zn2(1),5.289230838184428e-07,0.0
formation_g.2094.peg.2866-MONOMER_mod_nadp(1),2.1733858905771462e-08,-4.879807915647088e-34
formation_g.2094.peg.2955-MONOMER_mod_fe2(2),1.978540395746624e-06,1.5672664737072046e-33
formation_g.2094.peg.4101-MONOMER_mod_zn2(1),-7.353619570731553e-30,2.1218066807387466e-33
formation_527012.3.peg.4575-MONOMER_mod_pydx5p(1),0.0,-5.284817442121869e-34
formation_527012.3.peg.2926-MONOMER_mod_pydx5p(1),0.0,-3.013903900816053e-34
formation_g.2094.peg.488-MONOMER_mod_mn2(1),0.0,-1.0283088938405718e-33
formation_g.2094.peg.1565-MONOMER_mod_mg2(1)_mod_pydx5p(4),0.0,5.1543754660285096e-34
formation_527012.3.peg.1907-MONOMER_mod_mg2(1),0.0,0.0
formation_527012.3.peg.1835-MONOMER_mod_fad(1),0.0,0.0
formation_527012.3.peg.2419-MONOMER_mod_pydx5p(1),0.0,2.931881830309868e-34
formation_g.2094.peg.3328-MONOMER_mod_mg2(1),-1.1267574643444902e-28,8.183863903079826e-35
formation_527012.3.peg.2925-MONOMER_mod_4fe4s(1)_mod_2fe2s(1),0.0,9.661048157871599e-30
formation_g.2094.peg.1184-MONOMER_mod_mg2(1),1.476607633475823e-07,0.0
formation_g.2094.peg.153-MONOMER_mod_mg2(1),2.2067800966909853e-09,0.0
formation_527012.3.peg.4058-MONOMER_mod_fmnh2(1),0.0,0.0
formation_527012.3.peg.4058-MONOMER_mod_fadh2(1),1.464204715920124e-09,-8.861957042242085e-34
formation_g.2094.peg.3468-MONOMER_mod_mn2(1),1.1646191993738955e-31,-3.1556047693928314e-34
formation_g.2094.peg.2352-MONOMER_mod_4fe4s(1),0.0,7.19898774493004e-35
formation_g.2094.peg.2592-MONOMER_mod_fe2(1)_mod_zn2(1),0.0,0.0
formation_g.2094.peg.2592-MONOMER_mod_mn2(1)_mod_zn2(1),0.0,1.1094916544486252e-34
formation_g.2094.peg.2592-MONOMER_mod_cobalt2(1)_mod_zn2(1),0.0,-2.408849819420596e-34
formation_g.2094.peg.3556-MONOMER_mod_mg2(1),0.0,0.0
formation_g.2094.peg.4642-MONOMER_mod_mg2(1),1.840016233380739e-41,-7.810031354600322e-34
formation_527012.3.peg.3864-MONOMER_mod_pydx5p(1),0.0,3.4953475436177137e-34
formation_527012.3.peg.4648-MONOMER_mod_pydx5p(2),0.0,2.9567217779335566e-34
formation_527012.3.peg.1460-MONOMER_mod_pydx5p(1),0.0,-5.873285105265683e-34
formation_g.2094.peg.4691-MONOMER_mod_zn2(1),0.0,0.0
formation_g.2094.peg.4549-MONOMER_mod_mg2(1),1.1856153798350534e-07,2.732405500055413e-33
formation_g.2094.peg.4695-MONOMER_mod_mg2(1),0.0,0.0
formation_g.2094.peg.1093-MONOMER_mod_mg2(1),5.697527371584839e-07,-1.799867959731415e-33
formation_g.2094.peg.2463-MONOMER_mod_cd2(1)_mod_zn2(1)_mod_mg2(1)_mod_mn2(1)_mod_cobalt2(1),0.0,9.554543333494754e-35
formation_g.2094.peg.3836-MONOMER_mod_pydx5p(1),4.990054112030917e-07,0.0
formation_g.2094.peg.2873-MONOMER_mod_mg2(1)_mod_k(1),1.6004320722239245e-07,0.0
formation_527012.3.peg.1490-MONOMER_mod_mg2(1),7.174447596702656e-09,0.0
formation_527012.3.peg.2922-MONOMER_mod_mg2(1),0.0,2.1060519724225158e-34
formation_g.2094.peg.2846-MONOMER_mod_fe2(1),0.0,0.0
formation_g.2094.peg.3336-MONOMER_mod_fe3(1),2.49158602494436e-09,-3.0526167652898036e-34
formation_g.2094.peg.3484-MONOMER_mod_fe2(2),0.0,-4.494277840423207e-34
formation_g.2094.peg.2320-MONOMER_mod_mg2(1),0.0,-3.999376655298784e-34
formation_527012.3.peg.4257-MONOMER_mod_4fe4s(1),-2.5794576342085647e-28,2.577510367734432e-35
formation_527012.3.peg.2425-MONOMER_mod_fmn(1),5.870938518554174e-28,0.0
formation_527012.3.peg.1212-MONOMER_mod_zn2(2),0.0,-5.083152942113121e-34
formation_g.2094.peg.4696-MONOMER_mod_mg2(1),4.4960425969018386e-09,-3.5697489560527094e-34
formation_g.2094.peg.2810-MONOMER_mod_cobalt2(1)_mod_nad(1),4.0995000474415e-09,2.74673049339555e-34
formation_g.2094.peg.3120-MONOMER_mod_nadph(1)_mod_nadh(1)_mod_fad(1)_mod_cobalt2(1),1.3757117534527364e-07,2.618029522557901e-34
formation_g.2094.peg.4674-MONOMER_mod_zn2(1),0.0,0.0
formation_CPLX_DMSOR1-1_mod_bmocogdp(1),0.0,-6.47104113133511e-34
formation_g.2094.peg.1235-MONOMER_mod_mg2(1),0.0,-1.8276526870782505e-35
formation_g.2094.peg.3540-MONOMER_mod_k(1)_mod_mg2(1),0.0,0.0
formation_g.2094.peg.335-MONOMER_mod_mg2(1),4.158874187365558e-08,0.0
formation_g.2094.peg.1958-MONOMER_mod_mg2(1),4.3668761714908704e-08,-8.260518507084246e-35
formation_g.2094.peg.2345-MONOMER_mod_zn2(1),0.0,1.4546873490929921e-34
formation_g.2094.peg.2276-MONOMER_mod_mn2(1),0.0,-4.870317411009286e-34
formation_g.2094.peg.2276-MONOMER_mod_cobalt2(1),1.2008268903721478e-07,0.0
formation_g.2094.peg.2276-MONOMER_mod_mg2(1),0.0,0.0
formation_527012.3.peg.4571-MONOMER_mod_thmpp(1),8.589354880366545e-08,-7.995010505587905e-34
formation_g.2094.peg.2876-MONOMER_mod_fad(1),-1.7968605202814456e-28,1.9545719149522736e-34
formation_g.2094.peg.2048-MONOMER_mod_zn2(1),0.0,0.0
formation_527012.3.peg.3568-MONOMER_mod_mn2(1),0.0,2.888920559435665e-34
formation_g.2094.peg.4300-MONOMER_mod_mn2(1),-1.0913823992807002e-38,0.0
formation_g.2094.peg.4424-MONOMER_mod_zn2(1),0.0,2.7778909049820694e-34
formation_CPLX_FRD2-1_mod_3fe4s(1)_mod_fad(1)_mod_2fe2s(1)_mod_4fe4s(1),-2.8677704370072944e-27,-1.8785867852249423e-30
formation_g.2094.peg.2813-MONOMER_mod_fad(1),0.0,0.0
formation_g.2094.peg.4705-MONOMER_mod_mg2(1),1.3278515777509196e-08,3.0176834593838376e-34
formation_527012.3.peg.1043-MONOMER_mod_mg2(1),-8.808425201371904e-41,-4.0158990503952304e-34
formation_g.2094.peg.2311-MONOMER_mod_mg2(1),1.2527029413844044e-08,0.0
formation_527012.3.peg.4221-MONOMER_mod_mg2(1),1.2775672314273347e-08,8.043929157458474e-34
formation_g.2094.peg.4415-MONOMER_mod_pydx5p(1),0.0,-2.355178710430783e-34
formation_g.2094.peg.4362-MONOMER_mod_fad(1),-1.3195904563592411e-40,0.0
formation_g.2094.peg.3975-MONOMER_mod_nad(1),1.6255324881005076e-08,0.0
formation_g.2094.peg.2241-MONOMER_mod_mg2(1),2.257563128008408e-07,0.0
formation_g.2094.peg.2530-MONOMER_mod_nad(1),5.395731396722821e-31,-2.4735853335105747e-34
formation_g.2094.peg.2387-MONOMER_mod_fe2(1)_mod_zn2(1),1.3913371014686973e-07,0.0
formation_527012.3.peg.1327-MONOMER_mod_mg2(1),0.0,0.0
formation_g.2094.peg.703-MONOMER_mod_ca2(1)_mod_pqq(1),2.1669911462706913e-47,6.219702806130653e-31
formation_g.2094.peg.3214-MONOMER_mod_pydx5p(1),0.0,0.0
formation_g.2094.peg.4077-MONOMER_mod_pydx5p(1),0.0,0.0
formation_g.2094.peg.4462-MONOMER_mod_mg2(1),0.0,0.0
formation_527012.3.peg.3386-MONOMER_mod_mn2(1),0.0,-3.195888809340523e-33
formation_527012.3.peg.3633-MONOMER_mod_mg2(1),-1.0903071090661182e-30,0.0
formation_g.2094.peg.3321-MONOMER_mod_mg2(1),0.0,0.0
formation_g.2094.peg.550-MONOMER_mod_pydx5p(1),-2.2715158725092864e-41,0.0
formation_g.2094.peg.1087-MONOMER_mod_mg2(1)_mod_k(1),2.8066253847114718e-08,0.0
formation_527012.3.peg.2978-MONOMER_mod_mg2(1),0.0,0.0
formation_g.2094.peg.4283-MONOMER_mod_mg2(1)_mod_zn2(1),-9.018081978394552e-48,1.7583596595312629e-34
formation_527012.3.peg.3431-MONOMER_mod_pydx5p(1),0.0,5.881156664119104e-34
formation_g.2094.peg.2947-MONOMER_mod_mg2(1),-1.408771592217084e-40,1.0043855681671338e-33
formation_g.2094.peg.2947-MONOMER_mod_mn2(1),0.0,0.0
formation_g.2094.peg.980-MONOMER_mod_zn2(1),0.0,1.197293038800328e-34
formation_g.2094.peg.2198-MONOMER_mod_mg2(1),1.0647898462300183e-07,-1.5638342984323143e-34
formation_527012.3.peg.2626-MONOMER_mod_mg2(1),0.0,-3.9950742098542665e-34
formation_g.2094.peg.1650-MONOMER_mod_ca2(1),0.0,1.363606906920308e-34
formation_g.2094.peg.1822-MONOMER_mod_mg2(1),0.0,7.741025088569286e-35
formation_g.2094.peg.3256-MONOMER_mod_mg2(1),0.0,1.3143367595348272e-34
formation_g.2094.peg.3256-MONOMER_mod_mn2(1),2.4094303902645595e-08,0.0
formation_g.2094.peg.1817-MONOMER_mod_k(1)_mod_mg2(1),2.2863790520542008e-08,0.0
formation_g.2094.peg.4293-MONOMER_mod_fad(1),0.0,0.0
formation_g.2094.peg.1072-MONOMER_mod_mg2(1),0.0,4.1375988412808456e-34
formation_527012.3.peg.2162-MONOMER_mod_mg2(1),0.0,0.0
formation_g.2094.peg.3032-MONOMER_mod_nh4(1)_mod_mg2(1),0.0,-4.7518823721615164e-34
formation_g.2094.peg.2454-MONOMER_mod_mn2(1),0.0,2.7533136847090138e-34
formation_g.2094.peg.2354-MONOMER_mod_zn2(1),2.071509027328721e-57,1.184907572338259e-34
formation_g.2094.peg.4313-MONOMER_mod_zn2(1),9.949875582761057e-16,0.0
formation_g.2094.peg.3363-MONOMER_mod_mg2(1),0.0,8.643276380630324e-35
formation_g.2094.peg.3363-MONOMER_mod_ca2(1),0.0,6.240209072093383e-35
formation_g.2094.peg.4535-MONOMER_mod_mn2(1),0.0,-3.2139008539264928e-34
formation_g.2094.peg.3349-MONOMER_mod_dpm(1),-1.3647282138694994e-48,0.0
formation_g.2094.peg.4021-MONOMER_mod_mg2(1),0.0,-3.485610041273638e-35
formation_527012.3.peg.1260-MONOMER_mod_mn2(1),0.0,-2.4639495384979066e-34
formation_527012.3.peg.1260-MONOMER_mod_mg2(1),0.0,-3.320227356284553e-34
formation_527012.3.peg.3230-MONOMER_mod_mg2(1),0.0,3.3268526676850237e-34
formation_527012.3.peg.3230-MONOMER_mod_mn2(1),0.0,2.468872645393477e-34
formation_527012.3.peg.4256-MONOMER_mod_pydx5p(6),5.010633455204581e-07,0.0
formation_527012.3.peg.4256-MONOMER_mod_pydx5p(1),1.702330672333877e-30,6.895924679137802e-34
formation_527012.3.peg.4260-MONOMER_mod_mg2(1),4.568911240101244e-07,7.787614757531447e-34
formation_g.2094.peg.1603-MONOMER_mod_mg2(1),0.0,-1.2819350022422233e-34
formation_g.2094.peg.2552-MONOMER_mod_mg2(1),3.1363794491785625e-08,-3.893822663347211e-34
formation_g.2094.peg.2509-MONOMER_mod_mg2(1),0.0,9.259478566812118e-34
formation_527012.3.peg.3192-MONOMER_mod_pydx5p(1),-8.62740349747645e-30,5.876915914074621e-34
formation_g.2094.peg.4560-MONOMER_mod_fe2(1),0.0,0.0
formation_g.2094.peg.534-MONOMER_mod_ni2(1),0.0,0.0
formation_g.2094.peg.2545-MONOMER_mod_pydx5p(1),0.0,0.0
formation_g.2094.peg.4465-MONOMER_mod_mn2(1),0.0,0.0
formation_g.2094.peg.4465-MONOMER_mod_mg2(1),0.0,-8.084673242323558e-34
formation_g.2094.peg.3703-MONOMER_mod_mn2(1),0.0,0.0
formation_g.2094.peg.3703-MONOMER_mod_mg2(1),0.0,0.0
formation_g.2094.peg.1961-MONOMER_mod_mn2(1),2.0999886940618038e-07,4.732990857916986e-33
formation_g.2094.peg.4481-MONOMER_mod_mn2(1),1.733290828495508e-07,0.0
formation_g.2094.peg.4448-MONOMER_mod_mg2(1),0.0,0.0
formation_g.2094.peg.4448-MONOMER_mod_mn2(1),0.0,0.0
formation_g.2094.peg.4448-MONOMER_mod_cobalt2(1),1.703617530224159e-07,2.725588477835504e-34
formation_g.2094.peg.1329-MONOMER_mod_k(4)_mod_mg2(1),0.0,0.0
formation_g.2094.peg.1329-MONOMER_mod_k(4)_mod_mn2(1),0.0,8.432728096925134e-34
formation_g.2094.peg.1329-MONOMER_mod_k(4)_mod_cobalt2(1),0.0,9.240737915310561e-34
formation_g.2094.peg.1329-MONOMER_mod_k(4)_mod_zn2(1),1.6767623796182815e-09,-9.525613341351298e-34
formation_g.2094.peg.1329-MONOMER_mod_k(4)_mod_cd2(1),0.0,-9.089059451374774e-34
formation_g.2094.peg.1329-MONOMER_mod_k(4)_mod_ni2(1),0.0,0.0
formation_g.2094.peg.1329-MONOMER_mod_k(4)_mod_ca2(1),0.0,-9.944625382724721e-34
formation_g.2094.peg.1329-MONOMER_mod_nh4(4)_mod_mg2(1),0.0,0.0
formation_g.2094.peg.1329-MONOMER_mod_nh4(4)_mod_mn2(1),0.0,0.0
formation_g.2094.peg.1329-MONOMER_mod_nh4(4)_mod_cobalt2(1),0.0,8.39450038532086e-34
formation_g.2094.peg.1329-MONOMER_mod_nh4(4)_mod_zn2(1),0.0,0.0
formation_g.2094.peg.1329-MONOMER_mod_nh4(4)_mod_cd2(1),0.0,8.473340576581401e-34
formation_g.2094.peg.1329-MONOMER_mod_nh4(4)_mod_ni2(1),0.0,8.508611890001e-34
formation_g.2094.peg.1329-MONOMER_mod_nh4(4)_mod_ca2(1),0.0,0.0
formation_g.2094.peg.1329-MONOMER_mod_tl(4)_mod_mg2(1),0.0,1.0807450860739334e-33
formation_g.2094.peg.1329-MONOMER_mod_tl(4)_mod_mn2(1),0.0,-1.1341456501716932e-33
formation_g.2094.peg.1329-MONOMER_mod_tl(4)_mod_cobalt2(1),0.0,-7.780745656599416e-35
formation_g.2094.peg.1329-MONOMER_mod_tl(4)_mod_zn2(1),0.0,-4.180436323953912e-34
formation_g.2094.peg.1329-MONOMER_mod_tl(4)_mod_cd2(1),0.0,1.0155131933713848e-33
formation_g.2094.peg.1329-MONOMER_mod_tl(4)_mod_ni2(1),0.0,-4.476798135279509e-34
formation_g.2094.peg.1329-MONOMER_mod_tl(4)_mod_ca2(1),0.0,1.253792894160362e-34
formation_g.2094.peg.1329-MONOMER_mod_cs(4)_mod_mg2(1),0.0,1.0807450860739334e-33
formation_g.2094.peg.1329-MONOMER_mod_cs(4)_mod_mn2(1),0.0,-1.1341456501716932e-33
formation_g.2094.peg.1329-MONOMER_mod_cs(4)_mod_cobalt2(1),0.0,-7.780745656599416e-35
formation_g.2094.peg.1329-MONOMER_mod_cs(4)_mod_zn2(1),0.0,-4.180436323953912e-34
formation_g.2094.peg.1329-MONOMER_mod_cs(4)_mod_cd2(1),0.0,1.0155131933713848e-33
formation_g.2094.peg.1329-MONOMER_mod_cs(4)_mod_ni2(1),0.0,-4.476798135279509e-34
formation_g.2094.peg.1329-MONOMER_mod_cs(4)_mod_ca2(1),0.0,1.253792894160362e-34
formation_g.2094.peg.1329-MONOMER_mod_na1(4)_mod_mg2(1),0.0,-1.1535069582236791e-33
formation_g.2094.peg.1329-MONOMER_mod_na1(4)_mod_mn2(1),0.0,8.384343702535046e-34
formation_g.2094.peg.1329-MONOMER_mod_na1(4)_mod_cobalt2(1),0.0,-9.188881102060415e-34
formation_g.2094.peg.1329-MONOMER_mod_na1(4)_mod_zn2(1),0.0,9.518281466880196e-34
formation_g.2094.peg.1329-MONOMER_mod_na1(4)_mod_cd2(1),0.0,0.0
formation_g.2094.peg.1329-MONOMER_mod_na1(4)_mod_ni2(1),0.0,-1.0230275006258966e-33
formation_g.2094.peg.1329-MONOMER_mod_na1(4)_mod_ca2(1),0.0,9.882355083450852e-34
formation_527012.3.peg.3582-MONOMER_mod_pydx5p(1),9.806042031161629e-10,0.0
formation_g.2094.peg.2899-MONOMER_mod_fad(1),8.252713661728146e-10,4.674489072097917e-34
formation_g.2094.peg.3682-MONOMER_mod_pydx5p(1),0.0,0.0
formation_527012.3.peg.3220-MONOMER_mod_zn2(1)_mod_cbl1(1),0.0,9.83337024015771e-34
formation_g.2094.peg.4379-MONOMER_mod_mg2(1),0.0,0.0
formation_527012.3.peg.2742-MONOMER_mod_zn2(1),0.0,4.135711343080694e-34
formation_g.2094.peg.805-MONOMER_mod_mg2(1)_mod_cu(1)_mod_fad(1),5.336621918569442e-48,0.0
formation_CPLX_NADH6-0_mod_2fe2s(1)_mod_4fe4s(1)_mod_fmn(1),9.559234790024315e-28,-6.282376631766053e-30
formation_g.2094.peg.745-MONOMER_mod_mg2(1),7.615375144983351e-14,0.0
formation_527012.3.peg.2611-MONOMER_mod_mg2(1),0.0,1.9420224867591628e-34
formation_527012.3.peg.2611-MONOMER_mod_mn2(1),0.0,0.0
formation_527012.3.peg.2611-MONOMER_mod_ca2(1),1.5300785626293578e-07,0.0
formation_g.2094.peg.4169-MONOMER_mod_mg2(1),0.0,2.9338652576064557e-34
formation_g.2094.peg.4169-MONOMER_mod_mn2(1),0.0,0.0
formation_g.2094.peg.4169-MONOMER_mod_ca2(1),0.0,0.0
formation_g.2094.peg.4169-MONOMER_mod_zn2(1),1.3387156075825323e-06,-1.2390698098734877e-34
formation_g.2094.peg.4169-MONOMER_mod_cu2(1),0.0,1.517541260222756e-34
formation_g.2094.peg.4169-MONOMER_mod_cd2(1),0.0,-1.183357227869258e-34
formation_g.2094.peg.4169-MONOMER_mod_cobalt2(1),0.0,1.1950078483556304e-34
formation_g.2094.peg.4169-MONOMER_mod_ni2(1),0.0,0.0
formation_527012.3.peg.1926-MONOMER_mod_mg2(1),0.0,7.394569278833441e-35
formation_g.2094.peg.250-MONOMER_mod_fad(1)_mod_pheme(1),0.0,8.528878430361799e-35
formation_g.2094.peg.4385-MONOMER_mod_hco3(1),1.2642484787318905e-09,5.898901826975422e-34
formation_g.2094.peg.1326-MONOMER_mod_zn2(1),-6.15215841499462e-29,0.0
formation_g.2094.peg.1326-MONOMER_mod_cobalt2(1),0.0,0.0
formation_g.2094.peg.4332-MONOMER_mod_cobalt2(1),0.0,0.0
formation_g.2094.peg.4009-MONOMER_mod_mg2(1),0.0,0.0
formation_g.2094.peg.1557-MONOMER_mod_glycyl(1),0.0,2.9575245697374493e-34
formation_g.2094.peg.1562-MONOMER_mod_glycyl(1),0.0,0.0
formation_g.2094.peg.4237-MONOMER_mod_mg2(1)_mod_mn2(1),1.1355483207475565e-07,3.740841420390654e-34
formation_g.2094.peg.1939-MONOMER_mod_pydx5p(1),0.0,-6.4382849009195065e-34
formation_g.2094.peg.4037-MONOMER_mod_pydx5p(1),6.155984464291602e-07,-1.2801315941658228e-33
formation_527012.3.peg.3586-MONOMER_mod_zn2(1),4.303157050774086e-08,3.1067413237379324e-34
formation_527012.3.peg.3415-MONOMER_mod_mg2(1),0.0,1.33511465557039e-34
formation_g.2094.peg.3536-MONOMER_mod_fad(1),2.1657617567445105e-30,0.0
formation_g.2094.peg.190-MONOMER_mod_mg2(1),1.1328023868829336e-07,0.0
formation_527012.3.peg.1550-MONOMER_mod_fmn(1),0.0,1.8780251414266373e-34
formation_527012.3.peg.2600-MONOMER_mod_mg2(1),0.0,0.0
formation_527012.3.peg.3560-MONOMER_mod_mg2(1),2.3661354228663636e-06,9.234686469684332e-34
formation_g.2094.peg.2736-MONOMER_mod_mg2(1)_mod_cl(1),0.0,0.0
formation_527012.3.peg.2942-MONOMER_mod_23bpg(1),0.0,6.815368905177406e-35
formation_527012.3.peg.3435-MONOMER_mod_mn2(1),5.6005298050949966e-39,-2.0211657186853212e-34
formation_g.2094.peg.3740-MONOMER_mod_mg2(1),1.072407367064511e-07,-2.8592927463581532e-33
formation_g.2094.peg.3693-MONOMER_mod_mg2(1),1.0206407964713041e-07,-4.3535333543415143e-35
formation_527012.3.peg.4439-MONOMER_mod_mg2(1),1.3088047596316935e-09,0.0
formation_g.2094.peg.286-MONOMER_mod_thmpp(1),0.0,7.878621336671997e-34
formation_g.2094.peg.232-MONOMER_mod_mg2(1)_mod_thmpp(1)_mod_fad(1),1.070602139565417e-41,-1.65204911770613e-33
formation_g.2094.peg.4212-MONOMER_mod_mg2(1),7.981006811734569e-07,0.0
formation_g.2094.peg.1050-MONOMER_mod_zn2(1),0.0,1.8947051294929532e-33
formation_527012.3.peg.3418-MONOMER_mod_fmn(1),2.961459159166209e-10,2.5119653650719553e-33
formation_527012.3.peg.3418-MONOMER_mod_mg2(1),0.0,2.60163581158448e-33
formation_527012.3.peg.4322-MONOMER_mod_mg2(1),2.253519376672455e-41,0.0
formation_527012.3.peg.4322-MONOMER_mod_ca2(1),0.0,0.0
formation_527012.3.peg.4322-MONOMER_mod_mn2(1),0.0,-2.912299130885854e-34
formation_g.2094.peg.3056-MONOMER_mod_mg2(1),0.0,-9.604714034294928e-34
formation_527012.3.peg.4663-MONOMER_mod_mg2(1),0.0,0.0
formation_527012.3.peg.2667-MONOMER_mod_k(1)_mod_mg2(1),0.0,0.0
formation_g.2094.peg.4223-MONOMER_mod_hemed(6),5.498844442827794e-30,0.0
formation_527012.3.peg.1856-MONOMER_mod_mg2(1),0.0,0.0
formation_g.2094.peg.1786-MONOMER_mod_mg2(1)_mod_pi(1),0.0,2.0723102880991934e-34
formation_g.2094.peg.1786-MONOMER_mod_mn2(1)_mod_pi(1),9.551357690638848e-28,4.145262289779196e-34
formation_527012.3.peg.2381-MONOMER_mod_pydx5p(1),1.4171883289102855e-40,0.0
formation_527012.3.peg.3425-MONOMER_mod_mg2(1),9.675342193251567e-10,0.0
formation_g.2094.peg.3898-MONOMER_mod_k(1)_mod_mg2(1),0.0,-4.1771700523993e-34
formation_g.2094.peg.1300-MONOMER_mod_mg2(1)_mod_k(1),0.0,0.0
formation_g.2094.peg.1300-MONOMER_mod_mn2(1)_mod_k(1),0.0,0.0
formation_g.2094.peg.3148-MONOMER_mod_mg2(1)_mod_k(1),0.0,0.0
formation_g.2094.peg.3148-MONOMER_mod_mn2(1)_mod_k(1),4.266636533933994e-06,-1.3815455694156602e-33
formation_527012.3.peg.2946-MONOMER_mod_4fe4s(1),0.0,-7.517438708110328e-35
formation_g.2094.peg.4382-MONOMER_mod_mg2(1),0.0,7.916415907212607e-34
formation_g.2094.peg.4382-MONOMER_mod_mn2(1),0.0,0.0
formation_g.2094.peg.4495-MONOMER_mod_zn2(1)_mod_cobalt2(1),0.0,-3.4803596256609282e-34
formation_g.2094.peg.1943-MONOMER_mod_mg2(1),0.0,5.243528297855048e-35
formation_527012.3.peg.2857-MONOMER_mod_mg2(1),0.0,1.6171224075694889e-34
formation_527012.3.peg.2857-MONOMER_mod_mn2(1),0.0,1.1621603476665435e-34
formation_527012.3.peg.2857-MONOMER_mod_cobalt2(1),6.926740505066216e-09,-1.1831416064173809e-34
formation_527012.3.peg.2857-MONOMER_mod_fe2(1),0.0,0.0
formation_527012.3.peg.2857-MONOMER_mod_ca2(1),0.0,0.0
formation_527012.3.peg.2857-MONOMER_mod_k(1),0.0,0.0
formation_527012.3.peg.3613-MONOMER_mod_mg2(1),0.0,1.6117035700657188e-34
formation_527012.3.peg.3613-MONOMER_mod_mn2(1),0.0,1.1551713616610626e-34
formation_527012.3.peg.3613-MONOMER_mod_cobalt2(1),0.0,-1.1760272413713358e-34
formation_527012.3.peg.3613-MONOMER_mod_fe2(1),0.0,0.0
formation_527012.3.peg.3613-MONOMER_mod_ca2(1),0.0,0.0
formation_527012.3.peg.3613-MONOMER_mod_k(1),0.0,-1.0941084818815132e-34
formation_g.2094.peg.1152-MONOMER_mod_pydx5p(1),0.0,0.0
formation_g.2094.peg.1112-MONOMER_mod_mn2(1),0.0,-1.4735509736841648e-34
formation_g.2094.peg.210-MONOMER_mod_fe3(1),0.0,0.0
formation_g.2094.peg.4217-MONOMER_mod_cu2(1),0.0,8.448420968102226e-35
formation_CPLX_SULR-0_mod_4fe4s(1)_mod_sheme(1)_mod_fmn(1)_mod_fad(1),4.1669672355764196e-29,5.058451352254136e-33
formation_g.2094.peg.2860-MONOMER_mod_fe2(1),-2.114193787848126e-28,0.0
formation_g.2094.peg.1174-MONOMER_mod_mg2(1),1.7647258706494017e-08,0.0
formation_g.2094.peg.2299-MONOMER_mod_fad(1),-6.131167528217112e-41,2.3077983916680357e-33
formation_527012.3.peg.1137-MONOMER_mod_pydx5p(1),0.0,0.0
formation_527012.3.peg.3432-MONOMER_mod_zn2(1),0.0,0.0
formation_527012.3.peg.2337-MONOMER_mod_pydx5p(1),0.0,6.752323272190732e-34
formation_527012.3.peg.4258-MONOMER_mod_pydx5p(1),0.0,0.0
formation_527012.3.peg.3722-MONOMER_mod_pydx5p(1),0.0,-2.7636395913021464e-34
formation_527012.3.peg.2300-MONOMER_mod_thmpp(1)_mod_mn2(1)_mod_mg2(1),1.4286357977502545e-06,-6.766701083986008e-34
formation_g.2094.peg.2409-MONOMER_mod_mg2(1),2.053075832481086e-08,1.5334710140063482e-34
formation_g.2094.peg.3129-MONOMER_mod_mg2(1),2.407278982159054e-09,5.07953263111151e-34
formation_527012.3.peg.4454-MONOMER_mod_mg2(1),0.0,1.5037228685071144e-34
formation_g.2094.peg.3030-MONOMER_mod_nad(1),0.0,-1.3177232883891582e-34
formation_g.2094.peg.4466-MONOMER_mod_k(1)_mod_mg2(1),0.0,0.0
formation_g.2094.peg.4363-MONOMER_mod_mg2(1),0.0,-1.5835840990175433e-34
formation_g.2094.peg.3853-MONOMER_mod_fad(1),0.0,3.864988059852036e-33
formation_527012.3.peg.4203-MONOMER_mod_pydx5p(1),1.2095435005196753e-06,3.813834339253593e-33
formation_g.2094.peg.1935-MONOMER_mod_mg2(1),0.0,4.351541792907256e-34
formation_g.2094.peg.297-MONOMER_mod_4fe4s(1),0.0,4.40898948028223e-35
formation_g.2094.peg.63-MONOMER_mod_4fe4s(1),0.0,-9.228236173433288e-35
formation_g.2094.peg.2653-MONOMER_mod_zn2(1),0.0,1.1373523446763165e-33
formation_g.2094.peg.1122-MONOMER_mod_4fe4s(1),4.731750156069863e-11,1.1327012302171225e-34
formation_g.2094.peg.1559-MONOMER_mod_fe2(1),2.8066253847114718e-08,6.526308243489295e-33
formation_RNAP-CPLX_mod_zn2(1)_mod_mg2(2),6.727088733561685e-07,2.0780086901359125e-33
formation_g.2094.peg.1793-MONOMER_mod_mg2(5),-1.512468932344461e-43,0.0
formation_g.2094.peg.1983-MONOMER_mod_mg2(1),0.0,2.3208630473701787e-34
formation_g.2094.peg.24-MONOMER_mod_zn2(2),2.427279125300594e-09,0.0
formation_g.2094.peg.2417-MONOMER_mod_mg2(1),8.615634919002527e-10,-2.1703329943837747e-33
formation_g.2094.peg.2920-MONOMER_mod_mg2(1),1.051372876538465e-09,0.0
formation_g.2094.peg.3-MONOMER_mod_zn2(2),4.731750156069863e-11,-2.432164822116607e-34
formation_g.2094.peg.3309-MONOMER_mod_mg2(1),1.4195250468209578e-10,0.0
formation_g.2094.peg.360-MONOMER_mod_mg2(1),8.615634919002527e-10,-3.694183820227702e-34
formation_g.2094.peg.3854-MONOMER_mod_zn2(4),1.6118149068581658e-10,5.7243178093287446e-34
formation_g.2094.peg.3884-MONOMER_mod_mg2(2),1.375906248762129e-09,-9.209667074444527e-35
formation_g.2094.peg.400-MONOMER_mod_pan4p(1),2.285763039956627e-06,0.0
formation_g.2094.peg.4185-MONOMER_mod_2fe2s(1),0.0,0.0
formation_g.2094.peg.4185-MONOMER_mod_4fe4s(1),1.6963389182453198e-16,7.668510318290511e-35
formation_g.2094.peg.4519-MONOMER_mod_zn2(2),0.0,0.0
formation_g.2094.peg.4652-MONOMER_mod_mg2(4),1.375906248762129e-09,-5.557636288809524e-34
formation_g.2094.peg.47-MONOMER_mod_mg2(4),0.0,0.0
formation_g.2094.peg.663-MONOMER_mod_4fe4s(1),4.731750156069863e-11,1.1327012302171225e-34
formation_g.2094.peg.907-MONOMER_mod_mg2(2),2.8390500936419213e-10,0.0
g.2094.peg.2127-MONOMER_to_generic_16Sm4Cm1402,4.731750156069863e-11,-1.4370197482124735e-34
g.2094.peg.4161-MONOMER_to_generic_16Sm4Cm1402,0.0,-0.22033121015217938
RNA_YKRIS0001_RS0122810_to_generic_16s_rRNAs,2.6397436776238568e-05,0.0
RNA_YKRIS0001_RS0122815_to_generic_23s_rRNAs,2.6397436776238568e-05,0.0
RNA_YKRIS0001_RS0122835_to_generic_23s_rRNAs,0.0,-33.462912538355255
RNA_YKRIS0001_RS0122845_to_generic_23s_rRNAs,0.0,-44.366667853822996
RNA_YKRIS0001_RS0122850_to_generic_23s_rRNAs,0.0,-48.73648089149675
RNA_YKRIS0001_RS0121605_to_generic_5s_rRNAs,2.6397436776238568e-05,0.0
RNA_YKRIS0001_RS31255_to_generic_5s_rRNAs,0.0,-0.7741019632177404
g.2094.peg.2023-MONOMER_to_generic_Dus,-1.5397167188087228e-59,0.0
g.2094.peg.2231-MONOMER_to_generic_Dus,0.0,-0.043787404776908324
g.2094.peg.3228-MONOMER_to_generic_Dus,0.0,-0.16866031969671427
CPLX_pbiosynthesis-0_to_generic_LYSINEaaRS,0.0,-62.725139180713946
CPLX_pbiosynthesis-1_to_generic_LYSINEaaRS,0.0,-56.453072366495526
CPLX_pbiosynthesis-10_to_generic_LYSINEaaRS,0.0,-57.38331827143362
CPLX_pbiosynthesis-11_to_generic_LYSINEaaRS,0.0,-57.46403676034269
CPLX_pbiosynthesis-12_to_generic_LYSINEaaRS,0.0,-56.37235387758646
CPLX_pbiosynthesis-13_to_generic_LYSINEaaRS,0.0,-56.453072366495526
CPLX_pbiosynthesis-14_to_generic_LYSINEaaRS,0.0,-56.38675783344852
CPLX_pbiosynthesis-15_to_generic_LYSINEaaRS,0.0,-56.46747632235759
CPLX_pbiosynthesis-2_to_generic_LYSINEaaRS,0.0,-56.38675783344852
CPLX_pbiosynthesis-3_to_generic_LYSINEaaRS,0.0,-56.46747632235759
CPLX_pbiosynthesis-4_to_generic_LYSINEaaRS,0.0,-57.63297747266646
CPLX_pbiosynthesis-5_to_generic_LYSINEaaRS,0.0,-57.713695961575525
CPLX_pbiosynthesis-6_to_generic_LYSINEaaRS,0.0,-57.647381428528526
CPLX_pbiosynthesis-7_to_generic_LYSINEaaRS,0.0,-57.72809991743759
CPLX_pbiosynthesis-8_to_generic_LYSINEaaRS,0.0,-57.36891431557156
CPLX_pbiosynthesis-9_to_generic_LYSINEaaRS,0.0,-57.44963280448062
g.2094.peg.1415-MONOMER_to_generic_LYSINEaaRS,5.256864382692319e-10,4.903902230972768e-34
g.2094.peg.1052-MONOMER_to_generic_RF,2.741664836233919e-08,0.0
g.2094.peg.1803-MONOMER_to_generic_RF,0.0,-0.32685082220647044
g.2094.peg.1793-MONOMER_to_generic_RNase,0.0,-0.14350048259165205
g.2094.peg.1793-MONOMER_mod_mg2(5)_to_generic_RNase,0.0,-0.10522101226072478
g.2094.peg.1983-MONOMER_to_generic_RNase,0.0,-1.2552817217835743
g.2094.peg.1983-MONOMER_mod_mg2(1)_to_generic_RNase,0.0,-1.2476258277173888
g.2094.peg.2920-MONOMER_to_generic_RNase,0.0,-0.007655894066185456
g.2094.peg.2920-MONOMER_mod_mg2(1)_to_generic_RNase,1.051372876538465e-09,-1.173540686460229e-34
g.2094.peg.47-MONOMER_to_generic_RNase,0.0,-0.4270940632817964
g.2094.peg.47-MONOMER_mod_mg2(4)_to_generic_RNase,0.0,-0.39647048701705456
g.2094.peg.3733-MONOMER_to_generic_Tuf,4.041828017476017e-06,-1.6446235462533859e-34
CPLX_pbiosynthesis-0_to_generic_gly_c_ligase,0.0,-65.55841319758044
CPLX_pbiosynthesis-1_to_generic_gly_c_ligase,0.0,-59.286346383362016
CPLX_pbiosynthesis-10_to_generic_gly_c_ligase,0.0,-60.21659228830011
CPLX_pbiosynthesis-11_to_generic_gly_c_ligase,0.0,-60.29731077720918
CPLX_pbiosynthesis-12_to_generic_gly_c_ligase,0.0,-59.20562789445295
CPLX_pbiosynthesis-13_to_generic_gly_c_ligase,0.0,-59.286346383362016
CPLX_pbiosynthesis-14_to_generic_gly_c_ligase,0.0,-59.22003185031502
CPLX_pbiosynthesis-15_to_generic_gly_c_ligase,0.0,-59.30075033922408
CPLX_pbiosynthesis-2_to_generic_gly_c_ligase,0.0,-59.22003185031502
CPLX_pbiosynthesis-3_to_generic_gly_c_ligase,0.0,-59.30075033922408
CPLX_pbiosynthesis-4_to_generic_gly_c_ligase,0.0,-60.46625148953296
CPLX_pbiosynthesis-5_to_generic_gly_c_ligase,0.0,-60.54696997844202
CPLX_pbiosynthesis-6_to_generic_gly_c_ligase,0.0,-60.480655445395016
CPLX_pbiosynthesis-7_to_generic_gly_c_ligase,0.0,-60.561373934304086
CPLX_pbiosynthesis-8_to_generic_gly_c_ligase,0.0,-60.20218833243805
CPLX_pbiosynthesis-9_to_generic_gly_c_ligase,0.0,-60.28290682134712
g.2094.peg.3376-MONOMER_to_generic_gly_c_ligase,0.0,-1.95873883430492
g.2094.peg.3784-MONOMER_to_generic_gly_c_ligase,2.807326270204266e-07,-9.127282457271558e-35
CPLX_pbiosynthesis-10_to_generic_met_ligase,0.0,-59.43412523178603
CPLX_pbiosynthesis-11_to_generic_met_ligase,0.0,-59.51484372069509
CPLX_pbiosynthesis-4_to_generic_met_ligase,0.0,-59.683784433018864
CPLX_pbiosynthesis-5_to_generic_met_ligase,0.0,-59.764502921927935
CPLX_pbiosynthesis-6_to_generic_met_ligase,0.0,-59.69818838888093
CPLX_pbiosynthesis-7_to_generic_met_ligase,0.0,-59.77890687778999
CPLX_pbiosynthesis-8_to_generic_met_ligase,0.0,-59.41972127592396
CPLX_pbiosynthesis-9_to_generic_met_ligase,0.0,-59.50043976483303
g.2094.peg.2975-MONOMER_to_generic_met_ligase,1.0581730391872613e-07,0.0
g.2094.peg.4519-MONOMER_to_generic_met_ligase,0.0,-1.9168042746759855
g.2094.peg.4519-MONOMER_mod_zn2(2)_to_generic_met_ligase,0.0,-1.8684506141656756
CPLX_pbiosynthesis-0_to_generic_phe_ligase,0.0,-65.2462125837219
CPLX_pbiosynthesis-1_to_generic_phe_ligase,0.0,-58.97414576950348
CPLX_pbiosynthesis-10_to_generic_phe_ligase,0.0,-59.90439167444158
CPLX_pbiosynthesis-11_to_generic_phe_ligase,0.0,-59.98511016335064
CPLX_pbiosynthesis-12_to_generic_phe_ligase,0.0,-58.893427280594416
CPLX_pbiosynthesis-13_to_generic_phe_ligase,0.0,-58.97414576950348
CPLX_pbiosynthesis-14_to_generic_phe_ligase,0.0,-58.90783123645648
CPLX_pbiosynthesis-15_to_generic_phe_ligase,0.0,-58.988549725365544
CPLX_pbiosynthesis-2_to_generic_phe_ligase,0.0,-58.90783123645648
CPLX_pbiosynthesis-3_to_generic_phe_ligase,0.0,-58.988549725365544
CPLX_pbiosynthesis-4_to_generic_phe_ligase,0.0,-60.154050875674415
CPLX_pbiosynthesis-5_to_generic_phe_ligase,0.0,-60.234769364583485
CPLX_pbiosynthesis-6_to_generic_phe_ligase,0.0,-60.16845483153648
CPLX_pbiosynthesis-7_to_generic_phe_ligase,0.0,-60.24917332044554
CPLX_pbiosynthesis-8_to_generic_phe_ligase,0.0,-59.88998771857951
CPLX_pbiosynthesis-9_to_generic_phe_ligase,0.0,-59.970706207488576
g.2094.peg.3368-MONOMER_to_generic_phe_ligase,1.6833947839263722e-07,-9.128037743071767e-35
g.2094.peg.3917-MONOMER_to_generic_phe_ligase,0.0,-2.275913285049112
transcription_RNA_dummy,3.4992094501674816e-05,2.3871089690241108e-32
DM_RNA_dummy,0.0,-26.74381196788906
translation_dummy,0.0029239776766802287,-1.3781223171901653e-33
formation_CPLX_dummy,8.109609572871917e-05,-1.3875488543210184e-34
dummy_protein_to_mass,0.0028428815809515093,1.4844066964829773e-33
12PPDSDH_REV_g.2094.peg.591-MONOMER,0.0,-2.8996495585251928e-06
12PPDSDH_FWD_g.2094.peg.591-MONOMER,0.0,-6.814481871832668e-07
12PPDSDH_REV_g.2094.peg.3907-MONOMER,0.0,-2.5053281203018295e-06
12PPDSDH_FWD_g.2094.peg.3907-MONOMER,0.0,-2.871267489599035e-07
12PPDSDH_REV_g.2094.peg.2-MONOMER,0.0,-2.5053281203018295e-06
12PPDSDH_FWD_g.2094.peg.2-MONOMER,0.0,-2.871267489599035e-07
12PPDSDH_REV_g.2094.peg.3691-MONOMER,0.0,-2.8996495585251928e-06
12PPDSDH_FWD_g.2094.peg.3691-MONOMER,0.0,-6.814481871832668e-07
12PPDSDH_REV_g.2094.peg.573-MONOMER,0.0,-2.218201371341926e-06
12PPDSDH_FWD_g.2094.peg.573-MONOMER,-4.61546888750576e-34,2.352346129908522e-36
12PPDSDH_REV_g.2094.peg.3442-MONOMER,0.0,-2.218201371341926e-06
12PPDSDH_FWD_g.2094.peg.3442-MONOMER,0.0,2.3489501596767676e-36
1P4H2CBXLAH_REV_g.2094.peg.3976-MONOMER,0.0,-4.601403962265972e-06
1P4H2CBXLAH_FWD_g.2094.peg.3976-MONOMER,0.0,-1.8001618741002266e-37
23DHMPO_REV_g.2094.peg.3984-MONOMER,0.0,-2.93664629151846e-06
23DHMPO_FWD_g.2094.peg.3984-MONOMER,0.0,-1.1106883766613112e-06
23PDE2_REV_g.2094.peg.3893-MONOMER,0.0,-3.943052642785792e-06
23PDE2_FWD_g.2094.peg.3893-MONOMER,4.0078910328112753e-23,2.0699652852260734e-37
23PDE2_REV_g.2094.peg.3750-MONOMER,0.0,-4.463431113332875e-06
23PDE2_FWD_g.2094.peg.3750-MONOMER,0.0,-5.203784705470826e-07
23PDE4_REV_g.2094.peg.3893-MONOMER,0.0,-3.943052642785792e-06
23PDE4_FWD_g.2094.peg.3893-MONOMER,4.0078910328112753e-23,2.0699652852260734e-37
23PDE4_REV_g.2094.peg.3750-MONOMER,0.0,-4.463431113332875e-06
23PDE4_FWD_g.2094.peg.3750-MONOMER,0.0,-5.203784705470826e-07
23PDE7_REV_g.2094.peg.3893-MONOMER,0.0,-3.943052642785792e-06
23PDE7_FWD_g.2094.peg.3893-MONOMER,4.0078910328112753e-23,2.0699652852260734e-37
23PDE7_REV_g.2094.peg.3750-MONOMER,0.0,-4.463431113332875e-06
23PDE7_FWD_g.2094.peg.3750-MONOMER,0.0,-5.203784705470826e-07
23PDE9_REV_g.2094.peg.3893-MONOMER,0.0,-3.943052642785792e-06
23PDE9_FWD_g.2094.peg.3893-MONOMER,4.0078910328112753e-23,2.0699652852260734e-37
23PDE9_REV_g.2094.peg.3750-MONOMER,0.0,-4.463431113332875e-06
23PDE9_FWD_g.2094.peg.3750-MONOMER,0.0,-5.203784705470826e-07
26DAPt2r_REV_CPLX_dummy,0.0,-3.5850072839868364e-06
26DAPt2r_FWD_CPLX_dummy,1.0,-7.755666693080597e-37
2AHBUTI_REV_g.2094.peg.3984-MONOMER,0.0,-3.614514180857015e-37
2AHBUTI_FWD_g.2094.peg.3984-MONOMER,0.0,-4.047334668179771e-06
2DHPL_REV_g.2094.peg.4649-MONOMER,0.0,1.312921975289674e-36
2DHPL_FWD_g.2094.peg.4649-MONOMER,0.0,-3.892370534060191e-06
2HMCOXT_REV_g.2094.peg.1243-MONOMER,0.0,1.2337711187287652e-40
2HMCOXT_FWD_g.2094.peg.1243-MONOMER,0.0,-1.7312634126733773e-06
2HMCOXT_REV_g.2094.peg.4126-MONOMER,0.0,1.2337711187287652e-40
2HMCOXT_FWD_g.2094.peg.4126-MONOMER,0.0,-1.7312634126733773e-06
2INSD_REV_g.2094.peg.4207-MONOMER,0.0,-1.6111324386168389e-06
2INSD_FWD_g.2094.peg.4207-MONOMER,0.0,-5.517005629265921e-07
2INSD_REV_g.2094.peg.1406-MONOMER,0.0,-1.0594318756902468e-06
2INSD_FWD_g.2094.peg.1406-MONOMER,0.0,4.979963187947306e-37
2MBCOATA_REV_g.2094.peg.638-MONOMER,0.0,-1.6603438051455522e-06
2MBCOATA_FWD_g.2094.peg.638-MONOMER,0.03573007547605879,1.5741122238497671e-35
2MBCOATA_REV_g.2094.peg.342-MONOMER,0.0,-4.42006834362943e-06
2MBCOATA_FWD_g.2094.peg.342-MONOMER,0.0,-2.7597245384838776e-06
2MBCOATA_REV_g.2094.peg.697-MONOMER,0.0,-2.4373512980177745e-06
2MBCOATA_FWD_g.2094.peg.697-MONOMER,0.0,-7.770074928722221e-07
2MBCOATA_REV_g.2094.peg.407-MONOMER,0.0,-4.036450994664599e-06
2MBCOATA_FWD_g.2094.peg.407-MONOMER,0.0,-2.376107189519047e-06
2MBCOATA_REV_g.2094.peg.3940-MONOMER,0.0,-4.036450994664599e-06
2MBCOATA_FWD_g.2094.peg.3940-MONOMER,0.0,-2.376107189519047e-06
2MBCOATA_REV_g.2094.peg.483-MONOMER,0.0,-3.06853680379521e-06
2MBCOATA_FWD_g.2094.peg.483-MONOMER,0.0,-1.4081929986496577e-06
2MBCOATA_REV_g.2094.peg.3050-MONOMER,0.0,-1.6603438051455522e-06
2MBCOATA_FWD_g.2094.peg.3050-MONOMER,0.0,1.5737693640444144e-35
2MBCOATA_REV_g.2094.peg.3616-MONOMER,0.0,-3.06853680379521e-06
2MBCOATA_FWD_g.2094.peg.3616-MONOMER,0.0,-1.4081929986496577e-06
2MBCOATA_REV_g.2094.peg.3146-MONOMER,0.0,-4.42006834362943e-06
2MBCOATA_FWD_g.2094.peg.3146-MONOMER,0.0,-2.7597245384838776e-06
2OMMBOX_REV_g.2094.peg.1653-MONOMER,0.0,0.02858411492779319
2OMMBOX_FWD_g.2094.peg.1653-MONOMER,0.0,-0.028587451498879198
2OMMBOX_REV_g.2094.peg.1074-MONOMER,0.0,0.028584356257828073
2OMMBOX_FWD_g.2094.peg.1074-MONOMER,0.0,-0.028587210168844312
2OMPHH_REV_g.2094.peg.1537-MONOMER,0.0,-4.226505542379807e-06
2OMPHH_FWD_g.2094.peg.1537-MONOMER,-4.427726782563444e-24,-1.3871797938958795e-35
34DHOXPEGOX_REV_g.2094.peg.1105-MONOMER_mod_fe2(1),0.0,-4.3260844298770265e-06
34DHOXPEGOX_FWD_g.2094.peg.1105-MONOMER_mod_fe2(1),0.0,-8.279604641114315e-06
34DHOXPEGOX_REV_g.2094.peg.4252-MONOMER,0.0,-8.043600004427541e-08
34DHOXPEGOX_FWD_g.2094.peg.4252-MONOMER,0.0,-4.033956211281564e-06
34DHOXPEGOX_REV_g.2094.peg.1720-MONOMER,0.0,-1.4493998003321e-07
34DHOXPEGOX_FWD_g.2094.peg.1720-MONOMER,0.0,-4.098460191270498e-06
34DHOXPEGOX_REV_g.2094.peg.2788-MONOMER,0.0,-1.3407119876097226e-37
34DHOXPEGOX_FWD_g.2094.peg.2788-MONOMER,0.0,-3.953520211237289e-06
34DHPHEt2_REV_CPLX_dummy,0.0,-3.5850072839868364e-06
34DHPHEt2_FWD_CPLX_dummy,0.0,-1.5254817519971358e-37
3ABUTCOAL_REV_g.2094.peg.4507-MONOMER_mod_pydx5p(1),0.0,-4.1686411238485385e-06
3ABUTCOAL_FWD_g.2094.peg.4507-MONOMER_mod_pydx5p(1),0.0,1.2482767301815616e-35
3CARLPDH_REV_g.2094.peg.3827-MONOMER,0.0,-4.7650322994133915e-06
3CARLPDH_FWD_g.2094.peg.3827-MONOMER,6.18379451581328e-23,1.706425617884347e-35
3HACPR1_REV_527012.3.peg.2923-MONOMER,0.0,-2.6355292532259347e-06
3HACPR1_FWD_527012.3.peg.2923-MONOMER,0.0,-4.071034283316747e-07
3HACPR1_REV_527012.3.peg.4110-MONOMER,0.0,-2.2284258248942603e-06
3HACPR1_FWD_527012.3.peg.4110-MONOMER,2.0227404545548062e-43,2.975703856347046e-38
3HACPR2_REV_527012.3.peg.2923-MONOMER,0.0,-2.6355292532259347e-06
3HACPR2_FWD_527012.3.peg.2923-MONOMER,0.0,-4.071034283316747e-07
3HACPR2_REV_527012.3.peg.4110-MONOMER,0.0,-2.2284258248942603e-06
3HACPR2_FWD_527012.3.peg.4110-MONOMER,0.0,2.975703856347046e-38
3HAD10M12_REV_CPLX_dummy,0.0,-3.5850072839868364e-06
3HAD10M12_FWD_CPLX_dummy,0.03573007547605879,7.05793705575649e-36
3HAD11M12_REV_CPLX_dummy,0.0,-3.5850072839868364e-06
3HAD11M12_FWD_CPLX_dummy,0.03573007547605879,1.7590041497808889e-35
3HAD12M14_REV_CPLX_dummy,0.0,-3.5850072839868364e-06
3HAD12M14_FWD_CPLX_dummy,0.03573007547605879,7.05793705575649e-36
3HAD13M14_REV_CPLX_dummy,0.0,-3.5850072839868364e-06
3HAD13M14_FWD_CPLX_dummy,0.03573007547605879,7.05793705575649e-36
3HAD14M16_REV_CPLX_dummy,0.0,-3.5850072839868364e-06
3HAD14M16_FWD_CPLX_dummy,0.03573007547605879,7.05793705575649e-36
3HAD15M16_REV_CPLX_dummy,0.0,-3.5850072839868364e-06
3HAD15M16_FWD_CPLX_dummy,0.03573007547605879,7.05793705575649e-36
3HAD4M6_REV_CPLX_dummy,0.0,-3.5850072839868364e-06
3HAD4M6_FWD_CPLX_dummy,0.03573007547605879,7.05793705575649e-36
3HAD5M6_REV_CPLX_dummy,0.0,-3.5850072839868364e-06
3HAD5M6_FWD_CPLX_dummy,0.03573007547605879,7.05793705575649e-36
3HAD6M8_REV_CPLX_dummy,0.0,-3.5850072839868364e-06
3HAD6M8_FWD_CPLX_dummy,0.03573007547605879,1.7590041497808889e-35
3HAD7M8_REV_CPLX_dummy,0.0,-3.5850072839868364e-06
3HAD7M8_FWD_CPLX_dummy,0.03573007547605879,7.05793705575649e-36
3HAD8M10_REV_CPLX_dummy,0.0,-3.5850072839868364e-06
3HAD8M10_FWD_CPLX_dummy,0.03573007547605879,-3.4741673862959105e-36
3HAD9M10_REV_CPLX_dummy,0.0,-3.5850072839868364e-06
3HAD9M10_FWD_CPLX_dummy,0.03573007547605879,7.05793705575649e-36
3HBCOAE_REV_g.2094.peg.1258-MONOMER,0.0,5.747877641155217e-36
3HBCOAE_FWD_g.2094.peg.1258-MONOMER,0.0,-5.552355101205008e-06
3HBCOAE_REV_g.2094.peg.3533-MONOMER,0.0,-5.956476346409992e-08
3HBCOAE_FWD_g.2094.peg.3533-MONOMER,0.0,-5.611919864669108e-06
3HLYTCL_REV_g.2094.peg.2789-MONOMER_mod_mg2(1),0.0,-7.562285475758723e-06
3HLYTCL_FWD_g.2094.peg.2789-MONOMER_mod_mg2(1),0.0,5.024347032134206e-37
3HPPD_REV_g.2094.peg.512-MONOMER,0.0,-5.380609900300332e-35
3HPPD_FWD_g.2094.peg.512-MONOMER,0.0,-3.8219093522183005e-06
3MOBS_REV_527012.3.peg.543-MONOMER,0.0,-3.0339206060499913e-07
3MOBS_FWD_527012.3.peg.543-MONOMER,0.0,-4.370900929583994e-06
3MOBS_REV_527012.3.peg.3530-MONOMER,0.11964923693609215,4.0644529185516714e-36
3MOBS_FWD_527012.3.peg.3530-MONOMER,0.0,-4.067508868978995e-06
3MOPt2r_REV_CPLX_dummy,0.0,-3.5850072839868364e-06
3MOPt2r_FWD_CPLX_dummy,1.0,-7.53173232277917e-37
3OAACPR1_REV_527012.3.peg.2923-MONOMER,0.0,-2.6355292532259347e-06
3OAACPR1_FWD_527012.3.peg.2923-MONOMER,0.0,-4.071034283316747e-07
3OAACPR1_REV_527012.3.peg.4110-MONOMER,0.0,-2.2284258248942603e-06
3OAACPR1_FWD_527012.3.peg.4110-MONOMER,2.1875476940909872e-26,1.227980875164352e-35
3OAACPR2_REV_527012.3.peg.2923-MONOMER,0.0,-2.6355292532259347e-06
3OAACPR2_FWD_527012.3.peg.2923-MONOMER,0.0,-4.071034283316747e-07
3OAACPR2_REV_527012.3.peg.4110-MONOMER,0.0,-2.2284258248942603e-06
3OAACPR2_FWD_527012.3.peg.4110-MONOMER,0.0,-7.445176759152193e-36
3OAR100_REV_g.2094.peg.314-MONOMER,0.0,-2.9407837002500326e-07
3OAR100_FWD_g.2094.peg.314-MONOMER,0.0,-4.783480124557611e-06
3OAR100_REV_g.2094.peg.4043-MONOMER,0.0,-7.448801225132515e-37
3OAR100_FWD_g.2094.peg.4043-MONOMER,0.0,-4.489401754532607e-06
3OAR100_REV_g.2094.peg.1732-MONOMER,0.0,-6.7631520798693e-07
3OAR100_FWD_g.2094.peg.1732-MONOMER,0.0,-5.165716962519537e-06
3OAR10M11_REV_g.2094.peg.314-MONOMER,0.0,-2.9407837002500326e-07
3OAR10M11_FWD_g.2094.peg.314-MONOMER,0.0,-4.754657650244971e-06
3OAR10M11_REV_g.2094.peg.4043-MONOMER,0.0,-5.32772500695077e-36
3OAR10M11_FWD_g.2094.peg.4043-MONOMER,0.0,-4.460579280219968e-06
3OAR10M11_REV_g.2094.peg.1732-MONOMER,0.0,-6.7631520798693e-07
3OAR10M11_FWD_g.2094.peg.1732-MONOMER,0.0,-5.136894488206898e-06
3OAR10M12_REV_g.2094.peg.314-MONOMER,0.0,-4.754657650244971e-06
3OAR10M12_FWD_g.2094.peg.314-MONOMER,0.0,-2.9407837002500326e-07
3OAR10M12_REV_g.2094.peg.4043-MONOMER,0.0,-4.460579280219968e-06
3OAR10M12_FWD_g.2094.peg.4043-MONOMER,0.03573007547605879,-5.32772500695077e-36
3OAR10M12_REV_g.2094.peg.1732-MONOMER,0.0,-5.136894488206898e-06
3OAR10M12_FWD_g.2094.peg.1732-MONOMER,0.0,-6.7631520798693e-07
3OAR11M12_REV_g.2094.peg.314-MONOMER,0.0,-4.754657650244971e-06
3OAR11M12_FWD_g.2094.peg.314-MONOMER,0.0,-2.9407837002500326e-07
3OAR11M12_REV_g.2094.peg.4043-MONOMER,0.0,-4.460579280219968e-06
3OAR11M12_FWD_g.2094.peg.4043-MONOMER,0.03573007547605879,3.837964761924267e-36
3OAR11M12_REV_g.2094.peg.1732-MONOMER,0.0,-5.136894488206898e-06
3OAR11M12_FWD_g.2094.peg.1732-MONOMER,0.0,-6.7631520798693e-07
3OAR120_REV_g.2094.peg.314-MONOMER,0.0,-2.9407837002500326e-07
3OAR120_FWD_g.2094.peg.314-MONOMER,0.0,-4.783480124557611e-06
3OAR120_REV_g.2094.peg.4043-MONOMER,0.0,1.5465423197055078e-36
3OAR120_FWD_g.2094.peg.4043-MONOMER,0.0,-4.489401754532607e-06
3OAR120_REV_g.2094.peg.1732-MONOMER,0.0,-6.7631520798693e-07
3OAR120_FWD_g.2094.peg.1732-MONOMER,0.0,-5.165716962519537e-06
3OAR12M13_REV_g.2094.peg.314-MONOMER,0.0,-2.9407837002500326e-07
3OAR12M13_FWD_g.2094.peg.314-MONOMER,0.0,-4.754657650244971e-06
3OAR12M13_REV_g.2094.peg.4043-MONOMER,0.0,-5.32772500695077e-36
3OAR12M13_FWD_g.2094.peg.4043-MONOMER,0.0,-4.460579280219968e-06
3OAR12M13_REV_g.2094.peg.1732-MONOMER,0.0,-6.7631520798693e-07
3OAR12M13_FWD_g.2094.peg.1732-MONOMER,0.0,-5.136894488206898e-06
3OAR12M14_REV_g.2094.peg.314-MONOMER,0.0,-4.754657650244971e-06
3OAR12M14_FWD_g.2094.peg.314-MONOMER,0.0,-2.9407837002500326e-07
3OAR12M14_REV_g.2094.peg.4043-MONOMER,0.0,-4.460579280219968e-06
3OAR12M14_FWD_g.2094.peg.4043-MONOMER,0.03573007547605879,-1.4493414775825806e-35
3OAR12M14_REV_g.2094.peg.1732-MONOMER,0.0,-5.136894488206898e-06
3OAR12M14_FWD_g.2094.peg.1732-MONOMER,0.0,-6.7631520798693e-07
3OAR13M14_REV_g.2094.peg.314-MONOMER,0.0,-4.754657650244971e-06
3OAR13M14_FWD_g.2094.peg.314-MONOMER,0.0,-2.9407837002500326e-07
3OAR13M14_REV_g.2094.peg.4043-MONOMER,0.0,-4.460579280219968e-06
3OAR13M14_FWD_g.2094.peg.4043-MONOMER,0.03573007547605879,6.799779314404952e-35
3OAR13M14_REV_g.2094.peg.1732-MONOMER,0.0,-5.136894488206898e-06
3OAR13M14_FWD_g.2094.peg.1732-MONOMER,0.0,-6.7631520798693e-07
3OAR140_REV_g.2094.peg.314-MONOMER,0.0,-5.028311121607619e-06
3OAR140_FWD_g.2094.peg.314-MONOMER,0.0,-2.9407837002500326e-07
3OAR140_REV_g.2094.peg.4043-MONOMER,0.0,-4.734232751582615e-06
3OAR140_FWD_g.2094.peg.4043-MONOMER,0.04196311605904752,5.883210337517449e-35
3OAR140_REV_g.2094.peg.1732-MONOMER,0.0,-5.410547959569545e-06
3OAR140_FWD_g.2094.peg.1732-MONOMER,0.0,-6.7631520798693e-07
3OAR14M15_REV_g.2094.peg.314-MONOMER,0.0,-2.9407837002500326e-07
3OAR14M15_FWD_g.2094.peg.314-MONOMER,0.0,-4.754657650244971e-06
3OAR14M15_REV_g.2094.peg.4043-MONOMER,0.0,-1.4493414775825806e-35
3OAR14M15_FWD_g.2094.peg.4043-MONOMER,0.0,-4.460579280219968e-06
3OAR14M15_REV_g.2094.peg.1732-MONOMER,0.0,-6.7631520798693e-07
3OAR14M15_FWD_g.2094.peg.1732-MONOMER,0.0,-5.136894488206898e-06
3OAR14M16_REV_g.2094.peg.314-MONOMER,0.0,-4.754657650244971e-06
3OAR14M16_FWD_g.2094.peg.314-MONOMER,0.0,-2.9407837002500326e-07
3OAR14M16_REV_g.2094.peg.4043-MONOMER,0.0,-4.460579280219968e-06
3OAR14M16_FWD_g.2094.peg.4043-MONOMER,0.03573007547605879,9.549486245067464e-35
3OAR14M16_REV_g.2094.peg.1732-MONOMER,0.0,-5.136894488206898e-06
3OAR14M16_FWD_g.2094.peg.1732-MONOMER,0.0,-6.7631520798693e-07
3OAR15M16_REV_g.2094.peg.314-MONOMER,0.0,-4.754657650244971e-06
3OAR15M16_FWD_g.2094.peg.314-MONOMER,0.0,-2.9407837002500326e-07
3OAR15M16_REV_g.2094.peg.4043-MONOMER,0.0,-4.460579280219968e-06
3OAR15M16_FWD_g.2094.peg.4043-MONOMER,0.03573007547605879,7.716348291292457e-35
3OAR15M16_REV_g.2094.peg.1732-MONOMER,0.0,-5.136894488206898e-06
3OAR15M16_FWD_g.2094.peg.1732-MONOMER,0.0,-6.7631520798693e-07
3OAR160_REV_g.2094.peg.314-MONOMER,0.0,-2.9407837002500326e-07
3OAR160_FWD_g.2094.peg.314-MONOMER,0.0,-5.044301742473782e-06
3OAR160_REV_g.2094.peg.4043-MONOMER,0.0,-5.32772500695077e-36
3OAR160_FWD_g.2094.peg.4043-MONOMER,0.0,-4.750223372448779e-06
3OAR160_REV_g.2094.peg.1732-MONOMER,0.0,-6.7631520798693e-07
3OAR160_FWD_g.2094.peg.1732-MONOMER,0.0,-5.426538580435708e-06
3OAR180_REV_g.2094.peg.314-MONOMER,0.0,-2.9407837002500326e-07
3OAR180_FWD_g.2094.peg.314-MONOMER,0.0,-4.970639626246567e-06
3OAR180_REV_g.2094.peg.4043-MONOMER,0.0,3.837964761924267e-36
3OAR180_FWD_g.2094.peg.4043-MONOMER,0.0,-4.676561256221564e-06
3OAR180_REV_g.2094.peg.1732-MONOMER,0.0,-6.7631520798693e-07
3OAR180_FWD_g.2094.peg.1732-MONOMER,0.0,-5.352876464208494e-06
3OAR40_REV_g.2094.peg.314-MONOMER,0.0,-2.9407837002500326e-07
3OAR40_FWD_g.2094.peg.314-MONOMER,0.0,-5.002568411671559e-06
3OAR40_REV_g.2094.peg.4043-MONOMER,0.0,3.837964761924267e-36
3OAR40_FWD_g.2094.peg.4043-MONOMER,0.0,-4.708490041646556e-06
3OAR40_REV_g.2094.peg.1732-MONOMER,0.0,-6.7631520798693e-07
3OAR40_FWD_g.2094.peg.1732-MONOMER,0.0,-5.384805249633485e-06
3OAR4M5_REV_g.2094.peg.314-MONOMER,0.0,-2.9407837002500326e-07
3OAR4M5_FWD_g.2094.peg.314-MONOMER,0.0,-4.754657650244971e-06
3OAR4M5_REV_g.2094.peg.4043-MONOMER,0.0,3.837964761924267e-36
3OAR4M5_FWD_g.2094.peg.4043-MONOMER,0.0,-4.460579280219968e-06
3OAR4M5_REV_g.2094.peg.1732-MONOMER,0.0,-6.7631520798693e-07
3OAR4M5_FWD_g.2094.peg.1732-MONOMER,0.0,-5.136894488206898e-06
3OAR4M6_REV_g.2094.peg.314-MONOMER,0.0,-4.754657650244971e-06
3OAR4M6_FWD_g.2094.peg.314-MONOMER,0.0,-2.9407837002500326e-07
3OAR4M6_REV_g.2094.peg.4043-MONOMER,0.0,-4.460579280219968e-06
3OAR4M6_FWD_g.2094.peg.4043-MONOMER,0.03573007547605879,2.2169344299674342e-35
3OAR4M6_REV_g.2094.peg.1732-MONOMER,0.0,-5.136894488206898e-06
3OAR4M6_FWD_g.2094.peg.1732-MONOMER,0.0,-6.7631520798693e-07
3OAR5M6_REV_g.2094.peg.314-MONOMER,0.0,-4.754657650244971e-06
3OAR5M6_FWD_g.2094.peg.314-MONOMER,0.0,-2.9407837002500326e-07
3OAR5M6_REV_g.2094.peg.4043-MONOMER,0.0,-4.460579280219968e-06
3OAR5M6_FWD_g.2094.peg.4043-MONOMER,0.03573007547605879,4.966641360629945e-35
3OAR5M6_REV_g.2094.peg.1732-MONOMER,0.0,-5.136894488206898e-06
3OAR5M6_FWD_g.2094.peg.1732-MONOMER,0.0,-6.7631520798693e-07
3OAR60_REV_g.2094.peg.314-MONOMER,0.0,-2.9407837002500326e-07
3OAR60_FWD_g.2094.peg.314-MONOMER,0.0,-4.783480124557611e-06
3OAR60_REV_g.2094.peg.4043-MONOMER,0.0,-7.448801225132515e-37
3OAR60_FWD_g.2094.peg.4043-MONOMER,0.0,-4.489401754532607e-06
3OAR60_REV_g.2094.peg.1732-MONOMER,0.0,-6.7631520798693e-07
3OAR60_FWD_g.2094.peg.1732-MONOMER,0.0,-5.165716962519537e-06
3OAR6M7_REV_g.2094.peg.314-MONOMER,0.0,-2.9407837002500326e-07
3OAR6M7_FWD_g.2094.peg.314-MONOMER,0.0,-4.754657650244971e-06
3OAR6M7_REV_g.2094.peg.4043-MONOMER,0.0,-5.32772500695077e-36
3OAR6M7_FWD_g.2094.peg.4043-MONOMER,0.0,-4.460579280219968e-06
3OAR6M7_REV_g.2094.peg.1732-MONOMER,0.0,-6.7631520798693e-07
3OAR6M7_FWD_g.2094.peg.1732-MONOMER,0.0,-5.136894488206898e-06
3OAR6M8_REV_g.2094.peg.314-MONOMER,0.0,-4.754657650244971e-06
3OAR6M8_FWD_g.2094.peg.314-MONOMER,0.0,-2.9407837002500326e-07
3OAR6M8_REV_g.2094.peg.4043-MONOMER,0.0,-4.460579280219968e-06
3OAR6M8_FWD_g.2094.peg.4043-MONOMER,0.03573007547605879,-5.32772500695077e-36
3OAR6M8_REV_g.2094.peg.1732-MONOMER,0.0,-5.136894488206898e-06
3OAR6M8_FWD_g.2094.peg.1732-MONOMER,0.0,-6.7631520798693e-07
3OAR7M8_REV_g.2094.peg.314-MONOMER,0.0,-4.754657650244971e-06
3OAR7M8_FWD_g.2094.peg.314-MONOMER,0.0,-2.9407837002500326e-07
3OAR7M8_REV_g.2094.peg.4043-MONOMER,0.0,-4.460579280219968e-06
3OAR7M8_FWD_g.2094.peg.4043-MONOMER,0.03573007547605879,-5.32772500695077e-36
3OAR7M8_REV_g.2094.peg.1732-MONOMER,0.0,-5.136894488206898e-06
3OAR7M8_FWD_g.2094.peg.1732-MONOMER,0.0,-6.7631520798693e-07
3OAR80_REV_g.2094.peg.314-MONOMER,0.0,-2.9407837002500326e-07
3OAR80_FWD_g.2094.peg.314-MONOMER,0.0,-4.783480124557611e-06
3OAR80_REV_g.2094.peg.4043-MONOMER,0.0,-1.890591343622631e-36
3OAR80_FWD_g.2094.peg.4043-MONOMER,0.0,-4.489401754532607e-06
3OAR80_REV_g.2094.peg.1732-MONOMER,0.0,-6.7631520798693e-07
3OAR80_FWD_g.2094.peg.1732-MONOMER,0.0,-5.165716962519537e-06
3OAR8M10_REV_g.2094.peg.314-MONOMER,0.0,-4.754657650244971e-06
3OAR8M10_FWD_g.2094.peg.314-MONOMER,0.0,-2.9407837002500326e-07
3OAR8M10_REV_g.2094.peg.4043-MONOMER,0.0,-4.460579280219968e-06
3OAR8M10_FWD_g.2094.peg.4043-MONOMER,0.03573007547605879,1.3003654530799304e-35
3OAR8M10_REV_g.2094.peg.1732-MONOMER,0.0,-5.136894488206898e-06
3OAR8M10_FWD_g.2094.peg.1732-MONOMER,0.0,-6.7631520798693e-07
3OAR8M9_REV_g.2094.peg.314-MONOMER,0.0,-2.9407837002500326e-07
3OAR8M9_FWD_g.2094.peg.314-MONOMER,0.0,-4.754657650244971e-06
3OAR8M9_REV_g.2094.peg.4043-MONOMER,0.0,-5.32772500695077e-36
3OAR8M9_FWD_g.2094.peg.4043-MONOMER,0.0,-4.460579280219968e-06
3OAR8M9_REV_g.2094.peg.1732-MONOMER,0.0,-6.7631520798693e-07
3OAR8M9_FWD_g.2094.peg.1732-MONOMER,0.0,-5.136894488206898e-06
3OAR9M10_REV_g.2094.peg.314-MONOMER,0.0,-4.754657650244971e-06
3OAR9M10_FWD_g.2094.peg.314-MONOMER,0.0,-2.9407837002500326e-07
3OAR9M10_REV_g.2094.peg.4043-MONOMER,0.0,-4.460579280219968e-06
3OAR9M10_FWD_g.2094.peg.4043-MONOMER,0.03573007547605879,4.987852122811763e-34
3OAR9M10_REV_g.2094.peg.1732-MONOMER,0.0,-5.136894488206898e-06
3OAR9M10_FWD_g.2094.peg.1732-MONOMER,0.0,-6.7631520798693e-07
3OAS100_REV_CPLX_3OAS100-1,0.0,-6.846295542505544e-06
3OAS100_FWD_CPLX_3OAS100-1,0.0,-2.2483804774886106e-07
3OAS100_REV_CPLX_3OAS100-0,0.0,-6.6214574947566836e-06
3OAS100_FWD_CPLX_3OAS100-0,0.0,-8.935166160344645e-36
3OAS100_REV_g.2094.peg.2164-MONOMER,0.0,-6.686903846378172e-06
3OAS100_FWD_g.2094.peg.2164-MONOMER,0.0,-6.544635162148886e-08
3OAS100_REV_CPLX_3OAS100-2,0.0,-6.849565030740744e-06
3OAS100_FWD_CPLX_3OAS100-2,0.0,-2.281075359840603e-07
3OAS10M11_REV_CPLX_3OAS100-1,0.0,-6.830282948652706e-06
3OAS10M11_FWD_CPLX_3OAS100-1,0.0,-2.2483804774886106e-07
3OAS10M11_REV_CPLX_3OAS100-0,0.0,-6.6054449009038444e-06
3OAS10M11_FWD_CPLX_3OAS100-0,0.0,-8.935166160344645e-36
3OAS10M11_REV_CPLX_3OAS100-2,0.0,-6.833552436887905e-06
3OAS10M11_FWD_CPLX_3OAS100-2,0.0,-2.281075359840603e-07
3OAS10M12_REV_CPLX_3OAS100-1,0.0,-6.830282948652706e-06
3OAS10M12_FWD_CPLX_3OAS100-1,0.0,-2.2483804774886106e-07
3OAS10M12_REV_CPLX_3OAS100-0,0.0,-6.6054449009038444e-06
3OAS10M12_FWD_CPLX_3OAS100-0,0.03573007547605879,6.666023414023838e-36
3OAS10M12_REV_CPLX_3OAS100-2,0.0,-6.833552436887905e-06
3OAS10M12_FWD_CPLX_3OAS100-2,0.0,-2.281075359840603e-07
3OAS11M12_REV_CPLX_3OAS100-1,0.0,-6.830282948652706e-06
3OAS11M12_FWD_CPLX_3OAS100-1,0.0,-2.2483804774886106e-07
3OAS11M12_REV_CPLX_3OAS100-0,0.0,-6.6054449009038444e-06
3OAS11M12_FWD_CPLX_3OAS100-0,0.03573007547605879,-8.935166160344645e-36
3OAS11M12_REV_CPLX_3OAS100-2,0.0,-6.833552436887905e-06
3OAS11M12_FWD_CPLX_3OAS100-2,0.0,-2.281075359840603e-07
3OAS120_REV_CPLX_3OAS100-1,0.0,-6.846295542505544e-06
3OAS120_FWD_CPLX_3OAS100-1,0.0,-2.2483804774886106e-07
3OAS120_REV_CPLX_3OAS100-0,0.0,-6.6214574947566836e-06
3OAS120_FWD_CPLX_3OAS100-0,0.0,-8.935166160344645e-36
3OAS120_REV_g.2094.peg.2164-MONOMER,0.0,-6.686903846378172e-06
3OAS120_FWD_g.2094.peg.2164-MONOMER,0.0,-6.544635162148886e-08
3OAS120_REV_CPLX_3OAS100-2,0.0,-6.849565030740744e-06
3OAS120_FWD_CPLX_3OAS100-2,0.0,-2.281075359840603e-07
3OAS121_REV_CPLX_dummy,0.0,-3.829736439177264e-06
3OAS121_FWD_CPLX_dummy,0.0,-4.496197298991398e-36
3OAS12M13_REV_CPLX_3OAS100-1,0.0,-6.830282948652706e-06
3OAS12M13_FWD_CPLX_3OAS100-1,0.0,-2.2483804774886106e-07
3OAS12M13_REV_CPLX_3OAS100-0,0.0,-6.6054449009038444e-06
3OAS12M13_FWD_CPLX_3OAS100-0,0.0,-8.935166160344645e-36
3OAS12M13_REV_CPLX_3OAS100-2,0.0,-6.833552436887905e-06
3OAS12M13_FWD_CPLX_3OAS100-2,0.0,-2.281075359840603e-07
3OAS12M14_REV_CPLX_3OAS100-1,0.0,-6.830282948652706e-06
3OAS12M14_FWD_CPLX_3OAS100-1,0.0,-2.2483804774886106e-07
3OAS12M14_REV_CPLX_3OAS100-0,0.0,-6.6054449009038444e-06
3OAS12M14_FWD_CPLX_3OAS100-0,0.03573007547605879,-8.935166160344645e-36
3OAS12M14_REV_CPLX_3OAS100-2,0.0,-6.833552436887905e-06
3OAS12M14_FWD_CPLX_3OAS100-2,0.0,-2.281075359840603e-07
3OAS13M14_REV_CPLX_3OAS100-1,0.0,-6.830282948652706e-06
3OAS13M14_FWD_CPLX_3OAS100-1,0.0,-2.2483804774886106e-07
3OAS13M14_REV_CPLX_3OAS100-0,0.0,-6.6054449009038444e-06
3OAS13M14_FWD_CPLX_3OAS100-0,0.03573007547605879,-8.935166160344645e-36
3OAS13M14_REV_CPLX_3OAS100-2,0.0,-6.833552436887905e-06
3OAS13M14_FWD_CPLX_3OAS100-2,0.0,-2.281075359840603e-07
3OAS140_REV_CPLX_3OAS100-1,0.0,-7.091118053441315e-06
3OAS140_FWD_CPLX_3OAS100-1,0.0,-2.2483804774886106e-07
3OAS140_REV_CPLX_3OAS100-0,0.0,-6.866280005692454e-06
3OAS140_FWD_CPLX_3OAS100-0,0.041963191278085885,-8.935166160344645e-36
3OAS140_REV_g.2094.peg.2164-MONOMER,0.0,-6.9317263573139424e-06
3OAS140_FWD_g.2094.peg.2164-MONOMER,0.0,-6.544635162148886e-08
3OAS140_REV_CPLX_3OAS100-2,0.0,-7.094387541676514e-06
3OAS140_FWD_CPLX_3OAS100-2,0.0,-2.281075359840603e-07
3OAS141_REV_CPLX_dummy,0.0,-3.7977162843353576e-06
3OAS141_FWD_CPLX_dummy,0.0,-4.496197298991398e-36
3OAS160_REV_CPLX_3OAS100-1,0.0,-7.107117160421716e-06
3OAS160_FWD_CPLX_3OAS100-1,0.0,-2.2483804774886106e-07
3OAS160_REV_CPLX_3OAS100-0,0.0,-6.882279112672855e-06
3OAS160_FWD_CPLX_3OAS100-0,0.0,-8.935166160344645e-36
3OAS160_REV_g.2094.peg.2164-MONOMER,0.0,-6.9477254642943436e-06
3OAS160_FWD_g.2094.peg.2164-MONOMER,0.0,-6.544635162148886e-08
3OAS160_REV_CPLX_3OAS100-2,0.0,-7.110386648656915e-06
3OAS160_FWD_CPLX_3OAS100-2,0.0,-2.281075359840603e-07
3OAS161_REV_CPLX_dummy,0.0,-3.886480115169066e-06
3OAS161_FWD_CPLX_dummy,0.0,-4.496197298991398e-36
3OAS180_REV_CPLX_3OAS100-1,0.0,-7.033455044194501e-06
3OAS180_FWD_CPLX_3OAS100-1,0.0,-2.2483804774886106e-07
3OAS180_REV_CPLX_3OAS100-0,0.0,-6.808616996445641e-06
3OAS180_FWD_CPLX_3OAS100-0,0.0,-1.6735760947528886e-35
3OAS180_REV_CPLX_3OAS100-2,0.0,-7.036724532429701e-06
3OAS180_FWD_CPLX_3OAS100-2,0.0,-2.281075359840603e-07
3OAS181_REV_CPLX_dummy,0.0,-3.946384312014457e-06
3OAS181_FWD_CPLX_dummy,0.0,-1.237067047340883e-35
3OAS2M3_REV_CPLX_3OAS100-1,0.0,-6.830282948652706e-06
3OAS2M3_FWD_CPLX_3OAS100-1,0.0,-2.2483804774886106e-07
3OAS2M3_REV_CPLX_3OAS100-0,0.0,-6.6054449009038444e-06
3OAS2M3_FWD_CPLX_3OAS100-0,0.0,-2.453635573471313e-35
3OAS2M3_REV_CPLX_3OAS100-2,0.0,-6.833552436887905e-06
3OAS2M3_FWD_CPLX_3OAS100-2,0.0,-2.281075359840603e-07
3OAS3M4_REV_CPLX_3OAS100-1,0.0,-6.830282948652706e-06
3OAS3M4_FWD_CPLX_3OAS100-1,0.0,-2.2483804774886106e-07
3OAS3M4_REV_CPLX_3OAS100-0,0.0,-6.6054449009038444e-06
3OAS3M4_FWD_CPLX_3OAS100-0,0.03573007547605879,-2.453635573471313e-35
3OAS3M4_REV_CPLX_3OAS100-2,0.0,-6.833552436887905e-06
3OAS3M4_FWD_CPLX_3OAS100-2,0.0,-2.281075359840603e-07
3OAS4M3O6_REV_CPLX_3OAS100-1,0.0,-6.830282948652706e-06
3OAS4M3O6_FWD_CPLX_3OAS100-1,0.0,-2.2483804774886106e-07
3OAS4M3O6_REV_CPLX_3OAS100-0,0.0,-6.6054449009038444e-06
3OAS4M3O6_FWD_CPLX_3OAS100-0,0.03573007547605879,-8.935166160344645e-36
3OAS4M3O6_REV_CPLX_3OAS100-2,0.0,-6.833552436887905e-06
3OAS4M3O6_FWD_CPLX_3OAS100-2,0.0,-2.281075359840603e-07
3OAS4M5_REV_CPLX_3OAS100-1,0.0,-6.830282948652706e-06
3OAS4M5_FWD_CPLX_3OAS100-1,0.0,-2.2483804774886106e-07
3OAS4M5_REV_CPLX_3OAS100-0,0.0,-6.6054449009038444e-06
3OAS4M5_FWD_CPLX_3OAS100-0,0.0,-8.935166160344645e-36
3OAS4M5_REV_CPLX_3OAS100-2,0.0,-6.833552436887905e-06
3OAS4M5_FWD_CPLX_3OAS100-2,0.0,-2.281075359840603e-07
3OAS4M6_REV_CPLX_3OAS100-1,0.0,-6.830282948652706e-06
3OAS4M6_FWD_CPLX_3OAS100-1,0.0,-2.2483804774886106e-07
3OAS4M6_REV_CPLX_3OAS100-0,0.0,-6.6054449009038444e-06
3OAS4M6_FWD_CPLX_3OAS100-0,0.03573007547605879,-2.453635573471313e-35
3OAS4M6_REV_CPLX_3OAS100-2,0.0,-6.833552436887905e-06
3OAS4M6_FWD_CPLX_3OAS100-2,0.0,-2.281075359840603e-07
3OAS5M6_REV_CPLX_3OAS100-1,0.0,-6.830282948652706e-06
3OAS5M6_FWD_CPLX_3OAS100-1,0.0,-2.2483804774886106e-07
3OAS5M6_REV_CPLX_3OAS100-0,0.0,-6.6054449009038444e-06
3OAS5M6_FWD_CPLX_3OAS100-0,0.03573007547605879,-8.935166160344645e-36
3OAS5M6_REV_CPLX_3OAS100-2,0.0,-6.833552436887905e-06
3OAS5M6_FWD_CPLX_3OAS100-2,0.0,-2.281075359840603e-07
3OAS60_REV_CPLX_3OAS100-1,0.0,-6.846295542505544e-06
3OAS60_FWD_CPLX_3OAS100-1,0.0,-2.2483804774886106e-07
3OAS60_REV_CPLX_3OAS100-0,0.0,-6.6214574947566836e-06
3OAS60_FWD_CPLX_3OAS100-0,0.0,-8.935166160344645e-36
3OAS60_REV_g.2094.peg.2164-MONOMER,0.0,-6.686903846378172e-06
3OAS60_FWD_g.2094.peg.2164-MONOMER,0.0,-6.544635162148886e-08
3OAS60_REV_CPLX_3OAS100-2,0.0,-6.849565030740744e-06
3OAS60_FWD_CPLX_3OAS100-2,0.0,-2.281075359840603e-07
3OAS6M7_REV_CPLX_3OAS100-1,0.0,-6.830282948652706e-06
3OAS6M7_FWD_CPLX_3OAS100-1,0.0,-2.2483804774886106e-07
3OAS6M7_REV_CPLX_3OAS100-0,0.0,-6.6054449009038444e-06
3OAS6M7_FWD_CPLX_3OAS100-0,0.0,-8.935166160344645e-36
3OAS6M7_REV_CPLX_3OAS100-2,0.0,-6.833552436887905e-06
3OAS6M7_FWD_CPLX_3OAS100-2,0.0,-2.281075359840603e-07
3OAS6M8_REV_CPLX_3OAS100-1,0.0,-6.830282948652706e-06
3OAS6M8_FWD_CPLX_3OAS100-1,0.0,-2.2483804774886106e-07
3OAS6M8_REV_CPLX_3OAS100-0,0.0,-6.6054449009038444e-06
3OAS6M8_FWD_CPLX_3OAS100-0,0.03573007547605879,6.666023414023838e-36
3OAS6M8_REV_CPLX_3OAS100-2,0.0,-6.833552436887905e-06
3OAS6M8_FWD_CPLX_3OAS100-2,0.0,-2.281075359840603e-07
3OAS7M8_REV_CPLX_3OAS100-1,0.0,-6.830282948652706e-06
3OAS7M8_FWD_CPLX_3OAS100-1,0.0,-2.2483804774886106e-07
3OAS7M8_REV_CPLX_3OAS100-0,0.0,-6.6054449009038444e-06
3OAS7M8_FWD_CPLX_3OAS100-0,0.03573007547605879,-8.935166160344645e-36
3OAS7M8_REV_CPLX_3OAS100-2,0.0,-6.833552436887905e-06
3OAS7M8_FWD_CPLX_3OAS100-2,0.0,-2.281075359840603e-07
3OAS80_REV_CPLX_3OAS100-1,0.0,-6.846295542505544e-06
3OAS80_FWD_CPLX_3OAS100-1,0.0,-2.2483804774886106e-07
3OAS80_REV_CPLX_3OAS100-0,0.0,-6.6214574947566836e-06
3OAS80_FWD_CPLX_3OAS100-0,0.0,-8.935166160344645e-36
3OAS80_REV_g.2094.peg.2164-MONOMER,0.0,-6.686903846378172e-06
3OAS80_FWD_g.2094.peg.2164-MONOMER,0.0,-6.544635162148886e-08
3OAS80_REV_CPLX_3OAS100-2,0.0,-6.849565030740744e-06
3OAS80_FWD_CPLX_3OAS100-2,0.0,-2.281075359840603e-07
3OAS8M10_REV_CPLX_3OAS100-1,0.0,-6.830282948652706e-06
3OAS8M10_FWD_CPLX_3OAS100-1,0.0,-2.2483804774886106e-07
3OAS8M10_REV_CPLX_3OAS100-0,0.0,-6.6054449009038444e-06
3OAS8M10_FWD_CPLX_3OAS100-0,0.03573007547605879,-8.935166160344645e-36
3OAS8M10_REV_CPLX_3OAS100-2,0.0,-6.833552436887905e-06
3OAS8M10_FWD_CPLX_3OAS100-2,0.0,-2.281075359840603e-07
3OAS8M9_REV_CPLX_3OAS100-1,0.0,-6.830282948652706e-06
3OAS8M9_FWD_CPLX_3OAS100-1,0.0,-2.2483804774886106e-07
3OAS8M9_REV_CPLX_3OAS100-0,0.0,-6.6054449009038444e-06
3OAS8M9_FWD_CPLX_3OAS100-0,0.0,-8.935166160344645e-36
3OAS8M9_REV_CPLX_3OAS100-2,0.0,-6.833552436887905e-06
3OAS8M9_FWD_CPLX_3OAS100-2,0.0,-2.281075359840603e-07
3OAS9M10_REV_CPLX_3OAS100-1,0.0,-6.830282948652706e-06
3OAS9M10_FWD_CPLX_3OAS100-1,0.0,-2.2483804774886106e-07
3OAS9M10_REV_CPLX_3OAS100-0,0.0,-6.6054449009038444e-06
3OAS9M10_FWD_CPLX_3OAS100-0,0.03573007547605879,6.666023414023838e-36
3OAS9M10_REV_CPLX_3OAS100-2,0.0,-6.833552436887905e-06
3OAS9M10_FWD_CPLX_3OAS100-2,0.0,-2.281075359840603e-07
4ABZt2_REV_CPLX_dummy,0.0,-3.5850072839868364e-06
4ABZt2_FWD_CPLX_dummy,0.003896442244257702,-5.1617257447452e-38
4HBZCL_REV_g.2094.peg.3045-MONOMER,0.0,-5.348203193826784e-37
4HBZCL_FWD_g.2094.peg.3045-MONOMER,0.0,-3.914302094663321e-06
4HBZt2_REV_CPLX_dummy,4.427726782563444e-24,3.884456595830418e-37
4HBZt2_FWD_CPLX_dummy,0.0,-3.5850072839868364e-06
4HTHRS_REV_g.2094.peg.3041-MONOMER,0.0,-2.4594403077015084e-06
4HTHRS_FWD_g.2094.peg.3041-MONOMER,0.0,-2.618942742272275e-36
4NTPPH2_REV_g.2094.peg.802-MONOMER_mod_zn2(1)_mod_mg2(1),0.0,-7.727969733830617e-06
4NTPPH2_FWD_g.2094.peg.802-MONOMER_mod_zn2(1)_mod_mg2(1),0.0,-2.2594108482115235e-37
5AIZCDC_REV_g.2094.peg.1612-MONOMER,0.0,-2.6201177609823953e-06
5AIZCDC_FWD_g.2094.peg.1612-MONOMER,0.0,-1.573022494571706e-35
5AIZCDC_REV_CPLX_5AIZCDC-0,0.0,-2.9772227634360836e-06
5AIZCDC_FWD_CPLX_5AIZCDC-0,0.0,-3.5710500245368824e-07
5AIZCDC_REV_g.2094.peg.1135-MONOMER,0.0,-2.926434416661452e-06
5AIZCDC_FWD_g.2094.peg.1135-MONOMER,0.0,-3.0631665567905673e-07
5DGCLURI_REV_g.2094.peg.1667-MONOMER,0.0,-2.9440780843158912e-06
5DGCLURI_FWD_g.2094.peg.1667-MONOMER,0.0,-2.132364222617217e-40
5DGCLURI_REV_g.2094.peg.4187-MONOMER,0.0,-2.9440780843158912e-06
5DGCLURI_FWD_g.2094.peg.4187-MONOMER,0.0,-2.132364222617217e-40
5DGLCNR_REV_g.2094.peg.2956-MONOMER,0.0,-1.0615523329233375e-35
5DGLCNR_FWD_g.2094.peg.2956-MONOMER,0.0,-2.3520577682653924e-06
5DOAN_REV_CPLX_dummy,0.0,-3.5850072839868364e-06
5DOAN_FWD_CPLX_dummy,0.0,1.656808508495512e-37
5GLUP5T1_REV_g.2094.peg.3952-MONOMER,0.0,-2.484102964801223e-07
5GLUP5T1_FWD_g.2094.peg.3952-MONOMER,0.0,-5.8760438597507856e-06
5GLUP5T1_REV_g.2094.peg.3119-MONOMER,0.0,1.2549688553956125e-37
5GLUP5T1_FWD_g.2094.peg.3119-MONOMER,0.0,-5.6276335632706635e-06
5GLUP5T2_REV_g.2094.peg.3952-MONOMER,0.0,-5.8760438597507856e-06
5GLUP5T2_FWD_g.2094.peg.3952-MONOMER,0.0,-2.484102964801223e-07
5GLUP5T2_REV_g.2094.peg.3119-MONOMER,0.0,-5.6276335632706635e-06
5GLUP5T2_FWD_g.2094.peg.3119-MONOMER,0.0,-1.2416181228914039e-36
5HLTDL_REV_g.2094.peg.2789-MONOMER_mod_mg2(1),0.0,-7.562285475758723e-06
5HLTDL_FWD_g.2094.peg.2789-MONOMER_mod_mg2(1),0.0,5.024347032134206e-37
5HTRPt2_REV_CPLX_dummy,0.0,-3.5850072839868364e-06
5HTRPt2_FWD_CPLX_dummy,0.0,-1.5254817519971358e-37
5HXKYNDCL_REV_g.2094.peg.2789-MONOMER_mod_mg2(1),0.0,-7.562285475758723e-06
5HXKYNDCL_FWD_g.2094.peg.2789-MONOMER_mod_mg2(1),0.0,-2.263091156117107e-37
5MTHCYST_REV_g.2094.peg.1654-MONOMER,0.0,-4.378381575479404e-06
5MTHCYST_FWD_g.2094.peg.1654-MONOMER,0.0,-7.701424131771468e-37
6P3HXI_REV_g.2094.peg.1448-MONOMER,0.0,-2.3772773446067145e-06
6P3HXI_FWD_g.2094.peg.1448-MONOMER,0.0,-4.898221570897535e-07
6P3HXI_REV_g.2094.peg.1160-MONOMER,0.0,-1.887455187516961e-06
6P3HXI_FWD_g.2094.peg.1160-MONOMER,0.0,-3.1463857911196665e-37
6P3HXI_REV_g.2094.peg.1921-MONOMER_mod_mn2(1),0.0,-2.964157763054858e-06
6P3HXI_FWD_g.2094.peg.1921-MONOMER_mod_mn2(1),0.0,-1.0767025755378968e-06
6PHBG_REV_g.2094.peg.2781-MONOMER,0.0,-2.685306993549035e-06
6PHBG_FWD_g.2094.peg.2781-MONOMER,0.0,-1.538773327856956e-06
6PHBG_REV_g.2094.peg.365-MONOMER,0.0,-1.6690358062568518e-06
6PHBG_FWD_g.2094.peg.365-MONOMER,0.0,-5.225021405647728e-07
6PHBG_REV_g.2094.peg.3350-MONOMER,0.0,-1.978087855792757e-06
6PHBG_FWD_g.2094.peg.3350-MONOMER,0.0,-8.31554190100678e-07
6PHBG2_REV_g.2094.peg.2781-MONOMER,0.0,-3.0167686074369405e-06
6PHBG2_FWD_g.2094.peg.2781-MONOMER,0.0,-1.207311713969051e-06
6PHBG2_REV_g.2094.peg.365-MONOMER,0.0,-2.000497420144757e-06
6PHBG2_FWD_g.2094.peg.365-MONOMER,0.0,-1.9104052667686747e-07
6PHBG2_REV_g.2094.peg.2073-MONOMER,0.0,-1.8094568934678896e-06
6PHBG2_FWD_g.2094.peg.2073-MONOMER,0.0,3.125522570066623e-36
6PHBG2_REV_g.2094.peg.3350-MONOMER,0.0,-2.3095494696806624e-06
6PHBG2_FWD_g.2094.peg.3350-MONOMER,0.0,-5.000925762127726e-07
A5PISO_REV_g.2094.peg.3804-MONOMER,0.0,-2.872621509137416e-06
A5PISO_FWD_g.2094.peg.3804-MONOMER,0.03147228063010799,-8.836685461735336e-37
A5PISO_REV_g.2094.peg.2872-MONOMER,0.0,-3.8102956787745963e-06
A5PISO_FWD_g.2094.peg.2872-MONOMER,0.0,-9.376741696371803e-07
AACGLYDH_REV_g.2094.peg.404-MONOMER,6.455078779691454e-23,-3.644252655773724e-36
AACGLYDH_FWD_g.2094.peg.404-MONOMER,0.0,-5.3519031662182815e-06
AACOAT_REV_g.2094.peg.4693-MONOMER,0.0,0.008058198616229244
AACOAT_FWD_g.2094.peg.4693-MONOMER,0.0,-0.008061736186496696
AACOAT_REV_g.2094.peg.1239-MONOMER_mod_mg2(1),0.0,0.008057325609963254
AACOAT_FWD_g.2094.peg.1239-MONOMER_mod_mg2(1),0.0,-0.008062609192762684
AACPS7_REV_CPLX_dummy,0.0,-3.81057350750491e-06
AACPS7_FWD_CPLX_dummy,0.0,7.377223731935711e-36
AB6PGH_REV_g.2094.peg.2781-MONOMER,0.0,-2.685306993549035e-06
AB6PGH_FWD_g.2094.peg.2781-MONOMER,0.0,-1.538773327856956e-06
AB6PGH_REV_g.2094.peg.365-MONOMER,0.0,-1.6690358062568518e-06
AB6PGH_FWD_g.2094.peg.365-MONOMER,0.0,-5.225021405647728e-07
AB6PGH_REV_g.2094.peg.3350-MONOMER,0.0,-1.978087855792757e-06
AB6PGH_FWD_g.2094.peg.3350-MONOMER,0.0,-8.31554190100678e-07
AB6PGH2_REV_g.2094.peg.2781-MONOMER,0.0,-3.0167686074369405e-06
AB6PGH2_FWD_g.2094.peg.2781-MONOMER,0.0,-1.207311713969051e-06
AB6PGH2_REV_g.2094.peg.365-MONOMER,0.0,-2.000497420144757e-06
AB6PGH2_FWD_g.2094.peg.365-MONOMER,0.0,-1.9104052667686747e-07
AB6PGH2_REV_g.2094.peg.2073-MONOMER,0.0,-1.8094568934678896e-06
AB6PGH2_FWD_g.2094.peg.2073-MONOMER,0.0,3.125522570066623e-36
AB6PGH2_REV_g.2094.peg.3350-MONOMER,0.0,-2.3095494696806624e-06
AB6PGH2_FWD_g.2094.peg.3350-MONOMER,0.0,-5.000925762127726e-07
ABTDG_REV_g.2094.peg.549-MONOMER,0.0,-3.032434217989881e-06
ABTDG_FWD_g.2094.peg.549-MONOMER,0.0,-4.159344400347691e-38
ABUTD_REV_g.2094.peg.4633-MONOMER,0.0,-3.154359059929753e-06
ABUTD_FWD_g.2094.peg.4633-MONOMER,0.0,-2.2953019591698584e-06
ABUTD_REV_g.2094.peg.404-MONOMER,0.0,-3.105480133489088e-06
ABUTD_FWD_g.2094.peg.404-MONOMER,0.0,-2.246423032729193e-06
ABUTD_REV_g.2094.peg.2854-MONOMER,0.0,-2.411830333063149e-06
ABUTD_FWD_g.2094.peg.2854-MONOMER,0.0,-1.5527732323032546e-06
ABUTR_REV_g.2094.peg.404-MONOMER,0.0,-5.3519031662182815e-06
ABUTR_FWD_g.2094.peg.404-MONOMER,0.0,-3.063170289145359e-36
ACACCTr_REV_CPLX_ACACCTr-0,0.0,-5.805691303113374e-06
ACACCTr_FWD_CPLX_ACACCTr-0,1.7459616705772405,3.981714003451417e-35
ACACT1r_REV_g.2094.peg.2296-MONOMER,0.0,-7.605203870090686e-06
ACACT1r_FWD_g.2094.peg.2296-MONOMER,0.0,-1.6936187927369705e-06
ACACT1r_REV_g.2094.peg.1518-MONOMER,0.0,-6.517706078174323e-06
ACACT1r_FWD_g.2094.peg.1518-MONOMER,0.0,-6.061210008206077e-07
ACACT1r_REV_g.2094.peg.3483-MONOMER,0.0,-5.911585077353715e-06
ACACT1r_FWD_g.2094.peg.3483-MONOMER,1.7459616705772405,-1.65160300418744e-35
ACACT2r_REV_g.2094.peg.2296-MONOMER,0.0,-1.6936187927369705e-06
ACACT2r_FWD_g.2094.peg.2296-MONOMER,0.0,-7.605203870090686e-06
ACACT2r_REV_g.2094.peg.1518-MONOMER,0.0,-6.061210008206077e-07
ACACT2r_FWD_g.2094.peg.1518-MONOMER,0.0,-6.517706078174323e-06
ACACT2r_REV_g.2094.peg.3483-MONOMER,0.0,1.1009764716741117e-36
ACACT2r_FWD_g.2094.peg.3483-MONOMER,0.0,-5.911585077353715e-06
ACACT3r_REV_g.2094.peg.1518-MONOMER,0.0,-6.061210008206077e-07
ACACT3r_FWD_g.2094.peg.1518-MONOMER,0.0,-6.517706078174323e-06
ACACT3r_REV_g.2094.peg.3483-MONOMER,0.0,-7.571330505205045e-36
ACACT3r_FWD_g.2094.peg.3483-MONOMER,0.0,-5.911585077353715e-06
ACACT4r_REV_g.2094.peg.1518-MONOMER,0.0,-6.061210008206077e-07
ACACT4r_FWD_g.2094.peg.1518-MONOMER,0.0,-6.517706078174323e-06
ACACT4r_REV_g.2094.peg.3483-MONOMER,0.0,9.773283448553269e-36
ACACT4r_FWD_g.2094.peg.3483-MONOMER,0.0,-5.911585077353715e-06
ACACT5r_REV_g.2094.peg.1518-MONOMER,0.0,-6.061210008206077e-07
ACACT5r_FWD_g.2094.peg.1518-MONOMER,0.0,-6.517706078174323e-06
ACACT5r_REV_g.2094.peg.3483-MONOMER,0.0,1.1009764716741117e-36
ACACT5r_FWD_g.2094.peg.3483-MONOMER,0.0,-5.911585077353715e-06
ACACT6r_REV_g.2094.peg.1518-MONOMER,0.0,-6.061210008206077e-07
ACACT6r_FWD_g.2094.peg.1518-MONOMER,0.0,-6.517706078174323e-06
ACACT6r_REV_g.2094.peg.3483-MONOMER,0.0,-7.571330505205045e-36
ACACT6r_FWD_g.2094.peg.3483-MONOMER,0.0,-5.911585077353715e-06
ACACT7r_REV_g.2094.peg.1518-MONOMER,0.0,-6.517706078174323e-06
ACACT7r_FWD_g.2094.peg.1518-MONOMER,0.0,-6.061210008206077e-07
ACACT7r_REV_g.2094.peg.3483-MONOMER,0.0,-5.911585077353715e-06
ACACT7r_FWD_g.2094.peg.3483-MONOMER,0.0,-7.571330505205045e-36
ACACt2_REV_g.2094.peg.2527-MONOMER,1.7459616705772405,8.184752639466919e-37
ACACt2_FWD_g.2094.peg.2527-MONOMER,0.0,-3.681613031719177e-06
ACALD_REV_g.2094.peg.1105-MONOMER_mod_fe2(1),0.0,-4.181144449843816e-06
ACALD_FWD_g.2094.peg.1105-MONOMER_mod_fe2(1),0.0,-8.424544621147525e-06
ACALD_REV_g.2094.peg.1720-MONOMER,3.527835878297797,2.1505394483447254e-35
ACALD_FWD_g.2094.peg.1720-MONOMER,0.0,-4.2434001713037085e-06
ACALDt_REV_CPLX_dummy,0.0,1.1929908540197401e-37
ACALDt_FWD_CPLX_dummy,0.0,-3.5850072839868364e-06
ACBIPGT_REV_527012.3.peg.411-MONOMER,0.0,-2.480197648841479e-06
ACBIPGT_FWD_527012.3.peg.411-MONOMER,0.0,-1.013780838902939e-35
ACBIPGT_REV_527012.3.peg.144-MONOMER,0.0,-2.480197648841479e-06
ACBIPGT_FWD_527012.3.peg.144-MONOMER,0.0,-1.013780838902939e-35
ACCOAC_REV_527012.3.peg.2923-MONOMER,0.0,0.002685618181851469
ACCOAC_FWD_527012.3.peg.2923-MONOMER,0.0,-0.002688660814533027
ACCOAC_REV_527012.3.peg.4110-MONOMER,0.0,0.0026860252852798005
ACCOAC_FWD_527012.3.peg.4110-MONOMER,0.0,-0.002688253711104695
ACCOACL_REV_CPLX_ACCOACL-0,0.0,-3.531199159319689e-06
ACCOACL_FWD_CPLX_ACCOACL-0,0.0,-9.075897006379716e-36
ACCOAL_REV_g.2094.peg.2415-MONOMER,0.0,6.88664393860134e-06
ACCOAL_FWD_g.2094.peg.2415-MONOMER,0.0,-7.876847022493687e-06
ACCOAL_REV_g.2094.peg.2049-MONOMER,0.0,5.4545602253831616e-06
ACCOAL_FWD_g.2094.peg.2049-MONOMER,0.0,-9.308930735711866e-06
ACCOALYS2_REV_g.2094.peg.4633-MONOMER,0.0,-4.707132292233008e-06
ACCOALYS2_FWD_g.2094.peg.4633-MONOMER,0.0,-7.425287268666039e-07
ACCOALYS2_REV_g.2094.peg.2854-MONOMER,0.0,-3.964603565366404e-06
ACCOALYS2_FWD_g.2094.peg.2854-MONOMER,0.0,4.893195245907334e-36
ACGAMPM_REV_g.2094.peg.4084-MONOMER_mod_mn2(1),0.0,-4.217048246167935e-06
ACGAMPM_FWD_g.2094.peg.4084-MONOMER_mod_mn2(1),0.020981520420071995,-2.5579179107328663e-36
ACGAMT_REV_g.2094.peg.3844-MONOMER_mod_mg2(1),0.0,-1.9298751926381086e-06
ACGAMT_FWD_g.2094.peg.3844-MONOMER_mod_mg2(1),0.0,-3.8847224415274047e-35
ACGAMT_REV_g.2094.peg.1683-MONOMER,0.0,-2.6875126587669575e-06
ACGAMT_FWD_g.2094.peg.1683-MONOMER,0.0,-7.576374661288492e-07
ACGApts_REV_CPLX_ACGApts-0,0.0,-7.057043217835568e-06
ACGApts_FWD_CPLX_ACGApts-0,1.0,-1.1650731328274342e-36
ACGK_REV_527012.3.peg.3588-MONOMER_mod_mg2(1),0.0,-5.757150986897046e-06
ACGK_FWD_527012.3.peg.3588-MONOMER_mod_mg2(1),0.048712923843611214,2.1477017525958183e-36
ACGS_REV_527012.3.peg.3083-MONOMER,0.0,0.0080323400623101
ACGS_FWD_527012.3.peg.3083-MONOMER,0.0,-0.008037150517185745
ACHBPL_REV_527012.3.peg.1630-MONOMER,0.0,-1.8264418835812465e-06
ACHBPL_FWD_527012.3.peg.1630-MONOMER,0.0,-3.1080287933863113e-06
ACHBPL_REV_527012.3.peg.4254-MONOMER,0.0,-1.7832414817099908e-06
ACHBPL_FWD_527012.3.peg.4254-MONOMER,0.0,-3.0648283915150554e-06
ACHBPL_REV_527012.3.peg.546-MONOMER,0.0,-9.956832504429644e-07
ACHBPL_FWD_527012.3.peg.546-MONOMER,0.0,-2.277270160248029e-06
ACHBPL_REV_527012.3.peg.547-MONOMER,0.0,-7.029031715704679e-07
ACHBPL_FWD_527012.3.peg.547-MONOMER,0.0,-1.9844900813755326e-06
ACHBPL_REV_527012.3.peg.4255-MONOMER,1.9801493130597737e-22,-2.1380856229497782e-35
ACHBPL_FWD_527012.3.peg.4255-MONOMER,0.0,-1.2815869098050646e-06
ACHBPL_REV_527012.3.peg.1629-MONOMER,0.0,-2.0176423866087824e-07
ACHBPL_FWD_527012.3.peg.1629-MONOMER,0.0,-1.4833511484659428e-06
ACKr_REV_g.2094.peg.1467-MONOMER,13.868337078141622,5.483395145358668e-36
ACKr_FWD_g.2094.peg.1467-MONOMER,0.0,-5.118139225359698e-06
ACKr_REV_g.2094.peg.2222-MONOMER_mod_mg2(1),0.0,-1.616765970773834e-07
ACKr_FWD_g.2094.peg.2222-MONOMER_mod_mg2(1),0.0,-5.2798158224370815e-06
ACLS_a_REV_527012.3.peg.1630-MONOMER,0.0,0.0017791613072502379
ACLS_a_FWD_527012.3.peg.1630-MONOMER,0.0,-0.0017840957779272054
ACLS_a_REV_527012.3.peg.4254-MONOMER,0.0,0.001779204507652109
ACLS_a_FWD_527012.3.peg.4254-MONOMER,0.0,-0.0017840525775253341
ACLS_a_REV_527012.3.peg.546-MONOMER,0.0,0.0017799920658833762
ACLS_a_FWD_527012.3.peg.546-MONOMER,0.0,-0.0017832650192940672
ACLS_a_REV_527012.3.peg.547-MONOMER,0.0,0.0017802848459622486
ACLS_a_FWD_527012.3.peg.547-MONOMER,0.0,-0.0017829722392151946
ACLS_a_REV_527012.3.peg.4255-MONOMER,0.0,0.0017809877491338191
ACLS_a_FWD_527012.3.peg.4255-MONOMER,0.0,-0.0017822693360436243
ACLS_a_REV_527012.3.peg.1629-MONOMER,0.0,0.0017807859848951583
ACLS_a_FWD_527012.3.peg.1629-MONOMER,0.0,-0.0017824711002822852
ACLS_b_REV_527012.3.peg.1630-MONOMER,0.0,-1.8264418835812465e-06
ACLS_b_FWD_527012.3.peg.1630-MONOMER,0.0,-3.1080287933863113e-06
ACLS_b_REV_527012.3.peg.4254-MONOMER,0.0,-1.7832414817099908e-06
ACLS_b_FWD_527012.3.peg.4254-MONOMER,0.0,-3.0648283915150554e-06
ACLS_b_REV_527012.3.peg.546-MONOMER,0.0,-9.956832504429644e-07
ACLS_b_FWD_527012.3.peg.546-MONOMER,0.0,-2.277270160248029e-06
ACLS_b_REV_527012.3.peg.547-MONOMER,0.0,-7.029031715704679e-07
ACLS_b_FWD_527012.3.peg.547-MONOMER,0.0,-1.9844900813755326e-06
ACLS_b_REV_527012.3.peg.4255-MONOMER,1.026989256646963,-3.083524096491049e-36
ACLS_b_FWD_527012.3.peg.4255-MONOMER,0.0,-1.2815869098050646e-06
ACLS_b_REV_527012.3.peg.1629-MONOMER,0.0,-2.0176423866087824e-07
ACLS_b_FWD_527012.3.peg.1629-MONOMER,0.0,-1.4833511484659428e-06
ACNML_REV_g.2094.peg.3243-MONOMER,0.0,-2.559296214926811e-06
ACNML_FWD_g.2094.peg.3243-MONOMER,0.0,-8.244368445903646e-37
ACOAAGPAT140_REV_g.2094.peg.538-MONOMER,0.0,0.05718460707597872
ACOAAGPAT140_FWD_g.2094.peg.538-MONOMER,0.0,-0.05718792273004436
ACOAAGPAT160_REV_g.2094.peg.538-MONOMER,0.0,0.016097661110683368
ACOAAGPAT160_FWD_g.2094.peg.538-MONOMER,0.0,-0.01610097676474901
ACOAAGPAT180_REV_g.2094.peg.538-MONOMER,0.0,-3.3156540656421327e-06
ACOAAGPAT180_FWD_g.2094.peg.538-MONOMER,0.017865037738029395,1.013172879240419e-35
ACOAAGPATAI15_REV_g.2094.peg.538-MONOMER,0.0,-3.3156540656421327e-06
ACOAAGPATAI15_FWD_g.2094.peg.538-MONOMER,0.0,-2.654111161758283e-35
ACOAAGPATAI17_REV_g.2094.peg.538-MONOMER,0.0,-3.3156540656421327e-06
ACOAAGPATAI17_FWD_g.2094.peg.538-MONOMER,0.017865037738029395,-1.8032805496964052e-35
ACOAAGPATI14_REV_g.2094.peg.538-MONOMER,0.0,-3.3156540656421327e-06
ACOAAGPATI14_FWD_g.2094.peg.538-MONOMER,0.0,-8.500769003955499e-36
ACOAAGPATI15_REV_g.2094.peg.538-MONOMER,0.0,-3.3156540656421327e-06
ACOAAGPATI15_FWD_g.2094.peg.538-MONOMER,0.0,-2.654111161758283e-35
ACOAAGPATI16_REV_g.2094.peg.538-MONOMER,0.0,-3.3156540656421327e-06
ACOAAGPATI16_FWD_g.2094.peg.538-MONOMER,0.0,-8.500769003955499e-36
ACOAAGPATI17_REV_g.2094.peg.538-MONOMER,0.0,-3.3156540656421327e-06
ACOAAGPATI17_FWD_g.2094.peg.538-MONOMER,0.017865037738029395,-1.8032805496964052e-35
ACOAD1_REV_g.2094.peg.2953-MONOMER,0.0,-5.466828846237199e-06
ACOAD1_FWD_g.2094.peg.2953-MONOMER,0.0,-8.223147208057447e-36
ACOAD2_REV_g.2094.peg.2953-MONOMER,0.0,-5.466828846237199e-06
ACOAD2_FWD_g.2094.peg.2953-MONOMER,0.0,-1.6752397895371526e-35
ACOAD20_REV_g.2094.peg.2953-MONOMER,0.0,0.025032626723213467
ACOAD20_FWD_g.2094.peg.2953-MONOMER,0.0,-0.025038093552059704
ACOAD3rev_REV_g.2094.peg.2953-MONOMER,0.0,-5.466828846237199e-06
ACOAD3rev_FWD_g.2094.peg.2953-MONOMER,0.0,3.0610347925663324e-37
ACOAD4rev_REV_g.2094.peg.2953-MONOMER,0.0,-5.466828846237199e-06
ACOAD4rev_FWD_g.2094.peg.2953-MONOMER,0.0,8.835354166570714e-36
ACOAD5rev_REV_g.2094.peg.2953-MONOMER,0.0,-5.466828846237199e-06
ACOAD5rev_FWD_g.2094.peg.2953-MONOMER,0.0,-8.223147208057447e-36
ACOAD6rev_REV_g.2094.peg.2953-MONOMER,0.0,-5.466828846237199e-06
ACOAD6rev_FWD_g.2094.peg.2953-MONOMER,0.0,-1.6752397895371526e-35
ACOAD7i_REV_g.2094.peg.2953-MONOMER,0.0,0.01964382615088885
ACOAD7i_FWD_g.2094.peg.2953-MONOMER,0.0,-0.019649292979735087
ACOATA_REV_CPLX_3OAS100-1,0.0,-2.2483804774886106e-07
ACOATA_FWD_CPLX_3OAS100-1,0.0,-6.814263008371604e-06
ACOATA_REV_CPLX_3OAS100-0,0.0,6.666023414023838e-36
ACOATA_FWD_CPLX_3OAS100-0,0.0,-6.589424960622744e-06
ACOATA_REV_CPLX_3OAS100-2,0.0,-2.281075359840603e-07
ACOATA_FWD_CPLX_3OAS100-2,0.0,-6.817532496606804e-06
ACOCT_REV_527012.3.peg.820-MONOMER,0.0,-1.699119857711906e-06
ACOCT_FWD_527012.3.peg.820-MONOMER,0.0,7.939028285425157e-37
ACODAr_REV_g.2094.peg.535-MONOMER,0.0,-9.396004970866024e-07
ACODAr_FWD_g.2094.peg.535-MONOMER,0.0,-3.933748469661883e-06
ACODAr_REV_g.2094.peg.2199-MONOMER,0.0,1.8088361096088837e-36
ACODAr_FWD_g.2094.peg.2199-MONOMER,0.0,-2.994147972575281e-06
ACODAr_REV_g.2094.peg.1161-MONOMER,0.0,-5.809123393933845e-07
ACODAr_FWD_g.2094.peg.1161-MONOMER,0.0,-3.5750603119686656e-06
ACODAr_REV_g.2094.peg.1988-MONOMER,0.0,-7.956725580713372e-07
ACODAr_FWD_g.2094.peg.1988-MONOMER,0.0,-3.789820530646618e-06
ACONMT_REV_g.2094.peg.4063-MONOMER,0.0,-1.963058109741053e-06
ACONMT_FWD_g.2094.peg.4063-MONOMER,0.0,-8.403080474041798e-08
ACONMT_REV_g.2094.peg.1116-MONOMER,0.0,-1.8790273050006348e-06
ACONMT_FWD_g.2094.peg.1116-MONOMER,0.0,3.7195333382254284e-36
ACONT_REV_527012.3.peg.593-MONOMER,0.0,-2.82689930152933e-06
ACONT_FWD_527012.3.peg.593-MONOMER,0.0,-4.001580482268974e-37
ACONT_REV_527012.3.peg.2163-MONOMER_mod_4fe4s(1),0.0,-4.748906565156134e-06
ACONT_FWD_527012.3.peg.2163-MONOMER_mod_4fe4s(1),0.0,-1.9220072636268046e-06
ACONT_REV_527012.3.peg.594-MONOMER,0.0,-3.398032730776485e-06
ACONT_FWD_527012.3.peg.594-MONOMER,0.0,-5.711334292471554e-07
ACONTa_REV_g.2094.peg.4098-MONOMER,0.0,-1.413449650764665e-06
ACONTa_FWD_g.2094.peg.4098-MONOMER,0.0,-1.413449650764665e-06
ACONTa_REV_g.2094.peg.1697-MONOMER,0.0,-2.768423726635314e-06
ACONTa_FWD_g.2094.peg.1697-MONOMER,0.0,-2.768423726635314e-06
ACONTa_REV_g.2094.peg.4030-MONOMER_mod_4fe4s(1),0.0,-3.210273953077394e-06
ACONTa_FWD_g.2094.peg.4030-MONOMER_mod_4fe4s(1),0.0,-3.210273953077394e-06
ACONTb_REV_g.2094.peg.4098-MONOMER,0.0,-2.82689930152933e-06
ACONTb_FWD_g.2094.peg.4098-MONOMER,0.0,-8.442800396262558e-37
ACONTb_REV_g.2094.peg.1697-MONOMER,0.0,-4.181873377399979e-06
ACONTb_FWD_g.2094.peg.1697-MONOMER,0.0,-1.354974075870649e-06
ACONTb_REV_g.2094.peg.4030-MONOMER_mod_4fe4s(1),0.0,-4.623723603842059e-06
ACONTb_FWD_g.2094.peg.4030-MONOMER_mod_4fe4s(1),0.0,-1.7968243023127292e-06
ACOTA_REV_527012.3.peg.2837-MONOMER_mod_pydx5p(1),0.048712923843611214,-6.59290503892106e-36
ACOTA_FWD_527012.3.peg.2837-MONOMER_mod_pydx5p(1),0.0,-5.226083249307218e-06
ACPS1_REV_g.2094.peg.325-MONOMER_mod_mn2(1),0.0,-3.4861655262065772e-06
ACPS1_FWD_g.2094.peg.325-MONOMER_mod_mn2(1),0.0,1.0453306889677802e-35
ACPS1_REV_g.2094.peg.325-MONOMER_mod_mg2(1),0.0,-3.4998664201675616e-06
ACPS1_FWD_g.2094.peg.325-MONOMER_mod_mg2(1),0.0,-1.370089396098406e-08
ACPpds_REV_g.2094.peg.3934-MONOMER_mod_zn2(1)_mod_fe2(1)_mod_cobalt2(1)_mod_mg2(1)_mod_mn2(1),0.0,0.02414906967065364
ACPpds_FWD_g.2094.peg.3934-MONOMER_mod_zn2(1)_mod_fe2(1)_mod_cobalt2(1)_mod_mg2(1)_mod_mn2(1),0.0,-0.02414973284995469
ACS_REV_527012.3.peg.2923-MONOMER,0.0,0.008055543239370635
ACS_FWD_527012.3.peg.2923-MONOMER,0.0,-0.008058585872052191
ACS_REV_527012.3.peg.4110-MONOMER,0.0,0.008055950342798966
ACS_FWD_527012.3.peg.4110-MONOMER,0.0,-0.00805817876862386
ACYP_REV_g.2094.peg.926-MONOMER,0.0,0.008043375459499591
ACYP_FWD_g.2094.peg.926-MONOMER,0.0,-0.008044228358489761
ACYP_2_REV_g.2094.peg.926-MONOMER,0.0,0.008043436744636898
ACYP_2_FWD_g.2094.peg.926-MONOMER,0.0,-0.008044289643627068
ACtr_REV_CPLX_dummy,13.12237540756438,0.0
ACtr_FWD_CPLX_dummy,0.0,-3.5850072839868364e-06
ADA_REV_g.2094.peg.963-MONOMER,0.0,0.002062825151146275
ADA_FWD_g.2094.peg.963-MONOMER,0.0,-0.0020674743536768713
ADAD_REV_CPLX_dummy,0.0,-3.5850072839868364e-06
ADAD_FWD_CPLX_dummy,0.016624101467802528,6.824895352316383e-39
ADCL_REV_527012.3.peg.1325-MONOMER,0.0,-2.0977254601055923e-06
ADCL_FWD_527012.3.peg.1325-MONOMER,0.0,-4.660770557599916e-07
ADCL_REV_527012.3.peg.2838-MONOMER,0.0,-1.6316484043456009e-06
ADCL_FWD_527012.3.peg.2838-MONOMER,0.0,-1.6041648016270585e-37
ADCPS1_REV_g.2094.peg.3062-MONOMER,0.0,-3.3926333744162795e-06
ADCPS1_FWD_g.2094.peg.3062-MONOMER,0.0,4.835254785833563e-35
ADCPS1_REV_g.2094.peg.652-MONOMER,0.0,-3.3926333744162795e-06
ADCPS1_FWD_g.2094.peg.652-MONOMER,0.0,4.835254785833563e-35
ADCPS2_REV_527012.3.peg.128-MONOMER,0.0,-3.3926333744162795e-06
ADCPS2_FWD_527012.3.peg.128-MONOMER,0.0,-1.8864909164846683e-35
ADCPS2_REV_527012.3.peg.395-MONOMER,0.0,-3.3926333744162795e-06
ADCPS2_FWD_527012.3.peg.395-MONOMER,0.0,-1.8864909164846683e-35
ADCS_REV_527012.3.peg.1325-MONOMER,0.0,0.04613817621525919
ADCS_FWD_527012.3.peg.1325-MONOMER,0.0,-0.04614074001777506
ADCS_REV_527012.3.peg.2838-MONOMER,0.0,0.04613864229231495
ADCS_FWD_527012.3.peg.2838-MONOMER,0.0,-0.0461402739407193
ADCYRS_REV_527012.3.peg.410-MONOMER,0.0,-4.67184078025726e-06
ADCYRS_FWD_527012.3.peg.410-MONOMER,0.0,-1.8237891182457378e-08
ADCYRS_REV_527012.3.peg.143-MONOMER,0.0,-4.653602889074803e-06
ADCYRS_FWD_527012.3.peg.143-MONOMER,0.0,4.842212313926756e-35
ADK1_REV_527012.3.peg.1989-MONOMER_mod_mg2(1),0.0,-2.6362271614229126e-06
ADK1_FWD_527012.3.peg.1989-MONOMER_mod_mg2(1),2.3510386001390406,-3.92655106266337e-35
ADK10_REV_527012.3.peg.1989-MONOMER_mod_mg2(1),0.0,-1.4095735050324923e-06
ADK10_FWD_527012.3.peg.1989-MONOMER_mod_mg2(1),0.0,-1.2266536563904204e-06
ADK11_REV_527012.3.peg.1989-MONOMER_mod_mg2(1),0.0,-2.6362271614229126e-06
ADK11_FWD_527012.3.peg.1989-MONOMER_mod_mg2(1),0.0,7.29474302615839e-36
ADK2_REV_g.2094.peg.1634-MONOMER,0.0,3.7930856940078156e-36
ADK2_FWD_g.2094.peg.1634-MONOMER,0.0,-2.6699426807595034e-06
ADK3_REV_527012.3.peg.1989-MONOMER_mod_mg2(1),0.0,-1.4095735050324923e-06
ADK3_FWD_527012.3.peg.1989-MONOMER_mod_mg2(1),0.0,-1.2266536563904204e-06
ADK5_REV_527012.3.peg.1989-MONOMER_mod_mg2(1),0.0,-1.4095735050324923e-06
ADK5_FWD_527012.3.peg.1989-MONOMER_mod_mg2(1),0.0,-1.2266536563904204e-06
ADK7_REV_527012.3.peg.1989-MONOMER_mod_mg2(1),0.0,-1.4095735050324923e-06
ADK7_FWD_527012.3.peg.1989-MONOMER_mod_mg2(1),0.0,-1.2266536563904204e-06
ADK8_REV_527012.3.peg.1989-MONOMER_mod_mg2(1),0.0,-1.4095735050324923e-06
ADK8_FWD_527012.3.peg.1989-MONOMER_mod_mg2(1),0.0,-1.2266536563904204e-06
ADK9_REV_527012.3.peg.1989-MONOMER_mod_mg2(1),0.0,-1.4095735050324923e-06
ADK9_FWD_527012.3.peg.1989-MONOMER_mod_mg2(1),0.0,-1.2266536563904204e-06
ADMDCr_REV_g.2094.peg.4563-MONOMER,0.0,-2.2249939793389523e-06
ADMDCr_FWD_g.2094.peg.4563-MONOMER,0.0,4.456469522788897e-36
ADNCNT3tc_REV_g.2094.peg.2845-MONOMER,0.0,-3.4218307627177596e-06
ADNCNT3tc_FWD_g.2094.peg.2845-MONOMER,1.0,6.564694340064208e-37
ADNCNT3tc_REV_g.2094.peg.4014-MONOMER,0.0,-3.671729917264652e-06
ADNCNT3tc_FWD_g.2094.peg.4014-MONOMER,0.0,-2.4989915454689215e-07
ADNCNT3tc_REV_g.2094.peg.2416-MONOMER,0.0,-3.516958871955668e-06
ADNCNT3tc_FWD_g.2094.peg.2416-MONOMER,0.0,-9.512810923790792e-08
ADNCYC_REV_g.2094.peg.401-MONOMER,0.0,-1.5419753472068855e-06
ADNCYC_FWD_g.2094.peg.401-MONOMER,0.0,-8.552048475779966e-07
ADNCYC_REV_g.2094.peg.1060-MONOMER_mod_mg2(1),0.0,-6.867704996288889e-07
ADNCYC_FWD_g.2094.peg.1060-MONOMER_mod_mg2(1),0.0,-3.076354980359582e-37
ADNCYC_REV_g.2094.peg.2217-MONOMER,0.0,-1.285077254500768e-06
ADNCYC_FWD_g.2094.peg.2217-MONOMER,0.0,-5.983067548718792e-07
ADNK1_REV_g.2094.peg.4259-MONOMER,0.0,0.008044497024809211
ADNK1_FWD_g.2094.peg.4259-MONOMER,0.0,-0.00804815780151606
ADNUC_REV_g.2094.peg.2375-MONOMER,0.0,0.008043607786132565
ADNUC_FWD_g.2094.peg.2375-MONOMER,0.0,-0.008046909304069262
ADNUC_REV_g.2094.peg.1265-MONOMER,0.0,0.008043185594290313
ADNUC_FWD_g.2094.peg.1265-MONOMER,0.0,-0.008047331495911515
ADOCBIK_REV_g.2094.peg.3931-MONOMER,0.0,-3.3355472229305488e-06
ADOCBIK_FWD_g.2094.peg.3931-MONOMER,0.0,-8.5534957408907e-07
ADOCBIK_REV_g.2094.peg.390-MONOMER,0.0,-4.052602375043625e-06
ADOCBIK_FWD_g.2094.peg.390-MONOMER,0.0,-1.5724047262021467e-06
ADOCBIK_REV_g.2094.peg.952-MONOMER,0.0,-2.480197648841479e-06
ADOCBIK_FWD_g.2094.peg.952-MONOMER,0.0,2.666362321482299e-36
ADOCBIK2_REV_g.2094.peg.3931-MONOMER,0.0,-2.1088935665401283e-06
ADOCBIK2_FWD_g.2094.peg.3931-MONOMER,0.0,-2.0820032304794903e-06
ADOCBIK2_REV_g.2094.peg.390-MONOMER,0.0,-2.825948718653205e-06
ADOCBIK2_FWD_g.2094.peg.390-MONOMER,0.0,-2.7990583825925673e-06
ADOCBIK2_REV_g.2094.peg.952-MONOMER,0.0,-1.2535439924510582e-06
ADOCBIK2_FWD_g.2094.peg.952-MONOMER,0.0,-1.2266536563904204e-06
ADOCBLS_REV_527012.3.peg.412-MONOMER,0.0,-3.390593984370038e-06
ADOCBLS_FWD_527012.3.peg.412-MONOMER,0.0,1.0222300247981152e-36
ADOCBLS_REV_527012.3.peg.145-MONOMER,0.0,-3.964764996065812e-06
ADOCBLS_FWD_527012.3.peg.145-MONOMER,0.0,-5.741710116957734e-07
ADOCBLabc_REV_CPLX_ADOCBLabc-0,0.0,-6.09651639839983e-06
ADOCBLabc_FWD_CPLX_ADOCBLabc-0,0.0012988140814192341,-2.869119832197655e-37
ADPRDP_REV_g.2094.peg.429-MONOMER_mod_mg2(1),0.0,-2.547254630177465e-06
ADPRDP_FWD_g.2094.peg.429-MONOMER_mod_mg2(1),7.6409644316279246e-34,-1.7317202954435387e-36
ADPT_REV_g.2094.peg.3230-MONOMER_mod_mg2(1),0.0,0.016095259839393913
ADPT_FWD_g.2094.peg.3230-MONOMER_mod_mg2(1),0.0,-0.016099321675604645
ADPT_REV_g.2094.peg.3230-MONOMER_mod_mn2(1),0.0,0.01609527029805056
ADPT_FWD_g.2094.peg.3230-MONOMER_mod_mn2(1),0.0,-0.016099311216947996
ADSELK_REV_527012.3.peg.658-MONOMER,0.0,-3.714721106833029e-06
ADSELK_FWD_527012.3.peg.658-MONOMER,0.0,4.5312130520131176e-36
ADSK_REV_527012.3.peg.658-MONOMER,0.0,-3.714721106833029e-06
ADSK_FWD_527012.3.peg.658-MONOMER,-1.7979692359368827e-23,1.324066807831332e-35
ADSL1r_REV_527012.3.peg.1255-MONOMER,0.0,-3.388758263996784e-06
ADSL1r_FWD_527012.3.peg.1255-MONOMER,0.0,-2.385548655989824e-36
ADSL2r_REV_527012.3.peg.1255-MONOMER,0.0,1.6459505056921882e-36
ADSL2r_FWD_527012.3.peg.1255-MONOMER,0.0,-3.388758263996784e-06
ADSS_REV_527012.3.peg.3795-MONOMER_mod_mg2(1),0.0,0.013431462480994924
ADSS_FWD_527012.3.peg.3795-MONOMER_mod_mg2(1),0.0,-0.013437823902464114
AGDC_REV_g.2094.peg.1444-MONOMER_mod_zn2(1),0.0,-6.1175218412997e-06
AGDC_FWD_g.2094.peg.1444-MONOMER_mod_zn2(1),0.979018479579928,2.3345490282581046e-36
AGMD_REV_g.2094.peg.1581-MONOMER,0.0,-2.325995105492084e-06
AGMD_FWD_g.2094.peg.1581-MONOMER,0.0,-7.90720981154444e-37
AGMHE_REV_g.2094.peg.2866-MONOMER_mod_nadp(1),0.0,-4.71774947250582e-06
AGMHE_FWD_g.2094.peg.2866-MONOMER_mod_nadp(1),0.04196304084014399,4.166391239581792e-36
AGPAT120_REV_g.2094.peg.538-MONOMER,0.0,-3.541220289160207e-06
AGPAT120_FWD_g.2094.peg.538-MONOMER,0.0,-2.0277685983747863e-35
AGPAT140_REV_g.2094.peg.538-MONOMER,0.0,0.05718538567034241
AGPAT140_FWD_g.2094.peg.538-MONOMER,0.0,-0.057188934890177893
AGPAT141_REV_g.2094.peg.538-MONOMER,0.0,-3.4915629111653374e-06
AGPAT141_FWD_g.2094.peg.538-MONOMER,0.0,1.08464277568051e-36
AGPAT160_REV_g.2094.peg.538-MONOMER,0.0,0.016096685781574943
AGPAT160_FWD_g.2094.peg.538-MONOMER,0.0,-0.01610019817038532
AGPAT161_REV_g.2094.peg.538-MONOMER,0.0,-3.477133027549243e-06
AGPAT161_FWD_g.2094.peg.538-MONOMER,3.1790324707667454e-24,1.08464277568051e-36
AGPAT180_REV_g.2094.peg.538-MONOMER,0.0,-3.5492180211833258e-06
AGPAT180_FWD_g.2094.peg.538-MONOMER,0.0,1.1765807155394696e-35
AGPAT181_REV_g.2094.peg.538-MONOMER,0.0,-3.4915629111653374e-06
AGPAT181_FWD_g.2094.peg.538-MONOMER,3.1790324707667454e-24,1.08464277568051e-36
AGPR_REV_527012.3.peg.3587-MONOMER,0.048712923843611214,8.412767383678278e-36
AGPR_FWD_527012.3.peg.3587-MONOMER,0.0,-3.930863606354824e-06
AGTi_REV_g.2094.peg.3081-MONOMER,0.0,-4.610867201221167e-06
AGTi_FWD_g.2094.peg.3081-MONOMER,1.8155232779069037,-1.0386257278312523e-35
AHC_REV_g.2094.peg.678-MONOMER,0.0,-2.559678778834267e-06
AHC_FWD_g.2094.peg.678-MONOMER,0.0018267628169440055,1.142325669884953e-36
AHCYSNS_r_REV_g.2094.peg.4111-MONOMER,0.0,-5.377643111207383e-06
AHCYSNS_r_FWD_g.2094.peg.4111-MONOMER,0.0,-1.7035352636150846e-36
AHEXASE3_REV_g.2094.peg.383-MONOMER,0.0,-1.9464446809143192e-07
AHEXASE3_FWD_g.2094.peg.383-MONOMER,0.0,-4.27771997150412e-06
AHEXASE3_REV_g.2094.peg.782-MONOMER,0.0,2.4840669919998496e-38
AHEXASE3_FWD_g.2094.peg.782-MONOMER,0.0,-4.0830755034126885e-06
AHMMPS_REV_g.2094.peg.3754-MONOMER,0.0,-2.851682451449519e-06
AHMMPS_FWD_g.2094.peg.3754-MONOMER,0.0,-2.880102099024993e-35
AHSERL2_REV_527012.3.peg.1277-MONOMER,0.0,1.9827972231650474e-06
AHSERL2_FWD_527012.3.peg.1277-MONOMER,0.0,-4.082339898857508e-06
AHSERL2_REV_527012.3.peg.1276-MONOMER,0.0,8.018688146319095e-07
AHSERL2_FWD_527012.3.peg.1276-MONOMER,0.0,-5.263268307390645e-06
AHSERL3_REV_527012.3.peg.1277-MONOMER,0.0018267628169440055,4.594318508268112e-35
AHSERL3_FWD_527012.3.peg.1277-MONOMER,0.0,-3.253910620086706e-06
AHSERL3_REV_527012.3.peg.1276-MONOMER,0.0,-1.180928408533138e-06
AHSERL3_FWD_527012.3.peg.1276-MONOMER,0.0,-4.4348390286198435e-06
AICART_REV_527012.3.peg.4664-MONOMER,0.0,-9.180639371867227e-36
AICART_FWD_527012.3.peg.4664-MONOMER,0.0,-3.892370534060191e-06
AIHPDCOATA_REV_g.2094.peg.638-MONOMER,0.0,-1.6603438051455522e-06
AIHPDCOATA_FWD_g.2094.peg.638-MONOMER,0.03573007547605879,-4.228600476127058e-38
AIHPDCOATA_REV_g.2094.peg.342-MONOMER,0.0,-4.42006834362943e-06
AIHPDCOATA_FWD_g.2094.peg.342-MONOMER,0.0,-2.7597245384838776e-06
AIHPDCOATA_REV_g.2094.peg.697-MONOMER,0.0,-2.4373512980177745e-06
AIHPDCOATA_FWD_g.2094.peg.697-MONOMER,0.0,-7.770074928722221e-07
AIHPDCOATA_REV_g.2094.peg.407-MONOMER,0.0,-4.036450994664599e-06
AIHPDCOATA_FWD_g.2094.peg.407-MONOMER,0.0,-2.376107189519047e-06
AIHPDCOATA_REV_g.2094.peg.3940-MONOMER,0.0,-4.036450994664599e-06
AIHPDCOATA_FWD_g.2094.peg.3940-MONOMER,0.0,-2.376107189519047e-06
AIHPDCOATA_REV_g.2094.peg.483-MONOMER,0.0,-3.06853680379521e-06
AIHPDCOATA_FWD_g.2094.peg.483-MONOMER,0.0,-1.4081929986496577e-06
AIHPDCOATA_REV_g.2094.peg.3050-MONOMER,0.0,-1.6603438051455522e-06
AIHPDCOATA_FWD_g.2094.peg.3050-MONOMER,0.0,-4.557174161772066e-38
AIHPDCOATA_REV_g.2094.peg.3616-MONOMER,0.0,-3.06853680379521e-06
AIHPDCOATA_FWD_g.2094.peg.3616-MONOMER,0.0,-1.4081929986496577e-06
AIHPDCOATA_REV_g.2094.peg.3146-MONOMER,0.0,-4.42006834362943e-06
AIHPDCOATA_FWD_g.2094.peg.3146-MONOMER,0.0,-2.7597245384838776e-06
AIPDCOATA_REV_g.2094.peg.638-MONOMER,0.0,-1.6603438051455522e-06
AIPDCOATA_FWD_g.2094.peg.638-MONOMER,0.0,-1.8766986059049303e-35
AIPDCOATA_REV_g.2094.peg.342-MONOMER,0.0,-4.42006834362943e-06
AIPDCOATA_FWD_g.2094.peg.342-MONOMER,0.0,-2.7597245384838776e-06
AIPDCOATA_REV_g.2094.peg.697-MONOMER,0.0,-2.4373512980177745e-06
AIPDCOATA_FWD_g.2094.peg.697-MONOMER,0.0,-7.770074928722221e-07
AIPDCOATA_REV_g.2094.peg.407-MONOMER,0.0,-4.036450994664599e-06
AIPDCOATA_FWD_g.2094.peg.407-MONOMER,0.0,-2.376107189519047e-06
AIPDCOATA_REV_g.2094.peg.3940-MONOMER,0.0,-4.036450994664599e-06
AIPDCOATA_FWD_g.2094.peg.3940-MONOMER,0.0,-2.376107189519047e-06
AIPDCOATA_REV_g.2094.peg.483-MONOMER,0.0,-3.06853680379521e-06
AIPDCOATA_FWD_g.2094.peg.483-MONOMER,0.0,-1.4081929986496577e-06
AIPDCOATA_REV_g.2094.peg.3050-MONOMER,0.0,-1.6603438051455522e-06
AIPDCOATA_FWD_g.2094.peg.3050-MONOMER,0.0,-1.8770271795905752e-35
AIPDCOATA_REV_g.2094.peg.3616-MONOMER,0.0,-3.06853680379521e-06
AIPDCOATA_FWD_g.2094.peg.3616-MONOMER,0.0,-1.4081929986496577e-06
AIPDCOATA_REV_g.2094.peg.3146-MONOMER,0.0,-4.42006834362943e-06
AIPDCOATA_FWD_g.2094.peg.3146-MONOMER,0.0,-2.7597245384838776e-06
AIRC4_REV_527012.3.peg.1961-MONOMER,0.0,0.008046509180547437
AIRC4_FWD_527012.3.peg.1961-MONOMER,0.0,-0.008052367996585057
AIRC4_REV_527012.3.peg.1962-MONOMER,0.0,0.008047880657224494
AIRC4_FWD_527012.3.peg.1962-MONOMER,0.0,-0.008050996519908
AKGS_REV_CPLX_dummy,0.0,0.0062560987613279025
AKGS_FWD_CPLX_dummy,0.0,-0.00625968376861189
AKGt2r_REV_g.2094.peg.2664-MONOMER,0.0,-2.901217765253696e-08
AKGt2r_FWD_g.2094.peg.2664-MONOMER,0.0,-4.222934561331616e-06
AKGt2r_REV_g.2094.peg.1276-MONOMER,0.0,1.7385475833330594e-36
AKGt2r_FWD_g.2094.peg.1276-MONOMER,0.0,-4.193922383679079e-06
AKP1_REV_g.2094.peg.802-MONOMER_mod_zn2(1)_mod_mg2(1),0.0,-7.727969733830617e-06
AKP1_FWD_g.2094.peg.802-MONOMER_mod_zn2(1)_mod_mg2(1),0.003896442244257702,-2.0881577778655255e-35
ALAALA_REV_CPLX_dummy,0.0,-3.5850072839868364e-06
ALAALA_FWD_CPLX_dummy,0.0,-1.914264602957822e-36
ALAASP1c_REV_g.2094.peg.1056-MONOMER,0.0,-4.042911342965247e-06
ALAASP1c_FWD_g.2094.peg.1056-MONOMER,0.0,-1.3342908647553628e-06
ALAASP1c_REV_g.2094.peg.2155-MONOMER,0.0,-3.0533821813463208e-06
ALAASP1c_FWD_g.2094.peg.2155-MONOMER,0.0,-3.4476170313643653e-07
ALAASP1c_REV_g.2094.peg.4088-MONOMER,0.0,-3.938385724541044e-06
ALAASP1c_FWD_g.2094.peg.4088-MONOMER,0.0,-1.2297652463311596e-06
ALAASP1c_REV_g.2094.peg.2955-MONOMER_mod_fe2(2),0.0,-2.708620478209884e-06
ALAASP1c_FWD_g.2094.peg.2955-MONOMER_mod_fe2(2),9.384292751278444e-26,3.1644435856540323e-36
ALAASP1c_REV_g.2094.peg.2790-MONOMER,0.0,-4.005104300434786e-06
ALAASP1c_FWD_g.2094.peg.2790-MONOMER,0.0,-1.2964838222249018e-06
ALAASP1c_REV_g.2094.peg.4101-MONOMER_mod_zn2(1),0.0,-5.407070494172996e-06
ALAASP1c_FWD_g.2094.peg.4101-MONOMER_mod_zn2(1),0.0,-2.6984500159631113e-06
ALAASPabc_REV_g.2094.peg.1255-MONOMER,0.0,-3.4365990859625486e-06
ALAASPabc_FWD_g.2094.peg.1255-MONOMER,0.0,-5.812535279073461e-07
ALAASPabc_REV_g.2094.peg.1402-MONOMER,0.0,-3.0434716103202707e-06
ALAASPabc_FWD_g.2094.peg.1402-MONOMER,0.0,-1.8812605226506835e-07
ALAASPabc_REV_g.2094.peg.1419-MONOMER,0.0,-3.319087575681426e-06
ALAASPabc_FWD_g.2094.peg.1419-MONOMER,0.0,-4.637420176262236e-07
ALAASPabc_REV_g.2094.peg.735-MONOMER,0.0,-3.0843756742122797e-06
ALAASPabc_FWD_g.2094.peg.735-MONOMER,0.0,-2.290301161570771e-07
ALAASPabc_REV_g.2094.peg.4205-MONOMER,0.0,-3.3302539211314796e-06
ALAASPabc_FWD_g.2094.peg.4205-MONOMER,0.0,-4.749083630762772e-07
ALAASPabc_REV_g.2094.peg.3235-MONOMER,0.0,-2.975240097563071e-06
ALAASPabc_FWD_g.2094.peg.3235-MONOMER,0.0,-1.198945395078688e-07
ALAASPabc_REV_g.2094.peg.1691-MONOMER,0.0,-2.8553455580552023e-06
ALAASPabc_FWD_g.2094.peg.1691-MONOMER,0.0,4.6718624757818814e-36
ALAASPabc_REV_g.2094.peg.1189-MONOMER,0.0,-3.3262519111949543e-06
ALAASPabc_FWD_g.2094.peg.1189-MONOMER,0.0,-4.709063531397521e-07
ALAASPabc_REV_g.2094.peg.4681-MONOMER,0.0,-3.1458398687432073e-06
ALAASPabc_FWD_g.2094.peg.4681-MONOMER,0.0,-2.904943106880048e-07
ALAASPabc_REV_g.2094.peg.1024-MONOMER,0.0,-3.0216515897951923e-06
ALAASPabc_FWD_g.2094.peg.1024-MONOMER,0.0,-1.6630603173998962e-07
ALACI_REV_g.2094.peg.3984-MONOMER,0.0,-4.047334668179771e-06
ALACI_FWD_g.2094.peg.3984-MONOMER,0.0,1.0247892265575881e-36
ALAGLN1c_REV_g.2094.peg.1056-MONOMER,0.0,-4.042911342965247e-06
ALAGLN1c_FWD_g.2094.peg.1056-MONOMER,0.0,-1.3342908647553628e-06
ALAGLN1c_REV_g.2094.peg.2155-MONOMER,0.0,-3.0533821813463208e-06
ALAGLN1c_FWD_g.2094.peg.2155-MONOMER,0.0,-3.4476170313643653e-07
ALAGLN1c_REV_g.2094.peg.4088-MONOMER,0.0,-3.938385724541044e-06
ALAGLN1c_FWD_g.2094.peg.4088-MONOMER,0.0,-1.2297652463311596e-06
ALAGLN1c_REV_g.2094.peg.2955-MONOMER_mod_fe2(2),0.0,-2.708620478209884e-06
ALAGLN1c_FWD_g.2094.peg.2955-MONOMER_mod_fe2(2),9.592146512637642e-24,-3.615964833301593e-36
ALAGLN1c_REV_g.2094.peg.2790-MONOMER,0.0,-4.005104300434786e-06
ALAGLN1c_FWD_g.2094.peg.2790-MONOMER,0.0,-1.2964838222249018e-06
ALAGLN1c_REV_g.2094.peg.4101-MONOMER_mod_zn2(1),0.0,-5.407070494172996e-06
ALAGLN1c_FWD_g.2094.peg.4101-MONOMER_mod_zn2(1),0.0,-2.6984500159631113e-06
ALAGLNabc_REV_g.2094.peg.1255-MONOMER,0.0,-3.4365990859625486e-06
ALAGLNabc_FWD_g.2094.peg.1255-MONOMER,0.0,-5.812535279073461e-07
ALAGLNabc_REV_g.2094.peg.1402-MONOMER,0.0,-3.0434716103202707e-06
ALAGLNabc_FWD_g.2094.peg.1402-MONOMER,0.0,-1.8812605226506835e-07
ALAGLNabc_REV_g.2094.peg.1419-MONOMER,0.0,-3.319087575681426e-06
ALAGLNabc_FWD_g.2094.peg.1419-MONOMER,0.0,-4.637420176262236e-07
ALAGLNabc_REV_g.2094.peg.735-MONOMER,0.0,-3.0843756742122797e-06
ALAGLNabc_FWD_g.2094.peg.735-MONOMER,0.0,-2.290301161570771e-07
ALAGLNabc_REV_g.2094.peg.4205-MONOMER,0.0,-3.3302539211314796e-06
ALAGLNabc_FWD_g.2094.peg.4205-MONOMER,0.0,-4.749083630762772e-07
ALAGLNabc_REV_g.2094.peg.3235-MONOMER,0.0,-2.975240097563071e-06
ALAGLNabc_FWD_g.2094.peg.3235-MONOMER,0.0,-1.198945395078688e-07
ALAGLNabc_REV_g.2094.peg.1691-MONOMER,0.0,-2.8553455580552023e-06
ALAGLNabc_FWD_g.2094.peg.1691-MONOMER,9.550499877389611e-24,5.526183253561821e-37
ALAGLNabc_REV_g.2094.peg.1189-MONOMER,0.0,-3.3262519111949543e-06
ALAGLNabc_FWD_g.2094.peg.1189-MONOMER,0.0,-4.709063531397521e-07
ALAGLNabc_REV_g.2094.peg.4681-MONOMER,0.0,-3.1458398687432073e-06
ALAGLNabc_FWD_g.2094.peg.4681-MONOMER,0.0,-2.904943106880048e-07
ALAGLNabc_REV_g.2094.peg.1024-MONOMER,0.0,-3.0216515897951923e-06
ALAGLNabc_FWD_g.2094.peg.1024-MONOMER,0.0,-1.6630603173998962e-07
ALAGLU1c_REV_g.2094.peg.1056-MONOMER,0.0,-4.042911342965247e-06
ALAGLU1c_FWD_g.2094.peg.1056-MONOMER,0.0,-1.3342908647553628e-06
ALAGLU1c_REV_g.2094.peg.2155-MONOMER,0.0,-3.0533821813463208e-06
ALAGLU1c_FWD_g.2094.peg.2155-MONOMER,0.0,-3.4476170313643653e-07
ALAGLU1c_REV_g.2094.peg.4088-MONOMER,0.0,-3.938385724541044e-06
ALAGLU1c_FWD_g.2094.peg.4088-MONOMER,0.0,-1.2297652463311596e-06
ALAGLU1c_REV_g.2094.peg.2955-MONOMER_mod_fe2(2),0.0,-2.708620478209884e-06
ALAGLU1c_FWD_g.2094.peg.2955-MONOMER_mod_fe2(2),9.33046212309509e-24,2.517706844038833e-36
ALAGLU1c_REV_g.2094.peg.2790-MONOMER,0.0,-4.005104300434786e-06
ALAGLU1c_FWD_g.2094.peg.2790-MONOMER,0.0,-1.2964838222249018e-06
ALAGLU1c_REV_g.2094.peg.4101-MONOMER_mod_zn2(1),0.0,-5.407070494172996e-06
ALAGLU1c_FWD_g.2094.peg.4101-MONOMER_mod_zn2(1),0.0,-2.6984500159631113e-06
ALAGLUabc_REV_g.2094.peg.1255-MONOMER,0.0,-3.4365990859625486e-06
ALAGLUabc_FWD_g.2094.peg.1255-MONOMER,0.0,-5.812535279073461e-07
ALAGLUabc_REV_g.2094.peg.1402-MONOMER,0.0,-3.0434716103202707e-06
ALAGLUabc_FWD_g.2094.peg.1402-MONOMER,0.0,-1.8812605226506835e-07
ALAGLUabc_REV_g.2094.peg.1419-MONOMER,0.0,-3.319087575681426e-06
ALAGLUabc_FWD_g.2094.peg.1419-MONOMER,0.0,-4.637420176262236e-07
ALAGLUabc_REV_g.2094.peg.735-MONOMER,0.0,-3.0843756742122797e-06
ALAGLUabc_FWD_g.2094.peg.735-MONOMER,0.0,-2.290301161570771e-07
ALAGLUabc_REV_g.2094.peg.4205-MONOMER,0.0,-3.3302539211314796e-06
ALAGLUabc_FWD_g.2094.peg.4205-MONOMER,0.0,-4.749083630762772e-07
ALAGLUabc_REV_g.2094.peg.3235-MONOMER,0.0,-2.975240097563071e-06
ALAGLUabc_FWD_g.2094.peg.3235-MONOMER,0.0,-1.198945395078688e-07
ALAGLUabc_REV_g.2094.peg.1691-MONOMER,0.0,-2.8553455580552023e-06
ALAGLUabc_FWD_g.2094.peg.1691-MONOMER,9.330462123152022e-24,4.6718624757818814e-36
ALAGLUabc_REV_g.2094.peg.1189-MONOMER,0.0,-3.3262519111949543e-06
ALAGLUabc_FWD_g.2094.peg.1189-MONOMER,0.0,-4.709063531397521e-07
ALAGLUabc_REV_g.2094.peg.4681-MONOMER,0.0,-3.1458398687432073e-06
ALAGLUabc_FWD_g.2094.peg.4681-MONOMER,0.0,-2.904943106880048e-07
ALAGLUabc_REV_g.2094.peg.1024-MONOMER,0.0,-3.0216515897951923e-06
ALAGLUabc_FWD_g.2094.peg.1024-MONOMER,0.0,-1.6630603173998962e-07
ALAGLY1c_REV_g.2094.peg.1056-MONOMER,0.0,-1.3342908647553628e-06
ALAGLY1c_FWD_g.2094.peg.1056-MONOMER,0.0,-4.042911342965247e-06
ALAGLY1c_REV_g.2094.peg.2155-MONOMER,0.0,-3.4476170313643653e-07
ALAGLY1c_FWD_g.2094.peg.2155-MONOMER,0.0,-3.0533821813463208e-06
ALAGLY1c_REV_g.2094.peg.4088-MONOMER,0.0,-1.2297652463311596e-06
ALAGLY1c_FWD_g.2094.peg.4088-MONOMER,0.0,-3.938385724541044e-06
ALAGLY1c_REV_g.2094.peg.2955-MONOMER_mod_fe2(2),3.470790980521564e-23,-2.33966661819586e-36
ALAGLY1c_FWD_g.2094.peg.2955-MONOMER_mod_fe2(2),0.0,-2.708620478209884e-06
ALAGLY1c_REV_g.2094.peg.2790-MONOMER,0.0,-1.2964838222249018e-06
ALAGLY1c_FWD_g.2094.peg.2790-MONOMER,0.0,-4.005104300434786e-06
ALAGLY1c_REV_g.2094.peg.4101-MONOMER_mod_zn2(1),0.0,-2.6984500159631113e-06
ALAGLY1c_FWD_g.2094.peg.4101-MONOMER_mod_zn2(1),0.0,-5.407070494172996e-06
ALAGLYabc_REV_g.2094.peg.1255-MONOMER,0.0,0.0009089068289223698
ALAGLYabc_FWD_g.2094.peg.1255-MONOMER,0.0,-0.0009129246815362396
ALAGLYabc_REV_g.2094.peg.1402-MONOMER,0.0,0.000909299956398012
ALAGLYabc_FWD_g.2094.peg.1402-MONOMER,0.0,-0.0009125315540605974
ALAGLYabc_REV_g.2094.peg.1419-MONOMER,0.0,0.0009090243404326508
ALAGLYabc_FWD_g.2094.peg.1419-MONOMER,0.0,-0.0009128071700259586
ALAGLYabc_REV_g.2094.peg.735-MONOMER,0.0,0.00090925905233412
ALAGLYabc_FWD_g.2094.peg.735-MONOMER,0.0,-0.0009125724581244894
ALAGLYabc_REV_g.2094.peg.4205-MONOMER,0.0,0.0009090131740872008
ALAGLYabc_FWD_g.2094.peg.4205-MONOMER,0.0,-0.0009128183363714086
ALAGLYabc_REV_g.2094.peg.3235-MONOMER,0.0,0.0009093681879107692
ALAGLYabc_FWD_g.2094.peg.3235-MONOMER,0.0,-0.0009124633225478402
ALAGLYabc_REV_g.2094.peg.1691-MONOMER,0.0,0.0009094880824502771
ALAGLYabc_FWD_g.2094.peg.1691-MONOMER,0.0,-0.0009123434280083323
ALAGLYabc_REV_g.2094.peg.1189-MONOMER,0.0,0.0009090171760971373
ALAGLYabc_FWD_g.2094.peg.1189-MONOMER,0.0,-0.0009128143343614721
ALAGLYabc_REV_g.2094.peg.4681-MONOMER,0.0,0.000909197588139589
ALAGLYabc_FWD_g.2094.peg.4681-MONOMER,0.0,-0.0009126339223190204
ALAGLYabc_REV_g.2094.peg.1024-MONOMER,0.0,0.0009093217764185371
ALAGLYabc_FWD_g.2094.peg.1024-MONOMER,0.0,-0.0009125097340400723
ALAHIS1c_REV_g.2094.peg.1056-MONOMER,0.0,-4.042911342965247e-06
ALAHIS1c_FWD_g.2094.peg.1056-MONOMER,0.0,-1.3342908647553628e-06
ALAHIS1c_REV_g.2094.peg.2155-MONOMER,0.0,-3.0533821813463208e-06
ALAHIS1c_FWD_g.2094.peg.2155-MONOMER,0.0,-3.4476170313643653e-07
ALAHIS1c_REV_g.2094.peg.4088-MONOMER,0.0,-3.938385724541044e-06
ALAHIS1c_FWD_g.2094.peg.4088-MONOMER,0.0,-1.2297652463311596e-06
ALAHIS1c_REV_g.2094.peg.2955-MONOMER_mod_fe2(2),0.0,-2.708620478209884e-06
ALAHIS1c_FWD_g.2094.peg.2955-MONOMER_mod_fe2(2),9.872964642036904e-24,2.3197742790698343e-36
ALAHIS1c_REV_g.2094.peg.2790-MONOMER,0.0,-4.005104300434786e-06
ALAHIS1c_FWD_g.2094.peg.2790-MONOMER,0.0,-1.2964838222249018e-06
ALAHIS1c_REV_g.2094.peg.4101-MONOMER_mod_zn2(1),0.0,-5.407070494172996e-06
ALAHIS1c_FWD_g.2094.peg.4101-MONOMER_mod_zn2(1),0.0,-2.6984500159631113e-06
ALAHISabc_REV_g.2094.peg.1255-MONOMER,0.0,-3.4365990859625486e-06
ALAHISabc_FWD_g.2094.peg.1255-MONOMER,0.0,-5.812535279073461e-07
ALAHISabc_REV_g.2094.peg.1402-MONOMER,0.0,-3.0434716103202707e-06
ALAHISabc_FWD_g.2094.peg.1402-MONOMER,0.0,-1.8812605226506835e-07
ALAHISabc_REV_g.2094.peg.1419-MONOMER,0.0,-3.319087575681426e-06
ALAHISabc_FWD_g.2094.peg.1419-MONOMER,0.0,-4.637420176262236e-07
ALAHISabc_REV_g.2094.peg.735-MONOMER,0.0,-3.0843756742122797e-06
ALAHISabc_FWD_g.2094.peg.735-MONOMER,0.0,-2.290301161570771e-07
ALAHISabc_REV_g.2094.peg.4205-MONOMER,0.0,-3.3302539211314796e-06
ALAHISabc_FWD_g.2094.peg.4205-MONOMER,0.0,-4.749083630762772e-07
ALAHISabc_REV_g.2094.peg.3235-MONOMER,0.0,-2.975240097563071e-06
ALAHISabc_FWD_g.2094.peg.3235-MONOMER,0.0,-1.198945395078688e-07
ALAHISabc_REV_g.2094.peg.1691-MONOMER,0.0,-2.8553455580552023e-06
ALAHISabc_FWD_g.2094.peg.1691-MONOMER,9.872964642176101e-24,6.037805853451359e-37
ALAHISabc_REV_g.2094.peg.1189-MONOMER,0.0,-3.3262519111949543e-06
ALAHISabc_FWD_g.2094.peg.1189-MONOMER,0.0,-4.709063531397521e-07
ALAHISabc_REV_g.2094.peg.4681-MONOMER,0.0,-3.1458398687432073e-06
ALAHISabc_FWD_g.2094.peg.4681-MONOMER,0.0,-2.904943106880048e-07
ALAHISabc_REV_g.2094.peg.1024-MONOMER,0.0,-3.0216515897951923e-06
ALAHISabc_FWD_g.2094.peg.1024-MONOMER,0.0,-1.6630603173998962e-07
ALALEU1c_REV_g.2094.peg.1056-MONOMER,0.0,-1.3342908647553628e-06
ALALEU1c_FWD_g.2094.peg.1056-MONOMER,0.0,-4.042911342965247e-06
ALALEU1c_REV_g.2094.peg.2155-MONOMER,0.0,-3.4476170313643653e-07
ALALEU1c_FWD_g.2094.peg.2155-MONOMER,0.0,-3.0533821813463208e-06
ALALEU1c_REV_g.2094.peg.4088-MONOMER,0.0,-1.2297652463311596e-06
ALALEU1c_FWD_g.2094.peg.4088-MONOMER,0.0,-3.938385724541044e-06
ALALEU1c_REV_g.2094.peg.2955-MONOMER_mod_fe2(2),1.1316217116745206e-23,2.7430415729320315e-36
ALALEU1c_FWD_g.2094.peg.2955-MONOMER_mod_fe2(2),0.0,-2.708620478209884e-06
ALALEU1c_REV_g.2094.peg.2790-MONOMER,0.0,-1.2964838222249018e-06
ALALEU1c_FWD_g.2094.peg.2790-MONOMER,0.0,-4.005104300434786e-06
ALALEU1c_REV_g.2094.peg.4101-MONOMER_mod_zn2(1),0.0,-2.6984500159631113e-06
ALALEU1c_FWD_g.2094.peg.4101-MONOMER_mod_zn2(1),0.0,-5.407070494172996e-06
ALALEUabc_REV_g.2094.peg.1255-MONOMER,0.0,-3.4365990859625486e-06
ALALEUabc_FWD_g.2094.peg.1255-MONOMER,0.0,-5.812535279073461e-07
ALALEUabc_REV_g.2094.peg.1402-MONOMER,0.0,-3.0434716103202707e-06
ALALEUabc_FWD_g.2094.peg.1402-MONOMER,0.0,-1.8812605226506835e-07
ALALEUabc_REV_g.2094.peg.1419-MONOMER,0.0,-3.319087575681426e-06
ALALEUabc_FWD_g.2094.peg.1419-MONOMER,0.0,-4.637420176262236e-07
ALALEUabc_REV_g.2094.peg.735-MONOMER,0.0,-3.0843756742122797e-06
ALALEUabc_FWD_g.2094.peg.735-MONOMER,0.0,-2.290301161570771e-07
ALALEUabc_REV_g.2094.peg.4205-MONOMER,0.0,-3.3302539211314796e-06
ALALEUabc_FWD_g.2094.peg.4205-MONOMER,0.0,-4.749083630762772e-07
ALALEUabc_REV_g.2094.peg.3235-MONOMER,0.0,-2.975240097563071e-06
ALALEUabc_FWD_g.2094.peg.3235-MONOMER,0.0,-1.198945395078688e-07
ALALEUabc_REV_g.2094.peg.1691-MONOMER,0.0,-2.8553455580552023e-06
ALALEUabc_FWD_g.2094.peg.1691-MONOMER,0.0,5.526183253561821e-37
ALALEUabc_REV_g.2094.peg.1189-MONOMER,0.0,-3.3262519111949543e-06
ALALEUabc_FWD_g.2094.peg.1189-MONOMER,0.0,-4.709063531397521e-07
ALALEUabc_REV_g.2094.peg.4681-MONOMER,0.0,-3.1458398687432073e-06
ALALEUabc_FWD_g.2094.peg.4681-MONOMER,0.0,-2.904943106880048e-07
ALALEUabc_REV_g.2094.peg.1024-MONOMER,0.0,-3.0216515897951923e-06
ALALEUabc_FWD_g.2094.peg.1024-MONOMER,0.0,-1.6630603173998962e-07
ALAR_REV_527012.3.peg.3193-MONOMER,1.0,1.770577435166515e-37
ALAR_FWD_527012.3.peg.3193-MONOMER,0.0,-4.495568840049469e-06
ALAR_REV_527012.3.peg.4575-MONOMER_mod_pydx5p(1),0.0,-6.849057393766489e-07
ALAR_FWD_527012.3.peg.4575-MONOMER_mod_pydx5p(1),0.0,-5.180474579426118e-06
ALATA_L_REV_527012.3.peg.3001-MONOMER,0.0,-6.602828702016539e-07
ALATA_L_FWD_527012.3.peg.3001-MONOMER,0.0,-3.004468167366572e-06
ALATHR1c_REV_g.2094.peg.1056-MONOMER,0.0,-4.042911342965247e-06
ALATHR1c_FWD_g.2094.peg.1056-MONOMER,0.0,-1.3342908647553628e-06
ALATHR1c_REV_g.2094.peg.2155-MONOMER,0.0,-3.0533821813463208e-06
ALATHR1c_FWD_g.2094.peg.2155-MONOMER,0.0,-3.4476170313643653e-07
ALATHR1c_REV_g.2094.peg.4088-MONOMER,0.0,-3.938385724541044e-06
ALATHR1c_FWD_g.2094.peg.4088-MONOMER,0.0,-1.2297652463311596e-06
ALATHR1c_REV_g.2094.peg.2955-MONOMER_mod_fe2(2),0.0,-2.708620478209884e-06
ALATHR1c_FWD_g.2094.peg.2955-MONOMER_mod_fe2(2),-4.9658549636078655e-27,3.994216492579976e-36
ALATHR1c_REV_g.2094.peg.2790-MONOMER,0.0,-4.005104300434786e-06
ALATHR1c_FWD_g.2094.peg.2790-MONOMER,0.0,-1.2964838222249018e-06
ALATHR1c_REV_g.2094.peg.4101-MONOMER_mod_zn2(1),0.0,-5.407070494172996e-06
ALATHR1c_FWD_g.2094.peg.4101-MONOMER_mod_zn2(1),0.0,-2.6984500159631113e-06
ALATHRabc_REV_g.2094.peg.1255-MONOMER,0.0,-3.4365990859625486e-06
ALATHRabc_FWD_g.2094.peg.1255-MONOMER,0.0,-5.812535279073461e-07
ALATHRabc_REV_g.2094.peg.1402-MONOMER,0.0,-3.0434716103202707e-06
ALATHRabc_FWD_g.2094.peg.1402-MONOMER,0.0,-1.8812605226506835e-07
ALATHRabc_REV_g.2094.peg.1419-MONOMER,0.0,-3.319087575681426e-06
ALATHRabc_FWD_g.2094.peg.1419-MONOMER,0.0,-4.637420176262236e-07
ALATHRabc_REV_g.2094.peg.735-MONOMER,0.0,-3.0843756742122797e-06
ALATHRabc_FWD_g.2094.peg.735-MONOMER,0.0,-2.290301161570771e-07
ALATHRabc_REV_g.2094.peg.4205-MONOMER,0.0,-3.3302539211314796e-06
ALATHRabc_FWD_g.2094.peg.4205-MONOMER,0.0,-4.749083630762772e-07
ALATHRabc_REV_g.2094.peg.3235-MONOMER,0.0,-2.975240097563071e-06
ALATHRabc_FWD_g.2094.peg.3235-MONOMER,0.0,-1.198945395078688e-07
ALATHRabc_REV_g.2094.peg.1691-MONOMER,0.0,-2.8553455580552023e-06
ALATHRabc_FWD_g.2094.peg.1691-MONOMER,0.0,5.526183253561821e-37
ALATHRabc_REV_g.2094.peg.1189-MONOMER,0.0,-3.3262519111949543e-06
ALATHRabc_FWD_g.2094.peg.1189-MONOMER,0.0,-4.709063531397521e-07
ALATHRabc_REV_g.2094.peg.4681-MONOMER,0.0,-3.1458398687432073e-06
ALATHRabc_FWD_g.2094.peg.4681-MONOMER,0.0,-2.904943106880048e-07
ALATHRabc_REV_g.2094.peg.1024-MONOMER,0.0,-3.0216515897951923e-06
ALATHRabc_FWD_g.2094.peg.1024-MONOMER,0.0,-1.6630603173998962e-07
ALAt2r_REV_CPLX_dummy,0.0,-3.5850072839868364e-06
ALAt2r_FWD_CPLX_dummy,1.0,1.2319234185429994e-37
ALCD19_REV_g.2094.peg.1105-MONOMER_mod_fe2(1),0.0,-6.486702879065619e-06
ALCD19_FWD_g.2094.peg.1105-MONOMER_mod_fe2(1),0.0,-6.118986191925723e-06
ALCD19_REV_g.2094.peg.4252-MONOMER,0.0,-2.241054449232868e-06
ALCD19_FWD_g.2094.peg.4252-MONOMER,0.0,-1.8733377620929717e-06
ALCD19_REV_g.2094.peg.1720-MONOMER,0.0,-2.3055584292218022e-06
ALCD19_FWD_g.2094.peg.1720-MONOMER,0.0,-1.9378417420819063e-06
ALCD19_REV_g.2094.peg.2788-MONOMER,0.0,-2.1606184491885923e-06
ALCD19_FWD_g.2094.peg.2788-MONOMER,0.0,-1.7929017620486962e-06
ALCD2x_REV_g.2094.peg.1105-MONOMER_mod_fe2(1),0.0,-4.3260844298770265e-06
ALCD2x_FWD_g.2094.peg.1105-MONOMER_mod_fe2(1),0.0,-8.279604641114315e-06
ALCD2x_REV_g.2094.peg.4252-MONOMER,0.0,-8.043600004427541e-08
ALCD2x_FWD_g.2094.peg.4252-MONOMER,0.0,-4.033956211281564e-06
ALCD2x_REV_g.2094.peg.1720-MONOMER,0.0,-1.4493998003321e-07
ALCD2x_FWD_g.2094.peg.1720-MONOMER,0.0,-4.098460191270498e-06
ALCD2x_REV_g.2094.peg.2788-MONOMER,0.7328951613912756,-1.3407119876097226e-37
ALCD2x_FWD_g.2094.peg.2788-MONOMER,0.0,-3.953520211237289e-06
ALDD2x_REV_g.2094.peg.404-MONOMER,0.0,0.0080382856762604
ALDD2x_FWD_g.2094.peg.404-MONOMER,0.0,-0.008043637579426617
ALKP_REV_g.2094.peg.802-MONOMER_mod_zn2(1)_mod_mg2(1),0.0,0.008040285998745587
ALKP_FWD_g.2094.peg.802-MONOMER_mod_zn2(1)_mod_mg2(1),0.0,-0.00804801396847942
ALLTNt2r_REV_g.2094.peg.478-MONOMER,0.0,-3.852453655883354e-06
ALLTNt2r_FWD_g.2094.peg.478-MONOMER,0.0,-3.916929514702052e-37
ALPHNH_REV_CPLX_ALPHNH-0,0.0,-4.003606146477344e-06
ALPHNH_FWD_CPLX_ALPHNH-0,0.0,-4.5064227306971926e-37
AMALT1_REV_g.2094.peg.3078-MONOMER,0.0,-4.447162329862016e-06
AMALT1_FWD_g.2094.peg.3078-MONOMER,0.0,2.492945788253997e-37
AMALT2_REV_g.2094.peg.3078-MONOMER,0.0,-4.447162329862016e-06
AMALT2_FWD_g.2094.peg.3078-MONOMER,0.0,2.492945788253997e-37
AMALT3_REV_g.2094.peg.3078-MONOMER,0.0,-4.447162329862016e-06
AMALT3_FWD_g.2094.peg.3078-MONOMER,0.0,-9.748003753916723e-36
AMALT4_REV_g.2094.peg.3078-MONOMER,0.0,-4.447162329862016e-06
AMALT4_FWD_g.2094.peg.3078-MONOMER,0.0,5.9909756502884106e-36
AMANAPEr_REV_g.2094.peg.3405-MONOMER,0.0,-1.2153254299362226e-36
AMANAPEr_FWD_g.2094.peg.3405-MONOMER,0.0,-3.739467591789847e-06
AMANK_REV_g.2094.peg.3848-MONOMER,0.0,0.016099399681002758
AMANK_FWD_g.2094.peg.3848-MONOMER,0.0,-0.016103684747090674
AMANK_REV_g.2094.peg.3403-MONOMER,0.0,0.016100238448408986
AMANK_FWD_g.2094.peg.3403-MONOMER,0.0,-0.016102845979684446
AMAOTr_REV_527012.3.peg.2926-MONOMER_mod_pydx5p(1),0.0,-2.0793076605025306e-36
AMAOTr_FWD_527012.3.peg.2926-MONOMER_mod_pydx5p(1),0.0,-3.1817258041070882e-06
AMMQLT8_REV_CPLX_dummy,0.0,-3.5850072839868364e-06
AMMQLT8_FWD_CPLX_dummy,5.462930370229701e-22,1.4637268390907897e-34
AMMQT8r_REV_g.2094.peg.1796-MONOMER,0.0,-2.8995259081630016e-06
AMMQT8r_FWD_g.2094.peg.1796-MONOMER,0.0012988140814192341,2.4629026874097885e-34
AMOPBHL_REV_g.2094.peg.3036-MONOMER,0.0,-2.9305811442428627e-06
AMOPBHL_FWD_g.2094.peg.3036-MONOMER,0.0,1.1510756312901088e-36
AMPMS2_REV_527012.3.peg.4455-MONOMER,0.0,0.01160769748448581
AMPMS2_FWD_527012.3.peg.4455-MONOMER,0.0,-0.011610549166937259
AMPN_REV_g.2094.peg.36-MONOMER,0.0,-7.47948423936507e-06
AMPN_FWD_g.2094.peg.36-MONOMER,0.955244252782033,8.657831119616502e-35
AMPTASECG_REV_g.2094.peg.1056-MONOMER,0.0,-4.042911342965247e-06
AMPTASECG_FWD_g.2094.peg.1056-MONOMER,0.0,-1.3342908647553628e-06
AMPTASECG_REV_g.2094.peg.2155-MONOMER,0.0,-3.0533821813463208e-06
AMPTASECG_FWD_g.2094.peg.2155-MONOMER,0.0,-3.4476170313643653e-07
AMPTASECG_REV_g.2094.peg.4088-MONOMER,0.0,-3.938385724541044e-06
AMPTASECG_FWD_g.2094.peg.4088-MONOMER,0.0,-1.2297652463311596e-06
AMPTASECG_REV_g.2094.peg.2955-MONOMER_mod_fe2(2),0.0,-2.708620478209884e-06
AMPTASECG_FWD_g.2094.peg.2955-MONOMER_mod_fe2(2),1.0,-4.2096474840689435e-37
AMPTASECG_REV_g.2094.peg.2790-MONOMER,0.0,-4.005104300434786e-06
AMPTASECG_FWD_g.2094.peg.2790-MONOMER,0.0,-1.2964838222249018e-06
AMPTASECG_REV_g.2094.peg.4101-MONOMER_mod_zn2(1),0.0,-5.407070494172996e-06
AMPTASECG_FWD_g.2094.peg.4101-MONOMER_mod_zn2(1),0.0,-2.6984500159631113e-06
AMPTASEGC_REV_g.2094.peg.1056-MONOMER,0.0,-4.042911342965247e-06
AMPTASEGC_FWD_g.2094.peg.1056-MONOMER,0.0,-1.3342908647553628e-06
AMPTASEGC_REV_g.2094.peg.2155-MONOMER,0.0,-3.0533821813463208e-06
AMPTASEGC_FWD_g.2094.peg.2155-MONOMER,0.0,-3.4476170313643653e-07
AMPTASEGC_REV_g.2094.peg.4088-MONOMER,0.0,-3.938385724541044e-06
AMPTASEGC_FWD_g.2094.peg.4088-MONOMER,0.0,-1.2297652463311596e-06
AMPTASEGC_REV_g.2094.peg.2955-MONOMER_mod_fe2(2),0.0,-2.708620478209884e-06
AMPTASEGC_FWD_g.2094.peg.2955-MONOMER_mod_fe2(2),9.956588166001482e-24,-1.084656668912914e-36
AMPTASEGC_REV_g.2094.peg.2790-MONOMER,0.0,-4.005104300434786e-06
AMPTASEGC_FWD_g.2094.peg.2790-MONOMER,0.0,-1.2964838222249018e-06
AMPTASEGC_REV_g.2094.peg.4101-MONOMER_mod_zn2(1),0.0,-5.407070494172996e-06
AMPTASEGC_FWD_g.2094.peg.4101-MONOMER_mod_zn2(1),0.0,-2.6984500159631113e-06
AMPt2_REV_CPLX_dummy,0.0,-3.5850072839868364e-06
AMPt2_FWD_CPLX_dummy,1.0,5.9025073582299414e-37
ANPRT_REV_527012.3.peg.2186-MONOMER,0.0,-4.107179373279421e-06
ANPRT_FWD_527012.3.peg.2186-MONOMER,0.0,-2.0845219033580748e-36
ANS_REV_527012.3.peg.2185-MONOMER,0.0,0.06341051807974706
ANS_FWD_527012.3.peg.2185-MONOMER,0.0,-0.06341274585555415
ANS_REV_527012.3.peg.2184-MONOMER,0.0,0.06340962354002135
ANS_FWD_527012.3.peg.2184-MONOMER,0.0,-0.06341364039527987
ANS2_REV_527012.3.peg.2185-MONOMER,0.0,0.06341033002472624
ANS2_FWD_527012.3.peg.2185-MONOMER,0.0,-0.06341255780053333
ANS2_REV_527012.3.peg.2184-MONOMER,0.0,0.06340943548500053
ANS2_FWD_527012.3.peg.2184-MONOMER,0.0,-0.06341345234025905
AOXSr_REV_g.2094.peg.2335-MONOMER,0.0,-1.1395490545088024e-36
AOXSr_FWD_g.2094.peg.2335-MONOMER,0.0,-4.457452658004243e-06
AOXSr2_REV_527012.3.peg.2924-MONOMER,0.0,-5.5670402564528905e-06
AOXSr2_FWD_527012.3.peg.2924-MONOMER,0.0,-2.078399889497859e-36
AP4AH_REV_g.2094.peg.3950-MONOMER,0.0,-2.237199215393719e-06
AP4AH_FWD_g.2094.peg.3950-MONOMER,0.0,-4.586107029410665e-36
APRAUR_REV_527012.3.peg.4299-MONOMER,0.0,-5.472022330928397e-06
APRAUR_FWD_527012.3.peg.4299-MONOMER,0.0025977683196358116,5.46392403845125e-35
APSRmq_REV_527012.3.peg.653-MONOMER,0.0,0.009842897312180205
APSRmq_FWD_527012.3.peg.653-MONOMER,0.0,-0.009845441138052958
ARAI_REV_g.2094.peg.437-MONOMER,0.0,-3.4404902946020974e-06
ARAI_FWD_g.2094.peg.437-MONOMER,0.0,-1.085146513140694e-07
ARAI_REV_g.2094.peg.4407-MONOMER,0.0,-3.331975643288028e-06
ARAI_FWD_g.2094.peg.4407-MONOMER,0.17878295,-4.628285260781094e-37
ARAI_REV_g.2094.peg.488-MONOMER_mod_mn2(1),0.0,-4.470980547685814e-06
ARAI_FWD_g.2094.peg.488-MONOMER_mod_mn2(1),0.0,-1.139004904397786e-06
ARBTpts_REV_CPLX_ARBTpts-0,0.0,-5.2121128080715306e-06
ARBTpts_FWD_CPLX_ARBTpts-0,0.0,2.218344541018348e-36
ARBabc_REV_CPLX_ARBabc-0,0.0,-2.307271529871357e-06
ARBabc_FWD_CPLX_ARBabc-0,0.17878295,-1.7452535987147754e-36
ARGDA_REV_g.2094.peg.4368-MONOMER,0.0,0.016093697977516842
ARGDA_FWD_g.2094.peg.4368-MONOMER,0.0,-0.016096265106977623
ARGDC_REV_g.2094.peg.1565-MONOMER_mod_mg2(1)_mod_pydx5p(4),0.0,-2.487464163400147e-06
ARGDC_FWD_g.2094.peg.1565-MONOMER_mod_mg2(1)_mod_pydx5p(4),0.0,-8.540990380433279e-07
ARGDC_REV_g.2094.peg.1936-MONOMER,0.0,-1.6333651253568191e-06
ARGDC_FWD_g.2094.peg.1936-MONOMER,2.458789773112117e-26,-4.495133604319357e-36
ARGSL_REV_527012.3.peg.3589-MONOMER,0.07024690045253654,1.09184186720031e-34
ARGSL_FWD_527012.3.peg.3589-MONOMER,0.0,-4.8163062979712565e-06
ARGSSr_REV_527012.3.peg.148-MONOMER,0.07024690045253654,-3.806584147842434e-36
ARGSSr_FWD_527012.3.peg.148-MONOMER,0.0,-4.132195458897936e-06
ARGSSr_REV_527012.3.peg.415-MONOMER,0.0,-3.810209466078474e-36
ARGSSr_FWD_527012.3.peg.415-MONOMER,0.0,-4.132195458897936e-06
ARGabc_REV_g.2094.peg.595-MONOMER,0.0,0.004470326939344491
ARGabc_FWD_g.2094.peg.595-MONOMER,0.0,-0.004471982147748505
ARGabc_REV_g.2094.peg.536-MONOMER,0.0,0.004470156195292032
ARGabc_FWD_g.2094.peg.536-MONOMER,0.0,-0.004472152891800964
ARGabc_REV_g.2094.peg.102-MONOMER,0.0,0.004470444811157524
ARGabc_FWD_g.2094.peg.102-MONOMER,0.0,-0.004471864275935473
ARGabc_REV_g.2094.peg.840-MONOMER,0.0,0.004469931992924548
ARGabc_FWD_g.2094.peg.840-MONOMER,0.0,-0.004472377094168448
ARGt2_REV_CPLX_dummy,0.0,-3.5850072839868364e-06
ARGt2_FWD_CPLX_dummy,0.03233898978527148,-5.612367235662684e-37
AROH_REV_527012.3.peg.695-MONOMER,0.0,0.0008786234936786658
AROH_FWD_527012.3.peg.695-MONOMER,0.0,-0.0008814097915958849
ASAD_REV_527012.3.peg.4608-MONOMER,0.0,1.1571985651542641e-35
ASAD_FWD_527012.3.peg.4608-MONOMER,0.0,-4.406541420245038e-06
ASAD_REV_527012.3.peg.2970-MONOMER,0.0,-3.9025113286076766e-07
ASAD_FWD_527012.3.peg.2970-MONOMER,0.0,-4.796792553105805e-06
ASNS1_REV_527012.3.peg.1907-MONOMER_mod_mg2(1),0.0,0.016096479438154083
ASNS1_FWD_527012.3.peg.1907-MONOMER_mod_mg2(1),0.0,-0.01610052366530343
ASNS2_REV_CPLX_dummy,0.0,0.016096520993065945
ASNS2_FWD_CPLX_dummy,0.0,-0.01610010600034993
ASNt2r_REV_CPLX_dummy,0.0,-3.5850072839868364e-06
ASNt2r_FWD_CPLX_dummy,0.225,2.824479817673899e-37
ASO3t_REV_g.2094.peg.1497-MONOMER,0.0,0.0
ASO3t_FWD_g.2094.peg.1497-MONOMER,0.0,-3.752284602840909e-06
ASO4t_REV_g.2094.peg.1497-MONOMER,0.0,0.0
ASO4t_FWD_g.2094.peg.1497-MONOMER,0.0,-3.752284602840909e-06
ASP1DC_REV_527012.3.peg.611-MONOMER,0.0,0.023268045665116945
ASP1DC_FWD_527012.3.peg.611-MONOMER,0.0,-0.023269479618992884
ASPCT_REV_527012.3.peg.3663-MONOMER,0.0,0.04134744026859306
ASPCT_FWD_527012.3.peg.3663-MONOMER,0.0,-0.041352530743498594
ASPKi_REV_527012.3.peg.3720-MONOMER,0.0,0.010733829761035074
ASPKi_FWD_527012.3.peg.3720-MONOMER,0.0,-0.010739750372449609
ASPKi_REV_527012.3.peg.3215-MONOMER,0.0,0.010733975462181942
ASPKi_FWD_527012.3.peg.3215-MONOMER,0.0,-0.01073960467130274
ASPKi_REV_527012.3.peg.3583-MONOMER,0.0,0.010732949452467935
ASPKi_FWD_527012.3.peg.3583-MONOMER,0.0,-0.010740630681016747
ASPO1_REV_g.2094.peg.544-MONOMER,0.0,0.014294324084911839
ASPO1_FWD_g.2094.peg.544-MONOMER,0.0,-0.014297808854521239
ASPO5_REV_CPLX_dummy,0.0,0.026768855782603667
ASPO5_FWD_CPLX_dummy,0.0,-0.026772440789887653
ASPO6_REV_g.2094.peg.544-MONOMER,0.0,0.04106337785374544
ASPO6_FWD_g.2094.peg.544-MONOMER,0.0,-0.04106686262335484
ASPO7_REV_527012.3.peg.1835-MONOMER_mod_fad(1),0.0,-3.1195784766240316e-06
ASPO7_FWD_527012.3.peg.1835-MONOMER_mod_fad(1),0.0,-1.1517191828628795e-35
ASPT_REV_527012.3.peg.3720-MONOMER,0.0,5.91003949130232e-07
ASPT_FWD_527012.3.peg.3720-MONOMER,0.0,-6.511615363665258e-06
ASPT_REV_527012.3.peg.3215-MONOMER,0.0,7.367050959976977e-07
ASPT_FWD_527012.3.peg.3215-MONOMER,0.0,-6.365914216797793e-06
ASPT_REV_527012.3.peg.3583-MONOMER,0.0,-2.8930461800860776e-07
ASPT_FWD_527012.3.peg.3583-MONOMER,0.0,-7.391923930804098e-06
ASPTA_REV_527012.3.peg.3152-MONOMER,0.0,-4.14408110312194e-06
ASPTA_FWD_527012.3.peg.3152-MONOMER,0.0,-5.4492769286320495e-08
ASPTA_REV_527012.3.peg.2419-MONOMER_mod_pydx5p(1),0.0,-4.521699527088603e-06
ASPTA_FWD_527012.3.peg.2419-MONOMER_mod_pydx5p(1),0.0,-4.3211119325298355e-07
ASPTA_REV_527012.3.peg.2446-MONOMER,0.0,-4.396224420778784e-06
ASPTA_FWD_527012.3.peg.2446-MONOMER,0.0,-3.066360869431641e-07
ASPTA_REV_527012.3.peg.2529-MONOMER,0.0,-4.396224420778784e-06
ASPTA_FWD_527012.3.peg.2529-MONOMER,0.0,-3.066360869431641e-07
ASPTA_REV_527012.3.peg.1714-MONOMER,0.0,-4.2892941368473485e-06
ASPTA_FWD_527012.3.peg.1714-MONOMER,0.0,-1.9970580301172895e-07
ASPTA_REV_527012.3.peg.2080-MONOMER,0.0,-4.08958833383562e-06
ASPTA_FWD_527012.3.peg.2080-MONOMER,0.3040410736128689,2.551110280717362e-35
ASPTA_REV_527012.3.peg.2964-MONOMER,0.0,-4.4082303740009265e-06
ASPTA_FWD_527012.3.peg.2964-MONOMER,0.0,-3.1864204016530673e-07
ASPabc_REV_CPLX_ASPabc-0,0.0,0.0044688188622195105
ASPabc_FWD_CPLX_ASPabc-0,0.0,-0.004472911675573571
ASPabc_REV_CPLX_ASPabc-1,0.0,0.00446867897924207
ASPabc_FWD_CPLX_ASPabc-1,0.0,-0.0044730515585510115
ASPt2_REV_g.2094.peg.2944-MONOMER,0.0,-4.163556583901748e-06
ASPt2_FWD_g.2094.peg.2944-MONOMER,0.225,1.955509547053861e-36
ASPt2_3_REV_g.2094.peg.2051-MONOMER,0.0,0.007143052926906813
ASPt2_3_FWD_g.2094.peg.2051-MONOMER,0.0,-0.007146684382733969
AST_REV_g.2094.peg.1923-MONOMER,0.0,0.024136370452250762
AST_FWD_g.2094.peg.1923-MONOMER,0.0,-0.02413869059578994
ATPPRT_REV_527012.3.peg.80-MONOMER,0.0,-2.6423850943967513e-06
ATPPRT_FWD_527012.3.peg.80-MONOMER,0.0,-9.266013469233975e-37
ATPPRT_REV_527012.3.peg.352-MONOMER,0.0,-2.686796630021409e-06
ATPPRT_FWD_527012.3.peg.352-MONOMER,0.0,-4.44115356246574e-08
ATPPRT_REV_527012.3.peg.347-MONOMER,0.0,-2.6423850943967513e-06
ATPPRT_FWD_527012.3.peg.347-MONOMER,0.0,-9.266013469233975e-37
ATPPRT_REV_527012.3.peg.85-MONOMER,0.0,-2.686796630021409e-06
ATPPRT_FWD_527012.3.peg.85-MONOMER,0.0,-4.44115356246574e-08
ATPS4_REV_CPLX_dummy,0.0,0.006245686098838028
ATPS4_FWD_CPLX_dummy,0.0,-0.006249271106122015
BACCLi_REV_g.2094.peg.3033-MONOMER,0.0,-2.8183828948517217e-06
BACCLi_FWD_g.2094.peg.3033-MONOMER,0.0,-1.0927308096958028e-35
BAMPPALDOX_REV_g.2094.peg.404-MONOMER,0.0,-5.3519031662182815e-06
BAMPPALDOX_FWD_g.2094.peg.404-MONOMER,0.0,2.395955644232841e-36
BGLA_REV_g.2094.peg.917-MONOMER,0.0,1.5998246394439285e-06
BGLA_FWD_g.2094.peg.917-MONOMER,0.0,-4.157130424369417e-06
BGLA_REV_g.2094.peg.3350-MONOMER,0.0,1.473656508959955e-06
BGLA_FWD_g.2094.peg.3350-MONOMER,0.0,-4.28329855485339e-06
BGLA_REV_g.2094.peg.2291-MONOMER,0.0,1.6997210548299817e-06
BGLA_FWD_g.2094.peg.2291-MONOMER,0.0,-4.057234008983363e-06
BGLA1_REV_g.2094.peg.2781-MONOMER,0.0,-3.207809134113808e-06
BGLA1_FWD_g.2094.peg.2781-MONOMER,0.0,-1.0162711872921833e-06
BGLA1_REV_g.2094.peg.365-MONOMER,0.0,-2.1915379468216244e-06
BGLA1_FWD_g.2094.peg.365-MONOMER,0.07449289,-1.7268418431007947e-36
BGLA1_REV_g.2094.peg.3350-MONOMER,0.0,-2.5005899963575296e-06
BGLA1_FWD_g.2094.peg.3350-MONOMER,0.0,-3.0905204953590515e-07
BGLAr_REV_g.2094.peg.917-MONOMER,0.0,-2.457409369539435e-06
BGLAr_FWD_g.2094.peg.917-MONOMER,0.0,-9.989641538605328e-08
BGLAr_REV_g.2094.peg.3350-MONOMER,0.0,-2.5835775000234084e-06
BGLAr_FWD_g.2094.peg.3350-MONOMER,0.0,-2.2606454587002658e-07
BGLAr_REV_g.2094.peg.2291-MONOMER,0.0,-2.3575129541533816e-06
BGLAr_FWD_g.2094.peg.2291-MONOMER,2.1448505449124238e-23,-3.776229687349592e-37
BPNT_REV_g.2094.peg.3328-MONOMER_mod_mg2(1),0.0,-3.478432047927477e-06
BPNT_FWD_g.2094.peg.3328-MONOMER_mod_mg2(1),-1.7979692359368827e-23,-1.9342140602821353e-36
BSORx_REV_g.2094.peg.3452-MONOMER,0.0,-4.825540024582867e-06
BSORx_FWD_g.2094.peg.3452-MONOMER,0.0,-3.5212777378167796e-35
BSORy_REV_g.2094.peg.3452-MONOMER,0.0,-2.5791169918536736e-06
BSORy_FWD_g.2094.peg.3452-MONOMER,0.0,-2.246423032729193e-06
BTNCLi_REV_CPLX_BTNCLi-0,0.0,0.0026873142044121666
BTNCLi_FWD_CPLX_BTNCLi-0,0.0,-0.0026904959911316488
BTND1_REV_g.2094.peg.2199-MONOMER,0.0,-2.994147972575281e-06
BTND1_FWD_g.2094.peg.2199-MONOMER,0.0,1.3575568637034561e-36
BTS4_REV_527012.3.peg.2925-MONOMER_mod_4fe4s(1)_mod_2fe2s(1),0.0,-0.10530890605398396
BTS4_FWD_527012.3.peg.2925-MONOMER_mod_4fe4s(1)_mod_2fe2s(1),0.0,1.3491209770336256e-35
BUTCTr_REV_CPLX_ACACCTr-0,0.0,4.513841674887703e-36
BUTCTr_FWD_CPLX_ACACCTr-0,0.0,-5.805691303113374e-06
BUTt2_REV_g.2094.peg.2527-MONOMER,0.0,0.004466983093171746
BUTt2_FWD_g.2094.peg.2527-MONOMER,0.0,-0.0044706647062034656
BZDIOLDH_REV_g.2094.peg.338-MONOMER,0.0,-5.3383930402872515e-06
BZDIOLDH_FWD_g.2094.peg.338-MONOMER,0.0,1.172167744014319e-36
CAt4i_REV_g.2094.peg.1036-MONOMER,0.0,-4.649531666019161e-06
CAt4i_FWD_g.2094.peg.1036-MONOMER,1.5300785626293578e-07,4.119092013072817e-37
CBIAT_REV_g.2094.peg.1064-MONOMER,0.0,-1.590577200438818e-36
CBIAT_FWD_g.2094.peg.1064-MONOMER,0.0,-1.5984143395796226e-06
CBL1abc_REV_CPLX_CBL1abc-0,0.0,-6.568188529583999e-06
CBL1abc_FWD_CPLX_CBL1abc-0,0.0,-3.627521136172602e-36
CBL2D_REV_g.2094.peg.145-MONOMER,0.0,-4.85100698649789e-06
CBL2D_FWD_g.2094.peg.145-MONOMER,0.0,-6.716188617240057e-07
CBL2D_REV_g.2094.peg.3572-MONOMER,0.0,-4.179388124773884e-06
CBL2D_FWD_g.2094.peg.3572-MONOMER,0.0,-1.9097385742149375e-35
CBL2abc_REV_CPLX_ADOCBLabc-0,0.0,0.002672733207229652
CBL2abc_FWD_CPLX_ADOCBLabc-0,0.0,-0.0026788297236280518
CBPS_REV_527012.3.peg.3742-MONOMER,0.0,0.016091620746739574
CBPS_FWD_527012.3.peg.3742-MONOMER,0.0,-0.016097383434326294
CBPS_REV_527012.3.peg.3741-MONOMER,0.0,0.016093019891695214
CBPS_FWD_527012.3.peg.3741-MONOMER,0.0,-0.016095984289370653
CCOuq_REV_CPLX_dummy,0.0,-2.8671081449898117e-06
CCOuq_FWD_CPLX_dummy,0.0,-7.178991389970247e-07
CD2abc1_REV_g.2094.peg.1251-MONOMER,0.0,0.004474075245043377
CD2abc1_FWD_g.2094.peg.1251-MONOMER,0.0,-0.004480209888906826
CD2abc1_REV_g.2094.peg.1368-MONOMER,0.0,0.0044752188361604295
CD2abc1_FWD_g.2094.peg.1368-MONOMER,0.0,-0.004479066297789774
CD2abc1_REV_g.2094.peg.1739-MONOMER,0.0,0.004473506639550767
CD2abc1_FWD_g.2094.peg.1739-MONOMER,0.0,-0.004480778494399437
CD2t6r_REV_g.2094.peg.2608-MONOMER,0.0,3.4329671470982464e-37
CD2t6r_FWD_g.2094.peg.2608-MONOMER,0.0,-2.885085520673077e-06
CDAPPA120_REV_g.2094.peg.1071-MONOMER,0.0,0.01609842473454527
CDAPPA120_FWD_g.2094.peg.1071-MONOMER,0.0,-0.0161005161813008
CDAPPA120_REV_g.2094.peg.4609-MONOMER,0.0,0.016098656214700885
CDAPPA120_FWD_g.2094.peg.4609-MONOMER,0.0,-0.016100284701145186
CDAPPA140_REV_g.2094.peg.1071-MONOMER,0.0,-1.8599665999169884e-06
CDAPPA140_FWD_g.2094.peg.1071-MONOMER,0.0,-2.3148015561431185e-07
CDAPPA140_REV_g.2094.peg.4609-MONOMER,0.0,-1.6284864443026765e-06
CDAPPA140_FWD_g.2094.peg.4609-MONOMER,0.0,2.4089981561946395e-36
CDAPPA141_REV_g.2094.peg.1071-MONOMER,0.0,-1.8599665999169884e-06
CDAPPA141_FWD_g.2094.peg.1071-MONOMER,0.0,-2.3148015561431185e-07
CDAPPA141_REV_g.2094.peg.4609-MONOMER,0.0,-1.6284864443026765e-06
CDAPPA141_FWD_g.2094.peg.4609-MONOMER,0.0,-1.5221797114441027e-36
CDAPPA160_REV_g.2094.peg.1071-MONOMER,0.0,0.01609842473454527
CDAPPA160_FWD_g.2094.peg.1071-MONOMER,0.0,-0.0161005161813008
CDAPPA160_REV_g.2094.peg.4609-MONOMER,0.0,0.016098656214700885
CDAPPA160_FWD_g.2094.peg.4609-MONOMER,0.0,-0.016100284701145186
CDAPPA161_REV_g.2094.peg.1071-MONOMER,0.0,0.01609842473454527
CDAPPA161_FWD_g.2094.peg.1071-MONOMER,0.0,-0.0161005161813008
CDAPPA161_REV_g.2094.peg.4609-MONOMER,0.0,0.016098656214700885
CDAPPA161_FWD_g.2094.peg.4609-MONOMER,0.0,-0.016100284701145186
CDAPPA180_REV_g.2094.peg.1071-MONOMER,0.0,0.01609842473454527
CDAPPA180_FWD_g.2094.peg.1071-MONOMER,0.0,-0.0161005161813008
CDAPPA180_REV_g.2094.peg.4609-MONOMER,0.0,0.016098656214700885
CDAPPA180_FWD_g.2094.peg.4609-MONOMER,0.0,-0.016100284701145186
CDAPPA181_REV_g.2094.peg.1071-MONOMER,0.0,-1.8599665999169884e-06
CDAPPA181_FWD_g.2094.peg.1071-MONOMER,0.0,-2.3148015561431185e-07
CDAPPA181_REV_g.2094.peg.4609-MONOMER,0.0,-1.6284864443026765e-06
CDAPPA181_FWD_g.2094.peg.4609-MONOMER,-3.1790324707667454e-24,-1.5221797114441027e-36
CDOSKT_REV_g.2094.peg.2258-MONOMER,0.0,-4.611060284322102e-06
CDOSKT_FWD_g.2094.peg.2258-MONOMER,0.010490760210035997,1.2423420671325533e-35
CDPEAS_REV_g.2094.peg.4177-MONOMER,0.0,-2.3471337719084314e-36
CDPEAS_FWD_g.2094.peg.4177-MONOMER,0.0,-2.5780865347812934e-06
CDPGHL_REV_g.2094.peg.3826-MONOMER,0.0,-5.292392017663527e-06
CDPGHL_FWD_g.2094.peg.3826-MONOMER,0.0,-3.2722824175891085e-38
CDPGHL_REV_g.2094.peg.1031-MONOMER,0.0,-5.292392017663527e-06
CDPGHL_FWD_g.2094.peg.1031-MONOMER,0.0,-2.94091204618768e-38
CDPMEK_REV_g.2094.peg.1184-MONOMER_mod_mg2(1),0.0,-4.7079904536638626e-06
CDPMEK_FWD_g.2094.peg.1184-MONOMER_mod_mg2(1),0.13617938761310372,1.1631629190244463e-35
CELBpts_REV_CPLX_CELBpts-1,0.0,-2.1928571586847847e-06
CELBpts_FWD_CPLX_CELBpts-1,0.0,-1.0802137424444229e-06
CELBpts_REV_CPLX_CELBpts-3,0.0,-2.124928150565106e-06
CELBpts_FWD_CPLX_CELBpts-3,0.0,-1.0122847343247443e-06
CELBpts_REV_g.2094.peg.3517-MONOMER,0.0,-1.3208533749655098e-06
CELBpts_FWD_g.2094.peg.3517-MONOMER,0.0,-2.082099587251478e-07
CELBpts_REV_g.2094.peg.2675-MONOMER,0.0,-1.1126434162403618e-06
CELBpts_FWD_g.2094.peg.2675-MONOMER,0.07449289,3.071633000367305e-36
CELBpts_REV_CPLX_CELBpts-0,0.0,-2.3497806932261757e-06
CELBpts_FWD_CPLX_CELBpts-0,0.0,-1.2371372769858139e-06
CELBpts_REV_CPLX_CELBpts-2,0.0,-2.281073713140991e-06
CELBpts_FWD_CPLX_CELBpts-2,0.0,-1.1684302969006293e-06
CELLBK_REV_g.2094.peg.153-MONOMER_mod_mg2(1),0.0,2.1575554672781434e-06
CELLBK_FWD_g.2094.peg.153-MONOMER_mod_mg2(1),0.0,-5.5774175860224305e-06
CGLYabc_REV_g.2094.peg.1255-MONOMER,0.0,-3.4365990859625486e-06
CGLYabc_FWD_g.2094.peg.1255-MONOMER,0.0,-5.812535279073461e-07
CGLYabc_REV_g.2094.peg.1402-MONOMER,0.0,-3.0434716103202707e-06
CGLYabc_FWD_g.2094.peg.1402-MONOMER,0.0,-1.8812605226506835e-07
CGLYabc_REV_g.2094.peg.1419-MONOMER,0.0,-3.319087575681426e-06
CGLYabc_FWD_g.2094.peg.1419-MONOMER,0.0,-4.637420176262236e-07
CGLYabc_REV_g.2094.peg.735-MONOMER,0.0,-3.0843756742122797e-06
CGLYabc_FWD_g.2094.peg.735-MONOMER,0.0,-2.290301161570771e-07
CGLYabc_REV_g.2094.peg.4205-MONOMER,0.0,-3.3302539211314796e-06
CGLYabc_FWD_g.2094.peg.4205-MONOMER,0.0,-4.749083630762772e-07
CGLYabc_REV_g.2094.peg.3235-MONOMER,0.0,-2.975240097563071e-06
CGLYabc_FWD_g.2094.peg.3235-MONOMER,0.0,-1.198945395078688e-07
CGLYabc_REV_g.2094.peg.1691-MONOMER,0.0,-2.8553455580552023e-06
CGLYabc_FWD_g.2094.peg.1691-MONOMER,1.0,1.2236836601703853e-37
CGLYabc_REV_g.2094.peg.1189-MONOMER,0.0,-3.3262519111949543e-06
CGLYabc_FWD_g.2094.peg.1189-MONOMER,0.0,-4.709063531397521e-07
CGLYabc_REV_g.2094.peg.4681-MONOMER,0.0,-3.1458398687432073e-06
CGLYabc_FWD_g.2094.peg.4681-MONOMER,0.0,-2.904943106880048e-07
CGLYabc_REV_g.2094.peg.1024-MONOMER,0.0,-3.0216515897951923e-06
CGLYabc_FWD_g.2094.peg.1024-MONOMER,0.0,-1.6630603173998962e-07
CHOLD_REV_g.2094.peg.1105-MONOMER_mod_fe2(1),0.0,-8.279604641114315e-06
CHOLD_FWD_g.2094.peg.1105-MONOMER_mod_fe2(1),0.0,-4.3260844298770265e-06
CHOLD_REV_g.2094.peg.4252-MONOMER,0.0,-4.033956211281564e-06
CHOLD_FWD_g.2094.peg.4252-MONOMER,0.0,-8.043600004427541e-08
CHOLD_REV_g.2094.peg.1720-MONOMER,0.0,-4.098460191270498e-06
CHOLD_FWD_g.2094.peg.1720-MONOMER,0.0,-1.4493998003321e-07
CHOLD_REV_g.2094.peg.2788-MONOMER,0.0,-3.953520211237289e-06
CHOLD_FWD_g.2094.peg.2788-MONOMER,0.0,9.896168620872678e-36
CHORM_REV_527012.3.peg.4492-MONOMER,0.0,0.04257191535714523
CHORM_FWD_527012.3.peg.4492-MONOMER,0.0,-0.04257589332177815
CHORM_REV_527012.3.peg.4493-MONOMER,0.0,0.04257166047893433
CHORM_FWD_527012.3.peg.4493-MONOMER,0.0,-0.04257614819998906
CHORS_REV_527012.3.peg.4058-MONOMER_mod_fmnh2(1),0.0,-6.9592088766510446e-06
CHORS_FWD_527012.3.peg.4058-MONOMER_mod_fmnh2(1),0.0,-6.80511040439266e-08
CHORS_REV_527012.3.peg.4058-MONOMER_mod_fadh2(1),0.0,-6.8911577726071175e-06
CHORS_FWD_527012.3.peg.4058-MONOMER_mod_fadh2(1),0.0025976281628384682,-1.913447272651731e-35
CHRPL_REV_CPLX_dummy,0.0,0.043466110979213934
CHRPL_FWD_CPLX_dummy,0.0,-0.04346969598649792
CITL_REV_g.2094.peg.1623-MONOMER,0.0,0.008035658758197188
CITL_FWD_g.2094.peg.1623-MONOMER,0.0,-0.008036774058267603
CITL_REV_g.2094.peg.1150-MONOMER,0.0,0.008035658758197188
CITL_FWD_g.2094.peg.1150-MONOMER,0.0,-0.008036774058267603
CITL_REV_g.2094.peg.1996-MONOMER,0.0,0.008033702481386497
CITL_FWD_g.2094.peg.1996-MONOMER,0.0,-0.008038730335078292
CITL_REV_g.2094.peg.1970-MONOMER,0.0,0.008034379017175705
CITL_FWD_g.2094.peg.1970-MONOMER,0.0,-0.008038053799289086
CITL_REV_g.2094.peg.1702-MONOMER,0.0,0.008034326374461
CITL_FWD_g.2094.peg.1702-MONOMER,0.0,-0.008038106442003791
CITL_REV_g.2094.peg.1282-MONOMER,0.0,0.008033077605633996
CITL_FWD_g.2094.peg.1282-MONOMER,0.0,-0.008039355210830795
CITRH_REV_g.2094.peg.2348-MONOMER,0.0,-3.5084722179259564e-06
CITRH_FWD_g.2094.peg.2348-MONOMER,0.07024690045253654,1.1305919221535961e-35
CITt7_REV_g.2094.peg.1775-MONOMER,0.0,-3.6723073665187537e-06
CITt7_FWD_g.2094.peg.1775-MONOMER,0.0,-2.7801654405403143e-08
CITt7_REV_g.2094.peg.1253-MONOMER,0.0,-3.6445057121133508e-06
CITt7_FWD_g.2094.peg.1253-MONOMER,1.0,-5.988864071861271e-37
CLPNS140_REV_g.2094.peg.1344-MONOMER,0.0,5.274399657136555e-37
CLPNS140_FWD_g.2094.peg.1344-MONOMER,0.0,-3.546307824635993e-06
CLPNS160_REV_g.2094.peg.1344-MONOMER,0.0,5.274399657136555e-37
CLPNS160_FWD_g.2094.peg.1344-MONOMER,0.0,-3.546307824635993e-06
CLPNS180_REV_g.2094.peg.1344-MONOMER,0.0,-3.546307824635993e-06
CLPNS180_FWD_g.2094.peg.1344-MONOMER,0.004466259434507349,-3.9191413342764994e-35
CLPNSAI15_REV_g.2094.peg.1344-MONOMER,0.0,1.065185355414939e-35
CLPNSAI15_FWD_g.2094.peg.1344-MONOMER,0.0,-3.546307824635993e-06
CLPNSAI17_REV_g.2094.peg.1344-MONOMER,0.0,-3.546307824635993e-06
CLPNSAI17_FWD_g.2094.peg.1344-MONOMER,0.004466259434507349,-6.411304679122219e-35
CLPNSI14_REV_g.2094.peg.1344-MONOMER,0.0,5.274399657136555e-37
CLPNSI14_FWD_g.2094.peg.1344-MONOMER,0.0,-3.546307824635993e-06
CLPNSI15_REV_g.2094.peg.1344-MONOMER,0.0,3.5573487002606585e-35
CLPNSI15_FWD_g.2094.peg.1344-MONOMER,0.0,-3.546307824635993e-06
CLPNSI16_REV_g.2094.peg.1344-MONOMER,0.0,5.274399657136555e-37
CLPNSI16_FWD_g.2094.peg.1344-MONOMER,0.0,-3.546307824635993e-06
CLPNSI17_REV_g.2094.peg.1344-MONOMER,0.0,-3.546307824635993e-06
CLPNSI17_FWD_g.2094.peg.1344-MONOMER,0.004466259434507349,-3.9191413342764994e-35
CO2t_REV_CPLX_dummy,4.04627142289266,0.0
CO2t_FWD_CPLX_dummy,0.0,-3.5850072839868364e-06
COBALTt5_REV_g.2094.peg.1351-MONOMER,0.0012992531232771914,0.0
COBALTt5_FWD_g.2094.peg.1351-MONOMER,0.0,-3.123158783407042e-06
COBALTt5_REV_g.2094.peg.204-MONOMER,0.0,-4.467362635936258e-07
COBALTt5_FWD_g.2094.peg.204-MONOMER,0.0,-3.5698950470006677e-06
CPC2MT_REV_527012.3.peg.405-MONOMER,0.0,-2.6253366546156577e-06
CPC2MT_FWD_527012.3.peg.405-MONOMER,0.0,2.407154031769905e-36
CPC2MT_REV_527012.3.peg.138-MONOMER,0.0,-2.6253366546156577e-06
CPC2MT_FWD_527012.3.peg.138-MONOMER,0.0,2.404094090204096e-36
CPC3MT_REV_527012.3.peg.134-MONOMER,0.0,-2.7068783560420032e-06
CPC3MT_FWD_527012.3.peg.134-MONOMER,0.0,-4.4736810736500183e-07
CPC3MT_REV_527012.3.peg.135-MONOMER,0.0,-2.2595102486770013e-06
CPC3MT_FWD_527012.3.peg.135-MONOMER,0.0,1.5033137409387048e-36
CPC3MT_REV_527012.3.peg.402-MONOMER,0.0,-2.2595102486770013e-06
CPC3MT_FWD_527012.3.peg.402-MONOMER,0.0,1.5145855845229434e-36
CPC3MT_REV_527012.3.peg.401-MONOMER,0.0,-2.779549700533707e-06
CPC3MT_FWD_527012.3.peg.401-MONOMER,0.0,-5.200394518567055e-07
CPC4MT_REV_527012.3.peg.400-MONOMER,0.0,-2.694330695358557e-06
CPC4MT_FWD_527012.3.peg.400-MONOMER,0.0,2.6854486584121127e-36
CPC4MT_REV_527012.3.peg.133-MONOMER,0.0,-2.694330695358557e-06
CPC4MT_FWD_527012.3.peg.133-MONOMER,0.0,2.6929578482822194e-36
CPC5MT1_REV_g.2094.peg.3637-MONOMER,0.0,-3.2269178078987086e-06
CPC5MT1_FWD_g.2094.peg.3637-MONOMER,0.0,-7.267134449170366e-08
CPC5MT1_REV_g.2094.peg.380-MONOMER,0.0,-3.154246463407005e-06
CPC5MT1_FWD_g.2094.peg.380-MONOMER,0.0,-8.558741310298967e-36
CPC5MT2_REV_g.2094.peg.908-MONOMER,0.0,-3.584404129530335e-06
CPC5MT2_FWD_g.2094.peg.908-MONOMER,0.0,-7.047376671422705e-36
CPC5MT2_REV_g.2094.peg.3849-MONOMER,0.0,-3.584404129530335e-06
CPC5MT2_FWD_g.2094.peg.3849-MONOMER,0.0,-7.043577223129276e-36
CPC6MT_REV_527012.3.peg.132-MONOMER,0.0,-2.7733351530499293e-06
CPC6MT_FWD_527012.3.peg.132-MONOMER,0.0,1.0122341398000641e-35
CPC6MT_REV_527012.3.peg.399-MONOMER,0.0,-2.7733351530499293e-06
CPC6MT_FWD_527012.3.peg.399-MONOMER,0.0,1.0123035243696674e-35
CPC6R_REV_527012.3.peg.136-MONOMER,0.0,-2.920679718508047e-06
CPC6R_FWD_527012.3.peg.136-MONOMER,0.0,-3.460541807735164e-35
CPC6R_REV_527012.3.peg.403-MONOMER,0.0,-2.920679718508047e-06
CPC6R_FWD_527012.3.peg.403-MONOMER,0.0,-3.4601152419234696e-35
CPC8MM_REV_527012.3.peg.396-MONOMER,0.0,4.576229986450595e-36
CPC8MM_FWD_527012.3.peg.396-MONOMER,0.0,-2.2861346184801538e-06
CPC8MM_REV_527012.3.peg.129-MONOMER,0.0,4.571095790128558e-36
CPC8MM_FWD_527012.3.peg.129-MONOMER,0.0,-2.2861346184801538e-06
CPPPGO_REV_g.2094.peg.3468-MONOMER_mod_mn2(1),0.0,-1.939537931045142e-06
CPPPGO_FWD_g.2094.peg.3468-MONOMER_mod_mn2(1),1.1338333256766326e-25,-5.050546558765467e-36
CPPPGO2_REV_g.2094.peg.2352-MONOMER_mod_4fe4s(1),0.0,-1.857473383487248e-06
CPPPGO2_FWD_g.2094.peg.2352-MONOMER_mod_4fe4s(1),0.0,-2.699857098783404e-38
CSND_REV_g.2094.peg.2592-MONOMER_mod_fe2(1)_mod_zn2(1),0.0,0.0208132851722439
CSND_FWD_g.2094.peg.2592-MONOMER_mod_fe2(1)_mod_zn2(1),0.0,-0.020815933156856013
CSND_REV_g.2094.peg.2592-MONOMER_mod_cobalt2(1)_mod_zn2(1),0.0,0.020813290223326064
CSND_FWD_g.2094.peg.2592-MONOMER_mod_cobalt2(1)_mod_zn2(1),0.0,-0.02081592810577385
CSND_REV_g.2094.peg.2592-MONOMER_mod_mn2(1)_mod_zn2(1),0.0,0.02081328354510379
CSND_FWD_g.2094.peg.2592-MONOMER_mod_mn2(1)_mod_zn2(1),0.0,-0.020815934783996126
CSNt2_REV_g.2094.peg.478-MONOMER,0.0,-3.852453655883354e-06
CSNt2_FWD_g.2094.peg.478-MONOMER,0.0,3.252025033359187e-38
CSNt2_REV_g.2094.peg.4548-MONOMER,0.0,-4.147532309112632e-06
CSNt2_FWD_g.2094.peg.4548-MONOMER,0.0,-2.9507865322927906e-07
CTPS1_REV_g.2094.peg.4642-MONOMER_mod_mg2(1),0.0,-5.154306466577096e-06
CTPS1_FWD_g.2094.peg.4642-MONOMER_mod_mg2(1),0.0,-1.0221110076791603e-06
CTPS1_REV_g.2094.peg.3556-MONOMER_mod_mg2(1),0.0,-5.0663255902223055e-06
CTPS1_FWD_g.2094.peg.3556-MONOMER_mod_mg2(1),0.0,-9.341301313243702e-07
CTPS1_REV_g.2094.peg.646-MONOMER,0.0,-4.132195458897936e-06
CTPS1_FWD_g.2094.peg.646-MONOMER,0.02934332065379197,-2.567914618767177e-35
CTPS2_REV_527012.3.peg.642-MONOMER,0.0,-4.003711911241616e-06
CTPS2_FWD_527012.3.peg.642-MONOMER,0.0,-2.476264939822765e-07
CYOmq_REV_CPLX_dummy,0.0,-3.5850072839868364e-06
CYOmq_FWD_CPLX_dummy,2.0064976942797953e-22,1.2596388868621209e-34
CYRDAAT_REV_527012.3.peg.2173-MONOMER,0.0,-1.5984143395796226e-06
CYRDAAT_FWD_527012.3.peg.2173-MONOMER,0.0,1.0114234893728761e-35
CYRDAAT_REV_527012.3.peg.377-MONOMER,0.0,-2.5635881170833407e-06
CYRDAAT_FWD_527012.3.peg.377-MONOMER,0.0,-9.65173777503718e-07
CYRDAAT_REV_527012.3.peg.110-MONOMER,0.0,-2.5635881170833407e-06
CYRDAAT_FWD_527012.3.peg.110-MONOMER,0.0,-9.65173777503718e-07
CYRDAR_REV_527012.3.peg.2173-MONOMER,0.0,-1.5984143395796226e-06
CYRDAR_FWD_527012.3.peg.2173-MONOMER,0.0,3.0243786140411175e-35
CYRDAR_REV_527012.3.peg.377-MONOMER,0.0,-2.5635881170833407e-06
CYRDAR_FWD_527012.3.peg.377-MONOMER,0.0,-9.65173777503718e-07
CYRDAR_REV_527012.3.peg.110-MONOMER,0.0,-2.5635881170833407e-06
CYRDAR_FWD_527012.3.peg.110-MONOMER,0.0,-9.65173777503718e-07
CYRDAS_REV_527012.3.peg.127-MONOMER,0.0,-3.682515039488949e-06
CYRDAS_FWD_527012.3.peg.127-MONOMER,0.0,-1.486161927057489e-36
CYRDAS_REV_527012.3.peg.394-MONOMER,0.0,-3.682515039488949e-06
CYRDAS_FWD_527012.3.peg.394-MONOMER,0.0,-1.4835120703777815e-36
CYSDS_REV_g.2094.peg.364-MONOMER,0.0,-4.453836188704569e-06
CYSDS_FWD_g.2094.peg.364-MONOMER,0.0,-5.60335730097068e-07
CYSDS_REV_g.2094.peg.304-MONOMER,0.0,-3.8935004586075e-06
CYSDS_FWD_g.2094.peg.304-MONOMER,1.968060178855976,7.312877422440688e-36
CYSS_REV_527012.3.peg.3471-MONOMER,0.0,-2.3812443845056882e-06
CYSS_FWD_527012.3.peg.3471-MONOMER,0.0,-1.1190293231531674e-06
CYSS_REV_527012.3.peg.3864-MONOMER_mod_pydx5p(1),0.0,-3.1772177332066554e-06
CYSS_FWD_527012.3.peg.3864-MONOMER_mod_pydx5p(1),0.0,-1.9150026718541344e-06
CYSS_REV_527012.3.peg.4648-MONOMER_mod_pydx5p(2),0.0,-2.7146130758169738e-06
CYSS_FWD_527012.3.peg.4648-MONOMER_mod_pydx5p(2),0.0,-1.452398014464453e-06
CYSS_REV_527012.3.peg.3954-MONOMER,0.0,-2.0906443401233223e-06
CYSS_FWD_527012.3.peg.3954-MONOMER,0.0,-8.284292787708018e-07
CYSS3r_REV_527012.3.peg.3471-MONOMER,0.0,-4.364041607670736e-06
CYSS3r_FWD_527012.3.peg.3471-MONOMER,0.0,-2.906000443823658e-07
CYSS3r_REV_527012.3.peg.3864-MONOMER_mod_pydx5p(1),0.0,-5.160014956371703e-06
CYSS3r_FWD_527012.3.peg.3864-MONOMER_mod_pydx5p(1),0.0,-1.0865733930833326e-06
CYSS3r_REV_527012.3.peg.4648-MONOMER_mod_pydx5p(2),0.0,-4.697410298982021e-06
CYSS3r_FWD_527012.3.peg.4648-MONOMER_mod_pydx5p(2),0.0,-6.239687356936512e-07
CYSS3r_REV_527012.3.peg.3954-MONOMER,0.0,-4.07344156328837e-06
CYSS3r_FWD_527012.3.peg.3954-MONOMER,0.0,1.3225637044334934e-34
CYSTGL_REV_g.2094.peg.364-MONOMER,0.0,-5.014171918801636e-06
CYSTGL_FWD_g.2094.peg.364-MONOMER,0.0018267628169440055,1.641223738317146e-36
CYSTL_REV_527012.3.peg.1460-MONOMER_mod_pydx5p(1),0.0,2.059838404808241e-06
CYSTL_FWD_527012.3.peg.1460-MONOMER_mod_pydx5p(1),0.0,-7.501231963619153e-06
CYSTS_REV_527012.3.peg.1066-MONOMER,0.0,0.008021870924034903
CYSTS_FWD_527012.3.peg.1066-MONOMER,0.0,-0.00802672586766722
CYSTS2_REV_g.2094.peg.87-MONOMER,0.0,0.008029257690994605
CYSTS2_FWD_g.2094.peg.87-MONOMER,0.0,-0.008032793671534552
CYSt2r_REV_CPLX_dummy,0.0,-3.5850072839868364e-06
CYSt2r_FWD_CPLX_dummy,1.0,-4.4196396976936065e-39
CYTBD_REV_CPLX_dummy,0.0,0.007144083324967352
CYTBD_FWD_CPLX_dummy,0.0,-0.007147668332251339
CYTBD2_REV_CPLX_dummy,0.0,0.007143365425828355
CYTBD2_FWD_CPLX_dummy,0.0,-0.007146950433112342
CYTD_REV_g.2094.peg.4691-MONOMER_mod_zn2(1),0.0,0.008047461617251098
CYTD_FWD_g.2094.peg.4691-MONOMER_mod_zn2(1),0.0,-0.008053162342860557
CYTD_REV_g.2094.peg.1811-MONOMER,0.0,0.00804773483221997
CYTD_FWD_g.2094.peg.1811-MONOMER,0.0,-0.008052889127891686
CYTD_REV_g.2094.peg.2265-MONOMER,0.0,0.008047890575241556
CYTD_FWD_g.2094.peg.2265-MONOMER,0.0,-0.0080527333848701
CYTDK1_REV_g.2094.peg.4549-MONOMER_mod_mg2(1),0.0,-2.006443191918604e-06
CYTDK1_FWD_g.2094.peg.4549-MONOMER_mod_mg2(1),0.0,-6.839211883668517e-36
CYTDK1_REV_g.2094.peg.4695-MONOMER_mod_mg2(1),0.0,-3.286114604017345e-06
CYTDK1_FWD_g.2094.peg.4695-MONOMER_mod_mg2(1),0.0,-1.2796714120987408e-06
CYTDK1_REV_g.2094.peg.2301-MONOMER,0.0,-2.024401780673137e-06
CYTDK1_FWD_g.2094.peg.2301-MONOMER,0.0,-1.7958588754532995e-08
CYTDK2_REV_g.2094.peg.4549-MONOMER_mod_mg2(1),0.0,-7.797895355281836e-07
CYTDK2_FWD_g.2094.peg.4549-MONOMER_mod_mg2(1),0.0,-1.2266536563904204e-06
CYTDK2_REV_g.2094.peg.4695-MONOMER_mod_mg2(1),0.0,-2.0594609476269245e-06
CYTDK2_FWD_g.2094.peg.4695-MONOMER_mod_mg2(1),0.0,-2.506325068489161e-06
CYTDK2_REV_g.2094.peg.2301-MONOMER,0.0,-7.977481242827166e-07
CYTDK2_FWD_g.2094.peg.2301-MONOMER,0.0,-1.2446122451449533e-06
CYTDK3_REV_g.2094.peg.4695-MONOMER_mod_mg2(1),0.0,-3.286114604017345e-06
CYTDK3_FWD_g.2094.peg.4695-MONOMER_mod_mg2(1),0.0,-1.2796714120987408e-06
CYTDK3_REV_g.2094.peg.1093-MONOMER_mod_mg2(1),0.0,-3.2374058517921946e-06
CYTDK3_FWD_g.2094.peg.1093-MONOMER_mod_mg2(1),0.0,-1.2309626598735907e-06
CYTDK4_REV_g.2094.peg.4549-MONOMER_mod_mg2(1),0.0,-9.699294615237047e-08
CYTDK4_FWD_g.2094.peg.4549-MONOMER_mod_mg2(1),0.0,-1.9094502457662336e-06
CYTDK4_REV_g.2094.peg.4695-MONOMER_mod_mg2(1),0.0,-1.3766643582511111e-06
CYTDK4_FWD_g.2094.peg.4695-MONOMER_mod_mg2(1),0.0,-3.189121657864974e-06
CYTDK4_REV_g.2094.peg.2301-MONOMER,0.0,-1.1495153490690346e-07
CYTDK4_FWD_g.2094.peg.2301-MONOMER,0.0,-1.9274088345207665e-06
CYTDt2r_REV_g.2094.peg.2845-MONOMER,0.0,-7.70759229311148e-37
CYTDt2r_FWD_g.2094.peg.2845-MONOMER,0.0,-3.4218307627177596e-06
CYTDt2r_REV_g.2094.peg.4014-MONOMER,0.0,-2.4989915454689215e-07
CYTDt2r_FWD_g.2094.peg.4014-MONOMER,0.0,-3.671729917264652e-06
CYTDt2r_REV_g.2094.peg.2416-MONOMER,0.0,-9.512810923790792e-08
CYTDt2r_FWD_g.2094.peg.2416-MONOMER,0.0,-3.516958871955668e-06
CYTK1_REV_g.2094.peg.1093-MONOMER_mod_mg2(1),0.0,-4.468368511665786e-06
CYTK1_FWD_g.2094.peg.1093-MONOMER_mod_mg2(1),0.2417082165281469,-5.083806027861772e-35
CYTK2_REV_g.2094.peg.1093-MONOMER_mod_mg2(1),0.0,-4.468368511665786e-06
CYTK2_FWD_g.2094.peg.1093-MONOMER_mod_mg2(1),0.016624101467802528,8.002448317975093e-37
Coabc_REV_CPLX_dummy,0.0,0.008043068180710966
Coabc_FWD_CPLX_dummy,0.0,-0.008046653187994952
Cuabc_REV_g.2094.peg.1251-MONOMER,0.0,-4.991052746396562e-06
Cuabc_FWD_g.2094.peg.1251-MONOMER,0.0,-1.1435911170520214e-06
Cuabc_REV_g.2094.peg.1368-MONOMER,0.0,-3.8474616293445404e-06
Cuabc_FWD_g.2094.peg.1368-MONOMER,0.0,-4.029738350295782e-36
Cuabc_REV_g.2094.peg.1739-MONOMER,0.0,-5.559658239007104e-06
Cuabc_FWD_g.2094.peg.1739-MONOMER,0.0,-1.7121966096625638e-06
Cut1_REV_g.2094.peg.1251-MONOMER,0.0,0.016091700936372272
Cut1_FWD_g.2094.peg.1251-MONOMER,0.0,-0.016097835580235722
Cut1_REV_g.2094.peg.1368-MONOMER,0.0,0.016092844527489325
Cut1_FWD_g.2094.peg.1368-MONOMER,0.0,-0.01609669198911867
Cut1_REV_g.2094.peg.1739-MONOMER,0.0,0.01609113233087966
Cut1_FWD_g.2094.peg.1739-MONOMER,0.0,-0.016098404185728332
D5KGK_REV_CPLX_D5KGK-3,0.0,-3.471692092810731e-06
D5KGK_FWD_CPLX_D5KGK-3,0.0,-2.2295165626400715e-36
D5KGK_REV_CPLX_D5KGK-1,0.0,-3.471692092810731e-06
D5KGK_FWD_CPLX_D5KGK-1,0.0,-2.2295165626400715e-36
D5KGK_REV_CPLX_D5KGK-0,0.0,-3.471692092810731e-06
D5KGK_FWD_CPLX_D5KGK-0,0.0,-2.2295165626400715e-36
D5KGK_REV_CPLX_D5KGK-2,0.0,-3.471692092810731e-06
D5KGK_FWD_CPLX_D5KGK-2,0.0,-2.2295165626400715e-36
DAAD_REV_g.2094.peg.3608-MONOMER,0.0,1.0360842439447702e-07
DAAD_FWD_g.2094.peg.3608-MONOMER,0.0,-5.807175059066771e-06
DADA_REV_g.2094.peg.963-MONOMER,0.0,0.002062825151146275
DADA_FWD_g.2094.peg.963-MONOMER,0.0,-0.0020674743536768713
DADNt2r_REV_g.2094.peg.2845-MONOMER,1.957071015598977,3.3748243397695264e-34
DADNt2r_FWD_g.2094.peg.2845-MONOMER,0.0,-3.4218307627177596e-06
DADNt2r_REV_g.2094.peg.4014-MONOMER,0.0,-2.4989915454689215e-07
DADNt2r_FWD_g.2094.peg.4014-MONOMER,0.0,-3.671729917264652e-06
DADNt2r_REV_g.2094.peg.2416-MONOMER,0.0,-9.512810923790792e-08
DADNt2r_FWD_g.2094.peg.2416-MONOMER,0.0,-3.516958871955668e-06
DAGK120_REV_g.2094.peg.2463-MONOMER_mod_cd2(1)_mod_zn2(1)_mod_mg2(1)_mod_mn2(1)_mod_cobalt2(1),0.0,-2.707533480159284e-06
DAGK120_FWD_g.2094.peg.2463-MONOMER_mod_cd2(1)_mod_zn2(1)_mod_mg2(1)_mod_mn2(1)_mod_cobalt2(1),0.0,-1.112026377142905e-36
DAGK140_REV_g.2094.peg.2463-MONOMER_mod_cd2(1)_mod_zn2(1)_mod_mg2(1)_mod_mn2(1)_mod_cobalt2(1),0.0,-2.707533480159284e-06
DAGK140_FWD_g.2094.peg.2463-MONOMER_mod_cd2(1)_mod_zn2(1)_mod_mg2(1)_mod_mn2(1)_mod_cobalt2(1),0.0,4.461659918450457e-38
DAGK141_REV_g.2094.peg.2463-MONOMER_mod_cd2(1)_mod_zn2(1)_mod_mg2(1)_mod_mn2(1)_mod_cobalt2(1),0.0,-2.707533480159284e-06
DAGK141_FWD_g.2094.peg.2463-MONOMER_mod_cd2(1)_mod_zn2(1)_mod_mg2(1)_mod_mn2(1)_mod_cobalt2(1),0.0,5.827831480821553e-36
DAGK160_REV_g.2094.peg.2463-MONOMER_mod_cd2(1)_mod_zn2(1)_mod_mg2(1)_mod_mn2(1)_mod_cobalt2(1),0.0,-2.707533480159284e-06
DAGK160_FWD_g.2094.peg.2463-MONOMER_mod_cd2(1)_mod_zn2(1)_mod_mg2(1)_mod_mn2(1)_mod_cobalt2(1),0.0,5.827831480821553e-36
DAGK161_REV_g.2094.peg.2463-MONOMER_mod_cd2(1)_mod_zn2(1)_mod_mg2(1)_mod_mn2(1)_mod_cobalt2(1),0.0,-2.707533480159284e-06
DAGK161_FWD_g.2094.peg.2463-MONOMER_mod_cd2(1)_mod_zn2(1)_mod_mg2(1)_mod_mn2(1)_mod_cobalt2(1),0.0,-1.112026377142905e-36
DAGK180_REV_g.2094.peg.2463-MONOMER_mod_cd2(1)_mod_zn2(1)_mod_mg2(1)_mod_mn2(1)_mod_cobalt2(1),0.0,-2.707533480159284e-06
DAGK180_FWD_g.2094.peg.2463-MONOMER_mod_cd2(1)_mod_zn2(1)_mod_mg2(1)_mod_mn2(1)_mod_cobalt2(1),0.0,-5.738598282452544e-36
DAGK181_REV_g.2094.peg.2463-MONOMER_mod_cd2(1)_mod_zn2(1)_mod_mg2(1)_mod_mn2(1)_mod_cobalt2(1),0.0,-2.707533480159284e-06
DAGK181_FWD_g.2094.peg.2463-MONOMER_mod_cd2(1)_mod_zn2(1)_mod_mg2(1)_mod_mn2(1)_mod_cobalt2(1),0.0,5.827831480821553e-36
DALAt2r_REV_g.2094.peg.3225-MONOMER,0.0,-3.242352711915474e-06
DALAt2r_FWD_g.2094.peg.3225-MONOMER,1.0,-2.2975061767412934e-37
DAPDC_REV_g.2094.peg.3836-MONOMER_mod_pydx5p(1),0.0,-6.06075334142642e-06
DAPDC_FWD_g.2094.peg.3836-MONOMER_mod_pydx5p(1),1.0,1.0805637593170582e-35
DAPE_REV_g.2094.peg.1191-MONOMER,0.0,5.9152815929937565e-37
DAPE_FWD_g.2094.peg.1191-MONOMER,0.0,-2.2812323375732843e-06
DASYN120_REV_g.2094.peg.2873-MONOMER_mod_mg2(1)_mod_k(1),0.0,-2.846500244507564e-06
DASYN120_FWD_g.2094.peg.2873-MONOMER_mod_mg2(1)_mod_k(1),0.0,3.0762689473584186e-36
DASYN140_REV_g.2094.peg.2873-MONOMER_mod_mg2(1)_mod_k(1),0.0,0.01609743820090068
DASYN140_FWD_g.2094.peg.2873-MONOMER_mod_mg2(1)_mod_k(1),0.0,-0.016100284701145186
DASYN141_REV_g.2094.peg.2873-MONOMER_mod_mg2(1)_mod_k(1),0.0,0.01609743820090068
DASYN141_FWD_g.2094.peg.2873-MONOMER_mod_mg2(1)_mod_k(1),0.0,-0.016100284701145186
DASYN160_REV_g.2094.peg.2873-MONOMER_mod_mg2(1)_mod_k(1),0.0,-2.846500244507564e-06
DASYN160_FWD_g.2094.peg.2873-MONOMER_mod_mg2(1)_mod_k(1),0.0,-8.025667024430538e-37
DASYN161_REV_g.2094.peg.2873-MONOMER_mod_mg2(1)_mod_k(1),0.0,-2.846500244507564e-06
DASYN161_FWD_g.2094.peg.2873-MONOMER_mod_mg2(1)_mod_k(1),3.1790324707667454e-24,3.0762689473584186e-36
DASYN180_REV_g.2094.peg.2873-MONOMER_mod_mg2(1)_mod_k(1),0.0,-2.846500244507564e-06
DASYN180_FWD_g.2094.peg.2873-MONOMER_mod_mg2(1)_mod_k(1),0.017865037738029395,-4.681402352244526e-36
DASYN181_REV_g.2094.peg.2873-MONOMER_mod_mg2(1)_mod_k(1),0.0,0.01609743820090068
DASYN181_FWD_g.2094.peg.2873-MONOMER_mod_mg2(1)_mod_k(1),0.0,-0.016100284701145186
DASYNAI15_REV_g.2094.peg.2873-MONOMER_mod_mg2(1)_mod_k(1),0.0,-2.846500244507564e-06
DASYNAI15_FWD_g.2094.peg.2873-MONOMER_mod_mg2(1)_mod_k(1),0.0,3.0762689473584186e-36
DASYNAI17_REV_g.2094.peg.2873-MONOMER_mod_mg2(1)_mod_k(1),0.0,-2.846500244507564e-06
DASYNAI17_FWD_g.2094.peg.2873-MONOMER_mod_mg2(1)_mod_k(1),0.017865037738029395,3.0762689473584186e-36
DASYNI14_REV_g.2094.peg.2873-MONOMER_mod_mg2(1)_mod_k(1),0.0,-2.846500244507564e-06
DASYNI14_FWD_g.2094.peg.2873-MONOMER_mod_mg2(1)_mod_k(1),0.0,3.0762689473584186e-36
DASYNI15_REV_g.2094.peg.2873-MONOMER_mod_mg2(1)_mod_k(1),0.0,-2.846500244507564e-06
DASYNI15_FWD_g.2094.peg.2873-MONOMER_mod_mg2(1)_mod_k(1),0.0,-1.2439073651847471e-35
DASYNI16_REV_g.2094.peg.2873-MONOMER_mod_mg2(1)_mod_k(1),0.0,-2.846500244507564e-06
DASYNI16_FWD_g.2094.peg.2873-MONOMER_mod_mg2(1)_mod_k(1),0.0,3.0762689473584186e-36
DASYNI17_REV_g.2094.peg.2873-MONOMER_mod_mg2(1)_mod_k(1),0.0,-2.846500244507564e-06
DASYNI17_FWD_g.2094.peg.2873-MONOMER_mod_mg2(1)_mod_k(1),0.017865037738029395,-1.2439073651847471e-35
DB4PS_REV_527012.3.peg.1490-MONOMER_mod_mg2(1),0.0,-5.710648656651235e-06
DB4PS_FWD_527012.3.peg.1490-MONOMER_mod_mg2(1),0.005195536639271623,-3.0301371031090413e-35
DBTS_REV_527012.3.peg.1663-MONOMER,0.0,-2.1741733568604866e-06
DBTS_FWD_527012.3.peg.1663-MONOMER,0.0,6.132591449234433e-36
DBTS_REV_527012.3.peg.2922-MONOMER_mod_mg2(1),0.0,-3.2433924069779867e-06
DBTS_FWD_527012.3.peg.2922-MONOMER_mod_mg2(1),0.0,-1.0692190501175003e-06
DCTPAH_REV_g.2094.peg.4691-MONOMER_mod_zn2(1),0.0,0.01815898377862415
DCTPAH_FWD_g.2094.peg.4691-MONOMER_mod_zn2(1),0.0,-0.01816468450423361
DCTPAH_REV_g.2094.peg.2265-MONOMER,0.0,0.01815941273661461
DCTPAH_FWD_g.2094.peg.2265-MONOMER,0.0,-0.018164255546243152
DCTPD_REV_g.2094.peg.4410-MONOMER,0.0,0.002067024090372714
DCTPD_FWD_g.2094.peg.4410-MONOMER,0.0,-0.0020699066398794648
DCTPD_REV_g.2094.peg.2149-MONOMER,0.0,0.002066627118984021
DCTPD_FWD_g.2094.peg.2149-MONOMER,0.0,-0.002070303611268158
DCTPD2_REV_g.2094.peg.4410-MONOMER,0.0,0.008047047086720736
DCTPD2_FWD_g.2094.peg.4410-MONOMER,0.0,-0.008049929636227486
DCTPD2_REV_g.2094.peg.2149-MONOMER,0.0,0.008046650115332043
DCTPD2_FWD_g.2094.peg.2149-MONOMER,0.0,-0.00805032660761618
DCYTD_REV_g.2094.peg.4691-MONOMER_mod_zn2(1),0.0,0.002060587030640286
DCYTD_FWD_g.2094.peg.4691-MONOMER_mod_zn2(1),0.0,-0.002066287756249745
DCYTD_REV_g.2094.peg.1811-MONOMER,0.0,0.0020608602456091574
DCYTD_FWD_g.2094.peg.1811-MONOMER,0.0,-0.002066014541280873
DCYTD_REV_g.2094.peg.2265-MONOMER,0.0,0.002061015988630743
DCYTD_FWD_g.2094.peg.2265-MONOMER,0.0,-0.002065858798259288
DCYTt2r_REV_g.2094.peg.2845-MONOMER,0.0,-3.4218307627177596e-06
DCYTt2r_FWD_g.2094.peg.2845-MONOMER,0.016624101467802528,1.8072654623389786e-37
DCYTt2r_REV_g.2094.peg.4014-MONOMER,0.0,-3.671729917264652e-06
DCYTt2r_FWD_g.2094.peg.4014-MONOMER,0.0,-2.4989915454689215e-07
DCYTt2r_REV_g.2094.peg.2416-MONOMER,0.0,-3.516958871955668e-06
DCYTt2r_FWD_g.2094.peg.2416-MONOMER,0.0,-9.512810923790792e-08
DDGLK_REV_527012.3.peg.226-MONOMER,0.0,-2.8572465064241974e-06
DDGLK_FWD_527012.3.peg.226-MONOMER,0.0,-4.079812858780228e-36
DDGLK_REV_527012.3.peg.493-MONOMER,0.0,-2.8572465064241974e-06
DDGLK_FWD_527012.3.peg.493-MONOMER,0.0,-4.073862607233233e-36
DDPA_REV_g.2094.peg.3484-MONOMER_mod_fe2(2),0.0,-5.645197042202377e-06
DDPA_FWD_g.2094.peg.3484-MONOMER_mod_fe2(2),0.0,-3.476648950622434e-09
DDPA_REV_g.2094.peg.2846-MONOMER_mod_fe2(1),0.0,-5.887106081870147e-06
DDPA_FWD_g.2094.peg.2846-MONOMER_mod_fe2(1),0.0,-2.453856886183922e-07
DDPA_REV_g.2094.peg.3336-MONOMER_mod_fe3(1),0.0,-5.6417203932517554e-06
DDPA_FWD_g.2094.peg.3336-MONOMER_mod_fe3(1),0.0025976281628384682,1.3037652701396052e-36
DDPGA_REV_g.2094.peg.1898-MONOMER,0.0,-1.5349540493239787e-36
DDPGA_FWD_g.2094.peg.1898-MONOMER,0.0,-2.8374284305057987e-06
DDPGALA_REV_g.2094.peg.935-MONOMER,0.0,-1.5007673033782866e-06
DDPGALA_FWD_g.2094.peg.935-MONOMER,0.0,-1.4895988047914302e-36
DGK1_REV_g.2094.peg.2320-MONOMER_mod_mg2(1),0.0,-2.8454400880953383e-06
DGK1_FWD_g.2094.peg.2320-MONOMER_mod_mg2(1),0.0,-4.1025291656067265e-07
DGK1_REV_g.2094.peg.4498-MONOMER,0.0,-2.4351871715346656e-06
DGK1_FWD_g.2094.peg.4498-MONOMER,0.016624101467802528,9.551344373450342e-37
DGSNt2_REV_g.2094.peg.2845-MONOMER,0.0,-3.4218307627177596e-06
DGSNt2_FWD_g.2094.peg.2845-MONOMER,0.044879491181115796,-2.9501634153862504e-37
DGSNt2_REV_g.2094.peg.4014-MONOMER,0.0,-3.671729917264652e-06
DGSNt2_FWD_g.2094.peg.4014-MONOMER,0.0,-2.4989915454689215e-07
DGSNt2_REV_g.2094.peg.2416-MONOMER,0.0,-3.516958871955668e-06
DGSNt2_FWD_g.2094.peg.2416-MONOMER,0.0,-9.512810923790792e-08
DHAD1_REV_527012.3.peg.4266-MONOMER,0.0,-5.6186668318535896e-06
DHAD1_FWD_527012.3.peg.4266-MONOMER,1.026989256646963,-8.25940480605992e-36
DHAD1_REV_527012.3.peg.4257-MONOMER_mod_4fe4s(1),0.0,-6.692938670821681e-06
DHAD1_FWD_527012.3.peg.4257-MONOMER_mod_4fe4s(1),0.0,-1.074271838968091e-06
DHAD2_REV_527012.3.peg.4266-MONOMER,0.0,0.0035609022607377334
DHAD2_FWD_527012.3.peg.4266-MONOMER,0.0,-0.0035665209275695872
DHAD2_REV_527012.3.peg.4257-MONOMER_mod_4fe4s(1),0.0,0.0035598279888987656
DHAD2_FWD_527012.3.peg.4257-MONOMER_mod_4fe4s(1),0.0,-0.003567595199408555
DHAPT_REV_g.2094.peg.4202-MONOMER,0.0,-3.985663525488429e-06
DHAPT_FWD_g.2094.peg.4202-MONOMER,0.0,-6.273368917403815e-07
DHAPT_REV_g.2094.peg.4271-MONOMER,0.0,-4.583714685960934e-06
DHAPT_FWD_g.2094.peg.4271-MONOMER,0.0,-1.2253880522128863e-06
DHAPT_REV_g.2094.peg.4219-MONOMER,0.0,-3.3583266337480475e-06
DHAPT_FWD_g.2094.peg.4219-MONOMER,1.813053638303522,1.6250887183543525e-36
DHFOR2_REV_g.2094.peg.4116-MONOMER,0.0,-1.6953813424921522e-06
DHFOR2_FWD_g.2094.peg.4116-MONOMER,0.0,-9.73447462170362e-08
DHFOR2_REV_g.2094.peg.3571-MONOMER,0.0,-1.5980365962751158e-06
DHFOR2_FWD_g.2094.peg.3571-MONOMER,0.0,1.783157770678869e-35
DHFOR2_REV_g.2094.peg.1336-MONOMER,0.0,-1.6953813424921522e-06
DHFOR2_FWD_g.2094.peg.1336-MONOMER,0.0,-9.73447462170362e-08
DHFR_REV_527012.3.peg.250-MONOMER,0.0,-1.7927260887091883e-06
DHFR_FWD_527012.3.peg.250-MONOMER,0.02181522661815265,5.348796331606737e-35
DHFR_REV_527012.3.peg.3746-MONOMER,0.0,-2.178097385542703e-06
DHFR_FWD_527012.3.peg.3746-MONOMER,0.0,-3.8537129683351473e-07
DHFR_REV_527012.3.peg.517-MONOMER,0.0,-1.7927260887091883e-06
DHFR_FWD_527012.3.peg.517-MONOMER,0.0,5.349589863697303e-35
DHFS_REV_527012.3.peg.2974-MONOMER,0.0,-4.397694160274705e-06
DHFS_FWD_527012.3.peg.2974-MONOMER,0.003896442244257702,4.693911762347441e-36
DHNAOT_REV_CPLX_dummy,0.0,-3.5850072839868364e-06
DHNAOT_FWD_CPLX_dummy,0.0025976281628384682,-2.0894826623530482e-35
DHNAS_REV_CPLX_dummy,0.0,-3.5850072839868364e-06
DHNAS_FWD_CPLX_dummy,0.0,1.4536767084107876e-35
DHNPA_REV_g.2094.peg.935-MONOMER,0.0,-1.5007673033782866e-06
DHNPA_FWD_g.2094.peg.935-MONOMER,0.003896442244257702,-1.9620183116244333e-37
DHNPA2_REV_527012.3.peg.1500-MONOMER,0.0,-1.0272505914682876e-06
DHNPA2_FWD_527012.3.peg.1500-MONOMER,0.0,1.8191432080322381e-37
DHORD2_REV_g.2094.peg.1521-MONOMER,0.0,-3.0328060580908876e-06
DHORD2_FWD_g.2094.peg.1521-MONOMER,0.0,-7.2779108700045e-07
DHORD5_REV_g.2094.peg.1521-MONOMER,0.0,-2.314906919093863e-06
DHORD5_FWD_g.2094.peg.1521-MONOMER,0.0,-1.4456902259974747e-06
DHORDfum_REV_527012.3.peg.2425-MONOMER_mod_fmn(1),0.0,-4.052778836205385e-06
DHORDfum_FWD_527012.3.peg.2425-MONOMER_mod_fmn(1),3.5619630747241545e-22,-2.044539834824405e-36
DHORTS_REV_527012.3.peg.1212-MONOMER_mod_zn2(2),0.0,-5.053967441972556e-37
DHORTS_FWD_527012.3.peg.1212-MONOMER_mod_zn2(2),0.0,-4.181182881619127e-06
DHPM1_REV_g.2094.peg.3777-MONOMER,0.0,-1.7407897792628513e-06
DHPM1_FWD_g.2094.peg.3777-MONOMER,0.0,-2.2144890277968022e-38
DHPM2_REV_g.2094.peg.3777-MONOMER,0.0,-1.7407897792628513e-06
DHPM2_FWD_g.2094.peg.3777-MONOMER,0.0,-2.2144890277968022e-38
DHPPDA_REV_g.2094.peg.3976-MONOMER,0.0,-4.601403962265972e-06
DHPPDA_FWD_g.2094.peg.3976-MONOMER,0.0025977683196358116,1.716450642917788e-36
DHPPDA2_REV_527012.3.peg.4299-MONOMER,0.0,-5.383510896690281e-06
DHPPDA2_FWD_527012.3.peg.4299-MONOMER,0.0,-8.85114342381166e-08
DHPS_REV_g.2094.peg.4696-MONOMER_mod_mg2(1),0.0,-4.825976864644527e-06
DHPS_FWD_g.2094.peg.4696-MONOMER_mod_mg2(1),0.003896442244257702,-5.129833126978971e-36
DHPS2_REV_527012.3.peg.772-MONOMER,0.0,-2.9316411514908326e-06
DHPS2_FWD_527012.3.peg.772-MONOMER,0.0,-3.2816817276703376e-37
DHQS_REV_g.2094.peg.2810-MONOMER_mod_cobalt2(1)_mod_nad(1),0.0,-3.974880304110197e-06
DHQS_FWD_g.2094.peg.2810-MONOMER_mod_cobalt2(1)_mod_nad(1),0.0025976281628384682,4.336927893287129e-36
DHQTi_REV_g.2094.peg.3644-MONOMER,0.0,-3.0679753305620167e-06
DHQTi_FWD_g.2094.peg.3644-MONOMER,0.0025976281628384682,5.963466750102453e-36
DINSt2_REV_g.2094.peg.2845-MONOMER,0.0,0.004739285514133767
DINSt2_FWD_g.2094.peg.2845-MONOMER,0.0,-0.004742707344896485
DINSt2_REV_g.2094.peg.4014-MONOMER,0.0,0.00473903561497922
DINSt2_FWD_g.2094.peg.4014-MONOMER,0.0,-0.004742957244051032
DINSt2_REV_g.2094.peg.2416-MONOMER,0.0,0.004739190386024529
DINSt2_FWD_g.2094.peg.2416-MONOMER,0.0,-0.004742802473005723
DKDID_REV_g.2094.peg.4614-MONOMER,0.0,-4.2859233880807574e-06
DKDID_FWD_g.2094.peg.4614-MONOMER,0.0,-6.954537799161559e-07
DKDID_REV_g.2094.peg.1333-MONOMER,0.0,-3.590469608164601e-06
DKDID_FWD_g.2094.peg.1333-MONOMER,0.0,6.0884720269680404e-37
DKDID2_REV_g.2094.peg.4614-MONOMER,0.0,-2.8138843459228116e-06
DKDID2_FWD_g.2094.peg.4614-MONOMER,0.0,-2.167492822074102e-06
DKDID2_REV_g.2094.peg.1333-MONOMER,0.0,-2.1184305660066556e-06
DKDID2_FWD_g.2094.peg.1333-MONOMER,0.0,-1.4720390421579456e-06
DKMPPD2_REV_g.2094.peg.3006-MONOMER,0.0,-7.810764833804512e-07
DKMPPD2_FWD_g.2094.peg.3006-MONOMER,0.0,1.3658456825951377e-36
DKMPPD3_REV_g.2094.peg.3735-MONOMER,0.0,-1.870228697329002e-06
DKMPPD3_FWD_g.2094.peg.3735-MONOMER,0.0,3.993761987287495e-36
DMATT_REV_CPLX_DMATT-0,0.0,-5.527130954164286e-06
DMATT_FWD_CPLX_DMATT-0,0.013088388372874465,3.7965627599909844e-36
DMLARGAH_REV_g.2094.peg.224-MONOMER,0.0,2.9324610299670067e-36
DMLARGAH_FWD_g.2094.peg.224-MONOMER,0.0,-2.494198991000843e-06
DMPPS_REV_g.2094.peg.3120-MONOMER_mod_nadph(1)_mod_nadh(1)_mod_fad(1)_mod_cobalt2(1),0.0,-4.174761898191186e-06
DMPPS_FWD_g.2094.peg.3120-MONOMER_mod_nadph(1)_mod_nadh(1)_mod_fad(1)_mod_cobalt2(1),0.013088388372874465,3.8257182982674546e-35
DMPPS2r_REV_g.2094.peg.3120-MONOMER_mod_nadph(1)_mod_nadh(1)_mod_fad(1)_mod_cobalt2(1),0.0,-1.928338865461993e-06
DMPPS2r_FWD_g.2094.peg.3120-MONOMER_mod_nadph(1)_mod_nadh(1)_mod_fad(1)_mod_cobalt2(1),0.0,-2.246423032729193e-06
DMQMT_REV_CPLX_dummy,0.0,-3.5850072839868364e-06
DMQMT_FWD_CPLX_dummy,2.266133363071226e-35,-2.6286678149962557e-36
DMQMT2_REV_g.2094.peg.4674-MONOMER_mod_zn2(1),0.0,-2.9825314055824645e-06
DMQMT2_FWD_g.2094.peg.4674-MONOMER_mod_zn2(1),0.0,-2.5422127862724238e-36
DMSOR1_REV_CPLX_DMSOR1-4,0.0,-4.39113593177655e-06
DMSOR1_FWD_CPLX_DMSOR1-4,0.0,-3.749271654648686e-07
DMSOR1_REV_CPLX_DMSOR1-7,0.0,-4.411824365718287e-06
DMSOR1_FWD_CPLX_DMSOR1-7,0.0,-3.956155994066068e-07
DMSOR1_REV_CPLX_DMSOR1-2,0.0,-4.489222258089932e-06
DMSOR1_FWD_CPLX_DMSOR1-2,0.0,-4.730134917782512e-07
DMSOR1_REV_CPLX_DMSOR1-1_mod_bmocogdp(1),0.0,-4.571575829435205e-06
DMSOR1_FWD_CPLX_DMSOR1-1_mod_bmocogdp(1),0.0,-5.553670631235244e-07
DMSOR1_REV_CPLX_DMSOR1-3,0.0,-4.539676845663204e-06
DMSOR1_FWD_CPLX_DMSOR1-3,0.0,-5.234680793515229e-07
DMSOR1_REV_CPLX_DMSOR1-0,0.0,-4.521609572330652e-06
DMSOR1_FWD_CPLX_DMSOR1-0,0.0,-5.054008060189705e-07
DMSOR1_REV_CPLX_DMSOR1-6,0.0,-4.358949454223598e-06
DMSOR1_FWD_CPLX_DMSOR1-6,0.0,-3.427406879119174e-07
DMSOR1_REV_CPLX_DMSOR1-5,0.0,-4.443531358345186e-06
DMSOR1_FWD_CPLX_DMSOR1-5,0.0,-4.273225920335052e-07
DMSOR2_REV_CPLX_DMSOR1-4,0.0,-4.733876619688467e-06
DMSOR2_FWD_CPLX_DMSOR1-4,0.0,-3.218647755295122e-08
DMSOR2_REV_CPLX_DMSOR1-7,0.0,-4.754565053630205e-06
DMSOR2_FWD_CPLX_DMSOR1-7,0.0,-5.2874911494689426e-08
DMSOR2_REV_CPLX_DMSOR1-2,0.0,-4.83196294600185e-06
DMSOR2_FWD_CPLX_DMSOR1-2,0.0,-1.3027280386633383e-07
DMSOR2_REV_CPLX_DMSOR1-1_mod_bmocogdp(1),0.0,-4.914316517347123e-06
DMSOR2_FWD_CPLX_DMSOR1-1_mod_bmocogdp(1),0.0,-2.1262637521160704e-07
DMSOR2_REV_CPLX_DMSOR1-3,0.0,-4.882417533575121e-06
DMSOR2_FWD_CPLX_DMSOR1-3,0.0,-1.8072739143960556e-07
DMSOR2_REV_CPLX_DMSOR1-0,0.0,-4.864350260242569e-06
DMSOR2_FWD_CPLX_DMSOR1-0,0.0,-1.6266011810705317e-07
DMSOR2_REV_CPLX_DMSOR1-6,0.0,-4.701690142135515e-06
DMSOR2_FWD_CPLX_DMSOR1-6,0.0,5.599661226752364e-36
DMSOR2_REV_CPLX_DMSOR1-5,0.0,-4.786272046257103e-06
DMSOR2_FWD_CPLX_DMSOR1-5,0.0,-8.458190412158781e-08
DMSORdmq_REV_CPLX_dummy,0.0,-3.5850072839868364e-06
DMSORdmq_FWD_CPLX_dummy,0.0,2.8529923783208994e-35
DMSORmq_REV_CPLX_dummy,0.0,-3.242266596074919e-06
DMSORmq_FWD_CPLX_dummy,0.0,-3.427406879119174e-07
DNTPPA_REV_g.2094.peg.1235-MONOMER_mod_mg2(1),0.0,-9.258911363159413e-07
DNTPPA_FWD_g.2094.peg.1235-MONOMER_mod_mg2(1),0.0,-1.339597684983292e-36
DOPAt2_REV_CPLX_dummy,0.0,-3.5850072839868364e-06
DOPAt2_FWD_CPLX_dummy,0.0,4.8504093257378315e-37
DPCOAK_REV_527012.3.peg.572-MONOMER,0.0,-3.6607767068481715e-06
DPCOAK_FWD_527012.3.peg.572-MONOMER,0.0012988140814192341,-4.1786566801338857e-35
DPGM_REV_g.2094.peg.1948-MONOMER,0.0,4.571146655761382e-36
DPGM_FWD_g.2094.peg.1948-MONOMER,0.0,-1.9783151563674023e-06
DPRr_REV_527012.3.peg.4565-MONOMER,0.0,-3.9048831046470665e-06
DPRr_FWD_527012.3.peg.4565-MONOMER,0.0,8.37273695986514e-36
DRBK_REV_g.2094.peg.3540-MONOMER_mod_k(1)_mod_mg2(1),0.0,-5.6938291885790885e-06
DRBK_FWD_g.2094.peg.3540-MONOMER_mod_k(1)_mod_mg2(1),0.0,-3.520810726591501e-07
DRBK_REV_g.2094.peg.1296-MONOMER,0.0,-5.341748115919938e-06
DRBK_FWD_g.2094.peg.1296-MONOMER,0.17878295,1.3584214715259984e-36
DRBK_REV_g.2094.peg.1531-MONOMER,0.0,-5.341748115919938e-06
DRBK_FWD_g.2094.peg.1531-MONOMER,0.0,1.3584214715259984e-36
DRIBI_REV_g.2094.peg.1982-MONOMER,0.0,-4.892313959976375e-06
DRIBI_FWD_g.2094.peg.1982-MONOMER,0.0,1.3736709060866038e-36
DRIBabc_REV_CPLX_DRIBabc-18,0.0,-5.984691122810866e-06
DRIBabc_FWD_CPLX_DRIBabc-18,0.0,-2.6028578867487284e-07
DRIBabc_REV_CPLX_DRIBabc-22,0.0,-6.197587367077383e-06
DRIBabc_FWD_CPLX_DRIBabc-22,0.0,-4.731820329413893e-07
DRIBabc_REV_CPLX_DRIBabc-31,0.0,-5.984545846281018e-06
DRIBabc_FWD_CPLX_DRIBabc-31,0.0,-2.6014051214502464e-07
DRIBabc_REV_CPLX_DRIBabc-7,0.0,-6.1891182059766125e-06
DRIBabc_FWD_CPLX_DRIBabc-7,0.0,-4.647128718406191e-07
DRIBabc_REV_CPLX_DRIBabc-10,0.0,-6.406116934059138e-06
DRIBabc_FWD_CPLX_DRIBabc-10,0.0,-6.81711599923145e-07
DRIBabc_REV_CPLX_DRIBabc-49,0.0,-5.990260922390962e-06
DRIBabc_FWD_CPLX_DRIBabc-49,0.0,-2.658555882549692e-07
DRIBabc_REV_CPLX_DRIBabc-24,0.0,-5.9230991943138e-06
DRIBabc_FWD_CPLX_DRIBabc-24,0.0,-1.9869386017780673e-07
DRIBabc_REV_CPLX_DRIBabc-3,0.0,-5.8952656984203265e-06
DRIBabc_FWD_CPLX_DRIBabc-3,0.0,-1.7086036428433356e-07
DRIBabc_REV_CPLX_DRIBabc-19,0.0,-5.984691122810866e-06
DRIBabc_FWD_CPLX_DRIBabc-19,0.0,-2.6028578867487284e-07
DRIBabc_REV_CPLX_DRIBabc-2,0.0,-6.2287855802545946e-06
DRIBabc_FWD_CPLX_DRIBabc-2,0.0,-5.043802461186016e-07
DRIBabc_REV_CPLX_DRIBabc-39,0.0,-5.787211359017082e-06
DRIBabc_FWD_CPLX_DRIBabc-39,0.0,-6.2806024881089e-08
DRIBabc_REV_CPLX_DRIBabc-0,0.0,-6.09601812838015e-06
DRIBabc_FWD_CPLX_DRIBabc-0,0.0,-3.716127942441571e-07
DRIBabc_REV_CPLX_DRIBabc-27,0.0,-5.7244053341359935e-06
DRIBabc_FWD_CPLX_DRIBabc-27,0.17878295,-5.232402176576405e-36
DRIBabc_REV_CPLX_DRIBabc-40,0.0,-6.206416170571161e-06
DRIBabc_FWD_CPLX_DRIBabc-40,0.0,-4.82010836435168e-07
DRIBabc_REV_CPLX_DRIBabc-32,0.0,-6.117195426472068e-06
DRIBabc_FWD_CPLX_DRIBabc-32,0.0,-3.927900923360749e-07
DRIBabc_REV_CPLX_DRIBabc-52,0.0,-6.206416170571161e-06
DRIBabc_FWD_CPLX_DRIBabc-52,0.0,-4.82010836435168e-07
DRIBabc_REV_CPLX_DRIBabc-25,0.0,-5.9230991943138e-06
DRIBabc_FWD_CPLX_DRIBabc-25,0.0,-1.9869386017780673e-07
DRIBabc_REV_CPLX_DRIBabc-35,0.0,-6.117195426472068e-06
DRIBabc_FWD_CPLX_DRIBabc-35,0.0,-3.927900923360749e-07
DRIBabc_REV_CPLX_DRIBabc-11,0.0,-6.3220691813022035e-06
DRIBabc_FWD_CPLX_DRIBabc-11,0.0,-5.976638471662099e-07
DRIBabc_REV_CPLX_DRIBabc-28,0.0,-6.134006326024693e-06
DRIBabc_FWD_CPLX_DRIBabc-28,0.0,-4.0960099188869983e-07
DRIBabc_REV_CPLX_DRIBabc-15,0.0,-5.785971232864991e-06
DRIBabc_FWD_CPLX_DRIBabc-15,0.0,-6.156589872899802e-08
DRIBabc_REV_CPLX_DRIBabc-8,0.0,-6.3220691813022035e-06
DRIBabc_FWD_CPLX_DRIBabc-8,0.0,-5.976638471662099e-07
DRIBabc_REV_CPLX_DRIBabc-33,0.0,-5.785971232864991e-06
DRIBabc_FWD_CPLX_DRIBabc-33,0.0,-6.156589872899802e-08
DRIBabc_REV_CPLX_DRIBabc-37,0.0,-5.990260922390962e-06
DRIBabc_FWD_CPLX_DRIBabc-37,0.0,-2.658555882549692e-07
DRIBabc_REV_CPLX_DRIBabc-45,0.0,-5.8952656984203265e-06
DRIBabc_FWD_CPLX_DRIBabc-45,0.0,-1.7086036428433356e-07
DRIBabc_REV_CPLX_DRIBabc-9,0.0,-5.9863666205559946e-06
DRIBabc_FWD_CPLX_DRIBabc-9,0.0,-2.619612864200011e-07
DRIBabc_REV_CPLX_DRIBabc-56,0.0,-6.352415024425672e-06
DRIBabc_FWD_CPLX_DRIBabc-56,0.0,-6.280096902896784e-07
DRIBabc_REV_CPLX_DRIBabc-16,0.0,-6.1956767103583655e-06
DRIBabc_FWD_CPLX_DRIBabc-16,0.0,-4.71271376222372e-07
DRIBabc_REV_CPLX_DRIBabc-53,0.0,-6.125564367577239e-06
DRIBabc_FWD_CPLX_DRIBabc-53,0.0,-4.011590334412459e-07
DRIBabc_REV_CPLX_DRIBabc-4,0.0,-6.310229140314038e-06
DRIBabc_FWD_CPLX_DRIBabc-4,0.0,-5.858238061780448e-07
DRIBabc_REV_CPLX_DRIBabc-5,0.0,-6.2287855802545946e-06
DRIBabc_FWD_CPLX_DRIBabc-5,0.0,-5.043802461186016e-07
DRIBabc_REV_CPLX_DRIBabc-30,0.0,-5.984545846281018e-06
DRIBabc_FWD_CPLX_DRIBabc-30,0.0,-2.6014051214502464e-07
DRIBabc_REV_CPLX_DRIBabc-57,0.0,-6.030773521525009e-06
DRIBabc_FWD_CPLX_DRIBabc-57,0.0,-3.0636818738901587e-07
DRIBabc_REV_CPLX_DRIBabc-6,0.0,-6.1891182059766125e-06
DRIBabc_FWD_CPLX_DRIBabc-6,0.0,-4.647128718406191e-07
DRIBabc_REV_CPLX_DRIBabc-38,0.0,-6.125564367577239e-06
DRIBabc_FWD_CPLX_DRIBabc-38,0.0,-4.011590334412459e-07
DRIBabc_REV_CPLX_DRIBabc-36,0.0,-5.990260922390962e-06
DRIBabc_FWD_CPLX_DRIBabc-36,0.0,-2.658555882549692e-07
DRIBabc_REV_CPLX_DRIBabc-12,0.0,-5.984545846281018e-06
DRIBabc_FWD_CPLX_DRIBabc-12,0.0,-2.6014051214502464e-07
DRIBabc_REV_CPLX_DRIBabc-47,0.0,-6.2287855802545946e-06
DRIBabc_FWD_CPLX_DRIBabc-47,0.0,-5.043802461186016e-07
DRIBabc_REV_CPLX_DRIBabc-41,0.0,-6.125564367577239e-06
DRIBabc_FWD_CPLX_DRIBabc-41,0.0,-4.011590334412459e-07
DRIBabc_REV_CPLX_DRIBabc-48,0.0,-5.990260922390962e-06
DRIBabc_FWD_CPLX_DRIBabc-48,0.0,-2.658555882549692e-07
DRIBabc_REV_CPLX_DRIBabc-59,0.0,-6.352415024425672e-06
DRIBabc_FWD_CPLX_DRIBabc-59,0.0,-6.280096902896784e-07
DRIBabc_REV_CPLX_DRIBabc-26,0.0,-6.056479873842773e-06
DRIBabc_FWD_CPLX_DRIBabc-26,0.0,-3.320745397067801e-07
DRIBabc_REV_CPLX_DRIBabc-46,0.0,-6.310229140314038e-06
DRIBabc_FWD_CPLX_DRIBabc-46,0.0,-5.858238061780448e-07
DRIBabc_REV_CPLX_DRIBabc-43,0.0,-6.09601812838015e-06
DRIBabc_FWD_CPLX_DRIBabc-43,0.0,-3.716127942441571e-07
DRIBabc_REV_CPLX_DRIBabc-44,0.0,-6.2287855802545946e-06
DRIBabc_FWD_CPLX_DRIBabc-44,0.0,-5.043802461186016e-07
DRIBabc_REV_CPLX_DRIBabc-55,0.0,-6.224935401142365e-06
DRIBabc_FWD_CPLX_DRIBabc-55,0.0,-5.005300670063722e-07
DRIBabc_REV_CPLX_DRIBabc-1,0.0,-6.09601812838015e-06
DRIBabc_FWD_CPLX_DRIBabc-1,0.0,-3.716127942441571e-07
DRIBabc_REV_CPLX_DRIBabc-13,0.0,-5.984545846281018e-06
DRIBabc_FWD_CPLX_DRIBabc-13,0.0,-2.6014051214502464e-07
DRIBabc_REV_CPLX_DRIBabc-14,0.0,-6.117195426472068e-06
DRIBabc_FWD_CPLX_DRIBabc-14,0.0,-3.927900923360749e-07
DRIBabc_REV_CPLX_DRIBabc-17,0.0,-6.117195426472068e-06
DRIBabc_FWD_CPLX_DRIBabc-17,0.0,-3.927900923360749e-07
DRIBabc_REV_CPLX_DRIBabc-50,0.0,-6.125564367577239e-06
DRIBabc_FWD_CPLX_DRIBabc-50,0.0,-4.011590334412459e-07
DRIBabc_REV_CPLX_DRIBabc-20,0.0,-6.118301209903161e-06
DRIBabc_FWD_CPLX_DRIBabc-20,0.0,-3.9389587576716755e-07
DRIBabc_REV_CPLX_DRIBabc-51,0.0,-5.787211359017082e-06
DRIBabc_FWD_CPLX_DRIBabc-51,0.0,-6.2806024881089e-08
DRIBabc_REV_CPLX_DRIBabc-54,0.0,-6.224935401142365e-06
DRIBabc_FWD_CPLX_DRIBabc-54,0.0,-5.005300670063722e-07
DRIBabc_REV_CPLX_DRIBabc-58,0.0,-6.432497873919178e-06
DRIBabc_FWD_CPLX_DRIBabc-58,0.0,-7.080925397831855e-07
DRIBabc_REV_CPLX_DRIBabc-21,0.0,-5.784533304245214e-06
DRIBabc_FWD_CPLX_DRIBabc-21,0.0,-6.012797010922122e-08
DRIBabc_REV_CPLX_DRIBabc-23,0.0,-6.118301209903161e-06
DRIBabc_FWD_CPLX_DRIBabc-23,0.0,-3.9389587576716755e-07
DRIBabc_REV_CPLX_DRIBabc-29,0.0,-6.056479873842773e-06
DRIBabc_FWD_CPLX_DRIBabc-29,0.0,-3.320745397067801e-07
DRIBabc_REV_CPLX_DRIBabc-42,0.0,-6.09601812838015e-06
DRIBabc_FWD_CPLX_DRIBabc-42,0.0,-3.716127942441571e-07
DRIBabc_REV_CPLX_DRIBabc-34,0.0,-6.1956767103583655e-06
DRIBabc_FWD_CPLX_DRIBabc-34,0.0,-4.71271376222372e-07
DRPAr_REV_g.2094.peg.4232-MONOMER,0.0,-4.772272863952268e-07
DRPAr_FWD_g.2094.peg.4232-MONOMER,0.0,-4.6265637397094415e-06
DRPAr_REV_g.2094.peg.184-MONOMER,1.7679514602595587,-4.706749327363425e-36
DRPAr_FWD_g.2094.peg.184-MONOMER,0.0,-4.149336453314215e-06
DSERt2r_REV_g.2094.peg.3225-MONOMER,0.0,4.7278244500761675e-37
DSERt2r_FWD_g.2094.peg.3225-MONOMER,0.0,-3.242352711915474e-06
DTMPK_REV_g.2094.peg.335-MONOMER_mod_mg2(1),0.0,-4.200550394026869e-06
DTMPK_FWD_g.2094.peg.335-MONOMER_mod_mg2(1),0.01791878437389495,-1.9546200713696006e-36
DURIK1_REV_g.2094.peg.1958-MONOMER_mod_mg2(1),0.0,-2.8859269178199663e-06
DURIK1_FWD_g.2094.peg.1958-MONOMER_mod_mg2(1),0.01791878437389495,6.063461278202892e-37
DURIPP_REV_g.2094.peg.363-MONOMER,0.01791878437389495,-2.1757159670984115e-36
DURIPP_FWD_g.2094.peg.363-MONOMER,0.0,-3.452137157249797e-06
DURIPP_REV_g.2094.peg.4159-MONOMER,0.0,-1.4617219126978874e-06
DURIPP_FWD_g.2094.peg.4159-MONOMER,0.0,-4.913859069947684e-06
DURIt2_REV_g.2094.peg.2845-MONOMER,0.0,0.004734151324404492
DURIt2_FWD_g.2094.peg.2845-MONOMER,0.0,-0.004737573155167209
DURIt2_REV_g.2094.peg.4014-MONOMER,0.0,0.004733901425249945
DURIt2_FWD_g.2094.peg.4014-MONOMER,0.0,-0.004737823054321756
DURIt2_REV_g.2094.peg.2416-MONOMER,0.0,0.004734056196295254
DURIt2_FWD_g.2094.peg.2416-MONOMER,0.0,-0.004737668283276447
DUTPDP_REV_g.2094.peg.2345-MONOMER_mod_zn2(1),0.0,0.0160920348790223
DUTPDP_FWD_g.2094.peg.2345-MONOMER_mod_zn2(1),0.0,-0.01609470267358328
DUTPDP_REV_g.2094.peg.160-MONOMER,0.0,0.016092540343727327
DUTPDP_FWD_g.2094.peg.160-MONOMER,0.0,-0.016094197208878256
DXPRIr_REV_g.2094.peg.2276-MONOMER_mod_mn2(1),0.0,-6.653994054756692e-06
DXPRIr_FWD_g.2094.peg.2276-MONOMER_mod_mn2(1),0.0,-4.375805723129989e-09
DXPRIr_REV_g.2094.peg.2276-MONOMER_mod_mg2(1),0.0,-6.660232719385881e-06
DXPRIr_FWD_g.2094.peg.2276-MONOMER_mod_mg2(1),0.0,-1.0614470352320043e-08
DXPRIr_REV_g.2094.peg.2276-MONOMER_mod_cobalt2(1),0.0,-6.649618249033561e-06
DXPRIr_FWD_g.2094.peg.2276-MONOMER_mod_cobalt2(1),0.13617938761310372,-7.886649128275195e-35
DXPS_REV_527012.3.peg.4571-MONOMER_mod_thmpp(1),0.0,-5.519377798591825e-06
DXPS_FWD_527012.3.peg.4571-MONOMER_mod_thmpp(1),0.13617938761310372,1.0285063523165709e-36
D_LACD_REV_g.2094.peg.119-MONOMER,0.0,-1.1221263099255866e-06
D_LACD_FWD_g.2094.peg.119-MONOMER,0.0,-1.3713329192333489e-06
D_LACD_REV_g.2094.peg.2876-MONOMER_mod_fad(1),0.0,-1.9081758939659703e-06
D_LACD_FWD_g.2094.peg.2876-MONOMER_mod_fad(1),0.0,-2.1573825032737327e-06
D_LACD_REV_g.2094.peg.2588-MONOMER,0.0,2.4920660930776225e-07
D_LACD_FWD_g.2094.peg.2588-MONOMER,0.0,-3.841501002270297e-37
E4PD_REV_527012.3.peg.2237-MONOMER,0.0,-5.274017283054621e-07
E4PD_FWD_527012.3.peg.2237-MONOMER,0.0,-5.311579280940312e-06
E4PD_REV_527012.3.peg.1274-MONOMER,0.0,-2.5912071740649323e-35
E4PD_FWD_527012.3.peg.1274-MONOMER,0.0,-4.78417755263485e-06
EACPR1_REV_527012.3.peg.2923-MONOMER,0.0,-2.6355292532259347e-06
EACPR1_FWD_527012.3.peg.2923-MONOMER,0.0,-4.071034283316747e-07
EACPR1_REV_527012.3.peg.4110-MONOMER,0.0,-2.2284258248942603e-06
EACPR1_FWD_527012.3.peg.4110-MONOMER,0.0,2.2142301507041375e-35
EACPR2_REV_527012.3.peg.2923-MONOMER,0.0,-2.6355292532259347e-06
EACPR2_FWD_527012.3.peg.2923-MONOMER,0.0,-4.071034283316747e-07
EACPR2_REV_527012.3.peg.4110-MONOMER,0.0,-2.2284258248942603e-06
EACPR2_FWD_527012.3.peg.4110-MONOMER,0.0,6.115750779519859e-36
EAR100y_REV_g.2094.peg.977-MONOMER,0.0,-5.1926378043438805e-06
EAR100y_FWD_g.2094.peg.977-MONOMER,0.0,4.120759269291145e-36
EAR10M11_REV_g.2094.peg.977-MONOMER,0.0,-5.189443768488649e-06
EAR10M11_FWD_g.2094.peg.977-MONOMER,0.0,2.701050806955457e-36
EAR10M12_REV_g.2094.peg.977-MONOMER,0.0,-5.189443768488649e-06
EAR10M12_FWD_g.2094.peg.977-MONOMER,0.03573007547605879,2.0873319124852268e-35
EAR11M12_REV_g.2094.peg.977-MONOMER,0.0,-5.189443768488649e-06
EAR11M12_FWD_g.2094.peg.977-MONOMER,0.03573007547605879,2.0873319124852268e-35
EAR120y_REV_g.2094.peg.977-MONOMER,0.0,-5.437459876435195e-06
EAR120y_FWD_g.2094.peg.977-MONOMER,0.0,1.1787184965903862e-35
EAR121x_REV_CPLX_dummy,0.0,-3.5561866870870945e-06
EAR121x_FWD_CPLX_dummy,0.0,-1.0074819486597817e-35
EAR12M13_REV_g.2094.peg.977-MONOMER,0.0,-5.189443768488649e-06
EAR12M13_FWD_g.2094.peg.977-MONOMER,0.0,1.1787184965903862e-35
EAR12M14_REV_g.2094.peg.977-MONOMER,0.0,-5.189443768488649e-06
EAR12M14_FWD_g.2094.peg.977-MONOMER,0.03573007547605879,1.1787184965903862e-35
EAR13M14_REV_g.2094.peg.977-MONOMER,0.0,-5.189443768488649e-06
EAR13M14_FWD_g.2094.peg.977-MONOMER,0.03573007547605879,2.0873319124852268e-35
EAR140y_REV_g.2094.peg.977-MONOMER,0.0,-5.45345895473719e-06
EAR140y_FWD_g.2094.peg.977-MONOMER,0.0,1.1787184965903862e-35
EAR14M15_REV_g.2094.peg.977-MONOMER,0.0,-5.189443768488649e-06
EAR14M15_FWD_g.2094.peg.977-MONOMER,0.0,1.1787184965903862e-35
EAR14M16_REV_g.2094.peg.977-MONOMER,0.0,-5.189443768488649e-06
EAR14M16_FWD_g.2094.peg.977-MONOMER,0.03573007547605879,2.701050806955457e-36
EAR15M16_REV_g.2094.peg.977-MONOMER,0.0,-5.189443768488649e-06
EAR15M16_FWD_g.2094.peg.977-MONOMER,0.03573007547605879,2.0873319124852268e-35
EAR160y_REV_g.2094.peg.977-MONOMER,0.0,-5.37979697054935e-06
EAR160y_FWD_g.2094.peg.977-MONOMER,0.0,2.0873319124852268e-35
EAR161x_REV_CPLX_dummy,0.0,-3.704854448278691e-06
EAR161x_FWD_CPLX_dummy,0.0,-7.078779171714006e-36
EAR180y_REV_g.2094.peg.977-MONOMER,0.0,-5.453455326145495e-06
EAR180y_FWD_g.2094.peg.977-MONOMER,0.0,1.1787184965903862e-35
EAR181x_REV_CPLX_dummy,0.0,-3.7337141896453074e-06
EAR181x_FWD_CPLX_dummy,0.0,-1.1073499591559088e-35
EAR40y_REV_g.2094.peg.977-MONOMER,0.0,-5.1926378043438805e-06
EAR40y_FWD_g.2094.peg.977-MONOMER,0.0,4.120759269291145e-36
EAR4M5_REV_g.2094.peg.977-MONOMER,0.0,-5.189443768488649e-06
EAR4M5_FWD_g.2094.peg.977-MONOMER,0.0,2.701050806955457e-36
EAR4M6_REV_g.2094.peg.977-MONOMER,0.0,-5.189443768488649e-06
EAR4M6_FWD_g.2094.peg.977-MONOMER,0.03573007547605879,1.1787184965903862e-35
EAR5M6_REV_g.2094.peg.977-MONOMER,0.0,-5.189443768488649e-06
EAR5M6_FWD_g.2094.peg.977-MONOMER,0.03573007547605879,2.0873319124852268e-35
EAR60y_REV_g.2094.peg.977-MONOMER,0.0,-5.1926378043438805e-06
EAR60y_FWD_g.2094.peg.977-MONOMER,0.0,4.120759269291145e-36
EAR6M7_REV_g.2094.peg.977-MONOMER,0.0,-5.189443768488649e-06
EAR6M7_FWD_g.2094.peg.977-MONOMER,0.0,2.701050806955457e-36
EAR6M8_REV_g.2094.peg.977-MONOMER,0.0,-5.189443768488649e-06
EAR6M8_FWD_g.2094.peg.977-MONOMER,0.03573007547605879,4.206632221185821e-34
EAR7M8_REV_g.2094.peg.977-MONOMER,0.0,-5.189443768488649e-06
EAR7M8_FWD_g.2094.peg.977-MONOMER,0.03573007547605879,2.0873319124852268e-35
EAR80y_REV_g.2094.peg.977-MONOMER,0.0,-5.1926378043438805e-06
EAR80y_FWD_g.2094.peg.977-MONOMER,0.0,4.120759269291145e-36
EAR8M10_REV_g.2094.peg.977-MONOMER,0.0,-5.189443768488649e-06
EAR8M10_FWD_g.2094.peg.977-MONOMER,0.03573007547605879,2.0873319124852268e-35
EAR8M9_REV_g.2094.peg.977-MONOMER,0.0,-5.189443768488649e-06
EAR8M9_FWD_g.2094.peg.977-MONOMER,0.0,2.701050806955457e-36
EAR9M10_REV_g.2094.peg.977-MONOMER,0.0,-5.189443768488649e-06
EAR9M10_FWD_g.2094.peg.977-MONOMER,0.03573007547605879,2.0873319124852268e-35
ECOAH1_REV_g.2094.peg.1258-MONOMER,0.0,-5.552355101205008e-06
ECOAH1_FWD_g.2094.peg.1258-MONOMER,0.0,5.625837390211333e-36
ECOAH1_REV_g.2094.peg.3533-MONOMER,0.0,-5.611919864669108e-06
ECOAH1_FWD_g.2094.peg.3533-MONOMER,0.0,-5.956476346409992e-08
ECOAH12_REV_g.2094.peg.1258-MONOMER,0.0,-5.552355101205008e-06
ECOAH12_FWD_g.2094.peg.1258-MONOMER,0.0,-1.843351795058002e-38
ECOAH12_REV_g.2094.peg.3533-MONOMER,0.0,-5.611919864669108e-06
ECOAH12_FWD_g.2094.peg.3533-MONOMER,0.0,-5.956476346409992e-08
ECOAH3_REV_g.2094.peg.1258-MONOMER,0.0,-5.736077056386371e-37
ECOAH3_FWD_g.2094.peg.1258-MONOMER,0.0,-5.552355101205008e-06
ECOAH3_REV_g.2094.peg.3533-MONOMER,0.0,-5.956476346409992e-08
ECOAH3_FWD_g.2094.peg.3533-MONOMER,0.0,-5.611919864669108e-06
ECOAH4_REV_g.2094.peg.1258-MONOMER,0.0,5.070663202523276e-36
ECOAH4_FWD_g.2094.peg.1258-MONOMER,0.0,-5.552355101205008e-06
ECOAH4_REV_g.2094.peg.3533-MONOMER,0.0,-5.956476346409992e-08
ECOAH4_FWD_g.2094.peg.3533-MONOMER,0.0,-5.611919864669108e-06
ECOAH5_REV_g.2094.peg.1258-MONOMER,0.0,-6.773052801488608e-36
ECOAH5_FWD_g.2094.peg.1258-MONOMER,0.0,-5.552355101205008e-06
ECOAH5_REV_g.2094.peg.3533-MONOMER,0.0,-5.956476346409992e-08
ECOAH5_FWD_g.2094.peg.3533-MONOMER,0.0,-5.611919864669108e-06
ECOAH6_REV_g.2094.peg.1258-MONOMER,0.0,1.1270108298373248e-35
ECOAH6_FWD_g.2094.peg.1258-MONOMER,0.0,-5.552355101205008e-06
ECOAH6_REV_g.2094.peg.3533-MONOMER,0.0,-5.956476346409992e-08
ECOAH6_FWD_g.2094.peg.3533-MONOMER,0.0,-5.611919864669108e-06
ECOAH7_REV_g.2094.peg.1258-MONOMER,0.0,-5.552355101205008e-06
ECOAH7_FWD_g.2094.peg.1258-MONOMER,0.0,1.1270108298373248e-35
ECOAH7_REV_g.2094.peg.3533-MONOMER,0.0,-5.611919864669108e-06
ECOAH7_FWD_g.2094.peg.3533-MONOMER,0.0,-5.956476346409992e-08
ECOAH9_REV_g.2094.peg.1258-MONOMER,3.996706874632133e-23,-6.217878613800551e-36
ECOAH9_FWD_g.2094.peg.1258-MONOMER,0.0,-5.552355101205008e-06
ECOAH9_REV_g.2094.peg.3533-MONOMER,0.0,-5.956476346409992e-08
ECOAH9_FWD_g.2094.peg.3533-MONOMER,0.0,-5.611919864669108e-06
EDA_R_REV_527012.3.peg.2008-MONOMER,0.0,-5.830962054202179e-06
EDA_R_FWD_527012.3.peg.2008-MONOMER,2.854391549440336e-35,-6.280023493118657e-37
EDD_REV_527012.3.peg.950-MONOMER,0.0,0.0002845313246580164
EDD_FWD_527012.3.peg.950-MONOMER,0.0,-0.0002897335614224096
EDD_REV_527012.3.peg.949-MONOMER,0.0,0.000285199607599728
EDD_FWD_527012.3.peg.949-MONOMER,0.0,-0.000289065278480698
EDTXS1_REV_g.2094.peg.2024-MONOMER,0.0,-3.007496379151186e-06
EDTXS1_FWD_g.2094.peg.2024-MONOMER,0.0,-1.0016389067911889e-07
EDTXS1_REV_g.2094.peg.23-MONOMER,0.0,-2.9073324884720673e-06
EDTXS1_FWD_g.2094.peg.23-MONOMER,0.010490760210035997,3.615828189330481e-35
EDTXS2_REV_g.2094.peg.1381-MONOMER,0.0,-2.1994676284325617e-06
EDTXS2_FWD_g.2094.peg.1381-MONOMER,0.010490760210035997,-1.5586852941069832e-35
EHGLAT_REV_g.2094.peg.1412-MONOMER,0.0,-2.802829836938483e-06
EHGLAT_FWD_g.2094.peg.1412-MONOMER,0.0,-2.407760123609251e-36
EHGLAT_REV_g.2094.peg.1865-MONOMER,0.0,-3.0928730163479497e-06
EHGLAT_FWD_g.2094.peg.1865-MONOMER,0.0,-2.900431794094664e-07
EHGLAT_REV_g.2094.peg.1769-MONOMER,0.0,-3.0928730163479497e-06
EHGLAT_FWD_g.2094.peg.1769-MONOMER,0.0,-2.900431794094664e-07
EHGLAT_REV_g.2094.peg.1365-MONOMER,0.0,-2.9122287907444245e-06
EHGLAT_FWD_g.2094.peg.1365-MONOMER,0.0,-1.0939895380594112e-07
EHGLAT_REV_g.2094.peg.2234-MONOMER,0.0,-2.8539407719689685e-06
EHGLAT_FWD_g.2094.peg.2234-MONOMER,0.0,-5.111093503048537e-08
EHGLAT_REV_g.2094.peg.2469-MONOMER,0.0,-3.1143481089940893e-06
EHGLAT_FWD_g.2094.peg.2469-MONOMER,0.0,-3.115182720556059e-07
EHGLAT_REV_g.2094.peg.721-MONOMER,0.0,-2.9951946255122783e-06
EHGLAT_FWD_g.2094.peg.721-MONOMER,0.0,-1.9236478857379493e-07
ENO_REV_527012.3.peg.643-MONOMER,0.0,-5.079932169009729e-06
ENO_FWD_527012.3.peg.643-MONOMER,13.83083420769069,5.045436349784268e-36
ETHAAL_REV_g.2094.peg.485-MONOMER,0.0,-2.1396656620774906e-06
ETHAAL_FWD_g.2094.peg.485-MONOMER,0.0,5.556273029147701e-38
ETHAP_REV_g.2094.peg.2480-MONOMER,0.0,-3.4050661445005713e-06
ETHAP_FWD_g.2094.peg.2480-MONOMER,0.0,6.821859810705408e-37
ETHAP_REV_g.2094.peg.4167-MONOMER,0.0,-4.586824714457772e-06
ETHAP_FWD_g.2094.peg.4167-MONOMER,0.0,-1.1817585699572004e-06
ETOHt_REV_CPLX_dummy,0.7328951613912756,0.0
ETOHt_FWD_CPLX_dummy,0.0,-3.5850072839868364e-06
FA80ACPHi_REV_g.2094.peg.1610-MONOMER,0.0,-1.968520729254677e-06
FA80ACPHi_FWD_g.2094.peg.1610-MONOMER,0.0,8.863272543455979e-36
FA80ACPHi_REV_g.2094.peg.2219-MONOMER,0.0,-2.3548506050713993e-06
FA80ACPHi_FWD_g.2094.peg.2219-MONOMER,0.0,-3.863298758167226e-07
FACOAL140_REV_g.2094.peg.4693-MONOMER,0.0,-3.5375702674528857e-06
FACOAL140_FWD_g.2094.peg.4693-MONOMER,0.06294491855085045,-1.8089622837369726e-35
FACOAL140_REV_g.2094.peg.1239-MONOMER_mod_mg2(1),0.0,-4.410576533441457e-06
FACOAL140_FWD_g.2094.peg.1239-MONOMER_mod_mg2(1),0.0,-8.73006265988571e-07
FACOAL160_REV_g.2094.peg.4693-MONOMER,0.0,-3.5375702674528857e-06
FACOAL160_FWD_g.2094.peg.4693-MONOMER,0.0,-5.210933752140679e-36
FACOAL160_REV_g.2094.peg.1239-MONOMER_mod_mg2(1),0.0,-4.410576533441457e-06
FACOAL160_FWD_g.2094.peg.1239-MONOMER_mod_mg2(1),0.0,-8.73006265988571e-07
FACOAL161_REV_g.2094.peg.4693-MONOMER,6.358064941533491e-24,2.2322815326624867e-35
FACOAL161_FWD_g.2094.peg.4693-MONOMER,0.0,-3.5375702674528857e-06
FACOAL161_REV_g.2094.peg.1239-MONOMER_mod_mg2(1),0.0,-8.73006265988571e-07
FACOAL161_FWD_g.2094.peg.1239-MONOMER_mod_mg2(1),0.0,-4.410576533441457e-06
FACOAL180_REV_g.2094.peg.4693-MONOMER,0.0,-3.5375702674528857e-06
FACOAL180_FWD_g.2094.peg.4693-MONOMER,0.03573007547605879,8.555940787242095e-36
FACOAL180_REV_g.2094.peg.1239-MONOMER_mod_mg2(1),0.0,-4.410576533441457e-06
FACOAL180_FWD_g.2094.peg.1239-MONOMER_mod_mg2(1),0.0,-8.73006265988571e-07
FACOAL181_REV_g.2094.peg.4693-MONOMER,6.358064941533491e-24,2.2322815326624867e-35
FACOAL181_FWD_g.2094.peg.4693-MONOMER,0.0,-3.5375702674528857e-06
FACOAL181_REV_g.2094.peg.1239-MONOMER_mod_mg2(1),0.0,-8.73006265988571e-07
FACOAL181_FWD_g.2094.peg.1239-MONOMER_mod_mg2(1),0.0,-4.410576533441457e-06
FACOALAI15_REV_g.2094.peg.4693-MONOMER,0.0,4.5591062435503214e-36
FACOALAI15_FWD_g.2094.peg.4693-MONOMER,0.0,-3.5375702674528857e-06
FACOALAI15_REV_g.2094.peg.1239-MONOMER_mod_mg2(1),0.0,-8.73006265988571e-07
FACOALAI15_FWD_g.2094.peg.1239-MONOMER_mod_mg2(1),0.0,-4.410576533441457e-06
FACOALAI17_REV_g.2094.peg.4693-MONOMER,0.0,-9.651861022909315e-36
FACOALAI17_FWD_g.2094.peg.4693-MONOMER,0.0,-3.5375702674528857e-06
FACOALAI17_REV_g.2094.peg.1239-MONOMER_mod_mg2(1),0.0,-8.73006265988571e-07
FACOALAI17_FWD_g.2094.peg.1239-MONOMER_mod_mg2(1),0.0,-4.410576533441457e-06
FACOALI14_REV_g.2094.peg.4693-MONOMER,0.0,1.5217331693395048e-35
FACOALI14_FWD_g.2094.peg.4693-MONOMER,0.0,-3.5375702674528857e-06
FACOALI14_REV_g.2094.peg.1239-MONOMER_mod_mg2(1),0.0,-8.73006265988571e-07
FACOALI14_FWD_g.2094.peg.1239-MONOMER_mod_mg2(1),0.0,-4.410576533441457e-06
FACOALI15_REV_g.2094.peg.4693-MONOMER,0.0,8.111848060165231e-36
FACOALI15_FWD_g.2094.peg.4693-MONOMER,0.0,-3.5375702674528857e-06
FACOALI15_REV_g.2094.peg.1239-MONOMER_mod_mg2(1),0.0,-8.73006265988571e-07
FACOALI15_FWD_g.2094.peg.1239-MONOMER_mod_mg2(1),0.0,-4.410576533441457e-06
FACOALI16_REV_g.2094.peg.4693-MONOMER,0.0,1.5217331693395048e-35
FACOALI16_FWD_g.2094.peg.4693-MONOMER,0.0,-3.5375702674528857e-06
FACOALI16_REV_g.2094.peg.1239-MONOMER_mod_mg2(1),0.0,-8.73006265988571e-07
FACOALI16_FWD_g.2094.peg.1239-MONOMER_mod_mg2(1),0.0,-4.410576533441457e-06
FACOALI17_REV_g.2094.peg.4693-MONOMER,0.0,8.111848060165231e-36
FACOALI17_FWD_g.2094.peg.4693-MONOMER,0.0,-3.5375702674528857e-06
FACOALI17_REV_g.2094.peg.1239-MONOMER_mod_mg2(1),0.0,-8.73006265988571e-07
FACOALI17_FWD_g.2094.peg.1239-MONOMER_mod_mg2(1),0.0,-4.410576533441457e-06
FALDH2_REV_g.2094.peg.1465-MONOMER,0.0,-3.3901210926610895e-06
FALDH2_FWD_g.2094.peg.1465-MONOMER,0.0,5.8204284156246e-36
FALDH2_REV_g.2094.peg.2048-MONOMER_mod_zn2(1),0.0,-3.6874688687169384e-06
FALDH2_FWD_g.2094.peg.2048-MONOMER_mod_zn2(1),0.0,-2.9734777605584883e-07
FAS140ACPrev_REV_CPLX_dummy,0.0,-4.066548185241201e-06
FAS140ACPrev_FWD_CPLX_dummy,0.05245404551202096,-4.66854544142173e-36
FBA_REV_527012.3.peg.2297-MONOMER,0.0,-4.692382828270364e-06
FBA_FWD_527012.3.peg.2297-MONOMER,3.914313429753668,-3.157346195844535e-35
FBA2_REV_g.2094.peg.1938-MONOMER,0.0,-3.5994692545975776e-06
FBA2_FWD_g.2094.peg.1938-MONOMER,0.37246446000000005,-2.335599542649442e-36
FBA3_REV_g.2094.peg.1938-MONOMER,0.0,-3.5994692545975776e-06
FBA3_FWD_g.2094.peg.1938-MONOMER,1.1709245493867586,1.223078306022413e-36
FBP_REV_527012.3.peg.752-MONOMER,0.0,0.00804831283340929
FBP_FWD_527012.3.peg.752-MONOMER,0.0,-0.008050576791067637
FBP_REV_527012.3.peg.3568-MONOMER_mod_mn2(1),0.0,0.008046666952484542
FBP_FWD_527012.3.peg.3568-MONOMER_mod_mn2(1),0.0,-0.008052222671992385
FCI_REV_g.2094.peg.4300-MONOMER_mod_mn2(1),0.0,-7.475401760275746e-06
FCI_FWD_g.2094.peg.4300-MONOMER_mod_mn2(1),0.0,-4.807442149246498e-37
FCLK_REV_g.2094.peg.4695-MONOMER_mod_mg2(1),0.0,-4.5657860161160855e-06
FCLK_FWD_g.2094.peg.4695-MONOMER_mod_mg2(1),-1.1996760088747545e-24,-4.197429512869794e-36
FCLPA_REV_g.2094.peg.4424-MONOMER_mod_zn2(1),4.61546888750576e-34,7.1594196647848394e-37
FCLPA_FWD_g.2094.peg.4424-MONOMER_mod_zn2(1),0.0,-3.929651363791324e-06
FCLTc_REV_g.2094.peg.1969-MONOMER,0.0,-1.9032349955832045e-06
FCLTc_FWD_g.2094.peg.1969-MONOMER,1.1338333256766326e-25,-1.4875535067929074e-34
FDH_REV_g.2094.peg.1684-MONOMER,0.0,0.0017873426411816472
FDH_FWD_g.2094.peg.1684-MONOMER,0.0,-0.001786922404262509
FDH_REV_g.2094.peg.1398-MONOMER,0.0,0.0017874786387114484
FDH_FWD_g.2094.peg.1398-MONOMER,0.0,-0.0017867864067327077
FDH_REV_g.2094.peg.1314-MONOMER,0.0,0.00178512590746248
FDH_FWD_g.2094.peg.1314-MONOMER,0.0,-0.0017891391379816761
FDH_REV_g.2094.peg.1908-MONOMER,0.0,0.0017857082025857219
FDH_FWD_g.2094.peg.1908-MONOMER,0.0,-0.0017885568428584343
FDH_REV_g.2094.peg.1012-MONOMER,0.0,0.0017852015337188815
FDH_FWD_g.2094.peg.1012-MONOMER,0.0,-0.0017890635117252748
FDH_REV_g.2094.peg.1800-MONOMER,0.0,-0.008013484897998729
FDH_FWD_g.2094.peg.1800-MONOMER,0.0,-0.011587749943442886
FDH_REV_g.2094.peg.1607-MONOMER,0.0,0.0017857744643719922
FDH_FWD_g.2094.peg.1607-MONOMER,0.0,-0.001788490581072164
FDH_REV_g.2094.peg.1142-MONOMER,0.0,-0.008013478172704957
FDH_FWD_g.2094.peg.1142-MONOMER,0.0,-0.011587743218149113
FDH_REV_g.2094.peg.1998-MONOMER,0.0,0.0017857082025857219
FDH_FWD_g.2094.peg.1998-MONOMER,0.0,-0.0017885568428584343
FDH2_REV_CPLX_FDH2-0,0.0,-0.010719639497943087
FDH2_FWD_CPLX_FDH2-0,0.0,-3.6771625598108238e-09
FDH2_REV_CPLX_FDH2-2,0.0,-0.010838108589120784
FDH2_FWD_CPLX_FDH2-2,0.0,-0.00011847276834025663
FDH2_REV_CPLX_FDH2-5,0.0,-0.010719770583837239
FDH2_FWD_CPLX_FDH2-5,0.0,-1.3476305671074274e-07
FDH2_REV_CPLX_FDH2-7,0.0,-0.010838242572691658
FDH2_FWD_CPLX_FDH2-7,0.0,-0.00011860675191113052
FDH2_REV_CPLX_FDH2-3,0.0,-0.010838108589120784
FDH2_FWD_CPLX_FDH2-3,0.0,-0.00011847276834025663
FDH2_REV_CPLX_FDH2-10,0.0,-0.0108381048306739
FDH2_FWD_CPLX_FDH2-10,0.0,-0.00011846900989337233
FDH2_REV_CPLX_FDH2-11,0.0,-0.0108381048306739
FDH2_FWD_CPLX_FDH2-11,0.0,-0.00011846900989337233
FDH2_REV_CPLX_FDH2-8,0.0,-0.010719635820780529
FDH2_FWD_CPLX_FDH2-8,9.660802500966158e-42,4.8402169106025013e-36
FDH2_REV_CPLX_FDH2-1,0.0,-0.010719639497943087
FDH2_FWD_CPLX_FDH2-1,0.0,-3.6771625598108238e-09
FDH2_REV_CPLX_FDH2-6,0.0,-0.010838242572691658
FDH2_FWD_CPLX_FDH2-6,0.0,-0.00011860675191113052
FDH2_REV_CPLX_FDH2-15,0.0,-0.010838238814244774
FDH2_FWD_CPLX_FDH2-15,0.0,-0.00011860299346424621
FDH2_REV_CPLX_FDH2-13,0.0,-0.010719766906674678
FDH2_FWD_CPLX_FDH2-13,0.0,-1.3108589415093193e-07
FDH2_REV_CPLX_FDH2-12,0.0,-0.010719766906674678
FDH2_FWD_CPLX_FDH2-12,0.0,-1.3108589415093193e-07
FDH2_REV_CPLX_FDH2-14,0.0,-0.010838238814244774
FDH2_FWD_CPLX_FDH2-14,0.0,-0.00011860299346424621
FDH2_REV_CPLX_FDH2-9,0.0,-0.010719635820780529
FDH2_FWD_CPLX_FDH2-9,0.0,4.8402169106025013e-36
FDH2_REV_CPLX_FDH2-4,0.0,-0.010719770583837239
FDH2_FWD_CPLX_FDH2-4,0.0,-1.3476305671074274e-07
FE2DH_REV_g.2094.peg.1168-MONOMER,0.0,-7.527438001661062e-07
FE2DH_FWD_g.2094.peg.1168-MONOMER,0.0,-1.5064923094743317e-06
FE2DH_REV_g.2094.peg.4500-MONOMER,2.062140377743616e-06,-7.241451687455177e-36
FE2DH_FWD_g.2094.peg.4500-MONOMER,0.0,-7.537485093082255e-07
FE2abc_REV_g.2094.peg.3809-MONOMER,0.0,0.005361060681617786
FE2abc_FWD_g.2094.peg.3809-MONOMER,0.0,-0.005366258029521159
FE3abc_REV_CPLX_dummy,0.0,0.008042165695779643
FE3abc_FWD_CPLX_dummy,0.0,-0.008045750703063629
FE3t4_REV_CPLX_FE3t4-0,0.0,-4.928128646052324e-06
FE3t4_FWD_CPLX_FE3t4-0,4.126772341512177e-06,0.0
FECRMabc_REV_CPLX_FECRMabc-2,0.0,-3.4575007809592824e-06
FECRMabc_FWD_CPLX_FECRMabc-2,0.0,4.295899820904068e-36
FECRMabc_REV_CPLX_FECRMabc-1,0.0,-4.730856361842222e-06
FECRMabc_FWD_CPLX_FECRMabc-1,0.0,-1.2733555808829395e-06
FECRMabc_REV_CPLX_FECRMabc-0,0.0,-4.958980484728004e-06
FECRMabc_FWD_CPLX_FECRMabc-0,0.0,-1.5014797037687217e-06
FEDCabc_REV_g.2094.peg.2097-MONOMER,0.0,0.0008897085768583015
FEDCabc_FWD_g.2094.peg.2097-MONOMER,0.0,-0.000892502395531593
FEDCabc_REV_g.2094.peg.609-MONOMER,0.0,0.0008893219036321851
FEDCabc_FWD_g.2094.peg.609-MONOMER,0.0,-0.0008928890687577094
FERO_REV_g.2094.peg.1168-MONOMER,0.0,0.028585276653897863
FERO_FWD_g.2094.peg.1168-MONOMER,0.0,-0.028587535890007502
FERO_REV_g.2094.peg.4500-MONOMER,0.0,0.02858602939769803
FERO_FWD_g.2094.peg.4500-MONOMER,0.0,-0.02858678314620734
FGLU_REV_g.2094.peg.4649-MONOMER,0.0,-3.892370534060191e-06
FGLU_FWD_g.2094.peg.4649-MONOMER,0.0,-1.2176341345918522e-36
FK_REV_g.2094.peg.581-MONOMER,0.0,-3.4466350596075763e-06
FK_FWD_g.2094.peg.581-MONOMER,0.0,-2.5926469909215837e-36
FLVRx_REV_g.2094.peg.1811-MONOMER,0.0,-5.154295671715671e-06
FLVRx_FWD_g.2094.peg.1811-MONOMER,0.0,-3.068819134816119e-36
FMNAT_REV_527012.3.peg.3735-MONOMER,0.0,-3.851261529124756e-06
FMNAT_FWD_527012.3.peg.3735-MONOMER,0.0012989539420706615,2.8863950226983226e-35
FOLD3_REV_g.2094.peg.4696-MONOMER_mod_mg2(1),0.0,-4.825976864644527e-06
FOLD3_FWD_g.2094.peg.4696-MONOMER_mod_mg2(1),0.0,-1.1798278639351044e-36
FOMETR_REV_g.2094.peg.1459-MONOMER,0.0,-3.023317774367953e-06
FOMETR_FWD_g.2094.peg.1459-MONOMER,0.0,3.981928873581654e-36
FORt2r_REV_g.2094.peg.3176-MONOMER,17.003284062935204,-9.225393461922932e-36
FORt2r_FWD_g.2094.peg.3176-MONOMER,0.0,-2.7792011651658494e-06
FORt2r_REV_g.2094.peg.1924-MONOMER,0.0,-7.262072783304149e-07
FORt2r_FWD_g.2094.peg.1924-MONOMER,0.0,-3.505408443496264e-06
FORt2r_REV_g.2094.peg.2338-MONOMER,5.753253128443042e-25,-1.037264623242821e-35
FORt2r_FWD_g.2094.peg.2338-MONOMER,0.0,-2.7792011651658494e-06
FPGS_REV_527012.3.peg.2974-MONOMER,0.0,-4.397694160274705e-06
FPGS_FWD_527012.3.peg.2974-MONOMER,0.0,-7.24297289851574e-35
FPGS7_REV_g.2094.peg.2089-MONOMER,0.0,-4.397694160274705e-06
FPGS7_FWD_g.2094.peg.2089-MONOMER,0.01565757144900561,1.5714587368493403e-35
FPGS_tm_REV_g.2094.peg.2089-MONOMER,0.0,-4.397694160274705e-06
FPGS_tm_FWD_g.2094.peg.2089-MONOMER,0.0,-1.9136733737934166e-36
FRD2_REV_CPLX_FRD2-0,0.0,-3.7290292818692735e-06
FRD2_FWD_CPLX_FRD2-0,0.0,-5.45467138760277e-07
FRD2_REV_CPLX_FRD2-1_mod_3fe4s(1)_mod_fad(1)_mod_2fe2s(1)_mod_4fe4s(1),0.0,-0.0400144757285802
FRD2_FWD_CPLX_FRD2-1_mod_3fe4s(1)_mod_fad(1)_mod_2fe2s(1)_mod_4fe4s(1),0.0,-0.04001129216643708
FRD3_REV_CPLX_FRD2-0,0.0,-4.071769969781191e-06
FRD3_FWD_CPLX_FRD2-0,0.0,-2.0272645084835964e-07
FRD3_REV_CPLX_FRD2-1_mod_3fe4s(1)_mod_fad(1)_mod_2fe2s(1)_mod_4fe4s(1),0.0,-0.040014818469268104
FRD3_FWD_CPLX_FRD2-1_mod_3fe4s(1)_mod_fad(1)_mod_2fe2s(1)_mod_4fe4s(1),0.0,-0.040010949425749176
FRD7_REV_CPLX_dummy,0.0,-2.666385574550892e-06
FRD7_FWD_CPLX_dummy,0.0,-9.186217094359446e-07
FRDO_REV_g.2094.peg.2813-MONOMER_mod_fad(1),0.0,0.0017858962491346024
FRDO_FWD_g.2094.peg.2813-MONOMER_mod_fad(1),0.0,-0.001788444907616652
FRTT_REV_g.2094.peg.4705-MONOMER_mod_mg2(1),0.0,-5.415720458469001e-06
FRTT_FWD_g.2094.peg.4705-MONOMER_mod_mg2(1),0.0025976281628384682,2.2401606748592437e-35
FRUK_REV_527012.3.peg.1043-MONOMER_mod_mg2(1),0.0,-5.137803315907952e-06
FRUK_FWD_527012.3.peg.1043-MONOMER_mod_mg2(1),0.0,-3.7104096640045513e-07
FRUpts_REV_CPLX_FRUpts-0,0.0,-7.861531492994728e-06
FRUpts_FWD_CPLX_FRUpts-0,0.14898579,3.0480967662648284e-36
FT_REV_g.2094.peg.2311-MONOMER_mod_mg2(1),0.0,-4.233254659833746e-06
FT_FWD_g.2094.peg.2311-MONOMER_mod_mg2(1),0.0,5.8148935871633304e-36
FTHFCL_REV_g.2094.peg.1177-MONOMER,0.0,0.00804460178946272
FTHFCL_FWD_g.2094.peg.1177-MONOMER,0.0,-0.008045219420252239
FTHFD_REV_g.2094.peg.1844-MONOMER,0.0,0.0053729636132583605
FTHFD_FWD_g.2094.peg.1844-MONOMER,0.0,-0.005376602557985085
FTHFL_REV_g.2094.peg.675-MONOMER,0.0,0.002668606780466542
FTHFL_FWD_g.2094.peg.675-MONOMER,0.0,-0.002674671575779338
FUM_REV_527012.3.peg.1670-MONOMER,0.0,-7.060014434664629e-06
FUM_FWD_527012.3.peg.1670-MONOMER,0.9297530995474634,4.731006360923952e-36
FUMt2r_REV_g.2094.peg.1394-MONOMER,0.0,-2.2577744022336798e-06
FUMt2r_FWD_g.2094.peg.1394-MONOMER,1.0,-2.8869437464789054e-36
FUMt2r_REV_g.2094.peg.4575-MONOMER,0.0,-3.436152384872486e-06
FUMt2r_FWD_g.2094.peg.4575-MONOMER,0.0,-1.1783779826388066e-06
FUMt2r_REV_g.2094.peg.2053-MONOMER,0.0,-2.749289968656266e-06
FUMt2r_FWD_g.2094.peg.2053-MONOMER,0.0,-4.915155664225862e-07
FUMt2r_REV_g.2094.peg.1509-MONOMER,0.0,-2.5154121659784193e-06
FUMt2r_FWD_g.2094.peg.1509-MONOMER,0.0,-2.5763776374473954e-07
G16BPS_REV_g.2094.peg.2413-MONOMER,0.0,-9.394164688184383e-36
G16BPS_FWD_g.2094.peg.2413-MONOMER,0.0,-4.281615267686138e-06
G1PACT_REV_527012.3.peg.4221-MONOMER_mod_mg2(1),0.0,0.00803383668068836
G1PACT_FWD_527012.3.peg.4221-MONOMER_mod_mg2(1),0.0,-0.008040556402523595
G1PTT_REV_g.2094.peg.3670-MONOMER,0.0,-3.3307961935075735e-06
G1PTT_FWD_g.2094.peg.3670-MONOMER,0.010490760210035997,3.707230951409019e-36
G1SAT_REV_g.2094.peg.4415-MONOMER_mod_pydx5p(1),0.0,-3.790411531707535e-06
G1SAT_FWD_g.2094.peg.4415-MONOMER_mod_pydx5p(1),-7.121520534964584e-42,-3.40093447612544e-36
G3PAT120_REV_g.2094.peg.2641-MONOMER,0.0,-5.177019998506246e-06
G3PAT120_FWD_g.2094.peg.2641-MONOMER,0.0,-2.0801811815744655e-07
G3PAT120_REV_CPLX_G3PAT120-0,0.0,-4.969001880348799e-06
G3PAT120_FWD_CPLX_G3PAT120-0,0.0,5.875832700500208e-36
G3PAT140_REV_g.2094.peg.2641-MONOMER,0.0,5.705762455346292e-07
G3PAT140_FWD_g.2094.peg.2641-MONOMER,0.0,-5.963613908518914e-06
G3PAT140_REV_CPLX_G3PAT120-0,0.0,7.785943636920757e-07
G3PAT140_FWD_CPLX_G3PAT120-0,0.0,-5.755595790361468e-06
G3PAT141_REV_g.2094.peg.2641-MONOMER,0.0,-5.127362620511376e-06
G3PAT141_FWD_g.2094.peg.2641-MONOMER,0.0,-2.0801811815744655e-07
G3PAT141_REV_CPLX_G3PAT120-0,0.0,-4.91934450235393e-06
G3PAT141_FWD_CPLX_G3PAT120-0,0.0,-2.157683631539297e-36
G3PAT160_REV_g.2094.peg.2641-MONOMER,0.0,0.016095049981865596
G3PAT160_FWD_g.2094.peg.2641-MONOMER,0.0,-0.016100406188503478
G3PAT160_REV_CPLX_G3PAT120-0,0.0,0.016095257999983754
G3PAT160_FWD_CPLX_G3PAT120-0,0.0,-0.01610019817038532
G3PAT161_REV_g.2094.peg.2641-MONOMER,0.0,-5.112932736895282e-06
G3PAT161_FWD_g.2094.peg.2641-MONOMER,0.0,-2.0801811815744655e-07
G3PAT161_REV_CPLX_G3PAT120-0,0.0,-4.904914618737836e-06
G3PAT161_FWD_CPLX_G3PAT120-0,-3.1790324707667454e-24,-2.157683631539297e-36
G3PAT180_REV_g.2094.peg.2641-MONOMER,0.0,-5.185017730529365e-06
G3PAT180_FWD_g.2094.peg.2641-MONOMER,0.0,-2.0801811815744655e-07
G3PAT180_REV_CPLX_G3PAT120-0,0.0,-4.9769996123719184e-06
G3PAT180_FWD_CPLX_G3PAT120-0,0.0,-1.0191199963578802e-35
G3PAT181_REV_g.2094.peg.2641-MONOMER,0.0,-5.127362620511376e-06
G3PAT181_FWD_g.2094.peg.2641-MONOMER,0.0,-2.0801811815744655e-07
G3PAT181_REV_CPLX_G3PAT120-0,0.0,-4.91934450235393e-06
G3PAT181_FWD_CPLX_G3PAT120-0,-3.1790324707667454e-24,-6.17444179755905e-36
G3PATAI15_REV_g.2094.peg.2641-MONOMER,0.0,-4.951453774988172e-06
G3PATAI15_FWD_g.2094.peg.2641-MONOMER,0.0,-2.0801811815744655e-07
G3PATAI15_REV_CPLX_G3PAT120-0,0.0,-4.743435656830726e-06
G3PATAI15_FWD_CPLX_G3PAT120-0,0.0,-1.1109588584055514e-35
G3PATAI17_REV_g.2094.peg.2641-MONOMER,0.0,-4.951453774988172e-06
G3PATAI17_FWD_g.2094.peg.2641-MONOMER,0.0,-2.0801811815744655e-07
G3PATAI17_REV_CPLX_G3PAT120-0,0.0,-4.743435656830726e-06
G3PATAI17_FWD_CPLX_G3PAT120-0,0.017865037738029395,2.1691051672669124e-35
G3PATI14_REV_g.2094.peg.2641-MONOMER,0.0,-4.951453774988172e-06
G3PATI14_FWD_g.2094.peg.2641-MONOMER,0.0,-2.0801811815744655e-07
G3PATI14_REV_CPLX_G3PAT120-0,0.0,-4.743435656830726e-06
G3PATI14_FWD_CPLX_G3PAT120-0,0.0,-1.4178023256870984e-36
G3PATI15_REV_g.2094.peg.2641-MONOMER,0.0,-4.951453774988172e-06
G3PATI15_FWD_g.2094.peg.2641-MONOMER,0.0,-2.0801811815744655e-07
G3PATI15_REV_CPLX_G3PAT120-0,0.0,-4.743435656830726e-06
G3PATI15_FWD_CPLX_G3PAT120-0,0.0,-1.6924660339076564e-35
G3PATI16_REV_g.2094.peg.2641-MONOMER,0.0,-4.951453774988172e-06
G3PATI16_FWD_g.2094.peg.2641-MONOMER,0.0,-2.0801811815744655e-07
G3PATI16_REV_CPLX_G3PAT120-0,0.0,-4.743435656830726e-06
G3PATI16_FWD_CPLX_G3PAT120-0,0.0,-1.4178023256870984e-36
G3PATI17_REV_g.2094.peg.2641-MONOMER,0.0,-4.951453774988172e-06
G3PATI17_FWD_g.2094.peg.2641-MONOMER,0.0,-2.0801811815744655e-07
G3PATI17_REV_CPLX_G3PAT120-0,0.0,-4.743435656830726e-06
G3PATI17_FWD_CPLX_G3PAT120-0,0.017865037738029395,-1.311660656484419e-35
G3PD1_REV_g.2094.peg.2814-MONOMER,0.0,-3.9197909265172894e-06
G3PD1_FWD_g.2094.peg.2814-MONOMER,0.0,-2.246423032729193e-06
G3PD2_REV_g.2094.peg.2814-MONOMER,0.0,-6.166213959246483e-06
G3PD2_FWD_g.2094.peg.2814-MONOMER,0.9062085518753457,-3.9980429687253117e-35
G3PD5_REV_CPLX_G3PD5-0,0.0,-4.407681550646552e-06
G3PD5_FWD_CPLX_G3PD5-0,0.0,-2.734313656858456e-06
G3PD5_REV_g.2094.peg.4362-MONOMER_mod_fad(1),0.0,-3.4490305394093637e-06
G3PD5_FWD_g.2094.peg.4362-MONOMER_mod_fad(1),0.0,-1.7756626456212675e-06
G3PD6_REV_CPLX_G3PD5-0,0.0,-3.6897824116495274e-06
G3PD6_FWD_CPLX_G3PD5-0,0.0,-3.4522127958554805e-06
G3PD6_REV_g.2094.peg.4362-MONOMER_mod_fad(1),0.0,-2.731131400412339e-06
G3PD6_FWD_g.2094.peg.4362-MONOMER_mod_fad(1),0.0,-2.493561784618292e-06
G3PD7_REV_CPLX_G3PD5-0,0.0,-3.34704172373761e-06
G3PD7_FWD_CPLX_G3PD5-0,0.0,-3.794953483767398e-06
G3PD7_REV_g.2094.peg.4362-MONOMER_mod_fad(1),0.0,-2.3883907125004216e-06
G3PD7_FWD_g.2094.peg.4362-MONOMER_mod_fad(1),0.0,-2.8363024725302095e-06
G3PD8i_REV_g.2094.peg.1779-MONOMER,0.0,-4.4319143545391924e-06
G3PD8i_FWD_g.2094.peg.1779-MONOMER,0.0,-1.7943264640273827e-06
G3PD8i_REV_g.2094.peg.1187-MONOMER,0.0,-4.197804169086203e-06
G3PD8i_FWD_g.2094.peg.1187-MONOMER,0.0,-1.5602162785743922e-06
G3PD8i_REV_g.2094.peg.4362-MONOMER_mod_fad(1),0.0,-3.9311405377712205e-06
G3PD8i_FWD_g.2094.peg.4362-MONOMER_mod_fad(1),0.0,-1.2935526472594107e-06
G5SADs_REV_CPLX_dummy,0.0,0.007133753694032991
G5SADs_FWD_CPLX_dummy,0.0,-0.0071373387013169785
G5SDr_REV_527012.3.peg.3632-MONOMER,0.0,-7.858466309955159e-06
G5SDr_FWD_527012.3.peg.3632-MONOMER,-1.9349688366811503e-24,2.9280385141888014e-36
G6PBDH_REV_527012.3.peg.2009-MONOMER,0.0,7.25040904631232e-36
G6PBDH_FWD_527012.3.peg.2009-MONOMER,0.0,-2.3409579664030745e-06
G6PDA_REV_g.2094.peg.1337-MONOMER,0.0,-4.048153344103163e-06
G6PDA_FWD_g.2094.peg.1337-MONOMER,1.979018479579928,1.1906469720115299e-35
G6PDH2r_REV_527012.3.peg.2009-MONOMER,0.0,-3.3146161388790536e-07
G6PDH2r_FWD_527012.3.peg.2009-MONOMER,0.0,-2.009496352515169e-06
G6PI_REV_g.2094.peg.2239-MONOMER,0.0,-2.0833070129530184e-06
G6PI_FWD_g.2094.peg.2239-MONOMER,0.0,-1.420383785177208e-06
G6PI3_REV_g.2094.peg.2239-MONOMER,0.0,-3.503690798130226e-06
G6PI3_FWD_g.2094.peg.2239-MONOMER,0.0,-8.762282110350192e-37
GACPCD_REV_527012.3.peg.2923-MONOMER,0.0,-2.864248316646361e-06
GACPCD_FWD_527012.3.peg.2923-MONOMER,0.0,-4.071034283316747e-07
GACPCD_REV_527012.3.peg.4110-MONOMER,0.0,-2.4571448883146867e-06
GACPCD_FWD_527012.3.peg.4110-MONOMER,0.0,-1.1273449508079913e-35
GAL6PI_REV_g.2094.peg.488-MONOMER_mod_mn2(1),0.0,-3.100188339876757e-40
GAL6PI_FWD_g.2094.peg.488-MONOMER_mod_mn2(1),0.0,-5.6099854520836e-06
GALCTD_REV_g.2094.peg.3975-MONOMER_mod_nad(1),0.0,-3.2112933813635958e-06
GALCTD_FWD_g.2094.peg.3975-MONOMER_mod_nad(1),0.0,1.6042309405359227e-39
GALK_REV_g.2094.peg.2241-MONOMER_mod_mg2(1),0.0,-4.510220370366941e-06
GALK_FWD_g.2094.peg.2241-MONOMER_mod_mg2(1),0.14898579,1.3611643019826315e-36
GALM1r_REV_g.2094.peg.2530-MONOMER_mod_nad(1),-4.2897010898248476e-23,-1.8391337050218916e-36
GALM1r_FWD_g.2094.peg.2530-MONOMER_mod_nad(1),0.0,-4.057234008983363e-06
GALM1r_REV_g.2094.peg.2456-MONOMER,0.0,-1.768185758928024e-07
GALM1r_FWD_g.2094.peg.2456-MONOMER,0.0,-4.2340525848761656e-06
GALT_REV_g.2094.peg.2387-MONOMER_mod_fe2(1)_mod_zn2(1),0.0,-3.501630213783826e-06
GALT_FWD_g.2094.peg.2387-MONOMER_mod_fe2(1)_mod_zn2(1),0.14898579,4.2477272991021404e-36
GALT1_REV_CPLX_dummy,0.0,-3.5850072839868364e-06
GALT1_FWD_CPLX_dummy,0.010490760210035997,-1.4873786764208314e-35
GALTpts_REV_CPLX_GALTpts-0,0.0,-4.356464137663749e-06
GALTpts_FWD_CPLX_GALTpts-0,0.0,2.9904382149223986e-37
GALU_REV_g.2094.peg.4085-MONOMER,0.0,-5.777464667027348e-07
GALU_FWD_g.2094.peg.4085-MONOMER,0.0,-2.60187005784035e-06
GALU_REV_g.2094.peg.4456-MONOMER,0.0,-6.199032721841473e-07
GALU_FWD_g.2094.peg.4456-MONOMER,0.0,-2.6440268633217626e-06
GALU_REV_g.2094.peg.2130-MONOMER,0.0,-4.977823225650753e-07
GALU_FWD_g.2094.peg.2130-MONOMER,0.0,-2.5219059137026906e-06
GALU_REV_g.2094.peg.2330-MONOMER,0.0,-6.199032721841473e-07
GALU_FWD_g.2094.peg.2330-MONOMER,0.0,-2.6440268633217626e-06
GALU_REV_g.2094.peg.1893-MONOMER,0.10702274915985602,2.4935092030840506e-35
GALU_FWD_g.2094.peg.1893-MONOMER,0.0,-2.0241235911376153e-06
GALURt2r_REV_g.2094.peg.3903-MONOMER,0.0,-2.110481883784371e-06
GALURt2r_FWD_g.2094.peg.3903-MONOMER,0.0,-5.411706285530606e-37
GALURt2r_REV_g.2094.peg.2407-MONOMER,0.0,-2.198744032295552e-06
GALURt2r_FWD_g.2094.peg.2407-MONOMER,0.0,-8.826214851118099e-08
GALabc_REV_CPLX_GALabc-3,0.0,-4.501476508970273e-06
GALabc_FWD_CPLX_GALabc-3,0.0,-1.06668882367848e-07
GALabc_REV_CPLX_GALabc-4,0.0,-4.600288727446943e-06
GALabc_FWD_CPLX_GALabc-4,0.0,-2.0548110084451816e-07
GALabc_REV_CPLX_GALabc-1,0.0,-4.394807626602424e-06
GALabc_FWD_CPLX_GALabc-1,0.14898579,-9.713147869080551e-37
GALabc_REV_CPLX_GALabc-6,0.0,-5.013863551433205e-06
GALabc_FWD_CPLX_GALabc-6,0.0,-6.190559248307801e-07
GALabc_REV_CPLX_GALabc-5,0.0,-4.563453405430543e-06
GALabc_FWD_CPLX_GALabc-5,0.0,-1.6864577882811913e-07
GALabc_REV_CPLX_GALabc-0,0.0,-4.433662406080058e-06
GALabc_FWD_CPLX_GALabc-0,0.0,-3.8854779477633526e-08
GALabc_REV_CPLX_GALabc-2,0.0,-4.540331288447906e-06
GALabc_FWD_CPLX_GALabc-2,0.0,-1.4552366184548151e-07
GALabc_REV_CPLX_GALabc-7,0.0,-4.664578226725975e-06
GALabc_FWD_CPLX_GALabc-7,0.0,-2.6977060012355015e-07
GAMpts_REV_CPLX_GALTpts-0,0.0,-4.356464137663749e-06
GAMpts_FWD_CPLX_GALTpts-0,1.0,2.9904382149223986e-37
GAPD_REV_527012.3.peg.2237-MONOMER,0.0,-5.311579280940312e-06
GAPD_FWD_527012.3.peg.2237-MONOMER,0.0,-5.274017283054621e-07
GAPD_REV_527012.3.peg.1274-MONOMER,0.0,-4.78417755263485e-06
GAPD_FWD_527012.3.peg.1274-MONOMER,13.83083420769069,4.6261722447337236e-35
GARFTi_REV_527012.3.peg.1327-MONOMER_mod_mg2(1),0.0,-2.735964704808916e-06
GARFTi_FWD_527012.3.peg.1327-MONOMER_mod_mg2(1),0.0,-7.550285113550499e-07
GARFTi_REV_527012.3.peg.2666-MONOMER,0.0,-1.9809361934538664e-06
GARFTi_FWD_527012.3.peg.2666-MONOMER,0.0,-3.631955653086589e-35
GART_REV_g.2094.peg.865-MONOMER,0.0,0.0026689566672639334
GART_FWD_g.2094.peg.865-MONOMER,0.0,-0.0026723407527884926
GCALDt_REV_CPLX_dummy,0.003896442244257702,0.0
GCALDt_FWD_CPLX_dummy,0.0,-3.5850072839868364e-06
GCCa_REV_g.2094.peg.1019-MONOMER,0.0,-5.681710531271595e-06
GCCa_FWD_g.2094.peg.1019-MONOMER,0.0,1.2488349217948683e-35
GCCb_REV_g.2094.peg.1459-MONOMER,0.0,1.7521639430635653e-06
GCCb_FWD_g.2094.peg.1459-MONOMER,0.0,-4.775481717431518e-06
GCCb_REV_CPLX_GCCb-0,0.0,9.769122900076693e-07
GCCb_FWD_CPLX_GCCb-0,0.0,-5.550733370487415e-06
GCCc_REV_g.2094.peg.2637-MONOMER,0.0,-4.335473785595692e-06
GCCc_FWD_g.2094.peg.2637-MONOMER,0.0,-4.6622088200425044e-07
GCCc_REV_g.2094.peg.1894-MONOMER,0.0,-3.869252903591442e-06
GCCc_FWD_g.2094.peg.1894-MONOMER,0.0,-3.7072111381387275e-36
GCCc_REV_CPLX_GCCc-0,0.0,-4.9093071062676056e-06
GCCc_FWD_CPLX_GCCc-0,0.0,-1.0400542026761643e-06
GF6PTA_REV_527012.3.peg.4220-MONOMER,0.0,-1.1155368838183221e-06
GF6PTA_FWD_527012.3.peg.4220-MONOMER,0.0,-5.539800269560082e-06
GGGABADr_REV_g.2094.peg.4633-MONOMER,0.0,-2.988951759595797e-06
GGGABADr_FWD_g.2094.peg.4633-MONOMER,0.0,-2.460709259503814e-06
GGGABADr_REV_g.2094.peg.2854-MONOMER,0.0,-2.246423032729193e-06
GGGABADr_FWD_g.2094.peg.2854-MONOMER,0.0,-1.7181805326372102e-06
GGGABARr_REV_g.2094.peg.4633-MONOMER,0.0,-7.425287268666039e-07
GGGABARr_FWD_g.2094.peg.4633-MONOMER,0.0,-4.707132292233008e-06
GGGABARr_REV_g.2094.peg.2854-MONOMER,0.0,2.323674512167157e-36
GGGABARr_FWD_g.2094.peg.2854-MONOMER,0.0,-3.964603565366404e-06
GGTA_REV_g.2094.peg.3952-MONOMER,0.0,0.016029912038468076
GGTA_FWD_g.2094.peg.3952-MONOMER,0.0,-0.016036036492624306
GGTA_REV_g.2094.peg.3119-MONOMER,0.0,0.016030160448764555
GGTA_FWD_g.2094.peg.3119-MONOMER,0.0,-0.016035788082327827
GGTT_REV_g.2094.peg.4705-MONOMER_mod_mg2(1),0.0,-5.415720458469001e-06
GGTT_FWD_g.2094.peg.4705-MONOMER_mod_mg2(1),0.0025976281628384682,4.92311303173713e-36
GHMT2_REV_527012.3.peg.1868-MONOMER,0.0,0.008902123244045297
GHMT2_FWD_527012.3.peg.1868-MONOMER,0.0,-0.008907523127712761
GK1_REV_g.2094.peg.2320-MONOMER_mod_mg2(1),0.0,-2.8454400880953383e-06
GK1_FWD_g.2094.peg.2320-MONOMER_mod_mg2(1),0.0,-4.1025291656067265e-07
GK1_REV_g.2094.peg.4498-MONOMER,0.0,-2.4351871715346656e-06
GK1_FWD_g.2094.peg.4498-MONOMER,0.045995577842700926,-8.412170680063521e-36
GK2_REV_g.2094.peg.2320-MONOMER_mod_mg2(1),0.0,-1.6187864317049178e-06
GK2_FWD_g.2094.peg.2320-MONOMER_mod_mg2(1),0.0,-1.6369065729510931e-06
GK2_REV_g.2094.peg.4498-MONOMER,0.0,-1.2085335151442453e-06
GK2_FWD_g.2094.peg.4498-MONOMER,0.0,-1.2266536563904204e-06
GLCDe_REV_g.2094.peg.703-MONOMER_mod_ca2(1)_mod_pqq(1),0.0,0.01548533989981122
GLCDe_FWD_g.2094.peg.703-MONOMER_mod_ca2(1)_mod_pqq(1),1.4448516463850509e-41,4.067095474530137e-36
GLCNt2r_REV_g.2094.peg.1812-MONOMER,0.0,-4.683259673140111e-06
GLCNt2r_FWD_g.2094.peg.1812-MONOMER,0.14898579,-2.6423835463204802e-36
GLCNt2r_REV_g.2094.peg.4678-MONOMER,0.0,-4.713424634183289e-06
GLCNt2r_FWD_g.2094.peg.4678-MONOMER,0.0,-3.016496104317784e-08
GLCP_REV_g.2094.peg.4077-MONOMER_mod_pydx5p(1),0.0,-4.63628143573861e-06
GLCP_FWD_g.2094.peg.4077-MONOMER_mod_pydx5p(1),0.0,-1.846245550234331e-07
GLCP_REV_g.2094.peg.3214-MONOMER_mod_pydx5p(1),0.0,-4.451656880715177e-06
GLCP_FWD_g.2094.peg.3214-MONOMER_mod_pydx5p(1),0.0,1.168164012548769e-36
GLCS1_REV_g.2094.peg.4171-MONOMER,0.0,0.00804924585321574
GLCS1_FWD_g.2094.peg.4171-MONOMER,0.0,-0.008053778568120252
GLCTR1_REV_CPLX_dummy,0.0,-3.5850072839868364e-06
GLCTR1_FWD_CPLX_dummy,0.010490760210035997,4.1723117920176295e-35
GLCTR2_REV_CPLX_dummy,0.0,-3.5850072839868364e-06
GLCTR2_FWD_CPLX_dummy,0.010490760210035997,-1.4873786764208314e-35
GLCTR3_REV_CPLX_dummy,0.0,-3.5850072839868364e-06
GLCTR3_FWD_CPLX_dummy,0.010490760210035997,-1.2806759613297753e-34
GLCURt2r_REV_g.2094.peg.3903-MONOMER,0.0,-2.110481883784371e-06
GLCURt2r_FWD_g.2094.peg.3903-MONOMER,0.0,1.3156962988214618e-36
GLCURt2r_REV_g.2094.peg.2407-MONOMER,0.0,-2.198744032295552e-06
GLCURt2r_FWD_g.2094.peg.2407-MONOMER,0.0,-8.826214851118099e-08
GLCabc_REV_CPLX_ARBabc-0,0.0,0.008047061004488414
GLCabc_FWD_CPLX_ARBabc-0,0.0,-0.008049368276018286
GLCpts_REV_CPLX_GLCpts-0,0.0,-4.531653838024695e-06
GLCpts_FWD_CPLX_GLCpts-0,0.14898579,4.761700483546952e-36
GLCpts_REV_CPLX_GLCpts-1,0.0,-5.398867848158567e-06
GLCpts_FWD_CPLX_GLCpts-1,0.0,-8.672140101338716e-07
GLCpts_REV_g.2094.peg.774-MONOMER,0.0,-4.599269866519344e-06
GLCpts_FWD_g.2094.peg.774-MONOMER,0.0,-6.761602849464916e-08
GLGC_REV_g.2094.peg.1605-MONOMER,0.0,-2.2445521674834956e-06
GLGC_FWD_g.2094.peg.1605-MONOMER,0.0,3.814149226842481e-36
GLGC_REV_g.2094.peg.1167-MONOMER,0.0,-2.396752776987308e-06
GLGC_FWD_g.2094.peg.1167-MONOMER,0.0,-1.5220060950381256e-07
GLGC_REV_g.2094.peg.4462-MONOMER_mod_mg2(1),0.0,-3.7953806457535642e-06
GLGC_FWD_g.2094.peg.4462-MONOMER_mod_mg2(1),0.0,-1.5508284782700686e-06
GLNS_REV_527012.3.peg.3386-MONOMER_mod_mn2(1),0.0,0.008042020350957446
GLNS_FWD_527012.3.peg.3386-MONOMER_mod_mn2(1),0.0,-0.00805044806649024
GLNSP1_REV_g.2094.peg.2516-MONOMER,0.0,0.007145810804901694
GLNSP1_FWD_g.2094.peg.2516-MONOMER,0.0,-0.007148354812919677
GLNSP2_REV_g.2094.peg.2516-MONOMER,0.0,0.0401673768875662
GLNSP2_FWD_g.2094.peg.2516-MONOMER,0.0,-0.04016992089558418
GLNSP3_REV_g.2094.peg.2516-MONOMER,0.0,-2.5440080179831205e-06
GLNSP3_FWD_g.2094.peg.2516-MONOMER,0.0,1.5902447368416495e-34
GLNabc_REV_CPLX_GLNabc-1,0.0,0.004469250680532281
GLNabc_FWD_CPLX_GLNabc-1,0.0,-0.004473058406560716
GLNabc_REV_CPLX_GLNabc-0,0.0,0.004468913328193567
GLNabc_FWD_CPLX_GLNabc-0,0.0,-0.004473395758899429
GLNabc_REV_CPLX_GLNabc-2,0.0,0.004468894213692643
GLNabc_FWD_CPLX_GLNabc-2,0.0,-0.004473414873400353
GLNabc_REV_CPLX_GLNabc-3,0.0,0.004469264165767705
GLNabc_FWD_CPLX_GLNabc-3,0.0,-0.004473044921325291
GLNt2r_REV_CPLX_dummy,0.0,-3.5850072839868364e-06
GLNt2r_FWD_CPLX_dummy,0.18,2.7427282845099134e-38
GLU5K_REV_527012.3.peg.3633-MONOMER_mod_mg2(1),0.0,-8.546904992863325e-06
GLU5K_FWD_527012.3.peg.3633-MONOMER_mod_mg2(1),-1.9349688370654884e-24,-2.0403240945512757e-36
GLUABUTt7_REV_g.2094.peg.990-MONOMER,0.0,-3.618888615204365e-06
GLUABUTt7_FWD_g.2094.peg.990-MONOMER,1.0552496173051266e-35,-2.0364424290332514e-37
GLUCYS_REV_g.2094.peg.3321-MONOMER_mod_mg2(1),0.0,0.032127504365033206
GLUCYS_FWD_g.2094.peg.3321-MONOMER_mod_mg2(1),0.0,-0.03213171985419027
GLUDC_REV_g.2094.peg.550-MONOMER_mod_pydx5p(1),0.0,-5.881798442730206e-06
GLUDC_FWD_g.2094.peg.550-MONOMER_mod_pydx5p(1),-4.133426954602342e-35,-1.6302934014630076e-36
GLUDy_REV_527012.3.peg.241-MONOMER,0.7698941452521622,3.338336814836642e-35
GLUDy_FWD_527012.3.peg.241-MONOMER,0.0,-4.533540957611126e-06
GLUDy_REV_527012.3.peg.508-MONOMER,0.0,3.3398364794818056e-35
GLUDy_FWD_527012.3.peg.508-MONOMER,0.0,-4.533540957611126e-06
GLUFORT_REV_g.2094.peg.1087-MONOMER_mod_mg2(1)_mod_k(1),0.0,-3.658451208603309e-36
GLUFORT_FWD_g.2094.peg.1087-MONOMER_mod_mg2(1)_mod_k(1),0.0,-3.8946595539325836e-06
GLUN_REV_527012.3.peg.2325-MONOMER,0.0,-2.14240952147613e-06
GLUN_FWD_527012.3.peg.2325-MONOMER,0.0,-2.518519563114726e-06
GLUN_REV_527012.3.peg.2114-MONOMER,0.0,-1.889931304861727e-06
GLUN_FWD_527012.3.peg.2114-MONOMER,0.0,-2.266041346500323e-06
GLUN_REV_527012.3.peg.1515-MONOMER,0.0,-2.407079605575074e-06
GLUN_FWD_527012.3.peg.1515-MONOMER,0.0,-2.78318964721367e-06
GLUOX_REV_CPLX_GLUOX-0,0.0,-1.251177856413577e-06
GLUOX_FWD_CPLX_GLUOX-0,0.0,-5.408608772386107e-06
GLUPRT_REV_527012.3.peg.2978-MONOMER_mod_mg2(1),0.0,-4.304408849771792e-06
GLUPRT_FWD_527012.3.peg.2978-MONOMER_mod_mg2(1),-3.388202758444435e-34,-1.0397800403126516e-35
GLUR_REV_527012.3.peg.519-MONOMER,0.0,-1.9639017621708395e-06
GLUR_FWD_527012.3.peg.519-MONOMER,0.0,-4.196506310462083e-36
GLUR_REV_527012.3.peg.3607-MONOMER,0.0,-2.4477818493109473e-06
GLUR_FWD_527012.3.peg.3607-MONOMER,0.0,-4.838800871401077e-07
GLUR_REV_527012.3.peg.252-MONOMER,0.0,-1.9639017621708395e-06
GLUR_FWD_527012.3.peg.252-MONOMER,0.0,-4.198256532053801e-36
GLUSy_REV_527012.3.peg.3345-MONOMER,0.0,-5.326343983153456e-06
GLUSy_FWD_527012.3.peg.3345-MONOMER,0.0,-1.1689130671809265e-06
GLUSy_REV_527012.3.peg.3346-MONOMER,0.0,-4.15743091597253e-06
GLUSy_FWD_527012.3.peg.3346-MONOMER,0.06035785371033736,6.675409720744641e-35
GLUTRR_REV_g.2094.peg.1872-MONOMER,0.0,-4.043676068750121e-06
GLUTRR_FWD_g.2094.peg.1872-MONOMER,-7.121520534964584e-42,1.6070283756854188e-35
GLUTRS_REV_g.2094.peg.4283-MONOMER_mod_mg2(1)_mod_zn2(1),0.0,-3.735403970693197e-06
GLUTRS_FWD_g.2094.peg.4283-MONOMER_mod_mg2(1)_mod_zn2(1),-7.121520534964584e-42,-6.890370037851751e-35
GLUabc_REV_CPLX_ASPabc-0,0.0,0.0044688188622195105
GLUabc_FWD_CPLX_ASPabc-0,0.0,-0.004472911675573571
GLUabc_REV_CPLX_ASPabc-1,0.0,0.00446867897924207
GLUabc_FWD_CPLX_ASPabc-1,0.0,-0.0044730515585510115
GLUt2r_REV_g.2094.peg.2944-MONOMER,0.0,-4.163556583901748e-06
GLUt2r_FWD_g.2094.peg.2944-MONOMER,0.18,-4.552225551311394e-37
GLXO1_REV_g.2094.peg.404-MONOMER,0.0,-5.3519031662182815e-06
GLXO1_FWD_g.2094.peg.404-MONOMER,0.0,6.553185657835375e-36
GLXS_REV_g.2094.peg.2753-MONOMER,0.0,-3.5227278318388663e-06
GLXS_FWD_g.2094.peg.2753-MONOMER,1.8155232779069037,-1.7378780444553107e-36
GLYASN1c_REV_g.2094.peg.1056-MONOMER,0.0,-4.042911342965247e-06
GLYASN1c_FWD_g.2094.peg.1056-MONOMER,0.0,-1.3342908647553628e-06
GLYASN1c_REV_g.2094.peg.2155-MONOMER,0.0,-3.0533821813463208e-06
GLYASN1c_FWD_g.2094.peg.2155-MONOMER,0.0,-3.4476170313643653e-07
GLYASN1c_REV_g.2094.peg.4088-MONOMER,0.0,-3.938385724541044e-06
GLYASN1c_FWD_g.2094.peg.4088-MONOMER,0.0,-1.2297652463311596e-06
GLYASN1c_REV_g.2094.peg.2955-MONOMER_mod_fe2(2),0.0,-2.708620478209884e-06
GLYASN1c_FWD_g.2094.peg.2955-MONOMER_mod_fe2(2),9.556385538740575e-24,2.3950107780810386e-36
GLYASN1c_REV_g.2094.peg.2790-MONOMER,0.0,-4.005104300434786e-06
GLYASN1c_FWD_g.2094.peg.2790-MONOMER,0.0,-1.2964838222249018e-06
GLYASN1c_REV_g.2094.peg.4101-MONOMER_mod_zn2(1),0.0,-5.407070494172996e-06
GLYASN1c_FWD_g.2094.peg.4101-MONOMER_mod_zn2(1),0.0,-2.6984500159631113e-06
GLYASNabc_REV_g.2094.peg.1255-MONOMER,0.0,-3.4365990859625486e-06
GLYASNabc_FWD_g.2094.peg.1255-MONOMER,0.0,-5.812535279073461e-07
GLYASNabc_REV_g.2094.peg.1402-MONOMER,0.0,-3.0434716103202707e-06
GLYASNabc_FWD_g.2094.peg.1402-MONOMER,0.0,-1.8812605226506835e-07
GLYASNabc_REV_g.2094.peg.1419-MONOMER,0.0,-3.319087575681426e-06
GLYASNabc_FWD_g.2094.peg.1419-MONOMER,0.0,-4.637420176262236e-07
GLYASNabc_REV_g.2094.peg.735-MONOMER,0.0,-3.0843756742122797e-06
GLYASNabc_FWD_g.2094.peg.735-MONOMER,0.0,-2.290301161570771e-07
GLYASNabc_REV_g.2094.peg.4205-MONOMER,0.0,-3.3302539211314796e-06
GLYASNabc_FWD_g.2094.peg.4205-MONOMER,0.0,-4.749083630762772e-07
GLYASNabc_REV_g.2094.peg.3235-MONOMER,0.0,-2.975240097563071e-06
GLYASNabc_FWD_g.2094.peg.3235-MONOMER,0.0,-1.198945395078688e-07
GLYASNabc_REV_g.2094.peg.1691-MONOMER,0.0,-2.8553455580552023e-06
GLYASNabc_FWD_g.2094.peg.1691-MONOMER,9.526902032970173e-24,2.612240400569032e-36
GLYASNabc_REV_g.2094.peg.1189-MONOMER,0.0,-3.3262519111949543e-06
GLYASNabc_FWD_g.2094.peg.1189-MONOMER,0.0,-4.709063531397521e-07
GLYASNabc_REV_g.2094.peg.4681-MONOMER,0.0,-3.1458398687432073e-06
GLYASNabc_FWD_g.2094.peg.4681-MONOMER,0.0,-2.904943106880048e-07
GLYASNabc_REV_g.2094.peg.1024-MONOMER,0.0,-3.0216515897951923e-06
GLYASNabc_FWD_g.2094.peg.1024-MONOMER,0.0,-1.6630603173998962e-07
GLYASP1c_REV_g.2094.peg.1056-MONOMER,0.0,-4.042911342965247e-06
GLYASP1c_FWD_g.2094.peg.1056-MONOMER,0.0,-1.3342908647553628e-06
GLYASP1c_REV_g.2094.peg.2155-MONOMER,0.0,-3.0533821813463208e-06
GLYASP1c_FWD_g.2094.peg.2155-MONOMER,0.0,-3.4476170313643653e-07
GLYASP1c_REV_g.2094.peg.4088-MONOMER,0.0,-3.938385724541044e-06
GLYASP1c_FWD_g.2094.peg.4088-MONOMER,0.0,-1.2297652463311596e-06
GLYASP1c_REV_g.2094.peg.2955-MONOMER_mod_fe2(2),0.0,-2.708620478209884e-06
GLYASP1c_FWD_g.2094.peg.2955-MONOMER_mod_fe2(2),-5.6499414392983e-26,-5.765365505286408e-37
GLYASP1c_REV_g.2094.peg.2790-MONOMER,0.0,-4.005104300434786e-06
GLYASP1c_FWD_g.2094.peg.2790-MONOMER,0.0,-1.2964838222249018e-06
GLYASP1c_REV_g.2094.peg.4101-MONOMER_mod_zn2(1),0.0,-5.407070494172996e-06
GLYASP1c_FWD_g.2094.peg.4101-MONOMER_mod_zn2(1),0.0,-2.6984500159631113e-06
GLYASPabc_REV_g.2094.peg.1255-MONOMER,0.0,-3.4365990859625486e-06
GLYASPabc_FWD_g.2094.peg.1255-MONOMER,0.0,-5.812535279073461e-07
GLYASPabc_REV_g.2094.peg.1402-MONOMER,0.0,-3.0434716103202707e-06
GLYASPabc_FWD_g.2094.peg.1402-MONOMER,0.0,-1.8812605226506835e-07
GLYASPabc_REV_g.2094.peg.1419-MONOMER,0.0,-3.319087575681426e-06
GLYASPabc_FWD_g.2094.peg.1419-MONOMER,0.0,-4.637420176262236e-07
GLYASPabc_REV_g.2094.peg.735-MONOMER,0.0,-3.0843756742122797e-06
GLYASPabc_FWD_g.2094.peg.735-MONOMER,0.0,-2.290301161570771e-07
GLYASPabc_REV_g.2094.peg.4205-MONOMER,0.0,-3.3302539211314796e-06
GLYASPabc_FWD_g.2094.peg.4205-MONOMER,0.0,-4.749083630762772e-07
GLYASPabc_REV_g.2094.peg.3235-MONOMER,0.0,-2.975240097563071e-06
GLYASPabc_FWD_g.2094.peg.3235-MONOMER,0.0,-1.198945395078688e-07
GLYASPabc_REV_g.2094.peg.1691-MONOMER,0.0,-2.8553455580552023e-06
GLYASPabc_FWD_g.2094.peg.1691-MONOMER,0.0,5.526183253561821e-37
GLYASPabc_REV_g.2094.peg.1189-MONOMER,0.0,-3.3262519111949543e-06
GLYASPabc_FWD_g.2094.peg.1189-MONOMER,0.0,-4.709063531397521e-07
GLYASPabc_REV_g.2094.peg.4681-MONOMER,0.0,-3.1458398687432073e-06
GLYASPabc_FWD_g.2094.peg.4681-MONOMER,0.0,-2.904943106880048e-07
GLYASPabc_REV_g.2094.peg.1024-MONOMER,0.0,-3.0216515897951923e-06
GLYASPabc_FWD_g.2094.peg.1024-MONOMER,0.0,-1.6630603173998962e-07
GLYAT_REV_527012.3.peg.3431-MONOMER_mod_pydx5p(1),0.0,-5.40514058800227e-06
GLYAT_FWD_527012.3.peg.3431-MONOMER_mod_pydx5p(1),0.0,-1.0458372526059032e-35
GLYBabc_REV_g.2094.peg.447-MONOMER,0.0,-2.6943487099933394e-06
GLYBabc_FWD_g.2094.peg.447-MONOMER,0.0,-2.399761470450076e-36
GLYBabc_REV_g.2094.peg.188-MONOMER,0.0,-2.9099435232895585e-06
GLYBabc_FWD_g.2094.peg.188-MONOMER,0.0,-2.155948132962191e-07
GLYC3Pabc_REV_g.2094.peg.1216-MONOMER,0.0,0.00447074810819092
GLYC3Pabc_FWD_g.2094.peg.1216-MONOMER,0.0,-0.004472512661125364
GLYC3Pabc_REV_g.2094.peg.1755-MONOMER,0.0,0.004470977009556983
GLYC3Pabc_FWD_g.2094.peg.1755-MONOMER,0.0,-0.004472283759759301
GLYC3Pabc_REV_g.2094.peg.1914-MONOMER,0.0,0.0044695155747221564
GLYC3Pabc_FWD_g.2094.peg.1914-MONOMER,0.0,-0.004473745194594128
GLYC3Pabc_REV_g.2094.peg.1417-MONOMER,0.0,0.004470977009556983
GLYC3Pabc_FWD_g.2094.peg.1417-MONOMER,0.0,-0.004472283759759301
GLYC3Pabc_REV_g.2094.peg.1124-MONOMER,0.0,0.004470771334392515
GLYC3Pabc_FWD_g.2094.peg.1124-MONOMER,0.0,-0.00447248943492377
GLYC3Pabc_REV_g.2094.peg.1890-MONOMER,0.0,0.00447074810819092
GLYC3Pabc_FWD_g.2094.peg.1890-MONOMER,0.0,-0.004472512661125364
GLYC3Pabc_REV_g.2094.peg.1134-MONOMER,0.0,0.004470995069030503
GLYC3Pabc_FWD_g.2094.peg.1134-MONOMER,0.0,-0.004472265700285781
GLYC3Pabc_REV_g.2094.peg.1330-MONOMER,0.0,0.004470313475782674
GLYC3Pabc_FWD_g.2094.peg.1330-MONOMER,0.0,-0.00447294729353361
GLYC3Pt_REV_g.2094.peg.1264-MONOMER,0.0,-2.633325060698433e-06
GLYC3Pt_FWD_g.2094.peg.1264-MONOMER,1.0,-6.119031853857465e-37
GLYCDx_REV_g.2094.peg.4268-MONOMER,0.0,-4.664452119184034e-06
GLYCDx_FWD_g.2094.peg.4268-MONOMER,1.813053638303522,2.0899906215383159e-35
GLYCDx_REV_g.2094.peg.2714-MONOMER,0.0,-4.664452119184034e-06
GLYCDx_FWD_g.2094.peg.2714-MONOMER,0.0,2.088883508192237e-35
GLYCDx_REV_g.2094.peg.4624-MONOMER,0.0,-5.973741167774656e-06
GLYCDx_FWD_g.2094.peg.4624-MONOMER,0.0,-1.309289048590622e-06
GLYCK2_REV_g.2094.peg.922-MONOMER,0.0,0.008032465858806227
GLYCK2_FWD_g.2094.peg.922-MONOMER,0.0,-0.008035680318924545
GLYCL_REV_g.2094.peg.1459-MONOMER,0.0,-3.023317774367953e-06
GLYCL_FWD_g.2094.peg.1459-MONOMER,0.036173983985739025,-1.712320861298329e-35
GLYCLTDx_REV_g.2094.peg.3628-MONOMER,0.0,-4.764138216765788e-06
GLYCLTDx_FWD_g.2094.peg.3628-MONOMER,0.0,-9.989365046061594e-07
GLYCLTDx_REV_CPLX_GLYCLTDx-0,0.0,-4.444695722034169e-06
GLYCLTDx_FWD_CPLX_GLYCLTDx-0,0.0,-6.794940098745405e-07
GLYCLTDx_REV_g.2094.peg.1090-MONOMER,0.0,-3.7652017121596287e-06
GLYCLTDx_FWD_g.2094.peg.1090-MONOMER,0.0,-2.529024127398537e-35
GLYCLTDy_REV_g.2094.peg.3628-MONOMER,0.0,-2.5177151840365944e-06
GLYCLTDy_FWD_g.2094.peg.3628-MONOMER,0.0,-3.2453595373353526e-06
GLYCLTDy_REV_CPLX_GLYCLTDx-0,0.0,-2.1982726893049756e-06
GLYCLTDy_FWD_CPLX_GLYCLTDx-0,0.0,-2.9259170426037337e-06
GLYCLTDy_REV_g.2094.peg.1090-MONOMER,0.0,-1.518778679430435e-06
GLYCLTDy_FWD_g.2094.peg.1090-MONOMER,0.0,-2.246423032729193e-06
GLYCLTt2r_REV_CPLX_dummy,0.0,4.305478579626975e-37
GLYCLTt2r_FWD_CPLX_dummy,0.0,-3.5850072839868364e-06
GLYCYSabc_REV_g.2094.peg.1255-MONOMER,0.0,-3.4365990859625486e-06
GLYCYSabc_FWD_g.2094.peg.1255-MONOMER,0.0,-5.812535279073461e-07
GLYCYSabc_REV_g.2094.peg.1402-MONOMER,0.0,-3.0434716103202707e-06
GLYCYSabc_FWD_g.2094.peg.1402-MONOMER,0.0,-1.8812605226506835e-07
GLYCYSabc_REV_g.2094.peg.1419-MONOMER,0.0,-3.319087575681426e-06
GLYCYSabc_FWD_g.2094.peg.1419-MONOMER,0.0,-4.637420176262236e-07
GLYCYSabc_REV_g.2094.peg.735-MONOMER,0.0,-3.0843756742122797e-06
GLYCYSabc_FWD_g.2094.peg.735-MONOMER,0.0,-2.290301161570771e-07
GLYCYSabc_REV_g.2094.peg.4205-MONOMER,0.0,-3.3302539211314796e-06
GLYCYSabc_FWD_g.2094.peg.4205-MONOMER,0.0,-4.749083630762772e-07
GLYCYSabc_REV_g.2094.peg.3235-MONOMER,0.0,-2.975240097563071e-06
GLYCYSabc_FWD_g.2094.peg.3235-MONOMER,0.0,-1.198945395078688e-07
GLYCYSabc_REV_g.2094.peg.1691-MONOMER,0.0,-2.8553455580552023e-06
GLYCYSabc_FWD_g.2094.peg.1691-MONOMER,9.97345568157034e-24,1.2236836601703853e-37
GLYCYSabc_REV_g.2094.peg.1189-MONOMER,0.0,-3.3262519111949543e-06
GLYCYSabc_FWD_g.2094.peg.1189-MONOMER,0.0,-4.709063531397521e-07
GLYCYSabc_REV_g.2094.peg.4681-MONOMER,0.0,-3.1458398687432073e-06
GLYCYSabc_FWD_g.2094.peg.4681-MONOMER,0.0,-2.904943106880048e-07
GLYCYSabc_REV_g.2094.peg.1024-MONOMER,0.0,-3.0216515897951923e-06
GLYCYSabc_FWD_g.2094.peg.1024-MONOMER,0.0,-1.6630603173998962e-07
GLYCt_REV_g.2094.peg.2373-MONOMER,1.79965486,9.61005501846252e-37
GLYCt_FWD_g.2094.peg.2373-MONOMER,0.0,-5.569218352601752e-06
GLYD_REV_g.2094.peg.3628-MONOMER,0.0,-4.764138216765788e-06
GLYD_FWD_g.2094.peg.3628-MONOMER,0.0,-9.989365046061594e-07
GLYD_REV_g.2094.peg.1090-MONOMER,0.0,-3.7652017121596287e-06
GLYD_FWD_g.2094.peg.1090-MONOMER,0.8900080250395682,-8.119162038438715e-36
GLYDy_REV_g.2094.peg.3628-MONOMER,0.0,-2.5177151840365944e-06
GLYDy_FWD_g.2094.peg.3628-MONOMER,0.0,-3.2453595373353526e-06
GLYDy_REV_g.2094.peg.1090-MONOMER,0.0,-1.518778679430435e-06
GLYDy_FWD_g.2094.peg.1090-MONOMER,0.0,-2.246423032729193e-06
GLYGLN1c_REV_g.2094.peg.1056-MONOMER,0.0,-4.042911342965247e-06
GLYGLN1c_FWD_g.2094.peg.1056-MONOMER,0.0,-1.3342908647553628e-06
GLYGLN1c_REV_g.2094.peg.2155-MONOMER,0.0,-3.0533821813463208e-06
GLYGLN1c_FWD_g.2094.peg.2155-MONOMER,0.0,-3.4476170313643653e-07
GLYGLN1c_REV_g.2094.peg.4088-MONOMER,0.0,-3.938385724541044e-06
GLYGLN1c_FWD_g.2094.peg.4088-MONOMER,0.0,-1.2297652463311596e-06
GLYGLN1c_REV_g.2094.peg.2955-MONOMER_mod_fe2(2),0.0,-2.708620478209884e-06
GLYGLN1c_FWD_g.2094.peg.2955-MONOMER_mod_fe2(2),9.557311914715223e-24,-5.8222985840344505e-36
GLYGLN1c_REV_g.2094.peg.2790-MONOMER,0.0,-4.005104300434786e-06
GLYGLN1c_FWD_g.2094.peg.2790-MONOMER,0.0,-1.2964838222249018e-06
GLYGLN1c_REV_g.2094.peg.4101-MONOMER_mod_zn2(1),0.0,-5.407070494172996e-06
GLYGLN1c_FWD_g.2094.peg.4101-MONOMER_mod_zn2(1),0.0,-2.6984500159631113e-06
GLYGLNabc_REV_g.2094.peg.1255-MONOMER,0.0,-3.4365990859625486e-06
GLYGLNabc_FWD_g.2094.peg.1255-MONOMER,0.0,-5.812535279073461e-07
GLYGLNabc_REV_g.2094.peg.1402-MONOMER,0.0,-3.0434716103202707e-06
GLYGLNabc_FWD_g.2094.peg.1402-MONOMER,0.0,-1.8812605226506835e-07
GLYGLNabc_REV_g.2094.peg.1419-MONOMER,0.0,-3.319087575681426e-06
GLYGLNabc_FWD_g.2094.peg.1419-MONOMER,0.0,-4.637420176262236e-07
GLYGLNabc_REV_g.2094.peg.735-MONOMER,0.0,-3.0843756742122797e-06
GLYGLNabc_FWD_g.2094.peg.735-MONOMER,0.0,-2.290301161570771e-07
GLYGLNabc_REV_g.2094.peg.4205-MONOMER,0.0,-3.3302539211314796e-06
GLYGLNabc_FWD_g.2094.peg.4205-MONOMER,0.0,-4.749083630762772e-07
GLYGLNabc_REV_g.2094.peg.3235-MONOMER,0.0,-2.975240097563071e-06
GLYGLNabc_FWD_g.2094.peg.3235-MONOMER,0.0,-1.198945395078688e-07
GLYGLNabc_REV_g.2094.peg.1691-MONOMER,0.0,-2.8553455580552023e-06
GLYGLNabc_FWD_g.2094.peg.1691-MONOMER,9.599448680896742e-24,5.7016735133883066e-36
GLYGLNabc_REV_g.2094.peg.1189-MONOMER,0.0,-3.3262519111949543e-06
GLYGLNabc_FWD_g.2094.peg.1189-MONOMER,0.0,-4.709063531397521e-07
GLYGLNabc_REV_g.2094.peg.4681-MONOMER,0.0,-3.1458398687432073e-06
GLYGLNabc_FWD_g.2094.peg.4681-MONOMER,0.0,-2.904943106880048e-07
GLYGLNabc_REV_g.2094.peg.1024-MONOMER,0.0,-3.0216515897951923e-06
GLYGLNabc_FWD_g.2094.peg.1024-MONOMER,0.0,-1.6630603173998962e-07
GLYGLU1c_REV_g.2094.peg.1056-MONOMER,0.0,-4.042911342965247e-06
GLYGLU1c_FWD_g.2094.peg.1056-MONOMER,0.0,-1.3342908647553628e-06
GLYGLU1c_REV_g.2094.peg.2155-MONOMER,0.0,-3.0533821813463208e-06
GLYGLU1c_FWD_g.2094.peg.2155-MONOMER,0.0,-3.4476170313643653e-07
GLYGLU1c_REV_g.2094.peg.4088-MONOMER,0.0,-3.938385724541044e-06
GLYGLU1c_FWD_g.2094.peg.4088-MONOMER,0.0,-1.2297652463311596e-06
GLYGLU1c_REV_g.2094.peg.2955-MONOMER_mod_fe2(2),0.0,-2.708620478209884e-06
GLYGLU1c_FWD_g.2094.peg.2955-MONOMER_mod_fe2(2),9.575826685727446e-24,-2.5008743869270604e-37
GLYGLU1c_REV_g.2094.peg.2790-MONOMER,0.0,-4.005104300434786e-06
GLYGLU1c_FWD_g.2094.peg.2790-MONOMER,0.0,-1.2964838222249018e-06
GLYGLU1c_REV_g.2094.peg.4101-MONOMER_mod_zn2(1),0.0,-5.407070494172996e-06
GLYGLU1c_FWD_g.2094.peg.4101-MONOMER_mod_zn2(1),0.0,-2.6984500159631113e-06
GLYGLUabc_REV_g.2094.peg.1255-MONOMER,0.0,-3.4365990859625486e-06
GLYGLUabc_FWD_g.2094.peg.1255-MONOMER,0.0,-5.812535279073461e-07
GLYGLUabc_REV_g.2094.peg.1402-MONOMER,0.0,-3.0434716103202707e-06
GLYGLUabc_FWD_g.2094.peg.1402-MONOMER,0.0,-1.8812605226506835e-07
GLYGLUabc_REV_g.2094.peg.1419-MONOMER,0.0,-3.319087575681426e-06
GLYGLUabc_FWD_g.2094.peg.1419-MONOMER,0.0,-4.637420176262236e-07
GLYGLUabc_REV_g.2094.peg.735-MONOMER,0.0,-3.0843756742122797e-06
GLYGLUabc_FWD_g.2094.peg.735-MONOMER,0.0,-2.290301161570771e-07
GLYGLUabc_REV_g.2094.peg.4205-MONOMER,0.0,-3.3302539211314796e-06
GLYGLUabc_FWD_g.2094.peg.4205-MONOMER,0.0,-4.749083630762772e-07
GLYGLUabc_REV_g.2094.peg.3235-MONOMER,0.0,-2.975240097563071e-06
GLYGLUabc_FWD_g.2094.peg.3235-MONOMER,0.0,-1.198945395078688e-07
GLYGLUabc_REV_g.2094.peg.1691-MONOMER,0.0,-2.8553455580552023e-06
GLYGLUabc_FWD_g.2094.peg.1691-MONOMER,9.599448680896742e-24,4.1569569569786694e-36
GLYGLUabc_REV_g.2094.peg.1189-MONOMER,0.0,-3.3262519111949543e-06
GLYGLUabc_FWD_g.2094.peg.1189-MONOMER,0.0,-4.709063531397521e-07
GLYGLUabc_REV_g.2094.peg.4681-MONOMER,0.0,-3.1458398687432073e-06
GLYGLUabc_FWD_g.2094.peg.4681-MONOMER,0.0,-2.904943106880048e-07
GLYGLUabc_REV_g.2094.peg.1024-MONOMER,0.0,-3.0216515897951923e-06
GLYGLUabc_FWD_g.2094.peg.1024-MONOMER,0.0,-1.6630603173998962e-07
GLYK_REV_g.2094.peg.2947-MONOMER_mod_mg2(1),0.0,-2.5761641061713688e-06
GLYK_FWD_g.2094.peg.2947-MONOMER_mod_mg2(1),0.0,-4.129640145093208e-06
GLYK_REV_g.2094.peg.2947-MONOMER_mod_mn2(1),0.0,-2.5731976818422978e-06
GLYK_FWD_g.2094.peg.2947-MONOMER_mod_mn2(1),0.0,-4.1266737207641366e-06
GLYLEUHYDROc_REV_g.2094.peg.1056-MONOMER,0.0,-4.042911342965247e-06
GLYLEUHYDROc_FWD_g.2094.peg.1056-MONOMER,0.0,-1.3342908647553628e-06
GLYLEUHYDROc_REV_g.2094.peg.2155-MONOMER,0.0,-3.0533821813463208e-06
GLYLEUHYDROc_FWD_g.2094.peg.2155-MONOMER,0.0,-3.4476170313643653e-07
GLYLEUHYDROc_REV_g.2094.peg.4088-MONOMER,0.0,-3.938385724541044e-06
GLYLEUHYDROc_FWD_g.2094.peg.4088-MONOMER,0.0,-1.2297652463311596e-06
GLYLEUHYDROc_REV_g.2094.peg.2955-MONOMER_mod_fe2(2),0.0,-2.708620478209884e-06
GLYLEUHYDROc_FWD_g.2094.peg.2955-MONOMER_mod_fe2(2),2.462101954243489e-27,1.0268776154481103e-36
GLYLEUHYDROc_REV_g.2094.peg.2790-MONOMER,0.0,-4.005104300434786e-06
GLYLEUHYDROc_FWD_g.2094.peg.2790-MONOMER,0.0,-1.2964838222249018e-06
GLYLEUHYDROc_REV_g.2094.peg.4101-MONOMER_mod_zn2(1),0.0,-5.407070494172996e-06
GLYLEUHYDROc_FWD_g.2094.peg.4101-MONOMER_mod_zn2(1),0.0,-2.6984500159631113e-06
GLYLEUPEPT1tc_REV_g.2094.peg.1255-MONOMER,0.0,-3.4365990859625486e-06
GLYLEUPEPT1tc_FWD_g.2094.peg.1255-MONOMER,0.0,-5.812535279073461e-07
GLYLEUPEPT1tc_REV_g.2094.peg.1402-MONOMER,0.0,-3.0434716103202707e-06
GLYLEUPEPT1tc_FWD_g.2094.peg.1402-MONOMER,0.0,-1.8812605226506835e-07
GLYLEUPEPT1tc_REV_g.2094.peg.1419-MONOMER,0.0,-3.319087575681426e-06
GLYLEUPEPT1tc_FWD_g.2094.peg.1419-MONOMER,0.0,-4.637420176262236e-07
GLYLEUPEPT1tc_REV_g.2094.peg.735-MONOMER,0.0,-3.0843756742122797e-06
GLYLEUPEPT1tc_FWD_g.2094.peg.735-MONOMER,0.0,-2.290301161570771e-07
GLYLEUPEPT1tc_REV_g.2094.peg.4205-MONOMER,0.0,-3.3302539211314796e-06
GLYLEUPEPT1tc_FWD_g.2094.peg.4205-MONOMER,0.0,-4.749083630762772e-07
GLYLEUPEPT1tc_REV_g.2094.peg.3235-MONOMER,0.0,-2.975240097563071e-06
GLYLEUPEPT1tc_FWD_g.2094.peg.3235-MONOMER,0.0,-1.198945395078688e-07
GLYLEUPEPT1tc_REV_g.2094.peg.1691-MONOMER,0.0,-2.8553455580552023e-06
GLYLEUPEPT1tc_FWD_g.2094.peg.1691-MONOMER,0.0,-2.2137619876252987e-36
GLYLEUPEPT1tc_REV_g.2094.peg.1189-MONOMER,0.0,-3.3262519111949543e-06
GLYLEUPEPT1tc_FWD_g.2094.peg.1189-MONOMER,0.0,-4.709063531397521e-07
GLYLEUPEPT1tc_REV_g.2094.peg.4681-MONOMER,0.0,-3.1458398687432073e-06
GLYLEUPEPT1tc_FWD_g.2094.peg.4681-MONOMER,0.0,-2.904943106880048e-07
GLYLEUPEPT1tc_REV_g.2094.peg.1024-MONOMER,0.0,-3.0216515897951923e-06
GLYLEUPEPT1tc_FWD_g.2094.peg.1024-MONOMER,0.0,-1.6630603173998962e-07
GLYMET1c_REV_g.2094.peg.1056-MONOMER,0.0,-1.3342908647553628e-06
GLYMET1c_FWD_g.2094.peg.1056-MONOMER,0.0,-4.042911342965247e-06
GLYMET1c_REV_g.2094.peg.2155-MONOMER,0.0,-3.4476170313643653e-07
GLYMET1c_FWD_g.2094.peg.2155-MONOMER,0.0,-3.0533821813463208e-06
GLYMET1c_REV_g.2094.peg.4088-MONOMER,0.0,-1.2297652463311596e-06
GLYMET1c_FWD_g.2094.peg.4088-MONOMER,0.0,-3.938385724541044e-06
GLYMET1c_REV_g.2094.peg.2955-MONOMER_mod_fe2(2),0.0,5.247079850461435e-37
GLYMET1c_FWD_g.2094.peg.2955-MONOMER_mod_fe2(2),0.0,-2.708620478209884e-06
GLYMET1c_REV_g.2094.peg.2790-MONOMER,0.0,-1.2964838222249018e-06
GLYMET1c_FWD_g.2094.peg.2790-MONOMER,0.0,-4.005104300434786e-06
GLYMET1c_REV_g.2094.peg.4101-MONOMER_mod_zn2(1),0.0,-2.6984500159631113e-06
GLYMET1c_FWD_g.2094.peg.4101-MONOMER_mod_zn2(1),0.0,-5.407070494172996e-06
GLYMETabc_REV_g.2094.peg.1255-MONOMER,0.0,0.001791941198867866
GLYMETabc_FWD_g.2094.peg.1255-MONOMER,0.0,-0.001795959051481736
GLYMETabc_REV_g.2094.peg.1402-MONOMER,0.0,0.0017923343263435082
GLYMETabc_FWD_g.2094.peg.1402-MONOMER,0.0,-0.0017955659240060937
GLYMETabc_REV_g.2094.peg.1419-MONOMER,0.0,0.0017920587103781472
GLYMETabc_FWD_g.2094.peg.1419-MONOMER,0.0,-0.0017958415399714548
GLYMETabc_REV_g.2094.peg.735-MONOMER,0.0,0.0017922934222796164
GLYMETabc_FWD_g.2094.peg.735-MONOMER,0.0,-0.0017956068280699858
GLYMETabc_REV_g.2094.peg.4205-MONOMER,0.0,0.001792047544032697
GLYMETabc_FWD_g.2094.peg.4205-MONOMER,0.0,-0.0017958527063169048
GLYMETabc_REV_g.2094.peg.3235-MONOMER,0.0,0.0017924025578562655
GLYMETabc_FWD_g.2094.peg.3235-MONOMER,0.0,-0.0017954976924933364
GLYMETabc_REV_g.2094.peg.1691-MONOMER,0.0,0.0017925224523957734
GLYMETabc_FWD_g.2094.peg.1691-MONOMER,0.0,-0.0017953777979538286
GLYMETabc_REV_g.2094.peg.1189-MONOMER,0.0,0.0017920515460426337
GLYMETabc_FWD_g.2094.peg.1189-MONOMER,0.0,-0.0017958487043069683
GLYMETabc_REV_g.2094.peg.4681-MONOMER,0.0,0.0017922319580850855
GLYMETabc_FWD_g.2094.peg.4681-MONOMER,0.0,-0.0017956682922645167
GLYMETabc_REV_g.2094.peg.1024-MONOMER,0.0,0.0017923561463640335
GLYMETabc_FWD_g.2094.peg.1024-MONOMER,0.0,-0.0017955441039855687
GLYOX_REV_g.2094.peg.980-MONOMER_mod_zn2(1),0.0,-2.5485617201493816e-06
GLYOX_FWD_g.2094.peg.980-MONOMER_mod_zn2(1),0.0,-3.0477428834362075e-37
GLYPHEHYc_REV_g.2094.peg.1056-MONOMER,0.0,-1.3342908647553628e-06
GLYPHEHYc_FWD_g.2094.peg.1056-MONOMER,0.0,-4.042911342965247e-06
GLYPHEHYc_REV_g.2094.peg.2155-MONOMER,0.0,-3.4476170313643653e-07
GLYPHEHYc_FWD_g.2094.peg.2155-MONOMER,0.0,-3.0533821813463208e-06
GLYPHEHYc_REV_g.2094.peg.4088-MONOMER,0.0,-1.2297652463311596e-06
GLYPHEHYc_FWD_g.2094.peg.4088-MONOMER,0.0,-3.938385724541044e-06
GLYPHEHYc_REV_g.2094.peg.2955-MONOMER_mod_fe2(2),3.481555746632888e-23,-7.689611837846456e-37
GLYPHEHYc_FWD_g.2094.peg.2955-MONOMER_mod_fe2(2),0.0,-2.708620478209884e-06
GLYPHEHYc_REV_g.2094.peg.2790-MONOMER,0.0,-1.2964838222249018e-06
GLYPHEHYc_FWD_g.2094.peg.2790-MONOMER,0.0,-4.005104300434786e-06
GLYPHEHYc_REV_g.2094.peg.4101-MONOMER_mod_zn2(1),0.0,-2.6984500159631113e-06
GLYPHEHYc_FWD_g.2094.peg.4101-MONOMER_mod_zn2(1),0.0,-5.407070494172996e-06
GLYPHEabc_REV_g.2094.peg.1255-MONOMER,0.0,0.0017921003528816155
GLYPHEabc_FWD_g.2094.peg.1255-MONOMER,0.0,-0.0017961182054954854
GLYPHEabc_REV_g.2094.peg.1402-MONOMER,0.0,0.0017924934803572577
GLYPHEabc_FWD_g.2094.peg.1402-MONOMER,0.0,-0.0017957250780198432
GLYPHEabc_REV_g.2094.peg.1419-MONOMER,0.0,0.0017922178643918966
GLYPHEabc_FWD_g.2094.peg.1419-MONOMER,0.0,-0.0017960006939852042
GLYPHEabc_REV_g.2094.peg.735-MONOMER,0.0,0.0017924525762933656
GLYPHEabc_FWD_g.2094.peg.735-MONOMER,0.0,-0.001795765982083735
GLYPHEabc_REV_g.2094.peg.4205-MONOMER,0.0,0.0017922066980464466
GLYPHEabc_FWD_g.2094.peg.4205-MONOMER,0.0,-0.0017960118603306543
GLYPHEabc_REV_g.2094.peg.3235-MONOMER,0.0,0.001792561711870015
GLYPHEabc_FWD_g.2094.peg.3235-MONOMER,0.0,-0.0017956568465070859
GLYPHEabc_REV_g.2094.peg.1691-MONOMER,0.0,0.0017926816064095228
GLYPHEabc_FWD_g.2094.peg.1691-MONOMER,0.0,-0.001795536951967578
GLYPHEabc_REV_g.2094.peg.1189-MONOMER,0.0,0.0017922107000563831
GLYPHEabc_FWD_g.2094.peg.1189-MONOMER,0.0,-0.0017960078583207177
GLYPHEabc_REV_g.2094.peg.4681-MONOMER,0.0,0.0017923911120988347
GLYPHEabc_FWD_g.2094.peg.4681-MONOMER,0.0,-0.001795827446278266
GLYPHEabc_REV_g.2094.peg.1024-MONOMER,0.0,0.0017925153003777827
GLYPHEabc_FWD_g.2094.peg.1024-MONOMER,0.0,-0.001795703257999318
GLYPROPRO1c_REV_g.2094.peg.1056-MONOMER,0.0,-1.3342908647553628e-06
GLYPROPRO1c_FWD_g.2094.peg.1056-MONOMER,0.0,-4.042911342965247e-06
GLYPROPRO1c_REV_g.2094.peg.2155-MONOMER,0.0,-3.4476170313643653e-07
GLYPROPRO1c_FWD_g.2094.peg.2155-MONOMER,0.0,-3.0533821813463208e-06
GLYPROPRO1c_REV_g.2094.peg.4088-MONOMER,0.0,-1.2297652463311596e-06
GLYPROPRO1c_FWD_g.2094.peg.4088-MONOMER,0.0,-3.938385724541044e-06
GLYPROPRO1c_REV_g.2094.peg.2955-MONOMER_mod_fe2(2),-6.048861573023067e-26,7.062088111547568e-39
GLYPROPRO1c_FWD_g.2094.peg.2955-MONOMER_mod_fe2(2),0.0,-2.708620478209884e-06
GLYPROPRO1c_REV_g.2094.peg.2790-MONOMER,0.0,-1.2964838222249018e-06
GLYPROPRO1c_FWD_g.2094.peg.2790-MONOMER,0.0,-4.005104300434786e-06
GLYPROPRO1c_REV_g.2094.peg.4101-MONOMER_mod_zn2(1),0.0,-2.6984500159631113e-06
GLYPROPRO1c_FWD_g.2094.peg.4101-MONOMER_mod_zn2(1),0.0,-5.407070494172996e-06
GLYPROabc_REV_g.2094.peg.1255-MONOMER,0.0,0.00536561148738144
GLYPROabc_FWD_g.2094.peg.1255-MONOMER,0.0,-0.0053696293399953104
GLYPROabc_REV_g.2094.peg.1402-MONOMER,0.0,0.0053660046148570825
GLYPROabc_FWD_g.2094.peg.1402-MONOMER,0.0,-0.005369236212519668
GLYPROabc_REV_g.2094.peg.1419-MONOMER,0.0,0.005365728998891721
GLYPROabc_FWD_g.2094.peg.1419-MONOMER,0.0,-0.005369511828485029
GLYPROabc_REV_g.2094.peg.735-MONOMER,0.0,0.0053659637107931904
GLYPROabc_FWD_g.2094.peg.735-MONOMER,0.0,-0.00536927711658356
GLYPROabc_REV_g.2094.peg.4205-MONOMER,0.0,0.005365717832546271
GLYPROabc_FWD_g.2094.peg.4205-MONOMER,0.0,-0.005369522994830479
GLYPROabc_REV_g.2094.peg.3235-MONOMER,0.0,0.005366072846369839
GLYPROabc_FWD_g.2094.peg.3235-MONOMER,0.0,-0.0053691679810069105
GLYPROabc_REV_g.2094.peg.1691-MONOMER,0.0,0.005366192740909347
GLYPROabc_FWD_g.2094.peg.1691-MONOMER,0.0,-0.005369048086467403
GLYPROabc_REV_g.2094.peg.1189-MONOMER,0.0,0.0053657218345562075
GLYPROabc_FWD_g.2094.peg.1189-MONOMER,0.0,-0.005369518992820542
GLYPROabc_REV_g.2094.peg.4681-MONOMER,0.0,0.0053659022465986595
GLYPROabc_FWD_g.2094.peg.4681-MONOMER,0.0,-0.005369338580778091
GLYPROabc_REV_g.2094.peg.1024-MONOMER,0.0,0.005366026434877607
GLYPROabc_FWD_g.2094.peg.1024-MONOMER,0.0,-0.005369214392499142
GLYTYR1c_REV_g.2094.peg.1056-MONOMER,0.0,-4.042911342965247e-06
GLYTYR1c_FWD_g.2094.peg.1056-MONOMER,0.0,-1.3342908647553628e-06
GLYTYR1c_REV_g.2094.peg.2155-MONOMER,0.0,-3.0533821813463208e-06
GLYTYR1c_FWD_g.2094.peg.2155-MONOMER,0.0,-3.4476170313643653e-07
GLYTYR1c_REV_g.2094.peg.4088-MONOMER,0.0,-3.938385724541044e-06
GLYTYR1c_FWD_g.2094.peg.4088-MONOMER,0.0,-1.2297652463311596e-06
GLYTYR1c_REV_g.2094.peg.2955-MONOMER_mod_fe2(2),0.0,-2.708620478209884e-06
GLYTYR1c_FWD_g.2094.peg.2955-MONOMER_mod_fe2(2),-1.2007610104633698e-26,5.5515333033595646e-37
GLYTYR1c_REV_g.2094.peg.2790-MONOMER,0.0,-4.005104300434786e-06
GLYTYR1c_FWD_g.2094.peg.2790-MONOMER,0.0,-1.2964838222249018e-06
GLYTYR1c_REV_g.2094.peg.4101-MONOMER_mod_zn2(1),0.0,-5.407070494172996e-06
GLYTYR1c_FWD_g.2094.peg.4101-MONOMER_mod_zn2(1),0.0,-2.6984500159631113e-06
GLYTYRabc_REV_g.2094.peg.1255-MONOMER,0.0,-3.4365990859625486e-06
GLYTYRabc_FWD_g.2094.peg.1255-MONOMER,0.0,-5.812535279073461e-07
GLYTYRabc_REV_g.2094.peg.1402-MONOMER,0.0,-3.0434716103202707e-06
GLYTYRabc_FWD_g.2094.peg.1402-MONOMER,0.0,-1.8812605226506835e-07
GLYTYRabc_REV_g.2094.peg.1419-MONOMER,0.0,-3.319087575681426e-06
GLYTYRabc_FWD_g.2094.peg.1419-MONOMER,0.0,-4.637420176262236e-07
GLYTYRabc_REV_g.2094.peg.735-MONOMER,0.0,-3.0843756742122797e-06
GLYTYRabc_FWD_g.2094.peg.735-MONOMER,0.0,-2.290301161570771e-07
GLYTYRabc_REV_g.2094.peg.4205-MONOMER,0.0,-3.3302539211314796e-06
GLYTYRabc_FWD_g.2094.peg.4205-MONOMER,0.0,-4.749083630762772e-07
GLYTYRabc_REV_g.2094.peg.3235-MONOMER,0.0,-2.975240097563071e-06
GLYTYRabc_FWD_g.2094.peg.3235-MONOMER,0.0,-1.198945395078688e-07
GLYTYRabc_REV_g.2094.peg.1691-MONOMER,0.0,-2.8553455580552023e-06
GLYTYRabc_FWD_g.2094.peg.1691-MONOMER,0.0,1.4318870073627788e-36
GLYTYRabc_REV_g.2094.peg.1189-MONOMER,0.0,-3.3262519111949543e-06
GLYTYRabc_FWD_g.2094.peg.1189-MONOMER,0.0,-4.709063531397521e-07
GLYTYRabc_REV_g.2094.peg.4681-MONOMER,0.0,-3.1458398687432073e-06
GLYTYRabc_FWD_g.2094.peg.4681-MONOMER,0.0,-2.904943106880048e-07
GLYTYRabc_REV_g.2094.peg.1024-MONOMER,0.0,-3.0216515897951923e-06
GLYTYRabc_FWD_g.2094.peg.1024-MONOMER,0.0,-1.6630603173998962e-07
GLYt2r_REV_g.2094.peg.3225-MONOMER,2.6230277478904167,1.6698093083071052e-37
GLYt2r_FWD_g.2094.peg.3225-MONOMER,0.0,-3.242352711915474e-06
GMHEPAT_REV_CPLX_dummy,0.0,-3.5850072839868364e-06
GMHEPAT_FWD_CPLX_dummy,0.04196304084014399,1.4516428615626403e-35
GMHEPK_REV_CPLX_dummy,0.0,-3.5850072839868364e-06
GMHEPK_FWD_CPLX_dummy,0.04196304084014399,9.145884764054131e-36
GMHEPPA_REV_g.2094.peg.2198-MONOMER_mod_mg2(1),0.0,-2.635948065145162e-06
GMHEPPA_FWD_g.2094.peg.2198-MONOMER_mod_mg2(1),0.04196304084014399,-1.8432947851685893e-36
GMPR_REV_g.2094.peg.4289-MONOMER,0.0,-6.216509172903893e-06
GMPR_FWD_g.2094.peg.4289-MONOMER,1.0107684976425414e-22,9.257536292073708e-36
GMPS2_REV_527012.3.peg.2626-MONOMER_mod_mg2(1),0.0,0.016104077418500447
GMPS2_FWD_527012.3.peg.2626-MONOMER_mod_mg2(1),0.0,-0.016106755544622018
GND_REV_527012.3.peg.344-MONOMER,0.0,-4.149942088418332e-06
GND_FWD_527012.3.peg.344-MONOMER,0.14898579,-3.819261285866e-34
GND_REV_527012.3.peg.77-MONOMER,0.0,-4.149942088418332e-06
GND_FWD_527012.3.peg.77-MONOMER,0.0,-3.819186132940935e-34
GND2_REV_g.2094.peg.2152-MONOMER,0.0,-1.2634338152444728e-06
GND2_FWD_g.2094.peg.2152-MONOMER,0.0,-1.606337792284528e-06
GND2_REV_g.2094.peg.4323-MONOMER,0.0,-1.547341291868657e-06
GND2_FWD_g.2094.peg.4323-MONOMER,0.0,-1.8902452689087122e-06
GNK_REV_g.2094.peg.4460-MONOMER,0.0,-3.2055618581070927e-06
GNK_FWD_g.2094.peg.4460-MONOMER,0.14898579,-1.0781547693987083e-35
GNK_REV_g.2094.peg.2850-MONOMER,0.0,-3.2742160739710454e-06
GNK_FWD_g.2094.peg.2850-MONOMER,0.0,-6.865421586395279e-08
GNNUC_REV_g.2094.peg.2375-MONOMER,0.0,0.008047059923289815
GNNUC_FWD_g.2094.peg.2375-MONOMER,0.0,-0.00805036144122651
GNNUC_REV_g.2094.peg.1265-MONOMER,0.0,0.008046637731447563
GNNUC_FWD_g.2094.peg.1265-MONOMER,0.0,-0.008050783633068763
GNOX_REV_527012.3.peg.3898-MONOMER,0.0,3.438592967871561e-36
GNOX_FWD_527012.3.peg.3898-MONOMER,0.0,-3.867364305810695e-06
GNOXy_REV_527012.3.peg.3898-MONOMER,0.0,-2.246423032729193e-06
GNOXy_FWD_527012.3.peg.3898-MONOMER,0.0,-1.6209412730815016e-06
GPDDA1_REV_g.2094.peg.1650-MONOMER_mod_ca2(1),0.0,-1.4036347250375512e-06
GPDDA1_FWD_g.2094.peg.1650-MONOMER_mod_ca2(1),0.0,-9.857134525637785e-37
GPDDA1_REV_g.2094.peg.1822-MONOMER_mod_mg2(1),0.0,-1.9569165865646572e-06
GPDDA1_FWD_g.2094.peg.1822-MONOMER_mod_mg2(1),0.0,-5.532818615271061e-07
GPDDA1_REV_g.2094.peg.2811-MONOMER,0.0,-2.2346533428591204e-06
GPDDA1_FWD_g.2094.peg.2811-MONOMER,0.0,-8.310186178215694e-07
GPDDA2_REV_g.2094.peg.1650-MONOMER_mod_ca2(1),0.0,-1.4036347250375512e-06
GPDDA2_FWD_g.2094.peg.1650-MONOMER_mod_ca2(1),0.0,-3.0151089296692e-36
GPDDA2_REV_g.2094.peg.1822-MONOMER_mod_mg2(1),0.0,-1.9569165865646572e-06
GPDDA2_FWD_g.2094.peg.1822-MONOMER_mod_mg2(1),0.0,-5.532818615271061e-07
GPDDA2_REV_g.2094.peg.2811-MONOMER,0.0,-2.2346533428591204e-06
GPDDA2_FWD_g.2094.peg.2811-MONOMER,0.0,-8.310186178215694e-07
GPDDA4_REV_g.2094.peg.1650-MONOMER_mod_ca2(1),0.0,-1.4036347250375512e-06
GPDDA4_FWD_g.2094.peg.1650-MONOMER_mod_ca2(1),0.0,2.8984285988932414e-38
GPDDA4_REV_g.2094.peg.1822-MONOMER_mod_mg2(1),0.0,-1.9569165865646572e-06
GPDDA4_FWD_g.2094.peg.1822-MONOMER_mod_mg2(1),0.0,-5.532818615271061e-07
GPDDA4_REV_g.2094.peg.2811-MONOMER,0.0,-2.2346533428591204e-06
GPDDA4_FWD_g.2094.peg.2811-MONOMER,0.0,-8.310186178215694e-07
GRTT_REV_CPLX_DMATT-0,0.0,-5.102656511186166e-06
GRTT_FWD_CPLX_DMATT-0,0.0,-4.2447444297811935e-07
GRTT_REV_g.2094.peg.3256-MONOMER_mod_mg2(1),0.0,-4.691024533981076e-06
GRTT_FWD_g.2094.peg.3256-MONOMER_mod_mg2(1),0.0,-1.2842465773029657e-08
GRTT_REV_g.2094.peg.3256-MONOMER_mod_mn2(1),0.0,-4.678182068208047e-06
GRTT_FWD_g.2094.peg.3256-MONOMER_mod_mn2(1),0.013088388372874465,-9.356250251175971e-36
GSNK_REV_g.2094.peg.1817-MONOMER_mod_k(1)_mod_mg2(1),0.0,-4.947882822647422e-06
GSNK_FWD_g.2094.peg.1817-MONOMER_mod_k(1)_mod_mg2(1),0.028255389713313272,-7.502189032915794e-37
GTHP_REV_g.2094.peg.3910-MONOMER,0.0,0.014295692324255345
GTHP_FWD_g.2094.peg.3910-MONOMER,0.0,-0.014296951019823808
GTHRD_REV_g.2094.peg.1527-MONOMER,0.0018267628169440055,3.602271917225281e-35
GTHRD_FWD_g.2094.peg.1527-MONOMER,0.0,-4.04159187078961e-06
GTHRD_REV_g.2094.peg.4293-MONOMER_mod_fad(1),0.0,-6.900103847876402e-07
GTHRD_FWD_g.2094.peg.4293-MONOMER_mod_fad(1),0.0,-4.73160225557725e-06
GTHRDt2_REV_CPLX_dummy,0.0,-3.5850072839868364e-06
GTHRDt2_FWD_CPLX_dummy,0.0012988140814192341,0.0
GTHS_REV_g.2094.peg.1072-MONOMER_mod_mg2(1),0.0,-4.878012674230706e-06
GTHS_FWD_g.2094.peg.1072-MONOMER_mod_mg2(1),0.0,2.9522490370154874e-36
GTPCI_REV_527012.3.peg.297-MONOMER,0.0,-3.3060765265485603e-06
GTPCI_FWD_527012.3.peg.297-MONOMER,2.0941216003121683e-43,-2.2026368421632293e-36
GTPCI_REV_527012.3.peg.30-MONOMER,0.0,-3.3060765265485603e-06
GTPCI_FWD_527012.3.peg.30-MONOMER,0.003896442244257702,-2.5380293360833665e-36
GTPCII_REV_g.2094.peg.1293-MONOMER,0.0,-2.854014155447986e-06
GTPCII_FWD_g.2094.peg.1293-MONOMER,0.0025977683196358116,2.3857139955435506e-35
GTPCII2_REV_527012.3.peg.2162-MONOMER_mod_mg2(1),0.0,-2.160418655261794e-06
GTPCII2_FWD_527012.3.peg.2162-MONOMER_mod_mg2(1),0.0,-9.367968540137618e-37
GTPDPDP_REV_g.2094.peg.3032-MONOMER_mod_nh4(1)_mod_mg2(1),0.0,-5.537469142259236e-06
GTPDPDP_FWD_g.2094.peg.3032-MONOMER_mod_nh4(1)_mod_mg2(1),0.0,1.851423251064464e-37
GTPDPK_REV_g.2094.peg.4392-MONOMER,0.0,-4.5464831296899055e-06
GTPDPK_FWD_g.2094.peg.4392-MONOMER,0.0,-4.852082597628479e-08
GTPDPK_REV_g.2094.peg.2454-MONOMER_mod_mn2(1),0.0,-4.497962303713621e-06
GTPDPK_FWD_g.2094.peg.2454-MONOMER_mod_mn2(1),0.0,-4.534541691726007e-36
GUAD_REV_g.2094.peg.963-MONOMER,0.0,-7.853600309054197e-07
GUAD_FWD_g.2094.peg.963-MONOMER,0.0,-3.863842499690747e-06
GUAPRT_REV_g.2094.peg.4010-MONOMER,0.0,0.008043389790752689
GUAPRT_FWD_g.2094.peg.4010-MONOMER,0.0,-0.008046684740783449
GUAPRT_REV_g.2094.peg.2542-MONOMER,0.0,0.008044177182768298
GUAPRT_FWD_g.2094.peg.2542-MONOMER,0.0,-0.008045897348767839
GUAt2_REV_CPLX_dummy,0.0,0.018744000903477758
GUAt2_FWD_CPLX_dummy,0.0,-0.018747585910761744
GUI1_REV_g.2094.peg.2354-MONOMER_mod_zn2(1),0.0,1.327780065075338e-36
GUI1_FWD_g.2094.peg.2354-MONOMER_mod_zn2(1),0.0,-2.246584288561667e-06
GUI2_REV_g.2094.peg.2354-MONOMER_mod_zn2(1),0.0,2.13083568347657e-36
GUI2_FWD_g.2094.peg.2354-MONOMER_mod_zn2(1),0.0,-2.246584288561667e-06
H2CO3D_REV_g.2094.peg.3790-MONOMER,0.0,-3.789149178741312e-06
H2CO3D_FWD_g.2094.peg.3790-MONOMER,0.0,-3.7661729655430676e-07
H2CO3D_REV_g.2094.peg.4313-MONOMER_mod_zn2(1),0.0,-3.412531882187005e-06
H2CO3D_FWD_g.2094.peg.4313-MONOMER_mod_zn2(1),1.2642484787318905e-09,1.6647648723287642e-37
H2Ot_REV_CPLX_dummy,0.0,-3.5850072839868364e-06
H2Ot_FWD_CPLX_dummy,10.0,1.1620240061873102e-37
H2St_REV_CPLX_dummy,1.9698869416729199,0.0
H2St_FWD_CPLX_dummy,0.0,-3.5850072839868364e-06
HACD1_REV_g.2094.peg.1258-MONOMER,0.0,-5.552355101205008e-06
HACD1_FWD_g.2094.peg.1258-MONOMER,0.0,-1.4561590173034864e-35
HACD1_REV_g.2094.peg.3533-MONOMER,0.0,-5.611919864669108e-06
HACD1_FWD_g.2094.peg.3533-MONOMER,0.0,-5.956476346409992e-08
HACD2_REV_g.2094.peg.1258-MONOMER,0.0,3.2706670757562325e-35
HACD2_FWD_g.2094.peg.1258-MONOMER,0.0,-5.552355101205008e-06
HACD2_REV_g.2094.peg.3533-MONOMER,0.0,-5.956476346409992e-08
HACD2_FWD_g.2094.peg.3533-MONOMER,0.0,-5.611919864669108e-06
HACD3_REV_g.2094.peg.1258-MONOMER,0.0,-5.552355101205008e-06
HACD3_FWD_g.2094.peg.1258-MONOMER,6.003423911606233e-36,-2.40152423591543e-35
HACD3_REV_g.2094.peg.3533-MONOMER,0.0,-5.611919864669108e-06
HACD3_FWD_g.2094.peg.3533-MONOMER,0.0,-5.956476346409992e-08
HACD4_REV_g.2094.peg.1258-MONOMER,0.0,-5.552355101205008e-06
HACD4_FWD_g.2094.peg.1258-MONOMER,0.0,-1.4561590173034864e-35
HACD4_REV_g.2094.peg.3533-MONOMER,0.0,-5.611919864669108e-06
HACD4_FWD_g.2094.peg.3533-MONOMER,0.0,-5.956476346409992e-08
HACD5_REV_g.2094.peg.1258-MONOMER,0.0,-5.552355101205008e-06
HACD5_FWD_g.2094.peg.1258-MONOMER,0.0,-5.1079379869154254e-36
HACD5_REV_g.2094.peg.3533-MONOMER,0.0,-5.611919864669108e-06
HACD5_FWD_g.2094.peg.3533-MONOMER,0.0,-5.956476346409992e-08
HACD6_REV_g.2094.peg.1258-MONOMER,0.0,-5.552355101205008e-06
HACD6_FWD_g.2094.peg.1258-MONOMER,0.0,-5.1079379869154254e-36
HACD6_REV_g.2094.peg.3533-MONOMER,0.0,-5.611919864669108e-06
HACD6_FWD_g.2094.peg.3533-MONOMER,0.0,-5.956476346409992e-08
HACD7_REV_g.2094.peg.1258-MONOMER,0.0,4.345714199204013e-36
HACD7_FWD_g.2094.peg.1258-MONOMER,0.0,-5.552355101205008e-06
HACD7_REV_g.2094.peg.3533-MONOMER,0.0,-5.956476346409992e-08
HACD7_FWD_g.2094.peg.3533-MONOMER,0.0,-5.611919864669108e-06
HACD9_REV_g.2094.peg.1258-MONOMER,3.996706874632133e-23,-5.1079379869154254e-36
HACD9_FWD_g.2094.peg.1258-MONOMER,0.0,-5.552355101205008e-06
HACD9_REV_g.2094.peg.3533-MONOMER,0.0,-5.956476346409992e-08
HACD9_FWD_g.2094.peg.3533-MONOMER,0.0,-5.611919864669108e-06
HADPCOADH3_REV_g.2094.peg.1258-MONOMER,0.0,0.001783953442112065
HADPCOADH3_FWD_g.2094.peg.1258-MONOMER,0.0,-0.00178950579721327
HADPCOADH3_REV_g.2094.peg.3533-MONOMER,0.0,0.001783893877348601
HADPCOADH3_FWD_g.2094.peg.3533-MONOMER,0.0,-0.0017895653619767343
HBZOPT_REV_CPLX_dummy,0.0,-3.5850072839868364e-06
HBZOPT_FWD_CPLX_dummy,-4.427726782563444e-24,1.9575179364077386e-35
HDCAt2_REV_g.2094.peg.3807-MONOMER,0.0,0.020539935358204815
HDCAt2_FWD_g.2094.peg.3807-MONOMER,0.0,-0.020545498668674177
HDG3PACT_REV_g.2094.peg.2641-MONOMER,0.0,-4.951453774988172e-06
HDG3PACT_FWD_g.2094.peg.2641-MONOMER,0.0,-2.0801811815744655e-07
HDG3PACT_REV_CPLX_G3PAT120-0,0.0,-4.743435656830726e-06
HDG3PACT_FWD_CPLX_G3PAT120-0,0.0,1.0088498926831353e-35
HEMEOS_REV_g.2094.peg.3363-MONOMER_mod_ca2(1),0.0,-1.8407307232267564e-06
HEMEOS_FWD_g.2094.peg.3363-MONOMER_mod_ca2(1),0.0,-9.768770685670923e-35
HEMEOS_REV_g.2094.peg.3363-MONOMER_mod_mg2(1),0.0,-1.8567807975853248e-06
HEMEOS_FWD_g.2094.peg.3363-MONOMER_mod_mg2(1),0.0,-1.6050074358568497e-08
HEMEti_REV_CPLX_dummy,0.0,-3.5850072839868364e-06
HEMEti_FWD_CPLX_dummy,0.0012988140814192341,5.445492860351529e-36
HEPK1_REV_CPLX_dummy,0.0,-3.5850072839868364e-06
HEPK1_FWD_CPLX_dummy,0.010490760210035997,6.995517736124293e-36
HEPK2_REV_CPLX_dummy,0.0,-3.5850072839868364e-06
HEPK2_FWD_CPLX_dummy,0.010490760210035997,-1.3062797205138538e-34
HEPT1_REV_g.2094.peg.2437-MONOMER,0.0,-3.547212862599941e-06
HEPT1_FWD_g.2094.peg.2437-MONOMER,0.010490760210035997,-3.0536095449469445e-35
HEPT2_REV_g.2094.peg.2494-MONOMER,0.0,-3.38225822920061e-06
HEPT2_FWD_g.2094.peg.2494-MONOMER,0.010490760210035997,6.701669880496525e-35
HEPT3_REV_g.2094.peg.4396-MONOMER,0.0,-3.325702603841019e-06
HEPT3_FWD_g.2094.peg.4396-MONOMER,0.010490760210035997,-5.017732913317177e-35
HEPT4_REV_CPLX_dummy,0.0,-3.5850072839868364e-06
HEPT4_FWD_CPLX_dummy,0.010490760210035997,2.3653987216304294e-35
HETT_REV_g.2094.peg.4705-MONOMER_mod_mg2(1),0.0,-5.415720458469001e-06
HETT_FWD_g.2094.peg.4705-MONOMER_mod_mg2(1),0.0025976281628384682,4.92311303173713e-36
HETZK_REV_g.2094.peg.359-MONOMER,0.0,-4.31389218477719e-06
HETZK_FWD_g.2094.peg.359-MONOMER,0.0,-5.753466793126742e-36
HEX1_REV_527012.3.peg.3241-MONOMER,0.0,-1.7347723093212823e-06
HEX1_FWD_527012.3.peg.3241-MONOMER,0.0,-1.5212523519868866e-06
HEX10_REV_g.2094.peg.2719-MONOMER,0.0,-3.1620435678372757e-06
HEX10_FWD_g.2094.peg.2719-MONOMER,0.0,9.858769902249949e-37
HEX4_REV_CPLX_dummy,0.0,-3.5850072839868364e-06
HEX4_FWD_CPLX_dummy,0.0,4.8451507081944536e-36
HEX7_REV_g.2094.peg.3281-MONOMER,0.0,-2.7175208664792143e-06
HEX7_FWD_g.2094.peg.3281-MONOMER,0.0,-1.2044863849352495e-06
HEX7_REV_g.2094.peg.993-MONOMER,0.0,-2.7175208664792143e-06
HEX7_FWD_g.2094.peg.993-MONOMER,0.0,-1.2044863849352495e-06
HEXTT_REV_g.2094.peg.4705-MONOMER_mod_mg2(1),0.0,-5.415720458469001e-06
HEXTT_FWD_g.2094.peg.4705-MONOMER_mod_mg2(1),0.0025976281628384682,-2.556650477660955e-35
HEXb_REV_g.2094.peg.2443-MONOMER,0.0,-3.7616918717505806e-08
HEXb_FWD_g.2094.peg.2443-MONOMER,0.0,-3.218407742590663e-06
HG2abc_REV_g.2094.peg.1251-MONOMER,0.0,-4.991052746396562e-06
HG2abc_FWD_g.2094.peg.1251-MONOMER,0.0,-1.1435911170520214e-06
HG2abc_REV_g.2094.peg.1368-MONOMER,0.0,-3.8474616293445404e-06
HG2abc_FWD_g.2094.peg.1368-MONOMER,0.0,4.346780591959805e-36
HG2abc_REV_g.2094.peg.1739-MONOMER,0.0,-5.559658239007104e-06
HG2abc_FWD_g.2094.peg.1739-MONOMER,0.0,-1.7121966096625638e-06
HIBD_REV_g.2094.peg.1258-MONOMER,0.0,-5.552355101205008e-06
HIBD_FWD_g.2094.peg.1258-MONOMER,0.0,1.379936638532345e-35
HIBD_REV_g.2094.peg.3533-MONOMER,0.0,-5.611919864669108e-06
HIBD_FWD_g.2094.peg.3533-MONOMER,0.0,-5.956476346409992e-08
HISD_REV_g.2094.peg.1869-MONOMER,0.0,5.075218696222957e-05
HISD_FWD_g.2094.peg.1869-MONOMER,0.0,-5.641969716445707e-05
HISD_REV_g.2094.peg.3195-MONOMER,0.0,5.075218696222957e-05
HISD_FWD_g.2094.peg.3195-MONOMER,0.0,-5.641969716445707e-05
HISDC_REV_g.2094.peg.2789-MONOMER_mod_mg2(1),0.0,-7.562285475758723e-06
HISDC_FWD_g.2094.peg.2789-MONOMER_mod_mg2(1),-5.190656195315363e-26,-9.399246725293265e-37
HISTAt2_REV_CPLX_dummy,0.0,-3.5850072839868364e-06
HISTAt2_FWD_CPLX_dummy,0.0,-4.4842704567995583e-38
HISTD_REV_527012.3.peg.351-MONOMER,0.0,-3.0356835503931138e-06
HISTD_FWD_527012.3.peg.351-MONOMER,0.0,-9.846387805643344e-07
HISTD_REV_527012.3.peg.345-MONOMER,0.0,-2.05104476982878e-06
HISTD_FWD_527012.3.peg.345-MONOMER,0.0,9.707201275364257e-36
HISTD_REV_527012.3.peg.84-MONOMER,0.0,-3.0356835503931138e-06
HISTD_FWD_527012.3.peg.84-MONOMER,0.0,-9.846387805643344e-07
HISTD_REV_527012.3.peg.78-MONOMER,0.0,-2.05104476982878e-06
HISTD_FWD_527012.3.peg.78-MONOMER,0.0,9.711344752994137e-36
HISTDOX_REV_g.2094.peg.4535-MONOMER_mod_mn2(1),0.0,-4.461139533197449e-06
HISTDOX_FWD_g.2094.peg.4535-MONOMER_mod_mn2(1),0.0,-4.4081720224000103e-07
HISTDOX_REV_g.2094.peg.2124-MONOMER,0.0,-4.0203223309574485e-06
HISTDOX_FWD_g.2094.peg.2124-MONOMER,0.0,-1.2823744353029936e-35
HISTLOX_REV_g.2094.peg.4535-MONOMER_mod_mn2(1),0.0,-1.4663395871543908e-06
HISTLOX_FWD_g.2094.peg.4535-MONOMER_mod_mn2(1),0.0,-3.4356171482830595e-06
HISTLOX_REV_g.2094.peg.2124-MONOMER,0.0,-1.02552238491439e-06
HISTLOX_FWD_g.2094.peg.2124-MONOMER,0.0,-2.994799946043058e-06
HISTP_REV_527012.3.peg.349-MONOMER,0.0,-2.534177883872407e-06
HISTP_FWD_527012.3.peg.349-MONOMER,0.0,-1.62677032798766e-37
HISTP_REV_527012.3.peg.82-MONOMER,0.0,-2.534177883872407e-06
HISTP_FWD_527012.3.peg.82-MONOMER,0.0,-1.6443808322148605e-37
HISabc_REV_g.2094.peg.2210-MONOMER,0.0,-2.295871672176691e-06
HISabc_FWD_g.2094.peg.2210-MONOMER,0.0,-7.647773185853029e-07
HISabc_REV_g.2094.peg.491-MONOMER,0.0,-1.904334856770881e-06
HISabc_FWD_g.2094.peg.491-MONOMER,0.0,-3.732405031794928e-07
HISabc_REV_g.2094.peg.2177-MONOMER,0.0,-1.7986154535091802e-06
HISabc_FWD_g.2094.peg.2177-MONOMER,0.0,-2.675210999177918e-07
HISabc_REV_g.2094.peg.2081-MONOMER,0.0,-2.039690557777178e-06
HISabc_FWD_g.2094.peg.2081-MONOMER,0.0,-5.085962041857895e-07
HISabc_REV_g.2094.peg.624-MONOMER,0.0,-2.1199837151075613e-06
HISabc_FWD_g.2094.peg.624-MONOMER,0.0,-5.888893615161731e-07
HISabc_REV_g.2094.peg.623-MONOMER,0.0,-2.450201721514704e-06
HISabc_FWD_g.2094.peg.623-MONOMER,0.0,-9.191073679233155e-07
HISabc_REV_g.2094.peg.4269-MONOMER,0.0,-2.3333949588284716e-06
HISabc_FWD_g.2094.peg.4269-MONOMER,0.0,-8.02300605237083e-07
HISabc_REV_g.2094.peg.2159-MONOMER,0.0,-1.5310943535913882e-06
HISabc_FWD_g.2094.peg.2159-MONOMER,0.06990515589247007,-1.2376168508297475e-35
HISabc_REV_g.2094.peg.2318-MONOMER,0.0,-1.898216209145207e-06
HISabc_FWD_g.2094.peg.2318-MONOMER,0.0,-3.6712185555381875e-07
HKMPPI_REV_g.2094.peg.3735-MONOMER,0.0,-1.870228697329002e-06
HKMPPI_FWD_g.2094.peg.3735-MONOMER,0.0,4.65288650972085e-36
HKt_REV_g.2094.peg.694-MONOMER,0.0,0.004468121653845467
HKt_FWD_g.2094.peg.694-MONOMER,0.0,-0.004472266486478969
HKt_REV_g.2094.peg.929-MONOMER,0.0,0.004466857082601124
HKt_FWD_g.2094.peg.929-MONOMER,0.0,-0.004473531057723312
HKt_REV_g.2094.peg.763-MONOMER,0.0,0.004468119972911815
HKt_FWD_g.2094.peg.763-MONOMER,0.0,-0.004472268167412621
HMBS_REV_g.2094.peg.3349-MONOMER_mod_dpm(1),0.0,0.33593867143658446
HMBS_FWD_g.2094.peg.3349-MONOMER_mod_dpm(1),5.213558525200188e-26,-1.7581597574499113e-35
HMPK1_REV_527012.3.peg.2633-MONOMER,0.0,-4.61726404703198e-06
HMPK1_FWD_527012.3.peg.2633-MONOMER,0.0,4.769634213550236e-36
HPPK_REV_g.2094.peg.4021-MONOMER_mod_mg2(1),0.0,0.01609526641542729
HPPK_FWD_g.2094.peg.4021-MONOMER_mod_mg2(1),0.0,-0.01609654255151125
HPPK2_REV_527012.3.peg.614-MONOMER,0.0,0.016094179332752957
HPPK2_FWD_527012.3.peg.614-MONOMER,0.0,-0.016095261781760517
HPYRI_REV_g.2094.peg.1035-MONOMER,0.0,-2.1800902278679876e-06
HPYRI_FWD_g.2094.peg.1035-MONOMER,0.0,6.707392566896002e-37
HSDx_REV_527012.3.peg.3720-MONOMER,0.0,5.810021952568321e-37
HSDx_FWD_527012.3.peg.3720-MONOMER,0.0,-5.9206114145350265e-06
HSDx_REV_527012.3.peg.3583-MONOMER,0.0,-8.803085671388397e-07
HSDx_FWD_527012.3.peg.3583-MONOMER,0.0,-6.800919981673866e-06
HSDy_REV_527012.3.peg.3720-MONOMER,0.0,-2.246423032729193e-06
HSDy_FWD_527012.3.peg.3720-MONOMER,0.0,-3.6741883818058333e-06
HSDy_REV_527012.3.peg.3583-MONOMER,0.0,-3.126731599868033e-06
HSDy_FWD_527012.3.peg.3583-MONOMER,0.0,-4.554496948944673e-06
HSK_REV_527012.3.peg.3721-MONOMER,0.0,-4.143933062492438e-06
HSK_FWD_527012.3.peg.3721-MONOMER,0.0,-6.956809431036064e-36
HSST_REV_527012.3.peg.3233-MONOMER,0.0,-3.1448917204309316e-06
HSST_FWD_527012.3.peg.3233-MONOMER,0.0,3.649847437648798e-36
HSTPTr_REV_527012.3.peg.350-MONOMER,0.0,-4.598834942622306e-06
HSTPTr_FWD_527012.3.peg.350-MONOMER,0.0,-5.2346970183004e-36
HSTPTr_REV_527012.3.peg.83-MONOMER,0.0,-4.598834942622306e-06
HSTPTr_FWD_527012.3.peg.83-MONOMER,0.0,-5.234261917559124e-36
HXPRT_REV_g.2094.peg.4010-MONOMER,0.0,0.008648744944532256
HXPRT_FWD_g.2094.peg.4010-MONOMER,0.0,-0.008652039894563016
HYD1_REV_CPLX_HYD1-1,0.0,-2.459182534359527e-06
HYD1_FWD_CPLX_HYD1-1,0.0,-7.229228034387526e-07
HYD1_REV_CPLX_HYD1-0,0.0,-2.4560421578503167e-06
HYD1_FWD_CPLX_HYD1-0,0.0,-7.197824269295423e-07
HYD1_REV_g.2094.peg.1576-MONOMER,0.0,-1.7362597309207744e-06
HYD1_FWD_g.2094.peg.1576-MONOMER,1.693375861057522e-22,-2.4554660473837486e-36
HYD1_REV_g.2094.peg.3789-MONOMER,0.0,-1.838140927476769e-06
HYD1_FWD_g.2094.peg.3789-MONOMER,0.0,-1.0188119655599451e-07
HYD2_REV_CPLX_HYD1-1,0.0,-1.7412833953625023e-06
HYD2_FWD_CPLX_HYD1-1,0.0,-1.4408219424357773e-06
HYD2_REV_CPLX_HYD1-0,0.0,-1.738143018853292e-06
HYD2_FWD_CPLX_HYD1-0,0.0,-1.437681565926567e-06
HYD3_REV_CPLX_HYD1-1,0.0,0.007145551890404891
HYD3_FWD_CPLX_HYD1-1,0.0,-0.00714873399574269
HYD3_REV_CPLX_HYD1-0,0.0,0.0071455550307814005
HYD3_FWD_CPLX_HYD1-0,0.0,-0.0071487308553661805
HYPSUCORNS_REV_CPLX_dummy,0.0,-3.5850072839868364e-06
HYPSUCORNS_FWD_CPLX_dummy,0.0,-2.634173742336941e-37
HYXNti_REV_g.2094.peg.4482-MONOMER,0.0,0.019915948794013417
HYXNti_FWD_g.2094.peg.4482-MONOMER,0.0,-0.01992100655122121
IAHDGK_REV_g.2094.peg.2463-MONOMER_mod_cd2(1)_mod_zn2(1)_mod_mg2(1)_mod_mn2(1)_mod_cobalt2(1),0.0,-2.707533480159284e-06
IAHDGK_FWD_g.2094.peg.2463-MONOMER_mod_cd2(1)_mod_zn2(1)_mod_mg2(1)_mod_mn2(1)_mod_cobalt2(1),0.0,-1.499174209307182e-35
IAPDGK_REV_g.2094.peg.2463-MONOMER_mod_cd2(1)_mod_zn2(1)_mod_mg2(1)_mod_mn2(1)_mod_cobalt2(1),0.0,-2.707533480159284e-06
IAPDGK_FWD_g.2094.peg.2463-MONOMER_mod_cd2(1)_mod_zn2(1)_mod_mg2(1)_mod_mn2(1)_mod_cobalt2(1),0.0,-1.499174209307182e-35
IBCOATA_REV_g.2094.peg.638-MONOMER,0.0,-1.8766986059049303e-35
IBCOATA_FWD_g.2094.peg.638-MONOMER,0.0,-1.6603438051455522e-06
IBCOATA_REV_g.2094.peg.342-MONOMER,0.0,-2.7597245384838776e-06
IBCOATA_FWD_g.2094.peg.342-MONOMER,0.0,-4.42006834362943e-06
IBCOATA_REV_g.2094.peg.697-MONOMER,0.0,-7.770074928722221e-07
IBCOATA_FWD_g.2094.peg.697-MONOMER,0.0,-2.4373512980177745e-06
IBCOATA_REV_g.2094.peg.407-MONOMER,0.0,-2.376107189519047e-06
IBCOATA_FWD_g.2094.peg.407-MONOMER,0.0,-4.036450994664599e-06
IBCOATA_REV_g.2094.peg.3940-MONOMER,0.0,-2.376107189519047e-06
IBCOATA_FWD_g.2094.peg.3940-MONOMER,0.0,-4.036450994664599e-06
IBCOATA_REV_g.2094.peg.483-MONOMER,0.0,-1.4081929986496577e-06
IBCOATA_FWD_g.2094.peg.483-MONOMER,0.0,-3.06853680379521e-06
IBCOATA_REV_g.2094.peg.3050-MONOMER,0.0,-1.8770271795905752e-35
IBCOATA_FWD_g.2094.peg.3050-MONOMER,0.0,-1.6603438051455522e-06
IBCOATA_REV_g.2094.peg.3616-MONOMER,0.0,-1.4081929986496577e-06
IBCOATA_FWD_g.2094.peg.3616-MONOMER,0.0,-3.06853680379521e-06
IBCOATA_REV_g.2094.peg.3146-MONOMER,0.0,-2.7597245384838776e-06
IBCOATA_FWD_g.2094.peg.3146-MONOMER,0.0,-4.42006834362943e-06
ICDHy_REV_527012.3.peg.1260-MONOMER_mod_mn2(1),0.0,0.011614030839184783
ICDHy_FWD_527012.3.peg.1260-MONOMER_mod_mn2(1),0.0,-0.011617799563370421
ICDHy_REV_527012.3.peg.1260-MONOMER_mod_mg2(1),0.0,0.011614025258089432
ICDHy_FWD_527012.3.peg.1260-MONOMER_mod_mg2(1),0.0,-0.011617805144465773
ICHORS_REV_CPLX_dummy,0.0,-3.5850072839868364e-06
ICHORS_FWD_CPLX_dummy,0.0025976281628384682,-1.0211111038545437e-35
ICHORT_REV_g.2094.peg.678-MONOMER,0.0,-2.559678778834267e-06
ICHORT_FWD_g.2094.peg.678-MONOMER,0.0,-1.292975235672788e-35
ICL_REV_527012.3.peg.3230-MONOMER_mod_mg2(1),0.0,0.006253983033292666
ICL_FWD_527012.3.peg.3230-MONOMER_mod_mg2(1),0.0,-0.006257171284861767
ICL_REV_527012.3.peg.3230-MONOMER_mod_mn2(1),0.0,0.006253988718578751
ICL_FWD_527012.3.peg.3230-MONOMER_mod_mn2(1),0.0,-0.006257165599575682
ICL_REV_527012.3.peg.3232-MONOMER,0.0,0.006253815795161296
ICL_FWD_527012.3.peg.3232-MONOMER,0.0,-0.006257338522993135
ICL_REV_527012.3.peg.3231-MONOMER,0.0,0.006254376029511022
ICL_FWD_527012.3.peg.3231-MONOMER,0.0,-0.00625677828864341
IG3PS_REV_527012.3.peg.81-MONOMER,0.0,0.05654938691499626
IG3PS_FWD_527012.3.peg.81-MONOMER,0.0,-0.05655093736596486
IG3PS_REV_527012.3.peg.348-MONOMER,0.0,0.05654938691499626
IG3PS_FWD_527012.3.peg.348-MONOMER,0.0,-0.05655093736596486
IGPDH_REV_527012.3.peg.349-MONOMER,0.0,-2.534177883872407e-06
IGPDH_FWD_527012.3.peg.349-MONOMER,0.0,1.1316868888571469e-36
IGPDH_REV_527012.3.peg.82-MONOMER,0.0,-2.534177883872407e-06
IGPDH_FWD_527012.3.peg.82-MONOMER,0.0,1.12992756217412e-36
IGPS_REV_527012.3.peg.2187-MONOMER,0.0,-3.596272069761744e-06
IGPS_FWD_527012.3.peg.2187-MONOMER,0.0,3.148109821433509e-36
IHDCOATA_REV_g.2094.peg.638-MONOMER,0.0,1.5741122238497671e-35
IHDCOATA_FWD_g.2094.peg.638-MONOMER,0.0,-1.6603438051455522e-06
IHDCOATA_REV_g.2094.peg.342-MONOMER,0.0,-2.7597245384838776e-06
IHDCOATA_FWD_g.2094.peg.342-MONOMER,0.0,-4.42006834362943e-06
IHDCOATA_REV_g.2094.peg.697-MONOMER,0.0,-7.770074928722221e-07
IHDCOATA_FWD_g.2094.peg.697-MONOMER,0.0,-2.4373512980177745e-06
IHDCOATA_REV_g.2094.peg.407-MONOMER,0.0,-2.376107189519047e-06
IHDCOATA_FWD_g.2094.peg.407-MONOMER,0.0,-4.036450994664599e-06
IHDCOATA_REV_g.2094.peg.3940-MONOMER,0.0,-2.376107189519047e-06
IHDCOATA_FWD_g.2094.peg.3940-MONOMER,0.0,-4.036450994664599e-06
IHDCOATA_REV_g.2094.peg.483-MONOMER,0.0,-1.4081929986496577e-06
IHDCOATA_FWD_g.2094.peg.483-MONOMER,0.0,-3.06853680379521e-06
IHDCOATA_REV_g.2094.peg.3050-MONOMER,0.0,1.5737693640444144e-35
IHDCOATA_FWD_g.2094.peg.3050-MONOMER,0.0,-1.6603438051455522e-06
IHDCOATA_REV_g.2094.peg.3616-MONOMER,0.0,-1.4081929986496577e-06
IHDCOATA_FWD_g.2094.peg.3616-MONOMER,0.0,-3.06853680379521e-06
IHDCOATA_REV_g.2094.peg.3146-MONOMER,0.0,-2.7597245384838776e-06
IHDCOATA_FWD_g.2094.peg.3146-MONOMER,0.0,-4.42006834362943e-06
IHDGK_REV_g.2094.peg.2463-MONOMER_mod_cd2(1)_mod_zn2(1)_mod_mg2(1)_mod_mn2(1)_mod_cobalt2(1),0.0,-2.707533480159284e-06
IHDGK_FWD_g.2094.peg.2463-MONOMER_mod_cd2(1)_mod_zn2(1)_mod_mg2(1)_mod_mn2(1)_mod_cobalt2(1),0.0,-5.738598282452544e-36
IHPDCOATA_REV_g.2094.peg.638-MONOMER,0.0,-1.6603438051455522e-06
IHPDCOATA_FWD_g.2094.peg.638-MONOMER,0.0,-1.8766986059049303e-35
IHPDCOATA_REV_g.2094.peg.342-MONOMER,0.0,-4.42006834362943e-06
IHPDCOATA_FWD_g.2094.peg.342-MONOMER,0.0,-2.7597245384838776e-06
IHPDCOATA_REV_g.2094.peg.697-MONOMER,0.0,-2.4373512980177745e-06
IHPDCOATA_FWD_g.2094.peg.697-MONOMER,0.0,-7.770074928722221e-07
IHPDCOATA_REV_g.2094.peg.407-MONOMER,0.0,-4.036450994664599e-06
IHPDCOATA_FWD_g.2094.peg.407-MONOMER,0.0,-2.376107189519047e-06
IHPDCOATA_REV_g.2094.peg.3940-MONOMER,0.0,-4.036450994664599e-06
IHPDCOATA_FWD_g.2094.peg.3940-MONOMER,0.0,-2.376107189519047e-06
IHPDCOATA_REV_g.2094.peg.483-MONOMER,0.0,-3.06853680379521e-06
IHPDCOATA_FWD_g.2094.peg.483-MONOMER,0.0,-1.4081929986496577e-06
IHPDCOATA_REV_g.2094.peg.3050-MONOMER,0.0,-1.6603438051455522e-06
IHPDCOATA_FWD_g.2094.peg.3050-MONOMER,0.03573007547605879,-1.8770271795905752e-35
IHPDCOATA_REV_g.2094.peg.3616-MONOMER,0.0,-3.06853680379521e-06
IHPDCOATA_FWD_g.2094.peg.3616-MONOMER,0.0,-1.4081929986496577e-06
IHPDCOATA_REV_g.2094.peg.3146-MONOMER,0.0,-4.42006834362943e-06
IHPDCOATA_FWD_g.2094.peg.3146-MONOMER,0.0,-2.7597245384838776e-06
IHXDGK_REV_g.2094.peg.2463-MONOMER_mod_cd2(1)_mod_zn2(1)_mod_mg2(1)_mod_mn2(1)_mod_cobalt2(1),0.0,-2.707533480159284e-06
IHXDGK_FWD_g.2094.peg.2463-MONOMER_mod_cd2(1)_mod_zn2(1)_mod_mg2(1)_mod_mn2(1)_mod_cobalt2(1),0.0,1.2012595755119143e-36
ILETA_REV_527012.3.peg.4256-MONOMER_mod_pydx5p(6),0.9642699245239412,-3.2674842724652397e-35
ILETA_FWD_527012.3.peg.4256-MONOMER_mod_pydx5p(6),0.0,-5.2717042179533375e-06
ILETA_REV_527012.3.peg.4256-MONOMER_mod_pydx5p(1),0.0,-1.45899257088153e-07
ILETA_FWD_527012.3.peg.4256-MONOMER_mod_pydx5p(1),0.0,-5.417603475041491e-06
ILEabc_REV_g.2094.peg.1730-MONOMER,0.0,0.004473318817978611
ILEabc_FWD_g.2094.peg.1730-MONOMER,0.0,-0.00447744547541845
ILEabc_REV_g.2094.peg.1855-MONOMER,0.0,0.004474060838943007
ILEabc_FWD_g.2094.peg.1855-MONOMER,0.0,-0.004476703454454054
ILEabc_REV_g.2094.peg.1787-MONOMER,0.0,0.004473637824349558
ILEabc_FWD_g.2094.peg.1787-MONOMER,0.0,-0.004477126469047503
ILEabc_REV_g.2094.peg.1436-MONOMER,0.0,0.004473930405639512
ILEabc_FWD_g.2094.peg.1436-MONOMER,0.0,-0.004476833887757549
ILEt2r_REV_g.2094.peg.3793-MONOMER,0.8323099778139885,4.551086090459235e-37
ILEt2r_FWD_g.2094.peg.3793-MONOMER,0.0,-4.870199020077995e-06
IMACTD_REV_g.2094.peg.404-MONOMER,0.0,-5.3519031662182815e-06
IMACTD_FWD_g.2094.peg.404-MONOMER,0.0,2.395955644232841e-36
IMPC_REV_527012.3.peg.4664-MONOMER,0.0,2.0065427900580688e-36
IMPC_FWD_527012.3.peg.4664-MONOMER,0.0,-3.892370534060191e-06
IMPD_REV_527012.3.peg.2625-MONOMER,0.0,-7.9385309039249e-06
IMPD_FWD_527012.3.peg.2625-MONOMER,1.0107684976425414e-22,1.4607960419610348e-35
INDOLEt2r_REV_CPLX_dummy,0.051738170884608296,-4.4842704567995583e-38
INDOLEt2r_FWD_CPLX_dummy,0.0,-3.5850072839868364e-06
INSH_REV_g.2094.peg.2375-MONOMER,0.0,0.008043607786132565
INSH_FWD_g.2094.peg.2375-MONOMER,0.0,-0.008046909304069262
INSH_REV_g.2094.peg.1265-MONOMER,0.0,0.008043185594290313
INSH_FWD_g.2094.peg.1265-MONOMER,0.0,-0.008047331495911515
INSK_REV_g.2094.peg.1817-MONOMER_mod_k(1)_mod_mg2(1),0.0,0.0005969551337996695
INSK_FWD_g.2094.peg.1817-MONOMER_mod_k(1)_mod_mg2(1),0.0,-0.0006019030166223169
INSt2_REV_g.2094.peg.2845-MONOMER,-1.202342879630728e-22,1.8072654623389786e-37
INSt2_FWD_g.2094.peg.2845-MONOMER,0.0,-3.4218307627177596e-06
INSt2_REV_g.2094.peg.4014-MONOMER,0.0,-2.4989915454689215e-07
INSt2_FWD_g.2094.peg.4014-MONOMER,0.0,-3.671729917264652e-06
INSt2_REV_g.2094.peg.2416-MONOMER,0.0,-9.512810923790792e-08
INSt2_FWD_g.2094.peg.2416-MONOMER,0.0,-3.516958871955668e-06
IPDCOATA_REV_g.2094.peg.638-MONOMER,0.0,-1.6603438051455522e-06
IPDCOATA_FWD_g.2094.peg.638-MONOMER,0.0,-1.8766986059049303e-35
IPDCOATA_REV_g.2094.peg.342-MONOMER,0.0,-4.42006834362943e-06
IPDCOATA_FWD_g.2094.peg.342-MONOMER,0.0,-2.7597245384838776e-06
IPDCOATA_REV_g.2094.peg.697-MONOMER,0.0,-2.4373512980177745e-06
IPDCOATA_FWD_g.2094.peg.697-MONOMER,0.0,-7.770074928722221e-07
IPDCOATA_REV_g.2094.peg.407-MONOMER,0.0,-4.036450994664599e-06
IPDCOATA_FWD_g.2094.peg.407-MONOMER,0.0,-2.376107189519047e-06
IPDCOATA_REV_g.2094.peg.3940-MONOMER,0.0,-4.036450994664599e-06
IPDCOATA_FWD_g.2094.peg.3940-MONOMER,0.0,-2.376107189519047e-06
IPDCOATA_REV_g.2094.peg.483-MONOMER,0.0,-3.06853680379521e-06
IPDCOATA_FWD_g.2094.peg.483-MONOMER,0.0,-1.4081929986496577e-06
IPDCOATA_REV_g.2094.peg.3050-MONOMER,0.0,-1.6603438051455522e-06
IPDCOATA_FWD_g.2094.peg.3050-MONOMER,0.0,-1.8770271795905752e-35
IPDCOATA_REV_g.2094.peg.3616-MONOMER,0.0,-3.06853680379521e-06
IPDCOATA_FWD_g.2094.peg.3616-MONOMER,0.0,-1.4081929986496577e-06
IPDCOATA_REV_g.2094.peg.3146-MONOMER,0.0,-4.42006834362943e-06
IPDCOATA_FWD_g.2094.peg.3146-MONOMER,0.0,-2.7597245384838776e-06
IPDGK_REV_g.2094.peg.2463-MONOMER_mod_cd2(1)_mod_zn2(1)_mod_mg2(1)_mod_mn2(1)_mod_cobalt2(1),0.0,-2.707533480159284e-06
IPDGK_FWD_g.2094.peg.2463-MONOMER_mod_cd2(1)_mod_zn2(1)_mod_mg2(1)_mod_mn2(1)_mod_cobalt2(1),0.0,-5.738598282452544e-36
IPDPS_REV_g.2094.peg.3120-MONOMER_mod_nadph(1)_mod_nadh(1)_mod_fad(1)_mod_cobalt2(1),0.0,-4.174761898191186e-06
IPDPS_FWD_g.2094.peg.3120-MONOMER_mod_nadph(1)_mod_nadh(1)_mod_fad(1)_mod_cobalt2(1),0.12309099924022925,5.548688052990519e-37
IPDPS2_REV_g.2094.peg.3120-MONOMER_mod_nadph(1)_mod_nadh(1)_mod_fad(1)_mod_cobalt2(1),0.0,-1.928338865461993e-06
IPDPS2_FWD_g.2094.peg.3120-MONOMER_mod_nadph(1)_mod_nadh(1)_mod_fad(1)_mod_cobalt2(1),0.0,-2.246423032729193e-06
IPMDr_REV_527012.3.peg.542-MONOMER,0.0,-4.714636500549902e-06
IPMDr_FWD_527012.3.peg.542-MONOMER,0.11964923693609215,1.766455344306401e-35
IPPMIa_REV_527012.3.peg.540-MONOMER,0.11964923693609215,-8.570149149484722e-36
IPPMIa_FWD_527012.3.peg.540-MONOMER,0.0,-2.301115207251797e-06
IPPMIa_REV_527012.3.peg.541-MONOMER,0.0,-1.4557029958643697e-06
IPPMIa_FWD_527012.3.peg.541-MONOMER,0.0,-3.756818203116167e-06
IPPMIb_REV_g.2094.peg.4344-MONOMER,0.0,-1.411749679933222e-06
IPPMIb_FWD_g.2094.peg.4344-MONOMER,0.0,-3.920272857192986e-06
IPPMIb_REV_CPLX_IPPMIb-0,0.0,-1.2829717491630042e-06
IPPMIb_FWD_CPLX_IPPMIb-0,0.0,-3.791494926422768e-06
IPPMIb_REV_g.2094.peg.4431-MONOMER,0.11964923693609215,-1.7543267416200596e-36
IPPMIb_FWD_g.2094.peg.4431-MONOMER,0.0,-2.508523177259764e-06
ITDCOATA_REV_g.2094.peg.638-MONOMER,0.0,1.5741122238497671e-35
ITDCOATA_FWD_g.2094.peg.638-MONOMER,0.0,-1.6603438051455522e-06
ITDCOATA_REV_g.2094.peg.342-MONOMER,0.0,-2.7597245384838776e-06
ITDCOATA_FWD_g.2094.peg.342-MONOMER,0.0,-4.42006834362943e-06
ITDCOATA_REV_g.2094.peg.697-MONOMER,0.0,-7.770074928722221e-07
ITDCOATA_FWD_g.2094.peg.697-MONOMER,0.0,-2.4373512980177745e-06
ITDCOATA_REV_g.2094.peg.407-MONOMER,0.0,-2.376107189519047e-06
ITDCOATA_FWD_g.2094.peg.407-MONOMER,0.0,-4.036450994664599e-06
ITDCOATA_REV_g.2094.peg.3940-MONOMER,0.0,-2.376107189519047e-06
ITDCOATA_FWD_g.2094.peg.3940-MONOMER,0.0,-4.036450994664599e-06
ITDCOATA_REV_g.2094.peg.483-MONOMER,0.0,-1.4081929986496577e-06
ITDCOATA_FWD_g.2094.peg.483-MONOMER,0.0,-3.06853680379521e-06
ITDCOATA_REV_g.2094.peg.3050-MONOMER,0.0,1.5737693640444144e-35
ITDCOATA_FWD_g.2094.peg.3050-MONOMER,0.0,-1.6603438051455522e-06
ITDCOATA_REV_g.2094.peg.3616-MONOMER,0.0,-1.4081929986496577e-06
ITDCOATA_FWD_g.2094.peg.3616-MONOMER,0.0,-3.06853680379521e-06
ITDCOATA_REV_g.2094.peg.3146-MONOMER,0.0,-2.7597245384838776e-06
ITDCOATA_FWD_g.2094.peg.3146-MONOMER,0.0,-4.42006834362943e-06
ITDGK_REV_g.2094.peg.2463-MONOMER_mod_cd2(1)_mod_zn2(1)_mod_mg2(1)_mod_mn2(1)_mod_cobalt2(1),0.0,-2.707533480159284e-06
ITDGK_FWD_g.2094.peg.2463-MONOMER_mod_cd2(1)_mod_zn2(1)_mod_mg2(1)_mod_mn2(1)_mod_cobalt2(1),0.0,1.2012595755119143e-36
IVCOATA_REV_g.2094.peg.638-MONOMER,0.0,-1.6603438051455522e-06
IVCOATA_FWD_g.2094.peg.638-MONOMER,0.0,-1.234595301599288e-35
IVCOATA_REV_g.2094.peg.342-MONOMER,0.0,-4.42006834362943e-06
IVCOATA_FWD_g.2094.peg.342-MONOMER,0.0,-2.7597245384838776e-06
IVCOATA_REV_g.2094.peg.697-MONOMER,0.0,-2.4373512980177745e-06
IVCOATA_FWD_g.2094.peg.697-MONOMER,0.0,-7.770074928722221e-07
IVCOATA_REV_g.2094.peg.407-MONOMER,0.0,-4.036450994664599e-06
IVCOATA_FWD_g.2094.peg.407-MONOMER,0.0,-2.376107189519047e-06
IVCOATA_REV_g.2094.peg.3940-MONOMER,0.0,-4.036450994664599e-06
IVCOATA_FWD_g.2094.peg.3940-MONOMER,0.0,-2.376107189519047e-06
IVCOATA_REV_g.2094.peg.483-MONOMER,0.0,-3.06853680379521e-06
IVCOATA_FWD_g.2094.peg.483-MONOMER,0.0,-1.4081929986496577e-06
IVCOATA_REV_g.2094.peg.3050-MONOMER,0.0,-1.6603438051455522e-06
IVCOATA_FWD_g.2094.peg.3050-MONOMER,0.03573007547605879,-1.2349381614046404e-35
IVCOATA_REV_g.2094.peg.3616-MONOMER,0.0,-3.06853680379521e-06
IVCOATA_FWD_g.2094.peg.3616-MONOMER,0.0,-1.4081929986496577e-06
IVCOATA_REV_g.2094.peg.3146-MONOMER,0.0,-4.42006834362943e-06
IVCOATA_FWD_g.2094.peg.3146-MONOMER,0.0,-2.7597245384838776e-06
IZPN_REV_g.2094.peg.1551-MONOMER,0.0,-4.707179444183907e-06
IZPN_FWD_g.2094.peg.1551-MONOMER,8.022421577427956e-36,3.7336257483509676e-36
KARA1_REV_527012.3.peg.4260-MONOMER_mod_mg2(1),1.026989256646963,2.486629577982363e-36
KARA1_FWD_527012.3.peg.4260-MONOMER_mod_mg2(1),0.0,-5.87329258303692e-06
KARA2_REV_527012.3.peg.4260-MONOMER_mod_mg2(1),1.9801493130597737e-22,2.486629577982363e-36
KARA2_FWD_527012.3.peg.4260-MONOMER_mod_mg2(1),0.0,-5.87329258303692e-06
KARA3_REV_527012.3.peg.4260-MONOMER_mod_mg2(1),0.0,-2.0236673340898855e-06
KARA3_FWD_527012.3.peg.4260-MONOMER_mod_mg2(1),0.0,-3.849625248947034e-06
KAS14_REV_CPLX_3OAS100-1,0.0,-7.0653838296194935e-06
KAS14_FWD_CPLX_3OAS100-1,0.0,-2.2483804774886106e-07
KAS14_REV_CPLX_3OAS100-0,0.0,-6.840545781870632e-06
KAS14_FWD_CPLX_3OAS100-0,0.0,-1.6735760947528886e-35
KAS14_REV_g.2094.peg.2164-MONOMER,0.0,-6.905992133492121e-06
KAS14_FWD_g.2094.peg.2164-MONOMER,0.0,-6.544635162148886e-08
KAS14_REV_CPLX_3OAS100-2,0.0,-7.068653317854692e-06
KAS14_FWD_CPLX_3OAS100-2,0.0,-2.281075359840603e-07
KAS_HP_REV_CPLX_dummy,0.0,-3.109706676122835e-06
KAS_HP_FWD_CPLX_dummy,0.0,-9.776509358987587e-07
KDOCT2_REV_g.2094.peg.1603-MONOMER_mod_mg2(1),0.0,-3.1510245817208654e-06
KDOCT2_FWD_g.2094.peg.1603-MONOMER_mod_mg2(1),0.0,-3.045243372133016e-07
KDOCT2_REV_g.2094.peg.2873-MONOMER_mod_mg2(1)_mod_k(1),0.0,-2.846500244507564e-06
KDOCT2_FWD_g.2094.peg.2873-MONOMER_mod_mg2(1)_mod_k(1),0.03147228063010799,7.34433163198804e-36
KDOPP_REV_g.2094.peg.2552-MONOMER_mod_mg2(1),0.0,-5.277271254899653e-06
KDOPP_FWD_g.2094.peg.2552-MONOMER_mod_mg2(1),0.03147228063010799,-1.6526748000546496e-36
KDOPSr_REV_g.2094.peg.1309-MONOMER,0.0,-5.045689719366693e-06
KDOPSr_FWD_g.2094.peg.1309-MONOMER,0.03147228063010799,-7.645495839970742e-35
KHK_REV_g.2094.peg.3310-MONOMER,0.0,-2.7913691196386103e-06
KHK_FWD_g.2094.peg.3310-MONOMER,0.22347867000000002,-3.523350033288992e-36
Kt1r_REV_g.2094.peg.2498-MONOMER,0.0,-5.854084930823005e-06
Kt1r_FWD_g.2094.peg.2498-MONOMER,0.0,-3.481308782753552e-07
Kt1r_REV_g.2094.peg.3068-MONOMER,0.0,-5.735993044862675e-06
Kt1r_FWD_g.2094.peg.3068-MONOMER,0.0,-2.3003899231502475e-07
Kt1r_REV_g.2094.peg.3529-MONOMER,0.0,-5.50595405254765e-06
Kt1r_FWD_g.2094.peg.3529-MONOMER,7.21715331838973e-06,0.0
Kt3_REV_g.2094.peg.1845-MONOMER,0.0,0.003574826246338956
Kt3_FWD_g.2094.peg.1845-MONOMER,0.0,-0.003577630140825934
Kt3_REV_g.2094.peg.1866-MONOMER,0.0,0.0035746716583743413
Kt3_FWD_g.2094.peg.1866-MONOMER,0.0,-0.0035777847287905484
L2A6ODs_REV_CPLX_dummy,0.0,-3.5850072839868364e-06
L2A6ODs_FWD_CPLX_dummy,0.0,-2.0169074170068633e-37
LACLi_REV_g.2094.peg.4232-MONOMER,0.0,-4.6265637397094415e-06
LACLi_FWD_g.2094.peg.4232-MONOMER,0.0,-4.772272863952268e-07
LACLi_REV_g.2094.peg.184-MONOMER,0.0,-4.149336453314215e-06
LACLi_FWD_g.2094.peg.184-MONOMER,0.0,3.0405404092820973e-37
LACZ_REV_g.2094.peg.2509-MONOMER_mod_mg2(1),0.0,-2.2078646409756135e-06
LACZ_FWD_g.2094.peg.2509-MONOMER_mod_mg2(1),0.0,-5.760372208672915e-07
LACZ_REV_g.2094.peg.2669-MONOMER,0.0,-1.631827420108322e-06
LACZ_FWD_g.2094.peg.2669-MONOMER,0.0,-5.8512072623388085e-36
LARGNAT_REV_527012.3.peg.3152-MONOMER,0.0,-5.4492769286320495e-08
LARGNAT_FWD_527012.3.peg.3152-MONOMER,0.0,-4.14408110312194e-06
LARGNAT_REV_527012.3.peg.2419-MONOMER_mod_pydx5p(1),0.0,-4.3211119325298355e-07
LARGNAT_FWD_527012.3.peg.2419-MONOMER_mod_pydx5p(1),0.0,-4.521699527088603e-06
LARGNAT_REV_527012.3.peg.2446-MONOMER,0.0,-3.066360869431641e-07
LARGNAT_FWD_527012.3.peg.2446-MONOMER,0.0,-4.396224420778784e-06
LARGNAT_REV_527012.3.peg.2529-MONOMER,0.0,-3.066360869431641e-07
LARGNAT_FWD_527012.3.peg.2529-MONOMER,0.0,-4.396224420778784e-06
LARGNAT_REV_527012.3.peg.1714-MONOMER,0.0,-1.9970580301172895e-07
LARGNAT_FWD_527012.3.peg.1714-MONOMER,0.0,-4.2892941368473485e-06
LARGNAT_REV_527012.3.peg.350-MONOMER,0.0,-2.546233043933429e-07
LARGNAT_FWD_527012.3.peg.350-MONOMER,0.0,-4.344211638228962e-06
LARGNAT_REV_527012.3.peg.83-MONOMER,0.0,-2.546233043933429e-07
LARGNAT_FWD_527012.3.peg.83-MONOMER,0.0,-4.344211638228962e-06
LARGNAT_REV_527012.3.peg.2080-MONOMER,9.914355935037285e-24,2.241032042847014e-36
LARGNAT_FWD_527012.3.peg.2080-MONOMER,0.0,-4.08958833383562e-06
LARGNAT_REV_527012.3.peg.2964-MONOMER,0.0,-3.1864204016530673e-07
LARGNAT_FWD_527012.3.peg.2964-MONOMER,0.0,-4.4082303740009265e-06
LARGNAT_REV_527012.3.peg.3192-MONOMER_mod_pydx5p(1),0.0,-1.7698128777584176e-07
LARGNAT_FWD_527012.3.peg.3192-MONOMER_mod_pydx5p(1),0.0,-4.266569621611461e-06
LCAR2_REV_g.2094.peg.4676-MONOMER,0.0,7.479861299165847e-36
LCAR2_FWD_g.2094.peg.4676-MONOMER,0.0,-2.5799327707646964e-06
LCAR2_REV_g.2094.peg.4560-MONOMER_mod_fe2(1),0.0,-1.2777170874802652e-06
LCAR2_FWD_g.2094.peg.4560-MONOMER_mod_fe2(1),0.0,-3.8576498582449614e-06
LCARR_REV_g.2094.peg.4676-MONOMER,0.0,-2.5799327707646964e-06
LCARR_FWD_g.2094.peg.4676-MONOMER,1.819979949257128,-3.042612308856482e-35
LCARR_REV_g.2094.peg.4560-MONOMER_mod_fe2(1),0.0,-3.8576498582449614e-06
LCARR_FWD_g.2094.peg.4560-MONOMER_mod_fe2(1),0.0,-1.2777170874802652e-06
LCARRy_REV_g.2094.peg.954-MONOMER,1.819979949257128,5.122816164462926e-36
LCARRy_FWD_g.2094.peg.954-MONOMER,0.0,-1.91291329469369e-06
LCARRy_REV_g.2094.peg.3868-MONOMER,0.0,5.119538086610126e-36
LCARRy_FWD_g.2094.peg.3868-MONOMER,0.0,-1.91291329469369e-06
LCARRy_REV_g.2094.peg.3453-MONOMER,0.0,-3.53341207626044e-07
LCARRy_FWD_g.2094.peg.3453-MONOMER,0.0,-2.266254502319734e-06
LCARRy_REV_g.2094.peg.844-MONOMER,0.0,-4.2349016030504657e-07
LCARRy_FWD_g.2094.peg.844-MONOMER,0.0,-2.3364034549987368e-06
LCARS_REV_g.2094.peg.4676-MONOMER,0.0,-2.5799327707646964e-06
LCARS_FWD_g.2094.peg.4676-MONOMER,-4.61546888750576e-34,-1.4180701208108819e-35
LCARS_REV_g.2094.peg.4560-MONOMER_mod_fe2(1),0.0,-3.8576498582449614e-06
LCARS_FWD_g.2094.peg.4560-MONOMER_mod_fe2(1),0.0,-1.2777170874802652e-06
LDH_D_REV_g.2094.peg.119-MONOMER,0.0,-1.1221263099255866e-06
LDH_D_FWD_g.2094.peg.119-MONOMER,0.0,-1.3713329192333489e-06
LDH_D_REV_g.2094.peg.2876-MONOMER_mod_fad(1),0.0,-1.9081758939659703e-06
LDH_D_FWD_g.2094.peg.2876-MONOMER_mod_fad(1),0.0,-2.1573825032737327e-06
LDH_D_REV_g.2094.peg.2588-MONOMER,1000.0,2.4920660930776225e-07
LDH_D_FWD_g.2094.peg.2588-MONOMER,998.9999999985358,6.888842595943155e-36
LDH_D2_REV_g.2094.peg.119-MONOMER,0.0,-1.1221263099255866e-06
LDH_D2_FWD_g.2094.peg.119-MONOMER,0.0,-1.3713329192333489e-06
LDH_D2_REV_g.2094.peg.2876-MONOMER_mod_fad(1),0.0,-1.9081758939659703e-06
LDH_D2_FWD_g.2094.peg.2876-MONOMER_mod_fad(1),0.0,-2.1573825032737327e-06
LDH_D2_REV_g.2094.peg.2588-MONOMER,0.0,2.4920660930776225e-07
LDH_D2_FWD_g.2094.peg.2588-MONOMER,1.0000000014642048,1.1121392773713048e-36
LEUTA_REV_527012.3.peg.4256-MONOMER_mod_pydx5p(6),0.08391916146003336,-5.948665830115702e-35
LEUTA_FWD_527012.3.peg.4256-MONOMER_mod_pydx5p(6),0.0,-5.2717042179533375e-06
LEUTA_REV_527012.3.peg.4256-MONOMER_mod_pydx5p(1),0.0,-1.45899257088153e-07
LEUTA_FWD_527012.3.peg.4256-MONOMER_mod_pydx5p(1),0.0,-5.417603475041491e-06
LEUabc_REV_g.2094.peg.1855-MONOMER,0.0,0.004469190639922929
LEUabc_FWD_g.2094.peg.1855-MONOMER,0.0,-0.004471833255433976
LEUabc_REV_g.2094.peg.1266-MONOMER,0.0,0.004468705705103746
LEUabc_FWD_g.2094.peg.1266-MONOMER,0.0,-0.004472318190253158
LEUabc_REV_g.2094.peg.1436-MONOMER,0.0,0.004469060206619434
LEUabc_FWD_g.2094.peg.1436-MONOMER,0.0,-0.004471963688737471
LEUabc_REV_g.2094.peg.1730-MONOMER,0.0,0.004468448618958533
LEUabc_FWD_g.2094.peg.1730-MONOMER,0.0,-0.004472575276398372
LEUabc_REV_g.2094.peg.1787-MONOMER,0.0,0.00446876762532948
LEUabc_FWD_g.2094.peg.1787-MONOMER,0.0,-0.004472256270027425
LEUt2r_REV_g.2094.peg.3793-MONOMER,0.0,-4.870199020077995e-06
LEUt2r_FWD_g.2094.peg.3793-MONOMER,0.15,-1.4465537932012248e-36
LGTHL_REV_g.2094.peg.534-MONOMER_mod_ni2(1),0.0,-2.1671289125396576e-06
LGTHL_FWD_g.2094.peg.534-MONOMER_mod_ni2(1),0.0,1.185085974138393e-37
LPADSS_REV_g.2094.peg.2078-MONOMER,0.0,-5.335365534767519e-06
LPADSS_FWD_g.2094.peg.2078-MONOMER,0.010490760210035997,-8.87719614943091e-36
LPAMS_REV_g.2094.peg.4411-MONOMER,0.0,-4.817826786302632e-06
LPAMS_FWD_g.2094.peg.4411-MONOMER,6.18379451581328e-23,-1.4987809431836283e-35
LPLIPAL1A120_REV_g.2094.peg.1115-MONOMER,0.0,0.016099362492845597
LPLIPAL1A120_FWD_g.2094.peg.1115-MONOMER,0.0,-0.016101226049480798
LPLIPAL1A140_REV_g.2094.peg.1115-MONOMER,0.0,0.01609436977245698
LPLIPAL1A140_FWD_g.2094.peg.1115-MONOMER,0.0,-0.016096233329092182
LPLIPAL1A141_REV_g.2094.peg.1115-MONOMER,0.0,-1.863556635200378e-06
LPLIPAL1A141_FWD_g.2094.peg.1115-MONOMER,0.0,2.00945578973405e-36
LPLIPAL1A160_REV_g.2094.peg.1115-MONOMER,0.0,-1.863556635200378e-06
LPLIPAL1A160_FWD_g.2094.peg.1115-MONOMER,0.0,2.00945578973405e-36
LPLIPAL1A161_REV_g.2094.peg.1115-MONOMER,0.0,0.05437494822055185
LPLIPAL1A161_FWD_g.2094.peg.1115-MONOMER,0.0,-0.05437681177718705
LPLIPAL1A180_REV_g.2094.peg.1115-MONOMER,0.0,0.016099113208113813
LPLIPAL1A180_FWD_g.2094.peg.1115-MONOMER,0.0,-0.01610097676474901
LPLIPAL1A181_REV_g.2094.peg.1115-MONOMER,0.0,0.062425090571124435
LPLIPAL1A181_FWD_g.2094.peg.1115-MONOMER,0.0,-0.062426954127759636
LPLIPAL1E120_REV_g.2094.peg.1115-MONOMER,0.0,-1.863556635200378e-06
LPLIPAL1E120_FWD_g.2094.peg.1115-MONOMER,0.0,3.644483782334501e-36
LPLIPAL1E140_REV_g.2094.peg.1115-MONOMER,0.0,-1.863556635200378e-06
LPLIPAL1E140_FWD_g.2094.peg.1115-MONOMER,0.0,2.00945578973405e-36
LPLIPAL1E141_REV_g.2094.peg.1115-MONOMER,0.0,-1.863556635200378e-06
LPLIPAL1E141_FWD_g.2094.peg.1115-MONOMER,0.0,2.00945578973405e-36
LPLIPAL1E160_REV_g.2094.peg.1115-MONOMER,0.0,-1.863556635200378e-06
LPLIPAL1E160_FWD_g.2094.peg.1115-MONOMER,0.0,2.00945578973405e-36
LPLIPAL1E161_REV_g.2094.peg.1115-MONOMER,0.0,-1.863556635200378e-06
LPLIPAL1E161_FWD_g.2094.peg.1115-MONOMER,0.0,8.549567760135853e-36
LPLIPAL1E180_REV_g.2094.peg.1115-MONOMER,0.0,-1.863556635200378e-06
LPLIPAL1E180_FWD_g.2094.peg.1115-MONOMER,0.0,2.00945578973405e-36
LPLIPAL1E181_REV_g.2094.peg.1115-MONOMER,0.0,-1.863556635200378e-06
LPLIPAL1E181_FWD_g.2094.peg.1115-MONOMER,0.0,8.549567760135853e-36
LPLIPAL1G120_REV_g.2094.peg.1115-MONOMER,0.0,-1.863556635200378e-06
LPLIPAL1G120_FWD_g.2094.peg.1115-MONOMER,0.0,3.644483782334501e-36
LPLIPAL1G140_REV_g.2094.peg.1115-MONOMER,0.0,-1.863556635200378e-06
LPLIPAL1G140_FWD_g.2094.peg.1115-MONOMER,0.0,4.189493113201318e-36
LPLIPAL1G141_REV_g.2094.peg.1115-MONOMER,0.0,-1.863556635200378e-06
LPLIPAL1G141_FWD_g.2094.peg.1115-MONOMER,0.0,2.00945578973405e-36
LPLIPAL1G160_REV_g.2094.peg.1115-MONOMER,0.0,-1.863556635200378e-06
LPLIPAL1G160_FWD_g.2094.peg.1115-MONOMER,0.0,2.00945578973405e-36
LPLIPAL1G161_REV_g.2094.peg.1115-MONOMER,0.0,-1.863556635200378e-06
LPLIPAL1G161_FWD_g.2094.peg.1115-MONOMER,0.0,8.549567760135853e-36
LPLIPAL1G180_REV_g.2094.peg.1115-MONOMER,0.0,-1.863556635200378e-06
LPLIPAL1G180_FWD_g.2094.peg.1115-MONOMER,0.0,4.189493113201318e-36
LPLIPAL1G181_REV_g.2094.peg.1115-MONOMER,0.0,-1.863556635200378e-06
LPLIPAL1G181_FWD_g.2094.peg.1115-MONOMER,0.0,8.549567760135853e-36
LPLIPAL2A120_REV_g.2094.peg.1115-MONOMER,0.0,-1.863556635200378e-06
LPLIPAL2A120_FWD_g.2094.peg.1115-MONOMER,0.0,8.477891490871049e-37
LPLIPAL2A140_REV_g.2094.peg.1115-MONOMER,0.0,-1.863556635200378e-06
LPLIPAL2A140_FWD_g.2094.peg.1115-MONOMER,0.0,1.8960516831968194e-36
LPLIPAL2A141_REV_g.2094.peg.1115-MONOMER,0.0,-1.863556635200378e-06
LPLIPAL2A141_FWD_g.2094.peg.1115-MONOMER,0.0,8.477891490871049e-37
LPLIPAL2A160_REV_g.2094.peg.1115-MONOMER,0.0,-1.863556635200378e-06
LPLIPAL2A160_FWD_g.2094.peg.1115-MONOMER,0.0,-3.345260987351754e-36
LPLIPAL2A161_REV_g.2094.peg.1115-MONOMER,0.0,-1.863556635200378e-06
LPLIPAL2A161_FWD_g.2094.peg.1115-MONOMER,0.0,-3.345260987351754e-36
LPLIPAL2A180_REV_g.2094.peg.1115-MONOMER,0.0,-1.863556635200378e-06
LPLIPAL2A180_FWD_g.2094.peg.1115-MONOMER,0.0,1.8960516831968194e-36
LPLIPAL2A181_REV_g.2094.peg.1115-MONOMER,0.0,-1.863556635200378e-06
LPLIPAL2A181_FWD_g.2094.peg.1115-MONOMER,0.0,-3.345260987351754e-36
LPLIPAL2E120_REV_g.2094.peg.1115-MONOMER,0.0,-1.863556635200378e-06
LPLIPAL2E120_FWD_g.2094.peg.1115-MONOMER,0.0,3.644483782334501e-36
LPLIPAL2E140_REV_g.2094.peg.1115-MONOMER,0.0,-1.863556635200378e-06
LPLIPAL2E140_FWD_g.2094.peg.1115-MONOMER,0.0,2.00945578973405e-36
LPLIPAL2E141_REV_g.2094.peg.1115-MONOMER,0.0,-1.863556635200378e-06
LPLIPAL2E141_FWD_g.2094.peg.1115-MONOMER,0.0,2.00945578973405e-36
LPLIPAL2E160_REV_g.2094.peg.1115-MONOMER,0.0,-1.863556635200378e-06
LPLIPAL2E160_FWD_g.2094.peg.1115-MONOMER,0.0,2.00945578973405e-36
LPLIPAL2E161_REV_g.2094.peg.1115-MONOMER,0.0,-1.863556635200378e-06
LPLIPAL2E161_FWD_g.2094.peg.1115-MONOMER,0.0,8.549567760135853e-36
LPLIPAL2E180_REV_g.2094.peg.1115-MONOMER,0.0,-1.863556635200378e-06
LPLIPAL2E180_FWD_g.2094.peg.1115-MONOMER,0.0,2.00945578973405e-36
LPLIPAL2E181_REV_g.2094.peg.1115-MONOMER,0.0,-1.863556635200378e-06
LPLIPAL2E181_FWD_g.2094.peg.1115-MONOMER,0.0,8.549567760135853e-36
LPLIPAL2G120_REV_g.2094.peg.1115-MONOMER,0.0,-1.863556635200378e-06
LPLIPAL2G120_FWD_g.2094.peg.1115-MONOMER,0.0,3.644483782334501e-36
LPLIPAL2G140_REV_g.2094.peg.1115-MONOMER,0.0,-1.863556635200378e-06
LPLIPAL2G140_FWD_g.2094.peg.1115-MONOMER,0.0,4.189493113201318e-36
LPLIPAL2G141_REV_g.2094.peg.1115-MONOMER,0.0,-1.863556635200378e-06
LPLIPAL2G141_FWD_g.2094.peg.1115-MONOMER,0.0,2.00945578973405e-36
LPLIPAL2G160_REV_g.2094.peg.1115-MONOMER,0.0,-1.863556635200378e-06
LPLIPAL2G160_FWD_g.2094.peg.1115-MONOMER,0.0,2.00945578973405e-36
LPLIPAL2G161_REV_g.2094.peg.1115-MONOMER,0.0,-1.863556635200378e-06
LPLIPAL2G161_FWD_g.2094.peg.1115-MONOMER,0.0,8.549567760135853e-36
LPLIPAL2G180_REV_g.2094.peg.1115-MONOMER,0.0,-1.863556635200378e-06
LPLIPAL2G180_FWD_g.2094.peg.1115-MONOMER,0.0,4.189493113201318e-36
LPLIPAL2G181_REV_g.2094.peg.1115-MONOMER,0.0,-1.863556635200378e-06
LPLIPAL2G181_FWD_g.2094.peg.1115-MONOMER,0.0,8.549567760135853e-36
LTDCL_REV_g.2094.peg.2789-MONOMER_mod_mg2(1),0.0,-7.562285475758723e-06
LTDCL_FWD_g.2094.peg.2789-MONOMER_mod_mg2(1),-7.111233010948196e-26,1.3972643439962422e-36
LYSDC_REV_g.2094.peg.2545-MONOMER_mod_pydx5p(1),0.0,-6.374630493535983e-06
LYSDC_FWD_g.2094.peg.2545-MONOMER_mod_pydx5p(1),-1.492788822210491e-25,5.020571026115487e-38
LYSt2r_REV_g.2094.peg.956-MONOMER,0.8405049690574502,4.744426988160989e-37
LYSt2r_FWD_g.2094.peg.956-MONOMER,0.0,-3.763113319877354e-06
LYSt3_REV_g.2094.peg.1185-MONOMER,0.0,0.0071441045614364755
LYSt3_FWD_g.2094.peg.1185-MONOMER,0.0,-0.007146033191468331
LYSt3_REV_g.2094.peg.1118-MONOMER,0.0,0.0071441045614364755
LYSt3_FWD_g.2094.peg.1118-MONOMER,0.0,-0.007146033191468331
LYSt3_REV_g.2094.peg.2483-MONOMER,0.0,0.007144395708065835
LYSt3_FWD_g.2094.peg.2483-MONOMER,0.0,-0.007145742044838972
L_AROND_REV_527012.3.peg.4492-MONOMER,0.0,-3.7145048549571445e-06
L_AROND_FWD_527012.3.peg.4492-MONOMER,0.0,-2.634597779638782e-07
L_LACNa1t_REV_g.2094.peg.1343-MONOMER,0.0,-4.989590390886713e-06
L_LACNa1t_FWD_g.2094.peg.1343-MONOMER,0.0,-2.0891565971304847e-37
M1PD_REV_g.2094.peg.1305-MONOMER,0.0,-4.42350553858488e-06
M1PD_FWD_g.2094.peg.1305-MONOMER,0.14898579,1.3454076159275152e-35
M1PD_REV_g.2094.peg.1280-MONOMER,0.0,-4.42350553858488e-06
M1PD_FWD_g.2094.peg.1280-MONOMER,0.0,1.3452892733114906e-35
MACCOAT_REV_g.2094.peg.1518-MONOMER,0.0,-6.517706078174323e-06
MACCOAT_FWD_g.2094.peg.1518-MONOMER,0.0,-6.061210008206077e-07
MACCOAT_REV_g.2094.peg.3483-MONOMER,0.0,-5.911585077353715e-06
MACCOAT_FWD_g.2094.peg.3483-MONOMER,-3.996706874632133e-23,-7.571330505205045e-36
MADGBG_REV_g.2094.peg.917-MONOMER,0.0,-9.989641538605328e-08
MADGBG_FWD_g.2094.peg.917-MONOMER,0.0,-2.457409369539435e-06
MADGBG_REV_g.2094.peg.3350-MONOMER,0.0,-2.2606454587002658e-07
MADGBG_FWD_g.2094.peg.3350-MONOMER,0.0,-2.5835775000234084e-06
MADGBG_REV_g.2094.peg.2291-MONOMER,0.0,3.87442446723545e-37
MADGBG_FWD_g.2094.peg.2291-MONOMER,0.0,-2.3575129541533816e-06
MALCOACD_REV_527012.3.peg.2923-MONOMER,0.0,-2.7610932388849605e-06
MALCOACD_FWD_527012.3.peg.2923-MONOMER,0.0,-4.071034283316747e-07
MALCOACD_REV_527012.3.peg.4110-MONOMER,0.0,-2.3539898105532856e-06
MALCOACD_FWD_527012.3.peg.4110-MONOMER,0.0,-1.2466919013033946e-36
MALCOAPYRCT_REV_g.2094.peg.2478-MONOMER,0.4182708952534286,3.156573500229221e-35
MALCOAPYRCT_FWD_g.2094.peg.2478-MONOMER,0.0,-3.7132899893673697e-06
MALLACDt_REV_g.2094.peg.1343-MONOMER,0.0,-1.170397167785685e-36
MALLACDt_FWD_g.2094.peg.1343-MONOMER,0.0,-4.989590390886713e-06
MALNAt_REV_g.2094.peg.1343-MONOMER,0.0,-2.0891565971304847e-37
MALNAt_FWD_g.2094.peg.1343-MONOMER,0.0,-4.989590390886713e-06
MALT_REV_g.2094.peg.3716-MONOMER,0.0,0.008037629788209903
MALT_FWD_g.2094.peg.3716-MONOMER,0.0,-0.00804155384438677
MALT_REV_g.2094.peg.3545-MONOMER,0.0,0.008037775765458555
MALT_FWD_g.2094.peg.3545-MONOMER,0.0,-0.008041407867138119
MALT6PH_REV_g.2094.peg.2314-MONOMER,0.0,-3.2183211098398027e-06
MALT6PH_FWD_g.2094.peg.2314-MONOMER,0.07449289,-8.064011408490261e-36
MALTHXabc_REV_g.2094.peg.2862-MONOMER,0.0,-2.488819941396052e-06
MALTHXabc_FWD_g.2094.peg.2862-MONOMER,0.0,-4.509142896024824e-07
MALTHXabc_REV_g.2094.peg.2830-MONOMER,0.0,-2.3455461145466937e-06
MALTHXabc_FWD_g.2094.peg.2830-MONOMER,0.0,-3.076404627531243e-07
MALTHXabc_REV_g.2094.peg.4327-MONOMER,0.0,-2.7165678573202946e-06
MALTHXabc_FWD_g.2094.peg.4327-MONOMER,0.0,-6.786622055267252e-07
MALTHXabc_REV_g.2094.peg.3481-MONOMER,0.0,-3.1284564085559887e-06
MALTHXabc_FWD_g.2094.peg.3481-MONOMER,0.0,-1.0905507567624195e-06
MALTHXabc_REV_g.2094.peg.2963-MONOMER,0.0,-3.4245711105157294e-06
MALTHXabc_FWD_g.2094.peg.2963-MONOMER,0.0,-1.3866654587221602e-06
MALTHXabc_REV_g.2094.peg.2803-MONOMER,0.0,-3.0351638619750995e-06
MALTHXabc_FWD_g.2094.peg.2803-MONOMER,0.0,-9.972582101815302e-07
MALTHXabc_REV_g.2094.peg.2455-MONOMER,0.0,-2.0379056517935694e-06
MALTHXabc_FWD_g.2094.peg.2455-MONOMER,0.0,-5.329676771163393e-36
MALTHXabc_REV_g.2094.peg.2729-MONOMER,0.0,-2.1082900303586984e-06
MALTHXabc_FWD_g.2094.peg.2729-MONOMER,0.0,-7.038437856512912e-08
MALTTRabc_REV_CPLX_MALTTRabc-1,0.0,0.03480346861363996
MALTTRabc_FWD_CPLX_MALTTRabc-1,0.0,-0.03480718320801195
MALTTRabc_REV_g.2094.peg.3481-MONOMER,0.0,0.0348032164072433
MALTTRabc_FWD_g.2094.peg.3481-MONOMER,0.0,-0.034807435414408616
MALTTRabc_REV_g.2094.peg.2963-MONOMER,0.0,0.03480292029254134
MALTTRabc_FWD_g.2094.peg.2963-MONOMER,0.0,-0.034807731529110576
MALTTRabc_REV_g.2094.peg.2803-MONOMER,0.0,0.034803309699789876
MALTTRabc_FWD_g.2094.peg.2803-MONOMER,0.0,-0.03480734212186204
MALTTRabc_REV_CPLX_MALTTRabc-0,0.0,0.034803474816923904
MALTTRabc_FWD_CPLX_MALTTRabc-0,0.0,-0.03480717700472801
MALTabc_REV_g.2094.peg.2830-MONOMER,0.0,5.936685994378247e-06
MALTabc_FWD_g.2094.peg.2830-MONOMER,0.0,-8.589872571678065e-06
MALTabc_REV_CPLX_ARBabc-0,0.0,6.109643518092477e-06
MALTabc_FWD_CPLX_ARBabc-0,0.0,-8.416915047963834e-06
MALTabc_REV_g.2094.peg.4327-MONOMER,0.0,5.565664251604646e-06
MALTabc_FWD_g.2094.peg.4327-MONOMER,0.0,-8.960894314451665e-06
MALTabc_REV_g.2094.peg.3481-MONOMER,0.0,5.1537757003689515e-06
MALTabc_FWD_g.2094.peg.3481-MONOMER,0.0,-9.372782865687359e-06
MALTabc_REV_g.2094.peg.2963-MONOMER,0.0,4.857660998409211e-06
MALTabc_FWD_g.2094.peg.2963-MONOMER,0.0,-9.6688975676471e-06
MALTabc_REV_CPLX_MALTabc-0,0.0,5.697296526808949e-06
MALTabc_FWD_CPLX_MALTabc-0,0.0,-8.829262039247363e-06
MALTabc_REV_g.2094.peg.2803-MONOMER,0.0,5.247068246949841e-06
MALTabc_FWD_g.2094.peg.2803-MONOMER,0.0,-9.27949031910647e-06
MALTpts_REV_CPLX_MALTpts-0,0.0,-4.686904899649036e-06
MALTpts_FWD_CPLX_MALTpts-0,0.0,-6.544828274924058e-07
MALTpts_REV_g.2094.peg.2963-MONOMER,0.0,-4.42182932069726e-06
MALTpts_FWD_g.2094.peg.2963-MONOMER,0.0,-3.8940724854063007e-07
MALTpts_REV_g.2094.peg.2803-MONOMER,0.0,-4.03242207215663e-06
MALTpts_FWD_g.2094.peg.2803-MONOMER,0.07449289,-1.5444638727843466e-37
MALTpts_REV_g.2094.peg.3481-MONOMER,0.0,-4.125714618737519e-06
MALTpts_FWD_g.2094.peg.3481-MONOMER,0.0,-9.329254658088927e-08
MAN6PI_REV_g.2094.peg.437-MONOMER,0.0,-3.4404902946020974e-06
MAN6PI_FWD_g.2094.peg.437-MONOMER,0.0,-1.085146513140694e-07
MAN6PI_REV_g.2094.peg.4407-MONOMER,0.0,-3.331975643288028e-06
MAN6PI_FWD_g.2094.peg.4407-MONOMER,0.14898579,1.0247418852388736e-36
MAN6PI_REV_g.2094.peg.4480-MONOMER,0.0,-3.483402949259199e-06
MAN6PI_FWD_g.2094.peg.4480-MONOMER,0.0,-1.5142730597117086e-07
MANAD_D_REV_g.2094.peg.549-MONOMER,0.0,-3.032434217989881e-06
MANAD_D_FWD_g.2094.peg.549-MONOMER,0.0,2.341158257230669e-36
MANAO_REV_g.2094.peg.38-MONOMER,0.0,1.5509526927488304e-36
MANAO_FWD_g.2094.peg.38-MONOMER,0.0,-3.030439457729834e-06
MANabc_REV_CPLX_dummy,0.0,0.008048854071681995
MANabc_FWD_CPLX_dummy,0.0,-0.008052439078965981
MANpts_REV_g.2094.peg.610-MONOMER,0.0,-3.0392710234026565e-06
MANpts_FWD_g.2094.peg.610-MONOMER,0.14898579,-8.636412854828667e-37
MANpts_REV_CPLX_MANpts-0,0.0,-4.105015649704492e-06
MANpts_FWD_CPLX_MANpts-0,0.0,-1.0657446263018354e-06
MANpts_REV_CPLX_MANpts-1,0.0,-3.977064217974517e-06
MANpts_FWD_CPLX_MANpts-1,0.0,-9.3779319457186e-07
MBDGBG_REV_g.2094.peg.917-MONOMER,0.0,-9.989641538605328e-08
MBDGBG_FWD_g.2094.peg.917-MONOMER,0.0,-2.457409369539435e-06
MBDGBG_REV_g.2094.peg.3350-MONOMER,0.0,-2.2606454587002658e-07
MBDGBG_FWD_g.2094.peg.3350-MONOMER,0.0,-2.5835775000234084e-06
MBDGBG_REV_g.2094.peg.2291-MONOMER,0.0,3.87442446723545e-37
MBDGBG_FWD_g.2094.peg.2291-MONOMER,0.0,-2.3575129541533816e-06
MCITS_REV_g.2094.peg.2753-MONOMER,0.0,-3.5227278318388663e-06
MCITS_FWD_g.2094.peg.2753-MONOMER,0.0,6.568246191354436e-36
MCOATA_REV_527012.3.peg.2923-MONOMER,0.0,-2.864248316646361e-06
MCOATA_FWD_527012.3.peg.2923-MONOMER,0.0,-4.071034283316747e-07
MCOATA_REV_527012.3.peg.4110-MONOMER,0.0,-2.4571448883146867e-06
MCOATA_FWD_527012.3.peg.4110-MONOMER,0.4182708952534286,2.7729130006926286e-36
MCPST_REV_g.2094.peg.2518-MONOMER,0.0,-2.1646544843871528e-06
MCPST_FWD_g.2094.peg.2518-MONOMER,0.0,1.3865193010712064e-36
MCSNAH1r_REV_g.2094.peg.2592-MONOMER_mod_fe2(1)_mod_zn2(1),0.0,-2.6429335299482717e-06
MCSNAH1r_FWD_g.2094.peg.2592-MONOMER_mod_fe2(1)_mod_zn2(1),0.0,-5.051082165064424e-09
MCSNAH1r_REV_g.2094.peg.2592-MONOMER_mod_cobalt2(1)_mod_zn2(1),0.0,-2.6378824477832075e-06
MCSNAH1r_FWD_g.2094.peg.2592-MONOMER_mod_cobalt2(1)_mod_zn2(1),0.0,-4.3164951094052344e-36
MCSNAH1r_REV_g.2094.peg.2592-MONOMER_mod_mn2(1)_mod_zn2(1),0.0,-2.6445606700589987e-06
MCSNAH1r_FWD_g.2094.peg.2592-MONOMER_mod_mn2(1)_mod_zn2(1),0.0,-6.678222275791288e-09
MDH_REV_527012.3.peg.757-MONOMER,0.8857701783594403,8.984943096203668e-37
MDH_FWD_527012.3.peg.757-MONOMER,0.0,-4.894193811103032e-06
MDRPD_REV_g.2094.peg.3312-MONOMER,0.0,-2.6979459410531544e-06
MDRPD_FWD_g.2094.peg.3312-MONOMER,0.0,-2.6288038239250854e-36
ME1_REV_g.2094.peg.4465-MONOMER_mod_mn2(1),0.0,0.005358382220829133
ME1_FWD_g.2094.peg.4465-MONOMER_mod_mn2(1),0.0,-0.005364776745979619
ME1_REV_g.2094.peg.2517-MONOMER,0.0,0.00535999777065207
ME1_FWD_g.2094.peg.2517-MONOMER,0.0,-0.005363161196156682
ME1_REV_g.2094.peg.4465-MONOMER_mod_mg2(1),0.0,0.005358379516398327
ME1_FWD_g.2094.peg.4465-MONOMER_mod_mg2(1),0.0,-0.005364779450410424
ME2_REV_g.2094.peg.3298-MONOMER,0.0,0.00535810674199679
ME2_FWD_g.2094.peg.3298-MONOMER,0.0,-0.005360559378746504
ME2_REV_g.2094.peg.3703-MONOMER_mod_mn2(1),0.0,0.005355995516860538
ME2_FWD_g.2094.peg.3703-MONOMER_mod_mn2(1),0.0,-0.005362670603882755
ME2_REV_g.2094.peg.3703-MONOMER_mod_mg2(1),0.0,0.005355993182547915
ME2_FWD_g.2094.peg.3703-MONOMER_mod_mg2(1),0.0,-0.005362672938195378
MECDPDH2_REV_g.2094.peg.1961-MONOMER_mod_mn2(1),0.0,-4.741934119861729e-06
MECDPDH2_FWD_g.2094.peg.1961-MONOMER_mod_mn2(1),0.13617938761310372,-3.9354561228420503e-35
MECDPS_REV_g.2094.peg.4481-MONOMER_mod_mn2(1),0.0,-4.334869136738601e-06
MECDPS_FWD_g.2094.peg.4481-MONOMER_mod_mn2(1),0.13617938761310372,1.043475542775762e-35
MEPCT_REV_g.2094.peg.4448-MONOMER_mod_mg2(1),0.0,-4.730121232126684e-06
MEPCT_FWD_g.2094.peg.4448-MONOMER_mod_mg2(1),0.0,-1.4775655577783008e-08
MEPCT_REV_g.2094.peg.4448-MONOMER_mod_cobalt2(1),0.0,-4.7153455765489e-06
MEPCT_FWD_g.2094.peg.4448-MONOMER_mod_cobalt2(1),0.13617938761310372,-4.147082662759428e-36
MEPCT_REV_g.2094.peg.4448-MONOMER_mod_mn2(1),0.0,-4.721520713381007e-06
MEPCT_FWD_g.2094.peg.4448-MONOMER_mod_mn2(1),0.0,-6.175136832106843e-09
METALA1c_REV_g.2094.peg.1056-MONOMER,0.0,-1.3342908647553628e-06
METALA1c_FWD_g.2094.peg.1056-MONOMER,0.0,-4.042911342965247e-06
METALA1c_REV_g.2094.peg.2155-MONOMER,0.0,-3.4476170313643653e-07
METALA1c_FWD_g.2094.peg.2155-MONOMER,0.0,-3.0533821813463208e-06
METALA1c_REV_g.2094.peg.4088-MONOMER,0.0,-1.2297652463311596e-06
METALA1c_FWD_g.2094.peg.4088-MONOMER,0.0,-3.938385724541044e-06
METALA1c_REV_g.2094.peg.2955-MONOMER_mod_fe2(2),3.125406348807861e-23,1.2868370299925985e-36
METALA1c_FWD_g.2094.peg.2955-MONOMER_mod_fe2(2),0.0,-2.708620478209884e-06
METALA1c_REV_g.2094.peg.2790-MONOMER,0.0,-1.2964838222249018e-06
METALA1c_FWD_g.2094.peg.2790-MONOMER,0.0,-4.005104300434786e-06
METALA1c_REV_g.2094.peg.4101-MONOMER_mod_zn2(1),0.0,-2.6984500159631113e-06
METALA1c_FWD_g.2094.peg.4101-MONOMER_mod_zn2(1),0.0,-5.407070494172996e-06
METALAabc_REV_g.2094.peg.1255-MONOMER,0.0,0.0009054931489244186
METALAabc_FWD_g.2094.peg.1255-MONOMER,0.0,-0.0009095110015382885
METALAabc_REV_g.2094.peg.1402-MONOMER,0.0,0.0009058862764000609
METALAabc_FWD_g.2094.peg.1402-MONOMER,0.0,-0.0009091178740626462
METALAabc_REV_g.2094.peg.1419-MONOMER,0.0,0.0009056106604346997
METALAabc_FWD_g.2094.peg.1419-MONOMER,0.0,-0.0009093934900280074
METALAabc_REV_g.2094.peg.735-MONOMER,0.0,0.0009058453723361689
METALAabc_FWD_g.2094.peg.735-MONOMER,0.0,-0.0009091587781265382
METALAabc_REV_g.2094.peg.4205-MONOMER,0.0,0.0009055994940892496
METALAabc_FWD_g.2094.peg.4205-MONOMER,0.0,-0.0009094046563734574
METALAabc_REV_g.2094.peg.3235-MONOMER,0.0,0.0009059545079128181
METALAabc_FWD_g.2094.peg.3235-MONOMER,0.0,-0.000909049642549889
METALAabc_REV_g.2094.peg.1691-MONOMER,0.0,0.0009060744024523259
METALAabc_FWD_g.2094.peg.1691-MONOMER,0.0,-0.0009089297480103811
METALAabc_REV_g.2094.peg.1189-MONOMER,0.0,0.0009056034960991862
METALAabc_FWD_g.2094.peg.1189-MONOMER,0.0,-0.0009094006543635209
METALAabc_REV_g.2094.peg.4681-MONOMER,0.0,0.0009057839081416379
METALAabc_FWD_g.2094.peg.4681-MONOMER,0.0,-0.0009092202423210691
METALAabc_REV_g.2094.peg.1024-MONOMER,0.0,0.000905908096420586
METALAabc_FWD_g.2094.peg.1024-MONOMER,0.0,-0.0009090960540421211
METAT_REV_g.2094.peg.1329-MONOMER_mod_na1(4)_mod_ca2(1),0.0,-6.382484962086842e-06
METAT_FWD_g.2094.peg.1329-MONOMER_mod_na1(4)_mod_ca2(1),0.0,-8.763849731182992e-09
METAT_REV_g.2094.peg.1329-MONOMER_mod_na1(4)_mod_mn2(1),0.0,-6.383596877282732e-06
METAT_FWD_g.2094.peg.1329-MONOMER_mod_na1(4)_mod_mn2(1),0.0,-9.875764927073477e-09
METAT_REV_g.2094.peg.1329-MONOMER_mod_cs(4)_mod_mn2(1),0.0,-6.379476264595113e-06
METAT_FWD_g.2094.peg.1329-MONOMER_mod_cs(4)_mod_mn2(1),0.0,-5.755152239453723e-09
METAT_REV_g.2094.peg.1329-MONOMER_mod_tl(4)_mod_cd2(1),0.0,-6.373721112355659e-06
METAT_FWD_g.2094.peg.1329-MONOMER_mod_tl(4)_mod_cd2(1),0.0,-8.1973197201089e-36
METAT_REV_g.2094.peg.1329-MONOMER_mod_na1(4)_mod_zn2(1),0.0,-6.377844056881979e-06
METAT_FWD_g.2094.peg.1329-MONOMER_mod_na1(4)_mod_zn2(1),0.0,-4.122944526320689e-09
METAT_REV_g.2094.peg.1329-MONOMER_mod_cs(4)_mod_zn2(1),0.0,-6.373721266257906e-06
METAT_FWD_g.2094.peg.1329-MONOMER_mod_cs(4)_mod_zn2(1),0.0,-1.5390224735064227e-13
METAT_REV_g.2094.peg.1329-MONOMER_mod_k(4)_mod_mg2(1),0.0,-6.383166978919567e-06
METAT_FWD_g.2094.peg.1329-MONOMER_mod_k(4)_mod_mg2(1),0.0,-9.445866563908407e-09
METAT_REV_g.2094.peg.1329-MONOMER_mod_tl(4)_mod_mn2(1),0.0,-6.379476264595113e-06
METAT_FWD_g.2094.peg.1329-MONOMER_mod_tl(4)_mod_mn2(1),0.0,-5.755152239453723e-09
METAT_REV_g.2094.peg.1329-MONOMER_mod_cs(4)_mod_cd2(1),0.0,-6.373721112355659e-06
METAT_FWD_g.2094.peg.1329-MONOMER_mod_cs(4)_mod_cd2(1),0.0,-8.1973197201089e-36
METAT_REV_g.2094.peg.1329-MONOMER_mod_nh4(4)_mod_cobalt2(1),0.0,-6.3922463594344785e-06
METAT_FWD_g.2094.peg.1329-MONOMER_mod_nh4(4)_mod_cobalt2(1),0.0,-1.8525247078819584e-08
METAT_REV_g.2094.peg.1329-MONOMER_mod_nh4(4)_mod_ca2(1),0.0,-6.393785528988442e-06
METAT_FWD_g.2094.peg.1329-MONOMER_mod_nh4(4)_mod_ca2(1),0.0,-2.0064416632783858e-08
METAT_REV_g.2094.peg.1329-MONOMER_mod_na1(4)_mod_cobalt2(1),0.0,-6.380946881551548e-06
METAT_FWD_g.2094.peg.1329-MONOMER_mod_na1(4)_mod_cobalt2(1),0.0,-7.225769195889925e-09
METAT_REV_g.2094.peg.1329-MONOMER_mod_k(4)_mod_ca2(1),0.0,-6.378360192816039e-06
METAT_FWD_g.2094.peg.1329-MONOMER_mod_k(4)_mod_ca2(1),0.0,-4.639080460380552e-09
METAT_REV_g.2094.peg.1329-MONOMER_mod_k(4)_mod_zn2(1),0.0,-6.373721112355659e-06
METAT_FWD_g.2094.peg.1329-MONOMER_mod_k(4)_mod_zn2(1),0.0031255768983632394,-5.318691939997574e-36
METAT_REV_g.2094.peg.1329-MONOMER_mod_na1(4)_mod_cd2(1),0.0,-6.37784313357217e-06
METAT_FWD_g.2094.peg.1329-MONOMER_mod_na1(4)_mod_cd2(1),0.0,-4.12202121651137e-09
METAT_REV_g.2094.peg.1329-MONOMER_mod_tl(4)_mod_mg2(1),0.0,-6.383173829157275e-06
METAT_FWD_g.2094.peg.1329-MONOMER_mod_tl(4)_mod_mg2(1),0.0,-9.452716801616765e-09
METAT_REV_g.2094.peg.1329-MONOMER_mod_tl(4)_mod_zn2(1),0.0,-6.373721266257906e-06
METAT_FWD_g.2094.peg.1329-MONOMER_mod_tl(4)_mod_zn2(1),0.0,-1.5390224735064227e-13
METAT_REV_g.2094.peg.1329-MONOMER_mod_k(4)_mod_cd2(1),0.0,-6.373721112355659e-06
METAT_FWD_g.2094.peg.1329-MONOMER_mod_k(4)_mod_cd2(1),0.0,-8.292736505613145e-36
METAT_REV_g.2094.peg.1329-MONOMER_mod_nh4(4)_mod_zn2(1),0.0,-6.389142934437073e-06
METAT_FWD_g.2094.peg.1329-MONOMER_mod_nh4(4)_mod_zn2(1),0.0,-1.542182208141448e-08
METAT_REV_g.2094.peg.1329-MONOMER_mod_cs(4)_mod_ni2(1),0.0,-6.381188631586529e-06
METAT_FWD_g.2094.peg.1329-MONOMER_mod_cs(4)_mod_ni2(1),0.0,-7.467519230870313e-09
METAT_REV_g.2094.peg.1329-MONOMER_mod_nh4(4)_mod_cd2(1),0.0,-6.389139634549038e-06
METAT_FWD_g.2094.peg.1329-MONOMER_mod_nh4(4)_mod_cd2(1),0.0,-1.541852219337999e-08
METAT_REV_g.2094.peg.1329-MONOMER_mod_nh4(4)_mod_ni2(1),0.0,-6.396608357289835e-06
METAT_FWD_g.2094.peg.1329-MONOMER_mod_nh4(4)_mod_ni2(1),0.0,-2.2887244934176352e-08
METAT_REV_g.2094.peg.1329-MONOMER_mod_cs(4)_mod_cobalt2(1),0.0,-6.376825252017017e-06
METAT_FWD_g.2094.peg.1329-MONOMER_mod_cs(4)_mod_cobalt2(1),0.0,-3.104139661358711e-09
METAT_REV_g.2094.peg.1329-MONOMER_mod_cs(4)_mod_ca2(1),0.0,-6.3783636519847674e-06
METAT_FWD_g.2094.peg.1329-MONOMER_mod_cs(4)_mod_ca2(1),0.0,-4.642539629109104e-09
METAT_REV_g.2094.peg.1329-MONOMER_mod_na1(4)_mod_ni2(1),0.0,-6.3853084837921215e-06
METAT_FWD_g.2094.peg.1329-MONOMER_mod_na1(4)_mod_ni2(1),0.0,-1.1587371436462847e-08
METAT_REV_g.2094.peg.1329-MONOMER_mod_cs(4)_mod_mg2(1),0.0,-6.383173829157275e-06
METAT_FWD_g.2094.peg.1329-MONOMER_mod_cs(4)_mod_mg2(1),0.0,-9.452716801616765e-09
METAT_REV_g.2094.peg.1329-MONOMER_mod_nh4(4)_mod_mn2(1),0.0,-6.394896790241847e-06
METAT_FWD_g.2094.peg.1329-MONOMER_mod_nh4(4)_mod_mn2(1),0.0,-2.117567788618858e-08
METAT_REV_g.2094.peg.1329-MONOMER_mod_k(4)_mod_mn2(1),0.0,-6.379472082157135e-06
METAT_FWD_g.2094.peg.1329-MONOMER_mod_k(4)_mod_mn2(1),0.0,-5.750969801475693e-09
METAT_REV_g.2094.peg.1329-MONOMER_mod_k(4)_mod_cobalt2(1),0.0,-6.376822922645094e-06
METAT_FWD_g.2094.peg.1329-MONOMER_mod_k(4)_mod_cobalt2(1),0.0,-3.1018102894350306e-09
METAT_REV_g.2094.peg.1329-MONOMER_mod_na1(4)_mod_mg2(1),0.0,-6.387293433394735e-06
METAT_FWD_g.2094.peg.1329-MONOMER_mod_na1(4)_mod_mg2(1),0.0,-1.3572321039077017e-08
METAT_REV_g.2094.peg.1329-MONOMER_mod_tl(4)_mod_ca2(1),0.0,-6.3783636519847674e-06
METAT_FWD_g.2094.peg.1329-MONOMER_mod_tl(4)_mod_ca2(1),0.0,-4.642539629109104e-09
METAT_REV_g.2094.peg.1329-MONOMER_mod_k(4)_mod_ni2(1),0.0,-6.3811832730894185e-06
METAT_FWD_g.2094.peg.1329-MONOMER_mod_k(4)_mod_ni2(1),0.0,-7.462160733759602e-09
METAT_REV_g.2094.peg.1329-MONOMER_mod_nh4(4)_mod_mg2(1),0.0,-6.3985952211758165e-06
METAT_FWD_g.2094.peg.1329-MONOMER_mod_nh4(4)_mod_mg2(1),0.0,-2.487410882015764e-08
METAT_REV_g.2094.peg.1329-MONOMER_mod_tl(4)_mod_ni2(1),0.0,-6.381188631586529e-06
METAT_FWD_g.2094.peg.1329-MONOMER_mod_tl(4)_mod_ni2(1),0.0,-7.467519230870313e-09
METAT_REV_g.2094.peg.1329-MONOMER_mod_tl(4)_mod_cobalt2(1),0.0,-6.376825252017017e-06
METAT_FWD_g.2094.peg.1329-MONOMER_mod_tl(4)_mod_cobalt2(1),0.0,-3.104139661358711e-09
METB1_REV_527012.3.peg.3582-MONOMER_mod_pydx5p(1),0.0,-7.38943370501234e-06
METB1_FWD_527012.3.peg.3582-MONOMER_mod_pydx5p(1),0.0018267628169440055,-1.1495422744405856e-34
METDabc_REV_CPLX_METDabc-5,0.0,-3.356246305129837e-06
METDabc_FWD_CPLX_METDabc-5,0.0,-8.597189195546261e-07
METDabc_REV_CPLX_METDabc-4,0.0,-2.951144718912872e-06
METDabc_FWD_CPLX_METDabc-4,0.0,-4.5461733333766136e-07
METDabc_REV_CPLX_METDabc-1,0.0,-2.4965273855752106e-06
METDabc_FWD_CPLX_METDabc-1,0.0,2.457973219263593e-37
METDabc_REV_CPLX_METDabc-10,0.0,-3.095254632132728e-06
METDabc_FWD_CPLX_METDabc-10,0.0,-5.987272465575171e-07
METDabc_REV_CPLX_METDabc-0,0.0,-3.024782982958177e-06
METDabc_FWD_CPLX_METDabc-0,0.0,-5.282555973829664e-07
METDabc_REV_CPLX_METDabc-9,0.0,-3.607076624743643e-06
METDabc_FWD_CPLX_METDabc-9,0.0,-1.110549239168432e-06
METDabc_REV_CPLX_METDabc-6,0.0,-3.330119438283333e-06
METDabc_FWD_CPLX_METDabc-6,0.0,-8.335920527081223e-07
METDabc_REV_CPLX_METDabc-7,0.0,-2.7673574607404815e-06
METDabc_FWD_CPLX_METDabc-7,0.0,-2.7083007516527074e-07
METDabc_REV_CPLX_METDabc-3,0.0,-3.468200298808042e-06
METDabc_FWD_CPLX_METDabc-3,0.0,-9.716729132328312e-07
METDabc_REV_CPLX_METDabc-8,0.0,-3.2089163103022925e-06
METDabc_FWD_CPLX_METDabc-8,0.0,-7.123889247270818e-07
METDabc_REV_CPLX_METDabc-2,0.0,-2.9115230855435455e-06
METDabc_FWD_CPLX_METDabc-2,0.0,-4.149956999683346e-07
METDabc_REV_CPLX_METDabc-11,0.0,-3.495890786320887e-06
METDabc_FWD_CPLX_METDabc-11,0.0,-9.993634007456763e-07
METFR_REV_g.2094.peg.2899-MONOMER_mod_fad(1),0.0,-2.246423032729193e-06
METFR_FWD_g.2094.peg.2899-MONOMER_mod_fad(1),0.0,-2.7925833926586736e-06
METGL_REV_g.2094.peg.3682-MONOMER_mod_pydx5p(1),0.0,-4.315579431073284e-06
METGL_FWD_g.2094.peg.3682-MONOMER_mod_pydx5p(1),0.0,1.4400634178611203e-38
METS_REV_527012.3.peg.3221-MONOMER,0.0,0.0062331008617381185
METS_FWD_527012.3.peg.3221-MONOMER,0.0,-0.0062354304335575485
METS_REV_527012.3.peg.3220-MONOMER_mod_zn2(1)_mod_cbl1(1),0.0,0.006232072046318254
METS_FWD_527012.3.peg.3220-MONOMER_mod_zn2(1)_mod_cbl1(1),0.0,-0.006236459248977413
METSOX1abc_REV_CPLX_METDabc-5,0.0,0.0017897974067242464
METSOX1abc_FWD_CPLX_METDabc-5,0.0,-0.0017940133719489308
METSOX1abc_REV_CPLX_METDabc-4,0.0,0.0017902025083104632
METSOX1abc_FWD_CPLX_METDabc-4,0.0,-0.001793608270362714
METSOX1abc_REV_CPLX_METDabc-1,0.0,0.0017906571256438009
METSOX1abc_FWD_CPLX_METDabc-1,0.0,-0.0017931536530293763
METSOX1abc_REV_CPLX_METDabc-10,0.0,0.0017900583983972433
METSOX1abc_FWD_CPLX_METDabc-10,0.0,-0.0017937523802759336
METSOX1abc_REV_CPLX_METDabc-0,0.0,0.001790128870046418
METSOX1abc_FWD_CPLX_METDabc-0,0.0,-0.0017936819086267592
METSOX1abc_REV_CPLX_METDabc-9,0.0,0.0017895465764046325
METSOX1abc_FWD_CPLX_METDabc-9,0.0,-0.0017942642022685446
METSOX1abc_REV_CPLX_METDabc-6,0.0,0.0017898235335910928
METSOX1abc_FWD_CPLX_METDabc-6,0.0,-0.0017939872450820843
METSOX1abc_REV_CPLX_METDabc-7,0.0,0.0017903862955686357
METSOX1abc_FWD_CPLX_METDabc-7,0.0,-0.0017934244831045415
METSOX1abc_REV_CPLX_METDabc-3,0.0,0.0017896854527305682
METSOX1abc_FWD_CPLX_METDabc-3,0.0,-0.001794125325942609
METSOX1abc_REV_CPLX_METDabc-8,0.0,0.001789944736719074
METSOX1abc_FWD_CPLX_METDabc-8,0.0,-0.0017938660419541032
METSOX1abc_REV_CPLX_METDabc-2,0.0,0.0017902421299438327
METSOX1abc_FWD_CPLX_METDabc-2,0.0,-0.0017935686487293445
METSOX1abc_REV_CPLX_METDabc-11,0.0,0.0017896577622430552
METSOX1abc_FWD_CPLX_METDabc-11,0.0,-0.0017941530164301217
METSOX2abc_REV_CPLX_METDabc-5,0.0,-3.356246305129837e-06
METSOX2abc_FWD_CPLX_METDabc-5,0.0,-8.597189195546261e-07
METSOX2abc_REV_CPLX_METDabc-4,0.0,-2.951144718912872e-06
METSOX2abc_FWD_CPLX_METDabc-4,0.0,-4.5461733333766136e-07
METSOX2abc_REV_CPLX_METDabc-1,0.0,-2.4965273855752106e-06
METSOX2abc_FWD_CPLX_METDabc-1,0.0,2.457973219263593e-37
METSOX2abc_REV_CPLX_METDabc-10,0.0,-3.095254632132728e-06
METSOX2abc_FWD_CPLX_METDabc-10,0.0,-5.987272465575171e-07
METSOX2abc_REV_CPLX_METDabc-0,0.0,-3.024782982958177e-06
METSOX2abc_FWD_CPLX_METDabc-0,0.0,-5.282555973829664e-07
METSOX2abc_REV_CPLX_METDabc-9,0.0,-3.607076624743643e-06
METSOX2abc_FWD_CPLX_METDabc-9,0.0,-1.110549239168432e-06
METSOX2abc_REV_CPLX_METDabc-6,0.0,-3.330119438283333e-06
METSOX2abc_FWD_CPLX_METDabc-6,0.0,-8.335920527081223e-07
METSOX2abc_REV_CPLX_METDabc-7,0.0,-2.7673574607404815e-06
METSOX2abc_FWD_CPLX_METDabc-7,0.0,-2.7083007516527074e-07
METSOX2abc_REV_CPLX_METDabc-3,0.0,-3.468200298808042e-06
METSOX2abc_FWD_CPLX_METDabc-3,0.0,-9.716729132328312e-07
METSOX2abc_REV_CPLX_METDabc-8,0.0,-3.2089163103022925e-06
METSOX2abc_FWD_CPLX_METDabc-8,0.0,-7.123889247270818e-07
METSOX2abc_REV_CPLX_METDabc-2,0.0,-2.9115230855435455e-06
METSOX2abc_FWD_CPLX_METDabc-2,0.0,-4.149956999683346e-07
METSOX2abc_REV_CPLX_METDabc-11,0.0,-3.495890786320887e-06
METSOX2abc_FWD_CPLX_METDabc-11,0.0,-9.993634007456763e-07
METSOXR1r_REV_g.2094.peg.3939-MONOMER,0.0,-5.658019187510195e-35
METSOXR1r_FWD_g.2094.peg.3939-MONOMER,0.0,-3.4608851601726975e-06
METabc_REV_CPLX_METDabc-5,0.0,0.004469046560934156
METabc_FWD_CPLX_METDabc-5,0.0,-0.00447326252615884
METabc_REV_CPLX_METDabc-4,0.0,0.004469451662520373
METabc_FWD_CPLX_METDabc-4,0.0,-0.004472857424572623
METabc_REV_CPLX_METDabc-1,0.0,0.004469906279853711
METabc_FWD_CPLX_METDabc-1,0.0,-0.004472402807239285
METabc_REV_CPLX_METDabc-10,0.0,0.004469307552607153
METabc_FWD_CPLX_METDabc-10,0.0,-0.0044730015344858435
METabc_REV_CPLX_METDabc-0,0.0,0.004469378024256327
METabc_FWD_CPLX_METDabc-0,0.0,-0.0044729310628366685
METabc_REV_CPLX_METDabc-9,0.0,0.004468795730614542
METabc_FWD_CPLX_METDabc-9,0.0,-0.004473513356478454
METabc_REV_CPLX_METDabc-6,0.0,0.004469072687801002
METabc_FWD_CPLX_METDabc-6,0.0,-0.004473236399291994
METabc_REV_CPLX_METDabc-7,0.0,0.004469635449778546
METabc_FWD_CPLX_METDabc-7,0.0,-0.004472673637314451
METabc_REV_CPLX_METDabc-3,0.0,0.004468934606940478
METabc_FWD_CPLX_METDabc-3,0.0,-0.004473374480152519
METabc_REV_CPLX_METDabc-8,0.0,0.004469193890928983
METabc_FWD_CPLX_METDabc-8,0.0,-0.004473115196164013
METabc_REV_CPLX_METDabc-2,0.0,0.004469491284153742
METabc_FWD_CPLX_METDabc-2,0.0,-0.004472817802939254
METabc_REV_CPLX_METDabc-11,0.0,0.004468906916452965
METabc_FWD_CPLX_METDabc-11,0.0,-0.004473402170640031
METt2r_REV_CPLX_dummy,0.0,-3.5850072839868364e-06
METt2r_FWD_CPLX_dummy,0.06090966751078142,-2.5395267783017737e-37
MEVK1c_REV_g.2094.peg.3281-MONOMER,0.0,-3.9220072514144634e-06
MEVK1c_FWD_g.2094.peg.3281-MONOMER,0.0,2.223890955674372e-36
MEVK1c_REV_g.2094.peg.993-MONOMER,0.0,-3.9220072514144634e-06
MEVK1c_FWD_g.2094.peg.993-MONOMER,0.0,2.223890955674372e-36
MG2abc_REV_CPLX_dummy,0.0,0.008043068180710966
MG2abc_FWD_CPLX_dummy,0.0,-0.008046653187994952
MGSA_REV_g.2094.peg.818-MONOMER,0.0,0.016077903195660905
MGSA_FWD_g.2094.peg.818-MONOMER,0.0,-0.01608041068622372
MGt5_REV_g.2094.peg.1805-MONOMER,0.0,-7.53232506654158e-07
MGt5_FWD_g.2094.peg.1805-MONOMER,0.0,-3.8763912900612e-06
MGt5_REV_g.2094.peg.1351-MONOMER,0.004527615913908947,3.758632518805079e-40
MGt5_FWD_g.2094.peg.1351-MONOMER,0.0,-3.123158783407042e-06
MGt5_REV_g.2094.peg.204-MONOMER,0.0,-4.467362635936258e-07
MGt5_FWD_g.2094.peg.204-MONOMER,0.0,-3.5698950470006677e-06
MI1PP_REV_g.2094.peg.4379-MONOMER_mod_mg2(1),0.0,-3.0973597454586977e-06
MI1PP_FWD_g.2094.peg.4379-MONOMER_mod_mg2(1),0.0,7.854425286956721e-38
MI3PP_REV_g.2094.peg.4379-MONOMER_mod_mg2(1),0.0,-3.0973597454586977e-06
MI3PP_FWD_g.2094.peg.4379-MONOMER_mod_mg2(1),0.0,7.854425286956721e-38
MI4PP_REV_g.2094.peg.4379-MONOMER_mod_mg2(1),0.0,-3.0973597454586977e-06
MI4PP_FWD_g.2094.peg.4379-MONOMER_mod_mg2(1),0.0,7.854425286956721e-38
MLTP1_REV_g.2094.peg.3214-MONOMER_mod_pydx5p(1),0.0,-4.451656880715177e-06
MLTP1_FWD_g.2094.peg.3214-MONOMER_mod_pydx5p(1),0.0,-1.0597737123680142e-35
MLTP2_REV_g.2094.peg.3214-MONOMER_mod_pydx5p(1),0.0,-4.451656880715177e-06
MLTP2_FWD_g.2094.peg.3214-MONOMER_mod_pydx5p(1),0.0,5.090131057958406e-36
MLTP3_REV_g.2094.peg.3214-MONOMER_mod_pydx5p(1),0.0,-4.451656880715177e-06
MLTP3_FWD_g.2094.peg.3214-MONOMER_mod_pydx5p(1),0.0,-2.628560530531869e-35
MME_REV_g.2094.peg.244-MONOMER,0.0,-4.581534696791271e-06
MME_FWD_g.2094.peg.244-MONOMER,0.0,1.5035158448472548e-35
MMSAD1_REV_g.2094.peg.1850-MONOMER,0.0,-3.420412462260092e-06
MMSAD1_FWD_g.2094.peg.1850-MONOMER,0.0,-2.6220336761691955e-37
MMSAD1_REV_g.2094.peg.4493-MONOMER,0.0,-3.420412462260092e-06
MMSAD1_FWD_g.2094.peg.4493-MONOMER,0.0,-2.5543493051794184e-37
MMSAD2_REV_g.2094.peg.3722-MONOMER,0.0,-4.583508801166705e-06
MMSAD2_FWD_g.2094.peg.3722-MONOMER,-4.61546888750576e-34,1.374636776212345e-35
MMSAD2_REV_g.2094.peg.197-MONOMER,0.0,-4.583508801166705e-06
MMSAD2_FWD_g.2094.peg.197-MONOMER,0.0,1.3734278247585448e-35
MMSAD3_REV_g.2094.peg.1850-MONOMER,0.0,0.005363507550077791
MMSAD3_FWD_g.2094.peg.1850-MONOMER,0.0,-0.005366927962540051
MMSAD3_REV_g.2094.peg.4493-MONOMER,0.0,0.005363507550077791
MMSAD3_FWD_g.2094.peg.4493-MONOMER,0.0,-0.005366927962540051
MMSAD5_REV_g.2094.peg.4633-MONOMER,0.0,-7.425287268666039e-07
MMSAD5_FWD_g.2094.peg.4633-MONOMER,0.0,-4.707132292233008e-06
MMSAD5_REV_g.2094.peg.2854-MONOMER,0.0,1.5342896876374716e-35
MMSAD5_FWD_g.2094.peg.2854-MONOMER,0.0,-3.964603565366404e-06
MNLpts_REV_CPLX_MNLpts-0,0.0,-6.66062447964124e-06
MNLpts_FWD_CPLX_MNLpts-0,0.14898579,-3.544704950263247e-36
MNNH_REV_g.2094.peg.227-MONOMER,0.0,-1.9492230387042455e-06
MNNH_FWD_g.2094.peg.227-MONOMER,0.0,2.0181282052244546e-36
MNabc_REV_CPLX_MNabc-0,0.0,0.004468525369249546
MNabc_FWD_CPLX_MNabc-0,0.0,-0.004473515573612315
MNt2_REV_g.2094.peg.2848-MONOMER,0.0,-3.853151515121641e-06
MNt2_FWD_g.2094.peg.2848-MONOMER,1.1964828932025933e-05,1.8652725774333991e-37
MOAT_REV_g.2094.peg.2258-MONOMER,0.0,-4.611060284322102e-06
MOAT_FWD_g.2094.peg.2258-MONOMER,0.010490760210035997,3.3387483217762955e-35
MOAT3C_REV_CPLX_dummy,0.0,-3.5850072839868364e-06
MOAT3C_FWD_CPLX_dummy,0.010490760210035997,2.6198981736876015e-35
MOHMT_REV_527012.3.peg.613-MONOMER,0.0,0.0053218315144256245
MOHMT_FWD_527012.3.peg.613-MONOMER,0.0,-0.005325658868501074
MTAN_REV_g.2094.peg.4111-MONOMER,0.0,-5.377643111207383e-06
MTAN_FWD_g.2094.peg.4111-MONOMER,0.0,6.079497702041195e-36
MTHFC_REV_g.2094.peg.675-MONOMER,0.0,-5.609545492255699e-06
MTHFC_FWD_g.2094.peg.675-MONOMER,0.0,-4.5524982054002796e-07
MTHFC_REV_g.2094.peg.1811-MONOMER,0.0,-5.154295671715671e-06
MTHFC_FWD_g.2094.peg.1811-MONOMER,0.016956385530424844,-2.2806740196287766e-36
MTHFD_REV_g.2094.peg.1811-MONOMER,0.0,-5.154295671715671e-06
MTHFD_FWD_g.2094.peg.1811-MONOMER,0.016956385530424844,-1.1410803967907318e-34
MTHPTGHM_REV_527012.3.peg.2742-MONOMER_mod_zn2(1),0.0,0.016096064110976797
MTHPTGHM_FWD_527012.3.peg.2742-MONOMER_mod_zn2(1),0.0,-0.016100489575441506
MTRI_REV_g.2094.peg.3393-MONOMER,0.0,-4.2677961398575186e-36
MTRI_FWD_g.2094.peg.3393-MONOMER,0.0,-3.215598870666819e-06
MTRK_REV_g.2094.peg.3969-MONOMER,0.0,-3.1608557518644397e-06
MTRK_FWD_g.2094.peg.3969-MONOMER,0.0,-9.984184707386909e-36
NACASPAH_REV_g.2094.peg.1421-MONOMER,0.0,-3.6996237422303316e-06
NACASPAH_FWD_g.2094.peg.1421-MONOMER,0.0,-4.323800128960267e-36
NACt2r_REV_CPLX_dummy,0.0,-3.5850072839868364e-06
NACt2r_FWD_CPLX_dummy,0.9987008686875463,3.0501803799926117e-37
NADH10_REV_g.2094.peg.805-MONOMER_mod_mg2(1)_mod_cu(1)_mod_fad(1),0.0,7.178991389970247e-07
NADH10_FWD_g.2094.peg.805-MONOMER_mod_mg2(1)_mod_cu(1)_mod_fad(1),0.0,-7.178991389970247e-07
NADH5_REV_g.2094.peg.805-MONOMER_mod_mg2(1)_mod_cu(1)_mod_fad(1),0.0,3.6693376048115364e-36
NADH5_FWD_g.2094.peg.805-MONOMER_mod_mg2(1)_mod_cu(1)_mod_fad(1),1.3310142342728418e-23,-5.0120275905315794e-36
NADH6_REV_CPLX_NADH6-0_mod_2fe2s(1)_mod_4fe4s(1)_mod_fmn(1),0.0,-0.025014326515893196
NADH6_FWD_CPLX_NADH6-0_mod_2fe2s(1)_mod_4fe4s(1)_mod_fmn(1),4.2592892846066835e-21,7.542605889809058e-35
NADH9_REV_g.2094.peg.805-MONOMER_mod_mg2(1)_mod_cu(1)_mod_fad(1),0.0,1.060639826908942e-06
NADH9_FWD_g.2094.peg.805-MONOMER_mod_mg2(1)_mod_cu(1)_mod_fad(1),0.0,-1.060639826908942e-06
NADK_REV_g.2094.peg.745-MONOMER_mod_mg2(1),0.0,-6.1761597265315946e-06
NADK_FWD_g.2094.peg.745-MONOMER_mod_mg2(1),1.593050342510451e-07,-6.232508670028812e-36
NADK2_REV_g.2094.peg.745-MONOMER_mod_mg2(1),0.0,-4.949506070141174e-06
NADK2_FWD_g.2094.peg.745-MONOMER_mod_mg2(1),0.0,-1.2266536563904204e-06
NADS1_REV_527012.3.peg.1863-MONOMER,0.0,0.024149097759702517
NADS1_FWD_527012.3.peg.1863-MONOMER,0.0,-0.02415217176838862
NADS2_REV_g.2094.peg.900-MONOMER,0.0,0.024149285814723337
NADS2_FWD_g.2094.peg.900-MONOMER,0.0,-0.02415235982340944
NAPRT_REV_g.2094.peg.1288-MONOMER,0.0,-1.9062926937972263e-06
NAPRT_FWD_g.2094.peg.1288-MONOMER,-3.659663981902629e-34,1.5927337887754008e-35
NAt3_1_REV_g.2094.peg.3508-MONOMER,0.0,-5.376855846114349e-06
NAt3_1_FWD_g.2094.peg.3508-MONOMER,0.0013010998444591907,-7.308162319377022e-38
NAt3_1_REV_g.2094.peg.797-MONOMER,0.0,-5.475128430702174e-06
NAt3_1_FWD_g.2094.peg.797-MONOMER,0.0,-9.827258458782538e-08
NCOAH_REV_CPLX_dummy,0.0,-2.5997552178328538e-06
NCOAH_FWD_CPLX_dummy,0.0,-9.852520661539826e-07
NDPK1_REV_g.2094.peg.1423-MONOMER,0.0,-2.453307312780841e-06
NDPK1_FWD_g.2094.peg.1423-MONOMER,4.587142482923825,-8.432551129716038e-36
NDPK2_REV_527012.3.peg.2611-MONOMER_mod_ca2(1),0.0,-3.818900491532467e-06
NDPK2_FWD_527012.3.peg.2611-MONOMER_mod_ca2(1),0.13767231333914284,-3.1741764528108045e-35
NDPK2_REV_527012.3.peg.2611-MONOMER_mod_mg2(1),0.0,-3.828748872612726e-06
NDPK2_FWD_527012.3.peg.2611-MONOMER_mod_mg2(1),0.0,-9.848381080259307e-09
NDPK2_REV_527012.3.peg.2611-MONOMER_mod_mn2(1),0.0,-3.82130693170864e-06
NDPK2_FWD_527012.3.peg.2611-MONOMER_mod_mn2(1),0.0,-2.4064401761723948e-09
NDPK3_REV_g.2094.peg.1423-MONOMER,0.0,-2.453307312780841e-06
NDPK3_FWD_g.2094.peg.1423-MONOMER,0.2417082165281469,-4.759078936298363e-36
NDPK4_REV_g.2094.peg.1423-MONOMER,0.0,-2.453307312780841e-06
NDPK4_FWD_g.2094.peg.1423-MONOMER,0.028409544583930944,-7.387252642618383e-37
NDPK5_REV_g.2094.peg.1423-MONOMER,0.0,-2.453307312780841e-06
NDPK5_FWD_g.2094.peg.1423-MONOMER,0.016624101467802528,7.301982079811212e-36
NDPK6_REV_g.2094.peg.1423-MONOMER,0.0,-1.2266536563904204e-06
NDPK6_FWD_g.2094.peg.1423-MONOMER,0.0,-1.2266536563904204e-06
NDPK7_REV_g.2094.peg.1423-MONOMER,0.0,-2.453307312780841e-06
NDPK7_FWD_g.2094.peg.1423-MONOMER,0.016624101467802528,-4.759078936298363e-36
NDPK8_REV_g.2094.peg.1423-MONOMER,0.0,-2.453307312780841e-06
NDPK8_FWD_g.2094.peg.1423-MONOMER,2.2524583202252264e-36,3.281628407774687e-36
NDPK9_REV_g.2094.peg.1423-MONOMER,0.0,-1.2266536563904204e-06
NDPK9_FWD_g.2094.peg.1423-MONOMER,0.0,-1.2266536563904204e-06
NEU23_REV_g.2094.peg.917-MONOMER,0.0,-2.457409369539435e-06
NEU23_FWD_g.2094.peg.917-MONOMER,0.0,-9.989641538605328e-08
NEU23_REV_g.2094.peg.3350-MONOMER,0.0,-2.5835775000234084e-06
NEU23_FWD_g.2094.peg.3350-MONOMER,0.0,-2.2606454587002658e-07
NEU23_REV_g.2094.peg.2291-MONOMER,0.0,-2.3575129541533816e-06
NEU23_FWD_g.2094.peg.2291-MONOMER,0.0,-7.372506767212712e-36
NFLGLNH_REV_g.2094.peg.1486-MONOMER,0.0,-3.975437728841094e-06
NFLGLNH_FWD_g.2094.peg.1486-MONOMER,3.293885460373054e-35,3.835208841568834e-36
NFORGLUAH_REV_g.2094.peg.1180-MONOMER,0.0,-2.954404608675333e-06
NFORGLUAH_FWD_g.2094.peg.1180-MONOMER,1.809827943183513e-34,-1.8061626797766688e-36
NH4tb_REV_g.2094.peg.3700-MONOMER,6.542450500220255,3.4843511468028855e-40
NH4tb_FWD_g.2094.peg.3700-MONOMER,0.0,-6.671045532711678e-06
NIabc_REV_g.2094.peg.333-MONOMER,0.0,-1.9031454064455158e-06
NIabc_FWD_g.2094.peg.333-MONOMER,0.0,-8.21572419637293e-37
NMNAT_REV_g.2094.peg.4169-MONOMER_mod_cobalt2(1),0.0,-2.9225974557766152e-06
NMNAT_FWD_g.2094.peg.4169-MONOMER_mod_cobalt2(1),0.0,-8.420899166867186e-08
NMNAT_REV_g.2094.peg.4169-MONOMER_mod_cu2(1),0.0,-2.931331656861298e-06
NMNAT_FWD_g.2094.peg.4169-MONOMER_mod_cu2(1),0.0,-9.294319275335467e-08
NMNAT_REV_g.2094.peg.4169-MONOMER_mod_zn2(1),0.0,-2.914929564121302e-06
NMNAT_FWD_g.2094.peg.4169-MONOMER_mod_zn2(1),0.0,-7.654110001335857e-08
NMNAT_REV_g.2094.peg.1652-MONOMER,0.0,-2.8383884641079432e-06
NMNAT_FWD_g.2094.peg.1652-MONOMER,0.0012991313124537589,-1.001251821107655e-35
NMNAT_REV_g.2094.peg.4169-MONOMER_mod_mn2(1),0.0,-2.9291666685361736e-06
NMNAT_FWD_g.2094.peg.4169-MONOMER_mod_mn2(1),0.0,-9.077820442823042e-08
NMNAT_REV_g.2094.peg.4169-MONOMER_mod_ni2(1),0.0,-2.933490318322011e-06
NMNAT_FWD_g.2094.peg.4169-MONOMER_mod_ni2(1),0.0,-9.510185421406796e-08
NMNAT_REV_g.2094.peg.4169-MONOMER_mod_cd2(1),0.0,-2.9155322210184862e-06
NMNAT_FWD_g.2094.peg.4169-MONOMER_mod_cd2(1),0.0,-7.714375691054277e-08
NMNAT_REV_g.2094.peg.4169-MONOMER_mod_ca2(1),0.0,-2.9261991918079874e-06
NMNAT_FWD_g.2094.peg.4169-MONOMER_mod_ca2(1),0.0,-8.781072770004416e-08
NMNAT_REV_g.2094.peg.4169-MONOMER_mod_mg2(1),0.0,-2.938014488466722e-06
NMNAT_FWD_g.2094.peg.4169-MONOMER_mod_mg2(1),0.0,-9.96260243587785e-08
NMNP_REV_g.2094.peg.2980-MONOMER,0.0,-1.900324227524562e-06
NMNP_FWD_g.2094.peg.2980-MONOMER,1.0,8.802751572416833e-37
NMNPH_REV_g.2094.peg.4169-MONOMER_mod_cobalt2(1),0.0,-2.999138555789974e-06
NMNPH_FWD_g.2094.peg.4169-MONOMER_mod_cobalt2(1),0.0,-7.667891655313283e-09
NMNPH_REV_g.2094.peg.4169-MONOMER_mod_cu2(1),0.0,-3.0078727568746567e-06
NMNPH_FWD_g.2094.peg.4169-MONOMER_mod_cu2(1),0.0,-1.640209273999609e-08
NMNPH_REV_g.2094.peg.4169-MONOMER_mod_zn2(1),0.0,-2.9914706641346604e-06
NMNPH_FWD_g.2094.peg.4169-MONOMER_mod_zn2(1),0.9987008686875463,4.020470481656052e-36
NMNPH_REV_g.2094.peg.3678-MONOMER,0.0,-3.421366096629708e-06
NMNPH_FWD_g.2094.peg.3678-MONOMER,0.0,-4.2989543249504735e-07
NMNPH_REV_g.2094.peg.4169-MONOMER_mod_mn2(1),0.0,-3.005707768549532e-06
NMNPH_FWD_g.2094.peg.4169-MONOMER_mod_mn2(1),0.0,-1.4237104414871838e-08
NMNPH_REV_g.2094.peg.4169-MONOMER_mod_ni2(1),0.0,-3.01003141833537e-06
NMNPH_FWD_g.2094.peg.4169-MONOMER_mod_ni2(1),0.0,-1.8560754200709384e-08
NMNPH_REV_g.2094.peg.4169-MONOMER_mod_cd2(1),0.0,-2.992073321031845e-06
NMNPH_FWD_g.2094.peg.4169-MONOMER_mod_cd2(1),0.0,-6.026568971841872e-10
NMNPH_REV_g.2094.peg.4169-MONOMER_mod_ca2(1),0.0,-3.002740291821346e-06
NMNPH_FWD_g.2094.peg.4169-MONOMER_mod_ca2(1),0.0,-1.126962768668559e-08
NMNPH_REV_g.2094.peg.4169-MONOMER_mod_mg2(1),0.0,-3.0145555884800802e-06
NMNPH_FWD_g.2094.peg.4169-MONOMER_mod_mg2(1),0.0,-2.308492434541992e-08
NNAM_REV_g.2094.peg.1421-MONOMER,0.0,-3.6996237422303316e-06
NNAM_FWD_g.2094.peg.1421-MONOMER,0.9987008686875463,1.1643062403433825e-37
NNATr_REV_527012.3.peg.1926-MONOMER_mod_mg2(1),0.0,-1.7748738432579974e-06
NNATr_FWD_527012.3.peg.1926-MONOMER_mod_mg2(1),0.0,-1.3838795686446619e-36
NNDMBRT_REV_g.2094.peg.475-MONOMER,0.0,-4.1153915229056535e-06
NNDMBRT_FWD_g.2094.peg.475-MONOMER,0.0,-4.5769659002230725e-37
NNDMBRT_REV_g.2094.peg.3263-MONOMER,0.0,-5.5295662753079474e-06
NNDMBRT_FWD_g.2094.peg.3263-MONOMER,0.0,-1.4141747524022941e-06
NNDPR_REV_527012.3.peg.577-MONOMER,0.0,-2.1494695847187127e-06
NNDPR_FWD_527012.3.peg.577-MONOMER,0.0,-3.89974450914106e-07
NNDPR_REV_527012.3.peg.578-MONOMER,0.0,-1.7594951338046066e-06
NNDPR_FWD_527012.3.peg.578-MONOMER,1.3935255937374686e-34,2.6414523900711066e-35
NO2rPmq_REV_CPLX_dummy,0.0,0.0035661934927308306
NO2rPmq_FWD_CPLX_dummy,0.0,-0.0035697785000148173
NO2rPuq_REV_CPLX_dummy,0.0,0.003568347190147822
NO2rPuq_FWD_CPLX_dummy,0.0,-0.0035719321974318086
NO2t2_REV_CPLX_dummy,0.0,-3.5850072839868364e-06
NO2t2_FWD_CPLX_dummy,2.0,5.0791313073538575e-37
NO3R1_REV_g.2094.peg.3098-MONOMER,0.0,-3.4960296844508e-06
NO3R1_FWD_g.2094.peg.3098-MONOMER,0.0,-7.178991389970247e-07
NO3R1_REV_CPLX_NO3R1-0,0.0,-2.7781305454537753e-06
NO3R1_FWD_CPLX_NO3R1-0,1.0,-3.717718897952288e-36
NO3R2_REV_g.2094.peg.2879-MONOMER,0.0,-4.8061584866351386e-06
NO3R2_FWD_g.2094.peg.2879-MONOMER,0.0,-5.922296631873134e-07
NO3R2_REV_g.2094.peg.3098-MONOMER,0.0,-4.213928823447825e-06
NO3R2_FWD_g.2094.peg.3098-MONOMER,6.759872017389203e-22,5.242743915903186e-35
NO3rPmq_REV_CPLX_dummy,0.0,0.007143050965058625
NO3rPmq_FWD_CPLX_dummy,0.0,-0.007146635972342611
NO3rPuq_REV_CPLX_dummy,0.0,0.0071437688641976214
NO3rPuq_FWD_CPLX_dummy,0.0,-0.007147353871481609
NO3t7_REV_CPLX_dummy,0.0,-3.5850072839868364e-06
NO3t7_FWD_CPLX_dummy,1.0,2.473670555130702e-36
NODOx_REV_g.2094.peg.250-MONOMER_mod_fad(1)_mod_pheme(1),0.0,-1.5031200333609421e-06
NODOx_FWD_g.2094.peg.250-MONOMER_mod_fad(1)_mod_pheme(1),0.0,5.855932518301908e-36
NODOy_REV_g.2094.peg.250-MONOMER_mod_fad(1)_mod_pheme(1),0.0,7.433029993682512e-07
NODOy_FWD_g.2094.peg.250-MONOMER_mod_fad(1)_mod_pheme(1),0.0,-2.246423032729193e-06
NOPHMO_REV_g.2094.peg.1662-MONOMER,0.0,0.014292327175981032
NOPHMO_FWD_g.2094.peg.1662-MONOMER,0.0,-0.014294233186243814
NP1_r_REV_g.2094.peg.363-MONOMER,0.0,-5.9064255856165043e-36
NP1_r_FWD_g.2094.peg.363-MONOMER,0.0,-3.452137157249797e-06
NP1_r_REV_g.2094.peg.4159-MONOMER,0.0,-1.4617219126978874e-06
NP1_r_FWD_g.2094.peg.4159-MONOMER,0.0,-4.913859069947684e-06
NPHS_REV_g.2094.peg.4385-MONOMER_mod_hco3(1),0.0,-5.1995104356657075e-06
NPHS_FWD_g.2094.peg.4385-MONOMER_mod_hco3(1),0.0025976281628384682,-4.942201345316343e-36
NT5C_REV_g.2094.peg.1795-MONOMER,0.0,0.016096935353368997
NT5C_FWD_g.2094.peg.1795-MONOMER,0.0,-0.01609974215548741
NT5C_REV_g.2094.peg.1326-MONOMER_mod_zn2(1),0.0,0.016096524488738623
NT5C_FWD_g.2094.peg.1326-MONOMER_mod_zn2(1),0.0,-0.01610015302011778
NT5C_REV_g.2094.peg.1326-MONOMER_mod_cobalt2(1),0.0,0.016096514695159363
NT5C_FWD_g.2094.peg.1326-MONOMER_mod_cobalt2(1),0.0,-0.016100162813697045
NT5C_REV_g.2094.peg.3893-MONOMER,0.0,0.01609636722810681
NT5C_FWD_g.2094.peg.3893-MONOMER,0.0,-0.016100310280749597
NTD1_REV_g.2094.peg.4332-MONOMER_mod_cobalt2(1),0.0,0.00804559172760424
NTD1_FWD_g.2094.peg.4332-MONOMER_mod_cobalt2(1),0.0,-0.008050138726802904
NTD1_REV_g.2094.peg.1326-MONOMER_mod_zn2(1),0.0,0.008046050961513992
NTD1_FWD_g.2094.peg.1326-MONOMER_mod_zn2(1),0.0,-0.008049679492893152
NTD1_REV_g.2094.peg.3893-MONOMER,0.0,0.008045893700882179
NTD1_FWD_g.2094.peg.3893-MONOMER,0.0,-0.008049836753524966
NTD1_REV_g.2094.peg.1795-MONOMER,0.0,0.008046461826144366
NTD1_FWD_g.2094.peg.1795-MONOMER,0.0,-0.008049268628262779
NTD1_REV_g.2094.peg.1326-MONOMER_mod_cobalt2(1),0.0,0.00804604116793473
NTD1_FWD_g.2094.peg.1326-MONOMER_mod_cobalt2(1),0.0,-0.008049689286472414
NTD10_REV_g.2094.peg.1795-MONOMER,0.0,0.008058355988402316
NTD10_FWD_g.2094.peg.1795-MONOMER,0.0,-0.008061162790520729
NTD10_REV_g.2094.peg.1326-MONOMER_mod_zn2(1),0.0,0.008057945123771943
NTD10_FWD_g.2094.peg.1326-MONOMER_mod_zn2(1),0.0,-0.008061573655151102
NTD10_REV_g.2094.peg.1326-MONOMER_mod_cobalt2(1),0.0,0.008057935330192681
NTD10_FWD_g.2094.peg.1326-MONOMER_mod_cobalt2(1),0.0,-0.008061583448730364
NTD10_REV_g.2094.peg.3893-MONOMER,0.0,0.008057787863140129
NTD10_FWD_g.2094.peg.3893-MONOMER,0.0,-0.008061730915782916
NTD11_REV_g.2094.peg.1795-MONOMER,0.0,0.007445589787474463
NTD11_FWD_g.2094.peg.1795-MONOMER,0.0,-0.007448396589592876
NTD11_REV_g.2094.peg.1326-MONOMER_mod_zn2(1),0.0,0.00744517892284409
NTD11_FWD_g.2094.peg.1326-MONOMER_mod_zn2(1),0.0,-0.007448807454223248
NTD11_REV_g.2094.peg.1326-MONOMER_mod_cobalt2(1),0.0,0.007445169129264828
NTD11_FWD_g.2094.peg.1326-MONOMER_mod_cobalt2(1),0.0,-0.007448817247802511
NTD11_REV_g.2094.peg.3893-MONOMER,0.0,0.007445021662212277
NTD11_FWD_g.2094.peg.3893-MONOMER,0.0,-0.007448964714855062
NTD2_REV_g.2094.peg.1795-MONOMER,0.0,0.008046022084281415
NTD2_FWD_g.2094.peg.1795-MONOMER,0.0,-0.008048828886399828
NTD2_REV_g.2094.peg.1326-MONOMER_mod_zn2(1),0.0,0.008045611219651043
NTD2_FWD_g.2094.peg.1326-MONOMER_mod_zn2(1),0.0,-0.008049239751030201
NTD2_REV_g.2094.peg.1326-MONOMER_mod_cobalt2(1),0.0,0.00804560142607178
NTD2_FWD_g.2094.peg.1326-MONOMER_mod_cobalt2(1),0.0,-0.008049249544609463
NTD2_REV_g.2094.peg.3893-MONOMER,0.0,0.00804545395901923
NTD2_FWD_g.2094.peg.3893-MONOMER,0.0,-0.008049397011662015
NTD3_REV_g.2094.peg.1795-MONOMER,0.0,0.008046811366327448
NTD3_FWD_g.2094.peg.1795-MONOMER,0.0,-0.008049618168445863
NTD3_REV_g.2094.peg.1326-MONOMER_mod_zn2(1),0.0,0.008046400501697077
NTD3_FWD_g.2094.peg.1326-MONOMER_mod_zn2(1),0.0,-0.008050029033076235
NTD3_REV_g.2094.peg.1326-MONOMER_mod_cobalt2(1),0.0,0.008046390708117815
NTD3_FWD_g.2094.peg.1326-MONOMER_mod_cobalt2(1),0.0,-0.008050038826655498
NTD3_REV_g.2094.peg.3893-MONOMER,0.0,0.008046243241065263
NTD3_FWD_g.2094.peg.3893-MONOMER,0.0,-0.008050186293708048
NTD4_REV_g.2094.peg.1795-MONOMER,0.0,0.008046022084281415
NTD4_FWD_g.2094.peg.1795-MONOMER,0.0,-0.008048828886399828
NTD4_REV_g.2094.peg.1326-MONOMER_mod_zn2(1),0.0,0.008045611219651043
NTD4_FWD_g.2094.peg.1326-MONOMER_mod_zn2(1),0.0,-0.008049239751030201
NTD4_REV_g.2094.peg.1326-MONOMER_mod_cobalt2(1),0.0,0.00804560142607178
NTD4_FWD_g.2094.peg.1326-MONOMER_mod_cobalt2(1),0.0,-0.008049249544609463
NTD4_REV_g.2094.peg.3893-MONOMER,0.0,0.00804545395901923
NTD4_FWD_g.2094.peg.3893-MONOMER,0.0,-0.008049397011662015
NTD5_REV_g.2094.peg.1795-MONOMER,0.0,0.00332175311199984
NTD5_FWD_g.2094.peg.1795-MONOMER,0.0,-0.0033245599141182532
NTD5_REV_g.2094.peg.1326-MONOMER_mod_zn2(1),0.0,0.0033213422473694675
NTD5_FWD_g.2094.peg.1326-MONOMER_mod_zn2(1),0.0,-0.003324970778748626
NTD5_REV_g.2094.peg.1326-MONOMER_mod_cobalt2(1),0.0,0.0033213324537902053
NTD5_FWD_g.2094.peg.1326-MONOMER_mod_cobalt2(1),0.0,-0.003324980572327888
NTD5_REV_g.2094.peg.3893-MONOMER,0.0,0.003321184986737654
NTD5_FWD_g.2094.peg.3893-MONOMER,0.0,-0.0033251280393804396
NTD5_a_REV_g.2094.peg.1795-MONOMER,0.0,0.008043523127353389
NTD5_a_FWD_g.2094.peg.1795-MONOMER,0.0,-0.008046329929471801
NTD5_a_REV_g.2094.peg.1326-MONOMER_mod_zn2(1),0.0,0.008043112262723015
NTD5_a_FWD_g.2094.peg.1326-MONOMER_mod_zn2(1),0.0,-0.008046740794102175
NTD5_a_REV_g.2094.peg.1326-MONOMER_mod_cobalt2(1),0.0,0.008043102469143753
NTD5_a_FWD_g.2094.peg.1326-MONOMER_mod_cobalt2(1),0.0,-0.008046750587681437
NTD5_a_REV_g.2094.peg.3893-MONOMER,0.0,0.008042955002091201
NTD5_a_FWD_g.2094.peg.3893-MONOMER,0.0,-0.008046898054733988
NTD6_REV_g.2094.peg.1795-MONOMER,0.0,0.0020622468826851253
NTD6_FWD_g.2094.peg.1795-MONOMER,0.0,-0.0020650536848035384
NTD6_REV_g.2094.peg.1326-MONOMER_mod_zn2(1),0.0,0.0020618360180547526
NTD6_FWD_g.2094.peg.1326-MONOMER_mod_zn2(1),0.0,-0.002065464549433911
NTD6_REV_g.2094.peg.1326-MONOMER_mod_cobalt2(1),0.0,0.0020618262244754904
NTD6_FWD_g.2094.peg.1326-MONOMER_mod_cobalt2(1),0.0,-0.0020654743430131733
NTD6_REV_g.2094.peg.3893-MONOMER,0.0,0.002061678757422939
NTD6_FWD_g.2094.peg.3893-MONOMER,0.0,-0.0020656218100657247
NTD7_REV_g.2094.peg.1795-MONOMER,0.0,-1.308550477180233e-06
NTD7_FWD_g.2094.peg.1795-MONOMER,0.0,-1.4982516412328948e-06
NTD7_REV_g.2094.peg.1326-MONOMER_mod_zn2(1),0.0,-1.7194151075528962e-06
NTD7_FWD_g.2094.peg.1326-MONOMER_mod_zn2(1),0.0,-1.9091162716055577e-06
NTD7_REV_g.2094.peg.1326-MONOMER_mod_cobalt2(1),0.0,-1.729208686815169e-06
NTD7_FWD_g.2094.peg.1326-MONOMER_mod_cobalt2(1),0.0,-1.9189098508678305e-06
NTD7_REV_g.2094.peg.3893-MONOMER,0.0,-1.876675739366565e-06
NTD7_FWD_g.2094.peg.3893-MONOMER,0.0,-2.0663769034192267e-06
NTD8_REV_g.2094.peg.1795-MONOMER,0.0,0.008046811366327448
NTD8_FWD_g.2094.peg.1795-MONOMER,0.0,-0.008049618168445863
NTD8_REV_g.2094.peg.1326-MONOMER_mod_zn2(1),0.0,0.008046400501697077
NTD8_FWD_g.2094.peg.1326-MONOMER_mod_zn2(1),0.0,-0.008050029033076235
NTD8_REV_g.2094.peg.1326-MONOMER_mod_cobalt2(1),0.0,0.008046390708117815
NTD8_FWD_g.2094.peg.1326-MONOMER_mod_cobalt2(1),0.0,-0.008050038826655498
NTD8_REV_g.2094.peg.3893-MONOMER,0.0,0.008046243241065263
NTD8_FWD_g.2094.peg.3893-MONOMER,0.0,-0.008050186293708048
NTD9_REV_g.2094.peg.1795-MONOMER,0.0,0.00804749280409678
NTD9_FWD_g.2094.peg.1795-MONOMER,0.0,-0.008050299606215193
NTD9_REV_g.2094.peg.1326-MONOMER_mod_zn2(1),0.0,0.008047081939466407
NTD9_FWD_g.2094.peg.1326-MONOMER_mod_zn2(1),0.0,-0.008050710470845565
NTD9_REV_g.2094.peg.1326-MONOMER_mod_cobalt2(1),0.0,0.008047072145887145
NTD9_FWD_g.2094.peg.1326-MONOMER_mod_cobalt2(1),0.0,-0.008050720264424828
NTD9_REV_g.2094.peg.3893-MONOMER,0.0,0.008046924678834593
NTD9_FWD_g.2094.peg.3893-MONOMER,0.0,-0.008050867731477378
NTPTP1_REV_g.2094.peg.4009-MONOMER_mod_mg2(1),0.0,0.016093917010468705
NTPTP1_FWD_g.2094.peg.4009-MONOMER_mod_mg2(1),0.0,-0.016098423061234532
NTRARy_REV_g.2094.peg.4289-MONOMER,0.0,0.0071446995362858924
NTRARy_FWD_g.2094.peg.4289-MONOMER,0.0,-0.007150916045458796
NTRIR2x_REV_CPLX_dummy,0.0,-3.5850072839868364e-06
NTRIR2x_FWD_CPLX_dummy,2.0,-5.359383555739652e-35
NTRIR2y_REV_CPLX_dummy,0.0,3.1542618142007436e-06
NTRIR2y_FWD_CPLX_dummy,0.0,-6.73926909818758e-06
NTRIR5_REV_g.2094.peg.709-MONOMER,0.0,-2.835558023113835e-07
NTRIR5_FWD_g.2094.peg.709-MONOMER,0.0,-3.86856308629822e-06
O2t_REV_CPLX_dummy,0.0,-3.5850072839868364e-06
O2t_FWD_CPLX_dummy,0.0,5.979123556171334e-37
OAACLi_REV_g.2094.peg.2215-MONOMER,0.0,0.0053604610062125075
OAACLi_FWD_g.2094.peg.2215-MONOMER,0.0,-0.005365706653683207
OAASr_REV_527012.3.peg.4380-MONOMER,0.0,-5.2470390509234056e-06
OAASr_FWD_527012.3.peg.4380-MONOMER,1.0,-1.6740595539537844e-36
OBTFL_REV_g.2094.peg.115-MONOMER,0.0,-1.93602597094251e-06
OBTFL_FWD_g.2094.peg.115-MONOMER,0.11140526298375653,1.2141628278472168e-35
OBTFL_REV_g.2094.peg.1562-MONOMER_mod_glycyl(1),0.0,-2.984273140336577e-06
OBTFL_FWD_g.2094.peg.1562-MONOMER_mod_glycyl(1),0.0,-1.048247169394067e-06
OBTFL_REV_g.2094.peg.4158-MONOMER,0.0,-3.4318589875649702e-06
OBTFL_FWD_g.2094.peg.4158-MONOMER,0.0,-1.4958330166224604e-06
OBTFL_REV_g.2094.peg.1557-MONOMER_mod_glycyl(1),0.0,-3.535855547779232e-06
OBTFL_FWD_g.2094.peg.1557-MONOMER_mod_glycyl(1),0.0,-1.599829576836722e-06
OCBT_REV_g.2094.peg.4052-MONOMER,0.0,2.808658549722972e-36
OCBT_FWD_g.2094.peg.4052-MONOMER,0.0,-3.9819880545340655e-06
OCDCAt2_REV_g.2094.peg.3807-MONOMER,0.0,-5.563310469364056e-06
OCDCAt2_FWD_g.2094.peg.3807-MONOMER,0.03573007547605879,-2.359696462394105e-37
OHPBAT_REV_527012.3.peg.3750-MONOMER,0.0,-9.782113672151306e-36
OHPBAT_FWD_527012.3.peg.3750-MONOMER,0.0,-3.485067947826431e-06
OHPHM_REV_CPLX_dummy,0.0,0.3531029064347726
OHPHM_FWD_CPLX_dummy,0.0,-0.3531064914420566
OIVD1r_REV_CPLX_dummy,0.0,-3.5850072839868364e-06
OIVD1r_FWD_CPLX_dummy,0.03573007547605879,-4.4987431291737825e-36
OIVD2_REV_CPLX_dummy,0.0,-3.5850072839868364e-06
OIVD2_FWD_CPLX_dummy,-1.0443369607484695e-32,1.387432606660822e-35
OIVD3_REV_CPLX_dummy,0.0,-3.5850072839868364e-06
OIVD3_FWD_CPLX_dummy,0.03573007547605879,1.929289728017102e-36
OMBZLM_REV_CPLX_dummy,0.0,-3.5850072839868364e-06
OMBZLM_FWD_CPLX_dummy,2.266133363071226e-35,1.0171886205553438e-35
OMCDC_REV_g.2094.peg.4237-MONOMER_mod_mg2(1)_mod_mn2(1),0.0,-5.7320137617707455e-06
OMCDC_FWD_g.2094.peg.4237-MONOMER_mod_mg2(1)_mod_mn2(1),0.11964923693609215,1.3998958991705433e-36
OMMBLHX_REV_CPLX_dummy,0.0,-3.5850072839868364e-06
OMMBLHX_FWD_CPLX_dummy,2.266133363071226e-35,2.3215564005663642e-36
OMMBLHX3_REV_CPLX_dummy,0.0,0.0017964332584836506
OMMBLHX3_FWD_CPLX_dummy,0.0,-0.0018000182657676373
OMPDC_REV_527012.3.peg.2152-MONOMER,0.0,-4.9846096962074165e-06
OMPDC_FWD_527012.3.peg.2152-MONOMER,-1.7441541414805703e-34,1.0234106006095634e-35
OMPHHX_REV_CPLX_dummy,0.0,-3.5850072839868364e-06
OMPHHX_FWD_CPLX_dummy,2.266133363071226e-35,-1.6793250622378128e-36
OMPHHX3_REV_CPLX_dummy,0.0,0.0017964332584836506
OMPHHX3_FWD_CPLX_dummy,0.0,-0.0018000182657676373
OPHBDC_REV_CPLX_dummy,0.0,-3.5850072839868364e-06
OPHBDC_FWD_CPLX_dummy,-4.427726782563444e-24,-2.5118100801277085e-35
OPHHX_REV_CPLX_dummy,0.0,-3.5850072839868364e-06
OPHHX_FWD_CPLX_dummy,-4.427726782563444e-24,6.491532326351098e-35
OPHHX3_REV_CPLX_dummy,0.0,0.0017964332584836506
OPHHX3_FWD_CPLX_dummy,0.0,-0.0018000182657676373
ORNCD_REV_527012.3.peg.4194-MONOMER,0.0,0.0071415054338670935
ORNCD_FWD_527012.3.peg.4194-MONOMER,0.0,-0.007145223516372743
ORNDC_REV_g.2094.peg.4037-MONOMER_mod_pydx5p(1),0.0,-3.8679217026235696e-06
ORNDC_FWD_g.2094.peg.4037-MONOMER_mod_pydx5p(1),1.1189598242961478,1.5933782388553327e-37
ORNDC_REV_g.2094.peg.3836-MONOMER_mod_pydx5p(1),0.0,-4.964337522024995e-06
ORNDC_FWD_g.2094.peg.3836-MONOMER_mod_pydx5p(1),0.0,-1.0964158194014247e-06
ORNDC_REV_g.2094.peg.1939-MONOMER_mod_pydx5p(1),0.0,-4.14813452337899e-06
ORNDC_FWD_g.2094.peg.1939-MONOMER_mod_pydx5p(1),0.0,-2.8021282075541983e-07
ORNTAC_REV_527012.3.peg.3586-MONOMER_mod_zn2(1),0.0,-5.195128047292688e-06
ORNTAC_FWD_527012.3.peg.3586-MONOMER_mod_zn2(1),0.048712923843611214,-4.6445901537626596e-36
OROTPT_REV_527012.3.peg.3415-MONOMER_mod_mg2(1),0.0,-3.421688511105472e-06
OROTPT_FWD_527012.3.peg.3415-MONOMER_mod_mg2(1),-1.7441541414805703e-34,-3.165645001073925e-36
P1CM_REV_g.2094.peg.2480-MONOMER,0.0,-7.900549717093961e-08
P1CM_FWD_g.2094.peg.2480-MONOMER,0.0,-3.3260606473296316e-06
P1CM_REV_g.2094.peg.2633-MONOMER,1.1338333256766326e-25,1.3524470151023948e-36
P1CM_FWD_g.2094.peg.2633-MONOMER,0.0,-3.247055150158692e-06
P1CM_REV_g.2094.peg.4167-MONOMER,0.0,-1.2607640671281398e-06
P1CM_FWD_g.2094.peg.4167-MONOMER,0.0,-4.507819217286832e-06
P1CM_REV_g.2094.peg.288-MONOMER,0.0,1.3524470151023948e-36
P1CM_FWD_g.2094.peg.288-MONOMER,0.0,-3.247055150158692e-06
P5CD_REV_g.2094.peg.3536-MONOMER_mod_fad(1),0.0,0.0009167348813071089
P5CD_FWD_g.2094.peg.3536-MONOMER_mod_fad(1),0.0,-0.0009259154682005231
P5CRyr_REV_527012.3.peg.2319-MONOMER,0.0,-7.399159345222663e-06
P5CRyr_FWD_527012.3.peg.2319-MONOMER,1.9349688366808446e-24,-9.564540082042092e-36
PAAMOR_REV_g.2094.peg.4203-MONOMER,0.0,0.009846167104891319
PAAMOR_FWD_g.2094.peg.4203-MONOMER,0.0,-0.009850558391772842
PANTS_REV_527012.3.peg.612-MONOMER,0.0,-3.4165550115089342e-06
PANTS_FWD_527012.3.peg.612-MONOMER,0.0,4.082995375043798e-36
PAPPT2_REV_g.2094.peg.4177-MONOMER,0.0,-2.5780865347812934e-06
PAPPT2_FWD_g.2094.peg.4177-MONOMER,0.0,-5.739866445735648e-35
PAPPT3_REV_g.2094.peg.4177-MONOMER,0.0,-2.5780865347812934e-06
PAPPT3_FWD_g.2094.peg.4177-MONOMER,0.0,-2.0928144171177928e-35
PBt_REV_g.2094.peg.1251-MONOMER,0.0,-4.991052746396562e-06
PBt_FWD_g.2094.peg.1251-MONOMER,0.0,-1.1435911170520214e-06
PBt_REV_g.2094.peg.1368-MONOMER,0.0,-3.8474616293445404e-06
PBt_FWD_g.2094.peg.1368-MONOMER,0.0,4.346780591959805e-36
PBt_REV_g.2094.peg.1739-MONOMER,0.0,-5.559658239007104e-06
PBt_FWD_g.2094.peg.1739-MONOMER,0.0,-1.7121966096625638e-06
PC11M_REV_g.2094.peg.611-MONOMER,0.0,-2.694330695358557e-06
PC11M_FWD_g.2094.peg.611-MONOMER,0.0,-6.321926066319325e-37
PC11M_REV_g.2094.peg.3489-MONOMER,0.0,-2.694330695358557e-06
PC11M_FWD_g.2094.peg.3489-MONOMER,0.0,-6.321926066319325e-37
PC17M_REV_g.2094.peg.264-MONOMER,0.0,-2.2595102486770013e-06
PC17M_FWD_g.2094.peg.264-MONOMER,0.0,2.9570418545327682e-36
PC17M_REV_g.2094.peg.3772-MONOMER,0.0,-2.2595102486770013e-06
PC17M_FWD_g.2094.peg.3772-MONOMER,0.0,2.9570418545327682e-36
PC20M_REV_g.2094.peg.816-MONOMER,0.0,-2.6253366546156577e-06
PC20M_FWD_g.2094.peg.816-MONOMER,0.0,4.493014199129844e-36
PC20M_REV_g.2094.peg.3231-MONOMER,0.0,-2.6253366546156577e-06
PC20M_FWD_g.2094.peg.3231-MONOMER,0.0,4.493014199129844e-36
PC6AR_REV_g.2094.peg.235-MONOMER,0.0,-2.920679718508047e-06
PC6AR_FWD_g.2094.peg.235-MONOMER,0.0,3.431188747817934e-37
PC6AR_REV_g.2094.peg.3073-MONOMER,0.0,-2.920679718508047e-06
PC6AR_FWD_g.2094.peg.3073-MONOMER,0.0,3.431188747817934e-37
PC6YM_REV_g.2094.peg.3954-MONOMER,0.0,-2.4135034823890596e-06
PC6YM_FWD_g.2094.peg.3954-MONOMER,0.0,-1.0901077261033165e-35
PC6YM_REV_g.2094.peg.3521-MONOMER,0.0,-2.5934193177194945e-06
PC6YM_FWD_g.2094.peg.3521-MONOMER,0.0,-1.7991583533043474e-07
PC6YM_REV_g.2094.peg.656-MONOMER,0.0,-2.5934193177194945e-06
PC6YM_FWD_g.2094.peg.656-MONOMER,0.0,-1.7991583533043474e-07
PC6YM_REV_g.2094.peg.757-MONOMER,0.0,-2.4135034823890596e-06
PC6YM_FWD_g.2094.peg.757-MONOMER,0.0,-1.0901077261033165e-35
PC8XM_REV_g.2094.peg.190-MONOMER_mod_mg2(1),0.0,-3.6308651289449406e-06
PC8XM_FWD_g.2094.peg.190-MONOMER_mod_mg2(1),0.0,-1.344730510464787e-06
PC8XM_REV_g.2094.peg.3165-MONOMER,0.0,-2.2861346184801538e-06
PC8XM_FWD_g.2094.peg.3165-MONOMER,0.0,4.395956287016906e-37
PC8XM_REV_g.2094.peg.410-MONOMER,0.0,-2.2861346184801538e-06
PC8XM_FWD_g.2094.peg.410-MONOMER,0.0,4.380991329444083e-37
PDE1_REV_g.2094.peg.309-MONOMER,0.0,0.016094846200146652
PDE1_FWD_g.2094.peg.309-MONOMER,0.0,-0.016097649537291515
PDE1_REV_g.2094.peg.142-MONOMER,0.0,0.01609571386947207
PDE1_FWD_g.2094.peg.142-MONOMER,0.0,-0.016096781867966103
PDE1_REV_g.2094.peg.599-MONOMER,0.0,0.0160954644360018
PDE1_FWD_g.2094.peg.599-MONOMER,0.0,-0.016097031301436367
PDE4_REV_g.2094.peg.309-MONOMER,0.0,-1.9356678194474034e-06
PDE4_FWD_g.2094.peg.309-MONOMER,0.0,-8.67669325412838e-07
PDE4_REV_g.2094.peg.142-MONOMER,0.0,-1.0679984940345653e-06
PDE4_FWD_g.2094.peg.142-MONOMER,0.0,7.895804664424244e-37
PDE4_REV_g.2094.peg.599-MONOMER,0.0,-1.3174319642991608e-06
PDE4_FWD_g.2094.peg.599-MONOMER,0.0,-2.4943347026459564e-07
PDHa_REV_CPLX_dummy,0.0,0.0017822449523398796
PDHa_FWD_CPLX_dummy,0.0,-0.0017858299596238663
PDHbr_REV_g.2094.peg.4308-MONOMER,6.18379451581328e-23,-4.822058398240422e-36
PDHbr_FWD_g.2094.peg.4308-MONOMER,0.0,-5.113882224433255e-06
PDHc_REV_g.2094.peg.2637-MONOMER,0.0,-2.830734691282751e-06
PDHc_FWD_g.2094.peg.2637-MONOMER,0.0,-1.9709599763171917e-06
PDX5PO_REV_g.2094.peg.276-MONOMER,0.0,0.016079752197420784
PDX5PO_FWD_g.2094.peg.276-MONOMER,0.0,-0.016080903182648397
PDX5PO2_REV_527012.3.peg.1550-MONOMER_mod_fmn(1),0.0,0.001785407770057885
PDX5PO2_FWD_527012.3.peg.1550-MONOMER_mod_fmn(1),0.0,-0.0017880514692674503
PDX5PS_REV_527012.3.peg.1846-MONOMER,0.0,0.030908388855740997
PDX5PS_FWD_527012.3.peg.1846-MONOMER,0.0,-0.030913764955032258
PDX5PSYN_REV_g.2094.peg.201-MONOMER,0.0,0.030909572223659098
PDX5PSYN_FWD_g.2094.peg.201-MONOMER,0.0,-0.030912581587114157
PEPCK_REV_g.2094.peg.2215-MONOMER,0.0,0.005361687659868898
PEPCK_FWD_g.2094.peg.2215-MONOMER,0.0,-0.005366933307339598
PEPGLY_REV_g.2094.peg.4518-MONOMER,0.0,-7.063207488681749e-06
PEPGLY_FWD_g.2094.peg.4518-MONOMER,0.0,-1.4537661042632173e-08
PEPGLY_REV_g.2094.peg.2908-MONOMER,0.0,-7.048669827639117e-06
PEPGLY_FWD_g.2094.peg.2908-MONOMER,0.0,7.588733513052753e-36
PERD_REV_527012.3.peg.2600-MONOMER_mod_mg2(1),0.0,-6.147354339109455e-07
PERD_FWD_527012.3.peg.2600-MONOMER_mod_mg2(1),0.0,-3.939159403820385e-06
PERD_REV_527012.3.peg.2599-MONOMER,0.0,-8.528305338642228e-08
PERD_FWD_527012.3.peg.2599-MONOMER,0.0,-3.409707023295862e-06
PERD_REV_527012.3.peg.946-MONOMER,0.0,-3.7777599037353666e-07
PERD_FWD_527012.3.peg.946-MONOMER,0.0,-3.7021999602829765e-06
PERD_REV_527012.3.peg.2516-MONOMER,0.0,-8.528305338642228e-08
PERD_FWD_527012.3.peg.2516-MONOMER,0.0,-3.409707023295862e-06
PERD_REV_527012.3.peg.2969-MONOMER,7.745160341706021e-24,-1.1190785791580711e-35
PERD_FWD_527012.3.peg.2969-MONOMER,0.0,-3.3244239699094397e-06
PERD_REV_527012.3.peg.2291-MONOMER,0.0,-8.923923505442887e-07
PERD_FWD_527012.3.peg.2291-MONOMER,0.0,-4.216816320453728e-06
PERD_REV_527012.3.peg.2517-MONOMER,0.0,-2.575002914523311e-07
PERD_FWD_527012.3.peg.2517-MONOMER,0.0,-3.581924261361771e-06
PETHCT_REV_g.2094.peg.1652-MONOMER,0.0,-2.8383884641079432e-06
PETHCT_FWD_g.2094.peg.1652-MONOMER,0.0,-3.21922019902641e-36
PFK_REV_527012.3.peg.3560-MONOMER_mod_mg2(1),0.0,-6.045096987602143e-06
PFK_FWD_527012.3.peg.3560-MONOMER_mod_mg2(1),3.914313429753668,5.6050247182167266e-36
PFK_2_REV_g.2094.peg.581-MONOMER,0.0,-3.4466350596075763e-06
PFK_2_FWD_g.2094.peg.581-MONOMER,0.0,1.7187630899758027e-36
PFK_2_REV_g.2094.peg.2241-MONOMER_mod_mg2(1),0.0,-3.978427714987259e-06
PFK_2_FWD_g.2094.peg.2241-MONOMER_mod_mg2(1),0.0,-5.317926553796822e-07
PFK_2_REV_g.2094.peg.2413-MONOMER,0.0,-3.864125163646857e-06
PFK_2_FWD_g.2094.peg.2413-MONOMER,0.0,-4.174901040392808e-07
PFK_3_REV_g.2094.peg.2413-MONOMER,0.0,-4.281615267686138e-06
PFK_3_FWD_g.2094.peg.2413-MONOMER,1.1709245493867586,1.5383037859772274e-33
PFL_REV_g.2094.peg.115-MONOMER,0.0,-1.93602597094251e-06
PFL_FWD_g.2094.peg.115-MONOMER,16.864531481299277,1.0612702533520365e-36
PFL_REV_g.2094.peg.1655-MONOMER,0.0,-2.2593055499930515e-06
PFL_FWD_g.2094.peg.1655-MONOMER,0.0,-3.2327957905054153e-07
PFL_REV_g.2094.peg.1557-MONOMER_mod_glycyl(1),0.0,-3.535855547779232e-06
PFL_FWD_g.2094.peg.1557-MONOMER_mod_glycyl(1),0.0,-1.599829576836722e-06
PFL_REV_g.2094.peg.4158-MONOMER,0.0,-3.4318589875649702e-06
PFL_FWD_g.2094.peg.4158-MONOMER,0.0,-1.4958330166224604e-06
PFL_REV_g.2094.peg.4015-MONOMER,0.0,-2.321361340246049e-06
PFL_FWD_g.2094.peg.4015-MONOMER,0.0,-3.853353693035389e-07
PFL_REV_g.2094.peg.1562-MONOMER_mod_glycyl(1),0.0,-2.984273140336577e-06
PFL_FWD_g.2094.peg.1562-MONOMER_mod_glycyl(1),0.0,-1.048247169394067e-06
PGAMT_REV_527012.3.peg.773-MONOMER,0.0,-5.187245898888516e-06
PGAMT_FWD_527012.3.peg.773-MONOMER,0.0,-2.3230419644297462e-36
PGCDr_REV_527012.3.peg.2600-MONOMER_mod_mg2(1),0.0,-4.0244424572068075e-06
PGCDr_FWD_527012.3.peg.2600-MONOMER_mod_mg2(1),0.0,-5.294523805245232e-07
PGCDr_REV_527012.3.peg.2599-MONOMER,0.0,-3.494990076682284e-06
PGCDr_FWD_527012.3.peg.2599-MONOMER,7.745160341706021e-24,2.503674461799094e-35
PGCDr_REV_527012.3.peg.946-MONOMER,0.0,-3.787483013669399e-06
PGCDr_FWD_527012.3.peg.946-MONOMER,0.0,-2.9249293698711436e-07
PGCDr_REV_527012.3.peg.2516-MONOMER,0.0,-3.494990076682284e-06
PGCDr_FWD_527012.3.peg.2516-MONOMER,0.0,2.503674461799094e-35
PGCDr_REV_527012.3.peg.2291-MONOMER,0.0,-4.302099373840151e-06
PGCDr_FWD_527012.3.peg.2291-MONOMER,0.0,-8.071092971578664e-07
PGCDr_REV_527012.3.peg.2517-MONOMER,0.0,-3.6672073147481934e-06
PGCDr_FWD_527012.3.peg.2517-MONOMER,0.0,-1.7221723806590885e-07
PGI_REV_527012.3.peg.3214-MONOMER,0.0,-4.166614025906037e-06
PGI_FWD_527012.3.peg.3214-MONOMER,0.46899644894982007,2.22933359429963e-36
PGK_REV_527012.3.peg.2298-MONOMER,13.83083420769069,7.115933965145929e-36
PGK_FWD_527012.3.peg.2298-MONOMER,0.0,-5.24070949997264e-06
PGL_REV_527012.3.peg.2927-MONOMER,0.0,0.007734208331415869
PGL_FWD_527012.3.peg.2927-MONOMER,0.0,-0.007737285640283963
PGLYCP_REV_g.2094.peg.2736-MONOMER_mod_mg2(1)_mod_cl(1),0.0,-2.6126552939307197e-06
PGLYCP_FWD_g.2094.peg.2736-MONOMER_mod_mg2(1)_mod_cl(1),0.0,8.107992097243118e-37
PGM_REV_527012.3.peg.941-MONOMER,0.0,-4.6654030898092186e-07
PGM_FWD_527012.3.peg.941-MONOMER,0.0,-3.9284239255288355e-06
PGM_REV_527012.3.peg.3435-MONOMER_mod_mn2(1),0.0,-4.561293115803315e-08
PGM_FWD_527012.3.peg.3435-MONOMER_mod_mn2(1),0.0,-3.5074965477059466e-06
PGM_REV_527012.3.peg.2942-MONOMER_mod_23bpg(1),0.0,5.721350489888816e-37
PGM_FWD_527012.3.peg.2942-MONOMER_mod_23bpg(1),0.0,-3.4618836165479135e-06
PGM_REV_527012.3.peg.3436-MONOMER,13.83083420769069,1.0148335273037742e-37
PGM_FWD_527012.3.peg.3436-MONOMER,0.0,-3.4618836165479135e-06
PGMT_REV_g.2094.peg.190-MONOMER_mod_mg2(1),0.0,-4.975595639409728e-06
PGMT_FWD_g.2094.peg.190-MONOMER_mod_mg2(1),0.09653198894982003,4.710093681114133e-36
PGPP120_REV_g.2094.peg.1789-MONOMER,0.0,-1.5094026948275314e-06
PGPP120_FWD_g.2094.peg.1789-MONOMER,0.0,-4.37457342993104e-07
PGPP120_REV_g.2094.peg.3740-MONOMER_mod_mg2(1),0.0,-1.0719453518344275e-06
PGPP120_FWD_g.2094.peg.3740-MONOMER_mod_mg2(1),0.0,3.0248625125561237e-37
PGPP140_REV_g.2094.peg.1789-MONOMER,0.0,-1.5094026948275314e-06
PGPP140_FWD_g.2094.peg.1789-MONOMER,0.0,-4.37457342993104e-07
PGPP140_REV_g.2094.peg.3740-MONOMER_mod_mg2(1),0.0,-1.0719453518344275e-06
PGPP140_FWD_g.2094.peg.3740-MONOMER_mod_mg2(1),0.0,9.383516272591989e-37
PGPP141_REV_g.2094.peg.1789-MONOMER,0.0,-1.5094026948275314e-06
PGPP141_FWD_g.2094.peg.1789-MONOMER,0.0,-4.37457342993104e-07
PGPP141_REV_g.2094.peg.3740-MONOMER_mod_mg2(1),0.0,-1.0719453518344275e-06
PGPP141_FWD_g.2094.peg.3740-MONOMER_mod_mg2(1),0.0,-3.333791247479741e-37
PGPP160_REV_g.2094.peg.1789-MONOMER,0.0,-1.5094026948275314e-06
PGPP160_FWD_g.2094.peg.1789-MONOMER,0.0,-4.37457342993104e-07
PGPP160_REV_g.2094.peg.3740-MONOMER_mod_mg2(1),0.0,-1.0719453518344275e-06
PGPP160_FWD_g.2094.peg.3740-MONOMER_mod_mg2(1),0.0,9.383516272591989e-37
PGPP161_REV_g.2094.peg.1789-MONOMER,0.0,-1.5094026948275314e-06
PGPP161_FWD_g.2094.peg.1789-MONOMER,0.0,-4.37457342993104e-07
PGPP161_REV_g.2094.peg.3740-MONOMER_mod_mg2(1),0.0,-1.0719453518344275e-06
PGPP161_FWD_g.2094.peg.3740-MONOMER_mod_mg2(1),0.0,-3.333791247479741e-37
PGPP180_REV_g.2094.peg.1789-MONOMER,0.0,-1.5094026948275314e-06
PGPP180_FWD_g.2094.peg.1789-MONOMER,0.0,-4.37457342993104e-07
PGPP180_REV_g.2094.peg.3740-MONOMER_mod_mg2(1),0.0,-1.0719453518344275e-06
PGPP180_FWD_g.2094.peg.3740-MONOMER_mod_mg2(1),0.013398778303522046,3.0248625125561237e-37
PGPP181_REV_g.2094.peg.1789-MONOMER,0.0,-1.5094026948275314e-06
PGPP181_FWD_g.2094.peg.1789-MONOMER,0.0,-4.37457342993104e-07
PGPP181_REV_g.2094.peg.3740-MONOMER_mod_mg2(1),0.0,-1.0719453518344275e-06
PGPP181_FWD_g.2094.peg.3740-MONOMER_mod_mg2(1),0.0,-3.333791247479741e-37
PGPPAI15_REV_g.2094.peg.1789-MONOMER,0.0,-1.5094026948275314e-06
PGPPAI15_FWD_g.2094.peg.1789-MONOMER,0.0,-4.37457342993104e-07
PGPPAI15_REV_g.2094.peg.3740-MONOMER_mod_mg2(1),0.0,-1.0719453518344275e-06
PGPPAI15_FWD_g.2094.peg.3740-MONOMER_mod_mg2(1),0.0,3.0248625125561237e-37
PGPPAI17_REV_g.2094.peg.1789-MONOMER,0.0,-1.5094026948275314e-06
PGPPAI17_FWD_g.2094.peg.1789-MONOMER,0.0,-4.37457342993104e-07
PGPPAI17_REV_g.2094.peg.3740-MONOMER_mod_mg2(1),0.0,-1.0719453518344275e-06
PGPPAI17_FWD_g.2094.peg.3740-MONOMER_mod_mg2(1),0.013398778303522046,1.0476332267312996e-35
PGPPI14_REV_g.2094.peg.1789-MONOMER,0.0,-1.5094026948275314e-06
PGPPI14_FWD_g.2094.peg.1789-MONOMER,0.0,-4.37457342993104e-07
PGPPI14_REV_g.2094.peg.3740-MONOMER_mod_mg2(1),0.0,-1.0719453518344275e-06
PGPPI14_FWD_g.2094.peg.3740-MONOMER_mod_mg2(1),0.0,9.383516272591989e-37
PGPPI15_REV_g.2094.peg.1789-MONOMER,0.0,-1.5094026948275314e-06
PGPPI15_FWD_g.2094.peg.1789-MONOMER,0.0,-4.37457342993104e-07
PGPPI15_REV_g.2094.peg.3740-MONOMER_mod_mg2(1),0.0,-1.0719453518344275e-06
PGPPI15_FWD_g.2094.peg.3740-MONOMER_mod_mg2(1),0.0,1.0476332267312996e-35
PGPPI16_REV_g.2094.peg.1789-MONOMER,0.0,-1.5094026948275314e-06
PGPPI16_FWD_g.2094.peg.1789-MONOMER,0.0,-4.37457342993104e-07
PGPPI16_REV_g.2094.peg.3740-MONOMER_mod_mg2(1),0.0,-1.0719453518344275e-06
PGPPI16_FWD_g.2094.peg.3740-MONOMER_mod_mg2(1),0.0,9.383516272591989e-37
PGPPI17_REV_g.2094.peg.1789-MONOMER,0.0,-1.5094026948275314e-06
PGPPI17_FWD_g.2094.peg.1789-MONOMER,0.0,-4.37457342993104e-07
PGPPI17_REV_g.2094.peg.3740-MONOMER_mod_mg2(1),0.0,-1.0719453518344275e-06
PGPPI17_FWD_g.2094.peg.3740-MONOMER_mod_mg2(1),0.013398778303522046,-9.871359764801771e-36
PGSA120_REV_g.2094.peg.3693-MONOMER_mod_mg2(1),0.0,-1.3096916218904713e-06
PGSA120_FWD_g.2094.peg.3693-MONOMER_mod_mg2(1),0.0,-1.5724329340537509e-35
PGSA140_REV_g.2094.peg.3693-MONOMER_mod_mg2(1),0.0,-1.3096916218904713e-06
PGSA140_FWD_g.2094.peg.3693-MONOMER_mod_mg2(1),0.0,-4.693937315144582e-36
PGSA141_REV_g.2094.peg.3693-MONOMER_mod_mg2(1),0.0,-1.3096916218904713e-06
PGSA141_FWD_g.2094.peg.3693-MONOMER_mod_mg2(1),3.1450702005349423e-43,-5.0878798874800435e-36
PGSA160_REV_g.2094.peg.3693-MONOMER_mod_mg2(1),0.0,-1.3096916218904713e-06
PGSA160_FWD_g.2094.peg.3693-MONOMER_mod_mg2(1),0.0,-4.693937315144582e-36
PGSA161_REV_g.2094.peg.3693-MONOMER_mod_mg2(1),0.0,-1.3096916218904713e-06
PGSA161_FWD_g.2094.peg.3693-MONOMER_mod_mg2(1),3.1790324709440092e-24,-5.0878798874800435e-36
PGSA180_REV_g.2094.peg.3693-MONOMER_mod_mg2(1),0.0,-1.3096916218904713e-06
PGSA180_FWD_g.2094.peg.3693-MONOMER_mod_mg2(1),0.013398778303522046,-1.5724329340537509e-35
PGSA181_REV_g.2094.peg.3693-MONOMER_mod_mg2(1),0.0,-1.3096916218904713e-06
PGSA181_FWD_g.2094.peg.3693-MONOMER_mod_mg2(1),3.1790324707667454e-24,-5.0878798874800435e-36
PGSAAI15_REV_g.2094.peg.3693-MONOMER_mod_mg2(1),0.0,-1.3096916218904713e-06
PGSAAI15_FWD_g.2094.peg.3693-MONOMER_mod_mg2(1),0.0,-2.833049165527228e-35
PGSAAI17_REV_g.2094.peg.3693-MONOMER_mod_mg2(1),0.0,-1.3096916218904713e-06
PGSAAI17_FWD_g.2094.peg.3693-MONOMER_mod_mg2(1),0.013398778303522046,-2.833049165527228e-35
PGSAI14_REV_g.2094.peg.3693-MONOMER_mod_mg2(1),0.0,-1.3096916218904713e-06
PGSAI14_FWD_g.2094.peg.3693-MONOMER_mod_mg2(1),0.0,-4.693937315144582e-36
PGSAI15_REV_g.2094.peg.3693-MONOMER_mod_mg2(1),0.0,-1.3096916218904713e-06
PGSAI15_FWD_g.2094.peg.3693-MONOMER_mod_mg2(1),0.0,-2.833049165527228e-35
PGSAI16_REV_g.2094.peg.3693-MONOMER_mod_mg2(1),0.0,-1.3096916218904713e-06
PGSAI16_FWD_g.2094.peg.3693-MONOMER_mod_mg2(1),0.0,-4.693937315144582e-36
PGSAI17_REV_g.2094.peg.3693-MONOMER_mod_mg2(1),0.0,-1.3096916218904713e-06
PGSAI17_FWD_g.2094.peg.3693-MONOMER_mod_mg2(1),0.013398778303522046,-1.5724329340537509e-35
PHETA1_REV_527012.3.peg.350-MONOMER,0.0,-4.598834942622306e-06
PHETA1_FWD_527012.3.peg.350-MONOMER,1.1982280838807112e-22,4.92686338841529e-36
PHETA1_REV_527012.3.peg.83-MONOMER,0.0,-4.598834942622306e-06
PHETA1_FWD_527012.3.peg.83-MONOMER,0.0,4.927351389939499e-36
PHEt2r_REV_g.2094.peg.552-MONOMER,0.0,-3.2887301296614174e-06
PHEt2r_FWD_g.2094.peg.552-MONOMER,0.0,-2.2030873173347407e-08
PHEt2r_REV_g.2094.peg.4562-MONOMER,0.0,-3.26669925648807e-06
PHEt2r_FWD_g.2094.peg.4562-MONOMER,0.09361977740125793,2.8396658417609656e-37
PHTHRDH_REV_g.2094.peg.3036-MONOMER,0.0,-1.4479243897848344e-35
PHTHRDH_FWD_g.2094.peg.3036-MONOMER,0.0,-2.9305811442428627e-06
PHYCBOXL_REV_g.2094.peg.2789-MONOMER_mod_mg2(1),0.0,-7.562285475758723e-06
PHYCBOXL_FWD_g.2094.peg.2789-MONOMER_mod_mg2(1),0.0,-3.4826172610680134e-37
PHYQS_REV_g.2094.peg.1796-MONOMER,0.0,-3.0318289608523456e-36
PHYQS_FWD_g.2094.peg.1796-MONOMER,0.0,-2.8995259081630016e-06
PIabc_REV_CPLX_PIabc-10,0.0,0.004468703123827974
PIabc_FWD_CPLX_PIabc-10,0.0,-0.004472387757176563
PIabc_REV_CPLX_PIabc-13,0.0,0.004468673168361964
PIabc_FWD_CPLX_PIabc-13,0.0,-0.004472417712642573
PIabc_REV_CPLX_PIabc-4,0.0,0.0044680070011721695
PIabc_FWD_CPLX_PIabc-4,0.0,-0.004473083879832368
PIabc_REV_CPLX_PIabc-6,0.0,0.004467985907523144
PIabc_FWD_CPLX_PIabc-6,0.0,-0.004473104973481393
PIabc_REV_CPLX_PIabc-7,0.0,0.0044679722163763775
PIabc_FWD_CPLX_PIabc-7,0.0,-0.0044731186646281606
PIabc_REV_CPLX_PIabc-15,0.0,0.004468643642601218
PIabc_FWD_CPLX_PIabc-15,0.0,-0.004472447238403319
PIabc_REV_CPLX_PIabc-3,0.0,0.004467938188998621
PIabc_FWD_CPLX_PIabc-3,0.0,-0.004473152692005916
PIabc_REV_CPLX_PIabc-8,0.0,0.004468737339238196
PIabc_FWD_CPLX_PIabc-8,0.0,-0.004472353541766341
PIabc_REV_CPLX_PIabc-1,0.0,0.004467960634224284
PIabc_FWD_CPLX_PIabc-1,0.0,-0.004473130246780253
PIabc_REV_CPLX_PIabc-0,0.0,0.004467975203068533
PIabc_FWD_CPLX_PIabc-0,0.0,-0.004473115677936005
PIabc_REV_CPLX_PIabc-11,0.0,0.004468679398883375
PIabc_FWD_CPLX_PIabc-11,0.0,-0.004472411482121162
PIabc_REV_CPLX_PIabc-12,0.0,0.004468694500339237
PIabc_FWD_CPLX_PIabc-12,0.0,-0.0044723963806653005
PIabc_REV_CPLX_PIabc-5,0.0,0.004467993120981758
PIabc_FWD_CPLX_PIabc-5,0.0,-0.00447309776002278
PIabc_REV_CPLX_PIabc-2,0.0,0.004467952528851078
PIabc_FWD_CPLX_PIabc-2,0.0,-0.004473138352153459
PIabc_REV_CPLX_PIabc-9,0.0,0.004468660039613264
PIabc_FWD_CPLX_PIabc-9,0.0,-0.004472430841391274
PIabc_REV_CPLX_PIabc-14,0.0,0.004468664593789436
PIabc_FWD_CPLX_PIabc-14,0.0,-0.004472426287215101
PIt6b_REV_g.2094.peg.4593-MONOMER,0.0,-4.830906255472906e-06
PIt6b_FWD_g.2094.peg.4593-MONOMER,0.0,-2.7692883027575827e-08
PIt6b_REV_g.2094.peg.1492-MONOMER,0.0,-4.803213372445331e-06
PIt6b_FWD_g.2094.peg.1492-MONOMER,1.0,-1.3874161474358632e-37
PIt7ir_REV_g.2094.peg.2059-MONOMER,0.0,0.007150515271331412
PIt7ir_FWD_g.2094.peg.2059-MONOMER,0.0,-0.00715471294905917
PMACPME_REV_527012.3.peg.4312-MONOMER,0.0,-2.317289795328258e-06
PMACPME_FWD_527012.3.peg.4312-MONOMER,0.0,-1.727472456904358e-35
PMANM_REV_g.2094.peg.1948-MONOMER,0.0,-1.9783151563674023e-06
PMANM_FWD_g.2094.peg.1948-MONOMER,0.0,-5.438319103566287e-36
PMDPHT_REV_CPLX_dummy,0.0,-3.5850072839868364e-06
PMDPHT_FWD_CPLX_dummy,0.0025977683196358116,3.961445300707688e-36
PMPK_REV_527012.3.peg.2633-MONOMER,0.0,-4.61726404703198e-06
PMPK_FWD_527012.3.peg.2633-MONOMER,0.0,1.6014696611114567e-35
PMTCOATA_REV_g.2094.peg.638-MONOMER,0.0,-1.7539234721190838e-06
PMTCOATA_FWD_g.2094.peg.638-MONOMER,0.0,-9.404636031905287e-36
PMTCOATA_REV_g.2094.peg.342-MONOMER,0.0,-4.513648010602962e-06
PMTCOATA_FWD_g.2094.peg.342-MONOMER,0.0,-2.7597245384838776e-06
PMTCOATA_REV_g.2094.peg.697-MONOMER,0.0,-2.530930964991306e-06
PMTCOATA_FWD_g.2094.peg.697-MONOMER,0.0,-7.770074928722221e-07
PMTCOATA_REV_g.2094.peg.407-MONOMER,0.0,-4.1300306616381305e-06
PMTCOATA_FWD_g.2094.peg.407-MONOMER,0.0,-2.376107189519047e-06
PMTCOATA_REV_g.2094.peg.3940-MONOMER,0.0,-4.1300306616381305e-06
PMTCOATA_FWD_g.2094.peg.3940-MONOMER,0.0,-2.376107189519047e-06
PMTCOATA_REV_g.2094.peg.483-MONOMER,0.0,-3.1621164707687417e-06
PMTCOATA_FWD_g.2094.peg.483-MONOMER,0.0,-1.4081929986496577e-06
PMTCOATA_REV_g.2094.peg.3050-MONOMER,0.0,-1.7539234721190838e-06
PMTCOATA_FWD_g.2094.peg.3050-MONOMER,0.0,-9.407921768761737e-36
PMTCOATA_REV_g.2094.peg.3616-MONOMER,0.0,-3.1621164707687417e-06
PMTCOATA_FWD_g.2094.peg.3616-MONOMER,0.0,-1.4081929986496577e-06
PMTCOATA_REV_g.2094.peg.3146-MONOMER,0.0,-4.513648010602962e-06
PMTCOATA_FWD_g.2094.peg.3146-MONOMER,0.0,-2.7597245384838776e-06
PNP_REV_g.2094.peg.363-MONOMER,0.0,-3.452137157249797e-06
PNP_FWD_g.2094.peg.363-MONOMER,0.9987008686875463,-1.336784482265269e-35
PNP_REV_g.2094.peg.4159-MONOMER,0.0,-4.913859069947684e-06
PNP_FWD_g.2094.peg.4159-MONOMER,0.0,-1.4617219126978874e-06
PNTEH_REV_g.2094.peg.1798-MONOMER,0.0,-3.799007171728452e-06
PNTEH_FWD_g.2094.peg.1798-MONOMER,0.0,-5.312298697255016e-37
PNTK_REV_527012.3.peg.4439-MONOMER_mod_mg2(1),0.0,-3.3032857756242823e-06
PNTK_FWD_527012.3.peg.4439-MONOMER_mod_mg2(1),0.0013010998444591907,5.059977252099323e-36
PNTOt4_REV_g.2094.peg.3888-MONOMER,0.0,-4.672784502821342e-06
PNTOt4_FWD_g.2094.peg.3888-MONOMER,0.0013010998444591907,-5.164159188835524e-37
POR4_REV_g.2094.peg.286-MONOMER_mod_thmpp(1),0.0,5.8819621791808144e-36
POR4_FWD_g.2094.peg.286-MONOMER_mod_thmpp(1),0.0,-6.504983343499051e-06
POX_REV_g.2094.peg.232-MONOMER_mod_mg2(1)_mod_thmpp(1)_mod_fad(1),0.0,0.009821199195414788
POX_FWD_g.2094.peg.232-MONOMER_mod_mg2(1)_mod_thmpp(1)_mod_fad(1),0.0,-0.009828809679574139
PPA_REV_g.2094.peg.4212-MONOMER_mod_mg2(1),0.0,-3.483684798466529e-06
PPA_FWD_g.2094.peg.4212-MONOMER_mod_mg2(1),1.1482927598475674,-5.035772178807873e-37
PPA2_REV_CPLX_dummy,0.0,0.00804728284502376
PPA2_FWD_CPLX_dummy,0.0,-0.008050867852307747
PPAKr_REV_g.2094.peg.1467-MONOMER,0.0,-4.917548719101594e-06
PPAKr_FWD_g.2094.peg.1467-MONOMER,0.0,-2.0059050625810394e-07
PPAKr_REV_g.2094.peg.693-MONOMER,0.0,-4.71695821284349e-06
PPAKr_FWD_g.2094.peg.693-MONOMER,0.0,-3.6785981338905153e-35
PPAKr_REV_g.2094.peg.2777-MONOMER,0.0,-4.71695821284349e-06
PPAKr_FWD_g.2094.peg.2777-MONOMER,0.11140526298375653,-3.6794126337540986e-35
PPAKr_REV_g.2094.peg.2222-MONOMER_mod_mg2(1),0.0,-5.0792253161789776e-06
PPAKr_FWD_g.2094.peg.2222-MONOMER_mod_mg2(1),0.0,-3.6226710333548736e-07
PPAt2_REV_CPLX_dummy,0.0,0.0035698902092721843
PPAt2_FWD_CPLX_dummy,0.0,-0.003573475216556171
PPAt2i_REV_CPLX_dummy,0.0,-3.76341863255448e-37
PPAt2i_FWD_CPLX_dummy,0.0,-3.5850072839868364e-06
PPAt2r_REV_CPLX_dummy,0.0,-3.5850072839868364e-06
PPAt2r_FWD_CPLX_dummy,0.11140526298375653,-5.430152163082359e-37
PPBNGS_REV_g.2094.peg.1050-MONOMER_mod_zn2(1),0.0,-4.527298401272542e-06
PPBNGS_FWD_g.2094.peg.1050-MONOMER_mod_zn2(1),-3.118652862308306e-42,3.266000708333232e-36
PPC_REV_g.2094.peg.2789-MONOMER_mod_mg2(1),0.0,0.0026795572910589256
PPC_FWD_g.2094.peg.2789-MONOMER_mod_mg2(1),0.0,-0.0026871195765346845
PPCDC_REV_527012.3.peg.3418-MONOMER_mod_mg2(1),0.0,-9.991411022009745e-06
PPCDC_FWD_527012.3.peg.3418-MONOMER_mod_mg2(1),0.0,-1.4667830456008935e-08
PPCDC_REV_527012.3.peg.3418-MONOMER_mod_fmn(1),0.0,-9.976743191553736e-06
PPCDC_FWD_527012.3.peg.3418-MONOMER_mod_fmn(1),0.0013010998444591907,3.515733821562041e-36
PPCK_REV_527012.3.peg.4322-MONOMER_mod_ca2(1),0.0,0.005361089993089201
PPCK_FWD_527012.3.peg.4322-MONOMER_mod_ca2(1),0.0,-0.005365077666806514
PPCK_REV_527012.3.peg.4322-MONOMER_mod_mn2(1),0.0,0.005361087482092719
PPCK_FWD_527012.3.peg.4322-MONOMER_mod_mn2(1),0.0,-0.005365080177802996
PPCK_REV_527012.3.peg.4322-MONOMER_mod_mg2(1),0.0,0.005361079604455398
PPCK_FWD_527012.3.peg.4322-MONOMER_mod_mg2(1),0.0,-0.005365088055440316
PPGPPDP_REV_g.2094.peg.2454-MONOMER_mod_mn2(1),0.0,0.02414632213544145
PPGPPDP_FWD_g.2094.peg.2454-MONOMER_mod_mn2(1),0.0,-0.024150820097745166
PPIt2e_REV_g.2094.peg.4593-MONOMER,0.0,-4.830906255472906e-06
PPIt2e_FWD_g.2094.peg.4593-MONOMER,0.0,-2.7692883027575827e-08
PPIt2e_REV_g.2094.peg.1492-MONOMER,0.0,-4.803213372445331e-06
PPIt2e_FWD_g.2094.peg.1492-MONOMER,1.8535085240831777,3.79261758274753e-36
PPM_REV_g.2094.peg.4084-MONOMER_mod_mn2(1),0.0,-4.217048246167935e-06
PPM_FWD_g.2094.peg.4084-MONOMER_mod_mn2(1),1.990191026165072,3.746191672811362e-36
PPNCL3_REV_527012.3.peg.3418-MONOMER_mod_mg2(1),0.0,-9.768587493094707e-06
PPNCL3_FWD_527012.3.peg.3418-MONOMER_mod_mg2(1),0.0,-2.3749135937104752e-07
PPNCL3_REV_527012.3.peg.3418-MONOMER_mod_fmn(1),0.0,-9.753919662638698e-06
PPNCL3_FWD_527012.3.peg.3418-MONOMER_mod_fmn(1),0.0,-2.228235289150386e-07
PPND_REV_527012.3.peg.4492-MONOMER,0.0,-1.4150873836459919e-06
PPND_FWD_527012.3.peg.4492-MONOMER,0.0,-2.5628772492750308e-06
PPND2_REV_g.2094.peg.3100-MONOMER,0.0,-3.3450561998293477e-06
PPND2_FWD_g.2094.peg.3100-MONOMER,4.583733915806223e-23,-4.369972397011136e-36
PPNDH_REV_527012.3.peg.695-MONOMER,0.0,0.0008763240762073547
PPNDH_FWD_527012.3.peg.695-MONOMER,0.0,-0.0008791103741245738
PPNDH_REV_527012.3.peg.4493-MONOMER,0.0,0.0008754733646385963
PPNDH_FWD_527012.3.peg.4493-MONOMER,0.0,-0.0008799610856933322
PPPGO3_REV_g.2094.peg.1747-MONOMER,0.0,-2.033929063189836e-06
PPPGO3_FWD_g.2094.peg.1747-MONOMER,1.1338333256766326e-25,-7.252177529193417e-36
PPPNDO_REV_g.2094.peg.1085-MONOMER,0.0,-6.194944740490703e-07
PPPNDO_FWD_g.2094.peg.1085-MONOMER,0.0,1.8848373594657687e-35
PPPNt2r_REV_g.2094.peg.637-MONOMER,0.0,-7.84357875444205e-38
PPPNt2r_FWD_g.2094.peg.637-MONOMER,0.0,-3.634490508551058e-06
PPS_REV_g.2094.peg.3056-MONOMER_mod_mg2(1),0.0,0.008048692305374064
PPS_FWD_g.2094.peg.3056-MONOMER_mod_mg2(1),0.0,-0.00805469133617475
PPTT_REV_g.2094.peg.4705-MONOMER_mod_mg2(1),0.0,-5.415720458469001e-06
PPTT_FWD_g.2094.peg.4705-MONOMER_mod_mg2(1),0.0025976281628384682,4.92311303173713e-36
PRAGS_REV_527012.3.peg.4663-MONOMER_mod_mg2(1),0.0,-3.5465814067900875e-06
PRAGS_FWD_527012.3.peg.4663-MONOMER_mod_mg2(1),0.0,3.689469867001759e-35
PRAI_REV_527012.3.peg.2187-MONOMER,0.0,-3.596272069761744e-06
PRAI_FWD_527012.3.peg.2187-MONOMER,0.0,-4.622546312946477e-37
PRAIS_REV_527012.3.peg.2667-MONOMER_mod_k(1)_mod_mg2(1),0.0,-3.939807158331619e-06
PRAIS_FWD_527012.3.peg.2667-MONOMER_mod_k(1)_mod_mg2(1),0.0,-4.521568510648864e-36
PRAMPC_REV_g.2094.peg.4694-MONOMER,0.0,-3.0784824687853276e-06
PRAMPC_FWD_g.2094.peg.4694-MONOMER,0.0,1.3494494907914295e-35
PRAMPC_REV_g.2094.peg.2614-MONOMER,0.0,-3.0784824687853276e-06
PRAMPC_FWD_g.2094.peg.2614-MONOMER,0.0,1.3494494907914295e-35
PRAMPC_REV_CPLX_PRAMPC-0,0.0,-3.3697178620379914e-06
PRAMPC_FWD_CPLX_PRAMPC-0,0.0,-2.912353932526639e-07
PRASCSi_REV_527012.3.peg.4616-MONOMER,0.0,0.07951903442837353
PRASCSi_FWD_527012.3.peg.4616-MONOMER,0.0,-0.07952280307538911
PRATPP_REV_g.2094.peg.4694-MONOMER,0.0,-3.0784824687853276e-06
PRATPP_FWD_g.2094.peg.4694-MONOMER,0.0,4.928370538481831e-36
PRATPP_REV_g.2094.peg.2614-MONOMER,0.0,-3.0784824687853276e-06
PRATPP_FWD_g.2094.peg.2614-MONOMER,0.0,4.928370538481831e-36
PRATPP_REV_CPLX_PRAMPC-0,0.0,-3.3697178620379914e-06
PRATPP_FWD_CPLX_PRAMPC-0,0.0,-2.912353932526639e-07
PRDX_REV_g.2094.peg.4223-MONOMER_mod_hemed(6),0.0,-3.087234600939278e-06
PRDX_FWD_g.2094.peg.4223-MONOMER_mod_hemed(6),0.0,-3.2478585201325704e-36
PRFGS_REV_527012.3.peg.1856-MONOMER_mod_mg2(1),0.0,-6.621385430822503e-06
PRFGS_FWD_527012.3.peg.1856-MONOMER_mod_mg2(1),0.0,1.1928711839637367e-35
PRKIN_REV_g.2094.peg.4169-MONOMER_mod_cobalt2(1),0.0,-7.667891655313283e-09
PRKIN_FWD_g.2094.peg.4169-MONOMER_mod_cobalt2(1),0.0,-2.999138555789974e-06
PRKIN_REV_g.2094.peg.4169-MONOMER_mod_cu2(1),0.0,-1.640209273999609e-08
PRKIN_FWD_g.2094.peg.4169-MONOMER_mod_cu2(1),0.0,-3.0078727568746567e-06
PRKIN_REV_g.2094.peg.4169-MONOMER_mod_zn2(1),0.0,9.675185100006225e-38
PRKIN_FWD_g.2094.peg.4169-MONOMER_mod_zn2(1),0.0,-2.9914706641346604e-06
PRKIN_REV_g.2094.peg.4169-MONOMER_mod_mn2(1),0.0,-1.4237104414871838e-08
PRKIN_FWD_g.2094.peg.4169-MONOMER_mod_mn2(1),0.0,-3.005707768549532e-06
PRKIN_REV_g.2094.peg.4169-MONOMER_mod_ni2(1),0.0,-1.8560754200709384e-08
PRKIN_FWD_g.2094.peg.4169-MONOMER_mod_ni2(1),0.0,-3.01003141833537e-06
PRKIN_REV_g.2094.peg.4169-MONOMER_mod_cd2(1),0.0,-6.026568971841872e-10
PRKIN_FWD_g.2094.peg.4169-MONOMER_mod_cd2(1),0.0,-2.992073321031845e-06
PRKIN_REV_g.2094.peg.4169-MONOMER_mod_ca2(1),0.0,-1.126962768668559e-08
PRKIN_FWD_g.2094.peg.4169-MONOMER_mod_ca2(1),0.0,-3.002740291821346e-06
PRKIN_REV_g.2094.peg.4169-MONOMER_mod_mg2(1),0.0,-2.308492434541992e-08
PRKIN_FWD_g.2094.peg.4169-MONOMER_mod_mg2(1),0.0,-3.0145555884800802e-06
PRMICI_REV_g.2094.peg.4225-MONOMER,0.0,7.144103304308222e-36
PRMICI_FWD_g.2094.peg.4225-MONOMER,0.0,-2.6423850943967513e-06
PRMICI_REV_g.2094.peg.2272-MONOMER,0.0,7.144103304308222e-36
PRMICI_FWD_g.2094.peg.2272-MONOMER,0.0,-2.6423850943967513e-06
PRO1x_REV_g.2094.peg.1414-MONOMER,0.0,-3.533583175625672e-06
PRO1x_FWD_g.2094.peg.1414-MONOMER,0.0,-6.272698958613953e-07
PROD2_REV_g.2094.peg.3536-MONOMER_mod_fad(1),0.0,-6.5255600849511116e-06
PROD2_FWD_g.2094.peg.3536-MONOMER_mod_fad(1),0.0,-2.655026808463122e-06
PROD3_REV_g.2094.peg.3536-MONOMER_mod_fad(1),0.0,-6.876412512034793e-36
PROD3_FWD_g.2094.peg.3536-MONOMER_mod_fad(1),0.0,-9.180586893414233e-06
PRODTHLOX_REV_g.2094.peg.2949-MONOMER,0.0,7.90162316797707e-36
PRODTHLOX_FWD_g.2094.peg.2949-MONOMER,0.0,-3.1400189552793106e-06
PROPAT4te_REV_g.2094.peg.4264-MONOMER,0.0,-3.19486336918066e-06
PROPAT4te_FWD_g.2094.peg.4264-MONOMER,0.11125329884973466,0.0
PROPAT4te_REV_g.2094.peg.2287-MONOMER,0.0,-3.2536058577537835e-06
PROPAT4te_FWD_g.2094.peg.2287-MONOMER,0.0,-5.8742488573123556e-08
PROPAT4te_REV_g.2094.peg.914-MONOMER,0.0,-3.723214450847306e-06
PROPAT4te_FWD_g.2094.peg.914-MONOMER,0.0,-5.283510816666458e-07
PROPAT4te_REV_g.2094.peg.3240-MONOMER,0.0,-3.4316934846571326e-06
PROPAT4te_FWD_g.2094.peg.3240-MONOMER,0.0,-2.3683011547647247e-07
PROabc_REV_g.2094.peg.447-MONOMER,0.0,0.008043477657705075
PROabc_FWD_g.2094.peg.447-MONOMER,0.0,-0.008046172006415069
PROabc_REV_g.2094.peg.188-MONOMER,0.0,0.00804326206289178
PROabc_FWD_g.2094.peg.188-MONOMER,0.0,-0.008046387601228364
PROt2_REV_g.2094.peg.4264-MONOMER,0.0,0.0035702803531869904
PROt2_FWD_g.2094.peg.4264-MONOMER,0.0,-0.003573475216556171
PROt2_REV_g.2094.peg.2287-MONOMER,0.0,0.0035702216106984173
PROt2_FWD_g.2094.peg.2287-MONOMER,0.0,-0.003573533959044744
PROt2_REV_g.2094.peg.914-MONOMER,0.0,0.0035697520021053235
PROt2_FWD_g.2094.peg.914-MONOMER,0.0,-0.0035740035676378374
PROt2_REV_g.2094.peg.3240-MONOMER,0.0,0.003570043523071514
PROt2_FWD_g.2094.peg.3240-MONOMER,0.0,-0.0035737120466716476
PROt4_REV_g.2094.peg.3566-MONOMER,0.0,0.00357223194422914
PROt4_FWD_g.2094.peg.3566-MONOMER,0.0,-0.0035769004813601354
PRPPS_REV_g.2094.peg.1786-MONOMER_mod_mg2(1)_mod_pi(1),0.0,-1.2230054247708188e-08
PRPPS_FWD_g.2094.peg.1786-MONOMER_mod_mg2(1)_mod_pi(1),0.0,-4.719166233594443e-06
PRPPS_REV_g.2094.peg.1786-MONOMER_mod_mn2(1)_mod_pi(1),3.4950911320974905e-22,-6.153807402969602e-36
PRPPS_FWD_g.2094.peg.1786-MONOMER_mod_mn2(1)_mod_pi(1),0.0,-4.7069361793467345e-06
PSCVT_REV_527012.3.peg.2383-MONOMER,0.0,-2.521133088660813e-06
PSCVT_FWD_527012.3.peg.2383-MONOMER,0.0025976281628384682,-3.80096267562529e-37
PSCVT_REV_527012.3.peg.2382-MONOMER,0.0,-3.4981485964053765e-06
PSCVT_FWD_527012.3.peg.2382-MONOMER,0.0,-9.770155077445637e-07
PSD120_REV_g.2094.peg.3045-MONOMER,0.0,-3.914302094663321e-06
PSD120_FWD_g.2094.peg.3045-MONOMER,0.0,7.3594198227628505e-37
PSD140_REV_g.2094.peg.3045-MONOMER,0.0,-3.914302094663321e-06
PSD140_FWD_g.2094.peg.3045-MONOMER,0.0,7.3594198227628505e-37
PSD141_REV_g.2094.peg.3045-MONOMER,0.0,-3.914302094663321e-06
PSD141_FWD_g.2094.peg.3045-MONOMER,0.0,1.616064131007282e-36
PSD160_REV_g.2094.peg.3045-MONOMER,0.0,-3.914302094663321e-06
PSD160_FWD_g.2094.peg.3045-MONOMER,0.0,7.3594198227628505e-37
PSD161_REV_g.2094.peg.3045-MONOMER,0.0,-3.914302094663321e-06
PSD161_FWD_g.2094.peg.3045-MONOMER,0.0,1.616064131007282e-36
PSD180_REV_g.2094.peg.3045-MONOMER,0.0,-3.914302094663321e-06
PSD180_FWD_g.2094.peg.3045-MONOMER,0.004466259434507349,-1.2025829174323167e-35
PSD181_REV_g.2094.peg.3045-MONOMER,0.0,-3.914302094663321e-06
PSD181_FWD_g.2094.peg.3045-MONOMER,0.0,1.616064131007282e-36
PSDAI15_REV_g.2094.peg.3045-MONOMER,0.0,-3.914302094663321e-06
PSDAI15_FWD_g.2094.peg.3045-MONOMER,0.0,1.6138079585068727e-35
PSDAI17_REV_g.2094.peg.3045-MONOMER,0.0,-3.914302094663321e-06
PSDAI17_FWD_g.2094.peg.3045-MONOMER,0.004466259434507349,1.6138079585068727e-35
PSDI14_REV_g.2094.peg.3045-MONOMER,0.0,-3.914302094663321e-06
PSDI14_FWD_g.2094.peg.3045-MONOMER,0.0,7.3594198227628505e-37
PSDI15_REV_g.2094.peg.3045-MONOMER,0.0,-3.914302094663321e-06
PSDI15_FWD_g.2094.peg.3045-MONOMER,0.0,3.0220033964764675e-35
PSDI16_REV_g.2094.peg.3045-MONOMER,0.0,-3.914302094663321e-06
PSDI16_FWD_g.2094.peg.3045-MONOMER,0.0,7.3594198227628505e-37
PSDI17_REV_g.2094.peg.3045-MONOMER,0.0,-3.914302094663321e-06
PSDI17_FWD_g.2094.peg.3045-MONOMER,0.004466259434507349,1.6138079585068727e-35
PSERT_REV_527012.3.peg.2381-MONOMER_mod_pydx5p(1),0.0,-4.151513139227599e-06
PSERT_FWD_527012.3.peg.2381-MONOMER_mod_pydx5p(1),-8.480245900941291e-35,1.1210399387584669e-36
PSP_L_REV_527012.3.peg.928-MONOMER,0.0,1.5417270277371686e-05
PSP_L_FWD_527012.3.peg.928-MONOMER,0.0,-1.949758269676013e-05
PSP_L_REV_527012.3.peg.1059-MONOMER,0.0,1.6734455007588254e-05
PSP_L_FWD_527012.3.peg.1059-MONOMER,0.0,-1.818039796654356e-05
PSP_L_REV_527012.3.peg.1852-MONOMER,0.0,1.6883970506948058e-05
PSP_L_FWD_527012.3.peg.1852-MONOMER,0.0,-1.8030882467183758e-05
PSSA120_REV_g.2094.peg.3449-MONOMER,0.0,0.06390532599548417
PSSA120_FWD_g.2094.peg.3449-MONOMER,0.0,-0.06390879426300711
PSSA140_REV_g.2094.peg.3449-MONOMER,0.0,-3.468267522941697e-06
PSSA140_FWD_g.2094.peg.3449-MONOMER,0.0,-9.395097905018355e-38
PSSA141_REV_g.2094.peg.3449-MONOMER,0.0,-3.468267522941697e-06
PSSA141_FWD_g.2094.peg.3449-MONOMER,-3.1450702005349423e-43,1.9805676742627643e-36
PSSA160_REV_g.2094.peg.3449-MONOMER,0.0,-3.468267522941697e-06
PSSA160_FWD_g.2094.peg.3449-MONOMER,0.0,-9.395097905018355e-38
PSSA161_REV_g.2094.peg.3449-MONOMER,0.0,-3.468267522941697e-06
PSSA161_FWD_g.2094.peg.3449-MONOMER,-2.176714079927007e-34,1.9805676742627643e-36
PSSA180_REV_g.2094.peg.3449-MONOMER,0.0,-3.468267522941697e-06
PSSA180_FWD_g.2094.peg.3449-MONOMER,0.004466259434507349,-3.53607680853703e-35
PSSA181_REV_g.2094.peg.3449-MONOMER,0.0,-3.468267522941697e-06
PSSA181_FWD_g.2094.peg.3449-MONOMER,0.0,1.9805676742627643e-36
PSSAAI15_REV_g.2094.peg.3449-MONOMER,0.0,-3.468267522941697e-06
PSSAAI15_FWD_g.2094.peg.3449-MONOMER,0.0,-2.1684696323631314e-36
PSSAAI17_REV_g.2094.peg.3449-MONOMER,0.0,-3.468267522941697e-06
PSSAAI17_FWD_g.2094.peg.3449-MONOMER,0.004466259434507349,-2.1684696323631314e-36
PSSAI14_REV_g.2094.peg.3449-MONOMER,0.0,-3.468267522941697e-06
PSSAI14_FWD_g.2094.peg.3449-MONOMER,0.0,-9.395097905018355e-38
PSSAI15_REV_g.2094.peg.3449-MONOMER,0.0,-3.468267522941697e-06
PSSAI15_FWD_g.2094.peg.3449-MONOMER,0.0,-2.1684696323631314e-36
PSSAI16_REV_g.2094.peg.3449-MONOMER,0.0,-3.468267522941697e-06
PSSAI16_FWD_g.2094.peg.3449-MONOMER,0.0,-9.395097905018355e-38
PSSAI17_REV_g.2094.peg.3449-MONOMER,0.0,-3.468267522941697e-06
PSSAI17_FWD_g.2094.peg.3449-MONOMER,0.004466259434507349,3.1023828820644036e-35
PTA2_REV_g.2094.peg.2095-MONOMER,0.0,-1.0046532748251538e-05
PTA2_FWD_g.2094.peg.2095-MONOMER,0.11140526298375653,-8.269457991863022e-36
PTAr_REV_g.2094.peg.2095-MONOMER,0.0,-1.0046532748251538e-05
PTAr_FWD_g.2094.peg.2095-MONOMER,13.868337078141622,7.773205827681586e-36
PTPAT_REV_527012.3.peg.3425-MONOMER_mod_mg2(1),0.0,-3.523651899484396e-06
PTPAT_FWD_527012.3.peg.3425-MONOMER_mod_mg2(1),0.0012988140814192341,5.049487572369349e-35
PTRCORNt7_REV_g.2094.peg.4121-MONOMER,1.1176610102147284,-4.5223943010320295e-37
PTRCORNt7_FWD_g.2094.peg.4121-MONOMER,0.0,-4.495326116559058e-06
PTRCabc_REV_CPLX_PTRCabc-0,0.0,0.004472431248083144
PTRCabc_FWD_CPLX_PTRCabc-0,0.0,-0.004476658015455606
PTRCt2_REV_g.2094.peg.4121-MONOMER,0.0,-6.500784773957128e-07
PTRCt2_FWD_g.2094.peg.4121-MONOMER,0.0,-3.845247639163346e-06
PUNP1_REV_g.2094.peg.363-MONOMER,0.0,-3.452137157249797e-06
PUNP1_FWD_g.2094.peg.363-MONOMER,1.001826762816944,-2.1757159670984115e-36
PUNP1_REV_g.2094.peg.4159-MONOMER,0.0,-4.913859069947684e-06
PUNP1_FWD_g.2094.peg.4159-MONOMER,0.0,-1.4617219126978874e-06
PUNP2_REV_g.2094.peg.363-MONOMER,1.957071015598977,-5.440086883301743e-36
PUNP2_FWD_g.2094.peg.363-MONOMER,0.0,-3.452137157249797e-06
PUNP2_REV_g.2094.peg.4159-MONOMER,0.0,-1.4617219126978874e-06
PUNP2_FWD_g.2094.peg.4159-MONOMER,0.0,-4.913859069947684e-06
PUNP3_REV_g.2094.peg.363-MONOMER,0.028255389713313272,5.285703269937774e-36
PUNP3_FWD_g.2094.peg.363-MONOMER,0.0,-3.452137157249797e-06
PUNP3_REV_g.2094.peg.4159-MONOMER,0.0,-1.4617219126978874e-06
PUNP3_FWD_g.2094.peg.4159-MONOMER,0.0,-4.913859069947684e-06
PUNP4_REV_g.2094.peg.363-MONOMER,0.0,-3.452137157249797e-06
PUNP4_FWD_g.2094.peg.363-MONOMER,0.028255389713313272,-9.777514994162455e-35
PUNP4_REV_g.2094.peg.4159-MONOMER,0.0,-4.913859069947684e-06
PUNP4_FWD_g.2094.peg.4159-MONOMER,0.0,-1.4617219126978874e-06
PUNP5_REV_g.2094.peg.363-MONOMER,0.0,-3.452137157249797e-06
PUNP5_FWD_g.2094.peg.363-MONOMER,1.5344556090122994e-22,-5.9064255856165043e-36
PUNP5_REV_g.2094.peg.4159-MONOMER,0.0,-4.913859069947684e-06
PUNP5_FWD_g.2094.peg.4159-MONOMER,0.0,-1.4617219126978874e-06
PUNP6_REV_g.2094.peg.363-MONOMER,3.289651277688901e-56,1.5597754447539634e-37
PUNP6_FWD_g.2094.peg.363-MONOMER,0.0,-3.452137157249797e-06
PUNP6_REV_g.2094.peg.4159-MONOMER,0.0,-1.4617219126978874e-06
PUNP6_FWD_g.2094.peg.4159-MONOMER,0.0,-4.913859069947684e-06
PUNP7_REV_g.2094.peg.363-MONOMER,5.775566197942262e-23,2.4876710560492043e-36
PUNP7_FWD_g.2094.peg.363-MONOMER,0.0,-3.452137157249797e-06
PUNP7_REV_g.2094.peg.4159-MONOMER,0.0,-1.4617219126978874e-06
PUNP7_FWD_g.2094.peg.4159-MONOMER,0.0,-4.913859069947684e-06
PUTA3_REV_g.2094.peg.3536-MONOMER_mod_fad(1),0.0,0.008052281078982093
PUTA3_FWD_g.2094.peg.3536-MONOMER_mod_fad(1),0.0,-0.008061461665875508
PYAM5POr_REV_527012.3.peg.1550-MONOMER_mod_fmn(1),0.0,0.008930130527877129
PYAM5POr_FWD_527012.3.peg.1550-MONOMER_mod_fmn(1),0.0,-0.008932774227086694
PYDAMK_REV_g.2094.peg.922-MONOMER,0.0,-3.2144601183187998e-06
PYDAMK_FWD_g.2094.peg.922-MONOMER,0.0,6.8058222920598875e-37
PYDAMK_REV_g.2094.peg.3898-MONOMER_mod_k(1)_mod_mg2(1),0.0,-4.048135706391853e-06
PYDAMK_FWD_g.2094.peg.3898-MONOMER_mod_k(1)_mod_mg2(1),0.0,-8.336755880730525e-07
PYDAMabc_REV_CPLX_dummy,0.0,0.00804462976010267
PYDAMabc_FWD_CPLX_dummy,0.0,-0.008048214767386656
PYDXK_REV_527012.3.peg.1553-MONOMER,0.0,-3.2144601183187998e-06
PYDXK_FWD_527012.3.peg.1553-MONOMER,0.0013041883296747746,-2.3821130654118754e-35
PYDXNK_REV_g.2094.peg.922-MONOMER,0.0,-3.2144601183187998e-06
PYDXNK_FWD_g.2094.peg.922-MONOMER,0.0,-1.2791118381597265e-36
PYDXNK_REV_g.2094.peg.3898-MONOMER_mod_k(1)_mod_mg2(1),0.0,-4.048135706391853e-06
PYDXNK_FWD_g.2094.peg.3898-MONOMER_mod_k(1)_mod_mg2(1),0.0,-8.336755880730525e-07
PYDXNabc_REV_CPLX_dummy,0.0,-3.5850072839868364e-06
PYDXNabc_FWD_CPLX_dummy,0.0,-7.551829245997801e-37
PYDXabc_REV_CPLX_dummy,0.0,-3.5850072839868364e-06
PYDXabc_FWD_CPLX_dummy,0.0013041883296747746,-5.2757132714852885e-37
PYK_REV_g.2094.peg.3148-MONOMER_mod_mg2(1)_mod_k(1),0.0,-7.906162270883002e-06
PYK_FWD_g.2094.peg.3148-MONOMER_mod_mg2(1)_mod_k(1),0.0,-3.2753728171785702e-09
PYK_REV_g.2094.peg.1300-MONOMER_mod_mn2(1)_mod_k(1),0.0,-8.035589956735262e-06
PYK_FWD_g.2094.peg.1300-MONOMER_mod_mn2(1)_mod_k(1),0.0,-1.3270305866943787e-07
PYK_REV_g.2094.peg.1300-MONOMER_mod_mg2(1)_mod_k(1),0.0,-8.03883164645592e-06
PYK_FWD_g.2094.peg.1300-MONOMER_mod_mg2(1)_mod_k(1),0.0,-1.3594474839009613e-07
PYK_REV_g.2094.peg.3148-MONOMER_mod_mn2(1)_mod_k(1),0.0,-7.902886898065824e-06
PYK_FWD_g.2094.peg.3148-MONOMER_mod_mn2(1)_mod_k(1),9.161691202431385,9.970926180279637e-37
PYNP2r_REV_g.2094.peg.1456-MONOMER,0.0,-6.8768550903658036e-06
PYNP2r_FWD_g.2094.peg.1456-MONOMER,0.01791878437389495,1.0939746842903608e-36
PYRCT_REV_g.2094.peg.2478-MONOMER,0.0,-2.1331616986070405e-35
PYRCT_FWD_g.2094.peg.2478-MONOMER,0.0,-3.7132899893673697e-06
PYRDC_REV_g.2094.peg.2763-MONOMER,0.0,0.0017816285425887217
PYRDC_FWD_g.2094.peg.2763-MONOMER,0.0,-0.0017864570767131883
QULNS_REV_527012.3.peg.2946-MONOMER_mod_4fe4s(1),0.0,-2.9258176749196313e-06
QULNS_FWD_527012.3.peg.2946-MONOMER_mod_4fe4s(1),0.0,4.037483448794682e-37
R05224_REV_g.2094.peg.3325-MONOMER,0.0,-3.682515039488949e-06
R05224_FWD_g.2094.peg.3325-MONOMER,0.0,-5.243251028624303e-36
R05224_REV_g.2094.peg.558-MONOMER,0.0,-3.682515039488949e-06
R05224_FWD_g.2094.peg.558-MONOMER,0.0,-5.240601171944595e-36
RB5PE_REV_CPLX_dummy,0.0,-4.023090435070258e-36
RB5PE_FWD_CPLX_dummy,0.0,-3.5850072839868364e-06
RBFK_REV_527012.3.peg.3735-MONOMER,0.0,-3.851261529124756e-06
RBFK_FWD_527012.3.peg.3735-MONOMER,0.0012989542382165773,-1.516696838415338e-36
RBFSa_REV_527012.3.peg.4300-MONOMER,0.0,-1.1050753126240348e-05
RBFSa_FWD_527012.3.peg.4300-MONOMER,0.005195536639271623,-2.209283365772152e-36
RBFSb_REV_527012.3.peg.1524-MONOMER,0.0,-4.475053835590151e-06
RBFSb_FWD_527012.3.peg.1524-MONOMER,0.0025977683196358116,2.9414148970278107e-38
RBK_REV_g.2094.peg.3540-MONOMER_mod_k(1)_mod_mg2(1),0.0,-5.6938291885790885e-06
RBK_FWD_g.2094.peg.3540-MONOMER_mod_k(1)_mod_mg2(1),0.0,-3.520810726591501e-07
RBK_REV_g.2094.peg.1296-MONOMER,0.0,-5.341748115919938e-06
RBK_FWD_g.2094.peg.1296-MONOMER,0.17878295,8.805707031156163e-37
RBK_REV_g.2094.peg.1531-MONOMER,0.0,-5.341748115919938e-06
RBK_FWD_g.2094.peg.1531-MONOMER,0.0,8.805707031156163e-37
RBK_D_REV_g.2094.peg.390-MONOMER,0.0,-4.8297242705880855e-06
RBK_D_FWD_g.2094.peg.390-MONOMER,0.0,-7.952828306576865e-07
RBK_D_REV_g.2094.peg.359-MONOMER,0.0,-4.174166812353795e-06
RBK_D_FWD_g.2094.peg.359-MONOMER,0.0,-1.3972537242339542e-07
RBK_L1_REV_g.2094.peg.390-MONOMER,0.0,-5.625007101245772e-06
RBK_L1_FWD_g.2094.peg.390-MONOMER,0.17878295,-7.186903872353929e-36
RBP4E_REV_g.2094.peg.1590-MONOMER,0.0,-2.7995150582138756e-06
RBP4E_FWD_g.2094.peg.1590-MONOMER,0.17878295,-4.4530996291870216e-36
RDH1_REV_g.2094.peg.1105-MONOMER_mod_fe2(1),0.0,-8.279604641114315e-06
RDH1_FWD_g.2094.peg.1105-MONOMER_mod_fe2(1),0.0,-4.3260844298770265e-06
RDH1_REV_g.2094.peg.4252-MONOMER,0.0,-4.033956211281564e-06
RDH1_FWD_g.2094.peg.4252-MONOMER,0.0,-8.043600004427541e-08
RDH1_REV_g.2094.peg.1720-MONOMER,0.0,-4.098460191270498e-06
RDH1_FWD_g.2094.peg.1720-MONOMER,0.0,-1.4493998003321e-07
RDH1_REV_g.2094.peg.2788-MONOMER,0.0,-3.953520211237289e-06
RDH1_FWD_g.2094.peg.2788-MONOMER,0.0,-1.7012961705787303e-36
RE1944C_REV_g.2094.peg.3471-MONOMER,0.0,-1.4826762729727965e-06
RE1944C_FWD_g.2094.peg.3471-MONOMER,0.0,-3.395700283215489e-36
RE1944C_REV_g.2094.peg.4322-MONOMER,0.0,-2.114728328379989e-06
RE1944C_FWD_g.2094.peg.4322-MONOMER,0.0,-6.320520554071924e-07
RE3009C_REV_g.2094.peg.4203-MONOMER,0.0,0.009847906320915282
RE3009C_FWD_g.2094.peg.4203-MONOMER,0.0,-0.009852297607796807
RHAT1_REV_CPLX_dummy,0.0,-3.5850072839868364e-06
RHAT1_FWD_CPLX_dummy,0.010490760210035997,-1.2275787731900796e-34
RHCCE_REV_g.2094.peg.3662-MONOMER,0.0,0.023491063530896097
RHCCE_FWD_g.2094.peg.3662-MONOMER,0.0,-0.02349223838102053
RIBABCte_REV_CPLX_DRIBabc-18,0.0,0.01609258424170065
RIBABCte_FWD_CPLX_DRIBabc-18,0.0,-0.016098829218612137
RIBABCte_REV_CPLX_DRIBabc-22,0.0,0.016092371345456383
RIBABCte_FWD_CPLX_DRIBabc-22,0.0,-0.016099042114856403
RIBABCte_REV_CPLX_DRIBabc-31,0.0,0.01609258438697718
RIBABCte_FWD_CPLX_DRIBabc-31,0.0,-0.016098829073335607
RIBABCte_REV_CPLX_DRIBabc-7,0.0,0.016092379814617485
RIBABCte_FWD_CPLX_DRIBabc-7,0.0,-0.0160990336456953
RIBABCte_REV_CPLX_DRIBabc-10,0.0,0.0160921628158894
RIBABCte_FWD_CPLX_DRIBabc-10,0.0,-0.016099250644423385
RIBABCte_REV_CPLX_DRIBabc-49,0.0,0.01609257867190107
RIBABCte_FWD_CPLX_DRIBabc-49,0.0,-0.016098834788411717
RIBABCte_REV_CPLX_DRIBabc-24,0.0,0.016092645833629148
RIBABCte_FWD_CPLX_DRIBabc-24,0.0,-0.01609876762668364
RIBABCte_REV_CPLX_DRIBabc-3,0.0,0.01609267366712504
RIBABCte_FWD_CPLX_DRIBabc-3,0.0,-0.016098739793187745
RIBABCte_REV_CPLX_DRIBabc-19,0.0,0.01609258424170065
RIBABCte_FWD_CPLX_DRIBabc-19,0.0,-0.016098829218612137
RIBABCte_REV_CPLX_DRIBabc-2,0.0,0.016092340147243207
RIBABCte_FWD_CPLX_DRIBabc-2,0.0,-0.01609907331306958
RIBABCte_REV_CPLX_DRIBabc-39,0.0,0.016092781721464444
RIBABCte_FWD_CPLX_DRIBabc-39,0.0,-0.016098631738848342
RIBABCte_REV_CPLX_DRIBabc-0,0.0,0.01609247291469508
RIBABCte_FWD_CPLX_DRIBabc-0,0.0,-0.016098940545617706
RIBABCte_REV_CPLX_DRIBabc-27,0.0,0.016092844527489325
RIBABCte_FWD_CPLX_DRIBabc-27,0.0,-0.01609856893282346
RIBABCte_REV_CPLX_DRIBabc-40,0.0,0.01609236251665289
RIBABCte_FWD_CPLX_DRIBabc-40,0.0,-0.016099050943659897
RIBABCte_REV_CPLX_DRIBabc-32,0.0,0.016092451737396988
RIBABCte_FWD_CPLX_DRIBabc-32,0.0,-0.0160989617229158
RIBABCte_REV_CPLX_DRIBabc-52,0.0,0.01609236251665289
RIBABCte_FWD_CPLX_DRIBabc-52,0.0,-0.016099050943659897
RIBABCte_REV_CPLX_DRIBabc-25,0.0,0.016092645833629148
RIBABCte_FWD_CPLX_DRIBabc-25,0.0,-0.01609876762668364
RIBABCte_REV_CPLX_DRIBabc-35,0.0,0.016092451737396988
RIBABCte_FWD_CPLX_DRIBabc-35,0.0,-0.0160989617229158
RIBABCte_REV_CPLX_DRIBabc-11,0.0,0.01609224686364216
RIBABCte_FWD_CPLX_DRIBabc-11,0.0,-0.016099166596670628
RIBABCte_REV_CPLX_DRIBabc-28,0.0,0.016092434926497437
RIBABCte_FWD_CPLX_DRIBabc-28,0.0,-0.01609897853381535
RIBABCte_REV_CPLX_DRIBabc-15,0.0,0.016092782961590595
RIBABCte_FWD_CPLX_DRIBabc-15,0.0,-0.01609863049872219
RIBABCte_REV_CPLX_DRIBabc-8,0.0,0.01609224686364216
RIBABCte_FWD_CPLX_DRIBabc-8,0.0,-0.016099166596670628
RIBABCte_REV_CPLX_DRIBabc-33,0.0,0.016092782961590595
RIBABCte_FWD_CPLX_DRIBabc-33,0.0,-0.01609863049872219
RIBABCte_REV_CPLX_DRIBabc-37,0.0,0.01609257867190107
RIBABCte_FWD_CPLX_DRIBabc-37,0.0,-0.016098834788411717
RIBABCte_REV_CPLX_DRIBabc-45,0.0,0.01609267366712504
RIBABCte_FWD_CPLX_DRIBabc-45,0.0,-0.016098739793187745
RIBABCte_REV_CPLX_DRIBabc-9,0.0,0.016092582566202905
RIBABCte_FWD_CPLX_DRIBabc-9,0.0,-0.01609883089410988
RIBABCte_REV_CPLX_DRIBabc-56,0.0,0.016092216517799036
RIBABCte_FWD_CPLX_DRIBabc-56,0.0,-0.01609919694251375
RIBABCte_REV_CPLX_DRIBabc-16,0.0,0.016092373256113103
RIBABCte_FWD_CPLX_DRIBabc-16,0.0,-0.016099040204199683
RIBABCte_REV_CPLX_DRIBabc-53,0.0,0.016092443368455885
RIBABCte_FWD_CPLX_DRIBabc-53,0.0,-0.0160989700918569
RIBABCte_REV_CPLX_DRIBabc-4,0.0,0.016092258703683148
RIBABCte_FWD_CPLX_DRIBabc-4,0.0,-0.01609915475662964
RIBABCte_REV_CPLX_DRIBabc-5,0.0,0.016092340147243207
RIBABCte_FWD_CPLX_DRIBabc-5,0.0,-0.01609907331306958
RIBABCte_REV_CPLX_DRIBabc-30,0.0,0.01609258438697718
RIBABCte_FWD_CPLX_DRIBabc-30,0.0,-0.016098829073335607
RIBABCte_REV_CPLX_DRIBabc-57,0.0,0.016092538159301936
RIBABCte_FWD_CPLX_DRIBabc-57,0.0,-0.01609887530101085
RIBABCte_REV_CPLX_DRIBabc-6,0.0,0.016092379814617485
RIBABCte_FWD_CPLX_DRIBabc-6,0.0,-0.0160990336456953
RIBABCte_REV_CPLX_DRIBabc-38,0.0,0.016092443368455885
RIBABCte_FWD_CPLX_DRIBabc-38,0.0,-0.0160989700918569
RIBABCte_REV_CPLX_DRIBabc-36,0.0,0.01609257867190107
RIBABCte_FWD_CPLX_DRIBabc-36,0.0,-0.016098834788411717
RIBABCte_REV_CPLX_DRIBabc-12,0.0,0.01609258438697718
RIBABCte_FWD_CPLX_DRIBabc-12,0.0,-0.016098829073335607
RIBABCte_REV_CPLX_DRIBabc-47,0.0,0.016092340147243207
RIBABCte_FWD_CPLX_DRIBabc-47,0.0,-0.01609907331306958
RIBABCte_REV_CPLX_DRIBabc-41,0.0,0.016092443368455885
RIBABCte_FWD_CPLX_DRIBabc-41,0.0,-0.0160989700918569
RIBABCte_REV_CPLX_DRIBabc-48,0.0,0.01609257867190107
RIBABCte_FWD_CPLX_DRIBabc-48,0.0,-0.016098834788411717
RIBABCte_REV_CPLX_DRIBabc-59,0.0,0.016092216517799036
RIBABCte_FWD_CPLX_DRIBabc-59,0.0,-0.01609919694251375
RIBABCte_REV_CPLX_DRIBabc-26,0.0,0.01609251245294962
RIBABCte_FWD_CPLX_DRIBabc-26,0.0,-0.016098901007363168
RIBABCte_REV_CPLX_DRIBabc-46,0.0,0.016092258703683148
RIBABCte_FWD_CPLX_DRIBabc-46,0.0,-0.01609915475662964
RIBABCte_REV_CPLX_DRIBabc-43,0.0,0.01609247291469508
RIBABCte_FWD_CPLX_DRIBabc-43,0.0,-0.016098940545617706
RIBABCte_REV_CPLX_DRIBabc-44,0.0,0.016092340147243207
RIBABCte_FWD_CPLX_DRIBabc-44,0.0,-0.01609907331306958
RIBABCte_REV_CPLX_DRIBabc-55,0.0,0.016092343997422317
RIBABCte_FWD_CPLX_DRIBabc-55,0.0,-0.016099069462890466
RIBABCte_REV_CPLX_DRIBabc-1,0.0,0.01609247291469508
RIBABCte_FWD_CPLX_DRIBabc-1,0.0,-0.016098940545617706
RIBABCte_REV_CPLX_DRIBabc-13,0.0,0.01609258438697718
RIBABCte_FWD_CPLX_DRIBabc-13,0.0,-0.016098829073335607
RIBABCte_REV_CPLX_DRIBabc-14,0.0,0.016092451737396988
RIBABCte_FWD_CPLX_DRIBabc-14,0.0,-0.0160989617229158
RIBABCte_REV_CPLX_DRIBabc-17,0.0,0.016092451737396988
RIBABCte_FWD_CPLX_DRIBabc-17,0.0,-0.0160989617229158
RIBABCte_REV_CPLX_DRIBabc-50,0.0,0.016092443368455885
RIBABCte_FWD_CPLX_DRIBabc-50,0.0,-0.0160989700918569
RIBABCte_REV_CPLX_DRIBabc-20,0.0,0.016092450631613558
RIBABCte_FWD_CPLX_DRIBabc-20,0.0,-0.01609896282869923
RIBABCte_REV_CPLX_DRIBabc-51,0.0,0.016092781721464444
RIBABCte_FWD_CPLX_DRIBabc-51,0.0,-0.016098631738848342
RIBABCte_REV_CPLX_DRIBabc-54,0.0,0.016092343997422317
RIBABCte_FWD_CPLX_DRIBabc-54,0.0,-0.016099069462890466
RIBABCte_REV_CPLX_DRIBabc-58,0.0,0.01609213643494954
RIBABCte_FWD_CPLX_DRIBabc-58,0.0,-0.016099277025363245
RIBABCte_REV_CPLX_DRIBabc-21,0.0,0.016092784399519215
RIBABCte_FWD_CPLX_DRIBabc-21,0.0,-0.01609862906079357
RIBABCte_REV_CPLX_DRIBabc-23,0.0,0.016092450631613558
RIBABCte_FWD_CPLX_DRIBabc-23,0.0,-0.01609896282869923
RIBABCte_REV_CPLX_DRIBabc-29,0.0,0.01609251245294962
RIBABCte_FWD_CPLX_DRIBabc-29,0.0,-0.016098901007363168
RIBABCte_REV_CPLX_DRIBabc-42,0.0,0.01609247291469508
RIBABCte_FWD_CPLX_DRIBabc-42,0.0,-0.016098940545617706
RIBABCte_REV_CPLX_DRIBabc-34,0.0,0.016092373256113103
RIBABCte_FWD_CPLX_DRIBabc-34,0.0,-0.016099040204199683
RIBabc_REV_CPLX_DRIBabc-18,0.0,-5.984691122810866e-06
RIBabc_FWD_CPLX_DRIBabc-18,0.0,-2.6028578867487284e-07
RIBabc_REV_CPLX_DRIBabc-22,0.0,-6.197587367077383e-06
RIBabc_FWD_CPLX_DRIBabc-22,0.0,-4.731820329413893e-07
RIBabc_REV_CPLX_DRIBabc-31,0.0,-5.984545846281018e-06
RIBabc_FWD_CPLX_DRIBabc-31,0.0,-2.6014051214502464e-07
RIBabc_REV_CPLX_DRIBabc-7,0.0,-6.1891182059766125e-06
RIBabc_FWD_CPLX_DRIBabc-7,0.0,-4.647128718406191e-07
RIBabc_REV_CPLX_DRIBabc-10,0.0,-6.406116934059138e-06
RIBabc_FWD_CPLX_DRIBabc-10,0.0,-6.81711599923145e-07
RIBabc_REV_CPLX_DRIBabc-49,0.0,-5.990260922390962e-06
RIBabc_FWD_CPLX_DRIBabc-49,0.0,-2.658555882549692e-07
RIBabc_REV_CPLX_DRIBabc-24,0.0,-5.9230991943138e-06
RIBabc_FWD_CPLX_DRIBabc-24,0.0,-1.9869386017780673e-07
RIBabc_REV_CPLX_DRIBabc-3,0.0,-5.8952656984203265e-06
RIBabc_FWD_CPLX_DRIBabc-3,0.0,-1.7086036428433356e-07
RIBabc_REV_CPLX_DRIBabc-19,0.0,-5.984691122810866e-06
RIBabc_FWD_CPLX_DRIBabc-19,0.0,-2.6028578867487284e-07
RIBabc_REV_CPLX_DRIBabc-2,0.0,-6.2287855802545946e-06
RIBabc_FWD_CPLX_DRIBabc-2,0.0,-5.043802461186016e-07
RIBabc_REV_CPLX_DRIBabc-39,0.0,-5.787211359017082e-06
RIBabc_FWD_CPLX_DRIBabc-39,0.0,-6.2806024881089e-08
RIBabc_REV_CPLX_DRIBabc-0,0.0,-6.09601812838015e-06
RIBabc_FWD_CPLX_DRIBabc-0,0.0,-3.716127942441571e-07
RIBabc_REV_CPLX_DRIBabc-27,0.0,-5.7244053341359935e-06
RIBabc_FWD_CPLX_DRIBabc-27,0.17878295,3.765795861184275e-37
RIBabc_REV_CPLX_DRIBabc-40,0.0,-6.206416170571161e-06
RIBabc_FWD_CPLX_DRIBabc-40,0.0,-4.82010836435168e-07
RIBabc_REV_CPLX_DRIBabc-32,0.0,-6.117195426472068e-06
RIBabc_FWD_CPLX_DRIBabc-32,0.0,-3.927900923360749e-07
RIBabc_REV_CPLX_DRIBabc-52,0.0,-6.206416170571161e-06
RIBabc_FWD_CPLX_DRIBabc-52,0.0,-4.82010836435168e-07
RIBabc_REV_CPLX_DRIBabc-25,0.0,-5.9230991943138e-06
RIBabc_FWD_CPLX_DRIBabc-25,0.0,-1.9869386017780673e-07
RIBabc_REV_CPLX_DRIBabc-35,0.0,-6.117195426472068e-06
RIBabc_FWD_CPLX_DRIBabc-35,0.0,-3.927900923360749e-07
RIBabc_REV_CPLX_DRIBabc-11,0.0,-6.3220691813022035e-06
RIBabc_FWD_CPLX_DRIBabc-11,0.0,-5.976638471662099e-07
RIBabc_REV_CPLX_DRIBabc-28,0.0,-6.134006326024693e-06
RIBabc_FWD_CPLX_DRIBabc-28,0.0,-4.0960099188869983e-07
RIBabc_REV_CPLX_DRIBabc-15,0.0,-5.785971232864991e-06
RIBabc_FWD_CPLX_DRIBabc-15,0.0,-6.156589872899802e-08
RIBabc_REV_CPLX_DRIBabc-8,0.0,-6.3220691813022035e-06
RIBabc_FWD_CPLX_DRIBabc-8,0.0,-5.976638471662099e-07
RIBabc_REV_CPLX_DRIBabc-33,0.0,-5.785971232864991e-06
RIBabc_FWD_CPLX_DRIBabc-33,0.0,-6.156589872899802e-08
RIBabc_REV_CPLX_DRIBabc-37,0.0,-5.990260922390962e-06
RIBabc_FWD_CPLX_DRIBabc-37,0.0,-2.658555882549692e-07
RIBabc_REV_CPLX_DRIBabc-45,0.0,-5.8952656984203265e-06
RIBabc_FWD_CPLX_DRIBabc-45,0.0,-1.7086036428433356e-07
RIBabc_REV_CPLX_DRIBabc-9,0.0,-5.9863666205559946e-06
RIBabc_FWD_CPLX_DRIBabc-9,0.0,-2.619612864200011e-07
RIBabc_REV_CPLX_DRIBabc-56,0.0,-6.352415024425672e-06
RIBabc_FWD_CPLX_DRIBabc-56,0.0,-6.280096902896784e-07
RIBabc_REV_CPLX_DRIBabc-16,0.0,-6.1956767103583655e-06
RIBabc_FWD_CPLX_DRIBabc-16,0.0,-4.71271376222372e-07
RIBabc_REV_CPLX_DRIBabc-53,0.0,-6.125564367577239e-06
RIBabc_FWD_CPLX_DRIBabc-53,0.0,-4.011590334412459e-07
RIBabc_REV_CPLX_DRIBabc-4,0.0,-6.310229140314038e-06
RIBabc_FWD_CPLX_DRIBabc-4,0.0,-5.858238061780448e-07
RIBabc_REV_CPLX_DRIBabc-5,0.0,-6.2287855802545946e-06
RIBabc_FWD_CPLX_DRIBabc-5,0.0,-5.043802461186016e-07
RIBabc_REV_CPLX_DRIBabc-30,0.0,-5.984545846281018e-06
RIBabc_FWD_CPLX_DRIBabc-30,0.0,-2.6014051214502464e-07
RIBabc_REV_CPLX_DRIBabc-57,0.0,-6.030773521525009e-06
RIBabc_FWD_CPLX_DRIBabc-57,0.0,-3.0636818738901587e-07
RIBabc_REV_CPLX_DRIBabc-6,0.0,-6.1891182059766125e-06
RIBabc_FWD_CPLX_DRIBabc-6,0.0,-4.647128718406191e-07
RIBabc_REV_CPLX_DRIBabc-38,0.0,-6.125564367577239e-06
RIBabc_FWD_CPLX_DRIBabc-38,0.0,-4.011590334412459e-07
RIBabc_REV_CPLX_DRIBabc-36,0.0,-5.990260922390962e-06
RIBabc_FWD_CPLX_DRIBabc-36,0.0,-2.658555882549692e-07
RIBabc_REV_CPLX_DRIBabc-12,0.0,-5.984545846281018e-06
RIBabc_FWD_CPLX_DRIBabc-12,0.0,-2.6014051214502464e-07
RIBabc_REV_CPLX_DRIBabc-47,0.0,-6.2287855802545946e-06
RIBabc_FWD_CPLX_DRIBabc-47,0.0,-5.043802461186016e-07
RIBabc_REV_CPLX_DRIBabc-41,0.0,-6.125564367577239e-06
RIBabc_FWD_CPLX_DRIBabc-41,0.0,-4.011590334412459e-07
RIBabc_REV_CPLX_DRIBabc-48,0.0,-5.990260922390962e-06
RIBabc_FWD_CPLX_DRIBabc-48,0.0,-2.658555882549692e-07
RIBabc_REV_CPLX_DRIBabc-59,0.0,-6.352415024425672e-06
RIBabc_FWD_CPLX_DRIBabc-59,0.0,-6.280096902896784e-07
RIBabc_REV_CPLX_DRIBabc-26,0.0,-6.056479873842773e-06
RIBabc_FWD_CPLX_DRIBabc-26,0.0,-3.320745397067801e-07
RIBabc_REV_CPLX_DRIBabc-46,0.0,-6.310229140314038e-06
RIBabc_FWD_CPLX_DRIBabc-46,0.0,-5.858238061780448e-07
RIBabc_REV_CPLX_DRIBabc-43,0.0,-6.09601812838015e-06
RIBabc_FWD_CPLX_DRIBabc-43,0.0,-3.716127942441571e-07
RIBabc_REV_CPLX_DRIBabc-44,0.0,-6.2287855802545946e-06
RIBabc_FWD_CPLX_DRIBabc-44,0.0,-5.043802461186016e-07
RIBabc_REV_CPLX_DRIBabc-55,0.0,-6.224935401142365e-06
RIBabc_FWD_CPLX_DRIBabc-55,0.0,-5.005300670063722e-07
RIBabc_REV_CPLX_DRIBabc-1,0.0,-6.09601812838015e-06
RIBabc_FWD_CPLX_DRIBabc-1,0.0,-3.716127942441571e-07
RIBabc_REV_CPLX_DRIBabc-13,0.0,-5.984545846281018e-06
RIBabc_FWD_CPLX_DRIBabc-13,0.0,-2.6014051214502464e-07
RIBabc_REV_CPLX_DRIBabc-14,0.0,-6.117195426472068e-06
RIBabc_FWD_CPLX_DRIBabc-14,0.0,-3.927900923360749e-07
RIBabc_REV_CPLX_DRIBabc-17,0.0,-6.117195426472068e-06
RIBabc_FWD_CPLX_DRIBabc-17,0.0,-3.927900923360749e-07
RIBabc_REV_CPLX_DRIBabc-50,0.0,-6.125564367577239e-06
RIBabc_FWD_CPLX_DRIBabc-50,0.0,-4.011590334412459e-07
RIBabc_REV_CPLX_DRIBabc-20,0.0,-6.118301209903161e-06
RIBabc_FWD_CPLX_DRIBabc-20,0.0,-3.9389587576716755e-07
RIBabc_REV_CPLX_DRIBabc-51,0.0,-5.787211359017082e-06
RIBabc_FWD_CPLX_DRIBabc-51,0.0,-6.2806024881089e-08
RIBabc_REV_CPLX_DRIBabc-54,0.0,-6.224935401142365e-06
RIBabc_FWD_CPLX_DRIBabc-54,0.0,-5.005300670063722e-07
RIBabc_REV_CPLX_DRIBabc-58,0.0,-6.432497873919178e-06
RIBabc_FWD_CPLX_DRIBabc-58,0.0,-7.080925397831855e-07
RIBabc_REV_CPLX_DRIBabc-21,0.0,-5.784533304245214e-06
RIBabc_FWD_CPLX_DRIBabc-21,0.0,-6.012797010922122e-08
RIBabc_REV_CPLX_DRIBabc-23,0.0,-6.118301209903161e-06
RIBabc_FWD_CPLX_DRIBabc-23,0.0,-3.9389587576716755e-07
RIBabc_REV_CPLX_DRIBabc-29,0.0,-6.056479873842773e-06
RIBabc_FWD_CPLX_DRIBabc-29,0.0,-3.320745397067801e-07
RIBabc_REV_CPLX_DRIBabc-42,0.0,-6.09601812838015e-06
RIBabc_FWD_CPLX_DRIBabc-42,0.0,-3.716127942441571e-07
RIBabc_REV_CPLX_DRIBabc-34,0.0,-6.1956767103583655e-06
RIBabc_FWD_CPLX_DRIBabc-34,0.0,-4.71271376222372e-07
RNDR1_REV_g.2094.peg.4433-MONOMER,0.0,-3.6241851396080044e-06
RNDR1_FWD_g.2094.peg.4433-MONOMER,0.0,-1.3208303548965708e-08
RNDR1_REV_g.2094.peg.4592-MONOMER,0.0,-4.576246267998721e-06
RNDR1_FWD_g.2094.peg.4592-MONOMER,0.0,-9.652694319396825e-07
RNDR1_REV_CPLX_RNDR1-0,0.0,-4.424407358902661e-06
RNDR1_FWD_CPLX_RNDR1-0,0.0,-8.134305228436221e-07
RNDR2_REV_g.2094.peg.4433-MONOMER,0.0,0.0020675338178661956
RNDR2_FWD_g.2094.peg.4433-MONOMER,0.0,-0.0020711712113093525
RNDR2_REV_g.2094.peg.4592-MONOMER,0.0,0.002066581756737805
RNDR2_FWD_g.2094.peg.4592-MONOMER,0.0,-0.0020721232724377433
RNDR2_REV_CPLX_RNDR1-0,0.0,0.002066733595646901
RNDR2_FWD_CPLX_RNDR1-0,0.0,-0.002071971433528647
RNDR3_REV_g.2094.peg.4433-MONOMER,0.0,0.008044321051380586
RNDR3_FWD_g.2094.peg.4433-MONOMER,0.0,-0.008047958444823743
RNDR3_REV_g.2094.peg.4592-MONOMER,0.0,0.008043368990252195
RNDR3_FWD_g.2094.peg.4592-MONOMER,0.0,-0.008048910505952134
RNDR3_REV_CPLX_RNDR1-0,0.0,0.008043520829161292
RNDR3_FWD_CPLX_RNDR1-0,0.0,-0.008048758667043038
RNDR4_REV_g.2094.peg.4433-MONOMER,0.0,0.002062388604786798
RNDR4_FWD_g.2094.peg.4433-MONOMER,0.0,-0.002066025998229955
RNDR4_REV_g.2094.peg.4592-MONOMER,0.0,0.002061436543658407
RNDR4_FWD_g.2094.peg.4592-MONOMER,0.0,-0.0020669780593583456
RNDR4_REV_CPLX_RNDR1-0,0.0,0.0020615883825675033
RNDR4_FWD_CPLX_RNDR1-0,0.0,-0.0020668262204492495
RNTR1_REV_g.2094.peg.4401-MONOMER,0.0,-6.064284148839879e-06
RNTR1_FWD_g.2094.peg.4401-MONOMER,0.01791878437389495,-4.509038638960493e-35
RNTR2_REV_g.2094.peg.4401-MONOMER,0.0,0.0020663203725133543
RNTR2_FWD_g.2094.peg.4401-MONOMER,0.0,-0.002072384656662194
RNTR3_REV_g.2094.peg.4401-MONOMER,0.0,0.008043107606027744
RNTR3_FWD_g.2094.peg.4401-MONOMER,0.0,-0.008049171890176584
RNTR4_REV_g.2094.peg.4401-MONOMER,0.0,0.0020630846096797227
RNTR4_FWD_g.2094.peg.4401-MONOMER,0.0,-0.0020691488938285626
RPE_REV_g.2094.peg.2032-MONOMER,0.0,-3.295495850113952e-06
RPE_FWD_g.2094.peg.2032-MONOMER,2.0236486114508225,4.0071314484425064e-37
RPI_REV_CPLX_dummy,0.0,-3.5850072839868364e-06
RPI_FWD_CPLX_dummy,1.9113306387202023,9.964836944474675e-37
RZ5PP_REV_g.2094.peg.640-MONOMER,0.0,-2.21270166626174e-06
RZ5PP_FWD_g.2094.peg.640-MONOMER,0.0,2.72450339752265e-36
RZ5PP_REV_g.2094.peg.3252-MONOMER,0.0,-2.21270166626174e-06
RZ5PP_FWD_g.2094.peg.3252-MONOMER,0.0,2.72450339752265e-36
S17BPH_REV_g.2094.peg.4382-MONOMER_mod_mg2(1),0.0,0.008046356397438
S17BPH_FWD_g.2094.peg.4382-MONOMER_mod_mg2(1),0.0,-0.00805076974531901
S17BPH_REV_g.2094.peg.2465-MONOMER,0.0,0.00804670105874634
S17BPH_FWD_g.2094.peg.2465-MONOMER,0.0,-0.008050425084010673
S17BPH_REV_g.2094.peg.4382-MONOMER_mod_mn2(1),0.0,0.008046362694984599
S17BPH_FWD_g.2094.peg.4382-MONOMER_mod_mn2(1),0.0,-0.008050763447772412
S7PIr_REV_CPLX_dummy,0.0,-3.5850072839868364e-06
S7PIr_FWD_CPLX_dummy,0.04196304084014399,-1.346736775261618e-36
SADH_REV_g.2094.peg.4368-MONOMER,0.0,-2.56712946078403e-06
SADH_FWD_g.2094.peg.4368-MONOMER,0.0,5.333188456506142e-36
SADH_REV_g.2094.peg.1586-MONOMER,0.0,-2.9705872380352023e-06
SADH_FWD_g.2094.peg.1586-MONOMER,0.0,-4.034577772511725e-07
SADT_REV_g.2094.peg.4386-MONOMER,0.0,-2.168938916256703e-06
SADT_FWD_g.2094.peg.4386-MONOMER,-1.7979692359368827e-23,-5.799046762559869e-37
SADT_REV_g.2094.peg.4666-MONOMER,0.0,-2.8248294875418554e-06
SADT_FWD_g.2094.peg.4666-MONOMER,0.0,-6.558905712851524e-07
SADT2_REV_527012.3.peg.656-MONOMER,0.0,0.008046038131470687
SADT2_FWD_527012.3.peg.656-MONOMER,0.0,-0.008047090764415163
SADT2_REV_527012.3.peg.657-MONOMER,0.0,0.00804482408791351
SADT2_FWD_527012.3.peg.657-MONOMER,0.0,-0.008048304807972338
SALCpts_REV_CPLX_ARBTpts-0,0.0,-5.2121128080715306e-06
SALCpts_FWD_CPLX_ARBTpts-0,0.0,2.218344541018348e-36
SBTDOX_REV_g.2094.peg.2824-MONOMER,0.0,6.455692173253604e-36
SBTDOX_FWD_g.2094.peg.2824-MONOMER,0.0,-3.117773394033009e-06
SBTPD_REV_g.2094.peg.4702-MONOMER,0.0,-1.987614156489039e-06
SBTPD_FWD_g.2094.peg.4702-MONOMER,0.0,-1.987614156489039e-06
SBTPD_REV_g.2094.peg.1324-MONOMER,224.5160230419218,-3.9489517556794753e-35
SBTPD_FWD_g.2094.peg.1324-MONOMER,224.5160230419218,3.9312969304838695e-35
SBTPD_REV_g.2094.peg.1955-MONOMER,0.0,-1.9270141546246303e-06
SBTPD_FWD_g.2094.peg.1955-MONOMER,0.0,-1.9270141546246303e-06
SBTpts_REV_CPLX_SBTpts-0,0.0,-4.364072306861615e-06
SBTpts_FWD_CPLX_SBTpts-0,0.0,9.988340399431764e-37
SDPDS_REV_g.2094.peg.4495-MONOMER_mod_zn2(1)_mod_cobalt2(1),0.0,-3.8905640821978224e-06
SDPDS_FWD_g.2094.peg.4495-MONOMER_mod_zn2(1)_mod_cobalt2(1),0.0,-2.9274583035155387e-36
SDPTA_REV_g.2094.peg.2144-MONOMER,0.0,-3.068924317621063e-06
SDPTA_FWD_g.2094.peg.2144-MONOMER,0.0,-2.1440134053811173e-38
SEAHCYSHYD_REV_g.2094.peg.678-MONOMER,0.0,-2.559678778834267e-06
SEAHCYSHYD_FWD_g.2094.peg.678-MONOMER,0.0,5.985812937627342e-38
SELCYSTS_REV_g.2094.peg.87-MONOMER,0.0,-3.535980539946451e-06
SELCYSTS_FWD_g.2094.peg.87-MONOMER,0.0,-2.164121423264769e-36
SELNPS_REV_g.2094.peg.1943-MONOMER_mod_mg2(1),0.0,-2.5493265965357295e-06
SELNPS_FWD_g.2094.peg.1943-MONOMER_mod_mg2(1),0.0,-3.863947278107784e-30
SELNPS_REV_g.2094.peg.1210-MONOMER,0.0,-2.6198627072607646e-06
SELNPS_FWD_g.2094.peg.1210-MONOMER,0.0,-7.053611072503498e-08
SEPHCHS_REV_CPLX_dummy,0.0,-3.5850072839868364e-06
SEPHCHS_FWD_CPLX_dummy,0.0025976281628384682,-7.767117320812563e-36
SERATi_REV_527012.3.peg.3473-MONOMER,0.0,0.016068544993172996
SERATi_FWD_527012.3.peg.3473-MONOMER,0.0,-0.01607244843993323
SERATi_REV_527012.3.peg.3553-MONOMER,0.0,0.01606793002331092
SERATi_FWD_527012.3.peg.3553-MONOMER,0.0,-0.0160730634097953
SERD_D_REV_g.2094.peg.4507-MONOMER_mod_pydx5p(1),0.0,-4.1686411238485385e-06
SERD_D_FWD_g.2094.peg.4507-MONOMER_mod_pydx5p(1),0.0,1.3377033046942725e-36
SERt2r_REV_g.2094.peg.3225-MONOMER,0.0,-2.272661644067339e-06
SERt2r_FWD_g.2094.peg.3225-MONOMER,0.0,-9.696910678481344e-07
SERt2r_REV_g.2094.peg.339-MONOMER,0.0,-1.5692164484534471e-06
SERt2r_FWD_g.2094.peg.339-MONOMER,0.0,-2.662458722342422e-07
SERt2r_REV_g.2094.peg.366-MONOMER,0.0,-1.302970576219205e-06
SERt2r_FWD_g.2094.peg.366-MONOMER,1.0,-5.365450950852696e-37
SGAT_REV_g.2094.peg.2641-MONOMER,0.0,-4.951453774988172e-06
SGAT_FWD_g.2094.peg.2641-MONOMER,0.0,-2.0801811815744655e-07
SGAT_REV_CPLX_G3PAT120-0,0.0,-4.743435656830726e-06
SGAT_FWD_CPLX_G3PAT120-0,0.017865037738029395,-1.5140538190064183e-36
SGDS_REV_g.2094.peg.1798-MONOMER,0.0,0.008063882613159592
SGDS_FWD_g.2094.peg.1798-MONOMER,0.0,-0.008067681620331321
SGSAD_REV_g.2094.peg.1067-MONOMER,0.0,-5.417769528729741e-06
SGSAD_FWD_g.2094.peg.1067-MONOMER,0.0,-5.5892719956099145e-36
SHCHCC_REV_527012.3.peg.137-MONOMER,0.0,0.00544337549399155
SHCHCC_FWD_527012.3.peg.137-MONOMER,0.0,-0.0054453592966641285
SHCHCC_REV_527012.3.peg.404-MONOMER,0.0,0.00544337549399155
SHCHCC_FWD_527012.3.peg.404-MONOMER,0.0,-0.0054453592966641285
SHCHCC_REV_527012.3.peg.655-MONOMER,0.0,0.005442156587592578
SHCHCC_FWD_527012.3.peg.655-MONOMER,0.0,-0.0054465782030631
SHCHCC_REV_527012.3.peg.2850-MONOMER,0.0,0.005442342730884791
SHCHCC_FWD_527012.3.peg.2850-MONOMER,0.0,-0.005446392059770887
SHCHCC2_REV_g.2094.peg.3941-MONOMER,0.0,-1.9838026725781007e-06
SHCHCC2_FWD_g.2094.peg.3941-MONOMER,1.1338333256766326e-25,-8.858073412496318e-37
SHCHCC2_REV_g.2094.peg.149-MONOMER,0.0,-1.9838026725781007e-06
SHCHCC2_FWD_g.2094.peg.149-MONOMER,0.0,-8.834741022038859e-37
SHCHCS3_REV_CPLX_dummy,0.0,-3.5850072839868364e-06
SHCHCS3_FWD_CPLX_dummy,0.0025976281628384682,-9.452369275257978e-36
SHCHF_REV_g.2094.peg.2480-MONOMER,0.0,0.005353271257384797
SHCHF_FWD_g.2094.peg.2480-MONOMER,0.0,-0.005356676323529297
SHCHF_REV_g.2094.peg.4167-MONOMER,0.0,0.00535208949881484
SHCHF_FWD_g.2094.peg.4167-MONOMER,0.0,-0.0053578580820992545
SHEMEabc_REV_CPLX_dummy,0.0,-3.5850072839868364e-06
SHEMEabc_FWD_CPLX_dummy,0.0012988140814192341,-1.5107956290463118e-36
SHK3Dr_REV_g.2094.peg.616-MONOMER,0.0,-3.826849668331331e-06
SHK3Dr_FWD_g.2094.peg.616-MONOMER,0.0,-2.938977907065135e-08
SHK3Dr_REV_g.2094.peg.1395-MONOMER,0.0,-3.7974598892606796e-06
SHK3Dr_FWD_g.2094.peg.1395-MONOMER,0.0025976281628384682,1.2769080453545752e-35
SHKK_REV_527012.3.peg.2857-MONOMER_mod_fe2(1),0.0,-3.4432178807955816e-06
SHKK_FWD_527012.3.peg.2857-MONOMER_mod_fe2(1),0.0,-9.94474763734041e-09
SHKK_REV_527012.3.peg.3613-MONOMER_mod_mn2(1),0.0,-3.4606800511657062e-06
SHKK_FWD_527012.3.peg.3613-MONOMER_mod_mn2(1),0.0,-2.7406918007464933e-08
SHKK_REV_527012.3.peg.2857-MONOMER_mod_cobalt2(1),0.0,-3.4332731331582415e-06
SHKK_FWD_527012.3.peg.2857-MONOMER_mod_cobalt2(1),0.0025976281628384682,7.315495390804066e-36
SHKK_REV_527012.3.peg.2857-MONOMER_mod_mg2(1),0.0,-3.464643765739752e-06
SHKK_FWD_527012.3.peg.2857-MONOMER_mod_mg2(1),0.0,-3.137063258151076e-08
SHKK_REV_527012.3.peg.2857-MONOMER_mod_mn2(1),0.0,-3.446419530466113e-06
SHKK_FWD_527012.3.peg.2857-MONOMER_mod_mn2(1),0.0,-1.314639730787177e-08
SHKK_REV_527012.3.peg.2857-MONOMER_mod_k(1),0.0,-3.451235154962669e-06
SHKK_FWD_527012.3.peg.2857-MONOMER_mod_k(1),0.0,-1.7962021804427593e-08
SHKK_REV_527012.3.peg.3613-MONOMER_mod_cobalt2(1),0.0,-3.447340915319083e-06
SHKK_FWD_527012.3.peg.3613-MONOMER_mod_cobalt2(1),0.0,-1.4067782160841942e-08
SHKK_REV_527012.3.peg.3613-MONOMER_mod_mg2(1),0.0,-3.4791936322268044e-06
SHKK_FWD_527012.3.peg.3613-MONOMER_mod_mg2(1),0.0,-4.59204990685629e-08
SHKK_REV_527012.3.peg.3613-MONOMER_mod_ca2(1),0.0,-3.4550031850812232e-06
SHKK_FWD_527012.3.peg.3613-MONOMER_mod_ca2(1),0.0,-2.1730051922982004e-08
SHKK_REV_527012.3.peg.3613-MONOMER_mod_fe2(1),0.0,-3.4574315118568227e-06
SHKK_FWD_527012.3.peg.3613-MONOMER_mod_fe2(1),0.0,-2.415837869858129e-08
SHKK_REV_527012.3.peg.3613-MONOMER_mod_k(1),0.0,-3.465578763491343e-06
SHKK_FWD_527012.3.peg.3613-MONOMER_mod_k(1),0.0,-3.2305630333101715e-08
SHKK_REV_527012.3.peg.2857-MONOMER_mod_ca2(1),0.0,-3.440810671248001e-06
SHKK_FWD_527012.3.peg.2857-MONOMER_mod_ca2(1),0.0,-7.537538089759859e-09
SHMGTyOX_REV_g.2094.peg.1465-MONOMER,0.0,-3.3901210926610895e-06
SHMGTyOX_FWD_g.2094.peg.1465-MONOMER,0.0,-9.450060329943326e-37
SHMGTyOX_REV_g.2094.peg.2048-MONOMER_mod_zn2(1),0.0,-3.6874688687169384e-06
SHMGTyOX_FWD_g.2094.peg.2048-MONOMER_mod_zn2(1),0.0,-2.9734777605584883e-07
SHSL1r_REV_527012.3.peg.3582-MONOMER_mod_pydx5p(1),0.0,-3.8250797709927905e-06
SHSL1r_FWD_527012.3.peg.3582-MONOMER_mod_pydx5p(1),0.0,-3.5643539340195496e-06
SHSL2_REV_527012.3.peg.3582-MONOMER_mod_pydx5p(1),0.0,2.9022056425246567e-06
SHSL2_FWD_527012.3.peg.3582-MONOMER_mod_pydx5p(1),0.0,-1.0291639347536996e-05
SHSL4r_REV_g.2094.peg.2288-MONOMER,0.0,-5.274897755774878e-06
SHSL4r_FWD_g.2094.peg.2288-MONOMER,0.0,3.2896684255369944e-36
SNCOAT_REV_CPLX_ACACCTr-0,0.0,-2.2211447255138864e-37
SNCOAT_FWD_CPLX_ACACCTr-0,0.0,-5.805691303113374e-06
SO3t_REV_CPLX_dummy,0.0,1.0279857624228104e-36
SO3t_FWD_CPLX_dummy,0.0,-3.5850072839868364e-06
SO4t2_REV_CPLX_dummy,1.7979692359368827e-23,-1.091515564283316e-37
SO4t2_FWD_CPLX_dummy,0.0,-3.5850072839868364e-06
SOTA_REV_g.2094.peg.1152-MONOMER_mod_pydx5p(1),0.0,-5.114857233561919e-06
SOTA_FWD_g.2094.peg.1152-MONOMER_mod_pydx5p(1),0.0,5.78865695551065e-36
SPMDAT1_REV_g.2094.peg.1694-MONOMER,0.0,-4.501857625473908e-07
SPMDAT1_FWD_g.2094.peg.1694-MONOMER,0.0,-1.347305821814172e-36
SPMDAT2_REV_g.2094.peg.1694-MONOMER,0.0,-4.501857625473908e-07
SPMDAT2_FWD_g.2094.peg.1694-MONOMER,0.0,-2.8216259810797185e-36
SPMDabc_REV_CPLX_PTRCabc-0,0.0,-4.226767372462122e-06
SPMDabc_FWD_CPLX_PTRCabc-0,0.0012988140814192341,-1.619201716201146e-36
SPMS_REV_g.2094.peg.4442-MONOMER,0.0,-2.884775633418317e-06
SPMS_FWD_g.2094.peg.4442-MONOMER,0.0,-2.590548795171115e-36
SPODM_REV_g.2094.peg.1708-MONOMER,0.0,-1.2085227106716844e-06
SPODM_FWD_g.2094.peg.1708-MONOMER,0.0,-1.2378327083152354e-35
SPODM_REV_g.2094.peg.1112-MONOMER_mod_mn2(1),0.0,-1.3321696123009404e-06
SPODM_FWD_g.2094.peg.1112-MONOMER_mod_mn2(1),0.0,-1.2364690162925602e-07
SPODM_REV_g.2094.peg.4217-MONOMER_mod_cu2(1),0.0,-2.221291546194979e-06
SPODM_FWD_g.2094.peg.4217-MONOMER_mod_cu2(1),0.0,-1.0127688355232946e-06
SPODM_REV_g.2094.peg.210-MONOMER_mod_fe3(1),0.0,-1.5945759104307878e-06
SPODM_FWD_g.2094.peg.210-MONOMER_mod_fe3(1),0.0,-3.860531997591033e-07
SPTc_REV_g.2094.peg.3081-MONOMER,0.0,-4.610867201221167e-06
SPTc_FWD_g.2094.peg.3081-MONOMER,0.8900080250395682,5.448497672523839e-35
SRBL1PR_REV_g.2094.peg.4371-MONOMER,0.0,1.6368586288523253e-36
SRBL1PR_FWD_g.2094.peg.4371-MONOMER,0.0,-2.1504526046016183e-06
SRTNt2_REV_CPLX_dummy,0.0,-3.5850072839868364e-06
SRTNt2_FWD_CPLX_dummy,0.0,4.8504093257378315e-37
SSALyr_REV_g.2094.peg.2922-MONOMER,0.0,8.319993251272344e-36
SSALyr_FWD_g.2094.peg.2922-MONOMER,0.0,-5.115334048019436e-06
STCOATA_REV_g.2094.peg.638-MONOMER,0.0,-1.0121583192332686e-06
STCOATA_FWD_g.2094.peg.638-MONOMER,0.0,-7.785943636920757e-07
STCOATA_REV_g.2094.peg.342-MONOMER,0.0,-3.771882857717146e-06
STCOATA_FWD_g.2094.peg.342-MONOMER,0.0,-3.5383189021759535e-06
STCOATA_REV_g.2094.peg.697-MONOMER,0.0,-1.7891658121054908e-06
STCOATA_FWD_g.2094.peg.697-MONOMER,0.0,-1.5556018565642977e-06
STCOATA_REV_g.2094.peg.407-MONOMER,0.0,-3.3882655087523157e-06
STCOATA_FWD_g.2094.peg.407-MONOMER,0.0,-3.1547015532111226e-06
STCOATA_REV_g.2094.peg.3940-MONOMER,0.0,-3.3882655087523157e-06
STCOATA_FWD_g.2094.peg.3940-MONOMER,0.0,-3.1547015532111226e-06
STCOATA_REV_g.2094.peg.483-MONOMER,0.0,-2.4203513178829264e-06
STCOATA_FWD_g.2094.peg.483-MONOMER,0.0,-2.1867873623417334e-06
STCOATA_REV_g.2094.peg.3050-MONOMER,0.0,-1.0121583192332686e-06
STCOATA_FWD_g.2094.peg.3050-MONOMER,0.0,-7.785943636920757e-07
STCOATA_REV_g.2094.peg.3616-MONOMER,0.0,-2.4203513178829264e-06
STCOATA_FWD_g.2094.peg.3616-MONOMER,0.0,-2.1867873623417334e-06
STCOATA_REV_g.2094.peg.3146-MONOMER,0.0,-3.771882857717146e-06
STCOATA_FWD_g.2094.peg.3146-MONOMER,0.0,-3.5383189021759535e-06
SUCBZL_REV_CPLX_dummy,0.0,-3.5850072839868364e-06
SUCBZL_FWD_CPLX_dummy,0.0025976281628384682,-3.6703422712439804e-35
SUCBZS_REV_CPLX_dummy,0.0,-3.5850072839868364e-06
SUCBZS_FWD_CPLX_dummy,0.0025976281628384682,-4.4971479813628345e-36
SUCCITRDSs_REV_CPLX_dummy,0.0,-3.5850072839868364e-06
SUCCITRDSs_FWD_CPLX_dummy,0.0,-2.4476181166665664e-36
SUCCt2_3_REV_g.2094.peg.2051-MONOMER,0.0,0.007144005817997647
SUCCt2_3_FWD_g.2094.peg.2051-MONOMER,0.0,-0.007147637273824803
SUCCt2r_REV_g.2094.peg.1394-MONOMER,0.0,-2.2577744022336798e-06
SUCCt2r_FWD_g.2094.peg.1394-MONOMER,1.0,-5.279042089978384e-37
SUCCt2r_REV_g.2094.peg.4575-MONOMER,0.0,-3.436152384872486e-06
SUCCt2r_FWD_g.2094.peg.4575-MONOMER,0.0,-1.1783779826388066e-06
SUCCt2r_REV_g.2094.peg.2053-MONOMER,0.0,-2.749289968656266e-06
SUCCt2r_FWD_g.2094.peg.2053-MONOMER,0.0,-4.915155664225862e-07
SUCCt2r_REV_g.2094.peg.1509-MONOMER,0.0,-2.5154121659784193e-06
SUCCt2r_FWD_g.2094.peg.1509-MONOMER,0.0,-2.5763776374473954e-07
SUCD1_REV_CPLX_SUCD1-1,0.0,-2.0398014926678942e-06
SUCD1_FWD_CPLX_SUCD1-1,0.0,-2.823345361059128e-06
SUCD1_REV_g.2094.peg.3125-MONOMER,9.953510523533714e-22,1.8416414408677064e-36
SUCD1_FWD_g.2094.peg.3125-MONOMER,0.0,-7.835438683912336e-07
SUCD1_REV_CPLX_SUCD1-0,0.0,-1.8351823326245344e-06
SUCD1_FWD_CPLX_SUCD1-0,0.0,-2.618726201015768e-06
SUCD1_REV_CPLX_SUCD1-3,0.0,-2.054684790437842e-06
SUCD1_FWD_CPLX_SUCD1-3,0.0,-2.8382286588290756e-06
SUCD1_REV_g.2094.peg.3568-MONOMER,0.0,-2.7909587862534005e-07
SUCD1_FWD_g.2094.peg.3568-MONOMER,0.0,-1.0626397470165735e-06
SUCD1_REV_g.2094.peg.3795-MONOMER,0.0,-2.926352638354547e-07
SUCD1_FWD_g.2094.peg.3795-MONOMER,0.0,-1.0761791322266883e-06
SUCD1_REV_CPLX_SUCD1-2,0.0,-1.8483731471169687e-06
SUCD1_FWD_CPLX_SUCD1-2,0.0,-2.631917015508202e-06
SUCD1_REV_g.2094.peg.3704-MONOMER,0.0,-9.033806416624004e-08
SUCD1_FWD_g.2094.peg.3704-MONOMER,0.0,-8.738819325574736e-07
SUCD4_REV_CPLX_SUCD1-1,0.0,-1.949463428501654e-06
SUCD4_FWD_CPLX_SUCD1-1,0.0,-2.9136834252253676e-06
SUCD4_REV_CPLX_SUCD1-0,0.0,-1.7448442684582945e-06
SUCD4_FWD_CPLX_SUCD1-0,0.0,-2.7090642651820082e-06
SUCD4_REV_CPLX_SUCD1-3,0.0,-1.964346726271602e-06
SUCD4_FWD_CPLX_SUCD1-3,0.0,-2.928566722995316e-06
SUCD4_REV_g.2094.peg.3568-MONOMER,0.0,-1.887578144591e-07
SUCD4_FWD_g.2094.peg.3568-MONOMER,0.0,-1.1529778111828137e-06
SUCD4_REV_CPLX_SUCD1-2,0.0,-1.7580350829507288e-06
SUCD4_FWD_CPLX_SUCD1-2,0.0,-2.7222550796744423e-06
SUCD4_REV_g.2094.peg.3704-MONOMER,1.4642047159211194e-09,-1.0900619883097457e-35
SUCD4_FWD_g.2094.peg.3704-MONOMER,0.0,-9.642199967237136e-07
SUCDi_REV_CPLX_FRD2-0,0.0,-1.2633662777573017e-06
SUCDi_FWD_CPLX_FRD2-0,0.0,-3.011130142872249e-06
SUCDi_REV_CPLX_FRD2-1_mod_3fe4s(1)_mod_fad(1)_mod_2fe2s(1)_mod_4fe4s(1),0.0,-0.04001201006557608
SUCDi_FWD_CPLX_FRD2-1_mod_3fe4s(1)_mod_fad(1)_mod_2fe2s(1)_mod_4fe4s(1),0.0,-0.04001375782944119
SUCDimq_REV_CPLX_FRD2-0,0.0,-5.45467138760277e-07
SUCDimq_FWD_CPLX_FRD2-0,0.0,-3.7290292818692735e-06
SUCDimq_REV_CPLX_FRD2-1_mod_3fe4s(1)_mod_fad(1)_mod_2fe2s(1)_mod_4fe4s(1),0.0,-0.04001129216643708
SUCDimq_FWD_CPLX_FRD2-1_mod_3fe4s(1)_mod_fad(1)_mod_2fe2s(1)_mod_4fe4s(1),0.0,-0.0400144757285802
SUCOAS_REV_527012.3.peg.4373-MONOMER,0.0,-5.906498636471034e-07
SUCOAS_FWD_527012.3.peg.4373-MONOMER,0.0,-3.810863765606468e-06
SUCOAS_REV_527012.3.peg.4372-MONOMER,6.18379451581328e-23,1.6390329639879783e-35
SUCOAS_FWD_527012.3.peg.4372-MONOMER,0.0,-3.2202139019593644e-06
SUCORNTC_REV_CPLX_dummy,0.0,3.783497669260451e-06
SUCORNTC_FWD_CPLX_dummy,0.0,-7.368504953247287e-06
SUCpts_REV_CPLX_GALTpts-0,0.0,-4.356464137663749e-06
SUCpts_FWD_CPLX_GALTpts-0,0.0,2.9904382149223986e-37
SULR_REV_CPLX_SULR-0_mod_4fe4s(1)_mod_sheme(1)_mod_fmn(1)_mod_fad(1),0.0,-8.901029229446625e-06
SULR_FWD_CPLX_SULR-0_mod_4fe4s(1)_mod_sheme(1)_mod_fmn(1)_mod_fad(1),8.253048015628338e-23,-1.0505178335875717e-35
SULabc_REV_CPLX_SULabc-0,0.0,0.004472337162441103
SULabc_FWD_CPLX_SULabc-0,0.0,-0.004477141939219866
SULabc_REV_g.2094.peg.4710-MONOMER,0.0,0.00447420043293698
SULabc_FWD_g.2094.peg.4710-MONOMER,0.0,-0.0044752786687239894
SULabc_REV_g.2094.peg.4425-MONOMER,0.0,0.004474677807000306
SULabc_FWD_g.2094.peg.4425-MONOMER,0.0,-0.004474801294660664
TAGURr_REV_g.2094.peg.2752-MONOMER,0.0,-2.0004769068004773e-36
TAGURr_FWD_g.2094.peg.2752-MONOMER,0.0,-2.4981948813091387e-06
TALA_REV_527012.3.peg.2146-MONOMER,0.0,-2.7032883706645316e-06
TALA_FWD_527012.3.peg.2146-MONOMER,0.0,-5.5596836642533225e-06
TALA_REV_527012.3.peg.3724-MONOMER,0.0,-8.107249646202313e-07
TALA_FWD_527012.3.peg.3724-MONOMER,0.0,-3.667120258209022e-06
TAUDO_REV_g.2094.peg.2860-MONOMER_mod_fe2(1),0.0,-1.6878061798739644e-06
TAUDO_FWD_g.2094.peg.2860-MONOMER_mod_fe2(1),-6.455078779691454e-23,-5.244967945873837e-36
TAURabc_REV_g.2094.peg.2889-MONOMER,0.0,0.03216536243947153
TAURabc_FWD_g.2094.peg.2889-MONOMER,0.0,-0.03216795215395569
TAURabc_REV_g.2094.peg.2282-MONOMER,0.0,0.03216447552966261
TAURabc_FWD_g.2094.peg.2282-MONOMER,0.0,-0.0321688390637646
TAURabc_REV_g.2094.peg.2989-MONOMER,0.0,0.03216494556896348
TAURabc_FWD_g.2094.peg.2989-MONOMER,0.0,-0.03216836902446373
TDCOATA_REV_g.2094.peg.638-MONOMER,0.0,6.378763820334154e-36
TDCOATA_FWD_g.2094.peg.638-MONOMER,0.0,-1.7907544972228178e-06
TDCOATA_REV_g.2094.peg.342-MONOMER,0.0,-2.7597245384838776e-06
TDCOATA_FWD_g.2094.peg.342-MONOMER,0.0,-4.550479035706696e-06
TDCOATA_REV_g.2094.peg.697-MONOMER,0.0,-7.770074928722221e-07
TDCOATA_FWD_g.2094.peg.697-MONOMER,0.0,-2.56776199009504e-06
TDCOATA_REV_g.2094.peg.407-MONOMER,0.0,-2.376107189519047e-06
TDCOATA_FWD_g.2094.peg.407-MONOMER,0.0,-4.1668616867418645e-06
TDCOATA_REV_g.2094.peg.3940-MONOMER,0.0,-2.376107189519047e-06
TDCOATA_FWD_g.2094.peg.3940-MONOMER,0.0,-4.1668616867418645e-06
TDCOATA_REV_g.2094.peg.483-MONOMER,0.0,-1.4081929986496577e-06
TDCOATA_FWD_g.2094.peg.483-MONOMER,0.0,-3.1989474958724753e-06
TDCOATA_REV_g.2094.peg.3050-MONOMER,0.06294491855085045,6.375335222280628e-36
TDCOATA_FWD_g.2094.peg.3050-MONOMER,0.0,-1.7907544972228178e-06
TDCOATA_REV_g.2094.peg.3616-MONOMER,0.0,-1.4081929986496577e-06
TDCOATA_FWD_g.2094.peg.3616-MONOMER,0.0,-3.1989474958724753e-06
TDCOATA_REV_g.2094.peg.3146-MONOMER,0.0,-2.7597245384838776e-06
TDCOATA_FWD_g.2094.peg.3146-MONOMER,0.0,-4.550479035706696e-06
TDG3PACT_REV_g.2094.peg.2641-MONOMER,0.0,-2.0801811815744655e-07
TDG3PACT_FWD_g.2094.peg.2641-MONOMER,0.0,-4.951453774988172e-06
TDG3PACT_REV_CPLX_G3PAT120-0,0.0,-1.5140538190064183e-36
TDG3PACT_FWD_CPLX_G3PAT120-0,0.0,-4.743435656830726e-06
TDPADGAT_REV_g.2094.peg.3318-MONOMER,0.0,-2.913813120999643e-06
TDPADGAT_FWD_g.2094.peg.3318-MONOMER,0.0,-5.300914600766245e-36
TDPDRE_REV_CPLX_dummy,0.0,-3.5850072839868364e-06
TDPDRE_FWD_CPLX_dummy,0.010490760210035997,-1.7842560633321782e-37
TDPDRRr_REV_CPLX_dummy,0.0,-3.5850072839868364e-06
TDPDRRr_FWD_CPLX_dummy,0.010490760210035997,1.2563008390533858e-35
TDPGDH_REV_g.2094.peg.3975-MONOMER_mod_nad(1),0.0,-3.2112933813635958e-06
TDPGDH_FWD_g.2094.peg.3975-MONOMER_mod_nad(1),0.010490760210035997,-1.289114148644938e-36
TDSK_REV_g.2094.peg.1174-MONOMER_mod_mg2(1),0.0,-3.7212194455590915e-06
TDSK_FWD_g.2094.peg.1174-MONOMER_mod_mg2(1),0.010490760210035997,-2.894636162902973e-35
TECA5S140_REV_g.2094.peg.3844-MONOMER_mod_mg2(1),0.0,4.4076938585512137e-35
TECA5S140_FWD_g.2094.peg.3844-MONOMER_mod_mg2(1),0.0,-1.9298751926381086e-06
TECA5S140_REV_g.2094.peg.1683-MONOMER,0.0,-7.576374661288492e-07
TECA5S140_FWD_g.2094.peg.1683-MONOMER,0.0,-2.6875126587669575e-06
TECA5S160_REV_g.2094.peg.3844-MONOMER_mod_mg2(1),0.0,4.4076938585512137e-35
TECA5S160_FWD_g.2094.peg.3844-MONOMER_mod_mg2(1),0.0,-1.9298751926381086e-06
TECA5S160_REV_g.2094.peg.1683-MONOMER,0.0,-7.576374661288492e-07
TECA5S160_FWD_g.2094.peg.1683-MONOMER,0.0,-2.6875126587669575e-06
TECA5S180_REV_g.2094.peg.3844-MONOMER_mod_mg2(1),0.0,4.4076938585512137e-35
TECA5S180_FWD_g.2094.peg.3844-MONOMER_mod_mg2(1),0.0,-1.9298751926381086e-06
TECA5S180_REV_g.2094.peg.1683-MONOMER,0.0,-7.576374661288492e-07
TECA5S180_FWD_g.2094.peg.1683-MONOMER,0.0,-2.6875126587669575e-06
TECA5SAI15_REV_g.2094.peg.3844-MONOMER_mod_mg2(1),0.0,-1.9298751926381086e-06
TECA5SAI15_FWD_g.2094.peg.3844-MONOMER_mod_mg2(1),0.0,4.4076938585512137e-35
TECA5SAI15_REV_g.2094.peg.1683-MONOMER,0.0,-2.6875126587669575e-06
TECA5SAI15_FWD_g.2094.peg.1683-MONOMER,0.0,-7.576374661288492e-07
TECA5SAI17_REV_g.2094.peg.3844-MONOMER_mod_mg2(1),0.0,-1.9298751926381086e-06
TECA5SAI17_FWD_g.2094.peg.3844-MONOMER_mod_mg2(1),0.0,-1.0262132030338655e-34
TECA5SAI17_REV_g.2094.peg.1683-MONOMER,0.0,-2.6875126587669575e-06
TECA5SAI17_FWD_g.2094.peg.1683-MONOMER,0.0,-7.576374661288492e-07
TECA5SI14_REV_g.2094.peg.3844-MONOMER_mod_mg2(1),0.0,-1.9298751926381086e-06
TECA5SI14_FWD_g.2094.peg.3844-MONOMER_mod_mg2(1),0.0,-1.0262132030338655e-34
TECA5SI14_REV_g.2094.peg.1683-MONOMER,0.0,-2.6875126587669575e-06
TECA5SI14_FWD_g.2094.peg.1683-MONOMER,0.0,-7.576374661288492e-07
TECA5SI15_REV_g.2094.peg.3844-MONOMER_mod_mg2(1),0.0,-1.9298751926381086e-06
TECA5SI15_FWD_g.2094.peg.3844-MONOMER_mod_mg2(1),0.0,-1.0262132030338655e-34
TECA5SI15_REV_g.2094.peg.1683-MONOMER,0.0,-2.6875126587669575e-06
TECA5SI15_FWD_g.2094.peg.1683-MONOMER,0.0,-7.576374661288492e-07
TECA5SI16_REV_g.2094.peg.3844-MONOMER_mod_mg2(1),0.0,4.4076938585512137e-35
TECA5SI16_FWD_g.2094.peg.3844-MONOMER_mod_mg2(1),0.0,-1.9298751926381086e-06
TECA5SI16_REV_g.2094.peg.1683-MONOMER,0.0,-7.576374661288492e-07
TECA5SI16_FWD_g.2094.peg.1683-MONOMER,0.0,-2.6875126587669575e-06
TECA5SI17_REV_g.2094.peg.3844-MONOMER_mod_mg2(1),2.96790850747447e-44,4.4076938585512137e-35
TECA5SI17_FWD_g.2094.peg.3844-MONOMER_mod_mg2(1),0.0,-1.9298751926381086e-06
TECA5SI17_REV_g.2094.peg.1683-MONOMER,0.0,-7.576374661288492e-07
TECA5SI17_FWD_g.2094.peg.1683-MONOMER,0.0,-2.6875126587669575e-06
THD1_REV_g.2094.peg.632-MONOMER,0.0,-1.639848395494493e-07
THD1_FWD_g.2094.peg.632-MONOMER,0.0,-4.656830905007836e-06
THD1_REV_g.2094.peg.254-MONOMER,0.0,-9.952117135715771e-08
THD1_FWD_g.2094.peg.254-MONOMER,0.0,-4.592367236815544e-06
THD1_REV_g.2094.peg.2299-MONOMER_mod_fad(1),0.0,-1.6742975358685008e-06
THD1_FWD_g.2094.peg.2299-MONOMER_mod_fad(1),0.0,-6.167143601326888e-06
THD2_REV_g.2094.peg.2299-MONOMER_mod_fad(1),0.0,0.007140783289511015
THD2_FWD_g.2094.peg.2299-MONOMER_mod_fad(1),0.0,-0.0071486247306482105
THD2_REV_CPLX_THD2-0,0.0,0.007141340259701195
THD2_FWD_CPLX_THD2-0,0.0,-0.007148067760458031
THDPS_REV_g.2094.peg.2699-MONOMER,0.0,-3.120508432272272e-06
THDPS_FWD_g.2094.peg.2699-MONOMER,0.0,1.4882690000866894e-35
THIORDXi_REV_g.2094.peg.3578-MONOMER,0.0,0.014295460310405126
THIORDXi_FWD_g.2094.peg.3578-MONOMER,0.0,-0.014299078275938674
THMDt2r_REV_g.2094.peg.2845-MONOMER,5.869867120565512e-23,-2.9501634153862504e-37
THMDt2r_FWD_g.2094.peg.2845-MONOMER,0.0,-3.4218307627177596e-06
THMDt2r_REV_g.2094.peg.4014-MONOMER,0.0,-2.4989915454689215e-07
THMDt2r_FWD_g.2094.peg.4014-MONOMER,0.0,-3.671729917264652e-06
THMDt2r_REV_g.2094.peg.2416-MONOMER,0.0,-9.512810923790792e-08
THMDt2r_FWD_g.2094.peg.2416-MONOMER,0.0,-3.516958871955668e-06
THMPPC_REV_g.2094.peg.2763-MONOMER,0.0,-4.8285341244666196e-06
THMPPC_FWD_g.2094.peg.2763-MONOMER,1.026989256646963,-1.5476779577670697e-35
THMabc_REV_CPLX_THMabc-0,0.0,0.011615513078513605
THMabc_FWD_CPLX_THMabc-0,0.0,-0.01162042942843218
THMt3_REV_g.2094.peg.478-MONOMER,0.0,-3.852453655883354e-06
THMt3_FWD_g.2094.peg.478-MONOMER,0.001300328610765788,4.56733452137389e-37
THRAi_REV_527012.3.peg.1137-MONOMER_mod_pydx5p(1),0.0,0.00534867136347955
THRAi_FWD_527012.3.peg.1137-MONOMER_mod_pydx5p(1),0.0,-0.005355579946355738
THRD_REV_527012.3.peg.3432-MONOMER_mod_zn2(1),0.0,0.005349007343035375
THRD_FWD_527012.3.peg.3432-MONOMER_mod_zn2(1),0.0,-0.005354082226383215
THRD_L_REV_527012.3.peg.2337-MONOMER_mod_pydx5p(1),0.0,-5.470047122547234e-06
THRD_L_FWD_527012.3.peg.2337-MONOMER_mod_pydx5p(1),0.0,-1.2978236358502914e-06
THRD_L_REV_527012.3.peg.4195-MONOMER,0.0,-4.1722234866969424e-06
THRD_L_FWD_527012.3.peg.4195-MONOMER,0.10957850016681252,1.0259677740312872e-34
THRD_L_REV_527012.3.peg.4258-MONOMER_mod_pydx5p(1),0.0,-5.360466404221502e-06
THRD_L_FWD_527012.3.peg.4258-MONOMER_mod_pydx5p(1),0.0,-1.1882429175245593e-06
THRPD_REV_g.2094.peg.2428-MONOMER,0.0,-1.8741450219089997e-06
THRPD_FWD_g.2094.peg.2428-MONOMER,0.0,-1.6821217420197404e-35
THRPD_REV_g.2094.peg.633-MONOMER,0.0,-1.8741450219089997e-06
THRPD_FWD_g.2094.peg.633-MONOMER,0.0,-1.6821217420197404e-35
THRS_REV_527012.3.peg.3722-MONOMER_mod_pydx5p(1),0.0,-2.1293729263150422e-07
THRS_FWD_527012.3.peg.3722-MONOMER_mod_pydx5p(1),0.0,-3.3295182675744395e-06
THRt2r_REV_g.2094.peg.1370-MONOMER,0.0,-3.1584788240766884e-06
THRt2r_FWD_g.2094.peg.1370-MONOMER,0.225,-2.8321833909638425e-37
THSFST_REV_g.2094.peg.3495-MONOMER,0.0,-9.523542756157338e-07
THSFST_FWD_g.2094.peg.3495-MONOMER,-4.572795251152852e-32,-3.5035145381300956e-36
THZPSN_REV_527012.3.peg.4451-MONOMER,0.0,-3.5372958713197523e-06
THZPSN_FWD_527012.3.peg.4451-MONOMER,0.0,3.6802313256135466e-36
TKT1_REV_527012.3.peg.2300-MONOMER_mod_thmpp(1)_mod_mn2(1)_mod_mg2(1),0.0,-5.805998554746737e-06
TKT1_FWD_527012.3.peg.2300-MONOMER_mod_thmpp(1)_mod_mn2(1)_mod_mg2(1),1.2128875902269025,-1.3550954522334606e-36
TKT2_REV_527012.3.peg.2300-MONOMER_mod_thmpp(1)_mod_mn2(1)_mod_mg2(1),0.0,-5.805998554746737e-06
TKT2_FWD_527012.3.peg.2300-MONOMER_mod_thmpp(1)_mod_mn2(1)_mod_mg2(1),1.1683269212239202,2.5730510250122964e-36
TMAOR1_REV_CPLX_DMSOR1-4,0.0,-4.39113593177655e-06
TMAOR1_FWD_CPLX_DMSOR1-4,0.0,-3.749271654648686e-07
TMAOR1_REV_CPLX_DMSOR1-7,0.0,-4.411824365718287e-06
TMAOR1_FWD_CPLX_DMSOR1-7,0.0,-3.956155994066068e-07
TMAOR1_REV_CPLX_DMSOR1-2,0.0,-4.489222258089932e-06
TMAOR1_FWD_CPLX_DMSOR1-2,0.0,-4.730134917782512e-07
TMAOR1_REV_CPLX_DMSOR1-1_mod_bmocogdp(1),0.0,-4.571575829435205e-06
TMAOR1_FWD_CPLX_DMSOR1-1_mod_bmocogdp(1),0.0,-5.553670631235244e-07
TMAOR1_REV_CPLX_DMSOR1-3,0.0,-4.539676845663204e-06
TMAOR1_FWD_CPLX_DMSOR1-3,0.0,-5.234680793515229e-07
TMAOR1_REV_CPLX_DMSOR1-0,0.0,-4.521609572330652e-06
TMAOR1_FWD_CPLX_DMSOR1-0,0.0,-5.054008060189705e-07
TMAOR1_REV_CPLX_DMSOR1-6,0.0,-4.358949454223598e-06
TMAOR1_FWD_CPLX_DMSOR1-6,0.0,-3.427406879119174e-07
TMAOR1_REV_CPLX_DMSOR1-5,0.0,-4.443531358345186e-06
TMAOR1_FWD_CPLX_DMSOR1-5,0.0,-4.273225920335052e-07
TMAOR1e_REV_CPLX_dummy,0.0,-3.242266596074919e-06
TMAOR1e_FWD_CPLX_dummy,0.0,-3.427406879119174e-07
TMAOR2_REV_CPLX_DMSOR1-4,0.0,-4.733876619688467e-06
TMAOR2_FWD_CPLX_DMSOR1-4,0.0,-3.218647755295122e-08
TMAOR2_REV_CPLX_DMSOR1-7,0.0,-4.754565053630205e-06
TMAOR2_FWD_CPLX_DMSOR1-7,0.0,-5.2874911494689426e-08
TMAOR2_REV_CPLX_DMSOR1-2,0.0,-4.83196294600185e-06
TMAOR2_FWD_CPLX_DMSOR1-2,0.0,-1.3027280386633383e-07
TMAOR2_REV_CPLX_DMSOR1-1_mod_bmocogdp(1),0.0,-4.914316517347123e-06
TMAOR2_FWD_CPLX_DMSOR1-1_mod_bmocogdp(1),0.0,-2.1262637521160704e-07
TMAOR2_REV_CPLX_DMSOR1-3,0.0,-4.882417533575121e-06
TMAOR2_FWD_CPLX_DMSOR1-3,0.0,-1.8072739143960556e-07
TMAOR2_REV_CPLX_DMSOR1-0,0.0,-4.864350260242569e-06
TMAOR2_FWD_CPLX_DMSOR1-0,0.0,-1.6266011810705317e-07
TMAOR2_REV_CPLX_DMSOR1-6,0.0,-4.701690142135515e-06
TMAOR2_FWD_CPLX_DMSOR1-6,3.5251963845956e-25,-7.409239433441224e-36
TMAOR2_REV_CPLX_DMSOR1-5,0.0,-4.786272046257103e-06
TMAOR2_FWD_CPLX_DMSOR1-5,0.0,-8.458190412158781e-08
TMAOR2e_REV_CPLX_dummy,0.0,-3.5850072839868364e-06
TMAOR2e_FWD_CPLX_dummy,0.0,2.8341983006643457e-35
TMDK1_REV_g.2094.peg.1958-MONOMER_mod_mg2(1),0.0,0.004721822787226706
TMDK1_FWD_g.2094.peg.1958-MONOMER_mod_mg2(1),0.0,-0.004724708714144526
TMDK2_REV_CPLX_dummy,0.0,0.004722699900700013
TMDK2_FWD_CPLX_dummy,0.0,-0.0047262849079839995
TMDPP_REV_g.2094.peg.4635-MONOMER,0.0,-1.6493285907554653e-36
TMDPP_FWD_g.2094.peg.4635-MONOMER,0.0,-6.15609936978411e-06
TMDS_REV_g.2094.peg.2409-MONOMER_mod_mg2(1),0.0,-2.562630486613006e-06
TMDS_FWD_g.2094.peg.2409-MONOMER_mod_mg2(1),0.01791878437389495,-7.706368520150048e-36
TMK_REV_g.2094.peg.153-MONOMER_mod_mg2(1),0.0,-3.4198621187442875e-06
TMK_FWD_g.2094.peg.153-MONOMER_mod_mg2(1),0.001300328610765788,-1.224202835040812e-36
TMN_REV_g.2094.peg.1337-MONOMER,0.0,0.016099454122165763
TMN_FWD_g.2094.peg.1337-MONOMER,0.0,-0.016103502275509867
TMPK_REV_g.2094.peg.3129-MONOMER_mod_mg2(1),0.0,-4.947238453881328e-06
TMPK_FWD_g.2094.peg.3129-MONOMER_mod_mg2(1),0.001300328610765788,1.779452943763061e-35
TMPPP_REV_527012.3.peg.4454-MONOMER_mod_mg2(1),0.0,-3.655099738418334e-06
TMPPP_FWD_527012.3.peg.4454-MONOMER_mod_mg2(1),0.0,-8.841008462030027e-36
TPI_REV_527012.3.peg.3563-MONOMER,0.0,-5.37206738117413e-06
TPI_FWD_527012.3.peg.3563-MONOMER,8.176964629319295,1.1962572244242524e-36
TRDOXOX_REV_g.2094.peg.1617-MONOMER,0.0,2.569866972812401e-36
TRDOXOX_FWD_g.2094.peg.1617-MONOMER,0.0,-2.393179518211209e-06
TRDRr_REV_g.2094.peg.1851-MONOMER,0.0,-5.936834135472846e-06
TRDRr_FWD_g.2094.peg.1851-MONOMER,0.016091989437522266,-1.2655799139084964e-34
TRE6PH_REV_g.2094.peg.1349-MONOMER,0.0,-2.5450091644988016e-06
TRE6PH_FWD_g.2094.peg.1349-MONOMER,0.07449289,3.217676421549464e-36
TRE6PH_REV_g.2094.peg.2756-MONOMER,0.0,-2.677039523651095e-06
TRE6PH_FWD_g.2094.peg.2756-MONOMER,0.0,-1.3203035915229348e-07
TREpts_REV_CPLX_TREpts-0,0.0,-4.6428981228553e-06
TREpts_FWD_CPLX_TREpts-0,0.07449289,1.7560612114930996e-36
TRIOK_REV_g.2094.peg.2445-MONOMER,0.0,-5.859675923180283e-06
TRIOK_FWD_g.2094.peg.2445-MONOMER,1.262472485039568,-5.7936932166734256e-36
TRPAS2i_REV_g.2094.peg.4450-MONOMER,0.0,-5.814197334081618e-06
TRPAS2i_FWD_g.2094.peg.4450-MONOMER,0.051738170884608296,1.6728481642693763e-38
TRPS1_REV_527012.3.peg.2188-MONOMER,0.0,0.00802785281264475
TRPS1_FWD_527012.3.peg.2188-MONOMER,0.0,-0.008032309958187496
TRPS1_REV_527012.3.peg.2189-MONOMER,0.0,0.008028176741129933
TRPS1_FWD_527012.3.peg.2189-MONOMER,0.0,-0.008031986029702315
TRPS2_REV_527012.3.peg.2188-MONOMER,0.0,0.008029757456930943
TRPS2_FWD_527012.3.peg.2188-MONOMER,0.0,-0.008034214602473689
TRPS2_REV_527012.3.peg.2189-MONOMER,0.0,0.008030081385416124
TRPS2_FWD_527012.3.peg.2189-MONOMER,0.0,-0.008033890673988507
TRPS3_REV_527012.3.peg.2188-MONOMER,0.0,-4.133217057564268e-06
TRPS3_FWD_527012.3.peg.2188-MONOMER,0.0,-3.239284851814928e-07
TRPS3_REV_527012.3.peg.2189-MONOMER,0.0,-3.809288572382775e-06
TRPS3_FWD_527012.3.peg.2189-MONOMER,0.0,-6.827107053917291e-38
TRPTA_REV_527012.3.peg.350-MONOMER,0.0,-1.924946242200717e-37
TRPTA_FWD_527012.3.peg.350-MONOMER,0.0,-4.598834942622306e-06
TRPTA_REV_527012.3.peg.83-MONOMER,0.0,-1.918540431078585e-37
TRPTA_FWD_527012.3.peg.83-MONOMER,0.0,-4.598834942622306e-06
TRPt2r_REV_g.2094.peg.946-MONOMER,0.0,-3.9671911618349326e-06
TRPt2r_FWD_g.2094.peg.946-MONOMER,0.0,-7.004919053468628e-07
TRPt2r_REV_g.2094.peg.552-MONOMER,0.0,-3.2887301296614174e-06
TRPt2r_FWD_g.2094.peg.552-MONOMER,0.0,-2.2030873173347407e-08
TRPt2r_REV_g.2094.peg.4562-MONOMER,0.0,-3.26669925648807e-06
TRPt2r_FWD_g.2094.peg.4562-MONOMER,0.08181818,6.882768405715325e-37
TRYPTAt2_REV_CPLX_dummy,0.0,-3.5850072839868364e-06
TRYPTAt2_FWD_CPLX_dummy,0.0,-8.759545503169091e-37
TSULST_REV_g.2094.peg.2617-MONOMER,0.0,-4.7064687666190855e-06
TSULST_FWD_g.2094.peg.2617-MONOMER,0.0018267628169440055,1.1637917461088356e-36
TSULabc_REV_g.2094.peg.3669-MONOMER,0.0,-2.5722983175443297e-06
TSULabc_FWD_g.2094.peg.3669-MONOMER,5.946504713248437e-24,-8.180187891152859e-37
TSULabc_REV_g.2094.peg.3576-MONOMER,0.0,-3.2259984598226326e-06
TSULabc_FWD_g.2094.peg.3576-MONOMER,0.0,-6.537001422783029e-07
TTDCAt2_REV_g.2094.peg.3807-MONOMER,0.0,-5.563310469364056e-06
TTDCAt2_FWD_g.2094.peg.3807-MONOMER,0.06294491855085045,-2.359696462394105e-37
TTHrdmq_REV_CPLX_dummy,0.0,-3.5850072839868364e-06
TTHrdmq_FWD_CPLX_dummy,0.0,4.178758963795684e-36
TTHrmq_REV_CPLX_dummy,0.0,-3.242266596074919e-06
TTHrmq_FWD_CPLX_dummy,0.0,-3.427406879119174e-07
TYMt2r_REV_CPLX_dummy,0.9064509639687435,3.707132183064612e-37
TYMt2r_FWD_CPLX_dummy,0.0,-3.5850072839868364e-06
TYRCBOX_REV_g.2094.peg.2789-MONOMER_mod_mg2(1),0.0,-7.562285475758723e-06
TYRCBOX_FWD_g.2094.peg.2789-MONOMER_mod_mg2(1),0.9064509639687435,-2.2301557226438425e-36
TYRTA_REV_527012.3.peg.350-MONOMER,4.583733915805903e-23,1.7645578071897655e-35
TYRTA_FWD_527012.3.peg.350-MONOMER,0.0,-4.598834942622306e-06
TYRTA_REV_527012.3.peg.83-MONOMER,0.0,1.7646135638153186e-35
TYRTA_FWD_527012.3.peg.83-MONOMER,0.0,-4.598834942622306e-06
TYRt2r_REV_g.2094.peg.552-MONOMER,0.0,-3.2887301296614174e-06
TYRt2r_FWD_g.2094.peg.552-MONOMER,0.0,-2.2030873173347407e-08
TYRt2r_REV_g.2094.peg.4562-MONOMER,0.0,-3.26669925648807e-06
TYRt2r_FWD_g.2094.peg.4562-MONOMER,1.0,7.509378729942681e-37
TYRt2r_REV_g.2094.peg.4180-MONOMER,0.0,-3.876180415580365e-06
TYRt2r_FWD_g.2094.peg.4180-MONOMER,0.0,-6.094811590922947e-07
U23GAAT_REV_g.2094.peg.2579-MONOMER,0.0,-5.4397541675225815e-06
U23GAAT_FWD_g.2094.peg.2579-MONOMER,0.020981520420071995,1.8682416699568808e-35
UAAGDS_REV_g.2094.peg.4074-MONOMER,0.0,-4.686445715293139e-06
UAAGDS_FWD_g.2094.peg.4074-MONOMER,0.0,-2.4365036521103104e-36
UAG2E_REV_g.2094.peg.1410-MONOMER,0.0,-1.7848083758210326e-07
UAG2E_FWD_g.2094.peg.1410-MONOMER,0.0,-3.0739661727531023e-06
UAG2E_REV_g.2094.peg.3030-MONOMER_mod_nad(1),0.0,-6.516886415926593e-37
UAG2E_FWD_g.2094.peg.3030-MONOMER_mod_nad(1),0.0,-2.895485335170999e-06
UAG2EMA_REV_g.2094.peg.1410-MONOMER,0.0,-3.0739661727531023e-06
UAG2EMA_FWD_g.2094.peg.1410-MONOMER,0.0,-1.7848083758210326e-07
UAG2EMA_REV_g.2094.peg.3030-MONOMER_mod_nad(1),0.0,-2.895485335170999e-06
UAG2EMA_FWD_g.2094.peg.3030-MONOMER_mod_nad(1),0.0,-4.74435452876901e-36
UAG4E_REV_g.2094.peg.1353-MONOMER,0.0,-1.8867737540618636e-07
UAG4E_FWD_g.2094.peg.1353-MONOMER,0.0,-3.6336134852326426e-06
UAG4E_REV_g.2094.peg.2530-MONOMER_mod_nad(1),0.0,-3.0614894957845365e-07
UAG4E_FWD_g.2094.peg.2530-MONOMER_mod_nad(1),0.0,-3.7510850594049098e-06
UAG4E_REV_g.2094.peg.1292-MONOMER,0.0,1.1481309893033525e-35
UAG4E_FWD_g.2094.peg.1292-MONOMER,0.0,-3.4449361098264562e-06
UAGAAT_REV_g.2094.peg.2293-MONOMER,0.0,-4.953479515810954e-06
UAGAAT_FWD_g.2094.peg.2293-MONOMER,0.0,-7.831988201599429e-07
UAGAAT_REV_g.2094.peg.3926-MONOMER,0.0,-4.170280695651011e-06
UAGAAT_FWD_g.2094.peg.3926-MONOMER,0.020981520420071995,-1.0027234650834547e-36
UAGCVT_r_REV_g.2094.peg.2334-MONOMER,0.0,4.0164643252928187e-35
UAGCVT_r_FWD_g.2094.peg.2334-MONOMER,0.0,-4.202086213581417e-06
UAGDP_REV_527012.3.peg.4221-MONOMER_mod_mg2(1),0.0,-6.71972183523437e-06
UAGDP_FWD_527012.3.peg.4221-MONOMER_mod_mg2(1),0.020981520420071995,3.8277420827642084e-36
UAGPT2_REV_g.2094.peg.4438-MONOMER,0.0,-5.084578032244397e-06
UAGPT2_FWD_g.2094.peg.4438-MONOMER,0.0,-2.3925287755786815e-36
UAGPT3_REV_g.2094.peg.4438-MONOMER,0.0,-5.084578032244397e-06
UAGPT3_FWD_g.2094.peg.4438-MONOMER,0.0,-4.4182711567776037e-35
UAMAGS_REV_g.2094.peg.4466-MONOMER_mod_k(1)_mod_mg2(1),0.0,-5.688142523856173e-06
UAMAGS_FWD_g.2094.peg.4466-MONOMER_mod_k(1)_mod_mg2(1),0.0,-1.4740425095257857e-36
UAMAS_REV_g.2094.peg.4363-MONOMER_mod_mg2(1),0.0,-3.7619020656783985e-06
UAMAS_FWD_g.2094.peg.4363-MONOMER_mod_mg2(1),0.0,6.497030982363007e-35
UAPGR_REV_g.2094.peg.3853-MONOMER_mod_fad(1),0.0,-2.16641591566266e-06
UAPGR_FWD_g.2094.peg.3853-MONOMER_mod_fad(1),0.0,3.937643082497839e-35
UDCPDP_REV_g.2094.peg.160-MONOMER,0.0,-1.6568651509270204e-06
UDCPDP_FWD_g.2094.peg.160-MONOMER,0.0,-5.686953692655787e-35
UDCPDPS_REV_g.2094.peg.2311-MONOMER_mod_mg2(1),0.0,-4.233254659833746e-06
UDCPDPS_FWD_g.2094.peg.2311-MONOMER_mod_mg2(1),0.010490760210035997,4.354527251194906e-35
UDPG4E_REV_g.2094.peg.1353-MONOMER,0.0,-1.8867737540618636e-07
UDPG4E_FWD_g.2094.peg.1353-MONOMER,0.0,-3.6336134852326426e-06
UDPG4E_REV_g.2094.peg.2530-MONOMER_mod_nad(1),0.0,-3.0614894957845365e-07
UDPG4E_FWD_g.2094.peg.2530-MONOMER_mod_nad(1),0.0,-3.7510850594049098e-06
UDPG4E_REV_g.2094.peg.1292-MONOMER,0.14898579,-3.945496530888914e-37
UDPG4E_FWD_g.2094.peg.1292-MONOMER,0.0,-3.4449361098264562e-06
UDPGDr_REV_g.2094.peg.3614-MONOMER,0.0,-9.463893935238786e-08
UDPGDr_FWD_g.2094.peg.3614-MONOMER,0.0,-2.6039731703197078e-06
UDPGDr_REV_g.2094.peg.1007-MONOMER,0.0,-5.046644279668698e-35
UDPGDr_FWD_g.2094.peg.1007-MONOMER,0.0,-2.50933423096732e-06
UDPGDr_REV_g.2094.peg.1435-MONOMER,0.0,-3.187886910190781e-07
UDPGDr_FWD_g.2094.peg.1435-MONOMER,0.0,-2.828122921986398e-06
UDPGP_REV_g.2094.peg.1795-MONOMER,0.0,0.016097455363527722
UDPGP_FWD_g.2094.peg.1795-MONOMER,0.0,-0.016100262165646136
UDPGP_REV_g.2094.peg.1326-MONOMER_mod_zn2(1),0.0,0.01609704449889735
UDPGP_FWD_g.2094.peg.1326-MONOMER_mod_zn2(1),0.0,-0.01610067303027651
UDPGP_REV_g.2094.peg.1326-MONOMER_mod_cobalt2(1),0.0,0.01609703470531809
UDPGP_FWD_g.2094.peg.1326-MONOMER_mod_cobalt2(1),0.0,-0.01610068282385577
UGLYCH_REV_g.2094.peg.586-MONOMER,0.0,-6.953241953541482e-07
UGLYCH_FWD_g.2094.peg.586-MONOMER,0.0,2.9396015376222064e-36
UGLYCH_REV_g.2094.peg.3634-MONOMER,0.0,-6.953241953541482e-07
UGLYCH_FWD_g.2094.peg.3634-MONOMER,0.0,2.939435926267974e-36
UGMDDS_REV_g.2094.peg.4284-MONOMER,0.0,-4.334497215804912e-06
UGMDDS_FWD_g.2094.peg.4284-MONOMER,0.0,-1.1490094124041519e-35
UHGADA_REV_g.2094.peg.4125-MONOMER,0.0,-3.5153869162719287e-06
UHGADA_FWD_g.2094.peg.4125-MONOMER,0.020981520420071995,-2.929264892600659e-35
UMPK_REV_527012.3.peg.3059-MONOMER,0.0,-6.7500124963470135e-06
UMPK_FWD_527012.3.peg.3059-MONOMER,0.08521851228896286,2.8428739729565513e-36
UNK3_REV_g.2094.peg.3602-MONOMER,0.0,0.07354265274817019
UNK3_FWD_g.2094.peg.3602-MONOMER,0.0,-0.07354499784208564
UNK3_REV_g.2094.peg.2623-MONOMER,0.0,0.07354234889290406
UNK3_FWD_g.2094.peg.2623-MONOMER,0.0,-0.07354530169735177
UPP3MT3_REV_g.2094.peg.2480-MONOMER,0.0,-7.900549717093961e-08
UPP3MT3_FWD_g.2094.peg.2480-MONOMER,0.0,-3.3260606473296316e-06
UPP3MT3_REV_g.2094.peg.2633-MONOMER,1.1338333256766326e-25,-3.214079399842978e-37
UPP3MT3_FWD_g.2094.peg.2633-MONOMER,0.0,-3.247055150158692e-06
UPP3MT3_REV_g.2094.peg.4167-MONOMER,0.0,-1.2607640671281398e-06
UPP3MT3_FWD_g.2094.peg.4167-MONOMER,0.0,-4.507819217286832e-06
UPP3MT3_REV_g.2094.peg.288-MONOMER,0.0,-3.214079399842978e-37
UPP3MT3_FWD_g.2094.peg.288-MONOMER,0.0,-3.247055150158692e-06
UPP3S_REV_g.2094.peg.3653-MONOMER,0.0,-3.134036575694849e-06
UPP3S_FWD_g.2094.peg.3653-MONOMER,-7.796632155770765e-43,-5.003000914380595e-36
UPPDC1_REV_g.2094.peg.4367-MONOMER,0.0,-2.652076749554068e-06
UPPDC1_FWD_g.2094.peg.4367-MONOMER,1.1338333256766326e-25,5.70289977822083e-36
UPPDC2b_REV_g.2094.peg.4367-MONOMER,0.0,-2.652076749554068e-06
UPPDC2b_FWD_g.2094.peg.4367-MONOMER,0.0,-7.169277622392904e-37
UPPRT_REV_g.2094.peg.1901-MONOMER,0.0,0.008049482130227584
UPPRT_FWD_g.2094.peg.1901-MONOMER,0.0,-0.008053862833186898
URAt2_REV_g.2094.peg.1026-MONOMER,0.0,0.02348516634321396
URAt2_FWD_g.2094.peg.1026-MONOMER,0.0,-0.02348847105567446
URAt2_REV_g.2094.peg.478-MONOMER,0.0,0.02348489247261627
URAt2_FWD_g.2094.peg.478-MONOMER,0.0,-0.02348874492627215
URCN_REV_g.2094.peg.3826-MONOMER,0.0,-5.292392017663527e-06
URCN_FWD_g.2094.peg.3826-MONOMER,0.0,3.254471260126282e-36
URCN_REV_g.2094.peg.1031-MONOMER,0.0,-5.292392017663527e-06
URCN_FWD_g.2094.peg.1031-MONOMER,1.25431105521522e-34,3.257784963840296e-36
URDGLYAH_REV_g.2094.peg.1581-MONOMER,0.0,-2.325995105492084e-06
URDGLYAH_FWD_g.2094.peg.1581-MONOMER,0.0,-3.6322871925822514e-38
UREA_REV_CPLX_UREA-1,0.0,-2.300512162695964e-06
UREA_FWD_CPLX_UREA-1,0.0,-6.492456459152013e-07
UREA_REV_CPLX_UREA-0,0.0,-2.711466150500031e-06
UREA_FWD_CPLX_UREA-0,0.0,-1.0601996337192683e-06
UREA_REV_g.2094.peg.1946-MONOMER,0.0,-1.6512665167807628e-06
UREA_FWD_g.2094.peg.1946-MONOMER,0.0,-5.685596768683228e-37
UREAt_REV_g.2094.peg.472-MONOMER,0.0,3.7188822254373497e-37
UREAt_FWD_g.2094.peg.472-MONOMER,0.0,-2.9998626755557443e-06
URFGTT_REV_g.2094.peg.1796-MONOMER,0.0,-2.8995259081630016e-06
URFGTT_FWD_g.2094.peg.1796-MONOMER,0.0,1.2300872391789564e-36
URIDK3_REV_g.2094.peg.2320-MONOMER_mod_mg2(1),0.0,-4.1025291656067265e-07
URIDK3_FWD_g.2094.peg.2320-MONOMER_mod_mg2(1),0.0,-2.8454400880953383e-06
URIDK3_REV_g.2094.peg.4498-MONOMER,0.0,-4.241771321641762e-36
URIDK3_FWD_g.2094.peg.4498-MONOMER,0.0,-2.4351871715346656e-06
URIK1_REV_g.2094.peg.4549-MONOMER_mod_mg2(1),0.0,-2.006443191918604e-06
URIK1_FWD_g.2094.peg.4549-MONOMER_mod_mg2(1),0.052729141374475416,-2.92872403275635e-35
URIK1_REV_g.2094.peg.4695-MONOMER_mod_mg2(1),0.0,-3.286114604017345e-06
URIK1_FWD_g.2094.peg.4695-MONOMER_mod_mg2(1),0.0,-1.2796714120987408e-06
URIK1_REV_g.2094.peg.2301-MONOMER,0.0,-2.024401780673137e-06
URIK1_FWD_g.2094.peg.2301-MONOMER,0.0,-1.7958588754532995e-08
URIK10_REV_g.2094.peg.4549-MONOMER_mod_mg2(1),0.0,-7.797895355281836e-07
URIK10_FWD_g.2094.peg.4549-MONOMER_mod_mg2(1),0.0,-1.2266536563904204e-06
URIK10_REV_g.2094.peg.4695-MONOMER_mod_mg2(1),0.0,-2.0594609476269245e-06
URIK10_FWD_g.2094.peg.4695-MONOMER_mod_mg2(1),0.0,-2.506325068489161e-06
URIK10_REV_g.2094.peg.2301-MONOMER,0.0,-7.977481242827166e-07
URIK10_FWD_g.2094.peg.2301-MONOMER,0.0,-1.2446122451449533e-06
URIK11_REV_g.2094.peg.4549-MONOMER_mod_mg2(1),0.0,-2.006443191918604e-06
URIK11_FWD_g.2094.peg.4549-MONOMER_mod_mg2(1),0.0,4.1983247678239865e-35
URIK11_REV_g.2094.peg.4695-MONOMER_mod_mg2(1),0.0,-3.286114604017345e-06
URIK11_FWD_g.2094.peg.4695-MONOMER_mod_mg2(1),0.0,-1.2796714120987408e-06
URIK11_REV_g.2094.peg.2301-MONOMER,0.0,-2.024401780673137e-06
URIK11_FWD_g.2094.peg.2301-MONOMER,0.0,-1.7958588754532995e-08
URIK12_REV_g.2094.peg.4549-MONOMER_mod_mg2(1),0.0,-7.797895355281836e-07
URIK12_FWD_g.2094.peg.4549-MONOMER_mod_mg2(1),0.0,-1.2266536563904204e-06
URIK12_REV_g.2094.peg.4695-MONOMER_mod_mg2(1),0.0,-2.0594609476269245e-06
URIK12_FWD_g.2094.peg.4695-MONOMER_mod_mg2(1),0.0,-2.506325068489161e-06
URIK12_REV_g.2094.peg.2301-MONOMER,0.0,-7.977481242827166e-07
URIK12_FWD_g.2094.peg.2301-MONOMER,0.0,-1.2446122451449533e-06
URIK13_REV_g.2094.peg.4549-MONOMER_mod_mg2(1),0.0,-7.797895355281836e-07
URIK13_FWD_g.2094.peg.4549-MONOMER_mod_mg2(1),0.0,-1.2266536563904204e-06
URIK13_REV_g.2094.peg.4695-MONOMER_mod_mg2(1),0.0,-2.0594609476269245e-06
URIK13_FWD_g.2094.peg.4695-MONOMER_mod_mg2(1),0.0,-2.506325068489161e-06
URIK13_REV_g.2094.peg.2301-MONOMER,0.0,-7.977481242827166e-07
URIK13_FWD_g.2094.peg.2301-MONOMER,0.0,-1.2446122451449533e-06
URIK14_REV_g.2094.peg.4549-MONOMER_mod_mg2(1),0.0,-7.797895355281836e-07
URIK14_FWD_g.2094.peg.4549-MONOMER_mod_mg2(1),0.0,-1.2266536563904204e-06
URIK14_REV_g.2094.peg.4695-MONOMER_mod_mg2(1),0.0,-2.0594609476269245e-06
URIK14_FWD_g.2094.peg.4695-MONOMER_mod_mg2(1),0.0,-2.506325068489161e-06
URIK14_REV_g.2094.peg.2301-MONOMER,0.0,-7.977481242827166e-07
URIK14_FWD_g.2094.peg.2301-MONOMER,0.0,-1.2446122451449533e-06
URIK2_REV_g.2094.peg.4549-MONOMER_mod_mg2(1),0.0,-7.797895355281836e-07
URIK2_FWD_g.2094.peg.4549-MONOMER_mod_mg2(1),0.0,-1.2266536563904204e-06
URIK2_REV_g.2094.peg.4695-MONOMER_mod_mg2(1),0.0,-2.0594609476269245e-06
URIK2_FWD_g.2094.peg.4695-MONOMER_mod_mg2(1),0.0,-2.506325068489161e-06
URIK2_REV_g.2094.peg.2301-MONOMER,0.0,-7.977481242827166e-07
URIK2_FWD_g.2094.peg.2301-MONOMER,0.0,-1.2446122451449533e-06
URIK3_REV_g.2094.peg.4549-MONOMER_mod_mg2(1),0.0,-2.006443191918604e-06
URIK3_FWD_g.2094.peg.4549-MONOMER_mod_mg2(1),0.0,-3.440132230631022e-37
URIK3_REV_g.2094.peg.4695-MONOMER_mod_mg2(1),0.0,-3.286114604017345e-06
URIK3_FWD_g.2094.peg.4695-MONOMER_mod_mg2(1),0.0,-1.2796714120987408e-06
URIK3_REV_g.2094.peg.2301-MONOMER,0.0,-2.024401780673137e-06
URIK3_FWD_g.2094.peg.2301-MONOMER,0.0,-1.7958588754532995e-08
URIK4_REV_g.2094.peg.4549-MONOMER_mod_mg2(1),0.0,-9.699294615237047e-08
URIK4_FWD_g.2094.peg.4549-MONOMER_mod_mg2(1),0.0,-1.9094502457662336e-06
URIK4_REV_g.2094.peg.4695-MONOMER_mod_mg2(1),0.0,-1.3766643582511111e-06
URIK4_FWD_g.2094.peg.4695-MONOMER_mod_mg2(1),0.0,-3.189121657864974e-06
URIK4_REV_g.2094.peg.2301-MONOMER,0.0,-1.1495153490690346e-07
URIK4_FWD_g.2094.peg.2301-MONOMER,0.0,-1.9274088345207665e-06
URIK5_REV_g.2094.peg.4549-MONOMER_mod_mg2(1),0.0,-7.797895355281836e-07
URIK5_FWD_g.2094.peg.4549-MONOMER_mod_mg2(1),0.0,-1.2266536563904204e-06
URIK5_REV_g.2094.peg.4695-MONOMER_mod_mg2(1),0.0,-2.0594609476269245e-06
URIK5_FWD_g.2094.peg.4695-MONOMER_mod_mg2(1),0.0,-2.506325068489161e-06
URIK5_REV_g.2094.peg.2301-MONOMER,0.0,-7.977481242827166e-07
URIK5_FWD_g.2094.peg.2301-MONOMER,0.0,-1.2446122451449533e-06
URIK6_REV_g.2094.peg.4549-MONOMER_mod_mg2(1),0.0,-2.006443191918604e-06
URIK6_FWD_g.2094.peg.4549-MONOMER_mod_mg2(1),0.0,1.3365936458016034e-35
URIK6_REV_g.2094.peg.4695-MONOMER_mod_mg2(1),0.0,-3.286114604017345e-06
URIK6_FWD_g.2094.peg.4695-MONOMER_mod_mg2(1),0.0,-1.2796714120987408e-06
URIK6_REV_g.2094.peg.2301-MONOMER,0.0,-2.024401780673137e-06
URIK6_FWD_g.2094.peg.2301-MONOMER,0.0,-1.7958588754532995e-08
URIK7_REV_g.2094.peg.4549-MONOMER_mod_mg2(1),0.0,-7.797895355281836e-07
URIK7_FWD_g.2094.peg.4549-MONOMER_mod_mg2(1),0.0,-1.2266536563904204e-06
URIK7_REV_g.2094.peg.4695-MONOMER_mod_mg2(1),0.0,-2.0594609476269245e-06
URIK7_FWD_g.2094.peg.4695-MONOMER_mod_mg2(1),0.0,-2.506325068489161e-06
URIK7_REV_g.2094.peg.2301-MONOMER,0.0,-7.977481242827166e-07
URIK7_FWD_g.2094.peg.2301-MONOMER,0.0,-1.2446122451449533e-06
URIK8_REV_g.2094.peg.4549-MONOMER_mod_mg2(1),0.0,-7.797895355281836e-07
URIK8_FWD_g.2094.peg.4549-MONOMER_mod_mg2(1),0.0,-1.2266536563904204e-06
URIK8_REV_g.2094.peg.4695-MONOMER_mod_mg2(1),0.0,-2.0594609476269245e-06
URIK8_FWD_g.2094.peg.4695-MONOMER_mod_mg2(1),0.0,-2.506325068489161e-06
URIK8_REV_g.2094.peg.2301-MONOMER,0.0,-7.977481242827166e-07
URIK8_FWD_g.2094.peg.2301-MONOMER,0.0,-1.2446122451449533e-06
URIK9_REV_g.2094.peg.4549-MONOMER_mod_mg2(1),0.0,-7.797895355281836e-07
URIK9_FWD_g.2094.peg.4549-MONOMER_mod_mg2(1),0.0,-1.2266536563904204e-06
URIK9_REV_g.2094.peg.4695-MONOMER_mod_mg2(1),0.0,-2.0594609476269245e-06
URIK9_FWD_g.2094.peg.4695-MONOMER_mod_mg2(1),0.0,-2.506325068489161e-06
URIK9_REV_g.2094.peg.2301-MONOMER,0.0,-7.977481242827166e-07
URIK9_FWD_g.2094.peg.2301-MONOMER,0.0,-1.2446122451449533e-06
URIt2r_REV_g.2094.peg.2845-MONOMER,0.0,-3.4218307627177596e-06
URIt2r_FWD_g.2094.peg.2845-MONOMER,0.07064792574837037,-1.1970648117244189e-34
URIt2r_REV_g.2094.peg.4014-MONOMER,0.0,-3.671729917264652e-06
URIt2r_FWD_g.2094.peg.4014-MONOMER,0.0,-2.4989915454689215e-07
URIt2r_REV_g.2094.peg.2416-MONOMER,0.0,-3.516958871955668e-06
URIt2r_FWD_g.2094.peg.2416-MONOMER,0.0,-9.512810923790792e-08
USHD_REV_g.2094.peg.1768-MONOMER,0.0,-2.655845071465546e-06
USHD_FWD_g.2094.peg.1768-MONOMER,0.010490760210035997,1.0831144440571663e-35
UTPATPT_REV_527012.3.peg.1989-MONOMER_mod_mg2(1),0.0,-7.267769156566792e-07
UTPATPT_FWD_527012.3.peg.1989-MONOMER_mod_mg2(1),0.0,-1.9094502457662336e-06
VALTA_REV_527012.3.peg.4256-MONOMER_mod_pydx5p(6),0.039988690910621155,-2.0214569785552562e-36
VALTA_FWD_527012.3.peg.4256-MONOMER_mod_pydx5p(6),0.0,-5.2717042179533375e-06
VALTA_REV_527012.3.peg.4256-MONOMER_mod_pydx5p(1),0.0,-1.45899257088153e-07
VALTA_FWD_527012.3.peg.4256-MONOMER_mod_pydx5p(1),0.0,-5.417603475041491e-06
VALabc_REV_g.2094.peg.1730-MONOMER,0.0,0.004473318817978611
VALabc_FWD_g.2094.peg.1730-MONOMER,0.0,-0.00447744547541845
VALabc_REV_g.2094.peg.1855-MONOMER,0.0,0.004474060838943007
VALabc_FWD_g.2094.peg.1855-MONOMER,0.0,-0.004476703454454054
VALabc_REV_g.2094.peg.1787-MONOMER,0.0,0.004473637824349558
VALabc_FWD_g.2094.peg.1787-MONOMER,0.0,-0.004477126469047503
VALabc_REV_g.2094.peg.1436-MONOMER,0.0,0.004473930405639512
VALabc_FWD_g.2094.peg.1436-MONOMER,0.0,-0.004476833887757549
VALt2r_REV_g.2094.peg.3793-MONOMER,0.7633691316911743,2.5458450360458413e-37
VALt2r_FWD_g.2094.peg.3793-MONOMER,0.0,-4.870199020077995e-06
VPAMTr_REV_527012.3.peg.4203-MONOMER_mod_pydx5p(1),0.8673513288002497,1.299496288157177e-35
VPAMTr_FWD_527012.3.peg.4203-MONOMER_mod_pydx5p(1),0.0,-2.9275189207884195e-06
XANt2_REV_g.2094.peg.2787-MONOMER,0.0,0.021418784410083873
XANt2_FWD_g.2094.peg.2787-MONOMER,0.0,-0.0214241524100688
XPPT_REV_g.2094.peg.4010-MONOMER,0.0,0.008032526606447153
XPPT_FWD_g.2094.peg.4010-MONOMER,0.0,-0.008035821556477913
XPPT_REV_g.2094.peg.2542-MONOMER,0.0,0.008033313998462762
XPPT_FWD_g.2094.peg.2542-MONOMER,0.0,-0.008035034164462303
XTSNH_REV_g.2094.peg.2375-MONOMER,0.0,0.008047059923289815
XTSNH_FWD_g.2094.peg.2375-MONOMER,0.0,-0.00805036144122651
XTSNH_REV_g.2094.peg.1265-MONOMER,0.0,0.008046637731447563
XTSNH_FWD_g.2094.peg.1265-MONOMER,0.0,-0.008050783633068763
XYLI1_REV_g.2094.peg.2239-MONOMER,0.0,-3.1853951499133473e-06
XYLI1_FWD_g.2094.peg.2239-MONOMER,0.0,-3.182956482168792e-07
XYLI1_REV_g.2094.peg.1448-MONOMER,0.0,-2.867099501696468e-06
XYLI1_FWD_g.2094.peg.1448-MONOMER,0.17878295,-1.376707540555119e-37
XYLI1_REV_g.2094.peg.1921-MONOMER_mod_mn2(1),0.0,-3.4539799201446113e-06
XYLI1_FWD_g.2094.peg.1921-MONOMER_mod_mn2(1),0.0,-5.868804184481433e-07
XYLI2_REV_g.2094.peg.2239-MONOMER,0.0,-3.1853951499133473e-06
XYLI2_FWD_g.2094.peg.2239-MONOMER,0.0,-3.182956482168792e-07
XYLI2_REV_g.2094.peg.1448-MONOMER,0.0,-2.867099501696468e-06
XYLI2_FWD_g.2094.peg.1448-MONOMER,0.22347867000000002,-2.815223535620888e-36
XYLI2_REV_g.2094.peg.1921-MONOMER_mod_mn2(1),0.0,-3.4539799201446113e-06
XYLI2_FWD_g.2094.peg.1921-MONOMER_mod_mn2(1),0.0,-5.868804184481433e-07
XYLK_REV_g.2094.peg.1725-MONOMER,0.0,-5.261388863141507e-06
XYLK_FWD_g.2094.peg.1725-MONOMER,0.17878295,7.536514961885713e-36
XYLK_REV_g.2094.peg.1935-MONOMER_mod_mg2(1),0.0,-5.752725780057139e-06
XYLK_FWD_g.2094.peg.1935-MONOMER_mod_mg2(1),0.0,-4.913369169156319e-07
XYLK_REV_g.2094.peg.677-MONOMER,0.0,-5.329148211601085e-06
XYLK_FWD_g.2094.peg.677-MONOMER,0.0,-6.775934845957808e-08
XYLabc_REV_CPLX_XYLabc-2,0.0,-5.778010572029261e-06
XYLabc_FWD_CPLX_XYLabc-2,0.17878295,2.879607832491074e-36
XYLabc_REV_CPLX_XYLabc-0,0.0,-5.778010572029261e-06
XYLabc_FWD_CPLX_XYLabc-0,0.0,2.879607832491074e-36
XYLabc_REV_CPLX_XYLabc-1,0.0,-5.880677652035995e-06
XYLabc_FWD_CPLX_XYLabc-1,0.0,-1.0266708000673406e-07
XYLabc_REV_CPLX_XYLabc-3,0.0,-5.880677652035995e-06
XYLabc_FWD_CPLX_XYLabc-3,0.0,-1.0266708000673406e-07
YUMPS_REV_CPLX_YUMPS-2,0.0,-1.060416678707291e-06
YUMPS_FWD_CPLX_YUMPS-2,0.0,-4.407338936944956e-06
YUMPS_REV_CPLX_YUMPS-1,0.0,-1.0885264221332408e-06
YUMPS_FWD_CPLX_YUMPS-1,0.0,-4.435448680370906e-06
YUMPS_REV_CPLX_YUMPS-3,0.0,-1.060416678707291e-06
YUMPS_FWD_CPLX_YUMPS-3,0.0,-4.407338936944956e-06
YUMPS_REV_CPLX_YUMPS-0,0.0,-2.259438169453479e-37
YUMPS_FWD_CPLX_YUMPS-0,0.0,-3.346922258237665e-06
ZN2t4_REV_g.2094.peg.2608-MONOMER,2.7328364833472143e-06,8.484606925695156e-38
ZN2t4_FWD_g.2094.peg.2608-MONOMER,0.0,-2.885085520673077e-06
ZNabc_REV_CPLX_ZNabc-7,0.0,0.011613264437024576
ZNabc_FWD_CPLX_ZNabc-7,0.0,-0.01161813948400387
ZNabc_REV_CPLX_ZNabc-4,0.0,0.011613401846438673
ZNabc_FWD_CPLX_ZNabc-4,0.0,-0.011618002074589772
ZNabc_REV_CPLX_ZNabc-1,0.0,0.011613115770895093
ZNabc_FWD_CPLX_ZNabc-1,0.0,-0.011618288150133355
ZNabc_REV_CPLX_ZNabc-2,0.0,0.011613051574945084
ZNabc_FWD_CPLX_ZNabc-2,0.0,-0.011618352346083362
ZNabc_REV_CPLX_ZNabc-0,0.0,0.011613352494698616
ZNabc_FWD_CPLX_ZNabc-0,0.0,-0.01161805142632983
ZNabc_REV_CPLX_ZNabc-6,0.0,0.011613520759285264
ZNabc_FWD_CPLX_ZNabc-6,0.0,-0.011617883161743182
ZNabc_REV_CPLX_ZNabc-5,0.0,0.011613147426228383
ZNabc_FWD_CPLX_ZNabc-5,0.0,-0.011618256494800064
ZNabc_REV_CPLX_ZNabc-3,0.0,0.01161322511703202
ZNabc_FWD_CPLX_ZNabc-3,0.0,-0.011618178803996425
dreplication_REV_CPLX_dreplication-1,0.0,-8.109952190528932e-06
dreplication_FWD_CPLX_dreplication-1,0.0,-2.3515519316277903e-08
dreplication_REV_CPLX_dreplication-0,0.0,-8.086436671212654e-06
dreplication_FWD_CPLX_dreplication-0,0.0,0.0
pbiosynthesis_REV_CPLX_pbiosynthesis-6,0.0,-9.832617115394578e-06
pbiosynthesis_FWD_CPLX_pbiosynthesis-6,0.0,-4.4606555173756154e-08
pbiosynthesis_REV_CPLX_pbiosynthesis-3,0.0,-9.794747096147364e-06
pbiosynthesis_FWD_CPLX_pbiosynthesis-3,0.0,-6.736535926541663e-09
pbiosynthesis_REV_CPLX_pbiosynthesis-12,0.0,-9.790152410839432e-06
pbiosynthesis_FWD_CPLX_pbiosynthesis-12,0.0,-2.1418506186089207e-09
pbiosynthesis_REV_CPLX_pbiosynthesis-7,0.0,-9.83927544245929e-06
pbiosynthesis_FWD_CPLX_pbiosynthesis-7,0.0,-5.12648822384684e-08
pbiosynthesis_REV_CPLX_pbiosynthesis-2,0.0,-9.788010560220823e-06
pbiosynthesis_FWD_CPLX_pbiosynthesis-2,0.0,0.0
pbiosynthesis_REV_CPLX_pbiosynthesis-4,0.0,-9.83475079200868e-06
pbiosynthesis_FWD_CPLX_pbiosynthesis-4,0.0,-4.6740231787857576e-08
pbiosynthesis_REV_CPLX_pbiosynthesis-0,0.0,-1.0310186105821973e-05
pbiosynthesis_FWD_CPLX_pbiosynthesis-0,0.0,-5.221755456011508e-07
pbiosynthesis_REV_CPLX_pbiosynthesis-9,0.0,-9.81981850544253e-06
pbiosynthesis_FWD_CPLX_pbiosynthesis-9,0.0,-3.1807945221708096e-08
pbiosynthesis_REV_CPLX_pbiosynthesis-15,0.0,-9.794747096147364e-06
pbiosynthesis_FWD_CPLX_pbiosynthesis-15,0.0,-6.736535926541663e-09
pbiosynthesis_REV_CPLX_pbiosynthesis-13,0.0,-9.796893606721796e-06
pbiosynthesis_FWD_CPLX_pbiosynthesis-13,0.0,-8.883046500974406e-09
pbiosynthesis_REV_CPLX_pbiosynthesis-5,0.0,-9.841413653693414e-06
pbiosynthesis_FWD_CPLX_pbiosynthesis-5,0.0,-5.340309347259266e-08
pbiosynthesis_REV_CPLX_pbiosynthesis-10,0.0,-9.81103742873335e-06
pbiosynthesis_FWD_CPLX_pbiosynthesis-10,0.0,-2.3026868512529276e-08
pbiosynthesis_REV_CPLX_pbiosynthesis-14,0.0,-9.788010560220823e-06
pbiosynthesis_FWD_CPLX_pbiosynthesis-14,0.0,0.0
pbiosynthesis_REV_CPLX_pbiosynthesis-11,0.0,-9.817694861970583e-06
pbiosynthesis_FWD_CPLX_pbiosynthesis-11,0.0,-2.9684301749761053e-08
pbiosynthesis_REV_CPLX_pbiosynthesis-1,0.0,-9.796893606721796e-06
pbiosynthesis_FWD_CPLX_pbiosynthesis-1,0.0,-8.883046500974406e-09
pbiosynthesis_REV_CPLX_pbiosynthesis-8,0.0,-9.813156538988592e-06
pbiosynthesis_FWD_CPLX_pbiosynthesis-8,0.0,-2.5145978767769485e-08
r0010_REV_g.2094.peg.4223-MONOMER_mod_hemed(6),0.0,-3.087234600939278e-06
r0010_FWD_g.2094.peg.4223-MONOMER_mod_hemed(6),5.675498395503307e-24,-4.535029042184795e-37
r0060_REV_CPLX_r0060-0,0.0,0.00802646739531949
r0060_FWD_CPLX_r0060-0,0.0,-0.00803169046675106
r0060_REV_g.2094.peg.297-MONOMER_mod_4fe4s(1),0.0,0.008027142803327496
r0060_FWD_g.2094.peg.297-MONOMER_mod_4fe4s(1),0.0,-0.008031015058743055
r0060_REV_g.2094.peg.63-MONOMER_mod_4fe4s(1),0.0,0.008026623738657424
r0060_FWD_g.2094.peg.63-MONOMER_mod_4fe4s(1),0.0,-0.008031534123413125
r0082_REV_g.2094.peg.480-MONOMER,0.0,0.011612748064122932
r0082_FWD_g.2094.peg.480-MONOMER,0.0,-0.011615915201277603
r0120_REV_g.2094.peg.2308-MONOMER,0.0,-2.2706097969997376e-06
r0120_FWD_g.2094.peg.2308-MONOMER,0.0,2.924046533717976e-36
r0120_REV_g.2094.peg.2653-MONOMER_mod_zn2(1),0.0,-3.3159573045661465e-06
r0120_FWD_g.2094.peg.2653-MONOMER_mod_zn2(1),0.0,-1.0453475075664089e-06
r0127_REV_527012.3.peg.2379-MONOMER,0.0,-5.531415292453339e-06
r0127_FWD_527012.3.peg.2379-MONOMER,0.0,-7.133888151178708e-07
r0127_REV_527012.3.peg.2233-MONOMER,0.0,-4.818026477335468e-06
r0127_FWD_527012.3.peg.2233-MONOMER,0.12374635237648289,-7.481281685139393e-36
r0163c_REV_g.2094.peg.3827-MONOMER,0.0,-4.7650322994133915e-06
r0163c_FWD_g.2094.peg.3827-MONOMER,6.18379451581328e-23,-1.2337959995678963e-35
r0220_REV_g.2094.peg.2415-MONOMER,0.0,-9.902030838923474e-07
r0220_FWD_g.2094.peg.2415-MONOMER,0.0,6.560097913004949e-36
r0220_REV_g.2094.peg.2049-MONOMER,0.0,-2.422286797110526e-06
r0220_FWD_g.2094.peg.2049-MONOMER,0.0,-1.4320837132181787e-06
r0318i_REV_g.2094.peg.2415-MONOMER,0.0,0.008056863965205155
r0318i_FWD_g.2094.peg.2415-MONOMER,0.0,-0.008057854168289047
r0318i_REV_g.2094.peg.2049-MONOMER,0.0,0.008055431881491937
r0318i_FWD_g.2094.peg.2049-MONOMER,0.0,-0.008059286252002265
r0339_REV_g.2094.peg.2445-MONOMER,0.0,0.00803287419271207
r0339_FWD_g.2094.peg.2445-MONOMER,0.0,-0.00803873386863525
r0339_REV_g.2094.peg.922-MONOMER,0.0,0.0080341968006145
r0339_FWD_g.2094.peg.922-MONOMER,0.0,-0.008037411260732819
r0345_REV_g.2094.peg.1634-MONOMER,0.0,-2.6699426807595034e-06
r0345_FWD_g.2094.peg.1634-MONOMER,0.0,-1.042118775883885e-36
r0392_REV_g.2094.peg.404-MONOMER,0.8900080250395682,-8.689991058707252e-36
r0392_FWD_g.2094.peg.404-MONOMER,0.0,-5.3519031662182815e-06
r0422_REV_g.2094.peg.480-MONOMER,0.0,4.289332785739122e-36
r0422_FWD_g.2094.peg.480-MONOMER,0.0,-3.167137154671157e-06
r0456_REV_CPLX_dummy,0.0,-3.5850072839868364e-06
r0456_FWD_CPLX_dummy,0.016624101467802528,5.4441665233477605e-37
r0556ci_REV_g.2094.peg.3280-MONOMER,0.0,0.006250722523273557
r0556ci_FWD_g.2094.peg.3280-MONOMER,0.0,-0.006254670167352443
r0570_REV_g.2094.peg.4084-MONOMER_mod_mn2(1),1.9467344102595587,2.2770300999641632e-36
r0570_FWD_g.2094.peg.4084-MONOMER_mod_mn2(1),0.0,-4.217048246167935e-06
r0578_REV_g.2094.peg.3310-MONOMER,0.0,-2.7913691196386103e-06
r0578_FWD_g.2094.peg.3310-MONOMER,0.0,-3.4059561530213804e-36
r0671_REV_g.2094.peg.2215-MONOMER,0.0,-5.245647470699945e-06
r0671_FWD_g.2094.peg.2215-MONOMER,0.0013010998444591907,-3.2611403204108576e-35
r0679_REV_g.2094.peg.3310-MONOMER,0.0,-1.6741443069577179e-37
r0679_FWD_g.2094.peg.3310-MONOMER,0.0,-2.7913691196386103e-06
r0708_REV_g.2094.peg.2308-MONOMER,0.0,-2.2706097969997376e-06
r0708_FWD_g.2094.peg.2308-MONOMER,0.0,-2.2281369806591084e-36
r0708_REV_g.2094.peg.2653-MONOMER_mod_zn2(1),0.0,-3.3159573045661465e-06
r0708_FWD_g.2094.peg.2653-MONOMER_mod_zn2(1),0.0,-1.0453475075664089e-06
r0739_REV_g.2094.peg.1105-MONOMER_mod_fe2(1),0.0,-8.279604641114315e-06
r0739_FWD_g.2094.peg.1105-MONOMER_mod_fe2(1),0.0,-4.3260844298770265e-06
r0739_REV_g.2094.peg.4252-MONOMER,0.0,-4.033956211281564e-06
r0739_FWD_g.2094.peg.4252-MONOMER,0.0,-8.043600004427541e-08
r0739_REV_g.2094.peg.1720-MONOMER,0.0,-4.098460191270498e-06
r0739_FWD_g.2094.peg.1720-MONOMER,0.0,-1.4493998003321e-07
r0739_REV_g.2094.peg.2788-MONOMER,0.0,-3.953520211237289e-06
r0739_FWD_g.2094.peg.2788-MONOMER,0.0,-1.7012961705787303e-36
r0775_REV_g.2094.peg.2308-MONOMER,0.0,-1.6530382632742802e-06
r0775_FWD_g.2094.peg.2308-MONOMER,0.0,-6.175715337254575e-07
r0775_REV_g.2094.peg.2653-MONOMER_mod_zn2(1),0.0,-2.698385770840689e-06
r0775_FWD_g.2094.peg.2653-MONOMER_mod_zn2(1),0.0,-1.662919041291866e-06
r0777_REV_g.2094.peg.2308-MONOMER,0.0,-2.2706097969997376e-06
r0777_FWD_g.2094.peg.2308-MONOMER,0.0,1.9612757779653182e-36
r0777_REV_g.2094.peg.2653-MONOMER_mod_zn2(1),0.0,-3.3159573045661465e-06
r0777_FWD_g.2094.peg.2653-MONOMER_mod_zn2(1),0.0,-1.0453475075664089e-06
r0792_REV_g.2094.peg.2899-MONOMER_mod_fad(1),0.0012988140814192341,7.934221482321712e-36
r0792_FWD_g.2094.peg.2899-MONOMER_mod_fad(1),0.0,-5.039006425387867e-06
r1144_REV_g.2094.peg.2365-MONOMER,0.0,-1.007378524865541e-06
r1144_FWD_g.2094.peg.2365-MONOMER,0.0,-2.220677787078142e-06
r1144_REV_g.2094.peg.3603-MONOMER,0.0,-1.6023792309590812e-06
r1144_FWD_g.2094.peg.3603-MONOMER,0.0,-2.815678493171682e-06
r1384_REV_g.2094.peg.4694-MONOMER,5.775566197942262e-23,0.0
r1384_FWD_g.2094.peg.4694-MONOMER,0.0,-3.0784824687853276e-06
r1384_REV_g.2094.peg.2614-MONOMER,0.0,0.0
r1384_FWD_g.2094.peg.2614-MONOMER,0.0,-3.0784824687853276e-06
r1667_REV_g.2094.peg.918-MONOMER,0.0,-3.4501836048192154e-06
r1667_FWD_g.2094.peg.918-MONOMER,0.0,-1.1653332756238046e-06
r1667_REV_g.2094.peg.4104-MONOMER,0.0,-2.9743322086084195e-06
r1667_FWD_g.2094.peg.4104-MONOMER,0.0,-6.894818794130089e-07
r1667_REV_g.2094.peg.4267-MONOMER,0.0,-2.284850329195411e-06
r1667_FWD_g.2094.peg.4267-MONOMER,0.11766101021472851,-2.2347679213463795e-38
r1667_REV_g.2094.peg.728-MONOMER,0.0,-3.340012712031505e-06
r1667_FWD_g.2094.peg.728-MONOMER,0.0,-1.0551623828360944e-06
r2137_REV_CPLX_dummy,0.0,0.0
r2137_FWD_CPLX_dummy,0.0,-3.5850072839868364e-06
rtranscription_REV_CPLX_rtranscription-0,0.0,-8.163043013633484e-06
rtranscription_FWD_CPLX_rtranscription-0,0.0,4.5733641293824915e-40
dummy_reaction_REV_SPONT,0.0,1.0
dummy_reaction_FWD_SPONT,6.114435858641872e-08,-1.6066818607389729e-34
GAM,0.41944585222646025,-0.3218568905497865
ATPM,1.0,-0.008046422263744663
DNA_replication,0.06908577168339496,0.07341827179435345
formation_ribosome,2.6397436776238568e-05,-9.848245996246486e-30
formation_RNAP_g2094peg644MONOMER,6.727088733561685e-07,0.0
formation_RNA_degradosome,1.375906248762129e-09,-1.1790635318460067e-32
formation_rRNA_containing_excision_machinery,2.8390500936419213e-10,-4.131424564683538e-33
formation_monocistronic_excision_machinery,7.674678671742729e-10,0.0
g.2094.peg.4241-MONOMER_mod_2fe2s(1)_to_generic_2fe2s_transfer_complex,0.0,-1.0920768002655037
g.2094.peg.4185-MONOMER_mod_2fe2s(1)_to_generic_2fe2s_transfer_complex,0.0,-0.4772961844275756
g.2094.peg.3567-MONOMER_mod_2fe2s(1)_to_generic_2fe2s_transfer_complex,0.0,0.0
g.2094.peg.4241-MONOMER_2fe2s_unloading,0.0,0.0
g.2094.peg.4185-MONOMER_2fe2s_unloading,0.0,-0.09987274773071131
g.2094.peg.3567-MONOMER_2fe2s_unloading,0.0,0.0
g.2094.peg.4241-MONOMER_mod_4fe4s(1)_to_generic_4fe4s_transfer_complex,0.0,-0.7146521673260805
g.2094.peg.4185-MONOMER_mod_4fe4s(1)_to_generic_4fe4s_transfer_complex,1.6963389182453198e-16,0.0
g.2094.peg.3567-MONOMER_mod_4fe4s(1)_to_generic_4fe4s_transfer_complex,0.0,-1.249500405572881e-34
g.2094.peg.4241-MONOMER_4fe4s_unloading,0.0,0.0
g.2094.peg.4185-MONOMER_4fe4s_unloading,0.0,-1.1962425589685965e-06
g.2094.peg.3567-MONOMER_4fe4s_unloading,0.0,-0.37742463293942324
translocation_g.2094.peg.3750_Periplasm,-1.6210564526203141e-28,0.0
translocation_g.2094.peg.1105_Membrane,-1.4233131988304829e-39,-2.4853100800816696e-34
translocation_g.2094.peg.3045_Inner_Membrane,2.4694825311726942e-08,0.0
translocation_g.2094.peg.802_Periplasm,6.105910688776651e-09,-3.3747856707317597e-34
translocation_g.2094.peg.3952_Periplasm,0.0,0.0
translocation_g.2094.peg.1239_Inner_Membrane,0.0,-3.5050076827838456e-34
translocation_g.2094.peg.2527_Inner_Membrane,2.418788951075464e-06,3.4673853342185883e-34
translocation_g.2094.peg.3844_Inner_Membrane,0.0,1.155683580692736e-34
translocation_g.2094.peg.1245_Inner_Membrane,7.375875248151824e-07,0.0
translocation_g.2094.peg.2222_Membrane,0.0,-3.4466684062741353e-34
translocation_g.2094.peg.538_Inner_Membrane,1.1189375453848345e-07,-1.1646490247428067e-34
translocation_g.2094.peg.2953_Inner_Membrane,-1.7276131404697217e-29,-3.957967478389952e-34
translocation_g.2094.peg.2416_Inner_Membrane,-4.742753385425984e-29,0.0
translocation_g.2094.peg.3550_Inner_Membrane,1.4331721714922126e-09,0.0
translocation_g.2094.peg.4569_Periplasm,7.165860857461063e-10,0.0
translocation_527012.3.peg.3795_Membrane,0.0,0.0
translocation_g.2094.peg.2866_Membrane,1.0866929452885732e-07,-3.088570612656699e-34
translocation_g.2094.peg.2664_Inner_Membrane,0.0,-3.4712597543801575e-34
translocation_g.2094.peg.1056_Inner_Membrane,0.0,-8.69961439758257e-34
translocation_g.2094.peg.1255_Inner_Membrane,0.0,0.0
translocation_g.2094.peg.1419_Periplasm,0.0,0.0
translocation_g.2094.peg.4205_Periplasm,0.0,4.362587917051582e-34
translocation_g.2094.peg.4681_Periplasm,0.0,4.4637937594345465e-34
translocation_g.2094.peg.478_Inner_Membrane,1.6212945355589093e-09,-1.746223623735526e-34
translocation_g.2094.peg.738_Inner_Membrane,0.0,0.0
translocation_g.2094.peg.1565_Periplasm,0.0,-0.0051043988492534345
translocation_g.2094.peg.1565_Periplasm_alt,0.0,0.0
translocation_g.2094.peg.102_Inner_Membrane,0.0,0.0
translocation_g.2094.peg.536_Periplasm,0.0,1.973120042447496e-34
translocation_g.2094.peg.595_Inner_Membrane,0.0,-5.655697980209861e-35
translocation_g.2094.peg.1497_Inner_Membrane,0.0,1.5818251108347942e-34
translocation_g.2094.peg.1215_Inner_Membrane,0.0,1.01613218804209e-34
translocation_g.2094.peg.1230_Inner_Membrane,0.0,5.08056428148209e-35
translocation_g.2094.peg.1891_Periplasm,0.0,1.454176303904376e-34
translocation_g.2094.peg.2944_Inner_Membrane,5.636987213044224e-07,0.0
translocation_g.2094.peg.2051_Inner_Membrane,0.0,0.0
translocation_g.2094.peg.3328_Inner_Membrane,-3.755858214481634e-29,1.1853368390616896e-34
translocation_g.2094.peg.1036_Inner_Membrane,2.4216525169739734e-13,-1.9250793193120499e-34
translocation_g.2094.peg.2364_Outer_Membrane,0.0,4.594605077173445e-34
translocation_g.2094.peg.1251_Inner_Membrane,0.0,0.0
translocation_g.2094.peg.1739_Inner_Membrane,0.0,4.031117354286182e-34
translocation_g.2094.peg.2608_Inner_Membrane,4.7508669294712975e-12,-9.507091837016353e-35
translocation_g.2094.peg.1071_Inner_Membrane,0.0,0.0
translocation_g.2094.peg.2258_Inner_Membrane,2.8831006215410663e-08,0.0
translocation_g.2094.peg.4177_Inner_Membrane,0.0,0.0
translocation_g.2094.peg.1775_Inner_Membrane,0.0,0.0
translocation_g.2094.peg.1344_Inner_Membrane,1.655069600501869e-08,3.1800923383188456e-34
translocation_g.2094.peg.1351_Inner_Membrane,9.77178183600455e-09,-1.1276679163412764e-34
translocation_g.2094.peg.4548_Inner_Membrane,0.0,0.0
translocation_g.2094.peg.3608_Inner_Membrane,0.0,-2.107493945463869e-34
translocation_g.2094.peg.2463_Inner_Membrane,0.0,-7.018697193370535e-35
translocation_g.2094.peg.3225_Inner_Membrane,4.651612440149671e-06,0.0
translocation_g.2094.peg.2873_Inner_Membrane,1.6004320722239245e-07,0.0
translocation_527012.3.peg.1490_Inner_Membrane,1.4348895193405312e-08,0.0
translocation_527012.3.peg.2425_Inner_Membrane,5.870938518554174e-28,-1.8294622631415476e-34
translocation_g.2094.peg.4674_Inner_Membrane,0.0,0.0
translocation_g.2094.peg.4378_Periplasm,0.0,-0.05068871905813009
translocation_g.2094.peg.4378_Periplasm_alt,-2.1183350977609085e-31,5.480520201812095e-34
translocation_g.2094.peg.4590_Inner_Membrane,-2.1183350977609085e-31,-8.456036659309075e-35
translocation_g.2094.peg.1455_Inner_Membrane,0.0,3.263787415390751e-34
translocation_g.2094.peg.3672_Periplasm,2.215598270331758e-07,-2.2889730703587844e-34
translocation_g.2094.peg.3851_Inner_Membrane,0.0,1.6261747946367357e-34
translocation_g.2094.peg.4232_Membrane,0.0,1.253461434477143e-34
translocation_g.2094.peg.4159_Membrane,0.0,-1.689832829082934e-34
translocation_g.2094.peg.160_Inner_Membrane,0.0,0.0
translocation_g.2094.peg.2276_Inner_Membrane,2.4016537807442955e-07,3.6915913209896137e-34
translocation_g.2094.peg.2876_Inner_Membrane,-5.989535067604819e-29,2.4478785953316245e-34
translocation_527012.3.peg.2237_Membrane,0.0,-1.3565041131648565e-34
translocation_527012.3.peg.2008_Membrane,5.478008629848261e-41,0.0
translocation_g.2094.peg.2024_Inner_Membrane,0.0,-2.836573666483391e-34
translocation_g.2094.peg.23_Inner_Membrane,1.9817548588655113e-08,0.0
translocation_g.2094.peg.1381_Inner_Membrane,1.8925486541970943e-08,0.0
translocation_g.2094.peg.1607_Inner_Membrane,0.0,-0.02645401717492978
translocation_g.2094.peg.1607_Inner_Membrane_alt,0.0,0.0
translocation_g.2094.peg.1684_Inner_Membrane,0.0,0.0
translocation_g.2094.peg.1800_Periplasm,0.0,-0.02645401717492978
translocation_g.2094.peg.1800_Periplasm_alt,0.0,0.0
translocation_g.2094.peg.3809_Inner_Membrane,0.0,-3.923678890423492e-34
translocation_g.2094.peg.4583_Inner_Membrane,0.0,0.0
translocation_g.2094.peg.4656_Periplasm,0.0,-0.03914838482803475
translocation_g.2094.peg.4656_Periplasm_alt,0.0,0.0
translocation_g.2094.peg.1924_Inner_Membrane,0.0,0.0
translocation_527012.3.peg.3768_Inner_Membrane,-1.2202645163700816e-29,-1.8203021406301465e-35
translocation_527012.3.peg.4378_Inner_Membrane,-9.559234790024315e-28,-2.2274235099018037e-35
translocation_527012.3.peg.4379_Inner_Membrane,-9.559234790024315e-28,0.0
translocation_g.2094.peg.930_Inner_Membrane,1.0661493337189492e-07,2.651025403801171e-34
translocation_g.2094.peg.1509_Periplasm,0.0,1.485488274295445e-34
translocation_g.2094.peg.4575_Inner_Membrane,0.0,0.0
translocation_g.2094.peg.2641_Inner_Membrane,0.0,-3.286200193519486e-34
translocation_g.2094.peg.813_Inner_Membrane,6.062459197227055e-08,-8.723265756951182e-35
translocation_g.2094.peg.4362_Inner_Membrane,-1.572936384929613e-41,-2.278945485142843e-34
translocation_g.2094.peg.2456_Periplasm,0.0,-1.369876319273173e-34
translocation_g.2094.peg.2407_Inner_Membrane,0.0,-8.664699260725605e-35
translocation_g.2094.peg.2109_Inner_Membrane,0.0,1.8207753727867115e-34
translocation_g.2094.peg.2801_Periplasm,0.0,-1.660014049906172e-34
translocation_527012.3.peg.1868_Membrane,0.0,0.0
translocation_g.2094.peg.703_Periplasm,0.0,0.0
translocation_g.2094.peg.4678_Inner_Membrane,0.0,-1.7244108440588315e-34
translocation_g.2094.peg.774_Inner_Membrane,0.0,0.0
translocation_g.2094.peg.975_Inner_Membrane,1.5511379369164604e-07,0.0
translocation_527012.3.peg.3386_Membrane,0.0,2.6060029538384434e-34
translocation_g.2094.peg.4447_Periplasm,0.0,0.0
translocation_g.2094.peg.990_Inner_Membrane,-2.5284013481225563e-41,1.967422257320075e-34
translocation_g.2094.peg.550_Membrane,3.417639169162841e-41,1.6172414938158416e-34
translocation_527012.3.peg.2325_Inner_Membrane,0.0,1.4590698020076656e-34
translocation_g.2094.peg.447_Periplasm,0.0,-2.5809052311807432e-34
translocation_g.2094.peg.1124_Inner_Membrane,0.0,-8.422669424274354e-35
translocation_g.2094.peg.1134_Inner_Membrane,0.0,4.2178117130566245e-35
translocation_g.2094.peg.1330_Periplasm,0.0,0.0
translocation_g.2094.peg.1264_Inner_Membrane,1.3173874157051885e-06,0.0
translocation_g.2094.peg.1090_Inner_Membrane,1.5444151350473842e-06,-1.579610259797714e-34
translocation_g.2094.peg.3628_Inner_Membrane,0.0,-1.6217665926541314e-34
translocation_g.2094.peg.2373_Inner_Membrane,4.9527586065741674e-06,0.0
translocation_g.2094.peg.1650_Periplasm,0.0,-7.211234630274109e-35
translocation_g.2094.peg.3910_Periplasm,-2.897781189147859e-29,8.742058425038591e-35
translocation_g.2094.peg.4293_Membrane,0.0,4.270317707938366e-34
translocation_g.2094.peg.2542_Inner_Membrane,0.0,-6.770044414158185e-35
translocation_g.2094.peg.3807_Outer_Membrane,1.4019053853010933e-07,-7.103867759787461e-34
translocation_g.2094.peg.3363_Inner_Membrane,0.0,-6.417048423488614e-35
translocation_g.2094.peg.2437_Inner_Membrane,1.7728115847322816e-08,2.775512128757991e-34
translocation_g.2094.peg.2081_Inner_Membrane,0.0,0.0
translocation_g.2094.peg.2318_Inner_Membrane,0.0,4.906110250457723e-35
translocation_g.2094.peg.623_Periplasm,0.0,0.0
translocation_g.2094.peg.763_Inner_Membrane,0.0,0.0
translocation_g.2094.peg.929_Inner_Membrane,0.0,3.922112647926683e-34
translocation_g.2094.peg.234_Periplasm,0.0,-0.022991916905901213
translocation_g.2094.peg.234_Periplasm_alt,-3.1666223098119816e-28,0.0
translocation_g.2094.peg.3789_Inner_Membrane,0.0,8.609132445059219e-35
translocation_g.2094.peg.539_Periplasm,0.0,-0.022991916905901213
translocation_g.2094.peg.539_Periplasm_alt,0.0,8.786731155693162e-35
translocation_g.2094.peg.4482_Inner_Membrane,-1.6884560946182197e-28,-3.4641677401678643e-34
translocation_g.2094.peg.1436_Inner_Membrane,0.0,1.9112493704081856e-34
translocation_g.2094.peg.1730_Inner_Membrane,0.0,0.0
translocation_g.2094.peg.3793_Inner_Membrane,2.4486768017529424e-06,-1.954244309473633e-34
translocation_g.2094.peg.1845_Inner_Membrane,0.0,-1.9206518239810412e-34
translocation_g.2094.peg.1266_Periplasm,0.0,0.0
translocation_g.2094.peg.2078_Inner_Membrane,1.840489098392834e-08,0.0
translocation_g.2094.peg.1115_Inner_Membrane,-1.9796525502376205e-29,7.230981142585244e-35
translocation_g.2094.peg.956_Inner_Membrane,1.0287017811585127e-06,-2.008485821758333e-34
translocation_g.2094.peg.2483_Inner_Membrane,0.0,0.0
translocation_g.2094.peg.2455_Inner_Membrane,0.0,-9.691612284350065e-35
translocation_g.2094.peg.2729_Inner_Membrane,0.0,0.0
translocation_g.2094.peg.2862_Periplasm,0.0,0.0
translocation_g.2094.peg.2963_Outer_Membrane,0.0,3.1469052469534083e-34
translocation_g.2094.peg.389_Inner_Membrane,0.0,7.936033242799512e-35
translocation_g.2094.peg.610_Inner_Membrane,2.7870913385010695e-07,1.6735716623829286e-34
translocation_g.2094.peg.2297_Inner_Membrane,0.0,-5.281237618573634e-35
translocation_g.2094.peg.2419_Inner_Membrane,0.0,0.0
translocation_g.2094.peg.4445_Inner_Membrane,1.3179156268410456e-07,-2.6074798108270947e-34
translocation_g.2094.peg.2848_Inner_Membrane,1.8246279814211803e-11,1.914300935542764e-34
translocation_g.2094.peg.805_Inner_Membrane,0.0,2.052408905487167e-34
translocation_g.2094.peg.2019_Inner_Membrane,9.559234790024315e-28,2.4518268499250077e-34
translocation_g.2094.peg.2213_Inner_Membrane,9.559234790024315e-28,-2.4518268499250077e-34
translocation_g.2094.peg.2221_Inner_Membrane,9.559234790024315e-28,0.0
translocation_g.2094.peg.2444_Inner_Membrane,9.559234790024315e-28,1.93156411766743e-35
translocation_g.2094.peg.2571_Inner_Membrane,9.559234740931321e-28,-3.86312823533486e-35
translocation_g.2094.peg.2595_Inner_Membrane,9.559234790024315e-28,0.0
translocation_g.2094.peg.2970_Inner_Membrane,9.559234790024315e-28,0.0
translocation_g.2094.peg.3508_Inner_Membrane,2.373563795740741e-09,1.622305606908688e-34
translocation_g.2094.peg.3700_Inner_Membrane,1.2406329819623023e-05,0.0
translocation_g.2094.peg.4169_Inner_Membrane,1.3387156075825323e-06,0.0
translocation_g.2094.peg.2980_Inner_Membrane,2.0778698662718817e-06,0.0
translocation_g.2094.peg.3098_Periplasm,0.0,-0.052996785904149135
translocation_g.2094.peg.3098_Periplasm_alt,5.635032030087147e-28,-5.536218613647627e-34
translocation_g.2094.peg.3124_Periplasm,1.5617041352478457e-06,0.0
translocation_g.2094.peg.3765_Inner_Membrane,1.5617041352478457e-06,-4.201501586050665e-35
translocation_g.2094.peg.250_Periplasm,0.0,-1.1125750328914578e-34
translocation_g.2094.peg.1662_Inner_Membrane,0.0,-1.8967945317515898e-34
translocation_g.2094.peg.1326_Periplasm,-2.0507194716648235e-29,3.5377413909922397e-34
translocation_g.2094.peg.709_Periplasm,3.3137288128713688e-40,-2.134981369885561e-34
translocation_g.2094.peg.1557_Membrane,0.0,3.0898014364524764e-34
translocation_g.2094.peg.1562_Membrane,0.0,0.0
translocation_g.2094.peg.3536_Inner_Membrane,-4.9839525328472496e-64,9.393501089420758e-34
translocation_g.2094.peg.2908_Inner_Membrane,0.0,-5.339849883801207e-34
translocation_g.2094.peg.4518_Inner_Membrane,0.0,-1.6450121274462443e-33
translocation_g.2094.peg.1789_Inner_Membrane,0.0,7.760052961965855e-35
translocation_g.2094.peg.3740_Inner_Membrane,1.072407367064511e-07,0.0
translocation_g.2094.peg.3693_Inner_Membrane,1.0206407964713041e-07,0.0
translocation_g.2094.peg.4562_Inner_Membrane,1.5735703115781096e-06,0.0
translocation_g.2094.peg.3116_Inner_Membrane,0.0,0.0
translocation_g.2094.peg.3234_Inner_Membrane,0.0,0.0
translocation_g.2094.peg.3792_Periplasm,0.0,-1.5018380196185423e-34
translocation_g.2094.peg.4593_Inner_Membrane,0.0,-3.49000698344584e-34
translocation_g.2094.peg.3888_Inner_Membrane,1.672460118874536e-09,0.0
translocation_g.2094.peg.286_Inner_Membrane,0.0,1.6348260459756456e-33
translocation_g.2094.peg.232_Inner_Membrane,-1.1847517929207196e-40,-5.971503333109361e-34
translocation_g.2094.peg.4212_Membrane,4.788604087040741e-06,0.0
translocation_g.2094.peg.1747_Inner_Membrane,4.1415613203572175e-31,3.6265201189776413e-35
translocation_g.2094.peg.637_Inner_Membrane,0.0,1.7244250724822135e-34
translocation_527012.3.peg.4616_Membrane,0.0,2.2156793785266623e-34
translocation_g.2094.peg.2949_Inner_Membrane,0.0,0.0
translocation_g.2094.peg.2287_Inner_Membrane,0.0,-1.994931414055309e-34
translocation_g.2094.peg.914_Inner_Membrane,0.0,-1.850279414806346e-34
translocation_g.2094.peg.3566_Inner_Membrane,0.0,-2.0014620671486578e-34
translocation_g.2094.peg.3449_Inner_Membrane,1.7162245407329817e-08,2.219692507175572e-34
translocation_g.2094.peg.4121_Inner_Membrane,1.5743662921585032e-06,-1.729140935776205e-34
translocation_g.2094.peg.134_Inner_Membrane,9.748020755325232e-10,0.0
translocation_g.2094.peg.411_Inner_Membrane,9.748020755325232e-10,2.1695134912615474e-34
translocation_g.2094.peg.3148_Membrane,1.7066546135735975e-05,0.0
translocation_g.2094.peg.1600_Inner_Membrane,0.0,-1.5914485491585245e-34
translocation_g.2094.peg.1718_Inner_Membrane,0.0,-3.978621372896311e-35
translocation_g.2094.peg.210_Membrane,0.0,0.0
translocation_g.2094.peg.4217_Periplasm,0.0,0.0
translocation_g.2094.peg.3795_Inner_Membrane,0.0,-4.4580401928604746e-35
translocation_g.2094.peg.3570_Inner_Membrane,0.0,0.0
translocation_g.2094.peg.3669_Periplasm,9.626952384351287e-30,0.0
translocation_g.2094.peg.3720_Inner_Membrane,0.0,9.557531420086844e-35
translocation_527012.3.peg.3724_Membrane,0.0,1.1205550256741797e-34
translocation_g.2094.peg.2282_Periplasm,0.0,0.0
translocation_g.2094.peg.2989_Inner_Membrane,0.0,0.0
translocation_g.2094.peg.1174_Inner_Membrane,1.7647258706494017e-08,-1.987598809599641e-34
translocation_g.2094.peg.254_Inner_Membrane,0.0,1.8608306384624777e-34
translocation_g.2094.peg.632_Inner_Membrane,0.0,0.0
translocation_g.2094.peg.3578_Inner_Membrane,6.423891492528151e-08,9.176529526455395e-35
translocation_g.2094.peg.3064_Inner_Membrane,0.0,0.0
translocation_g.2094.peg.3223_Inner_Membrane,0.0,0.0
translocation_g.2094.peg.1370_Inner_Membrane,3.026587864006932e-07,1.9876478951276956e-34
translocation_g.2094.peg.4635_Membrane,0.0,0.0
translocation_527012.3.peg.3563_Membrane,2.0462526690138692e-05,0.0
translocation_g.2094.peg.2640_Inner_Membrane,5.004691767523244e-08,-3.157497204358546e-34
translocation_g.2094.peg.4450_Membrane,9.406546322087753e-08,2.1627004249510023e-34
translocation_g.2094.peg.946_Inner_Membrane,0.0,-2.1644978328455257e-34
translocation_g.2094.peg.4180_Inner_Membrane,0.0,0.0
translocation_g.2094.peg.4438_Inner_Membrane,0.0,-2.8381201805471256e-34
translocation_g.2094.peg.1901_Membrane,0.0,0.0
translocation_g.2094.peg.1026_Inner_Membrane,0.0,0.0
translocation_g.2094.peg.1768_Inner_Membrane,2.1678368808693535e-08,0.0
translocation_g.2094.peg.2787_Inner_Membrane,-5.847710769752977e-29,0.0
translocation_g.2094.peg.1573_Periplasm,0.0,0.0
translocation_g.2094.peg.1164_Inner_Membrane,0.0,0.0
translocation_g.2094.peg.1362_Periplasm,0.0,-1.7070176486092377e-34
translocation_g.2094.peg.1415_Membrane,5.812532035775932e-07,-1.8230398631381347e-34
translocation_g.2094.peg.2186_Membrane,2.6405847759250877e-05,0.0
translocation_g.2094.peg.4071_Membrane,1.4935606099699069e-06,0.0
translocation_g.2094.peg.4519_Membrane,2.1027457530769277e-09,1.7015176438026383e-34
translocation_g.2094.peg.635_Membrane,3.437849585943094e-07,-3.244219909009174e-34
translocation_527012.3.peg.2379_Periplasm,0.0,1.4665012800955435e-34
translocation_g.2094.peg.3603_Inner_Membrane,0.0,0.0
translocation_g.2094.peg.728_Inner_Membrane,0.0,-3.98702847177067e-34
translocation_g.2094.peg.1021_Outer_Membrane,0.0,7.942107579473942e-35
translocation_g.2094.peg.1051_Periplasm,0.0,-7.963004358993636e-35
translocation_g.2094.peg.1117_Membrane,2.6397436776238568e-05,0.0
translocation_g.2094.peg.1203_Inner_Membrane,9.135722627077513e-08,-5.407718667367809e-34
translocation_g.2094.peg.1594_Inner_Membrane,0.0,3.302451638911995e-35
translocation_g.2094.peg.2041_Inner_Membrane,5.678100187283843e-10,-3.033613081655516e-34
translocation_g.2094.peg.24_Inner_Membrane,9.709116501202377e-09,9.66084636257387e-34
translocation_g.2094.peg.2559_Membrane,1.0031931944851007e-09,0.0
translocation_g.2094.peg.2796_Membrane,4.04182801747602e-06,0.0
translocation_g.2094.peg.3114_Inner_Membrane,8.220835071004873e-11,1.9708542556451798e-34
translocation_g.2094.peg.3200_Membrane,2.8066253847114718e-08,0.0
translocation_g.2094.peg.3454_Periplasm,6.049623447309478e-10,0.0
translocation_g.2094.peg.3684_Membrane,2.6397436776238568e-05,-1.919411659605418e-34
translocation_g.2094.peg.3733_Inner_Membrane,4.041828017476017e-06,0.0
translocation_g.2094.peg.3816_Inner_Membrane,1.6118149068581658e-10,-4.409785156350664e-34
translocation_g.2094.peg.3854_Membrane,3.2236298137163317e-10,-1.717601972909842e-34
translocation_g.2094.peg.4094_Membrane,4.127718746286387e-09,-3.996111174168223e-34
translocation_g.2094.peg.4128_Membrane,5.61325076942295e-08,0.0
translocation_g.2094.peg.4503_Inner_Membrane,1.5151432983711398e-06,0.0
translocation_g.2094.peg.4652_Membrane,2.751812497524258e-09,-2.6636206536443467e-34
translocation_g.2094.peg.941_Inner_Membrane,9.463500312139726e-11,-1.1670353572990344e-34
biomass_constituent_demand,0.41944585222646025,0.034066936911518596
TS_4fe4s_c,-9.463517275528908e-11,0.0
