,fluxes,C-fluxes
EX_4hphac(e),0.9291892165390336,7.433513732312269
EX_ac(e),22.465648807118896,44.93129761423779
EX_dad_2(e),0.0025860090017045868,0.025860090017045867
EX_for(e),0.0238518173829925,0.0238518173829925
EX_nac(e),0.9982322989430524,5.989393793658315
TS_fadh2_c,9.998226272344278,269.9521093532955
