,fluxes,C-fluxes
EX_4abut(e),0.18,0.72
EX_ac(e),1.2656230257238075,2.531246051447615
EX_etoh(e),0.4858047760196703,0.9716095520393406
EX_for(e),1.1714954021796566,1.1714954021796566
EX_lac_D(e),1.365349079596445,4.0960472387893345
