,fluxes,C-fluxes
EX_ac(e),6.007034001568234,12.014068003136469
EX_but(e),0.3174996736601516,1.2699986946406063
EX_dtmp(e),0.9535259560625746,9.535259560625747
EX_for(e),0.0021813460050984796,0.0021813460050984796
EX_nac(e),0.9994605526033159,5.996763315619895
EX_orn(e),0.012564531578095017,0.06282265789047509
