,fluxes,C-fluxes
EX_4hphac(e),0.9734319457955728,7.787455566364582
EX_ac(e),10.528112407044702,21.056224814089404
EX_for(e),0.01213912036053491,0.01213912036053491
EX_gly(e),0.9704028647621915,1.940805729524383
