,fluxes,C-fluxes
EX_4hphac(e),0.9845529452900903,7.876423562320722
EX_ac(e),6.679074984637628,13.358149969275257
EX_for(e),0.010627771678338047,0.010627771678338047
EX_glyclt(e),2.7510852284948006,5.502170456989601
EX_gua(e),0.0363676473166732,0.18183823658336598
EX_ppa(e),1.0,3.0
EX_ptrc(e),0.8440573248597587,3.376229299439035
EX_trypta(e),0.07200687101569132,0.7200687101569132
