,fluxes,C-fluxes
EX_ac(e),5.002258016616495,10.00451603323299
EX_gln_L(e),0.33020750791140996,1.6510375395570498
EX_glu_L(e),0.2451392441151147,1.2256962205755735
EX_phe_L(e),0.9472740636581805,8.525466572923625
EX_ppa(e),1.290663723898244,3.8719911716947317
EX_pro_L(e),0.09979592020040165,0.4989796010020082
EX_succ(e),0.9336130403935379,3.7344521615741515
