,fluxes,C-fluxes
EX_ac(e),10.36380614329096,20.72761228658192
EX_for(e),0.02178681700318577,0.02178681700318577
EX_gln_L(e),0.017144910531171547,0.08572455265585774
EX_glyclt(e),3.1612825897130845,6.322565179426169
EX_hista(e),0.12911834177225034,0.6455917088612517
EX_nac(e),0.9993333468829914,5.996000081297948
EX_phe_L(e),1.0766524674139857,9.689872206725871
EX_ppa(e),1.0,3.0
EX_ptrc(e),0.01599195550334245,0.0639678220133698
EX_trypta(e),0.9274804838640545,9.274804838640545
