,fluxes,C-fluxes
EX_ac(e),6.054896428249361,12.109792856498721
EX_for(e),5.98183876147078,5.98183876147078
EX_succ(e),0.21163188103442204,0.8465275241376882
