,fluxes,C-fluxes
EX_ac(e),4.706448297760896,9.412896595521792
EX_acald(e),0.17878295,0.3575659
EX_for(e),0.003994354655048364,0.003994354655048364
EX_ile_L(e),0.06423877057950614,0.38543262347703683
EX_lys_L(e),0.9653194665885351,5.791916799531211
EX_phe_L(e),0.9225184457999666,8.3026660121997
EX_pro_L(e),0.6640020307010549,3.3200101535052746
EX_succ(e),4.084451203220163,16.337804812880652
