,fluxes,C-fluxes
EX_lys_L(e),9.993134388291915,59.958806329751496
EX_orn(e),0.1465712436288391,0.7328562181441955
