,fluxes,C-fluxes
EX_ac(e),5.869991066312056,11.739982132624112
EX_etoh(e),4.142200328071837,8.284400656143674
EX_for(e),9.216401075562064,9.216401075562064
EX_ile_L(e),0.9118027956669507,5.470816774001704
EX_orn(e),0.18669362131060843,0.9334681065530421
EX_phe_L(e),0.9260951159828774,8.334856043845896
EX_succ(e),0.16797814932591962,0.6719125973036785
