,fluxes,C-fluxes
EX_ac(e),10.110012822789244,20.220025645578488
EX_dad_2(e),0.9857745206190676,9.857745206190675
EX_for(e),0.005337094892003925,0.005337094892003925
EX_hista(e),0.1213646259659328,0.606823129829664
EX_orn(e),0.09949805080089606,0.4974902540044803
EX_phe_L(e),0.9474883092236218,8.527394783012596
EX_succ(e),0.2910065325608219,1.1640261302432875
