,fluxes,C-fluxes
EX_12ppd_S(e),0.14898579,0.44695737
EX_4abut(e),0.18,0.72
EX_ac(e),6.629757043561808,13.259514087123616
EX_adn(e),0.0008202251925215044,0.008202251925215044
EX_for(e),7.597018761692427,7.597018761692427
EX_glyc(e),0.1528906236586139,0.45867187097584167
EX_lys_L(e),0.964648468695433,5.787890812172598
EX_phe_L(e),0.9464371479326353,8.517934331393718
EX_ppa(e),0.1933410061455604,0.5800230184366812
