,fluxes,C-fluxes
EX_12ppd_S(e),0.14898579,0.44695737
EX_4abut(e),0.23839310761357016,0.9535724304542806
EX_ade(e),1.0076525886385643,5.038262943192821
EX_gcald(e),0.0013210699701108044,0.002642139940221609
EX_lys_L(e),0.5549715573682054,3.329829344209232
EX_phe_L(e),0.9311416276279263,8.380274648651337
EX_succ(e),5.978281311147407,23.91312524458963
EX_val_L(e),0.5544231024077718,2.772115512038859
