,fluxes,C-fluxes
EX_4abut(e),0.18,0.72
EX_ac(e),2.2494843130946602,4.4989686261893205
EX_dcyt(e),0.9727118440806496,8.754406596725847
EX_for(e),2.566348505305038,2.566348505305038
EX_gsn(e),0.005942537154934484,0.05942537154934484
EX_indole(e),0.07777213314420539,0.6221770651536431
EX_lys_L(e),0.9569505791970077,5.741703475182046
EX_succ(e),2.9618491807507756,11.847396723003103
EX_val_L(e),0.9809729422951459,4.90486471147573
