,fluxes,C-fluxes
EX_ac(e),2.3836599624047263,4.767319924809453
EX_but(e),2.5696347756646634,10.278539102658653
EX_for(e),6.250451533565277,6.250451533565277
EX_indole(e),0.08070899612231011,0.6456719689784809
EX_nac(e),0.07752958199806455,0.4651774919883873
EX_orn(e),0.009966734854306485,0.04983367427153242
EX_ppa(e),0.1992270786067474,0.5976812358202422
EX_succ(e),0.009966734854306485,0.03986693941722594
EX_tma(e),1.0,3.0
TS_ahcys_c,7.288295216314409e-05,0.0010203613302840172
