,fluxes,C-fluxes
EX_ac(e),3.9939500465414506,7.987900093082901
