,fluxes,C-fluxes
EX_but(e),5.718540939546364,22.874163758185457
EX_dad_2(e),0.9716518472487646,9.716518472487646
EX_dcyt(e),0.9670139318708663,8.703125386837796
