,fluxes,C-fluxes
EX_ac(e),14.468889088475168,28.937778176950335
EX_gcald(e),0.00585005391167143,0.01170010782334286
EX_hxan(e),0.9540712427863954,4.7703562139319775
EX_ile_L(e),0.8408253536439492,5.044952121863695
EX_indole(e),0.04984079426916932,0.39872635415335456
EX_lys_L(e),0.9226539391584153,5.535923634950492
EX_pro_L(e),3.4700539738020915,17.350269869010457
EX_succ(e),3.020685507342247,12.082742029368989
