,fluxes,C-fluxes
EX_15dap(e),1.0436549821014942,5.218274910507471
EX_ac(e),10.04814187639425,20.0962837527885
EX_acald(e),0.9794717613399192,1.9589435226798384
EX_ala_L(e),2.764422377646512,8.293267132939537
EX_cys_L(e),0.98387738071788,2.95163214215364
EX_gly(e),5.02087422713623,10.04174845427246
EX_lac_L(e),5.665615781280441,16.996847343841324
EX_orn(e),0.01363847864942266,0.0681923932471133
EX_ura(e),1.9705812938746357,7.882325175498543
