,fluxes,C-fluxes
EX_ac(e),12.761604459757695,25.52320891951539
EX_acac(e),3.7897851064528765,15.159140425811506
EX_dad_2(e),0.18176442698043255,1.8176442698043256
EX_gly(e),12.099377867875537,24.198755735751075
EX_ins(e),1.7320670164320964,17.320670164320966
EX_lys_L(e),0.8691515591373172,5.214909354823903
