,fluxes,C-fluxes
EX_ac(e),10.873747602288145,21.74749520457629
EX_dad_2(e),0.9420873016913489,9.42087301691349
EX_gcald(e),0.8853903745502678,1.7707807491005356
EX_hista(e),0.1217029739464666,0.608514869732333
EX_ile_L(e),0.7261640811417011,4.356984486850206
EX_orn(e),0.003943138957260771,0.019715694786303854
EX_ppa(e),8.523844867323124,25.571534601969372
EX_tym(e),0.9166182917493993,7.332946333995195
