,fluxes,C-fluxes
EX_ac(e),14.905928052552675,29.81185610510535
EX_dad_2(e),0.02318311397180825,0.2318311397180825
EX_for(e),17.412886354177374,17.412886354177374
EX_nac(e),0.9961559313042943,5.976935587825766
EX_succ(e),0.8750605596869737,3.500242238747895
EX_ttdca(e),0.5586630575652078,7.82128280591291
EX_urea(e),0.003843868844580804,0.003843868844580804
