,fluxes,C-fluxes
EX_4abut(e),1.5543598775923235,6.217439510369294
EX_ac(e),13.27452096989981,26.54904193979962
EX_dad_2(e),0.9401675235074657,9.401675235074658
EX_etoh(e),2.4713054386142614,4.942610877228523
EX_for(e),16.216970963794115,16.216970963794115
EX_ile_L(e),0.8993895652370784,5.39633739142247
EX_lys_L(e),0.8566651196834983,5.13999071810099
EX_nac(e),0.9967314998982132,5.980388999389279
EX_orn(e),0.07134375516852118,0.3567187758426059
EX_val_L(e),1.3728113638107917,6.864056819053959
