,fluxes,C-fluxes
EX_4abut(e),0.10797396121576547,0.4318958448630619
EX_ac(e),7.928855563110658,15.857711126221316
EX_dad_2(e),0.9490475480466908,9.490475480466907
EX_gly(e),0.9882945812109437,1.9765891624218874
EX_ile_L(e),0.775008965886684,4.650053795320104
EX_lys_L(e),0.7265645896407769,4.359387537844661
EX_succ(e),10.565497736381023,42.26199094552409
