,fluxes,C-fluxes
EX_ac(e),15.59134969196155,31.1826993839231
EX_dad_2(e),0.02313240979092123,0.23132409790921232
EX_etoh(e),2.523527358654037,5.047054717308074
EX_for(e),16.564043208760534,16.564043208760534
EX_nac(e),0.996170572081639,5.977023432489833
EX_orn(e),0.07380638153172453,0.36903190765862265
EX_pro_L(e),0.034521611688137714,0.17260805844068858
EX_succ(e),1.5999649996742615,6.399859998697046
EX_urea(e),0.003829229972560713,0.003829229972560713
