,fluxes,C-fluxes
EX_ac(e),24.820367056852934,49.64073411370587
EX_gcald(e),0.015614734762259153,0.031229469524518307
EX_gly(e),12.097293841265651,24.194587682531303
EX_ins(e),1.5209137711332181,15.20913771133218
EX_lys_L(e),0.09921861023921039,0.5953116614352623
EX_pro_L(e),0.8275829347190465,4.137914673595232
