,fluxes,C-fluxes
EX_ac(e),9.25754862547813,18.51509725095626
EX_acald(e),1.1523759485059317,2.3047518970118634
EX_gcald(e),0.012435312190535045,0.02487062438107009
EX_orn(e),0.008068521416005593,0.040342607080027966
EX_ppa(e),12.492659807150115,37.47797942145034
EX_ura(e),1.8659878070651719,7.4639512282606875
