,fluxes,C-fluxes
EX_12ppd_S(e),0.30086958,0.90260874
EX_ac(e),15.31574323938047,30.63148647876094
EX_dad_2(e),0.05426038188590859,0.5426038188590859
EX_for(e),13.148457101359599,13.148457101359599
EX_meoh(e),0.00907565,0.00907565
EX_met_L(e),0.6671166094472332,3.335583047236166
EX_ppa(e),2.9978989492767423,8.993696847830227
