,fluxes,C-fluxes
EX_ac(e),3.3915568869800383,6.783113773960077
EX_for(e),2.252816574203078,2.252816574203078
EX_lac_L(e),0.14898579,0.44695737
EX_ppa(e),1.874686095319778,5.624058285959334
EX_pydxn(e),0.9994054940273509,7.995243952218807
EX_urea(e),0.12482202833661608,0.12482202833661608
