,fluxes,C-fluxes
EX_12ppd_S(e),0.14898579,0.44695737
EX_ac(e),5.785188689247026,11.570377378494053
EX_ade(e),1.9611736281088934,9.805868140544467
EX_cys_L(e),0.090491678058545,0.271475034175635
EX_for(e),5.965140781624682,5.965140781624682
EX_glyc(e),0.007497141086702389,0.02249142326010717
EX_indole(e),0.056504625528186206,0.45203700422548965
EX_orn(e),0.10320845357328463,0.5160422678664232
EX_phe_L(e),0.8780957249768621,7.902861524791758
EX_ppa(e),2.61322819671448,7.83968459014344
