,fluxes,C-fluxes
EX_12ppd_S(e),0.14898579,0.44695737
EX_ac(e),7.243945926920724,14.487891853841449
EX_dad_2(e),0.04119817335187207,0.4119817335187207
EX_for(e),6.193323665479343,6.193323665479343
EX_indole(e),0.06991582546898607,0.5593266037518886
EX_pac(e),0.8936980493061124,7.149584394448899
EX_ppa(e),5.968280731382347,17.90484219414704
