,fluxes,C-fluxes
EX_ac(e),4.925633559949164,9.851267119898328
EX_adn(e),0.004209605651561278,0.04209605651561278
EX_dcyt(e),0.029316015191710655,0.2638441367253959
EX_for(e),3.135857591138436,3.135857591138436
