,fluxes,C-fluxes
EX_ac(e),2.2468956182889186,4.493791236577837
EX_dad_2(e),1.0016515502221748,10.016515502221747
EX_for(e),1.7907911190438193,1.7907911190438193
EX_ppa(e),0.7298186489482741,2.1894559468448223
EX_uri(e),0.993401643018676,8.940614787168084
