,fluxes,C-fluxes
EX_ac(e),5.017185131629962,10.034370263259923
EX_dad_2(e),0.006712092197739178,0.06712092197739178
EX_for(e),3.586779271860207,3.586779271860207
