,fluxes,C-fluxes
EX_12ppd_S(e),0.14898579,0.44695737
EX_ac(e),7.541365127575851,15.082730255151702
EX_ade(e),0.9227123427753684,4.613561713876842
EX_for(e),6.526063085185789,6.526063085185789
EX_ppa(e),8.242676990136724,24.728030970410174
EX_ptrc(e),0.06406579470383927,0.2562631788153571
