,fluxes,C-fluxes
EX_12ppd_S(e),0.14898579,0.44695737
EX_ac(e),2.1716780980959887,4.343356196191977
EX_dad_2(e),0.026865693109296703,0.268656931092967
EX_for(e),2.1424914960682395,2.1424914960682395
EX_indole(e),0.0793399140726021,0.6347193125808168
EX_ppa(e),0.7755312533932802,2.3265937601798408
EX_thymd(e),0.016042263643242818,0.16042263643242818
