,fluxes,C-fluxes
EX_12ppd_S(e),0.14898579,0.44695737
EX_ac(e),2.9955944055864694,5.991188811172939
EX_ade(e),0.9725844034577589,4.862922017288795
EX_for(e),2.867552897626573,2.867552897626573
EX_indole(e),0.06388444406391948,0.5110755525113558
EX_ppa(e),3.3172881018551825,9.951864305565547
EX_urea(e),0.10290714279871177,0.10290714279871177
