,fluxes,C-fluxes
EX_ac(e),4.002580824329399,8.005161648658799
EX_adn(e),0.0051109215197012005,0.051109215197012
EX_dcyt(e),0.01828572251177137,0.16457150260594233
EX_for(e),1.4374715045737523,1.4374715045737523
