,fluxes,C-fluxes
EX_ac(e),11.238090678010783,22.476181356021566
EX_adn(e),0.0016990971751703764,0.016990971751703762
EX_arab_L(e),0.0055197,0.027598499999999998
EX_dcyt(e),0.021055418745501063,0.18949876870950957
EX_for(e),10.459398304766522,10.459398304766522
EX_indole(e),0.06848905614277119,0.5479124491421695
EX_pac(e),0.8948468141303845,7.158774513043076
EX_ppa(e),5.526441319147804,16.579323957443414
