,fluxes,C-fluxes
EX_ac(e),5.306808148114257,10.613616296228514
EX_ade(e),0.9780154436720376,4.890077218360188
EX_for(e),3.967073122948124,3.967073122948124
EX_ppa(e),2.6819997275758123,8.045999182727437
