,fluxes,C-fluxes
EX_ac(e),6.6598289407264435,13.319657881452887
EX_adn(e),0.0001857255640017801,0.0018572556400178008
EX_dcyt(e),0.01139553586053356,0.10255982274480203
EX_for(e),7.549406428366687,7.549406428366687
EX_fuc_L(e),0.000789,0.004734
EX_indole(e),0.048351400193038595,0.38681120154430876
EX_pac(e),0.932710378781585,7.46168303025268
EX_ppa(e),0.9059917345856815,2.7179752037570446
