,fluxes,C-fluxes
EX_ac(e),13.33309336449026,26.66618672898052
EX_arab_L(e),0.0055197,0.027598499999999998
EX_dcyt(e),0.0070758550351303256,0.06368269531617293
EX_for(e),10.468665260984496,10.468665260984496
EX_gcald(e),0.002121790292088266,0.004243580584176532
EX_indole(e),0.0636940487860982,0.5095523902887856
EX_ins(e),1.0008859417735636,10.008859417735636
EX_pac(e),0.9499498623563586,7.599598898850869
EX_ppa(e),4.375786130295921,13.127358390887764
