,fluxes,C-fluxes
EX_12ppd_S(e),0.14898579,0.44695737
EX_ac(e),3.9319519657245205,7.863903931449041
EX_dad_2(e),0.0036953153237086304,0.036953153237086304
EX_for(e),2.654676099972291,2.654676099972291
EX_ppa(e),3.0137981213676928,9.041394364103079
EX_urea(e),0.1191449315884334,0.1191449315884334
TS_cbl1_c,0.03206209046747736,1.9878496089835962
