,fluxes,C-fluxes
EX_ac(e),3.3134561776327063,6.626912355265413
EX_dad_2(e),0.005822567478184799,0.05822567478184799
EX_for(e),3.016228292363707,3.016228292363707
EX_ins(e),0.9834308611754805,9.834308611754805
EX_ppa(e),1.1505756219310403,3.451726865793121
