,fluxes,C-fluxes
EX_ac(e),13.349258224770258,26.698516449540517
EX_adn(e),0.0004452333789798609,0.0044523337897986095
EX_arab_L(e),0.0055197,0.027598499999999998
EX_cys_L(e),0.1272187079697669,0.3816561239093007
EX_dcyt(e),0.028126611061674283,0.25313949955506854
EX_for(e),11.396541803665093,11.396541803665093
EX_indole(e),0.048137853172068715,0.3851028253765497
EX_pac(e),0.9043253259502938,7.23460260760235
EX_ppa(e),2.718318314534502,8.154954943603506
