,fluxes,C-fluxes
EX_akg(e),0.0015028587231373423,0.007514293615686712
EX_hdca(e),0.003846717675691673,0.06154748281106677
EX_succ(e),0.0007545834119004824,0.0030183336476019298
TS_nad_c,0.9675245805353172,20.31801619124166
TS_fadh2_c,1.0316109920092784,27.853496784250517
