,fluxes,C-fluxes
EX_ac(e),10.197548045559833,20.395096091119665
EX_cytd(e),0.08860468809705928,0.7974421928735335
EX_etoh(e),1.684844977693258,3.369689955386516
EX_for(e),5.911104946894176,5.911104946894176
EX_glcur(e),0.00032865,0.0019719
EX_glyc(e),0.15379059989952693,0.4613717996985808
EX_phe_L(e),0.9448465070904007,8.503618563813607
EX_pro_L(e),0.20606099298844827,1.0303049649422413
EX_succ(e),0.12468896511882216,0.49875586047528864
