,fluxes,C-fluxes
EX_5mthf(e),0.02965518857587996,0.5931037715175992
EX_ac(e),6.444862884704521,12.889725769409042
EX_cys_L(e),0.1668186766892718,0.5004560300678154
EX_for(e),3.4902167808455897,3.4902167808455897
EX_glcur(e),0.00032865,0.0019719
EX_glyc(e),0.0016175474237717362,0.004852642271315209
EX_phe_L(e),0.9837267003132791,8.853540302819512
EX_pro_L(e),0.30152149740372636,1.5076074870186318
EX_succ(e),0.011023528214952276,0.044094112859809104
