,fluxes,C-fluxes
EX_ac(e),5.925469582277741,11.850939164555482
EX_cys_L(e),0.389245979831984,1.167737939495952
EX_for(e),2.8282985335502637,2.8282985335502637
EX_glcur(e),0.00032865,0.0019719
EX_phe_L(e),0.9756302955003157,8.78067265950284
EX_pro_L(e),0.1001556727927401,0.5007783639637005
