,fluxes,C-fluxes
EX_ac(e),10.373771018055077,20.747542036110154
EX_etoh(e),3.649807966084308,7.299615932168616
EX_for(e),8.163610463451613,8.163610463451613
EX_gly(e),0.13951487944840554,0.2790297588968111
EX_hista(e),0.13848937849970222,0.6924468924985111
EX_orn(e),0.2137111517075609,1.0685557585378045
EX_phe_L(e),0.9587629509153497,8.628866558238148
EX_trypta(e),0.0704543055127316,0.704543055127316
