,fluxes,C-fluxes
EX_12ppd_S(e),0.14898579,0.44695737
EX_ac(e),10.03624775656616,20.07249551313232
EX_etoh(e),0.9824667787554497,1.9649335575108995
EX_for(e),5.041769579359536,5.041769579359536
EX_gly(e),0.15388774252542886,0.3077754850508577
EX_glyc(e),0.0028789951454472064,0.008636985436341619
EX_phe_L(e),0.9607952628135701,8.64715736532213
EX_pro_L(e),0.31499499016825766,1.5749749508412882
EX_uri(e),0.05738647758932089,0.516478298303888
