,fluxes,C-fluxes
EX_5mthf(e),0.9986589395616349,19.973178791232698
EX_ac(e),13.151248587475516,26.302497174951032
EX_cys_L(e),0.6011331445342655,1.8033994336027965
EX_cytd(e),0.08558876922435851,0.7702989230192266
EX_for(e),5.544206215931513,5.544206215931513
EX_glcur(e),0.00032865,0.0019719
EX_phe_L(e),0.947814759477248,8.530332835295232
EX_pro_L(e),0.21429949615139568,1.0714974807569784
EX_succ(e),0.12005103014515192,0.4802041205806077
