,fluxes,C-fluxes
EX_12ppd_S(e),0.14898579,0.44695737
EX_ac(e),7.282758322320804,14.565516644641608
EX_etoh(e),0.4895044911113487,0.9790089822226974
EX_for(e),5.605141770628636,5.605141770628636
EX_gly(e),1.177588235539666,2.355176471079332
EX_glyc(e),0.0021093326905828494,0.006327998071748548
EX_orn(e),0.08136489082000595,0.40682445410002976
EX_phe_L(e),0.9782476517235307,8.804228865511776
EX_pro_L(e),0.17149160354826049,0.8574580177413025
EX_uri(e),0.04561885099762158,0.4105696589785942
