,fluxes,C-fluxes
EX_4abut(e),0.18,0.72
EX_ac(e),13.349831488510022,26.699662977020044
EX_cys_L(e),0.9973774402744959,2.9921323208234876
EX_etoh(e),1.16899884274914,2.33799768549828
EX_for(e),6.157291073864854,6.157291073864854
EX_glyc(e),0.00382643993250182,0.011479319797505461
EX_phe_L(e),0.954608531944179,8.591476787497612
