,fluxes,C-fluxes
EX_ac(e),4.787810665798828,9.575621331597656
EX_cytd(e),0.03157600534905382,0.28418404814148435
EX_for(e),3.6646516143384886,3.6646516143384886
EX_gly(e),1.1979973157428003,2.3959946314856007
EX_glyc(e),0.001251453217145212,0.003754359651435636
EX_phe_L(e),0.7433087668075705,6.689778901268134
EX_succ(e),0.03940937142850248,0.15763748571400993
