,fluxes,C-fluxes
EX_5mthf(e),0.9985929996453353,19.971859992906708
EX_ac(e),12.12734896260345,24.2546979252069
EX_cys_L(e),0.2399997380947459,0.7199992142842377
EX_cytd(e),0.0888533830784948,0.7996804477064532
EX_for(e),5.1147487884138965,5.1147487884138965
EX_glcur(e),0.00032865,0.0019719
EX_phe_L(e),0.9653657842800563,8.688292058520506
EX_pro_L(e),0.17578407560067266,0.8789203780033633
EX_succ(e),0.12490795999100861,0.49963183996403443
