,fluxes,C-fluxes
EX_12ppd_S(e),0.14898579,0.44695737
EX_4abut(e),0.33443492399762703,1.3377396959905081
EX_ac(e),15.503689641439655,31.00737928287931
EX_cys_L(e),0.17323293820223007,0.5196988146066902
EX_cytd(e),0.07207282867187839,0.6486554580469055
EX_etoh(e),2.1958263777441274,4.391652755488255
EX_for(e),7.743321110897922,7.743321110897922
EX_glcur(e),0.00032865,0.0019719
EX_glyc(e),0.003832603566987289,0.011497810700961867
EX_phe_L(e),0.9527706130411677,8.574935517370509
