,fluxes,C-fluxes
EX_ac(e),7.684122074795867,15.368244149591733
EX_for(e),6.397271911560318,6.397271911560318
EX_gln_L(e),0.07694740903891618,0.3847370451945809
EX_gly(e),0.11546981237554015,0.2309396247510803
