,fluxes,C-fluxes
EX_12ppd_S(e),0.14898579,0.44695737
EX_ac(e),16.078062584037337,32.156125168074674
EX_gly(e),0.7719619424352008,1.5439238848704016
EX_phe_L(e),0.9031604970813184,8.128444473731866
EX_ura(e),0.935244855846219,3.740979423384876
