,fluxes,C-fluxes
EX_ac(e),0.9678719058519916,1.9357438117039831
EX_dad_2(e),1.970927192470348,19.70927192470348
EX_etoh(e),2.4445358071302925,4.889071614260585
EX_gcald(e),0.005884858468222105,0.01176971693644421
EX_ile_L(e),0.8895327651223874,5.337196590734324
EX_lys_L(e),0.9223617585019338,5.534170551011603
EX_met_L(e),0.2389745194848716,1.1948725974243581
EX_succ(e),11.38257852028654,45.53031408114616
