,fluxes,C-fluxes
EX_ac(e),2.139568618175869,4.279137236351738
EX_dad_2(e),0.9952372082454691,9.95237208245469
EX_gcald(e),0.000550055284801371,0.001100110569602742
EX_gua(e),0.05517919101634011,0.27589595508170056
EX_hista(e),0.1363586917178333,0.6817934585891665
EX_ins(e),0.9453767434159324,9.453767434159325
EX_phe_L(e),0.9804828632873472,8.824345769586126
EX_ppa(e),3.5507663139759753,10.652298941927926
EX_succ(e),0.3392804842445864,1.3571219369783456
