,fluxes,C-fluxes
EX_acac(e),1.9410879813032806,7.764351925213123
EX_dad_2(e),1.9397328964110843,19.39732896411084
EX_lys_L(e),0.8867567559090707,5.320540535454424
EX_nac(e),0.9964030014180774,5.978418008508465
EX_succ(e),13.97509821764435,55.9003928705774
