,fluxes,C-fluxes
EX_acac(e),1.3024766533410823,5.209906613364329
EX_hxan(e),0.9678266007587362,4.83913300379368
EX_ile_L(e),0.8431013505223622,5.058608103134174
EX_lys_L(e),0.8971124947730703,5.382674968638422
EX_succ(e),11.05465019512094,44.21860078048376
