,fluxes,C-fluxes
EX_ac(e),24.180244581432188,48.360489162864376
EX_acald(e),0.32483853261912843,0.6496770652382569
EX_for(e),0.014797686763931991,0.014797686763931991
EX_gua(e),0.9526803847306682,4.7634019236533405
EX_leu_L(e),0.7210357302469573,4.326214381481744
EX_lys_L(e),0.9577188615105949,5.746313169063569
EX_phe_L(e),0.9152071782345332,8.2368646041108
EX_trypta(e),0.05743031858881968,0.5743031858881968
