,fluxes,C-fluxes
EX_ac(e),2.29930863985326,4.59861727970652
EX_ade(e),1.9518750232394115,9.759375116197058
EX_for(e),0.023846449497780427,0.023846449497780427
EX_gcald(e),0.0031087667608421907,0.006217533521684381
EX_gua(e),0.9862017879962063,4.931008939981031
EX_indole(e),0.07063859977674346,0.5651087982139477
EX_ppa(e),9.699306825146062,29.097920475438187
