,fluxes,C-fluxes
EX_12ppd_S(e),0.14898579,0.44695737
EX_ac(e),3.2676482351224045,6.535296470244809
EX_but(e),2.7576860879195304,11.030744351678122
EX_for(e),8.005242228257266,8.005242228257266
EX_ptrc(e),0.11485889738846164,0.45943558955384656
