,fluxes,C-fluxes
EX_cytd(e),0.011461829073991335,0.10315646166592202
EX_dad_2(e),0.0006518091800912911,0.006518091800912911
EX_pyr(e),1.5535660794690804,4.6606982384072415
EX_succ(e),0.8385577061370779,3.3542308245483117
