,fluxes,C-fluxes
EX_akg(e),0.48561879583799744,2.4280939791899874
EX_cytd(e),0.0414643747831236,0.3731793730481124
EX_gly(e),0.9363033608857277,1.8726067217714555
EX_ptrc(e),0.05607554934458791,0.22430219737835164
EX_pyr(e),0.9658113467155229,2.897434040146569
EX_succ(e),2.1284085244839663,8.513634097935865
