,fluxes,C-fluxes
EX_ac(e),6.533498737552642,13.066997475105284
EX_ade(e),0.996609420571205,4.983047102856025
EX_cys_L(e),0.9875857353999308,2.962757206199792
EX_dcyt(e),0.9687901101763742,8.719110991587367
EX_fru(e),0.21189905900892658,1.2713943540535595
EX_gcald(e),0.0013512299356027934,0.0027024598712055868
EX_glyc(e),0.0046465029401900676,0.013939508820570202
EX_nac(e),0.9995495887840404,5.997297532704243
