,fluxes,C-fluxes
EX_ac(e),19.942768733475788,39.885537466951575
EX_dad_2(e),1.0008032851993458,10.008032851993459
EX_for(e),16.131693697759243,16.131693697759243
EX_gcald(e),3.0074775752030045,6.014955150406009
EX_indole(e),0.03813431506909884,0.3050745205527907
EX_nac(e),0.9963224469363051,5.977934681617831
EX_phe_L(e),0.7267459203710852,6.540713283339767
EX_ppa(e),0.07836965121541044,0.2351089536462313
