,fluxes,C-fluxes
EX_ac(e),19.92053619324152,39.84107238648304
EX_dad_2(e),1.0007601275859732,10.007601275859733
EX_for(e),16.039182722515246,16.039182722515246
EX_gcald(e),2.91602562487528,5.83205124975056
EX_indole(e),0.037653487447687914,0.3012278995815033
EX_nac(e),0.9962816527934247,5.977689916760548
EX_phe_L(e),0.7359423945097466,6.623481550587719
EX_ppa(e),0.026858179849486682,0.08057453954846004
