,fluxes,C-fluxes
EX_ac(e),5.687463629411052,11.374927258822105
EX_cys_L(e),0.9851445584883017,2.955433675464905
EX_for(e),3.491832774964982,3.491832774964982
EX_nac(e),0.0613920966042235,0.36835257962534096
EX_succ(e),1.547411150965368,6.189644603861472
