,fluxes,C-fluxes
EX_ac(e),35.14808971697535,70.2961794339507
EX_for(e),0.030152563005067037,0.030152563005067037
EX_gcald(e),0.016178533470620156,0.03235706694124031
EX_hxan(e),0.896559781786747,4.482798908933735
EX_lys_L(e),0.6967996529865084,4.18079791791905
EX_phe_L(e),0.71485460843701,6.43369147593309
EX_ura(e),0.8130924341749005,3.252369736699602
