,fluxes,C-fluxes
EX_ac(e),7.943625171163388,15.887250342326777
EX_but(e),5.036387820817826,20.145551283271303
EX_dad_2(e),1.9303627502648024,19.303627502648023
EX_dcyt(e),0.87923116780081,7.9130805102072905
EX_for(e),19.885187161634704,19.885187161634704
EX_phe_L(e),0.8127367758980583,7.314630983082524
EX_ppa(e),0.05323094901215716,0.15969284703647146
EX_tma(e),1.0,3.0
