,fluxes,C-fluxes
EX_but(e),1.2537066166314657,5.014826466525863
EX_pro_L(e),0.13059451699153327,0.6529725849576663
EX_succ(e),1.6095427504039745,6.438171001615898
