,fluxes,C-fluxes
EX_ac(e),1.023600256721633,2.047200513443266
EX_nac(e),0.00044953633255277135,0.002697217995316628
