,fluxes,C-fluxes
EX_ac(e),12.11946255695926,24.23892511391852
EX_cys_L(e),0.03583347473146804,0.10750042419440413
EX_for(e),4.1462565269327705,4.1462565269327705
EX_hxan(e),0.9029666146755426,4.514833073377713
EX_succ(e),8.475758405883074,33.903033623532295
EX_tma(e),1.0,3.0
