,fluxes,C-fluxes
EX_ac(e),11.849540740924507,23.699081481849014
EX_cys_L(e),0.9776055245709274,2.932816573712782
EX_for(e),0.0037952332814547413,0.0037952332814547413
EX_ura(e),0.9894370789556756,3.9577483158227023
