,fluxes,C-fluxes
EX_ac(e),21.785383531723507,43.570767063447015
EX_for(e),9.413269951044336,9.413269951044336
EX_gln_L(e),5.953170128065438,29.76585064032719
EX_hxan(e),0.9397515573677327,4.698757786838664
EX_ile_L(e),0.7955688163304891,4.773412897982935
EX_indole(e),0.07025434402123017,0.5620347521698413
EX_tma(e),1.0,3.0
