,fluxes,C-fluxes
EX_ac(e),7.6460625108784726,15.292125021756945
EX_cys_L(e),0.9664003238940554,2.8992009716821663
EX_dad_2(e),0.9359667255478256,9.359667255478255
EX_etoh(e),0.7192147296146368,1.4384294592292737
EX_lys_L(e),0.8740956431647859,5.244573858988716
EX_nac(e),0.9933781401048472,5.960268840629083
EX_succ(e),8.061445919804877,32.24578367921951
EX_thymd(e),0.8617922501179142,8.617922501179141
EX_tma(e),1.0,3.0
