,fluxes,C-fluxes
EX_13ppd(e),0.6428740023080444,1.928622006924133
EX_ac(e),8.943305664377444,17.88661132875489
EX_adn(e),0.000273699769372554,0.0027369976937255402
EX_ala_L(e),0.15015114806788288,0.45045344420364863
EX_arab_L(e),0.0055197,0.027598499999999998
EX_for(e),9.266925687509005,9.266925687509005
EX_gal(e),0.00091995,0.0055197
EX_nac(e),0.9972986281978595,5.983791769187157
EX_xyl_D(e),0.0091995,0.0459975
