,fluxes,C-fluxes
EX_ac(e),20.19639684461502,40.39279368923004
EX_ch4s(e),3.098177592245623,3.098177592245623
EX_ind3ppa(e),0.07278961742178078,0.8006857916395885
EX_pac(e),1.8693754758307954,14.955003806646364
EX_ppa(e),1.100141867191578,3.3004256015747337
EX_urea(e),0.08653536495138953,0.08653536495138953
