,fluxes,C-fluxes
EX_ac(e),10.50737996353399,21.01475992706798
EX_cys_L(e),0.9532151465078362,2.8596454395235087
EX_for(e),0.008128462409012395,0.008128462409012395
EX_ura(e),0.9611410415298131,3.8445641661192522
