,fluxes,C-fluxes
EX_ac(e),8.083299821485069,16.166599642970137
EX_etoh(e),5.724913130562772,11.449826261125544
EX_for(e),11.651178185294512,11.651178185294512
EX_gly(e),0.04733416911759209,0.09466833823518418
EX_orn(e),0.15,0.75
