,fluxes,C-fluxes
EX_ac(e),3.1058892291045956,6.211778458209191
EX_etoh(e),2.5042585520597154,5.008517104119431
EX_for(e),4.780168718218195,4.780168718218195
EX_orn(e),0.1264429051225647,0.6322145256128235
