,fluxes,C-fluxes
EX_ac(e),1.9775192298743325,3.955038459748665
EX_etoh(e),1.6536635343541028,3.3073270687082057
EX_for(e),3.6347029971588047,3.6347029971588047
EX_hxan(e),0.9849211386069497,4.924605693034748
EX_orn(e),0.048185086988682874,0.24092543494341437
