,fluxes,C-fluxes
EX_ac(e),3.4776634842492853,6.955326968498571
EX_asp_L(e),0.18372983977170257,0.7349193590868103
EX_but(e),2.5082230009399913,10.032892003759965
EX_for(e),6.300872452034973,6.300872452034973
EX_isobut(e),0.1623526537582021,0.6494106150328084
