,fluxes,C-fluxes
EX_4hphac(e),0.078936005196023,0.631488041568184
EX_ala_L(e),0.14590119221103034,0.437703576633091
EX_glu_L(e),0.16739962191407695,0.8369981095703848
EX_ile_L(e),0.37122550223112216,2.227353013386733
EX_lac_L(e),0.28614779359148723,0.8584433807744617
