,fluxes,C-fluxes
EX_ac(e),6.543194073496212,13.086388146992425
EX_dad_2(e),0.032846624760991275,0.3284662476099127
EX_for(e),5.438724235843989,5.438724235843989
EX_hista(e),0.12535344145636737,0.6267672072818369
EX_phe_L(e),0.9392344847286951,8.453110362558256
EX_ppa(e),4.809087139755082,14.427261419265246
EX_pro_L(e),0.17040400505492567,0.8520200252746284
EX_trypta(e),0.0662760193557619,0.662760193557619
