,fluxes,C-fluxes
EX_4hphac(e),0.9737611383124364,7.790089106499491
EX_5mta(e),0.000807288381596916,0.008880172197566077
EX_ac(e),7.884024341815962,15.768048683631925
EX_adn(e),0.0002183461090185773,0.002183461090185773
EX_dad_2(e),0.973557215998682,9.73557215998682
EX_for(e),0.06006828447360328,0.06006828447360328
EX_indole(e),0.05278693884630859,0.42229551077046873
EX_lys_L(e),0.9372468443162779,5.623481065897668
EX_ppa(e),10.427902316131789,31.283706948395366
