,fluxes,C-fluxes
EX_ac(e),12.884995407133593,25.769990814267185
EX_dad_2(e),0.9696067828407593,9.696067828407593
EX_for(e),5.278721439940903,5.278721439940903
