,fluxes,C-fluxes
EX_ac(e),15.197378856939606,30.394757713879212
EX_dad_2(e),1.0005501746420826,10.005501746420826
EX_etoh(e),0.5542377449439242,1.1084754898878484
EX_for(e),14.047189478407493,14.047189478407493
EX_ile_L(e),0.010193744265381614,0.06116246559228968
EX_indole(e),0.029814399833316817,0.23851519866653453
EX_nac(e),0.9969842657036485,5.981905594221891
EX_phe_L(e),0.847594713165743,7.628352418491687
EX_ptrc(e),1.0,4.0
EX_val_L(e),0.34120547177404953,1.7060273588702477
