,fluxes,C-fluxes
EX_ac(e),7.805894387027301,15.611788774054602
EX_for(e),4.70468597047463,4.70468597047463
EX_nac(e),0.999104823718993,5.994628942313958
EX_succ(e),0.9720350493750649,3.8881401975002596
