,fluxes,C-fluxes
EX_ac(e),3.0211915600194836,6.042383120038967
EX_for(e),3.1414620146634933,3.1414620146634933
EX_hista(e),0.14324746973801006,0.7162373486900503
EX_ptrc(e),1.0,4.0
EX_succ(e),1.6933344810624367,6.773337924249747
EX_trypta(e),0.06850915488730899,0.68509154887309
