,fluxes,C-fluxes
EX_4abut(e),0.08188894700433993,0.32755578801735974
EX_ac(e),4.222634972725117,8.445269945450233
EX_cys_L(e),0.8505815019883255,2.5517445059649764
EX_etoh(e),2.4147717703443896,4.829543540688779
EX_for(e),0.01169341810821311,0.01169341810821311
EX_lys_L(e),0.906126805422195,5.43676083253317
EX_orn(e),0.09993100768590531,0.4996550384295265
EX_succ(e),8.399587448836522,33.59834979534609
