,fluxes,C-fluxes
EX_ac(e),6.864130880995119,13.728261761990238
EX_ade(e),2.3130933867571857,11.565466933785927
EX_cys_L(e),0.1142616720863968,0.3427850162591904
EX_etoh(e),6.660513473606425,13.32102694721285
EX_for(e),11.233035041021928,11.233035041021928
EX_gua(e),0.6223098539548371,3.1115492697741853
EX_ile_L(e),0.1895537405970016,1.1373224435820097
EX_orn(e),0.032551746823475676,0.16275873411737837
EX_succ(e),0.0024732237220417537,0.009892894888167015
