,fluxes,C-fluxes
EX_2obut(e),0.0006058576846622074,0.0024234307386488295
EX_ac(e),8.04281777266926,16.08563554533852
EX_for(e),6.4864033781398245,6.4864033781398245
EX_glyc(e),0.0018384075412180502,0.005515222623654151
EX_nac(e),0.9994333976718651,5.996600386031191
EX_succ(e),0.0028330100489899483,0.011332040195959793
