,fluxes,C-fluxes
EX_2obut(e),0.0011731122071645757,0.004692448828658303
EX_ac(e),8.037454552678634,16.074909105357268
EX_for(e),6.4820008623354655,6.4820008623354655
EX_glyc(e),0.001839771024941364,0.005519313074824093
EX_nac(e),0.999432977464038,5.996597864784228
EX_succ(e),0.002835111195228297,0.011340444780913188
