,fluxes,C-fluxes
EX_ac(e),24.46051702060032,48.92103404120064
EX_dad_2(e),1.0006785693154252,10.006785693154253
EX_for(e),5.4564133959195775,5.4564133959195775
EX_indole(e),0.04757630784556896,0.3806104627645517
EX_nac(e),0.9964594099332225,5.978756459599335
EX_phe_L(e),0.7996835971312494,7.197152374181244
EX_ppa(e),0.055608929528476014,0.16682678858542804
EX_ptrc(e),1.0,4.0
EX_tma(e),1.0,3.0
