,fluxes,C-fluxes
EX_4abut(e),1.4059998859976277,5.623999543990511
EX_ac(e),16.568522844563017,33.13704568912603
EX_dad_2(e),1.0007887450062396,10.007887450062396
EX_for(e),15.373964423158831,15.373964423158831
EX_indole(e),0.0558678344155117,0.4469426753240936
EX_nac(e),0.995965514395582,5.975793086373492
EX_phe_L(e),0.7319751789617132,6.5877766106554185
EX_ptrc(e),1.010102634913106,4.040410539652424
EX_urea(e),0.010102634913105896,0.010102634913105896
