,fluxes,C-fluxes
EX_ac(e),22.46671836324976,44.93343672649952
EX_dad_2(e),1.000788777201904,10.00788777201904
EX_for(e),8.12743440464609,8.12743440464609
EX_gcald(e),5.266540371965652,10.533080743931304
EX_indole(e),0.043889403324855684,0.3511152265988455
EX_nac(e),0.9961074529993451,5.976644717996071
EX_phe_L(e),0.7409950492203036,6.668955442982732
EX_ppa(e),0.08942658002066826,0.2682797400620048
EX_ptrc(e),1.0033848464855337,4.013539385942135
