,fluxes,C-fluxes
EX_ac(e),23.583834459580277,47.167668919160555
EX_dad_2(e),1.0006520745633491,10.006520745633491
EX_for(e),5.843201027964074,5.843201027964074
EX_indole(e),0.04951954132936237,0.39615633063489897
EX_nac(e),0.9963879971087539,5.978327982652523
EX_phe_L(e),0.8029991096374156,7.22699198673674
EX_ppa(e),0.10464860993709542,0.31394582981128627
EX_ptrc(e),1.0,4.0
