,fluxes,C-fluxes
EX_12ppd_S(e),0.29797158,0.89391474
EX_ac(e),27.160973310838607,54.32194662167721
EX_dad_2(e),1.0007744157033447,10.007744157033446
EX_for(e),8.068303755570092,8.068303755570092
EX_indole(e),0.037876977699733284,0.3030158215978663
EX_nac(e),0.996132249101743,5.976793494610458
EX_phe_L(e),0.7917211812410758,7.125490631169683
EX_ppa(e),0.04258946910775791,0.12776840732327374
EX_ptrc(e),1.0062146691712377,4.024858676684951
EX_urea(e),0.006214669171237721,0.006214669171237721
