,fluxes,C-fluxes
EX_4abut(e),0.041414347502834264,0.16565739001133706
EX_ac(e),6.336999148658413,12.673998297316826
EX_but(e),4.101676255197934,16.406705020791737
EX_for(e),13.743674571792504,13.743674571792504
EX_succ(e),0.011713757294855782,0.04685502917942313
