,fluxes,C-fluxes
EX_ac(e),3.9780239358808296,7.956047871761659
EX_but(e),1.7305841288787902,6.922336515515161
EX_for(e),5.967900922501332,5.967900922501332
EX_gly(e),0.14037170055463435,0.2807434011092687
EX_phe_L(e),0.8859241643875955,7.973317479488359
TS_thglu_c,6.124513641934856e-05,0.0014698832740643653
