,fluxes,C-fluxes
EX_ac(e),4.384215199800936,8.768430399601872
EX_but(e),0.46398260485360854,1.8559304194144342
EX_for(e),5.276103517666129,5.276103517666129
EX_malt(e),0.25733909,3.08806908
EX_phe_L(e),0.938887712043524,8.449989408391716
