,fluxes,C-fluxes
EX_ac(e),10.565483188853573,21.130966377707146
EX_but(e),5.4798218665012195,21.919287466004878
EX_for(e),19.12713171846706,19.12713171846706
EX_gthrd(e),2.0,20.0
EX_hxan(e),0.543479265100715,2.717396325503575
EX_ile_L(e),0.8385056481468866,5.0310338888813195
EX_meoh(e),0.006511049999999999,0.006511049999999999
EX_phe_L(e),0.7701347051982093,6.931212346783884
EX_rbflvrd(e),0.991613256171879,16.857425354921943
EX_ura(e),0.8643699708136333,3.4574798832545333
