,fluxes,C-fluxes
EX_ac(e),5.956036174954997,11.912072349909995
EX_for(e),4.438715353469828,4.438715353469828
EX_gln_L(e),0.042694776161632815,0.21347388080816407
EX_gthrd(e),2.0,20.0
EX_phe_L(e),0.9742479240840228,8.768231316756205
EX_rbflvrd(e),0.9987035351617438,16.977960097749644
