,fluxes,C-fluxes
EX_ac(e),3.0604972155743106,6.120994431148621
EX_ade(e),0.984252142671629,4.921260713358145
EX_but(e),4.392700307492915,17.57080122997166
EX_dgsn(e),0.9940314264886143,9.940314264886144
EX_for(e),11.13581146844707,11.13581146844707
EX_gly(e),0.9743727645005008,1.9487455290010016
EX_indole(e),0.07943151537732078,0.6354521230185662
EX_ppa(e),1.1993364773784054,3.5980094321352163
