,fluxes,C-fluxes
EX_ac(e),6.546200494335741,13.092400988671482
EX_but(e),2.2512653068317583,9.005061227327033
EX_for(e),8.427185721623934,8.427185721623934
EX_indole(e),0.07828951640433914,0.6263161312347131
EX_ppa(e),0.20743965185666557,0.6223189555699967
