,fluxes,C-fluxes
EX_ac(e),4.524403583666983,9.048807167333965
EX_but(e),3.1310299421460117,12.524119768584047
EX_for(e),10.315853623611838,10.315853623611838
EX_gly(e),0.9731084021530692,1.9462168043061383
EX_indole(e),0.07847118094431832,0.6277694475545466
