,fluxes,C-fluxes
EX_ac(e),14.08013817534526,28.16027635069052
EX_dad_2(e),0.9735354597565742,9.735354597565742
EX_indole(e),0.07336204992949458,0.5868963994359566
