,fluxes,C-fluxes
EX_4hphac(e),1.9451383030521385,15.561106424417108
EX_ac(e),2.591057003129232,5.182114006258464
EX_gua(e),0.9463224592512893,4.731612296256447
EX_hista(e),0.042381284656623205,0.21190642328311604
EX_lys_L(e),0.9573274903912554,5.7439649423475325
EX_ppa(e),12.386835067984892,37.16050520395468
