,fluxes,C-fluxes
EX_ac(e),1.5722274820874111,3.1444549641748223
EX_glu_L(e),0.002156629140542799,0.010783145702713996
EX_succ(e),0.7710942544128121,3.0843770176512484
