,fluxes,C-fluxes
EX_acac(e),1.6941723349477165,6.776689339790866
EX_akg(e),1.2661022681833878,6.330511340916939
EX_dad_2(e),0.00213125388240097,0.0213125388240097
EX_gly(e),0.514656791686541,1.029313583373082
EX_pro_L(e),0.04506164604810756,0.2253082302405378
EX_succ(e),1.4332402510644522,5.732961004257809
