,fluxes,C-fluxes
EX_ac(e),6.522246909126364,13.044493818252729
EX_etoh(e),2.6329908823716845,5.265981764743369
EX_for(e),7.193149212448032,7.193149212448032
EX_nac(e),0.9986035925325181,5.991621555195108
EX_phe_L(e),0.8893885481471769,8.004496933324592
TS_ahcys_c,0.00015237779412185368,0.0021332891177059513
