,fluxes,C-fluxes
EX_ac(e),1.1629320021439435,2.325864004287887
EX_glyc(e),0.08870401749694595,0.26611205249083786
EX_ins(e),0.9955229561860752,9.955229561860753
EX_nac(e),0.9998659271042779,5.999195562625667
EX_orn(e),0.1384984162882222,0.6924920814411111
EX_succ(e),0.8613675232372586,3.4454700929490345
EX_trypta(e),0.07828438947391181,0.7828438947391181
