,fluxes,C-fluxes
EX_ac(e),7.365092855138028,14.730185710276055
EX_etoh(e),4.707123181850879,9.414246363701759
EX_for(e),10.49800698114907,10.49800698114907
