,fluxes,C-fluxes
EX_ac(e),1.1843358941059825,2.368671788211965
EX_coprost(e),0.00495795,0.13386465
EX_lac_D(e),9.64990007001699,28.94970021005097
EX_succ(e),0.2987683946489282,1.1950735785957127
TS_2dmmq8_c,4.516678762832299e-05,0.0022583393814161494
