,fluxes,C-fluxes
EX_ac(e),9.52813260517571,19.05626521035142
EX_etoh(e),5.629782484913534,11.259564969827068
EX_for(e),12.133289472347473,12.133289472347473
EX_succ(e),0.030263187606271513,0.12105275042508605
