,fluxes,C-fluxes
EX_ac(e),2.4922751480873164,4.984550296174633
EX_ade(e),1.116850814409131,5.584254072045654
EX_etoh(e),0.9158472908215965,1.831694581643193
EX_gly(e),0.16745698149196814,0.3349139629839363
EX_gua(e),0.9894164623741205,4.947082311870602
EX_lac_L(e),6.336357866935449,19.009073600806346
EX_met_L(e),0.98102398938448,4.9051199469224
EX_orn(e),0.15,0.75
