,fluxes,C-fluxes
EX_4abut(e),0.22339698885584436,0.8935879554233774
EX_ac(e),6.592949606156724,13.185899212313448
EX_coprost(e),0.00495795,0.13386465
EX_etoh(e),4.535741033884242,9.071482067768484
EX_for(e),9.583344395258258,9.583344395258258
EX_nac(e),0.08962009773010692,0.5377205863806415
TS_ahcys_c,9.437221631857111e-05,0.0013212110284599955
