,fluxes,C-fluxes
EX_ac(e),5.445421471026632,10.890842942053265
EX_etoh(e),3.2295686294773795,6.459137258954759
EX_for(e),7.2049224666042235,7.2049224666042235
EX_nac(e),0.07273987102009942,0.4364392261205965
TS_ahcys_c,7.463340235748883e-05,0.0010448676330048435
