,fluxes,C-fluxes
EX_5mthf(e),0.037235909830486344,0.7447181966097269
EX_ac(e),0.8396909740334216,1.6793819480668433
EX_for(e),0.00665962677628738,0.00665962677628738
EX_glu_L(e),0.13498459510155883,0.6749229755077941
EX_gly(e),0.03741125637478772,0.07482251274957544
EX_lac_D(e),8.886962022663903,26.66088606799171
