,fluxes,C-fluxes
EX_ac(e),0.7870129346223325,1.574025869244665
EX_ile_L(e),0.19081309581906164,1.1448785749143697
EX_lac_D(e),5.4333139479442,16.2999418438326
EX_nac(e),0.028273490108420903,0.16964094065052543
EX_orn(e),0.018327313608267573,0.09163656804133787
EX_succ(e),0.0029550596241745635,0.011820238496698254
