,fluxes,C-fluxes
EX_4abut(e),0.14885100911026503,0.5954040364410601
EX_ac(e),1.2516939152704496,2.503387830540899
EX_etoh(e),1.4791140842101869,2.9582281684203737
EX_for(e),0.006409425409471014,0.006409425409471014
EX_lac_D(e),5.354318860582779,16.062956581748338
EX_nac(e),0.9994342506368136,5.996605503820882
