,fluxes,C-fluxes
EX_ac(e),1.1362520366852247,2.2725040733704494
EX_lac_D(e),9.438844002198975,28.316532006596923
EX_succ(e),0.012859606123120104,0.051438424492480414
