,fluxes,C-fluxes
EX_ac(e),16.96238013862315,33.9247602772463
EX_etoh(e),2.266357170897667,4.532714341795334
EX_for(e),9.764114901283618,9.764114901283618
EX_succ(e),1.4345132930487374,5.73805317219495
