,fluxes,C-fluxes
EX_ac(e),1.1348727191211134,2.269745438242227
EX_cys_L(e),0.9991063045225126,2.997318913567538
EX_lac_D(e),5.107680098546182,15.323040295638545
EX_nac(e),0.03341618183369612,0.20049709100217672
EX_orn(e),0.008240236638720599,0.041201183193603
EX_succ(e),0.17626534857258513,0.7050613942903405
