,fluxes,C-fluxes
EX_ac(e),7.0488837814378416,14.097767562875683
EX_ade(e),0.9239315746416655,4.619657873208328
EX_etoh(e),3.431018942866803,6.862037885733606
EX_for(e),0.01610416796612828,0.01610416796612828
EX_gua(e),0.9560798358254615,4.780399179127308
EX_met_L(e),0.8980066971456846,4.490033485728423
EX_succ(e),10.188558753856425,40.7542350154257
