,fluxes,C-fluxes
EX_ac(e),1.0016783104829827,2.0033566209659655
EX_coprost(e),0.00495795,0.13386465
EX_lac_D(e),8.643724143573948,25.931172430721844
EX_succ(e),0.356677489415253,1.426709957661012
