,fluxes,C-fluxes
EX_4abut(e),0.04245886392412716,0.16983545569650865
EX_ac(e),6.600601472930145,13.20120294586029
EX_coprost(e),0.00495795,0.13386465
EX_etoh(e),4.5357981213031815,9.071596242606363
EX_for(e),9.581296162850325,9.581296162850325
EX_nac(e),0.08899309551677198,0.5339585731006319
TS_ahcys_c,8.721752459907207e-05,0.001221045344387009
