,fluxes,C-fluxes
EX_ac(e),7.540797065235754,15.081594130471508
EX_adn(e),0.00020436241733554409,0.002043624173355441
EX_gcald(e),0.0006855036903792337,0.0013710073807584673
EX_orn(e),0.03350778343298952,0.1675389171649476
EX_phe_L(e),0.9879346317150339,8.891411685435305
EX_pro_L(e),0.09440055677038155,0.47200278385190775
