,fluxes,C-fluxes
EX_ac(e),7.722834776301974,15.445669552603947
EX_dcyt(e),0.9658748032002058,8.692873228801853
EX_lac_D(e),7.058904946985749,21.17671484095725
EX_lys_L(e),0.9561342683658588,5.736805610195153
EX_nac(e),0.17488874367140017,1.049332462028401
EX_orn(e),0.25803580469368387,1.2901790234684194
EX_succ(e),0.02384892267091408,0.09539569068365632
