,fluxes,C-fluxes
EX_12ppd_S(e),0.14898579,0.44695737
EX_4abut(e),0.18,0.72
EX_ac(e),7.099931399306214,14.199862798612427
EX_etoh(e),5.263692942869075,10.52738588573815
EX_for(e),10.813727449456094,10.813727449456094
EX_gcald(e),0.00419917533316438,0.00839835066632876
EX_succ(e),0.002799450222109587,0.011197800888438348
