,fluxes,C-fluxes
EX_12ppd_S(e),0.14898579,0.44695737
EX_4abut(e),0.18,0.72
EX_ac(e),7.101888193382886,14.203776386765773
EX_etoh(e),5.261068614508209,10.522137229016417
EX_for(e),10.813181502261894,10.813181502261894
EX_gcald(e),0.004199047668582809,0.008398095337165618
EX_succ(e),0.0027993651123885393,0.011197460449554157
