,fluxes,C-fluxes
EX_12ppd_S(e),0.14898579,0.44695737
EX_4abut(e),0.18,0.72
EX_ac(e),7.099514453357277,14.199028906714554
EX_etoh(e),5.26397253267612,10.52794506535224
EX_for(e),10.813650447075696,10.813650447075696
EX_gcald(e),0.004199239165455165,0.00839847833091033
EX_succ(e),0.00279949277697011,0.01119797110788044
