,fluxes,C-fluxes
EX_12ppd_S(e),0.14898579,0.44695737
EX_4abut(e),0.18,0.72
EX_ac(e),7.1025255232083095,14.205051046416619
EX_etoh(e),5.26094341999184,10.52188683998368
EX_for(e),10.813461612086694,10.813461612086694
EX_gcald(e),0.00419978173992684,0.00839956347985368
EX_succ(e),0.00279985449328456,0.01119941797313824
