,fluxes,C-fluxes
EX_ac(e),10.047172959349199,20.094345918698398
EX_for(e),2.3871189775899997,2.3871189775899997
EX_gly(e),1.0587249721869103,2.1174499443738206
EX_pro_L(e),0.0027889020405055787,0.013944510202527894
EX_succ(e),0.029969188975378494,0.11987675590151398
