,fluxes,C-fluxes
EX_12ppd_S(e),0.14898579,0.44695737
EX_ac(e),14.621711471970823,29.243422943941646
EX_ade(e),2.9546584063010806,14.773292031505402
EX_glyclt(e),1.3774983557060405,2.754996711412081
EX_gua(e),0.9288764129609618,4.644382064804809
EX_hista(e),0.11290822904869059,0.564541145243453
EX_ppa(e),6.488536201070229,19.465608603210686
EX_tym(e),0.9219062330424599,7.375249864339679
