,fluxes,C-fluxes
EX_ac(e),7.060258942574639,14.120517885149278
EX_hista(e),0.13585742568746226,0.6792871284373113
EX_tym(e),0.9807139270687123,7.845711416549698
