,fluxes,C-fluxes
EX_ac(e),11.237295061791452,22.474590123582903
EX_for(e),10.760989908764738,10.760989908764738
EX_nac(e),0.9967126714748554,5.980276028849133
EX_phe_L(e),0.780597868456553,7.025380816108977
EX_succ(e),0.821953144171793,3.287812576687172
