,fluxes,C-fluxes
EX_ac(e),7.836786818076788,15.673573636153575
EX_hista(e),0.11011595414407349,0.5505797707203675
EX_nac(e),0.9988367187150851,5.99302031229051
EX_ppa(e),9.146115603120508,27.438346809361526
EX_trypta(e),0.048784200376324055,0.48784200376324055
EX_tym(e),0.9575875091987817,7.660700073590253
EX_ura(e),0.9553030603569728,3.821212241427891
