,fluxes,C-fluxes
EX_ac(e),3.490454933974198,6.980909867948396
EX_acald(e),1.989662759460551,3.979325518921102
EX_ade(e),2.7808004446447456,13.904002223223728
EX_for(e),5.009478910841662,5.009478910841662
EX_gua(e),0.8800722831165372,4.400361415582686
EX_indole(e),0.0634607411021997,0.5076859288175976
EX_phe_L(e),0.8420840477228131,7.578756429505318
EX_ppa(e),3.7883132639579844,11.364939791873953
EX_succ(e),3.9247947979967193,15.699179191986877
