,fluxes,C-fluxes
EX_ac(e),5.055963511174184,10.111927022348368
EX_for(e),0.4491421054739404,0.4491421054739404
EX_gly(e),0.987284909146598,1.974569818293196
EX_phe_L(e),0.987960893585609,8.89164804227048
