,fluxes,C-fluxes
EX_ac(e),1.378778015718221,2.757556031436442
EX_for(e),0.44751397417958816,0.44751397417958816
EX_gly(e),0.304881469012722,0.609762938025444
EX_met_L(e),0.08637173139936201,0.43185865699681003
EX_orn(e),0.001741212754528443,0.008706063772642214
EX_phe_L(e),0.9948329619391453,8.953496657452307
