,fluxes,C-fluxes
EX_ac(e),7.10466187151033,14.20932374302066
EX_dad_2(e),1.432380283153081,14.32380283153081
EX_dcyt(e),0.9624778094698284,8.662300285228456
EX_for(e),7.7700042180221,7.7700042180221
EX_ins(e),0.5480385422181087,5.480385422181087
EX_phe_L(e),0.8880644152848752,7.992579737563877
EX_ppa(e),0.4177684652359743,1.2533053957079228
EX_pro_L(e),0.09623533671334239,0.48117668356671195
TS_2ommb_c,0.00040996073882793553,0.019678115463740906
