,fluxes,C-fluxes
EX_12ppd_S(e),0.14898579,0.44695737
EX_ac(e),10.503023145098387,21.006046290196775
EX_dad_2(e),0.039170940648268884,0.3917094064826888
EX_for(e),10.590630067879072,10.590630067879072
EX_gcald(e),0.004005431879788479,0.008010863759576959
EX_ins(e),0.9223187553496119,9.22318755349612
EX_pac(e),0.8978923134279345,7.183138507423476
EX_ppa(e),6.2041769309985275,18.61253079299558
EX_ptrc(e),0.07489543149004514,0.29958172596018057
