,fluxes,C-fluxes
EX_ac(e),0.8980746985646008,1.7961493971292015
EX_ala_L(e),1.7438773390484728,5.231632017145419
EX_etoh(e),0.5397580168388046,1.0795160336776093
EX_for(e),0.0044375752531737684,0.0044375752531737684
EX_lac_D(e),6.883435831990058,20.650307495970175
EX_lys_L(e),0.9601592952229578,5.760955771337747
EX_orn(e),0.12629908765262385,0.6314954382631193
EX_succ(e),0.38844183940281735,1.5537673576112694
