,fluxes,C-fluxes
EX_ac(e),6.736787809766235,13.47357561953247
EX_ade(e),1.9906672114408386,9.953336057204194
EX_cys_L(e),0.9891006549307763,2.9673019647923287
EX_dcyt(e),0.9370853085036146,8.433767776532532
EX_for(e),6.892555841706246,6.892555841706246
EX_gcald(e),0.002465125961987367,0.004930251923974734
EX_ile_L(e),0.06217782611136556,0.37306695666819334
EX_lys_L(e),0.9004925621113706,5.402955372668224
EX_succ(e),3.1935836733956386,12.774334693582555
