,fluxes,C-fluxes
EX_ac(e),2.723069500867139,5.446139001734278
EX_ade(e),1.798703527435103,8.993517637175515
EX_cys_L(e),0.026538588651795952,0.07961576595538786
EX_for(e),4.510687300436732,4.510687300436732
EX_gcald(e),0.001513375536296722,0.003026751072593444
EX_glyc(e),0.005204076444530113,0.015612229333590341
EX_ppa(e),3.4700970342336337,10.410291102700901
