,fluxes,C-fluxes
EX_ac(e),0.1073824760703267,0.2147649521406534
EX_ade(e),1.9958120770381034,9.979060385190516
EX_cys_L(e),0.9853687875148006,2.9561063625444017
EX_for(e),0.003961554136258633,0.003961554136258633
EX_glyc(e),0.002092532506308219,0.006277597518924658
EX_lys_L(e),0.9659575267359602,5.795745160415762
EX_ser_L(e),2.0366669684211294,6.110000905263388
EX_succ(e),2.1589634347406657,8.635853738962663
EX_thymd(e),0.14512826158288245,1.4512826158288243
