,fluxes,C-fluxes
EX_ac(e),5.701860046137364,11.403720092274728
EX_ade(e),1.9892564821069212,9.946282410534605
EX_for(e),5.849427230767317,5.849427230767317
EX_gcald(e),0.002668005564774788,0.005336011129549576
EX_glyc(e),0.00917452712860389,0.02752358138581167
EX_ppa(e),4.442342847037431,13.327028541112295
