,fluxes,C-fluxes
EX_ac(e),10.209971487576807,20.419942975153614
EX_ade(e),0.9412247186232185,4.706123593116093
EX_for(e),14.482188942058647,14.482188942058647
EX_phe_L(e),0.9119980002253207,8.207982002027887
EX_ppa(e),5.861359985431338,17.584079956294012
EX_thymd(e),0.944962609261421,9.44962609261421
