,fluxes,C-fluxes
EX_ac(e),8.018567494792668,16.037134989585336
EX_acald(e),0.17878295,0.3575659
EX_for(e),12.507344929410783,12.507344929410783
EX_hxan(e),0.9499563007879722,4.749781503939861
EX_indole(e),0.05843432973143679,0.46747463785149435
EX_lys_L(e),0.9386833258587954,5.632099955152773
EX_phe_L(e),0.8616214982119753,7.754593483907778
EX_ppa(e),7.453667647671378,22.361002943014135
EX_ura(e),0.9431401485450888,3.772560594180355
