,fluxes,C-fluxes
EX_ac(e),7.420515110163625,14.84103022032725
EX_ala_L(e),0.0023065434195026478,0.006919630258507944
EX_for(e),6.258632121608613,6.258632121608613
EX_nac(e),0.9976934565804974,5.986160739482984
