,fluxes,C-fluxes
EX_ac(e),10.590444216691061,21.180888433382123
EX_ala_L(e),0.0025842927726597675,0.007752878317979302
EX_for(e),9.80774483896907,9.80774483896907
EX_indole(e),0.06516328036158132,0.5213062428926506
EX_nac(e),0.9975819173794868,5.98549150427692
EX_ttdca(e),0.22092567680147884,3.0929594752207037
