,fluxes,C-fluxes
EX_ac(e),10.329082218884874,20.65816443776975
EX_etoh(e),0.01530661976432222,0.03061323952864444
EX_for(e),10.13779550765131,10.13779550765131
EX_indole(e),0.06930869039275774,0.5544695231420619
EX_nac(e),0.997640158311722,5.985840949870332
EX_ppa(e),0.033931147652003536,0.10179344295601062
EX_ttdca(e),0.24992665273263376,3.4989731382568725
