,fluxes,C-fluxes
EX_4hphac(e),0.9242539410471212,7.39403152837697
EX_ac(e),22.593903107907565,45.18780621581513
EX_dad_2(e),0.0026094694380030194,0.026094694380030193
EX_for(e),0.028889323633530115,0.028889323633530115
EX_nac(e),0.9982087523669798,5.989252514201879
TS_fadh2_c,9.998202615593582,269.9514706210267
