,fluxes,C-fluxes
EX_ac(e),1.9043224209626222,3.8086448419252443
EX_ade(e),1.035375170126743,5.176875850633715
EX_dgsn(e),0.9928187604568464,9.928187604568464
EX_for(e),2.513010866788754,2.513010866788754
EX_gly(e),0.16833170771190548,0.33666341542381095
EX_orn(e),0.11851781478228192,0.5925890739114096
EX_pac(e),0.4285601230071715,3.428480984057372
EX_phe_L(e),0.5432027718534288,4.8888249466808595
EX_ppa(e),2.6797637368088942,8.039291210426683
