,fluxes,C-fluxes
EX_ac(e),4.328260449176888,8.656520898353776
EX_for(e),0.010337450953753984,0.010337450953753984
EX_gln_L(e),0.0883507955515588,0.44175397775779396
EX_gly(e),0.1574729966414529,0.3149459932829058
EX_phe_L(e),0.9636335431708393,8.672701888537553
EX_succ(e),1.2429419752773871,4.971767901109549
