,fluxes,C-fluxes
EX_ac(e),9.09548582485873,18.19097164971746
EX_but(e),3.945002646225783,15.780010584903131
EX_for(e),15.330097271001652,15.330097271001652
