,fluxes,C-fluxes
EX_ac(e),9.801537547084346,19.60307509416869
EX_etoh(e),2.733761829258755,5.46752365851751
EX_for(e),10.102494513249873,10.102494513249873
EX_ppa(e),0.07026177937081754,0.21078533811245262
