,fluxes,C-fluxes
EX_but(e),0.9776013724033571,3.9104054896134284
EX_gly(e),0.1231498393745426,0.2462996787490852
EX_nac(e),0.9994706130800637,5.996823678480382
EX_orn(e),0.02221235000202336,0.1110617500101168
EX_succ(e),1.5781686122083938,6.312674448833575
EX_ura(e),0.9893243471777884,3.9572973887111536
