,fluxes,C-fluxes
EX_ac(e),8.766536750072211,17.533073500144422
EX_etoh(e),1.468198735426473,2.936397470852946
EX_for(e),9.39576629438902,9.39576629438902
EX_nac(e),0.14634382287865264,0.8780629372719158
EX_orn(e),0.02329954052430524,0.1164977026215262
EX_pro_L(e),0.032888188106715045,0.16444094053357522
