,fluxes,C-fluxes
EX_ac(e),6.144913620815067,12.289827241630134
EX_ade(e),1.992579673438692,9.96289836719346
EX_dgsn(e),0.9917048203530128,9.917048203530127
EX_for(e),4.43525054349383,4.43525054349383
EX_fuc_L(e),0.000789,0.004734
EX_gal(e),0.0014202,0.0085212
EX_met_L(e),1.1801082022559586,5.900541011279793
EX_pro_L(e),0.1808172096829201,0.9040860484146005
