,fluxes,C-fluxes
EX_ac(e),4.109322526529647,8.218645053059294
EX_etoh(e),1.5999537620838518,3.1999075241677035
EX_for(e),4.343847748413595,4.343847748413595
EX_pro_L(e),0.07326416897761796,0.3663208448880898
