,fluxes,C-fluxes
EX_ac(e),9.41615362033749,18.83230724067498
EX_etoh(e),3.778638225640662,7.557276451281324
EX_for(e),7.010432693644626,7.010432693644626
EX_glu_L(e),0.010897096709195562,0.054485483545977806
EX_gly(e),0.13994486681216597,0.27988973362433195
EX_hista(e),0.12727963525342786,0.6363981762671393
EX_succ(e),0.03122971449536561,0.12491885798146243
EX_trypta(e),0.0748542166572468,0.748542166572468
EX_tym(e),0.9680320563181085,7.744256450544868
