,fluxes,C-fluxes
EX_ac(e),11.811691316856916,23.62338263371383
EX_dad_2(e),0.9465415546177436,9.465415546177436
EX_dcyt(e),0.9371001376791402,8.433901239112263
EX_for(e),12.970820137373522,12.970820137373522
EX_gcald(e),0.008530946292362486,0.017061892584724972
EX_ile_L(e),0.7801605374820154,4.680963224892093
EX_lys_L(e),0.8640581866958519,5.184349120175112
EX_orn(e),0.10251358584777395,0.5125679292388697
EX_succ(e),2.3482297268181047,9.392918907272419
