,fluxes,C-fluxes
EX_ac(e),14.81631549508697,29.63263099017394
EX_dad_2(e),0.9521130878003063,9.521130878003063
EX_etoh(e),0.603205319166531,1.206410638333062
EX_for(e),14.179163558319944,14.179163558319944
EX_gcald(e),0.007676582996346882,0.015353165992693764
EX_gln_L(e),0.4487504861858988,2.243752430929494
EX_ile_L(e),0.8050655907513553,4.830393544508132
EX_lys_L(e),0.8724570343964607,5.2347422063787645
EX_ptrc(e),1.0921302996067002,4.368521198426801
