,fluxes,C-fluxes
EX_ac(e),13.873813052730661,27.747626105461322
EX_dad_2(e),0.9516167829002712,9.516167829002711
EX_for(e),12.702539293689181,12.702539293689181
EX_gcald(e),0.007640549668198589,0.015281099336397179
EX_gln_L(e),0.1511181994664717,0.7555909973323585
EX_ile_L(e),0.8059196726898674,4.835518036139204
EX_lys_L(e),0.8728977874322773,5.237386724593664
EX_orn(e),0.08318018562658587,0.41590092813292934
