,fluxes,C-fluxes
EX_ac(e),12.346319283116934,24.692638566233867
EX_dad_2(e),0.9493215755313116,9.493215755313116
EX_dcyt(e),0.9445438946662695,8.500895051996427
EX_for(e),13.57923021771808,13.57923021771808
EX_gcald(e),0.009258762071896272,0.018517524143792544
EX_ile_L(e),0.7901776008626812,4.741065605176087
EX_lys_L(e),0.871282663793323,5.227695982759938
EX_orn(e),0.07905235677575441,0.39526178387877203
EX_succ(e),2.483459782820767,9.933839131283069
