,fluxes,C-fluxes
EX_ac(e),23.709840767178083,47.419681534356165
EX_gcald(e),0.003893871863376937,0.007787743726753874
