,fluxes,C-fluxes
EX_ac(e),15.488218744813333,30.976437489626665
EX_ade(e),1.9442432577095576,9.721216288547788
EX_etoh(e),2.9626743102963204,5.925348620592641
EX_for(e),8.257645537902512,8.257645537902512
EX_gua(e),0.966431518441717,4.832157592208585
EX_ile_L(e),0.8099224804645588,4.859534882787353
EX_orn(e),0.04377724907773914,0.2188862453886957
