,fluxes,C-fluxes
EX_ac(e),15.482355057293649,30.964710114587298
EX_ade(e),1.8253971434839147,9.126985717419574
EX_dcyt(e),0.6121030937277271,5.508927843549544
EX_etoh(e),4.690382314964685,9.38076462992937
EX_for(e),14.86747261858414,14.86747261858414
EX_gua(e),0.8900851877228325,4.4504259386141625
EX_lys_L(e),0.8886051652782399,5.331630991669439
EX_nac(e),0.9961443743841841,5.9768662463051045
EX_orn(e),0.1259647150274526,0.629823575137263
EX_tym(e),0.9337550803514035,7.470040642811228
