,fluxes,C-fluxes
EX_ac(e),9.966006430741524,19.93201286148305
EX_asp_L(e),9.141797026103474,36.567188104413894
EX_glu_L(e),0.004181511886717384,0.020907559433586922
EX_glyc(e),0.0007764953507834438,0.0023294860523503315
EX_ser_L(e),0.028634619607795155,0.08590385882338547
EX_succ(e),0.004345695172884085,0.01738278069153634
EX_uri(e),0.0002293488767089437,0.0020641398903804933
EX_val_L(e),0.8126449741786829,4.063224870893414
