,fluxes,C-fluxes
EX_ala_L(e),0.9995966238581003,2.998789871574301
EX_dad_2(e),0.99983088613005,9.998308861300501
EX_datp(e),0.29994445499856826,2.9994445499856823
EX_ura(e),0.9995507010773175,3.99820280430927
