,fluxes,C-fluxes
EX_ac(e),2.9652200201814156,5.930440040362831
EX_coa(e),2.9635511077293253,62.234573262315834
EX_cys_L(e),0.9994561171200044,2.9983683513600132
EX_dad_2(e),0.9993722401779049,9.99372240177905
EX_gly(e),0.9980285829725757,1.9960571659451514
EX_glyc(e),0.0004073563152653608,0.0012220689457960823
EX_ura(e),0.9982856930958438,3.9931427723833752
