,fluxes,C-fluxes
EX_ac(e),4.648425090473215,9.29685018094643
EX_etoh(e),3.9682040815503075,7.936408163100615
EX_for(e),7.77644567331583,7.77644567331583
EX_gcald(e),0.0012872255845669679,0.0025744511691339358
EX_ile_L(e),0.9192396279602196,5.515437767761318
EX_lys_L(e),0.9453870430391099,5.67232225823466
EX_phe_L(e),0.9320001919606855,8.38800172764617
EX_ppa(e),0.5713797942650943,1.7141393827952829
EX_ptrc(e),0.9995709248051443,3.9982836992205772
