,fluxes,C-fluxes
EX_ac(e),4.89209579211643,9.78419158423286
EX_acald(e),0.19201741211666024,0.38403482423332047
EX_for(e),4.814403648751647,4.814403648751647
EX_ile_L(e),0.925486059210174,5.552916355261044
EX_lys_L(e),0.9388031039008902,5.632818623405341
EX_phe_L(e),0.924745989445423,8.322713905008806
EX_ppa(e),3.3327350284510873,9.998205085353263
EX_ptrc(e),0.9765945860466702,3.9063783441866806
EX_xan(e),0.9867498415200732,4.933749207600366
