,fluxes,C-fluxes
EX_4hphac(e),0.9320620783049313,7.45649662643945
EX_ac(e),14.689014952967186,29.378029905934373
EX_etoh(e),2.268693244191034,4.537386488382068
EX_for(e),13.720470454723284,13.720470454723284
EX_gly(e),1.575067222897124,3.150134445794248
EX_ile_L(e),0.6883111959334378,4.129867175600626
EX_nac(e),0.9985825825723591,5.991495495434155
EX_ppa(e),0.10606346750599645,0.31819040251798936
EX_ptrc(e),1.0,4.0
