,fluxes,C-fluxes
EX_2obut(e),0.0013303349109894868,0.005321339643957947
EX_ac(e),1.3782583519199567,2.7565167038399134
EX_ala_D(e),0.38323392802212924,1.1497017840663877
EX_lac_D(e),10.5849803737804,31.7549411213412
EX_lys_L(e),0.9545649765622785,5.7273898593736705
EX_orn(e),0.11973908317649984,0.5986954158824992
EX_succ(e),0.5273068722038905,2.109227488815562
