,fluxes,C-fluxes
EX_4abut(e),0.005479462983873245,0.02191785193549298
EX_ac(e),0.7710049809757599,1.5420099619515197
EX_for(e),0.3541609461144924,0.3541609461144924
EX_lac_D(e),1.6097590371250243,4.829277111375073
