,fluxes,C-fluxes
EX_ac(e),2.1341892733789853,4.268378546757971
EX_but(e),0.16547449433336886,0.6618979773334754
EX_cys_L(e),0.0068139958851542596,0.02044198765546278
EX_for(e),2.1520475870497253,2.1520475870497253
EX_nac(e),0.013533475698832427,0.08120085419299457
EX_orn(e),0.0038193211381254305,0.019096605690627152
EX_succ(e),0.936867598099537,3.747470392398148
