,fluxes,C-fluxes
EX_ac(e),3.945693066013573,7.891386132027146
EX_but(e),0.21809125150533668,0.8723650060213467
EX_dtmp(e),0.9626611811925124,9.626611811925125
EX_etoh(e),0.5142727293094014,1.0285454586188028
EX_for(e),0.0011933622931070613,0.0011933622931070613
EX_nac(e),0.999561639351422,5.997369836108532
EX_orn(e),0.009945216314888703,0.04972608157444352
EX_succ(e),0.1833199428158651,0.7332797712634604
