,fluxes,C-fluxes
EX_ac(e),0.4238995216933088,0.8477990433866176
EX_gln_L(e),0.005185689850720251,0.025928449253601254
EX_ppa(e),0.41412937699518376,1.2423881309855513
