,fluxes,C-fluxes
EX_4hphac(e),0.8270289108687975,6.61623128695038
EX_ac(e),4.17435898164936,8.34871796329872
EX_for(e),0.009460581753155615,0.009460581753155615
EX_gln_L(e),0.06823950629818813,0.3411975314909407
EX_glyclt(e),1.4220586852561345,2.844117370512269
EX_ile_L(e),0.11384729310954844,0.6830837586572907
EX_phe_L(e),0.1414366083903448,1.2729294755131033
EX_ppa(e),1.0,3.0
EX_ptrc(e),0.11089067346853099,0.44356269387412395
EX_trypta(e),0.07314099371754954,0.7314099371754954
