,fluxes,C-fluxes
EX_4hphac(e),0.9716313023047821,7.773050418438257
EX_ac(e),7.503124102851952,15.006248205703905
EX_for(e),0.010090178073497791,0.010090178073497791
EX_gln_L(e),0.050635550997607456,0.2531777549880373
