,fluxes,C-fluxes
EX_ac(e),3.997496648052505,7.99499329610501
EX_for(e),0.5908476928164419,0.5908476928164419
EX_ile_L(e),0.09159657376264795,0.5495794425758876
EX_lys_L(e),0.9762761012755252,5.857656607653151
EX_phe_L(e),0.9359503417214647,8.423553075493183
EX_succ(e),3.882197510330984,15.528790041323935
