,fluxes,C-fluxes
EX_ac(e),5.880117005385867,11.760234010771734
EX_acald(e),0.17878295,0.3575659
EX_cys_L(e),0.9952298991866575,2.9856896975599723
EX_for(e),5.121070124487575,5.121070124487575
EX_ile_L(e),0.03537859811532991,0.21227158869197946
EX_lys_L(e),0.9786309369655469,5.871785621793282
EX_phe_L(e),0.9411670292737206,8.470503263463486
EX_pro_L(e),0.211318723557207,1.0565936177860349
EX_succ(e),2.912978722159378,11.651914888637512
EX_val_L(e),0.4297480895405855,2.1487404477029277
