,fluxes,C-fluxes
EX_ac(e),3.2672663068724224,6.534532613744845
EX_for(e),3.269482631008219,3.269482631008219
EX_nac(e),0.9994515935788862,5.996709561473318
EX_phe_L(e),0.9767082790489752,8.790374511440776
EX_succ(e),0.32033004714797025,1.281320188591881
