,fluxes,C-fluxes
EX_ac(e),6.044580318031174,12.089160636062347
EX_for(e),5.972291948235159,5.972291948235159
EX_succ(e),0.2125410050359585,0.850164020143834
