,fluxes,C-fluxes
EX_ac(e),5.588740773895138,11.177481547790276
EX_ade(e),0.963492730964,4.81746365482
EX_cys_L(e),0.9922748075986446,2.976824422795934
EX_dgsn(e),0.9771155906503806,9.771155906503806
EX_lys_L(e),0.9541694758549077,5.7250168551294465
EX_orn(e),0.06039576504699103,0.3019788252349552
EX_phe_L(e),0.9139454664196525,8.225509197776873
EX_ppa(e),1.0153411953663265,3.0460235860989795
EX_pro_L(e),0.3220999121410107,1.6104995607050534
EX_succ(e),5.9932202409720805,23.972880963888322
