,fluxes,C-fluxes
EX_glu_L(e),0.014754927937418423,0.07377463968709212
EX_gly(e),0.0021308159449018524,0.004261631889803705
EX_lys_L(e),7.4270272101130095,44.562163260678055
EX_orn(e),0.059929305577033895,0.2996465278851695
