,fluxes,C-fluxes
EX_ac(e),28.302050821840112,56.604101643680224
EX_indole(e),0.03891116019567761,0.3112892815654209
EX_nac(e),0.9983928612971261,5.990357167782757
EX_ppa(e),0.8015659498747596,2.404697849624279
EX_tma(e),1.0,3.0
EX_tym(e),0.9284355505897531,7.427484404718025
