,fluxes,C-fluxes
EX_ac(e),5.58026156952559,11.16052313905118
EX_etoh(e),4.016358383152345,8.03271676630469
EX_for(e),8.92429751253985,8.92429751253985
EX_ile_L(e),0.9274462943895351,5.56467776633721
EX_orn(e),0.18050705019057878,0.9025352509528939
EX_phe_L(e),0.9277706485179491,8.349935836661542
EX_succ(e),0.17446570897767713,0.6978628359107085
