,fluxes,C-fluxes
EX_ac(e),17.896051270629318,35.792102541258636
EX_for(e),8.263021138336045,8.263021138336045
EX_gcald(e),0.004251185924215989,0.008502371848431977
EX_indole(e),0.051727003099734395,0.41381602479787516
EX_nac(e),0.9985825575593876,5.991495345356325
EX_ptrc(e),1.0198656502044752,4.079462600817901
EX_tym(e),0.46209449791333085,3.696755983306647
