,fluxes,C-fluxes
EX_ac(e),10.11001041091583,20.22002082183166
EX_dad_2(e),0.9857745133338465,9.857745133338465
EX_for(e),0.005336902402075788,0.005336902402075788
EX_hista(e),0.12136407718182082,0.6068203859091041
EX_orn(e),0.0994962142742702,0.497481071371351
EX_phe_L(e),0.9474882900093254,8.52739461008393
EX_succ(e),0.29100918390125935,1.1640367356050374
