,fluxes,C-fluxes
EX_12ppd_S(e),0.14898579,0.44695737
EX_4abut(e),0.18,0.72
EX_ac(e),5.981830882810701,11.963661765621403
EX_for(e),7.140822544385263,7.140822544385263
EX_glyc(e),0.1535175934814792,0.4605527804444376
EX_lys_L(e),0.9661417775805352,5.796850665483211
EX_orn(e),0.027984129454248028,0.13992064727124015
EX_phe_L(e),0.9343612255718182,8.409251030146365
EX_ppa(e),0.1818991323332413,0.5456973969997239
