,fluxes,C-fluxes
EX_4abut(e),0.18,0.72
EX_ac(e),2.2460836242424596,4.492167248484919
EX_dcyt(e),0.9782244583772339,8.804020125395105
EX_for(e),2.5631785261604465,2.5631785261604465
EX_gsn(e),0.008116538632054436,0.08116538632054436
EX_indole(e),0.07767930353108014,0.6214344282486411
EX_lys_L(e),0.9558752322331463,5.735251393398878
EX_succ(e),2.960288008923284,11.841152035693137
EX_val_L(e),0.9766415806585796,4.883207903292898
