,fluxes,C-fluxes
EX_ac(e),2.368186731244942,4.736373462489884
EX_but(e),2.5772112730766716,10.308845092306687
EX_for(e),6.251415137283453,6.251415137283453
EX_indole(e),0.08068333778954012,0.645466702316321
EX_nac(e),0.06656938592908945,0.3994163155745367
EX_orn(e),0.005671607509187173,0.028358037545935865
EX_ppa(e),0.19828861317831892,0.5948658395349568
EX_succ(e),0.005671607509187173,0.02268643003674869
EX_tma(e),1.0,3.0
TS_ahcys_c,7.459368050580798e-05,0.0010443115270813118
