,fluxes,C-fluxes
EX_ac(e),9.352346827787718,18.704693655575436
EX_but(e),1.0075782639282729,4.0303130557130915
EX_gln_L(e),0.0051374414416080535,0.02568720720804027
EX_gly(e),0.1170970374888429,0.2341940749776858
EX_indole(e),0.07407081961434009,0.5925665569147207
EX_nac(e),0.108110095198391,0.648660571190346
EX_phe_L(e),0.9027510605766226,8.124759545189603
EX_succ(e),0.25305552283068244,1.0122220913227298
