,fluxes,C-fluxes
EX_ac(e),3.993950046585728,7.987900093171456
