,fluxes,C-fluxes
EX_ac(e),0.5143174108493146,1.0286348216986292
EX_ala_L(e),0.33078615946582546,0.9923584783974764
EX_for(e),0.5145076854971126,0.5145076854971126
EX_glc_D(e),0.00282117,0.01692702
EX_glyc(e),0.17943475351078816,0.5383042605323645
