,fluxes,C-fluxes
EX_ac(e),9.304055812878,18.608111625756
EX_dtmp(e),0.9933829713816198,9.933829713816198
EX_for(e),6.4320740277670785,6.4320740277670785
EX_nac(e),0.9989898318437305,5.993938991062382
EX_phe_L(e),0.9471892786387738,8.524703507748963
EX_succ(e),0.10867158717155247,0.43468634868620987
