,fluxes,C-fluxes
EX_but(e),5.71854254698706,22.87417018794824
EX_dad_2(e),0.9716518350677409,9.71651835067741
EX_dcyt(e),0.9670139013535259,8.703125112181734
