,fluxes,C-fluxes
EX_ac(e),2.4808173724721434,4.961634744944287
EX_ade(e),1.0628289396345891,5.314144698172946
EX_dgsn(e),0.9960256453810816,9.960256453810816
EX_for(e),3.3611609309771358,3.3611609309771358
EX_glyc(e),0.0013495825467777854,0.004048747640333356
EX_inost(e),0.02655252594770659,0.15931515568623955
EX_ppa(e),1.1859872651636352,3.5579617954909057
