,fluxes,C-fluxes
EX_15dap(e),1.043650469654208,5.21825234827104
EX_ac(e),10.048138597407169,20.096277194814338
EX_acald(e),0.9794718176818523,1.9589436353637046
EX_ala_L(e),2.764406224228576,8.293218672685727
EX_cys_L(e),0.9838755107416362,2.9516265322249087
EX_gly(e),5.020867707958224,10.041735415916447
EX_lac_L(e),5.665597978516492,16.996793935549476
EX_orn(e),0.013639022708299768,0.06819511354149885
EX_ura(e),1.9705864733839027,7.882345893535611
