,fluxes,C-fluxes
EX_ac(e),12.761604243976894,25.523208487953788
EX_acac(e),3.7897852202372726,15.15914088094909
EX_dad_2(e),0.18176442698043255,1.8176442698043256
EX_gly(e),12.09937788933025,24.1987557786605
EX_ins(e),1.7320670169929375,17.320670169929375
EX_lys_L(e),0.8691515642320295,5.214909385392177
