,fluxes,C-fluxes
EX_ac(e),10.615557138314433,21.231114276628865
EX_dad_2(e),0.9431325798362009,9.431325798362009
EX_gcald(e),0.8965946458705231,1.7931892917410461
EX_hista(e),0.12225095610517789,0.6112547805258894
EX_ile_L(e),0.7343469568913067,4.40608174134784
EX_orn(e),0.0069413396772841016,0.03470669838642051
EX_ppa(e),8.291890518382768,24.875671555148305
EX_tym(e),0.9178880853379401,7.343104682703521
