,fluxes,C-fluxes
EX_4abut(e),3.1695465221618138,12.678186088647255
EX_ac(e),21.67253572528978,43.34507145057956
EX_dad_2(e),0.9292406726236532,9.292406726236532
EX_etoh(e),0.39642195357832327,0.7928439071566465
EX_for(e),18.685715406225356,18.685715406225356
EX_gcald(e),0.012529467871513614,0.025058935743027227
EX_lys_L(e),0.8417327885972653,5.050396731583592
