,fluxes,C-fluxes
EX_ac(e),24.341717962139867,48.683435924279735
EX_gcald(e),0.01533890188795979,0.03067780377591958
EX_gly(e),11.963704923869049,23.927409847738097
EX_ins(e),1.535832284023549,15.35832284023549
EX_pro_L(e),0.8392220749313147,4.196110374656573
