,fluxes,C-fluxes
EX_4abut(e),0.10040693380035559,0.40162773520142236
EX_ac(e),7.917469213306933,15.834938426613865
EX_dad_2(e),0.955603072930409,9.55603072930409
EX_gly(e),0.9813269479684258,1.9626538959368516
EX_ile_L(e),0.763117422065935,4.57870453239561
EX_lys_L(e),0.7364837186405687,4.4189023118434125
EX_succ(e),10.565394657404358,42.26157862961743
