,fluxes,C-fluxes
EX_ac(e),14.943380073028136,29.88676014605627
EX_dad_2(e),0.023153728067191896,0.23153728067191898
EX_for(e),17.689395115607862,17.689395115607862
EX_nac(e),0.9961578963696798,5.976947378218078
EX_succ(e),0.8756667688217062,3.502667075286825
EX_ttdca(e),0.5818664216199044,8.146129902678663
EX_urea(e),0.003841903976320711,0.003841903976320711
