,fluxes,C-fluxes
EX_12ppd_S(e),0.14898579,0.44695737
EX_4abut(e),1.2587981160246322,5.035192464098529
EX_ac(e),17.509295384372525,35.01859076874505
EX_dad_2(e),0.9468336118708572,9.468336118708573
EX_dcyt(e),0.9076623485537282,8.168961136983553
EX_for(e),16.110069913053852,16.110069913053852
EX_gcald(e),0.00980958890601835,0.0196191778120367
EX_gly(e),0.7931097776755694,1.586219555351139
EX_ile_L(e),0.7681467852457243,4.608880711474346
EX_orn(e),0.10466166015480972,0.5233083007740487
