,fluxes,C-fluxes
EX_ac(e),15.591349695418913,31.182699390837826
EX_dad_2(e),0.023132409795962365,0.23132409795962366
EX_etoh(e),2.523527361973509,5.047054723947018
EX_for(e),16.56404321553737,16.56404321553737
EX_nac(e),0.996170572081639,5.977023432489833
EX_orn(e),0.07380638155464839,0.3690319077732419
EX_pro_L(e),0.034521611641110714,0.17260805820555358
EX_succ(e),1.599964999553775,6.3998599982151
EX_urea(e),0.003829229972560713,0.003829229972560713
