,fluxes,C-fluxes
EX_ac(e),14.468889093183606,28.93777818636721
EX_gcald(e),0.00585005391167143,0.01170010782334286
EX_hxan(e),0.9540712428228771,4.770356214114385
EX_ile_L(e),0.8408253520966817,5.0449521125800905
EX_indole(e),0.04984079241899725,0.398726339351978
EX_lys_L(e),0.9226539407416552,5.535923644449931
EX_pro_L(e),3.470053972377552,17.35026986188776
EX_succ(e),3.020685504989081,12.082742019956324
