,fluxes,C-fluxes
EX_ac(e),8.85518651495973,17.71037302991946
EX_acald(e),1.2248618101008248,2.4497236202016497
EX_gcald(e),0.012275331071903385,0.02455066214380677
EX_ppa(e),12.47030413929653,37.41091241788959
EX_ura(e),1.8687950104275757,7.475180041710303
