,fluxes,C-fluxes
EX_ac(e),4.335790313186383,8.671580626372766
EX_dad_2(e),0.9751503602022558,9.751503602022558
EX_for(e),3.246468806493418,3.246468806493418
EX_ppa(e),0.921307288871505,2.763921866614515
EX_uri(e),0.9541049959133391,8.586944963220052
