,fluxes,C-fluxes
EX_ac(e),13.276328560335639,26.552657120671277
EX_adn(e),0.0017654197504024267,0.017654197504024267
EX_arab_L(e),0.0055197,0.027598499999999998
EX_dcyt(e),0.02263056073099005,0.20367504657891045
EX_for(e),12.581861800628463,12.581861800628463
EX_indole(e),0.04721096105885126,0.3776876884708101
EX_pac(e),0.8851216530160332,7.0809732241282655
EX_ppa(e),3.7060026401788764,11.118007920536629
