,fluxes,C-fluxes
EX_12ppd_S(e),0.14898579,0.44695737
EX_ac(e),4.0134061175777,8.0268122351554
EX_acald(e),1.9893360267989264,3.978672053597853
EX_ade(e),1.970897570841165,9.854487854205825
EX_for(e),4.174908720794085,4.174908720794085
EX_gcald(e),0.002451748042950136,0.004903496085900272
EX_gua(e),0.9760640332782602,4.880320166391301
EX_orn(e),0.09349669200716651,0.4674834600358325
EX_ppa(e),4.576516635114255,13.729549905342765
