,fluxes,C-fluxes
EX_12ppd_S(e),0.06889210981150967,0.20667632943452902
EX_ac(e),2.9592174877722894,5.918434975544579
EX_dad_2(e),0.009640727053239248,0.09640727053239248
EX_for(e),1.3959301335713743,1.3959301335713743
EX_ins(e),0.032531050053190534,0.32531050053190536
