,fluxes,C-fluxes
EX_ac(e),13.333093364472203,26.666186728944407
EX_arab_L(e),0.0055197,0.027598499999999998
EX_dcyt(e),0.00707585503526993,0.06368269531742937
EX_for(e),10.468665260965075,10.468665260965075
EX_gcald(e),0.002121790292088266,0.004243580584176532
EX_indole(e),0.06369404879242029,0.5095523903393623
EX_ins(e),1.0008859417735652,10.008859417735652
EX_pac(e),0.9499498623496389,7.599598898797111
EX_ppa(e),4.375786130344322,13.127358391032965
