,fluxes,C-fluxes
EX_ac(e),3.935417447360377,7.870834894720754
EX_dad_2(e),0.0049579776781240896,0.0495797767812409
EX_for(e),3.605178453867915,3.605178453867915
EX_ins(e),0.9884772190785114,9.884772190785114
EX_orn(e),0.034047764037408175,0.17023882018704087
EX_ppa(e),0.7093346338003954,2.1280039014011862
