,fluxes,C-fluxes
EX_ac(e),1.882828054638662,3.765656109277324
EX_dad_2(e),0.00164866802872438,0.0164866802872438
EX_for(e),1.1868311283386854,1.1868311283386854
EX_succ(e),0.6808576877601793,2.723430751040717
