,fluxes,C-fluxes
EX_ac(e),3.8386596487347586,7.677319297469517
EX_adn(e),0.00999145981820201,0.09991459818202011
EX_dcyt(e),0.03244075446015312,0.29196679014137805
EX_for(e),2.7581603843319584,2.7581603843319584
