,fluxes,C-fluxes
EX_ac(e),4.186154404069546,8.372308808139092
EX_dad_2(e),0.01058458118865295,0.1058458118865295
EX_for(e),2.604387357505481,2.604387357505481
EX_ppa(e),0.9550569314633692,2.8651707943901075
