,fluxes,C-fluxes
EX_ac(e),2.6303177521907637,5.260635504381527
EX_ade(e),0.9643249862606131,4.821624931303066
EX_for(e),2.1958093340771874,2.1958093340771874
EX_lac_L(e),0.140481258993469,0.421443776980407
EX_ppa(e),6.465702120647364,19.397106361942093
EX_urea(e),0.09923410124807613,0.09923410124807613
