,fluxes,C-fluxes
EX_ac(e),2.703450311680609,5.406900623361218
EX_dad_2(e),0.006275508059064192,0.06275508059064192
EX_for(e),1.0647729459777098,1.0647729459777098
EX_succ(e),0.0009321499622354148,0.003728599848941659
