,fluxes,C-fluxes
EX_akg(e),0.0022682278710375986,0.011341139355187994
EX_succ(e),1.0735419518421694,4.2941678073686775
