,fluxes,C-fluxes
EX_ac(e),3.7702867862962552,7.5405735725925105
EX_adn(e),0.009716601466157316,0.09716601466157315
EX_dcyt(e),0.03281587181945767,0.29534284637511904
EX_for(e),2.685639972921202,2.685639972921202
