,fluxes,C-fluxes
EX_ac(e),11.882955295884843,23.765910591769686
EX_adn(e),0.0004069851620832646,0.004069851620832646
EX_arab_L(e),0.0055197,0.027598499999999998
EX_cys_L(e),0.14595207617163033,0.43785622851489103
EX_dcyt(e),0.02653488430798984,0.23881395877190856
EX_for(e),6.797853488832243,6.797853488832243
EX_indole(e),0.05150128330773755,0.4120102664619004
EX_pac(e),0.9174029352637961,7.339223482110369
EX_succ(e),4.057342975121524,16.229371900486097
