,fluxes,C-fluxes
EX_ac(e),3.1718777837609506,6.343755567521901
EX_dad_2(e),0.004687314091010408,0.04687314091010408
EX_for(e),3.0147672044599787,3.0147672044599787
EX_ppa(e),0.18462635417600445,0.5538790625280133
EX_succ(e),0.9930747528473203,3.972299011389281
