,fluxes,C-fluxes
EX_ac(e),2.943251833736875,5.88650366747375
EX_dad_2(e),0.004446541210791255,0.04446541210791255
EX_for(e),3.0237734362374344,3.0237734362374344
EX_ins(e),0.986263730755245,9.86263730755245
EX_ppa(e),1.111196237058574,3.3335887111757216
