,fluxes,C-fluxes
EX_12ppd_S(e),0.14898579,0.44695737
EX_ac(e),3.4613068952263646,6.922613790452729
EX_dad_2(e),1.2304944153121944,12.304944153121944
EX_for(e),3.7365736363742292,3.7365736363742292
EX_gsn(e),0.0007424932986341673,0.007424932986341673
EX_indole(e),0.06870540020458023,0.5496432016366418
EX_orn(e),0.11648359587537853,0.5824179793768927
EX_ppa(e),4.203378686214513,12.610136058643537
