,fluxes,C-fluxes
EX_12ppd_S(e),0.04916653793133523,0.14749961379400567
EX_ac(e),7.447348689429594,14.894697378859188
EX_ade(e),0.9234168543963958,4.6170842719819785
EX_for(e),6.428324658019052,6.428324658019052
EX_ppa(e),8.255049648163839,24.765148944491514
EX_ptrc(e),0.06460614947997206,0.25842459791988825
