,fluxes,C-fluxes
EX_ac(e),4.483885892289653,8.967771784579305
EX_adn(e),0.004013772992027506,0.04013772992027506
EX_dcyt(e),0.012858109437164696,0.11572298493448227
EX_for(e),3.312807760041518,3.312807760041518
