,fluxes,C-fluxes
EX_ac(e),3.6240630381925594,7.248126076385119
EX_dad_2(e),1.0048698242427037,10.048698242427037
EX_for(e),2.316454890565925,2.316454890565925
EX_lac_L(e),0.046746293013710694,0.14023887904113208
EX_ppa(e),2.8127838087984425,8.438351426395327
EX_urea(e),0.12432443062785868,0.12432443062785868
EX_uri(e),0.9825369007393464,8.842832106654118
TS_cbl1_c,0.025762269409375264,1.5972607033812662
