,fluxes,C-fluxes
EX_ac(e),4.559555361844768,9.119110723689536
EX_for(e),3.4640624480317634,3.4640624480317634
EX_ppa(e),0.054838642053634194,0.16451592616090258
