,fluxes,C-fluxes
EX_12ppd_S(e),0.05570381010180098,0.16711143030540293
EX_ac(e),4.218668551152635,8.43733710230527
EX_dad_2(e),0.010488816668447275,0.10488816668447275
EX_for(e),2.979682119941887,2.979682119941887
EX_ins(e),0.04161303220696059,0.4161303220696059
EX_ppa(e),1.9447745429288166,5.83432362878645
