,fluxes,C-fluxes
EX_12ppd_S(e),0.048207702486358237,0.1446231074590747
EX_ac(e),7.198438413034225,14.39687682606845
EX_dad_2(e),0.04055510315573328,0.40555103155733285
EX_for(e),6.133281426630731,6.133281426630731
EX_indole(e),0.06278343258613979,0.5022674606891183
EX_pac(e),0.8931787359485581,7.145429887588465
EX_ppa(e),5.907409759010879,17.72222927703264
