,fluxes,C-fluxes
EX_12ppd_S(e),0.14898579,0.44695737
EX_ac(e),9.232853627923529,18.465707255847057
EX_cys_L(e),0.08723178638625863,0.2616953591587759
EX_dad_2(e),0.00032161740678615186,0.0032161740678615185
EX_for(e),8.138084033599185,8.138084033599185
EX_indole(e),0.05742790076969985,0.4594232061575988
EX_pac(e),0.9122594911775307,7.2980759294202455
EX_ppa(e),3.9613738737367425,11.884121621210227
