,fluxes,C-fluxes
EX_12ppd_S(e),0.06379218822013963,0.19137656466041889
EX_ac(e),6.853818400286095,13.70763680057219
EX_for(e),5.857798779276685,5.857798779276685
EX_indole(e),0.060999730107264095,0.48799784085811276
EX_meoh(e),0.01271578332581688,0.01271578332581688
EX_pac(e),0.9128010721509014,7.302408577207212
EX_ppa(e),6.259802640633957,18.77940792190187
