,fluxes,C-fluxes
EX_12ppd_S(e),0.14898579,0.44695737
EX_ac(e),3.023384871697962,6.046769743395924
EX_ade(e),0.9756798420141717,4.878399210070858
EX_for(e),2.8856304451517936,2.8856304451517936
EX_indole(e),0.06842980391075619,0.5474384312860495
EX_ppa(e),3.2678103763919784,9.803431129175936
EX_urea(e),0.09710547679398862,0.09710547679398862
