,fluxes,C-fluxes
EX_ac(e),4.901873037538629,9.803746075077258
EX_adn(e),0.00574868530240905,0.0574868530240905
EX_dcyt(e),0.030730908190628594,0.27657817371565735
EX_for(e),3.1956189206472834,3.1956189206472834
