,fluxes,C-fluxes
EX_ac(e),3.718266391992163,7.436532783984326
EX_for(e),2.5953914146170494,2.5953914146170494
EX_lac_L(e),0.14898579,0.44695737
EX_ppa(e),2.2822775376529236,6.846832612958771
EX_pydxn(e),0.9993087794990685,7.994470235992548
EX_urea(e),0.12046079942659044,0.12046079942659044
