,fluxes,C-fluxes
EX_ac(e),4.371731032189589,8.743462064379178
EX_for(e),3.37054494343915,3.37054494343915
