,fluxes,C-fluxes
EX_ac(e),4.7226840931461584,9.445368186292317
EX_ade(e),0.9790458374584073,4.895229187292037
EX_for(e),1.671562347865185,1.671562347865185
EX_succ(e),2.2037216427649944,8.814886571059978
