,fluxes,C-fluxes
EX_ac(e),4.918403597541395,9.83680719508279
EX_adn(e),0.004280303502644076,0.042803035026440756
EX_dcyt(e),0.025450758966824864,0.22905683070142377
EX_for(e),3.116335617160851,3.116335617160851
