,fluxes,C-fluxes
EX_ac(e),3.8243638950796393,7.6487277901592785
EX_adn(e),0.010279687196183308,0.10279687196183308
EX_dcyt(e),0.034909618102856525,0.31418656292570873
EX_for(e),2.0634458627336945,2.0634458627336945
