,fluxes,C-fluxes
EX_ac(e),3.594741029732759,7.189482059465518
EX_dad_2(e),0.005515377461655783,0.055153774616557835
EX_for(e),3.2316603351275117,3.2316603351275117
EX_ins(e),0.9873733850607169,9.87373385060717
EX_ppa(e),1.1018183606136602,3.3054550818409805
