,fluxes,C-fluxes
EX_ac(e),11.163522584723484,22.32704516944697
EX_adn(e),0.0016374696868549146,0.016374696868549147
EX_arab_L(e),0.0055197,0.027598499999999998
EX_dcyt(e),0.019541043796191395,0.17586939416572256
EX_for(e),8.673380575493985,8.673380575493985
EX_indole(e),0.06435443799546588,0.514835503963727
EX_pac(e),0.8977842900451006,7.182274320360805
EX_ppa(e),2.4971646395596645,7.4914939186789935
EX_succ(e),3.135573570297854,12.542294281191417
