,fluxes,C-fluxes
EX_4abut(e),0.18,0.72
EX_ac(e),4.107176196188504,8.214352392377007
EX_acald(e),1.990052959984284,3.980105919968568
EX_ade(e),1.9519735640373308,9.759867820186654
EX_for(e),4.192851085695254,4.192851085695254
EX_gua(e),0.9957803601944398,4.978901800972199
EX_indole(e),0.07239627797920176,0.579170223833614
EX_orn(e),0.08934935281386137,0.44674676406930686
EX_ppa(e),4.427660517211989,13.282981551635967
