,fluxes,C-fluxes
EX_12ppd_S(e),0.1294219944722664,0.3882659834167992
EX_ac(e),2.1547144599678925,4.309428919935785
EX_dad_2(e),0.017783992055206865,0.17783992055206865
EX_for(e),2.110944546812549,2.110944546812549
EX_indole(e),0.07886958004676117,0.6309566403740894
EX_ppa(e),0.758699131454403,2.2760973943632092
EX_thymd(e),0.01137460740909583,0.1137460740909583
