,fluxes,C-fluxes
EX_ac(e),5.479430572546586,10.958861145093172
EX_adn(e),0.00016982694237316774,0.0016982694237316774
EX_dcyt(e),0.010349953358137752,0.09314958022323977
EX_for(e),5.50579446590258,5.50579446590258
EX_fuc_L(e),0.000789,0.004734
EX_indole(e),0.05017552206272016,0.4014041765017613
EX_pac(e),0.9368029534524495,7.494423627619596
EX_ppa(e),1.0326285281730625,3.0978855845191875
EX_succ(e),0.6842484864427436,2.7369939457709744
