,fluxes,C-fluxes
EX_ac(e),10.048675995922665,20.09735199184533
EX_dad_2(e),0.00023800174895500983,0.0023800174895500983
EX_for(e),9.17895398434343,9.17895398434343
EX_fuc_L(e),0.000789,0.004734
EX_indole(e),0.06295013948031768,0.5036011158425414
EX_pac(e),0.9498730959484794,7.598984767587835
EX_succ(e),0.3802517871158236,1.5210071484632943
