,fluxes,C-fluxes
EX_12ppd_S(e),0.14898579,0.44695737
EX_ac(e),5.400462849050146,10.800925698100292
EX_acald(e),1.9853742536728725,3.970748507345745
EX_ade(e),2.9105279684615555,14.552639842307777
EX_for(e),5.6757626719239305,5.6757626719239305
EX_gua(e),1.0072441746133627,5.036220873066814
EX_orn(e),0.055658522175324486,0.27829261087662244
EX_phe_L(e),0.8444613461156024,7.600152115040422
EX_ppa(e),4.956616422095026,14.869849266285078
