,fluxes,C-fluxes
EX_12ppd_S(e),0.24454164838263984,0.7336249451479195
EX_ac(e),15.199018862581026,30.39803772516205
EX_dad_2(e),0.05400301111064433,0.5400301111064433
EX_for(e),13.034083379317932,13.034083379317932
EX_galur(e),0.0089838,0.0539028
EX_glcur(e),0.00032865,0.0019719
EX_met_L(e),0.6699437445852202,3.349718722926101
EX_ppa(e),3.0116310465741893,9.034893139722568
