,fluxes,C-fluxes
EX_4abut(e),0.18,0.72
EX_ac(e),3.9641915192789474,7.928383038557895
EX_acald(e),1.9903458051331169,3.9806916102662337
EX_ade(e),1.9375749024564235,9.687874512282118
EX_for(e),0.9656517131179273,0.9656517131179273
EX_gua(e),1.0088663591811302,5.044331795905651
EX_indole(e),0.07115622055741437,0.569249764459315
EX_orn(e),0.02687725091623266,0.1343862545811633
EX_ppa(e),0.11479433961384736,0.3443830188415421
EX_succ(e),4.317567385788069,17.270269543152278
