,fluxes,C-fluxes
EX_12ppd_S(e),0.14898579,0.44695737
EX_ac(e),5.71725233399141,11.43450466798282
EX_etoh(e),0.321769337334042,0.643538674668084
EX_for(e),4.303187136012089,4.303187136012089
EX_gly(e),0.25910127687812134,0.5182025537562427
EX_glyc(e),0.0018170045936251658,0.005451013780875497
EX_orn(e),0.07165043642302536,0.3582521821151268
EX_phe_L(e),0.9812216339788632,8.830994705809768
EX_pro_L(e),0.17420101187689627,0.8710050593844814
EX_uri(e),0.040936701340124386,0.3684303120611195
