,fluxes,C-fluxes
EX_ac(e),3.179318487062504,6.358636974125008
EX_for(e),1.8811535155161327,1.8811535155161327
EX_gly(e),0.04779959991933833,0.09559919983867667
EX_phe_L(e),0.8596307603873483,7.736676843486135
