,fluxes,C-fluxes
EX_5mthf(e),0.9986310375615703,19.972620751231407
EX_ac(e),11.893016032310221,23.786032064620443
EX_cys_L(e),0.2749987913161545,0.8249963739484636
EX_cytd(e),0.08677246857933754,0.7809522172140378
EX_for(e),5.086089433397768,5.086089433397768
EX_glcur(e),0.00032865,0.0019719
EX_phe_L(e),0.9662352204260548,8.696116983834493
EX_pro_L(e),0.18066582247166976,0.9033291123583488
EX_succ(e),0.12168209650755316,0.4867283860302126
