,fluxes,C-fluxes
EX_ac(e),4.249766355474859,8.499532710949717
EX_cytd(e),0.05489393900969288,0.4940454510872359
EX_etoh(e),0.12605912293402358,0.25211824586804715
EX_for(e),3.2918569909616635,3.2918569909616635
EX_gly(e),0.1662039588039227,0.3324079176078454
EX_orn(e),0.01670771363663013,0.08353856818315064
EX_phe_L(e),0.9832670339273963,8.849403305346566
