,fluxes,C-fluxes
EX_ac(e),4.607848157683311,9.215696315366621
EX_cys_L(e),0.1267738146048465,0.3803214438145395
EX_etoh(e),0.25096977201779674,0.5019395440355935
EX_for(e),2.7301986876936035,2.7301986876936035
EX_glcur(e),0.00032865,0.0019719
EX_gly(e),0.3056983030620912,0.6113966061241825
EX_phe_L(e),0.9759673742198784,8.783706367978906
EX_pro_L(e),0.12340485112367991,0.6170242556183996
