,fluxes,C-fluxes
EX_ac(e),3.0257465288129413,6.0514930576258825
EX_etoh(e),0.21415167329205687,0.42830334658411373
EX_for(e),2.1964563294594766,2.1964563294594766
EX_gly(e),0.20546740618108464,0.4109348123621693
EX_glyc(e),0.0008995177141784579,0.0026985531425353735
EX_orn(e),0.031084395966713307,0.15542197983356654
EX_phe_L(e),0.9003949259519337,8.103554333567404
EX_succ(e),0.03134598092181789,0.12538392368727155
EX_uri(e),0.02566155686124885,0.23095401175123964
