,fluxes,C-fluxes
EX_ac(e),2.4543085551914756,4.908617110382951
EX_cytd(e),0.02074099459449949,0.1866689513504954
EX_etoh(e),0.008396037418426523,0.016792074836853046
EX_for(e),1.6352642918229185,1.6352642918229185
EX_glyc(e),0.0005487723376900469,0.001646317013070141
EX_phe_L(e),0.5651375985538841,5.086238386984957
EX_succ(e),0.023709930775750537,0.09483972310300215
