,fluxes,C-fluxes
EX_ac(e),10.197088534649009,20.394177069298017
EX_etoh(e),0.7115373066036784,1.4230746132073568
EX_for(e),5.08805213596125,5.08805213596125
EX_glcur(e),0.00032865,0.0019719
EX_glyc(e),0.15344155932369846,0.4603246779710954
EX_phe_L(e),0.948740797163472,8.538667174471248
EX_pro_L(e),0.25330888815617925,1.2665444407808963
