,fluxes,C-fluxes
EX_ac(e),5.101995487515533,10.203990975031067
EX_cys_L(e),0.07841873656706973,0.2352562097012092
EX_etoh(e),0.43502305121823487,0.8700461024364697
EX_for(e),3.3359371374549864,3.3359371374549864
EX_glcur(e),0.00032865,0.0019719
EX_phe_L(e),0.981288366188556,8.831595295697003
EX_pro_L(e),0.12755758858368726,0.6377879429184363
