,fluxes,C-fluxes
EX_12ppd_S(e),0.14898579,0.44695737
EX_4abut(e),0.33500917527154067,1.3400367010861627
EX_ac(e),15.23060498345786,30.46120996691572
EX_cys_L(e),0.16496334326626638,0.49489002979879915
EX_cytd(e),0.07099769241161208,0.6389792317045087
EX_etoh(e),2.1659900024739773,4.331980004947955
EX_for(e),7.665538208789933,7.665538208789933
EX_glcur(e),0.00032865,0.0019719
EX_glyc(e),0.0037651458610772574,0.011295437583231772
EX_phe_L(e),0.9535482410573748,8.581934169516373
