,fluxes,C-fluxes
EX_ac(e),3.8517548500129393,7.7035097000258785
EX_cytd(e),0.02869116647493433,0.25822049827440896
EX_for(e),2.6949608375142247,2.6949608375142247
EX_gly(e),0.20293213276041985,0.4058642655208397
EX_glyc(e),0.0010715720937091173,0.0032147162811273517
EX_phe_L(e),0.7895784612599025,7.106206151339123
EX_succ(e),0.03535215079875918,0.14140860319503673
