,fluxes,C-fluxes
EX_ac(e),10.045375394872606,20.09075078974521
EX_cytd(e),0.08750715454049583,0.7875643908644625
EX_etoh(e),1.6665085027720252,3.3330170055440504
EX_for(e),5.86804379833183,5.86804379833183
EX_glcur(e),0.00032865,0.0019719
EX_glyc(e),0.15372159160915325,0.46116477482745977
EX_phe_L(e),0.9455549770480608,8.509994793432547
EX_pro_L(e),0.20821664067342702,1.0410832033671351
EX_succ(e),0.12298633798912194,0.49194535195648775
