,fluxes,C-fluxes
EX_5mthf(e),0.0273202686824514,0.546405373649028
EX_ac(e),6.426738723905052,12.853477447810103
EX_cys_L(e),0.167329807961445,0.501989423884335
EX_for(e),3.4930123920651903,3.4930123920651903
EX_glcur(e),0.00032865,0.0019719
EX_glyc(e),0.001614486878719434,0.004843460636158302
EX_phe_L(e),0.9793901372013138,8.814511234811825
EX_pro_L(e),0.31077356033613707,1.5538678016806853
EX_succ(e),0.011056288134381686,0.04422515253752674
