,fluxes,C-fluxes
EX_ac(e),3.025798231725765,6.05159646345153
EX_etoh(e),0.2141515930366149,0.4283031860732298
EX_for(e),2.1964863293934735,2.1964863293934735
EX_gly(e),0.20546678782918787,0.41093357565837574
EX_glyc(e),0.0008995359640458558,0.0026986078921375674
EX_orn(e),0.031083932160924685,0.15541966080462344
EX_phe_L(e),0.9004238296264355,8.10381446663792
EX_succ(e),0.031345522423196284,0.12538208969278514
EX_uri(e),0.025661912246560722,0.2309572102190465
