,fluxes,C-fluxes
EX_ac(e),3.4917985339586393,6.9835970679172785
EX_ala_L(e),0.13007116934332388,0.3902135080299717
EX_cys_L(e),0.010647751121435843,0.031943253364307526
EX_etoh(e),0.20771595448512378,0.41543190897024757
EX_for(e),2.1238503628886782,2.1238503628886782
EX_gly(e),0.20448030701086392,0.40896061402172784
EX_glyc(e),0.0014389371141851303,0.0043168113425553906
EX_orn(e),0.015836879591821066,0.07918439795910533
EX_phe_L(e),0.7520343330095538,6.768308997085985
