,fluxes,C-fluxes
EX_ac(e),8.570679047017284,17.14135809403457
EX_etoh(e),1.412243070959373,2.824486141918746
EX_for(e),3.948852107053041,3.948852107053041
EX_gly(e),0.1176463517163298,0.2352927034326596
EX_lys_L(e),0.8056478418089414,4.833887050853649
EX_phe_L(e),0.9351630436696927,8.416467393027235
