,fluxes,C-fluxes
EX_4abut(e),0.18,0.72
EX_ac(e),13.349831488583682,26.699662977167364
EX_cys_L(e),0.9973774402971917,2.992132320891575
EX_etoh(e),1.1689988429928537,2.3379976859857075
EX_for(e),6.157291074245077,6.157291074245077
EX_glyc(e),0.00382643993250182,0.011479319797505461
EX_phe_L(e),0.9546085319290948,8.591476787361852
