,fluxes,C-fluxes
EX_12ppd_S(e),0.14898579,0.44695737
EX_ac(e),6.139620672318525,12.27924134463705
EX_cys_L(e),0.4223547636879434,1.2670642910638301
EX_for(e),3.0241499162105705,3.0241499162105705
EX_phe_L(e),0.9656451982097055,8.69080678388735
EX_pro_L(e),0.12471617784577589,0.6235808892288794
