,fluxes,C-fluxes
EX_ac(e),11.628075756216257,23.256151512432513
EX_cys_L(e),0.15368789340429742,0.46106368021289224
EX_etoh(e),1.5116131307045848,3.0232262614091696
EX_for(e),5.761774203737231,5.761774203737231
EX_phe_L(e),0.9481609073691674,8.533448166322506
EX_pro_L(e),0.05924947102094766,0.2962473551047383
