,fluxes,C-fluxes
EX_12ppd_S(e),0.14898579,0.44695737
EX_ac(e),13.484519078071887,26.969038156143775
EX_arab_L(e),0.00201572,0.0100786
EX_etoh(e),2.2737146161955692,4.5474292323911385
EX_for(e),7.667233670731972,7.667233670731972
EX_glcur(e),0.00032865,0.0019719
EX_phe_L(e),0.9491096970333179,8.541987273299862
EX_pro_L(e),0.21069144164676518,1.0534572082338258
