,fluxes,C-fluxes
EX_ac(e),10.373745357107182,20.747490714214365
EX_etoh(e),3.6497859927372285,7.299571985474457
EX_for(e),8.163581068349316,8.163581068349316
EX_gly(e),0.13950778881926446,0.2790155776385289
EX_hista(e),0.13848877417231273,0.6924438708615637
EX_orn(e),0.21369884522426008,1.0684942261213004
EX_phe_L(e),0.9587602698908329,8.628842429017496
EX_trypta(e),0.07045327013974867,0.7045327013974867
