,fluxes,C-fluxes
EX_5mthf(e),0.9986962639976636,19.973925279953274
EX_ac(e),12.919437752735817,25.838875505471634
EX_cys_L(e),0.632389623884078,1.8971688716522341
EX_cytd(e),0.08359174932564552,0.7523257439308096
EX_for(e),5.519019396911562,5.519019396911562
EX_glcur(e),0.00032865,0.0019719
EX_phe_L(e),0.9349621244958055,8.41465912046225
EX_pro_L(e),0.22381820131210003,1.1190910065605002
EX_succ(e),0.11506758104205025,0.460270324168201
