,fluxes,C-fluxes
EX_5mthf(e),0.9712906806585903,19.425813613171805
EX_ac(e),18.223277930728308,36.446555861456616
EX_etoh(e),0.18701477844136244,0.3740295568827249
EX_for(e),6.739124721295352,6.739124721295352
EX_gly(e),0.11954624837081256,0.2390924967416251
EX_glyc(e),0.004783147805910915,0.014349443417732744
EX_phe_L(e),0.9474272944836235,8.526845650352612
EX_succ(e),0.03532398000697195,0.1412959200278878
