,fluxes,C-fluxes
EX_ac(e),3.0253043389648555,6.050608677929711
EX_etoh(e),0.2141534310906825,0.428306862181365
EX_for(e),2.196205412367271,2.196205412367271
EX_gly(e),0.2054706724810658,0.4109413449621316
EX_glyc(e),0.0008993534653718761,0.0026980603961156285
EX_orn(e),0.03108092526209083,0.15540462631045415
EX_phe_L(e),0.900157110867907,8.101413997811163
EX_succ(e),0.03134246245269226,0.12536984981076904
EX_uri(e),0.02565906820624334,0.23093161385619004
