,fluxes,C-fluxes
EX_12ppd_S(e),0.017393469579558125,0.052180408738674376
EX_ac(e),3.617509859799936,7.235019719599872
EX_csn(e),0.0209458322281867,0.0837833289127468
EX_etoh(e),0.23550113884597523,0.47100227769195047
EX_for(e),2.3004323631156773,2.3004323631156773
EX_gly(e),0.19211423174675493,0.38422846349350986
EX_phe_L(e),0.9830042531561416,8.847038278405275
EX_pro_L(e),0.0007226402562745762,0.003613201281372881
