,fluxes,C-fluxes
EX_ac(e),6.226576337867225,12.45315267573445
EX_cys_L(e),0.9938529321993661,2.9815587965980983
EX_for(e),4.902691861411441,4.902691861411441
