,fluxes,C-fluxes
EX_ac(e),6.98662003790906,13.97324007581812
EX_for(e),5.817330862258313,5.817330862258313
EX_gly(e),0.002616307917997911,0.005232615835995822
