,fluxes,C-fluxes
EX_ac(e),6.204353901492783,12.408707802985566
EX_for(e),3.415268894787893,3.415268894787893
EX_nac(e),0.07498796544108868,0.4499277926465321
EX_orn(e),0.004204357026823226,0.02102178513411613
EX_succ(e),0.14970521849306395,0.5988208739722558
