,fluxes,C-fluxes
EX_12ppd_S(e),0.14898579,0.44695737
EX_ac(e),16.078062856075462,32.156125712150924
EX_gly(e),0.7719620652783484,1.5439241305566969
EX_phe_L(e),0.9031604625281587,8.128444162753429
EX_ura(e),0.9352448562635315,3.740979425054126
