,fluxes,C-fluxes
EX_ac(e),0.9481284912910976,1.896256982582195
EX_ile_L(e),1.3683977426972327,8.210386456183397
EX_lac_L(e),1.4741131520885766,4.42233945626573
EX_succ(e),1.3303638774914637,5.321455509965855
