,fluxes,C-fluxes
EX_ac(e),0.9678719058519916,1.9357438117039831
EX_dad_2(e),1.970927192526706,19.70927192526706
EX_etoh(e),2.44453581024149,4.88907162048298
EX_gcald(e),0.005884858468222105,0.01176971693644421
EX_ile_L(e),0.8895327656598869,5.337196593959321
EX_lys_L(e),0.9223617558579742,5.534170535147846
EX_met_L(e),0.23897452708755623,1.1948726354377812
EX_succ(e),11.382578521738223,45.53031408695289
