,fluxes,C-fluxes
EX_acac(e),1.9410879813032806,7.764351925213123
EX_dad_2(e),1.9397328965204392,19.39732896520439
EX_lys_L(e),0.8867567660440587,5.320540596264353
EX_nac(e),0.9964030014180848,5.978418008508509
EX_succ(e),13.975098223665848,55.90039289466339
