,fluxes,C-fluxes
EX_acac(e),1.3024766512489518,5.209906604995807
EX_hxan(e),0.9678266008041577,4.8391330040207885
EX_ile_L(e),0.8431013501111823,5.058608100667094
EX_lys_L(e),0.8971124927136339,5.382674956281804
EX_succ(e),11.054650183749649,44.218600734998596
