,fluxes,C-fluxes
EX_ac(e),1.4387578403424495,2.877515680684899
EX_gcald(e),0.0005109346841779093,0.0010218693683558186
EX_gua(e),0.05128114497955967,0.25640572489779834
EX_ins(e),0.9452787365633148,9.45278736563315
EX_ppa(e),3.3439792853343127,10.031937856002937
EX_succ(e),1.098166934341151,4.392667737364604
EX_tym(e),0.5706336363436857,4.5650690907494855
