,fluxes,C-fluxes
EX_ac(e),7.978847063124668,15.957694126249336
EX_ade(e),1.9481974954724854,9.740987477362427
EX_but(e),2.84928206069477,11.39712824277908
EX_dgsn(e),0.9665424810172111,9.66542481017211
EX_for(e),14.223619387222024,14.223619387222024
EX_ile_L(e),0.8692590258701032,5.2155541552206195
EX_phe_L(e),0.8651399062633548,7.7862591563701935
