,fluxes,C-fluxes
EX_ac(e),0.2102066756569149,0.4204133513138298
EX_but(e),3.058473751023396,12.233895004093585
EX_for(e),6.283766985619589,6.283766985619589
EX_nac(e),0.060569088360266615,0.3634145301615997
