,fluxes,C-fluxes
EX_12ppd_S(e),0.04334982277979131,0.13004946833937392
EX_ac(e),3.246062763920248,6.492125527840496
EX_but(e),2.721470865791609,10.885883463166437
EX_for(e),7.908899175268198,7.908899175268198
EX_ptrc(e),0.11551751653354829,0.46207006613419316
