,fluxes,C-fluxes
EX_cys_L(e),0.005147342509824513,0.01544202752947354
