,fluxes,C-fluxes
EX_akg(e),0.3587182159238894,1.7935910796194472
EX_cytd(e),0.03930517862705987,0.3537466076435388
EX_gly(e),0.9400307565489263,1.8800615130978526
EX_ptrc(e),0.05275759562838135,0.2110303825135254
EX_pyr(e),0.6187511118046821,1.8562533354140465
EX_succ(e),1.9094039970105112,7.637615988042045
