,fluxes,C-fluxes
EX_leu_L(e),0.010669452341562621,0.06401671404937573
