,fluxes,C-fluxes
EX_cytd(e),0.012307971910342457,0.11077174719308211
EX_dad_2(e),0.0006370485898940817,0.006370485898940817
EX_pyr(e),1.5557920107031973,4.667376032109592
EX_succ(e),0.8319970584016969,3.3279882336067876
