,fluxes,C-fluxes
EX_akg(e),0.40391851777888155,2.0195925888944077
EX_cytd(e),0.0372541068010655,0.3352869612095895
EX_gly(e),0.36188390971412987,0.7237678194282597
EX_ptrc(e),0.04956636893134512,0.19826547572538047
EX_pyr(e),1.2338231524167909,3.7014694572503726
EX_succ(e),1.7002510024845523,6.801004009938209
