,fluxes,C-fluxes
EX_akg(e),0.08154895019610982,0.4077447509805491
EX_gln_L(e),0.07294153426393588,0.3647076713196794
EX_gly(e),0.9801938369036025,1.960387673807205
EX_nac(e),0.011993122222317975,0.07195873333390784
EX_succ(e),1.117697816672871,4.470791266691484
