,fluxes,C-fluxes
EX_cytd(e),0.00746016402982512,0.06714147626842608
EX_pyr(e),1.1041399202533182,3.312419760759955
EX_succ(e),1.0595148996329047,4.238059598531619
