,fluxes,C-fluxes
EX_akg(e),0.35937571528958334,1.7968785764479167
EX_cytd(e),0.037521954059922966,0.3376975865393067
EX_gly(e),0.42209975565149466,0.8441995113029893
EX_ptrc(e),0.050106754971573665,0.20042701988629466
EX_pyr(e),1.2103634286556548,3.6310902859669643
EX_succ(e),1.7218005606660747,6.887202242664299
