,fluxes,C-fluxes
EX_ac(e),2.212002169353702,4.424004338707404
EX_for(e),0.004528738375079695,0.004528738375079695
EX_succ(e),1.4293763529880965,5.717505411952386
