,fluxes,C-fluxes
EX_ac(e),1.6134159896752767,3.2268319793505533
EX_ade(e),0.999352787320602,4.99676393660301
EX_dcyt(e),0.8165797918710671,7.349218126839604
EX_glyc(e),0.001490477260442168,0.004471431781326504
EX_lac_D(e),3.01845073455963,9.05535220367889
EX_nac(e),0.9998555199794987,5.999133119876992
EX_succ(e),0.15070754597522873,0.6028301839009149
