,fluxes,C-fluxes
EX_ac(e),6.533220194497648,13.066440388995296
EX_ade(e),0.9966082923814922,4.983041461907461
EX_cys_L(e),0.9876383745278541,2.9629151235835622
EX_dcyt(e),0.968788016678077,8.719092150102693
EX_fru(e),0.21204440915073708,1.2722664549044225
EX_gcald(e),0.0013511886993376686,0.0027023773986753373
EX_glyc(e),0.004646361140173582,0.013939083420520745
EX_nac(e),0.9995496025295377,5.997297615177226
