,fluxes,C-fluxes
EX_ac(e),2.8498549223724137,5.699709844744827
EX_ade(e),1.0004232863562255,5.002116431781127
EX_cys_L(e),0.8464185560538731,2.539255668161619
EX_dcyt(e),0.8598824184718391,7.738941766246552
EX_lac_D(e),2.6287618882793518,7.886285664838056
EX_nac(e),0.9998379713423552,5.999027828054131
EX_succ(e),0.05754337655260378,0.23017350621041513
