,fluxes,C-fluxes
EX_ac(e),3.1522238811661225,6.304447762332245
EX_but(e),3.146768511211788,12.587074044847151
EX_for(e),7.862226618333118,7.862226618333118
EX_isobut(e),0.11608720811799449,0.46434883247197795
EX_phe_L(e),0.8811110980830184,7.929999882747165
