,fluxes,C-fluxes
EX_ac(e),19.903229770684266,39.80645954136853
EX_dad_2(e),1.000800590626709,10.00800590626709
EX_for(e),16.10778803084963,16.10778803084963
EX_gcald(e),2.9853597304790616,5.970719460958123
EX_indole(e),0.03815633298673438,0.30525066389387506
EX_nac(e),0.9963294704663072,5.977976822797843
EX_phe_L(e),0.7284496327740371,6.556046694966334
EX_ppa(e),0.08068967315664907,0.24206901946994722
