,fluxes,C-fluxes
EX_4hphac(e),0.906451963513513,7.251615708108104
EX_ac(e),14.89800972625252,29.79601945250504
EX_dad_2(e),1.0058455675593239,10.058455675593239
EX_for(e),20.71898346857975,20.71898346857975
EX_indole(e),0.016116291247112852,0.12893032997690282
EX_nac(e),0.998301800372216,5.989810802233296
EX_ppa(e),0.25788494165305775,0.7736548249591733
EX_ptrc(e),0.9983025829704085,3.993210331881634
EX_val_L(e),1.2319227096643108,6.159613548321554
