,fluxes,C-fluxes
EX_ac(e),19.920525906879497,39.841051813758995
EX_dad_2(e),1.000760128396523,10.007601283965231
EX_for(e),16.039208434561985,16.039208434561985
EX_gcald(e),2.9160041730604047,5.832008346120809
EX_indole(e),0.0376521807571874,0.3012174460574992
EX_nac(e),0.9962816598877952,5.977689959326771
EX_phe_L(e),0.7359492079063841,6.623542871157457
EX_ppa(e),0.02684448781952958,0.08053346345858874
