,fluxes,C-fluxes
EX_ac(e),14.362833247947973,28.725666495895947
EX_but(e),1.641500117131228,6.566000468524912
EX_ch4s(e),1.931489890186765,1.931489890186765
EX_for(e),4.946920138176736,4.946920138176736
EX_pac(e),1.8530025904133036,14.824020723306429
EX_ppa(e),0.0891028301520284,0.2673084904560852
