,fluxes,C-fluxes
EX_ac(e),5.579189944444269,11.158379888888538
EX_but(e),1.5244129328752385,6.097651731500954
EX_etoh(e),0.9713353110921249,1.9426706221842498
EX_for(e),8.023843098389962,8.023843098389962
EX_ile_L(e),0.9213784209740763,5.528270525844458
EX_phe_L(e),0.9080858215160561,8.172772393644506
EX_ppa(e),0.17324572442807018,0.5197371732842105
EX_ura(e),0.9653457217328656,3.8613828869314624
