,fluxes,C-fluxes
EX_ac(e),8.084822747274329,16.169645494548657
EX_ala_L(e),1.4184522025463708,4.255356607639112
EX_but(e),0.23239231309072841,0.9295692523629137
EX_etoh(e),3.8148445104114397,7.629689020822879
EX_for(e),12.130387019620363,12.130387019620363
EX_orn(e),0.0366541373406065,0.18327068670303248
