,fluxes,C-fluxes
EX_ac(e),2.9681634179257834,5.936326835851567
EX_ade(e),0.9480785217907047,4.740392608953524
EX_but(e),9.489868888699801,37.959475554799205
EX_csn(e),1.9292417916808364,7.716967166723346
EX_for(e),17.580045825747177,17.580045825747177
EX_gua(e),0.9635465841432028,4.817732920716014
EX_ile_L(e),0.8005258918482441,4.8031553510894645
EX_nac(e),0.44965447349573334,2.6979268409744
EX_phe_L(e),0.8036516001081963,7.232864400973766
EX_ppa(e),1.0,3.0
