,fluxes,C-fluxes
EX_ac(e),7.546070991394754,15.092141982789508
EX_ala_L(e),0.010288538491642251,0.030865615474926753
EX_but(e),2.7289276905304285,10.915710762121714
EX_etoh(e),0.10622391400856744,0.21244782801713488
EX_for(e),12.903539434478384,12.903539434478384
EX_orn(e),0.0261981354177545,0.1309906770887725
