,fluxes,C-fluxes
EX_ac(e),10.49937358701527,20.99874717403054
EX_cys_L(e),0.9522906037606227,2.8568718112818683
EX_for(e),0.008295091020346028,0.008295091020346028
EX_ura(e),0.9690055442511292,3.8760221770045167
