,fluxes,C-fluxes
EX_ac(e),11.842574452167304,23.685148904334607
EX_cys_L(e),0.9768998966260389,2.930699689878117
EX_for(e),0.003919658169777804,0.003919658169777804
EX_ura(e),0.9929952529018745,3.971981011607498
