,fluxes,C-fluxes
EX_ac(e),5.683461628664466,11.366923257328931
EX_etoh(e),0.7814228881759288,1.5628457763518575
EX_for(e),4.42975030607852,4.42975030607852
EX_phe_L(e),0.917654802157187,8.258893219414682
