,fluxes,C-fluxes
EX_ac(e),2.0390248331092002,4.0780496662184005
EX_but(e),0.018162296767553692,0.07264918707021477
EX_for(e),1.0769289306327876,1.0769289306327876
EX_nac(e),0.003937690109910617,0.023626140659463703
