,fluxes,C-fluxes
EX_ac(e),7.64658058175941,15.29316116351882
EX_cys_L(e),0.9665772274578803,2.899731682373641
EX_dad_2(e),0.9380336418454146,9.380336418454146
EX_etoh(e),0.5700718582483434,1.1401437164966868
EX_lys_L(e),0.874508389239182,5.247050335435092
EX_nac(e),0.9934518625774007,5.960711175464404
EX_succ(e),7.914623566440496,31.658494265761984
EX_thymd(e),0.8622694295180016,8.622694295180015
EX_tma(e),1.0,3.0
