,fluxes,C-fluxes
EX_15dap(e),0.15,0.75
EX_ac(e),8.58460189969828,17.16920379939656
EX_but(e),0.8039006620879305,3.215602648351722
EX_dad_2(e),0.9515892730292446,9.515892730292446
EX_for(e),10.530005753612945,10.530005753612945
EX_gly(e),0.020021229872241045,0.04004245974448209
EX_nac(e),0.997735725484209,5.986414352905253
EX_phe_L(e),0.8294257453073315,7.464831707765983
