,fluxes,C-fluxes
EX_ac(e),11.596694335446529,23.193388670893057
EX_dad_2(e),1.9280910381034422,19.28091038103442
EX_dcyt(e),0.878104659367186,7.902941934304674
EX_ile_L(e),0.7644328898648993,4.586597339189396
EX_nac(e),0.9954530146653991,5.972718087992395
EX_succ(e),12.618771045693842,50.47508418277537
EX_tma(e),1.0,3.0
