,fluxes,C-fluxes
EX_ac(e),21.826806382862497,43.65361276572499
EX_for(e),9.412066070176838,9.412066070176838
EX_gln_L(e),5.95374784428916,29.768739221445802
EX_hxan(e),0.9406332772602716,4.7031663863013575
EX_ile_L(e),0.795252745426142,4.771516472556852
EX_indole(e),0.07024012993779279,0.5619210395023423
EX_tma(e),1.0,3.0
