,fluxes,C-fluxes
EX_ac(e),8.494417911096622,16.988835822193245
EX_cys_L(e),0.9739841722394814,2.921952516718444
EX_etoh(e),0.19276153906353524,0.3855230781270705
EX_nac(e),0.9977177199974698,5.986306319984819
EX_succ(e),7.437240344460176,29.748961377840704
EX_tma(e),1.0,3.0
