,fluxes,C-fluxes
EX_ac(e),35.14864824927214,70.29729649854428
EX_for(e),0.03010276652242789,0.03010276652242789
EX_gcald(e),0.01617618825473925,0.0323523765094785
EX_hxan(e),0.8965211989124585,4.4826059945622925
EX_lys_L(e),0.6980324310910614,4.188194586546368
EX_phe_L(e),0.7142742508764965,6.428468257888468
EX_ura(e),0.8129841128173678,3.2519364512694713
