,fluxes,C-fluxes
EX_ac(e),12.169096432965121,24.338192865930242
EX_for(e),4.264172933851904,4.264172933851904
EX_hxan(e),0.9093005159765026,4.546502579882513
EX_succ(e),8.375008437677828,33.50003375071131
EX_tma(e),1.0,3.0
