,fluxes,C-fluxes
EX_ac(e),0.9937707049434402,1.9875414098868804
EX_etoh(e),0.3724172621438155,0.744834524287631
EX_for(e),1.36052475853353,1.36052475853353
EX_phe_L(e),0.9918238511138323,8.926414660024491
