,fluxes,C-fluxes
EX_but(e),0.943796435898119,3.775185743592476
EX_pro_L(e),0.13816207153223975,0.6908103576611988
EX_succ(e),1.2748817856006966,5.099527142402787
