,fluxes,C-fluxes
EX_ac(e),7.906376144269176,15.812752288538352
EX_but(e),5.040175055895214,20.160700223580857
EX_dad_2(e),1.9349864848834724,19.349864848834724
EX_dcyt(e),0.8924733878812995,8.032260490931696
EX_for(e),19.876550486158447,19.876550486158447
EX_phe_L(e),0.8086472920467939,7.277825628421144
EX_ppa(e),0.04776720124647036,0.1433016037394111
EX_tma(e),1.0,3.0
