,fluxes,C-fluxes
EX_ac(e),2.3049253369167255,4.609850673833451
EX_etoh(e),1.0831905868510388,2.1663811737020775
EX_for(e),2.4110157053153123,2.4110157053153123
EX_hxan(e),0.9881054723495133,4.9405273617475665
EX_orn(e),0.027558454905628655,0.13779227452814327
