,fluxes,C-fluxes
EX_ac(e),8.083299809051356,16.166599618102712
EX_etoh(e),5.724913140074088,11.449826280148176
EX_for(e),11.651178179194584,11.651178179194584
EX_gly(e),0.04733417602534726,0.09466835205069452
EX_orn(e),0.15,0.75
