,fluxes,C-fluxes
EX_ac(e),2.2920552113043273,4.584110422608655
EX_etoh(e),2.785532373584946,5.571064747169892
EX_for(e),4.801442397087905,4.801442397087905
EX_gly(e),0.10112585903502552,0.20225171807005105
EX_orn(e),0.12153695150064812,0.6076847575032406
