,fluxes,C-fluxes
EX_ac(e),0.06898891218118675,0.1379778243623735
EX_but(e),1.0227896956525284,4.091158782610114
EX_for(e),2.114271183726214,2.114271183726214
EX_glc_D(e),0.00282117,0.01692702
EX_nac(e),0.018861738659771907,0.11317043195863144
