,fluxes,C-fluxes
EX_ac(e),3.4100228955907883,6.820045791181577
EX_asp_L(e),0.1722977199999315,0.689190879999726
EX_but(e),2.503797048878766,10.015188195515064
EX_for(e),6.272562743302927,6.272562743302927
