,fluxes,C-fluxes
EX_ac(e),5.64888334071467,11.29776668142934
EX_but(e),1.9681415329719878,7.872566131887951
EX_for(e),6.651352402709529,6.651352402709529
EX_met_L(e),0.6638518980755056,3.319259490377528
EX_orn(e),0.04366606830858353,0.21833034154291764
EX_succ(e),0.04366606830858353,0.17466427323433412
