,fluxes,C-fluxes
EX_ac(e),2.445311874020224,4.890623748040448
EX_dad_2(e),0.987415153568333,9.87415153568333
EX_gua(e),0.9803829180747339,4.90191459037367
EX_hista(e),0.1273298467047363,0.6366492335236815
EX_lys_L(e),0.9749911706613855,5.849947023968313
EX_orn(e),0.0148989632603753,0.0744948163018765
EX_phe_L(e),0.9623852807249166,8.66146752652425
EX_ppa(e),8.002101106435132,24.006303319305395
EX_trypta(e),0.06824831681758366,0.6824831681758365
