,fluxes,C-fluxes
EX_ac(e),0.8124740181625947,1.6249480363251894
EX_ala_L(e),4.305104706234367,12.915314118703101
EX_hista(e),0.12275533017318765,0.6137766508659382
EX_hxan(e),0.983440279725303,4.917201398626515
EX_lac_L(e),6.95626805993777,20.86880417981331
EX_nac(e),0.999417559186252,5.996505355117511
EX_orn(e),0.03344785215407782,0.1672392607703891
EX_ppa(e),0.4259953136582206,1.2779859409746617
EX_tym(e),0.9726384849187536,7.781107879350029
