,fluxes,C-fluxes
EX_ac(e),0.7549728952717998,1.5099457905435996
EX_ala_L(e),2.2216084989011082,6.664825496703324
EX_for(e),0.005048364122855075,0.005048364122855075
EX_gcald(e),0.0007473067118477645,0.001494613423695529
EX_hista(e),0.13614638567834503,0.6807319283917251
EX_ile_L(e),0.8489335778744859,5.093601467246915
EX_lac_L(e),6.289666193761882,18.868998581285645
EX_succ(e),0.01659090913024443,0.06636363652097772
EX_tym(e),0.9835111518216729,7.868089214573383
