,fluxes,C-fluxes
EX_ac(e),1.7152034021386957,3.4304068042773914
EX_dad_2(e),0.9866295008190611,9.866295008190612
EX_for(e),0.51771770294768,0.51771770294768
EX_lac_L(e),5.977601379606779,17.932804138820337
EX_lys_L(e),0.9775080828537102,5.865048497122261
EX_phe_L(e),0.9564793113169947,8.608313801852953
EX_ppa(e),0.025687027170468682,0.07706108151140605
EX_succ(e),0.025687027170468682,0.10274810868187473
EX_val_L(e),1.3777417948345472,6.888708974172736
