,fluxes,C-fluxes
EX_ac(e),0.2503482794414589,0.5006965588829178
EX_asp_L(e),0.17676001895762178,0.7070400758304871
EX_fum(e),0.0026974678743079063,0.010789871497231625
EX_orn(e),0.1376690023507779,0.6883450117538894
EX_succ(e),0.00046496346626018306,0.0018598538650407323
EX_tyr_L(e),9.994775618269523,89.95298056442572
EX_val_L(e),0.0032967106043081677,0.01648355302154084
