,fluxes,C-fluxes
EX_4hphac(e),0.9737611350793758,7.790089080635006
EX_5mta(e),0.000807288381596916,0.008880172197566077
EX_ac(e),7.884024369473764,15.768048738947527
EX_adn(e),0.00021834610795053687,0.0021834610795053687
EX_dad_2(e),0.9735572160639098,9.735572160639098
EX_for(e),0.06006814274096638,0.06006814274096638
EX_indole(e),0.0527869326758116,0.4222954614064928
EX_lys_L(e),0.937246844447356,5.6234810666841355
EX_ppa(e),10.427902341017319,31.283707023051956
