,fluxes,C-fluxes
EX_ac(e),3.2539641766814844,6.507928353362969
EX_ala_L(e),0.05362504724427568,0.16087514173282702
EX_cys_L(e),0.9958472923786774,2.9875418771360325
EX_for(e),0.7383173168793885,0.7383173168793885
EX_orn(e),0.021033229981371922,0.1051661499068596
