,fluxes,C-fluxes
EX_ac(e),5.334268717676902,10.668537435353803
EX_cys_L(e),0.9900865887079997,2.9702597661239993
EX_for(e),3.9964005806398393,3.9964005806398393
EX_phe_L(e),0.9587765981322207,8.628989383189987
