,fluxes,C-fluxes
EX_ade(e),2.245006714387072,11.225033571935361
EX_for(e),0.002443676633909926,0.002443676633909926
EX_lac_L(e),3.684145892611141,11.052437677833423
EX_nac(e),2.252831110031594,13.516986660189565
EX_ptrc(e),0.9842480898527467,3.936992359410987
EX_ser_L(e),0.1762695018703781,0.5288085056111342
