,fluxes,C-fluxes
EX_ac(e),4.247424487802851,8.494848975605702
EX_ade(e),1.982743433835752,9.91371716917876
EX_dgsn(e),0.9883591321273876,9.883591321273876
EX_for(e),3.6496698163516625,3.6496698163516625
EX_phe_L(e),0.9452592279323229,8.507333051390905
EX_ppa(e),3.2863388332308947,9.859016499692684
EX_ptrc(e),0.9780153180091746,3.9120612720366985
