,fluxes,C-fluxes
EX_ac(e),7.3657557133522475,14.731511426704495
EX_etoh(e),4.481425671742586,8.962851343485172
EX_for(e),10.916634433050177,10.916634433050177
EX_met_L(e),0.34878022571832407,1.7439011285916204
EX_nac(e),0.19558343493790598,1.1735006096274359
EX_orn(e),0.015501512540684532,0.07750756270342266
