,fluxes,C-fluxes
EX_ac(e),12.931079221984144,25.862158443968287
EX_dad_2(e),0.9735158998989677,9.735158998989677
EX_for(e),5.283988747285853,5.283988747285853
