,fluxes,C-fluxes
EX_ac(e),15.197386640443035,30.39477328088607
EX_dad_2(e),1.000550174650265,10.005501746502649
EX_etoh(e),0.5542394472600544,1.1084788945201087
EX_for(e),14.04719034328639,14.04719034328639
EX_ile_L(e),0.010197816713240044,0.061186900279440265
EX_indole(e),0.02981258344268949,0.23850066754151591
EX_nac(e),0.9969842657036485,5.981905594221891
EX_phe_L(e),0.8475962291119666,7.6283660620077
EX_ptrc(e),1.0,4.0
EX_val_L(e),0.3411976774712736,1.705988387356368
