,fluxes,C-fluxes
EX_ac(e),7.805757693715368,15.611515387430735
EX_for(e),4.70832050333179,4.70832050333179
EX_nac(e),0.9991048271344176,5.994628962806505
EX_succ(e),0.9720356430491122,3.8881425721964487
