,fluxes,C-fluxes
EX_4abut(e),0.18,0.72
EX_ac(e),4.7858758236321215,9.571751647264243
EX_for(e),2.13477009983941,2.13477009983941
