,fluxes,C-fluxes
EX_ac(e),1.2006798956308007,2.4013597912616014
EX_adn(e),0.00016748906589409687,0.0016748906589409687
EX_akg(e),0.034812685380928465,0.17406342690464233
EX_for(e),0.23547251814142006,0.23547251814142006
EX_gly(e),0.1556329758459779,0.3112659516919558
