,fluxes,C-fluxes
EX_ac(e),2.834533531439438,5.669067062878876
EX_for(e),2.6254203371468927,2.6254203371468927
EX_hista(e),0.1447106004651542,0.7235530023257709
EX_ptrc(e),1.0,4.0
EX_succ(e),0.4102911553265899,1.6411646213063595
EX_trypta(e),0.07128108426900885,0.7128108426900885
