,fluxes,C-fluxes
EX_12ppd_S(e),0.14898579,0.44695737
EX_ac(e),9.639686044381206,19.27937208876241
EX_etoh(e),5.010146282997036,10.020292565994072
EX_for(e),12.448991869131495,12.448991869131495
EX_ile_L(e),0.8483507831630366,5.0901046989782195
EX_orn(e),0.09960626328234863,0.49803131641174314
EX_succ(e),0.04999213267841745,0.1999685307136698
EX_tma(e),1.0,3.0
