,fluxes,C-fluxes
EX_4abut(e),0.18,0.72
EX_ac(e),14.099219543293291,28.198439086586582
EX_dad_2(e),1.269214759135735,12.692147591357351
EX_dcyt(e),0.9470601532516809,8.523541379265128
EX_etoh(e),2.4501526418620303,4.900305283724061
EX_for(e),8.990972551055485,8.990972551055485
EX_orn(e),0.032223276084674284,0.16111638042337142
EX_ppa(e),0.14898579,0.44695737
EX_tma(e),1.0,3.0
