,fluxes,C-fluxes
EX_2obut(e),0.0004898917913555541,0.0019595671654222165
EX_ac(e),5.397347771838491,10.794695543676982
EX_for(e),4.493829340988349,4.493829340988349
EX_fru(e),0.01128468,0.06770808
EX_glyc(e),0.0014891617238327241,0.004467485171498173
EX_nac(e),0.999541036255173,5.997246217531038
EX_succ(e),0.0022948176797589173,0.00917927071903567
