,fluxes,C-fluxes
EX_ac(e),6.077058625300679,12.154117250601358
EX_dad_2(e),0.9801041954157771,9.801041954157771
EX_etoh(e),3.727044797117614,7.454089594235228
EX_for(e),8.069795686940155,8.069795686940155
TS_thglu_c,0.00011184051459124619,0.0026841723501899086
