,fluxes,C-fluxes
EX_12ppd_S(e),0.29797158,0.89391474
EX_ac(e),19.23273540617383,38.46547081234766
EX_dad_2(e),1.0007454069484774,10.007454069484773
EX_for(e),14.224501804362154,14.224501804362154
EX_gcald(e),2.951754886189071,5.903509772378142
EX_nac(e),0.9964670839941229,5.9788025039647374
EX_phe_L(e),0.7302870593670714,6.572583534303643
EX_ptrc(e),0.9949959075263355,3.979983630105342
