,fluxes,C-fluxes
EX_4abut(e),0.08881384776972502,0.3552553910789001
EX_ac(e),4.017212539803564,8.034425079607129
EX_cys_L(e),0.8487448584971549,2.5462345754914644
EX_etoh(e),2.3495952580121995,4.699190516024399
EX_for(e),0.011417674760433661,0.011417674760433661
EX_lys_L(e),0.9086390366364854,5.451834219818912
EX_orn(e),0.10103233293088405,0.5051616646544203
EX_succ(e),8.274386989099671,33.097547956398685
