,fluxes,C-fluxes
EX_ac(e),6.88194139325987,13.76388278651974
EX_etoh(e),4.727321558925504,9.454643117851008
EX_for(e),10.220874495794686,10.220874495794686
EX_nac(e),0.9984353360076895,5.990612016046137
EX_succ(e),0.7496039493964545,2.998415797585818
