,fluxes,C-fluxes
EX_2obut(e),0.0011317587949880206,0.004527035179952082
EX_ac(e),7.5664759556744015,15.132951911348803
EX_for(e),6.002861751853988,6.002861751853988
EX_fru(e),0.08577757000000001,0.51466542
EX_glyc(e),0.0017752038655577402,0.0053256115966732204
EX_nac(e),0.9994528772518135,5.996717263510881
EX_succ(e),0.002735612358725838,0.010942449434903353
