,fluxes,C-fluxes
EX_ac(e),4.1106405700425785,8.221281140085157
EX_ala_L(e),0.006870843878889963,0.02061253163666989
EX_but(e),0.8346380262980093,3.3385521051920373
EX_for(e),4.977650254665878,4.977650254665878
EX_nac(e),0.062490917505849425,0.37494550503509655
EX_phe_L(e),0.9374010426363768,8.436609383727392
