,fluxes,C-fluxes
EX_ac(e),4.227709629773101,8.455419259546202
EX_but(e),0.901146950276429,3.604587801105716
EX_for(e),5.218744908133455,5.218744908133455
EX_phe_L(e),0.9583988880554006,8.625589992498606
