,fluxes,C-fluxes
EX_ac(e),23.8257172757048,47.6514345514096
EX_dad_2(e),1.0006645865739625,10.006645865739625
EX_for(e),5.247385314268853,5.247385314268853
EX_indole(e),0.048005032986383096,0.38404026389106477
EX_nac(e),0.9965071880615531,5.979043128369319
EX_phe_L(e),0.804667860033097,7.242010740297873
EX_ppa(e),0.05583322255258242,0.16749966765774726
EX_ptrc(e),1.0,4.0
EX_tma(e),1.0,3.0
