,fluxes,C-fluxes
EX_ac(e),23.11065115166717,46.22130230333434
EX_dad_2(e),1.0006432906883518,10.006432906883518
EX_for(e),5.681283999895043,5.681283999895043
EX_indole(e),0.04980080890261085,0.3984064712208868
EX_nac(e),0.9964205733414465,5.978523440048679
EX_phe_L(e),0.8054751990960398,7.249276791864358
EX_ppa(e),0.10536354238874471,0.31609062716623415
EX_ptrc(e),1.0,4.0
