,fluxes,C-fluxes
EX_ac(e),22.003701239383645,44.00740247876729
EX_dad_2(e),1.0007706693136529,10.007706693136528
EX_for(e),7.864843335173296,7.864843335173296
EX_gcald(e),5.064451528165329,10.128903056330659
EX_indole(e),0.04344249810894166,0.34753998487153326
EX_nac(e),0.9961648010131416,5.97698880607885
EX_phe_L(e),0.7449435570337192,6.704492013303472
EX_ppa(e),0.08810525009576546,0.26431575028729637
EX_ptrc(e),1.0,4.0
