,fluxes,C-fluxes
EX_4abut(e),1.0006670560346493,4.002668224138597
EX_ac(e),17.40490419097775,34.8098083819555
EX_dad_2(e),1.0060601468423789,10.060601468423789
EX_for(e),20.24651761046673,20.24651761046673
EX_gcald(e),0.005298788454756616,0.010597576909513231
EX_nac(e),0.9982319160269415,5.989391496161649
EX_phe_L(e),0.6298257581143905,5.668431823029514
EX_ptrc(e),0.9982337371817478,3.992934948726991
