,fluxes,C-fluxes
EX_4abut(e),1.2977536994195724,5.19101479767829
EX_ac(e),16.367927406387924,32.73585481277585
EX_dad_2(e),1.0007783750530361,10.007783750530361
EX_for(e),15.16952884396609,15.16952884396609
EX_indole(e),0.05613002698899115,0.4490402159119292
EX_nac(e),0.9960000525794591,5.976000315476755
EX_phe_L(e),0.733871524074353,6.604843716669176
EX_ptrc(e),1.011418569430032,4.045674277720128
EX_urea(e),0.011418569430032041,0.011418569430032041
