,fluxes,C-fluxes
EX_ac(e),2.8325737097215327,5.665147419443065
EX_but(e),2.5265208962259083,10.106083584903633
EX_for(e),7.79965635081522,7.79965635081522
EX_nac(e),0.13740290673495603,0.8244174404097362
EX_phe_L(e),0.85003270440175,7.65029433961575
