,fluxes,C-fluxes
EX_ac(e),15.268253861497076,30.536507722994152
EX_ade(e),0.0027917279969192784,0.013958639984596392
EX_csn(e),0.9387002745454792,3.754801098181917
EX_for(e),7.633500579834391,7.633500579834391
EX_ile_L(e),0.8502523537959211,5.1015141227755265
EX_orn(e),0.03216090115175856,0.16080450575879282
