,fluxes,C-fluxes
EX_ac(e),2.3785168062188347,4.757033612437669
EX_but(e),1.1384214527514092,4.553685811005637
EX_for(e),4.6149448587507615,4.6149448587507615
EX_malt(e),0.04786034462386207,0.5743241354863449
EX_phe_L(e),0.9456621548092362,8.510959393283127
EX_strch2(e),0.20947874537613792,3.7706174167704827
