,fluxes,C-fluxes
EX_4abut(e),0.049006755027555304,0.19602702011022122
EX_ac(e),6.014935664229545,12.02987132845909
EX_but(e),4.052124664393994,16.208498657575976
EX_for(e),13.46426943753054,13.46426943753054
EX_succ(e),0.01141298634319687,0.04565194537278748
