,fluxes,C-fluxes
EX_ac(e),3.1887428973425807,6.377485794685161
EX_but(e),1.0355910754993207,4.142364301997283
EX_for(e),4.137824528517488,4.137824528517488
