,fluxes,C-fluxes
EX_ac(e),3.6498030311897,7.2996060623794
EX_but(e),1.7204678556624426,6.881871422649771
EX_for(e),5.7484203108975676,5.7484203108975676
EX_gly(e),0.14471674850314228,0.28943349700628457
EX_phe_L(e),0.896409536190022,8.067685825710198
TS_thglu_c,5.692968014501688e-05,0.0013663123234804052
