,fluxes,C-fluxes
EX_ac(e),5.68711473155473,11.37422946310946
EX_for(e),4.103472717848173,4.103472717848173
EX_gln_L(e),0.05330545115315022,0.2665272557657511
EX_gthrd(e),2.0,20.0
EX_phe_L(e),0.9738560209055726,8.764704188150153
EX_rbflvrd(e),0.998775147968814,16.979177515469836
