,fluxes,C-fluxes
EX_ac(e),10.517832088020144,21.03566417604029
EX_but(e),5.235568567015441,20.942274268061762
EX_for(e),19.088411596171085,19.088411596171085
EX_gthrd(e),2.0,20.0
EX_hxan(e),0.5391261638246004,2.6956308191230023
EX_ile_L(e),0.8366304624155919,5.019782774493551
EX_phe_L(e),0.7832265274231256,7.04903874680813
EX_rbflvrd(e),0.9917809795175294,16.860276651798
EX_ura(e),0.8682700650057941,3.4730802600231763
