,fluxes,C-fluxes
EX_2obut(e),0.0005929198577165731,0.0023716794308662925
EX_ac(e),3.0479357995205607,6.095871599041121
EX_ade(e),0.9910613540046067,4.955306770023034
EX_but(e),0.437581050573139,1.750324202292556
EX_dgsn(e),0.0046065238301722915,0.04606523830172292
EX_glyc(e),0.0018065830352440536,0.005419749105732161
EX_orn(e),0.13695663167359956,0.6847831583679977
EX_thymd(e),0.988639238321562,9.88639238321562
