,fluxes,C-fluxes
EX_but(e),1.563658954591581,6.254635818366324
EX_for(e),4.582444205661925,4.582444205661925
EX_gcald(e),0.0013057741528096712,0.0026115483056193423
EX_ppa(e),1.2026877629376145,3.6080632888128434
