,fluxes,C-fluxes
EX_ac(e),5.340029629380163,10.680059258760325
EX_ade(e),1.0939677631261786,5.469838815630893
EX_btoh(e),0.3385295710477063,1.3541182841908252
EX_ch4s(e),1.1580172928196542,1.1580172928196542
EX_dgsn(e),0.9906259904331776,9.906259904331776
EX_for(e),4.5610363087262025,4.5610363087262025
EX_ile_L(e),0.6963953019864899,4.1783718119189395
EX_indole(e),0.07745992781754978,0.6196794225403982
EX_ppa(e),2.330008726992251,6.990026180976754
EX_succ(e),4.07807086419106,16.31228345676424
