,fluxes,C-fluxes
EX_ac(e),19.21496953271338,38.42993906542676
EX_but(e),0.0010692280582318644,0.004276912232927458
EX_indole(e),0.06785728226241916,0.5428582580993533
EX_phe_L(e),0.8394704248365082,7.5552338235285745
