,fluxes,C-fluxes
EX_ac(e),6.962961939984966,13.925923879969933
EX_ade(e),0.9840421429134377,4.9202107145671885
EX_btoh(e),0.7362403375792985,2.944961350317194
EX_but(e),0.5186529837006437,2.074611934802575
EX_dgsn(e),0.9942824212034103,9.942824212034102
EX_for(e),7.95430060015921,7.95430060015921
EX_gly(e),0.9747208674969468,1.9494417349938935
EX_indole(e),0.07915323600231311,0.6332258880185049
EX_ppa(e),1.2046354689705039,3.6139064069115117
