,fluxes,C-fluxes
EX_ac(e),17.037884049832737,34.075768099665474
EX_for(e),0.14582598184132192,0.14582598184132192
EX_gly(e),0.17212957396895506,0.3442591479379101
