,fluxes,C-fluxes
EX_ac(e),3.1079804821999484,6.215960964399897
EX_btoh(e),0.8490920296323226,3.39636811852929
EX_but(e),0.12855209706372211,0.5142083882548885
EX_for(e),0.002686159299580118,0.002686159299580118
EX_gly(e),0.8429722580009008,1.6859445160018016
EX_indole(e),0.07998421673016341,0.6398737338413073
EX_lac_D(e),1.7862057551262591,5.358617265378777
EX_ppa(e),0.2162578888167514,0.6487736664502541
