,fluxes,C-fluxes
EX_ac(e),13.851030555928906,27.702061111857812
EX_dad_2(e),0.9766945753782954,9.766945753782954
EX_indole(e),0.07323039303769134,0.5858431443015307
