,fluxes,C-fluxes
EX_ac(e),4.444095662358586,8.888191324717171
EX_but(e),2.949234018226947,11.796936072907789
EX_for(e),4.463174077394544,4.463174077394544
EX_gly(e),0.9819043099328015,1.963808619865603
EX_indole(e),0.08026537027788871,0.6421229622231097
