,fluxes,C-fluxes
EX_ac(e),8.427731758782985,16.85546351756597
EX_but(e),4.749299458976209,18.997197835904835
EX_for(e),7.281724521430367,7.281724521430367
EX_indole(e),0.06991266420834791,0.5593013136667833
EX_phe_L(e),0.854605040988456,7.691445368896105
