,fluxes,C-fluxes
EX_ac(e),4.328532113134238,8.657064226268476
EX_but(e),3.32425396252444,13.29701585009776
EX_for(e),10.720857841751771,10.720857841751771
EX_gly(e),0.9753260168413709,1.9506520336827418
EX_indole(e),0.08084583877920261,0.6467667102336209
EX_ptrc(e),0.68916536621028,2.75666146484112
EX_succ(e),0.00037287247892246034,0.0014914899156898414
