,fluxes,C-fluxes
EX_ac(e),4.631088790165242,9.262177580330484
EX_but(e),2.8696938867696806,11.478775547078722
EX_for(e),10.296287316498738,10.296287316498738
EX_gly(e),0.9734328050978753,1.9468656101957507
EX_indole(e),0.07852149588035807,0.6281719670428646
