,fluxes,C-fluxes
EX_ac(e),6.359101757570515,12.71820351514103
EX_btoh(e),1.294821041854638,5.179284167418552
EX_but(e),0.08670312087572382,0.3468124835028953
EX_for(e),8.019241116101615,8.019241116101615
EX_gly(e),1.159992744887562,2.319985489775124
EX_indole(e),0.07537936538426168,0.6030349230740935
