,fluxes,C-fluxes
EX_ac(e),7.1071535362430405,14.214307072486081
EX_ade(e),0.9888649123766219,4.94432456188311
EX_btoh(e),0.5914123243168805,2.365649297267522
EX_but(e),0.7754320459640521,3.1017281838562085
EX_dgsn(e),0.9965059688388476,9.965059688388475
EX_for(e),7.880990589280554,7.880990589280554
EX_gly(e),0.973108588722785,1.94621717744557
EX_indole(e),0.07898308404181582,0.6318646723345266
EX_ppa(e),1.2033427275888482,3.610028182766545
