,fluxes,C-fluxes
EX_ac(e),3.276074233969525,6.55214846793905
EX_ade(e),0.984422721881358,4.92211360940679
EX_but(e),3.949972559529607,15.799890238118428
EX_dgsn(e),0.9940969254924455,9.940969254924456
EX_for(e),11.12923593331003,11.12923593331003
EX_gly(e),0.9746634775939654,1.9493269551879309
EX_indole(e),0.0794567739706974,0.6356541917655792
EX_ppa(e),1.1996002336318305,3.5988007008954916
