,fluxes,C-fluxes
EX_ac(e),6.733983539407878,13.467967078815755
EX_btoh(e),0.057932279249970485,0.23172911699988194
EX_but(e),1.8914020966412541,7.5656083865650166
EX_for(e),8.374894714422304,8.374894714422304
EX_indole(e),0.0781918382108796,0.6255347056870368
EX_ppa(e),0.2069906893092509,0.6209720679277527
