,fluxes,C-fluxes
EX_ac(e),5.879577608920201,11.759155217840402
EX_etoh(e),5.428076836831891,10.856153673663782
EX_for(e),10.318518519979092,10.318518519979092
EX_glu_L(e),0.045814671800407325,0.22907335900203663
EX_hista(e),0.131505337184162,0.65752668592081
EX_ile_L(e),0.43599255629650485,2.615955337779029
EX_lys_L(e),0.9122449161471263,5.473469496882758
EX_trypta(e),0.07695077214438353,0.7695077214438353
EX_tym(e),0.9667020506880961,7.733616405504769
