,fluxes,C-fluxes
EX_ac(e),11.315102777386391,22.630205554772783
EX_for(e),9.970074023969321,9.970074023969321
EX_gcald(e),0.0017597088904388824,0.0035194177808777647
EX_hista(e),0.1233187652287413,0.6165938261437065
EX_phe_L(e),1.4592615543543481,13.133353989189134
EX_ppa(e),0.320977082700871,0.962931248102613
EX_trypta(e),0.06268520516815189,0.6268520516815189
EX_tym(e),0.46631334328325064,3.730506746266005
