,fluxes,C-fluxes
EX_ac(e),1.0320535853944948,2.0641071707889895
EX_ch4s(e),0.005362879255141007,0.005362879255141007
EX_gly(e),0.2107910219729679,0.4215820439459358
EX_succ(e),0.0015219951338047485,0.006087980535218994
