,fluxes,C-fluxes
EX_4hphac(e),1.9432071093205818,15.545656874564655
EX_ac(e),2.601716668644437,5.203433337288874
EX_gua(e),0.9541707264800331,4.770853632400166
EX_hista(e),0.0414971951644277,0.2074859758221385
EX_lys_L(e),0.956415367747686,5.738492206486116
EX_ppa(e),12.365289249355213,37.095867748065636
