,fluxes,C-fluxes
EX_cytd(e),0.022739458335757034,0.2046551250218133
EX_for(e),4.176701761765038,4.176701761765038
EX_glu_L(e),0.21201308441795025,1.0600654220897512
EX_glyc(e),0.001085741335822333,0.0032572240074669988
EX_succ(e),1.3943783951824553,5.577513580729821
