,fluxes,C-fluxes
EX_ac(e),1.3445259742240718,2.6890519484481437
EX_for(e),0.0019945457189643172,0.0019945457189643172
EX_glu_L(e),0.008803011654385781,0.044015058271928906
EX_succ(e),0.9484469008131162,3.793787603252465
EX_tyr_L(e),0.005571427501908722,0.0501428475171785
