,fluxes,C-fluxes
EX_ac(e),0.13894851479679193,0.27789702959358387
EX_glu_L(e),0.0002499620181297947,0.0012498100906489736
EX_succ(e),1.0760982635012826,4.30439305400513
