,fluxes,C-fluxes
EX_ac(e),1.5721321110913506,3.1442642221827013
EX_glu_L(e),0.002501833957048021,0.012509169785240104
EX_succ(e),0.7709155261264873,3.083662104505949
