,fluxes,C-fluxes
EX_ala_L(e),0.885897029563287,2.657691088689861
EX_gly(e),0.0007207459845712281,0.0014414919691424562
EX_phe_L(e),0.39837067164240003,3.5853360447816005
EX_succ(e),1.9471792255153701,7.788716902061481
