,fluxes,C-fluxes
EX_ac(e),5.7390245931510275,11.478049186302055
EX_etoh(e),1.5675387408854484,3.135077481770897
EX_for(e),5.87473009111074,5.87473009111074
EX_gly(e),0.11795590255056033,0.23591180510112067
EX_nac(e),0.9987434972481563,5.992460983488938
EX_phe_L(e),0.8998349530034726,8.098514577031253
EX_succ(e),0.5130286154200638,2.0521144616802554
TS_ahcys_c,0.00013314660695865386,0.001864052497421154
