,fluxes,C-fluxes
EX_ac(e),0.9880459374049915,1.976091874809983
EX_glyc(e),0.08563147183889926,0.2568944155166978
EX_ins(e),1.0005186745033645,10.005186745033646
EX_nac(e),0.9998698074037322,5.999218844422393
EX_orn(e),0.1368803312833753,0.6844016564168764
EX_succ(e),0.8629894846184188,3.4519579384736754
EX_trypta(e),0.07915546880424433,0.7915546880424433
