,fluxes,C-fluxes
EX_ac(e),0.16021326883186146,0.3204265376637229
EX_for(e),0.001252104318706061,0.001252104318706061
EX_gly(e),10.177215738940873,20.354431477881747
EX_glyc(e),0.14167495155000076,0.4250248546500023
EX_lac_L(e),0.2837317393947062,0.8511952181841186
TS_co2_c,0.031182704681057168,0.031182704681057168
