,fluxes,C-fluxes
EX_ac(e),1.0221659151111189,2.0443318302222377
EX_cys_L(e),0.9991589836403842,2.9974769509211527
EX_lac_D(e),4.976496912744806,14.929490738234417
EX_nac(e),0.0313824385464197,0.1882946312785182
EX_succ(e),0.18684534829479416,0.7473813931791766
