,fluxes,C-fluxes
EX_5mthf(e),0.03726826058994032,0.7453652117988064
EX_ac(e),0.7027667963387553,1.4055335926775105
EX_for(e),0.006373384782445887,0.006373384782445887
EX_glu_L(e),0.13933114566536597,0.6966557283268299
EX_gly(e),0.03749586176548959,0.07499172353097917
EX_lac_D(e),8.607448795159957,25.82234638547987
