,fluxes,C-fluxes
EX_4abut(e),0.058850546308904225,0.2354021852356169
EX_ac(e),5.115534105042472,10.231068210084944
EX_coprost(e),0.00495795,0.13386465
EX_etoh(e),3.5002638309213148,7.0005276618426295
EX_for(e),7.425851897953292,7.425851897953292
EX_nac(e),0.0772477311884987,0.4634863871309922
EX_succ(e),0.3707996676206765,1.483198670482706
TS_ahcys_c,7.438449218533792e-05,0.001041382890594731
