,fluxes,C-fluxes
EX_ac(e),4.745355512868801,9.490711025737602
EX_succ(e),2.6340044543291943,10.536017817316777
