,fluxes,C-fluxes
EX_ac(e),0.8665154152439377,1.7330308304878754
EX_coprost(e),0.00495795,0.13386465
EX_lac_D(e),8.375283197510035,25.125849592530102
EX_succ(e),0.36102190930311834,1.4440876372124734
