,fluxes,C-fluxes
EX_4abut(e),0.14970415191986075,0.598816607679443
EX_ac(e),1.1684740849545239,2.3369481699090477
EX_ala_L(e),0.0017408515947771241,0.005222554784331372
EX_etoh(e),1.4814837852795357,2.9629675705590715
EX_for(e),0.006232745844053266,0.006232745844053266
EX_lac_D(e),5.266215000838344,15.798645002515034
EX_nac(e),0.9994500872335965,5.996700523401579
