,fluxes,C-fluxes
EX_ac(e),0.691809131062551,1.383618262125102
EX_for(e),0.0018018469096182837,0.0018018469096182837
EX_ile_L(e),0.1823175782310444,1.0939054693862664
EX_lac_D(e),3.5348544307910594,10.604563292373179
EX_nac(e),0.020599957176095366,0.1235997430565722
EX_orn(e),0.011586327403589215,0.05793163701794607
EX_succ(e),0.0025856506124886354,0.010342602449954542
