,fluxes,C-fluxes
EX_4abut(e),0.2794352025000622,1.1177408100002488
EX_ac(e),8.659563979883378,17.319127959766757
EX_cys_L(e),0.9969372991646227,2.990811897493868
EX_etoh(e),1.6132072393385228,3.2264144786770457
EX_for(e),4.370388907117004,4.370388907117004
EX_ile_L(e),0.0705249056208896,0.42314943372533764
EX_lac_L(e),1.3448705359773012,4.034611607931904
EX_lys_L(e),0.9751705527040914,5.851023316224548
EX_succ(e),0.26420643149480616,1.0568257259792246
