,fluxes,C-fluxes
EX_ac(e),1.0932074413129795,2.186414882625959
EX_etoh(e),0.07417999687567843,0.14835999375135686
EX_lac_D(e),9.301290602907226,27.90387180872168
EX_succ(e),0.012504874977805064,0.050019499911220254
