,fluxes,C-fluxes
EX_ac(e),2.8981880842567835,5.796376168513567
EX_etoh(e),3.2685150283061635,6.537030056612327
EX_for(e),6.112537917836054,6.112537917836054
EX_nac(e),0.9993267561954459,5.995960537172675
EX_succ(e),0.35817740297290135,1.4327096118916054
