,fluxes,C-fluxes
EX_ac(e),1.0066314249693573,2.0132628499387146
EX_lac_D(e),9.172383009047756,27.51714902714327
EX_succ(e),0.012209995222159847,0.04883998088863939
