,fluxes,C-fluxes
EX_4abut(e),0.03858067990903691,0.15432271963614763
EX_ac(e),10.695562070783945,21.39112414156789
EX_etoh(e),4.258890636667943,8.517781273335887
EX_for(e),9.22711294235531,9.22711294235531
TS_ahcys_c,9.014616728661891e-05,0.0012620463420126647
