,fluxes,C-fluxes
EX_12ppd_S(e),0.14898579,0.44695737
EX_4abut(e),0.06253867857384739,0.25015471429538955
EX_ac(e),7.562786985323753,15.125573970647507
EX_etoh(e),4.727141612774627,9.454283225549254
EX_for(e),11.298274763116744,11.298274763116744
EX_succ(e),0.6288039082067078,2.5152156328268314
TS_ahcys_c,0.00011159415475607987,0.0015623181665851181
