,fluxes,C-fluxes
EX_ac(e),0.3833474090737089,0.7666948181474178
EX_etoh(e),0.04684678309335361,0.09369356618670723
EX_lac_D(e),4.565832872204034,13.697498616612101
EX_nac(e),0.028013672008453654,0.16808203205072192
EX_succ(e),0.4171675310013178,1.6686701240052713
