,fluxes,C-fluxes
EX_ac(e),7.176297007665554,14.352594015331109
EX_etoh(e),4.649193626223566,9.298387252447132
EX_for(e),10.373270585178673,10.373270585178673
