,fluxes,C-fluxes
EX_ac(e),7.0085111821744865,14.017022364348973
EX_ade(e),0.9245221575714397,4.622610787857199
EX_etoh(e),3.413282163083209,6.826564326166418
EX_gua(e),0.9605315578698926,4.802657789349463
EX_met_L(e),0.8539592571712773,4.269796285856387
EX_succ(e),10.180256357657957,40.721025430631826
