,fluxes,C-fluxes
EX_4abut(e),0.020346206687147806,0.08138482674859122
EX_5mthf(e),0.9940924397718981,19.88184879543796
EX_ac(e),15.166075480664285,30.33215096132857
EX_etoh(e),2.1176489348014274,4.235297869602855
EX_for(e),9.029696744108378,9.029696744108378
EX_succ(e),0.009845933713503084,0.03938373485401234
