,fluxes,C-fluxes
EX_ac(e),2.8521261365064183,5.704252273012837
EX_cys_L(e),0.037214931947021954,0.11164479584106586
EX_etoh(e),3.563855057265226,7.127710114530452
EX_for(e),6.342273755834071,6.342273755834071
