,fluxes,C-fluxes
EX_ac(e),0.5149100864591505,1.029820172918301
EX_for(e),0.0024179786278988886,0.0024179786278988886
EX_ile_L(e),0.195271002077159,1.171626012462954
EX_lac_D(e),3.2598439280752225,9.779531784225668
EX_nac(e),0.017883089471152202,0.1072985368269132
EX_orn(e),0.008610719839005177,0.04305359919502588
EX_succ(e),0.003730504781937158,0.014922019127748633
