,fluxes,C-fluxes
EX_ac(e),4.558132913389696,9.116265826779392
EX_etoh(e),2.519899183715209,5.039798367430418
EX_for(e),6.161331774024237,6.161331774024237
EX_nac(e),0.062003368458370414,0.3720202107502225
EX_succ(e),0.13275017627003183,0.5310007050801273
