,fluxes,C-fluxes
EX_ac(e),9.265485176214565,18.53097035242913
EX_etoh(e),5.549398408230336,11.098796816460672
EX_for(e),11.958250320309498,11.958250320309498
EX_succ(e),0.029398466597463705,0.11759386638985482
