,fluxes,C-fluxes
EX_ac(e),1.6822799336044787,3.3645598672089574
EX_ade(e),1.1014465072713564,5.507232536356782
EX_etoh(e),1.1703837678574172,2.3407675357148343
EX_gua(e),0.9908896117514803,4.954448058757402
EX_lac_D(e),4.73010277975879,14.190308339276369
EX_met_L(e),0.983378557417512,4.91689278708756
EX_orn(e),0.15,0.75
