,fluxes,C-fluxes
EX_ac(e),16.96239024939447,33.92478049878894
EX_etoh(e),2.2663545312557862,4.5327090625115725
EX_for(e),9.764128540894275,9.764128540894275
EX_succ(e),1.4345135416384414,5.738054166553765
