,fluxes,C-fluxes
EX_4abut(e),0.12719829110422823,0.5087931644169129
EX_ac(e),5.148220221367587,10.296440442735173
EX_coprost(e),0.00495795,0.13386465
EX_etoh(e),3.546330951651509,7.092661903303018
EX_for(e),7.512957530248429,7.512957530248429
EX_nac(e),0.07797739556391198,0.46786437338347187
EX_succ(e),0.36647959326514207,1.4659183730605683
TS_ahcys_c,8.068728277555613e-05,0.0011296219588577858
