,fluxes,C-fluxes
EX_coprost(e),0.00495795,0.13386465
EX_lac_D(e),2.908891653367434,8.726674960102303
EX_succ(e),0.0009126158607690913,0.003650463443076365
