,fluxes,C-fluxes
EX_4abut(e),0.9945835901743976,3.9783343606975903
EX_ac(e),0.9848531396953312,1.9697062793906623
EX_for(e),0.00112932574583138,0.00112932574583138
EX_lac_D(e),3.9957611546681844,11.987283464004554
EX_orn(e),0.01296447842943174,0.0648223921471587
