,fluxes,C-fluxes
EX_ac(e),1.053176113774757,2.106352227549514
EX_coprost(e),0.00495795,0.13386465
EX_lac_D(e),9.379924871568239,28.139774614704717
EX_succ(e),0.30498578471376386,1.2199431388550555
