,fluxes,C-fluxes
EX_ac(e),5.871910195376786,11.743820390753571
EX_adn(e),0.00017373907944341862,0.0017373907944341863
EX_gcald(e),0.0005844183218548328,0.0011688366437096656
EX_phe_L(e),0.41545106033360935,3.739059543002484
EX_succ(e),0.00029221068901172907,0.0011688427560469163
