,fluxes,C-fluxes
EX_ac(e),7.43607373034083,14.87214746068166
EX_dcyt(e),0.9685151372775638,8.716636235498074
EX_lac_D(e),6.8160634905781095,20.44819047173433
EX_lys_L(e),0.9590666955145313,5.754400173087188
EX_nac(e),0.14492740797994147,0.8695644478796488
EX_orn(e),0.21760558142858108,1.0880279071429053
EX_succ(e),0.14829857949430644,0.5931943179772258
