,fluxes,C-fluxes
EX_12ppd_S(e),0.14898579,0.44695737
EX_ac(e),12.73476105692999,25.46952211385998
EX_dad_2(e),0.9638159997916146,9.638159997916146
EX_etoh(e),2.4775234270828843,4.955046854165769
EX_for(e),9.536003094446434,9.536003094446434
EX_nac(e),0.9980983112742104,5.9885898676452625
EX_pro_L(e),0.08263164703405626,0.4131582351702813
