,fluxes,C-fluxes
EX_12ppd_S(e),0.14898579,0.44695737
EX_4abut(e),0.18,0.72
EX_ac(e),7.099924029204804,14.199848058409607
EX_etoh(e),5.263681635821799,10.527363271643598
EX_for(e),10.813709799655463,10.813709799655463
EX_gcald(e),0.004199159314581719,0.008398318629163438
EX_succ(e),0.0027994395430544793,0.011197758172217917
