,fluxes,C-fluxes
EX_12ppd_S(e),0.14898579,0.44695737
EX_4abut(e),0.18,0.72
EX_ac(e),7.099730935518064,14.199461871036128
EX_etoh(e),5.263785629328497,10.527571258656995
EX_for(e),10.81374916265139,10.81374916265139
EX_gcald(e),0.004199366830036736,0.008398733660073472
EX_succ(e),0.0027995778866911573,0.011198311546764629
