,fluxes,C-fluxes
EX_12ppd_S(e),0.14898579,0.44695737
EX_4abut(e),0.18,0.72
EX_ac(e),7.9330162931073245,15.866032586214649
EX_etoh(e),4.768746198963972,9.537492397927943
EX_for(e),10.52678652999865,10.52678652999865
EX_pro_L(e),0.010164343754022738,0.05082171877011369
EX_succ(e),0.0027779477489572957,0.011111790995829183
