,fluxes,C-fluxes
EX_12ppd_S(e),0.14898579,0.44695737
EX_4abut(e),0.18,0.72
EX_ac(e),7.09736096390894,14.19472192781788
EX_etoh(e),5.25802456107031,10.51604912214062
EX_for(e),10.803165375458923,10.803165375458923
EX_gcald(e),0.0042000849433080694,0.008400169886616139
EX_succ(e),0.0028000566288720464,0.011200226515488186
