,fluxes,C-fluxes
EX_12ppd_S(e),0.14898579,0.44695737
EX_4abut(e),0.18,0.72
EX_ac(e),7.10251850825995,14.2050370165199
EX_etoh(e),5.2609320456230595,10.521864091246119
EX_for(e),10.813443859068373,10.813443859068373
EX_gcald(e),0.00419976571903092,0.00839953143806184
EX_succ(e),0.00279984381268728,0.01119937525074912
