,fluxes,C-fluxes
EX_12ppd_S(e),0.14898579,0.44695737
EX_4abut(e),0.18,0.72
EX_ac(e),7.101886233933578,14.203772467867156
EX_etoh(e),5.261360558461096,10.522721116922192
EX_for(e),10.81349798678124,10.81349798678124
EX_gcald(e),0.00419917533316438,0.00839835066632876
EX_succ(e),0.002799450222109587,0.011197800888438348
