,fluxes,C-fluxes
EX_4abut(e),0.08867766681519887,0.3547106672607955
EX_ac(e),14.279326482289797,28.558652964579593
EX_dad_2(e),1.953459780570618,19.53459780570618
EX_dcyt(e),0.22128197191194898,1.9915377472075408
EX_gly(e),9.15298904213465,18.3059780842693
EX_lys_L(e),0.8736229559365485,5.2417377356192905
EX_pro_L(e),0.9445802020164338,4.722901010082169
EX_trypta(e),0.060681111136054275,0.6068111113605428
EX_tym(e),0.9693475214850605,7.754780171880484
