,fluxes,C-fluxes
EX_ac(e),10.062171042939532,20.124342085879064
EX_for(e),2.3959826267875384,2.3959826267875384
EX_gly(e),1.0535518606085557,2.1071037212171113
EX_pro_L(e),0.00277808236362877,0.013890411818143851
EX_succ(e),0.02335053770247221,0.09340215080988884
