,fluxes,C-fluxes
EX_ac(e),6.983163684982416,13.966327369964832
EX_ade(e),0.9724793750998125,4.862396875499063
EX_but(e),0.23776032016282345,0.9510412806512938
EX_dgsn(e),0.9850263584102852,9.850263584102851
EX_lys_L(e),0.9557227377443775,5.734336426466266
EX_ptrc(e),0.9570538756537968,3.8282155026151874
EX_succ(e),0.05556518570558558,0.22226074282234232
