,fluxes,C-fluxes
EX_ac(e),7.060258979940004,14.120517959880008
EX_hista(e),0.13585743231918562,0.6792871615959282
EX_tym(e),0.9807139174463178,7.845711339570542
