,fluxes,C-fluxes
EX_ac(e),0.19025157415071167,0.38050314830142334
