,fluxes,C-fluxes
EX_ac(e),0.0021428537815907666,0.004285707563181533
EX_for(e),0.0015510687546695043,0.0015510687546695043
EX_glu_L(e),0.09145496266677178,0.4572748133338589
EX_ile_L(e),0.7264962266508075,4.358977359904845
EX_lac_L(e),4.606941053235234,13.820823159705702
EX_lys_L(e),0.9960045070977105,5.976027042586263
EX_ppa(e),0.12270336300081086,0.3681100890024326
EX_succ(e),0.12283601155568709,0.49134404622274835
