,fluxes,C-fluxes
EX_ac(e),6.067442862823167,12.134885725646335
EX_acald(e),1.1522602719029358,2.3045205438058716
EX_for(e),1.5997834571309035,1.5997834571309035
EX_ppa(e),1.409632516413832,4.228897549241496
EX_succ(e),0.514272940441755,2.05709176176702
EX_trypta(e),0.07503573023533261,0.7503573023533261
EX_tym(e),0.9794026856799994,7.8352214854399955
EX_ura(e),0.9645417094534693,3.858166837813877
