,fluxes,C-fluxes
EX_ac(e),11.237295086575212,22.474590173150425
EX_for(e),10.760989919881546,10.760989919881546
EX_nac(e),0.9967126714749683,5.98027602884981
EX_phe_L(e),0.7805978655535498,7.0253807899819485
EX_succ(e),0.8219531570193288,3.2878126280773152
