,fluxes,C-fluxes
EX_ac(e),3.2892332109371107,6.5784664218742215
EX_for(e),4.20240724452477,4.20240724452477
EX_orn(e),0.11315280467359798,0.5657640233679899
EX_phe_L(e),0.9496754333269701,8.547078899942731
EX_ppa(e),1.1781864949655827,3.5345594848967483
EX_succ(e),1.966822218297333,7.867288873189332
