,fluxes,C-fluxes
EX_ac(e),7.904910712712698,15.809821425425396
EX_hista(e),0.1087405637427613,0.5437028187138064
EX_nac(e),0.9988505309551284,5.993103185730771
EX_ppa(e),9.068433605526707,27.20530081658012
EX_trypta(e),0.044706650140788284,0.44706650140788284
EX_tym(e),0.9521606456096507,7.617285164877206
EX_ura(e),0.9890696841663129,3.9562787366652516
