,fluxes,C-fluxes
EX_ac(e),2.521986861007273,5.043973722014546
EX_for(e),0.008923350234204735,0.008923350234204735
EX_hista(e),0.13623663045589532,0.6811831522794766
EX_ppa(e),3.244807937865668,9.734423813597004
EX_succ(e),0.8062847655086155,3.225139062034462
EX_trypta(e),0.07069451748162121,0.7069451748162121
EX_tym(e),0.9878364821697965,7.902691857358372
