,fluxes,C-fluxes
EX_ac(e),5.295809584436792,10.591619168873583
EX_for(e),5.352216670743818,5.352216670743818
EX_glyc(e),0.15062938305977458,0.45188814917932374
EX_hista(e),0.14572767435811343,0.7286383717905671
EX_ile_L(e),0.018753970260257345,0.11252382156154407
EX_phe_L(e),0.9764084730690719,8.787676257621646
EX_succ(e),1.0660838872459906,4.264335548983962
EX_trypta(e),0.08062530565127587,0.8062530565127588
