,fluxes,C-fluxes
EX_ac(e),1.1475311735915257,2.2950623471830514
EX_for(e),0.0014643280370961731,0.0014643280370961731
EX_glyc(e),0.029295295824062886,0.08788588747218866
EX_succ(e),1.264307701514048,5.057230806056192
EX_tym(e),0.4101865876260223,3.2814927010081782
