,fluxes,C-fluxes
EX_ac(e),0.6164225941054777,1.2328451882109555
EX_for(e),0.0019904463230082806,0.0019904463230082806
EX_glyclt(e),0.6316513591500886,1.2633027183001773
EX_lac_L(e),1.4524050419498549,4.357215125849565
EX_phe_L(e),0.9901399658877588,8.911259692989828
EX_succ(e),0.11992072764217719,0.47968291056870876
EX_val_L(e),0.2738071439096216,1.369035719548108
