,fluxes,C-fluxes
EX_ac(e),3.578151375839032,7.156302751678064
EX_for(e),3.636109395655291,3.636109395655291
EX_gcald(e),0.0005074064260791796,0.0010148128521583592
EX_glyc(e),0.15073061920229006,0.4521918576068702
EX_hista(e),0.1440270731220185,0.7201353656100926
EX_succ(e),1.3761988356243275,5.50479534249731
EX_tym(e),0.7760550040673773,6.208440032539018
