,fluxes,C-fluxes
EX_ac(e),0.5693806628102035,1.138761325620407
EX_gly(e),0.22315619440974133,0.44631238881948265
EX_xan(e),0.0012505721776559123,0.006252860888279562
