,fluxes,C-fluxes
EX_ac(e),3.442070238597801,6.884140477195602
EX_acald(e),1.989690413846903,3.979380827693806
EX_ade(e),2.7080506669090467,13.540253334545234
EX_for(e),4.9611795031842725,4.9611795031842725
EX_gua(e),0.8929982624362294,4.464991312181147
EX_indole(e),0.06306787797233522,0.5045430237786818
EX_phe_L(e),0.8430001345111167,7.58700121060005
EX_ppa(e),3.740701150130208,11.222103450390623
EX_succ(e),3.927196611693625,15.7087864467745
