,fluxes,C-fluxes
EX_ac(e),2.8625062219003534,5.725012443800707
EX_but(e),1.1864205109851222,4.745682043940489
EX_dad_2(e),0.007901318063540002,0.07901318063540003
EX_for(e),2.1540361435388773,2.1540361435388773
EX_gcald(e),0.001011172661903206,0.002022345323806412
EX_indole(e),0.07944398760021447,0.6355519008017158
