,fluxes,C-fluxes
EX_ac(e),4.587483160685602,9.174966321371205
EX_for(e),0.44897841244123704,0.44897841244123704
EX_gly(e),1.638548053982317,3.277096107964634
EX_phe_L(e),0.9885854977365984,8.897269479629387
