,fluxes,C-fluxes
EX_ac(e),13.961710070419983,27.923420140839966
EX_for(e),14.696218848748622,14.696218848748622
EX_gcald(e),0.008053698883141603,0.016107397766283206
EX_hista(e),0.09010932679611457,0.4505466339805728
EX_tym(e),0.9284207764653921,7.427366211723137
