,fluxes,C-fluxes
EX_ac(e),15.300550792353944,30.601101584707887
EX_ala_L(e),1.2238612149999768,3.6715836449999304
EX_for(e),14.05227438158148,14.05227438158148
EX_gcald(e),0.010939169070751532,0.021878338141503063
EX_hista(e),0.11038616249332713,0.5519308124666357
EX_tym(e),0.9181685558881361,7.3453484471050885
EX_ura(e),0.9566987813405712,3.8267951253622847
