,fluxes,C-fluxes
EX_ac(e),7.139025174111385,14.27805034822277
EX_dad_2(e),1.446397271127997,14.463972711279972
EX_dcyt(e),0.9695473454396861,8.725926108957175
EX_for(e),7.785320316094497,7.785320316094497
EX_ins(e),0.5365349653593782,5.365349653593782
EX_phe_L(e),0.8850244617893104,7.965220156103793
EX_ppa(e),0.38429238321298137,1.152877149638944
EX_pro_L(e),0.09490000131090318,0.47450000655451585
TS_2ommb_c,0.0004028835270013139,0.019338409296063067
