,fluxes,C-fluxes
EX_12ppd_S(e),0.05392961084822616,0.16178883254467846
EX_ac(e),10.440969119558758,20.881938239117517
EX_dad_2(e),0.03893290094119369,0.38932900941193693
EX_for(e),10.526232684429813,10.526232684429813
EX_gcald(e),0.003975681898527326,0.007951363797054653
EX_ins(e),0.9230013967274838,9.230013967274838
EX_pac(e),0.8984143386793012,7.18731470943441
EX_ppa(e),6.189681957724563,18.56904587317369
EX_ptrc(e),0.07536726716433181,0.30146906865732725
