,fluxes,C-fluxes
EX_12ppd_S(e),0.14898579,0.44695737
EX_ac(e),8.989693182281659,17.979386364563318
EX_ade(e),1.0002419030211307,5.0012095151056535
EX_arab_L(e),0.00201572,0.0100786
EX_cys_L(e),0.34105712021122014,1.0231713606336603
EX_for(e),9.095738155834933,9.095738155834933
EX_ocdca(e),2.0,36.0
EX_ppa(e),5.409765109817454,16.229295329452363
EX_pydxn(e),0.9978858554225623,7.983086843380498
