,fluxes,C-fluxes
EX_4abut(e),0.04586628730545302,0.1834651492218121
EX_ac(e),2.2718929720727234,4.543785944145447
EX_for(e),1.2923489680818492,1.2923489680818492
TS_lipoate_c,0.0020797483809408142,0.016637987047526514
