,fluxes,C-fluxes
EX_ac(e),0.7609945010924766,1.5219890021849531
EX_ala_L(e),1.5202786939314128,4.560836081794238
EX_etoh(e),0.5480123202998117,1.0960246405996235
EX_for(e),0.004263232011911091,0.004263232011911091
EX_lac_D(e),6.8393662291705875,20.518098687511763
EX_lys_L(e),0.9616780331931294,5.770068199158777
EX_orn(e),0.12719182000252047,0.6359591000126024
EX_succ(e),0.39078244166290077,1.563129766651603
