,fluxes,C-fluxes
EX_ac(e),1.1857044611944425,2.371408922388885
EX_lac_D(e),0.9701835403501522,2.9105506210504566
EX_lys_L(e),9.978093059717274,59.868558358303645
EX_succ(e),0.006283080081720219,0.025132320326880876
