,fluxes,C-fluxes
EX_acald(e),0.21013093025621674,0.42026186051243347
EX_ade(e),1.0413640480571476,5.2068202402857375
EX_but(e),2.5345470493541797,10.138188197416719
EX_dgsn(e),0.9980987062628232,9.980987062628232
EX_succ(e),1.4137228521987293,5.654891408794917
