,fluxes,C-fluxes
EX_acald(e),0.020376692254844512,0.040753384509689024
EX_ade(e),1.0218181178312538,5.109090589156269
EX_but(e),1.636783068479129,6.547132273916516
EX_dcyt(e),0.5681814754069553,5.113633278662598
EX_gly(e),0.026552994085201252,0.053105988170402504
EX_gsn(e),0.5940130501057671,5.940130501057671
EX_indole(e),0.08082293446534308,0.6465834757227447
EX_orn(e),0.13897063121183492,0.6948531560591746
EX_succ(e),0.48135644602042765,1.9254257840817106
