,fluxes,C-fluxes
EX_ac(e),5.294828569940449,10.589657139880899
EX_ade(e),1.9907206074572494,9.953603037286246
EX_for(e),5.439898997023028,5.439898997023028
EX_gcald(e),0.002484767450653521,0.004969534901307042
EX_glc_D(e),0.4197081158962677,2.5182486953776064
EX_glyc(e),0.008544422352513707,0.02563326705754112
EX_ppa(e),3.5849281984989165,10.75478459549675
EX_succ(e),0.5192778273411727,2.0771113093646907
