,fluxes,C-fluxes
EX_ac(e),0.18588660939495769,0.37177321878991537
EX_ade(e),1.6546946253386974,8.273473126693487
EX_cys_L(e),0.9936541490723938,2.9809624472171814
EX_for(e),0.0030895946813798373,0.0030895946813798373
EX_glyc(e),0.0018174278298807352,0.005452283489642206
EX_lys_L(e),0.7926950536402043,4.756170321841226
EX_ser_L(e),1.7590989647716733,5.27729689431502
EX_succ(e),1.8174263102120465,7.269705240848186
