,fluxes,C-fluxes
EX_12ppd_S(e),0.14898579,0.44695737
EX_ac(e),13.887760159695137,27.775520319390274
EX_for(e),9.620852732612443,9.620852732612443
EX_gly(e),0.9068583907024085,1.813716781404817
EX_hxan(e),0.9612988547100975,4.806494273550487
EX_lys_L(e),0.9110805360612866,5.4664832163677195
EX_phe_L(e),0.9152561436770508,8.237305293093456
EX_ppa(e),11.327188171430867,33.9815645142926
