,fluxes,C-fluxes
EX_ac(e),7.827589552452988,15.655179104905976
EX_acald(e),0.17894566980345233,0.35789133960690467
EX_for(e),9.424310315622536,9.424310315622536
EX_hxan(e),0.9611625964336381,4.805812982168191
EX_lys_L(e),0.9468690711709045,5.681214427025427
EX_orn(e),0.019518096185928827,0.09759048092964413
EX_phe_L(e),0.885236827324161,7.967131445917449
EX_ppa(e),5.677956121251663,17.03386836375499
TS_copre5b_c,0.0001627198034523506,0.006996951548451076
