,fluxes,C-fluxes
EX_ac(e),9.86082353537466,19.72164707074932
EX_ade(e),0.9428685063827983,4.714342531913991
EX_for(e),14.304346308665778,14.304346308665778
EX_phe_L(e),0.9133496228639754,8.220146605775778
EX_ppa(e),5.7062695833813475,17.11880875014404
EX_thymd(e),0.9462051476609984,9.462051476609984
