,fluxes,C-fluxes
EX_ac(e),8.01856754256923,16.03713508513846
EX_acald(e),0.17878295,0.3575659
EX_for(e),12.507345019697022,12.507345019697022
EX_hxan(e),0.9499563012281672,4.749781506140836
EX_indole(e),0.05843431481250428,0.46747451850003424
EX_lys_L(e),0.9386833013589978,5.632099808153987
EX_phe_L(e),0.8616214497956232,7.754593048160609
EX_ppa(e),7.453667756400421,22.361003269201262
EX_ura(e),0.9431401497501147,3.772560599000459
