,fluxes,C-fluxes
EX_ac(e),10.329082231935658,20.658164463871316
EX_etoh(e),0.015306619784120267,0.030613239568240535
EX_for(e),10.137795519702149,10.137795519702149
EX_indole(e),0.06930869041567873,0.5544695233254299
EX_nac(e),0.997640158311722,5.985840949870332
EX_ppa(e),0.03393114738719384,0.10179344216158152
EX_ttdca(e),0.24992665262424432,3.4989731367394206
