,fluxes,C-fluxes
EX_ac(e),10.590444297984646,21.180888595969293
EX_ala_L(e),0.0025842927836114485,0.0077528783508343455
EX_for(e),9.807744808550497,9.807744808550497
EX_indole(e),0.06516328038674946,0.5213062430939956
EX_nac(e),0.9975819173794868,5.98549150427692
EX_ttdca(e),0.22092566931804636,3.092959370452649
