,fluxes,C-fluxes
EX_ac(e),7.420515223118961,14.841030446237921
EX_ala_L(e),0.0023065434195026478,0.006919630258507944
EX_for(e),6.258632064221669,6.258632064221669
EX_nac(e),0.9976934565804974,5.986160739482984
