,fluxes,C-fluxes
EX_4hphac(e),0.9242985831533992,7.3943886652271935
EX_ac(e),22.597457721571065,45.19491544314213
EX_dad_2(e),0.0026078113401694436,0.026078113401694435
EX_for(e),0.028875544994722387,0.028875544994722387
EX_nac(e),0.9982097210895174,5.989258326537104
TS_fadh2_c,9.998203586975809,269.95149684834684
