,fluxes,C-fluxes
EX_ac(e),4.459378294845664,8.918756589691329
EX_ala_L(e),1.1852766609654366,3.55582998289631
EX_gly(e),0.1336020757604549,0.2672041515209098
EX_hista(e),0.024134058636948782,0.12067029318474391
EX_lac_D(e),2.3973950815924323,7.192185244777297
EX_ncam(e),0.9993967225155008,5.996380335093005
EX_orn(e),0.08119066539713196,0.4059533269856598
EX_ppa(e),1.000000005450299,3.0000000163508975
EX_tym(e),0.9710841186047862,7.768672948838289
