,fluxes,C-fluxes
EX_ac(e),5.759698373069257,11.519396746138513
EX_etoh(e),0.9223184494961782,1.8446368989923565
EX_for(e),4.807208740265721,4.807208740265721
EX_nac(e),0.9991222258779703,5.9947333552678215
EX_phe_L(e),0.9268706244956931,8.341835620461238
EX_succ(e),0.4545881980163131,1.8183527920652525
