,fluxes,C-fluxes
EX_ac(e),1.9129893782665688,3.8259787565331376
EX_ade(e),0.522326579377526,2.61163289688763
EX_dgsn(e),0.4830204112542163,4.830204112542163
EX_for(e),2.503643275399552,2.503643275399552
EX_gly(e),0.16944274444275717,0.33888548888551434
EX_orn(e),0.11916978393789125,0.5958489196894563
EX_pac(e),0.4125532682189775,3.30042614575182
EX_phe_L(e),0.5597545045622204,5.037790541059984
EX_ppa(e),2.677295948911576,8.031887846734728
