,fluxes,C-fluxes
EX_ac(e),7.302928435749427,14.605856871498855
EX_gua(e),1.9500278855168474,9.750139427584237
EX_hista(e),0.10658640235142937,0.5329320117571469
EX_phe_L(e),0.9230778093335333,8.3077002840018
EX_ppa(e),5.369137824087577,16.10741347226273
EX_succ(e),0.576639982030862,2.306559928123448
EX_trypta(e),0.03900233229405038,0.3900233229405038
EX_tym(e),0.9523947155216572,7.619157724173258
