,fluxes,C-fluxes
EX_ac(e),8.81250354474574,17.62500708949148
EX_but(e),3.8584376899167534,15.433750759667014
EX_for(e),15.052196791378627,15.052196791378627
