,fluxes,C-fluxes
EX_ac(e),3.0035480587865537,6.0070961175731075
EX_for(e),0.0038142750990497088,0.0038142750990497088
EX_succ(e),0.24185740210097711,0.9674296084039085
