,fluxes,C-fluxes
EX_ac(e),4.254130380174424,8.508260760348849
EX_for(e),0.006727653675260685,0.006727653675260685
EX_lac_L(e),1.684011132154146,5.052033396462438
EX_lys_L(e),0.5550641288242224,3.3303847729453344
EX_phe_L(e),0.9588593160684596,8.629733844616137
EX_succ(e),1.2538786781387374,5.01551471255495
