,fluxes,C-fluxes
EX_ac(e),1.8343741961747437,3.6687483923494875
EX_etoh(e),0.5864428386586099,1.1728856773172198
EX_for(e),2.0255674829157484,2.0255674829157484
EX_gly(e),0.19766660001732833,0.39533320003465666
EX_succ(e),0.004198187719577161,0.016792750878308643
