,fluxes,C-fluxes
EX_but(e),0.9790707640158601,3.9162830560634405
EX_gly(e),0.12383895252007104,0.2476779050401421
EX_nac(e),0.9994741835153187,5.996845101091912
EX_orn(e),0.022065753553077605,0.11032876776538802
EX_succ(e),1.579641654664579,6.318566618658316
EX_ura(e),0.8280922927548461,3.3123691710193843
