,fluxes,C-fluxes
EX_ac(e),3.504645526756863,7.009291053513726
EX_ade(e),1.0007673629108065,5.003836814554033
EX_etoh(e),1.7247013067580979,3.4494026135161957
EX_for(e),4.300515766480913,4.300515766480913
EX_fuc_L(e),0.000789,0.004734
EX_gal(e),0.0014202,0.0085212
EX_met_L(e),0.9785338755307843,4.892669377653921
EX_pro_L(e),0.0007181592239666162,0.0035907961198330812
EX_succ(e),0.03485848572429399,0.13943394289717595
