,fluxes,C-fluxes
EX_ac(e),3.9730262970088583,7.946052594017717
EX_etoh(e),1.5528570384630282,3.1057140769260565
EX_for(e),4.2110844525641475,4.2110844525641475
EX_pro_L(e),0.049169290126244505,0.2458464506312225
