,fluxes,C-fluxes
EX_ac(e),9.791261375419563,19.582522750839125
EX_etoh(e),2.7043088800501778,5.4086177601003556
EX_for(e),10.086665849622364,10.086665849622364
EX_ppa(e),0.05669063550292957,0.1700719065087887
