,fluxes,C-fluxes
EX_ac(e),1.0329433367958916,2.065886673591783
EX_etoh(e),0.01485609655998211,0.02971219311996422
EX_for(e),0.8219081233586323,0.8219081233586323
EX_gly(e),0.2169224059903952,0.4338448119807904
EX_nac(e),0.001278509373475712,0.007671056240854273
EX_phe_L(e),0.9958761359195141,8.962885223275627
