,fluxes,C-fluxes
EX_ac(e),5.336368031482569,10.672736062965138
EX_etoh(e),4.124091573516555,8.24818314703311
EX_for(e),9.599815998742024,9.599815998742024
EX_nac(e),0.13296879734943695,0.7978127840966217
EX_succ(e),0.004890772814474705,0.01956309125789882
