,fluxes,C-fluxes
EX_ac(e),1.1942946670439443,2.3885893340878885
EX_ade(e),0.0009256210198081525,0.004628105099040762
EX_dcyt(e),0.0028888989309101194,0.026000090378191076
EX_for(e),0.38332599916550025,0.38332599916550025
EX_gln_L(e),0.16613363109857934,0.8306681554928967
EX_glyc(e),0.0005658440944609272,0.0016975322833827815
EX_orn(e),0.14573881838238173,0.7286940919119087
EX_trypta(e),0.054568137186050476,0.5456813718605048
