,fluxes,C-fluxes
EX_ac(e),13.728691699008529,27.457383398017058
EX_dad_2(e),0.958532116913137,9.58532116913137
EX_etoh(e),2.4390211566208833,4.8780423132417665
EX_for(e),14.958547137216026,14.958547137216026
EX_gln_L(e),0.81161621189946,4.0580810594973
EX_ile_L(e),0.9879438373200148,5.927663023920089
EX_lys_L(e),0.9051991681178388,5.431195008707033
EX_orn(e),0.15,0.75
EX_val_L(e),0.46551082323667065,2.3275541161833533
