,fluxes,C-fluxes
EX_ac(e),12.345457333462454,24.690914666924908
EX_dad_2(e),0.9528448601458972,9.528448601458972
EX_dcyt(e),0.9541792834912963,8.587613551421667
EX_for(e),13.594297334410419,13.594297334410419
EX_gcald(e),0.00921775627826578,0.01843551255653156
EX_ile_L(e),0.787873648344894,4.727241890069364
EX_lys_L(e),0.8691899345130192,5.215139607078115
EX_orn(e),0.07789383737785537,0.38946918688927684
EX_succ(e),2.467186569340676,9.868746277362703
