,fluxes,C-fluxes
EX_ac(e),15.179499415114242,30.358998830228483
EX_dad_2(e),0.9407223254814697,9.407223254814697
EX_dcyt(e),0.9049632049621388,8.144668844659249
EX_for(e),14.87862120647733,14.87862120647733
EX_gcald(e),0.009333489658499,0.018666979316998
EX_gly(e),0.9059721605165879,1.8119443210331758
EX_ile_L(e),0.8284616437083479,4.970769862250087
EX_lys_L(e),0.8794115706979228,5.276469424187536
EX_orn(e),0.15,0.75
