,fluxes,C-fluxes
EX_ac(e),14.375222561495296,28.75044512299059
EX_dad_2(e),0.9531700545286679,9.531700545286679
EX_etoh(e),0.7273994787234592,1.4547989574469185
EX_for(e),14.009983939327503,14.009983939327503
EX_gcald(e),0.007510265426126881,0.015020530852253761
EX_gln_L(e),0.318871152912397,1.594355764561985
EX_ile_L(e),0.8117166429436048,4.870299857661629
EX_lys_L(e),0.8748358757113226,5.249015254267936
EX_ptrc(e),1.0932883940481284,4.3731535761925135
