,fluxes,C-fluxes
EX_ac(e),16.438124218915533,32.876248437831066
EX_dad_2(e),0.9428720041944093,9.428720041944093
EX_for(e),15.418765610670134,15.418765610670134
EX_gcald(e),0.009068634915708921,0.018137269831417842
EX_gln_L(e),0.7323497624184199,3.6617488120920996
EX_ile_L(e),1.0516580627553258,6.309948376531954
EX_lys_L(e),0.8508579862744129,5.105147917646478
EX_orn(e),0.06050487766227675,0.3025243883113838
