,fluxes,C-fluxes
EX_ac(e),7.333265032063318,14.666530064126636
EX_dad_2(e),0.9635999988845411,9.63599998884541
EX_dcyt(e),0.9446341559458522,8.50170740351267
EX_for(e),6.152625167251424,6.152625167251424
EX_gcald(e),0.005928333713031512,0.011856667426063025
EX_ile_L(e),0.8579963197046034,5.147977918227621
EX_lys_L(e),0.9295452238315203,5.577271342989121
EX_orn(e),0.09634151413367016,0.4817075706683508
EX_val_L(e),4.30367717772128,21.5183858886064
