,fluxes,C-fluxes
EX_ac(e),14.371088593829407,28.742177187658815
EX_dad_2(e),0.9507912961053661,9.50791296105366
EX_etoh(e),0.044370805954076664,0.08874161190815333
EX_for(e),13.33515042563907,13.33515042563907
EX_gcald(e),0.007917749144122974,0.015835498288245948
EX_ile_L(e),0.816875278760272,4.9012516725616315
EX_orn(e),0.15,0.75
EX_pro_L(e),0.30294972483509774,1.5147486241754886
