,fluxes,C-fluxes
EX_ac(e),14.703010523276058,29.406021046552116
EX_dad_2(e),0.9619179831199532,9.619179831199533
EX_dcyt(e),0.9497333118546026,8.547599806691423
EX_for(e),12.57532564207859,12.57532564207859
EX_gcald(e),0.0075765811058675315,0.015153162211735063
EX_ile_L(e),0.8163139125261404,4.897883475156842
EX_lys_L(e),0.8761365011504841,5.256819006902905
EX_orn(e),0.06155588396609096,0.3077794198304548
