,fluxes,C-fluxes
EX_ac(e),13.863017446571002,27.726034893142003
EX_dad_2(e),0.9579867512640313,9.579867512640313
EX_for(e),12.704725583681592,12.704725583681592
EX_gcald(e),0.007572798898759931,0.015145597797519861
EX_gln_L(e),0.14198500810940068,0.7099250405470034
EX_ile_L(e),0.8003769493634915,4.802261696180949
EX_lys_L(e),0.8678602645229868,5.207161587137921
EX_orn(e),0.08061147500422798,0.4030573750211399
