,fluxes,C-fluxes
EX_ac(e),4.710427044554453,9.420854089108905
EX_ala_L(e),4.840093342053299,14.520280026159897
EX_dad_2(e),0.9790057694654432,9.79005769465443
EX_gly(e),0.15151391957884233,0.30302783915768466
EX_ile_L(e),0.9308784000537722,5.585270400322633
EX_lys_L(e),0.9211643993349252,5.526986396009551
EX_orn(e),0.1085588410570414,0.542794205285207
EX_succ(e),1.049948546111767,4.199794184447068
