,fluxes,C-fluxes
EX_ac(e),11.494400563430702,22.988801126861404
EX_dad_2(e),0.9480112594460685,9.480112594460685
EX_dcyt(e),0.9396670255838088,8.457003230254278
EX_for(e),12.809313398789685,12.809313398789685
EX_gcald(e),0.00831178561042464,0.01662357122084928
EX_ile_L(e),0.7891859501029523,4.735115700617714
EX_lys_L(e),0.8603416171854131,5.162049703112479
EX_orn(e),0.10982220101521885,0.5491110050760942
EX_succ(e),2.2392190525140454,8.956876210056182
