,fluxes,C-fluxes
EX_ac(e),23.005300231382584,46.01060046276517
EX_gcald(e),0.0038392613443274633,0.007678522688654927
