,fluxes,C-fluxes
EX_ac(e),15.478036768369883,30.956073536739765
EX_ade(e),1.8411209630040544,9.205604815020273
EX_dcyt(e),0.6520272513708315,5.868245262337483
EX_etoh(e),4.685885962329683,9.371771924659367
EX_for(e),14.898263360678396,14.898263360678396
EX_gua(e),0.899441001671035,4.497205008355175
EX_lys_L(e),0.8889477329199675,5.333686397519806
EX_nac(e),0.9309627350863207,5.585776410517924
EX_orn(e),0.1262232746146768,0.631116373073384
EX_tym(e),0.9337559880691186,7.470047904552949
