,fluxes,C-fluxes
EX_4abut(e),0.29610527484429733,1.1844210993771893
EX_ac(e),3.9235531498905205,7.847106299781041
EX_etoh(e),2.0895366661891392,4.1790733323782785
EX_for(e),5.735433508751512,5.735433508751512
EX_nac(e),0.9996106456006469,5.997663873603882
EX_ptrc(e),0.1369831514233417,0.5479326056933668
