,fluxes,C-fluxes
EX_ac(e),12.70801181867888,25.41602363735776
EX_ade(e),1.9661825880091173,9.830912940045586
EX_dcyt(e),0.9502771746376434,8.55249457173879
EX_etoh(e),4.098426522930657,8.196853045861314
EX_for(e),11.135632788267952,11.135632788267952
EX_hista(e),0.11830957424546328,0.5915478712273163
EX_ile_L(e),0.04962054859044439,0.2977232915426663
EX_orn(e),0.06797551372995249,0.33987756864976243
EX_tym(e),0.9524449752083842,7.619559801667074
