,fluxes,C-fluxes
EX_ac(e),6.396520286204819,12.793040572409637
EX_ala_L(e),0.16436755550899887,0.49310266652699664
EX_etoh(e),5.459274490923682,10.918548981847364
EX_for(e),12.046219394034363,12.046219394034363
EX_hista(e),0.12311215881224762,0.6155607940612381
EX_tym(e),0.9535065179277258,7.628052143421806
