,fluxes,C-fluxes
EX_ac(e),15.113008592714452,30.226017185428905
EX_ade(e),1.944953885540912,9.72476942770456
EX_etoh(e),2.010529249266437,4.021058498532874
EX_for(e),7.976039912989781,7.976039912989781
EX_gua(e),0.9670353409197167,4.835176704598584
EX_ile_L(e),0.8179870213428763,4.907922128057257
EX_orn(e),0.05000243485791039,0.2500121742895519
EX_ppa(e),0.32690208280848415,0.9807062484254525
