,fluxes,C-fluxes
EX_ac(e),1.484986572899082,2.969973145798164
EX_etoh(e),0.027536901514327916,0.05507380302865583
EX_for(e),1.5181554495225105,1.5181554495225105
EX_glu_L(e),0.13927308156254936,0.6963654078127468
EX_glyc(e),0.0007331807661866377,0.0021995422985599134
EX_ile_L(e),0.11387998635880056,0.6832799181528033
EX_nac(e),0.01516680415883705,0.09100082495302231
EX_succ(e),0.004562223654300726,0.018248894617202905
