,fluxes,C-fluxes
EX_ac(e),1.1800351902181914,2.3600703804363827
EX_etoh(e),0.18350571065311794,0.3670114213062359
EX_for(e),1.3874355789704085,1.3874355789704085
EX_glyc(e),0.000423621188703464,0.001270863566110392
EX_nac(e),0.0009875121390261652,0.005925072834156992
