,fluxes,C-fluxes
EX_ac(e),1.8048797208442815,3.609759441688563
EX_for(e),1.5788641235813548,1.5788641235813548
EX_glu_L(e),0.1468486629135203,0.7342433145676015
EX_glyc(e),0.0006599394655092259,0.001979818396527678
EX_nac(e),0.016447844579028,0.098687067474168
EX_succ(e),0.004965710701570043,0.019862842806280173
