,fluxes,C-fluxes
EX_ac(e),1.5522261480273052,3.1044522960546104
EX_etoh(e),0.2154748137075397,0.4309496274150794
EX_for(e),1.5939788926548852,1.5939788926548852
EX_glu_L(e),0.12304760975385269,0.6152380487692635
EX_gly(e),0.04453132864360134,0.08906265728720268
EX_nac(e),0.007667501108368309,0.04600500665020986
EX_orn(e),0.15,0.75
