,fluxes,C-fluxes
EX_12ppd_S(e),0.29797158,0.89391474
EX_ac(e),6.179953434694634,12.359906869389269
EX_but(e),1.7550594812689615,7.020237925075846
EX_for(e),9.231254874814558,9.231254874814558
EX_phe_L(e),0.9173111095703441,8.255799986133097
