,fluxes,C-fluxes
EX_ac(e),3.6015559666347396,7.203111933269479
EX_leu_L(e),0.1549757432999599,0.9298544597997593
EX_nac(e),0.9998435393073131,5.999061235843879
EX_phe_L(e),0.5674277708117603,5.106849937305843
EX_ptrc(e),0.6839144871249735,2.735657948499894
EX_succ(e),2.436242433697483,9.744969734789931
