,fluxes,C-fluxes
EX_ac(e),9.426250110770443,18.852500221540886
EX_asp_L(e),9.417232604732327,37.66893041892931
EX_glu_L(e),0.0024501406916755874,0.012250703458377938
EX_glyc(e),0.00046362706109857405,0.0013908811832957222
EX_succ(e),0.0025696300068670007,0.010278520027468003
EX_uri(e),0.00015862074800348196,0.0014275867320313377
EX_val_L(e),0.002088018102540505,0.010440090512702524
