,fluxes,C-fluxes
EX_ac(e),2.1579614541633174,4.315922908326635
EX_coa(e),2.1578544987144226,45.314944473002875
EX_cys_L(e),0.9999679227495626,2.9999037682486875
EX_dad_2(e),0.11748480859384217,1.1748480859384216
EX_gly(e),0.9998654505471327,1.9997309010942654
EX_ura(e),0.11741750836977434,0.46967003347909736
