,fluxes,C-fluxes
EX_ac(e),0.39556763952036983,0.7911352790407397
EX_for(e),0.525074170454889,0.525074170454889
EX_glyc(e),0.0008021495073729696,0.002406448522118909
EX_ppa(e),0.21799651762980582,0.6539895528894175
EX_ser_L(e),0.4394997891332407,1.3184993673997223
EX_succ(e),0.38508558086787914,1.5403423234715166
