,fluxes,C-fluxes
EX_ac(e),5.3635946584299585,10.727189316859917
EX_acald(e),1.1625714979585537,2.3251429959171075
EX_for(e),5.121319814284318,5.121319814284318
EX_ile_L(e),0.9118022464487362,5.470813478692417
EX_lys_L(e),0.9324718091307045,5.594830854784227
EX_phe_L(e),0.9220669451934655,8.29860250674119
EX_ppa(e),3.572775191919503,10.71832557575851
EX_ptrc(e),0.9713182475763915,3.885272990305566
EX_ura(e),0.965859113233163,3.863436452932652
