,fluxes,C-fluxes
EX_ac(e),4.648432249432588,9.296864498865176
EX_etoh(e),3.96820492986241,7.93640985972482
EX_for(e),7.776446091983427,7.776446091983427
EX_gcald(e),0.0012872304949428854,0.0025744609898857708
EX_ile_L(e),0.9192362271499221,5.515417362899533
EX_lys_L(e),0.9453875101871113,5.672325061122668
EX_phe_L(e),0.9319937968924141,8.387944172031727
EX_ppa(e),0.571379780901515,1.714139342704545
EX_ptrc(e),0.9995709231683524,3.9982836926734096
