,fluxes,C-fluxes
EX_ac(e),4.606580700431461,9.213161400862923
EX_etoh(e),1.821124897228944,3.642249794457888
EX_for(e),6.015457848766212,6.015457848766212
EX_phe_L(e),0.9493735836138408,8.544362252524568
EX_ppa(e),0.2926334400618338,0.8779003201855013
EX_ptrc(e),0.9766740753557529,3.9066963014230116
