,fluxes,C-fluxes
EX_ac(e),4.892853456720978,9.785706913441956
EX_acald(e),0.19196131098779495,0.3839226219755899
EX_for(e),4.81464057619083,4.81464057619083
EX_ile_L(e),0.9257388136686219,5.5544328820117315
EX_lys_L(e),0.9389835989736501,5.633901593841901
EX_phe_L(e),0.9249998891033968,8.324999001930571
EX_ppa(e),3.334744704640934,10.004234113922802
EX_ptrc(e),0.97667490646072,3.90669962584288
EX_xan(e),0.8516569259497425,4.2582846297487125
