,fluxes,C-fluxes
EX_4hphac(e),0.9640061204680875,7.7120489637447
EX_ac(e),15.266877767353451,30.533755534706902
EX_dad_2(e),0.017514828031328866,0.17514828031328866
EX_for(e),11.973793638249417,11.973793638249417
EX_gly(e),1.671800598411152,3.343601196822304
EX_ile_L(e),0.7273217493306071,4.3639304959836425
EX_ppa(e),0.06202754603657885,0.18608263810973655
