,fluxes,C-fluxes
EX_2obut(e),0.001326121565737932,0.005304486262951728
EX_ac(e),1.39202305645183,2.78404611290366
EX_ala_D(e),0.37700070528471813,1.1310021158541543
EX_lac_D(e),10.594014652507726,31.78204395752318
EX_lys_L(e),0.9537296742807999,5.722378045684799
EX_orn(e),0.11474839051017403,0.5737419525508701
EX_succ(e),0.5335050459897922,2.134020183959169
