,fluxes,C-fluxes
EX_ac(e),6.0063814794482315,12.012762958896463
EX_but(e),0.31744071285723374,1.269762851428935
EX_dtmp(e),0.9534499385249876,9.534499385249877
EX_for(e),0.0021844482200800027,0.0021844482200800027
EX_nac(e),0.9994597102213997,5.996758261328398
EX_orn(e),0.012586123039983963,0.06293061519991981
