,fluxes,C-fluxes
EX_ac(e),6.97521123287836,13.95042246575672
EX_but(e),0.44854560144544137,1.7941824057817655
EX_for(e),6.704010555160861,6.704010555160861
EX_gcald(e),0.001107124659802798,0.002214249319605596
EX_ile_L(e),0.9441390659335744,5.664834395601447
EX_phe_L(e),0.9423872285172192,8.481485056654973
