,fluxes,C-fluxes
EX_ac(e),0.7549401310318138,1.5098802620636276
EX_ppa(e),0.43770055208171654,1.3131016562451496
