,fluxes,C-fluxes
EX_ac(e),10.38087949514982,20.76175899029964
EX_for(e),0.021846970019479942,0.021846970019479942
EX_gln_L(e),0.016664442300551204,0.08332221150275601
EX_glyclt(e),3.1792739251525455,6.358547850305091
EX_hista(e),0.12904156782858556,0.6452078391429278
EX_nac(e),0.9993311764916084,5.99598705894965
EX_phe_L(e),1.0768989835419442,9.692090851877499
EX_ppa(e),1.02,3.06
EX_ptrc(e),0.027804947151717833,0.11121978860687133
EX_trypta(e),0.9269753178409186,9.269753178409186
