,fluxes,C-fluxes
EX_ac(e),4.998846284934778,9.997692569869557
EX_gln_L(e),0.3277543065951702,1.638771532975851
EX_glu_L(e),0.2332519643447117,1.1662598217235585
EX_phe_L(e),0.9470783779217609,8.523705401295848
EX_ppa(e),1.2903483981790096,3.8710451945370288
EX_pro_L(e),0.09960884968289899,0.4980442484144949
EX_succ(e),0.9489854004985366,3.7959416019941465
