,fluxes,C-fluxes
EX_4hphac(e),0.9733684309994368,7.7869474479954945
EX_ac(e),10.582422001515939,21.164844003031877
EX_for(e),0.012168300836716472,0.012168300836716472
EX_gly(e),0.9703292525801016,1.9406585051602032
