,fluxes,C-fluxes
EX_4hphac(e),0.9844668749406984,7.875734999525587
EX_ac(e),6.694080526579289,13.388161053158578
EX_for(e),0.010681959172243688,0.010681959172243688
EX_glyclt(e),2.7673467242891747,5.534693448578349
EX_gua(e),0.031314191748226534,0.15657095874113267
EX_ppa(e),1.02,3.06
EX_ptrc(e),0.8762757626620061,3.5051030506480245
EX_trypta(e),0.0719554508922976,0.719554508922976
