,fluxes,C-fluxes
EX_ac(e),3.2733968754093703,6.546793750818741
EX_for(e),3.275572965814592,3.275572965814592
EX_nac(e),0.9994450313036705,5.996670187822023
EX_phe_L(e),0.9771220931980323,8.794098838782292
EX_succ(e),0.32130109040068444,1.2852043616027378
