,fluxes,C-fluxes
EX_ac(e),5.628376129846921,11.256752259693842
EX_ade(e),0.9540959688129339,4.77047984406467
EX_cys_L(e),0.992300186860577,2.976900560581731
EX_dgsn(e),0.9723250931193699,9.723250931193698
EX_lys_L(e),0.9553545311840332,5.732127187104199
EX_orn(e),0.06291383685324552,0.3145691842662276
EX_phe_L(e),0.9164347261091946,8.247912534982751
EX_ppa(e),1.0194879042305809,3.0584637126917427
EX_pro_L(e),0.3166808821819549,1.5834044109097745
EX_succ(e),6.0328864028551425,24.13154561142057
