,fluxes,C-fluxes
EX_ac(e),4.701804812079973,9.403609624159946
EX_acald(e),0.17878295,0.3575659
EX_for(e),0.004004663893721161,0.004004663893721161
EX_ile_L(e),0.06383096259003349,0.3829857755402009
EX_lys_L(e),0.9652270320013633,5.7913621920081795
EX_phe_L(e),0.922328218317951,8.30095396486156
EX_pro_L(e),0.6556357874542387,3.2781789372711936
EX_succ(e),4.095350437969019,16.381401751876076
