,fluxes,C-fluxes
EX_ac(e),5.905242842738627,11.810485685477254
EX_acald(e),0.17878295,0.3575659
EX_cys_L(e),0.9953791551521745,2.9861374654565234
EX_for(e),5.148177615606986,5.148177615606986
EX_ile_L(e),0.044247125138745944,0.26548275083247563
EX_lys_L(e),0.979716103971997,5.878296623831982
EX_phe_L(e),0.943508520187602,8.491576681688418
EX_pro_L(e),0.2201488063802136,1.1007440319010682
EX_succ(e),2.898971746108764,11.595886984435056
EX_val_L(e),0.4106079996693664,2.053039998346832
