,fluxes,C-fluxes
EX_ac(e),6.0671343642066295,12.134268728413259
EX_for(e),5.994872601994012,5.994872601994012
EX_succ(e),0.20068813135370334,0.8027525254148133
