,fluxes,C-fluxes
EX_lys_L(e),9.993095306945271,59.95857184167163
EX_orn(e),0.14655081361309452,0.7327540680654726
