,fluxes,C-fluxes
EX_ac(e),17.57944405450287,35.15888810900574
EX_for(e),8.060586235864088,8.060586235864088
EX_gcald(e),0.004251185924215989,0.008502371848431977
EX_indole(e),0.05173392580324003,0.41387140642592024
EX_nac(e),0.9985825575593876,5.991495345356325
EX_ptrc(e),1.019870157649288,4.079480630597152
EX_tym(e),0.5063081727600626,4.0504653820805006
