,fluxes,C-fluxes
EX_ac(e),5.879728427700437,11.759456855400874
EX_etoh(e),4.132333023516395,8.26466604703279
EX_for(e),9.216435404689312,9.216435404689312
EX_ile_L(e),0.9117330983589541,5.470398590153724
EX_orn(e),0.18655854502915273,0.9327927251457636
EX_phe_L(e),0.9260367599738498,8.334330839764649
EX_succ(e),0.1677535329014156,0.6710141316056624
