,fluxes,C-fluxes
EX_ac(e),28.309989398281523,56.619978796563046
EX_indole(e),0.038867963181028906,0.31094370544823124
EX_nac(e),0.9983910376885939,5.990346226131564
EX_ppa(e),0.801020420092318,2.403061260276954
EX_tma(e),1.0,3.0
EX_tym(e),0.9283576535572559,7.426861228458047
