,fluxes,C-fluxes
EX_ac(e),24.044542658481987,48.089085316963974
EX_dad_2(e),0.959809374743265,9.59809374743265
EX_for(e),6.199109001043138,6.199109001043138
EX_indole(e),0.03727416456193786,0.2981933164955029
EX_ppa(e),0.8517024890788927,2.5551074672366783
EX_tym(e),0.9138909017830528,7.311127214264422
