,fluxes,C-fluxes
EX_ac(e),10.162933378946285,20.32586675789257
EX_dad_2(e),0.9857017481794561,9.85701748179456
EX_for(e),0.005361715724304111,0.005361715724304111
EX_hista(e),0.12123788729581023,0.6061894364790511
EX_orn(e),0.09927132100327013,0.49635660501635065
EX_phe_L(e),0.9472594152768141,8.525334737491328
EX_succ(e),0.25360642152383633,1.0144256860953453
