,fluxes,C-fluxes
EX_12ppd_S(e),0.14898579,0.44695737
EX_4abut(e),0.18,0.72
EX_ac(e),6.625114706800848,13.250229413601696
EX_adn(e),0.0008226241830557446,0.008226241830557446
EX_for(e),7.593730181319183,7.593730181319183
EX_glyc(e),0.1529018594506447,0.45870557835193404
EX_lys_L(e),0.9645561667224468,5.787337000334681
EX_phe_L(e),0.9462884729979871,8.516596256981884
EX_ppa(e),0.19325133408045037,0.5797540022413511
