,fluxes,C-fluxes
EX_ac(e),10.955650668393053,21.911301336786106
EX_ade(e),0.13482279261269436,0.6741139630634718
EX_for(e),7.327877075113094,7.327877075113094
EX_hista(e),0.1094557999588938,0.547278999794469
EX_indole(e),0.06600476952377757,0.5280381561902205
EX_ppa(e),2.7752953043894686,8.325885913168406
EX_pro_L(e),0.03267744581613051,0.16338722908065256
EX_tym(e),0.9603206311888208,7.682565049510567
