,fluxes,C-fluxes
EX_4abut(e),0.18,0.72
EX_ac(e),2.2639968198107803,4.5279936396215605
EX_dcyt(e),0.9725838749053949,8.753254874148555
EX_for(e),2.583108950603718,2.583108950603718
EX_gsn(e),0.005960780292280999,0.05960780292280998
EX_indole(e),0.07775436680704102,0.6220349344563282
EX_lys_L(e),0.9567726569815418,5.74063594188925
EX_succ(e),2.955710163190317,11.822840652761268
EX_val_L(e),0.9738585013030647,4.869292506515324
