,fluxes,C-fluxes
EX_but(e),5.716234944065775,22.8649397762631
EX_dad_2(e),0.9716087982128608,9.716087982128608
EX_dcyt(e),0.966957002782599,8.70261302504339
