,fluxes,C-fluxes
EX_ac(e),0.5947531952422015,1.189506390484403
EX_ala_L(e),0.49062631359268327,1.47187894077805
EX_but(e),0.0003293480454853252,0.0013173921819413007
EX_for(e),0.5948208421908074,0.5948208421908074
EX_glc_D(e),0.00282117,0.01692702
EX_glyc(e),0.06964224505407501,0.20892673516222504
