,fluxes,C-fluxes
EX_ac(e),9.351332154212672,18.702664308425344
EX_but(e),1.0076601550636581,4.0306406202546325
EX_gln_L(e),0.006849352215703543,0.034246761078517714
EX_gly(e),0.1168688723577143,0.2337377447154286
EX_indole(e),0.07409824740964589,0.5927859792771671
EX_nac(e),0.10813126507216234,0.6487875904329741
EX_phe_L(e),0.9027183416379378,8.12446507474144
EX_succ(e),0.2535332928573762,1.0141331714295048
