,fluxes,C-fluxes
EX_ac(e),3.9887077252680334,7.977415450536067
