,fluxes,C-fluxes
EX_ac(e),2.399323396077043,4.798646792154086
EX_but(e),2.566424566672814,10.265698266691256
EX_for(e),6.2597570272677885,6.2597570272677885
EX_indole(e),0.08070728580706493,0.6456582864565195
EX_nac(e),0.077657277959947,0.465943667759682
EX_orn(e),0.01,0.05
EX_ppa(e),0.19918845891406733,0.597565376742202
EX_tma(e),1.0,3.0
TS_ahcys_c,7.30175921804659e-05,0.0010222462905265226
