,fluxes,C-fluxes
EX_ac(e),0.17992195573150802,0.35984391146301603
EX_but(e),0.23575265595567424,0.943010623822697
EX_for(e),0.6528175059565547,0.6528175059565547
EX_fum(e),0.0005678921243322097,0.002271568497328839
EX_glyc(e),0.14898579,0.44695737
