,fluxes,C-fluxes
EX_ac(e),9.314154076765302,18.628308153530604
EX_dtmp(e),0.9933758946831113,9.933758946831112
EX_for(e),6.442461804799493,6.442461804799493
EX_nac(e),0.9989887433872143,5.993932460323286
EX_phe_L(e),0.9471356741366371,8.524221067229734
EX_succ(e),0.09860066295650996,0.39440265182603984
