,fluxes,C-fluxes
EX_ac(e),2.831569845917629,5.663139691835258
EX_ade(e),1.0644439563746475,5.322219781873238
EX_dgsn(e),0.9959191499542337,9.959191499542337
EX_for(e),3.1739302574958095,3.1739302574958095
EX_glyc(e),0.0013842709797036252,0.0041528129391108755
EX_inost(e),0.02723504310828306,0.16341025864969835
EX_ppa(e),1.0000205632896908,3.0000616898690726
