,fluxes,C-fluxes
EX_ac(e),0.9651402742784939,1.9302805485569878
EX_gln_L(e),0.17728018060839526,0.8864009030419763
EX_gly(e),0.22170523566346187,0.44341047132692374
EX_met_L(e),0.2211622925247495,1.1058114626237474
EX_phe_L(e),0.9980305464618976,8.982274918157078
EX_pro_L(e),0.00026867625330247755,0.0013433812665123877
EX_succ(e),0.4651486887327966,1.8605947549311863
