,fluxes,C-fluxes
EX_ac(e),12.836667369960425,25.67333473992085
EX_acac(e),3.7608287111799754,15.043314844719902
EX_dad_2(e),0.18176992668099218,1.8176992668099219
EX_gly(e),12.137187549678773,24.274375099357545
EX_ins(e),1.731878481880514,17.31878481880514
EX_lys_L(e),0.8689139639862125,5.213483783917274
