,fluxes,C-fluxes
EX_4abut(e),1.553093206743106,6.212372826972424
EX_ac(e),13.285937122329633,26.571874244659266
EX_dad_2(e),0.940062524837841,9.400625248378411
EX_etoh(e),2.4715083425187627,4.9430166850375254
EX_for(e),16.222375569122175,16.222375569122175
EX_ile_L(e),0.898575073475062,5.391450440850372
EX_lys_L(e),0.8564344146514866,5.13860648790892
EX_nac(e),0.996725876895618,5.980355261373708
EX_orn(e),0.07119953979713839,0.35599769898569195
EX_val_L(e),1.3657601216391706,6.828800608195853
