,fluxes,C-fluxes
EX_ac(e),14.46343130847191,28.92686261694382
EX_gcald(e),0.005859740461798097,0.011719480923596193
EX_hxan(e),0.9539915402765685,4.769957701382842
EX_ile_L(e),0.8405677554741794,5.043406532845077
EX_indole(e),0.04979143420342917,0.3983314736274334
EX_lys_L(e),0.9225232772819706,5.535139663691823
EX_pro_L(e),3.461377915358276,17.30688957679138
EX_succ(e),3.0320621585666645,12.128248634266658
