,fluxes,C-fluxes
EX_15dap(e),1.043331962714304,5.21665981357152
EX_ac(e),10.122618855550952,20.245237711101904
EX_acald(e),0.9794243419389784,1.9588486838779569
EX_ala_L(e),2.7204024736070247,8.161207420821075
EX_cys_L(e),0.9838296284387935,2.9514888853163805
EX_gly(e),5.064084592070598,10.128169184141196
EX_lac_L(e),5.630851875870709,16.892555627612126
EX_orn(e),0.013224330240034905,0.06612165120017452
EX_ura(e),1.970004014018281,7.880016056073124
