,fluxes,C-fluxes
EX_ac(e),10.878595211212431,21.757190422424863
EX_dad_2(e),0.9420076691693222,9.420076691693222
EX_gcald(e),0.8846460986268081,1.7692921972536162
EX_hista(e),0.12166507881924135,0.6083253940962068
EX_ile_L(e),0.7256105883116262,4.353663529869757
EX_orn(e),0.0037446412275477115,0.018723206137738556
EX_ppa(e),8.51728343015999,25.55185029047997
EX_tym(e),0.9165222914880328,7.332178331904262
