,fluxes,C-fluxes
EX_ac(e),9.263891073106592,18.527782146213184
EX_acald(e),1.1522069330029563,2.3044138660059126
EX_gcald(e),0.01244729670312998,0.02489459340625996
EX_orn(e),0.007548777903637458,0.03774388951818729
EX_ppa(e),12.484530878481056,37.45359263544317
EX_ura(e),1.8658357082537758,7.463342833015103
