,fluxes,C-fluxes
EX_ac(e),13.313376730646889,26.626753461293777
EX_ala_L(e),0.003566459382609024,0.010699378147827072
EX_for(e),14.565494592353884,14.565494592353884
EX_nac(e),0.9964352297416676,5.978611378450006
EX_succ(e),0.765129712489804,3.060518849959216
EX_ttdca(e),0.36626593976853244,5.127723156759454
EX_urea(e),0.00356459725303763,0.00356459725303763
