,fluxes,C-fluxes
EX_4abut(e),0.10756563921046222,0.4302625568418489
EX_ac(e),7.934694900335343,15.869389800670685
EX_dad_2(e),0.9489597573117406,9.489597573117406
EX_gly(e),0.9879210925171049,1.9758421850342098
EX_ile_L(e),0.7744223486120424,4.646534091672255
EX_lys_L(e),0.7118339116005523,4.271003469603314
EX_succ(e),10.557141261324976,42.2285650452999
