,fluxes,C-fluxes
EX_4abut(e),3.303458210544871,13.213832842179484
EX_ac(e),21.90638126573339,43.81276253146678
EX_dad_2(e),0.9283398244306293,9.283398244306294
EX_etoh(e),0.335730433735612,0.671460867471224
EX_for(e),18.817207476226624,18.817207476226624
EX_gcald(e),0.012669369242771972,0.025338738485543945
EX_gly(e),0.02363288063095242,0.04726576126190484
EX_lys_L(e),0.8198960533483227,4.9193763200899365
EX_orn(e),0.0189793034594134,0.094896517297067
