,fluxes,C-fluxes
EX_12ppd_S(e),0.14898579,0.44695737
EX_ac(e),4.314792734477051,8.629585468954103
EX_dad_2(e),0.010770147739519906,0.10770147739519906
EX_for(e),3.07556194042183,3.07556194042183
EX_ins(e),0.042635484853090204,0.42635484853090205
EX_ppa(e),1.9229308710701616,5.7687926132104845
