,fluxes,C-fluxes
EX_ac(e),2.6239057267702015,5.247811453540403
EX_ade(e),0.963373790774481,4.816868953872405
EX_for(e),2.1949453917310953,2.1949453917310953
EX_lac_L(e),0.14898579,0.44695737
EX_ppa(e),6.4833941906961785,19.450182572088536
EX_urea(e),0.10436667454003334,0.10436667454003334
