,fluxes,C-fluxes
EX_12ppd_S(e),0.14898579,0.44695737
EX_ac(e),2.181076322568234,4.362152645136468
EX_dad_2(e),0.02707372411177055,0.27073724111770553
EX_for(e),2.15166954859464,2.15166954859464
EX_indole(e),0.07932139418755542,0.6345711535004434
EX_ppa(e),0.7636770683332831,2.2910312049998494
EX_thymd(e),0.016163025045203165,0.16163025045203167
