,fluxes,C-fluxes
EX_ac(e),5.0145767974582345,10.029153594916469
EX_dad_2(e),0.006736304347181034,0.06736304347181034
EX_for(e),3.560881077880229,3.560881077880229
