,fluxes,C-fluxes
EX_ac(e),2.2553457449176966,4.510691489835393
EX_dad_2(e),1.0016740411355523,10.016740411355523
EX_for(e),1.7991561196177424,1.7991561196177424
EX_ppa(e),0.7173638991899938,2.1520916975699813
EX_uri(e),0.9933082918669122,8.93977462680221
