,fluxes,C-fluxes
EX_ac(e),4.195743792550924,8.391487585101848
EX_dad_2(e),0.012681800200480051,0.1268180020048005
EX_for(e),2.606898650829812,2.606898650829812
EX_ppa(e),0.9559771077169221,2.867931323150766
