,fluxes,C-fluxes
EX_12ppd_S(e),0.14898579,0.44695737
EX_ac(e),3.9410564100466092,7.8821128200932185
EX_dad_2(e),0.0037108325529623992,0.037108325529623995
EX_for(e),2.6641602305049705,2.6641602305049705
EX_ppa(e),3.0015412929606193,9.004623878881858
EX_urea(e),0.11905013779786731,0.11905013779786731
TS_cbl1_c,0.032169204795428084,1.9944906973165413
