,fluxes,C-fluxes
EX_ac(e),11.246840996474557,22.493681992949114
EX_adn(e),0.0017008132490772413,0.01700813249077241
EX_arab_L(e),0.0055197,0.027598499999999998
EX_dcyt(e),0.02109430196576537,0.18984871769188832
EX_for(e),10.468687879887323,10.468687879887323
EX_indole(e),0.06847602052322667,0.5478081641858134
EX_pac(e),0.8947516787708266,7.158013430166613
EX_ppa(e),5.513677740789515,16.541033222368544
