,fluxes,C-fluxes
EX_ac(e),4.906081862471168,9.812163724942335
EX_adn(e),0.0056567986349673905,0.0565679863496739
EX_dcyt(e),0.03441688729692851,0.30975198567235657
EX_for(e),3.1847416546083314,3.1847416546083314
