,fluxes,C-fluxes
EX_12ppd_S(e),0.14898579,0.44695737
EX_ac(e),3.4758766666854073,6.951753333370815
EX_dad_2(e),1.2384295219545327,12.384295219545328
EX_for(e),3.7517386401819213,3.7517386401819213
EX_indole(e),0.06900129855595338,0.5520103884476271
EX_orn(e),0.11720832642589056,0.5860416321294528
EX_ppa(e),4.201390372927292,12.604171118781874
