,fluxes,C-fluxes
EX_ac(e),3.312583783506775,6.62516756701355
EX_dad_2(e),0.005845230161012927,0.058452301610129265
EX_for(e),3.015090084840898,3.015090084840898
EX_ins(e),0.9833670310046262,9.833670310046262
EX_ppa(e),1.1494713285825007,3.448413985747502
