,fluxes,C-fluxes
EX_ac(e),4.303065683666543,8.606131367333086
EX_cys_L(e),0.03778826208729869,0.11336478626189608
EX_dcyt(e),0.015423581610135914,0.13881223449122324
EX_for(e),2.558543961097457,2.558543961097457
