,fluxes,C-fluxes
EX_ac(e),4.004492682607153,8.008985365214306
EX_adn(e),0.00505131291854044,0.050513129185404404
EX_dcyt(e),0.01947391660880946,0.17526524947928512
EX_for(e),1.4216196630320328,1.4216196630320328
