,fluxes,C-fluxes
EX_ac(e),5.316333074032951,10.632666148065901
EX_ade(e),0.9779547040078781,4.88977352003939
EX_for(e),3.9763341723347425,3.9763341723347425
EX_ppa(e),2.6700185082774817,8.010055524832445
