,fluxes,C-fluxes
EX_12ppd_S(e),0.14898579,0.44695737
EX_ac(e),3.0316490937650395,6.063298187530079
EX_dad_2(e),0.009996107626826138,0.09996107626826138
EX_for(e),1.4550641765498475,1.4550641765498475
EX_ins(e),0.031125095766753763,0.31125095766753763
