,fluxes,C-fluxes
EX_ac(e),6.6572893042953165,13.314578608590633
EX_adn(e),0.0001861573579291571,0.001861573579291571
EX_dcyt(e),0.011423808069013466,0.1028142726211212
EX_for(e),7.55879628174015,7.55879628174015
EX_fuc_L(e),0.000789,0.004734
EX_indole(e),0.04829822469072759,0.3863857975258207
EX_pac(e),0.9325977418716924,7.460781934973539
EX_ppa(e),0.9058280336545115,2.717484100963534
