,fluxes,C-fluxes
EX_ac(e),3.6016854727089505,7.203370945417901
EX_dad_2(e),0.007124267796278437,0.07124267796278437
EX_for(e),3.257384374602985,3.257384374602985
EX_ins(e),0.9842492291702598,9.842492291702598
EX_ppa(e),1.1062207221748233,3.3186621665244695
