,fluxes,C-fluxes
EX_ac(e),11.40710544781515,22.8142108956303
EX_dad_2(e),0.0002648881000210133,0.0026488810002101328
EX_for(e),10.326718234255157,10.326718234255157
EX_fuc_L(e),0.000789,0.004734
EX_indole(e),0.05975033850680649,0.47800270805445194
EX_pac(e),0.9417495351847993,7.5339962814783945
EX_ppa(e),0.7234476688433226,2.1703430065299676
