,fluxes,C-fluxes
EX_12ppd_S(e),0.14898579,0.44695737
EX_ac(e),3.0051554930786124,6.010310986157225
EX_ade(e),0.9725184929014078,4.862592464507039
EX_for(e),2.8773190307020258,2.8773190307020258
EX_indole(e),0.06384690006247745,0.5107752004998196
EX_ppa(e),3.3052280985173965,9.91568429555219
EX_urea(e),0.10280653990299045,0.10280653990299045
