,fluxes,C-fluxes
EX_12ppd_S(e),0.14898579,0.44695737
EX_ac(e),5.7936596537263085,11.587319307452617
EX_ade(e),1.9611005937131507,9.805502968565754
EX_cys_L(e),0.09064346914771629,0.2719304074431489
EX_for(e),5.974005186804773,5.974005186804773
EX_glyc(e),0.007510046196406339,0.02253013858921902
EX_indole(e),0.05646498643314787,0.451719891465183
EX_orn(e),0.10312816680947026,0.5156408340473513
EX_phe_L(e),0.8778971744051147,7.901074569646033
EX_ppa(e),2.601184150508123,7.803552451524368
