,fluxes,C-fluxes
EX_12ppd_S(e),0.30086958,0.90260874
EX_ac(e),15.323981858452102,30.647963716904204
EX_dad_2(e),0.054314890077459224,0.5431489007745922
EX_for(e),13.156723902929581,13.156723902929581
EX_meoh(e),0.00907565,0.00907565
EX_met_L(e),0.6667114743102989,3.3335573715514943
EX_ppa(e),2.985965555806083,8.95789666741825
