,fluxes,C-fluxes
EX_12ppd_S(e),0.14898579,0.44695737
EX_ac(e),9.2475779096573,18.4951558193146
EX_cys_L(e),0.08795146508943592,0.2638543952683078
EX_dad_2(e),0.0003215107960607282,0.003215107960607282
EX_for(e),8.151684972159215,8.151684972159215
EX_indole(e),0.056188694585752236,0.4495095566860179
EX_pac(e),0.9111410556518966,7.289128445215173
EX_ppa(e),3.946225575565158,11.838676726695473
