,fluxes,C-fluxes
EX_ac(e),3.4985181495886035,6.997036299177207
EX_dad_2(e),0.0037399124813598727,0.03739912481359873
EX_for(e),2.535879619083914,2.535879619083914
