,fluxes,C-fluxes
EX_12ppd_S(e),0.14898579,0.44695737
EX_ac(e),4.021042328656418,8.042084657312836
EX_acald(e),1.989257279802769,3.978514559605538
EX_ade(e),1.9672208586415205,9.836104293207603
EX_for(e),4.202259059856244,4.202259059856244
EX_gcald(e),0.002472189841647583,0.004944379683295166
EX_gua(e),0.9725172208745959,4.86258610437298
EX_orn(e),0.08846565852220671,0.44232829261103357
EX_ppa(e),4.599800549249119,13.799401647747358
