,fluxes,C-fluxes
EX_ac(e),4.567113723856804,9.134227447713608
EX_for(e),3.464974999853383,3.464974999853383
EX_ppa(e),0.04195867527918904,0.12587602583756713
