,fluxes,C-fluxes
EX_4abut(e),0.18,0.72
EX_ac(e),4.11593976542196,8.23187953084392
EX_acald(e),1.98998462449797,3.97996924899594
EX_ade(e),1.9486381114940714,9.743190557470356
EX_for(e),4.205569438748103,4.205569438748103
EX_gua(e),0.9926541730561906,4.963270865280953
EX_indole(e),0.07298854690549339,0.5839083752439471
EX_orn(e),0.09066835700222947,0.45334178501114736
EX_ppa(e),4.422091757920045,13.266275273760135
