,fluxes,C-fluxes
EX_ac(e),3.6362194589124193,7.2724389178248385
EX_dad_2(e),1.0047829328606661,10.04782932860666
EX_for(e),2.3289497815153637,2.3289497815153637
EX_lac_L(e),0.14898579,0.44695737
EX_ppa(e),2.8873487097357287,8.662046129207186
EX_urea(e),0.12179653452116596,0.12179653452116596
EX_uri(e),0.9818917478733259,8.837025730859933
TS_cbl1_c,0.026639747814970173,1.6516643645281508
