,fluxes,C-fluxes
EX_ac(e),4.923035023713943,9.846070047427887
EX_adn(e),0.004221858610086375,0.04221858610086375
EX_dcyt(e),0.029405954479253565,0.26465359031328206
EX_for(e),3.109340558374018,3.109340558374018
