,fluxes,C-fluxes
EX_ac(e),3.72712576726379,7.45425153452758
EX_for(e),2.604666432970401,2.604666432970401
EX_lac_L(e),0.14898579,0.44695737
EX_ppa(e),2.270070527720815,6.810211583162445
EX_pydxn(e),0.9993059224943056,7.994447379954445
EX_urea(e),0.1203404982287287,0.1203404982287287
