,fluxes,C-fluxes
EX_ac(e),4.337319415416711,8.674638830833421
EX_dad_2(e),0.9743991876795627,9.743991876795628
EX_for(e),3.229356535036512,3.229356535036512
EX_ppa(e),0.9216589038126104,2.764976711437831
EX_uri(e),0.9507574955565425,8.556817460008883
