,fluxes,C-fluxes
EX_12ppd_S(e),0.14898579,0.44695737
EX_ac(e),7.253048415840904,14.506096831681807
EX_dad_2(e),0.041255216773764446,0.41255216773764447
EX_for(e),6.202802847274746,6.202802847274746
EX_indole(e),0.06990115071349536,0.5592092057079628
EX_pac(e),0.8935787601682107,7.148630081345686
EX_ppa(e),5.956533225518553,17.86959967655566
