,fluxes,C-fluxes
EX_12ppd_S(e),0.14898579,0.44695737
EX_ac(e),6.961968970796898,13.923937941593795
EX_for(e),5.969036928841054,5.969036928841054
EX_indole(e),0.06085056086822104,0.48680448694576833
EX_meoh(e),0.019343418693796705,0.019343418693796705
EX_pac(e),0.9121873841052457,7.2974990728419655
EX_ppa(e),6.236329334575408,18.708988003726223
