,fluxes,C-fluxes
EX_ac(e),13.358020905410179,26.716041810820357
EX_adn(e),0.00044584459396879964,0.004458445939687996
EX_arab_L(e),0.0055197,0.027598499999999998
EX_cys_L(e),0.1273485035441851,0.38204551063255526
EX_dcyt(e),0.028172560803791994,0.25355304723412797
EX_for(e),11.405634268952847,11.405634268952847
EX_indole(e),0.048146404392910305,0.38517123514328244
EX_pac(e),0.904177567493465,7.23342053994772
EX_ppa(e),2.7055155203361854,8.116546561008557
