,fluxes,C-fluxes
EX_ac(e),13.27388619721264,26.54777239442528
EX_adn(e),0.0017628174950450293,0.017628174950450295
EX_arab_L(e),0.0055197,0.027598499999999998
EX_dcyt(e),0.02270620675025344,0.20435586075228096
EX_for(e),12.563965375540485,12.563965375540485
EX_indole(e),0.050065055374772155,0.40052044299817724
EX_pac(e),0.8904735015647683,7.123788012518147
EX_ppa(e),3.693590951416065,11.080772854248195
