,fluxes,C-fluxes
EX_ac(e),2.9204455923428765,5.840891184685753
EX_dad_2(e),0.006838281270358836,0.06838281270358836
EX_for(e),3.007743549329762,3.007743549329762
EX_ins(e),0.9817741960196509,9.817741960196509
EX_ppa(e),1.1451527352475948,3.4354582057427843
