,fluxes,C-fluxes
EX_ac(e),4.265251424328794,8.530502848657587
EX_adn(e),0.00545085251021674,0.0545085251021674
EX_dcyt(e),0.02113684871071453,0.19023163839643076
EX_for(e),1.914289788514367,1.914289788514367
