,fluxes,C-fluxes
EX_ac(e),0.9892029191964739,1.9784058383929477
EX_succ(e),1.7267554218836976,6.90702168753479
