,fluxes,C-fluxes
EX_4abut(e),0.18,0.72
EX_ac(e),3.99462326283539,7.98924652567078
EX_acald(e),1.9897071509140598,3.9794143018281196
EX_ade(e),1.9457541016293556,9.728770508146777
EX_for(e),4.384591795796948,4.384591795796948
EX_gua(e),0.9958014496092981,4.97900724804649
EX_indole(e),0.06348214617797963,0.5078571694238371
EX_orn(e),0.05747662142863606,0.2873831071431803
EX_ppa(e),4.311208768418883,12.933626305256649
