,fluxes,C-fluxes
EX_ac(e),13.35065807668792,26.70131615337584
EX_arab_L(e),0.0055197,0.027598499999999998
EX_dcyt(e),0.007089333505175397,0.06380400154657857
EX_for(e),10.487724778764822,10.487724778764822
EX_gcald(e),0.002122288186689867,0.004244576373379734
EX_indole(e),0.06306202047730146,0.5044961638184117
EX_ins(e),1.0008864111320903,10.008864111320904
EX_pac(e),0.9528164320077251,7.622531456061801
EX_ppa(e),4.353280042354502,13.059840127063506
