,fluxes,C-fluxes
EX_ac(e),3.9995668869771968,7.9991337739543935
EX_adn(e),0.005128818708182074,0.051288187081820744
EX_dcyt(e),0.0183524522883785,0.1651720705954065
EX_for(e),1.4102356510638252,1.4102356510638252
