,fluxes,C-fluxes
EX_ac(e),8.881871171945493,17.763742343890986
EX_adn(e),0.00019922436558931342,0.0019922436558931344
EX_dcyt(e),0.007100093681608322,0.0639008431344749
EX_for(e),6.875764682749328,6.875764682749328
EX_fuc_L(e),0.000789,0.004734
EX_indole(e),0.04078370392471383,0.32626963139771065
EX_meoh(e),0.006511049999999999,0.006511049999999999
EX_pac(e),0.936098683957367,7.488789471658936
EX_ppa(e),0.0454166898694484,0.13625006960834518
