,fluxes,C-fluxes
EX_12ppd_S(e),0.14898579,0.44695737
EX_4abut(e),0.32467293582711326,1.298691743308453
EX_ac(e),15.523075553247114,31.04615110649423
EX_cys_L(e),0.17517284982488765,0.5255185494746629
EX_cytd(e),0.07232529451291679,0.6509276506162511
EX_etoh(e),2.206793659288309,4.413587318576618
EX_for(e),7.759887997402838,7.759887997402838
EX_glcur(e),0.00032865,0.0019719
EX_glyc(e),0.003848419281864935,0.011545257845594806
EX_phe_L(e),0.952582948776678,8.573246538990102
