,fluxes,C-fluxes
EX_ac(e),4.321039138102413,8.642078276204826
EX_etoh(e),0.39358448345109887,0.7871689669021977
EX_for(e),3.1593509488205256,3.1593509488205256
EX_gly(e),0.19878045786450943,0.39756091572901886
EX_glyc(e),0.001208393381781447,0.003625180145344341
EX_orn(e),0.05140015071175652,0.2570007535587826
EX_phe_L(e),0.9866656195837914,8.879990576254123
EX_pro_L(e),0.17340634103040584,0.8670317051520292
EX_uri(e),0.030604174973094707,0.27543757475785235
