,fluxes,C-fluxes
EX_ac(e),5.935785727709164,11.871571455418328
EX_cys_L(e),0.38976554888809367,1.169296646664281
EX_for(e),2.8383255015658277,2.8383255015658277
EX_glcur(e),0.00032865,0.0019719
EX_phe_L(e),0.9755806397194077,8.78022575747467
EX_pro_L(e),0.09999251618708825,0.49996258093544127
