,fluxes,C-fluxes
EX_ac(e),9.1161658769899,18.2323317539798
EX_etoh(e),1.517804790782243,3.035609581564486
EX_for(e),4.298923054540464,4.298923054540464
EX_gly(e),0.10985830425733688,0.21971660851467376
EX_lys_L(e),0.957828382659318,5.746970295955908
EX_phe_L(e),0.9278528680299966,8.35067581226997
EX_pro_L(e),0.014473813102426401,0.072369065512132
