,fluxes,C-fluxes
EX_12ppd_S(e),0.14898579,0.44695737
EX_ac(e),7.291512441140884,14.583024882281768
EX_etoh(e),0.477620294012093,0.955240588024186
EX_for(e),5.603130748943877,5.603130748943877
EX_gly(e),1.1773122282569408,2.3546244565138816
EX_glyc(e),0.002121724164079678,0.006365172492239034
EX_orn(e),0.08177747121681175,0.4088873560840588
EX_phe_L(e),0.9781217912639155,8.80309612137524
EX_pro_L(e),0.17137794397605013,0.8568897198802506
EX_uri(e),0.04581734485686463,0.41235610371178166
