,fluxes,C-fluxes
EX_ac(e),4.321038788872872,8.642077577745743
EX_etoh(e),0.39357959502884804,0.7871591900576961
EX_for(e),3.1593461212433964,3.1593461212433964
EX_gly(e),0.19878057852784373,0.39756115705568745
EX_glyc(e),0.001208393381781447,0.003625180145344341
EX_orn(e),0.05140125540633741,0.25700627703168705
EX_phe_L(e),0.9866660114541728,8.879994103087554
EX_pro_L(e),0.1734077832398146,0.867038916199073
EX_uri(e),0.03060423603190885,0.2754381242871797
