,fluxes,C-fluxes
EX_ac(e),10.513979842481145,21.02795968496229
EX_etoh(e),0.7718704795451471,1.5437409590902942
EX_for(e),5.180405615389918,5.180405615389918
EX_glcur(e),0.00032865,0.0019719
EX_glyc(e),0.15360725317509286,0.4608217595252786
EX_phe_L(e),0.9579409828035782,8.621468845232204
EX_pro_L(e),0.21772969539955433,1.0886484769977716
