,fluxes,C-fluxes
EX_ac(e),3.076419529639657,6.152839059279314
EX_cytd(e),0.023094933160731364,0.20785439844658227
EX_for(e),1.7941559699191125,1.7941559699191125
EX_gly(e),0.20711728418326597,0.41423456836653194
EX_glyc(e),0.0007419046981711146,0.002225714094513344
EX_phe_L(e),0.9254062735886949,8.328656462298254
EX_succ(e),0.017174076184350868,0.06869630473740347
