,fluxes,C-fluxes
EX_ac(e),4.280744876980728,8.561489753961457
EX_etoh(e),0.3013719360392933,0.6027438720785866
EX_for(e),3.095223675684703,3.095223675684703
EX_gly(e),0.18949370400799767,0.37898740801599534
EX_glyc(e),0.001640382833480055,0.004921148500440165
EX_orn(e),0.06584594365250884,0.3292297182625442
EX_phe_L(e),0.9819494251338775,8.837544826204898
EX_pro_L(e),0.16745576656543334,0.8372788328271668
EX_uri(e),0.037506082766047284,0.33755474489442555
