,fluxes,C-fluxes
EX_12ppd_S(e),0.14898579,0.44695737
EX_ac(e),13.521341587098854,27.04268317419771
EX_arab_L(e),0.00201572,0.0100786
EX_etoh(e),2.2534254084793166,4.506850816958633
EX_for(e),7.6634558822694965,7.6634558822694965
EX_phe_L(e),0.9522816333322561,8.570534699990304
EX_pro_L(e),0.217243920578857,1.086219602894285
