,fluxes,C-fluxes
EX_ac(e),6.130350606079458,12.260701212158915
EX_cys_L(e),0.16746190441109374,0.5023857132332812
EX_etoh(e),0.21621078817720937,0.43242157635441875
EX_for(e),3.435955263106054,3.435955263106054
EX_glcur(e),0.00032865,0.0019719
EX_phe_L(e),0.9718818693747703,8.746936824372932
EX_pro_L(e),0.10392535901771283,0.5196267950885641
