,fluxes,C-fluxes
EX_ac(e),10.38268557451727,20.76537114903454
EX_etoh(e),3.638886719195442,7.277773438390884
EX_for(e),8.162383552927889,8.162383552927889
EX_gly(e),0.13921467934118084,0.2784293586823617
EX_hista(e),0.13844911013411268,0.6922455506705634
EX_orn(e),0.2131942136393739,1.0659710681968695
EX_phe_L(e),0.958618059429833,8.627562534868497
EX_trypta(e),0.07041436522293384,0.7041436522293385
