,fluxes,C-fluxes
EX_ac(e),6.424098038103409,12.848196076206818
EX_cys_L(e),0.3541354042552717,1.062406212765815
EX_etoh(e),0.1640460843145218,0.3280921686290436
EX_for(e),3.4905793325317847,3.4905793325317847
EX_glcur(e),0.00032865,0.0019719
EX_phe_L(e),0.982571936587063,8.843147429283567
EX_pro_L(e),0.11075902800237984,0.5537951400118992
