,fluxes,C-fluxes
EX_5mthf(e),0.032639257574915904,0.6527851514983181
EX_ac(e),6.476557092682781,12.953114185365562
EX_cys_L(e),0.16088056186361713,0.4826416855908514
EX_for(e),3.504289550328506,3.504289550328506
EX_glcur(e),0.00032865,0.0019719
EX_glyc(e),0.001634476017098147,0.004903428051294441
EX_phe_L(e),0.9834889124078282,8.851400211670454
EX_pro_L(e),0.3012899220808054,1.506449610404027
EX_succ(e),0.0013105571807381108,0.005242228722952443
