,fluxes,C-fluxes
EX_ac(e),3.686794549887101,7.373589099774202
EX_for(e),2.0157990152565666,2.0157990152565666
EX_gly(e),0.18802101753211886,0.3760420350642377
EX_lys_L(e),0.9915234234291208,5.949140540574724
EX_phe_L(e),0.9808796817170737,8.827917135453664
EX_pro_L(e),0.05352816704224393,0.2676408352112197
