,fluxes,C-fluxes
EX_12ppd_S(e),0.14898579,0.44695737
EX_ac(e),5.929079424838303,11.858158849676606
EX_csn(e),0.024037508413603536,0.09615003365441414
EX_etoh(e),0.11111739909740216,0.22223479819480432
EX_for(e),3.1123245833898365,3.1123245833898365
EX_phe_L(e),0.9762171615184941,8.785954453666447
EX_pro_L(e),0.1323585198047863,0.6617925990239315
