,fluxes,C-fluxes
EX_ac(e),6.382216369528463,12.764432739056925
EX_cytd(e),0.06870146780051957,0.6183132102046761
EX_etoh(e),0.2676507107268913,0.5353014214537826
EX_for(e),5.0886408787753705,5.0886408787753705
EX_gly(e),1.181234797626602,2.362469595253204
EX_orn(e),0.032197086590470776,0.16098543295235387
EX_phe_L(e),0.9777700296324476,8.799930266692028
EX_pro_L(e),0.285008263506761,1.425041317533805
