,fluxes,C-fluxes
EX_5mthf(e),0.9985894708173465,19.97178941634693
EX_ac(e),12.149132175052117,24.298264350104233
EX_cys_L(e),0.2367504172075844,0.7102512516227533
EX_cytd(e),0.08904698207485649,0.8014228386737084
EX_for(e),5.122412741485246,5.122412741485246
EX_glcur(e),0.00032865,0.0019719
EX_phe_L(e),0.9652822484226109,8.687540235803498
EX_pro_L(e),0.17532997093467262,0.8766498546733631
EX_succ(e),0.11520350262260123,0.46081401049040494
