,fluxes,C-fluxes
EX_ac(e),4.321040604274435,8.64208120854887
EX_etoh(e),0.39358080730142964,0.7871616146028593
EX_for(e),3.159348515340979,3.159348515340979
EX_gly(e),0.19878048235986318,0.39756096471972635
EX_glyc(e),0.001208393381781447,0.003625180145344341
EX_orn(e),0.051401204730059026,0.2570060236502951
EX_phe_L(e),0.9866655373315323,8.87998983598379
EX_pro_L(e),0.17340740255220147,0.8670370127610073
EX_uri(e),0.030604234492819224,0.27543811043537303
