,fluxes,C-fluxes
EX_12ppd_S(e),0.14898579,0.44695737
EX_ac(e),6.130440789311977,12.260881578623954
EX_cys_L(e),0.423368350233514,1.270105050700542
EX_for(e),3.0143681127503092,3.0143681127503092
EX_phe_L(e),0.9655141480473032,8.68962733242573
EX_pro_L(e),0.1145063047534292,0.572531523767146
