,fluxes,C-fluxes
EX_ac(e),10.212594413231715,20.42518882646343
EX_cytd(e),0.08863540780536242,0.7977186702482617
EX_etoh(e),1.6937925828627225,3.387585165725445
EX_for(e),5.924054283060108,5.924054283060108
EX_glcur(e),0.00032865,0.0019719
EX_glyc(e),0.15380262754737706,0.4614078826421312
EX_phe_L(e),0.9504928713471574,8.554435842124416
EX_pro_L(e),0.19016299538162248,0.9508149769081125
EX_succ(e),0.11472697387725296,0.45890789550901184
