,fluxes,C-fluxes
EX_12ppd_S(e),0.14898579,0.44695737
EX_ac(e),9.956149310830803,19.912298621661606
EX_cytd(e),0.05202764910239039,0.4682488419215135
EX_etoh(e),0.30600189855065085,0.6120037971013017
EX_for(e),5.627897920944602,5.627897920944602
EX_glcur(e),0.00032865,0.0019719
EX_gly(e),1.168981256527191,2.337962513054382
EX_glyc(e),0.0025070583269646645,0.007521174980893993
EX_phe_L(e),0.9708181122165135,8.737363009948622
EX_pro_L(e),0.3266443836563567,1.6332219182817833
