,fluxes,C-fluxes
EX_4abut(e),0.18,0.72
EX_ac(e),13.360843185324924,26.72168637064985
EX_cys_L(e),0.9971158873586295,2.9913476620758885
EX_etoh(e),1.1536852861832245,2.307370572366449
EX_for(e),6.152935487349058,6.152935487349058
EX_glyc(e),0.0038362418234544073,0.011508725470363221
EX_phe_L(e),0.9555237640386087,8.59971387634748
