,fluxes,C-fluxes
EX_ac(e),4.824995890862065,9.64999178172413
EX_cytd(e),0.031857666191253145,0.2867189957212783
EX_for(e),3.681124185434009,3.681124185434009
EX_gly(e),1.1976206293381826,2.395241258676365
EX_glyc(e),0.0012690880602564164,0.0038072641807692493
EX_phe_L(e),0.7477251574412787,6.729526416971508
EX_succ(e),0.02980598898140847,0.11922395592563388
