,fluxes,C-fluxes
EX_ac(e),4.291748514558101,8.583497029116202
EX_etoh(e),0.20394872826435206,0.4078974565287041
EX_for(e),2.9425356781267396,2.9425356781267396
EX_gly(e),0.18468748024920079,0.36937496049840157
EX_glyc(e),0.001759803251636024,0.005279409754908072
EX_ile_L(e),0.2619280006526417,1.5715680039158504
EX_orn(e),0.01931018182517986,0.09655090912589931
EX_phe_L(e),0.9806536035147663,8.825882431632897
EX_pro_L(e),0.11475201258891868,0.5737600629445934
