,fluxes,C-fluxes
EX_ac(e),6.775224107961724,13.550448215923447
EX_cys_L(e),0.9946637732751119,2.9839913198253356
EX_for(e),6.058933115317808,6.058933115317808
EX_phe_L(e),0.9480837277463406,8.532753549717066
