,fluxes,C-fluxes
EX_ac(e),7.676132461028841,15.352264922057682
EX_cys_L(e),0.9870411244661418,2.9611233733984252
EX_for(e),3.2568193043204965,3.2568193043204965
EX_nac(e),0.08562331249643154,0.5137398749785893
EX_succ(e),0.22321436634231398,0.8928574653692559
