,fluxes,C-fluxes
EX_ac(e),7.684121798156359,15.368243596312718
EX_for(e),6.397271669782781,6.397271669782781
EX_gln_L(e),0.0769473016584828,0.384736508292414
EX_gly(e),0.11546983386309616,0.23093966772619232
