,fluxes,C-fluxes
EX_12ppd_S(e),0.14898579,0.44695737
EX_ac(e),7.429998548062035,14.85999709612407
EX_but(e),2.830922970566684,11.323691882266736
EX_gln_L(e),0.07627968451609118,0.3813984225804559
EX_ile_L(e),0.9186149186528466,5.51168951191708
EX_indole(e),0.07955166527728429,0.6364133222182743
EX_nac(e),0.09728158280318042,0.5836894968190824
EX_phe_L(e),0.9143515692873191,8.229164123585871
EX_succ(e),0.0008516072248219367,0.0034064288992877467
EX_ura(e),0.9705877817998725,3.88235112719949
