,fluxes,C-fluxes
EX_ac(e),2.14541863686055,4.2908372737211
EX_dad_2(e),0.995195400689014,9.95195400689014
EX_gcald(e),0.0005546483625011416,0.001109296725002283
EX_gua(e),0.05563984964779752,0.2781992482389876
EX_hista(e),0.13624706184098276,0.6812353092049138
EX_ins(e),0.9449181572327332,9.449181572327332
EX_phe_L(e),0.9803217572168614,8.822895814951753
EX_ppa(e),3.541005603956445,10.623016811869334
EX_succ(e),0.340219317454924,1.360877269819696
