,fluxes,C-fluxes
EX_ac(e),0.967801249658825,1.93560249931765
EX_dad_2(e),1.9708568425360733,19.70856842536073
EX_etoh(e),2.4354609258559097,4.870921851711819
EX_gcald(e),0.0058978004651788225,0.011795600930357645
EX_ile_L(e),0.8892945039599824,5.335767023759894
EX_lys_L(e),0.9221975773629872,5.533185464177923
EX_met_L(e),0.2387553757667985,1.1937768788339924
EX_succ(e),11.384717562339949,45.538870249359796
