,fluxes,C-fluxes
EX_ac(e),3.2089992076705234,6.417998415341047
EX_ile_L(e),2.196882877293862,13.181297263763172
EX_orn(e),0.9380997227101022,4.690498613550512
EX_succ(e),0.8754380260472097,3.5017521041888386
