,fluxes,C-fluxes
EX_ac(e),24.214511474882762,48.429022949765525
EX_acald(e),0.32466998321034135,0.6493399664206827
EX_for(e),0.014826227647106314,0.014826227647106314
EX_gua(e),0.9525544819606013,4.762772409803007
EX_leu_L(e),0.7204772592413845,4.322863555448307
EX_lys_L(e),0.9576359665469238,5.745815799281543
EX_phe_L(e),0.915060510224163,8.235544592017467
EX_trypta(e),0.057392184262199455,0.5739218426219945
