,fluxes,C-fluxes
EX_acac(e),1.256692023902899,5.026768095611596
EX_hxan(e),0.9677713271496571,4.838856635748286
EX_ile_L(e),0.8428460256506141,5.057076153903685
EX_lys_L(e),0.8969414823821055,5.381648894292633
EX_succ(e),11.07497536712005,44.2999014684802
