,fluxes,C-fluxes
EX_ac(e),8.066588949243563,16.133177898487126
EX_ade(e),1.9371409017571435,9.685704508785717
EX_but(e),2.795770561750024,11.183082247000096
EX_dgsn(e),0.9609052462972215,9.609052462972215
EX_for(e),14.215727021504588,14.215727021504588
EX_ile_L(e),0.8707293642927885,5.22437618575673
EX_phe_L(e),0.8690592027883421,7.82153282509508
