,fluxes,C-fluxes
EX_ac(e),0.2081725072101822,0.4163450144203644
EX_but(e),3.0651149083004787,12.260459633201915
EX_for(e),6.292468863914563,6.292468863914563
EX_nac(e),0.07200181951061223,0.43201091706367334
