,fluxes,C-fluxes
EX_ac(e),2.305182292086314,4.610364584172628
EX_ade(e),1.951881981721041,9.759409908605205
EX_for(e),0.023974209954867078,0.023974209954867078
EX_gcald(e),0.003112563207179399,0.006225126414358798
EX_gua(e),0.9861123634666457,4.930561817333229
EX_indole(e),0.07062398897813704,0.5649919118250963
EX_ppa(e),9.689910413600206,29.069731240800618
