,fluxes,C-fluxes
EX_for(e),0.2739988550426951,0.2739988550426951
EX_gly(e),0.9702847271477016,1.9405694542954033
EX_nac(e),0.017762206952519472,0.10657324171511684
EX_pyr(e),1.4598979216819603,4.3796937650458805
EX_succ(e),1.891112730602034,7.564450922408136
