,fluxes,C-fluxes
EX_cys_L(e),0.009591834812017166,0.028775504436051497
EX_succ(e),0.6674295543795074,2.6697182175180294
