,fluxes,C-fluxes
EX_ala_L(e),0.5410674642636338,1.6232023927909016
EX_succ(e),1.9764123897832815,7.905649559133126
TS_for_c,0.5900516968185906,0.5900516968185906
