,fluxes,C-fluxes
EX_akg(e),0.48516103026700325,2.425805151335016
EX_cytd(e),0.0415788084233817,0.3742092758104353
EX_gly(e),0.9363676529787534,1.8727353059575067
EX_ptrc(e),0.05592254040796934,0.22369016163187735
EX_pyr(e),0.9649799015580176,2.894939704674053
EX_succ(e),2.127467306761308,8.509869227045233
