,fluxes,C-fluxes
EX_akg(e),0.4853736389821739,2.4268681949108695
EX_cytd(e),0.041628194423784556,0.374653749814061
EX_gly(e),0.9360111016555883,1.8720222033111766
EX_ptrc(e),0.05631148941110535,0.2252459576444214
EX_pyr(e),0.9656600087414552,2.8969800262243655
EX_succ(e),2.126991080752844,8.507964323011375
