,fluxes,C-fluxes
EX_cytd(e),0.011639165586421103,0.10475249027778992
EX_dad_2(e),0.0006743258369557469,0.006743258369557469
EX_pyr(e),1.5755084896770375,4.726525469031112
EX_succ(e),0.8148124031268544,3.2592496125074177
