,fluxes,C-fluxes
EX_akg(e),0.48595868151159743,2.429793407557987
EX_cytd(e),0.04163206594155757,0.3746885934740181
EX_gly(e),0.9358742976770225,1.871748595354045
EX_ptrc(e),0.05581378498366656,0.22325513993466625
EX_pyr(e),0.9645606708571428,2.8936820125714284
EX_succ(e),2.1272707226607386,8.509082890642954
