,fluxes,C-fluxes
EX_cytd(e),0.01227076036829205,0.11043684331462846
EX_gly(e),0.0008413990060032711,0.0016827980120065421
EX_pyr(e),1.8071350210844126,5.421405063253237
EX_succ(e),0.9668242279745803,3.8672969118983214
