,fluxes,C-fluxes
EX_cytd(e),0.007710307776830037,0.06939276999147034
EX_pyr(e),1.1014763815795758,3.3044291447387275
EX_succ(e),1.0821902289018532,4.328760915607413
