,fluxes,C-fluxes
EX_ac(e),6.543099367319528,13.086198734639057
EX_ade(e),0.9965948460992935,4.982974230496468
EX_cys_L(e),0.9875512737199105,2.9626538211597313
EX_dcyt(e),0.9686910473091453,8.718219425782308
EX_fru(e),0.20611059950904942,1.2366635970542965
EX_gcald(e),0.0013550201582574822,0.0027100403165149643
EX_glyc(e),0.0046595364589457995,0.013978609376837398
EX_nac(e),0.9995483253695372,5.997289952217223
