,fluxes,C-fluxes
EX_ac(e),3.1168057497895005,6.233611499579001
EX_ade(e),0.9996708181604029,4.998354090802015
EX_cys_L(e),0.9959791443809269,2.987937433142781
EX_dcyt(e),0.9321286906136984,8.389158215523286
EX_gcald(e),0.0005040996130735865,0.001008199226147173
EX_lac_D(e),2.5045105554460307,7.513531666338093
EX_nac(e),0.9998319665241683,5.99899179914501
EX_succ(e),0.05208635361352831,0.20834541445411325
