,fluxes,C-fluxes
EX_ac(e),3.1859730974152454,6.371946194830491
EX_but(e),3.127689037456038,12.510756149824152
EX_for(e),7.8519641317063815,7.8519641317063815
EX_isobut(e),0.1189302342896725,0.47572093715869
EX_phe_L(e),0.8856103831762535,7.970493448586281
