,fluxes,C-fluxes
EX_ac(e),19.92360852804671,39.84721705609342
EX_dad_2(e),1.0007610134070806,10.007610134070806
EX_for(e),16.04935224715123,16.04935224715123
EX_gcald(e),2.909218421223833,5.818436842447666
EX_indole(e),0.03764966051215424,0.3011972840972339
EX_nac(e),0.9962788727375406,5.977673236425243
EX_phe_L(e),0.7356329168668441,6.620696251801597
EX_ppa(e),0.02677302122738607,0.08031906368215821
