,fluxes,C-fluxes
EX_ac(e),19.94860889782285,39.8972177956457
EX_dad_2(e),1.000804028667216,10.00804028667216
EX_for(e),16.139641593631367,16.139641593631367
EX_gcald(e),3.003142466271371,6.006284932542742
EX_indole(e),0.03812272961256848,0.30498183690054786
EX_nac(e),0.9963194834177527,5.977916900506516
EX_phe_L(e),0.7274380050740648,6.546942045666583
EX_ppa(e),0.07988755810667092,0.23966267432001276
