,fluxes,C-fluxes
EX_4hphac(e),0.9135220998409258,7.308176798727406
EX_ac(e),15.057254308630272,30.114508617260544
EX_dad_2(e),1.0058562225906065,10.058562225906066
EX_for(e),20.75525425720429,20.75525425720429
EX_indole(e),0.018227460406105702,0.14581968324884562
EX_nac(e),0.9983006925629433,5.9898041553776595
EX_ppa(e),0.29797158,0.89391474
EX_ptrc(e),0.995481130339513,3.981924521358052
EX_val_L(e),1.1918217118303098,5.959108559151549
