,fluxes,C-fluxes
EX_ac(e),5.604441952097196,11.208883904194392
EX_but(e),1.4966601273042734,5.986640509217094
EX_etoh(e),0.9712337716712829,1.9424675433425658
EX_for(e),7.995623654171683,7.995623654171683
EX_ile_L(e),0.9229472560049923,5.537683536029954
EX_phe_L(e),0.9105441321156422,8.19489718904078
EX_ppa(e),0.17454991018428648,0.5236497305528595
EX_ura(e),0.95886128325893,3.83544513303572
