,fluxes,C-fluxes
EX_ac(e),21.78864599012643,43.57729198025286
EX_for(e),9.427429068891925,9.427429068891925
EX_gln_L(e),5.947888552451341,29.739442762256708
EX_hxan(e),0.9397078561712534,4.698539280856267
EX_ile_L(e),0.7954318905221476,4.772591343132886
EX_indole(e),0.07024560721480391,0.5619648577184313
EX_tma(e),1.0,3.0
