,fluxes,C-fluxes
EX_ac(e),8.50170797076827,17.00341594153654
EX_cys_L(e),0.9745579786187144,2.923673935856143
EX_etoh(e),0.17035787312614384,0.3407157462522877
EX_nac(e),0.9977094928460146,5.986256957076088
EX_succ(e),7.421772265222974,29.687089060891896
EX_tma(e),1.0,3.0
