,fluxes,C-fluxes
EX_ac(e),5.707357750044173,11.414715500088345
EX_cys_L(e),0.9851296594840814,2.9553889784522442
EX_for(e),3.5318524014953,3.5318524014953
EX_nac(e),0.06145796276141008,0.3687477765684605
EX_succ(e),1.5272632926215859,6.1090531704863436
