,fluxes,C-fluxes
EX_but(e),1.2465157173057915,4.986062869223166
EX_pro_L(e),0.1304723364831655,0.6523616824158275
EX_succ(e),1.615771524997144,6.463086099988576
