,fluxes,C-fluxes
EX_ac(e),2.5795214545188347,5.1590429090376695
EX_for(e),2.0694939030818973,2.0694939030818973
EX_nac(e),0.0059371789895599015,0.03562307393735941
