,fluxes,C-fluxes
EX_ac(e),5.811527005992643,11.623054011985285
EX_etoh(e),0.8185888771430679,1.6371777542861359
EX_for(e),4.5319800569451845,4.5319800569451845
EX_phe_L(e),0.9175809655225348,8.258228689702813
