,fluxes,C-fluxes
EX_ac(e),2.94551791726233,5.89103583452466
EX_ade(e),0.94436967591075,4.72184837955375
EX_but(e),9.509310859237546,38.037243436950185
EX_csn(e),1.9171421697912354,7.668568679164942
EX_for(e),17.528335151091078,17.528335151091078
EX_gua(e),0.959715769184303,4.798578845921515
EX_ile_L(e),0.8031079771982031,4.818647863189219
EX_nac(e),0.47172238593424565,2.830334315605474
EX_phe_L(e),0.8071912106899822,7.26472089620984
EX_ppa(e),1.0,3.0
