,fluxes,C-fluxes
EX_ac(e),10.502134257677815,21.00426851535563
EX_cys_L(e),0.9532092857683558,2.8596278573050675
EX_for(e),0.008129395813766285,0.008129395813766285
EX_ura(e),0.9611172608903262,3.844469043561305
