,fluxes,C-fluxes
EX_ac(e),11.420412998609573,22.840825997219145
EX_ade(e),1.9448244592554569,9.724122296277285
EX_etoh(e),5.006314118074864,10.012628236149729
EX_for(e),10.002882451623174,10.002882451623174
EX_gua(e),0.9654154792036195,4.8270773960180975
EX_ile_L(e),0.1624449184856381,0.9746695109138286
EX_nac(e),0.9970551238614088,5.982330743168453
EX_phe_L(e),0.9235982239598128,8.312384015638315
EX_ppa(e),0.7822426602894256,2.346727980868277
EX_ura(e),0.9578909227606766,3.831563691042706
