,fluxes,C-fluxes
EX_ac(e),35.142505823596224,70.28501164719245
EX_for(e),0.030171170567028283,0.030171170567028283
EX_gcald(e),0.01618879451136389,0.03237758902272778
EX_hxan(e),0.8964903364052499,4.48245168202625
EX_lys_L(e),0.6966179433202513,4.179707659921508
EX_phe_L(e),0.7146974142930712,6.432276728637641
EX_ura(e),0.8129448900212597,3.2517795600850388
