,fluxes,C-fluxes
EX_ac(e),12.126779617095934,24.25355923419187
EX_cys_L(e),0.03578652455132092,0.10735957365396276
EX_for(e),4.166503706868699,4.166503706868699
EX_hxan(e),0.8999001502436087,4.499500751218044
EX_succ(e),8.462599200206766,33.85039680082706
EX_tma(e),1.0,3.0
