,fluxes,C-fluxes
EX_ac(e),11.844403542899514,23.688807085799027
EX_cys_L(e),0.9776033117989789,2.9328099353969366
EX_for(e),0.0037956468380129092,0.0037956468380129092
EX_ura(e),0.9894356453305942,3.957742581322377
