,fluxes,C-fluxes
EX_ac(e),7.655685249541595,15.31137049908319
EX_cys_L(e),0.966386110566771,2.8991583317003133
EX_dad_2(e),0.9359368290079589,9.359368290079589
EX_etoh(e),0.7091997824273826,1.4183995648547651
EX_lys_L(e),0.8740267029771417,5.24416021786285
EX_nac(e),0.993375336273256,5.960252017639537
EX_succ(e),8.061444332272645,32.24577732909058
EX_thymd(e),0.8617611801290229,8.617611801290229
EX_tma(e),1.0,3.0
