,fluxes,C-fluxes
EX_ac(e),20.19816024328433,40.39632048656866
EX_ch4s(e),3.098049578698593,3.098049578698593
EX_ind3ppa(e),0.0728216086605601,0.8010376952661611
EX_pac(e),1.8692865424286542,14.954292339429234
EX_ppa(e),1.099962391945803,3.299887175837409
EX_urea(e),0.09020285985124513,0.09020285985124513
