,fluxes,C-fluxes
EX_ac(e),8.155606285618939,16.311212571237878
EX_ala_L(e),0.010269762128104876,0.030809286384314627
EX_but(e),2.453180631674759,9.812722526699035
EX_etoh(e),0.10621979902762342,0.21243959805524684
EX_for(e),12.729357602882704,12.729357602882704
EX_orn(e),0.026169849381983627,0.13084924690991814
