,fluxes,C-fluxes
EX_ac(e),7.7789815124202635,15.557963024840527
EX_ala_L(e),2.958597081163833,8.875791243491499
EX_but(e),0.23234095345773495,0.9293638138309398
EX_etoh(e),3.2710459148167352,6.5420918296334705
EX_for(e),11.05215166012408,11.05215166012408
EX_orn(e),0.036630469599908226,0.18315234799954114
