,fluxes,C-fluxes
EX_13ppd(e),0.6367951209070813,1.910385362721244
EX_ac(e),8.943047181223228,17.886094362446457
EX_adn(e),0.0002737019213703203,0.002737019213703203
EX_ala_L(e),0.14690329669323687,0.4407098900797106
EX_arab_L(e),0.0055197,0.027598499999999998
EX_for(e),9.272071858268186,9.272071858268186
EX_gal(e),0.00091995,0.0055197
EX_nac(e),0.9972986122394738,5.983791673436842
EX_xyl_D(e),0.0091995,0.0459975
