,fluxes,C-fluxes
EX_ac(e),11.550960526526977,23.101921053053953
EX_dad_2(e),1.9247870386592338,19.24787038659234
EX_dcyt(e),0.8680784096174714,7.812705686557242
EX_ile_L(e),0.7660639177172726,4.596383506303635
EX_nac(e),0.995429957613651,5.972579745681906
EX_succ(e),12.631507941672908,50.52603176669163
EX_tma(e),1.0,3.0
