,fluxes,C-fluxes
EX_ac(e),7.98207791833897,15.96415583667794
EX_but(e),5.016260425317702,20.065041701270808
EX_dad_2(e),1.9303177965935054,19.303177965935056
EX_dcyt(e),0.8791430492377253,7.912287443139528
EX_for(e),19.883966405295673,19.883966405295673
EX_phe_L(e),0.8126337955040357,7.3137041595363215
EX_ppa(e),0.05303594369484189,0.15910783108452567
EX_tma(e),1.0,3.0
