,fluxes,C-fluxes
EX_ac(e),3.115644831467209,6.231289662934418
EX_etoh(e),2.4939126181423728,4.9878252362847455
EX_for(e),4.779697568519716,4.779697568519716
EX_orn(e),0.12640226274669988,0.6320113137334994
