,fluxes,C-fluxes
EX_ac(e),8.093175588203696,16.186351176407392
EX_etoh(e),5.714686310915991,11.429372621831982
EX_for(e),11.65087085522428,11.65087085522428
EX_gly(e),0.047220013278710206,0.09444002655742041
EX_orn(e),0.15,0.75
