,fluxes,C-fluxes
EX_ac(e),1.9875556384527486,3.9751112769054973
EX_etoh(e),1.6431945931283738,3.2863891862567476
EX_for(e),3.634275986224188,3.634275986224188
EX_hxan(e),0.9848963467434924,4.924481733717462
EX_orn(e),0.04826000761566856,0.2413000380783428
