,fluxes,C-fluxes
EX_ac(e),3.4971335103542627,6.994267020708525
EX_asp_L(e),0.18340449609378995,0.7336179843751598
EX_but(e),2.498049454993493,9.992197819973972
EX_for(e),6.300737545073851,6.300737545073851
EX_isobut(e),0.16224483916515303,0.6489793566606121
