,fluxes,C-fluxes
EX_ac(e),0.3972853807744224,0.7945707615488448
EX_but(e),1.0817936116889582,4.327174446755833
EX_for(e),2.7917993680922963,2.7917993680922963
EX_nac(e),0.029354521593993658,0.17612712956396195
