,fluxes,C-fluxes
EX_ac(e),7.0336702512591165,14.067340502518233
EX_but(e),1.3875827498191318,5.550330999276527
EX_for(e),6.205013199008102,6.205013199008102
EX_met_L(e),0.8903098809755183,4.451549404877592
EX_orn(e),0.04434300830156278,0.2217150415078139
EX_succ(e),0.03434300830156278,0.13737203320625113
