,fluxes,C-fluxes
EX_ac(e),6.552202979714918,13.104405959429837
EX_dad_2(e),0.03293971102893761,0.3293971102893761
EX_for(e),5.448003964683149,5.448003964683149
EX_hista(e),0.12530179656566529,0.6265089828283265
EX_phe_L(e),0.9391077378321074,8.451969640488967
EX_ppa(e),4.797782182812251,14.393346548436753
EX_pro_L(e),0.1700034445841067,0.8500172229205336
EX_trypta(e),0.0662440325094801,0.662440325094801
