,fluxes,C-fluxes
EX_ac(e),2.4467320233328,4.8934640466656
EX_dad_2(e),0.9873552946068633,9.873552946068633
EX_gua(e),0.9802585632831942,4.901292816415971
EX_hista(e),0.12703002454580825,0.6351501227290413
EX_lys_L(e),0.9759930021949942,5.855958013169965
EX_orn(e),0.007940198814838963,0.03970099407419481
EX_phe_L(e),0.9623902055090164,8.661511849581148
EX_ppa(e),8.002649924976172,24.007949774928516
EX_trypta(e),0.06749093723932154,0.6749093723932154
