,fluxes,C-fluxes
EX_ac(e),1.8878918457211198,3.7757836914422396
EX_dad_2(e),0.9860545260913472,9.860545260913472
EX_for(e),0.5465643701377672,0.5465643701377672
EX_lac_L(e),5.989073504518488,17.967220513555464
EX_lys_L(e),0.9766135480873307,5.859681288523984
EX_phe_L(e),0.9548589938936674,8.593730945043006
EX_ppa(e),0.03795044573478149,0.11385133720434448
EX_succ(e),0.01795044573478149,0.07180178293912597
EX_val_L(e),1.5206863200339646,7.603431600169824
