,fluxes,C-fluxes
EX_ac(e),0.9007254803475813,1.8014509606951625
EX_ala_L(e),2.5022878539121254,7.506863561736376
EX_for(e),0.005318042428231627,0.005318042428231627
EX_gcald(e),0.0007877688386533117,0.0015755376773066234
EX_hista(e),0.13542129906657321,0.677106495332866
EX_ile_L(e),0.7792137050394086,4.675282230236451
EX_lac_L(e),6.322020812240129,18.966062436720385
EX_tym(e),0.9826382921651904,7.861106337321523
