,fluxes,C-fluxes
EX_ac(e),0.8121994324875766,1.6243988649751533
EX_ala_L(e),4.304567008180143,12.91370102454043
EX_hista(e),0.12271665863026651,0.6135832931513325
EX_hxan(e),0.983413448661115,4.917067243305575
EX_lac_L(e),6.9761139303184505,20.92834179095535
EX_nac(e),0.9994167062455359,5.9965002374732155
EX_orn(e),0.03350316735481414,0.16751583677407067
EX_ppa(e),0.40523996171199167,1.215719885135975
EX_tym(e),0.9725995799764748,7.780796639811799
