,fluxes,C-fluxes
EX_15dap(e),0.11966757337040926,0.5983378668520463
EX_ac(e),1.4713379015956,2.9426758031912
EX_asp_L(e),1.337829862367406,5.351319449469624
EX_fum(e),0.004245571750213699,0.016982287000854798
EX_tyr_L(e),9.994378030138819,89.94940227124937
EX_val_L(e),0.6067391471665838,3.0336957358329193
