,fluxes,C-fluxes
EX_ac(e),5.350179109528625,10.70035821905725
EX_ala_L(e),5.0604279045122675,15.181283713536804
EX_for(e),0.007097122888879353,0.007097122888879353
EX_glu_L(e),0.10322217969510816,0.5161108984755408
EX_hista(e),0.1251823220855812,0.625911610427906
EX_lac_L(e),2.802479356539183,8.407438069617548
EX_phe_L(e),0.9691333044728409,8.722199740255567
EX_ppa(e),0.42663928336043283,1.2799178500812984
EX_succ(e),0.005506872477715619,0.022027489910862477
EX_ura(e),1.0,4.0
