,fluxes,C-fluxes
EX_4hphac(e),0.9737129255813263,7.78970340465061
EX_5mta(e),0.0008088484513485997,0.008897332964834597
EX_ac(e),7.888592440541399,15.777184881082798
EX_adn(e),0.0002189211487228314,0.002189211487228314
EX_dad_2(e),0.973497719505576,9.734977195055759
EX_for(e),0.06288946144334417,0.06288946144334417
EX_indole(e),0.05273425394005441,0.4218740315204353
EX_lys_L(e),0.9371240134984596,5.622744080990758
EX_ppa(e),10.417633547740458,31.252900643221373
