,fluxes,C-fluxes
EX_ac(e),5.331017617438911,10.662035234877822
EX_cys_L(e),0.9901422580323294,2.970426774096988
EX_for(e),3.9694108387289537,3.9694108387289537
EX_phe_L(e),0.9591496580122756,8.63234692211048
