,fluxes,C-fluxes
EX_ac(e),3.7595850609372934,7.519170121874587
EX_cys_L(e),0.9936134023966903,2.980840207190071
EX_for(e),1.255498830998178,1.255498830998178
EX_orn(e),0.02991767764422412,0.14958838822112058
EX_phe_L(e),0.9763741026423064,8.787366923780757
