,fluxes,C-fluxes
EX_ac(e),4.257206003364931,8.514412006729861
EX_ade(e),1.9827258319314907,9.913629159657454
EX_dgsn(e),0.9883474960988016,9.883474960988016
EX_for(e),3.6595664221071207,3.6595664221071207
EX_phe_L(e),0.9452114799512026,8.506903319560823
EX_ppa(e),3.27601106293481,9.82803318880443
EX_ptrc(e),0.9779965080546594,3.9119860322186377
