,fluxes,C-fluxes
EX_ade(e),2.2432092458258577,11.216046229129288
EX_for(e),0.0024469515706107277,0.0024469515706107277
EX_lac_L(e),3.7019970546666863,11.10599116400006
EX_nac(e),2.251044332394731,13.506265994368388
EX_ptrc(e),0.9842286638945845,3.936914655578338
EX_ser_L(e),0.1860378507470354,0.5581135522411063
