,fluxes,C-fluxes
EX_ac(e),7.410169750911487,14.820339501822975
EX_etoh(e),4.465945259174093,8.931890518348187
EX_for(e),10.934599294904919,10.934599294904919
EX_met_L(e),0.35531743056700493,1.7765871528350248
EX_nac(e),0.21279140505059235,1.2767484303035541
EX_orn(e),0.025928583038848516,0.1296429151942426
