,fluxes,C-fluxes
EX_ac(e),12.877290900304049,25.754581800608097
EX_dad_2(e),0.9695934769348175,9.695934769348174
EX_for(e),5.2921071191696685,5.2921071191696685
