,fluxes,C-fluxes
EX_ac(e),15.209633638824485,30.41926727764897
EX_dad_2(e),1.0005507883418814,10.005507883418813
EX_etoh(e),0.5522692601627763,1.1045385203255527
EX_for(e),14.051671772809636,14.051671772809636
EX_ile_L(e),0.009956869181186276,0.05974121508711766
EX_indole(e),0.029742022933311484,0.23793618346649187
EX_nac(e),0.9969820252998958,5.981892151799375
EX_phe_L(e),0.8474710676348435,7.627239608713591
EX_ptrc(e),1.0,4.0
EX_val_L(e),0.33497428008516145,1.6748714004258072
