,fluxes,C-fluxes
EX_ac(e),7.461797857563152,14.923595715126304
EX_for(e),4.459893970882645,4.459893970882645
EX_nac(e),0.9991264315051381,5.994758589030829
EX_succ(e),0.9762325555596159,3.9049302222384634
