,fluxes,C-fluxes
EX_4abut(e),0.18,0.72
EX_ac(e),4.77770804152037,9.55541608304074
EX_for(e),2.153066479132403,2.153066479132403
