,fluxes,C-fluxes
EX_ac(e),1.120948778635083,2.241897557270166
EX_adn(e),0.0002133242989392813,0.002133242989392813
EX_akg(e),1.1376822180094472,5.688411090047236
EX_for(e),0.8700514423514806,0.8700514423514806
EX_gly(e),0.1369722103773077,0.2739444207546154
