,fluxes,C-fluxes
EX_ac(e),3.0302154371292493,6.060430874258499
EX_for(e),3.1515049905071413,3.1515049905071413
EX_hista(e),0.1431904548428332,0.715952274214166
EX_ptrc(e),1.0,4.0
EX_succ(e),1.6812794294010736,6.725117717604294
EX_trypta(e),0.06840153129827219,0.6840153129827219
