,fluxes,C-fluxes
EX_4abut(e),0.18,0.72
EX_ac(e),14.148111124615072,28.296222249230144
EX_dad_2(e),1.2920148034614323,12.920148034614323
EX_dcyt(e),0.9323235138546393,8.390911624691753
EX_etoh(e),2.4304384816639777,4.860876963327955
EX_for(e),8.999256200197156,8.999256200197156
EX_orn(e),0.0378167129961374,0.18908356498068699
EX_ppa(e),0.14898579,0.44695737
EX_tma(e),1.0,3.0
