,fluxes,C-fluxes
EX_ac(e),7.886402560401608,15.772805120803216
EX_etoh(e),6.01300390595895,12.0260078119179
EX_for(e),12.028689309852327,12.028689309852327
EX_nac(e),0.9982875465892933,5.98972527953576
