,fluxes,C-fluxes
EX_12ppd_S(e),0.14898579,0.44695737
EX_ac(e),9.659959088128058,19.319918176256117
EX_etoh(e),4.987944222212333,9.975888444424665
EX_for(e),12.424344194663451,12.424344194663451
EX_ile_L(e),0.8521297664018358,5.112778598411015
EX_orn(e),0.10159227730762133,0.5079613865381066
EX_succ(e),0.05129480832948171,0.20517923331792684
EX_tma(e),1.0,3.0
