,fluxes,C-fluxes
EX_ac(e),6.874656776675863,13.749313553351726
EX_ade(e),2.3130939952171756,11.565469976085879
EX_cys_L(e),0.11426242180120347,0.3427872654036104
EX_etoh(e),6.644228958590953,13.288457917181907
EX_for(e),11.207800503822446,11.207800503822446
EX_gua(e),0.6270478449293244,3.135239224646622
EX_ile_L(e),0.18955049457506057,1.1373029674503634
EX_orn(e),0.0325525247790179,0.1627626238950895
EX_succ(e),0.0024732290413952787,0.009892916165581115
