,fluxes,C-fluxes
EX_ac(e),6.358635408132774,12.717270816265549
EX_dad_2(e),0.9791011125661355,9.791011125661356
EX_etoh(e),3.8557562447855265,7.711512489571053
EX_for(e),8.35859842883606,8.35859842883606
TS_thglu_c,0.00011832846693524731,0.0028398832064459355
