,fluxes,C-fluxes
EX_4abut(e),0.08133782520689134,0.32535130082756536
EX_ac(e),4.231867195848591,8.463734391697182
EX_cys_L(e),0.8507293415298983,2.552188024589695
EX_etoh(e),2.4042811506176545,4.808562301235309
EX_for(e),0.011716737846318073,0.011716737846318073
EX_lys_L(e),0.9059332259614586,5.435599355768752
EX_orn(e),0.0998352158712115,0.49917607935605746
EX_succ(e),8.3981711555683,33.5926846222732
