,fluxes,C-fluxes
EX_12ppd_S(e),0.29797158,0.89391474
EX_ac(e),19.240837953464816,38.48167590692963
EX_dad_2(e),1.0007465072954447,10.007465072954446
EX_for(e),15.213185265699758,15.213185265699758
EX_gcald(e),2.951968073706563,5.903936147413126
EX_nac(e),0.9964637018340732,5.9787822110044395
EX_phe_L(e),0.7300425102711905,6.570382592440715
EX_ptrc(e),0.9948579201944716,3.9794316807778864
