,fluxes,C-fluxes
EX_ac(e),22.46352578570452,44.92705157140904
EX_dad_2(e),1.0007896767847968,10.007896767847967
EX_for(e),7.105565706560543,7.105565706560543
EX_gcald(e),5.265536585239992,10.531073170479983
EX_indole(e),0.04387826722724554,0.3510261378179643
EX_nac(e),0.9961045527478891,5.976627316487335
EX_phe_L(e),0.7408130839050368,6.667317755145331
EX_ppa(e),0.08935314261508873,0.26805942784526615
EX_ptrc(e),1.003363663885306,4.013454655541224
