,fluxes,C-fluxes
EX_4abut(e),1.39897025878257,5.59588103513028
EX_ac(e),16.57059349130179,33.14118698260358
EX_dad_2(e),1.0007899913586777,10.007899913586778
EX_for(e),15.37650581707375,15.37650581707375
EX_indole(e),0.055839321031168676,0.4467145682493494
EX_nac(e),0.9959613729625648,5.975768237775389
EX_phe_L(e),0.7317288301729451,6.585559471556506
EX_ptrc(e),1.0099504899830918,4.039801959932367
EX_urea(e),0.00995048998309173,0.00995048998309173
