,fluxes,C-fluxes
EX_ac(e),24.45718158565543,48.91436317131086
EX_dad_2(e),1.0006794186419405,10.006794186419405
EX_for(e),5.434711076857105,5.434711076857105
EX_indole(e),0.04754890735625898,0.38039125885007186
EX_nac(e),0.9964565357368489,5.978739214421093
EX_phe_L(e),0.7993764927141045,7.194388434426941
EX_ppa(e),0.0556031755983099,0.1668095267949297
EX_ptrc(e),1.0,4.0
EX_tma(e),1.0,3.0
