,fluxes,C-fluxes
EX_ac(e),23.580865573863534,47.16173114772707
EX_dad_2(e),1.0006528994449928,10.006528994449928
EX_for(e),5.821722560253171,5.821722560253171
EX_indole(e),0.04950267334627928,0.39602138677023424
EX_nac(e),0.9963849618756019,5.9783097712536115
EX_phe_L(e),0.8027463127705806,7.224716814935226
EX_ppa(e),0.10459297503716881,0.31377892511150646
EX_ptrc(e),1.0,4.0
