,fluxes,C-fluxes
EX_12ppd_S(e),0.29797158,0.89391474
EX_ac(e),27.157299661246775,54.31459932249355
EX_dad_2(e),1.0007752803651129,10.00775280365113
EX_for(e),8.046426231470223,8.046426231470223
EX_indole(e),0.03785052985358293,0.3028042388286634
EX_nac(e),0.9961293903585619,5.976776342151371
EX_phe_L(e),0.7915815401037269,7.1242338609335425
EX_ppa(e),0.042323021393231165,0.1269690641796935
EX_ptrc(e),1.0057999718104007,4.023199887241603
EX_urea(e),0.005799971810400768,0.005799971810400768
