,fluxes,C-fluxes
EX_4abut(e),0.9738606151782974,3.8954424607131894
EX_ac(e),17.388199217138748,34.776398434277496
EX_dad_2(e),1.0060405398118928,10.060405398118927
EX_for(e),20.24292550291483,20.24292550291483
EX_gcald(e),0.005270842949882509,0.010541685899765018
EX_indole(e),0.006436002981584063,0.0514880238526725
EX_nac(e),0.998241247889972,5.989447487339833
EX_phe_L(e),0.6811802451806892,6.130622206626203
EX_ptrc(e),0.9982430523500392,3.9929722094001567
