,fluxes,C-fluxes
EX_ac(e),15.571139789823537,31.142279579647074
EX_ade(e),0.002843213732805345,0.014216068664026724
EX_csn(e),0.9371447996916675,3.74857919876667
EX_for(e),7.746316881850489,7.746316881850489
EX_ile_L(e),0.8377786761566927,5.026672056940156
EX_orn(e),0.030129412211126444,0.15064706105563222
