,fluxes,C-fluxes
EX_4abut(e),0.040837163599626414,0.16334865439850565
EX_ac(e),6.347249534762194,12.694499069524388
EX_but(e),4.09908683590986,16.39634734363944
EX_for(e),13.749562847852468,13.749562847852468
EX_succ(e),0.011736098596630629,0.046944394386522516
