,fluxes,C-fluxes
EX_ac(e),0.6007781121528402,1.2015562243056803
EX_ade(e),0.00336231189386032,0.0168115594693016
EX_asp_L(e),0.21973961046159046,0.8789584418463618
EX_dgsn(e),0.9997104707765663,9.997104707765663
EX_gly(e),0.024223404471271175,0.04844680894254235
EX_indole(e),0.08148954963285136,0.6519163970628109
EX_ura(e),1.202699121596381,4.810796486385524
