,fluxes,C-fluxes
EX_ac(e),4.004320565860781,8.008641131721562
EX_but(e),2.7438676916252613,10.975470766501045
EX_for(e),9.429605133161154,9.429605133161154
EX_nac(e),0.15243395987417177,0.9146037592450307
EX_phe_L(e),0.8368754084162443,7.531878675746198
EX_ura(e),0.9566113632602403,3.8264454530409613
