,fluxes,C-fluxes
EX_ac(e),3.214484666524249,6.428969333048498
EX_but(e),1.0250989808311022,4.100395923324409
EX_for(e),4.133351463117362,4.133351463117362
