,fluxes,C-fluxes
EX_ac(e),4.3960426507314665,8.792085301462933
EX_but(e),0.45790921287843905,1.8316368515137562
EX_for(e),5.275755841845173,5.275755841845173
EX_malt(e),0.25733909,3.08806908
EX_phe_L(e),0.9388339520828023,8.44950556874522
