,fluxes,C-fluxes
EX_ac(e),5.955782705620637,11.911565411241273
EX_for(e),4.418104535800981,4.418104535800981
EX_gln_L(e),0.04255710844443992,0.2127855422221996
EX_gthrd(e),2.0,20.0
EX_phe_L(e),0.9742373569124728,8.768136212212255
EX_rbflvrd(e),0.9987025829235772,16.977943909700812
