,fluxes,C-fluxes
EX_2obut(e),0.000716110590787581,0.002864442363150324
EX_ac(e),5.27898443846027,10.55796887692054
EX_acald(e),0.17878295,0.3575659
EX_ade(e),0.989144866457511,4.945724332287555
EX_dgsn(e),0.005816278988089297,0.058162789880892976
EX_for(e),0.002021577596776159,0.002021577596776159
EX_glyc(e),0.002178104840487216,0.006534314521461648
EX_orn(e),0.13429340387567476,0.6714670193783738
EX_thymd(e),0.9860419978080137,9.860419978080138
