,fluxes,C-fluxes
EX_but(e),1.9761602260464552,7.904640904185821
EX_for(e),5.457209595950037,5.457209595950037
EX_gcald(e),0.0015599973545015057,0.0031199947090030113
EX_ppa(e),1.0,3.0
