,fluxes,C-fluxes
EX_ac(e),6.901245959721899,13.802491919443797
EX_but(e),2.480331162518289,9.921324650073156
EX_for(e),8.710479332232527,8.710479332232527
EX_indole(e),0.07671693378207498,0.6137354702565998
EX_phe_L(e),0.9265495334631565,8.338945801168409
EX_ppa(e),0.19962344675107999,0.5988703402532399
