,fluxes,C-fluxes
EX_ac(e),3.0817695808602186,6.163539161720437
EX_ade(e),0.9842294166652389,4.921147083326194
EX_but(e),4.381689389259414,17.526757557037655
EX_dgsn(e),0.9940227103074083,9.940227103074083
EX_for(e),11.136690050559748,11.136690050559748
EX_gly(e),0.9743378267648063,1.9486756535296126
EX_indole(e),0.0794282923840947,0.6354263390727576
EX_ppa(e),1.1993018328880916,3.5979054986642747
