,fluxes,C-fluxes
EX_ac(e),4.545911516720066,9.091823033440132
EX_but(e),3.119880729449166,12.479522917796665
EX_for(e),10.316911447443125,10.316911447443125
EX_gly(e),0.9730742139445957,1.9461484278891914
EX_indole(e),0.07846695082971285,0.6277356066377028
