,fluxes,C-fluxes
EX_ac(e),4.203412384467002,8.406824768934005
EX_but(e),3.4792851380234007,13.917140552093603
EX_for(e),4.4737255143347205,4.4737255143347205
EX_gly(e),0.9815463559103141,1.9630927118206283
EX_indole(e),0.08023556672344548,0.6418845337875638
