,fluxes,C-fluxes
EX_ac(e),4.118822768129765,8.23764553625953
EX_but(e),3.7876980786615415,15.150792314646166
EX_for(e),10.729123626581478,10.729123626581478
EX_gly(e),0.9749497943078314,1.9498995886156627
EX_indole(e),0.08082729574292048,0.6466183659433639
EX_ptrc(e),0.21865543635850493,0.8746217454340197
EX_succ(e),0.0003786156515442211,0.0015144626061768844
