,fluxes,C-fluxes
EX_ac(e),19.411166864092376,38.82233372818475
EX_but(e),0.013321435714761748,0.05328574285904699
EX_indole(e),0.06840779697035143,0.5472623757628114
EX_phe_L(e),0.8514850589407077,7.663365530466369
