,fluxes,C-fluxes
EX_ac(e),4.485787898101318,8.971575796202636
EX_ade(e),0.9835705994021774,4.917852997010887
EX_btoh(e),0.2743639703733005,1.097455881493202
EX_but(e),2.274024050733267,9.096096202933069
EX_dgsn(e),0.9941192003269844,9.941192003269844
EX_for(e),9.625090164606181,9.625090164606181
EX_gly(e),0.9765923121134455,1.953184624226891
EX_indole(e),0.07802769772818628,0.6242215818254903
EX_ppa(e),1.206208347578808,3.618625042736424
