,fluxes,C-fluxes
EX_ac(e),3.471674920752135,6.94334984150427
EX_btoh(e),1.201987932134232,4.807951728536928
EX_but(e),0.1275982665967845,0.510393066387138
EX_for(e),0.002806140858225196,0.002806140858225196
EX_gly(e),0.8426475868285224,1.6852951736570447
EX_indole(e),0.07990497248565598,0.6392397798852478
EX_lac_D(e),1.7732208919154784,5.319662675746435
EX_ppa(e),0.21586239017587844,0.6475871705276353
