,fluxes,C-fluxes
EX_ac(e),7.333360528327562,14.666721056655124
EX_ade(e),0.9864122453047459,4.93206122652373
EX_btoh(e),0.3044625895391227,1.2178503581564908
EX_but(e),1.2720419931144764,5.088167972457906
EX_dgsn(e),0.9953528198238405,9.953528198238406
EX_for(e),7.753462999022072,7.753462999022072
EX_gly(e),0.9733133447016333,1.9466266894032667
EX_indole(e),0.07900636393867744,0.6320509115094195
EX_ppa(e),1.203525943838729,3.6105778315161867
