,fluxes,C-fluxes
EX_ac(e),14.074983934030461,28.149967868060923
EX_dad_2(e),0.9735328845167667,9.735328845167667
EX_indole(e),0.07336145400227935,0.5868916320182348
