,fluxes,C-fluxes
EX_ac(e),19.326897395718674,38.65379479143735
EX_dad_2(e),0.9578617493677402,9.578617493677402
