,fluxes,C-fluxes
EX_ac(e),8.363468374282768,16.726936748565535
EX_but(e),4.993368721364806,19.973474885459225
EX_for(e),7.368206159655084,7.368206159655084
EX_indole(e),0.0695534727454157,0.5564277819633257
EX_phe_L(e),0.8501714494317101,7.651543044885391
