,fluxes,C-fluxes
EX_ac(e),5.879854778084105,11.75970955616821
EX_etoh(e),5.421573855253477,10.843147710506955
EX_for(e),10.31241223432566,10.31241223432566
EX_glu_L(e),0.05035249344929607,0.2517624672464803
EX_hista(e),0.13234342997093443,0.6617171498546721
EX_ile_L(e),0.4463374794543761,2.6780248767262567
EX_lys_L(e),0.9152081590454877,5.491248954272926
EX_trypta(e),0.0774989509038408,0.774989509038408
EX_tym(e),0.9684059658538828,7.747247726831063
