,fluxes,C-fluxes
EX_ac(e),1.141165238772783,2.282330477545566
EX_gly(e),0.19404455823104264,0.38808911646208527
EX_nac(e),0.993716872343148,5.962301234058888
EX_orn(e),0.005931087061216785,0.029655435306083923
EX_succ(e),0.2080854599972592,0.8323418399890368
EX_xtsn(e),0.9939295869959609,9.93929586995961
