,fluxes,C-fluxes
EX_4hphac(e),1.9450873134018984,15.560698507215188
EX_ac(e),2.594162381031786,5.188324762063572
EX_gua(e),0.9462528338598921,4.731264169299461
EX_hista(e),0.04227422950720198,0.21137114753600988
EX_lys_L(e),0.9572852972466781,5.743711783480069
EX_ppa(e),12.38134893562257,37.14404680686771
