,fluxes,C-fluxes
EX_ac(e),11.334390632621059,22.668781265242117
EX_for(e),9.968213692992268,9.968213692992268
EX_gcald(e),0.001765347546802015,0.00353069509360403
EX_hista(e),0.12323799293183962,0.6161899646591982
EX_phe_L(e),1.5030003871293829,13.527003484164446
EX_ppa(e),0.3440630727961829,1.0321892183885488
EX_trypta(e),0.06262957748110176,0.6262957748110176
EX_tym(e),0.4223531087659514,3.378824870127611
