,fluxes,C-fluxes
EX_ac(e),0.14941077129720612,0.29882154259441224
EX_glu_L(e),0.0002496095945001608,0.0012480479725008042
EX_succ(e),1.0643808608531498,4.257523443412599
