,fluxes,C-fluxes
EX_ala_L(e),0.8867053396073844,2.660116018822153
EX_gly(e),0.0007474214668111421,0.0014948429336222842
EX_phe_L(e),0.36253132958728573,3.2627819662855715
EX_succ(e),1.9454583125052372,7.781833250020949
