,fluxes,C-fluxes
EX_cytd(e),0.022868517410657423,0.2058166566959168
EX_for(e),4.18304821526445,4.18304821526445
EX_glu_L(e),0.2121632981782432,1.060816490891216
EX_glyc(e),0.0010939595151362922,0.0032818785454088763
EX_succ(e),1.3898833140061564,5.559533256024626
