,fluxes,C-fluxes
EX_ac(e),1.5757103953370981,3.1514207906741962
EX_glu_L(e),0.002188639330186792,0.01094319665093396
EX_succ(e),0.766106356253727,3.064425425014908
