,fluxes,C-fluxes
EX_ac(e),1.5294717988849589,3.0589435977699178
EX_for(e),0.002308338322491743,0.002308338322491743
EX_glu_L(e),0.008022618580924897,0.04011309290462449
EX_gly(e),0.0008651612731154501,0.0017303225462309002
EX_succ(e),0.7566427399392756,3.026570959757102
EX_tyr_L(e),0.005518373206065257,0.04966535885458731
