,fluxes,C-fluxes
EX_ac(e),1.195613750307093,2.391227500614186
EX_glyc(e),0.06509237740808264,0.19527713222424792
EX_ins(e),0.9954589608082104,9.954589608082104
EX_nac(e),0.9998640784571627,5.999184470742977
EX_orn(e),0.13833947997697404,0.6916973998848702
EX_succ(e),0.8615246111070516,3.4460984444282063
EX_trypta(e),0.07823702102614498,0.7823702102614498
