,fluxes,C-fluxes
EX_ac(e),0.15753127523482172,0.31506255046964343
EX_ala_L(e),0.2086215506887324,0.6258646520661972
EX_for(e),0.0022627698969547817,0.0022627698969547817
EX_gly(e),10.15714223024012,20.31428446048024
EX_glyc(e),0.507258670974157,1.521776012922471
EX_lac_L(e),0.4798907536192018,1.4396722608576054
EX_lys_L(e),0.9927902104218118,5.956741262530871
EX_ppa(e),0.02,0.06
TS_co2_c,1.069656544149088,1.069656544149088
