,fluxes,C-fluxes
EX_4abut(e),0.22312486532315143,0.8924994612926057
EX_ac(e),6.602270751891848,13.204541503783696
EX_coprost(e),0.00495795,0.13386465
EX_etoh(e),4.525221705823995,9.05044341164799
EX_for(e),9.582981045778075,9.582981045778075
EX_nac(e),0.08981734194207229,0.5389040516524337
TS_ahcys_c,9.460770639737584e-05,0.0013245078895632618
