,fluxes,C-fluxes
EX_ac(e),0.6147274107809236,1.2294548215618473
EX_ile_L(e),0.19975293411858921,1.1985176047115353
EX_lac_D(e),5.22427164495285,15.67281493485855
EX_nac(e),0.026137465512188932,0.1568247930731336
EX_orn(e),0.017822336409840597,0.08911168204920299
