,fluxes,C-fluxes
EX_ac(e),1.0114101880821058,2.0228203761642116
EX_coprost(e),0.00495795,0.13386465
EX_lac_D(e),8.633128292891843,25.89938487867553
EX_succ(e),0.3565407285274102,1.4261629141096408
