,fluxes,C-fluxes
EX_ac(e),0.5344334708218946,1.0688669416437893
EX_etoh(e),0.543418709016279,1.086837418032558
EX_for(e),0.009333661680496838,0.009333661680496838
EX_lac_D(e),13.63673701432423,40.91021104297269
EX_ocdca(e),0.6402066259314529,11.523719266766154
EX_succ(e),0.030476512777184307,0.12190605110873723
EX_urea(e),0.0015747479330304708,0.0015747479330304708
