,fluxes,C-fluxes
EX_ac(e),0.7865354318473499,1.5730708636946997
EX_ile_L(e),0.19060006477249622,1.1436003886349773
EX_lac_D(e),5.432693049306467,16.298079147919402
EX_nac(e),0.028456978919682376,0.17074187351809425
EX_orn(e),0.0214174323613598,0.107087161806799
