,fluxes,C-fluxes
EX_ac(e),4.437488391281574,8.874976782563149
EX_cys_L(e),0.06756301580664151,0.20268904741992452
EX_etoh(e),4.201157765678818,8.402315531357637
EX_for(e),8.143758460833384,8.143758460833384
