,fluxes,C-fluxes
EX_12ppd_S(e),0.14898579,0.44695737
EX_4abut(e),0.06227710773143765,0.2491084309257506
EX_ac(e),7.579245128441419,15.158490256882837
EX_etoh(e),4.723162675493652,9.446325350987305
EX_for(e),11.304780464533325,11.304780464533325
EX_succ(e),0.6288415256851349,2.5153661027405394
TS_ahcys_c,0.00011191866400172648,0.0015668612960241708
