,fluxes,C-fluxes
EX_ac(e),1.1443550788819088,2.2887101577638176
EX_cys_L(e),0.9991018462899285,2.9973055388697856
EX_lac_D(e),5.097428605053912,15.292285815161735
EX_nac(e),0.03359625596933122,0.2015775358159873
EX_orn(e),0.00828658093258272,0.0414329046629136
EX_succ(e),0.17601011171250694,0.7040404468500278
