,fluxes,C-fluxes
EX_ac(e),0.01,0.02
EX_coprost(e),0.00495795,0.13386465
EX_lac_D(e),4.3661829476318825,13.098548842895648
EX_succ(e),0.4259978814048352,1.7039915256193408
