,fluxes,C-fluxes
EX_ac(e),1.2278892072395942,2.4557784144791883
EX_etoh(e),0.07601858601916461,0.15203717203832923
EX_lac_D(e),9.574146710110451,28.722440130331353
EX_succ(e),0.013188423280869383,0.05275369312347753
