,fluxes,C-fluxes
EX_ac(e),2.502870605678611,5.005741211357222
EX_ade(e),1.1176453503476567,5.588226751738283
EX_etoh(e),0.9041358392098079,1.8082716784196158
EX_gly(e),0.1670822343514125,0.334164468702825
EX_gua(e),0.9893396577260846,4.946698288630423
EX_lac_L(e),6.335612045261905,19.006836135785715
EX_met_L(e),0.9809023827639098,4.904511913819549
EX_orn(e),0.15,0.75
