,fluxes,C-fluxes
EX_ac(e),0.5162728069464313,1.0325456138928626
EX_etoh(e),0.03644537785325802,0.07289075570651604
EX_lac_D(e),4.6975066472545155,14.092519941763546
EX_nac(e),0.03034761135161554,0.18208566810969323
EX_orn(e),0.007153662170571627,0.035768310852858136
EX_succ(e),0.40746447471720143,1.6298578988688057
