,fluxes,C-fluxes
EX_ac(e),4.761635896599072,9.523271793198145
EX_orn(e),0.0489129042296583,0.2445645211482915
EX_succ(e),2.8511682405491197,11.404672962196479
