,fluxes,C-fluxes
EX_ac(e),1.1356819639997686,2.2713639279995372
EX_lac_D(e),9.428103568672121,28.284310706016363
EX_succ(e),0.012893929069325117,0.05157571627730047
