,fluxes,C-fluxes
EX_5mthf(e),0.9947513739321074,19.89502747864215
EX_ac(e),13.7641140360383,27.5282280720766
EX_etoh(e),1.642540961158533,3.285081922317066
EX_for(e),7.48917672492083,7.48917672492083
EX_succ(e),0.005248626067892504,0.020994504271570017
