,fluxes,C-fluxes
EX_4abut(e),0.1487406126653559,0.5949624506614236
EX_ac(e),1.2610814889055764,2.5221629778111527
EX_etoh(e),1.4688066377527889,2.9376132755055777
EX_for(e),0.006432495384004572,0.006432495384004572
EX_lac_D(e),5.354115603226132,16.062346809678395
EX_nac(e),0.9994321942606854,5.9965931655641125
