,fluxes,C-fluxes
EX_2obut(e),0.542755812173918,2.171023248695672
EX_5mthf(e),0.5413539478161801,10.827078956323602
EX_ac(e),4.918891452886636,9.837782905773272
EX_orn(e),0.035795851833748234,0.17897925916874116
EX_succ(e),2.645748740216117,10.582994960864468
EX_thf(e),0.4566075520195193,8.675543488370867
