,fluxes,C-fluxes
EX_5mthf(e),0.03644427693543914,0.7288855387087828
EX_ac(e),0.8396866682762198,1.6793733365524397
EX_for(e),0.006659576014249046,0.006659576014249046
EX_glu_L(e),0.13498338154968612,0.6749169077484306
EX_gly(e),0.03661864281662232,0.07323728563324464
EX_lac_D(e),8.887748570973933,26.6632457129218
