,fluxes,C-fluxes
EX_ac(e),5.454824330476333,10.909648660952666
EX_etoh(e),3.2191254316087483,6.438250863217497
EX_for(e),7.20471924802838,7.20471924802838
EX_nac(e),0.0729332839327902,0.43759970359674116
TS_ahcys_c,7.485497946626203e-05,0.0010479697125276683
