,fluxes,C-fluxes
EX_4abut(e),0.03836728651941466,0.15346914607765863
EX_ac(e),10.70467458662685,21.4093491732537
EX_etoh(e),4.248429681462563,8.496859362925125
EX_for(e),9.226721360816509,9.226721360816509
TS_ahcys_c,9.03202999398595e-05,0.0012644841991580331
