,fluxes,C-fluxes
EX_4abut(e),0.020173738468150928,0.08069495387260371
EX_5mthf(e),0.9940858744264528,19.881717488529056
EX_ac(e),15.17533675967193,30.35067351934386
EX_etoh(e),2.1071702758679787,4.214340551735957
EX_for(e),9.029191891788516,9.029191891788516
EX_succ(e),0.009856875955911929,0.039427503823647715
