,fluxes,C-fluxes
EX_ac(e),16.981654967435148,33.963309934870296
EX_etoh(e),2.2542374858350334,4.508474971670067
EX_for(e),9.767629412589722,9.767629412589722
EX_succ(e),1.4342886653147722,5.737154661259089
