,fluxes,C-fluxes
EX_ac(e),9.53296718715943,19.06593437431886
EX_etoh(e),5.624626426903209,11.249252853806418
EX_for(e),12.12314680950804,12.12314680950804
EX_succ(e),0.03027354722656999,0.12109418890627996
