,fluxes,C-fluxes
EX_4abut(e),2.5802465795524974,10.32098631820999
EX_ac(e),4.438308019494409,8.876616038988818
EX_cys_L(e),0.5194946024817365,1.5584838074452096
EX_ile_L(e),0.17464627361062277,1.0478776416637365
EX_orn(e),0.010802305183601204,0.054011525918006016
