,fluxes,C-fluxes
EX_ac(e),7.374601022307887,14.749202044615775
EX_etoh(e),4.696656029306165,9.39331205861233
EX_for(e),10.497618774088007,10.497618774088007
