,fluxes,C-fluxes
EX_ac(e),1.1839137260309043,2.3678274520618086
EX_coprost(e),0.00495795,0.13386465
EX_lac_D(e),9.639470392021185,28.918411176063554
EX_succ(e),0.29841113456108737,1.1936445382443495
TS_2dmmq8_c,4.52949257819614e-05,0.00226474628909807
