,fluxes,C-fluxes
EX_ac(e),7.548510384376712,15.097020768753424
EX_adn(e),0.00020678389666606815,0.0020678389666606814
EX_gcald(e),0.0006934783584804055,0.001386956716960811
EX_orn(e),0.033903339581362754,0.16951669790681378
EX_phe_L(e),0.987794550088954,8.890150950800585
EX_pro_L(e),0.09306790777732932,0.4653395388866466
