,fluxes,C-fluxes
EX_ac(e),7.720084034636396,15.440168069272792
EX_dcyt(e),0.9657943969297201,8.692149572367482
EX_lac_D(e),7.048413929423471,21.14524178827041
EX_lys_L(e),0.9559531777909553,5.735719066745732
EX_nac(e),0.17527043042255303,1.0516225825353183
EX_orn(e),0.25770742500235955,1.2885371250117976
EX_succ(e),0.023888689507730036,0.09555475803092014
