,fluxes,C-fluxes
EX_12ppd_S(e),0.14898579,0.44695737
EX_4abut(e),0.18,0.72
EX_ac(e),7.109077602868921,14.218155205737842
EX_etoh(e),5.25014557628599,10.50029115257198
EX_for(e),10.810220704310446,10.810220704310446
EX_gcald(e),0.004208606554127906,0.008417213108255812
EX_succ(e),0.0028057377027519374,0.01122295081100775
