,fluxes,C-fluxes
EX_12ppd_S(e),0.14898579,0.44695737
EX_ac(e),12.74308773100064,25.48617546200128
EX_dad_2(e),0.9637499152727682,9.637499152727681
EX_etoh(e),2.4670602254581575,4.934120450916315
EX_for(e),9.53539354789738,9.53539354789738
EX_nac(e),0.9980951981593725,5.988571188956235
EX_pro_L(e),0.08218936918916782,0.4109468459458391
