,fluxes,C-fluxes
EX_12ppd_S(e),0.14898579,0.44695737
EX_4abut(e),0.18,0.72
EX_ac(e),7.109081299801735,14.21816259960347
EX_etoh(e),5.250423214861736,10.500846429723472
EX_for(e),10.810544082115495,10.810544082115495
EX_gcald(e),0.004208782092927565,0.00841756418585513
EX_succ(e),0.002805854728618377,0.011223418914473508
