,fluxes,C-fluxes
EX_12ppd_S(e),0.14898579,0.44695737
EX_4abut(e),0.18,0.72
EX_ac(e),7.109076127114711,14.218152254229421
EX_etoh(e),5.2501200290630825,10.500240058126165
EX_for(e),10.810209863114236,10.810209863114236
EX_gcald(e),0.004208638470273298,0.008417276940546597
EX_succ(e),0.0028057589801821986,0.011223035920728795
