,fluxes,C-fluxes
EX_12ppd_S(e),0.14898579,0.44695737
EX_4abut(e),0.18,0.72
EX_ac(e),7.106697164804135,14.21339432960827
EX_etoh(e),5.253029953449565,10.50605990689913
EX_for(e),10.810679513999517,10.810679513999517
EX_gcald(e),0.004208829967145654,0.008417659934291308
EX_succ(e),0.0028058866447637693,0.011223546579055077
