,fluxes,C-fluxes
EX_12ppd_S(e),0.14898579,0.44695737
EX_4abut(e),0.18,0.72
EX_ac(e),7.109714405692223,14.219428811384446
EX_etoh(e),5.249992570365197,10.499985140730393
EX_for(e),10.810488096826232,10.810488096826232
EX_gcald(e),0.004209372541617329,0.008418745083234659
EX_succ(e),0.0028062483610782197,0.011224993444312879
