,fluxes,C-fluxes
EX_12ppd_S(e),0.14898579,0.44695737
EX_4abut(e),0.18,0.72
EX_ac(e),7.104545841047952,14.209091682095904
EX_etoh(e),5.247079631035651,10.494159262071301
EX_for(e),10.800188741372043,10.800188741372043
EX_gcald(e),0.0042096917030712555,0.008419383406142511
EX_succ(e),0.002806461135380837,0.011225844541523347
