,fluxes,C-fluxes
EX_12ppd_S(e),0.14898579,0.44695737
EX_4abut(e),0.18,0.72
EX_ac(e),7.106917656406924,14.213835312813847
EX_etoh(e),5.252836458541289,10.505672917082578
EX_for(e),10.810774713004248,10.810774713004248
EX_gcald(e),0.004208957631727224,0.008417915263454447
EX_succ(e),0.0028059717544848158,0.011223887017939263
