,fluxes,C-fluxes
EX_12ppd_S(e),0.14898579,0.44695737
EX_4abut(e),0.18,0.72
EX_ac(e),7.940150563342948,15.880301126685897
EX_etoh(e),4.761169404936252,9.522338809872505
EX_for(e),10.527343198850133,10.527343198850133
EX_pro_L(e),0.011287073522911032,0.05643536761455516
