,fluxes,C-fluxes
EX_12ppd_S(e),0.14898579,0.44695737
EX_4abut(e),0.18,0.72
EX_ac(e),7.107114832987148,14.214229665974296
EX_etoh(e),5.252750202764746,10.505500405529492
EX_for(e),10.810756866911143,10.810756866911143
EX_gcald(e),0.0042087661348548695,0.008417532269709739
EX_succ(e),0.0028058440899032464,0.011223376359612985
