,fluxes,C-fluxes
EX_ac(e),7.386639384841779,14.773278769683557
EX_ade(e),0.9701578471757432,4.8507892358787155
EX_but(e),0.536967764297301,2.147871057189204
EX_dgsn(e),0.9838089241807445,9.838089241807445
EX_isobut(e),0.16707556912046584,0.6683022764818634
EX_lys_L(e),0.9502182932983809,5.701309759790286
EX_ptrc(e),0.955904707071935,3.82361882828774
EX_succ(e),0.22464313042310924,0.898572521692437
