,fluxes,C-fluxes
EX_12ppd_S(e),0.14898579,0.44695737
EX_ac(e),14.625198148661402,29.250396297322805
EX_ade(e),2.954599349833874,14.77299674916937
EX_glyclt(e),1.376310684114364,2.752621368228728
EX_gua(e),0.928793158955826,4.64396579477913
EX_hista(e),0.11286754679354606,0.5643377339677303
EX_ppa(e),6.480335303968582,19.441005911905748
EX_tym(e),0.9218262455106633,7.374609964085306
