,fluxes,C-fluxes
EX_ac(e),0.3936039778332053,0.7872079556664106
EX_ade(e),0.4105287485817618,2.052643742908809
EX_pyr(e),0.4103247984188415,1.2309743952565246
