,fluxes,C-fluxes
EX_ac(e),7.118649703736206,14.237299407472412
EX_hista(e),0.13576548333884786,0.6788274166942393
EX_tym(e),0.9805947048124427,7.844757638499542
