,fluxes,C-fluxes
EX_ac(e),0.005593461118505227,0.011186922237010455
EX_pyr(e),0.3867029804609667,1.1601089413829
