,fluxes,C-fluxes
EX_ac(e),6.164612198276672,12.329224396553345
EX_acald(e),1.3135919363444384,2.6271838726888768
EX_ppa(e),4.408336776585614,13.225010329756842
EX_succ(e),0.4917914106620941,1.9671656426483763
EX_trypta(e),0.07432310507189203,0.7432310507189204
EX_tym(e),0.987625694675555,7.90100555740444
EX_ura(e),0.9612600875901279,3.8450403503605117
