,fluxes,C-fluxes
EX_ac(e),11.246252858482642,22.492505716965283
EX_for(e),10.769901654168125,10.769901654168125
EX_nac(e),0.9967096796341484,5.980258077804891
EX_phe_L(e),0.7804018036478206,7.023616232830386
EX_succ(e),0.8097978866511876,3.2391915466047503
