,fluxes,C-fluxes
EX_ac(e),3.2985917178828386,6.597183435765677
EX_for(e),4.223017925242176,4.223017925242176
EX_orn(e),0.11303544444817291,0.5651772222408645
EX_phe_L(e),0.9495154728315931,8.545639255484337
EX_ppa(e),1.1780363347272347,3.534109004181704
EX_succ(e),1.9557681652139485,7.823072660855794
