,fluxes,C-fluxes
EX_ac(e),7.843305227941038,15.686610455882075
EX_hista(e),0.11013359440386598,0.5506679720193299
EX_nac(e),0.9988352846605332,5.993011707963199
EX_ppa(e),9.135384953652386,27.40615486095716
EX_trypta(e),0.048761355978496866,0.4876135597849687
EX_tym(e),0.9575512495739404,7.6604099965915236
EX_ura(e),0.9552012265074672,3.8208049060298688
