,fluxes,C-fluxes
EX_ac(e),2.8663857893454434,5.732771578690887
EX_for(e),0.009054630110445197,0.009054630110445197
EX_hista(e),0.12575223033413538,0.6287611516706769
EX_ppa(e),5.421196919414017,16.263590758242053
EX_trypta(e),0.06822366580449306,0.6822366580449306
EX_tym(e),0.9867163345853494,7.893730676682795
