,fluxes,C-fluxes
EX_ac(e),1.6635282558907394,3.3270565117814788
EX_for(e),0.0025822555094014497,0.0025822555094014497
EX_glyclt(e),1.1050896425079104,2.210179285015821
EX_orn(e),0.15314471269414853,0.7657235634707427
EX_phe_L(e),0.9904412637191089,8.91397137347198
EX_pro_L(e),0.012092334384838399,0.060461671924191995
EX_succ(e),0.4180920305301072,1.6723681221204287
EX_val_L(e),0.46972772166839083,2.348638608341954
