,fluxes,C-fluxes
EX_ac(e),5.3046929331680515,10.609385866336103
EX_for(e),5.361805212981715,5.361805212981715
EX_glyc(e),0.1506499499095681,0.4519498497287043
EX_hista(e),0.1456751525804819,0.7283757629024095
EX_ile_L(e),0.007926940377540194,0.047561642265241164
EX_phe_L(e),0.9761171155790381,8.785054040211342
EX_succ(e),1.0650135611029303,4.260054244411721
EX_trypta(e),0.08061041913851844,0.8061041913851843
