,fluxes,C-fluxes
EX_ac(e),5.30068619339116,10.60137238678232
EX_for(e),5.369851564185633,5.369851564185633
EX_glyc(e),0.1516762626164921,0.4550287878494763
EX_hista(e),0.1430150684800477,0.7150753424002385
EX_phe_L(e),0.6778654083441134,6.10078867509702
EX_succ(e),1.3622071042263604,5.4488284169054415
EX_trypta(e),0.06813379462668545,0.6813379462668545
EX_tym(e),0.2895572097896144,2.3164576783169153
