,fluxes,C-fluxes
EX_ac(e),1.5549932802563124,3.109986560512625
EX_for(e),0.0024197097898944506,0.0024197097898944506
EX_glyc(e),0.04867468892681389,0.14602406678044166
EX_hista(e),0.1441439612208097,0.7207198061040485
EX_succ(e),2.03879093047278,8.15516372189112
EX_trypta(e),0.07569025486108304,0.7569025486108304
EX_tym(e),0.9943302718275049,7.954642174620039
