,fluxes,C-fluxes
EX_ac(e),0.6860489591894077,1.3720979183788153
EX_akg(e),0.00024657516493610716,0.0012328758246805357
EX_gly(e),0.2164575875941721,0.4329151751883442
EX_xan(e),0.0031961274921384077,0.01598063746069204
