,fluxes,C-fluxes
EX_ac(e),2.8774350122051335,5.754870024410267
EX_but(e),1.9130033102484219,7.652013240993687
EX_cys_L(e),0.992501436482753,2.977504309448259
EX_dad_2(e),0.009500852230184879,0.09500852230184878
EX_for(e),0.007823462340772573,0.007823462340772573
EX_indole(e),0.0789671297379374,0.6317370379034992
EX_ins(e),0.9799496732601056,9.799496732601057
