,fluxes,C-fluxes
EX_ac(e),3.499653764008012,6.999307528016024
EX_acald(e),1.9896465869202864,3.979293173840573
EX_ade(e),2.7807177304013204,13.903588652006603
EX_for(e),5.0186628591705675,5.0186628591705675
EX_gua(e),0.8801710929844554,4.400855464922277
EX_indole(e),0.06365760526621073,0.5092608421296858
EX_phe_L(e),0.8414938060477644,7.573444254429879
EX_ppa(e),3.7770261007848487,11.331078302354546
EX_succ(e),3.923492176559872,15.693968706239488
