,fluxes,C-fluxes
EX_ac(e),5.0622504678504665,10.124500935700933
EX_for(e),0.4491588886513072,0.4491588886513072
EX_gly(e),0.9871903025791098,1.9743806051582196
EX_phe_L(e),0.9878692526076044,8.89082327346844
