,fluxes,C-fluxes
EX_ac(e),13.938228744214522,27.876457488429043
EX_for(e),14.737774092588534,14.737774092588534
EX_gcald(e),0.008128260285943534,0.01625652057188707
EX_hista(e),0.09104615435245125,0.45523077176225624
EX_tym(e),0.9304512544866289,7.443610035893031
