,fluxes,C-fluxes
EX_ac(e),18.03379689403697,36.06759378807394
EX_for(e),16.579475746107594,16.579475746107594
EX_gcald(e),0.011169278493172455,0.02233855698634491
EX_gln_L(e),0.10466931481057785,0.5233465740528893
EX_hista(e),0.1194619192841511,0.5973095964207555
EX_tym(e),0.9022408692906763,7.21792695432541
EX_ura(e),0.9547314584743815,3.818925833897526
