,fluxes,C-fluxes
EX_12ppd_S(e),0.14898579,0.44695737
EX_ac(e),10.52193797120482,21.04387594240964
EX_dad_2(e),0.03921066733377815,0.3921066733377815
EX_for(e),10.609772583050878,10.609772583050878
EX_gcald(e),0.004008992023375764,0.008017984046751529
EX_ins(e),0.9222412375411861,9.222412375411862
EX_pac(e),0.8978101663112081,7.182481330489665
EX_ppa(e),6.183027135035128,18.549081405105383
EX_ptrc(e),0.07482910430538109,0.29931641722152436
