,fluxes,C-fluxes
EX_12ppd_S(e),0.14898579,0.44695737
EX_ac(e),8.970426292576423,17.940852585152847
EX_ade(e),1.0002422739012642,5.001211369506321
EX_arab_L(e),0.00201572,0.0100786
EX_cys_L(e),0.322069931207444,0.966209793622332
EX_for(e),9.095287549340165,9.095287549340165
EX_ocdca(e),2.0,36.0
EX_ppa(e),5.407982378084318,16.223947134252953
EX_pydxn(e),0.9978835528638159,7.983068422910527
