,fluxes,C-fluxes
EX_ac(e),7.121435668740276,14.242871337480551
EX_dad_2(e),1.4356033246483244,14.356033246483245
EX_dcyt(e),0.9624029549856504,8.661626594870853
EX_for(e),7.784270659663623,7.784270659663623
EX_ins(e),0.5447777576257229,5.447777576257229
EX_phe_L(e),0.8878789013982046,7.990910112583841
EX_ppa(e),0.40083048435816365,1.202491453074491
EX_pro_L(e),0.09614241869273414,0.4807120934636707
TS_2ommb_c,0.0004106192845206246,0.01970972565698998
