,fluxes,C-fluxes
EX_ac(e),1.601298866256918,3.202597732513836
EX_lac_D(e),1.7412762347198163,5.223828704159449
EX_lys_L(e),9.971402845987594,59.828417075925564
EX_succ(e),0.007970770537603093,0.03188308215041237
