,fluxes,C-fluxes
EX_ac(e),0.9080253869842018,1.8160507739684035
EX_ala_L(e),1.7321617247674193,5.196485174302258
EX_etoh(e),0.5294927285683433,1.0589854571366866
EX_for(e),0.0044430827435369535,0.0044430827435369535
EX_lac_D(e),6.894848532923501,20.684545598770505
EX_lys_L(e),0.9601097088663118,5.760658253197871
EX_orn(e),0.12626711770078075,0.6313355885039038
EX_succ(e),0.3883667341421034,1.5534669365684135
