,fluxes,C-fluxes
EX_acald(e),0.2124116065652459,0.4248232131304918
EX_ade(e),1.0496141618448331,5.248070809224165
EX_but(e),2.6859471648691953,10.743788659476781
EX_dcyt(e),0.1924843993248818,1.732359593923936
EX_dgsn(e),0.8043855073637513,8.043855073637513
EX_succ(e),1.4344045850764113,5.737618340305645
