,fluxes,C-fluxes
EX_ac(e),6.745999065231424,13.491998130462848
EX_ade(e),1.99063783425732,9.953189171286601
EX_cys_L(e),0.9890815534251219,2.967244660275366
EX_dcyt(e),0.9369523944875563,8.432571550388007
EX_for(e),6.902129254739974,6.902129254739974
EX_gcald(e),0.0024695510002590965,0.004939102000518193
EX_ile_L(e),0.056322707514667385,0.3379362450880043
EX_lys_L(e),0.9003169207834139,5.401901524700483
EX_succ(e),3.1875433000524955,12.750173200209982
