,fluxes,C-fluxes
EX_ac(e),5.711505256121321,11.423010512242643
EX_ade(e),1.989226617355359,9.946133086776795
EX_for(e),5.859102238501006,5.859102238501006
EX_gcald(e),0.002671932708444917,0.005343865416889834
EX_glyc(e),0.009188031480549483,0.02756409444164845
EX_ppa(e),4.430517411141943,13.29155223342583
