,fluxes,C-fluxes
EX_12ppd_S(e),0.14898579,0.44695737
EX_ac(e),1.9050925523348148,3.8101851046696296
EX_dad_2(e),0.010777049844833938,0.10777049844833937
EX_for(e),2.083220092221291,2.083220092221291
EX_ins(e),0.004132861418371855,0.041328614183718554
EX_ppa(e),0.9415758043397149,2.8247274130191444
