,fluxes,C-fluxes
EX_ac(e),0.09515293696170381,0.19030587392340761
EX_ade(e),1.9957952660912837,9.978976330456419
EX_cys_L(e),0.9853130796820945,2.9559392390462835
EX_for(e),0.003976467977344751,0.003976467977344751
EX_glyc(e),0.0021003226554495765,0.0063009679663487295
EX_lys_L(e),0.9658304285049486,5.794982571029692
EX_ser_L(e),2.054058484972291,6.1621754549168735
EX_succ(e),2.167766818383903,8.671067273535613
EX_thymd(e),0.13896115906689452,1.3896115906689452
