,fluxes,C-fluxes
EX_ac(e),2.7270883605822163,5.4541767211644325
EX_ade(e),1.798733214364597,8.993666071822986
EX_cys_L(e),0.026601791934712668,0.079805375804138
EX_for(e),4.515228724089432,4.515228724089432
EX_gcald(e),0.0015171221931737707,0.0030342443863475414
EX_glyc(e),0.005216960152725435,0.015650880458176305
EX_ppa(e),3.4628575151818866,10.38857254554566
