,fluxes,C-fluxes
EX_ac(e),10.218965994294873,20.437931988589746
EX_ade(e),0.9411191182352535,4.705595591176268
EX_for(e),14.49193846514991,14.49193846514991
EX_phe_L(e),0.911896787773549,8.207071089961941
EX_ppa(e),5.849407903970598,17.548223711911795
EX_thymd(e),0.9448738331725678,9.448738331725679
