,fluxes,C-fluxes
EX_ac(e),8.130627784287416,16.261255568574832
EX_acald(e),0.17894949143593447,0.35789898287186894
EX_for(e),9.56810599386192,9.56810599386192
EX_hxan(e),0.9598139052891925,4.799069526445963
EX_lys_L(e),0.945025031461777,5.670150188770662
EX_orn(e),0.016157412785754614,0.08078706392877306
EX_phe_L(e),0.8824734603230349,7.942261142907314
EX_ppa(e),5.78229521617769,17.34688564853307
TS_copre5b_c,0.00016654143593447505,0.007161281745182427
