,fluxes,C-fluxes
EX_12ppd_S(e),0.14898579,0.44695737
EX_ac(e),13.900406873297815,27.80081374659563
EX_for(e),9.64235391201984,9.64235391201984
EX_gly(e),0.9061929463653147,1.8123858927306293
EX_hxan(e),0.9612300256988788,4.806150128494394
EX_lys_L(e),0.9109441477528517,5.465664886517111
EX_phe_L(e),0.9151381448065498,8.236243303258949
EX_ppa(e),11.3092842506916,33.9278527520748
