,fluxes,C-fluxes
EX_ac(e),8.026991943734382,16.053983887468764
EX_acald(e),0.17878295,0.3575659
EX_for(e),12.516662055230638,12.516662055230638
EX_hxan(e),0.9498843383212834,4.7494216916064165
EX_indole(e),0.058411341223361925,0.4672907297868954
EX_lys_L(e),0.9386081770583716,5.631649062350229
EX_phe_L(e),0.8614646563569562,7.753181907212606
EX_ppa(e),7.439214321030334,22.317642963091
EX_ura(e),0.9430085726534292,3.7720342906137168
