,fluxes,C-fluxes
EX_ac(e),10.432124058410642,20.864248116821283
EX_ala_L(e),0.0025846514012862858,0.007753954203858857
EX_for(e),9.869523648747329,9.869523648747329
EX_indole(e),0.06516202421983287,0.521296193758663
EX_nac(e),0.9975818336362967,5.98549100181778
EX_ttdca(e),0.23470686330671184,3.285896086293966
