,fluxes,C-fluxes
EX_ac(e),10.312746784379758,20.625493568759516
EX_etoh(e),0.015307313754612476,0.030614627509224952
EX_for(e),10.10974156397335,10.10974156397335
EX_indole(e),0.06930961907395385,0.5544769525916308
EX_nac(e),0.997640085036281,5.985840510217686
EX_ppa(e),0.03392380341650663,0.10177141024951988
EX_ttdca(e),0.24825345133749044,3.475548318724866
