,fluxes,C-fluxes
EX_ac(e),7.406446489023751,14.812892978047502
EX_ala_L(e),0.002306600972168452,0.006919802916505355
EX_for(e),6.233117036221416,6.233117036221416
EX_nac(e),0.9976933990278315,5.986160394166989
