,fluxes,C-fluxes
EX_4hphac(e),0.9241821165564719,7.393456932451775
EX_ac(e),22.58406426194521,45.16812852389042
EX_dad_2(e),0.002612253851308647,0.02612253851308647
EX_for(e),0.028913861059980145,0.028913861059980145
EX_nac(e),0.9982071233814773,5.989242740288864
TS_fadh2_c,9.998200986259786,269.95142662901424
