,fluxes,C-fluxes
EX_ac(e),5.770464529541834,11.540929059083668
EX_etoh(e),0.9015228549928405,1.803045709985681
EX_for(e),4.772836216053038,4.772836216053038
EX_nac(e),0.9991172845354673,5.994703707212804
EX_phe_L(e),0.9293708771660565,8.364337894494508
EX_succ(e),0.4589538126032433,1.8358152504129732
