,fluxes,C-fluxes
EX_ac(e),1.9135748708407567,3.8271497416815135
EX_ade(e),1.035463244547911,5.177316222739555
EX_dgsn(e),0.9928003372877672,9.928003372877672
EX_for(e),2.523684586006226,2.523684586006226
EX_gly(e),0.16819821718686165,0.3363964343737233
EX_orn(e),0.11843781526855372,0.5921890763427686
EX_pac(e),0.4298696897974487,3.4389575183795897
EX_phe_L(e),0.5418265332678927,4.876438799411034
EX_ppa(e),2.6699205196984623,8.009761559095388
