,fluxes,C-fluxes
EX_ac(e),4.3362632430999435,8.672526486199887
EX_for(e),0.01039820432306986,0.01039820432306986
EX_gln_L(e),0.08782192227109967,0.4391096113554983
EX_gly(e),0.15707588723722737,0.31415177447445475
EX_phe_L(e),0.9634267603111945,8.67084084280075
EX_succ(e),1.2426018874259437,4.970407549703775
