,fluxes,C-fluxes
EX_ac(e),3.73237902532273,7.46475805064546
EX_gua(e),1.9451291748270965,9.725645874135482
EX_hista(e),0.10708158328371792,0.5354079164185896
EX_ppa(e),11.676452514542577,35.02935754362773
EX_trypta(e),0.03735861277541673,0.37358612775416733
EX_tym(e),1.949845590164795,15.59876472131836
