,fluxes,C-fluxes
EX_ac(e),9.11687078307874,18.23374156615748
EX_but(e),3.934002739848916,15.736010959395664
EX_for(e),15.329662997886688,15.329662997886688
