,fluxes,C-fluxes
EX_ac(e),3.8540036261608757,7.708007252321751
EX_for(e),0.004474249074968134,0.004474249074968134
EX_phe_L(e),0.9631638643603732,8.668474779243358
EX_succ(e),0.5091821270533246,2.036728508213298
