,fluxes,C-fluxes
EX_ac(e),4.263984459394739,8.527968918789478
EX_for(e),0.006741701732519242,0.006741701732519242
EX_lac_L(e),1.6734157372219574,5.020247211665872
EX_lys_L(e),0.5535935877681981,3.3215615266091887
EX_phe_L(e),0.9587757868131658,8.628982081318492
EX_succ(e),1.2534713599148568,5.013885439659427
