,fluxes,C-fluxes
EX_ac(e),3.0543459200183953,6.108691840036791
EX_etoh(e),0.3847240456592903,0.7694480913185806
EX_for(e),2.572297101181648,2.572297101181648
EX_pro_L(e),0.11883661770173089,0.5941830885086544
