,fluxes,C-fluxes
EX_ac(e),8.776340903263842,17.552681806527684
EX_etoh(e),1.4604977558644212,2.9209955117288424
EX_for(e),9.398381746651165,9.398381746651165
EX_nac(e),0.1468306914362422,0.8809841486174532
EX_orn(e),0.023371670740878422,0.11685835370439211
EX_pro_L(e),0.0324279361511838,0.162139680755919
