,fluxes,C-fluxes
EX_ac(e),6.144468057402969,12.288936114805939
EX_ade(e),1.9925704361548284,9.962852180774142
EX_dgsn(e),0.9916945797735573,9.916945797735574
EX_for(e),4.435017607960726,4.435017607960726
EX_fuc_L(e),0.000789,0.004734
EX_gal(e),0.0014202,0.0085212
EX_met_L(e),1.180059057793042,5.900295288965211
EX_pro_L(e),0.18081813547293293,0.9040906773646646
