,fluxes,C-fluxes
EX_but(e),0.9697816734203476,3.8791266936813904
EX_gly(e),0.12300100811501874,0.24600201623003748
EX_nac(e),0.9994698387145198,5.996819032287119
EX_orn(e),0.032245122390647564,0.1612256119532378
EX_succ(e),1.572847681600926,6.291390726403704
EX_ura(e),0.9993078805041629,3.9972315220166514
