,fluxes,C-fluxes
EX_ac(e),4.118794813495885,8.23758962699177
EX_etoh(e),1.5896587254377905,3.179317450875581
EX_for(e),4.343156548246989,4.343156548246989
EX_pro_L(e),0.0730978179103562,0.365489089551781
