,fluxes,C-fluxes
EX_ac(e),0.43518848095126006,0.8703769619025201
EX_etoh(e),0.2773721833463891,0.5547443666927782
EX_for(e),0.7126313724602025,0.7126313724602025
EX_glyc(e),0.14898579,0.44695737
