,fluxes,C-fluxes
EX_glu_L(e),0.5068089370149252,2.534044685074626
EX_phe_L(e),0.9953822183905734,8.958439965515161
EX_succ(e),0.421231463362777,1.684925853451108
