,fluxes,C-fluxes
EX_ac(e),11.821275037469658,23.642550074939315
EX_dad_2(e),0.9464431313524212,9.464431313524212
EX_dcyt(e),0.9369543199397905,8.432588879458114
EX_for(e),12.981319066452743,12.981319066452743
EX_gcald(e),0.008545930922624333,0.017091861845248666
EX_ile_L(e),0.7795413199988013,4.677247919992808
EX_lys_L(e),0.8638200357777328,5.182920214666397
EX_orn(e),0.10243231859453096,0.5121615929726548
EX_succ(e),2.33517405592384,9.34069622369536
