,fluxes,C-fluxes
EX_ac(e),7.5547266449149015,15.109453289829803
EX_dad_2(e),0.9626112261563964,9.626112261563964
EX_dcyt(e),0.9429152226343918,8.486237003709526
EX_for(e),6.256360817185775,6.256360817185775
EX_gcald(e),0.006077999022065672,0.012155998044131344
EX_ile_L(e),0.8546467892140334,5.1278807352842
EX_lys_L(e),0.9276827713919337,5.566096628351602
EX_orn(e),0.09509248694447162,0.47546243472235805
EX_val_L(e),4.407426917970802,22.03713458985401
