,fluxes,C-fluxes
EX_ac(e),4.834599701275957,9.669199402551914
EX_ala_L(e),4.952030945603509,14.856092836810527
EX_dad_2(e),0.9770511968062735,9.770511968062735
EX_gly(e),0.151657788556825,0.30331557711365
EX_ile_L(e),0.9302621841863166,5.581573105117899
EX_lys_L(e),0.9215249033509731,5.529149420105838
EX_orn(e),0.10830334242399738,0.5415167121199869
EX_succ(e),1.0857971569468037,4.343188627787215
