,fluxes,C-fluxes
EX_ac(e),12.344174923284681,24.688349846569363
EX_dad_2(e),0.9492403175279095,9.492403175279096
EX_dcyt(e),0.9444282933951686,8.499854640556517
EX_for(e),13.578050135593735,13.578050135593735
EX_gcald(e),0.009273730744085421,0.018547461488170842
EX_ile_L(e),0.7898442103817501,4.7390652622905005
EX_lys_L(e),0.8710708940302238,5.226425364181343
EX_orn(e),0.07893343259273004,0.39466716296365023
EX_succ(e),2.482142101923536,9.928568407694144
