,fluxes,C-fluxes
EX_ac(e),13.876650881250475,27.75330176250095
EX_dad_2(e),0.9515382398781248,9.515382398781249
EX_for(e),12.706518747277078,12.706518747277078
EX_gcald(e),0.007652183103194207,0.015304366206388415
EX_gln_L(e),0.1451810964776694,0.7259054823883471
EX_ile_L(e),0.805638433889991,4.833830603339946
EX_lys_L(e),0.8727108089073812,5.236264853444287
EX_orn(e),0.08308150214180934,0.4154075107090467
