,fluxes,C-fluxes
EX_ac(e),14.497342510503817,28.994685021007633
EX_dad_2(e),0.949615406377381,9.49615406377381
EX_etoh(e),0.17134005727792948,0.34268011455585895
EX_for(e),13.447746191749099,13.447746191749099
EX_gcald(e),0.00810660518129463,0.01621321036258926
EX_ile_L(e),0.8127055691026822,4.8762334146160935
EX_orn(e),0.15,0.75
EX_pro_L(e),0.2932730401321304,1.466365200660652
