,fluxes,C-fluxes
EX_ac(e),15.363119966122873,30.726239932245747
EX_dad_2(e),0.9399465673827618,9.399465673827619
EX_dcyt(e),0.9036117489082093,8.132505740173883
EX_for(e),15.039130754148415,15.039130754148415
EX_gcald(e),0.009447418407312171,0.018894836814624342
EX_gly(e),0.8744184579789744,1.7488369159579489
EX_ile_L(e),0.8538007035410367,5.12280422124622
EX_lys_L(e),0.8778770799757112,5.267262479854267
EX_orn(e),0.15,0.75
