,fluxes,C-fluxes
EX_ac(e),14.820196325853162,29.640392651706325
EX_dad_2(e),0.952042843018012,9.52042843018012
EX_etoh(e),0.6022564408781602,1.2045128817563204
EX_for(e),14.182980110593723,14.182980110593723
EX_gcald(e),0.00768713128239915,0.0153742625647983
EX_gln_L(e),0.44338150879920063,2.2169075439960033
EX_ile_L(e),0.8046122772865613,4.827673663719367
EX_lys_L(e),0.8722866237478846,5.233719742487308
EX_ptrc(e),1.0920500897310101,4.368200358924041
