,fluxes,C-fluxes
EX_ac(e),16.456308650341477,32.91261730068295
EX_dad_2(e),0.9427908226955108,9.427908226955108
EX_for(e),15.416901034202404,15.416901034202404
EX_gcald(e),0.009081068932422743,0.018162137864845485
EX_gln_L(e),0.7319234062566917,3.6596170312834584
EX_ile_L(e),1.0439292697522722,6.263575618513633
EX_lys_L(e),0.8506635008615202,5.103981005169121
EX_orn(e),0.060380482993903264,0.3019024149695163
