,fluxes,C-fluxes
EX_ac(e),23.698880339853662,47.397760679707325
EX_gcald(e),0.0038975811781588646,0.007795162356317729
