,fluxes,C-fluxes
EX_ac(e),15.495921636808255,30.99184327361651
EX_ade(e),1.825455773869757,9.127278869348785
EX_dcyt(e),0.6122860033584836,5.510574030226352
EX_etoh(e),4.68434310331279,9.36868620662558
EX_for(e),14.875627306171479,14.875627306171479
EX_gua(e),0.8901107754172105,4.450553877086053
EX_lys_L(e),0.8881913839993917,5.32914830399635
EX_nac(e),0.996141230616243,5.976847383697458
EX_orn(e),0.12555315044602083,0.6277657522301041
EX_tym(e),0.9337105467302872,7.4696843738422976
