,fluxes,C-fluxes
EX_ac(e),2.7556231501828905,5.511246300365781
EX_etoh(e),0.42059127244700417,0.8411825448940083
EX_for(e),2.5519016023172774,2.5519016023172774
EX_glu_L(e),0.11342997417401358,0.567149870870068
EX_nac(e),0.01306723727840358,0.07840342367042148
EX_orn(e),0.15,0.75
