,fluxes,C-fluxes
EX_ac(e),7.944950797336649,15.889901594673297
EX_etoh(e),6.264665030309875,12.52933006061975
EX_for(e),13.785725604077612,13.785725604077612
EX_hista(e),0.11913975238284717,0.5956987619142359
EX_tym(e),0.954533904556072,7.636271236448576
