,fluxes,C-fluxes
EX_ac(e),15.467084135182512,30.934168270365024
EX_ade(e),1.9442418941538984,9.721209470769491
EX_etoh(e),2.983786367157985,5.96757273431597
EX_for(e),8.25763832178183,8.25763832178183
EX_gua(e),0.9664306034093526,4.832153017046763
EX_ile_L(e),0.8099179041225941,4.859507424735565
EX_orn(e),0.043773142559449224,0.21886571279724612
