,fluxes,C-fluxes
EX_ac(e),2.3661088532874506,4.732217706574901
EX_etoh(e),0.4451978350671063,0.8903956701342126
EX_for(e),2.4042959210778783,2.4042959210778783
EX_glyc(e),0.0010124440937362659,0.003037332281208798
EX_nac(e),0.011722392105183955,0.07033435263110373
EX_thymd(e),0.00935723196687546,0.09357231966875461
