,fluxes,C-fluxes
EX_ac(e),12.744573577980745,25.48914715596149
EX_ade(e),1.9607679334712682,9.80383966735634
EX_dcyt(e),0.9365766566365171,8.429189909728654
EX_etoh(e),4.0726396533557745,8.145279306711549
EX_for(e),11.12078508556998,11.12078508556998
EX_hista(e),0.11937227901922608,0.5968613950961303
EX_ile_L(e),0.05558655347469677,0.33351932084818064
EX_orn(e),0.07752664222061276,0.3876332111030638
EX_tym(e),0.9544281919444504,7.635425535555603
