,fluxes,C-fluxes
EX_ac(e),2.4100502271820705,4.820100454364141
EX_etoh(e),0.4303133026501337,0.8606266053002674
EX_for(e),2.546377338992707,2.546377338992707
EX_glu_L(e),0.13281067272931413,0.6640533636465706
EX_glyc(e),0.001183456320342495,0.003550368961027485
EX_nac(e),0.024549703821975005,0.14729822293185002
EX_succ(e),0.007398667079211797,0.02959466831684719
