,fluxes,C-fluxes
EX_ac(e),1.3522181044981059,2.7044362089962117
EX_for(e),1.2094993823792892,1.2094993823792892
EX_glu_L(e),0.15726864242359292,0.7863432121179647
EX_glyc(e),0.0011987413013892713,0.003596223904167814
EX_phe_L(e),0.9866899408405138,8.880209467564624
EX_ppa(e),0.21497464884419537,0.6449239465325861
EX_ser_L(e),0.9226177950271409,2.767853385081423
EX_succ(e),0.1975782952005334,0.7903131808021336
