,fluxes,C-fluxes
EX_ac(e),4.901660175069579,9.803320350139158
EX_acald(e),0.1920506163379682,0.3841012326759364
EX_for(e),4.824267672961423,4.824267672961423
EX_ile_L(e),0.9253457414631077,5.5520744487786455
EX_lys_L(e),0.938685777783082,5.6321146666984925
EX_phe_L(e),0.9246034224013382,8.321430801612044
EX_ppa(e),3.3215162274186687,9.964548682256005
EX_ptrc(e),0.9765479976476688,3.906191990590675
EX_xan(e),0.9867203640616404,4.933601820308202
