,fluxes,C-fluxes
EX_ac(e),5.359333543107204,10.718667086214408
EX_etoh(e),2.6163519193248583,5.232703838649717
EX_for(e),7.566377490426965,7.566377490426965
EX_nac(e),0.9987697032819461,5.992618219691677
EX_phe_L(e),0.9125839066024785,8.213255159422307
EX_ppa(e),1.774233400319161,5.322700200957483
EX_ptrc(e),0.9596527881988933,3.8386111527955733
