,fluxes,C-fluxes
EX_ac(e),5.3731938507433155,10.746387701486631
EX_acald(e),1.1625457306948412,2.3250914613896825
EX_for(e),5.131256432391851,5.131256432391851
EX_ile_L(e),0.9116641756847818,5.46998505410869
EX_lys_L(e),0.9323641730577747,5.594185038346648
EX_phe_L(e),0.9219449840888524,8.297504856799671
EX_ppa(e),3.5617125023746525,10.685137507123958
EX_ptrc(e),0.9712723252794113,3.8850893011176453
EX_ura(e),0.9657961815485643,3.863184726194257
