,fluxes,C-fluxes
EX_ac(e),4.485168551685999,8.970337103371998
EX_adn(e),0.002604029901460853,0.02604029901460853
EX_for(e),4.521091688766124,4.521091688766124
EX_phe_L(e),0.9550451003775865,8.595405903398278
EX_ppa(e),1.6670829846739037,5.001248954021711
EX_ptrc(e),0.9783114956758752,3.9132459827035007
EX_ura(e),0.9780378426443159,3.9121513705772637
