,fluxes,C-fluxes
EX_ac(e),4.6105336792700635,9.221067358540127
EX_etoh(e),1.8045087970023728,3.6090175940047455
EX_for(e),6.003392104763708,6.003392104763708
EX_phe_L(e),0.9512600987705379,8.56134088893484
EX_ppa(e),0.29682974325250117,0.8904892297575036
EX_ptrc(e),0.9776127015025602,3.9104508060102408
