,fluxes,C-fluxes
EX_4hphac(e),0.9320600145927046,7.456480116741637
EX_ac(e),14.678158739361994,29.356317478723987
EX_etoh(e),2.240667010222546,4.481334020445092
EX_for(e),13.681586281140374,13.681586281140374
EX_gly(e),1.5750739722670835,3.150147944534167
EX_ile_L(e),0.6883112500371964,4.129867500223178
EX_nac(e),0.9985825825723591,5.991495495434155
EX_ppa(e),0.1060654765606491,0.3181964296819473
EX_ptrc(e),1.0,4.0
