,fluxes,C-fluxes
EX_4hphac(e),0.8518478319758774,6.8147826558070195
EX_ac(e),15.445156080694186,30.890312161388373
EX_dad_2(e),0.037690424823803394,0.3769042482380339
EX_for(e),12.259338660021383,12.259338660021383
EX_gly(e),1.5715586176911402,3.1431172353822805
EX_ile_L(e),0.6915681482926116,4.149408889755669
EX_orn(e),0.03702617649454687,0.18513088247273435
EX_ppa(e),0.0988655386675104,0.2965966160025312
