,fluxes,C-fluxes
EX_2obut(e),0.0013323390593198516,0.0053293562372794066
EX_ac(e),1.3777930196937185,2.755586039387437
EX_ala_D(e),0.3829170511965087,1.148751153589526
EX_lac_D(e),10.605141814344906,31.81542544303472
EX_lys_L(e),0.954501300020763,5.7270078001245786
EX_orn(e),0.11969374672749981,0.5984687336374991
EX_succ(e),0.5066812964885334,2.0267251859541338
