,fluxes,C-fluxes
EX_4hphac(e),0.8040233484545616,6.432186787636493
EX_ac(e),2.0818714079831677,4.163742815966335
EX_ala_L(e),1.5243797229238105,4.573139168771432
EX_glyclt(e),0.9904869769555791,1.9809739539111582
EX_gua(e),0.9087908218701481,4.543954109350741
EX_ppa(e),0.9904869769555791,2.971460930866737
