,fluxes,C-fluxes
EX_ac(e),10.947215303580771,21.894430607161542
EX_ade(e),0.1345699252569819,0.6728496262849094
EX_for(e),7.317596079435647,7.317596079435647
EX_hista(e),0.10949805295239802,0.5474902647619901
EX_indole(e),0.06604092373578122,0.5283273898862497
EX_ppa(e),2.785828220838084,8.357484662514251
EX_pro_L(e),0.03294405163432041,0.16472025817160205
EX_tym(e),0.9603933900271598,7.683147120217279
