,fluxes,C-fluxes
EX_ac(e),9.360496281075546,18.720992562151093
EX_but(e),1.0068907827581637,4.027563131032655
EX_gly(e),0.11899376586848584,0.23798753173697168
EX_indole(e),0.07384212783007812,0.590737022640625
EX_nac(e),0.1079396993381529,0.6476381960289174
EX_phe_L(e),0.9029498929790333,8.1265490368113
EX_succ(e),0.24929909762696428,0.9971963905078571
