,fluxes,C-fluxes
EX_ac(e),0.8785416009296682,1.7570832018593363
EX_but(e),0.21585670091423173,0.8634268036569269
EX_for(e),0.8863130809207782,0.8863130809207782
