,fluxes,C-fluxes
EX_ac(e),0.020510363165198574,0.04102072633039715
EX_but(e),2.9518794021863477,11.80751760874539
EX_etoh(e),0.2104282211396198,0.4208564422792396
EX_succ(e),0.5173268294036891,2.0693073176147565
