,fluxes,C-fluxes
EX_ac(e),2.066092688050269,4.132185376100538
EX_ade(e),0.040966981128851686,0.20483490564425844
EX_etoh(e),0.027720091001725688,0.055440182003451376
EX_for(e),0.16173714831381808,0.16173714831381808
EX_gln_L(e),0.03042740995372377,0.15213704976861886
EX_glyc(e),0.001107840394320568,0.0033235211829617042
EX_lac_L(e),1.179235610987823,3.537706832963469
EX_orn(e),0.1431793138929866,0.7158965694649331
