,fluxes,C-fluxes
EX_ac(e),2.0505193801696096,4.101038760339219
EX_acald(e),0.0016619891261173102,0.0033239782522346203
EX_ala_L(e),0.05467313279856243,0.1640193983956873
EX_gcald(e),0.0018340549891070848,0.0036681099782141695
EX_strch2(e),0.11661166765193004,2.0990100177347406
EX_succ(e),1.1323299691536626,4.52931987661465
