,fluxes,C-fluxes
EX_ac(e),3.538009173358674,7.076018346717348
EX_asp_L(e),0.10184960105566446,0.40739840422265783
EX_for(e),1.179897465091457,1.179897465091457
EX_gcald(e),0.0023732022751050234,0.004746404550210047
EX_glyc(e),0.002566712250658633,0.007700136751975898
EX_orn(e),0.12542632085490094,0.6271316042745047
