,fluxes,C-fluxes
EX_ac(e),11.356154838656574,22.712309677313147
EX_dad_2(e),0.0017276391115362243,0.017276391115362243
EX_for(e),9.839083299263539,9.839083299263539
EX_glyc(e),0.16491165403904925,0.49473496211714774
EX_ins(e),1.0,10.0
EX_nac(e),0.9985695452820402,5.991417271692241
EX_orn(e),0.03166140070960022,0.1583070035480011
EX_strch2(e),0.22071600518141576,3.9728880932654835
EX_urea(e),0.001430425052883178,0.001430425052883178
