,fluxes,C-fluxes
EX_ac(e),15.383902760309944,30.767805520619888
EX_dad_2(e),0.9309653693531833,9.309653693531834
EX_for(e),17.989692974876377,17.989692974876377
EX_nac(e),0.996269548601438,5.977617291608628
EX_succ(e),0.9886895809832148,3.954758323932859
EX_ttdca(e),0.4373942546313607,6.12351956483905
EX_urea(e),0.0037302657337966935,0.0037302657337966935
