,fluxes,C-fluxes
EX_akg(e),0.0008195500878656712,0.004097750439328356
TS_nad_c,0.9487536429989265,19.923826502977455
TS_fadh2_c,0.9390950969184879,25.355567616799174
