,fluxes,C-fluxes
EX_adn(e),0.00012165191900153585,0.0012165191900153584
EX_ala_L(e),0.7429765055978136,2.228929516793441
EX_asp_L(e),0.5266399454390572,2.106559781756229
EX_nac(e),0.9985601625115597,5.991360975069358
EX_succ(e),4.461788138139394,17.847152552557574
