,fluxes,C-fluxes
EX_cytd(e),0.010119359778435647,0.09107423800592082
EX_dad_2(e),0.00021309585154462765,0.0021309585154462764
EX_pyr(e),0.6253605973125662,1.8760817919376986
EX_succ(e),1.1999977362513363,4.799990945005345
