,fluxes,C-fluxes
EX_cytd(e),0.006755433145798296,0.060798898312184664
EX_pyr(e),1.0329324285859418,3.0987972857578256
EX_succ(e),0.13523927342546843,0.5409570937018737
