,fluxes,C-fluxes
EX_ac(e),6.530976703607575,13.06195340721515
EX_ade(e),0.9965992094800087,4.982996047400043
EX_cys_L(e),0.9880593831705761,2.9641781495117283
EX_dcyt(e),0.9687712796873129,8.718941517185817
EX_fru(e),0.21320122474164924,1.2792073484498954
EX_gcald(e),0.001350848500150391,0.002701697000300782
EX_glyc(e),0.004645191290037579,0.013935573870112737
EX_nac(e),0.9995497159298897,5.997298295579339
