,fluxes,C-fluxes
EX_4hphac(e),0.9117678809543392,7.294143047634714
EX_ac(e),14.850022064506128,29.700044129012255
EX_dad_2(e),1.0053847196508865,10.053847196508865
EX_for(e),20.19202408751484,20.19202408751484
EX_indole(e),0.030353267343229698,0.24282613874583758
EX_nac(e),0.9984269609952192,5.990561765971315
EX_ppa(e),0.04302923657441852,0.12908770972325556
EX_ptrc(e),0.9984276461364133,3.9937105845456533
