,fluxes,C-fluxes
EX_ac(e),35.160168365118096,70.32033673023619
EX_for(e),0.02963996038958363,0.02963996038958363
EX_gcald(e),0.016156901939929198,0.032313803879858397
EX_hxan(e),0.8962070248546714,4.481035124273357
EX_lys_L(e),0.7067607505680219,4.240564503408131
EX_phe_L(e),0.7090432165491812,6.381388948942631
EX_ura(e),0.8121158656503644,3.2484634626014577
