,fluxes,C-fluxes
EX_ac(e),2.354123343206083,4.708246686412166
EX_ala_L(e),0.9645780651290002,2.8937341953870006
EX_for(e),0.3460127826302475,0.3460127826302475
EX_glyc(e),0.0014219983391480825,0.004265995017444247
EX_orn(e),0.13692016456337697,0.6846008228168848
EX_succ(e),0.24983707450901663,0.9993482980360665
