,fluxes,C-fluxes
EX_ac(e),1.3584556318290797,2.7169112636581594
EX_ala_L(e),0.40940784299334876,1.2282235289800463
EX_for(e),0.2240906197414345,0.2240906197414345
EX_orn(e),0.14653949935256746,0.7326974967628374
EX_succ(e),0.22427028698249293,0.8970811479299717
