,fluxes,C-fluxes
EX_ac(e),1.6275018313252543,3.2550036626505086
EX_adn(e),0.021634183279665497,0.21634183279665498
EX_asp_L(e),0.011242507707330795,0.04497003082932318
EX_for(e),0.6351621276242495,0.6351621276242495
EX_orn(e),0.1384070701706895,0.6920353508534476
