,fluxes,C-fluxes
EX_ac(e),3.048852802238411,6.097705604476822
EX_ade(e),1.983978627952661,9.919893139763305
EX_ala_L(e),0.47716781912592277,1.4315034573777683
EX_etoh(e),2.3687711624643772,4.7375423249287545
EX_for(e),2.8411913990971702,2.8411913990971702
EX_glyc(e),0.004102384531987476,0.01230715359596243
EX_gua(e),0.9903649025111134,4.951824512555567
EX_strch2(e),0.0352407953825108,0.6343343168851944
EX_succ(e),1.2074349374627973,4.829739749851189
