,fluxes,C-fluxes
EX_ac(e),1.0611783304181783,2.1223566608363567
EX_ade(e),1.059238457680331,5.296192288401656
EX_etoh(e),1.0,2.0
EX_for(e),1.091829590415228,1.091829590415228
EX_glyc(e),0.0009453196465801529,0.0028359589397404586
EX_orn(e),0.038069419528202156,0.19034709764101077
EX_succ(e),0.000291349973105349,0.001165399892421396
