,fluxes,C-fluxes
EX_ac(e),2.330459881572344,4.660919763144688
EX_acald(e),0.013622921556922924,0.027245843113845848
EX_for(e),0.03126384499544074,0.03126384499544074
EX_gly(e),0.7209006465713064,1.4418012931426127
EX_glyc(e),0.0027832828839641443,0.008349848651892432
EX_mal_L(e),0.00027001454413145106,0.0010800581765258042
EX_nac(e),0.14623464588938934,0.877407875336336
EX_orn(e),0.10938649964632989,0.5469324982316495
EX_succ(e),0.0008093947642932919,0.0032375790571731677
