,fluxes,C-fluxes
EX_ac(e),2.5430698180627767,5.086139636125553
EX_acald(e),0.00614440931634479,0.01228881863268958
EX_for(e),0.2508789420480064,0.2508789420480064
EX_gly(e),0.5936933747568062,1.1873867495136123
EX_glyc(e),0.0031739056509322984,0.009521716952796895
EX_nac(e),0.24805849619818263,1.4883509771890957
EX_orn(e),0.11843802373369669,0.5921901186684835
EX_succ(e),0.0009229901247287624,0.0036919604989150497
