,fluxes,C-fluxes
EX_ac(e),2.0692857445870083,4.138571489174017
EX_acald(e),0.019963350725860893,0.03992670145172179
EX_for(e),1.2639228895303058,1.2639228895303058
EX_nac(e),0.022556840569201746,0.13534104341521047
