,fluxes,C-fluxes
EX_ac(e),0.015513908032224546,0.03102781606444909
EX_etoh(e),0.23875258335107938,0.47750516670215876
EX_for(e),14.475048554220733,14.475048554220733
EX_ins(e),1.0282716525034343,10.282716525034344
EX_nac(e),0.06801723162814732,0.40810338976888394
EX_phe_L(e),0.900996049294649,8.10896444365184
EX_ttdca(e),2.161532800319438,30.261459204472132
EX_urea(e),0.057981361489590946,0.057981361489590946
