,fluxes,C-fluxes
EX_ac(e),1.563830445708111,3.127660891416222
EX_ade(e),1.2778553913801736,6.389276956900868
EX_asp_L(e),0.06434494835803603,0.2573797934321441
EX_etoh(e),1.4305144753731942,2.8610289507463884
EX_for(e),1.7033839965993733,1.7033839965993733
EX_glyc(e),0.0017395236086271014,0.005218570825881304
EX_gua(e),0.19634958997890753,0.9817479498945376
EX_orn(e),0.1298350827540712,0.649175413770356
EX_ura(e),0.18261369010030243,0.7304547604012097
