,fluxes,C-fluxes
EX_succ(e),1.4662234189453878,5.864893675781551
