,fluxes,C-fluxes
EX_cytd(e),0.022710379979475104,0.20439341981527595
EX_for(e),4.176257575333315,4.176257575333315
EX_glu_L(e),0.21241948946953507,1.0620974473476754
EX_glyc(e),0.001085675067430254,0.003257025202290762
EX_succ(e),1.3944781883461008,5.577912753384403
