,fluxes,C-fluxes
EX_ac(e),0.15559330429109142,0.31118660858218283
EX_glu_L(e),0.0028436848397411104,0.014218424198705552
EX_succ(e),1.0230071091711612,4.092028436684645
EX_tyr_L(e),0.0018026813682687846,0.016224132314419062
