,fluxes,C-fluxes
EX_13ppd(e),1.79965486,5.3989645799999995
EX_ac(e),14.696081386393628,29.392162772787255
EX_for(e),10.548587213676548,10.548587213676548
EX_gcald(e),0.7262829165456219,1.4525658330912439
EX_gsn(e),0.9219664997048606,9.219664997048605
EX_ins(e),1.2975533948120481,12.975533948120482
EX_nac(e),0.9977170627677922,5.986302376606753
EX_phe_L(e),0.8659467830238103,7.793521047214293
