,fluxes,C-fluxes
EX_4abut(e),0.06084557449015242,0.24338229796060967
EX_ac(e),10.851947306286526,21.703894612573052
EX_etoh(e),2.297394473612684,4.594788947225368
EX_for(e),8.369837457265454,8.369837457265454
EX_succ(e),0.3520352545566071,1.4081410182264285
EX_thf(e),0.9954763984842353,18.91405157120047
