,fluxes,C-fluxes
EX_ac(e),1.6897817078423767,3.3795634156847534
EX_ade(e),0.07324127861594808,0.3662063930797404
EX_etoh(e),0.06749671640517899,0.13499343281035797
EX_for(e),1.382459968089378,1.382459968089378
EX_glyc(e),0.004038528697539422,0.012115586092618265
