,fluxes,C-fluxes
EX_4abut(e),0.18,0.72
EX_ac(e),2.6712548796250295,5.342509759250059
EX_ala_L(e),2.5288151190528843,7.586445357158652
EX_etoh(e),0.19693939873367386,0.3938787974673477
EX_for(e),1.7504879029427975,1.7504879029427975
EX_gcald(e),0.0014407029651728122,0.0028814059303456244
EX_gly(e),0.18362223946594536,0.3672444789318907
EX_glyc(e),0.15054396731554537,0.4516319019466361
EX_succ(e),0.21239575753151,0.84958303012604
