,fluxes,C-fluxes
EX_ac(e),8.312629339684767,16.625258679369534
EX_ala_L(e),0.12004838169434874,0.36014514508304624
EX_for(e),3.423903017724972,3.423903017724972
EX_nac(e),0.0116187854134386,0.0697127124806316
