,fluxes,C-fluxes
EX_4abut(e),0.18,0.72
EX_ac(e),2.6629936796973532,5.3259873593947065
EX_ala_L(e),2.3843316404378934,7.15299492131368
EX_etoh(e),0.1963006188358615,0.392601237671723
EX_for(e),1.7390251497311622,1.7390251497311622
EX_gcald(e),0.00138248877309968,0.00276497754619936
EX_gly(e),0.18480787063956736,0.3696157412791347
EX_glyc(e),0.15048100636125852,0.4514430190837756
EX_succ(e),0.2071323673471751,0.8285294693887004
