,fluxes,C-fluxes
EX_ac(e),2.9304912400056127,5.860982480011225
EX_for(e),3.0011997801501127,3.0011997801501127
EX_gcald(e),0.0019562235499371583,0.003912447099874317
EX_glyc(e),0.002115733245042681,0.006347199735128043
EX_succ(e),0.002551773778412712,0.010207095113650849
