,fluxes,C-fluxes
EX_ac(e),2.1566513680269157,4.313302736053831
EX_ade(e),1.5045764614789587,7.522882307394793
EX_for(e),2.261549467596847,2.261549467596847
EX_gcald(e),0.0010152949802431908,0.0020305899604863816
EX_glyc(e),0.003491316308616017,0.010473948925848051
EX_succ(e),1.4976435047826022,5.990574019130409
