,fluxes,C-fluxes
EX_ac(e),1.8871932219837542,3.7743864439675083
EX_for(e),1.930218650308164,1.930218650308164
EX_hxan(e),0.01392604268779256,0.0696302134389628
EX_lys_L(e),0.20815984829340226,1.2489590897604135
EX_orn(e),0.12206590741655804,0.6103295370827901
EX_ppa(e),0.018018286544207934,0.0540548596326238
EX_succ(e),0.835533644902882,3.342134579611528
TS_copre5b_c,2.783474461787329e-05,0.0011968940185685514
