,fluxes,C-fluxes
EX_ac(e),7.437438854520686,14.874877709041373
EX_for(e),8.494747092361708,8.494747092361708
EX_gal(e),0.07449289,0.44695734000000004
EX_glc_D(e),0.576911968748095,3.46147181248857
EX_hxan(e),0.9854373105318003,4.927186552659001
EX_lys_L(e),0.9619008166731238,5.771404900038743
EX_ppa(e),0.22343506279151393,0.6703051883745418
EX_pro_L(e),0.05100036186169631,0.25500180930848154
EX_succ(e),0.8297267982879453,3.318907193151781
