,fluxes,C-fluxes
EX_ac(e),4.294733094676977,8.589466189353955
EX_acald(e),0.026750059789606827,0.053500119579213655
EX_ala_D(e),0.12600432853927956,0.3780129856178387
EX_ala_L(e),0.001086310247526756,0.0032589307425802683
EX_for(e),3.304812786118506,3.304812786118506
EX_nac(e),0.3618176917477352,2.1709061504864113
