,fluxes,C-fluxes
EX_ac(e),0.6469973798540509,1.2939947597081018
EX_for(e),0.03196885889511527,0.03196885889511527
EX_nac(e),0.006379812991479878,0.03827887794887927
