,fluxes,C-fluxes
EX_4hphac(e),0.9246526239983819,7.397220991987055
EX_ac(e),22.62584313687878,45.25168627375756
EX_dad_2(e),0.0025945524021011275,0.025945524021011274
EX_for(e),0.028764082876448643,0.028764082876448643
EX_nac(e),0.9982174742815577,5.989304845689347
TS_fadh2_c,9.998211361517802,269.95170676098064
