,fluxes,C-fluxes
EX_ac(e),0.7364688054989876,1.4729376109979753
EX_for(e),0.7382196942842203,0.7382196942842203
