,fluxes,C-fluxes
EX_ac(e),6.7361572387079525,13.472314477415905
EX_for(e),6.880833942156772,6.880833942156772
EX_gcald(e),0.005026541442085069,0.010053082884170138
EX_gly(e),0.13752067484126468,0.27504134968252936
EX_ile_L(e),0.5035733437948318,3.0214400627689906
EX_orn(e),0.09817212444827875,0.4908606222413937
EX_succ(e),0.048005483816630785,0.19202193526652314
