,fluxes,C-fluxes
EX_ac(e),12.871627731322672,25.743255462645344
EX_dad_2(e),0.9472359025252157,9.472359025252157
EX_dcyt(e),0.916476099424422,8.248284894819799
EX_for(e),14.028720157470044,14.028720157470044
EX_gcald(e),0.008350846482533654,0.016701692965067308
EX_gly(e),0.9775481448429713,1.9550962896859425
EX_ile_L(e),0.7951587257377083,4.7709523544262495
EX_lys_L(e),0.8921384167268838,5.352830500361303
EX_orn(e),0.0734576540224953,0.36728827011247644
