,fluxes,C-fluxes
EX_ac(e),0.21354725429657018,0.42709450859314035
EX_ala_L(e),0.6260111440259034,1.8780334320777103
EX_asp_L(e),0.44333900308943824,1.773356012357753
EX_gly(e),0.22307032904385965,0.4461406580877193
EX_ile_L(e),0.05475557063284454,0.32853342379706724
EX_orn(e),0.14793533720162622,0.7396766860081311
EX_succ(e),0.19762758865052907,0.7905103546021163
