,fluxes,C-fluxes
EX_ac(e),0.9898715827850614,1.9797431655701228
EX_asp_L(e),0.00045663527903578655,0.0018265411161431462
EX_for(e),1.0832824221898179,1.0832824221898179
EX_gcald(e),0.0011280169378793056,0.002256033875758611
EX_orn(e),0.14023184733734673,0.7011592366867336
