,fluxes,C-fluxes
EX_ac(e),1.5037777189132437,3.0075554378264875
EX_akg(e),0.1762855265882741,0.8814276329413705
EX_asp_L(e),0.5881075387992917,2.3524301551971667
EX_orn(e),0.13865065248077077,0.6932532624038539
EX_succ(e),0.1770539763038966,0.7082159052155864
