,fluxes,C-fluxes
EX_ac(e),0.28421139594725675,0.5684227918945135
EX_adn(e),0.00019219271603755476,0.0019219271603755476
EX_for(e),0.5210032404389506,0.5210032404389506
EX_mal_L(e),0.0016376217898211478,0.006550487159284591
EX_ppa(e),0.22123110638555385,0.6636933191566615
EX_succ(e),0.0072320462810906904,0.028928185124362762
