,fluxes,C-fluxes
EX_ac(e),4.28297878051907,8.56595756103814
EX_acald(e),0.016852146947264637,0.03370429389452927
EX_ala_L(e),0.1069254219017966,0.3207762657053898
EX_gly(e),0.8231265410445545,1.646253082089109
EX_nac(e),0.9995688325790928,5.997412995474557
