,fluxes,C-fluxes
EX_ac(e),7.445307010372749,14.890614020745497
EX_acald(e),0.013366003282514333,0.026732006565028665
EX_for(e),6.724080003839274,6.724080003839274
EX_gal(e),0.07449289,0.44695734000000004
EX_hxan(e),0.4315626475704996,2.157813237852498
EX_nac(e),0.9992200853109341,5.9953205118656046
