,fluxes,C-fluxes
EX_4abut(e),0.057566492460896186,0.23026596984358474
EX_ac(e),7.1321152995388974,14.264230599077795
EX_adn(e),0.9800065366896975,9.800065366896975
EX_for(e),4.249667917031616,4.249667917031616
EX_gcald(e),0.002054609297951259,0.004109218595902518
EX_glyclt(e),0.7209290785657723,1.4418581571315445
EX_nac(e),0.9993150420281074,5.995890252168644
EX_ppa(e),0.0008981311757095103,0.002694393527128531
EX_ptrc(e),0.09196768068298473,0.36787072273193894
