,fluxes,C-fluxes
EX_4abut(e),0.18,0.72
EX_ac(e),0.6002533435565938,1.2005066871131875
EX_for(e),0.24646747071000563,0.24646747071000563
EX_lac_L(e),0.35731171569327647,1.0719351470798295
