,fluxes,C-fluxes
EX_ac(e),1.6144441504484215,3.228888300896843
EX_but(e),0.0027503029282567146,0.011001211713026858
EX_cys_L(e),0.0027912909168766645,0.008373872750629993
EX_for(e),0.7574381277358107,0.7574381277358107
EX_fum(e),0.0016681672967884906,0.0066726691871539625
EX_glyc(e),0.0004249804053724728,0.0012749412161174186
