,fluxes,C-fluxes
EX_ac(e),0.8005845737886472,1.6011691475772944
EX_ala_L(e),0.00036105328197856546,0.0010831598459356963
EX_but(e),0.0009124753988970751,0.0036499015955883006
EX_etoh(e),0.14743149303277067,0.29486298606554134
EX_for(e),0.94826636952881,0.94826636952881
EX_nac(e),0.0001750674141239991,0.0010504044847439947
