,fluxes,C-fluxes
EX_ac(e),0.3662782086651199,0.7325564173302398
EX_ppa(e),0.36642659027162516,1.0992797708148756
