,fluxes,C-fluxes
EX_4hphac(e),0.21956039111548728,1.7564831289238982
EX_ala_L(e),0.011709816513695277,0.03512944954108583
EX_for(e),0.001133162574460491,0.001133162574460491
EX_lac_L(e),0.8829411684133425,2.6488235052400273
