,fluxes,C-fluxes
EX_4hphac(e),0.14011194152699044,1.1208955322159235
EX_ac(e),0.5589304763513047,1.1178609527026093
EX_gln_L(e),0.166234371621714,0.8311718581085701
EX_orn(e),0.14518953957501088,0.7259476978750544
EX_ppa(e),0.561887256372466,1.6856617691173978
