,fluxes,C-fluxes
EX_ac(e),10.363817428146522,20.727634856293044
EX_for(e),0.02178052661185095,0.02178052661185095
EX_gln_L(e),0.01717304912635743,0.08586524563178716
EX_glyclt(e),3.1612876603779876,6.322575320755975
EX_hista(e),0.12911192952641445,0.6455596476320723
EX_nac(e),0.9993333494263056,5.996000096557833
EX_phe_L(e),1.0766301559718094,9.689671403746285
EX_ppa(e),1.0,3.0
EX_ptrc(e),0.01599724344277153,0.06398897377108612
EX_trypta(e),0.9274801339958082,9.274801339958081
