,fluxes,C-fluxes
EX_ac(e),0.412828480513576,0.825656961027152
EX_asp_L(e),0.04807098063937212,0.19228392255748847
EX_ppa(e),0.2753714415897601,0.8261143247692804
EX_pro_L(e),0.048585649520414144,0.2429282476020707
