,fluxes,C-fluxes
EX_4hphac(e),1.971628877817667,15.773031022541335
EX_ac(e),11.140745487950188,22.281490975900375
EX_glyclt(e),5.805839178974452,11.611678357948904
EX_gua(e),0.948037660019203,4.7401883000960146
EX_hista(e),0.1162853849042371,0.5814269245211855
EX_lys_L(e),0.8969993495937362,5.381996097562417
EX_ppa(e),1.1038098829719993,3.311429648915998
EX_ptrc(e),1.0837939952541755,4.335175981016702
EX_trypta(e),0.06980511858679883,0.6980511858679883
