,fluxes,C-fluxes
EX_ac(e),1.7087905000509935,3.417581000101987
EX_for(e),1.511788152022622,1.511788152022622
EX_gly(e),0.20800111955523748,0.41600223911047496
EX_ppa(e),0.0004360794568327711,0.0013082383704983134
EX_succ(e),0.18879720760538918,0.7551888304215567
