,fluxes,C-fluxes
EX_ac(e),0.002231564009556798,0.004463128019113596
EX_acald(e),0.009411720942311552,0.018823441884623104
EX_ala_L(e),0.1878357544050508,0.5635072632151523
EX_for(e),0.08980765788497455,0.08980765788497455
EX_glyc(e),0.001425074581609739,0.004275223744829217
EX_lac_D(e),1.3812623138514932,4.143786941554479
EX_nac(e),0.861187270722927,5.167123624337562
