,fluxes,C-fluxes
EX_ac(e),0.5159032124341556,1.0318064248683112
EX_fru(e),0.010025795310867365,0.060154771865204196
