,fluxes,C-fluxes
EX_ac(e),4.486834794071613,8.973669588143226
EX_acald(e),0.17878295,0.3575659
EX_for(e),3.710238482215013,3.710238482215013
EX_ile_L(e),0.05746889133102425,0.3448133479861455
EX_lys_L(e),0.9815168712900784,5.88910122774047
EX_phe_L(e),0.9479555100571356,8.53159959051422
EX_pro_L(e),0.24404400619127078,1.220220030956354
EX_ser_L(e),0.06366460893448801,0.19099382680346405
EX_succ(e),2.5515434329001696,10.206173731600678
EX_val_L(e),0.5573672585426341,2.7868362927131707
