,fluxes,C-fluxes
EX_ac(e),0.09206296427294082,0.18412592854588164
EX_glyc(e),0.00076632864646794,0.00229898593940382
EX_lac_L(e),0.7144554534896269,2.143366360468881
EX_succ(e),0.0029536352002500466,0.011814540801000186
