,fluxes,C-fluxes
EX_glu_L(e),0.0028206261606394368,0.014103130803197184
EX_lys_L(e),4.812496693535591,28.874980161213546
EX_orn(e),0.027502949082411337,0.1375147454120567
