,fluxes,C-fluxes
EX_ac(e),1.048450782487342,2.096901564974684
EX_for(e),1.0724283085880117,1.0724283085880117
EX_glyc(e),0.0005347147603766251,0.0016041442811298753
EX_ile_L(e),0.015326645285483243,0.09195987171289946
EX_phe_L(e),0.5980652778853283,5.382587500967954
EX_succ(e),0.41696464503839353,1.6678585801535741
