,fluxes,C-fluxes
EX_ac(e),0.19586835901408084,0.3917367180281617
EX_ala_L(e),0.2585653547353621,0.7756960642060862
EX_asp_L(e),0.1496243060288609,0.5984972241154436
EX_for(e),0.044798736167804984,0.044798736167804984
EX_nac(e),0.11223029989925618,0.6733817993955371
EX_orn(e),0.14864519954851718,0.7432259977425859
