,fluxes,C-fluxes
EX_ac(e),0.0008508580635048463,0.0017017161270096925
EX_ala_L(e),0.033868840285177726,0.10160652085553318
EX_glyc(e),0.0005433571224780858,0.0016300713674342574
EX_succ(e),0.928326573299181,3.713306293196724
