,fluxes,C-fluxes
EX_ac(e),0.5527366634429597,1.1054733268859194
EX_for(e),0.5550981691997303,0.5550981691997303
EX_glyc(e),0.14902481688669422,0.44707445066008267
EX_succ(e),0.22464120955331607,0.8985648382132643
