,fluxes,C-fluxes
EX_ac(e),1.8098269990658078,3.6196539981316156
EX_glyc(e),0.0008311393593614711,0.0024934180780844134
EX_succ(e),0.6335039593515212,2.5340158374060846
