,fluxes,C-fluxes
EX_4abut(e),0.26918343196174005,1.0767337278469602
EX_ac(e),0.2777677297988016,0.5555354595976032
EX_ade(e),0.9916125666679219,4.958062833339609
EX_gcald(e),0.0010059864368571812,0.0020119728737143625
EX_lys_L(e),0.4332161360101962,2.599296816061177
EX_phe_L(e),0.941879889213192,8.476919002918727
EX_succ(e),4.581415132511247,18.32566053004499
