,fluxes,C-fluxes
EX_4abut(e),0.18,0.72
EX_ac(e),0.9222240369490187,1.8444480738980373
EX_ala_L(e),0.3123336216792233,0.9370008650376699
EX_for(e),1.0512114829131842,1.0512114829131842
EX_glyc(e),0.15094762052727623,0.4528428615818287
EX_gsn(e),0.003726757351973702,0.03726757351973702
EX_indole(e),0.0783456564744464,0.6267652517955712
EX_lys_L(e),0.8451285992182295,5.070771595309377
EX_succ(e),1.6235274171793603,6.494109668717441
