,fluxes,C-fluxes
EX_ac(e),0.0012620154168889825,0.002524030833777965
EX_acald(e),0.39211569563739046,0.7842313912747809
EX_ade(e),0.7710617385208727,3.855308692604363
EX_ala_L(e),0.29114965847271823,0.8734489754181547
EX_for(e),0.03129037302018787,0.03129037302018787
EX_glyc(e),0.0008059218039482959,0.0024177654118448877
EX_gsn(e),0.0014634033558820914,0.014634033558820914
EX_lac_D(e),1.1223159672136278,3.3669479016408834
EX_succ(e),0.1792359025442201,0.7169436101768804
