,fluxes,C-fluxes
EX_ac(e),0.6341610947932524,1.2683221895865049
EX_but(e),0.15853562422140782,0.6341424968856313
EX_for(e),0.6403097072145782,0.6403097072145782
