,fluxes,C-fluxes
EX_ac(e),1.5601920006748677,3.1203840013497355
EX_for(e),0.675074426828561,0.675074426828561
EX_nac(e),0.008806019959352204,0.05283611975611322
EX_succ(e),0.015123791756297841,0.060495167025191365
