,fluxes,C-fluxes
EX_ac(e),1.4175475056683546,2.8350950113367093
EX_asp_L(e),0.33489665850854294,1.3395866340341718
EX_glyc(e),0.002112126837211972,0.006336380511635915
