,fluxes,C-fluxes
EX_ac(e),9.361405416516924,18.722810833033847
EX_but(e),1.0068100424213189,4.0272401696852755
EX_gly(e),0.1192094257554923,0.2384188515109846
EX_indole(e),0.07381639931168144,0.5905311944934515
EX_nac(e),0.10792075891241591,0.6475245534744954
EX_phe_L(e),0.9029748719174543,8.12677384725709
EX_succ(e),0.24888937548784495,0.9955575019513798
