,fluxes,C-fluxes
EX_ac(e),0.9043127520929163,1.8086255041858326
EX_but(e),0.05014544603901723,0.20058178415606892
EX_for(e),1.0047725320242396,1.0047725320242396
