,fluxes,C-fluxes
EX_ac(e),0.5021816577927161,1.0043633155854321
EX_ala_L(e),0.32538663227864983,0.9761598968359495
EX_for(e),0.5022532611396316,0.5022532611396316
EX_glc_D(e),0.00282117,0.01692702
EX_glyc(e),0.1751100634879733,0.5253301904639199
