,fluxes,C-fluxes
EX_ac(e),0.4070335064250136,0.8140670128500272
EX_gln_L(e),0.1797499041743686,0.898749520871843
EX_succ(e),0.813853563475148,3.255414253900592
