,fluxes,C-fluxes
EX_ac(e),2.0312182346367558,4.0624364692735115
EX_ade(e),0.040302363794417054,0.20151181897208525
EX_for(e),0.1045446317022403,0.1045446317022403
EX_gln_L(e),0.03343930477055366,0.1671965238527683
EX_glyc(e),0.0010895773089863166,0.0032687319269589497
EX_lac_L(e),1.2312202571161808,3.6936607713485423
EX_orn(e),0.14145355987935543,0.7072677993967771
