,fluxes,C-fluxes
EX_ac(e),0.3571588390144891,0.7143176780289782
EX_ade(e),0.3521340078759235,1.7606700393796175
EX_dgsn(e),0.34731300827056605,3.4731300827056604
EX_for(e),0.35863802438741493,0.35863802438741493
EX_gln_L(e),0.1773119258952599,0.8865596294762995
EX_hista(e),0.14949956855258,0.7474978427629
EX_lac_D(e),0.08869445423476961,0.2660833627043088
EX_trypta(e),0.08130658381870695,0.8130658381870695
EX_tym(e),0.6359980921093843,5.087984736875074
