,fluxes,C-fluxes
EX_ac(e),0.37612080991973035,0.7522416198394607
EX_akg(e),0.007504928222137708,0.03752464111068854
EX_strch2(e),0.00011313096267463952,0.0020363573281435114
EX_ura(e),0.16765368729867394,0.6706147491946958
