,fluxes,C-fluxes
EX_ac(e),3.211493478131944,6.422986956263888
EX_gcald(e),0.0011591061514424357,0.0023182123028848713
EX_gly(e),0.9199554590781965,1.839910918156393
EX_orn(e),0.09303937429727034,0.4651968714863517
