,fluxes,C-fluxes
EX_acald(e),0.5866605395418244,1.1733210790836488
EX_ala_L(e),0.582588852336338,1.747766557009014
EX_fum(e),0.00025148943735831995,0.0010059577494332798
EX_strch2(e),7.932469032835008e-05,0.0014278444259103015
EX_ura(e),0.5868794058252335,2.347517623300934
