,fluxes,C-fluxes
EX_ac(e),0.2585364958770378,0.5170729917540756
EX_strch2(e),8.96804120304819e-05,0.001614247416548674
