,fluxes,C-fluxes
EX_ac(e),0.3111985699680057,0.6223971399360114
EX_for(e),0.31574870091777224,0.31574870091777224
EX_nac(e),0.0006503559875766024,0.0039021359254596145
EX_strch2(e),0.00010235214672209744,0.001842338640997754
