,fluxes,C-fluxes
EX_ac(e),0.28459104475152003,0.5691820895030401
EX_ala_L(e),0.20832938202945323,0.6249881460883597
EX_asp_L(e),0.06990479035814387,0.2796191614325755
EX_for(e),0.21340536727395518,0.21340536727395518
EX_orn(e),0.07396622378454194,0.3698311189227097
EX_strch2(e),0.00013899094317803957,0.0025018369772047125
