,fluxes,C-fluxes
EX_ac(e),0.31166889089002725,0.6233377817800545
EX_for(e),0.31623820742071374,0.31623820742071374
EX_nac(e),0.0009314970695127942,0.005588982417076765
EX_strch2(e),0.00010490944886292482,0.0018883700795326469
