,fluxes,C-fluxes
EX_ac(e),0.516657590838563,1.033315181677126
EX_succ(e),0.34739335927390985,1.3895734370956394
