,fluxes,C-fluxes
EX_ac(e),1.1457336707320052,2.2914673414640103
EX_ala_L(e),0.6471870868470988,1.9415612605412964
EX_asp_L(e),0.1981959794229854,0.7927839176919416
EX_gcald(e),0.0007112614375030206,0.0014225228750060412
EX_glyc(e),0.14975504741400586,0.4492651422420176
EX_hxan(e),0.00024990179680983173,0.0012495089840491587
EX_ile_L(e),0.9414996554415378,5.648997932649227
EX_pro_L(e),0.13796625340089252,0.6898312670044626
EX_succ(e),0.0007112617299626876,0.00284504691985075
