,fluxes,C-fluxes
EX_ac(e),0.2795972554762397,0.5591945109524794
EX_ala_L(e),0.1721083840278872,0.5163251520836616
EX_asp_L(e),0.08118383982660007,0.3247353593064003
EX_for(e),0.1998114536322011,0.1998114536322011
EX_gly(e),0.04176178464583171,0.08352356929166342
EX_orn(e),0.08223300242119656,0.41116501210598283
EX_strch2(e),0.0001420694908414937,0.0025572508351468866
