,fluxes,C-fluxes
EX_ac(e),5.263174108424315,10.52634821684863
EX_arab_L(e),0.00245042,0.0122521
EX_dad_2(e),0.01765293405804165,0.1765293405804165
EX_for(e),3.6171851650270255,3.6171851650270255
EX_gal(e),0.013833119999999999,0.08299872
EX_glc_D(e),0.00282117,0.01692702
EX_meoh(e),0.00907565,0.00907565
EX_rmn(e),0.002898,0.017388
EX_succ(e),0.829125893837251,3.316503575349004
