,fluxes,C-fluxes
EX_ac(e),0.4771639148666297,0.9543278297332594
EX_succ(e),0.4631257728272786,1.8525030913091145
