,fluxes,C-fluxes
EX_ac(e),2.2066564060171343,4.413312812034269
EX_adn(e),0.0004540245101750467,0.0045402451017504675
EX_arab_L(e),0.0055197,0.027598499999999998
EX_dcyt(e),0.0026240439446040343,0.023616395501436308
EX_for(e),4.127849940697958,4.127849940697958
EX_gal(e),0.00091995,0.0055197
EX_glc_D(e),2.3244949299999997,13.946969579999998
EX_pac(e),0.8140177440362899,6.512141952290319
EX_ppa(e),0.9559702766341545,2.8679108299024634
