,fluxes,C-fluxes
EX_ac(e),0.4709560457433423,0.9419120914866846
EX_dcyt(e),0.0017662592414096111,0.0158963331726865
EX_for(e),0.23496482391646778,0.23496482391646778
EX_glc_D(e),0.0047020000000000005,0.028212
EX_pac(e),0.9871744278066384,7.8973954224531075
