,fluxes,C-fluxes
EX_ac(e),2.7401486509712054,5.480297301942411
EX_for(e),0.0079974166031127,0.0079974166031127
EX_glc_D(e),2.32357498,13.94144988
EX_gly(e),0.18946467054692534,0.3789293410938507
EX_indole(e),0.07185211165915874,0.5748168932732699
EX_meoh(e),0.014168619479030429,0.014168619479030429
EX_pac(e),0.966210685355854,7.729685482846832
EX_succ(e),2.8525765876292946,11.410306350517178
