,fluxes,C-fluxes
EX_ac(e),0.4959062812458238,0.9918125624916476
EX_ade(e),0.7295501714092154,3.647750857046077
EX_for(e),1.184741819985145,1.184741819985145
EX_ppa(e),0.9804498271623312,2.9413494814869936
EX_succ(e),0.6902108973763925,2.76084358950557
