,fluxes,C-fluxes
EX_ac(e),0.7398611700750044,1.4797223401500088
EX_adn(e),0.0016345767836070076,0.016345767836070075
EX_dcyt(e),0.005222654065447322,0.0470038865890259
EX_for(e),0.0024949686939379984,0.0024949686939379984
