,fluxes,C-fluxes
EX_ac(e),1.4371410600372037,2.8742821200744073
EX_arab_L(e),0.00201572,0.0100786
EX_for(e),0.3601910691149318,0.3601910691149318
EX_gal(e),0.012094319999999999,0.07256591999999999
EX_glcur(e),0.00032865,0.0019719
EX_gly(e),0.20308911202939686,0.4061782240587937
EX_pac(e),0.39092810473381084,3.1274248378704868
