,fluxes,C-fluxes
EX_ac(e),0.8655978978620991,1.7311957957241981
EX_arab_L(e),0.0055197,0.027598499999999998
EX_cys_L(e),0.022820800304362426,0.06846240091308728
EX_dcyt(e),0.0026361882955027957,0.023725694659525162
EX_for(e),0.004536709193033278,0.004536709193033278
EX_gal(e),0.00091995,0.0055197
EX_glc_D(e),2.1703253732890886,13.021952239734532
EX_gly(e),0.19983860164589964,0.3996772032917993
EX_pac(e),0.9824737823434857,7.859790258747886
EX_succ(e),0.6580651251009394,2.6322605004037576
