,fluxes,C-fluxes
EX_ac(e),3.152707231930638,6.305414463861276
EX_cys_L(e),0.03597512926425958,0.10792538779277874
EX_for(e),0.008726649823846164,0.008726649823846164
EX_glc_D(e),2.32075381,13.92452286
EX_gly(e),0.17054031744293469,0.34108063488586937
EX_indole(e),0.07166014216085567,0.5732811372868454
EX_pac(e),0.9617020362456445,7.693616289965156
EX_succ(e),2.703846493478581,10.815385973914324
