,fluxes,C-fluxes
EX_ac(e),0.6172752533255245,1.234550506651049
EX_dad_2(e),0.0009935177993990233,0.009935177993990234
EX_for(e),0.11467133655615494,0.11467133655615494
EX_orn(e),0.0027131792167667066,0.013565896083833533
EX_ppa(e),0.11453943564657085,0.3436183069397125
