,fluxes,C-fluxes
EX_ac(e),0.4843034261099957,0.9686068522199914
EX_for(e),0.0017680445839225185,0.0017680445839225185
