,fluxes,C-fluxes
EX_ac(e),0.6280095900810385,1.256019180162077
EX_for(e),0.4046373079806981,0.4046373079806981
EX_succ(e),0.6489088254876595,2.595635301950638
