,fluxes,C-fluxes
EX_ac(e),0.4620716724590598,0.9241433449181196
EX_dad_2(e),0.0006543190019644154,0.0065431900196441534
EX_succ(e),0.26721865163810876,1.068874606552435
