,fluxes,C-fluxes
EX_ac(e),2.8556995323514243,5.7113990647028485
EX_for(e),0.49982327447069286,0.49982327447069286
EX_ins(e),0.001253627974368998,0.01253627974368998
EX_ppa(e),0.15196301531744114,0.4558890459523234
EX_succ(e),2.0025277634033087,8.010111053613235
EX_urea(e),0.01956464573583036,0.01956464573583036
TS_cbl1_c,0.0230969134490792,1.4320086338429105
