,fluxes,C-fluxes
EX_ac(e),0.023175189158723596,0.04635037831744719
EX_for(e),1.003986943980275,1.003986943980275
EX_pac(e),0.05644239306968866,0.45153914455750926
EX_ppa(e),0.998979205945951,2.996937617837853
