,fluxes,C-fluxes
EX_ac(e),0.9097756992438875,1.819551398487775
EX_adn(e),0.002238589007606186,0.02238589007606186
EX_dcyt(e),0.007008152024459701,0.0630733682201373
EX_for(e),0.003463980988293469,0.003463980988293469
