,fluxes,C-fluxes
EX_ac(e),1.0703342099567466,2.140668419913493
EX_adn(e),0.0019133402905037154,0.019133402905037154
EX_dcyt(e),0.006615276939405736,0.059537492454651626
EX_for(e),0.003328056416035866,0.003328056416035866
