,fluxes,C-fluxes
EX_ac(e),0.5733205957166585,1.146641191433317
EX_ade(e),0.8126896301445653,4.063448150722826
EX_for(e),0.09003150752640063,0.09003150752640063
EX_succ(e),0.826705042123869,3.306820168495476
