,fluxes,C-fluxes
EX_ac(e),0.7018430179906211,1.4036860359812422
EX_ade(e),0.7975661565870256,3.987830782935128
EX_for(e),0.002126235997748132,0.002126235997748132
EX_succ(e),0.5771085300652385,2.308434120260954
