,fluxes,C-fluxes
EX_ac(e),0.5686855386661116,1.1373710773322232
EX_for(e),1.4328248060533615,1.4328248060533615
EX_gly(e),0.020432797158261382,0.040865594316522764
EX_ppa(e),0.9949080658265435,2.9847241974796304
