,fluxes,C-fluxes
EX_ac(e),0.25117479766167516,0.5023495953233503
EX_for(e),0.011834546722055094,0.011834546722055094
EX_succ(e),0.32131008534117855,1.2852403413647142
