,fluxes,C-fluxes
EX_ac(e),1.2410525948573352,2.4821051897146704
EX_for(e),0.0020024955322972635,0.0020024955322972635
EX_succ(e),0.11522060893054173,0.4608824357221669
