,fluxes,C-fluxes
EX_ac(e),2.269721724941457,4.539443449882914
EX_acald(e),1.9630407585757343,3.9260815171514687
EX_ade(e),1.9708629494285632,9.854314747142816
EX_for(e),0.8529910439658936,0.8529910439658936
EX_gcald(e),0.0015265540605534937,0.0030531081211069874
EX_gua(e),0.9630407585757342,4.8152037928786715
EX_orn(e),0.10541981372469243,0.5270990686234621
EX_succ(e),2.4713051719321,9.8852206877284
