,fluxes,C-fluxes
EX_ac(e),0.754409880808663,1.508819761617326
EX_adn(e),0.0016113458822393733,0.016113458822393734
EX_dcyt(e),0.00530683739201097,0.047761536528098725
EX_for(e),0.0024699253424596305,0.0024699253424596305
