,fluxes,C-fluxes
EX_ac(e),2.996225767330924,5.992451534661848
EX_for(e),0.43436875542670017,0.43436875542670017
EX_glc_D(e),2.32075381,13.92452286
EX_indole(e),0.07196599932789395,0.5757279946231516
EX_pac(e),0.9638835996070058,7.711068796856046
EX_succ(e),2.6870147370874076,10.74805894834963
