,fluxes,C-fluxes
EX_ac(e),0.8521120303674227,1.7042240607348453
EX_for(e),0.2092024826340076,0.2092024826340076
EX_ins(e),0.0005443640921732528,0.0054436409217325284
EX_ppa(e),0.2080597442442843,0.6241792327328529
EX_succ(e),0.7412068443206036,2.9648273772824143
EX_urea(e),0.004797850700634002,0.004797850700634002
TS_cbl1_c,0.004896547418037543,0.30358593991832766
