,fluxes,C-fluxes
EX_ac(e),0.9046617135174404,1.8093234270348808
EX_ade(e),0.6016949704035753,3.008474852017877
EX_for(e),0.9045547531166879,0.9045547531166879
EX_succ(e),0.01674118900659551,0.06696475602638204
