,fluxes,C-fluxes
EX_ac(e),0.4752861658678581,0.9505723317357162
EX_dad_2(e),0.00010590080419890926,0.0010590080419890925
EX_for(e),0.2726652843024211,0.2726652843024211
EX_ins(e),0.003189544353403239,0.03189544353403239
EX_ser_L(e),0.09982231727733036,0.29946695183199107
