,fluxes,C-fluxes
EX_ac(e),0.4264938349926366,0.8529876699852732
EX_dad_2(e),0.000566966881486192,0.00566966881486192
EX_for(e),0.07457146882216065,0.07457146882216065
EX_ppa(e),0.07389517243706074,0.22168551731118225
EX_succ(e),0.26580397696228897,1.0632159078491559
