,fluxes,C-fluxes
EX_ac(e),0.4275422505838689,0.8550845011677378
EX_dcyt(e),0.00092298902833946,0.00830690125505514
EX_for(e),0.21248993948402056,0.21248993948402056
EX_glc_D(e),0.0047020000000000005,0.028212
EX_pac(e),0.9870995537767518,7.896796430214015
