,fluxes,C-fluxes
EX_ac(e),0.5113450575192751,1.0226901150385501
EX_for(e),0.3220279648795396,0.3220279648795396
EX_indole(e),0.08137785179186784,0.6510228143349427
EX_succ(e),0.40751774785354616,1.6300709914141847
EX_thymd(e),0.0020823856114573014,0.020823856114573012
