,fluxes,C-fluxes
EX_ac(e),1.2185596332343918,2.4371192664687835
EX_adn(e),0.493138144890416,4.93138144890416
EX_for(e),0.004162834990417683,0.004162834990417683
EX_gcald(e),0.0009721410223107817,0.0019442820446215635
EX_gsn(e),0.006851026841554166,0.06851026841554167
EX_indole(e),0.0627727418334445,0.502181934667556
EX_orn(e),0.12176484339730159,0.6088242169865079
EX_succ(e),3.6280840853633998,14.512336341453599
