,fluxes,C-fluxes
EX_ac(e),0.7823824051580793,1.5647648103161587
EX_adn(e),0.0018006199203168885,0.018006199203168885
EX_dcyt(e),0.005970637311952592,0.05373573580757333
EX_for(e),0.002763887891799443,0.002763887891799443
