,fluxes,C-fluxes
EX_ac(e),0.7599260319892333,1.5198520639784665
EX_adn(e),0.001746048400546348,0.017460484005463482
EX_dcyt(e),0.005757011335579521,0.05181310202021569
EX_for(e),0.002674147053382755,0.002674147053382755
