,fluxes,C-fluxes
EX_ac(e),0.7761762592001689,1.5523525184003377
EX_for(e),0.0028124371778094027,0.0028124371778094027
