,fluxes,C-fluxes
EX_succ(e),0.05724005781519207,0.22896023126076828
