,fluxes,C-fluxes
EX_ac(e),2.8418360760928825,5.683672152185765
EX_for(e),0.010214723912446202,0.010214723912446202
EX_ins(e),0.03326273148827678,0.33262731488276776
EX_succ(e),1.6843855998550024,6.737542399420009
