,fluxes,C-fluxes
EX_ac(e),0.7066881766216292,1.4133763532432584
EX_dad_2(e),0.001721593177105244,0.01721593177105244
EX_for(e),0.21128098029545328,0.21128098029545328
EX_ppa(e),0.2124355550828039,0.6373066652484117
