,fluxes,C-fluxes
EX_5mthf(e),0.05655842466946596,1.1311684933893191
EX_ac(e),1.050151042287911,2.100302084575822
EX_for(e),0.6614784377504169,0.6614784377504169
EX_fru(e),0.013831779055434326,0.08299067433260596
EX_gal(e),0.00019626905543432635,0.001177614332605958
EX_malt(e),0.0047020000000000005,0.056424
EX_strch2(e),0.008671227644089334,0.15608209759360803
EX_succ(e),0.00032703794271005316,0.0013081517708402126
EX_thf(e),0.10580401141263299,2.0102762168400266
