,fluxes,C-fluxes
EX_ac(e),5.6879387880660826,11.375877576132165
EX_acald(e),0.20447719076525334,0.40895438153050667
EX_csn(e),0.023072216386909046,0.09228886554763618
EX_for(e),2.9519537763075867,2.9519537763075867
EX_phe_L(e),0.9802746579168821,8.822471921251939
EX_pro_L(e),0.14661947496654334,0.7330973748327168
