,fluxes,C-fluxes
EX_5mthf(e),0.14845783771073082,2.9691567542146164
EX_ac(e),0.9057521764749945,1.811504352949989
EX_arab_L(e),0.0055197,0.027598499999999998
EX_for(e),0.5705924953378508,0.5705924953378508
EX_fru(e),0.08584085928000332,0.51504515568002
EX_gal(e),0.0009832392800033058,0.005899435680019835
EX_gly(e),0.1482512199034194,0.2965024398068388
EX_xyl_D(e),0.0091995,0.0459975
