,fluxes,C-fluxes
EX_ac(e),0.7210258809957774,1.4420517619915547
EX_cytd(e),0.012902506838124574,0.11612256154312117
EX_for(e),0.007243468594136349,0.007243468594136349
EX_gal(e),0.00470194,0.02821164
EX_lac_L(e),0.5356158627814179,1.606847588344254
EX_succ(e),0.013215397435685594,0.052861589742742375
