,fluxes,C-fluxes
EX_ac(e),1.992077086254876,3.984154172509752
EX_etoh(e),0.005873805032347641,0.011747610064695282
EX_for(e),1.6213322971255244,1.6213322971255244
EX_glyc(e),0.0005151755067772461,0.0015455265203317384
EX_orn(e),0.023448103982542066,0.11724051991271034
EX_phe_L(e),0.572746607197553,5.154719464777977
EX_succ(e),0.02359792000026706,0.09439168000106823
EX_uri(e),0.020350952428491557,0.183158571856424
