,fluxes,C-fluxes
EX_ac(e),0.893733141623104,1.787466283246208
EX_etoh(e),0.3271037334265055,0.654207466853011
EX_for(e),0.6708996715839813,0.6708996715839813
EX_gly(e),0.22386627098767922,0.44773254197535844
EX_malt(e),0.0047020000000000005,0.056424
EX_strch2(e),0.008120700432692996,0.14617260778847393
