,fluxes,C-fluxes
EX_ac(e),5.394048682182831,10.788097364365662
EX_cys_L(e),0.3650661239280113,1.095198371784034
EX_for(e),3.09865402639983,3.09865402639983
EX_glcur(e),0.00032865,0.0019719
EX_phe_L(e),0.9749002020634685,8.774101818571216
EX_pro_L(e),0.125070185059298,0.6253509252964901
