,fluxes,C-fluxes
EX_ac(e),1.1018186457926153,2.2036372915852307
EX_cytd(e),0.0134027597330639,0.1206248375975751
EX_for(e),1.0202716881960237,1.0202716881960237
EX_fru(e),0.0003904665860195791,0.0023427995161174747
EX_gln_L(e),0.03350541093971737,0.16752705469858686
EX_pro_L(e),0.021864987935100055,0.10932493967550028
