,fluxes,C-fluxes
EX_ac(e),1.0499275717797323,2.0998551435594646
EX_cytd(e),0.013056460671839899,0.11750814604655908
EX_for(e),1.0169922604683619,1.0169922604683619
EX_gln_L(e),0.06007919949839335,0.3003959974919667
