,fluxes,C-fluxes
EX_ac(e),1.5419442877325047,3.0838885754650094
EX_csn(e),0.028647010196889904,0.11458804078755962
EX_cys_L(e),0.003568192703542711,0.010704578110628133
EX_for(e),0.1172040496579227,0.1172040496579227
EX_glc_D(e),2.32075381,13.92452286
EX_gln_L(e),0.1057267194384882,0.528633597192441
EX_lac_L(e),0.9502652580357919,2.8507957741073757
EX_nac(e),0.009646804877444919,0.05788082926466952
EX_orn(e),0.03797550233773223,0.18987751168866115
