,fluxes,C-fluxes
EX_ac(e),1.2312132676062508,2.4624265352125017
EX_ala_L(e),0.25700963761012335,0.77102891283037
EX_etoh(e),0.005901884410218555,0.01180376882043711
EX_for(e),0.16355240012177846,0.16355240012177846
EX_glyc(e),0.0004487148655627695,0.0013461445966883084
EX_lac_L(e),0.6044604376029008,1.8133813128087024
EX_phe_L(e),0.07264154306634663,0.6537738875971196
