,fluxes,C-fluxes
EX_ac(e),8.914456703416334,17.82891340683267
EX_for(e),3.228221500681578,3.228221500681578
EX_glyc(e),0.002478771065970327,0.007436313197910981
EX_ile_L(e),0.07407468769217491,0.4444481261530495
EX_lac_L(e),1.4545422658907838,4.363626797672351
EX_phe_L(e),0.9602036498475098,8.641832848627589
EX_pro_L(e),0.35791386466588937,1.789569323329447
EX_uri(e),0.051096957508502835,0.45987261757652553
