,fluxes,C-fluxes
EX_ac(e),4.280175687669254,8.560351375338508
EX_cytd(e),0.04578749908909946,0.41208749180189513
EX_etoh(e),0.16295387847209997,0.32590775694419993
EX_for(e),3.1969927919369763,3.1969927919369763
EX_gly(e),1.1993658838609829,2.3987317677219657
EX_orn(e),0.013031177031094942,0.06515588515547471
EX_phe_L(e),0.9869388491431448,8.882449642288304
EX_pro_L(e),0.3160237705890098,1.5801188529450492
EX_ser_L(e),0.6520587100125578,1.9561761300376732
