,fluxes,C-fluxes
EX_ac(e),6.184072001427766,12.368144002855532
EX_acald(e),0.1369770413180953,0.2739540826361906
EX_cys_L(e),0.2073183129740201,0.6219549389220602
EX_etoh(e),0.06341639439817336,0.1268327887963467
EX_for(e),3.4319015310739087,3.4319015310739087
EX_glcur(e),0.00032865,0.0019719
EX_phe_L(e),0.9724761544993139,8.752285390493824
EX_pro_L(e),0.16334196668548548,0.8167098334274274
