,fluxes,C-fluxes
EX_ac(e),4.787818097089913,9.575636194179825
EX_cytd(e),0.031575348043395235,0.2841781323905571
EX_for(e),3.6646582674411916,3.6646582674411916
EX_gly(e),1.1979957218654422,2.3959914437308845
EX_glyc(e),0.001251453217145212,0.003754359651435636
EX_phe_L(e),0.7433127052814701,6.689814347533231
EX_succ(e),0.03940877611532854,0.15763510446131415
