,fluxes,C-fluxes
EX_ac(e),0.56945617790395,1.1389123558079
EX_ala_L(e),0.22099386510981103,0.6629815953294331
EX_for(e),0.006708523085473962,0.006708523085473962
EX_gal(e),0.00470194,0.02821164
EX_lac_L(e),0.3701731804326069,1.1105195412978206
