,fluxes,C-fluxes
EX_ac(e),1.992507285860998,3.985014571721996
EX_etoh(e),0.005876117538412833,0.011752235076825665
EX_for(e),1.6217767088363022,1.6217767088363022
EX_glyc(e),0.0005153580054512259,0.0015460740163536777
EX_orn(e),0.02345184208134263,0.11725921040671315
EX_phe_L(e),0.5731736748076993,5.158563073269294
EX_succ(e),0.023601711170737796,0.09440684468295119
EX_uri(e),0.020354079053675703,0.18318671148308133
