,fluxes,C-fluxes
EX_2obut(e),0.219217385705899,0.876869542823596
EX_ac(e),1.8227144173848606,3.6454288347697212
EX_for(e),0.3394891042734302,0.3394891042734302
EX_glu_L(e),0.13633576870935432,0.6816788435467716
EX_lys_L(e),0.9978244554893325,5.986946732935995
EX_phe_L(e),0.9959989553033864,8.963990597730477
EX_pro_L(e),0.031220862409815354,0.15610431204907677
EX_ser_L(e),0.7497569889577121,2.2492709668731363
