,fluxes,C-fluxes
EX_12ppd_S(e),0.003515279011866415,0.010545837035599245
EX_ac(e),5.1501537663991765,10.300307532798353
EX_cys_L(e),0.3721787832588683,1.1165363497766048
EX_for(e),3.246643759835278,3.246643759835278
EX_phe_L(e),0.967446486462474,8.707018378162266
EX_pro_L(e),0.127564311436582,0.63782155718291
