,fluxes,C-fluxes
EX_4abut(e),0.011396200193133262,0.045584800772533046
EX_ac(e),1.0107084528843093,2.0214169057686187
EX_ala_L(e),0.14894129086511929,0.44682387259535783
EX_cytd(e),0.01260132723081335,0.11341194507732015
EX_for(e),0.986133052383581,0.986133052383581
EX_ile_L(e),0.008857658898530263,0.05314595339118158
EX_lac_L(e),0.00983634703910949,0.029509041117328473
EX_malt(e),0.005877,0.070524
EX_malttr(e),0.003525,0.06344999999999999
EX_strch2(e),0.00258474629733572,0.04652543335204296
