,fluxes,C-fluxes
EX_ac(e),6.433205658049637,12.866411316099274
EX_cys_L(e),0.3524517570478131,1.0573552711434393
EX_etoh(e),0.1445184856717645,0.289036971343529
EX_for(e),3.4818929489870163,3.4818929489870163
EX_glcur(e),0.00032865,0.0019719
EX_phe_L(e),0.9823188129890177,8.84086931690116
EX_pro_L(e),0.12169239664692959,0.608461983234648
