,fluxes,C-fluxes
EX_ac(e),15.193144164908288,30.386288329816576
EX_acald(e),0.15510930350815172,0.31021860701630344
EX_arab_L(e),0.00201572,0.0100786
EX_cys_L(e),1.3046094493729734,3.91382834811892
EX_for(e),6.207738755738528,6.207738755738528
EX_phe_L(e),0.9554612164242199,8.599150947817979
EX_pro_L(e),0.24665033860939647,1.2332516930469823
