,fluxes,C-fluxes
EX_ac(e),1.991059273356493,3.982118546712986
EX_etoh(e),0.005868826787394475,0.01173765357478895
EX_for(e),1.620279515895892,1.620279515895892
EX_glyc(e),0.0005147375099596949,0.0015442125298790847
EX_orn(e),0.023438567466583567,0.11719283733291784
EX_phe_L(e),0.571735131161716,5.145616180455445
EX_succ(e),0.023588256112300154,0.09435302444920061
EX_uri(e),0.020344074850328214,0.18309667365295393
