,fluxes,C-fluxes
EX_ac(e),3.822288816893117,7.644577633786234
EX_etoh(e),0.20189409972270722,0.40378819944541444
EX_for(e),1.347790263414463,1.347790263414463
EX_glc_D(e),2.31887298,13.91323788
EX_gly(e),0.17590900827333633,0.35181801654667266
EX_lac_L(e),0.685488236774816,2.0564647103244478
EX_lys_L(e),0.4650791300306403,2.7904747801838417
EX_phe_L(e),0.9773795925105374,8.796416332594836
