,fluxes,C-fluxes
EX_5mthf(e),0.0006106479039326467,0.012212958078652934
EX_ac(e),0.6175223135763319,1.2350446271526638
EX_ala_L(e),0.20362597827578577,0.6108779348273573
EX_cytd(e),0.013037450961098538,0.11733705864988685
EX_for(e),0.007883718664393684,0.007883718664393684
EX_gal(e),0.00470194,0.02821164
EX_lac_L(e),0.38736135601194754,1.1620840680358426
EX_succ(e),0.01333869948335773,0.05335479793343092
