,fluxes,C-fluxes
EX_ac(e),1.802547378275796,3.605094756551592
EX_for(e),1.3768974629332382,1.3768974629332382
