,fluxes,C-fluxes
EX_ac(e),1.2776929896264142,2.5553859792528284
EX_for(e),0.40175056623785155,0.40175056623785155
EX_gly(e),0.010472573185684042,0.020945146371368083
EX_nac(e),0.008897952306349252,0.05338771383809551
EX_succ(e),0.002955554669470734,0.011822218677882936
