,fluxes,C-fluxes
EX_ac(e),1.369051929034417,2.738103858068834
EX_for(e),0.9107473090970212,0.9107473090970212
