,fluxes,C-fluxes
EX_ac(e),1.5795872752450357,3.1591745504900715
EX_gly(e),0.01219905987491593,0.02439811974983186
EX_glyc(e),0.0004954262109577714,0.0014862786328733142
EX_ile_L(e),0.990565411019896,5.943392466119376
EX_indole(e),0.08158847811412114,0.6527078249129691
EX_nac(e),0.010272227297104228,0.06163336378262537
EX_phe_L(e),0.7943717123473207,7.1493454111258865
EX_succ(e),0.04485728637087298,0.17942914548349193
