,fluxes,C-fluxes
EX_ac(e),0.13649588756050615,0.2729917751210123
EX_ala_L(e),0.14001361828697456,0.4200408548609237
EX_asp_L(e),0.037147117592274466,0.14858847036909786
EX_succ(e),0.059435108321105705,0.23774043328442282
