,fluxes,C-fluxes
EX_ala_L(e),0.1947818689183217,0.584345606754965
EX_asp_L(e),0.47260146824722,1.89040587298888
EX_glyc(e),0.001016720350351573,0.0030501610510547195
EX_hxan(e),0.004442126132620066,0.02221063066310033
EX_succ(e),0.9679060451475737,3.871624180590295
