,fluxes,C-fluxes
EX_ac(e),24.18016882239987,48.36033764479974
EX_acald(e),0.3248197001180732,0.6496394002361464
EX_for(e),0.014795215308053547,0.014795215308053547
EX_gua(e),0.9526802270487081,4.763401135243541
EX_leu_L(e),0.7210293084952758,4.326175850971655
EX_lys_L(e),0.9577240961186361,5.746344576711817
EX_phe_L(e),0.915234595438875,8.237111358949875
EX_trypta(e),0.05743242062914844,0.5743242062914844
