,fluxes,C-fluxes
EX_ac(e),0.41260226433248004,0.8252045286649601
EX_gly(e),0.22441975501317935,0.4488395100263587
EX_gua(e),0.0005679407819699368,0.002839703909849684
EX_ppa(e),0.1878475720757558,0.5635427162272675
EX_succ(e),0.7886312708253905,3.154525083301562
