,fluxes,C-fluxes
EX_ac(e),0.03953711608082478,0.07907423216164956
EX_ile_L(e),0.046610194291472604,0.2796611657488356
EX_lac_L(e),1.4940644969750896,4.482193490925269
EX_succ(e),1.3973346684134211,5.5893386736536845
