,fluxes,C-fluxes
EX_ala_L(e),0.5840788595017804,1.7522365785053413
EX_asp_L(e),0.11411180729291986,0.45644722917167946
EX_gcald(e),0.0015946017493232898,0.0031892034986465796
EX_glyc(e),0.0017246249457301944,0.005173874837190583
EX_lac_L(e),0.3455233659661677,1.036570097898503
EX_nac(e),0.3127307030983726,1.8763842185902355
EX_succ(e),0.7967500767282446,3.1870003069129784
EX_uri(e),0.009555425470928183,0.08599882923835364
