,fluxes,C-fluxes
EX_ac(e),1.4808541583403916,2.961708316680783
EX_ade(e),0.26181313870651124,1.3090656935325562
EX_dcyt(e),0.26088112314605044,2.347930108314454
EX_etoh(e),0.2720738921754947,0.5441477843509894
EX_for(e),1.6989500094865382,1.6989500094865382
EX_glyc(e),0.14966102296834488,0.44898306890503464
EX_nac(e),0.024146684987240735,0.1448801099234444
EX_orn(e),0.1453577069704286,0.726788534852143
