,fluxes,C-fluxes
EX_nac(e),0.00025531838080992215,0.001531910284859533
EX_ptrc(e),0.5747682947338784,2.2990731789355134
