,fluxes,C-fluxes
EX_ac(e),1.6597438806009894,3.319487761201979
EX_ade(e),0.6659782211794844,3.329891105897422
EX_etoh(e),0.010308941163812714,0.020617882327625427
EX_for(e),1.3753788302714134,1.3753788302714134
EX_fum(e),0.010124418464882988,0.04049767385953195
EX_glyc(e),0.001082706719716613,0.0032481201591498393
EX_ile_L(e),0.4810745075395686,2.8864470452374116
EX_phe_L(e),0.41504534611080707,3.7354081149972638
