,fluxes,C-fluxes
EX_ac(e),3.5251343510863253,7.050268702172651
EX_but(e),0.9325940203007318,3.730376081202927
EX_ptrc(e),0.007041724019386365,0.02816689607754546
EX_succ(e),0.007041724019386365,0.02816689607754546
