,fluxes,C-fluxes
EX_ac(e),0.010740950427612228,0.021481900855224455
EX_but(e),0.6873893512924345,2.749557405169738
EX_for(e),1.384571507769618,1.384571507769618
EX_glc_D(e),1.7718399799956186,10.631039879973711
EX_nac(e),0.00914779929422887,0.054886795765373225
