,fluxes,C-fluxes
EX_gln_L(e),0.00042715497299482085,0.002135774864974104
EX_glu_L(e),0.15489772289073375,0.7744886144536688
EX_nac(e),0.0017401769253295194,0.010441061551977117
