,fluxes,C-fluxes
EX_ala_L(e),0.0018334856949191725,0.005500457084757517
EX_cytd(e),0.01237054996464214,0.11133494968177926
EX_for(e),1.3058813167268457,1.3058813167268457
EX_glu_L(e),0.1763547071401015,0.8817735357005075
TS_fadh2_c,2.513580622528031,67.86667680825684
