,fluxes,C-fluxes
EX_cytd(e),0.00911419073509427,0.08202771661584843
EX_pyr(e),0.437201358146435,1.311604074439305
EX_succ(e),0.9824548938972589,3.9298195755890357
