,fluxes,C-fluxes
EX_akg(e),0.0008312721069496021,0.004156360534748011
EX_cytd(e),0.007256168348600569,0.06530551513740512
EX_ptrc(e),0.007387308807684893,0.029549235230739573
EX_pyr(e),0.28768674165345515,0.8630602249603654
EX_succ(e),0.007338846502215855,0.02935538600886342
