,fluxes,C-fluxes
EX_cytd(e),0.00783127847155724,0.07048150624401515
EX_pyr(e),1.0241007060762994,3.0723021182288983
EX_succ(e),0.3439296891198121,1.3757187564792484
