,fluxes,C-fluxes
EX_cys_L(e),0.000999061435331693,0.002997184305995079
