,fluxes,C-fluxes
EX_ac(e),0.27575788750716473,0.5515157750143295
EX_succ(e),0.003286877342780831,0.013147509371123325
