,fluxes,C-fluxes
EX_gua(e),0.0003561494979954484,0.001780747489977242
EX_leu_L(e),0.0005530246256830856,0.0033181477540985133
