,fluxes,C-fluxes
EX_akg(e),0.000833563054926852,0.00416781527463426
EX_cytd(e),0.007269864949121237,0.06542878454209114
EX_ptrc(e),0.0074027055418147214,0.029610822167258886
EX_pyr(e),0.28816754108305737,0.8645026232491722
EX_succ(e),0.007103418455279966,0.028413673821119863
