,fluxes,C-fluxes
EX_ac(e),0.152549700715814,0.305099401431628
EX_adn(e),0.9919610046799923,9.919610046799923
EX_lac_D(e),0.14938997078157693,0.4481699123447308
EX_nac(e),0.9999848506632938,5.999909103979762
