,fluxes,C-fluxes
EX_ac(e),6.5333166695325335,13.066633339065067
EX_ade(e),0.9966088737952881,4.98304436897644
EX_cys_L(e),0.9876192231903536,2.9628576695710604
EX_dcyt(e),0.9687897721364196,8.719107949227777
EX_fru(e),0.2118802870511447,1.2712817223068682
EX_gcald(e),0.0013511629266719659,0.0027023258533439318
EX_glyc(e),0.004646272515163279,0.013938817545489837
EX_nac(e),0.9995496111204735,5.997297666722841
