,fluxes,C-fluxes
EX_ac(e),3.0698962863730097,6.139792572746019
EX_ade(e),0.999677729605002,4.99838864802501
EX_cys_L(e),0.996039586906817,2.988118760720451
EX_dcyt(e),0.8545589862059039,7.6910308758531345
EX_lac_D(e),2.5535031236828147,7.660509371048445
EX_nac(e),0.9998341756874645,5.999005054124787
EX_succ(e),0.05434042230946436,0.21736168923785745
