,fluxes,C-fluxes
EX_ac(e),2.44707151700811,4.89414303401622
EX_acald(e),0.005791412786771143,0.011582825573542286
EX_for(e),1.451814754505138,1.451814754505138
EX_nac(e),0.007868567389183281,0.04721140433509968
