,fluxes,C-fluxes
EX_4hphac(e),0.08188658738802024,0.6550926991041619
EX_ac(e),0.587219201585745,1.17443840317149
EX_acald(e),0.0005918221399078652,0.0011836442798157305
EX_ala_L(e),0.07660760907757948,0.22982282723273845
EX_for(e),0.059906619234005996,0.059906619234005996
EX_nac(e),0.0014447640622680413,0.008668584373608249
