,fluxes,C-fluxes
EX_13ppd(e),1.79965486,5.3989645799999995
EX_ac(e),12.827142958577275,25.65428591715455
EX_etoh(e),0.056487597154088055,0.11297519430817611
EX_for(e),10.927278877578374,10.927278877578374
EX_indole(e),0.037321687795262896,0.29857350236210317
EX_nac(e),0.9971416065798429,5.982849639479057
EX_ppa(e),0.01823408688984529,0.054702260669535874
