,fluxes,C-fluxes
EX_ac(e),1.290687956868562,2.581375913737124
