,fluxes,C-fluxes
EX_ac(e),0.5177368679461364,1.0354737358922728
EX_ala_L(e),0.1912970588530098,0.5738911765590293
EX_for(e),0.5237268877697487,0.5237268877697487
EX_orn(e),0.0701683805741709,0.3508419028708545
EX_strch2(e),0.007765239676609412,0.1397743141789694
