,fluxes,C-fluxes
EX_ac(e),0.47864366657850843,0.9572873331570169
EX_nac(e),0.006279524070945176,0.03767714442567106
EX_succ(e),0.9376681997931011,3.7506727991724045
