,fluxes,C-fluxes
EX_ac(e),0.5341990967900051,1.0683981935800102
EX_ala_L(e),0.05714555960595902,0.17143667881787705
EX_for(e),0.5369013658046222,0.5369013658046222
EX_orn(e),0.05575974299234712,0.2787987149617356
