,fluxes,C-fluxes
EX_ac(e),0.9502135305342359,1.9004270610684717
EX_asp_L(e),0.0588913827016399,0.2355655308065596
EX_pac(e),0.059850464728172674,0.4788037178253814
