,fluxes,C-fluxes
EX_ac(e),0.26820845850771147,0.5364169170154229
EX_ala_L(e),0.22279794652214355,0.6683938395664306
EX_for(e),0.27155028719361834,0.27155028719361834
EX_nac(e),0.1651246203498001,0.9907477220988006
EX_orn(e),0.003806889026877844,0.01903444513438922
