,fluxes,C-fluxes
EX_ac(e),5.841127561086531,11.682255122173062
EX_ade(e),0.9706207284523037,4.853103642261519
EX_but(e),1.2596033767738155,5.038413507095262
EX_etoh(e),2.0420749776620744,4.084149955324149
EX_for(e),8.138213688163352,8.138213688163352
EX_glyc(e),0.005809654040645117,0.01742896212193535
EX_gua(e),0.9795352718161029,4.897676359080514
EX_ile_L(e),0.9064614291138872,5.438768574683323
EX_nac(e),0.25162015060915216,1.5097209036549128
EX_phe_L(e),0.38918231104648127,3.5026407994183315
