,fluxes,C-fluxes
EX_ac(e),1.3685207444854732,2.7370414889709465
EX_for(e),1.4192271634191589,1.4192271634191589
EX_gly(e),0.0157657781344005,0.031531556268801
EX_nac(e),0.9243924583974674,5.546354750384804
EX_succ(e),1.177577707514586,4.710310830058344
