,fluxes,C-fluxes
EX_ac(e),2.185796184349491,4.371592368698982
EX_for(e),1.052407580546431,1.052407580546431
EX_gln_L(e),0.09570499755934138,0.4785249877967069
EX_gly(e),0.1713808025782851,0.3427616051565702
EX_glyc(e),0.0018573868839606403,0.005572160651881921
EX_hxan(e),0.0033186425162435294,0.016593212581217646
EX_strch2(e),0.0018857469336305247,0.03394344480534944
EX_succ(e),1.01672216944436,4.06688867777744
EX_tma(e),1.0,3.0
