,fluxes,C-fluxes
EX_ac(e),3.5809844838172586,7.161968967634517
EX_for(e),2.6369795609215916,2.6369795609215916
EX_gln_L(e),0.08259233689334079,0.41296168446670395
EX_orn(e),0.12054630704500094,0.6027315352250047
EX_succ(e),0.0009714933438134283,0.003885973375253713
