,fluxes,C-fluxes
EX_ac(e),0.5188875427090839,1.0377750854181678
EX_ala_L(e),0.12248978497922815,0.36746935493768446
EX_asp_L(e),0.0696875718017946,0.2787502872071784
EX_for(e),0.5245064174911864,0.5245064174911864
EX_orn(e),0.07004376422089531,0.35021882110447655
EX_strch2(e),0.0078727584208173,0.1417096515747114
