,fluxes,C-fluxes
EX_ac(e),1.2253345653634076,2.450669130726815
EX_nac(e),0.30008962267895045,1.8005377360737027
