,fluxes,C-fluxes
EX_ac(e),0.8669383536625381,1.7338767073250763
