,fluxes,C-fluxes
EX_ac(e),1.0690032117677013,2.1380064235354026
EX_for(e),0.5376685535438204,0.5376685535438204
EX_nac(e),0.0006006022762306503,0.003603613657383902
