,fluxes,C-fluxes
EX_ac(e),1.9800167846590742,3.9600335693181483
EX_for(e),1.1216253600628978,1.1216253600628978
EX_nac(e),0.006194117288125481,0.037164703728752885
EX_succ(e),0.6872537491044223,2.749014996417689
