,fluxes,C-fluxes
EX_ac(e),0.5333344999817831,1.0666689999635661
EX_ala_L(e),0.05726255180501952,0.17178765541505855
EX_for(e),0.536683258932243,0.536683258932243
EX_orn(e),0.055731460313224325,0.2786573015661216
