,fluxes,C-fluxes
EX_ac(e),0.6887398920319803,1.3774797840639605
EX_for(e),0.6876332600140055,0.6876332600140055
EX_phe_L(e),0.7353435358158029,6.618091822342226
