,fluxes,C-fluxes
EX_ac(e),2.547717951841847,5.095435903683694
EX_but(e),0.0008360385284267043,0.003344154113706817
EX_for(e),0.34736888828155993,0.34736888828155993
EX_fum(e),0.004127896190777381,0.016511584763109523
