,fluxes,C-fluxes
EX_ac(e),1.3388549850731308,2.6777099701462617
EX_acald(e),0.9876849050347171,1.9753698100694341
EX_for(e),0.004636113858470274,0.004636113858470274
EX_gcald(e),0.002336976767216637,0.004673953534433274
EX_hxan(e),0.009817905187037006,0.04908952593518503
EX_strch2(e),0.08831977513964814,1.5897559525136666
EX_succ(e),1.5059856384955812,6.023942553982325
EX_ura(e),0.9805934736119489,3.9223738944477957
