,fluxes,C-fluxes
EX_ac(e),0.14131904881469753,0.28263809762939507
EX_but(e),0.11309001411852522,0.4523600564741009
EX_pro_L(e),0.02086414634534396,0.1043207317267198
EX_succ(e),0.48559907111250067,1.9423962844500027
