,fluxes,C-fluxes
EX_4hphac(e),0.0003570705231130421,0.002856564184904337
EX_ac(e),1.025607056671227,2.051214113342454
EX_succ(e),0.00035938032666232525,0.001437521306649301
