,fluxes,C-fluxes
EX_ac(e),0.7374769198747678,1.4749538397495356
EX_acald(e),0.0237813623015021,0.0475627246030042
