,fluxes,C-fluxes
EX_ac(e),1.5487639963331603,3.0975279926663206
EX_for(e),0.7885310699557754,0.7885310699557754
EX_glyc(e),0.00134557845987427,0.00403673537962281
EX_strch2(e),0.024243107423326037,0.43637593361986865
EX_tma(e),0.28564754976493406,0.8569426492948022
