,fluxes,C-fluxes
EX_ac(e),0.8102069704772942,1.6204139409545883
EX_acald(e),0.04050376014936026,0.08100752029872052
EX_etoh(e),0.7905848302714354,1.581169660542871
EX_for(e),0.8334794650292234,0.8334794650292234
EX_gln_L(e),0.013054764106586875,0.06527382053293437
EX_ura(e),0.8303910363155035,3.321564145262014
