,fluxes,C-fluxes
EX_ac(e),0.7159410690680988,1.4318821381361977
EX_etoh(e),0.45839112035404556,0.9167822407080911
EX_for(e),0.9581230192771626,0.9581230192771626
EX_gly(e),0.19902225810201277,0.39804451620402553
EX_glyc(e),0.14898579,0.44695737
EX_lac_L(e),0.9042564523969243,2.7127693571907727
EX_orn(e),0.15,0.75
