,fluxes,C-fluxes
EX_acald(e),1.0029084769836947,2.0058169539673893
EX_ade(e),1.573010915289463,7.8650545764473145
EX_for(e),0.05650443154772069,0.05650443154772069
EX_gln_L(e),0.1438300416325869,0.7191502081629344
EX_lac_L(e),2.3953770978071773,7.186131293421532
EX_orn(e),0.13016194789343224,0.6508097394671613
EX_val_L(e),0.03557042907351438,0.1778521453675719
