,fluxes,C-fluxes
EX_ac(e),0.14063214899367987,0.28126429798735975
EX_etoh(e),0.00545271212730645,0.0109054242546129
EX_for(e),0.14063214899367987,0.14063214899367987
EX_lac_L(e),1.3766873883799098,4.130062165139729
EX_orn(e),0.1469822495285796,0.7349112476428981
