,fluxes,C-fluxes
EX_ac(e),0.9632765415927506,1.9265530831855011
EX_for(e),0.038230049418515315,0.038230049418515315
EX_hxan(e),0.25697283760118667,1.2848641880059333
EX_lac_L(e),0.8545650103158161,2.563695030947448
EX_orn(e),0.004359608846820069,0.021798044234100346
