,fluxes,C-fluxes
EX_ac(e),1.157864576569191,2.315729153138382
EX_asp_L(e),0.3332122008555708,1.3328488034222832
EX_etoh(e),0.7029088524549495,1.405817704909899
EX_for(e),0.9655639377259163,0.9655639377259163
EX_gly(e),0.20993784833304904,0.4198756966660981
