,fluxes,C-fluxes
EX_ac(e),1.5875244110449513,3.1750488220899027
EX_but(e),0.08440664382620365,0.3376265753048146
EX_for(e),0.6242201164377901,0.6242201164377901
EX_fru(e),0.01128468,0.06770808
EX_orn(e),0.004329332195949996,0.02164666097974998
EX_succ(e),0.004329332195949996,0.017317328783799983
