,fluxes,C-fluxes
EX_ac(e),0.014137495299606992,0.028274990599213984
EX_but(e),0.3840161287753109,1.5360645151012435
EX_for(e),0.780544488304601,0.780544488304601
EX_glc_D(e),0.00282117,0.01692702
EX_nac(e),0.0029330576158148876,0.017598345694889325
