,fluxes,C-fluxes
EX_ac(e),1.5821929993495396,3.164385998699079
EX_asp_L(e),0.011063131228648508,0.044252524914594034
EX_but(e),0.15034088597214385,0.6013635438885754
EX_etoh(e),0.00903483886432707,0.01806967772865414
EX_for(e),1.5896171494948252,1.5896171494948252
EX_phe_L(e),0.9837092905899253,8.853383615309328
