,fluxes,C-fluxes
EX_ac(e),0.3975622899408944,0.7951245798817888
EX_ala_L(e),0.7581638173744352,2.2744914521233053
EX_nac(e),0.755720537863296,4.534323227179776
EX_orn(e),0.0034226311204876314,0.017113155602438156
