,fluxes,C-fluxes
EX_ac(e),0.8803844200880061,1.7607688401760122
EX_dad_2(e),0.11554573142553538,1.155457314255354
EX_glyc(e),0.000453955414505593,0.001361866243516779
EX_gua(e),0.11489515904167959,0.574475795208398
EX_ile_L(e),0.4530718989594252,2.718431393756551
EX_ins(e),0.15947062287733468,1.594706228773347
EX_succ(e),1.0066679453101721,4.0266717812406885
