,fluxes,C-fluxes
EX_glyc(e),0.0005443909186035415,0.0016331727558106246
EX_lac_L(e),2.0099001642002943,6.029700492600883
EX_orn(e),0.1738415086746993,0.8692075433734965
