,fluxes,C-fluxes
EX_4hphac(e),0.045668025995547645,0.36534420796438116
EX_cytd(e),0.011922367441152555,0.10730130697037299
EX_glu_L(e),0.011715814414090845,0.05857907207045422
EX_ile_L(e),0.04675617798152691,0.28053706788916144
