,fluxes,C-fluxes
EX_ala_L(e),0.0028726590801451263,0.008617977240435379
EX_for(e),0.0029743932661828705,0.0029743932661828705
EX_glyc(e),0.14905470245156233,0.447164107354687
EX_lac_L(e),1.091795176491876,3.275385529475628
EX_orn(e),0.001046946236965831,0.005234731184829155
