,fluxes,C-fluxes
EX_ade(e),0.009705198300968347,0.048525991504841735
EX_for(e),0.01754675107214038,0.01754675107214038
EX_glyc(e),0.0003733499798007765,0.0011200499394023295
EX_lac_L(e),0.4053853695310567,1.21615610859317
EX_ser_L(e),0.5096517060951481,1.5289551182854444
EX_succ(e),1.4258649376129318,5.703459750451727
