,fluxes,C-fluxes
EX_ala_L(e),0.42284042631998536,1.268521278959956
EX_lac_L(e),0.7195932212160702,2.1587796636482106
