,fluxes,C-fluxes
EX_ac(e),0.2866631684241707,0.5733263368483414
EX_ala_L(e),0.0044590574115746405,0.01337717223472392
EX_asp_L(e),0.13827690480419855,0.5531076192167942
EX_for(e),0.2954641377360013,0.2954641377360013
EX_fru(e),0.0022488243387650993,0.013492946032590596
EX_nac(e),0.0027947683957416096,0.01676861037444966
EX_orn(e),0.14844302002452195,0.7422151001226097
