,fluxes,C-fluxes
EX_succ(e),0.0030529890398187922,0.012211956159275169
EX_tyr_L(e),5.685977028077391,51.17379325269652
