,fluxes,C-fluxes
EX_ac(e),0.7571685209259414,1.514337041851883
EX_ala_L(e),0.46473822621894384,1.3942146786568315
EX_gln_L(e),0.0005941015351841428,0.0029705076759207138
