,fluxes,C-fluxes
EX_4hphac(e),0.26173060525981257,2.0938448420785005
EX_5mta(e),9.864449096417395e-05,0.0010850894006059135
EX_ac(e),1.5193505110286982,3.0387010220573965
EX_asp_L(e),0.241885025151533,0.967540100606132
EX_glyc(e),0.001017632688312473,0.0030528980649374192
EX_glyclt(e),0.1198756615963069,0.2397513231926138
EX_pyr(e),0.0497682757815502,0.14930482734465061
EX_succ(e),0.7254966633576811,2.9019866534307246
