,fluxes,C-fluxes
EX_ac(e),2.853463546654468,5.706927093308936
EX_ala_L(e),0.04779132599685518,0.14337397799056553
EX_cys_L(e),0.9951110474788288,2.9853331424364864
EX_for(e),0.9265090758653055,0.9265090758653055
EX_orn(e),0.0227357160888436,0.113678580444218
EX_phe_L(e),0.9200506284767651,8.280455656290886
