,fluxes,C-fluxes
EX_ac(e),4.455404243863056,8.910808487726111
EX_cys_L(e),0.9938918211872675,2.9816754635618024
EX_for(e),3.194397786246156,3.194397786246156
EX_phe_L(e),0.967299515217125,8.705695636954125
EX_succ(e),0.01930975049647482,0.07723900198589928
