,fluxes,C-fluxes
EX_ac(e),0.017282449691247193,0.034564899382494386
EX_ade(e),0.6656052638546662,3.3280263192733313
EX_fum(e),0.003069020513887046,0.012276082055548185
EX_gln_L(e),0.0065246770013548195,0.0326233850067741
EX_gly(e),0.025694965781055075,0.05138993156211015
EX_glyc(e),0.00040011340906108563,0.0012003402271832568
EX_lac_L(e),1.0997277176582594,3.299183152974778
