,fluxes,C-fluxes
EX_ade(e),0.5818634185773535,2.9093170928867673
EX_lac_L(e),0.9672049895808063,2.9016149687424186
EX_nac(e),0.582663806123663,3.4959828367419776
EX_ser_L(e),0.016979762276873863,0.050939286830621586
