,fluxes,C-fluxes
EX_ac(e),1.69233364365458,3.38466728730916
EX_etoh(e),0.15502295898725488,0.31004591797450975
EX_for(e),0.79952630964397,0.79952630964397
