,fluxes,C-fluxes
EX_ac(e),9.85525816414272,19.71051632828544
EX_for(e),8.070130438239554,8.070130438239554
EX_met_L(e),0.9649252789770514,4.824626394885257
EX_nac(e),0.1988043718180702,1.1928262309084212
EX_orn(e),0.07081053005349341,0.3540526502674671
EX_pro_L(e),0.5200215934742423,2.600107967371211
EX_succ(e),0.5546540388088693,2.2186161552354773
EX_val_L(e),0.0754947473767257,0.37747373688362845
