,fluxes,C-fluxes
EX_ac(e),0.5147610092749454,1.0295220185498908
EX_etoh(e),0.0005565904440521208,0.0011131808881042417
EX_ins(e),0.03196933215233333,0.3196933215233333
EX_lac_D(e),0.0021468131147219494,0.006440439344165848
EX_nac(e),0.04215772011029596,0.2529463206617758
