,fluxes,C-fluxes
EX_ac(e),14.789404120813199,29.578808241626398
EX_dad_2(e),0.0005048312279370714,0.005048312279370714
EX_etoh(e),0.3831806616784814,0.7663613233569628
EX_for(e),11.86168180872046,11.86168180872046
EX_indole(e),0.06367760446313737,0.509420835705099
EX_nac(e),0.997161072329418,5.982966433976507
EX_phe_L(e),0.8463559838711708,7.617203854840538
EX_ptrc(e),1.0666402777750597,4.266561111100239
