,fluxes,C-fluxes
EX_ac(e),2.276587199871591,4.553174399743182
EX_ade(e),0.9920399499005644,4.960199749502822
EX_ala_L(e),0.5609320921062609,1.6827962763187827
EX_etoh(e),1.6410203620677868,3.2820407241355736
EX_for(e),2.1181909082146992,2.1181909082146992
EX_glyc(e),0.0017527427118870442,0.005258228135661133
EX_gua(e),0.33609371101213825,1.6804685550606913
EX_strch2(e),0.0014745972968472198,0.026542751343249956
