,fluxes,C-fluxes
EX_ac(e),0.424423721942707,0.848847443885414
