,fluxes,C-fluxes
EX_4abut(e),0.18,0.72
EX_ac(e),0.7922237296661864,1.5844474593323727
EX_ala_L(e),0.15024888215100046,0.4507466464530014
EX_for(e),0.3151063848629144,0.3151063848629144
EX_orn(e),0.0011036102934410164,0.005518051467205081
