,fluxes,C-fluxes
EX_ac(e),0.16055619667959098,0.32111239335918196
EX_akg(e),0.1795661834078645,0.8978309170393226
EX_for(e),0.16174801835601277,0.16174801835601277
