,fluxes,C-fluxes
EX_ac(e),1.4957157918207027,2.9914315836414054
EX_for(e),0.7474251555105699,0.7474251555105699
