,fluxes,C-fluxes
EX_ac(e),1.2814333829228852,2.5628667658457704
EX_for(e),1.3140581687590585,1.3140581687590585
EX_orn(e),0.13523198912487663,0.6761599456243832
EX_succ(e),0.17706430044963584,0.7082572017985433
