,fluxes,C-fluxes
EX_ac(e),4.068611449422694,8.137222898845389
EX_acald(e),0.01135126529355218,0.02270253058710436
EX_for(e),2.7373689948867623,2.7373689948867623
EX_nac(e),0.06590755099252166,0.39544530595512994
