,fluxes,C-fluxes
EX_ac(e),2.782117733684729,5.564235467369458
EX_for(e),1.8628326185868187,1.8628326185868187
EX_glyc(e),0.25062874984290473,0.7518862495287142
EX_nac(e),0.016665995576221428,0.09999597345732857
EX_succ(e),0.39821830652979745,1.5928732261191898
