,fluxes,C-fluxes
EX_ac(e),2.1339227642935037,4.267845528587007
EX_adn(e),0.03755752620288502,0.3755752620288502
EX_ala_L(e),0.3418177619410413,1.025453285823124
EX_asp_L(e),0.011787740104238964,0.04715096041695586
EX_for(e),0.6626775637546344,0.6626775637546344
EX_orn(e),0.13338096321801604,0.6669048160900802
