,fluxes,C-fluxes
EX_ac(e),1.4900030640914297,2.9800061281828594
EX_etoh(e),0.09783774377067268,0.19567548754134537
EX_for(e),1.460193647887325,1.460193647887325
EX_glyc(e),0.23476336,0.70429008
EX_lac_D(e),0.3988588481705913,1.196576544511774
