,fluxes,C-fluxes
EX_ac(e),1.1427791936462859,2.2855583872925718
EX_ade(e),1.1253218771648823,5.626609385824412
EX_etoh(e),1.0154802790450157,2.0309605580900314
EX_for(e),1.1865064152703049,1.1865064152703049
EX_glyc(e),0.0010515881337762605,0.0031547644013287814
EX_ile_L(e),0.037719510943955745,0.22631706566373447
EX_orn(e),0.04275343098969252,0.2137671549484626
EX_succ(e),0.00032410219554950703,0.0012964087821980281
