,fluxes,C-fluxes
EX_ac(e),0.37857309312167287,0.7571461862433457
EX_for(e),0.21557265637688647,0.21557265637688647
EX_nac(e),0.004796457543960069,0.028778745263760418
