,fluxes,C-fluxes
EX_ac(e),1.7709786499110687,3.5419572998221374
EX_ade(e),1.1964080200610634,5.982040100305317
EX_ala_L(e),0.17708296100704604,0.5312488830211382
EX_etoh(e),1.4888841596620817,2.9777683193241633
EX_for(e),1.8444445407796628,1.8444445407796628
EX_glyc(e),0.0017964551980352778,0.005389365594105833
EX_gua(e),0.4862848145933982,2.431424072966991
EX_succ(e),0.22449600066717812,0.8979840026687125
