,fluxes,C-fluxes
EX_ac(e),1.4950769520534752,2.9901539041069505
EX_for(e),0.7471499848296844,0.7471499848296844
EX_nac(e),0.00018356192876126215,0.0011013715725675729
