,fluxes,C-fluxes
EX_ac(e),2.126148656456588,4.252297312913176
EX_ala_L(e),0.3606929191797186,1.0820787575391557
EX_for(e),0.34234458496096787,0.34234458496096787
EX_orn(e),0.14267993695304534,0.7133996847652267
EX_succ(e),0.4429369811521107,1.7717479246084429
