,fluxes,C-fluxes
EX_ac(e),1.0607165984081814,2.121433196816363
EX_ala_L(e),0.0009567810127037399,0.00287034303811122
EX_but(e),0.2261199395082812,0.9044797580331247
EX_for(e),1.3930965252815302,1.3930965252815302
EX_nac(e),0.009231626023479243,0.055389756140875455
