,fluxes,C-fluxes
EX_ac(e),1.4116612596203961,2.8233225192407922
EX_but(e),0.2846046237515499,1.1384184950061995
EX_etoh(e),0.21220117542414238,0.42440235084828476
EX_for(e),2.066456081812308,2.066456081812308
EX_gly(e),0.20299206164319586,0.4059841232863917
EX_phe_L(e),0.5497126978599753,4.947414280739778
