,fluxes,C-fluxes
EX_ac(e),5.115396451940854,10.230792903881708
EX_acald(e),0.06296039939671509,0.12592079879343018
EX_for(e),2.924752501573641,2.924752501573641
EX_nac(e),0.9452770226526068,5.671662135915641
