,fluxes,C-fluxes
EX_ac(e),0.649884052845265,1.29976810569053
EX_acald(e),0.0005933638320738073,0.0011867276641476146
EX_for(e),0.09340255369891727,0.09340255369891727
EX_nac(e),0.00236999423084138,0.01421996538504828
