,fluxes,C-fluxes
EX_4abut(e),0.18,0.72
EX_ac(e),18.255064316892977,36.51012863378595
EX_dad_2(e),0.1252594281516013,1.252594281516013
EX_etoh(e),1.17878295,2.3575659
EX_for(e),13.832245520117063,13.832245520117063
EX_indole(e),0.03924819765994176,0.3139855812795341
EX_nac(e),0.9967423784655457,5.980454270793274
EX_phe_L(e),0.8247245038050218,7.422520534245196
EX_ppa(e),0.08516983491890397,0.2555095047567119
EX_ptrc(e),1.0,4.0
EX_tma(e),1.0,3.0
