,fluxes,C-fluxes
EX_ac(e),0.3843027155384889,0.7686054310769778
EX_acald(e),0.0006215950573035458,0.0012431901146070915
EX_for(e),0.3877831515242048,0.3877831515242048
EX_nac(e),0.0025233111384648115,0.01513986683078887
