,fluxes,C-fluxes
EX_ac(e),5.953482887654997,11.906965775309994
EX_etoh(e),0.0641224918524431,0.1282449837048862
EX_for(e),3.3938251563211694,3.3938251563211694
EX_gal(e),0.14898578,0.8939146800000001
EX_indole(e),0.06409907820925415,0.5127926256740332
EX_nac(e),0.9982094131651174,5.989256478990704
EX_ppa(e),0.042284292455540065,0.1268528773666202
EX_ttdca(e),0.20080381390170224,2.811253394623831
