,fluxes,C-fluxes
EX_4abut(e),0.12519555204367544,0.5007822081747018
EX_ac(e),18.04806895080597,36.09613790161194
EX_etoh(e),0.130537398231461,0.261074796462922
EX_for(e),7.824852575549008,7.824852575549008
EX_gcald(e),3.3246274211307005,6.649254842261401
EX_indole(e),0.03594793124996747,0.2875834499997398
EX_nac(e),0.9966044082178225,5.979626449306934
