,fluxes,C-fluxes
EX_ac(e),0.28240017416588825,0.5648003483317765
EX_ala_L(e),0.008092598139076158,0.024277794417228472
EX_for(e),0.0161264618083589,0.0161264618083589
EX_nac(e),0.00254959364418083,0.01529756186508498
EX_orn(e),0.08756704578357943,0.43783522891789717
