,fluxes,C-fluxes
EX_ac(e),0.2728297868983426,0.5456595737966852
EX_but(e),0.2434702332508483,0.9738809330033932
EX_etoh(e),0.001953540744013877,0.003907081488027754
EX_for(e),0.7618925850121417,0.7618925850121417
EX_malt(e),0.0047020000000000005,0.056424
EX_strch2(e),0.02906367899252474,0.5231462218654452
EX_succ(e),0.003969390089316483,0.01587756035726593
