,fluxes,C-fluxes
EX_ac(e),1.2330860599295663,2.4661721198591326
EX_ade(e),1.2044271574966807,6.022135787483403
EX_asp_L(e),0.08648564061790147,0.3459425624716059
EX_etoh(e),1.1350757147116444,2.2701514294232887
EX_for(e),1.3361605814023534,1.3361605814023534
EX_glyc(e),0.001284246786514546,0.003852740359543638
EX_gua(e),0.09716011739573585,0.4858005869786792
EX_orn(e),0.1350278496082189,0.6751392480410945
EX_ura(e),0.0002833096148680089,0.0011332384594720357
