,fluxes,C-fluxes
EX_ac(e),1.414993199756796,2.829986399513592
EX_asp_L(e),0.08897232561696543,0.3558893024678617
EX_but(e),0.01217478782018045,0.0486991512807218
EX_for(e),1.1956705569166701,1.1956705569166701
EX_fru(e),0.00667802494530367,0.04006814967182202
EX_nac(e),0.016734177823183434,0.1004050669391006
EX_phe_L(e),0.9862990440099784,8.876691396089806
EX_strch2(e),0.0707211327590376,1.2729803896626768
