,fluxes,C-fluxes
EX_ac(e),0.8226708351175426,1.6453416702350852
EX_but(e),0.3179307883663438,1.2717231534653752
EX_etoh(e),0.007094514477565092,0.014189028955130184
EX_for(e),1.0529969130737722,1.0529969130737722
