,fluxes,C-fluxes
EX_ac(e),0.20060888921406286,0.4012177784281257
EX_but(e),0.4677028640447439,1.8708114561789757
EX_for(e),0.9462544930211159,0.9462544930211159
