,fluxes,C-fluxes
EX_ac(e),1.1043823707632403,2.2087647415264806
EX_but(e),0.06488619359006252,0.2595447743602501
EX_for(e),1.2266616241303547,1.2266616241303547
EX_phe_L(e),0.9907515210271118,8.916763689244007
EX_strch2(e),0.02875394950182252,0.5175710910328053
