,fluxes,C-fluxes
EX_ac(e),0.5806838248702741,1.1613676497405483
EX_ade(e),0.0003297090507131418,0.0016485452535657092
EX_asp_L(e),0.22060186922198766,0.8824074768879506
EX_dgsn(e),0.656034743922592,6.56034743922592
EX_indole(e),0.08179534039279357,0.6543627231423486
EX_ura(e),0.6560360276467349,2.6241441105869394
