,fluxes,C-fluxes
EX_ac(e),2.353380059006293,4.706760118012586
EX_ade(e),0.000347012556305071,0.0017350627815253552
EX_for(e),0.3680711455195574,0.3680711455195574
EX_gly(e),0.5113580902171138,1.0227161804342275
