,fluxes,C-fluxes
EX_ac(e),0.9946238897576566,1.9892477795153132
EX_gthrd(e),1.0275929930890928,10.275929930890928
EX_rbflvrd(e),0.9998602963053678,16.997625037191252
