,fluxes,C-fluxes
EX_ac(e),0.49899660193312195,0.9979932038662439
EX_acald(e),0.36073146264194883,0.7214629252838977
EX_for(e),0.5076262520752192,0.5076262520752192
EX_fum(e),0.0012901251422890083,0.005160500569156033
EX_hxan(e),0.004920863748906039,0.024604318744530194
EX_rbflvrd(e),0.4877752699429247,8.29217958902972
EX_strch2(e),0.009088755560678511,0.1635976000922132
EX_ura(e),0.3605615856518742,1.4422463426074967
