,fluxes,C-fluxes
EX_ac(e),1.0029188860708929,2.0058377721417857
EX_acald(e),0.000525070186373871,0.001050140372747742
EX_but(e),0.1406950552820587,0.5627802211282348
EX_for(e),1.291197797350922,1.291197797350922
EX_ppa(e),0.004981109743847647,0.01494332923154294
