,fluxes,C-fluxes
EX_ac(e),6.879835250229086,13.759670500458173
EX_but(e),2.491419315449924,9.965677261799696
EX_for(e),8.709465294589144,8.709465294589144
EX_indole(e),0.07673320778314908,0.6138656622651927
EX_phe_L(e),0.9266664299184948,8.339997869266453
EX_ppa(e),0.19966450525469745,0.5989935157640923
