,fluxes,C-fluxes
EX_ac(e),19.335680388945523,38.671360777891046
EX_dad_2(e),0.9578607462567491,9.578607462567492
