,fluxes,C-fluxes
EX_ac(e),4.270491885892682,8.540983771785363
EX_ade(e),0.990441023740932,4.95220511870466
EX_but(e),0.12336519345790811,0.49346077383163245
EX_dgsn(e),0.9963945020191078,9.963945020191078
EX_for(e),3.180919930245379,3.180919930245379
EX_gly(e),1.1927742214461252,2.3855484428922504
EX_indole(e),0.08015161827559622,0.6412129462047698
EX_ppa(e),1.0011818304693172,3.0035454914079516
