,fluxes,C-fluxes
EX_ac(e),4.2360892402610775,8.472178480522155
EX_ade(e),0.9898319639659956,4.949159819829978
EX_but(e),0.121245425569202,0.484981702276808
EX_dgsn(e),0.9963814340454461,9.96381434045446
EX_for(e),3.125699111942438,3.125699111942438
EX_gly(e),1.1984658388998084,2.396931677799617
EX_indole(e),0.07940607892504521,0.6352486314003617
EX_ppa(e),1.000027885231723,3.0000836556951693
