,fluxes,C-fluxes
EX_ac(e),0.28421519484010055,0.5684303896802011
EX_ade(e),0.015499091385474287,0.07749545692737143
EX_for(e),0.3169678409851159,0.3169678409851159
EX_ppa(e),1.2158258506282085,3.6474775518846254
EX_succ(e),1.457395086205766,5.829580344823064
