,fluxes,C-fluxes
EX_ac(e),6.546210143278223,13.092420286556447
EX_but(e),2.251236492533434,9.004945970133736
EX_for(e),8.427254853857145,8.427254853857145
EX_indole(e),0.07829855895031763,0.6263884716025411
EX_ppa(e),0.20744947871838698,0.622348436155161
