,fluxes,C-fluxes
EX_ac(e),4.5244333822172225,9.048866764434445
EX_but(e),3.131046522016972,12.524186088067887
EX_for(e),10.315853786078364,10.315853786078364
EX_gly(e),0.9730915548669873,1.9461831097339746
EX_indole(e),0.07847741459755635,0.6278193167804508
