,fluxes,C-fluxes
EX_ac(e),5.695715323177584,11.391430646355168
EX_btoh(e),1.3727834027104084,5.491133610841634
EX_but(e),0.0901966477066164,0.3607865908264656
EX_for(e),7.3624399513915755,7.3624399513915755
EX_gly(e),1.1635897027583568,2.3271794055167137
EX_indole(e),0.07572843977108519,0.6058275181686815
