,fluxes,C-fluxes
EX_ac(e),4.967536941765327,9.935073883530654
EX_for(e),0.0021916474962215596,0.0021916474962215596
EX_gly(e),0.189766383179283,0.379532766358566
EX_indole(e),0.07930028054068716,0.6344022443254973
