,fluxes,C-fluxes
EX_ac(e),1.1001623744585662,2.2003247489171325
EX_for(e),1.1001507497049132,1.1001507497049132
EX_indole(e),0.08179713250042492,0.6543770600033993
