,fluxes,C-fluxes
EX_ac(e),6.823730996090707,13.647461992181414
EX_but(e),4.635262987214237,18.541051948856946
EX_for(e),8.701787527386834,8.701787527386834
EX_gly(e),1.0802215808506483,2.1604431617012967
EX_indole(e),0.07223141621539948,0.5778513297231959
EX_phe_L(e),0.8788798956905471,7.909919061214924
