,fluxes,C-fluxes
EX_ac(e),4.181949144401105,8.36389828880221
EX_but(e),3.4904244929144435,13.961697971657774
EX_for(e),4.472686840999055,4.472686840999055
EX_gly(e),0.9815729361691817,1.9631458723383635
EX_indole(e),0.08024124634541772,0.6419299707633418
