,fluxes,C-fluxes
EX_ac(e),3.461814419481834,6.923628838963668
EX_btoh(e),1.2022564362960346,4.8090257451841385
EX_but(e),0.12771382426282163,0.5108552970512865
EX_for(e),0.002791545532059009,0.002791545532059009
EX_gly(e),0.8426808694582274,1.6853617389164548
EX_indole(e),0.07991814662270763,0.639345172981661
EX_lac_D(e),1.7835794482004461,5.350738344601338
EX_ppa(e),0.2159103999772121,0.6477311999316363
