,fluxes,C-fluxes
EX_ac(e),2.2550281186181107,4.510056237236221
EX_but(e),0.6162103313617213,2.4648413254468853
EX_dad_2(e),0.0030688708799448323,0.030688708799448322
EX_for(e),0.0019470699966618549,0.0019470699966618549
EX_gly(e),0.2006640271853737,0.4013280543707474
EX_indole(e),0.07998617335250154,0.6398893868200123
