,fluxes,C-fluxes
EX_ac(e),0.43548667664773805,0.8709733532954761
EX_ala_L(e),0.5234298327906993,1.570289498372098
EX_for(e),0.4368696966961812,0.4368696966961812
EX_glyc(e),0.00039700367865389913,0.0011910110359616974
EX_ile_L(e),0.4331073919531913,2.5986443517191478
EX_lac_D(e),0.6835193551203823,2.050558065361147
EX_tym(e),0.043868226211988715,0.3509458096959097
