,fluxes,C-fluxes
EX_ac(e),1.4332489457590567,2.8664978915181134
EX_for(e),1.43403881714614,1.43403881714614
EX_glyc(e),0.00035709471282488757,0.0010712841384746628
EX_ile_L(e),0.4394024686417984,2.6364148118507904
