,fluxes,C-fluxes
EX_ac(e),1.6712181713596437,3.3424363427192874
EX_etoh(e),0.09642336277165714,0.19284672554331428
EX_for(e),1.7689289505435708,1.7689289505435708
EX_glyc(e),0.1495678209502831,0.4487034628508493
EX_ile_L(e),0.4300945348850476,2.580567209310286
