,fluxes,C-fluxes
EX_ac(e),0.6509363869348208,1.3018727738696416
EX_gly(e),0.22240815608800804,0.4448163121760161
EX_orn(e),0.0005853854459873158,0.0029269272299365786
