,fluxes,C-fluxes
EX_4hphac(e),1.945171891378375,15.561375131027
EX_ac(e),2.5909259536123126,5.181851907224625
EX_gua(e),0.94632187618135,4.73160938090675
EX_hista(e),0.042393549894475316,0.21196774947237657
EX_lys_L(e),0.9573205763935964,5.743923458361579
EX_ppa(e),12.386813524383843,37.16044057315153
