,fluxes,C-fluxes
EX_ac(e),0.5384205908519129,1.0768411817038257
EX_succ(e),0.0003134962323847537,0.0012539849295390149
