,fluxes,C-fluxes
EX_ac(e),0.08515316002915682,0.17030632005831364
EX_ala_L(e),0.3971161957863706,1.1913485873591116
EX_etoh(e),0.07487929456645906,0.14975858913291812
EX_for(e),0.08712067926713753,0.08712067926713753
EX_ins(e),0.07462259796622547,0.7462259796622548
EX_nac(e),0.3245780123988823,1.9474680743932937
