,fluxes,C-fluxes
EX_ac(e),0.3568359469496045,0.713671893899209
EX_for(e),0.3704608140677691,0.3704608140677691
EX_glyc(e),0.00042217729823671037,0.001266531894710131
EX_lac_D(e),0.8381158462810017,2.5143475388430048
EX_phe_L(e),0.31076419282955353,2.7968777354659817
TS_co2_c,1.2140603543505974,1.2140603543505974
