,fluxes,C-fluxes
EX_ac(e),0.007462261078326656,0.014924522156653313
EX_acald(e),0.0005903514811829793,0.0011807029623659587
EX_ala_L(e),0.22147249265259736,0.664417477957792
EX_for(e),0.014974574085395723,0.014974574085395723
EX_lac_L(e),0.34993207793438685,1.0497962338031606
EX_nac(e),0.06908505267426411,0.41451031604558464
