,fluxes,C-fluxes
EX_cytd(e),0.009038768488459976,0.08134891639613978
EX_glu_L(e),0.11452004121045531,0.5726002060522766
EX_succ(e),0.978453995554567,3.913815982218268
