,fluxes,C-fluxes
EX_ac(e),0.02546348654709677,0.05092697309419354
EX_succ(e),0.9771805823323627,3.908722329329451
