,fluxes,C-fluxes
EX_succ(e),1.4009445162350516,5.603778064940206
