,fluxes,C-fluxes
EX_akg(e),0.08858270025937426,0.4429135012968713
EX_dad_2(e),0.00035616000804607705,0.0035616000804607707
EX_glu_L(e),0.051016973215053926,0.25508486607526965
EX_pyr(e),0.0016350827985239249,0.004905248395571774
EX_succ(e),1.358850305755595,5.43540122302238
