,fluxes,C-fluxes
EX_ac(e),0.25588851962950165,0.5117770392590033
EX_glu_L(e),0.0005779342311001164,0.002889671155500582
EX_succ(e),1.0316583723223012,4.126633489289205
