,fluxes,C-fluxes
EX_ac(e),0.09443572375663739,0.18887144751327478
EX_glu_L(e),0.0010991347899003074,0.005495673949501537
EX_succ(e),0.7798716437276445,3.119486574910578
EX_tyr_L(e),0.0009959294203566718,0.008963364783210047
