,fluxes,C-fluxes
EX_ac(e),3.0302153595383543,6.060430719076709
EX_etoh(e),0.19251056844564315,0.3850211368912863
EX_for(e),2.244698473373584,2.244698473373584
EX_gly(e),0.15678134083961845,0.3135626816792369
EX_lac_L(e),0.6671053481796672,2.0013160445390015
EX_nac(e),0.9993102511267309,5.995861506760385
EX_phe_L(e),0.9606698915305188,8.64602902377467
EX_succ(e),0.48897180924065375,1.955887236962615
