,fluxes,C-fluxes
EX_ac(e),8.212631148965073,16.425262297930146
EX_acald(e),0.024349216370011043,0.048698432740022085
EX_for(e),7.089790921141494,7.089790921141494
EX_gal(e),0.14898578,0.8939146800000001
EX_glc_D(e),0.00282117,0.01692702
EX_gly(e),0.06535757993208562,0.13071515986417123
EX_nac(e),0.6169095434894487,3.7014572609366923
