,fluxes,C-fluxes
EX_akg(e),0.0040282559953144954,0.020141279976572477
EX_gly(e),6.240429227529594,12.480858455059188
EX_lac_L(e),0.0012022702733884038,0.003606810820165211
TS_co2_c,0.00890988206728282,0.00890988206728282
