,fluxes,C-fluxes
EX_2obut(e),0.159816332645517,0.639265330582068
EX_ac(e),0.885717046484395,1.77143409296879
EX_ala_L(e),1.2466911311117375,3.740073393335212
EX_cys_L(e),0.3514016000270068,1.0542048000810205
EX_for(e),0.3382316918562541,0.3382316918562541
EX_thr_L(e),0.16762659214045547,0.6705063685618219
EX_thymd(e),0.0006183196334043075,0.006183196334043075
