,fluxes,C-fluxes
EX_ac(e),0.19032378952438114,0.3806475790487623
EX_etoh(e),0.18874083778301953,0.37748167556603907
EX_for(e),0.3790714051279253,0.3790714051279253
EX_lac_D(e),0.5137832413520328,1.5413497240560985
