,fluxes,C-fluxes
EX_12ppd_S(e),0.01414899529159106,0.04244698587477318
EX_ac(e),1.6637801529543654,3.327560305908731
EX_ala_L(e),0.42282227466158395,1.2684668239847519
EX_for(e),1.7037434870142132,1.7037434870142132
EX_glc_D(e),0.00282117,0.01692702
EX_glyc(e),0.23476336,0.70429008
EX_succ(e),0.0024192979814433857,0.009677191925773543
