,fluxes,C-fluxes
EX_ac(e),0.6258728610797424,1.2517457221594848
EX_lac_D(e),0.41582224113997945,1.2474667234199384
