,fluxes,C-fluxes
EX_ac(e),1.214415200902211,2.428830401804422
EX_ade(e),0.9944065865775736,4.972032932887868
EX_etoh(e),1.1160978234922456,2.2321956469844912
EX_for(e),1.279564275711311,1.279564275711311
EX_gcald(e),0.001053100999278769,0.002106201998557538
EX_gua(e),0.11611331588633085,0.5805665794316542
EX_nac(e),0.04653335277395078,0.2792001166437047
EX_orn(e),0.13321566687514175,0.6660783343757087
