,fluxes,C-fluxes
EX_ac(e),0.18570462612169264,0.3714092522433853
EX_lac_D(e),0.28300156153596984,0.8490046846079096
EX_nac(e),0.003065563769378159,0.018393382616268956
EX_succ(e),0.0006413701950431967,0.002565480780172787
