,fluxes,C-fluxes
EX_ac(e),0.5954034662316559,1.1908069324633117
EX_ala_L(e),0.1731300179688914,0.5193900539066743
EX_lac_D(e),1.5740347469862255,4.722104240958677
EX_nac(e),0.009493730852035217,0.0569623851122113
EX_orn(e),0.004360363938575655,0.021801819692878272
EX_succ(e),0.0019821611612114293,0.007928644644845717
