,fluxes,C-fluxes
EX_ac(e),0.48732913651393217,0.9746582730278643
EX_lac_D(e),1.946848681757772,5.840546045273316
EX_nac(e),0.009660840389237533,0.057965042335425196
EX_orn(e),0.005269545552194802,0.026347727760974007
EX_succ(e),0.0011986128231351715,0.004794451292540686
