,fluxes,C-fluxes
EX_ac(e),2.164002170059407,4.328004340118814
EX_ala_L(e),0.0028586705638839432,0.00857601169165183
EX_coprost(e),0.00495795,0.13386465
EX_for(e),1.187812844965616,1.187812844965616
EX_glc_D(e),0.00282117,0.01692702
EX_glyc(e),0.17993693147956197,0.5398107944386858
EX_lac_D(e),0.3036885176161235,0.9110655528483704
EX_nac(e),0.009287064126925813,0.055722384761554875
EX_succ(e),0.0018444749136749111,0.007377899654699645
