,fluxes,C-fluxes
EX_coprost(e),0.001179686980912941,0.03185154848464941
EX_lac_D(e),1.12597058052039,3.37791174156117
