,fluxes,C-fluxes
EX_ac(e),0.17172496005633928,0.34344992011267855
EX_for(e),0.15096255180070153,0.15096255180070153
EX_glyc(e),0.1490419095675904,0.4471257287027712
EX_lac_L(e),0.913222321769004,2.739666965307012
EX_succ(e),0.00026971052774692997,0.0010788421109877199
