,fluxes,C-fluxes
EX_ac(e),0.004749578585279397,0.009499157170558794
EX_coprost(e),0.00495795,0.13386465
EX_lac_D(e),1.4049344547987421,4.214803364396227
