,fluxes,C-fluxes
EX_lac_L(e),1.1408057824423605,3.4224173473270816
