,fluxes,C-fluxes
EX_ac(e),0.7297799290048599,1.4595598580097198
EX_for(e),0.3286157521318451,0.3286157521318451
EX_succ(e),0.0006803973688168216,0.0027215894752672864
