,fluxes,C-fluxes
EX_coprost(e),0.00495795,0.13386465
EX_lac_D(e),1.138342374646428,3.415027123939284
