,fluxes,C-fluxes
EX_ac(e),0.446339218126571,0.892678436253142
EX_lac_D(e),0.4751097202910486,1.4253291608731458
EX_succ(e),0.0005517770705893442,0.002207108282357377
