,fluxes,C-fluxes
EX_ac(e),1.924772581125335,3.84954516225067
EX_for(e),0.7706627640881406,0.7706627640881406
EX_succ(e),0.015206565111362598,0.06082626044545039
