,fluxes,C-fluxes
EX_ac(e),1.2460268470454965,2.492053694090993
EX_ade(e),1.0102829439006311,5.051414719503155
EX_ala_L(e),0.026864537854380532,0.0805936135631416
EX_gal(e),0.00470194,0.02821164
EX_glyc(e),0.0009316990530787258,0.0027950971592361775
EX_lac_D(e),1.0237161983889709,3.0711485951669126
EX_nac(e),0.03807185989078078,0.2284311593446847
