,fluxes,C-fluxes
EX_5mthf(e),0.001988687588630719,0.039773751772614385
EX_ac(e),0.20144148634883166,0.4028829726976633
EX_ade(e),0.029324931589834784,0.14662465794917393
EX_for(e),0.03796533899755378,0.03796533899755378
EX_glyc(e),0.0008155711670074159,0.0024467135010222477
EX_ile_L(e),0.29182079204403144,1.7509247522641886
EX_lac_D(e),2.636308337214885,7.908925011644655
EX_strch2(e),0.12274118249290124,2.2093412848722225
