,fluxes,C-fluxes
EX_4abut(e),2.6456096331895416,10.582438532758166
EX_ac(e),4.486438445938914,8.972876891877828
EX_cys_L(e),0.5795937272467583,1.7387811817402747
EX_lac_D(e),0.15731698211018577,0.47195094633055734
EX_orn(e),0.010563294091602317,0.052816470458011584
