,fluxes,C-fluxes
EX_lac_L(e),1.141219074681051,3.4236572240431533
