,fluxes,C-fluxes
EX_ac(e),0.18690295769023432,0.37380591538046865
EX_cys_L(e),0.002038866530190891,0.006116599590572673
EX_lac_D(e),0.3162731281787621,0.9488193845362862
EX_nac(e),0.003403367994547552,0.02042020796728531
EX_orn(e),0.0003554238826269645,0.0017771194131348225
EX_succ(e),0.0003554238826269645,0.001421695530507858
