,fluxes,C-fluxes
EX_ac(e),1.0108252985782895,2.021650597156579
EX_ala_L(e),0.7387516894134168,2.2162550682402506
EX_for(e),1.0465153747576394,1.0465153747576394
EX_glyc(e),0.14898579,0.44695737
EX_nac(e),0.012707796812668502,0.07624678087601101
EX_succ(e),0.0013925019739098401,0.0055700078956393605
