,fluxes,C-fluxes
EX_ac(e),0.7393152913056646,1.4786305826113293
EX_for(e),0.004120936798210008,0.004120936798210008
EX_fru(e),0.01128468,0.06770808
EX_lac_D(e),0.48776372637547794,1.4632911791264338
EX_succ(e),0.0007290685328528927,0.002916274131411571
