,fluxes,C-fluxes
EX_ac(e),2.617406294441414,5.234812588882828
EX_ala_L(e),0.032147115720130785,0.09644134716039235
EX_coprost(e),0.00495795,0.13386465
EX_for(e),1.6140260474413877,1.6140260474413877
EX_nac(e),0.009222789703803809,0.055336738222822854
EX_succ(e),0.0018253711720118504,0.007301484688047402
