,fluxes,C-fluxes
EX_lac_L(e),1.1963322335016784,3.588996700505035
EX_strch2(e),0.04147300892832291,0.7465141607098124
