,fluxes,C-fluxes
EX_ac(e),0.6682121966709784,1.3364243933419568
EX_acald(e),0.2414292971139379,0.4828585942278758
EX_ade(e),0.28188864621841814,1.4094432310920908
EX_etoh(e),0.004054313620646176,0.008108627241292353
EX_lac_D(e),0.7828705682321307,2.3486117046963924
EX_orn(e),0.08438000226003996,0.4219000113001998
