,fluxes,C-fluxes
EX_ac(e),2.2416635033029664,4.483327006605933
EX_etoh(e),0.02092054248820186,0.04184108497640372
EX_for(e),1.2966427228122137,1.2966427228122137
EX_glyc(e),0.14898579,0.44695737
EX_nac(e),0.007503887147763139,0.045023322886578836
EX_succ(e),0.0014895402569464879,0.0059581610277859515
