,fluxes,C-fluxes
EX_ac(e),1.1968270331431485,2.393654066286297
EX_ile_L(e),0.007997263998504625,0.047983583991027756
EX_lac_L(e),0.5976980557375603,1.793094167212681
EX_succ(e),0.20574219182959627,0.8229687673183851
