,fluxes,C-fluxes
EX_ac(e),10.447871191590549,20.895742383181098
EX_acald(e),3.2148150616188653,6.429630123237731
EX_ade(e),0.9487954005344235,4.743977002672118
EX_ala_L(e),2.0730427519826695,6.219128255948009
EX_glyc(e),0.008449057944183764,0.025347173832551292
EX_gua(e),0.9704590412228147,4.852295206114073
EX_succ(e),3.0575468515415762,12.230187406166305
