,fluxes,C-fluxes
EX_lac_L(e),1.1410280091822322,3.4230840275466967
