,fluxes,C-fluxes
EX_ac(e),0.04624602805535071,0.09249205611070142
EX_succ(e),0.9657615676815735,3.863046270726294
