,fluxes,C-fluxes
EX_ac(e),2.137425678216924,4.274851356433848
EX_ade(e),0.24718621999743576,1.2359310999871789
EX_etoh(e),0.2377162037369233,0.4754324074738466
EX_for(e),2.2766934153396328,2.2766934153396328
EX_glyc(e),0.15017794136685195,0.45053382410055587
EX_ppa(e),0.3986798695099314,1.1960396085297942
