,fluxes,C-fluxes
EX_ac(e),1.3480557474230537,2.6961114948461073
EX_gal(e),0.04171061479931259,0.2502636887958755
EX_glyc(e),0.00047588895460365057,0.0014276668638109518
EX_lac_D(e),0.8898916325656732,2.6696748976970195
EX_succ(e),0.004565741790229276,0.018262967160917104
