,fluxes,C-fluxes
EX_ac(e),1.432439492445531,2.864878984891062
EX_dad_2(e),0.01664812919159438,0.1664812919159438
EX_gal(e),0.00470194,0.02821164
EX_glyc(e),0.0004637717204805058,0.0013913151614415174
EX_lac_D(e),0.8712802275766103,2.6138406827298306
EX_succ(e),0.0046014052788794745,0.018405621115517898
