,fluxes,C-fluxes
EX_ac(e),0.5958796753743244,1.1917593507486488
EX_ala_L(e),0.5530093349577249,1.6590280048731745
EX_for(e),0.5986896143862186,0.5986896143862186
EX_glyc(e),0.03974822838762937,0.11924468516288811
