,fluxes,C-fluxes
EX_ac(e),0.5969236027806627,1.1938472055613254
EX_ala_L(e),0.5535124822501157,1.660537446750347
EX_for(e),0.5990199682486873,0.5990199682486873
EX_glyc(e),0.039858730870822354,0.11957619261246706
