,fluxes,C-fluxes
EX_ac(e),0.5969231357035214,1.1938462714070428
EX_ala_L(e),0.5535719156599475,1.6607157469798424
EX_for(e),0.5990195175120241,0.5990195175120241
EX_glyc(e),0.04008958965126733,0.12026876895380198
