,fluxes,C-fluxes
EX_ac(e),2.0687463006661657,4.137492601332331
EX_for(e),0.8498674530369084,0.8498674530369084
EX_strch2(e),0.09043824052589011,1.627888329466022
