,fluxes,C-fluxes
EX_ac(e),0.596922414521864,1.193844829043728
EX_ala_L(e),0.5535133300675131,1.6605399902025395
EX_for(e),0.5990186264239021,0.5990186264239021
EX_glyc(e),0.03985769429557887,0.11957308288673663
