,fluxes,C-fluxes
EX_ac(e),0.5968654044542426,1.1937308089084853
EX_ala_L(e),0.5534875535755972,1.6604626607267916
EX_for(e),0.598961679626317,0.598961679626317
EX_glyc(e),0.039828976707615135,0.1194869301228454
