,fluxes,C-fluxes
EX_ac(e),0.596915706138993,1.193831412277986
EX_ala_L(e),0.5535113448184589,1.6605340344553765
EX_for(e),0.5990105030245239,0.5990105030245239
EX_glyc(e),0.03985657826690113,0.11956973480070339
