,fluxes,C-fluxes
EX_ac(e),0.5969231146186688,1.1938462292373375
EX_ala_L(e),0.5535114059032226,1.6605342177096678
EX_for(e),0.5990196294039967,0.5990196294039967
EX_glyc(e),0.03985869564732554,0.11957608694197662
