,fluxes,C-fluxes
EX_ala_L(e),0.9341511887928329,2.8024535663784986
EX_asp_L(e),0.14537989305308552,0.5815195722123421
EX_dad_2(e),0.009103853706591895,0.09103853706591894
EX_etoh(e),0.18665873699095747,0.37331747398191495
EX_glyc(e),0.0004013671666793896,0.0012041015000381688
EX_glyclt(e),0.2020801739035406,0.4041603478070812
EX_ins(e),0.005268782284266739,0.05268782284266739
EX_orn(e),0.1485902269846624,0.742951134923312
EX_pyr(e),0.6247936356794273,1.8743809070382818
