,fluxes,C-fluxes
EX_ac(e),3.2761026145285306,6.552205229057061
EX_dad_2(e),0.0021785325012190757,0.021785325012190757
EX_gly(e),1.219085821193367,2.438171642386734
EX_succ(e),0.0006630235283887603,0.002652094113555041
