,fluxes,C-fluxes
EX_ac(e),0.793365839628503,1.586731679257006
EX_fum(e),0.0045145622836085565,0.018058249134434226
EX_gly(e),0.38478708257624916,0.7695741651524983
EX_lac_D(e),1.3526605590626637,4.057981677187991
EX_pro_L(e),0.0004341169271958547,0.0021705846359792737
EX_succ(e),0.004276690271993197,0.017106761087972787
