,fluxes,C-fluxes
EX_ac(e),0.8323180692649201,1.6646361385298403
EX_lac_L(e),0.2739529588678467,0.8218588766035402
EX_succ(e),0.0007795568560630303,0.003118227424252121
