,fluxes,C-fluxes
EX_pyr(e),0.22927022970129884,0.6878106891038965
