,fluxes,C-fluxes
EX_ac(e),1.224639810229013,2.449279620458026
EX_ade(e),1.2265449832651083,6.132724916325541
EX_gcald(e),0.0005721306468260713,0.0011442612936521427
EX_pyr(e),1.2058439714021203,3.617531914206361
