,fluxes,C-fluxes
EX_ac(e),0.24855210419573429,0.49710420839146857
