,fluxes,C-fluxes
EX_ac(e),0.2927395990188479,0.5854791980376958
EX_ade(e),0.1468485301030202,0.7342426505151011
