,fluxes,C-fluxes
EX_ac(e),0.2524296716024148,0.5048593432048296
EX_acald(e),0.14767675519371617,0.29535351038743235
EX_ura(e),0.14772630979866924,0.590905239194677
