,fluxes,C-fluxes
EX_ac(e),1.0906105702979527,2.1812211405959054
EX_for(e),0.0025943607257889055,0.0025943607257889055
EX_nac(e),0.019949864353283688,0.11969918611970212
EX_strch2(e),0.06549607182587844,1.178929292865812
