,fluxes,C-fluxes
EX_ac(e),0.32511195442054946,0.6502239088410989
EX_asp_L(e),0.11435312908541272,0.45741251634165087
EX_for(e),0.5299015360864034,0.5299015360864034
EX_orn(e),0.14391550917933085,0.7195775458966542
EX_ppa(e),0.18801549066375606,0.5640464719912681
