,fluxes,C-fluxes
EX_ac(e),0.7328115774965198,1.4656231549930396
EX_nac(e),0.0009754604154678035,0.0058527624928068215
EX_orn(e),0.1490601047644108,0.745300523822054
