,fluxes,C-fluxes
EX_asp_L(e),0.041582100599306455,0.16632840239722582
EX_succ(e),0.10688270229698078,0.42753080918792313
