,fluxes,C-fluxes
EX_ac(e),0.17283490422249337,0.34566980844498674
EX_akg(e),0.30198546333399684,1.5099273166699843
EX_glyc(e),0.0003614230070115595,0.0010842690210346785
EX_succ(e),0.39272984278612294,1.5709193711444918
