,fluxes,C-fluxes
EX_ac(e),0.45625061716328114,0.9125012343265623
EX_glyc(e),0.009775408233761683,0.02932622470128505
EX_succ(e),0.9014172785238521,3.6056691140954085
