,fluxes,C-fluxes
EX_ac(e),5.295813048567374,10.591626097134748
EX_for(e),5.3522136031168195,5.3522136031168195
EX_glyc(e),0.15062933290129496,0.45188799870388485
EX_hista(e),0.14572417206459123,0.7286208603229561
EX_ile_L(e),0.01873860806522203,0.11243164839133218
EX_phe_L(e),0.9764147080089065,8.787732372080159
EX_succ(e),1.0660880415236684,4.264352166094674
EX_trypta(e),0.08062060293150623,0.8062060293150624
