,fluxes,C-fluxes
EX_ac(e),5.302221672612813,10.604443345225626
EX_for(e),5.370754382376838,5.370754382376838
EX_glyc(e),0.15165169076771262,0.45495507230313786
EX_hista(e),0.14307427630028943,0.7153713815014472
EX_phe_L(e),0.6994610072755232,6.295149065479709
EX_succ(e),1.3629893953397307,5.451957581358923
EX_trypta(e),0.06826319711026756,0.6826319711026756
EX_tym(e),0.2682580411100242,2.1460643288801937
