,fluxes,C-fluxes
EX_ac(e),0.42723550184833003,0.8544710036966601
EX_for(e),0.0011030026903354397,0.0011030026903354397
EX_glyclt(e),0.44851922827155194,0.8970384565431039
EX_lac_D(e),2.244526299764668,6.733578899294004
EX_orn(e),0.0865464346862159,0.4327321734310795
EX_phe_L(e),0.9920650097511943,8.928585087760748
EX_succ(e),0.0011399498804407486,0.004559799521762995
