,fluxes,C-fluxes
EX_ac(e),1.1040495115573754,2.208099023114751
EX_but(e),0.46155458258319365,1.8462183303327746
EX_dad_2(e),0.0019115427981215424,0.019115427981215426
EX_indole(e),0.07974858724059279,0.6379886979247423
