,fluxes,C-fluxes
EX_ac(e),0.582124909430321,1.164249818860642
EX_acald(e),1.0,2.0
EX_ade(e),1.0876178436156196,5.438089218078098
EX_ala_L(e),0.2443199080445116,0.7329597241335348
EX_for(e),0.6124597924906531,0.6124597924906531
EX_ins(e),0.0016583745487173294,0.016583745487173295
EX_orn(e),0.14162302745130811,0.7081151372565406
EX_succ(e),0.5229127978108329,2.0916511912433315
