,fluxes,C-fluxes
EX_ac(e),1.1898708653185237,2.3797417306370474
EX_ade(e),0.9526539795184763,4.763269897592382
EX_etoh(e),0.6895088122981372,1.3790176245962744
EX_for(e),1.9883761868604628,1.9883761868604628
EX_gln_L(e),0.04679141925032538,0.2339570962516269
EX_glyc(e),0.0017915137855942188,0.005374541356782656
EX_orn(e),0.1345610024461166,0.672805012230583
EX_ppa(e),1.0000308976809633,3.00009269304289
EX_succ(e),0.3731064432595191,1.4924257730380763
