,fluxes,C-fluxes
EX_ac(e),0.6013111657128001,1.2026223314256002
EX_for(e),0.447027045778961,0.447027045778961
EX_gly(e),0.2162106468050245,0.432421293610049
EX_met_L(e),0.20037891409602862,1.0018945704801432
EX_orn(e),0.0007433596964013127,0.0037167984820065635
EX_phe_L(e),0.5819800734346732,5.237820660912059
