,fluxes,C-fluxes
EX_ac(e),2.057181930005395,4.11436386001079
EX_ala_L(e),1.073721576683607,3.221164730050821
EX_for(e),0.44814638733472056,0.44814638733472056
EX_gly(e),1.0155428305360914,2.031085661072183
EX_phe_L(e),0.9934260942858222,8.9408348485724
