,fluxes,C-fluxes
EX_ac(e),0.4390603849730332,0.8781207699460664
EX_for(e),0.4427673727354837,0.4427673727354837
EX_succ(e),0.12041452383022556,0.48165809532090226
