,fluxes,C-fluxes
EX_ac(e),0.34614783207007715,0.6922956641401543
EX_for(e),0.34872129341023284,0.34872129341023284
EX_strch2(e),0.00013644059483726185,0.002455930707070713
