,fluxes,C-fluxes
EX_ac(e),0.31380556410028276,0.6276111282005655
EX_strch2(e),0.00010149429602094026,0.0018268973283769247
EX_ura(e),0.13991653480180952,0.5596661392072381
