,fluxes,C-fluxes
EX_ac(e),2.638206984783926,5.276413969567852
EX_dad_2(e),0.004773175414029755,0.04773175414029755
EX_for(e),2.205281262310971,2.205281262310971
EX_gcald(e),0.0005813297530758754,0.0011626595061517509
EX_glyc(e),0.0014992570207667615,0.004497771062300284
EX_ppa(e),0.18970950048600355,0.5691285014580106
