,fluxes,C-fluxes
EX_ac(e),1.1369490795598705,2.273898159119741
EX_ade(e),0.5631295197780388,2.815647598890194
EX_arab_L(e),0.00201572,0.0100786
EX_for(e),2.309676203338315,2.309676203338315
EX_gal(e),0.012094319999999999,0.07256591999999999
EX_ppa(e),1.1994103447249056,3.5982310341747166
EX_succ(e),0.0037571682361657475,0.01502867294466299
