,fluxes,C-fluxes
EX_ac(e),1.7768397270601946,3.553679454120389
EX_dad_2(e),0.0017061216578421238,0.01706121657842124
EX_for(e),2.2001360212006666,2.2001360212006666
EX_ppa(e),0.20191808993531263,0.6057542698059379
EX_pro_L(e),0.014258064785439782,0.0712903239271989
TS_2ommb_c,8.204119072948011e-05,0.0039379771550150456
