,fluxes,C-fluxes
EX_ac(e),2.650612829573383,5.301225659146766
EX_ade(e),0.8765630990258517,4.382815495129258
EX_for(e),1.7849283054515888,1.7849283054515888
EX_gcald(e),0.0007877758554432013,0.0015755517108864026
EX_glyc(e),0.0027089414851474915,0.008126824455442475
EX_ins(e),0.006932594927357645,0.06932594927357645
EX_succ(e),0.5617924050682187,2.247169620272875
EX_thymd(e),0.01525941769272486,0.15259417692724858
