,fluxes,C-fluxes
EX_ac(e),1.3181762319310613,2.6363524638621225
TS_lipoate_c,0.00037745485971412383,0.0030196388777129907
