,fluxes,C-fluxes
EX_ac(e),0.5049791167040445,1.009958233408089
EX_ala_L(e),0.17647891925835613,0.5294367577750684
EX_glyc(e),0.14688928058053155,0.4406678417415947
EX_lac_D(e),1.1811662607896831,3.543498782369049
EX_orn(e),0.09979293532904109,0.49896467664520544
