,fluxes,C-fluxes
EX_acald(e),0.17340688127374324,0.34681376254748647
EX_ade(e),1.173698459802767,5.868492299013836
EX_but(e),0.8656537230683564,3.4626148922734257
EX_gly(e),0.07158451138644108,0.14316902277288215
EX_indole(e),0.08143821160847367,0.6515056928677894
EX_ins(e),0.8680883721462163,8.680883721462163
EX_orn(e),0.14843306842181364,0.7421653421090681
EX_ser_L(e),0.3178541615366697,0.953562484610009
EX_succ(e),0.26562008141470683,1.0624803256588273
