,fluxes,C-fluxes
EX_ac(e),0.8677750949783295,1.735550189956659
EX_ade(e),0.5576684460538913,2.7883422302694565
EX_for(e),0.9004985815628563,0.9004985815628563
EX_glyc(e),0.0008841021408284175,0.0026523064224852526
EX_ins(e),0.003327342685345986,0.03327342685345986
EX_phe_L(e),0.40330200048992026,3.6297180044092823
EX_succ(e),0.40458885636825664,1.6183554254730266
