,fluxes,C-fluxes
EX_ac(e),6.736791081977472,13.473582163954944
EX_ade(e),1.9906635868242435,9.953317934121218
EX_cys_L(e),0.9890922179125388,2.967276653737616
EX_dcyt(e),0.9370856852689453,8.433771167420508
EX_for(e),6.892494598678767,6.892494598678767
EX_gcald(e),0.0024651118564234667,0.0049302237128469335
EX_ile_L(e),0.062145974716371975,0.37287584829823184
EX_lys_L(e),0.9004734953527761,5.402840972116657
EX_succ(e),3.19350052335544,12.77400209342176
