,fluxes,C-fluxes
EX_ac(e),0.6875751308250224,1.3751502616500448
EX_ade(e),0.6405077441331479,3.2025387206657396
EX_for(e),0.8694032838815292,0.8694032838815292
EX_fru(e),0.0141057,0.0846342
EX_glyc(e),0.001006000161112959,0.0030180004833388775
EX_phe_L(e),0.27684388296505436,2.491594946685489
EX_succ(e),0.6828866243918043,2.731546497567217
