,fluxes,C-fluxes
EX_ac(e),0.23033357275817834,0.4606671455163567
EX_ade(e),0.12852085353568896,0.6426042676784448
EX_for(e),0.5671474000226916,0.5671474000226916
EX_ppa(e),0.33215347167831366,0.996460415034941
EX_succ(e),0.22612850286339978,0.9045140114535991
