,fluxes,C-fluxes
EX_ac(e),0.568982849906445,1.13796569981289
EX_ade(e),0.5544133193494366,2.772066596747183
EX_for(e),0.5869529054472254,0.5869529054472254
EX_glyc(e),0.0007595598258703265,0.0022786794776109794
EX_ptrc(e),0.14161819423894476,0.566472776955779
EX_succ(e),0.528620113751806,2.114480455007224
