,fluxes,C-fluxes
EX_ac(e),1.4357657036180205,2.871531407236041
EX_ade(e),1.5457346891170471,7.728673445585236
EX_for(e),1.506475060573607,1.506475060573607
EX_gcald(e),0.0008714344271466419,0.0017428688542932837
EX_glyc(e),0.002996619983935877,0.008989859951807632
EX_ppa(e),0.8697062265289562,2.6091186795868686
EX_succ(e),0.44009200993764225,1.760368039750569
