,fluxes,C-fluxes
EX_ac(e),2.0479092751479215,4.095818550295843
EX_ade(e),0.01590224548157007,0.07951122740785035
EX_for(e),1.8897359309494153,1.8897359309494153
EX_gly(e),0.20262005647621287,0.40524011295242574
EX_glyc(e),0.0005455560110707948,0.0016366680332123842
EX_gsn(e),0.0022106806860993445,0.022106806860993443
EX_succ(e),0.2272118839397653,0.9088475357590612
