,fluxes,C-fluxes
EX_ac(e),0.4387253816088649,0.8774507632177297
EX_for(e),0.14980868192366872,0.14980868192366872
EX_succ(e),0.5284623487863656,2.113849395145462
