,fluxes,C-fluxes
EX_ac(e),1.3648442701914025,2.729688540382805
EX_ade(e),0.9958792635132335,4.9793963175661675
EX_for(e),1.37295261384306,1.37295261384306
EX_gcald(e),0.0006942607494573002,0.0013885214989146004
EX_gly(e),0.1575924058550257,0.3151848117100514
EX_glyc(e),0.002387369113586737,0.007162107340760211
EX_ptrc(e),0.9625322395566777,3.8501289582267106
EX_succ(e),1.4568315595574584,5.827326238229833
