,fluxes,C-fluxes
EX_ac(e),0.22085334812061871,0.44170669624123743
EX_ade(e),0.2806574135148955,1.4032870675744773
EX_cys_L(e),0.18558475041588765,0.556754251247663
EX_ser_L(e),0.4443105939747005,1.3329317819241016
EX_succ(e),0.6482777482261071,2.5931109929044283
