,fluxes,C-fluxes
EX_ac(e),1.2669789155334263,2.5339578310668527
EX_for(e),1.118060770253095,1.118060770253095
EX_gly(e),0.17467298051805152,0.34934596103610305
EX_lys_L(e),0.2617215478558472,1.5703292871350834
EX_orn(e),0.13404612628175855,0.6702306314087927
EX_phe_L(e),0.43777103868876754,3.939939348198908
EX_succ(e),0.65530594818351,2.62122379273404
