,fluxes,C-fluxes
EX_ac(e),1.421188427069022,2.842376854138044
EX_ala_L(e),1.2532014254416424,3.759604276324927
EX_for(e),1.7261418805720403,1.7261418805720403
EX_glyc(e),0.002488696351710555,0.007466089055131665
EX_hxan(e),0.02482938949363082,0.1241469474681541
EX_indole(e),0.0764745182681365,0.611796146145092
EX_orn(e),0.11927182137151592,0.5963591068575795
EX_ura(e),0.0011328626609985002,0.004531450643994001
