,fluxes,C-fluxes
EX_ac(e),0.22333757097032447,0.44667514194064895
EX_ade(e),0.0003792038487978677,0.0018960192439893386
EX_gly(e),0.19812045510937998,0.39624091021875996
EX_ser_L(e),0.711998945264449,2.135996835793347
EX_succ(e),0.4000797734436768,1.6003190937747072
