,fluxes,C-fluxes
EX_12ppd_S(e),0.14898579,0.44695737
EX_ac(e),13.883614666949603,27.767229333899206
EX_for(e),9.640849363700823,9.640849363700823
EX_gly(e),0.9113660689771702,1.8227321379543404
EX_hxan(e),0.9613223849315533,4.8066119246577665
EX_lys_L(e),0.907653106386331,5.445918638317986
EX_phe_L(e),0.9160194285393518,8.244174856854166
EX_ppa(e),11.308419150230463,33.92525745069139
