,fluxes,C-fluxes
EX_ac(e),2.2068557115932945,4.413711423186589
EX_acald(e),0.00489761577763927,0.00979523155527854
EX_ala_D(e),0.17459214504009044,0.5237764351202713
EX_for(e),1.048929982561103,1.048929982561103
EX_lac_D(e),0.008765152465662182,0.02629545739698655
EX_nac(e),0.006441331309479736,0.03864798785687842
