,fluxes,C-fluxes
EX_ac(e),3.0632084104526522,6.1264168209053045
EX_acald(e),0.0059423845723381346,0.011884769144676269
EX_ala_D(e),0.01573055904384434,0.04719167713153302
EX_for(e),2.045732822930066,2.045732822930066
EX_ins(e),0.29805156682021827,2.980515668202183
EX_nac(e),0.3209851044915399,1.9259106269492392
EX_ttdca(e),0.0031321219903049126,0.043849707864268776
