,fluxes,C-fluxes
EX_4hphac(e),0.08620061560891026,0.6896049248712821
EX_ac(e),0.48803932689723906,0.9760786537944781
EX_pyr(e),0.48284404240407486,1.4485321272122245
TS_fadh2_c,0.06809563867778264,1.8385822443001312
