,fluxes,C-fluxes
EX_ac(e),1.3016426811653832,2.6032853623307664
EX_etoh(e),0.25638228209867026,0.5127645641973405
EX_for(e),1.5490453650145812,1.5490453650145812
EX_nac(e),0.007897303337488386,0.047383820024930315
EX_phe_L(e),0.0006244629671754863,0.005620166704579377
EX_succ(e),0.006403527371158271,0.025614109484633083
