,fluxes,C-fluxes
EX_ac(e),0.89982149082823,1.79964298165646
EX_ade(e),0.0031775757961698555,0.015887878980849278
EX_dad_2(e),0.0075971328161412825,0.07597132816141283
EX_for(e),0.91365315362612,0.91365315362612
EX_mqn8(e),0.003079167243072615,0.15703752939670335
EX_succ(e),0.0031724836017410296,0.012689934406964119
