,fluxes,C-fluxes
EX_ac(e),0.7684936892367163,1.5369873784734327
EX_ala_L(e),0.22727458394929184,0.6818237518478756
EX_lac_L(e),0.4772977082140112,1.4318931246420337
EX_ncam(e),0.781716225884406,4.690297355306436
EX_orn(e),0.13357699067912004,0.6678849533956002
