,fluxes,C-fluxes
EX_ac(e),1.2817183262651113,2.5634366525302226
EX_ade(e),0.004410025354383173,0.022050126771915864
EX_for(e),1.2805003543440547,1.2805003543440547
EX_gly(e),0.0054957170807177266,0.010991434161435453
EX_orn(e),0.09352518818778882,0.4676259409389441
EX_phe_L(e),0.273488190538225,2.461393714844025
