,fluxes,C-fluxes
EX_ac(e),0.4733945026254071,0.9467890052508142
EX_gly(e),0.15182162249395384,0.3036432449879077
EX_lac_D(e),0.5047085116103026,1.514125534830908
