,fluxes,C-fluxes
EX_ac(e),3.7280103680176797,7.456020736035359
EX_gua(e),1.9452395090163612,9.726197545081806
EX_hista(e),0.10715392217156047,0.5357696108578024
EX_ppa(e),11.684790040983474,35.054370122950424
EX_trypta(e),0.03736419951571074,0.3736419951571074
EX_tym(e),1.9500252216685428,15.600201773348342
