,fluxes,C-fluxes
EX_ac(e),4.3548531845776415,8.709706369155283
EX_arab_L(e),0.0055197,0.027598499999999998
EX_fum(e),0.03441140547219407,0.13764562188877627
EX_gal(e),0.00091995,0.0055197
EX_glc_D(e),2.3197929299999998,13.918757579999998
EX_lac_L(e),2.039441930244934,6.1183257907348025
