,fluxes,C-fluxes
EX_ac(e),0.40668509197762576,0.8133701839552515
EX_glyc(e),0.0008394329624530313,0.0025182988873590937
EX_lac_L(e),0.5582772860199008,1.6748318580597024
