,fluxes,C-fluxes
EX_ac(e),0.8278730365269701,1.6557460730539402
EX_glyc(e),0.00046303269134632084,0.0013890980740389625
