,fluxes,C-fluxes
EX_ac(e),0.7027397075178771,1.4054794150357541
EX_but(e),0.1999817315359376,0.7999269261437504
EX_nac(e),0.5353874282043879,3.212324569226327
EX_orn(e),0.0036098246757514845,0.01804912337875742
EX_succ(e),0.209817328171554,0.839269312686216
