,fluxes,C-fluxes
EX_ac(e),0.9883484884253835,1.976696976850767
EX_etoh(e),0.531679693635682,1.063359387271364
EX_for(e),1.087379738606981,1.087379738606981
