,fluxes,C-fluxes
EX_ac(e),1.98773156444362,3.97546312888724
EX_for(e),1.5448450427753617,1.5448450427753617
EX_fum(e),0.015257811394575454,0.061031245578301814
