,fluxes,C-fluxes
EX_ac(e),0.3517597191472209,0.7035194382944417
EX_ade(e),0.24329737211171773,1.2164868605585886
EX_etoh(e),0.19994550837037683,0.39989101674075367
EX_for(e),0.5524012651489958,0.5524012651489958
EX_glyc(e),0.14901228760076507,0.4470368628022952
EX_succ(e),0.0003158006590551817,0.0012632026362207269
