,fluxes,C-fluxes
EX_ac(e),0.3636564624365981,0.7273129248731962
EX_etoh(e),0.14791724723298266,0.2958344944659653
EX_for(e),0.7363262251750622,0.7363262251750622
EX_glyc(e),0.14898579,0.44695737
EX_ppa(e),0.22474586451536194,0.6742375935460858
