,fluxes,C-fluxes
EX_ac(e),0.4380047315755836,0.8760094631511672
EX_etoh(e),0.2862634741964336,0.5725269483928672
EX_for(e),0.7258140137372467,0.7258140137372467
EX_glyc(e),0.1490205816447196,0.4470617449341588
EX_nac(e),0.0014053057150267628,0.008431834290160577
