,fluxes,C-fluxes
EX_ac(e),0.49514682815118866,0.9902936563023773
EX_etoh(e),0.29509038060067466,0.5901807612013493
EX_for(e),0.8252743424098931,0.8252743424098931
EX_nac(e),0.0009670300668053259,0.005802180400831956
EX_ppa(e),0.03257334671418233,0.09772004014254698
