,fluxes,C-fluxes
EX_gln_L(e),0.000652333187864933,0.003261665939324665
EX_glu_L(e),0.0002819298581724012,0.001409649290862006
EX_orn(e),0.14964762028387182,0.7482381014193591
