,fluxes,C-fluxes
EX_ac(e),0.7669763352936657,1.5339526705873314
EX_dcyt(e),0.0012880935626636697,0.011592842063973027
EX_gln_L(e),0.14738202496071626,0.7369101248035813
EX_orn(e),0.14708657009413573,0.7354328504706786
