,fluxes,C-fluxes
EX_ac(e),0.11876653924909478,0.23753307849818955
EX_orn(e),0.06043428785481336,0.3021714392740668
EX_succ(e),0.12741174921918558,0.5096469968767423
