,fluxes,C-fluxes
EX_ac(e),0.18648876379560375,0.3729775275912075
EX_for(e),0.1335903919487855,0.1335903919487855
EX_orn(e),0.06521944707235404,0.3260972353617702
