,fluxes,C-fluxes
EX_ac(e),0.36981298050459166,0.7396259610091833
EX_ala_L(e),0.24457039187871638,0.7337111756361492
EX_for(e),0.3730667388330459,0.3730667388330459
EX_orn(e),0.14945972039245123,0.7472986019622562
