,fluxes,C-fluxes
EX_ac(e),0.38024089417063756,0.7604817883412751
EX_gly(e),0.08919227812560734,0.1783845562512147
EX_orn(e),0.14937597397129923,0.7468798698564961
