,fluxes,C-fluxes
EX_ac(e),0.2782635363377586,0.5565270726755172
EX_ala_L(e),0.0554211549840446,0.16626346495213382
EX_asp_L(e),0.03158129729389231,0.12632518917556923
EX_for(e),0.28407054372141544,0.28407054372141544
EX_orn(e),0.032828212573959244,0.1641410628697962
