,fluxes,C-fluxes
EX_ac(e),0.322712646457088,0.645425292914176
EX_asp_L(e),0.14874500545706462,0.5949800218282585
EX_gly(e),0.006400815418757706,0.012801630837515413
EX_orn(e),0.1495259893108419,0.7476299465542096
