,fluxes,C-fluxes
EX_ac(e),0.22616079489975507,0.45232158979951015
EX_ala_L(e),0.1264573682551911,0.3793721047655733
EX_for(e),0.2309351123257215,0.2309351123257215
EX_orn(e),0.058086624509425415,0.29043312254712705
