,fluxes,C-fluxes
EX_ac(e),1.6242725765108585,3.248545153021717
EX_asp_L(e),0.0014574745434881029,0.0058298981739524115
EX_for(e),0.002749800396245595,0.002749800396245595
EX_gcald(e),0.0011771551198936662,0.0023543102397873324
EX_gly(e),0.19564635634382505,0.3912927126876501
EX_orn(e),0.1374124292282865,0.6870621461414326
