,fluxes,C-fluxes
EX_ac(e),0.18007634409910087,0.36015268819820173
EX_asp_L(e),0.21457778617667617,0.8583111447067047
EX_orn(e),0.1496371766036066,0.748185883018033
