,fluxes,C-fluxes
EX_ac(e),0.3989959587114899,0.7979919174229798
EX_asp_L(e),0.001136949966386991,0.004547799865547964
EX_for(e),0.06397552199806705,0.06397552199806705
EX_gly(e),0.10689885451256731,0.21379770902513462
EX_orn(e),0.14942427880904693,0.7471213940452347
