,fluxes,C-fluxes
EX_ac(e),0.22622099281095878,0.45244198562191756
EX_ala_L(e),0.1285539655668267,0.38566189670048007
EX_for(e),0.23329645704316904,0.23329645704316904
EX_orn(e),0.059079265302032925,0.2953963265101646
