,fluxes,C-fluxes
EX_ac(e),0.40305124245067553,0.8061024849013511
EX_for(e),0.06289849260025825,0.06289849260025825
EX_gly(e),0.11090976938954596,0.2218195387790919
EX_orn(e),0.1493536766524891,0.7467683832624455
