,fluxes,C-fluxes
EX_ac(e),0.32987738812168826,0.6597547762433765
EX_ala_L(e),0.638088528370185,1.914265585110555
EX_gly(e),0.22361695984845445,0.4472339196969089
EX_glyc(e),0.025897937323725383,0.07769381197117614
EX_mal_L(e),0.0012197699152214914,0.0048790796608859655
EX_orn(e),0.14957787965792543,0.7478893982896272
EX_succ(e),0.0006633124673347472,0.0026532498693389887
