,fluxes,C-fluxes
EX_ac(e),1.3452583355907162,2.6905166711814323
EX_ade(e),1.0000412120275295,5.000206060137647
EX_ala_L(e),0.9959125378675767,2.98773761360273
EX_etoh(e),1.208110743495781,2.416221486991562
EX_for(e),1.016641838205929,1.016641838205929
EX_gua(e),0.5378937332600568,2.689468666300284
EX_nac(e),0.06678068302073602,0.4006840981244161
EX_orn(e),0.1366196462955879,0.6830982314779395
EX_tym(e),0.05332043618056488,0.42656348944451905
EX_uri(e),0.05170198769113299,0.4653178892201969
