,fluxes,C-fluxes
EX_4abut(e),0.17313692706178932,0.6925477082471573
EX_ac(e),1.19779435546585,2.3955887109317
EX_ala_L(e),0.002526766065973887,0.007580298197921661
EX_etoh(e),0.0015974722229265624,0.0031949444458531247
EX_for(e),1.228555961635442,1.228555961635442
EX_ile_L(e),0.20009245798435232,1.2005547479061138
EX_nac(e),0.006077934502759359,0.03646760701655616
