,fluxes,C-fluxes
EX_ac(e),1.645332706988189,3.290665413976378
EX_ala_L(e),0.4480864537963118,1.3442593613889353
EX_etoh(e),0.005275127815953028,0.010550255631906057
EX_for(e),1.6810573287654906,1.6810573287654906
EX_glyc(e),0.0004225094909778527,0.0012675284729335582
EX_strch2(e),0.0376065739441797,0.6769183309952346
