,fluxes,C-fluxes
EX_ac(e),1.3050861200518786,2.6101722401037573
EX_ade(e),0.00890977092388886,0.0445488546194443
EX_for(e),1.9695699095736605,1.9695699095736605
EX_glyc(e),0.0007074576255934851,0.0021223728767804555
EX_ile_L(e),0.3901078242938012,2.340646945762807
EX_orn(e),0.14705019045338102,0.7352509522669051
EX_ppa(e),0.6435901786331819,1.9307705358995457
