,fluxes,C-fluxes
EX_ac(e),1.815703628523457,3.631407257046914
EX_ade(e),1.3462086321970448,6.731043160985224
EX_ala_L(e),0.8607288714402397,2.582186614320719
EX_etoh(e),0.3582325104996116,0.7164650209992232
EX_for(e),0.8271744558336355,0.8271744558336355
EX_glyc(e),0.0018519871527337597,0.005555961458201279
EX_nac(e),0.07708706433083759,0.46252238598502554
EX_orn(e),0.13751462088888253,0.6875731044444127
