,fluxes,C-fluxes
EX_ac(e),0.9134113967170406,1.8268227934340813
EX_acald(e),0.1642858844868929,0.3285717689737858
EX_ade(e),1.0086939633882963,5.0434698169414816
EX_ala_L(e),0.42098173339701356,1.2629452001910406
EX_etoh(e),0.83791144791513,1.67582289583026
EX_for(e),0.9740231526012219,0.9740231526012219
EX_glyc(e),0.0008805128237134302,0.0026415384711402905
