,fluxes,C-fluxes
EX_ac(e),0.7406656678568581,1.4813313357137161
EX_ade(e),0.006637305992850273,0.033186529964251366
EX_for(e),0.7477913960491175,0.7477913960491175
EX_orn(e),0.14881091867862561,0.7440545933931281
EX_tma(e),0.0024448139609338925,0.007334441882801678
