,fluxes,C-fluxes
EX_ac(e),1.0058293886207024,2.0116587772414047
EX_ala_L(e),0.173735255908996,0.521205767726988
EX_for(e),1.0069511048198536,1.0069511048198536
EX_nac(e),0.002494254562206571,0.014965527373239425
EX_succ(e),0.0007486983045998087,0.002994793218399235
