,fluxes,C-fluxes
EX_ac(e),0.5589950077200528,1.1179900154401057
EX_etoh(e),0.21079549494195282,0.42159098988390564
EX_for(e),0.5682623545082248,0.5682623545082248
EX_gly(e),0.20990485502678344,0.4198097100535669
EX_nac(e),0.0013032501871007105,0.007819501122604263
EX_orn(e),0.15,0.75
