,fluxes,C-fluxes
EX_ac(e),1.4109533666159861,2.8219067332319723
EX_for(e),2.055851296546484,2.055851296546484
EX_ile_L(e),0.36672539427537304,2.2003523656522384
EX_nac(e),0.030969524884188068,0.1858171493051284
EX_orn(e),0.14374371516972187,0.7187185758486093
EX_ppa(e),0.6162406410585944,1.8487219231757832
