,fluxes,C-fluxes
EX_ac(e),1.8719200832716945,3.743840166543389
EX_ade(e),0.7553911933835774,3.776955966917887
EX_ala_L(e),0.010021788682526693,0.030065366047580082
EX_for(e),0.9444178250915246,0.9444178250915246
EX_glyc(e),0.0012499552488857819,0.0037498657466573456
EX_orn(e),0.14108754044177435,0.7054377022088718
