,fluxes,C-fluxes
EX_ac(e),0.8544575094261572,1.7089150188523143
EX_ade(e),0.0030685986247881874,0.015342993123940937
EX_ala_L(e),0.4022117525053898,1.2066352575161694
EX_for(e),0.860651159094231,0.860651159094231
EX_nac(e),0.009183921743999578,0.05510353046399747
EX_orn(e),0.1468357675889394,0.734178837944697
