,fluxes,C-fluxes
EX_ac(e),1.800897976571474,3.601795953142948
EX_ade(e),0.6107560942534088,3.053780471267044
EX_etoh(e),0.721576560847864,1.443153121695728
EX_for(e),1.9635191927650064,1.9635191927650064
EX_glyc(e),0.0007817553768453364,0.002345266130536009
EX_succ(e),0.004035439254324908,0.016141757017299634
