,fluxes,C-fluxes
EX_ac(e),1.0466427538418495,2.093285507683699
EX_ala_L(e),0.04634928405348062,0.13904785216044185
EX_etoh(e),0.04747605356186225,0.0949521071237245
EX_for(e),1.099843931137642,1.099843931137642
EX_nac(e),0.00023500685021474947,0.0014100411012884968
