,fluxes,C-fluxes
EX_ac(e),1.0443233144146025,2.088646628829205
EX_acald(e),0.14806764762558294,0.2961352952511659
EX_ade(e),0.9945809362983571,4.972904681491785
EX_ala_L(e),0.1803358134999323,0.5410074404997969
EX_etoh(e),0.9350696137099656,1.870139227419931
EX_for(e),1.1239688402152053,1.1239688402152053
EX_gua(e),0.08156764990221124,0.4078382495110562
EX_nac(e),0.04691872528134598,0.28151235168807587
EX_orn(e),0.13818097855032477,0.6909048927516238
