,fluxes,C-fluxes
EX_ac(e),0.8581894366797537,1.7163788733595073
EX_ade(e),0.0002069682112351031,0.0010348410561755155
EX_for(e),0.8674093357515482,0.8674093357515482
EX_gln_L(e),0.175044177276811,0.875220886384055
EX_nac(e),0.0054050679585970415,0.03243040775158225
