,fluxes,C-fluxes
EX_ac(e),1.8239613429618613,3.6479226859237226
EX_ade(e),0.0028919904739537444,0.014459952369768722
EX_dcyt(e),0.0018911025611053525,0.017019923049948173
EX_for(e),1.8871228324007479,1.8871228324007479
EX_glyc(e),0.17269456275479012,0.5180836882643703
EX_ile_L(e),0.4250877473507979,2.5505264841047874
EX_orn(e),0.1439055677319858,0.719527838659929
