,fluxes,C-fluxes
EX_ac(e),2.278245073070029,4.556490146140058
EX_etoh(e),0.6360160930026897,1.2720321860053794
EX_for(e),1.3315666959066281,1.3315666959066281
EX_fum(e),0.011795310209897882,0.04718124083959153
