,fluxes,C-fluxes
EX_ac(e),0.0012583129239588284,0.002516625847917657
EX_nac(e),0.030269330034893224,0.18161598020935935
EX_phe_L(e),0.008057217756813494,0.07251495981132144
EX_succ(e),1.0034893558819336,4.013957423527734
EX_tyr_L(e),0.005505704315099744,0.0495513388358977
