,fluxes,C-fluxes
EX_ac(e),0.5166170795180398,1.0332341590360796
EX_acald(e),0.6967619364331167,1.3935238728662334
EX_ade(e),0.7269911723970532,3.634955861985266
EX_but(e),0.08248710260785688,0.32994841043142753
EX_for(e),0.7086883308882518,0.7086883308882518
EX_glyc(e),0.0009428070132547563,0.002828421039764269
EX_pac(e),0.25876484660109456,2.0701187728087564
