,fluxes,C-fluxes
EX_ac(e),5.6769217475667135,11.353843495133427
EX_asp_L(e),5.674434694866239,22.697738779464956
EX_glu_L(e),0.0010243769236809492,0.005121884618404746
EX_succ(e),0.0006879049159558946,0.0027516196638235784
EX_val_L(e),0.001303450736581088,0.00651725368290544
