,fluxes,C-fluxes
EX_ac(e),2.190113478637428,4.380226957274856
EX_coa(e),2.189944489028174,45.988834269591656
EX_cys_L(e),0.9999501130125846,2.9998503390377538
EX_dad_2(e),0.15259833635731412,1.5259833635731412
EX_gly(e),0.9997886414197564,1.9995772828395129
EX_ura(e),0.1524918055359689,0.6099672221438756
