,fluxes,C-fluxes
EX_ala_L(e),0.8579693094664722,2.5739079283994166
EX_dad_2(e),0.686380909818244,6.86380909818244
EX_datp(e),0.17159079211688613,1.7159079211688613
EX_ura(e),0.8579679303872854,3.4318717215491414
