,fluxes,C-fluxes
EX_ac(e),0.17372730083923654,0.3474546016784731
EX_for(e),0.17341556161403043,0.17341556161403043
EX_ser_L(e),0.17345978599746784,0.5203793579924035
