,fluxes,C-fluxes
EX_ac(e),0.27462835588580614,0.5492567117716123
EX_for(e),0.2767207567054306,0.2767207567054306
