,fluxes,C-fluxes
EX_ac(e),0.7695899214189172,1.5391798428378345
EX_for(e),0.17034786831293577,0.17034786831293577
EX_glyc(e),0.0005106317883723203,0.001531895365116961
EX_ile_L(e),0.18400609716334954,1.1040365829800973
EX_ppa(e),0.21562595066473872,0.6468778519942162
EX_succ(e),0.16832892482725836,0.6733156993090335
