,fluxes,C-fluxes
EX_ac(e),0.5721077238574392,1.1442154477148785
EX_for(e),0.7937073225603403,0.7937073225603403
EX_ppa(e),0.22090390509124308,0.6627117152737292
EX_succ(e),0.015823910544122584,0.06329564217649034
