,fluxes,C-fluxes
EX_ac(e),0.43959467681354913,0.8791893536270983
EX_acald(e),0.07218113950646632,0.14436227901293264
EX_glyc(e),0.1494861810802018,0.4484585432406054
EX_mal_L(e),0.004571815523780853,0.01828726209512341
EX_ptrc(e),0.995432957822132,3.981731831288528
EX_succ(e),0.0969623836593962,0.3878495346375848
EX_ura(e),0.07061891579862524,0.28247566319450096
