,fluxes,C-fluxes
EX_ac(e),0.6987530091653783,1.3975060183307566
EX_acald(e),0.0011571118235758624,0.002314223647151725
EX_for(e),0.9353536212694926,0.9353536212694926
EX_glyc(e),0.0005662861952998082,0.0016988585858994246
EX_ile_L(e),0.1676722092633666,1.0060332555801996
EX_ppa(e),0.21910752728296118,0.6573225818488835
EX_succ(e),0.17215079397777772,0.6886031759111109
