,fluxes,C-fluxes
EX_ac(e),0.30527388898784685,0.6105477779756937
EX_etoh(e),0.29870193880137386,0.5974038776027477
EX_for(e),0.605272131224989,0.605272131224989
EX_mal_L(e),0.004489215691994891,0.017956862767979562
EX_nac(e),0.3897140507037117,2.3382843042222703
EX_succ(e),0.02165797588358756,0.08663190353435024
