,fluxes,C-fluxes
EX_ac(e),0.41267904683494666,0.8253580936698933
EX_etoh(e),0.02030363838173525,0.0406072767634705
EX_for(e),0.33113216397448825,0.33113216397448825
EX_gly(e),0.03816664292087403,0.07633328584174806
EX_ins(e),0.01926924728034315,0.19269247280343152
EX_nac(e),0.022508299003249677,0.13504979401949807
