,fluxes,C-fluxes
EX_ac(e),0.23561538488252834,0.4712307697650567
EX_orn(e),0.11776830120199559,0.588841506009978
