,fluxes,C-fluxes
EX_ac(e),0.7059603861231764,1.4119207722463527
EX_ala_D(e),0.010179568612741446,0.030538705838224336
EX_glyc(e),0.0749517253788797,0.2248551761366391
EX_lac_D(e),1.0996692509513526,3.299007752854058
EX_orn(e),0.14526154860333731,0.7263077430166865
EX_succ(e),0.00028282852633144224,0.001131314105325769
