,fluxes,C-fluxes
EX_ac(e),10.085299759295,20.17059951859
EX_etoh(e),0.04272012728075367,0.08544025456150733
EX_for(e),9.413730803722489,9.413730803722489
EX_gly(e),0.2683997310995149,0.5367994621990299
EX_hxan(e),0.9634013398645109,4.817006699322555
EX_nac(e),0.9988998512890095,5.9933991077340565
