,fluxes,C-fluxes
EX_ac(e),0.14236058772364568,0.28472117544729136
EX_ala_L(e),0.3461310393460477,1.0383931180381432
EX_for(e),0.09736465893630299,0.09736465893630299
EX_nac(e),0.2981346930959517,1.7888081585757103
EX_orn(e),0.0002995575321334183,0.0014977876606670916
