,fluxes,reduced_costs
biomass_dilution,0.40570879572284113,-0.7366828502848717
protein_biomass_to_biomass,0.1552260919173544,-1.2194099625811219e-34
mRNA_biomass_to_biomass,0.0007995514753938932,2.421631853553278e-34
tRNA_biomass_to_biomass,0.004736578296811023,1.1809897323050301e-34
rRNA_biomass_to_biomass,0.03436705607070419,0.0
ncRNA_biomass_to_biomass,0.0,1.200536688227181e-34
tmRNA_biomass_to_biomass,0.0,1.200536688227181e-34
DNA_biomass_to_biomass,0.02091612549765422,1.200536688227181e-34
lipid_biomass_to_biomass,0.0,1.200536688227181e-34
constituent_biomass_to_biomass,0.1022411299749564,1.200536688227181e-34
prosthetic_group_biomass_to_biomass,0.00010758578645515668,0.0
peptidoglycan_biomass_to_biomass,0.0,1.200536688227181e-34
DM_2HYMEPH,0.0,0.0
DM_5MTR,0.0,0.0
DM_atp_c_,0.0,-0.019982459254727386
DM_dhptd(c),0.0,0.0
DM_hcys_L[c],0.0004060803743170428,0.0
EX_12ppd_S(e),0.14898579,0.0
EX_26dap_M(e),0.0,0.0
EX_2dmmq8(e),-0.0012562772859557776,0.0
EX_2obut(e),-0.20561830210655047,0.0
EX_4abz(e),7.606294280940847e-24,0.0
EX_4hbz(e),0.0,0.0
EX_ac(e),5.942936337395041,0.0
EX_acald(e),1.984238278447532,0.0
EX_ade(e),2.9172380462850307,0.0
EX_adn(e),-1.0,-0.08439948914237999
EX_adocbl(e),-0.0012562772859557776,0.0
EX_ala_L(e),-1.0,-0.018694862316163255
EX_amp(e),-1.0,-0.08939901334773835
EX_arab_D(e),-1.0,-0.04444018304718004
EX_arg_L(e),-0.15,-0.029961531979800553
EX_arsenb(e),0.0,0.0
EX_asn_L(e),-0.225,-0.04367415125551869
EX_asp_L(e),-0.225,-0.04367822619949214
EX_biomass(e),0.0,0.0
EX_ca2(e),0.0,0.0
EX_cbl1(e),0.0,0.0
EX_cbl2(e),0.0,0.0
EX_cd2(e),0.0,-0.07023700181684511
EX_cellb(e),-0.07449289,-0.1346430056677073
EX_cgly(e),-0.02411326438776189,0.0
EX_chor(e),-1.0,-0.0062362384163626
EX_cl(e),0.0,0.0
EX_co2(e),1.881738860977899,0.0
EX_cobalt2(e),-0.0012564020190902053,0.0
EX_cro4(e),0.0,0.0
EX_csn(e),0.0,0.0
EX_cu2(e),0.0,0.0
EX_cytd(e),0.0,-0.024986769993819748
EX_dad_2(e),-1.0,-0.05863189162660669
EX_dcyt(e),-0.0157617215524679,0.0
EX_dgsn(e),-1.0,-0.05363671026249292
EX_din(e),0.0,-0.067362816141991
EX_duri(e),2.6431879420056955e-23,0.0
EX_fe2(e),-2.61890760460201e-07,0.0
EX_fe3(e),0.0,0.0
EX_fol(e),-0.0037688318578673326,0.0
EX_for(e),6.280639472816363,0.0
EX_galt(e),0.0,0.0
EX_galur(e),0.0,0.0
EX_gcald(e),0.0,-0.021211805474977204
EX_glcur(e),0.0,-0.059881684532475936
EX_gln_L(e),-0.18,-0.04366708791085096
EX_glyb(e),0.0,0.0
EX_glyc(e),-2.69948229,-0.037391608936320465
EX_glyclt(e),0.0,0.0
EX_gsn(e),0.0,-0.07940755117479224
EX_gthrd(e),-0.0012562772859557776,0.0
EX_gua(e),0.9881757278371964,0.0
EX_h(e),15.310672950349394,0.0
EX_h2(e),0.0,0.0
EX_h2o(e),0.5343031943732858,0.0
EX_hg2(e),0.0,0.0
EX_indole(e),-0.02173359363740502,0.0
EX_ins(e),0.0,-0.09313365705429032
EX_k(e),-5.403308737623146e-06,0.0
EX_lac_D(e),0.0,-0.018702528040201897
EX_lcts(e),-0.07449289,-0.1346356640334093
EX_lys_L(e),-0.13839082330967972,0.0
EX_malt(e),-0.07449289,-0.15461948447349194
EX_man(e),-0.14898579,-0.057328844757601916
EX_met_L(e),-0.04777587223093874,0.0
EX_mg2(e),-0.004093755980691939,0.0
EX_mn2(e),-6.375335568219355e-06,0.0
EX_mnl(e),-0.14898579,-0.07105543276524233
EX_mqn8(e),-0.0012562772859557776,0.0
EX_na1(e),0.0,0.0
EX_nac(e),-0.0012565422756094249,0.0
EX_ncam(e),-2.3388348634060603e-23,0.0
EX_nh4(e),0.6203676458128402,0.0
EX_o2(e),0.0,-0.05745594545119691
EX_ocdca(e),-0.03455992801480027,0.0
EX_ocdcea(e),0.0,0.0
EX_orn(e),0.019013771548627607,0.0
EX_pb(e),0.0,0.0
EX_phe_L(e),0.7912634527943042,0.0
EX_pheme(e),-0.0012562772859557776,0.0
EX_pi(e),0.681492253543838,0.0
EX_ppa(e),6.273515081210087,0.0
EX_ppi(e),0.0,-0.019978528460828333
EX_ptrc(e),0.0,0.0
EX_pydam(e),0.0,0.0
EX_pydx(e),-0.0012572367774757003,0.0
EX_pydxn(e),0.0,0.0
EX_q8(e),0.0,0.0
EX_raffin(e),-0.00470194,-0.21195134735074234
EX_ribflv(e),-0.0025126800833009796,0.0
EX_rmn(e),-0.14898579,-0.03490172944363514
EX_salcn(e),0.0,-0.0773180365494747
EX_ser_L(e),-1.0,-0.019955517774982525
EX_sheme(e),-0.0012562772859557776,0.0
EX_so4(e),0.0,0.0
EX_spmd(e),-0.0012562772859557776,0.0
EX_succ(e),0.0,-0.024947084182248544
EX_sucr(e),-0.07449289,-0.14963327336319077
EX_thm(e),-0.0012563737765747549,0.0
EX_thr_L(e),-0.225,-0.02804871248724949
EX_thymd(e),-0.01820171808405264,0.0
EX_tre(e),-0.07449289,-0.15461948447349194
EX_ttdca(e),-0.060883430409894954,0.0
EX_ura(e),0.0,0.0
EX_uri(e),-0.06964577874221224,0.0
EX_val_L(e),-0.18,-0.0374192070898991
EX_xyl_D(e),-0.17878295,-0.064420374853967
EX_zn2(e),-7.62891761275844e-07,0.0
translation_763034.3.peg.3,0.0,2.657118482241922e-32
transcription_TU_763034.3.peg.3,0.0,-119.39088678320869
translation_763034.3.peg.9,5.095175228042761e-06,7.259445413711287e-33
transcription_TU_763034.3.peg.9,6.190362482915435e-08,1.2968420317172902e-32
translation_g.3281.peg.11,2.3887540957413694e-05,-9.33006243099499e-35
transcription_TU_g.3281.peg.11,2.902207102476488e-07,-7.337953480588568e-33
translation_g.3281.peg.13,2.0854487731738488e-05,3.312520469066066e-32
transcription_TU_g.3281.peg.13,2.533707530693991e-07,-1.0846598986714731e-32
translation_g.3281.peg.18,-1.7340812525629613e-41,-3.780949193024241e-33
transcription_TU_g.3281.peg.18,-1.5065085911698747e-43,2.9230741517886044e-32
translation_g.3281.peg.20,0.0,-6.084091526183793e-33
transcription_TU_g.3281.peg.20,0.0,-67.5601387464985
translation_g.3281.peg.21,2.3887540957413694e-05,1.8254611610494806e-33
transcription_TU_g.3281.peg.21,2.902207102476488e-07,-6.1527892496281734e-33
translation_g.3281.peg.22,0.0,-1.0996896680632972e-32
transcription_TU_g.3281.peg.22,0.0,-21.53846263908716
translation_g.3281.peg.24,0.0,1.283260671344148e-33
transcription_TU_g.3281.peg.24,0.0,-105.36868286869004
translation_763034.3.peg.25,0.0,4.476608225374442e-33
transcription_TU_763034.3.peg.25,0.0,-31.42591254228322
translation_763034.3.peg.31,0.0,-6.505912774050288e-33
transcription_TU_763034.3.peg.31,0.0,-75.48911753416171
translation_763034.3.peg.32,0.0,-1.524319840235315e-32
transcription_TU_763034.3.peg.32,0.0,-64.35440907066616
translation_g.3281.peg.37,0.0,9.827919166097154e-33
transcription_TU_g.3281.peg.37,0.0,2.1614316853988248e-33
translation_g.3281.peg.41,7.616446532435317e-07,-2.9999703108535554e-31
transcription_TU_g.3281.peg.41,9.253570830699457e-09,-2.0321621575379937e-31
translation_g.3281.peg.45,3.3884361047334974e-08,-3.9619245309979674e-33
transcription_TU_g.3281.peg.45,4.116766705696961e-10,6.259753918046306e-32
translation_g.3281.peg.61,1.5211138347510634e-06,2.4541813545505095e-32
transcription_TU_g.3281.peg.61,1.8480710855755456e-08,-2.5181437975807014e-32
translation_g.3281.peg.74,2.3888001072648398e-05,5.256629264913422e-33
transcription_TU_g.3281.peg.74,2.902263003990357e-07,-1.424818926828273e-32
translation_g.3281.peg.77,0.0,-4.2385646417308147e-32
transcription_TU_g.3281.peg.77,0.0,-87.78677080148357
translation_g.3281.peg.80,-1.9674245008326006e-28,4.1389411556187926e-32
transcription_TU_g.3281.peg.80,-2.390314419588936e-30,3.4623333789490124e-32
translation_g.3281.peg.85,1.1125358738197376e-07,3.441433857507076e-32
transcription_TU_g.3281.peg.85,1.351670948682326e-09,-5.459465718116989e-33
translation_763034.3.peg.86,2.3718246724212774e-07,1.997906786247381e-32
transcription_TU_763034.3.peg.86,2.881638768260758e-09,1.3523910464051156e-32
translation_763034.3.peg.87,0.0,1.4490157165251904e-32
transcription_TU_763034.3.peg.87,0.0,2.4799386106942266e-32
translation_763034.3.peg.88,4.5574910588253646e-07,1.6376180758052328e-32
transcription_TU_763034.3.peg.88,5.537105281777036e-09,-1.7010646188964604e-32
translation_763034.3.peg.89,0.0,5.0835926045796453e-33
transcription_TU_763034.3.peg.89,0.0,-130.93272308910366
translation_g.3281.peg.90,0.0,-1.6861998786839464e-32
transcription_TU_g.3281.peg.90,0.0,4.195656613904118e-32
translation_763034.3.peg.91,3.0480103589029804e-07,-1.0186842341656906e-32
transcription_TU_763034.3.peg.91,3.7031678261904662e-09,-2.1521404598921284e-32
translation_g.3281.peg.92,1.6300005414557434e-07,-5.209174058658381e-33
transcription_TU_g.3281.peg.92,1.9803625483623503e-09,-5.2025709163473924e-33
translation_763034.3.peg.92,0.0,-1.6321736928565664e-32
transcription_TU_763034.3.peg.92,0.0,-2.1447464897862047e-32
translation_763034.3.peg.99,0.0,-3.2223075587384936e-33
transcription_TU_763034.3.peg.99,0.0,-8.444292288612225e-33
translation_g.3281.peg.103,2.3887540957413694e-05,-3.462616585622429e-33
transcription_TU_g.3281.peg.103,2.902207102476488e-07,-1.995589675109582e-33
translation_g.3281.peg.107,-6.659972604882283e-43,-3.966191419144319e-32
transcription_TU_g.3281.peg.107,-1.5869488758185697e-44,-5.693687735281884e-32
translation_763034.3.peg.109,0.0,1.9792455355034175e-32
transcription_TU_763034.3.peg.109,0.0,2.0290075478155687e-32
translation_g.3281.peg.123,2.3948463415188884e-07,1.5049882830522242e-32
transcription_TU_g.3281.peg.123,2.9096088517804743e-09,7.716228609872978e-32
translation_g.3281.peg.124,2.3887540957413694e-05,1.766894324831998e-33
transcription_TU_g.3281.peg.124,2.902207102476488e-07,9.51875810592318e-33
translation_763034.3.peg.142,0.0,-6.638945005919504e-32
transcription_TU_763034.3.peg.142,0.0,9.166488870062675e-34
translation_g.3281.peg.147,0.0,3.301862181222749e-32
transcription_TU_g.3281.peg.147,0.0,1.1840582202003752e-31
translation_g.3281.peg.149,4.1415379494934096e-11,-3.357732513558698e-32
transcription_TU_g.3281.peg.149,5.031744738239916e-13,-7.292802032943987e-33
translation_g.3281.peg.150,8.164153006309785e-07,2.874963937667763e-32
transcription_TU_g.3281.peg.150,9.919004590241586e-09,-3.324592002067666e-32
translation_g.3281.peg.153,0.0,-5.55867101356755e-32
transcription_TU_g.3281.peg.153,0.0,-8.339638183256113e-33
translation_g.3281.peg.160,0.0,1.6051820386659916e-33
transcription_TU_g.3281.peg.160,0.0,2.821452909348013e-32
translation_g.3281.peg.161,0.0,1.3610267174943027e-32
transcription_TU_g.3281.peg.161,0.0,5.1769355218989925e-34
translation_g.3281.peg.171,0.0,4.398681794054971e-33
transcription_TU_g.3281.peg.171,0.0,-1.3001587305916577e-32
translation_763034.3.peg.178,2.8078535586925177e-08,1.2358008034911005e-32
transcription_TU_763034.3.peg.178,3.411390295585116e-10,-6.72906535030076e-32
translation_g.3281.peg.179,0.0,-1.315165650937764e-32
transcription_TU_g.3281.peg.179,0.0,4.8714179127465454e-32
translation_g.3281.peg.181,2.3887540957413694e-05,2.226294051486386e-33
transcription_TU_g.3281.peg.181,2.902207102476488e-07,-2.231026100751191e-32
translation_g.3281.peg.191,0.0,2.570333224580489e-34
transcription_TU_g.3281.peg.191,0.0,1.7244172125641264e-32
translation_g.3281.peg.193,2.3887540957413694e-05,2.6546033814439234e-33
transcription_TU_g.3281.peg.193,2.902207102476488e-07,-3.669881592851091e-33
translation_g.3281.peg.195,2.4946626885580925e-07,-2.6203582879913974e-35
transcription_TU_g.3281.peg.195,3.030880317871055e-09,-2.9014676704611865e-32
translation_g.3281.peg.196,0.0,-3.473321704070312e-33
transcription_TU_g.3281.peg.196,0.0,-31.286801759104723
translation_g.3281.peg.199,0.0,7.032941037726339e-33
transcription_TU_g.3281.peg.199,0.0,5.639139430208168e-32
translation_g.3281.peg.201,4.933795177230543e-07,-2.1269697485061734e-32
transcription_TU_g.3281.peg.201,5.9942944445601205e-09,-9.260761486681325e-34
translation_g.3281.peg.214,0.0,-1.4673877181744188e-31
transcription_TU_g.3281.peg.214,0.0,-156.5696255780198
translation_g.3281.peg.222,0.0,5.483335252165033e-33
transcription_TU_g.3281.peg.222,0.0,5.262422322265219e-32
translation_g.3281.peg.223,0.0,1.6466846489720173e-32
transcription_TU_g.3281.peg.223,0.0,2.2013075428803317e-32
translation_g.3281.peg.224,3.547284511762694e-08,2.1339913517501063e-32
transcription_TU_g.3281.peg.224,4.309758933703642e-10,-1.1423689407723455e-32
translation_g.3281.peg.229,0.0,2.3930924709471e-32
transcription_TU_g.3281.peg.229,0.0,-92.80254981551556
translation_g.3281.peg.231,1.633843178759645e-07,-2.812977476333204e-32
transcription_TU_g.3281.peg.231,1.985031144973239e-09,-4.62378635245219e-32
translation_763034.3.peg.232,0.0,5.795849112946728e-35
transcription_TU_763034.3.peg.232,0.0,-31.0308387096389
translation_g.3281.peg.235,0.0,5.542680612946228e-33
transcription_TU_g.3281.peg.235,0.0,-67.4145164879724
translation_g.3281.peg.237,0.0,9.220538548712585e-34
transcription_TU_g.3281.peg.237,0.0,-95.4754669497762
translation_g.3281.peg.243,0.0,2.996806268127146e-32
transcription_TU_g.3281.peg.243,0.0,4.7123616343900266e-32
translation_g.3281.peg.246,2.2275243034903975e-08,-4.0389176150475515e-33
transcription_TU_g.3281.peg.246,2.706321620150876e-10,4.6723229436009366e-32
translation_g.3281.peg.260,0.0,1.4604663825750083e-33
transcription_TU_g.3281.peg.260,0.0,3.3135747966835787e-32
translation_g.3281.peg.265,2.3887540957413694e-05,-3.740846036841072e-33
transcription_TU_g.3281.peg.265,2.902207102476488e-07,-7.35923492696814e-33
translation_g.3281.peg.274,0.0,1.0241258344607463e-31
transcription_TU_g.3281.peg.274,0.0,9.455545375683494e-32
translation_g.3281.peg.278,1.6655785735697356e-08,-8.348292508194525e-32
transcription_TU_g.3281.peg.278,2.0235879342140983e-10,-1.0427708186484455e-31
translation_g.3281.peg.285,2.907206900605771e-06,3.051026749902875e-32
transcription_TU_g.3281.peg.285,3.5320992354753604e-08,8.49876317278381e-33
translation_g.3281.peg.286,0.0,8.03104618772536e-33
transcription_TU_g.3281.peg.286,0.0,-1.2373424409689267e-32
translation_g.3281.peg.288,3.5801787700979366e-31,-1.0155428820999748e-33
transcription_TU_g.3281.peg.288,4.3497236719222414e-33,1.1040032823882363e-32
translation_g.3281.peg.301,0.0,4.7472538140572024e-33
transcription_TU_g.3281.peg.301,0.0,-98.18082302407325
translation_g.3281.peg.302,0.0,-1.4351441068253458e-32
transcription_TU_g.3281.peg.302,0.0,-108.65097795895943
translation_g.3281.peg.303,7.594691815075317e-07,1.677580166005336e-32
transcription_TU_g.3281.peg.303,9.227140025055998e-09,5.0349819617842915e-34
translation_g.3281.peg.307,0.0,2.4753739189464897e-33
transcription_TU_g.3281.peg.307,0.0,-6.36817780006738e-33
translation_763034.3.peg.309,4.568016109625802e-09,-1.7003613011977822e-32
transcription_TU_763034.3.peg.309,5.5498926495690615e-11,4.0550052575382834e-32
translation_g.3281.peg.310,6.31161600182145e-08,1.4123570478933285e-32
transcription_TU_g.3281.peg.310,7.668272268479541e-10,-1.4327619202271476e-33
translation_g.3281.peg.311,2.3887540957413694e-05,9.33242928297548e-33
transcription_TU_g.3281.peg.311,2.902207102476488e-07,-1.503701543161299e-32
translation_g.3281.peg.320,6.867126838217301e-10,4.5528609345346816e-33
transcription_TU_g.3281.peg.320,8.343187906621161e-12,1.5665014791300245e-33
translation_g.3281.peg.321,2.119665183733952e-05,1.1895977646957874e-32
transcription_TU_g.3281.peg.321,2.5752786199600733e-07,-3.78682588599081e-33
translation_g.3281.peg.325,0.0,6.788204841106723e-33
transcription_TU_g.3281.peg.325,0.0,7.702564680939336e-33
translation_g.3281.peg.327,0.0,2.219656218251365e-32
transcription_TU_g.3281.peg.327,0.0,-99.78069040417755
translation_g.3281.peg.331,2.3887540957413694e-05,-8.60362508122399e-33
transcription_TU_g.3281.peg.331,2.902207102476488e-07,-1.6604859071184167e-32
translation_g.3281.peg.340,0.0,2.6895882026684496e-33
transcription_TU_g.3281.peg.340,0.0,4.85046244432063e-32
translation_g.3281.peg.348,2.3888001072648398e-05,-4.663955708822953e-33
transcription_TU_g.3281.peg.348,2.902263003990357e-07,9.939264450345965e-33
translation_g.3281.peg.358,0.0,-4.2198213827847124e-33
transcription_TU_g.3281.peg.358,0.0,1.395597220849241e-32
translation_g.3281.peg.364,3.923491065306238e-07,-8.828162935231804e-33
transcription_TU_g.3281.peg.364,4.766829560453699e-09,-2.824548910858354e-32
translation_g.3281.peg.368,0.0,-2.953719211548122e-33
transcription_TU_g.3281.peg.368,0.0,-33.905173001008926
translation_g.3281.peg.372,2.3887540957413694e-05,4.600736051148647e-33
transcription_TU_g.3281.peg.372,2.902207102476488e-07,-1.7156333810057817e-32
translation_g.3281.peg.375,4.818401985402548e-42,-2.6704470995239073e-34
transcription_TU_g.3281.peg.375,-4.576359951291475e-43,2.361915300052476e-32
translation_g.3281.peg.387,0.0,3.6557754716957436e-32
transcription_TU_g.3281.peg.387,0.0,-128.42530689360174
translation_g.3281.peg.392,0.0,-1.3550966076737934e-32
transcription_TU_g.3281.peg.392,0.0,5.195131695631914e-32
translation_g.3281.peg.402,2.3887540957413694e-05,1.9447547717451928e-32
transcription_TU_g.3281.peg.402,2.902207102476488e-07,-1.308166306583998e-32
translation_g.3281.peg.405,3.1180249361369433e-09,-5.813773646460332e-33
transcription_TU_g.3281.peg.405,3.7882317528991846e-11,-1.684346022064735e-32
translation_g.3281.peg.408,0.0,-1.1805910061113801e-32
transcription_TU_g.3281.peg.408,0.0,2.515414943170152e-31
translation_g.3281.peg.413,6.342366009213653e-07,7.609521223678338e-32
transcription_TU_g.3281.peg.413,7.70563186527268e-09,-7.312298484234763e-33
translation_g.3281.peg.417,0.0,-7.232382344357082e-33
transcription_TU_g.3281.peg.417,0.0,-64.28292237238898
translation_g.3281.peg.419,0.0,-2.7421584561430847e-32
transcription_TU_g.3281.peg.419,0.0,-9.230121143909656e-32
translation_g.3281.peg.423,2.7586927178959725e-09,-1.2194982413028154e-32
transcription_TU_g.3281.peg.423,3.351662531401349e-11,-7.919112586084272e-34
translation_g.3281.peg.425,0.0,-9.017126776749722e-32
transcription_TU_g.3281.peg.425,0.0,-190.81204193705935
translation_g.3281.peg.431,9.649061897747665e-08,-4.924383556255921e-32
transcription_TU_g.3281.peg.431,1.1723088626745983e-09,-1.2900780965582048e-31
translation_g.3281.peg.434,0.0,-4.6543964563534935e-32
transcription_TU_g.3281.peg.434,0.0,-137.37480023662124
translation_g.3281.peg.437,4.1415379494934096e-11,-7.023723544598168e-32
transcription_TU_g.3281.peg.437,5.031744738239916e-13,-3.8482130336315406e-32
translation_g.3281.peg.443,1.587170993799709e-08,-1.2142550537797208e-31
transcription_TU_g.3281.peg.443,1.928326963106924e-10,-3.626694200844321e-32
translation_763034.3.peg.446,6.269297160709254e-63,-2.671318238268619e-32
transcription_TU_763034.3.peg.446,0.0,-99.76461471066304
translation_g.3281.peg.454,3.6018056598516864e-06,1.212282750994635e-31
transcription_TU_g.3281.peg.454,4.375999181496891e-08,3.8383074129424166e-32
translation_763034.3.peg.455,2.5658417421469822e-09,1.3746842341658398e-32
transcription_TU_763034.3.peg.455,3.117359020405364e-11,-2.770467191689431e-32
translation_g.3281.peg.457,1.8535549781166774e-07,1.4254122946646033e-32
transcription_TU_g.3281.peg.457,2.251969104694023e-09,4.913261414765849e-33
translation_g.3281.peg.458,0.0,3.0650687855698054e-32
transcription_TU_g.3281.peg.458,0.0,-8.875788664231778e-32
translation_g.3281.peg.459,9.075779857490604e-13,-7.501199863491666e-32
transcription_TU_g.3281.peg.459,1.1026581936533534e-14,-4.750612022391044e-33
translation_g.3281.peg.464,0.0,-2.841833062308024e-32
transcription_TU_g.3281.peg.464,0.0,-118.46271420051528
translation_g.3281.peg.467,2.3887540957413694e-05,-8.636936021841984e-33
transcription_TU_g.3281.peg.467,2.902207102476488e-07,-2.836898026343569e-32
translation_g.3281.peg.477,1.3734253676434602e-09,1.6878659836533182e-32
transcription_TU_g.3281.peg.477,1.6686375813242323e-11,6.369892623670565e-32
translation_763034.3.peg.477,2.3025977901180843e-09,-1.948432026689694e-32
transcription_TU_763034.3.peg.477,2.7975318483141586e-11,3.054533610433133e-32
translation_g.3281.peg.483,0.0,1.737190435302312e-32
transcription_TU_g.3281.peg.483,0.0,-77.34869023702613
translation_g.3281.peg.493,5.899936200238133e-29,3.232615531279461e-33
transcription_TU_g.3281.peg.493,0.0,-51.791063048684876
translation_g.3281.peg.509,0.0,5.1077857726342675e-33
transcription_TU_g.3281.peg.509,0.0,-127.7567375326268
translation_g.3281.peg.511,0.0,1.0042403670468522e-32
transcription_TU_g.3281.peg.511,0.0,-1.3098686469035875e-33
translation_g.3281.peg.517,2.3887540957413694e-05,-2.173374062296911e-33
transcription_TU_g.3281.peg.517,2.902207102476488e-07,5.5368669381309263e-33
translation_g.3281.peg.519,2.1815127800198862e-08,-8.062045828695218e-32
transcription_TU_g.3281.peg.519,2.6504201062822254e-10,4.113674373273896e-32
translation_g.3281.peg.535,8.283075898986819e-11,-3.754928508444172e-33
transcription_TU_g.3281.peg.535,1.0063489476479833e-12,1.2291370422789175e-32
translation_g.3281.peg.540,2.9378920119832274e-08,1.1429294587559176e-32
transcription_TU_g.3281.peg.540,3.5693799871185287e-10,2.986610781800973e-33
translation_763034.3.peg.543,0.0,1.598097391388056e-32
transcription_TU_763034.3.peg.543,0.0,-76.81141705431577
translation_g.3281.peg.544,1.3491855415226147e-07,-1.3208492894011322e-32
transcription_TU_g.3281.peg.544,1.6391875028686349e-09,-5.685245903382299e-33
translation_g.3281.peg.545,2.3887540957413694e-05,-4.910717443836421e-33
transcription_TU_g.3281.peg.545,2.902207102476488e-07,1.3625742718757947e-32
translation_g.3281.peg.550,0.0,-2.6856693782564286e-32
transcription_TU_g.3281.peg.550,0.0,-106.45065878296126
translation_g.3281.peg.552,4.1415379494934096e-11,3.413683382178084e-32
transcription_TU_g.3281.peg.552,5.031744738239916e-13,-2.9483677594987855e-32
translation_g.3281.peg.554,5.3949557287350876e-08,-2.9638068015786586e-32
transcription_TU_g.3281.peg.554,6.554579586653444e-10,-1.1308234161727658e-32
translation_763034.3.peg.557,0.0,8.901278908530063e-33
transcription_TU_763034.3.peg.557,0.0,3.2370479065915163e-32
translation_g.3281.peg.558,0.0,1.7885231928207815e-32
transcription_TU_g.3281.peg.558,0.0,-171.64089780772548
translation_g.3281.peg.560,0.0,1.985176412284504e-32
transcription_TU_g.3281.peg.560,0.0,-56.71255982586001
translation_g.3281.peg.572,0.0,1.732463229476901e-34
transcription_TU_g.3281.peg.572,0.0,-4.987388090799277e-32
translation_g.3281.peg.573,0.0,1.7392947785044854e-32
transcription_TU_g.3281.peg.573,0.0,7.006566188230195e-33
translation_g.3281.peg.578,4.58822407756423e-08,-1.0221353641084368e-32
transcription_TU_g.3281.peg.578,5.57444423827469e-10,5.886424075752849e-32
translation_763034.3.peg.578,1.701195955715117e-05,1.5122111494875533e-32
transcription_TU_763034.3.peg.578,2.066861128226923e-07,-2.315384824582839e-32
translation_g.3281.peg.580,0.0,4.760592084985485e-33
transcription_TU_g.3281.peg.580,0.0,-92.48978420502687
translation_g.3281.peg.588,0.0,-1.704966498004174e-33
transcription_TU_g.3281.peg.588,0.0,-46.91236834746518
translation_g.3281.peg.590,5.708215353971716e-09,1.355292276729578e-32
transcription_TU_g.3281.peg.590,6.935173098100132e-11,-3.0826271253925604e-32
translation_g.3281.peg.593,0.0,6.463781882388491e-33
transcription_TU_g.3281.peg.593,0.0,-109.52678930525201
translation_g.3281.peg.595,1.0620148518015806e-07,-8.614482793503177e-33
transcription_TU_g.3281.peg.595,1.2902906378387517e-09,2.0220858680890637e-32
translation_g.3281.peg.617,7.865525022045841e-08,2.2730145880625927e-33
transcription_TU_g.3281.peg.617,9.556187731664908e-10,-7.021908228109351e-32
translation_g.3281.peg.618,1.905469079794458e-08,1.1735608439442692e-33
transcription_TU_g.3281.peg.618,2.3150419320212669e-10,1.9323390114876086e-32
translation_763034.3.peg.620,0.0,1.8066524599292476e-32
transcription_TU_763034.3.peg.620,0.0,-76.62430507870899
translation_g.3281.peg.627,2.1754717360000123e-09,3.620300697292599e-32
transcription_TU_g.3281.peg.627,2.6430805643460725e-11,-1.3634789040405934e-31
translation_g.3281.peg.630,-7.009234694776924e-29,8.502184353301367e-33
transcription_TU_g.3281.peg.630,-8.515841270717035e-31,-2.3643597497719727e-32
translation_g.3281.peg.633,2.3887540957413694e-05,8.695443384779198e-33
transcription_TU_g.3281.peg.633,2.902207102476488e-07,-2.729051235738664e-33
translation_g.3281.peg.636,-1.5983828167819038e-28,-3.868027262084472e-33
transcription_TU_g.3281.peg.636,-1.9419487219764067e-30,6.41615538142652e-33
translation_g.3281.peg.645,2.1815127800198862e-08,-9.096167659941069e-33
transcription_TU_g.3281.peg.645,2.6504201062822254e-10,4.446455192381194e-33
translation_g.3281.peg.648,0.0,6.646793057526352e-33
transcription_TU_g.3281.peg.648,0.0,-50.69606269264158
translation_g.3281.peg.649,0.0,4.1515009843724803e-32
transcription_TU_g.3281.peg.649,0.0,-4.7128155978188784e-32
translation_g.3281.peg.651,3.217755377508067e-28,-1.3449742351293955e-32
transcription_TU_g.3281.peg.651,3.90939884824667e-30,-1.7375459894273882e-32
translation_763034.3.peg.659,2.126057391426112e-06,5.537475668637543e-32
transcription_TU_763034.3.peg.659,2.5830448067759387e-08,-3.4693230840033116e-32
translation_g.3281.peg.663,4.1415379494934096e-11,-1.7533584333066524e-32
transcription_TU_g.3281.peg.663,5.031744738239916e-13,-3.810577297719883e-32
translation_g.3281.peg.664,-3.4358456419704033e-29,2.542654914813111e-32
transcription_TU_g.3281.peg.664,-4.174366730722266e-31,2.374791018080126e-32
translation_g.3281.peg.668,0.0,1.219878879194501e-32
transcription_TU_g.3281.peg.668,0.0,2.947491633739626e-32
translation_763034.3.peg.670,0.0,3.348613417598919e-33
transcription_TU_763034.3.peg.670,0.0,2.2175445816364504e-32
translation_g.3281.peg.679,0.0,9.351031970467669e-33
transcription_TU_g.3281.peg.679,0.0,1.881793148669784e-32
translation_763034.3.peg.681,3.5028495007173862e-06,1.283631021466001e-32
transcription_TU_763034.3.peg.681,4.255772797213402e-08,6.576293439612991e-32
translation_g.3281.peg.683,0.0,2.356024751239453e-32
transcription_TU_g.3281.peg.683,0.0,-2.727064615041174e-33
translation_g.3281.peg.685,1.0550900613303225e-09,7.558560380439766e-33
transcription_TU_g.3281.peg.685,1.2818773917349875e-11,1.0971889967848991e-32
translation_g.3281.peg.686,2.9116751464791124e-08,4.5720687354659146e-33
transcription_TU_g.3281.peg.686,3.537527912680913e-10,-3.351546344010902e-32
translation_g.3281.peg.687,0.0,-2.7552736275309276e-33
transcription_TU_g.3281.peg.687,0.0,6.05542023736433e-32
translation_g.3281.peg.688,1.0664968425817879e-07,-2.2857110307532985e-32
transcription_TU_g.3281.peg.688,1.2957360143631673e-09,6.66741806318298e-33
translation_g.3281.peg.690,2.3887540957413694e-05,-1.3491907371647486e-32
transcription_TU_g.3281.peg.690,2.902207102476488e-07,-3.435197735524576e-32
translation_g.3281.peg.698,4.7774621799592684e-05,-7.723905824100961e-33
transcription_TU_g.3281.peg.698,5.804358303439108e-07,3.2598296623428646e-33
translation_g.3281.peg.701,2.3887540957413694e-05,9.682506067300767e-33
transcription_TU_g.3281.peg.701,2.902207102476488e-07,-4.7413801067047625e-32
translation_g.3281.peg.702,0.0,-9.7334148630177e-33
transcription_TU_g.3281.peg.702,0.0,-59.28245360281152
translation_763034.3.peg.704,0.0,-4.72657430598509e-33
transcription_TU_763034.3.peg.704,0.0,-115.74687217678196
translation_763034.3.peg.705,0.0,3.3416700382043035e-32
transcription_TU_763034.3.peg.705,0.0,3.9207604942341057e-32
translation_g.3281.peg.718,2.03176699866413e-07,-2.4486144738831249e-32
transcription_TU_g.3281.peg.718,2.46848707642731e-09,5.106209774321763e-32
translation_g.3281.peg.719,0.0,1.1684161471872823e-32
transcription_TU_g.3281.peg.719,0.0,-134.5955073160857
translation_763034.3.peg.719,6.029100772374614e-08,4.195094067429849e-32
transcription_TU_763034.3.peg.719,7.325031536032399e-10,-1.9879455259543846e-32
translation_g.3281.peg.720,0.0,3.3666581469661107e-32
transcription_TU_g.3281.peg.720,0.0,5.008500753234393e-32
translation_g.3281.peg.722,2.1815127800198862e-08,-3.809704432948099e-33
transcription_TU_g.3281.peg.722,2.6504201062822254e-10,2.3806479399025187e-32
translation_g.3281.peg.725,2.388708084217899e-05,-5.320256578200901e-32
transcription_TU_g.3281.peg.725,2.9021512009626195e-07,1.0798316442494946e-32
translation_g.3281.peg.729,2.3887540957413694e-05,-7.516905323949316e-33
transcription_TU_g.3281.peg.729,2.902207102476488e-07,1.1631768917533086e-32
translation_g.3281.peg.732,2.3887540957413694e-05,1.7889394992851878e-32
transcription_TU_g.3281.peg.732,2.902207102476488e-07,-2.447520538787506e-32
translation_g.3281.peg.733,3.113019987492211e-09,-1.1165100438621609e-32
transcription_TU_g.3281.peg.733,3.782151010837803e-11,-1.5969222345874968e-32
translation_g.3281.peg.743,0.0,3.1538832062473156e-32
transcription_TU_g.3281.peg.743,0.0,-93.23567375654632
translation_g.3281.peg.744,0.0,2.3722773953011903e-32
transcription_TU_g.3281.peg.744,0.0,9.862244552502257e-32
translation_763034.3.peg.747,4.916513011886107e-08,5.6534122468104156e-33
transcription_TU_763034.3.peg.747,5.973297547852245e-10,-4.3407650397234336e-33
translation_763034.3.peg.748,1.706438421038239e-06,3.230661521497027e-32
transcription_TU_763034.3.peg.748,2.073230440213609e-08,1.7562567989634937e-32
translation_g.3281.peg.749,2.3887540957413694e-05,-1.2239780126305418e-32
transcription_TU_g.3281.peg.749,2.902207102476488e-07,-1.2718477345535833e-32
translation_763034.3.peg.749,0.0,-3.6697043074467405e-32
transcription_TU_763034.3.peg.749,0.0,-4.564636550017496e-33
translation_763034.3.peg.750,0.0,1.64668464160595e-32
transcription_TU_763034.3.peg.750,0.0,-1.3294800407962972e-32
translation_g.3281.peg.755,0.0,7.295322375390388e-32
transcription_TU_g.3281.peg.755,0.0,3.76821934636504e-32
translation_g.3281.peg.758,0.0,-2.1270778981206367e-33
transcription_TU_g.3281.peg.758,0.0,-136.45176493846662
translation_g.3281.peg.759,4.49937084805732e-09,-4.811103798433086e-32
transcription_TU_g.3281.peg.759,5.4664923673756904e-11,5.902810061971185e-33
translation_g.3281.peg.763,2.3887540957413694e-05,4.501817939623078e-33
transcription_TU_g.3281.peg.763,2.902207102476488e-07,-1.6440384753210385e-33
translation_763034.3.peg.765,0.0,2.1391575453812532e-32
transcription_TU_763034.3.peg.765,0.0,4.658744689378072e-32
translation_g.3281.peg.768,0.0,-3.0275077159144087e-32
transcription_TU_g.3281.peg.768,0.0,3.72814219359396e-32
translation_g.3281.peg.769,0.0,4.668342470655046e-34
transcription_TU_g.3281.peg.769,0.0,2.820007103966071e-32
translation_g.3281.peg.779,-9.544331712242268e-42,6.031946347012221e-32
transcription_TU_g.3281.peg.779,-1.0803477491094035e-43,-5.855515940882538e-33
translation_g.3281.peg.780,-1.6074940525757702e-28,7.237682448269858e-33
transcription_TU_g.3281.peg.780,-1.9530183809590518e-30,3.334590797582516e-33
translation_g.3281.peg.781,-3.443376052267024e-42,2.988452925367382e-32
transcription_TU_g.3281.peg.781,1.7167520504018732e-44,1.5044421574468702e-32
translation_g.3281.peg.784,2.3887540957413694e-05,5.0608491230452274e-33
transcription_TU_g.3281.peg.784,2.902207102476488e-07,1.5577973409398612e-32
translation_g.3281.peg.788,2.388708084217899e-05,-1.2345906231289128e-31
transcription_TU_g.3281.peg.788,2.9021512009626195e-07,3.809160205372238e-33
translation_g.3281.peg.798,2.3887540957413694e-05,-5.367419327287365e-33
transcription_TU_g.3281.peg.798,2.902207102476488e-07,2.160676558349007e-33
translation_g.3281.peg.799,0.0,-1.7833917530864128e-32
transcription_TU_g.3281.peg.799,0.0,-1.7398094861114809e-31
translation_g.3281.peg.800,2.9309525978960787e-08,2.8709281581745397e-32
transcription_TU_g.3281.peg.800,3.5609489741119354e-10,1.593699821002061e-32
translation_g.3281.peg.802,0.0,-1.5720044838055444e-32
transcription_TU_g.3281.peg.802,0.0,-85.88817201116491
translation_763034.3.peg.804,0.0,2.888257780671283e-32
transcription_TU_763034.3.peg.804,0.0,5.445012016023401e-32
translation_g.3281.peg.808,0.0,1.4435245103638639e-33
transcription_TU_g.3281.peg.808,0.0,-1.4316405175252926e-32
translation_g.3281.peg.810,2.388708084217899e-05,9.679165336265804e-33
transcription_TU_g.3281.peg.810,2.9021512009626195e-07,5.688471673433874e-33
translation_g.3281.peg.819,0.0,2.1249860689187426e-32
transcription_TU_g.3281.peg.819,0.0,-117.15498961022242
translation_g.3281.peg.823,0.0,7.899931051601173e-33
transcription_TU_g.3281.peg.823,0.0,-5.9481065681287924e-33
translation_763034.3.peg.823,2.237616726189283e-06,-2.3101502461806942e-33
transcription_TU_763034.3.peg.823,2.718583368185183e-08,5.147561287275098e-32
translation_g.3281.peg.825,2.3887540957413694e-05,-1.947127704754021e-33
transcription_TU_g.3281.peg.825,2.902207102476488e-07,2.7545603472206805e-33
translation_g.3281.peg.827,7.616446532435317e-07,1.9291064152269423e-32
transcription_TU_g.3281.peg.827,9.253570830699457e-09,-4.138062495534884e-32
translation_g.3281.peg.833,0.0,7.561171676408788e-32
transcription_TU_g.3281.peg.833,0.0,5.140930332894973e-32
translation_g.3281.peg.836,0.0,2.9012721377127907e-33
transcription_TU_g.3281.peg.836,0.0,-2.2136670047495466e-32
translation_g.3281.peg.837,0.0,1.6003413567646821e-32
transcription_TU_g.3281.peg.837,0.0,-120.79744105865893
translation_763034.3.peg.841,1.7412477343405084e-05,2.7994057169865066e-32
transcription_TU_763034.3.peg.841,2.115521874262128e-07,-2.3372293275064865e-32
translation_g.3281.peg.842,2.3887540957413694e-05,-1.5647478271340432e-32
transcription_TU_g.3281.peg.842,2.902207102476488e-07,-8.741596271447473e-33
translation_g.3281.peg.851,0.0,-1.2567926720645424e-32
transcription_TU_g.3281.peg.851,0.0,-2.848926067165713e-32
translation_g.3281.peg.854,0.0,-1.5087769199395392e-32
transcription_TU_g.3281.peg.854,0.0,-111.54777313019504
translation_g.3281.peg.866,4.601152347051148e-10,3.4878725913246024e-32
transcription_TU_g.3281.peg.866,5.590151386865058e-12,-3.682437505647954e-32
translation_g.3281.peg.869,8.283075898986819e-11,-2.6414481094856014e-33
transcription_TU_g.3281.peg.869,1.0063489476479833e-12,-1.0649527762900918e-33
translation_g.3281.peg.872,1.2196443578768885e-06,2.0257483527834023e-32
transcription_TU_g.3281.peg.872,1.4818019670740194e-08,1.636385115415318e-32
translation_g.3281.peg.874,2.3887540957413694e-05,1.8543480740994115e-32
transcription_TU_g.3281.peg.874,2.902207102476488e-07,1.3742581172403624e-32
translation_g.3281.peg.875,2.3887540957413694e-05,-9.572317288585728e-34
transcription_TU_g.3281.peg.875,2.902207102476488e-07,-1.1272013459819334e-32
translation_763034.3.peg.877,8.133500219388654e-08,1.457385295033378e-32
transcription_TU_763034.3.peg.877,9.881763111065558e-10,1.3191256691431889e-33
translation_763034.3.peg.878,7.038823564932934e-08,5.2067182463497916e-33
transcription_TU_763034.3.peg.878,8.551790148532304e-10,-2.7075929439265267e-32
translation_g.3281.peg.880,8.935262650283883e-08,7.730791220390684e-33
transcription_TU_g.3281.peg.880,1.08558611254201e-09,-3.122543880819054e-32
translation_763034.3.peg.880,7.839030516763707e-08,1.2665286592002986e-32
transcription_TU_763034.3.peg.880,9.523998339904787e-10,-2.1197375542452464e-32
translation_763034.3.peg.882,3.7919371845377994e-07,-1.786196638856729e-32
transcription_TU_763034.3.peg.882,4.606998706451118e-09,1.83169560518303e-32
translation_g.3281.peg.883,0.0,-3.402627408217917e-32
transcription_TU_g.3281.peg.883,-3.1206887324719976e-44,-5.258044509194472e-33
translation_763034.3.peg.885,1.8383861942858473e-07,-1.7796809845747527e-33
transcription_TU_763034.3.peg.885,2.2335398522865655e-09,-7.278090742880627e-33
translation_763034.3.peg.886,2.1506086164072986e-07,-1.274580911371576e-32
transcription_TU_763034.3.peg.886,2.612873218014218e-09,-2.0592615738305814e-32
translation_g.3281.peg.892,6.149264357381553e-08,3.390575519349489e-32
transcription_TU_g.3281.peg.892,7.471023796385986e-10,-5.687194086435567e-32
translation_763034.3.peg.894,3.817398343950479e-09,5.243152909169807e-32
transcription_TU_763034.3.peg.894,4.637932638837252e-11,-1.8040026554753163e-32
translation_g.3281.peg.898,0.0,1.895322398075845e-32
transcription_TU_g.3281.peg.898,0.0,-113.69022305066336
translation_763034.3.peg.899,0.0,-5.530513762880576e-32
transcription_TU_763034.3.peg.899,0.0,-105.37563955227169
translation_g.3281.peg.900,0.0,1.0292102826026189e-32
transcription_TU_g.3281.peg.900,0.0,-130.5488175055602
translation_g.3281.peg.903,1.8404609388204615e-09,-9.352003323393314e-32
transcription_TU_g.3281.peg.903,2.236060554746026e-11,4.4084473509484573e-32
translation_g.3281.peg.905,1.8627326554425727e-08,-5.090749466143204e-32
transcription_TU_g.3281.peg.905,2.2631194865466114e-10,-1.9323687476619038e-34
translation_763034.3.peg.906,0.0,-8.186108698667249e-32
transcription_TU_763034.3.peg.906,0.0,-159.79900204820305
translation_g.3281.peg.907,9.008018796284166e-24,-1.0823908155338297e-32
transcription_TU_g.3281.peg.907,0.0,-45.16179277617354
translation_g.3281.peg.909,2.3756995068674354e-07,-3.581816710717248e-32
transcription_TU_g.3281.peg.909,2.886346482659075e-09,3.65556350614007e-32
translation_763034.3.peg.910,0.0,1.4132480254623653e-32
transcription_TU_763034.3.peg.910,0.0,-56.57414951956157
translation_g.3281.peg.911,0.0,4.049098545953832e-32
transcription_TU_g.3281.peg.911,0.0,-4.1494859483427437e-32
translation_763034.3.peg.911,0.0,1.4343736795668506e-32
transcription_TU_763034.3.peg.911,0.0,-88.9524086960955
translation_g.3281.peg.913,1.4012747504378185e-06,-3.17505439113645e-32
transcription_TU_g.3281.peg.913,1.7024730760239445e-08,8.124636210933045e-32
translation_763034.3.peg.923,2.415387092268227e-05,-5.918366708426794e-33
transcription_TU_763034.3.peg.923,2.934564753612818e-07,-1.4033927252547999e-33
translation_g.3281.peg.930,1.5523384791500997e-08,8.885318555264241e-32
transcription_TU_g.3281.peg.930,1.8860073406755336e-10,1.1012645801114089e-32
translation_g.3281.peg.948,8.28307589898683e-11,4.678626186174047e-33
transcription_TU_g.3281.peg.948,1.0063489476479845e-12,4.286676559098079e-32
translation_g.3281.peg.952,1.314311672679254e-09,-2.9973351960664718e-33
transcription_TU_g.3281.peg.952,1.596817637327233e-11,-4.009292111159211e-32
translation_g.3281.peg.954,0.0,5.685056455772125e-33
transcription_TU_g.3281.peg.954,0.0,9.475585686438777e-33
translation_g.3281.peg.958,0.0,-1.5973456459991124e-32
transcription_TU_g.3281.peg.958,0.0,-47.5228927361246
translation_g.3281.peg.961,3.6018056598516864e-06,-7.409144314887817e-32
transcription_TU_g.3281.peg.961,4.375999181496891e-08,-6.942943001695149e-32
translation_g.3281.peg.967,0.0,2.5587556455730746e-32
transcription_TU_g.3281.peg.967,0.0,5.329301270820825e-32
translation_g.3281.peg.975,0.0,-2.6693638890888843e-32
transcription_TU_g.3281.peg.975,0.0,2.5060337875998444e-32
translation_g.3281.peg.977,4.637863879274241e-06,-5.631627940004726e-32
transcription_TU_g.3281.peg.977,5.634753914078137e-08,1.6983120552073535e-32
translation_g.3281.peg.987,2.3888001072648398e-05,3.705480727770177e-33
transcription_TU_g.3281.peg.987,2.902263003990357e-07,-1.4340917187779047e-33
translation_g.3281.peg.988,7.251572453333374e-10,-1.7090324271500884e-32
transcription_TU_g.3281.peg.988,8.810268547820242e-12,3.824016129639222e-32
translation_g.3281.peg.994,1.0999425524082528e-08,-3.982837477930006e-33
transcription_TU_g.3281.peg.994,1.336370743898025e-10,9.164736128997336e-33
translation_g.3281.peg.997,1.8465256435915764e-10,1.197934701492901e-31
transcription_TU_g.3281.peg.997,2.2434288432159578e-12,5.424035309184445e-32
translation_g.3281.peg.998,0.0,-4.0202924310256024e-33
transcription_TU_g.3281.peg.998,0.0,-190.3387165783229
translation_g.3281.peg.1004,0.0,-1.9406677604105656e-33
transcription_TU_g.3281.peg.1004,0.0,-48.93452310375599
translation_g.3281.peg.1008,0.0,-9.025624924273929e-33
transcription_TU_g.3281.peg.1008,0.0,-99.67974622142108
translation_g.3281.peg.1016,0.0,-2.1119757893071805e-32
transcription_TU_g.3281.peg.1016,0.0,-1.1363622091503132e-31
translation_g.3281.peg.1031,0.0,-3.2551468193167896e-32
transcription_TU_g.3281.peg.1031,0.0,-112.71946255929386
translation_763034.3.peg.1031,3.095452991934764e-09,2.3121625142972863e-32
transcription_TU_763034.3.peg.1031,3.760808060817586e-11,7.702564680939336e-33
translation_g.3281.peg.1039,0.0,1.437563292506806e-32
transcription_TU_g.3281.peg.1039,0.0,-3.3822645409740084e-32
translation_g.3281.peg.1042,6.978935447579731e-24,1.1387012480636899e-32
transcription_TU_g.3281.peg.1042,0.0,-46.71818846311535
translation_g.3281.peg.1045,2.004488845528431e-06,-5.900249846978491e-32
transcription_TU_g.3281.peg.1045,2.4353455948851098e-08,2.1227810195940307e-34
translation_g.3281.peg.1048,2.502644581636094e-07,6.51343650987661e-32
transcription_TU_g.3281.peg.1048,3.0405778865004434e-09,5.592500788081146e-32
translation_763034.3.peg.1049,6.393553149311263e-08,-7.088247747533068e-32
transcription_TU_763034.3.peg.1049,7.767821473575848e-10,-2.210810649900373e-32
translation_g.3281.peg.1055,0.0,-5.00918174761363e-33
transcription_TU_g.3281.peg.1055,0.0,-31.42591254228322
translation_g.3281.peg.1057,0.0,1.2991387304215044e-32
transcription_TU_g.3281.peg.1057,0.0,-59.27458391384397
translation_g.3281.peg.1059,7.582344943437338e-08,2.4818090195758146e-32
transcription_TU_g.3281.peg.1059,9.212139243424689e-10,-1.639684718161148e-32
translation_g.3281.peg.1060,0.0,-6.153887731834849e-32
transcription_TU_g.3281.peg.1060,0.0,-6.248865824512008e-32
translation_g.3281.peg.1062,0.0,-1.2682885336786255e-32
transcription_TU_g.3281.peg.1062,0.0,-93.7306455036645
translation_763034.3.peg.1074,-4.9325265856133533e-29,-4.405406710675438e-32
transcription_TU_763034.3.peg.1074,-5.992753174319038e-31,1.7742076212008047e-32
translation_g.3281.peg.1081,9.075779857490604e-13,6.538147738945421e-33
transcription_TU_g.3281.peg.1081,1.1026581936533534e-14,-5.530331107190232e-33
translation_g.3281.peg.1085,1.9685315170931822e-11,1.2991760133044641e-33
transcription_TU_g.3281.peg.1085,2.3916593845058573e-13,-8.96122922046171e-33
translation_763034.3.peg.1087,4.764589370923813e-07,2.018925087264616e-33
transcription_TU_763034.3.peg.1087,5.7887185362993564e-09,-3.259495601148757e-32
translation_763034.3.peg.1088,-3.913841855725369e-41,-5.456554581737212e-32
transcription_TU_763034.3.peg.1088,-5.160814766872319e-43,-3.696566763190633e-32
translation_763034.3.peg.1089,1.7983550360512268e-06,-1.708441453755028e-32
transcription_TU_763034.3.peg.1089,2.184904158911514e-08,-2.558441119677795e-32
translation_g.3281.peg.1091,0.0,3.436425764584693e-33
transcription_TU_g.3281.peg.1091,0.0,-92.76688989959861
translation_763034.3.peg.1091,8.367190916469651e-07,6.661072604473369e-33
transcription_TU_763034.3.peg.1091,1.0165684675893125e-08,3.4623333789490124e-32
translation_763034.3.peg.1093,0.0,5.596531532821233e-32
transcription_TU_763034.3.peg.1093,0.0,-9.230121143909656e-32
translation_763034.3.peg.1094,0.0,4.314883003934745e-33
transcription_TU_763034.3.peg.1094,0.0,7.875762608238912e-32
translation_763034.3.peg.1095,0.0,3.150735042688551e-32
transcription_TU_763034.3.peg.1095,0.0,-1.8551775406039658e-32
translation_g.3281.peg.1096,2.3887540957413694e-05,-2.382759298103328e-32
transcription_TU_g.3281.peg.1096,2.902207102476488e-07,-1.343332166830948e-32
translation_g.3281.peg.1097,2.004488845528431e-06,-1.4632094329833877e-32
transcription_TU_g.3281.peg.1097,2.4353455948851098e-08,1.8553106824584642e-32
translation_g.3281.peg.1099,0.0,1.1750641594105138e-32
transcription_TU_g.3281.peg.1099,0.0,-89.52184199171833
translation_763034.3.peg.1099,0.0,-2.591102800053769e-33
transcription_TU_763034.3.peg.1099,0.0,2.0220858680890637e-32
translation_g.3281.peg.1100,0.0,-1.1422424421173539e-32
transcription_TU_g.3281.peg.1100,0.0,6.399044385973763e-32
translation_g.3281.peg.1107,2.004488845528431e-06,-4.546915492563282e-32
transcription_TU_g.3281.peg.1107,2.4353455948851098e-08,-6.395592101118668e-32
translation_g.3281.peg.1110,0.0,-5.559500264044427e-32
transcription_TU_g.3281.peg.1110,0.0,-146.2887413118163
translation_g.3281.peg.1113,0.0,-5.9760793002590335e-33
transcription_TU_g.3281.peg.1113,0.0,-1.2334910135341373e-31
translation_763034.3.peg.1115,1.0999425524082528e-08,-3.982837477930006e-33
transcription_TU_763034.3.peg.1115,1.336370743898025e-10,9.164736128997336e-33
translation_g.3281.peg.1119,1.8600087629546183e-08,4.801404239550447e-32
transcription_TU_g.3281.peg.1119,2.2598101044134662e-10,-3.738152965293174e-32
translation_g.3281.peg.1124,0.0,2.437468802734014e-33
transcription_TU_g.3281.peg.1124,0.0,-59.284342709321024
translation_g.3281.peg.1131,0.0,-2.7696444126440475e-32
transcription_TU_g.3281.peg.1131,0.0,-117.20249510834864
translation_g.3281.peg.1137,1.897945292865833e-09,-6.474590276063737e-34
transcription_TU_g.3281.peg.1137,2.3059009376004915e-11,-2.3528637964248154e-32
translation_g.3281.peg.1139,0.0,-1.4741187244689696e-32
transcription_TU_g.3281.peg.1139,0.0,5.514154988879012e-32
translation_g.3281.peg.1147,2.004488845528431e-06,-6.556077614276758e-32
transcription_TU_g.3281.peg.1147,2.4353455948851098e-08,4.7643470146414565e-33
translation_763034.3.peg.1166,0.0,3.3905257343555665e-32
transcription_TU_763034.3.peg.1166,0.0,-114.96345746965314
translation_g.3281.peg.1175,0.0,1.0332460243186447e-32
transcription_TU_g.3281.peg.1175,0.0,1.417823769545002e-32
translation_g.3281.peg.1177,0.0,6.798659757353614e-33
transcription_TU_g.3281.peg.1177,0.0,-84.5674307852592
translation_g.3281.peg.1178,0.0,-1.309736325657109e-32
transcription_TU_g.3281.peg.1178,0.0,2.4526423336332766e-32
translation_g.3281.peg.1179,2.004488845528431e-06,-1.7146332790152908e-32
transcription_TU_g.3281.peg.1179,2.4353455948851098e-08,8.936936157944348e-33
translation_g.3281.peg.1180,0.0,-6.90549741311571e-33
transcription_TU_g.3281.peg.1180,0.0,-31.0308387096389
translation_763034.3.peg.1183,3.167214864233632e-09,1.0401590088552006e-32
transcription_TU_763034.3.peg.1183,3.847994856580316e-11,6.610080611241797e-33
translation_763034.3.peg.1185,3.1970936017009327e-06,-2.0304912026852552e-32
transcription_TU_763034.3.peg.1185,3.884295907511101e-08,-2.2872756670665155e-32
translation_763034.3.peg.1190,0.0,-2.7184653198794286e-32
transcription_TU_763034.3.peg.1190,0.0,7.542757718024439e-32
translation_g.3281.peg.1195,2.970408806453234e-07,1.516868773564936e-31
transcription_TU_g.3281.peg.1195,3.6088861347077114e-09,6.154745795492389e-32
translation_g.3281.peg.1200,0.0,1.3842121704092268e-33
transcription_TU_g.3281.peg.1200,0.0,-135.57989942157602
translation_g.3281.peg.1204,0.0,-7.876775150128257e-33
transcription_TU_g.3281.peg.1204,0.0,-167.07166509274032
translation_g.3281.peg.1208,0.0,-4.034171496061944e-32
transcription_TU_g.3281.peg.1208,0.0,-66.67974115977901
translation_763034.3.peg.1217,0.0,-3.7030969516101204e-32
transcription_TU_763034.3.peg.1217,0.0,-1.1583498021695267e-32
translation_g.3281.peg.1231,0.0,2.4906152261298785e-32
transcription_TU_g.3281.peg.1231,-2.5874867036893685e-43,-9.161895460151599e-33
translation_g.3281.peg.1235,0.0,-1.5938130835738217e-32
transcription_TU_g.3281.peg.1235,0.0,-82.64551013696587
translation_g.3281.peg.1236,0.0,4.475920182684829e-33
transcription_TU_g.3281.peg.1236,0.0,-104.53424405773427
translation_g.3281.peg.1237,0.0,-2.644279338191269e-32
transcription_TU_g.3281.peg.1237,0.0,4.649998542235457e-32
translation_g.3281.peg.1248,2.3508799179563453e-07,-7.727625831869902e-33
transcription_TU_g.3281.peg.1248,2.8561920237523466e-09,3.5949900281892165e-34
translation_763034.3.peg.1251,8.164716821277105e-08,-6.1012308550637675e-33
transcription_TU_763034.3.peg.1251,9.919689594949921e-10,1.2141586794894003e-31
translation_g.3281.peg.1261,2.3888001072648398e-05,-7.365518633466034e-33
transcription_TU_g.3281.peg.1261,2.902263003990357e-07,6.21387009613438e-33
translation_g.3281.peg.1262,2.004488845528431e-06,-6.82922215063429e-32
transcription_TU_g.3281.peg.1262,2.4353455948851098e-08,-1.3043202907508137e-32
translation_763034.3.peg.1262,0.0,5.45734426690975e-33
transcription_TU_763034.3.peg.1262,0.0,-79.45616525638619
translation_g.3281.peg.1264,0.0,9.466201094944535e-33
transcription_TU_g.3281.peg.1264,0.0,-86.92625287095619
translation_g.3281.peg.1265,0.0,-3.7794599913326636e-32
transcription_TU_g.3281.peg.1265,0.0,-163.50913880083638
translation_g.3281.peg.1271,0.0,-2.7838070077993376e-32
transcription_TU_g.3281.peg.1271,0.0,-1.4896325911937684e-31
translation_g.3281.peg.1281,3.2213367355689645e-07,-9.470105606477934e-33
transcription_TU_g.3281.peg.1281,3.91375000470073e-09,3.220939237765979e-34
translation_763034.3.peg.1286,2.2559029081525846e-07,2.0377569967356578e-32
transcription_TU_763034.3.peg.1286,2.740800090812968e-09,2.249713529034412e-33
translation_763034.3.peg.1287,0.0,-4.432346689970216e-32
transcription_TU_763034.3.peg.1287,0.0,-1.867584075791711e-31
translation_763034.3.peg.1288,-8.629133350860038e-43,7.547202950075968e-33
transcription_TU_763034.3.peg.1288,-9.043412601443426e-45,-4.837509164396382e-32
translation_763034.3.peg.1289,8.290347494120873e-43,-2.6715504588681216e-32
transcription_TU_763034.3.peg.1289,0.0,-4.037605941042524e-32
translation_g.3281.peg.1294,7.251572453333374e-10,-1.636371915992875e-32
transcription_TU_g.3281.peg.1294,8.810268547820242e-12,-4.957771580397812e-32
translation_g.3281.peg.1309,1.2530962369083255e-06,1.8062361068446467e-32
transcription_TU_g.3281.peg.1309,1.5224441918594423e-08,1.5220524863089286e-32
translation_g.3281.peg.1312,3.9283628663035773e-07,3.3685575169330584e-32
transcription_TU_g.3281.peg.1312,4.77274853532078e-09,4.349055898028459e-32
translation_g.3281.peg.1316,4.812638864225992e-07,3.073699395761075e-32
transcription_TU_g.3281.peg.1316,5.847096073351239e-09,-4.000839872472987e-33
translation_g.3281.peg.1317,0.0,-1.129403214696252e-32
transcription_TU_g.3281.peg.1317,0.0,1.0113245730192142e-32
translation_g.3281.peg.1318,0.0,7.290323263732222e-33
transcription_TU_g.3281.peg.1318,0.0,2.718147533864503e-32
translation_g.3281.peg.1322,0.0,1.7214874043892903e-32
transcription_TU_g.3281.peg.1322,0.0,-6.057475493085953e-32
translation_g.3281.peg.1324,-1.0036182609303943e-35,1.6093873995500609e-32
transcription_TU_g.3281.peg.1324,-1.2193419365517003e-37,8.763264441405485e-32
translation_763034.3.peg.1327,8.856057571547635e-06,2.7249410907772466e-32
transcription_TU_763034.3.peg.1327,1.0759631236177689e-07,-2.908776646091846e-32
translation_g.3281.peg.1328,3.693051287183153e-10,-1.4421356844000923e-32
transcription_TU_g.3281.peg.1328,4.4868576864319156e-12,-1.0386902356171267e-32
translation_g.3281.peg.1329,0.0,1.908707402069976e-32
transcription_TU_g.3281.peg.1329,0.0,-1.9183495966656958e-32
translation_g.3281.peg.1331,0.0,5.422444506068665e-33
transcription_TU_g.3281.peg.1331,0.0,-117.35769650395163
translation_g.3281.peg.1333,1.2166685691357195e-07,-3.311045431035909e-32
transcription_TU_g.3281.peg.1333,1.4781865446094438e-09,-1.5210388426265363e-31
translation_763034.3.peg.1337,3.5887505271997556e-07,-6.164767182996775e-33
transcription_TU_763034.3.peg.1337,4.360137901018606e-09,5.1769355218989925e-34
translation_g.3281.peg.1338,0.0,-8.479775136836412e-33
transcription_TU_g.3281.peg.1338,0.0,-63.6744496939301
translation_g.3281.peg.1340,0.0,-1.2118876603120384e-32
transcription_TU_g.3281.peg.1340,0.0,1.6477853593209017e-32
translation_g.3281.peg.1345,0.0,4.765024284344957e-33
transcription_TU_g.3281.peg.1345,0.0,-3.062951174672452e-32
translation_g.3281.peg.1346,2.3887540957413694e-05,3.0176401658235865e-33
transcription_TU_g.3281.peg.1346,2.902207102476488e-07,6.820364054823394e-35
translation_g.3281.peg.1350,0.0,-4.88579121196929e-32
transcription_TU_g.3281.peg.1350,0.0,-1.2717668964542e-31
translation_g.3281.peg.1356,0.0,-2.5632365153300403e-32
transcription_TU_g.3281.peg.1356,0.0,2.3312350214010446e-32
translation_763034.3.peg.1362,-3.0361743862655567e-29,6.702976449741714e-33
transcription_TU_763034.3.peg.1362,-3.6887877592288174e-31,-1.1528790999864355e-32
translation_g.3281.peg.1366,0.0,1.830098765968009e-32
transcription_TU_g.3281.peg.1366,0.0,-125.21967694534322
translation_763034.3.peg.1371,2.596650721739647e-29,1.869336079957837e-33
transcription_TU_763034.3.peg.1371,0.0,-85.76193377235711
translation_g.3281.peg.1376,3.86683244320821e-08,-2.2729273462584802e-33
transcription_TU_g.3281.peg.1376,4.697992397280403e-10,2.895303666224808e-32
translation_g.3281.peg.1379,8.283075898986819e-11,1.864759193885397e-32
transcription_TU_g.3281.peg.1379,1.0063489476479833e-12,3.574229187103701e-32
translation_g.3281.peg.1386,0.0,-1.1114410803461973e-33
transcription_TU_g.3281.peg.1386,0.0,1.1227455620831986e-32
translation_g.3281.peg.1387,2.3887540957413694e-05,-6.31262052773495e-33
transcription_TU_g.3281.peg.1387,2.902207102476488e-07,-1.0243623894042721e-32
translation_g.3281.peg.1389,0.0,-4.686337340697552e-32
transcription_TU_g.3281.peg.1389,0.0,-4.04191293490663e-32
translation_g.3281.peg.1399,2.834314935286511e-07,2.1494309925196838e-32
transcription_TU_g.3281.peg.1399,3.4435394377799133e-09,-4.791225548109338e-32
translation_g.3281.peg.1410,2.004488845528431e-06,6.480030814095532e-33
transcription_TU_g.3281.peg.1410,2.4353455948851098e-08,-5.9495459684814954e-33
translation_g.3281.peg.1411,-3.446968171006799e-29,-2.410726740080424e-33
transcription_TU_g.3281.peg.1411,-4.187880002273454e-31,7.184621627524336e-32
translation_g.3281.peg.1414,2.388708084217899e-05,-3.9378522270019536e-32
transcription_TU_g.3281.peg.1414,2.9021512009626195e-07,6.578162358896621e-32
translation_g.3281.peg.1421,0.0,1.718239262526427e-32
transcription_TU_g.3281.peg.1421,0.0,-124.30790752780062
translation_g.3281.peg.1429,0.0,1.969587222089053e-32
transcription_TU_g.3281.peg.1429,0.0,-129.52213423397316
translation_g.3281.peg.1436,0.0,4.519629878316612e-32
transcription_TU_g.3281.peg.1436,0.0,-123.72376207331432
translation_g.3281.peg.1449,0.0,-5.106307420461993e-33
transcription_TU_g.3281.peg.1449,0.0,-76.02958557692666
translation_g.3281.peg.1472,0.0,-4.770516443183588e-32
transcription_TU_g.3281.peg.1472,0.0,1.6847813652184934e-31
translation_763034.3.peg.1472,3.3740342882207375e-09,-1.3549498657143985e-32
transcription_TU_763034.3.peg.1472,4.099269277122622e-11,3.3135747966835787e-32
translation_g.3281.peg.1473,0.0,-1.2065999997473248e-33
transcription_TU_g.3281.peg.1473,0.0,2.3223377049123708e-32
translation_g.3281.peg.1483,0.0,3.6042313895134587e-32
transcription_TU_g.3281.peg.1483,0.0,6.808420666515773e-32
translation_g.3281.peg.1485,3.424744648967842e-07,-3.029774582925153e-32
transcription_TU_g.3281.peg.1485,4.160879624287182e-09,2.1650909936135248e-32
translation_g.3281.peg.1493,3.6018056598516864e-06,4.6144418028357034e-32
transcription_TU_g.3281.peg.1493,4.375999181496891e-08,2.2295674232679388e-32
translation_g.3281.peg.1495,0.0,-8.082641316134173e-33
transcription_TU_g.3281.peg.1495,0.0,-2.0967736884289362e-32
translation_g.3281.peg.1500,5.532046352170359e-08,2.7362024068897556e-32
transcription_TU_g.3281.peg.1500,6.72113728370819e-10,4.127010064738924e-33
translation_g.3281.peg.1501,0.0,4.5214858651080137e-32
transcription_TU_g.3281.peg.1501,0.0,-3.10598857853802e-32
translation_g.3281.peg.1510,3.7398973778027453e-13,-6.722066265546141e-32
transcription_TU_g.3281.peg.1510,4.543773154274261e-15,-5.890668427759641e-33
translation_g.3281.peg.1513,2.388708084217899e-05,6.580796575102774e-32
transcription_TU_g.3281.peg.1513,2.9021512009626195e-07,2.9336636118849554e-32
translation_763034.3.peg.1514,0.0,2.9571843165664055e-32
transcription_TU_763034.3.peg.1514,0.0,-93.23567375654632
translation_g.3281.peg.1519,0.0,-1.4522910405813345e-31
transcription_TU_g.3281.peg.1519,0.0,-2.3154590103290214e-32
translation_763034.3.peg.1523,2.7666547493444387e-09,-2.578980765450847e-32
transcription_TU_763034.3.peg.1523,3.3613359692244695e-11,-2.391111793663881e-32
translation_g.3281.peg.1526,2.3887540957413694e-05,4.168837913507782e-33
transcription_TU_g.3281.peg.1526,2.902207102476488e-07,-9.782495945376738e-33
translation_763034.3.peg.1530,0.007818314911116116,-3.699787174022818e-33
transcription_TU_763034.3.peg.1530,9.498829998822832e-05,9.436590458510498e-33
translation_763034.3.peg.1531,0.0,-5.347912764908166e-33
transcription_TU_763034.3.peg.1531,0.0,-6.30426903574742e-32
translation_g.3281.peg.1541,0.0,-3.603955743700425e-32
transcription_TU_g.3281.peg.1541,0.0,-7.879943056489013e-32
translation_g.3281.peg.1548,5.411036125048076e-06,2.6868251729522354e-32
transcription_TU_g.3281.peg.1548,6.574116398949608e-08,-5.674520722539304e-33
translation_763034.3.peg.1548,0.0,-1.5686155119672785e-32
transcription_TU_763034.3.peg.1548,0.0,-4.392525208259869e-32
translation_763034.3.peg.1550,0.0,-7.336615052985666e-32
transcription_TU_763034.3.peg.1550,0.0,-189.26462180684544
translation_g.3281.peg.1553,0.0,-2.4074906011072336e-32
transcription_TU_g.3281.peg.1553,0.0,-96.72191799249207
translation_g.3281.peg.1567,0.0,1.4621647554858566e-32
transcription_TU_g.3281.peg.1567,0.0,3.2221628738804436e-32
translation_g.3281.peg.1586,2.1062933646284972e-07,-5.661909307893495e-32
transcription_TU_g.3281.peg.1586,2.5590325825592086e-09,4.4159010750101447e-32
translation_763034.3.peg.1593,4.702967759148652e-09,-3.5804341984027e-33
transcription_TU_763034.3.peg.1593,5.7138516089422236e-11,-2.4001777988796725e-32
translation_763034.3.peg.1594,2.9429666930476334e-09,2.6289462900383176e-32
transcription_TU_763034.3.peg.1594,3.5755454503004356e-11,-1.9477907786665566e-32
translation_g.3281.peg.1603,3.4001393962271697e-09,1.6033676653444103e-32
transcription_TU_g.3281.peg.1603,4.130985572241593e-11,-3.0089022800074676e-32
translation_g.3281.peg.1605,0.0,2.338058749310045e-32
transcription_TU_g.3281.peg.1605,0.0,-97.33044531580717
translation_763034.3.peg.1605,0.0,-1.3024610931902217e-32
transcription_TU_763034.3.peg.1605,0.0,-112.03283486374764
translation_763034.3.peg.1606,0.0,9.158797481850537e-33
transcription_TU_763034.3.peg.1606,0.0,2.175615281415143e-32
translation_763034.3.peg.1609,2.5667769888585277e-05,1.2036962544354917e-32
transcription_TU_763034.3.peg.1609,3.1184952946052304e-07,-1.2518637676371095e-31
translation_g.3281.peg.1611,0.0,3.668897899859938e-33
transcription_TU_g.3281.peg.1611,0.0,-80.83676908117205
translation_g.3281.peg.1612,0.0,-4.0084615399956014e-33
transcription_TU_g.3281.peg.1612,0.0,9.956482105259301e-33
translation_763034.3.peg.1618,0.0,-5.594448889232715e-33
transcription_TU_763034.3.peg.1618,0.0,-1.804027237227549e-32
translation_g.3281.peg.1620,3.4316000150819445e-08,-2.9257512240342218e-33
transcription_TU_g.3281.peg.1620,4.169208523549729e-10,8.629242074246487e-33
translation_g.3281.peg.1628,0.0,3.050751204315129e-32
transcription_TU_g.3281.peg.1628,0.0,-2.8096217150278022e-33
translation_g.3281.peg.1637,2.3887540957413694e-05,-6.555291553512826e-34
transcription_TU_g.3281.peg.1637,2.902207102476488e-07,2.975985459928427e-33
translation_g.3281.peg.1654,2.3887540957413694e-05,-2.2480842422491176e-33
transcription_TU_g.3281.peg.1654,2.902207102476488e-07,-9.943950912677666e-33
translation_763034.3.peg.1659,1.2769689764413892e-07,6.742415925933029e-33
transcription_TU_763034.3.peg.1659,1.5514482799537112e-09,-6.328359379753422e-32
translation_g.3281.peg.1664,0.0,-6.58959706076981e-32
transcription_TU_g.3281.peg.1664,0.0,-180.5656426957187
translation_g.3281.peg.1665,0.0,-7.022242614953699e-33
transcription_TU_g.3281.peg.1665,0.0,-53.91618726496511
translation_g.3281.peg.1671,0.0,-8.087512682476147e-32
transcription_TU_g.3281.peg.1671,0.0,-1.5576587958171595e-32
translation_g.3281.peg.1676,5.4979215947301595e-08,2.1700425719162387e-33
transcription_TU_g.3281.peg.1676,6.679677548028492e-10,-2.7770616482245217e-32
translation_g.3281.peg.1677,1.995682047197609e-08,2.1147420020278853e-32
transcription_TU_g.3281.peg.1677,2.424645810963711e-10,2.368233311707476e-32
translation_g.3281.peg.1679,0.0,-9.372571034549e-34
transcription_TU_g.3281.peg.1679,0.0,-1.4329329214372687e-31
translation_763034.3.peg.1679,0.0,-1.3192859083242902e-32
transcription_TU_763034.3.peg.1679,0.0,-47.5228927361246
translation_g.3281.peg.1680,1.314311672679254e-09,-5.922096836670719e-33
transcription_TU_g.3281.peg.1680,1.596817637327233e-11,2.1540519390378275e-32
translation_g.3281.peg.1682,0.0,-1.0040110918579265e-32
transcription_TU_g.3281.peg.1682,0.0,-90.30291847582625
translation_g.3281.peg.1690,0.0,-2.5603764077671e-33
transcription_TU_g.3281.peg.1690,0.0,-41.63113432262283
translation_g.3281.peg.1697,0.0,-5.3269536628382505e-34
transcription_TU_g.3281.peg.1697,0.0,-47.9901290589457
translation_g.3281.peg.1700,2.004488845528431e-06,-1.6802018150559942e-32
transcription_TU_g.3281.peg.1700,2.4353455948851098e-08,-3.062951174672452e-33
translation_g.3281.peg.1702,0.0,-1.3706601460486855e-32
transcription_TU_g.3281.peg.1702,0.0,-161.0130457057992
translation_g.3281.peg.1710,3.2354533507548856e-07,-3.4409483440046124e-33
transcription_TU_g.3281.peg.1710,3.930900929079488e-09,1.0371514743934702e-32
translation_g.3281.peg.1711,0.0,-3.170775093639291e-32
transcription_TU_g.3281.peg.1711,0.0,-3.241979703694414e-32
translation_g.3281.peg.1715,0.0,1.978581546285509e-32
transcription_TU_g.3281.peg.1715,0.0,-4.665451151586368e-32
translation_g.3281.peg.1718,0.0,-1.4192890004396217e-31
transcription_TU_g.3281.peg.1718,0.0,5.809335114277489e-32
translation_g.3281.peg.1720,0.0,-1.4578269072389094e-32
transcription_TU_g.3281.peg.1720,0.0,-90.5726406420811
translation_g.3281.peg.1722,1.3931113173922868e-07,-4.474194270262866e-32
transcription_TU_g.3281.peg.1722,1.6925549461471309e-09,1.0499795753657762e-34
translation_g.3281.peg.1724,2.1754717360000123e-09,3.329623766603851e-33
transcription_TU_g.3281.peg.1724,2.6430805643460725e-11,-5.935919636582128e-33
translation_g.3281.peg.1725,0.0,-2.300056083065947e-33
transcription_TU_g.3281.peg.1725,0.0,-146.94107934948588
translation_g.3281.peg.1729,0.0,8.914126895972341e-32
transcription_TU_g.3281.peg.1729,0.0,1.7182735284432064e-32
translation_g.3281.peg.1733,3.661938269743925e-24,-9.211237742825909e-33
transcription_TU_g.3281.peg.1733,0.0,-152.77236973328385
translation_g.3281.peg.1734,6.775717461648781e-06,-3.209036480734026e-32
transcription_TU_g.3281.peg.1734,8.232130455214564e-08,4.740577400374242e-32
translation_g.3281.peg.1742,0.0,-5.74247322817551e-32
transcription_TU_g.3281.peg.1742,0.0,-110.38133675462521
translation_g.3281.peg.1748,1.1739087328283508e-05,-2.147163948713081e-32
transcription_TU_g.3281.peg.1748,1.4262356548744068e-07,6.994132165675521e-33
translation_g.3281.peg.1752,0.0,3.749673412004091e-33
transcription_TU_g.3281.peg.1752,2.346607949403142e-39,3.1158819619119915e-32
translation_g.3281.peg.1765,0.0,-3.71919680919103e-33
transcription_TU_g.3281.peg.1765,0.0,-109.80564490332408
translation_g.3281.peg.1767,0.0,2.791206708802339e-32
transcription_TU_g.3281.peg.1767,0.0,-126.55772448699649
translation_g.3281.peg.1768,0.0,-5.8990568059345936e-33
transcription_TU_g.3281.peg.1768,0.0,-48.87522480463314
translation_g.3281.peg.1769,-1.0036182609304634e-35,1.5858627903114376e-32
transcription_TU_g.3281.peg.1769,-1.2193419365515787e-37,6.042850662957366e-33
translation_g.3281.peg.1775,0.0,-2.8030406982036797e-32
transcription_TU_g.3281.peg.1775,0.0,9.0816698287273e-32
translation_g.3281.peg.1778,2.0254371833943855e-07,-6.089400165821281e-33
transcription_TU_g.3281.peg.1778,2.4607966930320636e-09,4.953024315064222e-33
translation_g.3281.peg.1782,1.656615179797366e-10,-1.7725451619498402e-32
transcription_TU_g.3281.peg.1782,2.012697895295969e-12,4.755159701466079e-32
translation_g.3281.peg.1793,2.5693250642570346e-07,9.197681439023397e-32
transcription_TU_g.3281.peg.1793,3.121591068478471e-09,6.4877868504591e-32
translation_g.3281.peg.1795,0.0,9.447127445007e-33
transcription_TU_g.3281.peg.1795,0.0,-102.16330318278493
translation_g.3281.peg.1799,0.0,-7.084483483081718e-35
transcription_TU_g.3281.peg.1799,0.0,-42.944445063455014
translation_g.3281.peg.1802,0.0,5.955345706596257e-33
transcription_TU_g.3281.peg.1802,0.0,-41.177641474635344
translation_g.3281.peg.1811,0.0,6.206267668353132e-32
transcription_TU_g.3281.peg.1811,0.0,-6.455317661272106e-32
translation_g.3281.peg.1815,0.0,-1.3575397122027229e-33
transcription_TU_g.3281.peg.1815,0.0,-133.42849418648183
translation_g.3281.peg.1823,0.0,6.824381532886905e-32
transcription_TU_g.3281.peg.1823,0.0,-2.191473668381473e-32
translation_g.3281.peg.1824,0.0,-1.5506524864366253e-32
transcription_TU_g.3281.peg.1824,0.0,-102.752286295895
translation_g.3281.peg.1827,0.0,-1.2776125940453026e-33
transcription_TU_g.3281.peg.1827,0.0,-114.24809876027787
translation_g.3281.peg.1836,2.004488845528431e-06,-1.986364215821654e-32
transcription_TU_g.3281.peg.1836,2.4353455948851098e-08,-1.5025246331143837e-32
translation_g.3281.peg.1857,0.0,-2.0785255964837602e-32
transcription_TU_g.3281.peg.1857,0.0,-158.06672907967817
translation_g.3281.peg.1882,0.0,-4.4455209094520316e-32
transcription_TU_g.3281.peg.1882,-6.343651725326381e-48,1.4239977624466588e-32
translation_g.3281.peg.1885,0.0,-9.605567021421259e-33
transcription_TU_g.3281.peg.1885,0.0,-116.5624357175879
translation_g.3281.peg.1900,2.253856804334407e-07,3.2910348781054564e-33
transcription_TU_g.3281.peg.1900,2.7383141852758074e-09,-1.4417008149430559e-33
translation_763034.3.peg.1905,0.0,2.217687537677686e-32
transcription_TU_763034.3.peg.1905,0.0,-1.4329329214372687e-31
translation_g.3281.peg.1909,9.929437714651982e-08,-5.864206045333064e-33
transcription_TU_g.3281.peg.1909,1.2063730088599683e-09,1.8887120743713646e-33
translation_763034.3.peg.1914,0.0,-7.653263062306879e-32
transcription_TU_763034.3.peg.1914,0.0,-1.930268836283705e-31
translation_g.3281.peg.1922,4.859431247022049e-06,1.1710018940840278e-32
transcription_TU_g.3281.peg.1922,5.9039462890911595e-08,-3.0538578580769417e-32
translation_g.3281.peg.1934,0.0,2.3696311208881916e-32
transcription_TU_g.3281.peg.1934,0.0,-8.608962428016802e-33
translation_g.3281.peg.1935,0.0,9.56722741280215e-33
transcription_TU_g.3281.peg.1935,0.0,-162.00163251722893
translation_g.3281.peg.1942,0.0,1.9007199050921765e-32
transcription_TU_g.3281.peg.1942,0.0,1.0113213917478594e-32
translation_g.3281.peg.1945,0.0002937446124614641,-1.3637479345260045e-33
transcription_TU_g.3281.peg.1945,3.568838258068091e-06,-3.9993232807418817e-32
translation_g.3281.peg.1956,0.0,4.528594761663149e-32
transcription_TU_g.3281.peg.1956,0.0,-91.29185336740386
translation_g.3281.peg.1957,-4.890829426051108e-42,1.7491364835880257e-32
transcription_TU_g.3281.peg.1957,-1.5485665441413987e-43,-4.738208271695781e-32
translation_g.3281.peg.1958,0.0,-2.5245250273092902e-33
transcription_TU_g.3281.peg.1958,0.0,-9.055794164761872e-32
translation_g.3281.peg.1959,0.0,-7.25895082993755e-32
transcription_TU_g.3281.peg.1959,0.0,-129.73749769257907
translation_763034.3.peg.1965,0.0,-2.1420974631485154e-32
transcription_TU_763034.3.peg.1965,0.0,-71.74138504005758
translation_763034.3.peg.1966,0.0,1.4687704221026032e-33
transcription_TU_763034.3.peg.1966,0.0,-54.649221790511476
translation_763034.3.peg.1969,0.0,1.5191082756834316e-32
transcription_TU_763034.3.peg.1969,0.0,-146.94107934948588
translation_763034.3.peg.1970,0.0,-3.932943065558712e-32
transcription_TU_763034.3.peg.1970,0.0,-66.72566286691234
translation_763034.3.peg.1971,0.0,-8.614399746997998e-33
transcription_TU_763034.3.peg.1971,0.0,-54.96418182942558
translation_g.3281.peg.1973,2.004488845528431e-06,-1.547365001183109e-31
transcription_TU_g.3281.peg.1973,2.4353455948851098e-08,3.516669542640982e-32
translation_g.3281.peg.1974,2.299619553123539e-13,-1.8536910418516675e-31
transcription_TU_g.3281.peg.1974,2.7939134513540713e-15,1.3767131198266195e-32
translation_g.3281.peg.1975,2.3887540957413694e-05,1.8975680802063906e-33
transcription_TU_g.3281.peg.1975,2.902207102476488e-07,6.163125481981129e-33
translation_g.3281.peg.1977,4.452743909288296e-07,-4.585574232545947e-33
transcription_TU_g.3281.peg.1977,5.409843157185555e-09,9.159212763154414e-33
translation_g.3281.peg.1983,0.0,4.5424380726699e-32
transcription_TU_g.3281.peg.1983,0.0,-138.53987968926901
translation_g.3281.peg.1985,0.0,1.723245280181156e-32
transcription_TU_g.3281.peg.1985,0.0,-44.012130149884285
translation_763034.3.peg.1987,0.0,3.4936485381322464e-32
transcription_TU_763034.3.peg.1987,0.0,-7.987016371493502e-32
translation_763034.3.peg.1989,0.0,-1.2654840215014183e-32
transcription_TU_763034.3.peg.1989,0.0,5.6669147657166424e-33
translation_g.3281.peg.1990,3.693051287183153e-10,3.117385241869171e-32
transcription_TU_g.3281.peg.1990,4.4868576864319156e-12,-5.311340324441795e-33
translation_g.3281.peg.1993,3.1544429692658066e-07,-6.584159406961473e-32
transcription_TU_g.3281.peg.1993,3.832477694577836e-09,-4.2171344142325897e-32
translation_g.3281.peg.1994,0.0,-4.266373537867887e-34
transcription_TU_g.3281.peg.1994,0.0,-49.46435053200411
translation_763034.3.peg.2000,6.037509258197392e-08,-4.4614684585527546e-32
transcription_TU_763034.3.peg.2000,7.335247391787264e-10,1.6009744788938097e-32
translation_g.3281.peg.2004,0.0,1.56567565371804e-33
transcription_TU_g.3281.peg.2004,0.0,7.047305441093672e-33
translation_g.3281.peg.2008,0.0,-3.6902612328639313e-32
transcription_TU_g.3281.peg.2008,0.0,-6.861630738282016e-32
translation_g.3281.peg.2017,5.898566946559135e-10,-3.8555277446320924e-32
transcription_TU_g.3281.peg.2017,7.1664399936587e-12,-2.1143840045639523e-32
translation_g.3281.peg.2022,0.0,-7.436185498119112e-32
transcription_TU_g.3281.peg.2022,0.0,-97.26808547735467
translation_g.3281.peg.2025,0.0,7.605386425970886e-33
transcription_TU_g.3281.peg.2025,0.0,2.658985115577286e-34
translation_g.3281.peg.2026,0.0,4.721083502428965e-33
transcription_TU_g.3281.peg.2026,0.0,-38.44057766224276
translation_g.3281.peg.2027,2.323233887263487e-07,-6.0964036288508374e-33
transcription_TU_g.3281.peg.2027,2.8226035908637807e-09,3.273501692858349e-33
translation_g.3281.peg.2031,0.0,2.665452772732757e-32
transcription_TU_g.3281.peg.2031,0.0,-7.609007226907056e-32
translation_g.3281.peg.2037,0.0,3.1872345447391925e-32
transcription_TU_g.3281.peg.2037,0.0,-1.1701319049103287e-33
translation_g.3281.peg.2046,0.0,2.2953404585380903e-32
transcription_TU_g.3281.peg.2046,0.0,-110.49148568979824
translation_763034.3.peg.2049,5.9563753003538855e-09,1.3753981026973924e-32
transcription_TU_763034.3.peg.2049,7.236674018694889e-11,2.7845083768892225e-32
translation_g.3281.peg.2052,0.0,-1.629433531942473e-32
transcription_TU_g.3281.peg.2052,0.0,-85.56800957298137
translation_763034.3.peg.2053,0.0,-7.687837766357481e-33
transcription_TU_763034.3.peg.2053,0.0,-1.3752375991431552e-32
translation_763034.3.peg.2054,0.0,2.2080274045898912e-32
transcription_TU_763034.3.peg.2054,0.0,8.763264441405485e-32
translation_763034.3.peg.2055,0.0,2.683453432442801e-32
transcription_TU_763034.3.peg.2055,0.0,6.042850662957366e-33
translation_g.3281.peg.2057,0.0,-4.636341960175315e-32
transcription_TU_g.3281.peg.2057,0.0,-91.60430555957008
translation_g.3281.peg.2060,4.1415379494934096e-11,-2.618718953297102e-32
transcription_TU_g.3281.peg.2060,5.031744738239916e-13,-1.104690416575771e-32
translation_g.3281.peg.2061,1.9445989558904532e-07,-1.7651592470678822e-32
transcription_TU_g.3281.peg.2061,2.3625826163165987e-09,2.7919428125659787e-32
translation_763034.3.peg.2066,0.0,-1.5889195806190922e-32
transcription_TU_763034.3.peg.2066,0.0,1.8272475568837703e-32
translation_763034.3.peg.2067,0.0,1.2242251156833543e-32
transcription_TU_763034.3.peg.2067,0.0,-79.09182037250754
translation_763034.3.peg.2070,0.0,6.961623152878717e-33
transcription_TU_763034.3.peg.2070,0.0,2.1513939067895847e-32
translation_g.3281.peg.2071,9.451422811142143e-12,-9.224327621095604e-32
transcription_TU_g.3281.peg.2071,1.1482967819880138e-13,4.12261485440645e-32
translation_g.3281.peg.2074,0.0,1.7393712168130356e-32
transcription_TU_g.3281.peg.2074,0.0,-92.92003711396853
translation_g.3281.peg.2075,0.0,-1.2222884830028882e-32
transcription_TU_g.3281.peg.2075,0.0,-1.3611456954426887e-32
translation_g.3281.peg.2091,0.0,-8.293640762032429e-33
transcription_TU_g.3281.peg.2091,0.0,-80.59876761316117
translation_g.3281.peg.2098,0.0,-5.973986389007205e-32
transcription_TU_g.3281.peg.2098,0.0,-9.002029129551169e-32
translation_g.3281.peg.2104,0.0,-1.761457858954276e-32
transcription_TU_g.3281.peg.2104,0.0,-98.7017551099821
translation_g.3281.peg.2117,0.0,1.3443341731185167e-32
transcription_TU_g.3281.peg.2117,0.0,8.066520684714198e-32
translation_763034.3.peg.2119,0.0,-1.0033089209706028e-32
transcription_TU_763034.3.peg.2119,0.0,2.470671470224863e-32
translation_g.3281.peg.2125,2.3887540957413694e-05,-6.643586040478644e-33
transcription_TU_g.3281.peg.2125,2.902207102476488e-07,2.4936863316147086e-33
translation_g.3281.peg.2137,0.0,2.522889497081042e-32
transcription_TU_g.3281.peg.2137,0.0,-124.32692985725076
translation_g.3281.peg.2144,2.1754717360000123e-09,2.1038689148041925e-32
transcription_TU_g.3281.peg.2144,2.6430805643460725e-11,-1.6015164443903736e-33
translation_g.3281.peg.2156,4.1415379494934096e-11,-6.619726865514472e-33
transcription_TU_g.3281.peg.2156,5.031744738239916e-13,-1.6404058715868778e-32
translation_763034.3.peg.2162,0.0,-8.479775136836412e-33
transcription_TU_763034.3.peg.2162,0.0,-63.6744496939301
translation_g.3281.peg.2166,0.0,-1.652114980065275e-32
transcription_TU_g.3281.peg.2166,0.0,-101.22384053792402
translation_763034.3.peg.2168,0.0,1.0054546296193235e-32
transcription_TU_763034.3.peg.2168,0.0,-162.00163251722893
translation_763034.3.peg.2169,0.0,-4.281225147571575e-34
transcription_TU_763034.3.peg.2169,0.0,-161.0130457057992
translation_763034.3.peg.2170,0.0,4.475920182684829e-33
transcription_TU_763034.3.peg.2170,0.0,-104.53424405773427
translation_763034.3.peg.2171,0.0,1.3792704406138234e-32
transcription_TU_763034.3.peg.2171,0.0,-125.21967694534322
translation_763034.3.peg.2173,0.0,4.765024284344957e-33
transcription_TU_763034.3.peg.2173,0.0,-3.062951174672452e-32
translation_763034.3.peg.2175,0.0,3.668897899859938e-33
transcription_TU_763034.3.peg.2175,0.0,-80.83676908117205
translation_g.3281.peg.2176,0.0,-2.2738554123006045e-32
transcription_TU_g.3281.peg.2176,0.0,-113.36085091159889
translation_g.3281.peg.2177,4.363025560039778e-08,1.8927533334750191e-31
transcription_TU_g.3281.peg.2177,5.300840212564457e-10,-4.997011344000256e-32
translation_g.3281.peg.2178,2.672456289939222e-09,-1.7307761388202175e-33
transcription_TU_g.3281.peg.2178,3.2468899329348627e-11,-2.9467633588259964e-32
translation_g.3281.peg.2183,0.0,2.4603815748030504e-32
transcription_TU_g.3281.peg.2183,0.0,-123.02977467653186
translation_763034.3.peg.2183,0.0,5.422444506068665e-33
transcription_TU_763034.3.peg.2183,0.0,-117.35769650395163
translation_g.3281.peg.2186,0.0,-6.938417143305417e-32
transcription_TU_g.3281.peg.2186,0.0,-1.3755360309961844e-32
translation_g.3281.peg.2195,9.90802841540877e-08,6.753385235577128e-33
transcription_TU_g.3281.peg.2195,1.2037718947296583e-09,-1.612033545118775e-32
translation_763034.3.peg.2195,0.0,2.648877047657799e-32
transcription_TU_763034.3.peg.2195,0.0,-123.72376207331432
translation_763034.3.peg.2196,0.0,1.9620053826264554e-32
transcription_TU_763034.3.peg.2196,0.0,-76.02958557692666
translation_763034.3.peg.2197,0.0,1.6040700866998778e-32
transcription_TU_763034.3.peg.2197,0.0,-43.855547042414784
translation_g.3281.peg.2201,0.0,-4.474295940172213e-33
transcription_TU_g.3281.peg.2201,0.0,2.927712106651078e-32
translation_g.3281.peg.2219,2.388708084217899e-05,2.2785580612001628e-32
transcription_TU_g.3281.peg.2219,2.9021512009626195e-07,-1.4082581091918627e-32
translation_g.3281.peg.2225,1.179713389311827e-09,-7.554036322693498e-33
transcription_TU_g.3281.peg.2225,1.43328799873174e-11,1.679479819477343e-32
translation_g.3281.peg.2226,5.898566946559135e-10,9.135101032723214e-33
transcription_TU_g.3281.peg.2226,7.1664399936587e-12,1.7094401906122384e-32
translation_763034.3.peg.2245,2.0803771203419676e-06,-6.428712275139327e-33
transcription_TU_763034.3.peg.2245,2.527545746650911e-08,1.3491853421266375e-32
translation_763034.3.peg.2246,0.0,-3.7019980751493103e-32
transcription_TU_763034.3.peg.2246,0.0,7.402752680328477e-32
translation_763034.3.peg.2247,1.6400989884307755e-06,2.508671259151979e-33
transcription_TU_763034.3.peg.2247,1.992631615566534e-08,7.184621627524336e-32
translation_763034.3.peg.2248,0.0,-1.1629321798008792e-32
transcription_TU_763034.3.peg.2248,0.0,4.953024315064222e-33
translation_g.3281.peg.2250,0.0,7.171496349294219e-34
transcription_TU_g.3281.peg.2250,0.0,-95.3252097769699
translation_763034.3.peg.2257,0.0,-5.26439217213478e-32
transcription_TU_763034.3.peg.2257,0.0,-49.46435053200411
translation_763034.3.peg.2259,1.5038528580958277e-05,-2.5695013082300555e-32
transcription_TU_763034.3.peg.2259,1.8270999319796965e-07,1.1955570071668209e-32
translation_g.3281.peg.2264,0.0,-8.853461488204611e-33
transcription_TU_g.3281.peg.2264,0.0,-104.59518646421604
translation_763034.3.peg.2269,0.0,-9.54277064896148e-33
transcription_TU_763034.3.peg.2269,0.0,-57.770700058071775
translation_g.3281.peg.2273,0.0,1.1862031315139524e-32
transcription_TU_g.3281.peg.2273,0.0,-7.340937364150115e-32
translation_g.3281.peg.2280,9.554832336871596e-05,4.641848346745067e-33
transcription_TU_g.3281.peg.2280,1.1608604803850478e-06,9.127409174939615e-34
translation_g.3281.peg.2297,0.0,1.540713048174242e-32
transcription_TU_g.3281.peg.2297,0.0,-42.45151871145503
translation_763034.3.peg.2297,0.0,-1.1317386732747243e-32
transcription_TU_763034.3.peg.2297,0.0,1.6410125850326074e-32
translation_g.3281.peg.2313,0.0,-1.5565762617703252e-32
transcription_TU_g.3281.peg.2313,0.0,-2.439086676513956e-32
translation_g.3281.peg.2316,0.0,-5.069221074026768e-32
transcription_TU_g.3281.peg.2316,0.0,7.533907580586069e-32
translation_763034.3.peg.2316,9.587969695397291e-07,6.029738319676716e-33
transcription_TU_763034.3.peg.2316,1.1648864903222795e-08,5.361251744781418e-33
translation_g.3281.peg.2323,2.9006289813333495e-09,5.213816842619627e-32
transcription_TU_g.3281.peg.2323,3.5241074191280966e-11,3.900242501245699e-32
translation_g.3281.peg.2324,0.0,-4.8389825808378697e-32
transcription_TU_g.3281.peg.2324,0.0,3.4853756671575684e-32
translation_g.3281.peg.2328,7.251572453333374e-10,9.344830904528607e-33
transcription_TU_g.3281.peg.2328,8.810268547820242e-12,7.2480031421309295e-34
translation_g.3281.peg.2330,1.3686686011094617e-06,-2.831988867487228e-32
transcription_TU_g.3281.peg.2330,1.6628583671119344e-08,7.38564718863762e-32
translation_g.3281.peg.2332,0.0,3.169945244281821e-33
transcription_TU_g.3281.peg.2332,0.0,-48.19365323632903
translation_g.3281.peg.2336,0.0,4.143532783858358e-34
transcription_TU_g.3281.peg.2336,0.0,5.913926863223435e-32
translation_g.3281.peg.2345,1.0000211420217336e-06,-1.228646215152624e-32
transcription_TU_g.3281.peg.2345,1.2149716315196443e-08,-3.419462087281899e-33
translation_g.3281.peg.2346,0.0,-7.693594725959877e-32
transcription_TU_g.3281.peg.2346,0.0,-117.17299260138317
translation_g.3281.peg.2352,0.0,1.608871326561003e-32
transcription_TU_g.3281.peg.2352,0.0,-131.3956299018798
translation_g.3281.peg.2354,3.407038668871732e-05,-2.2320386473415624e-32
transcription_TU_g.3281.peg.2354,4.1393678155652853e-07,-1.3269838173194558e-32
translation_g.3281.peg.2355,5.700839251866081e-08,4.7703721036292216e-33
transcription_TU_g.3281.peg.2355,6.926211532756203e-10,-6.1502662988860244e-33
translation_g.3281.peg.2357,1.242461384848022e-10,2.2642032592596784e-32
transcription_TU_g.3281.peg.2357,1.5095234214719737e-12,1.5306896353492796e-32
translation_g.3281.peg.2378,0.0,-5.693270980471375e-33
transcription_TU_g.3281.peg.2378,0.0,-38.27754780109468
translation_g.3281.peg.2379,8.348325432561831e-08,1.840294211945838e-32
transcription_TU_g.3281.peg.2379,1.0142764132716855e-09,-2.572975811862945e-32
translation_763034.3.peg.2384,0.0,5.147848993651698e-33
transcription_TU_763034.3.peg.2384,0.0,-41.177641474635344
translation_g.3281.peg.2388,4.1415379494934096e-11,2.420321621643788e-33
transcription_TU_g.3281.peg.2388,5.031744738239916e-13,6.454338452203061e-33
translation_g.3281.peg.2398,0.0,7.040268304027596e-32
transcription_TU_g.3281.peg.2398,0.0,3.572299737742094e-32
translation_g.3281.peg.2404,0.0,-3.9663312398812e-33
transcription_TU_g.3281.peg.2404,0.0,-63.449031160956274
translation_763034.3.peg.2406,3.773779160544987e-08,-2.237820385727194e-32
transcription_TU_763034.3.peg.2406,4.5849376888299125e-10,-1.8548758312601155e-32
translation_g.3281.peg.2409,0.0,-7.54868252829784e-33
transcription_TU_g.3281.peg.2409,0.0,-126.69965483624047
translation_763034.3.peg.2410,0.0,2.977637903250418e-32
transcription_TU_763034.3.peg.2410,0.0,6.994132165675521e-33
translation_g.3281.peg.2414,0.0,-2.3167450643780206e-32
transcription_TU_g.3281.peg.2414,0.0,7.307705279717633e-32
translation_763034.3.peg.2415,0.0,-8.219793924696576e-33
transcription_TU_763034.3.peg.2415,0.0,-48.93452310375599
translation_g.3281.peg.2417,2.9768469407796075e-06,2.046273789830425e-33
transcription_TU_g.3281.peg.2417,3.616708119901586e-08,4.0746610917382916e-32
translation_g.3281.peg.2420,1.910883627490784e-05,1.9922304920073594e-32
transcription_TU_g.3281.peg.2420,2.3216203147895014e-07,-4.231142547973726e-32
translation_763034.3.peg.2421,0.0,-4.173674140001812e-32
transcription_TU_763034.3.peg.2421,0.0,-129.67421531508927
translation_763034.3.peg.2423,0.0,9.466201094944535e-33
transcription_TU_763034.3.peg.2423,0.0,-86.92625287095619
translation_g.3281.peg.2425,0.0,1.0466259884885172e-32
transcription_TU_g.3281.peg.2425,0.0,-75.9122077966091
translation_763034.3.peg.2425,0.0,-1.2700074351071057e-31
transcription_TU_763034.3.peg.2425,0.0,-72.16741934535229
translation_763034.3.peg.2427,0.0,-6.854388336414042e-33
transcription_TU_763034.3.peg.2427,0.0,-42.944445063455014
translation_g.3281.peg.2436,0.0,1.7520645795882112e-32
transcription_TU_g.3281.peg.2436,0.0,-75.76811296072368
translation_g.3281.peg.2459,0.0,-4.079714246092927e-32
transcription_TU_g.3281.peg.2459,0.0,-1.5067217091848951e-32
translation_763034.3.peg.2469,4.02339250736781e-08,-5.661909307893495e-32
transcription_TU_763034.3.peg.2469,4.888204412396656e-10,4.4159010750101447e-32
translation_g.3281.peg.2471,0.0,-4.9979836730266096e-33
transcription_TU_g.3281.peg.2471,0.0,-7.556575612627101e-32
translation_g.3281.peg.2472,0.0,-2.749340207285935e-33
transcription_TU_g.3281.peg.2472,0.0,-25.1945383821154
translation_g.3281.peg.2477,0.0,3.775634467045683e-32
transcription_TU_g.3281.peg.2477,0.0,-5.679533195009971e-32
translation_763034.3.peg.2480,0.0,-1.5938130835738217e-32
transcription_TU_763034.3.peg.2480,0.0,2.342273171371828e-32
translation_g.3281.peg.2492,0.0,2.935446716215649e-32
transcription_TU_g.3281.peg.2492,0.0,1.273913469502959e-32
translation_g.3281.peg.2497,0.0,-1.5112904310984117e-32
transcription_TU_g.3281.peg.2497,0.0,-119.57635465145654
translation_g.3281.peg.2507,0.0,-7.529995294882503e-34
transcription_TU_g.3281.peg.2507,0.0,-68.54893345511132
translation_g.3281.peg.2514,0.0,9.009694841147548e-32
transcription_TU_g.3281.peg.2514,0.0,-1.686901656512119e-31
translation_g.3281.peg.2517,0.0,-3.547586119020425e-32
transcription_TU_g.3281.peg.2517,0.0,-65.17072563074642
translation_763034.3.peg.2518,0.0,-9.55450591822476e-32
transcription_TU_763034.3.peg.2518,0.0,-78.36374922692896
translation_g.3281.peg.2520,4.838575680296645e-08,-1.7469099049290168e-33
transcription_TU_g.3281.peg.2520,5.878607902865242e-10,-1.637607414985047e-32
translation_763034.3.peg.2530,0.0,-3.839996970075161e-32
transcription_TU_763034.3.peg.2530,0.0,-133.42849418648183
translation_g.3281.peg.2531,0.0,-2.9973352211780657e-33
transcription_TU_g.3281.peg.2531,0.0,1.8523894058364417e-32
translation_g.3281.peg.2533,0.0,-4.1905126241842943e-32
transcription_TU_g.3281.peg.2533,0.0,9.495923282978489e-33
translation_g.3281.peg.2543,2.415546066230858e-07,-1.2672492494687968e-32
transcription_TU_g.3281.peg.2543,2.9347578983840936e-09,3.690748513895398e-33
translation_g.3281.peg.2544,0.0,-5.533296220883221e-32
transcription_TU_g.3281.peg.2544,0.0,-5.88936149115261e-32
translation_g.3281.peg.2550,1.7889105072400486e-28,-7.643785364724963e-33
transcription_TU_g.3281.peg.2550,2.1734295669287048e-30,1.1215715481574622e-32
translation_g.3281.peg.2551,0.0,5.887095638008041e-32
transcription_TU_g.3281.peg.2551,0.0,3.7431776014733315e-32
translation_g.3281.peg.2573,2.9835542957462484e-07,-1.913745153634142e-32
transcription_TU_g.3281.peg.2573,3.624857193620694e-09,2.0095806672658805e-32
translation_g.3281.peg.2577,-4.2517556297902416e-29,-1.943873119203334e-32
transcription_TU_g.3281.peg.2577,0.0,-80.93011307280867
translation_g.3281.peg.2583,6.891039512557391e-08,1.0629930801717904e-32
transcription_TU_g.3281.peg.2583,8.372240513347294e-10,2.973043646030179e-32
translation_g.3281.peg.2594,0.0,3.262947771846386e-32
transcription_TU_g.3281.peg.2594,0.0,-91.66990076730023
translation_g.3281.peg.2600,0.0,-3.3677582144436403e-32
transcription_TU_g.3281.peg.2600,0.0,-82.3467715999051
translation_g.3281.peg.2608,0.0,-4.0333746878780127e-33
transcription_TU_g.3281.peg.2608,0.0,-90.23315446080885
translation_g.3281.peg.2631,0.0,-3.9752463756170817e-32
transcription_TU_g.3281.peg.2631,0.0,-2.2085795840082414e-31
translation_g.3281.peg.2641,4.4629501635644274e-29,-1.3763677739704207e-32
transcription_TU_g.3281.peg.2641,0.0,-62.70468319705165
translation_g.3281.peg.2642,4.1108923252075155e-11,5.74007725571845e-32
transcription_TU_g.3281.peg.2642,4.994511961278525e-13,-1.6057281191298893e-32
translation_g.3281.peg.2643,0.0,-2.3437242186282938e-32
transcription_TU_g.3281.peg.2643,0.0,-3.2147015352598956e-32
translation_g.3281.peg.2646,4.601152347051148e-10,5.250235227042154e-32
transcription_TU_g.3281.peg.2646,5.590151386865058e-12,5.547624348016064e-32
translation_g.3281.peg.2648,8.013749130790618e-08,-1.4104286341301096e-33
transcription_TU_g.3281.peg.2648,9.736272011551335e-10,-3.8428077267059086e-32
translation_g.3281.peg.2656,2.5134024311829935e-08,3.1607479876234345e-33
transcription_TU_g.3281.peg.2656,3.0536480921855104e-10,2.0217963339121395e-32
translation_763034.3.peg.2656,0.0,-3.3856861879061344e-32
transcription_TU_763034.3.peg.2656,0.0,2.860593516177842e-32
translation_763034.3.peg.2657,0.0,4.251354650789851e-33
transcription_TU_763034.3.peg.2657,0.0,7.022842608684687e-32
translation_g.3281.peg.2660,0.0,-6.1627993197413714e-33
transcription_TU_g.3281.peg.2660,0.0,-72.69971057141842
translation_g.3281.peg.2673,0.0,1.2494911739705108e-32
transcription_TU_g.3281.peg.2673,0.0,4.195902671362348e-32
translation_g.3281.peg.2680,0.0,-4.069522324474896e-33
transcription_TU_g.3281.peg.2680,0.0,-117.94359048892099
translation_g.3281.peg.2686,0.0,-2.685402503825084e-32
transcription_TU_g.3281.peg.2686,0.0,1.3084777195502396e-32
translation_763034.3.peg.2692,-2.1471252865060505e-41,-3.725298409466356e-32
transcription_TU_763034.3.peg.2692,-5.160814766872319e-43,7.928625316431516e-32
translation_g.3281.peg.2694,9.803632828882172e-10,1.1970744557259731e-32
transcription_TU_g.3281.peg.2694,1.191088395275912e-11,2.36118626011783e-32
translation_g.3281.peg.2698,0.0,3.906106634572519e-32
transcription_TU_g.3281.peg.2698,0.0,-101.08748187759856
translation_g.3281.peg.2705,0.0,5.885335313697763e-33
transcription_TU_g.3281.peg.2705,0.0,-133.8537048930401
translation_g.3281.peg.2713,0.0,-6.925045868752364e-32
transcription_TU_g.3281.peg.2713,0.0,-81.48631423625464
translation_g.3281.peg.2717,0.0,8.900543057273567e-33
transcription_TU_g.3281.peg.2717,0.0,-84.23553989277819
translation_g.3281.peg.2724,0.0,1.4168462687940282e-32
transcription_TU_g.3281.peg.2724,0.0,-5.25854242942953e-34
translation_763034.3.peg.2726,0.0,-2.4085078955219865e-33
transcription_TU_763034.3.peg.2726,0.0,9.856803482040692e-33
translation_g.3281.peg.2739,2.1774018876946785e-08,-3.3526050256777786e-32
transcription_TU_g.3281.peg.2739,2.645425594320947e-10,2.670494153512905e-32
translation_g.3281.peg.2740,3.52981411937362e-09,-3.1482389755666756e-32
transcription_TU_g.3281.peg.2740,4.2885333513111243e-11,4.707977370034517e-32
translation_g.3281.peg.2749,2.3887540957413694e-05,-5.884167250327029e-34
transcription_TU_g.3281.peg.2749,2.902207102476488e-07,-9.09821953937352e-33
translation_g.3281.peg.2753,0.0,1.8530986472427675e-32
transcription_TU_g.3281.peg.2753,0.0,-90.98044906064911
translation_g.3281.peg.2759,0.0,-5.593919452410725e-32
transcription_TU_g.3281.peg.2759,0.0,-120.20049031033172
translation_g.3281.peg.2770,3.280630394300322e-08,7.211474451568946e-32
transcription_TU_g.3281.peg.2770,3.985788594946896e-10,-4.820369077727253e-32
translation_g.3281.peg.2771,0.0,-5.414529959558026e-32
transcription_TU_g.3281.peg.2771,0.0,1.6814697412951079e-31
translation_g.3281.peg.2778,0.0,4.757239107345576e-32
transcription_TU_g.3281.peg.2778,0.0,1.1107310338893532e-31
translation_g.3281.peg.2783,0.0,-2.277047196596983e-32
transcription_TU_g.3281.peg.2783,0.0,-101.21191788128625
translation_g.3281.peg.2787,0.0,-7.508073298714925e-33
transcription_TU_g.3281.peg.2787,0.0,1.0950096437976528e-32
translation_g.3281.peg.2788,0.0,4.97974357439469e-32
transcription_TU_g.3281.peg.2788,0.0,5.445003323697292e-32
translation_g.3281.peg.2798,3.045237126450248e-07,-1.1207405945652135e-32
transcription_TU_g.3281.peg.2798,3.699798498667182e-09,-2.422242576476725e-32
translation_g.3281.peg.2800,0.0,-1.2047690972775333e-32
transcription_TU_g.3281.peg.2800,0.0,3.3602720413415574e-32
translation_763034.3.peg.2800,0.0,-1.0940569449573678e-32
transcription_TU_763034.3.peg.2800,0.0,1.8887120743713646e-33
translation_g.3281.peg.2805,0.0,5.863924001865306e-32
transcription_TU_g.3281.peg.2805,0.0,-3.432410994332556e-32
translation_g.3281.peg.2806,3.923491065306238e-07,2.4571591548180817e-32
transcription_TU_g.3281.peg.2806,4.766829560453699e-09,7.444111061524008e-33
translation_763034.3.peg.2806,0.0,-5.332457714398044e-32
transcription_TU_763034.3.peg.2806,0.0,6.414737148684391e-32
translation_763034.3.peg.2813,0.0,-6.83903492631683e-33
transcription_TU_763034.3.peg.2813,0.0,-2.186442446422359e-32
translation_g.3281.peg.2814,7.251572453333374e-10,1.0841732788641654e-32
transcription_TU_g.3281.peg.2814,8.810268547820242e-12,1.9693135701794028e-32
translation_763034.3.peg.2814,0.0,1.5378402309128425e-32
transcription_TU_763034.3.peg.2814,0.0,9.351850352865678e-32
translation_763034.3.peg.2815,0.0,2.794899729099052e-33
transcription_TU_763034.3.peg.2815,0.0,2.0006514160314356e-33
translation_763034.3.peg.2816,0.0,1.270721047950735e-32
transcription_TU_763034.3.peg.2816,0.0,1.9033052137333205e-32
translation_g.3281.peg.2817,5.898566946559135e-10,-1.0145436558374256e-32
transcription_TU_g.3281.peg.2817,7.1664399936587e-12,-4.967959375356305e-33
translation_g.3281.peg.2819,0.0,1.2267863585756675e-32
transcription_TU_g.3281.peg.2819,0.0,-74.23093425332999
translation_g.3281.peg.2835,0.0,-3.441936257364307e-32
transcription_TU_g.3281.peg.2835,0.0,-117.91607366169733
translation_g.3281.peg.2837,2.0736607911288502e-08,6.643473363673457e-33
transcription_TU_g.3281.peg.2837,2.5193857697074367e-10,-1.0546122004314777e-32
translation_g.3281.peg.2845,-1.9346571497433064e-46,-4.813651352030288e-32
transcription_TU_g.3281.peg.2845,3.1718258626631906e-48,-1.344228959998881e-31
translation_g.3281.peg.2846,0.0,4.613513472815358e-33
transcription_TU_g.3281.peg.2846,0.0,1.958325725200931e-32
translation_g.3281.peg.2849,0.0,1.5972658804315628e-32
transcription_TU_g.3281.peg.2849,0.0,-92.14733906199731
translation_g.3281.peg.2851,0.0,-1.0436436690900013e-32
transcription_TU_g.3281.peg.2851,0.0,-6.922848293056622e-33
translation_763034.3.peg.2852,0.0,1.0840357920573654e-33
transcription_TU_763034.3.peg.2852,0.0,-76.29632021905681
translation_g.3281.peg.2853,0.0,-2.535446160057314e-32
transcription_TU_g.3281.peg.2853,0.0,-146.4872969563923
translation_763034.3.peg.2856,3.272427258746171e-29,-6.19160525916738e-33
transcription_TU_763034.3.peg.2856,0.0,-47.345191540074545
translation_763034.3.peg.2857,-6.157292027316894e-30,-2.312324506292209e-32
transcription_TU_763034.3.peg.2857,-7.480777234177011e-32,5.080294673081987e-32
translation_g.3281.peg.2866,0.0,-4.13569398936063e-32
transcription_TU_g.3281.peg.2866,0.0,6.3216063316368e-33
translation_763034.3.peg.2876,-5.623827597280783e-29,9.302219186119906e-33
transcription_TU_763034.3.peg.2876,-6.83264653529209e-31,1.1049853150288523e-32
translation_g.3281.peg.2877,-1.2189415900504495e-37,-2.208570590010941e-32
transcription_TU_g.3281.peg.2877,0.0,2.335358636636252e-32
translation_763034.3.peg.2878,-1.4012064496816335e-28,8.747609062388272e-33
transcription_TU_763034.3.peg.2878,-1.7023993208599348e-30,-2.429840771835874e-32
translation_g.3281.peg.2882,0.0,-2.593024184620313e-32
transcription_TU_g.3281.peg.2882,0.0,5.340266934878892e-34
translation_g.3281.peg.2892,0.0,-8.205333439899444e-33
transcription_TU_g.3281.peg.2892,0.0,-52.90768385716798
translation_g.3281.peg.2897,2.198414860264152e-06,4.985707814897288e-33
transcription_TU_g.3281.peg.2897,2.6709552201388537e-08,-6.763846964795094e-33
translation_g.3281.peg.2898,4.008570837436669e-08,-6.128279246797223e-32
transcription_TU_g.3281.peg.2898,4.870196884614115e-10,4.948354192977202e-32
translation_g.3281.peg.2910,0.0,-1.0066805056198738e-33
transcription_TU_g.3281.peg.2910,0.0,-3.9325668429762196e-32
translation_g.3281.peg.2913,0.0,-2.962366152463066e-32
transcription_TU_g.3281.peg.2913,0.0,-6.090596373928501e-32
translation_g.3281.peg.2914,0.0,-1.3213063197394926e-32
transcription_TU_g.3281.peg.2914,0.0,-4.371319181350536e-32
translation_g.3281.peg.2918,0.0,-3.1268321750269014e-32
transcription_TU_g.3281.peg.2918,0.0,-81.92440583410107
translation_763034.3.peg.2919,0.0,-2.6738254363437866e-34
transcription_TU_763034.3.peg.2919,0.0,4.446676557735792e-33
translation_g.3281.peg.2924,2.6423587536315204e-07,-4.523292411574019e-32
transcription_TU_g.3281.peg.2924,3.2103230532401387e-09,-5.459163422685663e-32
translation_g.3281.peg.2929,0.0,3.267794802314369e-32
transcription_TU_g.3281.peg.2929,0.0,-166.95368203575774
translation_g.3281.peg.2930,0.0,-3.29224707923347e-33
transcription_TU_g.3281.peg.2930,0.0,-169.40955543830907
translation_g.3281.peg.2941,2.3887540957413694e-05,-3.7669949654366206e-33
transcription_TU_g.3281.peg.2941,2.902207102476488e-07,7.57659206849989e-33
translation_g.3281.peg.2954,0.0,1.1144213147128521e-32
transcription_TU_g.3281.peg.2954,0.0,3.7494203406245136e-32
translation_g.3281.peg.2959,0.0,-2.1573899453534227e-32
transcription_TU_g.3281.peg.2959,0.0,-1.4293288458985323e-32
translation_763034.3.peg.2961,1.0915274306548752e-28,-1.1179069521497417e-34
transcription_TU_763034.3.peg.2961,1.3261468258461852e-30,-4.011400829351069e-32
translation_g.3281.peg.2970,0.0,-3.1679703250199215e-32
transcription_TU_g.3281.peg.2970,0.0,-104.2166601280801
translation_g.3281.peg.2992,3.513722140420471e-08,-9.988748697795142e-33
transcription_TU_g.3281.peg.2992,4.268982466733264e-10,-1.027720071710221e-32
translation_g.3281.peg.3002,7.251572453333374e-10,-8.523122693471306e-32
transcription_TU_g.3281.peg.3002,8.810268547820242e-12,-1.1786425636837337e-32
translation_763034.3.peg.3012,0.0,2.0327867801391843e-32
transcription_TU_763034.3.peg.3012,0.0,-3.899927219489839e-32
translation_g.3281.peg.3017,1.3480634537827942e-09,2.305692745278385e-32
transcription_TU_g.3281.peg.3017,1.6378242269190866e-11,2.2175445816364504e-32
translation_g.3281.peg.3018,2.1754717360000123e-09,-1.2322166791220558e-32
transcription_TU_g.3281.peg.3018,2.6430805643460725e-11,8.834219309641531e-33
translation_763034.3.peg.3022,0.0,8.283830944305172e-33
transcription_TU_763034.3.peg.3022,0.0,-72.69971057141842
translation_g.3281.peg.3026,2.7782015316712487e-09,-1.1684919829767285e-32
transcription_TU_g.3281.peg.3026,3.37536468559145e-11,-6.174339656921863e-33
translation_g.3281.peg.3032,0.0,-1.695224697305852e-32
transcription_TU_g.3281.peg.3032,0.0,-110.35674905133888
translation_g.3281.peg.3040,0.0,-3.4009814776812394e-33
transcription_TU_g.3281.peg.3040,0.0,6.045324706217533e-33
translation_g.3281.peg.3042,0.0,-3.648121782383441e-32
transcription_TU_g.3281.peg.3042,0.0,3.1835252102866344e-32
translation_763034.3.peg.3050,0.0,-3.1268321750269014e-32
transcription_TU_763034.3.peg.3050,0.0,-81.92440583410107
translation_763034.3.peg.3052,1.518584568332515e-07,3.7299327029502514e-32
transcription_TU_763034.3.peg.3052,1.8449981635962372e-09,-3.3096037302392786e-32
translation_763034.3.peg.3053,1.6960405140259046e-07,3.062076164281949e-32
transcription_TU_763034.3.peg.3053,2.0605975452513833e-09,9.622160166277763e-33
translation_763034.3.peg.3055,0.0,-9.83660327904117e-33
transcription_TU_763034.3.peg.3055,0.0,-73.84110370814417
translation_g.3281.peg.3056,1.9116656770499336e-08,-4.88059955471506e-32
transcription_TU_g.3281.peg.3056,2.322570462730262e-10,4.335685966811356e-32
translation_763034.3.peg.3062,0.0,-2.418443272708313e-32
transcription_TU_763034.3.peg.3062,0.0,-90.23315446080885
translation_763034.3.peg.3066,0.0,4.23362325701716e-33
transcription_TU_763034.3.peg.3066,0.0,-54.17659127688176
translation_g.3281.peg.3068,0.0,-6.478838796414457e-32
transcription_TU_g.3281.peg.3068,0.0,-76.55688479643005
translation_763034.3.peg.3068,2.7893334238912086e-08,3.747580439212791e-32
transcription_TU_763034.3.peg.3068,3.388889332905448e-10,-9.155673344408444e-33
translation_763034.3.peg.3073,2.768310443717303e-07,-1.875207818224988e-32
transcription_TU_763034.3.peg.3073,3.3633475483891162e-09,-1.3611456954426887e-32
translation_763034.3.peg.3074,1.0605318506751165e-28,-1.784849056750918e-32
transcription_TU_763034.3.peg.3074,1.2884888716335665e-30,7.416613087860182e-33
translation_763034.3.peg.3075,9.79200949105054e-29,1.2755785080022905e-33
transcription_TU_763034.3.peg.3075,1.1896762225591983e-30,-7.26709042639433e-33
translation_763034.3.peg.3076,4.314702675265377e-08,4.8193285828604825e-32
transcription_TU_763034.3.peg.3076,5.242130519651972e-10,5.913926863223435e-32
translation_763034.3.peg.3077,0.0,9.652610821978348e-33
transcription_TU_763034.3.peg.3077,0.0,-3.369304978230193e-32
translation_g.3281.peg.3080,0.0,-6.831189203465376e-33
transcription_TU_g.3281.peg.3080,0.0,5.735882405212971e-32
translation_g.3281.peg.3085,3.7557487825034237e-07,-6.884149766943707e-32
transcription_TU_g.3281.peg.3085,4.563031754139585e-09,-4.307179893015934e-32
translation_g.3281.peg.3087,0.0,-4.696957502849323e-35
transcription_TU_g.3281.peg.3087,0.0,-100.02053302789001
translation_g.3281.peg.3107,0.0,3.1675078916224437e-32
transcription_TU_g.3281.peg.3107,0.0,5.36413049224438e-32
translation_763034.3.peg.3111,0.0,-1.3213063197394926e-32
transcription_TU_763034.3.peg.3111,0.0,-4.371319181350536e-32
translation_g.3281.peg.3114,7.038823564932934e-08,-1.2752617020493594e-32
transcription_TU_g.3281.peg.3114,8.551790148532304e-10,-2.7075929439265267e-32
translation_g.3281.peg.3115,2.3887540957413694e-05,-1.8010337902175488e-33
transcription_TU_g.3281.peg.3115,2.902207102476488e-07,-6.945774450207607e-33
translation_763034.3.peg.3119,1.090022907754127e-05,-1.8633231108397425e-32
transcription_TU_763034.3.peg.3119,1.3243189118486018e-07,-4.094653127813881e-32
translation_g.3281.peg.3120,-3.340453427328301e-29,-4.525767408459036e-33
transcription_TU_g.3281.peg.3120,-4.058470346353278e-31,1.1851730903763388e-32
translation_g.3281.peg.3125,2.6204718098911656e-07,-1.6969477277776683e-32
transcription_TU_g.3281.peg.3125,3.1837315996920297e-09,5.063263329783747e-32
translation_g.3281.peg.3134,0.0,3.196485404743898e-32
transcription_TU_g.3281.peg.3134,0.0,-1.8040026554753163e-32
translation_g.3281.peg.3135,2.6419032603474757e-07,-3.364369366941511e-32
transcription_TU_g.3281.peg.3135,3.2097696535216653e-09,1.2765109529464663e-32
translation_g.3281.peg.3137,1.2084724453250718e-07,7.794866636470793e-33
transcription_TU_g.3281.peg.3137,1.4682286972201098e-09,6.1288561553011375e-33
translation_g.3281.peg.3142,0.0,1.4364777286840637e-32
transcription_TU_g.3281.peg.3142,0.0,-101.63669326133741
translation_g.3281.peg.3145,1.918201205536132e-07,-5.0444033149482584e-33
transcription_TU_g.3281.peg.3145,2.3305107765636943e-09,-2.0803404286579134e-32
translation_g.3281.peg.3146,0.0,-6.632717522036871e-32
transcription_TU_g.3281.peg.3146,0.0,-1.1371845673617016e-31
translation_763034.3.peg.3150,0.0,8.874640082321179e-33
transcription_TU_763034.3.peg.3150,0.0,-48.10625548006352
translation_g.3281.peg.3151,4.5771632486533474e-07,2.434716939801417e-33
transcription_TU_g.3281.peg.3151,5.5610059290399e-09,-1.7010646188964604e-32
translation_g.3281.peg.3153,3.6311048478542806e-07,1.1079024968703794e-34
transcription_TU_g.3281.peg.3153,4.4115961111555426e-09,-2.1521404598921284e-32
translation_g.3281.peg.3154,0.0,5.689368401056347e-33
transcription_TU_g.3281.peg.3154,0.0,-2.2861010534367287e-33
translation_g.3281.peg.3157,2.3887540957413694e-05,-8.755402232732973e-34
transcription_TU_g.3281.peg.3157,2.902207102476488e-07,-7.391915881113069e-34
translation_g.3281.peg.3158,0.0,-1.1958273191612873e-32
transcription_TU_g.3281.peg.3158,0.0,-63.88676892482569
translation_g.3281.peg.3160,1.08729062157426e-07,1.7640060689977487e-33
transcription_TU_g.3281.peg.3160,1.3209993318335031e-09,-6.544921668069209e-32
translation_763034.3.peg.3161,0.0,-3.55520646789994e-32
transcription_TU_763034.3.peg.3161,0.0,1.1299380880470755e-32
translation_g.3281.peg.3165,7.251572453333374e-10,4.897225953577751e-35
transcription_TU_g.3281.peg.3165,8.810268547820242e-12,-8.202140643995076e-33
translation_g.3281.peg.3172,2.3887540957413694e-05,-1.159854164896877e-33
transcription_TU_g.3281.peg.3172,2.902207102476488e-07,4.324334629513142e-33
translation_g.3281.peg.3175,0.0,-3.9594490545385905e-32
transcription_TU_g.3281.peg.3175,0.0,-4.997062446991561e-32
translation_g.3281.peg.3176,0.0,-2.473655114104523e-32
transcription_TU_g.3281.peg.3176,0.0,-4.5676565287006465e-32
translation_g.3281.peg.3200,1.3667966166644643e-05,-1.2910595782627492e-33
transcription_TU_g.3281.peg.3200,1.660584007201183e-07,-1.4773932787933387e-32
translation_g.3281.peg.3202,0.0,-7.096890083695523e-33
transcription_TU_g.3281.peg.3202,0.0,-1.4505426745396717e-32
translation_g.3281.peg.3205,0.0,7.36086584913031e-33
transcription_TU_g.3281.peg.3205,0.0,5.495469260625608e-32
translation_g.3281.peg.3207,0.0,1.1649952983929727e-32
transcription_TU_g.3281.peg.3207,0.0,-70.42949029395132
translation_g.3281.peg.3209,1.2749719600784348e-06,2.98364135969981e-32
transcription_TU_g.3281.peg.3209,1.5490220130212296e-08,-2.351708350589547e-32
translation_g.3281.peg.3215,7.494757955992461e-42,8.032299306500894e-34
transcription_TU_g.3281.peg.3215,-2.8113534498790414e-44,-4.564636550017496e-33
translation_g.3281.peg.3222,0.0,-1.6760179387132478e-33
transcription_TU_g.3281.peg.3222,0.0,1.8217819767535408e-32
translation_g.3281.peg.3224,4.969845539392097e-10,3.978596538306631e-32
transcription_TU_g.3281.peg.3224,6.038093685887907e-12,7.151169930496085e-32
translation_g.3281.peg.3226,0.0,2.1536938623308497e-33
transcription_TU_g.3281.peg.3226,0.0,4.0332877615653187e-32
translation_g.3281.peg.3230,2.388708084217899e-05,-6.153262556395935e-32
transcription_TU_g.3281.peg.3230,2.9021512009626195e-07,-5.6215773628861e-32
translation_g.3281.peg.3233,0.0,6.275755416772122e-33
transcription_TU_g.3281.peg.3233,0.0,-1.0884370488674667e-32
translation_g.3281.peg.3239,0.0,-6.502516393964451e-34
transcription_TU_g.3281.peg.3239,0.0,1.8297675523127365e-33
translation_g.3281.peg.3243,0.0,-3.3296746886910185e-32
transcription_TU_g.3281.peg.3243,-6.470664419680273e-65,-5.91678121058901e-32
translation_g.3281.peg.3245,2.3517091550291122e-07,1.5322085846619844e-32
transcription_TU_g.3281.peg.3245,2.8571995019714364e-09,-2.1197375542452464e-32
translation_g.3281.peg.3247,9.350607781458984e-08,-3.55907196451921e-33
transcription_TU_g.3281.peg.3247,1.1360483008360835e-09,-8.084463986147625e-34
translation_g.3281.peg.3253,0.0,-5.628497949061545e-32
transcription_TU_g.3281.peg.3253,0.0,-100.21132714670843
translation_g.3281.peg.3256,0.0,7.019281440082474e-33
transcription_TU_g.3281.peg.3256,0.0,-76.44501539611572
translation_g.3281.peg.3260,0.0,2.4117991059890574e-32
transcription_TU_g.3281.peg.3260,0.0,2.4799386106942266e-32
translation_g.3281.peg.3264,-1.9626640650059745e-29,-2.4622247233640685e-32
transcription_TU_g.3281.peg.3264,-2.3845307473844e-31,2.8438727487217224e-32
translation_g.3281.peg.3270,0.0,-8.76562967221267e-32
transcription_TU_g.3281.peg.3270,0.0,-211.1730060663472
translation_g.3281.peg.3271,2.3532094129157464e-09,-2.91565639777439e-33
transcription_TU_g.3281.peg.3271,2.859022234207416e-11,-2.315384824582839e-32
translation_g.3281.peg.3276,1.2332326988638032e-07,6.767649184323987e-32
transcription_TU_g.3281.peg.3276,1.49831106685679e-09,1.0041796731887705e-31
translation_g.3281.peg.3279,2.0469755979668363e-08,2.3487539943209723e-32
transcription_TU_g.3281.peg.3279,2.4869647024808757e-10,-3.0744066981507335e-32
translation_g.3281.peg.3287,1.1907351354220815e-07,-3.248149782956479e-32
transcription_TU_g.3281.peg.3287,1.4466788244763823e-09,8.936303626467507e-34
translation_g.3281.peg.3289,2.1815127800198862e-08,-4.6049872416678454e-32
transcription_TU_g.3281.peg.3289,2.6504201062822254e-10,1.3023345421151848e-32
translation_g.3281.peg.3298,2.388708084217899e-05,2.722738367559558e-32
transcription_TU_g.3281.peg.3298,2.9021512009626195e-07,9.720478501126363e-32
translation_g.3281.peg.3301,0.0,8.25137683104073e-32
transcription_TU_g.3281.peg.3301,0.0,-3.8430282429267965e-33
translation_763034.3.peg.3302,0.0,2.0643941183717557e-32
transcription_TU_763034.3.peg.3302,0.0,-2.339365221686997e-32
translation_763034.3.peg.3303,4.5169350290295825e-08,-1.2200975446658897e-32
transcription_TU_763034.3.peg.3303,5.487831897827049e-10,-7.58349231861963e-32
translation_763034.3.peg.3304,0.0,3.396266179148104e-32
transcription_TU_763034.3.peg.3304,0.0,2.36118626011783e-32
translation_763034.3.peg.3305,0.0,3.6311595489075184e-33
transcription_TU_763034.3.peg.3305,0.0,-73.02656322762164
translation_763034.3.peg.3306,0.0,1.0335803020298461e-32
transcription_TU_763034.3.peg.3306,0.0,-87.7225226040581
translation_763034.3.peg.3307,0.0,2.8960972214143804e-33
transcription_TU_763034.3.peg.3307,0.0,-52.272869166619465
translation_g.3281.peg.3308,0.0,9.34701407083162e-33
transcription_TU_g.3281.peg.3308,0.0,-56.57414951956157
translation_763034.3.peg.3308,0.0,1.978581546285509e-32
transcription_TU_763034.3.peg.3308,0.0,-6.161493666021231e-32
translation_763034.3.peg.3309,0.0,-1.972706960854242e-32
transcription_TU_763034.3.peg.3309,0.0,-9.32864892826422e-33
translation_g.3281.peg.3315,0.0,3.8465012530872445e-32
transcription_TU_g.3281.peg.3315,0.0,-73.02129153958796
translation_763034.3.peg.3326,0.0,-2.2369091034269624e-32
transcription_TU_763034.3.peg.3326,0.0,-2.3035181619027764e-32
translation_763034.3.peg.3329,0.0,1.8856021680830627e-33
transcription_TU_763034.3.peg.3329,0.0,-4.0123405769771995e-32
translation_763034.3.peg.3330,7.924818677582332e-07,1.239425431199283e-32
transcription_TU_763034.3.peg.3330,9.628226318029483e-09,-2.440163317460175e-32
translation_763034.3.peg.3331,0.0,2.7057122787521995e-32
transcription_TU_763034.3.peg.3331,0.0,-58.856069933070344
translation_763034.3.peg.3332,0.0,2.329194900278772e-32
transcription_TU_763034.3.peg.3332,0.0,-101.22384053792402
translation_763034.3.peg.3333,0.0,-1.7420896140944166e-31
transcription_TU_763034.3.peg.3333,0.0,5.445003323697292e-32
translation_763034.3.peg.3336,0.0,-3.751107443530141e-33
transcription_TU_763034.3.peg.3336,0.0,6.531626855399941e-32
translation_763034.3.peg.3337,0.0,-1.461855181165617e-32
transcription_TU_763034.3.peg.3337,0.0,-110.18573479051189
translation_g.3281.peg.3338,0.0,3.8628760471930584e-33
transcription_TU_g.3281.peg.3338,0.0,-40.57935719766862
translation_763034.3.peg.3338,0.0,-3.733338161035295e-32
transcription_TU_763034.3.peg.3338,0.0,1.0798769500488373e-31
translation_g.3281.peg.3339,0.0,4.347410095685319e-32
transcription_TU_g.3281.peg.3339,0.0,2.838430340255684e-32
translation_g.3281.peg.3346,0.0,8.038273642524924e-33
transcription_TU_g.3281.peg.3346,0.0,-6.691104155190804e-33
translation_g.3281.peg.3357,0.0,1.4808441371946377e-32
transcription_TU_g.3281.peg.3357,0.0,-38.530950519246616
translation_g.3281.peg.3376,0.0,1.2434103815824296e-32
transcription_TU_g.3281.peg.3376,0.0,-97.38874226757278
translation_g.3281.peg.3382,0.0,1.389669221882373e-32
transcription_TU_g.3281.peg.3382,0.0,-123.44095742727126
translation_763034.3.peg.3383,0.0,1.1373541555053415e-32
transcription_TU_763034.3.peg.3383,0.0,-71.14267435755302
translation_g.3281.peg.3392,0.0,1.4163844343108746e-32
transcription_TU_g.3281.peg.3392,0.0,-193.02167802923287
translation_763034.3.peg.3392,6.89837559448455e-08,-9.199107039359109e-33
transcription_TU_763034.3.peg.3392,8.381153456337662e-10,2.658985115577286e-34
translation_g.3281.peg.3402,5.053658871036272e-08,-3.6627252209098026e-32
transcription_TU_g.3281.peg.3402,6.139922353314826e-10,4.1831748094651846e-32
translation_g.3281.peg.3409,0.0,-5.181226687265287e-32
transcription_TU_g.3281.peg.3409,0.0,-4.3407650397234336e-33
translation_g.3281.peg.3410,5.351279784044764e-07,-2.6368544534253226e-32
transcription_TU_g.3281.peg.3410,6.5015156747532594e-09,6.075737470171534e-32
translation_g.3281.peg.3413,1.0943020533041469e-07,-8.426234739354789e-32
transcription_TU_g.3281.peg.3413,1.3295178423831171e-09,3.262446092208789e-32
translation_g.3281.peg.3417,0.0,1.348389454542346e-34
transcription_TU_g.3281.peg.3417,0.0,-52.31211278887214
translation_g.3281.peg.3432,0.0,-2.3503882866391294e-32
transcription_TU_g.3281.peg.3432,0.0,-3.6880741094383674e-32
translation_g.3281.peg.3442,0.0,-1.201136307449529e-32
transcription_TU_g.3281.peg.3442,0.0,2.140708731165386e-33
translation_g.3281.peg.3443,0.0,-3.6685425910631005e-32
transcription_TU_g.3281.peg.3443,0.0,1.3585724271249798e-32
translation_763034.3.peg.3446,5.932948197172378e-08,-1.8115917197800063e-33
transcription_TU_763034.3.peg.3446,7.208211354678935e-10,2.2034572572776756e-33
translation_g.3281.peg.3449,2.8660823810813854e-07,1.5405106122904842e-32
transcription_TU_g.3281.peg.3449,3.4821351672347728e-09,-3.5320643749836544e-32
translation_g.3281.peg.3456,0.0,-2.3402602124222646e-32
transcription_TU_g.3281.peg.3456,0.0,-3.934764944566168e-33
translation_g.3281.peg.3459,0.0,-1.9642100435061703e-32
transcription_TU_g.3281.peg.3459,0.0,-71.10175353181594
translation_g.3281.peg.3469,0.0,-4.1688440924065415e-32
transcription_TU_g.3281.peg.3469,0.0,-2.2293540016827396e-32
translation_763034.3.peg.3480,0.0,1.6028685895529586e-32
transcription_TU_763034.3.peg.3480,0.0,2.334878326782401e-32
translation_763034.3.peg.3482,0.0,-2.4370476369395934e-32
transcription_TU_763034.3.peg.3482,0.0,-1.4117573290805931e-32
translation_763034.3.peg.3489,0.0,-3.165856314492872e-33
transcription_TU_763034.3.peg.3489,0.0,-1.6367803549943862e-32
translation_g.3281.peg.3490,0.0,-2.3769001842925334e-32
transcription_TU_g.3281.peg.3490,0.0,-85.6765798519092
translation_g.3281.peg.3494,0.0,6.752528367345393e-33
transcription_TU_g.3281.peg.3494,0.0,-24.357630492047004
translation_g.3281.peg.3496,0.0,2.4227361956173204e-32
transcription_TU_g.3281.peg.3496,0.0,-5.735654053093404e-33
translation_g.3281.peg.3501,0.0,3.574749041062229e-33
transcription_TU_g.3281.peg.3501,0.0,-32.64651097662027
translation_763034.3.peg.3502,0.0,-1.663692075886336e-32
transcription_TU_763034.3.peg.3502,0.0,-7.662427916012089e-33
translation_g.3281.peg.3503,0.0,-1.272770966821897e-32
transcription_TU_g.3281.peg.3503,0.0,-97.51849745281285
translation_g.3281.peg.3508,0.0,1.1236205237743352e-32
transcription_TU_g.3281.peg.3508,0.0,-2.637404672107327e-33
translation_763034.3.peg.3508,5.993720787195399e-06,-1.2627671230288708e-32
transcription_TU_763034.3.peg.3508,7.282046766500997e-08,1.0950096437976528e-32
translation_g.3281.peg.3514,-1.5872862923952537e-41,2.8824973531405705e-32
transcription_TU_g.3281.peg.3514,-1.9988154185667335e-43,2.714714227671751e-32
translation_g.3281.peg.3530,2.1815127800198862e-08,1.3280383286644871e-33
transcription_TU_g.3281.peg.3530,2.6504201062822254e-10,-1.7992894127651246e-32
translation_g.3281.peg.3533,3.7409815131131365e-06,5.506608311120559e-32
transcription_TU_g.3281.peg.3533,4.5450903200735665e-08,-5.96702011764359e-32
translation_g.3281.peg.3541,0.0,-2.9869348230128486e-33
transcription_TU_g.3281.peg.3541,0.0,-96.13214159100004
translation_g.3281.peg.3551,0.0,5.940039327724104e-34
transcription_TU_g.3281.peg.3551,0.0,1.2968420317172902e-32
translation_g.3281.peg.3558,2.388708084217899e-05,-2.5082575053376156e-32
transcription_TU_g.3281.peg.3558,2.9021512009626195e-07,-6.922540888892095e-32
translation_g.3281.peg.3575,9.059250859683604e-42,2.0659993029390023e-32
transcription_TU_g.3281.peg.3575,-1.657447607784215e-43,2.835175720168256e-32
translation_g.3281.peg.3583,0.0,-2.173170123849906e-32
transcription_TU_g.3281.peg.3583,0.0,5.455212136723504e-32
translation_g.3281.peg.3601,8.283075898986819e-11,-3.585872978042282e-33
transcription_TU_g.3281.peg.3601,1.0063489476479833e-12,3.023182654756305e-32
translation_g.3281.peg.3605,1.2243263135027144e-06,3.5513570587798254e-32
transcription_TU_g.3281.peg.3605,1.487490290076783e-08,-4.293738963985678e-33
translation_g.3281.peg.3620,0.0,1.0079439886416196e-32
transcription_TU_g.3281.peg.3620,0.0,-2.5949154936359876e-32
translation_g.3281.peg.3631,9.145749344322383e-06,1.2315420843858644e-32
transcription_TU_g.3281.peg.3631,1.1111591080840957e-07,-1.0435567260224227e-32
translation_763034.3.peg.3640,0.0,-3.329361417970606e-32
transcription_TU_763034.3.peg.3640,0.0,-5.0719769485055425e-33
translation_763034.3.peg.3641,7.042515397215223e-30,-7.605785926456524e-33
transcription_TU_763034.3.peg.3641,8.556275525193682e-32,1.7600971816139317e-32
translation_g.3281.peg.3653,0.0,6.420369717264733e-33
transcription_TU_g.3281.peg.3653,0.0,-5.533955130087918e-33
translation_g.3281.peg.3656,3.6467514633367934e-07,-6.579656837345527e-32
transcription_TU_g.3281.peg.3656,4.430605903190656e-09,-9.804051948497421e-32
transcription_TU_HMPREF9446_RS00085,0.0,4.390542387954949e-35
transcription_TU_HMPREF9446_RS01195,0.0,-1.7838125347776783e-33
transcription_TU_HMPREF9446_RS01550,1.3709736441708572e-05,-1.3918688361976573e-33
transcription_TU_HMPREF9446_RS02765,9.7345606310448e-06,-3.614360119536623e-33
transcription_TU_HMPREF9446_RS03960,1.629287909206254e-05,-3.917259450878983e-33
transcription_TU_HMPREF9446_RS04185,1.0025883317219323e-05,7.191596660949712e-34
transcription_TU_HMPREF9446_RS04480,2.388708084217899e-05,3.312983242126644e-33
transcription_TU_HMPREF9446_RS04590,0.0,-6.490371536858664e-34
transcription_TU_HMPREF9446_RS04745,1.3174507914356982e-05,-2.171273593268128e-33
transcription_TU_HMPREF9446_RS04755,0.0,-6.490371536858664e-34
transcription_TU_HMPREF9446_RS05305,0.0,-2.171273593268128e-33
transcription_TU_HMPREF9446_RS05745,1.0204557175343309e-05,2.090239283413954e-34
transcription_TU_HMPREF9446_RS05925,0.0,-6.18485088169545e-33
transcription_TU_HMPREF9446_RS06225,1.2826091797664124e-05,-1.4188649422340926e-33
transcription_TU_HMPREF9446_RS06600,0.0,1.457033232564231e-33
transcription_TU_HMPREF9446_RS06770,0.0,-6.383253336239952e-34
transcription_TU_HMPREF9446_RS07020,2.0142742157310954e-06,1.3033051767906276e-34
transcription_TU_HMPREF9446_RS07720,9.141191711464877e-06,1.6753145284246883e-33
transcription_TU_HMPREF9446_RS07725,0.0,1.2561214169788366e-33
transcription_TU_HMPREF9446_RS07730,2.388708084217899e-05,-1.2591610465098045e-31
transcription_TU_HMPREF9446_RS07735,1.5853730331666534e-05,3.079479966618167e-35
transcription_TU_HMPREF9446_RS07740,0.0,-2.3125876321422902e-33
transcription_TU_HMPREF9446_RS07745,2.388708084217899e-05,-1.8381194127586214e-31
transcription_TU_HMPREF9446_RS08175,0.0,-1.8966127586593533e-33
transcription_TU_HMPREF9446_RS08180,0.0,3.382830954786488e-33
transcription_TU_HMPREF9446_RS08185,0.0,-7.844384419976052e-34
transcription_TU_HMPREF9446_RS08195,0.0,1.3033051767906276e-34
transcription_TU_HMPREF9446_RS08745,0.0,3.079479966618167e-35
transcription_TU_HMPREF9446_RS08800,2.961233557240185e-06,-1.2804109199811066e-33
transcription_TU_HMPREF9446_RS09540,1.2777060104767285e-05,1.9274873973527724e-33
transcription_TU_HMPREF9446_RS09545,0.0,1.9274873973527724e-33
transcription_TU_HMPREF9446_RS10005,5.812114040073637e-06,-2.4507466381628547e-33
transcription_TU_HMPREF9446_RS10170,6.688945633128461e-06,-6.4738427511131734e-34
transcription_TU_HMPREF9446_RS10270,0.0,-3.59123682044133e-34
transcription_TU_HMPREF9446_RS10515,2.118186818348667e-06,4.589523632911193e-33
transcription_TU_HMPREF9446_RS11735,0.0,-4.129555944208868e-34
transcription_TU_HMPREF9446_RS11885,1.2023400271495705e-05,-1.8045718004809456e-33
transcription_TU_HMPREF9446_RS11890,0.0,4.390542387954949e-35
transcription_TU_HMPREF9446_RS11895,0.0,-1.8045718004809456e-33
transcription_TU_HMPREF9446_RS12820,0.0,3.556899614594558e-33
transcription_TU_HMPREF9446_RS12905,4.354558141355182e-06,-4.7740979286137174e-33
transcription_TU_HMPREF9446_RS13135,0.0,1.7136724478380046e-33
transcription_TU_HMPREF9446_RS13250,8.418742645649778e-06,2.5523213762317967e-34
transcription_TU_HMPREF9446_RS13255,0.0,1.8456189568551932e-33
transcription_TU_HMPREF9446_RS13625,0.0,-1.2846495742381019e-33
transcription_TU_HMPREF9446_RS13630,0.0,-3.59123682044133e-34
transcription_TU_HMPREF9446_RS13635,1.2674710664523283e-05,-5.035812701899801e-34
transcription_TU_HMPREF9446_RS14255,0.0,1.4101021322286686e-33
transcription_TU_HMPREF9446_RS14550,0.0,1.7492008213891654e-33
transcription_TU_HMPREF9446_RS14950,4.582539762336548e-06,-4.129555944208868e-34
transcription_TU_HMPREF9446_RS14955,0.0,5.5809503066749506e-33
transcription_TU_HMPREF9446_RS15205,0.0,2.090239283413954e-34
transcription_TU_HMPREF9446_RS15210,0.0,-1.3219971894151442e-33
transcription_TU_HMPREF9446_RS15390,4.741536130396881e-06,-4.129555944208868e-34
transcription_TU_HMPREF9446_RS15395,0.0,3.847479366567752e-33
transcription_TU_HMPREF9446_RS15400,3.588230097414527e-06,-4.129555944208868e-34
transcription_TU_HMPREF9446_RS15405,0.0,3.482671761496364e-33
transcription_TU_HMPREF9446_RS15410,0.0,1.2561214169788366e-33
transcription_TU_HMPREF9446_RS15450,0.0,7.191596660949712e-34
transcription_TU_HMPREF9446_RS17605,0.0,1.138702474525251e-33
charging_tRNA_HMPREF9446_RS00085_CGU,0.0,-7.375717991680461e-06
charging_tRNA_HMPREF9446_RS00085_CGC,0.0,-7.375717991680461e-06
charging_tRNA_HMPREF9446_RS00085_CGA,0.0,-7.375717991680461e-06
charging_tRNA_HMPREF9446_RS00085_CGG,0.0,-7.375717991680461e-06
charging_tRNA_HMPREF9446_RS00085_AGA,0.0,-7.375717991680461e-06
charging_tRNA_HMPREF9446_RS00085_AGG,0.0,-7.375717991680461e-06
charging_tRNA_HMPREF9446_RS01195_CGU,0.0,-2.3510444283256537e-05
charging_tRNA_HMPREF9446_RS01195_CGC,0.0,-2.3510444283256537e-05
charging_tRNA_HMPREF9446_RS01195_CGA,0.0,-2.3510444283256537e-05
charging_tRNA_HMPREF9446_RS01195_CGG,0.0,-2.3510444283256537e-05
charging_tRNA_HMPREF9446_RS01195_AGA,0.0,-2.3510444283256537e-05
charging_tRNA_HMPREF9446_RS01195_AGG,0.0,-2.3510444283256537e-05
charging_tRNA_HMPREF9446_RS01550_UUA,0.01581810680407379,-1.56566087545031e-38
charging_tRNA_HMPREF9446_RS01550_UUG,0.05871697088005767,4.3036437866451064e-38
charging_tRNA_HMPREF9446_RS01550_CUU,0.017037767788182553,-5.941119636018969e-38
charging_tRNA_HMPREF9446_RS01550_CUC,0.010822486473932236,-1.0305559083184883e-37
charging_tRNA_HMPREF9446_RS01550_CUA,0.003025507537911657,2.345630936355804e-37
charging_tRNA_HMPREF9446_RS01550_CUG,0.042490613288552456,-5.724218921298735e-38
charging_tRNA_HMPREF9446_RS02765_ACU,0.04191972305294028,-7.390979353171186e-38
charging_tRNA_HMPREF9446_RS02765_ACC,0.02868324910286635,-4.4337800565936635e-38
charging_tRNA_HMPREF9446_RS02765_ACA,0.015951106971939348,-2.613118723747531e-38
charging_tRNA_HMPREF9446_RS02765_ACG,0.018470040859087797,4.413098849701233e-38
charging_tRNA_HMPREF9446_RS03960_GCU,0.06085519665579505,-1.242479685552498e-38
charging_tRNA_HMPREF9446_RS03960_GCC,0.05788698589197018,1.0302452123181188e-38
charging_tRNA_HMPREF9446_RS03960_GCA,0.029864024485784724,-2.792249319508251e-38
charging_tRNA_HMPREF9446_RS03960_GCG,0.027174226573148545,-3.3050657930063924e-38
charging_tRNA_HMPREF9446_RS04185_GAU,0.06050212562285152,-1.649215157432333e-37
charging_tRNA_HMPREF9446_RS04185_GAC,0.047665013336005035,-1.1286921012304554e-37
charging_tRNA_HMPREF9446_RS04590_UCU,0.0,-5.6833220480658365e-05
charging_tRNA_HMPREF9446_RS04590_UCC,0.0,-5.6833220480658365e-05
charging_tRNA_HMPREF9446_RS04590_UCA,0.0,-5.6833220480658365e-05
charging_tRNA_HMPREF9446_RS04590_UCG,0.0,-5.6833220480658365e-05
charging_tRNA_HMPREF9446_RS04590_AGU,0.0,-5.6833220480658365e-05
charging_tRNA_HMPREF9446_RS04590_AGC,0.0,-5.6833220480658365e-05
charging_tRNA_HMPREF9446_RS04745_UCU,0.015546226614764012,-4.2617722015000984e-38
charging_tRNA_HMPREF9446_RS04745_UCC,0.029758618364285915,2.7269693944402305e-38
charging_tRNA_HMPREF9446_RS04745_UCA,0.024435759026215562,4.732602133646337e-38
charging_tRNA_HMPREF9446_RS04745_UCG,0.007027437329327095,2.2125119590371896e-37
charging_tRNA_HMPREF9446_RS04745_AGU,0.027263108536109176,4.336925238319161e-38
charging_tRNA_HMPREF9446_RS04745_AGC,0.038105835290426576,1.4842198491642173e-38
charging_tRNA_HMPREF9446_RS04755_UCU,0.0,-5.6833220480658365e-05
charging_tRNA_HMPREF9446_RS04755_UCC,0.0,-5.6833220480658365e-05
charging_tRNA_HMPREF9446_RS04755_UCA,0.0,-5.6833220480658365e-05
charging_tRNA_HMPREF9446_RS04755_UCG,0.0,-5.6833220480658365e-05
charging_tRNA_HMPREF9446_RS04755_AGU,0.0,-5.6833220480658365e-05
charging_tRNA_HMPREF9446_RS04755_AGC,0.0,-5.6833220480658365e-05
charging_tRNA_HMPREF9446_RS05305_UCU,0.0,-4.2617722015000984e-38
charging_tRNA_HMPREF9446_RS05305_UCC,0.0,2.7269693944402305e-38
charging_tRNA_HMPREF9446_RS05305_UCA,0.0,4.732602133646337e-38
charging_tRNA_HMPREF9446_RS05305_UCG,0.0,2.2125119590371896e-37
charging_tRNA_HMPREF9446_RS05305_AGU,0.0,4.336925238319161e-38
charging_tRNA_HMPREF9446_RS05305_AGC,0.0,1.4842198491642173e-38
charging_tRNA_HMPREF9446_RS05745_UUU,0.04681983020850736,-1.0713808850631313e-37
charging_tRNA_HMPREF9446_RS05745_UUC,0.06327498329318164,-1.4759098554354596e-37
charging_tRNA_HMPREF9446_RS05925_AUG,0.0,-1.2333277100130468e-05
charging_tRNA_HMPREF9446_RS05925_START,0.0,-1.2333277100130468e-05
charging_tRNA_HMPREF9446_RS06225_AAA,0.06506614038666408,-3.064248518927308e-38
charging_tRNA_HMPREF9446_RS06225_AAG,0.07331185683121796,6.544252391716065e-37
charging_tRNA_HMPREF9446_RS06600_CCU,0.0,-6.605343664359237e-06
charging_tRNA_HMPREF9446_RS06600_CCC,0.0,-6.605343664359237e-06
charging_tRNA_HMPREF9446_RS06600_CCA,0.0,-6.605343664359237e-06
charging_tRNA_HMPREF9446_RS06600_CCG,0.0,-6.605343664359237e-06
charging_tRNA_HMPREF9446_RS06770_CAA,0.0,-5.266618071247227e-07
charging_tRNA_HMPREF9446_RS06770_CAG,0.0,-5.266618071247227e-07
charging_tRNA_HMPREF9446_RS07020_UGG,0.02173157936318929,-3.2328134925574314e-39
charging_tRNA_HMPREF9446_RS07720_UAU,0.07269795574661017,2.0861141706394994e-37
charging_tRNA_HMPREF9446_RS07720_UAC,0.02592443220850978,-1.0880131811938646e-37
charging_tRNA_HMPREF9446_RS07725_GGU,0.0,-7.673698777537894e-06
charging_tRNA_HMPREF9446_RS07725_GGC,0.0,-7.673698777537894e-06
charging_tRNA_HMPREF9446_RS07725_GGA,0.0,-7.673698777537894e-06
charging_tRNA_HMPREF9446_RS07725_GGG,0.0,-7.673698777537894e-06
charging_tRNA_HMPREF9446_RS07735_AUU,0.048632246309760624,-1.4952050918802272e-37
charging_tRNA_HMPREF9446_RS07735_AUC,0.0895775674738824,1.85244977093107e-37
charging_tRNA_HMPREF9446_RS07735_AUA,0.03283273653772126,2.3116516112069535e-37
charging_tRNA_HMPREF9446_RS07740_GCU,0.0,-1.6477845559089901e-06
charging_tRNA_HMPREF9446_RS07740_GCC,0.0,-1.6477845559089901e-06
charging_tRNA_HMPREF9446_RS07740_GCA,0.0,-1.6477845559089901e-06
charging_tRNA_HMPREF9446_RS07740_GCG,0.0,-1.6477845559089901e-06
charging_tRNA_HMPREF9446_RS08175_ACU,0.0,-1.9838944579564765e-37
charging_tRNA_HMPREF9446_RS08175_ACC,0.0,-1.5784257001473442e-37
charging_tRNA_HMPREF9446_RS08175_ACA,0.0,-1.50012371178099e-37
charging_tRNA_HMPREF9446_RS08175_ACG,0.0,-8.139715656115608e-38
charging_tRNA_HMPREF9446_RS08180_UAU,0.0,0.0
charging_tRNA_HMPREF9446_RS08180_UAC,0.0,-3.552892600535717e-37
charging_tRNA_HMPREF9446_RS08185_ACU,0.0,-1.573313314475921e-05
charging_tRNA_HMPREF9446_RS08185_ACC,0.0,-1.573313314475921e-05
charging_tRNA_HMPREF9446_RS08185_ACA,0.0,-1.573313314475921e-05
charging_tRNA_HMPREF9446_RS08185_ACG,0.0,-1.573313314475921e-05
charging_tRNA_HMPREF9446_RS08195_UGG,0.0,-3.2328134925574314e-39
charging_tRNA_HMPREF9446_RS08745_AUU,0.0,-2.978307228519258e-06
charging_tRNA_HMPREF9446_RS08745_AUC,0.0,-2.978307228519258e-06
charging_tRNA_HMPREF9446_RS08745_AUA,0.0,-2.978307228519258e-06
charging_tRNA_HMPREF9446_RS08800_CAU,0.02275902085546377,-6.550995682593311e-38
charging_tRNA_HMPREF9446_RS08800_CAC,0.009189102969746035,1.1317856753006685e-37
charging_tRNA_HMPREF9446_RS09540_GUU,0.025921873622922167,7.202354101992294e-38
charging_tRNA_HMPREF9446_RS09540_GUC,0.01882054375645542,-5.489500819691538e-38
charging_tRNA_HMPREF9446_RS09540_GUA,0.05031807996331494,1.3998460316486596e-37
charging_tRNA_HMPREF9446_RS09540_GUG,0.04278850728958348,4.1625220348940094e-38
charging_tRNA_HMPREF9446_RS09545_GUU,0.0,7.202354101992294e-38
charging_tRNA_HMPREF9446_RS09545_GUC,0.0,-5.489500819691538e-38
charging_tRNA_HMPREF9446_RS09545_GUA,0.0,1.3998460316486596e-37
charging_tRNA_HMPREF9446_RS09545_GUG,0.0,4.1625220348940094e-38
charging_tRNA_HMPREF9446_RS10005_CAA,0.023984901914547285,-2.1098975228393697e-33
charging_tRNA_HMPREF9446_RS10005_CAG,0.03872076970818315,1.64140507260121e-37
charging_tRNA_HMPREF9446_RS10170_CCU,0.02065370009181503,3.773251544394245e-38
charging_tRNA_HMPREF9446_RS10170_CCC,0.010999402295593382,-1.4729667561575012e-38
charging_tRNA_HMPREF9446_RS10170_CCA,0.0009542902414652334,-8.608962151129265e-38
charging_tRNA_HMPREF9446_RS10170_CCG,0.0395582299795802,-6.269638741136298e-38
charging_tRNA_HMPREF9446_RS10270_AAA,0.0,-4.469281117536961e-05
charging_tRNA_HMPREF9446_RS10270_AAG,0.0,-4.469281117536961e-05
charging_tRNA_HMPREF9446_RS10515_UGU,0.014425369226134785,-4.849493239773211e-37
charging_tRNA_HMPREF9446_RS10515_UGC,0.008427301273992717,-2.953334517684819e-37
charging_tRNA_HMPREF9446_RS11735_GGU,0.0,-7.97167956339557e-06
charging_tRNA_HMPREF9446_RS11735_GGC,0.0,-7.97167956339557e-06
charging_tRNA_HMPREF9446_RS11735_GGA,0.0,-7.97167956339557e-06
charging_tRNA_HMPREF9446_RS11735_GGG,0.0,-7.97167956339557e-06
charging_tRNA_HMPREF9446_RS11885_CGU,0.04049852389126956,1.5485278452968975e-37
charging_tRNA_HMPREF9446_RS11885_CGC,0.031139335277377934,4.1430401690550207e-38
charging_tRNA_HMPREF9446_RS11885_CGA,0.0004848945518135437,-5.409736746566893e-38
charging_tRNA_HMPREF9446_RS11885_CGG,0.015286761657524154,4.304755000450329e-38
charging_tRNA_HMPREF9446_RS11885_AGA,0.015341955748945986,2.510550417557201e-37
charging_tRNA_HMPREF9446_RS11885_AGG,0.026966456638213933,-3.4788513389105066e-38
charging_tRNA_HMPREF9446_RS11890_CGU,0.0,-2.6803264426618245e-06
charging_tRNA_HMPREF9446_RS11890_CGC,0.0,-2.6803264426618245e-06
charging_tRNA_HMPREF9446_RS11890_CGA,0.0,-2.6803264426618245e-06
charging_tRNA_HMPREF9446_RS11890_CGG,0.0,-2.6803264426618245e-06
charging_tRNA_HMPREF9446_RS11890_AGA,0.0,-2.6803264426618245e-06
charging_tRNA_HMPREF9446_RS11890_AGG,0.0,-2.6803264426618245e-06
charging_tRNA_HMPREF9446_RS11895_CGU,0.0,1.5485278452968975e-37
charging_tRNA_HMPREF9446_RS11895_CGC,0.0,4.1430401690550207e-38
charging_tRNA_HMPREF9446_RS11895_CGA,0.0,-5.409736746566893e-38
charging_tRNA_HMPREF9446_RS11895_CGG,0.0,4.304755000450329e-38
charging_tRNA_HMPREF9446_RS11895_AGA,0.0,2.510550417557201e-37
charging_tRNA_HMPREF9446_RS11895_AGG,0.0,-3.4788513389105066e-38
charging_tRNA_HMPREF9446_RS12820_ACU,0.0,-8.462528144094715e-06
charging_tRNA_HMPREF9446_RS12820_ACC,0.0,-8.462528144094715e-06
charging_tRNA_HMPREF9446_RS12820_ACA,0.0,-8.462528144094715e-06
charging_tRNA_HMPREF9446_RS12820_ACG,0.0,-8.462528144094715e-06
charging_tRNA_HMPREF9446_RS12905_AUG,0.03439813301650758,-6.576419599402261e-38
charging_tRNA_HMPREF9446_RS12905_START,0.012582275659445715,2.3014163769206425e-37
charging_tRNA_HMPREF9446_RS13135_CGU,0.0,-2.5281796869416604e-05
charging_tRNA_HMPREF9446_RS13135_CGC,0.0,-2.5281796869416604e-05
charging_tRNA_HMPREF9446_RS13135_CGA,0.0,-2.5281796869416604e-05
charging_tRNA_HMPREF9446_RS13135_CGG,0.0,-2.5281796869416604e-05
charging_tRNA_HMPREF9446_RS13135_AGA,0.0,-2.5281796869416604e-05
charging_tRNA_HMPREF9446_RS13135_AGG,0.0,-2.5281796869416604e-05
charging_tRNA_HMPREF9446_RS13250_AAU,0.04681620271623324,-2.273120509997646e-37
charging_tRNA_HMPREF9446_RS13250_AAC,0.04401183475422623,4.6023905071320937e-38
charging_tRNA_HMPREF9446_RS13255_AAU,0.0,-2.273120509997646e-37
charging_tRNA_HMPREF9446_RS13255_AAC,0.0,-1.380717152139628e-37
charging_tRNA_HMPREF9446_RS13625_UCU,0.0,-2.0691518311413932e-05
charging_tRNA_HMPREF9446_RS13625_UCC,0.0,-2.0691518311413932e-05
charging_tRNA_HMPREF9446_RS13625_UCA,0.0,-2.0691518311413932e-05
charging_tRNA_HMPREF9446_RS13625_UCG,0.0,-2.0691518311413932e-05
charging_tRNA_HMPREF9446_RS13625_AGU,0.0,-2.0691518311413932e-05
charging_tRNA_HMPREF9446_RS13625_AGC,0.0,-2.0691518311413932e-05
charging_tRNA_HMPREF9446_RS13630_AAA,0.0,-4.469281117536961e-05
charging_tRNA_HMPREF9446_RS13630_AAG,0.0,-4.469281117536961e-05
charging_tRNA_HMPREF9446_RS13635_GAA,0.07671446428986449,-2.56430913256213e-37
charging_tRNA_HMPREF9446_RS13635_GAG,0.06003031383438702,6.919369312404293e-37
charging_tRNA_HMPREF9446_RS14255_GAA,0.0,-4.512939149040758e-05
charging_tRNA_HMPREF9446_RS14255_GAG,0.0,-4.512939149040758e-05
charging_tRNA_HMPREF9446_RS14550_UUA,0.0,-6.674833869755934e-05
charging_tRNA_HMPREF9446_RS14550_UUG,0.0,-6.674833869755934e-05
charging_tRNA_HMPREF9446_RS14550_CUU,0.0,-6.674833869755934e-05
charging_tRNA_HMPREF9446_RS14550_CUC,0.0,-6.674833869755934e-05
charging_tRNA_HMPREF9446_RS14550_CUA,0.0,-6.674833869755934e-05
charging_tRNA_HMPREF9446_RS14550_CUG,0.0,-6.674833869755934e-05
charging_tRNA_HMPREF9446_RS14950_GGU,0.0,1.6863096839484196e-37
charging_tRNA_HMPREF9446_RS14950_GGC,0.0,7.635156456206936e-38
charging_tRNA_HMPREF9446_RS14950_GGA,0.041605780472670384,2.973217053189363e-37
charging_tRNA_HMPREF9446_RS14950_GGG,0.007834273792255942,3.5945895874116265e-38
charging_tRNA_HMPREF9446_RS14955_UUA,0.0,-2.3002237515367648e-05
charging_tRNA_HMPREF9446_RS14955_UUG,0.0,-2.3002237515367648e-05
charging_tRNA_HMPREF9446_RS14955_CUU,0.0,-2.3002237515367648e-05
charging_tRNA_HMPREF9446_RS14955_CUC,0.0,-2.3002237515367648e-05
charging_tRNA_HMPREF9446_RS14955_CUA,0.0,-2.3002237515367648e-05
charging_tRNA_HMPREF9446_RS14955_CUG,0.0,-2.3002237515367648e-05
charging_tRNA_HMPREF9446_RS15205_UUU,0.0,-1.0713808850631313e-37
charging_tRNA_HMPREF9446_RS15205_UUC,0.0,-1.4759098554354596e-37
charging_tRNA_HMPREF9446_RS15210_CCU,0.0,-1.8869320999899318e-05
charging_tRNA_HMPREF9446_RS15210_CCC,0.0,-1.8869320999899318e-05
charging_tRNA_HMPREF9446_RS15210_CCA,0.0,-1.8869320999899318e-05
charging_tRNA_HMPREF9446_RS15210_CCG,0.0,-1.8869320999899318e-05
charging_tRNA_HMPREF9446_RS15390_GGU,0.051155432520765175,1.6863096839484196e-37
charging_tRNA_HMPREF9446_RS15390_GGC,0.0,7.635156456206936e-38
charging_tRNA_HMPREF9446_RS15390_GGA,0.0,2.973217053189363e-37
charging_tRNA_HMPREF9446_RS15390_GGG,0.0,3.5945895874116265e-38
charging_tRNA_HMPREF9446_RS15395_UUA,0.0,-2.6942286235993546e-05
charging_tRNA_HMPREF9446_RS15395_UUG,0.0,-2.6942286235993546e-05
charging_tRNA_HMPREF9446_RS15395_CUU,0.0,-2.6942286235993546e-05
charging_tRNA_HMPREF9446_RS15395_CUC,0.0,-2.6942286235993546e-05
charging_tRNA_HMPREF9446_RS15395_CUA,0.0,-2.6942286235993546e-05
charging_tRNA_HMPREF9446_RS15395_CUG,0.0,-2.6942286235993546e-05
charging_tRNA_HMPREF9446_RS15400_GGU,0.0,1.6863096839484196e-37
charging_tRNA_HMPREF9446_RS15400_GGC,0.03871265715777709,7.635156456206936e-38
charging_tRNA_HMPREF9446_RS15400_GGA,0.0,2.973217053189363e-37
charging_tRNA_HMPREF9446_RS15400_GGG,0.0,3.5945895874116265e-38
charging_tRNA_HMPREF9446_RS15405_UUA,0.0,-6.182426612727343e-05
charging_tRNA_HMPREF9446_RS15405_UUG,0.0,-6.182426612727343e-05
charging_tRNA_HMPREF9446_RS15405_CUU,0.0,-6.182426612727343e-05
charging_tRNA_HMPREF9446_RS15405_CUC,0.0,-6.182426612727343e-05
charging_tRNA_HMPREF9446_RS15405_CUA,0.0,-6.182426612727343e-05
charging_tRNA_HMPREF9446_RS15405_CUG,0.0,-6.182426612727343e-05
charging_tRNA_HMPREF9446_RS15410_GGU,0.0,-5.791366591338006e-39
charging_tRNA_HMPREF9446_RS15410_GGC,0.0,-9.97385302837843e-38
charging_tRNA_HMPREF9446_RS15410_GGA,0.0,1.0487074056129358e-37
charging_tRNA_HMPREF9446_RS15410_GGG,0.0,-8.75728872637866e-38
charging_tRNA_HMPREF9446_RS15450_GAU,0.0,-1.649215157432333e-37
charging_tRNA_HMPREF9446_RS15450_GAC,0.0,-1.1286921012304554e-37
charging_tRNA_HMPREF9446_RS17605_AAA,0.0,-4.059338119806657e-05
charging_tRNA_HMPREF9446_RS17605_AAG,0.0,-4.059338119806657e-05
DM_RNA_763034.3.peg.3,0.0,3.9379410020731946e-32
DM_RNA_763034.3.peg.9,0.0,-86.39049553900067
DM_RNA_g.3281.peg.11,0.0,-21.672586898526212
DM_RNA_g.3281.peg.13,0.0,-125.28402345758882
DM_RNA_g.3281.peg.18,0.0,-54.29039370418037
DM_RNA_g.3281.peg.20,0.0,0.0
DM_RNA_g.3281.peg.21,0.0,-23.544394642563162
DM_RNA_g.3281.peg.22,0.0,0.0
DM_RNA_g.3281.peg.24,0.0,0.0
DM_RNA_763034.3.peg.25,0.0,0.0
DM_RNA_763034.3.peg.31,0.0,0.0
DM_RNA_763034.3.peg.32,0.0,0.0
DM_RNA_g.3281.peg.37,0.0,-196.4495661773816
DM_RNA_g.3281.peg.41,0.0,-365.35594885781086
DM_RNA_g.3281.peg.45,0.0,-81.07523969486093
DM_RNA_g.3281.peg.61,0.0,-82.6234797327077
DM_RNA_g.3281.peg.74,0.0,-41.80998398955798
DM_RNA_g.3281.peg.77,0.0,-3.030912771853028e-32
DM_RNA_g.3281.peg.80,0.0,-88.84438799069763
DM_RNA_g.3281.peg.85,0.0,-110.8914761961646
DM_RNA_763034.3.peg.86,0.0,-126.36032807342733
DM_RNA_763034.3.peg.87,0.0,-123.60937410187064
DM_RNA_763034.3.peg.88,0.0,-50.69191919581553
DM_RNA_763034.3.peg.89,0.0,0.0
DM_RNA_g.3281.peg.90,0.0,-68.71484635303241
DM_RNA_763034.3.peg.91,0.0,-90.83244706543232
DM_RNA_g.3281.peg.92,0.0,-75.34172725914736
DM_RNA_763034.3.peg.92,0.0,-81.45224824597159
DM_RNA_763034.3.peg.99,0.0,-107.8896178376443
DM_RNA_g.3281.peg.103,0.0,-35.37532805806909
DM_RNA_g.3281.peg.107,0.0,-135.89637004804214
DM_RNA_763034.3.peg.109,0.0,-89.60525488234393
DM_RNA_g.3281.peg.123,0.0,-211.23143869181064
DM_RNA_g.3281.peg.124,0.0,-14.563229836406203
DM_RNA_763034.3.peg.142,0.0,-319.22762622941116
DM_RNA_g.3281.peg.147,0.0,-189.6173524216251
DM_RNA_g.3281.peg.149,0.0,-132.07470455174933
DM_RNA_g.3281.peg.150,0.0,-72.89365939154708
DM_RNA_g.3281.peg.153,0.0,-56.32131395116546
DM_RNA_g.3281.peg.160,0.0,-187.96670704125899
DM_RNA_g.3281.peg.161,0.0,-58.66961901673651
DM_RNA_g.3281.peg.171,0.0,-138.9568254812687
DM_RNA_763034.3.peg.178,0.0,-117.15498961022242
DM_RNA_g.3281.peg.179,0.0,-175.17987435104536
DM_RNA_g.3281.peg.181,0.0,-35.89697459954881
DM_RNA_g.3281.peg.191,0.0,-33.66005615400271
DM_RNA_g.3281.peg.193,0.0,-21.57395544844542
DM_RNA_g.3281.peg.195,0.0,-72.2569971659871
DM_RNA_g.3281.peg.196,0.0,1.2806113681050663e-32
DM_RNA_g.3281.peg.199,0.0,-124.16574312581116
DM_RNA_g.3281.peg.201,0.0,-108.20298240971569
DM_RNA_g.3281.peg.214,0.0,0.0
DM_RNA_g.3281.peg.222,0.0,-213.57748727100244
DM_RNA_g.3281.peg.223,0.0,-83.73093917248694
DM_RNA_g.3281.peg.224,0.0,-80.30937520461498
DM_RNA_g.3281.peg.229,0.0,-3.3965583151625496e-32
DM_RNA_g.3281.peg.231,0.0,-174.91918716693317
DM_RNA_763034.3.peg.232,0.0,0.0
DM_RNA_g.3281.peg.235,0.0,0.0
DM_RNA_g.3281.peg.237,0.0,0.0
DM_RNA_g.3281.peg.243,0.0,-73.84717770309373
DM_RNA_g.3281.peg.246,0.0,-83.70413758810713
DM_RNA_g.3281.peg.260,0.0,-76.85222238206852
DM_RNA_g.3281.peg.265,0.0,-22.94103871845471
DM_RNA_g.3281.peg.274,0.0,-211.55972095286003
DM_RNA_g.3281.peg.278,0.0,-125.79258035909677
DM_RNA_g.3281.peg.285,0.0,-181.77720942431037
DM_RNA_g.3281.peg.286,0.0,-63.216450414286264
DM_RNA_g.3281.peg.288,0.0,-45.58550270476948
DM_RNA_g.3281.peg.301,0.0,0.0
DM_RNA_g.3281.peg.302,0.0,0.0
DM_RNA_g.3281.peg.303,0.0,-52.23232629858667
DM_RNA_g.3281.peg.307,0.0,-60.97182432221045
DM_RNA_763034.3.peg.309,0.0,-80.93011307280867
DM_RNA_g.3281.peg.310,0.0,-25.938477452480498
DM_RNA_g.3281.peg.311,0.0,-31.246859511923077
DM_RNA_g.3281.peg.320,0.0,-21.98745878175232
DM_RNA_g.3281.peg.321,0.0,-34.26010963419162
DM_RNA_g.3281.peg.325,0.0,-53.38026251171244
DM_RNA_g.3281.peg.327,0.0,0.0
DM_RNA_g.3281.peg.331,0.0,-26.20796693900713
DM_RNA_g.3281.peg.340,0.0,-76.60747810750799
DM_RNA_g.3281.peg.348,0.0,-51.25982957806466
DM_RNA_g.3281.peg.358,0.0,-65.17926282252435
DM_RNA_g.3281.peg.364,0.0,-88.27442677423959
DM_RNA_g.3281.peg.368,0.0,-1.3518664496525196e-32
DM_RNA_g.3281.peg.372,0.0,-24.62717306412926
DM_RNA_g.3281.peg.375,0.0,-77.00001425558445
DM_RNA_g.3281.peg.387,0.0,-4.26311861193475e-32
DM_RNA_g.3281.peg.392,0.0,-164.7204591881506
DM_RNA_g.3281.peg.402,0.0,-42.97466167551263
DM_RNA_g.3281.peg.405,0.0,-157.2289354044644
DM_RNA_g.3281.peg.408,0.0,-312.9511581412793
DM_RNA_g.3281.peg.413,0.0,-202.35712621945495
DM_RNA_g.3281.peg.417,0.0,0.0
DM_RNA_g.3281.peg.419,0.0,-193.24985394186325
DM_RNA_g.3281.peg.423,0.0,-63.02935322913437
DM_RNA_g.3281.peg.425,0.0,6.211464218970486e-32
DM_RNA_g.3281.peg.431,0.0,-308.1304894414874
DM_RNA_g.3281.peg.434,0.0,4.68109148619502e-32
DM_RNA_g.3281.peg.437,0.0,-89.87699566267383
DM_RNA_g.3281.peg.443,0.0,-95.43127800271543
DM_RNA_763034.3.peg.446,0.0,3.3982923261505224e-32
DM_RNA_g.3281.peg.454,0.0,-178.9369749551929
DM_RNA_763034.3.peg.455,0.0,-70.5382692573352
DM_RNA_g.3281.peg.457,0.0,-47.726110347029845
DM_RNA_g.3281.peg.458,0.0,-136.81254989166126
DM_RNA_g.3281.peg.459,0.0,-74.20900031834014
DM_RNA_g.3281.peg.464,0.0,0.0
DM_RNA_g.3281.peg.467,0.0,-58.784609518810676
DM_RNA_g.3281.peg.477,0.0,-137.1526575925436
DM_RNA_763034.3.peg.477,0.0,-80.93298200243576
DM_RNA_g.3281.peg.483,0.0,0.0
DM_RNA_g.3281.peg.493,-7.168103562863819e-31,0.0
DM_RNA_g.3281.peg.509,0.0,0.0
DM_RNA_g.3281.peg.511,0.0,-41.364424301245585
DM_RNA_g.3281.peg.517,0.0,-15.61099697794195
DM_RNA_g.3281.peg.519,0.0,-133.17720212187916
DM_RNA_g.3281.peg.535,0.0,-102.43102668465843
DM_RNA_g.3281.peg.540,0.0,-58.040356715384654
DM_RNA_763034.3.peg.543,0.0,2.7767127753898085e-32
DM_RNA_g.3281.peg.544,0.0,-197.05802283891524
DM_RNA_g.3281.peg.545,0.0,-43.42487150775753
DM_RNA_g.3281.peg.550,0.0,0.0
DM_RNA_g.3281.peg.552,0.0,-74.40405212317923
DM_RNA_g.3281.peg.554,0.0,-80.7130905481974
DM_RNA_763034.3.peg.557,0.0,-253.7378276222016
DM_RNA_g.3281.peg.558,0.0,0.0
DM_RNA_g.3281.peg.560,0.0,0.0
DM_RNA_g.3281.peg.572,0.0,-176.14507034457029
DM_RNA_g.3281.peg.573,0.0,-97.65376035283899
DM_RNA_g.3281.peg.578,0.0,-51.85141578072059
DM_RNA_763034.3.peg.578,0.0,-108.51010191417323
DM_RNA_g.3281.peg.580,0.0,0.0
DM_RNA_g.3281.peg.588,0.0,0.0
DM_RNA_g.3281.peg.590,0.0,-115.31382544503411
DM_RNA_g.3281.peg.593,0.0,-3.7092100741376697e-32
DM_RNA_g.3281.peg.595,0.0,-83.07010257582027
DM_RNA_g.3281.peg.617,0.0,-158.4676588112204
DM_RNA_g.3281.peg.618,0.0,-79.68462755978116
DM_RNA_763034.3.peg.620,0.0,0.0
DM_RNA_g.3281.peg.627,0.0,-121.01846018258817
DM_RNA_g.3281.peg.630,0.0,-35.828874617092936
DM_RNA_g.3281.peg.633,0.0,-30.475900102308653
DM_RNA_g.3281.peg.636,0.0,-67.59349243750475
DM_RNA_g.3281.peg.645,0.0,-45.727615930982665
DM_RNA_g.3281.peg.648,0.0,0.0
DM_RNA_g.3281.peg.649,0.0,-162.99793873975688
DM_RNA_g.3281.peg.651,0.0,-36.16874575446078
DM_RNA_763034.3.peg.659,0.0,-172.88332772793513
DM_RNA_g.3281.peg.663,0.0,-45.36334115403161
DM_RNA_g.3281.peg.664,0.0,-90.78063752951456
DM_RNA_g.3281.peg.668,0.0,-65.58753400746048
DM_RNA_763034.3.peg.670,0.0,-167.01319286978574
DM_RNA_g.3281.peg.679,0.0,-63.05456895979574
DM_RNA_763034.3.peg.681,0.0,-140.57691415417554
DM_RNA_g.3281.peg.683,0.0,-106.90948660340659
DM_RNA_g.3281.peg.685,0.0,-48.40156187935584
DM_RNA_g.3281.peg.686,0.0,-64.25968906316393
DM_RNA_g.3281.peg.687,0.0,-69.29691566924791
DM_RNA_g.3281.peg.688,0.0,-74.17740159495507
DM_RNA_g.3281.peg.690,0.0,-68.94697025535497
DM_RNA_g.3281.peg.698,0.0,-30.55062292379932
DM_RNA_g.3281.peg.701,0.0,-57.896773847636744
DM_RNA_g.3281.peg.702,0.0,0.0
DM_RNA_763034.3.peg.704,0.0,4.007028855486575e-32
DM_RNA_763034.3.peg.705,0.0,-81.98362179559261
DM_RNA_g.3281.peg.718,0.0,-103.26608375691876
DM_RNA_g.3281.peg.719,0.0,-4.4475126438048213e-32
DM_RNA_763034.3.peg.719,0.0,-73.02129153958796
DM_RNA_g.3281.peg.720,0.0,-177.02262255773744
DM_RNA_g.3281.peg.722,0.0,-17.465947376195842
DM_RNA_g.3281.peg.725,0.0,-49.06027158837421
DM_RNA_g.3281.peg.729,0.0,-47.12746513373081
DM_RNA_g.3281.peg.732,0.0,-46.00559596726903
DM_RNA_g.3281.peg.733,0.0,-80.01152586395129
DM_RNA_g.3281.peg.743,0.0,0.0
DM_RNA_g.3281.peg.744,0.0,-115.72778684915882
DM_RNA_763034.3.peg.747,0.0,-97.54529882001891
DM_RNA_763034.3.peg.748,0.0,-89.44817867366069
DM_RNA_g.3281.peg.749,0.0,-31.921576909990343
DM_RNA_763034.3.peg.749,0.0,-106.18916320527381
DM_RNA_763034.3.peg.750,0.0,-70.57087840443971
DM_RNA_g.3281.peg.755,0.0,-222.10390130437895
DM_RNA_g.3281.peg.758,0.0,-4.6863351969569597e-32
DM_RNA_g.3281.peg.759,0.0,-187.76837690982836
DM_RNA_g.3281.peg.763,0.0,-24.06203695445356
DM_RNA_763034.3.peg.765,0.0,-237.17225671787713
DM_RNA_g.3281.peg.768,0.0,-53.65414891176002
DM_RNA_g.3281.peg.769,0.0,-55.98667693617527
DM_RNA_g.3281.peg.779,0.0,-176.4966972143044
DM_RNA_g.3281.peg.780,0.0,-65.43788599510543
DM_RNA_g.3281.peg.781,0.0,-110.9246436631775
DM_RNA_g.3281.peg.784,0.0,-21.970704510567245
DM_RNA_g.3281.peg.788,0.0,-148.80035056038855
DM_RNA_g.3281.peg.798,0.0,-25.47292408697293
DM_RNA_g.3281.peg.799,0.0,-244.35296792558088
DM_RNA_g.3281.peg.800,0.0,-105.61168150250248
DM_RNA_g.3281.peg.802,0.0,0.0
DM_RNA_763034.3.peg.804,0.0,-113.50295294089608
DM_RNA_g.3281.peg.808,0.0,-48.69085462455575
DM_RNA_g.3281.peg.810,0.0,-28.35867867112145
DM_RNA_g.3281.peg.819,0.0,3.9272554072610165e-32
DM_RNA_g.3281.peg.823,0.0,-72.32938839427761
DM_RNA_763034.3.peg.823,0.0,-56.32084405795093
DM_RNA_g.3281.peg.825,0.0,-22.02739583635801
DM_RNA_g.3281.peg.827,0.0,-324.70831170695556
DM_RNA_g.3281.peg.833,0.0,-259.25916456378684
DM_RNA_g.3281.peg.836,0.0,-84.11801108705473
DM_RNA_g.3281.peg.837,0.0,4.2533586850704775e-32
DM_RNA_763034.3.peg.841,0.0,-107.28743105716008
DM_RNA_g.3281.peg.842,0.0,-27.24522425789021
DM_RNA_g.3281.peg.851,0.0,-99.55466983759887
DM_RNA_g.3281.peg.854,0.0,0.0
DM_RNA_g.3281.peg.866,0.0,-107.15867969030977
DM_RNA_g.3281.peg.869,0.0,-59.469471043420434
DM_RNA_g.3281.peg.872,0.0,-222.96822697100689
DM_RNA_g.3281.peg.874,0.0,-42.65725136018212
DM_RNA_g.3281.peg.875,0.0,-20.29670466672732
DM_RNA_763034.3.peg.877,0.0,-49.85954098513914
DM_RNA_763034.3.peg.878,0.0,-61.751890544391166
DM_RNA_g.3281.peg.880,0.0,-68.83136805756948
DM_RNA_763034.3.peg.880,0.0,-50.83563755097792
DM_RNA_763034.3.peg.882,0.0,-112.80560054521462
DM_RNA_g.3281.peg.883,0.0,-132.18317052960882
DM_RNA_763034.3.peg.885,0.0,-101.73036856226081
DM_RNA_763034.3.peg.886,0.0,-81.31573677251669
DM_RNA_g.3281.peg.892,0.0,-217.22279965662347
DM_RNA_763034.3.peg.894,0.0,-103.82424585729784
DM_RNA_g.3281.peg.898,0.0,0.0
DM_RNA_763034.3.peg.899,0.0,0.0
DM_RNA_g.3281.peg.900,0.0,-4.324254824204511e-32
DM_RNA_g.3281.peg.903,0.0,-79.48210541946337
DM_RNA_g.3281.peg.905,0.0,-99.62725414172716
DM_RNA_763034.3.peg.906,0.0,0.0
DM_RNA_g.3281.peg.907,0.0,-16.380496938568875
DM_RNA_g.3281.peg.909,0.0,-131.17687509612983
DM_RNA_763034.3.peg.910,0.0,2.0570409463802736e-32
DM_RNA_g.3281.peg.911,0.0,-154.96191572278923
DM_RNA_763034.3.peg.911,0.0,0.0
DM_RNA_g.3281.peg.913,0.0,-279.4163987723992
DM_RNA_763034.3.peg.923,0.0,-62.624869965459474
DM_RNA_g.3281.peg.930,0.0,-96.30722361635144
DM_RNA_g.3281.peg.948,0.0,-67.42181593067087
DM_RNA_g.3281.peg.952,0.0,-89.16605639150974
DM_RNA_g.3281.peg.954,0.0,-48.16810638266422
DM_RNA_g.3281.peg.958,0.0,0.0
DM_RNA_g.3281.peg.961,0.0,-100.07194036431655
DM_RNA_g.3281.peg.967,0.0,-240.46090692425855
DM_RNA_g.3281.peg.975,0.0,-117.45228831907733
DM_RNA_g.3281.peg.977,0.0,-111.28510806480395
DM_RNA_g.3281.peg.987,0.0,-49.861052326627004
DM_RNA_g.3281.peg.988,0.0,-43.897325188494506
DM_RNA_g.3281.peg.994,0.0,-42.230108187892775
DM_RNA_g.3281.peg.997,0.0,-162.16076301110922
DM_RNA_g.3281.peg.998,0.0,6.127127074681503e-32
DM_RNA_g.3281.peg.1004,0.0,1.9648330029230093e-32
DM_RNA_g.3281.peg.1008,0.0,-3.5412675654119294e-32
DM_RNA_g.3281.peg.1016,0.0,-209.42012022949885
DM_RNA_g.3281.peg.1031,0.0,0.0
DM_RNA_763034.3.peg.1031,0.0,-53.38026251171244
DM_RNA_g.3281.peg.1039,0.0,-176.88501241615646
DM_RNA_g.3281.peg.1042,0.0,-30.42138513090582
DM_RNA_g.3281.peg.1045,0.0,-134.8031767382822
DM_RNA_g.3281.peg.1048,0.0,-125.87280314304635
DM_RNA_763034.3.peg.1049,0.0,-135.89637004804214
DM_RNA_g.3281.peg.1055,0.0,0.0
DM_RNA_g.3281.peg.1057,0.0,-2.1726852184039792e-32
DM_RNA_g.3281.peg.1059,0.0,-96.19256695882414
DM_RNA_g.3281.peg.1060,0.0,-137.31862817400594
DM_RNA_g.3281.peg.1062,0.0,-3.218702850501946e-32
DM_RNA_763034.3.peg.1074,0.0,-92.36487361257434
DM_RNA_g.3281.peg.1081,0.0,-71.61645383909347
DM_RNA_g.3281.peg.1085,0.0,-30.63630721971414
DM_RNA_763034.3.peg.1087,0.0,-151.7257517138175
DM_RNA_763034.3.peg.1088,0.0,-150.18954447622463
DM_RNA_763034.3.peg.1089,0.0,-46.386792811672144
DM_RNA_g.3281.peg.1091,0.0,-3.1570543089100635e-32
DM_RNA_763034.3.peg.1091,0.0,-88.84438799069763
DM_RNA_763034.3.peg.1093,0.0,-193.24985394186325
DM_RNA_763034.3.peg.1094,0.0,-98.18082302407325
DM_RNA_763034.3.peg.1095,0.0,-116.00139912003593
DM_RNA_g.3281.peg.1096,0.0,-70.27476517087273
DM_RNA_g.3281.peg.1097,0.0,-31.047710226795417
DM_RNA_g.3281.peg.1099,0.0,0.0
DM_RNA_763034.3.peg.1099,0.0,-83.07010257582027
DM_RNA_g.3281.peg.1100,0.0,-199.35016388044932
DM_RNA_g.3281.peg.1107,0.0,-137.90225255950142
DM_RNA_g.3281.peg.1110,0.0,-4.93466798191706e-32
DM_RNA_g.3281.peg.1113,0.0,-284.9236233244716
DM_RNA_763034.3.peg.1115,0.0,-42.230108187892775
DM_RNA_g.3281.peg.1119,0.0,-73.69607891612773
DM_RNA_g.3281.peg.1124,0.0,-2.3812341636125241e-32
DM_RNA_g.3281.peg.1131,0.0,0.0
DM_RNA_g.3281.peg.1137,0.0,-99.32696641127134
DM_RNA_g.3281.peg.1139,0.0,-141.33087125476928
DM_RNA_g.3281.peg.1147,0.0,-130.2926035349231
DM_RNA_763034.3.peg.1166,0.0,0.0
DM_RNA_g.3281.peg.1175,0.0,-147.53290493231768
DM_RNA_g.3281.peg.1177,0.0,0.0
DM_RNA_g.3281.peg.1178,0.0,-82.09481153546643
DM_RNA_g.3281.peg.1179,0.0,-49.72613477880601
DM_RNA_g.3281.peg.1180,0.0,0.0
DM_RNA_763034.3.peg.1183,0.0,-51.791063048684876
DM_RNA_763034.3.peg.1185,0.0,-113.69531734455111
DM_RNA_763034.3.peg.1190,0.0,-111.525017377793
DM_RNA_g.3281.peg.1195,0.0,-292.80306202914403
DM_RNA_g.3281.peg.1200,0.0,4.512249643590707e-32
DM_RNA_g.3281.peg.1204,0.0,5.467659391371973e-32
DM_RNA_g.3281.peg.1208,0.0,0.0
DM_RNA_763034.3.peg.1217,0.0,-128.42530689360174
DM_RNA_g.3281.peg.1231,0.0,-148.46525391527993
DM_RNA_g.3281.peg.1235,0.0,-3.063473359538742e-32
DM_RNA_g.3281.peg.1236,0.0,0.0
DM_RNA_g.3281.peg.1237,0.0,-57.770700058071775
DM_RNA_g.3281.peg.1248,0.0,-131.70506733158896
DM_RNA_763034.3.peg.1251,0.0,-130.5488175055602
DM_RNA_g.3281.peg.1261,0.0,-37.35124631588683
DM_RNA_g.3281.peg.1262,0.0,-96.33401127587254
DM_RNA_763034.3.peg.1262,0.0,-2.808350944421512e-32
DM_RNA_g.3281.peg.1264,0.0,3.2753519128483125e-32
DM_RNA_g.3281.peg.1265,0.0,5.442422858128086e-32
DM_RNA_g.3281.peg.1271,0.0,-232.12403948285802
DM_RNA_g.3281.peg.1281,0.0,-62.78659075052942
DM_RNA_763034.3.peg.1286,0.0,-90.97559129053938
DM_RNA_763034.3.peg.1287,0.0,-207.87530341085443
DM_RNA_763034.3.peg.1288,0.0,-107.55533656641046
DM_RNA_763034.3.peg.1289,0.0,-113.69022305066336
DM_RNA_g.3281.peg.1294,0.0,-90.09091686177781
DM_RNA_g.3281.peg.1309,0.0,-110.5684448861822
DM_RNA_g.3281.peg.1312,0.0,-76.10400567598904
DM_RNA_g.3281.peg.1316,0.0,-140.04521400890985
DM_RNA_g.3281.peg.1317,0.0,-41.660412561005096
DM_RNA_g.3281.peg.1318,0.0,-90.87330726406107
DM_RNA_g.3281.peg.1322,0.0,-186.99203303573935
DM_RNA_g.3281.peg.1324,0.0,-168.1594359203301
DM_RNA_763034.3.peg.1327,0.0,-140.90747232978111
DM_RNA_g.3281.peg.1328,0.0,-49.40476712641528
DM_RNA_g.3281.peg.1329,0.0,-162.20908648259785
DM_RNA_g.3281.peg.1331,0.0,3.941432622009126e-32
DM_RNA_g.3281.peg.1333,0.0,-161.44977189895167
DM_RNA_763034.3.peg.1337,0.0,-58.66961901673651
DM_RNA_g.3281.peg.1338,0.0,0.0
DM_RNA_g.3281.peg.1340,0.0,-98.19513117763016
DM_RNA_g.3281.peg.1345,0.0,-51.93202092767744
DM_RNA_g.3281.peg.1346,0.0,-36.86997937993099
DM_RNA_g.3281.peg.1350,0.0,-196.97792512633782
DM_RNA_g.3281.peg.1356,0.0,-71.5766224585734
DM_RNA_763034.3.peg.1362,0.0,-113.81225500524657
DM_RNA_g.3281.peg.1366,0.0,-4.211260738669364e-32
DM_RNA_763034.3.peg.1371,-3.1547902652343278e-31,3.044007208507143e-32
DM_RNA_g.3281.peg.1376,0.0,-79.14716850755231
DM_RNA_g.3281.peg.1379,0.0,-73.54810754600389
DM_RNA_g.3281.peg.1386,0.0,-31.92272062109758
DM_RNA_g.3281.peg.1387,0.0,-20.44935934113669
DM_RNA_g.3281.peg.1389,0.0,-178.55977385860726
DM_RNA_g.3281.peg.1399,0.0,-125.59389445941866
DM_RNA_g.3281.peg.1410,0.0,-47.53949406572512
DM_RNA_g.3281.peg.1411,0.0,-90.48885239323884
DM_RNA_g.3281.peg.1414,0.0,-103.75396925506149
DM_RNA_g.3281.peg.1421,0.0,0.0
DM_RNA_g.3281.peg.1429,0.0,0.0
DM_RNA_g.3281.peg.1436,0.0,0.0
DM_RNA_g.3281.peg.1449,0.0,0.0
DM_RNA_g.3281.peg.1472,0.0,-325.11271464034314
DM_RNA_763034.3.peg.1472,0.0,-76.85222238206852
DM_RNA_g.3281.peg.1473,0.0,-68.93808814416998
DM_RNA_g.3281.peg.1483,0.0,-215.12075358346596
DM_RNA_g.3281.peg.1485,0.0,-110.63976231761045
DM_RNA_g.3281.peg.1493,0.0,-81.51638823405136
DM_RNA_g.3281.peg.1495,0.0,-69.63125440684924
DM_RNA_g.3281.peg.1500,0.0,-142.12209518795274
DM_RNA_g.3281.peg.1501,0.0,-229.67950609817942
DM_RNA_g.3281.peg.1510,0.0,-75.85747092447757
DM_RNA_g.3281.peg.1513,0.0,-109.789267900135
DM_RNA_763034.3.peg.1514,0.0,0.0
DM_RNA_g.3281.peg.1519,0.0,-92.89005387134742
DM_RNA_763034.3.peg.1523,0.0,-63.230517284287295
DM_RNA_g.3281.peg.1526,0.0,-28.205826948369406
DM_RNA_763034.3.peg.1530,0.0,-27.619074953349113
DM_RNA_763034.3.peg.1531,0.0,-254.9127080737045
DM_RNA_g.3281.peg.1541,0.0,-106.4401431422519
DM_RNA_g.3281.peg.1548,0.0,-84.41946864444377
DM_RNA_763034.3.peg.1548,0.0,-70.41582074560398
DM_RNA_763034.3.peg.1550,0.0,-6.106853712683487e-32
DM_RNA_g.3281.peg.1553,0.0,0.0
DM_RNA_g.3281.peg.1567,0.0,-85.69718603657978
DM_RNA_g.3281.peg.1586,0.0,-113.12463801075961
DM_RNA_763034.3.peg.1593,0.0,-29.359034352503205
DM_RNA_763034.3.peg.1594,0.0,-72.65263605232455
DM_RNA_g.3281.peg.1603,0.0,-110.92777051876648
DM_RNA_g.3281.peg.1605,0.0,-3.346437647512206e-32
DM_RNA_763034.3.peg.1605,0.0,-3.7777655931186157e-32
DM_RNA_763034.3.peg.1606,0.0,-134.14518777942206
DM_RNA_763034.3.peg.1609,0.0,-100.32831361611161
DM_RNA_g.3281.peg.1611,0.0,0.0
DM_RNA_g.3281.peg.1612,0.0,-81.76202805982774
DM_RNA_763034.3.peg.1618,0.0,-40.632670347238204
DM_RNA_g.3281.peg.1620,0.0,-88.39896256332935
DM_RNA_g.3281.peg.1628,0.0,-64.27060071033796
DM_RNA_g.3281.peg.1637,0.0,-14.136007649018595
DM_RNA_g.3281.peg.1654,0.0,-22.64801596155461
DM_RNA_763034.3.peg.1659,0.0,-150.2306090965572
DM_RNA_g.3281.peg.1664,0.0,0.0
DM_RNA_g.3281.peg.1665,0.0,-2.0016418238918615e-32
DM_RNA_g.3281.peg.1671,0.0,-74.64683991224538
DM_RNA_g.3281.peg.1676,0.0,-79.5915531302198
DM_RNA_g.3281.peg.1677,0.0,-68.57629430846471
DM_RNA_g.3281.peg.1679,0.0,-214.76869028521335
DM_RNA_763034.3.peg.1679,0.0,0.0
DM_RNA_g.3281.peg.1680,0.0,-85.0998822082114
DM_RNA_g.3281.peg.1682,0.0,0.0
DM_RNA_g.3281.peg.1690,0.0,1.7334107670303612e-32
DM_RNA_g.3281.peg.1697,0.0,0.0
DM_RNA_g.3281.peg.1700,0.0,-46.12893286363324
DM_RNA_g.3281.peg.1702,0.0,-5.281832444021887e-32
DM_RNA_g.3281.peg.1710,0.0,-54.76026887638797
DM_RNA_g.3281.peg.1711,0.0,-83.54571233088477
DM_RNA_g.3281.peg.1715,0.0,-119.47371328218485
DM_RNA_g.3281.peg.1718,0.0,-106.51661291967969
DM_RNA_g.3281.peg.1720,0.0,0.0
DM_RNA_g.3281.peg.1722,0.0,-79.85390471946016
DM_RNA_g.3281.peg.1724,0.0,-32.489818976496096
DM_RNA_g.3281.peg.1725,0.0,0.0
DM_RNA_g.3281.peg.1729,0.0,-193.2701019514814
DM_RNA_g.3281.peg.1733,0.0,-16.76081659553108
DM_RNA_g.3281.peg.1734,0.0,-161.96438027071898
DM_RNA_g.3281.peg.1742,0.0,0.0
DM_RNA_g.3281.peg.1748,0.0,-82.44636988846395
DM_RNA_g.3281.peg.1752,0.0,-106.00478548364373
DM_RNA_g.3281.peg.1765,0.0,3.726827348478819e-32
DM_RNA_g.3281.peg.1767,0.0,0.0
DM_RNA_g.3281.peg.1768,0.0,-1.806976535505533e-32
DM_RNA_g.3281.peg.1769,0.0,-70.3329844163298
DM_RNA_g.3281.peg.1775,0.0,-203.5309088415337
DM_RNA_g.3281.peg.1778,0.0,-66.21210379970952
DM_RNA_g.3281.peg.1782,0.0,-130.5556834094751
DM_RNA_g.3281.peg.1793,0.0,-240.56911126056147
DM_RNA_g.3281.peg.1795,0.0,-6.919060034155422e-32
DM_RNA_g.3281.peg.1799,0.0,1.731905488416799e-32
DM_RNA_g.3281.peg.1802,0.0,-1.7074235100135507e-32
DM_RNA_g.3281.peg.1811,0.0,-184.4814102798419
DM_RNA_g.3281.peg.1815,0.0,-4.515007678632881e-32
DM_RNA_g.3281.peg.1823,0.0,-345.7116321764707
DM_RNA_g.3281.peg.1824,0.0,-3.472758369180574e-32
DM_RNA_g.3281.peg.1827,0.0,0.0
DM_RNA_g.3281.peg.1836,0.0,-27.411811663412294
DM_RNA_g.3281.peg.1857,0.0,5.196778764595678e-32
DM_RNA_g.3281.peg.1882,0.0,-67.64611741152481
DM_RNA_g.3281.peg.1885,0.0,-3.9097651775178584e-32
DM_RNA_g.3281.peg.1900,0.0,-154.912662609908
DM_RNA_763034.3.peg.1905,0.0,-214.76869028521335
DM_RNA_g.3281.peg.1909,0.0,-88.59226712838328
DM_RNA_763034.3.peg.1914,0.0,-164.48367547338975
DM_RNA_g.3281.peg.1922,0.0,-46.55740906753646
DM_RNA_g.3281.peg.1934,0.0,-66.1473502458755
DM_RNA_g.3281.peg.1935,0.0,5.313635042845518e-32
DM_RNA_g.3281.peg.1942,0.0,-86.25087729695163
DM_RNA_g.3281.peg.1945,0.0,-53.53566045863246
DM_RNA_g.3281.peg.1956,0.0,3.0991951375493046e-32
DM_RNA_g.3281.peg.1957,0.0,-56.80397535760756
DM_RNA_g.3281.peg.1958,0.0,-265.9534125200782
DM_RNA_g.3281.peg.1959,0.0,0.0
DM_RNA_763034.3.peg.1965,0.0,2.578242768748586e-32
DM_RNA_763034.3.peg.1966,0.0,-2.0383960197023383e-32
DM_RNA_763034.3.peg.1969,0.0,0.0
DM_RNA_763034.3.peg.1970,0.0,-2.5221807627438916e-32
DM_RNA_763034.3.peg.1971,0.0,0.0
DM_RNA_g.3281.peg.1973,0.0,-172.38827824117126
DM_RNA_g.3281.peg.1974,0.0,-212.62349975594955
DM_RNA_g.3281.peg.1975,0.0,-20.90673979822279
DM_RNA_g.3281.peg.1977,0.0,-40.691181240263354
DM_RNA_g.3281.peg.1983,0.0,0.0
DM_RNA_g.3281.peg.1985,0.0,-1.6737188230876752e-32
DM_RNA_763034.3.peg.1987,0.0,-114.24809876027787
DM_RNA_763034.3.peg.1989,0.0,-278.0832431680586
DM_RNA_g.3281.peg.1990,0.0,-95.87256784737704
DM_RNA_g.3281.peg.1993,0.0,-119.87207329131256
DM_RNA_g.3281.peg.1994,0.0,0.0
DM_RNA_763034.3.peg.2000,0.0,-124.01675301838755
DM_RNA_g.3281.peg.2004,0.0,-76.29632021905681
DM_RNA_g.3281.peg.2008,0.0,-163.80514352071467
DM_RNA_g.3281.peg.2017,0.0,-71.11579831632413
DM_RNA_g.3281.peg.2022,0.0,0.0
DM_RNA_g.3281.peg.2025,0.0,-84.05688839669207
DM_RNA_g.3281.peg.2026,0.0,0.0
DM_RNA_g.3281.peg.2027,0.0,-45.59962531764201
DM_RNA_g.3281.peg.2031,0.0,-225.5185374593758
DM_RNA_g.3281.peg.2037,0.0,-165.96943409213645
DM_RNA_g.3281.peg.2046,0.0,0.0
DM_RNA_763034.3.peg.2049,0.0,-38.50050585878354
DM_RNA_g.3281.peg.2052,0.0,-3.021300698717332e-32
DM_RNA_763034.3.peg.2053,0.0,-62.484441630830275
DM_RNA_763034.3.peg.2054,0.0,-168.1594359203301
DM_RNA_763034.3.peg.2055,0.0,-70.3329844163298
DM_RNA_g.3281.peg.2057,0.0,0.0
DM_RNA_g.3281.peg.2060,0.0,-129.21184852054708
DM_RNA_g.3281.peg.2061,0.0,-126.91001047288708
DM_RNA_763034.3.peg.2066,0.0,-80.84677979827094
DM_RNA_763034.3.peg.2067,0.0,-2.8359890293846007e-32
DM_RNA_763034.3.peg.2070,0.0,-107.95506926887074
DM_RNA_g.3281.peg.2071,0.0,-111.60195524261997
DM_RNA_g.3281.peg.2074,0.0,0.0
DM_RNA_g.3281.peg.2075,0.0,-65.76999689741358
DM_RNA_g.3281.peg.2091,0.0,0.0
DM_RNA_g.3281.peg.2098,0.0,-83.41463884025816
DM_RNA_g.3281.peg.2104,0.0,3.371449802800772e-32
DM_RNA_g.3281.peg.2117,0.0,-90.0469795500877
DM_RNA_763034.3.peg.2119,0.0,-103.90878062404873
DM_RNA_g.3281.peg.2125,0.0,-28.83721284817365
DM_RNA_g.3281.peg.2137,0.0,4.209393886988e-32
DM_RNA_g.3281.peg.2144,0.0,-57.585703263373055
DM_RNA_g.3281.peg.2156,0.0,-80.04536218230072
DM_RNA_763034.3.peg.2162,0.0,0.0
DM_RNA_g.3281.peg.2166,0.0,0.0
DM_RNA_763034.3.peg.2168,0.0,5.313635042845518e-32
DM_RNA_763034.3.peg.2169,0.0,-5.281832444021887e-32
DM_RNA_763034.3.peg.2170,0.0,0.0
DM_RNA_763034.3.peg.2171,0.0,-4.211260738669364e-32
DM_RNA_763034.3.peg.2173,0.0,-51.93202092767744
DM_RNA_763034.3.peg.2175,0.0,0.0
DM_RNA_g.3281.peg.2176,0.0,-3.82520929308079e-32
DM_RNA_g.3281.peg.2177,0.0,-250.11756165540692
DM_RNA_g.3281.peg.2178,0.0,-72.95938310639221
DM_RNA_g.3281.peg.2183,0.0,0.0
DM_RNA_763034.3.peg.2183,0.0,3.941432622009126e-32
DM_RNA_g.3281.peg.2186,0.0,-212.80135004313505
DM_RNA_g.3281.peg.2195,0.0,-123.327724620761
DM_RNA_763034.3.peg.2195,0.0,0.0
DM_RNA_763034.3.peg.2196,0.0,0.0
DM_RNA_763034.3.peg.2197,0.0,-1.6900825327711668e-32
DM_RNA_g.3281.peg.2201,0.0,-141.74407440090798
DM_RNA_g.3281.peg.2219,0.0,-106.81274613627751
DM_RNA_g.3281.peg.2225,0.0,-119.22403606646613
DM_RNA_g.3281.peg.2226,0.0,-109.30769101094049
DM_RNA_763034.3.peg.2245,0.0,-71.26112717929502
DM_RNA_763034.3.peg.2246,0.0,-99.67974622142108
DM_RNA_763034.3.peg.2247,0.0,-90.48885239323884
DM_RNA_763034.3.peg.2248,0.0,-66.21210379970952
DM_RNA_g.3281.peg.2250,0.0,0.0
DM_RNA_763034.3.peg.2257,0.0,0.0
DM_RNA_763034.3.peg.2259,0.0,-64.3767875550722
DM_RNA_g.3281.peg.2264,0.0,0.0
DM_RNA_763034.3.peg.2269,0.0,0.0
DM_RNA_g.3281.peg.2273,0.0,-225.3232502930015
DM_RNA_g.3281.peg.2280,0.0,-43.602730837968075
DM_RNA_g.3281.peg.2297,0.0,1.6996168164738562e-32
DM_RNA_763034.3.peg.2297,0.0,-80.70016479621528
DM_RNA_g.3281.peg.2313,0.0,-74.83971424580348
DM_RNA_g.3281.peg.2316,0.0,-160.46844844154563
DM_RNA_763034.3.peg.2316,0.0,-88.04136505949486
DM_RNA_g.3281.peg.2323,0.0,-105.68998411565221
DM_RNA_g.3281.peg.2324,0.0,-110.11512311725832
DM_RNA_g.3281.peg.2328,0.0,-36.02517389734552
DM_RNA_g.3281.peg.2330,0.0,-94.40526607798856
DM_RNA_g.3281.peg.2332,0.0,0.0
DM_RNA_g.3281.peg.2336,0.0,-102.14926415210587
DM_RNA_g.3281.peg.2345,0.0,-65.0191258284473
DM_RNA_g.3281.peg.2346,0.0,4.1767624685917904e-32
DM_RNA_g.3281.peg.2352,0.0,4.586097049979099e-32
DM_RNA_g.3281.peg.2354,0.0,-88.15978675911829
DM_RNA_g.3281.peg.2355,0.0,-65.27136596856822
DM_RNA_g.3281.peg.2357,0.0,-90.45745259463862
DM_RNA_g.3281.peg.2378,0.0,0.0
DM_RNA_g.3281.peg.2379,0.0,-159.01321707780352
DM_RNA_763034.3.peg.2384,0.0,-1.7074235100135507e-32
DM_RNA_g.3281.peg.2388,0.0,-52.587688589770686
DM_RNA_g.3281.peg.2398,0.0,-199.45623156943276
DM_RNA_g.3281.peg.2404,0.0,0.0
DM_RNA_763034.3.peg.2406,0.0,-109.87750523232576
DM_RNA_g.3281.peg.2409,0.0,0.0
DM_RNA_763034.3.peg.2410,0.0,-82.44636988846395
DM_RNA_g.3281.peg.2414,0.0,-194.56084797751487
DM_RNA_763034.3.peg.2415,0.0,1.9648330029230093e-32
DM_RNA_g.3281.peg.2417,0.0,-66.63608714234022
DM_RNA_g.3281.peg.2420,0.0,-100.71516646107146
DM_RNA_763034.3.peg.2421,0.0,0.0
DM_RNA_763034.3.peg.2423,0.0,3.2753519128483125e-32
DM_RNA_g.3281.peg.2425,0.0,-2.732671460970317e-32
DM_RNA_763034.3.peg.2425,0.0,0.0
DM_RNA_763034.3.peg.2427,0.0,1.731905488416799e-32
DM_RNA_g.3281.peg.2436,0.0,0.0
DM_RNA_g.3281.peg.2459,0.0,-64.19660948784595
DM_RNA_763034.3.peg.2469,0.0,-113.12463801075961
DM_RNA_g.3281.peg.2471,0.0,-80.55176592253834
DM_RNA_g.3281.peg.2472,0.0,-1.1048128061605469e-32
DM_RNA_g.3281.peg.2477,0.0,-184.7605911828607
DM_RNA_763034.3.peg.2480,0.0,-82.64551013696587
DM_RNA_g.3281.peg.2492,0.0,-84.22792349844974
DM_RNA_g.3281.peg.2497,0.0,0.0
DM_RNA_g.3281.peg.2507,0.0,-2.4855554471154947e-32
DM_RNA_g.3281.peg.2514,0.0,-197.48459811391223
DM_RNA_g.3281.peg.2517,0.0,0.0
DM_RNA_763034.3.peg.2518,0.0,0.0
DM_RNA_g.3281.peg.2520,0.0,-72.39750514119528
DM_RNA_763034.3.peg.2530,0.0,-4.515007678632881e-32
DM_RNA_g.3281.peg.2531,0.0,-106.08791254475794
DM_RNA_g.3281.peg.2533,0.0,-246.97165168932096
DM_RNA_g.3281.peg.2543,0.0,-130.06436950595338
DM_RNA_g.3281.peg.2544,0.0,-165.23183097301592
DM_RNA_g.3281.peg.2550,0.0,-41.891680884572814
DM_RNA_g.3281.peg.2551,0.0,-263.80616379734
DM_RNA_g.3281.peg.2573,0.0,-70.443628490951
DM_RNA_g.3281.peg.2577,5.165653261995549e-31,0.0
DM_RNA_g.3281.peg.2583,0.0,-47.345191540074545
DM_RNA_g.3281.peg.2594,0.0,0.0
DM_RNA_g.3281.peg.2600,0.0,0.0
DM_RNA_g.3281.peg.2608,0.0,0.0
DM_RNA_g.3281.peg.2631,0.0,-246.09315881132997
DM_RNA_g.3281.peg.2641,-5.4222432044330625e-31,2.3955086957696368e-32
DM_RNA_g.3281.peg.2642,0.0,-93.01675042508462
DM_RNA_g.3281.peg.2643,0.0,-168.63814975578245
DM_RNA_g.3281.peg.2646,0.0,-205.8069025582116
DM_RNA_g.3281.peg.2648,0.0,-146.56788701624762
DM_RNA_g.3281.peg.2656,0.0,-63.10132918457549
DM_RNA_763034.3.peg.2656,0.0,-102.752286295895
DM_RNA_763034.3.peg.2657,0.0,-102.16330318278493
DM_RNA_g.3281.peg.2660,0.0,0.0
DM_RNA_g.3281.peg.2673,0.0,-92.34169114389216
DM_RNA_g.3281.peg.2680,0.0,0.0
DM_RNA_g.3281.peg.2686,0.0,-89.8782676946127
DM_RNA_763034.3.peg.2692,0.0,-137.65776573836823
DM_RNA_g.3281.peg.2694,0.0,-55.18329826121615
DM_RNA_g.3281.peg.2698,0.0,3.5143843973774745e-32
DM_RNA_g.3281.peg.2705,0.0,0.0
DM_RNA_g.3281.peg.2713,0.0,0.0
DM_RNA_g.3281.peg.2717,0.0,0.0
DM_RNA_g.3281.peg.2724,0.0,-95.34875360068682
DM_RNA_763034.3.peg.2726,0.0,-41.63113432262283
DM_RNA_g.3281.peg.2739,0.0,-91.81713278609828
DM_RNA_g.3281.peg.2740,0.0,-180.63181099971646
DM_RNA_g.3281.peg.2749,0.0,-20.244073938878106
DM_RNA_g.3281.peg.2753,0.0,0.0
DM_RNA_g.3281.peg.2759,0.0,0.0
DM_RNA_g.3281.peg.2770,0.0,-146.35944386230128
DM_RNA_g.3281.peg.2771,0.0,-263.3831079398078
DM_RNA_g.3281.peg.2778,0.0,-134.93787018571152
DM_RNA_g.3281.peg.2783,0.0,0.0
DM_RNA_g.3281.peg.2787,0.0,-47.40494086548815
DM_RNA_g.3281.peg.2788,0.0,-193.97482432318773
DM_RNA_g.3281.peg.2798,0.0,-107.54536408018475
DM_RNA_g.3281.peg.2800,0.0,-107.67284291807054
DM_RNA_763034.3.peg.2800,0.0,-88.59226712838328
DM_RNA_g.3281.peg.2805,0.0,-127.39142968521028
DM_RNA_g.3281.peg.2806,0.0,-108.6151229623074
DM_RNA_763034.3.peg.2806,0.0,-167.9684883629015
DM_RNA_763034.3.peg.2813,0.0,-126.69965483624047
DM_RNA_g.3281.peg.2814,0.0,-88.82582441537427
DM_RNA_763034.3.peg.2814,0.0,-127.60289622708598
DM_RNA_763034.3.peg.2815,0.0,-56.774593483374126
DM_RNA_763034.3.peg.2816,0.0,-42.45151871145503
DM_RNA_g.3281.peg.2817,0.0,-72.99052541822793
DM_RNA_g.3281.peg.2819,0.0,0.0
DM_RNA_g.3281.peg.2835,0.0,0.0
DM_RNA_g.3281.peg.2837,0.0,-66.16757024798014
DM_RNA_g.3281.peg.2845,0.0,-232.2993106424327
DM_RNA_g.3281.peg.2846,0.0,-71.23513183459954
DM_RNA_g.3281.peg.2849,0.0,-3.2279125208861663e-32
DM_RNA_g.3281.peg.2851,0.0,-165.35825736609138
DM_RNA_763034.3.peg.2852,0.0,0.0
DM_RNA_g.3281.peg.2853,0.0,4.87407840874018e-32
DM_RNA_763034.3.peg.2856,-3.975822228668225e-31,-1.773008478182432e-32
DM_RNA_763034.3.peg.2857,0.0,-89.63600623134087
DM_RNA_g.3281.peg.2866,0.0,-116.48837392203306
DM_RNA_763034.3.peg.2876,0.0,-46.3150838830462
DM_RNA_g.3281.peg.2877,0.0,-100.29022403228984
DM_RNA_763034.3.peg.2878,0.0,-65.8363484533504
DM_RNA_g.3281.peg.2882,0.0,-172.00624235760498
DM_RNA_g.3281.peg.2892,0.0,2.011982099660264e-32
DM_RNA_g.3281.peg.2897,0.0,-19.50357138709332
DM_RNA_g.3281.peg.2898,0.0,-124.38273279840854
DM_RNA_g.3281.peg.2910,0.0,-77.66724908746929
DM_RNA_g.3281.peg.2913,0.0,-119.23564506066981
DM_RNA_g.3281.peg.2914,0.0,-84.18752230445867
DM_RNA_g.3281.peg.2918,0.0,-2.9352294520545493e-32
DM_RNA_763034.3.peg.2919,0.0,-126.82472993576407
DM_RNA_g.3281.peg.2924,0.0,-90.36031027849707
DM_RNA_g.3281.peg.2929,0.0,5.495906511975718e-32
DM_RNA_g.3281.peg.2930,0.0,0.0
DM_RNA_g.3281.peg.2941,0.0,-19.79592607992985
DM_RNA_g.3281.peg.2954,0.0,-137.49896931745775
DM_RNA_g.3281.peg.2959,0.0,-56.70349005743298
DM_RNA_763034.3.peg.2961,0.0,-90.98044906064911
DM_RNA_g.3281.peg.2970,0.0,0.0
DM_RNA_g.3281.peg.2992,0.0,-87.84468620200599
DM_RNA_g.3281.peg.3002,0.0,-293.33427460100535
DM_RNA_763034.3.peg.3012,0.0,-85.56800957298137
DM_RNA_g.3281.peg.3017,0.0,-167.01319286978574
DM_RNA_g.3281.peg.3018,0.0,-72.12821276723886
DM_RNA_763034.3.peg.3022,0.0,0.0
DM_RNA_g.3281.peg.3026,0.0,-100.88123088782339
DM_RNA_g.3281.peg.3032,0.0,3.971772691247225e-32
DM_RNA_g.3281.peg.3040,0.0,-67.85807892465716
DM_RNA_g.3281.peg.3042,0.0,-204.75923753580932
DM_RNA_763034.3.peg.3050,0.0,-2.9352294520545493e-32
DM_RNA_763034.3.peg.3052,0.0,-107.95252113492343
DM_RNA_763034.3.peg.3053,0.0,-90.79730492931026
DM_RNA_763034.3.peg.3055,0.0,0.0
DM_RNA_g.3281.peg.3056,0.0,-105.37563955227169
DM_RNA_763034.3.peg.3062,0.0,0.0
DM_RNA_763034.3.peg.3066,0.0,-1.9747434810742688e-32
DM_RNA_g.3281.peg.3068,0.0,2.952819086571237e-32
DM_RNA_763034.3.peg.3068,0.0,-113.91703703407907
DM_RNA_763034.3.peg.3073,0.0,-65.76999689741358
DM_RNA_763034.3.peg.3074,0.0,-96.45211743022038
DM_RNA_763034.3.peg.3075,0.0,-83.30744755165341
DM_RNA_763034.3.peg.3076,0.0,-102.14926415210587
DM_RNA_763034.3.peg.3077,0.0,-47.75124886840831
DM_RNA_g.3281.peg.3080,0.0,-80.36901435307531
DM_RNA_g.3281.peg.3085,0.0,-146.50910456904853
DM_RNA_g.3281.peg.3087,0.0,3.357538694153521e-32
DM_RNA_g.3281.peg.3107,0.0,-219.6103000327651
DM_RNA_763034.3.peg.3111,0.0,-84.18752230445867
DM_RNA_g.3281.peg.3114,0.0,-61.751890544391166
DM_RNA_g.3281.peg.3115,0.0,-43.43219494572817
DM_RNA_763034.3.peg.3119,0.0,-86.22451779095547
DM_RNA_g.3281.peg.3120,0.0,-51.83024516783761
DM_RNA_g.3281.peg.3125,0.0,-80.91204482321683
DM_RNA_g.3281.peg.3134,0.0,-103.82424585729784
DM_RNA_g.3281.peg.3135,0.0,-68.95907487963318
DM_RNA_g.3281.peg.3137,0.0,-44.60429964767639
DM_RNA_g.3281.peg.3142,0.0,0.0
DM_RNA_g.3281.peg.3145,0.0,-88.21675352286924
DM_RNA_g.3281.peg.3146,0.0,-251.9574607139741
DM_RNA_763034.3.peg.3150,0.0,0.0
DM_RNA_g.3281.peg.3151,0.0,-50.69191919581553
DM_RNA_g.3281.peg.3153,0.0,-90.83244706543232
DM_RNA_g.3281.peg.3154,0.0,-52.82215194158452
DM_RNA_g.3281.peg.3157,0.0,-21.319987740827898
DM_RNA_g.3281.peg.3158,0.0,0.0
DM_RNA_g.3281.peg.3160,0.0,-146.85659210074482
DM_RNA_763034.3.peg.3161,0.0,-113.36085091159889
DM_RNA_g.3281.peg.3165,0.0,-91.48737155664108
DM_RNA_g.3281.peg.3172,0.0,-28.706477839815978
DM_RNA_g.3281.peg.3175,0.0,-176.13520791324206
DM_RNA_g.3281.peg.3176,0.0,-103.34691435919274
DM_RNA_g.3281.peg.3200,0.0,-61.1398724546973
DM_RNA_g.3281.peg.3202,0.0,-83.9365058062713
DM_RNA_g.3281.peg.3205,0.0,-142.5817172369992
DM_RNA_g.3281.peg.3207,0.0,0.0
DM_RNA_g.3281.peg.3209,0.0,-99.27287680200915
DM_RNA_g.3281.peg.3215,0.0,-106.18916320527381
DM_RNA_g.3281.peg.3222,0.0,-42.82553608067454
DM_RNA_g.3281.peg.3224,0.0,-132.05543684177945
DM_RNA_g.3281.peg.3226,0.0,-91.14586757305784
DM_RNA_g.3281.peg.3230,0.0,-160.2001115204648
DM_RNA_g.3281.peg.3233,0.0,-191.05556577016358
DM_RNA_g.3281.peg.3239,0.0,-26.08284450775704
DM_RNA_g.3281.peg.3243,0.0,-116.68658940058059
DM_RNA_g.3281.peg.3245,0.0,-50.83563755097792
DM_RNA_g.3281.peg.3247,0.0,-57.59074293689568
DM_RNA_g.3281.peg.3253,0.0,-3.5802532130277033e-32
DM_RNA_g.3281.peg.3256,0.0,0.0
DM_RNA_g.3281.peg.3260,0.0,-123.60937410187064
DM_RNA_g.3281.peg.3264,0.0,-99.76461471066304
DM_RNA_g.3281.peg.3270,0.0,0.0
DM_RNA_g.3281.peg.3271,0.0,-108.51010191417323
DM_RNA_g.3281.peg.3276,0.0,-95.4253921479379
DM_RNA_g.3281.peg.3279,0.0,-189.2926420562072
DM_RNA_g.3281.peg.3287,0.0,-42.32157680519595
DM_RNA_g.3281.peg.3289,0.0,-52.2118724300199
DM_RNA_g.3281.peg.3298,0.0,-111.45944097275908
DM_RNA_g.3281.peg.3301,0.0,-191.3169180041454
DM_RNA_763034.3.peg.3302,0.0,-92.72146785927224
DM_RNA_763034.3.peg.3303,0.0,-68.69632616142175
DM_RNA_763034.3.peg.3304,0.0,-55.18329826121615
DM_RNA_763034.3.peg.3305,0.0,2.7464894699348157e-32
DM_RNA_763034.3.peg.3306,0.0,0.0
DM_RNA_763034.3.peg.3307,0.0,-2.0506132991631517e-32
DM_RNA_g.3281.peg.3308,0.0,2.0570409463802736e-32
DM_RNA_763034.3.peg.3308,0.0,-124.29641058699241
DM_RNA_763034.3.peg.3309,0.0,-100.96053077826079
DM_RNA_g.3281.peg.3315,0.0,0.0
DM_RNA_763034.3.peg.3326,0.0,-104.59518646421604
DM_RNA_763034.3.peg.3329,0.0,-56.32818241483156
DM_RNA_763034.3.peg.3330,0.0,-72.67914188817629
DM_RNA_763034.3.peg.3331,0.0,0.0
DM_RNA_763034.3.peg.3332,0.0,0.0
DM_RNA_763034.3.peg.3333,0.0,-193.97482432318773
DM_RNA_763034.3.peg.3336,0.0,-161.0616786231054
DM_RNA_763034.3.peg.3337,0.0,3.722164276154792e-32
DM_RNA_g.3281.peg.3338,0.0,0.0
DM_RNA_763034.3.peg.3338,0.0,-277.7379563734707
DM_RNA_g.3281.peg.3339,0.0,-150.51039131013545
DM_RNA_g.3281.peg.3346,0.0,-51.33523475704815
DM_RNA_g.3281.peg.3357,0.0,0.0
DM_RNA_g.3281.peg.3376,0.0,3.3908827135293713e-32
DM_RNA_g.3281.peg.3382,0.0,4.1582221637972754e-32
DM_RNA_763034.3.peg.3383,0.0,0.0
DM_RNA_g.3281.peg.3392,0.0,6.016562349005543e-32
DM_RNA_763034.3.peg.3392,0.0,-84.05688839669207
DM_RNA_g.3281.peg.3402,0.0,-130.93272308910366
DM_RNA_g.3281.peg.3409,0.0,-97.54529882001891
DM_RNA_g.3281.peg.3410,0.0,-78.97909378030565
DM_RNA_g.3281.peg.3413,0.0,-65.08261570365922
DM_RNA_g.3281.peg.3417,0.0,2.139415226882705e-32
DM_RNA_g.3281.peg.3432,0.0,-92.58166759175451
DM_RNA_g.3281.peg.3442,0.0,-80.89397756767627
DM_RNA_g.3281.peg.3443,0.0,-187.43552864829311
DM_RNA_763034.3.peg.3446,0.0,-54.64483006956648
DM_RNA_g.3281.peg.3449,0.0,-98.09039517173443
DM_RNA_g.3281.peg.3456,0.0,-139.43319727414146
DM_RNA_g.3281.peg.3459,0.0,2.588912789937121e-32
DM_RNA_g.3281.peg.3469,0.0,-116.87252518803608
DM_RNA_763034.3.peg.3480,0.0,-69.73223243326771
DM_RNA_763034.3.peg.3482,0.0,-98.1403527276013
DM_RNA_763034.3.peg.3489,0.0,-50.50377809135777
DM_RNA_g.3281.peg.3490,0.0,0.0
DM_RNA_g.3281.peg.3494,0.0,0.0
DM_RNA_g.3281.peg.3496,0.0,-230.7553594553081
DM_RNA_g.3281.peg.3501,0.0,0.0
DM_RNA_763034.3.peg.3502,0.0,-78.99941541976345
DM_RNA_g.3281.peg.3503,0.0,0.0
DM_RNA_g.3281.peg.3508,0.0,-197.5002020622611
DM_RNA_763034.3.peg.3508,0.0,-47.40494086548815
DM_RNA_g.3281.peg.3514,0.0,-74.87257737085608
DM_RNA_g.3281.peg.3530,0.0,-46.91714568972295
DM_RNA_g.3281.peg.3533,0.0,-74.33211458489464
DM_RNA_g.3281.peg.3541,0.0,0.0
DM_RNA_g.3281.peg.3551,0.0,-86.39049553900067
DM_RNA_g.3281.peg.3558,0.0,-72.13857609184441
DM_RNA_g.3281.peg.3575,0.0,-163.8081675727115
DM_RNA_g.3281.peg.3583,0.0,-107.05070835487282
DM_RNA_g.3281.peg.3601,0.0,-61.81398322757339
DM_RNA_g.3281.peg.3605,0.0,-79.57771183759169
DM_RNA_g.3281.peg.3620,0.0,-85.56925902240177
DM_RNA_g.3281.peg.3631,0.0,-74.39141350949822
DM_RNA_763034.3.peg.3640,0.0,-91.43574280162984
DM_RNA_763034.3.peg.3641,0.0,-77.07305881531188
DM_RNA_g.3281.peg.3653,0.0,-21.428920329105306
DM_RNA_g.3281.peg.3656,0.0,-162.76209910107156
DM_RNA_HMPREF9446_RS00085,0.0,-6.487443967930036
DM_RNA_HMPREF9446_RS01195,0.0,-6.3829299231270875
DM_RNA_HMPREF9446_RS01550,0.0,-7.862760918266136
DM_RNA_HMPREF9446_RS02765,0.0,-6.586273027606682
DM_RNA_HMPREF9446_RS03960,0.0,-6.522936777288295
DM_RNA_HMPREF9446_RS04185,0.0,-6.5868128350661665
DM_RNA_HMPREF9446_RS04480,0.0,-9.713529216467352
DM_RNA_HMPREF9446_RS04590,0.0,-7.520415403495845
DM_RNA_HMPREF9446_RS04745,0.0,-7.59563076494706
DM_RNA_HMPREF9446_RS04755,0.0,-7.520415403495845
DM_RNA_HMPREF9446_RS05305,0.0,-7.59563076494706
DM_RNA_HMPREF9446_RS05745,0.0,-6.362438449167863
DM_RNA_HMPREF9446_RS05925,0.0,-6.4279339293241895
DM_RNA_HMPREF9446_RS06225,0.0,-6.616979685851085
DM_RNA_HMPREF9446_RS06600,0.0,-6.5329126105381645
DM_RNA_HMPREF9446_RS06770,0.0,-6.271801620375783
DM_RNA_HMPREF9446_RS07020,0.0,-6.5223524653596145
DM_RNA_HMPREF9446_RS07720,0.0,-7.2699397295604715
DM_RNA_HMPREF9446_RS07725,0.0,-6.5317884911499995
DM_RNA_HMPREF9446_RS07730,0.0,-128.73460146353145
DM_RNA_HMPREF9446_RS07735,0.0,-6.3924856244351265
DM_RNA_HMPREF9446_RS07740,0.0,-6.576837001816297
DM_RNA_HMPREF9446_RS07745,0.0,-240.73079504687422
DM_RNA_HMPREF9446_RS08175,0.0,-6.586273027606682
DM_RNA_HMPREF9446_RS08180,0.0,-7.2699397295604715
DM_RNA_HMPREF9446_RS08185,0.0,-6.238512545324659
DM_RNA_HMPREF9446_RS08195,0.0,-6.5223524653596145
DM_RNA_HMPREF9446_RS08745,0.0,-6.447465463882098
DM_RNA_HMPREF9446_RS08800,0.0,-6.566246190058483
DM_RNA_HMPREF9446_RS09540,0.0,-6.651888183280663
DM_RNA_HMPREF9446_RS09545,0.0,-6.651888183280663
DM_RNA_HMPREF9446_RS10005,0.0,-6.212336086239131
DM_RNA_HMPREF9446_RS10170,0.0,-6.737335329936729
DM_RNA_HMPREF9446_RS10270,0.0,-6.372414282417733
DM_RNA_HMPREF9446_RS10515,0.0,-6.342906914609954
DM_RNA_HMPREF9446_RS11735,0.0,-6.546789826549033
DM_RNA_HMPREF9446_RS11885,0.0,-6.368048263245708
DM_RNA_HMPREF9446_RS11890,0.0,-6.408026767293646
DM_RNA_HMPREF9446_RS11895,0.0,-6.368048263245708
DM_RNA_HMPREF9446_RS12820,0.0,-6.442395457263739
DM_RNA_HMPREF9446_RS12905,0.0,-6.566861168566427
DM_RNA_HMPREF9446_RS13135,0.0,-6.158015729769298
DM_RNA_HMPREF9446_RS13250,0.0,-6.377484289036093
DM_RNA_HMPREF9446_RS13255,0.0,-6.377484289036093
DM_RNA_HMPREF9446_RS13625,0.0,-7.629459647457669
DM_RNA_HMPREF9446_RS13630,0.0,-6.372414282417733
DM_RNA_HMPREF9446_RS13635,0.0,-6.774689967735701
DM_RNA_HMPREF9446_RS14255,0.0,-6.4862001730242165
DM_RNA_HMPREF9446_RS14550,0.0,-7.270899668961787
DM_RNA_HMPREF9446_RS14950,0.0,-6.397391451066636
DM_RNA_HMPREF9446_RS14955,0.0,-7.216084009501665
DM_RNA_HMPREF9446_RS15205,0.0,-6.362438449167863
DM_RNA_HMPREF9446_RS15210,0.0,-6.4234482346345105
DM_RNA_HMPREF9446_RS15390,0.0,-6.397391451066636
DM_RNA_HMPREF9446_RS15395,0.0,-7.191571477263786
DM_RNA_HMPREF9446_RS15400,0.0,-6.397391451066636
DM_RNA_HMPREF9446_RS15405,0.0,-7.147018269587779
DM_RNA_HMPREF9446_RS15410,0.0,-6.397391451066636
DM_RNA_HMPREF9446_RS15450,0.0,-6.5868128350661665
DM_RNA_HMPREF9446_RS17605,0.0,-6.32299975257941
formation_763034.3.peg.1031-MONOMER,3.095452991934764e-09,0.0
formation_763034.3.peg.1088-MONOMER,-2.86980760793487e-41,0.0
formation_763034.3.peg.1089-MONOMER,1.7983550360512268e-06,-3.2888633440663223e-35
formation_763034.3.peg.109-MONOMER,0.0,-2.315202226942342e-34
formation_763034.3.peg.1095-MONOMER,0.0,0.0
formation_763034.3.peg.1115-MONOMER,1.0999425524082528e-08,0.0
formation_763034.3.peg.1166-MONOMER,0.0,1.2557426019625647e-34
formation_763034.3.peg.1185-MONOMER,5.32848933616822e-07,-1.862822776513e-33
formation_763034.3.peg.1251-MONOMER,8.164716821277105e-08,-3.56270839328822e-34
formation_763034.3.peg.1262-MONOMER,0.0,0.0
formation_763034.3.peg.1286-MONOMER,2.2559029081525846e-07,0.0
formation_763034.3.peg.1287-MONOMER,5.279642061625043e-43,0.0
formation_763034.3.peg.1288-MONOMER,5.3865728404811446e-43,5.130486525423783e-34
formation_763034.3.peg.1337-MONOMER,5.98125087866626e-08,0.0
formation_763034.3.peg.1362-MONOMER,-6.072348772530979e-29,-5.048785149332355e-34
formation_763034.3.peg.1371-MONOMER,5.193301443479294e-29,0.0
formation_763034.3.peg.142-MONOMER,0.0,1.1638464433669716e-33
formation_763034.3.peg.1514-MONOMER,0.0,-6.633125476979376e-34
formation_763034.3.peg.1523-MONOMER,2.7666547493444387e-09,0.0
formation_763034.3.peg.1530-MONOMER,0.007818314911116116,0.0
formation_763034.3.peg.1531-MONOMER,0.0,0.0
formation_763034.3.peg.1548-MONOMER,0.0,-3.7786814057815597e-34
formation_763034.3.peg.1550-MONOMER,0.0,0.0
formation_763034.3.peg.1593-MONOMER,4.702967759148652e-09,3.154790278069066e-35
formation_763034.3.peg.1605-MONOMER,0.0,0.0
formation_763034.3.peg.1609-MONOMER,6.416942472146319e-06,0.0
formation_763034.3.peg.1618-MONOMER,0.0,0.0
formation_763034.3.peg.1659-MONOMER,1.2769689764413892e-07,5.277039539623011e-34
formation_763034.3.peg.1679-MONOMER,0.0,3.320458355196371e-35
formation_763034.3.peg.178-MONOMER,2.8078535586925177e-08,4.117424281369951e-34
formation_763034.3.peg.1905-MONOMER,0.0,0.0
formation_763034.3.peg.1965-MONOMER,0.0,-1.0184072950643168e-33
formation_763034.3.peg.1966-MONOMER,0.0,0.0
formation_763034.3.peg.1969-MONOMER,0.0,-2.651813914301166e-34
formation_763034.3.peg.1970-MONOMER,0.0,0.0
formation_763034.3.peg.1987-MONOMER,0.0,2.1707207714022815e-34
formation_763034.3.peg.1989-MONOMER,0.0,0.0
formation_763034.3.peg.2000-MONOMER,1.509377314549348e-08,0.0
formation_763034.3.peg.2067-MONOMER,0.0,1.558420881462907e-33
formation_763034.3.peg.2162-MONOMER,0.0,-7.92007037957375e-35
formation_763034.3.peg.2168-MONOMER,0.0,-2.619043361444186e-34
formation_763034.3.peg.2169-MONOMER,0.0,0.0
formation_763034.3.peg.2170-MONOMER,0.0,0.0
formation_763034.3.peg.2171-MONOMER,0.0,0.0
formation_763034.3.peg.2173-MONOMER,0.0,0.0
formation_763034.3.peg.2175-MONOMER,0.0,0.0
formation_763034.3.peg.2183-MONOMER,0.0,-9.427800319597612e-35
formation_763034.3.peg.2195-MONOMER,0.0,0.0
formation_763034.3.peg.2196-MONOMER,0.0,0.0
formation_763034.3.peg.2245-MONOMER,1.0401885601709838e-06,0.0
formation_763034.3.peg.2246-MONOMER,0.0,-3.9274967251900715e-34
formation_763034.3.peg.2247-MONOMER,1.6400989884307755e-06,0.0
formation_763034.3.peg.2248-MONOMER,0.0,0.0
formation_763034.3.peg.2259-MONOMER,7.519264290479139e-06,-6.742248862154783e-34
formation_763034.3.peg.2269-MONOMER,0.0,0.0
formation_763034.3.peg.2297-MONOMER,0.0,0.0
formation_763034.3.peg.232-MONOMER,0.0,0.0
formation_763034.3.peg.2406-MONOMER,1.8868895802724936e-08,0.0
formation_763034.3.peg.2410-MONOMER,0.0,0.0
formation_763034.3.peg.2415-MONOMER,0.0,0.0
formation_763034.3.peg.2421-MONOMER,0.0,0.0
formation_763034.3.peg.2423-MONOMER,0.0,-6.323805853284562e-35
formation_763034.3.peg.2425-MONOMER,0.0,-4.3387360889426906e-35
formation_763034.3.peg.2427-MONOMER,0.0,0.0
formation_763034.3.peg.2469-MONOMER,4.02339250736781e-08,0.0
formation_763034.3.peg.2480-MONOMER,0.0,0.0
formation_763034.3.peg.25-MONOMER,0.0,0.0
formation_763034.3.peg.2657-MONOMER,0.0,4.60227415298433e-34
formation_763034.3.peg.2726-MONOMER,0.0,0.0
formation_763034.3.peg.2800-MONOMER,0.0,0.0
formation_763034.3.peg.2806-MONOMER,0.0,3.3260756697802145e-34
formation_763034.3.peg.2813-MONOMER,0.0,-7.547091571357144e-34
formation_763034.3.peg.2814-MONOMER,0.0,0.0
formation_763034.3.peg.2815-MONOMER,0.0,0.0
formation_763034.3.peg.2852-MONOMER,0.0,2.055866163702601e-34
formation_763034.3.peg.2856-MONOMER,1.0423169540562752e-29,0.0
formation_763034.3.peg.2857-MONOMER,-6.157292027316894e-30,0.0
formation_763034.3.peg.2919-MONOMER,0.0,0.0
formation_763034.3.peg.3-MONOMER,0.0,0.0
formation_763034.3.peg.3012-MONOMER,0.0,0.0
formation_763034.3.peg.3050-MONOMER,0.0,2.594088482761072e-35
formation_763034.3.peg.3052-MONOMER,3.7964614208312876e-08,-2.287299901801531e-33
formation_763034.3.peg.3055-MONOMER,0.0,0.0
formation_763034.3.peg.3062-MONOMER,0.0,0.0
formation_763034.3.peg.3066-MONOMER,0.0,-3.188204065813826e-35
formation_763034.3.peg.3068-MONOMER,2.7893334238912086e-08,3.0530305583016058e-34
formation_763034.3.peg.3073-MONOMER,2.768310443717303e-08,0.0
formation_763034.3.peg.3075-MONOMER,9.79200949105054e-29,0.0
formation_763034.3.peg.3077-MONOMER,0.0,0.0
formation_763034.3.peg.309-MONOMER,4.568016109625802e-09,0.0
formation_763034.3.peg.31-MONOMER,0.0,0.0
formation_763034.3.peg.3111-MONOMER,0.0,0.0
formation_763034.3.peg.3119-MONOMER,1.090022907754127e-05,0.0
formation_763034.3.peg.3150-MONOMER,0.0,-3.548797304534206e-35
formation_763034.3.peg.3161-MONOMER,0.0,0.0
formation_763034.3.peg.32-MONOMER,0.0,0.0
formation_763034.3.peg.3302-MONOMER,0.0,0.0
formation_763034.3.peg.3303-MONOMER,4.5169350290295825e-08,0.0
formation_763034.3.peg.3304-MONOMER,0.0,0.0
formation_763034.3.peg.3305-MONOMER,0.0,0.0
formation_763034.3.peg.3306-MONOMER,0.0,0.0
formation_763034.3.peg.3307-MONOMER,0.0,-9.017437661716513e-35
formation_763034.3.peg.3308-MONOMER,0.0,0.0
formation_763034.3.peg.3309-MONOMER,0.0,0.0
formation_763034.3.peg.3326-MONOMER,0.0,0.0
formation_763034.3.peg.3330-MONOMER,7.924818677582332e-07,0.0
formation_763034.3.peg.3331-MONOMER,0.0,7.494683059235453e-35
formation_763034.3.peg.3332-MONOMER,0.0,0.0
formation_763034.3.peg.3336-MONOMER,0.0,0.0
formation_763034.3.peg.3337-MONOMER,0.0,-2.8107178915251283e-34
formation_763034.3.peg.3338-MONOMER,0.0,0.0
formation_763034.3.peg.3392-MONOMER,1.7245938986211374e-08,0.0
formation_763034.3.peg.3446-MONOMER,2.966474098586189e-08,3.039009559381369e-34
formation_763034.3.peg.3480-MONOMER,0.0,0.0
formation_763034.3.peg.3489-MONOMER,0.0,-1.0150263400900683e-34
formation_763034.3.peg.3502-MONOMER,0.0,0.0
formation_763034.3.peg.3641-MONOMER,7.042515397215223e-30,1.8066927198993208e-34
formation_763034.3.peg.446-MONOMER,3.2940388110535353e-29,-1.5155056837994439e-34
formation_763034.3.peg.455-MONOMER,2.5658417421469822e-09,2.9085930484119015e-34
formation_763034.3.peg.477-MONOMER,2.3025977901180843e-09,-3.2274248630461665e-34
formation_763034.3.peg.543-MONOMER,0.0,1.2860728056597128e-34
formation_763034.3.peg.557-MONOMER,0.0,0.0
formation_763034.3.peg.578-MONOMER,1.701195955715117e-05,0.0
formation_763034.3.peg.620-MONOMER,0.0,-1.0809445854625063e-35
formation_763034.3.peg.659-MONOMER,2.126057391426112e-06,0.0
formation_763034.3.peg.670-MONOMER,0.0,0.0
formation_763034.3.peg.681-MONOMER,3.5028495007173862e-06,2.765709307388911e-34
formation_763034.3.peg.704-MONOMER,0.0,0.0
formation_763034.3.peg.705-MONOMER,0.0,0.0
formation_763034.3.peg.719-MONOMER,6.029100772374614e-08,0.0
formation_763034.3.peg.747-MONOMER,4.916513011886107e-08,0.0
formation_763034.3.peg.748-MONOMER,1.706438421038239e-06,0.0
formation_763034.3.peg.749-MONOMER,0.0,0.0
formation_763034.3.peg.750-MONOMER,0.0,0.0
formation_763034.3.peg.765-MONOMER,0.0,0.0
formation_763034.3.peg.804-MONOMER,0.0,0.0
formation_763034.3.peg.823-MONOMER,2.237616726189283e-06,0.0
formation_763034.3.peg.841-MONOMER,1.7412477343405084e-05,-4.692109146440307e-34
formation_763034.3.peg.86-MONOMER,2.3718246724212774e-07,0.0
formation_763034.3.peg.87-MONOMER,0.0,0.0
formation_763034.3.peg.877-MONOMER,8.133500219388654e-08,0.0
formation_763034.3.peg.878-MONOMER,7.038823564932934e-08,1.3873413032082243e-34
formation_763034.3.peg.88-MONOMER,4.5574910588253646e-07,0.0
formation_763034.3.peg.880-MONOMER,7.839030516763707e-08,-1.0410762011804608e-34
formation_763034.3.peg.882-MONOMER,3.7919371845377994e-07,0.0
formation_763034.3.peg.885-MONOMER,1.8383861942858473e-07,2.194562738079092e-34
formation_763034.3.peg.886-MONOMER,2.1506086164072986e-07,0.0
formation_763034.3.peg.89-MONOMER,0.0,0.0
formation_763034.3.peg.894-MONOMER,3.817398343950479e-09,-3.0256617824753998e-34
formation_763034.3.peg.899-MONOMER,0.0,3.5883247316601567e-34
formation_763034.3.peg.9-MONOMER,5.095175228042761e-06,0.0
formation_763034.3.peg.906-MONOMER,0.0,2.3955176926744594e-35
formation_763034.3.peg.91-MONOMER,3.0480103589029804e-07,1.8444015297219273e-34
formation_763034.3.peg.910-MONOMER,0.0,0.0
formation_763034.3.peg.911-MONOMER,0.0,0.0
formation_763034.3.peg.92-MONOMER,0.0,0.0
formation_763034.3.peg.923-MONOMER,2.415387092268227e-05,0.0
formation_763034.3.peg.99-MONOMER,0.0,2.351594571740264e-34
formation_CPLX_3OAS100-0,0.0,6.341282816670676e-34
formation_CPLX_3OAS100-1,0.0,0.0
formation_CPLX_3OAS100-2,3.923491065306238e-07,0.0
formation_CPLX_3OAS100-3,0.0,0.0
formation_CPLX_3OAS100-4,0.0,0.0
formation_CPLX_ACTNDH-0,0.0,2.273637778407038e-33
formation_CPLX_ADOCBLabc-0,0.0,4.364506498468879e-34
formation_CPLX_ADOCBLabc-1,0.0,0.0
formation_CPLX_ADOCBLabc-2,0.0,-5.0338141177726e-34
formation_CPLX_ADOCBLabc-3,1.314311672679254e-09,0.0
formation_CPLX_AHCYSNS_r-0,0.0,0.0
formation_CPLX_BTNCLi-0,0.0,0.0
formation_CPLX_CBL1abc-0,0.0,-2.2960255696967207e-33
formation_CPLX_CBL1abc-1,0.0,-7.582873092644558e-34
formation_CPLX_CBL1abc-2,0.0,-6.42207743632903e-34
formation_CPLX_CBL1abc-3,0.0,0.0
formation_CPLX_DMATT-0,0.0,0.0
formation_CPLX_FRD2-0,0.0,0.0
formation_CPLX_GCCb-0,0.0,0.0
formation_CPLX_GCCc-0,0.0,0.0
formation_CPLX_IPPMIb-0,0.0,3.41846539785001e-34
formation_CPLX_NADH6-0,2.004488845528431e-06,-1.4978629832558511e-33
formation_CPLX_PIabc-0,0.0,-2.9755573820968084e-34
formation_CPLX_PTRCabc-0,5.898566946559135e-10,6.365802217910745e-32
formation_CPLX_SUCD1-0,-1.0036182609304515e-35,4.668927554281362e-34
formation_CPLX_TEICH45-0,0.0,-1.3904549763171913e-34
formation_CPLX_YUMPS-0,0.0,0.0
formation_CPLX_YUMPS-1,0.0,4.954633214650533e-34
formation_CPLX_ZNabc-0,9.075779857490604e-13,4.896916505111169e-34
formation_CPLX_dreplication-0,0.0,3.887043151671167e-33
formation_CPLX_dreplication-1,0.0,1.5669588464402052e-32
formation_CPLX_dreplication-2,0.0,0.0
formation_CPLX_dreplication-3,0.0,0.0
formation_CPLX_dreplication-4,0.0,3.889923850299675e-33
formation_CPLX_dreplication-5,0.0,3.890315683028375e-33
formation_CPLX_dreplication-6,0.0,3.8903257738209956e-33
formation_CPLX_pbiosynthesis-0,4.601152347051148e-10,5.024970267560016e-31
formation_CPLX_rtranscription-0,7.251572453333374e-10,-4.6123290646545533e-32
formation_CPLX_rtranscription-1,7.251572453333374e-10,0.0
formation_CPLX_rtranscription-2,7.251572453333374e-10,2.017893965786367e-32
formation_g.3281.peg.1004-MONOMER,0.0,0.0
formation_g.3281.peg.1008-MONOMER,0.0,0.0
formation_g.3281.peg.103-MONOMER,2.388708084217899e-05,1.7198905302660061e-35
formation_g.3281.peg.1031-MONOMER,0.0,1.2083800421310025e-34
formation_g.3281.peg.1039-MONOMER,0.0,0.0
formation_g.3281.peg.1042-MONOMER,6.97892735799252e-24,0.0
formation_g.3281.peg.1048-MONOMER,1.251322290818047e-07,2.8480269048551583e-34
formation_g.3281.peg.1055-MONOMER,0.0,0.0
formation_g.3281.peg.1059-MONOMER,3.768166709983413e-08,-3.421875453294546e-34
formation_g.3281.peg.1060-MONOMER,0.0,1.3405647950514249e-34
formation_g.3281.peg.1062-MONOMER,0.0,0.0
formation_g.3281.peg.107-MONOMER,0.0,-4.401251232678949e-34
formation_g.3281.peg.1085-MONOMER,1.9685315170931822e-11,0.0
formation_g.3281.peg.1091-MONOMER,0.0,0.0
formation_g.3281.peg.1096-MONOMER,2.388708084217899e-05,0.0
formation_g.3281.peg.1099-MONOMER,0.0,3.1112101839023844e-34
formation_g.3281.peg.11-MONOMER,2.388708084217899e-05,0.0
formation_g.3281.peg.1100-MONOMER,0.0,6.746123563804392e-34
formation_g.3281.peg.1110-MONOMER,0.0,0.0
formation_g.3281.peg.1113-MONOMER,0.0,4.06893973158164e-34
formation_g.3281.peg.1119-MONOMER,1.8600087629546183e-08,0.0
formation_g.3281.peg.1124-MONOMER,0.0,0.0
formation_g.3281.peg.1131-MONOMER,0.0,1.7070952247091168e-35
formation_g.3281.peg.1137-MONOMER,1.897945292865833e-09,0.0
formation_g.3281.peg.1139-MONOMER,0.0,-2.353746598552529e-34
formation_g.3281.peg.1175-MONOMER,0.0,0.0
formation_g.3281.peg.1177-MONOMER,0.0,4.5681716667483285e-35
formation_g.3281.peg.1178-MONOMER,0.0,-3.7057837230168903e-34
formation_g.3281.peg.1180-MONOMER,0.0,0.0
formation_g.3281.peg.1195-MONOMER,2.9658076541061833e-07,0.0
formation_g.3281.peg.1200-MONOMER,0.0,-8.972922043776825e-35
formation_g.3281.peg.1204-MONOMER,0.0,-3.7959187395182357e-35
formation_g.3281.peg.1208-MONOMER,0.0,-1.1642556583748123e-34
formation_g.3281.peg.123-MONOMER,2.3902451891718375e-07,0.0
formation_g.3281.peg.1231-MONOMER,0.0,0.0
formation_g.3281.peg.1235-MONOMER,0.0,-2.193680890879951e-34
formation_g.3281.peg.1236-MONOMER,0.0,0.0
formation_g.3281.peg.1237-MONOMER,0.0,0.0
formation_g.3281.peg.124-MONOMER,2.388708084217899e-05,0.0
formation_g.3281.peg.1248-MONOMER,2.3508799179563453e-07,0.0
formation_g.3281.peg.1261-MONOMER,2.3887540957413694e-05,0.0
formation_g.3281.peg.1264-MONOMER,0.0,-6.323805853284562e-35
formation_g.3281.peg.1271-MONOMER,0.0,0.0
formation_g.3281.peg.1281-MONOMER,3.2213367355689645e-07,-2.9009276805677448e-34
formation_g.3281.peg.1312-MONOMER,3.9283628663035773e-07,2.665045668503579e-34
formation_g.3281.peg.1316-MONOMER,2.3994177035924195e-07,-3.544423865503304e-34
formation_g.3281.peg.1318-MONOMER,0.0,1.0343029308971916e-35
formation_g.3281.peg.1322-MONOMER,0.0,0.0
formation_g.3281.peg.1328-MONOMER,1.8465256435915764e-10,3.0328191934410454e-34
formation_g.3281.peg.1329-MONOMER,0.0,0.0
formation_g.3281.peg.1331-MONOMER,0.0,-9.427800319597612e-35
formation_g.3281.peg.1338-MONOMER,0.0,-7.92007037957375e-35
formation_g.3281.peg.1340-MONOMER,0.0,0.0
formation_g.3281.peg.1345-MONOMER,0.0,0.0
formation_g.3281.peg.1346-MONOMER,2.388708084217899e-05,-1.2801388188729039e-34
formation_g.3281.peg.1350-MONOMER,0.0,0.0
formation_g.3281.peg.1356-MONOMER,0.0,1.717322274616446e-34
formation_g.3281.peg.1366-MONOMER,0.0,0.0
formation_g.3281.peg.1376-MONOMER,3.86683244320821e-08,0.0
formation_g.3281.peg.1379-MONOMER,4.1415379494934096e-11,0.0
formation_g.3281.peg.1386-MONOMER,0.0,0.0
formation_g.3281.peg.1387-MONOMER,2.388708084217899e-05,-9.314600693614364e-37
formation_g.3281.peg.1389-MONOMER,0.0,0.0
formation_g.3281.peg.1411-MONOMER,-6.893936342013861e-29,0.0
formation_g.3281.peg.1414-MONOMER,2.388708084217899e-05,0.0
formation_g.3281.peg.1421-MONOMER,0.0,2.3445065550681143e-34
formation_g.3281.peg.1429-MONOMER,0.0,0.0
formation_g.3281.peg.1436-MONOMER,0.0,0.0
formation_g.3281.peg.1449-MONOMER,0.0,0.0
formation_g.3281.peg.147-MONOMER,0.0,0.0
formation_g.3281.peg.1472-MONOMER,0.0,9.650947486684191e-34
formation_g.3281.peg.1483-MONOMER,0.0,0.0
formation_g.3281.peg.1485-MONOMER,1.7100717483103955e-07,0.0
formation_g.3281.peg.149-MONOMER,4.1415379494934096e-11,3.2962910633203657e-34
formation_g.3281.peg.1493-MONOMER,3.6018056598516864e-06,3.260248561317076e-34
formation_g.3281.peg.150-MONOMER,8.164153006309785e-07,-2.280247146146341e-34
formation_g.3281.peg.1500-MONOMER,5.532046352170359e-08,0.0
formation_g.3281.peg.1501-MONOMER,0.0,3.1173407799756516e-34
formation_g.3281.peg.1513-MONOMER,2.388708084217899e-05,0.0
formation_g.3281.peg.1526-MONOMER,2.388708084217899e-05,5.677430920272475e-35
formation_g.3281.peg.153-MONOMER,0.0,0.0
formation_g.3281.peg.1541-MONOMER,0.0,0.0
formation_g.3281.peg.1548-MONOMER,2.705518062524038e-06,0.0
formation_g.3281.peg.1586-MONOMER,2.1062933646284972e-07,0.0
formation_g.3281.peg.160-MONOMER,0.0,0.0
formation_g.3281.peg.1605-MONOMER,0.0,0.0
formation_g.3281.peg.161-MONOMER,0.0,1.8773668358055398e-34
formation_g.3281.peg.1611-MONOMER,0.0,0.0
formation_g.3281.peg.1612-MONOMER,0.0,2.174269167729129e-34
formation_g.3281.peg.1620-MONOMER,3.4316000150819445e-08,0.0
formation_g.3281.peg.1637-MONOMER,2.388708084217899e-05,-1.2942579730171206e-35
formation_g.3281.peg.1654-MONOMER,2.388708084217899e-05,-5.603341958994515e-35
formation_g.3281.peg.1665-MONOMER,0.0,0.0
formation_g.3281.peg.1671-MONOMER,0.0,0.0
formation_g.3281.peg.1677-MONOMER,1.995682047197609e-08,0.0
formation_g.3281.peg.1679-MONOMER,0.0,0.0
formation_g.3281.peg.1682-MONOMER,0.0,0.0
formation_g.3281.peg.1690-MONOMER,0.0,-1.281595089725969e-34
formation_g.3281.peg.1697-MONOMER,0.0,-1.8978384331663864e-34
formation_g.3281.peg.1702-MONOMER,0.0,0.0
formation_g.3281.peg.171-MONOMER,0.0,-4.96232802932954e-34
formation_g.3281.peg.1722-MONOMER,1.3931113173922868e-07,0.0
formation_g.3281.peg.1725-MONOMER,0.0,0.0
formation_g.3281.peg.1729-MONOMER,0.0,0.0
formation_g.3281.peg.1733-MONOMER,3.661938269743925e-24,0.0
formation_g.3281.peg.1734-MONOMER,6.775717461648781e-06,0.0
formation_g.3281.peg.1748-MONOMER,1.1739087328283508e-05,0.0
formation_g.3281.peg.1765-MONOMER,0.0,0.0
formation_g.3281.peg.1768-MONOMER,0.0,0.0
formation_g.3281.peg.1778-MONOMER,2.0254371833943855e-07,1.5312150880130753e-34
formation_g.3281.peg.1782-MONOMER,8.28307589898683e-11,3.409714558927917e-36
formation_g.3281.peg.1793-MONOMER,2.5647239119099837e-07,0.0
formation_g.3281.peg.1795-MONOMER,0.0,-2.2109270495316265e-34
formation_g.3281.peg.1799-MONOMER,0.0,0.0
formation_g.3281.peg.18-MONOMER,-2.953910912311748e-41,0.0
formation_g.3281.peg.1802-MONOMER,0.0,0.0
formation_g.3281.peg.181-MONOMER,2.388708084217899e-05,3.320118756769523e-35
formation_g.3281.peg.1815-MONOMER,0.0,0.0
formation_g.3281.peg.1823-MONOMER,0.0,0.0
formation_g.3281.peg.1824-MONOMER,0.0,-3.0781338033500935e-34
formation_g.3281.peg.1827-MONOMER,0.0,0.0
formation_g.3281.peg.1885-MONOMER,0.0,4.309200660120928e-34
formation_g.3281.peg.1900-MONOMER,2.2492556519873558e-07,0.0
formation_g.3281.peg.1909-MONOMER,9.929437714651982e-08,0.0
formation_g.3281.peg.1922-MONOMER,4.859431247022049e-06,-6.011298042953269e-35
formation_g.3281.peg.193-MONOMER,2.388708084217899e-05,6.150723309628605e-35
formation_g.3281.peg.1934-MONOMER,0.0,0.0
formation_g.3281.peg.1935-MONOMER,0.0,-5.238086722888372e-34
formation_g.3281.peg.1942-MONOMER,0.0,0.0
formation_g.3281.peg.1945-MONOMER,0.0002937446124614641,-3.4635379112502247e-68
formation_g.3281.peg.1956-MONOMER,0.0,0.0
formation_g.3281.peg.1957-MONOMER,-1.537924121173267e-41,-4.345453616666583e-34
formation_g.3281.peg.1958-MONOMER,0.0,-3.855593090551084e-34
formation_g.3281.peg.1959-MONOMER,0.0,0.0
formation_g.3281.peg.196-MONOMER,0.0,0.0
formation_g.3281.peg.1974-MONOMER,2.299619553123539e-13,-7.88113681044841e-34
formation_g.3281.peg.1975-MONOMER,2.388708084217899e-05,0.0
formation_g.3281.peg.1983-MONOMER,0.0,1.454973974771912e-34
formation_g.3281.peg.1985-MONOMER,0.0,0.0
formation_g.3281.peg.199-MONOMER,0.0,0.0
formation_g.3281.peg.1993-MONOMER,1.574920908459378e-07,0.0
formation_g.3281.peg.1994-MONOMER,0.0,-2.816790540851678e-35
formation_g.3281.peg.20-MONOMER,0.0,9.189559098587493e-35
formation_g.3281.peg.2004-MONOMER,0.0,2.055866163702601e-34
formation_g.3281.peg.201-MONOMER,2.464597012441746e-07,6.755901208318123e-34
formation_g.3281.peg.2022-MONOMER,0.0,0.0
formation_g.3281.peg.2025-MONOMER,0.0,0.0
formation_g.3281.peg.2026-MONOMER,0.0,0.0
formation_g.3281.peg.2027-MONOMER,5.808084718158718e-08,0.0
formation_g.3281.peg.2037-MONOMER,0.0,0.0
formation_g.3281.peg.2046-MONOMER,0.0,2.5033496013523478e-34
formation_g.3281.peg.2052-MONOMER,0.0,0.0
formation_g.3281.peg.2057-MONOMER,0.0,0.0
formation_g.3281.peg.2071-MONOMER,9.451422811142143e-12,-3.8699661729022336e-34
formation_g.3281.peg.2074-MONOMER,0.0,-2.27879374962818e-34
formation_g.3281.peg.2075-MONOMER,0.0,0.0
formation_g.3281.peg.2098-MONOMER,0.0,-7.631928150266808e-34
formation_g.3281.peg.21-MONOMER,2.388708084217899e-05,-2.760799647074935e-35
formation_g.3281.peg.2104-MONOMER,0.0,0.0
formation_g.3281.peg.2125-MONOMER,2.388708084217899e-05,1.538572806490362e-35
formation_g.3281.peg.214-MONOMER,0.0,1.7866411791081122e-34
formation_g.3281.peg.2156-MONOMER,4.1415379494934096e-11,1.6848282772251736e-34
formation_g.3281.peg.2166-MONOMER,0.0,0.0
formation_g.3281.peg.2176-MONOMER,0.0,5.692891074145952e-35
formation_g.3281.peg.2177-MONOMER,4.363025560039778e-08,0.0
formation_g.3281.peg.2183-MONOMER,0.0,-5.32771076544842e-34
formation_g.3281.peg.2186-MONOMER,0.0,-6.6957255636290855e-34
formation_g.3281.peg.2195-MONOMER,9.90802841540877e-08,0.0
formation_g.3281.peg.22-MONOMER,0.0,8.326402109362449e-35
formation_g.3281.peg.2201-MONOMER,0.0,0.0
formation_g.3281.peg.2219-MONOMER,2.388708084217899e-05,0.0
formation_g.3281.peg.222-MONOMER,0.0,0.0
formation_g.3281.peg.223-MONOMER,0.0,0.0
formation_g.3281.peg.224-MONOMER,3.547284511762694e-08,-1.8752917650107951e-34
formation_g.3281.peg.2250-MONOMER,0.0,2.1123564074940817e-34
formation_g.3281.peg.2264-MONOMER,0.0,0.0
formation_g.3281.peg.2273-MONOMER,0.0,0.0
formation_g.3281.peg.2280-MONOMER,2.388708084217899e-05,0.0
formation_g.3281.peg.2297-MONOMER,0.0,0.0
formation_g.3281.peg.231-MONOMER,8.14621013206297e-08,0.0
formation_g.3281.peg.2313-MONOMER,0.0,0.0
formation_g.3281.peg.2323-MONOMER,7.251572453333374e-10,2.5262643371127835e-34
formation_g.3281.peg.2324-MONOMER,0.0,2.326067914255861e-34
formation_g.3281.peg.2328-MONOMER,7.251572453333374e-10,0.0
formation_g.3281.peg.2330-MONOMER,1.3686686011094617e-06,-7.609906311201088e-34
formation_g.3281.peg.2332-MONOMER,0.0,0.0
formation_g.3281.peg.2336-MONOMER,0.0,-1.762777458541913e-34
formation_g.3281.peg.2345-MONOMER,1.0000211420217336e-06,1.4317466528770805e-34
formation_g.3281.peg.235-MONOMER,0.0,9.026632754730211e-35
formation_g.3281.peg.2352-MONOMER,0.0,0.0
formation_g.3281.peg.2354-MONOMER,5.6783977814528865e-06,-3.249102310578737e-33
formation_g.3281.peg.2355-MONOMER,1.900279750622027e-08,-5.817250786029776e-34
formation_g.3281.peg.2379-MONOMER,8.348325432561831e-08,0.0
formation_g.3281.peg.2388-MONOMER,4.1415379494934096e-11,0.0
formation_g.3281.peg.2398-MONOMER,0.0,0.0
formation_g.3281.peg.24-MONOMER,0.0,0.0
formation_g.3281.peg.2404-MONOMER,0.0,0.0
formation_g.3281.peg.2409-MONOMER,0.0,-1.1610588853196678e-34
formation_g.3281.peg.2414-MONOMER,0.0,-9.15742290524621e-34
formation_g.3281.peg.2417-MONOMER,4.961411567966012e-07,0.0
formation_g.3281.peg.2420-MONOMER,1.910883627490784e-05,0.0
formation_g.3281.peg.243-MONOMER,0.0,0.0
formation_g.3281.peg.2459-MONOMER,0.0,0.0
formation_g.3281.peg.2471-MONOMER,0.0,3.6421985733835054e-34
formation_g.3281.peg.2472-MONOMER,0.0,0.0
formation_g.3281.peg.2477-MONOMER,0.0,-3.2273959915831514e-34
formation_g.3281.peg.2492-MONOMER,0.0,0.0
formation_g.3281.peg.2517-MONOMER,0.0,0.0
formation_g.3281.peg.2531-MONOMER,0.0,-2.282652816018842e-34
formation_g.3281.peg.2533-MONOMER,0.0,0.0
formation_g.3281.peg.2543-MONOMER,2.415546066230858e-07,0.0
formation_g.3281.peg.2544-MONOMER,0.0,0.0
formation_g.3281.peg.2550-MONOMER,1.7889105072390872e-28,-1.0456303371270769e-34
formation_g.3281.peg.2551-MONOMER,0.0,0.0
formation_g.3281.peg.2573-MONOMER,2.9835542957462484e-07,0.0
formation_g.3281.peg.2577-MONOMER,-8.503511259580483e-29,-2.686246415425975e-35
formation_g.3281.peg.2583-MONOMER,6.891039512557391e-08,0.0
formation_g.3281.peg.2594-MONOMER,0.0,-7.544129707831718e-35
formation_g.3281.peg.260-MONOMER,0.0,0.0
formation_g.3281.peg.2608-MONOMER,0.0,1.82296007960781e-34
formation_g.3281.peg.2631-MONOMER,0.0,0.0
formation_g.3281.peg.2641-MONOMER,3.5437227464567653e-29,0.0
formation_g.3281.peg.2642-MONOMER,4.1108923252075155e-11,0.0
formation_g.3281.peg.2643-MONOMER,0.0,0.0
formation_g.3281.peg.2646-MONOMER,0.0,6.648632779812632e-34
formation_g.3281.peg.2648-MONOMER,8.013749130790618e-08,0.0
formation_g.3281.peg.265-MONOMER,2.388708084217899e-05,3.629209714894209e-36
formation_g.3281.peg.2660-MONOMER,0.0,0.0
formation_g.3281.peg.2680-MONOMER,0.0,0.0
formation_g.3281.peg.2686-MONOMER,0.0,0.0
formation_g.3281.peg.2694-MONOMER,9.803632828882172e-10,6.359954002806507e-35
formation_g.3281.peg.2698-MONOMER,0.0,0.0
formation_g.3281.peg.2705-MONOMER,0.0,-1.406036537797313e-34
formation_g.3281.peg.2724-MONOMER,0.0,0.0
formation_g.3281.peg.2739-MONOMER,2.1774018876946785e-08,0.0
formation_g.3281.peg.2740-MONOMER,1.1766047064578732e-09,0.0
formation_g.3281.peg.2749-MONOMER,2.388708084217899e-05,0.0
formation_g.3281.peg.2753-MONOMER,0.0,2.0384209106019042e-34
formation_g.3281.peg.2771-MONOMER,0.0,0.0
formation_g.3281.peg.2778-MONOMER,0.0,1.6250945765725878e-35
formation_g.3281.peg.278-MONOMER,1.6655785735697356e-08,0.0
formation_g.3281.peg.2783-MONOMER,0.0,0.0
formation_g.3281.peg.2787-MONOMER,0.0,0.0
formation_g.3281.peg.2788-MONOMER,0.0,-6.576681775864721e-34
formation_g.3281.peg.2800-MONOMER,0.0,2.4347205762692947e-34
formation_g.3281.peg.2835-MONOMER,0.0,0.0
formation_g.3281.peg.2837-MONOMER,2.0736607911288502e-08,0.0
formation_g.3281.peg.2845-MONOMER,-4.8651107043750895e-46,0.0
formation_g.3281.peg.2846-MONOMER,0.0,0.0
formation_g.3281.peg.2849-MONOMER,0.0,0.0
formation_g.3281.peg.285-MONOMER,2.907206900605771e-06,0.0
formation_g.3281.peg.2851-MONOMER,0.0,0.0
formation_g.3281.peg.2853-MONOMER,0.0,0.0
formation_g.3281.peg.286-MONOMER,0.0,-1.6849121828583552e-34
formation_g.3281.peg.2866-MONOMER,0.0,0.0
formation_g.3281.peg.2877-MONOMER,-1.0673768827526117e-37,2.121012555441855e-35
formation_g.3281.peg.288-MONOMER,3.5801787700164003e-31,0.0
formation_g.3281.peg.2882-MONOMER,0.0,5.133121183231663e-34
formation_g.3281.peg.2897-MONOMER,0.0,-0.2974913946166763
formation_g.3281.peg.2898-MONOMER,3.962559313966157e-08,-5.1005415888361e-34
formation_g.3281.peg.2910-MONOMER,0.0,1.5506532993707446e-34
formation_g.3281.peg.2913-MONOMER,0.0,0.0
formation_g.3281.peg.2914-MONOMER,0.0,0.0
formation_g.3281.peg.2918-MONOMER,0.0,2.594088482761072e-35
formation_g.3281.peg.2924-MONOMER,2.6423587536315204e-07,4.825217428661827e-34
formation_g.3281.peg.2930-MONOMER,0.0,0.0
formation_g.3281.peg.2941-MONOMER,2.388708084217899e-05,-6.328861070519559e-35
formation_g.3281.peg.2954-MONOMER,0.0,1.2639392206235881e-34
formation_g.3281.peg.2959-MONOMER,0.0,3.5336918526819744e-35
formation_g.3281.peg.2970-MONOMER,0.0,-1.1985894243478658e-34
formation_g.3281.peg.2992-MONOMER,3.513722140420471e-08,0.0
formation_g.3281.peg.301-MONOMER,0.0,0.0
formation_g.3281.peg.3017-MONOMER,1.3480634537827942e-09,0.0
formation_g.3281.peg.302-MONOMER,0.0,0.0
formation_g.3281.peg.303-MONOMER,7.594691815075317e-07,0.0
formation_g.3281.peg.3032-MONOMER,0.0,-2.731836847646313e-35
formation_g.3281.peg.3042-MONOMER,0.0,-8.493862840346277e-34
formation_g.3281.peg.3056-MONOMER,1.9116656770499336e-08,3.5883247316601567e-34
formation_g.3281.peg.307-MONOMER,0.0,-2.8967075765359674e-34
formation_g.3281.peg.3085-MONOMER,1.8755738150781864e-07,6.603098802477284e-34
formation_g.3281.peg.3087-MONOMER,0.0,-1.937737204463407e-34
formation_g.3281.peg.310-MONOMER,6.31161600182145e-08,0.0
formation_g.3281.peg.311-MONOMER,2.388708084217899e-05,0.0
formation_g.3281.peg.3114-MONOMER,7.038823564932934e-08,0.0
formation_g.3281.peg.3115-MONOMER,2.388708084217899e-05,0.0
formation_g.3281.peg.3125-MONOMER,2.6204718098911656e-07,0.0
formation_g.3281.peg.3142-MONOMER,0.0,1.0391648871603174e-34
formation_g.3281.peg.3145-MONOMER,1.913600053189081e-07,0.0
formation_g.3281.peg.3146-MONOMER,0.0,-7.335338719164931e-34
formation_g.3281.peg.3151-MONOMER,4.5771632486533474e-07,0.0
formation_g.3281.peg.3157-MONOMER,2.388708084217899e-05,0.0
formation_g.3281.peg.3160-MONOMER,1.08729062157426e-07,0.0
formation_g.3281.peg.3172-MONOMER,2.388708084217899e-05,0.0
formation_g.3281.peg.3175-MONOMER,0.0,0.0
formation_g.3281.peg.320-MONOMER,9.810181197453287e-11,-6.982282163608366e-34
formation_g.3281.peg.3200-MONOMER,1.3667966166644643e-05,0.0
formation_g.3281.peg.3205-MONOMER,0.0,0.0
formation_g.3281.peg.3207-MONOMER,0.0,1.6276871134972174e-34
formation_g.3281.peg.321-MONOMER,2.119665183733952e-05,1.8611862873661766e-34
formation_g.3281.peg.3224-MONOMER,2.4849227696960486e-10,0.0
formation_g.3281.peg.3226-MONOMER,0.0,0.0
formation_g.3281.peg.3230-MONOMER,2.388708084217899e-05,0.0
formation_g.3281.peg.3233-MONOMER,0.0,-6.530308867894244e-34
formation_g.3281.peg.3239-MONOMER,0.0,0.0
formation_g.3281.peg.3243-MONOMER,0.0,0.0
formation_g.3281.peg.3245-MONOMER,2.3517091550291122e-07,0.0
formation_g.3281.peg.3247-MONOMER,9.350607781458984e-08,0.0
formation_g.3281.peg.325-MONOMER,0.0,1.6119243498235925e-34
formation_g.3281.peg.3256-MONOMER,0.0,8.974308219211576e-35
formation_g.3281.peg.3260-MONOMER,0.0,0.0
formation_g.3281.peg.3270-MONOMER,0.0,3.2540432741537536e-34
formation_g.3281.peg.3279-MONOMER,1.0234877989834181e-08,0.0
formation_g.3281.peg.3289-MONOMER,2.1815127800198862e-08,-1.4297763119863065e-34
formation_g.3281.peg.3298-MONOMER,2.388708084217899e-05,0.0
formation_g.3281.peg.3308-MONOMER,0.0,0.0
formation_g.3281.peg.331-MONOMER,2.388708084217899e-05,6.19391000393693e-35
formation_g.3281.peg.3315-MONOMER,0.0,0.0
formation_g.3281.peg.3338-MONOMER,0.0,-4.119812569131277e-35
formation_g.3281.peg.3346-MONOMER,0.0,-1.372218660029447e-33
formation_g.3281.peg.3382-MONOMER,0.0,0.0
formation_g.3281.peg.3392-MONOMER,0.0,0.0
formation_g.3281.peg.340-MONOMER,0.0,0.0
formation_g.3281.peg.3402-MONOMER,5.053658871036272e-08,3.5767314515164163e-34
formation_g.3281.peg.3410-MONOMER,5.351279784044764e-07,0.0
formation_g.3281.peg.3413-MONOMER,1.0943020533041469e-07,0.0
formation_g.3281.peg.3417-MONOMER,0.0,-9.068355370172006e-35
formation_g.3281.peg.3443-MONOMER,0.0,0.0
formation_g.3281.peg.3456-MONOMER,0.0,0.0
formation_g.3281.peg.3469-MONOMER,0.0,0.0
formation_g.3281.peg.348-MONOMER,2.3887540957413694e-05,0.0
formation_g.3281.peg.3490-MONOMER,0.0,0.0
formation_g.3281.peg.3494-MONOMER,0.0,0.0
formation_g.3281.peg.3496-MONOMER,0.0,0.0
formation_g.3281.peg.3501-MONOMER,0.0,0.0
formation_g.3281.peg.3503-MONOMER,0.0,0.0
formation_g.3281.peg.3508-MONOMER,0.0,0.0
formation_g.3281.peg.3514-MONOMER,-4.83366037813179e-42,5.145617087869358e-34
formation_g.3281.peg.3533-MONOMER,3.7409815131131365e-06,1.763446092293819e-34
formation_g.3281.peg.3541-MONOMER,0.0,0.0
formation_g.3281.peg.3551-MONOMER,0.0,-3.3201416825277522e-34
formation_g.3281.peg.3558-MONOMER,2.388708084217899e-05,1.606828694949189e-34
formation_g.3281.peg.3575-MONOMER,4.363768875466768e-42,0.0
formation_g.3281.peg.358-MONOMER,0.0,-2.3551530075494117e-34
formation_g.3281.peg.3583-MONOMER,0.0,2.6142977713349608e-34
formation_g.3281.peg.3601-MONOMER,4.1415379494934096e-11,0.0
formation_g.3281.peg.3605-MONOMER,1.2243263135027144e-06,9.751698183723042e-35
formation_g.3281.peg.3631-MONOMER,1.524291557387064e-06,0.0
formation_g.3281.peg.3653-MONOMER,0.0,-4.810656601433639e-37
formation_g.3281.peg.3656-MONOMER,1.821075155494871e-07,0.0
formation_g.3281.peg.368-MONOMER,0.0,0.0
formation_g.3281.peg.372-MONOMER,2.388708084217899e-05,0.0
formation_g.3281.peg.375-MONOMER,-3.382809852770311e-41,0.0
formation_g.3281.peg.387-MONOMER,0.0,0.0
formation_g.3281.peg.392-MONOMER,0.0,-6.632906932285401e-34
formation_g.3281.peg.402-MONOMER,2.388708084217899e-05,2.2028772818938058e-35
formation_g.3281.peg.405-MONOMER,3.1180249361369433e-09,-1.2710691669709917e-34
formation_g.3281.peg.413-MONOMER,6.342366009213653e-07,4.610448481271426e-34
formation_g.3281.peg.417-MONOMER,0.0,0.0
formation_g.3281.peg.419-MONOMER,0.0,0.0
formation_g.3281.peg.423-MONOMER,2.7586927178959725e-09,0.0
formation_g.3281.peg.434-MONOMER,0.0,0.0
formation_g.3281.peg.45-MONOMER,3.3884361047334974e-08,-3.3189789159057423e-34
formation_g.3281.peg.454-MONOMER,3.6018056598516864e-06,6.589039076806186e-34
formation_g.3281.peg.458-MONOMER,0.0,6.496869480298471e-35
formation_g.3281.peg.464-MONOMER,0.0,0.0
formation_g.3281.peg.467-MONOMER,2.388708084217899e-05,3.74187855044234e-35
formation_g.3281.peg.477-MONOMER,9.810181197453287e-11,9.408757119339869e-33
formation_g.3281.peg.483-MONOMER,0.0,0.0
formation_g.3281.peg.493-MONOMER,5.899936200238133e-29,0.0
formation_g.3281.peg.509-MONOMER,0.0,0.0
formation_g.3281.peg.511-MONOMER,0.0,0.0
formation_g.3281.peg.517-MONOMER,2.388708084217899e-05,-1.372573683632707e-35
formation_g.3281.peg.519-MONOMER,2.1815127800198862e-08,0.0
formation_g.3281.peg.535-MONOMER,4.1415379494934096e-11,0.0
formation_g.3281.peg.540-MONOMER,2.9378920119832274e-08,-1.420079413408238e-34
formation_g.3281.peg.544-MONOMER,1.3491855415226147e-07,0.0
formation_g.3281.peg.545-MONOMER,2.388708084217899e-05,0.0
formation_g.3281.peg.550-MONOMER,0.0,0.0
formation_g.3281.peg.552-MONOMER,4.1415379494934096e-11,-6.196152587523127e-35
formation_g.3281.peg.554-MONOMER,5.3949557287350876e-08,0.0
formation_g.3281.peg.558-MONOMER,0.0,-1.4020939081459737e-36
formation_g.3281.peg.573-MONOMER,0.0,0.0
formation_g.3281.peg.578-MONOMER,4.58822407756423e-08,0.0
formation_g.3281.peg.580-MONOMER,0.0,0.0
formation_g.3281.peg.588-MONOMER,0.0,7.443901482585097e-35
formation_g.3281.peg.590-MONOMER,5.708215353971716e-09,0.0
formation_g.3281.peg.593-MONOMER,0.0,2.298006988573722e-34
formation_g.3281.peg.595-MONOMER,1.0620148518015806e-07,0.0
formation_g.3281.peg.617-MONOMER,7.865525022045841e-08,0.0
formation_g.3281.peg.618-MONOMER,1.905469079794458e-08,0.0
formation_g.3281.peg.630-MONOMER,-1.4018469389557104e-28,0.0
formation_g.3281.peg.633-MONOMER,2.388708084217899e-05,0.0
formation_g.3281.peg.645-MONOMER,2.1815127800198862e-08,0.0
formation_g.3281.peg.648-MONOMER,0.0,2.3769257098806994e-35
formation_g.3281.peg.649-MONOMER,0.0,0.0
formation_g.3281.peg.651-MONOMER,3.0948008557053147e-28,0.0
formation_g.3281.peg.663-MONOMER,4.1415379494934096e-11,0.0
formation_g.3281.peg.668-MONOMER,0.0,0.0
formation_g.3281.peg.679-MONOMER,0.0,0.0
formation_g.3281.peg.683-MONOMER,0.0,2.1238231376656077e-34
formation_g.3281.peg.685-MONOMER,1.0550900613303225e-09,0.0
formation_g.3281.peg.686-MONOMER,2.9116751464791124e-08,0.0
formation_g.3281.peg.687-MONOMER,0.0,0.0
formation_g.3281.peg.688-MONOMER,5.3324842129089395e-08,-5.231468263607092e-34
formation_g.3281.peg.690-MONOMER,2.388708084217899e-05,0.0
formation_g.3281.peg.698-MONOMER,2.388708084217899e-05,0.0
formation_g.3281.peg.701-MONOMER,2.388708084217899e-05,0.0
formation_g.3281.peg.702-MONOMER,0.0,7.248020030879923e-35
formation_g.3281.peg.719-MONOMER,0.0,0.0
formation_g.3281.peg.720-MONOMER,0.0,0.0
formation_g.3281.peg.722-MONOMER,2.1815127800198862e-08,-1.660981058431999e-35
formation_g.3281.peg.725-MONOMER,2.388708084217899e-05,-2.962395908642697e-34
formation_g.3281.peg.729-MONOMER,2.388708084217899e-05,-1.3250492534711239e-34
formation_g.3281.peg.732-MONOMER,2.388708084217899e-05,0.0
formation_g.3281.peg.74-MONOMER,2.3887540957413694e-05,1.506950182156406e-34
formation_g.3281.peg.743-MONOMER,0.0,0.0
formation_g.3281.peg.744-MONOMER,0.0,0.0
formation_g.3281.peg.749-MONOMER,2.388708084217899e-05,0.0
formation_g.3281.peg.755-MONOMER,0.0,0.0
formation_g.3281.peg.759-MONOMER,4.49937084805732e-09,0.0
formation_g.3281.peg.763-MONOMER,2.388708084217899e-05,0.0
formation_g.3281.peg.769-MONOMER,0.0,0.0
formation_g.3281.peg.779-MONOMER,-8.160574436213102e-42,6.095689864257614e-34
formation_g.3281.peg.781-MONOMER,-9.088465535468429e-42,0.0
formation_g.3281.peg.784-MONOMER,2.388708084217899e-05,-5.752666056157832e-35
formation_g.3281.peg.788-MONOMER,2.388708084217899e-05,8.784716192502458e-34
formation_g.3281.peg.798-MONOMER,2.388708084217899e-05,0.0
formation_g.3281.peg.799-MONOMER,0.0,0.0
formation_g.3281.peg.80-MONOMER,-1.9674245008320255e-28,-1.7819008449895351e-34
formation_g.3281.peg.800-MONOMER,2.9309525978960787e-08,0.0
formation_g.3281.peg.802-MONOMER,0.0,4.524784107727789e-35
formation_g.3281.peg.808-MONOMER,0.0,0.0
formation_g.3281.peg.810-MONOMER,2.388708084217899e-05,1.7343256021872675e-36
formation_g.3281.peg.819-MONOMER,0.0,0.0
formation_g.3281.peg.823-MONOMER,0.0,0.0
formation_g.3281.peg.825-MONOMER,2.388708084217899e-05,5.351711565333276e-35
formation_g.3281.peg.833-MONOMER,0.0,0.0
formation_g.3281.peg.836-MONOMER,0.0,1.6768060332028722e-34
formation_g.3281.peg.837-MONOMER,0.0,0.0
formation_g.3281.peg.842-MONOMER,2.388708084217899e-05,-7.017661421281129e-36
formation_g.3281.peg.85-MONOMER,5.5396736073634326e-08,0.0
formation_g.3281.peg.854-MONOMER,0.0,0.0
formation_g.3281.peg.869-MONOMER,4.1415379494934096e-11,-3.3499647276670943e-34
formation_g.3281.peg.872-MONOMER,3.0479606066054586e-07,-2.8153706568870224e-33
formation_g.3281.peg.874-MONOMER,2.388708084217899e-05,0.0
formation_g.3281.peg.875-MONOMER,2.388708084217899e-05,0.0
formation_g.3281.peg.880-MONOMER,2.2338156625709708e-08,-9.696484324138042e-34
formation_g.3281.peg.883-MONOMER,-1.0038526169653785e-41,0.0
formation_g.3281.peg.892-MONOMER,6.149264357381553e-08,0.0
formation_g.3281.peg.898-MONOMER,0.0,-6.086566141693677e-35
formation_g.3281.peg.90-MONOMER,0.0,0.0
formation_g.3281.peg.900-MONOMER,0.0,2.4874236049504357e-34
formation_g.3281.peg.903-MONOMER,0.0,7.372373271247213e-34
formation_g.3281.peg.905-MONOMER,9.313663277212863e-09,0.0
formation_g.3281.peg.907-MONOMER,4.50397668228736e-24,-3.5395248110774343e-34
formation_g.3281.peg.909-MONOMER,2.3710983545203842e-07,0.0
formation_g.3281.peg.911-MONOMER,0.0,0.0
formation_g.3281.peg.913-MONOMER,1.4012747504378185e-06,0.0
formation_g.3281.peg.948-MONOMER,8.28307589898683e-11,0.0
formation_g.3281.peg.954-MONOMER,0.0,0.0
formation_g.3281.peg.958-MONOMER,0.0,0.0
formation_g.3281.peg.961-MONOMER,3.6018056598516864e-06,0.0
formation_g.3281.peg.967-MONOMER,0.0,0.0
formation_g.3281.peg.975-MONOMER,0.0,0.0
formation_g.3281.peg.977-MONOMER,4.637863879274241e-06,-1.2523652675440285e-34
formation_g.3281.peg.987-MONOMER,2.3887540957413694e-05,0.0
formation_g.3281.peg.988-MONOMER,7.251572453333374e-10,-1.7497985545403652e-34
formation_g.3281.peg.994-MONOMER,1.0999425524082528e-08,0.0
formation_g.3281.peg.997-MONOMER,1.8465256435915764e-10,-8.361325151210847e-34
formation_g.3281.peg.998-MONOMER,0.0,0.0
formation_g.3281.peg.1720-MONOMER_mod_nadp(1),0.0,3.95506138966959e-35
formation_g.3281.peg.1553-MONOMER_mod_zn2(1)_mod_mg2(1),0.0,5.153804971347482e-34
formation_g.3281.peg.1309-MONOMER_mod_mn2(1),3.132740592270814e-07,0.0
formation_g.3281.peg.1718-MONOMER_mod_mg2(1),0.0,3.1190028687586785e-34
formation_763034.3.peg.2878-MONOMER_mod_mg2(1),-1.4012140438983163e-28,0.0
formation_763034.3.peg.1093-MONOMER_mod_4fe4s(1),0.0,-1.0667192445296726e-34
formation_763034.3.peg.3074-MONOMER_mod_pydx5p(1),1.0605318506751165e-28,8.91116036761564e-34
formation_763034.3.peg.3508-MONOMER_mod_mg2(1),5.993720787195399e-06,9.23729761245516e-35
formation_g.3281.peg.3222-MONOMER_mod_mg2(1),0.0,1.5214221530411277e-34
formation_g.3281.peg.3222-MONOMER_mod_mn2(1),0.0,-5.433290919219542e-34
formation_763034.3.peg.2197-MONOMER_mod_mg2(1),0.0,0.0
formation_763034.3.peg.2197-MONOMER_mod_mn2(1),0.0,1.5936976789494402e-34
formation_763034.3.peg.2197-MONOMER_mod_cobalt2(1),0.0,0.0
formation_763034.3.peg.2197-MONOMER_mod_cd2(1),0.0,-1.541641476557348e-34
formation_g.3281.peg.3253-MONOMER_mod_zn2(1),0.0,-7.16424433946496e-34
formation_763034.3.peg.1190-MONOMER_mod_pydx5p(1),0.0,0.0
formation_g.3281.peg.2520-MONOMER_mod_fe2(2),4.838575680296645e-08,-1.5036705047929674e-32
formation_763034.3.peg.3333-MONOMER_mod_pydx5p(1),0.0,1.3505277706266445e-33
formation_g.3281.peg.2316-MONOMER_mod_mg2(1)_mod_pydx5p(4),0.0,2.0191513752165783e-33
formation_763034.3.peg.3076-MONOMER_mod_mg2(1),1.0786756688163442e-08,0.0
formation_763034.3.peg.2530-MONOMER_mod_fad(1),0.0,0.0
formation_g.3281.peg.1882-MONOMER_mod_mg2(1),-7.837914267848782e-46,0.0
formation_g.3281.peg.3135-MONOMER_mod_mg2(1),1.3209516301737379e-07,-3.860054747679596e-34
formation_763034.3.peg.1074-MONOMER_mod_fmnh2(1),0.0,0.0
formation_763034.3.peg.1074-MONOMER_mod_fadh2(1),-2.4662632928068513e-29,-1.3183318302774962e-33
formation_763034.3.peg.1049-MONOMER_mod_mg2(1),1.598388287327816e-08,3.908413652193897e-33
formation_763034.3.peg.2066-MONOMER_mod_pydx5p(2),0.0,0.0
formation_g.3281.peg.3120-MONOMER_mod_mg2(1),-6.680906854655389e-29,-1.8027532321647555e-34
formation_g.3281.peg.768-MONOMER_mod_mg2(1),0.0,-9.087913888634402e-35
formation_g.3281.peg.3026-MONOMER_mod_pydx5p(1),6.945503829178122e-10,-1.021725688833836e-33
formation_g.3281.peg.92-MONOMER_mod_mg2(1)_mod_k(1),1.6300005414557434e-07,-1.5946163224132998e-34
formation_763034.3.peg.2656-MONOMER_mod_mg2(1),0.0,0.0
formation_763034.3.peg.3329-MONOMER_mod_mg2(1),0.0,-2.000900243533961e-34
formation_g.3281.peg.457-MONOMER_mod_mg2(1),9.267774890583387e-08,0.0
formation_763034.3.peg.1087-MONOMER_mod_4fe4s(1),2.3822946854619065e-07,1.5308304667716842e-35
formation_763034.3.peg.3022-MONOMER_mod_mg2(1),0.0,-3.248865635835636e-34
formation_g.3281.peg.664-MONOMER_mod_cobalt2(1)_mod_nad(1),-6.871691283940971e-29,3.3946021391158443e-34
formation_g.3281.peg.3080-MONOMER_mod_mg2(1),0.0,6.321321891065256e-34
formation_g.3281.peg.195-MONOMER_mod_nadph(1)_mod_nadh(1)_mod_fad(1)_mod_cobalt2(1),1.2473313442790463e-07,2.9216152734109465e-34
formation_g.3281.peg.2378-MONOMER_mod_zn2(1),0.0,0.0
formation_g.3281.peg.718-MONOMER_mod_mn2(1),1.015883499332065e-07,5.694232189076372e-34
formation_g.3281.peg.718-MONOMER_mod_cobalt2(1),0.0,0.0
formation_g.3281.peg.718-MONOMER_mod_mg2(1),0.0,0.0
formation_763034.3.peg.1914-MONOMER_mod_thmpp(1),0.0,0.0
formation_g.3281.peg.3339-MONOMER_mod_mn2(1),0.0,-1.3944014845664665e-33
formation_g.3281.peg.3276-MONOMER_mod_mg2(1),1.2332326988638032e-07,9.087796497742118e-35
formation_g.3281.peg.2656-MONOMER_mod_mg2(1),1.2567012155914967e-08,-2.1523232539127434e-34
formation_763034.3.peg.1327-MONOMER_mod_4fe4s(1),4.4280287857738175e-06,3.318685794573957e-35
formation_g.3281.peg.930-MONOMER_mod_nad(1),1.5523384791500997e-08,0.0
formation_g.3281.peg.3264-MONOMER_mod_mg2(1),-3.925328130011949e-29,4.505836215328236e-34
formation_g.3281.peg.3107-MONOMER_mod_pydx5p(1),0.0,0.0
formation_763034.3.peg.1217-MONOMER_mod_mn2(1),0.0,4.2115413502616294e-33
formation_763034.3.peg.3053-MONOMER_mod_mg2(1),4.2401012850647615e-08,0.0
formation_g.3281.peg.2137-MONOMER_mod_pydx5p(1),0.0,1.4463286779470831e-34
formation_g.3281.peg.246-MONOMER_mod_mg2(1)_mod_k(1),2.1815127800198862e-08,-5.711900697656411e-32
formation_g.3281.peg.909-MONOMER_mod_mg2(1)_mod_zn2(1),0.0,0.0
formation_763034.3.peg.1606-MONOMER_mod_mg2(1),0.0,0.0
formation_763034.3.peg.2257-MONOMER_mod_zn2(1),0.0,0.0
formation_g.3281.peg.425-MONOMER_mod_mn2(1),0.0,0.0
formation_g.3281.peg.1715-MONOMER_mod_zn2(1),0.0,-6.408403335407411e-35
formation_g.3281.peg.3215-MONOMER_mod_mn2(1),-8.462399539116e-42,-1.1429983584438732e-32
formation_763034.3.peg.2384-MONOMER_mod_mg2(1),0.0,0.0
formation_763034.3.peg.1094-MONOMER_mod_mn2(1),0.0,5.647457829516046e-34
formation_763034.3.peg.1094-MONOMER_mod_mg2(1),0.0,-6.325939113363379e-34
formation_763034.3.peg.2316-MONOMER_mod_pydx5p(6),1.5979949492328818e-07,0.0
formation_763034.3.peg.2316-MONOMER_mod_pydx5p(1),0.0,0.0
formation_g.3281.peg.191-MONOMER_mod_mg2(1)_mod_zn2(1),0.0,-1.2701754564006643e-34
formation_g.3281.peg.191-MONOMER_mod_mn2(1)_mod_zn2(1),0.0,-1.0487255297842028e-34
formation_763034.3.peg.1091-MONOMER_mod_mg2(1),2.0917977291174128e-07,0.0
formation_g.3281.peg.1628-MONOMER_mod_mg2(1),0.0,-1.3318875768414852e-34
formation_g.3281.peg.3137-MONOMER_mod_mg2(1),3.0211811133126794e-08,-4.01330294816767e-34
formation_g.3281.peg.3449-MONOMER_mod_fe2(1),1.4330411905406927e-07,0.0
formation_g.3281.peg.37-MONOMER_mod_mn2(1),0.0,3.160066794107968e-33
formation_g.3281.peg.37-MONOMER_mod_mg2(1),0.0,3.4521708784613634e-33
formation_g.3281.peg.1333-MONOMER_mod_mn2(1),1.2166685691357195e-07,0.0
formation_g.3281.peg.1977-MONOMER_mod_mn2(1),1.4842479697627652e-07,3.6814205745833756e-34
formation_g.3281.peg.1710-MONOMER_mod_mg2(1),0.0,-3.233195650583352e-34
formation_g.3281.peg.1710-MONOMER_mod_mn2(1),1.6177266753774428e-07,5.773063749655315e-34
formation_g.3281.peg.1710-MONOMER_mod_cobalt2(1),0.0,6.110503691866459e-34
formation_g.3281.peg.1603-MONOMER_mod_k(4)_mod_mg2(1),0.0,0.0
formation_g.3281.peg.1603-MONOMER_mod_k(4)_mod_mn2(1),8.500348490567924e-10,-2.0387769260482914e-33
formation_g.3281.peg.1603-MONOMER_mod_k(4)_mod_cobalt2(1),0.0,0.0
formation_g.3281.peg.1603-MONOMER_mod_k(4)_mod_zn2(1),0.0,1.870266752652787e-33
formation_g.3281.peg.1603-MONOMER_mod_k(4)_mod_cd2(1),0.0,0.0
formation_g.3281.peg.1603-MONOMER_mod_k(4)_mod_ni2(1),0.0,1.9565469816078416e-33
formation_g.3281.peg.1603-MONOMER_mod_k(4)_mod_ca2(1),0.0,0.0
formation_g.3281.peg.1603-MONOMER_mod_nh4(4)_mod_mg2(1),0.0,0.0
formation_g.3281.peg.1603-MONOMER_mod_nh4(4)_mod_mn2(1),0.0,2.0064688062195493e-33
formation_g.3281.peg.1603-MONOMER_mod_nh4(4)_mod_cobalt2(1),0.0,2.1428322369054114e-33
formation_g.3281.peg.1603-MONOMER_mod_nh4(4)_mod_zn2(1),0.0,3.7199277813924686e-33
formation_g.3281.peg.1603-MONOMER_mod_nh4(4)_mod_cd2(1),0.0,-1.9053419534607844e-33
formation_g.3281.peg.1603-MONOMER_mod_nh4(4)_mod_ni2(1),0.0,0.0
formation_g.3281.peg.1603-MONOMER_mod_nh4(4)_mod_ca2(1),0.0,0.0
formation_g.3281.peg.1603-MONOMER_mod_tl(4)_mod_mg2(1),0.0,-1.999686859559241e-33
formation_g.3281.peg.1603-MONOMER_mod_tl(4)_mod_mn2(1),0.0,-2.3342967040743663e-33
formation_g.3281.peg.1603-MONOMER_mod_tl(4)_mod_cobalt2(1),0.0,1.7618669759122716e-33
formation_g.3281.peg.1603-MONOMER_mod_tl(4)_mod_zn2(1),0.0,2.94586163908006e-33
formation_g.3281.peg.1603-MONOMER_mod_tl(4)_mod_cd2(1),0.0,-8.646789182593384e-34
formation_g.3281.peg.1603-MONOMER_mod_tl(4)_mod_ni2(1),0.0,-5.179707729261974e-34
formation_g.3281.peg.1603-MONOMER_mod_tl(4)_mod_ca2(1),0.0,-6.326351624264494e-34
formation_g.3281.peg.1603-MONOMER_mod_cs(4)_mod_mg2(1),0.0,-1.999686859559241e-33
formation_g.3281.peg.1603-MONOMER_mod_cs(4)_mod_mn2(1),0.0,-2.3342967040743663e-33
formation_g.3281.peg.1603-MONOMER_mod_cs(4)_mod_cobalt2(1),0.0,1.7618669759122716e-33
formation_g.3281.peg.1603-MONOMER_mod_cs(4)_mod_zn2(1),0.0,2.94586163908006e-33
formation_g.3281.peg.1603-MONOMER_mod_cs(4)_mod_cd2(1),0.0,-8.646789182593384e-34
formation_g.3281.peg.1603-MONOMER_mod_cs(4)_mod_ni2(1),0.0,-5.179707729261974e-34
formation_g.3281.peg.1603-MONOMER_mod_cs(4)_mod_ca2(1),0.0,-6.326351624264494e-34
formation_g.3281.peg.1603-MONOMER_mod_na1(4)_mod_mg2(1),0.0,-2.2029340723889704e-33
formation_g.3281.peg.1603-MONOMER_mod_na1(4)_mod_mn2(1),0.0,0.0
formation_g.3281.peg.1603-MONOMER_mod_na1(4)_mod_cobalt2(1),0.0,0.0
formation_g.3281.peg.1603-MONOMER_mod_na1(4)_mod_zn2(1),0.0,1.867834661725431e-33
formation_g.3281.peg.1603-MONOMER_mod_na1(4)_mod_cd2(1),0.0,0.0
formation_g.3281.peg.1603-MONOMER_mod_na1(4)_mod_ni2(1),0.0,0.0
formation_g.3281.peg.1603-MONOMER_mod_na1(4)_mod_ca2(1),0.0,2.2554248127127403e-33
formation_g.3281.peg.733-MONOMER_mod_fad(1),7.782549968730528e-10,0.0
formation_g.3281.peg.1473-MONOMER_mod_mg2(1),0.0,0.0
formation_g.3281.peg.1811-MONOMER_mod_adocbl(1),0.0,-1.0500489145353787e-33
formation_g.3281.peg.1742-MONOMER_mod_mg2(1)_mod_cu(1)_mod_fad(1),0.0,1.1335618635233724e-30
formation_g.3281.peg.1510-MONOMER_mod_mg2(1),6.233162296337908e-14,0.0
formation_763034.3.peg.1183-MONOMER_mod_mg2(1),3.167214864233632e-09,-1.453097126045882e-34
formation_763034.3.peg.3383-MONOMER_mod_mg2(1),0.0,0.0
formation_g.3281.peg.1495-MONOMER_mod_hco3(1),0.0,-1.732327232000648e-33
formation_g.3281.peg.780-MONOMER_mod_cobalt2(1),-1.6074940525757702e-28,0.0
formation_g.3281.peg.2346-MONOMER_mod_mg2(1),0.0,8.692940497147728e-34
formation_g.3281.peg.3134-MONOMER_mod_fmn(1),0.0,5.224747091401637e-33
formation_g.3281.peg.3134-MONOMER_mod_mg2(1),0.0,0.0
formation_g.3281.peg.3301-MONOMER_mod_glycyl(1),0.0,-4.5938464627542615e-31
formation_g.3281.peg.3153-MONOMER_mod_mg2(1)_mod_mn2(1),1.8155524239271403e-07,0.0
formation_763034.3.peg.2961-MONOMER_mod_zn2(1),1.0915274306548752e-28,-5.8090062866126645e-34
formation_763034.3.peg.1594-MONOMER_mod_mg2(1)_mod_k(1),0.0,0.0
formation_763034.3.peg.1594-MONOMER_mod_mg2(1)_mod_nh4(1),0.0,0.0
formation_763034.3.peg.1594-MONOMER_mod_mn2(1)_mod_k(1),1.4714833465238167e-09,4.765247986733042e-34
formation_763034.3.peg.1594-MONOMER_mod_mn2(1)_mod_nh4(1),0.0,-3.3330815170320447e-34
formation_g.3281.peg.2770-MONOMER_mod_mg2(1),3.280630394300322e-08,0.0
formation_763034.3.peg.2816-MONOMER_mod_fmn(1),0.0,-1.528544735101954e-34
formation_763034.3.peg.1099-MONOMER_mod_mg2(1),0.0,0.0
formation_g.3281.peg.560-MONOMER_mod_mg2(1)_mod_cl(1),0.0,0.0
formation_g.3281.peg.3287-MONOMER_mod_mg2(1),1.1907351354220815e-07,0.0
formation_g.3281.peg.431-MONOMER_mod_thmpp(1),9.649061897747665e-08,-2.0854108821710693e-33
formation_763034.3.peg.2692-MONOMER_mod_mg2(1),-2.308557382754956e-41,3.8307198540862115e-34
formation_763034.3.peg.2692-MONOMER_mod_ca2(1),0.0,0.0
formation_763034.3.peg.2692-MONOMER_mod_mn2(1),0.0,-3.4199170014896467e-34
formation_763034.3.peg.2070-MONOMER_mod_mg2(1),0.0,-3.2692846344576318e-34
formation_763034.3.peg.3482-MONOMER_mod_k(1)_mod_mg2(1),0.0,-8.539391489379401e-34
formation_g.3281.peg.1676-MONOMER_mod_mg2(1)_mod_pi(1),0.0,0.0
formation_g.3281.peg.1676-MONOMER_mod_mn2(1)_mod_pi(1),5.4979215947301595e-08,0.0
formation_763034.3.peg.3640-MONOMER_mod_pydx5p(1),0.0,2.2142514642502485e-34
formation_763034.3.peg.2119-MONOMER_mod_mg2(1),0.0,0.0
formation_763034.3.peg.2049-MONOMER_mod_mg2(1),9.927292167256475e-10,-6.440750659314625e-35
formation_763034.3.peg.1472-MONOMER_mod_zn2(1),8.435085720551844e-10,1.1986353433718084e-33
formation_763034.3.peg.1472-MONOMER_mod_mg2(1),0.0,0.0
formation_g.3281.peg.13-MONOMER_mod_mg2(1)_mod_k(1),0.0,0.0
formation_g.3281.peg.13-MONOMER_mod_mn2(1)_mod_k(1),5.213621932934622e-06,5.373416301357643e-33
formation_763034.3.peg.2518-MONOMER_mod_4fe4s(1),0.0,-5.661147338786928e-36
formation_g.3281.peg.2798-MONOMER_mod_mn2(1),7.61309281612562e-08,1.2981201042856954e-33
formation_g.3281.peg.2061-MONOMER_mod_mg2(1),1.9445989558904532e-07,7.556463896382697e-34
formation_g.3281.peg.3040-MONOMER_mod_k(1)_mod_zn2(1),0.0,-9.611850232804769e-34
formation_g.3281.peg.3409-MONOMER_mod_mg2(1),0.0,-4.09592644744678e-34
formation_g.3281.peg.3409-MONOMER_mod_mn2(1),0.0,7.3132269295238305e-34
formation_763034.3.peg.2876-MONOMER_mod_mg2(1),0.0,-1.614184260928443e-34
formation_763034.3.peg.2876-MONOMER_mod_mn2(1),-1.1247655194557662e-28,1.4413034625146032e-34
formation_763034.3.peg.2876-MONOMER_mod_cobalt2(1),0.0,2.2883628855144487e-34
formation_763034.3.peg.2876-MONOMER_mod_fe2(1),0.0,-1.0105475097431842e-34
formation_763034.3.peg.2876-MONOMER_mod_ca2(1),0.0,-1.1563692306908174e-34
formation_763034.3.peg.2876-MONOMER_mod_k(1),0.0,0.0
formation_g.3281.peg.2892-MONOMER_mod_fe3(1),0.0,0.0
formation_g.3281.peg.443-MONOMER_mod_mg2(1),1.587170993799709e-08,0.0
formation_763034.3.peg.1289-MONOMER_mod_pydx5p(1),-6.254606514110368e-43,2.2092308536081448e-34
formation_g.3281.peg.636-MONOMER_mod_mg2(1),-3.4482428312061453e-29,-3.222069555127436e-34
formation_g.3281.peg.229-MONOMER_mod_mg2(1),0.0,0.0
formation_763034.3.peg.1971-MONOMER_mod_mg2(1),0.0,0.0
formation_g.3281.peg.327-MONOMER_mod_nad(1),0.0,3.118859961340647e-34
formation_g.3281.peg.77-MONOMER_mod_nad(1),0.0,0.0
formation_g.3281.peg.2497-MONOMER_mod_k(1)_mod_mg2(1),0.0,1.9679213504881895e-34
formation_g.3281.peg.2759-MONOMER_mod_mg2(1),0.0,-3.2387096920154456e-34
formation_g.3281.peg.3202-MONOMER_mod_fad(1),0.0,1.0716334728659448e-34
formation_g.3281.peg.2673-MONOMER_mod_fad(1),0.0,-3.630538306103934e-35
formation_g.3281.peg.1399-MONOMER_mod_mg2(1),1.4171574676432555e-07,0.0
formation_g.3281.peg.3209-MONOMER_mod_4fe4s(1),1.2749719600784348e-06,-2.902754731105126e-36
formation_g.3281.peg.1316-MONOMER_mod_mg2(6),4.601152347051148e-10,0.0
formation_g.3281.peg.1316-MONOMER_mod_lys__L(1),0.0,-4.2076785993591e-34
formation_g.3281.peg.1990-MONOMER_mod_zn2(4),1.8465256435915764e-10,-5.598749521390276e-34
formation_g.3281.peg.2060-MONOMER_mod_4fe4s(1),4.1415379494934096e-11,-2.4876456740355152e-34
formation_g.3281.peg.2178-MONOMER_mod_mg2(2),2.4849227696960486e-10,0.0
formation_g.3281.peg.2357-MONOMER_mod_mg2(1),1.242461384848022e-10,3.7303165591127417e-34
formation_g.3281.peg.2897-MONOMER_mod_pan4p(1),2.198414860264152e-06,-5.882095266433855e-35
formation_g.3281.peg.3002-MONOMER_mod_mg2(1),7.251572453333374e-10,0.0
formation_g.3281.peg.3271-MONOMER_mod_mg2(4),1.1766047064578732e-09,0.0
formation_g.3281.peg.3530-MONOMER_mod_fe2(1),2.1815127800198862e-08,-8.723576030914949e-32
formation_RNAP-CPLX_mod_zn2(1)_mod_mg2(2),7.594691815075317e-07,0.0
formation_g.3281.peg.437-MONOMER_mod_4fe4s(1),4.1415379494934096e-11,-2.4876456740355152e-34
formation_g.3281.peg.903-MONOMER_mod_zn2(2),9.202304694102307e-10,-6.967362713526961e-34
g.3281.peg.153-MONOMER_to_generic_16Sm4Cm1402,0.0,-0.16251074547702285
g.3281.peg.2156-MONOMER_to_generic_16Sm4Cm1402,4.1415379494934096e-11,0.0
RNA_HMPREF9446_RS07730_to_generic_16s_rRNAs,2.388708084217899e-05,0.0
RNA_HMPREF9446_RS07745_to_generic_23s_rRNAs,2.388708084217899e-05,-8.304512082435794e-32
RNA_HMPREF9446_RS04480_to_generic_5s_rRNAs,2.388708084217899e-05,2.8316867623528766e-33
g.3281.peg.1177-MONOMER_to_generic_Dus,0.0,0.0
CPLX_pbiosynthesis-0_to_generic_LYSINEaaRS,0.0,-71.37363207470266
g.3281.peg.1316-MONOMER_to_generic_LYSINEaaRS,0.0,-0.1074066621511668
g.3281.peg.1316-MONOMER_mod_lys__L(1)_to_generic_LYSINEaaRS,0.0,-0.003967176824446041
g.3281.peg.1316-MONOMER_mod_mg2(6)_to_generic_LYSINEaaRS,4.601152347051148e-10,0.0
g.3281.peg.2642-MONOMER_to_generic_RF,0.0,-0.6283062941784721
g.3281.peg.2739-MONOMER_to_generic_RF,2.160026986325019e-08,1.0794655091984224e-34
g.3281.peg.903-MONOMER_to_generic_RNase,0.0,-0.05639945723163904
g.3281.peg.903-MONOMER_mod_zn2(2)_to_generic_RNase,9.202304694102307e-10,0.0
g.3281.peg.961-MONOMER_to_generic_Tuf,3.6018056598516864e-06,3.2959317779036173e-34
CPLX_pbiosynthesis-0_to_generic_phe_ligase,0.0,-72.69970387195626
g.3281.peg.2646-MONOMER_to_generic_phe_ligase,0.0,-3.9347709487465234
g.3281.peg.3145-MONOMER_to_generic_phe_ligase,1.913600053189081e-07,0.0
transcription_RNA_dummy,3.257848787434167e-05,2.49448766334284e-32
DM_RNA_dummy,0.0,-76.87164469048822
translation_dummy,0.0026814763245699377,2.3253451313016706e-34
formation_CPLX_dummy,0.00011938998209031205,0.0
dummy_protein_to_mass,0.0025620863321785875,0.0
formation_CPLX_dummy_mod_2fe2s(1),0.0,0.0
formation_CPLX_dummy_mod_4fe4s(1),1.030103829300524e-11,1.0547320503933129e-34
12PPDt_REV_CPLX_dummy,0.14898579,-2.256555316704838e-40
12PPDt_FWD_CPLX_dummy,0.0,-3.4675965446396647e-06
1P4H2CBXLAH_REV_g.3281.peg.2608-MONOMER,0.0,-4.496034246949377e-06
1P4H2CBXLAH_FWD_g.3281.peg.2608-MONOMER,0.0,-1.4107643300856543e-37
23DHMPO_REV_g.3281.peg.80-MONOMER,0.0,-1.5770967200615726e-06
23DHMPO_FWD_g.3281.peg.80-MONOMER,0.0,-4.597080106836028e-06
23PDE2_REV_g.3281.peg.1231-MONOMER,0.0,-4.355299263880579e-06
23PDE2_FWD_g.3281.peg.1231-MONOMER,0.0,-1.034588323707961e-06
23PDE2_REV_g.3281.peg.509-MONOMER,0.0,-3.320710940172618e-06
23PDE2_FWD_g.3281.peg.509-MONOMER,0.0,2.5614065739829175e-37
23PDE4_REV_g.3281.peg.1231-MONOMER,0.0,-4.355299263880579e-06
23PDE4_FWD_g.3281.peg.1231-MONOMER,0.0,-1.034588323707961e-06
23PDE4_REV_g.3281.peg.509-MONOMER,0.0,-3.320710940172618e-06
23PDE4_FWD_g.3281.peg.509-MONOMER,0.0,2.5614065739829175e-37
23PDE7_REV_g.3281.peg.1231-MONOMER,0.0,-4.355299263880579e-06
23PDE7_FWD_g.3281.peg.1231-MONOMER,0.0,-1.034588323707961e-06
23PDE7_REV_g.3281.peg.509-MONOMER,0.0,-3.320710940172618e-06
23PDE7_FWD_g.3281.peg.509-MONOMER,0.0,2.5614065739829175e-37
23PDE9_REV_g.3281.peg.1231-MONOMER,0.0,-4.355299263880579e-06
23PDE9_FWD_g.3281.peg.1231-MONOMER,0.0,-1.034588323707961e-06
23PDE9_REV_g.3281.peg.509-MONOMER,0.0,-3.320710940172618e-06
23PDE9_FWD_g.3281.peg.509-MONOMER,0.0,2.5614065739829175e-37
26DAPLLAT_REV_CPLX_dummy,0.0,-2.69624429115139e-06
26DAPLLAT_FWD_CPLX_dummy,0.0,-7.713522534882747e-07
2AHBUTI_REV_g.3281.peg.80-MONOMER,0.0,-6.1741768268976005e-06
2AHBUTI_FWD_g.3281.peg.80-MONOMER,0.0,1.0829959093300658e-36
2DDPENTHL_REV_g.3281.peg.1956-MONOMER,0.0,4.062135188440094e-07
2DDPENTHL_FWD_g.3281.peg.1956-MONOMER,0.0,-1.3681063744925293e-07
2DDPENTHL_REV_g.3281.peg.1720-MONOMER_mod_nadp(1),0.0,5.430241562932623e-07
2DDPENTHL_FWD_g.3281.peg.1720-MONOMER_mod_nadp(1),0.0,-3.9800057243726064e-41
2DDPENTHL_REV_g.3281.peg.1091-MONOMER,0.0,4.768774089767944e-07
2DDPENTHL_FWD_g.3281.peg.1091-MONOMER,0.0,-6.614674731646792e-08
2DDPENTHL_REV_g.3281.peg.2849-MONOMER,0.0,1.5443968465191155e-08
2DDPENTHL_FWD_g.3281.peg.2849-MONOMER,0.0,-5.275801878280711e-07
2DHPL_REV_g.3281.peg.900-MONOMER,0.0,-3.772151127446249e-06
2DHPL_FWD_g.3281.peg.900-MONOMER,0.0,-4.1870003980722023e-36
2DMMQ8abc_REV_CPLX_dummy,0.0,-3.4675965446396647e-06
2DMMQ8abc_FWD_CPLX_dummy,0.0012562772859557776,-1.5423320757634593e-35
2MBCOATA_REV_g.3281.peg.1312-MONOMER,0.0,-1.011580115820846e-05
2MBCOATA_FWD_g.3281.peg.1312-MONOMER,0.034559898054854495,4.257792562518534e-35
2OBUTt2r_REV_CPLX_dummy,0.0,-3.4675965446396647e-06
2OBUTt2r_FWD_CPLX_dummy,0.20561830210655047,-5.16751167525408e-38
34DHOXPEGOX_REV_g.3281.peg.1178-MONOMER,0.0,-7.287809048651009e-06
34DHOXPEGOX_FWD_g.3281.peg.1178-MONOMER,0.0,-1.2172588936409423e-35
3HACPR1_REV_763034.3.peg.3330-MONOMER,0.0,-6.8252106130489405e-06
3HACPR1_FWD_763034.3.peg.3330-MONOMER,0.0,-6.588958577603345e-36
3HACPR2_REV_763034.3.peg.3330-MONOMER,0.0,-6.8252106130489405e-06
3HACPR2_FWD_763034.3.peg.3330-MONOMER,0.0,1.1203129982009874e-35
3HAD10M12_REV_CPLX_dummy,0.0,-3.4675965446396647e-06
3HAD10M12_FWD_CPLX_dummy,0.034559898054854495,1.2221178967866109e-36
3HAD11M12_REV_CPLX_dummy,0.0,-3.4675965446396647e-06
3HAD11M12_FWD_CPLX_dummy,0.034559898054854495,1.2221178967866109e-36
3HAD12M14_REV_CPLX_dummy,0.0,-3.4675965446396647e-06
3HAD12M14_FWD_CPLX_dummy,0.034559898054854495,1.2221178967866109e-36
3HAD13M14_REV_CPLX_dummy,0.0,-3.4675965446396647e-06
3HAD13M14_FWD_CPLX_dummy,0.034559898054854495,1.2221178967866109e-36
3HAD14M16_REV_CPLX_dummy,0.0,-3.4675965446396647e-06
3HAD14M16_FWD_CPLX_dummy,0.034559898054854495,1.2221178967866109e-36
3HAD15M16_REV_CPLX_dummy,0.0,-3.4675965446396647e-06
3HAD15M16_FWD_CPLX_dummy,0.034559898054854495,-9.5246076603433e-35
3HAD4M6_REV_CPLX_dummy,0.0,-3.4675965446396647e-06
3HAD4M6_FWD_CPLX_dummy,0.034559898054854495,-4.7011979353323196e-35
3HAD5M6_REV_CPLX_dummy,0.0,-3.4675965446396647e-06
3HAD5M6_FWD_CPLX_dummy,0.034559898054854495,1.2221178967866109e-36
3HAD6M8_REV_CPLX_dummy,0.0,-3.4675965446396647e-06
3HAD6M8_FWD_CPLX_dummy,0.034559898054854495,1.2221178967866109e-36
3HAD7M8_REV_CPLX_dummy,0.0,-3.4675965446396647e-06
3HAD7M8_FWD_CPLX_dummy,0.034559898054854495,-4.7011979353323196e-35
3HAD8M10_REV_CPLX_dummy,0.0,-3.4675965446396647e-06
3HAD8M10_FWD_CPLX_dummy,0.034559898054854495,-4.7011979353323196e-35
3HAD9M10_REV_CPLX_dummy,0.0,-3.4675965446396647e-06
3HAD9M10_FWD_CPLX_dummy,0.034559898054854495,9.769031239700622e-35
3MOBS_REV_763034.3.peg.86-MONOMER,0.18248506056400657,-2.689576549327879e-35
3MOBS_FWD_763034.3.peg.86-MONOMER,0.0,-9.235643012244393e-06
3OAACPR1_REV_763034.3.peg.3330-MONOMER,0.0,-6.8252106130489405e-06
3OAACPR1_FWD_763034.3.peg.3330-MONOMER,0.0,-3.5413122158764087e-35
3OAACPR2_REV_763034.3.peg.3330-MONOMER,0.0,-6.8252106130489405e-06
3OAACPR2_FWD_763034.3.peg.3330-MONOMER,0.0,-3.5413122158764087e-35
3OAR100_REV_g.3281.peg.307-MONOMER,0.0,-7.054902806870096e-06
3OAR100_FWD_g.3281.peg.307-MONOMER,0.0,-2.281269685877e-06
3OAR100_REV_g.3281.peg.2404-MONOMER,0.0,-5.235241535202018e-06
3OAR100_FWD_g.3281.peg.2404-MONOMER,0.0,-4.616084142089217e-07
3OAR100_REV_g.3281.peg.2345-MONOMER,0.0,-4.773633120993096e-06
3OAR100_FWD_g.3281.peg.2345-MONOMER,0.0,8.294186647942366e-36
3OAR100_REV_g.3281.peg.286-MONOMER,0.0,-5.38797173711273e-06
3OAR100_FWD_g.3281.peg.286-MONOMER,0.0,-6.143386161196337e-07
3OAR10M11_REV_g.3281.peg.307-MONOMER,0.0,-7.057085704784501e-06
3OAR10M11_FWD_g.3281.peg.307-MONOMER,0.0,-2.281269685877e-06
3OAR10M11_REV_g.3281.peg.2404-MONOMER,0.0,-5.237424433116423e-06
3OAR10M11_FWD_g.3281.peg.2404-MONOMER,0.0,-4.616084142089217e-07
3OAR10M11_REV_g.3281.peg.2345-MONOMER,0.0,-4.775816018907501e-06
3OAR10M11_FWD_g.3281.peg.2345-MONOMER,2.1505264025145692e-32,-1.2072329091668398e-35
3OAR10M11_REV_g.3281.peg.286-MONOMER,0.0,-5.390154635027134e-06
3OAR10M11_FWD_g.3281.peg.286-MONOMER,0.0,-6.143386161196337e-07
3OAR10M12_REV_g.3281.peg.307-MONOMER,0.0,-7.057085704784501e-06
3OAR10M12_FWD_g.3281.peg.307-MONOMER,0.0,-2.281269685877e-06
3OAR10M12_REV_g.3281.peg.2404-MONOMER,0.0,-5.237424433116423e-06
3OAR10M12_FWD_g.3281.peg.2404-MONOMER,0.0,-4.616084142089217e-07
3OAR10M12_REV_g.3281.peg.2345-MONOMER,0.0,-4.775816018907501e-06
3OAR10M12_FWD_g.3281.peg.2345-MONOMER,0.034559898054854495,5.791193975853771e-35
3OAR10M12_REV_g.3281.peg.286-MONOMER,0.0,-5.390154635027134e-06
3OAR10M12_FWD_g.3281.peg.286-MONOMER,0.0,-6.143386161196337e-07
3OAR11M12_REV_g.3281.peg.307-MONOMER,0.0,-7.057085704784501e-06
3OAR11M12_FWD_g.3281.peg.307-MONOMER,0.0,-2.281269685877e-06
3OAR11M12_REV_g.3281.peg.2404-MONOMER,0.0,-5.237424433116423e-06
3OAR11M12_FWD_g.3281.peg.2404-MONOMER,0.0,-4.616084142089217e-07
3OAR11M12_REV_g.3281.peg.2345-MONOMER,0.0,-4.775816018907501e-06
3OAR11M12_FWD_g.3281.peg.2345-MONOMER,0.034559898054854495,-1.2072329091668398e-35
3OAR11M12_REV_g.3281.peg.286-MONOMER,0.0,-5.390154635027134e-06
3OAR11M12_FWD_g.3281.peg.286-MONOMER,0.0,-6.143386161196337e-07
3OAR120_REV_g.3281.peg.307-MONOMER,0.0,-2.281269685877e-06
3OAR120_FWD_g.3281.peg.307-MONOMER,0.0,-7.054894530367588e-06
3OAR120_REV_g.3281.peg.2404-MONOMER,0.0,-4.616084142089217e-07
3OAR120_FWD_g.3281.peg.2404-MONOMER,0.0,-5.23523325869951e-06
3OAR120_REV_g.3281.peg.2345-MONOMER,0.0,-9.47525661480528e-36
3OAR120_FWD_g.3281.peg.2345-MONOMER,0.0,-4.773624844490588e-06
3OAR120_REV_g.3281.peg.286-MONOMER,0.0,-6.143386161196337e-07
3OAR120_FWD_g.3281.peg.286-MONOMER,0.0,-5.387963460610222e-06
3OAR12M13_REV_g.3281.peg.307-MONOMER,0.0,-2.281269685877e-06
3OAR12M13_FWD_g.3281.peg.307-MONOMER,0.0,-7.057085704784501e-06
3OAR12M13_REV_g.3281.peg.2404-MONOMER,0.0,-4.616084142089217e-07
3OAR12M13_FWD_g.3281.peg.2404-MONOMER,0.0,-5.237424433116423e-06
3OAR12M13_REV_g.3281.peg.2345-MONOMER,0.0,-1.2072329091668398e-35
3OAR12M13_FWD_g.3281.peg.2345-MONOMER,0.0,-4.775816018907501e-06
3OAR12M13_REV_g.3281.peg.286-MONOMER,0.0,-6.143386161196337e-07
3OAR12M13_FWD_g.3281.peg.286-MONOMER,0.0,-5.390154635027134e-06
3OAR12M14_REV_g.3281.peg.307-MONOMER,0.0,-7.057085704784501e-06
3OAR12M14_FWD_g.3281.peg.307-MONOMER,0.0,-2.281269685877e-06
3OAR12M14_REV_g.3281.peg.2404-MONOMER,0.0,-5.237424433116423e-06
3OAR12M14_FWD_g.3281.peg.2404-MONOMER,0.0,-4.616084142089217e-07
3OAR12M14_REV_g.3281.peg.2345-MONOMER,0.0,-4.775816018907501e-06
3OAR12M14_FWD_g.3281.peg.2345-MONOMER,0.034559898054854495,-1.2072329091668398e-35
3OAR12M14_REV_g.3281.peg.286-MONOMER,0.0,-5.390154635027134e-06
3OAR12M14_FWD_g.3281.peg.286-MONOMER,0.0,-6.143386161196337e-07
3OAR13M14_REV_g.3281.peg.307-MONOMER,0.0,-7.057085704784501e-06
3OAR13M14_FWD_g.3281.peg.307-MONOMER,0.0,-2.281269685877e-06
3OAR13M14_REV_g.3281.peg.2404-MONOMER,0.0,-5.237424433116423e-06
3OAR13M14_FWD_g.3281.peg.2404-MONOMER,0.0,-4.616084142089217e-07
3OAR13M14_REV_g.3281.peg.2345-MONOMER,0.0,-4.775816018907501e-06
3OAR13M14_FWD_g.3281.peg.2345-MONOMER,0.034559898054854495,-8.205659794187452e-35
3OAR13M14_REV_g.3281.peg.286-MONOMER,0.0,-5.390154635027134e-06
3OAR13M14_FWD_g.3281.peg.286-MONOMER,0.0,-6.143386161196337e-07
3OAR140_REV_g.3281.peg.307-MONOMER,0.0,-8.382304047634902e-06
3OAR140_FWD_g.3281.peg.307-MONOMER,0.0,-2.281269685877e-06
3OAR140_REV_g.3281.peg.2404-MONOMER,0.0,-6.562642775966823e-06
3OAR140_FWD_g.3281.peg.2404-MONOMER,0.0,-4.616084142089217e-07
3OAR140_REV_g.3281.peg.2345-MONOMER,0.0,-6.101034361757902e-06
3OAR140_FWD_g.3281.peg.2345-MONOMER,0.04058880113196718,2.291980533343466e-35
3OAR140_REV_g.3281.peg.286-MONOMER,0.0,-6.715372977877535e-06
3OAR140_FWD_g.3281.peg.286-MONOMER,0.0,-6.143386161196337e-07
3OAR14M15_REV_g.3281.peg.307-MONOMER,0.0,-7.057085704784501e-06
3OAR14M15_FWD_g.3281.peg.307-MONOMER,0.0,-2.281269685877e-06
3OAR14M15_REV_g.3281.peg.2404-MONOMER,0.0,-5.237424433116423e-06
3OAR14M15_FWD_g.3281.peg.2404-MONOMER,0.0,-4.616084142089217e-07
3OAR14M15_REV_g.3281.peg.2345-MONOMER,0.0,-4.775816018907501e-06
3OAR14M15_FWD_g.3281.peg.2345-MONOMER,0.0,-4.7064463516771453e-35
3OAR14M15_REV_g.3281.peg.286-MONOMER,0.0,-5.390154635027134e-06
3OAR14M15_FWD_g.3281.peg.286-MONOMER,0.0,-6.143386161196337e-07
3OAR14M16_REV_g.3281.peg.307-MONOMER,0.0,-7.057085704784501e-06
3OAR14M16_FWD_g.3281.peg.307-MONOMER,0.0,-2.281269685877e-06
3OAR14M16_REV_g.3281.peg.2404-MONOMER,0.0,-5.237424433116423e-06
3OAR14M16_FWD_g.3281.peg.2404-MONOMER,0.0,-4.616084142089217e-07
3OAR14M16_REV_g.3281.peg.2345-MONOMER,0.0,-4.775816018907501e-06
3OAR14M16_FWD_g.3281.peg.2345-MONOMER,0.034559898054854495,5.791193975853771e-35
3OAR14M16_REV_g.3281.peg.286-MONOMER,0.0,-5.390154635027134e-06
3OAR14M16_FWD_g.3281.peg.286-MONOMER,0.0,-6.143386161196337e-07
3OAR15M16_REV_g.3281.peg.307-MONOMER,0.0,-7.057085704784501e-06
3OAR15M16_FWD_g.3281.peg.307-MONOMER,0.0,-2.281269685877e-06
3OAR15M16_REV_g.3281.peg.2404-MONOMER,0.0,-5.237424433116423e-06
3OAR15M16_FWD_g.3281.peg.2404-MONOMER,0.0,-4.616084142089217e-07
3OAR15M16_REV_g.3281.peg.2345-MONOMER,0.0,-4.775816018907501e-06
3OAR15M16_FWD_g.3281.peg.2345-MONOMER,0.034559898054854495,1.2789620860874382e-34
3OAR15M16_REV_g.3281.peg.286-MONOMER,0.0,-5.390154635027134e-06
3OAR15M16_FWD_g.3281.peg.286-MONOMER,0.0,-6.143386161196337e-07
3OAR160_REV_g.3281.peg.307-MONOMER,0.0,-2.281269685877e-06
3OAR160_FWD_g.3281.peg.307-MONOMER,0.0,-8.512086949301118e-06
3OAR160_REV_g.3281.peg.2404-MONOMER,0.0,-4.616084142089217e-07
3OAR160_FWD_g.3281.peg.2404-MONOMER,0.0,-6.69242567763304e-06
3OAR160_REV_g.3281.peg.2345-MONOMER,0.0,-4.7064463516771453e-35
3OAR160_FWD_g.3281.peg.2345-MONOMER,0.0,-6.230817263424118e-06
3OAR160_REV_g.3281.peg.286-MONOMER,0.0,-6.143386161196337e-07
3OAR160_FWD_g.3281.peg.286-MONOMER,0.0,-6.845155879543752e-06
3OAR180_REV_g.3281.peg.307-MONOMER,0.0,-7.465868857957686e-06
3OAR180_FWD_g.3281.peg.307-MONOMER,0.0,-2.281269685877e-06
3OAR180_REV_g.3281.peg.2404-MONOMER,0.0,-5.646207586289608e-06
3OAR180_FWD_g.3281.peg.2404-MONOMER,0.0,-4.616084142089217e-07
3OAR180_REV_g.3281.peg.2345-MONOMER,0.0,-5.184599172080686e-06
3OAR180_FWD_g.3281.peg.2345-MONOMER,0.0,5.791193975853771e-35
3OAR180_REV_g.3281.peg.286-MONOMER,0.0,-5.79893778820032e-06
3OAR180_FWD_g.3281.peg.286-MONOMER,0.0,-6.143386161196337e-07
3OAR40_REV_g.3281.peg.307-MONOMER,0.0,-8.511977111939168e-06
3OAR40_FWD_g.3281.peg.307-MONOMER,0.0,-2.281269685877e-06
3OAR40_REV_g.3281.peg.2404-MONOMER,0.0,-6.692315840271089e-06
3OAR40_FWD_g.3281.peg.2404-MONOMER,0.0,-4.616084142089217e-07
3OAR40_REV_g.3281.peg.2345-MONOMER,0.0,-6.230707426062167e-06
3OAR40_FWD_g.3281.peg.2345-MONOMER,0.0,-1.8703300121718369e-34
3OAR40_REV_g.3281.peg.286-MONOMER,0.0,-6.845046042181801e-06
3OAR40_FWD_g.3281.peg.286-MONOMER,0.0,-6.143386161196337e-07
3OAR4M5_REV_g.3281.peg.307-MONOMER,0.0,-2.281269685877e-06
3OAR4M5_FWD_g.3281.peg.307-MONOMER,0.0,-7.057085704784501e-06
3OAR4M5_REV_g.3281.peg.2404-MONOMER,0.0,-4.616084142089217e-07
3OAR4M5_FWD_g.3281.peg.2404-MONOMER,0.0,-5.237424433116423e-06
3OAR4M5_REV_g.3281.peg.2345-MONOMER,0.0,-1.2072329091668398e-35
3OAR4M5_FWD_g.3281.peg.2345-MONOMER,0.0,-4.775816018907501e-06
3OAR4M5_REV_g.3281.peg.286-MONOMER,0.0,-6.143386161196337e-07
3OAR4M5_FWD_g.3281.peg.286-MONOMER,0.0,-5.390154635027134e-06
3OAR4M6_REV_g.3281.peg.307-MONOMER,0.0,-7.057085704784501e-06
3OAR4M6_FWD_g.3281.peg.307-MONOMER,0.0,-2.281269685877e-06
3OAR4M6_REV_g.3281.peg.2404-MONOMER,0.0,-5.237424433116423e-06
3OAR4M6_FWD_g.3281.peg.2404-MONOMER,0.0,-4.616084142089217e-07
3OAR4M6_REV_g.3281.peg.2345-MONOMER,0.0,-4.775816018907501e-06
3OAR4M6_FWD_g.3281.peg.2345-MONOMER,0.034559898054854495,5.791193975853771e-35
3OAR4M6_REV_g.3281.peg.286-MONOMER,0.0,-5.390154635027134e-06
3OAR4M6_FWD_g.3281.peg.286-MONOMER,0.0,-6.143386161196337e-07
3OAR5M6_REV_g.3281.peg.307-MONOMER,0.0,-7.057085704784501e-06
3OAR5M6_FWD_g.3281.peg.307-MONOMER,0.0,-2.281269685877e-06
3OAR5M6_REV_g.3281.peg.2404-MONOMER,0.0,-5.237424433116423e-06
3OAR5M6_FWD_g.3281.peg.2404-MONOMER,0.0,-4.616084142089217e-07
3OAR5M6_REV_g.3281.peg.2345-MONOMER,0.0,-4.775816018907501e-06
3OAR5M6_FWD_g.3281.peg.2345-MONOMER,0.034559898054854495,-1.2072329091668398e-35
3OAR5M6_REV_g.3281.peg.286-MONOMER,0.0,-5.390154635027134e-06
3OAR5M6_FWD_g.3281.peg.286-MONOMER,0.0,-6.143386161196337e-07
3OAR60_REV_g.3281.peg.307-MONOMER,0.0,-2.281269685877e-06
3OAR60_FWD_g.3281.peg.307-MONOMER,0.0,-7.054894530367588e-06
3OAR60_REV_g.3281.peg.2404-MONOMER,0.0,-4.616084142089217e-07
3OAR60_FWD_g.3281.peg.2404-MONOMER,0.0,-5.23523325869951e-06
3OAR60_REV_g.3281.peg.2345-MONOMER,0.0,-9.47525661480528e-36
3OAR60_FWD_g.3281.peg.2345-MONOMER,0.0,-4.773624844490588e-06
3OAR60_REV_g.3281.peg.286-MONOMER,0.0,-6.143386161196337e-07
3OAR60_FWD_g.3281.peg.286-MONOMER,0.0,-5.387963460610222e-06
3OAR6M7_REV_g.3281.peg.307-MONOMER,0.0,-2.281269685877e-06
3OAR6M7_FWD_g.3281.peg.307-MONOMER,0.0,-7.057085704784501e-06
3OAR6M7_REV_g.3281.peg.2404-MONOMER,0.0,-4.616084142089217e-07
3OAR6M7_FWD_g.3281.peg.2404-MONOMER,0.0,-5.237424433116423e-06
3OAR6M7_REV_g.3281.peg.2345-MONOMER,0.0,-1.2072329091668398e-35
3OAR6M7_FWD_g.3281.peg.2345-MONOMER,0.0,-4.775816018907501e-06
3OAR6M7_REV_g.3281.peg.286-MONOMER,0.0,-6.143386161196337e-07
3OAR6M7_FWD_g.3281.peg.286-MONOMER,0.0,-5.390154635027134e-06
3OAR6M8_REV_g.3281.peg.307-MONOMER,0.0,-7.057085704784501e-06
3OAR6M8_FWD_g.3281.peg.307-MONOMER,0.0,-2.281269685877e-06
3OAR6M8_REV_g.3281.peg.2404-MONOMER,0.0,-5.237424433116423e-06
3OAR6M8_FWD_g.3281.peg.2404-MONOMER,0.0,-4.616084142089217e-07
3OAR6M8_REV_g.3281.peg.2345-MONOMER,0.0,-4.775816018907501e-06
3OAR6M8_FWD_g.3281.peg.2345-MONOMER,0.034559898054854495,-1.2072329091668398e-35
3OAR6M8_REV_g.3281.peg.286-MONOMER,0.0,-5.390154635027134e-06
3OAR6M8_FWD_g.3281.peg.286-MONOMER,0.0,-6.143386161196337e-07
3OAR7M8_REV_g.3281.peg.307-MONOMER,0.0,-7.057085704784501e-06
3OAR7M8_FWD_g.3281.peg.307-MONOMER,0.0,-2.281269685877e-06
3OAR7M8_REV_g.3281.peg.2404-MONOMER,0.0,-5.237424433116423e-06
3OAR7M8_FWD_g.3281.peg.2404-MONOMER,0.0,-4.616084142089217e-07
3OAR7M8_REV_g.3281.peg.2345-MONOMER,0.0,-4.775816018907501e-06
3OAR7M8_FWD_g.3281.peg.2345-MONOMER,0.034559898054854495,1.2789620860874382e-34
3OAR7M8_REV_g.3281.peg.286-MONOMER,0.0,-5.390154635027134e-06
3OAR7M8_FWD_g.3281.peg.286-MONOMER,0.0,-6.143386161196337e-07
3OAR80_REV_g.3281.peg.307-MONOMER,0.0,-2.281269685877e-06
3OAR80_FWD_g.3281.peg.307-MONOMER,0.0,-7.054894530367588e-06
3OAR80_REV_g.3281.peg.2404-MONOMER,0.0,-4.616084142089217e-07
3OAR80_FWD_g.3281.peg.2404-MONOMER,0.0,-5.23523325869951e-06
3OAR80_REV_g.3281.peg.2345-MONOMER,0.0,-9.47525661480528e-36
3OAR80_FWD_g.3281.peg.2345-MONOMER,0.0,-4.773624844490588e-06
3OAR80_REV_g.3281.peg.286-MONOMER,0.0,-6.143386161196337e-07
3OAR80_FWD_g.3281.peg.286-MONOMER,0.0,-5.387963460610222e-06
3OAR8M10_REV_g.3281.peg.307-MONOMER,0.0,-7.057085704784501e-06
3OAR8M10_FWD_g.3281.peg.307-MONOMER,0.0,-2.281269685877e-06
3OAR8M10_REV_g.3281.peg.2404-MONOMER,0.0,-5.237424433116423e-06
3OAR8M10_FWD_g.3281.peg.2404-MONOMER,0.0,-4.616084142089217e-07
3OAR8M10_REV_g.3281.peg.2345-MONOMER,0.0,-4.775816018907501e-06
3OAR8M10_FWD_g.3281.peg.2345-MONOMER,0.034559898054854495,-1.2018048995451724e-33
3OAR8M10_REV_g.3281.peg.286-MONOMER,0.0,-5.390154635027134e-06
3OAR8M10_FWD_g.3281.peg.286-MONOMER,0.0,-6.143386161196337e-07
3OAR8M9_REV_g.3281.peg.307-MONOMER,0.0,-7.057085704784501e-06
3OAR8M9_FWD_g.3281.peg.307-MONOMER,0.0,-2.281269685877e-06
3OAR8M9_REV_g.3281.peg.2404-MONOMER,0.0,-5.237424433116423e-06
3OAR8M9_FWD_g.3281.peg.2404-MONOMER,0.0,-4.616084142089217e-07
3OAR8M9_REV_g.3281.peg.2345-MONOMER,0.0,-4.775816018907501e-06
3OAR8M9_FWD_g.3281.peg.2345-MONOMER,0.0,-1.2072329091668398e-35
3OAR8M9_REV_g.3281.peg.286-MONOMER,0.0,-5.390154635027134e-06
3OAR8M9_FWD_g.3281.peg.286-MONOMER,0.0,-6.143386161196337e-07
3OAR9M10_REV_g.3281.peg.307-MONOMER,0.0,-7.057085704784501e-06
3OAR9M10_FWD_g.3281.peg.307-MONOMER,0.0,-2.281269685877e-06
3OAR9M10_REV_g.3281.peg.2404-MONOMER,0.0,-5.237424433116423e-06
3OAR9M10_FWD_g.3281.peg.2404-MONOMER,0.0,-4.616084142089217e-07
3OAR9M10_REV_g.3281.peg.2345-MONOMER,0.0,-4.775816018907501e-06
3OAR9M10_FWD_g.3281.peg.2345-MONOMER,0.034559898054854495,-9.218678241443478e-34
3OAR9M10_REV_g.3281.peg.286-MONOMER,0.0,-5.390154635027134e-06
3OAR9M10_FWD_g.3281.peg.286-MONOMER,0.0,-6.143386161196337e-07
3OAS100_REV_CPLX_3OAS100-4,0.0,-1.1115285460329231e-05
3OAS100_FWD_CPLX_3OAS100-4,0.0,-1.2826522499292726e-06
3OAS100_REV_CPLX_3OAS100-0,0.0,-1.0643538391972526e-05
3OAS100_FWD_CPLX_3OAS100-0,0.0,-8.109051815725674e-07
3OAS100_REV_CPLX_3OAS100-3,0.0,-1.072733749415938e-05
3OAS100_FWD_CPLX_3OAS100-3,0.0,-8.947042837594216e-07
3OAS100_REV_CPLX_3OAS100-1,0.0,-1.0644307237909744e-05
3OAS100_FWD_CPLX_3OAS100-1,0.0,-8.11674027509785e-07
3OAS100_REV_CPLX_3OAS100-2,0.0,-1.0250706238557602e-05
3OAS100_FWD_CPLX_3OAS100-2,0.0,-4.1807302815764306e-07
3OAS100_REV_g.3281.peg.3402-MONOMER,0.0,-9.832633210399958e-06
3OAS100_FWD_g.3281.peg.3402-MONOMER,0.0,3.865650651078791e-36
3OAS10M11_REV_CPLX_3OAS100-4,0.0,-1.1602640005683758e-05
3OAS10M11_FWD_CPLX_3OAS100-4,0.0,-8.645792217716295e-07
3OAS10M11_REV_CPLX_3OAS100-0,0.0,-1.1130892937327053e-05
3OAS10M11_FWD_CPLX_3OAS100-0,0.0,-3.9283215341492426e-07
3OAS10M11_REV_CPLX_3OAS100-3,0.0,-1.1214692039513907e-05
3OAS10M11_FWD_CPLX_3OAS100-3,0.0,-4.766312556017786e-07
3OAS10M11_REV_CPLX_3OAS100-1,0.0,-1.113166178326427e-05
3OAS10M11_FWD_CPLX_3OAS100-1,0.0,-3.93600999352142e-07
3OAS10M11_REV_CPLX_3OAS100-2,0.0,-1.0738060783912129e-05
3OAS10M11_FWD_CPLX_3OAS100-2,0.0,1.0991955340093721e-35
3OAS10M12_REV_CPLX_3OAS100-4,0.0,-1.1602640005683758e-05
3OAS10M12_FWD_CPLX_3OAS100-4,0.0,-8.645792217716295e-07
3OAS10M12_REV_CPLX_3OAS100-0,0.0,-1.1130892937327053e-05
3OAS10M12_FWD_CPLX_3OAS100-0,0.0,-3.9283215341492426e-07
3OAS10M12_REV_CPLX_3OAS100-3,0.0,-1.1214692039513907e-05
3OAS10M12_FWD_CPLX_3OAS100-3,0.0,-4.766312556017786e-07
3OAS10M12_REV_CPLX_3OAS100-1,0.0,-1.113166178326427e-05
3OAS10M12_FWD_CPLX_3OAS100-1,0.0,-3.93600999352142e-07
3OAS10M12_REV_CPLX_3OAS100-2,0.0,-1.0738060783912129e-05
3OAS10M12_FWD_CPLX_3OAS100-2,0.034559898054854495,5.501620426561973e-35
3OAS11M12_REV_CPLX_3OAS100-4,0.0,-1.1602640005683758e-05
3OAS11M12_FWD_CPLX_3OAS100-4,0.0,-8.645792217716295e-07
3OAS11M12_REV_CPLX_3OAS100-0,0.0,-1.1130892937327053e-05
3OAS11M12_FWD_CPLX_3OAS100-0,0.0,-3.9283215341492426e-07
3OAS11M12_REV_CPLX_3OAS100-3,0.0,-1.1214692039513907e-05
3OAS11M12_FWD_CPLX_3OAS100-3,0.0,-4.766312556017786e-07
3OAS11M12_REV_CPLX_3OAS100-1,0.0,-1.113166178326427e-05
3OAS11M12_FWD_CPLX_3OAS100-1,0.0,-3.93600999352142e-07
3OAS11M12_REV_CPLX_3OAS100-2,0.0,-1.0738060783912129e-05
3OAS11M12_FWD_CPLX_3OAS100-2,0.034559898054854495,5.501620426561973e-35
3OAS120_REV_CPLX_3OAS100-4,0.0,-1.1115285460329231e-05
3OAS120_FWD_CPLX_3OAS100-4,0.0,-1.2826522499292726e-06
3OAS120_REV_CPLX_3OAS100-0,0.0,-1.0643538391972526e-05
3OAS120_FWD_CPLX_3OAS100-0,0.0,-8.109051815725674e-07
3OAS120_REV_CPLX_3OAS100-3,0.0,-1.072733749415938e-05
3OAS120_FWD_CPLX_3OAS100-3,0.0,-8.947042837594216e-07
3OAS120_REV_CPLX_3OAS100-1,0.0,-1.0644307237909744e-05
3OAS120_FWD_CPLX_3OAS100-1,0.0,-8.11674027509785e-07
3OAS120_REV_CPLX_3OAS100-2,0.0,-1.0250706238557602e-05
3OAS120_FWD_CPLX_3OAS100-2,0.0,-4.1807302815764306e-07
3OAS120_REV_g.3281.peg.3402-MONOMER,0.0,-9.832633210399958e-06
3OAS120_FWD_g.3281.peg.3402-MONOMER,0.0,3.865650651078791e-36
3OAS12M13_REV_CPLX_3OAS100-4,0.0,-1.1602640005683758e-05
3OAS12M13_FWD_CPLX_3OAS100-4,0.0,-8.645792217716295e-07
3OAS12M13_REV_CPLX_3OAS100-0,0.0,-1.1130892937327053e-05
3OAS12M13_FWD_CPLX_3OAS100-0,0.0,-3.9283215341492426e-07
3OAS12M13_REV_CPLX_3OAS100-3,0.0,-1.1214692039513907e-05
3OAS12M13_FWD_CPLX_3OAS100-3,0.0,-4.766312556017786e-07
3OAS12M13_REV_CPLX_3OAS100-1,0.0,-1.113166178326427e-05
3OAS12M13_FWD_CPLX_3OAS100-1,0.0,-3.93600999352142e-07
3OAS12M13_REV_CPLX_3OAS100-2,0.0,-1.0738060783912129e-05
3OAS12M13_FWD_CPLX_3OAS100-2,0.0,9.904045319114575e-35
3OAS12M14_REV_CPLX_3OAS100-4,0.0,-1.1602640005683758e-05
3OAS12M14_FWD_CPLX_3OAS100-4,0.0,-8.645792217716295e-07
3OAS12M14_REV_CPLX_3OAS100-0,0.0,-1.1130892937327053e-05
3OAS12M14_FWD_CPLX_3OAS100-0,0.0,-3.9283215341492426e-07
3OAS12M14_REV_CPLX_3OAS100-3,0.0,-1.1214692039513907e-05
3OAS12M14_FWD_CPLX_3OAS100-3,0.0,-4.766312556017786e-07
3OAS12M14_REV_CPLX_3OAS100-1,0.0,-1.113166178326427e-05
3OAS12M14_FWD_CPLX_3OAS100-1,0.0,-3.93600999352142e-07
3OAS12M14_REV_CPLX_3OAS100-2,0.0,-1.0738060783912129e-05
3OAS12M14_FWD_CPLX_3OAS100-2,0.034559898054854495,5.501620426561973e-35
3OAS13M14_REV_CPLX_3OAS100-4,0.0,-1.1602640005683758e-05
3OAS13M14_FWD_CPLX_3OAS100-4,0.0,-8.645792217716295e-07
3OAS13M14_REV_CPLX_3OAS100-0,0.0,-1.1130892937327053e-05
3OAS13M14_FWD_CPLX_3OAS100-0,0.0,-3.9283215341492426e-07
3OAS13M14_REV_CPLX_3OAS100-3,0.0,-1.1214692039513907e-05
3OAS13M14_FWD_CPLX_3OAS100-3,0.0,-4.766312556017786e-07
3OAS13M14_REV_CPLX_3OAS100-1,0.0,-1.113166178326427e-05
3OAS13M14_FWD_CPLX_3OAS100-1,0.0,-3.93600999352142e-07
3OAS13M14_REV_CPLX_3OAS100-2,0.0,-1.0738060783912129e-05
3OAS13M14_FWD_CPLX_3OAS100-2,0.034559898054854495,5.501620426561973e-35
3OAS140_REV_CPLX_3OAS100-4,0.0,-1.2442684399652049e-05
3OAS140_FWD_CPLX_3OAS100-4,0.0,-1.2826522499292726e-06
3OAS140_REV_CPLX_3OAS100-0,0.0,-1.1970937331295343e-05
3OAS140_FWD_CPLX_3OAS100-0,0.0,-8.109051815725674e-07
3OAS140_REV_CPLX_3OAS100-3,0.0,-1.2054736433482198e-05
3OAS140_FWD_CPLX_3OAS100-3,0.0,-8.947042837594216e-07
3OAS140_REV_CPLX_3OAS100-1,0.0,-1.1971706177232561e-05
3OAS140_FWD_CPLX_3OAS100-1,0.0,-8.11674027509785e-07
3OAS140_REV_CPLX_3OAS100-2,0.0,-1.157810517788042e-05
3OAS140_FWD_CPLX_3OAS100-2,0.0,-4.1807302815764306e-07
3OAS140_REV_g.3281.peg.3402-MONOMER,0.0,-1.1160032149722776e-05
3OAS140_FWD_g.3281.peg.3402-MONOMER,0.040588871504760454,-4.5441332818967845e-35
3OAS160_REV_CPLX_3OAS100-4,0.0,-1.257247787926276e-05
3OAS160_FWD_CPLX_3OAS100-4,0.0,-1.2826522499292726e-06
3OAS160_REV_CPLX_3OAS100-0,0.0,-1.2100730810906055e-05
3OAS160_FWD_CPLX_3OAS100-0,0.0,-8.109051815725674e-07
3OAS160_REV_CPLX_3OAS100-3,0.0,-1.2184529913092909e-05
3OAS160_FWD_CPLX_3OAS100-3,0.0,-8.947042837594216e-07
3OAS160_REV_CPLX_3OAS100-1,0.0,-1.2101499656843273e-05
3OAS160_FWD_CPLX_3OAS100-1,0.0,-8.11674027509785e-07
3OAS160_REV_CPLX_3OAS100-2,0.0,-1.170789865749113e-05
3OAS160_FWD_CPLX_3OAS100-2,0.0,-4.1807302815764306e-07
3OAS160_REV_g.3281.peg.3402-MONOMER,0.0,-1.1289825629333487e-05
3OAS160_FWD_g.3281.peg.3402-MONOMER,0.0,-4.5441332818967845e-35
3OAS180_REV_CPLX_3OAS100-4,0.0,-1.1944323102190432e-05
3OAS180_FWD_CPLX_3OAS100-4,0.0,-8.645792217716295e-07
3OAS180_REV_CPLX_3OAS100-0,0.0,-1.1472576033833727e-05
3OAS180_FWD_CPLX_3OAS100-0,0.0,-3.9283215341492426e-07
3OAS180_REV_CPLX_3OAS100-3,0.0,-1.155637513602058e-05
3OAS180_FWD_CPLX_3OAS100-3,0.0,-4.766312556017786e-07
3OAS180_REV_CPLX_3OAS100-1,0.0,-1.1473344879770945e-05
3OAS180_FWD_CPLX_3OAS100-1,0.0,-3.93600999352142e-07
3OAS180_REV_CPLX_3OAS100-2,0.0,-1.1079743880418803e-05
3OAS180_FWD_CPLX_3OAS100-2,0.0,2.1998017571475223e-35
3OAS2M3_REV_CPLX_3OAS100-4,0.0,-1.1602640005683758e-05
3OAS2M3_FWD_CPLX_3OAS100-4,0.0,-8.645792217716295e-07
3OAS2M3_REV_CPLX_3OAS100-0,0.0,-1.1130892937327053e-05
3OAS2M3_FWD_CPLX_3OAS100-0,0.0,-3.9283215341492426e-07
3OAS2M3_REV_CPLX_3OAS100-3,0.0,-1.1214692039513907e-05
3OAS2M3_FWD_CPLX_3OAS100-3,0.0,-4.766312556017786e-07
3OAS2M3_REV_CPLX_3OAS100-1,0.0,-1.113166178326427e-05
3OAS2M3_FWD_CPLX_3OAS100-1,0.0,-3.93600999352142e-07
3OAS2M3_REV_CPLX_3OAS100-2,0.0,-1.0738060783912129e-05
3OAS2M3_FWD_CPLX_3OAS100-2,0.0,-3.303229358543229e-35
3OAS3M4_REV_CPLX_3OAS100-4,0.0,-1.1602640005683758e-05
3OAS3M4_FWD_CPLX_3OAS100-4,0.0,-8.645792217716295e-07
3OAS3M4_REV_CPLX_3OAS100-0,0.0,-1.1130892937327053e-05
3OAS3M4_FWD_CPLX_3OAS100-0,0.0,-3.9283215341492426e-07
3OAS3M4_REV_CPLX_3OAS100-3,0.0,-1.1214692039513907e-05
3OAS3M4_FWD_CPLX_3OAS100-3,0.0,-4.766312556017786e-07
3OAS3M4_REV_CPLX_3OAS100-1,0.0,-1.113166178326427e-05
3OAS3M4_FWD_CPLX_3OAS100-1,0.0,-3.93600999352142e-07
3OAS3M4_REV_CPLX_3OAS100-2,0.0,-1.0738060783912129e-05
3OAS3M4_FWD_CPLX_3OAS100-2,0.034559898054854495,5.501620426561973e-35
3OAS4M3O6_REV_CPLX_3OAS100-4,0.0,-1.1602640005683758e-05
3OAS4M3O6_FWD_CPLX_3OAS100-4,0.0,-8.645792217716295e-07
3OAS4M3O6_REV_CPLX_3OAS100-0,0.0,-1.1130892937327053e-05
3OAS4M3O6_FWD_CPLX_3OAS100-0,0.0,-3.9283215341492426e-07
3OAS4M3O6_REV_CPLX_3OAS100-3,0.0,-1.1214692039513907e-05
3OAS4M3O6_FWD_CPLX_3OAS100-3,0.0,-4.766312556017786e-07
3OAS4M3O6_REV_CPLX_3OAS100-1,0.0,-1.113166178326427e-05
3OAS4M3O6_FWD_CPLX_3OAS100-1,0.0,-3.93600999352142e-07
3OAS4M3O6_REV_CPLX_3OAS100-2,0.0,-1.0738060783912129e-05
3OAS4M3O6_FWD_CPLX_3OAS100-2,0.034559898054854495,1.0991955340093721e-35
3OAS4M5_REV_CPLX_3OAS100-4,0.0,-1.1602640005683758e-05
3OAS4M5_FWD_CPLX_3OAS100-4,0.0,-8.645792217716295e-07
3OAS4M5_REV_CPLX_3OAS100-0,0.0,-1.1130892937327053e-05
3OAS4M5_FWD_CPLX_3OAS100-0,0.0,-3.9283215341492426e-07
3OAS4M5_REV_CPLX_3OAS100-3,0.0,-1.1214692039513907e-05
3OAS4M5_FWD_CPLX_3OAS100-3,0.0,-4.766312556017786e-07
3OAS4M5_REV_CPLX_3OAS100-1,0.0,-1.113166178326427e-05
3OAS4M5_FWD_CPLX_3OAS100-1,0.0,-3.93600999352142e-07
3OAS4M5_REV_CPLX_3OAS100-2,0.0,-1.0738060783912129e-05
3OAS4M5_FWD_CPLX_3OAS100-2,0.0,1.0991955340093721e-35
3OAS4M6_REV_CPLX_3OAS100-4,0.0,-1.1602640005683758e-05
3OAS4M6_FWD_CPLX_3OAS100-4,0.0,-8.645792217716295e-07
3OAS4M6_REV_CPLX_3OAS100-0,0.0,-1.1130892937327053e-05
3OAS4M6_FWD_CPLX_3OAS100-0,0.0,-3.9283215341492426e-07
3OAS4M6_REV_CPLX_3OAS100-3,0.0,-1.1214692039513907e-05
3OAS4M6_FWD_CPLX_3OAS100-3,0.0,-4.766312556017786e-07
3OAS4M6_REV_CPLX_3OAS100-1,0.0,-1.113166178326427e-05
3OAS4M6_FWD_CPLX_3OAS100-1,0.0,-3.93600999352142e-07
3OAS4M6_REV_CPLX_3OAS100-2,0.0,-1.0738060783912129e-05
3OAS4M6_FWD_CPLX_3OAS100-2,0.034559898054854495,5.501620426561973e-35
3OAS5M6_REV_CPLX_3OAS100-4,0.0,-1.1602640005683758e-05
3OAS5M6_FWD_CPLX_3OAS100-4,0.0,-8.645792217716295e-07
3OAS5M6_REV_CPLX_3OAS100-0,0.0,-1.1130892937327053e-05
3OAS5M6_FWD_CPLX_3OAS100-0,0.0,-3.9283215341492426e-07
3OAS5M6_REV_CPLX_3OAS100-3,0.0,-1.1214692039513907e-05
3OAS5M6_FWD_CPLX_3OAS100-3,0.0,-4.766312556017786e-07
3OAS5M6_REV_CPLX_3OAS100-1,0.0,-1.113166178326427e-05
3OAS5M6_FWD_CPLX_3OAS100-1,0.0,-3.93600999352142e-07
3OAS5M6_REV_CPLX_3OAS100-2,0.0,-1.0738060783912129e-05
3OAS5M6_FWD_CPLX_3OAS100-2,0.034559898054854495,5.501620426561973e-35
3OAS60_REV_CPLX_3OAS100-4,0.0,-1.1115285460329231e-05
3OAS60_FWD_CPLX_3OAS100-4,0.0,-1.2826522499292726e-06
3OAS60_REV_CPLX_3OAS100-0,0.0,-1.0643538391972526e-05
3OAS60_FWD_CPLX_3OAS100-0,0.0,-8.109051815725674e-07
3OAS60_REV_CPLX_3OAS100-3,0.0,-1.072733749415938e-05
3OAS60_FWD_CPLX_3OAS100-3,0.0,-8.947042837594216e-07
3OAS60_REV_CPLX_3OAS100-1,0.0,-1.0644307237909744e-05
3OAS60_FWD_CPLX_3OAS100-1,0.0,-8.11674027509785e-07
3OAS60_REV_CPLX_3OAS100-2,0.0,-1.0250706238557602e-05
3OAS60_FWD_CPLX_3OAS100-2,0.0,-4.1807302815764306e-07
3OAS60_REV_g.3281.peg.3402-MONOMER,0.0,-9.832633210399958e-06
3OAS60_FWD_g.3281.peg.3402-MONOMER,0.0,-2.695121401770036e-35
3OAS6M7_REV_CPLX_3OAS100-4,0.0,-1.1602640005683758e-05
3OAS6M7_FWD_CPLX_3OAS100-4,0.0,-8.645792217716295e-07
3OAS6M7_REV_CPLX_3OAS100-0,0.0,-1.1130892937327053e-05
3OAS6M7_FWD_CPLX_3OAS100-0,0.0,-3.9283215341492426e-07
3OAS6M7_REV_CPLX_3OAS100-3,0.0,-1.1214692039513907e-05
3OAS6M7_FWD_CPLX_3OAS100-3,0.0,-4.766312556017786e-07
3OAS6M7_REV_CPLX_3OAS100-1,0.0,-1.113166178326427e-05
3OAS6M7_FWD_CPLX_3OAS100-1,0.0,-3.93600999352142e-07
3OAS6M7_REV_CPLX_3OAS100-2,0.0,-1.0738060783912129e-05
3OAS6M7_FWD_CPLX_3OAS100-2,0.0,1.0991955340093721e-35
3OAS6M8_REV_CPLX_3OAS100-4,0.0,-1.1602640005683758e-05
3OAS6M8_FWD_CPLX_3OAS100-4,0.0,-8.645792217716295e-07
3OAS6M8_REV_CPLX_3OAS100-0,0.0,-1.1130892937327053e-05
3OAS6M8_FWD_CPLX_3OAS100-0,0.0,-3.9283215341492426e-07
3OAS6M8_REV_CPLX_3OAS100-3,0.0,-1.1214692039513907e-05
3OAS6M8_FWD_CPLX_3OAS100-3,0.0,-4.766312556017786e-07
3OAS6M8_REV_CPLX_3OAS100-1,0.0,-1.113166178326427e-05
3OAS6M8_FWD_CPLX_3OAS100-1,0.0,-3.93600999352142e-07
3OAS6M8_REV_CPLX_3OAS100-2,0.0,-1.0738060783912129e-05
3OAS6M8_FWD_CPLX_3OAS100-2,0.034559898054854495,5.501620426561973e-35
3OAS7M8_REV_CPLX_3OAS100-4,0.0,-1.1602640005683758e-05
3OAS7M8_FWD_CPLX_3OAS100-4,0.0,-8.645792217716295e-07
3OAS7M8_REV_CPLX_3OAS100-0,0.0,-1.1130892937327053e-05
3OAS7M8_FWD_CPLX_3OAS100-0,0.0,-3.9283215341492426e-07
3OAS7M8_REV_CPLX_3OAS100-3,0.0,-1.1214692039513907e-05
3OAS7M8_FWD_CPLX_3OAS100-3,0.0,-4.766312556017786e-07
3OAS7M8_REV_CPLX_3OAS100-1,0.0,-1.113166178326427e-05
3OAS7M8_FWD_CPLX_3OAS100-1,0.0,-3.93600999352142e-07
3OAS7M8_REV_CPLX_3OAS100-2,0.0,-1.0738060783912129e-05
3OAS7M8_FWD_CPLX_3OAS100-2,0.034559898054854495,5.501620426561973e-35
3OAS80_REV_CPLX_3OAS100-4,0.0,-1.1115285460329231e-05
3OAS80_FWD_CPLX_3OAS100-4,0.0,-1.2826522499292726e-06
3OAS80_REV_CPLX_3OAS100-0,0.0,-1.0643538391972526e-05
3OAS80_FWD_CPLX_3OAS100-0,0.0,-8.109051815725674e-07
3OAS80_REV_CPLX_3OAS100-3,0.0,-1.072733749415938e-05
3OAS80_FWD_CPLX_3OAS100-3,0.0,-8.947042837594216e-07
3OAS80_REV_CPLX_3OAS100-1,0.0,-1.0644307237909744e-05
3OAS80_FWD_CPLX_3OAS100-1,0.0,-8.11674027509785e-07
3OAS80_REV_CPLX_3OAS100-2,0.0,-1.0250706238557602e-05
3OAS80_FWD_CPLX_3OAS100-2,0.0,-4.1807302815764306e-07
3OAS80_REV_g.3281.peg.3402-MONOMER,0.0,-9.832633210399958e-06
3OAS80_FWD_g.3281.peg.3402-MONOMER,0.0,-2.695121401770036e-35
3OAS8M10_REV_CPLX_3OAS100-4,0.0,-1.1602640005683758e-05
3OAS8M10_FWD_CPLX_3OAS100-4,0.0,-8.645792217716295e-07
3OAS8M10_REV_CPLX_3OAS100-0,0.0,-1.1130892937327053e-05
3OAS8M10_FWD_CPLX_3OAS100-0,0.0,-3.9283215341492426e-07
3OAS8M10_REV_CPLX_3OAS100-3,0.0,-1.1214692039513907e-05
3OAS8M10_FWD_CPLX_3OAS100-3,0.0,-4.766312556017786e-07
3OAS8M10_REV_CPLX_3OAS100-1,0.0,-1.113166178326427e-05
3OAS8M10_FWD_CPLX_3OAS100-1,0.0,-3.93600999352142e-07
3OAS8M10_REV_CPLX_3OAS100-2,0.0,-1.0738060783912129e-05
3OAS8M10_FWD_CPLX_3OAS100-2,0.034559898054854495,5.501620426561973e-35
3OAS8M9_REV_CPLX_3OAS100-4,0.0,-1.1602640005683758e-05
3OAS8M9_FWD_CPLX_3OAS100-4,0.0,-8.645792217716295e-07
3OAS8M9_REV_CPLX_3OAS100-0,0.0,-1.1130892937327053e-05
3OAS8M9_FWD_CPLX_3OAS100-0,0.0,-3.9283215341492426e-07
3OAS8M9_REV_CPLX_3OAS100-3,0.0,-1.1214692039513907e-05
3OAS8M9_FWD_CPLX_3OAS100-3,0.0,-4.766312556017786e-07
3OAS8M9_REV_CPLX_3OAS100-1,0.0,-1.113166178326427e-05
3OAS8M9_FWD_CPLX_3OAS100-1,0.0,-3.93600999352142e-07
3OAS8M9_REV_CPLX_3OAS100-2,0.0,-1.0738060783912129e-05
3OAS8M9_FWD_CPLX_3OAS100-2,0.0,1.0991955340093721e-35
3OAS9M10_REV_CPLX_3OAS100-4,0.0,-1.1602640005683758e-05
3OAS9M10_FWD_CPLX_3OAS100-4,0.0,-8.645792217716295e-07
3OAS9M10_REV_CPLX_3OAS100-0,0.0,-1.1130892937327053e-05
3OAS9M10_FWD_CPLX_3OAS100-0,0.0,-3.9283215341492426e-07
3OAS9M10_REV_CPLX_3OAS100-3,0.0,-1.1214692039513907e-05
3OAS9M10_FWD_CPLX_3OAS100-3,0.0,-4.766312556017786e-07
3OAS9M10_REV_CPLX_3OAS100-1,0.0,-1.113166178326427e-05
3OAS9M10_FWD_CPLX_3OAS100-1,0.0,-3.93600999352142e-07
3OAS9M10_REV_CPLX_3OAS100-2,0.0,-1.0738060783912129e-05
3OAS9M10_FWD_CPLX_3OAS100-2,0.034559898054854495,5.501620426561973e-35
4ABZt2_REV_CPLX_dummy,0.0,0.013729629196145786
4ABZt2_FWD_CPLX_dummy,0.0,-0.013733096792690426
4HBZCL_REV_g.3281.peg.540-MONOMER,0.0,-1.640611958576529e-37
4HBZCL_FWD_g.3281.peg.540-MONOMER,0.0,-4.321380302314255e-06
4HBZt2_REV_CPLX_dummy,0.0,-9.759601744748424e-37
4HBZt2_FWD_CPLX_dummy,0.0,-3.4675965446396647e-06
4HTHRS_REV_g.3281.peg.898-MONOMER,0.0,-1.4019520735711276e-06
4HTHRS_FWD_g.3281.peg.898-MONOMER,0.0,-6.024157439491258e-36
4NTPPH2_REV_g.3281.peg.434-MONOMER,0.0,-1.217696016757486e-06
4NTPPH2_FWD_g.3281.peg.434-MONOMER,0.0,-4.997863603783978e-07
4NTPPH2_REV_g.3281.peg.1553-MONOMER_mod_zn2(1)_mod_mg2(1),0.0,-3.0715648754000957e-06
4NTPPH2_FWD_g.3281.peg.1553-MONOMER_mod_zn2(1)_mod_mg2(1),0.0,-2.353655219021007e-06
4NTPPH2_REV_g.3281.peg.2680-MONOMER,0.0,-7.179096563790882e-07
4NTPPH2_FWD_g.3281.peg.2680-MONOMER,0.0,3.979458324810424e-37
5AIZCDC_REV_g.3281.peg.1690-MONOMER,0.0,-5.379081870721944e-06
5AIZCDC_FWD_g.3281.peg.1690-MONOMER,0.0,6.430250605358103e-36
6P3HXI_REV_g.3281.peg.1309-MONOMER_mod_mn2(1),0.0,-2.1257978188839753e-36
6P3HXI_FWD_g.3281.peg.1309-MONOMER_mod_mn2(1),0.0,-4.006429694556016e-06
6PHBG_REV_CPLX_dummy,0.0,-3.4675965446396647e-06
6PHBG_FWD_CPLX_dummy,0.0,-1.900245232197144e-36
A5PISO_REV_g.3281.peg.3346-MONOMER,0.0,-9.668970037992033e-06
A5PISO_FWD_g.3281.peg.3346-MONOMER,0.0,-5.71597753201749e-06
A5PISO_REV_g.3281.peg.1356-MONOMER,0.0,-4.577583112289499e-06
A5PISO_FWD_g.3281.peg.1356-MONOMER,0.0,-6.245906063149558e-07
A5PISO_REV_g.3281.peg.554-MONOMER,0.0,-3.952992505974542e-06
A5PISO_FWD_g.3281.peg.554-MONOMER,0.030441548069471937,-1.439351461143718e-35
AACOAT_REV_g.3281.peg.2201-MONOMER,0.0,-4.348324855273062e-06
AACOAT_FWD_g.3281.peg.2201-MONOMER,0.0,-5.804704638654009e-07
AACOAT_REV_g.3281.peg.2913-MONOMER,0.0,-4.602176579164461e-06
AACOAT_FWD_g.3281.peg.2913-MONOMER,0.0,-8.343221877568001e-07
AACOAT_REV_g.3281.peg.3205-MONOMER,0.0,-4.23206274166758e-06
AACOAT_FWD_g.3281.peg.3205-MONOMER,0.0,-4.6420835025991825e-07
AACOAT_REV_g.3281.peg.2379-MONOMER,0.0,-3.767854391407661e-06
AACOAT_FWD_g.3281.peg.2379-MONOMER,0.0,-1.0743243287637438e-35
AACOAT_REV_g.3281.peg.1139-MONOMER,0.0,-4.121222852090249e-06
AACOAT_FWD_g.3281.peg.1139-MONOMER,0.0,-3.5336846068258724e-07
AACOAT_REV_g.3281.peg.171-MONOMER,0.0,-5.1123501631069855e-06
AACOAT_FWD_g.3281.peg.171-MONOMER,0.0,-1.3444957716993244e-06
AACPS6_REV_CPLX_dummy,0.0,-4.751544176888941e-06
AACPS6_FWD_CPLX_dummy,0.017279978987373018,-2.5036258031400386e-35
AACPS7_REV_CPLX_dummy,0.0,-4.686655981513355e-06
AACPS7_FWD_CPLX_dummy,0.0,3.6102896536341823e-35
ABUTD_REV_g.3281.peg.2052-MONOMER,0.0,-2.8671545086492135e-06
ABUTD_FWD_g.3281.peg.2052-MONOMER,0.0,1.4796109822778516e-35
ACALDt_REV_CPLX_dummy,1.984238278447532,0.0
ACALDt_FWD_CPLX_dummy,0.0,-3.4675965446396647e-06
ACBIPGT_REV_763034.3.peg.2427-MONOMER,0.0,2.1536076675708252e-06
ACBIPGT_FWD_763034.3.peg.2427-MONOMER,0.0,-1.7563092537199906e-35
ACCOAC_REV_763034.3.peg.3330-MONOMER,0.0,-4.2532648250290915e-06
ACCOAC_FWD_763034.3.peg.3330-MONOMER,0.0,-2.5719457880198493e-06
ACCOACL_REV_g.3281.peg.1429-MONOMER,0.0,-3.391597505804498e-06
ACCOACL_FWD_g.3281.peg.1429-MONOMER,0.0,-2.963968133703047e-35
ACCOALYS2_REV_g.3281.peg.2052-MONOMER,0.0,-2.8671545086492135e-06
ACCOALYS2_FWD_g.3281.peg.2052-MONOMER,0.0,-3.1903721137622254e-35
ACGAM2E_REV_g.3281.peg.2877-MONOMER,0.0,2.2343324001990377e-36
ACGAM2E_FWD_g.3281.peg.2877-MONOMER,0.0,-4.2081699866689773e-07
ACGAM2E_REV_g.3281.peg.1340-MONOMER,0.0,-1.6491358868055633e-07
ACGAM2E_FWD_g.3281.peg.1340-MONOMER,0.0,-5.85730587347454e-07
ACGAMH_REV_g.3281.peg.2835-MONOMER,0.0,-3.0900921649961457e-06
ACGAMH_FWD_g.3281.peg.2835-MONOMER,0.0,6.057690311023776e-36
ACGAMT_REV_g.3281.peg.2219-MONOMER,0.0,-4.780054771577513e-07
ACGAMT_FWD_g.3281.peg.2219-MONOMER,0.0,-1.5584405218323737e-07
ACGAMT_REV_g.3281.peg.223-MONOMER,0.0,-3.2216142497451395e-07
ACGAMT_FWD_g.3281.peg.223-MONOMER,0.0,-2.934984305708367e-34
ACGAMT_REV_g.3281.peg.1718-MONOMER_mod_mg2(1),0.0,-3.3588931814953257e-06
ACGAMT_FWD_g.3281.peg.1718-MONOMER_mod_mg2(1),0.0,-3.036731756520812e-06
ACGAMT_REV_g.3281.peg.2783-MONOMER,0.0,-1.033893454153451e-06
ACGAMT_FWD_g.3281.peg.2783-MONOMER,0.0,-7.117320291789371e-07
ACGK_REV_763034.3.peg.2878-MONOMER_mod_mg2(1),0.0,0.056127664858424325
ACGK_FWD_763034.3.peg.2878-MONOMER_mod_mg2(1),0.0,-0.056137659836402856
ACGS_REV_763034.3.peg.3077-MONOMER,0.0,0.019974054973738907
ACGS_FWD_763034.3.peg.3077-MONOMER,0.0,-0.01997570288520388
ACHBPL_REV_763034.3.peg.1088-MONOMER,0.0,-6.2282132013503064e-06
ACHBPL_FWD_763034.3.peg.1088-MONOMER,0.0,-4.560484271315559e-06
ACHBPL_REV_763034.3.peg.1089-MONOMER,0.0,-1.6677289300347479e-06
ACHBPL_FWD_763034.3.peg.1089-MONOMER,0.20561830210655047,1.383329021379382e-35
ACKr_REV_g.3281.peg.2420-MONOMER,5.922641972015393,-2.097087210444439e-35
ACKr_FWD_g.3281.peg.2420-MONOMER,0.0,-7.755059027811211e-06
ACLS_a_REV_763034.3.peg.1088-MONOMER,0.0,-6.2282132013503064e-06
ACLS_a_FWD_763034.3.peg.1088-MONOMER,0.0,-4.560484271315559e-06
ACLS_a_REV_763034.3.peg.1089-MONOMER,0.0,-1.6677289300347479e-06
ACLS_a_FWD_763034.3.peg.1089-MONOMER,0.34722362006375385,-4.205474863121636e-35
ACLS_b_REV_763034.3.peg.1088-MONOMER,0.0,-4.560484271315559e-06
ACLS_b_FWD_763034.3.peg.1088-MONOMER,0.0,-6.2282132013503064e-06
ACLS_b_REV_763034.3.peg.1089-MONOMER,0.14160531795720338,4.488220068324392e-35
ACLS_b_FWD_763034.3.peg.1089-MONOMER,0.0,-1.6677289300347479e-06
ACNAMS_REV_g.3281.peg.1942-MONOMER,0.0,0.019974021886069906
ACNAMS_FWD_g.3281.peg.1942-MONOMER,0.0,-0.019979088748832727
ACNML_REV_g.3281.peg.2492-MONOMER,0.0,-1.2225989250978606e-06
ACNML_FWD_g.3281.peg.2492-MONOMER,0.0,-3.93453073882196e-35
ACOAAGPAT140_REV_g.3281.peg.3413-MONOMER,0.0,-5.233537810019404e-06
ACOAAGPAT140_FWD_g.3281.peg.3413-MONOMER,0.0,1.5616594798064721e-35
ACOAAGPAT160_REV_g.3281.peg.3413-MONOMER,0.0,-5.233537810019404e-06
ACOAAGPAT160_FWD_g.3281.peg.3413-MONOMER,0.0,1.3696592862129942e-35
ACOAAGPAT180_REV_g.3281.peg.3413-MONOMER,0.0,-5.233537810019404e-06
ACOAAGPAT180_FWD_g.3281.peg.3413-MONOMER,0.017279949027427247,4.107577753910866e-34
ACOAAGPATAI15_REV_g.3281.peg.3413-MONOMER,0.0,-5.233537810019404e-06
ACOAAGPATAI15_FWD_g.3281.peg.3413-MONOMER,0.0,-1.098676958693729e-35
ACOAAGPATAI17_REV_g.3281.peg.3413-MONOMER,0.0,-5.233537810019404e-06
ACOAAGPATAI17_FWD_g.3281.peg.3413-MONOMER,0.017279949027427247,-3.378343977852345e-34
ACOAAGPATI14_REV_g.3281.peg.3413-MONOMER,0.0,-5.233537810019404e-06
ACOAAGPATI14_FWD_g.3281.peg.3413-MONOMER,0.0,-3.7419549750282453e-35
ACOAAGPATI15_REV_g.3281.peg.3413-MONOMER,0.0,-5.233537810019404e-06
ACOAAGPATI15_FWD_g.3281.peg.3413-MONOMER,0.0,-1.7594964627773581e-35
ACOAAGPATI16_REV_g.3281.peg.3413-MONOMER,0.0,-5.233537810019404e-06
ACOAAGPATI16_FWD_g.3281.peg.3413-MONOMER,0.0,-4.0723647270700597e-35
ACOAAGPATI17_REV_g.3281.peg.3413-MONOMER,0.0,-5.233537810019404e-06
ACOAAGPATI17_FWD_g.3281.peg.3413-MONOMER,0.017279949027427247,-2.0549331895328556e-34
ACOATA_REV_CPLX_3OAS100-4,0.0,-8.645792217716295e-07
ACOATA_FWD_CPLX_3OAS100-4,0.0,-1.1559321069991237e-05
ACOATA_REV_CPLX_3OAS100-0,0.0,-3.9283215341492426e-07
ACOATA_FWD_CPLX_3OAS100-0,0.0,-1.1087574001634532e-05
ACOATA_REV_CPLX_3OAS100-3,0.0,-4.766312556017786e-07
ACOATA_FWD_CPLX_3OAS100-3,0.0,-1.1171373103821386e-05
ACOATA_REV_CPLX_3OAS100-1,0.0,-3.93600999352142e-07
ACOATA_FWD_CPLX_3OAS100-1,0.0,-1.108834284757175e-05
ACOATA_REV_CPLX_3OAS100-2,0.0,-7.70565425109583e-35
ACOATA_FWD_CPLX_3OAS100-2,0.0,-1.0694741848219608e-05
ACOCT_REV_763034.3.peg.3050-MONOMER,0.0,5.05733794842338e-07
ACOCT_FWD_763034.3.peg.3050-MONOMER,0.0,-1.8761758725619604e-36
ACODAr_REV_g.3281.peg.2025-MONOMER,0.0,-6.425577935494461e-06
ACODAr_FWD_g.3281.peg.2025-MONOMER,0.0,-2.624842216351509e-06
ACODAr_REV_g.3281.peg.2753-MONOMER,0.0,-3.8007357191429516e-06
ACODAr_FWD_g.3281.peg.2753-MONOMER,0.0,2.6869420711091396e-36
ACONT_REV_763034.3.peg.1093-MONOMER_mod_4fe4s(1),0.0,-1.1624106458387684e-05
ACONT_FWD_763034.3.peg.1093-MONOMER_mod_4fe4s(1),0.0,-8.973522884851328e-36
ACONTa_REV_g.3281.peg.419-MONOMER,0.0,-9.578246710888242e-06
ACONTa_FWD_g.3281.peg.419-MONOMER,0.0,1.0213774973420915e-36
ACONTb_REV_g.3281.peg.419-MONOMER,0.0,-5.812053229193842e-06
ACONTb_FWD_g.3281.peg.419-MONOMER,0.0,-3.7661934816943993e-06
ACOTA_REV_763034.3.peg.3074-MONOMER_mod_pydx5p(1),0.0,-1.0991391962485962e-05
ACOTA_FWD_763034.3.peg.3074-MONOMER_mod_pydx5p(1),5.524564029759571e-23,-2.3527286802566254e-35
ACPS1_REV_g.3281.peg.2845-MONOMER,0.0,-9.6470543086812e-06
ACPS1_FWD_g.3281.peg.2845-MONOMER,0.0,-4.0693247359308146e-35
ACS_REV_763034.3.peg.3330-MONOMER,0.0,1.5291648731866406e-05
ACS_FWD_763034.3.peg.3330-MONOMER,0.0,-2.2116859344915346e-05
ACTNDH_REV_CPLX_ACTNDH-0,0.0,-9.786643170841016e-06
ACTNDH_FWD_CPLX_ACTNDH-0,0.0,-4.3472347479492983e-35
ACt2r_REV_CPLX_dummy,5.942936337395041,-5.16751167525408e-38
ACt2r_FWD_CPLX_dummy,0.0,-3.4675965446396647e-06
ADAD_REV_CPLX_dummy,0.0,-3.4675965446396647e-06
ADAD_FWD_CPLX_dummy,0.0157617215524679,9.589895853495202e-36
ADCL_REV_763034.3.peg.3307-MONOMER,0.0,-1.8686664731816822e-06
ADCL_FWD_763034.3.peg.3307-MONOMER,0.0,-1.8107316516876834e-06
ADCL_REV_763034.3.peg.1371-MONOMER,0.0,-5.793482149399895e-08
ADCL_FWD_763034.3.peg.1371-MONOMER,7.606294280940847e-24,2.4723154948503234e-36
ADCPS1_REV_g.3281.peg.1264-MONOMER,0.0,-1.8124131268950792e-06
ADCPS1_FWD_g.3281.peg.1264-MONOMER,0.0,-1.5452219699364057e-35
ADCPS2_REV_763034.3.peg.2423-MONOMER,0.0,-1.8124131268950792e-06
ADCPS2_FWD_763034.3.peg.2423-MONOMER,0.0,3.804752844491599e-35
ADCS_REV_763034.3.peg.3307-MONOMER,0.0,-1.8686664731816822e-06
ADCS_FWD_763034.3.peg.3307-MONOMER,0.0,-1.8107316516876834e-06
ADCS_REV_763034.3.peg.1371-MONOMER,0.0,-5.793482149399895e-08
ADCS_FWD_763034.3.peg.1371-MONOMER,7.606294280940847e-24,1.2084116037799333e-35
ADCYRS_REV_763034.3.peg.2421-MONOMER,0.0,-5.3286593407530544e-06
ADCYRS_FWD_763034.3.peg.2421-MONOMER,0.0,-1.3013341409345814e-34
ADEt2r_REV_CPLX_dummy,2.9172380462850307,-5.16751167525408e-38
ADEt2r_FWD_CPLX_dummy,0.0,-3.4675965446396647e-06
ADK1_REV_763034.3.peg.3508-MONOMER_mod_mg2(1),0.0,-3.0737261042588733e-06
ADK1_FWD_763034.3.peg.3508-MONOMER_mod_mg2(1),2.2893769547079383,-2.853584699256384e-35
ADK10_REV_763034.3.peg.3508-MONOMER_mod_mg2(1),0.0,-1.339927831939041e-06
ADK10_FWD_763034.3.peg.3508-MONOMER_mod_mg2(1),0.0,-1.7337982723198323e-06
ADK11_REV_763034.3.peg.3508-MONOMER_mod_mg2(1),0.0,-3.0737261042588733e-06
ADK11_FWD_763034.3.peg.3508-MONOMER_mod_mg2(1),0.0,-1.581621481554545e-35
ADK2_REV_g.3281.peg.2787-MONOMER,0.0,1.242677417583408e-35
ADK2_FWD_g.3281.peg.2787-MONOMER,0.0,-3.1701242610849356e-06
ADK3_REV_763034.3.peg.3508-MONOMER_mod_mg2(1),0.0,-1.339927831939041e-06
ADK3_FWD_763034.3.peg.3508-MONOMER_mod_mg2(1),0.0,-1.7337982723198323e-06
ADK5_REV_763034.3.peg.3508-MONOMER_mod_mg2(1),0.0,-1.339927831939041e-06
ADK5_FWD_763034.3.peg.3508-MONOMER_mod_mg2(1),0.0,-1.7337982723198323e-06
ADK7_REV_763034.3.peg.3508-MONOMER_mod_mg2(1),0.0,-3.0737261042588733e-06
ADK7_FWD_763034.3.peg.3508-MONOMER_mod_mg2(1),0.0,-3.108132415181812e-35
ADK8_REV_763034.3.peg.3508-MONOMER_mod_mg2(1),0.0,-1.339927831939041e-06
ADK8_FWD_763034.3.peg.3508-MONOMER_mod_mg2(1),0.0,-1.7337982723198323e-06
ADK9_REV_763034.3.peg.3508-MONOMER_mod_mg2(1),0.0,-1.339927831939041e-06
ADK9_FWD_763034.3.peg.3508-MONOMER_mod_mg2(1),0.0,-1.7337982723198323e-06
ADNCNT3tc_REV_g.3281.peg.977-MONOMER,0.0,-3.2433965260088816e-06
ADNCNT3tc_FWD_g.3281.peg.977-MONOMER,1.0,8.696580982939515e-36
ADNCYC_REV_g.3281.peg.2026-MONOMER,0.0,1.6966938587274013e-06
ADNCYC_FWD_g.3281.peg.2026-MONOMER,0.0,7.623705064326773e-36
ADNK1_REV_g.3281.peg.325-MONOMER,0.0,0.01997359775271205
ADNK1_FWD_g.3281.peg.325-MONOMER,0.0,-0.019980540290114306
ADOCBIK_REV_g.3281.peg.1799-MONOMER,0.0,1.8109609675232216e-06
ADOCBIK_FWD_g.3281.peg.1799-MONOMER,0.0,-3.2768892115928186e-36
ADOCBIK2_REV_g.3281.peg.1799-MONOMER,0.0,3.544759239843054e-06
ADOCBIK2_FWD_g.3281.peg.1799-MONOMER,0.0,-1.7337982723198323e-06
ADOCBLS_REV_763034.3.peg.2425-MONOMER,0.0,0.09941275958327832
ADOCBLS_FWD_763034.3.peg.2425-MONOMER,0.0,-0.09941126902983743
ADOCBLabc_REV_CPLX_ADOCBLabc-2,0.0,-8.879469520574932e-06
ADOCBLabc_FWD_CPLX_ADOCBLabc-2,0.0,-1.0533561607004881e-06
ADOCBLabc_REV_CPLX_ADOCBLabc-3,0.0,-7.826113359874445e-06
ADOCBLabc_FWD_CPLX_ADOCBLabc-3,0.0012562772859557776,-4.7404923942643576e-36
ADOCBLabc_REV_CPLX_ADOCBLabc-1,0.0,-7.928484387559293e-06
ADOCBLabc_FWD_CPLX_ADOCBLabc-1,0.0,-1.0237102768484938e-07
ADOCBLabc_REV_CPLX_ADOCBLabc-0,0.0,-8.957966480760317e-06
ADOCBLabc_FWD_CPLX_ADOCBLabc-0,0.0,-1.1318531208858725e-06
ADPRDP_REV_g.3281.peg.588-MONOMER,0.0,-3.011289584948852e-06
ADPRDP_FWD_g.3281.peg.588-MONOMER,0.0,1.805130983134383e-35
ADPT_REV_g.3281.peg.3222-MONOMER_mod_mn2(1),0.0,0.019989832259858335
ADPT_FWD_g.3281.peg.3222-MONOMER_mod_mn2(1),0.0,-0.019994537373964855
ADPT_REV_g.3281.peg.3222-MONOMER_mod_mg2(1),0.0,0.01998980181043861
ADPT_FWD_g.3281.peg.3222-MONOMER_mod_mg2(1),0.0,-0.01999456782338458
ADSELK_REV_763034.3.peg.2197-MONOMER_mod_cobalt2(1),0.0,-3.6758908683396726e-06
ADSELK_FWD_763034.3.peg.2197-MONOMER_mod_cobalt2(1),0.0,-2.0209166353063422e-08
ADSELK_REV_763034.3.peg.2197-MONOMER_mod_mg2(1),0.0,-3.6864784652364674e-06
ADSELK_FWD_763034.3.peg.2197-MONOMER_mod_mg2(1),0.0,-3.079676324985829e-08
ADSELK_REV_763034.3.peg.2197-MONOMER_mod_mn2(1),0.0,-3.655681701986609e-06
ADSELK_FWD_763034.3.peg.2197-MONOMER_mod_mn2(1),0.0,-1.7866886477643796e-35
ADSELK_REV_763034.3.peg.2197-MONOMER_mod_cd2(1),0.0,-3.6585747325442884e-06
ADSELK_FWD_763034.3.peg.2197-MONOMER_mod_cd2(1),0.0,-2.8930305576790357e-09
ADSK_REV_763034.3.peg.2197-MONOMER_mod_cobalt2(1),0.0,-3.6758908683396726e-06
ADSK_FWD_763034.3.peg.2197-MONOMER_mod_cobalt2(1),0.0,-2.0209166353063422e-08
ADSK_REV_763034.3.peg.2197-MONOMER_mod_mg2(1),0.0,-3.6864784652364674e-06
ADSK_FWD_763034.3.peg.2197-MONOMER_mod_mg2(1),0.0,-3.079676324985829e-08
ADSK_REV_763034.3.peg.2197-MONOMER_mod_mn2(1),0.0,-3.655681701986609e-06
ADSK_FWD_763034.3.peg.2197-MONOMER_mod_mn2(1),0.0,-5.593772029329922e-35
ADSK_REV_763034.3.peg.2197-MONOMER_mod_cd2(1),0.0,-3.6585747325442884e-06
ADSK_FWD_763034.3.peg.2197-MONOMER_mod_cd2(1),0.0,-2.8930305576790357e-09
ADSL1r_REV_763034.3.peg.1987-MONOMER,0.0,-5.565638295229027e-06
ADSL1r_FWD_763034.3.peg.1987-MONOMER,0.0,-3.3028015871748134e-36
ADSL2r_REV_763034.3.peg.1987-MONOMER,0.0,-5.565638295229027e-06
ADSL2r_FWD_763034.3.peg.1987-MONOMER,0.0,-1.8800589058298954e-35
ADSS_REV_763034.3.peg.99-MONOMER,0.0,0.033699274298135004
ADSS_FWD_763034.3.peg.99-MONOMER,0.0,-0.033705539720644384
AEPPT_REV_g.3281.peg.580-MONOMER,0.0,-3.370474145272206e-06
AEPPT_FWD_g.3281.peg.580-MONOMER,2.330302192955254e-32,-1.8161530749295633e-36
AGDC_REV_g.3281.peg.2698-MONOMER,0.0,-4.657833271346388e-06
AGDC_FWD_g.3281.peg.2698-MONOMER,0.0,2.4584417537997304e-35
AGDC_REV_g.3281.peg.3253-MONOMER_mod_zn2(1),0.0,-5.6828063260031445e-06
AGDC_FWD_g.3281.peg.3253-MONOMER_mod_zn2(1),0.0,-1.0249730546567563e-06
AGMD_REV_g.3281.peg.3541-MONOMER,0.0,-5.193854240865497e-06
AGMD_FWD_g.3281.peg.3541-MONOMER,-6.273427840893681e-32,-1.2322616871197566e-36
AGMHE_REV_CPLX_dummy,0.0,-3.4675965446396647e-06
AGMHE_FWD_CPLX_dummy,0.040588730759295914,8.394178659747785e-36
AGPAT120_REV_g.3281.peg.3413-MONOMER,0.0,-6.452597246893095e-06
AGPAT120_FWD_g.3281.peg.3413-MONOMER,0.0,-5.862169665896117e-35
AGPAT140_REV_g.3281.peg.3413-MONOMER,0.0,-4.879582607997564e-07
AGPAT140_FWD_g.3281.peg.3413-MONOMER,0.0,-6.029535669639815e-06
AGPAT141_REV_g.3281.peg.3413-MONOMER,0.0,-6.482816309614746e-06
AGPAT141_FWD_g.3281.peg.3413-MONOMER,0.0,-5.862169665896117e-35
AGPAT160_REV_g.3281.peg.3413-MONOMER,0.0,-5.9943801188843505e-06
AGPAT160_FWD_g.3281.peg.3413-MONOMER,0.0,-1.5936260798344754e-35
AGPAT161_REV_g.3281.peg.3413-MONOMER,0.0,-6.482816309614746e-06
AGPAT161_FWD_g.3281.peg.3413-MONOMER,0.0,-5.862169665896117e-35
AGPAT180_REV_g.3281.peg.3413-MONOMER,0.0,-5.383666733403402e-06
AGPAT180_FWD_g.3281.peg.3413-MONOMER,0.0,-1.1338187088652778e-06
AGPAT181_REV_g.3281.peg.3413-MONOMER,0.0,-6.482816309614746e-06
AGPAT181_FWD_g.3281.peg.3413-MONOMER,0.0,-5.862169665896117e-35
AGPR_REV_763034.3.peg.3075-MONOMER,0.0,-9.027952608689205e-06
AGPR_FWD_763034.3.peg.3075-MONOMER,5.524564029759571e-23,1.251635598768645e-35
AHCYSNS_r_REV_g.3281.peg.907-MONOMER,0.0,-5.138160124973414e-06
AHCYSNS_r_FWD_g.3281.peg.907-MONOMER,3.319102715143711e-18,5.848552116971714e-37
AHCYSNS_r_REV_CPLX_AHCYSNS_r-0,0.0,-5.363511698842773e-06
AHCYSNS_r_FWD_CPLX_AHCYSNS_r-0,0.0,-2.2535157386935854e-07
AHCYSNS_r_REV_g.3281.peg.685-MONOMER,0.0,-5.138160124973414e-06
AHCYSNS_r_FWD_g.3281.peg.685-MONOMER,0.0004060803743170395,1.3339955482597003e-35
AHEXASE3_REV_g.3281.peg.1983-MONOMER,0.0,-1.2261941373086233e-06
AHEXASE3_FWD_g.3281.peg.1983-MONOMER,0.0,-1.2261941373086233e-06
AHEXASE3_REV_g.3281.peg.222-MONOMER,0.0,-4.185008055139235e-06
AHEXASE3_FWD_g.3281.peg.222-MONOMER,0.0,-4.185008055139235e-06
AHEXASE3_REV_g.3281.peg.2398-MONOMER,0.0,-3.83636051442619e-06
AHEXASE3_FWD_g.3281.peg.2398-MONOMER,0.0,-3.83636051442619e-06
AHEXASE3_REV_g.3281.peg.2643-MONOMER,0.0,-1.9397818552573e-06
AHEXASE3_FWD_g.3281.peg.2643-MONOMER,0.0,-1.9397818552573e-06
AHEXASE3_REV_g.3281.peg.1733-MONOMER,1.8042809730649886e-18,-4.87151281117716e-35
AHEXASE3_FWD_g.3281.peg.1733-MONOMER,1.8042809730649886e-18,4.878164768475829e-35
AHEXASE3_REV_g.3281.peg.1322-MONOMER,0.0,-1.9339694918855386e-06
AHEXASE3_FWD_g.3281.peg.1322-MONOMER,0.0,-1.9339694918855386e-06
AHEXASE3_REV_g.3281.peg.1204-MONOMER,0.0,-2.2508591712940366e-07
AHEXASE3_FWD_g.3281.peg.1204-MONOMER,0.0,-2.2508591712940366e-07
AHMMPS_REV_g.3281.peg.1725-MONOMER,0.0,-3.4659719402780616e-06
AHMMPS_FWD_g.3281.peg.1725-MONOMER,0.0,-3.369996596144213e-35
AHSERL2_REV_763034.3.peg.804-MONOMER,0.0,-1.3567244224165255e-05
AHSERL2_FWD_763034.3.peg.804-MONOMER,0.0,-1.252527152995348e-06
AHSERL2_REV_763034.3.peg.1190-MONOMER_mod_pydx5p(1),0.0,-1.2314717071169908e-05
AHSERL2_FWD_763034.3.peg.1190-MONOMER_mod_pydx5p(1),0.0,-8.651031478775352e-37
AHSERL3_REV_763034.3.peg.804-MONOMER,0.0,-1.5211870687412907e-05
AHSERL3_FWD_763034.3.peg.804-MONOMER,0.0,-1.252527152995348e-06
AHSERL3_REV_763034.3.peg.1190-MONOMER_mod_pydx5p(1),0.0,-1.3959343534417559e-05
AHSERL3_FWD_763034.3.peg.1190-MONOMER_mod_pydx5p(1),0.0,9.998402706722806e-35
AICART_REV_763034.3.peg.1251-MONOMER,0.0,-7.825233344407097e-06
AICART_FWD_763034.3.peg.1251-MONOMER,0.031951085058767044,6.855576912931529e-35
AIHPDCOATA_REV_g.3281.peg.1312-MONOMER,0.0,-1.011580115820846e-05
AIHPDCOATA_FWD_g.3281.peg.1312-MONOMER,0.034559898054854495,5.7736743906413244e-36
AIPDCOATA_REV_g.3281.peg.1312-MONOMER,0.0,4.257792562518534e-35
AIPDCOATA_FWD_g.3281.peg.1312-MONOMER,0.0,-1.011580115820846e-05
AIRC4_REV_763034.3.peg.2726-MONOMER,0.0,0.01997629860158066
AIRC4_FWD_763034.3.peg.2726-MONOMER,0.0,-0.019991683869688793
AKP1_REV_g.3281.peg.434-MONOMER,0.0,-1.217696016757486e-06
AKP1_FWD_g.3281.peg.434-MONOMER,0.0,-4.997863603783978e-07
AKP1_REV_g.3281.peg.1553-MONOMER_mod_zn2(1)_mod_mg2(1),0.0,-3.0715648754000957e-06
AKP1_FWD_g.3281.peg.1553-MONOMER_mod_zn2(1)_mod_mg2(1),0.0,-2.353655219021007e-06
AKP1_REV_g.3281.peg.2680-MONOMER,0.0,-7.179096563790882e-07
AKP1_FWD_g.3281.peg.2680-MONOMER,0.0,8.023001387766771e-34
ALAALA_REV_CPLX_dummy,0.0,0.0199829321799865
ALAALA_FWD_CPLX_dummy,0.0,-0.019986399776531136
ALAALAD_REV_g.3281.peg.1208-MONOMER,0.0,-4.413447062865108e-06
ALAALAD_FWD_g.3281.peg.1208-MONOMER,0.0,5.379067329277157e-38
ALAASP1c_REV_g.3281.peg.668-MONOMER,0.0,-3.651107532885986e-07
ALAASP1c_FWD_g.3281.peg.668-MONOMER,0.0,-5.1498321399818425e-06
ALAASP1c_REV_g.3281.peg.3382-MONOMER,0.0,-3.8175235680227674e-07
ALAASP1c_FWD_g.3281.peg.3382-MONOMER,0.0,-5.166473743495521e-06
ALAASP1c_REV_g.3281.peg.2520-MONOMER_mod_fe2(2),0.0,-1.9713097872862544e-37
ALAASP1c_FWD_g.3281.peg.2520-MONOMER_mod_fe2(2),0.0,-4.7847213866932435e-06
ALAASP1c_REV_g.3281.peg.199-MONOMER,0.0,-3.992553187847736e-06
ALAASP1c_FWD_g.3281.peg.199-MONOMER,0.0,-8.77727457454098e-06
ALACI_REV_g.3281.peg.80-MONOMER,0.0,-6.1741768268976005e-06
ALACI_FWD_g.3281.peg.80-MONOMER,-4.749019668071129e-23,-4.310427111027493e-36
ALAD_R_REV_g.3281.peg.2330-MONOMER,0.0,-9.966080598736002e-06
ALAD_R_FWD_g.3281.peg.2330-MONOMER,0.8242032735142094,-6.823893060829802e-36
ALAGLN1c_REV_g.3281.peg.668-MONOMER,0.0,-5.1498321399818425e-06
ALAGLN1c_FWD_g.3281.peg.668-MONOMER,0.0,-3.651107532885986e-07
ALAGLN1c_REV_g.3281.peg.3382-MONOMER,0.0,-5.166473743495521e-06
ALAGLN1c_FWD_g.3281.peg.3382-MONOMER,0.0,-3.8175235680227674e-07
ALAGLN1c_REV_g.3281.peg.2520-MONOMER_mod_fe2(2),0.0,-4.7847213866932435e-06
ALAGLN1c_FWD_g.3281.peg.2520-MONOMER_mod_fe2(2),0.0,1.504104721311214e-35
ALAGLN1c_REV_g.3281.peg.199-MONOMER,0.0,-8.77727457454098e-06
ALAGLN1c_FWD_g.3281.peg.199-MONOMER,0.0,-3.992553187847736e-06
ALAGLU1c_REV_g.3281.peg.668-MONOMER,0.0,-3.651107532885986e-07
ALAGLU1c_FWD_g.3281.peg.668-MONOMER,0.0,-5.1498321399818425e-06
ALAGLU1c_REV_g.3281.peg.3382-MONOMER,0.0,-3.8175235680227674e-07
ALAGLU1c_FWD_g.3281.peg.3382-MONOMER,0.0,-5.166473743495521e-06
ALAGLU1c_REV_g.3281.peg.2520-MONOMER_mod_fe2(2),0.0,2.0691364972074513e-36
ALAGLU1c_FWD_g.3281.peg.2520-MONOMER_mod_fe2(2),0.0,-4.7847213866932435e-06
ALAGLU1c_REV_g.3281.peg.199-MONOMER,0.0,-3.992553187847736e-06
ALAGLU1c_FWD_g.3281.peg.199-MONOMER,0.0,-8.77727457454098e-06
ALAGLY1c_REV_g.3281.peg.668-MONOMER,0.0,-3.651107532885986e-07
ALAGLY1c_FWD_g.3281.peg.668-MONOMER,0.0,-5.1498321399818425e-06
ALAGLY1c_REV_g.3281.peg.3382-MONOMER,0.0,-3.8175235680227674e-07
ALAGLY1c_FWD_g.3281.peg.3382-MONOMER,0.0,-5.166473743495521e-06
ALAGLY1c_REV_g.3281.peg.2520-MONOMER_mod_fe2(2),0.0,4.92513500096658e-36
ALAGLY1c_FWD_g.3281.peg.2520-MONOMER_mod_fe2(2),0.0,-4.7847213866932435e-06
ALAGLY1c_REV_g.3281.peg.199-MONOMER,0.0,-3.992553187847736e-06
ALAGLY1c_FWD_g.3281.peg.199-MONOMER,0.0,-8.77727457454098e-06
ALAHIS1c_REV_g.3281.peg.668-MONOMER,0.0,-3.651107532885986e-07
ALAHIS1c_FWD_g.3281.peg.668-MONOMER,0.0,-5.1498321399818425e-06
ALAHIS1c_REV_g.3281.peg.3382-MONOMER,0.0,-3.8175235680227674e-07
ALAHIS1c_FWD_g.3281.peg.3382-MONOMER,0.0,-5.166473743495521e-06
ALAHIS1c_REV_g.3281.peg.2520-MONOMER_mod_fe2(2),0.0,7.716757864522481e-36
ALAHIS1c_FWD_g.3281.peg.2520-MONOMER_mod_fe2(2),0.0,-4.7847213866932435e-06
ALAHIS1c_REV_g.3281.peg.199-MONOMER,0.0,-3.992553187847736e-06
ALAHIS1c_FWD_g.3281.peg.199-MONOMER,0.0,-8.77727457454098e-06
ALALEU1c_REV_g.3281.peg.668-MONOMER,0.0,-3.651107532885986e-07
ALALEU1c_FWD_g.3281.peg.668-MONOMER,0.0,-5.1498321399818425e-06
ALALEU1c_REV_g.3281.peg.3382-MONOMER,0.0,-3.8175235680227674e-07
ALALEU1c_FWD_g.3281.peg.3382-MONOMER,0.0,-5.166473743495521e-06
ALALEU1c_REV_g.3281.peg.2520-MONOMER_mod_fe2(2),0.0,-1.3629456244956997e-35
ALALEU1c_FWD_g.3281.peg.2520-MONOMER_mod_fe2(2),0.0,-4.7847213866932435e-06
ALALEU1c_REV_g.3281.peg.199-MONOMER,0.0,-3.992553187847736e-06
ALALEU1c_FWD_g.3281.peg.199-MONOMER,0.0,-8.77727457454098e-06
ALAR_REV_763034.3.peg.1905-MONOMER,0.0,3.473753079433268e-34
ALAR_FWD_763034.3.peg.1905-MONOMER,0.0,-7.990237478318267e-06
ALATHR1c_REV_g.3281.peg.668-MONOMER,0.0,-3.651107532885986e-07
ALATHR1c_FWD_g.3281.peg.668-MONOMER,0.0,-5.1498321399818425e-06
ALATHR1c_REV_g.3281.peg.3382-MONOMER,0.0,-3.8175235680227674e-07
ALATHR1c_FWD_g.3281.peg.3382-MONOMER,0.0,-5.166473743495521e-06
ALATHR1c_REV_g.3281.peg.2520-MONOMER_mod_fe2(2),0.0,-2.0223990069235622e-36
ALATHR1c_FWD_g.3281.peg.2520-MONOMER_mod_fe2(2),0.0,-4.7847213866932435e-06
ALATHR1c_REV_g.3281.peg.199-MONOMER,0.0,-3.992553187847736e-06
ALATHR1c_FWD_g.3281.peg.199-MONOMER,0.0,-8.77727457454098e-06
ALAt2r_REV_CPLX_dummy,0.0,-3.4675965446396647e-06
ALAt2r_FWD_CPLX_dummy,1.0,-2.075053408851742e-36
ALCD19_REV_g.3281.peg.1178-MONOMER,0.0,-5.472363793818895e-06
ALCD19_FWD_g.3281.peg.1178-MONOMER,0.0,-1.815445254832113e-06
ALCD2x_REV_g.3281.peg.1178-MONOMER,0.0,-1.2172588936409423e-35
ALCD2x_FWD_g.3281.peg.1178-MONOMER,0.0,-7.287809048651009e-06
ALCD4_REV_g.3281.peg.3087-MONOMER,0.0,-1.988393988324457e-07
ALCD4_FWD_g.3281.peg.3087-MONOMER,0.0,-3.100336886048756e-06
ALCD4_REV_g.3281.peg.1605-MONOMER,0.0,-3.946377662145467e-36
ALCD4_FWD_g.3281.peg.1605-MONOMER,0.0,-2.90149748721631e-06
ALKP_REV_g.3281.peg.434-MONOMER,0.0,-1.217696016757486e-06
ALKP_FWD_g.3281.peg.434-MONOMER,0.0,-4.997863603783978e-07
ALKP_REV_g.3281.peg.1553-MONOMER_mod_zn2(1)_mod_mg2(1),0.0,-3.0715648754000957e-06
ALKP_FWD_g.3281.peg.1553-MONOMER_mod_zn2(1)_mod_mg2(1),0.0,-2.353655219021007e-06
ALKP_REV_g.3281.peg.2680-MONOMER,0.0,-7.179096563790882e-07
ALKP_FWD_g.3281.peg.2680-MONOMER,0.0,-6.863582241437265e-36
AMALT1_REV_g.3281.peg.1501-MONOMER,0.0,-2.940511729722313e-06
AMALT1_FWD_g.3281.peg.1501-MONOMER,0.0,-1.1591413375601236e-35
AMALT2_REV_g.3281.peg.1501-MONOMER,0.0,-2.940511729722313e-06
AMALT2_FWD_g.3281.peg.1501-MONOMER,0.0,-1.1591413375601236e-35
AMALT3_REV_g.3281.peg.1501-MONOMER,0.0,-2.940511729722313e-06
AMALT3_FWD_g.3281.peg.1501-MONOMER,0.0,-1.1591413375601236e-35
AMALT4_REV_g.3281.peg.1501-MONOMER,0.0,-2.940511729722313e-06
AMALT4_FWD_g.3281.peg.1501-MONOMER,0.0,2.5159790434933005e-36
AMAOTr_REV_763034.3.peg.3333-MONOMER_mod_pydx5p(1),0.0,1.549151942134173e-36
AMAOTr_FWD_763034.3.peg.3333-MONOMER_mod_pydx5p(1),0.0,-1.3264015371954881e-05
AMMQLT8_REV_CPLX_dummy,0.0,0.06495703902431423
AMMQLT8_FWD_CPLX_dummy,0.0,-0.06496050662085887
AMOPBHL_REV_g.3281.peg.743-MONOMER,0.0,-4.80038216847788e-06
AMOPBHL_FWD_g.3281.peg.743-MONOMER,0.0,4.580182065898561e-36
AMPMS2_REV_763034.3.peg.1969-MONOMER,0.0,0.031215035030470177
AMPMS2_FWD_763034.3.peg.1969-MONOMER,0.0,-0.031218501002410456
AMPN_REV_g.3281.peg.2417-MONOMER,0.0,-4.136158444479857e-06
AMPN_FWD_g.3281.peg.2417-MONOMER,0.9168319659107135,-1.345033198426904e-34
AMPTASECG_REV_g.3281.peg.668-MONOMER,0.0,-5.1498321399818425e-06
AMPTASECG_FWD_g.3281.peg.668-MONOMER,0.0,-3.651107532885986e-07
AMPTASECG_REV_g.3281.peg.3382-MONOMER,0.0,-5.166473743495521e-06
AMPTASECG_FWD_g.3281.peg.3382-MONOMER,0.0,-3.8175235680227674e-07
AMPTASECG_REV_g.3281.peg.2520-MONOMER_mod_fe2(2),0.0,-4.7847213866932435e-06
AMPTASECG_FWD_g.3281.peg.2520-MONOMER_mod_fe2(2),0.02411326438776189,-5.601908109828607e-37
AMPTASECG_REV_g.3281.peg.199-MONOMER,0.0,-8.77727457454098e-06
AMPTASECG_FWD_g.3281.peg.199-MONOMER,0.0,-3.992553187847736e-06
AMPTASEGC_REV_g.3281.peg.668-MONOMER,0.0,-5.1498321399818425e-06
AMPTASEGC_FWD_g.3281.peg.668-MONOMER,0.0,-3.651107532885986e-07
AMPTASEGC_REV_g.3281.peg.3382-MONOMER,0.0,-5.166473743495521e-06
AMPTASEGC_FWD_g.3281.peg.3382-MONOMER,0.0,-3.8175235680227674e-07
AMPTASEGC_REV_g.3281.peg.2520-MONOMER_mod_fe2(2),0.0,-4.7847213866932435e-06
AMPTASEGC_FWD_g.3281.peg.2520-MONOMER_mod_fe2(2),-5.050860326415084e-27,-1.5891332153711108e-36
AMPTASEGC_REV_g.3281.peg.199-MONOMER,0.0,-8.77727457454098e-06
AMPTASEGC_FWD_g.3281.peg.199-MONOMER,0.0,-3.992553187847736e-06
AMPt2_REV_CPLX_dummy,0.0,-3.4675965446396647e-06
AMPt2_FWD_CPLX_dummy,1.0,-5.5973854630863505e-36
ANPRT_REV_763034.3.peg.3306-MONOMER,0.0,-3.147422947893565e-06
ANPRT_FWD_763034.3.peg.3306-MONOMER,0.0,-5.689570863470922e-36
ANS_REV_763034.3.peg.3308-MONOMER,0.0,0.0270326627187019
ANS_FWD_763034.3.peg.3308-MONOMER,0.0,-0.02703906798392488
ANS_REV_763034.3.peg.3307-MONOMER,0.0,0.027034025652250954
ANS_FWD_763034.3.peg.3307-MONOMER,0.0,-0.027037705050375824
ANS2_REV_763034.3.peg.3308-MONOMER,0.0,0.027039062332163858
ANS2_FWD_763034.3.peg.3308-MONOMER,0.0,-0.027045467597386838
ANS2_REV_763034.3.peg.3307-MONOMER,0.0,0.027040425265712913
ANS2_FWD_763034.3.peg.3307-MONOMER,0.0,-0.027044104663837783
AOXSr_REV_g.3281.peg.2166-MONOMER,0.0,2.0412722057528406e-35
AOXSr_FWD_g.3281.peg.2166-MONOMER,0.0,-7.1968929599786916e-06
AOXSr2_REV_763034.3.peg.3332-MONOMER,0.0,-9.5550401051467e-06
AOXSr2_FWD_763034.3.peg.3332-MONOMER,0.0,-7.757755919374335e-35
APAT_REV_g.3281.peg.2332-MONOMER,0.0,3.3563964241131943e-35
APAT_FWD_g.3281.peg.2332-MONOMER,0.0,-3.1608242404654007e-06
APRAUR_REV_763034.3.peg.3062-MONOMER,0.0,-5.346715915768102e-06
APRAUR_FWD_763034.3.peg.3062-MONOMER,0.0,9.735192494918838e-35
ARABI_REV_CPLX_dummy,0.0,-3.4675965446396647e-06
ARABI_FWD_CPLX_dummy,1.0,-1.964287529262845e-36
ARAI_REV_g.3281.peg.3125-MONOMER,0.0,0.0
ARAI_FWD_g.3281.peg.3125-MONOMER,0.0,-4.31307212016048e-06
ARB_Dabc_REV_CPLX_dummy,0.0,-3.4675965446396647e-06
ARB_Dabc_FWD_CPLX_dummy,1.0,-1.5423320757634593e-35
ARGDC_REV_g.3281.peg.2316-MONOMER_mod_mg2(1)_mod_pydx5p(4),0.0,-1.0653894151782351e-05
ARGDC_FWD_g.3281.peg.2316-MONOMER_mod_mg2(1)_mod_pydx5p(4),9.397308612627056e-27,-7.128685249946316e-37
ARGSL_REV_763034.3.peg.3068-MONOMER,0.020270048834583387,-8.356634261694231e-35
ARGSL_FWD_763034.3.peg.3068-MONOMER,0.0,-6.386356166156063e-06
ARGSSr_REV_763034.3.peg.3076-MONOMER_mod_mg2(1),0.020270048834583387,-1.7955552154332613e-33
ARGSSr_FWD_763034.3.peg.3076-MONOMER_mod_mg2(1),0.0,-4.94780593321127e-06
ARGt2_REV_CPLX_dummy,0.0,-3.4675965446396647e-06
ARGt2_FWD_CPLX_dummy,0.15,3.048638595270072e-36
ARSENBt2_REV_g.3281.peg.2778-MONOMER,0.0,-3.52588640414135e-07
ARSENBt2_FWD_g.3281.peg.2778-MONOMER,0.0,-2.8673664537381586e-37
ASAD_REV_763034.3.peg.3012-MONOMER,5.446920142806761e-37,2.3697473897309912e-35
ASAD_FWD_763034.3.peg.3012-MONOMER,0.0,-6.475398667856024e-06
ASNS1_REV_763034.3.peg.906-MONOMER,0.0,0.019984474055619435
ASNS1_FWD_763034.3.peg.906-MONOMER,0.0,-0.019984859844640095
ASNS2_REV_CPLX_dummy,0.0,0.019989332765319404
ASNS2_FWD_CPLX_dummy,0.0,-0.019992800361864044
ASNt2r_REV_CPLX_dummy,0.0,-3.4675965446396647e-06
ASNt2r_FWD_CPLX_dummy,0.225,-2.2316090071655766e-36
ASP1DC_REV_763034.3.peg.1593-MONOMER,0.0,-1.7381018774119317e-06
ASP1DC_FWD_763034.3.peg.1593-MONOMER,0.0012584757008160417,8.737177971518702e-34
ASPCT_REV_763034.3.peg.2410-MONOMER,0.0,0.1468311559639156
ASPCT_FWD_763034.3.peg.2410-MONOMER,0.0,-0.1468391782092774
ASPKi_REV_763034.3.peg.882-MONOMER,0.0,0.04809326145060338
ASPKi_FWD_763034.3.peg.882-MONOMER,0.0,-0.04809844058089878
ASPKi_REV_763034.3.peg.1287-MONOMER,0.0,0.04808949412549776
ASPKi_FWD_763034.3.peg.1287-MONOMER,0.0,-0.0481022079060044
ASPO1_REV_g.3281.peg.1815-MONOMER,0.0,0.05494628582987392
ASPO1_FWD_g.3281.peg.1815-MONOMER,0.0,-0.054950072858172216
ASPO5_REV_CPLX_dummy,0.0,0.12106498754121409
ASPO5_FWD_CPLX_dummy,0.0,-0.12106845513775873
ASPO6_REV_g.3281.peg.1815-MONOMER,0.0,0.15852982679405964
ASPO6_FWD_g.3281.peg.1815-MONOMER,0.0,-0.15853361382235795
ASPO7_REV_763034.3.peg.2530-MONOMER_mod_fad(1),0.0,-2.66594594788086e-06
ASPO7_FWD_763034.3.peg.2530-MONOMER_mod_fad(1),0.0,-1.2741920090689617e-35
ASPT_REV_763034.3.peg.882-MONOMER,0.0,-5.17913029540306e-06
ASPT_FWD_763034.3.peg.882-MONOMER,0.2699979520784885,2.8907117945785582e-33
ASPT_REV_763034.3.peg.1287-MONOMER,0.0,-8.94645540102044e-06
ASPT_FWD_763034.3.peg.1287-MONOMER,0.0,-3.767325105617381e-06
ASPTA_REV_763034.3.peg.3326-MONOMER,0.0,-5.841412870134422e-07
ASPTA_FWD_763034.3.peg.3326-MONOMER,0.0,-3.4573741413640224e-06
ASPTA_REV_763034.3.peg.2657-MONOMER,0.0,-2.4325416346646473e-06
ASPTA_FWD_763034.3.peg.2657-MONOMER,0.0,-5.305774489015227e-06
ASPTA_REV_763034.3.peg.3161-MONOMER,0.0,-1.1654077789041295e-06
ASPTA_FWD_763034.3.peg.3161-MONOMER,0.0,-4.03864063325471e-06
ASPTA_REV_763034.3.peg.2246-MONOMER,0.0,-1.0708293654482529e-06
ASPTA_FWD_763034.3.peg.2246-MONOMER,0.0,-3.944062219798833e-06
ASPt2r_REV_CPLX_dummy,0.0,-3.4675965446396647e-06
ASPt2r_FWD_CPLX_dummy,0.225,-4.969299960421204e-36
ATPPRT_REV_763034.3.peg.878-MONOMER,0.0,-3.9427459628114356e-06
ATPPRT_FWD_763034.3.peg.878-MONOMER,0.031951085058767044,-2.1917559820446692e-35
ATPPRT_REV_763034.3.peg.750-MONOMER,0.0,-4.756837550183647e-06
ATPPRT_FWD_763034.3.peg.750-MONOMER,0.0,-8.14091587372211e-07
ATPS4_REV_CPLX_dummy,0.0,-3.4675965446396647e-06
ATPS4_FWD_CPLX_dummy,5.207210771592554,1.2895142631090198e-35
BGLA_REV_g.3281.peg.892-MONOMER,0.0,-3.041702054964754e-06
BGLA_FWD_g.3281.peg.892-MONOMER,0.07449289,-2.1717873618293034e-35
BGLA_REV_g.3281.peg.1100-MONOMER,0.0,-6.269654439794879e-06
BGLA_FWD_g.3281.peg.1100-MONOMER,0.0,-3.2279523848301257e-06
BGLA_REV_g.3281.peg.1483-MONOMER,0.0,-5.516284707183894e-06
BGLA_FWD_g.3281.peg.1483-MONOMER,0.0,-2.47458265221914e-06
BGLA_REV_g.3281.peg.967-MONOMER,0.0,-6.745117293469243e-06
BGLA_FWD_g.3281.peg.967-MONOMER,0.0,-3.703415238504489e-06
BGLA_REV_g.3281.peg.2273-MONOMER,0.0,-3.460217236499655e-06
BGLA_FWD_g.3281.peg.2273-MONOMER,0.0,-4.185151815349013e-07
BGLA_REV_g.3281.peg.799-MONOMER,0.0,-5.594349036165026e-06
BGLA_FWD_g.3281.peg.799-MONOMER,0.0,-2.552646981200272e-06
BGLA_REV_g.3281.peg.1729-MONOMER,0.0,-5.9874855157694286e-06
BGLA_FWD_g.3281.peg.1729-MONOMER,0.0,-2.945783460804675e-06
BGLA_REV_g.3281.peg.3233-MONOMER,0.0,-6.211474096859389e-06
BGLA_FWD_g.3281.peg.3233-MONOMER,0.0,-3.1697720418946356e-06
BGLA_REV_g.3281.peg.160-MONOMER,0.0,-5.869430251929594e-06
BGLA_FWD_g.3281.peg.160-MONOMER,0.0,-2.8277281969648402e-06
BGLA_REV_g.3281.peg.147-MONOMER,0.0,-5.562027758016412e-06
BGLA_FWD_g.3281.peg.147-MONOMER,0.0,-2.5203257030516576e-06
BGLAr_REV_g.3281.peg.3392-MONOMER,0.0,-4.640223242434487e-06
BGLAr_FWD_g.3281.peg.3392-MONOMER,0.0,-1.598521187469733e-06
BGLAr_REV_g.3281.peg.892-MONOMER,0.0,-3.041702054964754e-06
BGLAr_FWD_g.3281.peg.892-MONOMER,0.0,1.473827088046988e-35
BGLAr_REV_g.3281.peg.1100-MONOMER,0.0,-6.269654439794879e-06
BGLAr_FWD_g.3281.peg.1100-MONOMER,0.0,-3.2279523848301257e-06
BGLAr_REV_g.3281.peg.1483-MONOMER,0.0,-5.516284707183894e-06
BGLAr_FWD_g.3281.peg.1483-MONOMER,0.0,-2.47458265221914e-06
BGLAr_REV_g.3281.peg.2414-MONOMER,0.0,-6.08753949440834e-06
BGLAr_FWD_g.3281.peg.2414-MONOMER,0.0,-3.0458374394435866e-06
BGLAr_REV_g.3281.peg.967-MONOMER,0.0,-6.745117293469243e-06
BGLAr_FWD_g.3281.peg.967-MONOMER,0.0,-3.703415238504489e-06
BGLAr_REV_g.3281.peg.2273-MONOMER,0.0,-3.460217236499655e-06
BGLAr_FWD_g.3281.peg.2273-MONOMER,0.0,-4.185151815349013e-07
BGLAr_REV_g.3281.peg.799-MONOMER,0.0,-5.594349036165026e-06
BGLAr_FWD_g.3281.peg.799-MONOMER,0.0,-2.552646981200272e-06
BGLAr_REV_g.3281.peg.1729-MONOMER,0.0,-5.9874855157694286e-06
BGLAr_FWD_g.3281.peg.1729-MONOMER,0.0,-2.945783460804675e-06
BGLAr_REV_g.3281.peg.3233-MONOMER,0.0,-6.211474096859389e-06
BGLAr_FWD_g.3281.peg.3233-MONOMER,0.0,-3.1697720418946356e-06
BGLAr_REV_g.3281.peg.160-MONOMER,0.0,-5.869430251929594e-06
BGLAr_FWD_g.3281.peg.160-MONOMER,0.0,-2.8277281969648402e-06
BGLAr_REV_g.3281.peg.147-MONOMER,0.0,-5.562027758016412e-06
BGLAr_FWD_g.3281.peg.147-MONOMER,0.0,-2.5203257030516576e-06
BPNT_REV_g.3281.peg.1882-MONOMER_mod_mg2(1),0.0,-7.482335207505918e-06
BPNT_FWD_g.3281.peg.1882-MONOMER_mod_mg2(1),-3.095835458440766e-40,-4.129056286897972e-36
BTNCLi_REV_CPLX_BTNCLi-0,0.0,-9.915776649908825e-07
BTNCLi_FWD_CPLX_BTNCLi-0,0.0,-2.7018561337861376e-06
BTND1_REV_g.3281.peg.2753-MONOMER,0.0,-3.8007357191429516e-06
BTND1_FWD_g.3281.peg.2753-MONOMER,0.0,-1.614726680402208e-36
BTS4_REV_763034.3.peg.3333-MONOMER_mod_pydx5p(1),0.0,-1.3264015371954881e-05
BTS4_FWD_763034.3.peg.3333-MONOMER_mod_pydx5p(1),0.0,2.5726639513589908e-36
BUTKr_REV_g.3281.peg.2074-MONOMER,0.0,1.14913114700158e-35
BUTKr_FWD_g.3281.peg.2074-MONOMER,0.0,-7.716922096387344e-06
CAt4i_REV_CPLX_dummy,0.0,-3.4675965446396647e-06
CAt4i_FWD_CPLX_dummy,0.0,-2.6359375268636954e-37
CBIAT_REV_g.3281.peg.1004-MONOMER,0.0,-2.2359863372989396e-07
CBIAT_FWD_g.3281.peg.1004-MONOMER,0.0,-1.7064625122609834e-06
CBIAT_REV_g.3281.peg.958-MONOMER,0.0,-1.0202269233998164e-35
CBIAT_FWD_g.3281.peg.958-MONOMER,0.0,-1.4828638785310895e-06
CBL1abc_REV_CPLX_CBL1abc-1,0.0,-8.191689151436794e-06
CBL1abc_FWD_CPLX_CBL1abc-1,0.0,-6.443190612040715e-07
CBL1abc_REV_CPLX_CBL1abc-2,0.0,-7.617490057452196e-06
CBL1abc_FWD_CPLX_CBL1abc-2,0.0,-7.011996721947348e-08
CBL1abc_REV_CPLX_CBL1abc-3,0.0,-7.547370090232723e-06
CBL1abc_FWD_CPLX_CBL1abc-3,0.0,7.226512577024438e-36
CBL1abc_REV_CPLX_CBL1abc-0,0.0,-8.254191310956729e-06
CBL1abc_FWD_CPLX_CBL1abc-0,0.0,-7.068212207240057e-07
CBL2abc_REV_CPLX_ADOCBLabc-2,0.0,-8.879469520574932e-06
CBL2abc_FWD_CPLX_ADOCBLabc-2,0.0,-1.0533561607004881e-06
CBL2abc_REV_CPLX_ADOCBLabc-3,0.0,-7.826113359874445e-06
CBL2abc_FWD_CPLX_ADOCBLabc-3,0.0,-5.193579699421269e-36
CBL2abc_REV_CPLX_ADOCBLabc-1,0.0,-7.928484387559293e-06
CBL2abc_FWD_CPLX_ADOCBLabc-1,0.0,-1.0237102768484938e-07
CBL2abc_REV_CPLX_ADOCBLabc-0,0.0,-8.957966480760317e-06
CBL2abc_FWD_CPLX_ADOCBLabc-0,0.0,-1.1318531208858725e-06
CBPS_REV_763034.3.peg.1989-MONOMER,0.0,0.039961569042051066
CBPS_FWD_763034.3.peg.1989-MONOMER,0.0,-0.03996828507357426
CBPS_REV_763034.3.peg.3337-MONOMER,0.0,0.039962159900284185
CBPS_FWD_763034.3.peg.3337-MONOMER,0.0,-0.03996769421534113
CBPS_REV_763034.3.peg.3338-MONOMER,0.0,0.03996069879319539
CBPS_FWD_763034.3.peg.3338-MONOMER,0.0,-0.039969155322429936
CD2abc1_REV_g.3281.peg.2930-MONOMER,0.0,-5.448124947004895e-06
CD2abc1_FWD_g.3281.peg.2930-MONOMER,0.0,-3.3346934092099065e-07
CD2abc1_REV_g.3281.peg.649-MONOMER,0.0,-6.529841013068966e-06
CD2abc1_FWD_g.3281.peg.649-MONOMER,0.0,-1.4151854069850606e-06
CD2abc1_REV_g.3281.peg.998-MONOMER,0.0,-5.114655606083905e-06
CD2abc1_FWD_g.3281.peg.998-MONOMER,0.0,-2.6429023346375404e-35
CDOSKT_REV_g.3281.peg.800-MONOMER,0.0,-2.0990351946714368e-06
CDOSKT_FWD_g.3281.peg.800-MONOMER,0.010147182689823979,1.0866077324263219e-34
CDPEAS_REV_g.3281.peg.2324-MONOMER,0.0,-4.350805049334368e-36
CDPEAS_FWD_g.3281.peg.2324-MONOMER,0.0,-3.883512953927897e-06
CDPGHL_REV_g.3281.peg.779-MONOMER,0.0,-8.15718106014853e-06
CDPGHL_FWD_g.3281.peg.779-MONOMER,0.0,5.6437294775500154e-40
CDPMEK_REV_g.3281.peg.3135-MONOMER_mod_mg2(1),0.0,-6.008032673068236e-06
CDPMEK_FWD_g.3281.peg.3135-MONOMER_mod_mg2(1),0.11161900958806377,3.437642361155779e-35
CELLBabc_REV_CPLX_dummy,0.0,-3.4675965446396647e-06
CELLBabc_FWD_CPLX_dummy,0.07449289,1.4016810576844578e-35
CGLYt3_2__REV_CPLX_dummy,0.0,-3.4675965446396647e-06
CGLYt3_2__FWD_CPLX_dummy,0.02411326438776189,-1.8303522035999955e-36
CHOLD_REV_g.3281.peg.1178-MONOMER,0.0,0.0012585001003874495
CHOLD_FWD_g.3281.peg.1178-MONOMER,0.0,-0.0012657879094361004
CHOLSH_REV_g.3281.peg.2705-MONOMER,0.0,-2.5964987043135983e-06
CHOLSH_FWD_g.3281.peg.2705-MONOMER,0.0,-3.5219458490871416e-37
CHORM_REV_763034.3.peg.2247-MONOMER,0.0,-6.4931618117371546e-06
CHORM_FWD_763034.3.peg.2247-MONOMER,1.0,1.239217730602403e-36
CHORS_REV_763034.3.peg.1074-MONOMER_mod_fadh2(1),0.0,-9.961426957428607e-06
CHORS_FWD_763034.3.peg.1074-MONOMER_mod_fadh2(1),-2.1016830053076544e-23,2.7097552390266986e-36
CHORS_REV_763034.3.peg.1074-MONOMER_mod_fmnh2(1),0.0,-1.0121475423635656e-05
CHORS_FWD_763034.3.peg.1074-MONOMER_mod_fmnh2(1),0.0,-1.6004846620704998e-07
CHORt_REV_CPLX_dummy,0.0,-3.4675965446396647e-06
CHORt_FWD_CPLX_dummy,1.0,8.726099409697609e-37
CITRAMALS_REV_763034.3.peg.89-MONOMER,0.0,-4.6134331542034085e-06
CITRAMALS_FWD_763034.3.peg.89-MONOMER,0.0,2.1426698814626652e-36
CITRH_REV_g.3281.peg.1620-MONOMER,0.0,-4.7286540618155736e-06
CITRH_FWD_g.3281.peg.1620-MONOMER,0.020270048834583387,2.3665950613469933e-36
CLPNS140_REV_g.3281.peg.278-MONOMER,0.0,-2.1873615248744397e-06
CLPNS140_FWD_g.3281.peg.278-MONOMER,0.0,4.496061650136655e-37
CLPNS140_REV_g.3281.peg.573-MONOMER,0.0,-3.3601678798972824e-06
CLPNS140_FWD_g.3281.peg.573-MONOMER,0.0,-1.1728063550228429e-06
CLPNS160_REV_g.3281.peg.278-MONOMER,8.385390884743812e-24,4.496061650136655e-37
CLPNS160_FWD_g.3281.peg.278-MONOMER,0.0,-2.1873615248744397e-06
CLPNS160_REV_g.3281.peg.573-MONOMER,0.0,-1.1728063550228429e-06
CLPNS160_FWD_g.3281.peg.573-MONOMER,0.0,-3.3601678798972824e-06
CLPNS180_REV_g.3281.peg.278-MONOMER,0.0,-2.1873615248744397e-06
CLPNS180_FWD_g.3281.peg.278-MONOMER,0.004319987256856812,2.151888727358398e-35
CLPNS180_REV_g.3281.peg.573-MONOMER,0.0,-3.3601678798972824e-06
CLPNS180_FWD_g.3281.peg.573-MONOMER,0.0,-1.1728063550228429e-06
CLPNSAI15_REV_g.3281.peg.278-MONOMER,9.790876866453961e-24,4.496061650136655e-37
CLPNSAI15_FWD_g.3281.peg.278-MONOMER,0.0,-2.1873615248744397e-06
CLPNSAI15_REV_g.3281.peg.573-MONOMER,0.0,-1.1728063550228429e-06
CLPNSAI15_FWD_g.3281.peg.573-MONOMER,0.0,-3.3601678798972824e-06
CLPNSAI17_REV_g.3281.peg.278-MONOMER,0.0,-2.1873615248744397e-06
CLPNSAI17_FWD_g.3281.peg.278-MONOMER,0.004319987256856812,3.164888227935684e-34
CLPNSAI17_REV_g.3281.peg.573-MONOMER,0.0,-3.3601678798972824e-06
CLPNSAI17_FWD_g.3281.peg.573-MONOMER,0.0,-1.1728063550228429e-06
CLPNSI14_REV_g.3281.peg.278-MONOMER,0.0,4.496061650136655e-37
CLPNSI14_FWD_g.3281.peg.278-MONOMER,0.0,-2.1873615248744397e-06
CLPNSI14_REV_g.3281.peg.573-MONOMER,0.0,-1.1728063550228429e-06
CLPNSI14_FWD_g.3281.peg.573-MONOMER,0.0,-3.3601678798972824e-06
CLPNSI15_REV_g.3281.peg.278-MONOMER,0.0,4.496061650136655e-37
CLPNSI15_FWD_g.3281.peg.278-MONOMER,0.0,-2.1873615248744397e-06
CLPNSI15_REV_g.3281.peg.573-MONOMER,0.0,-1.1728063550228429e-06
CLPNSI15_FWD_g.3281.peg.573-MONOMER,0.0,-3.3601678798972824e-06
CLPNSI16_REV_g.3281.peg.278-MONOMER,0.0,4.496061650136655e-37
CLPNSI16_FWD_g.3281.peg.278-MONOMER,0.0,-2.1873615248744397e-06
CLPNSI16_REV_g.3281.peg.573-MONOMER,0.0,-1.1728063550228429e-06
CLPNSI16_FWD_g.3281.peg.573-MONOMER,0.0,-3.3601678798972824e-06
CLPNSI17_REV_g.3281.peg.278-MONOMER,0.0,-2.1873615248744397e-06
CLPNSI17_FWD_g.3281.peg.278-MONOMER,0.004319987256856812,3.164888227935684e-34
CLPNSI17_REV_g.3281.peg.573-MONOMER,0.0,-3.3601678798972824e-06
CLPNSI17_FWD_g.3281.peg.573-MONOMER,0.0,-1.1728063550228429e-06
CMLDC_REV_g.3281.peg.2846-MONOMER,0.0,-6.807291536364008e-06
CMLDC_FWD_g.3281.peg.2846-MONOMER,0.0,5.21952879620021e-37
CO2t_REV_CPLX_dummy,1.881738860977899,0.0
CO2t_FWD_CPLX_dummy,0.0,-3.4675965446396647e-06
CPC2MT_REV_763034.3.peg.2162-MONOMER,0.0,-2.1281490425691115e-06
CPC2MT_FWD_763034.3.peg.2162-MONOMER,0.0,1.8138607141428722e-35
CPC3MT_REV_763034.3.peg.2169-MONOMER,0.0,-5.670042776592117e-06
CPC3MT_FWD_763034.3.peg.2169-MONOMER,0.0,-1.287819798493653e-06
CPC3MT_REV_763034.3.peg.2171-MONOMER,0.0,-4.382222978098464e-06
CPC3MT_FWD_763034.3.peg.2171-MONOMER,0.0,-6.071295787674158e-36
CPC4MT_REV_763034.3.peg.2169-MONOMER,0.0,-6.957862575085769e-06
CPC4MT_FWD_763034.3.peg.2169-MONOMER,0.0,-1.2413199242862528e-34
CPC5MT1_REV_g.3281.peg.1702-MONOMER,0.0,-5.8508416972175925e-06
CPC5MT1_FWD_g.3281.peg.1702-MONOMER,0.0,1.142431092264015e-35
CPC5MT2_REV_g.3281.peg.1935-MONOMER,0.0,-5.445099363719485e-06
CPC5MT2_FWD_g.3281.peg.1935-MONOMER,0.0,-1.5896317110777167e-35
CPC6MT_REV_763034.3.peg.2170-MONOMER,0.0,-4.246921379551742e-06
CPC6MT_FWD_763034.3.peg.2170-MONOMER,0.0,8.132985885117571e-35
CPC6R_REV_763034.3.peg.2168-MONOMER,0.0,-5.445099363719485e-06
CPC6R_FWD_763034.3.peg.2168-MONOMER,0.0,2.9916304713486015e-34
CPC8MM_REV_763034.3.peg.2171-MONOMER,0.0,-3.125865648209427e-35
CPC8MM_FWD_763034.3.peg.2171-MONOMER,0.0,-4.382222978098464e-06
CRO4t3_REV_g.3281.peg.808-MONOMER,0.0,-8.756122011031314e-37
CRO4t3_FWD_g.3281.peg.808-MONOMER,0.0,-1.5012892871644857e-06
CRO4t3_REV_g.3281.peg.954-MONOMER,0.0,-3.6870767273011286e-07
CRO4t3_FWD_g.3281.peg.954-MONOMER,0.0,-1.8699969598945987e-06
CSNt6_REV_CPLX_dummy,0.0,-5.16751167525408e-38
CSNt6_FWD_CPLX_dummy,0.0,-3.4675965446396647e-06
CTPS1_REV_g.3281.peg.2336-MONOMER,0.0,-1.1362396351277727e-06
CTPS1_FWD_g.3281.peg.2336-MONOMER,0.0,-2.0801795097837093e-06
CTPS1_REV_g.3281.peg.107-MONOMER,0.0,-3.5778176864851867e-06
CTPS1_FWD_g.3281.peg.107-MONOMER,0.0,-4.5217575611411235e-06
CTPS2_REV_763034.3.peg.1049-MONOMER_mod_mg2(1),0.0,-1.1855287049259439e-05
CTPS2_FWD_763034.3.peg.1049-MONOMER_mod_mg2(1),0.03725046533004188,-2.8596533060582086e-35
CYRDAAT_REV_763034.3.peg.1679-MONOMER,0.0,-1.4828638785310895e-06
CYRDAAT_FWD_763034.3.peg.1679-MONOMER,0.0,-5.045749272538398e-35
CYRDAAT_REV_763034.3.peg.2415-MONOMER,0.0,-1.7064625122609834e-06
CYRDAAT_FWD_763034.3.peg.2415-MONOMER,0.0,-2.2359863372989396e-07
CYRDAR_REV_763034.3.peg.1679-MONOMER,0.0,-1.4828638785310895e-06
CYRDAR_FWD_763034.3.peg.1679-MONOMER,0.0,-1.1050215853202072e-34
CYRDAR_REV_763034.3.peg.2415-MONOMER,0.0,-1.7064625122609834e-06
CYRDAR_FWD_763034.3.peg.2415-MONOMER,0.0,-2.2359863372989396e-07
CYRDAS_REV_763034.3.peg.2183-MONOMER,0.0,-2.653870362715336e-06
CYRDAS_FWD_763034.3.peg.2183-MONOMER,0.0,-1.4216837998714172e-34
CYSS_REV_763034.3.peg.92-MONOMER,0.0,1.6446264632476515e-06
CYSS_FWD_763034.3.peg.92-MONOMER,0.0,-1.3298867609257155e-05
CYSS_REV_763034.3.peg.2066-MONOMER_mod_pydx5p(2),0.0,1.4140554920031667e-07
CYSS_FWD_763034.3.peg.2066-MONOMER_mod_pydx5p(2),0.0,-1.480208852330449e-05
CYSS3r_REV_763034.3.peg.92-MONOMER,0.0,6.508837009172345e-35
CYSS3r_FWD_763034.3.peg.92-MONOMER,0.0,-1.3298867609257155e-05
CYSS3r_REV_763034.3.peg.2066-MONOMER_mod_pydx5p(2),0.0,-1.5032209140473349e-06
CYSS3r_FWD_763034.3.peg.2066-MONOMER_mod_pydx5p(2),0.0,-1.480208852330449e-05
CYSTGL_REV_CPLX_dummy,0.0,0.024307921214937647
CYSTGL_FWD_CPLX_dummy,0.0,-0.024311388811482287
CYSTS_REV_CPLX_dummy,0.0,-3.4675965446396647e-06
CYSTS_FWD_CPLX_dummy,0.0,-5.524760895361273e-36
CYTBD_REV_CPLX_dummy,0.0,-2.189878973497969e-06
CYTBD_FWD_CPLX_dummy,0.0,-1.2777175711416959e-06
CYTBD2_REV_CPLX_dummy,0.0,-3.4675965446396647e-06
CYTBD2_FWD_CPLX_dummy,0.0,-3.924965311573516e-36
CYTD_REV_g.3281.peg.688-MONOMER,0.0,0.019983825038016892
CYTD_FWD_g.3281.peg.688-MONOMER,0.0,-0.019992865428343054
CYTD_REV_g.3281.peg.2550-MONOMER,0.0,0.019986591393732416
CYTD_FWD_g.3281.peg.2550-MONOMER,0.0,-0.01999009907262753
CYTDK1_REV_g.3281.peg.3243-MONOMER,0.0,-3.620737937551994e-06
CYTDK1_FWD_g.3281.peg.3243-MONOMER,0.0,-3.620737937551994e-06
CYTDK1_REV_g.3281.peg.2648-MONOMER,0.0,-2.3031662699634866e-06
CYTDK1_FWD_g.3281.peg.2648-MONOMER,0.0,-2.3031662699634866e-06
CYTDK1_REV_g.3281.peg.3120-MONOMER_mod_mg2(1),0.0,-2.7477598241173333e-06
CYTDK1_FWD_g.3281.peg.3120-MONOMER_mod_mg2(1),0.0,-2.7477598241173333e-06
CYTDK2_REV_g.3281.peg.3243-MONOMER,0.0,-1.8869396652321619e-06
CYTDK2_FWD_g.3281.peg.3243-MONOMER,0.0,-5.354536209871826e-06
CYTDK2_REV_g.3281.peg.2648-MONOMER,0.0,-5.693679976436542e-07
CYTDK2_FWD_g.3281.peg.2648-MONOMER,0.0,-4.036964542283319e-06
CYTDK2_REV_g.3281.peg.3120-MONOMER_mod_mg2(1),0.0,-1.0139615517975011e-06
CYTDK2_FWD_g.3281.peg.3120-MONOMER_mod_mg2(1),0.0,-4.481558096437166e-06
CYTDK3_REV_g.3281.peg.1945-MONOMER,0.0,5.115804540661236e-35
CYTDK3_FWD_g.3281.peg.1945-MONOMER,1.359226062754999e-23,-4.94176321787212e-35
CYTDK3_REV_g.3281.peg.3243-MONOMER,0.0,-3.620737937551994e-06
CYTDK3_FWD_g.3281.peg.3243-MONOMER,0.0,-3.620737937551994e-06
CYTDK3_REV_g.3281.peg.768-MONOMER_mod_mg2(1),0.0,-1.8922579169739137e-06
CYTDK3_FWD_g.3281.peg.768-MONOMER_mod_mg2(1),0.0,-1.8922579169739137e-06
CYTDK4_REV_g.3281.peg.3243-MONOMER,0.0,-1.8869396652321619e-06
CYTDK4_FWD_g.3281.peg.3243-MONOMER,0.0,-5.354536209871826e-06
CYTDK4_REV_g.3281.peg.2648-MONOMER,0.0,-5.693679976436542e-07
CYTDK4_FWD_g.3281.peg.2648-MONOMER,0.0,-4.036964542283319e-06
CYTDK4_REV_g.3281.peg.3120-MONOMER_mod_mg2(1),0.0,-1.0139615517975011e-06
CYTDK4_FWD_g.3281.peg.3120-MONOMER_mod_mg2(1),0.0,-4.481558096437166e-06
CYTDt2r_REV_g.3281.peg.977-MONOMER,0.0,-4.1566118146983434e-36
CYTDt2r_FWD_g.3281.peg.977-MONOMER,0.0,-3.2433965260088816e-06
CYTK1_REV_g.3281.peg.1945-MONOMER,0.0,8.363126938390697e-35
CYTK1_FWD_g.3281.peg.1945-MONOMER,0.2127521814555015,-8.363020686625415e-35
CYTK1_REV_g.3281.peg.768-MONOMER_mod_mg2(1),0.0,-1.8922579169739137e-06
CYTK1_FWD_g.3281.peg.768-MONOMER_mod_mg2(1),0.0,-1.8922579169739137e-06
CYTK2_REV_g.3281.peg.1945-MONOMER,60.945587483374254,-2.7347472712627265e-35
CYTK2_FWD_g.3281.peg.1945-MONOMER,60.96134920492673,2.734853523028008e-35
CYTK2_REV_g.3281.peg.768-MONOMER_mod_mg2(1),0.0,-1.8922579169739137e-06
CYTK2_FWD_g.3281.peg.768-MONOMER_mod_mg2(1),0.0,-1.8922579169739137e-06
Coabc_REV_CPLX_dummy,0.0,-3.4675965446396647e-06
Coabc_FWD_CPLX_dummy,0.0012564020190902053,-2.959701584307385e-36
Cuabc_REV_g.3281.peg.2930-MONOMER,0.0,-5.448124947004895e-06
Cuabc_FWD_g.3281.peg.2930-MONOMER,0.0,-3.3346934092099065e-07
Cuabc_REV_g.3281.peg.649-MONOMER,0.0,-6.529841013068966e-06
Cuabc_FWD_g.3281.peg.649-MONOMER,0.0,-1.4151854069850606e-06
Cuabc_REV_g.3281.peg.998-MONOMER,0.0,-5.114655606083905e-06
Cuabc_FWD_g.3281.peg.998-MONOMER,0.0,-1.3048097331434367e-35
Cut1_REV_g.3281.peg.2930-MONOMER,0.0,0.039964585040113854
Cut1_FWD_g.3281.peg.2930-MONOMER,0.0,-0.039970366634401774
Cut1_REV_g.3281.peg.649-MONOMER,0.0,0.039963503324047786
Cut1_FWD_g.3281.peg.649-MONOMER,0.0,-0.03997144835046784
Cut1_REV_g.3281.peg.998-MONOMER,0.0,0.03996491850945477
Cut1_FWD_g.3281.peg.998-MONOMER,0.0,-0.039970033165060856
DADNt2r_REV_g.3281.peg.977-MONOMER,0.0,-3.2433965260088816e-06
DADNt2r_FWD_g.3281.peg.977-MONOMER,1.0,-2.7284792816274703e-36
DAGK120_REV_g.3281.peg.3501-MONOMER,0.0,-7.519870651634116e-08
DAGK120_FWD_g.3281.peg.3501-MONOMER,0.0,2.095138449507678e-35
DAGK140_REV_g.3281.peg.3501-MONOMER,0.0,-7.519870651634116e-08
DAGK140_FWD_g.3281.peg.3501-MONOMER,0.0,1.801614787795312e-35
DAGK141_REV_g.3281.peg.3501-MONOMER,0.0,-7.519870651634116e-08
DAGK141_FWD_g.3281.peg.3501-MONOMER,0.0,2.095138449507678e-35
DAGK160_REV_g.3281.peg.3501-MONOMER,0.0,-7.519870651634116e-08
DAGK160_FWD_g.3281.peg.3501-MONOMER,0.0,6.275201409458473e-36
DAGK161_REV_g.3281.peg.3501-MONOMER,0.0,-7.519870651634116e-08
DAGK161_FWD_g.3281.peg.3501-MONOMER,0.0,2.095138449507678e-35
DAGK180_REV_g.3281.peg.3501-MONOMER,0.0,-7.519870651634116e-08
DAGK180_FWD_g.3281.peg.3501-MONOMER,0.0,-5.465745059036172e-36
DAGK181_REV_g.3281.peg.3501-MONOMER,0.0,-7.519870651634116e-08
DAGK181_FWD_g.3281.peg.3501-MONOMER,0.0,2.095138449507678e-35
DAPDC_REV_g.3281.peg.3026-MONOMER_mod_pydx5p(1),0.0,-9.493928801390428e-06
DAPDC_FWD_g.3281.peg.3026-MONOMER_mod_pydx5p(1),0.0,-4.8043515695819e-38
DAPE_REV_CPLX_dummy,0.0,-8.992428612872094e-37
DAPE_FWD_CPLX_dummy,0.0,-3.4675965446396647e-06
DAPMDH_REV_g.3281.peg.483-MONOMER,0.0,-2.9317680853719356e-35
DAPMDH_FWD_g.3281.peg.483-MONOMER,0.0,-6.525422648055929e-06
DAPabc_REV_CPLX_dummy,0.0,0.009995109692628228
DAPabc_FWD_CPLX_dummy,0.0,-0.009998577289172868
DASYN120_REV_g.3281.peg.92-MONOMER_mod_mg2(1)_mod_k(1),0.0,-4.58037414205746e-06
DASYN120_FWD_g.3281.peg.92-MONOMER_mod_mg2(1)_mod_k(1),0.0,2.796417988417062e-36
DASYN140_REV_g.3281.peg.92-MONOMER_mod_mg2(1)_mod_k(1),0.0,-4.58037414205746e-06
DASYN140_FWD_g.3281.peg.92-MONOMER_mod_mg2(1)_mod_k(1),0.0,5.365760312453914e-36
DASYN141_REV_g.3281.peg.92-MONOMER_mod_mg2(1)_mod_k(1),0.0,-4.58037414205746e-06
DASYN141_FWD_g.3281.peg.92-MONOMER_mod_mg2(1)_mod_k(1),0.0,2.796417988417062e-36
DASYN160_REV_g.3281.peg.92-MONOMER_mod_mg2(1)_mod_k(1),0.0,-4.58037414205746e-06
DASYN160_FWD_g.3281.peg.92-MONOMER_mod_mg2(1)_mod_k(1),0.0,5.365760312453914e-36
DASYN161_REV_g.3281.peg.92-MONOMER_mod_mg2(1)_mod_k(1),0.0,-4.58037414205746e-06
DASYN161_FWD_g.3281.peg.92-MONOMER_mod_mg2(1)_mod_k(1),0.0,2.796417988417062e-36
DASYN180_REV_g.3281.peg.92-MONOMER_mod_mg2(1)_mod_k(1),0.0,-4.58037414205746e-06
DASYN180_FWD_g.3281.peg.92-MONOMER_mod_mg2(1)_mod_k(1),0.017279949027427247,5.365760312453914e-36
DASYN181_REV_g.3281.peg.92-MONOMER_mod_mg2(1)_mod_k(1),0.0,-4.58037414205746e-06
DASYN181_FWD_g.3281.peg.92-MONOMER_mod_mg2(1)_mod_k(1),0.0,2.796417988417062e-36
DASYNAI15_REV_g.3281.peg.92-MONOMER_mod_mg2(1)_mod_k(1),0.0,-4.58037414205746e-06
DASYNAI15_FWD_g.3281.peg.92-MONOMER_mod_mg2(1)_mod_k(1),0.0,1.0504444960527617e-35
DASYNAI17_REV_g.3281.peg.92-MONOMER_mod_mg2(1)_mod_k(1),0.0,-4.58037414205746e-06
DASYNAI17_FWD_g.3281.peg.92-MONOMER_mod_mg2(1)_mod_k(1),0.017279949027427247,9.786208397778057e-35
DASYNI14_REV_g.3281.peg.92-MONOMER_mod_mg2(1)_mod_k(1),0.0,-4.58037414205746e-06
DASYNI14_FWD_g.3281.peg.92-MONOMER_mod_mg2(1)_mod_k(1),0.0,1.0504444960527617e-35
DASYNI15_REV_g.3281.peg.92-MONOMER_mod_mg2(1)_mod_k(1),0.0,-4.58037414205746e-06
DASYNI15_FWD_g.3281.peg.92-MONOMER_mod_mg2(1)_mod_k(1),0.0,2.796417988417062e-36
DASYNI16_REV_g.3281.peg.92-MONOMER_mod_mg2(1)_mod_k(1),0.0,-4.58037414205746e-06
DASYNI16_FWD_g.3281.peg.92-MONOMER_mod_mg2(1)_mod_k(1),0.0,2.796417988417062e-36
DASYNI17_REV_g.3281.peg.92-MONOMER_mod_mg2(1)_mod_k(1),0.0,-4.58037414205746e-06
DASYNI17_FWD_g.3281.peg.92-MONOMER_mod_mg2(1)_mod_k(1),0.017279949027427247,2.622999927161391e-34
DB4PS_REV_763034.3.peg.2656-MONOMER_mod_mg2(1),0.0,-1.2506682697771755e-05
DB4PS_FWD_763034.3.peg.2656-MONOMER_mod_mg2(1),0.0,-5.476602106550533e-36
DBTS_REV_763034.3.peg.3329-MONOMER_mod_mg2(1),0.0,-4.039565828243213e-06
DBTS_FWD_763034.3.peg.3329-MONOMER_mod_mg2(1),0.0,-2.524208216011321e-35
DCMPDA_REV_g.3281.peg.651-MONOMER,1.0125265507711694e-22,9.217400654768633e-35
DCMPDA_FWD_g.3281.peg.651-MONOMER,0.0,-4.354110824841383e-07
DCTPAH_REV_g.3281.peg.2550-MONOMER,0.0,0.01998565242093215
DCTPAH_FWD_g.3281.peg.2550-MONOMER,0.0,-0.019989160099827263
DCYTD_REV_g.3281.peg.688-MONOMER,0.0,-6.2740346106381025e-06
DCYTD_FWD_g.3281.peg.688-MONOMER,0.0,-2.766355715522265e-06
DCYTD_REV_g.3281.peg.2550-MONOMER,0.0,-3.5076788951158374e-06
DCYTD_FWD_g.3281.peg.2550-MONOMER,6.066547203302796e-23,-4.753518657397556e-38
DCYTt2r_REV_g.3281.peg.977-MONOMER,0.0,-3.2433965260088816e-06
DCYTt2r_FWD_g.3281.peg.977-MONOMER,0.0157617215524679,1.2778578451427614e-37
DDGLK_REV_763034.3.peg.911-MONOMER,0.0,-1.774882617663878e-06
DDGLK_FWD_763034.3.peg.911-MONOMER,0.0,-1.4487399737052985e-35
DDPA_REV_g.3281.peg.1411-MONOMER,0.0,0.16890561129970272
DDPA_FWD_g.3281.peg.1411-MONOMER,0.0,-0.16891210446151445
DDPGA_REV_g.3281.peg.3308-MONOMER,0.0,5.224117822657684e-36
DDPGA_FWD_g.3281.peg.3308-MONOMER,0.0,-1.4793407534739688e-06
DDPGALA_REV_g.3281.peg.1180-MONOMER,0.0,-1.53982215197436e-36
DDPGALA_FWD_g.3281.peg.1180-MONOMER,0.0,-2.4254388874117663e-06
DGK1_REV_g.3281.peg.457-MONOMER_mod_mg2(1),0.0,-2.7735514520095567e-06
DGK1_FWD_g.3281.peg.457-MONOMER_mod_mg2(1),0.0157617215524679,6.754720284153393e-36
DGSNt2_REV_g.3281.peg.977-MONOMER,0.0,-3.2433965260088816e-06
DGSNt2_FWD_g.3281.peg.977-MONOMER,1.0,2.9840508506560226e-36
DHAD1_REV_763034.3.peg.1087-MONOMER_mod_4fe4s(1),0.0,-1.2331168514944514e-05
DHAD1_FWD_763034.3.peg.1087-MONOMER_mod_4fe4s(1),0.14160531795720338,-1.864501276458779e-36
DHAD2_REV_763034.3.peg.1087-MONOMER_mod_4fe4s(1),0.0,-1.2331168514944514e-05
DHAD2_FWD_763034.3.peg.1087-MONOMER_mod_4fe4s(1),0.20561830210655047,2.7950455376810374e-36
DHAK_REV_g.3281.peg.3417-MONOMER,0.0,0.01998149288948657
DHAK_FWD_g.3281.peg.3417-MONOMER,0.0,-0.01998414352962458
DHAK_REV_g.3281.peg.3490-MONOMER,0.0,0.01997975380919327
DHAK_FWD_g.3281.peg.3490-MONOMER,0.0,-0.01998588260991788
DHDPRyr_REV_CPLX_dummy,0.0,-3.4675965446396647e-06
DHDPRyr_FWD_CPLX_dummy,0.0,5.2822882023269905e-36
DHFOR2_REV_g.3281.peg.994-MONOMER,0.0037688318578673326,-1.681398981702881e-35
DHFOR2_FWD_g.3281.peg.994-MONOMER,0.0,-4.026141596508946e-06
DHFR_REV_763034.3.peg.1115-MONOMER,0.0,-4.026141596508946e-06
DHFR_FWD_763034.3.peg.1115-MONOMER,0.0037688318578673326,-2.586155974484673e-35
DHFS_REV_763034.3.peg.899-MONOMER,0.0,0.1593578284712127
DHFS_FWD_763034.3.peg.899-MONOMER,0.0,-0.1593648131605388
DHNAOT_REV_CPLX_dummy,0.0,-3.4675965446396647e-06
DHNAOT_FWD_CPLX_dummy,0.0,-6.932398052964048e-37
DHNAS_REV_CPLX_dummy,0.0,-3.4675965446396647e-06
DHNAS_FWD_CPLX_dummy,0.0,4.29590848155258e-35
DHNPA_REV_g.3281.peg.1180-MONOMER,0.0,-2.4254388874117663e-06
DHNPA_FWD_g.3281.peg.1180-MONOMER,0.0,-6.062730248220767e-36
DHNPA2_REV_763034.3.peg.232-MONOMER,0.0,-2.4254388874117663e-06
DHNPA2_FWD_763034.3.peg.232-MONOMER,0.0,1.1402439708449965e-35
DHORD2_REV_763034.3.peg.31-MONOMER,0.0,-3.7721325123086898e-06
DHORD2_FWD_763034.3.peg.31-MONOMER,0.0,-2.3545458852120664e-07
DHORD2_REV_763034.3.peg.32-MONOMER,0.0,-3.536677923787483e-06
DHORD2_FWD_763034.3.peg.32-MONOMER,0.0,-3.5911804527084025e-36
DHORD5_REV_763034.3.peg.31-MONOMER,0.0,-2.494414941166994e-06
DHORD5_FWD_763034.3.peg.31-MONOMER,0.0,-1.5131721596629025e-06
DHORD5_REV_763034.3.peg.32-MONOMER,0.0,-2.2589603526457873e-06
DHORD5_FWD_763034.3.peg.32-MONOMER,0.0,-1.2777175711416959e-06
DHORTS_REV_763034.3.peg.704-MONOMER,0.0,-6.116539607239633e-36
DHORTS_FWD_763034.3.peg.704-MONOMER,0.0,-5.616794770476554e-06
DHPM1_REV_g.3281.peg.2471-MONOMER,0.0,-2.9678241102774183e-06
DHPM1_FWD_g.3281.peg.2471-MONOMER,0.0,-4.387297406381789e-06
DHPM1_REV_g.3281.peg.2551-MONOMER,0.0,-4.045417279146594e-06
DHPM1_FWD_g.3281.peg.2551-MONOMER,0.0,-5.464890575250965e-06
DHPM1_REV_g.3281.peg.2104-MONOMER,0.0,1.4194732961043704e-06
DHPM1_FWD_g.3281.peg.2104-MONOMER,0.0,-7.127382797054305e-38
DHPM2_REV_g.3281.peg.2471-MONOMER,0.0,-2.9678241102774183e-06
DHPM2_FWD_g.3281.peg.2471-MONOMER,0.0,-4.387297406381789e-06
DHPM2_REV_g.3281.peg.2551-MONOMER,0.0,-4.045417279146594e-06
DHPM2_FWD_g.3281.peg.2551-MONOMER,0.0,-5.464890575250965e-06
DHPM2_REV_g.3281.peg.2104-MONOMER,0.0,1.4194732961043704e-06
DHPM2_FWD_g.3281.peg.2104-MONOMER,0.0,-7.127382797054305e-38
DHPPDA_REV_g.3281.peg.2608-MONOMER,0.0,-4.496034246949377e-06
DHPPDA_FWD_g.3281.peg.2608-MONOMER,0.0,-2.7767326772598237e-35
DHPPDA2_REV_763034.3.peg.3062-MONOMER,0.0,-1.4690079080705093e-06
DHPPDA2_FWD_763034.3.peg.3062-MONOMER,0.0,-3.877708007697593e-06
DHPS_REV_g.3281.peg.2660-MONOMER,0.0,-3.923088084267266e-06
DHPS_FWD_g.3281.peg.2660-MONOMER,0.0,8.46947471249016e-37
DHPS2_REV_763034.3.peg.3022-MONOMER_mod_mg2(1),0.0,-4.622692527155481e-06
DHPS2_FWD_763034.3.peg.3022-MONOMER_mod_mg2(1),0.0,1.0143288504832081e-35
DHQS_REV_g.3281.peg.664-MONOMER_mod_cobalt2(1)_mod_nad(1),0.0,-6.743028932832678e-06
DHQS_FWD_g.3281.peg.664-MONOMER_mod_cobalt2(1)_mod_nad(1),-2.101683005307574e-23,-2.8190124601731135e-36
DHQTi_REV_g.3281.peg.630-MONOMER,0.0,-4.8705772735118405e-06
DHQTi_FWD_g.3281.peg.630-MONOMER,-2.1016830053075556e-23,-9.143042415733736e-37
DINSt2_REV_g.3281.peg.977-MONOMER,0.0,-3.2433965260088816e-06
DINSt2_FWD_g.3281.peg.977-MONOMER,0.0,8.696580982939515e-36
DMATT_REV_g.3281.peg.224-MONOMER,0.0,-4.897469429707374e-06
DMATT_FWD_g.3281.peg.224-MONOMER,0.010147182689823979,-1.8167133494929539e-35
DMATT_REV_CPLX_DMATT-0,0.0,-6.4080890853482e-06
DMATT_FWD_CPLX_DMATT-0,0.0,-1.510619655640825e-06
DMATT_REV_g.3281.peg.3080-MONOMER_mod_mg2(1),0.0,-7.48958159702714e-06
DMATT_FWD_g.3281.peg.3080-MONOMER_mod_mg2(1),0.0,-2.592112167319765e-06
DMPPS_REV_g.3281.peg.195-MONOMER_mod_nadph(1)_mod_nadh(1)_mod_fad(1)_mod_cobalt2(1),0.0,-5.298154008601143e-06
DMPPS_FWD_g.3281.peg.195-MONOMER_mod_nadph(1)_mod_nadh(1)_mod_fad(1)_mod_cobalt2(1),0.0,4.176459394847252e-35
DMPPS2r_REV_g.3281.peg.195-MONOMER_mod_nadph(1)_mod_nadh(1)_mod_fad(1)_mod_cobalt2(1),0.0,-5.298154008601143e-06
DMPPS2r_FWD_g.3281.peg.195-MONOMER_mod_nadph(1)_mod_nadh(1)_mod_fad(1)_mod_cobalt2(1),0.010147182689823979,9.901234124911078e-36
DMQMT_REV_CPLX_dummy,0.0,-3.4675965446396647e-06
DMQMT_FWD_CPLX_dummy,0.0,1.0349022930804373e-35
DPCOAK_REV_763034.3.peg.1031-MONOMER,0.0,-6.942537402254782e-06
DPCOAK_FWD_763034.3.peg.1031-MONOMER,0.0012562772859557776,-2.0280133515153225e-35
DPGM_REV_g.3281.peg.819-MONOMER,0.0,-2.9420812763721926e-37
DPGM_FWD_g.3281.peg.819-MONOMER,0.0,-5.6314126694478146e-06
DPRr_REV_763034.3.peg.477-MONOMER,0.0,-6.264153661637176e-06
DPRr_FWD_763034.3.peg.477-MONOMER,0.0012584757008160417,-3.928637278451298e-35
DRBK_REV_g.3281.peg.235-MONOMER,0.0,-3.804908723873999e-06
DRBK_FWD_g.3281.peg.235-MONOMER,0.0,-6.756540590389287e-36
DRBK_REV_g.3281.peg.1612-MONOMER,0.0,-4.800240280674845e-06
DRBK_FWD_g.3281.peg.1612-MONOMER,0.0,-9.953315568008463e-07
DRIBI_REV_g.3281.peg.2694-MONOMER,0.0,-2.20234967526234e-06
DRIBI_FWD_g.3281.peg.2694-MONOMER,0.0004060803743170428,-7.462164402303576e-36
DRPAr_REV_g.3281.peg.3533-MONOMER,0.0,-5.714750036533792e-06
DRPAr_FWD_g.3281.peg.3533-MONOMER,1.984238278447532,-6.593248496464503e-36
DTMPK_REV_CPLX_dummy,0.0,-3.4675965446396647e-06
DTMPK_FWD_CPLX_dummy,0.01820171808405264,-1.2621556675578767e-35
DURIK1_REV_g.3281.peg.578-MONOMER,0.0,-2.39253541591187e-06
DURIK1_FWD_g.3281.peg.578-MONOMER,0.0,-2.8680288488721813e-06
DURIPP_REV_g.3281.peg.90-MONOMER,0.0,-3.129568247527812e-07
DURIPP_FWD_g.3281.peg.90-MONOMER,0.0,-8.65922136622448e-06
DURIPP_REV_g.3281.peg.3631-MONOMER,4.640480616253397e-36,-5.1146753066268466e-36
DURIPP_FWD_g.3281.peg.3631-MONOMER,0.0,-8.3462645414717e-06
DURIt2_REV_g.3281.peg.977-MONOMER,0.0,0.0049901841281402
DURIt2_FWD_g.3281.peg.977-MONOMER,0.0,-0.004993427524666209
DUTPDP_REV_g.3281.peg.2378-MONOMER_mod_zn2(1),0.0,0.01998010940317426
DUTPDP_FWD_g.3281.peg.2378-MONOMER_mod_zn2(1),0.0,-0.019988026558506018
DUTPDP_REV_g.3281.peg.1671-MONOMER,0.0,0.0199823782288162
DUTPDP_FWD_g.3281.peg.1671-MONOMER,0.0,-0.01998575773286408
DXPRIr_REV_g.3281.peg.718-MONOMER_mod_mg2(1),0.0,-1.0571597482386011e-05
DXPRIr_FWD_g.3281.peg.718-MONOMER_mod_mg2(1),0.0,-1.7363768667518626e-08
DXPRIr_REV_g.3281.peg.718-MONOMER_mod_mn2(1),0.0,-1.0554233713718493e-05
DXPRIr_FWD_g.3281.peg.718-MONOMER_mod_mn2(1),0.11161900958806377,-3.921279696589179e-34
DXPRIr_REV_g.3281.peg.718-MONOMER_mod_cobalt2(1),0.0,-1.0565014456105705e-05
DXPRIr_FWD_g.3281.peg.718-MONOMER_mod_cobalt2(1),0.0,-1.0780742387211635e-08
DXPS_REV_763034.3.peg.1914-MONOMER_mod_thmpp(1),0.0,-1.0291469318742755e-05
DXPS_FWD_763034.3.peg.1914-MONOMER_mod_thmpp(1),0.0,-6.407957989457631e-07
DXPS_REV_763034.3.peg.1659-MONOMER,0.0,-9.650673519796991e-06
DXPS_FWD_763034.3.peg.1659-MONOMER,0.11161900958806377,1.5417284716913726e-35
D_LACD_REV_g.3281.peg.802-MONOMER,0.0,-1.5698256107269255e-06
D_LACD_FWD_g.3281.peg.802-MONOMER,0.0,-1.3734803350411626e-36
D_LACt2_REV_CPLX_dummy,0.0,-5.16751167525408e-38
D_LACt2_FWD_CPLX_dummy,0.0,-3.4675965446396647e-06
E4PD_REV_763034.3.peg.1609-MONOMER,0.0,-3.034037467608861e-35
E4PD_FWD_763034.3.peg.1609-MONOMER,0.0,-8.685582854354078e-06
EACPR1_REV_763034.3.peg.3330-MONOMER,0.0,-6.8252106130489405e-06
EACPR1_FWD_763034.3.peg.3330-MONOMER,0.0,1.0269911072121917e-36
EACPR2_REV_763034.3.peg.3330-MONOMER,0.0,-6.8252106130489405e-06
EACPR2_FWD_763034.3.peg.3330-MONOMER,0.0,5.568716100617662e-35
EAR100x_REV_g.3281.peg.150-MONOMER,0.0,0.03869557672388914
EAR100x_FWD_g.3281.peg.150-MONOMER,0.0,-0.038700439022910677
EAR10M11x_REV_g.3281.peg.150-MONOMER,0.0,0.038695994796917293
EAR10M11x_FWD_g.3281.peg.150-MONOMER,0.0,-0.03870092637745603
EAR10M12x_REV_g.3281.peg.150-MONOMER,0.0,-4.931580538734828e-06
EAR10M12x_FWD_g.3281.peg.150-MONOMER,0.034559898054854495,-4.288679845292786e-35
EAR11M12x_REV_g.3281.peg.150-MONOMER,0.0,-4.931580538734828e-06
EAR11M12x_FWD_g.3281.peg.150-MONOMER,0.034559898054854495,-1.316334683848381e-34
EAR120x_REV_g.3281.peg.150-MONOMER,0.0,-6.122597021443659e-06
EAR120x_FWD_g.3281.peg.150-MONOMER,0.0,-8.726013341888298e-35
EAR121x_REV_CPLX_dummy,0.0,-3.469780572861737e-06
EAR121x_FWD_CPLX_dummy,0.0,-1.5724375928572352e-35
EAR12M13x_REV_g.3281.peg.150-MONOMER,0.0,-4.931580538734828e-06
EAR12M13x_FWD_g.3281.peg.150-MONOMER,0.0,-4.288679845292786e-35
EAR12M14x_REV_g.3281.peg.150-MONOMER,0.0,-4.931580538734828e-06
EAR12M14x_FWD_g.3281.peg.150-MONOMER,0.034559898054854495,-1.316334683848381e-34
EAR13M14x_REV_g.3281.peg.150-MONOMER,0.0,-4.931580538734828e-06
EAR13M14x_FWD_g.3281.peg.150-MONOMER,0.034559898054854495,-1.316334683848381e-34
EAR140x_REV_g.3281.peg.150-MONOMER,0.0,-6.25239027601905e-06
EAR140x_FWD_g.3281.peg.150-MONOMER,0.0,-4.288679845292786e-35
EAR141x_REV_CPLX_dummy,0.0,-4.7190523695223895e-06
EAR141x_FWD_CPLX_dummy,0.0,-8.342043914480115e-36
EAR14M15x_REV_g.3281.peg.150-MONOMER,0.0,-4.931580538734828e-06
EAR14M15x_FWD_g.3281.peg.150-MONOMER,0.0,-8.726013341888298e-35
EAR14M16x_REV_g.3281.peg.150-MONOMER,0.0,-4.931580538734828e-06
EAR14M16x_FWD_g.3281.peg.150-MONOMER,0.034559898054854495,-4.288679845292786e-35
EAR15M16x_REV_g.3281.peg.150-MONOMER,0.0,-4.931580538734828e-06
EAR15M16x_FWD_g.3281.peg.150-MONOMER,0.034559898054854495,4.585987147898238e-35
EAR160x_REV_g.3281.peg.150-MONOMER,0.0,-5.206163559880857e-06
EAR160x_FWD_g.3281.peg.150-MONOMER,0.0,-4.288679845292786e-35
EAR161x_REV_CPLX_dummy,0.0,-4.7190523695223895e-06
EAR161x_FWD_CPLX_dummy,0.0,-8.342043914480115e-36
EAR180x_REV_g.3281.peg.150-MONOMER,0.0,-6.252373299691984e-06
EAR180x_FWD_g.3281.peg.150-MONOMER,0.0,1.4865365130272593e-36
EAR181x_REV_CPLX_dummy,0.0,-4.7190523695223895e-06
EAR181x_FWD_CPLX_dummy,0.0,-8.342043914480115e-36
EAR40x_REV_g.3281.peg.150-MONOMER,0.0,0.03869557672388914
EAR40x_FWD_g.3281.peg.150-MONOMER,0.0,-0.038700439022910677
EAR4M5x_REV_g.3281.peg.150-MONOMER,0.0,0.038695994796917293
EAR4M5x_FWD_g.3281.peg.150-MONOMER,0.0,-0.03870092637745603
EAR4M6x_REV_g.3281.peg.150-MONOMER,0.0,-4.931580538734828e-06
EAR4M6x_FWD_g.3281.peg.150-MONOMER,0.034559898054854495,-8.726013341888298e-35
EAR5M6x_REV_g.3281.peg.150-MONOMER,0.0,-4.931580538734828e-06
EAR5M6x_FWD_g.3281.peg.150-MONOMER,0.034559898054854495,-1.316334683848381e-34
EAR60x_REV_g.3281.peg.150-MONOMER,0.0,0.03869557672388914
EAR60x_FWD_g.3281.peg.150-MONOMER,0.0,-0.038700439022910677
EAR6M7x_REV_g.3281.peg.150-MONOMER,0.0,0.038695994796917293
EAR6M7x_FWD_g.3281.peg.150-MONOMER,0.0,-0.03870092637745603
EAR6M8x_REV_g.3281.peg.150-MONOMER,0.0,-4.931580538734828e-06
EAR6M8x_FWD_g.3281.peg.150-MONOMER,0.034559898054854495,-8.726013341888298e-35
EAR7M8x_REV_g.3281.peg.150-MONOMER,0.0,-4.931580538734828e-06
EAR7M8x_FWD_g.3281.peg.150-MONOMER,0.034559898054854495,-4.288679845292786e-35
EAR80x_REV_g.3281.peg.150-MONOMER,0.0,0.03869557672388914
EAR80x_FWD_g.3281.peg.150-MONOMER,0.0,-0.038700439022910677
EAR8M10x_REV_g.3281.peg.150-MONOMER,0.0,-4.931580538734828e-06
EAR8M10x_FWD_g.3281.peg.150-MONOMER,0.034559898054854495,-4.288679845292786e-35
EAR8M9x_REV_g.3281.peg.150-MONOMER,0.0,0.038695994796917293
EAR8M9x_FWD_g.3281.peg.150-MONOMER,0.0,-0.03870092637745603
EAR9M10x_REV_g.3281.peg.150-MONOMER,0.0,-4.931580538734828e-06
EAR9M10x_FWD_g.3281.peg.150-MONOMER,0.034559898054854495,-1.316334683848381e-34
EDA_R_REV_763034.3.peg.910-MONOMER,0.0,-9.509990330997924e-08
EDA_R_FWD_763034.3.peg.910-MONOMER,0.0,1.0180780131011968e-35
EDTXS1_REV_g.3281.peg.1119-MONOMER,0.0,-4.261344008812838e-07
EDTXS1_FWD_g.3281.peg.1119-MONOMER,0.010147182689823979,-6.558084834467798e-35
EDTXS2_REV_CPLX_dummy,0.0,-4.751552665059832e-06
EDTXS2_FWD_CPLX_dummy,0.010147182689823979,-2.9139005839792765e-35
EHGLAT_REV_g.3281.peg.2176-MONOMER,0.0,-7.524409993163905e-07
EHGLAT_FWD_g.3281.peg.2176-MONOMER,0.0,-5.452072985512467e-07
EHGLAT_REV_g.3281.peg.1008-MONOMER,0.0,-3.716715856590746e-07
EHGLAT_FWD_g.3281.peg.1008-MONOMER,0.0,-1.644378848939309e-07
EHGLAT_REV_g.3281.peg.2264-MONOMER,0.0,-2.0723370076514372e-07
EHGLAT_FWD_g.3281.peg.2264-MONOMER,0.0,-2.211980634698484e-35
EHGLAT_REV_g.3281.peg.1795-MONOMER,0.0,-2.044475096484556e-06
EHGLAT_FWD_g.3281.peg.1795-MONOMER,0.0,-1.8372413957194125e-06
ENO_REV_763034.3.peg.578-MONOMER,0.0,-6.9195839795575995e-06
ENO_FWD_763034.3.peg.578-MONOMER,11.581088032591564,5.530649128386283e-37
ETHAAL_REV_g.3281.peg.1827-MONOMER,0.0,-1.7688560948180313e-06
ETHAAL_FWD_g.3281.peg.1827-MONOMER,0.0,-1.3264259540576657e-40
FACOAL140_REV_g.3281.peg.2201-MONOMER,0.0,-4.348324855273062e-06
FACOAL140_FWD_g.3281.peg.2201-MONOMER,0.0,-5.804704638654009e-07
FACOAL140_REV_g.3281.peg.2913-MONOMER,0.0,-4.602176579164461e-06
FACOAL140_FWD_g.3281.peg.2913-MONOMER,0.0,-8.343221877568001e-07
FACOAL140_REV_g.3281.peg.3205-MONOMER,0.0,-4.23206274166758e-06
FACOAL140_FWD_g.3281.peg.3205-MONOMER,0.0,-4.6420835025991825e-07
FACOAL140_REV_g.3281.peg.2379-MONOMER,0.0,-3.767854391407661e-06
FACOAL140_FWD_g.3281.peg.2379-MONOMER,0.060883430409894954,-1.5405829656863466e-35
FACOAL140_REV_g.3281.peg.1139-MONOMER,0.0,-4.121222852090249e-06
FACOAL140_FWD_g.3281.peg.1139-MONOMER,0.0,-3.5336846068258724e-07
FACOAL140_REV_g.3281.peg.171-MONOMER,0.0,-5.1123501631069855e-06
FACOAL140_FWD_g.3281.peg.171-MONOMER,0.0,-1.3444957716993244e-06
FACOAL160_REV_g.3281.peg.2201-MONOMER,0.0,-5.804704638654009e-07
FACOAL160_FWD_g.3281.peg.2201-MONOMER,0.0,-4.348324855273062e-06
FACOAL160_REV_g.3281.peg.2913-MONOMER,0.0,-8.343221877568001e-07
FACOAL160_FWD_g.3281.peg.2913-MONOMER,0.0,-4.602176579164461e-06
FACOAL160_REV_g.3281.peg.3205-MONOMER,0.0,-4.6420835025991825e-07
FACOAL160_FWD_g.3281.peg.3205-MONOMER,0.0,-4.23206274166758e-06
FACOAL160_REV_g.3281.peg.2379-MONOMER,0.0,1.0115882957378724e-34
FACOAL160_FWD_g.3281.peg.2379-MONOMER,0.0,-3.767854391407661e-06
FACOAL160_REV_g.3281.peg.1139-MONOMER,0.0,-3.5336846068258724e-07
FACOAL160_FWD_g.3281.peg.1139-MONOMER,0.0,-4.121222852090249e-06
FACOAL160_REV_g.3281.peg.171-MONOMER,0.0,-1.3444957716993244e-06
FACOAL160_FWD_g.3281.peg.171-MONOMER,0.0,-5.1123501631069855e-06
FACOAL161_REV_g.3281.peg.2201-MONOMER,0.0,-5.804704638654009e-07
FACOAL161_FWD_g.3281.peg.2201-MONOMER,0.0,-4.348324855273062e-06
FACOAL161_REV_g.3281.peg.2913-MONOMER,0.0,-8.343221877568001e-07
FACOAL161_FWD_g.3281.peg.2913-MONOMER,0.0,-4.602176579164461e-06
FACOAL161_REV_g.3281.peg.3205-MONOMER,0.0,-4.6420835025991825e-07
FACOAL161_FWD_g.3281.peg.3205-MONOMER,0.0,-4.23206274166758e-06
FACOAL161_REV_g.3281.peg.2379-MONOMER,0.0,1.0115882957378724e-34
FACOAL161_FWD_g.3281.peg.2379-MONOMER,0.0,-3.767854391407661e-06
FACOAL161_REV_g.3281.peg.1139-MONOMER,0.0,-3.5336846068258724e-07
FACOAL161_FWD_g.3281.peg.1139-MONOMER,0.0,-4.121222852090249e-06
FACOAL161_REV_g.3281.peg.171-MONOMER,0.0,-1.3444957716993244e-06
FACOAL161_FWD_g.3281.peg.171-MONOMER,0.0,-5.1123501631069855e-06
FACOAL180_REV_g.3281.peg.2201-MONOMER,0.0,-4.348324855273062e-06
FACOAL180_FWD_g.3281.peg.2201-MONOMER,0.0,-5.804704638654009e-07
FACOAL180_REV_g.3281.peg.2913-MONOMER,0.0,-4.602176579164461e-06
FACOAL180_FWD_g.3281.peg.2913-MONOMER,0.0,-8.343221877568001e-07
FACOAL180_REV_g.3281.peg.3205-MONOMER,0.0,-4.23206274166758e-06
FACOAL180_FWD_g.3281.peg.3205-MONOMER,0.0,-4.6420835025991825e-07
FACOAL180_REV_g.3281.peg.2379-MONOMER,0.0,-3.767854391407661e-06
FACOAL180_FWD_g.3281.peg.2379-MONOMER,0.017279949027427247,7.907102189266673e-36
FACOAL180_REV_g.3281.peg.1139-MONOMER,0.0,-4.121222852090249e-06
FACOAL180_FWD_g.3281.peg.1139-MONOMER,0.0,-3.5336846068258724e-07
FACOAL180_REV_g.3281.peg.171-MONOMER,0.0,-5.1123501631069855e-06
FACOAL180_FWD_g.3281.peg.171-MONOMER,0.0,-1.3444957716993244e-06
FACOAL181_REV_g.3281.peg.2201-MONOMER,0.0,-5.804704638654009e-07
FACOAL181_FWD_g.3281.peg.2201-MONOMER,0.0,-4.348324855273062e-06
FACOAL181_REV_g.3281.peg.2913-MONOMER,0.0,-8.343221877568001e-07
FACOAL181_FWD_g.3281.peg.2913-MONOMER,0.0,-4.602176579164461e-06
FACOAL181_REV_g.3281.peg.3205-MONOMER,0.0,-4.6420835025991825e-07
FACOAL181_FWD_g.3281.peg.3205-MONOMER,0.0,-4.23206274166758e-06
FACOAL181_REV_g.3281.peg.2379-MONOMER,0.0,6.3858138619979e-35
FACOAL181_FWD_g.3281.peg.2379-MONOMER,0.0,-3.767854391407661e-06
FACOAL181_REV_g.3281.peg.1139-MONOMER,0.0,-3.5336846068258724e-07
FACOAL181_FWD_g.3281.peg.1139-MONOMER,0.0,-4.121222852090249e-06
FACOAL181_REV_g.3281.peg.171-MONOMER,0.0,-1.3444957716993244e-06
FACOAL181_FWD_g.3281.peg.171-MONOMER,0.0,-5.1123501631069855e-06
FACOALAI15_REV_g.3281.peg.2201-MONOMER,0.0,-5.804704638654009e-07
FACOALAI15_FWD_g.3281.peg.2201-MONOMER,0.0,-4.348324855273062e-06
FACOALAI15_REV_g.3281.peg.2913-MONOMER,0.0,-8.343221877568001e-07
FACOALAI15_FWD_g.3281.peg.2913-MONOMER,0.0,-4.602176579164461e-06
FACOALAI15_REV_g.3281.peg.3205-MONOMER,0.0,-4.6420835025991825e-07
FACOALAI15_FWD_g.3281.peg.3205-MONOMER,0.0,-4.23206274166758e-06
FACOALAI15_REV_g.3281.peg.2379-MONOMER,0.0,8.250848409688312e-35
FACOALAI15_FWD_g.3281.peg.2379-MONOMER,0.0,-3.767854391407661e-06
FACOALAI15_REV_g.3281.peg.1139-MONOMER,0.0,-3.5336846068258724e-07
FACOALAI15_FWD_g.3281.peg.1139-MONOMER,0.0,-4.121222852090249e-06
FACOALAI15_REV_g.3281.peg.171-MONOMER,0.0,-1.3444957716993244e-06
FACOALAI15_FWD_g.3281.peg.171-MONOMER,0.0,-5.1123501631069855e-06
FACOALAI17_REV_g.3281.peg.2201-MONOMER,0.0,-5.804704638654009e-07
FACOALAI17_FWD_g.3281.peg.2201-MONOMER,0.0,-4.348324855273062e-06
FACOALAI17_REV_g.3281.peg.2913-MONOMER,0.0,-8.343221877568001e-07
FACOALAI17_FWD_g.3281.peg.2913-MONOMER,0.0,-4.602176579164461e-06
FACOALAI17_REV_g.3281.peg.3205-MONOMER,0.0,-4.6420835025991825e-07
FACOALAI17_FWD_g.3281.peg.3205-MONOMER,0.0,-4.23206274166758e-06
FACOALAI17_REV_g.3281.peg.2379-MONOMER,0.0,2.6557447666170784e-35
FACOALAI17_FWD_g.3281.peg.2379-MONOMER,0.0,-3.767854391407661e-06
FACOALAI17_REV_g.3281.peg.1139-MONOMER,0.0,-3.5336846068258724e-07
FACOALAI17_FWD_g.3281.peg.1139-MONOMER,0.0,-4.121222852090249e-06
FACOALAI17_REV_g.3281.peg.171-MONOMER,0.0,-1.3444957716993244e-06
FACOALAI17_FWD_g.3281.peg.171-MONOMER,0.0,-5.1123501631069855e-06
FACOALI14_REV_g.3281.peg.2201-MONOMER,0.0,-5.804704638654009e-07
FACOALI14_FWD_g.3281.peg.2201-MONOMER,0.0,-4.348324855273062e-06
FACOALI14_REV_g.3281.peg.2913-MONOMER,0.0,-8.343221877568001e-07
FACOALI14_FWD_g.3281.peg.2913-MONOMER,0.0,-4.602176579164461e-06
FACOALI14_REV_g.3281.peg.3205-MONOMER,0.0,-4.6420835025991825e-07
FACOALI14_FWD_g.3281.peg.3205-MONOMER,0.0,-4.23206274166758e-06
FACOALI14_REV_g.3281.peg.2379-MONOMER,0.0,1.0115882957378724e-34
FACOALI14_FWD_g.3281.peg.2379-MONOMER,0.0,-3.767854391407661e-06
FACOALI14_REV_g.3281.peg.1139-MONOMER,0.0,-3.5336846068258724e-07
FACOALI14_FWD_g.3281.peg.1139-MONOMER,0.0,-4.121222852090249e-06
FACOALI14_REV_g.3281.peg.171-MONOMER,0.0,-1.3444957716993244e-06
FACOALI14_FWD_g.3281.peg.171-MONOMER,0.0,-5.1123501631069855e-06
FACOALI15_REV_g.3281.peg.2201-MONOMER,0.0,-5.804704638654009e-07
FACOALI15_FWD_g.3281.peg.2201-MONOMER,0.0,-4.348324855273062e-06
FACOALI15_REV_g.3281.peg.2913-MONOMER,0.0,-8.343221877568001e-07
FACOALI15_FWD_g.3281.peg.2913-MONOMER,0.0,-4.602176579164461e-06
FACOALI15_REV_g.3281.peg.3205-MONOMER,0.0,-4.6420835025991825e-07
FACOALI15_FWD_g.3281.peg.3205-MONOMER,0.0,-4.23206274166758e-06
FACOALI15_REV_g.3281.peg.2379-MONOMER,0.0,2.6557447666170784e-35
FACOALI15_FWD_g.3281.peg.2379-MONOMER,0.0,-3.767854391407661e-06
FACOALI15_REV_g.3281.peg.1139-MONOMER,0.0,-3.5336846068258724e-07
FACOALI15_FWD_g.3281.peg.1139-MONOMER,0.0,-4.121222852090249e-06
FACOALI15_REV_g.3281.peg.171-MONOMER,0.0,-1.3444957716993244e-06
FACOALI15_FWD_g.3281.peg.171-MONOMER,0.0,-5.1123501631069855e-06
FACOALI16_REV_g.3281.peg.2201-MONOMER,0.0,-5.804704638654009e-07
FACOALI16_FWD_g.3281.peg.2201-MONOMER,0.0,-4.348324855273062e-06
FACOALI16_REV_g.3281.peg.2913-MONOMER,0.0,-8.343221877568001e-07
FACOALI16_FWD_g.3281.peg.2913-MONOMER,0.0,-4.602176579164461e-06
FACOALI16_REV_g.3281.peg.3205-MONOMER,0.0,-4.6420835025991825e-07
FACOALI16_FWD_g.3281.peg.3205-MONOMER,0.0,-4.23206274166758e-06
FACOALI16_REV_g.3281.peg.2379-MONOMER,0.0,1.0115882957378724e-34
FACOALI16_FWD_g.3281.peg.2379-MONOMER,0.0,-3.767854391407661e-06
FACOALI16_REV_g.3281.peg.1139-MONOMER,0.0,-3.5336846068258724e-07
FACOALI16_FWD_g.3281.peg.1139-MONOMER,0.0,-4.121222852090249e-06
FACOALI16_REV_g.3281.peg.171-MONOMER,0.0,-1.3444957716993244e-06
FACOALI16_FWD_g.3281.peg.171-MONOMER,0.0,-5.1123501631069855e-06
FACOALI17_REV_g.3281.peg.2201-MONOMER,0.0,-5.804704638654009e-07
FACOALI17_FWD_g.3281.peg.2201-MONOMER,0.0,-4.348324855273062e-06
FACOALI17_REV_g.3281.peg.2913-MONOMER,0.0,-8.343221877568001e-07
FACOALI17_FWD_g.3281.peg.2913-MONOMER,0.0,-4.602176579164461e-06
FACOALI17_REV_g.3281.peg.3205-MONOMER,0.0,-4.6420835025991825e-07
FACOALI17_FWD_g.3281.peg.3205-MONOMER,0.0,-4.23206274166758e-06
FACOALI17_REV_g.3281.peg.2379-MONOMER,0.0,-4.804393424144566e-35
FACOALI17_FWD_g.3281.peg.2379-MONOMER,0.0,-3.767854391407661e-06
FACOALI17_REV_g.3281.peg.1139-MONOMER,0.0,-3.5336846068258724e-07
FACOALI17_FWD_g.3281.peg.1139-MONOMER,0.0,-4.121222852090249e-06
FACOALI17_REV_g.3281.peg.171-MONOMER,0.0,-1.3444957716993244e-06
FACOALI17_FWD_g.3281.peg.171-MONOMER,0.0,-5.1123501631069855e-06
FAS140ACPrev_REV_CPLX_dummy,0.0,-6.048542718493678e-06
FAS140ACPrev_FWD_CPLX_dummy,0.05073614216066754,-6.162384420670323e-35
FBA_REV_763034.3.peg.2800-MONOMER,0.0,-1.3668231991779945e-05
FBA_FWD_763034.3.peg.2800-MONOMER,0.0,-4.908484549794351e-06
FBA_REV_763034.3.peg.9-MONOMER,0.0,-8.759747441985594e-06
FBA_FWD_763034.3.peg.9-MONOMER,2.8972736257401666,5.363296305545383e-37
FBA2_REV_g.3281.peg.3551-MONOMER,0.0,2.909084181386673e-36
FBA2_FWD_g.3281.peg.3551-MONOMER,0.0,-8.759747441985594e-06
FBA3_REV_g.3281.peg.1909-MONOMER,0.0,-8.478973653551595e-06
FBA3_FWD_g.3281.peg.1909-MONOMER,0.058790267932568634,1.2889994952127793e-35
FBA3_REV_g.3281.peg.3551-MONOMER,0.0,-8.619360547768594e-06
FBA3_FWD_g.3281.peg.3551-MONOMER,0.0,-1.403868942169987e-07
FBA4_REV_CPLX_dummy,0.0,-3.4675965446396647e-06
FBA4_FWD_CPLX_dummy,0.0,3.548609354348797e-36
FBP_REV_763034.3.peg.2806-MONOMER,0.0,0.019979415426823813
FBP_FWD_763034.3.peg.2806-MONOMER,0.0,-0.019985531646758037
FCI_REV_g.3281.peg.3339-MONOMER_mod_mn2(1),0.0,0.0
FCI_FWD_g.3281.peg.3339-MONOMER_mod_mn2(1),0.0,-8.07245584008248e-06
FCLK_REV_g.3281.peg.3243-MONOMER,0.0,-7.241475875103988e-06
FCLK_FWD_g.3281.peg.3243-MONOMER,0.0,1.683429767081582e-35
FE2DH_REV_g.3281.peg.3338-MONOMER,0.0,-1.6980611712900603e-06
FE2DH_FWD_g.3281.peg.3338-MONOMER,0.0,-5.1424398393722856e-36
FE2abc_REV_g.3281.peg.1974-MONOMER,0.0,-8.234808041026472e-06
FE2abc_FWD_g.3281.peg.1974-MONOMER,2.61890760460201e-07,-1.8646444075183835e-35
FE3abc_REV_CPLX_dummy,0.0,0.004358198458689302
FE3abc_FWD_CPLX_dummy,0.0,-0.004361666055233941
FERO_REV_g.3281.peg.3338-MONOMER,0.0,0.054935771002901694
FERO_FWD_g.3281.peg.3338-MONOMER,0.0,-0.054937469064072986
FGLU_REV_g.3281.peg.900-MONOMER,0.0,-3.772151127446249e-06
FGLU_FWD_g.3281.peg.900-MONOMER,0.0,-2.039252572518689e-35
FLVRx_REV_g.3281.peg.688-MONOMER,0.0,-9.040390326160368e-06
FLVRx_FWD_g.3281.peg.688-MONOMER,8.644672053294172e-27,-5.691263993086662e-36
FMNAT_REV_763034.3.peg.309-MONOMER,0.0,-4.3808056969439386e-06
FMNAT_FWD_763034.3.peg.309-MONOMER,0.0012564027973452022,8.140982394748061e-35
FOLD3_REV_g.3281.peg.2660-MONOMER,0.0,-3.923088084267266e-06
FOLD3_FWD_g.3281.peg.2660-MONOMER,0.0,-1.5304779411478527e-35
FOLabc_REV_CPLX_dummy,0.0,-3.4675965446396647e-06
FOLabc_FWD_CPLX_dummy,0.0037688318578673326,2.1376843410464373e-35
FOMETR_REV_g.3281.peg.2583-MONOMER,0.0,-6.02562872621212e-06
FOMETR_FWD_g.3281.peg.2583-MONOMER,0.0,5.765132566119432e-36
FORTHFC_REV_g.3281.peg.18-MONOMER,0.0,-7.500823894439011e-06
FORTHFC_FWD_g.3281.peg.18-MONOMER,-1.2916875443313005e-35,-1.225081439882024e-36
FORt2r_REV_CPLX_dummy,6.280639472816363,4.560891178615504e-37
FORt2r_FWD_CPLX_dummy,0.0,-3.4675965446396647e-06
FPGS_REV_763034.3.peg.899-MONOMER,0.0,-6.984689326096299e-06
FPGS_FWD_763034.3.peg.899-MONOMER,0.0,-1.224392247222722e-34
FPGS7_REV_g.3281.peg.3056-MONOMER,0.0,-1.0874960919878859e-05
FPGS7_FWD_g.3281.peg.3056-MONOMER,0.012582275659445715,1.5624145144337293e-33
FPGS_tm_REV_g.3281.peg.3056-MONOMER,0.0,-1.0874960919878859e-05
FPGS_tm_FWD_g.3281.peg.3056-MONOMER,0.0,-8.939070244161334e-36
FRD2_REV_CPLX_FRD2-0,0.0,-6.023031686923056e-06
FRD2_FWD_CPLX_FRD2-0,0.0,4.102170618384989e-36
FRD3_REV_CPLX_FRD2-0,0.0,-6.023031686923056e-06
FRD3_FWD_CPLX_FRD2-0,0.0,4.102170618384989e-36
FRD7_REV_CPLX_dummy,0.0,-3.4675965446396647e-06
FRD7_FWD_CPLX_dummy,6.415485431973643,7.221150082979714e-37
FRTT_REV_g.3281.peg.224-MONOMER,0.0,-4.897469429707374e-06
FRTT_FWD_g.3281.peg.224-MONOMER,0.0,-6.973293270065962e-35
FRTT_REV_g.3281.peg.3080-MONOMER_mod_mg2(1),0.0,-7.48958159702714e-06
FRTT_FWD_g.3281.peg.3080-MONOMER_mod_mg2(1),0.0,-2.592112167319765e-06
FRUK_REV_g.3281.peg.3276-MONOMER_mod_mg2(1),0.0,-2.8303150528913495e-06
FRUK_FWD_g.3281.peg.3276-MONOMER_mod_mg2(1),0.0,1.8620610147345707e-36
FT_REV_g.3281.peg.2656-MONOMER_mod_mg2(1),0.0,-4.499952459786586e-06
FT_FWD_g.3281.peg.2656-MONOMER_mod_mg2(1),0.0,9.692376578388113e-35
FTHFCL_REV_g.3281.peg.368-MONOMER,0.0,0.019979642458075212
FTHFCL_FWD_g.3281.peg.368-MONOMER,0.0,-0.019979250422653347
FTHFD_REV_g.3281.peg.3653-MONOMER,0.0,0.011884776824444582
FTHFD_FWD_g.3281.peg.3653-MONOMER,0.0,-0.01188474236808872
FTHFL_REV_g.3281.peg.1500-MONOMER,0.0,0.008093278987837743
FTHFL_FWD_g.3281.peg.1500-MONOMER,0.0,-0.008102120329083728
FUM_REV_763034.3.peg.1327-MONOMER_mod_4fe4s(1),6.165757528729738,7.649464867002409e-36
FUM_FWD_763034.3.peg.1327-MONOMER_mod_4fe4s(1),0.0,-7.760009724471418e-06
G15LACH_REV_763034.3.peg.1530-MONOMER,1000.0,5.363169736003697e-37
G15LACH_FWD_763034.3.peg.1530-MONOMER,1000.0,1.3410305103871566e-06
G15LACH_REV_763034.3.peg.1531-MONOMER,0.0,-3.063978748875383e-06
G15LACH_FWD_763034.3.peg.1531-MONOMER,0.0,-1.722948238488226e-06
G15LACH_REV_763034.3.peg.557-MONOMER,0.0,-4.7844067635077416e-06
G15LACH_FWD_763034.3.peg.557-MONOMER,0.0,-3.4433762531205845e-06
G16BPS_REV_g.3281.peg.2004-MONOMER,0.0,-3.597791169265223e-07
G16BPS_FWD_g.3281.peg.2004-MONOMER,0.0,-7.399521961943218e-06
G16BPS_REV_g.3281.peg.595-MONOMER,0.0,-1.1072680633217852e-35
G16BPS_FWD_g.3281.peg.595-MONOMER,0.0,-7.039742845016696e-06
G1PACT_REV_CPLX_dummy,0.0,-3.4675965446396647e-06
G1PACT_FWD_CPLX_dummy,0.020294365379647957,4.425986764424203e-35
G1PTT_REV_g.3281.peg.618-MONOMER,0.0,-2.5901263209539744e-06
G1PTT_FWD_g.3281.peg.618-MONOMER,0.010147182689823979,9.028245305353376e-36
G3PAT140_REV_CPLX_dummy,0.0,-4.751552665059832e-06
G3PAT140_FWD_CPLX_dummy,0.0,-2.9139005839792765e-35
G3PAT180_REV_CPLX_dummy,0.0,-4.751544176888941e-06
G3PAT180_FWD_CPLX_dummy,0.017279949027427247,-7.619017122545825e-35
G3PATAI17_REV_CPLX_dummy,0.0,-3.4675965446396647e-06
G3PATAI17_FWD_CPLX_dummy,0.017279949027427247,4.5036151748946107e-35
G3PATI17_REV_CPLX_dummy,0.0,-3.4675965446396647e-06
G3PATI17_FWD_CPLX_dummy,0.017279949027427247,2.8155354456409764e-35
G3PD1_REV_g.3281.peg.1548-MONOMER,0.0,-3.4556724129912103e-06
G3PD1_FWD_g.3281.peg.1548-MONOMER,0.208333935983619,1.0598310362344838e-34
G3PD2_REV_g.3281.peg.1548-MONOMER,0.0,-3.4556724129912103e-06
G3PD2_FWD_g.3281.peg.1548-MONOMER,2.4133885833929587,1.4222655730710003e-34
G5SADs_REV_CPLX_dummy,0.0,-3.4675965446396647e-06
G5SADs_FWD_CPLX_dummy,0.07217231155408697,-5.0882034051357166e-36
G5SDr_REV_763034.3.peg.3052-MONOMER,0.0,-1.4513664681633052e-05
G5SDr_FWD_763034.3.peg.3052-MONOMER,0.07217231155408697,-3.4952512086135535e-35
G6PBDH_REV_763034.3.peg.2814-MONOMER,0.0,2.8913081522287498e-36
G6PBDH_FWD_763034.3.peg.2814-MONOMER,0.0,-6.088751889923106e-06
G6PDA_REV_g.3281.peg.3575-MONOMER,0.0,-5.997199873945e-06
G6PDA_FWD_g.3281.peg.3575-MONOMER,0.0,-1.6851878466323748e-06
G6PDA_REV_g.3281.peg.679-MONOMER,0.0,-5.952589624457617e-06
G6PDA_FWD_g.3281.peg.679-MONOMER,0.0,-1.6405775971449923e-06
G6PDA_REV_g.3281.peg.687-MONOMER,0.0,-6.723321929919662e-06
G6PDA_FWD_g.3281.peg.687-MONOMER,0.0,-2.411309902607037e-06
G6PDH2r_REV_763034.3.peg.2814-MONOMER,0.0,-2.954915941573279e-35
G6PDH2r_FWD_763034.3.peg.2814-MONOMER,0.0,-6.088751889923106e-06
G6PI_REV_g.3281.peg.1586-MONOMER,0.0,-3.6730339256341155e-06
G6PI_FWD_g.3281.peg.1586-MONOMER,0.0,-3.6730339256341155e-06
G6PI3_REV_g.3281.peg.1586-MONOMER,0.0,-7.346067851268231e-06
G6PI3_FWD_g.3281.peg.1586-MONOMER,0.14898578,2.055922468612366e-35
GACPCD_REV_763034.3.peg.3330-MONOMER,0.0,-8.152425349147425e-06
GACPCD_FWD_763034.3.peg.3330-MONOMER,0.0,1.945423488019733e-36
GALCTD_REV_g.3281.peg.930-MONOMER_mod_nad(1),0.0,-2.887089476795037e-06
GALCTD_FWD_g.3281.peg.930-MONOMER_mod_nad(1),0.0,-3.71115149682082e-40
GALK_REV_g.3281.peg.3276-MONOMER_mod_mg2(1),0.0,-2.8303150528913495e-06
GALK_FWD_g.3281.peg.3276-MONOMER_mod_mg2(1),0.07919483000000001,-9.720326101974317e-36
GALM1r_REV_g.3281.peg.3503-MONOMER,0.0,-1.8310987985476835e-06
GALM1r_FWD_g.3281.peg.3503-MONOMER,0.0,-1.8310987985476835e-06
GALM1r_REV_g.3281.peg.3226-MONOMER,0.0,-4.670961365812335e-06
GALM1r_FWD_g.3281.peg.3226-MONOMER,0.0,-4.670961365812335e-06
GALS3_REV_g.3281.peg.759-MONOMER,0.0,-5.62343285885094e-06
GALS3_FWD_g.3281.peg.759-MONOMER,0.0,-3.0813910913686917e-35
GALS3_REV_g.3281.peg.2477-MONOMER,0.0,-5.660832921549618e-06
GALS3_FWD_g.3281.peg.2477-MONOMER,0.0,-3.7400062698677996e-08
GALT1_REV_CPLX_dummy,0.0,-3.4675965446396647e-06
GALT1_FWD_CPLX_dummy,0.010147182689823979,-6.576625117933908e-35
GALTpts_REV_g.3281.peg.837-MONOMER,0.0,-2.1674515171651157e-06
GALTpts_FWD_g.3281.peg.837-MONOMER,0.0,-4.323477934374272e-36
GALU_REV_CPLX_dummy,0.0,-3.4675965446396647e-06
GALU_FWD_CPLX_dummy,0.040588730759295914,6.40553580093878e-36
GALURt2r_REV_g.3281.peg.458-MONOMER,0.0,-9.421850629914703e-07
GALURt2r_FWD_g.3281.peg.458-MONOMER,0.0,-5.423177099896304e-37
GAPD_REV_763034.3.peg.1609-MONOMER,0.0,-8.685582854354078e-06
GAPD_FWD_763034.3.peg.1609-MONOMER,11.581088032591564,3.757575814415426e-35
GARFTi_REV_763034.3.peg.2856-MONOMER,0.0,-3.037578757457845e-06
GARFTi_FWD_763034.3.peg.2856-MONOMER,1.2599258172650926e-23,-5.004961100720417e-36
GARFTi_REV_763034.3.peg.446-MONOMER,0.0,-3.2454478988297926e-06
GARFTi_FWD_763034.3.peg.446-MONOMER,0.0,-2.0786914137194792e-07
GART_REV_g.3281.peg.3264-MONOMER_mod_mg2(1),0.0,0.008092441193878952
GART_FWD_g.3281.peg.3264-MONOMER_mod_mg2(1),0.0,-0.00809992054428506
GCALDL_REV_g.3281.peg.2846-MONOMER,0.0,-6.807291536364008e-06
GCALDL_FWD_g.3281.peg.2846-MONOMER,0.0,5.9981798133382744e-36
GCALDt_REV_CPLX_dummy,0.0,-3.4675965446396647e-06
GCALDt_FWD_CPLX_dummy,0.0,1.7968949986920626e-36
GCCa_REV_g.3281.peg.2631-MONOMER,0.0,-1.0799150935133128e-05
GCCa_FWD_g.3281.peg.2631-MONOMER,0.0,-2.616482935845494e-35
GCCb_REV_g.3281.peg.2583-MONOMER,0.0,-6.02562872621212e-06
GCCb_FWD_g.3281.peg.2583-MONOMER,0.0,-1.6745793069316193e-36
GCCb_REV_CPLX_GCCb-0,0.0,-6.453599437985135e-06
GCCb_FWD_CPLX_GCCb-0,0.0,-4.279707117730155e-07
GCCc_REV_g.3281.peg.1386-MONOMER,0.0,2.0851753394528085e-06
GCCc_FWD_g.3281.peg.1386-MONOMER,0.0,-8.713975595680321e-06
GCCc_REV_CPLX_GCCc-0,0.0,-1.8212503697304204e-07
GCCc_FWD_CPLX_GCCc-0,0.0,-1.0981275972106172e-05
GCCc_REV_g.3281.peg.1885-MONOMER,0.0,1.6653079217882722e-06
GCCc_FWD_g.3281.peg.1885-MONOMER,0.0,-9.133843013344857e-06
GF6PTA_REV_763034.3.peg.3446-MONOMER,0.0,-8.48721489660275e-06
GF6PTA_FWD_763034.3.peg.3446-MONOMER,0.020294365379647957,-1.1558007009506778e-34
GFUCS_REV_g.3281.peg.2594-MONOMER,0.0,-1.3864108008295273e-06
GFUCS_FWD_g.3281.peg.2594-MONOMER,0.0,-4.670683937707216e-35
GGGABADr_REV_g.3281.peg.2052-MONOMER,0.0,-2.8671545086492135e-06
GGGABADr_FWD_g.3281.peg.2052-MONOMER,0.0,2.810208383526295e-35
GGGABARr_REV_g.3281.peg.2052-MONOMER,0.0,-2.8671545086492135e-06
GGGABARr_FWD_g.3281.peg.2052-MONOMER,0.0,1.4796109822778516e-35
GGTT_REV_g.3281.peg.224-MONOMER,0.0,-4.897469429707374e-06
GGTT_FWD_g.3281.peg.224-MONOMER,0.0,7.706449595137521e-35
GGTT_REV_g.3281.peg.3080-MONOMER_mod_mg2(1),0.0,-7.48958159702714e-06
GGTT_FWD_g.3281.peg.3080-MONOMER_mod_mg2(1),0.0,-2.592112167319765e-06
GHMT2r_REV_763034.3.peg.2406-MONOMER,0.0,-1.0792296076053654e-05
GHMT2r_FWD_763034.3.peg.2406-MONOMER,0.021773018700051012,-1.612297717997775e-35
GK1_REV_g.3281.peg.457-MONOMER_mod_mg2(1),0.0,-2.7735514520095567e-06
GK1_FWD_g.3281.peg.457-MONOMER_mod_mg2(1),0.043412956632085595,-2.0411000062321493e-36
GK2_REV_g.3281.peg.457-MONOMER_mod_mg2(1),0.0,-2.7735514520095567e-06
GK2_FWD_g.3281.peg.457-MONOMER_mod_mg2(1),0.0,-2.0411000062321493e-36
GLCP_REV_g.3281.peg.3107-MONOMER_mod_pydx5p(1),0.0,-5.8880200025183585e-06
GLCP_FWD_g.3281.peg.3107-MONOMER_mod_pydx5p(1),0.0,2.170413658168238e-36
GLCTR1_REV_CPLX_dummy,0.0,-3.4675965446396647e-06
GLCTR1_FWD_CPLX_dummy,0.010147182689823979,1.297336975932081e-34
GLCTR2_REV_CPLX_dummy,0.0,-3.4675965446396647e-06
GLCTR2_FWD_CPLX_dummy,0.010147182689823979,1.9490034718405718e-34
GLCTR3_REV_CPLX_dummy,0.0,-3.4675965446396647e-06
GLCTR3_FWD_CPLX_dummy,0.010147182689823979,-3.264328495427353e-34
GLCURt2r_REV_g.3281.peg.458-MONOMER,0.0,-9.421850629914703e-07
GLCURt2r_FWD_g.3281.peg.458-MONOMER,0.0,2.0557329802063066e-36
GLNS_REV_763034.3.peg.1550-MONOMER,0.0,0.019987024215987647
GLNS_FWD_763034.3.peg.1550-MONOMER,0.0,-0.01999069352039104
GLNS_REV_763034.3.peg.1217-MONOMER_mod_mn2(1),0.0,0.019982077844839578
GLNS_FWD_763034.3.peg.1217-MONOMER_mod_mn2(1),0.0,-0.01999563989153911
GLNSP1_REV_g.3281.peg.387-MONOMER,0.0,-1.734847272653063e-06
GLNSP1_FWD_g.3281.peg.387-MONOMER,0.0,3.2678305768771284e-36
GLNSP2_REV_g.3281.peg.387-MONOMER,0.0,-1.734847272653063e-06
GLNSP2_FWD_g.3281.peg.387-MONOMER,0.0,-7.788698452437854e-36
GLNSP3_REV_g.3281.peg.387-MONOMER,0.0,-1.734847272653063e-06
GLNSP3_FWD_g.3281.peg.387-MONOMER,0.0,-2.547914489934183e-35
GLNt2r_REV_CPLX_dummy,0.0,-3.4675965446396647e-06
GLNt2r_FWD_CPLX_dummy,0.18,6.312843032054855e-36
GLU5K_REV_763034.3.peg.3053-MONOMER_mod_mg2(1),0.0,-1.1249144902828973e-05
GLU5K_FWD_763034.3.peg.3053-MONOMER_mod_mg2(1),0.07217231155408697,1.9900625675071847e-35
GLUDC_REV_g.3281.peg.2137-MONOMER_mod_pydx5p(1),0.0,-7.88041248345759e-07
GLUDC_FWD_g.3281.peg.2137-MONOMER_mod_pydx5p(1),0.0,-1.3423653836829301e-35
GLUDxi_REV_763034.3.peg.1166-MONOMER,0.0,3.1777576468706903e-06
GLUDxi_FWD_763034.3.peg.1166-MONOMER,0.0,-5.272557038848354e-06
GLUDxi_REV_763034.3.peg.1185-MONOMER,0.0,-7.021962441430787e-35
GLUDxi_FWD_763034.3.peg.1185-MONOMER,0.0,-8.450314685719044e-06
GLUDy_REV_763034.3.peg.1185-MONOMER,1.4507667840755523,-7.001663196010007e-35
GLUDy_FWD_763034.3.peg.1185-MONOMER,0.0,-8.450314685719044e-06
GLUFORT_REV_g.3281.peg.375-MONOMER,-9.236592096082633e-36,-6.936257573663536e-35
GLUFORT_FWD_g.3281.peg.375-MONOMER,0.0,-7.509323880984301e-06
GLUFORT_REV_g.3281.peg.246-MONOMER_mod_mg2(1)_mod_k(1),0.0,-3.8008698513494805e-07
GLUFORT_FWD_g.3281.peg.246-MONOMER_mod_mg2(1)_mod_k(1),0.0,-7.889410866119249e-06
GLUN_REV_763034.3.peg.3392-MONOMER,0.0,-1.2799226923915376e-05
GLUN_FWD_763034.3.peg.3392-MONOMER,0.026536058219163175,-9.711048868307565e-35
GLUPRT_REV_763034.3.peg.3-MONOMER,0.0,-1.1641525038763517e-06
GLUPRT_FWD_763034.3.peg.3-MONOMER,0.0,-2.1138295220729666e-35
GLUPRT_REV_763034.3.peg.3336-MONOMER,0.0,-3.324679005777828e-06
GLUPRT_FWD_763034.3.peg.3336-MONOMER,0.0,-2.160526501901476e-06
GLUR_REV_763034.3.peg.3055-MONOMER,0.0,-1.0695560355483579e-06
GLUR_FWD_763034.3.peg.3055-MONOMER,0.0,-6.079616011189989e-35
GLUTRS_REV_g.3281.peg.909-MONOMER_mod_mg2(1)_mod_zn2(1),0.0,-5.783433933912686e-06
GLUTRS_FWD_g.3281.peg.909-MONOMER_mod_mg2(1)_mod_zn2(1),0.0,1.101989352235537e-36
GLYASN1c_REV_g.3281.peg.668-MONOMER,0.0,-3.651107532885986e-07
GLYASN1c_FWD_g.3281.peg.668-MONOMER,0.0,-5.1498321399818425e-06
GLYASN1c_REV_g.3281.peg.3382-MONOMER,0.0,-3.8175235680227674e-07
GLYASN1c_FWD_g.3281.peg.3382-MONOMER,0.0,-5.166473743495521e-06
GLYASN1c_REV_g.3281.peg.2520-MONOMER_mod_fe2(2),0.0,-8.6701587342557e-37
GLYASN1c_FWD_g.3281.peg.2520-MONOMER_mod_fe2(2),0.0,-4.7847213866932435e-06
GLYASN1c_REV_g.3281.peg.199-MONOMER,0.0,-3.992553187847736e-06
GLYASN1c_FWD_g.3281.peg.199-MONOMER,0.0,-8.77727457454098e-06
GLYASP1c_REV_g.3281.peg.668-MONOMER,0.0,-3.651107532885986e-07
GLYASP1c_FWD_g.3281.peg.668-MONOMER,0.0,-5.1498321399818425e-06
GLYASP1c_REV_g.3281.peg.3382-MONOMER,0.0,-3.8175235680227674e-07
GLYASP1c_FWD_g.3281.peg.3382-MONOMER,0.0,-5.166473743495521e-06
GLYASP1c_REV_g.3281.peg.2520-MONOMER_mod_fe2(2),0.0,3.428040161340672e-36
GLYASP1c_FWD_g.3281.peg.2520-MONOMER_mod_fe2(2),0.0,-4.7847213866932435e-06
GLYASP1c_REV_g.3281.peg.199-MONOMER,0.0,-3.992553187847736e-06
GLYASP1c_FWD_g.3281.peg.199-MONOMER,0.0,-8.77727457454098e-06
GLYAT_REV_763034.3.peg.885-MONOMER,0.11996614545253519,2.6101632464659507e-35
GLYAT_FWD_763034.3.peg.885-MONOMER,0.0,-4.892720943573909e-06
GLYBt2r_REV_g.3281.peg.2778-MONOMER,0.0,3.618748688888652e-37
GLYBt2r_FWD_g.3281.peg.2778-MONOMER,0.0,-3.52588640414135e-07
GLYCK2_REV_g.3281.peg.260-MONOMER,0.0,-7.176738638857637e-06
GLYCK2_FWD_g.3281.peg.260-MONOMER,0.0,-2.2107081087700466e-35
GLYCL_REV_g.3281.peg.2583-MONOMER,0.0,-6.02562872621212e-06
GLYCL_FWD_g.3281.peg.2583-MONOMER,0.02653137229088935,2.1420882863077208e-34
GLYCLTDx_REV_g.3281.peg.2098-MONOMER,0.0,-1.2196821950705073e-05
GLYCLTDx_FWD_g.3281.peg.2098-MONOMER,0.0,-2.364888965837525e-35
GLYCLTt2r_REV_CPLX_dummy,0.0,-5.16751167525408e-38
GLYCLTt2r_FWD_CPLX_dummy,0.0,-3.4675965446396647e-06
GLYCt_REV_CPLX_dummy,2.69948229,-1.900245232197144e-36
GLYCt_FWD_CPLX_dummy,0.0,-3.4675965446396647e-06
GLYD_REV_g.3281.peg.2098-MONOMER,0.0,-2.364888965837525e-35
GLYD_FWD_g.3281.peg.2098-MONOMER,0.0,-1.2196821950705073e-05
GLYGLN1c_REV_g.3281.peg.668-MONOMER,0.0,-5.1498321399818425e-06
GLYGLN1c_FWD_g.3281.peg.668-MONOMER,0.0,-3.651107532885986e-07
GLYGLN1c_REV_g.3281.peg.3382-MONOMER,0.0,-5.166473743495521e-06
GLYGLN1c_FWD_g.3281.peg.3382-MONOMER,0.0,-3.8175235680227674e-07
GLYGLN1c_REV_g.3281.peg.2520-MONOMER_mod_fe2(2),0.0,-4.7847213866932435e-06
GLYGLN1c_FWD_g.3281.peg.2520-MONOMER_mod_fe2(2),0.0,2.212284839535334e-35
GLYGLN1c_REV_g.3281.peg.199-MONOMER,0.0,-8.77727457454098e-06
GLYGLN1c_FWD_g.3281.peg.199-MONOMER,0.0,-3.992553187847736e-06
GLYGLU1c_REV_g.3281.peg.668-MONOMER,0.0,-3.651107532885986e-07
GLYGLU1c_FWD_g.3281.peg.668-MONOMER,0.0,-5.1498321399818425e-06
GLYGLU1c_REV_g.3281.peg.3382-MONOMER,0.0,-3.8175235680227674e-07
GLYGLU1c_FWD_g.3281.peg.3382-MONOMER,0.0,-5.166473743495521e-06
GLYGLU1c_REV_g.3281.peg.2520-MONOMER_mod_fe2(2),0.0,-8.548718555666593e-36
GLYGLU1c_FWD_g.3281.peg.2520-MONOMER_mod_fe2(2),0.0,-4.7847213866932435e-06
GLYGLU1c_REV_g.3281.peg.199-MONOMER,0.0,-3.992553187847736e-06
GLYGLU1c_FWD_g.3281.peg.199-MONOMER,0.0,-8.77727457454098e-06
GLYK_REV_CPLX_dummy,0.0,-3.4675965446396647e-06
GLYK_FWD_CPLX_dummy,2.7124422517705704,5.147605347680408e-36
GLYLEUHYDROc_REV_g.3281.peg.668-MONOMER,0.0,-3.651107532885986e-07
GLYLEUHYDROc_FWD_g.3281.peg.668-MONOMER,0.0,-5.1498321399818425e-06
GLYLEUHYDROc_REV_g.3281.peg.3382-MONOMER,0.0,-3.8175235680227674e-07
GLYLEUHYDROc_FWD_g.3281.peg.3382-MONOMER,0.0,-5.166473743495521e-06
GLYLEUHYDROc_REV_g.3281.peg.2520-MONOMER_mod_fe2(2),0.0,-1.0226131852056597e-36
GLYLEUHYDROc_FWD_g.3281.peg.2520-MONOMER_mod_fe2(2),0.0,-4.7847213866932435e-06
GLYLEUHYDROc_REV_g.3281.peg.199-MONOMER,0.0,-3.992553187847736e-06
GLYLEUHYDROc_FWD_g.3281.peg.199-MONOMER,0.0,-8.77727457454098e-06
GLYMET1c_REV_g.3281.peg.668-MONOMER,0.0,-5.1498321399818425e-06
GLYMET1c_FWD_g.3281.peg.668-MONOMER,0.0,-3.651107532885986e-07
GLYMET1c_REV_g.3281.peg.3382-MONOMER,0.0,-5.166473743495521e-06
GLYMET1c_FWD_g.3281.peg.3382-MONOMER,0.0,-3.8175235680227674e-07
GLYMET1c_REV_g.3281.peg.2520-MONOMER_mod_fe2(2),0.0,-4.7847213866932435e-06
GLYMET1c_FWD_g.3281.peg.2520-MONOMER_mod_fe2(2),0.0,1.1051578534838507e-36
GLYMET1c_REV_g.3281.peg.199-MONOMER,0.0,-8.77727457454098e-06
GLYMET1c_FWD_g.3281.peg.199-MONOMER,0.0,-3.992553187847736e-06
GLYPHEHYc_REV_g.3281.peg.668-MONOMER,0.0,-3.651107532885986e-07
GLYPHEHYc_FWD_g.3281.peg.668-MONOMER,0.0,-5.1498321399818425e-06
GLYPHEHYc_REV_g.3281.peg.3382-MONOMER,0.0,-3.8175235680227674e-07
GLYPHEHYc_FWD_g.3281.peg.3382-MONOMER,0.0,-5.166473743495521e-06
GLYPHEHYc_REV_g.3281.peg.2520-MONOMER_mod_fe2(2),0.0,-1.716263772752575e-36
GLYPHEHYc_FWD_g.3281.peg.2520-MONOMER_mod_fe2(2),0.0,-4.7847213866932435e-06
GLYPHEHYc_REV_g.3281.peg.199-MONOMER,0.0,-3.992553187847736e-06
GLYPHEHYc_FWD_g.3281.peg.199-MONOMER,0.0,-8.77727457454098e-06
GLYPROPRO1c_REV_g.3281.peg.668-MONOMER,0.0,-3.651107532885986e-07
GLYPROPRO1c_FWD_g.3281.peg.668-MONOMER,0.0,-5.1498321399818425e-06
GLYPROPRO1c_REV_g.3281.peg.3382-MONOMER,0.0,-3.8175235680227674e-07
GLYPROPRO1c_FWD_g.3281.peg.3382-MONOMER,0.0,-5.166473743495521e-06
GLYPROPRO1c_REV_g.3281.peg.2520-MONOMER_mod_fe2(2),4.0779990290722836e-27,1.8623685569219772e-36
GLYPROPRO1c_FWD_g.3281.peg.2520-MONOMER_mod_fe2(2),0.0,-4.7847213866932435e-06
GLYPROPRO1c_REV_g.3281.peg.199-MONOMER,0.0,-3.992553187847736e-06
GLYPROPRO1c_FWD_g.3281.peg.199-MONOMER,0.0,-8.77727457454098e-06
GLYTYR1c_REV_g.3281.peg.668-MONOMER,0.0,-3.651107532885986e-07
GLYTYR1c_FWD_g.3281.peg.668-MONOMER,0.0,-5.1498321399818425e-06
GLYTYR1c_REV_g.3281.peg.3382-MONOMER,0.0,-3.8175235680227674e-07
GLYTYR1c_FWD_g.3281.peg.3382-MONOMER,0.0,-5.166473743495521e-06
GLYTYR1c_REV_g.3281.peg.2520-MONOMER_mod_fe2(2),0.0,-1.657655503840908e-36
GLYTYR1c_FWD_g.3281.peg.2520-MONOMER_mod_fe2(2),0.0,-4.7847213866932435e-06
GLYTYR1c_REV_g.3281.peg.199-MONOMER,0.0,-3.992553187847736e-06
GLYTYR1c_FWD_g.3281.peg.199-MONOMER,0.0,-8.77727457454098e-06
GMAND_REV_g.3281.peg.1956-MONOMER,0.0,4.062135188440094e-07
GMAND_FWD_g.3281.peg.1956-MONOMER,0.0,-1.3681063744925293e-07
GMAND_REV_g.3281.peg.1720-MONOMER_mod_nadp(1),0.0,5.430241562932623e-07
GMAND_FWD_g.3281.peg.1720-MONOMER_mod_nadp(1),0.0,4.1217058681774445e-35
GMAND_REV_g.3281.peg.1091-MONOMER,0.0,4.768774089767944e-07
GMAND_FWD_g.3281.peg.1091-MONOMER,0.0,-6.614674731646792e-08
GMAND_REV_g.3281.peg.2849-MONOMER,0.0,1.5443968465191155e-08
GMAND_FWD_g.3281.peg.2849-MONOMER,0.0,-5.275801878280711e-07
GMHEPAT_REV_CPLX_dummy,0.0,-3.4675965446396647e-06
GMHEPAT_FWD_CPLX_dummy,0.040588730759295914,-6.932398052964048e-37
GMHEPK_REV_CPLX_dummy,0.0,-3.4675965446396647e-06
GMHEPK_FWD_CPLX_dummy,0.040588730759295914,-6.698502667825709e-36
GMHEPPA_REV_CPLX_dummy,0.0,-3.4675965446396647e-06
GMHEPPA_FWD_CPLX_dummy,0.040588730759295914,-1.6045879837593186e-35
GMPS2_REV_763034.3.peg.1606-MONOMER_mod_mg2(1),0.0,0.01995991149672666
GMPS2_FWD_763034.3.peg.1606-MONOMER_mod_mg2(1),0.0,-0.019969150695521017
GMPS2_REV_763034.3.peg.1605-MONOMER,0.0,0.019962444603308163
GMPS2_FWD_763034.3.peg.1605-MONOMER,0.0,-0.019966617588939514
GND_REV_763034.3.peg.2813-MONOMER,0.0,0.01540291102510219
GND_FWD_763034.3.peg.2813-MONOMER,0.0,-0.015410080851952213
GND2_REV_g.3281.peg.2409-MONOMER,0.0,0.015405519134458352
GND2_FWD_g.3281.peg.2409-MONOMER,0.0,-0.015407472742596049
GPDDA1_REV_g.3281.peg.2517-MONOMER,0.0,-2.4227023547231874e-06
GPDDA1_FWD_g.3281.peg.2517-MONOMER,0.0,7.636397170859163e-37
GPDDA2_REV_g.3281.peg.2517-MONOMER,0.0,-2.4227023547231874e-06
GPDDA2_FWD_g.3281.peg.2517-MONOMER,0.0,7.636397170859163e-37
GPDDA4_REV_g.3281.peg.2517-MONOMER,0.0,-2.4227023547231874e-06
GPDDA4_FWD_g.3281.peg.2517-MONOMER,0.0,7.636397170859163e-37
GRTT_REV_g.3281.peg.224-MONOMER,0.0,-4.897469429707374e-06
GRTT_FWD_g.3281.peg.224-MONOMER,0.010147182689823979,1.0338392018632103e-35
GRTT_REV_CPLX_DMATT-0,0.0,-6.4080890853482e-06
GRTT_FWD_CPLX_DMATT-0,0.0,-1.510619655640825e-06
GRTT_REV_g.3281.peg.3080-MONOMER_mod_mg2(1),0.0,-7.48958159702714e-06
GRTT_FWD_g.3281.peg.3080-MONOMER_mod_mg2(1),0.0,-2.592112167319765e-06
GSNt2r_REV_g.3281.peg.977-MONOMER,0.0,-1.5581672079265329e-35
GSNt2r_FWD_g.3281.peg.977-MONOMER,0.0,-3.2433965260088816e-06
GTHRDt2_REV_CPLX_dummy,0.0,-3.4675965446396647e-06
GTHRDt2_FWD_CPLX_dummy,0.0012562772859557776,0.0
GTPCI_REV_763034.3.peg.2257-MONOMER_mod_zn2(1),0.0,-3.357731533322103e-06
GTPCI_FWD_763034.3.peg.2257-MONOMER_mod_zn2(1),0.0,-5.767467121187633e-36
GTPCII_REV_g.3281.peg.1824-MONOMER,0.0,-5.601948351195294e-06
GTPCII_FWD_g.3281.peg.1824-MONOMER,0.0,1.1866651880055507e-35
GTPCII2_REV_763034.3.peg.2656-MONOMER_mod_mg2(1),0.0,-1.2506682697771755e-05
GTPCII2_FWD_763034.3.peg.2656-MONOMER_mod_mg2(1),0.0,3.7068704214643346e-36
GTPDPK_REV_g.3281.peg.425-MONOMER_mod_mn2(1),0.0,-1.730672059348118e-06
GTPDPK_FWD_g.3281.peg.425-MONOMER_mod_mn2(1),0.0,-2.2494753880939663e-35
GTPDPK_REV_g.3281.peg.3443-MONOMER,0.0,-3.1879040991835107e-06
GTPDPK_FWD_g.3281.peg.3443-MONOMER,0.0,-1.4572320398353927e-06
GUAPRT_REV_g.3281.peg.2027-MONOMER,0.0,-5.496470580180447e-06
GUAPRT_FWD_g.3281.peg.2027-MONOMER,0.02801363566910275,1.6623150562742042e-36
GUAt_REV_CPLX_dummy,0.9881757278371964,0.0
GUAt_FWD_CPLX_dummy,0.0,-3.4675965446396647e-06
GUAt2_REV_CPLX_dummy,0.0,0.0049951813641137665
GUAt2_FWD_CPLX_dummy,0.0,-0.004998648960658406
GUI1_REV_g.3281.peg.1715-MONOMER_mod_zn2(1),0.0,3.5687572729907017e-37
GUI1_FWD_g.3281.peg.1715-MONOMER_mod_zn2(1),0.0,-1.133661638292575e-06
GUI2_REV_g.3281.peg.1715-MONOMER_mod_zn2(1),0.0,-1.133661638292575e-06
GUI2_FWD_g.3281.peg.1715-MONOMER_mod_zn2(1),0.0,-1.062850454435461e-37
H2CO3D_REV_g.3281.peg.288-MONOMER,1.3229269854961305e-25,-1.0944183461430252e-35
H2CO3D_FWD_g.3281.peg.288-MONOMER,0.0,-2.3151200560395454e-06
H2Ot_REV_CPLX_dummy,0.5343031943732858,0.0
H2Ot_FWD_CPLX_dummy,0.0,-3.4675965446396647e-06
H2td_REV_CPLX_dummy,0.0,-3.4675965446396647e-06
H2td_FWD_CPLX_dummy,0.0,-2.256555316704838e-40
HEMEti_REV_CPLX_dummy,0.0,-3.4675965446396647e-06
HEMEti_FWD_CPLX_dummy,0.0012562772859557776,6.656777743224786e-36
HEPK1_REV_CPLX_dummy,0.0,-3.4675965446396647e-06
HEPK1_FWD_CPLX_dummy,0.010147182689823979,7.622425344071711e-35
HEPK2_REV_CPLX_dummy,0.0,-3.4675965446396647e-06
HEPK2_FWD_CPLX_dummy,0.010147182689823979,7.622425344071711e-35
HEPT1_REV_CPLX_dummy,0.0,-3.4675965446396647e-06
HEPT1_FWD_CPLX_dummy,0.010147182689823979,-2.69103347581984e-35
HEPT2_REV_CPLX_dummy,0.0,-3.4675965446396647e-06
HEPT2_FWD_CPLX_dummy,0.010147182689823979,1.635093484737712e-34
HEPT3_REV_CPLX_dummy,0.0,-3.4675965446396647e-06
HEPT3_FWD_CPLX_dummy,0.010147182689823979,6.82995068577864e-35
HEPT4_REV_CPLX_dummy,0.0,-3.4675965446396647e-06
HEPT4_FWD_CPLX_dummy,0.010147182689823979,2.5157547375543287e-35
HETT_REV_g.3281.peg.224-MONOMER,0.0,-4.897469429707374e-06
HETT_FWD_g.3281.peg.224-MONOMER,0.0,2.3683612805180723e-35
HETT_REV_g.3281.peg.3080-MONOMER_mod_mg2(1),0.0,-7.48958159702714e-06
HETT_FWD_g.3281.peg.3080-MONOMER_mod_mg2(1),0.0,-2.592112167319765e-06
HEX1_REV_763034.3.peg.3111-MONOMER,0.0,-3.4171955986056895e-06
HEX1_FWD_763034.3.peg.3111-MONOMER,0.0,-3.892747043994101e-06
HEX1_REV_763034.3.peg.2480-MONOMER,0.0,-5.11404975843385e-06
HEX1_FWD_763034.3.peg.2480-MONOMER,0.0,-5.5896012038222615e-06
HEX4_REV_CPLX_dummy,0.0,-3.4675965446396647e-06
HEX4_FWD_CPLX_dummy,0.14898579,1.6993713363186526e-35
HEX7_REV_g.3281.peg.3605-MONOMER,0.0,-2.864086711323803e-06
HEX7_FWD_g.3281.peg.3605-MONOMER,0.6798399,9.989004257086718e-36
HEX7_REV_g.3281.peg.340-MONOMER,0.0,-4.318993740729598e-06
HEX7_FWD_g.3281.peg.340-MONOMER,0.0,-1.4549070294057953e-06
HEXTT_REV_g.3281.peg.224-MONOMER,0.0,3.1636711573875423e-06
HEXTT_FWD_g.3281.peg.224-MONOMER,0.0,-8.061140587094917e-06
HEXTT_REV_g.3281.peg.3080-MONOMER_mod_mg2(1),0.0,5.715589900677772e-07
HEXTT_FWD_g.3281.peg.3080-MONOMER_mod_mg2(1),0.0,-1.0653252754414682e-05
HEXb_REV_g.3281.peg.2914-MONOMER,0.0,-3.4171955986056895e-06
HEXb_FWD_g.3281.peg.2914-MONOMER,0.0,-3.892747043994101e-06
HEXb_REV_g.3281.peg.1235-MONOMER,0.0,-3.26330413685528e-06
HEXb_FWD_g.3281.peg.1235-MONOMER,0.0,-3.7388555822436913e-06
HG2abc_REV_g.3281.peg.2930-MONOMER,0.0,-5.448124947004895e-06
HG2abc_FWD_g.3281.peg.2930-MONOMER,0.0,-3.3346934092099065e-07
HG2abc_REV_g.3281.peg.649-MONOMER,0.0,-6.529841013068966e-06
HG2abc_FWD_g.3281.peg.649-MONOMER,0.0,-1.4151854069850606e-06
HG2abc_REV_g.3281.peg.998-MONOMER,0.0,-5.114655606083905e-06
HG2abc_FWD_g.3281.peg.998-MONOMER,0.0,-6.7202490399881e-36
HISD_REV_g.3281.peg.883-MONOMER,0.0,0.07329028904483374
HISD_FWD_g.3281.peg.883-MONOMER,0.0,-0.07329852366027695
HISTD_REV_763034.3.peg.749-MONOMER,0.0,-7.833999879610917e-06
HISTD_FWD_763034.3.peg.749-MONOMER,0.0,-3.397650057960687e-06
HISTD_REV_763034.3.peg.880-MONOMER,0.0,-4.4363498216502295e-06
HISTD_FWD_763034.3.peg.880-MONOMER,0.031951085058767044,7.047873094089393e-33
HISTDOX_REV_g.3281.peg.3215-MONOMER_mod_mn2(1),0.0,-1.3662274848803365e-05
HISTDOX_FWD_g.3281.peg.3215-MONOMER_mod_mn2(1),7.101823038846114e-36,-8.018338736456576e-35
HISTLOX_REV_g.3281.peg.3215-MONOMER_mod_mn2(1),0.0,-2.2181749108251147e-06
HISTLOX_FWD_g.3281.peg.3215-MONOMER_mod_mn2(1),0.0,-1.144409993797825e-05
HISTP_REV_763034.3.peg.747-MONOMER,0.0,-4.494636082313482e-06
HISTP_FWD_763034.3.peg.747-MONOMER,0.0,-1.0868406626191945e-06
HISTP_REV_763034.3.peg.719-MONOMER,0.0,-3.4077954196942873e-06
HISTP_FWD_763034.3.peg.719-MONOMER,0.031951085058767044,-2.1200650956118831e-35
HKt_REV_g.3281.peg.1175-MONOMER,0.0,0.014982906732082526
HKt_FWD_g.3281.peg.1175-MONOMER,0.0,-0.01498904627849072
HKt_REV_g.3281.peg.1768-MONOMER,0.0,0.014984952622989682
HKt_FWD_g.3281.peg.1768-MONOMER,0.0,-0.014987000387583565
HKt_REV_g.3281.peg.1039-MONOMER,0.0,0.014981412398994393
HKt_FWD_g.3281.peg.1039-MONOMER,0.0,-0.014990540611578854
HMPK1_REV_763034.3.peg.1965-MONOMER,0.0,-9.133629592468658e-06
HMPK1_FWD_763034.3.peg.1965-MONOMER,0.0,-1.4145344945486595e-35
HPPK_REV_g.3281.peg.1802-MONOMER,0.0,0.01998418822551063
HPPK_FWD_g.3281.peg.1802-MONOMER,0.0,-0.019989795013725917
HPPK_REV_g.3281.peg.1055-MONOMER,0.0,0.019987988394637286
HPPK_FWD_g.3281.peg.1055-MONOMER,0.0,-0.01998599484459926
HPPK2_REV_763034.3.peg.2384-MONOMER_mod_mg2(1),0.0,0.01998428569082614
HPPK2_FWD_763034.3.peg.2384-MONOMER_mod_mg2(1),0.0,-0.019990397152853296
HPPK2_REV_763034.3.peg.25-MONOMER,0.0,0.019988338196858732
HPPK2_FWD_763034.3.peg.25-MONOMER,0.0,-0.019986344646820704
HSDx_REV_763034.3.peg.1287-MONOMER,0.0,-1.6863427211519572e-36
HSDx_FWD_763034.3.peg.1287-MONOMER,0.0,-1.2713780506637823e-05
HSDy_REV_763034.3.peg.1287-MONOMER,5.31257490107784e-37,-1.3083940080576174e-35
HSDy_FWD_763034.3.peg.1287-MONOMER,0.0,-1.2713780506637823e-05
HSK_REV_763034.3.peg.1288-MONOMER,0.0,-1.1241346764196274e-05
HSK_FWD_763034.3.peg.1288-MONOMER,4.31732415734817e-37,2.4890781569377757e-35
HSST_REV_763034.3.peg.1262-MONOMER,0.0,-2.9283308252787267e-06
HSST_FWD_763034.3.peg.1262-MONOMER,0.0,-5.032115051134504e-35
HSTPTr_REV_763034.3.peg.748-MONOMER,0.031951085058767044,1.571018960260268e-35
HSTPTr_FWD_763034.3.peg.748-MONOMER,0.0,-4.29454840921371e-06
HXPRT_REV_g.3281.peg.2027-MONOMER,0.0,0.019989175494188036
HXPRT_FWD_g.3281.peg.2027-MONOMER,0.0,-0.019994671964768215
HYD1_REV_g.3281.peg.2954-MONOMER,0.0,0.008747081235211663
HYD1_FWD_g.3281.peg.2954-MONOMER,0.0,-0.008750059262749788
HYD4_REV_CPLX_dummy,0.0,1.1333056717481185e-06
HYD4_FWD_CPLX_dummy,0.0,-4.600902216387783e-06
HYPSUCORNS_REV_CPLX_dummy,0.0,-3.4675965446396647e-06
HYPSUCORNS_FWD_CPLX_dummy,0.0,6.640321104657031e-36
IAHDGK_REV_g.3281.peg.3501-MONOMER,0.0,-7.519870651634116e-08
IAHDGK_FWD_g.3281.peg.3501-MONOMER,0.0,-1.2287520974398262e-34
IAPDGK_REV_g.3281.peg.3501-MONOMER,0.0,-7.519870651634116e-08
IAPDGK_FWD_g.3281.peg.3501-MONOMER,0.0,6.275201409458473e-36
IBCOATA_REV_g.3281.peg.1312-MONOMER,0.0,1.1279772328473547e-34
IBCOATA_FWD_g.3281.peg.1312-MONOMER,0.0,-1.011580115820846e-05
ICDHy_REV_763034.3.peg.1094-MONOMER_mod_mn2(1),0.0,0.021238439795748285
ICDHy_FWD_763034.3.peg.1094-MONOMER_mod_mn2(1),0.0,-0.021245664160837934
ICDHy_REV_763034.3.peg.1094-MONOMER_mod_mg2(1),0.0,0.021238422284522832
ICDHy_FWD_763034.3.peg.1094-MONOMER_mod_mg2(1),0.0,-0.02124568167206339
ICHORS_REV_CPLX_dummy,0.0,-3.4675965446396647e-06
ICHORS_FWD_CPLX_dummy,0.0,-6.220964496781626e-38
IG3PS_REV_763034.3.peg.877-MONOMER,0.0,-4.949038035247499e-06
IG3PS_FWD_763034.3.peg.877-MONOMER,0.031951085058767044,-3.0609831031909714e-35
IGPDH_REV_763034.3.peg.747-MONOMER,0.0,-5.581476744932677e-06
IGPDH_FWD_763034.3.peg.747-MONOMER,0.031951085058767044,5.2651994786500866e-36
IGPS_REV_763034.3.peg.3305-MONOMER,0.0,-6.404163276919407e-06
IGPS_FWD_763034.3.peg.3305-MONOMER,0.0,-7.273902226612106e-37
IHDCOATA_REV_g.3281.peg.1312-MONOMER,0.0,-1.0934145211369391e-35
IHDCOATA_FWD_g.3281.peg.1312-MONOMER,0.0,-1.011580115820846e-05
IHDGK_REV_g.3281.peg.3501-MONOMER,0.0,-7.519870651634116e-08
IHDGK_FWD_g.3281.peg.3501-MONOMER,0.0,1.5890750549988886e-34
IHPDCOATA_REV_g.3281.peg.1312-MONOMER,0.0,-1.011580115820846e-05
IHPDCOATA_FWD_g.3281.peg.1312-MONOMER,0.034559898054854495,-4.7738350056405744e-35
IHXDGK_REV_g.3281.peg.3501-MONOMER,0.0,-7.519870651634116e-08
IHXDGK_FWD_g.3281.peg.3501-MONOMER,0.0,2.095138449507678e-35
ILETA_REV_763034.3.peg.2316-MONOMER_mod_pydx5p(6),0.17105840405169595,4.6666478639608565e-34
ILETA_FWD_763034.3.peg.2316-MONOMER_mod_pydx5p(6),0.0,-4.681136960612935e-06
ILETA_REV_763034.3.peg.2316-MONOMER_mod_pydx5p(1),0.0,-3.105639180744481e-07
ILETA_FWD_763034.3.peg.2316-MONOMER_mod_pydx5p(1),0.0,-4.991700878687383e-06
IMPC_REV_763034.3.peg.1251-MONOMER,0.031951085058767044,1.1674317137692957e-35
IMPC_FWD_763034.3.peg.1251-MONOMER,0.0,-7.825233344407097e-06
IMPD_REV_763034.3.peg.2000-MONOMER,0.0,-1.1978996520137387e-05
IMPD_FWD_763034.3.peg.2000-MONOMER,0.031951085058767044,-6.955887476958882e-35
INDOLEt2r_REV_CPLX_dummy,0.0,-3.4675965446396647e-06
INDOLEt2r_FWD_CPLX_dummy,0.02173359363740502,-5.16751167525408e-38
INSt2_REV_g.3281.peg.977-MONOMER,4.1216002471286407e-35,-1.4867605812729893e-35
INSt2_FWD_g.3281.peg.977-MONOMER,0.0,-3.2433965260088816e-06
IPDCOATA_REV_g.3281.peg.1312-MONOMER,0.0,9.608999646174007e-35
IPDCOATA_FWD_g.3281.peg.1312-MONOMER,0.0,-1.011580115820846e-05
IPDDI_REV_g.3281.peg.191-MONOMER_mod_mn2(1)_mod_zn2(1),0.0,-2.0739874333550622e-06
IPDDI_FWD_g.3281.peg.191-MONOMER_mod_mn2(1)_mod_zn2(1),0.0,-2.0739874333550622e-06
IPDDI_REV_g.3281.peg.191-MONOMER_mod_mg2(1)_mod_zn2(1),0.0,-2.1334767552534967e-06
IPDDI_FWD_g.3281.peg.191-MONOMER_mod_mg2(1)_mod_zn2(1),0.0,-2.1334767552534967e-06
IPDGK_REV_g.3281.peg.3501-MONOMER,0.0,-7.519870651634116e-08
IPDGK_FWD_g.3281.peg.3501-MONOMER,0.0,2.095138449507678e-35
IPDPS_REV_g.3281.peg.195-MONOMER_mod_nadph(1)_mod_nadh(1)_mod_fad(1)_mod_cobalt2(1),0.0,-5.298154008601143e-06
IPDPS_FWD_g.3281.peg.195-MONOMER_mod_nadph(1)_mod_nadh(1)_mod_fad(1)_mod_cobalt2(1),0.0,2.4802221218365113e-34
IPDPS2_REV_g.3281.peg.195-MONOMER_mod_nadph(1)_mod_nadh(1)_mod_fad(1)_mod_cobalt2(1),0.0,-5.298154008601143e-06
IPDPS2_FWD_g.3281.peg.195-MONOMER_mod_nadph(1)_mod_nadh(1)_mod_fad(1)_mod_cobalt2(1),0.10147182689823979,2.0756398531602e-34
IPMDr_REV_763034.3.peg.91-MONOMER,0.0,-5.189112655678333e-06
IPMDr_FWD_763034.3.peg.91-MONOMER,0.18248506056400657,4.978969869806151e-35
IPPMIa_REV_763034.3.peg.87-MONOMER,0.0,-1.423801373728872e-06
IPPMIa_FWD_763034.3.peg.87-MONOMER,0.0,-5.177083121622985e-06
IPPMIa_REV_763034.3.peg.88-MONOMER,0.18248506056400657,-5.644756240696017e-36
IPPMIa_FWD_763034.3.peg.88-MONOMER,0.0,-3.753281747894113e-06
IPPMIb_REV_g.3281.peg.3151-MONOMER,0.18248506056400657,2.223566286421138e-36
IPPMIb_FWD_g.3281.peg.3151-MONOMER,0.0,-4.2510373182821015e-06
IPPMIb_REV_g.3281.peg.3260-MONOMER,0.0,-1.3100855651511115e-06
IPPMIb_FWD_g.3281.peg.3260-MONOMER,0.0,-5.5611228834332126e-06
IPPMIb_REV_CPLX_IPPMIb-0,0.0,-1.3632151780303883e-06
IPPMIb_FWD_CPLX_IPPMIb-0,0.0,-5.614252496312489e-06
ITDCOATA_REV_g.3281.peg.1312-MONOMER,0.0,4.257792562518534e-35
ITDCOATA_FWD_g.3281.peg.1312-MONOMER,0.0,-1.011580115820846e-05
ITDGK_REV_g.3281.peg.3501-MONOMER,0.0,-7.519870651634116e-08
ITDGK_FWD_g.3281.peg.3501-MONOMER,0.0,6.275201409458473e-36
IVCOATA_REV_g.3281.peg.1312-MONOMER,0.0,-1.011580115820846e-05
IVCOATA_FWD_g.3281.peg.1312-MONOMER,0.034559898054854495,4.257792562518534e-35
IZPN_REV_g.3281.peg.781-MONOMER,0.0,-8.012629972557446e-06
IZPN_FWD_g.3281.peg.781-MONOMER,-2.2004172011128916e-35,1.7909587477627214e-38
KARA1_REV_763034.3.peg.1091-MONOMER_mod_mg2(1),0.14160531795720338,-8.543809169820386e-35
KARA1_FWD_763034.3.peg.1091-MONOMER_mod_mg2(1),0.0,-9.194160213672057e-06
KARA2_REV_763034.3.peg.1091-MONOMER_mod_mg2(1),0.0,-9.194160213672057e-06
KARA2_FWD_763034.3.peg.1091-MONOMER_mod_mg2(1),0.20561830210655047,3.0897096540719236e-35
KARA3_REV_763034.3.peg.1091-MONOMER_mod_mg2(1),0.0,-3.0870884134488003e-06
KARA3_FWD_763034.3.peg.1091-MONOMER_mod_mg2(1),0.0,-6.107071800223256e-06
KAS14_REV_CPLX_3OAS100-4,0.0,-1.2572357239129769e-05
KAS14_FWD_CPLX_3OAS100-4,0.0,-1.2826522499292726e-06
KAS14_REV_CPLX_3OAS100-0,0.0,-1.2100610170773063e-05
KAS14_FWD_CPLX_3OAS100-0,0.0,-8.109051815725674e-07
KAS14_REV_CPLX_3OAS100-3,0.0,-1.2184409272959917e-05
KAS14_FWD_CPLX_3OAS100-3,0.0,-8.947042837594216e-07
KAS14_REV_CPLX_3OAS100-1,0.0,-1.2101379016710281e-05
KAS14_FWD_CPLX_3OAS100-1,0.0,-8.11674027509785e-07
KAS14_REV_CPLX_3OAS100-2,0.0,-1.170777801735814e-05
KAS14_FWD_CPLX_3OAS100-2,0.0,-4.1807302815764306e-07
KAS14_REV_g.3281.peg.3402-MONOMER,0.0,-1.1289704989200496e-05
KAS14_FWD_g.3281.peg.3402-MONOMER,0.0,5.317263412112542e-35
KAS_HP_REV_CPLX_dummy,0.0,-5.6197690553647485e-06
KAS_HP_FWD_CPLX_dummy,0.0,-5.607606894553789e-07
KDOCT2_REV_g.3281.peg.92-MONOMER_mod_mg2(1)_mod_k(1),0.0,-4.58037414205746e-06
KDOCT2_FWD_g.3281.peg.92-MONOMER_mod_mg2(1)_mod_k(1),0.030441548069471937,-1.874934514709182e-35
KDOCT2_REV_g.3281.peg.1628-MONOMER_mod_mg2(1),0.0,-4.6026630612479915e-06
KDOCT2_FWD_g.3281.peg.1628-MONOMER_mod_mg2(1),0.0,-2.2288919190531534e-08
KDOPP_REV_g.3281.peg.3137-MONOMER_mod_mg2(1),0.0,-6.185538527890444e-06
KDOPP_FWD_g.3281.peg.3137-MONOMER_mod_mg2(1),0.030441548069471937,1.1121453673166022e-35
KDOPSr_REV_g.3281.peg.880-MONOMER,0.0,-1.1285363205049864e-05
KDOPSr_FWD_g.3281.peg.880-MONOMER,0.030441548069471937,-4.1716148567797305e-34
KHK2_REV_CPLX_dummy,0.0,0.004552771087582315
KHK2_FWD_CPLX_dummy,0.0,-0.0045562386841269545
Kt1r_REV_g.3281.peg.1085-MONOMER,0.0,-2.6027706539922064e-06
Kt1r_FWD_g.3281.peg.1085-MONOMER,5.403308737623146e-06,0.0
Kt1r_REV_g.3281.peg.243-MONOMER,0.0,-4.452364903527736e-06
Kt1r_FWD_g.3281.peg.243-MONOMER,0.0,-1.849594249535529e-06
Kt3_REV_g.3281.peg.392-MONOMER,0.0,0.004992254852861585
Kt3_FWD_g.3281.peg.392-MONOMER,0.0,-0.00500071064601994
Kt3_REV_g.3281.peg.1959-MONOMER,0.0,0.004996372042053061
Kt3_FWD_g.3281.peg.1959-MONOMER,0.0,-0.004996593456828464
Kt3_REV_g.3281.peg.1031-MONOMER,0.0,0.004995386487278922
Kt3_FWD_g.3281.peg.1031-MONOMER,0.0,-0.004997579011602603
Kt3_REV_g.3281.peg.702-MONOMER,0.0,0.004995456723839484
Kt3_FWD_g.3281.peg.702-MONOMER,0.0,-0.004997508775042041
L2A6ODs_REV_CPLX_dummy,0.0,-3.4675965446396647e-06
L2A6ODs_FWD_CPLX_dummy,0.0,-2.4035721297385575e-36
LACLi_REV_g.3281.peg.3533-MONOMER,0.0,-5.714750036533792e-06
LACLi_FWD_g.3281.peg.3533-MONOMER,0.0,7.54788490137076e-37
LACZ_REV_g.3281.peg.1389-MONOMER,0.0,-5.267612115800215e-06
LACZ_FWD_g.3281.peg.1389-MONOMER,0.0,-1.6688222824161265e-06
LACZ_REV_g.3281.peg.3508-MONOMER,0.0,-5.043851097567398e-06
LACZ_FWD_g.3281.peg.3508-MONOMER,0.0,-1.4450612641833088e-06
LACZ_REV_g.3281.peg.617-MONOMER,0.0,-3.598789833384089e-06
LACZ_FWD_g.3281.peg.617-MONOMER,0.07449289,6.761328007435485e-36
LACZ_REV_g.3281.peg.1271-MONOMER,0.0,-5.959864413196232e-06
LACZ_FWD_g.3281.peg.1271-MONOMER,0.0,-2.3610745798121428e-06
LACZ_REV_g.3281.peg.755-MONOMER,0.0,-5.284292816438224e-06
LACZ_FWD_g.3281.peg.755-MONOMER,0.0,-1.6855029830541353e-06
LACZ_REV_g.3281.peg.2186-MONOMER,0.0,-5.188888505084219e-06
LACZ_FWD_g.3281.peg.2186-MONOMER,0.0,-1.5900986717001305e-06
LACZ_REV_g.3281.peg.1823-MONOMER,0.0,-5.444015726885038e-06
LACZ_FWD_g.3281.peg.1823-MONOMER,0.0,-1.845225893500949e-06
LACZ_REV_g.3281.peg.3496-MONOMER,0.0,-5.429217198494875e-06
LACZ_FWD_g.3281.peg.3496-MONOMER,0.0,-1.8304273651107863e-06
LACZ_REV_g.3281.peg.1113-MONOMER,0.0,-4.149464519455986e-06
LACZ_FWD_g.3281.peg.1113-MONOMER,0.0,-5.506746860718976e-07
LACZ_REV_g.3281.peg.1958-MONOMER,0.0,-3.856395327908169e-06
LACZ_FWD_g.3281.peg.1958-MONOMER,0.0,-2.576054945240801e-07
LACZ_REV_g.3281.peg.2533-MONOMER,0.0,-5.627231195695255e-06
LACZ_FWD_g.3281.peg.2533-MONOMER,0.0,-2.0284413623111663e-06
LACZ_REV_g.3281.peg.720-MONOMER,0.0,-3.823479971886957e-06
LACZ_FWD_g.3281.peg.720-MONOMER,0.0,-2.2469013850286833e-07
LACZ_REV_g.3281.peg.3456-MONOMER,0.0,-3.912432621943644e-06
LACZ_FWD_g.3281.peg.3456-MONOMER,0.0,-3.136427885595559e-07
LACZ_REV_g.3281.peg.1350-MONOMER,0.0,-3.7207061066535017e-06
LACZ_FWD_g.3281.peg.1350-MONOMER,0.0,-1.2191627326941307e-07
LARGNAT_REV_763034.3.peg.2657-MONOMER,0.0,-3.4383898480179355e-06
LARGNAT_FWD_763034.3.peg.2657-MONOMER,0.0,-4.29992627566194e-06
LARGNAT_REV_763034.3.peg.2246-MONOMER,0.0,-2.0766775788015406e-06
LARGNAT_FWD_763034.3.peg.2246-MONOMER,0.0,-2.938214006445545e-06
LARGNAT_REV_763034.3.peg.3326-MONOMER,0.0,-1.5899895003667302e-06
LARGNAT_FWD_763034.3.peg.3326-MONOMER,0.0,-2.4515259280107346e-06
LARGNAT_REV_763034.3.peg.3161-MONOMER,0.0,-2.1712559922574174e-06
LARGNAT_FWD_763034.3.peg.3161-MONOMER,0.0,-3.032792419901422e-06
LARGNAT_REV_763034.3.peg.748-MONOMER,0.0,-1.7165059907848526e-06
LARGNAT_FWD_763034.3.peg.748-MONOMER,0.0,-2.578042418428857e-06
LCAR2_REV_g.3281.peg.3449-MONOMER_mod_fe2(1),0.0,-1.188016458269416e-05
LCAR2_FWD_g.3281.peg.3449-MONOMER_mod_fe2(1),0.0,2.1709419612171625e-35
LCARR_REV_g.3281.peg.3449-MONOMER_mod_fe2(1),0.0,-1.988654938862593e-35
LCARR_FWD_g.3281.peg.3449-MONOMER_mod_fe2(1),0.0,-1.188016458269416e-05
LCARS_REV_g.3281.peg.3449-MONOMER_mod_fe2(1),0.0,-1.188016458269416e-05
LCARS_FWD_g.3281.peg.3449-MONOMER_mod_fe2(1),0.14898579,-6.148251838942348e-35
LCTSabc_REV_CPLX_dummy,0.0,-3.4675965446396647e-06
LCTSabc_FWD_CPLX_dummy,0.07449289,-1.5423320757634593e-35
LDH_D_REV_g.3281.peg.802-MONOMER,0.0,-1.5698256107269255e-06
LDH_D_FWD_g.3281.peg.802-MONOMER,0.0,6.860523980217546e-35
LDH_D2_REV_g.3281.peg.802-MONOMER,0.0,0.017477682574192233
LDH_D2_FWD_g.3281.peg.802-MONOMER,0.0,-0.01747925239980296
LEUTA_REV_763034.3.peg.2316-MONOMER_mod_pydx5p(6),0.14792516250915208,-2.221774930538453e-34
LEUTA_FWD_763034.3.peg.2316-MONOMER_mod_pydx5p(6),0.0,-4.681136960612935e-06
LEUTA_REV_763034.3.peg.2316-MONOMER_mod_pydx5p(1),0.0,-3.105639180744481e-07
LEUTA_FWD_763034.3.peg.2316-MONOMER_mod_pydx5p(1),0.0,-4.991700878687383e-06
LGTHL_REV_g.3281.peg.196-MONOMER,0.0,-1.217487373943909e-07
LGTHL_FWD_g.3281.peg.196-MONOMER,0.0,2.160345232360272e-36
LPADSS_REV_g.3281.peg.905-MONOMER,0.0,-7.198444987134438e-06
LPADSS_FWD_g.3281.peg.905-MONOMER,0.010147182689823979,3.366963317454048e-35
LYSAM_REV_g.3281.peg.285-MONOMER,0.0,2.0055006084355196e-37
LYSAM_FWD_g.3281.peg.285-MONOMER,0.0,-6.570360531424013e-06
LYSt2r_REV_CPLX_dummy,0.0,-3.4675965446396647e-06
LYSt2r_FWD_CPLX_dummy,0.13839082330967972,-7.88564351643165e-38
L_AROND_REV_763034.3.peg.2248-MONOMER,0.0,-3.518331331828722e-06
L_AROND_FWD_763034.3.peg.2248-MONOMER,0.0,-4.929464461268831e-33
MADGBG_REV_g.3281.peg.1100-MONOMER,0.0,-7.533697326109856e-07
MADGBG_FWD_g.3281.peg.1100-MONOMER,0.0,-8.744237092014019e-06
MADGBG_REV_g.3281.peg.1483-MONOMER,0.0,-3.85218790232006e-36
MADGBG_FWD_g.3281.peg.1483-MONOMER,0.0,-7.990867359403033e-06
MADGBG_REV_g.3281.peg.967-MONOMER,0.0,-1.2288325862853491e-06
MADGBG_FWD_g.3281.peg.967-MONOMER,0.0,-9.219699945688384e-06
MADGBG_REV_g.3281.peg.1729-MONOMER,0.0,-4.712008085855348e-07
MADGBG_FWD_g.3281.peg.1729-MONOMER,0.0,-8.462068167988569e-06
MADGBG_REV_g.3281.peg.3233-MONOMER,0.0,-6.951893896754955e-07
MADGBG_FWD_g.3281.peg.3233-MONOMER,0.0,-8.68605674907853e-06
MADGBG_REV_g.3281.peg.160-MONOMER,0.0,-3.5314554474570016e-07
MADGBG_FWD_g.3281.peg.160-MONOMER,0.0,-8.344012904148734e-06
MADGBG_REV_g.3281.peg.147-MONOMER,0.0,-4.5743050832517705e-08
MADGBG_FWD_g.3281.peg.147-MONOMER,0.0,-8.036610410235552e-06
MALCOACD_REV_763034.3.peg.3330-MONOMER,0.0,-7.52778328937826e-06
MALCOACD_FWD_763034.3.peg.3330-MONOMER,0.0,5.242048846139124e-35
MALCOAPYRCT_REV_g.3281.peg.1748-MONOMER,0.4045722954139606,-2.1656547915271576e-33
MALCOAPYRCT_FWD_g.3281.peg.1748-MONOMER,0.0,-5.741701599665261e-06
MALT_REV_g.3281.peg.1329-MONOMER,0.0,0.01997400434156854
MALT_FWD_g.3281.peg.1329-MONOMER,0.0,-0.0199759115679458
MALT_REV_g.3281.peg.2037-MONOMER,0.0,0.019973898672308667
MALT_FWD_g.3281.peg.2037-MONOMER,0.0,-0.019976017237205674
MALT_REV_g.3281.peg.1472-MONOMER,0.0,0.019971726958253937
MALT_FWD_g.3281.peg.1472-MONOMER,0.0,-0.0199781889512604
MALT_REV_g.3281.peg.2544-MONOMER,0.0,0.019973731674350535
MALT_FWD_g.3281.peg.2544-MONOMER,0.0,-0.019976184235163806
MALTATr_REV_g.3281.peg.1697-MONOMER,0.0,4.851126730102008e-35
MALTATr_FWD_g.3281.peg.1697-MONOMER,0.0,-5.558893836031542e-06
MALTabc_REV_CPLX_dummy,0.0,-3.4675965446396647e-06
MALTabc_FWD_CPLX_dummy,0.07449289,1.4016810576844578e-35
MAN1PT2_REV_g.3281.peg.2057-MONOMER,0.0,-1.8482554523248875e-06
MAN1PT2_FWD_g.3281.peg.2057-MONOMER,0.0,-3.526408272923396e-35
MAN6PI_REV_g.3281.peg.3125-MONOMER,0.0,-4.31307212016048e-06
MAN6PI_FWD_g.3281.peg.3125-MONOMER,0.14898579,-3.992738076991276e-35
MANA4_REV_g.3281.peg.759-MONOMER,0.0,-1.3169654232812965e-35
MANA4_FWD_g.3281.peg.759-MONOMER,0.0,-5.62343285885094e-06
MANA4_REV_g.3281.peg.2477-MONOMER,0.0,-3.7400062698677996e-08
MANA4_FWD_g.3281.peg.2477-MONOMER,0.0,-5.660832921549618e-06
MANAD_D_REV_CPLX_dummy,0.0,-3.4675965446396647e-06
MANAD_D_FWD_CPLX_dummy,0.14898579,2.029245601896856e-35
MANAO_REV_g.3281.peg.3207-MONOMER,0.0,-2.262254289350953e-35
MANAO_FWD_g.3281.peg.3207-MONOMER,0.0,-3.6677556921980122e-06
MANabc_REV_CPLX_dummy,0.0,-3.4675965446396647e-06
MANabc_FWD_CPLX_dummy,0.14898579,1.4016810576844578e-35
MBDGBG_REV_g.3281.peg.1100-MONOMER,0.0,-7.533697326109856e-07
MBDGBG_FWD_g.3281.peg.1100-MONOMER,0.0,-8.744237092014019e-06
MBDGBG_REV_g.3281.peg.1483-MONOMER,0.0,-1.300448584193895e-35
MBDGBG_FWD_g.3281.peg.1483-MONOMER,0.0,-7.990867359403033e-06
MBDGBG_REV_g.3281.peg.967-MONOMER,0.0,-1.2288325862853491e-06
MBDGBG_FWD_g.3281.peg.967-MONOMER,0.0,-9.219699945688384e-06
MBDGBG_REV_g.3281.peg.1729-MONOMER,0.0,-4.712008085855348e-07
MBDGBG_FWD_g.3281.peg.1729-MONOMER,0.0,-8.462068167988569e-06
MBDGBG_REV_g.3281.peg.3233-MONOMER,0.0,-6.951893896754955e-07
MBDGBG_FWD_g.3281.peg.3233-MONOMER,0.0,-8.68605674907853e-06
MBDGBG_REV_g.3281.peg.160-MONOMER,0.0,-3.5314554474570016e-07
MBDGBG_FWD_g.3281.peg.160-MONOMER,0.0,-8.344012904148734e-06
MBDGBG_REV_g.3281.peg.147-MONOMER,0.0,-4.5743050832517705e-08
MBDGBG_FWD_g.3281.peg.147-MONOMER,0.0,-8.036610410235552e-06
MCOATA_REV_763034.3.peg.3330-MONOMER,0.0,-8.152425349147425e-06
MCOATA_FWD_763034.3.peg.3330-MONOMER,0.4045722954139606,5.050796205847846e-36
MCPST_REV_g.3281.peg.2788-MONOMER,0.0,-1.1294636291514133e-05
MCPST_FWD_g.3281.peg.2788-MONOMER,0.0,-1.1124855557833087e-36
MDH_REV_763034.3.peg.3119-MONOMER,6.165757528729738,-5.1163983456522705e-34
MDH_FWD_763034.3.peg.3119-MONOMER,0.0,-8.742668111001267e-06
MDH_REV_763034.3.peg.2297-MONOMER,0.0,-1.8978644728116214e-06
MDH_FWD_763034.3.peg.2297-MONOMER,0.0,-1.0640532583812887e-05
ME2_REV_g.3281.peg.37-MONOMER_mod_mg2(1),0.0,0.019976588689665745
ME2_FWD_g.3281.peg.37-MONOMER_mod_mg2(1),0.0,-0.01999069698528133
ME2_REV_g.3281.peg.37-MONOMER_mod_mn2(1),0.0,0.019976593324615134
ME2_FWD_g.3281.peg.37-MONOMER_mod_mn2(1),0.0,-0.019990692350331945
MECDPDH2_REV_g.3281.peg.1333-MONOMER_mod_mn2(1),0.0,-8.500790432050127e-06
MECDPDH2_FWD_g.3281.peg.1333-MONOMER_mod_mn2(1),0.11161900958806377,-1.2760664314601352e-34
MECDPS_REV_g.3281.peg.1977-MONOMER_mod_mn2(1),0.0,-9.267371260661102e-06
MECDPS_FWD_g.3281.peg.1977-MONOMER_mod_mn2(1),0.11161900958806377,-8.499303057829867e-36
MEPCT_REV_g.3281.peg.1710-MONOMER_mod_cobalt2(1),0.0,-8.580575849290504e-06
MEPCT_FWD_g.3281.peg.1710-MONOMER_mod_cobalt2(1),0.0,-1.7182023253895183e-08
MEPCT_REV_g.3281.peg.1710-MONOMER_mod_mn2(1),0.0,-8.563393826036609e-06
MEPCT_FWD_g.3281.peg.1710-MONOMER_mod_mn2(1),0.11161900958806377,2.0305692430452671e-35
MEPCT_REV_g.3281.peg.1710-MONOMER_mod_mg2(1),0.0,-8.59093633262367e-06
MEPCT_FWD_g.3281.peg.1710-MONOMER_mod_mg2(1),0.0,-2.754250658706119e-08
METALA1c_REV_g.3281.peg.668-MONOMER,0.0,-5.1498321399818425e-06
METALA1c_FWD_g.3281.peg.668-MONOMER,0.0,-3.651107532885986e-07
METALA1c_REV_g.3281.peg.3382-MONOMER,0.0,-5.166473743495521e-06
METALA1c_FWD_g.3281.peg.3382-MONOMER,0.0,-3.8175235680227674e-07
METALA1c_REV_g.3281.peg.2520-MONOMER_mod_fe2(2),0.0,-4.7847213866932435e-06
METALA1c_FWD_g.3281.peg.2520-MONOMER_mod_fe2(2),0.0,4.000965535079202e-36
METALA1c_REV_g.3281.peg.199-MONOMER,0.0,-8.77727457454098e-06
METALA1c_FWD_g.3281.peg.199-MONOMER,0.0,-3.992553187847736e-06
METAT_REV_g.3281.peg.1603-MONOMER_mod_tl(4)_mod_cobalt2(1),0.0,-1.32291720413766e-05
METAT_FWD_g.3281.peg.1603-MONOMER_mod_tl(4)_mod_cobalt2(1),0.0,-6.057686940989922e-09
METAT_REV_g.3281.peg.1603-MONOMER_mod_k(4)_mod_zn2(1),0.0,-1.3226561636109893e-05
METAT_FWD_g.3281.peg.1603-MONOMER_mod_k(4)_mod_zn2(1),0.0,-3.447281674284791e-09
METAT_REV_g.3281.peg.1603-MONOMER_mod_tl(4)_mod_zn2(1),0.0,-1.3226564000248677e-05
METAT_FWD_g.3281.peg.1603-MONOMER_mod_tl(4)_mod_zn2(1),0.0,-3.449645813067971e-09
METAT_REV_g.3281.peg.1603-MONOMER_mod_k(4)_mod_cd2(1),0.0,-1.322311435443561e-05
METAT_FWD_g.3281.peg.1603-MONOMER_mod_k(4)_mod_cd2(1),0.0,1.8697207955902547e-35
METAT_REV_g.3281.peg.1603-MONOMER_mod_na1(4)_mod_mg2(1),0.0,-1.3248634212137687e-05
METAT_FWD_g.3281.peg.1603-MONOMER_mod_na1(4)_mod_mg2(1),0.0,-2.5519857702078548e-08
METAT_REV_g.3281.peg.1603-MONOMER_mod_cs(4)_mod_mn2(1),0.0,-1.3223114659160364e-05
METAT_FWD_g.3281.peg.1603-MONOMER_mod_cs(4)_mod_mn2(1),0.0,-3.0472475514320614e-13
METAT_REV_g.3281.peg.1603-MONOMER_mod_na1(4)_mod_mn2(1),0.0,-1.3238849661097204e-05
METAT_FWD_g.3281.peg.1603-MONOMER_mod_na1(4)_mod_mn2(1),0.0,-1.5735306661594936e-08
METAT_REV_g.3281.peg.1603-MONOMER_mod_cs(4)_mod_ca2(1),0.0,-1.3223988392590562e-05
METAT_FWD_g.3281.peg.1603-MONOMER_mod_cs(4)_mod_ca2(1),0.0,-8.740381549532558e-10
METAT_REV_g.3281.peg.1603-MONOMER_mod_tl(4)_mod_mg2(1),0.0,-1.3232900945187327e-05
METAT_FWD_g.3281.peg.1603-MONOMER_mod_tl(4)_mod_mg2(1),0.0,-9.786590751717073e-09
METAT_REV_g.3281.peg.1603-MONOMER_mod_tl(4)_mod_mn2(1),0.0,-1.3223114659160364e-05
METAT_FWD_g.3281.peg.1603-MONOMER_mod_tl(4)_mod_mn2(1),0.0,-3.0472475514320614e-13
METAT_REV_g.3281.peg.1603-MONOMER_mod_nh4(4)_mod_cobalt2(1),0.0,-1.3263090798532474e-05
METAT_FWD_g.3281.peg.1603-MONOMER_mod_nh4(4)_mod_cobalt2(1),0.0,-3.997644409686528e-08
METAT_REV_g.3281.peg.1603-MONOMER_mod_tl(4)_mod_cd2(1),0.0,-1.322311435443561e-05
METAT_FWD_g.3281.peg.1603-MONOMER_mod_tl(4)_mod_cd2(1),0.0,6.639422807531711e-36
METAT_REV_g.3281.peg.1603-MONOMER_mod_nh4(4)_mod_zn2(1),0.0,-1.326048264986979e-05
METAT_FWD_g.3281.peg.1603-MONOMER_mod_nh4(4)_mod_zn2(1),0.0,-3.7368295434180055e-08
METAT_REV_g.3281.peg.1603-MONOMER_mod_k(4)_mod_ca2(1),0.0,-1.3223987473295682e-05
METAT_FWD_g.3281.peg.1603-MONOMER_mod_k(4)_mod_ca2(1),0.0,-8.731188600735267e-10
METAT_REV_g.3281.peg.1603-MONOMER_mod_k(4)_mod_cobalt2(1),0.0,-1.3229168043702815e-05
METAT_FWD_g.3281.peg.1603-MONOMER_mod_k(4)_mod_cobalt2(1),0.0,-6.0536892672062974e-09
METAT_REV_g.3281.peg.1603-MONOMER_mod_cs(4)_mod_cd2(1),0.0,-1.322311435443561e-05
METAT_FWD_g.3281.peg.1603-MONOMER_mod_cs(4)_mod_cd2(1),0.0,6.639422807531711e-36
METAT_REV_g.3281.peg.1603-MONOMER_mod_tl(4)_mod_ni2(1),0.0,-1.3242693729787838e-05
METAT_FWD_g.3281.peg.1603-MONOMER_mod_tl(4)_mod_ni2(1),0.0,-1.957937535222816e-08
METAT_REV_g.3281.peg.1603-MONOMER_mod_cs(4)_mod_ni2(1),0.0,-1.3242693729787838e-05
METAT_FWD_g.3281.peg.1603-MONOMER_mod_cs(4)_mod_ni2(1),0.0,-1.957937535222816e-08
METAT_REV_g.3281.peg.1603-MONOMER_mod_nh4(4)_mod_mn2(1),0.0,-1.3257035652258866e-05
METAT_FWD_g.3281.peg.1603-MONOMER_mod_nh4(4)_mod_mn2(1),0.0,-3.392129782325663e-08
METAT_REV_g.3281.peg.1603-MONOMER_mod_nh4(4)_mod_ni2(1),0.0,-1.3276616356640591e-05
METAT_FWD_g.3281.peg.1603-MONOMER_mod_nh4(4)_mod_ni2(1),0.0,-5.3502002204982965e-08
METAT_REV_g.3281.peg.1603-MONOMER_mod_cs(4)_mod_zn2(1),0.0,-1.3226564000248677e-05
METAT_FWD_g.3281.peg.1603-MONOMER_mod_cs(4)_mod_zn2(1),0.0,-3.449645813067971e-09
METAT_REV_g.3281.peg.1603-MONOMER_mod_cs(4)_mod_mg2(1),0.0,-1.3232900945187327e-05
METAT_FWD_g.3281.peg.1603-MONOMER_mod_cs(4)_mod_mg2(1),0.0,-9.786590751717073e-09
METAT_REV_g.3281.peg.1603-MONOMER_mod_na1(4)_mod_zn2(1),0.0,-1.3242297144796978e-05
METAT_FWD_g.3281.peg.1603-MONOMER_mod_na1(4)_mod_zn2(1),0.0,-1.9182790361369295e-08
METAT_REV_g.3281.peg.1603-MONOMER_mod_nh4(4)_mod_cd2(1),0.0,-1.325702784405268e-05
METAT_FWD_g.3281.peg.1603-MONOMER_mod_nh4(4)_mod_cd2(1),0.0,-3.3913489617070643e-08
METAT_REV_g.3281.peg.1603-MONOMER_mod_cs(4)_mod_cobalt2(1),0.0,-1.32291720413766e-05
METAT_FWD_g.3281.peg.1603-MONOMER_mod_cs(4)_mod_cobalt2(1),0.0,-6.057686940989922e-09
METAT_REV_g.3281.peg.1603-MONOMER_mod_na1(4)_mod_ca2(1),0.0,-1.3239723950082277e-05
METAT_FWD_g.3281.peg.1603-MONOMER_mod_na1(4)_mod_ca2(1),0.0,-1.660959564666777e-08
METAT_REV_g.3281.peg.1603-MONOMER_mod_na1(4)_mod_cd2(1),0.0,-1.3238845990064671e-05
METAT_FWD_g.3281.peg.1603-MONOMER_mod_na1(4)_mod_cd2(1),0.0,-1.5731635629061718e-08
METAT_REV_g.3281.peg.1603-MONOMER_mod_na1(4)_mod_cobalt2(1),0.0,-1.3244904624698762e-05
METAT_FWD_g.3281.peg.1603-MONOMER_mod_na1(4)_mod_cobalt2(1),0.0,-2.1790270263153465e-08
METAT_REV_g.3281.peg.1603-MONOMER_mod_k(4)_mod_ni2(1),0.0,-1.3242681124976812e-05
METAT_FWD_g.3281.peg.1603-MONOMER_mod_k(4)_mod_ni2(1),0.0,-1.9566770541202624e-08
METAT_REV_g.3281.peg.1603-MONOMER_mod_tl(4)_mod_ca2(1),0.0,-1.3223988392590562e-05
METAT_FWD_g.3281.peg.1603-MONOMER_mod_tl(4)_mod_ca2(1),0.0,-8.740381549532558e-10
METAT_REV_g.3281.peg.1603-MONOMER_mod_k(4)_mod_mn2(1),0.0,-1.322311435443561e-05
METAT_FWD_g.3281.peg.1603-MONOMER_mod_k(4)_mod_mn2(1),0.0016623576602728203,2.8627048912902085e-35
METAT_REV_g.3281.peg.1603-MONOMER_mod_nh4(4)_mod_mg2(1),0.0,-1.3266823169294347e-05
METAT_FWD_g.3281.peg.1603-MONOMER_mod_nh4(4)_mod_mg2(1),0.0,-4.370881485873704e-08
METAT_REV_g.3281.peg.1603-MONOMER_mod_na1(4)_mod_ni2(1),0.0,-1.3258424888053246e-05
METAT_FWD_g.3281.peg.1603-MONOMER_mod_na1(4)_mod_ni2(1),0.0,-3.531053361763713e-08
METAT_REV_g.3281.peg.1603-MONOMER_mod_k(4)_mod_mg2(1),0.0,-1.3232894476424418e-05
METAT_FWD_g.3281.peg.1603-MONOMER_mod_k(4)_mod_mg2(1),0.0,-9.780121988809464e-09
METAT_REV_g.3281.peg.1603-MONOMER_mod_nh4(4)_mod_ca2(1),0.0,-1.3257911079138626e-05
METAT_FWD_g.3281.peg.1603-MONOMER_mod_nh4(4)_mod_ca2(1),0.0,-3.4796724703017754e-08
METB1_REV_CPLX_dummy,0.0,0.003729731355798122
METB1_FWD_CPLX_dummy,0.0,-0.0037331989523427616
METFR_REV_g.3281.peg.733-MONOMER_mod_fad(1),0.0012562772859557776,-2.5885152146151356e-35
METFR_FWD_g.3281.peg.733-MONOMER_mod_fad(1),0.0,-5.4199151860006524e-06
METS_REV_763034.3.peg.705-MONOMER,0.0,0.004356454360023218
METS_FWD_763034.3.peg.705-MONOMER,0.0,-0.004364582785185929
METS_REV_763034.3.peg.765-MONOMER,0.0,0.004354257450183606
METS_FWD_763034.3.peg.765-MONOMER,0.0,-0.004366779695025541
METSOXR1r_REV_g.3281.peg.648-MONOMER,0.0,-1.0300773848173396e-06
METSOXR1r_FWD_g.3281.peg.648-MONOMER,0.0,-3.925397643231146e-35
METt2r_REV_CPLX_dummy,0.0,-3.4675965446396647e-06
METt2r_FWD_CPLX_dummy,0.04777587223093874,8.148078320113133e-37
MEVK1c_REV_g.3281.peg.3605-MONOMER,0.0,-2.864086711323803e-06
MEVK1c_FWD_g.3281.peg.3605-MONOMER,0.0,9.989004257086718e-36
MEVK1c_REV_g.3281.peg.340-MONOMER,0.0,-4.318993740729598e-06
MEVK1c_FWD_g.3281.peg.340-MONOMER,0.0,-1.4549070294057953e-06
MG2abc_REV_CPLX_dummy,0.0,0.019976759138809055
MG2abc_FWD_CPLX_dummy,0.0,-0.019980226735353695
MGSA_REV_g.3281.peg.1985-MONOMER,0.0,-5.02868804705681e-07
MGSA_FWD_g.3281.peg.1985-MONOMER,0.0,-6.689676536000906e-36
MGt5_REV_g.3281.peg.590-MONOMER,0.004093755980691939,0.0
MGt5_FWD_g.3281.peg.590-MONOMER,0.0,-7.932635292019582e-06
MI1PI_REV_g.3281.peg.3032-MONOMER,0.0,-4.4336595222810984e-36
MI1PI_FWD_g.3281.peg.3032-MONOMER,0.0,-6.307740083402659e-07
MI1PP_REV_g.3281.peg.1473-MONOMER_mod_mg2(1),0.0,-8.312403439467144e-06
MI1PP_FWD_g.3281.peg.1473-MONOMER_mod_mg2(1),0.0,-2.0520243908127303e-35
MI3PP_REV_g.3281.peg.1473-MONOMER_mod_mg2(1),0.0,-8.312403439467144e-06
MI3PP_FWD_g.3281.peg.1473-MONOMER_mod_mg2(1),0.0,-2.0520243908127303e-35
MI4PP_REV_g.3281.peg.1473-MONOMER_mod_mg2(1),0.0,-8.312403439467144e-06
MI4PP_FWD_g.3281.peg.1473-MONOMER_mod_mg2(1),0.0,-2.0520243908127303e-35
MICITDr_REV_g.3281.peg.2771-MONOMER,0.0,-4.44313289558213e-08
MICITDr_FWD_g.3281.peg.2771-MONOMER,0.0,-6.576318248351393e-06
MICITDr_REV_g.3281.peg.3146-MONOMER,0.0,-5.264843522695284e-40
MICITDr_FWD_g.3281.peg.3146-MONOMER,0.0,-6.531886919395571e-06
MK8t_REV_CPLX_dummy,0.0012562772859557776,0.0
MK8t_FWD_CPLX_dummy,0.0,-3.4675965446396647e-06
MLTP4_REV_g.3281.peg.544-MONOMER,0.0,-4.711062595406382e-06
MLTP4_FWD_g.3281.peg.544-MONOMER,0.07449289,-1.0525649269023357e-35
MMCD_REV_g.3281.peg.719-MONOMER,0.0,0.019975146974045208
MMCD_FWD_g.3281.peg.719-MONOMER,0.0,-0.019977654331191204
MME_REV_g.3281.peg.321-MONOMER,0.0,-8.13985662982292e-06
MME_FWD_g.3281.peg.321-MONOMER,6.273515081210087,6.15448769971786e-35
MMM2r_REV_g.3281.peg.1811-MONOMER_mod_adocbl(1),0.0,-6.682506279499392e-06
MMM2r_FWD_g.3281.peg.1811-MONOMER_mod_adocbl(1),0.0,-1.105665326751533e-06
MMM2r_REV_g.3281.peg.1734-MONOMER,0.0,-5.576840952747859e-06
MMM2r_FWD_g.3281.peg.1734-MONOMER,6.273515081210087,1.5660141824842902e-35
MMSAD5_REV_g.3281.peg.2052-MONOMER,0.0,-2.8671545086492135e-06
MMSAD5_FWD_g.3281.peg.2052-MONOMER,0.0,-7.476501040396883e-35
MNLt6_REV_CPLX_dummy,0.0,-3.4675965446396647e-06
MNLt6_FWD_CPLX_dummy,0.14898579,-1.900245232197144e-36
MNNH_REV_g.3281.peg.3142-MONOMER,0.0,-2.8400009846516064e-06
MNNH_FWD_g.3281.peg.3142-MONOMER,0.0,3.9074957602654895e-36
MNt2_REV_g.3281.peg.2071-MONOMER,0.0,-8.7083815828476e-06
MNt2_FWD_g.3281.peg.2071-MONOMER,6.375335568219355e-06,8.270436252848427e-38
MOAT_REV_g.3281.peg.800-MONOMER,0.0,-2.0990351946714368e-06
MOAT_FWD_g.3281.peg.800-MONOMER,0.010147182689823979,-7.155585377152126e-35
MOAT3C_REV_CPLX_dummy,0.0,-3.4675965446396647e-06
MOAT3C_FWD_CPLX_dummy,0.010147182689823979,1.009108567010375e-34
MOHMT_REV_763034.3.peg.455-MONOMER,0.0,-7.363734304034468e-06
MOHMT_FWD_763034.3.peg.455-MONOMER,0.0012584757008160417,2.6224871901766694e-34
MTAN_REV_g.3281.peg.907-MONOMER,0.0,-5.138160124973414e-06
MTAN_FWD_g.3281.peg.907-MONOMER,0.0,-5.106970998872033e-37
MTAN_REV_CPLX_AHCYSNS_r-0,0.0,-5.363511698842773e-06
MTAN_FWD_CPLX_AHCYSNS_r-0,0.0,-2.2535157386935854e-07
MTAN_REV_g.3281.peg.685-MONOMER,0.0,-5.138160124973414e-06
MTAN_FWD_g.3281.peg.685-MONOMER,0.0,1.4111587684514965e-35
MTHFC_REV_g.3281.peg.1500-MONOMER,0.0,-8.841341245985253e-06
MTHFC_FWD_g.3281.peg.1500-MONOMER,0.04578963800416854,-4.495330010837291e-36
MTHFC_REV_g.3281.peg.688-MONOMER,0.0,-8.94086578607281e-06
MTHFC_FWD_g.3281.peg.688-MONOMER,0.0,-9.952454008755765e-08
MTHFD_REV_g.3281.peg.688-MONOMER,0.0,-9.040390326160368e-06
MTHFD_FWD_g.3281.peg.688-MONOMER,0.04578963800416854,1.1922735044664015e-35
MTI_REV_g.3281.peg.1811-MONOMER_mod_adocbl(1),0.0,-3.8940858031254625e-06
MTI_FWD_g.3281.peg.1811-MONOMER_mod_adocbl(1),0.0,-3.8940858031254625e-06
MTI_REV_g.3281.peg.1734-MONOMER,0.0,-2.7884204763739295e-06
MTI_FWD_g.3281.peg.1734-MONOMER,0.0,-2.7884204763739295e-06
NACt2r_REV_CPLX_dummy,0.0012565422756094249,-9.759601744748424e-37
NACt2r_FWD_CPLX_dummy,0.0,-3.4675965446396647e-06
NADH10_REV_g.3281.peg.3270-MONOMER,0.0,0.017477645285951967
NADH10_FWD_g.3281.peg.3270-MONOMER,0.0,-0.017483414948796235
NADH10_REV_g.3281.peg.1742-MONOMER_mod_mg2(1)_mod_cu(1)_mod_fad(1),0.0,0.03495978251717706
NADH10_FWD_g.3281.peg.1742-MONOMER_mod_mg2(1)_mod_cu(1)_mod_fad(1),0.0,-1.2777175711416959e-06
NADH5_REV_g.3281.peg.3270-MONOMER,0.0,0.017476367568380825
NADH5_FWD_g.3281.peg.3270-MONOMER,0.0,-0.017482137231225093
NADH5_REV_g.3281.peg.1742-MONOMER_mod_mg2(1)_mod_cu(1)_mod_fad(1),0.0,0.03495850479960592
NADH5_FWD_g.3281.peg.1742-MONOMER_mod_mg2(1)_mod_cu(1)_mod_fad(1),0.0,-4.911832913786131e-35
NADH6_REV_CPLX_NADH6-0,0.0,-7.764749190447094e-06
NADH6_FWD_CPLX_NADH6-0,6.415485431973643,-6.310029745385882e-35
NADH9_REV_g.3281.peg.3270-MONOMER,0.0,0.017477645285951967
NADH9_FWD_g.3281.peg.3270-MONOMER,0.0,-0.017483414948796235
NADH9_REV_g.3281.peg.1742-MONOMER_mod_mg2(1)_mod_cu(1)_mod_fad(1),0.0,0.03495978251717706
NADH9_FWD_g.3281.peg.1742-MONOMER_mod_mg2(1)_mod_cu(1)_mod_fad(1),0.0,-1.2777175711416959e-06
NADK_REV_g.3281.peg.1510-MONOMER_mod_mg2(1),0.0,-1.0303342799342724e-05
NADK_FWD_g.3281.peg.1510-MONOMER_mod_mg2(1),1.2473313442790463e-07,1.8282923419957225e-35
NADK2_REV_g.3281.peg.1510-MONOMER_mod_mg2(1),0.0,-8.569544527022892e-06
NADK2_FWD_g.3281.peg.1510-MONOMER_mod_mg2(1),0.0,-1.7337982723198323e-06
NADN_REV_CPLX_dummy,0.0,0.05996499066583149
NADN_FWD_CPLX_dummy,0.0,-0.05996845826237613
NADS1_REV_763034.3.peg.670-MONOMER,0.0,-1.205941440885471e-06
NADS1_FWD_763034.3.peg.670-MONOMER,0.0,-6.399613461957688e-06
NADS2_REV_g.3281.peg.3017-MONOMER,0.0,-7.605554902843158e-06
NADS2_FWD_g.3281.peg.3017-MONOMER,0.0012565422756094249,-2.494432331999703e-35
NAPRT_REV_g.3281.peg.1137-MONOMER,0.0,-2.410890083644638e-06
NAPRT_FWD_g.3281.peg.1137-MONOMER,0.0012565422756094249,8.776379810301272e-36
NAt3_1_REV_g.3281.peg.2866-MONOMER,0.0,-4.5740106761170894e-07
NAt3_1_FWD_g.3281.peg.2866-MONOMER,0.0,-8.9310887292013e-06
NAt3_1_REV_g.3281.peg.2882-MONOMER,0.0,-2.6940167997292052e-37
NAt3_1_FWD_g.3281.peg.2882-MONOMER,0.0,-8.47368766158959e-06
NCAMt2r_REV_CPLX_dummy,2.3388348634060603e-23,-5.16751167525408e-38
NCAMt2r_FWD_CPLX_dummy,0.0,-3.4675965446396647e-06
NCOAH_REV_CPLX_dummy,0.0,-3.281515912400505e-06
NCOAH_FWD_CPLX_dummy,0.0,-1.860806322391595e-07
NDPK1_REV_CPLX_dummy,0.0,-3.4675965446396647e-06
NDPK1_FWD_CPLX_dummy,4.223477895130496,5.045266999775932e-36
NDPK2_REV_CPLX_dummy,0.0,-3.4675965446396647e-06
NDPK2_FWD_CPLX_dummy,0.15107889226571,-5.4109659346334044e-34
NDPK3_REV_CPLX_dummy,0.0,-3.4675965446396647e-06
NDPK3_FWD_CPLX_dummy,0.2127521814555015,5.867051161907291e-36
NDPK4_REV_CPLX_dummy,0.0,-3.4675965446396647e-06
NDPK4_FWD_CPLX_dummy,0.02834890077387662,2.8839821378692645e-35
NDPK5_REV_CPLX_dummy,0.0,-3.4675965446396647e-06
NDPK5_FWD_CPLX_dummy,0.0157617215524679,2.8839821378692645e-35
NDPK6_REV_CPLX_dummy,0.0,-1.7337982723198323e-06
NDPK6_FWD_CPLX_dummy,0.0,-1.7337982723198323e-06
NDPK7_REV_CPLX_dummy,0.0,-3.4675965446396647e-06
NDPK7_FWD_CPLX_dummy,0.0157617215524679,1.6993713363186526e-35
NDPK8_REV_CPLX_dummy,0.0,-1.7337982723198323e-06
NDPK8_FWD_CPLX_dummy,0.0,-1.7337982723198323e-06
NDPK9_REV_CPLX_dummy,0.0,-1.7337982723198323e-06
NDPK9_FWD_CPLX_dummy,0.0,-1.7337982723198323e-06
NEU23_REV_g.3281.peg.1100-MONOMER,0.0,-8.744237092014019e-06
NEU23_FWD_g.3281.peg.1100-MONOMER,0.0,-7.533697326109856e-07
NEU23_REV_g.3281.peg.1483-MONOMER,0.0,-7.990867359403033e-06
NEU23_FWD_g.3281.peg.1483-MONOMER,0.0,-1.1652644959744266e-36
NEU23_REV_g.3281.peg.967-MONOMER,0.0,-9.219699945688384e-06
NEU23_FWD_g.3281.peg.967-MONOMER,0.0,-1.2288325862853491e-06
NEU23_REV_g.3281.peg.1729-MONOMER,0.0,-8.462068167988569e-06
NEU23_FWD_g.3281.peg.1729-MONOMER,0.0,-4.712008085855348e-07
NEU23_REV_g.3281.peg.3233-MONOMER,0.0,-8.68605674907853e-06
NEU23_FWD_g.3281.peg.3233-MONOMER,0.0,-6.951893896754955e-07
NEU23_REV_g.3281.peg.160-MONOMER,0.0,-8.344012904148734e-06
NEU23_FWD_g.3281.peg.160-MONOMER,0.0,-3.5314554474570016e-07
NEU23_REV_g.3281.peg.147-MONOMER,0.0,-8.036610410235552e-06
NEU23_FWD_g.3281.peg.147-MONOMER,0.0,-4.5743050832517705e-08
NH4tb_REV_CPLX_dummy,0.6203676458128402,-2.04396218389232e-40
NH4tb_FWD_CPLX_dummy,0.0,-3.4675965446396647e-06
NMNAT_REV_g.3281.peg.493-MONOMER,0.0,-1.940194254490842e-06
NMNAT_FWD_g.3281.peg.493-MONOMER,2.3388348634060603e-23,4.506733087849435e-35
NMNPH_REV_g.3281.peg.2577-MONOMER,0.0,0.019993506950958684
NMNPH_FWD_g.3281.peg.2577-MONOMER,0.0,-0.019994312840708125
NNAM_REV_CPLX_dummy,0.0,-1.7337982723198323e-06
NNAM_FWD_CPLX_dummy,0.0,-1.7337982723198323e-06
NNATr_REV_763034.3.peg.1183-MONOMER_mod_mg2(1),0.0,-5.020466708289715e-06
NNATr_FWD_763034.3.peg.1183-MONOMER_mod_mg2(1),0.0012565422756094249,-1.4199849073417782e-35
NNDMBRT_REV_g.3281.peg.1099-MONOMER,0.0,-5.505168245351994e-06
NNDMBRT_FWD_g.3281.peg.1099-MONOMER,0.0,-9.838902466198703e-36
NNDPR_REV_763034.3.peg.3383-MONOMER_mod_mg2(1),0.0,-7.244877886332544e-07
NNDPR_FWD_763034.3.peg.3383-MONOMER_mod_mg2(1),0.0,-1.675753789474031e-35
NO3R1_REV_g.3281.peg.2352-MONOMER,0.0,-1.511468767451211e-06
NO3R1_FWD_g.3281.peg.2352-MONOMER,0.0,-1.2332755152995237e-36
NP1_r_REV_g.3281.peg.90-MONOMER,0.0,-3.129568247527812e-07
NP1_r_FWD_g.3281.peg.90-MONOMER,0.0,-8.65922136622448e-06
NP1_r_REV_g.3281.peg.3631-MONOMER,0.0,5.819411361402153e-36
NP1_r_FWD_g.3281.peg.3631-MONOMER,0.0,-8.3462645414717e-06
NPHS_REV_g.3281.peg.1495-MONOMER_mod_hco3(1),0.0,-6.56303182480101e-06
NPHS_FWD_g.3281.peg.1495-MONOMER_mod_hco3(1),0.0,1.0392916239569753e-34
NT5C_REV_g.3281.peg.2459-MONOMER,0.0,0.01999516754043998
NT5C_FWD_g.3281.peg.2459-MONOMER,0.0,-0.020002393450095274
NT5C_REV_g.3281.peg.1231-MONOMER,0.0,0.019996085551473832
NT5C_FWD_g.3281.peg.1231-MONOMER,0.0,-0.02000147543906142
NT5C_REV_g.3281.peg.2313-MONOMER,0.0,0.01999561639759518
NT5C_FWD_g.3281.peg.2313-MONOMER,0.0,-0.020001944592940073
NTD1_REV_g.3281.peg.2459-MONOMER,0.0,0.019978608553183258
NTD1_FWD_g.3281.peg.2459-MONOMER,0.0,-0.019985834462838553
NTD1_REV_g.3281.peg.1231-MONOMER,0.0,0.01997952656421711
NTD1_FWD_g.3281.peg.1231-MONOMER,0.0,-0.0199849164518047
NTD1_REV_g.3281.peg.2313-MONOMER,0.0,0.01997905741033846
NTD1_FWD_g.3281.peg.2313-MONOMER,0.0,-0.019985385605683352
NTD1_REV_g.3281.peg.780-MONOMER_mod_cobalt2(1),0.0,0.019977483967654596
NTD1_FWD_g.3281.peg.780-MONOMER_mod_cobalt2(1),0.0,-0.019986959048367215
NTD10_REV_g.3281.peg.2459-MONOMER,0.0,0.019982867595566594
NTD10_FWD_g.3281.peg.2459-MONOMER,0.0,-0.01999009350522189
NTD10_REV_g.3281.peg.1231-MONOMER,0.0,0.019983785606600447
NTD10_FWD_g.3281.peg.1231-MONOMER,0.0,-0.019989175494188036
NTD10_REV_g.3281.peg.2313-MONOMER,0.0,0.019983316452721795
NTD10_FWD_g.3281.peg.2313-MONOMER,0.0,-0.019989644648066688
NTD11_REV_g.3281.peg.2459-MONOMER,0.0,-6.307898621442664e-06
NTD11_FWD_g.3281.peg.2459-MONOMER,0.0,-9.180110338541237e-07
NTD11_REV_g.3281.peg.1231-MONOMER,0.0,-5.38988758758854e-06
NTD11_FWD_g.3281.peg.1231-MONOMER,-1.992264271528604e-35,-6.862242356515814e-37
NTD11_REV_g.3281.peg.2313-MONOMER,0.0,-5.859041466240157e-06
NTD11_FWD_g.3281.peg.2313-MONOMER,0.0,-4.691538786516173e-07
NTD2_REV_g.3281.peg.2459-MONOMER,0.0,0.0199811494661697
NTD2_FWD_g.3281.peg.2459-MONOMER,0.0,-0.019988375375825
NTD2_REV_g.3281.peg.1231-MONOMER,0.0,0.019982067477203554
NTD2_FWD_g.3281.peg.1231-MONOMER,0.0,-0.019987457364791142
NTD2_REV_g.3281.peg.2313-MONOMER,0.0,0.019981598323324905
NTD2_FWD_g.3281.peg.2313-MONOMER,0.0,-0.019987926518669794
NTD3_REV_g.3281.peg.2459-MONOMER,0.0,0.01998058009817206
NTD3_FWD_g.3281.peg.2459-MONOMER,0.0,-0.019987806007827354
NTD3_REV_g.3281.peg.1231-MONOMER,0.0,0.019981498109205912
NTD3_FWD_g.3281.peg.1231-MONOMER,0.0,-0.0199868879967935
NTD3_REV_g.3281.peg.2313-MONOMER,0.0,0.01998102895532726
NTD3_FWD_g.3281.peg.2313-MONOMER,0.0,-0.019987357150672153
NTD4_REV_g.3281.peg.2459-MONOMER,0.0,0.01997884629989974
NTD4_FWD_g.3281.peg.2459-MONOMER,0.0,-0.019986072209555034
NTD4_REV_g.3281.peg.1231-MONOMER,0.0,0.019979764310933592
NTD4_FWD_g.3281.peg.1231-MONOMER,0.0,-0.01998515419852118
NTD4_REV_g.3281.peg.2313-MONOMER,0.0,0.01997929515705494
NTD4_FWD_g.3281.peg.2313-MONOMER,0.0,-0.019985623352399833
NTD5_REV_g.3281.peg.2459-MONOMER,0.0,0.01998147658203213
NTD5_FWD_g.3281.peg.2459-MONOMER,0.0,-0.019988702491687427
NTD5_REV_g.3281.peg.1231-MONOMER,0.0,0.019982394593065982
NTD5_FWD_g.3281.peg.1231-MONOMER,0.0,-0.01998778448065357
NTD5_REV_g.3281.peg.2313-MONOMER,0.0,0.019981925439187333
NTD5_FWD_g.3281.peg.2313-MONOMER,0.0,-0.019988253634532223
NTD5_a_REV_g.3281.peg.2459-MONOMER,0.0,0.03997275619573314
NTD5_a_FWD_g.3281.peg.2459-MONOMER,0.0,-0.03997998210538844
NTD5_a_REV_g.3281.peg.1231-MONOMER,0.0,0.039973674206767
NTD5_a_FWD_g.3281.peg.1231-MONOMER,0.0,-0.03997906409435459
NTD5_a_REV_g.3281.peg.2313-MONOMER,0.0,0.039973205052888344
NTD5_a_FWD_g.3281.peg.2313-MONOMER,0.0,-0.03997953324823324
NTD6_REV_g.3281.peg.2459-MONOMER,0.0,0.024521963654785817
NTD6_FWD_g.3281.peg.2459-MONOMER,0.0,-0.024529189564441112
NTD6_REV_g.3281.peg.1231-MONOMER,0.0,0.02452288166581967
NTD6_FWD_g.3281.peg.1231-MONOMER,0.0,-0.02452827155340726
NTD6_REV_g.3281.peg.2313-MONOMER,0.0,0.024522412511941018
NTD6_FWD_g.3281.peg.2313-MONOMER,0.0,-0.02452874070728591
NTD7_REV_g.3281.peg.2459-MONOMER,0.0,1.7772784865595339e-06
NTD7_FWD_g.3281.peg.2459-MONOMER,0.0,-9.003188141856322e-06
NTD7_REV_g.3281.peg.1231-MONOMER,0.0,2.6952895204136574e-06
NTD7_FWD_g.3281.peg.1231-MONOMER,0.0,-8.085177108002199e-06
NTD7_REV_g.3281.peg.2313-MONOMER,0.0,2.22613564176204e-06
NTD7_FWD_g.3281.peg.2313-MONOMER,0.0,-8.554330986653815e-06
NTD8_REV_g.3281.peg.2459-MONOMER,0.0,0.01998058009817206
NTD8_FWD_g.3281.peg.2459-MONOMER,0.0,-0.019987806007827354
NTD8_REV_g.3281.peg.1231-MONOMER,0.0,0.019981498109205912
NTD8_FWD_g.3281.peg.1231-MONOMER,0.0,-0.0199868879967935
NTD8_REV_g.3281.peg.2313-MONOMER,0.0,0.01998102895532726
NTD8_FWD_g.3281.peg.2313-MONOMER,0.0,-0.019987357150672153
NTD9_REV_g.3281.peg.2459-MONOMER,0.0,0.019996710330688245
NTD9_FWD_g.3281.peg.2459-MONOMER,0.0,-0.020003936240343544
NTD9_REV_g.3281.peg.1231-MONOMER,0.0,0.0199976283417221
NTD9_FWD_g.3281.peg.1231-MONOMER,0.0,-0.020003018229309687
NTD9_REV_g.3281.peg.2313-MONOMER,0.0,0.019997159187843446
NTD9_FWD_g.3281.peg.2313-MONOMER,0.0,-0.02000348738318834
NTPP7_REV_CPLX_dummy,0.0,0.019987188554838463
NTPP7_FWD_CPLX_dummy,0.0,-0.019990656151383103
NTPTP1_REV_g.3281.peg.2346-MONOMER_mod_mg2(1),0.0,0.019984872969045886
NTPTP1_FWD_g.3281.peg.2346-MONOMER_mod_mg2(1),0.0,-0.01998950143826235
NTPTP1_REV_g.3281.peg.2531-MONOMER,0.0,0.0199845233569904
NTPTP1_FWD_g.3281.peg.2531-MONOMER,0.0,-0.019989851050317833
O2t_REV_CPLX_dummy,0.0,-3.4675965446396647e-06
O2t_FWD_CPLX_dummy,0.0,5.989111093739434e-36
OAACLi_REV_g.3281.peg.3134-MONOMER_mod_mg2(1),0.0,0.01997763389433345
OAACLi_FWD_g.3281.peg.3134-MONOMER_mod_mg2(1),0.0,-0.019993939585979864
OAACLi_REV_g.3281.peg.3134-MONOMER_mod_fmn(1),0.0,0.019977706363209977
OAACLi_FWD_g.3281.peg.3134-MONOMER_mod_fmn(1),0.0,-0.019993867117103336
OAADC_REV_g.3281.peg.22-MONOMER,0.0,0.019976837641925885
OAADC_FWD_g.3281.peg.22-MONOMER,0.0,-0.01998170536491019
OAADC_REV_g.3281.peg.911-MONOMER,0.0,0.019976369355164003
OAADC_FWD_g.3281.peg.911-MONOMER,0.0,-0.019982173651672073
OAADC_REV_g.3281.peg.302-MONOMER,0.0,0.01997771634601442
OAADC_FWD_g.3281.peg.302-MONOMER,0.0,-0.019980826660821654
OAASr_REV_763034.3.peg.1095-MONOMER,0.0,7.068322851733042e-35
OAASr_FWD_763034.3.peg.1095-MONOMER,0.0,-6.472250108733693e-06
OBTFL_REV_g.3281.peg.3301-MONOMER_mod_glycyl(1),0.0,-0.03992963953807049
OBTFL_FWD_g.3281.peg.3301-MONOMER_mod_glycyl(1),0.0,-3.009440895083388e-36
OCDCAt2_REV_CPLX_dummy,0.0,-3.4675965446396647e-06
OCDCAt2_FWD_CPLX_dummy,0.03455992801480027,-5.16751167525408e-38
OCDCEAtr_REV_CPLX_dummy,0.0,0.0
OCDCEAtr_FWD_CPLX_dummy,0.0,-3.4675965446396647e-06
OHPBAT_REV_763034.3.peg.1514-MONOMER,0.0,-1.3620752009679328e-34
OHPBAT_FWD_763034.3.peg.1514-MONOMER,0.0,-5.708648629486098e-06
OIVD1r_REV_CPLX_dummy,0.0,-3.4675965446396647e-06
OIVD1r_FWD_CPLX_dummy,0.034559898054854495,4.892695595241723e-35
OIVD2_REV_CPLX_dummy,0.0,-3.4675965446396647e-06
OIVD2_FWD_CPLX_dummy,0.0,-8.342043914480115e-36
OIVD3_REV_CPLX_dummy,0.0,-3.4675965446396647e-06
OIVD3_FWD_CPLX_dummy,0.034559898054854495,-3.697654384792879e-35
OMBZLM_REV_CPLX_dummy,0.0,-3.4675965446396647e-06
OMBZLM_FWD_CPLX_dummy,0.0,1.5160050964359498e-35
OMCDC_REV_g.3281.peg.3153-MONOMER_mod_mg2(1)_mod_mn2(1),0.0,-6.457625727856514e-06
OMCDC_FWD_g.3281.peg.3153-MONOMER_mod_mg2(1)_mod_mn2(1),0.18248506056400657,-4.6910097316800173e-36
OMMBLHX3_REV_CPLX_dummy,0.0,0.0849573863772001
OMMBLHX3_FWD_CPLX_dummy,0.0,-0.08496085397374474
OMPDC_REV_763034.3.peg.3480-MONOMER,0.0,-2.0551673792990557e-06
OMPDC_FWD_763034.3.peg.3480-MONOMER,0.0,-4.009634126283744e-36
OMPHHX3_REV_CPLX_dummy,0.0,0.08620091265471923
OMPHHX3_FWD_CPLX_dummy,0.0,-0.08620438025126387
OOR2r_REV_CPLX_dummy,0.0,-3.4675965446396647e-06
OOR2r_FWD_CPLX_dummy,0.14197035076355638,5.736633786460728e-35
OPHHX3_REV_CPLX_dummy,0.0,0.04122286528858775
OPHHX3_FWD_CPLX_dummy,0.0,-0.04122633288513239
ORNDC_REV_g.3281.peg.3026-MONOMER_mod_pydx5p(1),0.0,-9.493928801390428e-06
ORNDC_FWD_g.3281.peg.3026-MONOMER_mod_pydx5p(1),0.0012562772859557776,-4.622526921912655e-37
ORNTAC_REV_763034.3.peg.2961-MONOMER_mod_zn2(1),5.524564029759571e-23,-3.779876940420745e-35
ORNTAC_FWD_763034.3.peg.2961-MONOMER_mod_zn2(1),0.0,-9.382392063878051e-06
ORNt2r_REV_CPLX_dummy,0.019013771548627607,8.726099409697609e-37
ORNt2r_FWD_CPLX_dummy,0.0,-3.4675965446396647e-06
OROTPT_REV_763034.3.peg.3066-MONOMER,0.0,-1.4646940189069466e-06
OROTPT_FWD_763034.3.peg.3066-MONOMER,0.0,1.9265382658389246e-35
OXAMTC_REV_g.3281.peg.2918-MONOMER,0.0,5.05733794842338e-07
OXAMTC_FWD_g.3281.peg.2918-MONOMER,0.0,4.155188711797264e-37
P5CRyr_REV_763034.3.peg.3073-MONOMER,0.07217231155408697,-4.531299785670921e-35
P5CRyr_FWD_763034.3.peg.3073-MONOMER,0.0,-1.181647257599891e-05
PAAI17P_REV_CPLX_dummy,0.0,0.019980763055808325
PAAI17P_FWD_CPLX_dummy,0.0,-0.019984230652352962
PACTH_REV_g.3281.peg.20-MONOMER,0.0,-1.475169457350093e-06
PACTH_FWD_g.3281.peg.20-MONOMER,0.0,-3.743877570093201e-37
PAI17P_REV_CPLX_dummy,0.0,0.019980763055808325
PAI17P_FWD_CPLX_dummy,0.0,-0.019984230652352962
PANTS_REV_763034.3.peg.1594-MONOMER_mod_mg2(1)_mod_k(1),0.0,-7.1403540555039255e-06
PANTS_FWD_763034.3.peg.1594-MONOMER_mod_mg2(1)_mod_k(1),0.0,-2.1840992309809925e-08
PANTS_REV_763034.3.peg.1594-MONOMER_mod_mn2(1)_mod_k(1),0.0,-7.1185130631941156e-06
PANTS_FWD_763034.3.peg.1594-MONOMER_mod_mn2(1)_mod_k(1),0.0012584757008160417,3.0924794654543603e-35
PANTS_REV_763034.3.peg.1594-MONOMER_mod_mg2(1)_mod_nh4(1),0.0,-7.159393323708253e-06
PANTS_FWD_763034.3.peg.1594-MONOMER_mod_mg2(1)_mod_nh4(1),0.0,-4.088026051413839e-08
PANTS_REV_763034.3.peg.1594-MONOMER_mod_mn2(1)_mod_nh4(1),0.0,-7.137539899464914e-06
PANTS_FWD_763034.3.peg.1594-MONOMER_mod_mn2(1)_mod_nh4(1),0.0,-1.9026836270799196e-08
PAPA180_REV_CPLX_dummy,0.0,0.019980763055808325
PAPA180_FWD_CPLX_dummy,0.0,-0.019984230652352962
PAPPT2_REV_g.3281.peg.2324-MONOMER,0.0,-3.883512953927897e-06
PAPPT2_FWD_g.3281.peg.2324-MONOMER,0.0,5.427283236597316e-37
PAPPT3_REV_g.3281.peg.2324-MONOMER,0.0,-3.883512953927897e-06
PAPPT3_FWD_g.3281.peg.2324-MONOMER,0.0,1.8943268116398568e-35
PBt_REV_g.3281.peg.2930-MONOMER,0.0,-5.448124947004895e-06
PBt_FWD_g.3281.peg.2930-MONOMER,0.0,-3.3346934092099065e-07
PBt_REV_g.3281.peg.649-MONOMER,0.0,-6.529841013068966e-06
PBt_FWD_g.3281.peg.649-MONOMER,0.0,-1.4151854069850606e-06
PBt_REV_g.3281.peg.998-MONOMER,0.0,-5.114655606083905e-06
PBt_FWD_g.3281.peg.998-MONOMER,0.0,-6.7202490399881e-36
PC11M_REV_g.3281.peg.1702-MONOMER,0.0,-5.8508416972175925e-06
PC11M_FWD_g.3281.peg.1702-MONOMER,0.0,7.45218831592779e-36
PC17M_REV_g.3281.peg.1366-MONOMER,0.0,-4.382222978098464e-06
PC17M_FWD_g.3281.peg.1366-MONOMER,0.0,6.795959655609517e-36
PC20M_REV_g.3281.peg.1338-MONOMER,0.0,-2.1281490425691115e-06
PC20M_FWD_g.3281.peg.1338-MONOMER,0.0,1.8138607141428722e-35
PC6AR_REV_g.3281.peg.1935-MONOMER,0.0,-5.445099363719485e-06
PC6AR_FWD_g.3281.peg.1935-MONOMER,0.0,-5.164603416333511e-35
PC6YM_REV_g.3281.peg.1236-MONOMER,0.0,-4.246921379551742e-06
PC6YM_FWD_g.3281.peg.1236-MONOMER,0.0,1.2312624186200844e-35
PC8XM_REV_g.3281.peg.2770-MONOMER_mod_mg2(1),0.0,-3.9218362492628944e-06
PC8XM_FWD_g.3281.peg.2770-MONOMER_mod_mg2(1),0.0,6.319295057190852e-37
PC8XM_REV_g.3281.peg.1366-MONOMER,0.0,-4.152029613680679e-06
PC8XM_FWD_g.3281.peg.1366-MONOMER,0.0,-2.3019336441778452e-07
PDHa_REV_CPLX_dummy,0.0,-3.4675965446396647e-06
PDHa_FWD_CPLX_dummy,0.0,1.238388015720554e-36
PDHbr_REV_g.3281.peg.593-MONOMER,0.0,7.804833282316874e-36
PDHbr_FWD_g.3281.peg.593-MONOMER,0.0,-6.0240158757642706e-06
PDHc_REV_g.3281.peg.464-MONOMER,0.0,0.0012549056792418415
PDHc_FWD_g.3281.peg.464-MONOMER,0.0,-0.001258246578992268
PDHc_REV_g.3281.peg.744-MONOMER,0.0,0.0012526068812011581
PDHc_FWD_g.3281.peg.744-MONOMER,0.0,-0.0012605453770329516
PDHc_REV_g.3281.peg.1885-MONOMER,0.0,0.0012528418615712765
PDHc_FWD_g.3281.peg.1885-MONOMER,0.0,-0.0012603103966628332
PDX5PO_REV_g.3281.peg.2297-MONOMER,0.0,0.05620221286680319
PDX5PO_FWD_g.3281.peg.2297-MONOMER,0.0,-0.056202719900817065
PDX5PO2_REV_763034.3.peg.2816-MONOMER_mod_fmn(1),0.0,0.0012581177940937992
PDX5PO2_FWD_763034.3.peg.2816-MONOMER_mod_fmn(1),0.0,-0.0012617798330203944
PDX5PS_REV_763034.3.peg.2269-MONOMER,0.0,0.11768585382268978
PDX5PS_FWD_763034.3.peg.2269-MONOMER,0.0,-0.11769546555704528
PDX5PSYN_REV_g.3281.peg.1237-MONOMER,0.0,0.11768640467793622
PDX5PSYN_FWD_g.3281.peg.1237-MONOMER,0.0,-0.11769491470179885
PEPCK_REV_g.3281.peg.3134-MONOMER_mod_mg2(1),0.0,0.01997936769260577
PEPCK_FWD_g.3281.peg.3134-MONOMER_mod_mg2(1),0.0,-0.019995673384252184
PEPCK_REV_g.3281.peg.3134-MONOMER_mod_fmn(1),0.0,0.019979440161482297
PEPCK_FWD_g.3281.peg.3134-MONOMER_mod_fmn(1),0.0,-0.019995600915375656
PEPGLY_REV_g.3281.peg.3042-MONOMER,0.0,-1.2538928393753561e-05
PEPGLY_FWD_g.3281.peg.3042-MONOMER,0.0,-1.7312449659404483e-34
PERD_REV_763034.3.peg.3641-MONOMER,3.725321888714739e-24,-1.6230026649132753e-35
PERD_FWD_763034.3.peg.3641-MONOMER,0.0,-6.406488569624765e-06
PERD_REV_763034.3.peg.2857-MONOMER,0.0,-6.669212599408475e-07
PERD_FWD_763034.3.peg.2857-MONOMER,0.0,-7.073409829565612e-06
PETHCT_REV_g.3281.peg.493-MONOMER,0.0,-1.940194254490842e-06
PETHCT_FWD_g.3281.peg.493-MONOMER,0.0,4.025990169258871e-36
PFK_REV_763034.3.peg.2852-MONOMER,0.0,-2.133052764900292e-06
PFK_FWD_763034.3.peg.2852-MONOMER,0.0,-2.1044886378215467e-06
PFK_REV_763034.3.peg.1099-MONOMER_mod_mg2(1),0.0,-4.98006254059224e-06
PFK_FWD_763034.3.peg.1099-MONOMER_mod_mg2(1),0.0,-4.951498413513495e-06
PFK(ppi)_REV_763034.3.peg.681-MONOMER,0.0,-6.019567804595931e-06
PFK(ppi)_FWD_763034.3.peg.681-MONOMER,2.8972736257401666,1.27074293387807e-36
PFK_2_REV_g.3281.peg.2004-MONOMER,0.0,-5.2948080658805446e-06
PFK_2_FWD_g.3281.peg.2004-MONOMER,0.0,-2.4644930129891955e-06
PFK_2_REV_g.3281.peg.595-MONOMER,0.0,-4.935028948954022e-06
PFK_2_FWD_g.3281.peg.595-MONOMER,0.0,-2.104713896062673e-06
PFK_2_REV_g.3281.peg.3276-MONOMER_mod_mg2(1),0.0,-2.8303150528913495e-06
PFK_2_FWD_g.3281.peg.3276-MONOMER_mod_mg2(1),0.0,-7.5486285175914e-36
PFK_3_REV_g.3281.peg.2004-MONOMER,0.0,-7.399521961943218e-06
PFK_3_FWD_g.3281.peg.2004-MONOMER,0.0,-3.597791169265223e-07
PFK_3_REV_g.3281.peg.595-MONOMER,0.0,-7.039742845016696e-06
PFK_3_FWD_g.3281.peg.595-MONOMER,0.058790267932568634,-6.16224887445489e-35
PFL_REV_g.3281.peg.3301-MONOMER_mod_glycyl(1),0.0,-0.019968379805930244
PFL_FWD_g.3281.peg.3301-MONOMER_mod_glycyl(1),0.0,-0.01996125973214024
PFL_REV_g.3281.peg.3200-MONOMER,0.0,-7.120073790004201e-06
PFL_FWD_g.3281.peg.3200-MONOMER,6.268057197156916,1.670949622413569e-34
PGAMT_REV_763034.3.peg.178-MONOMER,0.020294365379647957,-1.6082457926510083e-35
PGAMT_FWD_763034.3.peg.178-MONOMER,0.0,-9.570056595081332e-06
PGCDr_REV_763034.3.peg.3641-MONOMER,0.0,-5.787976533178465e-35
PGCDr_FWD_763034.3.peg.3641-MONOMER,0.0,-6.406488569624765e-06
PGI_REV_763034.3.peg.2469-MONOMER,0.0,-7.346067851268231e-06
PGI_FWD_763034.3.peg.2469-MONOMER,0.02845891655088011,9.311275400470672e-36
PGK_REV_763034.3.peg.841-MONOMER,11.581088032591564,-5.5153265197382534e-36
PGK_FWD_763034.3.peg.841-MONOMER,0.0,-7.987013993101628e-06
PGL_REV_763034.3.peg.2815-MONOMER,0.0,-2.600297665831738e-06
PGL_FWD_763034.3.peg.2815-MONOMER,0.0,-1.9113214886997e-35
PGLYCP_REV_g.3281.peg.560-MONOMER_mod_mg2(1)_mod_cl(1),0.0,-2.5246058949704638e-06
PGLYCP_FWD_g.3281.peg.560-MONOMER_mod_mg2(1)_mod_cl(1),0.0,-2.5042627521000484e-06
PGLYCP_REV_g.3281.peg.558-MONOMER,0.0,-2.034314287041538e-08
PGLYCP_FWD_g.3281.peg.558-MONOMER,0.0,-1.807578377498661e-36
PGM_REV_763034.3.peg.923-MONOMER,11.581088032591564,-8.1495002619435e-36
PGM_FWD_763034.3.peg.923-MONOMER,0.0,-5.247052681726193e-06
PGM_REV_763034.3.peg.2919-MONOMER,0.0,-1.493634228918695e-06
PGM_FWD_763034.3.peg.2919-MONOMER,0.0,-6.7406869106448875e-06
PGMT_REV_g.3281.peg.2770-MONOMER_mod_mg2(1),0.0,-3.9218362492628944e-06
PGMT_FWD_g.3281.peg.2770-MONOMER_mod_mg2(1),0.02845891655088011,2.9650617839142616e-35
PGMT_REV_g.3281.peg.1281-MONOMER,0.0,-6.868911074449274e-06
PGMT_FWD_g.3281.peg.1281-MONOMER,0.0,-2.9470748251863788e-06
PGMT2_REV_g.3281.peg.1281-MONOMER,0.0,-9.815985899635653e-06
PGMT2_FWD_g.3281.peg.1281-MONOMER,0.14898578,2.05512036642077e-35
PGPP120_REV_g.3281.peg.3287-MONOMER_mod_mg2(1),0.0,-5.448075318531541e-06
PGPP120_FWD_g.3281.peg.3287-MONOMER_mod_mg2(1),0.0,-6.660895944562919e-37
PGPP140_REV_g.3281.peg.3287-MONOMER_mod_mg2(1),0.0,-5.448075318531541e-06
PGPP140_FWD_g.3281.peg.3287-MONOMER_mod_mg2(1),0.0,-9.22349746183277e-36
PGPP141_REV_g.3281.peg.3287-MONOMER_mod_mg2(1),0.0,-5.448075318531541e-06
PGPP141_FWD_g.3281.peg.3287-MONOMER_mod_mg2(1),0.0,-6.660895944562919e-37
PGPP160_REV_g.3281.peg.3287-MONOMER_mod_mg2(1),0.0,-5.448075318531541e-06
PGPP160_FWD_g.3281.peg.3287-MONOMER_mod_mg2(1),-1.6770781769487623e-23,-5.196481994832075e-36
PGPP161_REV_g.3281.peg.3287-MONOMER_mod_mg2(1),0.0,-5.448075318531541e-06
PGPP161_FWD_g.3281.peg.3287-MONOMER_mod_mg2(1),0.0,-6.660895944562919e-37
PGPP180_REV_g.3281.peg.3287-MONOMER_mod_mg2(1),0.0,-5.448075318531541e-06
PGPP180_FWD_g.3281.peg.3287-MONOMER_mod_mg2(1),0.012959961770570436,-2.935857479683625e-35
PGPP181_REV_g.3281.peg.3287-MONOMER_mod_mg2(1),0.0,-5.448075318531541e-06
PGPP181_FWD_g.3281.peg.3287-MONOMER_mod_mg2(1),0.0,-6.660895944562919e-37
PGPPAI15_REV_g.3281.peg.3287-MONOMER_mod_mg2(1),0.0,-5.448075318531541e-06
PGPPAI15_FWD_g.3281.peg.3287-MONOMER_mod_mg2(1),-1.9581753732907922e-23,-5.196481994832075e-36
PGPPAI17_REV_g.3281.peg.3287-MONOMER_mod_mg2(1),0.0,-5.448075318531541e-06
PGPPAI17_FWD_g.3281.peg.3287-MONOMER_mod_mg2(1),0.012959961770570436,-2.935857479683625e-35
PGPPI14_REV_g.3281.peg.3287-MONOMER_mod_mg2(1),0.0,-5.448075318531541e-06
PGPPI14_FWD_g.3281.peg.3287-MONOMER_mod_mg2(1),0.0,-5.196481994832075e-36
PGPPI15_REV_g.3281.peg.3287-MONOMER_mod_mg2(1),0.0,-5.448075318531541e-06
PGPPI15_FWD_g.3281.peg.3287-MONOMER_mod_mg2(1),0.0,-5.196481994832075e-36
PGPPI16_REV_g.3281.peg.3287-MONOMER_mod_mg2(1),0.0,-5.448075318531541e-06
PGPPI16_FWD_g.3281.peg.3287-MONOMER_mod_mg2(1),0.0,-5.196481994832075e-36
PGPPI17_REV_g.3281.peg.3287-MONOMER_mod_mg2(1),0.0,-5.448075318531541e-06
PGPPI17_FWD_g.3281.peg.3287-MONOMER_mod_mg2(1),0.012959961770570436,-9.379082226884739e-35
PGSA120_REV_g.3281.peg.3247-MONOMER,0.0,0.07237528910965023
PGSA120_FWD_g.3281.peg.3247-MONOMER,0.0,-0.07237729289298937
PGSA140_REV_g.3281.peg.3247-MONOMER,0.0,0.15604601283194522
PGSA140_FWD_g.3281.peg.3247-MONOMER,0.0,-0.15604801661528436
PGSA141_REV_g.3281.peg.3247-MONOMER,0.0,0.07237528910965023
PGSA141_FWD_g.3281.peg.3247-MONOMER,0.0,-0.07237729289298937
PGSA160_REV_g.3281.peg.3247-MONOMER,0.0,0.018718789841778875
PGSA160_FWD_g.3281.peg.3247-MONOMER,0.0,-0.018720793625118026
PGSA161_REV_g.3281.peg.3247-MONOMER,0.0,0.07237528910965023
PGSA161_FWD_g.3281.peg.3247-MONOMER,0.0,-0.07237729289298937
PGSA180_REV_g.3281.peg.3247-MONOMER,0.0,-2.003783339152005e-06
PGSA180_FWD_g.3281.peg.3247-MONOMER,0.012959961770570436,3.9375985408119976e-35
PGSA181_REV_g.3281.peg.3247-MONOMER,0.0,0.07237528910965023
PGSA181_FWD_g.3281.peg.3247-MONOMER,0.0,-0.07237729289298937
PGSAAI15_REV_g.3281.peg.3247-MONOMER,0.0,0.018718789841778875
PGSAAI15_FWD_g.3281.peg.3247-MONOMER,0.0,-0.018720793625118026
PGSAAI17_REV_g.3281.peg.3247-MONOMER,0.0,-2.003783339152005e-06
PGSAAI17_FWD_g.3281.peg.3247-MONOMER,0.012959961770570436,8.53239301093654e-36
PGSAI14_REV_g.3281.peg.3247-MONOMER,0.0,0.018718789841778875
PGSAI14_FWD_g.3281.peg.3247-MONOMER,0.0,-0.018720793625118026
PGSAI15_REV_g.3281.peg.3247-MONOMER,0.0,0.053678070901972616
PGSAI15_FWD_g.3281.peg.3247-MONOMER,0.0,-0.05368007468531177
PGSAI16_REV_g.3281.peg.3247-MONOMER,0.0,0.053678070901972616
PGSAI16_FWD_g.3281.peg.3247-MONOMER,0.0,-0.05368007468531177
PGSAI17_REV_g.3281.peg.3247-MONOMER,0.0,-2.003783339152005e-06
PGSAI17_FWD_g.3281.peg.3247-MONOMER,0.012959961770570436,1.319067625996703e-34
PHETA1_REV_763034.3.peg.748-MONOMER,0.9013684708531686,7.70054344929028e-37
PHETA1_FWD_763034.3.peg.748-MONOMER,0.0,-4.29454840921371e-06
PHEt2r_REV_CPLX_dummy,0.7912634527943042,3.7366272517056445e-37
PHEt2r_FWD_CPLX_dummy,0.0,-3.4675965446396647e-06
PHTHRDH_REV_g.3281.peg.743-MONOMER,0.0,-6.681669814237818e-35
PHTHRDH_FWD_g.3281.peg.743-MONOMER,0.0,-4.80038216847788e-06
PIabc_REV_CPLX_PIabc-0,0.0,0.014986980127448205
PIabc_FWD_CPLX_PIabc-0,0.0,-0.014992913834444262
PIt6b_REV_g.3281.peg.413-MONOMER,0.681492253543838,-6.495846981340889e-35
PIt6b_FWD_g.3281.peg.413-MONOMER,0.0,-5.338180665229966e-06
PIt6b_REV_g.3281.peg.2686-MONOMER,0.0,-1.1041160751950326e-06
PIt6b_FWD_g.3281.peg.2686-MONOMER,0.0,-6.4422967404249985e-06
PIt7ir_REV_g.3281.peg.2853-MONOMER,0.0,0.009979885030671326
PIt7ir_FWD_g.3281.peg.2853-MONOMER,0.0,-0.009980757543464202
PMACPME_REV_763034.3.peg.3331-MONOMER,0.0,-2.792421514609899e-06
PMACPME_FWD_763034.3.peg.3331-MONOMER,0.0,6.11553305526899e-35
PMANM_REV_g.3281.peg.819-MONOMER,0.0,2.7650676553267883e-36
PMANM_FWD_g.3281.peg.819-MONOMER,0.0,-5.6314126694478146e-06
PMPK_REV_763034.3.peg.1965-MONOMER,0.0,-9.133629592468658e-06
PMPK_FWD_763034.3.peg.1965-MONOMER,0.0,1.1816541926264628e-35
PMTCOATA_REV_g.3281.peg.1312-MONOMER,0.0,-5.506421858084594e-06
PMTCOATA_FWD_g.3281.peg.1312-MONOMER,0.0,-4.745579549219648e-06
PNP_REV_g.3281.peg.90-MONOMER,0.0,-3.129568247527812e-07
PNP_FWD_g.3281.peg.90-MONOMER,0.0,-8.65922136622448e-06
PNP_REV_g.3281.peg.3631-MONOMER,2.3388348634060603e-23,-2.698284864268485e-35
PNP_FWD_g.3281.peg.3631-MONOMER,0.0,-8.3462645414717e-06
PNTK_REV_763034.3.peg.1548-MONOMER,0.0,-8.520465287253172e-06
PNTK_FWD_763034.3.peg.1548-MONOMER,0.0,-1.39847145952778e-06
PNTK_REV_763034.3.peg.1523-MONOMER,0.0,-7.1219938277253926e-06
PNTK_FWD_763034.3.peg.1523-MONOMER,0.0012584757008160417,-1.233315767636482e-35
POR4_REV_g.3281.peg.431-MONOMER_mod_thmpp(1),0.14197035076355638,-1.1087374276500205e-34
POR4_FWD_g.3281.peg.431-MONOMER_mod_thmpp(1),0.0,-9.386685133500438e-06
PPA_REV_CPLX_dummy,0.0,0.019977729954616306
PPA_FWD_CPLX_dummy,0.0,-0.019981197551160946
PPA2_REV_CPLX_dummy,0.0,0.019983847381637738
PPA2_FWD_CPLX_dummy,0.0,-0.019987314978182378
PPAKr_REV_g.3281.peg.2420-MONOMER,0.0,-7.755059027811211e-06
PPAKr_FWD_g.3281.peg.2420-MONOMER,6.273515081210087,-7.988481054960649e-36
PPAt2r_REV_CPLX_dummy,0.0,-3.4675965446396647e-06
PPAt2r_FWD_CPLX_dummy,6.273515081210087,8.726099409697609e-37
PPC_REV_g.3281.peg.3410-MONOMER,0.0,-6.654970858541935e-06
PPC_FWD_g.3281.peg.3410-MONOMER,0.29681474293361193,5.303476696640833e-34
PPCDC_REV_763034.3.peg.894-MONOMER,0.0,-8.455082411933407e-06
PPCDC_FWD_763034.3.peg.894-MONOMER,0.0012584757008160417,-1.05880483145272e-35
PPCK_REV_763034.3.peg.2692-MONOMER_mod_mg2(1),0.0,0.01998324496465259
PPCK_FWD_763034.3.peg.2692-MONOMER_mod_mg2(1),0.0,-0.019988328515660722
PPCK_REV_763034.3.peg.2692-MONOMER_mod_ca2(1),0.0,0.01998326582793135
PPCK_FWD_763034.3.peg.2692-MONOMER_mod_ca2(1),0.0,-0.019988307652381965
PPCK_REV_763034.3.peg.2692-MONOMER_mod_mn2(1),0.0,0.01998326746750957
PPCK_FWD_763034.3.peg.2692-MONOMER_mod_mn2(1),0.0,-0.01998830601280374
PPDK_REV_g.3281.peg.2845-MONOMER,0.0,6.686319401802912e-06
PPDK_FWD_g.3281.peg.2845-MONOMER,0.0,-1.5408883857210645e-05
PPGPPDP_REV_g.3281.peg.425-MONOMER_mod_mn2(1),0.0,-1.730672059348118e-06
PPGPPDP_FWD_g.3281.peg.425-MONOMER_mod_mn2(1),0.0,-2.185702416882975e-36
PPIt2e_REV_g.3281.peg.413-MONOMER,0.0,-5.338180665229966e-06
PPIt2e_FWD_g.3281.peg.413-MONOMER,0.0,1.2057988137635821e-36
PPIt2e_REV_g.3281.peg.2686-MONOMER,0.0,-6.4422967404249985e-06
PPIt2e_FWD_g.3281.peg.2686-MONOMER,0.0,-1.1041160751950326e-06
PPM_REV_g.3281.peg.285-MONOMER,0.0,-6.570360531424013e-06
PPM_FWD_g.3281.peg.285-MONOMER,1.0,4.101774714652077e-37
PPM_REV_g.3281.peg.1281-MONOMER,0.0,-8.193173215529833e-06
PPM_FWD_g.3281.peg.1281-MONOMER,0.0,-1.62281268410582e-06
PPNCL3_REV_763034.3.peg.894-MONOMER,0.0,-8.455082411933407e-06
PPNCL3_FWD_763034.3.peg.894-MONOMER,0.0012584757008160417,6.81446109179937e-36
PPND_REV_763034.3.peg.2248-MONOMER,0.0,-3.2384417682191593e-06
PPND_FWD_763034.3.peg.2248-MONOMER,0.0,-2.7988956360956255e-07
PPND2_REV_g.3281.peg.1778-MONOMER,0.0,-2.9585522046095967e-06
PPND2_FWD_g.3281.peg.1778-MONOMER,0.09863152914683142,-3.903049497599788e-35
PPNDH_REV_763034.3.peg.2245-MONOMER,0.0,-7.606235772343706e-06
PPNDH_FWD_763034.3.peg.2245-MONOMER,0.9013684708531686,1.8658221811646006e-36
PPS_REV_g.3281.peg.833-MONOMER,0.0,0.01998812433938623
PPS_FWD_g.3281.peg.833-MONOMER,0.0,-0.01999289836965004
PPTT_REV_g.3281.peg.224-MONOMER,0.0,-4.897469429707374e-06
PPTT_FWD_g.3281.peg.224-MONOMER,0.0,-2.969727034101376e-35
PPTT_REV_g.3281.peg.3080-MONOMER_mod_mg2(1),0.0,-7.48958159702714e-06
PPTT_FWD_g.3281.peg.3080-MONOMER_mod_mg2(1),0.0,-2.592112167319765e-06
PRAGS_REV_763034.3.peg.2070-MONOMER_mod_mg2(1),0.0,-6.834465368755538e-06
PRAGS_FWD_763034.3.peg.2070-MONOMER_mod_mg2(1),-2.2332813118047932e-32,-3.9541997757102885e-35
PRAI_REV_763034.3.peg.3304-MONOMER,0.0,-2.20234967526234e-06
PRAI_FWD_763034.3.peg.3304-MONOMER,0.0,1.1219244650829998e-35
PRAIS_REV_763034.3.peg.3482-MONOMER_mod_k(1)_mod_mg2(1),0.0,-9.617602518285538e-06
PRAIS_FWD_763034.3.peg.3482-MONOMER_mod_k(1)_mod_mg2(1),0.0,-3.427420727942179e-35
PRAMPC_REV_g.3281.peg.3245-MONOMER,0.0,-4.4363498216502295e-06
PRAMPC_FWD_g.3281.peg.3245-MONOMER,0.031951085058767044,4.2418554618914114e-35
PRASCSi_REV_763034.3.peg.3502-MONOMER,0.0,-1.948469006606379e-06
PRASCSi_FWD_763034.3.peg.3502-MONOMER,0.0,1.389248756846277e-33
PRATPP_REV_g.3281.peg.3245-MONOMER,0.0,-4.4363498216502295e-06
PRATPP_FWD_g.3281.peg.3245-MONOMER,0.031951085058767044,1.470124021642037e-34
PREN_REV_CPLX_dummy,0.0,-3.4675965446396647e-06
PREN_FWD_CPLX_dummy,0.0,1.3230126234864688e-34
PRFGS_REV_763034.3.peg.142-MONOMER,0.0,0.13930506995528819
PRFGS_FWD_763034.3.peg.142-MONOMER,0.0,-0.13931450524274486
PRMICI_REV_g.3281.peg.3114-MONOMER,0.0,-3.9427459628114356e-06
PRMICI_FWD_g.3281.peg.3114-MONOMER,0.031951085058767044,-3.852087583250956e-35
PRO1x_REV_g.3281.peg.2075-MONOMER,0.0,2.5857908642681344e-06
PRO1x_FWD_g.3281.peg.2075-MONOMER,0.0,-9.230681711730777e-06
PRODTHLOX_REV_g.3281.peg.3175-MONOMER,0.0,2.2271945787480884e-35
PRODTHLOX_FWD_g.3281.peg.3175-MONOMER,0.0,-6.052059569376765e-06
PRPPS_REV_g.3281.peg.1676-MONOMER_mod_mg2(1)_mod_pi(1),0.0,-6.285392170353623e-06
PRPPS_FWD_g.3281.peg.1676-MONOMER_mod_mg2(1)_mod_pi(1),0.0,-3.515602818968872e-08
PRPPS_REV_g.3281.peg.1676-MONOMER_mod_mn2(1)_mod_pi(1),0.0,-6.250236142163935e-06
PRPPS_FWD_g.3281.peg.1676-MONOMER_mod_mn2(1)_mod_pi(1),0.029270177944712178,-3.487506937043295e-35
PSCVT_REV_763034.3.peg.1362-MONOMER,0.0,-9.48921183505737e-06
PSCVT_FWD_763034.3.peg.1362-MONOMER,-2.1016830053073217e-23,5.862788260946091e-36
PSD120_REV_g.3281.peg.540-MONOMER,0.0,-4.321380302314255e-06
PSD120_FWD_g.3281.peg.540-MONOMER,0.0,1.0484705563088413e-36
PSD140_REV_g.3281.peg.540-MONOMER,0.0,-4.321380302314255e-06
PSD140_FWD_g.3281.peg.540-MONOMER,0.0,-6.739547005993515e-36
PSD141_REV_g.3281.peg.540-MONOMER,0.0,-4.321380302314255e-06
PSD141_FWD_g.3281.peg.540-MONOMER,0.0,1.0484705563088413e-36
PSD160_REV_g.3281.peg.540-MONOMER,0.0,-4.321380302314255e-06
PSD160_FWD_g.3281.peg.540-MONOMER,1.6770781769487623e-23,1.0484705563088413e-36
PSD161_REV_g.3281.peg.540-MONOMER,0.0,-4.321380302314255e-06
PSD161_FWD_g.3281.peg.540-MONOMER,0.0,1.0484705563088413e-36
PSD180_REV_g.3281.peg.540-MONOMER,0.0,-4.321380302314255e-06
PSD180_FWD_g.3281.peg.540-MONOMER,0.004319987256856812,1.1061635993554729e-35
PSD181_REV_g.3281.peg.540-MONOMER,0.0,-4.321380302314255e-06
PSD181_FWD_g.3281.peg.540-MONOMER,0.0,1.0484705563088413e-36
PSDAI15_REV_g.3281.peg.540-MONOMER,0.0,-4.321380302314255e-06
PSDAI15_FWD_g.3281.peg.540-MONOMER,1.9581753732907922e-23,1.0484705563088413e-36
PSDAI17_REV_g.3281.peg.540-MONOMER,0.0,-4.321380302314255e-06
PSDAI17_FWD_g.3281.peg.540-MONOMER,0.004319987256856812,4.666400199265122e-35
PSDI14_REV_g.3281.peg.540-MONOMER,0.0,-4.321380302314255e-06
PSDI14_FWD_g.3281.peg.540-MONOMER,0.0,1.0484705563088413e-36
PSDI15_REV_g.3281.peg.540-MONOMER,0.0,-4.321380302314255e-06
PSDI15_FWD_g.3281.peg.540-MONOMER,0.0,1.0484705563088413e-36
PSDI16_REV_g.3281.peg.540-MONOMER,0.0,-4.321380302314255e-06
PSDI16_FWD_g.3281.peg.540-MONOMER,0.0,1.0484705563088413e-36
PSDI17_REV_g.3281.peg.540-MONOMER,0.0,-4.321380302314255e-06
PSDI17_FWD_g.3281.peg.540-MONOMER,0.004319987256856812,-2.454073000554176e-35
PSERT_REV_763034.3.peg.3640-MONOMER_mod_pydx5p(1),0.0,-4.262543537235799e-06
PSERT_FWD_763034.3.peg.3640-MONOMER_mod_pydx5p(1),0.0,1.4042583577081292e-35
PSP_L_REV_763034.3.peg.2119-MONOMER_mod_mg2(1),0.0,0.019975278647376946
PSP_L_FWD_763034.3.peg.2119-MONOMER_mod_mg2(1),0.0,-0.019978765439363423
PSSA120_REV_g.3281.peg.686-MONOMER,0.0,0.034955073415299
PSSA120_FWD_g.3281.peg.686-MONOMER,0.0,-0.03495928106019374
PSSA140_REV_g.3281.peg.686-MONOMER,0.0,-4.207644894741652e-06
PSSA140_FWD_g.3281.peg.686-MONOMER,-1.5227888974979108e-32,1.2207632681648898e-35
PSSA141_REV_g.3281.peg.686-MONOMER,0.0,0.034955073415299
PSSA141_FWD_g.3281.peg.686-MONOMER,0.0,-0.03495928106019374
PSSA160_REV_g.3281.peg.686-MONOMER,0.0,-4.207644894741652e-06
PSSA160_FWD_g.3281.peg.686-MONOMER,1.6770781769487623e-23,-7.935698913906582e-36
PSSA161_REV_g.3281.peg.686-MONOMER,0.0,0.034955073415299
PSSA161_FWD_g.3281.peg.686-MONOMER,0.0,-0.03495928106019374
PSSA180_REV_g.3281.peg.686-MONOMER,0.0,-4.207644894741652e-06
PSSA180_FWD_g.3281.peg.686-MONOMER,0.004319987256856812,1.2207632681648898e-35
PSSA181_REV_g.3281.peg.686-MONOMER,0.0,0.034955073415299
PSSA181_FWD_g.3281.peg.686-MONOMER,0.0,-0.03495928106019374
PSSAAI15_REV_g.3281.peg.686-MONOMER,0.0,-4.207644894741652e-06
PSSAAI15_FWD_g.3281.peg.686-MONOMER,1.9581753732907922e-23,-7.935698913906582e-36
PSSAAI17_REV_g.3281.peg.686-MONOMER,0.0,-4.207644894741652e-06
PSSAAI17_FWD_g.3281.peg.686-MONOMER,0.004319987256856812,-1.4650142779091742e-35
PSSAI14_REV_g.3281.peg.686-MONOMER,0.0,-4.207644894741652e-06
PSSAI14_FWD_g.3281.peg.686-MONOMER,0.0,-7.935698913906582e-36
PSSAI15_REV_g.3281.peg.686-MONOMER,0.0,0.034955073415299
PSSAI15_FWD_g.3281.peg.686-MONOMER,0.0,-0.03495928106019374
PSSAI16_REV_g.3281.peg.686-MONOMER,0.0,0.034955073415299
PSSAI16_FWD_g.3281.peg.686-MONOMER,0.0,-0.03495928106019374
PSSAI17_REV_g.3281.peg.686-MONOMER,0.0,-4.207644894741652e-06
PSSAI17_FWD_g.3281.peg.686-MONOMER,0.004319987256856812,-1.4650142779091742e-35
PTA2_REV_g.3281.peg.2354-MONOMER,0.0,-2.0588719267194483e-05
PTA2_FWD_g.3281.peg.2354-MONOMER,6.273515081210087,-1.3175229298528548e-34
PTAr_REV_g.3281.peg.2354-MONOMER,0.0,-2.0588719267194483e-05
PTAr_FWD_g.3281.peg.2354-MONOMER,5.922641972015393,-4.255160421135949e-34
PTPAT_REV_763034.3.peg.2049-MONOMER_mod_mg2(1),0.0,9.021513718773254e-07
PTPAT_FWD_763034.3.peg.2049-MONOMER_mod_mg2(1),0.0012562772859557776,-6.960864419102396e-36
PTPAT_REV_763034.3.peg.3489-MONOMER,0.0,-2.1615731578897142e-06
PTPAT_FWD_763034.3.peg.3489-MONOMER,0.0,-3.06372452976704e-06
PTPAT_REV_763034.3.peg.543-MONOMER,0.0,-1.9382975666931457e-06
PTPAT_FWD_763034.3.peg.543-MONOMER,0.0,-2.840448938570471e-06
PTRCabc_REV_CPLX_PTRCabc-0,0.0,0.019973660187266814
PTRCabc_FWD_CPLX_PTRCabc-0,0.0,-0.019981764393386565
PUNP1_REV_g.3281.peg.90-MONOMER,0.0,-8.65922136622448e-06
PUNP1_FWD_g.3281.peg.90-MONOMER,0.0,-3.129568247527812e-07
PUNP1_REV_g.3281.peg.3631-MONOMER,0.0,-8.3462645414717e-06
PUNP1_FWD_g.3281.peg.3631-MONOMER,1.0,-1.6048761974655846e-35
PUNP2_REV_g.3281.peg.90-MONOMER,0.0,-8.65922136622448e-06
PUNP2_FWD_g.3281.peg.90-MONOMER,0.0,-3.129568247527812e-07
PUNP2_REV_g.3281.peg.3631-MONOMER,0.0,-8.3462645414717e-06
PUNP2_FWD_g.3281.peg.3631-MONOMER,1.0,9.236313445161215e-36
PUNP3_REV_g.3281.peg.90-MONOMER,0.0,-8.65922136622448e-06
PUNP3_FWD_g.3281.peg.90-MONOMER,0.0,-3.129568247527812e-07
PUNP3_REV_g.3281.peg.3631-MONOMER,0.0,-8.3462645414717e-06
PUNP3_FWD_g.3281.peg.3631-MONOMER,0.031951085058767044,5.819411361402153e-36
PUNP4_REV_g.3281.peg.90-MONOMER,0.0,-8.65922136622448e-06
PUNP4_FWD_g.3281.peg.90-MONOMER,0.0,-3.129568247527812e-07
PUNP4_REV_g.3281.peg.3631-MONOMER,0.0,-8.3462645414717e-06
PUNP4_FWD_g.3281.peg.3631-MONOMER,0.9842382784475321,-5.798055723378659e-36
PUNP5_REV_g.3281.peg.90-MONOMER,0.0,-3.129568247527812e-07
PUNP5_FWD_g.3281.peg.90-MONOMER,0.0,-8.65922136622448e-06
PUNP5_REV_g.3281.peg.3631-MONOMER,0.0,5.819411361402153e-36
PUNP5_FWD_g.3281.peg.3631-MONOMER,0.0,-8.3462645414717e-06
PUNP6_REV_g.3281.peg.90-MONOMER,0.0,-3.129568247527812e-07
PUNP6_FWD_g.3281.peg.90-MONOMER,0.0,-8.65922136622448e-06
PUNP6_REV_g.3281.peg.3631-MONOMER,0.0,5.13603094465034e-36
PUNP6_FWD_g.3281.peg.3631-MONOMER,0.0,-8.3462645414717e-06
PUNP7_REV_g.3281.peg.90-MONOMER,0.0,-3.129568247527812e-07
PUNP7_FWD_g.3281.peg.90-MONOMER,0.0,-8.65922136622448e-06
PUNP7_REV_g.3281.peg.3631-MONOMER,0.031951085058767044,-3.7916935310713844e-35
PUNP7_FWD_g.3281.peg.3631-MONOMER,0.0,-8.3462645414717e-06
PYAM5POr_REV_763034.3.peg.2816-MONOMER_mod_fmn(1),0.0,0.03621644231134712
PYAM5POr_FWD_763034.3.peg.2816-MONOMER_mod_fmn(1),0.0,-0.03622010435027372
PYDAMK_REV_g.3281.peg.260-MONOMER,0.0,-7.176738638857637e-06
PYDAMK_FWD_g.3281.peg.260-MONOMER,0.0,5.20974183327597e-36
PYDAMabc_REV_CPLX_dummy,0.0,0.019980725456455066
PYDAMabc_FWD_CPLX_dummy,0.0,-0.019984193052999706
PYDXK_REV_763034.3.peg.1472-MONOMER_mod_mg2(1),0.0,-1.011594417295879e-05
PYDXK_FWD_763034.3.peg.1472-MONOMER_mod_mg2(1),0.0,-8.081293056333735e-09
PYDXK_REV_763034.3.peg.1472-MONOMER_mod_zn2(1),0.0,-1.0107862879902455e-05
PYDXK_FWD_763034.3.peg.1472-MONOMER_mod_zn2(1),0.0012572367774757003,-3.458037214412895e-35
PYDXNK_REV_g.3281.peg.260-MONOMER,0.0,-7.176738638857637e-06
PYDXNK_FWD_g.3281.peg.260-MONOMER,0.0,5.20974183327597e-36
PYDXNabc_REV_CPLX_dummy,0.0,-3.4675965446396647e-06
PYDXNabc_FWD_CPLX_dummy,0.0,-1.726332896603954e-35
PYDXabc_REV_CPLX_dummy,0.0,-3.4675965446396647e-06
PYDXabc_FWD_CPLX_dummy,0.0012572367774757003,2.321685161886932e-35
PYK_REV_g.3281.peg.13-MONOMER_mod_mg2(1)_mod_k(1),0.0,-1.3039300676741504e-05
PYK_FWD_g.3281.peg.13-MONOMER_mod_mg2(1)_mod_k(1),0.0,-8.827199504004938e-09
PYK_REV_g.3281.peg.13-MONOMER_mod_mn2(1)_mod_k(1),0.0,-1.30304734772375e-05
PYK_FWD_g.3281.peg.13-MONOMER_mod_mn2(1)_mod_k(1),11.25383174158848,2.2853307169701916e-34
PYRCT_REV_g.3281.peg.1748-MONOMER,0.0,-5.741701599665261e-06
PYRCT_FWD_g.3281.peg.1748-MONOMER,6.273515081210087,-1.9485137644682143e-35
Q8abc_REV_CPLX_dummy,0.0,-3.4675965446396647e-06
Q8abc_FWD_CPLX_dummy,0.0,1.1367531180099418e-36
QULNS_REV_763034.3.peg.2518-MONOMER_mod_4fe4s(1),0.0,-5.584342735256817e-06
QULNS_FWD_763034.3.peg.2518-MONOMER_mod_4fe4s(1),0.0,9.673125127077997e-36
R05224_REV_g.3281.peg.1331-MONOMER,0.0,-2.653870362715336e-06
R05224_FWD_g.3281.peg.1331-MONOMER,0.0,2.785889304481219e-35
RAFFabc_REV_CPLX_dummy,0.0,-3.4675965446396647e-06
RAFFabc_FWD_CPLX_dummy,0.00470194,4.816769534819838e-36
RAFGH_REV_g.3281.peg.759-MONOMER,0.0,-5.62343285885094e-06
RAFGH_FWD_g.3281.peg.759-MONOMER,0.00470194,4.474602448060991e-36
RAFGH_REV_g.3281.peg.2477-MONOMER,0.0,-5.660832921549618e-06
RAFGH_FWD_g.3281.peg.2477-MONOMER,0.0,-3.7400062698677996e-08
RB5PE_REV_CPLX_dummy,0.0,4.026137732867805e-36
RB5PE_FWD_CPLX_dummy,0.0,-3.4675965446396647e-06
RBFK_REV_763034.3.peg.309-MONOMER,0.0,-4.3808056969439386e-06
RBFK_FWD_763034.3.peg.309-MONOMER,0.0012564027973452022,1.9737891478172952e-35
RBFSa_REV_763034.3.peg.1618-MONOMER,0.0,-1.4334778985536575e-05
RBFSa_FWD_763034.3.peg.1618-MONOMER,0.0,-3.122187521921189e-34
RBFSb_REV_763034.3.peg.620-MONOMER,0.0,3.0694859882578034e-07
RBFSb_FWD_763034.3.peg.620-MONOMER,0.0,4.763625218477068e-36
RBK_REV_g.3281.peg.235-MONOMER,0.0,-3.0036291995681694e-06
RBK_FWD_g.3281.peg.235-MONOMER,0.0,-8.012795243058294e-07
RBK_REV_g.3281.peg.1612-MONOMER,0.0,-3.9989607563690155e-06
RBK_FWD_g.3281.peg.1612-MONOMER,0.0,-1.7966110811066757e-06
RBK_D_REV_CPLX_dummy,0.0,-3.4675965446396647e-06
RBK_D_FWD_CPLX_dummy,1.000406080374317,1.6993713363186526e-35
RBP4E_REV_g.3281.peg.2877-MONOMER,0.0,-4.2081699866689773e-07
RBP4E_FWD_g.3281.peg.2877-MONOMER,0.0,-2.1044001088649258e-36
RBP4E_REV_g.3281.peg.1340-MONOMER,0.0,-5.85730587347454e-07
RBP4E_FWD_g.3281.peg.1340-MONOMER,0.0,-1.6491358868055633e-07
RDH1_REV_g.3281.peg.1178-MONOMER,0.0,-7.287809048651009e-06
RDH1_FWD_g.3281.peg.1178-MONOMER,0.0,1.7849683662579034e-35
RE1944C_REV_g.3281.peg.417-MONOMER,0.0,5.755631316329339e-38
RE1944C_FWD_g.3281.peg.417-MONOMER,0.0,-4.2673229399057477e-07
RHAT1_REV_CPLX_dummy,0.0,-3.4675965446396647e-06
RHAT1_FWD_CPLX_dummy,0.010147182689823979,-8.61703324993707e-35
RHC_REV_CPLX_dummy,0.0,-3.4675965446396647e-06
RHC_FWD_CPLX_dummy,0.0004060803743170428,6.1105894839330545e-37
RHCCE_REV_g.3281.peg.511-MONOMER,0.0,0.06442304610148648
RHCCE_FWD_g.3281.peg.511-MONOMER,0.0,-0.06442697134574238
RIBFLVt2r_REV_CPLX_dummy,0.0,-3.4675965446396647e-06
RIBFLVt2r_FWD_CPLX_dummy,0.0025126800833009796,8.726099409697609e-37
RMI_REV_g.3281.peg.2798-MONOMER_mod_mn2(1),0.0,-7.175468822177906e-06
RMI_FWD_g.3281.peg.2798-MONOMER_mod_mn2(1),0.14898579,3.7260342489567148e-37
RMK_REV_g.3281.peg.2061-MONOMER_mod_mg2(1),0.0,-8.348526049465924e-06
RMK_FWD_g.3281.peg.2061-MONOMER_mod_mg2(1),0.14898579,3.968886502799907e-38
RMK2_REV_g.3281.peg.2061-MONOMER_mod_mg2(1),0.0,1.381643387813683e-35
RMK2_FWD_g.3281.peg.2061-MONOMER_mod_mg2(1),0.0,-8.348526049465924e-06
RMNt2_REV_g.3281.peg.2924-MONOMER,0.0,-9.162547257570282e-06
RMNt2_FWD_g.3281.peg.2924-MONOMER,0.14898579,1.6332541954251464e-36
RMPA_REV_g.3281.peg.2573-MONOMER,0.0,-5.410322099306351e-06
RMPA_FWD_g.3281.peg.2573-MONOMER,0.14898579,-4.8416051245180255e-37
RMPA_REV_g.3281.peg.3040-MONOMER_mod_k(1)_mod_zn2(1),0.0,-6.1947909669009136e-06
RMPA_FWD_g.3281.peg.3040-MONOMER_mod_k(1)_mod_zn2(1),0.0,-7.84468867594563e-07
RNTR1_REV_g.3281.peg.3279-MONOMER,0.0,-9.534516011644796e-06
RNTR1_FWD_g.3281.peg.3279-MONOMER,0.01820171808405264,-8.923914291975286e-36
RNTR2_REV_g.3281.peg.3279-MONOMER,0.0,0.024523660167621128
RNTR2_FWD_g.3281.peg.3279-MONOMER,0.0,-0.024533194683632773
RNTR3_REV_g.3281.peg.3279-MONOMER,0.0,0.02372172521835305
RNTR3_FWD_g.3281.peg.3279-MONOMER,0.0,-0.023731259734364695
RNTR4_REV_g.3281.peg.3279-MONOMER,0.0,0.0037430762131025587
RNTR4_FWD_g.3281.peg.3279-MONOMER,0.0,-0.0037526107291142034
RPE_REV_g.3281.peg.769-MONOMER,0.0,-5.9604631657570705e-06
RPE_FWD_g.3281.peg.769-MONOMER,0.0,-3.559949114182272e-06
RPE_REV_g.3281.peg.1922-MONOMER,0.0,-2.4005140515747986e-06
RPE_FWD_g.3281.peg.1922-MONOMER,1.831893653260799,-3.0904702120999527e-37
RPI_REV_CPLX_dummy,0.0,-3.4675965446396647e-06
RPI_FWD_CPLX_dummy,0.8619291209559539,-1.315542581029706e-35
RZ5PP_REV_g.3281.peg.1665-MONOMER,0.0,8.41224593161807e-08
RZ5PP_FWD_g.3281.peg.1665-MONOMER,0.0,-5.161275755488507e-36
S17BPH_REV_g.3281.peg.3409-MONOMER_mod_mg2(1),0.0,0.019982677422272697
S17BPH_FWD_g.3281.peg.3409-MONOMER_mod_mg2(1),0.0,-0.019989280830027094
S17BPH_REV_g.3281.peg.3409-MONOMER_mod_mn2(1),0.0,0.019982694352471603
S17BPH_FWD_g.3281.peg.3409-MONOMER_mod_mn2(1),0.0,-0.019989263899828188
S17BPH_REV_g.3281.peg.3315-MONOMER,0.0,0.019985949297606543
S17BPH_FWD_g.3281.peg.3315-MONOMER,0.0,-0.019986008954693248
S7PIr_REV_CPLX_dummy,0.0,-3.4675965446396647e-06
S7PIr_FWD_CPLX_dummy,0.040588730759295914,-5.4911009446145374e-36
SADT_REV_g.3281.peg.1449-MONOMER,0.0,2.9714127087861914e-06
SADT_FWD_g.3281.peg.1449-MONOMER,0.0,9.504193942540242e-36
SADT_REV_g.3281.peg.1436-MONOMER,0.0,-3.550684653987991e-07
SADT_FWD_g.3281.peg.1436-MONOMER,0.0,-3.3264811741849902e-06
SADT2_REV_763034.3.peg.2196-MONOMER,0.0,0.01998716446570849
SADT2_FWD_763034.3.peg.2196-MONOMER,0.0,-0.019984193052999706
SADT2_REV_763034.3.peg.2195-MONOMER,0.0,0.019983837984534306
SADT2_FWD_763034.3.peg.2195-MONOMER,0.0,-0.01998751953417389
SALCpts_REV_CPLX_dummy,0.0,-3.4675965446396647e-06
SALCpts_FWD_CPLX_dummy,0.0,-1.900245232197144e-36
SEPHCHS_REV_CPLX_dummy,0.0,-3.4675965446396647e-06
SEPHCHS_FWD_CPLX_dummy,0.0,-3.7020760629288905e-36
SERATi_REV_763034.3.peg.2067-MONOMER,0.0,0.016214594740527086
SERATi_FWD_763034.3.peg.2067-MONOMER,0.0,-0.016228323874803482
SERt2r_REV_CPLX_dummy,0.0,-3.4675965446396647e-06
SERt2r_FWD_CPLX_dummy,1.0,1.9955051711530043e-36
SHCHCC_REV_763034.3.peg.2173-MONOMER,0.0,0.034968096231181585
SHCHCC_FWD_763034.3.peg.2173-MONOMER,0.0,-0.03497137805950042
SHCHCC_REV_763034.3.peg.2175-MONOMER,0.0,0.034967575081777016
SHCHCC_FWD_763034.3.peg.2175-MONOMER,0.0,-0.03497189920890499
SHCHCC2_REV_g.3281.peg.1611-MONOMER,0.0,0.06995458999592993
SHCHCC2_FWD_g.3281.peg.1611-MONOMER,0.0,-0.06995891412305791
SHCHCC2_REV_g.3281.peg.1345-MONOMER,0.0,0.0699551111453345
SHCHCC2_FWD_g.3281.peg.1345-MONOMER,0.0,-0.06995839297365333
SHCHCS3_REV_CPLX_dummy,0.0,-3.4675965446396647e-06
SHCHCS3_FWD_CPLX_dummy,0.0,-4.65532841148174e-36
SHEMEabc_REV_CPLX_dummy,0.0,-3.4675965446396647e-06
SHEMEabc_FWD_CPLX_dummy,0.0012562772859557776,4.816769534819838e-36
SHK3Dr_REV_g.3281.peg.2641-MONOMER,2.1016830053069344e-23,1.109581816254774e-34
SHK3Dr_FWD_g.3281.peg.2641-MONOMER,0.0,-1.0447282528360513e-06
SHK3Dr_REV_g.3281.peg.3514-MONOMER,0.0,-5.452513453135468e-06
SHK3Dr_FWD_g.3281.peg.3514-MONOMER,0.0,-6.497241705971519e-06
SHKK_REV_763034.3.peg.2876-MONOMER_mod_mn2(1),0.0,-4.070441289148983e-06
SHKK_FWD_763034.3.peg.2876-MONOMER_mod_mn2(1),-2.10168300530714e-23,4.4835817173321147e-36
SHKK_REV_763034.3.peg.2876-MONOMER_mod_cobalt2(1),0.0,-4.102368619445804e-06
SHKK_FWD_763034.3.peg.2876-MONOMER_mod_cobalt2(1),0.0,-3.192733029682084e-08
SHKK_REV_763034.3.peg.2876-MONOMER_mod_mg2(1),0.0,-4.119734432951699e-06
SHKK_FWD_763034.3.peg.2876-MONOMER_mod_mg2(1),0.0,-4.929314380271591e-08
SHKK_REV_763034.3.peg.2876-MONOMER_mod_fe2(1),0.0,-4.108689821632816e-06
SHKK_FWD_763034.3.peg.2876-MONOMER_mod_fe2(1),0.0,-3.824853248383309e-08
SHKK_REV_763034.3.peg.2876-MONOMER_mod_ca2(1),0.0,-4.074073690813647e-06
SHKK_FWD_763034.3.peg.2876-MONOMER_mod_ca2(1),0.0,-3.6324016646640342e-09
SHKK_REV_763034.3.peg.2876-MONOMER_mod_k(1),0.0,-4.089450064483488e-06
SHKK_FWD_763034.3.peg.2876-MONOMER_mod_k(1),0.0,-1.9008775334504325e-08
SHSL1_REV_CPLX_dummy,0.0,0.003734154916061387
SHSL1_FWD_CPLX_dummy,0.0,-0.0037376225126060265
SHSL2_REV_CPLX_dummy,0.0,-3.4675965446396647e-06
SHSL2_FWD_CPLX_dummy,0.0,-1.6265296295007554e-34
SO4t2_REV_g.3281.peg.1110-MONOMER,0.0,-8.587091918895128e-07
SO4t2_FWD_g.3281.peg.1110-MONOMER,0.0,-3.189065500527057e-06
SO4t2_REV_g.3281.peg.1200-MONOMER,0.0,2.221428462488746e-37
SO4t2_FWD_g.3281.peg.1200-MONOMER,0.0,-2.330356308637544e-06
SPMDAT1_REV_g.3281.peg.2280-MONOMER,0.0,-2.5684182676094446e-06
SPMDAT1_FWD_g.3281.peg.2280-MONOMER,0.0,-2.230120074230096e-35
SPMDAT2_REV_g.3281.peg.2280-MONOMER,0.0,0.04494869587834711
SPMDAT2_FWD_g.3281.peg.2280-MONOMER,0.0,-0.04495126429661472
SPMDabc_REV_CPLX_PTRCabc-0,0.0,-8.104206119752845e-06
SPMDabc_FWD_CPLX_PTRCabc-0,0.0012562772859557776,-2.4028822433657715e-34
SPODM_REV_g.3281.peg.2892-MONOMER_mod_fe3(1),0.0,-5.734622506149201e-06
SPODM_FWD_g.3281.peg.2892-MONOMER_mod_fe3(1),0.0,-1.936535763552169e-35
STCOATA_REV_g.3281.peg.1312-MONOMER,0.0,-4.895708472603646e-06
STCOATA_FWD_g.3281.peg.1312-MONOMER,0.0,-5.8793982580849254e-06
STS1_REV_g.3281.peg.2705-MONOMER,0.0,-2.5964987043135983e-06
STS1_FWD_g.3281.peg.2705-MONOMER,0.0,-9.473220683188186e-37
STYSGH_REV_g.3281.peg.759-MONOMER,0.0,2.2118859128934945e-35
STYSGH_FWD_g.3281.peg.759-MONOMER,0.0,-5.62343285885094e-06
STYSGH_REV_g.3281.peg.2477-MONOMER,0.0,-3.7400062698677996e-08
STYSGH_FWD_g.3281.peg.2477-MONOMER,0.0,-5.660832921549618e-06
SUCBZL_REV_CPLX_dummy,0.0,-3.4675965446396647e-06
SUCBZL_FWD_CPLX_dummy,0.0,-5.35381459467924e-35
SUCBZS_REV_CPLX_dummy,0.0,0.7900531203909265
SUCBZS_FWD_CPLX_dummy,0.0,-0.7900565879874711
SUCCITRDSs_REV_CPLX_dummy,0.0,-3.4675965446396647e-06
SUCCITRDSs_FWD_CPLX_dummy,0.0,-1.1447465364134146e-35
SUCCt2r_REV_CPLX_dummy,0.0,1.7968949986920626e-36
SUCCt2r_FWD_CPLX_dummy,0.0,-3.4675965446396647e-06
SUCD1_REV_CPLX_SUCD1-0,0.0,-3.700090390270369e-06
SUCD1_FWD_CPLX_SUCD1-0,0.0,-1.7337982723198323e-06
SUCD4_REV_CPLX_SUCD1-0,-1.2331316464031206e-29,3.2619580165056403e-35
SUCD4_FWD_CPLX_SUCD1-0,0.0,-5.433888662590202e-06
SUCDi_REV_CPLX_FRD2-0,0.0,-1.2777175711416959e-06
SUCDi_FWD_CPLX_FRD2-0,0.0,-4.7453141157813605e-06
SUCDimq_REV_CPLX_FRD2-0,0.0,-1.3672468668001732e-36
SUCDimq_FWD_CPLX_FRD2-0,0.0,-6.023031686923056e-06
SUCOAS_REV_CPLX_dummy,0.0,-3.4675965446396647e-06
SUCOAS_FWD_CPLX_dummy,6.415485431973643,3.1873094349315024e-35
SUCORNTC_REV_CPLX_dummy,0.0,-3.4675965446396647e-06
SUCORNTC_FWD_CPLX_dummy,0.0,-5.784666923665702e-36
SUCR_REV_g.3281.peg.683-MONOMER,0.0,-3.03822953959462e-06
SUCR_FWD_g.3281.peg.683-MONOMER,0.0,-1.9697075297769487e-06
SUCR_REV_g.3281.peg.2851-MONOMER,0.0,-3.978297569437659e-06
SUCR_FWD_g.3281.peg.2851-MONOMER,0.0,-2.9097755596199875e-06
SUCR_REV_g.3281.peg.975-MONOMER,0.0,-1.1043010189135895e-06
SUCR_FWD_g.3281.peg.975-MONOMER,0.0,-3.577900909591805e-08
SUCR_REV_g.3281.peg.2195-MONOMER,0.0,-1.0685220098176713e-06
SUCR_FWD_g.3281.peg.2195-MONOMER,0.07919483000000001,2.943252712196254e-35
SUCRt2_REV_CPLX_dummy,0.0,-3.4675965446396647e-06
SUCRt2_FWD_CPLX_dummy,0.07449289,2.7676876614916506e-35
TAGURr_REV_g.3281.peg.1421-MONOMER,0.0,-2.239158579456647e-35
TAGURr_FWD_g.3281.peg.1421-MONOMER,0.0,-3.7655255822708363e-06
TALA_REV_763034.3.peg.823-MONOMER,0.0,-6.730404929503953e-06
TALA_FWD_763034.3.peg.823-MONOMER,0.9262536683181829,3.778927390145063e-35
TDCOATA_REV_g.3281.peg.1312-MONOMER,0.060883430409894954,-1.0934145211369391e-35
TDCOATA_FWD_g.3281.peg.1312-MONOMER,0.0,-1.0775115218859463e-05
TDPDRE_REV_g.3281.peg.1922-MONOMER,0.0,-2.4005140515747986e-06
TDPDRE_FWD_g.3281.peg.1922-MONOMER,0.010147182689823979,-1.0935700338540908e-35
TDPDRRr_REV_g.3281.peg.1677-MONOMER,0.0,-5.153264173981673e-06
TDPDRRr_FWD_g.3281.peg.1677-MONOMER,0.010147182689823975,1.479178944139251e-34
TDPDRRr_REV_g.3281.peg.1042-MONOMER,0.0,-5.153264173981673e-06
TDPDRRr_FWD_g.3281.peg.1042-MONOMER,3.7453316824015344e-18,7.754324222518653e-36
TDPDRRr_REV_g.3281.peg.823-MONOMER,0.0,-5.63358282248766e-06
TDPDRRr_FWD_g.3281.peg.823-MONOMER,0.0,-4.803186485059877e-07
TDPGDH_REV_g.3281.peg.930-MONOMER_mod_nad(1),0.0,-2.887089476795037e-06
TDPGDH_FWD_g.3281.peg.930-MONOMER_mod_nad(1),0.010147182689823979,-9.833438121126126e-36
TDSK_REV_g.3281.peg.443-MONOMER_mod_mg2(1),0.0,-7.54990420790102e-06
TDSK_FWD_g.3281.peg.443-MONOMER_mod_mg2(1),0.010147182689823979,1.0091912548568784e-34
TECA5S140_REV_g.3281.peg.2219-MONOMER,0.0,-1.5584405218323737e-07
TECA5S140_FWD_g.3281.peg.2219-MONOMER,0.0,-4.780054771577513e-07
TECA5S140_REV_g.3281.peg.223-MONOMER,0.0,2.9201637666660974e-34
TECA5S140_FWD_g.3281.peg.223-MONOMER,0.0,-3.2216142497451395e-07
TECA5S140_REV_g.3281.peg.1718-MONOMER_mod_mg2(1),0.0,-3.036731756520812e-06
TECA5S140_FWD_g.3281.peg.1718-MONOMER_mod_mg2(1),0.0,-3.3588931814953257e-06
TECA5S140_REV_g.3281.peg.2783-MONOMER,0.0,-7.117320291789371e-07
TECA5S140_FWD_g.3281.peg.2783-MONOMER,0.0,-1.033893454153451e-06
TECA5S160_REV_g.3281.peg.2219-MONOMER,0.0,-1.5584405218323737e-07
TECA5S160_FWD_g.3281.peg.2219-MONOMER,0.0,-4.780054771577513e-07
TECA5S160_REV_g.3281.peg.223-MONOMER,0.0,2.9201637666660974e-34
TECA5S160_FWD_g.3281.peg.223-MONOMER,0.0,-3.2216142497451395e-07
TECA5S160_REV_g.3281.peg.1718-MONOMER_mod_mg2(1),0.0,-3.036731756520812e-06
TECA5S160_FWD_g.3281.peg.1718-MONOMER_mod_mg2(1),0.0,-3.3588931814953257e-06
TECA5S160_REV_g.3281.peg.2783-MONOMER,0.0,-7.117320291789371e-07
TECA5S160_FWD_g.3281.peg.2783-MONOMER,0.0,-1.033893454153451e-06
TECA5S180_REV_g.3281.peg.2219-MONOMER,0.0,-1.5584405218323737e-07
TECA5S180_FWD_g.3281.peg.2219-MONOMER,0.0,-4.780054771577513e-07
TECA5S180_REV_g.3281.peg.223-MONOMER,0.0,2.9201637666660974e-34
TECA5S180_FWD_g.3281.peg.223-MONOMER,0.0,-3.2216142497451395e-07
TECA5S180_REV_g.3281.peg.1718-MONOMER_mod_mg2(1),0.0,-3.036731756520812e-06
TECA5S180_FWD_g.3281.peg.1718-MONOMER_mod_mg2(1),0.0,-3.3588931814953257e-06
TECA5S180_REV_g.3281.peg.2783-MONOMER,0.0,-7.117320291789371e-07
TECA5S180_FWD_g.3281.peg.2783-MONOMER,0.0,-1.033893454153451e-06
TECA5SAI15_REV_g.3281.peg.2219-MONOMER,0.0,-1.5584405218323737e-07
TECA5SAI15_FWD_g.3281.peg.2219-MONOMER,0.0,-4.780054771577513e-07
TECA5SAI15_REV_g.3281.peg.223-MONOMER,0.0,2.9201637666660974e-34
TECA5SAI15_FWD_g.3281.peg.223-MONOMER,0.0,-3.2216142497451395e-07
TECA5SAI15_REV_g.3281.peg.1718-MONOMER_mod_mg2(1),0.0,-3.036731756520812e-06
TECA5SAI15_FWD_g.3281.peg.1718-MONOMER_mod_mg2(1),0.0,-3.3588931814953257e-06
TECA5SAI15_REV_g.3281.peg.2783-MONOMER,0.0,-7.117320291789371e-07
TECA5SAI15_FWD_g.3281.peg.2783-MONOMER,0.0,-1.033893454153451e-06
TECA5SAI17_REV_g.3281.peg.2219-MONOMER,0.0,-1.5584405218323737e-07
TECA5SAI17_FWD_g.3281.peg.2219-MONOMER,0.0,-4.780054771577513e-07
TECA5SAI17_REV_g.3281.peg.223-MONOMER,0.0,2.9201637666660974e-34
TECA5SAI17_FWD_g.3281.peg.223-MONOMER,0.0,-3.2216142497451395e-07
TECA5SAI17_REV_g.3281.peg.1718-MONOMER_mod_mg2(1),0.0,-3.036731756520812e-06
TECA5SAI17_FWD_g.3281.peg.1718-MONOMER_mod_mg2(1),0.0,-3.3588931814953257e-06
TECA5SAI17_REV_g.3281.peg.2783-MONOMER,0.0,-7.117320291789371e-07
TECA5SAI17_FWD_g.3281.peg.2783-MONOMER,0.0,-1.033893454153451e-06
TECA5SI14_REV_g.3281.peg.2219-MONOMER,0.0,-1.5584405218323737e-07
TECA5SI14_FWD_g.3281.peg.2219-MONOMER,0.0,-4.780054771577513e-07
TECA5SI14_REV_g.3281.peg.223-MONOMER,0.0,2.9201637666660974e-34
TECA5SI14_FWD_g.3281.peg.223-MONOMER,0.0,-3.2216142497451395e-07
TECA5SI14_REV_g.3281.peg.1718-MONOMER_mod_mg2(1),0.0,-3.036731756520812e-06
TECA5SI14_FWD_g.3281.peg.1718-MONOMER_mod_mg2(1),0.0,-3.3588931814953257e-06
TECA5SI14_REV_g.3281.peg.2783-MONOMER,0.0,-7.117320291789371e-07
TECA5SI14_FWD_g.3281.peg.2783-MONOMER,0.0,-1.033893454153451e-06
TECA5SI15_REV_g.3281.peg.2219-MONOMER,0.0,-1.5584405218323737e-07
TECA5SI15_FWD_g.3281.peg.2219-MONOMER,0.0,-4.780054771577513e-07
TECA5SI15_REV_g.3281.peg.223-MONOMER,0.0,2.9201637666660974e-34
TECA5SI15_FWD_g.3281.peg.223-MONOMER,0.0,-3.2216142497451395e-07
TECA5SI15_REV_g.3281.peg.1718-MONOMER_mod_mg2(1),0.0,-3.036731756520812e-06
TECA5SI15_FWD_g.3281.peg.1718-MONOMER_mod_mg2(1),0.0,-3.3588931814953257e-06
TECA5SI15_REV_g.3281.peg.2783-MONOMER,0.0,-7.117320291789371e-07
TECA5SI15_FWD_g.3281.peg.2783-MONOMER,0.0,-1.033893454153451e-06
TECA5SI16_REV_g.3281.peg.2219-MONOMER,0.0,-1.5584405218323737e-07
TECA5SI16_FWD_g.3281.peg.2219-MONOMER,0.0,-4.780054771577513e-07
TECA5SI16_REV_g.3281.peg.223-MONOMER,0.0,2.9201637666660974e-34
TECA5SI16_FWD_g.3281.peg.223-MONOMER,0.0,-3.2216142497451395e-07
TECA5SI16_REV_g.3281.peg.1718-MONOMER_mod_mg2(1),0.0,-3.036731756520812e-06
TECA5SI16_FWD_g.3281.peg.1718-MONOMER_mod_mg2(1),0.0,-3.3588931814953257e-06
TECA5SI16_REV_g.3281.peg.2783-MONOMER,0.0,-7.117320291789371e-07
TECA5SI16_FWD_g.3281.peg.2783-MONOMER,0.0,-1.033893454153451e-06
TECA5SI17_REV_g.3281.peg.2219-MONOMER,0.0,-1.5584405218323737e-07
TECA5SI17_FWD_g.3281.peg.2219-MONOMER,0.0,-4.780054771577513e-07
TECA5SI17_REV_g.3281.peg.223-MONOMER,0.0,2.9201637666660974e-34
TECA5SI17_FWD_g.3281.peg.223-MONOMER,0.0,-3.2216142497451395e-07
TECA5SI17_REV_g.3281.peg.1718-MONOMER_mod_mg2(1),0.0,-3.036731756520812e-06
TECA5SI17_FWD_g.3281.peg.1718-MONOMER_mod_mg2(1),0.0,-3.3588931814953257e-06
TECA5SI17_REV_g.3281.peg.2783-MONOMER,0.0,-7.117320291789371e-07
TECA5SI17_FWD_g.3281.peg.2783-MONOMER,0.0,-1.033893454153451e-06
TEICH45_REV_CPLX_TEICH45-0,0.0,-2.226854677552354e-06
TEICH45_FWD_CPLX_TEICH45-0,0.0,2.823880886060071e-34
THIORDXi_REV_g.3281.peg.3239-MONOMER,0.0,-4.288927532232902e-07
THIORDXi_FWD_g.3281.peg.3239-MONOMER,0.0,-7.904510499215502e-07
THIORDXi_REV_g.3281.peg.3494-MONOMER,0.0,-5.589333296333893e-07
THIORDXi_FWD_g.3281.peg.3494-MONOMER,0.0,-9.204916263316492e-07
THIORDXi_REV_g.3281.peg.310-MONOMER,0.0,-2.6109590193556757e-06
THIORDXi_FWD_g.3281.peg.310-MONOMER,0.0,-2.972517316106522e-06
THIORDXi_REV_g.3281.peg.2472-MONOMER,0.0,3.6155829669826e-07
THIORDXi_FWD_g.3281.peg.2472-MONOMER,0.0,2.6973357842494377e-35
THMDt2r_REV_g.3281.peg.977-MONOMER,0.0,-3.2433965260088816e-06
THMDt2r_FWD_g.3281.peg.977-MONOMER,0.01820171808405264,1.2778578451427614e-37
THMt3_REV_CPLX_dummy,0.0,-3.4675965446396647e-06
THMt3_FWD_CPLX_dummy,0.0012563737765747549,-5.16751167525408e-38
THRAi_REV_763034.3.peg.109-MONOMER,0.0,0.018699869627047463
THRAi_FWD_763034.3.peg.109-MONOMER,0.0,-0.01870800380756097
THRD_REV_763034.3.peg.886-MONOMER,0.0,-4.447420797159469e-06
THRD_FWD_763034.3.peg.886-MONOMER,0.11996614545253519,1.482246106412415e-33
THRD_L_REV_CPLX_dummy,0.0,0.02804871248724949
THRD_L_FWD_CPLX_dummy,0.0,-0.02805218008379413
THRPD_REV_g.3281.peg.1682-MONOMER,0.0,-5.358432081253198e-06
THRPD_FWD_g.3281.peg.1682-MONOMER,0.0,-2.4422794538964704e-35
THRS_REV_763034.3.peg.1289-MONOMER_mod_pydx5p(1),0.0,-4.9596965619972e-06
THRS_FWD_763034.3.peg.1289-MONOMER_mod_pydx5p(1),0.0,-1.204871182529134e-33
THRt2r_REV_CPLX_dummy,0.0,-3.4675965446396647e-06
THRt2r_FWD_CPLX_dummy,0.225,5.392620865485326e-36
THZPSN_REV_763034.3.peg.1970-MONOMER,0.0,-7.418257188591834e-06
THZPSN_FWD_763034.3.peg.1970-MONOMER,0.0,-1.633673791450233e-35
TKT1_REV_763034.3.peg.659-MONOMER,0.0,-9.396837420235973e-06
TKT1_FWD_763034.3.peg.659-MONOMER,1.0256326670100475,-1.1355053254429795e-33
TKT2_REV_763034.3.peg.659-MONOMER,0.0,-9.396837420235973e-06
TKT2_FWD_763034.3.peg.659-MONOMER,0.9850439362507515,5.00968631635398e-35
TMDK1_REV_g.3281.peg.578-MONOMER,0.0,-5.260564264784052e-06
TMDK1_FWD_g.3281.peg.578-MONOMER,0.01820171808405264,-4.276935811281795e-35
TMDK2_REV_CPLX_dummy,0.0,-2.630282132392026e-06
TMDK2_FWD_CPLX_dummy,0.0,-8.373144122476388e-07
TMDPK_REV_g.3281.peg.423-MONOMER,0.0,-5.432508439356657e-06
TMDPK_FWD_g.3281.peg.423-MONOMER,0.0012563737765747549,8.06768429915264e-36
TMDS_REV_g.3281.peg.636-MONOMER_mod_mg2(1),0.0,0.00435710279450842
TMDS_FWD_g.3281.peg.636-MONOMER_mod_mg2(1),0.0,-0.004363779794853247
TMN_REV_g.3281.peg.3575-MONOMER,0.0,-7.637777471089991e-06
TMN_FWD_g.3281.peg.3575-MONOMER,0.0,-4.461024948738259e-08
TMN_REV_g.3281.peg.679-MONOMER,0.0,-7.59316722160261e-06
TMN_FWD_g.3281.peg.679-MONOMER,0.0,-8.368761130657389e-37
TMN_REV_g.3281.peg.687-MONOMER,0.0,-8.363899527064654e-06
TMN_FWD_g.3281.peg.687-MONOMER,0.0,-7.707323054620448e-07
TMPK_REV_g.3281.peg.229-MONOMER_mod_mg2(1),0.0,-5.453545074150877e-06
TMPK_FWD_g.3281.peg.229-MONOMER_mod_mg2(1),0.0,-1.0060603017261866e-35
TMPPP_REV_763034.3.peg.1966-MONOMER,0.0,-3.569114160405523e-06
TMPPP_FWD_763034.3.peg.1966-MONOMER,0.0,-2.296901857438532e-06
TMPPP_REV_763034.3.peg.3150-MONOMER,0.0,-1.272212302966991e-06
TMPPP_FWD_763034.3.peg.3150-MONOMER,0.0,1.585914612881744e-35
TMPPP_REV_763034.3.peg.1971-MONOMER_mod_mg2(1),0.0,-2.593566395186324e-06
TMPPP_FWD_763034.3.peg.1971-MONOMER_mod_mg2(1),0.0,-1.321354092219333e-06
TPI_REV_763034.3.peg.2259-MONOMER,0.0,-9.769622440244879e-06
TPI_FWD_763034.3.peg.2259-MONOMER,5.726772203049313,-9.488437634285645e-36
TRDOXOX_REV_g.3281.peg.648-MONOMER,0.0,-1.1122667324347805e-34
TRDOXOX_FWD_g.3281.peg.648-MONOMER,0.0,-1.0300773848173396e-06
TRDRr_REV_g.3281.peg.45-MONOMER,0.0,-8.760509485504789e-06
TRDRr_FWD_g.3281.peg.45-MONOMER,0.018201686525999988,-1.0846979367481927e-35
TREGLUDR2_REV_g.3281.peg.544-MONOMER,0.0,-4.711062595406382e-06
TREGLUDR2_FWD_g.3281.peg.544-MONOMER,0.07449289,-1.4634133059810148e-35
TREH_REV_g.3281.peg.1060-MONOMER,0.0,0.01997386911675767
TREH_FWD_g.3281.peg.1060-MONOMER,0.0,-0.01997604679275667
TREabc_REV_CPLX_dummy,0.0,-3.4675965446396647e-06
TREabc_FWD_CPLX_dummy,0.07449289,4.816769534819838e-36
TRPAS2i_REV_g.3281.peg.3469-MONOMER,0.0,-7.210682031501686e-06
TRPAS2i_FWD_g.3281.peg.3469-MONOMER,0.0,-1.914495422143962e-06
TRPS1_REV_763034.3.peg.3309-MONOMER,0.0,-6.171017455001564e-06
TRPS1_FWD_763034.3.peg.3309-MONOMER,0.0,-3.450886293569001e-06
TRPS1_REV_763034.3.peg.3303-MONOMER,0.0,-2.7201311614325626e-06
TRPS1_FWD_763034.3.peg.3303-MONOMER,0.0,8.683249494990896e-36
TRPS2_REV_763034.3.peg.3309-MONOMER,0.0,-6.171017455001564e-06
TRPS2_FWD_763034.3.peg.3309-MONOMER,0.0,-3.450886293569001e-06
TRPS2_REV_763034.3.peg.3303-MONOMER,0.0,-2.7201311614325626e-06
TRPS2_FWD_763034.3.peg.3303-MONOMER,0.02173359363740502,-2.861478513796874e-35
TRPS3_REV_763034.3.peg.3309-MONOMER,0.0,-4.810951874285282e-06
TRPS3_FWD_763034.3.peg.3309-MONOMER,0.0,-4.810951874285282e-06
TRPS3_REV_763034.3.peg.3303-MONOMER,0.0,-1.3600655807162813e-06
TRPS3_FWD_763034.3.peg.3303-MONOMER,0.0,-1.3600655807162813e-06
TRPTA_REV_763034.3.peg.748-MONOMER,0.0,2.3208980325616287e-36
TRPTA_FWD_763034.3.peg.748-MONOMER,0.0,-4.29454840921371e-06
TTDCAt2_REV_CPLX_dummy,0.0,-3.4675965446396647e-06
TTDCAt2_FWD_CPLX_dummy,0.060883430409894954,-9.759601744748424e-37
TYRTA_REV_763034.3.peg.748-MONOMER,0.09863152914683142,-1.1066842033351908e-33
TYRTA_FWD_763034.3.peg.748-MONOMER,0.0,-4.29454840921371e-06
U23GAAT_REV_g.3281.peg.2992-MONOMER,0.0,-1.125172137891287e-05
U23GAAT_FWD_g.3281.peg.2992-MONOMER,0.020294365379647957,2.2395434708719144e-34
UAAGDS_REV_g.3281.peg.2183-MONOMER,0.0,-4.8060012000154595e-06
UAAGDS_FWD_g.3281.peg.2183-MONOMER,0.0,1.2988821318745595e-34
UACMAMAT_REV_g.3281.peg.2959-MONOMER,0.0,-7.462364396153965e-07
UACMAMAT_FWD_g.3281.peg.2959-MONOMER,0.0,-1.2359202327391806e-07
UACMAMAT_REV_g.3281.peg.1124-MONOMER,0.0,-6.226444163414784e-07
UACMAMAT_FWD_g.3281.peg.1124-MONOMER,0.0,-2.2307450841776204e-34
UAG2E_REV_g.3281.peg.327-MONOMER_mod_nad(1),0.0,-1.6581111554132678e-06
UAG2E_FWD_g.3281.peg.327-MONOMER_mod_nad(1),0.0,-3.3670994871975788e-06
UAG2E_REV_g.3281.peg.2250-MONOMER,0.0,-2.1873397577214954e-06
UAG2E_FWD_g.3281.peg.2250-MONOMER,0.0,-3.896328089505807e-06
UAG2E_REV_g.3281.peg.1062-MONOMER,0.0,-1.4648748586733039e-35
UAG2E_FWD_g.3281.peg.1062-MONOMER,0.0,-1.708988331784311e-06
UAG2E_REV_g.3281.peg.2724-MONOMER,0.0,-2.8736391476415886e-06
UAG2E_FWD_g.3281.peg.2724-MONOMER,0.0,-4.582627479425899e-06
UAG2EMA_REV_g.3281.peg.327-MONOMER_mod_nad(1),0.0,-1.6581111554132678e-06
UAG2EMA_FWD_g.3281.peg.327-MONOMER_mod_nad(1),0.0,-3.3670994871975788e-06
UAG2EMA_REV_g.3281.peg.2250-MONOMER,0.0,-2.1873397577214954e-06
UAG2EMA_FWD_g.3281.peg.2250-MONOMER,0.0,-3.896328089505807e-06
UAG2EMA_REV_g.3281.peg.1062-MONOMER,0.0,2.3349050453242325e-35
UAG2EMA_FWD_g.3281.peg.1062-MONOMER,0.0,-1.708988331784311e-06
UAG2EMA_REV_g.3281.peg.2724-MONOMER,0.0,-2.8736391476415886e-06
UAG2EMA_FWD_g.3281.peg.2724-MONOMER,0.0,-4.582627479425899e-06
UAG4E_REV_g.3281.peg.1722-MONOMER,0.0,1.589198975422297e-35
UAG4E_FWD_g.3281.peg.1722-MONOMER,0.0,-3.4308815254254793e-06
UAG4E_REV_g.3281.peg.836-MONOMER,0.0,-1.106823726492073e-06
UAG4E_FWD_g.3281.peg.836-MONOMER,0.0,-4.537705251917552e-06
UAG4E_REV_g.3281.peg.2910-MONOMER,0.0,-1.0109041414510648e-06
UAG4E_FWD_g.3281.peg.2910-MONOMER,0.0,-4.441785666876544e-06
UAG4E_REV_g.3281.peg.77-MONOMER_mod_nad(1),0.0,-9.976863063573406e-07
UAG4E_FWD_g.3281.peg.77-MONOMER_mod_nad(1),0.0,-4.4285678317828195e-06
UAG4E_REV_g.3281.peg.1934-MONOMER,0.0,-8.409536023249244e-07
UAG4E_FWD_g.3281.peg.1934-MONOMER,0.0,-4.271835127750404e-06
UAGAAT_REV_g.3281.peg.2355-MONOMER,0.0,-8.575874375796968e-06
UAGAAT_FWD_g.3281.peg.2355-MONOMER,0.020294365379647957,5.927911232067701e-35
UAGAAT_REV_g.3281.peg.358-MONOMER,0.0,-9.586999922229475e-06
UAGAAT_FWD_g.3281.peg.358-MONOMER,0.0,-1.0111255464325059e-06
UAGCVT_r_REV_g.3281.peg.854-MONOMER,0.0,-1.257401295067677e-35
UAGCVT_r_FWD_g.3281.peg.854-MONOMER,0.0,-4.346133655081644e-06
UAGDP_REV_CPLX_dummy,0.0,-3.4675965446396647e-06
UAGDP_FWD_CPLX_dummy,0.020294365379647957,-6.932398052964048e-37
UAGPT2_REV_g.3281.peg.2022-MONOMER,0.0,-7.128311993807315e-06
UAGPT2_FWD_g.3281.peg.2022-MONOMER,0.0,-8.894364327108814e-37
UAGPT3_REV_g.3281.peg.2022-MONOMER,0.0,-7.128311993807315e-06
UAGPT3_FWD_g.3281.peg.2022-MONOMER,0.0,-1.900320462852826e-35
UAMAGS_REV_g.3281.peg.2497-MONOMER_mod_k(1)_mod_mg2(1),0.0,-3.054806885265096e-06
UAMAGS_FWD_g.3281.peg.2497-MONOMER_mod_k(1)_mod_mg2(1),0.0,1.8355033745232053e-36
UAMAS_REV_g.3281.peg.2759-MONOMER_mod_mg2(1),0.0,-5.309235425054925e-06
UAMAS_FWD_g.3281.peg.2759-MONOMER_mod_mg2(1),0.0,-6.771558523318715e-35
UAPGR_REV_g.3281.peg.3202-MONOMER_mod_fad(1),0.0,0.5079004331722555
UAPGR_FWD_g.3281.peg.3202-MONOMER_mod_fad(1),0.0,-0.507903837119095
UDCPDP_REV_g.3281.peg.1671-MONOMER,0.0,-3.3795040478803107e-06
UDCPDP_FWD_g.3281.peg.1671-MONOMER,0.0,1.808440146912127e-34
UDCPDPS_REV_g.3281.peg.2656-MONOMER_mod_mg2(1),0.0,-4.499952459786586e-06
UDCPDPS_FWD_g.3281.peg.2656-MONOMER_mod_mg2(1),0.010147182689823979,1.8435647899653528e-34
UDPG4E_REV_g.3281.peg.1722-MONOMER,0.07919483000000001,1.4124195080605773e-35
UDPG4E_FWD_g.3281.peg.1722-MONOMER,0.0,-3.4308815254254793e-06
UDPG4E_REV_g.3281.peg.836-MONOMER,0.0,-1.106823726492073e-06
UDPG4E_FWD_g.3281.peg.836-MONOMER,0.0,-4.537705251917552e-06
UDPG4E_REV_g.3281.peg.2910-MONOMER,0.0,-1.0109041414510648e-06
UDPG4E_FWD_g.3281.peg.2910-MONOMER,0.0,-4.441785666876544e-06
UDPG4E_REV_g.3281.peg.77-MONOMER_mod_nad(1),0.0,-9.976863063573406e-07
UDPG4E_FWD_g.3281.peg.77-MONOMER_mod_nad(1),0.0,-4.4285678317828195e-06
UDPG4E_REV_g.3281.peg.1934-MONOMER,0.0,-8.409536023249244e-07
UDPG4E_FWD_g.3281.peg.1934-MONOMER,0.0,-4.271835127750404e-06
UDPGALM_REV_g.3281.peg.2673-MONOMER_mod_fad(1),0.0,8.092886899869001e-08
UDPGALM_FWD_g.3281.peg.2673-MONOMER_mod_fad(1),0.0,-1.4759744177579169e-07
UDPGALM_REV_g.3281.peg.1318-MONOMER,0.0,2.285263107744817e-07
UDPGALM_FWD_g.3281.peg.1318-MONOMER,0.0,-9.95936381201251e-36
UDPGDr_REV_g.3281.peg.1765-MONOMER,0.0,-3.371771224799759e-07
UDPGDr_FWD_g.3281.peg.1765-MONOMER,0.0,-7.792966674677343e-08
UDPGDr_REV_g.3281.peg.2800-MONOMER,0.0,-3.103996852119072e-06
UDPGDr_FWD_g.3281.peg.2800-MONOMER,0.0,-2.8447493963858698e-06
UDPGDr_REV_g.3281.peg.24-MONOMER,0.0,-2.8896855680922235e-06
UDPGDr_FWD_g.3281.peg.24-MONOMER,0.0,-2.630438112359021e-06
UDPGDr_REV_g.3281.peg.3583-MONOMER,0.0,-2.3613936174544306e-06
UDPGDr_FWD_g.3281.peg.3583-MONOMER,0.0,-2.102146161721228e-06
UDPGDr_REV_g.3281.peg.2970-MONOMER,0.0,-1.7686635698980845e-06
UDPGDr_FWD_g.3281.peg.2970-MONOMER,0.0,-1.509416114164882e-06
UDPGDr_REV_g.3281.peg.1131-MONOMER,0.0,-2.592474557332025e-07
UDPGDr_FWD_g.3281.peg.1131-MONOMER,0.0,1.8844121667187605e-34
UDPGDr_REV_g.3281.peg.1541-MONOMER,0.0,-3.1385472662466562e-06
UDPGDr_FWD_g.3281.peg.1541-MONOMER,0.0,-2.879299810513454e-06
UDPGDr_REV_g.3281.peg.550-MONOMER,0.0,-1.0167854351354877e-06
UDPGDr_FWD_g.3281.peg.550-MONOMER,0.0,-7.575379794022852e-07
UGLT_REV_CPLX_dummy,0.0,-3.4675965446396647e-06
UGLT_FWD_CPLX_dummy,0.07919483000000001,-1.74522521335652e-35
UGMDDS_REV_g.3281.peg.1679-MONOMER,0.0,-5.972888238797035e-06
UGMDDS_FWD_g.3281.peg.1679-MONOMER,0.0,-2.017349239521232e-06
UGMDDS_REV_g.3281.peg.2046-MONOMER,0.0,-3.9555389992758034e-06
UGMDDS_FWD_g.3281.peg.2046-MONOMER,0.0,-1.2324940731103506e-35
UHGADA_REV_CPLX_dummy,0.0,-3.4675965446396647e-06
UHGADA_FWD_CPLX_dummy,0.020294365379647957,6.1105894839330545e-37
UMPK_REV_763034.3.peg.1337-MONOMER,0.0,-8.109564239902535e-06
UMPK_FWD_763034.3.peg.1337-MONOMER,0.1003429788165901,7.625526395060139e-34
UPPRT_REV_g.3281.peg.1957-MONOMER,0.0,0.020774454580974152
UPPRT_FWD_g.3281.peg.1957-MONOMER,0.0,-0.020782818130614014
URAt2_REV_CPLX_dummy,0.0,0.06363366541581436
URAt2_FWD_CPLX_dummy,0.0,-0.063637133012359
URCN_REV_g.3281.peg.779-MONOMER,0.0,-8.15718106014853e-06
URCN_FWD_g.3281.peg.779-MONOMER,-1.860752008892116e-35,4.786446969910168e-36
URDGLYAH_REV_g.3281.peg.3541-MONOMER,0.0,-5.549478437828221e-40
URDGLYAH_FWD_g.3281.peg.3541-MONOMER,0.0,-5.193854240865497e-06
UREA_REV_g.3281.peg.3256-MONOMER,0.0,-3.305258169860464e-06
UREA_FWD_g.3281.peg.3256-MONOMER,0.0,-2.6080655685447066e-37
URIDK3_REV_g.3281.peg.161-MONOMER,0.0,-9.75628453058504e-07
URIDK3_FWD_g.3281.peg.161-MONOMER,0.0,-3.7491799050680607e-06
URIDK3_REV_g.3281.peg.457-MONOMER_mod_mg2(1),0.0,-6.231590104906592e-36
URIDK3_FWD_g.3281.peg.457-MONOMER_mod_mg2(1),0.0,-2.7735514520095567e-06
URIK1_REV_g.3281.peg.3243-MONOMER,0.0,-5.92390420751548e-06
URIK1_FWD_g.3281.peg.3243-MONOMER,0.0,-1.3175716675885076e-06
URIK1_REV_g.3281.peg.2648-MONOMER,0.0,-4.606332539926973e-06
URIK1_FWD_g.3281.peg.2648-MONOMER,0.06964577874221224,5.735512426698051e-35
URIK1_REV_g.3281.peg.3120-MONOMER_mod_mg2(1),0.0,-5.05092609408082e-06
URIK1_FWD_g.3281.peg.3120-MONOMER_mod_mg2(1),0.0,-4.445935541538469e-07
URIK10_REV_g.3281.peg.3243-MONOMER,0.0,-1.8869396652321619e-06
URIK10_FWD_g.3281.peg.3243-MONOMER,0.0,-5.354536209871826e-06
URIK11_REV_g.3281.peg.3243-MONOMER,0.0,-3.620737937551994e-06
URIK11_FWD_g.3281.peg.3243-MONOMER,0.0,-3.620737937551994e-06
URIK12_REV_g.3281.peg.3243-MONOMER,0.0,-3.620737937551994e-06
URIK12_FWD_g.3281.peg.3243-MONOMER,0.0,-3.620737937551994e-06
URIK13_REV_g.3281.peg.3243-MONOMER,0.0,-1.8869396652321619e-06
URIK13_FWD_g.3281.peg.3243-MONOMER,0.0,-5.354536209871826e-06
URIK14_REV_g.3281.peg.3243-MONOMER,0.0,-1.8869396652321619e-06
URIK14_FWD_g.3281.peg.3243-MONOMER,0.0,-5.354536209871826e-06
URIK2_REV_g.3281.peg.3243-MONOMER,0.0,-4.1901059351956485e-06
URIK2_FWD_g.3281.peg.3243-MONOMER,0.0,-3.05136993990834e-06
URIK2_REV_g.3281.peg.2648-MONOMER,0.0,-2.872534267607141e-06
URIK2_FWD_g.3281.peg.2648-MONOMER,0.0,-1.7337982723198323e-06
URIK2_REV_g.3281.peg.3120-MONOMER_mod_mg2(1),0.0,-3.3171278217609875e-06
URIK2_FWD_g.3281.peg.3120-MONOMER_mod_mg2(1),0.0,-2.1783918264736794e-06
URIK3_REV_g.3281.peg.3243-MONOMER,0.0,-5.92390420751548e-06
URIK3_FWD_g.3281.peg.3243-MONOMER,0.0,-1.3175716675885076e-06
URIK3_REV_g.3281.peg.2648-MONOMER,0.0,-4.606332539926973e-06
URIK3_FWD_g.3281.peg.2648-MONOMER,-1.359226062752599e-23,5.598607864083803e-35
URIK3_REV_g.3281.peg.3120-MONOMER_mod_mg2(1),0.0,-5.05092609408082e-06
URIK3_FWD_g.3281.peg.3120-MONOMER_mod_mg2(1),0.0,-4.445935541538469e-07
URIK4_REV_g.3281.peg.3243-MONOMER,0.0,-4.1901059351956485e-06
URIK4_FWD_g.3281.peg.3243-MONOMER,0.0,-3.05136993990834e-06
URIK5_REV_g.3281.peg.3243-MONOMER,0.0,-4.1901059351956485e-06
URIK5_FWD_g.3281.peg.3243-MONOMER,0.0,-3.05136993990834e-06
URIK6_REV_g.3281.peg.3243-MONOMER,0.0,-5.92390420751548e-06
URIK6_FWD_g.3281.peg.3243-MONOMER,0.0,-1.3175716675885076e-06
URIK7_REV_g.3281.peg.3243-MONOMER,0.0,-5.92390420751548e-06
URIK7_FWD_g.3281.peg.3243-MONOMER,0.0,-1.3175716675885076e-06
URIK8_REV_g.3281.peg.3243-MONOMER,0.0,-4.1901059351956485e-06
URIK8_FWD_g.3281.peg.3243-MONOMER,0.0,-3.05136993990834e-06
URIK9_REV_g.3281.peg.3243-MONOMER,0.0,-4.1901059351956485e-06
URIK9_FWD_g.3281.peg.3243-MONOMER,0.0,-3.05136993990834e-06
URIt2r_REV_g.3281.peg.977-MONOMER,0.0,-3.2433965260088816e-06
URIt2r_FWD_g.3281.peg.977-MONOMER,0.06964577874221224,-5.862804820211605e-37
USHD_REV_g.3281.peg.2837-MONOMER,0.0,-5.285565939715312e-06
USHD_FWD_g.3281.peg.2837-MONOMER,0.010147182689823979,9.250714369475101e-36
UTPATPT_REV_763034.3.peg.3508-MONOMER_mod_mg2(1),0.0,-1.339927831939041e-06
UTPATPT_FWD_763034.3.peg.3508-MONOMER_mod_mg2(1),0.0,-1.7337982723198323e-06
VALTA_REV_763034.3.peg.2316-MONOMER_mod_pydx5p(6),0.0,-4.681136960612935e-06
VALTA_FWD_763034.3.peg.2316-MONOMER_mod_pydx5p(6),0.04213821830761921,6.410160551702064e-34
VALTA_REV_763034.3.peg.2316-MONOMER_mod_pydx5p(1),0.0,-4.991700878687383e-06
VALTA_FWD_763034.3.peg.2316-MONOMER_mod_pydx5p(1),0.0,-3.105639180744481e-07
VALt2r_REV_CPLX_dummy,0.0,-3.4675965446396647e-06
VALt2r_FWD_CPLX_dummy,0.18,3.9384771481501866e-36
XPPTr_REV_g.3281.peg.2027-MONOMER,0.0,-5.496470580180447e-06
XPPTr_FWD_g.3281.peg.2027-MONOMER,0.031951085058767044,3.0745717962444205e-36
XYLI1_REV_g.3281.peg.1586-MONOMER,0.0,-5.6762487729121235e-06
XYLI1_FWD_g.3281.peg.1586-MONOMER,0.0,-1.6698190783561073e-06
XYLI1_REV_g.3281.peg.1309-MONOMER_mod_mn2(1),0.0,-4.006429694556016e-06
XYLI1_FWD_g.3281.peg.1309-MONOMER_mod_mn2(1),0.17878295,1.0528335585831276e-37
XYLI2_REV_g.3281.peg.1586-MONOMER,0.0,-5.6762487729121235e-06
XYLI2_FWD_g.3281.peg.1586-MONOMER,0.0,-1.6698190783561073e-06
XYLI2_REV_g.3281.peg.1309-MONOMER_mod_mn2(1),0.0,-4.006429694556016e-06
XYLI2_FWD_g.3281.peg.1309-MONOMER_mod_mn2(1),0.45165928000000005,2.186376255737224e-37
XYLK_REV_g.3281.peg.1399-MONOMER_mod_mg2(1),0.0,-9.02969633822483e-06
XYLK_FWD_g.3281.peg.1399-MONOMER_mod_mg2(1),0.17878295,-7.441540083230488e-36
XYLabc_REV_CPLX_dummy,0.0,0.019978574419688283
XYLabc_FWD_CPLX_dummy,0.0,-0.019982042016232923
XYLt_REV_g.3281.peg.1248-MONOMER,0.0,-4.302073533565353e-06
XYLt_FWD_g.3281.peg.1248-MONOMER,0.17878295,-7.73372741465431e-36
YUMPS_REV_CPLX_YUMPS-1,0.0,-1.8232421796848132e-06
YUMPS_FWD_CPLX_YUMPS-1,0.0,-3.0728558094337206e-06
YUMPS_REV_CPLX_YUMPS-0,0.0,-8.639061574655217e-36
YUMPS_FWD_CPLX_YUMPS-0,0.0,-1.2496136297489076e-06
ZNabc_REV_CPLX_ZNabc-0,0.0,-7.001367472552363e-06
ZNabc_FWD_CPLX_ZNabc-0,7.62891761275844e-07,1.0882170821661077e-34
dreplication_REV_CPLX_dreplication-5,0.0,-8.772352927366575e-06
dreplication_FWD_CPLX_dreplication-5,0.0,-9.67597870433434e-08
dreplication_REV_CPLX_dreplication-2,0.0,-8.675593140323232e-06
dreplication_FWD_CPLX_dreplication-2,0.0,5.9313462341027104e-40
dreplication_REV_CPLX_dreplication-3,0.0,-8.881891970473904e-06
dreplication_FWD_CPLX_dreplication-3,0.0,-2.0629883015067282e-07
dreplication_REV_CPLX_dreplication-6,0.0,-8.784077408980915e-06
dreplication_FWD_CPLX_dreplication-6,0.0,-1.0848426865768543e-07
dreplication_REV_CPLX_dreplication-4,0.0,-8.755301216355008e-06
dreplication_FWD_CPLX_dreplication-4,0.0,-7.9708076031777e-08
dreplication_REV_CPLX_dreplication-1,0.0,-8.758972454277643e-06
dreplication_FWD_CPLX_dreplication-1,0.0,-8.337931395441137e-08
dreplication_REV_CPLX_dreplication-0,0.0,-8.920163176313686e-06
dreplication_FWD_CPLX_dreplication-0,0.0,-2.445700359904542e-07
pbiosynthesis_REV_CPLX_pbiosynthesis-0,0.0,-1.28398244643942e-05
pbiosynthesis_FWD_CPLX_pbiosynthesis-0,0.0,0.0
r0060_REV_g.3281.peg.3209-MONOMER_mod_4fe4s(1),0.0,-8.016317770790287e-06
r0060_FWD_g.3281.peg.3209-MONOMER_mod_4fe4s(1),0.8013832662229309,-1.3076243993686631e-36
r0082_REV_g.3281.peg.301-MONOMER,0.0,0.021239757259911278
r0082_FWD_g.3281.peg.301-MONOMER,0.0,-0.02124205197829311
r0085_REV_g.3281.peg.2835-MONOMER,0.0,-3.0900921649961457e-06
r0085_FWD_g.3281.peg.2835-MONOMER,0.0,-6.79601783165788e-36
r0120_REV_g.3281.peg.1994-MONOMER,0.0,-1.412504567246885e-06
r0120_FWD_g.3281.peg.1994-MONOMER,0.0,-1.7529097895937247e-36
r0127_REV_763034.3.peg.3302-MONOMER,0.0,-9.119548432107776e-06
r0127_FWD_763034.3.peg.3302-MONOMER,0.0,-9.69660485207415e-07
r0127_REV_763034.3.peg.1286-MONOMER,0.0,-8.149887946900362e-06
r0127_FWD_763034.3.peg.1286-MONOMER,0.13416354378689488,-2.9672436762837152e-34
r0339_REV_g.3281.peg.260-MONOMER,0.0,-4.55321229799454e-06
r0339_FWD_g.3281.peg.260-MONOMER,0.0,-2.6235263408630963e-06
r0345_REV_g.3281.peg.2787-MONOMER,0.0,-4.111302998795566e-36
r0345_FWD_g.3281.peg.2787-MONOMER,0.0,-3.1701242610849356e-06
r0422_REV_g.3281.peg.301-MONOMER,0.0,-1.3200194432716176e-35
r0422_FWD_g.3281.peg.301-MONOMER,0.0,-2.2947183818325096e-06
r0456_REV_CPLX_dummy,0.0,-3.4675965446396647e-06
r0456_FWD_CPLX_dummy,0.0157617215524679,-7.754486600726508e-37
r0570_REV_g.3281.peg.285-MONOMER,0.0,-6.570360531424013e-06
r0570_FWD_g.3281.peg.285-MONOMER,1.984238278447532,-9.005362065203347e-37
r0671_REV_g.3281.peg.3134-MONOMER_mod_mg2(1),0.0,-1.2183451808985065e-05
r0671_FWD_g.3281.peg.3134-MONOMER_mod_mg2(1),0.0,-4.12223983743245e-06
r0671_REV_g.3281.peg.3134-MONOMER_mod_fmn(1),0.0,-1.2110982932455057e-05
r0671_FWD_g.3281.peg.3134-MONOMER_mod_fmn(1),0.0,-4.049770960902441e-06
r0708_REV_g.3281.peg.1994-MONOMER,0.0,-1.1461433678327187e-06
r0708_FWD_g.3281.peg.1994-MONOMER,0.0,-2.6636119941416636e-07
r0739_REV_g.3281.peg.1178-MONOMER,0.0,-1.8144761442659816e-35
r0739_FWD_g.3281.peg.1178-MONOMER,0.0,-7.287809048651009e-06
r0775_REV_g.3281.peg.1994-MONOMER,0.0,-1.412504567246885e-06
r0775_FWD_g.3281.peg.1994-MONOMER,0.0,1.3730869779239396e-36
r0777_REV_g.3281.peg.1994-MONOMER,0.0,-1.412504567246885e-06
r0777_FWD_g.3281.peg.1994-MONOMER,0.0,1.400308075742311e-35
r0792_REV_g.3281.peg.733-MONOMER_mod_fad(1),0.0,-3.1461373325000997e-35
r0792_FWD_g.3281.peg.733-MONOMER_mod_fad(1),0.0,-5.4199151860006524e-06
r1384_REV_g.3281.peg.3245-MONOMER,0.031951085058767044,8.564530661047717e-36
r1384_FWD_g.3281.peg.3245-MONOMER,0.0,-4.4363498216502295e-06
r2137_REV_g.3281.peg.214-MONOMER,0.0,0.0
r2137_FWD_g.3281.peg.214-MONOMER,0.0,-3.5863079710620753e-06
rtranscription_REV_CPLX_rtranscription-0,0.0,-1.0681837946359137e-05
rtranscription_FWD_CPLX_rtranscription-0,0.0,-1.6692897398671816e-07
rtranscription_REV_CPLX_rtranscription-2,0.0,-1.0514908972372417e-05
rtranscription_FWD_CPLX_rtranscription-2,0.0,0.0
rtranscription_REV_CPLX_rtranscription-1,0.0,-1.0597812960395622e-05
rtranscription_FWD_CPLX_rtranscription-1,0.0,-8.290398802320339e-08
dummy_reaction_REV_SPONT,0.0,1.0
dummy_reaction_FWD_SPONT,7.387028362487917e-07,0.0
GAM,0.40570879572284113,-0.7992983701890954
ATPM,1.0,-0.019982459254727386
DNA_replication,0.06792687927304107,0.15249736195724553
formation_ribosome,2.388708084217899e-05,0.0
formation_RNAP_g3281peg303MONOMER,7.594691815075317e-07,3.400946011191334e-33
formation_RNA_degradosome,1.1766047064578732e-09,0.0
formation_rRNA_containing_excision_machinery,2.4849227696960486e-10,1.2107658044200547e-33
formation_monocistronic_excision_machinery,6.717381924406259e-10,-3.969500604923543e-34
CPLX_dummy_mod_2fe2s(1)_to_generic_2fe2s_transfer_complex,0.0,0.0
CPLX_dummy_2fe2s_unloading,0.0,-1.8853347727318048e-34
CPLX_dummy_mod_4fe4s(1)_to_generic_4fe4s_transfer_complex,1.030103829300524e-11,-1.2297494526422237e-34
CPLX_dummy_4fe4s_unloading,0.0,-2.2804326821279277e-34
translocation_g.3281.peg.1231_Periplasm,-3.281194669777071e-41,-6.064173069100309e-34
translocation_g.3281.peg.1553_Periplasm,0.0,3.7156370744266637e-34
translocation_g.3281.peg.171_Inner_Membrane,0.0,-2.510256731192391e-34
translocation_g.3281.peg.1718_Inner_Membrane,0.0,0.0
translocation_g.3281.peg.3413_Inner_Membrane,1.0943020533041469e-07,0.0
translocation_g.3281.peg.977_Inner_Membrane,4.637863879274241e-06,-1.9829365542550804e-34
translocation_763034.3.peg.2425_Inner_Membrane,0.0,-5.029048385390405e-35
translocation_g.3281.peg.1519_Inner_Membrane,0.0,4.2736143954407275e-34
translocation_g.3281.peg.1208_Periplasm,0.0,1.5098620485747969e-34
translocation_g.3281.peg.2330_Inner_Membrane,1.3686686011094617e-06,-4.136621735122789e-34
translocation_g.3281.peg.2316_Periplasm,0.0,0.0
translocation_g.3281.peg.2316_Periplasm_alt,0.0,0.0
translocation_g.3281.peg.2778_Inner_Membrane,0.0,2.501947746426552e-35
translocation_g.3281.peg.2414_Periplasm,0.0,0.0
translocation_g.3281.peg.1882_Inner_Membrane,-7.88663913571779e-46,0.0
translocation_g.3281.peg.649_Inner_Membrane,0.0,0.0
translocation_g.3281.peg.998_Inner_Membrane,0.0,4.204778378965401e-34
translocation_g.3281.peg.800_Inner_Membrane,2.9309525978960787e-08,1.1311201301760274e-34
translocation_g.3281.peg.2324_Inner_Membrane,0.0,-1.939557089726562e-34
translocation_g.3281.peg.278_Inner_Membrane,1.6655785735697356e-08,-9.651929389811837e-35
translocation_g.3281.peg.92_Inner_Membrane,1.6300005414557434e-07,2.2070681661105683e-34
translocation_763034.3.peg.2656_Inner_Membrane,0.0,0.0
translocation_g.3281.peg.3308_Membrane,0.0,-2.821899836141113e-35
translocation_g.3281.peg.3533_Membrane,3.7409815131131365e-06,1.7917751737923674e-34
translocation_g.3281.peg.1671_Inner_Membrane,0.0,9.262955304069464e-35
translocation_g.3281.peg.718_Inner_Membrane,2.03176699866413e-07,0.0
translocation_763034.3.peg.1609_Membrane,2.5667769888585277e-05,-3.7635767350419795e-34
translocation_g.3281.peg.150_Membrane,8.164153006309785e-07,-1.7762512461462155e-34
translocation_g.3281.peg.1119_Inner_Membrane,1.8600087629546183e-08,1.7409857855398092e-34
translocation_763034.3.peg.2800_Membrane,0.0,5.650503060356332e-34
translocation_g.3281.peg.1974_Inner_Membrane,2.299619553123539e-13,8.325148475360453e-34
translocation_g.3281.peg.3503_Periplasm,0.0,0.0
translocation_g.3281.peg.458_Inner_Membrane,0.0,-1.0006440190958876e-34
translocation_763034.3.peg.2406_Membrane,3.773779160544987e-08,9.285263737794465e-34
translocation_763034.3.peg.1217_Membrane,0.0,-3.621495767111711e-34
translocation_g.3281.peg.2137_Membrane,0.0,-5.545772684139923e-34
translocation_g.3281.peg.2098_Inner_Membrane,0.0,0.0
translocation_g.3281.peg.1039_Inner_Membrane,0.0,0.0
translocation_g.3281.peg.1175_Inner_Membrane,0.0,0.0
translocation_g.3281.peg.2954_Inner_Membrane,0.0,0.0
translocation_g.3281.peg.1959_Inner_Membrane,0.0,2.5580891068418437e-35
translocation_g.3281.peg.905_Inner_Membrane,1.8627326554425727e-08,3.713529261534823e-34
translocation_763034.3.peg.2297_Membrane,0.0,3.4423990551169655e-34
translocation_g.3281.peg.2071_Inner_Membrane,9.451422811142143e-12,-4.098897014951395e-34
translocation_g.3281.peg.1742_Inner_Membrane,0.0,-1.2884811658841692e-34
translocation_g.3281.peg.1045_Inner_Membrane,2.004488845528431e-06,-4.610168891258973e-34
translocation_g.3281.peg.1097_Inner_Membrane,2.004488845528431e-06,1.8184196748178365e-35
translocation_g.3281.peg.1147_Inner_Membrane,2.004488845528431e-06,0.0
translocation_g.3281.peg.1262_Inner_Membrane,2.004488845528431e-06,1.1525422228147433e-34
translocation_g.3281.peg.1700_Inner_Membrane,2.004488845528431e-06,-1.1525422228147433e-34
translocation_g.3281.peg.1836_Inner_Membrane,2.004488845528431e-06,0.0
translocation_g.3281.peg.1973_Inner_Membrane,2.004488845528431e-06,-4.610168891258973e-34
translocation_g.3281.peg.2866_Inner_Membrane,0.0,0.0
translocation_g.3281.peg.3301_Membrane,0.0,6.689216933796421e-34
translocation_g.3281.peg.3042_Inner_Membrane,0.0,1.4805613274325299e-33
translocation_g.3281.peg.3287_Inner_Membrane,1.1907351354220815e-07,0.0
translocation_g.3281.peg.3068_Inner_Membrane,0.0,-1.0520425859253565e-34
translocation_g.3281.peg.3176_Inner_Membrane,0.0,-4.208170343701426e-34
translocation_g.3281.peg.2686_Inner_Membrane,0.0,3.912241063320616e-34
translocation_g.3281.peg.431_Inner_Membrane,9.649061897747665e-08,-1.2133560671002496e-33
translocation_g.3281.peg.3175_Inner_Membrane,0.0,8.331045245931206e-34
translocation_g.3281.peg.2017_Inner_Membrane,5.898566946559135e-10,0.0
translocation_g.3281.peg.2226_Periplasm,5.898566946559135e-10,5.719457654689081e-35
translocation_g.3281.peg.2817_Inner_Membrane,5.898566946559135e-10,0.0
translocation_g.3281.peg.13_Membrane,2.0854487731738488e-05,0.0
translocation_g.3281.peg.2924_Inner_Membrane,2.6423587536315204e-07,3.928893756313168e-34
translocation_g.3281.peg.1110_Inner_Membrane,0.0,0.0
translocation_g.3281.peg.2892_Membrane,0.0,0.0
translocation_g.3281.peg.443_Inner_Membrane,1.587170993799709e-08,0.0
translocation_g.3281.peg.310_Inner_Membrane,6.31161600182145e-08,0.0
translocation_763034.3.peg.2259_Membrane,1.5038528580958277e-05,0.0
translocation_g.3281.peg.3469_Membrane,0.0,2.4448873660570827e-34
translocation_g.3281.peg.2022_Inner_Membrane,0.0,-4.102056745415845e-34
translocation_g.3281.peg.1957_Membrane,3.2348978328898247e-41,-2.2530241247716776e-34
translocation_g.3281.peg.2837_Inner_Membrane,2.0736607911288502e-08,0.0
translocation_g.3281.peg.1248_Inner_Membrane,2.3508799179563453e-07,0.0
translocation_g.3281.peg.459_Inner_Membrane,9.075779857490604e-13,0.0
translocation_g.3281.peg.1316_Membrane,4.812638864225992e-07,-1.390853312407972e-34
translocation_g.3281.peg.1485_Membrane,3.424744648967842e-07,-4.78039957833337e-34
translocation_g.3281.peg.231_Membrane,1.633843178759645e-07,6.504209277640055e-34
translocation_g.3281.peg.402_Membrane,2.3887540957413694e-05,3.278811257451026e-35
translocation_g.3281.peg.872_Membrane,1.2196443578768885e-06,0.0
translocation_g.3281.peg.214_Inner_Membrane,0.0,-2.0457094005128093e-34
translocation_g.3281.peg.1376_Inner_Membrane,3.86683244320821e-08,-2.457740090304516e-34
translocation_g.3281.peg.1379_Inner_Membrane,8.283075898986819e-11,-2.398503870238345e-34
translocation_g.3281.peg.1493_Membrane,3.6018056598516864e-06,-9.67133331825012e-34
translocation_g.3281.peg.1990_Membrane,3.693051287183153e-10,0.0
translocation_g.3281.peg.2177_Membrane,4.363025560039778e-08,-2.0113043545073925e-33
translocation_g.3281.peg.2740_Membrane,3.52981411937362e-09,0.0
translocation_g.3281.peg.3224_Inner_Membrane,4.969845539392097e-10,-4.0112657506385335e-34
translocation_g.3281.peg.3271_Membrane,2.3532094129157464e-09,0.0
translocation_g.3281.peg.3289_Membrane,2.1815127800198862e-08,-4.259026909490985e-34
translocation_g.3281.peg.405_Inner_Membrane,3.1180249361369433e-09,-1.332248571015405e-34
translocation_g.3281.peg.477_Membrane,1.3734253676434602e-09,-1.0480935756022785e-33
translocation_g.3281.peg.788_Membrane,2.388708084217899e-05,-7.19969732891313e-34
translocation_g.3281.peg.913_Inner_Membrane,1.4012747504378185e-06,-1.0883943152751028e-33
translocation_g.3281.peg.961_Inner_Membrane,3.6018056598516864e-06,0.0
translocation_g.3281.peg.997_Inner_Membrane,1.8465256435915764e-10,0.0
biomass_constituent_demand,0.40570879572284113,0.04676871950249319
TS_4fe4s_c,-5.941323346195726e-06,0.0
