,fluxes,reduced_costs
biomass_dilution,0.0324730289829322,-0.32687567207488105
protein_biomass_to_biomass,0.0131567067395447,0.0
mRNA_biomass_to_biomass,3.6303102884123877e-05,4.291758448836209e-35
tRNA_biomass_to_biomass,0.00022104739958556365,0.0
rRNA_biomass_to_biomass,0.0015440373334593036,4.2843659789617856e-35
ncRNA_biomass_to_biomass,0.0,0.0
tmRNA_biomass_to_biomass,0.0,0.0
DNA_biomass_to_biomass,0.001926092311365585,0.0
lipid_biomass_to_biomass,0.0,0.0
constituent_biomass_to_biomass,0.00818340448106183,0.0
prosthetic_group_biomass_to_biomass,4.790074037201262e-06,6.521709607869057e-35
peptidoglycan_biomass_to_biomass,0.0,0.0
DM_5DRIB,0.0,-1215.9510949139437
DM_5MTR,0.0,-2.2966034878011354e-06
DM_atp_c_,0.0,-9.897027781281177e-07
DM_dhptd(c),0.0,0.0
DM_hcys_L[c],1.8238645438572777e-05,0.0
EX_12dgr180(e),-0.0013830912504410482,0.0
EX_15dap(e),0.0,-8.193390003269282e-07
EX_26dap_M(e),0.0,0.0
EX_2dmmq8(e),-0.00010055273424564956,0.0
EX_2hyoxplac(e),0.0,-3.137685908119689e-06
EX_2obut(e),-2.5478494696000722e-57,0.0
EX_34dhpha(e),0.0,-2.778233298911506e-06
EX_34dhphe(e),0.0,0.0
EX_3hphac(e),0.0,-4.134377608937352e-40
EX_3mop(e),1.2031878938636584e-35,0.0
EX_4abut(e),0.0,-6.110355193167224e-07
EX_4abz(e),-0.00030165820273694865,0.0
EX_4hphac(e),0.26602612579376234,0.0
EX_5htrp(e),0.0,0.0
EX_5mta(e),0.00010055273424564956,0.0
EX_Lcyst(e),0.0,0.0
EX_Lkynr[e],0.0,0.0
EX_ac(e),1.5530900060539834,0.0
EX_acald(e),0.0,-6.371752545303943e-07
EX_acgam(e),0.0,0.0
EX_adn(e),1.8238645438572777e-05,0.0
EX_adocbl(e),-0.00010055273424564956,0.0
EX_akg(e),0.0,-1.0110992364522904e-07
EX_ala_D(e),0.0,0.0
EX_ala_L(e),0.0,0.0
EX_alaasp(e),0.0,0.0
EX_alagln(e),0.0,0.0
EX_alaglu(e),0.0,0.0
EX_alagly(e),0.0,0.0
EX_alahis(e),0.0,0.0
EX_alaleu(e),0.0,0.0
EX_alathr(e),0.0,0.0
EX_alltn(e),0.0,0.0
EX_amp(e),-0.0027288393172481286,0.0
EX_arab_L(e),0.0,0.0
EX_arbt(e),0.0,0.0
EX_arg_L(e),-0.012024486899523417,0.0
EX_asn_L(e),-0.003744934042063557,0.0
EX_aso3(e),0.0,0.0
EX_aso4(e),0.0,0.0
EX_asp_L(e),0.24580189544354702,0.0
EX_bhb(e),0.0,-6.663228058653221e-07
EX_biomass(e),0.0,0.0
EX_btn(e),0.0,0.0
EX_but(e),0.0,-4.823730432576326e-07
EX_butso3(e),0.0,0.0
EX_ca2(e),0.0,0.0
EX_cbl1(e),0.0,0.0
EX_cbl2(e),0.0,0.0
EX_cd2(e),0.0,-0.018530137906805636
EX_cgly(e),0.0,0.0
EX_chol(e),0.0,0.0
EX_cit(e),-0.967628467779821,0.0
EX_cl(e),0.0,0.0
EX_co2(e),1.6766384260433813,0.0
EX_cobalt2(e),-0.00010055483894986727,0.0
EX_csn(e),0.0,0.0
EX_cu2(e),0.0,0.0
EX_cys_L(e),-0.0006316771689690246,0.0
EX_cytd(e),0.0,-2.770131715044784e-06
EX_dad_2(e),-7.089657072785488e-23,0.0
EX_dopa(e),0.0,-4.817071315368647e-07
EX_drib(e),0.0,0.0
EX_ethso3(e),0.0,0.0
EX_etoh(e),0.0,-6.32773063492256e-07
EX_fe2(e),-2.342404382345894e-10,0.0
EX_fe3(e),0.0,0.0
EX_for(e),-0.2848489434827179,0.0
EX_fru(e),7.569303008761807e-23,0.0
EX_fum(e),-0.7176404175501013,-2.3214849142934756e-38
EX_galctn_D(e),0.0,0.0
EX_galt(e),0.0,0.0
EX_gam(e),-0.0016243658557842345,0.0
EX_gcald(e),0.00030165820273694865,-1.3496216329086102e-36
EX_glc_D(e),-0.004060914639460587,0.0
EX_glcn(e),0.0,0.0
EX_gln_L(e),-0.007074525384568852,0.0
EX_glu_L(e),-0.021092014789478933,0.0
EX_gly(e),0.0,0.0
EX_glyasn(e),0.0,0.0
EX_glyasp(e),0.0,0.0
EX_glyb(e),0.0,0.0
EX_glyc(e),0.0010373184378307861,0.0
EX_glyc3p(e),-0.016009995562949117,0.0
EX_glyclt(e),0.1214270480778266,0.0
EX_glycys(e),0.0,0.0
EX_glygln(e),0.0,0.0
EX_glyglu(e),0.0,0.0
EX_glyleu(e),0.0,-1.3970105398581421e-08
EX_glymet(e),0.0,0.0
EX_glyphe(e),0.0,0.0
EX_glypro(e),0.0,0.0
EX_glytyr(e),0.0,0.0
EX_gthrd(e),-0.00010055273424564956,0.0
EX_gua(e),-0.0039028734266980413,0.0
EX_h(e),-1.0,-7.062841696382684e-08
EX_h2o(e),-0.37357979641990996,0.0
EX_h2s(e),-8.661374647089171e-23,0.0
EX_hexs(e),0.0,0.0
EX_hg2(e),0.0,0.0
EX_his_L(e),-0.005052541259381443,0.0
EX_hista(e),0.0,-4.817071315368647e-07
EX_hxan(e),3.238530929211942e-23,0.0
EX_ile_L(e),-0.01183147308038829,-5.008123502832095e-37
EX_ind3ac(e),0.0,0.0
EX_indole(e),0.0,0.0
EX_ins(e),0.0,-1.4329445232678744e-07
EX_isetac(e),0.0,0.0
EX_isobut(e),0.0,0.0
EX_isoval(e),0.0,0.0
EX_k(e),-1.2491763173931152e-09,0.0
EX_lac_D(e),0.0,-1.8379624292786114e-07
EX_lac_L(e),0.0,-1.6439478535541516e-07
EX_leu_L(e),-0.019617845905753786,0.0
EX_lys_L(e),-0.007749572975656158,0.0
EX_mal_L(e),0.0,0.0
EX_malt(e),-3.9172704892974047e-23,0.0
EX_man(e),1.5918834118020762e-35,0.0
EX_met_D(e),0.0,0.0
EX_met_L(e),-0.006488481643301123,0.0
EX_metala(e),0.0,0.0
EX_metsox_R_L(e),0.0,0.0
EX_metsox_S_L(e),0.0,0.0
EX_mg2(e),-0.00018367130696536713,0.0
EX_mn2(e),-2.6072085275400625e-09,0.0
EX_mnl(e),-0.008893154506659685,0.0
EX_mops(e),0.0,0.0
EX_mqn8(e),-0.00010055273424564956,0.0
EX_mso3(e),0.0,0.0
EX_na1(e),0.0,0.0
EX_nac(e),-0.00010055414676806455,0.0
EX_ncam(e),0.0,0.0
EX_nh4(e),0.0,-3.950486232503235e-07
EX_no3(e),0.0,0.0
EX_o2(e),0.0,-2.7819844592442545e-06
EX_ocdcea(e),0.0,0.0
EX_orn(e),-0.00020110546849129912,0.0
EX_pac(e),0.0,0.0
EX_pb(e),0.0,0.0
EX_phe_L(e),-0.003591550745058606,0.0
EX_pheme(e),-0.00010055273424564956,0.0
EX_phpyr(e),0.0,-2.549287372074541e-07
EX_pi(e),-0.003198628053413088,0.0
EX_ppa(e),0.0,-1.5843395002871723e-07
EX_ppi(e),0.0,-1.8327856169797933e-06
EX_pro_L(e),-0.00893959241260531,0.0
EX_pydam(e),-1.0668091203204695e-22,0.0
EX_pydx(e),0.0,0.0
EX_pydxn(e),-0.00010055274208889817,0.0
EX_pyr(e),0.05073689218782704,0.0
EX_q8(e),0.0,0.0
EX_rib_D(e),0.0,0.0
EX_salcn(e),0.0,0.0
EX_sbt_D(e),0.0,0.0
EX_ser_D(e),0.0,0.0
EX_ser_L(e),-0.009326925678219416,0.0
EX_sheme(e),-0.00010055273424564956,0.0
EX_so4(e),0.0,0.0
EX_spmd(e),0.0,0.0
EX_srtn(e),0.0,0.0
EX_succ(e),0.7176404175501013,0.0
EX_sucr(e),0.0,0.0
EX_sulfac(e),0.0,0.0
EX_taur(e),0.0,-3.150668985798477e-07
EX_thm(e),-0.00010055316201902688,0.0
EX_thr_L(e),-0.02655643520627588,0.0
EX_thymd(e),-0.001030686333767641,0.0
EX_tre(e),5.646605884859816e-24,0.0
EX_trp_L(e),-0.003865436606204024,0.0
EX_trypta(e),0.0,-4.987131356857133e-07
EX_tsul(e),4.3306873235445855e-23,0.0
EX_tym(e),0.0,-4.987131356857133e-07
EX_tyr_L(e),-0.27082533867079683,0.0
EX_ura(e),0.0,0.0
EX_urea(e),0.0,-2.904201521096507e-07
EX_uri(e),-0.005268747869977214,0.0
EX_val_L(e),-0.01581557562064475,0.0
EX_xan(e),0.0,0.0
EX_zn2(e),-9.605320368004117e-08,0.0
translation_g.1274.peg.1,2.336806662609268e-09,-2.0457674241853785e-33
transcription_TU_g.1274.peg.1,1.8296618117687022e-10,1.8492252146686185e-32
translation_g.1274.peg.13,1.1649390390183582e-10,-5.320716990291386e-33
transcription_TU_g.1274.peg.13,9.121184507196068e-12,-2.769967553007999e-32
translation_g.1274.peg.17,1.0920487159668314e-10,2.230051415273065e-33
transcription_TU_g.1274.peg.17,8.550471308415864e-12,-1.2225251999536467e-32
translation_g.1274.peg.23,0.0,-7.389306141269422e-33
transcription_TU_g.1274.peg.23,0.0,-0.025539550319277543
translation_g.1274.peg.24,0.0,2.330471651712425e-33
transcription_TU_g.1274.peg.24,0.0,2.0998001734195625e-33
translation_g.1274.peg.28,3.137299442786298e-11,4.3873512681198965e-33
transcription_TU_g.1274.peg.28,2.4564278570396744e-12,-1.6323655946536708e-32
translation_g.1274.peg.43,0.0,-5.073537994674042e-33
transcription_TU_g.1274.peg.43,0.0,-0.025856781505416232
translation_g.1274.peg.44,0.0,1.0879177612104346e-33
transcription_TU_g.1274.peg.44,0.0,3.3831688294630334e-32
translation_g.1274.peg.45,0.0,1.1114659455128531e-32
transcription_TU_g.1274.peg.45,0.0,-0.03470756868156979
translation_g.1274.peg.47,1.1518600153424395e-08,-1.5978679463751438e-33
transcription_TU_g.1274.peg.47,9.018778987141931e-10,-4.91936423775306e-33
translation_g.1274.peg.52,0.0,-2.583139388916969e-33
transcription_TU_g.1274.peg.52,0.0,-0.012597805106698124
translation_g.1274.peg.54,1.7568063005147587e-09,2.264783889871765e-34
transcription_TU_g.1274.peg.54,1.3755358755856006e-10,3.5684644287178415e-32
translation_g.1274.peg.58,3.039001988966119e-11,-4.959178082073607e-33
transcription_TU_g.1274.peg.58,2.379463382260209e-12,-2.983166694489153e-32
translation_g.1274.peg.61,0.0,-1.5126349699284021e-33
transcription_TU_g.1274.peg.61,0.0,2.939083787442489e-33
translation_398578.3.peg.66,0.0,-9.549724686841634e-34
transcription_TU_398578.3.peg.66,0.0,-0.01264681174557709
translation_g.1274.peg.68,0.0,-1.1233029204737285e-33
transcription_TU_g.1274.peg.68,0.0,3.9469407334159083e-32
translation_g.1274.peg.70,0.0,2.816076483413481e-33
transcription_TU_g.1274.peg.70,0.0,-0.017294592613630536
translation_g.1274.peg.73,0.0,3.657820724985208e-33
transcription_TU_g.1274.peg.73,0.0,2.9687493060447123e-32
translation_g.1274.peg.75,0.0,-3.7816641698740713e-34
transcription_TU_g.1274.peg.75,0.0,-0.017764778582020805
translation_g.1274.peg.78,0.0,-1.9186805941273506e-33
transcription_TU_g.1274.peg.78,0.0,-0.025517589583984264
translation_g.1274.peg.91,1.4888488233690233e-13,-1.803124791630963e-33
transcription_TU_g.1274.peg.91,1.1657317993835918e-14,2.0129248562821405e-32
translation_g.1274.peg.95,0.0,2.412011179270091e-33
transcription_TU_g.1274.peg.95,0.0,3.9404365678376395e-32
translation_398578.3.peg.113,1.372450030192046e-09,1.8097385378532213e-32
transcription_TU_398578.3.peg.113,1.074594423656463e-10,3.780335388387141e-32
translation_g.1274.peg.114,0.0,1.861075521671472e-33
transcription_TU_g.1274.peg.114,0.0,-0.01961478694328366
translation_398578.3.peg.115,0.0,-3.880869824670814e-33
transcription_TU_398578.3.peg.115,0.0,-0.027575430321881568
translation_g.1274.peg.119,0.0,2.454391897343102e-33
transcription_TU_g.1274.peg.119,0.0,-0.030221776192117324
translation_g.1274.peg.124,0.0,1.0248308034611852e-33
transcription_TU_g.1274.peg.124,0.0,1.5573423171753946e-32
translation_g.1274.peg.131,0.0,-4.139996506479053e-33
transcription_TU_g.1274.peg.131,0.0,1.0712146412339397e-32
translation_g.1274.peg.132,0.0,-5.2108234406888915e-33
transcription_TU_g.1274.peg.132,0.0,-0.026923077993236164
translation_g.1274.peg.141,0.0,5.522976431775705e-33
transcription_TU_g.1274.peg.141,0.0,-0.01459951903403552
translation_g.1274.peg.151,0.0,5.7975440183430864e-33
transcription_TU_g.1274.peg.151,0.0,-0.020152539330958327
translation_398578.3.peg.153,0.0,3.423853754361605e-34
transcription_TU_398578.3.peg.153,0.0,5.487819462563718e-33
translation_398578.3.peg.168,0.0,-3.2998322330020886e-33
transcription_TU_398578.3.peg.168,0.0,-0.024411997802755707
translation_g.1274.peg.169,0.0,-7.622132967169574e-35
transcription_TU_g.1274.peg.169,0.0,-0.03827465587885942
translation_g.1274.peg.172,0.0,-1.4206158825879988e-32
transcription_TU_g.1274.peg.172,0.0,-0.03215186122583122
translation_g.1274.peg.173,7.347439456771359e-64,-2.9912673475168043e-33
transcription_TU_g.1274.peg.173,0.0,-0.01930781542854253
translation_g.1274.peg.177,0.0,-7.209608191958238e-33
transcription_TU_g.1274.peg.177,0.0,-0.042731087433605236
translation_g.1274.peg.180,7.915772996285396e-11,-4.332875206502239e-34
transcription_TU_g.1274.peg.180,6.1978544454171674e-12,-5.569763394679767e-34
translation_g.1274.peg.182,0.0,-7.621635574866799e-33
transcription_TU_g.1274.peg.182,0.0,-0.024127412776073588
translation_g.1274.peg.196,3.032401270204855e-29,-2.3650278317908264e-33
transcription_TU_g.1274.peg.196,2.3742951827506163e-30,-6.858956475280421e-33
translation_g.1274.peg.204,0.0,-1.1366148922990382e-32
transcription_TU_g.1274.peg.204,0.0,-0.043885654044697846
translation_398578.3.peg.210,-1.7878787245942666e-43,-2.2254355311987057e-33
transcription_TU_398578.3.peg.210,0.0,3.423861774356869e-32
translation_g.1274.peg.215,0.0,2.413308591488504e-33
transcription_TU_g.1274.peg.215,0.0,-0.013364960681357745
translation_g.1274.peg.217,0.0,-2.693900524268798e-33
transcription_TU_g.1274.peg.217,0.0,1.659758297721611e-32
translation_g.1274.peg.230,1.0728681126923074e-06,1.6759245790468306e-34
transcription_TU_g.1274.peg.230,8.400291929438502e-08,2.2430293785905822e-32
translation_398578.3.peg.231,0.0,2.6054553951857427e-32
transcription_TU_398578.3.peg.231,0.0,1.0935871352807433e-31
translation_g.1274.peg.236,0.0,9.688920327146006e-34
transcription_TU_g.1274.peg.236,0.0,5.237799704497691e-32
translation_398578.3.peg.238,1.397733153182501e-29,-1.3965306021940432e-32
transcription_TU_398578.3.peg.238,0.0,-0.0283415989931256
translation_398578.3.peg.248,0.0,-1.2547226048772569e-33
transcription_TU_398578.3.peg.248,0.0,-0.02181784403637608
translation_g.1274.peg.249,1.7492568845677873e-09,1.5856645872239437e-33
transcription_TU_g.1274.peg.249,1.3696248696473052e-10,-2.610086620604486e-32
translation_g.1274.peg.256,1.0728681126923074e-06,-6.836670684245792e-34
transcription_TU_g.1274.peg.256,8.400291929438502e-08,3.2972337592566485e-33
translation_398578.3.peg.256,6.009045170395388e-63,2.892366273375785e-33
transcription_TU_398578.3.peg.256,1.495733500102843e-64,3.734322179274699e-32
translation_g.1274.peg.260,9.599585439536373e-08,2.5314002446391353e-34
transcription_TU_g.1274.peg.260,7.516237936397655e-09,-2.4350792740783616e-33
translation_g.1274.peg.261,0.0,-9.303973193818865e-33
transcription_TU_g.1274.peg.261,0.0,2.396841271198959e-32
translation_g.1274.peg.268,0.0,-1.3730135155668815e-33
transcription_TU_g.1274.peg.268,0.0,-0.02730830017232845
translation_g.1274.peg.271,0.0,2.889021842871557e-33
transcription_TU_g.1274.peg.271,0.0,2.3470565639897801e-32
translation_g.1274.peg.277,0.0,1.9617588883103425e-33
transcription_TU_g.1274.peg.277,0.0,-0.016609042806335687
translation_398578.3.peg.277,0.0,2.3926160944529813e-34
transcription_TU_398578.3.peg.277,0.0,-0.026935583539631942
translation_g.1274.peg.280,9.897369738066661e-12,-1.1627666365646388e-33
transcription_TU_g.1274.peg.280,7.749395675924479e-13,4.193570769887454e-33
translation_g.1274.peg.285,0.0,4.15498476268378e-33
transcription_TU_g.1274.peg.285,0.0,-0.02622615694729172
translation_g.1274.peg.299,0.0,-1.630458779094857e-32
transcription_TU_g.1274.peg.299,0.0,1.7314801155617425e-32
translation_g.1274.peg.300,0.0,-3.8822979501558644e-33
transcription_TU_g.1274.peg.300,0.0,-0.01854686223923086
translation_g.1274.peg.304,0.0,-5.1374847884244773e-33
transcription_TU_g.1274.peg.304,0.0,3.520954712103644e-32
translation_g.1274.peg.309,1.1668865958825556e-31,-2.3063477166030077e-33
transcription_TU_g.1274.peg.309,0.0,-0.01726295055543246
translation_398578.3.peg.310,0.0,8.892912591680003e-33
transcription_TU_398578.3.peg.310,0.0,-6.869597513988412e-33
translation_g.1274.peg.312,1.0728648045394706e-06,1.323758684065507e-34
transcription_TU_g.1274.peg.312,8.40026602742012e-08,6.153888255857624e-34
translation_g.1274.peg.314,0.0,3.978260886620704e-33
transcription_TU_g.1274.peg.314,0.0,-0.009604916184676413
translation_398578.3.peg.315,3.820470297214105e-10,1.5856645872239437e-33
transcription_TU_398578.3.peg.315,2.9913337366147696e-11,1.262291934832406e-32
translation_g.1274.peg.316,1.072861496386634e-06,-2.0532566259684678e-33
transcription_TU_g.1274.peg.316,8.400240125401738e-08,2.0713915995587674e-33
translation_g.1274.peg.323,0.0,-5.025930795063355e-33
transcription_TU_g.1274.peg.323,0.0,-0.018695591734850116
translation_g.1274.peg.333,0.0,-3.4967771905505825e-33
transcription_TU_g.1274.peg.333,0.0,-0.018164599962851847
translation_398578.3.peg.339,0.0,-3.4072765608974964e-33
transcription_TU_398578.3.peg.339,0.0,8.845920911901508e-33
translation_398578.3.peg.341,-3.6346206596077914e-63,5.4289966533816514e-33
transcription_TU_398578.3.peg.341,-3.664045151258642e-64,-8.901715686125463e-33
translation_g.1274.peg.342,1.6264790434097806e-09,-5.746128915517324e-33
transcription_TU_g.1274.peg.342,1.273492857148088e-10,-2.862205006426192e-32
translation_g.1274.peg.345,0.0,-1.1770782358389568e-32
transcription_TU_g.1274.peg.345,0.0,-0.028613140305230465
translation_398578.3.peg.346,0.0,6.353325549860462e-35
transcription_TU_398578.3.peg.346,0.0,-3.4519127062420335e-32
translation_g.1274.peg.348,6.6163056734869805e-12,9.588554927689224e-33
transcription_TU_g.1274.peg.348,5.180403676293302e-13,2.0871581604108915e-32
translation_g.1274.peg.359,1.4888488233690233e-13,2.0819608743526468e-33
transcription_TU_g.1274.peg.359,1.1657317993835918e-14,-2.700969903361224e-32
translation_g.1274.peg.367,0.0,-6.986541448398268e-33
transcription_TU_g.1274.peg.367,0.0,-0.017538081730650405
translation_g.1274.peg.375,0.0,2.0400367252224477e-34
transcription_TU_g.1274.peg.375,0.0,-2.4737517705128806e-33
translation_g.1274.peg.381,1.0728681126923074e-06,-9.514068353589411e-34
transcription_TU_g.1274.peg.381,8.400291929438502e-08,2.9068495047606686e-33
translation_g.1274.peg.383,1.2822240540370984e-09,1.6725228816169665e-33
transcription_TU_g.1274.peg.383,1.003949716226568e-10,-2.7536297455316045e-34
translation_g.1274.peg.389,0.0,1.2796626782476844e-32
transcription_TU_g.1274.peg.389,0.0,6.53404150733298e-32
translation_g.1274.peg.391,1.0728681126923074e-06,-1.7315167791701752e-33
transcription_TU_g.1274.peg.391,8.400291929438502e-08,1.514623918870871e-32
translation_g.1274.peg.392,0.0,1.9822582543718094e-34
transcription_TU_g.1274.peg.392,0.0,-0.019062660777881258
translation_g.1274.peg.396,0.0,9.300601655668478e-34
transcription_TU_g.1274.peg.396,0.0,-0.009766875388687235
translation_g.1274.peg.401,0.0,3.4743159349631223e-34
transcription_TU_g.1274.peg.401,0.0,-0.03531538213222845
translation_g.1274.peg.415,6.583422327611388e-10,9.387458881863409e-35
transcription_TU_g.1274.peg.415,5.154656829900553e-11,-8.71407243061728e-33
translation_g.1274.peg.431,0.0,2.5392113693849496e-32
transcription_TU_g.1274.peg.431,0.0,-3.0291338443332146e-33
translation_g.1274.peg.434,0.00047452341549106936,1.0168587117749123e-33
transcription_TU_g.1274.peg.434,3.715400961518207e-05,-8.145947566080225e-33
translation_g.1274.peg.443,1.072861496386634e-06,-4.464428143938759e-33
transcription_TU_g.1274.peg.443,8.400240125401738e-08,2.6727104767775394e-32
translation_g.1274.peg.450,0.0,1.9280233230808923e-33
transcription_TU_g.1274.peg.450,0.0,-6.624771566513256e-33
translation_g.1274.peg.452,2.205226202959883e-10,-2.2452767712054447e-33
transcription_TU_g.1274.peg.452,1.726637566739105e-11,1.0276827705253588e-32
translation_g.1274.peg.457,0.0,-5.094392736216354e-33
transcription_TU_g.1274.peg.457,0.0,-9.009607519502352e-33
translation_g.1274.peg.459,0.0,-5.422665827347117e-33
transcription_TU_g.1274.peg.459,0.0,-0.03519812146829689
translation_g.1274.peg.460,0.0,9.661890989520244e-34
transcription_TU_g.1274.peg.460,0.0,-0.018636938292880958
translation_g.1274.peg.469,0.0,8.275842004183571e-33
transcription_TU_g.1274.peg.469,0.0,-0.025507121318286183
translation_g.1274.peg.478,0.0,2.7909707399573865e-33
transcription_TU_g.1274.peg.478,0.0,-0.025552316079820444
translation_g.1274.peg.485,0.0,-5.368271524836034e-33
transcription_TU_g.1274.peg.485,0.0,-0.03160561409822537
translation_g.1274.peg.486,0.0,-1.2711178735585057e-33
transcription_TU_g.1274.peg.486,0.0,-3.2510473993920206e-33
translation_g.1274.peg.488,0.0,-5.630608108294199e-33
transcription_TU_g.1274.peg.488,0.0,-0.02838706210088256
translation_g.1274.peg.490,1.919525632127769e-11,4.257875479801205e-33
transcription_TU_g.1274.peg.490,1.5029410870875304e-12,2.9114374011683925e-33
translation_g.1274.peg.497,0.0,-2.2080831225774962e-33
transcription_TU_g.1274.peg.497,0.0,-0.02703119110160446
translation_g.1274.peg.498,8.17199169838437e-09,4.370416888971789e-33
transcription_TU_g.1274.peg.498,6.398467351136968e-10,8.763387141559203e-33
translation_g.1274.peg.500,0.0,5.153440836964218e-33
transcription_TU_g.1274.peg.500,0.0,-0.03718212829367223
translation_g.1274.peg.503,0.0,5.939464244492687e-34
transcription_TU_g.1274.peg.503,0.0,-0.04376235524778834
translation_g.1274.peg.504,0.0,9.3806121555835e-33
transcription_TU_g.1274.peg.504,0.0,-2.6443178688651135e-32
translation_g.1274.peg.508,0.0,9.937093229305224e-33
transcription_TU_g.1274.peg.508,0.0,6.404373837131547e-33
translation_g.1274.peg.511,0.0,8.14889829689518e-33
transcription_TU_g.1274.peg.511,0.0,-0.03061330245177552
translation_g.1274.peg.514,1.0346087358009348e-08,-3.820170290069588e-33
transcription_TU_g.1274.peg.514,8.100730472514004e-10,-1.9562761433799446e-32
translation_g.1274.peg.521,0.0,2.047390103126787e-32
transcription_TU_g.1274.peg.521,0.0,-0.03822366695920966
translation_g.1274.peg.528,0.0,-1.0652701830898487e-32
transcription_TU_g.1274.peg.528,0.0,-0.03359149619953847
translation_g.1274.peg.530,1.0728681126923074e-06,-3.6337871567493224e-33
transcription_TU_g.1274.peg.530,8.400291929438502e-08,3.6121306893293725e-33
translation_g.1274.peg.535,0.0,-1.3479889506291012e-33
transcription_TU_g.1274.peg.535,0.0,-0.03527161995560204
translation_g.1274.peg.538,0.0,8.765096832411911e-35
transcription_TU_g.1274.peg.538,0.0,-0.015034105136886508
translation_g.1274.peg.541,3.3081528367434902e-12,4.095125799196827e-34
transcription_TU_g.1274.peg.541,2.590201838146651e-13,-9.540827862275931e-33
translation_g.1274.peg.546,0.0,-1.193510079688839e-35
transcription_TU_g.1274.peg.546,0.0,-3.631618015341633e-33
translation_g.1274.peg.548,1.0728681126923074e-06,-3.0161344507748196e-33
transcription_TU_g.1274.peg.548,8.400291929438502e-08,6.830862092757055e-33
translation_g.1274.peg.552,0.0,4.235721048079383e-33
transcription_TU_g.1274.peg.552,0.0,-0.0206027325659029
translation_g.1274.peg.560,0.0,1.601030113411945e-33
transcription_TU_g.1274.peg.560,0.0,-0.025866124671946666
translation_398578.3.peg.563,0.0,4.35752951546178e-33
transcription_TU_398578.3.peg.563,0.0,2.926153694646127e-33
translation_g.1274.peg.572,0.0,8.180706595223297e-34
transcription_TU_g.1274.peg.572,-1.986665467097426e-65,-5.454843496841044e-33
translation_g.1274.peg.573,0.0,-1.3125948410146008e-34
transcription_TU_g.1274.peg.573,0.0,-0.0204155826969637
translation_398578.3.peg.592,0.0,1.128572467972774e-32
transcription_TU_398578.3.peg.592,0.0,-1.7665454553006847e-32
translation_g.1274.peg.594,0.0,-1.773299608729276e-32
transcription_TU_g.1274.peg.594,0.0,1.0350207656755428e-31
translation_g.1274.peg.598,0.0,2.7321938398355418e-33
transcription_TU_g.1274.peg.598,0.0,-0.03052603773158506
translation_g.1274.peg.602,-8.919843937574921e-29,-2.3160895555249414e-34
transcription_TU_g.1274.peg.602,-6.984017154972848e-30,-1.1172579982311403e-32
translation_g.1274.peg.605,1.0728681126923074e-06,-4.335006910073205e-34
transcription_TU_g.1274.peg.605,8.400291929438502e-08,-7.94238139419869e-33
translation_g.1274.peg.607,0.0,1.361670517425846e-33
transcription_TU_g.1274.peg.607,0.0,-0.036596522509373945
translation_g.1274.peg.609,0.0,5.290617146328449e-34
transcription_TU_g.1274.peg.609,0.0,-1.852164109369345e-32
translation_g.1274.peg.613,0.0,2.4163072942230997e-33
transcription_TU_g.1274.peg.613,0.0,-0.017543274194181172
translation_g.1274.peg.624,1.919525632127769e-11,5.723822414511894e-33
transcription_TU_g.1274.peg.624,1.5029410870875304e-12,5.638851990790654e-33
translation_g.1274.peg.636,0.0,2.2504741574208648e-33
transcription_TU_g.1274.peg.636,0.0,5.011839727025081e-33
translation_g.1274.peg.642,0.0,-5.773114746283664e-33
transcription_TU_g.1274.peg.642,0.0,-1.173105054897515e-34
translation_g.1274.peg.643,1.0728681126923074e-06,2.7574633007980287e-34
transcription_TU_g.1274.peg.643,8.400291929438502e-08,-4.9660332960808946e-33
translation_g.1274.peg.645,1.0728648045394706e-06,3.6240797322989235e-33
transcription_TU_g.1274.peg.645,8.40026602742012e-08,-1.760295358576821e-33
translation_g.1274.peg.649,0.0,4.2184330246634005e-33
transcription_TU_g.1274.peg.649,0.0,-0.03718530623392665
translation_g.1274.peg.651,0.0,6.642947194199984e-33
transcription_TU_g.1274.peg.651,0.0,-0.030098471279461157
translation_g.1274.peg.660,0.0,-3.559381033346625e-33
transcription_TU_g.1274.peg.660,0.0,-0.01680341457327449
translation_g.1274.peg.661,0.0,6.880294890311498e-33
transcription_TU_g.1274.peg.661,0.0,-0.03507547609920483
translation_g.1274.peg.662,0.0,9.300602141221003e-34
transcription_TU_g.1274.peg.662,0.0,-0.028963984757583123
translation_g.1274.peg.676,0.0,5.634732121522358e-33
transcription_TU_g.1274.peg.676,0.0,-0.023378159557227562
translation_g.1274.peg.679,2.641397971628959e-42,8.750613719091362e-34
transcription_TU_g.1274.peg.679,0.0,5.595531477171109e-33
translation_398578.3.peg.681,0.0,5.8672615767157146e-33
transcription_TU_398578.3.peg.681,0.0,-5.0185676362998924e-33
translation_g.1274.peg.700,0.0,1.680909390637751e-33
transcription_TU_g.1274.peg.700,0.0,-0.02312994552374272
translation_g.1274.peg.705,0.0,6.645191332283593e-33
transcription_TU_g.1274.peg.705,0.0,-0.028304161276209373
translation_g.1274.peg.710,0.0,-3.693155242962173e-33
transcription_TU_g.1274.peg.710,0.0,-0.023659468623705656
translation_g.1274.peg.712,0.0,2.694658914827839e-33
transcription_TU_g.1274.peg.712,0.0,-0.03382322791986089
translation_g.1274.peg.715,0.0,-5.210689497661139e-33
transcription_TU_g.1274.peg.715,0.0,-0.026967588130123333
translation_g.1274.peg.722,0.0,1.314336181100318e-32
transcription_TU_g.1274.peg.722,0.0,-0.03746590572809529
translation_398578.3.peg.726,0.0,7.887560483821899e-33
transcription_TU_398578.3.peg.726,0.0,-0.022254149770204776
translation_398578.3.peg.727,8.148432362329756e-10,1.774991308201521e-33
transcription_TU_398578.3.peg.727,6.380020973788136e-11,-5.771603176676619e-33
translation_398578.3.peg.735,0.0,2.4848119357164856e-35
transcription_TU_398578.3.peg.735,0.0,-0.018477881484467856
translation_g.1274.peg.742,1.0728681126923074e-06,9.300602654519385e-34
transcription_TU_g.1274.peg.742,8.400291929438502e-08,4.495243019337928e-33
translation_398578.3.peg.751,0.0,4.6975276931426635e-33
transcription_TU_398578.3.peg.751,0.0,6.15000267733865e-32
translation_g.1274.peg.752,0.0,3.947541233049978e-33
transcription_TU_g.1274.peg.752,0.0,-0.016420304258512555
translation_398578.3.peg.752,0.0,-1.37301351129411e-33
transcription_TU_398578.3.peg.752,0.0,1.522945130402407e-34
translation_g.1274.peg.754,0.0,-9.908825966412557e-33
transcription_TU_g.1274.peg.754,0.0,-0.034111273424875285
translation_398578.3.peg.767,0.0,-2.3236563612585292e-33
transcription_TU_398578.3.peg.767,0.0,-0.012944896787235162
translation_398578.3.peg.768,0.0,-1.1887772697348298e-32
transcription_TU_398578.3.peg.768,0.0,7.306741842984589e-33
translation_398578.3.peg.769,0.0,2.8633846768922885e-33
transcription_TU_398578.3.peg.769,0.0,6.769170349636975e-33
translation_g.1274.peg.774,0.0,-1.2316994243241344e-32
transcription_TU_g.1274.peg.774,0.0,-0.02862576972801333
translation_g.1274.peg.775,0.0,2.3459997646559142e-33
transcription_TU_g.1274.peg.775,0.0,-0.03215129629726965
translation_g.1274.peg.778,1.0728681126923074e-06,2.4893539051019418e-34
transcription_TU_g.1274.peg.778,8.400291929438502e-08,-3.653909974146442e-33
translation_g.1274.peg.787,0.0,1.9366878775491237e-35
transcription_TU_g.1274.peg.787,0.0,-0.01551273174787184
translation_g.1274.peg.791,4.87499748407811e-08,1.0046127588639438e-32
transcription_TU_g.1274.peg.791,3.817002438330365e-09,-1.7124802486340313e-32
translation_g.1274.peg.793,5.965502133012672e-10,4.5268914191814706e-33
transcription_TU_g.1274.peg.793,4.67084060288092e-11,2.4095881130190328e-32
translation_g.1274.peg.794,-8.513143399348062e-29,-5.696244937429702e-35
transcription_TU_g.1274.peg.794,-6.665580693998866e-30,-1.497014840864597e-32
translation_g.1274.peg.804,0.0,-3.238618012549486e-33
transcription_TU_g.1274.peg.804,0.0,-1.6611333762430894e-32
translation_g.1274.peg.810,0.0,-2.1597226420550762e-33
transcription_TU_g.1274.peg.810,0.0,1.7994937435765956e-33
translation_g.1274.peg.815,0.0,-9.404919714085965e-34
transcription_TU_g.1274.peg.815,0.0,-0.017749726623083193
translation_398578.3.peg.823,0.0,4.441036854321064e-33
transcription_TU_398578.3.peg.823,0.0,1.8725906399382053e-32
translation_g.1274.peg.826,0.0,-7.278482786730514e-33
transcription_TU_g.1274.peg.826,0.0,-3.7048693707482707e-32
translation_398578.3.peg.827,4.8960418609420575e-29,-2.3083963054870242e-33
transcription_TU_398578.3.peg.827,3.8334796648448776e-30,-3.961268756205664e-32
translation_g.1274.peg.832,0.0,2.339879852604231e-33
transcription_TU_g.1274.peg.832,0.0,-0.023884217050749886
translation_g.1274.peg.837,0.0,-6.250586893242948e-33
transcription_TU_g.1274.peg.837,0.0,-0.018390357550532067
translation_g.1274.peg.844,3.1867926589213405e-10,9.670246281771458e-34
transcription_TU_g.1274.peg.844,2.4951798209709943e-11,-1.0854241913185977e-32
translation_g.1274.peg.846,0.0,1.8112179746892665e-32
transcription_TU_g.1274.peg.846,0.0,-0.047428170741611396
translation_g.1274.peg.850,0.0,-8.571652971120492e-34
transcription_TU_g.1274.peg.850,0.0,3.104551874956516e-33
translation_398578.3.peg.851,0.0,7.513950476737747e-33
transcription_TU_398578.3.peg.851,0.0,-1.0564153795825595e-33
translation_g.1274.peg.852,1.0728681126923074e-06,-3.6942052312932436e-34
transcription_TU_g.1274.peg.852,8.400291929438502e-08,4.109263606872253e-33
translation_g.1274.peg.858,1.0728681126923074e-06,3.920665152177017e-34
transcription_TU_g.1274.peg.858,8.400291929438502e-08,2.5646352208346584e-34
translation_398578.3.peg.867,0.0,4.163097493793953e-33
transcription_TU_398578.3.peg.867,0.0,2.56407759869826e-32
translation_398578.3.peg.868,-3.422619413152549e-29,7.280465913359183e-33
transcription_TU_398578.3.peg.868,-2.679826335940734e-30,-5.871300556690019e-32
translation_398578.3.peg.869,0.0,-1.1047418483797962e-32
transcription_TU_398578.3.peg.869,0.0,-0.020548094708711766
translation_g.1274.peg.871,0.0,-3.797744481118787e-33
transcription_TU_g.1274.peg.871,0.0,-0.019791890061619605
translation_g.1274.peg.878,1.1338685793207005e-10,-4.6823258577498464e-33
transcription_TU_g.1274.peg.878,8.87791049359228e-12,-1.5679621758386305e-32
translation_g.1274.peg.879,0.0,2.9524341631431925e-33
transcription_TU_g.1274.peg.879,0.0,-0.009589691300650422
translation_g.1274.peg.881,0.0,4.0239166292174534e-33
transcription_TU_g.1274.peg.881,0.0,-7.25797596450546e-32
translation_398578.3.peg.889,0.0,9.881500718702577e-34
transcription_TU_398578.3.peg.889,0.0,-0.023484800206307648
translation_g.1274.peg.895,0.0,-6.374099237596532e-33
transcription_TU_g.1274.peg.895,0.0,-3.5303323791459796e-32
translation_g.1274.peg.898,1.0728697667687258e-06,-4.468992160385313e-34
transcription_TU_g.1274.peg.898,8.400304880447692e-08,-8.769629218299738e-33
translation_g.1274.peg.906,0.0,1.112615267882396e-32
transcription_TU_g.1274.peg.906,0.0,-3.655012889636525e-35
translation_g.1274.peg.907,0.0,1.1043102010262367e-33
transcription_TU_g.1274.peg.907,0.0,-0.01960552242870292
translation_g.1274.peg.910,0.0,-3.177887050718363e-33
transcription_TU_g.1274.peg.910,0.0,-0.025433122893815763
translation_g.1274.peg.917,0.0,-3.94082401915069e-33
transcription_TU_g.1274.peg.917,0.0,1.7509305258783425e-32
translation_g.1274.peg.918,0.0,6.65321497480032e-33
transcription_TU_g.1274.peg.918,0.0,-0.043130068030454785
translation_g.1274.peg.934,0.0,-1.0923436933429588e-32
transcription_TU_g.1274.peg.934,0.0,-6.205995673747352e-32
translation_398578.3.peg.934,9.092791213199508e-30,3.066923437096461e-33
transcription_TU_398578.3.peg.934,7.119430593629211e-31,2.5473455226573718e-33
translation_398578.3.peg.937,0.0,-1.3977909994159918e-32
transcription_TU_398578.3.peg.937,0.0,7.527293718581809e-32
translation_398578.3.peg.938,5.849535911920901e-29,6.038807167138041e-33
transcription_TU_398578.3.peg.938,4.58004192039607e-30,2.452624218511587e-32
translation_g.1274.peg.939,4.3504859243108453e-10,3.788321701064735e-33
transcription_TU_g.1274.peg.939,3.4063228617556274e-11,-1.2502425045766322e-32
translation_g.1274.peg.943,0.0,2.7517363354853002e-33
transcription_TU_g.1274.peg.943,0.0,3.1881463246413677e-32
translation_g.1274.peg.949,9.6015049651685e-08,6.034080330437781e-33
transcription_TU_g.1274.peg.949,7.517740877484743e-09,4.033090229553746e-32
translation_g.1274.peg.950,0.0,-3.700682752244677e-33
transcription_TU_g.1274.peg.950,0.0,1.7023477088692926e-32
translation_g.1274.peg.956,0.0,7.714158076807727e-33
transcription_TU_g.1274.peg.956,0.0,1.3756764545261002e-32
translation_g.1274.peg.957,0.0,1.8011816622114565e-33
transcription_TU_g.1274.peg.957,0.0,-0.03040168004644259
translation_g.1274.peg.963,0.0,1.7813489320488862e-33
transcription_TU_g.1274.peg.963,0.0,2.3856691162282496e-33
translation_g.1274.peg.966,0.0,-3.78275639257558e-33
transcription_TU_g.1274.peg.966,0.0,-0.017461516447783463
translation_g.1274.peg.971,0.0,2.788382650206837e-33
transcription_TU_g.1274.peg.971,0.0,-0.015783986784429088
translation_g.1274.peg.974,-6.506571045600701e-29,4.654941528917714e-33
transcription_TU_g.1274.peg.974,-5.094484177140525e-30,-9.037037816628322e-33
translation_398578.3.peg.988,0.0,-4.178053475957572e-33
transcription_TU_398578.3.peg.988,0.0,7.218107061795018e-33
translation_g.1274.peg.989,2.3183525416727166e-64,-5.369493239360671e-33
transcription_TU_g.1274.peg.989,0.0,2.698460120126149e-32
translation_398578.3.peg.989,0.0,-8.380408414015229e-34
transcription_TU_398578.3.peg.989,0.0,-0.010977542683580876
translation_g.1274.peg.991,0.0,4.948365102310455e-34
transcription_TU_g.1274.peg.991,0.0,-0.03100417094981007
translation_g.1274.peg.994,0.0,-3.177887050718363e-33
transcription_TU_g.1274.peg.994,0.0,-0.025448655171955287
translation_g.1274.peg.997,0.0,-1.015124057401935e-33
transcription_TU_g.1274.peg.997,0.0,1.9457938913377124e-32
translation_398578.3.peg.998,0.0,-5.842410537274858e-35
transcription_TU_398578.3.peg.998,0.0,1.2069303691211432e-32
translation_g.1274.peg.1007,0.0,-2.8498509816238403e-33
transcription_TU_g.1274.peg.1007,0.0,-0.02712624795797107
translation_g.1274.peg.1009,0.0,1.7656721816011862e-33
transcription_TU_g.1274.peg.1009,0.0,-0.017636813324978726
translation_g.1274.peg.1014,0.0,4.9624487250650115e-33
transcription_TU_g.1274.peg.1014,0.0,-0.020081616660664582
translation_g.1274.peg.1016,0.0,8.297391576137334e-34
transcription_TU_g.1274.peg.1016,0.0,-1.130009716042682e-32
translation_398578.3.peg.1016,0.0,-2.701871716654234e-33
transcription_TU_398578.3.peg.1016,0.0,-0.01854686223923086
translation_g.1274.peg.1019,0.0,6.0995519205547694e-33
transcription_TU_g.1274.peg.1019,0.0,-0.032884039886355076
translation_g.1274.peg.1025,4.592709418572008e-10,-3.065529559364707e-33
transcription_TU_g.1274.peg.1025,3.595977865934691e-11,1.964104253638789e-32
translation_g.1274.peg.1026,-6.15781766082684e-29,-3.4957297315909745e-33
transcription_TU_g.1274.peg.1026,-4.821418903894664e-30,2.6695868209400764e-32
translation_g.1274.peg.1029,0.0,8.394069838506565e-34
transcription_TU_g.1274.peg.1029,0.0,-3.46334880386037e-32
translation_g.1274.peg.1043,0.0,-9.051379486983742e-34
transcription_TU_g.1274.peg.1043,0.0,8.743087565821909e-33
translation_g.1274.peg.1049,0.0,8.296278981025491e-33
transcription_TU_g.1274.peg.1049,0.0,-0.024767823756804478
translation_g.1274.peg.1050,2.187442315536638e-09,1.276088962346371e-32
transcription_TU_g.1274.peg.1050,1.7127132228026784e-10,3.2804842965348264e-32
translation_g.1274.peg.1052,1.6540764183717451e-12,5.245616151623637e-35
transcription_TU_g.1274.peg.1052,1.2951009190733255e-13,-1.215132856704229e-32
translation_g.1274.peg.1068,0.0,-6.72096412831482e-33
transcription_TU_g.1274.peg.1068,0.0,4.0398240945910226e-32
translation_g.1274.peg.1072,-3.9351536678574544e-30,7.79770891779828e-33
transcription_TU_g.1274.peg.1072,-3.0811279789334066e-31,-5.762579747280194e-32
translation_g.1274.peg.1082,0.0,-7.195360522896081e-33
transcription_TU_g.1274.peg.1082,0.0,1.8348337640433364e-35
translation_g.1274.peg.1085,-1.5908494761321256e-29,-5.8181464905026665e-34
transcription_TU_g.1274.peg.1085,-1.2455957873301785e-30,-1.39857715431875e-32
translation_g.1274.peg.1094,1.2937918937973726e-44,1.043972513780125e-32
transcription_TU_g.1274.peg.1094,3.483428603497434e-45,1.7373489037947026e-32
translation_g.1274.peg.1103,1.0415186925465339e-14,-7.779924737980597e-33
transcription_TU_g.1274.peg.1103,8.154833724531778e-16,1.0245926123376272e-32
translation_g.1274.peg.1107,0.0,2.7391934895370708e-33
transcription_TU_g.1274.peg.1107,0.0,-0.01548165309136431
translation_g.1274.peg.1118,0.0,-4.398974167261287e-33
transcription_TU_g.1274.peg.1118,0.0,-0.01687420404526609
translation_g.1274.peg.1123,0.0,3.163592941109184e-33
transcription_TU_g.1274.peg.1123,0.0,1.147875016478133e-32
translation_g.1274.peg.1125,0.0,7.653254466450376e-33
transcription_TU_g.1274.peg.1125,0.0,-7.86837181279548e-33
translation_g.1274.peg.1137,6.385804669846848e-30,2.347431453310434e-33
transcription_TU_g.1274.peg.1137,4.9999270922996e-31,5.577852770629578e-32
translation_g.1274.peg.1152,0.0,-5.692421103376598e-33
transcription_TU_g.1274.peg.1152,0.0,-0.04018015397413382
translation_g.1274.peg.1154,2.8113700375833473e-09,4.431640491950338e-33
transcription_TU_g.1274.peg.1154,2.201233195207251e-10,1.9771535535751068e-32
translation_g.1274.peg.1164,0.0,-3.728750346674614e-33
transcription_TU_g.1274.peg.1164,0.0,-0.03017361151148404
translation_g.1274.peg.1172,0.0,1.5341062224015174e-33
transcription_TU_g.1274.peg.1172,0.0,-0.034556993712039935
translation_g.1274.peg.1180,8.031763820687355e-11,-4.1182525602830715e-33
transcription_TU_g.1274.peg.1180,6.288672391685287e-12,-4.203502823032846e-32
translation_g.1274.peg.1182,1.3259778145059912e-29,1.1519287757274809e-33
transcription_TU_g.1274.peg.1182,1.0382078283469003e-30,-2.2259171497762026e-32
translation_g.1274.peg.1186,0.0,3.158840935911503e-33
transcription_TU_g.1274.peg.1186,0.0,-0.015167321431686793
translation_g.1274.peg.1195,0.0,-6.516577247452042e-34
transcription_TU_g.1274.peg.1195,0.0,-0.017882311119849486
translation_g.1274.peg.1204,0.0,1.0518213917941373e-33
transcription_TU_g.1274.peg.1204,0.0,9.944101061542934e-33
translation_398578.3.peg.1206,0.0,6.230189888121984e-33
transcription_TU_398578.3.peg.1206,0.0,-0.039188194905792936
translation_g.1274.peg.1227,0.0,8.412017894719271e-33
transcription_TU_g.1274.peg.1227,0.0,-0.033580569898127244
translation_g.1274.peg.1229,0.0,1.3788813254489975e-33
transcription_TU_g.1274.peg.1229,0.0,-0.012798376267120824
translation_g.1274.peg.1231,0.0,8.220750112048697e-33
transcription_TU_g.1274.peg.1231,0.0,-0.0391837705780562
translation_g.1274.peg.1236,0.0,2.958568425028673e-33
transcription_TU_g.1274.peg.1236,0.0,-0.025630830695788583
translation_g.1274.peg.1239,0.0,6.56224182269327e-33
transcription_TU_g.1274.peg.1239,0.0,-0.029064414118717432
translation_g.1274.peg.1244,0.0,-2.960019952616878e-34
transcription_TU_g.1274.peg.1244,0.0,-0.01814173422270285
translation_g.1274.peg.1246,0.0,-1.3568366407711333e-33
transcription_TU_g.1274.peg.1246,0.0,-0.015238483059308864
translation_398578.3.peg.1246,0.0,-4.332875206502239e-34
transcription_TU_398578.3.peg.1246,0.0,-0.008175040726064798
translation_398578.3.peg.1247,0.0,-3.1231858774138613e-33
transcription_TU_398578.3.peg.1247,0.0,-6.99704374680515e-33
translation_g.1274.peg.1248,0.0,3.3513239845232477e-33
transcription_TU_g.1274.peg.1248,0.0,-0.03342286944279275
translation_398578.3.peg.1255,0.0,2.3830436519378e-33
transcription_TU_398578.3.peg.1255,1.018549864808839e-64,2.899241682851834e-32
translation_g.1274.peg.1279,0.0,5.5626877943315874e-33
transcription_TU_g.1274.peg.1279,0.0,-0.030098107648955128
translation_g.1274.peg.1283,0.0,1.3514241424705173e-33
transcription_TU_g.1274.peg.1283,0.0,-2.985863836664302e-32
translation_g.1274.peg.1285,0.0,4.589752530038617e-33
transcription_TU_g.1274.peg.1285,0.0,-0.02916603801620629
translation_398578.3.peg.1287,0.0,1.5849393048206934e-33
transcription_TU_398578.3.peg.1287,0.0,-0.012598172713894526
translation_398578.3.peg.1295,1.475347024800301e-11,2.896876785425669e-33
transcription_TU_398578.3.peg.1295,1.1551602250951991e-12,9.47174236280846e-33
translation_g.1274.peg.1306,-7.000763473484684e-42,-3.1995772706079675e-33
transcription_TU_g.1274.peg.1306,-4.325741003506213e-43,-2.1644121151041812e-32
translation_g.1274.peg.1309,1.1821268532321596e-10,-3.017149592782067e-33
transcription_TU_g.1274.peg.1309,9.255760840779663e-12,1.963456364599893e-33
translation_g.1274.peg.1313,2.8639983220791082e-11,4.5268914191814706e-33
transcription_TU_g.1274.peg.1313,2.242439840113541e-12,-5.456289799753937e-32
translation_398578.3.peg.1318,-1.8764672411294612e-29,1.861075521671472e-33
transcription_TU_398578.3.peg.1318,0.0,-0.01961219007306455
translation_g.1274.peg.1335,0.0,1.1125019825861272e-33
transcription_TU_g.1274.peg.1335,0.0,-2.062457830940121e-32
translation_g.1274.peg.1342,0.0,-8.475759248817852e-33
transcription_TU_g.1274.peg.1342,0.0,-0.04531503203604769
translation_g.1274.peg.1345,0.0,-5.692443583025983e-33
transcription_TU_g.1274.peg.1345,0.0,-0.025227628167470654
translation_g.1274.peg.1346,0.0,-5.124851872751382e-33
transcription_TU_g.1274.peg.1346,0.0,1.0111047836732356e-32
translation_g.1274.peg.1354,0.0,1.0879176994921134e-33
transcription_TU_g.1274.peg.1354,0.0,-1.5877969716858996e-33
translation_398578.3.peg.1354,0.0,-5.512063793069691e-33
transcription_TU_398578.3.peg.1354,0.0,-0.020920425683561287
translation_g.1274.peg.1356,1.8690369197887057e-17,5.77201765386632e-33
transcription_TU_g.1274.peg.1356,1.4634096742538256e-18,-2.1505474378803102e-32
translation_g.1274.peg.1362,0.0,-2.1597226420550762e-33
transcription_TU_g.1274.peg.1362,0.0,-0.019294136832490445
translation_g.1274.peg.1366,9.817575549298879e-10,2.7149227851557796e-33
transcription_TU_g.1274.peg.1366,7.686918799969985e-11,1.9547285519623487e-32
translation_398578.3.peg.1366,0.0,3.5521875334843794e-33
transcription_TU_398578.3.peg.1366,0.0,-0.02617888313084382
translation_g.1274.peg.1369,0.0,-9.164057393649669e-33
transcription_TU_g.1274.peg.1369,0.0,-8.83333023419859e-34
translation_g.1274.peg.1373,0.0,-1.7315167791701752e-33
transcription_TU_g.1274.peg.1373,0.0,-1.4397658699070603e-32
translation_398578.3.peg.1378,0.0,-1.645700946511662e-33
transcription_TU_398578.3.peg.1378,0.0,-0.02353307028852805
translation_g.1274.peg.1382,0.0,-7.655094335880897e-34
transcription_TU_g.1274.peg.1382,0.0,-0.02952932829273155
translation_398578.3.peg.1382,0.0,1.8601981841872022e-33
transcription_TU_398578.3.peg.1382,0.0,1.433826699577511e-32
translation_g.1274.peg.1394,0.0,2.122336146313052e-33
transcription_TU_g.1274.peg.1394,0.0,-0.033700630271378054
translation_g.1274.peg.1397,2.2364062215245417e-10,1.0879176834453499e-33
transcription_TU_g.1274.peg.1397,1.751050749982213e-11,-1.9229526814270406e-32
translation_398578.3.peg.1404,0.0,8.819756025118437e-33
transcription_TU_398578.3.peg.1404,0.0,-0.020558758656919578
translation_g.1274.peg.1408,0.0,1.5308947657050917e-33
transcription_TU_g.1274.peg.1408,0.0,-0.01778059129028259
translation_g.1274.peg.1409,-6.59072134330982e-30,5.619999505246747e-34
transcription_TU_g.1274.peg.1409,0.0,-0.0283525146303561
translation_g.1274.peg.1418,0.0,-1.7786855530976893e-33
transcription_TU_g.1274.peg.1418,0.0,-0.020763138718398223
translation_g.1274.peg.1434,0.0,3.241677888031246e-33
transcription_TU_g.1274.peg.1434,0.0,-0.01704934707469363
translation_398578.3.peg.1434,0.0,-5.368271524836034e-33
transcription_TU_398578.3.peg.1434,0.0,-3.7903428112444294e-33
translation_398578.3.peg.1439,0.0,-1.9332027182270776e-33
transcription_TU_398578.3.peg.1439,0.0,-0.020258761481674006
translation_g.1274.peg.1456,0.0,-6.83514362508247e-33
transcription_TU_g.1274.peg.1456,0.0,-0.03488632757814174
translation_g.1274.peg.1457,1.0728681126923074e-06,1.6821855112101603e-34
transcription_TU_g.1274.peg.1457,8.400291929438502e-08,8.145949080974095e-33
translation_g.1274.peg.1460,0.0,7.048931570822855e-33
transcription_TU_g.1274.peg.1460,0.0,-0.028777817708216965
translation_g.1274.peg.1468,1.072861496386634e-06,-8.751454218493632e-33
transcription_TU_g.1274.peg.1468,8.400240125401738e-08,2.527915210930611e-32
translation_g.1274.peg.1477,0.0,-1.0857673049710585e-33
transcription_TU_g.1274.peg.1477,0.0,-0.057051939243849034
translation_g.1274.peg.1485,0.0,1.3978089121090878e-33
transcription_TU_g.1274.peg.1485,0.0,-0.01724121922084066
translation_g.1274.peg.1491,0.0,2.0198332173522867e-33
transcription_TU_g.1274.peg.1491,0.0,-0.019061596070491214
translation_g.1274.peg.1515,1.4888488233690233e-13,2.7130435247910393e-33
transcription_TU_g.1274.peg.1515,1.1657317993835918e-14,5.8466055992818044e-33
translation_g.1274.peg.1516,0.0,6.903697337997522e-33
transcription_TU_g.1274.peg.1516,0.0,-0.06363270636211772
translation_g.1274.peg.1523,0.0,8.601162407046803e-34
transcription_TU_g.1274.peg.1523,0.0,1.777849237202582e-32
translation_g.1274.peg.1525,0.0,6.648639001344764e-33
transcription_TU_g.1274.peg.1525,0.0,-0.020100573559888344
translation_g.1274.peg.1527,0.0,-9.975238921483678e-33
transcription_TU_g.1274.peg.1527,0.0,-4.212145216663575e-32
translation_g.1274.peg.1536,0.0,2.749786836052835e-33
transcription_TU_g.1274.peg.1536,0.0,-0.024122269564855296
translation_398578.3.peg.1538,0.0,3.822563344159113e-33
transcription_TU_398578.3.peg.1538,0.0,-1.315243344645487e-33
translation_g.1274.peg.1539,0.0,-1.1787142354808759e-32
transcription_TU_g.1274.peg.1539,0.0,-0.02571308887955242
translation_398578.3.peg.1543,1.3971778966850348e-11,-6.368023713190349e-34
transcription_TU_398578.3.peg.1543,1.09395573143287e-12,-1.563879649777603e-32
translation_g.1274.peg.1546,0.0,6.971164130169719e-33
transcription_TU_g.1274.peg.1546,0.0,-0.01862877858060901
translation_g.1274.peg.1549,0.0,6.316940014830956e-34
transcription_TU_g.1274.peg.1549,0.0,-0.02288947816137452
translation_g.1274.peg.1550,6.6163056734869805e-12,3.9043733630370525e-33
transcription_TU_g.1274.peg.1550,5.180403676293302e-13,-6.251122032583152e-33
translation_g.1274.peg.1552,1.0728681126923074e-06,-1.950496248928144e-33
transcription_TU_g.1274.peg.1552,8.400291929438502e-08,1.2829266699527868e-32
translation_398578.3.peg.1561,0.0,-1.3479889506291012e-33
transcription_TU_398578.3.peg.1561,0.0,3.520954712103644e-32
translation_398578.3.peg.1567,-8.15692604802768e-30,2.1223361064332724e-33
transcription_TU_398578.3.peg.1567,0.0,-0.02107624283803454
translation_g.1274.peg.1571,4.081650286756619e-09,4.095126309658006e-34
transcription_TU_g.1274.peg.1571,3.195831207676624e-10,2.1490678115355034e-33
translation_g.1274.peg.1573,0.0,-1.3125948410146008e-34
transcription_TU_g.1274.peg.1573,0.0,-0.01951025678065874
translation_g.1274.peg.1574,0.0,-8.107267116493548e-33
transcription_TU_g.1274.peg.1574,0.0,-0.03782468201888933
translation_398578.3.peg.1578,0.0,1.9082331223495127e-33
transcription_TU_398578.3.peg.1578,0.0,8.763387141559203e-33
translation_398578.3.peg.1579,0.0,-8.700695233341884e-33
transcription_TU_398578.3.peg.1579,0.0,-0.02863847018639658
translation_g.1274.peg.1582,0.0,-1.7315168334066755e-33
transcription_TU_g.1274.peg.1582,0.0,-1.1211476689281727e-33
translation_g.1274.peg.1587,2.13240883720349e-10,1.0088106224254268e-32
transcription_TU_g.1274.peg.1587,1.6696233706184466e-11,-2.1655317740464569e-32
translation_g.1274.peg.1590,0.0,-5.7731147139134956e-33
transcription_TU_g.1274.peg.1590,0.0,-0.03036075002660397
translation_g.1274.peg.1595,0.0,-1.583573255566225e-33
transcription_TU_g.1274.peg.1595,0.0,-0.01677424116408555
translation_g.1274.peg.1596,0.0,-1.2048484837885597e-32
transcription_TU_g.1274.peg.1596,0.0,-0.058039711599515834
translation_g.1274.peg.1598,0.0,-2.960020149005381e-34
transcription_TU_g.1274.peg.1598,0.0,-1.8258401373117516e-32
translation_g.1274.peg.1601,0.0,6.293702552393992e-33
transcription_TU_g.1274.peg.1601,0.0,-0.018964302676616543
translation_g.1274.peg.1603,2.1804036332698193e-07,2.6618194416759012e-33
transcription_TU_g.1274.peg.1603,1.70720210870204e-08,9.379341924822167e-35
translation_g.1274.peg.1617,1.9749923451235338e-29,-3.138322423159964e-33
transcription_TU_g.1274.peg.1617,1.5463701512957638e-30,3.5017856820447886e-32
translation_g.1274.peg.1636,0.0,2.967847442691256e-33
transcription_TU_g.1274.peg.1636,0.0,-0.018639379676476817
translation_g.1274.peg.1639,0.0,5.826252497191554e-34
transcription_TU_g.1274.peg.1639,0.0,-0.027537938686323954
translation_g.1274.peg.1646,9.6015049651685e-08,1.3557378782478667e-34
transcription_TU_g.1274.peg.1646,7.517740877484743e-09,-1.507497887933764e-33
translation_g.1274.peg.1655,1.919525632127769e-11,7.530285978435315e-34
transcription_TU_g.1274.peg.1655,1.5029410870875304e-12,8.359233156078085e-34
translation_g.1274.peg.1658,0.0,2.1661431913632245e-33
transcription_TU_g.1274.peg.1658,0.0,-0.029506791596563563
translation_g.1274.peg.1668,0.0,2.128528071515078e-32
transcription_TU_g.1274.peg.1668,0.0,9.621044216459861e-32
translation_g.1274.peg.1677,0.0,3.280437721595672e-33
transcription_TU_g.1274.peg.1677,0.0,-1.3003812194841506e-32
translation_g.1274.peg.1679,3.7701478323266804e-07,1.426591675252442e-33
transcription_TU_g.1274.peg.1679,2.9519324914232728e-08,-3.010053267969556e-33
translation_g.1274.peg.1695,0.0,-1.974556982502388e-32
transcription_TU_g.1274.peg.1695,0.0,-2.1999078996421733e-32
translation_g.1274.peg.1701,1.354275463048983e-09,3.0033429452472834e-33
transcription_TU_g.1274.peg.1701,1.060364187163574e-10,1.721028848845512e-32
translation_g.1274.peg.1710,3.9828665102491736e-08,5.008098475840648e-33
transcription_TU_g.1274.peg.1710,3.1184859542630825e-09,1.6255349960160775e-33
translation_g.1274.peg.1713,0.0,-4.0914294429050325e-33
transcription_TU_g.1274.peg.1713,0.0,1.6213222569784358e-32
translation_g.1274.peg.1729,1.7350085959763665e-29,-3.930257072705789e-33
transcription_TU_g.1274.peg.1729,1.3584688121368936e-30,4.8651659867956957e-32
translation_g.1274.peg.1741,0.0,-2.2439242702680694e-34
transcription_TU_g.1274.peg.1741,0.0,-0.018514732107228593
translation_g.1274.peg.1747,0.0,3.181806813929004e-33
transcription_TU_g.1274.peg.1747,0.0,-0.030923989584092672
translation_g.1274.peg.1753,0.0,-2.1963010755335336e-33
transcription_TU_g.1274.peg.1753,0.0,-0.009781087564044968
translation_g.1274.peg.1766,0.0,-9.395122266162781e-33
transcription_TU_g.1274.peg.1766,0.0,-0.04871922040368831
translation_g.1274.peg.1767,0.0,1.8199087357578898e-33
transcription_TU_g.1274.peg.1767,0.0,-0.0264261511775388
translation_g.1274.peg.1772,0.0,8.438372685280203e-33
transcription_TU_g.1274.peg.1772,0.0,-0.03046549968693084
translation_398578.3.peg.1791,0.0,1.1125019825861272e-33
transcription_TU_398578.3.peg.1791,0.0,9.784998463070725e-34
translation_g.1274.peg.1792,0.0,3.3557925763313404e-33
transcription_TU_g.1274.peg.1792,0.0,-0.018054105923191264
translation_g.1274.peg.1794,-4.698769973391404e-30,5.668889871980888e-33
transcription_TU_g.1274.peg.1794,0.0,-0.042887605655621344
translation_398578.3.peg.1798,2.0627886932824626e-11,3.5368504263283585e-33
transcription_TU_398578.3.peg.1798,1.6151125201059308e-12,7.255085181954032e-33
translation_g.1274.peg.1800,0.0,8.97282247390895e-33
transcription_TU_g.1274.peg.1800,0.0,-0.018672228855129872
translation_g.1274.peg.1801,2.9776976467380467e-13,2.188060079740662e-33
transcription_TU_g.1274.peg.1801,2.3314635987671835e-14,1.4304477579981403e-32
translation_g.1274.peg.1802,0.0,-1.6786331738137662e-33
transcription_TU_g.1274.peg.1802,0.0,-0.02925071548951471
translation_g.1274.peg.1804,-5.825459297012488e-44,-3.712106147799567e-33
transcription_TU_g.1274.peg.1804,-1.7514549171805044e-44,1.0857509463349275e-32
translation_398578.3.peg.1808,0.0,9.277243752503616e-34
transcription_TU_398578.3.peg.1808,0.0,-0.016399361208979706
translation_g.1274.peg.1810,0.0,-6.312276503634134e-36
transcription_TU_g.1274.peg.1810,0.0,9.750579627971602e-33
translation_398578.3.peg.1816,1.7395217909449868e-11,-6.789557819056739e-33
transcription_TU_398578.3.peg.1816,1.362002532155447e-12,5.417601689196532e-32
translation_398578.3.peg.1817,2.6024569082627726e-11,1.3616705005695834e-33
transcription_TU_398578.3.peg.1817,2.0376593827857544e-12,5.959106271048733e-33
translation_g.1274.peg.1825,0.0,-6.4295335464677e-33
transcription_TU_g.1274.peg.1825,0.0,-0.03317913926048906
translation_398578.3.peg.1825,0.0,-6.830792505092863e-33
transcription_TU_398578.3.peg.1825,0.0,-0.026923077993236164
translation_398578.3.peg.1826,0.0,-1.6403942549450352e-33
transcription_TU_398578.3.peg.1826,0.0,-0.015520793118688066
translation_398578.3.peg.1827,0.0,7.723945381964809e-33
transcription_TU_398578.3.peg.1827,0.0,-0.02919605678407906
translation_398578.3.peg.1828,1.3223337230611463e-07,2.5596159939416627e-33
transcription_TU_398578.3.peg.1828,1.0353545948886472e-08,4.700373866414713e-33
translation_g.1274.peg.1839,0.0,-5.156588977457239e-34
transcription_TU_g.1274.peg.1839,0.0,5.709699444041192e-34
translation_g.1274.peg.1849,0.0,-6.329374357011369e-34
transcription_TU_g.1274.peg.1849,0.0,-0.016540485026828405
translation_g.1274.peg.1850,0.0,-3.742100322734836e-33
transcription_TU_g.1274.peg.1850,0.0,1.2343515451913555e-32
translation_g.1274.peg.1862,0.0,1.1480948612284601e-33
transcription_TU_g.1274.peg.1862,0.0,-0.016776194703756766
translation_398578.3.peg.1865,0.0,2.258513546330985e-33
transcription_TU_398578.3.peg.1865,0.0,-0.02032520147988303
translation_g.1274.peg.1871,0.0,1.0438160656099701e-33
transcription_TU_g.1274.peg.1871,0.0,3.54042438356884e-32
translation_g.1274.peg.1872,0.0,7.419443788734526e-33
transcription_TU_g.1274.peg.1872,0.0,-0.018125965177476097
translation_g.1274.peg.1875,0.0,6.694458236960268e-34
transcription_TU_g.1274.peg.1875,0.0,-0.025021932209780228
translation_g.1274.peg.1888,0.0,5.644088050767588e-33
transcription_TU_g.1274.peg.1888,0.0,-0.032670608681508034
translation_g.1274.peg.1904,0.0,2.6218738432311395e-33
transcription_TU_g.1274.peg.1904,0.0,-0.03974540634045548
translation_g.1274.peg.1909,-7.115990353732203e-30,1.3558662498587397e-32
transcription_TU_g.1274.peg.1909,0.0,-0.04373626813422952
translation_g.1274.peg.1924,0.0,3.124212687452002e-33
transcription_TU_g.1274.peg.1924,0.0,-0.01695691799361825
translation_g.1274.peg.1930,0.0,-8.287611226952403e-34
transcription_TU_g.1274.peg.1930,0.0,-0.020456338061231837
translation_g.1274.peg.1936,0.0,2.9503048753259504e-34
transcription_TU_g.1274.peg.1936,0.0,3.31582515444281e-32
translation_g.1274.peg.1937,0.0,-1.9687098097107144e-34
transcription_TU_g.1274.peg.1937,0.0,-0.013906630542234165
translation_g.1274.peg.1951,0.0,-2.2995539646975054e-33
transcription_TU_g.1274.peg.1951,0.0,-0.018964788274332824
translation_g.1274.peg.1954,0.0,2.8083187207756372e-33
transcription_TU_g.1274.peg.1954,0.0,-0.04801334153829714
translation_g.1274.peg.1959,0.0,3.1767986382200844e-33
transcription_TU_g.1274.peg.1959,0.0,-0.024448466784801875
translation_g.1274.peg.1969,0.0,-6.73084620740648e-33
transcription_TU_g.1274.peg.1969,0.0,-0.04052894800552024
translation_g.1274.peg.1973,0.0,2.3312745003696903e-33
transcription_TU_g.1274.peg.1973,0.0,-0.021408082639453516
translation_g.1274.peg.1976,0.0,5.177782605996626e-33
transcription_TU_g.1274.peg.1976,0.0,-0.03494429604425868
translation_g.1274.peg.1979,0.0,3.698714730397968e-33
transcription_TU_g.1274.peg.1979,0.0,-0.017976364859784304
translation_g.1274.peg.1984,0.0,-1.552744600262912e-32
transcription_TU_g.1274.peg.1984,0.0,-0.026816929220788346
translation_g.1274.peg.1985,4.6405008655222576e-11,-1.803284152324442e-33
transcription_TU_g.1274.peg.1985,3.633397386690595e-12,-8.320926966216176e-33
translation_398578.3.peg.1987,0.0,-2.8984211328515327e-33
transcription_TU_398578.3.peg.1987,0.0,-0.02156192472711544
translation_398578.3.peg.1988,0.0,3.143154782161745e-33
transcription_TU_398578.3.peg.1988,0.0,-0.037444258890878636
translation_g.1274.peg.1996,-4.5202315789971184e-30,-2.7889161795512533e-34
transcription_TU_g.1274.peg.1996,-3.5392295104154163e-31,-4.059884848667328e-33
translation_g.1274.peg.2016,0.0,-4.921431509447477e-33
transcription_TU_g.1274.peg.2016,0.0,-0.016638056481889506
translation_g.1274.peg.2021,1.919525632127769e-11,1.5070454187625183e-32
transcription_TU_g.1274.peg.2021,1.5029410870875304e-12,-3.656147876655036e-32
translation_g.1274.peg.2033,0.0,9.410442293422453e-33
transcription_TU_g.1274.peg.2033,0.0,-0.03330054022281811
translation_g.1274.peg.2041,0.0,7.454941463681095e-33
transcription_TU_g.1274.peg.2041,0.0,-0.027207278034782532
translation_g.1274.peg.2056,0.0,6.832600655594066e-33
transcription_TU_g.1274.peg.2056,0.0,-0.020088506998153413
translation_g.1274.peg.2058,0.0,-4.62783038221888e-33
transcription_TU_g.1274.peg.2058,0.0,-0.023070714151196332
translation_g.1274.peg.2066,0.0,-1.0788829101153689e-32
transcription_TU_g.1274.peg.2066,0.0,-0.02868698063492129
translation_g.1274.peg.2068,0.0,-5.394926525731273e-33
transcription_TU_g.1274.peg.2068,0.0,-0.03476350351598903
translation_g.1274.peg.2072,0.0,-1.9249957196319253e-33
transcription_TU_g.1274.peg.2072,0.0,-4.067070245441388e-32
translation_g.1274.peg.2098,4.4806472762869547e-10,-3.233019614045108e-32
transcription_TU_g.1274.peg.2098,3.508235980581193e-11,2.6651969539427625e-32
translation_398578.3.peg.2101,0.0,-8.629826314862318e-33
transcription_TU_398578.3.peg.2101,0.0,-0.028550167794350097
translation_g.1274.peg.2108,0.0,-3.0015474214736967e-33
transcription_TU_g.1274.peg.2108,0.0,-0.02601326196100746
translation_g.1274.peg.2112,6.6163056734869805e-12,-8.751050374484614e-34
transcription_TU_g.1274.peg.2112,5.180403676293302e-13,4.449455071187283e-33
translation_g.1274.peg.2113,1.6303622849803564e-09,5.287684254366922e-34
transcription_TU_g.1274.peg.2113,1.2765333392389863e-10,-3.0753857241999938e-33
translation_g.1274.peg.2115,0.0,-2.5569071655493527e-33
transcription_TU_g.1274.peg.2115,0.0,-1.6889808099061353e-32
translation_g.1274.peg.2126,0.0,3.348317925985743e-35
transcription_TU_g.1274.peg.2126,0.0,-0.02092444451494938
translation_g.1274.peg.2137,0.0,1.591348216723833e-33
transcription_TU_g.1274.peg.2137,0.0,-0.0116554847455915
translation_g.1274.peg.2142,0.0,1.55932513536106e-33
transcription_TU_g.1274.peg.2142,0.0,-0.012357413026942191
translation_398578.3.peg.2142,0.0,-4.379319561964868e-33
transcription_TU_398578.3.peg.2142,0.0,-0.03317913926048906
translation_398578.3.peg.2143,0.0,3.729835699460356e-33
transcription_TU_398578.3.peg.2143,0.0,4.942913194381282e-33
translation_g.1274.peg.2144,0.0,8.063692538905205e-33
transcription_TU_g.1274.peg.2144,0.0,-2.9637481069397983e-32
translation_g.1274.peg.2149,0.0,7.660746485238801e-33
transcription_TU_g.1274.peg.2149,0.0,-0.027789873085999433
translation_g.1274.peg.2150,0.0,-1.5471414265896117e-33
transcription_TU_g.1274.peg.2150,0.0,9.268487835865041e-33
translation_g.1274.peg.2152,0.0,1.3077010352165994e-33
transcription_TU_g.1274.peg.2152,0.0,-0.02461760701203019
translation_g.1274.peg.2154,-2.100388259047189e-29,-2.760739319442055e-34
transcription_TU_g.1274.peg.2154,0.0,-0.02107061746514772
translation_g.1274.peg.2161,3.839051264255538e-11,4.0928087861747716e-33
transcription_TU_g.1274.peg.2161,3.0058821741750608e-12,1.4318285647710265e-32
translation_g.1274.peg.2167,0.0,3.324514851260287e-33
transcription_TU_g.1274.peg.2167,0.0,-1.4436354759948085e-32
translation_398578.3.peg.2171,0.0,-6.312276503634134e-36
transcription_TU_398578.3.peg.2171,0.0,-0.020538232007136708
translation_398578.3.peg.2172,1.5005461703227183e-29,-1.015124057401935e-33
transcription_TU_398578.3.peg.2172,0.0,-0.02638280486001956
translation_398578.3.peg.2178,0.0,5.385501856516904e-33
transcription_TU_398578.3.peg.2178,0.0,-1.4495035996518566e-32
translation_g.1274.peg.2180,0.0,1.6337875233095977e-34
transcription_TU_g.1274.peg.2180,0.0,-0.011065015118995776
translation_398578.3.peg.2180,0.0,-1.6403942549450352e-33
transcription_TU_398578.3.peg.2180,0.0,-0.015469792304576426
translation_398578.3.peg.2182,0.0,2.339879852604231e-33
transcription_TU_398578.3.peg.2182,0.0,-0.011948363749959546
translation_g.1274.peg.2197,0.0,1.2690528169269994e-33
transcription_TU_g.1274.peg.2197,0.0,-0.024186130908016933
translation_g.1274.peg.2199,0.0,-6.303218939893141e-34
transcription_TU_g.1274.peg.2199,0.0,5.660780395753949e-33
translation_398578.3.peg.2205,0.0,2.1284285604599475e-33
transcription_TU_398578.3.peg.2205,0.0,-0.02037912470060438
translation_g.1274.peg.2206,0.0,-8.380408642373018e-34
transcription_TU_g.1274.peg.2206,0.0,3.2479564037630456e-32
translation_g.1274.peg.2215,0.0,-8.912285804641263e-33
transcription_TU_g.1274.peg.2215,0.0,-0.03229505875336905
translation_g.1274.peg.2217,-3.9290644759308815e-30,-5.324424401565268e-33
transcription_TU_g.1274.peg.2217,0.0,-0.015164901034588328
translation_g.1274.peg.2218,0.0,4.658879083357434e-33
transcription_TU_g.1274.peg.2218,0.0,-0.020432823334547285
translation_g.1274.peg.2220,0.0,-4.932998753088484e-33
transcription_TU_g.1274.peg.2220,0.0,-0.03223370832880121
translation_g.1274.peg.2225,0.0,-5.897251032445298e-33
transcription_TU_g.1274.peg.2225,0.0,-0.022760556849972014
translation_g.1274.peg.2232,0.0,6.492589110067595e-33
transcription_TU_g.1274.peg.2232,0.0,-0.05793669131623124
translation_398578.3.peg.2235,8.555467546553633e-10,-4.248925494820971e-33
transcription_TU_398578.3.peg.2235,6.698719454298757e-11,3.8779726629420534e-32
translation_g.1274.peg.2236,0.0,-1.909309502593363e-33
transcription_TU_g.1274.peg.2236,0.0,-0.017503641003976635
translation_g.1274.peg.2249,0.0,6.708220759546702e-34
transcription_TU_g.1274.peg.2249,0.0,4.001426576145039e-32
translation_g.1274.peg.2254,0.0,3.6453845412176227e-35
transcription_TU_g.1274.peg.2254,0.0,-0.012555453717517958
translation_g.1274.peg.2269,0.0,-9.301931707599744e-33
transcription_TU_g.1274.peg.2269,0.0,-0.020157228686765033
translation_g.1274.peg.2276,0.0,-2.6023986980643366e-33
transcription_TU_g.1274.peg.2276,0.0,1.722194809028256e-32
translation_g.1274.peg.2277,0.0,4.095125703485356e-34
transcription_TU_g.1274.peg.2277,0.0,-0.019637298645162993
translation_g.1274.peg.2283,5.046655738366989e-08,1.361670517425846e-33
transcription_TU_g.1274.peg.2283,3.951406605167406e-09,1.5434270290771997e-32
translation_g.1274.peg.2290,0.0,-5.353569108113402e-33
transcription_TU_g.1274.peg.2290,0.0,-0.018250341143148507
translation_398578.3.peg.2302,0.0,-3.7457415791538406e-33
transcription_TU_398578.3.peg.2302,0.0,-0.01820578552567624
translation_g.1274.peg.2303,-4.5603343559818335e-42,3.920665152177017e-34
transcription_TU_g.1274.peg.2303,-3.545972886892549e-43,-1.0160544606520676e-33
translation_398578.3.peg.2304,4.698769973391404e-30,1.0277514442112744e-32
transcription_TU_398578.3.peg.2304,0.0,-0.042887605655621344
translation_g.1274.peg.2305,0.0,-3.7914715845023005e-33
transcription_TU_g.1274.peg.2305,0.0,-0.025910387127602415
translation_g.1274.peg.2318,0.0,-1.0276272438943954e-32
transcription_TU_g.1274.peg.2318,0.0,-0.03274875283188595
translation_g.1274.peg.2323,0.0,-3.6584431876752886e-33
transcription_TU_g.1274.peg.2323,0.0,-2.3258861969706498e-32
translation_g.1274.peg.2324,2.6372132321446937e-08,3.4381638691434415e-33
transcription_TU_g.1274.peg.2324,2.0648727246260285e-09,3.9000610131750097e-32
translation_g.1274.peg.2325,0.0,-3.0015474214736967e-33
transcription_TU_g.1274.peg.2325,0.0,-0.027188085087808983
translation_g.1274.peg.2332,1.4888488233690233e-13,1.1408886954205942e-33
transcription_TU_g.1274.peg.2332,1.1657317993835918e-14,-2.2593192274234631e-32
translation_g.1274.peg.2334,0.0,4.99865027993707e-33
transcription_TU_g.1274.peg.2334,0.0,-0.015459288549762633
translation_g.1274.peg.2344,0.0,-6.75744522574672e-33
transcription_TU_g.1274.peg.2344,0.0,-0.03277015050735255
translation_g.1274.peg.2345,0.0,-2.7639994995599697e-33
transcription_TU_g.1274.peg.2345,0.0,-0.020878680629026498
translation_g.1274.peg.2349,0.0,-9.007387648722821e-34
transcription_TU_g.1274.peg.2349,0.0,-0.020202628687435872
translation_g.1274.peg.2350,0.0,-1.6398828929043062e-32
transcription_TU_g.1274.peg.2350,0.0,-2.17795019024317e-33
translation_g.1274.peg.2363,0.0,-9.346794671256602e-33
transcription_TU_g.1274.peg.2363,0.0,-0.028607312306195846
translation_g.1274.peg.2364,0.0,-7.510535752401013e-33
transcription_TU_g.1274.peg.2364,0.0,-1.5370236692403256e-32
translation_g.1274.peg.2370,9.963131013559564e-11,9.368898139765148e-33
transcription_TU_g.1274.peg.2370,7.800885127913722e-12,-1.0088889141434963e-32
translation_g.1274.peg.2377,0.0,1.9272727832175246e-33
transcription_TU_g.1274.peg.2377,0.0,-0.008903102452965423
translation_g.1274.peg.2391,0.0,-6.829590211361025e-34
transcription_TU_g.1274.peg.2391,0.0,5.125993463207952e-32
translation_g.1274.peg.2392,0.0,-9.450510591035327e-33
transcription_TU_g.1274.peg.2392,0.0,-0.025279028009577365
translation_g.1274.peg.2396,0.0,-1.645700946511662e-33
transcription_TU_g.1274.peg.2396,0.0,-0.02464865164892386
translation_g.1274.peg.2400,0.0,-1.8061425977859316e-33
transcription_TU_g.1274.peg.2400,0.0,1.9991177296429495e-33
translation_g.1274.peg.2407,1.0728648045394706e-06,9.567558788217103e-34
transcription_TU_g.1274.peg.2407,8.40026602742012e-08,-5.2536219793174944e-33
translation_398578.3.peg.2413,1.577578055903297e-07,5.656500347802687e-34
transcription_TU_398578.3.peg.2413,1.2352045935831052e-08,1.0461098276426612e-32
translation_398578.3.peg.2415,0.0,-8.928994456301008e-33
transcription_TU_398578.3.peg.2415,0.0,-0.01548165309136431
translation_398578.3.peg.2416,0.0,-1.0221045388360655e-32
transcription_TU_398578.3.peg.2416,0.0,-8.296321036940357e-33
translation_398578.3.peg.2417,0.0,8.369605448421002e-34
transcription_TU_398578.3.peg.2417,0.0,-3.010053267969556e-33
translation_g.1274.peg.2418,-3.306846449340221e-63,6.471872491848503e-33
transcription_TU_g.1274.peg.2418,-1.6248295462426716e-64,5.475659815711181e-33
translation_398578.3.peg.2418,0.0,-3.041712354104461e-33
transcription_TU_398578.3.peg.2418,0.0,-0.009222305148542009
translation_398578.3.peg.2420,1.6160546193262163e-08,3.418142785554503e-33
transcription_TU_398578.3.peg.2420,1.2653307909572624e-09,1.0344241725338247e-33
translation_g.1274.peg.2424,0.0,4.240088570562314e-33
transcription_TU_g.1274.peg.2424,0.0,-0.021031399174090602
translation_398578.3.peg.2424,0.0,-4.7285052957732026e-33
transcription_TU_398578.3.peg.2424,0.0,-1.2693344807119584e-31
translation_g.1274.peg.2432,0.0,7.391986748955996e-33
transcription_TU_g.1274.peg.2432,0.0,-0.024289376865549956
translation_398578.3.peg.2432,0.0,2.0594101642672629e-32
transcription_TU_398578.3.peg.2432,0.0,2.990566325314843e-32
translation_g.1274.peg.2435,0.0,1.3721147266426754e-32
transcription_TU_g.1274.peg.2435,0.0,-0.026995711202472017
translation_398578.3.peg.2441,0.0,2.5530298426870345e-32
transcription_TU_398578.3.peg.2441,0.0,7.758993612009674e-32
translation_g.1274.peg.2451,0.0,-9.388740024890293e-34
transcription_TU_g.1274.peg.2451,0.0,-0.013978316641551075
translation_g.1274.peg.2454,0.0,8.148898282446955e-33
transcription_TU_g.1274.peg.2454,0.0,-2.513007081917603e-32
translation_g.1274.peg.2456,0.0,6.389617543893043e-35
transcription_TU_g.1274.peg.2456,0.0,-0.04913969041568595
translation_398578.3.peg.2456,0.0,-1.0480519261473618e-32
transcription_TU_398578.3.peg.2456,0.0,-1.747951747375968e-32
translation_398578.3.peg.2458,2.557323675420866e-10,-3.037507602379079e-33
transcription_TU_398578.3.peg.2458,2.0023211779210465e-11,2.6733278494740905e-32
translation_398578.3.peg.2459,4.6686469910485506e-11,4.371957179693263e-33
transcription_TU_398578.3.peg.2459,3.6554351067333835e-12,-7.42932649217704e-33
translation_g.1274.peg.2460,2.9776976467380467e-13,7.285850853976384e-33
transcription_TU_g.1274.peg.2460,2.3314635987671835e-14,6.752188251679478e-33
translation_g.1274.peg.2468,2.626433365974646e-09,1.571080889480322e-33
transcription_TU_g.1274.peg.2468,2.056432356073976e-10,-9.073026066627572e-33
translation_g.1274.peg.2469,9.289933780052005e-12,2.7517363354853002e-33
transcription_TU_g.1274.peg.2469,7.273788346803991e-13,2.6204005743434127e-32
translation_g.1274.peg.2487,0.0,-3.4801077548638696e-33
transcription_TU_g.1274.peg.2487,0.0,-0.010805196913653094
translation_g.1274.peg.2493,0.0,-6.610021139819669e-34
transcription_TU_g.1274.peg.2493,0.0,-0.013904450210017813
translation_g.1274.peg.2499,0.0,6.321159670727923e-33
transcription_TU_g.1274.peg.2499,0.0,-0.020301591321321203
translation_398578.3.peg.2502,0.0,7.260806603024099e-33
transcription_TU_398578.3.peg.2502,0.0,-1.4429682081892393e-32
translation_g.1274.peg.2505,0.0,-3.096626538402056e-33
transcription_TU_g.1274.peg.2505,0.0,1.792333620946486e-32
translation_g.1274.peg.2506,0.0,3.8007646616673956e-33
transcription_TU_g.1274.peg.2506,0.0,-0.049640014638239006
translation_g.1274.peg.2510,-5.440830513193901e-29,-1.732256140097804e-32
transcription_TU_g.1274.peg.2510,-4.26003570324729e-30,1.2903922757509247e-32
translation_g.1274.peg.2512,0.0,-8.24927536187923e-33
transcription_TU_g.1274.peg.2512,0.0,-0.02330553071773095
translation_g.1274.peg.2514,0.0,1.9820073193090542e-33
transcription_TU_g.1274.peg.2514,0.0,-0.020993058892797137
translation_g.1274.peg.2516,-9.028266587050166e-65,5.064468490174837e-33
transcription_TU_g.1274.peg.2516,-1.8877687674188715e-65,-4.7832131492863185e-33
translation_g.1274.peg.2520,-1.903451770692982e-29,-4.5935423308670885e-33
transcription_TU_g.1274.peg.2520,-1.4903556511995617e-30,5.820373242361964e-32
translation_g.1274.peg.2523,0.0,1.4541103391164578e-32
transcription_TU_g.1274.peg.2523,0.0,-0.032358608455405384
translation_g.1274.peg.2527,0.0,-9.830054283030306e-34
transcription_TU_g.1274.peg.2527,0.0,-0.021551907907451165
translation_g.1274.peg.2541,0.0,-2.5433607425850245e-34
transcription_TU_g.1274.peg.2541,0.0,-0.022842932917103455
translation_398578.3.peg.2541,0.0,1.808258869386073e-33
transcription_TU_398578.3.peg.2541,0.0,-9.95678278530633e-33
translation_g.1274.peg.2547,0.0,-9.22527991396748e-33
transcription_TU_g.1274.peg.2547,0.0,-0.048602727406450615
translation_g.1274.peg.2548,0.0,-6.736566393090461e-33
transcription_TU_g.1274.peg.2548,0.0,-0.025274589811491693
translation_g.1274.peg.2553,0.0,-8.819171193918811e-33
transcription_TU_g.1274.peg.2553,0.0,-0.029245369897553566
translation_g.1274.peg.2554,0.0,2.227387229714339e-33
transcription_TU_g.1274.peg.2554,0.0,-0.02336276507700878
translation_g.1274.peg.2567,8.5805382244619e-30,1.869930089573055e-33
transcription_TU_g.1274.peg.2567,0.0,-0.024737868979926393
translation_g.1274.peg.2582,0.0,4.036643863786452e-34
transcription_TU_g.1274.peg.2582,0.0,-0.041207424591221106
translation_g.1274.peg.2588,0.0,-4.5566812678283205e-33
transcription_TU_g.1274.peg.2588,0.0,-0.03376270481749988
translation_g.1274.peg.2589,9.718056826192785e-30,5.1324893320110036e-33
transcription_TU_g.1274.peg.2589,7.608998101552902e-31,-1.9840523945373106e-32
translation_g.1274.peg.2594,0.0,8.377184396142014e-34
transcription_TU_g.1274.peg.2594,0.0,-0.048491552249733345
translation_g.1274.peg.2598,0.0,5.231944693472776e-34
transcription_TU_g.1274.peg.2598,0.0,-0.018224716961511192
translation_g.1274.peg.2610,0.0,7.999308573699903e-33
transcription_TU_g.1274.peg.2610,0.0,-0.03322200816838484
translation_g.1274.peg.2611,0.0,4.893390352832925e-33
transcription_TU_g.1274.peg.2611,0.0,3.2091217409880653e-32
translation_g.1274.peg.2612,1.0462213992181055e-10,5.548864881686658e-34
transcription_TU_g.1274.peg.2612,8.191654754472343e-12,-7.012523610980323e-33
translation_g.1274.peg.2613,0.0,1.1611772961307962e-32
transcription_TU_g.1274.peg.2613,0.0,-0.057564096916233945
translation_g.1274.peg.2614,0.0,4.798941527970532e-33
transcription_TU_g.1274.peg.2614,0.0,-0.021824109962300775
translation_g.1274.peg.2637,0.0,-2.1935440425542283e-33
transcription_TU_g.1274.peg.2637,0.0,2.226417651311642e-32
translation_398578.3.peg.2642,0.0,5.1197771673650645e-33
transcription_TU_398578.3.peg.2642,0.0,-0.01963534560569263
translation_398578.3.peg.2645,0.0,1.3966522107868895e-32
transcription_TU_398578.3.peg.2645,0.0,-1.6009447992055165e-32
translation_398578.3.peg.2646,0.0,-1.8871212302250355e-34
transcription_TU_398578.3.peg.2646,0.0,1.562188018466162e-32
translation_g.1274.peg.2655,0.0,-2.824430916981691e-33
transcription_TU_g.1274.peg.2655,0.0,-0.03694308180044463
translation_398578.3.peg.2655,-1.260790287407295e-29,-3.6337871567493224e-33
transcription_TU_398578.3.peg.2655,-9.871676071576382e-31,1.0111047836732356e-32
translation_g.1274.peg.2662,2.2398781574090764e-10,-6.306109398069709e-33
transcription_TU_g.1274.peg.2662,1.753769189895316e-11,-3.896252330400537e-32
translation_g.1274.peg.2672,0.0,-2.0079905142769545e-32
transcription_TU_g.1274.peg.2672,0.0,-3.15343859783938e-32
translation_g.1274.peg.2681,6.6163056734869805e-12,-5.662631848852189e-33
transcription_TU_g.1274.peg.2681,5.180403676293302e-13,4.211450140431646e-32
translation_g.1274.peg.2690,0.0,1.0518214651729316e-33
transcription_TU_g.1274.peg.2690,0.0,-0.00910875864342761
translation_g.1274.peg.2692,0.0,1.943104602372718e-32
transcription_TU_g.1274.peg.2692,0.0,4.971404620360416e-32
translation_g.1274.peg.2697,0.0,-1.3125948410146008e-34
transcription_TU_g.1274.peg.2697,0.0,-0.023010534800397733
translation_g.1274.peg.2699,0.0,-4.311400602173555e-33
transcription_TU_g.1274.peg.2699,0.0,-0.020483994137900398
translation_g.1274.peg.2701,0.0,-9.895598634239537e-33
transcription_TU_g.1274.peg.2701,0.0,5.772038646123128e-33
translation_g.1274.peg.2710,4.982203520726447e-10,1.9266074396656817e-33
transcription_TU_g.1274.peg.2710,3.900942113094694e-11,-3.612348844917273e-33
translation_g.1274.peg.2715,0.0,-6.98920820182474e-33
transcription_TU_g.1274.peg.2715,0.0,-0.01764424714477283
translation_g.1274.peg.2718,0.0,-2.4273513841237096e-33
transcription_TU_g.1274.peg.2718,0.0,-0.05648782236623514
translation_g.1274.peg.2724,0.0,6.737331536731558e-34
transcription_TU_g.1274.peg.2724,0.0,1.4299703358365892e-33
translation_g.1274.peg.2734,0.0,2.0313729520787514e-33
transcription_TU_g.1274.peg.2734,0.0,-0.02754275200080326
translation_g.1274.peg.2741,0.0,3.919191215067658e-33
transcription_TU_g.1274.peg.2741,0.0,1.7862722212275695e-32
translation_g.1274.peg.2746,1.072861496386634e-06,-8.45144155732383e-34
transcription_TU_g.1274.peg.2746,8.400240125401738e-08,3.2084450884634887e-32
translation_398578.3.peg.2747,0.0,5.5220616650044475e-33
transcription_TU_398578.3.peg.2747,0.0,-0.04275438435262818
translation_g.1274.peg.2749,1.78661858804283e-12,7.618758857914062e-33
transcription_TU_g.1274.peg.2749,1.3988781592603116e-13,2.0279678133353173e-32
translation_g.1274.peg.2756,0.0,7.9219643200562e-33
transcription_TU_g.1274.peg.2756,0.0,-0.02323770558490199
translation_g.1274.peg.2757,0.0,1.0856714607499117e-33
transcription_TU_g.1274.peg.2757,0.0,-0.06014528733521664
translation_g.1274.peg.2763,0.0,-5.21549108552216e-33
transcription_TU_g.1274.peg.2763,0.0,-0.028520794424538854
translation_g.1274.peg.2764,0.0,-1.2859187748982864e-32
transcription_TU_g.1274.peg.2764,0.0,-0.02994250199695924
translation_g.1274.peg.2773,9.289933780052005e-12,-2.0181804392767397e-33
transcription_TU_g.1274.peg.2773,7.273788346803991e-13,-1.622006485616149e-32
translation_398578.3.peg.2781,0.0,2.4133085948830115e-33
transcription_TU_398578.3.peg.2781,0.0,-0.03402843082182271
translation_398578.3.peg.2782,0.0,2.1751373062577296e-33
transcription_TU_398578.3.peg.2782,0.0,-1.208936335440615e-32
translation_g.1274.peg.2784,0.0,1.0457257955169776e-32
transcription_TU_g.1274.peg.2784,0.0,2.4755567095177776e-32
translation_398578.3.peg.2793,0.0,1.3828092032822231e-33
transcription_TU_398578.3.peg.2793,0.0,-0.012555453717517958
translation_398578.3.peg.2795,0.0,1.2690528169269994e-33
transcription_TU_398578.3.peg.2795,0.0,-0.024186130908016933
translation_g.1274.peg.2796,0.0,-7.099672107450844e-33
transcription_TU_g.1274.peg.2796,0.0,-0.02621113763943393
translation_398578.3.peg.2797,0.0,1.1567995796691531e-32
transcription_TU_398578.3.peg.2797,0.0,-0.03325032826067659
translation_g.1274.peg.2798,-1.0911750252121773e-29,1.4886581729230906e-33
transcription_TU_g.1274.peg.2798,0.0,-0.018164855628565
translation_g.1274.peg.2800,-2.0479539116294238e-29,-3.1367656119046975e-33
transcription_TU_g.1274.peg.2800,0.0,-0.02784574172984183
translation_g.1274.peg.2808,0.0,3.83515956275845e-33
transcription_TU_g.1274.peg.2808,0.0,-0.025106033201929164
translation_398578.3.peg.2808,0.0,1.081347238748857e-32
transcription_TU_398578.3.peg.2808,0.0,1.3107127875193005e-33
translation_g.1274.peg.2812,0.0,9.742680760099176e-33
transcription_TU_g.1274.peg.2812,0.0,-0.02512827723648129
translation_g.1274.peg.2821,0.0,-1.7941922207743125e-33
transcription_TU_g.1274.peg.2821,0.0,-0.02652233753842182
translation_g.1274.peg.2822,0.0,-7.097756228466415e-33
transcription_TU_g.1274.peg.2822,0.0,-0.03040484877193413
translation_398578.3.peg.2834,0.0,-2.0297909393201857e-32
transcription_TU_398578.3.peg.2834,0.0,-0.029577425449863477
translation_398578.3.peg.2837,0.0,4.476635218095589e-33
transcription_TU_398578.3.peg.2837,0.0,-0.01574182189409656
translation_g.1274.peg.2851,0.0,-1.1087217216628133e-33
transcription_TU_g.1274.peg.2851,0.0,-0.032190798856886624
translation_g.1274.peg.2854,0.0,5.826252480825845e-34
transcription_TU_g.1274.peg.2854,0.0,-0.03097036079088914
translation_g.1274.peg.2859,0.0,-2.9710917459305703e-33
transcription_TU_g.1274.peg.2859,0.0,-0.02199421437596527
translation_g.1274.peg.2860,0.0,-5.507703879257035e-33
transcription_TU_g.1274.peg.2860,0.0,-0.034254317334524755
translation_g.1274.peg.2861,0.0,8.614750037918807e-33
transcription_TU_g.1274.peg.2861,0.0,-0.019541601128606322
translation_g.1274.peg.2866,-1.2803317228974666e-29,-2.5055462111259537e-33
transcription_TU_g.1274.peg.2866,-1.0024680677544007e-30,-2.0370302935967124e-33
translation_g.1274.peg.2875,0.0,1.680909405366889e-33
transcription_TU_g.1274.peg.2875,0.0,-0.01543113182593242
translation_g.1274.peg.2879,0.0,6.207344403487767e-33
transcription_TU_g.1274.peg.2879,0.0,-1.254295208400252e-32
translation_g.1274.peg.2880,-7.595308061223269e-29,3.749180617291512e-33
transcription_TU_g.1274.peg.2880,-5.946938328531451e-30,4.912524126544858e-32
translation_g.1274.peg.2891,0.0,-2.334130464560292e-32
transcription_TU_g.1274.peg.2891,0.0,-0.07784286467227937
translation_g.1274.peg.2896,1.072861496386634e-06,1.2796754955056952e-32
transcription_TU_g.1274.peg.2896,8.400240125401738e-08,5.080039173322182e-32
translation_g.1274.peg.2897,0.0,-9.682095586062624e-34
transcription_TU_g.1274.peg.2897,0.0,-0.025618837849353236
translation_g.1274.peg.2898,6.6163056734869805e-12,-6.190969731864262e-33
transcription_TU_g.1274.peg.2898,5.180403676293302e-13,-3.5972539837795856e-32
translation_g.1274.peg.2902,0.0,1.5292696890117457e-33
transcription_TU_g.1274.peg.2902,0.0,-0.015336990000148426
translation_g.1274.peg.2904,0.0,-2.9710917459305703e-33
transcription_TU_g.1274.peg.2904,0.0,9.120187357674357e-33
translation_g.1274.peg.2908,0.0,6.461970045872576e-33
transcription_TU_g.1274.peg.2908,0.0,-8.44950321221049e-33
translation_g.1274.peg.2909,0.0,-5.368271524836034e-33
transcription_TU_g.1274.peg.2909,0.0,-0.031661235422784324
translation_g.1274.peg.2912,0.0,-7.319255238517131e-34
transcription_TU_g.1274.peg.2912,0.0,-0.025722014528036238
translation_g.1274.peg.2913,1.7712576162754945e-10,-1.3143531738293155e-33
transcription_TU_g.1274.peg.2913,1.386850898347349e-11,-9.221728784759026e-33
translation_g.1274.peg.2915,0.0,2.8230864772253522e-33
transcription_TU_g.1274.peg.2915,0.0,1.447189474411544e-33
translation_g.1274.peg.2921,0.0,-3.976769730773332e-33
transcription_TU_g.1274.peg.2921,0.0,4.494358728445311e-32
translation_g.1274.peg.2929,0.0,-2.8984211328515327e-33
transcription_TU_g.1274.peg.2929,0.0,-8.678144088810544e-33
translation_g.1274.peg.2931,1.195967074122495e-11,3.0402641657407413e-34
transcription_TU_g.1274.peg.2931,9.364126346727061e-13,-1.5267223818129281e-32
translation_g.1274.peg.2933,0.0,-9.450510591035327e-33
transcription_TU_g.1274.peg.2933,0.0,-0.02527603201973661
translation_g.1274.peg.2940,0.0,-1.8258272889477423e-33
transcription_TU_g.1274.peg.2940,0.0,2.796325178699236e-32
translation_g.1274.peg.2944,0.0,-6.019400058208525e-33
transcription_TU_g.1274.peg.2944,0.0,1.029851743345474e-33
translation_g.1274.peg.2948,5.996878642832569e-10,1.5161667035461562e-33
transcription_TU_g.1274.peg.2948,4.69540763391632e-11,-5.0264137150197636e-33
translation_g.1274.peg.2950,5.68570897413181e-31,3.163592941109184e-33
transcription_TU_g.1274.peg.2950,0.0,-0.021532469427643544
translation_g.1274.peg.2951,2.102762918367147e-29,5.6451640894732215e-33
transcription_TU_g.1274.peg.2951,1.6464113495139344e-30,1.3998418265306584e-31
translation_g.1274.peg.2960,0.0,-2.67195248829312e-34
transcription_TU_g.1274.peg.2960,0.0,-0.023472182146685113
translation_g.1274.peg.2966,1.5646354010298352e-30,-1.517413849322916e-33
transcription_TU_g.1274.peg.2966,1.2250708149766915e-31,9.248240498185478e-33
translation_g.1274.peg.2967,-7.596416465586326e-32,1.1538009250488999e-32
transcription_TU_g.1274.peg.2967,0.0,-0.030958769922469164
translation_g.1274.peg.2968,0.0,8.893940018307956e-33
transcription_TU_g.1274.peg.2968,0.0,-3.415001646002885e-32
translation_g.1274.peg.2972,0.0,1.3788813254489975e-33
transcription_TU_g.1274.peg.2972,0.0,-0.013110061763824898
translation_g.1274.peg.2973,0.0,3.324514851260287e-33
transcription_TU_g.1274.peg.2973,0.0,-2.98148799754976e-33
translation_g.1274.peg.2974,0.0,-3.3438638724464832e-34
transcription_TU_g.1274.peg.2974,0.0,-0.012768847145197364
translation_g.1274.peg.2979,0.0,4.344846826556878e-33
transcription_TU_g.1274.peg.2979,0.0,-0.0212537515598713
translation_g.1274.peg.2980,0.0,1.839415927411982e-32
transcription_TU_g.1274.peg.2980,0.0,-0.04414839369669039
translation_g.1274.peg.2986,0.0,-3.2254019513497206e-33
transcription_TU_g.1274.peg.2986,0.0,-0.017516200187949634
translation_g.1274.peg.2989,0.0,-1.341612907872307e-32
transcription_TU_g.1274.peg.2989,0.0,-0.029577425449863477
translation_g.1274.peg.2992,0.0,6.026083019632852e-36
transcription_TU_g.1274.peg.2992,0.0,-6.162636780113234e-33
translation_g.1274.peg.2999,-7.595308061223038e-29,1.0879177106014113e-33
transcription_TU_g.1274.peg.2999,-5.946938328531578e-30,-8.701550480154839e-33
translation_398578.3.peg.2999,1.0539554754024821e-29,-2.1055390905486906e-33
transcription_TU_398578.3.peg.2999,0.0,-0.03249978584412098
translation_398578.3.peg.3000,0.0,-2.209783848533347e-33
transcription_TU_398578.3.peg.3000,0.0,-1.2207908591387979e-32
translation_398578.3.peg.3004,9.72831326262545e-64,-1.3843249392289796e-32
transcription_TU_398578.3.peg.3004,0.0,3.8358577428171156e-32
translation_g.1274.peg.3009,1.0728681126923074e-06,1.6473469247572557e-33
transcription_TU_g.1274.peg.3009,8.400291929438502e-08,-2.9802734714296e-33
translation_g.1274.peg.3012,1.4888488233690233e-13,5.826252480825845e-34
transcription_TU_g.1274.peg.3012,1.1657317993835918e-14,1.6930734200398265e-32
translation_398578.3.peg.3013,0.0,1.55932513536106e-33
transcription_TU_398578.3.peg.3013,0.0,-0.012357413026942191
translation_g.1274.peg.3021,-5.38786310332987e-64,-1.6767300175062593e-33
transcription_TU_g.1274.peg.3021,0.0,-0.011557209844710559
translation_g.1274.peg.3022,0.0,-6.830792505092863e-33
transcription_TU_g.1274.peg.3022,0.0,-0.029920335736682575
translation_g.1274.peg.3024,1.0728681126923074e-06,-1.5880691824401304e-33
transcription_TU_g.1274.peg.3024,8.400291929438502e-08,4.891229969437761e-33
translation_g.1274.peg.3025,-1.2700172945977973e-28,1.4076965015496696e-33
transcription_TU_g.1274.peg.3025,-9.943921255417033e-30,-2.134328716158201e-32
translation_g.1274.peg.3034,0.0,8.934820293991988e-34
transcription_TU_g.1274.peg.3034,0.0,-0.05688607355232328
translation_g.1274.peg.3041,4.187774919548366e-10,6.214963475354089e-33
transcription_TU_g.1274.peg.3041,3.278924169971684e-11,-2.4938288400050716e-32
translation_398578.3.peg.3043,0.0,-1.9035268245596785e-33
transcription_TU_398578.3.peg.3043,0.0,-0.027407825937583025
translation_g.1274.peg.3060,0.0,2.175137186788057e-33
transcription_TU_g.1274.peg.3060,0.0,-0.015752485612424927
translation_398578.3.peg.3064,0.0,-7.985110719169611e-33
transcription_TU_398578.3.peg.3064,0.0,-3.684466789738053e-32
translation_g.1274.peg.3072,1.7210017531112993e-10,-5.073537994674042e-33
transcription_TU_g.1274.peg.3072,1.3475018006576288e-11,3.882980561576914e-32
translation_g.1274.peg.3079,1.0728681126923074e-06,-1.8256100706036635e-33
transcription_TU_g.1274.peg.3079,8.400291929438502e-08,5.181100288865503e-33
translation_g.1274.peg.3084,1.0728697667687258e-06,-4.468991618020311e-34
transcription_TU_g.1274.peg.3084,8.400304880447692e-08,2.0507582685772407e-32
translation_g.1274.peg.3099,0.0,-8.752789768066116e-33
transcription_TU_g.1274.peg.3099,0.0,-0.03450955823269616
translation_398578.3.peg.3099,0.0,-6.829590211361025e-34
transcription_TU_398578.3.peg.3099,0.0,-0.01375160378077545
translation_g.1274.peg.3102,0.0,-2.209783848533347e-33
transcription_TU_g.1274.peg.3102,0.0,-0.037381771926529736
translation_g.1274.peg.3105,0.0,-1.7635793677312607e-32
transcription_TU_g.1274.peg.3105,0.0,-0.07476017741593009
translation_g.1274.peg.3115,0.0,-3.3984769368801905e-34
transcription_TU_g.1274.peg.3115,0.0,-1.146706619551352e-32
translation_g.1274.peg.3116,0.0,-1.6277857421343101e-32
transcription_TU_g.1274.peg.3116,0.0,3.065139630588369e-32
translation_g.1274.peg.3122,0.0,1.6420807450410763e-33
transcription_TU_g.1274.peg.3122,0.0,1.6043258580452518e-32
translation_g.1274.peg.3132,1.0728681126923074e-06,-1.803124759585176e-33
transcription_TU_g.1274.peg.3132,8.400291929438502e-08,4.7755099275750396e-33
translation_g.1274.peg.3135,0.0,1.467624304235887e-32
transcription_TU_g.1274.peg.3135,0.0,-0.04356846368215651
translation_g.1274.peg.3143,0.0,-3.9510547937586145e-33
transcription_TU_g.1274.peg.3143,0.0,-0.04195269127715195
translation_g.1274.peg.3155,0.0,6.803665799718602e-33
transcription_TU_g.1274.peg.3155,0.0,-5.168586860622449e-33
translation_g.1274.peg.3161,0.0,-1.0658424026413695e-33
transcription_TU_g.1274.peg.3161,0.0,-0.017987615763894734
translation_g.1274.peg.3164,1.0728697667687258e-06,2.9362027575604183e-33
transcription_TU_g.1274.peg.3164,8.400304880447692e-08,3.3463270780430864e-34
translation_g.1274.peg.3173,0.0,-1.8150398252249115e-33
transcription_TU_g.1274.peg.3173,0.0,-1.4981388372970327e-32
translation_398578.3.peg.3182,0.0,3.8351596106141854e-33
transcription_TU_398578.3.peg.3182,0.0,-0.015069866736864225
translation_g.1274.peg.3187,0.0,-4.305973703320646e-33
transcription_TU_g.1274.peg.3187,0.0,-0.01761877340112394
translation_g.1274.peg.3195,0.0,-2.5569070939561e-33
transcription_TU_g.1274.peg.3195,0.0,-3.3446765570451765e-34
translation_g.1274.peg.3210,1.0728681126923074e-06,-7.720355545144162e-35
transcription_TU_g.1274.peg.3210,8.400291929438502e-08,-5.270771412332874e-33
translation_g.1274.peg.3213,0.0,-7.03000981774811e-33
transcription_TU_g.1274.peg.3213,0.0,-5.336979545822739e-32
translation_g.1274.peg.3216,0.0,-5.08715355839531e-34
transcription_TU_g.1274.peg.3216,0.0,-0.016905437090184147
translation_g.1274.peg.3233,0.0,1.297421770635331e-32
transcription_TU_g.1274.peg.3233,0.0,-0.05979673513963628
translation_g.1274.peg.3247,-1.4583452607440203e-29,-1.4504717615874366e-32
transcription_TU_g.1274.peg.3247,-1.1418482644078978e-30,9.681708460123622e-33
translation_398578.3.peg.3254,2.312853380643656e-43,7.548620158535049e-34
transcription_TU_398578.3.peg.3254,2.3285238783324626e-44,2.8459703704838166e-32
translation_g.1274.peg.3261,3.498635889574997e-63,3.1928507636455247e-33
transcription_TU_g.1274.peg.3261,2.1528634202986743e-64,-8.059289054787244e-33
translation_g.1274.peg.3278,9.181318512261108e-09,3.527389770067015e-32
transcription_TU_g.1274.peg.3278,7.188745278914868e-10,-2.3800967821954133e-32
translation_398578.3.peg.3281,0.0,6.348062758707094e-33
transcription_TU_398578.3.peg.3281,0.0,-0.020405577001239142
translation_398578.3.peg.3282,0.0,-4.151396451975337e-34
transcription_TU_398578.3.peg.3282,0.0,-0.0185784796712728
translation_398578.3.peg.3285,0.0,-3.1249561940111545e-33
transcription_TU_398578.3.peg.3285,0.0,-0.019472984004349252
translation_g.1274.peg.3306,1.8246606979473797e-29,-1.1746293302539282e-33
transcription_TU_g.1274.peg.3306,1.428664190276563e-30,2.436289927061261e-32
translation_g.1274.peg.3312,0.0,2.816076493045631e-33
transcription_TU_g.1274.peg.3312,0.0,-1.20988181632565e-32
translation_g.1274.peg.3316,1.2240194831216167e-09,2.0849983587378802e-32
transcription_TU_g.1274.peg.3316,9.58376976992964e-11,2.558281667853466e-32
translation_g.1274.peg.3334,0.0,-4.0301679807730606e-33
transcription_TU_g.1274.peg.3334,0.0,-0.02084184698497189
translation_g.1274.peg.3336,0.0,-1.0603732470130613e-33
transcription_TU_g.1274.peg.3336,0.0,-0.009490711656958209
translation_g.1274.peg.3343,0.0,4.9624487250650115e-33
transcription_TU_g.1274.peg.3343,0.0,-0.020197953130435445
translation_398578.3.peg.3347,0.0,-2.7906715374928575e-33
transcription_TU_398578.3.peg.3347,0.0,-0.029358471272561314
translation_g.1274.peg.3351,0.0,1.48861390122446e-32
transcription_TU_g.1274.peg.3351,0.0,-0.04284997386395012
translation_g.1274.peg.3360,1.072861496386634e-06,1.0913521359252321e-32
transcription_TU_g.1274.peg.3360,8.400240125401738e-08,2.544770390834262e-32
translation_g.1274.peg.3372,0.0,1.134755754495628e-33
transcription_TU_g.1274.peg.3372,0.0,-0.035977864630997364
translation_g.1274.peg.3381,0.0,1.595860273324481e-32
transcription_TU_g.1274.peg.3381,0.0,-8.899194987983168e-32
translation_g.1274.peg.3384,0.0,4.2618769821969577e-33
transcription_TU_g.1274.peg.3384,0.0,-0.010474415811029477
translation_g.1274.peg.3385,0.0,-1.0892078971073088e-33
transcription_TU_g.1274.peg.3385,0.0,-0.008455477577019869
translation_g.1274.peg.3391,0.0,9.982957183543962e-34
transcription_TU_g.1274.peg.3391,0.0,-6.238219142246876e-34
translation_g.1274.peg.3399,0.0,-2.2977638364747715e-34
transcription_TU_g.1274.peg.3399,0.0,-0.007113266096473184
translation_g.1274.peg.3402,0.0,-1.9043630537508938e-33
transcription_TU_g.1274.peg.3402,0.0,-0.023443920628620895
translation_g.1274.peg.3403,2.4270296874564536e-08,-1.4072898491137808e-32
transcription_TU_g.1274.peg.3403,1.9003042083976255e-09,-4.590798462022322e-32
translation_g.1274.peg.3411,9.994256670460395e-11,-8.353744989989574e-34
transcription_TU_g.1274.peg.3411,7.825255747318785e-12,2.7803635486021724e-32
translation_g.1274.peg.3415,0.0,-6.07944733282569e-34
transcription_TU_g.1274.peg.3415,0.0,-0.022231835389690608
translation_g.1274.peg.3428,0.0,-1.8693279774835887e-35
transcription_TU_g.1274.peg.3428,0.0,-0.019779959036021855
translation_g.1274.peg.3435,0.0,-1.1169014737996561e-32
transcription_TU_g.1274.peg.3435,0.0,-0.024630046025985255
translation_g.1274.peg.3448,0.0,-2.1597226675781352e-33
transcription_TU_g.1274.peg.3448,0.0,-0.014084366097057831
translation_g.1274.peg.3491,0.0,-4.689138502474377e-33
transcription_TU_g.1274.peg.3491,0.0,-0.028235589141677803
translation_g.1274.peg.3494,3.4074121496140774e-12,2.889021921426958e-33
transcription_TU_g.1274.peg.3494,2.667919424769298e-13,2.5387502549877013e-32
translation_398578.3.peg.3511,0.0,9.686787023163052e-33
transcription_TU_398578.3.peg.3511,0.0,-1.7160109009157322e-32
translation_g.1274.peg.3517,0.0,-6.259533939330237e-33
transcription_TU_g.1274.peg.3517,0.0,9.339714205189794e-33
translation_g.1274.peg.3518,0.0,1.0847919072465188e-33
transcription_TU_g.1274.peg.3518,0.0,-1.5567198882085486e-32
translation_g.1274.peg.3520,0.0,-5.759965448140211e-33
transcription_TU_g.1274.peg.3520,0.0,-0.01603293733413064
translation_398578.3.peg.3523,0.0,-3.4957297315909745e-33
transcription_TU_398578.3.peg.3523,0.0,5.023006074889316e-32
translation_g.1274.peg.3525,0.0,-1.611139238493562e-32
transcription_TU_g.1274.peg.3525,0.0,5.933962935160264e-32
translation_398578.3.peg.3525,0.0,3.423854192561687e-34
transcription_TU_398578.3.peg.3525,0.0,-0.00915325848426647
translation_g.1274.peg.3526,0.0,2.1647978153630923e-33
transcription_TU_g.1274.peg.3526,0.0,-3.187745215811904e-33
translation_398578.3.peg.3530,-4.1414226383958137e-32,-2.0861789697931726e-33
transcription_TU_398578.3.peg.3530,-3.242631480435061e-33,-1.454735932539918e-32
translation_g.1274.peg.3532,0.0,1.3729757961361733e-33
transcription_TU_g.1274.peg.3532,0.0,1.2819090407368753e-32
translation_g.1274.peg.3541,9.210821757821163e-10,2.9503048753259504e-34
transcription_TU_g.1274.peg.3541,7.211845590373323e-11,5.004131824148099e-32
translation_g.1274.peg.3542,0.0,2.5314002446391353e-34
transcription_TU_g.1274.peg.3542,0.0,2.0954186808346814e-32
translation_g.1274.peg.3553,0.0,2.816076483413481e-33
transcription_TU_g.1274.peg.3553,0.0,-0.018931887597158838
translation_398578.3.peg.3553,0.0,4.2066683820531876e-33
transcription_TU_398578.3.peg.3553,0.0,-1.0763487159166624e-32
translation_398578.3.peg.3554,1.3765278228673836e-08,-3.1820650537191005e-33
transcription_TU_398578.3.peg.3554,1.0777872344498234e-09,1.2826777803204315e-32
translation_g.1274.peg.3558,0.0,6.6811444293749154e-34
transcription_TU_g.1274.peg.3558,0.0,-0.02102263038076416
translation_g.1274.peg.3564,0.0,1.2740584242366364e-33
transcription_TU_g.1274.peg.3564,0.0,-0.01878191198437868
translation_g.1274.peg.3569,0.0,-6.934734825154777e-33
transcription_TU_g.1274.peg.3569,0.0,4.535709064715127e-32
translation_g.1274.peg.3577,0.0,1.3194500556984026e-33
transcription_TU_g.1274.peg.3577,0.0,-0.014367851166454896
translation_g.1274.peg.3613,0.0,3.7096871310249266e-33
transcription_TU_g.1274.peg.3613,0.0,-0.03526726413619306
translation_g.1274.peg.3618,0.0,5.0419922313621234e-33
transcription_TU_g.1274.peg.3618,0.0,-0.01671200190723653
translation_g.1274.peg.3619,0.0,-1.1169014710174856e-32
transcription_TU_g.1274.peg.3619,0.0,-0.03304455908788753
translation_g.1274.peg.3626,0.0,5.086709298506397e-33
transcription_TU_g.1274.peg.3626,0.0,-0.04102363687473366
translation_398578.3.peg.3630,0.0,6.389617543893043e-35
transcription_TU_398578.3.peg.3630,0.0,-0.04913969041568595
translation_398578.3.peg.3635,0.0,4.095125703485356e-34
transcription_TU_398578.3.peg.3635,0.0,-0.019637298645162993
translation_g.1274.peg.3639,0.0,1.6957414139769937e-32
transcription_TU_g.1274.peg.3639,0.0,-0.03470852588392594
translation_398578.3.peg.3646,0.0,2.598937979686955e-33
transcription_TU_398578.3.peg.3646,0.0,-2.373054738780607e-32
translation_g.1274.peg.3647,0.0,-1.645700946511662e-33
transcription_TU_g.1274.peg.3647,0.0,-0.024516741224608448
translation_g.1274.peg.3655,0.0,3.819993873822022e-33
transcription_TU_g.1274.peg.3655,0.0,-0.013161939489487469
translation_g.1274.peg.3683,-4.512306952852507e-29,9.357657709867782e-33
transcription_TU_g.1274.peg.3683,-3.5330247241735664e-30,-6.168268108295998e-32
translation_g.1274.peg.3688,1.0728681126923074e-06,7.345565468987377e-34
transcription_TU_g.1274.peg.3688,8.400291929438502e-08,7.751236791821403e-33
translation_g.1274.peg.3689,0.0,-3.0696601202265828e-33
transcription_TU_g.1274.peg.3689,0.0,-0.040589374338570655
translation_398578.3.peg.3692,0.0,-1.1236024007280931e-32
transcription_TU_398578.3.peg.3692,0.0,-4.24691577708488e-33
translation_398578.3.peg.3693,0.0,1.032041326491764e-32
transcription_TU_398578.3.peg.3693,0.0,-0.027369407892757054
translation_g.1274.peg.3696,0.0,-6.22673625606397e-33
transcription_TU_g.1274.peg.3696,0.0,-0.022048984062924326
translation_398578.3.peg.3697,0.0,5.119777173745829e-33
transcription_TU_398578.3.peg.3697,0.0,8.237356799000471e-33
translation_g.1274.peg.3708,0.0,-5.775374123412797e-34
transcription_TU_g.1274.peg.3708,0.0,-0.019839678522814288
translation_g.1274.peg.3711,0.0,1.0822008746388423e-32
transcription_TU_g.1274.peg.3711,0.0,-0.026950830450998893
translation_g.1274.peg.3716,0.0,4.450907639420412e-33
transcription_TU_g.1274.peg.3716,0.0,-0.027338990505463494
translation_g.1274.peg.3722,0.0,2.5046224905987003e-33
transcription_TU_g.1274.peg.3722,0.0,-0.020735844903701568
translation_g.1274.peg.3731,1.2227022548584606e-62,-3.831607123913694e-33
transcription_TU_g.1274.peg.3731,-9.273118126954457e-64,-6.024858404799225e-34
translation_g.1274.peg.3733,0.0,-1.1627666365646388e-33
transcription_TU_g.1274.peg.3733,0.0,6.954706667543741e-32
translation_g.1274.peg.3743,0.0,-5.5395059641702826e-34
transcription_TU_g.1274.peg.3743,0.0,-0.021796436467251015
translation_g.1274.peg.3746,1.0728681126923074e-06,-5.208172311019992e-33
transcription_TU_g.1274.peg.3746,8.400291929438502e-08,1.2420698886661152e-32
translation_g.1274.peg.3748,0.0,4.7552843987323817e-33
transcription_TU_g.1274.peg.3748,0.0,-0.01587189610589046
translation_398578.3.peg.3750,-1.7296169159709627e-63,-4.401389302235772e-34
transcription_TU_398578.3.peg.3750,-1.722216806112106e-64,2.4136430035190318e-32
translation_g.1274.peg.3751,0.0,3.291523396573271e-33
transcription_TU_g.1274.peg.3751,0.0,-0.06378654999700838
translation_398578.3.peg.3764,0.0,-1.9043630537508938e-33
transcription_TU_398578.3.peg.3764,0.0,-0.023443920628620895
translation_g.1274.peg.3768,0.0,1.2245829862023576e-34
transcription_TU_g.1274.peg.3768,0.0,-6.828385590556639e-33
translation_398578.3.peg.3774,0.0,7.841927055571954e-34
transcription_TU_398578.3.peg.3774,0.0,-0.018121241980750172
translation_g.1274.peg.3783,0.0,1.869930089573055e-33
transcription_TU_g.1274.peg.3783,0.0,-0.024670598493784186
translation_g.1274.peg.3788,0.0,-8.697875516669114e-33
transcription_TU_g.1274.peg.3788,0.0,-0.027206471647888374
translation_g.1274.peg.3801,1.0728681126923074e-06,1.4943949872542232e-33
transcription_TU_g.1274.peg.3801,8.400291929438502e-08,-1.577664977278012e-32
translation_g.1274.peg.3815,-1.79574008846966e-64,-6.929941091917922e-33
transcription_TU_g.1274.peg.3815,0.0,-0.02425158573329238
translation_g.1274.peg.3821,0.0,9.222438798067272e-34
transcription_TU_g.1274.peg.3821,0.0,-0.01715302613102029
translation_g.1274.peg.3823,5.457766217313604e-42,3.238605530619354e-33
transcription_TU_g.1274.peg.3823,-8.069603985406971e-44,-1.6175948060045623e-32
translation_g.1274.peg.3825,3.0207322097797346e-10,-3.243948325102223e-33
transcription_TU_g.1274.peg.3825,2.3651585970926377e-11,1.1968877737316372e-33
translation_g.1274.peg.3831,0.0,3.8664807852257754e-33
transcription_TU_g.1274.peg.3831,0.0,-0.018001793761301725
translation_g.1274.peg.3841,0.0,4.745756093420815e-33
transcription_TU_g.1274.peg.3841,0.0,-7.054102568709557e-33
translation_g.1274.peg.3859,7.266523125500848e-10,-2.1041355253451303e-33
transcription_TU_g.1274.peg.3859,5.6895078569390945e-11,-8.294503789442423e-33
translation_g.1274.peg.3881,1.0728681126923074e-06,6.113015633474802e-35
transcription_TU_g.1274.peg.3881,8.400291929438502e-08,2.913322897022536e-33
translation_g.1274.peg.3882,2.9776976467380467e-13,-1.909309502593363e-33
transcription_TU_g.1274.peg.3882,2.3314635987671835e-14,-8.641791658691732e-34
translation_g.1274.peg.3896,0.0,-5.4853944292762704e-33
transcription_TU_g.1274.peg.3896,0.0,-0.020332755536405282
translation_398578.3.peg.3896,0.0,3.0584774243665886e-33
transcription_TU_398578.3.peg.3896,0.0,-1.3039127646238045e-33
translation_g.1274.peg.3914,0.0,-8.286038556743867e-33
transcription_TU_g.1274.peg.3914,0.0,-0.04451510140660878
translation_g.1274.peg.3917,0.0,4.853510784429427e-35
transcription_TU_g.1274.peg.3917,0.0,-0.0255544614635638
translation_g.1274.peg.3921,0.0,8.969433222206044e-34
transcription_TU_g.1274.peg.3921,0.0,-0.023310041492461523
translation_g.1274.peg.3924,0.0,3.199519935286433e-36
transcription_TU_g.1274.peg.3924,0.0,-0.057804391384614545
translation_g.1274.peg.3926,0.0,5.1954184572993796e-33
transcription_TU_g.1274.peg.3926,0.0,-4.57566506131487e-32
translation_g.1274.peg.3927,0.0,8.881762563226085e-33
transcription_TU_g.1274.peg.3927,0.0,7.411154017197698e-32
translation_398578.3.peg.3928,2.0649558435254313e-11,2.1223360825054045e-33
transcription_TU_398578.3.peg.3928,1.616809345137873e-12,-8.059289054787244e-33
translation_g.1274.peg.3946,0.0,-1.8295923573355213e-32
transcription_TU_g.1274.peg.3946,0.0,1.100240354726291e-32
translation_g.1274.peg.3952,0.0,-5.705730583130414e-34
transcription_TU_g.1274.peg.3952,0.0,-0.019864710673645793
translation_g.1274.peg.3956,0.0,-4.728957838506776e-33
transcription_TU_g.1274.peg.3956,0.0,-0.013361458607504168
translation_g.1274.peg.3957,0.0,3.348319889870773e-35
transcription_TU_g.1274.peg.3957,0.0,-0.025249621191895777
translation_g.1274.peg.3960,1.0728681126923074e-06,8.969432363115748e-34
transcription_TU_g.1274.peg.3960,8.400291929438502e-08,-2.242113327325577e-33
translation_g.1274.peg.3961,0.0,-7.320030525006721e-33
transcription_TU_g.1274.peg.3961,0.0,-0.034584626939660565
translation_g.1274.peg.3962,-3.333766193952359e-42,1.1175462567320608e-33
transcription_TU_g.1274.peg.3962,-2.5693014517866458e-43,1.6044384907503272e-32
translation_g.1274.peg.3969,0.0,2.6144508514201785e-33
transcription_TU_g.1274.peg.3969,0.0,-0.039813892619770946
translation_g.1274.peg.3972,0.0,2.3398797732305444e-33
transcription_TU_g.1274.peg.3972,0.0,9.166686409659666e-33
translation_398578.3.peg.3972,0.0,-1.628553084493049e-33
transcription_TU_398578.3.peg.3972,0.0,-3.1121661436051895e-32
translation_g.1274.peg.3973,0.0,1.082804847576397e-32
transcription_TU_g.1274.peg.3973,0.0,-0.04595348754784651
translation_g.1274.peg.3982,0.0,1.9881878501121038e-33
transcription_TU_g.1274.peg.3982,0.0,-0.01566264664736818
translation_g.1274.peg.3986,1.0728697667687258e-06,1.314533442396203e-33
transcription_TU_g.1274.peg.3986,8.400304880447692e-08,-1.2417005902569737e-32
translation_398578.3.peg.3986,0.0,-3.85015685056176e-33
transcription_TU_398578.3.peg.3986,0.0,-0.026327668903297335
translation_g.1274.peg.3998,0.0,-7.079503374226684e-33
transcription_TU_g.1274.peg.3998,0.0,-0.03770079234400209
translation_g.1274.peg.4005,1.919525632127769e-11,-1.1803987045005983e-32
transcription_TU_g.1274.peg.4005,1.5029410870875304e-12,3.754228995068891e-32
translation_g.1274.peg.4007,0.0,-4.300752026667993e-33
transcription_TU_g.1274.peg.4007,0.0,-0.03673995770315916
translation_g.1274.peg.4011,1.0728681126923074e-06,-2.2605011272933104e-34
transcription_TU_g.1274.peg.4011,8.400291929438502e-08,-7.140035464986081e-33
translation_g.1274.peg.4013,0.0,1.5159843811934258e-33
transcription_TU_g.1274.peg.4013,0.0,-0.032355142401969066
translation_g.1274.peg.4017,1.2247706873913698e-09,5.634732167346342e-33
transcription_TU_g.1274.peg.4017,9.589651513538117e-11,3.237105677573767e-32
translation_g.1274.peg.4019,1.4888488233690233e-13,-3.166324444828227e-33
transcription_TU_g.1274.peg.4019,1.1657317993835918e-14,5.940655501155482e-33
translation_g.1274.peg.4020,0.0,4.5364480591591634e-33
transcription_TU_g.1274.peg.4020,0.0,-0.01936185647661453
translation_g.1274.peg.4021,0.0,-3.151540737428788e-33
transcription_TU_g.1274.peg.4021,0.0,-0.018208545697646662
translation_398578.3.peg.4022,0.0,-3.9146653157296695e-33
transcription_TU_398578.3.peg.4022,0.0,1.101992281807249e-32
translation_g.1274.peg.4026,2.445609726342751e-10,4.272633658113863e-33
transcription_TU_g.1274.peg.4026,1.914851919235405e-11,2.89490792441782e-32
translation_g.1274.peg.4029,5.360473863343733e-10,-8.752303545435882e-33
transcription_TU_g.1274.peg.4029,4.197118434176691e-11,-7.859838286526378e-33
translation_g.1274.peg.4044,1.2646395694641138e-09,-6.489986850368456e-33
transcription_TU_g.1274.peg.4044,9.901814997893121e-11,6.718610207588614e-32
translation_g.1274.peg.4047,0.0,-2.8984211328515327e-33
transcription_TU_g.1274.peg.4047,0.0,-0.021502683731231893
translation_g.1274.peg.4049,0.0,-1.3814964141858551e-33
transcription_TU_g.1274.peg.4049,0.0,-0.017983268929369196
translation_g.1274.peg.4051,0.0,-2.4420960308107337e-33
transcription_TU_g.1274.peg.4051,0.0,-0.016752768134464042
translation_g.1274.peg.4054,0.0,2.533342960080797e-33
transcription_TU_g.1274.peg.4054,0.0,-0.011069528532983488
translation_g.1274.peg.4055,2.2403236381434748e-10,8.595175548530108e-35
transcription_TU_g.1274.peg.4055,1.7541179902905945e-11,4.0208871024161e-33
translation_g.1274.peg.4058,0.0,1.5640838214091786e-33
transcription_TU_g.1274.peg.4058,0.0,-0.03547251579026651
translation_g.1274.peg.4061,1.0728681126923074e-06,-6.610021139819669e-34
transcription_TU_g.1274.peg.4061,8.400291929438502e-08,8.170698164316519e-34
translation_g.1274.peg.4063,1.072861496386634e-06,-9.310457397686406e-33
transcription_TU_g.1274.peg.4063,8.400240125401738e-08,2.6077166618859815e-33
translation_g.1274.peg.4065,0.0,-5.305884891879864e-34
transcription_TU_g.1274.peg.4065,0.0,-0.01760453098406407
translation_g.1274.peg.4068,1.919525632127769e-11,1.6829930509466126e-33
transcription_TU_g.1274.peg.4068,1.5029410870875304e-12,-1.815243479124781e-32
translation_g.1274.peg.4069,1.4494602886748667e-09,2.0788959073860986e-34
transcription_TU_g.1274.peg.4069,1.1348915510632817e-10,1.9078517458611247e-33
translation_g.1274.peg.4070,1.0728681126923074e-06,3.286765180550366e-34
transcription_TU_g.1274.peg.4070,8.400291929438502e-08,3.999049591945906e-34
translation_g.1274.peg.4072,0.0,-6.441781366615557e-33
transcription_TU_g.1274.peg.4072,0.0,-0.01867002553561281
translation_g.1274.peg.4076,1.2877510579728152e-14,-2.760739319442055e-34
transcription_TU_g.1274.peg.4076,1.0082772235879962e-15,-3.967466056382163e-33
translation_g.1274.peg.4088,1.711191534362102e-10,-1.6786331738137662e-33
transcription_TU_g.1274.peg.4088,1.3398206420501549e-11,3.9805927128945276e-32
translation_g.1274.peg.4099,0.0,-8.287611226952403e-34
transcription_TU_g.1274.peg.4099,0.0,-0.020521346474934716
translation_g.1274.peg.4102,4.2188735863729294e-10,2.8230864772253522e-33
transcription_TU_g.1274.peg.4102,3.3032736568146765e-11,-8.373909968130962e-34
translation_g.1274.peg.4105,0.0,2.90942155053271e-33
transcription_TU_g.1274.peg.4105,0.0,-0.05875041602505333
translation_g.1274.peg.4107,0.0,5.3426424387827436e-33
transcription_TU_g.1274.peg.4107,0.0,-0.02409230316383664
translation_g.1274.peg.4133,0.0,-7.870312400353607e-34
transcription_TU_g.1274.peg.4133,0.0,-0.024743978648705586
translation_g.1274.peg.4138,0.0,4.88827536190438e-33
transcription_TU_g.1274.peg.4138,1.5776813222644232e-44,6.655354920718121e-33
translation_g.1274.peg.4139,1.4089352693773695e-09,6.761655675635185e-33
transcription_TU_g.1274.peg.4139,1.1031614634115168e-10,2.195866408202067e-32
translation_g.1274.peg.4141,1.919525632127769e-11,-1.676730039702946e-33
transcription_TU_g.1274.peg.4141,1.5029410870875304e-12,8.840851749701036e-34
translation_g.1274.peg.4143,1.261703331605131e-08,4.560946711182386e-33
transcription_TU_g.1274.peg.4143,9.87882498178776e-10,-6.1569322203162166e-33
translation_g.1274.peg.4145,1.0728681126923074e-06,2.854119717736919e-33
transcription_TU_g.1274.peg.4145,8.400291929438502e-08,-1.044811723742703e-32
translation_g.1274.peg.4146,0.0,-5.77537455685955e-34
transcription_TU_g.1274.peg.4146,0.0,-2.104966497312174e-33
translation_g.1274.peg.4155,1.261703331605131e-08,-6.17182202757896e-33
transcription_TU_g.1274.peg.4155,9.87882498178776e-10,-2.0537007078590616e-32
translation_g.1274.peg.4157,1.795457325620551e-10,-8.72399294309915e-33
transcription_TU_g.1274.peg.4157,1.4057986721418282e-11,-6.141366983237867e-33
translation_g.1274.peg.4158,0.0,-1.4663411342095737e-33
transcription_TU_g.1274.peg.4158,0.0,-0.026217808260084317
translation_g.1274.peg.4165,0.0,3.1635929484737525e-33
transcription_TU_g.1274.peg.4165,0.0,-0.02131825097998291
translation_g.1274.peg.4166,0.0,8.750430956175138e-33
transcription_TU_g.1274.peg.4166,0.0,-0.022035375016043662
translation_g.1274.peg.4171,1.919525632127769e-11,4.101085571341403e-33
transcription_TU_g.1274.peg.4171,1.5029410870875304e-12,-1.6560830947873455e-32
translation_g.1274.peg.4173,0.0,-9.037546966407787e-33
transcription_TU_g.1274.peg.4173,0.0,-0.029188329271166782
translation_g.1274.peg.4174,0.0,-1.018075249781932e-32
transcription_TU_g.1274.peg.4174,0.0,1.711023156088713e-32
translation_g.1274.peg.4185,0.0,-1.0877197793675954e-32
transcription_TU_g.1274.peg.4185,0.0,-0.0582981115331314
translation_g.1274.peg.4191,1.9956400641202315e-09,-1.0152724750486075e-32
transcription_TU_g.1274.peg.4191,1.5625368045122546e-10,-4.311147520445046e-35
translation_g.1274.peg.4196,0.0,-1.0723840154983685e-32
transcription_TU_g.1274.peg.4196,0.0,4.962914641035965e-32
translation_g.1274.peg.4198,0.0,7.171476606070423e-33
transcription_TU_g.1274.peg.4198,0.0,-0.03449515849137886
translation_g.1274.peg.4201,6.865588419415173e-10,-1.6856835096822453e-33
transcription_TU_g.1274.peg.4201,5.375585899904549e-11,1.2541269514637092e-32
translation_g.1274.peg.4206,-3.792252053272374e-29,7.92287022635009e-33
transcription_TU_g.1274.peg.4206,-2.96923954963667e-30,-2.9254468942367924e-32
translation_g.1274.peg.4207,0.0,8.050128032755066e-34
transcription_TU_g.1274.peg.4207,0.0,-3.211186028917995e-32
translation_g.1274.peg.4208,1.0728681126923074e-06,1.6821855112101603e-34
transcription_TU_g.1274.peg.4208,8.400291929438502e-08,-6.0217461509497486e-33
translation_g.1274.peg.4209,0.0,-5.807064369167742e-33
transcription_TU_g.1274.peg.4209,0.0,-0.04246703774499966
translation_g.1274.peg.4210,0.0,1.1519287757274809e-33
transcription_TU_g.1274.peg.4210,0.0,-0.023126023343770195
translation_g.1274.peg.4225,6.755281518795699e-10,-3.878780236620007e-33
transcription_TU_g.1274.peg.4225,5.289218325356186e-11,-8.107972126912522e-33
translation_g.1274.peg.4227,0.0,6.08224853024008e-33
transcription_TU_g.1274.peg.4227,0.0,-0.02054476983805923
translation_g.1274.peg.4237,4.160398581668751e-11,2.1223360665534925e-33
transcription_TU_g.1274.peg.4237,3.2574891746141817e-12,1.6842822327977705e-34
translation_g.1274.peg.4238,1.261703331605131e-08,-5.425557295756013e-33
transcription_TU_g.1274.peg.4238,9.87882498178776e-10,2.7289396316168485e-32
translation_g.1274.peg.4239,1.5016352158831702e-16,-4.046499574304245e-34
transcription_TU_g.1274.peg.4239,1.1757432284280885e-17,-1.066653936222995e-32
translation_g.1274.peg.4241,0.0,5.866037584020745e-33
transcription_TU_g.1274.peg.4241,0.0,-0.018116579997508916
translation_g.1274.peg.4248,1.5088461138437026e-10,2.3068050641120113e-33
transcription_TU_g.1274.peg.4248,1.1813891831568443e-11,2.541555742689734e-33
translation_g.1274.peg.4251,1.4888488233690233e-13,1.9280744102076223e-33
transcription_TU_g.1274.peg.4251,1.1657317993835918e-14,1.2639232703743305e-32
translation_g.1274.peg.4253,1.0794576299893014e-09,-1.7533554386670636e-33
transcription_TU_g.1274.peg.4253,8.451886219840074e-11,1.6474897835074463e-32
translation_g.1274.peg.4255,0.0,3.070581407654081e-34
transcription_TU_g.1274.peg.4255,0.0,-0.01563539069072297
translation_g.1274.peg.4258,1.261703331605131e-08,7.943567388197108e-33
transcription_TU_g.1274.peg.4258,9.87882498178776e-10,-1.0678404506063884e-32
translation_398578.3.peg.4260,0.0,-2.1427225222154475e-33
transcription_TU_398578.3.peg.4260,0.0,-0.02063038550311347
translation_g.1274.peg.4261,5.955395293476089e-13,4.822773947282444e-33
transcription_TU_g.1274.peg.4261,4.662927197534364e-14,1.9189413378716925e-32
translation_g.1274.peg.4264,0.0,-4.097051609056186e-33
transcription_TU_g.1274.peg.4264,0.0,-1.805692483659411e-32
translation_g.1274.peg.4265,1.0728681126923074e-06,-3.351364822243409e-34
transcription_TU_g.1274.peg.4265,8.400291929438502e-08,-1.683720899774406e-33
translation_g.1274.peg.4266,1.261703331605131e-08,3.0584774352027574e-33
transcription_TU_g.1274.peg.4266,9.87882498178776e-10,-1.875612282393741e-32
translation_g.1274.peg.4267,0.0,-2.8769697095637084e-33
transcription_TU_g.1274.peg.4267,0.0,-2.745537169282697e-33
translation_g.1274.peg.4270,9.633451214402947e-10,3.9520331383685544e-33
transcription_TU_g.1274.peg.4270,7.54275400038822e-11,3.109754312824521e-32
translation_398578.3.peg.4270,0.0,-1.30360976996574e-32
transcription_TU_398578.3.peg.4270,0.0,-0.03304455908788753
translation_g.1274.peg.4276,1.261703331605131e-08,7.9606826849043e-34
transcription_TU_g.1274.peg.4276,9.87882498178776e-10,-5.2612748574295314e-33
translation_g.1274.peg.4280,0.0,-8.58281066508815e-33
transcription_TU_g.1274.peg.4280,0.0,1.1674500391475883e-32
translation_g.1274.peg.4282,0.0,-2.560520983246515e-33
transcription_TU_g.1274.peg.4282,0.0,-0.028573528034813105
translation_g.1274.peg.4283,1.072861496386634e-06,6.694458236960268e-34
transcription_TU_g.1274.peg.4283,8.400240125401738e-08,-1.0124664631348214e-33
translation_g.1274.peg.4292,0.0,5.6347321992594735e-33
transcription_TU_g.1274.peg.4292,0.0,-0.02043024338250843
translation_398578.3.peg.4292,1.7453447200758187e-29,-9.988359314085289e-33
transcription_TU_398578.3.peg.4292,0.0,-0.021495473334645396
translation_g.1274.peg.4301,0.0,-1.2376859181904405e-33
transcription_TU_g.1274.peg.4301,0.0,-1.4051091644626895e-32
translation_g.1274.peg.4311,1.5644402700078583e-10,2.2829132751052754e-33
transcription_TU_g.1274.peg.4311,1.2249180322133952e-11,-5.088525875171545e-33
translation_g.1274.peg.4314,1.0728681126923074e-06,1.6087598454157275e-33
transcription_TU_g.1274.peg.4314,8.400291929438502e-08,-5.353194723915629e-33
translation_g.1274.peg.4315,1.0728681126923074e-06,6.832600653998875e-33
transcription_TU_g.1274.peg.4315,8.400291929438502e-08,-3.5515759974898214e-32
translation_g.1274.peg.4316,1.0728681126923074e-06,-7.30289169737169e-34
transcription_TU_g.1274.peg.4316,8.400291929438502e-08,1.9013899936353267e-33
translation_g.1274.peg.4319,0.0,4.840245556709114e-33
transcription_TU_g.1274.peg.4319,0.0,-1.2787352085685233e-32
translation_398578.3.peg.4320,0.0,-5.829357433257345e-33
transcription_TU_398578.3.peg.4320,0.0,-0.020166343223116244
translation_g.1274.peg.4328,0.0,6.105565507152184e-33
transcription_TU_g.1274.peg.4328,0.0,-0.024294240269574212
translation_g.1274.peg.4330,1.0968721616353428e-13,-3.695914931014493e-33
transcription_TU_g.1274.peg.4330,8.588237694835536e-15,2.0761172957748797e-32
translation_g.1274.peg.4337,0.0,4.664321339910777e-34
transcription_TU_g.1274.peg.4337,0.0,1.7490136228724568e-32
translation_g.1274.peg.4347,0.0,2.191919213181033e-33
transcription_TU_g.1274.peg.4347,0.0,-0.031428350949664535
translation_g.1274.peg.4349,0.0,-1.556230490698439e-32
transcription_TU_g.1274.peg.4349,0.0,-0.030738773326098253
translation_g.1274.peg.4359,0.0,-3.306817969291712e-35
transcription_TU_g.1274.peg.4359,0.0,-0.026830762164809105
translation_g.1274.peg.4371,0.0,1.0787832588233983e-32
transcription_TU_g.1274.peg.4371,0.0,-0.0526983446129982
translation_g.1274.peg.4372,-7.545372796558961e-32,-3.809817558640867e-34
transcription_TU_g.1274.peg.4372,0.0,-0.017063434076672802
translation_g.1274.peg.4379,0.0,9.89451941606936e-33
transcription_TU_g.1274.peg.4379,0.0,-2.8594665735606413e-32
translation_g.1274.peg.4383,0.0,-1.6177014853843073e-32
transcription_TU_g.1274.peg.4383,0.0,-0.03970140960250825
translation_g.1274.peg.4389,0.0,6.293702552393992e-33
transcription_TU_g.1274.peg.4389,0.0,-1.981279431372045e-32
translation_g.1274.peg.4391,2.145729609078941e-06,1.5849392677897004e-33
transcription_TU_g.1274.peg.4391,1.680053205484024e-07,2.4089024251130693e-33
translation_g.1274.peg.4392,3.332904901458315e-10,-4.305973703320646e-33
transcription_TU_g.1274.peg.4392,2.6095820925321692e-11,1.7188546268859384e-32
translation_398578.3.peg.4392,0.0,5.333880090831559e-33
transcription_TU_398578.3.peg.4392,0.0,-0.023043053658162328
translation_g.1274.peg.4394,0.0,-2.4742570019860512e-34
transcription_TU_g.1274.peg.4394,0.0,2.0265910599313524e-33
translation_g.1274.peg.4401,1.0728681126923074e-06,-1.8693279774835887e-35
transcription_TU_g.1274.peg.4401,8.400291929438502e-08,-3.744168622661775e-33
translation_g.1274.peg.4402,0.0,-8.785962913085452e-34
transcription_TU_g.1274.peg.4402,0.0,-0.021625208771969044
translation_g.1274.peg.4408,1.4888488233690233e-13,-1.0352310336027814e-32
transcription_TU_g.1274.peg.4408,1.1657317993835918e-14,3.7080348986478983e-32
translation_g.1274.peg.4410,1.261703331605131e-08,3.624079790091824e-33
transcription_TU_g.1274.peg.4410,9.87882498178776e-10,3.6179538414792426e-33
translation_g.1274.peg.4415,1.0728681126923074e-06,2.295521804716595e-33
transcription_TU_g.1274.peg.4415,8.400291929438502e-08,3.512466139037487e-33
translation_g.1274.peg.4419,2.7542907559342128e-08,2.810940593747366e-33
transcription_TU_g.1274.peg.4419,2.1565415296331728e-09,1.3348880413305297e-32
translation_g.1274.peg.4421,0.0,-8.287611226952403e-34
transcription_TU_g.1274.peg.4421,0.0,-0.020473472873078824
translation_g.1274.peg.4422,5.066410858747475e-09,-9.272011635531344e-34
transcription_TU_g.1274.peg.4422,3.966874375747411e-10,-1.7423065559549657e-32
translation_g.1274.peg.4424,0.0,1.22887927890879e-33
transcription_TU_g.1274.peg.4424,0.0,-0.017346776692563074
translation_g.1274.peg.4430,5.421064297120264e-30,-3.041712316463331e-33
transcription_TU_g.1274.peg.4430,0.0,-0.0197052789631931
translation_g.1274.peg.4431,0.0,1.2690528169269994e-33
transcription_TU_g.1274.peg.4431,0.0,-0.023669676526260973
translation_g.1274.peg.4437,1.261703331605131e-08,-1.517413849322916e-33
transcription_TU_g.1274.peg.4437,9.87882498178776e-10,-1.831415328888236e-32
translation_g.1274.peg.4440,0.0,-8.571652971120492e-34
transcription_TU_g.1274.peg.4440,0.0,-0.006996903821449643
translation_g.1274.peg.4442,9.808078696042647e-10,-7.956533680061992e-33
transcription_TU_g.1274.peg.4442,7.679482998791852e-11,5.641700645170912e-33
translation_g.1274.peg.4443,0.0,-1.0402685678858046e-32
transcription_TU_g.1274.peg.4443,0.0,2.6067201068064693e-33
translation_g.1274.peg.4450,0.0,2.524526129327008e-33
transcription_TU_g.1274.peg.4450,0.0,-0.02395163312985687
translation_398578.3.peg.4457,7.104237585079946e-29,4.2572050863693144e-33
transcription_TU_398578.3.peg.4457,5.562442293209896e-30,1.5014215313937546e-32
translation_g.1274.peg.4468,0.0,5.333880109973853e-33
transcription_TU_g.1274.peg.4468,0.0,-0.026793990995621117
translation_g.1274.peg.4476,0.0,-1.7132354529984203e-33
transcription_TU_g.1274.peg.4476,0.0,-0.011972729582942451
translation_g.1274.peg.4478,0.0,2.315200771159347e-33
transcription_TU_g.1274.peg.4478,0.0,-0.03110353572488
translation_398578.3.peg.4478,0.0,-4.046499574304245e-34
transcription_TU_398578.3.peg.4478,0.0,-1.6122030427474282e-32
translation_g.1274.peg.4480,0.0,-2.3063477166030077e-33
transcription_TU_g.1274.peg.4480,0.0,-0.01731804915430409
translation_g.1274.peg.4482,0.0,-6.1246984433407456e-33
transcription_TU_g.1274.peg.4482,0.0,-2.164007577756712e-32
translation_g.1274.peg.4485,0.0,6.297343325392748e-33
transcription_TU_g.1274.peg.4485,0.0,-0.028629997734786607
translation_g.1274.peg.4487,-4.450796932637426e-29,2.518997527531857e-33
transcription_TU_g.1274.peg.4487,-3.4848638999043215e-30,-9.324178232310917e-33
translation_g.1274.peg.4491,1.261703331605131e-08,2.2955218010171474e-33
transcription_TU_g.1274.peg.4491,9.87882498178776e-10,2.0639948366425573e-33
translation_g.1274.peg.4498,0.0,-1.37301351129411e-33
transcription_TU_g.1274.peg.4498,0.0,1.5617515404982943e-33
translation_398578.3.peg.4501,2.315065666255054e-09,-3.2487584785128786e-33
transcription_TU_398578.3.peg.4501,1.8126391494254292e-10,8.888601356255579e-35
translation_g.1274.peg.4504,1.3096458854945986e-11,8.73707660164382e-33
transcription_TU_g.1274.peg.4504,1.0254203319301893e-12,-1.2226524910226264e-32
translation_g.1274.peg.4507,5.356754938095324e-09,-6.226736197147418e-33
transcription_TU_g.1274.peg.4507,4.1942066077013935e-10,-2.7457772252543907e-33
translation_g.1274.peg.4518,0.0,-1.013421659678926e-33
transcription_TU_g.1274.peg.4518,0.0,-0.02580400608531643
translation_g.1274.peg.4524,1.0728681126923074e-06,-4.344813744749357e-33
transcription_TU_g.1274.peg.4524,8.400291929438502e-08,-5.821486059745951e-33
translation_g.1274.peg.4526,0.0,-4.325435907616999e-35
transcription_TU_g.1274.peg.4526,0.0,-0.02465165639376851
translation_g.1274.peg.4527,3.4100591717391604e-08,-1.6827291273467643e-33
transcription_TU_g.1274.peg.4527,2.669991977614454e-09,-1.956120542044514e-34
translation_g.1274.peg.4531,9.644058298034899e-11,8.949656927310089e-33
transcription_TU_g.1274.peg.4531,7.551059084487026e-12,6.633539576330477e-33
translation_g.1274.peg.4532,5.484360808176714e-14,1.037939877935791e-32
transcription_TU_g.1274.peg.4532,4.294118847417768e-15,-1.740307583707238e-32
translation_g.1274.peg.4537,1.919525632127769e-11,3.1035893752081006e-33
transcription_TU_g.1274.peg.4537,1.5029410870875304e-12,-2.640512535855614e-32
translation_398578.3.peg.4537,0.0,-6.200945363617194e-33
transcription_TU_398578.3.peg.4537,0.0,6.599026110370861e-32
translation_g.1274.peg.4540,0.0,1.277090338734829e-32
transcription_TU_g.1274.peg.4540,0.0,3.0063470681033566e-32
translation_g.1274.peg.4543,0.0,-1.0652701830898487e-32
transcription_TU_g.1274.peg.4543,0.0,-0.033622592636375084
translation_g.1274.peg.4553,0.0,3.629684028785284e-34
transcription_TU_g.1274.peg.4553,0.0,5.034051924888281e-32
translation_398578.3.peg.4555,0.0,-1.95494420002538e-34
transcription_TU_398578.3.peg.4555,0.0,-0.029662116496931068
translation_g.1274.peg.4556,0.0,4.426239028346879e-33
transcription_TU_g.1274.peg.4556,0.0,-0.019417681238285404
translation_g.1274.peg.4558,1.0968721616353428e-13,-3.316129472243521e-33
transcription_TU_g.1274.peg.4558,8.588237694835536e-15,-7.673474112245135e-33
translation_g.1274.peg.4567,1.0894838279831578e-10,-5.112172641715291e-33
transcription_TU_g.1274.peg.4567,8.5303888699742e-12,2.556641120457865e-32
translation_g.1274.peg.4574,0.0,6.297343316619196e-33
transcription_TU_g.1274.peg.4574,0.0,8.928312820012281e-33
translation_g.1274.peg.4575,0.0,-7.527122814580148e-33
transcription_TU_g.1274.peg.4575,0.0,-0.048425927107525864
translation_g.1274.peg.4580,1.519594913733187e-09,2.7517363354853002e-33
transcription_TU_g.1274.peg.4580,1.189805227579695e-10,1.4471143394182834e-32
translation_g.1274.peg.4581,2.3554620774244584e-09,7.474909512133873e-33
transcription_TU_g.1274.peg.4581,1.8442685400942475e-10,-1.1740691747345341e-32
translation_g.1274.peg.4583,0.0,5.6347321992594735e-33
transcription_TU_g.1274.peg.4583,0.0,-0.02213033547574091
translation_g.1274.peg.4592,1.261703331605131e-08,-1.0031176182832777e-32
transcription_TU_g.1274.peg.4592,9.87882498178776e-10,-1.30937288153004e-32
translation_g.1274.peg.4593,0.0,-1.5449788566057453e-33
transcription_TU_g.1274.peg.4593,0.0,-1.7321447399804172e-32
translation_g.1274.peg.4594,-1.7571254867238075e-44,4.295068072713503e-33
transcription_TU_g.1274.peg.4594,1.7545062323672302e-45,8.546210154172431e-32
translation_g.1274.peg.4596,1.072861496386634e-06,-1.0603732470130613e-33
transcription_TU_g.1274.peg.4596,8.400240125401738e-08,3.29511893916783e-33
translation_398578.3.peg.4599,0.0,-1.0398006955705917e-33
transcription_TU_398578.3.peg.4599,0.0,3.0520211135122672e-33
translation_g.1274.peg.4601,5.066829096045074e-10,3.992306902346649e-34
transcription_TU_g.1274.peg.4601,3.96720184520559e-11,8.417289424533265e-34
translation_g.1274.peg.4602,0.0,-1.5376185276241306e-33
transcription_TU_g.1274.peg.4602,0.0,-0.04502366606117102
translation_g.1274.peg.4603,-3.101367821126208e-29,-2.5896330041575772e-33
transcription_TU_g.1274.peg.4603,-2.4282942861117853e-30,1.8966344232944183e-32
translation_g.1274.peg.4610,0.0,-2.489523066887418e-33
transcription_TU_g.1274.peg.4610,0.0,-0.017311573715962578
translation_g.1274.peg.4613,0.0,-1.540080284143247e-33
transcription_TU_g.1274.peg.4613,0.0,-0.025925531950702626
translation_g.1274.peg.4622,1.261703331605131e-08,-5.393594777883773e-33
transcription_TU_g.1274.peg.4622,9.87882498178776e-10,-4.313368414622245e-32
translation_g.1274.peg.4625,0.0,4.296877042747373e-33
transcription_TU_g.1274.peg.4625,0.0,-0.01751127164493505
translation_g.1274.peg.4627,1.4888488233690233e-13,-4.63469067369279e-33
transcription_TU_g.1274.peg.4627,1.1657317993835918e-14,2.580314746964365e-32
translation_g.1274.peg.4628,0.0,-1.604282473074819e-33
transcription_TU_g.1274.peg.4628,0.0,-2.3211702291114746e-32
translation_g.1274.peg.4631,0.0,3.4171161065151276e-33
transcription_TU_g.1274.peg.4631,0.0,-0.04423257229994555
translation_g.1274.peg.4632,0.0,-1.852774792467778e-33
transcription_TU_g.1274.peg.4632,0.0,-1.8670752519099124e-33
translation_398578.3.peg.4636,0.0,1.1480948612284601e-33
transcription_TU_398578.3.peg.4636,0.0,-0.016752768134464042
translation_398578.3.peg.4637,0.0,3.788321758747152e-33
transcription_TU_398578.3.peg.4637,0.0,-0.020934083185963903
translation_398578.3.peg.4638,0.0,-8.852513684975125e-33
transcription_TU_398578.3.peg.4638,0.0,-0.030738773326098253
translation_g.1274.peg.4639,0.0,1.3616705005695834e-33
transcription_TU_g.1274.peg.4639,0.0,-0.01306593491584889
translation_g.1274.peg.4641,9.361602117155488e-12,6.293702552393992e-33
transcription_TU_g.1274.peg.4641,7.329902881912681e-13,1.15493866697287e-32
translation_g.1274.peg.4643,0.0,-8.024144433486759e-33
transcription_TU_g.1274.peg.4643,0.0,-0.026537501168521282
translation_g.1274.peg.4645,0.0,-2.6573128913630713e-33
transcription_TU_g.1274.peg.4645,0.0,-0.020558545274964476
translation_g.1274.peg.4646,0.0,6.038807167138041e-33
transcription_TU_g.1274.peg.4646,0.0,-0.02206227980355589
translation_g.1274.peg.4653,2.4270296874564536e-08,6.3231465107440595e-34
transcription_TU_g.1274.peg.4653,1.9003042083976255e-09,-2.1356583112591615e-32
translation_g.1274.peg.4654,1.0728681126923074e-06,-9.429022672758153e-34
transcription_TU_g.1274.peg.4654,8.400291929438502e-08,-3.8473073397724356e-33
translation_g.1274.peg.4656,2.2403236381434748e-10,3.0857992700084537e-33
transcription_TU_g.1274.peg.4656,1.7541179902905945e-11,-6.672477375299826e-33
translation_g.1274.peg.4659,0.0,7.626865821041355e-33
transcription_TU_g.1274.peg.4659,0.0,-0.017955422080572762
translation_g.1274.peg.4662,1.8902039821974892e-08,7.887560483821899e-33
transcription_TU_g.1274.peg.4662,1.4799829605150997e-09,4.5167393456721744e-33
translation_g.1274.peg.4669,0.0,2.1223361064332724e-33
transcription_TU_g.1274.peg.4669,0.0,-0.043023526687622604
translation_g.1274.peg.4677,1.261703331605131e-08,-1.3667191019540644e-32
transcription_TU_g.1274.peg.4677,9.87882498178776e-10,3.244976787819428e-32
translation_g.1274.peg.4686,-8.388470285341625e-43,-8.556155087719043e-33
transcription_TU_g.1274.peg.4686,4.229234970619591e-44,-3.295304494217289e-32
translation_g.1274.peg.4695,0.0,2.889021842871557e-33
transcription_TU_g.1274.peg.4695,0.0,-0.021593756188907274
translation_398578.3.peg.4702,6.876526573271762e-32,5.333880090831559e-33
transcription_TU_398578.3.peg.4702,5.384150203799637e-33,-2.1600582580803287e-32
translation_398578.3.peg.4703,0.0,-4.322839772103901e-33
transcription_TU_398578.3.peg.4703,0.0,-2.3714409895047917e-32
translation_g.1274.peg.4704,0.0,-8.64296129473039e-33
transcription_TU_g.1274.peg.4704,0.0,-0.018805074173396222
translation_398578.3.peg.4704,0.0,1.5870787196026678e-33
transcription_TU_398578.3.peg.4704,0.0,8.928312820012281e-33
translation_g.1274.peg.4705,0.0,-3.398654655961077e-33
transcription_TU_g.1274.peg.4705,0.0,-7.025964542935091e-33
translation_398578.3.peg.4705,0.0,-5.5395059641702826e-34
transcription_TU_398578.3.peg.4705,0.0,-1.1740691747345341e-32
translation_g.1274.peg.4707,0.0,-4.475312106023809e-33
transcription_TU_g.1274.peg.4707,0.0,-0.022625489226494527
translation_g.1274.peg.4708,1.4888488233690233e-13,-2.10817085199862e-33
transcription_TU_g.1274.peg.4708,1.1657317993835918e-14,1.2832371777682747e-32
translation_g.1274.peg.4709,1.4888488233690233e-13,3.7883217202922074e-33
transcription_TU_g.1274.peg.4709,1.1657317993835918e-14,7.017858111700065e-33
translation_g.1274.peg.4724,0.0,-3.8201702129216866e-33
transcription_TU_g.1274.peg.4724,0.0,-0.023320707349846172
translation_g.1274.peg.4728,0.0,-1.1473200334475107e-32
transcription_TU_g.1274.peg.4728,0.0,-0.05081093796636787
translation_g.1274.peg.4737,0.0,-4.159367625641912e-34
transcription_TU_g.1274.peg.4737,0.0,-0.015337207807810132
translation_g.1274.peg.4738,0.0,-5.073537993855756e-33
transcription_TU_g.1274.peg.4738,0.0,-0.027767213611657175
translation_g.1274.peg.4740,0.0,5.2400864203047725e-33
transcription_TU_g.1274.peg.4740,0.0,-0.01648365754177432
translation_398578.3.peg.4750,0.0,3.460479413990665e-33
transcription_TU_398578.3.peg.4750,0.0,3.7778816855443084e-33
translation_398578.3.peg.4751,0.0,-5.906524045985387e-33
transcription_TU_398578.3.peg.4751,0.0,1.2851163959182122e-32
translation_398578.3.peg.4754,3.197495513188216e-11,-4.812826025739958e-33
transcription_TU_398578.3.peg.4754,2.5035598911078886e-12,3.9805927128945276e-32
translation_g.1274.peg.4755,1.4226146085392406e-64,9.50585921520552e-33
transcription_TU_g.1274.peg.4755,0.0,-0.03066309714583389
translation_g.1274.peg.4758,0.0,5.656500347802687e-34
transcription_TU_g.1274.peg.4758,0.0,-0.028941333701213132
translation_398578.3.peg.4758,-1.8739049742522108e-30,-5.561308657004732e-33
transcription_TU_398578.3.peg.4758,-1.4672212404787953e-31,-6.141366983237867e-33
translation_g.1274.peg.4762,1.4888488233690233e-13,9.396355224549377e-33
transcription_TU_g.1274.peg.4762,1.1657317993835918e-14,-2.868976206913799e-32
translation_g.1274.peg.4768,2.2403236381434748e-10,2.4428719488151236e-34
transcription_TU_g.1274.peg.4768,1.7541179902905945e-11,-1.8844928447513216e-33
translation_g.1274.peg.4769,0.0,4.8110190706585344e-33
transcription_TU_g.1274.peg.4769,0.0,-0.014631498227848507
translation_g.1274.peg.4770,1.261703331605131e-08,-4.3756388897328565e-33
transcription_TU_g.1274.peg.4770,9.87882498178776e-10,9.165683604072707e-33
translation_g.1274.peg.4777,0.0,-2.0679948764382126e-33
transcription_TU_g.1274.peg.4777,0.0,-0.02940232114682066
translation_g.1274.peg.4782,9.6015049651685e-08,1.0371763833538659e-32
transcription_TU_g.1274.peg.4782,7.517740877484743e-09,2.8941969368022687e-33
translation_g.1274.peg.4790,5.104037210120982e-12,1.5308947657050917e-33
transcription_TU_g.1274.peg.4790,3.9963348781183803e-13,-1.4238377004275752e-32
translation_g.1274.peg.4793,2.9776976467380467e-13,-4.536577401681954e-33
transcription_TU_g.1274.peg.4793,2.3314635987671835e-14,-1.8450815325374478e-32
translation_g.1274.peg.4797,3.50961861082822e-30,2.156045013337828e-33
transcription_TU_g.1274.peg.4797,0.0,-0.040438606464041085
translation_g.1274.peg.4802,2.160797174665081e-09,-2.7740511650362765e-34
transcription_TU_g.1274.peg.4802,1.6918507366150322e-10,4.562611027214501e-32
translation_g.1274.peg.4807,4.4758647467900307e-11,-3.042191627060424e-33
transcription_TU_g.1274.peg.4807,3.504491378289445e-12,4.415809439077216e-33
translation_g.1274.peg.4808,0.0,7.798497296642485e-33
transcription_TU_g.1274.peg.4808,0.0,-0.11871627865017845
translation_g.1274.peg.4810,7.909279417760494e-10,-3.7919983131834095e-33
transcription_TU_g.1274.peg.4810,6.192770134062342e-11,-4.864321362521698e-33
translation_398578.3.peg.4814,0.0,2.6544968348745618e-33
transcription_TU_398578.3.peg.4814,0.0,9.44446973031265e-33
translation_g.1274.peg.4815,0.0,-2.327044436350588e-33
transcription_TU_g.1274.peg.4815,0.0,-0.01720118982059302
translation_g.1274.peg.4819,1.261703331605131e-08,-3.783733330794873e-34
transcription_TU_g.1274.peg.4819,9.87882498178776e-10,2.761093851670411e-33
translation_g.1274.peg.4822,-5.0413781464506115e-30,4.245324340242706e-33
transcription_TU_g.1274.peg.4822,0.0,-0.024845529831296675
translation_g.1274.peg.4823,1.0728681126923074e-06,-2.2605011272933104e-34
transcription_TU_g.1274.peg.4823,8.400291929438502e-08,6.0546937434583094e-33
translation_g.1274.peg.4827,0.0,-2.7671412853251093e-33
transcription_TU_g.1274.peg.4827,0.0,-0.02267420153998594
translation_g.1274.peg.4830,2.8850468299754838e-30,-2.863219699997557e-34
transcription_TU_g.1274.peg.4830,2.258920301124256e-31,-1.052780884586691e-33
translation_g.1274.peg.4831,0.0,9.571026557032951e-33
transcription_TU_g.1274.peg.4831,0.0,-0.025366575160693405
translation_398578.3.peg.4833,0.0,1.880031703680748e-33
transcription_TU_398578.3.peg.4833,0.0,3.344175890293072e-32
translation_g.1274.peg.4838,0.0,1.764628265144448e-33
transcription_TU_g.1274.peg.4838,0.0,1.2044682918658775e-32
translation_g.1274.peg.4839,0.0,4.530907422704035e-33
transcription_TU_g.1274.peg.4839,0.0,-0.025633740167092946
translation_g.1274.peg.4840,0.0,-5.2134852524412434e-33
transcription_TU_g.1274.peg.4840,0.0,5.489666020505168e-32
translation_g.1274.peg.4842,2.4270296874564536e-08,7.53492806957562e-33
transcription_TU_g.1274.peg.4842,1.9003042083976255e-09,-8.249600189977337e-33
translation_398578.3.peg.4844,0.0,1.4005048987329048e-32
transcription_TU_398578.3.peg.4844,0.0,2.527397672242259e-32
translation_398578.3.peg.4845,0.0,4.124329389493881e-33
transcription_TU_398578.3.peg.4845,0.0,-0.03714790973365645
translation_398578.3.peg.4847,0.0,5.548864881686658e-34
transcription_TU_398578.3.peg.4847,0.0,-5.760716440513879e-32
translation_398578.3.peg.4848,0.0,4.770785359273321e-34
transcription_TU_398578.3.peg.4848,0.0,1.3573497277436223e-33
translation_398578.3.peg.4849,0.0,7.319975862693951e-33
transcription_TU_398578.3.peg.4849,0.0,-2.690156052757709e-32
translation_g.1274.peg.4851,1.072861496386634e-06,-1.9687098097107144e-34
transcription_TU_g.1274.peg.4851,8.400240125401738e-08,1.7529111112487197e-32
translation_g.1274.peg.4853,0.0,3.767649172954085e-33
transcription_TU_g.1274.peg.4853,0.0,-0.02191132149393006
translation_g.1274.peg.4856,0.0,1.5870787196026678e-33
transcription_TU_g.1274.peg.4856,0.0,5.2188964849160493e-33
translation_398578.3.peg.4857,0.0,-1.5488446685602772e-32
transcription_TU_398578.3.peg.4857,0.0,-0.03696224623619805
translation_g.1274.peg.4861,0.0,3.8351595164979056e-33
transcription_TU_g.1274.peg.4861,0.0,-0.03605724231443586
translation_g.1274.peg.4869,0.0,-8.17218758622391e-35
transcription_TU_g.1274.peg.4869,0.0,-0.05170273396785881
translation_g.1274.peg.4887,0.0,-1.187787127230104e-32
transcription_TU_g.1274.peg.4887,0.0,-0.054470768366778353
translation_398578.3.peg.4890,0.0,1.0282816839520034e-32
transcription_TU_398578.3.peg.4890,0.0,3.0145204946378443e-32
translation_g.1274.peg.4891,0.0,3.4743160150775895e-34
transcription_TU_g.1274.peg.4891,0.0,-0.016071747612309346
translation_g.1274.peg.4893,1.0728681126923074e-06,-1.5880691503943435e-33
transcription_TU_g.1274.peg.4893,8.400291929438502e-08,1.234092554139442e-32
translation_g.1274.peg.4896,0.0,5.826252497191554e-34
transcription_TU_g.1274.peg.4896,0.0,-0.024679130928597585
translation_g.1274.peg.4899,9.6015049651685e-08,6.243526351849144e-32
transcription_TU_g.1274.peg.4899,7.517740877484743e-09,-4.1530721113620606e-32
translation_g.1274.peg.4903,1.5186732105897163e-10,-2.3042530741009358e-33
transcription_TU_g.1274.peg.4903,1.1890835568183182e-11,3.9521560538138234e-33
translation_398578.3.peg.4905,1.7169550683487426e-10,-1.0559629132393757e-32
transcription_TU_398578.3.peg.4905,1.3443333465904665e-11,1.7515921044605395e-32
translation_398578.3.peg.4906,0.0,1.2319654672141042e-34
transcription_TU_398578.3.peg.4906,0.0,-0.018438509575522465
translation_g.1274.peg.4907,0.0,8.227021081350007e-33
transcription_TU_g.1274.peg.4907,0.0,-0.036406216876517114
translation_g.1274.peg.4908,2.1750380163668543e-10,6.909276037183132e-33
transcription_TU_g.1274.peg.4908,1.703000963395062e-11,-1.9724836112670425e-32
translation_g.1274.peg.4910,0.0,2.490601074517942e-33
transcription_TU_g.1274.peg.4910,0.0,-0.01644029137641226
translation_398578.3.peg.4913,0.0,-1.4613010940900364e-32
transcription_TU_398578.3.peg.4913,0.0,-0.06951021595303357
translation_398578.3.peg.4914,0.0,3.322472499286137e-33
transcription_TU_398578.3.peg.4914,0.0,-0.02565889455545611
translation_g.1274.peg.4917,2.0981874909320517e-11,4.8110190706585344e-33
transcription_TU_g.1274.peg.4917,1.6428289030135615e-12,-7.927636912922752e-33
translation_398578.3.peg.4928,2.411212242097491e-09,-4.455953339300581e-33
transcription_TU_398578.3.peg.4928,1.8879195399541024e-10,4.478071503738542e-33
translation_g.1274.peg.4936,6.240597872503126e-11,1.753385132884189e-32
transcription_TU_g.1274.peg.4936,4.886233761921273e-12,-6.775737099440727e-33
translation_398578.3.peg.4937,2.0112285959240052e-10,4.987494340453534e-33
transcription_TU_398578.3.peg.4937,1.5747422393046476e-11,-3.3448910651148394e-32
translation_g.1274.peg.4939,6.6163056734869805e-12,-4.5886661149010285e-34
transcription_TU_g.1274.peg.4939,5.180403676293302e-13,3.776893504877229e-32
translation_398578.3.peg.4939,0.0,9.401835904687074e-33
transcription_TU_398578.3.peg.4939,0.0,-4.7921905194143626e-33
translation_398578.3.peg.4942,0.0,9.830041773155145e-33
transcription_TU_398578.3.peg.4942,0.0,-1.748778301883093e-33
translation_g.1274.peg.4948,2.445609726342751e-10,4.289334106258887e-33
transcription_TU_g.1274.peg.4948,1.914851919235405e-11,-1.5587729644711914e-32
translation_g.1274.peg.4950,0.0,2.514633946790428e-33
transcription_TU_g.1274.peg.4950,0.0,-4.450210725706347e-33
translation_g.1274.peg.4952,1.4888488233690233e-13,5.848314484975323e-35
transcription_TU_g.1274.peg.4952,1.1657317993835918e-14,1.2558241988665318e-32
translation_g.1274.peg.4953,0.0,3.63515326155028e-33
transcription_TU_g.1274.peg.4953,0.0,-0.022058896287133263
translation_398578.3.peg.4953,6.445852941179457e-11,2.533342960080797e-33
transcription_TU_398578.3.peg.4953,5.04694340334694e-12,2.6210019230792116e-33
translation_g.1274.peg.4954,0.0,-1.3594094753565799e-33
transcription_TU_g.1274.peg.4954,0.0,-7.315779459791295e-33
translation_g.1274.peg.4955,5.056790682787022e-10,-2.9864756333290175e-34
transcription_TU_g.1274.peg.4955,3.9593420159424793e-11,-2.3832355119752556e-32
translation_g.1274.peg.4956,0.0,-5.073537994674042e-33
transcription_TU_g.1274.peg.4956,0.0,3.7738452187516617e-33
translation_g.1274.peg.4959,0.0,-1.1840287801166503e-33
transcription_TU_g.1274.peg.4959,0.0,-0.020829118245248055
translation_g.1274.peg.4965,2.3555184560712212e-09,9.389767508925508e-33
transcription_TU_g.1274.peg.4965,1.8443126831800373e-10,3.8276357446905167e-32
translation_g.1274.peg.4967,0.0,-1.013421659678926e-33
transcription_TU_g.1274.peg.4967,0.0,-0.0257964054561807
translation_g.1274.peg.4970,8.743722671879947e-08,-2.0765781968913383e-33
transcription_TU_g.1274.peg.4970,6.846118560605088e-09,1.1550441170404643e-32
translation_g.1274.peg.4977,0.0,-5.368271524836034e-33
transcription_TU_g.1274.peg.4977,0.0,-0.031637320846397726
translation_g.1274.peg.4983,0.0,-9.549724686841634e-34
transcription_TU_g.1274.peg.4983,0.0,1.5388395197679397e-33
translation_398578.3.peg.4984,0.0,1.2020419103469571e-32
transcription_TU_398578.3.peg.4984,0.0,-4.504428959395846e-34
translation_g.1274.peg.4986,0.0,2.4928751332905164e-33
transcription_TU_g.1274.peg.4986,0.0,-0.019185916866883247
translation_g.1274.peg.4987,0.0,3.2706052039615277e-34
transcription_TU_g.1274.peg.4987,0.0,-0.018017072512784383
translation_g.1274.peg.4989,0.0,-1.1327173901449303e-32
transcription_TU_g.1274.peg.4989,0.0,-0.028445873219715968
translation_398578.3.peg.4991,0.0,-1.0056610813316369e-32
transcription_TU_398578.3.peg.4991,0.0,-3.419021363970666e-33
translation_398578.3.peg.4992,0.0,7.529272242431401e-33
transcription_TU_398578.3.peg.4992,0.0,6.973038256359309e-33
translation_g.1274.peg.4994,0.0,3.992306902346649e-34
transcription_TU_g.1274.peg.4994,0.0,2.316859919032273e-32
translation_g.1274.peg.5003,0.0,-4.083209268317488e-33
transcription_TU_g.1274.peg.5003,0.0,-2.6745333220293305e-32
translation_398578.3.peg.5005,0.0,-3.0810363447426803e-33
transcription_TU_398578.3.peg.5005,0.0,2.549197853123488e-32
translation_g.1274.peg.5007,0.0,-6.501307273700481e-33
transcription_TU_g.1274.peg.5007,0.0,-0.03753551651930949
translation_g.1274.peg.5014,1.0728681126923074e-06,1.7284707445790278e-33
transcription_TU_g.1274.peg.5014,8.400291929438502e-08,-7.396537714092001e-33
translation_g.1274.peg.5015,0.0,-1.604282431569248e-33
transcription_TU_g.1274.peg.5015,0.0,-0.013916102240737738
translation_g.1274.peg.5016,0.0,2.04016198270189e-33
transcription_TU_g.1274.peg.5016,0.0,1.456437931773363e-32
translation_g.1274.peg.5023,0.0,-1.6796457858314283e-33
transcription_TU_g.1274.peg.5023,0.0,-0.026116180156025442
translation_g.1274.peg.5026,0.0,3.3447395701865874e-33
transcription_TU_g.1274.peg.5026,0.0,2.1397963671989827e-32
translation_398578.3.peg.5033,0.0,5.4298768045769236e-33
transcription_TU_398578.3.peg.5033,0.0,-0.021609533269800564
translation_g.1274.peg.5040,-1.1701772518541589e-32,6.624296653436307e-33
transcription_TU_g.1274.peg.5040,0.0,-0.02126094665221653
translation_g.1274.peg.5043,0.0,-1.4951739706507567e-33
transcription_TU_g.1274.peg.5043,0.0,9.808404945820616e-33
translation_g.1274.peg.5044,0.0,-3.7830541219756084e-33
transcription_TU_g.1274.peg.5044,0.0,-0.02204185931654114
translation_g.1274.peg.5045,0.0,3.066923437096461e-33
transcription_TU_g.1274.peg.5045,0.0,-0.024566089547536113
translation_g.1274.peg.5052,0.0,2.271305007273262e-32
transcription_TU_g.1274.peg.5052,0.0,-0.05116652694380771
translation_g.1274.peg.5058,8.264519265267709e-20,-1.1023588450668188e-33
transcription_TU_g.1274.peg.5058,0.0,-0.00823638162510655
translation_g.1274.peg.5065,0.0,1.7366073922066625e-32
transcription_TU_g.1274.peg.5065,0.0,1.4153024992759872e-32
translation_g.1274.peg.5073,0.0,-4.141643399131064e-33
transcription_TU_g.1274.peg.5073,0.0,-2.2318146431549972e-32
translation_g.1274.peg.5076,1.003789438343077e-29,6.617973160912266e-33
transcription_TU_g.1274.peg.5076,7.859422997118419e-31,1.8784242556389473e-32
translation_g.1274.peg.5079,0.0,3.0144422127287568e-33
transcription_TU_g.1274.peg.5079,0.0,-0.009508139130420963
translation_g.1274.peg.5080,0.0,-6.501307273700481e-33
transcription_TU_g.1274.peg.5080,0.0,-0.03221669750049338
translation_g.1274.peg.5084,0.0,1.2058069960554016e-33
transcription_TU_g.1274.peg.5084,0.0,-0.026771815020380615
translation_398578.3.peg.5086,2.2581486234721206e-11,-3.4531389695165974e-33
transcription_TU_398578.3.peg.5086,1.7680745128703206e-12,1.4719503747369398e-32
translation_398578.3.peg.5087,0.0,2.436048145974345e-33
transcription_TU_398578.3.peg.5087,-3.5090124647344605e-45,8.546210154172431e-32
translation_g.1274.peg.5088,1.7381222223086134e-29,-4.286007889917187e-33
transcription_TU_g.1274.peg.5088,0.0,-0.02611500140853772
translation_398578.3.peg.5090,4.160398581668751e-11,-4.8191503736758846e-33
transcription_TU_398578.3.peg.5090,3.2574891746141817e-12,2.916116961345324e-32
translation_g.1274.peg.5095,0.0,-1.2448097523549188e-32
transcription_TU_g.1274.peg.5095,0.0,-0.025697883374269086
translation_g.1274.peg.5096,0.0,-3.953681152723898e-33
transcription_TU_g.1274.peg.5096,0.0,1.012669235428189e-32
translation_g.1274.peg.5112,0.0,-6.24760789964839e-33
transcription_TU_g.1274.peg.5112,0.0,-0.03250344567089019
translation_g.1274.peg.5118,5.066410858747475e-09,-7.83345047443039e-33
transcription_TU_g.1274.peg.5118,3.966874375747411e-10,8.66234582469868e-33
translation_398578.3.peg.5122,1.735884457732811e-42,-1.0074705472319993e-33
transcription_TU_398578.3.peg.5122,-1.5866571897433892e-43,1.4255971644797227e-32
translation_g.1274.peg.5127,0.0,-3.880869824670814e-33
transcription_TU_g.1274.peg.5127,0.0,-0.027570251228498883
translation_g.1274.peg.5131,1.0976698639098888e-11,1.376569558665277e-32
transcription_TU_g.1274.peg.5131,8.594483506319437e-13,-1.1768478047797627e-33
translation_g.1274.peg.5132,0.0,-4.856302558982002e-33
transcription_TU_g.1274.peg.5132,0.0,-0.05114193432311211
translation_g.1274.peg.5142,0.0,-2.2928544452860208e-33
transcription_TU_g.1274.peg.5142,0.0,1.1448156772240084e-33
translation_g.1274.peg.5145,2.3064866948783445e-10,4.7464496426624844e-33
transcription_TU_g.1274.peg.5145,1.8059220270535273e-11,1.2563343778276573e-32
translation_g.1274.peg.5154,0.0,3.5521875334843794e-33
transcription_TU_g.1274.peg.5154,0.0,-0.026168340379324
translation_g.1274.peg.5159,0.0,6.327353553079277e-33
transcription_TU_g.1274.peg.5159,0.0,-0.028120522695886642
translation_g.1274.peg.5161,2.5679375730334097e-09,1.0973808821200643e-32
transcription_TU_g.1274.peg.5161,2.0106315971980995e-10,-5.261052098058817e-32
translation_398578.3.peg.5164,2.0154059023571654e-09,-7.00939205731869e-33
transcription_TU_398578.3.peg.5164,1.578012966908734e-10,-1.3703446723801446e-33
translation_g.1274.peg.5167,0.0,7.307783348158977e-34
transcription_TU_g.1274.peg.5167,0.0,-0.005272030036127164
translation_g.1274.peg.5170,3.563847501977826e-11,1.4178288979760413e-33
transcription_TU_g.1274.peg.5170,2.79040443596442e-12,1.890523606721968e-33
translation_g.1274.peg.5173,0.0,-3.6732256993735806e-33
transcription_TU_g.1274.peg.5173,0.0,-0.03365994551405211
translation_g.1274.peg.5174,0.0,8.70600137231474e-33
transcription_TU_g.1274.peg.5174,0.0,-0.03446368748953418
translation_g.1274.peg.5175,0.0,-5.293194807964966e-33
transcription_TU_g.1274.peg.5175,0.0,-0.023290403404638425
translation_398578.3.peg.5181,2.948242874508598e-11,1.1062208324540657e-32
transcription_TU_398578.3.peg.5181,2.308401240727519e-12,-3.4699863631546683e-32
translation_g.1274.peg.5182,0.0,-3.810511197758697e-33
transcription_TU_g.1274.peg.5182,0.0,-0.01493732972148654
translation_g.1274.peg.5187,0.0,2.4196546946236302e-33
transcription_TU_g.1274.peg.5187,0.0,-0.032005020957382474
translation_g.1274.peg.5191,0.0,-3.883550261649938e-33
transcription_TU_g.1274.peg.5191,0.0,-0.03537564910911732
translation_g.1274.peg.5199,0.0,2.191919213181033e-33
transcription_TU_g.1274.peg.5199,0.0,-0.03154950275024362
translation_398578.3.peg.5200,0.0,2.191919213181033e-33
transcription_TU_398578.3.peg.5200,0.0,-4.608159456436919e-32
translation_398578.3.peg.5201,0.0,5.85279541367926e-33
transcription_TU_398578.3.peg.5201,0.0,-0.029760636899545386
translation_398578.3.peg.5202,6.427085823365581e-08,1.5996815552679793e-33
transcription_TU_398578.3.peg.5202,5.032249214336595e-09,-2.8998496651944604e-33
translation_g.1274.peg.5207,0.0,9.209132612670114e-34
transcription_TU_g.1274.peg.5207,0.0,-0.032157256396393594
translation_g.1274.peg.5214,0.0,3.9213621086179644e-33
transcription_TU_g.1274.peg.5214,0.0,1.9729712555185114e-32
translation_g.1274.peg.5215,0.0,-3.651694872560599e-33
transcription_TU_g.1274.peg.5215,0.0,1.0217590461468388e-31
translation_398578.3.peg.5217,0.0,4.992074443138323e-33
transcription_TU_398578.3.peg.5217,0.0,-0.032355142401969066
translation_g.1274.peg.5218,7.131878943938358e-10,1.9822584016631865e-34
transcription_TU_g.1274.peg.5218,5.584084793438127e-11,1.1420159067368841e-32
translation_398578.3.peg.5219,0.0,-3.033107649245496e-33
transcription_TU_398578.3.peg.5219,0.0,-2.164007577756712e-32
translation_398578.3.peg.5220,0.0,4.822773947282444e-33
transcription_TU_398578.3.peg.5220,0.0,-2.25104206195732e-33
translation_398578.3.peg.5221,0.0,3.066923437096461e-33
transcription_TU_398578.3.peg.5221,0.0,-0.024494779620981903
translation_g.1274.peg.5222,4.2528771968624607e-10,-1.2239400909148718e-33
transcription_TU_g.1274.peg.5222,3.329897642688409e-11,5.778344578685085e-33
translation_398578.3.peg.5224,0.0,-5.509352836408075e-34
transcription_TU_398578.3.peg.5224,0.0,1.3294562713739397e-32
translation_398578.3.peg.5225,0.0,-2.9908599233066553e-33
transcription_TU_398578.3.peg.5225,0.0,-3.09722954158991e-32
translation_398578.3.peg.5226,0.0,-1.7287513151947316e-33
transcription_TU_398578.3.peg.5226,0.0,-0.017858159388159222
translation_g.1274.peg.5227,-3.9290644759308815e-30,4.238119819263279e-33
transcription_TU_g.1274.peg.5227,-3.076360292280532e-31,5.892794323640241e-32
translation_g.1274.peg.5229,0.0,3.9873059256918874e-33
transcription_TU_g.1274.peg.5229,0.0,-2.582256773207549e-32
translation_g.1274.peg.5231,0.0,1.0290493220498425e-33
transcription_TU_g.1274.peg.5231,0.0,-0.016886762958917684
translation_g.1274.peg.5232,1.1785928839887906e-29,1.2874189048175982e-32
transcription_TU_g.1274.peg.5232,0.0,-0.044625256590915395
translation_398578.3.peg.5234,0.0,3.124154412399517e-33
transcription_TU_398578.3.peg.5234,0.0,-0.026878283351725256
translation_g.1274.peg.5236,0.0,-4.5793100283203665e-33
transcription_TU_g.1274.peg.5236,0.0,8.65007101465118e-33
translation_398578.3.peg.5237,-3.115772527990752e-43,-5.7552767439190204e-33
transcription_TU_398578.3.peg.5237,-2.103575096352564e-44,6.655354920718121e-33
translation_398578.3.peg.5240,0.0,-3.809817558640867e-34
transcription_TU_398578.3.peg.5240,0.0,1.4189497677938818e-32
translation_g.1274.peg.5248,0.0,4.505173841724712e-33
transcription_TU_g.1274.peg.5248,0.0,-0.03154404025044991
translation_g.1274.peg.5249,0.0,-1.9186805941273506e-33
transcription_TU_g.1274.peg.5249,0.0,-0.025535012779334447
translation_g.1274.peg.5250,0.0,-5.212088840255062e-33
transcription_TU_g.1274.peg.5250,0.0,-0.019410175203794375
translation_g.1274.peg.5254,0.0,-7.154439633239348e-33
transcription_TU_g.1274.peg.5254,0.0,-0.03549558396712562
translation_g.1274.peg.5256,1.3386246719230826e-09,-3.4531389695165974e-33
transcription_TU_g.1274.peg.5256,1.0481100048620506e-10,3.1255886518526047e-32
translation_g.1274.peg.5258,0.0,-4.114926966358636e-33
transcription_TU_g.1274.peg.5258,0.0,-0.020778430972097396
translation_g.1274.peg.5260,0.0,-3.300155388665561e-33
transcription_TU_g.1274.peg.5260,0.0,-0.015430818586393537
translation_g.1274.peg.5261,0.0,-4.798966904619269e-33
transcription_TU_g.1274.peg.5261,0.0,-6.218001231411124e-33
translation_g.1274.peg.5262,1.7425028740527157e-07,4.6462764915806164e-33
transcription_TU_g.1274.peg.5262,1.3643366464864246e-08,6.428265978775798e-33
translation_g.1274.peg.5274,0.0,-8.64296129473039e-33
transcription_TU_g.1274.peg.5274,0.0,5.8504482697321553e-33
translation_398578.3.peg.5275,0.0,9.111688782777886e-33
transcription_TU_398578.3.peg.5275,0.0,-2.113540909339427e-32
translation_g.1274.peg.5280,0.0,-2.560520983246515e-33
transcription_TU_g.1274.peg.5280,0.0,-0.028634380156238776
translation_g.1274.peg.5285,0.0,8.186977124928272e-34
transcription_TU_g.1274.peg.5285,0.0,-1.514843277776892e-32
translation_g.1274.peg.5286,2.742284387523139e-16,-4.853881172381978e-33
transcription_TU_g.1274.peg.5286,2.1471408401661035e-17,-1.4144047622631827e-32
translation_g.1274.peg.5289,0.0,5.3126010948258416e-33
transcription_TU_g.1274.peg.5289,0.0,-0.024883996924824032
translation_g.1274.peg.5294,0.0,-8.287611226952403e-34
transcription_TU_g.1274.peg.5294,0.0,-1.1953401823140416e-32
translation_g.1274.peg.5296,0.0,2.7814688413916377e-32
transcription_TU_g.1274.peg.5296,0.0,-0.04951330516213684
translation_398578.3.peg.5298,1.2316463580231775e-30,-2.5226635685304102e-33
transcription_TU_398578.3.peg.5298,9.643486313766183e-32,2.1419904632563965e-32
translation_g.1274.peg.5308,0.0,-2.9856222436231725e-33
transcription_TU_g.1274.peg.5308,0.0,-2.1661271947704345e-32
translation_398578.3.peg.5309,0.0,4.2066683820531876e-33
transcription_TU_398578.3.peg.5309,0.0,-1.2226524910226264e-32
translation_g.1274.peg.5319,0.0,-4.394029264598406e-33
transcription_TU_g.1274.peg.5319,0.0,-0.01744254815429877
translation_g.1274.peg.5326,0.0,-7.079503374226684e-33
transcription_TU_g.1274.peg.5326,0.0,-0.037997424070402824
translation_g.1274.peg.5327,1.0728697667687258e-06,-5.143052177365799e-34
transcription_TU_g.1274.peg.5327,8.400304880447692e-08,3.5627345573693454e-33
translation_g.1274.peg.5329,0.0,7.309615421366764e-33
transcription_TU_g.1274.peg.5329,0.0,7.62157620351611e-32
translation_g.1274.peg.5333,0.0,-2.9503825526464175e-33
transcription_TU_g.1274.peg.5333,0.0,-0.016225962733275888
translation_g.1274.peg.5341,0.0,-4.853881172381978e-33
transcription_TU_g.1274.peg.5341,0.0,-0.034456385841372054
translation_398578.3.peg.5354,0.0,-8.5059846841378e-34
transcription_TU_398578.3.peg.5354,0.0,-0.012741632891225542
translation_g.1274.peg.5357,0.0,-7.318169533320958e-33
transcription_TU_g.1274.peg.5357,0.0,-0.03138431341781896
translation_g.1274.peg.5360,0.0,-3.0191530823524195e-33
transcription_TU_g.1274.peg.5360,0.0,-0.02911663021027597
translation_g.1274.peg.5361,0.0,-5.373362693313985e-33
transcription_TU_g.1274.peg.5361,0.0,-0.01844496302696478
translation_g.1274.peg.5362,0.0,-9.857722988676211e-33
transcription_TU_g.1274.peg.5362,0.0,-0.0455882513742678
translation_g.1274.peg.5365,5.3560713866640334e-08,8.200256359318703e-33
transcription_TU_g.1274.peg.5365,4.1936714038395496e-09,-1.0156068677971503e-32
translation_398578.3.peg.5365,2.5024636516770207e-11,-3.820096673470646e-33
transcription_TU_398578.3.peg.5365,1.9593671363895318e-12,-4.0409052312361075e-33
translation_g.1274.peg.5368,0.0,6.268453346121465e-33
transcription_TU_g.1274.peg.5368,0.0,-2.502663845121757e-32
translation_g.1274.peg.5370,0.0,-5.183366412366357e-33
transcription_TU_g.1274.peg.5370,0.0,-0.017304573872636547
translation_g.1274.peg.5393,0.0,1.2457286201593456e-32
transcription_TU_g.1274.peg.5393,0.0,8.257019919392866e-33
translation_g.1274.peg.5397,0.0,-2.1427224604971263e-33
transcription_TU_g.1274.peg.5397,0.0,2.4324784116305617e-32
translation_g.1274.peg.5401,0.0,2.9999580122126594e-33
transcription_TU_g.1274.peg.5401,-3.9632865882942844e-64,-3.9816805490695583e-32
translation_g.1274.peg.5406,0.0,5.3126011392630324e-33
transcription_TU_g.1274.peg.5406,0.0,-0.032162120816345056
translation_g.1274.peg.5408,0.0,-4.418867212518183e-33
transcription_TU_g.1274.peg.5408,0.0,-0.023388176198197105
translation_g.1274.peg.5410,0.0,3.465621051303636e-33
transcription_TU_g.1274.peg.5410,0.0,-3.091088828833189e-32
translation_g.1274.peg.5415,0.0,-3.90616578486093e-33
transcription_TU_g.1274.peg.5415,0.0,-0.03514898120245758
translation_g.1274.peg.5429,0.0,-5.889181846943585e-33
transcription_TU_g.1274.peg.5429,0.0,-0.02594673869087221
translation_398578.3.peg.5431,4.7574118944003624e-11,-2.4359450256479926e-33
transcription_TU_398578.3.peg.5431,3.724935830300649e-12,-9.66437384112568e-33
translation_g.1274.peg.5434,0.0,1.1913849658194066e-33
transcription_TU_g.1274.peg.5434,0.0,-0.051392180737655564
translation_g.1274.peg.5437,0.0,6.251927375619e-33
transcription_TU_g.1274.peg.5437,0.0,2.1760398855955408e-33
translation_g.1274.peg.5439,0.0,1.0082208361534271e-33
transcription_TU_g.1274.peg.5439,0.0,6.663684948765105e-32
translation_g.1274.peg.5461,1.0728681126923074e-06,-8.712170556666614e-34
transcription_TU_g.1274.peg.5461,8.400291929438502e-08,1.744294508875893e-33
translation_g.1274.peg.5462,1.0728681126923074e-06,-2.3738255272369826e-33
transcription_TU_g.1274.peg.5462,8.400291929438502e-08,1.0009744479601099e-33
translation_398578.3.peg.5465,0.0,6.849959500546028e-33
transcription_TU_398578.3.peg.5465,0.0,4.615160465230804e-32
translation_g.1274.peg.5473,2.4811593462404516e-09,-1.263054105195723e-33
transcription_TU_g.1274.peg.5473,1.9426863922324513e-10,4.736540873915409e-32
translation_398578.3.peg.5473,1.8296153447866312e-11,-2.1427224604971263e-33
transcription_TU_398578.3.peg.5473,1.4325435561897264e-12,-1.965876800224368e-32
translation_g.1274.peg.5474,0.0,-6.470005847911367e-34
transcription_TU_g.1274.peg.5474,0.0,-0.016746826882781205
translation_398578.3.peg.5478,0.0,-1.22146602565101e-32
transcription_TU_398578.3.peg.5478,0.0,-0.027116325380344766
translation_398578.3.peg.5500,0.0,-8.256537540225183e-34
transcription_TU_398578.3.peg.5500,0.0,-0.016318825223908075
translation_398578.3.peg.5501,0.0,3.117599430271413e-33
transcription_TU_398578.3.peg.5501,0.0,-0.014587044729743584
translation_g.1274.peg.5502,0.0,-8.700695233341884e-33
transcription_TU_g.1274.peg.5502,0.0,-0.028645676673002836
translation_398578.3.peg.5502,0.0,4.314787111539734e-33
transcription_TU_398578.3.peg.5502,0.0,-0.013326375827190052
translation_398578.3.peg.5503,0.0,-1.2239400909148718e-33
transcription_TU_398578.3.peg.5503,0.0,2.0783030567043676e-32
translation_g.1274.peg.5504,0.0,2.8469760501317906e-34
transcription_TU_g.1274.peg.5504,0.0,-0.010678138309663271
translation_398578.3.peg.5506,0.0,-2.797599581832967e-33
transcription_TU_398578.3.peg.5506,0.0,-2.469486935386428e-32
translation_398578.3.peg.5508,0.0,-7.03574199351987e-33
transcription_TU_398578.3.peg.5508,0.0,-0.014322345733096237
translation_g.1274.peg.5510,0.0,-1.3145926160718843e-32
transcription_TU_g.1274.peg.5510,0.0,1.623430096587791e-32
translation_g.1274.peg.5527,0.0,-1.9254364008124498e-33
transcription_TU_g.1274.peg.5527,0.0,9.568518803666908e-33
translation_g.1274.peg.5528,9.450063666466818e-09,-5.371266685475437e-33
transcription_TU_g.1274.peg.5528,7.39916608677025e-10,-2.063396948542661e-33
translation_398578.3.peg.5532,0.0,1.2555405797411e-33
transcription_TU_398578.3.peg.5532,0.0,-0.00912546195489453
translation_g.1274.peg.5534,0.0,-2.181687631809359e-34
transcription_TU_g.1274.peg.5534,0.0,1.4916689575336513e-33
translation_g.1274.peg.5536,1.919525632127769e-11,-7.99531818420878e-34
transcription_TU_g.1274.peg.5536,1.5029410870875304e-12,-1.0874740709290812e-32
translation_398578.3.peg.5539,0.0,-9.287771720428153e-33
transcription_TU_398578.3.peg.5539,0.0,-0.03256175265532947
translation_398578.3.peg.5540,0.0,-1.6687044335964533e-33
transcription_TU_398578.3.peg.5540,0.0,1.4153024992759872e-32
translation_g.1274.peg.5544,0.0,7.399652466215078e-35
transcription_TU_g.1274.peg.5544,0.0,9.522963098046006e-33
translation_g.1274.peg.5546,0.0,2.550541940604732e-33
transcription_TU_g.1274.peg.5546,0.0,-0.027396121908141405
translation_398578.3.peg.5557,0.0,-1.892093987721958e-33
transcription_TU_398578.3.peg.5557,0.0,1.3109623172792193e-32
translation_g.1274.peg.5560,0.0,4.235721048079383e-33
transcription_TU_g.1274.peg.5560,0.0,1.707787227906647e-32
translation_g.1274.peg.5565,0.0,-3.9417994909648494e-33
transcription_TU_g.1274.peg.5565,0.0,-0.03149009604323108
translation_g.1274.peg.5568,0.0,3.657820799449182e-33
transcription_TU_g.1274.peg.5568,0.0,1.3278112727490246e-32
translation_g.1274.peg.5570,0.0,1.9822584016631865e-34
transcription_TU_g.1274.peg.5570,0.0,-0.024262227194400337
translation_g.1274.peg.5572,9.397189098009856e-10,-5.931987247961105e-33
transcription_TU_g.1274.peg.5572,7.357766607614609e-11,1.0959359067357923e-32
translation_g.1274.peg.5577,0.0,9.187733029076316e-33
transcription_TU_g.1274.peg.5577,0.0,-0.02739791184463921
translation_398578.3.peg.5580,0.0,-1.3145926160718843e-32
transcription_TU_398578.3.peg.5580,0.0,1.623430096587791e-32
translation_398578.3.peg.5581,0.0,-7.310961570326644e-33
transcription_TU_398578.3.peg.5581,0.0,-0.0320376642228357
translation_g.1274.peg.5583,6.527968291146112e-10,1.284036796282264e-33
transcription_TU_g.1274.peg.5583,5.111237691102115e-11,-1.4374519134815392e-33
translation_g.1274.peg.5585,0.0,-8.256537540225183e-34
transcription_TU_g.1274.peg.5585,0.0,-0.016318825223908075
translation_g.1274.peg.5586,1.0728681126923074e-06,1.95415643377336e-33
transcription_TU_g.1274.peg.5586,8.400291929438502e-08,-7.29110290368432e-33
translation_398578.3.peg.5589,0.0,9.111688782777886e-33
transcription_TU_398578.3.peg.5589,0.0,-0.03752546337329712
translation_g.1274.peg.5591,0.0,3.9699332358552945e-34
transcription_TU_g.1274.peg.5591,0.0,1.3456659101316422e-32
translation_g.1274.peg.5598,2.0944613783308812e-11,-1.0892079609149561e-33
transcription_TU_g.1274.peg.5598,1.639911449018844e-12,-5.620425221996241e-33
translation_398578.3.peg.5598,0.0,5.575412114079197e-33
transcription_TU_398578.3.peg.5598,0.0,-0.03154950275024362
translation_g.1274.peg.5612,0.0,3.347775728930612e-33
transcription_TU_g.1274.peg.5612,0.0,-0.024949395544807774
translation_g.1274.peg.5616,0.0,2.7748441296822235e-33
transcription_TU_g.1274.peg.5616,0.0,-0.03648619696909524
translation_398578.3.peg.5617,0.0,-9.001685922137315e-34
transcription_TU_398578.3.peg.5617,0.0,-0.021508190302634816
translation_g.1274.peg.5619,0.0,2.721126798500881e-32
transcription_TU_g.1274.peg.5619,0.0,-0.053560681094273914
translation_g.1274.peg.5628,1.1776672726552312e-11,-3.991975906916119e-33
transcription_TU_g.1274.peg.5628,9.22084342801861e-13,-1.641512127912859e-32
translation_g.1274.peg.5634,2.8744583397531692e-11,-1.541739598817125e-33
transcription_TU_g.1274.peg.5634,2.250629775205255e-12,5.334969686838848e-33
translation_g.1274.peg.5642,0.0,4.3976460275155594e-33
transcription_TU_g.1274.peg.5642,0.0,-1.2318341968140326e-32
translation_g.1274.peg.5651,0.0,-8.17686984209899e-34
transcription_TU_g.1274.peg.5651,0.0,-0.022624212434140853
translation_g.1274.peg.5652,2.3885469515753898e-29,9.222438798067272e-34
transcription_TU_g.1274.peg.5652,0.0,-0.017361222546734858
translation_g.1274.peg.5653,0.0,-1.3340839488715824e-33
transcription_TU_g.1274.peg.5653,0.0,-0.023158130350218784
translation_398578.3.peg.5653,7.131192037018337e-08,-3.6732256993735806e-33
transcription_TU_398578.3.peg.5653,5.5835469623116116e-09,5.783992282429817e-32
translation_g.1274.peg.5654,4.454807343982418e-14,-3.4439925696437765e-33
transcription_TU_g.1274.peg.5654,3.488003952783263e-15,4.46055457521876e-32
translation_398578.3.peg.5655,0.0,-1.2385956812314647e-32
transcription_TU_398578.3.peg.5655,0.0,-3.9816805490695583e-32
translation_398578.3.peg.5656,7.058778909622096e-10,3.2461864294704046e-33
transcription_TU_398578.3.peg.5656,5.5268492748273995e-11,-4.799819609140713e-33
translation_g.1274.peg.5658,0.0,-5.497618073970492e-33
transcription_TU_g.1274.peg.5658,0.0,-0.030878563170816227
translation_g.1274.peg.5662,0.0,-5.816140138750116e-33
transcription_TU_g.1274.peg.5662,0.0,1.7085643733804178e-32
translation_g.1274.peg.5663,0.0,-4.859838871615049e-34
transcription_TU_g.1274.peg.5663,0.0,-0.009417399398179305
translation_g.1274.peg.5664,0.0,-1.5315716795710992e-33
transcription_TU_g.1274.peg.5664,0.0,-0.02325564242942949
translation_398578.3.peg.5666,0.0,1.8576020400720267e-33
transcription_TU_398578.3.peg.5666,0.0,-0.03421827962297921
translation_398578.3.peg.5667,0.0,5.9642174040575796e-33
transcription_TU_398578.3.peg.5667,0.0,-1.8325194531098138e-32
translation_g.1274.peg.5670,0.0,-2.106196922354791e-33
transcription_TU_g.1274.peg.5670,0.0,-0.02699006361280665
translation_g.1274.peg.5671,0.0,1.2988901928954026e-33
transcription_TU_g.1274.peg.5671,0.0,-0.008799995012690574
translation_g.1274.peg.5672,0.0,-5.4561996071683686e-33
transcription_TU_g.1274.peg.5672,0.0,-1.965876800224368e-32
translation_g.1274.peg.5679,0.0,-4.118064947714576e-35
transcription_TU_g.1274.peg.5679,0.0,-0.03564383444053433
translation_g.1274.peg.5680,0.0,-1.7604818272088733e-33
transcription_TU_g.1274.peg.5680,0.0,-0.015921244658697663
translation_g.1274.peg.5681,0.0,-4.5243958702079054e-33
transcription_TU_g.1274.peg.5681,0.0,-0.01850697024385528
translation_g.1274.peg.5683,2.2403236381434748e-10,8.469529881566478e-33
transcription_TU_g.1274.peg.5683,1.7541179902905945e-11,-3.056633739880296e-32
translation_g.1274.peg.5685,0.0,9.982956529515576e-34
transcription_TU_g.1274.peg.5685,0.0,-0.0263585316613199
translation_g.1274.peg.5690,2.3451827764299653e-09,-1.4240205053108187e-32
transcription_TU_g.1274.peg.5690,1.836220101692288e-10,4.9009908857423e-32
translation_g.1274.peg.5700,0.0,5.140504241906938e-33
transcription_TU_g.1274.peg.5700,0.0,-0.026710375049802795
translation_398578.3.peg.5704,4.460822136224029e-11,4.4060774817996534e-33
transcription_TU_398578.3.peg.5704,3.4927133863218984e-12,-1.0916907155202751e-32
translation_g.1274.peg.5705,3.71969275874964e-13,1.7989903301757553e-33
transcription_TU_g.1274.peg.5705,2.912427416908117e-14,-1.8499525320684696e-33
translation_g.1274.peg.5706,0.0,2.010394577433578e-33
transcription_TU_g.1274.peg.5706,0.0,-0.022862715664199854
translation_g.1274.peg.5708,0.0,-5.4311598907623595e-34
transcription_TU_g.1274.peg.5708,0.0,-0.01467282888343683
translation_g.1274.peg.5712,1.6752979791483256e-09,4.196300080803132e-33
transcription_TU_g.1274.peg.5712,1.3117168762084707e-10,7.176452734353889e-34
translation_398578.3.peg.5715,0.0,4.007919546089125e-33
transcription_TU_398578.3.peg.5715,0.0,1.7887493724252145e-32
translation_g.1274.peg.5717,0.0,1.5621653189219866e-33
transcription_TU_g.1274.peg.5717,0.0,-0.01659122853637146
translation_g.1274.peg.5719,0.0,-5.5395063470161665e-34
transcription_TU_g.1274.peg.5719,0.0,-1.8237962884568046e-32
translation_g.1274.peg.5723,0.0,3.223475530091116e-34
transcription_TU_g.1274.peg.5723,0.0,-0.029033778923762167
translation_398578.3.peg.5725,0.0,-8.380408697919507e-34
transcription_TU_398578.3.peg.5725,0.0,7.44188485092169e-33
translation_398578.3.peg.5726,0.0,9.516575306750348e-33
transcription_TU_398578.3.peg.5726,0.0,-0.02569656036190885
translation_398578.3.peg.5728,0.0,-1.3340839488715824e-33
transcription_TU_398578.3.peg.5728,0.0,-0.02318554513172398
translation_g.1274.peg.5736,0.0,-3.3711975711768484e-33
transcription_TU_g.1274.peg.5736,0.0,-0.015680887869278595
translation_g.1274.peg.5737,0.0,3.65858017364571e-33
transcription_TU_g.1274.peg.5737,0.0,-0.03531915187340914
translation_g.1274.peg.5738,0.0,-2.582171568628227e-33
transcription_TU_g.1274.peg.5738,0.0,-0.030355893254102612
translation_g.1274.peg.5741,0.0,8.78808962998837e-33
transcription_TU_g.1274.peg.5741,0.0,-0.019027322193601023
translation_g.1274.peg.5747,0.0,-3.0746379604589864e-33
transcription_TU_g.1274.peg.5747,0.0,-0.016038535033029808
translation_398578.3.peg.5750,0.0,3.1381317994082055e-33
transcription_TU_398578.3.peg.5750,0.0,-0.028120522695886642
translation_g.1274.peg.5754,0.0,2.4928751332905164e-33
transcription_TU_g.1274.peg.5754,0.0,-1.1941741334154319e-32
translation_398578.3.peg.5755,0.0,-3.6584432100079656e-33
transcription_TU_398578.3.peg.5755,0.0,-0.02699006361280665
translation_g.1274.peg.5761,-5.9675391521031864e-30,3.4381639313331344e-33
transcription_TU_g.1274.peg.5761,0.0,-0.018061584585116745
translation_g.1274.peg.5763,1.8508733076243686e-29,-3.4028719119687703e-33
transcription_TU_g.1274.peg.5763,0.0,-0.008781894605431518
translation_398578.3.peg.5770,0.0,-7.195360522896081e-33
transcription_TU_398578.3.peg.5770,0.0,-0.020216370595587056
translation_g.1274.peg.5774,-3.536965449085678e-30,-3.371197621910545e-33
transcription_TU_g.1274.peg.5774,0.0,-0.0284895814466003
translation_398578.3.peg.5777,0.0,1.0879176834453499e-33
transcription_TU_398578.3.peg.5777,0.0,-0.023541252626152823
translation_g.1274.peg.5793,5.955395293476099e-13,-4.01224296730084e-33
transcription_TU_g.1274.peg.5793,4.662927197534372e-14,-6.892987247913438e-33
translation_g.1274.peg.5799,0.0,5.080015754552594e-33
transcription_TU_g.1274.peg.5799,0.0,4.3785330675274334e-32
translation_g.1274.peg.5801,1.1331011489459906e-10,-1.0145874489755683e-33
transcription_TU_g.1274.peg.5801,8.871901703595806e-12,4.3643589652503354e-32
translation_g.1274.peg.5807,2.8796516615962138e-09,-1.3770150421757236e-32
transcription_TU_g.1274.peg.5807,2.254696017742339e-10,3.4114542448963187e-32
translation_g.1274.peg.5812,2.2403236381434748e-10,1.77141563815657e-33
transcription_TU_g.1274.peg.5812,1.7541179902905945e-11,-1.9931698533128996e-32
translation_398578.3.peg.5812,0.0,1.0964597809422027e-32
transcription_TU_398578.3.peg.5812,0.0,-0.03915744144999649
translation_g.1274.peg.5814,7.43938551749928e-13,1.0943642962340347e-32
transcription_TU_g.1274.peg.5814,5.824854833816234e-14,-2.7146411598289543e-33
translation_g.1274.peg.5824,0.0,5.1324893320110036e-33
transcription_TU_g.1274.peg.5824,0.0,-0.01765974229494121
translation_398578.3.peg.5831,0.0,-1.604282431569248e-33
transcription_TU_398578.3.peg.5831,0.0,-0.013916102240737738
translation_g.1274.peg.5834,0.0,3.238605530619354e-33
transcription_TU_g.1274.peg.5834,0.0,-0.01961696961333495
translation_g.1274.peg.5836,0.0,-2.31941903889018e-33
transcription_TU_g.1274.peg.5836,0.0,-0.022259293414913613
translation_g.1274.peg.5837,0.0,-1.6139429486529228e-33
transcription_TU_g.1274.peg.5837,0.0,-0.021370964809124662
translation_g.1274.peg.5838,0.0,-5.8181464905026665e-34
transcription_TU_g.1274.peg.5838,0.0,-0.008788165876580715
translation_g.1274.peg.5848,0.0,1.5996815552679793e-33
transcription_TU_g.1274.peg.5848,0.0,6.301033530683098e-33
translation_g.1274.peg.5851,1.2628378876138527e-12,1.3061808293487951e-35
transcription_TU_g.1274.peg.5851,9.887708274683514e-14,-1.396223912871407e-32
translation_g.1274.peg.5854,0.0,-3.14628843008363e-33
transcription_TU_g.1274.peg.5854,0.0,-0.019436302830187373
translation_g.1274.peg.5856,0.0,-1.0692091009802202e-32
transcription_TU_g.1274.peg.5856,0.0,6.591081305295791e-33
translation_g.1274.peg.5866,0.0,-1.2205319843094523e-32
transcription_TU_g.1274.peg.5866,0.0,-0.05794125859767562
translation_g.1274.peg.5878,0.0,-1.7786855530976893e-33
transcription_TU_g.1274.peg.5878,0.0,2.7699290307108078e-33
translation_398578.3.peg.5880,0.0,1.0992133112596146e-32
transcription_TU_398578.3.peg.5880,0.0,-0.042367756052418465
translation_g.1274.peg.5883,0.0,-6.830792501001436e-33
transcription_TU_g.1274.peg.5883,0.0,-0.015989473026091616
translation_g.1274.peg.5884,0.0,-4.2498247965188414e-33
transcription_TU_g.1274.peg.5884,0.0,-0.0180651757452212
translation_398578.3.peg.5884,4.389561874431488e-10,1.4886581220556833e-33
transcription_TU_398578.3.peg.5884,3.436918364087209e-11,2.9620631751583034e-33
translation_g.1274.peg.5894,0.0,4.450999512448961e-33
transcription_TU_g.1274.peg.5894,0.0,-0.027975946393528562
translation_g.1274.peg.5898,0.0,2.229536687760192e-33
transcription_TU_g.1274.peg.5898,0.0,3.0091922856164016e-35
translation_g.1274.peg.5899,0.0,-1.2729347307887459e-33
transcription_TU_g.1274.peg.5899,0.0,1.7434287272209713e-32
translation_g.1274.peg.5907,0.0,-6.84136023208622e-33
transcription_TU_g.1274.peg.5907,0.0,-0.047687336459012464
translation_g.1274.peg.5909,0.0,-1.1588324035413564e-32
transcription_TU_g.1274.peg.5909,0.0,3.453282760116052e-32
translation_g.1274.peg.5911,0.0,3.3557925763313404e-33
transcription_TU_g.1274.peg.5911,0.0,-0.01650446589240256
translation_g.1274.peg.5915,2.9776976467380497e-13,-4.196288782372405e-33
transcription_TU_g.1274.peg.5915,2.331463598767186e-14,2.401489120245985e-33
translation_g.1274.peg.5917,-3.2251943930404465e-30,-3.418585443504143e-33
transcription_TU_g.1274.peg.5917,-2.5252474288529895e-31,-6.576802932097736e-33
translation_g.1274.peg.5924,0.0,4.6975276931426635e-33
transcription_TU_g.1274.peg.5924,0.0,-0.03311336057193587
translation_g.1274.peg.5929,-1.2322991981719025e-62,4.919760447845808e-33
transcription_TU_g.1274.peg.5929,-3.912665830754795e-64,1.2304303767112715e-32
translation_g.1274.peg.5937,0.0,1.9603487537580492e-33
transcription_TU_g.1274.peg.5937,0.0,-0.02234660859278135
translation_g.1274.peg.5942,0.0,4.564208877692315e-33
transcription_TU_g.1274.peg.5942,0.0,-4.2698114206763656e-33
translation_398578.3.peg.5950,-2.1382314116710679e-32,6.617973160912266e-33
transcription_TU_398578.3.peg.5950,0.0,-0.020343028711421157
translation_g.1274.peg.5951,0.0,9.650881943364512e-34
transcription_TU_g.1274.peg.5951,0.0,-1.5911383622466175e-32
translation_g.1274.peg.5960,0.0,-9.599326959096752e-33
transcription_TU_g.1274.peg.5960,0.0,-0.034636148340403246
translation_g.1274.peg.5961,0.0,-7.779924737980597e-33
transcription_TU_g.1274.peg.5961,0.0,3.3641287653556444e-32
translation_g.1274.peg.5963,-2.0854580688819478e-29,-1.0868048560310671e-32
transcription_TU_g.1274.peg.5963,-1.632862080433145e-30,-8.242130214087211e-33
translation_g.1274.peg.5969,0.0,-5.3168912318725594e-33
transcription_TU_g.1274.peg.5969,0.0,-0.028800808161985426
translation_g.1274.peg.5970,0.0008419540011320635,5.165640607952242e-34
transcription_TU_g.1274.peg.5970,6.592291556619809e-05,-4.3604746248532784e-33
translation_g.1274.peg.5976,0.0,1.3077010352165994e-33
transcription_TU_g.1274.peg.5976,0.0,-4.7427747865304427e-32
translation_g.1274.peg.5980,0.0,6.6811444293749154e-34
transcription_TU_g.1274.peg.5980,0.0,-0.020898871454359518
translation_398578.3.peg.5981,0.0,-9.777701349634374e-34
transcription_TU_398578.3.peg.5981,0.0,-0.02823326620836072
translation_g.1274.peg.5984,2.9776976467380467e-13,1.9280232780751935e-33
transcription_TU_g.1274.peg.5984,2.3314635987671835e-14,2.4688710992908416e-32
translation_g.1274.peg.5996,-3.088519644215713e-30,-2.0181804104355315e-33
transcription_TU_g.1274.peg.5996,0.0,-0.0340928013621867
translation_g.1274.peg.6004,0.0,2.2062162420483068e-33
transcription_TU_g.1274.peg.6004,0.0,-0.022753989967186656
translation_g.1274.peg.6010,0.0,-3.423684570569424e-33
transcription_TU_g.1274.peg.6010,0.0,5.2331882306324545e-33
translation_398578.3.peg.6020,0.0,8.611018908079609e-34
transcription_TU_398578.3.peg.6020,0.0,-0.03370748234224116
translation_398578.3.peg.6025,0.0,9.571026557032951e-33
transcription_TU_398578.3.peg.6025,0.0,-1.7653738750013253e-32
translation_g.1274.peg.6029,0.0,4.388053881208194e-34
transcription_TU_g.1274.peg.6029,0.0,-2.9405174868509976e-32
translation_g.1274.peg.6042,-6.449016045098322e-30,-3.161818666562664e-33
transcription_TU_g.1274.peg.6042,0.0,-0.011155587771574407
translation_g.1274.peg.6045,0.0,-4.1938230583912324e-33
transcription_TU_g.1274.peg.6045,0.0,1.0777743184926122e-32
translation_g.1274.peg.6048,0.0,-9.208778003102814e-34
transcription_TU_g.1274.peg.6048,0.0,3.1316042775992156e-33
translation_g.1274.peg.6050,0.0,1.2049428297220754e-33
transcription_TU_g.1274.peg.6050,0.0,-0.017422057091442532
translation_g.1274.peg.6055,2.3359717930987795e-30,1.519443874256931e-32
transcription_TU_g.1274.peg.6055,1.8290081295973775e-31,-2.032472409782962e-32
translation_g.1274.peg.6061,-3.70527166423524e-42,1.0088106224254268e-32
transcription_TU_g.1274.peg.6061,4.123504096354101e-43,-3.797300273093663e-32
translation_g.1274.peg.6067,-1.8352172487451258e-28,-6.306109398069709e-33
transcription_TU_g.1274.peg.6067,-1.436929708416172e-29,2.092343596589329e-32
translation_g.1274.peg.6068,0.0,-1.5126349699284021e-33
transcription_TU_g.1274.peg.6068,0.0,-0.020054126024803616
translation_g.1274.peg.6077,0.0,3.0961735676579855e-33
transcription_TU_g.1274.peg.6077,0.0,-0.01704256019400556
translation_g.1274.peg.6083,0.0,1.454703780243075e-32
transcription_TU_g.1274.peg.6083,0.0,-0.03668784132159037
translation_g.1274.peg.6084,0.0,8.652475600770741e-33
transcription_TU_g.1274.peg.6084,0.0,-0.028284710631618564
translation_g.1274.peg.6094,0.0,1.7317071063278895e-33
transcription_TU_g.1274.peg.6094,0.0,-0.02155139520749083
translation_g.1274.peg.6099,0.0,-5.127909762570334e-34
transcription_TU_g.1274.peg.6099,0.0,-0.010001505757796366
translation_g.1274.peg.6102,3.5460115963336184e-11,3.418142785554503e-33
transcription_TU_g.1274.peg.6102,2.7764393630477425e-12,1.619715207232567e-32
translation_g.1274.peg.6111,0.0,-1.2762735678188654e-33
transcription_TU_g.1274.peg.6111,0.0,-0.05579837967628536
translation_g.1274.peg.6118,0.0,2.2890532330505923e-33
transcription_TU_g.1274.peg.6118,0.0,-6.175818429388679e-33
translation_g.1274.peg.6121,9.509890499744946e-09,5.601508772282927e-33
transcription_TU_g.1274.peg.6121,7.44600901730427e-10,1.638537536616701e-32
translation_g.1274.peg.6127,0.0,1.584939265938151e-33
transcription_TU_g.1274.peg.6127,0.0,-1.4051996081169645e-32
transcription_TU_DACI_RS01570,3.108281204255342e-07,-6.278856080851197e-36
transcription_TU_DACI_RS02525,0.0,-1.1733885989665024e-33
transcription_TU_DACI_RS02530,2.3656040663745038e-07,-4.0099203073389426e-33
transcription_TU_DACI_RS02535,0.0,-3.540952266216674e-33
transcription_TU_DACI_RS02540,0.0,5.4074807023614286e-34
transcription_TU_DACI_RS02550,1.905331725897385e-07,-1.1343795787915014e-33
transcription_TU_DACI_RS02620,1.7703292737351812e-07,-9.506974348486395e-34
transcription_TU_DACI_RS03330,1.072861496386634e-06,-3.021756842412995e-32
transcription_TU_DACI_RS03335,0.0,3.064105627686962e-33
transcription_TU_DACI_RS03340,8.146988186263352e-07,2.0703093357611755e-33
transcription_TU_DACI_RS03345,0.0,-1.5699432473810988e-31
transcription_TU_DACI_RS03350,1.072861496386634e-06,-2.550104115145661e-33
transcription_TU_DACI_RS03355,0.0,-5.47089060582256e-32
transcription_TU_DACI_RS03360,0.0,3.064105627686962e-33
transcription_TU_DACI_RS03365,0.0,2.0703093357611755e-33
transcription_TU_DACI_RS03370,1.072861496386634e-06,-1.1535219044148228e-31
transcription_TU_DACI_RS03375,0.0,-2.550104115145661e-33
transcription_TU_DACI_RS05320,0.0,-1.0494314812626028e-33
transcription_TU_DACI_RS07670,0.0,-1.0494314812626028e-33
transcription_TU_DACI_RS08335,0.0,-2.2436812724548083e-33
transcription_TU_DACI_RS09505,0.0,-7.807756447064495e-34
transcription_TU_DACI_RS09920,3.487139755248122e-07,1.646830735720389e-33
transcription_TU_DACI_RS10110,0.0,-2.4285381556468203e-33
transcription_TU_DACI_RS10115,0.0,-2.4285381556468203e-33
transcription_TU_DACI_RS10535,0.0,3.1739427201237733e-34
transcription_TU_DACI_RS11070,0.0,1.4193005082006705e-33
transcription_TU_DACI_RS12560,4.981152522387202e-07,-1.589270819613617e-33
transcription_TU_DACI_RS12565,0.0,-5.47089060582256e-32
transcription_TU_DACI_RS12570,0.0,3.064105627686962e-33
transcription_TU_DACI_RS12575,0.0,2.0703093357611755e-33
transcription_TU_DACI_RS12580,0.0,-1.5699432473810988e-31
transcription_TU_DACI_RS12585,0.0,-2.550104115145661e-33
transcription_TU_DACI_RS12885,0.0,1.5931414251616137e-33
transcription_TU_DACI_RS13260,6.183872194971556e-07,-5.179534599496934e-34
transcription_TU_DACI_RS13265,0.0,-5.179534599496934e-34
transcription_TU_DACI_RS13270,0.0,-5.179534599496934e-34
transcription_TU_DACI_RS13275,2.617823977023413e-08,4.3312457179904475e-34
transcription_TU_DACI_RS13285,0.0,-5.179534599496934e-34
transcription_TU_DACI_RS13290,8.3064378466103e-07,5.961484664449318e-33
transcription_TU_DACI_RS14320,7.746153864653506e-07,-1.3961243445433815e-33
transcription_TU_DACI_RS14365,0.0,1.3411035686196136e-33
transcription_TU_DACI_RS14440,0.0,-1.1460805349303067e-34
transcription_TU_DACI_RS14450,2.490473428655908e-07,9.788037293634733e-34
transcription_TU_DACI_RS14455,0.0,-9.032204055441576e-34
transcription_TU_DACI_RS14555,5.927050088087821e-07,-3.496484267853422e-33
transcription_TU_DACI_RS14785,0.0,-2.143011858782862e-33
transcription_TU_DACI_RS14865,0.0,-2.143011858782862e-33
transcription_TU_DACI_RS16425,0.0,1.209843376642813e-34
transcription_TU_DACI_RS17105,0.0,-1.9476715924677875e-33
transcription_TU_DACI_RS17570,0.0,-2.843343078769574e-33
transcription_TU_DACI_RS20015,0.0,-8.938091635389418e-34
transcription_TU_DACI_RS20020,0.0,-8.938091635389418e-34
transcription_TU_DACI_RS20025,0.0,-8.938091635389418e-34
transcription_TU_DACI_RS20030,0.0,-8.938091635389418e-34
transcription_TU_DACI_RS20860,0.0,-3.540952266216674e-33
transcription_TU_DACI_RS23175,0.0,1.223769007938863e-34
transcription_TU_DACI_RS23190,0.0,1.223769007938863e-34
transcription_TU_DACI_RS23465,4.4064592892276814e-07,-9.204632546457735e-34
transcription_TU_DACI_RS23995,4.5488242858549466e-07,-2.1554028523682815e-34
transcription_TU_DACI_RS24000,7.064884591296081e-07,-2.321355302654595e-33
transcription_TU_DACI_RS24005,0.0,2.0703093357611755e-33
transcription_TU_DACI_RS24035,0.0,-1.6941964063796088e-33
transcription_TU_DACI_RS24040,0.0,-2.321355302654595e-33
transcription_TU_DACI_RS24045,0.0,2.0703093357611755e-33
transcription_TU_DACI_RS24050,0.0,-1.6941964063796088e-33
transcription_TU_DACI_RS24055,0.0,-2.321355302654595e-33
transcription_TU_DACI_RS24060,0.0,-1.6941964063796088e-33
transcription_TU_DACI_RS24065,0.0,-1.0575066862209712e-33
transcription_TU_DACI_RS24070,0.0,2.0703093357611755e-33
transcription_TU_DACI_RS24525,1.8459342032112512e-07,1.9435330999143173e-33
transcription_TU_DACI_RS24530,0.0,-1.3271853772417702e-33
transcription_TU_DACI_RS24535,0.0,-1.3271853772417702e-33
transcription_TU_DACI_RS25015,0.0,2.2983775401414406e-33
transcription_TU_DACI_RS25020,0.0,2.2983775401414406e-33
transcription_TU_DACI_RS25025,0.0,2.2983775401414406e-33
transcription_TU_DACI_RS25030,0.0,2.2983775401414406e-33
transcription_TU_DACI_RS26185,0.0,4.9356086359637514e-33
transcription_TU_DACI_RS26955,3.8198808449799654e-07,-1.8005422300816477e-34
transcription_TU_DACI_RS26960,0.0,-1.8005422300816477e-34
transcription_TU_DACI_RS26965,0.0,-1.8005422300816477e-34
transcription_TU_DACI_RS27405,0.0,-2.4285381556468203e-33
transcription_TU_DACI_RS27410,4.4684178025037764e-07,1.2471794047999256e-33
transcription_TU_DACI_RS27485,0.0,-3.0678549610492303e-33
transcription_TU_DACI_RS27765,0.0,-9.204632546457735e-34
transcription_TU_DACI_RS27825,4.1715747583041004e-07,1.209843376642813e-34
transcription_TU_DACI_RS30275,0.0,-2.550104115145661e-33
transcription_TU_DACI_RS30280,0.0,-1.5699432473810988e-31
transcription_TU_DACI_RS30285,0.0,2.0703093357611755e-33
transcription_TU_DACI_RS30290,0.0,3.064105627686962e-33
transcription_TU_DACI_RS30295,0.0,-5.47089060582256e-32
transcription_TU_DACI_RS30300,0.0,-2.550104115145661e-33
transcription_TU_DACI_RS30305,0.0,-1.5699432473810988e-31
transcription_TU_DACI_RS30310,0.0,2.0703093357611755e-33
transcription_TU_DACI_RS30315,0.0,3.064105627686962e-33
transcription_TU_DACI_RS30320,0.0,-5.47089060582256e-32
charging_tRNA_DACI_RS01570_AUG,0.004691233540713966,-5.676587478250373e-38
charging_tRNA_DACI_RS01570_START,0.001614372751002413,9.800979555463604e-39
charging_tRNA_DACI_RS02525_CGU,0.0,-5.319128535284748e-06
charging_tRNA_DACI_RS02525_CGC,0.0,-5.319128535284748e-06
charging_tRNA_DACI_RS02525_CGA,0.0,-5.319128535284748e-06
charging_tRNA_DACI_RS02525_CGG,0.0,-5.319128535284748e-06
charging_tRNA_DACI_RS02525_AGA,0.0,-5.319128535284748e-06
charging_tRNA_DACI_RS02525_AGG,0.0,-5.319128535284748e-06
charging_tRNA_DACI_RS02530_UAU,0.0012165545828019043,1.642292339834958e-38
charging_tRNA_DACI_RS02530_UAC,0.0035824217338259598,6.542834037077218e-38
charging_tRNA_DACI_RS02535_GGU,0.0,-8.510141545392587e-06
charging_tRNA_DACI_RS02535_GGC,0.0,-8.510141545392587e-06
charging_tRNA_DACI_RS02535_GGA,0.0,-8.510141545392587e-06
charging_tRNA_DACI_RS02535_GGG,0.0,-8.510141545392587e-06
charging_tRNA_DACI_RS02540_ACU,0.0,-5.964067578371607e-06
charging_tRNA_DACI_RS02540_ACC,0.0,-5.964067578371607e-06
charging_tRNA_DACI_RS02540_ACA,0.0,-5.964067578371607e-06
charging_tRNA_DACI_RS02540_ACG,0.0,-5.964067578371607e-06
charging_tRNA_DACI_RS02550_UGG,0.0038652460730314343,3.390892122024495e-34
charging_tRNA_DACI_RS02620_UUU,0.0004986411342493398,-1.9134892454773282e-37
charging_tRNA_DACI_RS02620_UUC,0.003092732577881893,-6.863812188238217e-35
charging_tRNA_DACI_RS03335_AUU,0.0,-1.1848478086305834e-05
charging_tRNA_DACI_RS03335_AUC,0.0,-1.1848478086305834e-05
charging_tRNA_DACI_RS03335_AUA,0.0,-1.1848478086305834e-05
charging_tRNA_DACI_RS03340_GCU,0.0007400567945024035,6.231675447316216e-39
charging_tRNA_DACI_RS03340_GCC,0.011291568115716494,3.4411911801556437e-38
charging_tRNA_DACI_RS03340_GCA,0.0018104142647209671,5.307749946946264e-38
charging_tRNA_DACI_RS03340_GCG,0.0026853264622205084,1.0854757787899805e-37
charging_tRNA_DACI_RS03360_AUU,0.0,-1.1848478086305834e-05
charging_tRNA_DACI_RS03360_AUC,0.0,-1.1848478086305834e-05
charging_tRNA_DACI_RS03360_AUA,0.0,-1.1848478086305834e-05
charging_tRNA_DACI_RS03365_GCU,0.0,6.231675447316216e-39
charging_tRNA_DACI_RS03365_GCC,0.0,3.4411911801556437e-38
charging_tRNA_DACI_RS03365_GCA,0.0,5.307749946946264e-38
charging_tRNA_DACI_RS03365_GCG,0.0,1.0854757787899805e-37
charging_tRNA_DACI_RS05320_AUG,0.0,1.1700857581788165e-38
charging_tRNA_DACI_RS05320_START,0.0,9.800979555463604e-39
charging_tRNA_DACI_RS07670_AUG,0.0,-6.290076289994979e-07
charging_tRNA_DACI_RS07670_START,0.0,-6.290076289994979e-07
charging_tRNA_DACI_RS08335_CGU,0.0,-1.0686710412326223e-05
charging_tRNA_DACI_RS08335_CGC,0.0,-1.0686710412326223e-05
charging_tRNA_DACI_RS08335_CGA,0.0,-1.0686710412326223e-05
charging_tRNA_DACI_RS08335_CGG,0.0,-1.0686710412326223e-05
charging_tRNA_DACI_RS08335_AGA,0.0,-1.0686710412326223e-05
charging_tRNA_DACI_RS08335_AGG,0.0,-1.0686710412326223e-05
charging_tRNA_DACI_RS09505_UCU,0.0,-1.5071353924588626e-05
charging_tRNA_DACI_RS09505_UCC,0.0,-1.5071353924588626e-05
charging_tRNA_DACI_RS09505_UCA,0.0,-1.5071353924588626e-05
charging_tRNA_DACI_RS09505_UCG,0.0,-1.5071353924588626e-05
charging_tRNA_DACI_RS09505_AGU,0.0,-1.5071353924588626e-05
charging_tRNA_DACI_RS09505_AGC,0.0,-1.5071353924588626e-05
charging_tRNA_DACI_RS09920_CAA,0.0014415667568336067,-6.738124867007547e-34
charging_tRNA_DACI_RS09920_CAG,0.005632609913759721,-3.1037315930226447e-34
charging_tRNA_DACI_RS10110_CGU,0.0,-9.185536089348673e-07
charging_tRNA_DACI_RS10110_CGC,0.0,-9.185536089348673e-07
charging_tRNA_DACI_RS10110_CGA,0.0,-9.185536089348673e-07
charging_tRNA_DACI_RS10110_CGG,0.0,-9.185536089348673e-07
charging_tRNA_DACI_RS10110_AGA,0.0,-9.185536089348673e-07
charging_tRNA_DACI_RS10110_AGG,0.0,-9.185536089348673e-07
charging_tRNA_DACI_RS10115_CGU,0.0,-9.185536089348673e-07
charging_tRNA_DACI_RS10115_CGC,0.0,-9.185536089348673e-07
charging_tRNA_DACI_RS10115_CGA,0.0,-9.185536089348673e-07
charging_tRNA_DACI_RS10115_CGG,0.0,-9.185536089348673e-07
charging_tRNA_DACI_RS10115_AGA,0.0,-9.185536089348673e-07
charging_tRNA_DACI_RS10115_AGG,0.0,-9.185536089348673e-07
charging_tRNA_DACI_RS10535_UCU,0.0,-2.5758064336914793e-05
charging_tRNA_DACI_RS10535_UCC,0.0,-2.5758064336914793e-05
charging_tRNA_DACI_RS10535_UCA,0.0,-2.5758064336914793e-05
charging_tRNA_DACI_RS10535_UCG,0.0,-2.5758064336914793e-05
charging_tRNA_DACI_RS10535_AGU,0.0,-2.5758064336914793e-05
charging_tRNA_DACI_RS10535_AGC,0.0,-2.5758064336914793e-05
charging_tRNA_DACI_RS11070_UUA,0.0,-3.098094528818027e-05
charging_tRNA_DACI_RS11070_UUG,0.0,-3.098094528818027e-05
charging_tRNA_DACI_RS11070_CUU,0.0,-3.098094528818027e-05
charging_tRNA_DACI_RS11070_CUC,0.0,-3.098094528818027e-05
charging_tRNA_DACI_RS11070_CUA,0.0,-3.098094528818027e-05
charging_tRNA_DACI_RS11070_CUG,0.0,-3.098094528818027e-05
charging_tRNA_DACI_RS12560_UCU,3.708189187518474e-05,-7.100090195481706e-38
charging_tRNA_DACI_RS12560_UCC,0.002894875984847891,-2.0966069063866332e-39
charging_tRNA_DACI_RS12560_UCA,2.7808253182191273e-06,-2.0312538810277531e-38
charging_tRNA_DACI_RS12560_UCG,0.004086033319772604,-2.785745907267538e-38
charging_tRNA_DACI_RS12560_AGU,6.80233294640397e-06,-4.473753400786625e-38
charging_tRNA_DACI_RS12560_AGC,0.0030774272912180013,1.4761656076273325e-38
charging_tRNA_DACI_RS12570_AUU,0.0,-1.1848478086305834e-05
charging_tRNA_DACI_RS12570_AUC,0.0,-1.1848478086305834e-05
charging_tRNA_DACI_RS12570_AUA,0.0,-1.1848478086305834e-05
charging_tRNA_DACI_RS12575_GCU,0.0,6.231675447316216e-39
charging_tRNA_DACI_RS12575_GCC,0.0,3.4411911801556437e-38
charging_tRNA_DACI_RS12575_GCA,0.0,5.307749946946264e-38
charging_tRNA_DACI_RS12575_GCG,0.0,1.0854757787899805e-37
charging_tRNA_DACI_RS12885_UUA,0.0,-2.1324967482895604e-05
charging_tRNA_DACI_RS12885_UUG,0.0,-2.1324967482895604e-05
charging_tRNA_DACI_RS12885_CUU,0.0,-2.1324967482895604e-05
charging_tRNA_DACI_RS12885_CUC,0.0,-2.1324967482895604e-05
charging_tRNA_DACI_RS12885_CUA,0.0,-2.1324967482895604e-05
charging_tRNA_DACI_RS12885_CUG,0.0,-2.1324967482895604e-05
charging_tRNA_DACI_RS13260_GGU,0.0012892880016516827,2.245313700702525e-38
charging_tRNA_DACI_RS13260_GGC,0.010536324201324818,-1.0709318421575285e-37
charging_tRNA_DACI_RS13260_GGA,0.0002447866196955561,-9.377724120458577e-38
charging_tRNA_DACI_RS13260_GGG,0.0004744968471276378,5.645855934715085e-38
charging_tRNA_DACI_RS13265_GGU,0.0,2.245313700702525e-38
charging_tRNA_DACI_RS13265_GGC,0.0,-1.0709318421575285e-37
charging_tRNA_DACI_RS13265_GGA,0.0,-9.377724120458577e-38
charging_tRNA_DACI_RS13265_GGG,0.0,5.645855934715085e-38
charging_tRNA_DACI_RS13270_GGU,0.0,2.245313700702525e-38
charging_tRNA_DACI_RS13270_GGC,0.0,-1.0709318421575285e-37
charging_tRNA_DACI_RS13270_GGA,0.0,-9.377724120458577e-38
charging_tRNA_DACI_RS13270_GGG,0.0,5.645855934715085e-38
charging_tRNA_DACI_RS13275_UGU,2.6861524601799125e-06,-8.000034528455587e-38
charging_tRNA_DACI_RS13275_UGC,0.0005283780034317075,-2.3667941436004416e-37
charging_tRNA_DACI_RS13285_GGU,0.0,2.245313700702525e-38
charging_tRNA_DACI_RS13285_GGC,0.0,-1.0709318421575285e-37
charging_tRNA_DACI_RS13285_GGA,0.0,-9.377724120458577e-38
charging_tRNA_DACI_RS13285_GGG,0.0,5.645855934715085e-38
charging_tRNA_DACI_RS13290_UUA,8.689971684531916e-09,2.3554688278557575e-38
charging_tRNA_DACI_RS13290_UUG,0.00026557830412215084,-9.108146990010672e-38
charging_tRNA_DACI_RS13290_CUU,0.0007228284416805695,-5.795306804565802e-38
charging_tRNA_DACI_RS13290_CUC,0.0027165888807774,4.960575536250511e-38
charging_tRNA_DACI_RS13290_CUA,1.253739911194201e-06,1.569389714834518e-38
charging_tRNA_DACI_RS13290_CUG,0.013144574704624028,-5.768556908834103e-38
charging_tRNA_DACI_RS14320_GUU,0.0009762403694842881,-3.659189411733909e-38
charging_tRNA_DACI_RS14320_GUC,0.006811107252481438,-2.473281850673797e-38
charging_tRNA_DACI_RS14320_GUA,1.1299011265062777e-05,2.4394601540525485e-38
charging_tRNA_DACI_RS14320_GUG,0.00791556753719013,-7.871207597064806e-38
charging_tRNA_DACI_RS14365_GUU,0.0,-1.7640569850597798e-37
charging_tRNA_DACI_RS14365_GUC,0.0,-1.7707210362493156e-37
charging_tRNA_DACI_RS14365_GUA,0.0,-1.3205678871520372e-37
charging_tRNA_DACI_RS14365_GUG,0.0,-2.1799980487723266e-37
charging_tRNA_DACI_RS14440_GUU,0.0,-4.142891774589635e-06
charging_tRNA_DACI_RS14440_GUC,0.0,-4.142891774589635e-06
charging_tRNA_DACI_RS14440_GUA,0.0,-4.142891774589635e-06
charging_tRNA_DACI_RS14440_GUG,0.0,-4.142891774589635e-06
charging_tRNA_DACI_RS14450_CAU,0.000976042303454152,7.753753776045753e-38
charging_tRNA_DACI_RS14450_CAC,0.004076249908584426,3.5797184906751314e-38
charging_tRNA_DACI_RS14455_CAU,0.0,1.308608679597245e-37
charging_tRNA_DACI_RS14455_CAC,0.0,1.193919793070098e-37
charging_tRNA_DACI_RS14555_CGU,0.00048524121352052686,-1.612019190324635e-38
charging_tRNA_DACI_RS14555_CGC,0.010343894576683268,5.2427925087922027e-39
charging_tRNA_DACI_RS14555_CGA,9.074604469630845e-06,-2.636223484982076e-38
charging_tRNA_DACI_RS14555_CGG,0.0007020385765108396,-2.823352854539673e-38
charging_tRNA_DACI_RS14555_AGA,2.1568535232884085e-06,2.112666523108758e-38
charging_tRNA_DACI_RS14555_AGG,0.00048148836980705485,-6.068847838360849e-39
charging_tRNA_DACI_RS14785_UCU,0.0,-1.4216525972003834e-05
charging_tRNA_DACI_RS14785_UCC,0.0,-1.4216525972003834e-05
charging_tRNA_DACI_RS14785_UCA,0.0,-1.4216525972003834e-05
charging_tRNA_DACI_RS14785_UCG,0.0,-1.4216525972003834e-05
charging_tRNA_DACI_RS14785_AGU,0.0,-1.4216525972003834e-05
charging_tRNA_DACI_RS14785_AGC,0.0,-1.4216525972003834e-05
charging_tRNA_DACI_RS14865_UCU,0.0,-1.4216525972003834e-05
charging_tRNA_DACI_RS14865_UCC,0.0,-1.4216525972003834e-05
charging_tRNA_DACI_RS14865_UCA,0.0,-1.4216525972003834e-05
charging_tRNA_DACI_RS14865_UCG,0.0,-1.4216525972003834e-05
charging_tRNA_DACI_RS14865_AGU,0.0,-1.4216525972003834e-05
charging_tRNA_DACI_RS14865_AGC,0.0,-1.4216525972003834e-05
charging_tRNA_DACI_RS16425_ACU,0.0,-1.0466640211289742e-06
charging_tRNA_DACI_RS16425_ACC,0.0,-1.0466640211289742e-06
charging_tRNA_DACI_RS16425_ACA,0.0,-1.0466640211289742e-06
charging_tRNA_DACI_RS16425_ACG,0.0,-1.0466640211289742e-06
charging_tRNA_DACI_RS17105_AAA,0.0,-2.576831517604175e-07
charging_tRNA_DACI_RS17105_AAG,0.0,-2.576831517604175e-07
charging_tRNA_DACI_RS17570_UGA,0.0,8.011145856604626e-38
charging_tRNA_DACI_RS20015_GUU,0.0,-9.494542237543577e-06
charging_tRNA_DACI_RS20015_GUC,0.0,-9.494542237543577e-06
charging_tRNA_DACI_RS20015_GUA,0.0,-9.494542237543577e-06
charging_tRNA_DACI_RS20015_GUG,0.0,-9.494542237543577e-06
charging_tRNA_DACI_RS20020_GUU,0.0,-9.494542237543577e-06
charging_tRNA_DACI_RS20020_GUC,0.0,-9.494542237543577e-06
charging_tRNA_DACI_RS20020_GUA,0.0,-9.494542237543577e-06
charging_tRNA_DACI_RS20020_GUG,0.0,-9.494542237543577e-06
charging_tRNA_DACI_RS20025_GUU,0.0,-9.494542237543577e-06
charging_tRNA_DACI_RS20025_GUC,0.0,-9.494542237543577e-06
charging_tRNA_DACI_RS20025_GUA,0.0,-9.494542237543577e-06
charging_tRNA_DACI_RS20025_GUG,0.0,-9.494542237543577e-06
charging_tRNA_DACI_RS20030_GUU,0.0,-9.494542237543577e-06
charging_tRNA_DACI_RS20030_GUC,0.0,-9.494542237543577e-06
charging_tRNA_DACI_RS20030_GUA,0.0,-9.494542237543577e-06
charging_tRNA_DACI_RS20030_GUG,0.0,-9.494542237543577e-06
charging_tRNA_DACI_RS20860_GGU,0.0,-7.91299674456827e-06
charging_tRNA_DACI_RS20860_GGC,0.0,-7.91299674456827e-06
charging_tRNA_DACI_RS20860_GGA,0.0,-7.91299674456827e-06
charging_tRNA_DACI_RS20860_GGG,0.0,-7.91299674456827e-06
charging_tRNA_DACI_RS23175_CCU,0.0,-3.8725589132649913e-07
charging_tRNA_DACI_RS23175_CCC,0.0,-3.8725589132649913e-07
charging_tRNA_DACI_RS23175_CCA,0.0,-3.8725589132649913e-07
charging_tRNA_DACI_RS23175_CCG,0.0,-3.8725589132649913e-07
charging_tRNA_DACI_RS23190_CCU,0.0,-3.8725589132649913e-07
charging_tRNA_DACI_RS23190_CCC,0.0,-3.8725589132649913e-07
charging_tRNA_DACI_RS23190_CCA,0.0,-3.8725589132649913e-07
charging_tRNA_DACI_RS23190_CCG,0.0,-3.8725589132649913e-07
charging_tRNA_DACI_RS23465_CCU,0.00028957477773702253,5.9415829949964e-38
charging_tRNA_DACI_RS23465_CCC,0.006167688965704864,-2.1139269816338912e-38
charging_tRNA_DACI_RS23465_CCA,2.013344551549345e-05,-6.681117067302265e-38
charging_tRNA_DACI_RS23465_CCG,0.0024617545777190076,1.3103070726011424e-38
charging_tRNA_DACI_RS23995_GAU,0.0010182516723709727,7.304287642086837e-39
charging_tRNA_DACI_RS23995_GAC,0.008209708461200949,-8.198067425567509e-38
charging_tRNA_DACI_RS24000_GAA,0.00833255813328299,1.3517508851447527e-37
charging_tRNA_DACI_RS24000_GAG,0.0059996009609902135,7.487946225951572e-38
charging_tRNA_DACI_RS24005_GCU,0.0,-8.707593666722677e-07
charging_tRNA_DACI_RS24005_GCC,0.0,-8.707593666722677e-07
charging_tRNA_DACI_RS24005_GCA,0.0,-8.707593666722677e-07
charging_tRNA_DACI_RS24005_GCG,0.0,-8.707593666722677e-07
charging_tRNA_DACI_RS24035_GAU,0.0,7.720700302056274e-38
charging_tRNA_DACI_RS24035_GAC,0.0,-1.6293498639234328e-38
charging_tRNA_DACI_RS24040_GAA,0.0,1.3517508851447527e-37
charging_tRNA_DACI_RS24040_GAG,0.0,7.487946225951572e-38
charging_tRNA_DACI_RS24045_GCU,0.0,-8.707593666722677e-07
charging_tRNA_DACI_RS24045_GCC,0.0,-8.707593666722677e-07
charging_tRNA_DACI_RS24045_GCA,0.0,-8.707593666722677e-07
charging_tRNA_DACI_RS24045_GCG,0.0,-8.707593666722677e-07
charging_tRNA_DACI_RS24050_GAU,0.0,7.720700302056274e-38
charging_tRNA_DACI_RS24050_GAC,0.0,-1.6293498639234328e-38
charging_tRNA_DACI_RS24055_GAA,0.0,1.3517508851447527e-37
charging_tRNA_DACI_RS24055_GAG,0.0,7.487946225951572e-38
charging_tRNA_DACI_RS24060_GAU,0.0,7.720700302056274e-38
charging_tRNA_DACI_RS24060_GAC,0.0,-1.6293498639234328e-38
charging_tRNA_DACI_RS24065_GAA,0.0,6.903279218723949e-38
charging_tRNA_DACI_RS24065_GAG,0.0,1.9195679141328286e-38
charging_tRNA_DACI_RS24070_GCU,0.0,-8.707593666722677e-07
charging_tRNA_DACI_RS24070_GCC,0.0,-8.707593666722677e-07
charging_tRNA_DACI_RS24070_GCA,0.0,-8.707593666722677e-07
charging_tRNA_DACI_RS24070_GCG,0.0,-8.707593666722677e-07
charging_tRNA_DACI_RS24525_AAU,0.0002748730312451091,4.470363380284576e-39
charging_tRNA_DACI_RS24525_AAC,0.003469876417398127,-2.6297461795911775e-38
charging_tRNA_DACI_RS24530_AAU,0.0,1.281906904454577e-37
charging_tRNA_DACI_RS24530_AAC,0.0,8.738528597828837e-38
charging_tRNA_DACI_RS24535_AAU,0.0,1.281906904454577e-37
charging_tRNA_DACI_RS24535_AAC,0.0,8.738528597828837e-38
charging_tRNA_DACI_RS25015_UUA,0.0,-3.213978830741611e-05
charging_tRNA_DACI_RS25015_UUG,0.0,-3.213978830741611e-05
charging_tRNA_DACI_RS25015_CUU,0.0,-3.213978830741611e-05
charging_tRNA_DACI_RS25015_CUC,0.0,-3.213978830741611e-05
charging_tRNA_DACI_RS25015_CUA,0.0,-3.213978830741611e-05
charging_tRNA_DACI_RS25015_CUG,0.0,-3.213978830741611e-05
charging_tRNA_DACI_RS25020_UUA,0.0,-3.213978830741611e-05
charging_tRNA_DACI_RS25020_UUG,0.0,-3.213978830741611e-05
charging_tRNA_DACI_RS25020_CUU,0.0,-3.213978830741611e-05
charging_tRNA_DACI_RS25020_CUC,0.0,-3.213978830741611e-05
charging_tRNA_DACI_RS25020_CUA,0.0,-3.213978830741611e-05
charging_tRNA_DACI_RS25020_CUG,0.0,-3.213978830741611e-05
charging_tRNA_DACI_RS25025_UUA,0.0,-3.213978830741611e-05
charging_tRNA_DACI_RS25025_UUG,0.0,-3.213978830741611e-05
charging_tRNA_DACI_RS25025_CUU,0.0,-3.213978830741611e-05
charging_tRNA_DACI_RS25025_CUC,0.0,-3.213978830741611e-05
charging_tRNA_DACI_RS25025_CUA,0.0,-3.213978830741611e-05
charging_tRNA_DACI_RS25025_CUG,0.0,-3.213978830741611e-05
charging_tRNA_DACI_RS25030_UUA,0.0,-3.213978830741611e-05
charging_tRNA_DACI_RS25030_UUG,0.0,-3.213978830741611e-05
charging_tRNA_DACI_RS25030_CUU,0.0,-3.213978830741611e-05
charging_tRNA_DACI_RS25030_CUC,0.0,-3.213978830741611e-05
charging_tRNA_DACI_RS25030_CUA,0.0,-3.213978830741611e-05
charging_tRNA_DACI_RS25030_CUG,0.0,-3.213978830741611e-05
charging_tRNA_DACI_RS26185_UUA,0.0,-3.4445929913915876e-05
charging_tRNA_DACI_RS26185_UUG,0.0,-3.4445929913915876e-05
charging_tRNA_DACI_RS26185_CUU,0.0,-3.4445929913915876e-05
charging_tRNA_DACI_RS26185_CUC,0.0,-3.4445929913915876e-05
charging_tRNA_DACI_RS26185_CUA,0.0,-3.4445929913915876e-05
charging_tRNA_DACI_RS26185_CUG,0.0,-3.4445929913915876e-05
charging_tRNA_DACI_RS26955_AAA,0.0003004373118613777,-1.0927655384178659e-38
charging_tRNA_DACI_RS26955_AAG,0.007448753674056206,-6.130207817117038e-38
charging_tRNA_DACI_RS26960_AAA,0.0,-1.0927655384178659e-38
charging_tRNA_DACI_RS26960_AAG,0.0,-6.130207817117038e-38
charging_tRNA_DACI_RS26965_AAA,0.0,-1.0927655384178659e-38
charging_tRNA_DACI_RS26965_AAG,0.0,-6.130207817117038e-38
charging_tRNA_DACI_RS27405_CGU,0.0,-9.185536089348673e-07
charging_tRNA_DACI_RS27405_CGC,0.0,-9.185536089348673e-07
charging_tRNA_DACI_RS27405_CGA,0.0,-9.185536089348673e-07
charging_tRNA_DACI_RS27405_CGG,0.0,-9.185536089348673e-07
charging_tRNA_DACI_RS27405_AGA,0.0,-9.185536089348673e-07
charging_tRNA_DACI_RS27405_AGG,0.0,-9.185536089348673e-07
charging_tRNA_DACI_RS27410_AUU,0.0002873515768100641,-7.490538394402439e-38
charging_tRNA_DACI_RS27410_AUC,0.00877398224905686,3.956155563248873e-38
charging_tRNA_DACI_RS27410_AUA,3.509911859018783e-06,-6.166343778377411e-38
charging_tRNA_DACI_RS27485_CAA,0.0,-6.73564543104136e-34
charging_tRNA_DACI_RS27485_CAG,0.0,-3.1014643561492557e-34
charging_tRNA_DACI_RS27765_CCU,0.0,-4.994348894333018e-07
charging_tRNA_DACI_RS27765_CCC,0.0,-4.994348894333018e-07
charging_tRNA_DACI_RS27765_CCA,0.0,-4.994348894333018e-07
charging_tRNA_DACI_RS27765_CCG,0.0,-4.994348894333018e-07
charging_tRNA_DACI_RS27825_ACU,5.070169091484994e-05,6.950221639555181e-39
charging_tRNA_DACI_RS27825_ACC,0.0038486537551802686,4.041398588448027e-38
charging_tRNA_DACI_RS27825_ACA,0.001707531071970973,7.45486591190141e-39
charging_tRNA_DACI_RS27825_ACG,0.0028557673776998652,1.773171499993121e-38
charging_tRNA_DACI_RS30285_GCU,0.0,6.231675447316216e-39
charging_tRNA_DACI_RS30285_GCC,0.0,3.4411911801556437e-38
charging_tRNA_DACI_RS30285_GCA,0.0,5.307749946946264e-38
charging_tRNA_DACI_RS30285_GCG,0.0,1.0854757787899805e-37
charging_tRNA_DACI_RS30290_AUU,0.0,-1.1848478086305834e-05
charging_tRNA_DACI_RS30290_AUC,0.0,-1.1848478086305834e-05
charging_tRNA_DACI_RS30290_AUA,0.0,-1.1848478086305834e-05
charging_tRNA_DACI_RS30310_GCU,0.0,6.231675447316216e-39
charging_tRNA_DACI_RS30310_GCC,0.0,3.4411911801556437e-38
charging_tRNA_DACI_RS30310_GCA,0.0,5.307749946946264e-38
charging_tRNA_DACI_RS30310_GCG,0.0,1.0854757787899805e-37
charging_tRNA_DACI_RS30315_AUU,0.0,-1.1848478086305834e-05
charging_tRNA_DACI_RS30315_AUC,0.0,-1.1848478086305834e-05
charging_tRNA_DACI_RS30315_AUA,0.0,-1.1848478086305834e-05
DM_RNA_g.1274.peg.1,0.0,-0.017859441173130573
DM_RNA_g.1274.peg.13,0.0,-0.023589895067614684
DM_RNA_g.1274.peg.17,0.0,-0.02045365210476175
DM_RNA_g.1274.peg.23,0.0,1.385511655323468e-32
DM_RNA_g.1274.peg.24,0.0,-0.01896221987489189
DM_RNA_g.1274.peg.28,0.0,-0.027946857093498423
DM_RNA_g.1274.peg.43,0.0,0.0
DM_RNA_g.1274.peg.44,0.0,-0.020830508954972033
DM_RNA_g.1274.peg.45,0.0,0.0
DM_RNA_g.1274.peg.47,0.0,-0.01003424911071287
DM_RNA_g.1274.peg.52,0.0,0.0
DM_RNA_g.1274.peg.54,0.0,-0.045494569493373695
DM_RNA_g.1274.peg.58,0.0,-0.026984528627994716
DM_RNA_g.1274.peg.61,0.0,-0.020125540408560297
DM_RNA_398578.3.peg.66,0.0,7.192055116621768e-33
DM_RNA_g.1274.peg.68,0.0,-0.017161931762307625
DM_RNA_g.1274.peg.70,0.0,1.0126944761579472e-32
DM_RNA_g.1274.peg.73,0.0,-0.024148707331771043
DM_RNA_g.1274.peg.75,0.0,-9.837907449894369e-33
DM_RNA_g.1274.peg.78,0.0,1.4749644779607948e-32
DM_RNA_g.1274.peg.91,0.0,-0.020224612048081975
DM_RNA_g.1274.peg.95,0.0,-0.020304184643508045
DM_RNA_398578.3.peg.113,0.0,-0.04110860648318863
DM_RNA_g.1274.peg.114,0.0,0.0
DM_RNA_398578.3.peg.115,0.0,0.0
DM_RNA_g.1274.peg.119,0.0,1.654987954826779e-32
DM_RNA_g.1274.peg.124,0.0,-0.014378749563999016
DM_RNA_g.1274.peg.131,0.0,-0.033041518704931445
DM_RNA_g.1274.peg.132,0.0,0.0
DM_RNA_g.1274.peg.141,0.0,0.0
DM_RNA_g.1274.peg.151,0.0,0.0
DM_RNA_398578.3.peg.153,0.0,-0.025298733426631793
DM_RNA_398578.3.peg.168,0.0,1.366982592921517e-32
DM_RNA_g.1274.peg.169,0.0,2.0587070946318516e-32
DM_RNA_g.1274.peg.172,0.0,1.733773460438401e-32
DM_RNA_g.1274.peg.173,0.0,-1.141209429078013e-32
DM_RNA_g.1274.peg.177,0.0,0.0
DM_RNA_g.1274.peg.180,0.0,-0.008175040726064798
DM_RNA_g.1274.peg.182,0.0,0.0
DM_RNA_g.1274.peg.196,0.0,-0.015279211428484934
DM_RNA_g.1274.peg.204,0.0,0.0
DM_RNA_398578.3.peg.210,0.0,-0.02877517850305509
DM_RNA_g.1274.peg.215,0.0,0.0
DM_RNA_g.1274.peg.217,0.0,-0.025473242222379195
DM_RNA_g.1274.peg.230,0.0,-0.011808672787340005
DM_RNA_398578.3.peg.231,0.0,-0.06073863796233843
DM_RNA_g.1274.peg.236,0.0,-0.03002261185179166
DM_RNA_398578.3.peg.238,-1.0943904835351322e-30,1.5149101495679106e-32
DM_RNA_398578.3.peg.248,0.0,-1.2185842535416842e-32
DM_RNA_g.1274.peg.249,0.0,-0.02068424517251521
DM_RNA_g.1274.peg.256,0.0,-0.008689653590516606
DM_RNA_398578.3.peg.256,0.0,-0.023218194620076044
DM_RNA_g.1274.peg.260,0.0,-0.010950212511435332
DM_RNA_g.1274.peg.261,0.0,-0.016218462854973564
DM_RNA_g.1274.peg.268,0.0,0.0
DM_RNA_g.1274.peg.271,0.0,-0.011457474026396467
DM_RNA_g.1274.peg.277,0.0,0.0
DM_RNA_398578.3.peg.277,0.0,-1.4923596092325238e-32
DM_RNA_g.1274.peg.280,0.0,-0.031849206982809165
DM_RNA_g.1274.peg.285,0.0,0.0
DM_RNA_g.1274.peg.299,0.0,-0.033069576868169255
DM_RNA_g.1274.peg.300,0.0,0.0
DM_RNA_g.1274.peg.304,0.0,-0.03524658787631309
DM_RNA_g.1274.peg.309,-9.136433395680027e-33,9.165791343180478e-33
DM_RNA_398578.3.peg.310,0.0,-0.0243730168968818
DM_RNA_g.1274.peg.312,0.0,-0.002498298319945259
DM_RNA_g.1274.peg.314,0.0,0.0
DM_RNA_398578.3.peg.315,0.0,-0.020649879570116905
DM_RNA_g.1274.peg.316,0.0,-0.009907943001244231
DM_RNA_g.1274.peg.323,0.0,0.0
DM_RNA_g.1274.peg.333,0.0,0.0
DM_RNA_398578.3.peg.339,0.0,-0.015311267477055395
DM_RNA_398578.3.peg.341,0.0,-0.057564096916233945
DM_RNA_g.1274.peg.342,0.0,-0.022109101291463217
DM_RNA_g.1274.peg.345,0.0,0.0
DM_RNA_398578.3.peg.346,0.0,-0.027075862570540222
DM_RNA_g.1274.peg.348,0.0,-0.04667808110852302
DM_RNA_g.1274.peg.359,0.0,-0.01573704265041583
DM_RNA_g.1274.peg.367,0.0,0.0
DM_RNA_g.1274.peg.375,0.0,-0.0073641748926167785
DM_RNA_g.1274.peg.381,0.0,-0.007056795896298878
DM_RNA_g.1274.peg.383,0.0,-0.012086580235560264
DM_RNA_g.1274.peg.389,0.0,-0.048210225295774005
DM_RNA_g.1274.peg.391,0.0,-0.01118883583996961
DM_RNA_g.1274.peg.392,0.0,1.0906486324431234e-32
DM_RNA_g.1274.peg.396,0.0,0.0
DM_RNA_g.1274.peg.401,0.0,-2.303762867801397e-32
DM_RNA_g.1274.peg.415,0.0,-0.012598172713894526
DM_RNA_g.1274.peg.431,0.0,-0.06432405153772519
DM_RNA_g.1274.peg.434,0.0,-0.00613912386581105
DM_RNA_g.1274.peg.443,0.0,-0.019666267208264032
DM_RNA_g.1274.peg.450,0.0,-0.020314046007649775
DM_RNA_g.1274.peg.452,0.0,-0.020334299455443353
DM_RNA_g.1274.peg.457,0.0,-0.01772037390273782
DM_RNA_g.1274.peg.459,0.0,0.0
DM_RNA_g.1274.peg.460,0.0,1.0387972238984815e-32
DM_RNA_g.1274.peg.469,0.0,0.0
DM_RNA_g.1274.peg.478,0.0,0.0
DM_RNA_g.1274.peg.485,0.0,0.0
DM_RNA_g.1274.peg.486,0.0,-0.03407928945274887
DM_RNA_g.1274.peg.488,0.0,-3.083514899385396e-32
DM_RNA_g.1274.peg.490,0.0,-0.010973211220006834
DM_RNA_g.1274.peg.497,0.0,0.0
DM_RNA_g.1274.peg.498,0.0,-0.02119793605340517
DM_RNA_g.1274.peg.500,0.0,0.0
DM_RNA_g.1274.peg.503,0.0,-2.3756207961459974e-32
DM_RNA_g.1274.peg.504,0.0,-0.03961900445724561
DM_RNA_g.1274.peg.508,0.0,-0.016467029124703318
DM_RNA_g.1274.peg.511,0.0,0.0
DM_RNA_g.1274.peg.514,0.0,-0.020178750928257157
DM_RNA_g.1274.peg.521,0.0,0.0
DM_RNA_g.1274.peg.528,0.0,1.8088177549617968e-32
DM_RNA_g.1274.peg.530,0.0,-0.008049920520674195
DM_RNA_g.1274.peg.535,0.0,0.0
DM_RNA_g.1274.peg.538,0.0,8.251003962332437e-33
DM_RNA_g.1274.peg.541,0.0,-0.007307418785027183
DM_RNA_g.1274.peg.546,0.0,-0.0049679607693898144
DM_RNA_g.1274.peg.548,0.0,-0.008877555264338456
DM_RNA_g.1274.peg.552,0.0,-1.1694805696677948e-32
DM_RNA_g.1274.peg.560,0.0,1.4028279257376532e-32
DM_RNA_398578.3.peg.563,0.0,-0.025092645898958717
DM_RNA_g.1274.peg.572,0.0,-0.006676214213749597
DM_RNA_g.1274.peg.573,0.0,0.0
DM_RNA_398578.3.peg.592,0.0,-0.029816136665468278
DM_RNA_g.1274.peg.594,0.0,-0.053677722186207165
DM_RNA_g.1274.peg.598,0.0,1.724185782228129e-32
DM_RNA_g.1274.peg.602,0.0,-0.0333847049961662
DM_RNA_g.1274.peg.605,0.0,-0.009553372658781756
DM_RNA_g.1274.peg.607,0.0,0.0
DM_RNA_g.1274.peg.609,0.0,-0.014163165211465371
DM_RNA_g.1274.peg.613,0.0,-9.6699372849791e-33
DM_RNA_g.1274.peg.624,0.0,-0.02774376712297898
DM_RNA_g.1274.peg.636,0.0,-0.014691249258166885
DM_RNA_g.1274.peg.642,0.0,-0.010241086927140527
DM_RNA_g.1274.peg.643,0.0,-0.007994256722919596
DM_RNA_g.1274.peg.645,0.0,-0.011440326614923604
DM_RNA_g.1274.peg.649,0.0,-2.1272725062191364e-32
DM_RNA_g.1274.peg.651,0.0,-1.6511840349819196e-32
DM_RNA_g.1274.peg.660,0.0,9.012453845163033e-33
DM_RNA_g.1274.peg.661,0.0,1.9656620927537215e-32
DM_RNA_g.1274.peg.662,0.0,0.0
DM_RNA_g.1274.peg.676,0.0,1.322161657077492e-32
DM_RNA_g.1274.peg.679,0.0,-0.015601035712063536
DM_RNA_398578.3.peg.681,0.0,-0.02370740297928722
DM_RNA_g.1274.peg.700,0.0,1.34602162998582e-32
DM_RNA_g.1274.peg.705,0.0,-1.5926508187817106e-32
DM_RNA_g.1274.peg.710,0.0,0.0
DM_RNA_g.1274.peg.712,0.0,1.8556727322473154e-32
DM_RNA_g.1274.peg.715,0.0,-1.5595721296116188e-32
DM_RNA_g.1274.peg.722,0.0,-2.093091017160038e-32
DM_RNA_398578.3.peg.726,0.0,-1.2739380195276236e-32
DM_RNA_398578.3.peg.727,0.0,-0.019011129443038247
DM_RNA_398578.3.peg.735,0.0,0.0
DM_RNA_g.1274.peg.742,0.0,-0.006562197251990964
DM_RNA_398578.3.peg.751,0.0,-0.03305354662256717
DM_RNA_g.1274.peg.752,0.0,0.0
DM_RNA_398578.3.peg.752,0.0,-0.007762893339874003
DM_RNA_g.1274.peg.754,0.0,1.8868316847878732e-32
DM_RNA_398578.3.peg.767,0.0,-7.265773681194158e-33
DM_RNA_398578.3.peg.768,0.0,-0.0228456477062997
DM_RNA_398578.3.peg.769,0.0,-0.01773757672271172
DM_RNA_g.1274.peg.774,0.0,0.0
DM_RNA_g.1274.peg.775,0.0,1.7155091280528772e-32
DM_RNA_g.1274.peg.778,0.0,-0.0036275558981162317
DM_RNA_g.1274.peg.787,0.0,0.0
DM_RNA_g.1274.peg.791,0.0,-0.033944845551197166
DM_RNA_g.1274.peg.793,0.0,-0.02459464095453851
DM_RNA_g.1274.peg.794,0.0,-0.01800222135170154
DM_RNA_g.1274.peg.804,0.0,-0.032272694603414254
DM_RNA_g.1274.peg.810,0.0,-0.01777518074876872
DM_RNA_g.1274.peg.815,0.0,0.0
DM_RNA_398578.3.peg.823,0.0,-0.018260161371527927
DM_RNA_g.1274.peg.826,0.0,-0.025982797322204838
DM_RNA_398578.3.peg.827,0.0,-0.029056060724739166
DM_RNA_g.1274.peg.832,0.0,0.0
DM_RNA_g.1274.peg.837,0.0,-9.770365644046725e-33
DM_RNA_g.1274.peg.844,0.0,-0.009555646666124823
DM_RNA_g.1274.peg.846,0.0,-2.563257085292747e-32
DM_RNA_g.1274.peg.850,0.0,-0.007013855182280403
DM_RNA_398578.3.peg.851,0.0,-0.031802677370469844
DM_RNA_g.1274.peg.852,0.0,-0.006734136877775266
DM_RNA_g.1274.peg.858,0.0,-0.0073872969773744615
DM_RNA_398578.3.peg.867,0.0,-0.019664249478819385
DM_RNA_398578.3.peg.868,0.0,-0.025505735386875623
DM_RNA_398578.3.peg.869,0.0,1.1333904724524785e-32
DM_RNA_g.1274.peg.871,0.0,1.1153046454944124e-32
DM_RNA_g.1274.peg.878,0.0,-0.019931587410307303
DM_RNA_g.1274.peg.879,0.0,0.0
DM_RNA_g.1274.peg.881,0.0,-0.05294223452893701
DM_RNA_398578.3.peg.889,0.0,1.3448777184422542e-32
DM_RNA_g.1274.peg.895,0.0,-0.01897309605565746
DM_RNA_g.1274.peg.898,0.0,-0.013677323128990447
DM_RNA_g.1274.peg.906,0.0,-0.019975789259831303
DM_RNA_g.1274.peg.907,0.0,0.0
DM_RNA_g.1274.peg.910,0.0,1.3997813529522906e-32
DM_RNA_g.1274.peg.917,0.0,-0.02583620966229677
DM_RNA_g.1274.peg.918,0.0,-2.3362581499433912e-32
DM_RNA_g.1274.peg.934,0.0,-0.07283211421107867
DM_RNA_398578.3.peg.934,0.0,-0.024507651207261304
DM_RNA_398578.3.peg.937,0.0,-0.04511718299076522
DM_RNA_398578.3.peg.938,0.0,-0.022043021257833022
DM_RNA_g.1274.peg.939,0.0,-0.016556773847722184
DM_RNA_g.1274.peg.943,0.0,-0.013904260873134375
DM_RNA_g.1274.peg.949,0.0,-0.02190952991857683
DM_RNA_g.1274.peg.950,0.0,-0.015834799802701617
DM_RNA_g.1274.peg.956,0.0,-0.018133842530364926
DM_RNA_g.1274.peg.957,0.0,0.0
DM_RNA_g.1274.peg.963,0.0,-0.025681822984775882
DM_RNA_g.1274.peg.966,0.0,9.757078904421918e-33
DM_RNA_g.1274.peg.971,0.0,-8.567658145937953e-33
DM_RNA_g.1274.peg.974,0.0,-0.026410603528447783
DM_RNA_398578.3.peg.988,0.0,-0.025695950821095263
DM_RNA_g.1274.peg.989,0.0,-0.03763434323958416
DM_RNA_398578.3.peg.989,0.0,0.0
DM_RNA_g.1274.peg.991,0.0,-1.753609327744375e-32
DM_RNA_g.1274.peg.994,0.0,-2.937218919740936e-32
DM_RNA_g.1274.peg.997,0.0,-0.026437131044984588
DM_RNA_398578.3.peg.998,0.0,-0.02038040958459186
DM_RNA_g.1274.peg.1007,0.0,0.0
DM_RNA_g.1274.peg.1009,0.0,0.0
DM_RNA_g.1274.peg.1014,0.0,0.0
DM_RNA_g.1274.peg.1016,0.0,-0.023413742913160767
DM_RNA_398578.3.peg.1016,0.0,0.0
DM_RNA_g.1274.peg.1019,0.0,0.0
DM_RNA_g.1274.peg.1025,0.0,-0.019574442322777646
DM_RNA_g.1274.peg.1026,0.0,-0.025670705681357337
DM_RNA_g.1274.peg.1029,0.0,-0.021471373331355514
DM_RNA_g.1274.peg.1043,0.0,-0.030094479360879528
DM_RNA_g.1274.peg.1049,0.0,0.0
DM_RNA_g.1274.peg.1050,0.0,-0.06423788365544579
DM_RNA_g.1274.peg.1052,0.0,-0.01412910225596788
DM_RNA_g.1274.peg.1068,0.0,-0.027008804041802035
DM_RNA_g.1274.peg.1072,0.0,-0.0381175000800941
DM_RNA_g.1274.peg.1082,0.0,-0.020179190453560814
DM_RNA_g.1274.peg.1085,0.0,-0.008765373244378268
DM_RNA_g.1274.peg.1094,0.0,-0.024053429722554663
DM_RNA_g.1274.peg.1103,0.0,-0.0283205207133865
DM_RNA_g.1274.peg.1107,0.0,-8.723929575764919e-33
DM_RNA_g.1274.peg.1118,0.0,0.0
DM_RNA_g.1274.peg.1123,0.0,-0.02184885212638318
DM_RNA_g.1274.peg.1125,0.0,-0.023928501222983324
DM_RNA_g.1274.peg.1137,0.0,-0.03943235108008287
DM_RNA_g.1274.peg.1152,0.0,2.3116168255407714e-32
DM_RNA_g.1274.peg.1154,0.0,-0.03146125071806339
DM_RNA_g.1274.peg.1164,0.0,1.7587887936881026e-32
DM_RNA_g.1274.peg.1172,0.0,-1.8468046588596896e-32
DM_RNA_g.1274.peg.1180,0.0,-0.030532491085216454
DM_RNA_g.1274.peg.1182,0.0,-0.02311094305230728
DM_RNA_g.1274.peg.1186,0.0,0.0
DM_RNA_g.1274.peg.1195,0.0,0.0
DM_RNA_g.1274.peg.1204,0.0,-0.00916830834458961
DM_RNA_398578.3.peg.1206,0.0,0.0
DM_RNA_g.1274.peg.1227,0.0,-1.9316038343832305e-32
DM_RNA_g.1274.peg.1229,0.0,-7.270677833731574e-33
DM_RNA_g.1274.peg.1231,0.0,0.0
DM_RNA_g.1274.peg.1236,0.0,1.3859300174062812e-32
DM_RNA_g.1274.peg.1239,0.0,0.0
DM_RNA_g.1274.peg.1244,0.0,-1.0286194318573977e-32
DM_RNA_g.1274.peg.1246,0.0,0.0
DM_RNA_398578.3.peg.1246,0.0,-4.609162443293963e-33
DM_RNA_398578.3.peg.1247,0.0,-0.017327808169198836
DM_RNA_g.1274.peg.1248,0.0,1.862221713427257e-32
DM_RNA_398578.3.peg.1255,0.0,-0.03401725092704431
DM_RNA_g.1274.peg.1279,0.0,0.0
DM_RNA_g.1274.peg.1283,0.0,-0.019676612908739996
DM_RNA_g.1274.peg.1285,0.0,0.0
DM_RNA_398578.3.peg.1287,0.0,-7.059856074227484e-33
DM_RNA_398578.3.peg.1295,0.0,-0.018850672062343393
DM_RNA_g.1274.peg.1306,0.0,-0.017661245757112653
DM_RNA_g.1274.peg.1309,0.0,-0.018750793290321657
DM_RNA_g.1274.peg.1313,0.0,-0.02476967734726534
DM_RNA_398578.3.peg.1318,1.4692274320614698e-30,0.0
DM_RNA_g.1274.peg.1335,0.0,-0.022615182721503337
DM_RNA_g.1274.peg.1342,0.0,0.0
DM_RNA_g.1274.peg.1345,0.0,1.3476706701053017e-32
DM_RNA_g.1274.peg.1346,0.0,-0.021399418262887684
DM_RNA_g.1274.peg.1354,0.0,-0.019332504946108452
DM_RNA_398578.3.peg.1354,0.0,0.0
DM_RNA_g.1274.peg.1356,0.0,-0.0428408654029038
DM_RNA_g.1274.peg.1362,0.0,1.1285990450933417e-32
DM_RNA_g.1274.peg.1366,0.0,-0.038617626419203244
DM_RNA_398578.3.peg.1366,0.0,0.0
DM_RNA_g.1274.peg.1369,0.0,-0.05065627501894216
DM_RNA_g.1274.peg.1373,0.0,-0.012581827457829597
DM_RNA_398578.3.peg.1378,0.0,0.0
DM_RNA_g.1274.peg.1382,0.0,0.0
DM_RNA_398578.3.peg.1382,0.0,-0.022937333686311467
DM_RNA_g.1274.peg.1394,0.0,-2.0076417542991357e-32
DM_RNA_g.1274.peg.1397,0.0,-0.021272917741632327
DM_RNA_398578.3.peg.1404,0.0,1.1771923249168822e-32
DM_RNA_g.1274.peg.1408,0.0,0.0
DM_RNA_g.1274.peg.1409,5.160371778638336e-31,0.0
DM_RNA_g.1274.peg.1418,0.0,0.0
DM_RNA_g.1274.peg.1434,0.0,0.0
DM_RNA_398578.3.peg.1434,0.0,-0.031695713236987284
DM_RNA_398578.3.peg.1439,0.0,0.0
DM_RNA_g.1274.peg.1456,0.0,0.0
DM_RNA_g.1274.peg.1457,0.0,-0.004678196812494244
DM_RNA_g.1274.peg.1460,0.0,0.0
DM_RNA_g.1274.peg.1468,0.0,-0.02886833401725102
DM_RNA_g.1274.peg.1477,0.0,0.0
DM_RNA_g.1274.peg.1485,0.0,9.317297046028833e-33
DM_RNA_g.1274.peg.1491,0.0,1.1089660933623081e-32
DM_RNA_g.1274.peg.1515,0.0,-0.014055774896558883
DM_RNA_g.1274.peg.1516,0.0,-3.342740541809557e-32
DM_RNA_g.1274.peg.1523,0.0,-0.017467471799694784
DM_RNA_g.1274.peg.1525,0.0,0.0
DM_RNA_g.1274.peg.1527,0.0,-0.0628985607979589
DM_RNA_g.1274.peg.1536,0.0,-1.353207384810991e-32
DM_RNA_398578.3.peg.1538,0.0,-0.01952001347780247
DM_RNA_g.1274.peg.1539,0.0,0.0
DM_RNA_398578.3.peg.1543,0.0,-0.02073240965887856
DM_RNA_g.1274.peg.1546,0.0,0.0
DM_RNA_g.1274.peg.1549,0.0,-1.2994704099268215e-32
DM_RNA_g.1274.peg.1550,0.0,-0.02116435930297698
DM_RNA_g.1274.peg.1552,0.0,-0.006474948132631541
DM_RNA_398578.3.peg.1561,0.0,-0.03524658787631309
DM_RNA_398578.3.peg.1567,6.386671319583243e-31,1.2647786940724226e-32
DM_RNA_g.1274.peg.1571,0.0,-0.014419365991691835
DM_RNA_g.1274.peg.1573,0.0,0.0
DM_RNA_g.1274.peg.1574,0.0,0.0
DM_RNA_398578.3.peg.1578,0.0,-0.02119793605340517
DM_RNA_398578.3.peg.1579,0.0,-1.5771861325358054e-32
DM_RNA_g.1274.peg.1582,0.0,-0.019516293774982017
DM_RNA_g.1274.peg.1587,0.0,-0.03147324644916093
DM_RNA_g.1274.peg.1590,0.0,1.7104094354779417e-32
DM_RNA_g.1274.peg.1595,0.0,9.655534161223655e-33
DM_RNA_g.1274.peg.1596,0.0,0.0
DM_RNA_g.1274.peg.1598,0.0,-0.011545298968377677
DM_RNA_g.1274.peg.1601,0.0,1.0832154243974553e-32
DM_RNA_g.1274.peg.1603,0.0,-0.02101829627793298
DM_RNA_g.1274.peg.1617,0.0,-0.03199339190462228
DM_RNA_g.1274.peg.1636,0.0,0.0
DM_RNA_g.1274.peg.1639,0.0,-1.5473360100976076e-32
DM_RNA_g.1274.peg.1646,0.0,-0.004491562512652098
DM_RNA_g.1274.peg.1655,0.0,-0.01250459772584894
DM_RNA_g.1274.peg.1658,0.0,-1.6080454265056062e-32
DM_RNA_g.1274.peg.1668,0.0,-0.07485100105855179
DM_RNA_g.1274.peg.1677,0.0,-0.017061374440943685
DM_RNA_g.1274.peg.1679,0.0,-0.008013175993971361
DM_RNA_g.1274.peg.1695,0.0,-0.05484015323772097
DM_RNA_g.1274.peg.1701,0.0,-0.022049470431162767
DM_RNA_g.1274.peg.1710,0.0,-0.017009862295405742
DM_RNA_g.1274.peg.1713,0.0,-0.022032111195706472
DM_RNA_g.1274.peg.1729,0.0,-0.026733290879496743
DM_RNA_g.1274.peg.1741,0.0,1.0095836575648289e-32
DM_RNA_g.1274.peg.1747,0.0,0.0
DM_RNA_g.1274.peg.1753,0.0,0.0
DM_RNA_g.1274.peg.1766,0.0,0.0
DM_RNA_g.1274.peg.1767,0.0,0.0
DM_RNA_g.1274.peg.1772,0.0,-3.4748099207995416e-32
DM_RNA_398578.3.peg.1791,0.0,-0.022669843704248148
DM_RNA_g.1274.peg.1792,0.0,0.0
DM_RNA_g.1274.peg.1794,3.6790206567624824e-31,-2.3270868872882182e-32
DM_RNA_398578.3.peg.1798,0.0,-0.011318565800000232
DM_RNA_g.1274.peg.1800,0.0,0.0
DM_RNA_g.1274.peg.1801,0.0,-0.016362087702589918
DM_RNA_g.1274.peg.1802,0.0,0.0
DM_RNA_g.1274.peg.1804,0.0,-0.04413069159808897
DM_RNA_398578.3.peg.1808,0.0,8.820191771134694e-33
DM_RNA_g.1274.peg.1810,0.0,-0.020538232007136708
DM_RNA_398578.3.peg.1816,0.0,-0.018777686616862542
DM_RNA_398578.3.peg.1817,0.0,-0.019490035345491163
DM_RNA_g.1274.peg.1825,0.0,0.0
DM_RNA_398578.3.peg.1825,0.0,0.0
DM_RNA_398578.3.peg.1826,0.0,1.7686429128085111e-32
DM_RNA_398578.3.peg.1827,0.0,0.0
DM_RNA_398578.3.peg.1828,0.0,-0.00838143431041803
DM_RNA_g.1274.peg.1839,0.0,-0.009222305148542009
DM_RNA_g.1274.peg.1849,0.0,0.0
DM_RNA_g.1274.peg.1850,0.0,-0.029806472852571257
DM_RNA_g.1274.peg.1862,0.0,-9.195975525949354e-33
DM_RNA_398578.3.peg.1865,0.0,0.0
DM_RNA_g.1274.peg.1871,0.0,-0.021510634529098897
DM_RNA_g.1274.peg.1872,0.0,-1.0215455037028021e-32
DM_RNA_g.1274.peg.1875,0.0,-1.3843692955090716e-32
DM_RNA_g.1274.peg.1888,0.0,-1.9645388629492166e-32
DM_RNA_g.1274.peg.1904,0.0,0.0
DM_RNA_g.1274.peg.1909,5.571644420339147e-31,0.0
DM_RNA_g.1274.peg.1924,0.0,-9.555423218879429e-33
DM_RNA_g.1274.peg.1930,0.0,0.0
DM_RNA_g.1274.peg.1936,0.0,-0.03194185035461468
DM_RNA_g.1274.peg.1937,0.0,0.0
DM_RNA_g.1274.peg.1951,0.0,0.0
DM_RNA_g.1274.peg.1954,0.0,0.0
DM_RNA_g.1274.peg.1959,0.0,-1.3573915820925685e-32
DM_RNA_g.1274.peg.1969,0.0,-2.1530996209207075e-32
DM_RNA_g.1274.peg.1973,0.0,0.0
DM_RNA_g.1274.peg.1976,0.0,0.0
DM_RNA_g.1274.peg.1979,0.0,1.0434949255144624e-32
DM_RNA_g.1274.peg.1984,0.0,0.0
DM_RNA_g.1274.peg.1985,0.0,-0.010206910759436721
DM_RNA_398578.3.peg.1987,0.0,2.393132329968422e-32
DM_RNA_398578.3.peg.1988,0.0,-2.1714492476044798e-32
DM_RNA_g.1274.peg.1996,0.0,-0.017168865803273346
DM_RNA_g.1274.peg.2016,0.0,0.0
DM_RNA_g.1274.peg.2021,0.0,-0.07707532958662042
DM_RNA_g.1274.peg.2033,0.0,0.0
DM_RNA_g.1274.peg.2041,0.0,-1.5101570919787007e-32
DM_RNA_g.1274.peg.2056,0.0,0.0
DM_RNA_g.1274.peg.2058,0.0,-1.3158189513478185e-32
DM_RNA_g.1274.peg.2066,0.0,1.5950539879544105e-32
DM_RNA_g.1274.peg.2068,0.0,0.0
DM_RNA_g.1274.peg.2072,0.0,-0.02469306508321074
DM_RNA_g.1274.peg.2098,0.0,-0.06310869303837391
DM_RNA_398578.3.peg.2101,0.0,0.0
DM_RNA_g.1274.peg.2108,0.0,-1.5496983173779188e-32
DM_RNA_g.1274.peg.2112,0.0,-0.006588683433986709
DM_RNA_g.1274.peg.2113,0.0,-0.018375238492242672
DM_RNA_g.1274.peg.2115,0.0,-0.017588651814904138
DM_RNA_g.1274.peg.2126,0.0,0.0
DM_RNA_g.1274.peg.2137,0.0,6.369935589463499e-33
DM_RNA_g.1274.peg.2142,0.0,-6.865889961816528e-33
DM_RNA_398578.3.peg.2142,0.0,0.0
DM_RNA_398578.3.peg.2143,0.0,-0.025034783218136514
DM_RNA_g.1274.peg.2144,0.0,-0.020214886822921534
DM_RNA_g.1274.peg.2149,0.0,0.0
DM_RNA_g.1274.peg.2150,0.0,-0.013874274986220883
DM_RNA_g.1274.peg.2152,0.0,0.0
DM_RNA_g.1274.peg.2154,1.644552050007814e-30,0.0
DM_RNA_g.1274.peg.2161,0.0,-0.03271466053727711
DM_RNA_g.1274.peg.2167,0.0,-0.015686871323835762
DM_RNA_398578.3.peg.2171,0.0,0.0
DM_RNA_398578.3.peg.2172,-1.1748905326937267e-30,-2.917747017733489e-32
DM_RNA_398578.3.peg.2178,0.0,-0.023201644017722362
DM_RNA_g.1274.peg.2180,0.0,0.0
DM_RNA_398578.3.peg.2180,0.0,0.0
DM_RNA_398578.3.peg.2182,0.0,0.0
DM_RNA_g.1274.peg.2197,0.0,1.4235440672963318e-32
DM_RNA_g.1274.peg.2199,0.0,-0.017273673189852217
DM_RNA_398578.3.peg.2205,0.0,1.1284074525873441e-32
DM_RNA_g.1274.peg.2206,0.0,-0.03479339360289293
DM_RNA_g.1274.peg.2215,0.0,0.0
DM_RNA_g.1274.peg.2217,3.076360292280532e-31,0.0
DM_RNA_g.1274.peg.2218,0.0,0.0
DM_RNA_g.1274.peg.2220,0.0,0.0
DM_RNA_g.1274.peg.2225,0.0,0.0
DM_RNA_g.1274.peg.2232,0.0,-3.1239057842912383e-32
DM_RNA_398578.3.peg.2235,0.0,-0.04225551943492122
DM_RNA_g.1274.peg.2236,0.0,0.0
DM_RNA_g.1274.peg.2249,0.0,-0.03014425130685779
DM_RNA_g.1274.peg.2254,0.0,6.651654872675833e-33
DM_RNA_g.1274.peg.2269,0.0,0.0
DM_RNA_g.1274.peg.2276,0.0,-0.014167417451346115
DM_RNA_g.1274.peg.2277,0.0,-1.1629447181049623e-32
DM_RNA_g.1274.peg.2283,0.0,-0.013777698229619315
DM_RNA_g.1274.peg.2290,0.0,0.0
DM_RNA_398578.3.peg.2302,0.0,0.0
DM_RNA_g.1274.peg.2303,0.0,-0.007593688422671409
DM_RNA_398578.3.peg.2304,-3.6790206567624824e-31,-2.3270868872882182e-32
DM_RNA_g.1274.peg.2305,0.0,0.0
DM_RNA_g.1274.peg.2318,0.0,0.0
DM_RNA_g.1274.peg.2323,0.0,-0.01761934876398678
DM_RNA_g.1274.peg.2324,0.0,-0.029169853410482467
DM_RNA_g.1274.peg.2325,0.0,0.0
DM_RNA_g.1274.peg.2332,0.0,-0.008164367752531692
DM_RNA_g.1274.peg.2334,0.0,-8.273841652985333e-33
DM_RNA_g.1274.peg.2344,0.0,-1.7871168257549545e-32
DM_RNA_g.1274.peg.2345,0.0,-1.2353817310473705e-32
DM_RNA_g.1274.peg.2349,0.0,0.0
DM_RNA_g.1274.peg.2350,0.0,-0.03019642215389512
DM_RNA_g.1274.peg.2363,0.0,1.564651168783163e-32
DM_RNA_g.1274.peg.2364,0.0,-0.011501374990602465
DM_RNA_g.1274.peg.2370,0.0,-0.032016603682983924
DM_RNA_g.1274.peg.2377,0.0,5.309647265038732e-33
DM_RNA_g.1274.peg.2391,0.0,-0.01375160378077545
DM_RNA_g.1274.peg.2392,0.0,-1.425659955919652e-32
DM_RNA_g.1274.peg.2396,0.0,-1.3503940256889707e-32
DM_RNA_g.1274.peg.2400,0.0,-0.01141525610583975
DM_RNA_g.1274.peg.2407,0.0,-0.003310353763840429
DM_RNA_398578.3.peg.2413,0.0,-0.02880353181817007
DM_RNA_398578.3.peg.2415,0.0,-8.723929575764919e-33
DM_RNA_398578.3.peg.2416,0.0,-0.03974540634045548
DM_RNA_398578.3.peg.2417,0.0,-0.008013175993971361
DM_RNA_g.1274.peg.2418,0.0,-0.021087647089711937
DM_RNA_398578.3.peg.2418,0.0,0.0
DM_RNA_398578.3.peg.2420,0.0,-0.021724370937818382
DM_RNA_g.1274.peg.2424,0.0,-1.1296342318635967e-32
DM_RNA_398578.3.peg.2424,0.0,-0.057051939243849034
DM_RNA_g.1274.peg.2432,0.0,0.0
DM_RNA_398578.3.peg.2432,0.0,-0.06363270636211772
DM_RNA_g.1274.peg.2435,0.0,1.506994624153161e-32
DM_RNA_398578.3.peg.2441,0.0,-0.04367388527587797
DM_RNA_g.1274.peg.2451,0.0,0.0
DM_RNA_g.1274.peg.2454,0.0,-0.031362544086922836
DM_RNA_g.1274.peg.2456,0.0,-2.734112669623036e-32
DM_RNA_398578.3.peg.2456,0.0,-0.026142377061268457
DM_RNA_398578.3.peg.2458,0.0,-0.010403145340940287
DM_RNA_398578.3.peg.2459,0.0,-0.025830393655535046
DM_RNA_g.1274.peg.2460,0.0,-0.02117250742220915
DM_RNA_g.1274.peg.2468,0.0,-0.010785904486569247
DM_RNA_g.1274.peg.2469,0.0,-0.01780191781816419
DM_RNA_g.1274.peg.2487,0.0,-5.749249292515534e-33
DM_RNA_g.1274.peg.2493,0.0,0.0
DM_RNA_g.1274.peg.2499,0.0,1.1459987942307582e-32
DM_RNA_398578.3.peg.2502,0.0,-0.027809935558054045
DM_RNA_g.1274.peg.2505,0.0,-0.02302336188157729
DM_RNA_g.1274.peg.2506,0.0,0.0
DM_RNA_g.1274.peg.2510,0.0,-0.032943734910160505
DM_RNA_g.1274.peg.2512,0.0,0.0
DM_RNA_g.1274.peg.2514,0.0,1.1350436823063435e-32
DM_RNA_g.1274.peg.2516,0.0,-0.04815153225908696
DM_RNA_g.1274.peg.2520,0.0,-0.038752085191505595
DM_RNA_g.1274.peg.2523,0.0,0.0
DM_RNA_g.1274.peg.2527,0.0,0.0
DM_RNA_g.1274.peg.2541,0.0,1.3193222086408693e-32
DM_RNA_398578.3.peg.2541,0.0,-0.022615182721503337
DM_RNA_g.1274.peg.2547,0.0,0.0
DM_RNA_g.1274.peg.2548,0.0,0.0
DM_RNA_g.1274.peg.2553,0.0,-1.7082943946643558e-32
DM_RNA_g.1274.peg.2554,0.0,-1.313445792274695e-32
DM_RNA_g.1274.peg.2567,-6.718349174933278e-31,0.0
DM_RNA_g.1274.peg.2582,0.0,0.0
DM_RNA_g.1274.peg.2588,0.0,0.0
DM_RNA_g.1274.peg.2589,0.0,-0.017602049103159628
DM_RNA_g.1274.peg.2594,0.0,0.0
DM_RNA_g.1274.peg.2598,0.0,0.0
DM_RNA_g.1274.peg.2610,0.0,-1.8208367471369918e-32
DM_RNA_g.1274.peg.2611,0.0,-0.019002641350155374
DM_RNA_g.1274.peg.2612,0.0,-0.02243217898704592
DM_RNA_g.1274.peg.2613,0.0,3.184839805684087e-32
DM_RNA_g.1274.peg.2614,0.0,1.1634891551449012e-32
DM_RNA_g.1274.peg.2637,0.0,-0.01622169352403008
DM_RNA_398578.3.peg.2642,0.0,0.0
DM_RNA_398578.3.peg.2645,0.0,-0.03426102588476915
DM_RNA_398578.3.peg.2646,0.0,-0.03070718690628071
DM_RNA_g.1274.peg.2655,0.0,-2.0707453934325606e-32
DM_RNA_398578.3.peg.2655,0.0,-0.021399418262887684
DM_RNA_g.1274.peg.2662,0.0,-0.02313520501991514
DM_RNA_g.1274.peg.2672,0.0,-0.06743986191413831
DM_RNA_g.1274.peg.2681,0.0,-0.033015704308736266
DM_RNA_g.1274.peg.2690,0.0,5.437073107189154e-33
DM_RNA_g.1274.peg.2692,0.0,-0.0779793756783156
DM_RNA_g.1274.peg.2697,0.0,1.3053677271162132e-32
DM_RNA_g.1274.peg.2699,0.0,-1.2097451947010758e-32
DM_RNA_g.1274.peg.2701,0.0,-0.02592011242430541
DM_RNA_g.1274.peg.2710,0.0,-0.009568566800904758
DM_RNA_g.1274.peg.2715,0.0,0.0
DM_RNA_g.1274.peg.2718,0.0,0.0
DM_RNA_g.1274.peg.2724,0.0,-0.0030352452139753108
DM_RNA_g.1274.peg.2734,0.0,1.6057247491077446e-32
DM_RNA_g.1274.peg.2741,0.0,-0.02610625383158812
DM_RNA_g.1274.peg.2746,0.0,-0.02159646352492352
DM_RNA_398578.3.peg.2747,0.0,2.3874684789865973e-32
DM_RNA_g.1274.peg.2749,0.0,-0.032779948380700544
DM_RNA_g.1274.peg.2756,0.0,-1.3314130228782174e-32
DM_RNA_g.1274.peg.2757,0.0,0.0
DM_RNA_g.1274.peg.2763,0.0,1.5662623325052103e-32
DM_RNA_g.1274.peg.2764,0.0,1.7591145432052613e-32
DM_RNA_g.1274.peg.2773,0.0,-0.017232596857711384
DM_RNA_398578.3.peg.2781,0.0,-1.8985627061930778e-32
DM_RNA_398578.3.peg.2782,0.0,-0.013110061763824898
DM_RNA_g.1274.peg.2784,0.0,-0.022428978421438667
DM_RNA_398578.3.peg.2793,0.0,6.651654872675833e-33
DM_RNA_398578.3.peg.2795,0.0,1.4235440672963318e-32
DM_RNA_g.1274.peg.2796,0.0,0.0
DM_RNA_398578.3.peg.2797,0.0,0.0
DM_RNA_g.1274.peg.2798,8.543630525929815e-31,0.0
DM_RNA_g.1274.peg.2800,1.6034972530362174e-30,-1.5350311775965712e-32
DM_RNA_g.1274.peg.2808,0.0,-1.459109330293796e-32
DM_RNA_398578.3.peg.2808,0.0,-0.032358608455405384
DM_RNA_g.1274.peg.2812,0.0,-1.43653613801451e-32
DM_RNA_g.1274.peg.2821,0.0,1.4304176876884512e-32
DM_RNA_g.1274.peg.2822,0.0,1.607498152724924e-32
DM_RNA_398578.3.peg.2834,0.0,-1.69772496833282e-32
DM_RNA_398578.3.peg.2837,0.0,-8.51636844412999e-33
DM_RNA_g.1274.peg.2851,0.0,0.0
DM_RNA_g.1274.peg.2854,0.0,-1.7602126548841278e-32
DM_RNA_g.1274.peg.2859,0.0,0.0
DM_RNA_g.1274.peg.2860,0.0,0.0
DM_RNA_g.1274.peg.2861,0.0,0.0
DM_RNA_g.1274.peg.2866,0.0,-0.014148749598995723
DM_RNA_g.1274.peg.2875,0.0,-8.887923565020542e-33
DM_RNA_g.1274.peg.2879,0.0,-0.05760178468814975
DM_RNA_g.1274.peg.2880,0.0,-0.027638848366660265
DM_RNA_g.1274.peg.2891,0.0,0.0
DM_RNA_g.1274.peg.2896,0.0,-0.030580365457594506
DM_RNA_g.1274.peg.2897,0.0,0.0
DM_RNA_g.1274.peg.2898,0.0,-0.031890367204972216
DM_RNA_g.1274.peg.2902,0.0,0.0
DM_RNA_g.1274.peg.2904,0.0,-0.01920402064347974
DM_RNA_g.1274.peg.2908,0.0,-0.01655940296044684
DM_RNA_g.1274.peg.2909,0.0,1.69538538721642e-32
DM_RNA_g.1274.peg.2912,0.0,-1.4487010665113204e-32
DM_RNA_g.1274.peg.2913,0.0,-0.015158273117013125
DM_RNA_g.1274.peg.2915,0.0,-0.019400618732761915
DM_RNA_g.1274.peg.2921,0.0,-0.027500471187464678
DM_RNA_g.1274.peg.2929,0.0,-0.021532998999158018
DM_RNA_g.1274.peg.2931,0.0,-0.02484512716364276
DM_RNA_g.1274.peg.2933,0.0,0.0
DM_RNA_g.1274.peg.2940,0.0,-0.02287604337701556
DM_RNA_g.1274.peg.2944,0.0,-0.024104051396956
DM_RNA_g.1274.peg.2948,0.0,-0.012700678868158913
DM_RNA_g.1274.peg.2950,-4.451769480656871e-32,-1.2468961125506043e-32
DM_RNA_g.1274.peg.2951,0.0,-0.06335044553496687
DM_RNA_g.1274.peg.2960,0.0,-1.3263570539056603e-32
DM_RNA_g.1274.peg.2966,0.0,-0.02352468348712129
DM_RNA_g.1274.peg.2967,5.9478061817295834e-33,0.0
DM_RNA_g.1274.peg.2968,0.0,-0.026935583539631942
DM_RNA_g.1274.peg.2972,0.0,0.0
DM_RNA_g.1274.peg.2973,0.0,-0.017869994640015836
DM_RNA_g.1274.peg.2974,0.0,7.084633454218173e-33
DM_RNA_g.1274.peg.2979,0.0,-1.1863868084427712e-32
DM_RNA_g.1274.peg.2980,0.0,0.0
DM_RNA_g.1274.peg.2986,0.0,-9.455255747011219e-33
DM_RNA_g.1274.peg.2989,0.0,-1.69772496833282e-32
DM_RNA_g.1274.peg.2992,0.0,-0.014305947176485711
DM_RNA_g.1274.peg.2999,0.0,-0.025556886567433032
DM_RNA_398578.3.peg.2999,-8.252210657835194e-31,1.7910933419573148e-32
DM_RNA_398578.3.peg.3000,0.0,-0.03738211717869472
DM_RNA_398578.3.peg.3004,0.0,-0.03575969093296725
DM_RNA_g.1274.peg.3009,0.0,-0.004343446237947132
DM_RNA_g.1274.peg.3012,0.0,-0.01627774070850685
DM_RNA_398578.3.peg.3013,0.0,-6.865889961816528e-33
DM_RNA_g.1274.peg.3021,0.0,0.0
DM_RNA_g.1274.peg.3022,0.0,-1.6554445996138872e-32
DM_RNA_g.1274.peg.3024,0.0,-0.018130808314340403
DM_RNA_g.1274.peg.3025,0.0,-0.010384742016459017
DM_RNA_g.1274.peg.3034,0.0,0.0
DM_RNA_g.1274.peg.3041,0.0,-0.030651669268401963
DM_RNA_398578.3.peg.3043,0.0,-1.5648876508077075e-32
DM_RNA_g.1274.peg.3060,0.0,0.0
DM_RNA_398578.3.peg.3064,0.0,-0.03789021433737597
DM_RNA_g.1274.peg.3072,0.0,-0.02919209526553645
DM_RNA_g.1274.peg.3079,0.0,-0.005911408960547843
DM_RNA_g.1274.peg.3084,0.0,-0.014810648250219218
DM_RNA_g.1274.peg.3099,0.0,0.0
DM_RNA_398578.3.peg.3099,0.0,0.0
DM_RNA_g.1274.peg.3102,0.0,-2.0339662758829916e-32
DM_RNA_g.1274.peg.3105,0.0,0.0
DM_RNA_g.1274.peg.3115,0.0,-0.019883065639064217
DM_RNA_g.1274.peg.3116,0.0,-0.04071728779566971
DM_RNA_g.1274.peg.3122,0.0,-0.018371796401592512
DM_RNA_g.1274.peg.3132,0.0,-0.009141454244634204
DM_RNA_g.1274.peg.3135,0.0,2.4006209736917457e-32
DM_RNA_g.1274.peg.3143,0.0,-2.285542194516473e-32
DM_RNA_g.1274.peg.3155,0.0,-0.019698938984937294
DM_RNA_g.1274.peg.3161,0.0,0.0
DM_RNA_g.1274.peg.3164,0.0,-0.006842130387869045
DM_RNA_g.1274.peg.3173,0.0,-0.021920896271760925
DM_RNA_398578.3.peg.3182,0.0,8.512208169038644e-33
DM_RNA_g.1274.peg.3187,0.0,0.0
DM_RNA_g.1274.peg.3195,0.0,-0.014108569557148478
DM_RNA_g.1274.peg.3210,0.0,-0.005138805486523841
DM_RNA_g.1274.peg.3213,0.0,-0.03355961091073183
DM_RNA_g.1274.peg.3216,0.0,9.339816362624898e-33
DM_RNA_g.1274.peg.3233,0.0,0.0
DM_RNA_g.1274.peg.3247,0.0,-0.04161982366643453
DM_RNA_398578.3.peg.3254,0.0,-0.02219109455914149
DM_RNA_g.1274.peg.3261,0.0,-0.014280576552606058
DM_RNA_g.1274.peg.3278,0.0,-0.057914100073711
DM_RNA_398578.3.peg.3281,0.0,1.1626856179084717e-32
DM_RNA_398578.3.peg.3282,0.0,0.0
DM_RNA_398578.3.peg.3285,0.0,1.069570850192902e-32
DM_RNA_g.1274.peg.3306,0.0,-0.03140729511658353
DM_RNA_g.1274.peg.3312,0.0,-0.01674495581341336
DM_RNA_g.1274.peg.3316,0.0,-0.03910501654500074
DM_RNA_g.1274.peg.3334,0.0,0.0
DM_RNA_g.1274.peg.3336,0.0,0.0
DM_RNA_g.1274.peg.3343,0.0,0.0
DM_RNA_398578.3.peg.3347,0.0,0.0
DM_RNA_g.1274.peg.3351,0.0,2.2945657513547912e-32
DM_RNA_g.1274.peg.3360,0.0,-0.04898691893820867
DM_RNA_g.1274.peg.3372,0.0,1.943228711024617e-32
DM_RNA_g.1274.peg.3381,0.0,-0.0903121753119884
DM_RNA_g.1274.peg.3384,0.0,-6.0436392742250354e-33
DM_RNA_g.1274.peg.3385,0.0,-5.070216096182446e-33
DM_RNA_g.1274.peg.3391,0.0,-0.008259416691126939
DM_RNA_g.1274.peg.3399,0.0,0.0
DM_RNA_g.1274.peg.3402,0.0,0.0
DM_RNA_g.1274.peg.3403,0.0,-0.04632075140505423
DM_RNA_g.1274.peg.3411,0.0,-0.0238327239825326
DM_RNA_g.1274.peg.3415,0.0,-1.264172131252105e-32
DM_RNA_g.1274.peg.3428,0.0,1.1360271071628638e-32
DM_RNA_g.1274.peg.3435,0.0,0.0
DM_RNA_g.1274.peg.3448,0.0,9.705201448021269e-33
DM_RNA_g.1274.peg.3491,0.0,-1.626429992429641e-32
DM_RNA_g.1274.peg.3494,0.0,-0.013279999868348524
DM_RNA_398578.3.peg.3511,0.0,-0.028321822428486177
DM_RNA_g.1274.peg.3517,0.0,-0.025731624064902408
DM_RNA_g.1274.peg.3518,0.0,-0.009638730590609162
DM_RNA_g.1274.peg.3520,0.0,0.0
DM_RNA_398578.3.peg.3523,0.0,-0.025722014528036238
DM_RNA_g.1274.peg.3525,0.0,-0.045184322886761816
DM_RNA_398578.3.peg.3525,0.0,0.0
DM_RNA_g.1274.peg.3526,0.0,-0.019885280689873934
DM_RNA_398578.3.peg.3530,0.0,-0.022757359153501355
DM_RNA_g.1274.peg.3532,0.0,-0.01684118778695001
DM_RNA_g.1274.peg.3541,0.0,-0.0317747409708311
DM_RNA_g.1274.peg.3542,0.0,-0.02504435937384256
DM_RNA_g.1274.peg.3553,0.0,-1.1052095581713533e-32
DM_RNA_398578.3.peg.3553,0.0,-0.021149758692262252
DM_RNA_398578.3.peg.3554,0.0,-0.014467853544542315
DM_RNA_g.1274.peg.3558,0.0,1.1604824188746898e-32
DM_RNA_g.1274.peg.3564,0.0,0.0
DM_RNA_g.1274.peg.3569,0.0,-0.025643141560076334
DM_RNA_g.1274.peg.3577,0.0,0.0
DM_RNA_g.1274.peg.3613,0.0,-1.8974738999551484e-32
DM_RNA_g.1274.peg.3618,0.0,9.492837535825692e-33
DM_RNA_g.1274.peg.3619,0.0,-1.8843430503287614e-32
DM_RNA_g.1274.peg.3626,0.0,0.0
DM_RNA_398578.3.peg.3630,0.0,-2.734112669623036e-32
DM_RNA_398578.3.peg.3635,0.0,-1.1629447181049623e-32
DM_RNA_g.1274.peg.3639,0.0,1.8933190795185585e-32
DM_RNA_398578.3.peg.3646,0.0,-0.027789873085999433
DM_RNA_g.1274.peg.3647,0.0,0.0
DM_RNA_g.1274.peg.3655,0.0,0.0
DM_RNA_g.1274.peg.3683,0.0,-0.04803711813806826
DM_RNA_g.1274.peg.3688,0.0,-0.006401794468833129
DM_RNA_g.1274.peg.3689,0.0,0.0
DM_RNA_398578.3.peg.3692,0.0,-0.028125839035804498
DM_RNA_398578.3.peg.3693,0.0,-1.5302619594280804e-32
DM_RNA_g.1274.peg.3696,0.0,0.0
DM_RNA_398578.3.peg.3697,0.0,-0.028241292559161392
DM_RNA_g.1274.peg.3708,0.0,0.0
DM_RNA_g.1274.peg.3711,0.0,0.0
DM_RNA_g.1274.peg.3716,0.0,-1.5316400746713637e-32
DM_RNA_g.1274.peg.3722,0.0,0.0
DM_RNA_g.1274.peg.3731,0.0,-0.011459821708597157
DM_RNA_g.1274.peg.3733,0.0,-0.0319866849265231
DM_RNA_g.1274.peg.3743,0.0,1.255282488602464e-32
DM_RNA_g.1274.peg.3746,0.0,-0.010405953534941977
DM_RNA_g.1274.peg.3748,0.0,0.0
DM_RNA_398578.3.peg.3750,0.0,-0.04030083795732581
DM_RNA_g.1274.peg.3751,0.0,0.0
DM_RNA_398578.3.peg.3764,0.0,0.0
DM_RNA_g.1274.peg.3768,0.0,-0.0128867030865448
DM_RNA_398578.3.peg.3774,0.0,-1.0549949675571e-32
DM_RNA_g.1274.peg.3783,0.0,1.376610545696945e-32
DM_RNA_g.1274.peg.3788,0.0,0.0
DM_RNA_g.1274.peg.3801,0.0,-0.017135130431596163
DM_RNA_g.1274.peg.3815,1.810410631414451e-65,0.0
DM_RNA_g.1274.peg.3821,0.0,-9.778887761353605e-33
DM_RNA_g.1274.peg.3823,0.0,-0.019636596199744852
DM_RNA_g.1274.peg.3825,0.0,-0.01914504470676696
DM_RNA_g.1274.peg.3831,0.0,0.0
DM_RNA_g.1274.peg.3841,0.0,-0.021437597053795564
DM_RNA_g.1274.peg.3859,0.0,-0.03417539720212395
DM_RNA_g.1274.peg.3881,0.0,-0.006901876869753497
DM_RNA_g.1274.peg.3882,0.0,-0.017470551030361072
DM_RNA_g.1274.peg.3896,0.0,0.0
DM_RNA_398578.3.peg.3896,0.0,-0.038065647322451726
DM_RNA_g.1274.peg.3914,0.0,-2.4590736173610284e-32
DM_RNA_g.1274.peg.3917,0.0,0.0
DM_RNA_g.1274.peg.3921,0.0,1.3104292025502493e-32
DM_RNA_g.1274.peg.3924,0.0,-3.131740684773969e-32
DM_RNA_g.1274.peg.3926,0.0,-0.022112740243719547
DM_RNA_g.1274.peg.3927,0.0,-0.03375275166113972
DM_RNA_398578.3.peg.3928,0.0,-0.014280576552606058
DM_RNA_g.1274.peg.3946,0.0,-0.037248748445102495
DM_RNA_g.1274.peg.3952,0.0,-1.1584832179351673e-32
DM_RNA_g.1274.peg.3956,0.0,-7.682693815618463e-33
DM_RNA_g.1274.peg.3957,0.0,0.0
DM_RNA_g.1274.peg.3960,0.0,-0.004740690734654758
DM_RNA_g.1274.peg.3961,0.0,0.0
DM_RNA_g.1274.peg.3962,0.0,-0.00851369226420758
DM_RNA_g.1274.peg.3969,0.0,0.0
DM_RNA_g.1274.peg.3972,0.0,-0.013290474790436163
DM_RNA_398578.3.peg.3972,0.0,-0.023057190550907707
DM_RNA_g.1274.peg.3973,0.0,0.0
DM_RNA_g.1274.peg.3982,0.0,8.924480273378485e-33
DM_RNA_g.1274.peg.3986,0.0,-0.013604299187004423
DM_RNA_398578.3.peg.3986,0.0,1.4046530123179086e-32
DM_RNA_g.1274.peg.3998,0.0,2.0293029406864908e-32
DM_RNA_g.1274.peg.4005,0.0,-0.042820547995216326
DM_RNA_g.1274.peg.4007,0.0,0.0
DM_RNA_g.1274.peg.4011,0.0,-0.006177829957108639
DM_RNA_g.1274.peg.4013,0.0,1.7991997576177592e-32
DM_RNA_g.1274.peg.4017,0.0,-0.025925137578293702
DM_RNA_g.1274.peg.4019,0.0,-0.012332423921049733
DM_RNA_g.1274.peg.4020,0.0,0.0
DM_RNA_g.1274.peg.4021,0.0,0.0
DM_RNA_398578.3.peg.4022,0.0,-0.027994452674609746
DM_RNA_g.1274.peg.4026,0.0,-0.022829779170219694
DM_RNA_g.1274.peg.4029,0.0,-0.02107324000236672
DM_RNA_g.1274.peg.4044,0.0,-0.06295087166285694
DM_RNA_g.1274.peg.4047,0.0,0.0
DM_RNA_g.1274.peg.4049,0.0,-9.925846026314422e-33
DM_RNA_g.1274.peg.4051,0.0,0.0
DM_RNA_g.1274.peg.4054,0.0,-5.991791191805067e-33
DM_RNA_g.1274.peg.4055,0.0,-0.00546852142199846
DM_RNA_g.1274.peg.4058,0.0,-1.8674546971162823e-32
DM_RNA_g.1274.peg.4061,0.0,-0.005858295511583642
DM_RNA_g.1274.peg.4063,0.0,-0.037048009836884443
DM_RNA_g.1274.peg.4065,0.0,0.0
DM_RNA_g.1274.peg.4068,0.0,-0.016988603025212917
DM_RNA_g.1274.peg.4069,0.0,-0.007308498363167822
DM_RNA_g.1274.peg.4070,0.0,-0.0037475814812309334
DM_RNA_g.1274.peg.4072,0.0,0.0
DM_RNA_g.1274.peg.4076,0.0,-0.02092668098574712
DM_RNA_g.1274.peg.4088,0.0,-0.029150947330884056
DM_RNA_g.1274.peg.4099,0.0,-1.1711661610275767e-32
DM_RNA_g.1274.peg.4102,0.0,-0.02221154225555247
DM_RNA_g.1274.peg.4105,0.0,-3.0940645448326905e-32
DM_RNA_g.1274.peg.4107,0.0,-1.313767605291589e-32
DM_RNA_g.1274.peg.4133,0.0,-1.3310385495846625e-32
DM_RNA_g.1274.peg.4138,0.0,-0.024253316718089266
DM_RNA_g.1274.peg.4139,0.0,-0.027751928514548215
DM_RNA_g.1274.peg.4141,0.0,-0.012811964531115185
DM_RNA_g.1274.peg.4143,0.0,-0.014671405594175586
DM_RNA_g.1274.peg.4145,0.0,-0.009953895076054957
DM_RNA_g.1274.peg.4146,0.0,-0.009907120997993532
DM_RNA_g.1274.peg.4155,0.0,-0.03229872896325472
DM_RNA_g.1274.peg.4157,0.0,-0.02941724040765708
DM_RNA_g.1274.peg.4158,0.0,0.0
DM_RNA_g.1274.peg.4165,0.0,-1.2118470626077125e-32
DM_RNA_g.1274.peg.4166,0.0,1.2170327610321926e-32
DM_RNA_g.1274.peg.4171,0.0,-0.010514836377517829
DM_RNA_g.1274.peg.4173,0.0,0.0
DM_RNA_g.1274.peg.4174,0.0,-0.017597271630402853
DM_RNA_g.1274.peg.4185,0.0,-3.039928392217008e-32
DM_RNA_g.1274.peg.4191,0.0,-0.030949845805688606
DM_RNA_g.1274.peg.4196,0.0,-0.036608560019246034
DM_RNA_g.1274.peg.4198,0.0,0.0
DM_RNA_g.1274.peg.4201,0.0,-0.013875652432948955
DM_RNA_g.1274.peg.4206,0.0,-0.02700865386479376
DM_RNA_g.1274.peg.4207,0.0,-0.015870925303506676
DM_RNA_g.1274.peg.4208,0.0,-0.005596417170310988
DM_RNA_g.1274.peg.4209,0.0,0.0
DM_RNA_g.1274.peg.4210,0.0,1.2668384394258582e-32
DM_RNA_g.1274.peg.4225,0.0,-0.022281884519180974
DM_RNA_g.1274.peg.4227,0.0,0.0
DM_RNA_g.1274.peg.4237,0.0,-0.01349327182901844
DM_RNA_g.1274.peg.4238,0.0,-0.027541982266595655
DM_RNA_g.1274.peg.4239,0.0,-0.019748622304423584
DM_RNA_g.1274.peg.4241,0.0,0.0
DM_RNA_g.1274.peg.4248,0.0,-0.01879917264849981
DM_RNA_g.1274.peg.4251,0.0,-0.03241985305423664
DM_RNA_g.1274.peg.4253,0.0,-0.02851815762875467
DM_RNA_g.1274.peg.4255,0.0,-8.515247775411417e-33
DM_RNA_g.1274.peg.4258,0.0,-0.013419926959601662
DM_RNA_398578.3.peg.4260,0.0,0.0
DM_RNA_g.1274.peg.4261,0.0,-0.023689998222803873
DM_RNA_g.1274.peg.4264,0.0,-0.019251646466293196
DM_RNA_g.1274.peg.4265,0.0,-0.007959144701304996
DM_RNA_g.1274.peg.4266,0.0,-0.01081894250190493
DM_RNA_g.1274.peg.4267,0.0,-0.017504256011340293
DM_RNA_g.1274.peg.4270,0.0,-0.028447688782771714
DM_RNA_398578.3.peg.4270,0.0,-1.8843430503287614e-32
DM_RNA_g.1274.peg.4276,0.0,-0.0446400053920083
DM_RNA_g.1274.peg.4280,0.0,-0.03280341596302821
DM_RNA_g.1274.peg.4282,0.0,3.170317213325628e-32
DM_RNA_g.1274.peg.4283,0.0,-0.024914334521513214
DM_RNA_g.1274.peg.4292,0.0,0.0
DM_RNA_398578.3.peg.4292,-1.3665617416244163e-30,-1.2455732873280115e-32
DM_RNA_g.1274.peg.4301,0.0,-0.028059601673084432
DM_RNA_g.1274.peg.4311,0.0,-0.015893176862781536
DM_RNA_g.1274.peg.4314,0.0,-0.004465455102234333
DM_RNA_g.1274.peg.4315,0.0,-0.011578200916274674
DM_RNA_g.1274.peg.4316,0.0,-0.005388500546264891
DM_RNA_g.1274.peg.4319,0.0,-0.011599464393037516
DM_RNA_398578.3.peg.4320,0.0,0.0
DM_RNA_g.1274.peg.4328,0.0,1.2798536657474777e-32
DM_RNA_g.1274.peg.4330,0.0,-0.01204220209161025
DM_RNA_g.1274.peg.4337,0.0,-0.019272021110774768
DM_RNA_g.1274.peg.4347,0.0,-3.342817813693073e-32
DM_RNA_g.1274.peg.4349,0.0,-1.7423227898853395e-32
DM_RNA_g.1274.peg.4359,0.0,0.0
DM_RNA_g.1274.peg.4371,0.0,-2.9273401710401994e-32
DM_RNA_g.1274.peg.4372,5.907840251536775e-33,-9.316794305078784e-33
DM_RNA_g.1274.peg.4379,0.0,-0.02359301252446484
DM_RNA_g.1274.peg.4383,0.0,0.0
DM_RNA_g.1274.peg.4389,0.0,-0.018291243708136153
DM_RNA_g.1274.peg.4391,0.0,-0.008298309209729519
DM_RNA_g.1274.peg.4392,0.0,-0.017523029812154648
DM_RNA_398578.3.peg.4392,0.0,0.0
DM_RNA_g.1274.peg.4394,0.0,-0.01968824047647292
DM_RNA_g.1274.peg.4401,0.0,-0.004018364183067918
DM_RNA_g.1274.peg.4402,0.0,-1.1654012058115947e-32
DM_RNA_g.1274.peg.4408,0.0,-0.024714892028374447
DM_RNA_g.1274.peg.4410,0.0,-0.010521326226850947
DM_RNA_g.1274.peg.4415,0.0,-0.015305689625999043
DM_RNA_g.1274.peg.4419,0.0,-0.03123589888147783
DM_RNA_g.1274.peg.4421,0.0,-1.1036524231249729e-32
DM_RNA_g.1274.peg.4422,0.0,-0.02734190342698901
DM_RNA_g.1274.peg.4424,0.0,-9.635671226610688e-33
DM_RNA_g.1274.peg.4430,-4.24455924501195e-31,0.0
DM_RNA_g.1274.peg.4431,0.0,-1.3869583175332344e-32
DM_RNA_g.1274.peg.4437,0.0,-0.02990085153706915
DM_RNA_g.1274.peg.4440,0.0,0.0
DM_RNA_g.1274.peg.4442,0.0,-0.018762356744332527
DM_RNA_g.1274.peg.4443,0.0,-0.019520372671859042
DM_RNA_g.1274.peg.4450,0.0,1.322382632122318e-32
DM_RNA_398578.3.peg.4457,0.0,-0.016453486366210416
DM_RNA_g.1274.peg.4468,0.0,-1.5835136444615126e-32
DM_RNA_g.1274.peg.4476,0.0,0.0
DM_RNA_g.1274.peg.4478,0.0,0.0
DM_RNA_398578.3.peg.4478,0.0,-0.019719938009882396
DM_RNA_g.1274.peg.4480,0.0,9.525458670647496e-33
DM_RNA_g.1274.peg.4482,0.0,-0.014350153426849754
DM_RNA_g.1274.peg.4485,0.0,0.0
DM_RNA_g.1274.peg.4487,0.0,-0.010364635840927509
DM_RNA_g.1274.peg.4491,0.0,-0.007827787851732028
DM_RNA_g.1274.peg.4498,0.0,-0.008726070073640138
DM_RNA_398578.3.peg.4501,0.0,-0.023328087532063058
DM_RNA_g.1274.peg.4504,0.0,-0.021069238788138493
DM_RNA_g.1274.peg.4507,0.0,-0.0279743773481333
DM_RNA_g.1274.peg.4518,0.0,1.3538551202542065e-32
DM_RNA_g.1274.peg.4524,0.0,-0.01652643572456369
DM_RNA_g.1274.peg.4526,0.0,2.682617981220775e-32
DM_RNA_g.1274.peg.4527,0.0,-0.005259313298017286
DM_RNA_g.1274.peg.4531,0.0,-0.06906563473775494
DM_RNA_g.1274.peg.4532,0.0,-0.042927616840697264
DM_RNA_g.1274.peg.4537,0.0,-0.054063072777348696
DM_RNA_398578.3.peg.4537,0.0,-0.057804391384614545
DM_RNA_g.1274.peg.4540,0.0,-0.05263203899218774
DM_RNA_g.1274.peg.4543,0.0,0.0
DM_RNA_g.1274.peg.4553,0.0,-0.03334072630886945
DM_RNA_398578.3.peg.4555,0.0,-1.5853774073540558e-32
DM_RNA_g.1274.peg.4556,0.0,0.0
DM_RNA_g.1274.peg.4558,0.0,-0.025204496260597106
DM_RNA_g.1274.peg.4567,0.0,-0.02613749153209223
DM_RNA_g.1274.peg.4574,0.0,-0.019356539529343745
DM_RNA_g.1274.peg.4575,0.0,-2.6737575876139843e-32
DM_RNA_g.1274.peg.4580,0.0,-0.018945911746798008
DM_RNA_g.1274.peg.4581,0.0,-0.04461862350681033
DM_RNA_g.1274.peg.4583,0.0,0.0
DM_RNA_g.1274.peg.4592,0.0,-0.032749646860395984
DM_RNA_g.1274.peg.4593,0.0,-0.01812023432071674
DM_RNA_g.1274.peg.4594,0.0,-0.036494293900569734
DM_RNA_g.1274.peg.4596,0.0,-0.009472265359080446
DM_RNA_398578.3.peg.4599,0.0,-0.031081865874094183
DM_RNA_g.1274.peg.4601,0.0,-0.0231469385609785
DM_RNA_g.1274.peg.4602,0.0,0.0
DM_RNA_g.1274.peg.4603,0.0,-0.016833310005402884
DM_RNA_g.1274.peg.4610,0.0,0.0
DM_RNA_g.1274.peg.4613,0.0,-2.9139656659852493e-32
DM_RNA_g.1274.peg.4622,0.0,-0.04679729107445509
DM_RNA_g.1274.peg.4625,0.0,0.0
DM_RNA_g.1274.peg.4627,0.0,-0.0310332919921449
DM_RNA_g.1274.peg.4628,0.0,-0.1035068808087897
DM_RNA_g.1274.peg.4631,0.0,0.0
DM_RNA_g.1274.peg.4632,0.0,-0.022352419826061988
DM_RNA_398578.3.peg.4636,0.0,0.0
DM_RNA_398578.3.peg.4637,0.0,1.1809412155690264e-32
DM_RNA_398578.3.peg.4638,0.0,-1.7423227898853395e-32
DM_RNA_g.1274.peg.4639,0.0,-8.595552880729831e-33
DM_RNA_g.1274.peg.4641,0.0,-0.03394573269343819
DM_RNA_g.1274.peg.4643,0.0,1.6355470062288769e-32
DM_RNA_g.1274.peg.4645,0.0,0.0
DM_RNA_g.1274.peg.4646,0.0,1.230818499745421e-32
DM_RNA_g.1274.peg.4653,0.0,-0.019731120477207622
DM_RNA_g.1274.peg.4654,0.0,-0.007895810765685149
DM_RNA_g.1274.peg.4656,0.0,-0.012325657689827437
DM_RNA_g.1274.peg.4659,0.0,0.0
DM_RNA_g.1274.peg.4662,0.0,-0.022258092869964476
DM_RNA_g.1274.peg.4669,0.0,0.0
DM_RNA_g.1274.peg.4677,0.0,-0.02357179717688539
DM_RNA_g.1274.peg.4686,0.0,-0.024494779620981903
DM_RNA_g.1274.peg.4695,0.0,1.2358357774201737e-32
DM_RNA_398578.3.peg.4702,0.0,-0.02443162763577577
DM_RNA_398578.3.peg.4703,0.0,-0.024263478630517376
DM_RNA_g.1274.peg.4704,0.0,1.0480097767676469e-32
DM_RNA_398578.3.peg.4704,0.0,-0.019356539529343745
DM_RNA_g.1274.peg.4705,0.0,-0.018985503990677822
DM_RNA_398578.3.peg.4705,0.0,-0.04461862350681033
DM_RNA_g.1274.peg.4707,0.0,0.0
DM_RNA_g.1274.peg.4708,0.0,-0.03065200192712546
DM_RNA_g.1274.peg.4709,0.0,-0.023927030452333565
DM_RNA_g.1274.peg.4724,0.0,1.3568386188835185e-32
DM_RNA_g.1274.peg.4728,0.0,3.085562219998075e-32
DM_RNA_g.1274.peg.4737,0.0,0.0
DM_RNA_g.1274.peg.4738,0.0,-1.562390724699702e-32
DM_RNA_g.1274.peg.4740,0.0,0.0
DM_RNA_398578.3.peg.4750,0.0,-0.029951813354474763
DM_RNA_398578.3.peg.4751,0.0,-0.033236770441995356
DM_RNA_398578.3.peg.4754,0.0,-0.029150947330884056
DM_RNA_g.1274.peg.4755,-1.4251438740536434e-65,0.0
DM_RNA_g.1274.peg.4758,0.0,-1.6005278214874333e-32
DM_RNA_398578.3.peg.4758,0.0,-0.02941724040765708
DM_RNA_g.1274.peg.4762,0.0,-0.01454649781078033
DM_RNA_g.1274.peg.4768,0.0,-0.011913367120049508
DM_RNA_g.1274.peg.4769,0.0,0.0
DM_RNA_g.1274.peg.4770,0.0,-0.011179099220548144
DM_RNA_g.1274.peg.4777,0.0,1.6272147420551053e-32
DM_RNA_g.1274.peg.4782,0.0,-0.09296654554021049
DM_RNA_g.1274.peg.4790,0.0,-0.01780697849236889
DM_RNA_g.1274.peg.4793,0.0,-0.022801954997960897
DM_RNA_g.1274.peg.4797,-2.7479445556420114e-31,2.1928790985981251e-32
DM_RNA_g.1274.peg.4802,0.0,-0.03437157826877772
DM_RNA_g.1274.peg.4807,0.0,-0.018438509575522465
DM_RNA_g.1274.peg.4808,0.0,6.426115987247109e-32
DM_RNA_g.1274.peg.4810,0.0,-0.011523097069989519
DM_RNA_398578.3.peg.4814,0.0,-0.029756193862620416
DM_RNA_g.1274.peg.4815,0.0,0.0
DM_RNA_g.1274.peg.4819,0.0,-0.006722835853019137
DM_RNA_g.1274.peg.4822,3.947274381247471e-31,0.0
DM_RNA_g.1274.peg.4823,0.0,-0.0051251662646512606
DM_RNA_g.1274.peg.4827,0.0,0.0
DM_RNA_g.1274.peg.4830,0.0,-0.03277322576132846
DM_RNA_g.1274.peg.4831,0.0,0.0
DM_RNA_398578.3.peg.4833,0.0,-0.08883832150794406
DM_RNA_g.1274.peg.4838,0.0,-0.025897527435784894
DM_RNA_g.1274.peg.4839,0.0,0.0
DM_RNA_g.1274.peg.4840,0.0,-0.021518199638018216
DM_RNA_g.1274.peg.4842,0.0,-0.02614750610554805
DM_RNA_398578.3.peg.4844,0.0,-0.03387146111816319
DM_RNA_398578.3.peg.4845,0.0,-2.0576692678057742e-32
DM_RNA_398578.3.peg.4847,0.0,-0.022352419826061988
DM_RNA_398578.3.peg.4848,0.0,-0.010813282680746059
DM_RNA_398578.3.peg.4849,0.0,-0.03915269089004627
DM_RNA_g.1274.peg.4851,0.0,-0.013827683128894484
DM_RNA_g.1274.peg.4853,0.0,0.0
DM_RNA_g.1274.peg.4856,0.0,-0.009093985746078228
DM_RNA_398578.3.peg.4857,0.0,0.0
DM_RNA_g.1274.peg.4861,0.0,-2.1276972127913e-32
DM_RNA_g.1274.peg.4869,0.0,2.769949137470929e-32
DM_RNA_g.1274.peg.4887,0.0,0.0
DM_RNA_398578.3.peg.4890,0.0,-0.02642370374490641
DM_RNA_g.1274.peg.4891,0.0,9.753001357410728e-33
DM_RNA_g.1274.peg.4893,0.0,-0.008562843765970976
DM_RNA_g.1274.peg.4896,0.0,1.4291081889998044e-32
DM_RNA_g.1274.peg.4899,0.0,-0.09037595353429796
DM_RNA_g.1274.peg.4903,0.0,-0.018268339471481983
DM_RNA_398578.3.peg.4905,0.0,-0.02960713217737782
DM_RNA_398578.3.peg.4906,0.0,1.0111299511477412e-32
DM_RNA_g.1274.peg.4907,0.0,2.0339410804873055e-32
DM_RNA_g.1274.peg.4908,0.0,-0.021896883986187984
DM_RNA_g.1274.peg.4910,0.0,9.147209419619603e-33
DM_RNA_398578.3.peg.4913,0.0,-7.394017318538095e-32
DM_RNA_398578.3.peg.4914,0.0,0.0
DM_RNA_g.1274.peg.4917,0.0,-0.015045269864324503
DM_RNA_398578.3.peg.4928,0.0,-0.01587846494903728
DM_RNA_g.1274.peg.4936,0.0,-0.04980401206282329
DM_RNA_398578.3.peg.4937,0.0,-0.027492086984873106
DM_RNA_g.1274.peg.4939,0.0,-0.05394756953708802
DM_RNA_398578.3.peg.4939,0.0,-0.025770394616294687
DM_RNA_398578.3.peg.4942,0.0,-0.028629997734786607
DM_RNA_g.1274.peg.4948,0.0,-0.014988198444849917
DM_RNA_g.1274.peg.4950,0.0,-0.015871235975331074
DM_RNA_g.1274.peg.4952,0.0,-0.014364868678830751
DM_RNA_g.1274.peg.4953,0.0,2.4793214082857513e-32
DM_RNA_398578.3.peg.4953,0.0,-0.011069528532983488
DM_RNA_g.1274.peg.4954,0.0,-0.007360267313073494
DM_RNA_g.1274.peg.4955,0.0,-0.018882216779487457
DM_RNA_g.1274.peg.4956,0.0,-0.026980651437747496
DM_RNA_g.1274.peg.4959,0.0,0.0
DM_RNA_g.1274.peg.4965,0.0,-0.04243376950107113
DM_RNA_g.1274.peg.4967,0.0,0.0
DM_RNA_g.1274.peg.4970,0.0,-0.009345606743045498
DM_RNA_g.1274.peg.4977,0.0,0.0
DM_RNA_g.1274.peg.4983,0.0,-0.0062548436786199185
DM_RNA_398578.3.peg.4984,0.0,-0.03110353572488
DM_RNA_g.1274.peg.4986,0.0,1.1242229650250313e-32
DM_RNA_g.1274.peg.4987,0.0,-9.613428495080296e-33
DM_RNA_g.1274.peg.4989,0.0,0.0
DM_RNA_398578.3.peg.4991,0.0,-0.030323766828469413
DM_RNA_398578.3.peg.4992,0.0,-0.02530138215731972
DM_RNA_g.1274.peg.4994,0.0,-0.02318566586865298
DM_RNA_g.1274.peg.5003,0.0,-0.015062556022935044
DM_RNA_398578.3.peg.5005,0.0,-0.009345606743045498
DM_RNA_g.1274.peg.5007,0.0,0.0
DM_RNA_g.1274.peg.5014,0.0,-0.005660248705261072
DM_RNA_g.1274.peg.5015,0.0,0.0
DM_RNA_g.1274.peg.5016,0.0,-0.012286520098149728
DM_RNA_g.1274.peg.5023,0.0,-1.4548747070229966e-32
DM_RNA_g.1274.peg.5026,0.0,-0.026052679140742618
DM_RNA_398578.3.peg.5033,0.0,0.0
DM_RNA_g.1274.peg.5040,9.162198417935605e-34,0.0
DM_RNA_g.1274.peg.5043,0.0,-0.031127869636863387
DM_RNA_g.1274.peg.5044,0.0,0.0
DM_RNA_g.1274.peg.5045,0.0,-1.3299376073700716e-32
DM_RNA_g.1274.peg.5052,0.0,0.0
DM_RNA_g.1274.peg.5058,-6.470914147173268e-21,5.058542625300232e-33
DM_RNA_g.1274.peg.5065,0.0,-0.1042576414450615
DM_RNA_g.1274.peg.5073,0.0,-0.016953566357753188
DM_RNA_g.1274.peg.5076,0.0,-0.020286843688581788
DM_RNA_g.1274.peg.5079,0.0,5.255747015914338e-33
DM_RNA_g.1274.peg.5080,0.0,-1.9148215475142212e-32
DM_RNA_g.1274.peg.5084,0.0,1.465721224903505e-32
DM_RNA_398578.3.peg.5086,0.0,-0.027206601191006076
DM_RNA_398578.3.peg.5087,0.0,-0.036494293900569734
DM_RNA_g.1274.peg.5088,-1.3609067045339772e-30,0.0
DM_RNA_398578.3.peg.5090,0.0,-0.028353895486863567
DM_RNA_g.1274.peg.5095,0.0,-1.3940172108405312e-32
DM_RNA_g.1274.peg.5096,0.0,-0.017360184073255784
DM_RNA_g.1274.peg.5112,0.0,-1.8238543940794431e-32
DM_RNA_g.1274.peg.5118,0.0,-0.018641292422249687
DM_RNA_398578.3.peg.5122,0.0,-0.02961925925361772
DM_RNA_g.1274.peg.5127,0.0,-1.5560690324557411e-32
DM_RNA_g.1274.peg.5131,0.0,-0.026384811537067045
DM_RNA_g.1274.peg.5132,0.0,2.727814852616446e-32
DM_RNA_g.1274.peg.5142,0.0,-0.03256175265532947
DM_RNA_g.1274.peg.5145,0.0,-0.02175945665397949
DM_RNA_g.1274.peg.5154,0.0,-1.4592558583216065e-32
DM_RNA_g.1274.peg.5159,0.0,1.5903252681394247e-32
DM_RNA_g.1274.peg.5161,0.0,-0.03967364763339288
DM_RNA_398578.3.peg.5164,0.0,-0.01645324015448076
DM_RNA_g.1274.peg.5167,0.0,0.0
DM_RNA_g.1274.peg.5170,0.0,-0.026043627619900638
DM_RNA_g.1274.peg.5173,0.0,-1.9177460711585728e-32
DM_RNA_g.1274.peg.5174,0.0,0.0
DM_RNA_g.1274.peg.5175,0.0,1.3002738305403592e-32
DM_RNA_398578.3.peg.5181,0.0,-0.024445337933690692
DM_RNA_g.1274.peg.5182,0.0,0.0
DM_RNA_g.1274.peg.5187,0.0,-1.8347424641663746e-32
DM_RNA_g.1274.peg.5191,0.0,-1.9725101435026732e-32
DM_RNA_g.1274.peg.5199,0.0,0.0
DM_RNA_398578.3.peg.5200,0.0,-0.031428350949664535
DM_RNA_398578.3.peg.5201,0.0,0.0
DM_RNA_398578.3.peg.5202,0.0,-0.027173010912092822
DM_RNA_g.1274.peg.5207,0.0,0.0
DM_RNA_g.1274.peg.5214,0.0,-0.018091428789045606
DM_RNA_g.1274.peg.5215,0.0,-0.04596056324069606
DM_RNA_398578.3.peg.5217,0.0,1.7736727264804432e-32
DM_RNA_g.1274.peg.5218,0.0,-0.01204414423702044
DM_RNA_398578.3.peg.5219,0.0,-0.014350153426849754
DM_RNA_398578.3.peg.5220,0.0,-0.02359301252446484
DM_RNA_398578.3.peg.5221,0.0,0.0
DM_RNA_g.1274.peg.5222,0.0,-0.02430754583232159
DM_RNA_398578.3.peg.5224,0.0,-0.014816467034490952
DM_RNA_398578.3.peg.5225,0.0,-0.027713733055697375
DM_RNA_398578.3.peg.5226,0.0,0.0
DM_RNA_g.1274.peg.5227,0.0,-0.03787874348654755
DM_RNA_g.1274.peg.5229,0.0,-0.02285081240421624
DM_RNA_g.1274.peg.5231,0.0,9.247612796873237e-33
DM_RNA_g.1274.peg.5232,-9.22809073579401e-31,2.39072993545619e-32
DM_RNA_398578.3.peg.5234,0.0,-1.420679020541798e-32
DM_RNA_g.1274.peg.5236,0.0,-0.01697684171853523
DM_RNA_398578.3.peg.5237,0.0,-0.024253316718089266
DM_RNA_398578.3.peg.5240,0.0,-0.017063434076672802
DM_RNA_g.1274.peg.5248,0.0,0.0
DM_RNA_g.1274.peg.5249,0.0,0.0
DM_RNA_g.1274.peg.5250,0.0,-1.0841362220720656e-32
DM_RNA_g.1274.peg.5254,0.0,-1.898748300633431e-32
DM_RNA_g.1274.peg.5256,0.0,-0.02716947805589449
DM_RNA_g.1274.peg.5258,0.0,0.0
DM_RNA_g.1274.peg.5260,0.0,0.0
DM_RNA_g.1274.peg.5261,0.0,-0.02539683219142372
DM_RNA_g.1274.peg.5262,0.0,-0.027239719905721216
DM_RNA_g.1274.peg.5274,0.0,-0.020009242363752046
DM_RNA_398578.3.peg.5275,0.0,-0.03749721833373818
DM_RNA_g.1274.peg.5280,0.0,0.0
DM_RNA_g.1274.peg.5285,0.0,-0.03273176243390731
DM_RNA_g.1274.peg.5286,0.0,-0.03018961137713112
DM_RNA_g.1274.peg.5289,0.0,0.0
DM_RNA_g.1274.peg.5294,0.0,-0.02044232982318687
DM_RNA_g.1274.peg.5296,0.0,3.0094680555619756e-32
DM_RNA_398578.3.peg.5298,0.0,-0.032684245887051704
DM_RNA_g.1274.peg.5308,0.0,-0.02520505334292991
DM_RNA_398578.3.peg.5309,0.0,-0.021069238788138493
DM_RNA_g.1274.peg.5319,0.0,0.0
DM_RNA_g.1274.peg.5326,0.0,-2.1107514215714903e-32
DM_RNA_g.1274.peg.5327,0.0,-0.007894982146486844
DM_RNA_g.1274.peg.5329,0.0,-0.03519104577061499
DM_RNA_g.1274.peg.5333,0.0,0.0
DM_RNA_g.1274.peg.5341,0.0,-1.9303657500712916e-32
DM_RNA_398578.3.peg.5354,0.0,0.0
DM_RNA_g.1274.peg.5357,0.0,-1.693045301920312e-32
DM_RNA_g.1274.peg.5360,0.0,0.0
DM_RNA_g.1274.peg.5361,0.0,-1.0329017834696882e-32
DM_RNA_g.1274.peg.5362,0.0,-2.496141002999528e-32
DM_RNA_g.1274.peg.5365,0.0,-0.029999476264817408
DM_RNA_398578.3.peg.5365,0.0,-0.023126023343770195
DM_RNA_g.1274.peg.5368,0.0,-0.0509143310890108
DM_RNA_g.1274.peg.5370,0.0,-9.955923559613366e-33
DM_RNA_g.1274.peg.5393,0.0,-0.026463452214830936
DM_RNA_g.1274.peg.5397,0.0,-0.014670529953347762
DM_RNA_g.1274.peg.5401,0.0,-0.035766485767036255
DM_RNA_g.1274.peg.5406,0.0,1.838106928099778e-32
DM_RNA_g.1274.peg.5408,0.0,-1.2277270249612178e-32
DM_RNA_g.1274.peg.5410,0.0,-0.01891042179083796
DM_RNA_g.1274.peg.5415,0.0,1.974426678238167e-32
DM_RNA_g.1274.peg.5429,0.0,1.4678771980188798e-32
DM_RNA_398578.3.peg.5431,0.0,-0.016084982639657092
DM_RNA_g.1274.peg.5434,0.0,2.8756251212432365e-32
DM_RNA_g.1274.peg.5437,0.0,-0.014582025961823447
DM_RNA_g.1274.peg.5439,0.0,-0.03183277803690247
DM_RNA_g.1274.peg.5461,0.0,-0.0029738828282353117
DM_RNA_g.1274.peg.5462,0.0,-0.008621588433247345
DM_RNA_398578.3.peg.5465,0.0,-0.025257285912993827
DM_RNA_g.1274.peg.5473,0.0,-0.03842680785650653
DM_RNA_398578.3.peg.5473,0.0,-0.014207779173285627
DM_RNA_g.1274.peg.5474,0.0,0.0
DM_RNA_398578.3.peg.5478,0.0,-1.4355073984509312e-32
DM_RNA_398578.3.peg.5500,0.0,-9.30158311973566e-33
DM_RNA_398578.3.peg.5501,0.0,7.92291788719517e-33
DM_RNA_g.1274.peg.5502,0.0,1.559215707264103e-32
DM_RNA_398578.3.peg.5502,0.0,0.0
DM_RNA_398578.3.peg.5503,0.0,-0.024790371617353948
DM_RNA_g.1274.peg.5504,0.0,0.0
DM_RNA_398578.3.peg.5506,0.0,-0.029033778923762167
DM_RNA_398578.3.peg.5508,0.0,0.0
DM_RNA_g.1274.peg.5510,0.0,-0.03442691563070775
DM_RNA_g.1274.peg.5527,0.0,-0.012536345609783612
DM_RNA_g.1274.peg.5528,0.0,-0.016490634668120948
DM_RNA_398578.3.peg.5532,0.0,0.0
DM_RNA_g.1274.peg.5534,0.0,-0.005491933120540543
DM_RNA_g.1274.peg.5536,0.0,-0.01039592695987215
DM_RNA_398578.3.peg.5539,0.0,0.0
DM_RNA_398578.3.peg.5540,0.0,-0.1042576414450615
DM_RNA_g.1274.peg.5544,0.0,-0.022314744520351554
DM_RNA_g.1274.peg.5546,0.0,1.6010756528842236e-32
DM_RNA_398578.3.peg.5557,0.0,-0.011988668505426259
DM_RNA_g.1274.peg.5560,0.0,-0.020851421532923298
DM_RNA_g.1274.peg.5565,0.0,-1.7158831122495588e-32
DM_RNA_g.1274.peg.5568,0.0,-0.013308400593309459
DM_RNA_g.1274.peg.5570,0.0,0.0
DM_RNA_g.1274.peg.5572,0.0,-0.029075572107480352
DM_RNA_g.1274.peg.5577,0.0,1.68521547022137e-32
DM_RNA_398578.3.peg.5580,0.0,-0.03442691563070775
DM_RNA_398578.3.peg.5581,0.0,-1.7485736626643457e-32
DM_RNA_g.1274.peg.5583,0.0,-0.011008169393853606
DM_RNA_g.1274.peg.5585,0.0,-9.30158311973566e-33
DM_RNA_g.1274.peg.5586,0.0,-0.006829856881431886
DM_RNA_398578.3.peg.5589,0.0,0.0
DM_RNA_g.1274.peg.5591,0.0,-0.022758332324820874
DM_RNA_g.1274.peg.5598,0.0,-0.018161555491220775
DM_RNA_398578.3.peg.5598,0.0,0.0
DM_RNA_g.1274.peg.5612,0.0,0.0
DM_RNA_g.1274.peg.5616,0.0,0.0
DM_RNA_398578.3.peg.5617,0.0,0.0
DM_RNA_g.1274.peg.5619,0.0,2.9958909511790746e-32
DM_RNA_g.1274.peg.5628,0.0,-0.02469877088515557
DM_RNA_g.1274.peg.5634,0.0,-0.03433712431020884
DM_RNA_g.1274.peg.5642,0.0,-0.01938465905366016
DM_RNA_g.1274.peg.5651,0.0,0.0
DM_RNA_g.1274.peg.5652,-1.8701731781414282e-30,0.0
DM_RNA_g.1274.peg.5653,0.0,0.0
DM_RNA_398578.3.peg.5653,0.0,-0.03365994551405211
DM_RNA_g.1274.peg.5654,0.0,-0.024788895420595976
DM_RNA_398578.3.peg.5655,0.0,-0.035766485767036255
DM_RNA_398578.3.peg.5656,0.0,-0.021012178124471204
DM_RNA_g.1274.peg.5658,0.0,0.0
DM_RNA_g.1274.peg.5662,0.0,-0.028705835649489406
DM_RNA_g.1274.peg.5663,0.0,5.2848990532585435e-33
DM_RNA_g.1274.peg.5664,0.0,0.0
DM_RNA_398578.3.peg.5666,0.0,0.0
DM_RNA_398578.3.peg.5667,0.0,-0.0179091464390741
DM_RNA_g.1274.peg.5670,0.0,-1.5900762672710632e-32
DM_RNA_g.1274.peg.5671,0.0,-4.632082009092963e-33
DM_RNA_g.1274.peg.5672,0.0,-0.014207779173285627
DM_RNA_g.1274.peg.5679,0.0,-1.9103415060871913e-32
DM_RNA_g.1274.peg.5680,0.0,0.0
DM_RNA_g.1274.peg.5681,0.0,-1.0808296473885984e-32
DM_RNA_g.1274.peg.5683,0.0,-0.03577554952420397
DM_RNA_g.1274.peg.5685,0.0,1.5406142100852247e-32
DM_RNA_g.1274.peg.5690,0.0,-0.060274994301762
DM_RNA_g.1274.peg.5700,0.0,0.0
DM_RNA_398578.3.peg.5704,0.0,-0.015523268653966214
DM_RNA_g.1274.peg.5705,0.0,-0.0064043973165461175
DM_RNA_g.1274.peg.5706,0.0,0.0
DM_RNA_g.1274.peg.5708,0.0,0.0
DM_RNA_g.1274.peg.5712,0.0,-0.03734313561428297
DM_RNA_398578.3.peg.5715,0.0,-0.023378072161016828
DM_RNA_g.1274.peg.5717,0.0,9.535111021406466e-33
DM_RNA_g.1274.peg.5719,0.0,-0.02785381762954474
DM_RNA_g.1274.peg.5723,0.0,1.6199519253778472e-32
DM_RNA_398578.3.peg.5725,0.0,-0.010217564083905763
DM_RNA_398578.3.peg.5726,0.0,-1.5050707367418464e-32
DM_RNA_398578.3.peg.5728,0.0,-1.2403379235077393e-32
DM_RNA_g.1274.peg.5736,0.0,8.593031695615165e-33
DM_RNA_g.1274.peg.5737,0.0,1.957303667634451e-32
DM_RNA_g.1274.peg.5738,0.0,1.6575988434069213e-32
DM_RNA_g.1274.peg.5741,0.0,0.0
DM_RNA_g.1274.peg.5747,0.0,9.1459538254187e-33
DM_RNA_398578.3.peg.5750,0.0,1.5903252681394247e-32
DM_RNA_g.1274.peg.5754,0.0,-0.018582938257843996
DM_RNA_398578.3.peg.5755,0.0,-1.5900762672710632e-32
DM_RNA_g.1274.peg.5761,4.672435538439515e-31,-1.0336369213081646e-32
DM_RNA_g.1274.peg.5763,-1.449188015238288e-30,0.0
DM_RNA_398578.3.peg.5770,0.0,0.0
DM_RNA_g.1274.peg.5774,2.76935645352509e-31,0.0
DM_RNA_398578.3.peg.5777,0.0,-1.3521313672178e-32
DM_RNA_g.1274.peg.5793,0.0,-0.028292211903371365
DM_RNA_g.1274.peg.5799,0.0,-0.03752546337329712
DM_RNA_g.1274.peg.5801,0.0,-0.01906747183057691
DM_RNA_g.1274.peg.5807,0.0,-0.05849301003354871
DM_RNA_g.1274.peg.5812,0.0,-0.01199462776731773
DM_RNA_398578.3.peg.5812,0.0,0.0
DM_RNA_g.1274.peg.5814,0.0,-0.03619454884300505
DM_RNA_g.1274.peg.5824,0.0,0.0
DM_RNA_398578.3.peg.5831,0.0,0.0
DM_RNA_g.1274.peg.5834,0.0,1.091751846737005e-32
DM_RNA_g.1274.peg.5836,0.0,1.2602218027657674e-32
DM_RNA_g.1274.peg.5837,0.0,1.2645661701696684e-32
DM_RNA_g.1274.peg.5838,0.0,0.0
DM_RNA_g.1274.peg.5848,0.0,-0.02736558912914334
DM_RNA_g.1274.peg.5851,0.0,-0.03765431238771718
DM_RNA_g.1274.peg.5854,0.0,-1.1167492166496079e-32
DM_RNA_g.1274.peg.5856,0.0,-0.020874257868602537
DM_RNA_g.1274.peg.5866,0.0,3.1307502120152395e-32
DM_RNA_g.1274.peg.5878,0.0,-0.021174392453552508
DM_RNA_398578.3.peg.5880,0.0,0.0
DM_RNA_g.1274.peg.5883,0.0,0.0
DM_RNA_g.1274.peg.5884,0.0,-1.0210226535665868e-32
DM_RNA_398578.3.peg.5884,0.0,-0.031641404490487385
DM_RNA_g.1274.peg.5894,0.0,0.0
DM_RNA_g.1274.peg.5898,0.0,-0.017941800746181444
DM_RNA_g.1274.peg.5899,0.0,-0.03428336204857133
DM_RNA_g.1274.peg.5907,0.0,-2.667021309266608e-32
DM_RNA_g.1274.peg.5909,0.0,-0.08922875254818878
DM_RNA_g.1274.peg.5911,0.0,-9.352159475839932e-33
DM_RNA_g.1274.peg.5915,0.0,-0.01776106354552926
DM_RNA_g.1274.peg.5917,0.0,-0.033589991440375645
DM_RNA_g.1274.peg.5924,0.0,-1.778572659222549e-32
DM_RNA_g.1274.peg.5929,0.0,-0.016983258852970615
DM_RNA_g.1274.peg.5937,0.0,0.0
DM_RNA_g.1274.peg.5942,0.0,-0.024415905382298993
DM_RNA_398578.3.peg.5950,1.6741823023948612e-33,0.0
DM_RNA_g.1274.peg.5951,0.0,-0.03149908471656529
DM_RNA_g.1274.peg.5960,0.0,-1.8692181658453977e-32
DM_RNA_g.1274.peg.5961,0.0,-0.03302845316662432
DM_RNA_g.1274.peg.5963,0.0,-0.04216913793146622
DM_RNA_g.1274.peg.5969,0.0,0.0
DM_RNA_g.1274.peg.5970,0.0,-0.004155249901706119
DM_RNA_g.1274.peg.5976,0.0,-0.024621471955208606
DM_RNA_g.1274.peg.5980,0.0,0.0
DM_RNA_398578.3.peg.5981,0.0,-1.594483296787089e-32
DM_RNA_g.1274.peg.5984,0.0,-0.016669853955168276
DM_RNA_g.1274.peg.5996,2.4182344814136773e-31,-1.9314021476955438e-32
DM_RNA_g.1274.peg.6004,0.0,1.2928018376263143e-32
DM_RNA_g.1274.peg.6010,0.0,-0.011663145858131503
DM_RNA_398578.3.peg.6020,0.0,0.0
DM_RNA_398578.3.peg.6025,0.0,-0.02529756630328455
DM_RNA_g.1274.peg.6029,0.0,-0.03697222956755003
DM_RNA_g.1274.peg.6042,5.04942003547043e-31,-6.0926509132507144e-33
DM_RNA_g.1274.peg.6045,0.0,-0.017586936160616986
DM_RNA_g.1274.peg.6048,0.0,-0.016677610039826558
DM_RNA_g.1274.peg.6050,0.0,0.0
DM_RNA_g.1274.peg.6055,0.0,-0.03257614414184373
DM_RNA_g.1274.peg.6061,0.0,-0.0317126465208991
DM_RNA_g.1274.peg.6067,0.0,-0.02313572574479906
DM_RNA_g.1274.peg.6068,0.0,-1.0770881822136512e-32
DM_RNA_g.1274.peg.6077,0.0,0.0
DM_RNA_g.1274.peg.6083,0.0,0.0
DM_RNA_g.1274.peg.6084,0.0,0.0
DM_RNA_g.1274.peg.6094,0.0,1.1463901270710399e-32
DM_RNA_g.1274.peg.6099,0.0,0.0
DM_RNA_g.1274.peg.6102,0.0,-0.021672878640123253
DM_RNA_g.1274.peg.6111,0.0,0.0
DM_RNA_g.1274.peg.6118,0.0,-0.004364486128333141
DM_RNA_g.1274.peg.6121,0.0,-0.01759488508974901
DM_RNA_g.1274.peg.6127,0.0,-0.030488792787600118
DM_RNA_DACI_RS01570,0.0,-0.0017265671263030796
DM_RNA_DACI_RS02525,0.0,-0.0017128249700673502
DM_RNA_DACI_RS02530,0.0,-0.0019244842108132236
DM_RNA_DACI_RS02535,0.0,-0.0016567579822212683
DM_RNA_DACI_RS02540,0.0,-0.0016881915324359479
DM_RNA_DACI_RS02550,0.0,-0.0016989674403322132
DM_RNA_DACI_RS02620,0.0,-0.0017068622316862665
DM_RNA_DACI_RS03330,0.0,-0.03355755887390473
DM_RNA_DACI_RS03335,0.0,-0.0017274649839095452
DM_RNA_DACI_RS03340,0.0,-0.0017088245263613723
DM_RNA_DACI_RS03345,0.0,-0.06279563833760698
DM_RNA_DACI_RS03350,0.0,-0.002507836613048261
DM_RNA_DACI_RS03355,0.0,-0.03355755887390473
DM_RNA_DACI_RS03360,0.0,-0.0017274649839095452
DM_RNA_DACI_RS03365,0.0,-0.0017088245263613723
DM_RNA_DACI_RS03370,0.0,-0.06279563833760698
DM_RNA_DACI_RS03375,0.0,-0.002507836613048261
DM_RNA_DACI_RS05320,0.0,-0.0017265671263030796
DM_RNA_DACI_RS07670,0.0,-0.0017259029475106657
DM_RNA_DACI_RS08335,0.0,-0.0016813309364483986
DM_RNA_DACI_RS09505,0.0,-0.002014292411730172
DM_RNA_DACI_RS09920,0.0,-0.0017251629143624852
DM_RNA_DACI_RS10110,0.0,-0.0017297972951587411
DM_RNA_DACI_RS10115,0.0,-0.0017297972951587411
DM_RNA_DACI_RS10535,0.0,-0.001965425794743603
DM_RNA_DACI_RS11070,0.0,-0.0019194071207818547
DM_RNA_DACI_RS12560,0.0,-0.002081429469690833
DM_RNA_DACI_RS12565,0.0,-0.03355755887390473
DM_RNA_DACI_RS12570,0.0,-0.0017274649839095452
DM_RNA_DACI_RS12575,0.0,-0.0017088245263613723
DM_RNA_DACI_RS12580,0.0,-0.06279563833760698
DM_RNA_DACI_RS12585,0.0,-0.002507836613048261
DM_RNA_DACI_RS12885,0.0,-0.0019589444927716397
DM_RNA_DACI_RS13260,0.0,-0.0017038959833467926
DM_RNA_DACI_RS13265,0.0,-0.0017038959833467926
DM_RNA_DACI_RS13270,0.0,-0.0017038959833467926
DM_RNA_DACI_RS13275,0.0,-0.00166035816765102
DM_RNA_DACI_RS13285,0.0,-0.0017038959833467926
DM_RNA_DACI_RS13290,0.0,-0.0020425562764934623
DM_RNA_DACI_RS14320,0.0,-0.001728129162701959
DM_RNA_DACI_RS14365,0.0,-0.001728129162701959
DM_RNA_DACI_RS14440,0.0,-0.0017134891488597643
DM_RNA_DACI_RS14450,0.0,-0.0016965592747272505
DM_RNA_DACI_RS14455,0.0,-0.0016965592747272505
DM_RNA_DACI_RS14555,0.0,-0.0017301975534349673
DM_RNA_DACI_RS14785,0.0,-0.0020198851335371656
DM_RNA_DACI_RS14865,0.0,-0.0020198851335371656
DM_RNA_DACI_RS16425,0.0,-0.0016968990495992047
DM_RNA_DACI_RS17105,0.0,-0.0016985974237581228
DM_RNA_DACI_RS17570,0.0,-0.0021533218752562947
DM_RNA_DACI_RS20015,0.0,-0.0016806969993581207
DM_RNA_DACI_RS20020,0.0,-0.0016806969993581207
DM_RNA_DACI_RS20025,0.0,-0.0016806969993581207
DM_RNA_DACI_RS20030,0.0,-0.0016806969993581207
DM_RNA_DACI_RS20860,0.0,-0.0016600183927790659
DM_RNA_DACI_RS23175,0.0,-0.0017423567090111864
DM_RNA_DACI_RS23190,0.0,-0.0017423567090111864
DM_RNA_DACI_RS23465,0.0,-0.0017393904606717125
DM_RNA_DACI_RS23995,0.0,-0.0017313895732597566
DM_RNA_DACI_RS24000,0.0,-0.0017049604204154329
DM_RNA_DACI_RS24005,0.0,-0.0017045299204370705
DM_RNA_DACI_RS24035,0.0,-0.0017313895732597566
DM_RNA_DACI_RS24040,0.0,-0.0017049604204154329
DM_RNA_DACI_RS24045,0.0,-0.0017045299204370705
DM_RNA_DACI_RS24050,0.0,-0.0017313895732597566
DM_RNA_DACI_RS24055,0.0,-0.0017049604204154329
DM_RNA_DACI_RS24060,0.0,-0.0017313895732597566
DM_RNA_DACI_RS24065,0.0,-0.0017049604204154329
DM_RNA_DACI_RS24070,0.0,-0.0017045299204370705
DM_RNA_DACI_RS24525,0.0,-0.0017015636720975967
DM_RNA_DACI_RS24530,0.0,-0.0017015636720975967
DM_RNA_DACI_RS24535,0.0,-0.0017015636720975967
DM_RNA_DACI_RS25015,0.0,-0.001902447004947205
DM_RNA_DACI_RS25020,0.0,-0.001902447004947205
DM_RNA_DACI_RS25025,0.0,-0.001902447004947205
DM_RNA_DACI_RS25030,0.0,-0.001902447004947205
DM_RNA_DACI_RS26185,0.0,-0.0019060169486748207
DM_RNA_DACI_RS26955,0.0,-0.0017009297350073188
DM_RNA_DACI_RS26960,0.0,-0.0017009297350073188
DM_RNA_DACI_RS26965,0.0,-0.0017009297350073188
DM_RNA_DACI_RS27405,0.0,-0.0017297972951587411
DM_RNA_DACI_RS27410,0.0,-0.0017674328558777022
DM_RNA_DACI_RS27485,0.0,-0.0017251629143624852
DM_RNA_DACI_RS27765,0.0,-0.0017334277222906288
DM_RNA_DACI_RS27825,0.0,-0.0017049301787132969
DM_RNA_DACI_RS30275,0.0,-0.002507836613048261
DM_RNA_DACI_RS30280,0.0,-0.06279563833760698
DM_RNA_DACI_RS30285,0.0,-0.0017088245263613723
DM_RNA_DACI_RS30290,0.0,-0.0017274649839095452
DM_RNA_DACI_RS30295,0.0,-0.03355755887390473
DM_RNA_DACI_RS30300,0.0,-0.002507836613048261
DM_RNA_DACI_RS30305,0.0,-0.06279563833760698
DM_RNA_DACI_RS30310,0.0,-0.0017088245263613723
DM_RNA_DACI_RS30315,0.0,-0.0017274649839095452
DM_RNA_DACI_RS30320,0.0,-0.03355755887390473
formation_398578.3.peg.1016-MONOMER,0.0,0.0
formation_398578.3.peg.113-MONOMER,1.372450030192046e-09,0.0
formation_398578.3.peg.115-MONOMER,0.0,0.0
formation_398578.3.peg.1206-MONOMER,0.0,3.6043338374585625e-34
formation_398578.3.peg.1246-MONOMER,0.0,0.0
formation_398578.3.peg.1247-MONOMER,0.0,9.71155435685652e-35
formation_398578.3.peg.1255-MONOMER,0.0,0.0
formation_398578.3.peg.1287-MONOMER,0.0,8.190005165011296e-35
formation_398578.3.peg.1295-MONOMER,1.475347024800301e-11,-1.2412034308165808e-34
formation_398578.3.peg.1318-MONOMER,-3.7529344822589225e-29,0.0
formation_398578.3.peg.1354-MONOMER,0.0,0.0
formation_398578.3.peg.1366-MONOMER,0.0,0.0
formation_398578.3.peg.1378-MONOMER,0.0,0.0
formation_398578.3.peg.1404-MONOMER,0.0,0.0
formation_398578.3.peg.1434-MONOMER,0.0,-2.6461133983539503e-34
formation_398578.3.peg.153-MONOMER,0.0,0.0
formation_398578.3.peg.1543-MONOMER,1.3971778966850348e-11,1.8301485796195195e-34
formation_398578.3.peg.1561-MONOMER,0.0,3.914484593401314e-34
formation_398578.3.peg.1567-MONOMER,-1.631385209605536e-29,0.0
formation_398578.3.peg.1578-MONOMER,0.0,0.0
formation_398578.3.peg.1579-MONOMER,0.0,0.0
formation_398578.3.peg.168-MONOMER,0.0,1.854872469615921e-34
formation_398578.3.peg.1791-MONOMER,0.0,0.0
formation_398578.3.peg.1798-MONOMER,2.0627886932824626e-11,0.0
formation_398578.3.peg.1825-MONOMER,0.0,-4.236024772291343e-34
formation_398578.3.peg.1828-MONOMER,1.3223337230611463e-07,2.9821512238939025e-35
formation_398578.3.peg.1865-MONOMER,0.0,0.0
formation_398578.3.peg.1987-MONOMER,0.0,0.0
formation_398578.3.peg.1988-MONOMER,0.0,-1.6636711953482066e-34
formation_398578.3.peg.210-MONOMER,-2.54343000983083e-43,2.7163848886626476e-34
formation_398578.3.peg.2101-MONOMER,0.0,0.0
formation_398578.3.peg.2171-MONOMER,0.0,2.574722026352368e-34
formation_398578.3.peg.2172-MONOMER,1.5005461703227183e-29,0.0
formation_398578.3.peg.2180-MONOMER,0.0,5.710125506789381e-35
formation_398578.3.peg.2182-MONOMER,0.0,0.0
formation_398578.3.peg.2205-MONOMER,0.0,0.0
formation_398578.3.peg.2302-MONOMER,0.0,0.0
formation_398578.3.peg.2304-MONOMER,9.397539946782808e-30,0.0
formation_398578.3.peg.238-MONOMER,1.318130166570955e-29,0.0
formation_398578.3.peg.2413-MONOMER,2.6292967598388284e-08,9.96047507900259e-34
formation_398578.3.peg.2420-MONOMER,1.6160546193262163e-08,0.0
formation_398578.3.peg.2441-MONOMER,0.0,0.0
formation_398578.3.peg.2456-MONOMER,0.0,0.0
formation_398578.3.peg.2458-MONOMER,4.262206125701444e-12,0.0
formation_398578.3.peg.2459-MONOMER,4.6686469910485506e-11,0.0
formation_398578.3.peg.248-MONOMER,0.0,0.0
formation_398578.3.peg.2502-MONOMER,0.0,-9.011464862383654e-34
formation_398578.3.peg.256-MONOMER,1.700248911363253e-29,0.0
formation_398578.3.peg.2642-MONOMER,0.0,0.0
formation_398578.3.peg.2646-MONOMER,0.0,-7.408046764654011e-34
formation_398578.3.peg.2747-MONOMER,0.0,0.0
formation_398578.3.peg.277-MONOMER,0.0,0.0
formation_398578.3.peg.2781-MONOMER,0.0,0.0
formation_398578.3.peg.2782-MONOMER,0.0,0.0
formation_398578.3.peg.2793-MONOMER,0.0,-6.761024323128929e-35
formation_398578.3.peg.2795-MONOMER,0.0,-1.4961841524264808e-34
formation_398578.3.peg.2797-MONOMER,0.0,0.0
formation_398578.3.peg.2808-MONOMER,0.0,-3.2899020245792915e-34
formation_398578.3.peg.2834-MONOMER,0.0,0.0
formation_398578.3.peg.2999-MONOMER,5.2697773770124104e-30,-1.372548341245927e-33
formation_398578.3.peg.3000-MONOMER,0.0,0.0
formation_398578.3.peg.3013-MONOMER,0.0,0.0
formation_398578.3.peg.3043-MONOMER,0.0,-2.717984543966582e-34
formation_398578.3.peg.3064-MONOMER,0.0,0.0
formation_398578.3.peg.3099-MONOMER,0.0,-1.5285900202470457e-34
formation_398578.3.peg.310-MONOMER,0.0,1.9221606664448536e-34
formation_398578.3.peg.315-MONOMER,3.820470297214105e-10,1.1933339822276732e-34
formation_398578.3.peg.3282-MONOMER,0.0,1.5464182752632648e-34
formation_398578.3.peg.3285-MONOMER,0.0,0.0
formation_398578.3.peg.3347-MONOMER,0.0,-2.526737415152841e-34
formation_398578.3.peg.341-MONOMER,-8.777575398152844e-30,0.0
formation_398578.3.peg.346-MONOMER,0.0,2.351710592263764e-34
formation_398578.3.peg.3523-MONOMER,0.0,1.3695893244555776e-34
formation_398578.3.peg.3525-MONOMER,0.0,5.839337331428184e-35
formation_398578.3.peg.3530-MONOMER,-4.1414226383958137e-32,0.0
formation_398578.3.peg.3553-MONOMER,0.0,0.0
formation_398578.3.peg.3630-MONOMER,0.0,0.0
formation_398578.3.peg.3635-MONOMER,0.0,1.5139968743555767e-34
formation_398578.3.peg.3692-MONOMER,0.0,-3.1511844176373694e-34
formation_398578.3.peg.3693-MONOMER,0.0,0.0
formation_398578.3.peg.3697-MONOMER,0.0,1.8459908209236065e-34
formation_398578.3.peg.3750-MONOMER,1.1505868127447994e-29,0.0
formation_398578.3.peg.3774-MONOMER,0.0,1.0458426535099241e-34
formation_398578.3.peg.3896-MONOMER,0.0,0.0
formation_398578.3.peg.3986-MONOMER,0.0,2.6868539961973976e-34
formation_398578.3.peg.4022-MONOMER,0.0,0.0
formation_398578.3.peg.4260-MONOMER,0.0,-1.9009406910948227e-34
formation_398578.3.peg.4270-MONOMER,0.0,-3.2982542636776255e-34
formation_398578.3.peg.4292-MONOMER,1.7453447200758187e-29,0.0
formation_398578.3.peg.4320-MONOMER,0.0,0.0
formation_398578.3.peg.4392-MONOMER,0.0,-1.6374148500175882e-34
formation_398578.3.peg.4457-MONOMER,7.104237585079232e-29,0.0
formation_398578.3.peg.4478-MONOMER,0.0,1.8080487182254099e-34
formation_398578.3.peg.4501-MONOMER,2.315065666255054e-09,0.0
formation_398578.3.peg.4537-MONOMER,0.0,0.0
formation_398578.3.peg.4555-MONOMER,0.0,-1.3655424196235748e-34
formation_398578.3.peg.4599-MONOMER,0.0,0.0
formation_398578.3.peg.4636-MONOMER,0.0,1.7228754381040993e-34
formation_398578.3.peg.4637-MONOMER,0.0,-5.966858335094241e-35
formation_398578.3.peg.4638-MONOMER,0.0,-3.0383719637858808e-34
formation_398578.3.peg.4703-MONOMER,0.0,-4.044058955507658e-34
formation_398578.3.peg.4704-MONOMER,0.0,-1.424297640713432e-34
formation_398578.3.peg.4705-MONOMER,0.0,0.0
formation_398578.3.peg.4750-MONOMER,0.0,0.0
formation_398578.3.peg.4754-MONOMER,3.197495513188216e-11,-3.7436138788196725e-34
formation_398578.3.peg.4814-MONOMER,0.0,0.0
formation_398578.3.peg.4833-MONOMER,0.0,-6.22211643930359e-34
formation_398578.3.peg.4844-MONOMER,0.0,0.0
formation_398578.3.peg.4845-MONOMER,0.0,1.545367805097118e-34
formation_398578.3.peg.4848-MONOMER,0.0,0.0
formation_398578.3.peg.4849-MONOMER,0.0,0.0
formation_398578.3.peg.4857-MONOMER,0.0,0.0
formation_398578.3.peg.4890-MONOMER,0.0,0.0
formation_398578.3.peg.4905-MONOMER,1.7169550683487426e-10,0.0
formation_398578.3.peg.4913-MONOMER,0.0,5.1980080694411225e-34
formation_398578.3.peg.4914-MONOMER,0.0,0.0
formation_398578.3.peg.4928-MONOMER,2.411212242097491e-09,0.0
formation_398578.3.peg.4937-MONOMER,2.0112285959240052e-10,-1.7096762941258989e-34
formation_398578.3.peg.4939-MONOMER,0.0,0.0
formation_398578.3.peg.4953-MONOMER,6.445852941179457e-11,0.0
formation_398578.3.peg.4992-MONOMER,0.0,1.882301624167541e-34
formation_398578.3.peg.5033-MONOMER,0.0,0.0
formation_398578.3.peg.5086-MONOMER,2.2581486234721206e-11,0.0
formation_398578.3.peg.5122-MONOMER,2.7305617510226623e-43,1.0120898883151776e-33
formation_398578.3.peg.5164-MONOMER,1.0077029511785827e-09,-3.1073739491381542e-34
formation_398578.3.peg.5181-MONOMER,1.474121437254299e-11,3.3840187923463763e-34
formation_398578.3.peg.5201-MONOMER,0.0,4.044580136218461e-34
formation_398578.3.peg.5202-MONOMER,3.2135429116827903e-08,0.0
formation_398578.3.peg.5217-MONOMER,0.0,2.757033411582608e-34
formation_398578.3.peg.5219-MONOMER,0.0,0.0
formation_398578.3.peg.5221-MONOMER,0.0,3.5865450634482384e-34
formation_398578.3.peg.5224-MONOMER,0.0,-1.1906443460183252e-34
formation_398578.3.peg.5225-MONOMER,0.0,0.0
formation_398578.3.peg.5226-MONOMER,0.0,0.0
formation_398578.3.peg.5240-MONOMER,0.0,0.0
formation_398578.3.peg.5275-MONOMER,0.0,-2.809986596782735e-34
formation_398578.3.peg.5298-MONOMER,7.005781029230942e-31,-1.6167627059746517e-34
formation_398578.3.peg.5309-MONOMER,0.0,0.0
formation_398578.3.peg.5354-MONOMER,0.0,-9.779213679238507e-35
formation_398578.3.peg.5365-MONOMER,2.5024636516770207e-11,0.0
formation_398578.3.peg.5431-MONOMER,4.7574118944003624e-11,0.0
formation_398578.3.peg.5473-MONOMER,1.8296153447866312e-11,0.0
formation_398578.3.peg.5478-MONOMER,0.0,0.0
formation_398578.3.peg.5500-MONOMER,0.0,0.0
formation_398578.3.peg.5501-MONOMER,0.0,0.0
formation_398578.3.peg.5502-MONOMER,0.0,7.144048668377351e-35
formation_398578.3.peg.5506-MONOMER,0.0,0.0
formation_398578.3.peg.5508-MONOMER,0.0,0.0
formation_398578.3.peg.5532-MONOMER,0.0,-7.112049046453777e-35
formation_398578.3.peg.5539-MONOMER,0.0,-3.3069644923339557e-34
formation_398578.3.peg.5540-MONOMER,0.0,0.0
formation_398578.3.peg.5580-MONOMER,0.0,0.0
formation_398578.3.peg.5581-MONOMER,0.0,0.0
formation_398578.3.peg.5589-MONOMER,0.0,0.0
formation_398578.3.peg.5598-MONOMER,0.0,0.0
formation_398578.3.peg.5617-MONOMER,0.0,0.0
formation_398578.3.peg.563-MONOMER,0.0,-2.9911896455223627e-34
formation_398578.3.peg.5653-MONOMER,7.131192037018337e-08,0.0
formation_398578.3.peg.5655-MONOMER,4.579587266802488e-44,-3.7715925265572245e-34
formation_398578.3.peg.5656-MONOMER,3.529389454811048e-10,-1.8213585884412361e-34
formation_398578.3.peg.5666-MONOMER,0.0,-1.732965255872531e-34
formation_398578.3.peg.5667-MONOMER,0.0,0.0
formation_398578.3.peg.5704-MONOMER,1.4869407120746765e-11,0.0
formation_398578.3.peg.5725-MONOMER,0.0,6.729123735017418e-35
formation_398578.3.peg.5726-MONOMER,0.0,2.577064334411524e-34
formation_398578.3.peg.5728-MONOMER,0.0,-1.093232367584672e-34
formation_398578.3.peg.5750-MONOMER,0.0,-2.84088518656159e-34
formation_398578.3.peg.5755-MONOMER,0.0,0.0
formation_398578.3.peg.5770-MONOMER,0.0,0.0
formation_398578.3.peg.5777-MONOMER,0.0,0.0
formation_398578.3.peg.5812-MONOMER,0.0,3.191085926454633e-34
formation_398578.3.peg.5831-MONOMER,0.0,0.0
formation_398578.3.peg.5880-MONOMER,0.0,0.0
formation_398578.3.peg.592-MONOMER,0.0,0.0
formation_398578.3.peg.5950-MONOMER,-2.1382314116710679e-32,0.0
formation_398578.3.peg.5981-MONOMER,0.0,0.0
formation_398578.3.peg.6020-MONOMER,0.0,0.0
formation_398578.3.peg.6025-MONOMER,0.0,9.934435086093157e-35
formation_398578.3.peg.66-MONOMER,0.0,0.0
formation_398578.3.peg.681-MONOMER,0.0,0.0
formation_398578.3.peg.726-MONOMER,0.0,0.0
formation_398578.3.peg.727-MONOMER,8.148432362329756e-10,0.0
formation_398578.3.peg.735-MONOMER,0.0,-6.407006706065672e-35
formation_398578.3.peg.751-MONOMER,0.0,1.564326532957622e-34
formation_398578.3.peg.752-MONOMER,0.0,0.0
formation_398578.3.peg.767-MONOMER,0.0,0.0
formation_398578.3.peg.768-MONOMER,0.0,0.0
formation_398578.3.peg.769-MONOMER,0.0,9.766541728865449e-35
formation_398578.3.peg.823-MONOMER,0.0,0.0
formation_398578.3.peg.827-MONOMER,4.8960418609420575e-29,0.0
formation_398578.3.peg.851-MONOMER,0.0,1.183255519535392e-34
formation_398578.3.peg.867-MONOMER,0.0,0.0
formation_398578.3.peg.868-MONOMER,-3.42261941315255e-29,0.0
formation_398578.3.peg.869-MONOMER,0.0,0.0
formation_398578.3.peg.889-MONOMER,0.0,-1.5212846433554223e-34
formation_398578.3.peg.934-MONOMER,9.09279121319923e-30,2.1843499786904966e-34
formation_398578.3.peg.937-MONOMER,0.0,-6.012907319848205e-34
formation_398578.3.peg.938-MONOMER,5.734471039100359e-29,0.0
formation_398578.3.peg.988-MONOMER,0.0,0.0
formation_398578.3.peg.989-MONOMER,0.0,7.515307456157059e-34
formation_398578.3.peg.998-MONOMER,0.0,0.0
formation_CPLX_3OAS100-0,0.0,-3.637922921120906e-34
formation_CPLX_3OAS100-1,5.066410858747475e-09,3.6387644820880085e-34
formation_CPLX_3OAS100-2,0.0,0.0
formation_CPLX_3OAS100-3,0.0,-3.471494785126581e-34
formation_CPLX_AACOAT-0,0.0,0.0
formation_CPLX_AACOAT-1,0.0,-2.57305293320398e-34
formation_CPLX_AACOAT-10,0.0,0.0
formation_CPLX_AACOAT-11,-3.9290644759308815e-30,-3.368985970730725e-34
formation_CPLX_AACOAT-12,0.0,0.0
formation_CPLX_AACOAT-13,0.0,-2.5313271217628836e-34
formation_CPLX_AACOAT-14,0.0,0.0
formation_CPLX_AACOAT-15,0.0,-2.5501901540973567e-34
formation_CPLX_AACOAT-16,0.0,2.7306498944944844e-34
formation_CPLX_AACOAT-17,0.0,5.067639988130086e-34
formation_CPLX_AACOAT-18,0.0,-4.9783334671101646e-34
formation_CPLX_AACOAT-19,0.0,-5.099851976175894e-34
formation_CPLX_AACOAT-2,0.0,-2.6740690171599793e-34
formation_CPLX_AACOAT-20,0.0,-7.441372949515439e-34
formation_CPLX_AACOAT-21,0.0,2.631531967582799e-34
formation_CPLX_AACOAT-22,0.0,-2.530749031152754e-34
formation_CPLX_AACOAT-3,0.0,2.672032575335293e-34
formation_CPLX_AACOAT-4,0.0,-2.4638508522891926e-34
formation_CPLX_AACOAT-5,0.0,0.0
formation_CPLX_AACOAT-6,0.0,-2.4112979708879254e-34
formation_CPLX_AACOAT-7,0.0,0.0
formation_CPLX_AACOAT-8,0.0,2.498679266917251e-34
formation_CPLX_AACOAT-9,0.0,5.471287694971792e-34
formation_CPLX_ACCOACL-0,0.0,0.0
formation_CPLX_ACCOAL-0,0.0,0.0
formation_CPLX_ACCOAL-1,0.0,0.0
formation_CPLX_ACONTa-0,0.0,8.387642751218172e-34
formation_CPLX_ACONTa-1,0.0,0.0
formation_CPLX_ACONTa-2,0.0,0.0
formation_CPLX_ADOCBLabc-0,0.0,2.3304720834581894e-34
formation_CPLX_ADOCBLabc-1,0.0,2.493096276698053e-34
formation_CPLX_ADOCBLabc-2,0.0,-2.496289476875629e-34
formation_CPLX_ADOCBLabc-3,9.289933780052005e-12,0.0
formation_CPLX_ADOCBLabc-4,0.0,0.0
formation_CPLX_ADOCBLabc-5,0.0,-2.446566793788068e-34
formation_CPLX_ALPHNH-0,0.0,-4.800185896067771e-34
formation_CPLX_ALPHNH-1,0.0,0.0
formation_CPLX_ALPHNH-2,0.0,-4.851687947314216e-34
formation_CPLX_ASPabc-0,0.0,1.2917297313988905e-34
formation_CPLX_ASPabc-1,0.0,1.9394106787505468e-34
formation_CPLX_ASPabc-2,0.0,5.559163458738612e-34
formation_CPLX_ASPabc-3,0.0,1.2985963122544362e-34
formation_CPLX_ASPabc-4,0.0,2.611274243636957e-34
formation_CPLX_ASPabc-5,0.0,-1.295433699435745e-34
formation_CPLX_BTNCLi-0,0.0,4.028174412432799e-34
formation_CPLX_BTNCLi-1,0.0,-3.608960645253818e-34
formation_CPLX_BTNCLi-2,0.0,1.5425483604566049e-34
formation_CPLX_BUTSO3abc-0,0.0,0.0
formation_CPLX_BUTSO3abc-1,0.0,6.290643136587462e-34
formation_CPLX_BUTSO3abc-10,0.0,2.031787737128462e-34
formation_CPLX_BUTSO3abc-11,0.0,1.3003145947924875e-32
formation_CPLX_BUTSO3abc-12,0.0,0.0
formation_CPLX_BUTSO3abc-13,0.0,3.3930554197357837e-34
formation_CPLX_BUTSO3abc-14,0.0,0.0
formation_CPLX_BUTSO3abc-15,0.0,0.0
formation_CPLX_BUTSO3abc-16,0.0,3.376880594201165e-34
formation_CPLX_BUTSO3abc-17,0.0,-1.3490194443620831e-34
formation_CPLX_BUTSO3abc-18,0.0,0.0
formation_CPLX_BUTSO3abc-19,0.0,0.0
formation_CPLX_BUTSO3abc-2,0.0,-5.4389236860300395e-34
formation_CPLX_BUTSO3abc-20,0.0,5.461160984657748e-34
formation_CPLX_BUTSO3abc-21,0.0,-1.633909562688198e-34
formation_CPLX_BUTSO3abc-22,0.0,-1.6620814395856852e-34
formation_CPLX_BUTSO3abc-23,0.0,-2.715040541354232e-34
formation_CPLX_BUTSO3abc-24,0.0,-3.4719923038211628e-34
formation_CPLX_BUTSO3abc-25,0.0,0.0
formation_CPLX_BUTSO3abc-26,0.0,0.0
formation_CPLX_BUTSO3abc-27,0.0,-3.4548616100376432e-34
formation_CPLX_BUTSO3abc-28,0.0,0.0
formation_CPLX_BUTSO3abc-29,0.0,-1.3681717854428465e-34
formation_CPLX_BUTSO3abc-3,0.0,1.5386716179490054e-34
formation_CPLX_BUTSO3abc-4,0.0,3.1307569505724027e-34
formation_CPLX_BUTSO3abc-5,0.0,-2.703868159098336e-34
formation_CPLX_BUTSO3abc-6,0.0,0.0
formation_CPLX_BUTSO3abc-7,0.0,-4.064668247485491e-34
formation_CPLX_BUTSO3abc-8,0.0,0.0
formation_CPLX_BUTSO3abc-9,0.0,0.0
formation_CPLX_CBL1abc-0,0.0,5.19885085373657e-34
formation_CPLX_CBL1abc-1,0.0,5.2107852248737755e-34
formation_CPLX_CBL1abc-10,0.0,0.0
formation_CPLX_CBL1abc-11,0.0,0.0
formation_CPLX_CBL1abc-12,0.0,2.5432755374141288e-34
formation_CPLX_CBL1abc-13,0.0,-5.089619556593692e-34
formation_CPLX_CBL1abc-14,0.0,2.4699450679780006e-34
formation_CPLX_CBL1abc-15,0.0,-2.6037382462171024e-34
formation_CPLX_CBL1abc-16,0.0,0.0
formation_CPLX_CBL1abc-17,0.0,0.0
formation_CPLX_CBL1abc-18,0.0,3.905048264813544e-34
formation_CPLX_CBL1abc-19,0.0,5.2186527187801536e-34
formation_CPLX_CBL1abc-2,0.0,-5.0197793429230754e-34
formation_CPLX_CBL1abc-20,0.0,5.027673572895309e-34
formation_CPLX_CBL1abc-21,0.0,-2.6658897769296708e-34
formation_CPLX_CBL1abc-22,0.0,5.334718412597131e-34
formation_CPLX_CBL1abc-23,0.0,0.0
formation_CPLX_CBL1abc-3,0.0,5.323626218484287e-34
formation_CPLX_CBL1abc-4,0.0,0.0
formation_CPLX_CBL1abc-5,0.0,-5.012158603426963e-34
formation_CPLX_CBL1abc-6,0.0,0.0
formation_CPLX_CBL1abc-7,0.0,5.180607903205473e-34
formation_CPLX_CBL1abc-8,0.0,-4.989470887832178e-34
formation_CPLX_CBL1abc-9,0.0,1.3230855760378894e-34
formation_CPLX_CYOO3-0,6.245440957296911e-64,-3.7480751052672464e-34
formation_CPLX_CYOO3-1,0.0,0.0
formation_CPLX_D5KGK-0,0.0,4.997956988954803e-34
formation_CPLX_DMATT-0,0.0,3.5887814837547334e-34
formation_CPLX_DRIBabc-0,0.0,-4.084727927676161e-34
formation_CPLX_DRIBabc-1,0.0,-4.060691032125434e-34
formation_CPLX_DRIBabc-2,0.0,0.0
formation_CPLX_DRIBabc-3,0.0,3.5544755003863557e-34
formation_CPLX_DRIBabc-4,0.0,0.0
formation_CPLX_DRIBabc-5,0.0,0.0
formation_CPLX_DRIBabc-6,0.0,0.0
formation_CPLX_DRIBabc-7,0.0,0.0
formation_CPLX_FRUpts-0,-7.870307335716453e-30,3.3120321773557613e-34
formation_CPLX_FRUpts-1,0.0,-6.776856106619178e-34
formation_CPLX_G3PAT120-0,2.445609726342751e-10,0.0
formation_CPLX_GCCb-0,0.0,2.9601574691015927e-34
formation_CPLX_GCCc-0,0.0,0.0
formation_CPLX_GLNabc-0,0.0,0.0
formation_CPLX_GLUOX-0,0.0,0.0
formation_CPLX_GLYCTO2-0,-7.595308061223232e-29,4.895594253016191e-34
formation_CPLX_IPPMIb-0,0.0,-2.139328149365809e-34
formation_CPLX_MALDC-0,0.0,0.0
formation_CPLX_MCCCr-0,0.0,-6.443756085570149e-34
formation_CPLX_METDabc-0,0.0,0.0
formation_CPLX_METDabc-1,0.0,-3.226982557916674e-34
formation_CPLX_METDabc-10,0.0,0.0
formation_CPLX_METDabc-11,0.0,-3.3547230122978665e-34
formation_CPLX_METDabc-12,0.0,0.0
formation_CPLX_METDabc-13,0.0,2.902911459394588e-34
formation_CPLX_METDabc-14,0.0,2.8857352770016265e-34
formation_CPLX_METDabc-15,0.0,0.0
formation_CPLX_METDabc-16,0.0,0.0
formation_CPLX_METDabc-17,0.0,0.0
formation_CPLX_METDabc-18,0.0,-1.5837652427976702e-34
formation_CPLX_METDabc-19,0.0,-3.385035640039409e-34
formation_CPLX_METDabc-2,0.0,-1.5916594905036458e-34
formation_CPLX_METDabc-20,0.0,0.0
formation_CPLX_METDabc-21,0.0,3.229262925584229e-34
formation_CPLX_METDabc-22,0.0,-1.5927973623639054e-34
formation_CPLX_METDabc-23,0.0,0.0
formation_CPLX_METDabc-24,0.0,0.0
formation_CPLX_METDabc-25,0.0,-3.2116265958306682e-34
formation_CPLX_METDabc-26,0.0,-1.5367864893865973e-34
formation_CPLX_METDabc-27,0.0,0.0
formation_CPLX_METDabc-28,0.0,0.0
formation_CPLX_METDabc-29,0.0,-1.594460318031248e-34
formation_CPLX_METDabc-3,0.0,1.6987722883059368e-34
formation_CPLX_METDabc-30,0.0,1.5434657321495547e-34
formation_CPLX_METDabc-31,0.0,1.6415448918741682e-34
formation_CPLX_METDabc-4,0.0,0.0
formation_CPLX_METDabc-5,0.0,0.0
formation_CPLX_METDabc-6,0.0,0.0
formation_CPLX_METDabc-7,0.0,0.0
formation_CPLX_METDabc-8,0.0,0.0
formation_CPLX_METDabc-9,0.0,0.0
formation_CPLX_NADH6-0,1.261703331605131e-08,9.675575400546193e-34
formation_CPLX_PHEt2r-0,2.13240883720349e-10,-6.4133910223116364e-34
formation_CPLX_PIabc-0,0.0,-5.460761150775934e-34
formation_CPLX_PRAMPC-0,0.0,6.161496292816696e-35
formation_CPLX_SUCD1-0,0.0,0.0
formation_CPLX_SULabc-0,0.0,4.824505780327972e-34
formation_CPLX_SULabc-1,0.0,1.7011624148100893e-34
formation_CPLX_TCBO-0,0.0,0.0
formation_CPLX_THD2-0,0.0,0.0
formation_CPLX_THD2-1,0.0,7.160757951097589e-34
formation_CPLX_UPPRT-0,0.0,0.0
formation_CPLX_UREA-0,0.0,0.0
formation_CPLX_UREA-1,0.0,-4.637125373804883e-34
formation_CPLX_YUMPS-0,0.0,2.0522234021456104e-34
formation_CPLX_YUMPS-1,0.0,-2.6212023033449284e-34
formation_CPLX_YUMPS-2,0.0,0.0
formation_CPLX_YUMPS-3,1.4888488233690233e-13,-5.1277795396626776e-33
formation_CPLX_dreplication-0,0.0,-6.128060434190718e-33
formation_CPLX_dreplication-1,0.0,3.061794008069433e-33
formation_CPLX_dreplication-10,0.0,0.0
formation_CPLX_dreplication-11,0.0,6.224604226953084e-33
formation_CPLX_dreplication-12,0.0,6.136314608938933e-33
formation_CPLX_dreplication-13,0.0,-1.2263757847300744e-32
formation_CPLX_dreplication-14,0.0,-7.218521058654553e-33
formation_CPLX_dreplication-15,0.0,-7.213400391349026e-33
formation_CPLX_dreplication-16,0.0,0.0
formation_CPLX_dreplication-17,0.0,-6.143811231848645e-33
formation_CPLX_dreplication-18,0.0,0.0
formation_CPLX_dreplication-19,0.0,0.0
formation_CPLX_dreplication-2,0.0,0.0
formation_CPLX_dreplication-20,0.0,6.1492532947314394e-33
formation_CPLX_dreplication-21,0.0,0.0
formation_CPLX_dreplication-22,0.0,3.6167301003510354e-33
formation_CPLX_dreplication-23,0.0,1.0842605973501592e-32
formation_CPLX_dreplication-3,0.0,6.217417674085022e-33
formation_CPLX_dreplication-4,0.0,-3.0645702431527364e-33
formation_CPLX_dreplication-5,0.0,-3.0623364474114697e-33
formation_CPLX_dreplication-6,0.0,-3.6051196405944596e-33
formation_CPLX_dreplication-7,0.0,7.20508247289372e-33
formation_CPLX_dreplication-8,0.0,6.135242255192627e-33
formation_CPLX_dreplication-9,0.0,-6.1308018176516136e-33
formation_CPLX_pbiosynthesis-0,1.6540764183717451e-12,1.0627612384200767e-32
formation_CPLX_pbiosynthesis-1,1.6540764183717451e-12,1.0287961215319186e-32
formation_CPLX_pbiosynthesis-2,1.6540764183717451e-12,-1.79034393241536e-31
formation_CPLX_pbiosynthesis-3,1.6540764183717451e-12,-1.6698152434094987e-31
formation_CPLX_r0502-0,0.0,6.347726881849628e-34
formation_CPLX_rtranscription-0,1.919525632127769e-11,2.442326792230825e-32
formation_g.1274.peg.1-MONOMER,2.336806662609268e-09,0.0
formation_g.1274.peg.1007-MONOMER,0.0,1.1845770269633538e-34
formation_g.1274.peg.1009-MONOMER,0.0,-1.0418778230509078e-34
formation_g.1274.peg.1014-MONOMER,0.0,-1.972010961608449e-34
formation_g.1274.peg.1016-MONOMER,0.0,1.5797520653689063e-34
formation_g.1274.peg.1019-MONOMER,0.0,2.6083589570089035e-34
formation_g.1274.peg.1025-MONOMER,4.592709418572008e-10,9.244160718973806e-35
formation_g.1274.peg.1026-MONOMER,-6.157817660823636e-29,0.0
formation_g.1274.peg.1029-MONOMER,0.0,1.998375684920423e-34
formation_g.1274.peg.1049-MONOMER,0.0,-1.1047070154969474e-34
formation_g.1274.peg.1050-MONOMER,2.180826009863151e-09,0.0
formation_g.1274.peg.1052-MONOMER,1.6540764183717451e-12,0.0
formation_g.1274.peg.1068-MONOMER,0.0,0.0
formation_g.1274.peg.1082-MONOMER,0.0,-5.3090763116172735e-34
formation_g.1274.peg.1085-MONOMER,-1.590849476132127e-29,-1.376430651248928e-35
formation_g.1274.peg.1094-MONOMER,-1.4368890744143844e-44,0.0
formation_g.1274.peg.1103-MONOMER,1.0415186925465339e-14,0.0
formation_g.1274.peg.1118-MONOMER,0.0,0.0
formation_g.1274.peg.1123-MONOMER,0.0,1.5118907797348964e-34
formation_g.1274.peg.1125-MONOMER,0.0,0.0
formation_g.1274.peg.114-MONOMER,0.0,6.810548252329981e-35
formation_g.1274.peg.1152-MONOMER,0.0,0.0
formation_g.1274.peg.1154-MONOMER,1.4023768659549302e-09,0.0
formation_g.1274.peg.1164-MONOMER,0.0,-3.929128366851049e-34
formation_g.1274.peg.1180-MONOMER,7.370133253338657e-11,0.0
formation_g.1274.peg.1182-MONOMER,2.6519556290119824e-29,-9.565279796368515e-35
formation_g.1274.peg.1186-MONOMER,0.0,-1.6351774418119117e-34
formation_g.1274.peg.119-MONOMER,0.0,0.0
formation_g.1274.peg.1195-MONOMER,0.0,-1.0082065007939542e-34
formation_g.1274.peg.1227-MONOMER,0.0,3.259915284237851e-34
formation_g.1274.peg.1229-MONOMER,0.0,0.0
formation_g.1274.peg.1231-MONOMER,0.0,0.0
formation_g.1274.peg.1239-MONOMER,0.0,0.0
formation_g.1274.peg.1244-MONOMER,0.0,-2.0050278502864665e-34
formation_g.1274.peg.1246-MONOMER,0.0,0.0
formation_g.1274.peg.1248-MONOMER,0.0,0.0
formation_g.1274.peg.1279-MONOMER,0.0,-2.179381073094799e-34
formation_g.1274.peg.1283-MONOMER,0.0,0.0
formation_g.1274.peg.1285-MONOMER,0.0,0.0
formation_g.1274.peg.1306-MONOMER,0.0,0.0
formation_g.1274.peg.1309-MONOMER,1.1821268532321596e-10,-1.2699634625086158e-34
formation_g.1274.peg.131-MONOMER,0.0,3.565178249022346e-34
formation_g.1274.peg.132-MONOMER,0.0,0.0
formation_g.1274.peg.1335-MONOMER,0.0,0.0
formation_g.1274.peg.1342-MONOMER,0.0,0.0
formation_g.1274.peg.1345-MONOMER,0.0,-2.7128007358613337e-34
formation_g.1274.peg.1346-MONOMER,0.0,2.0979694320152258e-34
formation_g.1274.peg.1354-MONOMER,0.0,0.0
formation_g.1274.peg.1356-MONOMER,1.8690369197887057e-17,0.0
formation_g.1274.peg.1362-MONOMER,0.0,7.040012214198305e-35
formation_g.1274.peg.1366-MONOMER,9.817575549298879e-10,0.0
formation_g.1274.peg.1373-MONOMER,0.0,0.0
formation_g.1274.peg.1408-MONOMER,0.0,8.701512812489575e-35
formation_g.1274.peg.1409-MONOMER,-1.318144268661964e-29,-2.411450063876736e-34
formation_g.1274.peg.1434-MONOMER,0.0,0.0
formation_g.1274.peg.1456-MONOMER,0.0,0.0
formation_g.1274.peg.1457-MONOMER,1.072861496386634e-06,0.0
formation_g.1274.peg.1460-MONOMER,0.0,0.0
formation_g.1274.peg.1468-MONOMER,1.072861496386634e-06,0.0
formation_g.1274.peg.1477-MONOMER,0.0,0.0
formation_g.1274.peg.1485-MONOMER,0.0,4.624667909262169e-35
formation_g.1274.peg.1491-MONOMER,0.0,0.0
formation_g.1274.peg.151-MONOMER,0.0,0.0
formation_g.1274.peg.1516-MONOMER,0.0,-3.953296439519192e-34
formation_g.1274.peg.1523-MONOMER,0.0,1.8726401098208647e-34
formation_g.1274.peg.1536-MONOMER,0.0,0.0
formation_g.1274.peg.1539-MONOMER,0.0,0.0
formation_g.1274.peg.1546-MONOMER,0.0,0.0
formation_g.1274.peg.1549-MONOMER,0.0,-1.1504791094383525e-34
formation_g.1274.peg.1552-MONOMER,1.072861496386634e-06,0.0
formation_g.1274.peg.1573-MONOMER,0.0,-9.165530219861847e-35
formation_g.1274.peg.1574-MONOMER,0.0,0.0
formation_g.1274.peg.1582-MONOMER,0.0,0.0
formation_g.1274.peg.1590-MONOMER,0.0,2.8540853316080013e-34
formation_g.1274.peg.1595-MONOMER,0.0,1.8095494744171683e-34
formation_g.1274.peg.1596-MONOMER,0.0,3.827274246629185e-34
formation_g.1274.peg.1601-MONOMER,0.0,0.0
formation_g.1274.peg.1603-MONOMER,2.1804036332698193e-07,2.3555687159744765e-34
formation_g.1274.peg.1617-MONOMER,1.9749923451235338e-29,2.46399186359882e-34
formation_g.1274.peg.1636-MONOMER,0.0,-1.1364586169384002e-34
formation_g.1274.peg.1639-MONOMER,0.0,0.0
formation_g.1274.peg.1655-MONOMER,1.919525632127769e-11,-5.399914788490038e-35
formation_g.1274.peg.1658-MONOMER,0.0,0.0
formation_g.1274.peg.1668-MONOMER,0.0,-4.778042492211418e-34
formation_g.1274.peg.1677-MONOMER,0.0,0.0
formation_g.1274.peg.1679-MONOMER,3.7701478323266804e-07,-1.6686126686338013e-35
formation_g.1274.peg.169-MONOMER,0.0,-2.9419620545494097e-34
formation_g.1274.peg.1695-MONOMER,0.0,-4.977614080954942e-34
formation_g.1274.peg.1713-MONOMER,0.0,2.097173521530307e-34
formation_g.1274.peg.172-MONOMER,0.0,0.0
formation_g.1274.peg.1729-MONOMER,1.7350085959763665e-29,0.0
formation_g.1274.peg.173-MONOMER,0.0,7.349185744434197e-35
formation_g.1274.peg.1741-MONOMER,0.0,-9.59460282848467e-35
formation_g.1274.peg.1753-MONOMER,0.0,0.0
formation_g.1274.peg.1766-MONOMER,0.0,0.0
formation_g.1274.peg.1767-MONOMER,0.0,0.0
formation_g.1274.peg.177-MONOMER,0.0,-2.6069229868138477e-34
formation_g.1274.peg.1772-MONOMER,0.0,1.5135779608908264e-34
formation_g.1274.peg.1792-MONOMER,0.0,1.1433643893295212e-34
formation_g.1274.peg.1794-MONOMER,-9.397539946782808e-30,-3.5205347603737373e-34
formation_g.1274.peg.180-MONOMER,7.915772996285396e-11,2.617677741864901e-35
formation_g.1274.peg.1800-MONOMER,0.0,0.0
formation_g.1274.peg.1801-MONOMER,1.4888488233690233e-13,6.68938283464643e-35
formation_g.1274.peg.1802-MONOMER,0.0,0.0
formation_g.1274.peg.1804-MONOMER,-1.0175413251333981e-43,3.3949160950145218e-34
formation_g.1274.peg.1810-MONOMER,0.0,0.0
formation_g.1274.peg.182-MONOMER,0.0,0.0
formation_g.1274.peg.1825-MONOMER,0.0,0.0
formation_g.1274.peg.1839-MONOMER,0.0,0.0
formation_g.1274.peg.1849-MONOMER,0.0,0.0
formation_g.1274.peg.1862-MONOMER,0.0,0.0
formation_g.1274.peg.1872-MONOMER,0.0,-1.9026912654279105e-34
formation_g.1274.peg.1875-MONOMER,0.0,0.0
formation_g.1274.peg.1888-MONOMER,0.0,-4.339306823085116e-34
formation_g.1274.peg.1909-MONOMER,-7.115990353732203e-30,-2.7709416339355474e-34
formation_g.1274.peg.1924-MONOMER,0.0,1.697968951856824e-34
formation_g.1274.peg.1930-MONOMER,0.0,3.933852374474028e-34
formation_g.1274.peg.1936-MONOMER,0.0,0.0
formation_g.1274.peg.1937-MONOMER,0.0,-1.0578540170422017e-34
formation_g.1274.peg.1951-MONOMER,0.0,6.573236703342971e-35
formation_g.1274.peg.1969-MONOMER,0.0,0.0
formation_g.1274.peg.1973-MONOMER,0.0,0.0
formation_g.1274.peg.1976-MONOMER,0.0,0.0
formation_g.1274.peg.1979-MONOMER,0.0,0.0
formation_g.1274.peg.1984-MONOMER,0.0,-2.3096433188582825e-34
formation_g.1274.peg.1985-MONOMER,4.6405008655222576e-11,5.253174317963899e-35
formation_g.1274.peg.1996-MONOMER,-5.9908328655469974e-30,0.0
formation_g.1274.peg.2016-MONOMER,0.0,0.0
formation_g.1274.peg.2033-MONOMER,0.0,-5.4341212717171205e-34
formation_g.1274.peg.204-MONOMER,0.0,0.0
formation_g.1274.peg.2041-MONOMER,0.0,0.0
formation_g.1274.peg.2056-MONOMER,0.0,1.034382902554587e-34
formation_g.1274.peg.2058-MONOMER,0.0,-1.156813248688327e-34
formation_g.1274.peg.2066-MONOMER,0.0,1.51206284912212e-34
formation_g.1274.peg.2068-MONOMER,0.0,0.0
formation_g.1274.peg.2072-MONOMER,0.0,-2.2239987360261445e-34
formation_g.1274.peg.2098-MONOMER,4.4806472762869547e-10,0.0
formation_g.1274.peg.2108-MONOMER,0.0,0.0
formation_g.1274.peg.2126-MONOMER,0.0,-1.4491423874408553e-34
formation_g.1274.peg.2137-MONOMER,0.0,0.0
formation_g.1274.peg.2142-MONOMER,0.0,0.0
formation_g.1274.peg.2149-MONOMER,0.0,2.383091177854515e-34
formation_g.1274.peg.215-MONOMER,0.0,-1.015432684563699e-34
formation_g.1274.peg.2154-MONOMER,-4.200776518094378e-29,0.0
formation_g.1274.peg.2161-MONOMER,1.919525632127769e-11,0.0
formation_g.1274.peg.2167-MONOMER,0.0,0.0
formation_g.1274.peg.2180-MONOMER,0.0,0.0
formation_g.1274.peg.2197-MONOMER,0.0,-1.4961841524264808e-34
formation_g.1274.peg.2215-MONOMER,0.0,-2.4812172733011074e-34
formation_g.1274.peg.2217-MONOMER,0.0,-6.981678794769213e-35
formation_g.1274.peg.2218-MONOMER,0.0,0.0
formation_g.1274.peg.2220-MONOMER,0.0,0.0
formation_g.1274.peg.2225-MONOMER,0.0,0.0
formation_g.1274.peg.2232-MONOMER,0.0,0.0
formation_g.1274.peg.2236-MONOMER,0.0,-1.6545989954364375e-34
formation_g.1274.peg.2249-MONOMER,0.0,0.0
formation_g.1274.peg.2254-MONOMER,0.0,0.0
formation_g.1274.peg.2269-MONOMER,0.0,2.564175331937674e-34
formation_g.1274.peg.2277-MONOMER,0.0,1.5139968743555767e-34
formation_g.1274.peg.2283-MONOMER,5.046655738366989e-08,1.9727658380143412e-35
formation_g.1274.peg.2290-MONOMER,0.0,-9.093359152028357e-35
formation_g.1274.peg.23-MONOMER,0.0,0.0
formation_g.1274.peg.230-MONOMER,1.072861496386634e-06,0.0
formation_g.1274.peg.2303-MONOMER,0.0,-5.831022330631872e-35
formation_g.1274.peg.2305-MONOMER,0.0,1.1265993997045832e-34
formation_g.1274.peg.2318-MONOMER,0.0,-1.5510896425855035e-34
formation_g.1274.peg.2323-MONOMER,0.0,0.0
formation_g.1274.peg.2324-MONOMER,2.6372132321446937e-08,0.0
formation_g.1274.peg.2325-MONOMER,0.0,0.0
formation_g.1274.peg.2332-MONOMER,1.4888488233690233e-13,2.2902925436391556e-35
formation_g.1274.peg.2344-MONOMER,0.0,0.0
formation_g.1274.peg.2345-MONOMER,0.0,-2.090910831049829e-34
formation_g.1274.peg.2349-MONOMER,0.0,0.0
formation_g.1274.peg.2350-MONOMER,0.0,7.438191614897494e-34
formation_g.1274.peg.2363-MONOMER,0.0,0.0
formation_g.1274.peg.2370-MONOMER,9.963131013559564e-11,0.0
formation_g.1274.peg.2377-MONOMER,0.0,5.182244878842028e-35
formation_g.1274.peg.2391-MONOMER,0.0,0.0
formation_g.1274.peg.2392-MONOMER,0.0,0.0
formation_g.1274.peg.2396-MONOMER,0.0,0.0
formation_g.1274.peg.24-MONOMER,0.0,0.0
formation_g.1274.peg.2400-MONOMER,0.0,0.0
formation_g.1274.peg.2407-MONOMER,1.072861496386634e-06,0.0
formation_g.1274.peg.2424-MONOMER,0.0,0.0
formation_g.1274.peg.2432-MONOMER,0.0,0.0
formation_g.1274.peg.2435-MONOMER,0.0,2.3687069179590695e-34
formation_g.1274.peg.2451-MONOMER,0.0,0.0
formation_g.1274.peg.2454-MONOMER,0.0,0.0
formation_g.1274.peg.2456-MONOMER,0.0,0.0
formation_g.1274.peg.2460-MONOMER,1.4888488233690233e-13,-2.427441660747631e-34
formation_g.1274.peg.2487-MONOMER,0.0,0.0
formation_g.1274.peg.249-MONOMER,1.7426405788943002e-09,0.0
formation_g.1274.peg.2493-MONOMER,0.0,-4.710229422643019e-35
formation_g.1274.peg.2506-MONOMER,0.0,3.4413735525069686e-34
formation_g.1274.peg.2510-MONOMER,-5.440830513195272e-29,0.0
formation_g.1274.peg.2512-MONOMER,0.0,0.0
formation_g.1274.peg.2514-MONOMER,0.0,-1.0378544980861902e-34
formation_g.1274.peg.2516-MONOMER,6.921762971906607e-31,0.0
formation_g.1274.peg.2523-MONOMER,0.0,0.0
formation_g.1274.peg.2527-MONOMER,0.0,0.0
formation_g.1274.peg.2541-MONOMER,0.0,0.0
formation_g.1274.peg.2547-MONOMER,0.0,0.0
formation_g.1274.peg.2548-MONOMER,0.0,0.0
formation_g.1274.peg.2553-MONOMER,0.0,0.0
formation_g.1274.peg.256-MONOMER,1.072861496386634e-06,0.0
formation_g.1274.peg.2567-MONOMER,8.5805382244619e-30,0.0
formation_g.1274.peg.2582-MONOMER,0.0,0.0
formation_g.1274.peg.2588-MONOMER,0.0,1.3195005684039333e-34
formation_g.1274.peg.2589-MONOMER,9.718056826193718e-30,7.40156463866114e-35
formation_g.1274.peg.2598-MONOMER,0.0,0.0
formation_g.1274.peg.260-MONOMER,9.599585439536373e-08,3.1672783033270743e-35
formation_g.1274.peg.2610-MONOMER,0.0,0.0
formation_g.1274.peg.2611-MONOMER,0.0,0.0
formation_g.1274.peg.2614-MONOMER,0.0,0.0
formation_g.1274.peg.2637-MONOMER,1.5702909137130776e-30,0.0
formation_g.1274.peg.2655-MONOMER,0.0,2.981529208155563e-34
formation_g.1274.peg.2662-MONOMER,2.2398781574090764e-10,0.0
formation_g.1274.peg.2672-MONOMER,0.0,0.0
formation_g.1274.peg.268-MONOMER,0.0,0.0
formation_g.1274.peg.2690-MONOMER,0.0,0.0
formation_g.1274.peg.2697-MONOMER,0.0,1.152333806547429e-34
formation_g.1274.peg.2699-MONOMER,0.0,1.4545609798350092e-34
formation_g.1274.peg.2701-MONOMER,0.0,-2.3535063029727185e-34
formation_g.1274.peg.271-MONOMER,0.0,7.279116407526788e-35
formation_g.1274.peg.2710-MONOMER,4.982203520726447e-10,0.0
formation_g.1274.peg.2715-MONOMER,0.0,0.0
formation_g.1274.peg.2718-MONOMER,0.0,-4.869748942425955e-34
formation_g.1274.peg.2724-MONOMER,0.0,0.0
formation_g.1274.peg.2734-MONOMER,1.7477873259526332e-29,0.0
formation_g.1274.peg.2741-MONOMER,0.0,-2.357012367256026e-34
formation_g.1274.peg.2746-MONOMER,1.072861496386634e-06,0.0
formation_g.1274.peg.2749-MONOMER,8.93309294021415e-13,-3.7948062890479972e-34
formation_g.1274.peg.2757-MONOMER,0.0,3.7286069100514985e-34
formation_g.1274.peg.2763-MONOMER,0.0,0.0
formation_g.1274.peg.2764-MONOMER,0.0,-1.8545997624722236e-34
formation_g.1274.peg.277-MONOMER,0.0,-9.404687659777192e-35
formation_g.1274.peg.2784-MONOMER,0.0,0.0
formation_g.1274.peg.2796-MONOMER,0.0,1.2102667931955978e-34
formation_g.1274.peg.2798-MONOMER,-1.0911750252121773e-29,0.0
formation_g.1274.peg.280-MONOMER,9.897369738066661e-12,0.0
formation_g.1274.peg.2800-MONOMER,-4.0959078232588476e-29,2.061159183631965e-34
formation_g.1274.peg.2812-MONOMER,0.0,2.280965437548341e-34
formation_g.1274.peg.285-MONOMER,0.0,-2.199814370944245e-34
formation_g.1274.peg.2851-MONOMER,0.0,-3.0846435012208542e-34
formation_g.1274.peg.2854-MONOMER,0.0,1.9151140572258843e-34
formation_g.1274.peg.2859-MONOMER,0.0,1.9463859656508203e-34
formation_g.1274.peg.2860-MONOMER,0.0,0.0
formation_g.1274.peg.2861-MONOMER,0.0,0.0
formation_g.1274.peg.2866-MONOMER,-1.2803317228974666e-29,0.0
formation_g.1274.peg.2875-MONOMER,0.0,1.0566519546988843e-34
formation_g.1274.peg.2896-MONOMER,1.072861496386634e-06,0.0
formation_g.1274.peg.2902-MONOMER,0.0,0.0
formation_g.1274.peg.2904-MONOMER,0.0,-1.8554280981855524e-34
formation_g.1274.peg.2908-MONOMER,0.0,0.0
formation_g.1274.peg.2909-MONOMER,0.0,0.0
formation_g.1274.peg.2912-MONOMER,0.0,0.0
formation_g.1274.peg.2915-MONOMER,0.0,0.0
formation_g.1274.peg.2921-MONOMER,0.0,0.0
formation_g.1274.peg.2929-MONOMER,0.0,0.0
formation_g.1274.peg.2931-MONOMER,1.195967074122495e-11,0.0
formation_g.1274.peg.2933-MONOMER,0.0,0.0
formation_g.1274.peg.2944-MONOMER,0.0,0.0
formation_g.1274.peg.2950-MONOMER,5.68570897413181e-31,0.0
formation_g.1274.peg.2951-MONOMER,2.102762918367147e-29,-4.197682933848757e-34
formation_g.1274.peg.2966-MONOMER,1.5646354010298352e-30,-1.1578733188251706e-34
formation_g.1274.peg.2967-MONOMER,-7.596416465586326e-32,3.893457753718953e-34
formation_g.1274.peg.2972-MONOMER,0.0,0.0
formation_g.1274.peg.2979-MONOMER,0.0,0.0
formation_g.1274.peg.2986-MONOMER,0.0,0.0
formation_g.1274.peg.2989-MONOMER,0.0,0.0
formation_g.1274.peg.2992-MONOMER,0.0,0.0
formation_g.1274.peg.300-MONOMER,0.0,0.0
formation_g.1274.peg.3009-MONOMER,1.072861496386634e-06,0.0
formation_g.1274.peg.3021-MONOMER,0.0,0.0
formation_g.1274.peg.3022-MONOMER,0.0,0.0
formation_g.1274.peg.3024-MONOMER,1.072861496386634e-06,0.0
formation_g.1274.peg.3025-MONOMER,-1.2700172945982045e-28,0.0
formation_g.1274.peg.304-MONOMER,0.0,0.0
formation_g.1274.peg.3041-MONOMER,4.187774919548366e-10,0.0
formation_g.1274.peg.3060-MONOMER,0.0,0.0
formation_g.1274.peg.3072-MONOMER,1.7210017531112993e-10,1.519305656307706e-34
formation_g.1274.peg.3079-MONOMER,1.072861496386634e-06,0.0
formation_g.1274.peg.3084-MONOMER,1.0728631504630522e-06,0.0
formation_g.1274.peg.309-MONOMER,1.1668865958825556e-31,0.0
formation_g.1274.peg.3099-MONOMER,0.0,0.0
formation_g.1274.peg.3102-MONOMER,0.0,2.4568126343012773e-34
formation_g.1274.peg.3116-MONOMER,0.0,0.0
formation_g.1274.peg.312-MONOMER,1.072861496386634e-06,0.0
formation_g.1274.peg.3122-MONOMER,0.0,0.0
formation_g.1274.peg.3132-MONOMER,1.072861496386634e-06,-3.663465603758141e-35
formation_g.1274.peg.314-MONOMER,0.0,-4.7043286675632937e-35
formation_g.1274.peg.3143-MONOMER,0.0,0.0
formation_g.1274.peg.3155-MONOMER,0.0,1.988467979706317e-34
formation_g.1274.peg.316-MONOMER,1.072861496386634e-06,8.633305040922985e-36
formation_g.1274.peg.3161-MONOMER,0.0,0.0
formation_g.1274.peg.3164-MONOMER,1.0728631504630522e-06,4.610349817122467e-36
formation_g.1274.peg.3173-MONOMER,0.0,0.0
formation_g.1274.peg.3187-MONOMER,0.0,0.0
formation_g.1274.peg.3195-MONOMER,0.0,-1.4661114356095965e-34
formation_g.1274.peg.3210-MONOMER,1.072861496386634e-06,1.5574523367981842e-35
formation_g.1274.peg.3213-MONOMER,0.0,2.5919857851385676e-34
formation_g.1274.peg.3216-MONOMER,0.0,-5.661366913536101e-35
formation_g.1274.peg.323-MONOMER,0.0,0.0
formation_g.1274.peg.3233-MONOMER,0.0,0.0
formation_g.1274.peg.3247-MONOMER,-2.9166905214880406e-29,0.0
formation_g.1274.peg.3261-MONOMER,0.0,-5.038966902523041e-35
formation_g.1274.peg.3278-MONOMER,2.293675551646905e-09,-1.270330081601465e-33
formation_g.1274.peg.3306-MONOMER,1.8246606979473797e-29,0.0
formation_g.1274.peg.3316-MONOMER,1.2240194831216167e-09,-1.9891703055361923e-34
formation_g.1274.peg.3334-MONOMER,0.0,-1.410426691631263e-34
formation_g.1274.peg.3343-MONOMER,0.0,1.9675094031868003e-34
formation_g.1274.peg.3351-MONOMER,0.0,0.0
formation_g.1274.peg.3360-MONOMER,1.072861496386634e-06,-5.2352282867909765e-34
formation_g.1274.peg.3372-MONOMER,0.0,0.0
formation_g.1274.peg.3381-MONOMER,0.0,0.0
formation_g.1274.peg.3385-MONOMER,0.0,0.0
formation_g.1274.peg.3391-MONOMER,0.0,0.0
formation_g.1274.peg.3399-MONOMER,0.0,0.0
formation_g.1274.peg.3402-MONOMER,0.0,0.0
formation_g.1274.peg.3403-MONOMER,2.4270296874564536e-08,3.172648408238955e-34
formation_g.1274.peg.3411-MONOMER,9.994256670460395e-11,0.0
formation_g.1274.peg.342-MONOMER,8.132395217048903e-10,0.0
formation_g.1274.peg.3428-MONOMER,0.0,-9.991347536592962e-35
formation_g.1274.peg.3435-MONOMER,0.0,0.0
formation_g.1274.peg.345-MONOMER,0.0,-2.475461197524489e-34
formation_g.1274.peg.348-MONOMER,0.0,0.0
formation_g.1274.peg.3491-MONOMER,0.0,0.0
formation_g.1274.peg.3494-MONOMER,3.4074121496140774e-12,4.983386492889186e-35
formation_g.1274.peg.3517-MONOMER,0.0,0.0
formation_g.1274.peg.3518-MONOMER,0.0,6.448031606215581e-35
formation_g.1274.peg.3525-MONOMER,0.0,0.0
formation_g.1274.peg.3526-MONOMER,0.0,0.0
formation_g.1274.peg.3532-MONOMER,0.0,0.0
formation_g.1274.peg.3541-MONOMER,9.210821757821163e-10,0.0
formation_g.1274.peg.3553-MONOMER,0.0,0.0
formation_g.1274.peg.3558-MONOMER,0.0,1.884410808779544e-34
formation_g.1274.peg.3564-MONOMER,0.0,-8.71732831608287e-35
formation_g.1274.peg.3569-MONOMER,0.0,2.1346738033673467e-34
formation_g.1274.peg.3577-MONOMER,0.0,0.0
formation_g.1274.peg.359-MONOMER,1.4888488233690233e-13,0.0
formation_g.1274.peg.3613-MONOMER,0.0,0.0
formation_g.1274.peg.3618-MONOMER,0.0,0.0
formation_g.1274.peg.3619-MONOMER,0.0,-3.111177403684343e-34
formation_g.1274.peg.3626-MONOMER,0.0,0.0
formation_g.1274.peg.3639-MONOMER,0.0,0.0
formation_g.1274.peg.3647-MONOMER,0.0,0.0
formation_g.1274.peg.3655-MONOMER,0.0,-6.505818926993878e-35
formation_g.1274.peg.367-MONOMER,0.0,0.0
formation_g.1274.peg.3688-MONOMER,1.072861496386634e-06,0.0
formation_g.1274.peg.3696-MONOMER,0.0,-1.6362187258924803e-34
formation_g.1274.peg.3708-MONOMER,0.0,0.0
formation_g.1274.peg.3711-MONOMER,0.0,2.1399302859875715e-34
formation_g.1274.peg.3716-MONOMER,0.0,0.0
formation_g.1274.peg.3733-MONOMER,0.0,0.0
formation_g.1274.peg.3743-MONOMER,0.0,0.0
formation_g.1274.peg.3746-MONOMER,1.072861496386634e-06,0.0
formation_g.1274.peg.3748-MONOMER,0.0,0.0
formation_g.1274.peg.3751-MONOMER,0.0,-4.61801545469478e-34
formation_g.1274.peg.3768-MONOMER,0.0,-9.567894119248969e-35
formation_g.1274.peg.3783-MONOMER,0.0,0.0
formation_g.1274.peg.3788-MONOMER,0.0,0.0
formation_g.1274.peg.3801-MONOMER,1.072861496386634e-06,8.693775582348767e-35
formation_g.1274.peg.381-MONOMER,1.072861496386634e-06,0.0
formation_g.1274.peg.3815-MONOMER,1.228297258160549e-30,0.0
formation_g.1274.peg.3821-MONOMER,0.0,-1.6646839559024357e-34
formation_g.1274.peg.3825-MONOMER,1.5103661048898673e-10,0.0
formation_g.1274.peg.383-MONOMER,1.2822240540370984e-09,0.0
formation_g.1274.peg.3841-MONOMER,0.0,-1.0475296210735965e-34
formation_g.1274.peg.3859-MONOMER,7.266523125500848e-10,-2.5811749412481276e-34
formation_g.1274.peg.3881-MONOMER,1.072861496386634e-06,-3.277404595646447e-35
formation_g.1274.peg.3882-MONOMER,1.4888488233690233e-13,-2.099981698792707e-34
formation_g.1274.peg.389-MONOMER,0.0,-4.0959926415993396e-34
formation_g.1274.peg.3896-MONOMER,0.0,0.0
formation_g.1274.peg.391-MONOMER,1.072861496386634e-06,0.0
formation_g.1274.peg.3914-MONOMER,0.0,-3.6371314706675527e-34
formation_g.1274.peg.3917-MONOMER,0.0,-1.2147326717992415e-34
formation_g.1274.peg.3921-MONOMER,0.0,2.52734519558659e-34
formation_g.1274.peg.3926-MONOMER,0.0,-1.9822257326648748e-34
formation_g.1274.peg.3927-MONOMER,0.0,1.6820170455057413e-34
formation_g.1274.peg.3946-MONOMER,0.0,0.0
formation_g.1274.peg.3957-MONOMER,0.0,0.0
formation_g.1274.peg.396-MONOMER,0.0,0.0
formation_g.1274.peg.3960-MONOMER,1.072861496386634e-06,-1.3948539004804576e-35
formation_g.1274.peg.3961-MONOMER,0.0,0.0
formation_g.1274.peg.3962-MONOMER,-5.821635120867905e-42,0.0
formation_g.1274.peg.3982-MONOMER,0.0,0.0
formation_g.1274.peg.3986-MONOMER,1.0728631504630522e-06,4.242124190168491e-35
formation_g.1274.peg.4007-MONOMER,0.0,-2.8114087240309047e-34
formation_g.1274.peg.4011-MONOMER,1.072861496386634e-06,0.0
formation_g.1274.peg.4013-MONOMER,0.0,0.0
formation_g.1274.peg.4019-MONOMER,1.4888488233690233e-13,6.328461416086091e-35
formation_g.1274.peg.4020-MONOMER,0.0,0.0
formation_g.1274.peg.4021-MONOMER,0.0,0.0
formation_g.1274.peg.4044-MONOMER,1.2580232637906267e-09,0.0
formation_g.1274.peg.4047-MONOMER,0.0,0.0
formation_g.1274.peg.4049-MONOMER,0.0,0.0
formation_g.1274.peg.4051-MONOMER,0.0,0.0
formation_g.1274.peg.4054-MONOMER,0.0,-5.941335274199909e-35
formation_g.1274.peg.4055-MONOMER,2.2403236381434748e-10,0.0
formation_g.1274.peg.4058-MONOMER,0.0,3.1747042500986306e-34
formation_g.1274.peg.4061-MONOMER,1.072861496386634e-06,0.0
formation_g.1274.peg.4063-MONOMER,1.072861496386634e-06,0.0
formation_g.1274.peg.4065-MONOMER,0.0,1.6658770021070178e-34
formation_g.1274.peg.4069-MONOMER,1.4494602886748667e-09,0.0
formation_g.1274.peg.4070-MONOMER,1.072861496386634e-06,0.0
formation_g.1274.peg.4076-MONOMER,1.2877510579728152e-14,0.0
formation_g.1274.peg.4088-MONOMER,1.711191534362102e-10,-1.8718069394098363e-34
formation_g.1274.peg.4099-MONOMER,0.0,1.046701312673833e-34
formation_g.1274.peg.4102-MONOMER,4.2188735863729294e-10,-2.5650211836400184e-34
formation_g.1274.peg.4107-MONOMER,0.0,0.0
formation_g.1274.peg.4138-MONOMER,7.72200000609343e-44,0.0
formation_g.1274.peg.4139-MONOMER,7.011594818519413e-10,-3.5122926998651496e-34
formation_g.1274.peg.4141-MONOMER,1.919525632127769e-11,3.040519685236166e-35
formation_g.1274.peg.4145-MONOMER,1.072861496386634e-06,0.0
formation_g.1274.peg.415-MONOMER,6.583422327611388e-10,8.190005165011296e-35
formation_g.1274.peg.4157-MONOMER,1.795457325620551e-10,0.0
formation_g.1274.peg.4158-MONOMER,0.0,0.0
formation_g.1274.peg.4166-MONOMER,0.0,0.0
formation_g.1274.peg.4171-MONOMER,1.919525632127769e-11,0.0
formation_g.1274.peg.4185-MONOMER,0.0,-5.048375617550215e-34
formation_g.1274.peg.4191-MONOMER,1.9890237584467443e-09,0.0
formation_g.1274.peg.4196-MONOMER,0.0,0.0
formation_g.1274.peg.4198-MONOMER,0.0,2.50572466648114e-34
formation_g.1274.peg.4201-MONOMER,6.865588419415173e-10,0.0
formation_g.1274.peg.4208-MONOMER,1.072861496386634e-06,0.0
formation_g.1274.peg.4210-MONOMER,0.0,0.0
formation_g.1274.peg.4225-MONOMER,6.755281518795699e-10,2.082995594550517e-34
formation_g.1274.peg.4227-MONOMER,0.0,0.0
formation_g.1274.peg.4241-MONOMER,0.0,-9.553171153952578e-35
formation_g.1274.peg.4248-MONOMER,1.5088461138437026e-10,0.0
formation_g.1274.peg.4253-MONOMER,5.364206621579072e-10,0.0
formation_g.1274.peg.4255-MONOMER,0.0,0.0
formation_g.1274.peg.4264-MONOMER,-3.6588628774389383e-42,0.0
formation_g.1274.peg.4265-MONOMER,1.072861496386634e-06,0.0
formation_g.1274.peg.4267-MONOMER,0.0,0.0
formation_g.1274.peg.4280-MONOMER,0.0,0.0
formation_g.1274.peg.4282-MONOMER,0.0,0.0
formation_g.1274.peg.4283-MONOMER,1.072861496386634e-06,-9.76213160298341e-35
formation_g.1274.peg.4292-MONOMER,0.0,-1.3172271834188359e-34
formation_g.1274.peg.43-MONOMER,0.0,2.292559113520692e-34
formation_g.1274.peg.431-MONOMER,0.0,-5.700586151977614e-34
formation_g.1274.peg.4314-MONOMER,1.072861496386634e-06,0.0
formation_g.1274.peg.4315-MONOMER,1.072861496386634e-06,0.0
formation_g.1274.peg.4316-MONOMER,1.072861496386634e-06,0.0
formation_g.1274.peg.4330-MONOMER,5.484360808176714e-14,0.0
formation_g.1274.peg.434-MONOMER,0.00047452341549106936,0.0
formation_g.1274.peg.4347-MONOMER,0.0,0.0
formation_g.1274.peg.4349-MONOMER,0.0,2.61352243158569e-34
formation_g.1274.peg.4359-MONOMER,0.0,0.0
formation_g.1274.peg.4372-MONOMER,-7.545372796558961e-32,0.0
formation_g.1274.peg.4379-MONOMER,0.0,0.0
formation_g.1274.peg.4383-MONOMER,0.0,0.0
formation_g.1274.peg.4391-MONOMER,1.072861496386634e-06,0.0
formation_g.1274.peg.4392-MONOMER,1.1109683004861049e-10,0.0
formation_g.1274.peg.4394-MONOMER,0.0,0.0
formation_g.1274.peg.44-MONOMER,0.0,1.635874219284516e-34
formation_g.1274.peg.4401-MONOMER,1.072861496386634e-06,0.0
formation_g.1274.peg.4402-MONOMER,0.0,-1.8028236680326088e-34
formation_g.1274.peg.4415-MONOMER,1.072861496386634e-06,0.0
formation_g.1274.peg.4419-MONOMER,2.7329666675621778e-08,0.0
formation_g.1274.peg.4421-MONOMER,0.0,1.5511102932409091e-34
formation_g.1274.peg.4424-MONOMER,0.0,0.0
formation_g.1274.peg.443-MONOMER,1.072861496386634e-06,0.0
formation_g.1274.peg.4430-MONOMER,-1.657459535642306e-32,7.275154060101213e-35
formation_g.1274.peg.4431-MONOMER,0.0,0.0
formation_g.1274.peg.4440-MONOMER,0.0,-1.1835064628379318e-35
formation_g.1274.peg.4443-MONOMER,0.0,1.276325574985925e-34
formation_g.1274.peg.4450-MONOMER,0.0,-1.730204720061239e-34
formation_g.1274.peg.4468-MONOMER,0.0,1.740102877714553e-34
formation_g.1274.peg.4476-MONOMER,0.0,-1.348132468555804e-34
formation_g.1274.peg.4478-MONOMER,0.0,-2.3445154740002122e-34
formation_g.1274.peg.4480-MONOMER,0.0,0.0
formation_g.1274.peg.4482-MONOMER,0.0,4.40798465662389e-35
formation_g.1274.peg.4485-MONOMER,0.0,0.0
formation_g.1274.peg.4487-MONOMER,-4.4507969326369264e-29,-5.531047628566776e-35
formation_g.1274.peg.45-MONOMER,0.0,3.7309218581634846e-34
formation_g.1274.peg.4504-MONOMER,1.3096458854945986e-11,0.0
formation_g.1274.peg.4507-MONOMER,5.356754938095324e-09,-5.019213862744844e-34
formation_g.1274.peg.4518-MONOMER,0.0,0.0
formation_g.1274.peg.452-MONOMER,2.205226202959883e-10,-9.950435733274308e-35
formation_g.1274.peg.4524-MONOMER,1.072861496386634e-06,8.461082593997408e-35
formation_g.1274.peg.4526-MONOMER,0.0,2.197211578289869e-34
formation_g.1274.peg.4527-MONOMER,0.0,-0.11647690884439021
formation_g.1274.peg.4532-MONOMER,5.484360808176714e-14,0.0
formation_g.1274.peg.4543-MONOMER,0.0,0.0
formation_g.1274.peg.4567-MONOMER,5.447419139915789e-11,0.0
formation_g.1274.peg.457-MONOMER,0.0,0.0
formation_g.1274.peg.4574-MONOMER,0.0,0.0
formation_g.1274.peg.4581-MONOMER,2.3554620774244584e-09,0.0
formation_g.1274.peg.459-MONOMER,0.0,0.0
formation_g.1274.peg.4594-MONOMER,1.7918264840704833e-44,-2.409878588097354e-34
formation_g.1274.peg.4596-MONOMER,1.072861496386634e-06,-6.468926629960382e-35
formation_g.1274.peg.460-MONOMER,0.0,-1.2160421170692542e-34
formation_g.1274.peg.4601-MONOMER,5.000666039310204e-10,0.0
formation_g.1274.peg.4602-MONOMER,0.0,0.0
formation_g.1274.peg.4613-MONOMER,0.0,0.0
formation_g.1274.peg.4625-MONOMER,0.0,-1.0743884382325173e-34
formation_g.1274.peg.4628-MONOMER,0.0,-7.962438402313822e-34
formation_g.1274.peg.4632-MONOMER,0.0,1.1030317010023063e-34
formation_g.1274.peg.4639-MONOMER,0.0,0.0
formation_g.1274.peg.4641-MONOMER,9.361602117155488e-12,2.9205892303862318e-34
formation_g.1274.peg.4643-MONOMER,0.0,0.0
formation_g.1274.peg.4646-MONOMER,0.0,0.0
formation_g.1274.peg.4653-MONOMER,2.4270296874564536e-08,2.4301614255780042e-34
formation_g.1274.peg.4654-MONOMER,1.072861496386634e-06,3.543081553095364e-35
formation_g.1274.peg.4656-MONOMER,2.2403236381434748e-10,0.0
formation_g.1274.peg.4659-MONOMER,0.0,0.0
formation_g.1274.peg.4662-MONOMER,9.451019910987446e-09,-3.78094401857142e-34
formation_g.1274.peg.4669-MONOMER,0.0,2.6636595826044077e-34
formation_g.1274.peg.4686-MONOMER,0.0,0.0
formation_g.1274.peg.469-MONOMER,0.0,1.0790283226527775e-34
formation_g.1274.peg.47-MONOMER,2.8796500383560987e-09,0.0
formation_g.1274.peg.4705-MONOMER,0.0,-1.9292619296715606e-34
formation_g.1274.peg.4708-MONOMER,1.4888488233690233e-13,-1.9034048638587547e-34
formation_g.1274.peg.4728-MONOMER,0.0,0.0
formation_g.1274.peg.4737-MONOMER,0.0,-1.1422489564524372e-34
formation_g.1274.peg.4738-MONOMER,0.0,-2.55651246900475e-34
formation_g.1274.peg.4740-MONOMER,0.0,0.0
formation_g.1274.peg.4755-MONOMER,-1.015743149977426e-30,2.3351776623755013e-34
formation_g.1274.peg.4762-MONOMER,1.4888488233690233e-13,6.692213951434715e-35
formation_g.1274.peg.4768-MONOMER,2.2403236381434748e-10,0.0
formation_g.1274.peg.4777-MONOMER,0.0,0.0
formation_g.1274.peg.478-MONOMER,0.0,-1.1452457803576509e-34
formation_g.1274.peg.4793-MONOMER,1.4888488233690233e-13,0.0
formation_g.1274.peg.4797-MONOMER,6.625880389265849e-30,0.0
formation_g.1274.peg.4802-MONOMER,1.0754363580774253e-09,0.0
formation_g.1274.peg.4807-MONOMER,4.4758647467900307e-11,0.0
formation_g.1274.peg.4808-MONOMER,0.0,0.0
formation_g.1274.peg.4810-MONOMER,7.909279417760494e-10,0.0
formation_g.1274.peg.4822-MONOMER,-9.517720384881863e-30,-1.4364216790963286e-34
formation_g.1274.peg.4823-MONOMER,1.072861496386634e-06,-4.82589582978713e-37
formation_g.1274.peg.4827-MONOMER,0.0,0.0
formation_g.1274.peg.4830-MONOMER,5.7700936599509676e-30,0.0
formation_g.1274.peg.4831-MONOMER,0.0,-1.2117332043546305e-34
formation_g.1274.peg.4838-MONOMER,0.0,-1.5399812965190014e-34
formation_g.1274.peg.4839-MONOMER,0.0,-6.716112878958238e-34
formation_g.1274.peg.4842-MONOMER,2.4270296874564536e-08,0.0
formation_g.1274.peg.4851-MONOMER,1.072861496386634e-06,0.0
formation_g.1274.peg.4853-MONOMER,0.0,1.4699841878565728e-34
formation_g.1274.peg.4856-MONOMER,0.0,0.0
formation_g.1274.peg.486-MONOMER,0.0,0.0
formation_g.1274.peg.4861-MONOMER,0.0,-2.617468766098129e-34
formation_g.1274.peg.4869-MONOMER,0.0,3.273149764349164e-34
formation_g.1274.peg.488-MONOMER,0.0,0.0
formation_g.1274.peg.4891-MONOMER,0.0,0.0
formation_g.1274.peg.4893-MONOMER,1.072861496386634e-06,3.4812503463722383e-35
formation_g.1274.peg.4896-MONOMER,0.0,0.0
formation_g.1274.peg.4903-MONOMER,1.5186732105897163e-10,0.0
formation_g.1274.peg.4907-MONOMER,0.0,0.0
formation_g.1274.peg.4908-MONOMER,2.1750380163668543e-10,0.0
formation_g.1274.peg.4910-MONOMER,0.0,0.0
formation_g.1274.peg.4936-MONOMER,2.0801992908343753e-11,0.0
formation_g.1274.peg.4939-MONOMER,0.0,4.107544946700548e-34
formation_g.1274.peg.4950-MONOMER,0.0,0.0
formation_g.1274.peg.4952-MONOMER,1.4888488233690233e-13,1.263900766350643e-34
formation_g.1274.peg.4953-MONOMER,0.0,3.0704671838426606e-34
formation_g.1274.peg.4954-MONOMER,0.0,0.0
formation_g.1274.peg.4955-MONOMER,1.2641976706967556e-10,0.0
formation_g.1274.peg.4956-MONOMER,0.0,2.22391915842215e-34
formation_g.1274.peg.4959-MONOMER,0.0,0.0
formation_g.1274.peg.4965-MONOMER,1.1744510751988672e-09,0.0
formation_g.1274.peg.4967-MONOMER,0.0,0.0
formation_g.1274.peg.4970-MONOMER,8.743722671879947e-08,6.505864801695702e-35
formation_g.1274.peg.4977-MONOMER,0.0,0.0
formation_g.1274.peg.498-MONOMER,8.17199169838437e-09,0.0
formation_g.1274.peg.4983-MONOMER,0.0,0.0
formation_g.1274.peg.4986-MONOMER,0.0,1.3405386907642621e-34
formation_g.1274.peg.4989-MONOMER,0.0,1.584737445491244e-34
formation_g.1274.peg.4994-MONOMER,0.0,2.0012989517412904e-34
formation_g.1274.peg.5003-MONOMER,0.0,0.0
formation_g.1274.peg.5007-MONOMER,0.0,0.0
formation_g.1274.peg.5014-MONOMER,1.072861496386634e-06,6.078746001044977e-35
formation_g.1274.peg.5015-MONOMER,0.0,0.0
formation_g.1274.peg.5023-MONOMER,0.0,0.0
formation_g.1274.peg.5026-MONOMER,0.0,0.0
formation_g.1274.peg.504-MONOMER,1.4897056281711855e-63,0.0
formation_g.1274.peg.5040-MONOMER,-1.1701772518541589e-32,1.838299157568431e-34
formation_g.1274.peg.5044-MONOMER,0.0,0.0
formation_g.1274.peg.5045-MONOMER,0.0,0.0
formation_g.1274.peg.5052-MONOMER,0.0,-3.6716975822930965e-34
formation_g.1274.peg.5058-MONOMER,0.0,-6778.914959901149
formation_g.1274.peg.5073-MONOMER,0.0,0.0
formation_g.1274.peg.5076-MONOMER,2.007578876686154e-29,0.0
formation_g.1274.peg.5079-MONOMER,0.0,0.0
formation_g.1274.peg.5080-MONOMER,0.0,0.0
formation_g.1274.peg.5084-MONOMER,0.0,2.2888787420947396e-34
formation_g.1274.peg.5088-MONOMER,1.667480657863155e-29,0.0
formation_g.1274.peg.5096-MONOMER,0.0,0.0
formation_g.1274.peg.511-MONOMER,0.0,-2.608806987912615e-34
formation_g.1274.peg.5127-MONOMER,0.0,-2.2907239240955347e-34
formation_g.1274.peg.5131-MONOMER,1.0976698639098888e-11,0.0
formation_g.1274.peg.5132-MONOMER,0.0,0.0
formation_g.1274.peg.514-MONOMER,1.0346087358009348e-08,0.0
formation_g.1274.peg.5154-MONOMER,0.0,0.0
formation_g.1274.peg.5159-MONOMER,0.0,0.0
formation_g.1274.peg.5161-MONOMER,1.2806606336799614e-09,3.425472301178253e-34
formation_g.1274.peg.5167-MONOMER,0.0,-3.6989507619369514e-35
formation_g.1274.peg.5173-MONOMER,0.0,0.0
formation_g.1274.peg.5174-MONOMER,0.0,0.0
formation_g.1274.peg.5187-MONOMER,0.0,0.0
formation_g.1274.peg.5191-MONOMER,0.0,0.0
formation_g.1274.peg.5199-MONOMER,0.0,0.0
formation_g.1274.peg.52-MONOMER,0.0,0.0
formation_g.1274.peg.5207-MONOMER,0.0,0.0
formation_g.1274.peg.521-MONOMER,0.0,0.0
formation_g.1274.peg.5214-MONOMER,0.0,0.0
formation_g.1274.peg.5215-MONOMER,0.0,0.0
formation_g.1274.peg.5222-MONOMER,1.0632192992156152e-10,0.0
formation_g.1274.peg.5227-MONOMER,0.0,0.0
formation_g.1274.peg.5232-MONOMER,1.1785928839887906e-29,-3.4701629232591687e-34
formation_g.1274.peg.5248-MONOMER,0.0,1.5224789518525654e-34
formation_g.1274.peg.5249-MONOMER,0.0,-2.525884529501576e-34
formation_g.1274.peg.5256-MONOMER,6.660041831247979e-10,0.0
formation_g.1274.peg.5258-MONOMER,0.0,0.0
formation_g.1274.peg.5261-MONOMER,0.0,-4.876402193286796e-34
formation_g.1274.peg.5262-MONOMER,1.7425028740527157e-07,0.0
formation_g.1274.peg.5274-MONOMER,0.0,0.0
formation_g.1274.peg.528-MONOMER,0.0,-2.273097863792087e-34
formation_g.1274.peg.5280-MONOMER,0.0,0.0
formation_g.1274.peg.5285-MONOMER,0.0,3.0396346810819085e-34
formation_g.1274.peg.5286-MONOMER,2.742284387523139e-16,0.0
formation_g.1274.peg.5289-MONOMER,0.0,0.0
formation_g.1274.peg.530-MONOMER,1.072861496386634e-06,6.471499811054975e-35
formation_g.1274.peg.5308-MONOMER,0.0,1.0813468541937605e-34
formation_g.1274.peg.5319-MONOMER,0.0,0.0
formation_g.1274.peg.5326-MONOMER,0.0,0.0
formation_g.1274.peg.5327-MONOMER,1.0728631504630522e-06,-3.832006709513239e-35
formation_g.1274.peg.5329-MONOMER,0.0,-2.4553789744409724e-34
formation_g.1274.peg.5333-MONOMER,0.0,0.0
formation_g.1274.peg.5341-MONOMER,0.0,0.0
formation_g.1274.peg.535-MONOMER,0.0,0.0
formation_g.1274.peg.5357-MONOMER,0.0,0.0
formation_g.1274.peg.5360-MONOMER,0.0,1.0861545093986034e-34
formation_g.1274.peg.5361-MONOMER,0.0,0.0
formation_g.1274.peg.5362-MONOMER,0.0,2.8506002854254893e-34
formation_g.1274.peg.5365-MONOMER,5.3560713866640334e-08,0.0
formation_g.1274.peg.5368-MONOMER,0.0,0.0
formation_g.1274.peg.5370-MONOMER,0.0,0.0
formation_g.1274.peg.538-MONOMER,0.0,0.0
formation_g.1274.peg.5393-MONOMER,0.0,0.0
formation_g.1274.peg.5397-MONOMER,0.0,0.0
formation_g.1274.peg.54-MONOMER,8.750949974206359e-10,-5.873636031879511e-34
formation_g.1274.peg.5401-MONOMER,-1.2248855514886467e-29,0.0
formation_g.1274.peg.5406-MONOMER,0.0,0.0
formation_g.1274.peg.5408-MONOMER,0.0,0.0
formation_g.1274.peg.5410-MONOMER,0.0,-1.3077666131159117e-34
formation_g.1274.peg.5415-MONOMER,0.0,0.0
formation_g.1274.peg.5434-MONOMER,0.0,0.0
formation_g.1274.peg.5439-MONOMER,0.0,-2.4475194953350182e-34
formation_g.1274.peg.546-MONOMER,0.0,0.0
formation_g.1274.peg.5461-MONOMER,1.072861496386634e-06,0.0
formation_g.1274.peg.5462-MONOMER,1.072861496386634e-06,3.368932847795311e-35
formation_g.1274.peg.5473-MONOMER,1.2405796731202258e-09,0.0
formation_g.1274.peg.548-MONOMER,1.072861496386634e-06,-7.405683736416556e-35
formation_g.1274.peg.5510-MONOMER,0.0,0.0
formation_g.1274.peg.552-MONOMER,0.0,0.0
formation_g.1274.peg.5528-MONOMER,9.450063666466818e-09,0.0
formation_g.1274.peg.5534-MONOMER,0.0,-4.822981328446495e-35
formation_g.1274.peg.5546-MONOMER,0.0,-4.090930427725802e-34
formation_g.1274.peg.5560-MONOMER,0.0,0.0
formation_g.1274.peg.5568-MONOMER,0.0,0.0
formation_g.1274.peg.5570-MONOMER,0.0,-2.2501380430715626e-34
formation_g.1274.peg.5572-MONOMER,9.397189098009856e-10,1.7351650639951353e-34
formation_g.1274.peg.5577-MONOMER,0.0,0.0
formation_g.1274.peg.5585-MONOMER,0.0,-1.6192766503535033e-34
formation_g.1274.peg.5586-MONOMER,1.072861496386634e-06,3.229072381554221e-35
formation_g.1274.peg.5591-MONOMER,0.0,0.0
formation_g.1274.peg.560-MONOMER,0.0,0.0
formation_g.1274.peg.5612-MONOMER,0.0,-2.2141737925428734e-34
formation_g.1274.peg.5616-MONOMER,0.0,0.0
formation_g.1274.peg.5619-MONOMER,0.0,0.0
formation_g.1274.peg.5628-MONOMER,1.1776672726552312e-11,-1.0731949772159844e-34
formation_g.1274.peg.5634-MONOMER,2.8744583397531692e-11,0.0
formation_g.1274.peg.5642-MONOMER,0.0,-8.611909463526197e-35
formation_g.1274.peg.5651-MONOMER,0.0,1.5195473105549418e-34
formation_g.1274.peg.5652-MONOMER,2.3885469515753898e-29,0.0
formation_g.1274.peg.5653-MONOMER,0.0,-2.033245899113136e-34
formation_g.1274.peg.5654-MONOMER,4.454807343982418e-14,0.0
formation_g.1274.peg.5658-MONOMER,0.0,0.0
formation_g.1274.peg.5662-MONOMER,0.0,0.0
formation_g.1274.peg.5663-MONOMER,0.0,7.593057987885824e-35
formation_g.1274.peg.5670-MONOMER,0.0,0.0
formation_g.1274.peg.5672-MONOMER,0.0,1.4909473611986835e-34
formation_g.1274.peg.5679-MONOMER,0.0,0.0
formation_g.1274.peg.5680-MONOMER,0.0,0.0
formation_g.1274.peg.5683-MONOMER,2.2403236381434748e-10,-2.1086173430403566e-34
formation_g.1274.peg.5685-MONOMER,0.0,4.321648050611005e-34
formation_g.1274.peg.5690-MONOMER,2.3385664707564785e-09,0.0
formation_g.1274.peg.5705-MONOMER,5.3138467982137715e-14,0.0
formation_g.1274.peg.5712-MONOMER,1.6686816734748386e-09,0.0
formation_g.1274.peg.5717-MONOMER,0.0,0.0
formation_g.1274.peg.573-MONOMER,0.0,0.0
formation_g.1274.peg.5736-MONOMER,0.0,0.0
formation_g.1274.peg.5737-MONOMER,0.0,0.0
formation_g.1274.peg.5738-MONOMER,0.0,1.13681017349974e-34
formation_g.1274.peg.5747-MONOMER,0.0,0.0
formation_g.1274.peg.5754-MONOMER,0.0,1.2046116852340578e-34
formation_g.1274.peg.5763-MONOMER,1.5580163525445783e-29,0.0
formation_g.1274.peg.5774-MONOMER,-7.073930898171356e-30,0.0
formation_g.1274.peg.5793-MONOMER,2.9776976467380497e-13,0.0
formation_g.1274.peg.5799-MONOMER,0.0,-3.375765369130005e-34
formation_g.1274.peg.58-MONOMER,3.039001988966119e-11,2.1872947965793056e-34
formation_g.1274.peg.5801-MONOMER,1.1331011489459906e-10,-8.229564089948596e-35
formation_g.1274.peg.5807-MONOMER,2.8796516615962138e-09,-3.1606132529365943e-34
formation_g.1274.peg.5814-MONOMER,5.3138467982137715e-14,0.0
formation_g.1274.peg.5824-MONOMER,0.0,-9.405629648595833e-35
formation_g.1274.peg.5834-MONOMER,0.0,0.0
formation_g.1274.peg.5836-MONOMER,0.0,0.0
formation_g.1274.peg.5838-MONOMER,0.0,0.0
formation_g.1274.peg.5848-MONOMER,0.0,0.0
formation_g.1274.peg.5851-MONOMER,1.2628378876138527e-12,1.7604478221300447e-34
formation_g.1274.peg.5854-MONOMER,0.0,0.0
formation_g.1274.peg.5866-MONOMER,0.0,0.0
formation_g.1274.peg.5878-MONOMER,0.0,-1.3032356358799679e-34
formation_g.1274.peg.5894-MONOMER,0.0,0.0
formation_g.1274.peg.5898-MONOMER,0.0,0.0
formation_g.1274.peg.5899-MONOMER,0.0,0.0
formation_g.1274.peg.5911-MONOMER,0.0,-1.1273181020753992e-34
formation_g.1274.peg.5915-MONOMER,2.9776976467380497e-13,7.187531289026749e-35
formation_g.1274.peg.5924-MONOMER,0.0,-2.2099934945206654e-34
formation_g.1274.peg.5929-MONOMER,-2.1265070708435963e-29,7.095756192649937e-35
formation_g.1274.peg.5937-MONOMER,0.0,-1.5373453770844791e-34
formation_g.1274.peg.594-MONOMER,0.0,0.0
formation_g.1274.peg.5942-MONOMER,0.0,1.4797552724935748e-34
formation_g.1274.peg.5951-MONOMER,0.0,1.7340125326727244e-34
formation_g.1274.peg.5960-MONOMER,0.0,-2.2925933096647644e-34
formation_g.1274.peg.5961-MONOMER,0.0,0.0
formation_g.1274.peg.5969-MONOMER,0.0,-1.077042775993832e-34
formation_g.1274.peg.5970-MONOMER,0.0008419540011320635,7.513595039677984e-36
formation_g.1274.peg.598-MONOMER,0.0,2.628511210596685e-34
formation_g.1274.peg.5984-MONOMER,1.4888488233690233e-13,0.0
formation_g.1274.peg.5996-MONOMER,-6.177039288431426e-30,-1.4340756245670033e-34
formation_g.1274.peg.6004-MONOMER,0.0,0.0
formation_g.1274.peg.6010-MONOMER,0.0,0.0
formation_g.1274.peg.602-MONOMER,-2.649071752703853e-29,0.0
formation_g.1274.peg.6042-MONOMER,-1.2898032090196643e-29,0.0
formation_g.1274.peg.6045-MONOMER,0.0,0.0
formation_g.1274.peg.6048-MONOMER,0.0,0.0
formation_g.1274.peg.605-MONOMER,1.072861496386634e-06,0.0
formation_g.1274.peg.6050-MONOMER,0.0,-1.704642420874127e-34
formation_g.1274.peg.6055-MONOMER,2.3359717930969852e-30,0.0
formation_g.1274.peg.6067-MONOMER,-1.835217248745079e-28,0.0
formation_g.1274.peg.607-MONOMER,0.0,2.435358951184176e-34
formation_g.1274.peg.6077-MONOMER,0.0,1.7977219437104793e-34
formation_g.1274.peg.6083-MONOMER,0.0,-2.3390186773712574e-34
formation_g.1274.peg.6084-MONOMER,0.0,0.0
formation_g.1274.peg.6099-MONOMER,0.0,-3.125610695786138e-35
formation_g.1274.peg.61-MONOMER,0.0,2.017237726717858e-34
formation_g.1274.peg.6102-MONOMER,3.5460115963336184e-11,0.0
formation_g.1274.peg.6111-MONOMER,0.0,0.0
formation_g.1274.peg.6118-MONOMER,0.0,0.0
formation_g.1274.peg.6121-MONOMER,9.509890499744946e-09,0.0
formation_g.1274.peg.6127-MONOMER,0.0,0.0
formation_g.1274.peg.643-MONOMER,1.072861496386634e-06,0.0
formation_g.1274.peg.645-MONOMER,1.072861496386634e-06,0.0
formation_g.1274.peg.649-MONOMER,0.0,3.1968274675496065e-34
formation_g.1274.peg.660-MONOMER,0.0,8.41113398193875e-35
formation_g.1274.peg.662-MONOMER,0.0,-3.805366585901471e-34
formation_g.1274.peg.676-MONOMER,0.0,1.4450729649822551e-34
formation_g.1274.peg.679-MONOMER,-6.573020326933307e-43,0.0
formation_g.1274.peg.68-MONOMER,0.0,-1.1655079268665833e-34
formation_g.1274.peg.70-MONOMER,0.0,0.0
formation_g.1274.peg.700-MONOMER,0.0,1.541280731107185e-34
formation_g.1274.peg.705-MONOMER,0.0,-1.6250494930218318e-34
formation_g.1274.peg.710-MONOMER,0.0,0.0
formation_g.1274.peg.712-MONOMER,0.0,0.0
formation_g.1274.peg.715-MONOMER,0.0,0.0
formation_g.1274.peg.722-MONOMER,0.0,0.0
formation_g.1274.peg.73-MONOMER,0.0,-2.5436609793180342e-34
formation_g.1274.peg.742-MONOMER,1.072861496386634e-06,0.0
formation_g.1274.peg.754-MONOMER,0.0,-2.330924175744928e-34
formation_g.1274.peg.775-MONOMER,0.0,-2.4435045117677144e-34
formation_g.1274.peg.778-MONOMER,1.072861496386634e-06,0.0
formation_g.1274.peg.78-MONOMER,0.0,0.0
formation_g.1274.peg.791-MONOMER,4.87499748407811e-08,0.0
formation_g.1274.peg.793-MONOMER,5.965502133012672e-10,0.0
formation_g.1274.peg.794-MONOMER,-8.513143399349109e-29,-8.771511350838479e-35
formation_g.1274.peg.804-MONOMER,0.0,9.242802095019664e-35
formation_g.1274.peg.810-MONOMER,0.0,7.956342839764355e-35
formation_g.1274.peg.815-MONOMER,0.0,8.848367939571505e-35
formation_g.1274.peg.826-MONOMER,0.0,1.507061210403628e-34
formation_g.1274.peg.832-MONOMER,0.0,0.0
formation_g.1274.peg.837-MONOMER,0.0,0.0
formation_g.1274.peg.844-MONOMER,3.1867926589213405e-10,3.2183977763421236e-35
formation_g.1274.peg.846-MONOMER,0.0,0.0
formation_g.1274.peg.852-MONOMER,1.072861496386634e-06,-1.6585082104813031e-35
formation_g.1274.peg.858-MONOMER,1.072861496386634e-06,0.0
formation_g.1274.peg.878-MONOMER,1.1338685793207005e-10,0.0
formation_g.1274.peg.879-MONOMER,0.0,0.0
formation_g.1274.peg.881-MONOMER,0.0,0.0
formation_g.1274.peg.895-MONOMER,0.0,0.0
formation_g.1274.peg.898-MONOMER,1.0728631504630522e-06,-4.787617288372036e-35
formation_g.1274.peg.907-MONOMER,0.0,0.0
formation_g.1274.peg.91-MONOMER,1.4888488233690233e-13,0.0
formation_g.1274.peg.910-MONOMER,0.0,0.0
formation_g.1274.peg.917-MONOMER,0.0,0.0
formation_g.1274.peg.934-MONOMER,0.0,-4.908467317647188e-34
formation_g.1274.peg.939-MONOMER,4.3504859243108453e-10,0.0
formation_g.1274.peg.943-MONOMER,0.0,0.0
formation_g.1274.peg.956-MONOMER,0.0,0.0
formation_g.1274.peg.957-MONOMER,0.0,-2.9116932763017124e-34
formation_g.1274.peg.966-MONOMER,0.0,1.8367632053892674e-34
formation_g.1274.peg.974-MONOMER,-6.506571045601658e-29,0.0
formation_g.1274.peg.991-MONOMER,0.0,0.0
formation_g.1274.peg.994-MONOMER,0.0,0.0
formation_g.1274.peg.997-MONOMER,0.0,0.0
formation_g.1274.peg.2808-MONOMER_mod_fmn(1),0.0,0.0
formation_g.1274.peg.1527-MONOMER_mod_mg2(1),0.0,1.3392282618808909e-33
formation_g.1274.peg.5043-MONOMER_mod_zn2(1)_mod_mg2(1),0.0,0.0
formation_g.1274.peg.5917-MONOMER_mod_mg2(1),-8.062985982602709e-31,1.3392282618808909e-33
formation_g.1274.peg.4758-MONOMER_mod_pydx5p(1),0.0,-2.114215164543978e-34
formation_g.1274.peg.906-MONOMER_mod_mg2(1),0.0,0.0
formation_g.1274.peg.1236-MONOMER_mod_zn2(1),0.0,-9.638507582948841e-34
formation_398578.3.peg.2424-MONOMER_mod_4fe4s(1),0.0,0.0
formation_398578.3.peg.2432-MONOMER_mod_4fe4s(1),0.0,0.0
formation_g.1274.peg.4498-MONOMER_mod_mg2(1),0.0,0.0
formation_g.1274.peg.4498-MONOMER_mod_mn2(1),0.0,-3.223961177126914e-35
formation_398578.3.peg.3554-MONOMER_mod_mg2(1),1.3765278228673836e-08,-2.8362635247833805e-33
formation_g.1274.peg.5016-MONOMER_mod_mg2(1),0.0,0.0
formation_g.1274.peg.5016-MONOMER_mod_mn2(1),0.0,0.0
formation_398578.3.peg.3182-MONOMER_mod_mg2(1),0.0,2.566617989408171e-34
formation_398578.3.peg.3182-MONOMER_mod_mn2(1),0.0,-2.027936824825413e-34
formation_398578.3.peg.3182-MONOMER_mod_cobalt2(1),0.0,-2.0173417826803293e-34
formation_398578.3.peg.3182-MONOMER_mod_cd2(1),0.0,0.0
formation_398578.3.peg.4991-MONOMER_mod_mg2(1),0.0,0.0
formation_398578.3.peg.4942-MONOMER_mod_pydx5p(1),0.0,6.664196651354888e-34
formation_g.1274.peg.2206-MONOMER_mod_zn2(1),0.0,0.0
formation_g.1274.peg.4790-MONOMER_mod_fe2(2),5.104037210120982e-12,-5.89277802063043e-33
formation_398578.3.peg.1827-MONOMER_mod_pydx5p(1),0.0,-4.833061159972193e-34
formation_g.1274.peg.2879-MONOMER_mod_pydx5p(1),0.0,0.0
formation_398578.3.peg.4758-MONOMER_mod_mg2(1),-4.684762435630527e-31,6.696141309404454e-34
formation_398578.3.peg.2142-MONOMER_mod_fad(1),0.0,2.007313090658954e-34
formation_398578.3.peg.3764-MONOMER_mod_4fe4s(1)_mod_2fe2s(1),0.0,-3.308722450212111e-24
formation_g.1274.peg.5502-MONOMER_mod_mn2(1),0.0,7.3077804777546576e-34
formation_g.1274.peg.5502-MONOMER_mod_2fe2s(1)_mod_mn2(1),0.0,6.617444900424222e-24
formation_g.1274.peg.5502-MONOMER_mod_4fe4s(1)_mod_mn2(1),0.0,0.0
formation_g.1274.peg.4580-MONOMER_mod_mg2(1),7.597974568665935e-10,2.6537837326518204e-34
formation_g.1274.peg.2960-MONOMER_mod_mn2(1),0.0,-2.548800648822167e-34
formation_g.1274.peg.2822-MONOMER_mod_4fe4s(1),0.0,0.0
formation_g.1274.peg.4301-MONOMER_mod_fe2(1)_mod_zn2(1),0.0,2.396289044102176e-34
formation_g.1274.peg.4301-MONOMER_mod_mn2(1)_mod_zn2(1),0.0,-3.446384196711913e-34
formation_g.1274.peg.4301-MONOMER_mod_cobalt2(1)_mod_zn2(1),0.0,0.0
formation_398578.3.peg.5087-MONOMER_mod_mg2(1),0.0,6.696141309404454e-34
formation_g.1274.peg.2968-MONOMER_mod_pydx5p(1),0.0,0.0
formation_398578.3.peg.1439-MONOMER_mod_pydx5p(2),0.0,5.127409782768162e-34
formation_g.1274.peg.1204-MONOMER_mod_cd2(1)_mod_zn2(1)_mod_mg2(1)_mod_mn2(1)_mod_cobalt2(1),0.0,0.0
formation_g.1274.peg.28-MONOMER_mod_pydx5p(1),7.843248606965745e-12,-1.1313616033586437e-33
formation_g.1274.peg.4442-MONOMER_mod_mg2(1)_mod_k(1),9.808078696042647e-10,0.0
formation_398578.3.peg.1826-MONOMER_mod_mg2(1),0.0,-3.141892350921886e-34
formation_g.1274.peg.217-MONOMER_mod_fe2(1),0.0,0.0
formation_g.1274.peg.1571-MONOMER_mod_mg2(1),2.0408251433783096e-09,0.0
formation_398578.3.peg.3972-MONOMER_mod_fmn(1),0.0,-1.75629444659994e-34
formation_398578.3.peg.1382-MONOMER_mod_zn2(2),0.0,0.0
formation_g.1274.peg.1043-MONOMER_mod_zn2(1),0.0,0.0
formation_398578.3.peg.4906-MONOMER_mod_mg2(1),0.0,-2.20111396904588e-34
formation_g.1274.peg.5976-MONOMER_mod_cobalt2(1)_mod_nad(1),0.0,-2.543738093969724e-34
formation_g.1274.peg.1397-MONOMER_mod_mg2(1),0.0,-2.0447260186182692e-34
formation_g.1274.peg.1397-MONOMER_mod_mn2(1),2.2364062215245417e-10,0.0
formation_g.1274.peg.1701-MONOMER_mod_nadph(1)_mod_nadh(1)_mod_fad(1)_mod_cobalt2(1),6.771377315244915e-10,3.884061407160466e-33
formation_g.1274.peg.4207-MONOMER_mod_zn2(1),0.0,0.0
formation_g.1274.peg.5504-MONOMER_mod_mg2(1),0.0,1.4336782067851653e-35
formation_g.1274.peg.2913-MONOMER_mod_mg2(1),1.7712576162754945e-10,-1.038905412855751e-34
formation_g.1274.peg.4146-MONOMER_mod_zn2(1),0.0,-2.0726318362544024e-34
formation_g.1274.peg.4017-MONOMER_mod_mn2(1),0.0,0.0
formation_g.1274.peg.4017-MONOMER_mod_cobalt2(1),6.123853436956849e-10,-3.838379610080883e-34
formation_g.1274.peg.4017-MONOMER_mod_mg2(1),0.0,0.0
formation_398578.3.peg.2235-MONOMER_mod_thmpp(1),4.2777337732768165e-10,0.0
formation_g.1274.peg.2520-MONOMER_mod_fad(1),-2.170549874825632e-29,-1.7521004602930464e-34
formation_398578.3.peg.5090-MONOMER_mod_mg2(4),2.0801992908343753e-11,4.051488945661941e-34
formation_g.1274.peg.6029-MONOMER_mod_mg2(1),0.0,4.997350853001733e-34
formation_g.1274.peg.1959-MONOMER_mod_zn2(1),0.0,-7.616220255255184e-34
formation_398578.3.peg.3254-MONOMER_mod_mg2(1),0.0,3.426725539006508e-34
formation_CPLX_FDH2-0_mod_bmocogdp(1),0.0,0.0
formation_CPLX_FRD2-0_mod_3fe4s(1)_mod_fad(1)_mod_2fe2s(1)_mod_4fe4s(1),0.0,-1.3126843132525516e-24
formation_g.1274.peg.1710-MONOMER_mod_fad(1),3.9828665102491736e-08,7.657896354933971e-35
formation_g.1274.peg.5294-MONOMER_mod_mg2(1),0.0,0.0
formation_398578.3.peg.2655-MONOMER_mod_mg2(1),-6.303951437036475e-30,0.0
formation_g.1274.peg.4311-MONOMER_mod_mg2(1),7.822201350039292e-11,1.3786121772401026e-34
formation_398578.3.peg.2645-MONOMER_mod_4fe4s(1),0.0,6.231292670221386e-24
formation_398578.3.peg.5884-MONOMER_mod_mg2(1),1.4631872914771626e-10,0.0
formation_g.1274.peg.17-MONOMER_mod_mg2(1),1.0920487159668314e-10,1.2176847590089677e-34
formation_g.1274.peg.774-MONOMER_mod_pydx5p(1),0.0,0.0
formation_g.1274.peg.661-MONOMER_mod_fad(1),0.0,4.081825556952393e-34
formation_g.1274.peg.1172-MONOMER_mod_fe2(1),0.0,-2.8987534764405003e-34
formation_g.1274.peg.13-MONOMER_mod_nad(1),5.824695195091791e-11,-2.507713933066051e-34
formation_398578.3.peg.5234-MONOMER_mod_mg2(1),0.0,-1.7292413976019091e-34
formation_g.1274.peg.2613-MONOMER_mod_pqq(1),0.0,0.0
formation_g.1274.peg.1382-MONOMER_mod_mg2(1),0.0,-2.618215951128571e-34
formation_398578.3.peg.4984-MONOMER_mod_mn2(1),0.0,0.0
formation_398578.3.peg.5465-MONOMER_mod_mg2(1),0.0,6.151247789181994e-34
formation_g.1274.peg.1394-MONOMER_mod_mg2(1),0.0,0.0
formation_g.1274.peg.5145-MONOMER_mod_mg2(1)_mod_k(1),2.2403236381434748e-10,0.0
formation_398578.3.peg.4751-MONOMER_mod_mg2(1),0.0,0.0
formation_g.1274.peg.4191-MONOMER_mod_mg2(1)_mod_zn2(1),0.0,-1.329770646716602e-34
formation_g.1274.peg.1137-MONOMER_mod_mg2(1)_mod_thmpp(1)_mod_fad(1),3.192902334928599e-30,6.090838593742879e-34
formation_g.1274.peg.3823-MONOMER_mod_zn2(1),3.9935891285960086e-42,9.212284203517027e-34
formation_g.1274.peg.3823-MONOMER_mod_mg2(1),0.0,0.0
formation_g.1274.peg.299-MONOMER_mod_mg2(1),0.0,0.0
formation_g.1274.peg.299-MONOMER_mod_mn2(1),0.0,-2.0080933288681517e-33
formation_g.1274.peg.4603-MONOMER_mod_zn2(1),-3.1013678211255746e-29,9.555040800738663e-35
formation_398578.3.peg.3004-MONOMER_mod_mg2(1),4.65866123099699e-30,0.0
formation_g.1274.peg.3731-MONOMER_mod_mg2(1),1.2727587882392e-29,2.6072278480809714e-34
formation_g.1274.peg.5095-MONOMER_mod_ca2(1),0.0,0.0
formation_g.1274.peg.5231-MONOMER_mod_mg2(1),0.0,1.2130300251335537e-34
formation_g.1274.peg.1850-MONOMER_mod_fad(1),0.0,0.0
formation_g.1274.peg.5980-MONOMER_mod_mg2(1),0.0,0.0
formation_g.1274.peg.1313-MONOMER_mod_mg2(1),1.4319991610395541e-11,0.0
formation_g.1274.peg.1954-MONOMER_mod_mn2(1),0.0,0.0
formation_g.1274.peg.196-MONOMER_mod_zn2(1),1.5162006351024276e-29,0.0
formation_g.1274.peg.5437-MONOMER_mod_zn2(1),0.0,-2.316309894147359e-34
formation_g.1274.peg.3952-MONOMER_mod_mg2(1),0.0,0.0
formation_g.1274.peg.3952-MONOMER_mod_ca2(1),0.0,-1.8080235646038876e-34
formation_g.1274.peg.2418-MONOMER_mod_mg2(1),-1.843354213601039e-29,-1.2216291965145313e-34
formation_g.1274.peg.5723-MONOMER_mod_mn2(1),0.0,0.0
formation_g.1274.peg.1418-MONOMER_mod_dpm(1),0.0,-1.2758313038062265e-34
formation_g.1274.peg.1598-MONOMER_mod_mg2(1),0.0,0.0
formation_398578.3.peg.5503-MONOMER_mod_pydx5p(1),0.0,0.0
formation_398578.3.peg.3646-MONOMER_mod_mn2(1),0.0,0.0
formation_398578.3.peg.3646-MONOMER_mod_mg2(1),0.0,0.0
formation_398578.3.peg.5220-MONOMER_mod_mg2(1)_mod_mn2(1),0.0,0.0
formation_398578.3.peg.4847-MONOMER_mod_mg2(1),0.0,0.0
formation_g.1274.peg.2115-MONOMER_mod_mg2(1),0.0,0.0
formation_g.1274.peg.5218-MONOMER_mod_mg2(1),1.7829697359845894e-10,-3.1244398014004196e-34
formation_g.1274.peg.3336-MONOMER_mod_ni2(1),0.0,-7.844300189997145e-35
formation_g.1274.peg.1369-MONOMER_mod_mn2(1),0.0,2.0867402275379357e-33
formation_g.1274.peg.1369-MONOMER_mod_mg2(1),0.0,0.0
formation_g.1274.peg.4270-MONOMER_mod_mn2(1),9.633451214402947e-10,-1.7721713876750257e-34
formation_g.1274.peg.2468-MONOMER_mod_mn2(1),8.754777886582153e-10,0.0
formation_g.1274.peg.2113-MONOMER_mod_mg2(1),0.0,-2.6187862499051684e-34
formation_g.1274.peg.2113-MONOMER_mod_mn2(1),0.0,0.0
formation_g.1274.peg.2113-MONOMER_mod_cobalt2(1),8.151811424901782e-10,0.0
formation_g.1274.peg.5170-MONOMER_mod_k(4)_mod_mg2(1),0.0,0.0
formation_g.1274.peg.5170-MONOMER_mod_k(4)_mod_mn2(1),0.0,-6.593397681852059e-34
formation_g.1274.peg.5170-MONOMER_mod_k(4)_mod_cobalt2(1),0.0,-6.500359969242682e-34
formation_g.1274.peg.5170-MONOMER_mod_k(4)_mod_zn2(1),8.909618754944565e-12,0.0
formation_g.1274.peg.5170-MONOMER_mod_k(4)_mod_cd2(1),0.0,0.0
formation_g.1274.peg.5170-MONOMER_mod_k(4)_mod_ni2(1),0.0,7.584980822479631e-34
formation_g.1274.peg.5170-MONOMER_mod_k(4)_mod_ca2(1),0.0,1.5833836930203255e-33
formation_g.1274.peg.5170-MONOMER_mod_nh4(4)_mod_mg2(1),0.0,0.0
formation_g.1274.peg.5170-MONOMER_mod_nh4(4)_mod_mn2(1),0.0,6.143233457543753e-34
formation_g.1274.peg.5170-MONOMER_mod_nh4(4)_mod_cobalt2(1),0.0,-6.1025191381982214e-34
formation_g.1274.peg.5170-MONOMER_mod_nh4(4)_mod_zn2(1),0.0,0.0
formation_g.1274.peg.5170-MONOMER_mod_nh4(4)_mod_cd2(1),0.0,6.207882026220668e-34
formation_g.1274.peg.5170-MONOMER_mod_nh4(4)_mod_ni2(1),0.0,1.9362846093100935e-34
formation_g.1274.peg.5170-MONOMER_mod_nh4(4)_mod_ca2(1),0.0,-6.169670842253725e-34
formation_g.1274.peg.5170-MONOMER_mod_tl(4)_mod_mg2(1),0.0,0.0
formation_g.1274.peg.5170-MONOMER_mod_tl(4)_mod_mn2(1),0.0,0.0
formation_g.1274.peg.5170-MONOMER_mod_tl(4)_mod_cobalt2(1),0.0,5.994684465597171e-34
formation_g.1274.peg.5170-MONOMER_mod_tl(4)_mod_zn2(1),0.0,0.0
formation_g.1274.peg.5170-MONOMER_mod_tl(4)_mod_cd2(1),0.0,-6.018450530034786e-34
formation_g.1274.peg.5170-MONOMER_mod_tl(4)_mod_ni2(1),0.0,2.2722757865688345e-34
formation_g.1274.peg.5170-MONOMER_mod_tl(4)_mod_ca2(1),0.0,0.0
formation_g.1274.peg.5170-MONOMER_mod_cs(4)_mod_mg2(1),0.0,0.0
formation_g.1274.peg.5170-MONOMER_mod_cs(4)_mod_mn2(1),0.0,0.0
formation_g.1274.peg.5170-MONOMER_mod_cs(4)_mod_cobalt2(1),0.0,5.994684465597171e-34
formation_g.1274.peg.5170-MONOMER_mod_cs(4)_mod_zn2(1),0.0,0.0
formation_g.1274.peg.5170-MONOMER_mod_cs(4)_mod_cd2(1),0.0,-6.018450530034786e-34
formation_g.1274.peg.5170-MONOMER_mod_cs(4)_mod_ni2(1),0.0,2.2722757865688345e-34
formation_g.1274.peg.5170-MONOMER_mod_cs(4)_mod_ca2(1),0.0,0.0
formation_g.1274.peg.5170-MONOMER_mod_na1(4)_mod_mg2(1),0.0,0.0
formation_g.1274.peg.5170-MONOMER_mod_na1(4)_mod_mn2(1),0.0,6.445214423754328e-34
formation_g.1274.peg.5170-MONOMER_mod_na1(4)_mod_cobalt2(1),0.0,-1.2714975030389788e-33
formation_g.1274.peg.5170-MONOMER_mod_na1(4)_mod_zn2(1),0.0,0.0
formation_g.1274.peg.5170-MONOMER_mod_na1(4)_mod_cd2(1),0.0,-6.247556992045262e-34
formation_g.1274.peg.5170-MONOMER_mod_na1(4)_mod_ni2(1),0.0,8.133805529414032e-35
formation_g.1274.peg.5170-MONOMER_mod_na1(4)_mod_ca2(1),0.0,0.0
formation_g.1274.peg.5598-MONOMER_mod_fad(1),5.236153445827203e-12,-3.8293174924652207e-34
formation_398578.3.peg.231-MONOMER_mod_zn2(1)_mod_cbl1(1),0.0,0.0
formation_g.1274.peg.1525-MONOMER_mod_mg2(1),0.0,0.0
formation_g.1274.peg.3683-MONOMER_mod_adocbl(1),-2.2561534764254544e-29,-8.019556326595926e-34
formation_398578.3.peg.1817-MONOMER_mod_mg2(1),2.6024569082627726e-12,0.0
formation_398578.3.peg.2541-MONOMER_mod_zn2(1),0.0,-2.6183124800616035e-34
formation_g.1274.peg.4173-MONOMER_mod_mg2(1)_mod_cu(1)_mod_fad(1),0.0,-4.520054249036892e-34
formation_g.1274.peg.4239-MONOMER_mod_mg2(1),2.5027253598052837e-17,0.0
formation_398578.3.peg.5005-MONOMER_mod_mg2(1),0.0,-2.3001131910105997e-34
formation_398578.3.peg.5005-MONOMER_mod_mn2(1),0.0,0.0
formation_398578.3.peg.5005-MONOMER_mod_ca2(1),0.0,-1.7653649307272938e-34
formation_398578.3.peg.1538-MONOMER_mod_mg2(1),0.0,3.001647841680827e-34
formation_g.1274.peg.497-MONOMER_mod_fad(1)_mod_pheme(1),0.0,0.0
formation_g.1274.peg.5963-MONOMER_mod_zn2(1),0.0,0.0
formation_g.1274.peg.5963-MONOMER_mod_cobalt2(1),-3.462070611538671e-29,0.0
formation_g.1274.peg.4610-MONOMER_mod_cobalt2(1),0.0,1.063975367584524e-34
formation_g.1274.peg.5429-MONOMER_mod_mg2(1),0.0,0.0
formation_g.1274.peg.4206-MONOMER_mod_fmn(1),0.0,0.0
formation_g.1274.peg.4206-MONOMER_mod_mg2(1),-3.1602100443936444e-30,2.6784565237617817e-33
formation_398578.3.peg.4702-MONOMER_mod_pydx5p(1),3.438263286635881e-32,0.0
formation_398578.3.peg.339-MONOMER_mod_mg2(1),0.0,0.0
formation_g.1274.peg.5909-MONOMER_mod_fad(1),0.0,2.1530743306545837e-33
formation_398578.3.peg.1816-MONOMER_mod_mg2(1)_mod_k(1),0.0,2.6590108948793076e-34
formation_398578.3.peg.1816-MONOMER_mod_mg2(1)_mod_nh4(1),0.0,3.2553793955530037e-34
formation_398578.3.peg.1816-MONOMER_mod_mn2(1)_mod_k(1),8.697608954724934e-12,-3.1654470975779396e-34
formation_398578.3.peg.1816-MONOMER_mod_mn2(1)_mod_nh4(1),0.0,0.0
formation_398578.3.peg.3928-MONOMER_mod_fmn(1),1.0324779217627157e-11,0.0
formation_398578.3.peg.5237-MONOMER_mod_mg2(1),8.615677081939168e-44,1.2028540725879663e-33
formation_g.1274.peg.5182-MONOMER_mod_mg2(1)_mod_cl(1),0.0,-1.1222139287780487e-34
formation_398578.3.peg.1808-MONOMER_mod_23bpg(1),0.0,0.0
formation_g.1274.peg.5583-MONOMER_mod_mg2(1),6.527968291146112e-10,-9.617129460413293e-34
formation_g.1274.peg.2948-MONOMER_mod_mg2(1),5.996878642832569e-10,0.0
formation_g.1274.peg.4319-MONOMER_mod_mg2(1),0.0,3.486219269692295e-34
formation_g.1274.peg.3415-MONOMER_mod_zn2(1),0.0,0.0
formation_g.1274.peg.4540-MONOMER_mod_mg2(1),0.0,7.085083915446643e-34
formation_398578.3.peg.3511-MONOMER_mod_mg2(1),0.0,2.69816772364979e-34
formation_398578.3.peg.2178-MONOMER_mod_k(1)_mod_mg2(1),0.0,0.0
formation_g.1274.peg.3973-MONOMER_mod_hemed(6),0.0,0.0
formation_g.1274.peg.4029-MONOMER_mod_mg2(1)_mod_pi(1),0.0,1.5572496004348544e-34
formation_g.1274.peg.4029-MONOMER_mod_mn2(1)_mod_pi(1),5.360473863343733e-10,-1.5574409698707113e-34
formation_398578.3.peg.2837-MONOMER_mod_mg2(1),0.0,0.0
formation_g.1274.peg.6061-MONOMER_mod_mg2(1)_mod_k(1),8.410719195407827e-43,0.0
formation_g.1274.peg.6061-MONOMER_mod_mn2(1)_mod_k(1),0.0,-1.5645596501994713e-33
formation_398578.3.peg.2143-MONOMER_mod_4fe4s(1),0.0,-3.8169443508387814e-24
formation_g.1274.peg.4133-MONOMER_mod_zn2(1),0.0,0.0
formation_g.1274.peg.2897-MONOMER_mod_zn2(1)_mod_cobalt2(1),0.0,5.115942389198161e-34
formation_g.1274.peg.2554-MONOMER_mod_mg2(1),0.0,-3.418931179539985e-34
formation_398578.3.peg.5557-MONOMER_mod_mg2(1),0.0,0.0
formation_398578.3.peg.5557-MONOMER_mod_mn2(1),0.0,0.0
formation_398578.3.peg.5557-MONOMER_mod_cobalt2(1),0.0,4.4457741205780066e-35
formation_398578.3.peg.5557-MONOMER_mod_fe2(1),0.0,-6.142069884590095e-35
formation_398578.3.peg.5557-MONOMER_mod_ca2(1),0.0,4.409281842718276e-35
formation_398578.3.peg.5557-MONOMER_mod_k(1),0.0,0.0
formation_g.1274.peg.2334-MONOMER_mod_mn2(1),0.0,0.0
formation_g.1274.peg.2974-MONOMER_mod_fe3(1),0.0,0.0
formation_g.1274.peg.3448-MONOMER_mod_cu2(1),0.0,0.0
formation_g.1274.peg.2612-MONOMER_mod_mg2(1),1.0462213992181055e-10,-1.227512216063371e-34
formation_398578.3.peg.5715-MONOMER_mod_pydx5p(1),0.0,-1.1651735429123532e-33
formation_398578.3.peg.5200-MONOMER_mod_pydx5p(1),0.0,0.0
formation_g.1274.peg.4593-MONOMER_mod_mg2(1),9.406491120653901e-45,0.0
formation_g.1274.peg.5837-MONOMER_mod_mg2(1),0.0,-2.3185608836919435e-34
formation_398578.3.peg.3281-MONOMER_mod_mg2(1),0.0,1.2631954106725525e-34
formation_g.1274.peg.5761-MONOMER_mod_mg2(1),-5.9675391521031864e-30,-1.3615516801290453e-34
formation_g.1274.peg.2821-MONOMER_mod_nad(1),0.0,-1.1540191041046798e-34
formation_g.1274.peg.5544-MONOMER_mod_nad(1),0.0,-1.8615763840419422e-34
formation_g.1274.peg.918-MONOMER_mod_k(1)_mod_mg2(1),0.0,-3.0764173511900304e-34
formation_g.1274.peg.485-MONOMER_mod_mg2(1),0.0,0.0
formation_g.1274.peg.4328-MONOMER_mod_fad(1),0.0,1.6239878908585217e-34
formation_g.1274.peg.5260-MONOMER_mod_zn2(1),0.0,-6.9864370634897705e-34
formation_g.1274.peg.1646-MONOMER_mod_mg2(1),1.919525632127769e-11,0.0
formation_RNAP-CPLX_mod_zn2(1)_mod_mg2(2),9.599585439536373e-08,-1.1454074558976656e-33
formation_g.1274.peg.2021-MONOMER_mod_mg2(1),1.919525632127769e-11,0.0
formation_g.1274.peg.4237-MONOMER_mod_mg2(2),2.0801992908343753e-11,-1.1915114638796005e-34
formation_g.1274.peg.4251-MONOMER_mod_4fe4s(1),1.4888488233690233e-13,0.0
formation_g.1274.peg.4261-MONOMER_mod_mg2(1),4.466546470107066e-13,0.0
formation_g.1274.peg.4408-MONOMER_mod_4fe4s(1),1.4888488233690233e-13,-3.308722450212111e-24
formation_g.1274.peg.4527-MONOMER_mod_pan4p(1),3.4100591717391604e-08,-2.3389239649279693e-35
formation_g.1274.peg.4531-MONOMER_mod_zn2(2),2.4110145745087248e-11,0.0
formation_g.1274.peg.4558-MONOMER_mod_zn2(4),5.484360808176714e-14,0.0
formation_g.1274.peg.4802-MONOMER_mod_mg2(6),0.0,-2.9696603360495454e-34
formation_g.1274.peg.4802-MONOMER_mod_lys__L(1),1.6540764183717451e-12,0.0
formation_g.1274.peg.4917-MONOMER_mod_mg2(2),8.93309294021415e-13,0.0
formation_g.1274.peg.5058-MONOMER_mod_2fe2s(1),0.0,-5.905127300017062e-24
formation_g.1274.peg.5058-MONOMER_mod_4fe4s(1),4.1322596326338545e-20,2.952563650008531e-24
formation_g.1274.peg.5812-MONOMER_mod_fe2(1),2.2403236381434748e-10,2.8874929934549305e-33
g.1274.peg.44-MONOMER_to_generic_16Sm4Cm1402,0.0,-0.5434811033045469
g.1274.peg.91-MONOMER_to_generic_16Sm4Cm1402,1.4888488233690233e-13,-1.2796494176206337e-34
RNA_DACI_RS03330_to_generic_16s_rRNAs,1.072861496386634e-06,-2.734485298883308e-32
RNA_DACI_RS03355_to_generic_16s_rRNAs,0.0,2.734485298883308e-32
RNA_DACI_RS12565_to_generic_16s_rRNAs,0.0,2.734485298883308e-32
RNA_DACI_RS30295_to_generic_16s_rRNAs,0.0,2.734485298883308e-32
RNA_DACI_RS30320_to_generic_16s_rRNAs,0.0,2.734485298883308e-32
RNA_DACI_RS03345_to_generic_23s_rRNAs,0.0,3.970322031321637e-32
RNA_DACI_RS03370_to_generic_23s_rRNAs,1.072861496386634e-06,0.0
RNA_DACI_RS12580_to_generic_23s_rRNAs,0.0,3.970322031321637e-32
RNA_DACI_RS30280_to_generic_23s_rRNAs,0.0,3.970322031321637e-32
RNA_DACI_RS30305_to_generic_23s_rRNAs,0.0,3.970322031321637e-32
RNA_DACI_RS03350_to_generic_5s_rRNAs,1.072861496386634e-06,0.0
RNA_DACI_RS03375_to_generic_5s_rRNAs,0.0,0.0
RNA_DACI_RS12585_to_generic_5s_rRNAs,0.0,0.0
RNA_DACI_RS30275_to_generic_5s_rRNAs,0.0,0.0
RNA_DACI_RS30300_to_generic_5s_rRNAs,0.0,0.0
g.1274.peg.2929-MONOMER_to_generic_Dus,0.0,-8.074712916103123e-35
g.1274.peg.4402-MONOMER_to_generic_Dus,0.0,-0.3892756388867371
g.1274.peg.710-MONOMER_to_generic_Dus,0.0,-0.6197702613554567
CPLX_pbiosynthesis-0_to_generic_LYSINEaaRS,0.0,-54.30234314801971
CPLX_pbiosynthesis-1_to_generic_LYSINEaaRS,0.0,-50.874977421640374
CPLX_pbiosynthesis-2_to_generic_LYSINEaaRS,0.0,-50.481986322997834
CPLX_pbiosynthesis-3_to_generic_LYSINEaaRS,0.0,-50.47797834903787
g.1274.peg.4802-MONOMER_to_generic_LYSINEaaRS,0.0,-0.04811423487713955
g.1274.peg.4802-MONOMER_mod_lys__L(1)_to_generic_LYSINEaaRS,1.6540764183717451e-12,-3.498442887995085e-34
g.1274.peg.4802-MONOMER_mod_mg2(6)_to_generic_LYSINEaaRS,0.0,-0.000446181148177332
g.1274.peg.2662-MONOMER_to_generic_RF,6.164184879800384e-12,0.0
g.1274.peg.5654-MONOMER_to_generic_RF,0.0,-0.18149484724803822
g.1274.peg.4842-MONOMER_to_generic_Tuf,2.4270296874564536e-08,1.3963554225871336e-34
CPLX_pbiosynthesis-0_to_generic_gly_c_ligase,0.0,-55.64796201436728
CPLX_pbiosynthesis-1_to_generic_gly_c_ligase,0.0,-52.220596287987945
CPLX_pbiosynthesis-2_to_generic_gly_c_ligase,0.0,-51.8276051893454
CPLX_pbiosynthesis-3_to_generic_gly_c_ligase,0.0,-51.82359721538543
g.1274.peg.249-MONOMER_to_generic_gly_c_ligase,1.7426405788943002e-09,-6.70277167679972e-35
g.1274.peg.348-MONOMER_to_generic_gly_c_ligase,0.0,-2.1584325867280687
CPLX_pbiosynthesis-0_to_generic_phe_ligase,0.0,-55.466698335813376
CPLX_pbiosynthesis-1_to_generic_phe_ligase,0.0,-52.03933260943404
CPLX_pbiosynthesis-2_to_generic_phe_ligase,0.0,-51.6463415107915
CPLX_pbiosynthesis-3_to_generic_phe_ligase,0.0,-51.642333536831536
g.1274.peg.4601-MONOMER_to_generic_phe_ligase,5.000666039310204e-10,0.0
g.1274.peg.4939-MONOMER_to_generic_phe_ligase,0.0,-1.8669171946902898
transcription_RNA_dummy,1.7836172139646128e-05,2.1772216163615098e-33
DM_RNA_dummy,0.0,-0.020051867658733447
translation_dummy,0.0002277999443573665,-4.2237313697607565e-33
formation_CPLX_dummy,1.3562831607952203e-06,0.0
dummy_protein_to_mass,0.0002264436611965713,-1.1646928342929324e-33
12DGR180ti_REV_CPLX_dummy,0.0,-2.7754725626437756e-07
12DGR180ti_FWD_CPLX_dummy,0.0013830912504410482,1.7189877017226721e-41
15DAPt_REV_CPLX_dummy,0.0,-2.7754725626437756e-07
15DAPt_FWD_CPLX_dummy,0.0,-1.1597619586688614e-40
1H2NPTH_REV_g.1274.peg.469-MONOMER,0.0,-9.016454037412602e-40
1H2NPTH_FWD_g.1274.peg.469-MONOMER,0.0,-2.1549986652892285e-07
1H2NPTH_REV_g.1274.peg.2512-MONOMER,0.0,-3.795900485930339e-08
1H2NPTH_FWD_g.1274.peg.2512-MONOMER,0.0,-2.5345887138822625e-07
1H2NPTH_REV_g.1274.peg.3711-MONOMER,0.0,-2.3988924124643065e-08
1H2NPTH_FWD_g.1274.peg.3711-MONOMER,0.0,-2.394887906535659e-07
1P4H2CBXLAH_REV_g.1274.peg.4959-MONOMER,0.0,-1.1186786695077308e-40
1P4H2CBXLAH_FWD_g.1274.peg.4959-MONOMER,0.0,-3.716627558348208e-07
23DHMPO_REV_g.1274.peg.4632-MONOMER,0.0,-7.299129486967414e-08
23DHMPO_FWD_g.1274.peg.4632-MONOMER,0.0,-2.0252950398736926e-07
23PDE2_REV_g.1274.peg.1342-MONOMER,0.0,-4.5355876199992626e-07
23PDE2_FWD_g.1274.peg.1342-MONOMER,0.0,0.0
23PDE4_REV_g.1274.peg.1342-MONOMER,0.0,-4.5355876199992626e-07
23PDE4_FWD_g.1274.peg.1342-MONOMER,0.0,0.0
23PDE7_REV_g.1274.peg.1342-MONOMER,0.0,-4.5355876199992626e-07
23PDE7_FWD_g.1274.peg.1342-MONOMER,0.0,0.0
23PDE9_REV_g.1274.peg.1342-MONOMER,0.0,-4.5355876199992626e-07
23PDE9_FWD_g.1274.peg.1342-MONOMER,0.0,0.0
25K5O2AI_REV_g.1274.peg.434-MONOMER,746.5151737643564,0.0
25K5O2AI_FWD_g.1274.peg.434-MONOMER,746.5151737643564,0.0
26DAPLLAT_REV_CPLX_dummy,6.059148251938594e-23,-6.847486467585387e-41
26DAPLLAT_FWD_CPLX_dummy,0.0,-2.7754725626437756e-07
26DAPt2r_REV_CPLX_dummy,0.0,-2.7754725626437756e-07
26DAPt2r_FWD_CPLX_dummy,0.0,3.8658731955628715e-41
2AHBUTI_REV_g.1274.peg.4632-MONOMER,0.0,-2.755207988570434e-07
2AHBUTI_FWD_g.1274.peg.4632-MONOMER,0.0,0.0
2DDPENTHL_REV_g.1274.peg.4099-MONOMER,0.0,-2.669926078428963e-07
2DDPENTHL_FWD_g.1274.peg.4099-MONOMER,0.0,0.0
2DHPL_REV_g.1274.peg.304-MONOMER,0.0,1.0310577122118818e-40
2DHPL_FWD_g.1274.peg.304-MONOMER,0.0,-3.9004019298272495e-07
2DMMQ8abc_REV_CPLX_dummy,0.0,-2.7754725626437756e-07
2DMMQ8abc_FWD_CPLX_dummy,0.00010055273424564956,-3.819149384482214e-40
2HBO_REV_g.1274.peg.4613-MONOMER,0.0,-2.654891266080757e-07
2HBO_FWD_g.1274.peg.4613-MONOMER,0.0,-1.3495991534809136e-08
2HBO_REV_g.1274.peg.5127-MONOMER,0.0,-3.0585062635892296e-07
2HBO_FWD_g.1274.peg.5127-MONOMER,0.0,-5.385749128565637e-08
2HBO_REV_g.1274.peg.4896-MONOMER,0.0,-3.2242895772405375e-07
2HBO_FWD_g.1274.peg.4896-MONOMER,0.0,-7.043582265078714e-08
2HBO_REV_g.1274.peg.2808-MONOMER_mod_fmn(1),0.0,-2.519931350732666e-07
2HBO_FWD_g.1274.peg.2808-MONOMER_mod_fmn(1),0.0,-1.1910085442739443e-39
2HBO_REV_g.1274.peg.5577-MONOMER,0.0,-2.9298250772578935e-07
2HBO_FWD_g.1274.peg.5577-MONOMER,0.0,-4.098937265252272e-08
2HBO_REV_g.1274.peg.268-MONOMER,0.0,-2.917635716730949e-07
2HBO_FWD_g.1274.peg.268-MONOMER,0.0,-3.977043659982829e-08
2HH24DDH1_REV_g.1274.peg.1741-MONOMER,0.0,-4.9930384544296054e-08
2HH24DDH1_FWD_g.1274.peg.1741-MONOMER,0.0,-1.0978980846401914e-07
2HMCOXT_REV_g.1274.peg.2377-MONOMER,0.0,-5.4492157963654465e-08
2HMCOXT_FWD_g.1274.peg.2377-MONOMER,0.0,-9.424645976623607e-08
2HMCOXT_REV_g.1274.peg.3385-MONOMER,0.0,-7.49835166706402e-09
2HMCOXT_FWD_g.1274.peg.3385-MONOMER,0.0,-4.725265346964563e-08
2HMCOXT_REV_g.1274.peg.5970-MONOMER,1000.0,3.975430180258161e-08
2HMCOXT_FWD_g.1274.peg.5970-MONOMER,1000.0,0.0
2HYDOGCOAD_REV_g.1274.peg.1741-MONOMER,0.0,-1.5972019300831518e-07
2HYDOGCOAD_FWD_g.1274.peg.1741-MONOMER,0.0,-9.12934395766332e-42
2HYOXPLACt2r_REV_CPLX_dummy,0.0,-1.1372859301771966e-40
2HYOXPLACt2r_FWD_CPLX_dummy,0.0,-2.7754725626437756e-07
2INSD_REV_g.1274.peg.2218-MONOMER,0.0,-2.6541855987037973e-07
2INSD_FWD_g.1274.peg.2218-MONOMER,0.0,3.5851213146679307e-41
2MBCOATA_REV_g.1274.peg.4628-MONOMER,0.0,-5.152274887104923e-07
2MBCOATA_FWD_g.1274.peg.4628-MONOMER,0.0,-1.3646277323398114e-07
2MBCOATA_REV_g.1274.peg.514-MONOMER,0.0,-3.787647154765112e-07
2MBCOATA_FWD_g.1274.peg.514-MONOMER,0.0027661825008820965,2.3308170993623323e-36
2MBCOATA_REV_g.1274.peg.4953-MONOMER,0.0,-4.3224504391468503e-07
2MBCOATA_FWD_g.1274.peg.4953-MONOMER,0.0,-5.3480328438173874e-08
2MECOAOX_REV_g.1274.peg.3517-MONOMER,0.0,-6.372048555757797e-08
2MECOAOX_FWD_g.1274.peg.3517-MONOMER,0.0,-2.5624104921793567e-07
2MECOAOX_REV_g.1274.peg.1026-MONOMER,9.542344417054782e-24,6.603538024797994e-36
2MECOAOX_FWD_g.1274.peg.1026-MONOMER,0.0,-1.9252056366035772e-07
2OBUTt2r_REV_CPLX_dummy,0.0,-8.137922212996725e-41
2OBUTt2r_FWD_CPLX_dummy,0.0,-2.7754725626437756e-07
2OMMBOX_REV_g.1274.peg.23-MONOMER,0.0,-2.8154819931448714e-07
2OMMBOX_FWD_g.1274.peg.23-MONOMER,0.0,2.430651897155575e-39
33HPHACt2r_REV_CPLX_dummy,0.0,0.0
33HPHACt2r_FWD_CPLX_dummy,0.0,-2.7754725626437756e-07
34DHOXPEGOX_REV_g.1274.peg.1094-MONOMER,0.0,-5.8502738115237765e-40
34DHOXPEGOX_FWD_g.1274.peg.1094-MONOMER,0.0,-3.4824575505148353e-07
34DHOXPEGOX_REV_g.1274.peg.1875-MONOMER,0.0,-5.16012575028538e-08
34DHOXPEGOX_FWD_g.1274.peg.1875-MONOMER,0.0,-3.9984701255433736e-07
34DHOXPEGOX_REV_g.1274.peg.2784-MONOMER,0.0,-2.157915460544697e-08
34DHOXPEGOX_FWD_g.1274.peg.2784-MONOMER,0.0,-3.698249096569305e-07
34DHOXPEGOX_REV_g.1274.peg.5653-MONOMER,0.0,-2.878773523579582e-09
34DHOXPEGOX_FWD_g.1274.peg.5653-MONOMER,0.0,-3.511245285750631e-07
34DHOXPEGOX_REV_g.1274.peg.3926-MONOMER,0.0,-1.9329143858264465e-08
34DHOXPEGOX_FWD_g.1274.peg.3926-MONOMER,0.0,-3.67574898909748e-07
34DHOXPEGOX_REV_g.1274.peg.4424-MONOMER,0.0,-1.3558201091763224e-08
34DHOXPEGOX_FWD_g.1274.peg.4424-MONOMER,0.0,-3.6180395614324675e-07
34DHOXPEGOX_REV_g.1274.peg.2812-MONOMER,0.0,-2.1846601572099187e-08
34DHOXPEGOX_FWD_g.1274.peg.2812-MONOMER,0.0,-3.700923566235827e-07
34DHPHAt2r_REV_CPLX_dummy,0.0,-7.731746391125743e-41
34DHPHAt2r_FWD_CPLX_dummy,0.0,-2.7754725626437756e-07
34DHPHEt2_REV_CPLX_dummy,0.0,-2.7754725626437756e-07
34DHPHEt2_FWD_CPLX_dummy,0.0,4.886183450860219e-41
34HPPOR_REV_g.1274.peg.4107-MONOMER,0.0,-2.0817592664949242e-07
34HPPOR_FWD_g.1274.peg.4107-MONOMER,0.0,-6.630503313531469e-09
34HPPOR_REV_g.1274.peg.3428-MONOMER,0.0,-2.1102200817366772e-07
34HPPOR_FWD_g.1274.peg.3428-MONOMER,0.0,-9.476584837706783e-09
34HPPOR_REV_g.1274.peg.3564-MONOMER,0.0,-2.0154542333596095e-07
34HPPOR_FWD_g.1274.peg.3564-MONOMER,0.0,9.199523026168671e-41
3CARLPDH_REV_g.1274.peg.2951-MONOMER,0.0,-3.127673658233133e-07
3CARLPDH_FWD_g.1274.peg.2951-MONOMER,1.811865225645345e-22,-1.2812230302461499e-39
3HAD100_REV_CPLX_dummy,0.0,-2.8723714871155966e-07
3HAD100_FWD_CPLX_dummy,0.004873102977414831,2.3366666403580957e-36
3HAD10M12_REV_CPLX_dummy,0.0,-2.7754725626437756e-07
3HAD10M12_FWD_CPLX_dummy,0.0027661825008820965,0.0
3HAD11M12_REV_CPLX_dummy,0.0,-2.7754725626437756e-07
3HAD11M12_FWD_CPLX_dummy,0.0027661825008820965,0.0
3HAD120_REV_CPLX_dummy,0.0,-2.8723752721389165e-07
3HAD120_FWD_CPLX_dummy,0.004873100272383048,7.714239043898111e-36
3HAD121_REV_CPLX_dummy,0.0,-2.7754725626437756e-07
3HAD121_FWD_CPLX_dummy,0.0,0.0
3HAD12M14_REV_CPLX_dummy,0.0,-2.7754725626437756e-07
3HAD12M14_FWD_CPLX_dummy,0.0027661825008820965,5.377572403540016e-36
3HAD13M14_REV_CPLX_dummy,0.0,-2.7754725626437756e-07
3HAD13M14_FWD_CPLX_dummy,0.0027661825008820965,0.0
3HAD140_REV_CPLX_dummy,0.0,-2.8723790571643375e-07
3HAD140_FWD_CPLX_dummy,0.0008121831533112762,2.3366666403580957e-36
3HAD141_REV_CPLX_dummy,0.0,-2.872350021334747e-07
3HAD141_FWD_CPLX_dummy,0.0,-3.04090576318192e-36
3HAD14M16_REV_CPLX_dummy,0.0,-2.7754725626437756e-07
3HAD14M16_FWD_CPLX_dummy,0.0027661825008820965,0.0
3HAD15M16_REV_CPLX_dummy,0.0,-2.7754725626437756e-07
3HAD15M16_FWD_CPLX_dummy,0.0027661825008820965,0.0
3HAD160_REV_CPLX_dummy,0.0,-2.87238203511228e-07
3HAD160_FWD_CPLX_dummy,-9.124814075482028e-24,2.3366666403580957e-36
3HAD161_REV_CPLX_dummy,0.0,-2.8239112953502703e-07
3HAD161_FWD_CPLX_dummy,0.0,-3.04090576318192e-36
3HAD180_REV_CPLX_dummy,0.0,-2.8723547561329205e-07
3HAD180_FWD_CPLX_dummy,-9.124806488073362e-24,2.3366666403580957e-36
3HAD181_REV_CPLX_dummy,0.0,-2.872352410739283e-07
3HAD181_FWD_CPLX_dummy,0.0,2.3366666403580957e-36
3HAD40_REV_CPLX_dummy,0.0,-2.8723601320582425e-07
3HAD40_FWD_CPLX_dummy,0.004873111092519191,2.3366666403580957e-36
3HAD4M6_REV_CPLX_dummy,0.0,-2.7754725626437756e-07
3HAD4M6_FWD_CPLX_dummy,0.0027661825008820965,0.0
3HAD5M6_REV_CPLX_dummy,0.0,-2.7754725626437756e-07
3HAD5M6_FWD_CPLX_dummy,0.0027661825008820965,0.0
3HAD60_REV_CPLX_dummy,0.0,-2.8723639170752594e-07
3HAD60_FWD_CPLX_dummy,0.0048731083874829035,2.3366666403580957e-36
3HAD6M8_REV_CPLX_dummy,0.0,-2.7754725626437756e-07
3HAD6M8_FWD_CPLX_dummy,0.0027661825008820965,0.0
3HAD7M8_REV_CPLX_dummy,0.0,-2.7754725626437756e-07
3HAD7M8_FWD_CPLX_dummy,0.0027661825008820965,0.0
3HAD80_REV_CPLX_dummy,0.0,-2.8723677020943774e-07
3HAD80_FWD_CPLX_dummy,0.004873105682448116,2.3366666403580957e-36
3HAD8M10_REV_CPLX_dummy,0.0,-2.7754725626437756e-07
3HAD8M10_FWD_CPLX_dummy,0.0027661825008820965,0.0
3HAD9M10_REV_CPLX_dummy,0.0,-2.7754725626437756e-07
3HAD9M10_FWD_CPLX_dummy,0.0027661825008820965,0.0
3HBBUTH_REV_g.1274.peg.1766-MONOMER,0.0,0.0
3HBBUTH_FWD_g.1274.peg.1766-MONOMER,0.0,-5.47093135759624e-07
3HBCOAE_REV_g.1274.peg.2516-MONOMER,0.0,-1.5250572128967553e-39
3HBCOAE_FWD_g.1274.peg.2516-MONOMER,0.0,-3.777787433516863e-07
3HBCOAE_REV_g.1274.peg.846-MONOMER,0.0,-3.2263028190294645e-08
3HBCOAE_FWD_g.1274.peg.846-MONOMER,0.0,-4.1004177154198097e-07
3HBCOAHL_REV_CPLX_dummy,0.0,-2.7754725626437756e-07
3HBCOAHL_FWD_CPLX_dummy,0.0,-2.4081844112422767e-40
3HBCOAOX_REV_g.1274.peg.2637-MONOMER,0.0,-1.665440261335205e-07
3HBCOAOX_FWD_g.1274.peg.2637-MONOMER,0.0,-1.3089656882489935e-07
3HLYTCL_REV_g.1274.peg.1527-MONOMER_mod_mg2(1),0.0,-4.1498023535090757e-07
3HLYTCL_FWD_g.1274.peg.1527-MONOMER_mod_mg2(1),0.0,0.0
3HPHACOX_REV_g.1274.peg.2056-MONOMER,0.0,-2.3859702511039453e-07
3HPHACOX_FWD_g.1274.peg.2056-MONOMER,0.0,-3.044620622234339e-08
3HPHACOX_REV_g.1274.peg.2588-MONOMER,0.0,-2.0815081888805115e-07
3HPHACOX_FWD_g.1274.peg.2588-MONOMER,0.0,-8.891510632338378e-41
3MOBS_REV_398578.3.peg.4844-MONOMER,0.0,-2.9732069670542016e-07
3MOBS_FWD_398578.3.peg.4844-MONOMER,0.0,-5.147211191321104e-08
3MOBS_REV_398578.3.peg.5275-MONOMER,0.0,-2.7628475252598143e-07
3MOBS_FWD_398578.3.peg.5275-MONOMER,0.0,-3.0436167733772346e-08
3MOBS_REV_398578.3.peg.4845-MONOMER,0.0,-2.458485847922091e-07
3MOBS_FWD_398578.3.peg.4845-MONOMER,0.0,1.1598720196255229e-39
3MOPt2r_REV_CPLX_dummy,0.0,-2.6472072126714395e-07
3MOPt2r_FWD_CPLX_dummy,0.0,-1.282653499723362e-08
3OAR100_REV_g.1274.peg.3618-MONOMER,0.0,-3.278793928515081e-07
3OAR100_FWD_g.1274.peg.3618-MONOMER,0.0,-3.709053962037287e-08
3OAR100_REV_g.1274.peg.4480-MONOMER,0.0,-3.486015603459129e-07
3OAR100_FWD_g.1274.peg.4480-MONOMER,0.0,-5.781270711477771e-08
3OAR100_REV_g.1274.peg.6077-MONOMER,0.0,-3.1070111563368887e-07
3OAR100_FWD_g.1274.peg.6077-MONOMER,0.0,-1.9912262402553676e-08
3OAR100_REV_g.1274.peg.2236-MONOMER,0.0,-3.1819222448602527e-07
3OAR100_FWD_g.1274.peg.2236-MONOMER,0.0,-2.7403371254890094e-08
3OAR100_REV_g.1274.peg.1924-MONOMER,0.0,-3.2156095666030443e-07
3OAR100_FWD_g.1274.peg.1924-MONOMER,0.0,-3.077210342916921e-08
3OAR100_REV_g.1274.peg.1996-MONOMER,0.0,-3.455889685360262e-07
3OAR100_FWD_g.1274.peg.1996-MONOMER,0.0,-5.480011530489102e-08
3OAR100_REV_g.1274.peg.5717-MONOMER,0.0,-3.686466847890292e-07
3OAR100_FWD_g.1274.peg.5717-MONOMER,0.0,-7.785783155789399e-08
3OAR100_REV_g.1274.peg.3821-MONOMER,0.0,-3.6608506757978083e-07
3OAR100_FWD_g.1274.peg.3821-MONOMER,0.0,-7.529621434864565e-08
3OAR100_REV_g.1274.peg.6121-MONOMER,0.0,-2.907888532311352e-07
3OAR100_FWD_g.1274.peg.6121-MONOMER,0.004873103653673012,1.516824243951251e-36
3OAR100_REV_g.1274.peg.2167-MONOMER,0.0,-3.7754713271019505e-07
3OAR100_FWD_g.1274.peg.2167-MONOMER,0.0,-8.675827947905985e-08
3OAR100_REV_g.1274.peg.3187-MONOMER,0.0,-3.2227134830026826e-07
3OAR100_FWD_g.1274.peg.3187-MONOMER,0.0,-3.148249506913304e-08
3OAR100_REV_g.1274.peg.4065-MONOMER,0.0,-3.7155763519455973e-07
3OAR100_FWD_g.1274.peg.4065-MONOMER,0.0,-8.076878196342451e-08
3OAR100_REV_g.1274.peg.4394-MONOMER,0.0,-3.04008091026522e-07
3OAR100_FWD_g.1274.peg.4394-MONOMER,0.0,-1.3219237795386808e-08
3OAR100_REV_g.1274.peg.1862-MONOMER,0.0,-3.4017171136749824e-07
3OAR100_FWD_g.1274.peg.1862-MONOMER,0.0,-4.9382858136363054e-08
3OAR100_REV_g.1274.peg.5397-MONOMER,0.0,-3.3244630231788386e-07
3OAR100_FWD_g.1274.peg.5397-MONOMER,0.0,-4.165744908674866e-08
3OAR100_REV_g.1274.peg.1677-MONOMER,0.0,-3.1022830283883216e-07
3OAR100_FWD_g.1274.peg.1677-MONOMER,0.0,-1.943944960769698e-08
3OAR100_REV_g.1274.peg.4910-MONOMER,0.0,-3.4314474844388196e-07
3OAR100_FWD_g.1274.peg.4910-MONOMER,0.0,-5.235589521274674e-08
3OAR10M11_REV_g.1274.peg.3618-MONOMER,0.0,-3.709053962037287e-08
3OAR10M11_FWD_g.1274.peg.3618-MONOMER,0.0,-3.1818954429550577e-07
3OAR10M11_REV_g.1274.peg.4480-MONOMER,0.0,-5.781270711477771e-08
3OAR10M11_FWD_g.1274.peg.4480-MONOMER,0.0,-3.389117117899106e-07
3OAR10M11_REV_g.1274.peg.6077-MONOMER,0.0,-1.9912262402553676e-08
3OAR10M11_FWD_g.1274.peg.6077-MONOMER,0.0,-3.0101126707768654e-07
3OAR10M11_REV_g.1274.peg.2236-MONOMER,0.0,-2.7403371254890094e-08
3OAR10M11_FWD_g.1274.peg.2236-MONOMER,0.0,-3.08502375930023e-07
3OAR10M11_REV_g.1274.peg.1924-MONOMER,0.0,-3.077210342916921e-08
3OAR10M11_FWD_g.1274.peg.1924-MONOMER,0.0,-3.118711081043021e-07
3OAR10M11_REV_g.1274.peg.1996-MONOMER,0.0,-5.480011530489102e-08
3OAR10M11_FWD_g.1274.peg.1996-MONOMER,0.0,-3.358991199800239e-07
3OAR10M11_REV_g.1274.peg.5717-MONOMER,0.0,-7.785783155789399e-08
3OAR10M11_FWD_g.1274.peg.5717-MONOMER,0.0,-3.5895683623302685e-07
3OAR10M11_REV_g.1274.peg.3821-MONOMER,0.0,-7.529621434864565e-08
3OAR10M11_FWD_g.1274.peg.3821-MONOMER,0.0,-3.5639521902377855e-07
3OAR10M11_REV_g.1274.peg.6121-MONOMER,0.0,-1.3606845331079611e-36
3OAR10M11_FWD_g.1274.peg.6121-MONOMER,0.0,-2.810990046751329e-07
3OAR10M11_REV_g.1274.peg.2167-MONOMER,0.0,-8.675827947905985e-08
3OAR10M11_FWD_g.1274.peg.2167-MONOMER,0.0,-3.678572841541927e-07
3OAR10M11_REV_g.1274.peg.3187-MONOMER,0.0,-3.148249506913304e-08
3OAR10M11_FWD_g.1274.peg.3187-MONOMER,0.0,-3.1258149974426593e-07
3OAR10M11_REV_g.1274.peg.4065-MONOMER,0.0,-8.076878196342451e-08
3OAR10M11_FWD_g.1274.peg.4065-MONOMER,0.0,-3.618677866385574e-07
3OAR10M11_REV_g.1274.peg.4394-MONOMER,0.0,-1.3219237795386808e-08
3OAR10M11_FWD_g.1274.peg.4394-MONOMER,0.0,-2.943182424705197e-07
3OAR10M11_REV_g.1274.peg.1862-MONOMER,0.0,-4.9382858136363054e-08
3OAR10M11_FWD_g.1274.peg.1862-MONOMER,0.0,-3.3048186281149595e-07
3OAR10M11_REV_g.1274.peg.5397-MONOMER,0.0,-4.165744908674866e-08
3OAR10M11_FWD_g.1274.peg.5397-MONOMER,0.0,-3.2275645376188153e-07
3OAR10M11_REV_g.1274.peg.1677-MONOMER,0.0,-1.943944960769698e-08
3OAR10M11_FWD_g.1274.peg.1677-MONOMER,0.0,-3.005384542828299e-07
3OAR10M11_REV_g.1274.peg.4910-MONOMER,0.0,-5.235589521274674e-08
3OAR10M11_FWD_g.1274.peg.4910-MONOMER,0.0,-3.334548998878796e-07
3OAR10M12_REV_g.1274.peg.3618-MONOMER,0.0,-3.1818954429550577e-07
3OAR10M12_FWD_g.1274.peg.3618-MONOMER,0.0,-3.709053962037287e-08
3OAR10M12_REV_g.1274.peg.4480-MONOMER,0.0,-3.389117117899106e-07
3OAR10M12_FWD_g.1274.peg.4480-MONOMER,0.0,-5.781270711477771e-08
3OAR10M12_REV_g.1274.peg.6077-MONOMER,0.0,-3.0101126707768654e-07
3OAR10M12_FWD_g.1274.peg.6077-MONOMER,0.0,-1.9912262402553676e-08
3OAR10M12_REV_g.1274.peg.2236-MONOMER,0.0,-3.08502375930023e-07
3OAR10M12_FWD_g.1274.peg.2236-MONOMER,0.0,-2.7403371254890094e-08
3OAR10M12_REV_g.1274.peg.1924-MONOMER,0.0,-3.118711081043021e-07
3OAR10M12_FWD_g.1274.peg.1924-MONOMER,0.0,-3.077210342916921e-08
3OAR10M12_REV_g.1274.peg.1996-MONOMER,0.0,-3.358991199800239e-07
3OAR10M12_FWD_g.1274.peg.1996-MONOMER,0.0,-5.480011530489102e-08
3OAR10M12_REV_g.1274.peg.5717-MONOMER,0.0,-3.5895683623302685e-07
3OAR10M12_FWD_g.1274.peg.5717-MONOMER,0.0,-7.785783155789399e-08
3OAR10M12_REV_g.1274.peg.3821-MONOMER,0.0,-3.5639521902377855e-07
3OAR10M12_FWD_g.1274.peg.3821-MONOMER,0.0,-7.529621434864565e-08
3OAR10M12_REV_g.1274.peg.6121-MONOMER,0.0,-2.810990046751329e-07
3OAR10M12_FWD_g.1274.peg.6121-MONOMER,0.0027661825008820965,1.1750614490186684e-35
3OAR10M12_REV_g.1274.peg.2167-MONOMER,0.0,-3.678572841541927e-07
3OAR10M12_FWD_g.1274.peg.2167-MONOMER,0.0,-8.675827947905985e-08
3OAR10M12_REV_g.1274.peg.3187-MONOMER,0.0,-3.1258149974426593e-07
3OAR10M12_FWD_g.1274.peg.3187-MONOMER,0.0,-3.148249506913304e-08
3OAR10M12_REV_g.1274.peg.4065-MONOMER,0.0,-3.618677866385574e-07
3OAR10M12_FWD_g.1274.peg.4065-MONOMER,0.0,-8.076878196342451e-08
3OAR10M12_REV_g.1274.peg.4394-MONOMER,0.0,-2.943182424705197e-07
3OAR10M12_FWD_g.1274.peg.4394-MONOMER,0.0,-1.3219237795386808e-08
3OAR10M12_REV_g.1274.peg.1862-MONOMER,0.0,-3.3048186281149595e-07
3OAR10M12_FWD_g.1274.peg.1862-MONOMER,0.0,-4.9382858136363054e-08
3OAR10M12_REV_g.1274.peg.5397-MONOMER,0.0,-3.2275645376188153e-07
3OAR10M12_FWD_g.1274.peg.5397-MONOMER,0.0,-4.165744908674866e-08
3OAR10M12_REV_g.1274.peg.1677-MONOMER,0.0,-3.005384542828299e-07
3OAR10M12_FWD_g.1274.peg.1677-MONOMER,0.0,-1.943944960769698e-08
3OAR10M12_REV_g.1274.peg.4910-MONOMER,0.0,-3.334548998878796e-07
3OAR10M12_FWD_g.1274.peg.4910-MONOMER,0.0,-5.235589521274674e-08
3OAR11M12_REV_g.1274.peg.3618-MONOMER,0.0,-3.1818954429550577e-07
3OAR11M12_FWD_g.1274.peg.3618-MONOMER,0.0,-3.709053962037287e-08
3OAR11M12_REV_g.1274.peg.4480-MONOMER,0.0,-3.389117117899106e-07
3OAR11M12_FWD_g.1274.peg.4480-MONOMER,0.0,-5.781270711477771e-08
3OAR11M12_REV_g.1274.peg.6077-MONOMER,0.0,-3.0101126707768654e-07
3OAR11M12_FWD_g.1274.peg.6077-MONOMER,0.0,-1.9912262402553676e-08
3OAR11M12_REV_g.1274.peg.2236-MONOMER,0.0,-3.08502375930023e-07
3OAR11M12_FWD_g.1274.peg.2236-MONOMER,0.0,-2.7403371254890094e-08
3OAR11M12_REV_g.1274.peg.1924-MONOMER,0.0,-3.118711081043021e-07
3OAR11M12_FWD_g.1274.peg.1924-MONOMER,0.0,-3.077210342916921e-08
3OAR11M12_REV_g.1274.peg.1996-MONOMER,0.0,-3.358991199800239e-07
3OAR11M12_FWD_g.1274.peg.1996-MONOMER,0.0,-5.480011530489102e-08
3OAR11M12_REV_g.1274.peg.5717-MONOMER,0.0,-3.5895683623302685e-07
3OAR11M12_FWD_g.1274.peg.5717-MONOMER,0.0,-7.785783155789399e-08
3OAR11M12_REV_g.1274.peg.3821-MONOMER,0.0,-3.5639521902377855e-07
3OAR11M12_FWD_g.1274.peg.3821-MONOMER,0.0,-7.529621434864565e-08
3OAR11M12_REV_g.1274.peg.6121-MONOMER,0.0,-2.810990046751329e-07
3OAR11M12_FWD_g.1274.peg.6121-MONOMER,0.0027661825008820965,7.596860851126056e-36
3OAR11M12_REV_g.1274.peg.2167-MONOMER,0.0,-3.678572841541927e-07
3OAR11M12_FWD_g.1274.peg.2167-MONOMER,0.0,-8.675827947905985e-08
3OAR11M12_REV_g.1274.peg.3187-MONOMER,0.0,-3.1258149974426593e-07
3OAR11M12_FWD_g.1274.peg.3187-MONOMER,0.0,-3.148249506913304e-08
3OAR11M12_REV_g.1274.peg.4065-MONOMER,0.0,-3.618677866385574e-07
3OAR11M12_FWD_g.1274.peg.4065-MONOMER,0.0,-8.076878196342451e-08
3OAR11M12_REV_g.1274.peg.4394-MONOMER,0.0,-2.943182424705197e-07
3OAR11M12_FWD_g.1274.peg.4394-MONOMER,0.0,-1.3219237795386808e-08
3OAR11M12_REV_g.1274.peg.1862-MONOMER,0.0,-3.3048186281149595e-07
3OAR11M12_FWD_g.1274.peg.1862-MONOMER,0.0,-4.9382858136363054e-08
3OAR11M12_REV_g.1274.peg.5397-MONOMER,0.0,-3.2275645376188153e-07
3OAR11M12_FWD_g.1274.peg.5397-MONOMER,0.0,-4.165744908674866e-08
3OAR11M12_REV_g.1274.peg.1677-MONOMER,0.0,-3.005384542828299e-07
3OAR11M12_FWD_g.1274.peg.1677-MONOMER,0.0,-1.943944960769698e-08
3OAR11M12_REV_g.1274.peg.4910-MONOMER,0.0,-3.334548998878796e-07
3OAR11M12_FWD_g.1274.peg.4910-MONOMER,0.0,-5.235589521274674e-08
3OAR120_REV_g.1274.peg.3618-MONOMER,0.0,-3.2787977135378757e-07
3OAR120_FWD_g.1274.peg.3618-MONOMER,0.0,-3.709053962037287e-08
3OAR120_REV_g.1274.peg.4480-MONOMER,0.0,-3.486019388481924e-07
3OAR120_FWD_g.1274.peg.4480-MONOMER,0.0,-5.781270711477771e-08
3OAR120_REV_g.1274.peg.6077-MONOMER,0.0,-3.1070149413596834e-07
3OAR120_FWD_g.1274.peg.6077-MONOMER,0.0,-1.9912262402553676e-08
3OAR120_REV_g.1274.peg.2236-MONOMER,0.0,-3.181926029883048e-07
3OAR120_FWD_g.1274.peg.2236-MONOMER,0.0,-2.7403371254890094e-08
3OAR120_REV_g.1274.peg.1924-MONOMER,0.0,-3.215613351625839e-07
3OAR120_FWD_g.1274.peg.1924-MONOMER,0.0,-3.077210342916921e-08
3OAR120_REV_g.1274.peg.1996-MONOMER,0.0,-3.455893470383057e-07
3OAR120_FWD_g.1274.peg.1996-MONOMER,0.0,-5.480011530489102e-08
3OAR120_REV_g.1274.peg.5717-MONOMER,0.0,-3.6864706329130866e-07
3OAR120_FWD_g.1274.peg.5717-MONOMER,0.0,-7.785783155789399e-08
3OAR120_REV_g.1274.peg.3821-MONOMER,0.0,-3.6608544608206036e-07
3OAR120_FWD_g.1274.peg.3821-MONOMER,0.0,-7.529621434864565e-08
3OAR120_REV_g.1274.peg.6121-MONOMER,0.0,-2.907892317334147e-07
3OAR120_FWD_g.1274.peg.6121-MONOMER,0.004873100948640853,-2.6693467656720328e-33
3OAR120_REV_g.1274.peg.2167-MONOMER,0.0,-3.775475112124745e-07
3OAR120_FWD_g.1274.peg.2167-MONOMER,0.0,-8.675827947905985e-08
3OAR120_REV_g.1274.peg.3187-MONOMER,0.0,-3.2227172680254773e-07
3OAR120_FWD_g.1274.peg.3187-MONOMER,0.0,-3.148249506913304e-08
3OAR120_REV_g.1274.peg.4065-MONOMER,0.0,-3.715580136968392e-07
3OAR120_FWD_g.1274.peg.4065-MONOMER,0.0,-8.076878196342451e-08
3OAR120_REV_g.1274.peg.4394-MONOMER,0.0,-3.040084695288015e-07
3OAR120_FWD_g.1274.peg.4394-MONOMER,0.0,-1.3219237795386808e-08
3OAR120_REV_g.1274.peg.1862-MONOMER,0.0,-3.401720898697777e-07
3OAR120_FWD_g.1274.peg.1862-MONOMER,0.0,-4.9382858136363054e-08
3OAR120_REV_g.1274.peg.5397-MONOMER,0.0,-3.3244668082016333e-07
3OAR120_FWD_g.1274.peg.5397-MONOMER,0.0,-4.165744908674866e-08
3OAR120_REV_g.1274.peg.1677-MONOMER,0.0,-3.1022868134111163e-07
3OAR120_FWD_g.1274.peg.1677-MONOMER,0.0,-1.943944960769698e-08
3OAR120_REV_g.1274.peg.4910-MONOMER,0.0,-3.431451269461614e-07
3OAR120_FWD_g.1274.peg.4910-MONOMER,0.0,-5.235589521274674e-08
3OAR12M13_REV_g.1274.peg.3618-MONOMER,0.0,-3.1818954429550577e-07
3OAR12M13_FWD_g.1274.peg.3618-MONOMER,0.0,-3.709053962037287e-08
3OAR12M13_REV_g.1274.peg.4480-MONOMER,0.0,-3.389117117899106e-07
3OAR12M13_FWD_g.1274.peg.4480-MONOMER,0.0,-5.781270711477771e-08
3OAR12M13_REV_g.1274.peg.6077-MONOMER,0.0,-3.0101126707768654e-07
3OAR12M13_FWD_g.1274.peg.6077-MONOMER,0.0,-1.9912262402553676e-08
3OAR12M13_REV_g.1274.peg.2236-MONOMER,0.0,-3.08502375930023e-07
3OAR12M13_FWD_g.1274.peg.2236-MONOMER,0.0,-2.7403371254890094e-08
3OAR12M13_REV_g.1274.peg.1924-MONOMER,0.0,-3.118711081043021e-07
3OAR12M13_FWD_g.1274.peg.1924-MONOMER,0.0,-3.077210342916921e-08
3OAR12M13_REV_g.1274.peg.1996-MONOMER,0.0,-3.358991199800239e-07
3OAR12M13_FWD_g.1274.peg.1996-MONOMER,0.0,-5.480011530489102e-08
3OAR12M13_REV_g.1274.peg.5717-MONOMER,0.0,-3.5895683623302685e-07
3OAR12M13_FWD_g.1274.peg.5717-MONOMER,0.0,-7.785783155789399e-08
3OAR12M13_REV_g.1274.peg.3821-MONOMER,0.0,-3.5639521902377855e-07
3OAR12M13_FWD_g.1274.peg.3821-MONOMER,0.0,-7.529621434864565e-08
3OAR12M13_REV_g.1274.peg.6121-MONOMER,0.0,-2.810990046751329e-07
3OAR12M13_FWD_g.1274.peg.6121-MONOMER,0.0,-1.002707229741652e-36
3OAR12M13_REV_g.1274.peg.2167-MONOMER,0.0,-3.678572841541927e-07
3OAR12M13_FWD_g.1274.peg.2167-MONOMER,0.0,-8.675827947905985e-08
3OAR12M13_REV_g.1274.peg.3187-MONOMER,0.0,-3.1258149974426593e-07
3OAR12M13_FWD_g.1274.peg.3187-MONOMER,0.0,-3.148249506913304e-08
3OAR12M13_REV_g.1274.peg.4065-MONOMER,0.0,-3.618677866385574e-07
3OAR12M13_FWD_g.1274.peg.4065-MONOMER,0.0,-8.076878196342451e-08
3OAR12M13_REV_g.1274.peg.4394-MONOMER,0.0,-2.943182424705197e-07
3OAR12M13_FWD_g.1274.peg.4394-MONOMER,0.0,-1.3219237795386808e-08
3OAR12M13_REV_g.1274.peg.1862-MONOMER,0.0,-3.3048186281149595e-07
3OAR12M13_FWD_g.1274.peg.1862-MONOMER,0.0,-4.9382858136363054e-08
3OAR12M13_REV_g.1274.peg.5397-MONOMER,0.0,-3.2275645376188153e-07
3OAR12M13_FWD_g.1274.peg.5397-MONOMER,0.0,-4.165744908674866e-08
3OAR12M13_REV_g.1274.peg.1677-MONOMER,0.0,-3.005384542828299e-07
3OAR12M13_FWD_g.1274.peg.1677-MONOMER,0.0,-1.943944960769698e-08
3OAR12M13_REV_g.1274.peg.4910-MONOMER,0.0,-3.334548998878796e-07
3OAR12M13_FWD_g.1274.peg.4910-MONOMER,0.0,-5.235589521274674e-08
3OAR12M14_REV_g.1274.peg.3618-MONOMER,0.0,-3.1818954429550577e-07
3OAR12M14_FWD_g.1274.peg.3618-MONOMER,0.0,-3.709053962037287e-08
3OAR12M14_REV_g.1274.peg.4480-MONOMER,0.0,-3.389117117899106e-07
3OAR12M14_FWD_g.1274.peg.4480-MONOMER,0.0,-5.781270711477771e-08
3OAR12M14_REV_g.1274.peg.6077-MONOMER,0.0,-3.0101126707768654e-07
3OAR12M14_FWD_g.1274.peg.6077-MONOMER,0.0,-1.9912262402553676e-08
3OAR12M14_REV_g.1274.peg.2236-MONOMER,0.0,-3.08502375930023e-07
3OAR12M14_FWD_g.1274.peg.2236-MONOMER,0.0,-2.7403371254890094e-08
3OAR12M14_REV_g.1274.peg.1924-MONOMER,0.0,-3.118711081043021e-07
3OAR12M14_FWD_g.1274.peg.1924-MONOMER,0.0,-3.077210342916921e-08
3OAR12M14_REV_g.1274.peg.1996-MONOMER,0.0,-3.358991199800239e-07
3OAR12M14_FWD_g.1274.peg.1996-MONOMER,0.0,-5.480011530489102e-08
3OAR12M14_REV_g.1274.peg.5717-MONOMER,0.0,-3.5895683623302685e-07
3OAR12M14_FWD_g.1274.peg.5717-MONOMER,0.0,-7.785783155789399e-08
3OAR12M14_REV_g.1274.peg.3821-MONOMER,0.0,-3.5639521902377855e-07
3OAR12M14_FWD_g.1274.peg.3821-MONOMER,0.0,-7.529621434864565e-08
3OAR12M14_REV_g.1274.peg.6121-MONOMER,0.0,-2.810990046751329e-07
3OAR12M14_FWD_g.1274.peg.6121-MONOMER,0.0027661825008820965,7.596860851126056e-36
3OAR12M14_REV_g.1274.peg.2167-MONOMER,0.0,-3.678572841541927e-07
3OAR12M14_FWD_g.1274.peg.2167-MONOMER,0.0,-8.675827947905985e-08
3OAR12M14_REV_g.1274.peg.3187-MONOMER,0.0,-3.1258149974426593e-07
3OAR12M14_FWD_g.1274.peg.3187-MONOMER,0.0,-3.148249506913304e-08
3OAR12M14_REV_g.1274.peg.4065-MONOMER,0.0,-3.618677866385574e-07
3OAR12M14_FWD_g.1274.peg.4065-MONOMER,0.0,-8.076878196342451e-08
3OAR12M14_REV_g.1274.peg.4394-MONOMER,0.0,-2.943182424705197e-07
3OAR12M14_FWD_g.1274.peg.4394-MONOMER,0.0,-1.3219237795386808e-08
3OAR12M14_REV_g.1274.peg.1862-MONOMER,0.0,-3.3048186281149595e-07
3OAR12M14_FWD_g.1274.peg.1862-MONOMER,0.0,-4.9382858136363054e-08
3OAR12M14_REV_g.1274.peg.5397-MONOMER,0.0,-3.2275645376188153e-07
3OAR12M14_FWD_g.1274.peg.5397-MONOMER,0.0,-4.165744908674866e-08
3OAR12M14_REV_g.1274.peg.1677-MONOMER,0.0,-3.005384542828299e-07
3OAR12M14_FWD_g.1274.peg.1677-MONOMER,0.0,-1.943944960769698e-08
3OAR12M14_REV_g.1274.peg.4910-MONOMER,0.0,-3.334548998878796e-07
3OAR12M14_FWD_g.1274.peg.4910-MONOMER,0.0,-5.235589521274674e-08
3OAR13M14_REV_g.1274.peg.3618-MONOMER,0.0,-3.1818954429550577e-07
3OAR13M14_FWD_g.1274.peg.3618-MONOMER,0.0,-3.709053962037287e-08
3OAR13M14_REV_g.1274.peg.4480-MONOMER,0.0,-3.389117117899106e-07
3OAR13M14_FWD_g.1274.peg.4480-MONOMER,0.0,-5.781270711477771e-08
3OAR13M14_REV_g.1274.peg.6077-MONOMER,0.0,-3.0101126707768654e-07
3OAR13M14_FWD_g.1274.peg.6077-MONOMER,0.0,-1.9912262402553676e-08
3OAR13M14_REV_g.1274.peg.2236-MONOMER,0.0,-3.08502375930023e-07
3OAR13M14_FWD_g.1274.peg.2236-MONOMER,0.0,-2.7403371254890094e-08
3OAR13M14_REV_g.1274.peg.1924-MONOMER,0.0,-3.118711081043021e-07
3OAR13M14_FWD_g.1274.peg.1924-MONOMER,0.0,-3.077210342916921e-08
3OAR13M14_REV_g.1274.peg.1996-MONOMER,0.0,-3.358991199800239e-07
3OAR13M14_FWD_g.1274.peg.1996-MONOMER,0.0,-5.480011530489102e-08
3OAR13M14_REV_g.1274.peg.5717-MONOMER,0.0,-3.5895683623302685e-07
3OAR13M14_FWD_g.1274.peg.5717-MONOMER,0.0,-7.785783155789399e-08
3OAR13M14_REV_g.1274.peg.3821-MONOMER,0.0,-3.5639521902377855e-07
3OAR13M14_FWD_g.1274.peg.3821-MONOMER,0.0,-7.529621434864565e-08
3OAR13M14_REV_g.1274.peg.6121-MONOMER,0.0,-2.810990046751329e-07
3OAR13M14_FWD_g.1274.peg.6121-MONOMER,0.0027661825008820965,-4.8644000660558304e-36
3OAR13M14_REV_g.1274.peg.2167-MONOMER,0.0,-3.678572841541927e-07
3OAR13M14_FWD_g.1274.peg.2167-MONOMER,0.0,-8.675827947905985e-08
3OAR13M14_REV_g.1274.peg.3187-MONOMER,0.0,-3.1258149974426593e-07
3OAR13M14_FWD_g.1274.peg.3187-MONOMER,0.0,-3.148249506913304e-08
3OAR13M14_REV_g.1274.peg.4065-MONOMER,0.0,-3.618677866385574e-07
3OAR13M14_FWD_g.1274.peg.4065-MONOMER,0.0,-8.076878196342451e-08
3OAR13M14_REV_g.1274.peg.4394-MONOMER,0.0,-2.943182424705197e-07
3OAR13M14_FWD_g.1274.peg.4394-MONOMER,0.0,-1.3219237795386808e-08
3OAR13M14_REV_g.1274.peg.1862-MONOMER,0.0,-3.3048186281149595e-07
3OAR13M14_FWD_g.1274.peg.1862-MONOMER,0.0,-4.9382858136363054e-08
3OAR13M14_REV_g.1274.peg.5397-MONOMER,0.0,-3.2275645376188153e-07
3OAR13M14_FWD_g.1274.peg.5397-MONOMER,0.0,-4.165744908674866e-08
3OAR13M14_REV_g.1274.peg.1677-MONOMER,0.0,-3.005384542828299e-07
3OAR13M14_FWD_g.1274.peg.1677-MONOMER,0.0,-1.943944960769698e-08
3OAR13M14_REV_g.1274.peg.4910-MONOMER,0.0,-3.334548998878796e-07
3OAR13M14_FWD_g.1274.peg.4910-MONOMER,0.0,-5.235589521274674e-08
3OAR140_REV_g.1274.peg.3618-MONOMER,0.0,-3.2788014985627715e-07
3OAR140_FWD_g.1274.peg.3618-MONOMER,0.0,-3.709053962037287e-08
3OAR140_REV_g.1274.peg.4480-MONOMER,0.0,-3.48602317350682e-07
3OAR140_FWD_g.1274.peg.4480-MONOMER,0.0,-5.781270711477771e-08
3OAR140_REV_g.1274.peg.6077-MONOMER,0.0,-3.107018726384579e-07
3OAR140_FWD_g.1274.peg.6077-MONOMER,0.0,-1.9912262402553676e-08
3OAR140_REV_g.1274.peg.2236-MONOMER,0.0,-3.181929814907944e-07
3OAR140_FWD_g.1274.peg.2236-MONOMER,0.0,-2.7403371254890094e-08
3OAR140_REV_g.1274.peg.1924-MONOMER,0.0,-3.215617136650735e-07
3OAR140_FWD_g.1274.peg.1924-MONOMER,0.0,-3.077210342916921e-08
3OAR140_REV_g.1274.peg.1996-MONOMER,0.0,-3.455897255407953e-07
3OAR140_FWD_g.1274.peg.1996-MONOMER,0.0,-5.480011530489102e-08
3OAR140_REV_g.1274.peg.5717-MONOMER,0.0,-3.6864744179379824e-07
3OAR140_FWD_g.1274.peg.5717-MONOMER,0.0,-7.785783155789399e-08
3OAR140_REV_g.1274.peg.3821-MONOMER,0.0,-3.660858245845499e-07
3OAR140_FWD_g.1274.peg.3821-MONOMER,0.0,-7.529621434864565e-08
3OAR140_REV_g.1274.peg.6121-MONOMER,0.0,-2.907896102359043e-07
3OAR140_FWD_g.1274.peg.6121-MONOMER,0.0040609154284276345,-2.6369293951093773e-36
3OAR140_REV_g.1274.peg.2167-MONOMER,0.0,-3.775478897149641e-07
3OAR140_FWD_g.1274.peg.2167-MONOMER,0.0,-8.675827947905985e-08
3OAR140_REV_g.1274.peg.3187-MONOMER,0.0,-3.222721053050373e-07
3OAR140_FWD_g.1274.peg.3187-MONOMER,0.0,-3.148249506913304e-08
3OAR140_REV_g.1274.peg.4065-MONOMER,0.0,-3.715583921993288e-07
3OAR140_FWD_g.1274.peg.4065-MONOMER,0.0,-8.076878196342451e-08
3OAR140_REV_g.1274.peg.4394-MONOMER,0.0,-3.040088480312911e-07
3OAR140_FWD_g.1274.peg.4394-MONOMER,0.0,-1.3219237795386808e-08
3OAR140_REV_g.1274.peg.1862-MONOMER,0.0,-3.401724683722673e-07
3OAR140_FWD_g.1274.peg.1862-MONOMER,0.0,-4.9382858136363054e-08
3OAR140_REV_g.1274.peg.5397-MONOMER,0.0,-3.324470593226529e-07
3OAR140_FWD_g.1274.peg.5397-MONOMER,0.0,-4.165744908674866e-08
3OAR140_REV_g.1274.peg.1677-MONOMER,0.0,-3.102290598436012e-07
3OAR140_FWD_g.1274.peg.1677-MONOMER,0.0,-1.943944960769698e-08
3OAR140_REV_g.1274.peg.4910-MONOMER,0.0,-3.43145505448651e-07
3OAR140_FWD_g.1274.peg.4910-MONOMER,0.0,-5.235589521274674e-08
3OAR14M15_REV_g.1274.peg.3618-MONOMER,0.0,-3.1818954429550577e-07
3OAR14M15_FWD_g.1274.peg.3618-MONOMER,0.0,-3.709053962037287e-08
3OAR14M15_REV_g.1274.peg.4480-MONOMER,0.0,-3.389117117899106e-07
3OAR14M15_FWD_g.1274.peg.4480-MONOMER,0.0,-5.781270711477771e-08
3OAR14M15_REV_g.1274.peg.6077-MONOMER,0.0,-3.0101126707768654e-07
3OAR14M15_FWD_g.1274.peg.6077-MONOMER,0.0,-1.9912262402553676e-08
3OAR14M15_REV_g.1274.peg.2236-MONOMER,0.0,-3.08502375930023e-07
3OAR14M15_FWD_g.1274.peg.2236-MONOMER,0.0,-2.7403371254890094e-08
3OAR14M15_REV_g.1274.peg.1924-MONOMER,0.0,-3.118711081043021e-07
3OAR14M15_FWD_g.1274.peg.1924-MONOMER,0.0,-3.077210342916921e-08
3OAR14M15_REV_g.1274.peg.1996-MONOMER,0.0,-3.358991199800239e-07
3OAR14M15_FWD_g.1274.peg.1996-MONOMER,0.0,-5.480011530489102e-08
3OAR14M15_REV_g.1274.peg.5717-MONOMER,0.0,-3.5895683623302685e-07
3OAR14M15_FWD_g.1274.peg.5717-MONOMER,0.0,-7.785783155789399e-08
3OAR14M15_REV_g.1274.peg.3821-MONOMER,0.0,-3.5639521902377855e-07
3OAR14M15_FWD_g.1274.peg.3821-MONOMER,0.0,-7.529621434864565e-08
3OAR14M15_REV_g.1274.peg.6121-MONOMER,0.0,-2.810990046751329e-07
3OAR14M15_FWD_g.1274.peg.6121-MONOMER,0.0,-4.8644000660558304e-36
3OAR14M15_REV_g.1274.peg.2167-MONOMER,0.0,-3.678572841541927e-07
3OAR14M15_FWD_g.1274.peg.2167-MONOMER,0.0,-8.675827947905985e-08
3OAR14M15_REV_g.1274.peg.3187-MONOMER,0.0,-3.1258149974426593e-07
3OAR14M15_FWD_g.1274.peg.3187-MONOMER,0.0,-3.148249506913304e-08
3OAR14M15_REV_g.1274.peg.4065-MONOMER,0.0,-3.618677866385574e-07
3OAR14M15_FWD_g.1274.peg.4065-MONOMER,0.0,-8.076878196342451e-08
3OAR14M15_REV_g.1274.peg.4394-MONOMER,0.0,-2.943182424705197e-07
3OAR14M15_FWD_g.1274.peg.4394-MONOMER,0.0,-1.3219237795386808e-08
3OAR14M15_REV_g.1274.peg.1862-MONOMER,0.0,-3.3048186281149595e-07
3OAR14M15_FWD_g.1274.peg.1862-MONOMER,0.0,-4.9382858136363054e-08
3OAR14M15_REV_g.1274.peg.5397-MONOMER,0.0,-3.2275645376188153e-07
3OAR14M15_FWD_g.1274.peg.5397-MONOMER,0.0,-4.165744908674866e-08
3OAR14M15_REV_g.1274.peg.1677-MONOMER,0.0,-3.005384542828299e-07
3OAR14M15_FWD_g.1274.peg.1677-MONOMER,0.0,-1.943944960769698e-08
3OAR14M15_REV_g.1274.peg.4910-MONOMER,0.0,-3.334548998878796e-07
3OAR14M15_FWD_g.1274.peg.4910-MONOMER,0.0,-5.235589521274674e-08
3OAR14M16_REV_g.1274.peg.3618-MONOMER,0.0,-3.1818954429550577e-07
3OAR14M16_FWD_g.1274.peg.3618-MONOMER,0.0,-3.709053962037287e-08
3OAR14M16_REV_g.1274.peg.4480-MONOMER,0.0,-3.389117117899106e-07
3OAR14M16_FWD_g.1274.peg.4480-MONOMER,0.0,-5.781270711477771e-08
3OAR14M16_REV_g.1274.peg.6077-MONOMER,0.0,-3.0101126707768654e-07
3OAR14M16_FWD_g.1274.peg.6077-MONOMER,0.0,-1.9912262402553676e-08
3OAR14M16_REV_g.1274.peg.2236-MONOMER,0.0,-3.08502375930023e-07
3OAR14M16_FWD_g.1274.peg.2236-MONOMER,0.0,-2.7403371254890094e-08
3OAR14M16_REV_g.1274.peg.1924-MONOMER,0.0,-3.118711081043021e-07
3OAR14M16_FWD_g.1274.peg.1924-MONOMER,0.0,-3.077210342916921e-08
3OAR14M16_REV_g.1274.peg.1996-MONOMER,0.0,-3.358991199800239e-07
3OAR14M16_FWD_g.1274.peg.1996-MONOMER,0.0,-5.480011530489102e-08
3OAR14M16_REV_g.1274.peg.5717-MONOMER,0.0,-3.5895683623302685e-07
3OAR14M16_FWD_g.1274.peg.5717-MONOMER,0.0,-7.785783155789399e-08
3OAR14M16_REV_g.1274.peg.3821-MONOMER,0.0,-3.5639521902377855e-07
3OAR14M16_FWD_g.1274.peg.3821-MONOMER,0.0,-7.529621434864565e-08
3OAR14M16_REV_g.1274.peg.6121-MONOMER,0.0,-2.810990046751329e-07
3OAR14M16_FWD_g.1274.peg.6121-MONOMER,0.0027661825008820965,-9.018153705116459e-36
3OAR14M16_REV_g.1274.peg.2167-MONOMER,0.0,-3.678572841541927e-07
3OAR14M16_FWD_g.1274.peg.2167-MONOMER,0.0,-8.675827947905985e-08
3OAR14M16_REV_g.1274.peg.3187-MONOMER,0.0,-3.1258149974426593e-07
3OAR14M16_FWD_g.1274.peg.3187-MONOMER,0.0,-3.148249506913304e-08
3OAR14M16_REV_g.1274.peg.4065-MONOMER,0.0,-3.618677866385574e-07
3OAR14M16_FWD_g.1274.peg.4065-MONOMER,0.0,-8.076878196342451e-08
3OAR14M16_REV_g.1274.peg.4394-MONOMER,0.0,-2.943182424705197e-07
3OAR14M16_FWD_g.1274.peg.4394-MONOMER,0.0,-1.3219237795386808e-08
3OAR14M16_REV_g.1274.peg.1862-MONOMER,0.0,-3.3048186281149595e-07
3OAR14M16_FWD_g.1274.peg.1862-MONOMER,0.0,-4.9382858136363054e-08
3OAR14M16_REV_g.1274.peg.5397-MONOMER,0.0,-3.2275645376188153e-07
3OAR14M16_FWD_g.1274.peg.5397-MONOMER,0.0,-4.165744908674866e-08
3OAR14M16_REV_g.1274.peg.1677-MONOMER,0.0,-3.005384542828299e-07
3OAR14M16_FWD_g.1274.peg.1677-MONOMER,0.0,-1.943944960769698e-08
3OAR14M16_REV_g.1274.peg.4910-MONOMER,0.0,-3.334548998878796e-07
3OAR14M16_FWD_g.1274.peg.4910-MONOMER,0.0,-5.235589521274674e-08
3OAR15M16_REV_g.1274.peg.3618-MONOMER,0.0,-3.1818954429550577e-07
3OAR15M16_FWD_g.1274.peg.3618-MONOMER,0.0,-3.709053962037287e-08
3OAR15M16_REV_g.1274.peg.4480-MONOMER,0.0,-3.389117117899106e-07
3OAR15M16_FWD_g.1274.peg.4480-MONOMER,0.0,-5.781270711477771e-08
3OAR15M16_REV_g.1274.peg.6077-MONOMER,0.0,-3.0101126707768654e-07
3OAR15M16_FWD_g.1274.peg.6077-MONOMER,0.0,-1.9912262402553676e-08
3OAR15M16_REV_g.1274.peg.2236-MONOMER,0.0,-3.08502375930023e-07
3OAR15M16_FWD_g.1274.peg.2236-MONOMER,0.0,-2.7403371254890094e-08
3OAR15M16_REV_g.1274.peg.1924-MONOMER,0.0,-3.118711081043021e-07
3OAR15M16_FWD_g.1274.peg.1924-MONOMER,0.0,-3.077210342916921e-08
3OAR15M16_REV_g.1274.peg.1996-MONOMER,0.0,-3.358991199800239e-07
3OAR15M16_FWD_g.1274.peg.1996-MONOMER,0.0,-5.480011530489102e-08
3OAR15M16_REV_g.1274.peg.5717-MONOMER,0.0,-3.5895683623302685e-07
3OAR15M16_FWD_g.1274.peg.5717-MONOMER,0.0,-7.785783155789399e-08
3OAR15M16_REV_g.1274.peg.3821-MONOMER,0.0,-3.5639521902377855e-07
3OAR15M16_FWD_g.1274.peg.3821-MONOMER,0.0,-7.529621434864565e-08
3OAR15M16_REV_g.1274.peg.6121-MONOMER,0.0,-2.810990046751329e-07
3OAR15M16_FWD_g.1274.peg.6121-MONOMER,0.0027661825008820965,-9.018153705116459e-36
3OAR15M16_REV_g.1274.peg.2167-MONOMER,0.0,-3.678572841541927e-07
3OAR15M16_FWD_g.1274.peg.2167-MONOMER,0.0,-8.675827947905985e-08
3OAR15M16_REV_g.1274.peg.3187-MONOMER,0.0,-3.1258149974426593e-07
3OAR15M16_FWD_g.1274.peg.3187-MONOMER,0.0,-3.148249506913304e-08
3OAR15M16_REV_g.1274.peg.4065-MONOMER,0.0,-3.618677866385574e-07
3OAR15M16_FWD_g.1274.peg.4065-MONOMER,0.0,-8.076878196342451e-08
3OAR15M16_REV_g.1274.peg.4394-MONOMER,0.0,-2.943182424705197e-07
3OAR15M16_FWD_g.1274.peg.4394-MONOMER,0.0,-1.3219237795386808e-08
3OAR15M16_REV_g.1274.peg.1862-MONOMER,0.0,-3.3048186281149595e-07
3OAR15M16_FWD_g.1274.peg.1862-MONOMER,0.0,-4.9382858136363054e-08
3OAR15M16_REV_g.1274.peg.5397-MONOMER,0.0,-3.2275645376188153e-07
3OAR15M16_FWD_g.1274.peg.5397-MONOMER,0.0,-4.165744908674866e-08
3OAR15M16_REV_g.1274.peg.1677-MONOMER,0.0,-3.005384542828299e-07
3OAR15M16_FWD_g.1274.peg.1677-MONOMER,0.0,-1.943944960769698e-08
3OAR15M16_REV_g.1274.peg.4910-MONOMER,0.0,-3.334548998878796e-07
3OAR15M16_FWD_g.1274.peg.4910-MONOMER,0.0,-5.235589521274674e-08
3OAR160_REV_g.1274.peg.3618-MONOMER,0.0,-3.709053962037287e-08
3OAR160_FWD_g.1274.peg.3618-MONOMER,0.0,-3.2788048800500064e-07
3OAR160_REV_g.1274.peg.4480-MONOMER,0.0,-5.781270711477771e-08
3OAR160_FWD_g.1274.peg.4480-MONOMER,0.0,-3.4860265549940547e-07
3OAR160_REV_g.1274.peg.6077-MONOMER,0.0,-1.9912262402553676e-08
3OAR160_FWD_g.1274.peg.6077-MONOMER,0.0,-3.1070221078718146e-07
3OAR160_REV_g.1274.peg.2236-MONOMER,0.0,-2.7403371254890094e-08
3OAR160_FWD_g.1274.peg.2236-MONOMER,0.0,-3.1819331963951786e-07
3OAR160_REV_g.1274.peg.1924-MONOMER,0.0,-3.077210342916921e-08
3OAR160_FWD_g.1274.peg.1924-MONOMER,0.0,-3.2156205181379697e-07
3OAR160_REV_g.1274.peg.1996-MONOMER,0.0,-5.480011530489102e-08
3OAR160_FWD_g.1274.peg.1996-MONOMER,0.0,-3.455900636895188e-07
3OAR160_REV_g.1274.peg.5717-MONOMER,0.0,-7.785783155789399e-08
3OAR160_FWD_g.1274.peg.5717-MONOMER,0.0,-3.686477799425218e-07
3OAR160_REV_g.1274.peg.3821-MONOMER,0.0,-7.529621434864565e-08
3OAR160_FWD_g.1274.peg.3821-MONOMER,0.0,-3.660861627332734e-07
3OAR160_REV_g.1274.peg.6121-MONOMER,9.422753629655964e-24,-6.790683034170007e-36
3OAR160_FWD_g.1274.peg.6121-MONOMER,0.0,-2.9078994838462776e-07
3OAR160_REV_g.1274.peg.2167-MONOMER,0.0,-8.675827947905985e-08
3OAR160_FWD_g.1274.peg.2167-MONOMER,0.0,-3.7754822786368764e-07
3OAR160_REV_g.1274.peg.3187-MONOMER,0.0,-3.148249506913304e-08
3OAR160_FWD_g.1274.peg.3187-MONOMER,0.0,-3.222724434537608e-07
3OAR160_REV_g.1274.peg.4065-MONOMER,0.0,-8.076878196342451e-08
3OAR160_FWD_g.1274.peg.4065-MONOMER,0.0,-3.7155873034805227e-07
3OAR160_REV_g.1274.peg.4394-MONOMER,0.0,-1.3219237795386808e-08
3OAR160_FWD_g.1274.peg.4394-MONOMER,0.0,-3.0400918618001456e-07
3OAR160_REV_g.1274.peg.1862-MONOMER,0.0,-4.9382858136363054e-08
3OAR160_FWD_g.1274.peg.1862-MONOMER,0.0,-3.401728065209908e-07
3OAR160_REV_g.1274.peg.5397-MONOMER,0.0,-4.165744908674866e-08
3OAR160_FWD_g.1274.peg.5397-MONOMER,0.0,-3.3244739747137645e-07
3OAR160_REV_g.1274.peg.1677-MONOMER,0.0,-1.943944960769698e-08
3OAR160_FWD_g.1274.peg.1677-MONOMER,0.0,-3.1022939799232475e-07
3OAR160_REV_g.1274.peg.4910-MONOMER,0.0,-5.235589521274674e-08
3OAR160_FWD_g.1274.peg.4910-MONOMER,0.0,-3.431458435973745e-07
3OAR180_REV_g.1274.peg.3618-MONOMER,0.0,-3.2787771975347263e-07
3OAR180_FWD_g.1274.peg.3618-MONOMER,0.0,-3.709053962037287e-08
3OAR180_REV_g.1274.peg.4480-MONOMER,0.0,-3.4859988724787747e-07
3OAR180_FWD_g.1274.peg.4480-MONOMER,0.0,-5.781270711477771e-08
3OAR180_REV_g.1274.peg.6077-MONOMER,0.0,-3.1069944253565346e-07
3OAR180_FWD_g.1274.peg.6077-MONOMER,0.0,-1.9912262402553676e-08
3OAR180_REV_g.1274.peg.2236-MONOMER,0.0,-3.1819055138798985e-07
3OAR180_FWD_g.1274.peg.2236-MONOMER,0.0,-2.7403371254890094e-08
3OAR180_REV_g.1274.peg.1924-MONOMER,0.0,-3.2155928356226896e-07
3OAR180_FWD_g.1274.peg.1924-MONOMER,0.0,-3.077210342916921e-08
3OAR180_REV_g.1274.peg.1996-MONOMER,0.0,-3.455872954379908e-07
3OAR180_FWD_g.1274.peg.1996-MONOMER,0.0,-5.480011530489102e-08
3OAR180_REV_g.1274.peg.5717-MONOMER,0.0,-3.6864501169099377e-07
3OAR180_FWD_g.1274.peg.5717-MONOMER,0.0,-7.785783155789399e-08
3OAR180_REV_g.1274.peg.3821-MONOMER,0.0,-3.660833944817454e-07
3OAR180_FWD_g.1274.peg.3821-MONOMER,0.0,-7.529621434864565e-08
3OAR180_REV_g.1274.peg.6121-MONOMER,0.0,-2.9078718013309975e-07
3OAR180_FWD_g.1274.peg.6121-MONOMER,9.422753629655964e-24,-3.1713204868533777e-35
3OAR180_REV_g.1274.peg.2167-MONOMER,0.0,-3.7754545961215964e-07
3OAR180_FWD_g.1274.peg.2167-MONOMER,0.0,-8.675827947905985e-08
3OAR180_REV_g.1274.peg.3187-MONOMER,0.0,-3.222696752022328e-07
3OAR180_FWD_g.1274.peg.3187-MONOMER,0.0,-3.148249506913304e-08
3OAR180_REV_g.1274.peg.4065-MONOMER,0.0,-3.7155596209652426e-07
3OAR180_FWD_g.1274.peg.4065-MONOMER,0.0,-8.076878196342451e-08
3OAR180_REV_g.1274.peg.4394-MONOMER,0.0,-3.0400641792848655e-07
3OAR180_FWD_g.1274.peg.4394-MONOMER,0.0,-1.3219237795386808e-08
3OAR180_REV_g.1274.peg.1862-MONOMER,0.0,-3.401700382694628e-07
3OAR180_FWD_g.1274.peg.1862-MONOMER,0.0,-4.9382858136363054e-08
3OAR180_REV_g.1274.peg.5397-MONOMER,0.0,-3.3244462921984845e-07
3OAR180_FWD_g.1274.peg.5397-MONOMER,0.0,-4.165744908674866e-08
3OAR180_REV_g.1274.peg.1677-MONOMER,0.0,-3.1022662974079674e-07
3OAR180_FWD_g.1274.peg.1677-MONOMER,0.0,-1.943944960769698e-08
3OAR180_REV_g.1274.peg.4910-MONOMER,0.0,-3.431430753458465e-07
3OAR180_FWD_g.1274.peg.4910-MONOMER,0.0,-5.235589521274674e-08
3OAR40_REV_g.1274.peg.3618-MONOMER,0.0,-3.278782573459303e-07
3OAR40_FWD_g.1274.peg.3618-MONOMER,0.0,-3.709053962037287e-08
3OAR40_REV_g.1274.peg.4480-MONOMER,0.0,-3.4860042484033513e-07
3OAR40_FWD_g.1274.peg.4480-MONOMER,0.0,-5.781270711477771e-08
3OAR40_REV_g.1274.peg.6077-MONOMER,0.0,-3.1069998012811106e-07
3OAR40_FWD_g.1274.peg.6077-MONOMER,0.0,-1.9912262402553676e-08
3OAR40_REV_g.1274.peg.2236-MONOMER,0.0,-3.181910889804475e-07
3OAR40_FWD_g.1274.peg.2236-MONOMER,0.0,-2.7403371254890094e-08
3OAR40_REV_g.1274.peg.1924-MONOMER,0.0,-3.215598211547266e-07
3OAR40_FWD_g.1274.peg.1924-MONOMER,0.0,-3.077210342916921e-08
3OAR40_REV_g.1274.peg.1996-MONOMER,0.0,-3.4558783303044844e-07
3OAR40_FWD_g.1274.peg.1996-MONOMER,0.0,-5.480011530489102e-08
3OAR40_REV_g.1274.peg.5717-MONOMER,0.0,-3.686455492834514e-07
3OAR40_FWD_g.1274.peg.5717-MONOMER,0.0,-7.785783155789399e-08
3OAR40_REV_g.1274.peg.3821-MONOMER,0.0,-3.660839320742031e-07
3OAR40_FWD_g.1274.peg.3821-MONOMER,0.0,-7.529621434864565e-08
3OAR40_REV_g.1274.peg.6121-MONOMER,0.0,-2.907877177255574e-07
3OAR40_FWD_g.1274.peg.6121-MONOMER,0.004873111768778498,-2.6369293951093773e-36
3OAR40_REV_g.1274.peg.2167-MONOMER,0.0,-3.7754599720461725e-07
3OAR40_FWD_g.1274.peg.2167-MONOMER,0.0,-8.675827947905985e-08
3OAR40_REV_g.1274.peg.3187-MONOMER,0.0,-3.2227021279469045e-07
3OAR40_FWD_g.1274.peg.3187-MONOMER,0.0,-3.148249506913304e-08
3OAR40_REV_g.1274.peg.4065-MONOMER,0.0,-3.715564996889819e-07
3OAR40_FWD_g.1274.peg.4065-MONOMER,0.0,-8.076878196342451e-08
3OAR40_REV_g.1274.peg.4394-MONOMER,0.0,-3.040069555209442e-07
3OAR40_FWD_g.1274.peg.4394-MONOMER,0.0,-1.3219237795386808e-08
3OAR40_REV_g.1274.peg.1862-MONOMER,0.0,-3.4017057586192043e-07
3OAR40_FWD_g.1274.peg.1862-MONOMER,0.0,-4.9382858136363054e-08
3OAR40_REV_g.1274.peg.5397-MONOMER,0.0,-3.3244516681230606e-07
3OAR40_FWD_g.1274.peg.5397-MONOMER,0.0,-4.165744908674866e-08
3OAR40_REV_g.1274.peg.1677-MONOMER,0.0,-3.1022716733325435e-07
3OAR40_FWD_g.1274.peg.1677-MONOMER,0.0,-1.943944960769698e-08
3OAR40_REV_g.1274.peg.4910-MONOMER,0.0,-3.4314361293830415e-07
3OAR40_FWD_g.1274.peg.4910-MONOMER,0.0,-5.235589521274674e-08
3OAR4M5_REV_g.1274.peg.3618-MONOMER,0.0,-3.709053962037287e-08
3OAR4M5_FWD_g.1274.peg.3618-MONOMER,0.0,-3.1818954429550577e-07
3OAR4M5_REV_g.1274.peg.4480-MONOMER,0.0,-5.781270711477771e-08
3OAR4M5_FWD_g.1274.peg.4480-MONOMER,0.0,-3.389117117899106e-07
3OAR4M5_REV_g.1274.peg.6077-MONOMER,0.0,-1.9912262402553676e-08
3OAR4M5_FWD_g.1274.peg.6077-MONOMER,0.0,-3.0101126707768654e-07
3OAR4M5_REV_g.1274.peg.2236-MONOMER,0.0,-2.7403371254890094e-08
3OAR4M5_FWD_g.1274.peg.2236-MONOMER,0.0,-3.08502375930023e-07
3OAR4M5_REV_g.1274.peg.1924-MONOMER,0.0,-3.077210342916921e-08
3OAR4M5_FWD_g.1274.peg.1924-MONOMER,0.0,-3.118711081043021e-07
3OAR4M5_REV_g.1274.peg.1996-MONOMER,0.0,-5.480011530489102e-08
3OAR4M5_FWD_g.1274.peg.1996-MONOMER,0.0,-3.358991199800239e-07
3OAR4M5_REV_g.1274.peg.5717-MONOMER,0.0,-7.785783155789399e-08
3OAR4M5_FWD_g.1274.peg.5717-MONOMER,0.0,-3.5895683623302685e-07
3OAR4M5_REV_g.1274.peg.3821-MONOMER,0.0,-7.529621434864565e-08
3OAR4M5_FWD_g.1274.peg.3821-MONOMER,0.0,-3.5639521902377855e-07
3OAR4M5_REV_g.1274.peg.6121-MONOMER,0.0,1.2051802193018962e-35
3OAR4M5_FWD_g.1274.peg.6121-MONOMER,0.0,-2.810990046751329e-07
3OAR4M5_REV_g.1274.peg.2167-MONOMER,0.0,-8.675827947905985e-08
3OAR4M5_FWD_g.1274.peg.2167-MONOMER,0.0,-3.678572841541927e-07
3OAR4M5_REV_g.1274.peg.3187-MONOMER,0.0,-3.148249506913304e-08
3OAR4M5_FWD_g.1274.peg.3187-MONOMER,0.0,-3.1258149974426593e-07
3OAR4M5_REV_g.1274.peg.4065-MONOMER,0.0,-8.076878196342451e-08
3OAR4M5_FWD_g.1274.peg.4065-MONOMER,0.0,-3.618677866385574e-07
3OAR4M5_REV_g.1274.peg.4394-MONOMER,0.0,-1.3219237795386808e-08
3OAR4M5_FWD_g.1274.peg.4394-MONOMER,0.0,-2.943182424705197e-07
3OAR4M5_REV_g.1274.peg.1862-MONOMER,0.0,-4.9382858136363054e-08
3OAR4M5_FWD_g.1274.peg.1862-MONOMER,0.0,-3.3048186281149595e-07
3OAR4M5_REV_g.1274.peg.5397-MONOMER,0.0,-4.165744908674866e-08
3OAR4M5_FWD_g.1274.peg.5397-MONOMER,0.0,-3.2275645376188153e-07
3OAR4M5_REV_g.1274.peg.1677-MONOMER,0.0,-1.943944960769698e-08
3OAR4M5_FWD_g.1274.peg.1677-MONOMER,0.0,-3.005384542828299e-07
3OAR4M5_REV_g.1274.peg.4910-MONOMER,0.0,-5.235589521274674e-08
3OAR4M5_FWD_g.1274.peg.4910-MONOMER,0.0,-3.334548998878796e-07
3OAR4M6_REV_g.1274.peg.3618-MONOMER,0.0,-3.1818954429550577e-07
3OAR4M6_FWD_g.1274.peg.3618-MONOMER,0.0,-3.709053962037287e-08
3OAR4M6_REV_g.1274.peg.4480-MONOMER,0.0,-3.389117117899106e-07
3OAR4M6_FWD_g.1274.peg.4480-MONOMER,0.0,-5.781270711477771e-08
3OAR4M6_REV_g.1274.peg.6077-MONOMER,0.0,-3.0101126707768654e-07
3OAR4M6_FWD_g.1274.peg.6077-MONOMER,0.0,-1.9912262402553676e-08
3OAR4M6_REV_g.1274.peg.2236-MONOMER,0.0,-3.08502375930023e-07
3OAR4M6_FWD_g.1274.peg.2236-MONOMER,0.0,-2.7403371254890094e-08
3OAR4M6_REV_g.1274.peg.1924-MONOMER,0.0,-3.118711081043021e-07
3OAR4M6_FWD_g.1274.peg.1924-MONOMER,0.0,-3.077210342916921e-08
3OAR4M6_REV_g.1274.peg.1996-MONOMER,0.0,-3.358991199800239e-07
3OAR4M6_FWD_g.1274.peg.1996-MONOMER,0.0,-5.480011530489102e-08
3OAR4M6_REV_g.1274.peg.5717-MONOMER,0.0,-3.5895683623302685e-07
3OAR4M6_FWD_g.1274.peg.5717-MONOMER,0.0,-7.785783155789399e-08
3OAR4M6_REV_g.1274.peg.3821-MONOMER,0.0,-3.5639521902377855e-07
3OAR4M6_FWD_g.1274.peg.3821-MONOMER,0.0,-7.529621434864565e-08
3OAR4M6_REV_g.1274.peg.6121-MONOMER,0.0,-2.810990046751329e-07
3OAR4M6_FWD_g.1274.peg.6121-MONOMER,0.0027661825008820965,3.443107212065427e-36
3OAR4M6_REV_g.1274.peg.2167-MONOMER,0.0,-3.678572841541927e-07
3OAR4M6_FWD_g.1274.peg.2167-MONOMER,0.0,-8.675827947905985e-08
3OAR4M6_REV_g.1274.peg.3187-MONOMER,0.0,-3.1258149974426593e-07
3OAR4M6_FWD_g.1274.peg.3187-MONOMER,0.0,-3.148249506913304e-08
3OAR4M6_REV_g.1274.peg.4065-MONOMER,0.0,-3.618677866385574e-07
3OAR4M6_FWD_g.1274.peg.4065-MONOMER,0.0,-8.076878196342451e-08
3OAR4M6_REV_g.1274.peg.4394-MONOMER,0.0,-2.943182424705197e-07
3OAR4M6_FWD_g.1274.peg.4394-MONOMER,0.0,-1.3219237795386808e-08
3OAR4M6_REV_g.1274.peg.1862-MONOMER,0.0,-3.3048186281149595e-07
3OAR4M6_FWD_g.1274.peg.1862-MONOMER,0.0,-4.9382858136363054e-08
3OAR4M6_REV_g.1274.peg.5397-MONOMER,0.0,-3.2275645376188153e-07
3OAR4M6_FWD_g.1274.peg.5397-MONOMER,0.0,-4.165744908674866e-08
3OAR4M6_REV_g.1274.peg.1677-MONOMER,0.0,-3.005384542828299e-07
3OAR4M6_FWD_g.1274.peg.1677-MONOMER,0.0,-1.943944960769698e-08
3OAR4M6_REV_g.1274.peg.4910-MONOMER,0.0,-3.334548998878796e-07
3OAR4M6_FWD_g.1274.peg.4910-MONOMER,0.0,-5.235589521274674e-08
3OAR5M6_REV_g.1274.peg.3618-MONOMER,0.0,-3.1818954429550577e-07
3OAR5M6_FWD_g.1274.peg.3618-MONOMER,0.0,-3.709053962037287e-08
3OAR5M6_REV_g.1274.peg.4480-MONOMER,0.0,-3.389117117899106e-07
3OAR5M6_FWD_g.1274.peg.4480-MONOMER,0.0,-5.781270711477771e-08
3OAR5M6_REV_g.1274.peg.6077-MONOMER,0.0,-3.0101126707768654e-07
3OAR5M6_FWD_g.1274.peg.6077-MONOMER,0.0,-1.9912262402553676e-08
3OAR5M6_REV_g.1274.peg.2236-MONOMER,0.0,-3.08502375930023e-07
3OAR5M6_FWD_g.1274.peg.2236-MONOMER,0.0,-2.7403371254890094e-08
3OAR5M6_REV_g.1274.peg.1924-MONOMER,0.0,-3.118711081043021e-07
3OAR5M6_FWD_g.1274.peg.1924-MONOMER,0.0,-3.077210342916921e-08
3OAR5M6_REV_g.1274.peg.1996-MONOMER,0.0,-3.358991199800239e-07
3OAR5M6_FWD_g.1274.peg.1996-MONOMER,0.0,-5.480011530489102e-08
3OAR5M6_REV_g.1274.peg.5717-MONOMER,0.0,-3.5895683623302685e-07
3OAR5M6_FWD_g.1274.peg.5717-MONOMER,0.0,-7.785783155789399e-08
3OAR5M6_REV_g.1274.peg.3821-MONOMER,0.0,-3.5639521902377855e-07
3OAR5M6_FWD_g.1274.peg.3821-MONOMER,0.0,-7.529621434864565e-08
3OAR5M6_REV_g.1274.peg.6121-MONOMER,0.0,-2.810990046751329e-07
3OAR5M6_FWD_g.1274.peg.6121-MONOMER,0.0027661825008820965,-4.8644000660558304e-36
3OAR5M6_REV_g.1274.peg.2167-MONOMER,0.0,-3.678572841541927e-07
3OAR5M6_FWD_g.1274.peg.2167-MONOMER,0.0,-8.675827947905985e-08
3OAR5M6_REV_g.1274.peg.3187-MONOMER,0.0,-3.1258149974426593e-07
3OAR5M6_FWD_g.1274.peg.3187-MONOMER,0.0,-3.148249506913304e-08
3OAR5M6_REV_g.1274.peg.4065-MONOMER,0.0,-3.618677866385574e-07
3OAR5M6_FWD_g.1274.peg.4065-MONOMER,0.0,-8.076878196342451e-08
3OAR5M6_REV_g.1274.peg.4394-MONOMER,0.0,-2.943182424705197e-07
3OAR5M6_FWD_g.1274.peg.4394-MONOMER,0.0,-1.3219237795386808e-08
3OAR5M6_REV_g.1274.peg.1862-MONOMER,0.0,-3.3048186281149595e-07
3OAR5M6_FWD_g.1274.peg.1862-MONOMER,0.0,-4.9382858136363054e-08
3OAR5M6_REV_g.1274.peg.5397-MONOMER,0.0,-3.2275645376188153e-07
3OAR5M6_FWD_g.1274.peg.5397-MONOMER,0.0,-4.165744908674866e-08
3OAR5M6_REV_g.1274.peg.1677-MONOMER,0.0,-3.005384542828299e-07
3OAR5M6_FWD_g.1274.peg.1677-MONOMER,0.0,-1.943944960769698e-08
3OAR5M6_REV_g.1274.peg.4910-MONOMER,0.0,-3.334548998878796e-07
3OAR5M6_FWD_g.1274.peg.4910-MONOMER,0.0,-5.235589521274674e-08
3OAR60_REV_g.1274.peg.3618-MONOMER,0.0,-3.278786358475794e-07
3OAR60_FWD_g.1274.peg.3618-MONOMER,0.0,-3.709053962037287e-08
3OAR60_REV_g.1274.peg.4480-MONOMER,0.0,-3.4860080334198424e-07
3OAR60_FWD_g.1274.peg.4480-MONOMER,0.0,-5.781270711477771e-08
3OAR60_REV_g.1274.peg.6077-MONOMER,0.0,-3.1070035862976023e-07
3OAR60_FWD_g.1274.peg.6077-MONOMER,0.0,-1.9912262402553676e-08
3OAR60_REV_g.1274.peg.2236-MONOMER,0.0,-3.1819146748209663e-07
3OAR60_FWD_g.1274.peg.2236-MONOMER,0.0,-2.7403371254890094e-08
3OAR60_REV_g.1274.peg.1924-MONOMER,0.0,-3.215601996563758e-07
3OAR60_FWD_g.1274.peg.1924-MONOMER,0.0,-3.077210342916921e-08
3OAR60_REV_g.1274.peg.1996-MONOMER,0.0,-3.4558821153209756e-07
3OAR60_FWD_g.1274.peg.1996-MONOMER,0.0,-5.480011530489102e-08
3OAR60_REV_g.1274.peg.5717-MONOMER,0.0,-3.6864592778510055e-07
3OAR60_FWD_g.1274.peg.5717-MONOMER,0.0,-7.785783155789399e-08
3OAR60_REV_g.1274.peg.3821-MONOMER,0.0,-3.660843105758522e-07
3OAR60_FWD_g.1274.peg.3821-MONOMER,0.0,-7.529621434864565e-08
3OAR60_REV_g.1274.peg.6121-MONOMER,0.0,-2.907880962272066e-07
3OAR60_FWD_g.1274.peg.6121-MONOMER,0.004873109063741834,5.67057788301188e-36
3OAR60_REV_g.1274.peg.2167-MONOMER,0.0,-3.775463757062664e-07
3OAR60_FWD_g.1274.peg.2167-MONOMER,0.0,-8.675827947905985e-08
3OAR60_REV_g.1274.peg.3187-MONOMER,0.0,-3.222705912963396e-07
3OAR60_FWD_g.1274.peg.3187-MONOMER,0.0,-3.148249506913304e-08
3OAR60_REV_g.1274.peg.4065-MONOMER,0.0,-3.715568781906311e-07
3OAR60_FWD_g.1274.peg.4065-MONOMER,0.0,-8.076878196342451e-08
3OAR60_REV_g.1274.peg.4394-MONOMER,0.0,-3.040073340225934e-07
3OAR60_FWD_g.1274.peg.4394-MONOMER,0.0,-1.3219237795386808e-08
3OAR60_REV_g.1274.peg.1862-MONOMER,0.0,-3.401709543635696e-07
3OAR60_FWD_g.1274.peg.1862-MONOMER,0.0,-4.9382858136363054e-08
3OAR60_REV_g.1274.peg.5397-MONOMER,0.0,-3.324455453139552e-07
3OAR60_FWD_g.1274.peg.5397-MONOMER,0.0,-4.165744908674866e-08
3OAR60_REV_g.1274.peg.1677-MONOMER,0.0,-3.102275458349035e-07
3OAR60_FWD_g.1274.peg.1677-MONOMER,0.0,-1.943944960769698e-08
3OAR60_REV_g.1274.peg.4910-MONOMER,0.0,-3.431439914399533e-07
3OAR60_FWD_g.1274.peg.4910-MONOMER,0.0,-5.235589521274674e-08
3OAR6M7_REV_g.1274.peg.3618-MONOMER,0.0,-3.709053962037287e-08
3OAR6M7_FWD_g.1274.peg.3618-MONOMER,0.0,-3.1818954429550577e-07
3OAR6M7_REV_g.1274.peg.4480-MONOMER,0.0,-5.781270711477771e-08
3OAR6M7_FWD_g.1274.peg.4480-MONOMER,0.0,-3.389117117899106e-07
3OAR6M7_REV_g.1274.peg.6077-MONOMER,0.0,-1.9912262402553676e-08
3OAR6M7_FWD_g.1274.peg.6077-MONOMER,0.0,-3.0101126707768654e-07
3OAR6M7_REV_g.1274.peg.2236-MONOMER,0.0,-2.7403371254890094e-08
3OAR6M7_FWD_g.1274.peg.2236-MONOMER,0.0,-3.08502375930023e-07
3OAR6M7_REV_g.1274.peg.1924-MONOMER,0.0,-3.077210342916921e-08
3OAR6M7_FWD_g.1274.peg.1924-MONOMER,0.0,-3.118711081043021e-07
3OAR6M7_REV_g.1274.peg.1996-MONOMER,0.0,-5.480011530489102e-08
3OAR6M7_FWD_g.1274.peg.1996-MONOMER,0.0,-3.358991199800239e-07
3OAR6M7_REV_g.1274.peg.5717-MONOMER,0.0,-7.785783155789399e-08
3OAR6M7_FWD_g.1274.peg.5717-MONOMER,0.0,-3.5895683623302685e-07
3OAR6M7_REV_g.1274.peg.3821-MONOMER,0.0,-7.529621434864565e-08
3OAR6M7_FWD_g.1274.peg.3821-MONOMER,0.0,-3.5639521902377855e-07
3OAR6M7_REV_g.1274.peg.6121-MONOMER,0.0,-9.743124294746361e-37
3OAR6M7_FWD_g.1274.peg.6121-MONOMER,0.0,-2.810990046751329e-07
3OAR6M7_REV_g.1274.peg.2167-MONOMER,0.0,-8.675827947905985e-08
3OAR6M7_FWD_g.1274.peg.2167-MONOMER,0.0,-3.678572841541927e-07
3OAR6M7_REV_g.1274.peg.3187-MONOMER,0.0,-3.148249506913304e-08
3OAR6M7_FWD_g.1274.peg.3187-MONOMER,0.0,-3.1258149974426593e-07
3OAR6M7_REV_g.1274.peg.4065-MONOMER,0.0,-8.076878196342451e-08
3OAR6M7_FWD_g.1274.peg.4065-MONOMER,0.0,-3.618677866385574e-07
3OAR6M7_REV_g.1274.peg.4394-MONOMER,0.0,-1.3219237795386808e-08
3OAR6M7_FWD_g.1274.peg.4394-MONOMER,0.0,-2.943182424705197e-07
3OAR6M7_REV_g.1274.peg.1862-MONOMER,0.0,-4.9382858136363054e-08
3OAR6M7_FWD_g.1274.peg.1862-MONOMER,0.0,-3.3048186281149595e-07
3OAR6M7_REV_g.1274.peg.5397-MONOMER,0.0,-4.165744908674866e-08
3OAR6M7_FWD_g.1274.peg.5397-MONOMER,0.0,-3.2275645376188153e-07
3OAR6M7_REV_g.1274.peg.1677-MONOMER,0.0,-1.943944960769698e-08
3OAR6M7_FWD_g.1274.peg.1677-MONOMER,0.0,-3.005384542828299e-07
3OAR6M7_REV_g.1274.peg.4910-MONOMER,0.0,-5.235589521274674e-08
3OAR6M7_FWD_g.1274.peg.4910-MONOMER,0.0,-3.334548998878796e-07
3OAR6M8_REV_g.1274.peg.3618-MONOMER,0.0,-3.1818954429550577e-07
3OAR6M8_FWD_g.1274.peg.3618-MONOMER,0.0,-3.709053962037287e-08
3OAR6M8_REV_g.1274.peg.4480-MONOMER,0.0,-3.389117117899106e-07
3OAR6M8_FWD_g.1274.peg.4480-MONOMER,0.0,-5.781270711477771e-08
3OAR6M8_REV_g.1274.peg.6077-MONOMER,0.0,-3.0101126707768654e-07
3OAR6M8_FWD_g.1274.peg.6077-MONOMER,0.0,-1.9912262402553676e-08
3OAR6M8_REV_g.1274.peg.2236-MONOMER,0.0,-3.08502375930023e-07
3OAR6M8_FWD_g.1274.peg.2236-MONOMER,0.0,-2.7403371254890094e-08
3OAR6M8_REV_g.1274.peg.1924-MONOMER,0.0,-3.118711081043021e-07
3OAR6M8_FWD_g.1274.peg.1924-MONOMER,0.0,-3.077210342916921e-08
3OAR6M8_REV_g.1274.peg.1996-MONOMER,0.0,-3.358991199800239e-07
3OAR6M8_FWD_g.1274.peg.1996-MONOMER,0.0,-5.480011530489102e-08
3OAR6M8_REV_g.1274.peg.5717-MONOMER,0.0,-3.5895683623302685e-07
3OAR6M8_FWD_g.1274.peg.5717-MONOMER,0.0,-7.785783155789399e-08
3OAR6M8_REV_g.1274.peg.3821-MONOMER,0.0,-3.5639521902377855e-07
3OAR6M8_FWD_g.1274.peg.3821-MONOMER,0.0,-7.529621434864565e-08
3OAR6M8_REV_g.1274.peg.6121-MONOMER,0.0,-2.810990046751329e-07
3OAR6M8_FWD_g.1274.peg.6121-MONOMER,0.0027661825008820965,1.5904368129247314e-35
3OAR6M8_REV_g.1274.peg.2167-MONOMER,0.0,-3.678572841541927e-07
3OAR6M8_FWD_g.1274.peg.2167-MONOMER,0.0,-8.675827947905985e-08
3OAR6M8_REV_g.1274.peg.3187-MONOMER,0.0,-3.1258149974426593e-07
3OAR6M8_FWD_g.1274.peg.3187-MONOMER,0.0,-3.148249506913304e-08
3OAR6M8_REV_g.1274.peg.4065-MONOMER,0.0,-3.618677866385574e-07
3OAR6M8_FWD_g.1274.peg.4065-MONOMER,0.0,-8.076878196342451e-08
3OAR6M8_REV_g.1274.peg.4394-MONOMER,0.0,-2.943182424705197e-07
3OAR6M8_FWD_g.1274.peg.4394-MONOMER,0.0,-1.3219237795386808e-08
3OAR6M8_REV_g.1274.peg.1862-MONOMER,0.0,-3.3048186281149595e-07
3OAR6M8_FWD_g.1274.peg.1862-MONOMER,0.0,-4.9382858136363054e-08
3OAR6M8_REV_g.1274.peg.5397-MONOMER,0.0,-3.2275645376188153e-07
3OAR6M8_FWD_g.1274.peg.5397-MONOMER,0.0,-4.165744908674866e-08
3OAR6M8_REV_g.1274.peg.1677-MONOMER,0.0,-3.005384542828299e-07
3OAR6M8_FWD_g.1274.peg.1677-MONOMER,0.0,-1.943944960769698e-08
3OAR6M8_REV_g.1274.peg.4910-MONOMER,0.0,-3.334548998878796e-07
3OAR6M8_FWD_g.1274.peg.4910-MONOMER,0.0,-5.235589521274674e-08
3OAR7M8_REV_g.1274.peg.3618-MONOMER,0.0,-3.1818954429550577e-07
3OAR7M8_FWD_g.1274.peg.3618-MONOMER,0.0,-3.709053962037287e-08
3OAR7M8_REV_g.1274.peg.4480-MONOMER,0.0,-3.389117117899106e-07
3OAR7M8_FWD_g.1274.peg.4480-MONOMER,0.0,-5.781270711477771e-08
3OAR7M8_REV_g.1274.peg.6077-MONOMER,0.0,-3.0101126707768654e-07
3OAR7M8_FWD_g.1274.peg.6077-MONOMER,0.0,-1.9912262402553676e-08
3OAR7M8_REV_g.1274.peg.2236-MONOMER,0.0,-3.08502375930023e-07
3OAR7M8_FWD_g.1274.peg.2236-MONOMER,0.0,-2.7403371254890094e-08
3OAR7M8_REV_g.1274.peg.1924-MONOMER,0.0,-3.118711081043021e-07
3OAR7M8_FWD_g.1274.peg.1924-MONOMER,0.0,-3.077210342916921e-08
3OAR7M8_REV_g.1274.peg.1996-MONOMER,0.0,-3.358991199800239e-07
3OAR7M8_FWD_g.1274.peg.1996-MONOMER,0.0,-5.480011530489102e-08
3OAR7M8_REV_g.1274.peg.5717-MONOMER,0.0,-3.5895683623302685e-07
3OAR7M8_FWD_g.1274.peg.5717-MONOMER,0.0,-7.785783155789399e-08
3OAR7M8_REV_g.1274.peg.3821-MONOMER,0.0,-3.5639521902377855e-07
3OAR7M8_FWD_g.1274.peg.3821-MONOMER,0.0,-7.529621434864565e-08
3OAR7M8_REV_g.1274.peg.6121-MONOMER,0.0,-2.810990046751329e-07
3OAR7M8_FWD_g.1274.peg.6121-MONOMER,0.0027661825008820965,7.596860851126056e-36
3OAR7M8_REV_g.1274.peg.2167-MONOMER,0.0,-3.678572841541927e-07
3OAR7M8_FWD_g.1274.peg.2167-MONOMER,0.0,-8.675827947905985e-08
3OAR7M8_REV_g.1274.peg.3187-MONOMER,0.0,-3.1258149974426593e-07
3OAR7M8_FWD_g.1274.peg.3187-MONOMER,0.0,-3.148249506913304e-08
3OAR7M8_REV_g.1274.peg.4065-MONOMER,0.0,-3.618677866385574e-07
3OAR7M8_FWD_g.1274.peg.4065-MONOMER,0.0,-8.076878196342451e-08
3OAR7M8_REV_g.1274.peg.4394-MONOMER,0.0,-2.943182424705197e-07
3OAR7M8_FWD_g.1274.peg.4394-MONOMER,0.0,-1.3219237795386808e-08
3OAR7M8_REV_g.1274.peg.1862-MONOMER,0.0,-3.3048186281149595e-07
3OAR7M8_FWD_g.1274.peg.1862-MONOMER,0.0,-4.9382858136363054e-08
3OAR7M8_REV_g.1274.peg.5397-MONOMER,0.0,-3.2275645376188153e-07
3OAR7M8_FWD_g.1274.peg.5397-MONOMER,0.0,-4.165744908674866e-08
3OAR7M8_REV_g.1274.peg.1677-MONOMER,0.0,-3.005384542828299e-07
3OAR7M8_FWD_g.1274.peg.1677-MONOMER,0.0,-1.943944960769698e-08
3OAR7M8_REV_g.1274.peg.4910-MONOMER,0.0,-3.334548998878796e-07
3OAR7M8_FWD_g.1274.peg.4910-MONOMER,0.0,-5.235589521274674e-08
3OAR80_REV_g.1274.peg.3618-MONOMER,0.0,-3.278790143494387e-07
3OAR80_FWD_g.1274.peg.3618-MONOMER,0.0,-3.709053962037287e-08
3OAR80_REV_g.1274.peg.4480-MONOMER,0.0,-3.4860118184384353e-07
3OAR80_FWD_g.1274.peg.4480-MONOMER,0.0,-5.781270711477771e-08
3OAR80_REV_g.1274.peg.6077-MONOMER,0.0,-3.107007371316195e-07
3OAR80_FWD_g.1274.peg.6077-MONOMER,0.0,-1.9912262402553676e-08
3OAR80_REV_g.1274.peg.2236-MONOMER,0.0,-3.181918459839559e-07
3OAR80_FWD_g.1274.peg.2236-MONOMER,0.0,-2.7403371254890094e-08
3OAR80_REV_g.1274.peg.1924-MONOMER,0.0,-3.2156057815823503e-07
3OAR80_FWD_g.1274.peg.1924-MONOMER,0.0,-3.077210342916921e-08
3OAR80_REV_g.1274.peg.1996-MONOMER,0.0,-3.4558859003395684e-07
3OAR80_FWD_g.1274.peg.1996-MONOMER,0.0,-5.480011530489102e-08
3OAR80_REV_g.1274.peg.5717-MONOMER,0.0,-3.6864630628695984e-07
3OAR80_FWD_g.1274.peg.5717-MONOMER,0.0,-7.785783155789399e-08
3OAR80_REV_g.1274.peg.3821-MONOMER,0.0,-3.660846890777115e-07
3OAR80_FWD_g.1274.peg.3821-MONOMER,0.0,-7.529621434864565e-08
3OAR80_REV_g.1274.peg.6121-MONOMER,0.0,-2.907884747290658e-07
3OAR80_FWD_g.1274.peg.6121-MONOMER,0.004873106358706672,-6.790683034170007e-36
3OAR80_REV_g.1274.peg.2167-MONOMER,0.0,-3.775467542081257e-07
3OAR80_FWD_g.1274.peg.2167-MONOMER,0.0,-8.675827947905985e-08
3OAR80_REV_g.1274.peg.3187-MONOMER,0.0,-3.2227096979819886e-07
3OAR80_FWD_g.1274.peg.3187-MONOMER,0.0,-3.148249506913304e-08
3OAR80_REV_g.1274.peg.4065-MONOMER,0.0,-3.7155725669249033e-07
3OAR80_FWD_g.1274.peg.4065-MONOMER,0.0,-8.076878196342451e-08
3OAR80_REV_g.1274.peg.4394-MONOMER,0.0,-3.040077125244526e-07
3OAR80_FWD_g.1274.peg.4394-MONOMER,0.0,-1.3219237795386808e-08
3OAR80_REV_g.1274.peg.1862-MONOMER,0.0,-3.401713328654289e-07
3OAR80_FWD_g.1274.peg.1862-MONOMER,0.0,-4.9382858136363054e-08
3OAR80_REV_g.1274.peg.5397-MONOMER,0.0,-3.324459238158145e-07
3OAR80_FWD_g.1274.peg.5397-MONOMER,0.0,-4.165744908674866e-08
3OAR80_REV_g.1274.peg.1677-MONOMER,0.0,-3.102279243367628e-07
3OAR80_FWD_g.1274.peg.1677-MONOMER,0.0,-1.943944960769698e-08
3OAR80_REV_g.1274.peg.4910-MONOMER,0.0,-3.4314436994181255e-07
3OAR80_FWD_g.1274.peg.4910-MONOMER,0.0,-5.235589521274674e-08
3OAR8M10_REV_g.1274.peg.3618-MONOMER,0.0,-3.1818954429550577e-07
3OAR8M10_FWD_g.1274.peg.3618-MONOMER,0.0,-3.709053962037287e-08
3OAR8M10_REV_g.1274.peg.4480-MONOMER,0.0,-3.389117117899106e-07
3OAR8M10_FWD_g.1274.peg.4480-MONOMER,0.0,-5.781270711477771e-08
3OAR8M10_REV_g.1274.peg.6077-MONOMER,0.0,-3.0101126707768654e-07
3OAR8M10_FWD_g.1274.peg.6077-MONOMER,0.0,-1.9912262402553676e-08
3OAR8M10_REV_g.1274.peg.2236-MONOMER,0.0,-3.08502375930023e-07
3OAR8M10_FWD_g.1274.peg.2236-MONOMER,0.0,-2.7403371254890094e-08
3OAR8M10_REV_g.1274.peg.1924-MONOMER,0.0,-3.118711081043021e-07
3OAR8M10_FWD_g.1274.peg.1924-MONOMER,0.0,-3.077210342916921e-08
3OAR8M10_REV_g.1274.peg.1996-MONOMER,0.0,-3.358991199800239e-07
3OAR8M10_FWD_g.1274.peg.1996-MONOMER,0.0,-5.480011530489102e-08
3OAR8M10_REV_g.1274.peg.5717-MONOMER,0.0,-3.5895683623302685e-07
3OAR8M10_FWD_g.1274.peg.5717-MONOMER,0.0,-7.785783155789399e-08
3OAR8M10_REV_g.1274.peg.3821-MONOMER,0.0,-3.5639521902377855e-07
3OAR8M10_FWD_g.1274.peg.3821-MONOMER,0.0,-7.529621434864565e-08
3OAR8M10_REV_g.1274.peg.6121-MONOMER,0.0,-2.810990046751329e-07
3OAR8M10_FWD_g.1274.peg.6121-MONOMER,0.0027661825008820965,7.596860851126056e-36
3OAR8M10_REV_g.1274.peg.2167-MONOMER,0.0,-3.678572841541927e-07
3OAR8M10_FWD_g.1274.peg.2167-MONOMER,0.0,-8.675827947905985e-08
3OAR8M10_REV_g.1274.peg.3187-MONOMER,0.0,-3.1258149974426593e-07
3OAR8M10_FWD_g.1274.peg.3187-MONOMER,0.0,-3.148249506913304e-08
3OAR8M10_REV_g.1274.peg.4065-MONOMER,0.0,-3.618677866385574e-07
3OAR8M10_FWD_g.1274.peg.4065-MONOMER,0.0,-8.076878196342451e-08
3OAR8M10_REV_g.1274.peg.4394-MONOMER,0.0,-2.943182424705197e-07
3OAR8M10_FWD_g.1274.peg.4394-MONOMER,0.0,-1.3219237795386808e-08
3OAR8M10_REV_g.1274.peg.1862-MONOMER,0.0,-3.3048186281149595e-07
3OAR8M10_FWD_g.1274.peg.1862-MONOMER,0.0,-4.9382858136363054e-08
3OAR8M10_REV_g.1274.peg.5397-MONOMER,0.0,-3.2275645376188153e-07
3OAR8M10_FWD_g.1274.peg.5397-MONOMER,0.0,-4.165744908674866e-08
3OAR8M10_REV_g.1274.peg.1677-MONOMER,0.0,-3.005384542828299e-07
3OAR8M10_FWD_g.1274.peg.1677-MONOMER,0.0,-1.943944960769698e-08
3OAR8M10_REV_g.1274.peg.4910-MONOMER,0.0,-3.334548998878796e-07
3OAR8M10_FWD_g.1274.peg.4910-MONOMER,0.0,-5.235589521274674e-08
3OAR8M9_REV_g.1274.peg.3618-MONOMER,0.0,-3.1818954429550577e-07
3OAR8M9_FWD_g.1274.peg.3618-MONOMER,0.0,-3.709053962037287e-08
3OAR8M9_REV_g.1274.peg.4480-MONOMER,0.0,-3.389117117899106e-07
3OAR8M9_FWD_g.1274.peg.4480-MONOMER,0.0,-5.781270711477771e-08
3OAR8M9_REV_g.1274.peg.6077-MONOMER,0.0,-3.0101126707768654e-07
3OAR8M9_FWD_g.1274.peg.6077-MONOMER,0.0,-1.9912262402553676e-08
3OAR8M9_REV_g.1274.peg.2236-MONOMER,0.0,-3.08502375930023e-07
3OAR8M9_FWD_g.1274.peg.2236-MONOMER,0.0,-2.7403371254890094e-08
3OAR8M9_REV_g.1274.peg.1924-MONOMER,0.0,-3.118711081043021e-07
3OAR8M9_FWD_g.1274.peg.1924-MONOMER,0.0,-3.077210342916921e-08
3OAR8M9_REV_g.1274.peg.1996-MONOMER,0.0,-3.358991199800239e-07
3OAR8M9_FWD_g.1274.peg.1996-MONOMER,0.0,-5.480011530489102e-08
3OAR8M9_REV_g.1274.peg.5717-MONOMER,0.0,-3.5895683623302685e-07
3OAR8M9_FWD_g.1274.peg.5717-MONOMER,0.0,-7.785783155789399e-08
3OAR8M9_REV_g.1274.peg.3821-MONOMER,0.0,-3.5639521902377855e-07
3OAR8M9_FWD_g.1274.peg.3821-MONOMER,0.0,-7.529621434864565e-08
3OAR8M9_REV_g.1274.peg.6121-MONOMER,0.0,-2.810990046751329e-07
3OAR8M9_FWD_g.1274.peg.6121-MONOMER,0.0,-1.002707229741652e-36
3OAR8M9_REV_g.1274.peg.2167-MONOMER,0.0,-3.678572841541927e-07
3OAR8M9_FWD_g.1274.peg.2167-MONOMER,0.0,-8.675827947905985e-08
3OAR8M9_REV_g.1274.peg.3187-MONOMER,0.0,-3.1258149974426593e-07
3OAR8M9_FWD_g.1274.peg.3187-MONOMER,0.0,-3.148249506913304e-08
3OAR8M9_REV_g.1274.peg.4065-MONOMER,0.0,-3.618677866385574e-07
3OAR8M9_FWD_g.1274.peg.4065-MONOMER,0.0,-8.076878196342451e-08
3OAR8M9_REV_g.1274.peg.4394-MONOMER,0.0,-2.943182424705197e-07
3OAR8M9_FWD_g.1274.peg.4394-MONOMER,0.0,-1.3219237795386808e-08
3OAR8M9_REV_g.1274.peg.1862-MONOMER,0.0,-3.3048186281149595e-07
3OAR8M9_FWD_g.1274.peg.1862-MONOMER,0.0,-4.9382858136363054e-08
3OAR8M9_REV_g.1274.peg.5397-MONOMER,0.0,-3.2275645376188153e-07
3OAR8M9_FWD_g.1274.peg.5397-MONOMER,0.0,-4.165744908674866e-08
3OAR8M9_REV_g.1274.peg.1677-MONOMER,0.0,-3.005384542828299e-07
3OAR8M9_FWD_g.1274.peg.1677-MONOMER,0.0,-1.943944960769698e-08
3OAR8M9_REV_g.1274.peg.4910-MONOMER,0.0,-3.334548998878796e-07
3OAR8M9_FWD_g.1274.peg.4910-MONOMER,0.0,-5.235589521274674e-08
3OAR9M10_REV_g.1274.peg.3618-MONOMER,0.0,-3.1818954429550577e-07
3OAR9M10_FWD_g.1274.peg.3618-MONOMER,0.0,-3.709053962037287e-08
3OAR9M10_REV_g.1274.peg.4480-MONOMER,0.0,-3.389117117899106e-07
3OAR9M10_FWD_g.1274.peg.4480-MONOMER,0.0,-5.781270711477771e-08
3OAR9M10_REV_g.1274.peg.6077-MONOMER,0.0,-3.0101126707768654e-07
3OAR9M10_FWD_g.1274.peg.6077-MONOMER,0.0,-1.9912262402553676e-08
3OAR9M10_REV_g.1274.peg.2236-MONOMER,0.0,-3.08502375930023e-07
3OAR9M10_FWD_g.1274.peg.2236-MONOMER,0.0,-2.7403371254890094e-08
3OAR9M10_REV_g.1274.peg.1924-MONOMER,0.0,-3.118711081043021e-07
3OAR9M10_FWD_g.1274.peg.1924-MONOMER,0.0,-3.077210342916921e-08
3OAR9M10_REV_g.1274.peg.1996-MONOMER,0.0,-3.358991199800239e-07
3OAR9M10_FWD_g.1274.peg.1996-MONOMER,0.0,-5.480011530489102e-08
3OAR9M10_REV_g.1274.peg.5717-MONOMER,0.0,-3.5895683623302685e-07
3OAR9M10_FWD_g.1274.peg.5717-MONOMER,0.0,-7.785783155789399e-08
3OAR9M10_REV_g.1274.peg.3821-MONOMER,0.0,-3.5639521902377855e-07
3OAR9M10_FWD_g.1274.peg.3821-MONOMER,0.0,-7.529621434864565e-08
3OAR9M10_REV_g.1274.peg.6121-MONOMER,0.0,-2.810990046751329e-07
3OAR9M10_FWD_g.1274.peg.6121-MONOMER,0.0027661825008820965,7.596860851126056e-36
3OAR9M10_REV_g.1274.peg.2167-MONOMER,0.0,-3.678572841541927e-07
3OAR9M10_FWD_g.1274.peg.2167-MONOMER,0.0,-8.675827947905985e-08
3OAR9M10_REV_g.1274.peg.3187-MONOMER,0.0,-3.1258149974426593e-07
3OAR9M10_FWD_g.1274.peg.3187-MONOMER,0.0,-3.148249506913304e-08
3OAR9M10_REV_g.1274.peg.4065-MONOMER,0.0,-3.618677866385574e-07
3OAR9M10_FWD_g.1274.peg.4065-MONOMER,0.0,-8.076878196342451e-08
3OAR9M10_REV_g.1274.peg.4394-MONOMER,0.0,-2.943182424705197e-07
3OAR9M10_FWD_g.1274.peg.4394-MONOMER,0.0,-1.3219237795386808e-08
3OAR9M10_REV_g.1274.peg.1862-MONOMER,0.0,-3.3048186281149595e-07
3OAR9M10_FWD_g.1274.peg.1862-MONOMER,0.0,-4.9382858136363054e-08
3OAR9M10_REV_g.1274.peg.5397-MONOMER,0.0,-3.2275645376188153e-07
3OAR9M10_FWD_g.1274.peg.5397-MONOMER,0.0,-4.165744908674866e-08
3OAR9M10_REV_g.1274.peg.1677-MONOMER,0.0,-3.005384542828299e-07
3OAR9M10_FWD_g.1274.peg.1677-MONOMER,0.0,-1.943944960769698e-08
3OAR9M10_REV_g.1274.peg.4910-MONOMER,0.0,-3.334548998878796e-07
3OAR9M10_FWD_g.1274.peg.4910-MONOMER,0.0,-5.235589521274674e-08
3OAS100_REV_CPLX_3OAS100-0,0.0,-4.965684652342555e-07
3OAS100_FWD_CPLX_3OAS100-0,0.0,-1.7634153112878092e-08
3OAS100_REV_CPLX_3OAS100-3,0.0,-5.028600022680493e-07
3OAS100_FWD_CPLX_3OAS100-3,0.0,-2.3925690146671883e-08
3OAS100_REV_g.1274.peg.715-MONOMER,0.0,-5.063403395207637e-07
3OAS100_FWD_g.1274.peg.715-MONOMER,0.0,-2.740602739938628e-08
3OAS100_REV_CPLX_3OAS100-1,0.0,-4.789343121213774e-07
3OAS100_FWD_CPLX_3OAS100-1,0.004873104329931287,2.7935767409025558e-36
3OAS100_REV_CPLX_3OAS100-2,0.0,-5.198911894953217e-07
3OAS100_FWD_CPLX_3OAS100-2,0.0,-4.095687737394426e-08
3OAS10M11_REV_CPLX_3OAS100-3,0.0,-4.931702981999222e-07
3OAS10M11_FWD_CPLX_3OAS100-3,0.0,-2.3925690146671883e-08
3OAS10M11_REV_CPLX_3OAS100-1,0.0,-4.692446080532503e-07
3OAS10M11_FWD_CPLX_3OAS100-1,0.0,-1.0358645779380247e-36
3OAS10M11_REV_CPLX_3OAS100-0,0.0,-4.868787611661284e-07
3OAS10M11_FWD_CPLX_3OAS100-0,0.0,-1.7634153112878092e-08
3OAS10M11_REV_CPLX_3OAS100-2,0.0,-5.102014854271946e-07
3OAS10M11_FWD_CPLX_3OAS100-2,0.0,-4.095687737394426e-08
3OAS10M12_REV_CPLX_3OAS100-3,0.0,-4.931702981999222e-07
3OAS10M12_FWD_CPLX_3OAS100-3,0.0,-2.3925690146671883e-08
3OAS10M12_REV_CPLX_3OAS100-1,0.0,-4.692446080532503e-07
3OAS10M12_FWD_CPLX_3OAS100-1,0.0027661825008820965,2.7935767409025558e-36
3OAS10M12_REV_CPLX_3OAS100-0,0.0,-4.868787611661284e-07
3OAS10M12_FWD_CPLX_3OAS100-0,0.0,-1.7634153112878092e-08
3OAS10M12_REV_CPLX_3OAS100-2,0.0,-5.102014854271946e-07
3OAS10M12_FWD_CPLX_3OAS100-2,0.0,-4.095687737394426e-08
3OAS11M12_REV_CPLX_3OAS100-3,0.0,-4.931702981999222e-07
3OAS11M12_FWD_CPLX_3OAS100-3,0.0,-2.3925690146671883e-08
3OAS11M12_REV_CPLX_3OAS100-1,0.0,-4.692446080532503e-07
3OAS11M12_FWD_CPLX_3OAS100-1,0.0027661825008820965,2.7935767409025558e-36
3OAS11M12_REV_CPLX_3OAS100-0,0.0,-4.868787611661284e-07
3OAS11M12_FWD_CPLX_3OAS100-0,0.0,-1.7634153112878092e-08
3OAS11M12_REV_CPLX_3OAS100-2,0.0,-5.102014854271946e-07
3OAS11M12_FWD_CPLX_3OAS100-2,0.0,-4.095687737394426e-08
3OAS120_REV_CPLX_3OAS100-0,0.0,-4.965688437364825e-07
3OAS120_FWD_CPLX_3OAS100-0,0.0,-1.7634153112878092e-08
3OAS120_REV_CPLX_3OAS100-3,0.0,-5.028603807702763e-07
3OAS120_FWD_CPLX_3OAS100-3,0.0,-2.3925690146671883e-08
3OAS120_REV_g.1274.peg.715-MONOMER,0.0,-5.063407180229907e-07
3OAS120_FWD_g.1274.peg.715-MONOMER,0.0,-2.740602739938628e-08
3OAS120_REV_CPLX_3OAS100-1,0.0,-4.789346906236044e-07
3OAS120_FWD_CPLX_3OAS100-1,0.004873101624898752,6.623018059743137e-36
3OAS120_REV_CPLX_3OAS100-2,0.0,-5.198915679975487e-07
3OAS120_FWD_CPLX_3OAS100-2,0.0,-4.095687737394426e-08
3OAS121_REV_CPLX_dummy,0.0,-2.872357108177728e-07
3OAS121_FWD_CPLX_dummy,0.0,2.8900980155381405e-36
3OAS12M13_REV_CPLX_3OAS100-3,0.0,-4.931702981999222e-07
3OAS12M13_FWD_CPLX_3OAS100-3,0.0,-2.3925690146671883e-08
3OAS12M13_REV_CPLX_3OAS100-1,0.0,-4.692446080532503e-07
3OAS12M13_FWD_CPLX_3OAS100-1,0.0,2.7935767409025558e-36
3OAS12M13_REV_CPLX_3OAS100-0,0.0,-4.868787611661284e-07
3OAS12M13_FWD_CPLX_3OAS100-0,0.0,-1.7634153112878092e-08
3OAS12M13_REV_CPLX_3OAS100-2,0.0,-5.102014854271946e-07
3OAS12M13_FWD_CPLX_3OAS100-2,0.0,-4.095687737394426e-08
3OAS12M14_REV_CPLX_3OAS100-3,0.0,-4.931702981999222e-07
3OAS12M14_FWD_CPLX_3OAS100-3,0.0,-2.3925690146671883e-08
3OAS12M14_REV_CPLX_3OAS100-1,0.0,-4.692446080532503e-07
3OAS12M14_FWD_CPLX_3OAS100-1,0.0027661825008820965,2.7935767409025558e-36
3OAS12M14_REV_CPLX_3OAS100-0,0.0,-4.868787611661284e-07
3OAS12M14_FWD_CPLX_3OAS100-0,0.0,-1.7634153112878092e-08
3OAS12M14_REV_CPLX_3OAS100-2,0.0,-5.102014854271946e-07
3OAS12M14_FWD_CPLX_3OAS100-2,0.0,-4.095687737394426e-08
3OAS13M14_REV_CPLX_3OAS100-3,0.0,-4.931702981999222e-07
3OAS13M14_FWD_CPLX_3OAS100-3,0.0,-2.3925690146671883e-08
3OAS13M14_REV_CPLX_3OAS100-1,0.0,-4.692446080532503e-07
3OAS13M14_FWD_CPLX_3OAS100-1,0.0027661825008820965,2.7935767409025558e-36
3OAS13M14_REV_CPLX_3OAS100-0,0.0,-4.868787611661284e-07
3OAS13M14_FWD_CPLX_3OAS100-0,0.0,-1.7634153112878092e-08
3OAS13M14_REV_CPLX_3OAS100-2,0.0,-5.102014854271946e-07
3OAS13M14_FWD_CPLX_3OAS100-2,0.0,-4.095687737394426e-08
3OAS140_REV_CPLX_3OAS100-0,0.0,-4.965692222389196e-07
3OAS140_FWD_CPLX_3OAS100-0,0.0,-1.7634153112878092e-08
3OAS140_REV_CPLX_3OAS100-3,0.0,-5.028607592727133e-07
3OAS140_FWD_CPLX_3OAS100-3,0.0,-2.3925690146671883e-08
3OAS140_REV_g.1274.peg.715-MONOMER,0.0,-5.063410965254278e-07
3OAS140_FWD_g.1274.peg.715-MONOMER,0.0,-2.740602739938628e-08
3OAS140_REV_CPLX_3OAS100-1,0.0,-4.789350691260415e-07
3OAS140_FWD_CPLX_3OAS100-1,0.004060915991975602,-1.0358645779380247e-36
3OAS140_REV_CPLX_3OAS100-2,0.0,-5.198919464999858e-07
3OAS140_FWD_CPLX_3OAS100-2,0.0,-4.095687737394426e-08
3OAS141_REV_CPLX_dummy,0.0,-2.8723579643952933e-07
3OAS141_FWD_CPLX_dummy,0.0,2.8900980155381405e-36
3OAS160_REV_CPLX_3OAS100-0,0.0,-4.965696007415667e-07
3OAS160_FWD_CPLX_3OAS100-0,0.0,-1.7634153112878092e-08
3OAS160_REV_CPLX_3OAS100-3,0.0,-5.028611377753606e-07
3OAS160_FWD_CPLX_3OAS100-3,0.0,-2.3925690146671883e-08
3OAS160_REV_g.1274.peg.715-MONOMER,0.0,-5.063414750280749e-07
3OAS160_FWD_g.1274.peg.715-MONOMER,0.0,-2.740602739938628e-08
3OAS160_REV_CPLX_3OAS100-1,0.0,-4.789354476286886e-07
3OAS160_FWD_CPLX_3OAS100-1,-9.124814075481608e-24,-1.0358645779380247e-36
3OAS160_REV_CPLX_3OAS100-2,0.0,-5.198923250026329e-07
3OAS160_FWD_CPLX_3OAS100-2,0.0,-4.095687737394426e-08
3OAS161_REV_CPLX_dummy,0.0,-2.920795396038076e-07
3OAS161_FWD_CPLX_dummy,0.0,6.687092252979905e-36
3OAS180_REV_CPLX_3OAS100-3,0.0,-5.028583291702461e-07
3OAS180_FWD_CPLX_3OAS100-3,0.0,-2.3925690146671883e-08
3OAS180_REV_CPLX_3OAS100-1,0.0,-4.789326390235742e-07
3OAS180_FWD_CPLX_3OAS100-1,-9.12481154291591e-24,-1.0358645779380247e-36
3OAS180_REV_CPLX_3OAS100-0,0.0,-4.965667921364523e-07
3OAS180_FWD_CPLX_3OAS100-0,0.0,-1.7634153112878092e-08
3OAS180_REV_CPLX_3OAS100-2,0.0,-5.198895163975185e-07
3OAS180_FWD_CPLX_3OAS100-2,0.0,-4.095687737394426e-08
3OAS181_REV_CPLX_dummy,0.0,-2.9692354499743395e-07
3OAS181_FWD_CPLX_dummy,0.0,6.687092252979905e-36
3OAS2M3_REV_CPLX_3OAS100-3,0.0,-4.931702981999222e-07
3OAS2M3_FWD_CPLX_3OAS100-3,0.0,-2.3925690146671883e-08
3OAS2M3_REV_CPLX_3OAS100-1,0.0,-4.692446080532503e-07
3OAS2M3_FWD_CPLX_3OAS100-1,0.0,6.623018059743137e-36
3OAS2M3_REV_CPLX_3OAS100-0,0.0,-4.868787611661284e-07
3OAS2M3_FWD_CPLX_3OAS100-0,0.0,-1.7634153112878092e-08
3OAS2M3_REV_CPLX_3OAS100-2,0.0,-5.102014854271946e-07
3OAS2M3_FWD_CPLX_3OAS100-2,0.0,-4.095687737394426e-08
3OAS3M4_REV_CPLX_3OAS100-3,0.0,-4.931702981999222e-07
3OAS3M4_FWD_CPLX_3OAS100-3,0.0,-2.3925690146671883e-08
3OAS3M4_REV_CPLX_3OAS100-1,0.0,-4.692446080532503e-07
3OAS3M4_FWD_CPLX_3OAS100-1,0.0027661825008820965,6.623018059743137e-36
3OAS3M4_REV_CPLX_3OAS100-0,0.0,-4.868787611661284e-07
3OAS3M4_FWD_CPLX_3OAS100-0,0.0,-1.7634153112878092e-08
3OAS3M4_REV_CPLX_3OAS100-2,0.0,-5.102014854271946e-07
3OAS3M4_FWD_CPLX_3OAS100-2,0.0,-4.095687737394426e-08
3OAS4M3O6_REV_CPLX_3OAS100-3,0.0,-4.931702981999222e-07
3OAS4M3O6_FWD_CPLX_3OAS100-3,0.0,-2.3925690146671883e-08
3OAS4M3O6_REV_CPLX_3OAS100-1,0.0,-4.692446080532503e-07
3OAS4M3O6_FWD_CPLX_3OAS100-1,0.0027661825008820965,2.7935767409025558e-36
3OAS4M3O6_REV_CPLX_3OAS100-0,0.0,-4.868787611661284e-07
3OAS4M3O6_FWD_CPLX_3OAS100-0,0.0,-1.7634153112878092e-08
3OAS4M3O6_REV_CPLX_3OAS100-2,0.0,-5.102014854271946e-07
3OAS4M3O6_FWD_CPLX_3OAS100-2,0.0,-4.095687737394426e-08
3OAS4M5_REV_CPLX_3OAS100-3,0.0,-4.931702981999222e-07
3OAS4M5_FWD_CPLX_3OAS100-3,0.0,-2.3925690146671883e-08
3OAS4M5_REV_CPLX_3OAS100-1,0.0,-4.692446080532503e-07
3OAS4M5_FWD_CPLX_3OAS100-1,0.0,-1.0358645779380247e-36
3OAS4M5_REV_CPLX_3OAS100-0,0.0,-4.868787611661284e-07
3OAS4M5_FWD_CPLX_3OAS100-0,0.0,-1.7634153112878092e-08
3OAS4M5_REV_CPLX_3OAS100-2,0.0,-5.102014854271946e-07
3OAS4M5_FWD_CPLX_3OAS100-2,0.0,-4.095687737394426e-08
3OAS4M6_REV_CPLX_3OAS100-3,0.0,-4.931702981999222e-07
3OAS4M6_FWD_CPLX_3OAS100-3,0.0,-2.3925690146671883e-08
3OAS4M6_REV_CPLX_3OAS100-1,0.0,-4.692446080532503e-07
3OAS4M6_FWD_CPLX_3OAS100-1,0.0027661825008820965,-1.0358645779380247e-36
3OAS4M6_REV_CPLX_3OAS100-0,0.0,-4.868787611661284e-07
3OAS4M6_FWD_CPLX_3OAS100-0,0.0,-1.7634153112878092e-08
3OAS4M6_REV_CPLX_3OAS100-2,0.0,-5.102014854271946e-07
3OAS4M6_FWD_CPLX_3OAS100-2,0.0,-4.095687737394426e-08
3OAS5M6_REV_CPLX_3OAS100-3,0.0,-4.931702981999222e-07
3OAS5M6_FWD_CPLX_3OAS100-3,0.0,-2.3925690146671883e-08
3OAS5M6_REV_CPLX_3OAS100-1,0.0,-4.692446080532503e-07
3OAS5M6_FWD_CPLX_3OAS100-1,0.0027661825008820965,2.7935767409025558e-36
3OAS5M6_REV_CPLX_3OAS100-0,0.0,-4.868787611661284e-07
3OAS5M6_FWD_CPLX_3OAS100-0,0.0,-1.7634153112878092e-08
3OAS5M6_REV_CPLX_3OAS100-2,0.0,-5.102014854271946e-07
3OAS5M6_FWD_CPLX_3OAS100-2,0.0,-4.095687737394426e-08
3OAS60_REV_CPLX_3OAS100-0,0.0,-4.965677082304319e-07
3OAS60_FWD_CPLX_3OAS100-0,0.0,-1.7634153112878092e-08
3OAS60_REV_CPLX_3OAS100-3,0.0,-5.028592452642257e-07
3OAS60_FWD_CPLX_3OAS100-3,0.0,-2.3925690146671883e-08
3OAS60_REV_g.1274.peg.715-MONOMER,0.0,-5.063395825169402e-07
3OAS60_FWD_g.1274.peg.715-MONOMER,0.0,-2.740602739938628e-08
3OAS60_REV_CPLX_3OAS100-1,0.0,-4.789335551175539e-07
3OAS60_FWD_CPLX_3OAS100-1,0.00487310974000086,2.7935767409025558e-36
3OAS60_REV_CPLX_3OAS100-2,0.0,-5.198904324914982e-07
3OAS60_FWD_CPLX_3OAS100-2,0.0,-4.095687737394426e-08
3OAS6M7_REV_CPLX_3OAS100-3,0.0,-4.931702981999222e-07
3OAS6M7_FWD_CPLX_3OAS100-3,0.0,-2.3925690146671883e-08
3OAS6M7_REV_CPLX_3OAS100-1,0.0,-4.692446080532503e-07
3OAS6M7_FWD_CPLX_3OAS100-1,0.0,-1.0358645779380247e-36
3OAS6M7_REV_CPLX_3OAS100-0,0.0,-4.868787611661284e-07
3OAS6M7_FWD_CPLX_3OAS100-0,0.0,-1.7634153112878092e-08
3OAS6M7_REV_CPLX_3OAS100-2,0.0,-5.102014854271946e-07
3OAS6M7_FWD_CPLX_3OAS100-2,0.0,-4.095687737394426e-08
3OAS6M8_REV_CPLX_3OAS100-3,0.0,-4.931702981999222e-07
3OAS6M8_FWD_CPLX_3OAS100-3,0.0,-2.3925690146671883e-08
3OAS6M8_REV_CPLX_3OAS100-1,0.0,-4.692446080532503e-07
3OAS6M8_FWD_CPLX_3OAS100-1,0.0027661825008820965,2.7935767409025558e-36
3OAS6M8_REV_CPLX_3OAS100-0,0.0,-4.868787611661284e-07
3OAS6M8_FWD_CPLX_3OAS100-0,0.0,-1.7634153112878092e-08
3OAS6M8_REV_CPLX_3OAS100-2,0.0,-5.102014854271946e-07
3OAS6M8_FWD_CPLX_3OAS100-2,0.0,-4.095687737394426e-08
3OAS7M8_REV_CPLX_3OAS100-3,0.0,-4.931702981999222e-07
3OAS7M8_FWD_CPLX_3OAS100-3,0.0,-2.3925690146671883e-08
3OAS7M8_REV_CPLX_3OAS100-1,0.0,-4.692446080532503e-07
3OAS7M8_FWD_CPLX_3OAS100-1,0.0027661825008820965,2.7935767409025558e-36
3OAS7M8_REV_CPLX_3OAS100-0,0.0,-4.868787611661284e-07
3OAS7M8_FWD_CPLX_3OAS100-0,0.0,-1.7634153112878092e-08
3OAS7M8_REV_CPLX_3OAS100-2,0.0,-5.102014854271946e-07
3OAS7M8_FWD_CPLX_3OAS100-2,0.0,-4.095687737394426e-08
3OAS80_REV_CPLX_3OAS100-0,0.0,-4.965680867322387e-07
3OAS80_FWD_CPLX_3OAS100-0,0.0,-1.7634153112878092e-08
3OAS80_REV_CPLX_3OAS100-3,0.0,-5.028596237660325e-07
3OAS80_FWD_CPLX_3OAS100-3,0.0,-2.3925690146671883e-08
3OAS80_REV_g.1274.peg.715-MONOMER,0.0,-5.063399610187469e-07
3OAS80_FWD_g.1274.peg.715-MONOMER,0.0,-2.740602739938628e-08
3OAS80_REV_CPLX_3OAS100-1,0.0,-4.789339336193606e-07
3OAS80_FWD_CPLX_3OAS100-1,0.004873107034965322,2.7935767409025558e-36
3OAS80_REV_CPLX_3OAS100-2,0.0,-5.198908109933048e-07
3OAS80_FWD_CPLX_3OAS100-2,0.0,-4.095687737394426e-08
3OAS8M10_REV_CPLX_3OAS100-3,0.0,-4.931702981999222e-07
3OAS8M10_FWD_CPLX_3OAS100-3,0.0,-2.3925690146671883e-08
3OAS8M10_REV_CPLX_3OAS100-1,0.0,-4.692446080532503e-07
3OAS8M10_FWD_CPLX_3OAS100-1,0.0027661825008820965,2.7935767409025558e-36
3OAS8M10_REV_CPLX_3OAS100-0,0.0,-4.868787611661284e-07
3OAS8M10_FWD_CPLX_3OAS100-0,0.0,-1.7634153112878092e-08
3OAS8M10_REV_CPLX_3OAS100-2,0.0,-5.102014854271946e-07
3OAS8M10_FWD_CPLX_3OAS100-2,0.0,-4.095687737394426e-08
3OAS8M9_REV_CPLX_3OAS100-3,0.0,-4.931702981999222e-07
3OAS8M9_FWD_CPLX_3OAS100-3,0.0,-2.3925690146671883e-08
3OAS8M9_REV_CPLX_3OAS100-1,0.0,-4.692446080532503e-07
3OAS8M9_FWD_CPLX_3OAS100-1,0.0,-1.0358645779380247e-36
3OAS8M9_REV_CPLX_3OAS100-0,0.0,-4.868787611661284e-07
3OAS8M9_FWD_CPLX_3OAS100-0,0.0,-1.7634153112878092e-08
3OAS8M9_REV_CPLX_3OAS100-2,0.0,-5.102014854271946e-07
3OAS8M9_FWD_CPLX_3OAS100-2,0.0,-4.095687737394426e-08
3OAS9M10_REV_CPLX_3OAS100-3,0.0,-4.931702981999222e-07
3OAS9M10_FWD_CPLX_3OAS100-3,0.0,-2.3925690146671883e-08
3OAS9M10_REV_CPLX_3OAS100-1,0.0,-4.692446080532503e-07
3OAS9M10_FWD_CPLX_3OAS100-1,0.0027661825008820965,-1.0358645779380247e-36
3OAS9M10_REV_CPLX_3OAS100-0,0.0,-4.868787611661284e-07
3OAS9M10_FWD_CPLX_3OAS100-0,0.0,-1.7634153112878092e-08
3OAS9M10_REV_CPLX_3OAS100-2,0.0,-5.102014854271946e-07
3OAS9M10_FWD_CPLX_3OAS100-2,0.0,-4.095687737394426e-08
3OXCOAT_REV_CPLX_dummy,0.0,-2.7754725626437756e-07
3OXCOAT_FWD_CPLX_dummy,0.0,5.483923881464911e-40
4ABZt2_REV_CPLX_dummy,0.0,-2.7754725626437756e-07
4ABZt2_FWD_CPLX_dummy,0.00030165820273694865,-1.409160481881252e-41
4C2HM6SADH_REV_g.1274.peg.775-MONOMER,0.0,-1.7873473234604565e-07
4C2HM6SADH_FWD_g.1274.peg.775-MONOMER,0.0,-1.5693973958797404e-07
4HBZCL_REV_g.1274.peg.4248-MONOMER,0.0,-3.4316990312759024e-41
4HBZCL_FWD_g.1274.peg.4248-MONOMER,0.0,-2.57031559264824e-07
4HP34DHPD_REV_g.1274.peg.2056-MONOMER,0.0,-2.3859702511039453e-07
4HP34DHPD_FWD_g.1274.peg.2056-MONOMER,0.0,-3.044620622234339e-08
4HP34DHPD_REV_g.1274.peg.2588-MONOMER,0.0,-2.0815081888805115e-07
4HP34DHPD_FWD_g.1274.peg.2588-MONOMER,0.0,8.595126944593766e-40
4HPROI_REV_g.1274.peg.4967-MONOMER,0.0,-7.80345849442377e-42
4HPROI_FWD_g.1274.peg.4967-MONOMER,0.0,-1.3385133068092031e-07
4HTHRS_REV_g.1274.peg.4347-MONOMER,0.0,-2.6249132632870925e-07
4HTHRS_FWD_g.1274.peg.4347-MONOMER,0.0,-7.546411104413478e-40
4NTPPH2_REV_g.1274.peg.5634-MONOMER,0.0,-4.317759551732638e-07
4NTPPH2_FWD_g.1274.peg.5634-MONOMER,0.0,0.0
4NTPPH2_REV_g.1274.peg.5043-MONOMER_mod_zn2(1)_mod_mg2(1),0.0,-4.830271105064182e-07
4NTPPH2_FWD_g.1274.peg.5043-MONOMER_mod_zn2(1)_mod_mg2(1),0.0,-5.125115533315443e-08
4NTPPH2_REV_g.1274.peg.4669-MONOMER,0.0,-4.36716505817479e-07
4NTPPH2_FWD_g.1274.peg.4669-MONOMER,0.0,-4.940550644215218e-09
5AIZCDC_REV_g.1274.peg.910-MONOMER,0.0,-3.5940827625689674e-07
5AIZCDC_FWD_g.1274.peg.910-MONOMER,0.0,-9.624013903945083e-40
5C2O3EDDC_REV_g.1274.peg.538-MONOMER,0.0,-2.6150396391155635e-07
5C2O3EDDC_FWD_g.1274.peg.538-MONOMER,0.0,-4.1924346983518076e-08
5C2O3EDDC_REV_g.1274.peg.660-MONOMER,0.0,-2.1957961692803828e-07
5C2O3EDDC_FWD_g.1274.peg.660-MONOMER,-2.757797194004731e-25,-1.7051606810667953e-41
5CM2HMUDI_REV_g.1274.peg.314-MONOMER,0.0,0.0
5CM2HMUDI_FWD_g.1274.peg.314-MONOMER,0.0,-2.3744813231161977e-07
5DGCLURI_REV_g.1274.peg.810-MONOMER,0.0,-2.054463332303695e-40
5DGCLURI_FWD_g.1274.peg.810-MONOMER,0.0,-2.4319708213315947e-07
5DOAN_REV_CPLX_dummy,0.0,-2.7754725626437756e-07
5DOAN_FWD_CPLX_dummy,0.0,1.8967415780404816e-31
5GLUP5T1_REV_g.1274.peg.3613-MONOMER,0.0,-3.266860874731707e-09
5GLUP5T1_FWD_g.1274.peg.3613-MONOMER,0.0,-3.7499736327663273e-07
5GLUP5T1_REV_g.1274.peg.5191-MONOMER,0.0,-5.307816580761464e-08
5GLUP5T1_FWD_g.1274.peg.5191-MONOMER,0.0,-4.2480866820951565e-07
5GLUP5T1_REV_g.1274.peg.1152-MONOMER,0.0,-5.029538120450934e-08
5GLUP5T1_FWD_g.1274.peg.1152-MONOMER,0.0,-4.2202588360641034e-07
5GLUP5T1_REV_g.1274.peg.204-MONOMER,0.0,-9.47633216388674e-08
5GLUP5T1_FWD_g.1274.peg.204-MONOMER,0.0,-4.664938240407684e-07
5GLUP5T1_REV_g.1274.peg.3639-MONOMER,0.0,-5.608558449414864e-41
5GLUP5T1_FWD_g.1274.peg.3639-MONOMER,0.0,-3.71730502401901e-07
5GLUP5T2_REV_g.1274.peg.3613-MONOMER,0.0,-3.7499736327663273e-07
5GLUP5T2_FWD_g.1274.peg.3613-MONOMER,0.0,-3.266860874731707e-09
5GLUP5T2_REV_g.1274.peg.5191-MONOMER,0.0,-4.2480866820951565e-07
5GLUP5T2_FWD_g.1274.peg.5191-MONOMER,0.0,-5.307816580761464e-08
5GLUP5T2_REV_g.1274.peg.1152-MONOMER,0.0,-4.2202588360641034e-07
5GLUP5T2_FWD_g.1274.peg.1152-MONOMER,0.0,-5.029538120450934e-08
5GLUP5T2_REV_g.1274.peg.204-MONOMER,0.0,-4.664938240407684e-07
5GLUP5T2_FWD_g.1274.peg.204-MONOMER,0.0,-9.47633216388674e-08
5GLUP5T2_REV_g.1274.peg.3639-MONOMER,0.0,-3.71730502401901e-07
5GLUP5T2_FWD_g.1274.peg.3639-MONOMER,0.0,1.8695194831382878e-41
5HLTDL_REV_g.1274.peg.1527-MONOMER_mod_mg2(1),0.0,-4.1498023535090757e-07
5HLTDL_FWD_g.1274.peg.1527-MONOMER_mod_mg2(1),0.0,-3.6186730075635373e-41
5HTRPt2_REV_CPLX_dummy,0.0,2.0415987527248718e-07
5HTRPt2_FWD_CPLX_dummy,0.0,-4.817071315368647e-07
5HXKYNDCL_REV_g.1274.peg.1527-MONOMER_mod_mg2(1),0.0,-4.1498023535090757e-07
5HXKYNDCL_FWD_g.1274.peg.1527-MONOMER_mod_mg2(1),0.0,-3.6186730075635373e-41
5MTAte_REV_CPLX_dummy,0.00010055273424564956,1.9329365977814357e-41
5MTAte_FWD_CPLX_dummy,0.0,-2.7754725626437756e-07
5MTHCYST_REV_g.1274.peg.1335-MONOMER,0.0,3.3253147388019765e-41
5MTHCYST_FWD_g.1274.peg.1335-MONOMER,0.0,-2.0623092000235535e-07
A5PISO_REV_g.1274.peg.5222-MONOMER,0.0,-5.484069828164312e-07
A5PISO_FWD_g.1274.peg.5222-MONOMER,0.002436548783676352,-3.150753369981087e-41
AACGLYDH_REV_g.1274.peg.2851-MONOMER,0.0,-3.882056195571194e-08
AACGLYDH_FWD_g.1274.peg.2851-MONOMER,0.0,-3.812557085028723e-07
AACGLYDH_REV_g.1274.peg.5917-MONOMER_mod_mg2(1),0.0,-7.30574898817734e-08
AACGLYDH_FWD_g.1274.peg.5917-MONOMER_mod_mg2(1),0.0,-4.1549263642893373e-07
AACGLYDH_REV_g.1274.peg.2033-MONOMER,0.0,-5.079434351395671e-08
AACGLYDH_FWD_g.1274.peg.2033-MONOMER,0.0,-3.9322949006111706e-07
AACGLYDH_REV_g.1274.peg.6055-MONOMER,0.0,7.70411632571561e-40
AACGLYDH_FWD_g.1274.peg.6055-MONOMER,0.0,-3.4243514654716037e-07
AACGLYDH_REV_g.1274.peg.4977-MONOMER,0.0,-1.6572741867952797e-08
AACGLYDH_FWD_g.1274.peg.4977-MONOMER,0.0,-3.5900788841511316e-07
AACOAT_REV_CPLX_AACOAT-9,0.0,-3.273480758298728e-07
AACOAT_FWD_CPLX_AACOAT-9,0.0,-3.942830745922859e-08
AACOAT_REV_CPLX_AACOAT-7,0.0,-3.1909807242870464e-07
AACOAT_FWD_CPLX_AACOAT-7,0.0,-3.117830405806043e-08
AACOAT_REV_CPLX_AACOAT-1,0.0,-3.453160773808181e-07
AACOAT_FWD_CPLX_AACOAT-1,0.0,-5.739630901017395e-08
AACOAT_REV_CPLX_AACOAT-0,0.0,-3.2951295799606995e-07
AACOAT_FWD_CPLX_AACOAT-0,0.0,-4.159318962542577e-08
AACOAT_REV_CPLX_AACOAT-4,0.0,-3.2889294280646966e-07
AACOAT_FWD_CPLX_AACOAT-4,0.0,-4.0973174435825485e-08
AACOAT_REV_g.1274.peg.5362-MONOMER,0.0,-3.156614081470019e-07
AACOAT_FWD_g.1274.peg.5362-MONOMER,0.0,-2.7741639776357708e-08
AACOAT_REV_CPLX_AACOAT-11,0.0,-2.962443034134647e-07
AACOAT_FWD_CPLX_AACOAT-11,0.0,-8.324535042820471e-09
AACOAT_REV_CPLX_AACOAT-3,0.0,-3.20047163416384e-07
AACOAT_FWD_CPLX_AACOAT-3,0.0,-3.212739504573986e-08
AACOAT_REV_CPLX_AACOAT-19,0.0,-3.2158685918400144e-07
AACOAT_FWD_CPLX_AACOAT-19,0.0,-3.366709081335727e-08
AACOAT_REV_CPLX_AACOAT-16,0.0,-3.361314761671849e-07
AACOAT_FWD_CPLX_AACOAT-16,0.0,-4.821170779654073e-08
AACOAT_REV_CPLX_AACOAT-17,0.0,-4.076225407289743e-07
AACOAT_FWD_CPLX_AACOAT-17,0.0,-1.197027723583301e-07
AACOAT_REV_CPLX_AACOAT-15,0.0,-3.322506957211287e-07
AACOAT_FWD_CPLX_AACOAT-15,0.0,-4.43309273504845e-08
AACOAT_REV_CPLX_AACOAT-6,0.0,-3.368095899195235e-07
AACOAT_FWD_CPLX_AACOAT-6,0.0,-4.88898215488793e-08
AACOAT_REV_CPLX_AACOAT-12,0.0,-3.1423829687086004e-07
AACOAT_FWD_CPLX_AACOAT-12,0.0,-2.6318528500215874e-08
AACOAT_REV_CPLX_AACOAT-2,0.0,-3.1983738470662535e-07
AACOAT_FWD_CPLX_AACOAT-2,0.0,-3.191761633598119e-08
AACOAT_REV_CPLX_AACOAT-5,0.0,-3.268977647100816e-07
AACOAT_FWD_CPLX_AACOAT-5,0.0,-3.897799633943741e-08
AACOAT_REV_CPLX_AACOAT-10,0.0,-3.049092843458839e-07
AACOAT_FWD_CPLX_AACOAT-10,0.0,-1.6989515975239698e-08
AACOAT_REV_CPLX_AACOAT-8,0.0,-3.304877002748067e-07
AACOAT_FWD_CPLX_AACOAT-8,0.0,-4.256793190416255e-08
AACOAT_REV_g.1274.peg.1909-MONOMER,0.0,-2.879197683706442e-07
AACOAT_FWD_g.1274.peg.1909-MONOMER,-9.280701360214806e-23,2.426461030902225e-36
AACOAT_REV_CPLX_AACOAT-22,0.0,-3.421059757795688e-07
AACOAT_FWD_CPLX_AACOAT-22,0.0,-5.418620740892457e-08
AACOAT_REV_CPLX_AACOAT-13,0.0,-3.306353032311908e-07
AACOAT_FWD_CPLX_AACOAT-13,0.0,-4.271553486054665e-08
AACOAT_REV_CPLX_AACOAT-14,0.0,-3.667261302432482e-07
AACOAT_FWD_CPLX_AACOAT-14,0.0,-7.880636187260405e-08
AACOAT_REV_CPLX_AACOAT-21,0.0,-3.2577020194930855e-07
AACOAT_FWD_CPLX_AACOAT-21,0.0,-3.7850433578664376e-08
AACOAT_REV_CPLX_AACOAT-20,0.0,-3.214863194872291e-07
AACOAT_FWD_CPLX_AACOAT-20,0.0,-3.3566551116584905e-08
AACOAT_REV_CPLX_AACOAT-18,0.0,-3.322879787132234e-07
AACOAT_FWD_CPLX_AACOAT-18,0.0,-4.4368210342579205e-08
AACPS6_REV_CPLX_dummy,0.0,-3.275538270331347e-08
AACPS6_FWD_CPLX_dummy,0.0,-2.544801767055127e-07
AACPS7_REV_CPLX_dummy,0.0,8.80212898148223e-07
AACPS7_FWD_CPLX_dummy,0.0,-1.1674494833575625e-06
ABTA_REV_g.1274.peg.4758-MONOMER_mod_pydx5p(1),0.0,6.435112617116264e-07
ABTA_FWD_g.1274.peg.4758-MONOMER_mod_pydx5p(1),0.0,-1.0515475505998972e-06
ABTDG_REV_g.1274.peg.5357-MONOMER,0.0,-1.86488795579626e-07
ABTDG_FWD_g.1274.peg.5357-MONOMER,0.0,-1.543086386117431e-07
ABUTD_REV_g.1274.peg.2851-MONOMER,0.0,-4.25016322451323e-08
ABUTD_FWD_g.1274.peg.2851-MONOMER,0.0,-3.7757463821345193e-07
ABUTD_REV_g.1274.peg.5917-MONOMER_mod_mg2(1),0.0,-7.673856017119375e-08
ABUTD_FWD_g.1274.peg.5917-MONOMER_mod_mg2(1),0.0,-4.1181156613951336e-07
ABUTD_REV_g.1274.peg.2033-MONOMER,0.0,-5.4475413803377073e-08
ABUTD_FWD_g.1274.peg.2033-MONOMER,0.0,-3.895484197716967e-07
ABUTD_REV_g.1274.peg.6055-MONOMER,0.0,-3.6810702894203646e-09
ABUTD_FWD_g.1274.peg.6055-MONOMER,0.0,-3.3875407625774e-07
ABUTD_REV_g.1274.peg.4977-MONOMER,0.0,-2.025381215737316e-08
ABUTD_FWD_g.1274.peg.4977-MONOMER,0.0,-3.553268181256928e-07
ABUTD_REV_g.1274.peg.4686-MONOMER,0.0,-8.357450920356581e-10
ABUTD_FWD_g.1274.peg.4686-MONOMER,0.0,-3.359087510603553e-07
ABUTR_REV_g.1274.peg.2851-MONOMER,0.0,-3.882056195571194e-08
ABUTR_FWD_g.1274.peg.2851-MONOMER,0.0,-3.812557085028723e-07
ABUTR_REV_g.1274.peg.5917-MONOMER_mod_mg2(1),0.0,-7.30574898817734e-08
ABUTR_FWD_g.1274.peg.5917-MONOMER_mod_mg2(1),0.0,-4.1549263642893373e-07
ABUTR_REV_g.1274.peg.2033-MONOMER,0.0,-5.079434351395671e-08
ABUTR_FWD_g.1274.peg.2033-MONOMER,0.0,-3.9322949006111706e-07
ABUTR_REV_g.1274.peg.6055-MONOMER,2.3965938722000405e-23,7.670333386183103e-30
ABUTR_FWD_g.1274.peg.6055-MONOMER,0.0,-3.4243514654716037e-07
ABUTR_REV_g.1274.peg.4977-MONOMER,0.0,-1.6572741867952797e-08
ABUTR_FWD_g.1274.peg.4977-MONOMER,0.0,-3.5900788841511316e-07
ABUTt2r_REV_g.1274.peg.1590-MONOMER,0.0,1.8882042150661047e-41
ABUTt2r_FWD_g.1274.peg.1590-MONOMER,0.0,-3.6961655519297745e-07
ACACT1r_REV_g.1274.peg.4158-MONOMER,0.0,-4.051229870693162e-07
ACACT1r_FWD_g.1274.peg.4158-MONOMER,0.0,-3.899562077380505e-08
ACACT1r_REV_g.1274.peg.2741-MONOMER,0.0,-4.302896389512936e-07
ACACT1r_FWD_g.1274.peg.2741-MONOMER,0.0,-6.416227265578246e-08
ACACT1r_REV_g.1274.peg.1984-MONOMER,0.0,-4.1720757041119854e-07
ACACT1r_FWD_g.1274.peg.1984-MONOMER,0.0,-5.108020411568743e-08
ACACT1r_REV_g.1274.peg.1729-MONOMER,0.0,-3.6612736629551115e-07
ACACT1r_FWD_g.1274.peg.1729-MONOMER,1.518516538847542e-22,2.9311473131612773e-39
ACACT1r_REV_g.1274.peg.974-MONOMER,0.0,-3.6876345585761235e-07
ACACT1r_FWD_g.1274.peg.974-MONOMER,0.0,-2.6360895621012404e-09
ACACT1r_REV_g.1274.peg.5026-MONOMER,0.0,-3.7106445394234564e-07
ACACT1r_FWD_g.1274.peg.5026-MONOMER,0.0,-4.937087646834529e-09
ACACT1r_REV_g.1274.peg.4643-MONOMER,0.0,-4.481276277183469e-07
ACACT1r_FWD_g.1274.peg.4643-MONOMER,0.0,-8.200026142283574e-08
ACACT1r_REV_g.1274.peg.2701-MONOMER,0.0,-4.053302862703753e-07
ACACT1r_FWD_g.1274.peg.2701-MONOMER,0.0,-3.920291997486422e-08
ACACT1r_REV_g.1274.peg.5084-MONOMER,0.0,-4.026164994939602e-07
ACACT1r_FWD_g.1274.peg.5084-MONOMER,0.0,-3.648913319844907e-08
ACACT1r_REV_g.1274.peg.997-MONOMER,0.0,-4.044167410314251e-07
ACACT1r_FWD_g.1274.peg.997-MONOMER,0.0,-3.828937473591395e-08
ACACT1r_REV_g.1274.peg.5023-MONOMER,0.0,-4.1412243937552333e-07
ACACT1r_FWD_g.1274.peg.5023-MONOMER,0.0,-4.799507308001222e-08
ACACT2r_REV_g.1274.peg.4158-MONOMER,0.0,-3.899562077380505e-08
ACACT2r_FWD_g.1274.peg.4158-MONOMER,0.0,-4.051229870693162e-07
ACACT2r_REV_g.1274.peg.2741-MONOMER,0.0,-6.416227265578246e-08
ACACT2r_FWD_g.1274.peg.2741-MONOMER,0.0,-4.302896389512936e-07
ACACT2r_REV_g.1274.peg.1984-MONOMER,0.0,-5.108020411568743e-08
ACACT2r_FWD_g.1274.peg.1984-MONOMER,0.0,-4.1720757041119854e-07
ACACT2r_REV_g.1274.peg.1729-MONOMER,0.0,-3.764463004753566e-40
ACACT2r_FWD_g.1274.peg.1729-MONOMER,0.0,-3.6612736629551115e-07
ACACT2r_REV_g.1274.peg.974-MONOMER,0.0,-2.6360895621012404e-09
ACACT2r_FWD_g.1274.peg.974-MONOMER,0.0,-3.6876345585761235e-07
ACACT2r_REV_g.1274.peg.5026-MONOMER,0.0,-4.937087646834529e-09
ACACT2r_FWD_g.1274.peg.5026-MONOMER,0.0,-3.7106445394234564e-07
ACACT2r_REV_g.1274.peg.4643-MONOMER,0.0,-8.200026142283574e-08
ACACT2r_FWD_g.1274.peg.4643-MONOMER,0.0,-4.481276277183469e-07
ACACT2r_REV_g.1274.peg.2701-MONOMER,0.0,-3.920291997486422e-08
ACACT2r_FWD_g.1274.peg.2701-MONOMER,0.0,-4.053302862703753e-07
ACACT2r_REV_g.1274.peg.5084-MONOMER,0.0,-3.648913319844907e-08
ACACT2r_FWD_g.1274.peg.5084-MONOMER,0.0,-4.026164994939602e-07
ACACT2r_REV_g.1274.peg.997-MONOMER,0.0,-3.828937473591395e-08
ACACT2r_FWD_g.1274.peg.997-MONOMER,0.0,-4.044167410314251e-07
ACACT2r_REV_g.1274.peg.5023-MONOMER,0.0,-4.799507308001222e-08
ACACT2r_FWD_g.1274.peg.5023-MONOMER,0.0,-4.1412243937552333e-07
ACACT3r_REV_g.1274.peg.4158-MONOMER,0.0,-3.635953121170381e-08
ACACT3r_FWD_g.1274.peg.4158-MONOMER,0.0,-4.077590766314174e-07
ACACT3r_REV_g.1274.peg.2741-MONOMER,0.0,-6.152618309368122e-08
ACACT3r_FWD_g.1274.peg.2741-MONOMER,0.0,-4.3292572851339484e-07
ACACT3r_REV_g.1274.peg.1984-MONOMER,0.0,-4.844411455358619e-08
ACACT3r_FWD_g.1274.peg.1984-MONOMER,0.0,-4.198436599732998e-07
ACACT3r_REV_g.1274.peg.974-MONOMER,0.0,6.36149171244764e-41
ACACT3r_FWD_g.1274.peg.974-MONOMER,0.0,-3.713995454197136e-07
ACACT3r_REV_g.1274.peg.5026-MONOMER,0.0,-2.3009980847332887e-09
ACACT3r_FWD_g.1274.peg.5026-MONOMER,0.0,-3.737005435044469e-07
ACACT3r_REV_g.1274.peg.4643-MONOMER,0.0,-7.936417186073449e-08
ACACT3r_FWD_g.1274.peg.4643-MONOMER,0.0,-4.507637172804481e-07
ACACT3r_REV_g.1274.peg.2701-MONOMER,0.0,-3.656683041276298e-08
ACACT3r_FWD_g.1274.peg.2701-MONOMER,0.0,-4.079663758324766e-07
ACACT3r_REV_g.1274.peg.997-MONOMER,0.0,-3.5653285173812706e-08
ACACT3r_FWD_g.1274.peg.997-MONOMER,0.0,-4.0705283059352634e-07
ACACT3r_REV_g.1274.peg.5023-MONOMER,0.0,-4.5358983517910984e-08
ACACT3r_FWD_g.1274.peg.5023-MONOMER,0.0,-4.167585289376246e-07
ACACT4r_REV_g.1274.peg.4158-MONOMER,0.0,-3.635953121170381e-08
ACACT4r_FWD_g.1274.peg.4158-MONOMER,0.0,-4.077590766314174e-07
ACACT4r_REV_g.1274.peg.2741-MONOMER,0.0,-6.152618309368122e-08
ACACT4r_FWD_g.1274.peg.2741-MONOMER,0.0,-4.3292572851339484e-07
ACACT4r_REV_g.1274.peg.1984-MONOMER,0.0,-4.844411455358619e-08
ACACT4r_FWD_g.1274.peg.1984-MONOMER,0.0,-4.198436599732998e-07
ACACT4r_REV_g.1274.peg.974-MONOMER,0.0,6.36149171244764e-41
ACACT4r_FWD_g.1274.peg.974-MONOMER,0.0,-3.713995454197136e-07
ACACT4r_REV_g.1274.peg.5026-MONOMER,0.0,-2.3009980847332887e-09
ACACT4r_FWD_g.1274.peg.5026-MONOMER,0.0,-3.737005435044469e-07
ACACT4r_REV_g.1274.peg.4643-MONOMER,0.0,-7.936417186073449e-08
ACACT4r_FWD_g.1274.peg.4643-MONOMER,0.0,-4.507637172804481e-07
ACACT4r_REV_g.1274.peg.2701-MONOMER,0.0,-3.656683041276298e-08
ACACT4r_FWD_g.1274.peg.2701-MONOMER,0.0,-4.079663758324766e-07
ACACT4r_REV_g.1274.peg.997-MONOMER,0.0,-3.5653285173812706e-08
ACACT4r_FWD_g.1274.peg.997-MONOMER,0.0,-4.0705283059352634e-07
ACACT4r_REV_g.1274.peg.5023-MONOMER,0.0,-4.5358983517910984e-08
ACACT4r_FWD_g.1274.peg.5023-MONOMER,0.0,-4.167585289376246e-07
ACACT5r_REV_g.1274.peg.4158-MONOMER,0.0,-3.635953121170381e-08
ACACT5r_FWD_g.1274.peg.4158-MONOMER,0.0,-4.077590766314174e-07
ACACT5r_REV_g.1274.peg.2741-MONOMER,0.0,-6.152618309368122e-08
ACACT5r_FWD_g.1274.peg.2741-MONOMER,0.0,-4.3292572851339484e-07
ACACT5r_REV_g.1274.peg.1984-MONOMER,0.0,-4.844411455358619e-08
ACACT5r_FWD_g.1274.peg.1984-MONOMER,0.0,-4.198436599732998e-07
ACACT5r_REV_g.1274.peg.974-MONOMER,0.0,-1.9720624308587682e-39
ACACT5r_FWD_g.1274.peg.974-MONOMER,0.0,-3.713995454197136e-07
ACACT5r_REV_g.1274.peg.5026-MONOMER,0.0,-2.3009980847332887e-09
ACACT5r_FWD_g.1274.peg.5026-MONOMER,0.0,-3.737005435044469e-07
ACACT5r_REV_g.1274.peg.4643-MONOMER,0.0,-7.936417186073449e-08
ACACT5r_FWD_g.1274.peg.4643-MONOMER,0.0,-4.507637172804481e-07
ACACT5r_REV_g.1274.peg.2701-MONOMER,0.0,-3.656683041276298e-08
ACACT5r_FWD_g.1274.peg.2701-MONOMER,0.0,-4.079663758324766e-07
ACACT5r_REV_g.1274.peg.997-MONOMER,0.0,-3.5653285173812706e-08
ACACT5r_FWD_g.1274.peg.997-MONOMER,0.0,-4.0705283059352634e-07
ACACT5r_REV_g.1274.peg.5023-MONOMER,0.0,-4.5358983517910984e-08
ACACT5r_FWD_g.1274.peg.5023-MONOMER,0.0,-4.167585289376246e-07
ACACT6r_REV_g.1274.peg.4158-MONOMER,0.0,-3.635953121170381e-08
ACACT6r_FWD_g.1274.peg.4158-MONOMER,0.0,-4.077590766314174e-07
ACACT6r_REV_g.1274.peg.2741-MONOMER,0.0,-6.152618309368122e-08
ACACT6r_FWD_g.1274.peg.2741-MONOMER,0.0,-4.3292572851339484e-07
ACACT6r_REV_g.1274.peg.1984-MONOMER,0.0,-4.844411455358619e-08
ACACT6r_FWD_g.1274.peg.1984-MONOMER,0.0,-4.198436599732998e-07
ACACT6r_REV_g.1274.peg.974-MONOMER,0.0,4.134969613090966e-39
ACACT6r_FWD_g.1274.peg.974-MONOMER,0.0,-3.713995454197136e-07
ACACT6r_REV_g.1274.peg.5026-MONOMER,0.0,-2.3009980847332887e-09
ACACT6r_FWD_g.1274.peg.5026-MONOMER,0.0,-3.737005435044469e-07
ACACT6r_REV_g.1274.peg.4643-MONOMER,0.0,-7.936417186073449e-08
ACACT6r_FWD_g.1274.peg.4643-MONOMER,0.0,-4.507637172804481e-07
ACACT6r_REV_g.1274.peg.2701-MONOMER,0.0,-3.656683041276298e-08
ACACT6r_FWD_g.1274.peg.2701-MONOMER,0.0,-4.079663758324766e-07
ACACT6r_REV_g.1274.peg.997-MONOMER,0.0,-3.5653285173812706e-08
ACACT6r_FWD_g.1274.peg.997-MONOMER,0.0,-4.0705283059352634e-07
ACACT6r_REV_g.1274.peg.5023-MONOMER,0.0,-4.5358983517910984e-08
ACACT6r_FWD_g.1274.peg.5023-MONOMER,0.0,-4.167585289376246e-07
ACACT7r_REV_g.1274.peg.4158-MONOMER,0.0,-4.077590766314174e-07
ACACT7r_FWD_g.1274.peg.4158-MONOMER,0.0,-3.635953121170381e-08
ACACT7r_REV_g.1274.peg.2741-MONOMER,0.0,-4.3292572851339484e-07
ACACT7r_FWD_g.1274.peg.2741-MONOMER,0.0,-6.152618309368122e-08
ACACT7r_REV_g.1274.peg.1984-MONOMER,0.0,-4.198436599732998e-07
ACACT7r_FWD_g.1274.peg.1984-MONOMER,0.0,-4.844411455358619e-08
ACACT7r_REV_g.1274.peg.974-MONOMER,0.0,-3.713995454197136e-07
ACACT7r_FWD_g.1274.peg.974-MONOMER,0.0,-1.9720624308587682e-39
ACACT7r_REV_g.1274.peg.5026-MONOMER,0.0,-3.737005435044469e-07
ACACT7r_FWD_g.1274.peg.5026-MONOMER,0.0,-2.3009980847332887e-09
ACACT7r_REV_g.1274.peg.4643-MONOMER,0.0,-4.507637172804481e-07
ACACT7r_FWD_g.1274.peg.4643-MONOMER,0.0,-7.936417186073449e-08
ACACT7r_REV_g.1274.peg.2701-MONOMER,0.0,-4.079663758324766e-07
ACACT7r_FWD_g.1274.peg.2701-MONOMER,0.0,-3.656683041276298e-08
ACACT7r_REV_g.1274.peg.997-MONOMER,0.0,-4.0705283059352634e-07
ACACT7r_FWD_g.1274.peg.997-MONOMER,0.0,-3.5653285173812706e-08
ACACT7r_REV_g.1274.peg.5023-MONOMER,0.0,-4.167585289376246e-07
ACACT7r_FWD_g.1274.peg.5023-MONOMER,0.0,-4.5358983517910984e-08
ACALD_REV_CPLX_dummy,0.0,-1.8512338571481918e-07
ACALD_FWD_CPLX_dummy,0.0,-9.242387054955838e-08
ACALDt_REV_CPLX_dummy,0.0,-3.8658731955628715e-41
ACALDt_FWD_CPLX_dummy,0.0,-2.7754725626437756e-07
ACBIPGT_REV_398578.3.peg.2782-MONOMER,0.0,-2.2846605841598246e-07
ACBIPGT_FWD_398578.3.peg.2782-MONOMER,0.0,-3.4613055603499405e-41
ACCOAC_REV_g.1274.peg.5658-MONOMER,0.0,7.778652200192787e-07
ACCOAC_FWD_g.1274.peg.5658-MONOMER,0.0,-1.1548819314853797e-06
ACCOAC_REV_g.1274.peg.934-MONOMER,0.0,6.897579472288798e-07
ACCOAC_FWD_g.1274.peg.934-MONOMER,0.0,-1.2429892042757785e-06
ACCOAC_REV_g.1274.peg.5534-MONOMER,0.0,8.728221216678943e-07
ACCOAC_FWD_g.1274.peg.5534-MONOMER,0.0,-1.059925029836764e-06
ACCOACL_REV_CPLX_ACCOACL-0,0.0,-2.481349804748622e-07
ACCOACL_FWD_CPLX_ACCOACL-0,0.0,3.6326043890965363e-40
ACCOAL_REV_CPLX_ACCOAL-1,0.0,2.084957525629922e-07
ACCOAL_FWD_CPLX_ACCOAL-1,0.0,-6.070107301056768e-07
ACCOAL_REV_CPLX_ACCOAL-0,0.0,2.0476047531179803e-07
ACCOAL_FWD_CPLX_ACCOAL-0,0.0,-6.10746007356871e-07
ACCOALYS2_REV_g.1274.peg.4686-MONOMER,0.0,-3.3674449615239096e-07
ACCOALYS2_FWD_g.1274.peg.4686-MONOMER,0.0,-7.881392701645913e-40
ACGAMT_REV_g.1274.peg.906-MONOMER_mod_mg2(1),0.0,-2.224434993135685e-07
ACGAMT_FWD_g.1274.peg.906-MONOMER_mod_mg2(1),0.0,3.358894614539279e-39
ACGApts_REV_g.1274.peg.3316-MONOMER,0.0,-3.082653102857433e-07
ACGApts_FWD_g.1274.peg.3316-MONOMER,0.0,2.3490358229153724e-40
ACGApts_REV_g.1274.peg.1695-MONOMER,0.0,-4.1468379594149354e-07
ACGApts_FWD_g.1274.peg.1695-MONOMER,0.0,-1.0641848565575023e-07
ACGK_REV_398578.3.peg.1318-MONOMER,0.0,4.558952425543438e-07
ACGK_FWD_398578.3.peg.1318-MONOMER,0.0,-7.886445308527939e-07
ACGS_REV_398578.3.peg.4555-MONOMER,0.0,4.22040876738353e-07
ACGS_FWD_398578.3.peg.4555-MONOMER,0.0,-6.769979572547423e-07
ACGS_REV_398578.3.peg.5478-MONOMER,0.0,3.479314203763355e-07
ACGS_FWD_398578.3.peg.5478-MONOMER,0.0,-7.511074136167599e-07
ACHBPL_REV_398578.3.peg.4849-MONOMER,0.0,-8.499776476331313e-08
ACHBPL_FWD_398578.3.peg.4849-MONOMER,0.0,-2.0749102260830848e-07
ACHBPL_REV_398578.3.peg.4848-MONOMER,0.0,7.628226940578388e-37
ACHBPL_FWD_398578.3.peg.4848-MONOMER,0.0,-1.2249325784499532e-07
ACKr_REV_g.1274.peg.5262-MONOMER,1.5514656401981992,-1.3964695062657163e-40
ACKr_FWD_g.1274.peg.5262-MONOMER,0.0,-3.5676740074102754e-07
ACLS_a_REV_398578.3.peg.4849-MONOMER,0.0,-1.3499078291380956e-08
ACLS_a_FWD_398578.3.peg.4849-MONOMER,0.0,-2.7898970908024064e-07
ACLS_a_REV_398578.3.peg.4848-MONOMER,0.0,7.149868647193219e-08
ACLS_a_FWD_398578.3.peg.4848-MONOMER,0.0,-1.939919443169275e-07
ACLS_b_REV_398578.3.peg.4849-MONOMER,0.0,-2.0749102260830848e-07
ACLS_b_FWD_398578.3.peg.4849-MONOMER,0.0,-8.499776476331313e-08
ACLS_b_REV_398578.3.peg.4848-MONOMER,0.0,-1.2249325784499532e-07
ACLS_b_FWD_398578.3.peg.4848-MONOMER,0.0,1.2636982190954759e-36
ACOAAGPAT140_REV_g.1274.peg.939-MONOMER,0.0,1.996795435812169e-08
ACOAAGPAT140_FWD_g.1274.peg.939-MONOMER,0.0,-1.8696028321669778e-07
ACOAAGPAT160_REV_g.1274.peg.939-MONOMER,0.0,-1.669923288585761e-07
ACOAAGPAT160_FWD_g.1274.peg.939-MONOMER,0.0,-1.390528183259715e-40
ACOAAGPAT180_REV_g.1274.peg.939-MONOMER,0.0,-1.669923288585761e-07
ACOAAGPAT180_FWD_g.1274.peg.939-MONOMER,0.0,4.96617208307041e-40
ACOAAGPATAI15_REV_g.1274.peg.939-MONOMER,0.0,-1.669923288585761e-07
ACOAAGPATAI15_FWD_g.1274.peg.939-MONOMER,0.0,-5.26578843327871e-40
ACOAAGPATAI17_REV_g.1274.peg.939-MONOMER,0.0,-1.669923288585761e-07
ACOAAGPATAI17_FWD_g.1274.peg.939-MONOMER,0.0013830912504410482,1.7679572615730663e-39
ACOAAGPATI14_REV_g.1274.peg.939-MONOMER,0.0,-1.669923288585761e-07
ACOAAGPATI14_FWD_g.1274.peg.939-MONOMER,0.0,-5.26578843327871e-40
ACOAAGPATI15_REV_g.1274.peg.939-MONOMER,0.0,-1.669923288585761e-07
ACOAAGPATI15_FWD_g.1274.peg.939-MONOMER,0.0,-5.26578843327871e-40
ACOAAGPATI16_REV_g.1274.peg.939-MONOMER,0.0,-1.669923288585761e-07
ACOAAGPATI16_FWD_g.1274.peg.939-MONOMER,0.0,2.2894732318603087e-41
ACOAAGPATI17_REV_g.1274.peg.939-MONOMER,0.0,-1.669923288585761e-07
ACOAAGPATI17_FWD_g.1274.peg.939-MONOMER,0.0013830912504410482,1.7679572615730663e-39
ACOAD1_REV_g.1274.peg.6004-MONOMER,0.0,-2.975646915320001e-07
ACOAD1_FWD_g.1274.peg.6004-MONOMER,0.0,-9.449400640524517e-08
ACOAD1_REV_g.1274.peg.1539-MONOMER,0.0,-2.508588588908387e-07
ACOAD1_FWD_g.1274.peg.1539-MONOMER,0.0,-4.7788173764083755e-08
ACOAD1_REV_g.1274.peg.5570-MONOMER,0.0,-3.205378420471373e-07
ACOAD1_FWD_g.1274.peg.5570-MONOMER,0.0,-1.174671569203824e-07
ACOAD1_REV_g.1274.peg.2548-MONOMER,0.0,-2.3140281486527866e-07
ACOAD1_FWD_g.1274.peg.2548-MONOMER,0.0,-2.8332129738523715e-08
ACOAD1_REV_g.1274.peg.478-MONOMER,0.0,-2.3720329439072782e-07
ACOAD1_FWD_g.1274.peg.478-MONOMER,0.0,-3.413260926397289e-08
ACOAD1_REV_g.1274.peg.5308-MONOMER,0.0,-2.0307068512675493e-07
ACOAD1_FWD_g.1274.peg.5308-MONOMER,0.0,1.7609730641221123e-39
ACOAD1_REV_g.1274.peg.3647-MONOMER,0.0,-2.8648031639254015e-07
ACOAD1_FWD_g.1274.peg.3647-MONOMER,0.0,-8.34096312657852e-08
ACOAD1_REV_g.1274.peg.4526-MONOMER,0.0,-2.7175036014484196e-07
ACOAD1_FWD_g.1274.peg.4526-MONOMER,0.0,-6.867967501808703e-08
ACOAD1_REV_g.1274.peg.5088-MONOMER,0.0,-2.4705745978694706e-07
ACOAD1_FWD_g.1274.peg.5088-MONOMER,0.0,-4.3986774660192126e-08
ACOAD1_REV_g.1274.peg.4831-MONOMER,0.0,-2.336976707476995e-07
ACOAD1_FWD_g.1274.peg.4831-MONOMER,0.0,-3.0626985620944546e-08
ACOAD1_REV_g.1274.peg.994-MONOMER,0.0,-2.9295804427430346e-07
ACOAD1_FWD_g.1274.peg.994-MONOMER,0.0,-8.988735914754852e-08
ACOAD1_REV_g.1274.peg.5612-MONOMER,0.0,-2.7018483733261573e-07
ACOAD1_FWD_g.1274.peg.5612-MONOMER,0.0,-6.711415220586079e-08
ACOAD1_REV_g.1274.peg.3435-MONOMER,0.0,-3.033095379795092e-07
ACOAD1_FWD_g.1274.peg.3435-MONOMER,0.0,-1.0023885285275429e-07
ACOAD1_REV_g.1274.peg.3569-MONOMER,0.0,-2.2945568823395685e-07
ACOAD1_FWD_g.1274.peg.3569-MONOMER,0.0,-2.63850031072019e-08
ACOAD1_REV_g.1274.peg.2435-MONOMER,0.0,-2.7710230704104755e-07
ACOAD1_FWD_g.1274.peg.2435-MONOMER,0.0,-7.403162191429259e-08
ACOAD1_REV_g.1274.peg.917-MONOMER,0.0,-2.3403210209632389e-07
ACOAD1_FWD_g.1274.peg.917-MONOMER,0.0,-3.096141696956894e-08
ACOAD1fi_REV_CPLX_dummy,0.0,4.338756956187167e-07
ACOAD1fi_FWD_CPLX_dummy,0.0,-7.114229518830942e-07
ACOAD2_REV_g.1274.peg.6004-MONOMER,0.0,-2.975646915320001e-07
ACOAD2_FWD_g.1274.peg.6004-MONOMER,0.0,-9.449400640524517e-08
ACOAD2_REV_g.1274.peg.5570-MONOMER,0.0,-3.205378420471373e-07
ACOAD2_FWD_g.1274.peg.5570-MONOMER,0.0,-1.174671569203824e-07
ACOAD2_REV_g.1274.peg.2548-MONOMER,0.0,-2.3140281486527866e-07
ACOAD2_FWD_g.1274.peg.2548-MONOMER,0.0,-2.8332129738523715e-08
ACOAD2_REV_g.1274.peg.5308-MONOMER,0.0,-2.0307068512675493e-07
ACOAD2_FWD_g.1274.peg.5308-MONOMER,0.0,1.7609730641221123e-39
ACOAD2_REV_g.1274.peg.3647-MONOMER,0.0,-2.8648031639254015e-07
ACOAD2_FWD_g.1274.peg.3647-MONOMER,0.0,-8.34096312657852e-08
ACOAD2_REV_g.1274.peg.4526-MONOMER,0.0,-2.7175036014484196e-07
ACOAD2_FWD_g.1274.peg.4526-MONOMER,0.0,-6.867967501808703e-08
ACOAD2_REV_g.1274.peg.5088-MONOMER,0.0,-2.4705745978694706e-07
ACOAD2_FWD_g.1274.peg.5088-MONOMER,0.0,-4.3986774660192126e-08
ACOAD2_REV_g.1274.peg.4831-MONOMER,0.0,-2.336976707476995e-07
ACOAD2_FWD_g.1274.peg.4831-MONOMER,0.0,-3.0626985620944546e-08
ACOAD2_REV_g.1274.peg.5612-MONOMER,0.0,-2.7018483733261573e-07
ACOAD2_FWD_g.1274.peg.5612-MONOMER,0.0,-6.711415220586079e-08
ACOAD2_REV_g.1274.peg.3435-MONOMER,0.0,-3.033095379795092e-07
ACOAD2_FWD_g.1274.peg.3435-MONOMER,0.0,-1.0023885285275429e-07
ACOAD2_REV_g.1274.peg.3569-MONOMER,0.0,-2.2945568823395685e-07
ACOAD2_FWD_g.1274.peg.3569-MONOMER,0.0,-2.63850031072019e-08
ACOAD2_REV_g.1274.peg.2435-MONOMER,0.0,-2.7710230704104755e-07
ACOAD2_FWD_g.1274.peg.2435-MONOMER,0.0,-7.403162191429259e-08
ACOAD2_REV_g.1274.peg.917-MONOMER,0.0,-2.3403210209632389e-07
ACOAD2_FWD_g.1274.peg.917-MONOMER,0.0,-3.096141696956894e-08
ACOAD20_REV_g.1274.peg.6004-MONOMER,0.0,1.7593682001395742e-06
ACOAD20_FWD_g.1274.peg.6004-MONOMER,0.0,-2.1514268980768193e-06
ACOAD20_REV_g.1274.peg.1539-MONOMER,0.0,1.8060740327807357e-06
ACOAD20_FWD_g.1274.peg.1539-MONOMER,0.0,-2.104721065435658e-06
ACOAD20_REV_g.1274.peg.5570-MONOMER,0.0,1.7363950496244369e-06
ACOAD20_FWD_g.1274.peg.5570-MONOMER,0.0,-2.1744000485919567e-06
ACOAD20_REV_g.1274.peg.2548-MONOMER,0.0,1.8255300768062957e-06
ACOAD20_FWD_g.1274.peg.2548-MONOMER,0.0,-2.085265021410098e-06
ACOAD20_REV_g.1274.peg.478-MONOMER,0.0,1.8197295972808465e-06
ACOAD20_FWD_g.1274.peg.478-MONOMER,0.0,-2.091065500935547e-06
ACOAD20_REV_g.1274.peg.5308-MONOMER,0.0,1.8538622065448193e-06
ACOAD20_FWD_g.1274.peg.5308-MONOMER,0.0,-2.0569328916715745e-06
ACOAD20_REV_g.1274.peg.3647-MONOMER,0.0,1.770452575279034e-06
ACOAD20_FWD_g.1274.peg.3647-MONOMER,0.0,-2.1403425229373596e-06
ACOAD20_REV_g.1274.peg.4526-MONOMER,0.0,1.7851825315267322e-06
ACOAD20_FWD_g.1274.peg.4526-MONOMER,0.0,-2.1256125666896615e-06
ACOAD20_REV_g.1274.peg.5088-MONOMER,0.0,1.8098754318846272e-06
ACOAD20_FWD_g.1274.peg.5088-MONOMER,0.0,-2.1009196663317663e-06
ACOAD20_REV_g.1274.peg.4831-MONOMER,0.0,1.8232352209238748e-06
ACOAD20_FWD_g.1274.peg.4831-MONOMER,0.0,-2.0875598772925188e-06
ACOAD20_REV_g.1274.peg.994-MONOMER,0.0,1.7639748473972708e-06
ACOAD20_FWD_g.1274.peg.994-MONOMER,0.0,-2.1468202508191227e-06
ACOAD20_REV_g.1274.peg.5612-MONOMER,0.0,1.7867480543389585e-06
ACOAD20_FWD_g.1274.peg.5612-MONOMER,0.0,-2.124047043877435e-06
ACOAD20_REV_g.1274.peg.3435-MONOMER,0.0,1.753623353692065e-06
ACOAD20_FWD_g.1274.peg.3435-MONOMER,0.0,-2.1571717445243285e-06
ACOAD20_REV_g.1274.peg.3569-MONOMER,0.0,1.8274772034376175e-06
ACOAD20_FWD_g.1274.peg.3569-MONOMER,0.0,-2.083317894778776e-06
ACOAD20_REV_g.1274.peg.2435-MONOMER,0.0,1.7798305846305267e-06
ACOAD20_FWD_g.1274.peg.2435-MONOMER,0.0,-2.1309645135858668e-06
ACOAD20_REV_g.1274.peg.917-MONOMER,0.0,1.8229007895752505e-06
ACOAD20_FWD_g.1274.peg.917-MONOMER,0.0,-2.0878943086411434e-06
ACOAD3rev_REV_g.1274.peg.6004-MONOMER,0.0,-2.975646915320001e-07
ACOAD3rev_FWD_g.1274.peg.6004-MONOMER,0.0,-9.449400640524517e-08
ACOAD3rev_REV_g.1274.peg.5570-MONOMER,0.0,-3.205378420471373e-07
ACOAD3rev_FWD_g.1274.peg.5570-MONOMER,0.0,-1.174671569203824e-07
ACOAD3rev_REV_g.1274.peg.2548-MONOMER,0.0,-2.3140281486527866e-07
ACOAD3rev_FWD_g.1274.peg.2548-MONOMER,0.0,-2.8332129738523715e-08
ACOAD3rev_REV_g.1274.peg.5308-MONOMER,0.0,-2.0307068512675493e-07
ACOAD3rev_FWD_g.1274.peg.5308-MONOMER,0.0,1.2709631680185679e-39
ACOAD3rev_REV_g.1274.peg.3647-MONOMER,0.0,-2.8648031639254015e-07
ACOAD3rev_FWD_g.1274.peg.3647-MONOMER,0.0,-8.34096312657852e-08
ACOAD3rev_REV_g.1274.peg.4526-MONOMER,0.0,-2.7175036014484196e-07
ACOAD3rev_FWD_g.1274.peg.4526-MONOMER,0.0,-6.867967501808703e-08
ACOAD3rev_REV_g.1274.peg.5088-MONOMER,0.0,-2.4705745978694706e-07
ACOAD3rev_FWD_g.1274.peg.5088-MONOMER,0.0,-4.3986774660192126e-08
ACOAD3rev_REV_g.1274.peg.4831-MONOMER,0.0,-2.336976707476995e-07
ACOAD3rev_FWD_g.1274.peg.4831-MONOMER,0.0,-3.0626985620944546e-08
ACOAD3rev_REV_g.1274.peg.5612-MONOMER,0.0,-2.7018483733261573e-07
ACOAD3rev_FWD_g.1274.peg.5612-MONOMER,0.0,-6.711415220586079e-08
ACOAD3rev_REV_g.1274.peg.3435-MONOMER,0.0,-3.033095379795092e-07
ACOAD3rev_FWD_g.1274.peg.3435-MONOMER,0.0,-1.0023885285275429e-07
ACOAD3rev_REV_g.1274.peg.3569-MONOMER,0.0,-2.2945568823395685e-07
ACOAD3rev_FWD_g.1274.peg.3569-MONOMER,0.0,-2.63850031072019e-08
ACOAD3rev_REV_g.1274.peg.2435-MONOMER,0.0,-2.7710230704104755e-07
ACOAD3rev_FWD_g.1274.peg.2435-MONOMER,0.0,-7.403162191429259e-08
ACOAD3rev_REV_g.1274.peg.917-MONOMER,0.0,-2.3403210209632389e-07
ACOAD3rev_FWD_g.1274.peg.917-MONOMER,0.0,-3.096141696956894e-08
ACOAD4rev_REV_g.1274.peg.6004-MONOMER,0.0,-2.975646915320001e-07
ACOAD4rev_FWD_g.1274.peg.6004-MONOMER,0.0,-9.449400640524517e-08
ACOAD4rev_REV_g.1274.peg.5570-MONOMER,0.0,-3.205378420471373e-07
ACOAD4rev_FWD_g.1274.peg.5570-MONOMER,0.0,-1.174671569203824e-07
ACOAD4rev_REV_g.1274.peg.2548-MONOMER,0.0,-2.3140281486527866e-07
ACOAD4rev_FWD_g.1274.peg.2548-MONOMER,0.0,-2.8332129738523715e-08
ACOAD4rev_REV_g.1274.peg.5308-MONOMER,0.0,-2.0307068512675493e-07
ACOAD4rev_FWD_g.1274.peg.5308-MONOMER,0.0,7.809532719150237e-40
ACOAD4rev_REV_g.1274.peg.3647-MONOMER,0.0,-2.8648031639254015e-07
ACOAD4rev_FWD_g.1274.peg.3647-MONOMER,0.0,-8.34096312657852e-08
ACOAD4rev_REV_g.1274.peg.4526-MONOMER,0.0,-2.7175036014484196e-07
ACOAD4rev_FWD_g.1274.peg.4526-MONOMER,0.0,-6.867967501808703e-08
ACOAD4rev_REV_g.1274.peg.5088-MONOMER,0.0,-2.4705745978694706e-07
ACOAD4rev_FWD_g.1274.peg.5088-MONOMER,0.0,-4.3986774660192126e-08
ACOAD4rev_REV_g.1274.peg.4831-MONOMER,0.0,-2.336976707476995e-07
ACOAD4rev_FWD_g.1274.peg.4831-MONOMER,0.0,-3.0626985620944546e-08
ACOAD4rev_REV_g.1274.peg.5612-MONOMER,0.0,-2.7018483733261573e-07
ACOAD4rev_FWD_g.1274.peg.5612-MONOMER,0.0,-6.711415220586079e-08
ACOAD4rev_REV_g.1274.peg.3435-MONOMER,0.0,-3.033095379795092e-07
ACOAD4rev_FWD_g.1274.peg.3435-MONOMER,0.0,-1.0023885285275429e-07
ACOAD4rev_REV_g.1274.peg.3569-MONOMER,0.0,-2.2945568823395685e-07
ACOAD4rev_FWD_g.1274.peg.3569-MONOMER,0.0,-2.63850031072019e-08
ACOAD4rev_REV_g.1274.peg.2435-MONOMER,0.0,-2.7710230704104755e-07
ACOAD4rev_FWD_g.1274.peg.2435-MONOMER,0.0,-7.403162191429259e-08
ACOAD4rev_REV_g.1274.peg.917-MONOMER,0.0,-2.3403210209632389e-07
ACOAD4rev_FWD_g.1274.peg.917-MONOMER,0.0,-3.096141696956894e-08
ACOAD5rev_REV_g.1274.peg.6004-MONOMER,0.0,-2.975646915320001e-07
ACOAD5rev_FWD_g.1274.peg.6004-MONOMER,0.0,-9.449400640524517e-08
ACOAD5rev_REV_g.1274.peg.5570-MONOMER,0.0,-3.205378420471373e-07
ACOAD5rev_FWD_g.1274.peg.5570-MONOMER,0.0,-1.174671569203824e-07
ACOAD5rev_REV_g.1274.peg.2548-MONOMER,0.0,-2.3140281486527866e-07
ACOAD5rev_FWD_g.1274.peg.2548-MONOMER,0.0,-2.8332129738523715e-08
ACOAD5rev_REV_g.1274.peg.5308-MONOMER,0.0,-2.0307068512675493e-07
ACOAD5rev_FWD_g.1274.peg.5308-MONOMER,0.0,7.809532719150237e-40
ACOAD5rev_REV_g.1274.peg.3647-MONOMER,0.0,-2.8648031639254015e-07
ACOAD5rev_FWD_g.1274.peg.3647-MONOMER,0.0,-8.34096312657852e-08
ACOAD5rev_REV_g.1274.peg.4526-MONOMER,0.0,-2.7175036014484196e-07
ACOAD5rev_FWD_g.1274.peg.4526-MONOMER,0.0,-6.867967501808703e-08
ACOAD5rev_REV_g.1274.peg.5088-MONOMER,0.0,-2.4705745978694706e-07
ACOAD5rev_FWD_g.1274.peg.5088-MONOMER,0.0,-4.3986774660192126e-08
ACOAD5rev_REV_g.1274.peg.4831-MONOMER,0.0,-2.336976707476995e-07
ACOAD5rev_FWD_g.1274.peg.4831-MONOMER,0.0,-3.0626985620944546e-08
ACOAD5rev_REV_g.1274.peg.5612-MONOMER,0.0,-2.7018483733261573e-07
ACOAD5rev_FWD_g.1274.peg.5612-MONOMER,0.0,-6.711415220586079e-08
ACOAD5rev_REV_g.1274.peg.3435-MONOMER,0.0,-3.033095379795092e-07
ACOAD5rev_FWD_g.1274.peg.3435-MONOMER,0.0,-1.0023885285275429e-07
ACOAD5rev_REV_g.1274.peg.3569-MONOMER,0.0,-2.2945568823395685e-07
ACOAD5rev_FWD_g.1274.peg.3569-MONOMER,0.0,-2.63850031072019e-08
ACOAD5rev_REV_g.1274.peg.2435-MONOMER,0.0,-2.7710230704104755e-07
ACOAD5rev_FWD_g.1274.peg.2435-MONOMER,0.0,-7.403162191429259e-08
ACOAD5rev_REV_g.1274.peg.917-MONOMER,0.0,-2.3403210209632389e-07
ACOAD5rev_FWD_g.1274.peg.917-MONOMER,0.0,-3.096141696956894e-08
ACOAD6rev_REV_g.1274.peg.6004-MONOMER,0.0,-2.975646915320001e-07
ACOAD6rev_FWD_g.1274.peg.6004-MONOMER,0.0,-9.449400640524517e-08
ACOAD6rev_REV_g.1274.peg.5570-MONOMER,0.0,-3.205378420471373e-07
ACOAD6rev_FWD_g.1274.peg.5570-MONOMER,0.0,-1.174671569203824e-07
ACOAD6rev_REV_g.1274.peg.2548-MONOMER,0.0,-2.3140281486527866e-07
ACOAD6rev_FWD_g.1274.peg.2548-MONOMER,0.0,-2.8332129738523715e-08
ACOAD6rev_REV_g.1274.peg.5308-MONOMER,0.0,-2.0307068512675493e-07
ACOAD6rev_FWD_g.1274.peg.5308-MONOMER,0.0,1.2709631680185679e-39
ACOAD6rev_REV_g.1274.peg.3647-MONOMER,0.0,-2.8648031639254015e-07
ACOAD6rev_FWD_g.1274.peg.3647-MONOMER,0.0,-8.34096312657852e-08
ACOAD6rev_REV_g.1274.peg.4526-MONOMER,0.0,-2.7175036014484196e-07
ACOAD6rev_FWD_g.1274.peg.4526-MONOMER,0.0,-6.867967501808703e-08
ACOAD6rev_REV_g.1274.peg.5088-MONOMER,0.0,-2.4705745978694706e-07
ACOAD6rev_FWD_g.1274.peg.5088-MONOMER,0.0,-4.3986774660192126e-08
ACOAD6rev_REV_g.1274.peg.4831-MONOMER,0.0,-2.336976707476995e-07
ACOAD6rev_FWD_g.1274.peg.4831-MONOMER,0.0,-3.0626985620944546e-08
ACOAD6rev_REV_g.1274.peg.5612-MONOMER,0.0,-2.7018483733261573e-07
ACOAD6rev_FWD_g.1274.peg.5612-MONOMER,0.0,-6.711415220586079e-08
ACOAD6rev_REV_g.1274.peg.3435-MONOMER,0.0,-3.033095379795092e-07
ACOAD6rev_FWD_g.1274.peg.3435-MONOMER,0.0,-1.0023885285275429e-07
ACOAD6rev_REV_g.1274.peg.3569-MONOMER,0.0,-2.2945568823395685e-07
ACOAD6rev_FWD_g.1274.peg.3569-MONOMER,0.0,-2.63850031072019e-08
ACOAD6rev_REV_g.1274.peg.2435-MONOMER,0.0,-2.7710230704104755e-07
ACOAD6rev_FWD_g.1274.peg.2435-MONOMER,0.0,-7.403162191429259e-08
ACOAD6rev_REV_g.1274.peg.917-MONOMER,0.0,-2.3403210209632389e-07
ACOAD6rev_FWD_g.1274.peg.917-MONOMER,0.0,-3.096141696956894e-08
ACOAD7i_REV_g.1274.peg.6004-MONOMER,0.0,1.1364727187543264e-05
ACOAD7i_FWD_g.1274.peg.6004-MONOMER,0.0,-1.175678588548051e-05
ACOAD7i_REV_g.1274.peg.5570-MONOMER,0.0,1.1341754037028128e-05
ACOAD7i_FWD_g.1274.peg.5570-MONOMER,0.0,-1.1779759035995647e-05
ACOAD7i_REV_g.1274.peg.2548-MONOMER,0.0,1.1430889064209986e-05
ACOAD7i_FWD_g.1274.peg.2548-MONOMER,0.0,-1.1690624008813788e-05
ACOAD7i_REV_g.1274.peg.5308-MONOMER,0.0,1.145922119394851e-05
ACOAD7i_FWD_g.1274.peg.5308-MONOMER,0.0,-1.1662291879075264e-05
ACOAD7i_REV_g.1274.peg.3647-MONOMER,0.0,1.1375811562682725e-05
ACOAD7i_FWD_g.1274.peg.3647-MONOMER,0.0,-1.174570151034105e-05
ACOAD7i_REV_g.1274.peg.4526-MONOMER,0.0,1.1390541518930423e-05
ACOAD7i_FWD_g.1274.peg.4526-MONOMER,0.0,-1.1730971554093352e-05
ACOAD7i_REV_g.1274.peg.5088-MONOMER,0.0,1.1415234419288317e-05
ACOAD7i_FWD_g.1274.peg.5088-MONOMER,0.0,-1.1706278653735456e-05
ACOAD7i_REV_g.1274.peg.4831-MONOMER,0.0,1.1428594208327565e-05
ACOAD7i_FWD_g.1274.peg.4831-MONOMER,0.0,-1.1692918864696209e-05
ACOAD7i_REV_g.1274.peg.5612-MONOMER,0.0,1.1392107041742649e-05
ACOAD7i_FWD_g.1274.peg.5612-MONOMER,0.0,-1.1729406031281126e-05
ACOAD7i_REV_g.1274.peg.3435-MONOMER,0.0,1.1358982341095755e-05
ACOAD7i_FWD_g.1274.peg.3435-MONOMER,0.0,-1.1762530731928019e-05
ACOAD7i_REV_g.1274.peg.3569-MONOMER,0.0,1.1432836190841307e-05
ACOAD7i_FWD_g.1274.peg.3569-MONOMER,0.0,-1.1688676882182466e-05
ACOAD7i_REV_g.1274.peg.2435-MONOMER,0.0,1.1385189572034216e-05
ACOAD7i_FWD_g.1274.peg.2435-MONOMER,0.0,-1.1736323500989557e-05
ACOAD7i_REV_g.1274.peg.917-MONOMER,0.0,1.1428259776978942e-05
ACOAD7i_FWD_g.1274.peg.917-MONOMER,0.0,-1.1693253296044834e-05
ACOAD8_REV_g.1274.peg.5088-MONOMER,1.52587800287782e-22,-7.019829730913867e-36
ACOAD8_FWD_g.1274.peg.5088-MONOMER,0.0,-2.910442344471392e-07
ACOADH2_REV_g.1274.peg.478-MONOMER,0.0,1.4346884699601311e-06
ACOADH2_FWD_g.1274.peg.478-MONOMER,0.0,-1.7060243736148318e-06
ACOADH2_REV_g.1274.peg.994-MONOMER,0.0,1.3789337200765554e-06
ACOADH2_FWD_g.1274.peg.994-MONOMER,0.0,-1.7617791234984073e-06
ACOADH2_REV_g.1274.peg.1539-MONOMER,0.0,1.42103290546002e-06
ACOADH2_FWD_g.1274.peg.1539-MONOMER,0.0,-1.7196799381149427e-06
ACOATA_REV_CPLX_3OAS100-3,0.0,-4.931703143042042e-07
ACOATA_FWD_CPLX_3OAS100-3,0.0,-2.3925690146671883e-08
ACOATA_REV_CPLX_3OAS100-1,0.0,-4.692446241575324e-07
ACOATA_FWD_CPLX_3OAS100-1,0.004873113121297393,-6.366236276810951e-37
ACOATA_REV_CPLX_3OAS100-0,0.0,-4.868787772704104e-07
ACOATA_FWD_CPLX_3OAS100-0,0.0,-1.7634153112878092e-08
ACOATA_REV_CPLX_3OAS100-2,0.0,-5.102015015314766e-07
ACOATA_FWD_CPLX_3OAS100-2,0.0,-4.095687737394426e-08
ACOCT_REV_398578.3.peg.2171-MONOMER,0.0,-2.482999301321268e-07
ACOCT_FWD_398578.3.peg.2171-MONOMER,0.0,6.002047875758005e-41
ACODAr_REV_g.1274.peg.1236-MONOMER_mod_zn2(1),0.0,-3.8717311864192003e-41
ACODAr_FWD_g.1274.peg.1236-MONOMER_mod_zn2(1),0.0,-3.4771535788798343e-07
ACONMT_REV_g.1274.peg.2290-MONOMER,0.0,-2.25130245736115e-07
ACONMT_FWD_g.1274.peg.2290-MONOMER,0.0,1.1100663327284114e-40
ACONMT_REV_g.1274.peg.1408-MONOMER,0.0,-2.3431298410491203e-07
ACONMT_FWD_g.1274.peg.1408-MONOMER,0.0,-9.182738368797031e-09
ACONT_REV_398578.3.peg.2424-MONOMER_mod_4fe4s(1),0.0,-933.4908668435016
ACONT_FWD_398578.3.peg.2424-MONOMER_mod_4fe4s(1),0.0,-933.4908663736311
ACONT_REV_398578.3.peg.2432-MONOMER_mod_4fe4s(1),0.0,-856.9314001316768
ACONT_FWD_398578.3.peg.2432-MONOMER_mod_4fe4s(1),0.0,-856.9313996618062
ACONT_REV_398578.3.peg.4537-MONOMER,0.0,-4.698706324548468e-07
ACONT_FWD_398578.3.peg.4537-MONOMER,0.0,-4.5184502861794743e-41
ACONTa_REV_g.1274.peg.1477-MONOMER,0.0,-2.455267545797127e-07
ACONTa_FWD_g.1274.peg.1477-MONOMER,0.0,-1.8460891149548934e-07
ACONTa_REV_CPLX_ACONTa-2,0.0,-2.9785916047433646e-07
ACONTa_FWD_CPLX_ACONTa-2,0.0,-2.3694131739011306e-07
ACONTa_REV_CPLX_ACONTa-0,0.0,-2.9070463781993325e-07
ACONTa_FWD_CPLX_ACONTa-0,0.0,-2.2978679473570988e-07
ACONTa_REV_CPLX_ACONTa-1,0.0,-2.795715269981682e-07
ACONTa_FWD_CPLX_ACONTa-1,0.0,-2.1865368391394477e-07
ACONTa_REV_g.1274.peg.1516-MONOMER,0.0,-2.349353162274234e-07
ACONTa_FWD_g.1274.peg.1516-MONOMER,0.0,-1.740174731432e-07
ACONTb_REV_g.1274.peg.1477-MONOMER,0.0,-4.1954422772291275e-07
ACONTb_FWD_g.1274.peg.1477-MONOMER,0.0,-1.0591438352289322e-08
ACONTb_REV_CPLX_ACONTa-2,0.0,-4.7187663361753644e-07
ACONTb_FWD_CPLX_ACONTa-2,0.0,-6.292384424691302e-08
ACONTb_REV_CPLX_ACONTa-0,0.0,-4.647221109631333e-07
ACONTb_FWD_CPLX_ACONTa-0,0.0,-5.5769321592509864e-08
ACONTb_REV_CPLX_ACONTa-1,0.0,-4.535890001413682e-07
ACONTb_FWD_CPLX_ACONTa-1,0.0,-4.463621077074476e-08
ACONTb_REV_g.1274.peg.1516-MONOMER,0.0,-4.089527893706234e-07
ACONTb_FWD_g.1274.peg.1516-MONOMER,0.0,6.342943413230614e-41
ACOTA_REV_398578.3.peg.3693-MONOMER,0.0,-3.5227936467177775e-07
ACOTA_FWD_398578.3.peg.3693-MONOMER,0.0,-5.136513582194855e-10
ACOTA_REV_398578.3.peg.2172-MONOMER,0.0,-3.517657133135583e-07
ACOTA_FWD_398578.3.peg.2172-MONOMER,1.3072921876522907e-22,-6.180619079059106e-40
ACPS1_REV_g.1274.peg.4498-MONOMER_mod_mg2(1),0.0,-9.755239190900605e-08
ACPS1_FWD_g.1274.peg.4498-MONOMER_mod_mg2(1),0.0,-1.5177598759001786e-09
ACPS1_REV_g.1274.peg.4498-MONOMER_mod_mn2(1),0.0,-9.603463203310587e-08
ACPS1_FWD_g.1274.peg.4498-MONOMER_mod_mn2(1),0.0,-1.0651240924404968e-35
ACS_REV_g.1274.peg.504-MONOMER,0.0,-1.266283703157017e-07
ACS_FWD_g.1274.peg.504-MONOMER,0.0,-2.23747762704648e-07
ACS_REV_g.1274.peg.1804-MONOMER,0.0,-1.3220026844856572e-07
ACS_FWD_g.1274.peg.1804-MONOMER,0.0,-2.2931966083751198e-07
ACS2_REV_g.1274.peg.3247-MONOMER,0.0,-1.1171274626630293e-07
ACS2_FWD_g.1274.peg.3247-MONOMER,0.0,-2.088321386552492e-07
ACt2r_REV_CPLX_dummy,1.5530900060539834,-1.9329365977814357e-41
ACt2r_FWD_CPLX_dummy,0.0,-2.7754725626437756e-07
ADA_REV_g.1274.peg.1182-MONOMER,0.0,-2.201630087093755e-07
ADA_FWD_g.1274.peg.1182-MONOMER,1.0762892357888329e-22,-4.4314151840313657e-41
ADCL_REV_CPLX_dummy,0.0,-2.7754725626437756e-07
ADCL_FWD_CPLX_dummy,0.0,0.0
ADCPS1_REV_g.1274.peg.2197-MONOMER,0.0,-2.7354653558779845e-07
ADCPS1_FWD_g.1274.peg.2197-MONOMER,0.0,-1.0254184971475999e-39
ADCPS2_REV_398578.3.peg.2795-MONOMER,0.0,-2.7354653558779845e-07
ADCPS2_FWD_398578.3.peg.2795-MONOMER,0.0,-1.7312260341452984e-40
ADCS_REV_CPLX_dummy,0.0,7.680360174377903e-08
ADCS_FWD_CPLX_dummy,0.0,-3.543508580081566e-07
ADCYRS_REV_398578.3.peg.2797-MONOMER,0.0,-4.310313294284471e-07
ADCYRS_FWD_398578.3.peg.2797-MONOMER,0.0,5.15081686931882e-39
ADK1_REV_398578.3.peg.3554-MONOMER_mod_mg2(1),0.0,-8.58981373880435e-08
ADK1_FWD_398578.3.peg.3554-MONOMER_mod_mg2(1),0.0,-1.4993704703704045e-07
ADK10_REV_398578.3.peg.3554-MONOMER_mod_mg2(1),0.0018428692616597583,-1.1563586300687932e-39
ADK10_FWD_398578.3.peg.3554-MONOMER_mod_mg2(1),0.0,-2.3583518442508396e-07
ADK11_REV_398578.3.peg.3554-MONOMER_mod_mg2(1),0.0,-4.581798345555596e-40
ADK11_FWD_398578.3.peg.3554-MONOMER_mod_mg2(1),0.0,-2.3583518442508396e-07
ADK2_REV_g.1274.peg.2866-MONOMER,-5.658486487932285e-56,2.9785411545712973e-40
ADK2_FWD_g.1274.peg.2866-MONOMER,0.0,-2.4099901082307103e-07
ADK3_REV_398578.3.peg.3554-MONOMER_mod_mg2(1),0.025764970824121755,4.069683030434094e-36
ADK3_FWD_398578.3.peg.3554-MONOMER_mod_mg2(1),0.0,-2.3583518442508396e-07
ADK5_REV_398578.3.peg.3554-MONOMER_mod_mg2(1),0.028505505630632224,-4.581798345555596e-40
ADK5_FWD_398578.3.peg.3554-MONOMER_mod_mg2(1),0.0,-2.3583518442508396e-07
ADK7_REV_398578.3.peg.3554-MONOMER_mod_mg2(1),0.001030686333767641,5.890883587142908e-40
ADK7_FWD_398578.3.peg.3554-MONOMER_mod_mg2(1),0.0,-2.3583518442508396e-07
ADK8_REV_398578.3.peg.3554-MONOMER_mod_mg2(1),0.0020958525059352234,-4.581798345555596e-40
ADK8_FWD_398578.3.peg.3554-MONOMER_mod_mg2(1),0.0,-2.3583518442508396e-07
ADK9_REV_398578.3.peg.3554-MONOMER_mod_mg2(1),0.0020958525059352234,-4.581798345555596e-40
ADK9_FWD_398578.3.peg.3554-MONOMER_mod_mg2(1),0.0,-2.3583518442508396e-07
ADMDC_REV_CPLX_dummy,0.0,-2.7754725626437756e-07
ADMDC_FWD_CPLX_dummy,0.00010055273424564956,0.0
ADNCNT3tc_REV_CPLX_dummy,1.8238645438572777e-05,-3.8658731955628715e-41
ADNCNT3tc_FWD_CPLX_dummy,0.0,-2.7754725626437756e-07
ADNCYC_REV_g.1274.peg.5329-MONOMER,0.0,-2.75941444262582e-07
ADNCYC_FWD_g.1274.peg.5329-MONOMER,0.0,-5.058792683778382e-08
ADNCYC_REV_g.1274.peg.3381-MONOMER,0.0,-3.3043791359103194e-07
ADNCYC_FWD_g.1274.peg.3381-MONOMER,0.0,-1.050843961662338e-07
ADNCYC_REV_g.1274.peg.5642-MONOMER,0.0,-2.2535351742479816e-07
ADNCYC_FWD_g.1274.peg.5642-MONOMER,0.0,2.1616491450901755e-41
ADNK1_REV_g.1274.peg.5672-MONOMER,0.0,8.390567026845669e-07
ADNK1_FWD_g.1274.peg.5672-MONOMER,0.0,-1.1225409662462833e-06
ADNUC_REV_g.1274.peg.5951-MONOMER,0.0,9.153874706711972e-07
ADNUC_FWD_g.1274.peg.5951-MONOMER,0.0,-1.2323277964813136e-06
ADOCBIK_REV_g.1274.peg.2972-MONOMER,0.0,-2.712269121371703e-07
ADOCBIK_FWD_g.1274.peg.2972-MONOMER,0.0,4.083767380127994e-40
ADOCBIK2_REV_g.1274.peg.2972-MONOMER,0.0,-1.8532877474912682e-07
ADOCBIK2_FWD_g.1274.peg.2972-MONOMER,0.0,-8.58981373880435e-08
ADOCBLS_REV_398578.3.peg.5667-MONOMER,0.0,1.7962975143624875e-06
ADOCBLS_FWD_398578.3.peg.5667-MONOMER,0.0,-2.1660708836451107e-06
ADOCBLabc_REV_CPLX_ADOCBLabc-4,0.0,-3.649857101639666e-07
ADOCBLabc_FWD_CPLX_ADOCBLabc-4,0.0,-2.5854066096579215e-08
ADOCBLabc_REV_CPLX_ADOCBLabc-0,0.0,-3.4334427287827575e-07
ADOCBLabc_FWD_CPLX_ADOCBLabc-0,0.0,-4.2126288108883325e-09
ADOCBLabc_REV_CPLX_ADOCBLabc-2,0.0,-3.4872267961758955e-07
ADOCBLabc_FWD_CPLX_ADOCBLabc-2,0.0,-9.591035550202147e-09
ADOCBLabc_REV_CPLX_ADOCBLabc-3,0.0,-3.3913164406738743e-07
ADOCBLabc_FWD_CPLX_ADOCBLabc-3,0.00010055273424564956,3.0521191075167344e-40
ADOCBLabc_REV_CPLX_ADOCBLabc-5,0.0,-3.4477989826271346e-07
ADOCBLabc_FWD_CPLX_ADOCBLabc-5,0.0,-5.648254195326022e-09
ADOCBLabc_REV_CPLX_ADOCBLabc-1,0.0,-3.693267992411957e-07
ADOCBLabc_FWD_CPLX_ADOCBLabc-1,0.0,-3.019515517380828e-08
ADPRDP_REV_g.1274.peg.5628-MONOMER,0.0,-2.1185421181123893e-07
ADPRDP_FWD_g.1274.peg.5628-MONOMER,0.0,-6.0945234739698e-41
ADPT_REV_g.1274.peg.5016-MONOMER_mod_mn2(1),0.0,-2.3738219272629206e-07
ADPT_FWD_g.1274.peg.5016-MONOMER_mod_mn2(1),0.0,3.2328628236816183e-40
ADPT_REV_g.1274.peg.5016-MONOMER_mod_mg2(1),0.0,-2.386332499803344e-07
ADPT_FWD_g.1274.peg.5016-MONOMER_mod_mg2(1),0.0,-1.251057254042327e-09
ADSELK_REV_398578.3.peg.3182-MONOMER_mod_mg2(1),0.0,-2.7066912302179513e-07
ADSELK_FWD_398578.3.peg.3182-MONOMER_mod_mg2(1),0.0,-1.2193892861258814e-09
ADSELK_REV_398578.3.peg.3182-MONOMER_mod_cd2(1),0.0,-2.6944973373566924e-07
ADSELK_FWD_398578.3.peg.3182-MONOMER_mod_cd2(1),0.0,2.3172529870138445e-40
ADSELK_REV_398578.3.peg.3182-MONOMER_mod_cobalt2(1),0.0,-2.6944973373566924e-07
ADSELK_FWD_398578.3.peg.3182-MONOMER_mod_cobalt2(1),0.0,4.634416226500435e-40
ADSELK_REV_398578.3.peg.3182-MONOMER_mod_mn2(1),0.0,-2.6959039343369624e-07
ADSELK_FWD_398578.3.peg.3182-MONOMER_mod_mn2(1),0.0,-1.406596980269915e-10
ADSK_REV_398578.3.peg.3182-MONOMER_mod_mg2(1),0.0,-2.7066912302179513e-07
ADSK_FWD_398578.3.peg.3182-MONOMER_mod_mg2(1),0.0,-1.2193892861258814e-09
ADSK_REV_398578.3.peg.3182-MONOMER_mod_cd2(1),0.0,-2.6944973373566924e-07
ADSK_FWD_398578.3.peg.3182-MONOMER_mod_cd2(1),0.0,6.565550129872559e-40
ADSK_REV_398578.3.peg.3182-MONOMER_mod_cobalt2(1),0.0,-2.6944973373566924e-07
ADSK_FWD_398578.3.peg.3182-MONOMER_mod_cobalt2(1),0.0,6.117429418980575e-40
ADSK_REV_398578.3.peg.3182-MONOMER_mod_mn2(1),0.0,-2.6959039343369624e-07
ADSK_FWD_398578.3.peg.3182-MONOMER_mod_mn2(1),0.0,-1.406596980269915e-10
ADSL1r_REV_398578.3.peg.851-MONOMER,0.0,-2.3341702596125017e-07
ADSL1r_FWD_398578.3.peg.851-MONOMER,0.0,0.0
ADSL2r_REV_398578.3.peg.851-MONOMER,0.0,-2.3341702596125017e-07
ADSL2r_FWD_398578.3.peg.851-MONOMER,0.0,-4.363650612608214e-41
ADSS_REV_398578.3.peg.4991-MONOMER_mod_mg2(1),0.0,2.7536510311732482e-06
ADSS_FWD_398578.3.peg.4991-MONOMER_mod_mg2(1),0.0,-3.1587850655473024e-06
AGMHE_REV_CPLX_dummy,0.0,-2.7754725626437756e-07
AGMHE_FWD_CPLX_dummy,0.003248731711568469,-6.883411413305953e-40
AGPAT120_REV_g.1274.peg.939-MONOMER,0.0,-1.76681657803538e-07
AGPAT120_FWD_g.1274.peg.939-MONOMER,0.0,-4.1476213828230276e-36
AGPAT140_REV_g.1274.peg.939-MONOMER,0.0,-1.7668184705484845e-07
AGPAT140_FWD_g.1274.peg.939-MONOMER,0.0,3.6215830662712013e-37
AGPAT141_REV_g.1274.peg.939-MONOMER,0.0,-1.7668039465541836e-07
AGPAT141_FWD_g.1274.peg.939-MONOMER,0.0,4.8719379960772674e-36
AGPAT160_REV_g.1274.peg.939-MONOMER,0.0,1.996795435812169e-08
AGPAT160_FWD_g.1274.peg.939-MONOMER,0.0,-1.9664839711051036e-07
AGPAT161_REV_g.1274.peg.939-MONOMER,0.0,-1.7668039465541836e-07
AGPAT161_FWD_g.1274.peg.939-MONOMER,0.0,4.8719379960772674e-36
AGPAT180_REV_g.1274.peg.939-MONOMER,0.0,-1.7668063200302466e-07
AGPAT180_FWD_g.1274.peg.939-MONOMER,-4.562401977754404e-24,3.6215830662712013e-37
AGPAT181_REV_g.1274.peg.939-MONOMER,0.0,1.5451202320725913e-06
AGPAT181_FWD_g.1274.peg.939-MONOMER,0.0,-1.7218007461982613e-06
AGPR_REV_398578.3.peg.869-MONOMER,0.0,-3.267166609366044e-07
AGPR_FWD_398578.3.peg.869-MONOMER,0.0,-6.624287258251837e-09
AGPR_REV_398578.3.peg.4292-MONOMER,0.0,-3.2009237367835256e-07
AGPR_FWD_398578.3.peg.4292-MONOMER,1.3072921876522907e-22,1.3995022204740947e-39
AHC_REV_g.1274.peg.3494-MONOMER,0.0,-1.8715059676825914e-07
AHC_FWD_g.1274.peg.3494-MONOMER,1.8238645438572777e-05,-2.2524127710248556e-41
AHC_REV_g.1274.peg.3768-MONOMER,0.0,-2.576602885349589e-07
AHC_FWD_g.1274.peg.3768-MONOMER,0.0,-7.050969176669975e-08
AHC_REV_g.1274.peg.5951-MONOMER,0.0,-2.520454612891878e-07
AHC_FWD_g.1274.peg.5951-MONOMER,0.0,-6.489486452092861e-08
AHC_REV_g.1274.peg.3577-MONOMER,0.0,-2.5584554712344653e-07
AHC_FWD_g.1274.peg.3577-MONOMER,0.0,-6.869495035518738e-08
AHCYSNS_r_REV_g.1274.peg.6048-MONOMER,0.0,-4.342268451785502e-07
AHCYSNS_r_FWD_g.1274.peg.6048-MONOMER,0.0,4.464463239052125e-40
AHMMPS_REV_g.1274.peg.1794-MONOMER,0.0,-3.082408237323334e-07
AHMMPS_FWD_g.1274.peg.1794-MONOMER,-5.997768866642629e-23,3.3241811299319394e-39
AHSERL2_REV_398578.3.peg.4750-MONOMER,0.0,-3.7510957530988877e-07
AHSERL2_FWD_398578.3.peg.4750-MONOMER,0.0,-1.5360772998216666e-08
AHSERL2_REV_398578.3.peg.4942-MONOMER_mod_pydx5p(1),0.0,-4.2991521140099955e-07
AHSERL2_FWD_398578.3.peg.4942-MONOMER_mod_pydx5p(1),0.0,-7.016640908932748e-08
AHSERL2_REV_398578.3.peg.5598-MONOMER,0.0,-3.7341042182591747e-07
AHSERL2_FWD_398578.3.peg.5598-MONOMER,0.0,-1.3661619514245405e-08
AHSERL2_REV_398578.3.peg.4814-MONOMER,0.0,-3.597488023116721e-07
AHSERL2_FWD_398578.3.peg.4814-MONOMER,7.329571756865901e-23,8.284742202958256e-41
AHSERL3_REV_398578.3.peg.4750-MONOMER,0.0,-4.4453886782374065e-07
AHSERL3_FWD_398578.3.peg.4750-MONOMER,0.0,-1.5360772998216666e-08
AHSERL3_REV_398578.3.peg.4942-MONOMER_mod_pydx5p(1),0.0,-4.993445039148515e-07
AHSERL3_FWD_398578.3.peg.4942-MONOMER_mod_pydx5p(1),0.0,-7.016640908932748e-08
AHSERL3_REV_398578.3.peg.5598-MONOMER,0.0,-4.428397143397694e-07
AHSERL3_FWD_398578.3.peg.5598-MONOMER,0.0,-1.3661619514245405e-08
AHSERL3_REV_398578.3.peg.4814-MONOMER,0.0,-4.29178094825524e-07
AHSERL3_FWD_398578.3.peg.4814-MONOMER,-7.329571756865901e-23,-3.645533040382171e-35
AICART_REV_398578.3.peg.1561-MONOMER,0.0,-3.9004019298272495e-07
AICART_FWD_398578.3.peg.1561-MONOMER,0.0,5.43797426188976e-35
AIHPDCOATA_REV_g.1274.peg.4628-MONOMER,0.0,-5.152274887104923e-07
AIHPDCOATA_FWD_g.1274.peg.4628-MONOMER,0.0,-1.3646277323398114e-07
AIHPDCOATA_REV_g.1274.peg.514-MONOMER,0.0,-3.787647154765112e-07
AIHPDCOATA_FWD_g.1274.peg.514-MONOMER,0.0027661825008820965,-5.125903132710176e-37
AIHPDCOATA_REV_g.1274.peg.4953-MONOMER,0.0,-4.3224504391468503e-07
AIHPDCOATA_FWD_g.1274.peg.4953-MONOMER,0.0,-5.3480328438173874e-08
AIPDCOATA_REV_g.1274.peg.4628-MONOMER,0.0,-5.152274887104923e-07
AIPDCOATA_FWD_g.1274.peg.4628-MONOMER,0.0,-1.3646277323398114e-07
AIPDCOATA_REV_g.1274.peg.514-MONOMER,0.0,-3.787647154765112e-07
AIPDCOATA_FWD_g.1274.peg.514-MONOMER,0.0,-5.125903132710176e-37
AIPDCOATA_REV_g.1274.peg.4953-MONOMER,0.0,-4.3224504391468503e-07
AIPDCOATA_FWD_g.1274.peg.4953-MONOMER,0.0,-5.3480328438173874e-08
AIRC4_REV_398578.3.peg.988-MONOMER,0.0,8.520956191204086e-07
AIRC4_FWD_398578.3.peg.988-MONOMER,0.0,-1.2869407275517104e-06
AIRC4_REV_398578.3.peg.989-MONOMER,0.0,7.485358225989897e-07
AIRC4_FWD_398578.3.peg.989-MONOMER,0.0,-1.3905005240731295e-06
AKGS_REV_CPLX_dummy,0.0,6.564077764357502e-07
AKGS_FWD_CPLX_dummy,0.0,-9.339550327001277e-07
AKGt2r_REV_g.1274.peg.131-MONOMER,0.0,-2.262263417291397e-41
AKGt2r_FWD_g.1274.peg.131-MONOMER,0.0,-3.7419577840072815e-07
AKP1_REV_g.1274.peg.5634-MONOMER,0.0,-4.317759551732638e-07
AKP1_FWD_g.1274.peg.5634-MONOMER,0.00030165820273694865,9.688607520584547e-39
AKP1_REV_g.1274.peg.5043-MONOMER_mod_zn2(1)_mod_mg2(1),0.0,-4.830271105064182e-07
AKP1_FWD_g.1274.peg.5043-MONOMER_mod_zn2(1)_mod_mg2(1),0.0,-5.125115533315443e-08
AKP1_REV_g.1274.peg.4669-MONOMER,0.0,-4.36716505817479e-07
AKP1_FWD_g.1274.peg.4669-MONOMER,0.0,-4.940550644215218e-09
ALAALA_REV_CPLX_dummy,0.0,-2.7754725626437756e-07
ALAALA_FWD_CPLX_dummy,0.0,2.4000252799343387e-40
ALAASP1c_REV_g.1274.peg.3961-MONOMER,0.0,-1.0856937269318763e-07
ALAASP1c_FWD_g.1274.peg.3961-MONOMER,0.0,-3.5435158719504663e-07
ALAASP1c_REV_g.1274.peg.2206-MONOMER_mod_zn2(1),0.0,-3.3307971780081247e-07
ALAASP1c_FWD_g.1274.peg.2206-MONOMER_mod_zn2(1),0.0,-5.788619323026715e-07
ALAASP1c_REV_g.1274.peg.4659-MONOMER,0.0,-1.2155370227467304e-08
ALAASP1c_FWD_g.1274.peg.4659-MONOMER,0.0,-2.579375847293263e-07
ALAASP1c_REV_g.1274.peg.4790-MONOMER_mod_fe2(2),-1.4199332888318675e-28,-1.2388396666550096e-41
ALAASP1c_FWD_g.1274.peg.4790-MONOMER_mod_fe2(2),0.0,-2.45782214501859e-07
ALAASP1c_REV_g.1274.peg.2757-MONOMER,0.0,-4.3189317475998703e-08
ALAASP1c_FWD_g.1274.peg.2757-MONOMER,0.0,-2.889715319778577e-07
ALAASP1c_REV_g.1274.peg.2527-MONOMER,0.0,-1.054422316834482e-07
ALAASP1c_FWD_g.1274.peg.2527-MONOMER,0.0,-3.512244461853072e-07
ALAASPabc_REV_g.1274.peg.5591-MONOMER,0.0,4.676484904048008e-07
ALAASPabc_FWD_g.1274.peg.5591-MONOMER,0.0,-7.810857581953299e-07
ALAASPabc_REV_g.1274.peg.2950-MONOMER,0.0,4.973031009899225e-07
ALAASPabc_FWD_g.1274.peg.2950-MONOMER,0.0,-7.514311476102082e-07
ALAASPabc_REV_g.1274.peg.5274-MONOMER,0.0,4.5847883506371797e-07
ALAASPabc_FWD_g.1274.peg.5274-MONOMER,0.0,-7.902554135364128e-07
ALAASPabc_REV_g.1274.peg.5415-MONOMER,0.0,4.726415902907081e-07
ALAASPabc_FWD_g.1274.peg.5415-MONOMER,0.0,-7.760926583094226e-07
ALAASPabc_REV_g.1274.peg.5937-MONOMER,0.0,4.896592088439717e-07
ALAASPabc_FWD_g.1274.peg.5937-MONOMER,0.0,-7.590750397561591e-07
ALACI_REV_g.1274.peg.4632-MONOMER,0.0,-1.377603994285217e-07
ALACI_FWD_g.1274.peg.4632-MONOMER,0.0,-1.377603994285217e-07
ALAGLN1c_REV_g.1274.peg.3961-MONOMER,0.0,-1.0856937269318763e-07
ALAGLN1c_FWD_g.1274.peg.3961-MONOMER,0.0,-3.5435158719504663e-07
ALAGLN1c_REV_g.1274.peg.2206-MONOMER_mod_zn2(1),0.0,-3.3307971780081247e-07
ALAGLN1c_FWD_g.1274.peg.2206-MONOMER_mod_zn2(1),0.0,-5.788619323026715e-07
ALAGLN1c_REV_g.1274.peg.4659-MONOMER,0.0,-1.2155370227467304e-08
ALAGLN1c_FWD_g.1274.peg.4659-MONOMER,0.0,-2.579375847293263e-07
ALAGLN1c_REV_g.1274.peg.4790-MONOMER_mod_fe2(2),-2.6460116628605042e-28,2.7500493319177114e-41
ALAGLN1c_FWD_g.1274.peg.4790-MONOMER_mod_fe2(2),0.0,-2.45782214501859e-07
ALAGLN1c_REV_g.1274.peg.2757-MONOMER,0.0,-4.3189317475998703e-08
ALAGLN1c_FWD_g.1274.peg.2757-MONOMER,0.0,-2.889715319778577e-07
ALAGLN1c_REV_g.1274.peg.2527-MONOMER,0.0,-1.054422316834482e-07
ALAGLN1c_FWD_g.1274.peg.2527-MONOMER,0.0,-3.512244461853072e-07
ALAGLNabc_REV_g.1274.peg.5591-MONOMER,0.0,3.351354690213047e-07
ALAGLNabc_FWD_g.1274.peg.5591-MONOMER,0.0,-6.485727368118337e-07
ALAGLNabc_REV_g.1274.peg.2950-MONOMER,0.0,3.6479007960642635e-07
ALAGLNabc_FWD_g.1274.peg.2950-MONOMER,0.0,-6.18918126226712e-07
ALAGLNabc_REV_g.1274.peg.5274-MONOMER,0.0,3.259658136802218e-07
ALAGLNabc_FWD_g.1274.peg.5274-MONOMER,0.0,-6.577423921529166e-07
ALAGLNabc_REV_g.1274.peg.5415-MONOMER,0.0,3.4012856890721195e-07
ALAGLNabc_FWD_g.1274.peg.5415-MONOMER,0.0,-6.435796369259264e-07
ALAGLNabc_REV_g.1274.peg.5937-MONOMER,0.0,3.571461874604755e-07
ALAGLNabc_FWD_g.1274.peg.5937-MONOMER,0.0,-6.265620183726629e-07
ALAGLU1c_REV_g.1274.peg.3961-MONOMER,0.0,-1.0856937269318763e-07
ALAGLU1c_FWD_g.1274.peg.3961-MONOMER,0.0,-3.5435158719504663e-07
ALAGLU1c_REV_g.1274.peg.2206-MONOMER_mod_zn2(1),0.0,-3.3307971780081247e-07
ALAGLU1c_FWD_g.1274.peg.2206-MONOMER_mod_zn2(1),0.0,-5.788619323026715e-07
ALAGLU1c_REV_g.1274.peg.4659-MONOMER,0.0,-1.2155370227467304e-08
ALAGLU1c_FWD_g.1274.peg.4659-MONOMER,0.0,-2.579375847293263e-07
ALAGLU1c_REV_g.1274.peg.4790-MONOMER_mod_fe2(2),2.1910227558321998e-29,-8.996442312200947e-41
ALAGLU1c_FWD_g.1274.peg.4790-MONOMER_mod_fe2(2),0.0,-2.45782214501859e-07
ALAGLU1c_REV_g.1274.peg.2757-MONOMER,0.0,-4.3189317475998703e-08
ALAGLU1c_FWD_g.1274.peg.2757-MONOMER,0.0,-2.889715319778577e-07
ALAGLU1c_REV_g.1274.peg.2527-MONOMER,0.0,-1.054422316834482e-07
ALAGLU1c_FWD_g.1274.peg.2527-MONOMER,0.0,-3.512244461853072e-07
ALAGLUabc_REV_g.1274.peg.5591-MONOMER,0.0,3.351354690213047e-07
ALAGLUabc_FWD_g.1274.peg.5591-MONOMER,0.0,-6.485727368118337e-07
ALAGLUabc_REV_g.1274.peg.2950-MONOMER,0.0,3.6479007960642635e-07
ALAGLUabc_FWD_g.1274.peg.2950-MONOMER,0.0,-6.18918126226712e-07
ALAGLUabc_REV_g.1274.peg.5274-MONOMER,0.0,3.259658136802218e-07
ALAGLUabc_FWD_g.1274.peg.5274-MONOMER,0.0,-6.577423921529166e-07
ALAGLUabc_REV_g.1274.peg.5415-MONOMER,0.0,3.4012856890721195e-07
ALAGLUabc_FWD_g.1274.peg.5415-MONOMER,0.0,-6.435796369259264e-07
ALAGLUabc_REV_g.1274.peg.5937-MONOMER,0.0,3.571461874604755e-07
ALAGLUabc_FWD_g.1274.peg.5937-MONOMER,0.0,-6.265620183726629e-07
ALAGLY1c_REV_g.1274.peg.3961-MONOMER,0.0,-1.0856937269318763e-07
ALAGLY1c_FWD_g.1274.peg.3961-MONOMER,0.0,-3.5435158719504663e-07
ALAGLY1c_REV_g.1274.peg.2206-MONOMER_mod_zn2(1),0.0,-3.3307971780081247e-07
ALAGLY1c_FWD_g.1274.peg.2206-MONOMER_mod_zn2(1),0.0,-5.788619323026715e-07
ALAGLY1c_REV_g.1274.peg.4659-MONOMER,0.0,-1.2155370227467304e-08
ALAGLY1c_FWD_g.1274.peg.4659-MONOMER,0.0,-2.579375847293263e-07
ALAGLY1c_REV_g.1274.peg.4790-MONOMER_mod_fe2(2),0.0,2.5540971429815246e-41
ALAGLY1c_FWD_g.1274.peg.4790-MONOMER_mod_fe2(2),0.0,-2.45782214501859e-07
ALAGLY1c_REV_g.1274.peg.2757-MONOMER,0.0,-4.3189317475998703e-08
ALAGLY1c_FWD_g.1274.peg.2757-MONOMER,0.0,-2.889715319778577e-07
ALAGLY1c_REV_g.1274.peg.2527-MONOMER,0.0,-1.054422316834482e-07
ALAGLY1c_FWD_g.1274.peg.2527-MONOMER,0.0,-3.512244461853072e-07
ALAGLYabc_REV_g.1274.peg.5591-MONOMER,0.0,5.388961726358681e-07
ALAGLYabc_FWD_g.1274.peg.5591-MONOMER,0.0,-8.523334404263972e-07
ALAGLYabc_REV_g.1274.peg.2950-MONOMER,0.0,5.685507832209898e-07
ALAGLYabc_FWD_g.1274.peg.2950-MONOMER,0.0,-8.226788298412755e-07
ALAGLYabc_REV_g.1274.peg.5274-MONOMER,0.0,5.297265172947852e-07
ALAGLYabc_FWD_g.1274.peg.5274-MONOMER,0.0,-8.615030957674801e-07
ALAGLYabc_REV_g.1274.peg.5415-MONOMER,0.0,5.438892725217754e-07
ALAGLYabc_FWD_g.1274.peg.5415-MONOMER,0.0,-8.473403405404898e-07
ALAGLYabc_REV_g.1274.peg.5937-MONOMER,0.0,5.60906891075039e-07
ALAGLYabc_FWD_g.1274.peg.5937-MONOMER,0.0,-8.303227219872263e-07
ALAHIS1c_REV_g.1274.peg.3961-MONOMER,0.0,-1.0856937269318763e-07
ALAHIS1c_FWD_g.1274.peg.3961-MONOMER,0.0,-3.5435158719504663e-07
ALAHIS1c_REV_g.1274.peg.2206-MONOMER_mod_zn2(1),0.0,-3.3307971780081247e-07
ALAHIS1c_FWD_g.1274.peg.2206-MONOMER_mod_zn2(1),0.0,-5.788619323026715e-07
ALAHIS1c_REV_g.1274.peg.4659-MONOMER,0.0,-1.2155370227467304e-08
ALAHIS1c_FWD_g.1274.peg.4659-MONOMER,0.0,-2.579375847293263e-07
ALAHIS1c_REV_g.1274.peg.4790-MONOMER_mod_fe2(2),0.0,2.896174098316915e-41
ALAHIS1c_FWD_g.1274.peg.4790-MONOMER_mod_fe2(2),0.0,-2.45782214501859e-07
ALAHIS1c_REV_g.1274.peg.2757-MONOMER,0.0,-4.3189317475998703e-08
ALAHIS1c_FWD_g.1274.peg.2757-MONOMER,0.0,-2.889715319778577e-07
ALAHIS1c_REV_g.1274.peg.2527-MONOMER,0.0,-1.054422316834482e-07
ALAHIS1c_FWD_g.1274.peg.2527-MONOMER,0.0,-3.512244461853072e-07
ALAHISabc_REV_g.1274.peg.5591-MONOMER,0.0,3.351354690213047e-07
ALAHISabc_FWD_g.1274.peg.5591-MONOMER,0.0,-6.485727368118337e-07
ALAHISabc_REV_g.1274.peg.2950-MONOMER,0.0,3.6479007960642635e-07
ALAHISabc_FWD_g.1274.peg.2950-MONOMER,0.0,-6.18918126226712e-07
ALAHISabc_REV_g.1274.peg.5274-MONOMER,0.0,3.259658136802218e-07
ALAHISabc_FWD_g.1274.peg.5274-MONOMER,0.0,-6.577423921529166e-07
ALAHISabc_REV_g.1274.peg.5415-MONOMER,0.0,3.4012856890721195e-07
ALAHISabc_FWD_g.1274.peg.5415-MONOMER,0.0,-6.435796369259264e-07
ALAHISabc_REV_g.1274.peg.5937-MONOMER,0.0,3.571461874604755e-07
ALAHISabc_FWD_g.1274.peg.5937-MONOMER,0.0,-6.265620183726629e-07
ALALEU1c_REV_g.1274.peg.3961-MONOMER,0.0,-1.0856937269318763e-07
ALALEU1c_FWD_g.1274.peg.3961-MONOMER,0.0,-3.5435158719504663e-07
ALALEU1c_REV_g.1274.peg.2206-MONOMER_mod_zn2(1),0.0,-3.3307971780081247e-07
ALALEU1c_FWD_g.1274.peg.2206-MONOMER_mod_zn2(1),0.0,-5.788619323026715e-07
ALALEU1c_REV_g.1274.peg.4659-MONOMER,0.0,-1.2155370227467304e-08
ALALEU1c_FWD_g.1274.peg.4659-MONOMER,0.0,-2.579375847293263e-07
ALALEU1c_REV_g.1274.peg.4790-MONOMER_mod_fe2(2),0.0,-6.355168817894505e-41
ALALEU1c_FWD_g.1274.peg.4790-MONOMER_mod_fe2(2),0.0,-2.45782214501859e-07
ALALEU1c_REV_g.1274.peg.2757-MONOMER,0.0,-4.3189317475998703e-08
ALALEU1c_FWD_g.1274.peg.2757-MONOMER,0.0,-2.889715319778577e-07
ALALEU1c_REV_g.1274.peg.2527-MONOMER,0.0,-1.054422316834482e-07
ALALEU1c_FWD_g.1274.peg.2527-MONOMER,0.0,-3.512244461853072e-07
ALALEUabc_REV_g.1274.peg.5591-MONOMER,0.0,2.189554450782585e-07
ALALEUabc_FWD_g.1274.peg.5591-MONOMER,0.0,-5.323927128687875e-07
ALALEUabc_REV_g.1274.peg.2950-MONOMER,0.0,2.486100556633802e-07
ALALEUabc_FWD_g.1274.peg.2950-MONOMER,0.0,-5.027381022836658e-07
ALALEUabc_REV_g.1274.peg.5274-MONOMER,0.0,2.0978578973717563e-07
ALALEUabc_FWD_g.1274.peg.5274-MONOMER,0.0,-5.415623682098704e-07
ALALEUabc_REV_g.1274.peg.5415-MONOMER,0.0,2.2394854496416575e-07
ALALEUabc_FWD_g.1274.peg.5415-MONOMER,0.0,-5.273996129828803e-07
ALALEUabc_REV_g.1274.peg.5937-MONOMER,0.0,2.409661635174293e-07
ALALEUabc_FWD_g.1274.peg.5937-MONOMER,0.0,-5.103819944296167e-07
ALAPGPL_REV_g.1274.peg.2318-MONOMER,0.0,-2.6387586043726776e-07
ALAPGPL_FWD_g.1274.peg.2318-MONOMER,0.0,1.4499378380057514e-38
ALAR_REV_398578.3.peg.310-MONOMER,0.0,-2.7841417143748477e-08
ALAR_FWD_398578.3.peg.310-MONOMER,0.0,-2.63782620261518e-07
ALATA_L_REV_398578.3.peg.5202-MONOMER,0.0,-2.72989945184961e-07
ALATA_L_FWD_398578.3.peg.5202-MONOMER,0.4959067085573349,-1.4333109623504843e-34
ALATHR1c_REV_g.1274.peg.3961-MONOMER,0.0,-1.0856937269318763e-07
ALATHR1c_FWD_g.1274.peg.3961-MONOMER,0.0,-3.5435158719504663e-07
ALATHR1c_REV_g.1274.peg.2206-MONOMER_mod_zn2(1),0.0,-3.3307971780081247e-07
ALATHR1c_FWD_g.1274.peg.2206-MONOMER_mod_zn2(1),0.0,-5.788619323026715e-07
ALATHR1c_REV_g.1274.peg.4659-MONOMER,0.0,-1.2155370227467304e-08
ALATHR1c_FWD_g.1274.peg.4659-MONOMER,0.0,-2.579375847293263e-07
ALATHR1c_REV_g.1274.peg.4790-MONOMER_mod_fe2(2),0.0,9.615100337386152e-41
ALATHR1c_FWD_g.1274.peg.4790-MONOMER_mod_fe2(2),0.0,-2.45782214501859e-07
ALATHR1c_REV_g.1274.peg.2757-MONOMER,0.0,-4.3189317475998703e-08
ALATHR1c_FWD_g.1274.peg.2757-MONOMER,0.0,-2.889715319778577e-07
ALATHR1c_REV_g.1274.peg.2527-MONOMER,0.0,-1.054422316834482e-07
ALATHR1c_FWD_g.1274.peg.2527-MONOMER,0.0,-3.512244461853072e-07
ALATHRabc_REV_g.1274.peg.5591-MONOMER,0.0,3.351354690213047e-07
ALATHRabc_FWD_g.1274.peg.5591-MONOMER,0.0,-6.485727368118337e-07
ALATHRabc_REV_g.1274.peg.2950-MONOMER,0.0,3.6479007960642635e-07
ALATHRabc_FWD_g.1274.peg.2950-MONOMER,0.0,-6.18918126226712e-07
ALATHRabc_REV_g.1274.peg.5274-MONOMER,0.0,3.259658136802218e-07
ALATHRabc_FWD_g.1274.peg.5274-MONOMER,0.0,-6.577423921529166e-07
ALATHRabc_REV_g.1274.peg.5415-MONOMER,0.0,3.4012856890721195e-07
ALATHRabc_FWD_g.1274.peg.5415-MONOMER,0.0,-6.435796369259264e-07
ALATHRabc_REV_g.1274.peg.5937-MONOMER,0.0,3.571461874604755e-07
ALATHRabc_FWD_g.1274.peg.5937-MONOMER,0.0,-6.265620183726629e-07
ALAt2r_REV_CPLX_dummy,0.0,-8.826662109484333e-08
ALAt2r_FWD_CPLX_dummy,0.0,-1.8928063516953424e-07
ALCD19_REV_g.1274.peg.1094-MONOMER,0.0,-3.256124315219592e-08
ALCD19_FWD_g.1274.peg.1094-MONOMER,0.0,-3.156845118992876e-07
ALCD19_REV_g.1274.peg.1875-MONOMER,0.0,-8.416250065504972e-08
ALCD19_FWD_g.1274.peg.1875-MONOMER,0.0,-3.6728576940214144e-07
ALCD19_REV_g.1274.peg.2784-MONOMER,0.0,-5.41403977576429e-08
ALCD19_FWD_g.1274.peg.2784-MONOMER,0.0,-3.372636665047346e-07
ALCD19_REV_g.1274.peg.5653-MONOMER,0.0,-3.544001667577551e-08
ALCD19_FWD_g.1274.peg.5653-MONOMER,0.0,-3.185632854228672e-07
ALCD19_REV_g.1274.peg.3926-MONOMER,0.0,-5.189038701046039e-08
ALCD19_FWD_g.1274.peg.3926-MONOMER,0.0,-3.3501365575755207e-07
ALCD19_REV_g.1274.peg.4424-MONOMER,0.0,-4.611944424395915e-08
ALCD19_FWD_g.1274.peg.4424-MONOMER,0.0,-3.2924271299105083e-07
ALCD19_REV_g.1274.peg.2812-MONOMER,0.0,-5.440784472429511e-08
ALCD19_FWD_g.1274.peg.2812-MONOMER,0.0,-3.375311134713868e-07
ALCD2x_REV_g.1274.peg.1094-MONOMER,0.0,-3.4824575505148353e-07
ALCD2x_FWD_g.1274.peg.1094-MONOMER,0.0,-5.8502738115237765e-40
ALCD2x_REV_g.1274.peg.1875-MONOMER,0.0,-3.9984701255433736e-07
ALCD2x_FWD_g.1274.peg.1875-MONOMER,0.0,-5.16012575028538e-08
ALCD2x_REV_g.1274.peg.2784-MONOMER,0.0,-3.698249096569305e-07
ALCD2x_FWD_g.1274.peg.2784-MONOMER,0.0,-2.157915460544697e-08
ALCD2x_REV_g.1274.peg.5653-MONOMER,0.0,-3.511245285750631e-07
ALCD2x_FWD_g.1274.peg.5653-MONOMER,0.0,-2.878773523579582e-09
ALCD2x_REV_g.1274.peg.3926-MONOMER,0.0,-3.67574898909748e-07
ALCD2x_FWD_g.1274.peg.3926-MONOMER,0.0,-1.9329143858264465e-08
ALCD2x_REV_g.1274.peg.4424-MONOMER,0.0,-3.6180395614324675e-07
ALCD2x_FWD_g.1274.peg.4424-MONOMER,0.0,-1.3558201091763224e-08
ALCD2x_REV_g.1274.peg.2812-MONOMER,0.0,-3.700923566235827e-07
ALCD2x_FWD_g.1274.peg.2812-MONOMER,0.0,-2.1846601572099187e-08
ALDD2x_REV_g.1274.peg.2851-MONOMER,0.0,3.255616439818607e-07
ALDD2x_FWD_g.1274.peg.2851-MONOMER,0.0,-7.456379144404449e-07
ALDD2x_REV_g.1274.peg.5917-MONOMER_mod_mg2(1),0.0,2.913247160557992e-07
ALDD2x_FWD_g.1274.peg.5917-MONOMER_mod_mg2(1),0.0,-7.798748423665063e-07
ALDD2x_REV_g.1274.peg.2033-MONOMER,0.0,3.1358786242361586e-07
ALDD2x_FWD_g.1274.peg.2033-MONOMER,0.0,-7.576116959986897e-07
ALDD2x_REV_g.1274.peg.6055-MONOMER,0.0,3.643822059375726e-07
ALDD2x_FWD_g.1274.peg.6055-MONOMER,0.0,-7.068173524847329e-07
ALDD2x_REV_g.1274.peg.4977-MONOMER,0.0,3.478094640696198e-07
ALDD2x_FWD_g.1274.peg.4977-MONOMER,0.0,-7.233900943526858e-07
ALDD8x_REV_g.1274.peg.2851-MONOMER,0.0,-1.7288986640433358e-07
ALDD8x_FWD_g.1274.peg.2851-MONOMER,0.0,-2.471864040542506e-07
ALDD8x_REV_g.1274.peg.5917-MONOMER_mod_mg2(1),0.0,-2.0712679433039504e-07
ALDD8x_FWD_g.1274.peg.5917-MONOMER_mod_mg2(1),0.0,-2.814233319803121e-07
ALDD8x_REV_g.1274.peg.2033-MONOMER,0.0,-1.8486364796257838e-07
ALDD8x_FWD_g.1274.peg.2033-MONOMER,0.0,-2.591601856124954e-07
ALDD8x_REV_g.1274.peg.6055-MONOMER,0.0,-1.3406930444862166e-07
ALDD8x_FWD_g.1274.peg.6055-MONOMER,0.0,-2.083658420985387e-07
ALDD8x_REV_g.1274.peg.4977-MONOMER,0.0,-1.5064204631657445e-07
ALDD8x_FWD_g.1274.peg.4977-MONOMER,0.0,-2.2493858396649148e-07
ALKP_REV_g.1274.peg.5634-MONOMER,0.0,-4.317759551732638e-07
ALKP_FWD_g.1274.peg.5634-MONOMER,0.0,-1.2361812508468775e-40
ALKP_REV_g.1274.peg.5043-MONOMER_mod_zn2(1)_mod_mg2(1),0.0,-4.830271105064182e-07
ALKP_FWD_g.1274.peg.5043-MONOMER_mod_zn2(1)_mod_mg2(1),0.0,-5.125115533315443e-08
ALKP_REV_g.1274.peg.4669-MONOMER,0.0,-4.36716505817479e-07
ALKP_FWD_g.1274.peg.4669-MONOMER,0.0,-4.940550644215218e-09
ALLTAMH2_REV_g.1274.peg.1231-MONOMER,0.0,-2.829589096299156e-07
ALLTAMH2_FWD_g.1274.peg.1231-MONOMER,0.0,0.0
ALLTNt2r_REV_g.1274.peg.280-MONOMER,0.0,0.0
ALLTNt2r_FWD_g.1274.peg.280-MONOMER,0.0,-3.289219606807918e-07
ALLTNt2r_REV_g.1274.peg.2249-MONOMER,0.0,-3.7974930700745775e-09
ALLTNt2r_FWD_g.1274.peg.2249-MONOMER,0.0,-3.327194537508664e-07
ALPHNH_REV_g.1274.peg.5737-MONOMER,0.0,-4.0024716017395576e-07
ALPHNH_FWD_g.1274.peg.5737-MONOMER,0.0,-7.692455536472105e-08
ALPHNH_REV_CPLX_ALPHNH-0,0.0,-3.76096045618599e-07
ALPHNH_FWD_CPLX_ALPHNH-0,0.0,-5.277344080936427e-08
ALPHNH_REV_CPLX_ALPHNH-2,0.0,-4.117534240032818e-07
ALPHNH_FWD_CPLX_ALPHNH-2,0.0,-8.843081919404704e-08
ALPHNH_REV_CPLX_ALPHNH-1,0.0,-3.233226048092347e-07
ALPHNH_FWD_CPLX_ALPHNH-1,0.0,3.1122338538561606e-41
AMANAPEr_REV_g.1274.peg.4450-MONOMER,0.0,3.167079604123158e-40
AMANAPEr_FWD_g.1274.peg.4450-MONOMER,0.0,-3.316346323201622e-07
AMANAPEr_REV_g.1274.peg.5289-MONOMER,0.0,-5.037685129329798e-08
AMANAPEr_FWD_g.1274.peg.5289-MONOMER,0.0,-3.8201148361346017e-07
AMAOTr_REV_398578.3.peg.1827-MONOMER_mod_pydx5p(1),0.0,-5.868331672538376e-41
AMAOTr_FWD_398578.3.peg.1827-MONOMER_mod_pydx5p(1),0.0,-3.6132308670824737e-07
AMID_REV_g.1274.peg.2541-MONOMER,0.0,-1.9256142106226454e-07
AMID_FWD_g.1274.peg.2541-MONOMER,0.0,0.0
AMID2_REV_g.1274.peg.2541-MONOMER,0.0,-1.9256142106226454e-07
AMID2_FWD_g.1274.peg.2541-MONOMER,0.0,2.314934988710259e-41
AMID4_REV_g.1274.peg.2541-MONOMER,0.0,-1.9256142106226454e-07
AMID4_FWD_g.1274.peg.2541-MONOMER,0.0,0.0
AMID5_REV_g.1274.peg.2541-MONOMER,0.0,-1.9256142106226454e-07
AMID5_FWD_g.1274.peg.2541-MONOMER,0.0,0.0
AMMQLT8_REV_CPLX_dummy,0.0,2.1563518650672366e-06
AMMQLT8_FWD_CPLX_dummy,0.0,-2.433899121331614e-06
AMOPBHL_REV_g.1274.peg.1574-MONOMER,0.0,-4.780010047791671e-07
AMOPBHL_FWD_g.1274.peg.1574-MONOMER,0.0,-8.561648623028436e-08
AMOPBHL_REV_g.1274.peg.5408-MONOMER,0.0,-3.9238451854888275e-07
AMOPBHL_FWD_g.1274.peg.5408-MONOMER,-4.833218523108235e-25,2.5882615340649483e-40
AMPMS2_REV_398578.3.peg.2304-MONOMER,0.0,-3.082408237323334e-07
AMPMS2_FWD_398578.3.peg.2304-MONOMER,5.997768866642629e-23,-2.859844130908068e-40
AMPN_REV_g.1274.peg.119-MONOMER,0.0,7.518381887231966e-07
AMPN_FWD_g.1274.peg.119-MONOMER,0.0,-1.0285665393478648e-06
AMPTASECG_REV_g.1274.peg.3961-MONOMER,0.0,5.248288219785535e-07
AMPTASECG_FWD_g.1274.peg.3961-MONOMER,0.0,-9.877497818667878e-07
AMPTASECG_REV_g.1274.peg.2206-MONOMER_mod_zn2(1),0.0,3.0031847687092876e-07
AMPTASECG_FWD_g.1274.peg.2206-MONOMER_mod_zn2(1),0.0,-1.2122601269744127e-06
AMPTASECG_REV_g.1274.peg.4659-MONOMER,0.0,6.212428244442739e-07
AMPTASECG_FWD_g.1274.peg.4659-MONOMER,0.0,-8.913357794010675e-07
AMPTASECG_REV_g.1274.peg.4790-MONOMER_mod_fe2(2),0.0,6.333981946717412e-07
AMPTASECG_FWD_g.1274.peg.4790-MONOMER_mod_fe2(2),0.0,-8.791804091736002e-07
AMPTASECG_REV_g.1274.peg.2757-MONOMER,0.0,5.902088771957425e-07
AMPTASECG_FWD_g.1274.peg.2757-MONOMER,0.0,-9.223697266495989e-07
AMPTASECG_REV_g.1274.peg.2527-MONOMER,0.0,5.27955962988293e-07
AMPTASECG_FWD_g.1274.peg.2527-MONOMER,0.0,-9.846226408570485e-07
AMPTASEGC_REV_g.1274.peg.3961-MONOMER,0.0,5.248288219785535e-07
AMPTASEGC_FWD_g.1274.peg.3961-MONOMER,0.0,-9.877497818667878e-07
AMPTASEGC_REV_g.1274.peg.2206-MONOMER_mod_zn2(1),0.0,3.0031847687092876e-07
AMPTASEGC_FWD_g.1274.peg.2206-MONOMER_mod_zn2(1),0.0,-1.2122601269744127e-06
AMPTASEGC_REV_g.1274.peg.4659-MONOMER,0.0,6.212428244442739e-07
AMPTASEGC_FWD_g.1274.peg.4659-MONOMER,0.0,-8.913357794010675e-07
AMPTASEGC_REV_g.1274.peg.4790-MONOMER_mod_fe2(2),0.0,6.333981946717412e-07
AMPTASEGC_FWD_g.1274.peg.4790-MONOMER_mod_fe2(2),0.0,-8.791804091736002e-07
AMPTASEGC_REV_g.1274.peg.2757-MONOMER,0.0,5.902088771957425e-07
AMPTASEGC_FWD_g.1274.peg.2757-MONOMER,0.0,-9.223697266495989e-07
AMPTASEGC_REV_g.1274.peg.2527-MONOMER,0.0,5.27955962988293e-07
AMPTASEGC_FWD_g.1274.peg.2527-MONOMER,0.0,-9.846226408570485e-07
AMPt2_REV_CPLX_dummy,0.0,-2.7754725626437756e-07
AMPt2_FWD_CPLX_dummy,0.0027288393172481286,-3.8658731955628715e-41
ANPRT_REV_398578.3.peg.768-MONOMER,0.0,-3.4592418529895187e-07
ANPRT_FWD_398578.3.peg.768-MONOMER,0.0,9.399093891812192e-41
ANS_REV_398578.3.peg.751-MONOMER,0.0,1.3303627317110173e-06
ANS_FWD_398578.3.peg.751-MONOMER,0.0,-1.6212775595900369e-06
ANS_REV_398578.3.peg.767-MONOMER,0.0,1.3685233736999765e-06
ANS_FWD_398578.3.peg.767-MONOMER,0.0,-1.5831169176010777e-06
ANS2_REV_398578.3.peg.751-MONOMER,0.0,1.3677782007027444e-06
ANS2_FWD_398578.3.peg.751-MONOMER,0.0,-1.658693028581764e-06
ANS2_REV_398578.3.peg.767-MONOMER,0.0,1.4059388426917037e-06
ANS2_FWD_398578.3.peg.767-MONOMER,0.0,-1.6205323865928048e-06
AOXSr_REV_g.1274.peg.132-MONOMER,0.0,-4.356757091998367e-07
AOXSr_FWD_g.1274.peg.132-MONOMER,0.0,-1.4830539350106984e-39
AOXSr2_REV_398578.3.peg.1825-MONOMER,0.0,1.24191206153814e-35
AOXSr2_FWD_398578.3.peg.1825-MONOMER,0.0,-5.356421816763398e-07
AP4AH_REV_g.1274.peg.1636-MONOMER,0.0,-1.9620849206693402e-07
AP4AH_FWD_g.1274.peg.1636-MONOMER,0.0,-4.0805471157605644e-41
APATr_REV_g.1274.peg.5365-MONOMER,0.0,-3.718816835013566e-07
APATr_FWD_g.1274.peg.5365-MONOMER,0.5124348888933139,-3.6082845499848057e-35
APRAUR_REV_398578.3.peg.5181-MONOMER,0.0,-4.872149600572161e-07
APRAUR_FWD_398578.3.peg.5181-MONOMER,0.0002011459898550658,-2.532441262180827e-39
APSRmq_REV_398578.3.peg.4636-MONOMER,0.0,-2.86090838964583e-07
APSRmq_FWD_398578.3.peg.4636-MONOMER,0.0,7.928284930098024e-41
ARAI_REV_g.1274.peg.6010-MONOMER,0.0,-3.885171226198819e-08
ARAI_FWD_g.1274.peg.6010-MONOMER,0.0,-6.164335109219789e-08
ARAI_REV_g.1274.peg.3962-MONOMER,0.0,6.199619389580346e-41
ARAI_FWD_g.1274.peg.3962-MONOMER,0.0,-2.27916388302097e-08
ARBTpts_REV_g.1274.peg.3316-MONOMER,0.0,-3.082653102857433e-07
ARBTpts_FWD_g.1274.peg.3316-MONOMER,0.0,0.0
ARBTpts_REV_g.1274.peg.1695-MONOMER,0.0,-4.1468379594149354e-07
ARBTpts_FWD_g.1274.peg.1695-MONOMER,0.0,-1.0641848565575023e-07
ARBabc_REV_g.1274.peg.4430-MONOMER,0.0,-2.0201661875947438e-07
ARBabc_FWD_g.1274.peg.4430-MONOMER,0.0,-4.984093462732251e-40
ARGDC_REV_g.1274.peg.2879-MONOMER_mod_pydx5p(1),0.0,-5.81567711982023e-07
ARGDC_FWD_g.1274.peg.2879-MONOMER_mod_pydx5p(1),0.0,3.4182172588898666e-41
ARGN_REV_g.1274.peg.5878-MONOMER,0.0,-2.1514587865057638e-07
ARGN_FWD_g.1274.peg.5878-MONOMER,0.0,-1.4777851854236373e-07
ARGSL_REV_398578.3.peg.5298-MONOMER,1.2792361216460369e-23,-9.459868359698567e-35
ARGSL_FWD_398578.3.peg.5298-MONOMER,0.0,-2.989541617165414e-07
ARGSS_REV_398578.3.peg.4758-MONOMER_mod_mg2(1),0.0,2.8507452362636625e-07
ARGSS_FWD_398578.3.peg.4758-MONOMER_mod_mg2(1),0.0,-6.619912907356648e-07
ARGt2r_REV_CPLX_dummy,0.0,-2.7754725626437756e-07
ARGt2r_FWD_CPLX_dummy,0.012024486899523417,5.895065454657372e-41
AROH_REV_398578.3.peg.1865-MONOMER,0.0,-7.116048462338069e-08
AROH_FWD_398578.3.peg.1865-MONOMER,0.0,-1.6431666074643252e-07
AROH_REV_398578.3.peg.735-MONOMER,0.0,-4.561745200913695e-08
AROH_FWD_398578.3.peg.735-MONOMER,0.0,-1.3877362813218878e-07
ASAD_REV_398578.3.peg.5221-MONOMER,0.0,-3.9991054025672307e-07
ASAD_FWD_398578.3.peg.5221-MONOMER,0.0,1.7534986559463348e-39
ASNt2r_REV_CPLX_dummy,0.0,-2.7754725626437756e-07
ASNt2r_FWD_CPLX_dummy,0.003744934042063557,-7.936876290324378e-41
ASO3t_REV_g.1274.peg.3491-MONOMER,0.0,0.0
ASO3t_FWD_g.1274.peg.3491-MONOMER,0.0,-5.538714822118149e-07
ASO4t_REV_g.1274.peg.3491-MONOMER,0.0,0.0
ASO4t_FWD_g.1274.peg.3491-MONOMER,0.0,-5.538714822118149e-07
ASP1DC_REV_398578.3.peg.1828-MONOMER,0.0,-8.87172097983099e-08
ASP1DC_FWD_398578.3.peg.1828-MONOMER,0.5125354757281513,-5.263918704172557e-40
ASPCT_REV_398578.3.peg.1578-MONOMER,0.0,1.352664891196549e-06
ASPCT_FWD_398578.3.peg.1578-MONOMER,0.0,-1.6993772288448958e-06
ASPKi_REV_398578.3.peg.2502-MONOMER,0.0,1.6992510937881467e-06
ASPKi_FWD_398578.3.peg.2502-MONOMER,0.0,-2.207265007459012e-06
ASPO1_REV_g.1274.peg.1825-MONOMER,0.0,-5.2760622648888545e-08
ASPO1_FWD_g.1274.peg.1825-MONOMER,0.0,-4.014793337457081e-07
ASPO5_REV_CPLX_dummy,0.0,1724.721566410513
ASPO5_FWD_CPLX_dummy,0.0,-1724.7215666880604
ASPO6_REV_g.1274.peg.1825-MONOMER,0.0,1724.7215659123144
ASPO6_FWD_g.1274.peg.1825-MONOMER,0.0,-1724.7215663665543
ASPO7_REV_398578.3.peg.2142-MONOMER_mod_fad(1),0.0,1724.7215690569108
ASPO7_FWD_398578.3.peg.2142-MONOMER_mod_fad(1),0.0,-1724.7215694562378
ASPT_REV_398578.3.peg.2502-MONOMER,0.0,-3.499767878438625e-07
ASPT_FWD_398578.3.peg.2502-MONOMER,0.0,-1.580371258270028e-07
ASPTA_REV_398578.3.peg.3523-MONOMER,0.0,-3.041618012327085e-08
ASPTA_FWD_398578.3.peg.3523-MONOMER,0.0,-2.690530768206497e-07
ASPTA_REV_398578.3.peg.4270-MONOMER,0.0,-8.599473293007713e-08
ASPTA_FWD_398578.3.peg.4270-MONOMER,0.0,-3.24631629627456e-07
ASPTA_REV_398578.3.peg.5750-MONOMER,0.0,-8.208657946428265e-08
ASPTA_FWD_398578.3.peg.5750-MONOMER,0.0,-3.207234761616615e-07
ASPTA_REV_398578.3.peg.2808-MONOMER,0.0,-6.816097357259708e-08
ASPTA_FWD_398578.3.peg.2808-MONOMER,0.0,-3.0679787026997595e-07
ASPTA_REV_398578.3.peg.5653-MONOMER,0.7675657861876988,-8.462848375416913e-37
ASPTA_FWD_398578.3.peg.5653-MONOMER,0.0,-2.386368966973789e-07
ASPTA_REV_398578.3.peg.2834-MONOMER,0.0,-3.274038554332678e-08
ASPTA_FWD_398578.3.peg.2834-MONOMER,0.0,-2.713772822407056e-07
ASPTA_REV_398578.3.peg.3986-MONOMER,0.0,-6.039471218562287e-08
ASPTA_FWD_398578.3.peg.3986-MONOMER,0.0,-2.9903160888300173e-07
ASPabc_REV_CPLX_ASPabc-3,0.0,6.339822357948328e-07
ASPabc_FWD_CPLX_ASPabc-3,0.0,-9.07437531966053e-07
ASPabc_REV_CPLX_ASPabc-4,0.0,6.123927010705028e-07
ASPabc_FWD_CPLX_ASPabc-4,0.0,-9.290270666903828e-07
ASPabc_REV_CPLX_ASPabc-1,0.0,6.219310420573617e-07
ASPabc_FWD_CPLX_ASPabc-1,0.0,-9.19488725703524e-07
ASPabc_REV_CPLX_ASPabc-5,0.0,6.317576882764078e-07
ASPabc_FWD_CPLX_ASPabc-5,0.0,-9.09662079484478e-07
ASPabc_REV_CPLX_ASPabc-0,0.0,6.44508567723895e-07
ASPabc_FWD_CPLX_ASPabc-0,0.0,-8.969112000369907e-07
ASPabc_REV_CPLX_ASPabc-2,0.0,6.241197314850254e-07
ASPabc_FWD_CPLX_ASPabc-2,0.0,-9.173000362758602e-07
ASPt2_2_REV_g.1274.peg.2324-MONOMER,0.24580189544354702,1.6204445351286751e-40
ASPt2_2_FWD_g.1274.peg.2324-MONOMER,0.0,-4.129433615005792e-07
ASPte_REV_CPLX_dummy,0.0,8.021926611548607e-08
ASPte_FWD_CPLX_dummy,0.0,-3.577665223798636e-07
ATPPRT_REV_398578.3.peg.4992-MONOMER,0.0,-2.5460525950601387e-07
ATPPRT_FWD_398578.3.peg.4992-MONOMER,0.0,-1.645113395982322e-08
ATPPRT_REV_398578.3.peg.5500-MONOMER,0.0,-2.8025240840947964e-07
ATPPRT_FWD_398578.3.peg.5500-MONOMER,0.0,-4.209828286328899e-08
ATPPRT_REV_398578.3.peg.5508-MONOMER,0.0,-2.3815412554619065e-07
ATPPRT_FWD_398578.3.peg.5508-MONOMER,0.0,-6.527537791764572e-41
ATPS4_REV_CPLX_dummy,0.0,-2.7754725626437756e-07
ATPS4_FWD_CPLX_dummy,1.1472491767076982,-2.4747872398760374e-40
BACCLi_REV_g.1274.peg.5658-MONOMER,0.0,-3.7701671146610095e-07
BACCLi_FWD_g.1274.peg.5658-MONOMER,0.0,3.6308961965701885e-41
BACCLi_REV_g.1274.peg.934-MONOMER,0.0,-4.6512398425649987e-07
BACCLi_FWD_g.1274.peg.934-MONOMER,0.0,-8.81072727903989e-08
BAMPPALDOX_REV_g.1274.peg.2851-MONOMER,0.0,-3.812557085028723e-07
BAMPPALDOX_FWD_g.1274.peg.2851-MONOMER,0.0,-3.882056195571194e-08
BAMPPALDOX_REV_g.1274.peg.5917-MONOMER_mod_mg2(1),0.0,-4.1549263642893373e-07
BAMPPALDOX_FWD_g.1274.peg.5917-MONOMER_mod_mg2(1),0.0,-7.30574898817734e-08
BAMPPALDOX_REV_g.1274.peg.2033-MONOMER,0.0,-3.9322949006111706e-07
BAMPPALDOX_FWD_g.1274.peg.2033-MONOMER,0.0,-5.079434351395671e-08
BAMPPALDOX_REV_g.1274.peg.6055-MONOMER,0.0,-3.4243514654716037e-07
BAMPPALDOX_FWD_g.1274.peg.6055-MONOMER,0.0,-1.9143868733432195e-40
BAMPPALDOX_REV_g.1274.peg.4977-MONOMER,0.0,-3.5900788841511316e-07
BAMPPALDOX_FWD_g.1274.peg.4977-MONOMER,0.0,-1.6572741867952797e-08
BCDO_REV_g.1274.peg.73-MONOMER,0.0,-3.40979703935412e-07
BCDO_FWD_g.1274.peg.73-MONOMER,0.0,2.1930822574271016e-40
BDH_REV_g.1274.peg.2986-MONOMER,0.0,-3.4853550466559983e-07
BDH_FWD_g.1274.peg.2986-MONOMER,0.0,-1.8279484837850197e-08
BDH_REV_g.1274.peg.3161-MONOMER,0.0,-3.7572210508880896e-07
BDH_FWD_g.1274.peg.3161-MONOMER,0.0,-4.546608526105934e-08
BDH_REV_g.1274.peg.2345-MONOMER,0.0,-4.019202305795173e-07
BDH_FWD_g.1274.peg.2345-MONOMER,0.0,-7.166421075176769e-08
BDH_REV_g.1274.peg.5747-MONOMER,0.0,-3.3964031168098215e-07
BDH_FWD_g.1274.peg.5747-MONOMER,0.0,-9.3842918532325e-09
BDH_REV_g.1274.peg.1434-MONOMER,0.0,-3.6190946271892604e-07
BDH_FWD_g.1274.peg.1434-MONOMER,0.0,-3.165344289117641e-08
BDH_REV_g.1274.peg.309-MONOMER,0.0,-3.3025601982774967e-07
BDH_FWD_g.1274.peg.309-MONOMER,7.361464030277863e-25,-5.316944671231974e-40
BHBtp_REV_g.1274.peg.2967-MONOMER,-1.1042196045416796e-24,-6.801266186230572e-41
BHBtp_FWD_g.1274.peg.2967-MONOMER,0.0,-4.4439333932721445e-07
BPNT_REV_CPLX_dummy,0.0,9.22048243027101e-07
BPNT_FWD_CPLX_dummy,0.0,-1.1995954992914786e-06
BTDD_RR_REV_g.1274.peg.2072-MONOMER,0.0,-3.432416974835443e-07
BTDD_RR_FWD_g.1274.peg.2072-MONOMER,0.0,-2.4810302770127767e-40
BTNCLi_REV_g.1274.peg.546-MONOMER,0.0,9.695350063754553e-07
BTNCLi_FWD_g.1274.peg.546-MONOMER,0.0,-1.2113471256040653e-06
BTNCLi_REV_CPLX_BTNCLi-1,0.0,9.449216414947923e-07
BTNCLi_FWD_CPLX_BTNCLi-1,0.0,-1.2359604904847283e-06
BTNCLi_REV_CPLX_BTNCLi-2,0.0,9.323115561126202e-07
BTNCLi_FWD_CPLX_BTNCLi-2,0.0,-1.2485705758669004e-06
BTNCLi_REV_CPLX_BTNCLi-0,0.0,9.336813134321774e-07
BTNCLi_FWD_CPLX_BTNCLi-0,0.0,-1.247200818547343e-06
BTND1_REV_g.1274.peg.1236-MONOMER_mod_zn2(1),0.0,-3.4771535788798343e-07
BTND1_FWD_g.1274.peg.1236-MONOMER_mod_zn2(1),0.0,-6.7497586091276295e-40
BTNabc_REV_g.1274.peg.4639-MONOMER,0.0,-3.8296100114419255e-07
BTNabc_FWD_g.1274.peg.4639-MONOMER,0.0,-1.937339240697868e-40
BTS4_REV_398578.3.peg.3764-MONOMER_mod_4fe4s(1)_mod_2fe2s(1),0.0,3641.5678720146616
BTS4_FWD_398578.3.peg.3764-MONOMER_mod_4fe4s(1)_mod_2fe2s(1),0.0,0.0
BUP2_REV_g.1274.peg.5502-MONOMER_mod_4fe4s(1)_mod_mn2(1),0.0,1597.5208594050696
BUP2_FWD_g.1274.peg.5502-MONOMER_mod_4fe4s(1)_mod_mn2(1),0.0,-4792.562579497808
BUP2_REV_g.1274.peg.5502-MONOMER_mod_2fe2s(1)_mod_mn2(1),0.0,6390.083438902878
BUP2_FWD_g.1274.peg.5502-MONOMER_mod_2fe2s(1)_mod_mn2(1),0.0,0.0
BUP2_REV_g.1274.peg.5502-MONOMER_mod_mn2(1),0.0,3195.0417191908014
BUP2_FWD_g.1274.peg.5502-MONOMER_mod_mn2(1),0.0,-3195.0417197120764
BUTCT_REV_CPLX_dummy,0.0,-2.7754725626437756e-07
BUTCT_FWD_CPLX_dummy,0.0,-1.1912719910660814e-39
BUTSO3abc_REV_CPLX_BUTSO3abc-11,0.0,-3.2463235742062056e-07
BUTSO3abc_FWD_CPLX_BUTSO3abc-11,0.0,5.169323234741697e-40
BUTSO3abc_REV_CPLX_BUTSO3abc-28,0.0,-3.582561690445011e-07
BUTSO3abc_FWD_CPLX_BUTSO3abc-28,0.0,-3.36238116238805e-08
BUTSO3abc_REV_CPLX_BUTSO3abc-24,0.0,-3.6394065884945347e-07
BUTSO3abc_FWD_CPLX_BUTSO3abc-24,0.0,-3.930830142883285e-08
BUTSO3abc_REV_CPLX_BUTSO3abc-5,0.0,-3.439681013421121e-07
BUTSO3abc_FWD_CPLX_BUTSO3abc-5,0.0,-1.9335743921491464e-08
BUTSO3abc_REV_CPLX_BUTSO3abc-13,0.0,-3.6191834547523713e-07
BUTSO3abc_FWD_CPLX_BUTSO3abc-13,0.0,-3.728598805461656e-08
BUTSO3abc_REV_CPLX_BUTSO3abc-14,0.0,-3.4605828056138985e-07
BUTSO3abc_FWD_CPLX_BUTSO3abc-14,0.0,-2.1425923140769254e-08
BUTSO3abc_REV_CPLX_BUTSO3abc-17,0.0,-3.3769195415432686e-07
BUTSO3abc_FWD_CPLX_BUTSO3abc-17,0.0,-1.3059596733706243e-08
BUTSO3abc_REV_CPLX_BUTSO3abc-29,0.0,-3.420203867626561e-07
BUTSO3abc_FWD_CPLX_BUTSO3abc-29,0.0,-1.7388029342035513e-08
BUTSO3abc_REV_CPLX_BUTSO3abc-18,0.0,-3.688803518339631e-07
BUTSO3abc_FWD_CPLX_BUTSO3abc-18,0.0,-4.424799441334248e-08
BUTSO3abc_REV_CPLX_BUTSO3abc-15,0.0,-3.5366457251121474e-07
BUTSO3abc_FWD_CPLX_BUTSO3abc-15,0.0,-2.903221509059414e-08
BUTSO3abc_REV_CPLX_BUTSO3abc-25,0.0,-3.6480017254976586e-07
BUTSO3abc_FWD_CPLX_BUTSO3abc-25,0.0,-4.016781512914529e-08
BUTSO3abc_REV_CPLX_BUTSO3abc-20,0.0,-3.546997195939901e-07
BUTSO3abc_FWD_CPLX_BUTSO3abc-20,0.0,-3.0067362173369516e-08
BUTSO3abc_REV_CPLX_BUTSO3abc-7,0.0,-3.473272977104934e-07
BUTSO3abc_FWD_CPLX_BUTSO3abc-7,0.0,-2.269494028987285e-08
BUTSO3abc_REV_CPLX_BUTSO3abc-0,0.0,-3.6638561397261205e-07
BUTSO3abc_FWD_CPLX_BUTSO3abc-0,0.0,-4.175325655199147e-08
BUTSO3abc_REV_CPLX_BUTSO3abc-21,0.0,-3.618086785156689e-07
BUTSO3abc_FWD_CPLX_BUTSO3abc-21,0.0,-3.717632109504833e-08
BUTSO3abc_REV_CPLX_BUTSO3abc-6,0.0,-3.4454292302406447e-07
BUTSO3abc_FWD_CPLX_BUTSO3abc-6,0.0,-1.99105656034439e-08
BUTSO3abc_REV_CPLX_BUTSO3abc-2,0.0,-3.519734826482273e-07
BUTSO3abc_FWD_CPLX_BUTSO3abc-2,0.0,-2.7341125227606696e-08
BUTSO3abc_REV_CPLX_BUTSO3abc-27,0.0,-3.5693147111735837e-07
BUTSO3abc_FWD_CPLX_BUTSO3abc-27,0.0,-3.2299113696737773e-08
BUTSO3abc_REV_CPLX_BUTSO3abc-4,0.0,-3.601621438723317e-07
BUTSO3abc_FWD_CPLX_BUTSO3abc-4,0.0,-3.552978645171112e-08
BUTSO3abc_REV_CPLX_BUTSO3abc-22,0.0,-3.625526983650367e-07
BUTSO3abc_FWD_CPLX_BUTSO3abc-22,0.0,-3.7920340944416114e-08
BUTSO3abc_REV_CPLX_BUTSO3abc-26,0.0,-3.4980478916489066e-07
BUTSO3abc_FWD_CPLX_BUTSO3abc-26,0.0,-2.51724317442701e-08
BUTSO3abc_REV_CPLX_BUTSO3abc-8,0.0,-3.3151816092817795e-07
BUTSO3abc_FWD_CPLX_BUTSO3abc-8,0.0,-6.8858035075573535e-09
BUTSO3abc_REV_CPLX_BUTSO3abc-23,0.0,-3.4681366838713057e-07
BUTSO3abc_FWD_CPLX_BUTSO3abc-23,0.0,-2.2181310966510003e-08
BUTSO3abc_REV_CPLX_BUTSO3abc-1,0.0,-3.6684744999464066e-07
BUTSO3abc_FWD_CPLX_BUTSO3abc-1,0.0,-4.221509257402007e-08
BUTSO3abc_REV_CPLX_BUTSO3abc-10,0.0,-3.413683482109295e-07
BUTSO3abc_FWD_CPLX_BUTSO3abc-10,0.0,-1.673599079030891e-08
BUTSO3abc_REV_CPLX_BUTSO3abc-19,0.0,-3.6915722494042473e-07
BUTSO3abc_FWD_CPLX_BUTSO3abc-19,0.0,-4.452486751980412e-08
BUTSO3abc_REV_CPLX_BUTSO3abc-9,0.0,-3.3820011590484193e-07
BUTSO3abc_FWD_CPLX_BUTSO3abc-9,0.0,-1.3567758484221346e-08
BUTSO3abc_REV_CPLX_BUTSO3abc-16,0.0,-3.5499399317162424e-07
BUTSO3abc_FWD_CPLX_BUTSO3abc-16,0.0,-3.036163575100365e-08
BUTSO3abc_REV_CPLX_BUTSO3abc-12,0.0,-3.611217852769321e-07
BUTSO3abc_FWD_CPLX_BUTSO3abc-12,0.0,-3.6489427856311496e-08
BUTSO3abc_REV_CPLX_BUTSO3abc-3,0.0,-3.5921610404268327e-07
BUTSO3abc_FWD_CPLX_BUTSO3abc-3,0.0,-3.458374662206269e-08
BUTt2_REV_CPLX_dummy,0.0,-2.7754725626437756e-07
BUTt2_FWD_CPLX_dummy,0.0,-2.70611123689401e-40
BZAMAH_REV_g.1274.peg.2541-MONOMER,0.0,-1.9256142106226454e-07
BZAMAH_FWD_g.1274.peg.2541-MONOMER,0.0,0.0
CATDOX_REV_g.1274.peg.151-MONOMER,0.0,-2.24826223615172e-07
CATDOX_FWD_g.1274.peg.151-MONOMER,0.0,7.556524553294091e-40
CATDOX_REV_g.1274.peg.2514-MONOMER,0.0,-2.3520182106619515e-07
CATDOX_FWD_g.1274.peg.2514-MONOMER,0.0,-1.037559745102315e-08
CAt4i_REV_CPLX_dummy,0.0,-2.7754725626437756e-07
CAt4i_FWD_CPLX_dummy,0.0,0.0
CBIAT_REV_g.1274.peg.2254-MONOMER,0.0,2.941649481623958e-40
CBIAT_FWD_g.1274.peg.2254-MONOMER,0.0,-1.3400944606201522e-07
CBL1abc_REV_CPLX_CBL1abc-16,0.0,-3.9368743639505653e-07
CBL1abc_FWD_CPLX_CBL1abc-16,0.0,-7.1155235749374574e-09
CBL1abc_REV_CPLX_CBL1abc-18,0.0,-4.2181898864343305e-07
CBL1abc_FWD_CPLX_CBL1abc-18,0.0,-3.524707582331397e-08
CBL1abc_REV_CPLX_CBL1abc-22,0.0,-4.1309973964124785e-07
CBL1abc_FWD_CPLX_CBL1abc-22,0.0,-2.6527826821128756e-08
CBL1abc_REV_CPLX_CBL1abc-6,0.0,-4.013782465856476e-07
CBL1abc_FWD_CPLX_CBL1abc-6,0.0,-1.4806333765528518e-08
CBL1abc_REV_CPLX_CBL1abc-1,0.0,-4.088125849243664e-07
CBL1abc_FWD_CPLX_CBL1abc-1,0.0,-2.2240672104247288e-08
CBL1abc_REV_CPLX_CBL1abc-5,0.0,-4.080273983871219e-07
CBL1abc_FWD_CPLX_CBL1abc-5,0.0,-2.1455485567002818e-08
CBL1abc_REV_CPLX_CBL1abc-14,0.0,-3.879214096888657e-07
CBL1abc_FWD_CPLX_CBL1abc-14,0.0,-1.3494968687466481e-09
CBL1abc_REV_CPLX_CBL1abc-8,0.0,-3.8657191282011906e-07
CBL1abc_FWD_CPLX_CBL1abc-8,0.0,0.0
CBL1abc_REV_CPLX_CBL1abc-12,0.0,-4.031642609086668e-07
CBL1abc_FWD_CPLX_CBL1abc-12,0.0,-1.6592348088547718e-08
CBL1abc_REV_CPLX_CBL1abc-7,0.0,-3.9016719338005187e-07
CBL1abc_FWD_CPLX_CBL1abc-7,0.0,-3.595280559932758e-09
CBL1abc_REV_CPLX_CBL1abc-23,0.0,-4.102687683771753e-07
CBL1abc_FWD_CPLX_CBL1abc-23,0.0,-2.369685555705623e-08
CBL1abc_REV_CPLX_CBL1abc-3,0.0,-4.2194178283379587e-07
CBL1abc_FWD_CPLX_CBL1abc-3,0.0,-3.53698700136768e-08
CBL1abc_REV_CPLX_CBL1abc-2,0.0,-4.0584775235413245e-07
CBL1abc_FWD_CPLX_CBL1abc-2,0.0,-1.9275839534013376e-08
CBL1abc_REV_CPLX_CBL1abc-20,0.0,-4.080942460450165e-07
CBL1abc_FWD_CPLX_CBL1abc-20,0.0,-2.152233322489744e-08
CBL1abc_REV_CPLX_CBL1abc-17,0.0,-3.9014509910312853e-07
CBL1abc_FWD_CPLX_CBL1abc-17,0.0,-3.573186283009465e-09
CBL1abc_REV_CPLX_CBL1abc-21,0.0,-4.2402502653448025e-07
CBL1abc_FWD_CPLX_CBL1abc-21,0.0,-3.745311371436117e-08
CBL1abc_REV_CPLX_CBL1abc-19,0.0,-4.1098555792782515e-07
CBL1abc_FWD_CPLX_CBL1abc-19,0.0,-2.4413645107706078e-08
CBL1abc_REV_CPLX_CBL1abc-10,0.0,-3.9221999644908516e-07
CBL1abc_FWD_CPLX_CBL1abc-10,0.0,-5.648083628966059e-09
CBL1abc_REV_CPLX_CBL1abc-9,0.0,-4.0353069335721914e-07
CBL1abc_FWD_CPLX_CBL1abc-9,0.0,-1.6958780537100034e-08
CBL1abc_REV_CPLX_CBL1abc-11,0.0,-3.8867957045859845e-07
CBL1abc_FWD_CPLX_CBL1abc-11,0.0,-2.107657638479366e-09
CBL1abc_REV_CPLX_CBL1abc-13,0.0,-3.915262082321761e-07
CBL1abc_FWD_CPLX_CBL1abc-13,0.0,-4.9542954120570135e-09
CBL1abc_REV_CPLX_CBL1abc-15,0.0,-4.054342477048085e-07
CBL1abc_FWD_CPLX_CBL1abc-15,0.0,-1.8862334884689426e-08
CBL1abc_REV_CPLX_CBL1abc-4,0.0,-4.109316368690151e-07
CBL1abc_FWD_CPLX_CBL1abc-4,0.0,-2.435972404889599e-08
CBL1abc_REV_CPLX_CBL1abc-0,0.0,-4.1972920311526205e-07
CBL1abc_FWD_CPLX_CBL1abc-0,0.0,-3.315729029514297e-08
CBL2abc_REV_CPLX_ADOCBLabc-4,0.0,-3.649857101639666e-07
CBL2abc_FWD_CPLX_ADOCBLabc-4,0.0,-2.5854066096579215e-08
CBL2abc_REV_CPLX_ADOCBLabc-0,0.0,-3.4334427287827575e-07
CBL2abc_FWD_CPLX_ADOCBLabc-0,0.0,-4.2126288108883325e-09
CBL2abc_REV_CPLX_ADOCBLabc-2,0.0,-3.4872267961758955e-07
CBL2abc_FWD_CPLX_ADOCBLabc-2,0.0,-9.591035550202147e-09
CBL2abc_REV_CPLX_ADOCBLabc-3,0.0,-3.3913164406738743e-07
CBL2abc_FWD_CPLX_ADOCBLabc-3,0.0,-7.770652932107492e-41
CBL2abc_REV_CPLX_ADOCBLabc-5,0.0,-3.4477989826271346e-07
CBL2abc_FWD_CPLX_ADOCBLabc-5,0.0,-5.648254195326022e-09
CBL2abc_REV_CPLX_ADOCBLabc-1,0.0,-3.693267992411957e-07
CBL2abc_FWD_CPLX_ADOCBLabc-1,0.0,-3.019515517380828e-08
CBPS_REV_398578.3.peg.4913-MONOMER,0.0,1.6860941361915916e-06
CBPS_FWD_398578.3.peg.4913-MONOMER,0.0,-2.084278812936605e-06
CBPS_REV_398578.3.peg.4914-MONOMER,0.0,1.7099394058579034e-06
CBPS_FWD_398578.3.peg.4914-MONOMER,0.0,-2.060433543270293e-06
CCOuq_REV_CPLX_dummy,0.0,-1.3211032383974512e-07
CCOuq_FWD_CPLX_dummy,0.0,-1.4543693242463244e-07
CD2abc1_REV_g.1274.peg.2547-MONOMER,0.0,5.222806301067204e-07
CD2abc1_FWD_g.1274.peg.2547-MONOMER,0.0,-1.0603131190756278e-06
CD2abc1_REV_g.1274.peg.4185-MONOMER,0.0,5.486216381605531e-07
CD2abc1_FWD_g.1274.peg.4185-MONOMER,0.0,-1.0339721110217951e-06
CD2abc1_REV_g.1274.peg.594-MONOMER,0.0,5.728965786134329e-07
CD2abc1_FWD_g.1274.peg.594-MONOMER,0.0,-1.0096971705689153e-06
CD2abc1_REV_g.1274.peg.3914-MONOMER,0.0,5.549079635728176e-07
CD2abc1_FWD_g.1274.peg.3914-MONOMER,0.0,-1.0276857856095305e-06
CD2t6r_REV_g.1274.peg.4076-MONOMER,0.0,-2.671778487109032e-07
CD2t6r_FWD_g.1274.peg.4076-MONOMER,0.0,-4.85648266941936e-36
CD2t6r_REV_g.1274.peg.3921-MONOMER,0.0,-3.342623052182352e-07
CD2t6r_FWD_g.1274.peg.3921-MONOMER,0.0,-6.708445650733203e-08
CD2t6r_REV_g.1274.peg.1283-MONOMER,0.0,-2.7155258172080144e-07
CD2t6r_FWD_g.1274.peg.1283-MONOMER,0.0,-4.374733009898223e-09
CDOSKT_REV_g.1274.peg.3072-MONOMER,0.0,-3.3100496932839437e-07
CDOSKT_FWD_g.1274.peg.3072-MONOMER,0.0008121829278921173,4.705854440966455e-40
CDPEAS_REV_g.1274.peg.43-MONOMER,0.0,-2.1713046643203108e-40
CDPEAS_FWD_g.1274.peg.43-MONOMER,0.0,-2.67561071631488e-07
CDPGHL_REV_g.1274.peg.169-MONOMER,0.0,-3.4666701059002253e-07
CDPGHL_FWD_g.1274.peg.169-MONOMER,0.0,0.0
CDPMEK_REV_g.1274.peg.4580-MONOMER_mod_mg2(1),0.0,-2.6174066043533997e-07
CDPMEK_FWD_g.1274.peg.4580-MONOMER_mod_mg2(1),0.00893401220681329,2.126654254256355e-39
CGLYabc_REV_g.1274.peg.5591-MONOMER,0.0,-2.837826572054073e-07
CGLYabc_FWD_g.1274.peg.5591-MONOMER,0.0,-2.965461058512169e-08
CGLYabc_REV_g.1274.peg.2950-MONOMER,0.0,-2.5412804662028563e-07
CGLYabc_FWD_g.1274.peg.2950-MONOMER,0.0,5.322103197119572e-40
CGLYabc_REV_g.1274.peg.5274-MONOMER,0.0,-2.929523125464902e-07
CGLYabc_FWD_g.1274.peg.5274-MONOMER,0.0,-3.8824265926204573e-08
CGLYabc_REV_g.1274.peg.5415-MONOMER,0.0,-2.787895573195001e-07
CGLYabc_FWD_g.1274.peg.5415-MONOMER,0.0,-2.4661510699214444e-08
CGLYabc_REV_g.1274.peg.5937-MONOMER,0.0,-2.617719387662365e-07
CGLYabc_FWD_g.1274.peg.5937-MONOMER,0.0,-7.643892145950868e-09
CHLt2r_REV_g.1274.peg.4602-MONOMER,0.0,-1.7149608288354702e-41
CHLt2r_FWD_g.1274.peg.4602-MONOMER,0.0,-3.205710245533899e-07
CHOLD_REV_g.1274.peg.1094-MONOMER,0.0,-3.414168127563949e-07
CHOLD_FWD_g.1274.peg.1094-MONOMER,0.0,-6.82894229508868e-09
CHOLD_REV_g.1274.peg.5616-MONOMER,0.0,-3.345878704613062e-07
CHOLD_FWD_g.1274.peg.5616-MONOMER,0.0,-7.999536048775079e-40
CHOLD_REV_g.1274.peg.1875-MONOMER,0.0,-3.9301807025924867e-07
CHOLD_FWD_g.1274.peg.1875-MONOMER,0.0,-5.843019979794248e-08
CHOLD_REV_g.1274.peg.2784-MONOMER,0.0,-3.629959673618418e-07
CHOLD_FWD_g.1274.peg.2784-MONOMER,0.0,-2.840809690053565e-08
CHOLD_REV_g.1274.peg.459-MONOMER,0.0,-3.812924201237328e-07
CHOLD_FWD_g.1274.peg.459-MONOMER,0.0,-4.670454966242665e-08
CHOLD_REV_g.1274.peg.5653-MONOMER,0.0,-3.4429558627997447e-07
CHOLD_FWD_g.1274.peg.5653-MONOMER,0.0,-9.70771581866826e-09
CHOLD_REV_g.1274.peg.3926-MONOMER,0.0,-3.6074595661465935e-07
CHOLD_FWD_g.1274.peg.3926-MONOMER,0.0,-2.6158086153353144e-08
CHOLD_REV_g.1274.peg.3626-MONOMER,0.0,-3.445334132796451e-07
CHOLD_FWD_g.1274.peg.3626-MONOMER,0.0,-9.945542818338925e-09
CHOLD_REV_g.1274.peg.4424-MONOMER,0.0,-3.549750138481581e-07
CHOLD_FWD_g.1274.peg.4424-MONOMER,0.0,-2.0387143386851903e-08
CHOLD_REV_g.1274.peg.2812-MONOMER,0.0,-3.63263414328494e-07
CHOLD_FWD_g.1274.peg.2812-MONOMER,0.0,-2.8675543867187866e-08
CHORM_REV_398578.3.peg.752-MONOMER,0.0,-3.726284166430392e-08
CHORM_FWD_398578.3.peg.752-MONOMER,0.0,5.541244313152537e-41
CHORM_REV_398578.3.peg.4703-MONOMER,0.0,-1.8822395126424253e-07
CHORM_FWD_398578.3.peg.4703-MONOMER,0.0,-1.509611095999386e-07
CHORS_REV_398578.3.peg.4939-MONOMER,0.0,3.92196908272157e-06
CHORS_FWD_398578.3.peg.4939-MONOMER,0.0,-4.276731149106546e-06
CITL_REV_g.1274.peg.1029-MONOMER,0.0,2.4714946870321037e-07
CITL_FWD_g.1274.peg.1029-MONOMER,0.0,-5.581193394022216e-07
CITL_REV_g.1274.peg.2904-MONOMER,0.0,2.272897133071564e-07
CITL_FWD_g.1274.peg.2904-MONOMER,0.0,-5.779790947982755e-07
CITL_REV_g.1274.peg.1354-MONOMER,0.0,2.1443573635101453e-07
CITL_FWD_g.1274.peg.1354-MONOMER,0.0,-5.908330717544174e-07
CITRH_REV_g.1274.peg.2966-MONOMER,0.0,-2.635889297242331e-07
CITRH_FWD_g.1274.peg.2966-MONOMER,1.2792361216460369e-23,2.074380830597488e-40
CLPNS140_REV_g.1274.peg.1936-MONOMER,0.0,-3.233945400250976e-08
CLPNS140_FWD_g.1274.peg.1936-MONOMER,0.0,-2.540297100536359e-07
CLPNS140_REV_g.1274.peg.2370-MONOMER,0.0,1.237604262037034e-40
CLPNS140_FWD_g.1274.peg.2370-MONOMER,0.0,-2.216902560511261e-07
CLPNS140_REV_g.1274.peg.4861-MONOMER,0.0,-8.139186070475494e-08
CLPNS140_FWD_g.1274.peg.4861-MONOMER,0.0,-3.0308211675588107e-07
CLPNS140_REV_g.1274.peg.4007-MONOMER,0.0,-6.613364176286987e-08
CLPNS140_FWD_g.1274.peg.4007-MONOMER,0.0,-2.8782389781399596e-07
CLPNS160_REV_g.1274.peg.1936-MONOMER,0.0,-3.233945400250976e-08
CLPNS160_FWD_g.1274.peg.1936-MONOMER,0.0,-2.540297100536359e-07
CLPNS160_REV_g.1274.peg.2370-MONOMER,0.0,1.237604262037034e-40
CLPNS160_FWD_g.1274.peg.2370-MONOMER,0.0,-2.216902560511261e-07
CLPNS160_REV_g.1274.peg.4861-MONOMER,0.0,-8.139186070475494e-08
CLPNS160_FWD_g.1274.peg.4861-MONOMER,0.0,-3.0308211675588107e-07
CLPNS160_REV_g.1274.peg.4007-MONOMER,0.0,-6.613364176286987e-08
CLPNS160_FWD_g.1274.peg.4007-MONOMER,0.0,-2.8782389781399596e-07
CLPNS180_REV_g.1274.peg.1936-MONOMER,0.0,-2.540297100536359e-07
CLPNS180_FWD_g.1274.peg.1936-MONOMER,0.0,-3.233945400250976e-08
CLPNS180_REV_g.1274.peg.2370-MONOMER,0.0,-2.216902560511261e-07
CLPNS180_FWD_g.1274.peg.2370-MONOMER,0.00034577281261026206,1.237604262037034e-40
CLPNS180_REV_g.1274.peg.4861-MONOMER,0.0,-3.0308211675588107e-07
CLPNS180_FWD_g.1274.peg.4861-MONOMER,0.0,-8.139186070475494e-08
CLPNS180_REV_g.1274.peg.4007-MONOMER,0.0,-2.8782389781399596e-07
CLPNS180_FWD_g.1274.peg.4007-MONOMER,0.0,-6.613364176286987e-08
CLPNSAI15_REV_g.1274.peg.1936-MONOMER,0.0,-3.233945400250976e-08
CLPNSAI15_FWD_g.1274.peg.1936-MONOMER,0.0,-2.540297100536359e-07
CLPNSAI15_REV_g.1274.peg.2370-MONOMER,0.0,1.237604262037034e-40
CLPNSAI15_FWD_g.1274.peg.2370-MONOMER,0.0,-2.216902560511261e-07
CLPNSAI15_REV_g.1274.peg.4861-MONOMER,0.0,-8.139186070475494e-08
CLPNSAI15_FWD_g.1274.peg.4861-MONOMER,0.0,-3.0308211675588107e-07
CLPNSAI15_REV_g.1274.peg.4007-MONOMER,0.0,-6.613364176286987e-08
CLPNSAI15_FWD_g.1274.peg.4007-MONOMER,0.0,-2.8782389781399596e-07
CLPNSAI17_REV_g.1274.peg.1936-MONOMER,0.0,-2.540297100536359e-07
CLPNSAI17_FWD_g.1274.peg.1936-MONOMER,0.0,-3.233945400250976e-08
CLPNSAI17_REV_g.1274.peg.2370-MONOMER,0.0,-2.216902560511261e-07
CLPNSAI17_FWD_g.1274.peg.2370-MONOMER,0.00034577281261026206,1.237604262037034e-40
CLPNSAI17_REV_g.1274.peg.4861-MONOMER,0.0,-3.0308211675588107e-07
CLPNSAI17_FWD_g.1274.peg.4861-MONOMER,0.0,-8.139186070475494e-08
CLPNSAI17_REV_g.1274.peg.4007-MONOMER,0.0,-2.8782389781399596e-07
CLPNSAI17_FWD_g.1274.peg.4007-MONOMER,0.0,-6.613364176286987e-08
CLPNSI14_REV_g.1274.peg.1936-MONOMER,0.0,-3.233945400250976e-08
CLPNSI14_FWD_g.1274.peg.1936-MONOMER,0.0,-2.540297100536359e-07
CLPNSI14_REV_g.1274.peg.2370-MONOMER,0.0,4.125347540123447e-41
CLPNSI14_FWD_g.1274.peg.2370-MONOMER,0.0,-2.216902560511261e-07
CLPNSI14_REV_g.1274.peg.4861-MONOMER,0.0,-8.139186070475494e-08
CLPNSI14_FWD_g.1274.peg.4861-MONOMER,0.0,-3.0308211675588107e-07
CLPNSI14_REV_g.1274.peg.4007-MONOMER,0.0,-6.613364176286987e-08
CLPNSI14_FWD_g.1274.peg.4007-MONOMER,0.0,-2.8782389781399596e-07
CLPNSI15_REV_g.1274.peg.1936-MONOMER,0.0,-3.233945400250976e-08
CLPNSI15_FWD_g.1274.peg.1936-MONOMER,0.0,-2.540297100536359e-07
CLPNSI15_REV_g.1274.peg.2370-MONOMER,0.0,1.237604262037034e-40
CLPNSI15_FWD_g.1274.peg.2370-MONOMER,0.0,-2.216902560511261e-07
CLPNSI15_REV_g.1274.peg.4861-MONOMER,0.0,-8.139186070475494e-08
CLPNSI15_FWD_g.1274.peg.4861-MONOMER,0.0,-3.0308211675588107e-07
CLPNSI15_REV_g.1274.peg.4007-MONOMER,0.0,-6.613364176286987e-08
CLPNSI15_FWD_g.1274.peg.4007-MONOMER,0.0,-2.8782389781399596e-07
CLPNSI16_REV_g.1274.peg.1936-MONOMER,0.0,-3.233945400250976e-08
CLPNSI16_FWD_g.1274.peg.1936-MONOMER,0.0,-2.540297100536359e-07
CLPNSI16_REV_g.1274.peg.2370-MONOMER,0.0,-4.125347540123447e-41
CLPNSI16_FWD_g.1274.peg.2370-MONOMER,0.0,-2.216902560511261e-07
CLPNSI16_REV_g.1274.peg.4861-MONOMER,0.0,-8.139186070475494e-08
CLPNSI16_FWD_g.1274.peg.4861-MONOMER,0.0,-3.0308211675588107e-07
CLPNSI16_REV_g.1274.peg.4007-MONOMER,0.0,-6.613364176286987e-08
CLPNSI16_FWD_g.1274.peg.4007-MONOMER,0.0,-2.8782389781399596e-07
CLPNSI17_REV_g.1274.peg.1936-MONOMER,0.0,-2.540297100536359e-07
CLPNSI17_FWD_g.1274.peg.1936-MONOMER,0.0,-3.233945400250976e-08
CLPNSI17_REV_g.1274.peg.2370-MONOMER,0.0,-2.216902560511261e-07
CLPNSI17_FWD_g.1274.peg.2370-MONOMER,0.00034577281261026206,1.237604262037034e-40
CLPNSI17_REV_g.1274.peg.4861-MONOMER,0.0,-3.0308211675588107e-07
CLPNSI17_FWD_g.1274.peg.4861-MONOMER,0.0,-8.139186070475494e-08
CLPNSI17_REV_g.1274.peg.4007-MONOMER,0.0,-2.8782389781399596e-07
CLPNSI17_FWD_g.1274.peg.4007-MONOMER,0.0,-6.613364176286987e-08
CMLDC_REV_g.1274.peg.1085-MONOMER,0.0,-6.522166466401679e-08
CMLDC_FWD_g.1274.peg.1085-MONOMER,0.0,-2.2385363411064987e-41
CO2t_REV_CPLX_dummy,1.6766384260433813,0.0
CO2t_FWD_CPLX_dummy,0.0,-2.7754725626437756e-07
COBALTt5_REV_g.1274.peg.3841-MONOMER,0.0,-4.6412311235737967e-08
COBALTt5_FWD_g.1274.peg.3841-MONOMER,0.0,-1.2158888379950115e-07
COBALTt5_REV_g.1274.peg.6102-MONOMER,0.00010055483894986727,0.0
COBALTt5_FWD_g.1274.peg.6102-MONOMER,0.0,-7.517657256376318e-08
COBALTt5_REV_g.1274.peg.2697-MONOMER,0.0,-4.5593283782007754e-08
COBALTt5_FWD_g.1274.peg.2697-MONOMER,0.0,-1.2076985634577094e-07
COBALTt5_REV_g.1274.peg.3957-MONOMER,0.0,-5.5305547384384826e-08
COBALTt5_FWD_g.1274.peg.3957-MONOMER,0.0,-1.30482119948148e-07
COCHL_REV_398578.3.peg.5728-MONOMER,0.0,-2.1989033971760534e-07
COCHL_FWD_398578.3.peg.5728-MONOMER,0.0,-3.39844792028147e-08
COCHL_REV_398578.3.peg.1987-MONOMER,0.0,-1.8590586051479065e-07
COCHL_FWD_398578.3.peg.1987-MONOMER,0.0,6.7628361420230784e-40
COCHL_REV_398578.3.peg.5726-MONOMER,0.0,-3.227490660315419e-07
COCHL_FWD_398578.3.peg.5726-MONOMER,0.0,-1.368432055167513e-07
COCHL_REV_398578.3.peg.5725-MONOMER,0.0,-2.191999049403382e-07
COCHL_FWD_398578.3.peg.5725-MONOMER,0.0,-3.329404442554758e-08
COCHL_REV_398578.3.peg.1988-MONOMER,0.0,-2.4058953909253584e-07
COCHL_FWD_398578.3.peg.1988-MONOMER,0.0,-5.468367857774522e-08
CPC2MT_REV_g.1274.peg.5680-MONOMER,0.0,-1.9056626297755602e-07
CPC2MT_FWD_g.1274.peg.5680-MONOMER,0.0,-2.807577325622903e-39
CPC3MT_REV_g.1274.peg.5361-MONOMER,0.0,-3.690370686457579e-07
CPC3MT_FWD_g.1274.peg.5361-MONOMER,0.0,-1.3353544014206786e-40
CPC4MT_REV_g.1274.peg.5854-MONOMER,0.0,-3.6806864567469006e-07
CPC4MT_FWD_g.1274.peg.5854-MONOMER,0.0,2.4212951179297008e-39
CPC5MT1_REV_g.1274.peg.1460-MONOMER,0.0,-2.9649862593778954e-07
CPC5MT1_FWD_g.1274.peg.1460-MONOMER,0.0,-4.066487236238126e-39
CPC6MT_REV_g.1274.peg.5899-MONOMER,0.0,-4.2279552877140543e-07
CPC6MT_FWD_g.1274.peg.5899-MONOMER,0.0,-3.5687532436821285e-40
CPC8MM_REV_398578.3.peg.5831-MONOMER,0.0,3.982580025865476e-40
CPC8MM_FWD_398578.3.peg.5831-MONOMER,0.0,-2.873373615567611e-07
CPPPGO_REV_g.1274.peg.804-MONOMER,0.0,-9.093310840779283e-08
CPPPGO_FWD_g.1274.peg.804-MONOMER,0.0,-2.7960659173780458e-39
CPPPGO_REV_g.1274.peg.2960-MONOMER_mod_mn2(1),0.0,-2.232542079554423e-07
CPPPGO_FWD_g.1274.peg.2960-MONOMER_mod_mn2(1),0.0,-1.3232109954764944e-07
CPPPGO2_REV_g.1274.peg.2822-MONOMER_mod_4fe4s(1),0.0,-4863.804371867779
CPPPGO2_FWD_g.1274.peg.2822-MONOMER_mod_4fe4s(1),0.0,-3.3095815540178148e-31
CS_REV_CPLX_dummy,0.0,4.054150460887844e-08
CS_FWD_CPLX_dummy,0.0,-3.18088760873256e-07
CSND_REV_g.1274.peg.4301-MONOMER_mod_cobalt2(1)_mod_zn2(1),0.0,7.0785143012891e-07
CSND_FWD_g.1274.peg.4301-MONOMER_mod_cobalt2(1)_mod_zn2(1),0.0,-1.0224706655851123e-06
CSND_REV_g.1274.peg.4301-MONOMER_mod_fe2(1)_mod_zn2(1),0.0,7.077337626516375e-07
CSND_FWD_g.1274.peg.4301-MONOMER_mod_fe2(1)_mod_zn2(1),0.0,-1.022588333062385e-06
CSND_REV_g.1274.peg.4301-MONOMER_mod_mn2(1)_mod_zn2(1),0.0,7.076993229704946e-07
CSND_FWD_g.1274.peg.4301-MONOMER_mod_mn2(1)_mod_zn2(1),0.0,-1.0226227727435278e-06
CSNt2_REV_g.1274.peg.280-MONOMER,0.0,-3.289219606807918e-07
CSNt2_FWD_g.1274.peg.280-MONOMER,0.0,4.158645261297365e-41
CSNt2_REV_g.1274.peg.2249-MONOMER,0.0,-3.327194537508664e-07
CSNt2_FWD_g.1274.peg.2249-MONOMER,0.0,-3.7974930700745775e-09
CTPS1_REV_g.1274.peg.4594-MONOMER,0.0,-2.631157258100167e-07
CTPS1_FWD_g.1274.peg.4594-MONOMER,0.0,-5.328195736443292e-09
CTPS1_REV_g.1274.peg.4157-MONOMER,0.0,-2.577875300735734e-07
CTPS1_FWD_g.1274.peg.4157-MONOMER,0.0017366969123247698,-1.196822769551218e-35
CTPS2_REV_398578.3.peg.5087-MONOMER_mod_mg2(1),0.0,-3.6136243426046077e-07
CTPS2_FWD_398578.3.peg.5087-MONOMER_mod_mg2(1),0.0,-2.874396620343304e-08
CYO1b_REV_g.1274.peg.826-MONOMER,0.0,1.3459419327762982e-06
CYO1b_FWD_g.1274.peg.826-MONOMER,0.0,-1.6284122272477274e-06
CYO1b_REV_g.1274.peg.173-MONOMER,0.0,1.4265284813468864e-06
CYO1b_FWD_g.1274.peg.173-MONOMER,0.0,-1.5478256786771393e-06
CYO1b_REV_g.1274.peg.3021-MONOMER,0.0,1.3193533353008755e-06
CYO1b_FWD_g.1274.peg.3021-MONOMER,0.0,-1.6550008247231504e-06
CYO1b_REV_g.1274.peg.607-MONOMER,0.0,1.3653352921971634e-06
CYO1b_FWD_g.1274.peg.607-MONOMER,0.0,-1.6090188678268622e-06
CYO1b_REV_g.1274.peg.2724-MONOMER,0.0,1.5453638018159324e-06
CYO1b_FWD_g.1274.peg.2724-MONOMER,0.0,-1.4289903582080933e-06
CYO1b_REV_g.1274.peg.2553-MONOMER,0.0,1.381689637920405e-06
CYO1b_FWD_g.1274.peg.2553-MONOMER,0.0,-1.5926645221036206e-06
CYO1b_REV_g.1274.peg.2493-MONOMER,0.0,1.42835658500257e-06
CYO1b_FWD_g.1274.peg.2493-MONOMER,0.0,-1.5459975750214557e-06
CYO1b_REV_g.1274.peg.2349-MONOMER,0.0,1.3515294835101567e-06
CYO1b_FWD_g.1274.peg.2349-MONOMER,0.0,-1.622824676513869e-06
CYOO3_REV_CPLX_CYOO3-1,0.0,4.899264699385296e-07
CYOO3_FWD_CPLX_CYOO3-1,0.0,-7.825693900936383e-07
CYOO3_REV_CPLX_CYOO3-0,0.0,4.921336125790601e-07
CYOO3_FWD_CPLX_CYOO3-0,0.0,-7.803622474531078e-07
CYOmq_REV_CPLX_dummy,0.0,-8.441824696865117e-08
CYOmq_FWD_CPLX_dummy,0.0,-1.9312900929572637e-07
CYRDAAT_REV_398578.3.peg.2793-MONOMER,0.0,-1.3400944606201522e-07
CYRDAAT_FWD_398578.3.peg.2793-MONOMER,0.0,6.1049770710225955e-40
CYRDAAT_REV_398578.3.peg.66-MONOMER,0.0,-1.4934467634008212e-07
CYRDAAT_FWD_398578.3.peg.66-MONOMER,0.0,-1.5335230278066886e-08
CYRDAR_REV_398578.3.peg.2793-MONOMER,0.0,-1.3400944606201522e-07
CYRDAR_FWD_398578.3.peg.2793-MONOMER,0.0,2.701698415869323e-39
CYRDAR_REV_398578.3.peg.66-MONOMER,0.0,-1.4934467634008212e-07
CYRDAR_FWD_398578.3.peg.66-MONOMER,0.0,-1.5335230278066886e-08
CYRDAS_REV_398578.3.peg.2781-MONOMER,0.0,-3.931137542038735e-07
CYRDAS_FWD_398578.3.peg.2781-MONOMER,0.0,3.6285896624616744e-40
CYSDS_REV_g.1274.peg.2068-MONOMER,0.0,-9.06880381596833e-08
CYSDS_FWD_g.1274.peg.2068-MONOMER,0.0,-2.9340435644060657e-07
CYSDS_REV_g.1274.peg.5670-MONOMER,0.0,-6.68369860637716e-08
CYSDS_FWD_g.1274.peg.5670-MONOMER,0.0,-2.6955330434469487e-07
CYSDS_REV_g.1274.peg.3716-MONOMER,0.0,-6.280898766468898e-08
CYSDS_FWD_g.1274.peg.3716-MONOMER,0.0,-2.6552530594561227e-07
CYSDS_REV_g.1274.peg.2968-MONOMER_mod_pydx5p(1),0.0,-1.4944113816048807e-07
CYSDS_FWD_g.1274.peg.2968-MONOMER_mod_pydx5p(1),0.0,-3.521574564414113e-07
CYSS_REV_398578.3.peg.1439-MONOMER_mod_pydx5p(2),0.0,-2.733472016678704e-09
CYSS_FWD_398578.3.peg.1439-MONOMER_mod_pydx5p(2),0.0,-4.2427075123748617e-07
CYSS_REV_398578.3.peg.2205-MONOMER,0.0,6.942929251385191e-08
CYSS_FWD_398578.3.peg.2205-MONOMER,0.0,-3.5210798670695556e-07
CYSS3r_REV_398578.3.peg.1439-MONOMER_mod_pydx5p(2),0.0,-7.216276453053062e-08
CYSS3r_FWD_398578.3.peg.1439-MONOMER_mod_pydx5p(2),0.0,-4.2427075123748617e-07
CYSS3r_REV_398578.3.peg.2205-MONOMER,0.0,3.7063387796505825e-35
CYSS3r_FWD_398578.3.peg.2205-MONOMER,0.0,-3.5210798670695556e-07
CYSTGL_REV_CPLX_dummy,0.0,-2.7754725626437756e-07
CYSTGL_FWD_CPLX_dummy,0.0,-1.4837316579902809e-40
CYSTL_REV_398578.3.peg.277-MONOMER,0.0,3.317090681717857e-08
CYSTL_FWD_398578.3.peg.277-MONOMER,0.0,-3.922936681807859e-07
CYSTL_REV_398578.3.peg.4022-MONOMER,0.0,5.170459937315723e-08
CYSTL_FWD_398578.3.peg.4022-MONOMER,0.0,-3.7375997562480723e-07
CYSTL_REV_398578.3.peg.5755-MONOMER,0.0,4.4537142294749006e-08
CYSTL_FWD_398578.3.peg.5755-MONOMER,0.0,-3.8092743270321545e-07
CYSTS_REV_CPLX_dummy,0.0,-2.2044377602666793e-07
CYSTS_FWD_CPLX_dummy,0.0,-5.710348023770962e-08
CYSt2r_REV_CPLX_dummy,0.0,-2.7754725626437756e-07
CYSt2r_FWD_CPLX_dummy,0.0006316771689690246,-4.2392333085436595e-41
CYTBD_REV_CPLX_dummy,0.0,2.9335425115821933e-07
CYTBD_FWD_CPLX_dummy,0.0,-5.709015074225969e-07
CYTBD2_REV_CPLX_dummy,0.0,3.410463280293133e-07
CYTBD2_FWD_CPLX_dummy,0.0,-6.185935842936908e-07
CYTD_REV_g.1274.peg.3825-MONOMER,0.0,2.0824649144017333e-06
CYTD_FWD_g.1274.peg.3825-MONOMER,0.0,-2.543665324105314e-06
CYTDK3_REV_g.1274.peg.4581-MONOMER,0.0,8.167016648608848e-07
CYTDK3_FWD_g.1274.peg.4581-MONOMER,0.0,-1.200488946969003e-06
CYTDt2r_REV_CPLX_dummy,0.0,-7.731746391125743e-41
CYTDt2r_FWD_CPLX_dummy,0.0,-2.7754725626437756e-07
CYTK1_REV_g.1274.peg.4581-MONOMER,0.0,-3.8378728210811826e-07
CYTK1_FWD_g.1274.peg.4581-MONOMER,0.028505505630632224,7.412888855728256e-37
CYTK2_REV_g.1274.peg.4581-MONOMER,0.0,-3.8378728210811826e-07
CYTK2_FWD_g.1274.peg.4581-MONOMER,0.0020958525059352234,-2.8933992411117317e-40
Coabc_REV_CPLX_dummy,0.0,8.133408637140473e-07
Coabc_FWD_CPLX_dummy,0.0,-1.090888119978425e-06
Cuabc_REV_g.1274.peg.2547-MONOMER,0.0,-4.874165404621949e-07
Cuabc_FWD_g.1274.peg.2547-MONOMER,0.0,-5.0615948506712425e-08
Cuabc_REV_g.1274.peg.4185-MONOMER,0.0,-4.610755324083622e-07
Cuabc_FWD_g.1274.peg.4185-MONOMER,0.0,-2.4274940452879732e-08
Cuabc_REV_g.1274.peg.594-MONOMER,0.0,-4.3680059195548246e-07
Cuabc_FWD_g.1274.peg.594-MONOMER,0.0,6.963580660836846e-41
Cuabc_REV_g.1274.peg.3914-MONOMER,0.0,-4.547892069960977e-07
Cuabc_FWD_g.1274.peg.3914-MONOMER,0.0,-1.7988615040615236e-08
Cut1_REV_g.1274.peg.2547-MONOMER,0.0,1.928789607749523e-06
Cut1_FWD_g.1274.peg.2547-MONOMER,0.0,-2.4668220967184304e-06
Cut1_REV_g.1274.peg.4185-MONOMER,0.0,1.9551306158033556e-06
Cut1_FWD_g.1274.peg.4185-MONOMER,0.0,-2.4404810886645975e-06
Cut1_REV_g.1274.peg.594-MONOMER,0.0,1.9794055562562354e-06
Cut1_FWD_g.1274.peg.594-MONOMER,0.0,-2.4162061482117177e-06
Cut1_REV_g.1274.peg.3914-MONOMER,0.0,1.96141694121562e-06
Cut1_FWD_g.1274.peg.3914-MONOMER,0.0,-2.4341947632523333e-06
D4DGCD_REV_g.1274.peg.1014-MONOMER,0.0,-2.8095444809262414e-07
D4DGCD_FWD_g.1274.peg.1014-MONOMER,0.0,3.6920194305861755e-41
D5KGK_REV_CPLX_D5KGK-0,0.0,-3.7195450778484764e-07
D5KGK_FWD_CPLX_D5KGK-0,0.0,1.5714816857348052e-40
DAAD_REV_g.1274.peg.4777-MONOMER,0.0,8.351598878250492e-08
DAAD_FWD_g.1274.peg.4777-MONOMER,0.0,-3.8503170170580696e-07
DAAD_REV_g.1274.peg.2066-MONOMER,0.0,7.960771423563837e-08
DAAD_FWD_g.1274.peg.2066-MONOMER,0.0,-3.889399762526735e-07
DAAD_REV_g.1274.peg.4738-MONOMER,0.0,5.6725005186969154e-08
DAAD_FWD_g.1274.peg.4738-MONOMER,0.0,-4.118226853013427e-07
DAAD_REV_g.1274.peg.5848-MONOMER,0.0,4.200351607643761e-08
DAAD_FWD_g.1274.peg.5848-MONOMER,0.0,-4.265441744118743e-07
DADA_REV_g.1274.peg.1182-MONOMER,0.0,-2.201630087093755e-07
DADA_FWD_g.1274.peg.1182-MONOMER,0.0,5.539268980039207e-41
DADNt2r_REV_CPLX_dummy,0.0,-2.7754725626437756e-07
DADNt2r_FWD_CPLX_dummy,7.089657072785488e-23,4.3176507348159353e-35
DAGK120_REV_g.1274.peg.4856-MONOMER,0.0,-1.481441680778226e-07
DAGK120_FWD_g.1274.peg.4856-MONOMER,0.0,-6.531653410685367e-08
DAGK120_REV_g.1274.peg.844-MONOMER,0.0,-8.282763397096891e-08
DAGK120_FWD_g.1274.peg.844-MONOMER,0.0,4.8522284308998964e-40
DAGK120_REV_g.1274.peg.1204-MONOMER_mod_cd2(1)_mod_zn2(1)_mod_mg2(1)_mod_mn2(1)_mod_cobalt2(1),0.0,-1.1377638179111512e-07
DAGK120_FWD_g.1274.peg.1204-MONOMER_mod_cd2(1)_mod_zn2(1)_mod_mg2(1)_mod_mn2(1)_mod_cobalt2(1),0.0,-3.09487478201462e-08
DAGK140_REV_g.1274.peg.4856-MONOMER,0.0,-1.481441680778226e-07
DAGK140_FWD_g.1274.peg.4856-MONOMER,0.0,-6.531653410685367e-08
DAGK140_REV_g.1274.peg.844-MONOMER,0.0,-8.282763397096891e-08
DAGK140_FWD_g.1274.peg.844-MONOMER,0.0,2.7644347298980144e-39
DAGK140_REV_g.1274.peg.1204-MONOMER_mod_cd2(1)_mod_zn2(1)_mod_mg2(1)_mod_mn2(1)_mod_cobalt2(1),0.0,-1.1377638179111512e-07
DAGK140_FWD_g.1274.peg.1204-MONOMER_mod_cd2(1)_mod_zn2(1)_mod_mg2(1)_mod_mn2(1)_mod_cobalt2(1),0.0,-3.09487478201462e-08
DAGK141_REV_g.1274.peg.4856-MONOMER,0.0,-1.481441680778226e-07
DAGK141_FWD_g.1274.peg.4856-MONOMER,0.0,-6.531653410685367e-08
DAGK141_REV_g.1274.peg.844-MONOMER,0.0,-8.282763397096891e-08
DAGK141_FWD_g.1274.peg.844-MONOMER,0.0,-3.6948161446301965e-40
DAGK141_REV_g.1274.peg.1204-MONOMER_mod_cd2(1)_mod_zn2(1)_mod_mg2(1)_mod_mn2(1)_mod_cobalt2(1),0.0,-1.1377638179111512e-07
DAGK141_FWD_g.1274.peg.1204-MONOMER_mod_cd2(1)_mod_zn2(1)_mod_mg2(1)_mod_mn2(1)_mod_cobalt2(1),0.0,-3.09487478201462e-08
DAGK160_REV_g.1274.peg.4856-MONOMER,0.0,-1.481441680778226e-07
DAGK160_FWD_g.1274.peg.4856-MONOMER,0.0,-6.531653410685367e-08
DAGK160_REV_g.1274.peg.844-MONOMER,0.0,-8.282763397096891e-08
DAGK160_FWD_g.1274.peg.844-MONOMER,0.0,-3.6948161446301965e-40
DAGK160_REV_g.1274.peg.1204-MONOMER_mod_cd2(1)_mod_zn2(1)_mod_mg2(1)_mod_mn2(1)_mod_cobalt2(1),0.0,-1.1377638179111512e-07
DAGK160_FWD_g.1274.peg.1204-MONOMER_mod_cd2(1)_mod_zn2(1)_mod_mg2(1)_mod_mn2(1)_mod_cobalt2(1),0.0,-3.09487478201462e-08
DAGK161_REV_g.1274.peg.4856-MONOMER,0.0,-1.481441680778226e-07
DAGK161_FWD_g.1274.peg.4856-MONOMER,0.0,-6.531653410685367e-08
DAGK161_REV_g.1274.peg.844-MONOMER,0.0,-8.282763397096891e-08
DAGK161_FWD_g.1274.peg.844-MONOMER,0.0,-3.6948161446301965e-40
DAGK161_REV_g.1274.peg.1204-MONOMER_mod_cd2(1)_mod_zn2(1)_mod_mg2(1)_mod_mn2(1)_mod_cobalt2(1),0.0,-1.1377638179111512e-07
DAGK161_FWD_g.1274.peg.1204-MONOMER_mod_cd2(1)_mod_zn2(1)_mod_mg2(1)_mod_mn2(1)_mod_cobalt2(1),0.0,-3.09487478201462e-08
DAGK180_REV_g.1274.peg.4856-MONOMER,0.0,-1.481441680778226e-07
DAGK180_FWD_g.1274.peg.4856-MONOMER,0.0,-6.531653410685367e-08
DAGK180_REV_g.1274.peg.844-MONOMER,0.0,-8.282763397096891e-08
DAGK180_FWD_g.1274.peg.844-MONOMER,0.0013830912504410482,1.1974765577174974e-39
DAGK180_REV_g.1274.peg.1204-MONOMER_mod_cd2(1)_mod_zn2(1)_mod_mg2(1)_mod_mn2(1)_mod_cobalt2(1),0.0,-1.1377638179111512e-07
DAGK180_FWD_g.1274.peg.1204-MONOMER_mod_cd2(1)_mod_zn2(1)_mod_mg2(1)_mod_mn2(1)_mod_cobalt2(1),0.0,-3.09487478201462e-08
DAGK181_REV_g.1274.peg.4856-MONOMER,0.0,-1.481441680778226e-07
DAGK181_FWD_g.1274.peg.4856-MONOMER,0.0,-6.531653410685367e-08
DAGK181_REV_g.1274.peg.844-MONOMER,0.0,-8.282763397096891e-08
DAGK181_FWD_g.1274.peg.844-MONOMER,0.0,-3.6948161446301965e-40
DAGK181_REV_g.1274.peg.1204-MONOMER_mod_cd2(1)_mod_zn2(1)_mod_mg2(1)_mod_mn2(1)_mod_cobalt2(1),0.0,-1.1377638179111512e-07
DAGK181_FWD_g.1274.peg.1204-MONOMER_mod_cd2(1)_mod_zn2(1)_mod_mg2(1)_mod_mn2(1)_mod_cobalt2(1),0.0,-3.09487478201462e-08
DALAt2r_REV_g.1274.peg.3541-MONOMER,0.0,-1.7487649776144188e-41
DALAt2r_FWD_g.1274.peg.3541-MONOMER,0.0,-3.369552171924604e-07
DAPDA_REV_g.1274.peg.957-MONOMER,0.0,-6.367819976700538e-08
DAPDA_FWD_g.1274.peg.957-MONOMER,0.0,-3.8800943027136086e-07
DAPDA_REV_g.1274.peg.1767-MONOMER,0.0,-1.878157880501026e-41
DAPDA_FWD_g.1274.peg.1767-MONOMER,0.0,-3.243312305043555e-07
DAPDC_REV_g.1274.peg.28-MONOMER_mod_pydx5p(1),0.0,-3.048782187110489e-07
DAPDC_FWD_g.1274.peg.28-MONOMER_mod_pydx5p(1),0.0,-2.1500604795406885e-07
DAPE_REV_g.1274.peg.895-MONOMER,0.0,-2.9033903751148205e-07
DAPE_FWD_g.1274.peg.895-MONOMER,0.0,-3.058111989936645e-41
DAPMDH_REV_g.1274.peg.1713-MONOMER,0.0,-4.578814507638664e-40
DAPMDH_FWD_g.1274.peg.1713-MONOMER,0.0,-2.9611160416800027e-07
DASYN120_REV_g.1274.peg.4442-MONOMER_mod_mg2(1)_mod_k(1),0.0,-3.533773266375336e-07
DASYN120_FWD_g.1274.peg.4442-MONOMER_mod_mg2(1)_mod_k(1),0.0,3.8316318011902167e-39
DASYN140_REV_g.1274.peg.4442-MONOMER_mod_mg2(1)_mod_k(1),0.0,-3.533773266375336e-07
DASYN140_FWD_g.1274.peg.4442-MONOMER_mod_mg2(1)_mod_k(1),0.0,-6.47353318009306e-40
DASYN141_REV_g.1274.peg.4442-MONOMER_mod_mg2(1)_mod_k(1),0.0,-3.533773266375336e-07
DASYN141_FWD_g.1274.peg.4442-MONOMER_mod_mg2(1)_mod_k(1),0.0,-6.47353318009306e-40
DASYN160_REV_g.1274.peg.4442-MONOMER_mod_mg2(1)_mod_k(1),0.0,-3.533773266375336e-07
DASYN160_FWD_g.1274.peg.4442-MONOMER_mod_mg2(1)_mod_k(1),0.0,1.592139241590455e-39
DASYN161_REV_g.1274.peg.4442-MONOMER_mod_mg2(1)_mod_k(1),0.0,-3.533773266375336e-07
DASYN161_FWD_g.1274.peg.4442-MONOMER_mod_mg2(1)_mod_k(1),0.0,-6.47353318009306e-40
DASYN180_REV_g.1274.peg.4442-MONOMER_mod_mg2(1)_mod_k(1),0.0,-3.533773266375336e-07
DASYN180_FWD_g.1274.peg.4442-MONOMER_mod_mg2(1)_mod_k(1),0.0013830912504410482,-9.27289887959276e-40
DASYN181_REV_g.1274.peg.4442-MONOMER_mod_mg2(1)_mod_k(1),0.0,-3.533773266375336e-07
DASYN181_FWD_g.1274.peg.4442-MONOMER_mod_mg2(1)_mod_k(1),0.0,-6.47353318009306e-40
DASYNAI15_REV_g.1274.peg.4442-MONOMER_mod_mg2(1)_mod_k(1),0.0,-3.533773266375336e-07
DASYNAI15_FWD_g.1274.peg.4442-MONOMER_mod_mg2(1)_mod_k(1),0.0,-6.47353318009306e-40
DASYNAI17_REV_g.1274.peg.4442-MONOMER_mod_mg2(1)_mod_k(1),0.0,-3.533773266375336e-07
DASYNAI17_FWD_g.1274.peg.4442-MONOMER_mod_mg2(1)_mod_k(1),0.0013830912504410482,-2.8868458776090672e-39
DASYNI14_REV_g.1274.peg.4442-MONOMER_mod_mg2(1)_mod_k(1),0.0,-3.533773266375336e-07
DASYNI14_FWD_g.1274.peg.4442-MONOMER_mod_mg2(1)_mod_k(1),0.0,-3.674167480593358e-40
DASYNI15_REV_g.1274.peg.4442-MONOMER_mod_mg2(1)_mod_k(1),0.0,-3.533773266375336e-07
DASYNI15_FWD_g.1274.peg.4442-MONOMER_mod_mg2(1)_mod_k(1),0.0,3.8316318011902167e-39
DASYNI16_REV_g.1274.peg.4442-MONOMER_mod_mg2(1)_mod_k(1),0.0,-3.533773266375336e-07
DASYNI16_FWD_g.1274.peg.4442-MONOMER_mod_mg2(1)_mod_k(1),0.0,1.9245639184060445e-40
DASYNI17_REV_g.1274.peg.4442-MONOMER_mod_mg2(1)_mod_k(1),0.0,-3.533773266375336e-07
DASYNI17_FWD_g.1274.peg.4442-MONOMER_mod_mg2(1)_mod_k(1),0.0013830912504410482,-2.8868458776090672e-39
DB4PS_REV_398578.3.peg.2459-MONOMER,0.0,-3.222375428068419e-07
DB4PS_FWD_398578.3.peg.2459-MONOMER,0.0004022919797101316,5.849116572602828e-41
DBTS_REV_398578.3.peg.1826-MONOMER_mod_mg2(1),0.0,-3.729697009109846e-07
DBTS_FWD_398578.3.peg.1826-MONOMER_mod_mg2(1),0.0,6.546796644182989e-41
DCMPDA_REV_g.1274.peg.2710-MONOMER,0.0020958525059352234,-2.7015253444108975e-40
DCMPDA_FWD_g.1274.peg.2710-MONOMER,0.0,-1.5383169918211342e-07
DCTPD_REV_g.1274.peg.1373-MONOMER,0.0,2.5929736650773286e-07
DCTPD_FWD_g.1274.peg.1373-MONOMER,0.0,-4.0993984788045867e-07
DCTPD2_REV_g.1274.peg.1373-MONOMER,0.0,1.0432753024785414e-06
DCTPD2_FWD_g.1274.peg.1373-MONOMER,0.0,-1.1939177838512674e-06
DCYTD_REV_g.1274.peg.3825-MONOMER,0.0,-1.5368435526073374e-07
DCYTD_FWD_g.1274.peg.3825-MONOMER,0.0,-3.0751605444284716e-07
DDPA_REV_g.1274.peg.217-MONOMER_mod_fe2(1),0.0,-3.866250595191435e-07
DDPA_FWD_g.1274.peg.217-MONOMER_mod_fe2(1),0.0,-4.765919945425952e-08
DDPA_REV_g.1274.peg.1125-MONOMER,0.0,-3.3896586006488404e-07
DDPA_FWD_g.1274.peg.1125-MONOMER,0.0,-1.6015654582940462e-39
DDPGA_REV_g.1274.peg.3195-MONOMER,0.0,-4.2729728757362577e-07
DDPGA_FWD_g.1274.peg.3195-MONOMER,0.0,0.0
DDPGALA_REV_g.1274.peg.180-MONOMER,0.0,-1.0692843579585394e-40
DDPGALA_FWD_g.1274.peg.180-MONOMER,0.0,-8.437899585605558e-08
DGK1_REV_g.1274.peg.1571-MONOMER_mod_mg2(1),0.0,4.7950589298854155e-40
DGK1_FWD_g.1274.peg.1571-MONOMER_mod_mg2(1),0.0,-1.3161823309795984e-07
DHAD1_REV_398578.3.peg.3000-MONOMER,0.0,-3.929520223127586e-07
DHAD1_FWD_398578.3.peg.3000-MONOMER,0.0,-7.637450917899655e-08
DHAD1_REV_398578.3.peg.5812-MONOMER,0.0,-3.690683567624043e-07
DHAD1_FWD_398578.3.peg.5812-MONOMER,0.0,-5.2490843628642267e-08
DHAD1_REV_398578.3.peg.2747-MONOMER,0.0,-3.6121834803270213e-07
DHAD1_FWD_398578.3.peg.2747-MONOMER,0.0,-4.46408348989401e-08
DHAD1_REV_398578.3.peg.2441-MONOMER,0.0,-4.142575134057766e-07
DHAD1_FWD_398578.3.peg.2441-MONOMER,0.0,-9.768000027201458e-08
DHAD1_REV_398578.3.peg.3896-MONOMER,0.0,-3.1657751313376204e-07
DHAD1_FWD_398578.3.peg.3896-MONOMER,0.0,8.838419320968827e-41
DHAD2_REV_398578.3.peg.3000-MONOMER,0.0,-3.929520223127586e-07
DHAD2_FWD_398578.3.peg.3000-MONOMER,0.0,-7.637450917899655e-08
DHAD2_REV_398578.3.peg.5812-MONOMER,0.0,-3.690683567624043e-07
DHAD2_FWD_398578.3.peg.5812-MONOMER,0.0,-5.2490843628642267e-08
DHAD2_REV_398578.3.peg.2747-MONOMER,0.0,-3.6121834803270213e-07
DHAD2_FWD_398578.3.peg.2747-MONOMER,0.0,-4.46408348989401e-08
DHAD2_REV_398578.3.peg.2441-MONOMER,0.0,-4.142575134057766e-07
DHAD2_FWD_398578.3.peg.2441-MONOMER,0.0,-9.768000027201458e-08
DHAD2_REV_398578.3.peg.3896-MONOMER,0.0,-3.1657751313376204e-07
DHAD2_FWD_398578.3.peg.3896-MONOMER,-3.3106007029341575e-57,-5.303051592581297e-41
DHAK_REV_g.1274.peg.4383-MONOMER,0.0,9.512496841631063e-07
DHAK_FWD_g.1274.peg.4383-MONOMER,0.0,-1.459931827266393e-06
DHDPRyr_REV_CPLX_dummy,0.0,-4.0081517931269233e-41
DHDPRyr_FWD_CPLX_dummy,0.0,-2.7754725626437756e-07
DHFOR2_REV_g.1274.peg.2391-MONOMER,0.0,-2.3728189588274323e-07
DHFOR2_FWD_g.1274.peg.2391-MONOMER,0.0,-7.81541481346819e-08
DHFOR2_REV_g.1274.peg.277-MONOMER,0.0,-2.332542291345845e-07
DHFOR2_FWD_g.1274.peg.277-MONOMER,0.0,-7.412648138652317e-08
DHFOR2_REV_g.1274.peg.2142-MONOMER,0.0,-1.9531020736032035e-07
DHFOR2_FWD_g.1274.peg.2142-MONOMER,0.0,-3.618245961225902e-08
DHFOR2_REV_g.1274.peg.4054-MONOMER,0.0,-1.5912774774806133e-07
DHFOR2_FWD_g.1274.peg.4054-MONOMER,0.0,3.4979657904013074e-39
DHFR_REV_398578.3.peg.1247-MONOMER,0.0,-2.357483692191148e-07
DHFR_FWD_398578.3.peg.1247-MONOMER,0.0,-7.625022024542248e-08
DHFR_REV_398578.3.peg.3013-MONOMER,0.0,-1.9549540797313584e-07
DHFR_FWD_398578.3.peg.3013-MONOMER,0.0,-3.5997258999443534e-08
DHFR_REV_398578.3.peg.3099-MONOMER,0.0,-2.372644354223776e-07
DHFR_FWD_398578.3.peg.3099-MONOMER,0.0,-7.776628644868529e-08
DHFR_REV_398578.3.peg.4953-MONOMER,0.0,-1.594981489736923e-07
DHFR_FWD_398578.3.peg.4953-MONOMER,0.00030165820273694865,-4.999555173517108e-34
DHFS_REV_398578.3.peg.4754-MONOMER,0.0,-3.4063925239583946e-07
DHFS_FWD_398578.3.peg.4754-MONOMER,0.00030165820273694865,-4.082712462012515e-39
DHNPA_REV_g.1274.peg.180-MONOMER,0.0,-8.437899585605558e-08
DHNPA_FWD_g.1274.peg.180-MONOMER,0.00030165820273694865,5.5999527818360344e-40
DHNPA2_REV_398578.3.peg.1246-MONOMER,0.0,-8.404306789490088e-08
DHNPA2_FWD_398578.3.peg.1246-MONOMER,0.0,5.730074376202328e-40
DHORD2_REV_398578.3.peg.3972-MONOMER_mod_fmn(1),0.0,-2.418547469879823e-07
DHORD2_FWD_398578.3.peg.3972-MONOMER_mod_fmn(1),0.0,-4.7692076871093956e-08
DHORD5_REV_398578.3.peg.3972-MONOMER_mod_fmn(1),0.0,-2.895468238590763e-07
DHORD5_FWD_398578.3.peg.3972-MONOMER_mod_fmn(1),-4.872986467702177e-56,-1.345036958343891e-40
DHORTS_REV_398578.3.peg.1579-MONOMER,0.0,-5.8778893745655546e-08
DHORTS_FWD_398578.3.peg.1579-MONOMER,0.0,-3.3799828284492023e-07
DHORTS_REV_398578.3.peg.1382-MONOMER_mod_zn2(2),0.0,8.734285947077913e-41
DHORTS_FWD_398578.3.peg.1382-MONOMER_mod_zn2(2),0.0,-2.792193890992647e-07
DHPM1_REV_g.1274.peg.1485-MONOMER,0.0,-1.307222443688636e-07
DHPM1_FWD_g.1274.peg.1485-MONOMER,0.0,1.077539366738382e-31
DHPM1_REV_g.1274.peg.3343-MONOMER,0.0,-2.5035154730337376e-07
DHPM1_FWD_g.1274.peg.3343-MONOMER,0.0,-1.1962930293451014e-07
DHPM1_REV_g.1274.peg.5174-MONOMER,0.0,-2.555914352288751e-07
DHPM1_FWD_g.1274.peg.5174-MONOMER,0.0,-1.2486919086001156e-07
DHPM1_REV_g.1274.peg.2220-MONOMER,0.0,-2.5859703888831977e-07
DHPM1_FWD_g.1274.peg.2220-MONOMER,0.0,-1.278747945194562e-07
DHPM2_REV_g.1274.peg.1485-MONOMER,0.0,-1.307222443688636e-07
DHPM2_FWD_g.1274.peg.1485-MONOMER,0.0,-2.772410798061022e-41
DHPM2_REV_g.1274.peg.3343-MONOMER,0.0,-2.5035154730337376e-07
DHPM2_FWD_g.1274.peg.3343-MONOMER,0.0,-1.1962930293451014e-07
DHPM2_REV_g.1274.peg.5174-MONOMER,0.0,-2.555914352288751e-07
DHPM2_FWD_g.1274.peg.5174-MONOMER,0.0,-1.2486919086001156e-07
DHPM2_REV_g.1274.peg.2220-MONOMER,0.0,-2.5859703888831977e-07
DHPM2_FWD_g.1274.peg.2220-MONOMER,0.0,-1.278747945194562e-07
DHPPDA_REV_g.1274.peg.1279-MONOMER,0.0,-2.877549072595758e-07
DHPPDA_FWD_g.1274.peg.1279-MONOMER,0.0,-7.755952486862553e-08
DHPPDA_REV_g.1274.peg.1985-MONOMER,0.0,-2.101953823909503e-07
DHPPDA_FWD_g.1274.peg.1985-MONOMER,0.0002011459898550658,1.587836004631414e-39
DHPPDA_REV_g.1274.peg.4959-MONOMER,0.0,-2.9092906911288555e-07
DHPPDA_FWD_g.1274.peg.4959-MONOMER,0.0,-8.073368672193527e-08
DHPPDA_REV_g.1274.peg.1043-MONOMER_mod_zn2(1),0.0,-2.6203587373713444e-07
DHPPDA_FWD_g.1274.peg.1043-MONOMER_mod_zn2(1),0.0,-5.184049134618415e-08
DHPPDA_REV_g.1274.peg.511-MONOMER,0.0,-2.8607166594595356e-07
DHPPDA_FWD_g.1274.peg.511-MONOMER,0.0,-7.587628355500328e-08
DHPPDA2_REV_398578.3.peg.5181-MONOMER,0.0,-3.768319717196502e-07
DHPPDA2_FWD_398578.3.peg.5181-MONOMER,0.0,-1.103829883375659e-07
DHPS_REV_g.1274.peg.4807-MONOMER,0.0,-2.7072771005211703e-07
DHPS_FWD_g.1274.peg.4807-MONOMER,0.00030165820273694865,-3.712385383491815e-39
DHPS2_REV_398578.3.peg.4906-MONOMER_mod_mg2(1),0.0,-3.199446722936504e-07
DHPS2_FWD_398578.3.peg.4906-MONOMER_mod_mg2(1),0.0,5.482950008757498e-40
DHQS_REV_g.1274.peg.5976-MONOMER_mod_cobalt2(1)_mod_nad(1),0.0,-2.9199076731306696e-07
DHQS_FWD_g.1274.peg.5976-MONOMER_mod_cobalt2(1)_mod_nad(1),0.0,6.8141836783473864e-40
DHQTi_REV_g.1274.peg.3518-MONOMER,0.0,-1.6546298807187878e-07
DHQTi_FWD_g.1274.peg.3518-MONOMER,0.0,1.2660809367122287e-40
DHQTi_REV_g.1274.peg.1753-MONOMER,0.0,-1.9034012217438147e-07
DHQTi_FWD_g.1274.peg.1753-MONOMER,0.0,-2.487713410250268e-08
DHSKDH_REV_g.1274.peg.1741-MONOMER,0.0,-1.5972019300831518e-07
DHSKDH_FWD_g.1274.peg.1741-MONOMER,0.0,9.12934395766332e-42
DKDID_REV_g.1274.peg.2582-MONOMER,0.0,-2.8710003261449067e-07
DKDID_FWD_g.1274.peg.2582-MONOMER,0.0,-1.2159854106657973e-07
DKDID2_REV_g.1274.peg.2582-MONOMER,0.0,-4.086985736810704e-07
DKDID2_FWD_g.1274.peg.2582-MONOMER,0.0,1.0060659064698795e-40
DKMPPD2_REV_g.1274.peg.2487-MONOMER,0.0,-1.9345611884022896e-07
DKMPPD2_FWD_g.1274.peg.2487-MONOMER,0.0,7.94575855253503e-40
DMATT_REV_CPLX_DMATT-0,0.0,-4.153117350949385e-07
DMATT_FWD_CPLX_DMATT-0,0.0,-3.6641050162164943e-09
DMATT_REV_g.1274.peg.1397-MONOMER_mod_mn2(1),0.0,-4.1164763007872196e-07
DMATT_FWD_g.1274.peg.1397-MONOMER_mod_mn2(1),0.0008121829278921173,3.8793731068788276e-40
DMATT_REV_g.1274.peg.1397-MONOMER_mod_mg2(1),0.0,-4.131671625427607e-07
DMATT_FWD_g.1274.peg.1397-MONOMER_mod_mg2(1),0.0,-1.5195324640387133e-09
DMPPS_REV_g.1274.peg.1701-MONOMER_mod_nadph(1)_mod_nadh(1)_mod_fad(1)_mod_cobalt2(1),0.0,-2.3456474184429417e-07
DMPPS_FWD_g.1274.peg.1701-MONOMER_mod_nadph(1)_mod_nadh(1)_mod_fad(1)_mod_cobalt2(1),0.0,-3.6810702894203646e-09
DMPPS2r_REV_g.1274.peg.1701-MONOMER_mod_nadph(1)_mod_nadh(1)_mod_fad(1)_mod_cobalt2(1),0.0,-2.3824581213371453e-07
DMPPS2r_FWD_g.1274.peg.1701-MONOMER_mod_nadph(1)_mod_nadh(1)_mod_fad(1)_mod_cobalt2(1),0.0008121829278921173,-3.931265904901178e-39
DMQMT_REV_CPLX_dummy,0.0,-2.7754725626437756e-07
DMQMT_FWD_CPLX_dummy,0.0,-8.576682065316735e-41
DMQMT2_REV_g.1274.peg.4207-MONOMER_mod_zn2(1),0.0,-2.3052568267927476e-40
DMQMT2_FWD_g.1274.peg.4207-MONOMER_mod_zn2(1),0.0,-2.5537655226442853e-07
DNTPPA_REV_g.1274.peg.5504-MONOMER_mod_mg2(1),0.0,-4.7167867605794705e-08
DNTPPA_FWD_g.1274.peg.5504-MONOMER_mod_mg2(1),0.0,-2.9867552427601184e-40
DOPAt2_REV_CPLX_dummy,0.0,-2.7754725626437756e-07
DOPAt2_FWD_CPLX_dummy,0.0,1.3029822535627249e-40
DPCOAK_REV_398578.3.peg.5473-MONOMER,0.0,-2.8348426356171646e-07
DPCOAK_FWD_398578.3.peg.5473-MONOMER,0.00010055273424564956,2.310459540955053e-39
DPGM_REV_g.1274.peg.3041-MONOMER,0.0,-3.228837788684972e-40
DPGM_FWD_g.1274.peg.3041-MONOMER,0.0,-3.875046051807809e-07
DPRr_REV_398578.3.peg.1791-MONOMER,0.0,-3.7475086902098087e-07
DPRr_FWD_398578.3.peg.1791-MONOMER,0.0,-8.84539464446411e-09
DPRr_REV_398578.3.peg.4478-MONOMER,0.0,-3.6716507462225004e-07
DPRr_FWD_398578.3.peg.4478-MONOMER,0.0,-1.2596002457333116e-09
DPRr_REV_398578.3.peg.5033-MONOMER,0.0,-4.0705379558338657e-07
DPRr_FWD_398578.3.peg.5033-MONOMER,0.0,-4.114832120686981e-08
DPRr_REV_398578.3.peg.1543-MONOMER,0.0,-3.6590547437651675e-07
DPRr_FWD_398578.3.peg.1543-MONOMER,0.00010058683483736695,3.6142591641169496e-40
DRIBI_REV_g.1274.peg.4950-MONOMER,0.0,0.0
DRIBI_FWD_g.1274.peg.4950-MONOMER,0.0,-3.489741677514686e-07
DRIBabc_REV_CPLX_DRIBabc-1,0.0,-4.5751151103375723e-07
DRIBabc_FWD_CPLX_DRIBabc-1,0.0,-1.876290208186521e-10
DRIBabc_REV_CPLX_DRIBabc-7,0.0,-4.5732388201293856e-07
DRIBabc_FWD_CPLX_DRIBabc-7,0.0,-1.3178008159893468e-40
DRIBabc_REV_CPLX_DRIBabc-4,0.0,-5.015343231052074e-07
DRIBabc_FWD_CPLX_DRIBabc-4,0.0,-4.4210441092268796e-08
DRIBabc_REV_CPLX_DRIBabc-5,0.0,-4.7303085034406585e-07
DRIBabc_FWD_CPLX_DRIBabc-5,0.0,-1.57069683311273e-08
DRIBabc_REV_CPLX_DRIBabc-6,0.0,-4.85587651963737e-07
DRIBabc_FWD_CPLX_DRIBabc-6,0.0,-2.8263769950798457e-08
DRIBabc_REV_CPLX_DRIBabc-3,0.0,-4.6733585100447767e-07
DRIBabc_FWD_CPLX_DRIBabc-3,0.0,-1.0011968991539096e-08
DRIBabc_REV_CPLX_DRIBabc-2,0.0,-4.962721475089411e-07
DRIBabc_FWD_CPLX_DRIBabc-2,0.0,-3.894826549600254e-08
DRIBabc_REV_CPLX_DRIBabc-0,0.0,-4.858566080651654e-07
DRIBabc_FWD_CPLX_DRIBabc-0,0.0,-2.853272605222692e-08
DSERt2r_REV_g.1274.peg.3541-MONOMER,0.0,-3.4975299552288377e-41
DSERt2r_FWD_g.1274.peg.3541-MONOMER,0.0,-3.369552171924604e-07
DTMPK_REV_g.1274.peg.2913-MONOMER_mod_mg2(1),0.0,-2.5057388040340007e-07
DTMPK_FWD_g.1274.peg.2913-MONOMER_mod_mg2(1),0.001030686333767641,-1.6292455358195825e-40
DUTPDP_REV_g.1274.peg.4267-MONOMER,0.0,5.433054556519364e-07
DUTPDP_FWD_g.1274.peg.4267-MONOMER,0.0,-8.219299616517003e-07
DUTPDP_REV_g.1274.peg.4146-MONOMER_mod_zn2(1),0.0,5.563789067507606e-07
DUTPDP_FWD_g.1274.peg.4146-MONOMER_mod_zn2(1),0.0,-8.088565105528762e-07
DUTPDP_REV_g.1274.peg.1244-MONOMER,0.0,5.460577409607405e-07
DUTPDP_FWD_g.1274.peg.1244-MONOMER,0.0,-8.191776763428962e-07
DXPRIr_REV_g.1274.peg.4017-MONOMER_mod_mn2(1),0.0,-3.797533261454376e-07
DXPRIr_FWD_g.1274.peg.4017-MONOMER_mod_mn2(1),0.0,-9.618654085589797e-11
DXPRIr_REV_g.1274.peg.4017-MONOMER_mod_mg2(1),0.0,-3.8049083562451924e-07
DXPRIr_FWD_g.1274.peg.4017-MONOMER_mod_mg2(1),0.0,-8.336960199375303e-10
DXPRIr_REV_g.1274.peg.4017-MONOMER_mod_cobalt2(1),0.0,-3.7965713960458173e-07
DXPRIr_FWD_g.1274.peg.4017-MONOMER_mod_cobalt2(1),0.00893401220681329,-4.6695538226823115e-34
DXPS_REV_398578.3.peg.2235-MONOMER_mod_thmpp(1),0.0,-4.67126991710047e-07
DXPS_FWD_398578.3.peg.2235-MONOMER_mod_thmpp(1),0.00893401220681329,2.710812486751336e-40
D_LACD_REV_g.1274.peg.2520-MONOMER_mod_fad(1),0.0,-2.410980993206153e-07
D_LACD_FWD_g.1274.peg.2520-MONOMER_mod_fad(1),-9.763031044893001e-57,7.19296548351318e-41
D_LACt2_REV_CPLX_dummy,0.0,-1.9329365977814357e-41
D_LACt2_FWD_CPLX_dummy,0.0,-2.7754725626437756e-07
E4PD_REV_398578.3.peg.938-MONOMER,4.833218523108235e-25,1.4272940289000407e-39
E4PD_FWD_398578.3.peg.938-MONOMER,0.0,-2.9607894157930554e-07
EAR100x_REV_g.1274.peg.2323-MONOMER,0.0,-3.3206530072089786e-07
EAR100x_FWD_g.1274.peg.2323-MONOMER,0.0,-3.6070703274932065e-08
EAR100x_REV_g.1274.peg.5073-MONOMER,0.0,-3.1569515248529116e-07
EAR100x_FWD_g.1274.peg.5073-MONOMER,0.0,-1.970055503932538e-08
EAR100y_REV_g.1274.peg.5528-MONOMER,0.0,-3.0335673802480653e-07
EAR100y_FWD_g.1274.peg.5528-MONOMER,0.004873102301156745,3.140042670568983e-36
EAR10M11_REV_g.1274.peg.5528-MONOMER,0.0,-2.9366680081439925e-07
EAR10M11_FWD_g.1274.peg.5528-MONOMER,0.0,-4.892089175514682e-40
EAR10M11x_REV_g.1274.peg.2323-MONOMER,0.0,-3.223753635104906e-07
EAR10M11x_FWD_g.1274.peg.2323-MONOMER,0.0,-3.6070703274932065e-08
EAR10M11x_REV_g.1274.peg.5073-MONOMER,0.0,-3.060052152748839e-07
EAR10M11x_FWD_g.1274.peg.5073-MONOMER,0.0,-1.970055503932538e-08
EAR10M12_REV_g.1274.peg.5528-MONOMER,0.0,-2.9366680081439925e-07
EAR10M12_FWD_g.1274.peg.5528-MONOMER,0.0027661825008820965,-1.5700623657098347e-35
EAR10M12x_REV_g.1274.peg.2323-MONOMER,0.0,-3.223753635104906e-07
EAR10M12x_FWD_g.1274.peg.2323-MONOMER,0.0,-3.6070703274932065e-08
EAR10M12x_REV_g.1274.peg.5073-MONOMER,0.0,-3.060052152748839e-07
EAR10M12x_FWD_g.1274.peg.5073-MONOMER,0.0,-1.970055503932538e-08
EAR11M12_REV_g.1274.peg.5528-MONOMER,0.0,-2.9366680081439925e-07
EAR11M12_FWD_g.1274.peg.5528-MONOMER,0.0027661825008820965,8.468837600128884e-37
EAR11M12x_REV_g.1274.peg.2323-MONOMER,0.0,-3.223753635104906e-07
EAR11M12x_FWD_g.1274.peg.2323-MONOMER,0.0,-3.6070703274932065e-08
EAR11M12x_REV_g.1274.peg.5073-MONOMER,0.0,-3.060052152748839e-07
EAR11M12x_FWD_g.1274.peg.5073-MONOMER,0.0,-1.970055503932538e-08
EAR120x_REV_g.1274.peg.2323-MONOMER,0.0,-3.320656792232824e-07
EAR120x_FWD_g.1274.peg.2323-MONOMER,0.0,-3.6070703274932065e-08
EAR120x_REV_g.1274.peg.5073-MONOMER,0.0,-3.156955309876757e-07
EAR120x_FWD_g.1274.peg.5073-MONOMER,0.0,-1.970055503932538e-08
EAR120y_REV_g.1274.peg.5528-MONOMER,0.0,-3.0335711652719104e-07
EAR120y_FWD_g.1274.peg.5528-MONOMER,0.004873099596125337,-9.270587892264443e-36
EAR121x_REV_CPLX_dummy,0.0,-2.775472990752529e-07
EAR121x_FWD_CPLX_dummy,0.0,1.2296174469381005e-39
EAR12M13_REV_g.1274.peg.5528-MONOMER,0.0,-2.9366680081439925e-07
EAR12M13_FWD_g.1274.peg.5528-MONOMER,0.0,2.153126803140193e-35
EAR12M13x_REV_g.1274.peg.2323-MONOMER,0.0,-3.223753635104906e-07
EAR12M13x_FWD_g.1274.peg.2323-MONOMER,0.0,-3.6070703274932065e-08
EAR12M13x_REV_g.1274.peg.5073-MONOMER,0.0,-3.060052152748839e-07
EAR12M13x_FWD_g.1274.peg.5073-MONOMER,0.0,-1.970055503932538e-08
EAR12M14_REV_g.1274.peg.5528-MONOMER,0.0,-2.9366680081439925e-07
EAR12M14_FWD_g.1274.peg.5528-MONOMER,0.0027661825008820965,-2.4357735834096164e-33
EAR12M14x_REV_g.1274.peg.2323-MONOMER,0.0,-3.223753635104906e-07
EAR12M14x_FWD_g.1274.peg.2323-MONOMER,0.0,-3.6070703274932065e-08
EAR12M14x_REV_g.1274.peg.5073-MONOMER,0.0,-3.060052152748839e-07
EAR12M14x_FWD_g.1274.peg.5073-MONOMER,0.0,-1.970055503932538e-08
EAR13M14_REV_g.1274.peg.5528-MONOMER,0.0,-2.9366680081439925e-07
EAR13M14_FWD_g.1274.peg.5528-MONOMER,0.0027661825008820965,-3.2899930942649205e-36
EAR13M14x_REV_g.1274.peg.2323-MONOMER,0.0,-3.223753635104906e-07
EAR13M14x_FWD_g.1274.peg.2323-MONOMER,0.0,-3.6070703274932065e-08
EAR13M14x_REV_g.1274.peg.5073-MONOMER,0.0,-3.060052152748839e-07
EAR13M14x_FWD_g.1274.peg.5073-MONOMER,0.0,-1.970055503932538e-08
EAR140x_REV_g.1274.peg.2323-MONOMER,0.0,-3.3206605772587703e-07
EAR140x_FWD_g.1274.peg.2323-MONOMER,0.0,-3.6070703274932065e-08
EAR140x_REV_g.1274.peg.5073-MONOMER,0.0,-3.1569590949027033e-07
EAR140x_FWD_g.1274.peg.5073-MONOMER,0.0,-1.970055503932538e-08
EAR140y_REV_g.1274.peg.5528-MONOMER,0.0,-3.033574950297857e-07
EAR140y_FWD_g.1274.peg.5528-MONOMER,0.0008121830406016889,1.555067323340241e-35
EAR141x_REV_CPLX_dummy,0.0,-2.8723504628875364e-07
EAR141x_FWD_CPLX_dummy,0.0,-1.1142383431670754e-36
EAR14M15_REV_g.1274.peg.5528-MONOMER,0.0,-2.9366680081439925e-07
EAR14M15_FWD_g.1274.peg.5528-MONOMER,0.0,-7.426869948542729e-36
EAR14M15x_REV_g.1274.peg.2323-MONOMER,0.0,-3.223753635104906e-07
EAR14M15x_FWD_g.1274.peg.2323-MONOMER,0.0,-3.6070703274932065e-08
EAR14M15x_REV_g.1274.peg.5073-MONOMER,0.0,-3.060052152748839e-07
EAR14M15x_FWD_g.1274.peg.5073-MONOMER,0.0,-1.970055503932538e-08
EAR14M16_REV_g.1274.peg.5528-MONOMER,0.0,-2.9366680081439925e-07
EAR14M16_FWD_g.1274.peg.5528-MONOMER,0.0027661825008820965,-3.2899930942649205e-36
EAR14M16x_REV_g.1274.peg.2323-MONOMER,0.0,-3.223753635104906e-07
EAR14M16x_FWD_g.1274.peg.2323-MONOMER,0.0,-3.6070703274932065e-08
EAR14M16x_REV_g.1274.peg.5073-MONOMER,0.0,-3.060052152748839e-07
EAR14M16x_FWD_g.1274.peg.5073-MONOMER,0.0,-1.970055503932538e-08
EAR15M16_REV_g.1274.peg.5528-MONOMER,0.0,-2.9366680081439925e-07
EAR15M16_FWD_g.1274.peg.5528-MONOMER,0.0027661825008820965,-7.426869948542729e-36
EAR15M16x_REV_g.1274.peg.2323-MONOMER,0.0,-3.223753635104906e-07
EAR15M16x_FWD_g.1274.peg.2323-MONOMER,0.0,-3.6070703274932065e-08
EAR15M16x_REV_g.1274.peg.5073-MONOMER,0.0,-3.060052152748839e-07
EAR15M16x_FWD_g.1274.peg.5073-MONOMER,0.0,-1.970055503932538e-08
EAR160x_REV_g.1274.peg.2323-MONOMER,0.0,1.086026264972136e-05
EAR160x_FWD_g.1274.peg.2323-MONOMER,0.0,-1.1228398155317117e-05
EAR160x_REV_g.1274.peg.5073-MONOMER,0.0,1.0876632797956967e-05
EAR160x_FWD_g.1274.peg.5073-MONOMER,0.0,-1.1212028007081511e-05
EAR160y_REV_g.1274.peg.5528-MONOMER,0.0,1.0888971212417451e-05
EAR160y_FWD_g.1274.peg.5528-MONOMER,0.0,-1.1192327452042185e-05
EAR161x_REV_CPLX_dummy,0.0,-2.8723504628875364e-07
EAR161x_FWD_CPLX_dummy,0.0,-1.1142383431670754e-36
EAR180x_REV_g.1274.peg.2323-MONOMER,0.0,-3.3206362762239806e-07
EAR180x_FWD_g.1274.peg.2323-MONOMER,0.0,-3.6070703274932065e-08
EAR180x_REV_g.1274.peg.5073-MONOMER,0.0,-3.1569347938679136e-07
EAR180x_FWD_g.1274.peg.5073-MONOMER,0.0,-1.970055503932538e-08
EAR180y_REV_g.1274.peg.5528-MONOMER,0.0,-3.0335506492630673e-07
EAR180y_FWD_g.1274.peg.5528-MONOMER,-9.124805221791042e-24,3.140042670568983e-36
EAR181x_REV_CPLX_dummy,0.0,-2.872352852292404e-07
EAR181x_FWD_CPLX_dummy,0.0,-1.1142383431670754e-36
EAR40x_REV_g.1274.peg.2323-MONOMER,0.0,-3.320641652150049e-07
EAR40x_FWD_g.1274.peg.2323-MONOMER,0.0,-3.6070703274932065e-08
EAR40x_REV_g.1274.peg.5073-MONOMER,0.0,-3.156940169793982e-07
EAR40x_FWD_g.1274.peg.5073-MONOMER,0.0,-1.970055503932538e-08
EAR40y_REV_g.1274.peg.5528-MONOMER,0.0,-3.033556025189136e-07
EAR40y_FWD_g.1274.peg.5528-MONOMER,0.004873110416259979,-5.1337110379866344e-36
EAR4M5_REV_g.1274.peg.5528-MONOMER,0.0,-2.9366680081439925e-07
EAR4M5_FWD_g.1274.peg.5528-MONOMER,0.0,-4.892089175514682e-40
EAR4M5x_REV_g.1274.peg.2323-MONOMER,0.0,-3.223753635104906e-07
EAR4M5x_FWD_g.1274.peg.2323-MONOMER,0.0,-3.6070703274932065e-08
EAR4M5x_REV_g.1274.peg.5073-MONOMER,0.0,-3.060052152748839e-07
EAR4M5x_FWD_g.1274.peg.5073-MONOMER,0.0,-1.970055503932538e-08
EAR4M6_REV_g.1274.peg.5528-MONOMER,0.0,-2.9366680081439925e-07
EAR4M6_FWD_g.1274.peg.5528-MONOMER,0.0027661825008820965,8.468837600128884e-37
EAR4M6x_REV_g.1274.peg.2323-MONOMER,0.0,-3.223753635104906e-07
EAR4M6x_FWD_g.1274.peg.2323-MONOMER,0.0,-3.6070703274932065e-08
EAR4M6x_REV_g.1274.peg.5073-MONOMER,0.0,-3.060052152748839e-07
EAR4M6x_FWD_g.1274.peg.5073-MONOMER,0.0,-1.970055503932538e-08
EAR5M6_REV_g.1274.peg.5528-MONOMER,0.0,-2.9366680081439925e-07
EAR5M6_FWD_g.1274.peg.5528-MONOMER,0.0027661825008820965,-3.2899930942649205e-36
EAR5M6x_REV_g.1274.peg.2323-MONOMER,0.0,-3.223753635104906e-07
EAR5M6x_FWD_g.1274.peg.2323-MONOMER,0.0,-3.6070703274932065e-08
EAR5M6x_REV_g.1274.peg.5073-MONOMER,0.0,-3.060052152748839e-07
EAR5M6x_FWD_g.1274.peg.5073-MONOMER,0.0,-1.970055503932538e-08
EAR60x_REV_g.1274.peg.2323-MONOMER,0.0,-3.320645437167591e-07
EAR60x_FWD_g.1274.peg.2323-MONOMER,0.0,-3.6070703274932065e-08
EAR60x_REV_g.1274.peg.5073-MONOMER,0.0,-3.1569439548115246e-07
EAR60x_FWD_g.1274.peg.5073-MONOMER,0.0,-1.970055503932538e-08
EAR60y_REV_g.1274.peg.5528-MONOMER,0.0,-3.033559810206678e-07
EAR60y_FWD_g.1274.peg.5528-MONOMER,0.0048731077112240655,-9.968341837088255e-37
EAR6M7_REV_g.1274.peg.5528-MONOMER,0.0,-2.9366680081439925e-07
EAR6M7_FWD_g.1274.peg.5528-MONOMER,0.0,-4.892089175514682e-40
EAR6M7x_REV_g.1274.peg.2323-MONOMER,0.0,-3.223753635104906e-07
EAR6M7x_FWD_g.1274.peg.2323-MONOMER,0.0,-3.6070703274932065e-08
EAR6M7x_REV_g.1274.peg.5073-MONOMER,0.0,-3.060052152748839e-07
EAR6M7x_FWD_g.1274.peg.5073-MONOMER,0.0,-1.970055503932538e-08
EAR6M8_REV_g.1274.peg.5528-MONOMER,0.0,-2.9366680081439925e-07
EAR6M8_FWD_g.1274.peg.5528-MONOMER,0.0027661825008820965,8.468837600128884e-37
EAR6M8x_REV_g.1274.peg.2323-MONOMER,0.0,-3.223753635104906e-07
EAR6M8x_FWD_g.1274.peg.2323-MONOMER,0.0,-3.6070703274932065e-08
EAR6M8x_REV_g.1274.peg.5073-MONOMER,0.0,-3.060052152748839e-07
EAR6M8x_FWD_g.1274.peg.5073-MONOMER,0.0,-1.970055503932538e-08
EAR7M8_REV_g.1274.peg.5528-MONOMER,0.0,-2.9366680081439925e-07
EAR7M8_FWD_g.1274.peg.5528-MONOMER,0.0027661825008820965,-1.1563746802820539e-35
EAR7M8x_REV_g.1274.peg.2323-MONOMER,0.0,-3.223753635104906e-07
EAR7M8x_FWD_g.1274.peg.2323-MONOMER,0.0,-3.6070703274932065e-08
EAR7M8x_REV_g.1274.peg.5073-MONOMER,0.0,-3.060052152748839e-07
EAR7M8x_FWD_g.1274.peg.5073-MONOMER,0.0,-1.970055503932538e-08
EAR80x_REV_g.1274.peg.2323-MONOMER,0.0,-3.320649222187234e-07
EAR80x_FWD_g.1274.peg.2323-MONOMER,0.0,-3.6070703274932065e-08
EAR80x_REV_g.1274.peg.5073-MONOMER,0.0,-3.156947739831168e-07
EAR80x_FWD_g.1274.peg.5073-MONOMER,0.0,-1.970055503932538e-08
EAR80y_REV_g.1274.peg.5528-MONOMER,0.0,-3.033563595226321e-07
EAR80y_FWD_g.1274.peg.5528-MONOMER,0.004873105006189655,-5.1337110379866344e-36
EAR8M10_REV_g.1274.peg.5528-MONOMER,0.0,-2.9366680081439925e-07
EAR8M10_FWD_g.1274.peg.5528-MONOMER,0.0027661825008820965,-1.1563746802820539e-35
EAR8M10x_REV_g.1274.peg.2323-MONOMER,0.0,-3.223753635104906e-07
EAR8M10x_FWD_g.1274.peg.2323-MONOMER,0.0,-3.6070703274932065e-08
EAR8M10x_REV_g.1274.peg.5073-MONOMER,0.0,-3.060052152748839e-07
EAR8M10x_FWD_g.1274.peg.5073-MONOMER,0.0,-1.970055503932538e-08
EAR8M9_REV_g.1274.peg.5528-MONOMER,0.0,-2.9366680081439925e-07
EAR8M9_FWD_g.1274.peg.5528-MONOMER,0.0,-4.892089175514682e-40
EAR8M9x_REV_g.1274.peg.2323-MONOMER,0.0,-3.223753635104906e-07
EAR8M9x_FWD_g.1274.peg.2323-MONOMER,0.0,-3.6070703274932065e-08
EAR8M9x_REV_g.1274.peg.5073-MONOMER,0.0,-3.060052152748839e-07
EAR8M9x_FWD_g.1274.peg.5073-MONOMER,0.0,-1.970055503932538e-08
EAR9M10_REV_g.1274.peg.5528-MONOMER,0.0,-2.9366680081439925e-07
EAR9M10_FWD_g.1274.peg.5528-MONOMER,0.0027661825008820965,-2.3974377365653964e-35
EAR9M10x_REV_g.1274.peg.2323-MONOMER,0.0,-3.223753635104906e-07
EAR9M10x_FWD_g.1274.peg.2323-MONOMER,0.0,-3.6070703274932065e-08
EAR9M10x_REV_g.1274.peg.5073-MONOMER,0.0,-3.060052152748839e-07
EAR9M10x_FWD_g.1274.peg.5073-MONOMER,0.0,-1.970055503932538e-08
ECOAH1_REV_g.1274.peg.6050-MONOMER,0.0,-8.599394679607018e-09
ECOAH1_FWD_g.1274.peg.6050-MONOMER,0.0,-2.6657562093020104e-07
ECOAH1_REV_g.1274.peg.846-MONOMER,0.0,-9.21642867408408e-08
ECOAH1_FWD_g.1274.peg.846-MONOMER,0.0,-3.501405129914348e-07
ECOAH1_REV_g.1274.peg.5370-MONOMER,0.0,-3.135065389755895e-08
ECOAH1_FWD_g.1274.peg.5370-MONOMER,0.0,-2.8932688014815297e-07
ECOAH1_REV_g.1274.peg.367-MONOMER,0.0,-3.752197776120741e-08
ECOAH1_FWD_g.1274.peg.367-MONOMER,0.0,-2.954982040118014e-07
ECOAH1_REV_g.1274.peg.3532-MONOMER,0.0,-2.974681117305462e-08
ECOAH1_FWD_g.1274.peg.3532-MONOMER,0.0,-2.877230374236486e-07
ECOAH1_REV_g.1274.peg.1009-MONOMER,0.0,-7.058590711822101e-09
ECOAH1_FWD_g.1274.peg.1009-MONOMER,0.0,-2.650348169624161e-07
ECOAH1_REV_g.1274.peg.457-MONOMER,0.0,-3.6711881791233385e-08
ECOAH1_FWD_g.1274.peg.457-MONOMER,0.0,-2.946881080418274e-07
ECOAH1_REV_g.1274.peg.2944-MONOMER,0.0,-2.5738376815888958e-08
ECOAH1_FWD_g.1274.peg.2944-MONOMER,0.0,-2.8371460306648294e-07
ECOAH1_REV_g.1274.peg.2516-MONOMER,0.0,-5.990125855054616e-08
ECOAH1_FWD_g.1274.peg.2516-MONOMER,0.0,-3.1787748480114014e-07
ECOAH1_REV_g.1274.peg.3553-MONOMER,0.0,-2.4579165254946208e-08
ECOAH1_FWD_g.1274.peg.3553-MONOMER,0.0,-2.825553915055402e-07
ECOAH1_REV_g.1274.peg.881-MONOMER,0.0,-7.765246882647223e-08
ECOAH1_FWD_g.1274.peg.881-MONOMER,0.0,-3.3562869507706626e-07
ECOAH1_REV_g.1274.peg.966-MONOMER,0.0,-2.542211323232819e-08
ECOAH1_FWD_g.1274.peg.966-MONOMER,0.0,-2.833983394829222e-07
ECOAH1_REV_g.1274.peg.1523-MONOMER,0.0,-4.6530663469362916e-08
ECOAH1_FWD_g.1274.peg.1523-MONOMER,0.0,-3.045068897199569e-07
ECOAH1_REV_g.1274.peg.1195-MONOMER,0.0,-1.0154934677333823e-08
ECOAH1_FWD_g.1274.peg.1195-MONOMER,0.0,-2.681311609279278e-07
ECOAH1_REV_g.1274.peg.4705-MONOMER,0.0,-3.795346865479253e-08
ECOAH1_FWD_g.1274.peg.4705-MONOMER,0.0,-2.959296949053865e-07
ECOAH1_REV_g.1274.peg.4049-MONOMER,0.0,-3.5641034582507905e-08
ECOAH1_FWD_g.1274.peg.4049-MONOMER,0.0,-2.936172608331019e-07
ECOAH1_REV_g.1274.peg.794-MONOMER,0.0,-1.2614638168917897e-40
ECOAH1_FWD_g.1274.peg.794-MONOMER,0.0,-2.57976226250594e-07
ECOAH12_REV_g.1274.peg.6050-MONOMER,0.0,-2.6657562093020104e-07
ECOAH12_FWD_g.1274.peg.6050-MONOMER,0.0,-8.599394679607018e-09
ECOAH12_REV_g.1274.peg.846-MONOMER,0.0,-3.501405129914348e-07
ECOAH12_FWD_g.1274.peg.846-MONOMER,0.0,-9.21642867408408e-08
ECOAH12_REV_g.1274.peg.5370-MONOMER,0.0,-2.8932688014815297e-07
ECOAH12_FWD_g.1274.peg.5370-MONOMER,0.0,-3.135065389755895e-08
ECOAH12_REV_g.1274.peg.367-MONOMER,0.0,-2.954982040118014e-07
ECOAH12_FWD_g.1274.peg.367-MONOMER,0.0,-3.752197776120741e-08
ECOAH12_REV_g.1274.peg.3532-MONOMER,0.0,-2.877230374236486e-07
ECOAH12_FWD_g.1274.peg.3532-MONOMER,0.0,-2.974681117305462e-08
ECOAH12_REV_g.1274.peg.1009-MONOMER,0.0,-2.650348169624161e-07
ECOAH12_FWD_g.1274.peg.1009-MONOMER,0.0,-7.058590711822101e-09
ECOAH12_REV_g.1274.peg.457-MONOMER,0.0,-2.946881080418274e-07
ECOAH12_FWD_g.1274.peg.457-MONOMER,0.0,-3.6711881791233385e-08
ECOAH12_REV_g.1274.peg.2944-MONOMER,0.0,-2.8371460306648294e-07
ECOAH12_FWD_g.1274.peg.2944-MONOMER,0.0,-2.5738376815888958e-08
ECOAH12_REV_g.1274.peg.5319-MONOMER,0.0,-3.010524061914491e-07
ECOAH12_FWD_g.1274.peg.5319-MONOMER,0.0,-4.307617994085511e-08
ECOAH12_REV_g.1274.peg.2516-MONOMER,0.0,-3.1787748480114014e-07
ECOAH12_FWD_g.1274.peg.2516-MONOMER,0.0,-5.990125855054616e-08
ECOAH12_REV_g.1274.peg.3553-MONOMER,0.0,-2.825553915055402e-07
ECOAH12_FWD_g.1274.peg.3553-MONOMER,0.0,-2.4579165254946208e-08
ECOAH12_REV_g.1274.peg.881-MONOMER,0.0,-3.3562869507706626e-07
ECOAH12_FWD_g.1274.peg.881-MONOMER,0.0,-7.765246882647223e-08
ECOAH12_REV_g.1274.peg.966-MONOMER,0.0,-2.833983394829222e-07
ECOAH12_FWD_g.1274.peg.966-MONOMER,0.0,-2.542211323232819e-08
ECOAH12_REV_g.1274.peg.1523-MONOMER,0.0,-3.045068897199569e-07
ECOAH12_FWD_g.1274.peg.1523-MONOMER,0.0,-4.6530663469362916e-08
ECOAH12_REV_g.1274.peg.1195-MONOMER,0.0,-2.681311609279278e-07
ECOAH12_FWD_g.1274.peg.1195-MONOMER,0.0,-1.0154934677333823e-08
ECOAH12_REV_g.1274.peg.4705-MONOMER,0.0,-2.959296949053865e-07
ECOAH12_FWD_g.1274.peg.4705-MONOMER,0.0,-3.795346865479253e-08
ECOAH12_REV_g.1274.peg.4049-MONOMER,0.0,-2.936172608331019e-07
ECOAH12_FWD_g.1274.peg.4049-MONOMER,0.0,-3.5641034582507905e-08
ECOAH12_REV_g.1274.peg.794-MONOMER,0.0,-2.57976226250594e-07
ECOAH12_FWD_g.1274.peg.794-MONOMER,0.0,1.0271919651833144e-39
ECOAH3_REV_g.1274.peg.6050-MONOMER,0.0,-8.599394679607018e-09
ECOAH3_FWD_g.1274.peg.6050-MONOMER,0.0,-2.6657562093020104e-07
ECOAH3_REV_g.1274.peg.846-MONOMER,0.0,-9.21642867408408e-08
ECOAH3_FWD_g.1274.peg.846-MONOMER,0.0,-3.501405129914348e-07
ECOAH3_REV_g.1274.peg.5370-MONOMER,0.0,-3.135065389755895e-08
ECOAH3_FWD_g.1274.peg.5370-MONOMER,0.0,-2.8932688014815297e-07
ECOAH3_REV_g.1274.peg.367-MONOMER,0.0,-3.752197776120741e-08
ECOAH3_FWD_g.1274.peg.367-MONOMER,0.0,-2.954982040118014e-07
ECOAH3_REV_g.1274.peg.3532-MONOMER,0.0,-2.974681117305462e-08
ECOAH3_FWD_g.1274.peg.3532-MONOMER,0.0,-2.877230374236486e-07
ECOAH3_REV_g.1274.peg.1009-MONOMER,0.0,-7.058590711822101e-09
ECOAH3_FWD_g.1274.peg.1009-MONOMER,0.0,-2.650348169624161e-07
ECOAH3_REV_g.1274.peg.457-MONOMER,0.0,-3.6711881791233385e-08
ECOAH3_FWD_g.1274.peg.457-MONOMER,0.0,-2.946881080418274e-07
ECOAH3_REV_g.1274.peg.2944-MONOMER,0.0,-2.5738376815888958e-08
ECOAH3_FWD_g.1274.peg.2944-MONOMER,0.0,-2.8371460306648294e-07
ECOAH3_REV_g.1274.peg.2516-MONOMER,0.0,-5.990125855054616e-08
ECOAH3_FWD_g.1274.peg.2516-MONOMER,0.0,-3.1787748480114014e-07
ECOAH3_REV_g.1274.peg.3553-MONOMER,0.0,-2.4579165254946208e-08
ECOAH3_FWD_g.1274.peg.3553-MONOMER,0.0,-2.825553915055402e-07
ECOAH3_REV_g.1274.peg.881-MONOMER,0.0,-7.765246882647223e-08
ECOAH3_FWD_g.1274.peg.881-MONOMER,0.0,-3.3562869507706626e-07
ECOAH3_REV_g.1274.peg.966-MONOMER,0.0,-2.542211323232819e-08
ECOAH3_FWD_g.1274.peg.966-MONOMER,0.0,-2.833983394829222e-07
ECOAH3_REV_g.1274.peg.1523-MONOMER,0.0,-4.6530663469362916e-08
ECOAH3_FWD_g.1274.peg.1523-MONOMER,0.0,-3.045068897199569e-07
ECOAH3_REV_g.1274.peg.1195-MONOMER,0.0,-1.0154934677333823e-08
ECOAH3_FWD_g.1274.peg.1195-MONOMER,0.0,-2.681311609279278e-07
ECOAH3_REV_g.1274.peg.4705-MONOMER,0.0,-3.795346865479253e-08
ECOAH3_FWD_g.1274.peg.4705-MONOMER,0.0,-2.959296949053865e-07
ECOAH3_REV_g.1274.peg.4049-MONOMER,0.0,-3.5641034582507905e-08
ECOAH3_FWD_g.1274.peg.4049-MONOMER,0.0,-2.936172608331019e-07
ECOAH3_REV_g.1274.peg.794-MONOMER,0.0,2.0183421070268636e-39
ECOAH3_FWD_g.1274.peg.794-MONOMER,0.0,-2.57976226250594e-07
ECOAH4_REV_g.1274.peg.6050-MONOMER,0.0,-8.599394679607018e-09
ECOAH4_FWD_g.1274.peg.6050-MONOMER,0.0,-2.6657562093020104e-07
ECOAH4_REV_g.1274.peg.846-MONOMER,0.0,-9.21642867408408e-08
ECOAH4_FWD_g.1274.peg.846-MONOMER,0.0,-3.501405129914348e-07
ECOAH4_REV_g.1274.peg.5370-MONOMER,0.0,-3.135065389755895e-08
ECOAH4_FWD_g.1274.peg.5370-MONOMER,0.0,-2.8932688014815297e-07
ECOAH4_REV_g.1274.peg.367-MONOMER,0.0,-3.752197776120741e-08
ECOAH4_FWD_g.1274.peg.367-MONOMER,0.0,-2.954982040118014e-07
ECOAH4_REV_g.1274.peg.3532-MONOMER,0.0,-2.974681117305462e-08
ECOAH4_FWD_g.1274.peg.3532-MONOMER,0.0,-2.877230374236486e-07
ECOAH4_REV_g.1274.peg.1009-MONOMER,0.0,-7.058590711822101e-09
ECOAH4_FWD_g.1274.peg.1009-MONOMER,0.0,-2.650348169624161e-07
ECOAH4_REV_g.1274.peg.457-MONOMER,0.0,-3.6711881791233385e-08
ECOAH4_FWD_g.1274.peg.457-MONOMER,0.0,-2.946881080418274e-07
ECOAH4_REV_g.1274.peg.2944-MONOMER,0.0,-2.5738376815888958e-08
ECOAH4_FWD_g.1274.peg.2944-MONOMER,0.0,-2.8371460306648294e-07
ECOAH4_REV_g.1274.peg.2516-MONOMER,0.0,-5.990125855054616e-08
ECOAH4_FWD_g.1274.peg.2516-MONOMER,0.0,-3.1787748480114014e-07
ECOAH4_REV_g.1274.peg.3553-MONOMER,0.0,-2.4579165254946208e-08
ECOAH4_FWD_g.1274.peg.3553-MONOMER,0.0,-2.825553915055402e-07
ECOAH4_REV_g.1274.peg.881-MONOMER,0.0,-7.765246882647223e-08
ECOAH4_FWD_g.1274.peg.881-MONOMER,0.0,-3.3562869507706626e-07
ECOAH4_REV_g.1274.peg.966-MONOMER,0.0,-2.542211323232819e-08
ECOAH4_FWD_g.1274.peg.966-MONOMER,0.0,-2.833983394829222e-07
ECOAH4_REV_g.1274.peg.1523-MONOMER,0.0,-4.6530663469362916e-08
ECOAH4_FWD_g.1274.peg.1523-MONOMER,0.0,-3.045068897199569e-07
ECOAH4_REV_g.1274.peg.1195-MONOMER,0.0,-1.0154934677333823e-08
ECOAH4_FWD_g.1274.peg.1195-MONOMER,0.0,-2.681311609279278e-07
ECOAH4_REV_g.1274.peg.4705-MONOMER,0.0,-3.795346865479253e-08
ECOAH4_FWD_g.1274.peg.4705-MONOMER,0.0,-2.959296949053865e-07
ECOAH4_REV_g.1274.peg.4049-MONOMER,0.0,-3.5641034582507905e-08
ECOAH4_FWD_g.1274.peg.4049-MONOMER,0.0,-2.936172608331019e-07
ECOAH4_REV_g.1274.peg.794-MONOMER,0.0,3.3338686589283015e-39
ECOAH4_FWD_g.1274.peg.794-MONOMER,0.0,-2.57976226250594e-07
ECOAH5_REV_g.1274.peg.6050-MONOMER,0.0,-8.599394679607018e-09
ECOAH5_FWD_g.1274.peg.6050-MONOMER,0.0,-2.6657562093020104e-07
ECOAH5_REV_g.1274.peg.846-MONOMER,0.0,-9.21642867408408e-08
ECOAH5_FWD_g.1274.peg.846-MONOMER,0.0,-3.501405129914348e-07
ECOAH5_REV_g.1274.peg.5370-MONOMER,0.0,-3.135065389755895e-08
ECOAH5_FWD_g.1274.peg.5370-MONOMER,0.0,-2.8932688014815297e-07
ECOAH5_REV_g.1274.peg.367-MONOMER,0.0,-3.752197776120741e-08
ECOAH5_FWD_g.1274.peg.367-MONOMER,0.0,-2.954982040118014e-07
ECOAH5_REV_g.1274.peg.3532-MONOMER,0.0,-2.974681117305462e-08
ECOAH5_FWD_g.1274.peg.3532-MONOMER,0.0,-2.877230374236486e-07
ECOAH5_REV_g.1274.peg.1009-MONOMER,0.0,-7.058590711822101e-09
ECOAH5_FWD_g.1274.peg.1009-MONOMER,0.0,-2.650348169624161e-07
ECOAH5_REV_g.1274.peg.457-MONOMER,0.0,-3.6711881791233385e-08
ECOAH5_FWD_g.1274.peg.457-MONOMER,0.0,-2.946881080418274e-07
ECOAH5_REV_g.1274.peg.2944-MONOMER,0.0,-2.5738376815888958e-08
ECOAH5_FWD_g.1274.peg.2944-MONOMER,0.0,-2.8371460306648294e-07
ECOAH5_REV_g.1274.peg.2516-MONOMER,0.0,-5.990125855054616e-08
ECOAH5_FWD_g.1274.peg.2516-MONOMER,0.0,-3.1787748480114014e-07
ECOAH5_REV_g.1274.peg.3553-MONOMER,0.0,-2.4579165254946208e-08
ECOAH5_FWD_g.1274.peg.3553-MONOMER,0.0,-2.825553915055402e-07
ECOAH5_REV_g.1274.peg.881-MONOMER,0.0,-7.765246882647223e-08
ECOAH5_FWD_g.1274.peg.881-MONOMER,0.0,-3.3562869507706626e-07
ECOAH5_REV_g.1274.peg.966-MONOMER,0.0,-2.542211323232819e-08
ECOAH5_FWD_g.1274.peg.966-MONOMER,0.0,-2.833983394829222e-07
ECOAH5_REV_g.1274.peg.1523-MONOMER,0.0,-4.6530663469362916e-08
ECOAH5_FWD_g.1274.peg.1523-MONOMER,0.0,-3.045068897199569e-07
ECOAH5_REV_g.1274.peg.1195-MONOMER,0.0,-1.0154934677333823e-08
ECOAH5_FWD_g.1274.peg.1195-MONOMER,0.0,-2.681311609279278e-07
ECOAH5_REV_g.1274.peg.4705-MONOMER,0.0,-3.795346865479253e-08
ECOAH5_FWD_g.1274.peg.4705-MONOMER,0.0,-2.959296949053865e-07
ECOAH5_REV_g.1274.peg.4049-MONOMER,0.0,-3.5641034582507905e-08
ECOAH5_FWD_g.1274.peg.4049-MONOMER,0.0,-2.936172608331019e-07
ECOAH5_REV_g.1274.peg.794-MONOMER,0.0,1.0271919651833144e-39
ECOAH5_FWD_g.1274.peg.794-MONOMER,0.0,-2.57976226250594e-07
ECOAH6_REV_g.1274.peg.6050-MONOMER,0.0,-8.599394679607018e-09
ECOAH6_FWD_g.1274.peg.6050-MONOMER,0.0,-2.6657562093020104e-07
ECOAH6_REV_g.1274.peg.846-MONOMER,0.0,-9.21642867408408e-08
ECOAH6_FWD_g.1274.peg.846-MONOMER,0.0,-3.501405129914348e-07
ECOAH6_REV_g.1274.peg.5370-MONOMER,0.0,-3.135065389755895e-08
ECOAH6_FWD_g.1274.peg.5370-MONOMER,0.0,-2.8932688014815297e-07
ECOAH6_REV_g.1274.peg.367-MONOMER,0.0,-3.752197776120741e-08
ECOAH6_FWD_g.1274.peg.367-MONOMER,0.0,-2.954982040118014e-07
ECOAH6_REV_g.1274.peg.3532-MONOMER,0.0,-2.974681117305462e-08
ECOAH6_FWD_g.1274.peg.3532-MONOMER,0.0,-2.877230374236486e-07
ECOAH6_REV_g.1274.peg.1009-MONOMER,0.0,-7.058590711822101e-09
ECOAH6_FWD_g.1274.peg.1009-MONOMER,0.0,-2.650348169624161e-07
ECOAH6_REV_g.1274.peg.457-MONOMER,0.0,-3.6711881791233385e-08
ECOAH6_FWD_g.1274.peg.457-MONOMER,0.0,-2.946881080418274e-07
ECOAH6_REV_g.1274.peg.2944-MONOMER,0.0,-2.5738376815888958e-08
ECOAH6_FWD_g.1274.peg.2944-MONOMER,0.0,-2.8371460306648294e-07
ECOAH6_REV_g.1274.peg.2516-MONOMER,0.0,-5.990125855054616e-08
ECOAH6_FWD_g.1274.peg.2516-MONOMER,0.0,-3.1787748480114014e-07
ECOAH6_REV_g.1274.peg.3553-MONOMER,0.0,-2.4579165254946208e-08
ECOAH6_FWD_g.1274.peg.3553-MONOMER,0.0,-2.825553915055402e-07
ECOAH6_REV_g.1274.peg.881-MONOMER,0.0,-7.765246882647223e-08
ECOAH6_FWD_g.1274.peg.881-MONOMER,0.0,-3.3562869507706626e-07
ECOAH6_REV_g.1274.peg.966-MONOMER,0.0,-2.542211323232819e-08
ECOAH6_FWD_g.1274.peg.966-MONOMER,0.0,-2.833983394829222e-07
ECOAH6_REV_g.1274.peg.1523-MONOMER,0.0,-4.6530663469362916e-08
ECOAH6_FWD_g.1274.peg.1523-MONOMER,0.0,-3.045068897199569e-07
ECOAH6_REV_g.1274.peg.1195-MONOMER,0.0,-1.0154934677333823e-08
ECOAH6_FWD_g.1274.peg.1195-MONOMER,0.0,-2.681311609279278e-07
ECOAH6_REV_g.1274.peg.4705-MONOMER,0.0,-3.795346865479253e-08
ECOAH6_FWD_g.1274.peg.4705-MONOMER,0.0,-2.959296949053865e-07
ECOAH6_REV_g.1274.peg.4049-MONOMER,0.0,-3.5641034582507905e-08
ECOAH6_FWD_g.1274.peg.4049-MONOMER,0.0,-2.936172608331019e-07
ECOAH6_REV_g.1274.peg.794-MONOMER,0.0,2.0183421070268636e-39
ECOAH6_FWD_g.1274.peg.794-MONOMER,0.0,-2.57976226250594e-07
ECOAH7_REV_g.1274.peg.6050-MONOMER,0.0,-2.6657562093020104e-07
ECOAH7_FWD_g.1274.peg.6050-MONOMER,0.0,-8.599394679607018e-09
ECOAH7_REV_g.1274.peg.846-MONOMER,0.0,-3.501405129914348e-07
ECOAH7_FWD_g.1274.peg.846-MONOMER,0.0,-9.21642867408408e-08
ECOAH7_REV_g.1274.peg.5370-MONOMER,0.0,-2.8932688014815297e-07
ECOAH7_FWD_g.1274.peg.5370-MONOMER,0.0,-3.135065389755895e-08
ECOAH7_REV_g.1274.peg.367-MONOMER,0.0,-2.954982040118014e-07
ECOAH7_FWD_g.1274.peg.367-MONOMER,0.0,-3.752197776120741e-08
ECOAH7_REV_g.1274.peg.3532-MONOMER,0.0,-2.877230374236486e-07
ECOAH7_FWD_g.1274.peg.3532-MONOMER,0.0,-2.974681117305462e-08
ECOAH7_REV_g.1274.peg.1009-MONOMER,0.0,-2.650348169624161e-07
ECOAH7_FWD_g.1274.peg.1009-MONOMER,0.0,-7.058590711822101e-09
ECOAH7_REV_g.1274.peg.457-MONOMER,0.0,-2.946881080418274e-07
ECOAH7_FWD_g.1274.peg.457-MONOMER,0.0,-3.6711881791233385e-08
ECOAH7_REV_g.1274.peg.2944-MONOMER,0.0,-2.8371460306648294e-07
ECOAH7_FWD_g.1274.peg.2944-MONOMER,0.0,-2.5738376815888958e-08
ECOAH7_REV_g.1274.peg.2516-MONOMER,0.0,-3.1787748480114014e-07
ECOAH7_FWD_g.1274.peg.2516-MONOMER,0.0,-5.990125855054616e-08
ECOAH7_REV_g.1274.peg.3553-MONOMER,0.0,-2.825553915055402e-07
ECOAH7_FWD_g.1274.peg.3553-MONOMER,0.0,-2.4579165254946208e-08
ECOAH7_REV_g.1274.peg.881-MONOMER,0.0,-3.3562869507706626e-07
ECOAH7_FWD_g.1274.peg.881-MONOMER,0.0,-7.765246882647223e-08
ECOAH7_REV_g.1274.peg.966-MONOMER,0.0,-2.833983394829222e-07
ECOAH7_FWD_g.1274.peg.966-MONOMER,0.0,-2.542211323232819e-08
ECOAH7_REV_g.1274.peg.1523-MONOMER,0.0,-3.045068897199569e-07
ECOAH7_FWD_g.1274.peg.1523-MONOMER,0.0,-4.6530663469362916e-08
ECOAH7_REV_g.1274.peg.1195-MONOMER,0.0,-2.681311609279278e-07
ECOAH7_FWD_g.1274.peg.1195-MONOMER,0.0,-1.0154934677333823e-08
ECOAH7_REV_g.1274.peg.4705-MONOMER,0.0,-2.959296949053865e-07
ECOAH7_FWD_g.1274.peg.4705-MONOMER,0.0,-3.795346865479253e-08
ECOAH7_REV_g.1274.peg.4049-MONOMER,0.0,-2.936172608331019e-07
ECOAH7_FWD_g.1274.peg.4049-MONOMER,0.0,-3.5641034582507905e-08
ECOAH7_REV_g.1274.peg.794-MONOMER,0.0,-2.57976226250594e-07
ECOAH7_FWD_g.1274.peg.794-MONOMER,0.0,-2.5950112804631103e-39
ECOAH9_REV_g.1274.peg.6050-MONOMER,0.0,-2.6657562093020104e-07
ECOAH9_FWD_g.1274.peg.6050-MONOMER,0.0,-8.599394679607018e-09
ECOAH9_REV_g.1274.peg.846-MONOMER,0.0,-3.501405129914348e-07
ECOAH9_FWD_g.1274.peg.846-MONOMER,0.0,-9.21642867408408e-08
ECOAH9_REV_g.1274.peg.5370-MONOMER,0.0,-2.8932688014815297e-07
ECOAH9_FWD_g.1274.peg.5370-MONOMER,0.0,-3.135065389755895e-08
ECOAH9_REV_g.1274.peg.367-MONOMER,0.0,-2.954982040118014e-07
ECOAH9_FWD_g.1274.peg.367-MONOMER,0.0,-3.752197776120741e-08
ECOAH9_REV_g.1274.peg.3532-MONOMER,0.0,-2.877230374236486e-07
ECOAH9_FWD_g.1274.peg.3532-MONOMER,0.0,-2.974681117305462e-08
ECOAH9_REV_g.1274.peg.1009-MONOMER,0.0,-2.650348169624161e-07
ECOAH9_FWD_g.1274.peg.1009-MONOMER,0.0,-7.058590711822101e-09
ECOAH9_REV_g.1274.peg.457-MONOMER,0.0,-2.946881080418274e-07
ECOAH9_FWD_g.1274.peg.457-MONOMER,0.0,-3.6711881791233385e-08
ECOAH9_REV_g.1274.peg.2944-MONOMER,0.0,-2.8371460306648294e-07
ECOAH9_FWD_g.1274.peg.2944-MONOMER,0.0,-2.5738376815888958e-08
ECOAH9_REV_g.1274.peg.2516-MONOMER,0.0,-3.1787748480114014e-07
ECOAH9_FWD_g.1274.peg.2516-MONOMER,0.0,-5.990125855054616e-08
ECOAH9_REV_g.1274.peg.3553-MONOMER,0.0,-2.825553915055402e-07
ECOAH9_FWD_g.1274.peg.3553-MONOMER,0.0,-2.4579165254946208e-08
ECOAH9_REV_g.1274.peg.881-MONOMER,0.0,-3.3562869507706626e-07
ECOAH9_FWD_g.1274.peg.881-MONOMER,0.0,-7.765246882647223e-08
ECOAH9_REV_g.1274.peg.966-MONOMER,0.0,-2.833983394829222e-07
ECOAH9_FWD_g.1274.peg.966-MONOMER,0.0,-2.542211323232819e-08
ECOAH9_REV_g.1274.peg.1523-MONOMER,0.0,-3.045068897199569e-07
ECOAH9_FWD_g.1274.peg.1523-MONOMER,0.0,-4.6530663469362916e-08
ECOAH9_REV_g.1274.peg.1195-MONOMER,0.0,-2.681311609279278e-07
ECOAH9_FWD_g.1274.peg.1195-MONOMER,0.0,-1.0154934677333823e-08
ECOAH9_REV_g.1274.peg.4705-MONOMER,0.0,-2.959296949053865e-07
ECOAH9_FWD_g.1274.peg.4705-MONOMER,0.0,-3.795346865479253e-08
ECOAH9_REV_g.1274.peg.4049-MONOMER,0.0,-2.936172608331019e-07
ECOAH9_FWD_g.1274.peg.4049-MONOMER,0.0,-3.5641034582507905e-08
ECOAH9_REV_g.1274.peg.794-MONOMER,0.0,-2.57976226250594e-07
ECOAH9_FWD_g.1274.peg.794-MONOMER,-5.644406918860073e-22,1.0271919651833144e-39
EDA_REV_CPLX_dummy,0.0,1.4989568204804042e-07
EDA_FWD_CPLX_dummy,0.0,-4.27442938312418e-07
EDD_REV_398578.3.peg.3750-MONOMER,0.0,-4.489574604804651e-07
EDD_FWD_398578.3.peg.3750-MONOMER,2.7888745899132144e-56,-2.014436807574579e-40
EDTXS1_REV_g.1274.peg.5096-MONOMER,0.0,-1.7252226611361107e-07
EDTXS1_FWD_g.1274.peg.5096-MONOMER,0.0,-3.2299739908003554e-08
EDTXS1_REV_g.1274.peg.5801-MONOMER,0.0,-1.402225262056075e-07
EDTXS1_FWD_g.1274.peg.5801-MONOMER,0.0008121829278921173,5.716907921519517e-36
EDTXS2_REV_CPLX_dummy,0.0,-2.8723677446064994e-07
EDTXS2_FWD_CPLX_dummy,0.0008121829278921173,2.8900980155381405e-36
EHGLAT_REV_g.1274.peg.2912-MONOMER,0.0,-2.6058538296769127e-07
EHGLAT_FWD_g.1274.peg.2912-MONOMER,0.0,-3.841789524077082e-08
EHGLAT_REV_g.1274.peg.2989-MONOMER,0.0,-2.631425777554764e-07
EHGLAT_FWD_g.1274.peg.2989-MONOMER,0.0,-4.0975090028555986e-08
EHGLAT_REV_g.1274.peg.3022-MONOMER,0.0,-2.7906909946941246e-07
EHGLAT_FWD_g.1274.peg.3022-MONOMER,0.0,-5.690161174249203e-08
EHGLAT_REV_g.1274.peg.5173-MONOMER,0.0,-2.301573377776392e-07
EHGLAT_FWD_g.1274.peg.5173-MONOMER,0.0,-7.989850050718757e-09
EHGLAT_REV_g.1274.peg.5159-MONOMER,0.0,-3.124887716764323e-07
EHGLAT_FWD_g.1274.peg.5159-MONOMER,0.0,-9.032128394951186e-08
EHGLAT_REV_g.1274.peg.3619-MONOMER,0.0,-3.163969251422268e-07
EHGLAT_FWD_g.1274.peg.3619-MONOMER,0.0,-9.422943741530634e-08
EHGLAT_REV_g.1274.peg.1227-MONOMER,0.0,-2.853237871768881e-07
EHGLAT_FWD_g.1274.peg.1227-MONOMER,0.0,-6.315629944996768e-08
EHGLAT_REV_g.1274.peg.4518-MONOMER,0.0,-2.2216748772692045e-07
EHGLAT_FWD_g.1274.peg.4518-MONOMER,0.0,1.5152649541214105e-40
EHGLAT_REV_g.1274.peg.1772-MONOMER,0.0,-2.694185998142807e-07
EHGLAT_FWD_g.1274.peg.1772-MONOMER,0.0,-4.725111208736029e-08
EHGLAT_REV_g.1274.peg.3099-MONOMER,0.0,-2.812829470708905e-07
EHGLAT_FWD_g.1274.peg.3099-MONOMER,0.0,-5.911545934397004e-08
EHGLAT_REV_g.1274.peg.2523-MONOMER,0.0,-2.9831293476991486e-07
EHGLAT_FWD_g.1274.peg.2523-MONOMER,0.0,-7.614544704299443e-08
ENO_REV_398578.3.peg.5090-MONOMER_mod_mg2(4),0.0,-3.0455506801734816e-07
ENO_FWD_398578.3.peg.5090-MONOMER_mod_mg2(4),0.0,-1.3080214696365007e-07
ENO_REV_398578.3.peg.3347-MONOMER,0.0,-2.9452875859113474e-07
ENO_FWD_398578.3.peg.3347-MONOMER,0.0,-1.2077583753743667e-07
ENO_REV_398578.3.peg.4457-MONOMER,0.0,-1.7375292105369806e-07
ENO_FWD_398578.3.peg.4457-MONOMER,4.49572556336903e-22,-2.564339423104468e-40
ETHAAL_REV_g.1274.peg.5738-MONOMER,0.0,-2.3597511018755498e-07
ETHAAL_FWD_g.1274.peg.5738-MONOMER,0.0,6.490158680751039e-41
ETHSO3abc_REV_CPLX_BUTSO3abc-11,0.0,-3.2463235742062056e-07
ETHSO3abc_FWD_CPLX_BUTSO3abc-11,0.0,5.169323234741697e-40
ETHSO3abc_REV_CPLX_BUTSO3abc-28,0.0,-3.582561690445011e-07
ETHSO3abc_FWD_CPLX_BUTSO3abc-28,0.0,-3.36238116238805e-08
ETHSO3abc_REV_CPLX_BUTSO3abc-24,0.0,-3.6394065884945347e-07
ETHSO3abc_FWD_CPLX_BUTSO3abc-24,0.0,-3.930830142883285e-08
ETHSO3abc_REV_CPLX_BUTSO3abc-5,0.0,-3.439681013421121e-07
ETHSO3abc_FWD_CPLX_BUTSO3abc-5,0.0,-1.9335743921491464e-08
ETHSO3abc_REV_CPLX_BUTSO3abc-13,0.0,-3.6191834547523713e-07
ETHSO3abc_FWD_CPLX_BUTSO3abc-13,0.0,-3.728598805461656e-08
ETHSO3abc_REV_CPLX_BUTSO3abc-14,0.0,-3.4605828056138985e-07
ETHSO3abc_FWD_CPLX_BUTSO3abc-14,0.0,-2.1425923140769254e-08
ETHSO3abc_REV_CPLX_BUTSO3abc-17,0.0,-3.3769195415432686e-07
ETHSO3abc_FWD_CPLX_BUTSO3abc-17,0.0,-1.3059596733706243e-08
ETHSO3abc_REV_CPLX_BUTSO3abc-29,0.0,-3.420203867626561e-07
ETHSO3abc_FWD_CPLX_BUTSO3abc-29,0.0,-1.7388029342035513e-08
ETHSO3abc_REV_CPLX_BUTSO3abc-18,0.0,-3.688803518339631e-07
ETHSO3abc_FWD_CPLX_BUTSO3abc-18,0.0,-4.424799441334248e-08
ETHSO3abc_REV_CPLX_BUTSO3abc-15,0.0,-3.5366457251121474e-07
ETHSO3abc_FWD_CPLX_BUTSO3abc-15,0.0,-2.903221509059414e-08
ETHSO3abc_REV_CPLX_BUTSO3abc-25,0.0,-3.6480017254976586e-07
ETHSO3abc_FWD_CPLX_BUTSO3abc-25,0.0,-4.016781512914529e-08
ETHSO3abc_REV_CPLX_BUTSO3abc-20,0.0,-3.546997195939901e-07
ETHSO3abc_FWD_CPLX_BUTSO3abc-20,0.0,-3.0067362173369516e-08
ETHSO3abc_REV_CPLX_BUTSO3abc-7,0.0,-3.473272977104934e-07
ETHSO3abc_FWD_CPLX_BUTSO3abc-7,0.0,-2.269494028987285e-08
ETHSO3abc_REV_CPLX_BUTSO3abc-0,0.0,-3.6638561397261205e-07
ETHSO3abc_FWD_CPLX_BUTSO3abc-0,0.0,-4.175325655199147e-08
ETHSO3abc_REV_CPLX_BUTSO3abc-21,0.0,-3.618086785156689e-07
ETHSO3abc_FWD_CPLX_BUTSO3abc-21,0.0,-3.717632109504833e-08
ETHSO3abc_REV_CPLX_BUTSO3abc-6,0.0,-3.4454292302406447e-07
ETHSO3abc_FWD_CPLX_BUTSO3abc-6,0.0,-1.99105656034439e-08
ETHSO3abc_REV_CPLX_BUTSO3abc-2,0.0,-3.519734826482273e-07
ETHSO3abc_FWD_CPLX_BUTSO3abc-2,0.0,-2.7341125227606696e-08
ETHSO3abc_REV_CPLX_BUTSO3abc-27,0.0,-3.5693147111735837e-07
ETHSO3abc_FWD_CPLX_BUTSO3abc-27,0.0,-3.2299113696737773e-08
ETHSO3abc_REV_CPLX_BUTSO3abc-4,0.0,-3.601621438723317e-07
ETHSO3abc_FWD_CPLX_BUTSO3abc-4,0.0,-3.552978645171112e-08
ETHSO3abc_REV_CPLX_BUTSO3abc-22,0.0,-3.625526983650367e-07
ETHSO3abc_FWD_CPLX_BUTSO3abc-22,0.0,-3.7920340944416114e-08
ETHSO3abc_REV_CPLX_BUTSO3abc-26,0.0,-3.4980478916489066e-07
ETHSO3abc_FWD_CPLX_BUTSO3abc-26,0.0,-2.51724317442701e-08
ETHSO3abc_REV_CPLX_BUTSO3abc-8,0.0,-3.3151816092817795e-07
ETHSO3abc_FWD_CPLX_BUTSO3abc-8,0.0,-6.8858035075573535e-09
ETHSO3abc_REV_CPLX_BUTSO3abc-23,0.0,-3.4681366838713057e-07
ETHSO3abc_FWD_CPLX_BUTSO3abc-23,0.0,-2.2181310966510003e-08
ETHSO3abc_REV_CPLX_BUTSO3abc-1,0.0,-3.6684744999464066e-07
ETHSO3abc_FWD_CPLX_BUTSO3abc-1,0.0,-4.221509257402007e-08
ETHSO3abc_REV_CPLX_BUTSO3abc-10,0.0,-3.413683482109295e-07
ETHSO3abc_FWD_CPLX_BUTSO3abc-10,0.0,-1.673599079030891e-08
ETHSO3abc_REV_CPLX_BUTSO3abc-19,0.0,-3.6915722494042473e-07
ETHSO3abc_FWD_CPLX_BUTSO3abc-19,0.0,-4.452486751980412e-08
ETHSO3abc_REV_CPLX_BUTSO3abc-9,0.0,-3.3820011590484193e-07
ETHSO3abc_FWD_CPLX_BUTSO3abc-9,0.0,-1.3567758484221346e-08
ETHSO3abc_REV_CPLX_BUTSO3abc-16,0.0,-3.5499399317162424e-07
ETHSO3abc_FWD_CPLX_BUTSO3abc-16,0.0,-3.036163575100365e-08
ETHSO3abc_REV_CPLX_BUTSO3abc-12,0.0,-3.611217852769321e-07
ETHSO3abc_FWD_CPLX_BUTSO3abc-12,0.0,-3.6489427856311496e-08
ETHSO3abc_REV_CPLX_BUTSO3abc-3,0.0,-3.5921610404268327e-07
ETHSO3abc_FWD_CPLX_BUTSO3abc-3,0.0,-3.458374662206269e-08
ETOHt_REV_CPLX_dummy,0.0,-3.8658731955628715e-41
ETOHt_FWD_CPLX_dummy,0.0,-2.7754725626437756e-07
FA80ACPHi_REV_g.1274.peg.1930-MONOMER,0.0,-4.026023591855922e-07
FA80ACPHi_FWD_g.1274.peg.1930-MONOMER,0.0,1.4621137155845638e-35
FACOAL140_REV_g.1274.peg.3351-MONOMER,0.0,-7.313524687485462e-08
FACOAL140_FWD_g.1274.peg.3351-MONOMER,0.0,-2.851717377326052e-07
FACOAL140_REV_g.1274.peg.1248-MONOMER,0.0,-9.364428772291615e-08
FACOAL140_FWD_g.1274.peg.1248-MONOMER,0.0,-3.0568077858066675e-07
FACOAL140_REV_g.1274.peg.6083-MONOMER,0.0,-8.571021897318232e-08
FACOAL140_FWD_g.1274.peg.6083-MONOMER,0.0,-2.977467098309329e-07
FACOAL140_REV_g.1274.peg.2860-MONOMER,0.0,-5.053325986193244e-08
FACOAL140_FWD_g.1274.peg.2860-MONOMER,0.0,-2.6256975071968307e-07
FACOAL140_REV_g.1274.peg.3143-MONOMER,0.0,-1.2411865954606497e-07
FACOAL140_FWD_g.1274.peg.3143-MONOMER,0.0,-3.361551504038156e-07
FACOAL140_REV_g.1274.peg.535-MONOMER,0.0,-5.78079439225104e-08
FACOAL140_FWD_g.1274.peg.535-MONOMER,0.0,-2.69844434780261e-07
FACOAL140_REV_g.1274.peg.2610-MONOMER,0.0,-2.13638766116742e-08
FACOAL140_FWD_g.1274.peg.2610-MONOMER,0.0,-2.334003674694248e-07
FACOAL140_REV_g.1274.peg.4808-MONOMER,0.0,-1.583882639510117e-07
FACOAL140_FWD_g.1274.peg.4808-MONOMER,0.0,-3.704247548087623e-07
FACOAL140_REV_g.1274.peg.1969-MONOMER,0.0,-4.723150568363348e-08
FACOAL140_FWD_g.1274.peg.1969-MONOMER,0.0,-2.592679965413841e-07
FACOAL140_REV_g.1274.peg.528-MONOMER,0.0,-6.39048528311318e-08
FACOAL140_FWD_g.1274.peg.528-MONOMER,0.0,-2.759413436888824e-07
FACOAL140_REV_g.1274.peg.1976-MONOMER,0.0,-6.621748755770539e-08
FACOAL140_FWD_g.1274.peg.1976-MONOMER,0.0,-2.78253978415456e-07
FACOAL140_REV_g.1274.peg.2217-MONOMER,0.0,-5.5096129603362875e-40
FACOAL140_FWD_g.1274.peg.2217-MONOMER,0.0,-2.1203649085775062e-07
FACOAL140_REV_g.1274.peg.3102-MONOMER,0.0,-3.768619720678413e-08
FACOAL140_FWD_g.1274.peg.3102-MONOMER,0.0,-2.4972268806453475e-07
FACOAL140_REV_g.1274.peg.5960-MONOMER,0.0,-6.953491245474313e-08
FACOAL140_FWD_g.1274.peg.5960-MONOMER,0.0,-2.8157140331249375e-07
FACOAL140_REV_g.1274.peg.722-MONOMER,0.0,-4.590987891689615e-08
FACOAL140_FWD_g.1274.peg.722-MONOMER,0.0,-2.5794636977464674e-07
FACOAL140_REV_g.1274.peg.5924-MONOMER,0.0,-7.838849856677737e-08
FACOAL140_FWD_g.1274.peg.5924-MONOMER,0.0,-2.90424989424528e-07
FACOAL140_REV_g.1274.peg.754-MONOMER,0.0,-6.679817345221988e-08
FACOAL140_FWD_g.1274.peg.754-MONOMER,0.0,-2.788346643099705e-07
FACOAL140_REV_g.1274.peg.4543-MONOMER,0.0,-6.992112426809587e-08
FACOAL140_FWD_g.1274.peg.4543-MONOMER,0.0,-2.819576151258465e-07
FACOAL140_REV_g.1274.peg.4198-MONOMER,0.0,-4.759467692987029e-08
FACOAL140_FWD_g.1274.peg.4198-MONOMER,0.0,-2.596311677876209e-07
FACOAL140_REV_g.1274.peg.177-MONOMER,0.0,-5.8895413016993104e-08
FACOAL140_FWD_g.1274.peg.177-MONOMER,0.0,-2.709319038747437e-07
FACOAL140_REV_g.1274.peg.6029-MONOMER_mod_mg2(1),0.0,-9.011454596101814e-08
FACOAL140_FWD_g.1274.peg.6029-MONOMER_mod_mg2(1),0.0,-3.0215103681876877e-07
FACOAL140_REV_g.1274.peg.3372-MONOMER,0.0,-5.0388893678678516e-08
FACOAL140_FWD_g.1274.peg.3372-MONOMER,0.0,-2.6242538453642913e-07
FACOAL140_REV_g.1274.peg.2344-MONOMER,0.0,-6.535383147825152e-08
FACOAL140_FWD_g.1274.peg.2344-MONOMER,0.0,-2.773903223360021e-07
FACOAL160_REV_g.1274.peg.5227-MONOMER,0.0,-2.7568958485365905e-07
FACOAL160_FWD_g.1274.peg.5227-MONOMER,0.0,-6.365309399590843e-08
FACOAL160_REV_g.1274.peg.3351-MONOMER,0.0,-2.851717377326052e-07
FACOAL160_FWD_g.1274.peg.3351-MONOMER,0.0,-7.313524687485462e-08
FACOAL160_REV_g.1274.peg.1248-MONOMER,0.0,-3.0568077858066675e-07
FACOAL160_FWD_g.1274.peg.1248-MONOMER,0.0,-9.364428772291615e-08
FACOAL160_REV_g.1274.peg.6083-MONOMER,0.0,-2.977467098309329e-07
FACOAL160_FWD_g.1274.peg.6083-MONOMER,0.0,-8.571021897318232e-08
FACOAL160_REV_g.1274.peg.2860-MONOMER,0.0,-2.6256975071968307e-07
FACOAL160_FWD_g.1274.peg.2860-MONOMER,0.0,-5.053325986193244e-08
FACOAL160_REV_g.1274.peg.3143-MONOMER,0.0,-3.361551504038156e-07
FACOAL160_FWD_g.1274.peg.3143-MONOMER,0.0,-1.2411865954606497e-07
FACOAL160_REV_g.1274.peg.535-MONOMER,0.0,-2.69844434780261e-07
FACOAL160_FWD_g.1274.peg.535-MONOMER,0.0,-5.78079439225104e-08
FACOAL160_REV_g.1274.peg.2610-MONOMER,0.0,-2.334003674694248e-07
FACOAL160_FWD_g.1274.peg.2610-MONOMER,0.0,-2.13638766116742e-08
FACOAL160_REV_g.1274.peg.4808-MONOMER,0.0,-3.704247548087623e-07
FACOAL160_FWD_g.1274.peg.4808-MONOMER,0.0,-1.583882639510117e-07
FACOAL160_REV_g.1274.peg.1969-MONOMER,0.0,-2.592679965413841e-07
FACOAL160_FWD_g.1274.peg.1969-MONOMER,0.0,-4.723150568363348e-08
FACOAL160_REV_g.1274.peg.528-MONOMER,0.0,-2.759413436888824e-07
FACOAL160_FWD_g.1274.peg.528-MONOMER,0.0,-6.39048528311318e-08
FACOAL160_REV_g.1274.peg.1976-MONOMER,0.0,-2.78253978415456e-07
FACOAL160_FWD_g.1274.peg.1976-MONOMER,0.0,-6.621748755770539e-08
FACOAL160_REV_g.1274.peg.2217-MONOMER,0.0,-2.1203649085775062e-07
FACOAL160_FWD_g.1274.peg.2217-MONOMER,0.0,7.713458144470804e-40
FACOAL160_REV_g.1274.peg.3102-MONOMER,0.0,-2.4972268806453475e-07
FACOAL160_FWD_g.1274.peg.3102-MONOMER,0.0,-3.768619720678413e-08
FACOAL160_REV_g.1274.peg.5960-MONOMER,0.0,-2.8157140331249375e-07
FACOAL160_FWD_g.1274.peg.5960-MONOMER,0.0,-6.953491245474313e-08
FACOAL160_REV_g.1274.peg.722-MONOMER,0.0,-2.5794636977464674e-07
FACOAL160_FWD_g.1274.peg.722-MONOMER,0.0,-4.590987891689615e-08
FACOAL160_REV_g.1274.peg.5924-MONOMER,0.0,-2.90424989424528e-07
FACOAL160_FWD_g.1274.peg.5924-MONOMER,0.0,-7.838849856677737e-08
FACOAL160_REV_g.1274.peg.754-MONOMER,0.0,-2.788346643099705e-07
FACOAL160_FWD_g.1274.peg.754-MONOMER,0.0,-6.679817345221988e-08
FACOAL160_REV_g.1274.peg.4543-MONOMER,0.0,-2.819576151258465e-07
FACOAL160_FWD_g.1274.peg.4543-MONOMER,0.0,-6.992112426809587e-08
FACOAL160_REV_g.1274.peg.4198-MONOMER,0.0,-2.596311677876209e-07
FACOAL160_FWD_g.1274.peg.4198-MONOMER,0.0,-4.759467692987029e-08
FACOAL160_REV_g.1274.peg.177-MONOMER,0.0,-2.709319038747437e-07
FACOAL160_FWD_g.1274.peg.177-MONOMER,0.0,-5.8895413016993104e-08
FACOAL160_REV_g.1274.peg.6029-MONOMER_mod_mg2(1),0.0,-3.0215103681876877e-07
FACOAL160_FWD_g.1274.peg.6029-MONOMER_mod_mg2(1),0.0,-9.011454596101814e-08
FACOAL160_REV_g.1274.peg.3372-MONOMER,0.0,-2.6242538453642913e-07
FACOAL160_FWD_g.1274.peg.3372-MONOMER,0.0,-5.0388893678678516e-08
FACOAL160_REV_g.1274.peg.2344-MONOMER,0.0,-2.773903223360021e-07
FACOAL160_FWD_g.1274.peg.2344-MONOMER,0.0,-6.535383147825152e-08
FACOAL161_REV_g.1274.peg.3351-MONOMER,0.0,-7.313524687485462e-08
FACOAL161_FWD_g.1274.peg.3351-MONOMER,0.0,-2.851717377326052e-07
FACOAL161_REV_g.1274.peg.1248-MONOMER,0.0,-9.364428772291615e-08
FACOAL161_FWD_g.1274.peg.1248-MONOMER,0.0,-3.0568077858066675e-07
FACOAL161_REV_g.1274.peg.6083-MONOMER,0.0,-8.571021897318232e-08
FACOAL161_FWD_g.1274.peg.6083-MONOMER,0.0,-2.977467098309329e-07
FACOAL161_REV_g.1274.peg.2860-MONOMER,0.0,-5.053325986193244e-08
FACOAL161_FWD_g.1274.peg.2860-MONOMER,0.0,-2.6256975071968307e-07
FACOAL161_REV_g.1274.peg.3143-MONOMER,0.0,-1.2411865954606497e-07
FACOAL161_FWD_g.1274.peg.3143-MONOMER,0.0,-3.361551504038156e-07
FACOAL161_REV_g.1274.peg.535-MONOMER,0.0,-5.78079439225104e-08
FACOAL161_FWD_g.1274.peg.535-MONOMER,0.0,-2.69844434780261e-07
FACOAL161_REV_g.1274.peg.2610-MONOMER,0.0,-2.13638766116742e-08
FACOAL161_FWD_g.1274.peg.2610-MONOMER,0.0,-2.334003674694248e-07
FACOAL161_REV_g.1274.peg.4808-MONOMER,0.0,-1.583882639510117e-07
FACOAL161_FWD_g.1274.peg.4808-MONOMER,0.0,-3.704247548087623e-07
FACOAL161_REV_g.1274.peg.1969-MONOMER,0.0,-4.723150568363348e-08
FACOAL161_FWD_g.1274.peg.1969-MONOMER,0.0,-2.592679965413841e-07
FACOAL161_REV_g.1274.peg.528-MONOMER,0.0,-6.39048528311318e-08
FACOAL161_FWD_g.1274.peg.528-MONOMER,0.0,-2.759413436888824e-07
FACOAL161_REV_g.1274.peg.1976-MONOMER,0.0,-6.621748755770539e-08
FACOAL161_FWD_g.1274.peg.1976-MONOMER,0.0,-2.78253978415456e-07
FACOAL161_REV_g.1274.peg.2217-MONOMER,0.0,-9.917303328605319e-40
FACOAL161_FWD_g.1274.peg.2217-MONOMER,0.0,-2.1203649085775062e-07
FACOAL161_REV_g.1274.peg.3102-MONOMER,0.0,-3.768619720678413e-08
FACOAL161_FWD_g.1274.peg.3102-MONOMER,0.0,-2.4972268806453475e-07
FACOAL161_REV_g.1274.peg.5960-MONOMER,0.0,-6.953491245474313e-08
FACOAL161_FWD_g.1274.peg.5960-MONOMER,0.0,-2.8157140331249375e-07
FACOAL161_REV_g.1274.peg.722-MONOMER,0.0,-4.590987891689615e-08
FACOAL161_FWD_g.1274.peg.722-MONOMER,0.0,-2.5794636977464674e-07
FACOAL161_REV_g.1274.peg.5924-MONOMER,0.0,-7.838849856677737e-08
FACOAL161_FWD_g.1274.peg.5924-MONOMER,0.0,-2.90424989424528e-07
FACOAL161_REV_g.1274.peg.754-MONOMER,0.0,-6.679817345221988e-08
FACOAL161_FWD_g.1274.peg.754-MONOMER,0.0,-2.788346643099705e-07
FACOAL161_REV_g.1274.peg.4543-MONOMER,0.0,-6.992112426809587e-08
FACOAL161_FWD_g.1274.peg.4543-MONOMER,0.0,-2.819576151258465e-07
FACOAL161_REV_g.1274.peg.4198-MONOMER,0.0,-4.759467692987029e-08
FACOAL161_FWD_g.1274.peg.4198-MONOMER,0.0,-2.596311677876209e-07
FACOAL161_REV_g.1274.peg.177-MONOMER,0.0,-5.8895413016993104e-08
FACOAL161_FWD_g.1274.peg.177-MONOMER,0.0,-2.709319038747437e-07
FACOAL161_REV_g.1274.peg.6029-MONOMER_mod_mg2(1),0.0,-9.011454596101814e-08
FACOAL161_FWD_g.1274.peg.6029-MONOMER_mod_mg2(1),0.0,-3.0215103681876877e-07
FACOAL161_REV_g.1274.peg.3372-MONOMER,0.0,-5.0388893678678516e-08
FACOAL161_FWD_g.1274.peg.3372-MONOMER,0.0,-2.6242538453642913e-07
FACOAL161_REV_g.1274.peg.2344-MONOMER,0.0,-6.535383147825152e-08
FACOAL161_FWD_g.1274.peg.2344-MONOMER,0.0,-2.773903223360021e-07
FACOAL180_REV_g.1274.peg.3351-MONOMER,0.0,-7.313524687485462e-08
FACOAL180_FWD_g.1274.peg.3351-MONOMER,0.0,-2.851717377326052e-07
FACOAL180_REV_g.1274.peg.1248-MONOMER,0.0,-9.364428772291615e-08
FACOAL180_FWD_g.1274.peg.1248-MONOMER,0.0,-3.0568077858066675e-07
FACOAL180_REV_g.1274.peg.6083-MONOMER,0.0,-8.571021897318232e-08
FACOAL180_FWD_g.1274.peg.6083-MONOMER,0.0,-2.977467098309329e-07
FACOAL180_REV_g.1274.peg.2860-MONOMER,0.0,-5.053325986193244e-08
FACOAL180_FWD_g.1274.peg.2860-MONOMER,0.0,-2.6256975071968307e-07
FACOAL180_REV_g.1274.peg.3143-MONOMER,0.0,-1.2411865954606497e-07
FACOAL180_FWD_g.1274.peg.3143-MONOMER,0.0,-3.361551504038156e-07
FACOAL180_REV_g.1274.peg.535-MONOMER,0.0,-5.78079439225104e-08
FACOAL180_FWD_g.1274.peg.535-MONOMER,0.0,-2.69844434780261e-07
FACOAL180_REV_g.1274.peg.2610-MONOMER,0.0,-2.13638766116742e-08
FACOAL180_FWD_g.1274.peg.2610-MONOMER,0.0,-2.334003674694248e-07
FACOAL180_REV_g.1274.peg.4808-MONOMER,0.0,-1.583882639510117e-07
FACOAL180_FWD_g.1274.peg.4808-MONOMER,0.0,-3.704247548087623e-07
FACOAL180_REV_g.1274.peg.1969-MONOMER,0.0,-4.723150568363348e-08
FACOAL180_FWD_g.1274.peg.1969-MONOMER,0.0,-2.592679965413841e-07
FACOAL180_REV_g.1274.peg.528-MONOMER,0.0,-6.39048528311318e-08
FACOAL180_FWD_g.1274.peg.528-MONOMER,0.0,-2.759413436888824e-07
FACOAL180_REV_g.1274.peg.1976-MONOMER,0.0,-6.621748755770539e-08
FACOAL180_FWD_g.1274.peg.1976-MONOMER,0.0,-2.78253978415456e-07
FACOAL180_REV_g.1274.peg.2217-MONOMER,0.0,-5.5096129603362875e-40
FACOAL180_FWD_g.1274.peg.2217-MONOMER,0.0,-2.1203649085775062e-07
FACOAL180_REV_g.1274.peg.3102-MONOMER,0.0,-3.768619720678413e-08
FACOAL180_FWD_g.1274.peg.3102-MONOMER,0.0,-2.4972268806453475e-07
FACOAL180_REV_g.1274.peg.5960-MONOMER,0.0,-6.953491245474313e-08
FACOAL180_FWD_g.1274.peg.5960-MONOMER,0.0,-2.8157140331249375e-07
FACOAL180_REV_g.1274.peg.722-MONOMER,0.0,-4.590987891689615e-08
FACOAL180_FWD_g.1274.peg.722-MONOMER,0.0,-2.5794636977464674e-07
FACOAL180_REV_g.1274.peg.5924-MONOMER,0.0,-7.838849856677737e-08
FACOAL180_FWD_g.1274.peg.5924-MONOMER,0.0,-2.90424989424528e-07
FACOAL180_REV_g.1274.peg.754-MONOMER,0.0,-6.679817345221988e-08
FACOAL180_FWD_g.1274.peg.754-MONOMER,0.0,-2.788346643099705e-07
FACOAL180_REV_g.1274.peg.4543-MONOMER,0.0,-6.992112426809587e-08
FACOAL180_FWD_g.1274.peg.4543-MONOMER,0.0,-2.819576151258465e-07
FACOAL180_REV_g.1274.peg.4198-MONOMER,0.0,-4.759467692987029e-08
FACOAL180_FWD_g.1274.peg.4198-MONOMER,0.0,-2.596311677876209e-07
FACOAL180_REV_g.1274.peg.177-MONOMER,0.0,-5.8895413016993104e-08
FACOAL180_FWD_g.1274.peg.177-MONOMER,0.0,-2.709319038747437e-07
FACOAL180_REV_g.1274.peg.6029-MONOMER_mod_mg2(1),0.0,-9.011454596101814e-08
FACOAL180_FWD_g.1274.peg.6029-MONOMER_mod_mg2(1),0.0,-3.0215103681876877e-07
FACOAL180_REV_g.1274.peg.3372-MONOMER,0.0,-5.0388893678678516e-08
FACOAL180_FWD_g.1274.peg.3372-MONOMER,0.0,-2.6242538453642913e-07
FACOAL180_REV_g.1274.peg.2344-MONOMER,0.0,-6.535383147825152e-08
FACOAL180_FWD_g.1274.peg.2344-MONOMER,0.0,-2.773903223360021e-07
FACOAL181_REV_g.1274.peg.3351-MONOMER,0.0,-7.313524687485462e-08
FACOAL181_FWD_g.1274.peg.3351-MONOMER,0.0,-2.851717377326052e-07
FACOAL181_REV_g.1274.peg.1248-MONOMER,0.0,-9.364428772291615e-08
FACOAL181_FWD_g.1274.peg.1248-MONOMER,0.0,-3.0568077858066675e-07
FACOAL181_REV_g.1274.peg.6083-MONOMER,0.0,-8.571021897318232e-08
FACOAL181_FWD_g.1274.peg.6083-MONOMER,0.0,-2.977467098309329e-07
FACOAL181_REV_g.1274.peg.2860-MONOMER,0.0,-5.053325986193244e-08
FACOAL181_FWD_g.1274.peg.2860-MONOMER,0.0,-2.6256975071968307e-07
FACOAL181_REV_g.1274.peg.3143-MONOMER,0.0,-1.2411865954606497e-07
FACOAL181_FWD_g.1274.peg.3143-MONOMER,0.0,-3.361551504038156e-07
FACOAL181_REV_g.1274.peg.535-MONOMER,0.0,-5.78079439225104e-08
FACOAL181_FWD_g.1274.peg.535-MONOMER,0.0,-2.69844434780261e-07
FACOAL181_REV_g.1274.peg.2610-MONOMER,0.0,-2.13638766116742e-08
FACOAL181_FWD_g.1274.peg.2610-MONOMER,0.0,-2.334003674694248e-07
FACOAL181_REV_g.1274.peg.4808-MONOMER,0.0,-1.583882639510117e-07
FACOAL181_FWD_g.1274.peg.4808-MONOMER,0.0,-3.704247548087623e-07
FACOAL181_REV_g.1274.peg.1969-MONOMER,0.0,-4.723150568363348e-08
FACOAL181_FWD_g.1274.peg.1969-MONOMER,0.0,-2.592679965413841e-07
FACOAL181_REV_g.1274.peg.528-MONOMER,0.0,-6.39048528311318e-08
FACOAL181_FWD_g.1274.peg.528-MONOMER,0.0,-2.759413436888824e-07
FACOAL181_REV_g.1274.peg.1976-MONOMER,0.0,-6.621748755770539e-08
FACOAL181_FWD_g.1274.peg.1976-MONOMER,0.0,-2.78253978415456e-07
FACOAL181_REV_g.1274.peg.2217-MONOMER,0.0,-1.1019225920672575e-40
FACOAL181_FWD_g.1274.peg.2217-MONOMER,0.0,-2.1203649085775062e-07
FACOAL181_REV_g.1274.peg.3102-MONOMER,0.0,-3.768619720678413e-08
FACOAL181_FWD_g.1274.peg.3102-MONOMER,0.0,-2.4972268806453475e-07
FACOAL181_REV_g.1274.peg.5960-MONOMER,0.0,-6.953491245474313e-08
FACOAL181_FWD_g.1274.peg.5960-MONOMER,0.0,-2.8157140331249375e-07
FACOAL181_REV_g.1274.peg.722-MONOMER,0.0,-4.590987891689615e-08
FACOAL181_FWD_g.1274.peg.722-MONOMER,0.0,-2.5794636977464674e-07
FACOAL181_REV_g.1274.peg.5924-MONOMER,0.0,-7.838849856677737e-08
FACOAL181_FWD_g.1274.peg.5924-MONOMER,0.0,-2.90424989424528e-07
FACOAL181_REV_g.1274.peg.754-MONOMER,0.0,-6.679817345221988e-08
FACOAL181_FWD_g.1274.peg.754-MONOMER,0.0,-2.788346643099705e-07
FACOAL181_REV_g.1274.peg.4543-MONOMER,0.0,-6.992112426809587e-08
FACOAL181_FWD_g.1274.peg.4543-MONOMER,0.0,-2.819576151258465e-07
FACOAL181_REV_g.1274.peg.4198-MONOMER,0.0,-4.759467692987029e-08
FACOAL181_FWD_g.1274.peg.4198-MONOMER,0.0,-2.596311677876209e-07
FACOAL181_REV_g.1274.peg.177-MONOMER,0.0,-5.8895413016993104e-08
FACOAL181_FWD_g.1274.peg.177-MONOMER,0.0,-2.709319038747437e-07
FACOAL181_REV_g.1274.peg.6029-MONOMER_mod_mg2(1),0.0,-9.011454596101814e-08
FACOAL181_FWD_g.1274.peg.6029-MONOMER_mod_mg2(1),0.0,-3.0215103681876877e-07
FACOAL181_REV_g.1274.peg.3372-MONOMER,0.0,-5.0388893678678516e-08
FACOAL181_FWD_g.1274.peg.3372-MONOMER,0.0,-2.6242538453642913e-07
FACOAL181_REV_g.1274.peg.2344-MONOMER,0.0,-6.535383147825152e-08
FACOAL181_FWD_g.1274.peg.2344-MONOMER,0.0,-2.773903223360021e-07
FACOALAI15_REV_g.1274.peg.3351-MONOMER,0.0,-7.313524687485462e-08
FACOALAI15_FWD_g.1274.peg.3351-MONOMER,0.0,-2.851717377326052e-07
FACOALAI15_REV_g.1274.peg.1248-MONOMER,0.0,-9.364428772291615e-08
FACOALAI15_FWD_g.1274.peg.1248-MONOMER,0.0,-3.0568077858066675e-07
FACOALAI15_REV_g.1274.peg.6083-MONOMER,0.0,-8.571021897318232e-08
FACOALAI15_FWD_g.1274.peg.6083-MONOMER,0.0,-2.977467098309329e-07
FACOALAI15_REV_g.1274.peg.2860-MONOMER,0.0,-5.053325986193244e-08
FACOALAI15_FWD_g.1274.peg.2860-MONOMER,0.0,-2.6256975071968307e-07
FACOALAI15_REV_g.1274.peg.3143-MONOMER,0.0,-1.2411865954606497e-07
FACOALAI15_FWD_g.1274.peg.3143-MONOMER,0.0,-3.361551504038156e-07
FACOALAI15_REV_g.1274.peg.535-MONOMER,0.0,-5.78079439225104e-08
FACOALAI15_FWD_g.1274.peg.535-MONOMER,0.0,-2.69844434780261e-07
FACOALAI15_REV_g.1274.peg.2610-MONOMER,0.0,-2.13638766116742e-08
FACOALAI15_FWD_g.1274.peg.2610-MONOMER,0.0,-2.334003674694248e-07
FACOALAI15_REV_g.1274.peg.4808-MONOMER,0.0,-1.583882639510117e-07
FACOALAI15_FWD_g.1274.peg.4808-MONOMER,0.0,-3.704247548087623e-07
FACOALAI15_REV_g.1274.peg.1969-MONOMER,0.0,-4.723150568363348e-08
FACOALAI15_FWD_g.1274.peg.1969-MONOMER,0.0,-2.592679965413841e-07
FACOALAI15_REV_g.1274.peg.528-MONOMER,0.0,-6.39048528311318e-08
FACOALAI15_FWD_g.1274.peg.528-MONOMER,0.0,-2.759413436888824e-07
FACOALAI15_REV_g.1274.peg.1976-MONOMER,0.0,-6.621748755770539e-08
FACOALAI15_FWD_g.1274.peg.1976-MONOMER,0.0,-2.78253978415456e-07
FACOALAI15_REV_g.1274.peg.2217-MONOMER,0.0,-1.1019225920672575e-40
FACOALAI15_FWD_g.1274.peg.2217-MONOMER,0.0,-2.1203649085775062e-07
FACOALAI15_REV_g.1274.peg.3102-MONOMER,0.0,-3.768619720678413e-08
FACOALAI15_FWD_g.1274.peg.3102-MONOMER,0.0,-2.4972268806453475e-07
FACOALAI15_REV_g.1274.peg.5960-MONOMER,0.0,-6.953491245474313e-08
FACOALAI15_FWD_g.1274.peg.5960-MONOMER,0.0,-2.8157140331249375e-07
FACOALAI15_REV_g.1274.peg.722-MONOMER,0.0,-4.590987891689615e-08
FACOALAI15_FWD_g.1274.peg.722-MONOMER,0.0,-2.5794636977464674e-07
FACOALAI15_REV_g.1274.peg.5924-MONOMER,0.0,-7.838849856677737e-08
FACOALAI15_FWD_g.1274.peg.5924-MONOMER,0.0,-2.90424989424528e-07
FACOALAI15_REV_g.1274.peg.754-MONOMER,0.0,-6.679817345221988e-08
FACOALAI15_FWD_g.1274.peg.754-MONOMER,0.0,-2.788346643099705e-07
FACOALAI15_REV_g.1274.peg.4543-MONOMER,0.0,-6.992112426809587e-08
FACOALAI15_FWD_g.1274.peg.4543-MONOMER,0.0,-2.819576151258465e-07
FACOALAI15_REV_g.1274.peg.4198-MONOMER,0.0,-4.759467692987029e-08
FACOALAI15_FWD_g.1274.peg.4198-MONOMER,0.0,-2.596311677876209e-07
FACOALAI15_REV_g.1274.peg.177-MONOMER,0.0,-5.8895413016993104e-08
FACOALAI15_FWD_g.1274.peg.177-MONOMER,0.0,-2.709319038747437e-07
FACOALAI15_REV_g.1274.peg.6029-MONOMER_mod_mg2(1),0.0,-9.011454596101814e-08
FACOALAI15_FWD_g.1274.peg.6029-MONOMER_mod_mg2(1),0.0,-3.0215103681876877e-07
FACOALAI15_REV_g.1274.peg.3372-MONOMER,0.0,-5.0388893678678516e-08
FACOALAI15_FWD_g.1274.peg.3372-MONOMER,0.0,-2.6242538453642913e-07
FACOALAI15_REV_g.1274.peg.2344-MONOMER,0.0,-6.535383147825152e-08
FACOALAI15_FWD_g.1274.peg.2344-MONOMER,0.0,-2.773903223360021e-07
FACOALAI17_REV_g.1274.peg.3351-MONOMER,0.0,-7.313524687485462e-08
FACOALAI17_FWD_g.1274.peg.3351-MONOMER,0.0,-2.851717377326052e-07
FACOALAI17_REV_g.1274.peg.1248-MONOMER,0.0,-9.364428772291615e-08
FACOALAI17_FWD_g.1274.peg.1248-MONOMER,0.0,-3.0568077858066675e-07
FACOALAI17_REV_g.1274.peg.6083-MONOMER,0.0,-8.571021897318232e-08
FACOALAI17_FWD_g.1274.peg.6083-MONOMER,0.0,-2.977467098309329e-07
FACOALAI17_REV_g.1274.peg.2860-MONOMER,0.0,-5.053325986193244e-08
FACOALAI17_FWD_g.1274.peg.2860-MONOMER,0.0,-2.6256975071968307e-07
FACOALAI17_REV_g.1274.peg.3143-MONOMER,0.0,-1.2411865954606497e-07
FACOALAI17_FWD_g.1274.peg.3143-MONOMER,0.0,-3.361551504038156e-07
FACOALAI17_REV_g.1274.peg.535-MONOMER,0.0,-5.78079439225104e-08
FACOALAI17_FWD_g.1274.peg.535-MONOMER,0.0,-2.69844434780261e-07
FACOALAI17_REV_g.1274.peg.2610-MONOMER,0.0,-2.13638766116742e-08
FACOALAI17_FWD_g.1274.peg.2610-MONOMER,0.0,-2.334003674694248e-07
FACOALAI17_REV_g.1274.peg.4808-MONOMER,0.0,-1.583882639510117e-07
FACOALAI17_FWD_g.1274.peg.4808-MONOMER,0.0,-3.704247548087623e-07
FACOALAI17_REV_g.1274.peg.1969-MONOMER,0.0,-4.723150568363348e-08
FACOALAI17_FWD_g.1274.peg.1969-MONOMER,0.0,-2.592679965413841e-07
FACOALAI17_REV_g.1274.peg.528-MONOMER,0.0,-6.39048528311318e-08
FACOALAI17_FWD_g.1274.peg.528-MONOMER,0.0,-2.759413436888824e-07
FACOALAI17_REV_g.1274.peg.1976-MONOMER,0.0,-6.621748755770539e-08
FACOALAI17_FWD_g.1274.peg.1976-MONOMER,0.0,-2.78253978415456e-07
FACOALAI17_REV_g.1274.peg.2217-MONOMER,0.0,-3.63634455382195e-39
FACOALAI17_FWD_g.1274.peg.2217-MONOMER,0.0,-2.1203649085775062e-07
FACOALAI17_REV_g.1274.peg.3102-MONOMER,0.0,-3.768619720678413e-08
FACOALAI17_FWD_g.1274.peg.3102-MONOMER,0.0,-2.4972268806453475e-07
FACOALAI17_REV_g.1274.peg.5960-MONOMER,0.0,-6.953491245474313e-08
FACOALAI17_FWD_g.1274.peg.5960-MONOMER,0.0,-2.8157140331249375e-07
FACOALAI17_REV_g.1274.peg.722-MONOMER,0.0,-4.590987891689615e-08
FACOALAI17_FWD_g.1274.peg.722-MONOMER,0.0,-2.5794636977464674e-07
FACOALAI17_REV_g.1274.peg.5924-MONOMER,0.0,-7.838849856677737e-08
FACOALAI17_FWD_g.1274.peg.5924-MONOMER,0.0,-2.90424989424528e-07
FACOALAI17_REV_g.1274.peg.754-MONOMER,0.0,-6.679817345221988e-08
FACOALAI17_FWD_g.1274.peg.754-MONOMER,0.0,-2.788346643099705e-07
FACOALAI17_REV_g.1274.peg.4543-MONOMER,0.0,-6.992112426809587e-08
FACOALAI17_FWD_g.1274.peg.4543-MONOMER,0.0,-2.819576151258465e-07
FACOALAI17_REV_g.1274.peg.4198-MONOMER,0.0,-4.759467692987029e-08
FACOALAI17_FWD_g.1274.peg.4198-MONOMER,0.0,-2.596311677876209e-07
FACOALAI17_REV_g.1274.peg.177-MONOMER,0.0,-5.8895413016993104e-08
FACOALAI17_FWD_g.1274.peg.177-MONOMER,0.0,-2.709319038747437e-07
FACOALAI17_REV_g.1274.peg.6029-MONOMER_mod_mg2(1),0.0,-9.011454596101814e-08
FACOALAI17_FWD_g.1274.peg.6029-MONOMER_mod_mg2(1),0.0,-3.0215103681876877e-07
FACOALAI17_REV_g.1274.peg.3372-MONOMER,0.0,-5.0388893678678516e-08
FACOALAI17_FWD_g.1274.peg.3372-MONOMER,0.0,-2.6242538453642913e-07
FACOALAI17_REV_g.1274.peg.2344-MONOMER,0.0,-6.535383147825152e-08
FACOALAI17_FWD_g.1274.peg.2344-MONOMER,0.0,-2.773903223360021e-07
FACOALI14_REV_g.1274.peg.3351-MONOMER,0.0,-7.313524687485462e-08
FACOALI14_FWD_g.1274.peg.3351-MONOMER,0.0,-2.851717377326052e-07
FACOALI14_REV_g.1274.peg.1248-MONOMER,0.0,-9.364428772291615e-08
FACOALI14_FWD_g.1274.peg.1248-MONOMER,0.0,-3.0568077858066675e-07
FACOALI14_REV_g.1274.peg.6083-MONOMER,0.0,-8.571021897318232e-08
FACOALI14_FWD_g.1274.peg.6083-MONOMER,0.0,-2.977467098309329e-07
FACOALI14_REV_g.1274.peg.2860-MONOMER,0.0,-5.053325986193244e-08
FACOALI14_FWD_g.1274.peg.2860-MONOMER,0.0,-2.6256975071968307e-07
FACOALI14_REV_g.1274.peg.3143-MONOMER,0.0,-1.2411865954606497e-07
FACOALI14_FWD_g.1274.peg.3143-MONOMER,0.0,-3.361551504038156e-07
FACOALI14_REV_g.1274.peg.535-MONOMER,0.0,-5.78079439225104e-08
FACOALI14_FWD_g.1274.peg.535-MONOMER,0.0,-2.69844434780261e-07
FACOALI14_REV_g.1274.peg.2610-MONOMER,0.0,-2.13638766116742e-08
FACOALI14_FWD_g.1274.peg.2610-MONOMER,0.0,-2.334003674694248e-07
FACOALI14_REV_g.1274.peg.4808-MONOMER,0.0,-1.583882639510117e-07
FACOALI14_FWD_g.1274.peg.4808-MONOMER,0.0,-3.704247548087623e-07
FACOALI14_REV_g.1274.peg.1969-MONOMER,0.0,-4.723150568363348e-08
FACOALI14_FWD_g.1274.peg.1969-MONOMER,0.0,-2.592679965413841e-07
FACOALI14_REV_g.1274.peg.528-MONOMER,0.0,-6.39048528311318e-08
FACOALI14_FWD_g.1274.peg.528-MONOMER,0.0,-2.759413436888824e-07
FACOALI14_REV_g.1274.peg.1976-MONOMER,0.0,-6.621748755770539e-08
FACOALI14_FWD_g.1274.peg.1976-MONOMER,0.0,-2.78253978415456e-07
FACOALI14_REV_g.1274.peg.2217-MONOMER,0.0,-1.1019225920672575e-40
FACOALI14_FWD_g.1274.peg.2217-MONOMER,0.0,-2.1203649085775062e-07
FACOALI14_REV_g.1274.peg.3102-MONOMER,0.0,-3.768619720678413e-08
FACOALI14_FWD_g.1274.peg.3102-MONOMER,0.0,-2.4972268806453475e-07
FACOALI14_REV_g.1274.peg.5960-MONOMER,0.0,-6.953491245474313e-08
FACOALI14_FWD_g.1274.peg.5960-MONOMER,0.0,-2.8157140331249375e-07
FACOALI14_REV_g.1274.peg.722-MONOMER,0.0,-4.590987891689615e-08
FACOALI14_FWD_g.1274.peg.722-MONOMER,0.0,-2.5794636977464674e-07
FACOALI14_REV_g.1274.peg.5924-MONOMER,0.0,-7.838849856677737e-08
FACOALI14_FWD_g.1274.peg.5924-MONOMER,0.0,-2.90424989424528e-07
FACOALI14_REV_g.1274.peg.754-MONOMER,0.0,-6.679817345221988e-08
FACOALI14_FWD_g.1274.peg.754-MONOMER,0.0,-2.788346643099705e-07
FACOALI14_REV_g.1274.peg.4543-MONOMER,0.0,-6.992112426809587e-08
FACOALI14_FWD_g.1274.peg.4543-MONOMER,0.0,-2.819576151258465e-07
FACOALI14_REV_g.1274.peg.4198-MONOMER,0.0,-4.759467692987029e-08
FACOALI14_FWD_g.1274.peg.4198-MONOMER,0.0,-2.596311677876209e-07
FACOALI14_REV_g.1274.peg.177-MONOMER,0.0,-5.8895413016993104e-08
FACOALI14_FWD_g.1274.peg.177-MONOMER,0.0,-2.709319038747437e-07
FACOALI14_REV_g.1274.peg.6029-MONOMER_mod_mg2(1),0.0,-9.011454596101814e-08
FACOALI14_FWD_g.1274.peg.6029-MONOMER_mod_mg2(1),0.0,-3.0215103681876877e-07
FACOALI14_REV_g.1274.peg.3372-MONOMER,0.0,-5.0388893678678516e-08
FACOALI14_FWD_g.1274.peg.3372-MONOMER,0.0,-2.6242538453642913e-07
FACOALI14_REV_g.1274.peg.2344-MONOMER,0.0,-6.535383147825152e-08
FACOALI14_FWD_g.1274.peg.2344-MONOMER,0.0,-2.773903223360021e-07
FACOALI15_REV_g.1274.peg.3351-MONOMER,0.0,-7.313524687485462e-08
FACOALI15_FWD_g.1274.peg.3351-MONOMER,0.0,-2.851717377326052e-07
FACOALI15_REV_g.1274.peg.1248-MONOMER,0.0,-9.364428772291615e-08
FACOALI15_FWD_g.1274.peg.1248-MONOMER,0.0,-3.0568077858066675e-07
FACOALI15_REV_g.1274.peg.6083-MONOMER,0.0,-8.571021897318232e-08
FACOALI15_FWD_g.1274.peg.6083-MONOMER,0.0,-2.977467098309329e-07
FACOALI15_REV_g.1274.peg.2860-MONOMER,0.0,-5.053325986193244e-08
FACOALI15_FWD_g.1274.peg.2860-MONOMER,0.0,-2.6256975071968307e-07
FACOALI15_REV_g.1274.peg.3143-MONOMER,0.0,-1.2411865954606497e-07
FACOALI15_FWD_g.1274.peg.3143-MONOMER,0.0,-3.361551504038156e-07
FACOALI15_REV_g.1274.peg.535-MONOMER,0.0,-5.78079439225104e-08
FACOALI15_FWD_g.1274.peg.535-MONOMER,0.0,-2.69844434780261e-07
FACOALI15_REV_g.1274.peg.2610-MONOMER,0.0,-2.13638766116742e-08
FACOALI15_FWD_g.1274.peg.2610-MONOMER,0.0,-2.334003674694248e-07
FACOALI15_REV_g.1274.peg.4808-MONOMER,0.0,-1.583882639510117e-07
FACOALI15_FWD_g.1274.peg.4808-MONOMER,0.0,-3.704247548087623e-07
FACOALI15_REV_g.1274.peg.1969-MONOMER,0.0,-4.723150568363348e-08
FACOALI15_FWD_g.1274.peg.1969-MONOMER,0.0,-2.592679965413841e-07
FACOALI15_REV_g.1274.peg.528-MONOMER,0.0,-6.39048528311318e-08
FACOALI15_FWD_g.1274.peg.528-MONOMER,0.0,-2.759413436888824e-07
FACOALI15_REV_g.1274.peg.1976-MONOMER,0.0,-6.621748755770539e-08
FACOALI15_FWD_g.1274.peg.1976-MONOMER,0.0,-2.78253978415456e-07
FACOALI15_REV_g.1274.peg.2217-MONOMER,0.0,-1.873268406514338e-39
FACOALI15_FWD_g.1274.peg.2217-MONOMER,0.0,-2.1203649085775062e-07
FACOALI15_REV_g.1274.peg.3102-MONOMER,0.0,-3.768619720678413e-08
FACOALI15_FWD_g.1274.peg.3102-MONOMER,0.0,-2.4972268806453475e-07
FACOALI15_REV_g.1274.peg.5960-MONOMER,0.0,-6.953491245474313e-08
FACOALI15_FWD_g.1274.peg.5960-MONOMER,0.0,-2.8157140331249375e-07
FACOALI15_REV_g.1274.peg.722-MONOMER,0.0,-4.590987891689615e-08
FACOALI15_FWD_g.1274.peg.722-MONOMER,0.0,-2.5794636977464674e-07
FACOALI15_REV_g.1274.peg.5924-MONOMER,0.0,-7.838849856677737e-08
FACOALI15_FWD_g.1274.peg.5924-MONOMER,0.0,-2.90424989424528e-07
FACOALI15_REV_g.1274.peg.754-MONOMER,0.0,-6.679817345221988e-08
FACOALI15_FWD_g.1274.peg.754-MONOMER,0.0,-2.788346643099705e-07
FACOALI15_REV_g.1274.peg.4543-MONOMER,0.0,-6.992112426809587e-08
FACOALI15_FWD_g.1274.peg.4543-MONOMER,0.0,-2.819576151258465e-07
FACOALI15_REV_g.1274.peg.4198-MONOMER,0.0,-4.759467692987029e-08
FACOALI15_FWD_g.1274.peg.4198-MONOMER,0.0,-2.596311677876209e-07
FACOALI15_REV_g.1274.peg.177-MONOMER,0.0,-5.8895413016993104e-08
FACOALI15_FWD_g.1274.peg.177-MONOMER,0.0,-2.709319038747437e-07
FACOALI15_REV_g.1274.peg.6029-MONOMER_mod_mg2(1),0.0,-9.011454596101814e-08
FACOALI15_FWD_g.1274.peg.6029-MONOMER_mod_mg2(1),0.0,-3.0215103681876877e-07
FACOALI15_REV_g.1274.peg.3372-MONOMER,0.0,-5.0388893678678516e-08
FACOALI15_FWD_g.1274.peg.3372-MONOMER,0.0,-2.6242538453642913e-07
FACOALI15_REV_g.1274.peg.2344-MONOMER,0.0,-6.535383147825152e-08
FACOALI15_FWD_g.1274.peg.2344-MONOMER,0.0,-2.773903223360021e-07
FACOALI16_REV_g.1274.peg.3351-MONOMER,0.0,-7.313524687485462e-08
FACOALI16_FWD_g.1274.peg.3351-MONOMER,0.0,-2.851717377326052e-07
FACOALI16_REV_g.1274.peg.1248-MONOMER,0.0,-9.364428772291615e-08
FACOALI16_FWD_g.1274.peg.1248-MONOMER,0.0,-3.0568077858066675e-07
FACOALI16_REV_g.1274.peg.6083-MONOMER,0.0,-8.571021897318232e-08
FACOALI16_FWD_g.1274.peg.6083-MONOMER,0.0,-2.977467098309329e-07
FACOALI16_REV_g.1274.peg.2860-MONOMER,0.0,-5.053325986193244e-08
FACOALI16_FWD_g.1274.peg.2860-MONOMER,0.0,-2.6256975071968307e-07
FACOALI16_REV_g.1274.peg.3143-MONOMER,0.0,-1.2411865954606497e-07
FACOALI16_FWD_g.1274.peg.3143-MONOMER,0.0,-3.361551504038156e-07
FACOALI16_REV_g.1274.peg.535-MONOMER,0.0,-5.78079439225104e-08
FACOALI16_FWD_g.1274.peg.535-MONOMER,0.0,-2.69844434780261e-07
FACOALI16_REV_g.1274.peg.2610-MONOMER,0.0,-2.13638766116742e-08
FACOALI16_FWD_g.1274.peg.2610-MONOMER,0.0,-2.334003674694248e-07
FACOALI16_REV_g.1274.peg.4808-MONOMER,0.0,-1.583882639510117e-07
FACOALI16_FWD_g.1274.peg.4808-MONOMER,0.0,-3.704247548087623e-07
FACOALI16_REV_g.1274.peg.1969-MONOMER,0.0,-4.723150568363348e-08
FACOALI16_FWD_g.1274.peg.1969-MONOMER,0.0,-2.592679965413841e-07
FACOALI16_REV_g.1274.peg.528-MONOMER,0.0,-6.39048528311318e-08
FACOALI16_FWD_g.1274.peg.528-MONOMER,0.0,-2.759413436888824e-07
FACOALI16_REV_g.1274.peg.1976-MONOMER,0.0,-6.621748755770539e-08
FACOALI16_FWD_g.1274.peg.1976-MONOMER,0.0,-2.78253978415456e-07
FACOALI16_REV_g.1274.peg.2217-MONOMER,0.0,-9.917303328605319e-40
FACOALI16_FWD_g.1274.peg.2217-MONOMER,0.0,-2.1203649085775062e-07
FACOALI16_REV_g.1274.peg.3102-MONOMER,0.0,-3.768619720678413e-08
FACOALI16_FWD_g.1274.peg.3102-MONOMER,0.0,-2.4972268806453475e-07
FACOALI16_REV_g.1274.peg.5960-MONOMER,0.0,-6.953491245474313e-08
FACOALI16_FWD_g.1274.peg.5960-MONOMER,0.0,-2.8157140331249375e-07
FACOALI16_REV_g.1274.peg.722-MONOMER,0.0,-4.590987891689615e-08
FACOALI16_FWD_g.1274.peg.722-MONOMER,0.0,-2.5794636977464674e-07
FACOALI16_REV_g.1274.peg.5924-MONOMER,0.0,-7.838849856677737e-08
FACOALI16_FWD_g.1274.peg.5924-MONOMER,0.0,-2.90424989424528e-07
FACOALI16_REV_g.1274.peg.754-MONOMER,0.0,-6.679817345221988e-08
FACOALI16_FWD_g.1274.peg.754-MONOMER,0.0,-2.788346643099705e-07
FACOALI16_REV_g.1274.peg.4543-MONOMER,0.0,-6.992112426809587e-08
FACOALI16_FWD_g.1274.peg.4543-MONOMER,0.0,-2.819576151258465e-07
FACOALI16_REV_g.1274.peg.4198-MONOMER,0.0,-4.759467692987029e-08
FACOALI16_FWD_g.1274.peg.4198-MONOMER,0.0,-2.596311677876209e-07
FACOALI16_REV_g.1274.peg.177-MONOMER,0.0,-5.8895413016993104e-08
FACOALI16_FWD_g.1274.peg.177-MONOMER,0.0,-2.709319038747437e-07
FACOALI16_REV_g.1274.peg.6029-MONOMER_mod_mg2(1),0.0,-9.011454596101814e-08
FACOALI16_FWD_g.1274.peg.6029-MONOMER_mod_mg2(1),0.0,-3.0215103681876877e-07
FACOALI16_REV_g.1274.peg.3372-MONOMER,0.0,-5.0388893678678516e-08
FACOALI16_FWD_g.1274.peg.3372-MONOMER,0.0,-2.6242538453642913e-07
FACOALI16_REV_g.1274.peg.2344-MONOMER,0.0,-6.535383147825152e-08
FACOALI16_FWD_g.1274.peg.2344-MONOMER,0.0,-2.773903223360021e-07
FACOALI17_REV_g.1274.peg.3351-MONOMER,0.0,-7.313524687485462e-08
FACOALI17_FWD_g.1274.peg.3351-MONOMER,0.0,-2.851717377326052e-07
FACOALI17_REV_g.1274.peg.1248-MONOMER,0.0,-9.364428772291615e-08
FACOALI17_FWD_g.1274.peg.1248-MONOMER,0.0,-3.0568077858066675e-07
FACOALI17_REV_g.1274.peg.6083-MONOMER,0.0,-8.571021897318232e-08
FACOALI17_FWD_g.1274.peg.6083-MONOMER,0.0,-2.977467098309329e-07
FACOALI17_REV_g.1274.peg.2860-MONOMER,0.0,-5.053325986193244e-08
FACOALI17_FWD_g.1274.peg.2860-MONOMER,0.0,-2.6256975071968307e-07
FACOALI17_REV_g.1274.peg.3143-MONOMER,0.0,-1.2411865954606497e-07
FACOALI17_FWD_g.1274.peg.3143-MONOMER,0.0,-3.361551504038156e-07
FACOALI17_REV_g.1274.peg.535-MONOMER,0.0,-5.78079439225104e-08
FACOALI17_FWD_g.1274.peg.535-MONOMER,0.0,-2.69844434780261e-07
FACOALI17_REV_g.1274.peg.2610-MONOMER,0.0,-2.13638766116742e-08
FACOALI17_FWD_g.1274.peg.2610-MONOMER,0.0,-2.334003674694248e-07
FACOALI17_REV_g.1274.peg.4808-MONOMER,0.0,-1.583882639510117e-07
FACOALI17_FWD_g.1274.peg.4808-MONOMER,0.0,-3.704247548087623e-07
FACOALI17_REV_g.1274.peg.1969-MONOMER,0.0,-4.723150568363348e-08
FACOALI17_FWD_g.1274.peg.1969-MONOMER,0.0,-2.592679965413841e-07
FACOALI17_REV_g.1274.peg.528-MONOMER,0.0,-6.39048528311318e-08
FACOALI17_FWD_g.1274.peg.528-MONOMER,0.0,-2.759413436888824e-07
FACOALI17_REV_g.1274.peg.1976-MONOMER,0.0,-6.621748755770539e-08
FACOALI17_FWD_g.1274.peg.1976-MONOMER,0.0,-2.78253978415456e-07
FACOALI17_REV_g.1274.peg.2217-MONOMER,0.0,-3.63634455382195e-39
FACOALI17_FWD_g.1274.peg.2217-MONOMER,0.0,-2.1203649085775062e-07
FACOALI17_REV_g.1274.peg.3102-MONOMER,0.0,-3.768619720678413e-08
FACOALI17_FWD_g.1274.peg.3102-MONOMER,0.0,-2.4972268806453475e-07
FACOALI17_REV_g.1274.peg.5960-MONOMER,0.0,-6.953491245474313e-08
FACOALI17_FWD_g.1274.peg.5960-MONOMER,0.0,-2.8157140331249375e-07
FACOALI17_REV_g.1274.peg.722-MONOMER,0.0,-4.590987891689615e-08
FACOALI17_FWD_g.1274.peg.722-MONOMER,0.0,-2.5794636977464674e-07
FACOALI17_REV_g.1274.peg.5924-MONOMER,0.0,-7.838849856677737e-08
FACOALI17_FWD_g.1274.peg.5924-MONOMER,0.0,-2.90424989424528e-07
FACOALI17_REV_g.1274.peg.754-MONOMER,0.0,-6.679817345221988e-08
FACOALI17_FWD_g.1274.peg.754-MONOMER,0.0,-2.788346643099705e-07
FACOALI17_REV_g.1274.peg.4543-MONOMER,0.0,-6.992112426809587e-08
FACOALI17_FWD_g.1274.peg.4543-MONOMER,0.0,-2.819576151258465e-07
FACOALI17_REV_g.1274.peg.4198-MONOMER,0.0,-4.759467692987029e-08
FACOALI17_FWD_g.1274.peg.4198-MONOMER,0.0,-2.596311677876209e-07
FACOALI17_REV_g.1274.peg.177-MONOMER,0.0,-5.8895413016993104e-08
FACOALI17_FWD_g.1274.peg.177-MONOMER,0.0,-2.709319038747437e-07
FACOALI17_REV_g.1274.peg.6029-MONOMER_mod_mg2(1),0.0,-9.011454596101814e-08
FACOALI17_FWD_g.1274.peg.6029-MONOMER_mod_mg2(1),0.0,-3.0215103681876877e-07
FACOALI17_REV_g.1274.peg.3372-MONOMER,0.0,-5.0388893678678516e-08
FACOALI17_FWD_g.1274.peg.3372-MONOMER,0.0,-2.6242538453642913e-07
FACOALI17_REV_g.1274.peg.2344-MONOMER,0.0,-6.535383147825152e-08
FACOALI17_FWD_g.1274.peg.2344-MONOMER,0.0,-2.773903223360021e-07
FACOALib_REV_CPLX_dummy,0.0,-1.9585314320039267e-08
FACOALib_FWD_CPLX_dummy,0.0,-2.579619419443383e-07
FACOALiv_REV_CPLX_dummy,0.0,-6.260390770518401e-08
FACOALiv_FWD_CPLX_dummy,0.0,-2.1494334855919354e-07
FALDH2_REV_g.1274.peg.1959-MONOMER_mod_zn2(1),0.0,-4.647551294897332e-07
FALDH2_FWD_g.1274.peg.1959-MONOMER_mod_zn2(1),0.0,-3.147398664927735e-40
FBA_REV_398578.3.peg.934-MONOMER,7.569303008759318e-23,-4.909160231653318e-34
FBA_FWD_398578.3.peg.934-MONOMER,0.0,-3.0502504510370203e-07
FBA2_REV_g.1274.peg.6067-MONOMER,-5.3327511310757595e-22,-7.391157441548656e-41
FBA2_FWD_g.1274.peg.6067-MONOMER,0.0,-3.098982734367707e-07
FBA3_REV_g.1274.peg.6067-MONOMER,0.0,-3.098982734367707e-07
FBA3_FWD_g.1274.peg.6067-MONOMER,-1.9628102843793953e-22,2.1128603730605932e-40
FBP_REV_398578.3.peg.3254-MONOMER_mod_mg2(1),0.0,8.692423008640236e-07
FBP_FWD_398578.3.peg.3254-MONOMER_mod_mg2(1),0.0,-1.1511151667750504e-06
FCLTc_REV_g.1274.peg.1549-MONOMER,0.0,-1.8058224349479808e-07
FCLTc_FWD_g.1274.peg.1549-MONOMER,0.0,1.7974726145296288e-40
FDH_REV_g.1274.peg.552-MONOMER,0.0,-2.610937756231371e-07
FDH_FWD_g.1274.peg.552-MONOMER,0.0,-1.9253917410637447e-07
FDH_REV_g.1274.peg.2283-MONOMER,0.0,-6.855460151676261e-08
FDH_FWD_g.1274.peg.2283-MONOMER,0.2873684124060224,-3.3161386474132908e-40
FDH_REV_g.1274.peg.4869-MONOMER,0.0,-2.1098724707508225e-07
FDH_FWD_g.1274.peg.4869-MONOMER,0.0,-1.4243264555831962e-07
FDH_REV_g.1274.peg.2672-MONOMER,0.0,-6.855460151676261e-08
FDH_FWD_g.1274.peg.2672-MONOMER,-1.3429181259504984e-29,-2.2570367471881726e-40
FDH_REV_g.1274.peg.389-MONOMER,0.0,-2.042059798204278e-07
FDH_FWD_g.1274.peg.389-MONOMER,0.0,-1.356513783036652e-07
FDH_REV_g.1274.peg.2699-MONOMER,0.0,-1.6211760821292212e-07
FDH_FWD_g.1274.peg.2699-MONOMER,0.0,-9.356300669615949e-08
FDH_REV_g.1274.peg.4983-MONOMER,0.0,-1.0806602438361266e-07
FDH_FWD_g.1274.peg.4983-MONOMER,0.0,-3.9511422866850055e-08
FDH2_REV_CPLX_FDH2-0_mod_bmocogdp(1),0.0,7.043628773345843e-08
FDH2_FWD_CPLX_FDH2-0_mod_bmocogdp(1),0.0,2.4826382206002794e-40
FDMO_REV_g.1274.peg.4839-MONOMER,0.0,2.798456776636435e-07
FDMO_FWD_g.1274.peg.4839-MONOMER,0.0,-6.902691766558228e-07
FDMO_REV_g.1274.peg.78-MONOMER,0.0,3.3293959978907196e-07
FDMO_FWD_g.1274.peg.78-MONOMER,0.0,-6.371752545303943e-07
FDMO2_REV_g.1274.peg.4839-MONOMER,0.0,-4.727539078180705e-08
FDMO2_FWD_g.1274.peg.4839-MONOMER,0.0,-3.631481082103722e-07
FDMO2_REV_g.1274.peg.78-MONOMER,0.0,5.818531343621417e-09
FDMO2_FWD_g.1274.peg.78-MONOMER,0.0,-3.100541860849438e-07
FDMO3_REV_g.1274.peg.4839-MONOMER,0.0,-3.573295768667508e-07
FDMO3_FWD_g.1274.peg.4839-MONOMER,0.0,-5.309392212542847e-08
FDMO3_REV_g.1274.peg.78-MONOMER,0.0,-3.042356547413223e-07
FDMO3_FWD_g.1274.peg.78-MONOMER,0.0,-3.683319341101194e-39
FDMO4_REV_g.1274.peg.4839-MONOMER,0.0,1.410720495314547e-07
FDMO4_FWD_g.1274.peg.4839-MONOMER,0.0,-5.514955485236339e-07
FDMO4_REV_g.1274.peg.78-MONOMER,0.0,1.9416597165688318e-07
FDMO4_FWD_g.1274.peg.78-MONOMER,0.0,-4.984016263982056e-07
FDMO5_REV_g.1274.peg.4839-MONOMER,0.0,1.410720495314547e-07
FDMO5_FWD_g.1274.peg.4839-MONOMER,0.0,-5.514955485236339e-07
FDMO5_REV_g.1274.peg.78-MONOMER,0.0,1.9416597165688318e-07
FDMO5_FWD_g.1274.peg.78-MONOMER,0.0,-4.984016263982056e-07
FDMO6_REV_g.1274.peg.4839-MONOMER,0.0,4.3961533674521544e-07
FDMO6_FWD_g.1274.peg.4839-MONOMER,0.0,-8.500388357373948e-07
FDMO6_REV_g.1274.peg.78-MONOMER,0.0,4.92709258870644e-07
FDMO6_FWD_g.1274.peg.78-MONOMER,0.0,-7.969449136119663e-07
FE2DH_REV_g.1274.peg.215-MONOMER,0.0,-2.2950715132969562e-07
FE2DH_FWD_g.1274.peg.215-MONOMER,0.0,-1.6690745039214675e-39
FE2abc_REV_g.1274.peg.1356-MONOMER,0.0,-4.0103009065318797e-07
FE2abc_FWD_g.1274.peg.1356-MONOMER,2.342404382345894e-10,-3.1071174495310817e-40
FE3abc_REV_CPLX_dummy,0.0,-1.6970124751224954e-07
FE3abc_FWD_CPLX_dummy,0.0,-1.0784600875212802e-07
FERO_REV_g.1274.peg.215-MONOMER,0.0,2.360844220828352e-06
FERO_FWD_g.1274.peg.215-MONOMER,0.0,-2.5903513721580475e-06
FGLU_REV_g.1274.peg.304-MONOMER,0.0,-3.9004019298272495e-07
FGLU_FWD_g.1274.peg.304-MONOMER,0.0,7.339023664617825e-41
FK_REV_g.1274.peg.1346-MONOMER,0.0,-4.985260701500845e-07
FK_FWD_g.1274.peg.1346-MONOMER,0.0,3.341865000669175e-41
FKYNH_REV_g.1274.peg.1937-MONOMER,0.0,-2.7362511567289664e-07
FKYNH_FWD_g.1274.peg.1937-MONOMER,0.0,-1.9992128354173793e-41
FLVRx_REV_g.1274.peg.3825-MONOMER,0.0,-4.612004097035809e-07
FLVRx_FWD_g.1274.peg.3825-MONOMER,0.0,2.2415074462812604e-40
FMNAT_REV_398578.3.peg.5365-MONOMER,0.0,-2.616350985837591e-07
FMNAT_FWD_398578.3.peg.5365-MONOMER,0.00010059324528463702,4.7571334470454486e-39
FMNRx_REV_g.1274.peg.943-MONOMER,0.0,3.019921607913774e-06
FMNRx_FWD_g.1274.peg.943-MONOMER,0.0,-3.28918920187905e-06
FMNRx_REV_g.1274.peg.1229-MONOMER,0.0,3.049603876680589e-06
FMNRx_FWD_g.1274.peg.1229-MONOMER,0.0,-3.2595069331122348e-06
FOLD3_REV_g.1274.peg.4807-MONOMER,0.0,-2.7072771005211703e-07
FOLD3_FWD_g.1274.peg.4807-MONOMER,0.0,1.3055696238931423e-39
FOMETR_REV_g.1274.peg.4201-MONOMER,0.0,4.036100401939157e-40
FOMETR_FWD_g.1274.peg.4201-MONOMER,0.0,-2.5617364711216134e-07
FORAMD_REV_CPLX_dummy,0.0,-2.3541277441343342e-08
FORAMD_FWD_CPLX_dummy,0.0,-2.5400597882303423e-07
FORt_REV_CPLX_dummy,0.0,-2.7754725626437756e-07
FORt_FWD_CPLX_dummy,0.2848489434827179,0.0
FPGS_REV_398578.3.peg.4754-MONOMER,0.0,-3.4063925239583946e-07
FPGS_FWD_398578.3.peg.4754-MONOMER,0.0,-9.26750681561123e-40
FPGS7_REV_g.1274.peg.4088-MONOMER,0.0,-3.4063925239583946e-07
FPGS7_FWD_g.1274.peg.4088-MONOMER,0.001614372751002413,4.734751448501618e-34
FPGS_tm_REV_g.1274.peg.4088-MONOMER,0.0,7.95322610433638e-06
FPGS_tm_FWD_g.1274.peg.4088-MONOMER,0.0,-8.29386535673222e-06
FRD2_REV_CPLX_FRD2-0_mod_3fe4s(1)_mod_fad(1)_mod_2fe2s(1)_mod_4fe4s(1),0.0,0.0
FRD2_FWD_CPLX_FRD2-0_mod_3fe4s(1)_mod_fad(1)_mod_2fe2s(1)_mod_4fe4s(1),9.365293104353243e-23,0.0
FRD3_REV_CPLX_FRD2-0_mod_3fe4s(1)_mod_fad(1)_mod_2fe2s(1)_mod_4fe4s(1),0.0,-2.2958874039497803e-41
FRD3_FWD_CPLX_FRD2-0_mod_3fe4s(1)_mod_fad(1)_mod_2fe2s(1)_mod_4fe4s(1),0.0,-6.213188669423005e-41
FRD7_REV_CPLX_dummy,0.0,-1.8646570500328274e-07
FRD7_FWD_CPLX_dummy,0.0,-9.108155126109483e-08
FRDOr_REV_g.1274.peg.1710-MONOMER_mod_fad(1),0.0,-6.577808359918644e-08
FRDOr_FWD_g.1274.peg.1710-MONOMER_mod_fad(1),0.26602612579376234,8.894983929174025e-35
FRTT_REV_g.1274.peg.1546-MONOMER,0.0,3.258714156877747e-07
FRTT_FWD_g.1274.peg.1546-MONOMER,0.0,-4.189770849860064e-07
FRTT_REV_g.1274.peg.1397-MONOMER_mod_mn2(1),0.0,1.6660043529752957e-07
FRTT_FWD_g.1274.peg.1397-MONOMER_mod_mn2(1),0.0,-5.782480653762515e-07
FRTT_REV_g.1274.peg.1397-MONOMER_mod_mg2(1),0.0,1.6508090283349086e-07
FRTT_FWD_g.1274.peg.1397-MONOMER_mod_mg2(1),0.0,-5.797675978402903e-07
FRTT_REV_g.1274.peg.1573-MONOMER,0.0,2.486343369012763e-07
FRTT_FWD_g.1274.peg.1573-MONOMER,0.0,-4.962141637725049e-07
FRTT_REV_g.1274.peg.5294-MONOMER_mod_mg2(1),0.0,2.0202495751386412e-07
FRTT_FWD_g.1274.peg.5294-MONOMER_mod_mg2(1),0.0,-5.42823543159917e-07
FRUK_REV_398578.3.peg.2655-MONOMER_mod_mg2(1),0.0,-5.913638229714562e-07
FRUK_FWD_398578.3.peg.2655-MONOMER_mod_mg2(1),-7.569303008759034e-23,-2.315378728917692e-40
FRUpts_REV_CPLX_FRUpts-1,0.0,-1.8178524154233443e-07
FRUpts_FWD_CPLX_FRUpts-1,0.0,-4.858259595560381e-07
FRUpts_REV_CPLX_FRUpts-0,0.0,-1.2018362488363046e-07
FRUpts_FWD_CPLX_FRUpts-0,0.0,-4.2422434289733415e-07
FT_REV_g.1274.peg.4311-MONOMER_mod_mg2(1),0.0,-2.0519390826285414e-07
FT_FWD_g.1274.peg.4311-MONOMER_mod_mg2(1),0.0,9.158104610153273e-40
FTHFCL_REV_g.1274.peg.52-MONOMER,0.0,1.0698325765730194e-06
FTHFCL_FWD_g.1274.peg.52-MONOMER,0.0,-1.1657466267953773e-06
FTHFD_REV_g.1274.peg.679-MONOMER,0.0,2.8549073949020494e-07
FTHFD_FWD_g.1274.peg.679-MONOMER,0.0,-5.287545699536393e-07
FTHFL_REV_CPLX_dummy,0.0,4.438064952740068e-07
FTHFL_FWD_CPLX_dummy,0.0,-7.213537515383843e-07
FUM_REV_398578.3.peg.2645-MONOMER_mod_4fe4s(1),0.0,-1361.7832616773233
FUM_FWD_398578.3.peg.2645-MONOMER_mod_4fe4s(1),0.0,-1361.7832617952351
FUM_REV_398578.3.peg.2646-MONOMER,0.0,-2.0942817055545588e-07
FUM_FWD_398578.3.peg.2646-MONOMER,0.0,-3.273401214549568e-07
FUM_REV_398578.3.peg.1434-MONOMER,0.0,-1.3111739793664025e-07
FUM_FWD_398578.3.peg.1434-MONOMER,0.0,-2.490293488361412e-07
FUMt_REV_CPLX_dummy,0.7176404175501013,-2.8075650185048575e-41
FUMt_FWD_CPLX_dummy,0.0,-2.7754725626437756e-07
FUMt2_2_REV_g.1274.peg.2324-MONOMER,0.0,8.021926611548607e-08
FUMt2_2_FWD_g.1274.peg.2324-MONOMER,0.0,-4.931626276160653e-07
G15LACH_REV_398578.3.peg.256-MONOMER,0.0,-2.8747862092901684e-07
G15LACH_FWD_398578.3.peg.256-MONOMER,2.5840054143486277e-56,7.247161834407145e-41
G16BPS_REV_g.1274.peg.4138-MONOMER,0.0,1.4171699308631499e-40
G16BPS_FWD_g.1274.peg.4138-MONOMER,0.0,-3.8173187709379556e-07
G1PACT_REV_398578.3.peg.5884-MONOMER_mod_mg2(1),0.0,-6.266272882467762e-07
G1PACT_FWD_398578.3.peg.5884-MONOMER_mod_mg2(1),0.0016243658557842345,1.207194492553262e-39
G1PTT_REV_g.1274.peg.17-MONOMER_mod_mg2(1),0.0,-1.974026864235825e-07
G1PTT_FWD_g.1274.peg.17-MONOMER_mod_mg2(1),0.0008121829278921173,9.076231460572512e-40
G1PTT_REV_g.1274.peg.6045-MONOMER,0.0,-2.2873226195192237e-07
G1PTT_FWD_g.1274.peg.6045-MONOMER,0.0,-3.132957552833986e-08
G1SAT_REV_g.1274.peg.774-MONOMER_mod_pydx5p(1),0.0,-4.046852250441631e-07
G1SAT_FWD_g.1274.peg.774-MONOMER_mod_pydx5p(1),0.0,1.0369103059799767e-40
G3PAT120_REV_CPLX_G3PAT120-0,0.0,-4.492529433462108e-07
G3PAT120_FWD_CPLX_G3PAT120-0,0.0,7.54207853596341e-37
G3PAT140_REV_CPLX_G3PAT120-0,0.0,-1.9664980141297014e-07
G3PAT140_FWD_CPLX_G3PAT120-0,0.0,-2.526033311845511e-07
G3PAT141_REV_CPLX_G3PAT120-0,0.0,-4.492516801980912e-07
G3PAT141_FWD_CPLX_G3PAT120-0,0.0,4.417016100903748e-36
G3PAT160_REV_CPLX_G3PAT120-0,0.0,-4.492517282950615e-07
G3PAT160_FWD_CPLX_G3PAT120-0,0.0,-2.9086003937110656e-36
G3PAT161_REV_CPLX_G3PAT120-0,0.0,-4.492516801980912e-07
G3PAT161_FWD_CPLX_G3PAT120-0,0.0,4.417016100903748e-36
G3PAT180_REV_CPLX_G3PAT120-0,0.0,-4.492519175456975e-07
G3PAT180_FWD_CPLX_G3PAT120-0,-4.562401977754358e-24,7.54207853596341e-37
G3PAT181_REV_CPLX_G3PAT120-0,0.0,-4.492517996683428e-07
G3PAT181_FWD_CPLX_G3PAT120-0,0.0,8.079824348211154e-36
G3PATAI15_REV_CPLX_G3PAT120-0,0.0,-4.395636144012489e-07
G3PATAI15_FWD_CPLX_G3PAT120-0,0.0,1.0041259411946486e-39
G3PATAI17_REV_CPLX_G3PAT120-0,0.0,-4.395636144012489e-07
G3PATAI17_FWD_CPLX_G3PAT120-0,0.0013830912504410482,4.001218732951196e-39
G3PATI14_REV_CPLX_G3PAT120-0,0.0,-4.395636144012489e-07
G3PATI14_FWD_CPLX_G3PAT120-0,0.0,-3.718984967387588e-40
G3PATI15_REV_CPLX_G3PAT120-0,0.0,-4.395636144012489e-07
G3PATI15_FWD_CPLX_G3PAT120-0,0.0,-4.537161660212857e-39
G3PATI16_REV_CPLX_G3PAT120-0,0.0,-4.395636144012489e-07
G3PATI16_FWD_CPLX_G3PAT120-0,0.0,-9.669360915207728e-40
G3PATI17_REV_CPLX_G3PAT120-0,0.0,-4.395636144012489e-07
G3PATI17_FWD_CPLX_G3PAT120-0,0.0013830912504410482,-1.9360735804602563e-39
G3PD1_REV_g.1274.peg.342-MONOMER,0.0,-5.355996365898042e-07
G3PD1_FWD_g.1274.peg.342-MONOMER,0.010131857748574663,2.2249368744926716e-34
G3PD2_REV_g.1274.peg.342-MONOMER,0.0,-5.319185663003839e-07
G3PD2_FWD_g.1274.peg.342-MONOMER,0.0,-3.6810702894203646e-09
G3PD8i_REV_g.1274.peg.649-MONOMER,0.0,4.7290441331806324e-08
G3PD8i_FWD_g.1274.peg.649-MONOMER,0.0,-3.5933788445344547e-07
G3PD8i_REV_g.1274.peg.661-MONOMER_mod_fad(1),0.0,3.719874978068987e-09
G3PD8i_FWD_g.1274.peg.661-MONOMER_mod_fad(1),0.0,-4.029084508071828e-07
G5SADs_REV_CPLX_dummy,0.0,-2.7754725626437756e-07
G5SADs_FWD_CPLX_dummy,0.0,-2.0513810743484557e-41
G5SDr_REV_398578.3.peg.5981-MONOMER,0.0,1.1108330086183631e-39
G5SDr_FWD_398578.3.peg.5981-MONOMER,0.0,-5.227085769810784e-07
G6PBDH_REV_398578.3.peg.5581-MONOMER,0.0,-1.5363060800366203e-07
G6PBDH_FWD_398578.3.peg.5581-MONOMER,0.0,-7.237706347960178e-08
G6PDH2r_REV_398578.3.peg.5581-MONOMER,0.0,-1.1077833002028611e-39
G6PDH2r_FWD_398578.3.peg.5581-MONOMER,0.0,-2.2600767148326381e-07
G6PI_REV_g.1274.peg.5510-MONOMER,0.0,-1.0757913979611153e-08
G6PI_FWD_g.1274.peg.5510-MONOMER,0.0,-3.180191299869352e-07
G6PI_REV_g.1274.peg.5401-MONOMER,2.1455185018160764e-56,-6.546216708076936e-41
G6PI_FWD_g.1274.peg.5401-MONOMER,0.0,-3.0726121600732406e-07
G6PI3_REV_g.1274.peg.5510-MONOMER,0.0,-2.8707207163152054e-07
G6PI3_FWD_g.1274.peg.5510-MONOMER,0.0,-4.170497233502585e-08
G6PI3_REV_g.1274.peg.5401-MONOMER,0.0,-2.763141576519094e-07
G6PI3_FWD_g.1274.peg.5401-MONOMER,0.0,-3.09470583554147e-08
GALCTD_REV_g.1274.peg.1172-MONOMER_mod_fe2(1),0.0,-3.160891125817287e-07
GALCTD_FWD_g.1274.peg.1172-MONOMER_mod_fe2(1),0.0,-8.615570995771334e-08
GALCTD_REV_g.1274.peg.13-MONOMER_mod_nad(1),0.0,-2.2993340262401537e-07
GALCTD_FWD_g.1274.peg.13-MONOMER_mod_nad(1),0.0,1.7931460939006155e-41
GALCTNt2r_REV_g.1274.peg.6084-MONOMER,0.0,2.1238395395465405e-41
GALCTNt2r_FWD_g.1274.peg.6084-MONOMER,0.0,-3.499745886991219e-07
GALM1r_REV_g.1274.peg.5929-MONOMER,0.0,-2.2253828414325564e-07
GALM1r_FWD_g.1274.peg.5929-MONOMER,-2.7278409281246654e-56,0.0
GALT1_REV_CPLX_dummy,0.0,-2.7754725626437756e-07
GALT1_FWD_CPLX_dummy,0.0008121829278921173,-2.206455724494471e-39
GALTpts_REV_g.1274.peg.3316-MONOMER,0.0,-3.082653102857433e-07
GALTpts_FWD_g.1274.peg.3316-MONOMER,0.0,0.0
GALTpts_REV_g.1274.peg.1695-MONOMER,0.0,-4.1468379594149354e-07
GALTpts_FWD_g.1274.peg.1695-MONOMER,0.0,-1.0641848565575023e-07
GALU_REV_g.1274.peg.1025-MONOMER,0.0,-2.5880499839301644e-07
GALU_FWD_g.1274.peg.1025-MONOMER,0.003248731711568469,-7.765603745687606e-40
GAMpts_REV_g.1274.peg.3316-MONOMER,0.0,-3.082653102857433e-07
GAMpts_FWD_g.1274.peg.3316-MONOMER,0.0016243658557842345,0.0
GAMpts_REV_g.1274.peg.1695-MONOMER,0.0,-4.1468379594149354e-07
GAMpts_FWD_g.1274.peg.1695-MONOMER,0.0,-1.0641848565575023e-07
GAPD_REV_398578.3.peg.938-MONOMER,0.0,-2.9607894157930554e-07
GAPD_FWD_398578.3.peg.938-MONOMER,4.495725563368962e-22,-5.929300929321016e-35
GAPD_NADP_REV_g.1274.peg.1019-MONOMER,0.0,-3.515233057999548e-07
GAPD_NADP_FWD_g.1274.peg.1019-MONOMER,0.0,-6.280650479948996e-08
GAPD_NADP_REV_g.1274.peg.172-MONOMER,0.0,-4.12120495983624e-07
GAPD_NADP_FWD_g.1274.peg.172-MONOMER,0.0,-1.234036949831592e-07
GARFTi_REV_398578.3.peg.5354-MONOMER,0.0,-2.3234617351253363e-07
GARFTi_FWD_398578.3.peg.5354-MONOMER,0.0,-8.410095413196078e-40
GARFTi_REV_398578.3.peg.5234-MONOMER_mod_mg2(1),0.0,-2.9350228215854905e-07
GARFTi_FWD_398578.3.peg.5234-MONOMER_mod_mg2(1),0.0,-6.115610864601545e-08
GART_REV_g.1274.peg.4838-MONOMER,0.0,2.961888475179914e-07
GART_FWD_g.1274.peg.4838-MONOMER,0.0,-6.36625225781866e-07
GCALDL_REV_g.1274.peg.1085-MONOMER,0.0,1.4978700928999877e-07
GCALDL_FWD_g.1274.peg.1085-MONOMER,0.0,-2.1500867395401556e-07
GCALDt_REV_CPLX_dummy,0.00030165820273694865,-1.9329365977814357e-41
GCALDt_FWD_CPLX_dummy,0.0,-2.7754725626437756e-07
GCCa_REV_g.1274.peg.3751-MONOMER,0.0,-8.364412752562533e-08
GCCa_FWD_g.1274.peg.3751-MONOMER,0.0,-3.515505844237532e-07
GCCb_REV_g.1274.peg.4201-MONOMER,0.0,-2.5617364711216134e-07
GCCb_FWD_g.1274.peg.4201-MONOMER,0.0,3.675244914040196e-40
GCCb_REV_CPLX_GCCb-0,0.0,-3.1327069255854916e-07
GCCb_FWD_CPLX_GCCb-0,0.0,-5.709704544638784e-08
GCCc_REV_g.1274.peg.3306-MONOMER,0.0,-3.183197876321611e-07
GCCc_FWD_g.1274.peg.3306-MONOMER,0.0,-5.041333073403319e-08
GCCc_REV_g.1274.peg.3391-MONOMER,0.0,-2.6790645689812786e-07
GCCc_FWD_g.1274.peg.3391-MONOMER,0.0,-8.071103722379741e-40
GCCc_REV_CPLX_GCCc-0,0.0,-3.589468835940332e-07
GCCc_FWD_CPLX_GCCc-0,0.0,-9.104042669590533e-08
GF6PTA_REV_398578.3.peg.5880-MONOMER,0.0,-2.1956174187301386e-07
GF6PTA_FWD_398578.3.peg.5880-MONOMER,0.0,-1.5766762516218446e-07
GGGABADr_REV_g.1274.peg.4686-MONOMER,0.0,-1.1518958563944026e-39
GGGABADr_FWD_g.1274.peg.4686-MONOMER,0.0,-3.3674449615239096e-07
GGGABARr_REV_g.1274.peg.4686-MONOMER,0.0,-3.6810702894203646e-09
GGGABARr_FWD_g.1274.peg.4686-MONOMER,0.0,-3.330634258629706e-07
GGT_REV_g.1274.peg.1546-MONOMER,0.0,3.139767386538185e-39
GGT_FWD_g.1274.peg.1546-MONOMER,0.0,-9.310566929823169e-08
GGT_REV_g.1274.peg.1573-MONOMER,0.0,-7.723707878649842e-08
GGT_FWD_g.1274.peg.1573-MONOMER,0.0,-1.703427480847301e-07
GGTA_REV_g.1274.peg.3613-MONOMER,0.0,1.0015933487293717e-06
GGTA_FWD_g.1274.peg.3613-MONOMER,0.0,-1.3798575728807361e-06
GGTA_REV_g.1274.peg.5191-MONOMER,0.0,9.517820437964888e-07
GGTA_FWD_g.1274.peg.5191-MONOMER,0.0,-1.429668877813619e-06
GGTA_REV_g.1274.peg.1152-MONOMER,0.0,9.545648283995942e-07
GGTA_FWD_g.1274.peg.1152-MONOMER,0.0,-1.4268860932105138e-06
GGTA_REV_g.1274.peg.204-MONOMER,0.0,9.100968879652361e-07
GGTA_FWD_g.1274.peg.204-MONOMER,0.0,-1.4713540336448718e-06
GGTA_REV_g.1274.peg.3639-MONOMER,0.0,1.0048602096041036e-06
GGTA_FWD_g.1274.peg.3639-MONOMER,0.0,-1.3765907120060045e-06
GGTT_REV_g.1274.peg.5294-MONOMER_mod_mg2(1),0.0,-3.4079858564605287e-07
GGTT_FWD_g.1274.peg.5294-MONOMER_mod_mg2(1),0.0,2.4293867803246946e-40
GGTT_REV_g.1274.peg.1397-MONOMER_mod_mn2(1),0.0,-3.7622310786238744e-07
GGTT_FWD_g.1274.peg.1397-MONOMER_mod_mn2(1),0.0,-3.542452221633454e-08
GGTT_REV_g.1274.peg.1397-MONOMER_mod_mg2(1),0.0,-3.7774264032642616e-07
GGTT_FWD_g.1274.peg.1397-MONOMER_mod_mg2(1),0.0,-3.694405468037325e-08
GHMT2r_REV_398578.3.peg.3692-MONOMER,0.0,-1.5476136352759874e-08
GHMT2r_FWD_398578.3.peg.3692-MONOMER,0.0,-3.516742291291876e-07
GHMT2r_REV_398578.3.peg.3697-MONOMER,0.0,-2.2036527403296036e-08
GHMT2r_FWD_398578.3.peg.3697-MONOMER,0.0,-3.5823462017972374e-07
GHMT2r_REV_398578.3.peg.4937-MONOMER,0.0018158925208419127,-2.0255067096485505e-35
GHMT2r_FWD_398578.3.peg.4937-MONOMER,0.0,-3.3619809277642774e-07
GK1_REV_g.1274.peg.1571-MONOMER_mod_mg2(1),0.0,-1.3161823309795984e-07
GK1_FWD_g.1274.peg.1571-MONOMER_mod_mg2(1),0.017924232899587344,6.599047105168127e-36
GK2_REV_g.1274.peg.1571-MONOMER_mod_mg2(1),0.0,-4.572009570991634e-08
GK2_FWD_g.1274.peg.1571-MONOMER_mod_mg2(1),0.0,-8.58981373880435e-08
GLCDe_REV_g.1274.peg.2613-MONOMER_mod_pqq(1),0.0,5.092218323432894e-07
GLCDe_FWD_g.1274.peg.2613-MONOMER_mod_pqq(1),0.0,-1.4322889463278347e-40
GLCND_REV_g.1274.peg.3917-MONOMER,0.0,-2.367544772192883e-07
GLCND_FWD_g.1274.peg.3917-MONOMER,0.0,-1.6729460559406464e-08
GLCND_REV_g.1274.peg.2796-MONOMER,0.0,-2.2002501665988183e-07
GLCND_FWD_g.1274.peg.2796-MONOMER,0.0,-5.338912068769094e-41
GLCNt2r_REV_CPLX_dummy,0.0,-1.7218960024698116e-07
GLCNt2r_FWD_CPLX_dummy,0.0,-1.053576560173964e-07
GLCRD_REV_g.1274.peg.1239-MONOMER,0.0,-2.700828788901809e-07
GLCRD_FWD_g.1274.peg.1239-MONOMER,0.0,-4.014947626616557e-08
GLCRD_REV_g.1274.peg.1382-MONOMER_mod_mg2(1),0.0,-2.748710402059699e-07
GLCRD_FWD_g.1274.peg.1382-MONOMER_mod_mg2(1),0.0,-4.493763758195458e-08
GLCRHL_REV_g.1274.peg.1239-MONOMER,0.0,-3.1023235515634647e-07
GLCRHL_FWD_g.1274.peg.1239-MONOMER,0.0,0.0
GLCRHL_REV_g.1274.peg.1382-MONOMER_mod_mg2(1),0.0,-3.150205164721355e-07
GLCRHL_FWD_g.1274.peg.1382-MONOMER_mod_mg2(1),0.0,-4.788161315789008e-09
GLCTR1_REV_CPLX_dummy,0.0,-2.7754725626437756e-07
GLCTR1_FWD_CPLX_dummy,0.0008121829278921173,-1.8557453935485076e-38
GLCTR2_REV_CPLX_dummy,0.0,-2.7754725626437756e-07
GLCTR2_FWD_CPLX_dummy,0.0008121829278921173,-2.206455724494471e-39
GLCTR3_REV_CPLX_dummy,0.0,-2.7754725626437756e-07
GLCTR3_FWD_CPLX_dummy,0.0008121829278921173,-2.206455724494471e-39
GLCabc_REV_g.1274.peg.4430-MONOMER,0.0,1.0459420706145029e-06
GLCabc_FWD_g.1274.peg.4430-MONOMER,0.0,-1.2479586893739772e-06
GLCpts_REV_g.1274.peg.3316-MONOMER,0.0,-3.082653102857433e-07
GLCpts_FWD_g.1274.peg.3316-MONOMER,0.004060914639460587,1.4285762171503366e-40
GLCpts_REV_g.1274.peg.1695-MONOMER,0.0,-4.1468379594149354e-07
GLCpts_FWD_g.1274.peg.1695-MONOMER,0.0,-1.0641848565575023e-07
GLFRDO_REV_398578.3.peg.3064-MONOMER,0.0,-9.216525274620216e-08
GLFRDO_FWD_398578.3.peg.3064-MONOMER,0.0,-2.7538729132367003e-07
GLNS_REV_398578.3.peg.4984-MONOMER_mod_mn2(1),0.0,7.924739789860372e-07
GLNS_FWD_398578.3.peg.4984-MONOMER_mod_mn2(1),0.0,-1.2617625152536525e-06
GLNSP1_REV_g.1274.peg.4478-MONOMER,0.0,-2.425551652055637e-07
GLNSP1_FWD_g.1274.peg.4478-MONOMER,0.0,-2.841530626019638e-40
GLNSP2_REV_g.1274.peg.4478-MONOMER,0.0,-2.425551652055637e-07
GLNSP2_FWD_g.1274.peg.4478-MONOMER,0.0,6.535520439845168e-39
GLNSP3_REV_g.1274.peg.4478-MONOMER,0.0,-2.425551652055637e-07
GLNSP3_FWD_g.1274.peg.4478-MONOMER,0.0,1.213114998031461e-38
GLNabc_REV_CPLX_GLNabc-0,0.0,4.434729339013948e-07
GLNabc_FWD_CPLX_GLNabc-0,0.0,-8.329207910924986e-07
GLNt2r_REV_CPLX_dummy,0.0,-2.7754725626437756e-07
GLNt2r_FWD_CPLX_dummy,0.007074525384568852,-1.3954349902635265e-41
GLU5K_REV_398578.3.peg.5465-MONOMER_mod_mg2(1),0.0,7.813401534563644e-07
GLU5K_FWD_398578.3.peg.5465-MONOMER_mod_mg2(1),0.0,-1.2946102368730198e-06
GLUCYS_REV_g.1274.peg.1394-MONOMER_mod_mg2(1),0.0,2.472830588638569e-06
GLUCYS_FWD_g.1274.peg.1394-MONOMER_mod_mg2(1),0.0,-2.6873564313160724e-06
GLUDC_REV_g.1274.peg.2879-MONOMER_mod_pydx5p(1),0.0,-5.81567711982023e-07
GLUDC_FWD_g.1274.peg.2879-MONOMER_mod_pydx5p(1),0.0,-4.782933280823819e-41
GLUDxi_REV_398578.3.peg.210-MONOMER,0.0,-1.7046278392447057e-07
GLUDxi_FWD_398578.3.peg.210-MONOMER,0.0,-2.0571366034045695e-07
GLUDy_REV_398578.3.peg.210-MONOMER,0.0,-1.667817136350502e-07
GLUDy_FWD_398578.3.peg.210-MONOMER,0.0,-2.0939473062987731e-07
GLUDy_REV_398578.3.peg.5122-MONOMER,0.0,-2.532900199543754e-07
GLUDy_FWD_398578.3.peg.5122-MONOMER,0.0,-2.9590303694920254e-07
GLUFORT_REV_g.1274.peg.5145-MONOMER_mod_mg2(1)_mod_k(1),0.0,-4.0400057971129507e-07
GLUFORT_FWD_g.1274.peg.5145-MONOMER_mod_mg2(1)_mod_k(1),0.0,5.245970043591704e-40
GLUN_REV_g.1274.peg.4058-MONOMER,0.0,-2.1975390204899817e-07
GLUN_FWD_g.1274.peg.4058-MONOMER,0.0,-1.4492296406554387e-07
GLUN_REV_g.1274.peg.5799-MONOMER,0.0,-1.903648701845966e-07
GLUN_FWD_g.1274.peg.5799-MONOMER,0.0,-1.155339322011423e-07
GLUOX_REV_CPLX_GLUOX-0,0.0,-1.7457925600698553e-07
GLUOX_FWD_CPLX_GLUOX-0,0.0,-2.920232109852669e-07
GLUPRT_REV_398578.3.peg.4751-MONOMER_mod_mg2(1),0.0,-4.7043641539033426e-07
GLUPRT_FWD_398578.3.peg.4751-MONOMER_mod_mg2(1),0.0,-7.381512460039416e-40
GLUR_REV_398578.3.peg.2642-MONOMER,0.0,0.0
GLUR_FWD_398578.3.peg.2642-MONOMER,0.0,-3.9855005832145327e-07
GLUSy_REV_398578.3.peg.5540-MONOMER,0.0,-2.7419382073670784e-07
GLUSy_FWD_398578.3.peg.5540-MONOMER,0.0,-1.5674986575842643e-07
GLUSy_REV_398578.3.peg.5539-MONOMER,0.0,-2.3183488702346763e-07
GLUSy_FWD_398578.3.peg.5539-MONOMER,0.0,-1.143909320451862e-07
GLUTCOADH2_REV_g.1274.peg.1658-MONOMER,0.0,-2.5117119393143775e-07
GLUTCOADH2_FWD_g.1274.peg.1658-MONOMER,0.0,-1.1198885806692683e-38
GLUTRR_REV_g.1274.peg.5546-MONOMER,0.0,-3.3919439710594066e-07
GLUTRR_FWD_g.1274.peg.5546-MONOMER,0.0,9.864302804993062e-35
GLUTRS_REV_g.1274.peg.4191-MONOMER_mod_mg2(1)_mod_zn2(1),0.0,-1.9406520818195533e-07
GLUTRS_FWD_g.1274.peg.4191-MONOMER_mod_mg2(1)_mod_zn2(1),0.0,1.8549865809082685e-41
GLUabc_REV_CPLX_ASPabc-3,0.0,5.014692144113366e-07
GLUabc_FWD_CPLX_ASPabc-3,0.0,-7.749245105825568e-07
GLUabc_REV_CPLX_ASPabc-4,0.0,4.798796796870066e-07
GLUabc_FWD_CPLX_ASPabc-4,0.0,-7.965140453068867e-07
GLUabc_REV_CPLX_ASPabc-1,0.0,4.894180206738655e-07
GLUabc_FWD_CPLX_ASPabc-1,0.0,-7.869757043200279e-07
GLUabc_REV_CPLX_ASPabc-5,0.0,4.992446668929116e-07
GLUabc_FWD_CPLX_ASPabc-5,0.0,-7.771490581009818e-07
GLUabc_REV_CPLX_ASPabc-0,0.0,5.119955463403988e-07
GLUabc_FWD_CPLX_ASPabc-0,0.0,-7.643981786534946e-07
GLUabc_REV_CPLX_ASPabc-2,0.0,4.916067101015294e-07
GLUabc_FWD_CPLX_ASPabc-2,0.0,-7.84787014892364e-07
GLUt2r_REV_CPLX_dummy,0.0,-2.7754725626437756e-07
GLUt2r_FWD_CPLX_dummy,0.021092014789478933,-2.282495489195129e-41
GLXCL_REV_g.1274.peg.1137-MONOMER_mod_mg2(1)_mod_thmpp(1)_mod_fad(1),0.0,-3.6951574630433985e-07
GLXCL_FWD_g.1274.peg.1137-MONOMER_mod_mg2(1)_mod_thmpp(1)_mod_fad(1),6.432687972559454e-23,-7.766891326114803e-36
GLXO1_REV_g.1274.peg.2851-MONOMER,0.0,-3.812557085028723e-07
GLXO1_FWD_g.1274.peg.2851-MONOMER,0.0,-3.882056195571194e-08
GLXO1_REV_g.1274.peg.5917-MONOMER_mod_mg2(1),0.0,-4.1549263642893373e-07
GLXO1_FWD_g.1274.peg.5917-MONOMER_mod_mg2(1),0.0,-7.30574898817734e-08
GLXO1_REV_g.1274.peg.2033-MONOMER,0.0,-3.9322949006111706e-07
GLXO1_FWD_g.1274.peg.2033-MONOMER,0.0,-5.079434351395671e-08
GLXO1_REV_g.1274.peg.6055-MONOMER,0.0,-3.4243514654716037e-07
GLXO1_FWD_g.1274.peg.6055-MONOMER,0.0,-1.7403517030392904e-40
GLXO1_REV_g.1274.peg.4977-MONOMER,0.0,-3.5900788841511316e-07
GLXO1_FWD_g.1274.peg.4977-MONOMER,0.0,-1.6572741867952797e-08
GLXS_REV_CPLX_dummy,0.0,-2.7754725626437756e-07
GLXS_FWD_CPLX_dummy,0.1214270480778266,0.0
GLYASN1c_REV_g.1274.peg.3961-MONOMER,0.0,-1.0856937269318763e-07
GLYASN1c_FWD_g.1274.peg.3961-MONOMER,0.0,-3.5435158719504663e-07
GLYASN1c_REV_g.1274.peg.2206-MONOMER_mod_zn2(1),0.0,-3.3307971780081247e-07
GLYASN1c_FWD_g.1274.peg.2206-MONOMER_mod_zn2(1),0.0,-5.788619323026715e-07
GLYASN1c_REV_g.1274.peg.4659-MONOMER,0.0,-1.2155370227467304e-08
GLYASN1c_FWD_g.1274.peg.4659-MONOMER,0.0,-2.579375847293263e-07
GLYASN1c_REV_g.1274.peg.4790-MONOMER_mod_fe2(2),3.94977636332291e-29,-3.1283150404015753e-41
GLYASN1c_FWD_g.1274.peg.4790-MONOMER_mod_fe2(2),0.0,-2.45782214501859e-07
GLYASN1c_REV_g.1274.peg.2757-MONOMER,0.0,-4.3189317475998703e-08
GLYASN1c_FWD_g.1274.peg.2757-MONOMER,0.0,-2.889715319778577e-07
GLYASN1c_REV_g.1274.peg.2527-MONOMER,0.0,-1.054422316834482e-07
GLYASN1c_FWD_g.1274.peg.2527-MONOMER,0.0,-3.512244461853072e-07
GLYASNabc_REV_g.1274.peg.5591-MONOMER,0.0,3.4961553746633387e-07
GLYASNabc_FWD_g.1274.peg.5591-MONOMER,0.0,-6.630528052568629e-07
GLYASNabc_REV_g.1274.peg.2950-MONOMER,0.0,3.7927014805145555e-07
GLYASNabc_FWD_g.1274.peg.2950-MONOMER,0.0,-6.333981946717412e-07
GLYASNabc_REV_g.1274.peg.5274-MONOMER,0.0,3.4044588212525097e-07
GLYASNabc_FWD_g.1274.peg.5274-MONOMER,0.0,-6.722224605979458e-07
GLYASNabc_REV_g.1274.peg.5415-MONOMER,0.0,3.5460863735224114e-07
GLYASNabc_FWD_g.1274.peg.5415-MONOMER,0.0,-6.580597053709557e-07
GLYASNabc_REV_g.1274.peg.5937-MONOMER,0.0,3.716262559055047e-07
GLYASNabc_FWD_g.1274.peg.5937-MONOMER,0.0,-6.410420868176921e-07
GLYASP1c_REV_g.1274.peg.3961-MONOMER,0.0,-1.0856937269318763e-07
GLYASP1c_FWD_g.1274.peg.3961-MONOMER,0.0,-3.5435158719504663e-07
GLYASP1c_REV_g.1274.peg.2206-MONOMER_mod_zn2(1),0.0,-3.3307971780081247e-07
GLYASP1c_FWD_g.1274.peg.2206-MONOMER_mod_zn2(1),0.0,-5.788619323026715e-07
GLYASP1c_REV_g.1274.peg.4659-MONOMER,0.0,-1.2155370227467304e-08
GLYASP1c_FWD_g.1274.peg.4659-MONOMER,0.0,-2.579375847293263e-07
GLYASP1c_REV_g.1274.peg.4790-MONOMER_mod_fe2(2),0.0,-1.2770485714907623e-40
GLYASP1c_FWD_g.1274.peg.4790-MONOMER_mod_fe2(2),0.0,-2.45782214501859e-07
GLYASP1c_REV_g.1274.peg.2757-MONOMER,0.0,-4.3189317475998703e-08
GLYASP1c_FWD_g.1274.peg.2757-MONOMER,0.0,-2.889715319778577e-07
GLYASP1c_REV_g.1274.peg.2527-MONOMER,0.0,-1.054422316834482e-07
GLYASP1c_FWD_g.1274.peg.2527-MONOMER,0.0,-3.512244461853072e-07
GLYASPabc_REV_g.1274.peg.5591-MONOMER,0.0,4.8212855884983e-07
GLYASPabc_FWD_g.1274.peg.5591-MONOMER,0.0,-7.955658266403591e-07
GLYASPabc_REV_g.1274.peg.2950-MONOMER,0.0,5.117831694349517e-07
GLYASPabc_FWD_g.1274.peg.2950-MONOMER,0.0,-7.659112160552374e-07
GLYASPabc_REV_g.1274.peg.5274-MONOMER,0.0,4.7295890350874716e-07
GLYASPabc_FWD_g.1274.peg.5274-MONOMER,0.0,-8.04735481981442e-07
GLYASPabc_REV_g.1274.peg.5415-MONOMER,0.0,4.871216587357373e-07
GLYASPabc_FWD_g.1274.peg.5415-MONOMER,0.0,-7.905727267544518e-07
GLYASPabc_REV_g.1274.peg.5937-MONOMER,0.0,5.041392772890009e-07
GLYASPabc_FWD_g.1274.peg.5937-MONOMER,0.0,-7.735551082011882e-07
GLYAT_REV_CPLX_dummy,0.018093364153034096,-2.0736073236115586e-40
GLYAT_FWD_CPLX_dummy,0.0,-2.7754725626437756e-07
GLYBabc_REV_g.1274.peg.1285-MONOMER,0.0,-3.119184389140245e-07
GLYBabc_FWD_g.1274.peg.1285-MONOMER,0.0,4.767131868094775e-41
GLYC3Pabc_REV_g.1274.peg.1-MONOMER,0.0,-1.2593130347672815e-07
GLYC3Pabc_FWD_g.1274.peg.1-MONOMER,0.016009995562949117,2.5415771955973577e-36
GLYC3Pabc_REV_g.1274.peg.5836-MONOMER,0.0,-1.739632747854597e-07
GLYC3Pabc_FWD_g.1274.peg.5836-MONOMER,0.0,-4.803197130873156e-08
GLYC3Pabc_REV_g.1274.peg.832-MONOMER,0.0,-1.931991784396086e-07
GLYC3Pabc_FWD_g.1274.peg.832-MONOMER,0.0,-6.726787496288046e-08
GLYC3Pabc_REV_g.1274.peg.5662-MONOMER,0.0,-2.0641658232313273e-07
GLYC3Pabc_FWD_g.1274.peg.5662-MONOMER,0.0,-8.048527884640458e-08
GLYC3Pabc_REV_g.1274.peg.700-MONOMER,0.0,-2.389640585724734e-07
GLYC3Pabc_FWD_g.1274.peg.700-MONOMER,0.0,-1.1303275509574524e-07
GLYC3Pabc_REV_g.1274.peg.5898-MONOMER,0.0,-1.705855735249422e-07
GLYC3Pabc_FWD_g.1274.peg.5898-MONOMER,0.0,-4.4654270048214086e-08
GLYC3Pabc_REV_g.1274.peg.521-MONOMER,0.0,-1.9491932488353224e-07
GLYC3Pabc_FWD_g.1274.peg.521-MONOMER,0.0,-6.898802140680411e-08
GLYC3Pabc_REV_g.1274.peg.5754-MONOMER,0.0,-1.6866889840095587e-07
GLYC3Pabc_FWD_g.1274.peg.5754-MONOMER,0.0,-4.273759492422772e-08
GLYC3Pabc_REV_g.1274.peg.907-MONOMER,0.0,-1.682922197878893e-07
GLYC3Pabc_FWD_g.1274.peg.907-MONOMER,0.0,-4.236091631116117e-08
GLYC3Pabc_REV_g.1274.peg.4282-MONOMER,0.0,-2.115929490519849e-07
GLYC3Pabc_FWD_g.1274.peg.4282-MONOMER,0.0,-8.566164557525676e-08
GLYCK2_REV_g.1274.peg.3823-MONOMER_mod_zn2(1),0.0,-5.024365005731319e-07
GLYCK2_FWD_g.1274.peg.3823-MONOMER_mod_zn2(1),-1.4115932544179313e-35,9.593069570151717e-40
GLYCK2_REV_g.1274.peg.3823-MONOMER_mod_mg2(1),0.0,-5.031851620801324e-07
GLYCK2_FWD_g.1274.peg.3823-MONOMER_mod_mg2(1),0.0,-7.486615070005093e-10
GLYCL_REV_g.1274.peg.4201-MONOMER,0.0,-2.5617364711216134e-07
GLYCL_FWD_g.1274.peg.4201-MONOMER,0.003731957575172992,-1.259914288565458e-35
GLYCLTDx_REV_g.1274.peg.4662-MONOMER,0.0,-4.092435904753218e-07
GLYCLTDx_FWD_g.1274.peg.4662-MONOMER,0.0,-3.6810702894203646e-09
GLYCLTDy_REV_g.1274.peg.4662-MONOMER,0.0,-4.1292466076474215e-07
GLYCLTDy_FWD_g.1274.peg.4662-MONOMER,0.1214270480778266,-1.4790115511607984e-34
GLYCLTt2r_REV_CPLX_dummy,0.1214270480778266,0.0
GLYCLTt2r_FWD_CPLX_dummy,0.0,-2.7754725626437756e-07
GLYCTO1_REV_g.1274.peg.602-MONOMER,0.0,3.819830960956711e-08
GLYCTO1_FWD_g.1274.peg.602-MONOMER,0.0,-4.421951485597886e-07
GLYCTO2_REV_CPLX_GLYCTO2-0,0.0,4.589120399172826e-07
GLYCTO2_FWD_CPLX_GLYCTO2-0,0.0,-9.365705195147689e-07
GLYCTO3_REV_CPLX_GLYCTO2-0,0.0,4.112199630461886e-07
GLYCTO3_FWD_CPLX_GLYCTO2-0,0.0,-8.888784426436749e-07
GLYCTO4_REV_CPLX_GLYCTO2-0,0.0,4.112199630461886e-07
GLYCTO4_FWD_CPLX_GLYCTO2-0,0.0,-8.888784426436749e-07
GLYCYSabc_REV_g.1274.peg.5591-MONOMER,0.0,-2.837826572054073e-07
GLYCYSabc_FWD_g.1274.peg.5591-MONOMER,0.0,-2.965461058512169e-08
GLYCYSabc_REV_g.1274.peg.2950-MONOMER,0.0,-2.5412804662028563e-07
GLYCYSabc_FWD_g.1274.peg.2950-MONOMER,0.0,5.322103197119572e-40
GLYCYSabc_REV_g.1274.peg.5274-MONOMER,0.0,-2.929523125464902e-07
GLYCYSabc_FWD_g.1274.peg.5274-MONOMER,0.0,-3.8824265926204573e-08
GLYCYSabc_REV_g.1274.peg.5415-MONOMER,0.0,-2.787895573195001e-07
GLYCYSabc_FWD_g.1274.peg.5415-MONOMER,0.0,-2.4661510699214444e-08
GLYCYSabc_REV_g.1274.peg.5937-MONOMER,0.0,-2.617719387662365e-07
GLYCYSabc_FWD_g.1274.peg.5937-MONOMER,0.0,-7.643892145950868e-09
GLYCt_REV_CPLX_dummy,0.0,-2.7754725626437756e-07
GLYCt_FWD_CPLX_dummy,0.0010373184378307861,1.7644653730950315e-41
GLYD_REV_g.1274.peg.4662-MONOMER,0.0,-2.616587343545327e-07
GLYD_FWD_g.1274.peg.4662-MONOMER,0.0,-1.5126592641020945e-07
GLYDy_REV_g.1274.peg.4662-MONOMER,0.0,-2.653398046439531e-07
GLYDy_FWD_g.1274.peg.4662-MONOMER,0.0,-1.4758485612078908e-07
GLYGLN1c_REV_g.1274.peg.3961-MONOMER,0.0,-1.0856937269318763e-07
GLYGLN1c_FWD_g.1274.peg.3961-MONOMER,0.0,-3.5435158719504663e-07
GLYGLN1c_REV_g.1274.peg.2206-MONOMER_mod_zn2(1),0.0,-3.3307971780081247e-07
GLYGLN1c_FWD_g.1274.peg.2206-MONOMER_mod_zn2(1),0.0,-5.788619323026715e-07
GLYGLN1c_REV_g.1274.peg.4659-MONOMER,0.0,-1.2155370227467304e-08
GLYGLN1c_FWD_g.1274.peg.4659-MONOMER,0.0,-2.579375847293263e-07
GLYGLN1c_REV_g.1274.peg.4790-MONOMER_mod_fe2(2),0.0,-2.7500493319177114e-41
GLYGLN1c_FWD_g.1274.peg.4790-MONOMER_mod_fe2(2),0.0,-2.45782214501859e-07
GLYGLN1c_REV_g.1274.peg.2757-MONOMER,0.0,-4.3189317475998703e-08
GLYGLN1c_FWD_g.1274.peg.2757-MONOMER,0.0,-2.889715319778577e-07
GLYGLN1c_REV_g.1274.peg.2527-MONOMER,0.0,-1.054422316834482e-07
GLYGLN1c_FWD_g.1274.peg.2527-MONOMER,0.0,-3.512244461853072e-07
GLYGLNabc_REV_g.1274.peg.5591-MONOMER,0.0,3.4961553746633387e-07
GLYGLNabc_FWD_g.1274.peg.5591-MONOMER,0.0,-6.630528052568629e-07
GLYGLNabc_REV_g.1274.peg.2950-MONOMER,0.0,3.7927014805145555e-07
GLYGLNabc_FWD_g.1274.peg.2950-MONOMER,0.0,-6.333981946717412e-07
GLYGLNabc_REV_g.1274.peg.5274-MONOMER,0.0,3.4044588212525097e-07
GLYGLNabc_FWD_g.1274.peg.5274-MONOMER,0.0,-6.722224605979458e-07
GLYGLNabc_REV_g.1274.peg.5415-MONOMER,0.0,3.5460863735224114e-07
GLYGLNabc_FWD_g.1274.peg.5415-MONOMER,0.0,-6.580597053709557e-07
GLYGLNabc_REV_g.1274.peg.5937-MONOMER,0.0,3.716262559055047e-07
GLYGLNabc_FWD_g.1274.peg.5937-MONOMER,0.0,-6.410420868176921e-07
GLYGLU1c_REV_g.1274.peg.3961-MONOMER,0.0,-1.0856937269318763e-07
GLYGLU1c_FWD_g.1274.peg.3961-MONOMER,0.0,-3.5435158719504663e-07
GLYGLU1c_REV_g.1274.peg.2206-MONOMER_mod_zn2(1),0.0,-3.3307971780081247e-07
GLYGLU1c_FWD_g.1274.peg.2206-MONOMER_mod_zn2(1),0.0,-5.788619323026715e-07
GLYGLU1c_REV_g.1274.peg.4659-MONOMER,0.0,-1.2155370227467304e-08
GLYGLU1c_FWD_g.1274.peg.4659-MONOMER,0.0,-2.579375847293263e-07
GLYGLU1c_REV_g.1274.peg.4790-MONOMER_mod_fe2(2),5.062867028616319e-27,-2.5540971429815246e-41
GLYGLU1c_FWD_g.1274.peg.4790-MONOMER_mod_fe2(2),0.0,-2.45782214501859e-07
GLYGLU1c_REV_g.1274.peg.2757-MONOMER,0.0,-4.3189317475998703e-08
GLYGLU1c_FWD_g.1274.peg.2757-MONOMER,0.0,-2.889715319778577e-07
GLYGLU1c_REV_g.1274.peg.2527-MONOMER,0.0,-1.054422316834482e-07
GLYGLU1c_FWD_g.1274.peg.2527-MONOMER,0.0,-3.512244461853072e-07
GLYGLUabc_REV_g.1274.peg.5591-MONOMER,0.0,3.4961553746633387e-07
GLYGLUabc_FWD_g.1274.peg.5591-MONOMER,0.0,-6.630528052568629e-07
GLYGLUabc_REV_g.1274.peg.2950-MONOMER,0.0,3.7927014805145555e-07
GLYGLUabc_FWD_g.1274.peg.2950-MONOMER,0.0,-6.333981946717412e-07
GLYGLUabc_REV_g.1274.peg.5274-MONOMER,0.0,3.4044588212525097e-07
GLYGLUabc_FWD_g.1274.peg.5274-MONOMER,0.0,-6.722224605979458e-07
GLYGLUabc_REV_g.1274.peg.5415-MONOMER,0.0,3.5460863735224114e-07
GLYGLUabc_FWD_g.1274.peg.5415-MONOMER,0.0,-6.580597053709557e-07
GLYGLUabc_REV_g.1274.peg.5937-MONOMER,0.0,3.716262559055047e-07
GLYGLUabc_FWD_g.1274.peg.5937-MONOMER,0.0,-6.410420868176921e-07
GLYK_REV_g.1274.peg.299-MONOMER_mod_mg2(1),0.0,-2.1610410568175326e-07
GLYK_FWD_g.1274.peg.299-MONOMER_mod_mg2(1),0.0,-3.4991217114401755e-07
GLYK_REV_g.1274.peg.299-MONOMER_mod_mn2(1),0.0,-2.1572826652658717e-07
GLYK_FWD_g.1274.peg.299-MONOMER_mod_mn2(1),0.0,-3.4953633198885143e-07
GLYK_REV_g.1274.peg.486-MONOMER,0.0,-1.1716112124207654e-07
GLYK_FWD_g.1274.peg.486-MONOMER,0.0,-2.509691867043408e-07
GLYLEUHYDROc_REV_g.1274.peg.3961-MONOMER,0.0,-3.5435158719504663e-07
GLYLEUHYDROc_FWD_g.1274.peg.3961-MONOMER,0.0,-1.0856937269318763e-07
GLYLEUHYDROc_REV_g.1274.peg.2206-MONOMER_mod_zn2(1),0.0,-5.788619323026715e-07
GLYLEUHYDROc_FWD_g.1274.peg.2206-MONOMER_mod_zn2(1),0.0,-3.3307971780081247e-07
GLYLEUHYDROc_REV_g.1274.peg.4659-MONOMER,0.0,-2.579375847293263e-07
GLYLEUHYDROc_FWD_g.1274.peg.4659-MONOMER,0.0,-1.2155370227467304e-08
GLYLEUHYDROc_REV_g.1274.peg.4790-MONOMER_mod_fe2(2),0.0,-2.45782214501859e-07
GLYLEUHYDROc_FWD_g.1274.peg.4790-MONOMER_mod_fe2(2),4.3452389850056696e-24,1.9772287622677173e-36
GLYLEUHYDROc_REV_g.1274.peg.2757-MONOMER,0.0,-2.889715319778577e-07
GLYLEUHYDROc_FWD_g.1274.peg.2757-MONOMER,0.0,-4.3189317475998703e-08
GLYLEUHYDROc_REV_g.1274.peg.2527-MONOMER,0.0,-3.512244461853072e-07
GLYLEUHYDROc_FWD_g.1274.peg.2527-MONOMER,0.0,-1.054422316834482e-07
GLYLEUPEPT1tc_REV_g.1274.peg.5591-MONOMER,0.0,-2.837826572054073e-07
GLYLEUPEPT1tc_FWD_g.1274.peg.5591-MONOMER,0.0,-2.965461058512169e-08
GLYLEUPEPT1tc_REV_g.1274.peg.2950-MONOMER,0.0,-2.5412804662028563e-07
GLYLEUPEPT1tc_FWD_g.1274.peg.2950-MONOMER,4.3452389850056696e-24,2.1408340347206047e-41
GLYLEUPEPT1tc_REV_g.1274.peg.5274-MONOMER,0.0,-2.929523125464902e-07
GLYLEUPEPT1tc_FWD_g.1274.peg.5274-MONOMER,0.0,-3.8824265926204573e-08
GLYLEUPEPT1tc_REV_g.1274.peg.5415-MONOMER,0.0,-2.787895573195001e-07
GLYLEUPEPT1tc_FWD_g.1274.peg.5415-MONOMER,0.0,-2.4661510699214444e-08
GLYLEUPEPT1tc_REV_g.1274.peg.5937-MONOMER,0.0,-2.617719387662365e-07
GLYLEUPEPT1tc_FWD_g.1274.peg.5937-MONOMER,0.0,-7.643892145950868e-09
GLYMET1c_REV_g.1274.peg.3961-MONOMER,0.0,-1.0856937269318763e-07
GLYMET1c_FWD_g.1274.peg.3961-MONOMER,0.0,-3.5435158719504663e-07
GLYMET1c_REV_g.1274.peg.2206-MONOMER_mod_zn2(1),0.0,-3.3307971780081247e-07
GLYMET1c_FWD_g.1274.peg.2206-MONOMER_mod_zn2(1),0.0,-5.788619323026715e-07
GLYMET1c_REV_g.1274.peg.4659-MONOMER,0.0,-1.2155370227467304e-08
GLYMET1c_FWD_g.1274.peg.4659-MONOMER,0.0,-2.579375847293263e-07
GLYMET1c_REV_g.1274.peg.4790-MONOMER_mod_fe2(2),0.0,4.36080129358912e-41
GLYMET1c_FWD_g.1274.peg.4790-MONOMER_mod_fe2(2),0.0,-2.45782214501859e-07
GLYMET1c_REV_g.1274.peg.2757-MONOMER,0.0,-4.3189317475998703e-08
GLYMET1c_FWD_g.1274.peg.2757-MONOMER,0.0,-2.889715319778577e-07
GLYMET1c_REV_g.1274.peg.2527-MONOMER,0.0,-1.054422316834482e-07
GLYMET1c_FWD_g.1274.peg.2527-MONOMER,0.0,-3.512244461853072e-07
GLYMETabc_REV_g.1274.peg.5591-MONOMER,0.0,3.4961553746633387e-07
GLYMETabc_FWD_g.1274.peg.5591-MONOMER,0.0,-6.630528052568629e-07
GLYMETabc_REV_g.1274.peg.2950-MONOMER,0.0,3.7927014805145555e-07
GLYMETabc_FWD_g.1274.peg.2950-MONOMER,0.0,-6.333981946717412e-07
GLYMETabc_REV_g.1274.peg.5274-MONOMER,0.0,3.4044588212525097e-07
GLYMETabc_FWD_g.1274.peg.5274-MONOMER,0.0,-6.722224605979458e-07
GLYMETabc_REV_g.1274.peg.5415-MONOMER,0.0,3.5460863735224114e-07
GLYMETabc_FWD_g.1274.peg.5415-MONOMER,0.0,-6.580597053709557e-07
GLYMETabc_REV_g.1274.peg.5937-MONOMER,0.0,3.716262559055047e-07
GLYMETabc_FWD_g.1274.peg.5937-MONOMER,0.0,-6.410420868176921e-07
GLYO_REV_g.1274.peg.2392-MONOMER,0.0,-2.666839986355728e-07
GLYO_FWD_g.1274.peg.2392-MONOMER,0.0,2.2295511098548464e-40
GLYO1i_REV_g.1274.peg.2392-MONOMER,0.0,1.4322581342497845e-07
GLYO1i_FWD_g.1274.peg.2392-MONOMER,0.0,-4.0990981206055126e-07
GLYOX_REV_g.1274.peg.4603-MONOMER_mod_zn2(1),0.0,-2.5551229527004374e-07
GLYOX_FWD_g.1274.peg.4603-MONOMER_mod_zn2(1),-1.9577295075699395e-22,0.0
GLYPHEHYc_REV_g.1274.peg.3961-MONOMER,0.0,-1.0856937269318763e-07
GLYPHEHYc_FWD_g.1274.peg.3961-MONOMER,0.0,-3.5435158719504663e-07
GLYPHEHYc_REV_g.1274.peg.2206-MONOMER_mod_zn2(1),0.0,-3.3307971780081247e-07
GLYPHEHYc_FWD_g.1274.peg.2206-MONOMER_mod_zn2(1),0.0,-5.788619323026715e-07
GLYPHEHYc_REV_g.1274.peg.4659-MONOMER,0.0,-1.2155370227467304e-08
GLYPHEHYc_FWD_g.1274.peg.4659-MONOMER,0.0,-2.579375847293263e-07
GLYPHEHYc_REV_g.1274.peg.4790-MONOMER_mod_fe2(2),-4.884316473617189e-27,0.0
GLYPHEHYc_FWD_g.1274.peg.4790-MONOMER_mod_fe2(2),0.0,-2.45782214501859e-07
GLYPHEHYc_REV_g.1274.peg.2757-MONOMER,0.0,-4.3189317475998703e-08
GLYPHEHYc_FWD_g.1274.peg.2757-MONOMER,0.0,-2.889715319778577e-07
GLYPHEHYc_REV_g.1274.peg.2527-MONOMER,0.0,-1.054422316834482e-07
GLYPHEHYc_FWD_g.1274.peg.2527-MONOMER,0.0,-3.512244461853072e-07
GLYPHEabc_REV_g.1274.peg.5591-MONOMER,0.0,2.862460909681223e-07
GLYPHEabc_FWD_g.1274.peg.5591-MONOMER,0.0,-5.996833587586513e-07
GLYPHEabc_REV_g.1274.peg.2950-MONOMER,0.0,3.15900701553244e-07
GLYPHEabc_FWD_g.1274.peg.2950-MONOMER,0.0,-5.700287481735297e-07
GLYPHEabc_REV_g.1274.peg.5274-MONOMER,0.0,2.770764356270394e-07
GLYPHEabc_FWD_g.1274.peg.5274-MONOMER,0.0,-6.088530140997342e-07
GLYPHEabc_REV_g.1274.peg.5415-MONOMER,0.0,2.912391908540296e-07
GLYPHEabc_FWD_g.1274.peg.5415-MONOMER,0.0,-5.946902588727441e-07
GLYPHEabc_REV_g.1274.peg.5937-MONOMER,0.0,3.0825680940729315e-07
GLYPHEabc_FWD_g.1274.peg.5937-MONOMER,0.0,-5.776726403194806e-07
GLYPROPRO1c_REV_g.1274.peg.3961-MONOMER,0.0,-1.0856937269318763e-07
GLYPROPRO1c_FWD_g.1274.peg.3961-MONOMER,0.0,-3.5435158719504663e-07
GLYPROPRO1c_REV_g.1274.peg.2206-MONOMER_mod_zn2(1),0.0,-3.3307971780081247e-07
GLYPROPRO1c_FWD_g.1274.peg.2206-MONOMER_mod_zn2(1),0.0,-5.788619323026715e-07
GLYPROPRO1c_REV_g.1274.peg.4659-MONOMER,0.0,-1.2155370227467304e-08
GLYPROPRO1c_FWD_g.1274.peg.4659-MONOMER,0.0,-2.579375847293263e-07
GLYPROPRO1c_REV_g.1274.peg.4790-MONOMER_mod_fe2(2),0.0,1.1740822305046726e-40
GLYPROPRO1c_FWD_g.1274.peg.4790-MONOMER_mod_fe2(2),0.0,-2.45782214501859e-07
GLYPROPRO1c_REV_g.1274.peg.2757-MONOMER,0.0,-4.3189317475998703e-08
GLYPROPRO1c_FWD_g.1274.peg.2757-MONOMER,0.0,-2.889715319778577e-07
GLYPROPRO1c_REV_g.1274.peg.2527-MONOMER,0.0,-1.054422316834482e-07
GLYPROPRO1c_FWD_g.1274.peg.2527-MONOMER,0.0,-3.512244461853072e-07
GLYPROabc_REV_g.1274.peg.5591-MONOMER,0.0,5.460235381805882e-07
GLYPROabc_FWD_g.1274.peg.5591-MONOMER,0.0,-8.594608059711171e-07
GLYPROabc_REV_g.1274.peg.2950-MONOMER,0.0,5.756781487657098e-07
GLYPROabc_FWD_g.1274.peg.2950-MONOMER,0.0,-8.298061953859955e-07
GLYPROabc_REV_g.1274.peg.5274-MONOMER,0.0,5.368538828395053e-07
GLYPROabc_FWD_g.1274.peg.5274-MONOMER,0.0,-8.686304613122e-07
GLYPROabc_REV_g.1274.peg.5415-MONOMER,0.0,5.510166380664954e-07
GLYPROabc_FWD_g.1274.peg.5415-MONOMER,0.0,-8.544677060852099e-07
GLYPROabc_REV_g.1274.peg.5937-MONOMER,0.0,5.680342566197589e-07
GLYPROabc_FWD_g.1274.peg.5937-MONOMER,0.0,-8.374500875319463e-07
GLYTYR1c_REV_g.1274.peg.3961-MONOMER,0.0,-1.0856937269318763e-07
GLYTYR1c_FWD_g.1274.peg.3961-MONOMER,0.0,-3.5435158719504663e-07
GLYTYR1c_REV_g.1274.peg.2206-MONOMER_mod_zn2(1),0.0,-3.3307971780081247e-07
GLYTYR1c_FWD_g.1274.peg.2206-MONOMER_mod_zn2(1),0.0,-5.788619323026715e-07
GLYTYR1c_REV_g.1274.peg.4659-MONOMER,0.0,-1.2155370227467304e-08
GLYTYR1c_FWD_g.1274.peg.4659-MONOMER,0.0,-2.579375847293263e-07
GLYTYR1c_REV_g.1274.peg.4790-MONOMER_mod_fe2(2),0.0,-1.3916364132161426e-40
GLYTYR1c_FWD_g.1274.peg.4790-MONOMER_mod_fe2(2),0.0,-2.45782214501859e-07
GLYTYR1c_REV_g.1274.peg.2757-MONOMER,0.0,-4.3189317475998703e-08
GLYTYR1c_FWD_g.1274.peg.2757-MONOMER,0.0,-2.889715319778577e-07
GLYTYR1c_REV_g.1274.peg.2527-MONOMER,0.0,-1.054422316834482e-07
GLYTYR1c_FWD_g.1274.peg.2527-MONOMER,0.0,-3.512244461853072e-07
GLYTYRabc_REV_g.1274.peg.5591-MONOMER,0.0,3.326095333174853e-07
GLYTYRabc_FWD_g.1274.peg.5591-MONOMER,0.0,-6.460468011080144e-07
GLYTYRabc_REV_g.1274.peg.2950-MONOMER,0.0,3.62264143902607e-07
GLYTYRabc_FWD_g.1274.peg.2950-MONOMER,0.0,-6.163921905228927e-07
GLYTYRabc_REV_g.1274.peg.5274-MONOMER,0.0,3.2343987797640243e-07
GLYTYRabc_FWD_g.1274.peg.5274-MONOMER,0.0,-6.552164564490973e-07
GLYTYRabc_REV_g.1274.peg.5415-MONOMER,0.0,3.3760263320339254e-07
GLYTYRabc_FWD_g.1274.peg.5415-MONOMER,0.0,-6.41053701222107e-07
GLYTYRabc_REV_g.1274.peg.5937-MONOMER,0.0,3.546202517566561e-07
GLYTYRabc_FWD_g.1274.peg.5937-MONOMER,0.0,-6.240360826688435e-07
GLYt2r_REV_g.1274.peg.3541-MONOMER,0.0,-1.0349053311385557e-07
GLYt2r_FWD_g.1274.peg.3541-MONOMER,0.0,-2.3346468407860487e-07
GMHEPAT_REV_CPLX_dummy,0.0,-2.7754725626437756e-07
GMHEPAT_FWD_CPLX_dummy,0.003248731711568469,-4.117002866711993e-40
GMHEPK_REV_CPLX_dummy,0.0,-2.7754725626437756e-07
GMHEPK_FWD_CPLX_dummy,0.003248731711568469,-5.715276316517924e-40
GMHEPPA_REV_g.1274.peg.415-MONOMER,0.0,-3.296488055815886e-07
GMHEPPA_FWD_g.1274.peg.415-MONOMER,0.003248731711568469,7.996125364983698e-41
GMPR_REV_g.1274.peg.4047-MONOMER,0.0,1.457539502608942e-07
GMPR_FWD_g.1274.peg.4047-MONOMER,0.0,-4.861902049961392e-07
GMPS2_REV_398578.3.peg.3004-MONOMER_mod_mg2(1),0.0,3.8810439234912203e-07
GMPS2_FWD_398578.3.peg.3004-MONOMER_mod_mg2(1),0.0,-7.50680834169729e-07
GNK_REV_g.1274.peg.3731-MONOMER_mod_mg2(1),0.0,-3.239209064624406e-07
GNK_FWD_g.1274.peg.3731-MONOMER_mod_mg2(1),3.1206599822975066e-56,-6.000879789851931e-41
GNOXmq_REV_398578.3.peg.341-MONOMER,0.0,-4.7692076871093956e-08
GNOXmq_FWD_398578.3.peg.341-MONOMER,0.0,-4.226902005605046e-07
GNOXuq_REV_398578.3.peg.341-MONOMER,1.8730586208706487e-22,1.5687179897043103e-40
GNOXuq_FWD_398578.3.peg.341-MONOMER,0.0,-4.7038227743159855e-07
GPDDA1_REV_g.1274.peg.1007-MONOMER,0.0,-2.5944635079522233e-07
GPDDA1_FWD_g.1274.peg.1007-MONOMER,0.0,-1.0288005725131608e-08
GPDDA1_REV_g.1274.peg.5095-MONOMER_mod_ca2(1),0.0,-3.1194313419799227e-07
GPDDA1_FWD_g.1274.peg.5095-MONOMER_mod_ca2(1),0.0,-6.278478912790157e-08
GPDDA1_REV_g.1274.peg.5231-MONOMER_mod_mg2(1),0.0,-2.4915834507009073e-07
GPDDA1_FWD_g.1274.peg.5231-MONOMER_mod_mg2(1),0.0,5.797883653665522e-41
GPDDA2_REV_g.1274.peg.1007-MONOMER,0.0,-2.5944635079522233e-07
GPDDA2_FWD_g.1274.peg.1007-MONOMER,0.0,-1.0288005725131608e-08
GPDDA2_REV_g.1274.peg.5095-MONOMER_mod_ca2(1),0.0,-3.1194313419799227e-07
GPDDA2_FWD_g.1274.peg.5095-MONOMER_mod_ca2(1),0.0,-6.278478912790157e-08
GPDDA2_REV_g.1274.peg.5231-MONOMER_mod_mg2(1),0.0,-2.4915834507009073e-07
GPDDA2_FWD_g.1274.peg.5231-MONOMER_mod_mg2(1),0.0,-9.66313942277587e-41
GPDDA4_REV_g.1274.peg.1007-MONOMER,0.0,-2.5944635079522233e-07
GPDDA4_FWD_g.1274.peg.1007-MONOMER,0.0,-1.0288005725131608e-08
GPDDA4_REV_g.1274.peg.5095-MONOMER_mod_ca2(1),0.0,-3.1194313419799227e-07
GPDDA4_FWD_g.1274.peg.5095-MONOMER_mod_ca2(1),0.0,-6.278478912790157e-08
GPDDA4_REV_g.1274.peg.5231-MONOMER_mod_mg2(1),0.0,-2.4915834507009073e-07
GPDDA4_FWD_g.1274.peg.5231-MONOMER_mod_mg2(1),0.0,5.797883653665522e-41
GRTT_REV_CPLX_DMATT-0,0.0,-4.153117350949385e-07
GRTT_FWD_CPLX_DMATT-0,0.0,-3.6641050162164943e-09
GRTT_REV_g.1274.peg.1397-MONOMER_mod_mn2(1),0.0,-4.1164763007872196e-07
GRTT_FWD_g.1274.peg.1397-MONOMER_mod_mn2(1),0.0008121829278921173,1.996843124930881e-40
GRTT_REV_g.1274.peg.1397-MONOMER_mod_mg2(1),0.0,-4.131671625427607e-07
GRTT_FWD_g.1274.peg.1397-MONOMER_mod_mg2(1),0.0,-1.5195324640387133e-09
GTHP_REV_g.1274.peg.6042-MONOMER,0.0,2.628455674721325e-06
GTHP_FWD_g.1274.peg.6042-MONOMER,0.0,-2.843400713700883e-06
GTHRD_REV_g.1274.peg.1850-MONOMER_mod_fad(1),0.0,-1.176035055727504e-07
GTHRD_FWD_g.1274.peg.1850-MONOMER_mod_fad(1),0.0,-2.614430769114631e-07
GTHRDt2_REV_CPLX_dummy,0.0,-2.7754725626437756e-07
GTHRDt2_FWD_CPLX_dummy,0.00010055273424564956,0.0
GTHS_REV_g.1274.peg.5980-MONOMER_mod_mg2(1),0.0,-3.325035896774042e-07
GTHS_FWD_g.1274.peg.5980-MONOMER_mod_mg2(1),0.0,1.7359616277770247e-40
GTPCI_REV_398578.3.peg.3635-MONOMER,0.0,-1.7815268889906237e-07
GTPCI_FWD_398578.3.peg.3635-MONOMER,0.0,-7.224026483322073e-08
GTPCI_REV_398578.3.peg.5431-MONOMER,0.0,-1.0591242406584164e-07
GTPCI_FWD_398578.3.peg.5431-MONOMER,0.00030165820273694865,-4.0454213891525405e-39
GTPCII_REV_g.1274.peg.1313-MONOMER_mod_mg2(1),0.0,-3.7849114379797594e-07
GTPCII_FWD_g.1274.peg.1313-MONOMER_mod_mg2(1),0.0002011459898550658,-2.0789700343566423e-40
GTPCII2_REV_398578.3.peg.2459-MONOMER,0.0,-3.222375428068419e-07
GTPCII2_FWD_398578.3.peg.2459-MONOMER,0.0,7.44014741855667e-40
GTPDPK_REV_g.1274.peg.2506-MONOMER,0.0,-2.937871443669035e-07
GTPDPK_FWD_g.1274.peg.2506-MONOMER,0.0,-3.355576537668157e-08
GTPDPK_REV_g.1274.peg.1954-MONOMER_mod_mn2(1),0.0,-2.602313789902219e-07
GTPDPK_FWD_g.1274.peg.1954-MONOMER_mod_mn2(1),0.0,1.4797510424298207e-39
GUAD_REV_g.1274.peg.1279-MONOMER,0.0,-1.5895606532699702e-07
GUAD_FWD_g.1274.peg.1279-MONOMER,0.0,-2.0635836680120434e-07
GUAD_REV_g.1274.peg.1985-MONOMER,0.0,-8.139654045837149e-08
GUAD_FWD_g.1274.peg.1985-MONOMER,0.0,-1.287988419325788e-07
GUAD_REV_g.1274.peg.1182-MONOMER,0.0,-8.63803536175841e-08
GUAD_FWD_g.1274.peg.1182-MONOMER,0.0,-1.3378265509179142e-07
GUAD_REV_g.1274.peg.1043-MONOMER_mod_zn2(1),0.0,-1.3323703180455565e-07
GUAD_FWD_g.1274.peg.1043-MONOMER_mod_zn2(1),0.0,-1.8063933327876296e-07
GUAD_REV_g.1274.peg.511-MONOMER,0.0,-1.5727282401337476e-07
GUAD_FWD_g.1274.peg.511-MONOMER,0.0,-2.0467512548758208e-07
GUAPRT_REV_g.1274.peg.4810-MONOMER,0.0,-9.802388690707672e-08
GUAPRT_FWD_g.1274.peg.4810-MONOMER,0.0039028734266980413,1.2246409589065059e-39
GUAt_REV_CPLX_dummy,0.0,-2.7754725626437756e-07
GUAt_FWD_CPLX_dummy,0.0039028734266980413,1.9329365977814357e-41
GUAt2_REV_CPLX_dummy,0.0,-6.481496876539532e-08
GUAt2_FWD_CPLX_dummy,0.0,-2.1273228749898222e-07
H2CO3D_REV_g.1274.peg.5437-MONOMER_mod_zn2(1),0.0,-1.3737678076680776e-08
H2CO3D_FWD_g.1274.peg.5437-MONOMER_mod_zn2(1),0.0,-2.1351516391769384e-07
H2CO3D_REV_g.1274.peg.196-MONOMER_mod_zn2(1),1.52587800287782e-22,2.0405332717710858e-41
H2CO3D_FWD_g.1274.peg.196-MONOMER_mod_zn2(1),0.0,-1.9977748584101305e-07
H2Ot_REV_CPLX_dummy,0.0,-2.7754725626437756e-07
H2Ot_FWD_CPLX_dummy,0.37357979641990996,0.0
H2St_REV_CPLX_dummy,0.0,-2.7754725626437756e-07
H2St_FWD_CPLX_dummy,8.661374647089171e-23,0.0
HACD1_REV_g.1274.peg.2516-MONOMER,0.0,-3.562739444079554e-07
HACD1_FWD_g.1274.peg.2516-MONOMER,0.0,-2.1504798943730945e-08
HACD1_REV_g.1274.peg.846-MONOMER,0.0,-3.8853697259825004e-07
HACD1_FWD_g.1274.peg.846-MONOMER,0.0,-5.376782713402559e-08
HACD1_REV_g.1274.peg.881-MONOMER,0.0,-3.7402515468388145e-07
HACD1_FWD_g.1274.peg.881-MONOMER,0.0,-3.925600921965703e-08
HACD1_REV_g.1274.peg.2510-MONOMER,0.0,-3.3476914546422445e-07
HACD1_FWD_g.1274.peg.2510-MONOMER,8.611869057796713e-26,-2.0653091262418268e-35
HACD2_REV_g.1274.peg.2516-MONOMER,0.0,-2.1504798943730945e-08
HACD2_FWD_g.1274.peg.2516-MONOMER,0.0,-3.562739444079554e-07
HACD2_REV_g.1274.peg.846-MONOMER,0.0,-5.376782713402559e-08
HACD2_FWD_g.1274.peg.846-MONOMER,0.0,-3.8853697259825004e-07
HACD2_REV_g.1274.peg.881-MONOMER,0.0,-3.925600921965703e-08
HACD2_FWD_g.1274.peg.881-MONOMER,0.0,-3.7402515468388145e-07
HACD2_REV_g.1274.peg.2510-MONOMER,0.0,-2.112659870101867e-40
HACD2_FWD_g.1274.peg.2510-MONOMER,0.0,-3.3476914546422445e-07
HACD3_REV_g.1274.peg.2516-MONOMER,0.0,-3.562739444079554e-07
HACD3_FWD_g.1274.peg.2516-MONOMER,0.0,-2.1504798943730945e-08
HACD3_REV_g.1274.peg.846-MONOMER,0.0,-3.8853697259825004e-07
HACD3_FWD_g.1274.peg.846-MONOMER,0.0,-5.376782713402559e-08
HACD3_REV_g.1274.peg.881-MONOMER,0.0,-3.7402515468388145e-07
HACD3_FWD_g.1274.peg.881-MONOMER,0.0,-3.925600921965703e-08
HACD3_REV_g.1274.peg.2510-MONOMER,0.0,-3.3476914546422445e-07
HACD3_FWD_g.1274.peg.2510-MONOMER,0.0,-6.941596716048992e-40
HACD4_REV_g.1274.peg.2516-MONOMER,0.0,-3.562739444079554e-07
HACD4_FWD_g.1274.peg.2516-MONOMER,0.0,-2.1504798943730945e-08
HACD4_REV_g.1274.peg.846-MONOMER,0.0,-3.8853697259825004e-07
HACD4_FWD_g.1274.peg.846-MONOMER,0.0,-5.376782713402559e-08
HACD4_REV_g.1274.peg.881-MONOMER,0.0,-3.7402515468388145e-07
HACD4_FWD_g.1274.peg.881-MONOMER,0.0,-3.925600921965703e-08
HACD4_REV_g.1274.peg.2510-MONOMER,0.0,-3.3476914546422445e-07
HACD4_FWD_g.1274.peg.2510-MONOMER,0.0,-6.941596716048992e-40
HACD5_REV_g.1274.peg.2516-MONOMER,0.0,-3.562739444079554e-07
HACD5_FWD_g.1274.peg.2516-MONOMER,0.0,-2.1504798943730945e-08
HACD5_REV_g.1274.peg.846-MONOMER,0.0,-3.8853697259825004e-07
HACD5_FWD_g.1274.peg.846-MONOMER,0.0,-5.376782713402559e-08
HACD5_REV_g.1274.peg.881-MONOMER,0.0,-3.7402515468388145e-07
HACD5_FWD_g.1274.peg.881-MONOMER,0.0,-3.925600921965703e-08
HACD5_REV_g.1274.peg.2510-MONOMER,0.0,-3.3476914546422445e-07
HACD5_FWD_g.1274.peg.2510-MONOMER,0.0,-6.941596716048992e-40
HACD6_REV_g.1274.peg.2516-MONOMER,0.0,-3.562739444079554e-07
HACD6_FWD_g.1274.peg.2516-MONOMER,0.0,-2.1504798943730945e-08
HACD6_REV_g.1274.peg.846-MONOMER,0.0,-3.8853697259825004e-07
HACD6_FWD_g.1274.peg.846-MONOMER,0.0,-5.376782713402559e-08
HACD6_REV_g.1274.peg.881-MONOMER,0.0,-3.7402515468388145e-07
HACD6_FWD_g.1274.peg.881-MONOMER,0.0,-3.925600921965703e-08
HACD6_REV_g.1274.peg.2510-MONOMER,0.0,-3.3476914546422445e-07
HACD6_FWD_g.1274.peg.2510-MONOMER,0.0,1.2374150667739507e-39
HACD7_REV_g.1274.peg.2516-MONOMER,0.0,-3.562739444079554e-07
HACD7_FWD_g.1274.peg.2516-MONOMER,0.0,-2.1504798943730945e-08
HACD7_REV_g.1274.peg.846-MONOMER,0.0,-3.8853697259825004e-07
HACD7_FWD_g.1274.peg.846-MONOMER,0.0,-5.376782713402559e-08
HACD7_REV_g.1274.peg.881-MONOMER,0.0,-3.7402515468388145e-07
HACD7_FWD_g.1274.peg.881-MONOMER,0.0,-3.925600921965703e-08
HACD7_REV_g.1274.peg.2510-MONOMER,0.0,-3.3476914546422445e-07
HACD7_FWD_g.1274.peg.2510-MONOMER,0.0,-6.941596716048992e-40
HACD9_REV_g.1274.peg.2516-MONOMER,0.0,-3.0410879646598444e-07
HACD9_FWD_g.1274.peg.2516-MONOMER,0.0,-7.366994688570188e-08
HACD9_REV_g.1274.peg.846-MONOMER,0.0,-3.363718246562791e-07
HACD9_FWD_g.1274.peg.846-MONOMER,0.0,-1.0593297507599653e-07
HACD9_REV_g.1274.peg.881-MONOMER,0.0,-3.218600067419105e-07
HACD9_FWD_g.1274.peg.881-MONOMER,0.0,-9.142115716162796e-08
HACD9_REV_g.1274.peg.2510-MONOMER,0.0,-2.826039975222535e-07
HACD9_FWD_g.1274.peg.2510-MONOMER,0.0,-5.2165147941970936e-08
HADPCOADH3_REV_g.1274.peg.2516-MONOMER,0.0,-3.562739444079554e-07
HADPCOADH3_FWD_g.1274.peg.2516-MONOMER,0.0,-2.1504798943730945e-08
HADPCOADH3_REV_g.1274.peg.846-MONOMER,0.0,-3.8853697259825004e-07
HADPCOADH3_FWD_g.1274.peg.846-MONOMER,0.0,-5.376782713402559e-08
HADPCOADH3_REV_g.1274.peg.881-MONOMER,0.0,-3.7402515468388145e-07
HADPCOADH3_FWD_g.1274.peg.881-MONOMER,0.0,-3.925600921965703e-08
HADPCOADH3_REV_g.1274.peg.2510-MONOMER,0.0,-3.3476914546422445e-07
HADPCOADH3_FWD_g.1274.peg.2510-MONOMER,0.0,-2.112659870101867e-40
HBCD_REV_CPLX_dummy,0.0,2.200734499925315e-06
HBCD_FWD_CPLX_dummy,0.0,-2.4782817561896926e-06
HBZOPT_REV_CPLX_dummy,0.0,-2.7754725626437756e-07
HBZOPT_FWD_CPLX_dummy,0.0,9.245751578670664e-40
HDG3PACT_REV_CPLX_G3PAT120-0,0.0,-4.395636144012489e-07
HDG3PACT_FWD_CPLX_G3PAT120-0,0.0,-3.872147160920512e-40
HEMEOS_REV_g.1274.peg.3952-MONOMER_mod_mg2(1),0.0,-1.8863658285594362e-07
HEMEOS_FWD_g.1274.peg.3952-MONOMER_mod_mg2(1),0.0,-7.386196823337764e-10
HEMEOS_REV_g.1274.peg.3952-MONOMER_mod_ca2(1),0.0,-1.8789796317360984e-07
HEMEOS_FWD_g.1274.peg.3952-MONOMER_mod_ca2(1),0.0,1.3951955866844594e-39
HEMEti_REV_CPLX_dummy,0.0,-2.7754725626437756e-07
HEMEti_FWD_CPLX_dummy,0.00010055273424564956,-4.111003406784636e-40
HEPK1_REV_CPLX_dummy,0.0,-2.7754725626437756e-07
HEPK1_FWD_CPLX_dummy,0.0008121829278921173,-1.9878445438388906e-38
HEPK2_REV_CPLX_dummy,0.0,-2.7754725626437756e-07
HEPK2_FWD_CPLX_dummy,0.0008121829278921173,-2.9022887544817586e-38
HEPT1_REV_CPLX_dummy,0.0,-2.7754725626437756e-07
HEPT1_FWD_CPLX_dummy,0.0008121829278921173,-2.4833296833440073e-39
HEPT2_REV_g.1274.peg.3411-MONOMER,0.0,-3.086696486366525e-07
HEPT2_FWD_g.1274.peg.3411-MONOMER,0.0008121829278921173,-8.28759898256172e-39
HEPT3_REV_CPLX_dummy,0.0,-2.7754725626437756e-07
HEPT3_FWD_CPLX_dummy,0.0008121829278921173,-1.1764094631315772e-38
HEPT4_REV_CPLX_dummy,0.0,-2.7754725626437756e-07
HEPT4_FWD_CPLX_dummy,0.0008121829278921173,-8.718843632762536e-39
HETT_REV_g.1274.peg.5294-MONOMER_mod_mg2(1),0.0,-3.4079858564605287e-07
HETT_FWD_g.1274.peg.5294-MONOMER_mod_mg2(1),0.0,3.352553756848079e-39
HETT_REV_g.1274.peg.1397-MONOMER_mod_mn2(1),0.0,-3.7622310786238744e-07
HETT_FWD_g.1274.peg.1397-MONOMER_mod_mn2(1),0.0,-3.542452221633454e-08
HETT_REV_g.1274.peg.1397-MONOMER_mod_mg2(1),0.0,-3.7774264032642616e-07
HETT_FWD_g.1274.peg.1397-MONOMER_mod_mg2(1),0.0,-3.694405468037325e-08
HEX7_REV_g.1274.peg.5560-MONOMER,0.0,-3.434600032788274e-07
HEX7_FWD_g.1274.peg.5560-MONOMER,0.0,-2.4978249133055807e-08
HEX7_REV_g.1274.peg.2418-MONOMER_mod_mg2(1),0.0,-3.184817541457716e-07
HEX7_FWD_g.1274.peg.2418-MONOMER_mod_mg2(1),0.0,-2.3395345863511503e-35
HEXSabc_REV_CPLX_BUTSO3abc-11,0.0,-3.2463235742062056e-07
HEXSabc_FWD_CPLX_BUTSO3abc-11,0.0,2.6880480820656824e-40
HEXSabc_REV_CPLX_BUTSO3abc-28,0.0,-3.582561690445011e-07
HEXSabc_FWD_CPLX_BUTSO3abc-28,0.0,-3.36238116238805e-08
HEXSabc_REV_CPLX_BUTSO3abc-24,0.0,-3.6394065884945347e-07
HEXSabc_FWD_CPLX_BUTSO3abc-24,0.0,-3.930830142883285e-08
HEXSabc_REV_CPLX_BUTSO3abc-5,0.0,-3.439681013421121e-07
HEXSabc_FWD_CPLX_BUTSO3abc-5,0.0,-1.9335743921491464e-08
HEXSabc_REV_CPLX_BUTSO3abc-13,0.0,-3.6191834547523713e-07
HEXSabc_FWD_CPLX_BUTSO3abc-13,0.0,-3.728598805461656e-08
HEXSabc_REV_CPLX_BUTSO3abc-14,0.0,-3.4605828056138985e-07
HEXSabc_FWD_CPLX_BUTSO3abc-14,0.0,-2.1425923140769254e-08
HEXSabc_REV_CPLX_BUTSO3abc-17,0.0,-3.3769195415432686e-07
HEXSabc_FWD_CPLX_BUTSO3abc-17,0.0,-1.3059596733706243e-08
HEXSabc_REV_CPLX_BUTSO3abc-29,0.0,-3.420203867626561e-07
HEXSabc_FWD_CPLX_BUTSO3abc-29,0.0,-1.7388029342035513e-08
HEXSabc_REV_CPLX_BUTSO3abc-18,0.0,-3.688803518339631e-07
HEXSabc_FWD_CPLX_BUTSO3abc-18,0.0,-4.424799441334248e-08
HEXSabc_REV_CPLX_BUTSO3abc-15,0.0,-3.5366457251121474e-07
HEXSabc_FWD_CPLX_BUTSO3abc-15,0.0,-2.903221509059414e-08
HEXSabc_REV_CPLX_BUTSO3abc-25,0.0,-3.6480017254976586e-07
HEXSabc_FWD_CPLX_BUTSO3abc-25,0.0,-4.016781512914529e-08
HEXSabc_REV_CPLX_BUTSO3abc-20,0.0,-3.546997195939901e-07
HEXSabc_FWD_CPLX_BUTSO3abc-20,0.0,-3.0067362173369516e-08
HEXSabc_REV_CPLX_BUTSO3abc-7,0.0,-3.473272977104934e-07
HEXSabc_FWD_CPLX_BUTSO3abc-7,0.0,-2.269494028987285e-08
HEXSabc_REV_CPLX_BUTSO3abc-0,0.0,-3.6638561397261205e-07
HEXSabc_FWD_CPLX_BUTSO3abc-0,0.0,-4.175325655199147e-08
HEXSabc_REV_CPLX_BUTSO3abc-21,0.0,-3.618086785156689e-07
HEXSabc_FWD_CPLX_BUTSO3abc-21,0.0,-3.717632109504833e-08
HEXSabc_REV_CPLX_BUTSO3abc-6,0.0,-3.4454292302406447e-07
HEXSabc_FWD_CPLX_BUTSO3abc-6,0.0,-1.99105656034439e-08
HEXSabc_REV_CPLX_BUTSO3abc-2,0.0,-3.519734826482273e-07
HEXSabc_FWD_CPLX_BUTSO3abc-2,0.0,-2.7341125227606696e-08
HEXSabc_REV_CPLX_BUTSO3abc-27,0.0,-3.5693147111735837e-07
HEXSabc_FWD_CPLX_BUTSO3abc-27,0.0,-3.2299113696737773e-08
HEXSabc_REV_CPLX_BUTSO3abc-4,0.0,-3.601621438723317e-07
HEXSabc_FWD_CPLX_BUTSO3abc-4,0.0,-3.552978645171112e-08
HEXSabc_REV_CPLX_BUTSO3abc-22,0.0,-3.625526983650367e-07
HEXSabc_FWD_CPLX_BUTSO3abc-22,0.0,-3.7920340944416114e-08
HEXSabc_REV_CPLX_BUTSO3abc-26,0.0,-3.4980478916489066e-07
HEXSabc_FWD_CPLX_BUTSO3abc-26,0.0,-2.51724317442701e-08
HEXSabc_REV_CPLX_BUTSO3abc-8,0.0,-3.3151816092817795e-07
HEXSabc_FWD_CPLX_BUTSO3abc-8,0.0,-6.8858035075573535e-09
HEXSabc_REV_CPLX_BUTSO3abc-23,0.0,-3.4681366838713057e-07
HEXSabc_FWD_CPLX_BUTSO3abc-23,0.0,-2.2181310966510003e-08
HEXSabc_REV_CPLX_BUTSO3abc-1,0.0,-3.6684744999464066e-07
HEXSabc_FWD_CPLX_BUTSO3abc-1,0.0,-4.221509257402007e-08
HEXSabc_REV_CPLX_BUTSO3abc-10,0.0,-3.413683482109295e-07
HEXSabc_FWD_CPLX_BUTSO3abc-10,0.0,-1.673599079030891e-08
HEXSabc_REV_CPLX_BUTSO3abc-19,0.0,-3.6915722494042473e-07
HEXSabc_FWD_CPLX_BUTSO3abc-19,0.0,-4.452486751980412e-08
HEXSabc_REV_CPLX_BUTSO3abc-9,0.0,-3.3820011590484193e-07
HEXSabc_FWD_CPLX_BUTSO3abc-9,0.0,-1.3567758484221346e-08
HEXSabc_REV_CPLX_BUTSO3abc-16,0.0,-3.5499399317162424e-07
HEXSabc_FWD_CPLX_BUTSO3abc-16,0.0,-3.036163575100365e-08
HEXSabc_REV_CPLX_BUTSO3abc-12,0.0,-3.611217852769321e-07
HEXSabc_FWD_CPLX_BUTSO3abc-12,0.0,-3.6489427856311496e-08
HEXSabc_REV_CPLX_BUTSO3abc-3,0.0,-3.5921610404268327e-07
HEXSabc_FWD_CPLX_BUTSO3abc-3,0.0,-3.458374662206269e-08
HEXTT_REV_g.1274.peg.5294-MONOMER_mod_mg2(1),0.0,-3.4079858564605287e-07
HEXTT_FWD_g.1274.peg.5294-MONOMER_mod_mg2(1),0.0,2.4293867803246946e-40
HEXTT_REV_g.1274.peg.1397-MONOMER_mod_mn2(1),0.0,-3.7622310786238744e-07
HEXTT_FWD_g.1274.peg.1397-MONOMER_mod_mn2(1),0.0,-3.542452221633454e-08
HEXTT_REV_g.1274.peg.1397-MONOMER_mod_mg2(1),0.0,-3.7774264032642616e-07
HEXTT_FWD_g.1274.peg.1397-MONOMER_mod_mg2(1),0.0,-3.694405468037325e-08
HG2abc_REV_g.1274.peg.2547-MONOMER,0.0,-4.874165404621949e-07
HG2abc_FWD_g.1274.peg.2547-MONOMER,0.0,-5.0615948506712425e-08
HG2abc_REV_g.1274.peg.4185-MONOMER,0.0,-4.610755324083622e-07
HG2abc_FWD_g.1274.peg.4185-MONOMER,0.0,-2.4274940452879732e-08
HG2abc_REV_g.1274.peg.594-MONOMER,0.0,-4.3680059195548246e-07
HG2abc_FWD_g.1274.peg.594-MONOMER,0.0,-1.5572590374509688e-40
HG2abc_REV_g.1274.peg.3914-MONOMER,0.0,-4.547892069960977e-07
HG2abc_FWD_g.1274.peg.3914-MONOMER,0.0,-1.7988615040615236e-08
HHDDI_REV_g.1274.peg.538-MONOMER,0.0,-4.1924346983518076e-08
HHDDI_FWD_g.1274.peg.538-MONOMER,0.0,-2.6150396391155635e-07
HHDDI_REV_g.1274.peg.660-MONOMER,-6.1020648985014585e-27,-1.7740694952148364e-41
HHDDI_FWD_g.1274.peg.660-MONOMER,0.0,-2.1957961692803828e-07
HIBD_REV_g.1274.peg.846-MONOMER,0.0,-3.8853697259825004e-07
HIBD_FWD_g.1274.peg.846-MONOMER,0.0,-5.376782713402559e-08
HIBD_REV_g.1274.peg.3155-MONOMER,0.0,-4.154985685270279e-07
HIBD_FWD_g.1274.peg.3155-MONOMER,0.0,-8.072942306280348e-08
HIBD_REV_g.1274.peg.1491-MONOMER,0.0,-4.1098896287846586e-07
HIBD_FWD_g.1274.peg.1491-MONOMER,0.0,-7.621981741424141e-08
HIBD_REV_g.1274.peg.2510-MONOMER,0.0,-3.3476914546422445e-07
HIBD_FWD_g.1274.peg.2510-MONOMER,0.0,-2.112659870101867e-40
HIBD_REV_g.1274.peg.2516-MONOMER,0.0,-3.562739444079554e-07
HIBD_FWD_g.1274.peg.2516-MONOMER,0.0,-2.1504798943730945e-08
HIBD_REV_g.1274.peg.881-MONOMER,0.0,-3.7402515468388145e-07
HIBD_FWD_g.1274.peg.881-MONOMER,0.0,-3.925600921965703e-08
HIBDkt_REV_CPLX_dummy,0.0,5.13232261562555e-07
HIBDkt_FWD_CPLX_dummy,0.0,-7.907795178269325e-07
HISD_REV_g.1274.peg.45-MONOMER,0.0,2.5971933594644197e-07
HISD_FWD_g.1274.peg.45-MONOMER,0.0,-7.373329437350237e-07
HISDC_REV_g.1274.peg.1527-MONOMER_mod_mg2(1),0.0,-4.1498023535090757e-07
HISDC_FWD_g.1274.peg.1527-MONOMER_mod_mg2(1),0.0,3.3988340520937753e-41
HISTAt2_REV_CPLX_dummy,0.0,-2.7754725626437756e-07
HISTAt2_FWD_CPLX_dummy,0.0,0.0
HISTD_REV_398578.3.peg.5532-MONOMER,0.0,-1.9380819984335112e-07
HISTD_FWD_398578.3.peg.5532-MONOMER,0.0,-1.0155284879748028e-39
HISTD_REV_398578.3.peg.5506-MONOMER,0.0,-2.823562599873612e-07
HISTD_FWD_398578.3.peg.5506-MONOMER,0.0,-8.854806014401007e-08
HISTDOX_REV_g.1274.peg.5723-MONOMER_mod_mn2(1),0.0,-4.4959823015209137e-07
HISTDOX_FWD_g.1274.peg.5723-MONOMER_mod_mn2(1),0.0,-3.5328339826848833e-40
HISTLOX_REV_g.1274.peg.5723-MONOMER_mod_mn2(1),0.0,-9.690409992167556e-08
HISTLOX_FWD_g.1274.peg.5723-MONOMER_mod_mn2(1),0.0,-3.5269413023041585e-07
HISTP_REV_398578.3.peg.1287-MONOMER,0.0,-3.2924902337247174e-07
HISTP_FWD_398578.3.peg.1287-MONOMER,0.0,5.330750243322465e-41
HISabc_REV_g.1274.peg.68-MONOMER,0.0,5.42558041606272e-07
HISabc_FWD_g.1274.peg.68-MONOMER,0.0,-7.338356833876214e-07
HISt2r_REV_CPLX_dummy,0.0,-2.7754725626437756e-07
HISt2r_FWD_CPLX_dummy,0.005052541259381443,5.878327530754669e-41
HKYNH_REV_g.1274.peg.1460-MONOMER,0.0,-2.9649862593778954e-07
HKYNH_FWD_g.1274.peg.1460-MONOMER,0.0,-4.280808595733792e-40
HKt_REV_g.1274.peg.5215-MONOMER,0.0,3.931020448280686e-07
HKt_FWD_g.1274.peg.5215-MONOMER,0.0,-8.650083197952218e-07
HKt_REV_g.1274.peg.5007-MONOMER,0.0,4.148141906749131e-07
HKt_FWD_g.1274.peg.5007-MONOMER,0.0,-8.432961739483774e-07
HKt_REV_g.1274.peg.5333-MONOMER,0.0,4.2827207816144853e-07
HKt_FWD_g.1274.peg.5333-MONOMER,0.0,-8.298382864618419e-07
HMBS_REV_g.1274.peg.1418-MONOMER_mod_dpm(1),0.0,-2.9974985742495323e-07
HMBS_FWD_g.1274.peg.1418-MONOMER_mod_dpm(1),0.0,-2.6762265365407786e-39
HMGCOARxi_REV_g.1274.peg.2763-MONOMER,0.0,2.746351903726601e-06
HMGCOARxi_FWD_g.1274.peg.2763-MONOMER,0.0,-3.162662552246263e-06
HMGL_REV_g.1274.peg.2859-MONOMER,0.0,1.6562608553007313e-07
HMGL_FWD_g.1274.peg.2859-MONOMER,0.0,-6.002033746445629e-07
HMGL_REV_g.1274.peg.2933-MONOMER,0.0,2.0674699188187386e-07
HMGL_FWD_g.1274.peg.2933-MONOMER,0.0,-5.590824682927621e-07
HMGL_REV_g.1274.peg.2614-MONOMER,0.0,2.1456014173843106e-07
HMGL_FWD_g.1274.peg.2614-MONOMER,0.0,-5.512693184362049e-07
HMGL_REV_g.1274.peg.2734-MONOMER,0.0,2.2939323610205474e-07
HMGL_FWD_g.1274.peg.2734-MONOMER,0.0,-5.364362240725813e-07
HMGL_REV_g.1274.peg.2154-MONOMER,0.0,1.933299560224059e-07
HMGL_FWD_g.1274.peg.2154-MONOMER,0.0,-5.724995041522301e-07
HMGL_REV_g.1274.peg.5258-MONOMER,0.0,2.0712450156711496e-07
HMGL_FWD_g.1274.peg.5258-MONOMER,0.0,-5.587049586075211e-07
HMPK1_REV_398578.3.peg.1567-MONOMER,0.0,-3.376848714924898e-07
HMPK1_FWD_398578.3.peg.1567-MONOMER,-5.997768866642629e-23,-6.5059628639636795e-40
HMPK1_REV_398578.3.peg.3285-MONOMER,0.0,-5.095959035790258e-07
HMPK1_FWD_398578.3.peg.3285-MONOMER,0.0,-1.7191103208653603e-07
HPACt2r_REV_CPLX_dummy,0.26602612579376234,-3.8658731955628715e-41
HPACt2r_FWD_CPLX_dummy,0.0,-2.7754725626437756e-07
HPPK_REV_g.1274.peg.1598-MONOMER_mod_mg2(1),0.0,4.837300967900445e-07
HPPK_FWD_g.1274.peg.1598-MONOMER_mod_mg2(1),0.0,-7.772883691864682e-07
HPPK2_REV_398578.3.peg.2182-MONOMER,0.0,5.123547039630551e-07
HPPK2_FWD_398578.3.peg.2182-MONOMER,0.0,-7.975447962938361e-07
HPYRI_REV_g.1274.peg.2589-MONOMER,6.432687972557744e-23,-4.846691642943682e-41
HPYRI_FWD_g.1274.peg.2589-MONOMER,0.0,-1.9563543265417765e-07
HPYRI_REV_g.1274.peg.1306-MONOMER,0.0,-3.965551758624062e-08
HPYRI_FWD_g.1274.peg.1306-MONOMER,0.0,-2.3529095024041827e-07
HSDx_REV_398578.3.peg.5201-MONOMER,0.0,-3.6810702894203646e-09
HSDx_FWD_398578.3.peg.5201-MONOMER,0.0,-4.879346461804141e-07
HSDy_REV_398578.3.peg.5201-MONOMER,0.0,-3.726996823248984e-40
HSDy_FWD_398578.3.peg.5201-MONOMER,0.0,-4.916157164698345e-07
HSERTA_REV_398578.3.peg.6025-MONOMER,0.0,-7.068438857275522e-41
HSERTA_FWD_398578.3.peg.6025-MONOMER,0.0,-2.2863176307482056e-07
HSK_REV_398578.3.peg.5309-MONOMER,0.0,-1.5619195184932754e-07
HSK_FWD_398578.3.peg.5309-MONOMER,0.0,8.221726932523706e-42
HSNOOX_REV_g.1274.peg.469-MONOMER,0.0,-9.016454037412602e-40
HSNOOX_FWD_g.1274.peg.469-MONOMER,0.0,-2.1549986652892285e-07
HSNOOX_REV_g.1274.peg.2512-MONOMER,0.0,-3.795900485930339e-08
HSNOOX_FWD_g.1274.peg.2512-MONOMER,0.0,-2.5345887138822625e-07
HSNOOX_REV_g.1274.peg.3711-MONOMER,0.0,-2.3988924124643065e-08
HSNOOX_FWD_g.1274.peg.3711-MONOMER,0.0,-2.394887906535659e-07
HSTPTr_REV_398578.3.peg.153-MONOMER,0.0,-7.250674893556392e-09
HSTPTr_FWD_398578.3.peg.153-MONOMER,0.0,-3.353450051292288e-07
HSTPTr_REV_398578.3.peg.5503-MONOMER_mod_pydx5p(1),0.0,-4.487412807253732e-41
HSTPTr_FWD_398578.3.peg.5503-MONOMER_mod_pydx5p(1),0.0,-3.280943302356724e-07
HXAND_REV_g.1274.peg.5679-MONOMER,0.0,5.026209312057265e-08
HXAND_FWD_g.1274.peg.5679-MONOMER,0.0,-4.2970751348595586e-07
HXAND_REV_g.1274.peg.3558-MONOMER,0.0,4.850064156638419e-08
HXAND_FWD_g.1274.peg.3558-MONOMER,0.0,-4.314689650401443e-07
HXAND_REV_g.1274.peg.5619-MONOMER,0.0,3.995575236170163e-08
HXAND_FWD_g.1274.peg.5619-MONOMER,0.0,-4.4001385424482686e-07
HXPRT_REV_CPLX_dummy,0.0,3.481512288983705e-07
HXPRT_FWD_CPLX_dummy,0.0,-6.256984851627481e-07
HYD1_REV_g.1274.peg.1456-MONOMER,0.0,-2.864649452829482e-07
HYD1_FWD_g.1274.peg.1456-MONOMER,0.0,7.63146054918025e-41
HYPSUCORNS_REV_CPLX_dummy,0.0,-2.7754725626437756e-07
HYPSUCORNS_FWD_CPLX_dummy,0.0,0.0
HYXNti_REV_g.1274.peg.5774-MONOMER,0.0,-4.1296999905376306e-07
HYXNti_FWD_g.1274.peg.5774-MONOMER,-3.238530929211942e-23,0.0
IAHDGK_REV_g.1274.peg.4856-MONOMER,0.0,-1.481441680778226e-07
IAHDGK_FWD_g.1274.peg.4856-MONOMER,0.0,-6.531653410685367e-08
IAHDGK_REV_g.1274.peg.844-MONOMER,0.0,-8.282763397096891e-08
IAHDGK_FWD_g.1274.peg.844-MONOMER,0.0,-1.793989043718035e-39
IAHDGK_REV_g.1274.peg.1204-MONOMER_mod_cd2(1)_mod_zn2(1)_mod_mg2(1)_mod_mn2(1)_mod_cobalt2(1),0.0,-1.1377638179111512e-07
IAHDGK_FWD_g.1274.peg.1204-MONOMER_mod_cd2(1)_mod_zn2(1)_mod_mg2(1)_mod_mn2(1)_mod_cobalt2(1),0.0,-3.09487478201462e-08
IAPDGK_REV_g.1274.peg.4856-MONOMER,0.0,-1.481441680778226e-07
IAPDGK_FWD_g.1274.peg.4856-MONOMER,0.0,-6.531653410685367e-08
IAPDGK_REV_g.1274.peg.844-MONOMER,0.0,-8.282763397096891e-08
IAPDGK_FWD_g.1274.peg.844-MONOMER,0.0,4.8522284308998964e-40
IAPDGK_REV_g.1274.peg.1204-MONOMER_mod_cd2(1)_mod_zn2(1)_mod_mg2(1)_mod_mn2(1)_mod_cobalt2(1),0.0,-1.1377638179111512e-07
IAPDGK_FWD_g.1274.peg.1204-MONOMER_mod_cd2(1)_mod_zn2(1)_mod_mg2(1)_mod_mn2(1)_mod_cobalt2(1),0.0,-3.09487478201462e-08
IBCOAMPO_REV_g.1274.peg.3517-MONOMER,0.0,-2.5624104921793567e-07
IBCOAMPO_FWD_g.1274.peg.3517-MONOMER,0.0,-6.372048555757797e-08
IBCOAMPO_REV_g.1274.peg.1026-MONOMER,0.0,-1.9252056366035772e-07
IBCOAMPO_FWD_g.1274.peg.1026-MONOMER,0.0,-4.130700799828271e-39
IBCOATA_REV_g.1274.peg.4628-MONOMER,0.0,-5.152274887104923e-07
IBCOATA_FWD_g.1274.peg.4628-MONOMER,0.0,-1.3646277323398114e-07
IBCOATA_REV_g.1274.peg.514-MONOMER,0.0,-3.787647154765112e-07
IBCOATA_FWD_g.1274.peg.514-MONOMER,0.0,6.861244759706071e-36
IBCOATA_REV_g.1274.peg.4953-MONOMER,0.0,-4.3224504391468503e-07
IBCOATA_FWD_g.1274.peg.4953-MONOMER,0.0,-5.3480328438173874e-08
ICDHy_REV_398578.3.peg.3646-MONOMER_mod_mn2(1),0.0,1.312084444262251e-07
ICDHy_FWD_398578.3.peg.3646-MONOMER_mod_mn2(1),0.0,-4.494456582009699e-07
ICDHy_REV_398578.3.peg.3646-MONOMER_mod_mg2(1),0.0,1.3052549540092005e-07
ICDHy_FWD_398578.3.peg.3646-MONOMER_mod_mg2(1),0.0,-4.50128607226275e-07
ICDHy_REV_398578.3.peg.3630-MONOMER,0.0,1.452092249160139e-07
ICDHy_FWD_398578.3.peg.3630-MONOMER,0.0,-4.354448777111811e-07
ICHORT_REV_g.1274.peg.3494-MONOMER,0.0,-1.8715059676825914e-07
ICHORT_FWD_g.1274.peg.3494-MONOMER,0.0,3.378619156537283e-41
ICHORT_REV_g.1274.peg.3768-MONOMER,0.0,-2.576602885349589e-07
ICHORT_FWD_g.1274.peg.3768-MONOMER,0.0,-7.050969176669975e-08
ICHORT_REV_g.1274.peg.3577-MONOMER,0.0,-2.5584554712344653e-07
ICHORT_FWD_g.1274.peg.3577-MONOMER,0.0,-6.869495035518738e-08
ICL_REV_398578.3.peg.4599-MONOMER,0.0,8.84833353911466e-07
ICL_FWD_398578.3.peg.4599-MONOMER,0.0,-1.162682940497622e-06
IG3PS_REV_398578.3.peg.5501-MONOMER,0.0,2.3078087936997125e-06
IG3PS_FWD_398578.3.peg.5501-MONOMER,0.0,-2.52234407610696e-06
IGPDH_REV_398578.3.peg.5502-MONOMER,0.0,-2.0816075175918806e-07
IGPDH_FWD_398578.3.peg.5502-MONOMER,0.0,-3.70556819425095e-41
IGPS_REV_398578.3.peg.769-MONOMER,0.0,-2.4243576387616053e-07
IGPS_FWD_398578.3.peg.769-MONOMER,0.0,3.2169078071641825e-40
IHDCOATA_REV_g.1274.peg.4628-MONOMER,0.0,-1.3646277323398114e-07
IHDCOATA_FWD_g.1274.peg.4628-MONOMER,0.0,-5.152274887104923e-07
IHDCOATA_REV_g.1274.peg.514-MONOMER,0.0,2.3308170993623323e-36
IHDCOATA_FWD_g.1274.peg.514-MONOMER,0.0,-3.787647154765112e-07
IHDCOATA_REV_g.1274.peg.4953-MONOMER,0.0,-5.3480328438173874e-08
IHDCOATA_FWD_g.1274.peg.4953-MONOMER,0.0,-4.3224504391468503e-07
IHDGK_REV_g.1274.peg.4856-MONOMER,0.0,-1.481441680778226e-07
IHDGK_FWD_g.1274.peg.4856-MONOMER,0.0,-6.531653410685367e-08
IHDGK_REV_g.1274.peg.844-MONOMER,0.0,-8.282763397096891e-08
IHDGK_FWD_g.1274.peg.844-MONOMER,0.0,-1.793989043718035e-39
IHDGK_REV_g.1274.peg.1204-MONOMER_mod_cd2(1)_mod_zn2(1)_mod_mg2(1)_mod_mn2(1)_mod_cobalt2(1),0.0,-1.1377638179111512e-07
IHDGK_FWD_g.1274.peg.1204-MONOMER_mod_cd2(1)_mod_zn2(1)_mod_mg2(1)_mod_mn2(1)_mod_cobalt2(1),0.0,-3.09487478201462e-08
IHPDCOATA_REV_g.1274.peg.4628-MONOMER,0.0,-5.152274887104923e-07
IHPDCOATA_FWD_g.1274.peg.4628-MONOMER,0.0,-1.3646277323398114e-07
IHPDCOATA_REV_g.1274.peg.514-MONOMER,0.0,-3.787647154765112e-07
IHPDCOATA_FWD_g.1274.peg.514-MONOMER,0.0027661825008820965,-5.125903132710176e-37
IHPDCOATA_REV_g.1274.peg.4953-MONOMER,0.0,-4.3224504391468503e-07
IHPDCOATA_FWD_g.1274.peg.4953-MONOMER,0.0,-5.3480328438173874e-08
IHXDGK_REV_g.1274.peg.4856-MONOMER,0.0,-1.481441680778226e-07
IHXDGK_FWD_g.1274.peg.4856-MONOMER,0.0,-6.531653410685367e-08
IHXDGK_REV_g.1274.peg.844-MONOMER,0.0,-8.282763397096891e-08
IHXDGK_FWD_g.1274.peg.844-MONOMER,0.0,-8.458012861201654e-41
IHXDGK_REV_g.1274.peg.1204-MONOMER_mod_cd2(1)_mod_zn2(1)_mod_mg2(1)_mod_mn2(1)_mod_cobalt2(1),0.0,-1.1377638179111512e-07
IHXDGK_FWD_g.1274.peg.1204-MONOMER_mod_cd2(1)_mod_zn2(1)_mod_mg2(1)_mod_mn2(1)_mod_cobalt2(1),0.0,-3.09487478201462e-08
ILETA_REV_398578.3.peg.315-MONOMER,0.0,-1.9151006949408807e-07
ILETA_FWD_398578.3.peg.315-MONOMER,0.0027661825008820965,5.420542403075184e-41
ILETA_REV_398578.3.peg.592-MONOMER,0.0,-2.3550009794070224e-07
ILETA_FWD_398578.3.peg.592-MONOMER,0.0,-4.3990028446614177e-08
ILEabc_REV_g.1274.peg.5410-MONOMER,0.0,3.663627073402557e-07
ILEabc_FWD_g.1274.peg.5410-MONOMER,0.0,-6.776709697675453e-07
ILEabc_REV_g.1274.peg.4292-MONOMER,0.0,3.329809316931841e-07
ILEabc_FWD_g.1274.peg.4292-MONOMER,0.0,-7.11052745414617e-07
ILEabc_REV_g.1274.peg.4431-MONOMER,0.0,3.748934761403411e-07
ILEabc_FWD_g.1274.peg.4431-MONOMER,0.0,-6.6914020096746e-07
ILEabc_REV_g.1274.peg.2915-MONOMER,0.0,3.3565227473351916e-07
ILEabc_FWD_g.1274.peg.2915-MONOMER,0.0,-7.083814023742819e-07
ILEabc_REV_g.1274.peg.4986-MONOMER,0.0,3.400862891655077e-07
ILEabc_FWD_g.1274.peg.4986-MONOMER,0.0,-7.039473879422933e-07
ILEabc_REV_g.1274.peg.4255-MONOMER,0.0,4.3050798998166335e-07
ILEabc_FWD_g.1274.peg.4255-MONOMER,0.0,-6.135256871261378e-07
ILEabc_REV_g.1274.peg.3216-MONOMER,0.0,4.3444493263399184e-07
ILEabc_FWD_g.1274.peg.3216-MONOMER,0.0,-6.095887444738093e-07
ILEabc_REV_g.1274.peg.676-MONOMER,0.0,3.6657447975826546e-07
ILEabc_FWD_g.1274.peg.676-MONOMER,0.0,-6.774591973495356e-07
ILEabc_REV_g.1274.peg.1792-MONOMER,0.0,4.029092476482057e-07
ILEabc_FWD_g.1274.peg.1792-MONOMER,0.0,-6.411244294595954e-07
ILEabc_REV_g.1274.peg.2875-MONOMER,0.0,3.8592272161407133e-07
ILEabc_FWD_g.1274.peg.2875-MONOMER,0.0,-6.581109554937297e-07
ILEabc_REV_g.1274.peg.2041-MONOMER,0.0,3.864154340193133e-07
ILEabc_FWD_g.1274.peg.2041-MONOMER,0.0,-6.576182430884877e-07
ILEabc_REV_g.1274.peg.1973-MONOMER,0.0,3.854374894452832e-07
ILEabc_FWD_g.1274.peg.1973-MONOMER,0.0,-6.585961876625178e-07
ILEabc_REV_g.1274.peg.2016-MONOMER,0.0,3.95079920421884e-07
ILEabc_FWD_g.1274.peg.2016-MONOMER,0.0,-6.48953756685917e-07
ILEabc_REV_g.1274.peg.573-MONOMER,0.0,3.5519986260880285e-07
ILEabc_FWD_g.1274.peg.573-MONOMER,0.0,-6.888338144989981e-07
ILEabc_REV_g.1274.peg.4891-MONOMER,0.0,4.094588820369952e-07
ILEabc_FWD_g.1274.peg.4891-MONOMER,0.0,-6.345747950708058e-07
ILEabc_REV_g.1274.peg.2902-MONOMER,0.0,4.3514330091413476e-07
ILEabc_FWD_g.1274.peg.2902-MONOMER,0.0,-6.088903761936663e-07
ILEabc_REV_g.1274.peg.2269-MONOMER,0.0,3.207982939218899e-07
ILEabc_FWD_g.1274.peg.2269-MONOMER,0.0,-7.232353831859112e-07
ILEabc_REV_g.1274.peg.460-MONOMER,0.0,4.1087529586107433e-07
ILEabc_FWD_g.1274.peg.460-MONOMER,0.0,-6.331583812467268e-07
ILEabc_REV_g.1274.peg.1118-MONOMER,0.0,4.0147143259244133e-07
ILEabc_FWD_g.1274.peg.1118-MONOMER,0.0,-6.425622445153598e-07
ILEabc_REV_g.1274.peg.1345-MONOMER,0.0,3.289545423790158e-07
ILEabc_FWD_g.1274.peg.1345-MONOMER,0.0,-7.150791347287852e-07
ILEabc_REV_g.1274.peg.5651-MONOMER,0.0,3.439515636165432e-07
ILEabc_FWD_g.1274.peg.5651-MONOMER,0.0,-7.000821134912578e-07
ILEabc_REV_g.1274.peg.1016-MONOMER,0.0,3.615827083239755e-07
ILEabc_FWD_g.1274.peg.1016-MONOMER,0.0,-6.824509687838255e-07
ILEabc_REV_g.1274.peg.3982-MONOMER,0.0,3.9613954529981905e-07
ILEabc_FWD_g.1274.peg.3982-MONOMER,0.0,-6.47894131807982e-07
ILEabc_REV_g.1274.peg.2861-MONOMER,0.0,3.948350092276045e-07
ILEabc_FWD_g.1274.peg.2861-MONOMER,0.0,-6.491986678801965e-07
ILEabc_REV_g.1274.peg.1246-MONOMER,0.0,3.794068887981791e-07
ILEabc_FWD_g.1274.peg.1246-MONOMER,0.0,-6.646267883096219e-07
ILEabc_REV_g.1274.peg.4737-MONOMER,0.0,4.125825306151894e-07
ILEabc_FWD_g.1274.peg.4737-MONOMER,0.0,-6.314511464926116e-07
ILEabc_REV_g.1274.peg.2225-MONOMER,0.0,3.7998261060864027e-07
ILEabc_FWD_g.1274.peg.2225-MONOMER,0.0,-6.640510664991608e-07
ILEabc_REV_g.1274.peg.4021-MONOMER,0.0,3.9028127989851344e-07
ILEabc_FWD_g.1274.peg.4021-MONOMER,0.0,-6.537523972092877e-07
ILEabc_REV_g.1274.peg.5736-MONOMER,0.0,3.940547511823355e-07
ILEabc_FWD_g.1274.peg.5736-MONOMER,0.0,-6.499789259254656e-07
ILEabc_REV_g.1274.peg.3783-MONOMER,0.0,3.1681739172700384e-07
ILEabc_FWD_g.1274.peg.3783-MONOMER,0.0,-7.272162853807972e-07
ILEabc_REV_g.1274.peg.70-MONOMER,0.0,4.371645289869549e-07
ILEabc_FWD_g.1274.peg.70-MONOMER,0.0,-6.068691481208462e-07
ILEabc_REV_g.1274.peg.705-MONOMER,0.0,3.748844170726326e-07
ILEabc_FWD_g.1274.peg.705-MONOMER,0.0,-6.691492600351684e-07
ILEabc_REV_g.1274.peg.3708-MONOMER,0.0,3.2414582473931454e-07
ILEabc_FWD_g.1274.peg.3708-MONOMER,0.0,-7.198878523684865e-07
ILEabc_REV_g.1274.peg.3788-MONOMER,0.0,3.709272948867387e-07
ILEabc_FWD_g.1274.peg.3788-MONOMER,0.0,-6.731063822210624e-07
ILEabc_REV_g.1274.peg.1601-MONOMER,0.0,3.514001266254202e-07
ILEabc_FWD_g.1274.peg.1601-MONOMER,0.0,-6.926335504823809e-07
ILEabc_REV_g.1274.peg.2325-MONOMER,0.0,3.8415046304834106e-07
ILEabc_FWD_g.1274.peg.2325-MONOMER,0.0,-6.598832140594599e-07
ILEabc_REV_g.1274.peg.5911-MONOMER,0.0,3.9327091078658316e-07
ILEabc_FWD_g.1274.peg.5911-MONOMER,0.0,-6.507627663212179e-07
ILEabc_REV_g.1274.peg.4827-MONOMER,0.0,3.1576536625240947e-07
ILEabc_FWD_g.1274.peg.4827-MONOMER,0.0,-7.282683108553916e-07
ILEabc_REV_g.1274.peg.3334-MONOMER,0.0,3.6404275517644285e-07
ILEabc_FWD_g.1274.peg.3334-MONOMER,0.0,-6.799909219313582e-07
ILEabc_REV_g.1274.peg.5044-MONOMER,0.0,3.5548629888055526e-07
ILEabc_FWD_g.1274.peg.5044-MONOMER,0.0,-6.885473782272458e-07
ILEabc_REV_g.1274.peg.2432-MONOMER,0.0,3.599993265040611e-07
ILEabc_FWD_g.1274.peg.2432-MONOMER,0.0,-6.8403435060374e-07
ILEabc_REV_g.1274.peg.3060-MONOMER,0.0,4.12891594206108e-07
ILEabc_FWD_g.1274.peg.3060-MONOMER,0.0,-6.31142082901693e-07
ILEabc_REV_g.1274.peg.4625-MONOMER,0.0,3.903839999688855e-07
ILEabc_FWD_g.1274.peg.4625-MONOMER,0.0,-6.536496771389156e-07
ILEabc_REV_g.1274.peg.1849-MONOMER,0.0,3.6605490665882215e-07
ILEabc_FWD_g.1274.peg.1849-MONOMER,0.0,-6.779787704489789e-07
ILEabc_REV_g.1274.peg.3896-MONOMER,0.0,3.401336408354681e-07
ILEabc_FWD_g.1274.peg.3896-MONOMER,0.0,-7.03900036272333e-07
ILEabc_REV_g.1274.peg.1123-MONOMER,0.0,3.471192602630475e-07
ILEabc_FWD_g.1274.peg.1123-MONOMER,0.0,-6.969144168447536e-07
ILEabc_REV_g.1274.peg.2764-MONOMER,0.0,3.380773861079633e-07
ILEabc_FWD_g.1274.peg.2764-MONOMER,0.0,-7.059562909998377e-07
ILEabc_REV_g.1274.peg.4740-MONOMER,0.0,3.8243668640738973e-07
ILEabc_FWD_g.1274.peg.4740-MONOMER,0.0,-6.615969907004113e-07
ILEabc_REV_g.1274.peg.4853-MONOMER,0.0,3.6020587799606357e-07
ILEabc_FWD_g.1274.peg.4853-MONOMER,0.0,-6.838277991117375e-07
ILEabc_REV_g.1274.peg.4020-MONOMER,0.0,3.815327356586313e-07
ILEabc_FWD_g.1274.peg.4020-MONOMER,0.0,-6.625009414491697e-07
ILEabc_REV_g.1274.peg.1536-MONOMER,0.0,3.455458510507766e-07
ILEabc_FWD_g.1274.peg.1536-MONOMER,0.0,-6.984878260570244e-07
ILEabc_REV_g.1274.peg.2126-MONOMER,0.0,3.662617148732163e-07
ILEabc_FWD_g.1274.peg.2126-MONOMER,0.0,-6.777719622345848e-07
ILEabc_REV_g.1274.peg.2598-MONOMER,0.0,3.9334847090129517e-07
ILEabc_FWD_g.1274.peg.2598-MONOMER,0.0,-6.506852062065059e-07
ILEt2r_REV_g.1274.peg.4507-MONOMER,0.0,-5.099073041504699e-07
ILEt2r_FWD_g.1274.peg.4507-MONOMER,0.01183147308038829,2.4934606580140864e-41
IMACTD_REV_g.1274.peg.2851-MONOMER,0.0,-3.812557085028723e-07
IMACTD_FWD_g.1274.peg.2851-MONOMER,0.0,-3.882056195571194e-08
IMACTD_REV_g.1274.peg.5917-MONOMER_mod_mg2(1),0.0,-4.1549263642893373e-07
IMACTD_FWD_g.1274.peg.5917-MONOMER_mod_mg2(1),0.0,-7.30574898817734e-08
IMACTD_REV_g.1274.peg.2033-MONOMER,0.0,-3.9322949006111706e-07
IMACTD_FWD_g.1274.peg.2033-MONOMER,0.0,-5.079434351395671e-08
IMACTD_REV_g.1274.peg.6055-MONOMER,0.0,-3.4243514654716037e-07
IMACTD_FWD_g.1274.peg.6055-MONOMER,0.0,-1.9143868733432195e-40
IMACTD_REV_g.1274.peg.4977-MONOMER,0.0,-3.5900788841511316e-07
IMACTD_FWD_g.1274.peg.4977-MONOMER,0.0,-1.6572741867952797e-08
IMPC_REV_398578.3.peg.1561-MONOMER,0.0,2.2869409215473428e-40
IMPC_FWD_398578.3.peg.1561-MONOMER,0.0,-3.9004019298272495e-07
IMPD_REV_398578.3.peg.2999-MONOMER,0.0,-5.919039943616669e-07
IMPD_FWD_398578.3.peg.2999-MONOMER,7.524361428676386e-23,-1.091683704730803e-40
IND3ACt2r_REV_CPLX_dummy,0.0,-3.8658731955628715e-41
IND3ACt2r_FWD_CPLX_dummy,0.0,-2.7754725626437756e-07
INDOLEt2r_REV_CPLX_dummy,0.0,-2.7754725626437756e-07
INDOLEt2r_FWD_CPLX_dummy,0.0,7.731746391125743e-41
INHINDH_REV_g.1274.peg.2541-MONOMER,0.0,-1.9256142106226454e-07
INHINDH_FWD_g.1274.peg.2541-MONOMER,0.0,5.787337471775647e-41
INS2D_REV_g.1274.peg.2424-MONOMER,0.0,1.3768415828590548e-06
INS2D_FWD_g.1274.peg.2424-MONOMER,0.0,-1.6703636040767554e-06
INS2D_REV_g.1274.peg.2305-MONOMER,0.0,1.3974713830154944e-06
INS2D_FWD_g.1274.peg.2305-MONOMER,0.0,-1.6497338039203159e-06
INSt_REV_CPLX_dummy,0.0,1.9329365977814357e-41
INSt_FWD_CPLX_dummy,0.0,-2.7754725626437756e-07
IOR3_REV_CPLX_dummy,0.0,-2.7754725626437756e-07
IOR3_FWD_CPLX_dummy,0.26602612579376234,4.4335133229500485e-40
IPDCOATA_REV_g.1274.peg.4628-MONOMER,0.0,-5.152274887104923e-07
IPDCOATA_FWD_g.1274.peg.4628-MONOMER,0.0,-1.3646277323398114e-07
IPDCOATA_REV_g.1274.peg.514-MONOMER,0.0,-3.787647154765112e-07
IPDCOATA_FWD_g.1274.peg.514-MONOMER,0.0,-5.125903132710176e-37
IPDCOATA_REV_g.1274.peg.4953-MONOMER,0.0,-4.3224504391468503e-07
IPDCOATA_FWD_g.1274.peg.4953-MONOMER,0.0,-5.3480328438173874e-08
IPDGK_REV_g.1274.peg.4856-MONOMER,0.0,-1.481441680778226e-07
IPDGK_FWD_g.1274.peg.4856-MONOMER,0.0,-6.531653410685367e-08
IPDGK_REV_g.1274.peg.844-MONOMER,0.0,-8.282763397096891e-08
IPDGK_FWD_g.1274.peg.844-MONOMER,0.0,4.8522284308998964e-40
IPDGK_REV_g.1274.peg.1204-MONOMER_mod_cd2(1)_mod_zn2(1)_mod_mg2(1)_mod_mn2(1)_mod_cobalt2(1),0.0,-1.1377638179111512e-07
IPDGK_FWD_g.1274.peg.1204-MONOMER_mod_cd2(1)_mod_zn2(1)_mod_mg2(1)_mod_mn2(1)_mod_cobalt2(1),0.0,-3.09487478201462e-08
IPDPS_REV_g.1274.peg.1701-MONOMER_mod_nadph(1)_mod_nadh(1)_mod_fad(1)_mod_cobalt2(1),0.0,-2.3456474184429417e-07
IPDPS_FWD_g.1274.peg.1701-MONOMER_mod_nadph(1)_mod_nadh(1)_mod_fad(1)_mod_cobalt2(1),0.0,-3.6810702894203646e-09
IPDPS2_REV_g.1274.peg.1701-MONOMER_mod_nadph(1)_mod_nadh(1)_mod_fad(1)_mod_cobalt2(1),0.0,-2.3824581213371453e-07
IPDPS2_FWD_g.1274.peg.1701-MONOMER_mod_nadph(1)_mod_nadh(1)_mod_fad(1)_mod_cobalt2(1),0.008121829278921173,-9.828164762252945e-40
IPMDr_REV_398578.3.peg.5220-MONOMER_mod_mg2(1)_mod_mn2(1),0.0,1.1067135517357095e-39
IPMDr_FWD_398578.3.peg.5220-MONOMER_mod_mg2(1)_mod_mn2(1),0.0,-3.8907202398367843e-07
IPPMIa_REV_398578.3.peg.5219-MONOMER,0.0,-1.2452756824883073e-07
IPPMIa_FWD_398578.3.peg.5219-MONOMER,0.0,-5.647649240785875e-41
IPPMIa_REV_398578.3.peg.5217-MONOMER,0.0,-2.4672623660168164e-07
IPPMIa_FWD_398578.3.peg.5217-MONOMER,0.0,-1.2219866835285093e-07
IPPMIb_REV_CPLX_IPPMIb-0,0.0,-2.1280281541855812e-07
IPPMIb_FWD_CPLX_IPPMIb-0,0.0,-1.0313032035100547e-07
IPPMIb_REV_g.1274.peg.4482-MONOMER,0.0,-1.0967249506755266e-07
IPPMIb_FWD_g.1274.peg.4482-MONOMER,0.0,-6.638822416794035e-41
IPPMIb_REV_g.1274.peg.4013-MONOMER,0.0,-2.3484851563098542e-07
IPPMIb_FWD_g.1274.peg.4013-MONOMER,0.0,-1.2517602056343277e-07
ISETACabc_REV_CPLX_BUTSO3abc-11,0.0,-3.2463235742062056e-07
ISETACabc_FWD_CPLX_BUTSO3abc-11,0.0,2.6880480820656824e-40
ISETACabc_REV_CPLX_BUTSO3abc-28,0.0,-3.582561690445011e-07
ISETACabc_FWD_CPLX_BUTSO3abc-28,0.0,-3.36238116238805e-08
ISETACabc_REV_CPLX_BUTSO3abc-24,0.0,-3.6394065884945347e-07
ISETACabc_FWD_CPLX_BUTSO3abc-24,0.0,-3.930830142883285e-08
ISETACabc_REV_CPLX_BUTSO3abc-5,0.0,-3.439681013421121e-07
ISETACabc_FWD_CPLX_BUTSO3abc-5,0.0,-1.9335743921491464e-08
ISETACabc_REV_CPLX_BUTSO3abc-13,0.0,-3.6191834547523713e-07
ISETACabc_FWD_CPLX_BUTSO3abc-13,0.0,-3.728598805461656e-08
ISETACabc_REV_CPLX_BUTSO3abc-14,0.0,-3.4605828056138985e-07
ISETACabc_FWD_CPLX_BUTSO3abc-14,0.0,-2.1425923140769254e-08
ISETACabc_REV_CPLX_BUTSO3abc-17,0.0,-3.3769195415432686e-07
ISETACabc_FWD_CPLX_BUTSO3abc-17,0.0,-1.3059596733706243e-08
ISETACabc_REV_CPLX_BUTSO3abc-29,0.0,-3.420203867626561e-07
ISETACabc_FWD_CPLX_BUTSO3abc-29,0.0,-1.7388029342035513e-08
ISETACabc_REV_CPLX_BUTSO3abc-18,0.0,-3.688803518339631e-07
ISETACabc_FWD_CPLX_BUTSO3abc-18,0.0,-4.424799441334248e-08
ISETACabc_REV_CPLX_BUTSO3abc-15,0.0,-3.5366457251121474e-07
ISETACabc_FWD_CPLX_BUTSO3abc-15,0.0,-2.903221509059414e-08
ISETACabc_REV_CPLX_BUTSO3abc-25,0.0,-3.6480017254976586e-07
ISETACabc_FWD_CPLX_BUTSO3abc-25,0.0,-4.016781512914529e-08
ISETACabc_REV_CPLX_BUTSO3abc-20,0.0,-3.546997195939901e-07
ISETACabc_FWD_CPLX_BUTSO3abc-20,0.0,-3.0067362173369516e-08
ISETACabc_REV_CPLX_BUTSO3abc-7,0.0,-3.473272977104934e-07
ISETACabc_FWD_CPLX_BUTSO3abc-7,0.0,-2.269494028987285e-08
ISETACabc_REV_CPLX_BUTSO3abc-0,0.0,-3.6638561397261205e-07
ISETACabc_FWD_CPLX_BUTSO3abc-0,0.0,-4.175325655199147e-08
ISETACabc_REV_CPLX_BUTSO3abc-21,0.0,-3.618086785156689e-07
ISETACabc_FWD_CPLX_BUTSO3abc-21,0.0,-3.717632109504833e-08
ISETACabc_REV_CPLX_BUTSO3abc-6,0.0,-3.4454292302406447e-07
ISETACabc_FWD_CPLX_BUTSO3abc-6,0.0,-1.99105656034439e-08
ISETACabc_REV_CPLX_BUTSO3abc-2,0.0,-3.519734826482273e-07
ISETACabc_FWD_CPLX_BUTSO3abc-2,0.0,-2.7341125227606696e-08
ISETACabc_REV_CPLX_BUTSO3abc-27,0.0,-3.5693147111735837e-07
ISETACabc_FWD_CPLX_BUTSO3abc-27,0.0,-3.2299113696737773e-08
ISETACabc_REV_CPLX_BUTSO3abc-4,0.0,-3.601621438723317e-07
ISETACabc_FWD_CPLX_BUTSO3abc-4,0.0,-3.552978645171112e-08
ISETACabc_REV_CPLX_BUTSO3abc-22,0.0,-3.625526983650367e-07
ISETACabc_FWD_CPLX_BUTSO3abc-22,0.0,-3.7920340944416114e-08
ISETACabc_REV_CPLX_BUTSO3abc-26,0.0,-3.4980478916489066e-07
ISETACabc_FWD_CPLX_BUTSO3abc-26,0.0,-2.51724317442701e-08
ISETACabc_REV_CPLX_BUTSO3abc-8,0.0,-3.3151816092817795e-07
ISETACabc_FWD_CPLX_BUTSO3abc-8,0.0,-6.8858035075573535e-09
ISETACabc_REV_CPLX_BUTSO3abc-23,0.0,-3.4681366838713057e-07
ISETACabc_FWD_CPLX_BUTSO3abc-23,0.0,-2.2181310966510003e-08
ISETACabc_REV_CPLX_BUTSO3abc-1,0.0,-3.6684744999464066e-07
ISETACabc_FWD_CPLX_BUTSO3abc-1,0.0,-4.221509257402007e-08
ISETACabc_REV_CPLX_BUTSO3abc-10,0.0,-3.413683482109295e-07
ISETACabc_FWD_CPLX_BUTSO3abc-10,0.0,-1.673599079030891e-08
ISETACabc_REV_CPLX_BUTSO3abc-19,0.0,-3.6915722494042473e-07
ISETACabc_FWD_CPLX_BUTSO3abc-19,0.0,-4.452486751980412e-08
ISETACabc_REV_CPLX_BUTSO3abc-9,0.0,-3.3820011590484193e-07
ISETACabc_FWD_CPLX_BUTSO3abc-9,0.0,-1.3567758484221346e-08
ISETACabc_REV_CPLX_BUTSO3abc-16,0.0,-3.5499399317162424e-07
ISETACabc_FWD_CPLX_BUTSO3abc-16,0.0,-3.036163575100365e-08
ISETACabc_REV_CPLX_BUTSO3abc-12,0.0,-3.611217852769321e-07
ISETACabc_FWD_CPLX_BUTSO3abc-12,0.0,-3.6489427856311496e-08
ISETACabc_REV_CPLX_BUTSO3abc-3,0.0,-3.5921610404268327e-07
ISETACabc_FWD_CPLX_BUTSO3abc-3,0.0,-3.458374662206269e-08
ISOBUTt2r_REV_CPLX_dummy,0.0,0.0
ISOBUTt2r_FWD_CPLX_dummy,0.0,-2.7754725626437756e-07
ISOVALt2r_REV_CPLX_dummy,0.0,3.8658731955628715e-41
ISOVALt2r_FWD_CPLX_dummy,0.0,-2.7754725626437756e-07
ITDCOATA_REV_g.1274.peg.4628-MONOMER,0.0,-1.3646277323398114e-07
ITDCOATA_FWD_g.1274.peg.4628-MONOMER,0.0,-5.152274887104923e-07
ITDCOATA_REV_g.1274.peg.514-MONOMER,0.0,2.3308170993623323e-36
ITDCOATA_FWD_g.1274.peg.514-MONOMER,0.0,-3.787647154765112e-07
ITDCOATA_REV_g.1274.peg.4953-MONOMER,0.0,-5.3480328438173874e-08
ITDCOATA_FWD_g.1274.peg.4953-MONOMER,0.0,-4.3224504391468503e-07
ITDGK_REV_g.1274.peg.4856-MONOMER,0.0,-1.481441680778226e-07
ITDGK_FWD_g.1274.peg.4856-MONOMER,0.0,-6.531653410685367e-08
ITDGK_REV_g.1274.peg.844-MONOMER,0.0,-8.282763397096891e-08
ITDGK_FWD_g.1274.peg.844-MONOMER,0.0,-3.6948161446301965e-40
ITDGK_REV_g.1274.peg.1204-MONOMER_mod_cd2(1)_mod_zn2(1)_mod_mg2(1)_mod_mn2(1)_mod_cobalt2(1),0.0,-1.1377638179111512e-07
ITDGK_FWD_g.1274.peg.1204-MONOMER_mod_cd2(1)_mod_zn2(1)_mod_mg2(1)_mod_mn2(1)_mod_cobalt2(1),0.0,-3.09487478201462e-08
IVCOATA_REV_g.1274.peg.4628-MONOMER,0.0,-5.152274887104923e-07
IVCOATA_FWD_g.1274.peg.4628-MONOMER,0.0,-1.3646277323398114e-07
IVCOATA_REV_g.1274.peg.514-MONOMER,0.0,-3.787647154765112e-07
IVCOATA_FWD_g.1274.peg.514-MONOMER,0.0027661825008820965,2.3308170993623323e-36
IVCOATA_REV_g.1274.peg.4953-MONOMER,0.0,-4.3224504391468503e-07
IVCOATA_FWD_g.1274.peg.4953-MONOMER,0.0,-5.3480328438173874e-08
IZPN_REV_g.1274.peg.5878-MONOMER,0.0,-3.629243971929401e-07
IZPN_FWD_g.1274.peg.5878-MONOMER,0.0,-1.9457499191914958e-41
IZPN_REV_g.1274.peg.345-MONOMER,0.0,-3.7177222798967984e-07
IZPN_FWD_g.1274.peg.345-MONOMER,0.0,-8.847830796739744e-09
KACOAT2_REV_CPLX_dummy,0.0,-2.7754725626437756e-07
KACOAT2_FWD_CPLX_dummy,0.0,1.0462043479177124e-39
KARA1_REV_398578.3.peg.4847-MONOMER_mod_mg2(1),0.0,-1.0453875801755888e-39
KARA1_FWD_398578.3.peg.4847-MONOMER_mod_mg2(1),0.0,-4.050590079747385e-07
KARA2_REV_398578.3.peg.4847-MONOMER_mod_mg2(1),0.0,-4.050590079747385e-07
KARA2_FWD_398578.3.peg.4847-MONOMER_mod_mg2(1),0.0,-1.0453875801755888e-39
KARA3_REV_398578.3.peg.4847-MONOMER_mod_mg2(1),0.0,-3.1816143744474445e-40
KARA3_FWD_398578.3.peg.4847-MONOMER_mod_mg2(1),0.0,-4.050590079747385e-07
KAS14_REV_CPLX_3OAS100-0,0.0,-4.965673297288353e-07
KAS14_FWD_CPLX_3OAS100-0,0.0,-1.7634153112878092e-08
KAS14_REV_CPLX_3OAS100-3,0.0,-5.028588667626291e-07
KAS14_FWD_CPLX_3OAS100-3,0.0,-2.3925690146671883e-08
KAS14_REV_g.1274.peg.715-MONOMER,0.0,-5.063392040153435e-07
KAS14_FWD_g.1274.peg.715-MONOMER,0.0,-2.740602739938628e-08
KAS14_REV_CPLX_3OAS100-1,0.0,-4.789331766159572e-07
KAS14_FWD_CPLX_3OAS100-1,0.004873112445037899,6.623018059743137e-36
KAS14_REV_CPLX_3OAS100-2,0.0,-5.198900539899015e-07
KAS14_FWD_CPLX_3OAS100-2,0.0,-4.095687737394426e-08
KAS_HP_REV_CPLX_dummy,0.0,-2.425359822672559e-07
KAS_HP_FWD_CPLX_dummy,0.0,-5.4390483023195055e-08
KDOCT2_REV_g.1274.peg.4442-MONOMER_mod_mg2(1)_mod_k(1),0.0,-3.533773266375336e-07
KDOCT2_FWD_g.1274.peg.4442-MONOMER_mod_mg2(1)_mod_k(1),0.002436548783676352,5.674670664611523e-40
KDOCT2_REV_g.1274.peg.2115-MONOMER_mod_mg2(1),0.0,-3.716786321981265e-07
KDOCT2_FWD_g.1274.peg.2115-MONOMER_mod_mg2(1),0.0,-1.830130556059293e-08
KDOPP_REV_g.1274.peg.5218-MONOMER_mod_mg2(1),0.0,-4.0112866858680095e-07
KDOPP_FWD_g.1274.peg.5218-MONOMER_mod_mg2(1),0.002436548783676352,-3.847782527035999e-40
KDOPSr_REV_g.1274.peg.4955-MONOMER,0.0,-4.2991863881308213e-07
KDOPSr_FWD_g.1274.peg.4955-MONOMER,0.002436548783676352,3.861521835370759e-40
Kt1r_REV_g.1274.peg.1668-MONOMER,0.0,-3.4841126871850245e-07
Kt1r_FWD_g.1274.peg.1668-MONOMER,0.0,-5.258065208352196e-08
Kt1r_REV_g.1274.peg.1103-MONOMER,0.0,-2.958306166349805e-07
Kt1r_FWD_g.1274.peg.1103-MONOMER,9.730237999743429e-08,1.9948018682963884e-41
Kt1r_REV_g.1274.peg.5052-MONOMER,0.0,-3.942145750694588e-07
Kt1r_FWD_g.1274.peg.5052-MONOMER,0.0,-9.83839584344783e-08
Kt3_REV_g.1274.peg.5080-MONOMER,0.0,1.940257416605024e-07
Kt3_FWD_g.1274.peg.5080-MONOMER,0.0,-5.272694499724426e-07
Kt3_REV_g.1274.peg.5207-MONOMER,0.0,2.1748910243409374e-07
Kt3_FWD_g.1274.peg.5207-MONOMER,0.0,-5.038060891988513e-07
L2A6ODs_REV_CPLX_dummy,0.0,1.8420225169154466e-08
L2A6ODs_FWD_CPLX_dummy,0.0,-2.9596748143353205e-07
LARGNAT_REV_398578.3.peg.3523-MONOMER,0.0,-2.690530768206497e-07
LARGNAT_FWD_398578.3.peg.3523-MONOMER,0.0,-3.041618012327085e-08
LARGNAT_REV_398578.3.peg.4270-MONOMER,0.0,-3.24631629627456e-07
LARGNAT_FWD_398578.3.peg.4270-MONOMER,0.0,-8.599473293007713e-08
LARGNAT_REV_398578.3.peg.5750-MONOMER,0.0,-3.207234761616615e-07
LARGNAT_FWD_398578.3.peg.5750-MONOMER,0.0,-8.208657946428265e-08
LARGNAT_REV_398578.3.peg.2808-MONOMER,0.0,-3.0679787026997595e-07
LARGNAT_FWD_398578.3.peg.2808-MONOMER,0.0,-6.816097357259708e-08
LARGNAT_REV_398578.3.peg.5653-MONOMER,0.0,-2.386368966973789e-07
LARGNAT_FWD_398578.3.peg.5653-MONOMER,0.0,0.0
LARGNAT_REV_398578.3.peg.2834-MONOMER,0.0,-2.713772822407056e-07
LARGNAT_FWD_398578.3.peg.2834-MONOMER,0.0,-3.274038554332678e-08
LARGNAT_REV_398578.3.peg.3986-MONOMER,0.0,-2.9903160888300173e-07
LARGNAT_FWD_398578.3.peg.3986-MONOMER,0.0,-6.039471218562287e-08
LARGNAT_REV_398578.3.peg.5503-MONOMER_mod_pydx5p(1),0.0,-2.8336561346652563e-07
LARGNAT_FWD_398578.3.peg.5503-MONOMER_mod_pydx5p(1),0.0,-4.4728716769146764e-08
LCADi_REV_g.1274.peg.2909-MONOMER,0.0,-5.222705131198373e-07
LCADi_FWD_g.1274.peg.2909-MONOMER,0.0,-4.269045772202671e-40
LCADi_D_REV_g.1274.peg.1617-MONOMER,0.0,-4.385525441021417e-07
LCADi_D_FWD_g.1274.peg.1617-MONOMER,0.0,-5.9795791460056135e-40
LCADi_D_REV_g.1274.peg.5439-MONOMER,0.0,-4.4365616423007024e-07
LCADi_D_FWD_g.1274.peg.5439-MONOMER,0.0,-5.103620127928576e-09
LCYSTCBOXL_REV_g.1274.peg.2879-MONOMER_mod_pydx5p(1),0.0,-5.81567711982023e-07
LCYSTCBOXL_FWD_g.1274.peg.2879-MONOMER_mod_pydx5p(1),0.0,0.0
LCYSTabc_REV_CPLX_BUTSO3abc-11,0.0,-3.2463235742062056e-07
LCYSTabc_FWD_CPLX_BUTSO3abc-11,0.0,1.860956364507011e-40
LCYSTabc_REV_CPLX_BUTSO3abc-28,0.0,-3.582561690445011e-07
LCYSTabc_FWD_CPLX_BUTSO3abc-28,0.0,-3.36238116238805e-08
LCYSTabc_REV_CPLX_BUTSO3abc-24,0.0,-3.6394065884945347e-07
LCYSTabc_FWD_CPLX_BUTSO3abc-24,0.0,-3.930830142883285e-08
LCYSTabc_REV_CPLX_BUTSO3abc-5,0.0,-3.439681013421121e-07
LCYSTabc_FWD_CPLX_BUTSO3abc-5,0.0,-1.9335743921491464e-08
LCYSTabc_REV_CPLX_BUTSO3abc-13,0.0,-3.6191834547523713e-07
LCYSTabc_FWD_CPLX_BUTSO3abc-13,0.0,-3.728598805461656e-08
LCYSTabc_REV_CPLX_BUTSO3abc-14,0.0,-3.4605828056138985e-07
LCYSTabc_FWD_CPLX_BUTSO3abc-14,0.0,-2.1425923140769254e-08
LCYSTabc_REV_CPLX_BUTSO3abc-17,0.0,-3.3769195415432686e-07
LCYSTabc_FWD_CPLX_BUTSO3abc-17,0.0,-1.3059596733706243e-08
LCYSTabc_REV_CPLX_BUTSO3abc-29,0.0,-3.420203867626561e-07
LCYSTabc_FWD_CPLX_BUTSO3abc-29,0.0,-1.7388029342035513e-08
LCYSTabc_REV_CPLX_BUTSO3abc-18,0.0,-3.688803518339631e-07
LCYSTabc_FWD_CPLX_BUTSO3abc-18,0.0,-4.424799441334248e-08
LCYSTabc_REV_CPLX_BUTSO3abc-15,0.0,-3.5366457251121474e-07
LCYSTabc_FWD_CPLX_BUTSO3abc-15,0.0,-2.903221509059414e-08
LCYSTabc_REV_CPLX_BUTSO3abc-25,0.0,-3.6480017254976586e-07
LCYSTabc_FWD_CPLX_BUTSO3abc-25,0.0,-4.016781512914529e-08
LCYSTabc_REV_CPLX_BUTSO3abc-20,0.0,-3.546997195939901e-07
LCYSTabc_FWD_CPLX_BUTSO3abc-20,0.0,-3.0067362173369516e-08
LCYSTabc_REV_CPLX_BUTSO3abc-7,0.0,-3.473272977104934e-07
LCYSTabc_FWD_CPLX_BUTSO3abc-7,0.0,-2.269494028987285e-08
LCYSTabc_REV_CPLX_BUTSO3abc-0,0.0,-3.6638561397261205e-07
LCYSTabc_FWD_CPLX_BUTSO3abc-0,0.0,-4.175325655199147e-08
LCYSTabc_REV_CPLX_BUTSO3abc-21,0.0,-3.618086785156689e-07
LCYSTabc_FWD_CPLX_BUTSO3abc-21,0.0,-3.717632109504833e-08
LCYSTabc_REV_CPLX_BUTSO3abc-6,0.0,-3.4454292302406447e-07
LCYSTabc_FWD_CPLX_BUTSO3abc-6,0.0,-1.99105656034439e-08
LCYSTabc_REV_CPLX_BUTSO3abc-2,0.0,-3.519734826482273e-07
LCYSTabc_FWD_CPLX_BUTSO3abc-2,0.0,-2.7341125227606696e-08
LCYSTabc_REV_CPLX_BUTSO3abc-27,0.0,-3.5693147111735837e-07
LCYSTabc_FWD_CPLX_BUTSO3abc-27,0.0,-3.2299113696737773e-08
LCYSTabc_REV_CPLX_BUTSO3abc-4,0.0,-3.601621438723317e-07
LCYSTabc_FWD_CPLX_BUTSO3abc-4,0.0,-3.552978645171112e-08
LCYSTabc_REV_CPLX_BUTSO3abc-22,0.0,-3.625526983650367e-07
LCYSTabc_FWD_CPLX_BUTSO3abc-22,0.0,-3.7920340944416114e-08
LCYSTabc_REV_CPLX_BUTSO3abc-26,0.0,-3.4980478916489066e-07
LCYSTabc_FWD_CPLX_BUTSO3abc-26,0.0,-2.51724317442701e-08
LCYSTabc_REV_CPLX_BUTSO3abc-8,0.0,-3.3151816092817795e-07
LCYSTabc_FWD_CPLX_BUTSO3abc-8,0.0,-6.8858035075573535e-09
LCYSTabc_REV_CPLX_BUTSO3abc-23,0.0,-3.4681366838713057e-07
LCYSTabc_FWD_CPLX_BUTSO3abc-23,0.0,-2.2181310966510003e-08
LCYSTabc_REV_CPLX_BUTSO3abc-1,0.0,-3.6684744999464066e-07
LCYSTabc_FWD_CPLX_BUTSO3abc-1,0.0,-4.221509257402007e-08
LCYSTabc_REV_CPLX_BUTSO3abc-10,0.0,-3.413683482109295e-07
LCYSTabc_FWD_CPLX_BUTSO3abc-10,0.0,-1.673599079030891e-08
LCYSTabc_REV_CPLX_BUTSO3abc-19,0.0,-3.6915722494042473e-07
LCYSTabc_FWD_CPLX_BUTSO3abc-19,0.0,-4.452486751980412e-08
LCYSTabc_REV_CPLX_BUTSO3abc-9,0.0,-3.3820011590484193e-07
LCYSTabc_FWD_CPLX_BUTSO3abc-9,0.0,-1.3567758484221346e-08
LCYSTabc_REV_CPLX_BUTSO3abc-16,0.0,-3.5499399317162424e-07
LCYSTabc_FWD_CPLX_BUTSO3abc-16,0.0,-3.036163575100365e-08
LCYSTabc_REV_CPLX_BUTSO3abc-12,0.0,-3.611217852769321e-07
LCYSTabc_FWD_CPLX_BUTSO3abc-12,0.0,-3.6489427856311496e-08
LCYSTabc_REV_CPLX_BUTSO3abc-3,0.0,-3.5921610404268327e-07
LCYSTabc_FWD_CPLX_BUTSO3abc-3,0.0,-3.458374662206269e-08
LDH_D_REV_g.1274.peg.2520-MONOMER_mod_fad(1),0.0,-1.0647349322005e-07
LDH_D_FWD_g.1274.peg.2520-MONOMER_mod_fad(1),0.0,-1.346246061005653e-07
LDH_D2_REV_g.1274.peg.2520-MONOMER_mod_fad(1),0.0,3.88486526403025e-07
LDH_D2_FWD_g.1274.peg.2520-MONOMER_mod_fad(1),0.0,-6.295846257236403e-07
LDH_L_REV_g.1274.peg.4613-MONOMER,0.0,-1.3086452050751044e-07
LDH_L_FWD_g.1274.peg.4613-MONOMER,0.0,-1.4812059763537445e-07
LDH_L_REV_g.1274.peg.5127-MONOMER,0.0,-1.7122602025835767e-07
LDH_L_FWD_g.1274.peg.5127-MONOMER,0.0,-1.8848209738622168e-07
LDH_L_REV_g.1274.peg.4896-MONOMER,0.0,-1.8780435162348844e-07
LDH_L_FWD_g.1274.peg.4896-MONOMER,0.0,-2.0506042875135245e-07
LDH_L_REV_g.1274.peg.2808-MONOMER_mod_fmn(1),0.0,-1.1736852897270129e-07
LDH_L_FWD_g.1274.peg.2808-MONOMER_mod_fmn(1),0.0,-1.346246061005653e-07
LDH_L_REV_g.1274.peg.5577-MONOMER,0.0,-1.58357901625224e-07
LDH_L_FWD_g.1274.peg.5577-MONOMER,0.0,-1.7561397875308805e-07
LDH_L_REV_g.1274.peg.268-MONOMER,0.0,-1.571389655725296e-07
LDH_L_FWD_g.1274.peg.268-MONOMER,0.0,-1.743950427003936e-07
LEUTA_REV_CPLX_dummy,0.0,-2.7754725626437756e-07
LEUTA_FWD_CPLX_dummy,0.0027661825008820965,9.894826642733759e-37
LEUabc_REV_g.1274.peg.5410-MONOMER,0.0,3.663627073402557e-07
LEUabc_FWD_g.1274.peg.5410-MONOMER,0.0,-6.776709697675453e-07
LEUabc_REV_g.1274.peg.4292-MONOMER,0.0,3.329809316931841e-07
LEUabc_FWD_g.1274.peg.4292-MONOMER,0.0,-7.11052745414617e-07
LEUabc_REV_g.1274.peg.4431-MONOMER,0.0,3.748934761403411e-07
LEUabc_FWD_g.1274.peg.4431-MONOMER,0.0,-6.6914020096746e-07
LEUabc_REV_g.1274.peg.2915-MONOMER,0.0,3.3565227473351916e-07
LEUabc_FWD_g.1274.peg.2915-MONOMER,0.0,-7.083814023742819e-07
LEUabc_REV_g.1274.peg.4986-MONOMER,0.0,3.400862891655077e-07
LEUabc_FWD_g.1274.peg.4986-MONOMER,0.0,-7.039473879422933e-07
LEUabc_REV_g.1274.peg.4255-MONOMER,0.0,4.3050798998166335e-07
LEUabc_FWD_g.1274.peg.4255-MONOMER,0.0,-6.135256871261378e-07
LEUabc_REV_g.1274.peg.3216-MONOMER,0.0,4.3444493263399184e-07
LEUabc_FWD_g.1274.peg.3216-MONOMER,0.0,-6.095887444738093e-07
LEUabc_REV_g.1274.peg.676-MONOMER,0.0,3.6657447975826546e-07
LEUabc_FWD_g.1274.peg.676-MONOMER,0.0,-6.774591973495356e-07
LEUabc_REV_g.1274.peg.2108-MONOMER,0.0,3.5984648506665386e-07
LEUabc_FWD_g.1274.peg.2108-MONOMER,0.0,-6.841871920411472e-07
LEUabc_REV_g.1274.peg.1792-MONOMER,0.0,4.029092476482057e-07
LEUabc_FWD_g.1274.peg.1792-MONOMER,0.0,-6.411244294595954e-07
LEUabc_REV_g.1274.peg.2875-MONOMER,0.0,3.8592272161407133e-07
LEUabc_FWD_g.1274.peg.2875-MONOMER,0.0,-6.581109554937297e-07
LEUabc_REV_g.1274.peg.2041-MONOMER,0.0,3.864154340193133e-07
LEUabc_FWD_g.1274.peg.2041-MONOMER,0.0,-6.576182430884877e-07
LEUabc_REV_g.1274.peg.1973-MONOMER,0.0,3.854374894452832e-07
LEUabc_FWD_g.1274.peg.1973-MONOMER,0.0,-6.585961876625178e-07
LEUabc_REV_g.1274.peg.2016-MONOMER,0.0,3.95079920421884e-07
LEUabc_FWD_g.1274.peg.2016-MONOMER,0.0,-6.48953756685917e-07
LEUabc_REV_g.1274.peg.573-MONOMER,0.0,3.5519986260880285e-07
LEUabc_FWD_g.1274.peg.573-MONOMER,0.0,-6.888338144989981e-07
LEUabc_REV_g.1274.peg.4891-MONOMER,0.0,4.094588820369952e-07
LEUabc_FWD_g.1274.peg.4891-MONOMER,0.0,-6.345747950708058e-07
LEUabc_REV_g.1274.peg.2902-MONOMER,0.0,4.3514330091413476e-07
LEUabc_FWD_g.1274.peg.2902-MONOMER,0.0,-6.088903761936663e-07
LEUabc_REV_g.1274.peg.2269-MONOMER,0.0,3.207982939218899e-07
LEUabc_FWD_g.1274.peg.2269-MONOMER,0.0,-7.232353831859112e-07
LEUabc_REV_g.1274.peg.460-MONOMER,0.0,4.1087529586107433e-07
LEUabc_FWD_g.1274.peg.460-MONOMER,0.0,-6.331583812467268e-07
LEUabc_REV_g.1274.peg.1118-MONOMER,0.0,4.0147143259244133e-07
LEUabc_FWD_g.1274.peg.1118-MONOMER,0.0,-6.425622445153598e-07
LEUabc_REV_g.1274.peg.1345-MONOMER,0.0,3.289545423790158e-07
LEUabc_FWD_g.1274.peg.1345-MONOMER,0.0,-7.150791347287852e-07
LEUabc_REV_g.1274.peg.5651-MONOMER,0.0,3.439515636165432e-07
LEUabc_FWD_g.1274.peg.5651-MONOMER,0.0,-7.000821134912578e-07
LEUabc_REV_g.1274.peg.1016-MONOMER,0.0,3.615827083239755e-07
LEUabc_FWD_g.1274.peg.1016-MONOMER,0.0,-6.824509687838255e-07
LEUabc_REV_g.1274.peg.3982-MONOMER,0.0,3.9613954529981905e-07
LEUabc_FWD_g.1274.peg.3982-MONOMER,0.0,-6.47894131807982e-07
LEUabc_REV_g.1274.peg.2861-MONOMER,0.0,3.948350092276045e-07
LEUabc_FWD_g.1274.peg.2861-MONOMER,0.0,-6.491986678801965e-07
LEUabc_REV_g.1274.peg.1246-MONOMER,0.0,3.794068887981791e-07
LEUabc_FWD_g.1274.peg.1246-MONOMER,0.0,-6.646267883096219e-07
LEUabc_REV_g.1274.peg.4737-MONOMER,0.0,4.125825306151894e-07
LEUabc_FWD_g.1274.peg.4737-MONOMER,0.0,-6.314511464926116e-07
LEUabc_REV_g.1274.peg.2225-MONOMER,0.0,3.7998261060864027e-07
LEUabc_FWD_g.1274.peg.2225-MONOMER,0.0,-6.640510664991608e-07
LEUabc_REV_g.1274.peg.4021-MONOMER,0.0,3.9028127989851344e-07
LEUabc_FWD_g.1274.peg.4021-MONOMER,0.0,-6.537523972092877e-07
LEUabc_REV_g.1274.peg.5736-MONOMER,0.0,3.940547511823355e-07
LEUabc_FWD_g.1274.peg.5736-MONOMER,0.0,-6.499789259254656e-07
LEUabc_REV_g.1274.peg.3783-MONOMER,0.0,3.1681739172700384e-07
LEUabc_FWD_g.1274.peg.3783-MONOMER,0.0,-7.272162853807972e-07
LEUabc_REV_g.1274.peg.70-MONOMER,0.0,4.371645289869549e-07
LEUabc_FWD_g.1274.peg.70-MONOMER,0.0,-6.068691481208462e-07
LEUabc_REV_g.1274.peg.705-MONOMER,0.0,3.748844170726326e-07
LEUabc_FWD_g.1274.peg.705-MONOMER,0.0,-6.691492600351684e-07
LEUabc_REV_g.1274.peg.3708-MONOMER,0.0,3.2414582473931454e-07
LEUabc_FWD_g.1274.peg.3708-MONOMER,0.0,-7.198878523684865e-07
LEUabc_REV_g.1274.peg.3788-MONOMER,0.0,3.709272948867387e-07
LEUabc_FWD_g.1274.peg.3788-MONOMER,0.0,-6.731063822210624e-07
LEUabc_REV_g.1274.peg.1601-MONOMER,0.0,3.514001266254202e-07
LEUabc_FWD_g.1274.peg.1601-MONOMER,0.0,-6.926335504823809e-07
LEUabc_REV_g.1274.peg.2325-MONOMER,0.0,3.8415046304834106e-07
LEUabc_FWD_g.1274.peg.2325-MONOMER,0.0,-6.598832140594599e-07
LEUabc_REV_g.1274.peg.5911-MONOMER,0.0,3.9327091078658316e-07
LEUabc_FWD_g.1274.peg.5911-MONOMER,0.0,-6.507627663212179e-07
LEUabc_REV_g.1274.peg.4827-MONOMER,0.0,3.1576536625240947e-07
LEUabc_FWD_g.1274.peg.4827-MONOMER,0.0,-7.282683108553916e-07
LEUabc_REV_g.1274.peg.3334-MONOMER,0.0,3.6404275517644285e-07
LEUabc_FWD_g.1274.peg.3334-MONOMER,0.0,-6.799909219313582e-07
LEUabc_REV_g.1274.peg.5044-MONOMER,0.0,3.5548629888055526e-07
LEUabc_FWD_g.1274.peg.5044-MONOMER,0.0,-6.885473782272458e-07
LEUabc_REV_g.1274.peg.2432-MONOMER,0.0,3.599993265040611e-07
LEUabc_FWD_g.1274.peg.2432-MONOMER,0.0,-6.8403435060374e-07
LEUabc_REV_g.1274.peg.3060-MONOMER,0.0,4.12891594206108e-07
LEUabc_FWD_g.1274.peg.3060-MONOMER,0.0,-6.31142082901693e-07
LEUabc_REV_g.1274.peg.4625-MONOMER,0.0,3.903839999688855e-07
LEUabc_FWD_g.1274.peg.4625-MONOMER,0.0,-6.536496771389156e-07
LEUabc_REV_g.1274.peg.1849-MONOMER,0.0,3.6605490665882215e-07
LEUabc_FWD_g.1274.peg.1849-MONOMER,0.0,-6.779787704489789e-07
LEUabc_REV_g.1274.peg.3896-MONOMER,0.0,3.401336408354681e-07
LEUabc_FWD_g.1274.peg.3896-MONOMER,0.0,-7.03900036272333e-07
LEUabc_REV_g.1274.peg.1123-MONOMER,0.0,3.471192602630475e-07
LEUabc_FWD_g.1274.peg.1123-MONOMER,0.0,-6.969144168447536e-07
LEUabc_REV_g.1274.peg.2764-MONOMER,0.0,3.380773861079633e-07
LEUabc_FWD_g.1274.peg.2764-MONOMER,0.0,-7.059562909998377e-07
LEUabc_REV_g.1274.peg.4740-MONOMER,0.0,3.8243668640738973e-07
LEUabc_FWD_g.1274.peg.4740-MONOMER,0.0,-6.615969907004113e-07
LEUabc_REV_g.1274.peg.4853-MONOMER,0.0,3.6020587799606357e-07
LEUabc_FWD_g.1274.peg.4853-MONOMER,0.0,-6.838277991117375e-07
LEUabc_REV_g.1274.peg.4020-MONOMER,0.0,3.815327356586313e-07
LEUabc_FWD_g.1274.peg.4020-MONOMER,0.0,-6.625009414491697e-07
LEUabc_REV_g.1274.peg.1536-MONOMER,0.0,3.455458510507766e-07
LEUabc_FWD_g.1274.peg.1536-MONOMER,0.0,-6.984878260570244e-07
LEUabc_REV_g.1274.peg.2126-MONOMER,0.0,3.662617148732163e-07
LEUabc_FWD_g.1274.peg.2126-MONOMER,0.0,-6.777719622345848e-07
LEUabc_REV_g.1274.peg.2598-MONOMER,0.0,3.9334847090129517e-07
LEUabc_FWD_g.1274.peg.2598-MONOMER,0.0,-6.506852062065059e-07
LEUt2r_REV_g.1274.peg.4507-MONOMER,0.0,-5.099073041504699e-07
LEUt2r_FWD_g.1274.peg.4507-MONOMER,0.019617845905753786,4.408675362626788e-41
LGTHL_REV_g.1274.peg.4487-MONOMER,0.0,-2.1119136171261323e-07
LGTHL_FWD_g.1274.peg.4487-MONOMER,-1.9577295075702108e-22,0.0
LGTHL_REV_g.1274.peg.3336-MONOMER_mod_ni2(1),0.0,-2.1119136171261323e-07
LGTHL_FWD_g.1274.peg.3336-MONOMER_mod_ni2(1),0.0,-1.268175711162428e-41
LKYNRt2r_REV_CPLX_dummy,0.0,0.0
LKYNRt2r_FWD_CPLX_dummy,0.0,-2.7754725626437756e-07
LPADSS_REV_g.1274.peg.4567-MONOMER,0.0,-3.0576078058269067e-07
LPADSS_FWD_g.1274.peg.4567-MONOMER,0.0008121829278921173,-5.03817323965272e-39
LPAMS_REV_g.1274.peg.3233-MONOMER,0.0,-4.223308710415813e-09
LPAMS_FWD_g.1274.peg.3233-MONOMER,0.0,-2.709353378678013e-07
LPAMS_REV_g.1274.peg.1596-MONOMER,0.0,-5.994088015671229e-08
LPAMS_FWD_g.1274.peg.1596-MONOMER,0.0,-3.2665290931409776e-07
LPLIPAL1A120_REV_g.1274.peg.5834-MONOMER,0.0,-3.37390972183062e-07
LPLIPAL1A120_FWD_g.1274.peg.5834-MONOMER,0.0,0.0
LPLIPAL1A140_REV_g.1274.peg.5834-MONOMER,0.0,1.3601369426722557e-07
LPLIPAL1A140_FWD_g.1274.peg.5834-MONOMER,0.0,-4.7340466645028756e-07
LPLIPAL1A141_REV_g.1274.peg.5834-MONOMER,0.0,-3.37390972183062e-07
LPLIPAL1A141_FWD_g.1274.peg.5834-MONOMER,0.0,-5.992792082602447e-41
LPLIPAL1A160_REV_g.1274.peg.5834-MONOMER,0.0,9.842621966367356e-07
LPLIPAL1A160_FWD_g.1274.peg.5834-MONOMER,0.0,-1.3216531688197974e-06
LPLIPAL1A161_REV_g.1274.peg.5834-MONOMER,0.0,5.479183846066338e-06
LPLIPAL1A161_FWD_g.1274.peg.5834-MONOMER,0.0,-5.8165748182494e-06
LPLIPAL1A180_REV_g.1274.peg.5834-MONOMER,0.0,5.755773086684745e-07
LPLIPAL1A180_FWD_g.1274.peg.5834-MONOMER,0.0,-9.129682808515364e-07
LPLIPAL1A181_REV_g.1274.peg.5834-MONOMER,0.0,-3.37390972183062e-07
LPLIPAL1A181_FWD_g.1274.peg.5834-MONOMER,0.0,-1.997597360867482e-41
LPLIPAL1E120_REV_g.1274.peg.5834-MONOMER,0.0,-3.37390972183062e-07
LPLIPAL1E120_FWD_g.1274.peg.5834-MONOMER,0.0,-7.990389443469929e-40
LPLIPAL1E140_REV_g.1274.peg.5834-MONOMER,0.0,-3.37390972183062e-07
LPLIPAL1E140_FWD_g.1274.peg.5834-MONOMER,0.0,1.8577655456067585e-39
LPLIPAL1E141_REV_g.1274.peg.5834-MONOMER,0.0,-3.37390972183062e-07
LPLIPAL1E141_FWD_g.1274.peg.5834-MONOMER,0.0,-5.992792082602447e-41
LPLIPAL1E160_REV_g.1274.peg.5834-MONOMER,0.0,-3.37390972183062e-07
LPLIPAL1E160_FWD_g.1274.peg.5834-MONOMER,0.0,-5.992792082602447e-41
LPLIPAL1E161_REV_g.1274.peg.5834-MONOMER,0.0,-3.37390972183062e-07
LPLIPAL1E161_FWD_g.1274.peg.5834-MONOMER,0.0,-6.991590763036188e-40
LPLIPAL1E180_REV_g.1274.peg.5834-MONOMER,0.0,-3.37390972183062e-07
LPLIPAL1E180_FWD_g.1274.peg.5834-MONOMER,0.0,0.0
LPLIPAL1E181_REV_g.1274.peg.5834-MONOMER,0.0,-3.37390972183062e-07
LPLIPAL1E181_FWD_g.1274.peg.5834-MONOMER,0.0,-9.987986804337411e-41
LPLIPAL1G120_REV_g.1274.peg.5834-MONOMER,0.0,-3.37390972183062e-07
LPLIPAL1G120_FWD_g.1274.peg.5834-MONOMER,0.0,-6.392311554775942e-40
LPLIPAL1G140_REV_g.1274.peg.5834-MONOMER,0.0,-3.37390972183062e-07
LPLIPAL1G140_FWD_g.1274.peg.5834-MONOMER,0.0,1.8577655456067585e-39
LPLIPAL1G141_REV_g.1274.peg.5834-MONOMER,0.0,-3.37390972183062e-07
LPLIPAL1G141_FWD_g.1274.peg.5834-MONOMER,0.0,9.987986804337411e-41
LPLIPAL1G160_REV_g.1274.peg.5834-MONOMER,0.0,-3.37390972183062e-07
LPLIPAL1G160_FWD_g.1274.peg.5834-MONOMER,0.0,-5.992792082602447e-41
LPLIPAL1G161_REV_g.1274.peg.5834-MONOMER,0.0,-3.37390972183062e-07
LPLIPAL1G161_FWD_g.1274.peg.5834-MONOMER,0.0,5.793032346515698e-40
LPLIPAL1G180_REV_g.1274.peg.5834-MONOMER,0.0,-3.37390972183062e-07
LPLIPAL1G180_FWD_g.1274.peg.5834-MONOMER,0.0,0.0
LPLIPAL1G181_REV_g.1274.peg.5834-MONOMER,0.0,-3.37390972183062e-07
LPLIPAL1G181_FWD_g.1274.peg.5834-MONOMER,0.0,-9.987986804337411e-41
LPLIPAL2A120_REV_g.1274.peg.5834-MONOMER,0.0,-3.37390972183062e-07
LPLIPAL2A120_FWD_g.1274.peg.5834-MONOMER,0.0,-5.5746304863730376e-40
LPLIPAL2A140_REV_g.1274.peg.5834-MONOMER,0.0,-3.37390972183062e-07
LPLIPAL2A140_FWD_g.1274.peg.5834-MONOMER,0.0,1.1414719567335267e-39
LPLIPAL2A141_REV_g.1274.peg.5834-MONOMER,0.0,-3.37390972183062e-07
LPLIPAL2A141_FWD_g.1274.peg.5834-MONOMER,0.0,-2.6545859458919225e-41
LPLIPAL2A160_REV_g.1274.peg.5834-MONOMER,0.0,-3.37390972183062e-07
LPLIPAL2A160_FWD_g.1274.peg.5834-MONOMER,0.0,-3.4509617296594996e-40
LPLIPAL2A161_REV_g.1274.peg.5834-MONOMER,0.0,-3.37390972183062e-07
LPLIPAL2A161_FWD_g.1274.peg.5834-MONOMER,0.0,1.1414719567335267e-39
LPLIPAL2A180_REV_g.1274.peg.5834-MONOMER,0.0,-3.37390972183062e-07
LPLIPAL2A180_FWD_g.1274.peg.5834-MONOMER,0.0,1.3272929729459614e-40
LPLIPAL2A181_REV_g.1274.peg.5834-MONOMER,0.0,-3.37390972183062e-07
LPLIPAL2A181_FWD_g.1274.peg.5834-MONOMER,0.0,0.0
LPLIPAL2E120_REV_g.1274.peg.5834-MONOMER,0.0,-3.37390972183062e-07
LPLIPAL2E120_FWD_g.1274.peg.5834-MONOMER,0.0,-7.990389443469929e-40
LPLIPAL2E140_REV_g.1274.peg.5834-MONOMER,0.0,-3.37390972183062e-07
LPLIPAL2E140_FWD_g.1274.peg.5834-MONOMER,0.0,1.8577655456067585e-39
LPLIPAL2E141_REV_g.1274.peg.5834-MONOMER,0.0,-3.37390972183062e-07
LPLIPAL2E141_FWD_g.1274.peg.5834-MONOMER,0.0,-5.992792082602447e-41
LPLIPAL2E160_REV_g.1274.peg.5834-MONOMER,0.0,-3.37390972183062e-07
LPLIPAL2E160_FWD_g.1274.peg.5834-MONOMER,0.0,-5.992792082602447e-41
LPLIPAL2E161_REV_g.1274.peg.5834-MONOMER,0.0,-3.37390972183062e-07
LPLIPAL2E161_FWD_g.1274.peg.5834-MONOMER,0.0,-6.991590763036188e-40
LPLIPAL2E180_REV_g.1274.peg.5834-MONOMER,0.0,-3.37390972183062e-07
LPLIPAL2E180_FWD_g.1274.peg.5834-MONOMER,0.0,0.0
LPLIPAL2E181_REV_g.1274.peg.5834-MONOMER,0.0,-3.37390972183062e-07
LPLIPAL2E181_FWD_g.1274.peg.5834-MONOMER,0.0,-9.987986804337411e-41
LPLIPAL2G120_REV_g.1274.peg.5834-MONOMER,0.0,-3.37390972183062e-07
LPLIPAL2G120_FWD_g.1274.peg.5834-MONOMER,0.0,-6.392311554775942e-40
LPLIPAL2G140_REV_g.1274.peg.5834-MONOMER,0.0,-3.37390972183062e-07
LPLIPAL2G140_FWD_g.1274.peg.5834-MONOMER,0.0,1.8577655456067585e-39
LPLIPAL2G141_REV_g.1274.peg.5834-MONOMER,0.0,-3.37390972183062e-07
LPLIPAL2G141_FWD_g.1274.peg.5834-MONOMER,0.0,9.987986804337411e-41
LPLIPAL2G160_REV_g.1274.peg.5834-MONOMER,0.0,-3.37390972183062e-07
LPLIPAL2G160_FWD_g.1274.peg.5834-MONOMER,0.0,-5.992792082602447e-41
LPLIPAL2G161_REV_g.1274.peg.5834-MONOMER,0.0,-3.37390972183062e-07
LPLIPAL2G161_FWD_g.1274.peg.5834-MONOMER,0.0,5.793032346515698e-40
LPLIPAL2G180_REV_g.1274.peg.5834-MONOMER,0.0,-3.37390972183062e-07
LPLIPAL2G180_FWD_g.1274.peg.5834-MONOMER,0.0,0.0
LPLIPAL2G181_REV_g.1274.peg.5834-MONOMER,0.0,-3.37390972183062e-07
LPLIPAL2G181_FWD_g.1274.peg.5834-MONOMER,0.0,-9.987986804337411e-41
LTDCL_REV_g.1274.peg.1527-MONOMER_mod_mg2(1),0.0,-4.1498023535090757e-07
LTDCL_FWD_g.1274.peg.1527-MONOMER_mod_mg2(1),0.0,-1.0679473823121192e-40
LYSDC_REV_g.1274.peg.2879-MONOMER_mod_pydx5p(1),0.0,-5.81567711982023e-07
LYSDC_FWD_g.1274.peg.2879-MONOMER_mod_pydx5p(1),0.0,1.1910073896744897e-40
LYSt2r_REV_g.1274.peg.3859-MONOMER,0.0,-3.6075894221542444e-07
LYSt2r_FWD_g.1274.peg.3859-MONOMER,0.007749572975656158,-1.0862814368023683e-40
LYSt3_REV_g.1274.peg.2992-MONOMER,0.0,4.5511125084752183e-07
LYSt3_FWD_g.1274.peg.2992-MONOMER,0.0,-7.565768413638315e-07
LYSt3_REV_g.1274.peg.2451-MONOMER,0.0,4.7364719572869593e-07
LYSt3_FWD_g.1274.peg.2451-MONOMER,0.0,-7.380408964826575e-07
L_ALAOPAT_REV_g.1274.peg.5365-MONOMER,0.0,-1.324836223016468e-39
L_ALAOPAT_FWD_g.1274.peg.5365-MONOMER,0.0,-3.718816835013566e-07
L_AROND_REV_398578.3.peg.4704-MONOMER,0.0,-8.947854595223455e-08
L_AROND_FWD_398578.3.peg.4704-MONOMER,0.0,-2.1346749006318299e-07
L_LACD_REV_g.1274.peg.4613-MONOMER,0.0,-2.654891266080757e-07
L_LACD_FWD_g.1274.peg.4613-MONOMER,0.0,-1.3495991534809136e-08
L_LACD_REV_g.1274.peg.5127-MONOMER,0.0,-3.0585062635892296e-07
L_LACD_FWD_g.1274.peg.5127-MONOMER,0.0,-5.385749128565637e-08
L_LACD_REV_g.1274.peg.4896-MONOMER,0.0,-3.2242895772405375e-07
L_LACD_FWD_g.1274.peg.4896-MONOMER,0.0,-7.043582265078714e-08
L_LACD_REV_g.1274.peg.2808-MONOMER_mod_fmn(1),0.0,-2.519931350732666e-07
L_LACD_FWD_g.1274.peg.2808-MONOMER_mod_fmn(1),0.0,1.0740865299949491e-40
L_LACD_REV_g.1274.peg.5577-MONOMER,0.0,-2.9298250772578935e-07
L_LACD_FWD_g.1274.peg.5577-MONOMER,0.0,-4.098937265252272e-08
L_LACD_REV_g.1274.peg.268-MONOMER,0.0,-2.917635716730949e-07
L_LACD_FWD_g.1274.peg.268-MONOMER,0.0,-3.977043659982829e-08
L_LACD2_REV_g.1274.peg.4613-MONOMER,0.0,3.6409549911556453e-07
L_LACD2_FWD_g.1274.peg.4613-MONOMER,0.0,-6.430806172584495e-07
L_LACD2_REV_g.1274.peg.5127-MONOMER,0.0,3.2373399936471735e-07
L_LACD2_FWD_g.1274.peg.5127-MONOMER,0.0,-6.834421170092967e-07
L_LACD2_REV_g.1274.peg.4896-MONOMER,0.0,3.0715566799958656e-07
L_LACD2_FWD_g.1274.peg.4896-MONOMER,0.0,-7.000204483744274e-07
L_LACD2_REV_g.1274.peg.2808-MONOMER_mod_fmn(1),0.0,3.775914906503737e-07
L_LACD2_FWD_g.1274.peg.2808-MONOMER_mod_fmn(1),0.0,-6.295846257236403e-07
L_LACD2_REV_g.1274.peg.5577-MONOMER,0.0,3.3660211799785096e-07
L_LACD2_FWD_g.1274.peg.5577-MONOMER,0.0,-6.70573998376163e-07
L_LACD2_REV_g.1274.peg.268-MONOMER,0.0,3.378210540505454e-07
L_LACD2_FWD_g.1274.peg.268-MONOMER,0.0,-6.693550623234686e-07
L_LACD3_REV_g.1274.peg.4613-MONOMER,0.0,3.164034222444706e-07
L_LACD3_FWD_g.1274.peg.4613-MONOMER,0.0,-5.953885403873555e-07
L_LACD3_REV_g.1274.peg.5127-MONOMER,0.0,2.760419224936234e-07
L_LACD3_FWD_g.1274.peg.5127-MONOMER,0.0,-6.357500401382027e-07
L_LACD3_REV_g.1274.peg.4896-MONOMER,0.0,2.594635911284926e-07
L_LACD3_FWD_g.1274.peg.4896-MONOMER,0.0,-6.523283715033335e-07
L_LACD3_REV_g.1274.peg.2808-MONOMER_mod_fmn(1),0.0,3.2989941377927973e-07
L_LACD3_FWD_g.1274.peg.2808-MONOMER_mod_fmn(1),0.0,-5.818925488525463e-07
L_LACD3_REV_g.1274.peg.5577-MONOMER,0.0,2.88910041126757e-07
L_LACD3_FWD_g.1274.peg.5577-MONOMER,0.0,-6.228819215050691e-07
L_LACD3_REV_g.1274.peg.268-MONOMER,0.0,2.9012897717945146e-07
L_LACD3_FWD_g.1274.peg.268-MONOMER,0.0,-6.216629854523747e-07
L_LACt2r_REV_g.1274.peg.6118-MONOMER,0.0,-1.2122750312186328e-41
L_LACt2r_FWD_g.1274.peg.6118-MONOMER,0.0,-2.496393768721369e-07
L_LACt2r_REV_g.1274.peg.2655-MONOMER,0.0,-1.0179137183067343e-07
L_LACt2r_FWD_g.1274.peg.2655-MONOMER,0.0,-3.514307487028103e-07
L_LACt2r_REV_g.1274.peg.4907-MONOMER,0.0,-6.545754418460929e-08
L_LACt2r_FWD_g.1274.peg.4907-MONOMER,0.0,-3.150969210567462e-07
M1PD_REV_CPLX_dummy,0.0,-2.7754725626437756e-07
M1PD_FWD_CPLX_dummy,0.008893154506659685,6.2099779795197205e-37
MACCOAT_REV_g.1274.peg.4158-MONOMER,0.0,-4.077590766314174e-07
MACCOAT_FWD_g.1274.peg.4158-MONOMER,0.0,-3.635953121170381e-08
MACCOAT_REV_g.1274.peg.2741-MONOMER,0.0,-4.3292572851339484e-07
MACCOAT_FWD_g.1274.peg.2741-MONOMER,0.0,-6.152618309368122e-08
MACCOAT_REV_g.1274.peg.1984-MONOMER,0.0,-4.198436599732998e-07
MACCOAT_FWD_g.1274.peg.1984-MONOMER,0.0,-4.844411455358619e-08
MACCOAT_REV_g.1274.peg.974-MONOMER,0.0,-3.713995454197136e-07
MACCOAT_FWD_g.1274.peg.974-MONOMER,-5.6444069188607485e-22,6.36149171244764e-41
MACCOAT_REV_g.1274.peg.5026-MONOMER,0.0,-3.737005435044469e-07
MACCOAT_FWD_g.1274.peg.5026-MONOMER,0.0,-2.3009980847332887e-09
MACCOAT_REV_g.1274.peg.4643-MONOMER,0.0,-4.507637172804481e-07
MACCOAT_FWD_g.1274.peg.4643-MONOMER,0.0,-7.936417186073449e-08
MACCOAT_REV_g.1274.peg.2701-MONOMER,0.0,-4.079663758324766e-07
MACCOAT_FWD_g.1274.peg.2701-MONOMER,0.0,-3.656683041276298e-08
MACCOAT_REV_g.1274.peg.997-MONOMER,0.0,-4.0705283059352634e-07
MACCOAT_FWD_g.1274.peg.997-MONOMER,0.0,-3.5653285173812706e-08
MACCOAT_REV_g.1274.peg.5023-MONOMER,0.0,-4.167585289376246e-07
MACCOAT_FWD_g.1274.peg.5023-MONOMER,0.0,-4.5358983517910984e-08
MALCOAPYRCT_REV_g.1274.peg.498-MONOMER,0.061620649728714824,3.361801653311583e-41
MALCOAPYRCT_FWD_g.1274.peg.498-MONOMER,0.0,-2.5163301802676097e-07
MALDC_REV_CPLX_MALDC-0,0.0,-4.553866962823601e-07
MALDC_FWD_CPLX_MALDC-0,0.0,-2.254352718413335e-41
MALNAt_REV_g.1274.peg.131-MONOMER,0.0,-2.0968918246956655e-41
MALNAt_FWD_g.1274.peg.131-MONOMER,0.0,-3.7419577840072815e-07
MALTabc_REV_g.1274.peg.4430-MONOMER,0.0,-2.0201661875947438e-07
MALTabc_FWD_g.1274.peg.4430-MONOMER,3.9172704892974047e-23,1.2020460704236604e-39
MALTpts_REV_g.1274.peg.3316-MONOMER,0.0,-3.082653102857433e-07
MALTpts_FWD_g.1274.peg.3316-MONOMER,0.0,0.0
MALTpts_REV_g.1274.peg.1695-MONOMER,0.0,-4.1468379594149354e-07
MALTpts_FWD_g.1274.peg.1695-MONOMER,0.0,-1.0641848565575023e-07
MALt2_REV_g.1274.peg.131-MONOMER,0.0,-1.9295688251600895e-07
MALt2_FWD_g.1274.peg.131-MONOMER,0.0,-1.812388958847192e-07
MALt2_REV_g.1274.peg.1639-MONOMER,0.0,-2.2449428468667738e-07
MALt2_FWD_g.1274.peg.1639-MONOMER,0.0,-2.127762980553876e-07
MALt2_2_REV_g.1274.peg.2324-MONOMER,0.0,4.016134330477454e-10
MALt2_2_FWD_g.1274.peg.2324-MONOMER,0.0,-4.13344974933627e-07
MAN6PI_REV_g.1274.peg.6010-MONOMER,0.0,-6.164335109219789e-08
MAN6PI_FWD_g.1274.peg.6010-MONOMER,0.0,-3.885171226198819e-08
MAN6PI_REV_g.1274.peg.3962-MONOMER,0.0,-2.27916388302097e-08
MAN6PI_FWD_g.1274.peg.3962-MONOMER,-2.3468723126921106e-35,-2.1361604630639426e-40
MANAD_D_REV_g.1274.peg.5357-MONOMER,0.0,-3.407974341913691e-07
MANAD_D_FWD_g.1274.peg.5357-MONOMER,0.0,-5.35992041040325e-40
MANpts_REV_g.1274.peg.3316-MONOMER,0.0,-2.6592243251522375e-07
MANpts_FWD_g.1274.peg.3316-MONOMER,0.0,-4.234287777051955e-08
MANpts_REV_g.1274.peg.1695-MONOMER,0.0,-3.72340918170974e-07
MANpts_FWD_g.1274.peg.1695-MONOMER,0.0,-1.487613634262698e-07
MCCCr_REV_g.1274.peg.5232-MONOMER,1.52587800287782e-22,2.7629137466505657e-40
MCCCr_FWD_g.1274.peg.5232-MONOMER,0.0,-3.840923862204704e-07
MCCCr_REV_CPLX_MCCCr-0,0.0,-2.0986208224894216e-08
MCCCr_FWD_CPLX_MCCCr-0,0.0,-4.0507859444536464e-07
MCITD_REV_CPLX_dummy,0.0,7.794298130767485e-07
MCITD_FWD_CPLX_dummy,0.0,-1.0569770693411261e-06
MCITD2_REV_g.1274.peg.1741-MONOMER,0.0,9.12934395766332e-42
MCITD2_FWD_g.1274.peg.1741-MONOMER,0.0,-1.5972019300831518e-07
MCITL2_REV_CPLX_dummy,0.0,0.0
MCITL2_FWD_CPLX_dummy,0.0,-2.7754725626437756e-07
MCITS_REV_g.1274.peg.5685-MONOMER,0.0,-3.2826694808517303e-07
MCITS_FWD_g.1274.peg.5685-MONOMER,0.0,3.445472382683694e-41
MCLOR_REV_g.1274.peg.4613-MONOMER,0.0,-1.3495991534809136e-08
MCLOR_FWD_g.1274.peg.4613-MONOMER,0.0,-2.654891266080757e-07
MCLOR_REV_g.1274.peg.5127-MONOMER,0.0,-5.385749128565637e-08
MCLOR_FWD_g.1274.peg.5127-MONOMER,0.0,-3.0585062635892296e-07
MCLOR_REV_g.1274.peg.4896-MONOMER,0.0,-7.043582265078714e-08
MCLOR_FWD_g.1274.peg.4896-MONOMER,0.0,-3.2242895772405375e-07
MCLOR_REV_g.1274.peg.2808-MONOMER_mod_fmn(1),0.0,7.469036633582362e-40
MCLOR_FWD_g.1274.peg.2808-MONOMER_mod_fmn(1),0.0,-2.519931350732666e-07
MCLOR_REV_g.1274.peg.5577-MONOMER,0.0,-4.098937265252272e-08
MCLOR_FWD_g.1274.peg.5577-MONOMER,0.0,-2.9298250772578935e-07
MCLOR_REV_g.1274.peg.268-MONOMER,0.0,-3.977043659982829e-08
MCLOR_FWD_g.1274.peg.268-MONOMER,0.0,-2.917635716730949e-07
MCOATA_REV_g.1274.peg.4628-MONOMER,0.0,-5.200717062530801e-07
MCOATA_FWD_g.1274.peg.4628-MONOMER,0.0,-1.3646277323398114e-07
MCOATA_REV_g.1274.peg.514-MONOMER,0.0,-3.83608933019099e-07
MCOATA_FWD_g.1274.peg.514-MONOMER,0.061620649728714824,1.5922100080393546e-35
MCOATA_REV_g.1274.peg.4953-MONOMER,0.0,-4.370892614572728e-07
MCOATA_FWD_g.1274.peg.4953-MONOMER,0.0,-5.3480328438173874e-08
MCPST_REV_g.1274.peg.3402-MONOMER,0.0,-3.3355636052626475e-07
MCPST_FWD_g.1274.peg.3402-MONOMER,0.0,0.0
MCREAOOX_REV_g.1274.peg.469-MONOMER,0.0,-2.1549986652892285e-07
MCREAOOX_FWD_g.1274.peg.469-MONOMER,0.0,1.0544666586126602e-39
MCREAOOX_REV_g.1274.peg.2512-MONOMER,0.0,-2.5345887138822625e-07
MCREAOOX_FWD_g.1274.peg.2512-MONOMER,0.0,-3.795900485930339e-08
MCREAOOX_REV_g.1274.peg.3711-MONOMER,0.0,-2.394887906535659e-07
MCREAOOX_FWD_g.1274.peg.3711-MONOMER,0.0,-2.3988924124643065e-08
MCSNAH1r_REV_g.1274.peg.4301-MONOMER_mod_cobalt2(1)_mod_zn2(1),0.0,-3.1461923545620244e-07
MCSNAH1r_FWD_g.1274.peg.4301-MONOMER_mod_cobalt2(1)_mod_zn2(1),0.0,0.0
MCSNAH1r_REV_g.1274.peg.4301-MONOMER_mod_fe2(1)_mod_zn2(1),0.0,-3.147369029334749e-07
MCSNAH1r_FWD_g.1274.peg.4301-MONOMER_mod_fe2(1)_mod_zn2(1),0.0,-1.1766747727244972e-10
MCSNAH1r_REV_g.1274.peg.4301-MONOMER_mod_mn2(1)_mod_zn2(1),0.0,-3.147713426146178e-07
MCSNAH1r_FWD_g.1274.peg.4301-MONOMER_mod_mn2(1)_mod_zn2(1),0.0,-1.5210715841539796e-10
MDH_REV_398578.3.peg.2420-MONOMER,0.1214270480778266,8.654550900969858e-40
MDH_FWD_398578.3.peg.2420-MONOMER,0.0,-3.479154842307241e-07
ME2_REV_g.1274.peg.1369-MONOMER_mod_mn2(1),0.0,-3.8105188162032043e-07
ME2_FWD_g.1274.peg.1369-MONOMER_mod_mn2(1),0.0,-3.315774073136883e-07
ME2_REV_g.1274.peg.1369-MONOMER_mod_mg2(1),0.0,-3.812536038345583e-07
ME2_FWD_g.1274.peg.1369-MONOMER_mod_mg2(1),0.0,-3.317791295279262e-07
ME2_REV_g.1274.peg.5368-MONOMER,0.0,-2.084660924946556e-07
ME2_FWD_g.1274.peg.5368-MONOMER,0.0,-1.5899161818802344e-07
MECDPDH2_REV_g.1274.peg.4270-MONOMER_mod_mn2(1),0.0,-3.2991013892755364e-07
MECDPDH2_FWD_g.1274.peg.4270-MONOMER_mod_mn2(1),0.00893401220681329,-1.9489267635509777e-40
MECDPS_REV_g.1274.peg.2468-MONOMER_mod_mn2(1),0.0,-3.305321722287018e-07
MECDPS_FWD_g.1274.peg.2468-MONOMER_mod_mn2(1),0.00893401220681329,-9.070162026711027e-40
MECDPS_REV_g.1274.peg.3381-MONOMER,0.0,-3.8302724099298377e-07
MECDPS_FWD_g.1274.peg.3381-MONOMER,0.0,-5.249506876428199e-08
MEPCT_REV_g.1274.peg.2113-MONOMER_mod_mn2(1),0.0,-4.600611840644026e-07
MEPCT_FWD_g.1274.peg.2113-MONOMER_mod_mn2(1),0.0,-1.3098251572882427e-10
MEPCT_REV_g.1274.peg.2113-MONOMER_mod_mg2(1),0.0,-4.610656431871758e-07
MEPCT_FWD_g.1274.peg.2113-MONOMER_mod_mg2(1),0.0,-1.1354416385020361e-09
MEPCT_REV_g.1274.peg.2113-MONOMER_mod_cobalt2(1),0.0,-4.599302015486738e-07
MEPCT_FWD_g.1274.peg.2113-MONOMER_mod_cobalt2(1),0.00893401220681329,-7.887734390586364e-40
METALA1c_REV_g.1274.peg.3961-MONOMER,0.0,-1.0856937269318763e-07
METALA1c_FWD_g.1274.peg.3961-MONOMER,0.0,-3.5435158719504663e-07
METALA1c_REV_g.1274.peg.2206-MONOMER_mod_zn2(1),0.0,-3.3307971780081247e-07
METALA1c_FWD_g.1274.peg.2206-MONOMER_mod_zn2(1),0.0,-5.788619323026715e-07
METALA1c_REV_g.1274.peg.4659-MONOMER,0.0,-1.2155370227467304e-08
METALA1c_FWD_g.1274.peg.4659-MONOMER,0.0,-2.579375847293263e-07
METALA1c_REV_g.1274.peg.4790-MONOMER_mod_fe2(2),0.0,-4.36080129358912e-41
METALA1c_FWD_g.1274.peg.4790-MONOMER_mod_fe2(2),0.0,-2.45782214501859e-07
METALA1c_REV_g.1274.peg.2757-MONOMER,0.0,-4.3189317475998703e-08
METALA1c_FWD_g.1274.peg.2757-MONOMER,0.0,-2.889715319778577e-07
METALA1c_REV_g.1274.peg.2527-MONOMER,0.0,-1.054422316834482e-07
METALA1c_FWD_g.1274.peg.2527-MONOMER,0.0,-3.512244461853072e-07
METALAabc_REV_g.1274.peg.5591-MONOMER,0.0,3.351354690213047e-07
METALAabc_FWD_g.1274.peg.5591-MONOMER,0.0,-6.485727368118337e-07
METALAabc_REV_g.1274.peg.2950-MONOMER,0.0,3.6479007960642635e-07
METALAabc_FWD_g.1274.peg.2950-MONOMER,0.0,-6.18918126226712e-07
METALAabc_REV_g.1274.peg.5274-MONOMER,0.0,3.259658136802218e-07
METALAabc_FWD_g.1274.peg.5274-MONOMER,0.0,-6.577423921529166e-07
METALAabc_REV_g.1274.peg.5415-MONOMER,0.0,3.4012856890721195e-07
METALAabc_FWD_g.1274.peg.5415-MONOMER,0.0,-6.435796369259264e-07
METALAabc_REV_g.1274.peg.5937-MONOMER,0.0,3.571461874604755e-07
METALAabc_FWD_g.1274.peg.5937-MONOMER,0.0,-6.265620183726629e-07
METAT_REV_g.1274.peg.5170-MONOMER_mod_cs(4)_mod_zn2(1),0.0,-4.4408528088671504e-07
METAT_FWD_g.1274.peg.5170-MONOMER_mod_cs(4)_mod_zn2(1),0.0,-2.2286320765986968e-09
METAT_REV_g.1274.peg.5170-MONOMER_mod_nh4(4)_mod_cobalt2(1),0.0,-4.4314899944462725e-07
METAT_FWD_g.1274.peg.5170-MONOMER_mod_nh4(4)_mod_cobalt2(1),0.0,-1.2923506345109328e-09
METAT_REV_g.1274.peg.5170-MONOMER_mod_nh4(4)_mod_mg2(1),0.0,-4.436425928547353e-07
METAT_FWD_g.1274.peg.5170-MONOMER_mod_nh4(4)_mod_mg2(1),0.0,-1.7859440446189215e-09
METAT_REV_g.1274.peg.5170-MONOMER_mod_tl(4)_mod_cd2(1),0.0,-4.4416819395231813e-07
METAT_FWD_g.1274.peg.5170-MONOMER_mod_tl(4)_mod_cd2(1),0.0,-2.3115451422018193e-09
METAT_REV_g.1274.peg.5170-MONOMER_mod_cs(4)_mod_mg2(1),0.0,-4.4467153607047805e-07
METAT_FWD_g.1274.peg.5170-MONOMER_mod_cs(4)_mod_mg2(1),0.0,-2.814887260361687e-09
METAT_REV_g.1274.peg.5170-MONOMER_mod_cs(4)_mod_ca2(1),0.0,-4.44446539886225e-07
METAT_FWD_g.1274.peg.5170-MONOMER_mod_cs(4)_mod_ca2(1),0.0,-2.589891076108654e-09
METAT_REV_g.1274.peg.5170-MONOMER_mod_cs(4)_mod_cd2(1),0.0,-4.4416819395231813e-07
METAT_FWD_g.1274.peg.5170-MONOMER_mod_cs(4)_mod_cd2(1),0.0,-2.3115451422018193e-09
METAT_REV_g.1274.peg.5170-MONOMER_mod_k(4)_mod_mg2(1),0.0,-4.424420957015346e-07
METAT_FWD_g.1274.peg.5170-MONOMER_mod_k(4)_mod_mg2(1),0.0,-5.854468914182991e-10
METAT_REV_g.1274.peg.5170-MONOMER_mod_nh4(4)_mod_zn2(1),0.0,-4.4305671082367546e-07
METAT_FWD_g.1274.peg.5170-MONOMER_mod_nh4(4)_mod_zn2(1),0.0,-1.2000620135591007e-09
METAT_REV_g.1274.peg.5170-MONOMER_mod_tl(4)_mod_ni2(1),0.0,-4.444153721739878e-07
METAT_FWD_g.1274.peg.5170-MONOMER_mod_tl(4)_mod_ni2(1),0.0,-2.5587233638715077e-09
METAT_REV_g.1274.peg.5170-MONOMER_mod_na1(4)_mod_cobalt2(1),0.0,-4.4286666701366473e-07
METAT_FWD_g.1274.peg.5170-MONOMER_mod_na1(4)_mod_cobalt2(1),0.0,-1.0100182035483898e-09
METAT_REV_g.1274.peg.5170-MONOMER_mod_tl(4)_mod_ca2(1),0.0,-4.44446539886225e-07
METAT_FWD_g.1274.peg.5170-MONOMER_mod_tl(4)_mod_ca2(1),0.0,-2.589891076108654e-09
METAT_REV_g.1274.peg.5170-MONOMER_mod_na1(4)_mod_mn2(1),0.0,-4.429236125104211e-07
METAT_FWD_g.1274.peg.5170-MONOMER_mod_na1(4)_mod_mn2(1),0.0,-1.066963700304802e-09
METAT_REV_g.1274.peg.5170-MONOMER_mod_k(4)_mod_cd2(1),0.0,-4.4193997225189304e-07
METAT_FWD_g.1274.peg.5170-MONOMER_mod_k(4)_mod_cd2(1),0.0,-8.332344177670646e-11
METAT_REV_g.1274.peg.5170-MONOMER_mod_na1(4)_mod_ca2(1),0.0,-4.4313536050414526e-07
METAT_FWD_g.1274.peg.5170-MONOMER_mod_na1(4)_mod_ca2(1),0.0,-1.2787116940289014e-09
METAT_REV_g.1274.peg.5170-MONOMER_mod_tl(4)_mod_mn2(1),0.0,-4.442346199944751e-07
METAT_FWD_g.1274.peg.5170-MONOMER_mod_tl(4)_mod_mn2(1),0.0,-2.377971184358751e-09
METAT_REV_g.1274.peg.5170-MONOMER_mod_k(4)_mod_zn2(1),0.0,-4.418566488101163e-07
METAT_FWD_g.1274.peg.5170-MONOMER_mod_k(4)_mod_zn2(1),0.0002193441139298719,1.3092335742197963e-39
METAT_REV_g.1274.peg.5170-MONOMER_mod_nh4(4)_mod_ni2(1),0.0,-4.4338639800594777e-07
METAT_FWD_g.1274.peg.5170-MONOMER_mod_nh4(4)_mod_ni2(1),0.0,-1.5297491958314545e-09
METAT_REV_g.1274.peg.5170-MONOMER_mod_k(4)_mod_cobalt2(1),0.0,-4.41948868894823e-07
METAT_FWD_g.1274.peg.5170-MONOMER_mod_k(4)_mod_cobalt2(1),0.0,-9.222008470665997e-11
METAT_REV_g.1274.peg.5170-MONOMER_mod_k(4)_mod_ni2(1),0.0,-4.421858648443742e-07
METAT_FWD_g.1274.peg.5170-MONOMER_mod_k(4)_mod_ni2(1),0.0,-3.2921603425787697e-10
METAT_REV_g.1274.peg.5170-MONOMER_mod_na1(4)_mod_mg2(1),0.0,-4.4336017417618133e-07
METAT_FWD_g.1274.peg.5170-MONOMER_mod_na1(4)_mod_mg2(1),0.0,-1.5035253660649977e-09
METAT_REV_g.1274.peg.5170-MONOMER_mod_cs(4)_mod_cobalt2(1),0.0,-4.4417762828071267e-07
METAT_FWD_g.1274.peg.5170-MONOMER_mod_cs(4)_mod_cobalt2(1),0.0,-2.32097947059636e-09
METAT_REV_g.1274.peg.5170-MONOMER_mod_nh4(4)_mod_ca2(1),0.0,-4.434177398912171e-07
METAT_FWD_g.1274.peg.5170-MONOMER_mod_nh4(4)_mod_ca2(1),0.0,-1.5610910811007366e-09
METAT_REV_g.1274.peg.5170-MONOMER_mod_nh4(4)_mod_cd2(1),0.0,-4.431398133910385e-07
METAT_FWD_g.1274.peg.5170-MONOMER_mod_nh4(4)_mod_cd2(1),0.0,-1.2831645809221931e-09
METAT_REV_g.1274.peg.5170-MONOMER_mod_cs(4)_mod_mn2(1),0.0,-4.442346199944751e-07
METAT_FWD_g.1274.peg.5170-MONOMER_mod_cs(4)_mod_mn2(1),0.0,-2.377971184358751e-09
METAT_REV_g.1274.peg.5170-MONOMER_mod_na1(4)_mod_zn2(1),0.0,-4.4277439451663747e-07
METAT_FWD_g.1274.peg.5170-MONOMER_mod_na1(4)_mod_zn2(1),0.0,-9.177457065211256e-10
METAT_REV_g.1274.peg.5170-MONOMER_mod_tl(4)_mod_mg2(1),0.0,-4.4467153607047805e-07
METAT_FWD_g.1274.peg.5170-MONOMER_mod_tl(4)_mod_mg2(1),0.0,-2.814887260361687e-09
METAT_REV_g.1274.peg.5170-MONOMER_mod_cs(4)_mod_ni2(1),0.0,-4.444153721739878e-07
METAT_FWD_g.1274.peg.5170-MONOMER_mod_cs(4)_mod_ni2(1),0.0,-2.5587233638715077e-09
METAT_REV_g.1274.peg.5170-MONOMER_mod_na1(4)_mod_ni2(1),0.0,-4.4310397083885965e-07
METAT_FWD_g.1274.peg.5170-MONOMER_mod_na1(4)_mod_ni2(1),0.0,-1.2473220287433273e-09
METAT_REV_g.1274.peg.5170-MONOMER_mod_na1(4)_mod_cd2(1),0.0,-4.428575490686142e-07
METAT_FWD_g.1274.peg.5170-MONOMER_mod_na1(4)_mod_cd2(1),0.0,-1.0009002584978924e-09
METAT_REV_g.1274.peg.5170-MONOMER_mod_nh4(4)_mod_mn2(1),0.0,-4.4320595489104647e-07
METAT_FWD_g.1274.peg.5170-MONOMER_mod_nh4(4)_mod_mn2(1),0.0,-1.3493060809301421e-09
METAT_REV_g.1274.peg.5170-MONOMER_mod_k(4)_mod_mn2(1),0.0,-4.420057820492771e-07
METAT_FWD_g.1274.peg.5170-MONOMER_mod_k(4)_mod_mn2(1),0.0,-1.4913323916080572e-10
METAT_REV_g.1274.peg.5170-MONOMER_mod_tl(4)_mod_zn2(1),0.0,-4.4408528088671504e-07
METAT_FWD_g.1274.peg.5170-MONOMER_mod_tl(4)_mod_zn2(1),0.0,-2.2286320765986968e-09
METAT_REV_g.1274.peg.5170-MONOMER_mod_k(4)_mod_ca2(1),0.0,-4.422174097501077e-07
METAT_FWD_g.1274.peg.5170-MONOMER_mod_k(4)_mod_ca2(1),0.0,-3.6076093999134656e-10
METAT_REV_g.1274.peg.5170-MONOMER_mod_tl(4)_mod_cobalt2(1),0.0,-4.4417762828071267e-07
METAT_FWD_g.1274.peg.5170-MONOMER_mod_tl(4)_mod_cobalt2(1),0.0,-2.32097947059636e-09
METDabc_REV_CPLX_METDabc-10,0.0,-3.5093407243689767e-07
METDabc_FWD_CPLX_METDabc-10,0.0,-3.487389627745163e-08
METDabc_REV_CPLX_METDabc-28,0.0,-3.2264640739793193e-07
METDabc_FWD_CPLX_METDabc-28,0.0,-6.5862312384859076e-09
METDabc_REV_CPLX_METDabc-21,0.0,-3.276919457032133e-07
METDabc_FWD_CPLX_METDabc-21,0.0,-1.1631769543767295e-08
METDabc_REV_CPLX_METDabc-6,0.0,-3.2469652699532876e-07
METDabc_FWD_CPLX_METDabc-6,0.0,-8.636350835882708e-09
METDabc_REV_CPLX_METDabc-31,0.0,-3.1606017615944605e-07
METDabc_FWD_CPLX_METDabc-31,0.0,-8.242819947520569e-41
METDabc_REV_CPLX_METDabc-8,0.0,-3.513440264931236e-07
METDabc_FWD_CPLX_METDabc-8,0.0,-3.528385033367753e-08
METDabc_REV_CPLX_METDabc-17,0.0,-3.383782761401104e-07
METDabc_FWD_CPLX_METDabc-17,0.0,-2.2318099980664346e-08
METDabc_REV_CPLX_METDabc-4,0.0,-3.2538972868245836e-07
METDabc_FWD_CPLX_METDabc-4,0.0,-9.329552523012334e-09
METDabc_REV_CPLX_METDabc-27,0.0,-3.200751502510728e-07
METDabc_FWD_CPLX_METDabc-27,0.0,-4.014974091626764e-09
METDabc_REV_CPLX_METDabc-16,0.0,-3.375432754493297e-07
METDabc_FWD_CPLX_METDabc-16,0.0,-2.1483099289883675e-08
METDabc_REV_CPLX_METDabc-22,0.0,-3.2621783056251213e-07
METDabc_FWD_CPLX_METDabc-22,0.0,-1.0157654403066074e-08
METDabc_REV_CPLX_METDabc-12,0.0,-3.271118690781838e-07
METDabc_FWD_CPLX_METDabc-12,0.0,-1.1051692918737775e-08
METDabc_REV_CPLX_METDabc-18,0.0,-3.369824289381379e-07
METDabc_FWD_CPLX_METDabc-18,0.0,-2.0922252778691872e-08
METDabc_REV_CPLX_METDabc-25,0.0,-3.2737075710092503e-07
METDabc_FWD_CPLX_METDabc-25,0.0,-1.1310580941478975e-08
METDabc_REV_CPLX_METDabc-24,0.0,-3.2655523560013243e-07
METDabc_FWD_CPLX_METDabc-24,0.0,-1.0495059440686359e-08
METDabc_REV_CPLX_METDabc-0,0.0,-3.2610780264196073e-07
METDabc_FWD_CPLX_METDabc-0,0.0,-1.0047626482514674e-08
METDabc_REV_CPLX_METDabc-13,0.0,-3.279170379706544e-07
METDabc_FWD_CPLX_METDabc-13,0.0,-1.1856861811208313e-08
METDabc_REV_CPLX_METDabc-7,0.0,-3.188850374015585e-07
METDabc_FWD_CPLX_METDabc-7,0.0,-2.8248612421124355e-09
METDabc_REV_CPLX_METDabc-26,0.0,-3.258750840462616e-07
METDabc_FWD_CPLX_METDabc-26,0.0,-9.81490788681556e-09
METDabc_REV_CPLX_METDabc-19,0.0,-3.3104419504099105e-07
METDabc_FWD_CPLX_METDabc-19,0.0,-1.498401888154501e-08
METDabc_REV_CPLX_METDabc-5,0.0,-3.2620689828129824e-07
METDabc_FWD_CPLX_METDabc-5,0.0,-1.0146722121852211e-08
METDabc_REV_CPLX_METDabc-14,0.0,-3.264386550123537e-07
METDabc_FWD_CPLX_METDabc-14,0.0,-1.0378478852907637e-08
METDabc_REV_CPLX_METDabc-1,0.0,-3.2690795684205886e-07
METDabc_FWD_CPLX_METDabc-1,0.0,-1.0847780682612794e-08
METDabc_REV_CPLX_METDabc-15,0.0,-3.207117941764171e-07
METDabc_FWD_CPLX_METDabc-15,0.0,-4.651618016971049e-09
METDabc_REV_CPLX_METDabc-9,0.0,-3.5220956425965065e-07
METDabc_FWD_CPLX_METDabc-9,0.0,-3.614938810020462e-08
METDabc_REV_CPLX_METDabc-30,0.0,-3.219215451467926e-07
METDabc_FWD_CPLX_METDabc-30,0.0,-5.86136898734656e-09
METDabc_REV_CPLX_METDabc-29,0.0,-3.234706713010083e-07
METDabc_FWD_CPLX_METDabc-29,0.0,-7.410495141562282e-09
METDabc_REV_CPLX_METDabc-20,0.0,-3.2689287646590453e-07
METDabc_FWD_CPLX_METDabc-20,0.0,-1.083270030645848e-08
METDabc_REV_CPLX_METDabc-3,0.0,-3.197327894174027e-07
METDabc_FWD_CPLX_METDabc-3,0.0,-3.67261325795668e-09
METDabc_REV_CPLX_METDabc-23,0.0,-3.2053406442233073e-07
METDabc_FWD_CPLX_METDabc-23,0.0,-4.473888262884685e-09
METDabc_REV_CPLX_METDabc-2,0.0,-3.254241698401265e-07
METDabc_FWD_CPLX_METDabc-2,0.0,-9.363993680680457e-09
METDabc_REV_CPLX_METDabc-11,0.0,-3.4477923962857557e-07
METDabc_FWD_CPLX_METDabc-11,0.0,-2.8719063469129513e-08
METFR_REV_g.1274.peg.1582-MONOMER,0.0,-1.860394692816874e-08
METFR_FWD_g.1274.peg.1582-MONOMER,0.0,-3.104617752426673e-07
METFR_REV_g.1274.peg.5598-MONOMER_mod_fad(1),0.00010055273424564956,-2.4325684077223002e-39
METFR_FWD_g.1274.peg.5598-MONOMER_mod_fad(1),0.0,-2.9185782831449855e-07
METS_REV_398578.3.peg.231-MONOMER_mod_zn2(1)_mod_cbl1(1),0.0,-2.620034666163718e-07
METS_FWD_398578.3.peg.231-MONOMER_mod_zn2(1)_mod_cbl1(1),0.0,-3.611271518129903e-08
METS_REV_398578.3.peg.168-MONOMER,0.0,-2.812773598473034e-07
METS_FWD_398578.3.peg.168-MONOMER,0.0,-5.5386608412230586e-08
METSOX1abc_REV_CPLX_METDabc-10,0.0,5.584073180205897e-07
METSOX1abc_FWD_CPLX_METDabc-10,0.0,-9.44215286734939e-07
METSOX1abc_REV_CPLX_METDabc-28,0.0,5.866949830595555e-07
METSOX1abc_FWD_CPLX_METDabc-28,0.0,-9.159276216959733e-07
METSOX1abc_REV_CPLX_METDabc-21,0.0,5.81649444754274e-07
METSOX1abc_FWD_CPLX_METDabc-21,0.0,-9.209731600012547e-07
METSOX1abc_REV_CPLX_METDabc-6,0.0,5.846448634621586e-07
METSOX1abc_FWD_CPLX_METDabc-6,0.0,-9.1797774129337e-07
METSOX1abc_REV_CPLX_METDabc-31,0.0,5.932812142980413e-07
METSOX1abc_FWD_CPLX_METDabc-31,0.0,-9.093413904574874e-07
METSOX1abc_REV_CPLX_METDabc-8,0.0,5.579973639643638e-07
METSOX1abc_FWD_CPLX_METDabc-8,0.0,-9.446252407911649e-07
METSOX1abc_REV_CPLX_METDabc-17,0.0,5.709631143173769e-07
METSOX1abc_FWD_CPLX_METDabc-17,0.0,-9.316594904381517e-07
METSOX1abc_REV_CPLX_METDabc-4,0.0,5.83951661775029e-07
METSOX1abc_FWD_CPLX_METDabc-4,0.0,-9.186709429804998e-07
METSOX1abc_REV_CPLX_METDabc-27,0.0,5.892662402064146e-07
METSOX1abc_FWD_CPLX_METDabc-27,0.0,-9.133563645491141e-07
METSOX1abc_REV_CPLX_METDabc-16,0.0,5.717981150081577e-07
METSOX1abc_FWD_CPLX_METDabc-16,0.0,-9.308244897473711e-07
METSOX1abc_REV_CPLX_METDabc-22,0.0,5.831235598949752e-07
METSOX1abc_FWD_CPLX_METDabc-22,0.0,-9.194990448605535e-07
METSOX1abc_REV_CPLX_METDabc-12,0.0,5.822295213793035e-07
METSOX1abc_FWD_CPLX_METDabc-12,0.0,-9.203930833762252e-07
METSOX1abc_REV_CPLX_METDabc-18,0.0,5.723589615193495e-07
METSOX1abc_FWD_CPLX_METDabc-18,0.0,-9.302636432361792e-07
METSOX1abc_REV_CPLX_METDabc-25,0.0,5.819706333565623e-07
METSOX1abc_FWD_CPLX_METDabc-25,0.0,-9.206519713989664e-07
METSOX1abc_REV_CPLX_METDabc-24,0.0,5.82786154857355e-07
METSOX1abc_FWD_CPLX_METDabc-24,0.0,-9.198364498981738e-07
METSOX1abc_REV_CPLX_METDabc-0,0.0,5.832335878155267e-07
METSOX1abc_FWD_CPLX_METDabc-0,0.0,-9.19389016940002e-07
METSOX1abc_REV_CPLX_METDabc-13,0.0,5.81424352486833e-07
METSOX1abc_FWD_CPLX_METDabc-13,0.0,-9.211982522686957e-07
METSOX1abc_REV_CPLX_METDabc-7,0.0,5.904563530559289e-07
METSOX1abc_FWD_CPLX_METDabc-7,0.0,-9.121662516995998e-07
METSOX1abc_REV_CPLX_METDabc-26,0.0,5.834663064112258e-07
METSOX1abc_FWD_CPLX_METDabc-26,0.0,-9.191562983443029e-07
METSOX1abc_REV_CPLX_METDabc-19,0.0,5.782971954164963e-07
METSOX1abc_FWD_CPLX_METDabc-19,0.0,-9.243254093390324e-07
METSOX1abc_REV_CPLX_METDabc-5,0.0,5.831344921761891e-07
METSOX1abc_FWD_CPLX_METDabc-5,0.0,-9.194881125793396e-07
METSOX1abc_REV_CPLX_METDabc-14,0.0,5.829027354451337e-07
METSOX1abc_FWD_CPLX_METDabc-14,0.0,-9.19719869310395e-07
METSOX1abc_REV_CPLX_METDabc-1,0.0,5.824334336154285e-07
METSOX1abc_FWD_CPLX_METDabc-1,0.0,-9.201891711401002e-07
METSOX1abc_REV_CPLX_METDabc-15,0.0,5.886295962810703e-07
METSOX1abc_FWD_CPLX_METDabc-15,0.0,-9.139930084744584e-07
METSOX1abc_REV_CPLX_METDabc-9,0.0,5.571318261978367e-07
METSOX1abc_FWD_CPLX_METDabc-9,0.0,-9.45490778557692e-07
METSOX1abc_REV_CPLX_METDabc-30,0.0,5.874198453106947e-07
METSOX1abc_FWD_CPLX_METDabc-30,0.0,-9.15202759444834e-07
METSOX1abc_REV_CPLX_METDabc-29,0.0,5.85870719156479e-07
METSOX1abc_FWD_CPLX_METDabc-29,0.0,-9.167518855990497e-07
METSOX1abc_REV_CPLX_METDabc-20,0.0,5.824485139915829e-07
METSOX1abc_FWD_CPLX_METDabc-20,0.0,-9.201740907639458e-07
METSOX1abc_REV_CPLX_METDabc-3,0.0,5.896086010400847e-07
METSOX1abc_FWD_CPLX_METDabc-3,0.0,-9.13014003715444e-07
METSOX1abc_REV_CPLX_METDabc-23,0.0,5.888073260351566e-07
METSOX1abc_FWD_CPLX_METDabc-23,0.0,-9.138152787203721e-07
METSOX1abc_REV_CPLX_METDabc-2,0.0,5.839172206173608e-07
METSOX1abc_FWD_CPLX_METDabc-2,0.0,-9.187053841381678e-07
METSOX1abc_REV_CPLX_METDabc-11,0.0,5.645621508289118e-07
METSOX1abc_FWD_CPLX_METDabc-11,0.0,-9.380604539266169e-07
METSOX2abc_REV_CPLX_METDabc-10,0.0,-3.5093407243689767e-07
METSOX2abc_FWD_CPLX_METDabc-10,0.0,-3.487389627745163e-08
METSOX2abc_REV_CPLX_METDabc-28,0.0,-3.2264640739793193e-07
METSOX2abc_FWD_CPLX_METDabc-28,0.0,-6.5862312384859076e-09
METSOX2abc_REV_CPLX_METDabc-21,0.0,-3.276919457032133e-07
METSOX2abc_FWD_CPLX_METDabc-21,0.0,-1.1631769543767295e-08
METSOX2abc_REV_CPLX_METDabc-6,0.0,-3.2469652699532876e-07
METSOX2abc_FWD_CPLX_METDabc-6,0.0,-8.636350835882708e-09
METSOX2abc_REV_CPLX_METDabc-31,0.0,-3.1606017615944605e-07
METSOX2abc_FWD_CPLX_METDabc-31,0.0,-8.242819947520569e-41
METSOX2abc_REV_CPLX_METDabc-8,0.0,-3.513440264931236e-07
METSOX2abc_FWD_CPLX_METDabc-8,0.0,-3.528385033367753e-08
METSOX2abc_REV_CPLX_METDabc-17,0.0,-3.383782761401104e-07
METSOX2abc_FWD_CPLX_METDabc-17,0.0,-2.2318099980664346e-08
METSOX2abc_REV_CPLX_METDabc-4,0.0,-3.2538972868245836e-07
METSOX2abc_FWD_CPLX_METDabc-4,0.0,-9.329552523012334e-09
METSOX2abc_REV_CPLX_METDabc-27,0.0,-3.200751502510728e-07
METSOX2abc_FWD_CPLX_METDabc-27,0.0,-4.014974091626764e-09
METSOX2abc_REV_CPLX_METDabc-16,0.0,-3.375432754493297e-07
METSOX2abc_FWD_CPLX_METDabc-16,0.0,-2.1483099289883675e-08
METSOX2abc_REV_CPLX_METDabc-22,0.0,-3.2621783056251213e-07
METSOX2abc_FWD_CPLX_METDabc-22,0.0,-1.0157654403066074e-08
METSOX2abc_REV_CPLX_METDabc-12,0.0,-3.271118690781838e-07
METSOX2abc_FWD_CPLX_METDabc-12,0.0,-1.1051692918737775e-08
METSOX2abc_REV_CPLX_METDabc-18,0.0,-3.369824289381379e-07
METSOX2abc_FWD_CPLX_METDabc-18,0.0,-2.0922252778691872e-08
METSOX2abc_REV_CPLX_METDabc-25,0.0,-3.2737075710092503e-07
METSOX2abc_FWD_CPLX_METDabc-25,0.0,-1.1310580941478975e-08
METSOX2abc_REV_CPLX_METDabc-24,0.0,-3.2655523560013243e-07
METSOX2abc_FWD_CPLX_METDabc-24,0.0,-1.0495059440686359e-08
METSOX2abc_REV_CPLX_METDabc-0,0.0,-3.2610780264196073e-07
METSOX2abc_FWD_CPLX_METDabc-0,0.0,-1.0047626482514674e-08
METSOX2abc_REV_CPLX_METDabc-13,0.0,-3.279170379706544e-07
METSOX2abc_FWD_CPLX_METDabc-13,0.0,-1.1856861811208313e-08
METSOX2abc_REV_CPLX_METDabc-7,0.0,-3.188850374015585e-07
METSOX2abc_FWD_CPLX_METDabc-7,0.0,-2.8248612421124355e-09
METSOX2abc_REV_CPLX_METDabc-26,0.0,-3.258750840462616e-07
METSOX2abc_FWD_CPLX_METDabc-26,0.0,-9.81490788681556e-09
METSOX2abc_REV_CPLX_METDabc-19,0.0,-3.3104419504099105e-07
METSOX2abc_FWD_CPLX_METDabc-19,0.0,-1.498401888154501e-08
METSOX2abc_REV_CPLX_METDabc-5,0.0,-3.2620689828129824e-07
METSOX2abc_FWD_CPLX_METDabc-5,0.0,-1.0146722121852211e-08
METSOX2abc_REV_CPLX_METDabc-14,0.0,-3.264386550123537e-07
METSOX2abc_FWD_CPLX_METDabc-14,0.0,-1.0378478852907637e-08
METSOX2abc_REV_CPLX_METDabc-1,0.0,-3.2690795684205886e-07
METSOX2abc_FWD_CPLX_METDabc-1,0.0,-1.0847780682612794e-08
METSOX2abc_REV_CPLX_METDabc-15,0.0,-3.207117941764171e-07
METSOX2abc_FWD_CPLX_METDabc-15,0.0,-4.651618016971049e-09
METSOX2abc_REV_CPLX_METDabc-9,0.0,-3.5220956425965065e-07
METSOX2abc_FWD_CPLX_METDabc-9,0.0,-3.614938810020462e-08
METSOX2abc_REV_CPLX_METDabc-30,0.0,-3.219215451467926e-07
METSOX2abc_FWD_CPLX_METDabc-30,0.0,-5.86136898734656e-09
METSOX2abc_REV_CPLX_METDabc-29,0.0,-3.234706713010083e-07
METSOX2abc_FWD_CPLX_METDabc-29,0.0,-7.410495141562282e-09
METSOX2abc_REV_CPLX_METDabc-20,0.0,-3.2689287646590453e-07
METSOX2abc_FWD_CPLX_METDabc-20,0.0,-1.083270030645848e-08
METSOX2abc_REV_CPLX_METDabc-3,0.0,-3.197327894174027e-07
METSOX2abc_FWD_CPLX_METDabc-3,0.0,-3.67261325795668e-09
METSOX2abc_REV_CPLX_METDabc-23,0.0,-3.2053406442233073e-07
METSOX2abc_FWD_CPLX_METDabc-23,0.0,-4.473888262884685e-09
METSOX2abc_REV_CPLX_METDabc-2,0.0,-3.254241698401265e-07
METSOX2abc_FWD_CPLX_METDabc-2,0.0,-9.363993680680457e-09
METSOX2abc_REV_CPLX_METDabc-11,0.0,-3.4477923962857557e-07
METSOX2abc_FWD_CPLX_METDabc-11,0.0,-2.8719063469129513e-08
METSOXR1r_REV_g.1274.peg.2908-MONOMER,0.0,-7.212519557564547e-08
METSOXR1r_FWD_g.1274.peg.2908-MONOMER,0.0,-2.84741648776438e-07
METSOXR1r_REV_g.1274.peg.3655-MONOMER,0.0,-4.1102118911111177e-35
METSOXR1r_FWD_g.1274.peg.3655-MONOMER,0.0,-2.1261645320079253e-07
METabc_REV_CPLX_METDabc-10,0.0,4.4529287813977203e-07
METabc_FWD_CPLX_METDabc-10,0.0,-8.311008468541213e-07
METabc_REV_CPLX_METDabc-28,0.0,4.7358054317873776e-07
METabc_FWD_CPLX_METDabc-28,0.0,-8.028131818151556e-07
METabc_REV_CPLX_METDabc-21,0.0,4.6853500487345637e-07
METabc_FWD_CPLX_METDabc-21,0.0,-8.07858720120437e-07
METabc_REV_CPLX_METDabc-6,0.0,4.71530423581341e-07
METabc_FWD_CPLX_METDabc-6,0.0,-8.048633014125525e-07
METabc_REV_CPLX_METDabc-31,0.0,4.801667744172237e-07
METabc_FWD_CPLX_METDabc-31,0.0,-7.962269505766697e-07
METabc_REV_CPLX_METDabc-8,0.0,4.4488292408354616e-07
METabc_FWD_CPLX_METDabc-8,0.0,-8.315108009103473e-07
METabc_REV_CPLX_METDabc-17,0.0,4.5784867443655935e-07
METabc_FWD_CPLX_METDabc-17,0.0,-8.18545050557334e-07
METabc_REV_CPLX_METDabc-4,0.0,4.7083722189421134e-07
METabc_FWD_CPLX_METDabc-4,0.0,-8.055565030996821e-07
METabc_REV_CPLX_METDabc-27,0.0,4.7615180032559693e-07
METabc_FWD_CPLX_METDabc-27,0.0,-8.002419246682965e-07
METabc_REV_CPLX_METDabc-16,0.0,4.5868367512734e-07
METabc_FWD_CPLX_METDabc-16,0.0,-8.177100498665534e-07
METabc_REV_CPLX_METDabc-22,0.0,4.7000912001415757e-07
METabc_FWD_CPLX_METDabc-22,0.0,-8.063846049797358e-07
METabc_REV_CPLX_METDabc-12,0.0,4.691150814984859e-07
METabc_FWD_CPLX_METDabc-12,0.0,-8.072786434954075e-07
METabc_REV_CPLX_METDabc-18,0.0,4.592445216385318e-07
METabc_FWD_CPLX_METDabc-18,0.0,-8.171492033553616e-07
METabc_REV_CPLX_METDabc-25,0.0,4.6885619347574467e-07
METabc_FWD_CPLX_METDabc-25,0.0,-8.075375315181487e-07
METabc_REV_CPLX_METDabc-24,0.0,4.696717149765373e-07
METabc_FWD_CPLX_METDabc-24,0.0,-8.067220100173561e-07
METabc_REV_CPLX_METDabc-0,0.0,4.70119147934709e-07
METabc_FWD_CPLX_METDabc-0,0.0,-8.062745770591844e-07
METabc_REV_CPLX_METDabc-13,0.0,4.683099126060154e-07
METabc_FWD_CPLX_METDabc-13,0.0,-8.080838123878781e-07
METabc_REV_CPLX_METDabc-7,0.0,4.773419131751112e-07
METabc_FWD_CPLX_METDabc-7,0.0,-7.990518118187822e-07
METabc_REV_CPLX_METDabc-26,0.0,4.7035186653040813e-07
METabc_FWD_CPLX_METDabc-26,0.0,-8.060418584634853e-07
METabc_REV_CPLX_METDabc-19,0.0,4.6518275553567865e-07
METabc_FWD_CPLX_METDabc-19,0.0,-8.112109694582147e-07
METabc_REV_CPLX_METDabc-5,0.0,4.7002005229537145e-07
METabc_FWD_CPLX_METDabc-5,0.0,-8.063736726985219e-07
METabc_REV_CPLX_METDabc-14,0.0,4.6978829556431604e-07
METabc_FWD_CPLX_METDabc-14,0.0,-8.066054294295773e-07
METabc_REV_CPLX_METDabc-1,0.0,4.693189937346109e-07
METabc_FWD_CPLX_METDabc-1,0.0,-8.070747312592825e-07
METabc_REV_CPLX_METDabc-15,0.0,4.755151564002526e-07
METabc_FWD_CPLX_METDabc-15,0.0,-8.008785685936407e-07
METabc_REV_CPLX_METDabc-9,0.0,4.4401738631701904e-07
METabc_FWD_CPLX_METDabc-9,0.0,-8.323763386768743e-07
METabc_REV_CPLX_METDabc-30,0.0,4.7430540542987713e-07
METabc_FWD_CPLX_METDabc-30,0.0,-8.020883195640163e-07
METabc_REV_CPLX_METDabc-29,0.0,4.727562792756614e-07
METabc_FWD_CPLX_METDabc-29,0.0,-8.03637445718232e-07
METabc_REV_CPLX_METDabc-20,0.0,4.6933407411076516e-07
METabc_FWD_CPLX_METDabc-20,0.0,-8.070596508831282e-07
METabc_REV_CPLX_METDabc-3,0.0,4.76494161159267e-07
METabc_FWD_CPLX_METDabc-3,0.0,-7.998995638346264e-07
METabc_REV_CPLX_METDabc-23,0.0,4.7569288615433897e-07
METabc_FWD_CPLX_METDabc-23,0.0,-8.007008388395544e-07
METabc_REV_CPLX_METDabc-2,0.0,4.708027807365432e-07
METabc_FWD_CPLX_METDabc-2,0.0,-8.055909442573501e-07
METabc_REV_CPLX_METDabc-11,0.0,4.5144771094809413e-07
METabc_FWD_CPLX_METDabc-11,0.0,-8.249460140457993e-07
METt2r_REV_CPLX_dummy,0.0,-2.7754725626437756e-07
METt2r_FWD_CPLX_dummy,0.006488481643301123,2.2127656547954588e-41
MEVK1c_REV_g.1274.peg.5560-MONOMER,0.0,-3.434600032788274e-07
MEVK1c_FWD_g.1274.peg.5560-MONOMER,0.0,-2.4978249133055807e-08
MEVK1c_REV_g.1274.peg.2418-MONOMER_mod_mg2(1),0.0,-3.184817541457716e-07
MEVK1c_FWD_g.1274.peg.2418-MONOMER_mod_mg2(1),0.0,5.075723422942821e-41
MG2abc_REV_CPLX_dummy,0.0,8.133408637140473e-07
MG2abc_FWD_CPLX_dummy,0.0,-1.090888119978425e-06
MGCOAH_REV_g.1274.peg.5652-MONOMER,0.0,-2.913693523221009e-07
MGCOAH_FWD_g.1274.peg.5652-MONOMER,1.52587800287782e-22,-1.6473885030951363e-39
MGSA_REV_g.1274.peg.4264-MONOMER,0.0,9.099102637605697e-07
MGSA_FWD_g.1274.peg.4264-MONOMER,0.0,-1.0896998278472797e-06
MGt5_REV_g.1274.peg.3841-MONOMER,0.0,-4.6412311235737967e-08
MGt5_FWD_g.1274.peg.3841-MONOMER,0.0,-1.2158888379950115e-07
MGt5_REV_g.1274.peg.6102-MONOMER,0.00018367130696536713,0.0
MGt5_FWD_g.1274.peg.6102-MONOMER,0.0,-7.517657256376318e-08
MGt5_REV_g.1274.peg.2697-MONOMER,0.0,-4.5593283782007754e-08
MGt5_FWD_g.1274.peg.2697-MONOMER,0.0,-1.2076985634577094e-07
MGt5_REV_g.1274.peg.3957-MONOMER,0.0,-5.5305547384384826e-08
MGt5_FWD_g.1274.peg.3957-MONOMER,0.0,-1.30482119948148e-07
MI1PP_REV_g.1274.peg.1525-MONOMER_mod_mg2(1),0.0,-3.2015870338133273e-07
MI1PP_FWD_g.1274.peg.1525-MONOMER_mod_mg2(1),0.0,-2.6193023594981914e-41
MI3PP_REV_g.1274.peg.1525-MONOMER_mod_mg2(1),0.0,-3.2015870338133273e-07
MI3PP_FWD_g.1274.peg.1525-MONOMER_mod_mg2(1),0.0,-2.6193023594981914e-41
MI4PP_REV_g.1274.peg.1525-MONOMER_mod_mg2(1),0.0,-3.2015870338133273e-07
MI4PP_FWD_g.1274.peg.1525-MONOMER_mod_mg2(1),0.0,-2.6193023594981914e-41
MICITD_REV_CPLX_dummy,0.0,-2.7754725626437756e-07
MICITD_FWD_CPLX_dummy,0.0,0.0
MK8t_REV_CPLX_dummy,0.00010055273424564956,0.0
MK8t_FWD_CPLX_dummy,0.0,-2.7754725626437756e-07
MMCOAH_REV_g.1274.peg.5838-MONOMER,0.0,-2.0973893656450924e-07
MMCOAH_FWD_g.1274.peg.5838-MONOMER,0.0,-5.503153466358208e-08
MMCOAH_REV_g.1274.peg.396-MONOMER,0.0,-1.5470740190092717e-07
MMCOAH_FWD_g.1274.peg.396-MONOMER,0.0,1.826053101536356e-39
MME_REV_g.1274.peg.3025-MONOMER,-5.644406918858989e-22,0.0
MME_FWD_g.1274.peg.3025-MONOMER,0.0,-1.7481529807734837e-07
MMM2r_REV_g.1274.peg.3683-MONOMER_mod_adocbl(1),-5.644406918860899e-22,-5.427253892242791e-40
MMM2r_FWD_g.1274.peg.3683-MONOMER_mod_adocbl(1),0.0,-4.0246359840468714e-07
MMSAD1_REV_g.1274.peg.3213-MONOMER,0.0,4.7377392271248745e-07
MMSAD1_FWD_g.1274.peg.3213-MONOMER,0.0,-8.874597458768469e-07
MMSAD1_REV_g.1274.peg.791-MONOMER,0.0,4.902306853105628e-07
MMSAD1_FWD_g.1274.peg.791-MONOMER,0.0,-8.710029832787716e-07
MMSAD3_REV_g.1274.peg.3213-MONOMER,0.0,-3.972290605662841e-07
MMSAD3_FWD_g.1274.peg.3213-MONOMER,0.0,-1.6456762598075363e-08
MMSAD3_REV_g.1274.peg.791-MONOMER,0.0,-3.8077229796820875e-07
MMSAD3_FWD_g.1274.peg.791-MONOMER,0.5124348888933139,-2.086354019101097e-39
MMSAD5_REV_g.1274.peg.4686-MONOMER,0.0,-2.785177862261615e-07
MMSAD5_FWD_g.1274.peg.4686-MONOMER,0.0,-5.822670992622944e-08
MMTSAO_REV_CPLX_dummy,0.0,-2.7754725626437756e-07
MMTSAO_FWD_CPLX_dummy,0.0,-6.9678321993159026e-40
MNLpts_REV_g.1274.peg.3316-MONOMER,0.0,-3.082653102857433e-07
MNLpts_FWD_g.1274.peg.3316-MONOMER,0.008893154506659685,-2.3490358229153724e-40
MNLpts_REV_g.1274.peg.1695-MONOMER,0.0,-4.1468379594149354e-07
MNLpts_FWD_g.1274.peg.1695-MONOMER,0.0,-1.0641848565575023e-07
MNt2_REV_g.1274.peg.5286-MONOMER,0.0,-4.326230875896017e-07
MNt2_FWD_g.1274.peg.5286-MONOMER,2.6072085275400625e-09,-7.320214567283566e-41
MOAT_REV_g.1274.peg.3072-MONOMER,0.0,-3.3100496932839437e-07
MOAT_FWD_g.1274.peg.3072-MONOMER,0.0008121829278921173,4.705854440966455e-40
MOAT3C_REV_CPLX_dummy,0.0,-2.7754725626437756e-07
MOAT3C_FWD_CPLX_dummy,0.0008121829278921173,-5.1170061441997165e-39
MOHMT_REV_398578.3.peg.1817-MONOMER_mod_mg2(1),0.0,-6.360037982284664e-07
MOHMT_FWD_398578.3.peg.1817-MONOMER_mod_mg2(1),0.00010058683483736695,-3.5814527098072607e-37
MOPSabc_REV_CPLX_BUTSO3abc-11,0.0,-3.2463235742062056e-07
MOPSabc_FWD_CPLX_BUTSO3abc-11,0.0,1.0338646469483394e-40
MOPSabc_REV_CPLX_BUTSO3abc-28,0.0,-3.582561690445011e-07
MOPSabc_FWD_CPLX_BUTSO3abc-28,0.0,-3.36238116238805e-08
MOPSabc_REV_CPLX_BUTSO3abc-24,0.0,-3.6394065884945347e-07
MOPSabc_FWD_CPLX_BUTSO3abc-24,0.0,-3.930830142883285e-08
MOPSabc_REV_CPLX_BUTSO3abc-5,0.0,-3.439681013421121e-07
MOPSabc_FWD_CPLX_BUTSO3abc-5,0.0,-1.9335743921491464e-08
MOPSabc_REV_CPLX_BUTSO3abc-13,0.0,-3.6191834547523713e-07
MOPSabc_FWD_CPLX_BUTSO3abc-13,0.0,-3.728598805461656e-08
MOPSabc_REV_CPLX_BUTSO3abc-14,0.0,-3.4605828056138985e-07
MOPSabc_FWD_CPLX_BUTSO3abc-14,0.0,-2.1425923140769254e-08
MOPSabc_REV_CPLX_BUTSO3abc-17,0.0,-3.3769195415432686e-07
MOPSabc_FWD_CPLX_BUTSO3abc-17,0.0,-1.3059596733706243e-08
MOPSabc_REV_CPLX_BUTSO3abc-29,0.0,-3.420203867626561e-07
MOPSabc_FWD_CPLX_BUTSO3abc-29,0.0,-1.7388029342035513e-08
MOPSabc_REV_CPLX_BUTSO3abc-18,0.0,-3.688803518339631e-07
MOPSabc_FWD_CPLX_BUTSO3abc-18,0.0,-4.424799441334248e-08
MOPSabc_REV_CPLX_BUTSO3abc-15,0.0,-3.5366457251121474e-07
MOPSabc_FWD_CPLX_BUTSO3abc-15,0.0,-2.903221509059414e-08
MOPSabc_REV_CPLX_BUTSO3abc-25,0.0,-3.6480017254976586e-07
MOPSabc_FWD_CPLX_BUTSO3abc-25,0.0,-4.016781512914529e-08
MOPSabc_REV_CPLX_BUTSO3abc-20,0.0,-3.546997195939901e-07
MOPSabc_FWD_CPLX_BUTSO3abc-20,0.0,-3.0067362173369516e-08
MOPSabc_REV_CPLX_BUTSO3abc-7,0.0,-3.473272977104934e-07
MOPSabc_FWD_CPLX_BUTSO3abc-7,0.0,-2.269494028987285e-08
MOPSabc_REV_CPLX_BUTSO3abc-0,0.0,-3.6638561397261205e-07
MOPSabc_FWD_CPLX_BUTSO3abc-0,0.0,-4.175325655199147e-08
MOPSabc_REV_CPLX_BUTSO3abc-21,0.0,-3.618086785156689e-07
MOPSabc_FWD_CPLX_BUTSO3abc-21,0.0,-3.717632109504833e-08
MOPSabc_REV_CPLX_BUTSO3abc-6,0.0,-3.4454292302406447e-07
MOPSabc_FWD_CPLX_BUTSO3abc-6,0.0,-1.99105656034439e-08
MOPSabc_REV_CPLX_BUTSO3abc-2,0.0,-3.519734826482273e-07
MOPSabc_FWD_CPLX_BUTSO3abc-2,0.0,-2.7341125227606696e-08
MOPSabc_REV_CPLX_BUTSO3abc-27,0.0,-3.5693147111735837e-07
MOPSabc_FWD_CPLX_BUTSO3abc-27,0.0,-3.2299113696737773e-08
MOPSabc_REV_CPLX_BUTSO3abc-4,0.0,-3.601621438723317e-07
MOPSabc_FWD_CPLX_BUTSO3abc-4,0.0,-3.552978645171112e-08
MOPSabc_REV_CPLX_BUTSO3abc-22,0.0,-3.625526983650367e-07
MOPSabc_FWD_CPLX_BUTSO3abc-22,0.0,-3.7920340944416114e-08
MOPSabc_REV_CPLX_BUTSO3abc-26,0.0,-3.4980478916489066e-07
MOPSabc_FWD_CPLX_BUTSO3abc-26,0.0,-2.51724317442701e-08
MOPSabc_REV_CPLX_BUTSO3abc-8,0.0,-3.3151816092817795e-07
MOPSabc_FWD_CPLX_BUTSO3abc-8,0.0,-6.8858035075573535e-09
MOPSabc_REV_CPLX_BUTSO3abc-23,0.0,-3.4681366838713057e-07
MOPSabc_FWD_CPLX_BUTSO3abc-23,0.0,-2.2181310966510003e-08
MOPSabc_REV_CPLX_BUTSO3abc-1,0.0,-3.6684744999464066e-07
MOPSabc_FWD_CPLX_BUTSO3abc-1,0.0,-4.221509257402007e-08
MOPSabc_REV_CPLX_BUTSO3abc-10,0.0,-3.413683482109295e-07
MOPSabc_FWD_CPLX_BUTSO3abc-10,0.0,-1.673599079030891e-08
MOPSabc_REV_CPLX_BUTSO3abc-19,0.0,-3.6915722494042473e-07
MOPSabc_FWD_CPLX_BUTSO3abc-19,0.0,-4.452486751980412e-08
MOPSabc_REV_CPLX_BUTSO3abc-9,0.0,-3.3820011590484193e-07
MOPSabc_FWD_CPLX_BUTSO3abc-9,0.0,-1.3567758484221346e-08
MOPSabc_REV_CPLX_BUTSO3abc-16,0.0,-3.5499399317162424e-07
MOPSabc_FWD_CPLX_BUTSO3abc-16,0.0,-3.036163575100365e-08
MOPSabc_REV_CPLX_BUTSO3abc-12,0.0,-3.611217852769321e-07
MOPSabc_FWD_CPLX_BUTSO3abc-12,0.0,-3.6489427856311496e-08
MOPSabc_REV_CPLX_BUTSO3abc-3,0.0,-3.5921610404268327e-07
MOPSabc_FWD_CPLX_BUTSO3abc-3,0.0,-3.458374662206269e-08
MSO3abc_REV_CPLX_BUTSO3abc-11,0.0,-3.2463235742062056e-07
MSO3abc_FWD_CPLX_BUTSO3abc-11,0.0,2.6880480820656824e-40
MSO3abc_REV_CPLX_BUTSO3abc-28,0.0,-3.582561690445011e-07
MSO3abc_FWD_CPLX_BUTSO3abc-28,0.0,-3.36238116238805e-08
MSO3abc_REV_CPLX_BUTSO3abc-24,0.0,-3.6394065884945347e-07
MSO3abc_FWD_CPLX_BUTSO3abc-24,0.0,-3.930830142883285e-08
MSO3abc_REV_CPLX_BUTSO3abc-5,0.0,-3.439681013421121e-07
MSO3abc_FWD_CPLX_BUTSO3abc-5,0.0,-1.9335743921491464e-08
MSO3abc_REV_CPLX_BUTSO3abc-13,0.0,-3.6191834547523713e-07
MSO3abc_FWD_CPLX_BUTSO3abc-13,0.0,-3.728598805461656e-08
MSO3abc_REV_CPLX_BUTSO3abc-14,0.0,-3.4605828056138985e-07
MSO3abc_FWD_CPLX_BUTSO3abc-14,0.0,-2.1425923140769254e-08
MSO3abc_REV_CPLX_BUTSO3abc-17,0.0,-3.3769195415432686e-07
MSO3abc_FWD_CPLX_BUTSO3abc-17,0.0,-1.3059596733706243e-08
MSO3abc_REV_CPLX_BUTSO3abc-29,0.0,-3.420203867626561e-07
MSO3abc_FWD_CPLX_BUTSO3abc-29,0.0,-1.7388029342035513e-08
MSO3abc_REV_CPLX_BUTSO3abc-18,0.0,-3.688803518339631e-07
MSO3abc_FWD_CPLX_BUTSO3abc-18,0.0,-4.424799441334248e-08
MSO3abc_REV_CPLX_BUTSO3abc-15,0.0,-3.5366457251121474e-07
MSO3abc_FWD_CPLX_BUTSO3abc-15,0.0,-2.903221509059414e-08
MSO3abc_REV_CPLX_BUTSO3abc-25,0.0,-3.6480017254976586e-07
MSO3abc_FWD_CPLX_BUTSO3abc-25,0.0,-4.016781512914529e-08
MSO3abc_REV_CPLX_BUTSO3abc-20,0.0,-3.546997195939901e-07
MSO3abc_FWD_CPLX_BUTSO3abc-20,0.0,-3.0067362173369516e-08
MSO3abc_REV_CPLX_BUTSO3abc-7,0.0,-3.473272977104934e-07
MSO3abc_FWD_CPLX_BUTSO3abc-7,0.0,-2.269494028987285e-08
MSO3abc_REV_CPLX_BUTSO3abc-0,0.0,-3.6638561397261205e-07
MSO3abc_FWD_CPLX_BUTSO3abc-0,0.0,-4.175325655199147e-08
MSO3abc_REV_CPLX_BUTSO3abc-21,0.0,-3.618086785156689e-07
MSO3abc_FWD_CPLX_BUTSO3abc-21,0.0,-3.717632109504833e-08
MSO3abc_REV_CPLX_BUTSO3abc-6,0.0,-3.4454292302406447e-07
MSO3abc_FWD_CPLX_BUTSO3abc-6,0.0,-1.99105656034439e-08
MSO3abc_REV_CPLX_BUTSO3abc-2,0.0,-3.519734826482273e-07
MSO3abc_FWD_CPLX_BUTSO3abc-2,0.0,-2.7341125227606696e-08
MSO3abc_REV_CPLX_BUTSO3abc-27,0.0,-3.5693147111735837e-07
MSO3abc_FWD_CPLX_BUTSO3abc-27,0.0,-3.2299113696737773e-08
MSO3abc_REV_CPLX_BUTSO3abc-4,0.0,-3.601621438723317e-07
MSO3abc_FWD_CPLX_BUTSO3abc-4,0.0,-3.552978645171112e-08
MSO3abc_REV_CPLX_BUTSO3abc-22,0.0,-3.625526983650367e-07
MSO3abc_FWD_CPLX_BUTSO3abc-22,0.0,-3.7920340944416114e-08
MSO3abc_REV_CPLX_BUTSO3abc-26,0.0,-3.4980478916489066e-07
MSO3abc_FWD_CPLX_BUTSO3abc-26,0.0,-2.51724317442701e-08
MSO3abc_REV_CPLX_BUTSO3abc-8,0.0,-3.3151816092817795e-07
MSO3abc_FWD_CPLX_BUTSO3abc-8,0.0,-6.8858035075573535e-09
MSO3abc_REV_CPLX_BUTSO3abc-23,0.0,-3.4681366838713057e-07
MSO3abc_FWD_CPLX_BUTSO3abc-23,0.0,-2.2181310966510003e-08
MSO3abc_REV_CPLX_BUTSO3abc-1,0.0,-3.6684744999464066e-07
MSO3abc_FWD_CPLX_BUTSO3abc-1,0.0,-4.221509257402007e-08
MSO3abc_REV_CPLX_BUTSO3abc-10,0.0,-3.413683482109295e-07
MSO3abc_FWD_CPLX_BUTSO3abc-10,0.0,-1.673599079030891e-08
MSO3abc_REV_CPLX_BUTSO3abc-19,0.0,-3.6915722494042473e-07
MSO3abc_FWD_CPLX_BUTSO3abc-19,0.0,-4.452486751980412e-08
MSO3abc_REV_CPLX_BUTSO3abc-9,0.0,-3.3820011590484193e-07
MSO3abc_FWD_CPLX_BUTSO3abc-9,0.0,-1.3567758484221346e-08
MSO3abc_REV_CPLX_BUTSO3abc-16,0.0,-3.5499399317162424e-07
MSO3abc_FWD_CPLX_BUTSO3abc-16,0.0,-3.036163575100365e-08
MSO3abc_REV_CPLX_BUTSO3abc-12,0.0,-3.611217852769321e-07
MSO3abc_FWD_CPLX_BUTSO3abc-12,0.0,-3.6489427856311496e-08
MSO3abc_REV_CPLX_BUTSO3abc-3,0.0,-3.5921610404268327e-07
MSO3abc_FWD_CPLX_BUTSO3abc-3,0.0,-3.458374662206269e-08
MTAN_REV_g.1274.peg.6048-MONOMER,0.0,-4.342268451785502e-07
MTAN_FWD_g.1274.peg.6048-MONOMER,0.0,-2.2322316195260624e-41
MTHFC_REV_g.1274.peg.3825-MONOMER,0.0,-4.612004097035809e-07
MTHFC_FWD_g.1274.peg.3825-MONOMER,0.0017149254852480626,8.654330735042093e-40
MTHFD_REV_g.1274.peg.3825-MONOMER,0.0,-3.6569276269455887e-07
MTHFD_FWD_g.1274.peg.3825-MONOMER,0.0,-9.550764700902203e-08
MTHFD2_REV_CPLX_dummy,0.0,-2.7754725626437756e-07
MTHFD2_FWD_CPLX_dummy,0.0017149254852480626,-2.008375163332231e-39
MTHGXLDH_REV_g.1274.peg.1617-MONOMER,0.0,-4.385525441021417e-07
MTHGXLDH_FWD_g.1274.peg.1617-MONOMER,1.9577295075700582e-22,9.567326633608982e-40
MTHGXLDH_REV_g.1274.peg.5439-MONOMER,0.0,-4.4365616423007024e-07
MTHGXLDH_FWD_g.1274.peg.5439-MONOMER,0.0,-5.103620127928576e-09
MTHPTGHM_REV_398578.3.peg.2541-MONOMER_mod_zn2(1),0.0,9.512320319758e-07
MTHPTGHM_FWD_398578.3.peg.2541-MONOMER_mod_zn2(1),0.0,-1.1628324869068286e-06
MTI_REV_g.1274.peg.3683-MONOMER_mod_adocbl(1),3.9172704892974047e-23,-5.664393250992214e-41
MTI_FWD_g.1274.peg.3683-MONOMER_mod_adocbl(1),0.0,-4.0246359840468714e-07
MUCCYCI_REV_g.1274.peg.1049-MONOMER,0.0,4.920749755136889e-41
MUCCYCI_FWD_g.1274.peg.1049-MONOMER,0.0,-2.13041127383202e-07
MUCCYCI_REV_g.1274.peg.285-MONOMER,0.0,-4.316277364869869e-08
MUCCYCI_FWD_g.1274.peg.285-MONOMER,0.0,-2.562039010319007e-07
NACASPAH_REV_g.1274.peg.5214-MONOMER,0.0,-1.9425191076289966e-07
NACASPAH_FWD_g.1274.peg.5214-MONOMER,0.0,-5.218059044264175e-40
NACt2r_REV_CPLX_dummy,0.00010055414676806455,7.731746391125743e-41
NACt2r_FWD_CPLX_dummy,0.0,-2.7754725626437756e-07
NADH10_REV_g.1274.peg.4173-MONOMER_mod_mg2(1)_mod_cu(1)_mod_fad(1),0.0,8.945358855039621e-07
NADH10_FWD_g.1274.peg.4173-MONOMER_mod_mg2(1)_mod_cu(1)_mod_fad(1),0.0,4.121411411564819e-40
NADH5_REV_g.1274.peg.4173-MONOMER_mod_mg2(1)_mod_cu(1)_mod_fad(1),0.0,9.42227962375056e-07
NADH5_FWD_g.1274.peg.4173-MONOMER_mod_mg2(1)_mod_cu(1)_mod_fad(1),0.0,-4.7692076871093956e-08
NADH6_REV_CPLX_NADH6-0,0.0,-4.992059732467256e-07
NADH6_FWD_CPLX_NADH6-0,0.7176404175501013,-1.712672962531163e-36
NADH9_REV_g.1274.peg.4173-MONOMER_mod_mg2(1)_mod_cu(1)_mod_fad(1),0.0,8.945358855039621e-07
NADH9_FWD_g.1274.peg.4173-MONOMER_mod_mg2(1)_mod_cu(1)_mod_fad(1),0.0,4.121411411564819e-40
NADK_REV_g.1274.peg.4239-MONOMER_mod_mg2(1),0.0,-4.7023544960852707e-07
NADK_FWD_g.1274.peg.4239-MONOMER_mod_mg2(1),6.771377315244915e-10,2.425418549773152e-40
NADK2_REV_g.1274.peg.4239-MONOMER_mod_mg2(1),0.0,-3.843373122204836e-07
NADK2_FWD_g.1274.peg.4239-MONOMER_mod_mg2(1),0.0,-8.58981373880435e-08
NADN_REV_CPLX_dummy,0.0,1.7298307957959634e-06
NADN_FWD_CPLX_dummy,0.0,-2.007378052060341e-06
NADS1_REV_398578.3.peg.4857-MONOMER,0.0,3.2789269211903257e-07
NADS1_FWD_398578.3.peg.4857-MONOMER,0.0,-7.016066399485159e-07
NADS1_REV_398578.3.peg.5589-MONOMER,0.0,3.6205513410274095e-07
NADS1_FWD_398578.3.peg.5589-MONOMER,0.0,-6.674441979648076e-07
NADS2_REV_g.1274.peg.4058-MONOMER,0.0,2.949957639847761e-07
NADS2_FWD_g.1274.peg.4058-MONOMER,0.0,-6.59672630099318e-07
NADS2_REV_g.1274.peg.5799-MONOMER,0.0,3.243847958491776e-07
NADS2_FWD_g.1274.peg.5799-MONOMER,0.0,-6.302835982349166e-07
NAPRT_REV_g.1274.peg.5131-MONOMER,0.0,-1.374163065669874e-07
NAPRT_FWD_g.1274.peg.5131-MONOMER,0.00010055414676806455,-3.941155911572801e-40
NAPRT_REV_g.1274.peg.4359-MONOMER,0.0,-1.5191939943133757e-07
NAPRT_FWD_g.1274.peg.4359-MONOMER,0.0,-1.4503092864350164e-08
NAt3_REV_g.1274.peg.5261-MONOMER,0.0,-4.590776439648781e-07
NAt3_FWD_g.1274.peg.5261-MONOMER,0.0,-7.316387893286016e-08
NCAMt2r_REV_CPLX_dummy,0.0,0.0
NCAMt2r_FWD_CPLX_dummy,0.0,-2.7754725626437756e-07
NCOAH_REV_CPLX_dummy,0.0,-2.7754725626437756e-07
NCOAH_FWD_CPLX_dummy,0.0,1.1711382195355454e-40
NDPK1_REV_g.1274.peg.4970-MONOMER,0.0,-1.71796274776087e-07
NDPK1_FWD_g.1274.peg.4970-MONOMER,0.36009221644852135,-1.3707187681525093e-37
NDPK2_REV_398578.3.peg.5005-MONOMER_mod_mg2(1),0.0,-2.2184574642326918e-07
NDPK2_FWD_398578.3.peg.5005-MONOMER_mod_mg2(1),0.0,-5.0049471647182175e-08
NDPK2_REV_398578.3.peg.5005-MONOMER_mod_ca2(1),0.0,-2.2137498844730155e-07
NDPK2_FWD_398578.3.peg.5005-MONOMER_mod_ca2(1),0.0,-4.957871367121454e-08
NDPK2_REV_398578.3.peg.5005-MONOMER_mod_mn2(1),0.0,-2.209316940392089e-07
NDPK2_FWD_398578.3.peg.5005-MONOMER_mod_mn2(1),0.0,-4.9135419263121905e-08
NDPK3_REV_g.1274.peg.4970-MONOMER,0.0,-1.71796274776087e-07
NDPK3_FWD_g.1274.peg.4970-MONOMER,0.0,-4.2073532472161047e-36
NDPK4_REV_g.1274.peg.4970-MONOMER,0.0,-1.71796274776087e-07
NDPK4_FWD_g.1274.peg.4970-MONOMER,0.0,-4.2073532472161047e-36
NDPK5_REV_g.1274.peg.4970-MONOMER,0.0,-1.71796274776087e-07
NDPK5_FWD_g.1274.peg.4970-MONOMER,0.0,-4.2066826174132266e-36
NDPK6_REV_g.1274.peg.4970-MONOMER,0.0,-1.71796274776087e-07
NDPK6_FWD_g.1274.peg.4970-MONOMER,0.0,-4.2073532472161047e-36
NDPK7_REV_g.1274.peg.4970-MONOMER,0.0,-1.71796274776087e-07
NDPK7_FWD_g.1274.peg.4970-MONOMER,0.0,-4.2066826174132266e-36
NDPK8_REV_g.1274.peg.4970-MONOMER,0.0,-1.71796274776087e-07
NDPK8_FWD_g.1274.peg.4970-MONOMER,0.0,-4.2066826174132266e-36
NDPK9_REV_g.1274.peg.4970-MONOMER,1.8001383926473476e-22,-3.248363107691024e-40
NDPK9_FWD_g.1274.peg.4970-MONOMER,0.0,-1.71796274776087e-07
NFLGLNH_REV_g.1274.peg.991-MONOMER,0.0,-3.816982545247239e-07
NFLGLNH_FWD_g.1274.peg.991-MONOMER,0.0,-8.768620438700895e-41
NFORGLUAH_REV_g.1274.peg.956-MONOMER,0.0,0.0
NFORGLUAH_FWD_g.1274.peg.956-MONOMER,0.0,-2.2212276292368985e-07
NH4tb_REV_g.1274.peg.2350-MONOMER,0.0,-1.4198625395685675e-07
NH4tb_FWD_g.1274.peg.2350-MONOMER,0.0,-5.797053062096719e-07
NH4tb_REV_g.1274.peg.1068-MONOMER,0.0,2.2757374087680962e-41
NH4tb_FWD_g.1274.peg.1068-MONOMER,0.0,-4.377190522528152e-07
NMNAT_REV_g.1274.peg.5628-MONOMER,0.0,-2.1185421181123893e-07
NMNAT_FWD_g.1274.peg.5628-MONOMER,0.00010055414676806455,-6.988946447169442e-41
NMNPH_REV_g.1274.peg.4210-MONOMER,0.0,-2.611846471873304e-07
NMNPH_FWD_g.1274.peg.4210-MONOMER,0.0,2.767130608969186e-40
NNAM_REV_g.1274.peg.5214-MONOMER,0.0,-1.3454142437317698e-07
NNAM_FWD_g.1274.peg.5214-MONOMER,0.0,-5.971048638972268e-08
NNATr_REV_CPLX_dummy,0.0,-2.7754725626437756e-07
NNATr_FWD_CPLX_dummy,0.0,-4.574447629679993e-41
NNDMBRT_REV_g.1274.peg.2921-MONOMER,0.0,-5.23303660662617e-07
NNDMBRT_FWD_g.1274.peg.2921-MONOMER,0.0,3.435134086035656e-40
NNDPR_REV_398578.3.peg.1538-MONOMER_mod_mg2(1),0.0,-4.449991883872998e-07
NNDPR_FWD_398578.3.peg.1538-MONOMER_mod_mg2(1),0.0,-1.4129000824101358e-40
NO3R1_REV_CPLX_dummy,0.0,-2.7754725626437756e-07
NO3R1_FWD_CPLX_dummy,0.0,6.064630048466507e-41
NO3R2_REV_CPLX_dummy,0.0,-2.298551793932836e-07
NO3R2_FWD_CPLX_dummy,0.0,-4.7692076871093956e-08
NO3abc_REV_g.1274.peg.5942-MONOMER,0.0,-3.0676727709529995e-07
NO3abc_FWD_g.1274.peg.5942-MONOMER,0.0,-3.736148965828492e-08
NO3abc_REV_g.1274.peg.3173-MONOMER,0.0,-2.6940578743701505e-07
NO3abc_FWD_g.1274.peg.3173-MONOMER,0.0,2.9529022671449776e-40
NO3abc_REV_g.1274.peg.4646-MONOMER,0.0,-2.7559391386561045e-07
NO3abc_FWD_g.1274.peg.4646-MONOMER,0.0,-6.188126428595384e-09
NODOx_REV_g.1274.peg.497-MONOMER_mod_fad(1)_mod_pheme(1),0.0,-1.6570015257079322e-07
NODOx_FWD_g.1274.peg.497-MONOMER_mod_fad(1)_mod_pheme(1),0.0,-3.6810702894203646e-09
NODOy_REV_g.1274.peg.497-MONOMER_mod_fad(1)_mod_pheme(1),0.0,-1.6938122286021359e-07
NODOy_FWD_g.1274.peg.497-MONOMER_mod_fad(1)_mod_pheme(1),0.0,2.29280908312137e-40
NOPHMO_REV_g.1274.peg.5341-MONOMER,0.0,1.1592884688698657e-06
NOPHMO_FWD_g.1274.peg.5341-MONOMER,0.0,-1.2609070821098112e-06
NOr1mq_REV_CPLX_dummy,0.0,-2.7754725626437756e-07
NOr1mq_FWD_CPLX_dummy,0.0,-2.1002498967496969e-41
NPHS_REV_g.1274.peg.2859-MONOMER,0.0,-3.7081013854250813e-07
NPHS_FWD_g.1274.peg.2859-MONOMER,0.0,-6.376715057198161e-08
NPHS_REV_g.1274.peg.2933-MONOMER,0.0,-3.296892321907074e-07
NPHS_FWD_g.1274.peg.2933-MONOMER,0.0,-2.264624422018088e-08
NPHS_REV_g.1274.peg.2614-MONOMER,0.0,-3.218760823341502e-07
NPHS_FWD_g.1274.peg.2614-MONOMER,0.0,-1.4833094363623698e-08
NPHS_REV_g.1274.peg.2734-MONOMER,0.0,-3.070429879705265e-07
NPHS_FWD_g.1274.peg.2734-MONOMER,0.0,0.0
NPHS_REV_g.1274.peg.2154-MONOMER,0.0,-3.4310626805017534e-07
NPHS_FWD_g.1274.peg.2154-MONOMER,0.0,-3.6063280079648844e-08
NPHS_REV_g.1274.peg.5258-MONOMER,0.0,-3.293117225054663e-07
NPHS_FWD_g.1274.peg.5258-MONOMER,0.0,-2.2268734534939777e-08
NT5C_REV_g.1274.peg.5076-MONOMER,0.0,-2.095813303497395e-07
NT5C_FWD_g.1274.peg.5076-MONOMER,0.0,-2.3186651904636085e-40
NT5C_REV_g.1274.peg.5963-MONOMER_mod_cobalt2(1),0.0,-3.6124241664413674e-07
NT5C_FWD_g.1274.peg.5963-MONOMER_mod_cobalt2(1),0.0,-1.5166108629439722e-07
NT5C_REV_g.1274.peg.5963-MONOMER_mod_zn2(1),0.0,-3.610488890374754e-07
NT5C_FWD_g.1274.peg.5963-MONOMER_mod_zn2(1),0.0,-1.5146755868773588e-07
NTD1_REV_g.1274.peg.5076-MONOMER,0.0,-2.095813303497395e-07
NTD1_FWD_g.1274.peg.5076-MONOMER,0.0,-1.288147328035338e-40
NTD1_REV_g.1274.peg.5963-MONOMER_mod_cobalt2(1),0.0,-3.6124241664413674e-07
NTD1_FWD_g.1274.peg.5963-MONOMER_mod_cobalt2(1),0.0,-1.5166108629439722e-07
NTD1_REV_g.1274.peg.4610-MONOMER_mod_cobalt2(1),0.0,-2.568487667670675e-07
NTD1_FWD_g.1274.peg.4610-MONOMER_mod_cobalt2(1),0.0,-4.726743641732798e-08
NTD1_REV_g.1274.peg.5963-MONOMER_mod_zn2(1),0.0,-3.610488890374754e-07
NTD1_FWD_g.1274.peg.5963-MONOMER_mod_zn2(1),0.0,-1.5146755868773588e-07
NTD10_REV_g.1274.peg.5076-MONOMER,0.0,-2.095813303497395e-07
NTD10_FWD_g.1274.peg.5076-MONOMER,7.524361428676386e-23,-7.728883968212029e-41
NTD10_REV_g.1274.peg.5963-MONOMER_mod_cobalt2(1),0.0,-3.6124241664413674e-07
NTD10_FWD_g.1274.peg.5963-MONOMER_mod_cobalt2(1),0.0,-1.5166108629439722e-07
NTD10_REV_g.1274.peg.5963-MONOMER_mod_zn2(1),0.0,-3.610488890374754e-07
NTD10_FWD_g.1274.peg.5963-MONOMER_mod_zn2(1),0.0,-1.5146755868773588e-07
NTD11_REV_g.1274.peg.5076-MONOMER,0.0,1.653910225005054e-06
NTD11_FWD_g.1274.peg.5076-MONOMER,0.0,-1.8634915553547935e-06
NTD11_REV_g.1274.peg.5963-MONOMER_mod_cobalt2(1),0.0,1.5022491387106568e-06
NTD11_FWD_g.1274.peg.5963-MONOMER_mod_cobalt2(1),0.0,-2.015152641649191e-06
NTD11_REV_g.1274.peg.5963-MONOMER_mod_zn2(1),0.0,1.502442666317318e-06
NTD11_FWD_g.1274.peg.5963-MONOMER_mod_zn2(1),0.0,-2.0149591140425294e-06
NTD2_REV_g.1274.peg.5076-MONOMER,0.0,1.0236857410854367e-06
NTD2_FWD_g.1274.peg.5076-MONOMER,0.0,-1.2332670714351763e-06
NTD2_REV_g.1274.peg.5963-MONOMER_mod_cobalt2(1),0.0,8.720246547910395e-07
NTD2_FWD_g.1274.peg.5963-MONOMER_mod_cobalt2(1),0.0,-1.3849281577295734e-06
NTD2_REV_g.1274.peg.5963-MONOMER_mod_zn2(1),0.0,8.722181823977009e-07
NTD2_FWD_g.1274.peg.5963-MONOMER_mod_zn2(1),0.0,-1.3847346301229122e-06
NTD3_REV_g.1274.peg.5076-MONOMER,0.0,-2.095813303497395e-07
NTD3_FWD_g.1274.peg.5076-MONOMER,0.0,-5.4102187777484205e-40
NTD3_REV_g.1274.peg.5963-MONOMER_mod_cobalt2(1),0.0,-3.6124241664413674e-07
NTD3_FWD_g.1274.peg.5963-MONOMER_mod_cobalt2(1),0.0,-1.5166108629439722e-07
NTD3_REV_g.1274.peg.5963-MONOMER_mod_zn2(1),0.0,-3.610488890374754e-07
NTD3_FWD_g.1274.peg.5963-MONOMER_mod_zn2(1),0.0,-1.5146755868773588e-07
NTD4_REV_g.1274.peg.5076-MONOMER,0.0,-2.095813303497395e-07
NTD4_FWD_g.1274.peg.5076-MONOMER,0.0,-5.4102187777484205e-40
NTD4_REV_g.1274.peg.5963-MONOMER_mod_cobalt2(1),0.0,-3.6124241664413674e-07
NTD4_FWD_g.1274.peg.5963-MONOMER_mod_cobalt2(1),0.0,-1.5166108629439722e-07
NTD4_REV_g.1274.peg.5963-MONOMER_mod_zn2(1),0.0,-3.610488890374754e-07
NTD4_FWD_g.1274.peg.5963-MONOMER_mod_zn2(1),0.0,-1.5146755868773588e-07
NTD5_REV_g.1274.peg.5076-MONOMER,0.0,1.0236857410854367e-06
NTD5_FWD_g.1274.peg.5076-MONOMER,0.0,-1.2332670714351763e-06
NTD5_REV_g.1274.peg.5963-MONOMER_mod_cobalt2(1),0.0,8.720246547910395e-07
NTD5_FWD_g.1274.peg.5963-MONOMER_mod_cobalt2(1),0.0,-1.3849281577295734e-06
NTD5_REV_g.1274.peg.5963-MONOMER_mod_zn2(1),0.0,8.722181823977009e-07
NTD5_FWD_g.1274.peg.5963-MONOMER_mod_zn2(1),0.0,-1.3847346301229122e-06
NTD5_a_REV_g.1274.peg.5076-MONOMER,0.0,7.543197893595828e-07
NTD5_a_FWD_g.1274.peg.5076-MONOMER,0.0,-9.639011197093223e-07
NTD5_a_REV_g.1274.peg.5963-MONOMER_mod_cobalt2(1),0.0,6.026587030651855e-07
NTD5_a_FWD_g.1274.peg.5963-MONOMER_mod_cobalt2(1),0.0,-1.1155622060037194e-06
NTD5_a_REV_g.1274.peg.5963-MONOMER_mod_zn2(1),0.0,6.028522306718469e-07
NTD5_a_FWD_g.1274.peg.5963-MONOMER_mod_zn2(1),0.0,-1.1153686783970582e-06
NTD6_REV_g.1274.peg.5076-MONOMER,0.0,2.57181857269211e-08
NTD6_FWD_g.1274.peg.5076-MONOMER,0.0,-2.352995160766606e-07
NTD6_REV_g.1274.peg.5963-MONOMER_mod_cobalt2(1),0.0,-1.2594290056747611e-07
NTD6_FWD_g.1274.peg.5963-MONOMER_mod_cobalt2(1),0.0,-3.8696060237105785e-07
NTD6_REV_g.1274.peg.5963-MONOMER_mod_zn2(1),0.0,-1.2574937296081477e-07
NTD6_FWD_g.1274.peg.5963-MONOMER_mod_zn2(1),0.0,-3.8676707476439645e-07
NTD7_REV_g.1274.peg.5076-MONOMER,0.0,-9.588672151217718e-08
NTD7_FWD_g.1274.peg.5076-MONOMER,0.0,-1.1369460883756232e-07
NTD7_REV_g.1274.peg.5963-MONOMER_mod_cobalt2(1),0.0,-2.475478078065744e-07
NTD7_FWD_g.1274.peg.5963-MONOMER_mod_cobalt2(1),0.0,-2.6535569513195957e-07
NTD7_REV_g.1274.peg.5963-MONOMER_mod_zn2(1),0.0,-2.473542801999131e-07
NTD7_FWD_g.1274.peg.5963-MONOMER_mod_zn2(1),0.0,-2.651621675252982e-07
NTD8_REV_g.1274.peg.5076-MONOMER,0.0,1.6269485209407186e-07
NTD8_FWD_g.1274.peg.5076-MONOMER,0.0,-3.7227618244381135e-07
NTD8_REV_g.1274.peg.5963-MONOMER_mod_cobalt2(1),0.0,1.1033765799674641e-08
NTD8_FWD_g.1274.peg.5963-MONOMER_mod_cobalt2(1),0.0,-5.239372687382085e-07
NTD8_REV_g.1274.peg.5963-MONOMER_mod_zn2(1),0.0,1.1227293406335993e-08
NTD8_FWD_g.1274.peg.5963-MONOMER_mod_zn2(1),0.0,-5.237437411315472e-07
NTD9_REV_g.1274.peg.5076-MONOMER,0.0,-2.095813303497395e-07
NTD9_FWD_g.1274.peg.5076-MONOMER,-1.353158814707418e-24,-1.288147328035338e-40
NTD9_REV_g.1274.peg.5963-MONOMER_mod_cobalt2(1),0.0,-3.6124241664413674e-07
NTD9_FWD_g.1274.peg.5963-MONOMER_mod_cobalt2(1),0.0,-1.5166108629439722e-07
NTD9_REV_g.1274.peg.5963-MONOMER_mod_zn2(1),0.0,-3.610488890374754e-07
NTD9_FWD_g.1274.peg.5963-MONOMER_mod_zn2(1),0.0,-1.5146755868773588e-07
NTPP7_REV_CPLX_dummy,0.0,7.349401372703096e-07
NTPP7_FWD_CPLX_dummy,0.0,-1.0124873935346872e-06
NTPTP1_REV_g.1274.peg.5429-MONOMER_mod_mg2(1),0.0,-2.561592055887895e-07
NTPTP1_FWD_g.1274.peg.5429-MONOMER_mod_mg2(1),1.870785201610043e-56,-1.6266376428095392e-40
NTRARx_REV_CPLX_dummy,0.0,6.428773383566619e-07
NTRARx_FWD_CPLX_dummy,0.0,-9.204245946210394e-07
NTRARy_REV_CPLX_dummy,0.0,6.391962680672416e-07
NTRARy_FWD_CPLX_dummy,0.0,-9.167435243316191e-07
NTRIR2x_REV_CPLX_dummy,0.0,6.14610058520664e-09
NTRIR2x_FWD_CPLX_dummy,0.0,-2.836933568495842e-07
NTRIR2y_REV_CPLX_dummy,0.0,-4.8971102830544544e-09
NTRIR2y_FWD_CPLX_dummy,0.0,-2.726501459813231e-07
O2t_REV_CPLX_dummy,0.0,1.1597619586688614e-40
O2t_FWD_CPLX_dummy,0.0,-2.7754725626437756e-07
OAACLi_REV_g.1274.peg.4206-MONOMER_mod_fmn(1),0.0,-6.591525572912917e-07
OAACLi_FWD_g.1274.peg.4206-MONOMER_mod_fmn(1),0.0,-1.7727610553070725e-08
OAACLi_REV_g.1274.peg.4206-MONOMER_mod_mg2(1),0.0,-6.618273460039037e-07
OAACLi_FWD_g.1274.peg.4206-MONOMER_mod_mg2(1),0.0,-2.040239926568277e-08
OAASr_REV_398578.3.peg.4890-MONOMER,0.0,-3.6371728974514774e-07
OAASr_FWD_398578.3.peg.4890-MONOMER,0.0,-5.087024263013329e-09
OAASr_REV_398578.3.peg.2413-MONOMER,0.0,-3.586302654821344e-07
OAASr_FWD_398578.3.peg.2413-MONOMER,0.967628467779821,-1.3727013192791773e-39
OCBT_REV_g.1274.peg.1810-MONOMER,0.0,-1.3559124759956525e-39
OCBT_FWD_g.1274.peg.1810-MONOMER,0.0,-1.7741866928404006e-07
OCDCEAtr_REV_CPLX_dummy,0.0,-1.3737009866444152e-41
OCDCEAtr_FWD_CPLX_dummy,0.0,-2.7754725626437756e-07
OCOAT1_REV_CPLX_dummy,0.0,2.552831791149818e-07
OCOAT1_FWD_CPLX_dummy,0.0,-5.328304353793594e-07
OHEDH_REV_g.1274.peg.837-MONOMER,0.0,-2.0933967091087767e-07
OHEDH_FWD_g.1274.peg.837-MONOMER,0.0,-4.961947790256248e-08
OHEDH_REV_g.1274.peg.1741-MONOMER,0.0,-1.5972019300831518e-07
OHEDH_FWD_g.1274.peg.1741-MONOMER,0.0,9.12934395766332e-42
OHEDH_REV_g.1274.peg.815-MONOMER,0.0,-1.9656259113430815e-07
OHEDH_FWD_g.1274.peg.815-MONOMER,0.0,-3.684239812599297e-08
OHEDH_REV_g.1274.peg.2715-MONOMER,0.0,-2.461547053531008e-07
OHEDH_FWD_g.1274.peg.2715-MONOMER,0.0,-8.643451234478562e-08
OHPBAT_REV_398578.3.peg.4702-MONOMER_mod_pydx5p(1),4.833218523108235e-25,-2.780439912464508e-40
OHPBAT_FWD_398578.3.peg.4702-MONOMER_mod_pydx5p(1),0.0,-3.2996682144695503e-07
OHPHM_REV_CPLX_dummy,0.0,-2.7754725626437756e-07
OHPHM_FWD_CPLX_dummy,0.0,1.349330141767406e-40
OIVD1r_REV_CPLX_dummy,0.0,-2.7754725626437756e-07
OIVD1r_FWD_CPLX_dummy,0.0027661825008820965,-4.098724823127002e-41
OIVD2_REV_CPLX_dummy,0.0,-2.7754725626437756e-07
OIVD2_FWD_CPLX_dummy,0.0,-1.3525791916319106e-39
OIVD3_REV_CPLX_dummy,0.0,-2.7754725626437756e-07
OIVD3_FWD_CPLX_dummy,0.0027661825008820965,-6.9678321993159026e-40
OMBZLM_REV_CPLX_dummy,0.0,-2.7754725626437756e-07
OMBZLM_FWD_CPLX_dummy,0.0,1.349330141767406e-40
OMCDC_REV_g.1274.peg.4379-MONOMER,0.0,-1.5443704692789267e-07
OMCDC_FWD_g.1274.peg.4379-MONOMER,0.0,-1.6499372260534533e-07
OMMBLHX3_REV_CPLX_dummy,0.0,2.4506441398472934e-06
OMMBLHX3_FWD_CPLX_dummy,0.0,-2.728191396111671e-06
OMPDC_REV_398578.3.peg.823-MONOMER,0.0,-3.172650859007663e-07
OMPDC_FWD_398578.3.peg.823-MONOMER,0.0,-3.360725686838103e-41
OMPHHX3_REV_CPLX_dummy,0.0,4.698077556175625e-06
OMPHHX3_FWD_CPLX_dummy,0.0,-4.975624812440002e-06
OP4ENH_REV_g.1274.peg.1872-MONOMER,0.0,-3.37827575911777e-07
OP4ENH_FWD_g.1274.peg.1872-MONOMER,0.0,0.0
OPHHX_REV_CPLX_dummy,0.0,-2.7754725626437756e-07
OPHHX_FWD_CPLX_dummy,0.0,-2.4894603184179715e-41
OPHHX3_REV_CPLX_dummy,0.0,3.4930582608041026e-07
OPHHX3_FWD_CPLX_dummy,0.0,-6.268530823447879e-07
ORNCD_REV_398578.3.peg.681-MONOMER,0.0,-1.5207079685346157e-07
ORNCD_FWD_398578.3.peg.681-MONOMER,0.0,-1.9250860403413822e-07
ORNDC_REV_g.1274.peg.2879-MONOMER_mod_pydx5p(1),0.0,-5.507259893235704e-07
ORNDC_FWD_g.1274.peg.2879-MONOMER_mod_pydx5p(1),0.0,-3.0841722658452645e-08
ORNDC_REV_g.1274.peg.28-MONOMER_mod_pydx5p(1),0.0,-5.198842666651178e-07
ORNDC_FWD_g.1274.peg.28-MONOMER_mod_pydx5p(1),0.00020110546849129912,-6.614091843755016e-41
ORNTAC_REV_398578.3.peg.1366-MONOMER,0.0,-5.487319455884598e-08
ORNTAC_FWD_398578.3.peg.1366-MONOMER,0.0,-3.3772831285235847e-07
ORNTAC_REV_398578.3.peg.2101-MONOMER,0.0,-3.472516425547917e-08
ORNTAC_FWD_398578.3.peg.2101-MONOMER,0.0,-3.175802825489917e-07
ORNTAC_REV_398578.3.peg.1206-MONOMER,0.0,-7.195977537013954e-08
ORNTAC_FWD_398578.3.peg.1206-MONOMER,0.0,-3.54814893663652e-07
ORNTAC_REV_398578.3.peg.6020-MONOMER,0.0,-4.62943433266256e-08
ORNTAC_FWD_398578.3.peg.6020-MONOMER,0.0,-3.291494616201381e-07
ORNTAC_REV_398578.3.peg.5478-MONOMER,0.0,-6.016043747345595e-08
ORNTAC_FWD_398578.3.peg.5478-MONOMER,0.0,-3.430155557669684e-07
ORNTAC_REV_398578.3.peg.238-MONOMER,1.3072921876522907e-22,8.3166290121871e-40
ORNTAC_FWD_398578.3.peg.238-MONOMER,0.0,-2.828551182935125e-07
ORNTAC_REV_398578.3.peg.1255-MONOMER,0.0,-3.13900085790752e-08
ORNTAC_FWD_398578.3.peg.1255-MONOMER,0.0,-3.1424512687258767e-07
ORNt2r_REV_CPLX_dummy,0.0,-2.7754725626437756e-07
ORNt2r_FWD_CPLX_dummy,0.00020110546849129912,0.0
OROTPT_REV_398578.3.peg.339-MONOMER_mod_mg2(1),0.0,-3.344585989059037e-07
OROTPT_FWD_398578.3.peg.339-MONOMER_mod_mg2(1),0.0,-5.95767498858236e-40
OXOAEL_REV_g.1274.peg.3748-MONOMER,0.0,-1.8858991813493726e-07
OXOAEL_FWD_g.1274.peg.3748-MONOMER,0.0,-4.21079252315387e-08
OXOAEL_REV_g.1274.peg.6099-MONOMER,0.0,-1.4648199290339857e-07
OXOAEL_FWD_g.1274.peg.6099-MONOMER,0.0,5.697718972053338e-41
OXOAEL_REV_g.1274.peg.1186-MONOMER,0.0,-2.331930000198519e-07
OXOAEL_FWD_g.1274.peg.1186-MONOMER,0.0,-8.671100711645335e-08
P1CM_REV_g.1274.peg.1979-MONOMER,0.0,5.1407902122013864e-40
P1CM_FWD_g.1274.peg.1979-MONOMER,0.0,-4.925888036200659e-07
P5CD_REV_g.1274.peg.5909-MONOMER_mod_fad(1),0.0,-4.878419235008794e-07
P5CD_FWD_g.1274.peg.5909-MONOMER_mod_fad(1),0.0,-1.3877362813218878e-07
P5CRyr_REV_398578.3.peg.1016-MONOMER,0.0,-3.232958244661644e-07
P5CRyr_FWD_398578.3.peg.1016-MONOMER,0.0,-4.473297666338393e-07
PAAI17P_REV_CPLX_dummy,0.0,8.923429669814134e-07
PAAI17P_FWD_CPLX_dummy,0.0,-1.169890223245791e-06
PAAMOR_REV_g.1274.peg.4051-MONOMER,0.0,1.40555150693007e-06
PAAMOR_FWD_g.1274.peg.4051-MONOMER,0.0,-1.7014884981794873e-06
PACCOAL_REV_g.1274.peg.5969-MONOMER,0.0,-2.1708157329277987e-07
PACCOAL_FWD_g.1274.peg.5969-MONOMER,0.0,-6.298030978944318e-09
PACCOAL_REV_g.1274.peg.5360-MONOMER,0.0,-2.1078354231383558e-07
PACCOAL_FWD_g.1274.peg.5360-MONOMER,0.0,-3.5383317382239595e-40
PACCOAL2r_REV_CPLX_dummy,0.26602612579376234,-8.41606179840684e-40
PACCOAL2r_FWD_CPLX_dummy,0.0,-2.7754725626437756e-07
PACTH_REV_g.1274.peg.1800-MONOMER,0.0,-3.487675607129004e-07
PACTH_FWD_g.1274.peg.1800-MONOMER,0.0,-5.604101716724629e-40
PACt2r_REV_CPLX_dummy,0.0,7.372848148912372e-41
PACt2r_FWD_CPLX_dummy,0.0,-2.7754725626437756e-07
PAI17P_REV_CPLX_dummy,0.0,8.923429669814134e-07
PAI17P_FWD_CPLX_dummy,0.0,-1.169890223245791e-06
PANTS_REV_398578.3.peg.1816-MONOMER_mod_mn2(1)_mod_nh4(1),0.0,-2.9084065373138427e-07
PANTS_FWD_398578.3.peg.1816-MONOMER_mod_mn2(1)_mod_nh4(1),0.0,-6.318862423240588e-10
PANTS_REV_398578.3.peg.1816-MONOMER_mod_mg2(1)_mod_k(1),0.0,-2.911279600606414e-07
PANTS_FWD_398578.3.peg.1816-MONOMER_mod_mg2(1)_mod_k(1),0.0,-9.191925715812256e-10
PANTS_REV_398578.3.peg.1816-MONOMER_mod_mn2(1)_mod_k(1),0.0,-2.902087674890602e-07
PANTS_FWD_398578.3.peg.1816-MONOMER_mod_mn2(1)_mod_k(1),0.00010058683483736695,-5.331127316415819e-40
PANTS_REV_398578.3.peg.1816-MONOMER_mod_mg2(1)_mod_nh4(1),0.0,-2.917603132419263e-07
PANTS_FWD_398578.3.peg.1816-MONOMER_mod_mg2(1)_mod_nh4(1),0.0,-1.551545752866117e-09
PAOOX_REV_g.1274.peg.4443-MONOMER,0.0,3.020094406238793e-06
PAOOX_FWD_g.1274.peg.4443-MONOMER,0.0,-3.2512549115547013e-06
PAPA180_REV_CPLX_dummy,0.0,8.923429669814134e-07
PAPA180_FWD_CPLX_dummy,0.0,-1.169890223245791e-06
PAPPT2_REV_g.1274.peg.43-MONOMER,0.0,-2.67561071631488e-07
PAPPT2_FWD_g.1274.peg.43-MONOMER,0.0,-7.83804489554437e-40
PAPPT3_REV_g.1274.peg.43-MONOMER,0.0,-2.67561071631488e-07
PAPPT3_FWD_g.1274.peg.43-MONOMER,0.0,4.405521786116318e-39
PBUTT_REV_g.1274.peg.1603-MONOMER,0.0,-1.3092801711553344e-39
PBUTT_FWD_g.1274.peg.1603-MONOMER,0.0,-4.5873908192764146e-07
PBt_REV_g.1274.peg.2547-MONOMER,0.0,-4.874165404621949e-07
PBt_FWD_g.1274.peg.2547-MONOMER,0.0,-5.0615948506712425e-08
PBt_REV_g.1274.peg.4185-MONOMER,0.0,-4.610755324083622e-07
PBt_FWD_g.1274.peg.4185-MONOMER,0.0,-2.4274940452879732e-08
PBt_REV_g.1274.peg.594-MONOMER,0.0,-4.3680059195548246e-07
PBt_FWD_g.1274.peg.594-MONOMER,0.0,-1.5572590374509688e-40
PBt_REV_g.1274.peg.3914-MONOMER,0.0,-4.547892069960977e-07
PBt_FWD_g.1274.peg.3914-MONOMER,0.0,-1.7988615040615236e-08
PC11M_REV_g.1274.peg.5854-MONOMER,0.0,-3.6806864567469006e-07
PC11M_FWD_g.1274.peg.5854-MONOMER,0.0,-2.2809301835569645e-39
PC17M_REV_g.1274.peg.5361-MONOMER,0.0,-3.690370686457579e-07
PC17M_FWD_g.1274.peg.5361-MONOMER,0.0,1.0223698290281009e-39
PC20M_REV_g.1274.peg.5680-MONOMER,0.0,-1.9056626297755602e-07
PC20M_FWD_g.1274.peg.5680-MONOMER,0.0,2.894230946784104e-39
PC6YM_REV_g.1274.peg.5899-MONOMER,0.0,-4.2279552877140543e-07
PC6YM_FWD_g.1274.peg.5899-MONOMER,0.0,-7.887463812022936e-40
PC8XM_REV_g.1274.peg.3041-MONOMER,0.0,-3.3742098336877097e-07
PC8XM_FWD_g.1274.peg.3041-MONOMER,0.0,-5.00836218120099e-08
PC8XM_REV_g.1274.peg.5015-MONOMER,0.0,-2.873373615567611e-07
PC8XM_FWD_g.1274.peg.5015-MONOMER,0.0,1.6110097739606864e-39
PCAB_REV_g.1274.peg.6127-MONOMER,0.0,-3.6382886775483046e-07
PCAB_FWD_g.1274.peg.6127-MONOMER,0.0,-3.327510090809688e-08
PCAB_REV_g.1274.peg.598-MONOMER,0.0,-3.305537668467336e-07
PCAB_FWD_g.1274.peg.598-MONOMER,0.0,-1.6228912263453642e-41
PDE1_REV_g.1274.peg.2611-MONOMER,0.0,6.318757744432604e-07
PDE1_FWD_g.1274.peg.2611-MONOMER,0.0,-8.544962089580503e-07
PDE4_REV_g.1274.peg.2611-MONOMER,0.0,-2.2262043451478992e-07
PDE4_FWD_g.1274.peg.2611-MONOMER,0.0,3.840176360036614e-40
PDHa_REV_CPLX_dummy,0.0,-1.393843273164517e-07
PDHa_FWD_CPLX_dummy,0.0,-1.3816292894792587e-07
PDHbr_REV_g.1274.peg.3946-MONOMER,0.0,-5.782914172992982e-07
PDHbr_FWD_g.1274.peg.3946-MONOMER,0.0,3.854293236845321e-40
PDHc_REV_g.1274.peg.2215-MONOMER,0.0,-3.8247894357650476e-07
PDHc_FWD_g.1274.peg.2215-MONOMER,0.0,-1.3745825210310482e-08
PDHc_REV_g.1274.peg.3306-MONOMER,0.0,-3.687331183661943e-07
PDHc_FWD_g.1274.peg.3306-MONOMER,1.811865225645345e-22,2.3955930487782926e-40
PDHc_REV_g.1274.peg.3116-MONOMER,0.0,-4.6091344311494355e-07
PDHc_FWD_g.1274.peg.3116-MONOMER,0.0,-9.218032474874931e-08
PDX5PO_REV_g.1274.peg.3261-MONOMER,0.0,-7.501708644525783e-08
PDX5PO_FWD_g.1274.peg.3261-MONOMER,0.0,-3.3962998484641055e-08
PDX5PO2_REV_398578.3.peg.3928-MONOMER_mod_fmn(1),0.0,-1.1588502594407109e-07
PDX5PO2_FWD_398578.3.peg.3928-MONOMER_mod_fmn(1),0.00010055274208889817,-2.2811993065388043e-39
PDX5PS_REV_398578.3.peg.5240-MONOMER,0.0,-3.242689724303611e-07
PDX5PS_FWD_398578.3.peg.5240-MONOMER,0.0,-9.141504057675583e-08
PDX5PSYN_REV_g.1274.peg.4372-MONOMER,0.0,-2.3285393185360525e-07
PDX5PSYN_FWD_g.1274.peg.4372-MONOMER,-4.833218523108235e-25,7.950733137914921e-40
PEPCK_REV_398578.3.peg.113-MONOMER,0.0,-2.9783239718604695e-07
PEPCK_FWD_398578.3.peg.113-MONOMER,0.017014983785580858,-3.616499428394596e-36
PEPGLY_REV_g.1274.peg.6111-MONOMER,0.0,-2.983370512865252e-07
PEPGLY_FWD_g.1274.peg.6111-MONOMER,0.0,4.499337483830786e-39
PEPGLY_REV_g.1274.peg.5132-MONOMER,0.0,-3.6293876473005903e-07
PEPGLY_FWD_g.1274.peg.5132-MONOMER,0.0,-6.460171344353385e-08
PEPGLY_REV_g.1274.peg.4728-MONOMER,0.0,-3.811337563547101e-07
PEPGLY_FWD_g.1274.peg.4728-MONOMER,0.0,-8.279670506818493e-08
PERD_REV_398578.3.peg.346-MONOMER,0.0,-2.459626448622762e-07
PERD_FWD_398578.3.peg.346-MONOMER,0.0,-1.315525739976506e-07
PERD_REV_398578.3.peg.4260-MONOMER,0.0,-2.841479631461265e-07
PERD_FWD_398578.3.peg.4260-MONOMER,0.0,-1.6973789228150093e-07
PERD_REV_398578.3.peg.5617-MONOMER,0.0,-2.153795867930353e-07
PERD_FWD_398578.3.peg.5617-MONOMER,0.0,-1.0096951592840973e-07
PERD_REV_398578.3.peg.5950-MONOMER,0.0,-1.8868655651438353e-07
PERD_FWD_398578.3.peg.5950-MONOMER,0.0,-7.427648564975795e-08
PERD_REV_398578.3.peg.5777-MONOMER,0.0,-2.4435890218195103e-07
PERD_FWD_398578.3.peg.5777-MONOMER,0.0,-1.2994883131732545e-07
PERD_REV_398578.3.peg.1354-MONOMER,0.0,-2.4296076263166117e-07
PERD_FWD_398578.3.peg.1354-MONOMER,0.0,-1.2855069176703562e-07
PERD_REV_398578.3.peg.248-MONOMER,0.0,-2.0739988166881622e-07
PERD_FWD_398578.3.peg.248-MONOMER,0.0,-9.298981080419063e-08
PERD_REV_398578.3.peg.1404-MONOMER,0.0,-2.194361225029349e-07
PERD_FWD_398578.3.peg.1404-MONOMER,0.0,-1.0502605163830933e-07
PERD_REV_398578.3.peg.3530-MONOMER,0.0,-1.9684607387921238e-07
PERD_FWD_398578.3.peg.3530-MONOMER,0.0,-8.243600301458682e-08
PERD_REV_398578.3.peg.1378-MONOMER,0.0,-2.947269807422154e-07
PERD_FWD_398578.3.peg.1378-MONOMER,0.0,-1.8031690987758985e-07
PFK_REV_398578.3.peg.5237-MONOMER_mod_mg2(1),0.0,-2.90022771594383e-07
PFK_FWD_398578.3.peg.5237-MONOMER_mod_mg2(1),0.0,-2.490708602115444e-07
PFK_2_REV_g.1274.peg.4138-MONOMER,0.0,-3.8173187709379556e-07
PFK_2_FWD_g.1274.peg.4138-MONOMER,0.0,-4.958144198788278e-40
PFK_2_REV_g.1274.peg.1346-MONOMER,0.0,-4.4012897362194e-07
PFK_2_FWD_g.1274.peg.1346-MONOMER,0.0,-5.839709652814447e-08
PFK_3_REV_g.1274.peg.4138-MONOMER,0.0,2.446208659307798e-07
PFK_3_FWD_g.1274.peg.4138-MONOMER,0.0,-6.263527430245753e-07
PGAMT_REV_398578.3.peg.4905-MONOMER,0.0016243658557842345,-2.735023091403535e-41
PGAMT_FWD_398578.3.peg.4905-MONOMER,0.0,-3.8381274238932375e-07
PGCDr_REV_398578.3.peg.346-MONOMER,0.0,-3.2023913051203415e-07
PGCDr_FWD_398578.3.peg.346-MONOMER,0.0,-5.727608834789264e-08
PGCDr_REV_398578.3.peg.4260-MONOMER,0.0,-3.584244487958845e-07
PGCDr_FWD_398578.3.peg.4260-MONOMER,0.0,-9.546140663174298e-08
PGCDr_REV_398578.3.peg.5617-MONOMER,0.0,-2.8965607244279326e-07
PGCDr_FWD_398578.3.peg.5617-MONOMER,0.0,-2.6693030278651773e-08
PGCDr_REV_398578.3.peg.5950-MONOMER,0.0,-2.629630421641415e-07
PGCDr_FWD_398578.3.peg.5950-MONOMER,0.0,-1.0179519833753687e-39
PGCDr_REV_398578.3.peg.5777-MONOMER,0.0,-3.1863538783170895e-07
PGCDr_FWD_398578.3.peg.5777-MONOMER,0.0,-5.567234566756748e-08
PGCDr_REV_398578.3.peg.1354-MONOMER,0.0,-3.1723724828141915e-07
PGCDr_FWD_398578.3.peg.1354-MONOMER,0.0,-5.4274206117277654e-08
PGCDr_REV_398578.3.peg.248-MONOMER,0.0,-2.8167636731857414e-07
PGCDr_FWD_398578.3.peg.248-MONOMER,0.0,-1.871332515443268e-08
PGCDr_REV_398578.3.peg.1404-MONOMER,0.0,-2.9371260815269287e-07
PGCDr_FWD_398578.3.peg.1404-MONOMER,0.0,-3.074956598855137e-08
PGCDr_REV_398578.3.peg.3530-MONOMER,0.0,-2.7112255952897036e-07
PGCDr_FWD_398578.3.peg.3530-MONOMER,0.0,-8.159517364828861e-09
PGCDr_REV_398578.3.peg.1378-MONOMER,0.0,-3.690034663919734e-07
PGCDr_FWD_398578.3.peg.1378-MONOMER,0.0,-1.060404242278319e-07
PGI_REV_398578.3.peg.5655-MONOMER,0.0,-1.5175155376473384e-07
PGI_FWD_398578.3.peg.5655-MONOMER,0.0,-2.1364567047556323e-07
PGI_REV_398578.3.peg.5580-MONOMER,0.0,-1.3344146362785848e-07
PGI_FWD_398578.3.peg.5580-MONOMER,0.0,-1.9533558033868788e-07
PGK_REV_398578.3.peg.827-MONOMER,4.495725563368962e-22,3.1895911850926107e-41
PGK_FWD_398578.3.peg.827-MONOMER,0.0,-4.504093713304833e-07
PGLYCP_REV_g.1274.peg.5182-MONOMER_mod_mg2(1)_mod_cl(1),0.0,-2.606412955181552e-07
PGLYCP_FWD_g.1274.peg.5182-MONOMER_mod_mg2(1)_mod_cl(1),0.0,4.925259772027102e-40
PGM_REV_398578.3.peg.1808-MONOMER_mod_23bpg(1),2.247862781684481e-22,0.0
PGM_FWD_398578.3.peg.1808-MONOMER_mod_23bpg(1),0.0,-1.0648201549651364e-06
PGMT_REV_g.1274.peg.3041-MONOMER,0.004060914639460587,1.5316962545183888e-40
PGMT_FWD_g.1274.peg.3041-MONOMER,0.0,-3.875046051807809e-07
PGPP120_REV_g.1274.peg.5583-MONOMER_mod_mg2(1),0.0,-9.442774235202789e-08
PGPP120_FWD_g.1274.peg.5583-MONOMER_mod_mg2(1),0.0,-5.1319925116351196e-39
PGPP140_REV_g.1274.peg.5583-MONOMER_mod_mg2(1),0.0,-9.442774235202789e-08
PGPP140_FWD_g.1274.peg.5583-MONOMER_mod_mg2(1),0.0,-1.3294162946203855e-39
PGPP141_REV_g.1274.peg.5583-MONOMER_mod_mg2(1),0.0,-9.442774235202789e-08
PGPP141_FWD_g.1274.peg.5583-MONOMER_mod_mg2(1),-7.100914839038213e-27,-2.2280720021570706e-41
PGPP160_REV_g.1274.peg.5583-MONOMER_mod_mg2(1),0.0,-9.442774235202789e-08
PGPP160_FWD_g.1274.peg.5583-MONOMER_mod_mg2(1),0.0,9.654978676013972e-41
PGPP161_REV_g.1274.peg.5583-MONOMER_mod_mg2(1),0.0,-9.442774235202789e-08
PGPP161_FWD_g.1274.peg.5583-MONOMER_mod_mg2(1),0.0,-2.2280720021570706e-41
PGPP180_REV_g.1274.peg.5583-MONOMER_mod_mg2(1),0.0,-9.442774235202789e-08
PGPP180_FWD_g.1274.peg.5583-MONOMER_mod_mg2(1),0.0010373184378307861,9.654978676013972e-41
PGPP181_REV_g.1274.peg.5583-MONOMER_mod_mg2(1),0.0,-9.442774235202789e-08
PGPP181_FWD_g.1274.peg.5583-MONOMER_mod_mg2(1),1.1053290550276595e-27,-2.2280720021570706e-41
PGPPAI15_REV_g.1274.peg.5583-MONOMER_mod_mg2(1),0.0,-9.442774235202789e-08
PGPPAI15_FWD_g.1274.peg.5583-MONOMER_mod_mg2(1),0.0,5.718718138869815e-40
PGPPAI17_REV_g.1274.peg.5583-MONOMER_mod_mg2(1),0.0,-9.442774235202789e-08
PGPPAI17_FWD_g.1274.peg.5583-MONOMER_mod_mg2(1),0.0010373184378307861,2.4731599223943483e-39
PGPPI14_REV_g.1274.peg.5583-MONOMER_mod_mg2(1),0.0,-9.442774235202789e-08
PGPPI14_FWD_g.1274.peg.5583-MONOMER_mod_mg2(1),0.0,-8.169597341242592e-41
PGPPI15_REV_g.1274.peg.5583-MONOMER_mod_mg2(1),0.0,-9.442774235202789e-08
PGPPI15_FWD_g.1274.peg.5583-MONOMER_mod_mg2(1),0.0,2.4731599223943483e-39
PGPPI16_REV_g.1274.peg.5583-MONOMER_mod_mg2(1),0.0,-9.442774235202789e-08
PGPPI16_FWD_g.1274.peg.5583-MONOMER_mod_mg2(1),0.0,9.654978676013972e-41
PGPPI17_REV_g.1274.peg.5583-MONOMER_mod_mg2(1),0.0,-9.442774235202789e-08
PGPPI17_FWD_g.1274.peg.5583-MONOMER_mod_mg2(1),0.0010373184378307861,-1.3294162946203855e-39
PGSA120_REV_g.1274.peg.2948-MONOMER_mod_mg2(1),0.0,-1.8662224822496408e-07
PGSA120_FWD_g.1274.peg.2948-MONOMER_mod_mg2(1),0.0,1.7834713325522262e-39
PGSA140_REV_g.1274.peg.2948-MONOMER_mod_mg2(1),0.0,-1.8662224822496408e-07
PGSA140_FWD_g.1274.peg.2948-MONOMER_mod_mg2(1),0.0,1.7834713325522262e-39
PGSA141_REV_g.1274.peg.2948-MONOMER_mod_mg2(1),0.0,-1.8662224822496408e-07
PGSA141_FWD_g.1274.peg.2948-MONOMER_mod_mg2(1),0.0,-3.6059256450509493e-40
PGSA160_REV_g.1274.peg.2948-MONOMER_mod_mg2(1),0.0,-1.8662224822496408e-07
PGSA160_FWD_g.1274.peg.2948-MONOMER_mod_mg2(1),0.0,-4.872872493312094e-41
PGSA161_REV_g.1274.peg.2948-MONOMER_mod_mg2(1),0.0,-1.8662224822496408e-07
PGSA161_FWD_g.1274.peg.2948-MONOMER_mod_mg2(1),0.0,-3.6059256450509493e-40
PGSA180_REV_g.1274.peg.2948-MONOMER_mod_mg2(1),0.0,-1.8662224822496408e-07
PGSA180_FWD_g.1274.peg.2948-MONOMER_mod_mg2(1),0.0010373184378307861,5.360159742643303e-40
PGSA181_REV_g.1274.peg.2948-MONOMER_mod_mg2(1),0.0,-1.8662224822496408e-07
PGSA181_FWD_g.1274.peg.2948-MONOMER_mod_mg2(1),0.0,-3.6059256450509493e-40
PGSAAI15_REV_g.1274.peg.2948-MONOMER_mod_mg2(1),0.0,-1.8662224822496408e-07
PGSAAI15_FWD_g.1274.peg.2948-MONOMER_mod_mg2(1),0.0,4.278382049128018e-39
PGSAAI17_REV_g.1274.peg.2948-MONOMER_mod_mg2(1),0.0,-1.8662224822496408e-07
PGSAAI17_FWD_g.1274.peg.2948-MONOMER_mod_mg2(1),0.0010373184378307861,1.7834713325522262e-39
PGSAI14_REV_g.1274.peg.2948-MONOMER_mod_mg2(1),0.0,-1.8662224822496408e-07
PGSAI14_FWD_g.1274.peg.2948-MONOMER_mod_mg2(1),0.0,3.021180945853498e-40
PGSAI15_REV_g.1274.peg.2948-MONOMER_mod_mg2(1),0.0,-1.8662224822496408e-07
PGSAI15_FWD_g.1274.peg.2948-MONOMER_mod_mg2(1),0.0,-7.114393840235657e-40
PGSAI16_REV_g.1274.peg.2948-MONOMER_mod_mg2(1),0.0,-1.8662224822496408e-07
PGSAI16_FWD_g.1274.peg.2948-MONOMER_mod_mg2(1),0.0,2.2415213469235633e-40
PGSAI17_REV_g.1274.peg.2948-MONOMER_mod_mg2(1),0.0,-1.8662224822496408e-07
PGSAI17_FWD_g.1274.peg.2948-MONOMER_mod_mg2(1),0.0010373184378307861,1.7834713325522262e-39
PHACOAO_REV_CPLX_dummy,0.0,-2.7754725626437756e-07
PHACOAO_FWD_CPLX_dummy,0.0,-3.323266079680305e-41
PHE4MO_REV_g.1274.peg.114-MONOMER,0.0,2.576461248213523e-06
PHE4MO_FWD_g.1274.peg.114-MONOMER,0.0,-2.7346681393413106e-06
PHETA1_REV_CPLX_dummy,0.0,-2.7754725626437756e-07
PHETA1_FWD_CPLX_dummy,-5.16565852443568e-27,4.734966858540447e-41
PHETHPTOX2_REV_g.1274.peg.114-MONOMER,0.0,2.6104708278975347e-06
PHETHPTOX2_FWD_g.1274.peg.114-MONOMER,0.0,-2.7686777190253225e-06
PHEt2r_REV_CPLX_PHEt2r-0,0.0,-4.042861492608007e-07
PHEt2r_FWD_CPLX_PHEt2r-0,0.003591550745058606,-5.694617499653726e-40
PHPB2i_REV_g.1274.peg.5040-MONOMER,0.0,-3.48479660053831e-07
PHPB2i_FWD_g.1274.peg.5040-MONOMER,0.0,-6.3483740107658674e-09
PHPB2i_REV_g.1274.peg.323-MONOMER,0.0,-3.4325466910444245e-07
PHPB2i_FWD_g.1274.peg.323-MONOMER,0.0,-1.123383061377309e-09
PHPYRt2r_REV_CPLX_dummy,0.0,0.0
PHPYRt2r_FWD_CPLX_dummy,0.0,-2.7754725626437756e-07
PHTHRDH_REV_g.1274.peg.1574-MONOMER,0.0,-8.561648623028436e-08
PHTHRDH_FWD_g.1274.peg.1574-MONOMER,0.0,-4.780010047791671e-07
PHTHRDH_REV_g.1274.peg.5408-MONOMER,4.833218523108235e-25,8.86670441715873e-40
PHTHRDH_FWD_g.1274.peg.5408-MONOMER,0.0,-3.9238451854888275e-07
PHYCBOXL_REV_g.1274.peg.1527-MONOMER_mod_mg2(1),0.0,-4.1498023535090757e-07
PHYCBOXL_FWD_g.1274.peg.1527-MONOMER_mod_mg2(1),0.0,-3.920430506142809e-41
PIabc_REV_CPLX_PIabc-0,0.0,3.770993824188782e-07
PIabc_FWD_CPLX_PIabc-0,0.0,-7.874722923696097e-07
PIt6b_REV_g.1274.peg.4102-MONOMER,0.0,-3.893693064697831e-07
PIt6b_FWD_g.1274.peg.4102-MONOMER,0.003198628053413088,2.1377478667813993e-40
PIt7ir_REV_g.1274.peg.4196-MONOMER,0.0,6.349975351646315e-07
PIt7ir_FWD_g.1274.peg.4196-MONOMER,0.0,-9.843036034575681e-07
PMANM_REV_g.1274.peg.3041-MONOMER,0.0,1.5159897755639696e-40
PMANM_FWD_g.1274.peg.3041-MONOMER,0.0,-3.875046051807809e-07
PMDPHT_REV_CPLX_dummy,0.0,-2.7754725626437756e-07
PMDPHT_FWD_CPLX_dummy,0.0002011459898550658,4.318430593867368e-40
PMPK_REV_398578.3.peg.1567-MONOMER,0.0,-3.376848714924898e-07
PMPK_FWD_398578.3.peg.1567-MONOMER,0.0,1.1088263481412997e-39
PMPK_REV_398578.3.peg.3285-MONOMER,0.0,-5.095959035790258e-07
PMPK_FWD_398578.3.peg.3285-MONOMER,0.0,-1.7191103208653603e-07
PMTCOATA_REV_g.1274.peg.4628-MONOMER,0.0,-1.3646277323398114e-07
PMTCOATA_FWD_g.1274.peg.4628-MONOMER,0.0,-5.200714535611893e-07
PMTCOATA_REV_g.1274.peg.514-MONOMER,0.0,-2.1996105609814058e-36
PMTCOATA_FWD_g.1274.peg.514-MONOMER,0.0,-3.8360868032720815e-07
PMTCOATA_REV_g.1274.peg.4953-MONOMER,0.0,-5.3480328438173874e-08
PMTCOATA_FWD_g.1274.peg.4953-MONOMER,0.0,-4.37089008765382e-07
PNTK_REV_398578.3.peg.1295-MONOMER,0.0,-2.9084489753832587e-07
PNTK_FWD_398578.3.peg.1295-MONOMER,0.00010058683483736695,-1.2742355618015587e-39
PPA_REV_g.1274.peg.4319-MONOMER_mod_mg2(1),0.0,1.176480038058273e-06
PPA_FWD_g.1274.peg.4319-MONOMER_mod_mg2(1),0.0,-1.4572736988286882e-06
PPA2_REV_CPLX_dummy,0.0,9.39409200582966e-07
PPA2_FWD_CPLX_dummy,0.0,-1.2169564568473436e-06
PPAKr_REV_g.1274.peg.5262-MONOMER,0.0,-3.5676740074102754e-07
PPAKr_FWD_g.1274.peg.5262-MONOMER,-3.0722750244455007e-22,2.0762168502859787e-40
PPAt2_REV_CPLX_dummy,0.0,-6.481496876539532e-08
PPAt2_FWD_CPLX_dummy,0.0,-2.1273228749898222e-07
PPAt2i_REV_CPLX_dummy,0.0,4.591774807899561e-41
PPAt2i_FWD_CPLX_dummy,0.0,-2.7754725626437756e-07
PPAt2r_REV_CPLX_dummy,0.0,-2.7754725626437756e-07
PPAt2r_FWD_CPLX_dummy,8.627984399079222e-36,5.104837653123491e-41
PPBNGS_REV_g.1274.peg.3415-MONOMER_mod_zn2(1),0.0,-4.247866719653725e-07
PPBNGS_FWD_g.1274.peg.3415-MONOMER_mod_zn2(1),0.0,1.9405510804479117e-40
PPC_REV_g.1274.peg.1527-MONOMER_mod_mg2(1),0.0,1.017026996433731e-06
PPC_FWD_g.1274.peg.1527-MONOMER_mod_mg2(1),0.0,-1.4320072317846385e-06
PPCDC_REV_398578.3.peg.5086-MONOMER,0.0,-3.544192722006215e-07
PPCDC_FWD_398578.3.peg.5086-MONOMER,0.00010058683483736695,6.084321623618042e-41
PPCOAC_REV_g.1274.peg.3525-MONOMER,0.0,7.897731640826871e-07
PPCOAC_FWD_g.1274.peg.3525-MONOMER,0.0,-1.1429739874219711e-06
PPCOAC_REV_g.1274.peg.3927-MONOMER,0.0,8.264569185396358e-07
PPCOAC_FWD_g.1274.peg.3927-MONOMER,0.0,-1.1062902329650223e-06
PPGPPDP_REV_g.1274.peg.1954-MONOMER_mod_mn2(1),0.0,-2.602313789902219e-07
PPGPPDP_FWD_g.1274.peg.1954-MONOMER_mod_mn2(1),0.0,-2.2440702923596983e-35
PPHTDK_REV_g.1274.peg.1546-MONOMER,0.0,-6.4272885324428725e-40
PPHTDK_FWD_g.1274.peg.1546-MONOMER,0.0,-9.310566929823169e-08
PPHTDK_REV_g.1274.peg.1573-MONOMER,0.0,-7.723707878649842e-08
PPHTDK_FWD_g.1274.peg.1573-MONOMER,0.0,-1.703427480847301e-07
PPHTDT_REV_g.1274.peg.1546-MONOMER,0.0,-6.4272885324428725e-40
PPHTDT_FWD_g.1274.peg.1546-MONOMER,0.0,-9.310566929823169e-08
PPHTDT_REV_g.1274.peg.1573-MONOMER,0.0,-7.723707878649842e-08
PPHTDT_FWD_g.1274.peg.1573-MONOMER,0.0,-1.703427480847301e-07
PPIt2e_REV_g.1274.peg.4102-MONOMER,0.0,-3.893693064697831e-07
PPIt2e_FWD_g.1274.peg.4102-MONOMER,0.0,0.0
PPM_REV_CPLX_dummy,0.0,-2.2082471333419778e-41
PPM_FWD_CPLX_dummy,0.0,-2.7754725626437756e-07
PPNCL3_REV_398578.3.peg.5086-MONOMER,0.0,-3.544192722006215e-07
PPNCL3_FWD_398578.3.peg.5086-MONOMER,0.00010058683483736695,2.1952130724913293e-40
PPND_REV_398578.3.peg.4704-MONOMER,0.0,-2.2825217408442332e-07
PPND_FWD_398578.3.peg.4704-MONOMER,0.0,-7.469386193099422e-08
PPND2_REV_g.1274.peg.4574-MONOMER,0.0,-2.2457110379500298e-07
PPND2_FWD_g.1274.peg.4574-MONOMER,0.0,-7.837493222041459e-08
PPNDH_REV_398578.3.peg.1865-MONOMER,0.0,-2.0993411275556947e-07
PPNDH_FWD_398578.3.peg.1865-MONOMER,0.0,-2.5543032614243745e-08
PPNDH_REV_398578.3.peg.735-MONOMER,0.0,-1.8439108014132573e-07
PPNDH_FWD_398578.3.peg.735-MONOMER,0.0,1.0259537385177168e-41
PPNDH_REV_398578.3.peg.4703-MONOMER,0.0,-2.6178807050275345e-07
PPNDH_FWD_398578.3.peg.4703-MONOMER,0.0,-7.73969903614277e-08
PPOR_REV_g.1274.peg.4107-MONOMER,0.0,-2.0817592664949242e-07
PPOR_FWD_g.1274.peg.4107-MONOMER,0.0,-6.630503313531469e-09
PPOR_REV_g.1274.peg.3428-MONOMER,0.0,-2.1102200817366772e-07
PPOR_FWD_g.1274.peg.3428-MONOMER,0.0,-9.476584837706783e-09
PPOR_REV_g.1274.peg.3564-MONOMER,0.0,-2.0154542333596095e-07
PPOR_FWD_g.1274.peg.3564-MONOMER,0.0,5.483803186547942e-40
PPS_REV_g.1274.peg.4540-MONOMER_mod_mg2(1),0.0,7.023143955486159e-07
PPS_FWD_g.1274.peg.4540-MONOMER_mod_mg2(1),0.0,-1.1481756782126855e-06
PPS_REV_g.1274.peg.5079-MONOMER,0.0,9.023557385819014e-07
PPS_FWD_g.1274.peg.5079-MONOMER,0.0,-9.481343351794001e-07
PPTT_REV_g.1274.peg.5294-MONOMER_mod_mg2(1),0.0,-3.4079858564605287e-07
PPTT_FWD_g.1274.peg.5294-MONOMER_mod_mg2(1),0.0,-2.8666764007831395e-39
PPTT_REV_g.1274.peg.1397-MONOMER_mod_mn2(1),0.0,-3.7622310786238744e-07
PPTT_FWD_g.1274.peg.1397-MONOMER_mod_mn2(1),0.0,-3.542452221633454e-08
PPTT_REV_g.1274.peg.1397-MONOMER_mod_mg2(1),0.0,-3.7774264032642616e-07
PPTT_FWD_g.1274.peg.1397-MONOMER_mod_mg2(1),0.0,-3.694405468037325e-08
PRAGS_REV_398578.3.peg.3511-MONOMER_mod_mg2(1),0.0,-3.903166956255691e-07
PRAGS_FWD_398578.3.peg.3511-MONOMER_mod_mg2(1),0.0,-6.866623971786471e-35
PRAI_REV_398578.3.peg.5224-MONOMER,0.0,-3.667061244494064e-07
PRAI_FWD_398578.3.peg.5224-MONOMER,0.0,1.981123829405711e-40
PRAIS_REV_398578.3.peg.2178-MONOMER_mod_k(1)_mod_mg2(1),0.0,-5.079143504395141e-07
PRAIS_FWD_398578.3.peg.2178-MONOMER_mod_k(1)_mod_mg2(1),0.0,-1.3420062499569622e-39
PRAMPC_REV_CPLX_PRAMPC-0,0.0,-1.3827515704634655e-07
PRAMPC_FWD_CPLX_PRAMPC-0,0.0,-6.498083415083384e-40
PRASCSi_REV_398578.3.peg.998-MONOMER,0.0,6.1368671887390604e-06
PRASCSi_FWD_398578.3.peg.998-MONOMER,0.0,-6.358494084330796e-06
PRATPP_REV_CPLX_PRAMPC-0,0.0,-1.3827515704634655e-07
PRATPP_FWD_CPLX_PRAMPC-0,0.0,-6.498083415083384e-40
PRDX_REV_g.1274.peg.3973-MONOMER_mod_hemed(6),0.0,5.260548019678881e-06
PRDX_FWD_g.1274.peg.3973-MONOMER_mod_hemed(6),0.0,3.6726175817930134e-40
PRDX_REV_g.1274.peg.3733-MONOMER,0.0,2.5412791345613614e-06
PRDX_FWD_g.1274.peg.3733-MONOMER,0.0,-2.7192688851175204e-06
PRE3A_REV_g.1274.peg.5393-MONOMER,0.0,5.8821766665948136e-40
PRE3A_FWD_g.1274.peg.5393-MONOMER,0.0,-4.249559428253796e-07
PREN_REV_CPLX_dummy,0.0,-2.7754725626437756e-07
PREN_FWD_CPLX_dummy,0.0,3.931296795716475e-40
PRFGS_REV_398578.3.peg.4833-MONOMER,0.0,-5.033182712351281e-07
PRFGS_FWD_398578.3.peg.4833-MONOMER,0.0,-6.6314023836673646e-40
PRMICI_REV_g.1274.peg.5585-MONOMER,0.0,-3.2235069127276863e-07
PRMICI_FWD_g.1274.peg.5585-MONOMER,0.0,3.9853054505479856e-40
PRO1x_REV_g.1274.peg.300-MONOMER,0.0,-1.5834140726796914e-07
PRO1x_FWD_g.1274.peg.300-MONOMER,0.0,-2.750132088568032e-07
PROD2_REV_g.1274.peg.5909-MONOMER_mod_fad(1),0.0,2.1614210616541097e-07
PROD2_FWD_g.1274.peg.5909-MONOMER_mod_fad(1),0.0,-8.427576577984791e-07
PROD3_REV_g.1274.peg.5909-MONOMER_mod_fad(1),0.0,3.9736825901797186e-39
PROD3_FWD_g.1274.peg.5909-MONOMER_mod_fad(1),0.0,-6.266155516330682e-07
PROPAT4te_REV_g.1274.peg.5572-MONOMER,0.0,-3.101958298338335e-07
PROPAT4te_FWD_g.1274.peg.5572-MONOMER,0.00893959241260531,-2.8146351420774056e-41
PROabc_REV_g.1274.peg.1285-MONOMER,0.0,6.786456437541886e-07
PROabc_FWD_g.1274.peg.1285-MONOMER,0.0,-9.905640826682133e-07
PROt2_REV_CPLX_dummy,0.0,-8.11392555501233e-08
PROt2_FWD_CPLX_dummy,0.0,-1.9640800071425425e-07
PROt4_REV_g.1274.peg.5961-MONOMER,0.0,6.147018673230738e-08
PROt4_FWD_g.1274.peg.5961-MONOMER,0.0,-4.3971232346384146e-07
PRPPS_REV_g.1274.peg.4029-MONOMER_mod_mg2(1)_mod_pi(1),0.0,-2.834380729910428e-07
PRPPS_FWD_g.1274.peg.4029-MONOMER_mod_mg2(1)_mod_pi(1),0.0,-1.434003622786098e-09
PRPPS_REV_g.1274.peg.4029-MONOMER_mod_mn2(1)_mod_pi(1),0.0,-2.820040693682567e-07
PRPPS_FWD_g.1274.peg.4029-MONOMER_mod_mn2(1)_mod_pi(1),0.004003427573466106,-9.939852068582172e-40
PSCVT_REV_398578.3.peg.4705-MONOMER,0.0,-3.8378728210811826e-07
PSCVT_FWD_398578.3.peg.4705-MONOMER,0.0,-2.6441125172162377e-40
PSD120_REV_g.1274.peg.4248-MONOMER,0.0,-2.57031559264824e-07
PSD120_FWD_g.1274.peg.4248-MONOMER,0.0,-1.5099475737613972e-39
PSD140_REV_g.1274.peg.4248-MONOMER,0.0,-2.57031559264824e-07
PSD140_FWD_g.1274.peg.4248-MONOMER,0.0,-1.5099475737613972e-39
PSD141_REV_g.1274.peg.4248-MONOMER,0.0,-2.57031559264824e-07
PSD141_FWD_g.1274.peg.4248-MONOMER,0.0,1.372679612510361e-40
PSD160_REV_g.1274.peg.4248-MONOMER,0.0,-2.57031559264824e-07
PSD160_FWD_g.1274.peg.4248-MONOMER,0.0,5.147548546913853e-41
PSD161_REV_g.1274.peg.4248-MONOMER,0.0,-2.57031559264824e-07
PSD161_FWD_g.1274.peg.4248-MONOMER,0.0,1.372679612510361e-40
PSD180_REV_g.1274.peg.4248-MONOMER,0.0,-2.57031559264824e-07
PSD180_FWD_g.1274.peg.4248-MONOMER,0.00034577281261026206,1.372679612510361e-40
PSD181_REV_g.1274.peg.4248-MONOMER,0.0,-2.57031559264824e-07
PSD181_FWD_g.1274.peg.4248-MONOMER,0.0,1.372679612510361e-40
PSDAI15_REV_g.1274.peg.4248-MONOMER,0.0,-2.57031559264824e-07
PSDAI15_FWD_g.1274.peg.4248-MONOMER,0.0,-1.5099475737613972e-39
PSDAI17_REV_g.1274.peg.4248-MONOMER,0.0,-2.57031559264824e-07
PSDAI17_FWD_g.1274.peg.4248-MONOMER,0.00034577281261026206,-3.706234953777975e-39
PSDI14_REV_g.1274.peg.4248-MONOMER,0.0,-2.57031559264824e-07
PSDI14_FWD_g.1274.peg.4248-MONOMER,0.0,6.863398062551805e-41
PSDI15_REV_g.1274.peg.4248-MONOMER,0.0,-2.57031559264824e-07
PSDI15_FWD_g.1274.peg.4248-MONOMER,0.0,-1.5099475737613972e-39
PSDI16_REV_g.1274.peg.4248-MONOMER,0.0,-2.57031559264824e-07
PSDI16_FWD_g.1274.peg.4248-MONOMER,0.0,3.4316990312759024e-41
PSDI17_REV_g.1274.peg.4248-MONOMER,0.0,-2.57031559264824e-07
PSDI17_FWD_g.1274.peg.4248-MONOMER,0.00034577281261026206,-1.5099475737613972e-39
PSERT_REV_398578.3.peg.4702-MONOMER_mod_pydx5p(1),0.0,-3.2996682144695503e-07
PSERT_FWD_398578.3.peg.4702-MONOMER_mod_pydx5p(1),0.0,-1.069399966332503e-40
PSERT_REV_398578.3.peg.3043-MONOMER,0.0,-3.301559009970398e-07
PSERT_FWD_398578.3.peg.3043-MONOMER,0.0,-1.890795500847991e-10
PSP_D_REV_g.1274.peg.3743-MONOMER,0.0,-4.405626899736163e-07
PSP_D_FWD_g.1274.peg.3743-MONOMER,0.0,6.75673414466072e-40
PSP_L_REV_398578.3.peg.2180-MONOMER,0.0,5.331999552308206e-07
PSP_L_FWD_398578.3.peg.2180-MONOMER,0.0,-6.385655586705941e-07
PSP_L_REV_398578.3.peg.4392-MONOMER,0.0,3.6995489755055456e-07
PSP_L_FWD_398578.3.peg.4392-MONOMER,0.0,-8.018106163508601e-07
PSP_L_REV_398578.3.peg.2837-MONOMER_mod_mg2(1),0.0,4.5576033888742886e-07
PSP_L_FWD_398578.3.peg.2837-MONOMER_mod_mg2(1),0.0,-7.160051750139858e-07
PSSA120_REV_g.1274.peg.4903-MONOMER,0.0,-2.0502209960038845e-07
PSSA120_FWD_g.1274.peg.4903-MONOMER,0.0,-3.113635580331019e-35
PSSA140_REV_g.1274.peg.4903-MONOMER,0.0,-2.0502209960038845e-07
PSSA140_FWD_g.1274.peg.4903-MONOMER,0.0,3.8195785719669353e-36
PSSA141_REV_g.1274.peg.4903-MONOMER,0.0,-2.0502209960038845e-07
PSSA141_FWD_g.1274.peg.4903-MONOMER,2.074507805180541e-29,-3.2159774412693913e-40
PSSA160_REV_g.1274.peg.4903-MONOMER,0.0,-2.0502209960038845e-07
PSSA160_FWD_g.1274.peg.4903-MONOMER,0.0,-4.303375084220014e-36
PSSA161_REV_g.1274.peg.4903-MONOMER,0.0,-2.0502209960038845e-07
PSSA161_FWD_g.1274.peg.4903-MONOMER,0.0,-3.2159774412693913e-40
PSSA180_REV_g.1274.peg.4903-MONOMER,0.0,-2.0502209960038845e-07
PSSA180_FWD_g.1274.peg.4903-MONOMER,0.00034577281261026206,1.2674734621473483e-39
PSSA181_REV_g.1274.peg.4903-MONOMER,0.0,-2.0502209960038845e-07
PSSA181_FWD_g.1274.peg.4903-MONOMER,0.0,-3.2159774412693913e-40
PSSAAI15_REV_g.1274.peg.4903-MONOMER,0.0,-2.0502209960038845e-07
PSSAAI15_FWD_g.1274.peg.4903-MONOMER,0.0,9.647932323808174e-40
PSSAAI17_REV_g.1274.peg.4903-MONOMER,0.0,-2.0502209960038845e-07
PSSAAI17_FWD_g.1274.peg.4903-MONOMER,0.00034577281261026206,2.5777213160150154e-35
PSSAI14_REV_g.1274.peg.4903-MONOMER,0.0,-2.0502209960038845e-07
PSSAI14_FWD_g.1274.peg.4903-MONOMER,0.0,-2.459276866853064e-40
PSSAI15_REV_g.1274.peg.4903-MONOMER,0.0,-2.0502209960038845e-07
PSSAI15_FWD_g.1274.peg.4903-MONOMER,0.0,9.647932323808174e-40
PSSAI16_REV_g.1274.peg.4903-MONOMER,0.0,-2.0502209960038845e-07
PSSAI16_FWD_g.1274.peg.4903-MONOMER,0.0,-2.062009065284492e-39
PSSAI17_REV_g.1274.peg.4903-MONOMER,0.0,-2.0502209960038845e-07
PSSAI17_FWD_g.1274.peg.4903-MONOMER,0.00034577281261026206,2.264628886344516e-35
PTA2_REV_g.1274.peg.5285-MONOMER,0.0,-4.878089331542837e-07
PTA2_FWD_g.1274.peg.5285-MONOMER,0.0,-2.906985122664219e-08
PTA2_REV_g.1274.peg.1603-MONOMER,0.0,-4.5873908192764146e-07
PTA2_FWD_g.1274.peg.1603-MONOMER,-3.0722750244457936e-22,6.14414377730936e-36
PTAr_REV_g.1274.peg.5285-MONOMER,0.0,-4.878089331542837e-07
PTAr_FWD_g.1274.peg.5285-MONOMER,0.0,-2.906985122664219e-08
PTAr_REV_g.1274.peg.1603-MONOMER,0.0,-4.5873908192764146e-07
PTAr_FWD_g.1274.peg.1603-MONOMER,1.5514656401981992,-4.4576882282204136e-36
PTPAT_REV_398578.3.peg.1798-MONOMER,0.0,-9.502744541554217e-08
PTPAT_FWD_398578.3.peg.1798-MONOMER,0.00010055273424564956,1.0228738730580061e-40
PUTA3_REV_g.1274.peg.5909-MONOMER_mod_fad(1),0.0,-6.266155516330682e-07
PUTA3_FWD_g.1274.peg.5909-MONOMER_mod_fad(1),0.0,-7.797307054053204e-40
PYAM5POr_REV_398578.3.peg.3928-MONOMER_mod_fmn(1),0.0,-1.1588502594407109e-07
PYAM5POr_FWD_398578.3.peg.3928-MONOMER_mod_fmn(1),1.0668091203204695e-22,-7.145810204681285e-35
PYDAMK_REV_g.1274.peg.4504-MONOMER,0.0,-1.5619195184932754e-07
PYDAMK_FWD_g.1274.peg.4504-MONOMER,1.0668091203204695e-22,-8.970333070999617e-41
PYDAMK_REV_g.1274.peg.3823-MONOMER_mod_zn2(1),0.0,-3.293142262112297e-07
PYDAMK_FWD_g.1274.peg.3823-MONOMER_mod_zn2(1),0.0,-1.7312227436190218e-07
PYDAMK_REV_g.1274.peg.3823-MONOMER_mod_mg2(1),0.0,-3.3006288771823023e-07
PYDAMK_FWD_g.1274.peg.3823-MONOMER_mod_mg2(1),0.0,-1.738709358689027e-07
PYDAMabc_REV_CPLX_dummy,0.0,-2.7754725626437756e-07
PYDAMabc_FWD_CPLX_dummy,1.0668091203204695e-22,-2.1487163108687745e-40
PYDXK_REV_398578.3.peg.4320-MONOMER,0.0,-1.471323437176194e-07
PYDXK_FWD_398578.3.peg.4320-MONOMER,0.0,-2.1449673889942775e-07
PYDXNK_REV_g.1274.peg.4504-MONOMER,0.0,-1.5619195184932754e-07
PYDXNK_FWD_g.1274.peg.4504-MONOMER,0.00010055274208889817,-8.970333070999617e-41
PYDXNK_REV_g.1274.peg.3823-MONOMER_mod_zn2(1),0.0,-3.293142262112297e-07
PYDXNK_FWD_g.1274.peg.3823-MONOMER_mod_zn2(1),0.0,-1.7312227436190218e-07
PYDXNK_REV_g.1274.peg.3823-MONOMER_mod_mg2(1),0.0,-3.3006288771823023e-07
PYDXNK_FWD_g.1274.peg.3823-MONOMER_mod_mg2(1),0.0,-1.738709358689027e-07
PYDXNabc_REV_CPLX_dummy,0.0,-2.7754725626437756e-07
PYDXNabc_FWD_CPLX_dummy,0.00010055274208889817,4.727175883911304e-40
PYDXabc_REV_CPLX_dummy,0.0,-2.7754725626437756e-07
PYDXabc_FWD_CPLX_dummy,0.0,4.800050559868678e-41
PYK_REV_g.1274.peg.6061-MONOMER_mod_mn2(1)_mod_k(1),0.0,-2.2177684519398845e-07
PYK_FWD_g.1274.peg.6061-MONOMER_mod_mn2(1)_mod_k(1),0.0,-2.866534180399255e-07
PYK_REV_g.1274.peg.6061-MONOMER_mod_mg2(1)_mod_k(1),0.0,-2.2215854541967472e-07
PYK_FWD_g.1274.peg.6061-MONOMER_mod_mg2(1)_mod_k(1),0.0,-2.870351182656117e-07
PYRCT_REV_g.1274.peg.498-MONOMER,-7.094879706839391e-22,3.361801653311583e-41
PYRCT_FWD_g.1274.peg.498-MONOMER,0.0,-2.5163301802676097e-07
PYRt2r_REV_CPLX_dummy,0.05073689218782704,0.0
PYRt2r_FWD_CPLX_dummy,0.0,-2.7754725626437756e-07
Q8abc_REV_CPLX_dummy,0.0,-2.7754725626437756e-07
Q8abc_FWD_CPLX_dummy,0.0,3.8417280536801966e-41
QULNS_REV_398578.3.peg.2143-MONOMER_mod_4fe4s(1),0.0,-3449.443131291808
QULNS_FWD_398578.3.peg.2143-MONOMER_mod_4fe4s(1),0.0,-4.326366224665386e-31
R05219_REV_g.1274.peg.5824-MONOMER,0.0,-2.6537775496908893e-07
R05219_FWD_g.1274.peg.5824-MONOMER,0.0,1.8768050413523043e-39
R05224_REV_g.1274.peg.2854-MONOMER,0.0,-3.985648292002406e-07
R05224_FWD_g.1274.peg.2854-MONOMER,0.0,1.2845656564240472e-39
RB5PE_REV_CPLX_dummy,0.0,0.0
RB5PE_FWD_CPLX_dummy,0.0,-2.7754725626437756e-07
RBFK_REV_398578.3.peg.5365-MONOMER,0.0,-2.616350985837591e-07
RBFK_FWD_398578.3.peg.5365-MONOMER,0.00010059325560941623,-7.36159756889156e-39
RBFSa_REV_398578.3.peg.2458-MONOMER,0.0,-6.331784364071468e-07
RBFSa_FWD_398578.3.peg.2458-MONOMER,0.0004022919797101316,7.725082812274961e-39
RBFSb_REV_398578.3.peg.5704-MONOMER,0.0,-3.3092588903155333e-07
RBFSb_FWD_398578.3.peg.5704-MONOMER,0.0002011459898550658,-1.533986072672242e-39
RDH1_REV_g.1274.peg.1094-MONOMER,0.0,-3.4824575505148353e-07
RDH1_FWD_g.1274.peg.1094-MONOMER,0.0,-8.313546995323262e-40
RDH1_REV_g.1274.peg.1875-MONOMER,0.0,-3.9984701255433736e-07
RDH1_FWD_g.1274.peg.1875-MONOMER,0.0,-5.16012575028538e-08
RDH1_REV_g.1274.peg.2784-MONOMER,0.0,-3.698249096569305e-07
RDH1_FWD_g.1274.peg.2784-MONOMER,0.0,-2.157915460544697e-08
RDH1_REV_g.1274.peg.5653-MONOMER,0.0,-3.511245285750631e-07
RDH1_FWD_g.1274.peg.5653-MONOMER,0.0,-2.878773523579582e-09
RDH1_REV_g.1274.peg.3926-MONOMER,0.0,-3.67574898909748e-07
RDH1_FWD_g.1274.peg.3926-MONOMER,0.0,-1.9329143858264465e-08
RDH1_REV_g.1274.peg.4424-MONOMER,0.0,-3.6180395614324675e-07
RDH1_FWD_g.1274.peg.4424-MONOMER,0.0,-1.3558201091763224e-08
RDH1_REV_g.1274.peg.2812-MONOMER,0.0,-3.700923566235827e-07
RDH1_FWD_g.1274.peg.2812-MONOMER,0.0,-2.1846601572099187e-08
RE3009C_REV_g.1274.peg.4051-MONOMER,0.0,3.447296357707801e-07
RE3009C_FWD_g.1274.peg.4051-MONOMER,0.0,-6.406666270201974e-07
RHAT1_REV_CPLX_dummy,0.0,-2.7754725626437756e-07
RHAT1_FWD_CPLX_dummy,0.0008121829278921173,-1.4892681913908816e-38
RHCCE_REV_CPLX_dummy,0.0,2.1382132206516104e-06
RHCCE_FWD_CPLX_dummy,0.0,-2.415760476915988e-06
RIBABCte_REV_CPLX_DRIBabc-1,0.0,1.9792179272354167e-06
RIBABCte_FWD_CPLX_DRIBabc-1,0.0,-2.4369170672899924e-06
RIBABCte_REV_CPLX_DRIBabc-7,0.0,1.9794055562562354e-06
RIBABCte_FWD_CPLX_DRIBabc-7,0.0,-2.436729438269174e-06
RIBABCte_REV_CPLX_DRIBabc-4,0.0,1.9351951151639664e-06
RIBABCte_FWD_CPLX_DRIBabc-4,0.0,-2.4809398793614427e-06
RIBABCte_REV_CPLX_DRIBabc-5,0.0,1.963698587925108e-06
RIBABCte_FWD_CPLX_DRIBabc-5,0.0,-2.4524364066003013e-06
RIBABCte_REV_CPLX_DRIBabc-6,0.0,1.951141786305437e-06
RIBABCte_FWD_CPLX_DRIBabc-6,0.0,-2.4649932082199724e-06
RIBABCte_REV_CPLX_DRIBabc-3,0.0,1.9693935872646964e-06
RIBABCte_FWD_CPLX_DRIBabc-3,0.0,-2.446741407260713e-06
RIBABCte_REV_CPLX_DRIBabc-2,0.0,1.940457290760233e-06
RIBABCte_FWD_CPLX_DRIBabc-2,0.0,-2.4756777037651765e-06
RIBABCte_REV_CPLX_DRIBabc-0,0.0,1.9508728302040085e-06
RIBABCte_FWD_CPLX_DRIBabc-0,0.0,-2.465262164321401e-06
RIBabc_REV_CPLX_DRIBabc-1,0.0,-4.5751151103375723e-07
RIBabc_FWD_CPLX_DRIBabc-1,0.0,-1.876290208186521e-10
RIBabc_REV_CPLX_DRIBabc-7,0.0,-4.5732388201293856e-07
RIBabc_FWD_CPLX_DRIBabc-7,0.0,-4.3926693866311563e-41
RIBabc_REV_CPLX_DRIBabc-4,0.0,-5.015343231052074e-07
RIBabc_FWD_CPLX_DRIBabc-4,0.0,-4.4210441092268796e-08
RIBabc_REV_CPLX_DRIBabc-5,0.0,-4.7303085034406585e-07
RIBabc_FWD_CPLX_DRIBabc-5,0.0,-1.57069683311273e-08
RIBabc_REV_CPLX_DRIBabc-6,0.0,-4.85587651963737e-07
RIBabc_FWD_CPLX_DRIBabc-6,0.0,-2.8263769950798457e-08
RIBabc_REV_CPLX_DRIBabc-3,0.0,-4.6733585100447767e-07
RIBabc_FWD_CPLX_DRIBabc-3,0.0,-1.0011968991539096e-08
RIBabc_REV_CPLX_DRIBabc-2,0.0,-4.962721475089411e-07
RIBabc_FWD_CPLX_DRIBabc-2,0.0,-3.894826549600254e-08
RIBabc_REV_CPLX_DRIBabc-0,0.0,-4.858566080651654e-07
RIBabc_FWD_CPLX_DRIBabc-0,0.0,-2.853272605222692e-08
RNDR1_REV_g.1274.peg.431-MONOMER,0.0,-2.898483732433589e-07
RNDR1_FWD_g.1274.peg.431-MONOMER,0.0,-1.0734948037290913e-07
RNDR1_REV_g.1274.peg.793-MONOMER,0.0,-1.8249889287044979e-07
RNDR1_FWD_g.1274.peg.793-MONOMER,0.001030686333767641,-2.568907796646858e-35
RNDR2_REV_g.1274.peg.431-MONOMER,0.0,-2.898483732433589e-07
RNDR2_FWD_g.1274.peg.431-MONOMER,0.0,-1.0734948037290913e-07
RNDR2_REV_g.1274.peg.793-MONOMER,0.0,-1.8249889287044979e-07
RNDR2_FWD_g.1274.peg.793-MONOMER,0.0020958525059352234,1.7626582511509298e-35
RNDR3_REV_g.1274.peg.431-MONOMER,0.0,4.941295627274497e-07
RNDR3_FWD_g.1274.peg.431-MONOMER,0.0,-8.913274163437178e-07
RNDR3_REV_g.1274.peg.793-MONOMER,0.0,6.014790431003589e-07
RNDR3_FWD_g.1274.peg.793-MONOMER,0.0,-7.839779359708086e-07
RNDR4_REV_g.1274.peg.431-MONOMER,0.0,-2.898483732433589e-07
RNDR4_FWD_g.1274.peg.431-MONOMER,0.0,-1.0734948037290913e-07
RNDR4_REV_g.1274.peg.793-MONOMER,0.0,-1.8249889287044979e-07
RNDR4_FWD_g.1274.peg.793-MONOMER,0.0020958525059352234,-2.568907796646858e-35
RPE_REV_g.1274.peg.5003-MONOMER,0.0,-5.8827653240761844e-08
RPE_FWD_g.1274.peg.5003-MONOMER,0.0,-2.0677710462705752e-07
RPE_REV_g.1274.peg.383-MONOMER,0.005644422795091216,4.598971621113171e-41
RPE_FWD_g.1274.peg.383-MONOMER,0.0,-1.4794945138629567e-07
RPI_REV_CPLX_dummy,0.0028055820317047326,-2.2082471333419778e-41
RPI_FWD_CPLX_dummy,0.0,-2.7754725626437756e-07
RZ5PP_REV_g.1274.peg.5568-MONOMER,0.0,-2.376795427643657e-07
RZ5PP_FWD_g.1274.peg.5568-MONOMER,0.0,2.4037110194642155e-40
S17BPH_REV_g.1274.peg.415-MONOMER,0.0,3.8939157085964585e-07
S17BPH_FWD_g.1274.peg.415-MONOMER,0.0,-7.190403764412344e-07
S7PIr_REV_CPLX_dummy,0.0,-2.7754725626437756e-07
S7PIr_FWD_CPLX_dummy,0.003248731711568469,-4.969901113224226e-41
SACCRPOR_REV_g.1274.peg.5154-MONOMER,0.0,5.818356528138384e-40
SACCRPOR_FWD_g.1274.peg.5154-MONOMER,0.0,-3.962522250054639e-07
SADT_REV_g.1274.peg.4349-MONOMER,0.0,-2.654341230999128e-07
SADT_FWD_g.1274.peg.4349-MONOMER,0.0,-1.3678571851010746e-07
SADT_REV_g.1274.peg.4227-MONOMER,0.0,-1.2864840458980538e-07
SADT_FWD_g.1274.peg.4227-MONOMER,0.0,2.305132015641642e-40
SADT2_REV_398578.3.peg.4638-MONOMER,0.0,8.101667924162483e-07
SADT2_FWD_398578.3.peg.4638-MONOMER,0.0,-1.2123866340262686e-06
SADT2_REV_398578.3.peg.4637-MONOMER,0.0,9.457552791990841e-07
SADT2_FWD_398578.3.peg.4637-MONOMER,0.0,-1.076798147243433e-06
SALCACD_REV_g.1274.peg.469-MONOMER,0.0,1.0544666586126602e-39
SALCACD_FWD_g.1274.peg.469-MONOMER,0.0,-2.1549986652892285e-07
SALCACD_REV_g.1274.peg.2512-MONOMER,0.0,-3.795900485930339e-08
SALCACD_FWD_g.1274.peg.2512-MONOMER,0.0,-2.5345887138822625e-07
SALCACD_REV_g.1274.peg.3711-MONOMER,0.0,-2.3988924124643065e-08
SALCACD_FWD_g.1274.peg.3711-MONOMER,0.0,-2.394887906535659e-07
SALCpts_REV_g.1274.peg.3316-MONOMER,0.0,-3.082653102857433e-07
SALCpts_FWD_g.1274.peg.3316-MONOMER,0.0,-5.872589557288431e-41
SALCpts_REV_g.1274.peg.1695-MONOMER,0.0,-4.1468379594149354e-07
SALCpts_FWD_g.1274.peg.1695-MONOMER,0.0,-1.0641848565575023e-07
SARCOX_REV_g.1274.peg.560-MONOMER,0.0,-3.467809880785681e-07
SARCOX_FWD_g.1274.peg.560-MONOMER,0.0,-1.2241485117652774e-39
SARCOX_REV_g.1274.peg.5249-MONOMER,0.0,-3.642420495337355e-07
SARCOX_FWD_g.1274.peg.5249-MONOMER,0.0,-1.7461061455167408e-08
SBTDOX_REV_g.1274.peg.2072-MONOMER,0.0,-3.432416974835443e-07
SBTDOX_FWD_g.1274.peg.2072-MONOMER,0.0,-2.4810302770127767e-40
SBTD_D2_REV_g.1274.peg.4133-MONOMER_mod_zn2(1),0.0,-3.9483691058732076e-07
SBTD_D2_FWD_g.1274.peg.4133-MONOMER_mod_zn2(1),0.0,-2.9325418590071074e-40
SBTpts_REV_g.1274.peg.3316-MONOMER,0.0,-3.082653102857433e-07
SBTpts_FWD_g.1274.peg.3316-MONOMER,0.0,-5.872589557288431e-41
SBTpts_REV_g.1274.peg.1695-MONOMER,0.0,-4.1468379594149354e-07
SBTpts_FWD_g.1274.peg.1695-MONOMER,0.0,-1.0641848565575023e-07
SDPDS_REV_g.1274.peg.1409-MONOMER,0.0,-3.5325758833940474e-07
SDPDS_FWD_g.1274.peg.1409-MONOMER,-6.059148251938594e-23,0.0
SDPDS_REV_g.1274.peg.2897-MONOMER_mod_zn2(1)_mod_cobalt2(1),0.0,-3.841151776515395e-07
SDPDS_FWD_g.1274.peg.2897-MONOMER_mod_zn2(1)_mod_cobalt2(1),0.0,-3.0857589312134753e-08
SDPTA_REV_g.1274.peg.2567-MONOMER,0.0,-3.4864406860301077e-07
SDPTA_FWD_g.1274.peg.2567-MONOMER,6.059148251938594e-23,5.554367085062362e-41
SEAHCYSHYD_REV_g.1274.peg.3494-MONOMER,0.0,-1.8715059676825914e-07
SEAHCYSHYD_FWD_g.1274.peg.3494-MONOMER,0.0,1.1262063855124278e-41
SEAHCYSHYD_REV_g.1274.peg.3768-MONOMER,0.0,-2.576602885349589e-07
SEAHCYSHYD_FWD_g.1274.peg.3768-MONOMER,0.0,-7.050969176669975e-08
SEAHCYSHYD_REV_g.1274.peg.3577-MONOMER,0.0,-2.5584554712344653e-07
SEAHCYSHYD_FWD_g.1274.peg.3577-MONOMER,0.0,-6.869495035518738e-08
SELNPS_REV_g.1274.peg.2554-MONOMER_mod_mg2(1),0.0,-4.6225807896402887e-07
SELNPS_FWD_g.1274.peg.2554-MONOMER_mod_mg2(1),0.0,-2.9167056611374885e-34
SERATi_REV_398578.3.peg.5770-MONOMER,0.0,2.695240030386192e-07
SERATi_FWD_398578.3.peg.5770-MONOMER,0.0,-5.322457522562225e-07
SERATi_REV_398578.3.peg.2302-MONOMER,0.0,1.428443367577371e-07
SERATi_FWD_398578.3.peg.2302-MONOMER,0.0,-6.589254185371047e-07
SERt2r_REV_g.1274.peg.3541-MONOMER,0.0,-3.369552171924604e-07
SERt2r_FWD_g.1274.peg.3541-MONOMER,0.009326925678219416,1.2428152927520838e-34
SGAT_REV_CPLX_G3PAT120-0,0.0,-4.395636144012489e-07
SGAT_FWD_CPLX_G3PAT120-0,0.0,-9.035010042147862e-40
SHCHCC_REV_398578.3.peg.3525-MONOMER,0.0,-2.602778150085246e-07
SHCHCC_FWD_398578.3.peg.3525-MONOMER,0.0,-3.97944323796083e-40
SHCHCC_REV_398578.3.peg.3774-MONOMER,0.0,-2.847630653037379e-07
SHCHCC_FWD_398578.3.peg.3774-MONOMER,0.0,-2.448525029521324e-08
SHEMEabc_REV_CPLX_dummy,0.0,-2.7754725626437756e-07
SHEMEabc_FWD_CPLX_dummy,0.00010055273424564956,2.4000252799343387e-40
SHK3Dr_REV_g.1274.peg.3122-MONOMER,0.0,-8.26570379182361e-40
SHK3Dr_FWD_g.1274.peg.3122-MONOMER,0.0,-3.701257073337268e-07
SHK3Dr_REV_g.1274.peg.24-MONOMER,0.0,-1.995804849880419e-09
SHK3Dr_FWD_g.1274.peg.24-MONOMER,0.0,-3.721215121836072e-07
SHKK_REV_398578.3.peg.5557-MONOMER_mod_cobalt2(1),0.0,-1.3994153977718366e-07
SHKK_FWD_398578.3.peg.5557-MONOMER_mod_cobalt2(1),0.0,2.2873986415029975e-40
SHKK_REV_398578.3.peg.5557-MONOMER_mod_mn2(1),0.0,-1.4021170509520865e-07
SHKK_FWD_398578.3.peg.5557-MONOMER_mod_mn2(1),0.0,-2.7016531802499405e-10
SHKK_REV_398578.3.peg.5557-MONOMER_mod_fe2(1),0.0,-1.401505363517619e-07
SHKK_FWD_398578.3.peg.5557-MONOMER_mod_fe2(1),0.0,-2.0899657457824314e-10
SHKK_REV_398578.3.peg.5557-MONOMER_mod_k(1),0.0,-1.412832523868428e-07
SHKK_FWD_398578.3.peg.5557-MONOMER_mod_k(1),0.0,-1.3417126096591376e-09
SHKK_REV_398578.3.peg.5557-MONOMER_mod_mg2(1),0.0,-1.4228515935135557e-07
SHKK_FWD_398578.3.peg.5557-MONOMER_mod_mg2(1),0.0,-2.343619574171899e-09
SHKK_REV_398578.3.peg.5557-MONOMER_mod_ca2(1),0.0,-1.4121689277201862e-07
SHKK_FWD_398578.3.peg.5557-MONOMER_mod_ca2(1),0.0,-1.2753529948349621e-09
SHMGTyOX_REV_g.1274.peg.1959-MONOMER_mod_zn2(1),0.0,-2.0929365741527985e-39
SHMGTyOX_FWD_g.1274.peg.1959-MONOMER_mod_zn2(1),0.0,-4.647551294897332e-07
SHSL2_REV_g.1274.peg.4989-MONOMER,0.0,-2.7952945767978296e-07
SHSL2_FWD_g.1274.peg.4989-MONOMER,0.0,-7.667955149627105e-08
SHSL2_REV_g.1274.peg.5663-MONOMER,0.0,-2.0284990618351188e-07
SHSL2_FWD_g.1274.peg.5663-MONOMER,0.0,3.2653896071570554e-41
SHSL2_REV_g.1274.peg.4468-MONOMER,0.0,-2.875241287002907e-07
SHSL2_FWD_g.1274.peg.4468-MONOMER,0.0,-8.467422251677882e-08
SHSL2_REV_g.1274.peg.5199-MONOMER,0.0,-2.949609737618374e-07
SHSL2_FWD_g.1274.peg.5199-MONOMER,0.0,-9.211106757832551e-08
SHSL2_REV_g.1274.peg.4485-MONOMER,0.0,-2.8032410783924515e-07
SHSL2_FWD_g.1274.peg.4485-MONOMER,0.0,-7.747420165573325e-08
SNOOX_REV_g.1274.peg.469-MONOMER,0.0,2.5630777138000523e-06
SNOOX_FWD_g.1274.peg.469-MONOMER,0.0,-2.7785775803289753e-06
SNOOX_REV_g.1274.peg.2512-MONOMER,0.0,2.525118708940749e-06
SNOOX_FWD_g.1274.peg.2512-MONOMER,0.0,-2.8165365851882786e-06
SNOOX_REV_g.1274.peg.3711-MONOMER,0.0,2.5390887896754095e-06
SNOOX_FWD_g.1274.peg.3711-MONOMER,0.0,-2.8025665044536184e-06
SO4t2_REV_g.1274.peg.5187-MONOMER,0.0,-3.651320252885954e-41
SO4t2_FWD_g.1274.peg.5187-MONOMER,0.0,-4.609090375748426e-07
SPMDAT1_REV_g.1274.peg.2137-MONOMER,0.0,-4.995397388570392e-08
SPMDAT1_FWD_g.1274.peg.2137-MONOMER,0.0,3.2571789331374788e-40
SPMDAT2_REV_g.1274.peg.2137-MONOMER,0.0,-4.995397388570392e-08
SPMDAT2_FWD_g.1274.peg.2137-MONOMER,0.0,6.184516961653441e-41
SPMDtex2_REV_CPLX_dummy,0.0,2.0360477374889857e-06
SPMDtex2_FWD_CPLX_dummy,0.0,-2.3135949937533635e-06
SPMS_REV_g.1274.peg.4641-MONOMER,0.0,-2.909081945544354e-07
SPMS_FWD_g.1274.peg.4641-MONOMER,0.00010055273424564956,4.951499543481166e-40
SPMS_REV_g.1274.peg.5280-MONOMER,0.0,-3.2260456202805036e-07
SPMS_FWD_g.1274.peg.5280-MONOMER,0.0,-3.1696367473615014e-08
SPODM_REV_g.1274.peg.3448-MONOMER_mod_cu2(1),0.0,-3.0994479075648305e-07
SPODM_FWD_g.1274.peg.3448-MONOMER_mod_cu2(1),0.0,-1.2910067155578245e-07
SPODM_REV_g.1274.peg.2974-MONOMER_mod_fe3(1),0.0,-1.8084411920070063e-07
SPODM_FWD_g.1274.peg.2974-MONOMER_mod_fe3(1),0.0,-2.1231626844345654e-40
SPODM_REV_g.1274.peg.2334-MONOMER_mod_mn2(1),0.0,-2.3878860811843804e-07
SPODM_FWD_g.1274.peg.2334-MONOMER_mod_mn2(1),0.0,-5.794448891773739e-08
SRTNt2_REV_CPLX_dummy,0.0,-2.7754725626437756e-07
SRTNt2_FWD_CPLX_dummy,0.0,-1.628727816953406e-41
SSALxr_REV_g.1274.peg.3815-MONOMER,0.0,-3.869546508382666e-07
SSALxr_FWD_g.1274.peg.3815-MONOMER,0.0,-2.0152590214386064e-08
SSALyr_REV_g.1274.peg.4755-MONOMER,0.0,-3.5943992004503983e-07
SSALyr_FWD_g.1274.peg.4755-MONOMER,0.0,-6.731420192975504e-35
SSALyr_REV_g.1274.peg.3815-MONOMER,0.0,-3.8327358054884625e-07
SSALyr_FWD_g.1274.peg.3815-MONOMER,0.0,-2.383366050380643e-08
SSQEPXS_REV_g.1274.peg.1049-MONOMER,0.0,-2.13041127383202e-07
SSQEPXS_FWD_g.1274.peg.1049-MONOMER,0.0,0.0
SSQEPXS_REV_g.1274.peg.285-MONOMER,0.0,-2.562039010319007e-07
SSQEPXS_FWD_g.1274.peg.285-MONOMER,0.0,-4.316277364869869e-08
STCOATA_REV_g.1274.peg.4628-MONOMER,0.0,-3.3311135959512747e-07
STCOATA_FWD_g.1274.peg.4628-MONOMER,0.0,-3.234230564506789e-07
STCOATA_REV_g.1274.peg.514-MONOMER,0.0,-1.9664858636114635e-07
STCOATA_FWD_g.1274.peg.514-MONOMER,0.0,-1.8696028321669778e-07
STCOATA_REV_g.1274.peg.4953-MONOMER,0.0,-2.501289147993202e-07
STCOATA_FWD_g.1274.peg.4953-MONOMER,0.0,-2.4044061165487166e-07
SUCBZS_REV_g.1274.peg.5866-MONOMER,0.0,-3.7083756415325326e-07
SUCBZS_FWD_g.1274.peg.5866-MONOMER,0.0,-7.123264039040569e-09
SUCBZS_REV_g.1274.peg.2232-MONOMER,0.0,-3.637143001142127e-07
SUCBZS_FWD_g.1274.peg.2232-MONOMER,0.0,0.0
SUCCITRDSs_REV_CPLX_dummy,0.0,-2.7754725626437756e-07
SUCCITRDSs_FWD_CPLX_dummy,0.0,-8.78259008961839e-41
SUCCt_REV_CPLX_dummy,0.0,-2.7754725626437756e-07
SUCCt_FWD_CPLX_dummy,0.7176404175501013,-1.4037825092524287e-41
SUCCt2_2_REV_g.1274.peg.2324-MONOMER,0.0,3.577665223798636e-07
SUCCt2_2_FWD_g.1274.peg.2324-MONOMER,0.0,-7.707098838804428e-07
SUCD1_REV_CPLX_SUCD1-0,0.0,-1.1630507828669653e-07
SUCD1_FWD_CPLX_SUCD1-0,0.0,-1.6399715515779047e-07
SUCD1_REV_g.1274.peg.1839-MONOMER,0.0,-1.052299386601985e-08
SUCD1_FWD_g.1274.peg.1839-MONOMER,0.0,-5.8215070737113804e-08
SUCD1_REV_g.1274.peg.1679-MONOMER,0.7176404175501013,-1.1971779342087699e-37
SUCD1_FWD_g.1274.peg.1679-MONOMER,0.0,-4.7692076871093956e-08
SUCD4_REV_CPLX_SUCD1-0,0.0,-1.1630507828669653e-07
SUCD4_FWD_CPLX_SUCD1-0,0.0,-1.6399715515779047e-07
SUCD4_REV_g.1274.peg.1839-MONOMER,0.0,-1.052299386601985e-08
SUCD4_FWD_g.1274.peg.1839-MONOMER,0.0,-5.8215070737113804e-08
SUCD4_REV_g.1274.peg.1679-MONOMER,0.7176404175501013,-5.461265444641762e-39
SUCD4_FWD_g.1274.peg.1679-MONOMER,0.0,-4.7692076871093956e-08
SUCDi_REV_CPLX_FRD2-0_mod_3fe4s(1)_mod_fad(1)_mod_2fe2s(1)_mod_4fe4s(1),0.0,4.7692076871093956e-08
SUCDi_FWD_CPLX_FRD2-0_mod_3fe4s(1)_mod_fad(1)_mod_2fe2s(1)_mod_4fe4s(1),0.0,-4.7692076871093956e-08
SUCDimq_REV_CPLX_FRD2-0_mod_3fe4s(1)_mod_fad(1)_mod_2fe2s(1)_mod_4fe4s(1),0.0,0.0
SUCDimq_FWD_CPLX_FRD2-0_mod_3fe4s(1)_mod_fad(1)_mod_2fe2s(1)_mod_4fe4s(1),-9.365293104353243e-23,0.0
SUCOAS_REV_398578.3.peg.868-MONOMER,0.0,-3.576462925852626e-07
SUCOAS_FWD_398578.3.peg.868-MONOMER,1.5886944963449344e-23,2.6838220142839283e-39
SUCOAS_REV_398578.3.peg.867-MONOMER,0.0,-3.6843185539715795e-07
SUCOAS_FWD_398578.3.peg.867-MONOMER,0.0,-1.0785562811895361e-08
SUCORNTC_REV_CPLX_dummy,0.0,2.274829627742088e-07
SUCORNTC_FWD_CPLX_dummy,0.0,-5.050302190385863e-07
SUCpts_REV_g.1274.peg.3316-MONOMER,0.0,-3.082653102857433e-07
SUCpts_FWD_g.1274.peg.3316-MONOMER,0.0,-5.872589557288431e-41
SUCpts_REV_g.1274.peg.1695-MONOMER,0.0,-4.1468379594149354e-07
SUCpts_FWD_g.1274.peg.1695-MONOMER,0.0,-1.0641848565575023e-07
SULFACabc_REV_CPLX_BUTSO3abc-11,0.0,-3.2463235742062056e-07
SULFACabc_FWD_CPLX_BUTSO3abc-11,0.0,1.860956364507011e-40
SULFACabc_REV_CPLX_BUTSO3abc-28,0.0,-3.582561690445011e-07
SULFACabc_FWD_CPLX_BUTSO3abc-28,0.0,-3.36238116238805e-08
SULFACabc_REV_CPLX_BUTSO3abc-24,0.0,-3.6394065884945347e-07
SULFACabc_FWD_CPLX_BUTSO3abc-24,0.0,-3.930830142883285e-08
SULFACabc_REV_CPLX_BUTSO3abc-5,0.0,-3.439681013421121e-07
SULFACabc_FWD_CPLX_BUTSO3abc-5,0.0,-1.9335743921491464e-08
SULFACabc_REV_CPLX_BUTSO3abc-13,0.0,-3.6191834547523713e-07
SULFACabc_FWD_CPLX_BUTSO3abc-13,0.0,-3.728598805461656e-08
SULFACabc_REV_CPLX_BUTSO3abc-14,0.0,-3.4605828056138985e-07
SULFACabc_FWD_CPLX_BUTSO3abc-14,0.0,-2.1425923140769254e-08
SULFACabc_REV_CPLX_BUTSO3abc-17,0.0,-3.3769195415432686e-07
SULFACabc_FWD_CPLX_BUTSO3abc-17,0.0,-1.3059596733706243e-08
SULFACabc_REV_CPLX_BUTSO3abc-29,0.0,-3.420203867626561e-07
SULFACabc_FWD_CPLX_BUTSO3abc-29,0.0,-1.7388029342035513e-08
SULFACabc_REV_CPLX_BUTSO3abc-18,0.0,-3.688803518339631e-07
SULFACabc_FWD_CPLX_BUTSO3abc-18,0.0,-4.424799441334248e-08
SULFACabc_REV_CPLX_BUTSO3abc-15,0.0,-3.5366457251121474e-07
SULFACabc_FWD_CPLX_BUTSO3abc-15,0.0,-2.903221509059414e-08
SULFACabc_REV_CPLX_BUTSO3abc-25,0.0,-3.6480017254976586e-07
SULFACabc_FWD_CPLX_BUTSO3abc-25,0.0,-4.016781512914529e-08
SULFACabc_REV_CPLX_BUTSO3abc-20,0.0,-3.546997195939901e-07
SULFACabc_FWD_CPLX_BUTSO3abc-20,0.0,-3.0067362173369516e-08
SULFACabc_REV_CPLX_BUTSO3abc-7,0.0,-3.473272977104934e-07
SULFACabc_FWD_CPLX_BUTSO3abc-7,0.0,-2.269494028987285e-08
SULFACabc_REV_CPLX_BUTSO3abc-0,0.0,-3.6638561397261205e-07
SULFACabc_FWD_CPLX_BUTSO3abc-0,0.0,-4.175325655199147e-08
SULFACabc_REV_CPLX_BUTSO3abc-21,0.0,-3.618086785156689e-07
SULFACabc_FWD_CPLX_BUTSO3abc-21,0.0,-3.717632109504833e-08
SULFACabc_REV_CPLX_BUTSO3abc-6,0.0,-3.4454292302406447e-07
SULFACabc_FWD_CPLX_BUTSO3abc-6,0.0,-1.99105656034439e-08
SULFACabc_REV_CPLX_BUTSO3abc-2,0.0,-3.519734826482273e-07
SULFACabc_FWD_CPLX_BUTSO3abc-2,0.0,-2.7341125227606696e-08
SULFACabc_REV_CPLX_BUTSO3abc-27,0.0,-3.5693147111735837e-07
SULFACabc_FWD_CPLX_BUTSO3abc-27,0.0,-3.2299113696737773e-08
SULFACabc_REV_CPLX_BUTSO3abc-4,0.0,-3.601621438723317e-07
SULFACabc_FWD_CPLX_BUTSO3abc-4,0.0,-3.552978645171112e-08
SULFACabc_REV_CPLX_BUTSO3abc-22,0.0,-3.625526983650367e-07
SULFACabc_FWD_CPLX_BUTSO3abc-22,0.0,-3.7920340944416114e-08
SULFACabc_REV_CPLX_BUTSO3abc-26,0.0,-3.4980478916489066e-07
SULFACabc_FWD_CPLX_BUTSO3abc-26,0.0,-2.51724317442701e-08
SULFACabc_REV_CPLX_BUTSO3abc-8,0.0,-3.3151816092817795e-07
SULFACabc_FWD_CPLX_BUTSO3abc-8,0.0,-6.8858035075573535e-09
SULFACabc_REV_CPLX_BUTSO3abc-23,0.0,-3.4681366838713057e-07
SULFACabc_FWD_CPLX_BUTSO3abc-23,0.0,-2.2181310966510003e-08
SULFACabc_REV_CPLX_BUTSO3abc-1,0.0,-3.6684744999464066e-07
SULFACabc_FWD_CPLX_BUTSO3abc-1,0.0,-4.221509257402007e-08
SULFACabc_REV_CPLX_BUTSO3abc-10,0.0,-3.413683482109295e-07
SULFACabc_FWD_CPLX_BUTSO3abc-10,0.0,-1.673599079030891e-08
SULFACabc_REV_CPLX_BUTSO3abc-19,0.0,-3.6915722494042473e-07
SULFACabc_FWD_CPLX_BUTSO3abc-19,0.0,-4.452486751980412e-08
SULFACabc_REV_CPLX_BUTSO3abc-9,0.0,-3.3820011590484193e-07
SULFACabc_FWD_CPLX_BUTSO3abc-9,0.0,-1.3567758484221346e-08
SULFACabc_REV_CPLX_BUTSO3abc-16,0.0,-3.5499399317162424e-07
SULFACabc_FWD_CPLX_BUTSO3abc-16,0.0,-3.036163575100365e-08
SULFACabc_REV_CPLX_BUTSO3abc-12,0.0,-3.611217852769321e-07
SULFACabc_FWD_CPLX_BUTSO3abc-12,0.0,-3.6489427856311496e-08
SULFACabc_REV_CPLX_BUTSO3abc-3,0.0,-3.5921610404268327e-07
SULFACabc_FWD_CPLX_BUTSO3abc-3,0.0,-3.458374662206269e-08
SULR_REV_g.1274.peg.4797-MONOMER,0.0,-2.525162158251821e-07
SULR_FWD_g.1274.peg.4797-MONOMER,4.3306873235445855e-23,1.616849270214532e-39
SULabc_REV_CPLX_SULabc-0,0.0,8.182599292706279e-07
SULabc_FWD_CPLX_SULabc-0,0.0,-1.1965900895624856e-06
SULabc_REV_CPLX_SULabc-1,0.0,8.251239555866375e-07
SULabc_FWD_CPLX_SULabc-1,0.0,-1.189726063246476e-06
TALA_REV_398578.3.peg.5656-MONOMER,0.0044465772533298425,-6.6342355853981e-40
TALA_FWD_398578.3.peg.5656-MONOMER,0.0,-2.97002201797721e-07
TAUDO_REV_g.1274.peg.2979-MONOMER,0.0,3.847362803064328e-06
TAUDO_FWD_g.1274.peg.2979-MONOMER,0.0,-4.0602999254444e-06
TAUDO_REV_g.1274.peg.4241-MONOMER,0.0,3.867052781363309e-06
TAUDO_FWD_g.1274.peg.4241-MONOMER,0.0,-4.040609947145419e-06
TAURabc_REV_CPLX_BUTSO3abc-11,0.0,-2.970190724288178e-07
TAURabc_FWD_CPLX_BUTSO3abc-11,0.0,-2.7613284991802774e-08
TAURabc_REV_CPLX_BUTSO3abc-28,0.0,-3.306428840526983e-07
TAURabc_FWD_CPLX_BUTSO3abc-28,0.0,-6.123709661568327e-08
TAURabc_REV_CPLX_BUTSO3abc-24,0.0,-3.3632737385765066e-07
TAURabc_FWD_CPLX_BUTSO3abc-24,0.0,-6.692158642063562e-08
TAURabc_REV_CPLX_BUTSO3abc-5,0.0,-3.1635481635030927e-07
TAURabc_FWD_CPLX_BUTSO3abc-5,0.0,-4.694902891329424e-08
TAURabc_REV_CPLX_BUTSO3abc-13,0.0,-3.343050604834344e-07
TAURabc_FWD_CPLX_BUTSO3abc-13,0.0,-6.489927304641933e-08
TAURabc_REV_CPLX_BUTSO3abc-14,0.0,-3.184449955695871e-07
TAURabc_FWD_CPLX_BUTSO3abc-14,0.0,-4.9039208132572025e-08
TAURabc_REV_CPLX_BUTSO3abc-17,0.0,-3.1007866916252405e-07
TAURabc_FWD_CPLX_BUTSO3abc-17,0.0,-4.067288172550902e-08
TAURabc_REV_CPLX_BUTSO3abc-29,0.0,-3.1440710177085333e-07
TAURabc_FWD_CPLX_BUTSO3abc-29,0.0,-4.5001314333838284e-08
TAURabc_REV_CPLX_BUTSO3abc-18,0.0,-3.412670668421603e-07
TAURabc_FWD_CPLX_BUTSO3abc-18,0.0,-7.186127940514526e-08
TAURabc_REV_g.1274.peg.3173-MONOMER,0.0,-2.6940578743701505e-07
TAURabc_FWD_g.1274.peg.3173-MONOMER,0.0,4.077817416533541e-40
TAURabc_REV_CPLX_BUTSO3abc-15,0.0,-3.26051287519412e-07
TAURabc_FWD_CPLX_BUTSO3abc-15,0.0,-5.664550008239691e-08
TAURabc_REV_CPLX_BUTSO3abc-25,0.0,-3.371868875579631e-07
TAURabc_FWD_CPLX_BUTSO3abc-25,0.0,-6.778110012094807e-08
TAURabc_REV_CPLX_BUTSO3abc-20,0.0,-3.270864346021873e-07
TAURabc_FWD_CPLX_BUTSO3abc-20,0.0,-5.768064716517229e-08
TAURabc_REV_CPLX_BUTSO3abc-7,0.0,-3.1971401271869066e-07
TAURabc_FWD_CPLX_BUTSO3abc-7,0.0,-5.0308225281675624e-08
TAURabc_REV_CPLX_BUTSO3abc-0,0.0,-3.387723289808093e-07
TAURabc_FWD_CPLX_BUTSO3abc-0,0.0,-6.936654154379424e-08
TAURabc_REV_CPLX_BUTSO3abc-21,0.0,-3.3419539352386614e-07
TAURabc_FWD_CPLX_BUTSO3abc-21,0.0,-6.478960608685109e-08
TAURabc_REV_CPLX_BUTSO3abc-6,0.0,-3.169296380322617e-07
TAURabc_FWD_CPLX_BUTSO3abc-6,0.0,-4.7523850595246674e-08
TAURabc_REV_CPLX_BUTSO3abc-2,0.0,-3.243601976564245e-07
TAURabc_FWD_CPLX_BUTSO3abc-2,0.0,-5.495441021940947e-08
TAURabc_REV_CPLX_BUTSO3abc-27,0.0,-3.293181861255556e-07
TAURabc_FWD_CPLX_BUTSO3abc-27,0.0,-5.991239868854055e-08
TAURabc_REV_CPLX_BUTSO3abc-4,0.0,-3.3254885888052895e-07
TAURabc_FWD_CPLX_BUTSO3abc-4,0.0,-6.31430714435139e-08
TAURabc_REV_CPLX_BUTSO3abc-22,0.0,-3.3493941337323395e-07
TAURabc_FWD_CPLX_BUTSO3abc-22,0.0,-6.553362593621889e-08
TAURabc_REV_CPLX_BUTSO3abc-26,0.0,-3.221915041730879e-07
TAURabc_FWD_CPLX_BUTSO3abc-26,0.0,-5.278571673607287e-08
TAURabc_REV_CPLX_BUTSO3abc-8,0.0,-3.039048759363752e-07
TAURabc_FWD_CPLX_BUTSO3abc-8,0.0,-3.4499088499360126e-08
TAURabc_REV_CPLX_BUTSO3abc-23,0.0,-3.192003833953278e-07
TAURabc_FWD_CPLX_BUTSO3abc-23,0.0,-4.979459595831278e-08
TAURabc_REV_CPLX_BUTSO3abc-1,0.0,-3.392341650028379e-07
TAURabc_FWD_CPLX_BUTSO3abc-1,0.0,-6.982837756582284e-08
TAURabc_REV_CPLX_BUTSO3abc-10,0.0,-3.1375506321912674e-07
TAURabc_FWD_CPLX_BUTSO3abc-10,0.0,-4.4349275782111684e-08
TAURabc_REV_g.1274.peg.5942-MONOMER,0.0,-3.0676727709529995e-07
TAURabc_FWD_g.1274.peg.5942-MONOMER,0.0,-3.736148965828492e-08
TAURabc_REV_CPLX_BUTSO3abc-19,0.0,-3.415439399486219e-07
TAURabc_FWD_CPLX_BUTSO3abc-19,0.0,-7.21381525116069e-08
TAURabc_REV_CPLX_BUTSO3abc-9,0.0,-3.1058683091303917e-07
TAURabc_FWD_CPLX_BUTSO3abc-9,0.0,-4.118104347602412e-08
TAURabc_REV_CPLX_BUTSO3abc-16,0.0,-3.273807081798215e-07
TAURabc_FWD_CPLX_BUTSO3abc-16,0.0,-5.7974920742806426e-08
TAURabc_REV_CPLX_BUTSO3abc-12,0.0,-3.3350850028512933e-07
TAURabc_FWD_CPLX_BUTSO3abc-12,0.0,-6.410271284811427e-08
TAURabc_REV_g.1274.peg.4646-MONOMER,0.0,-2.7559391386561045e-07
TAURabc_FWD_g.1274.peg.4646-MONOMER,0.0,-6.188126428595384e-09
TAURabc_REV_CPLX_BUTSO3abc-3,0.0,-3.316028190508805e-07
TAURabc_FWD_CPLX_BUTSO3abc-3,0.0,-6.219703161386547e-08
TCBO_REV_CPLX_TCBO-0,0.0,-3.6478918745755956e-07
TCBO_FWD_CPLX_TCBO-0,0.0,-8.50131771651288e-41
TDCOATA_REV_g.1274.peg.4628-MONOMER,0.0,-5.20072857863649e-07
TDCOATA_FWD_g.1274.peg.4628-MONOMER,0.0,-1.3646277323398114e-07
TDCOATA_REV_g.1274.peg.514-MONOMER,0.0,-3.836100846296679e-07
TDCOATA_FWD_g.1274.peg.514-MONOMER,0.0,-5.125903132710176e-37
TDCOATA_REV_g.1274.peg.4953-MONOMER,0.0,-4.370904130678418e-07
TDCOATA_FWD_g.1274.peg.4953-MONOMER,0.0,-5.3480328438173874e-08
TDG3PACT_REV_CPLX_G3PAT120-0,0.0,1.2907157203068375e-40
TDG3PACT_FWD_CPLX_G3PAT120-0,0.0,-4.395636144012489e-07
TDPDRE_REV_g.1274.peg.383-MONOMER,0.0,-1.4794945138629567e-07
TDPDRE_FWD_g.1274.peg.383-MONOMER,0.0008121829278921173,7.732350923770792e-40
TDPDRRr_REV_g.1274.peg.878-MONOMER,0.0,-2.599990609026512e-07
TDPDRRr_FWD_g.1274.peg.878-MONOMER,0.0008121829278921173,1.3205321366479544e-35
TDPGDH_REV_g.1274.peg.13-MONOMER_mod_nad(1),0.0,-2.2993340262401537e-07
TDPGDH_FWD_g.1274.peg.13-MONOMER_mod_nad(1),0.0008121829278921173,-2.1517753126807386e-40
TDSK_REV_g.1274.peg.2612-MONOMER_mod_mg2(1),0.0,-3.0663320542600883e-07
TDSK_FWD_g.1274.peg.2612-MONOMER_mod_mg2(1),0.0008121829278921173,-2.1725253074413878e-39
TECA5S140_REV_g.1274.peg.906-MONOMER_mod_mg2(1),0.0,2.5121787733735042e-39
TECA5S140_FWD_g.1274.peg.906-MONOMER_mod_mg2(1),0.0,-2.224434993135685e-07
TECA5S160_REV_g.1274.peg.906-MONOMER_mod_mg2(1),0.0,2.5121787733735042e-39
TECA5S160_FWD_g.1274.peg.906-MONOMER_mod_mg2(1),0.0,-2.224434993135685e-07
TECA5S180_REV_g.1274.peg.906-MONOMER_mod_mg2(1),0.0,2.5121787733735042e-39
TECA5S180_FWD_g.1274.peg.906-MONOMER_mod_mg2(1),0.0,-2.224434993135685e-07
TECA5SAI15_REV_g.1274.peg.906-MONOMER_mod_mg2(1),0.0,2.5121787733735042e-39
TECA5SAI15_FWD_g.1274.peg.906-MONOMER_mod_mg2(1),0.0,-2.224434993135685e-07
TECA5SAI17_REV_g.1274.peg.906-MONOMER_mod_mg2(1),0.0,2.5121787733735042e-39
TECA5SAI17_FWD_g.1274.peg.906-MONOMER_mod_mg2(1),0.0,-2.224434993135685e-07
TECA5SI14_REV_g.1274.peg.906-MONOMER_mod_mg2(1),0.0,2.5121787733735042e-39
TECA5SI14_FWD_g.1274.peg.906-MONOMER_mod_mg2(1),0.0,-2.224434993135685e-07
TECA5SI15_REV_g.1274.peg.906-MONOMER_mod_mg2(1),0.0,2.5121787733735042e-39
TECA5SI15_FWD_g.1274.peg.906-MONOMER_mod_mg2(1),0.0,-2.224434993135685e-07
TECA5SI16_REV_g.1274.peg.906-MONOMER_mod_mg2(1),0.0,2.5121787733735042e-39
TECA5SI16_FWD_g.1274.peg.906-MONOMER_mod_mg2(1),0.0,-2.224434993135685e-07
TECA5SI17_REV_g.1274.peg.906-MONOMER_mod_mg2(1),0.0,2.5121787733735042e-39
TECA5SI17_FWD_g.1274.peg.906-MONOMER_mod_mg2(1),0.0,-2.224434993135685e-07
TFMO2_REV_g.1274.peg.4839-MONOMER,0.0,2.2071969000905258e-07
TFMO2_FWD_g.1274.peg.4839-MONOMER,0.0,-6.311431890012319e-07
TFMO2_REV_g.1274.peg.78-MONOMER,0.0,2.7381361213448105e-07
TFMO2_FWD_g.1274.peg.78-MONOMER,0.0,-5.780492668758034e-07
TGBPA_REV_g.1274.peg.5326-MONOMER,0.0,-2.8784071004211303e-40
TGBPA_FWD_g.1274.peg.5326-MONOMER,0.0,-2.8743593795379347e-07
THBPT4ACAMDASE_REV_g.1274.peg.4440-MONOMER,0.0,-6.801915936802375e-08
THBPT4ACAMDASE_FWD_g.1274.peg.4440-MONOMER,0.0,-4.883299656688504e-42
THD1_REV_g.1274.peg.2303-MONOMER,0.0,-1.0960291274518735e-07
THD1_FWD_g.1274.peg.2303-MONOMER,0.0,-1.0224077216634663e-07
THD1_REV_g.1274.peg.2454-MONOMER,0.0,-2.3745695055537895e-07
THD1_FWD_g.1274.peg.2454-MONOMER,0.0,-2.3009480997653822e-07
THD1_REV_g.1274.peg.2396-MONOMER,0.0,-2.1977206766484336e-07
THD1_FWD_g.1274.peg.2396-MONOMER,0.0,-2.1240992708600262e-07
THD2_REV_CPLX_THD2-1,0.0,1.103445733482039e-07
THD2_FWD_CPLX_THD2-1,0.0,-7.479467172265658e-07
THD2_REV_CPLX_THD2-0,0.0,1.998013185256447e-07
THD2_FWD_CPLX_THD2-0,0.0,-6.584899720491249e-07
THDPS_REV_g.1274.peg.2798-MONOMER,0.0,8.487043439894082e-07
THDPS_FWD_g.1274.peg.2798-MONOMER,0.0,-1.2154137683241062e-06
THIORDXi_REV_g.1274.peg.3696-MONOMER,0.0,2.6730449179628294e-06
THIORDXi_FWD_g.1274.peg.3696-MONOMER,0.0,-3.039285255951105e-06
THIORDXi_REV_g.1274.peg.4954-MONOMER,0.0,2.7579362734386043e-06
THIORDXi_FWD_g.1274.peg.4954-MONOMER,0.0,-2.95439390047533e-06
THIORDXi_REV_g.1274.peg.879-MONOMER,0.0,2.7184888585496845e-06
THIORDXi_FWD_g.1274.peg.879-MONOMER,0.0,-2.99384131536425e-06
THIORDXi_REV_g.1274.peg.4069-MONOMER,0.0,2.7486418190547255e-06
THIORDXi_FWD_g.1274.peg.4069-MONOMER,0.0,-2.9636883548869816e-06
THMDt2r_REV_CPLX_dummy,0.0,-2.7754725626437756e-07
THMDt2r_FWD_CPLX_dummy,0.001030686333767641,-4.697213762775885e-35
THMt3_REV_g.1274.peg.280-MONOMER,0.0,-3.289219606807918e-07
THMt3_FWD_g.1274.peg.280-MONOMER,0.00010055316201902688,2.0793226306486825e-41
THMt3_REV_g.1274.peg.2249-MONOMER,0.0,-3.327194537508664e-07
THMt3_FWD_g.1274.peg.2249-MONOMER,0.0,-3.7974930700745775e-09
THRAr_REV_398578.3.peg.5715-MONOMER_mod_pydx5p(1),0.0,-5.892818455672842e-07
THRAr_FWD_398578.3.peg.5715-MONOMER_mod_pydx5p(1),0.0,-4.648774948917798e-40
THRD_REV_398578.3.peg.4501-MONOMER,0.0,-4.0443410446816743e-07
THRD_FWD_398578.3.peg.4501-MONOMER,0.018093364153034096,-9.933509747924299e-40
THRD_L_REV_398578.3.peg.5666-MONOMER,0.0,-4.795914642368143e-08
THRD_L_FWD_398578.3.peg.5666-MONOMER,0.0,-2.506754647046047e-07
THRD_L_REV_398578.3.peg.115-MONOMER,0.0,-9.827378371917881e-08
THRD_L_FWD_398578.3.peg.115-MONOMER,0.0,-3.0099010200010206e-07
THRPD_REV_g.1274.peg.2058-MONOMER,0.0,-2.8162978627345345e-07
THRPD_FWD_g.1274.peg.2058-MONOMER,0.0,3.4413054067019444e-41
THRS_REV_398578.3.peg.5200-MONOMER_mod_pydx5p(1),0.0,-5.4399422779892555e-08
THRS_FWD_398578.3.peg.5200-MONOMER_mod_pydx5p(1),0.0,-1.9196898679869563e-07
THRt2r_REV_CPLX_dummy,0.0,-2.7754725626437756e-07
THRt2r_FWD_CPLX_dummy,0.02655643520627588,-6.505215398603745e-41
THZPSN_REV_398578.3.peg.3282-MONOMER,0.0,-3.0426856447888203e-07
THZPSN_FWD_398578.3.peg.3282-MONOMER,0.0,1.1569208215636955e-39
TKT1_REV_398578.3.peg.727-MONOMER,0.0011978455417613735,1.983069670276014e-40
TKT1_FWD_398578.3.peg.727-MONOMER,0.0,-2.47232042253259e-07
TKT1_REV_398578.3.peg.937-MONOMER,0.0,-1.0067241882901203e-07
TKT1_FWD_398578.3.peg.937-MONOMER,0.0,-3.4790446108227106e-07
TKT1_REV_398578.3.peg.726-MONOMER,0.0,-4.420246068288337e-08
TKT1_FWD_398578.3.peg.726-MONOMER,0.0,-2.914345029361424e-07
TKT2_REV_398578.3.peg.727-MONOMER,0.0044465772533298425,-2.34362779214438e-40
TKT2_FWD_398578.3.peg.727-MONOMER,0.0,-2.47232042253259e-07
TKT2_REV_398578.3.peg.937-MONOMER,0.0,-1.0067241882901203e-07
TKT2_FWD_398578.3.peg.937-MONOMER,0.0,-3.4790446108227106e-07
TKT2_REV_398578.3.peg.726-MONOMER,0.0,-4.420246068288337e-08
TKT2_FWD_398578.3.peg.726-MONOMER,0.0,-2.914345029361424e-07
TMDK1_REV_CPLX_dummy,0.0,-2.7754725626437756e-07
TMDK1_FWD_CPLX_dummy,0.001030686333767641,-2.9608476704626686e-40
TMDK2_REV_CPLX_dummy,0.0,-1.9164911887633407e-07
TMDK2_FWD_CPLX_dummy,0.0,-8.58981373880435e-08
TMDPK_REV_CPLX_dummy,0.0,-2.7754725626437756e-07
TMDPK_FWD_CPLX_dummy,0.00010055316201902688,-1.7160946442529175e-39
TMDPP_REV_g.1274.peg.2718-MONOMER,0.0,-4.071497813637614e-07
TMDPP_FWD_g.1274.peg.2718-MONOMER,0.0,-5.332512804613849e-08
TMDPP_REV_g.1274.peg.5434-MONOMER,0.0,-3.538246533176229e-07
TMDPP_FWD_g.1274.peg.5434-MONOMER,0.0,-1.6224235755828708e-40
TMDS_REV_g.1274.peg.4593-MONOMER_mod_mg2(1),0.0,6.495483961581694e-07
TMDS_FWD_g.1274.peg.4593-MONOMER_mod_mg2(1),0.0,-7.543657546741352e-07
TMPK_REV_g.1274.peg.5837-MONOMER_mod_mg2(1),0.0,-4.045457397846645e-07
TMPK_FWD_g.1274.peg.5837-MONOMER_mod_mg2(1),0.0,-4.616278092096788e-40
TMPPP_REV_398578.3.peg.3281-MONOMER_mod_mg2(1),0.0,-3.5338354331618315e-07
TMPPP_FWD_398578.3.peg.3281-MONOMER_mod_mg2(1),0.0,1.068446223296409e-40
TPI_REV_398578.3.peg.5164-MONOMER,0.0,-4.775687489240766e-07
TPI_FWD_398578.3.peg.5164-MONOMER,0.010131857748574663,-1.4469410829495425e-40
TRDOXOX_REV_g.1274.peg.2180-MONOMER,0.0,-8.095016137093824e-09
TRDOXOX_FWD_g.1274.peg.2180-MONOMER,0.0,-2.3356168500866176e-07
TRDOXOX_REV_g.1274.peg.2690-MONOMER,0.0,4.2605106316759184e-35
TRDOXOX_FWD_g.1274.peg.2690-MONOMER,0.0,-2.2546666887156795e-07
TRDRr_REV_g.1274.peg.4225-MONOMER,0.0,-3.843133568304392e-07
TRDRr_FWD_g.1274.peg.4225-MONOMER,0.005222390620907994,3.195387998632862e-35
TRDRr_REV_g.1274.peg.3526-MONOMER,0.0,-4.0383338307162365e-07
TRDRr_FWD_g.1274.peg.3526-MONOMER,0.0,-1.9520026241184463e-08
TRDRr_REV_g.1274.peg.4994-MONOMER,0.0,-3.9228433418716206e-07
TRDRr_FWD_g.1274.peg.4994-MONOMER,0.0,-7.970977356722888e-09
TRE6PP_REV_g.1274.peg.5761-MONOMER_mod_mg2(1),0.0,-3.094843131155426e-07
TRE6PP_FWD_g.1274.peg.5761-MONOMER_mod_mg2(1),-3.9172704892974047e-23,-7.795597423024542e-40
TRE6PS_REV_g.1274.peg.5996-MONOMER,0.0,1.038104966646403e-06
TRE6PS_FWD_g.1274.peg.5996-MONOMER,0.0,-1.2787988932793553e-06
TREpts_REV_g.1274.peg.3316-MONOMER,0.0,-2.6919232074421256e-07
TREpts_FWD_g.1274.peg.3316-MONOMER,0.0,-3.9072989541530724e-08
TREpts_REV_g.1274.peg.1695-MONOMER,0.0,-3.756108063999628e-07
TREpts_FWD_g.1274.peg.1695-MONOMER,0.0,-1.4549147519728095e-07
TRPAS2i_REV_CPLX_dummy,0.0,-2.3314175234186081e-07
TRPAS2i_FWD_CPLX_dummy,0.0,-4.440550392251675e-08
TRPO2_REV_g.1274.peg.1951-MONOMER,0.0,3.1416573746503334e-06
TRPO2_FWD_g.1274.peg.1951-MONOMER,0.0,-3.2917036651434576e-06
TRPO2_REV_g.1274.peg.1362-MONOMER,0.0,3.1629376028568836e-06
TRPO2_FWD_g.1274.peg.1362-MONOMER,0.0,-3.2704234369369073e-06
TRPS1_REV_398578.3.peg.5226-MONOMER,0.0,-5.6198594756980125e-08
TRPS1_FWD_398578.3.peg.5226-MONOMER,0.0,-2.254302638141751e-07
TRPS1_REV_398578.3.peg.5225-MONOMER,0.0,-7.475580562886998e-08
TRPS1_FWD_398578.3.peg.5225-MONOMER,0.0,-2.43987474686065e-07
TRPS2_REV_398578.3.peg.5226-MONOMER,0.0,8.461583452859749e-08
TRPS2_FWD_398578.3.peg.5226-MONOMER,0.0,-3.662446930997527e-07
TRPS2_REV_398578.3.peg.5225-MONOMER,0.0,6.605862365670764e-08
TRPS2_FWD_398578.3.peg.5225-MONOMER,0.0,-3.848019039716426e-07
TRPS3_REV_398578.3.peg.5226-MONOMER,0.0,-2.816288585711552e-07
TRPS3_FWD_398578.3.peg.5226-MONOMER,0.0,-1.489328358027123e-40
TRPS3_REV_398578.3.peg.5225-MONOMER,0.0,-3.0018606944304505e-07
TRPS3_FWD_398578.3.peg.5225-MONOMER,0.0,-1.855721087188985e-08
TRPTA_REV_CPLX_dummy,0.0,1.5039836303390455e-41
TRPTA_FWD_CPLX_dummy,0.0,-2.7754725626437756e-07
TRPt2r_REV_g.1274.peg.4419-MONOMER,0.0,-3.115592645620747e-07
TRPt2r_FWD_g.1274.peg.4419-MONOMER,0.003865436606204024,0.0
TRSARr_REV_g.1274.peg.1082-MONOMER,0.0,-4.29959005892622e-07
TRSARr_FWD_g.1274.peg.1082-MONOMER,0.0,-1.2393076529412115e-07
TRSARr_REV_g.1274.peg.61-MONOMER,0.0,-3.449155547000223e-07
TRSARr_FWD_g.1274.peg.61-MONOMER,0.0,-3.88873141015214e-08
TRSARry_REV_g.1274.peg.1082-MONOMER,0.0,-4.336400761820424e-07
TRSARry_FWD_g.1274.peg.1082-MONOMER,0.0,-1.2024969500470078e-07
TRSARry_REV_g.1274.peg.61-MONOMER,0.0,-3.4859662498944266e-07
TRSARry_FWD_g.1274.peg.61-MONOMER,0.0,-3.5206243812101036e-08
TRYPTAt2_REV_CPLX_dummy,0.0,-2.7754725626437756e-07
TRYPTAt2_FWD_CPLX_dummy,0.0,-1.5463492782251486e-40
TSULST_REV_g.1274.peg.4830-MONOMER,0.0,-3.099030780055784e-07
TSULST_FWD_g.1274.peg.4830-MONOMER,2.9988844333213146e-23,-4.475392895814655e-41
TSULabc_REV_g.1274.peg.4822-MONOMER,0.0,6.705684134024981e-07
TSULabc_FWD_g.1274.peg.4822-MONOMER,0.0,-8.822287424958019e-07
TSULabc_REV_g.1274.peg.4166-MONOMER,0.0,6.368430472956318e-07
TSULabc_FWD_g.1274.peg.4166-MONOMER,0.0,-9.159541086026681e-07
TSULabc_REV_g.1274.peg.4421-MONOMER,0.0,6.666108662270702e-07
TSULabc_FWD_g.1274.peg.4421-MONOMER,0.0,-8.861862896712297e-07
TTHrdmq_REV_CPLX_dummy,0.0,-2.7754725626437756e-07
TTHrdmq_FWD_CPLX_dummy,0.0,3.3494371677820207e-41
TTHrmq_REV_CPLX_dummy,0.0,-2.7754725626437756e-07
TTHrmq_FWD_CPLX_dummy,0.0,0.0
TYMt2r_REV_CPLX_dummy,0.0,-7.731746391125743e-41
TYMt2r_FWD_CPLX_dummy,0.0,-2.7754725626437756e-07
TYRCBOX_REV_g.1274.peg.1527-MONOMER_mod_mg2(1),0.0,-4.1498023535090757e-07
TYRCBOX_FWD_g.1274.peg.1527-MONOMER_mod_mg2(1),0.0,-7.750632877601159e-41
TYRTA_REV_CPLX_dummy,0.0,-2.7754725626437756e-07
TYRTA_FWD_CPLX_dummy,0.26602612579376234,-1.098450356695332e-40
TYRt2r_REV_g.1274.peg.4419-MONOMER,0.0,-3.115592645620747e-07
TYRt2r_FWD_g.1274.peg.4419-MONOMER,0.27082533867079683,1.0962009184706579e-40
U23GAAT_REV_g.1274.peg.4908-MONOMER,0.0,-4.1455844904699287e-07
U23GAAT_FWD_g.1274.peg.4908-MONOMER,0.0016243658557842345,4.655109192332435e-36
UAAGDS_REV_g.1274.peg.712-MONOMER,0.0,-4.069377424290545e-07
UAAGDS_FWD_g.1274.peg.712-MONOMER,0.0,-8.447661377271213e-40
UAG2E_REV_g.1274.peg.2821-MONOMER_mod_nad(1),0.0,-8.481268219642404e-40
UAG2E_FWD_g.1274.peg.2821-MONOMER_mod_nad(1),0.0,-2.427189491131666e-07
UAG2EMA_REV_g.1274.peg.2821-MONOMER_mod_nad(1),0.0,9.265876763567516e-40
UAG2EMA_FWD_g.1274.peg.2821-MONOMER_mod_nad(1),0.0,-2.427189491131666e-07
UAG4E_REV_g.1274.peg.5544-MONOMER_mod_nad(1),0.0,-4.8409820638834e-40
UAG4E_FWD_g.1274.peg.5544-MONOMER_mod_nad(1),0.0,-2.3058336239639264e-07
UAGAAT_REV_g.1274.peg.4392-MONOMER,0.0,-4.346855134065129e-07
UAGAAT_FWD_g.1274.peg.4392-MONOMER,0.0016243658557842345,3.8900936397022294e-36
UAGCVT_r_REV_g.1274.peg.2363-MONOMER,0.0,-2.7985101279169965e-07
UAGCVT_r_FWD_g.1274.peg.2363-MONOMER,0.0,0.0
UAGCVT_r_REV_g.1274.peg.5894-MONOMER,0.0,-3.3808617581167517e-07
UAGCVT_r_FWD_g.1274.peg.5894-MONOMER,0.0,-5.8235163019975526e-08
UAGDP_REV_398578.3.peg.5884-MONOMER_mod_mg2(1),0.0,-6.266272882467762e-07
UAGDP_FWD_398578.3.peg.5884-MONOMER_mod_mg2(1),0.0016243658557842345,-4.828777970213048e-41
UAGPT2_REV_g.1274.peg.182-MONOMER,0.0,-3.9139588278307234e-07
UAGPT2_FWD_g.1274.peg.182-MONOMER,0.0,-5.125892378599019e-39
UAGPT3_REV_g.1274.peg.182-MONOMER,0.0,-3.9139588278307234e-07
UAGPT3_FWD_g.1274.peg.182-MONOMER,0.0,-2.480270505773719e-39
UAMAGS_REV_g.1274.peg.918-MONOMER_mod_k(1)_mod_mg2(1),0.0,-5.140339268291497e-07
UAMAGS_FWD_g.1274.peg.918-MONOMER_mod_k(1)_mod_mg2(1),0.0,2.4400678652562052e-39
UAMAS_REV_g.1274.peg.485-MONOMER_mod_mg2(1),0.0,-4.199038259572361e-07
UAMAS_FWD_g.1274.peg.485-MONOMER_mod_mg2(1),0.0,-2.2487465984388166e-39
UAPGR_REV_g.1274.peg.4328-MONOMER_mod_fad(1),0.0,-2.0453532179875305e-07
UAPGR_FWD_g.1274.peg.4328-MONOMER_mod_fad(1),0.0,-2.2754234237728905e-39
UDCPDP_REV_g.1274.peg.4267-MONOMER,0.0,-2.758722206909599e-07
UDCPDP_FWD_g.1274.peg.4267-MONOMER,0.0,-2.752285308804095e-09
UDCPDP_REV_g.1274.peg.1244-MONOMER,0.0,-2.731199353821558e-07
UDCPDP_FWD_g.1274.peg.1244-MONOMER,0.0,2.8872167805520058e-39
UDCPDPS_REV_g.1274.peg.4311-MONOMER_mod_mg2(1),0.0,-2.0519390826285414e-07
UDCPDPS_FWD_g.1274.peg.4311-MONOMER_mod_mg2(1),0.0008121829278921173,-8.381094875161241e-39
UDPG4E_REV_g.1274.peg.5544-MONOMER_mod_nad(1),0.0,3.0347814875753845e-40
UDPG4E_FWD_g.1274.peg.5544-MONOMER_mod_nad(1),0.0,-2.3058336239639264e-07
UGLYCH_REV_g.1274.peg.4476-MONOMER,0.0,-2.492888335370707e-07
UGLYCH_FWD_g.1274.peg.4476-MONOMER,0.0,1.1120625540918878e-40
UGMDDS_REV_CPLX_dummy,0.0,-2.7754725626437756e-07
UGMDDS_FWD_CPLX_dummy,0.0,2.6400278079277727e-39
UHGADA_REV_g.1274.peg.452-MONOMER,0.0,-2.171951162666678e-07
UHGADA_FWD_g.1274.peg.452-MONOMER,0.0016243658557842345,3.271995244799749e-39
UMPK_REV_398578.3.peg.4928-MONOMER,0.0,-3.061902914150041e-07
UMPK_FWD_398578.3.peg.4928-MONOMER,0.014390066062444685,-1.1857083930333596e-36
UNK3_REV_g.1274.peg.2912-MONOMER,0.0,2.4670231718870685e-06
UNK3_FWD_g.1274.peg.2912-MONOMER,0.0,-2.766026450095531e-06
UPP3MT3_REV_g.1274.peg.1979-MONOMER,0.0,1.6716350080478534e-39
UPP3MT3_FWD_g.1274.peg.1979-MONOMER,0.0,-4.925888036200659e-07
UPP3S_REV_g.1274.peg.1595-MONOMER,0.0,-3.1941337853647345e-07
UPP3S_FWD_g.1274.peg.1595-MONOMER,0.0,8.140373613380848e-40
UPPDC1_REV_g.1274.peg.5045-MONOMER,0.0,-2.925888999782493e-07
UPPDC1_FWD_g.1274.peg.5045-MONOMER,0.0,7.804986553720573e-40
UPPDC2b_REV_g.1274.peg.5045-MONOMER,0.0,-2.925888999782493e-07
UPPDC2b_FWD_g.1274.peg.5045-MONOMER,0.0,4.3361036409558744e-41
UPPN_REV_g.1274.peg.5502-MONOMER_mod_4fe4s(1)_mod_mn2(1),0.0,1597.5208594050696
UPPN_FWD_g.1274.peg.5502-MONOMER_mod_4fe4s(1)_mod_mn2(1),0.0,-4792.562579497808
UPPN_REV_g.1274.peg.5502-MONOMER_mod_2fe2s(1)_mod_mn2(1),0.0,6390.083438902878
UPPN_FWD_g.1274.peg.5502-MONOMER_mod_2fe2s(1)_mod_mn2(1),0.0,-6.7546404670933275e-31
UPPN_REV_g.1274.peg.5502-MONOMER_mod_mn2(1),0.0,3195.0417191908014
UPPN_FWD_g.1274.peg.5502-MONOMER_mod_mn2(1),0.0,-3195.0417197120764
UPPRT_REV_CPLX_UPPRT-0,0.0,-2.1844372994589029e-07
UPPRT_FWD_CPLX_UPPRT-0,0.0,-1.0827990830304437e-08
UPPRT_REV_g.1274.peg.271-MONOMER,0.0,-2.0761573911558586e-07
UPPRT_FWD_g.1274.peg.271-MONOMER,0.0,3.62401967275582e-40
URAt2_REV_g.1274.peg.280-MONOMER,0.0,7.157584267031019e-07
URAt2_FWD_g.1274.peg.280-MONOMER,0.0,-1.0446803873838938e-06
URAt2_REV_g.1274.peg.2249-MONOMER,0.0,7.119609336330273e-07
URAt2_FWD_g.1274.peg.2249-MONOMER,0.0,-1.0484778804539684e-06
URCN_REV_g.1274.peg.169-MONOMER,0.0,-3.4666701059002253e-07
URCN_FWD_g.1274.peg.169-MONOMER,0.0,1.713489153744986e-41
URDGLYAH_REV_g.1274.peg.1231-MONOMER,0.0,-2.829589096299156e-07
URDGLYAH_FWD_g.1274.peg.1231-MONOMER,0.0,-2.0762622628236553e-41
UREA_REV_CPLX_UREA-1,0.0,-3.856398391211063e-07
UREA_FWD_CPLX_UREA-1,0.0,-1.2477097386166337e-08
UREA_REV_CPLX_UREA-0,0.0,-3.7316274173493997e-07
UREA_FWD_CPLX_UREA-0,0.0,5.3993253276750356e-40
UREAt_REV_g.1274.peg.2400-MONOMER,0.0,0.0
UREAt_FWD_g.1274.peg.2400-MONOMER,0.0,-2.359256878467112e-07
URIDK3_REV_g.1274.peg.1571-MONOMER_mod_mg2(1),0.0020958525059352234,1.8999290099545984e-40
URIDK3_FWD_g.1274.peg.1571-MONOMER_mod_mg2(1),0.0,-1.3161823309795984e-07
URIK1_REV_CPLX_dummy,0.0,-2.7754725626437756e-07
URIK1_FWD_CPLX_dummy,0.005268747869977214,1.7860238489118513e-41
URIt2r_REV_CPLX_dummy,0.0,-2.7754725626437756e-07
URIt2r_FWD_CPLX_dummy,0.005268747869977214,7.731746391125743e-41
USHD_REV_g.1274.peg.1309-MONOMER,0.0,-2.3739508673753208e-07
USHD_FWD_g.1274.peg.1309-MONOMER,0.0008121829278921173,-1.2651147829039218e-39
UTPATPT_REV_398578.3.peg.3554-MONOMER_mod_mg2(1),0.01635512819597005,-4.581798345555596e-40
UTPATPT_FWD_398578.3.peg.3554-MONOMER_mod_mg2(1),0.0,-2.3583518442508396e-07
VALTA_REV_398578.3.peg.315-MONOMER,0.0,-1.9151006949408807e-07
VALTA_FWD_398578.3.peg.315-MONOMER,0.00010058683483736695,-2.5472666043612603e-41
VALTA_REV_398578.3.peg.592-MONOMER,0.0,-2.3550009794070224e-07
VALTA_FWD_398578.3.peg.592-MONOMER,0.0,-4.3990028446614177e-08
VALabc_REV_g.1274.peg.5410-MONOMER,0.0,3.663627073402557e-07
VALabc_FWD_g.1274.peg.5410-MONOMER,0.0,-6.776709697675453e-07
VALabc_REV_g.1274.peg.4292-MONOMER,0.0,3.329809316931841e-07
VALabc_FWD_g.1274.peg.4292-MONOMER,0.0,-7.11052745414617e-07
VALabc_REV_g.1274.peg.4431-MONOMER,0.0,3.748934761403411e-07
VALabc_FWD_g.1274.peg.4431-MONOMER,0.0,-6.6914020096746e-07
VALabc_REV_g.1274.peg.2915-MONOMER,0.0,3.3565227473351916e-07
VALabc_FWD_g.1274.peg.2915-MONOMER,0.0,-7.083814023742819e-07
VALabc_REV_g.1274.peg.4986-MONOMER,0.0,3.400862891655077e-07
VALabc_FWD_g.1274.peg.4986-MONOMER,0.0,-7.039473879422933e-07
VALabc_REV_g.1274.peg.4255-MONOMER,0.0,4.3050798998166335e-07
VALabc_FWD_g.1274.peg.4255-MONOMER,0.0,-6.135256871261378e-07
VALabc_REV_g.1274.peg.3216-MONOMER,0.0,4.3444493263399184e-07
VALabc_FWD_g.1274.peg.3216-MONOMER,0.0,-6.095887444738093e-07
VALabc_REV_g.1274.peg.676-MONOMER,0.0,3.6657447975826546e-07
VALabc_FWD_g.1274.peg.676-MONOMER,0.0,-6.774591973495356e-07
VALabc_REV_g.1274.peg.1792-MONOMER,0.0,4.029092476482057e-07
VALabc_FWD_g.1274.peg.1792-MONOMER,0.0,-6.411244294595954e-07
VALabc_REV_g.1274.peg.2875-MONOMER,0.0,3.8592272161407133e-07
VALabc_FWD_g.1274.peg.2875-MONOMER,0.0,-6.581109554937297e-07
VALabc_REV_g.1274.peg.2041-MONOMER,0.0,3.864154340193133e-07
VALabc_FWD_g.1274.peg.2041-MONOMER,0.0,-6.576182430884877e-07
VALabc_REV_g.1274.peg.1973-MONOMER,0.0,3.854374894452832e-07
VALabc_FWD_g.1274.peg.1973-MONOMER,0.0,-6.585961876625178e-07
VALabc_REV_g.1274.peg.2016-MONOMER,0.0,3.95079920421884e-07
VALabc_FWD_g.1274.peg.2016-MONOMER,0.0,-6.48953756685917e-07
VALabc_REV_g.1274.peg.573-MONOMER,0.0,3.5519986260880285e-07
VALabc_FWD_g.1274.peg.573-MONOMER,0.0,-6.888338144989981e-07
VALabc_REV_g.1274.peg.4891-MONOMER,0.0,4.094588820369952e-07
VALabc_FWD_g.1274.peg.4891-MONOMER,0.0,-6.345747950708058e-07
VALabc_REV_g.1274.peg.2902-MONOMER,0.0,4.3514330091413476e-07
VALabc_FWD_g.1274.peg.2902-MONOMER,0.0,-6.088903761936663e-07
VALabc_REV_g.1274.peg.2269-MONOMER,0.0,3.207982939218899e-07
VALabc_FWD_g.1274.peg.2269-MONOMER,0.0,-7.232353831859112e-07
VALabc_REV_g.1274.peg.460-MONOMER,0.0,4.1087529586107433e-07
VALabc_FWD_g.1274.peg.460-MONOMER,0.0,-6.331583812467268e-07
VALabc_REV_g.1274.peg.1118-MONOMER,0.0,4.0147143259244133e-07
VALabc_FWD_g.1274.peg.1118-MONOMER,0.0,-6.425622445153598e-07
VALabc_REV_g.1274.peg.1345-MONOMER,0.0,3.289545423790158e-07
VALabc_FWD_g.1274.peg.1345-MONOMER,0.0,-7.150791347287852e-07
VALabc_REV_g.1274.peg.5651-MONOMER,0.0,3.439515636165432e-07
VALabc_FWD_g.1274.peg.5651-MONOMER,0.0,-7.000821134912578e-07
VALabc_REV_g.1274.peg.1016-MONOMER,0.0,3.615827083239755e-07
VALabc_FWD_g.1274.peg.1016-MONOMER,0.0,-6.824509687838255e-07
VALabc_REV_g.1274.peg.3982-MONOMER,0.0,3.9613954529981905e-07
VALabc_FWD_g.1274.peg.3982-MONOMER,0.0,-6.47894131807982e-07
VALabc_REV_g.1274.peg.2861-MONOMER,0.0,3.948350092276045e-07
VALabc_FWD_g.1274.peg.2861-MONOMER,0.0,-6.491986678801965e-07
VALabc_REV_g.1274.peg.1246-MONOMER,0.0,3.794068887981791e-07
VALabc_FWD_g.1274.peg.1246-MONOMER,0.0,-6.646267883096219e-07
VALabc_REV_g.1274.peg.4737-MONOMER,0.0,4.125825306151894e-07
VALabc_FWD_g.1274.peg.4737-MONOMER,0.0,-6.314511464926116e-07
VALabc_REV_g.1274.peg.2225-MONOMER,0.0,3.7998261060864027e-07
VALabc_FWD_g.1274.peg.2225-MONOMER,0.0,-6.640510664991608e-07
VALabc_REV_g.1274.peg.4021-MONOMER,0.0,3.9028127989851344e-07
VALabc_FWD_g.1274.peg.4021-MONOMER,0.0,-6.537523972092877e-07
VALabc_REV_g.1274.peg.5736-MONOMER,0.0,3.940547511823355e-07
VALabc_FWD_g.1274.peg.5736-MONOMER,0.0,-6.499789259254656e-07
VALabc_REV_g.1274.peg.3783-MONOMER,0.0,3.1681739172700384e-07
VALabc_FWD_g.1274.peg.3783-MONOMER,0.0,-7.272162853807972e-07
VALabc_REV_g.1274.peg.70-MONOMER,0.0,4.371645289869549e-07
VALabc_FWD_g.1274.peg.70-MONOMER,0.0,-6.068691481208462e-07
VALabc_REV_g.1274.peg.705-MONOMER,0.0,3.748844170726326e-07
VALabc_FWD_g.1274.peg.705-MONOMER,0.0,-6.691492600351684e-07
VALabc_REV_g.1274.peg.3708-MONOMER,0.0,3.2414582473931454e-07
VALabc_FWD_g.1274.peg.3708-MONOMER,0.0,-7.198878523684865e-07
VALabc_REV_g.1274.peg.3788-MONOMER,0.0,3.709272948867387e-07
VALabc_FWD_g.1274.peg.3788-MONOMER,0.0,-6.731063822210624e-07
VALabc_REV_g.1274.peg.1601-MONOMER,0.0,3.514001266254202e-07
VALabc_FWD_g.1274.peg.1601-MONOMER,0.0,-6.926335504823809e-07
VALabc_REV_g.1274.peg.2325-MONOMER,0.0,3.8415046304834106e-07
VALabc_FWD_g.1274.peg.2325-MONOMER,0.0,-6.598832140594599e-07
VALabc_REV_g.1274.peg.5911-MONOMER,0.0,3.9327091078658316e-07
VALabc_FWD_g.1274.peg.5911-MONOMER,0.0,-6.507627663212179e-07
VALabc_REV_g.1274.peg.4827-MONOMER,0.0,3.1576536625240947e-07
VALabc_FWD_g.1274.peg.4827-MONOMER,0.0,-7.282683108553916e-07
VALabc_REV_g.1274.peg.3334-MONOMER,0.0,3.6404275517644285e-07
VALabc_FWD_g.1274.peg.3334-MONOMER,0.0,-6.799909219313582e-07
VALabc_REV_g.1274.peg.5044-MONOMER,0.0,3.5548629888055526e-07
VALabc_FWD_g.1274.peg.5044-MONOMER,0.0,-6.885473782272458e-07
VALabc_REV_g.1274.peg.2432-MONOMER,0.0,3.599993265040611e-07
VALabc_FWD_g.1274.peg.2432-MONOMER,0.0,-6.8403435060374e-07
VALabc_REV_g.1274.peg.3060-MONOMER,0.0,4.12891594206108e-07
VALabc_FWD_g.1274.peg.3060-MONOMER,0.0,-6.31142082901693e-07
VALabc_REV_g.1274.peg.4625-MONOMER,0.0,3.903839999688855e-07
VALabc_FWD_g.1274.peg.4625-MONOMER,0.0,-6.536496771389156e-07
VALabc_REV_g.1274.peg.1849-MONOMER,0.0,3.6605490665882215e-07
VALabc_FWD_g.1274.peg.1849-MONOMER,0.0,-6.779787704489789e-07
VALabc_REV_g.1274.peg.3896-MONOMER,0.0,3.401336408354681e-07
VALabc_FWD_g.1274.peg.3896-MONOMER,0.0,-7.03900036272333e-07
VALabc_REV_g.1274.peg.1123-MONOMER,0.0,3.471192602630475e-07
VALabc_FWD_g.1274.peg.1123-MONOMER,0.0,-6.969144168447536e-07
VALabc_REV_g.1274.peg.2764-MONOMER,0.0,3.380773861079633e-07
VALabc_FWD_g.1274.peg.2764-MONOMER,0.0,-7.059562909998377e-07
VALabc_REV_g.1274.peg.4740-MONOMER,0.0,3.8243668640738973e-07
VALabc_FWD_g.1274.peg.4740-MONOMER,0.0,-6.615969907004113e-07
VALabc_REV_g.1274.peg.4853-MONOMER,0.0,3.6020587799606357e-07
VALabc_FWD_g.1274.peg.4853-MONOMER,0.0,-6.838277991117375e-07
VALabc_REV_g.1274.peg.4020-MONOMER,0.0,3.815327356586313e-07
VALabc_FWD_g.1274.peg.4020-MONOMER,0.0,-6.625009414491697e-07
VALabc_REV_g.1274.peg.1536-MONOMER,0.0,3.455458510507766e-07
VALabc_FWD_g.1274.peg.1536-MONOMER,0.0,-6.984878260570244e-07
VALabc_REV_g.1274.peg.2126-MONOMER,0.0,3.662617148732163e-07
VALabc_FWD_g.1274.peg.2126-MONOMER,0.0,-6.777719622345848e-07
VALabc_REV_g.1274.peg.2598-MONOMER,0.0,3.9334847090129517e-07
VALabc_FWD_g.1274.peg.2598-MONOMER,0.0,-6.506852062065059e-07
VALt2r_REV_g.1274.peg.4507-MONOMER,0.0,-5.099073041504699e-07
VALt2r_FWD_g.1274.peg.4507-MONOMER,0.01581557562064475,9.37398303143183e-41
VPAMTr_REV_398578.3.peg.2456-MONOMER,0.0,-9.440311626433213e-08
VPAMTr_FWD_398578.3.peg.2456-MONOMER,0.0,-1.7588299195520504e-07
XANt2_REV_g.1274.peg.4280-MONOMER,0.0,2.6683211256872435e-08
XANt2_FWD_g.1274.peg.4280-MONOMER,0.0,-5.276750880046868e-07
XANt2_REV_g.1274.peg.662-MONOMER,0.0,1.1477697957173905e-08
XANt2_FWD_g.1274.peg.662-MONOMER,0.0,-5.428806013043854e-07
XANt2_REV_g.1274.peg.1164-MONOMER,0.0,3.9201269287779653e-08
XANt2_FWD_g.1274.peg.1164-MONOMER,0.0,-5.151570299737796e-07
XANt2_REV_g.1274.peg.1888-MONOMER,0.0,3.36002295278783e-08
XANt2_FWD_g.1274.peg.1888-MONOMER,0.0,-5.20758069733681e-07
XPPT_REV_g.1274.peg.4810-MONOMER,0.0,-9.802388690707672e-08
XPPT_FWD_g.1274.peg.4810-MONOMER,0.0,1.0625125977490218e-40
XYLI1_REV_g.1274.peg.5510-MONOMER,0.0,-1.0757913979611153e-08
XYLI1_FWD_g.1274.peg.5510-MONOMER,0.0,-3.180191299869352e-07
XYLI1_REV_g.1274.peg.5401-MONOMER,0.0,-2.1970653936512774e-41
XYLI1_FWD_g.1274.peg.5401-MONOMER,0.0,-3.0726121600732406e-07
XYLI2_REV_g.1274.peg.5510-MONOMER,0.0,-3.180191299869352e-07
XYLI2_FWD_g.1274.peg.5510-MONOMER,0.0,-1.0757913979611153e-08
XYLI2_REV_g.1274.peg.5401-MONOMER,0.0,-3.0726121600732406e-07
XYLI2_FWD_g.1274.peg.5401-MONOMER,2.1696788372742405e-56,0.0
YUMPS_REV_CPLX_YUMPS-2,0.0,-1.9834478229400617e-08
YUMPS_FWD_CPLX_YUMPS-2,0.0,-3.0456249060730256e-07
YUMPS_REV_CPLX_YUMPS-1,0.0,-8.811990496270868e-09
YUMPS_FWD_CPLX_YUMPS-1,0.0,-2.935400028741728e-07
YUMPS_REV_CPLX_YUMPS-3,0.0,-5.992941515116722e-08
YUMPS_FWD_CPLX_YUMPS-3,0.0,-3.4465742752906917e-07
YUMPS_REV_CPLX_YUMPS-0,0.0,1.0924598814092596e-40
YUMPS_FWD_CPLX_YUMPS-0,0.0,-2.847280123779019e-07
ZN2t4_REV_g.1274.peg.4076-MONOMER,9.605320368004117e-08,-7.563923738061622e-37
ZN2t4_FWD_g.1274.peg.4076-MONOMER,0.0,-2.671778487109032e-07
ZN2t4_REV_g.1274.peg.3921-MONOMER,0.0,-6.708445650733203e-08
ZN2t4_FWD_g.1274.peg.3921-MONOMER,0.0,-3.342623052182352e-07
ZN2t4_REV_g.1274.peg.1283-MONOMER,0.0,-4.374733009898223e-09
ZN2t4_FWD_g.1274.peg.1283-MONOMER,0.0,-2.7155258172080144e-07
dreplication_REV_CPLX_dreplication-3,0.0,-6.265389027214752e-07
dreplication_FWD_CPLX_dreplication-3,0.0,-2.923367834505695e-09
dreplication_REV_CPLX_dreplication-10,0.0,-6.259099193632695e-07
dreplication_FWD_CPLX_dreplication-10,0.0,-2.2943844763000085e-09
dreplication_REV_CPLX_dreplication-7,0.0,-6.270129516588505e-07
dreplication_FWD_CPLX_dreplication-7,0.0,-3.3974167718810512e-09
dreplication_REV_CPLX_dreplication-0,0.0,-6.236155348869695e-07
dreplication_FWD_CPLX_dreplication-0,0.0,-5.123923304396339e-41
dreplication_REV_CPLX_dreplication-16,0.0,-6.275648554470504e-07
dreplication_FWD_CPLX_dreplication-16,0.0,-3.949320560080939e-09
dreplication_REV_CPLX_dreplication-12,0.0,-6.246673987605821e-07
dreplication_FWD_CPLX_dreplication-12,0.0,-1.0518638736126702e-09
dreplication_REV_CPLX_dreplication-14,0.0,-6.263808110110286e-07
dreplication_FWD_CPLX_dreplication-14,0.0,-2.765276124059108e-09
dreplication_REV_CPLX_dreplication-15,0.0,-6.275669639565931e-07
dreplication_FWD_CPLX_dreplication-15,0.0,-3.951429069623702e-09
dreplication_REV_CPLX_dreplication-2,0.0,-6.25345453181337e-07
dreplication_FWD_CPLX_dreplication-2,0.0,-1.7299182943676214e-09
dreplication_REV_CPLX_dreplication-8,0.0,-6.241895959104031e-07
dreplication_FWD_CPLX_dreplication-8,0.0,-5.740610234336866e-10
dreplication_REV_CPLX_dreplication-5,0.0,-6.25306288012373e-07
dreplication_FWD_CPLX_dreplication-5,0.0,-1.690753125403657e-09
dreplication_REV_CPLX_dreplication-20,0.0,-6.280352992263105e-07
dreplication_FWD_CPLX_dreplication-20,0.0,-4.419764339341066e-09
dreplication_REV_CPLX_dreplication-11,0.0,-6.270957406187282e-07
dreplication_FWD_CPLX_dreplication-11,0.0,-3.4802057317587846e-09
dreplication_REV_CPLX_dreplication-22,0.0,-6.296995297175914e-07
dreplication_FWD_CPLX_dreplication-22,0.0,-6.08399483062187e-09
dreplication_REV_CPLX_dreplication-23,0.0,-6.308806717772591e-07
dreplication_FWD_CPLX_dreplication-23,0.0,-7.265136890289599e-09
dreplication_REV_CPLX_dreplication-9,0.0,-6.253914054646884e-07
dreplication_FWD_CPLX_dreplication-9,0.0,-1.7758705777190427e-09
dreplication_REV_CPLX_dreplication-6,0.0,-6.258191663399255e-07
dreplication_FWD_CPLX_dreplication-6,0.0,-2.2036314529560687e-09
dreplication_REV_CPLX_dreplication-21,0.0,-6.29232296534537e-07
dreplication_FWD_CPLX_dreplication-21,0.0,-5.616761647567562e-09
dreplication_REV_CPLX_dreplication-17,0.0,-6.287615348509506e-07
dreplication_FWD_CPLX_dreplication-17,0.0,-5.145999963981154e-09
dreplication_REV_CPLX_dreplication-18,0.0,-6.292357555614654e-07
dreplication_FWD_CPLX_dreplication-18,0.0,-5.620220674495922e-09
dreplication_REV_CPLX_dreplication-4,0.0,-6.240962573029993e-07
dreplication_FWD_CPLX_dreplication-4,0.0,-4.807224160299188e-10
dreplication_REV_CPLX_dreplication-1,0.0,-6.248252165094442e-07
dreplication_FWD_CPLX_dreplication-1,0.0,-1.2096816224747251e-09
dreplication_REV_CPLX_dreplication-19,0.0,-6.304165913493647e-07
dreplication_FWD_CPLX_dreplication-19,0.0,-6.801056462395348e-09
dreplication_REV_CPLX_dreplication-13,0.0,-6.258695530501682e-07
dreplication_FWD_CPLX_dreplication-13,0.0,-2.254018163198705e-09
pbiosynthesis_REV_CPLX_pbiosynthesis-2,0.0,-6.331287529407498e-07
pbiosynthesis_FWD_CPLX_pbiosynthesis-2,0.0,0.0
pbiosynthesis_REV_CPLX_pbiosynthesis-1,0.0,-6.349522774037458e-07
pbiosynthesis_FWD_CPLX_pbiosynthesis-1,0.0,-1.8235244629960154e-09
pbiosynthesis_REV_CPLX_pbiosynthesis-0,0.0,-6.554329319416141e-07
pbiosynthesis_FWD_CPLX_pbiosynthesis-0,0.0,-2.230417900086429e-08
pbiosynthesis_REV_CPLX_pbiosynthesis-3,0.0,-6.33260072961729e-07
pbiosynthesis_FWD_CPLX_pbiosynthesis-3,0.0,-1.313200209792086e-10
r0010_REV_g.1274.peg.3973-MONOMER_mod_hemed(6),0.0,5.260548019678881e-06
r0010_FWD_g.1274.peg.3973-MONOMER_mod_hemed(6),0.0,6.243449889048122e-39
r0010_REV_g.1274.peg.3733-MONOMER,0.0,2.5412791345613614e-06
r0010_FWD_g.1274.peg.3733-MONOMER,0.0,-2.7192688851175204e-06
r0082_REV_g.1274.peg.2149-MONOMER,0.0,2.113324072804837e-08
r0082_FWD_g.1274.peg.2149-MONOMER,0.0,-2.903270513135975e-07
r0082_REV_g.1274.peg.2456-MONOMER,0.0,1.0612319623239353e-08
r0082_FWD_g.1274.peg.2456-MONOMER,0.0,-3.0084797241840654e-07
r0120_REV_g.1274.peg.2277-MONOMER,0.0,-7.073825714966491e-08
r0120_FWD_g.1274.peg.2277-MONOMER,0.0,-1.7965469658261818e-07
r0120_REV_g.1274.peg.5260-MONOMER_mod_zn2(1),0.0,-5.295621203292082e-08
r0120_FWD_g.1274.peg.5260-MONOMER_mod_zn2(1),0.0,-1.618726514658741e-07
r0127_REV_398578.3.peg.563-MONOMER,0.0,-1.228976438427286e-07
r0127_FWD_398578.3.peg.563-MONOMER,0.0,-3.1309274862626664e-07
r0127_REV_398578.3.peg.3553-MONOMER,0.0,-1.0709404014914096e-07
r0127_FWD_398578.3.peg.3553-MONOMER,0.0,-2.97289144932679e-07
r0127_REV_398578.3.peg.889-MONOMER,0.0,-7.758567507100533e-08
r0127_FWD_398578.3.peg.889-MONOMER,0.0,-2.677807798545434e-07
r0163c_REV_g.1274.peg.2951-MONOMER,0.0,-3.127673658233133e-07
r0163c_FWD_g.1274.peg.2951-MONOMER,1.811865225645345e-22,-3.591033563647659e-39
r0220_REV_g.1274.peg.504-MONOMER,1.2570635535207418e-22,1.108558343966935e-36
r0220_FWD_g.1274.peg.504-MONOMER,0.0,-3.503761330203497e-07
r0220_REV_g.1274.peg.1804-MONOMER,0.0,-5.571898132864006e-09
r0220_FWD_g.1274.peg.1804-MONOMER,0.0,-3.559480311532137e-07
r0318i_REV_g.1274.peg.504-MONOMER,0.0,-3.018164368258766e-07
r0318i_FWD_g.1274.peg.504-MONOMER,0.0,-4.8559696194473135e-08
r0318i_REV_g.1274.peg.1804-MONOMER,0.0,-3.0738833495874055e-07
r0318i_FWD_g.1274.peg.1804-MONOMER,0.0,-5.413159432733714e-08
r0339_REV_g.1274.peg.3823-MONOMER_mod_zn2(1),0.0,2.997357690943636e-08
r0339_FWD_g.1274.peg.3823-MONOMER_mod_zn2(1),0.0,-5.324100774825682e-07
r0339_REV_g.1274.peg.1802-MONOMER,0.0,6.652740237624889e-08
r0339_FWD_g.1274.peg.1802-MONOMER,0.0,-4.958562520157558e-07
r0339_REV_g.1274.peg.3823-MONOMER_mod_mg2(1),0.0,2.922491540243585e-08
r0339_FWD_g.1274.peg.3823-MONOMER_mod_mg2(1),0.0,-5.331587389895688e-07
r0345_REV_g.1274.peg.2866-MONOMER,-7.089657072785488e-23,2.9785411545712973e-40
r0345_FWD_g.1274.peg.2866-MONOMER,0.0,-2.4099901082307103e-07
r0422_REV_g.1274.peg.2149-MONOMER,0.0,-1.0772860941842121e-39
r0422_FWD_g.1274.peg.2149-MONOMER,0.0,-2.6919381058554916e-07
r0422_REV_g.1274.peg.2456-MONOMER,0.0,-1.0520921104809016e-08
r0422_FWD_g.1274.peg.2456-MONOMER,0.0,-2.797147316903582e-07
r0456_REV_CPLX_dummy,0.0,5.834436327269873e-07
r0456_FWD_CPLX_dummy,0.0,-8.609908889913649e-07
r0502_REV_g.1274.peg.3558-MONOMER,0.0,-3.8296832347376014e-07
r0502_FWD_g.1274.peg.3558-MONOMER,0.0,-1.1521062709135951e-39
r0502_REV_CPLX_r0502-0,0.0,-4.2325897854389636e-07
r0502_FWD_CPLX_r0502-0,0.0,-4.029065507013626e-08
r0527_REV_g.1274.peg.2931-MONOMER,0.00010055414676806455,8.878034670598522e-40
r0527_FWD_g.1274.peg.2931-MONOMER,0.0,-2.972121783621028e-07
r0556ci_REV_g.1274.peg.2800-MONOMER,0.0,5.789788542690673e-08
r0556ci_FWD_g.1274.peg.2800-MONOMER,0.0,-5.381970736961503e-07
r0671_REV_g.1274.peg.4206-MONOMER_mod_fmn(1),0.0,-2.0583848675589083e-07
r0671_FWD_g.1274.peg.4206-MONOMER_mod_fmn(1),0.0,-4.7104168108847156e-07
r0671_REV_g.1274.peg.4206-MONOMER_mod_mg2(1),0.0,-2.0851327546850287e-07
r0671_FWD_g.1274.peg.4206-MONOMER_mod_mg2(1),0.0,-4.737164698010836e-07
r0708_REV_g.1274.peg.2277-MONOMER,0.0,-2.32610908615539e-07
r0708_FWD_g.1274.peg.2277-MONOMER,0.0,-1.7782045116744097e-08
r0708_REV_g.1274.peg.5260-MONOMER_mod_zn2(1),0.0,-2.1482886349879492e-07
r0708_FWD_g.1274.peg.5260-MONOMER_mod_zn2(1),0.0,2.3710612684018407e-40
r0739_REV_g.1274.peg.1094-MONOMER,0.0,-3.4824575505148353e-07
r0739_FWD_g.1274.peg.1094-MONOMER,0.0,-9.545183587223004e-40
r0739_REV_g.1274.peg.1875-MONOMER,0.0,-3.9984701255433736e-07
r0739_FWD_g.1274.peg.1875-MONOMER,0.0,-5.16012575028538e-08
r0739_REV_g.1274.peg.2784-MONOMER,0.0,-3.698249096569305e-07
r0739_FWD_g.1274.peg.2784-MONOMER,0.0,-2.157915460544697e-08
r0739_REV_g.1274.peg.5653-MONOMER,0.0,-3.511245285750631e-07
r0739_FWD_g.1274.peg.5653-MONOMER,0.0,-2.878773523579582e-09
r0739_REV_g.1274.peg.3926-MONOMER,0.0,-3.67574898909748e-07
r0739_FWD_g.1274.peg.3926-MONOMER,0.0,-1.9329143858264465e-08
r0739_REV_g.1274.peg.4424-MONOMER,0.0,-3.6180395614324675e-07
r0739_FWD_g.1274.peg.4424-MONOMER,0.0,-1.3558201091763224e-08
r0739_REV_g.1274.peg.2812-MONOMER,0.0,-3.700923566235827e-07
r0739_FWD_g.1274.peg.2812-MONOMER,0.0,-2.1846601572099187e-08
r0775_REV_g.1274.peg.2277-MONOMER,0.0,-2.32610908615539e-07
r0775_FWD_g.1274.peg.2277-MONOMER,0.0,-1.7782045116744097e-08
r0775_REV_g.1274.peg.5260-MONOMER_mod_zn2(1),0.0,-2.1482886349879492e-07
r0775_FWD_g.1274.peg.5260-MONOMER_mod_zn2(1),0.0,-9.536741522200421e-40
r0777_REV_g.1274.peg.2277-MONOMER,0.0,-2.32610908615539e-07
r0777_FWD_g.1274.peg.2277-MONOMER,0.0,-1.7782045116744097e-08
r0777_REV_g.1274.peg.5260-MONOMER_mod_zn2(1),0.0,-2.1482886349879492e-07
r0777_FWD_g.1274.peg.5260-MONOMER_mod_zn2(1),0.0,-2.5103818453311903e-40
r0792_REV_g.1274.peg.1582-MONOMER,0.0,-2.2285017217589105e-08
r0792_FWD_g.1274.peg.1582-MONOMER,0.0,-3.067807049532469e-07
r0792_REV_g.1274.peg.5598-MONOMER_mod_fad(1),0.0,-3.6810702894203646e-09
r0792_FWD_g.1274.peg.5598-MONOMER_mod_fad(1),0.0,-2.881767580250782e-07
r1088_REV_CPLX_dummy,0.0,-2.7754725626437756e-07
r1088_FWD_CPLX_dummy,0.967628467779821,-6.185579666482888e-41
r1144_REV_g.1274.peg.4956-MONOMER,0.0,-1.3513343397237305e-07
r1144_FWD_g.1274.peg.4956-MONOMER,0.0,-2.434999427400134e-07
r1315_REV_g.1274.peg.1741-MONOMER,0.0,-1.5972019300831518e-07
r1315_FWD_g.1274.peg.1741-MONOMER,0.0,-9.12934395766332e-42
r1384_REV_g.1274.peg.5763-MONOMER,7.524361428676386e-23,4.591669343535654e-35
r1384_FWD_g.1274.peg.5763-MONOMER,0.0,-4.740230147420731e-08
r2137_REV_g.1274.peg.488-MONOMER,0.0,2.8149866370566123e-41
r2137_FWD_g.1274.peg.488-MONOMER,0.0,-3.5636909853914925e-07
r2137_REV_g.1274.peg.5406-MONOMER,0.0,-7.145980288849153e-08
r2137_FWD_g.1274.peg.5406-MONOMER,0.0,-4.2782890142764075e-07
rtranscription_REV_CPLX_rtranscription-0,0.0,-5.203856834435111e-07
rtranscription_FWD_CPLX_rtranscription-0,0.0,4.128562010132028e-41
dummy_reaction_REV_SPONT,0.0,1.0
dummy_reaction_FWD_SPONT,1.0357083066823853e-07,0.0
GAM,0.0324730289829322,-3.958811112512471e-05
ATPM,1.0,-9.897027781281177e-07
DNA_replication,0.006253077679405729,0.10068249639992978
formation_ribosome,1.072861496386634e-06,7.888609052210118e-31
formation_RNAP_g1274peg260MONOMER,9.599585439536373e-08,0.0
formation_RNA_degradosome,2.0801992908343753e-11,0.0
formation_rRNA_containing_excision_machinery,8.93309294021415e-13,5.8515992120188544e-33
formation_monocistronic_excision_machinery,2.4148435427220787e-12,-1.9178742959726892e-33
g.1274.peg.3399-MONOMER_mod_2fe2s(1)_to_generic_2fe2s_transfer_complex,0.0,-6778.688666891024
g.1274.peg.5058-MONOMER_mod_2fe2s(1)_to_generic_2fe2s_transfer_complex,0.0,0.0
g.1274.peg.3399-MONOMER_2fe2s_unloading,0.0,-1.2343662901294972e-23
g.1274.peg.5058-MONOMER_2fe2s_unloading,0.0,-6.041432101035709e-24
g.1274.peg.3399-MONOMER_mod_4fe4s(1)_to_generic_4fe4s_transfer_complex,0.0,0.0
g.1274.peg.5058-MONOMER_mod_4fe4s(1)_to_generic_4fe4s_transfer_complex,4.1322596326338545e-20,0.0
g.1274.peg.3399-MONOMER_4fe4s_unloading,0.0,-3389.683772972829
g.1274.peg.5058-MONOMER_4fe4s_unloading,0.0,-10168.372439863853
translocation_g.1274.peg.1342_Periplasm,0.0,-6.336310640483044e-34
translocation_g.1274.peg.2808_Inner_Membrane,0.0,1.4169461117226867e-34
translocation_g.1274.peg.4248_Inner_Membrane,1.5088461138437026e-10,0.0
translocation_g.1274.peg.5043_Periplasm,0.0,0.0
translocation_g.1274.peg.1152_Periplasm,0.0,0.0
translocation_g.1274.peg.4808_Inner_Membrane,0.0,-1.35422332982963e-33
translocation_g.1274.peg.5227_Inner_Membrane,-3.9290644759308815e-30,0.0
translocation_g.1274.peg.6029_Inner_Membrane,0.0,-2.6555885711438194e-34
translocation_g.1274.peg.1590_Inner_Membrane,0.0,2.401506826113728e-34
translocation_g.1274.peg.906_Inner_Membrane,0.0,0.0
translocation_g.1274.peg.5856_Periplasm,0.0,0.0
translocation_398578.3.peg.4991_Membrane,0.0,2.073274648499394e-34
translocation_g.1274.peg.131_Inner_Membrane,0.0,2.423981306551881e-34
translocation_g.1274.peg.2527_Periplasm,0.0,2.0993728783431557e-34
translocation_g.1274.peg.2757_Inner_Membrane,0.0,-4.8638066735181894e-34
translocation_g.1274.peg.5274_Inner_Membrane,0.0,-1.1409747643902994e-34
translocation_g.1274.peg.5415_Periplasm,0.0,0.0
translocation_g.1274.peg.2249_Inner_Membrane,0.0,0.0
translocation_g.1274.peg.3491_Inner_Membrane,0.0,0.0
translocation_g.1274.peg.508_Inner_Membrane,0.0,6.216106694958741e-35
translocation_g.1274.peg.5250_Periplasm,0.0,-1.7428590033229538e-34
translocation_g.1274.peg.636_Inner_Membrane,0.0,0.0
translocation_g.1274.peg.2324_Inner_Membrane,2.6372132321446937e-08,-2.532246814126871e-34
translocation_g.1274.peg.4724_Periplasm,0.0,0.0
translocation_g.1274.peg.3689_Outer_Membrane,0.0,-2.6683768476061884e-34
translocation_g.1274.peg.4185_Inner_Membrane,0.0,0.0
translocation_g.1274.peg.1283_Inner_Membrane,0.0,1.1790034022127674e-34
translocation_g.1274.peg.3072_Inner_Membrane,1.7210017531112993e-10,2.2550848789553808e-34
translocation_g.1274.peg.43_Inner_Membrane,0.0,0.0
translocation_g.1274.peg.4602_Inner_Membrane,0.0,2.454956677737912e-34
translocation_g.1274.peg.5616_Inner_Membrane,0.0,0.0
translocation_g.1274.peg.1936_Inner_Membrane,0.0,0.0
translocation_g.1274.peg.6102_Inner_Membrane,3.5460115963336184e-11,0.0
translocation_g.1274.peg.2066_Inner_Membrane,0.0,2.4357611273184137e-34
translocation_g.1274.peg.1204_Inner_Membrane,0.0,0.0
translocation_g.1274.peg.3541_Inner_Membrane,9.210821757821163e-10,2.615628241721527e-34
translocation_g.1274.peg.4442_Inner_Membrane,9.808078696042647e-10,0.0
translocation_398578.3.peg.3972_Inner_Membrane,0.0,0.0
translocation_g.1274.peg.4207_Inner_Membrane,0.0,7.04341097793128e-35
translocation_g.1274.peg.2505_Inner_Membrane,0.0,2.413364001693546e-34
translocation_g.1274.peg.1244_Inner_Membrane,0.0,-1.063143189401602e-34
translocation_g.1274.peg.4017_Inner_Membrane,1.2247706873913698e-09,-4.28248768225029e-34
translocation_g.1274.peg.2520_Inner_Membrane,-1.9034517706929033e-29,0.0
translocation_g.1274.peg.2323_Membrane,0.0,0.0
translocation_g.1274.peg.5801_Inner_Membrane,1.1331011489459906e-10,0.0
translocation_398578.3.peg.5090_Membrane,4.160398581668751e-11,-2.4289631838103376e-34
translocation_g.1274.peg.2283_Inner_Membrane,5.046655738366989e-08,-2.918148119633201e-35
translocation_g.1274.peg.2672_Periplasm,0.0,-0.002439740292599896
translocation_g.1274.peg.2672_Periplasm_alt,0.0,0.0
translocation_g.1274.peg.2699_Inner_Membrane,0.0,-0.002439740292599896
translocation_g.1274.peg.2699_Inner_Membrane_alt,0.0,-9.295595558299893e-35
translocation_g.1274.peg.389_Periplasm,0.0,-0.004581308884104188
translocation_g.1274.peg.389_Periplasm_alt,0.0,0.0
translocation_g.1274.peg.1356_Inner_Membrane,1.8690369197887057e-17,0.0
translocation_398578.3.peg.2417_Inner_Membrane,0.0,0.0
translocation_398578.3.peg.2418_Inner_Membrane,0.0,1.5131331356837774e-35
translocation_g.1274.peg.1072_Inner_Membrane,-3.9351536678590484e-30,4.978147220676232e-34
translocation_g.1274.peg.4948_Inner_Membrane,2.445609726342751e-10,0.0
translocation_g.1274.peg.661_Inner_Membrane,0.0,0.0
translocation_398578.3.peg.3692_Membrane,0.0,-2.272551236507403e-34
translocation_g.1274.peg.2613_Inner_Membrane,0.0,-4.934102497836835e-34
translocation_398578.3.peg.4984_Membrane,0.0,0.0
translocation_g.1274.peg.5662_Periplasm,0.0,0.0
translocation_g.1274.peg.5754_Inner_Membrane,0.0,0.0
translocation_g.1274.peg.5898_Inner_Membrane,0.0,0.0
translocation_g.1274.peg.4662_Inner_Membrane,1.8902039821974892e-08,-3.534433452929834e-34
translocation_g.1274.peg.5095_Periplasm,0.0,0.0
translocation_g.1274.peg.6042_Periplasm,-6.449016045098322e-30,0.0
translocation_g.1274.peg.1850_Membrane,0.0,0.0
translocation_g.1274.peg.1313_Inner_Membrane,2.8639983220791082e-11,0.0
translocation_g.1274.peg.3952_Inner_Membrane,0.0,0.0
translocation_g.1274.peg.5007_Inner_Membrane,0.0,0.0
translocation_g.1274.peg.5215_Inner_Membrane,0.0,-1.007585830662243e-33
translocation_g.1274.peg.1456_Inner_Membrane,0.0,0.0
translocation_g.1274.peg.5774_Inner_Membrane,-3.536965449085678e-30,0.0
translocation_g.1274.peg.3783_Periplasm,0.0,-2.21818766695217e-34
translocation_g.1274.peg.3788_Inner_Membrane,0.0,-1.5585973122834717e-34
translocation_g.1274.peg.3896_Inner_Membrane,0.0,0.0
translocation_g.1274.peg.4507_Inner_Membrane,5.356754938095324e-09,0.0
translocation_g.1274.peg.5080_Inner_Membrane,0.0,2.479849142054027e-34
translocation_g.1274.peg.4567_Inner_Membrane,1.0894838279831578e-10,0.0
translocation_g.1274.peg.3859_Inner_Membrane,7.266523125500848e-10,0.0
translocation_g.1274.peg.2451_Inner_Membrane,0.0,0.0
translocation_g.1274.peg.2992_Inner_Membrane,0.0,0.0
translocation_g.1274.peg.2655_Inner_Membrane,0.0,-2.43484934676379e-34
translocation_g.1274.peg.2276_Inner_Membrane,0.0,-1.2830207882349572e-34
translocation_g.1274.peg.4987_Inner_Membrane,0.0,8.229035622143238e-35
translocation_g.1274.peg.5286_Inner_Membrane,2.742284387523139e-16,2.475472152210122e-34
translocation_398578.3.peg.1817_Membrane,2.6024569082627726e-11,0.0
translocation_g.1274.peg.4173_Inner_Membrane,0.0,0.0
translocation_g.1274.peg.4143_Inner_Membrane,1.261703331605131e-08,0.0
translocation_g.1274.peg.4155_Inner_Membrane,1.261703331605131e-08,0.0
translocation_g.1274.peg.4276_Inner_Membrane,1.261703331605131e-08,0.0
translocation_g.1274.peg.4491_Inner_Membrane,1.261703331605131e-08,0.0
translocation_g.1274.peg.4592_Inner_Membrane,1.261703331605131e-08,2.4035083238112708e-34
translocation_g.1274.peg.4677_Inner_Membrane,1.261703331605131e-08,2.3973561498850777e-34
translocation_g.1274.peg.4819_Inner_Membrane,1.261703331605131e-08,0.0
translocation_g.1274.peg.5261_Inner_Membrane,0.0,0.0
translocation_g.1274.peg.2350_Inner_Membrane,0.0,4.0838055072420785e-34
translocation_g.1274.peg.497_Periplasm,0.0,-1.4749389066911895e-34
translocation_g.1274.peg.5341_Inner_Membrane,0.0,0.0
translocation_g.1274.peg.5963_Periplasm,-2.0854580688819478e-29,6.8492170976960435e-34
translocation_g.1274.peg.5909_Inner_Membrane,0.0,0.0
translocation_g.1274.peg.4728_Inner_Membrane,0.0,0.0
translocation_g.1274.peg.5132_Inner_Membrane,0.0,0.0
translocation_g.1274.peg.5583_Inner_Membrane,6.527968291146112e-10,0.0
translocation_g.1274.peg.2948_Inner_Membrane,5.996878642832569e-10,0.0
translocation_g.1274.peg.4419_Inner_Membrane,2.7542907559342128e-08,0.0
translocation_g.1274.peg.4556_Inner_Membrane,0.0,0.0
translocation_g.1274.peg.4645_Inner_Membrane,0.0,0.0
translocation_g.1274.peg.4707_Periplasm,0.0,-1.8693326875928968e-34
translocation_g.1274.peg.4102_Inner_Membrane,4.2188735863729294e-10,2.318050842087727e-34
translocation_g.1274.peg.4319_Membrane,0.0,0.0
translocation_g.1274.peg.5961_Inner_Membrane,0.0,0.0
translocation_g.1274.peg.5187_Inner_Membrane,0.0,-2.4108021077365e-34
translocation_g.1274.peg.2974_Membrane,0.0,0.0
translocation_g.1274.peg.3448_Periplasm,0.0,-1.5309331832911114e-34
translocation_g.1274.peg.4421_Periplasm,0.0,0.0
translocation_g.1274.peg.4583_Inner_Membrane,0.0,1.214249649044693e-34
translocation_g.1274.peg.4704_Inner_Membrane,0.0,0.0
translocation_398578.3.peg.5656_Membrane,7.058778909622096e-10,0.0
translocation_g.1274.peg.2612_Inner_Membrane,1.0462213992181055e-10,0.0
translocation_g.1274.peg.2396_Inner_Membrane,0.0,2.283645793490453e-34
translocation_g.1274.peg.2454_Inner_Membrane,0.0,0.0
translocation_g.1274.peg.4069_Inner_Membrane,1.4494602886748667e-09,2.7682697987256725e-35
translocation_398578.3.peg.5164_Membrane,2.0154059023571654e-09,-1.2782600812876442e-34
translocation_g.1274.peg.182_Inner_Membrane,0.0,0.0
translocation_g.1274.peg.2150_Membrane,0.0,0.0
translocation_g.1274.peg.1309_Inner_Membrane,1.1821268532321596e-10,0.0
translocation_g.1274.peg.3278_Membrane,9.181318512261108e-09,0.0
translocation_g.1274.peg.3746_Membrane,1.0728681126923074e-06,0.0
translocation_g.1274.peg.4802_Membrane,2.160797174665081e-09,2.3544371941668516e-34
translocation_g.1274.peg.5256_Membrane,1.3386246719230826e-09,-2.009547124938765e-34
translocation_g.1274.peg.54_Membrane,1.7568063005147587e-09,2.9062961749175734e-34
translocation_g.1274.peg.4956_Inner_Membrane,0.0,2.485316874686068e-34
translocation_g.1274.peg.488_Inner_Membrane,0.0,0.0
translocation_g.1274.peg.5406_Inner_Membrane,0.0,2.4481707443844618e-34
translocation_g.1274.peg.1468_Membrane,1.072861496386634e-06,0.0
translocation_g.1274.peg.2098_Membrane,4.4806472762869547e-10,0.0
translocation_g.1274.peg.2749_Inner_Membrane,1.78661858804283e-12,-1.4762296322363207e-34
translocation_g.1274.peg.4063_Membrane,1.072861496386634e-06,2.8236351947001858e-34
translocation_g.1274.peg.4531_Inner_Membrane,9.644058298034899e-11,5.239579746315318e-34
translocation_g.1274.peg.4532_Inner_Membrane,5.484360808176714e-14,0.0
translocation_g.1274.peg.4558_Membrane,1.0968721616353428e-13,1.6381947692050603e-34
translocation_g.1274.peg.4653_Membrane,2.4270296874564536e-08,0.0
translocation_g.1274.peg.4768_Membrane,2.2403236381434748e-10,-7.132330161517861e-35
translocation_g.1274.peg.4793_Inner_Membrane,2.9776976467380467e-13,0.0
translocation_g.1274.peg.4842_Inner_Membrane,2.4270296874564536e-08,0.0
translocation_g.1274.peg.4936_Membrane,6.240597872503126e-11,3.883118146621486e-34
translocation_g.1274.peg.5167_Inner_Membrane,0.0,-2.927429816296101e-35
translocation_g.1274.peg.5248_Periplasm,0.0,-4.490989831736973e-34
translocation_g.1274.peg.58_Inner_Membrane,3.039001988966119e-11,-3.041409816590247e-34
translocation_g.1274.peg.5807_Inner_Membrane,2.8796516615962138e-09,0.0
translocation_g.1274.peg.5814_Membrane,7.43938551749928e-13,-4.33720456558009e-34
translocation_g.1274.peg.5851_Inner_Membrane,1.2628378876138527e-12,-3.29300324488932e-34
biomass_constituent_demand,0.0324730289829322,0.0823694255709959
TS_4fe4s_c,-2.97769805996401e-13,-24424359693.610035
