,fluxes,reduced_costs
biomass_dilution,0.006223871930362527,-1.1518919238458931
protein_biomass_to_biomass,0.002321602067825696,-1.876723743433026e-34
mRNA_biomass_to_biomass,5.823352063587957e-06,-1.6633130379554325e-34
tRNA_biomass_to_biomass,3.584329033572792e-05,0.0
rRNA_biomass_to_biomass,0.00024478301598625463,0.0
ncRNA_biomass_to_biomass,0.0,0.0
tmRNA_biomass_to_biomass,0.0,0.0
DNA_biomass_to_biomass,0.00036916342403323196,0.0
lipid_biomass_to_biomass,0.0,0.0
constituent_biomass_to_biomass,0.0019399745031005663,0.0
prosthetic_group_biomass_to_biomass,7.811138655082525e-07,0.0
peptidoglycan_biomass_to_biomass,0.0,0.0
DM_5MTR,0.0,0.0
DM_atp_c_,0.0,-5.276696267757651e-07
DM_dhptd(c),0.0,0.0
DM_hcys_L[c],0.0,-1.8876997702314258e-08
EX_12dgr180(e),-4.496374037390789e-05,0.0
EX_26dap_M(e),0.0,0.0
EX_2dmmq8(e),-4.9415675965499355e-05,0.0
EX_2obut(e),2.6321185573861255e-06,0.0
EX_3mop(e),-0.0005174875659731506,0.0
EX_Lcyst(e),0.0,0.0
EX_ac(e),0.9644560952545381,0.0
EX_acald(e),0.0,-8.794773124960942e-08
EX_acgam(e),0.0,0.0
EX_ade(e),0.005705138319569914,0.0
EX_ala_L(e),-0.0026052902785426994,0.0
EX_alaasp(e),7.2089111531909e-23,1.8639399141401431e-35
EX_alagln(e),7.2089111531909e-23,1.4253378650885095e-35
EX_alaglu(e),7.2089111531909e-23,-5.9539048581264104e-36
EX_alagly(e),7.2089111531909e-23,7.01555806696231e-36
EX_alahis(e),7.2089111531909e-23,1.8639399141401431e-35
EX_alaleu(e),7.2089111531909e-23,1.0793351591463349e-35
EX_alathr(e),7.2089111531909e-23,1.8639466067784135e-35
EX_amp(e),-0.006496801117594589,0.0
EX_arab_L(e),0.0,0.0
EX_arbt(e),0.0,0.0
EX_arg_L(e),-0.0010394681632288718,0.0
EX_asn_L(e),-0.002072879359458811,0.0
EX_asp_L(e),-0.011524055319977253,0.0
EX_biomass(e),0.0,0.0
EX_btn(e),0.0,0.0
EX_but(e),0.3561148220268812,0.0
EX_butso3(e),0.0,0.0
EX_ca2(e),0.0,0.0
EX_cd2(e),0.0,-833.238321917765
EX_cgly(e),-4.9415675965499355e-05,0.0
EX_chol(e),0.0,0.0
EX_chols(e),0.0,0.0
EX_cl(e),0.0,0.0
EX_co2(e),1.3424368684173493,0.0
EX_cobalt2(e),-4.941567833630699e-05,0.0
EX_crn(e),0.0,0.0
EX_cro4(e),0.0,0.0
EX_csn(e),-0.0005334271041378419,0.0
EX_cu2(e),0.0,0.0
EX_cys_L(e),-0.0003725995105124706,0.0
EX_cytd(e),0.0,-5.388940789758226e-07
EX_dad_2(e),0.0,0.0
EX_dcyt(e),-0.00018249816430136506,0.0
EX_dgsn(e),-0.00018249816430136506,0.0
EX_drib(e),0.0,0.0
EX_ethso3(e),0.0,0.0
EX_fe2(e),0.0,-32386378.974503506
EX_fe3(e),-3.77239909477504e-12,-32386378.97450351
EX_fol(e),-0.00014824702789649805,0.0
EX_for(e),0.00013164485926722732,0.0
EX_fru(e),6.953388448472769e-36,4.571094200829412e-36
EX_fum(e),-0.6056299443706099,-5.9499719897805186e-36
EX_galt(e),0.0,0.0
EX_gam(e),0.0,0.0
EX_glc_D(e),-0.000132338229485206,0.0
EX_gln_L(e),-0.18,-1.7708213663278487e-09
EX_glu_L(e),-0.18,-2.138508271609261e-07
EX_glutar(e),0.0,-2.1202085898631135e-07
EX_gly(e),-0.0015369912587629246,0.0
EX_glyasn(e),7.2089111531909e-23,-6.160372748768707e-36
EX_glyasp(e),7.2089111531909e-23,-6.160372748768707e-36
EX_glyc(e),0.00016033503195964817,0.0
EX_glyc3p(e),4.907489224152148e-37,0.0
EX_glycys(e),0.0,0.0
EX_glygln(e),7.2089111531909e-23,-1.7741849422956104e-36
EX_glyglu(e),7.2089111531909e-23,2.1419454152549033e-36
EX_glyleu(e),0.0,-1.7500329282365952e-07
EX_glymet(e),7.2089111531909e-23,-6.160339285577355e-36
EX_glyphe(e),7.2089111531909e-23,-6.160372748768707e-36
EX_glypro(e),7.2089111531909e-23,-1.7741180159129062e-36
EX_glytyr(e),7.2089111531909e-23,-1.7741849422956104e-36
EX_gua(e),-0.0001915385838828627,0.0
EX_h(e),-0.4201239217724287,0.0
EX_h2o(e),-1.072268982834236,0.0
EX_hexs(e),0.0,0.0
EX_hg2(e),0.0,0.0
EX_his_L(e),-0.0008456631281701304,0.0
EX_hxan(e),0.0,0.0
EX_ile_L(e),-0.00223891613817314,0.0
EX_isetac(e),0.0,0.0
EX_k(e),-2.376492927034776e-11,0.0
EX_leu_L(e),-0.003674839817610349,0.0
EX_lys_L(e),-0.0031898862539348673,0.0
EX_malt(e),0.0,0.0
EX_man(e),0.0,0.0
EX_met_D(e),0.0,0.0
EX_met_L(e),-0.0010881085084727524,0.0
EX_metala(e),7.2089111531909e-23,1.8639399141401431e-35
EX_metsox_R_L(e),0.0,0.0
EX_metsox_S_L(e),0.0,0.0
EX_mg2(e),-3.01458918975283e-05,0.0
EX_mn2(e),-1.4544012071958546e-11,0.0
EX_mnl(e),0.0,0.0
EX_mops(e),0.0,0.0
EX_mqn8(e),-4.9415675965499355e-05,0.0
EX_mso3(e),0.0,0.0
EX_na1(e),0.0,0.0
EX_nac(e),-4.9415675965499355e-05,0.0
EX_nh4(e),1.5112849178150587,0.0
EX_no3(e),0.0,0.0
EX_o2(e),0.0,-6.723775256188805e-07
EX_orn(e),0.0,0.0
EX_pb(e),0.0,0.0
EX_phe_L(e),-0.0016327573984708777,0.0
EX_pheme(e),-4.9415675965499355e-05,0.0
EX_pi(e),7.714181677271262e-37,0.0
EX_pnto_R(e),-4.941659106432384e-05,0.0
EX_ppa(e),0.0,0.0
EX_pro_L(e),-0.0007928835005068832,0.0
EX_ptrc(e),-4.9415675965499355e-05,0.0
EX_pydam(e),0.0,0.0
EX_pydx(e),-4.9415675965499355e-05,0.0
EX_pydxn(e),0.0,0.0
EX_q8(e),0.0,0.0
EX_rib_D(e),0.0,0.0
EX_ribflv(e),-9.883135209870432e-05,0.0
EX_salcn(e),0.0,0.0
EX_sbt_D(e),4.213716147970312e-23,0.0
EX_ser_L(e),-0.9673585403527851,-3.375458556286342e-36
EX_sheme(e),-4.9415675965499355e-05,0.0
EX_so4(e),0.0,0.0
EX_spmd(e),-4.9415675965499355e-05,0.0
EX_succ(e),0.6056299443706099,0.0
EX_sucr(e),0.0,0.0
EX_sulfac(e),0.0,0.0
EX_taur(e),0.0,0.0
EX_thm(e),-4.942514441074858e-05,0.0
EX_thr_L(e),-0.0010777368612320648,0.0
EX_thymd(e),-0.0004171001347014423,0.0
EX_tre(e),0.0,0.0
EX_trp_L(e),-0.00025418078800240157,0.0
EX_tyr_L(e),-0.0013717139355861065,0.0
EX_ura(e),0.0,0.0
EX_val_L(e),-0.0016880435927757115,0.0
EX_zn2(e),-6.907382611322028e-08,0.0
translation_g.29655.CDS.7,1.7547477789966041e-07,2.767088031269734e-33
transcription_TU_g.29655.CDS.7,6.709958970342497e-08,-6.7043364801784835e-34
translation_g.29655.CDS.10,8.803917404694839e-12,6.787193432134125e-33
transcription_TU_g.29655.CDS.10,3.3665194092775024e-12,-8.279297531106125e-33
translation_g.29655.CDS.13,5.1851813014891564e-14,3.4544326810255897e-32
transcription_TU_g.29655.CDS.13,1.9827552542436742e-14,-4.179066483754863e-32
translation_1122949.3.peg.20,4.965366723341145e-11,-1.7650210919924468e-32
transcription_TU_1122949.3.peg.20,1.8987006215431446e-11,-2.4864276805389925e-32
translation_g.29655.CDS.26,0.0,-5.693317826320857e-33
transcription_TU_g.29655.CDS.26,0.0,-5.242345659792667e-32
translation_g.29655.CDS.32,0.0,-7.344904516042262e-32
transcription_TU_g.29655.CDS.32,0.0,-2.4864276805389925e-32
translation_g.29655.CDS.33,5.5592103983749305e-11,-1.0267700595801373e-31
transcription_TU_g.29655.CDS.33,2.125779791664825e-11,-8.666638168559443e-32
translation_g.29655.CDS.34,2.218999208113069e-05,-3.6914094147348814e-32
transcription_TU_g.29655.CDS.34,8.485204437856706e-06,3.446514311149117e-32
translation_g.29655.CDS.39,4.667227580256924e-15,-1.1064826799896956e-31
transcription_TU_g.29655.CDS.39,1.7846955524675127e-15,1.7365895937403633e-31
translation_g.29655.CDS.44,0.0,-5.329946614067979e-32
transcription_TU_g.29655.CDS.44,0.0,-5.993852780654857e-32
translation_g.29655.CDS.51,8.059951805133481e-11,-1.366457982108405e-32
transcription_TU_g.29655.CDS.51,3.082035296623006e-11,6.341674807098248e-32
translation_g.29655.CDS.55,0.0,8.19905645911985e-32
transcription_TU_g.29655.CDS.55,-1.857947272632183e-38,6.164116874414081e-32
translation_g.29655.CDS.60,2.1450546984325535e-30,-1.8391024557379739e-32
transcription_TU_g.29655.CDS.60,0.0,-0.01617967084253781
translation_g.29655.CDS.72,1.3907694361219773e-12,-1.0840219116215632e-31
transcription_TU_g.29655.CDS.72,5.318146553757739e-13,1.0082787725973434e-31
translation_g.29655.CDS.78,1.7547457049240837e-07,-6.072077228092883e-32
transcription_TU_g.29655.CDS.78,6.70995103932148e-08,4.36117634184718e-33
translation_g.29655.CDS.79,-2.7220148848706418e-30,-2.2736172404223335e-32
transcription_TU_g.29655.CDS.79,-1.0408680197139397e-30,-3.5649626553402257e-32
translation_g.29655.CDS.80,0.0,-1.6013574449648733e-32
transcription_TU_g.29655.CDS.80,0.0,-0.021108235203993735
translation_g.29655.CDS.85,-1.9167885645465107e-31,8.47781465940564e-33
transcription_TU_g.29655.CDS.85,0.0,-0.039740567372423236
translation_g.29655.CDS.86,5.8764282956776415e-31,2.972928861557703e-32
transcription_TU_g.29655.CDS.86,2.2470803626663525e-31,-2.1086104676625677e-32
translation_g.29655.CDS.87,1.7547477789966041e-07,2.566845151078929e-32
transcription_TU_g.29655.CDS.87,6.709958970342497e-08,-5.255483632760554e-33
translation_g.29655.CDS.88,0.0,6.706423033525219e-33
transcription_TU_g.29655.CDS.88,0.0,2.950558063352398e-32
translation_g.29655.CDS.91,0.0,-4.467359451276059e-33
transcription_TU_g.29655.CDS.91,0.0,-6.251722293470178e-32
translation_g.29655.CDS.94,5.892586747445409e-13,-8.274885085479928e-32
transcription_TU_g.29655.CDS.94,2.2532591736432773e-13,-3.0893422930140576e-32
translation_g.29655.CDS.96,6.672309379745334e-35,-6.357589712009373e-33
transcription_TU_g.29655.CDS.96,0.0,-0.036802142443193686
translation_g.29655.CDS.98,3.3809568165540465e-12,8.863453612608617e-32
transcription_TU_g.29655.CDS.98,1.2928400190111504e-12,5.567449405039288e-32
translation_g.29655.CDS.103,-1.9391743726023594e-29,-6.69755990302969e-32
transcription_TU_g.29655.CDS.103,-7.415185608009062e-30,2.8679698932686037e-32
translation_1122949.3.peg.110,0.0,9.117965821141694e-32
transcription_TU_1122949.3.peg.110,0.0,-2.2955302372000394e-32
translation_g.29655.CDS.115,0.0,6.604804052248475e-32
transcription_TU_g.29655.CDS.115,0.0,-0.028117366388658915
translation_g.29655.CDS.117,8.180755192015049e-12,-2.806699366214548e-34
transcription_TU_g.29655.CDS.117,3.1282291587356135e-12,2.1909915990552602e-32
translation_g.29655.CDS.118,0.0,-4.1009876325103787e-32
transcription_TU_g.29655.CDS.118,0.0,-6.342187381480112e-33
translation_g.29655.CDS.125,8.682269871957806e-13,-7.605546531111307e-33
transcription_TU_g.29655.CDS.125,3.320002755244429e-13,2.576432484965395e-31
translation_g.29655.CDS.127,0.0,1.3570565421725198e-32
transcription_TU_g.29655.CDS.127,0.0,-0.014114787551815942
translation_g.29655.CDS.131,3.013992266396164e-11,-4.4872462605236745e-32
transcription_TU_g.29655.CDS.131,1.152516885133894e-11,6.871339379041894e-32
translation_g.29655.CDS.132,-2.5469547362380537e-31,-1.6179719935722246e-31
transcription_TU_g.29655.CDS.132,0.0,-0.09036050035030364
translation_g.29655.CDS.137,0.0,-2.4054481030170988e-32
transcription_TU_g.29655.CDS.137,0.0,-0.03813226574885722
translation_1122949.3.peg.138,0.0,8.034966738912771e-33
transcription_TU_1122949.3.peg.138,0.0,-0.019861465582879784
translation_1122949.3.peg.139,0.0,-1.1443862008934826e-31
transcription_TU_1122949.3.peg.139,0.0,-0.028294429508521672
translation_1122949.3.peg.140,0.0,3.671434801953822e-33
transcription_TU_1122949.3.peg.140,0.0,-0.03279701693774696
translation_g.29655.CDS.141,0.0,1.0227253020584886e-31
transcription_TU_g.29655.CDS.141,0.0,1.1516428739482276e-31
translation_g.29655.CDS.149,1.7547477789966041e-07,-7.121997743540525e-34
transcription_TU_g.29655.CDS.149,6.709958970342497e-08,-1.255785813490047e-32
translation_1122949.3.peg.154,0.0,2.5134797714572006e-32
transcription_TU_1122949.3.peg.154,0.0,1.829134096489129e-32
translation_g.29655.CDS.156,4.822487825227441e-12,-4.1531290868883124e-32
transcription_TU_g.29655.CDS.156,1.844065331187119e-12,1.2139841922691987e-31
translation_g.29655.CDS.160,0.0,-1.6438430734720544e-32
transcription_TU_g.29655.CDS.160,0.0,-0.025888655688847764
translation_g.29655.CDS.163,7.438469517396278e-13,-5.250469965218518e-33
transcription_TU_g.29655.CDS.163,2.844387430563545e-13,1.230326716654359e-32
translation_g.29655.CDS.167,2.6623681496671756e-12,-3.9571181539976807e-32
transcription_TU_g.29655.CDS.167,1.018059761182806e-12,-6.074447992085461e-32
translation_g.29655.CDS.175,9.334455160513849e-15,-1.4550275695889397e-32
transcription_TU_g.29655.CDS.175,3.5693911049350255e-15,-4.7202565574730203e-32
translation_g.29655.CDS.176,1.7547477789966041e-07,-3.7340640888142114e-33
transcription_TU_g.29655.CDS.176,6.709958970342497e-08,-1.244397484691384e-32
translation_g.29655.CDS.179,4.754635139311699e-43,1.9549011889752063e-32
transcription_TU_g.29655.CDS.179,-9.471232401589218e-44,-2.6804998201759154e-32
translation_1122949.3.peg.181,1.7154827178102409e-12,-6.167470509893256e-33
transcription_TU_1122949.3.peg.181,6.559813774159863e-13,-3.7621656995619234e-32
translation_g.29655.CDS.184,-2.5469547362380537e-31,-1.4917603445464311e-31
transcription_TU_g.29655.CDS.184,0.0,-0.056864464424956754
translation_1122949.3.peg.187,0.0,-2.4054480994077407e-32
transcription_TU_1122949.3.peg.187,0.0,-4.517777789459736e-32
translation_g.29655.CDS.190,-2.5469547362380537e-31,1.0169729563848176e-31
transcription_TU_g.29655.CDS.190,0.0,-0.04557247140927942
translation_1122949.3.peg.192,0.0,-1.1007492583531325e-32
transcription_TU_1122949.3.peg.192,0.0,-0.033344002779856136
translation_g.29655.CDS.193,9.468445249230162e-09,1.982620381163825e-31
transcription_TU_g.29655.CDS.193,3.62062741413458e-09,2.942438293593312e-31
translation_g.29655.CDS.194,1.7547477789966041e-07,-2.9442589438916305e-33
transcription_TU_g.29655.CDS.194,6.709958970342497e-08,-6.522635046636209e-33
translation_g.29655.CDS.198,1.0097373054941482e-13,-5.69331790055902e-33
transcription_TU_g.29655.CDS.198,3.8611223628755097e-14,4.286527731993785e-32
translation_g.29655.CDS.202,0.0,2.277944247629709e-33
transcription_TU_g.29655.CDS.202,0.0,-0.031144143057983794
translation_g.29655.CDS.207,4.436128476005791e-30,-2.22245936483884e-31
transcription_TU_g.29655.CDS.207,1.696325843374921e-30,1.1641889145642272e-31
translation_g.29655.CDS.209,0.0,-2.0307298252337068e-32
transcription_TU_g.29655.CDS.209,0.0,6.885633288468855e-32
translation_g.29655.CDS.210,1.3907694361219773e-12,1.0913478078589308e-32
transcription_TU_g.29655.CDS.210,5.318146553757739e-13,-1.459253426075995e-32
translation_g.29655.CDS.213,3.1201472081021567e-12,4.0198911322267197e-32
transcription_TU_g.29655.CDS.213,1.1931093458779457e-12,-3.1284894091442084e-32
translation_g.29655.CDS.221,0.0,1.4497589897778646e-32
transcription_TU_g.29655.CDS.221,0.0,-5.691631373317167e-32
translation_1122949.3.peg.223,7.691927298764442e-09,5.750608391797236e-33
transcription_TU_1122949.3.peg.223,2.9413068473624026e-09,6.583948670668173e-32
translation_g.29655.CDS.224,0.0,-1.8183988445318228e-33
transcription_TU_g.29655.CDS.224,0.0,-1.3751749582392878e-32
translation_g.29655.CDS.227,1.377371781854643e-10,7.313360674555115e-32
transcription_TU_g.29655.CDS.227,5.2669154244132975e-11,-3.7876751370979655e-32
translation_1122949.3.peg.236,2.029352208175286e-10,-6.005671019452498e-34
transcription_TU_1122949.3.peg.236,7.760015551076225e-11,3.446514311149117e-32
translation_g.29655.CDS.242,0.0,-1.7076867695487306e-33
transcription_TU_g.29655.CDS.242,0.0,4.047115133927762e-32
translation_g.29655.CDS.254,0.0,-3.5606508607122677e-32
transcription_TU_g.29655.CDS.254,0.0,-0.040283747855409655
translation_g.29655.CDS.262,1.7547477789966041e-07,6.497130343628441e-33
transcription_TU_g.29655.CDS.262,6.709958970342497e-08,-2.9711746226168055e-32
translation_g.29655.CDS.263,-3.1623945711215905e-45,-2.6843125891007777e-34
transcription_TU_g.29655.CDS.263,-3.310258035094916e-45,5.123809457475841e-32
translation_g.29655.CDS.272,0.0,5.833628026624815e-32
transcription_TU_g.29655.CDS.272,0.0,5.178205546964543e-32
translation_g.29655.CDS.292,-2.055192721919547e-30,2.9446051087623544e-32
transcription_TU_g.29655.CDS.292,0.0,-0.01381535900189498
translation_g.29655.CDS.297,1.8668910321027717e-14,1.2020597710723445e-32
transcription_TU_g.29655.CDS.297,7.138782209870059e-15,1.3398344818720794e-31
translation_g.29655.CDS.298,-4.1053228084400756e-32,1.8126137339918292e-31
transcription_TU_g.29655.CDS.298,0.0,-0.054216149418413025
translation_g.29655.CDS.305,1.857393029335567e-30,1.5633646971161809e-31
transcription_TU_g.29655.CDS.305,7.102462911090502e-31,2.295503769599875e-31
translation_g.29655.CDS.309,0.0,7.592118848115166e-33
transcription_TU_g.29655.CDS.309,0.0,-0.014041136333414875
translation_g.29655.CDS.311,0.0,2.752027390926131e-32
transcription_TU_g.29655.CDS.311,0.0,-6.416627029935811e-32
translation_g.29655.CDS.315,0.0,4.5590590897413885e-32
transcription_TU_g.29655.CDS.315,0.0,-4.3772123210840274e-32
translation_g.29655.CDS.317,0.0,4.239397142182138e-32
transcription_TU_g.29655.CDS.317,0.0,-0.02613204529493142
translation_g.29655.CDS.318,7.519310139667782e-13,-2.69500166439964e-32
transcription_TU_g.29655.CDS.318,2.8752999790831346e-13,2.7213855951973363e-32
translation_g.29655.CDS.324,4.6672275802569245e-15,9.7047392759536e-32
transcription_TU_g.29655.CDS.324,1.7846955524675127e-15,1.0661106029765893e-32
translation_g.29655.CDS.328,-2.5469547362380537e-31,2.831310089561879e-32
transcription_TU_g.29655.CDS.328,0.0,-0.035831654126402976
translation_g.29655.CDS.337,4.013630805597361e-11,-1.745354046362355e-33
transcription_TU_g.29655.CDS.337,1.5347674662999597e-11,-5.304252124115454e-32
translation_g.29655.CDS.344,0.0,-4.397291631899659e-32
transcription_TU_g.29655.CDS.344,0.0,-1.058027716529133e-31
translation_g.29655.CDS.346,1.3661182685138215e-19,5.187690792787561e-32
transcription_TU_g.29655.CDS.346,5.2238832498222055e-20,3.4163221285117415e-32
translation_1122949.3.peg.348,0.0,7.36311075945268e-32
transcription_TU_1122949.3.peg.348,0.0,-3.5854733529435813e-32
translation_g.29655.CDS.359,0.0,-1.4993123582562657e-32
transcription_TU_g.29655.CDS.359,0.0,-3.0373375000746606e-32
translation_g.29655.CDS.365,9.334455160513858e-15,7.379787854215387e-32
transcription_TU_g.29655.CDS.365,3.5693911049350294e-15,2.7625608607003186e-32
translation_g.29655.CDS.377,1.5038620279335564e-12,3.67182621172067e-32
transcription_TU_g.29655.CDS.377,5.750599958166269e-13,6.559311571230048e-32
translation_g.29655.CDS.384,1.4467761670850603e-12,2.7188138030756796e-32
transcription_TU_g.29655.CDS.384,5.532310020053841e-13,8.060665019994636e-32
translation_g.29655.CDS.387,0.0,6.985232377718752e-32
transcription_TU_g.29655.CDS.387,0.0,-0.02096867869397026
translation_g.29655.CDS.392,-2.5469547362380537e-31,-7.544186070324389e-32
transcription_TU_g.29655.CDS.392,0.0,-0.05243769835851583
translation_g.29655.CDS.393,0.0,-1.3664579953063006e-32
transcription_TU_g.29655.CDS.393,0.0,3.572433374158265e-33
translation_g.29655.CDS.395,0.0,-2.051434353590664e-32
transcription_TU_g.29655.CDS.395,0.0,-2.474955891156494e-32
translation_1122949.3.peg.400,0.0,-1.3773863607882038e-32
transcription_TU_1122949.3.peg.400,0.0,-0.014144644263482116
translation_1122949.3.peg.401,0.0,-5.89288389860504e-32
transcription_TU_1122949.3.peg.401,0.0,-8.493870732979904e-33
translation_g.29655.CDS.408,2.7854914617981203e-11,-5.418516189835381e-32
transcription_TU_g.29655.CDS.408,1.0651407367269791e-11,6.393392422161053e-32
translation_g.29655.CDS.410,0.0,-5.440658580415892e-32
transcription_TU_g.29655.CDS.410,0.0,-0.01831374190535822
translation_g.29655.CDS.413,1.4793245095162116e-08,5.560293253256538e-32
transcription_TU_g.29655.CDS.413,5.656771236007376e-09,1.5258133301894736e-32
translation_g.29655.CDS.415,-6.713373282994473e-31,5.380447957208908e-32
transcription_TU_g.29655.CDS.415,-2.5671187518039416e-31,-5.673187968510089e-33
translation_g.29655.CDS.421,5.975752394783504e-11,-1.5980438383131102e-31
transcription_TU_g.29655.CDS.421,2.285060785707416e-11,-1.459428193790432e-32
translation_g.29655.CDS.423,8.88925873258578e-16,1.357056534418756e-32
transcription_TU_g.29655.CDS.423,3.3991529772168334e-16,-2.3918557425908194e-32
translation_1122949.3.peg.427,-1.8369743797551554e-43,-1.745354046362355e-33
transcription_TU_1122949.3.peg.427,2.311200253659159e-43,-5.304252124115454e-32
translation_g.29655.CDS.431,1.3547146112721972e-13,-3.6440951618913745e-32
transcription_TU_g.29655.CDS.431,5.1802769417709685e-14,1.090744302291377e-32
translation_g.29655.CDS.432,1.0089058970542832e-11,-1.6312522514676843e-32
transcription_TU_g.29655.CDS.432,3.857943150121481e-12,-3.7503843732715297e-32
translation_g.29655.CDS.437,0.0,1.1533216853147742e-32
transcription_TU_g.29655.CDS.437,0.0,-0.015214246958009455
translation_g.29655.CDS.438,0.0,4.512347755031898e-32
transcription_TU_g.29655.CDS.438,0.0,-3.676153778136425e-33
translation_g.29655.CDS.439,0.0,-5.693317905508231e-33
transcription_TU_g.29655.CDS.439,0.0,5.269276581921303e-32
translation_g.29655.CDS.440,0.0,-5.675404087939254e-33
transcription_TU_g.29655.CDS.440,0.0,-0.029492715933808793
translation_g.29655.CDS.442,1.3661182685138215e-19,1.6136723091496114e-33
transcription_TU_g.29655.CDS.442,5.2238832498222055e-20,-6.677693901972207e-33
translation_g.29655.CDS.446,0.0,6.263575264808149e-33
transcription_TU_g.29655.CDS.446,0.0,4.679756989125874e-32
translation_g.29655.CDS.453,6.9226500115041365e-12,1.9545106957352412e-32
transcription_TU_g.29655.CDS.453,2.6471438288296396e-12,9.892118571213677e-32
translation_g.29655.CDS.455,1.7547482975147343e-07,-2.5504857217731875e-32
transcription_TU_g.29655.CDS.455,6.709960953097752e-08,-4.444104857320914e-32
translation_g.29655.CDS.456,7.519310139667782e-13,1.2795581546839913e-32
transcription_TU_g.29655.CDS.456,2.8752999790831346e-13,-6.100831268193688e-32
translation_g.29655.CDS.464,-3.3242011414109525e-43,8.773933421139593e-32
transcription_TU_g.29655.CDS.464,3.974010117131927e-43,1.3192926016182758e-31
translation_g.29655.CDS.466,0.0,3.1636399401391223e-33
transcription_TU_g.29655.CDS.466,0.0,1.6486826320348923e-32
translation_g.29655.CDS.469,-1.7734410512368316e-44,-1.4372293662552816e-33
transcription_TU_g.29655.CDS.469,-2.1304145675241508e-45,2.9928077911500394e-33
translation_1122949.3.peg.483,0.0,-1.2778884108777793e-32
transcription_TU_1122949.3.peg.483,0.0,-0.029332652161738
translation_g.29655.CDS.485,0.0,-5.086380271737178e-32
transcription_TU_g.29655.CDS.485,0.0,8.614910626490182e-33
translation_g.29655.CDS.495,0.0,4.190850289368463e-32
transcription_TU_g.29655.CDS.495,0.0,1.5084828317241711e-33
translation_g.29655.CDS.497,1.45073282505916e-12,-2.3628657438268312e-32
transcription_TU_g.29655.CDS.497,5.547439836990306e-13,-2.88245151280403e-32
translation_g.29655.CDS.498,-3.046082918431663e-44,1.831618071768607e-33
transcription_TU_g.29655.CDS.498,-1.1647880915964638e-44,-3.501841590311885e-33
translation_g.29655.CDS.507,0.0,-6.235556474970811e-32
transcription_TU_g.29655.CDS.507,0.0,-0.03319718351946601
translation_g.29655.CDS.511,1.0370362602978324e-13,1.4914109531046612e-32
transcription_TU_g.29655.CDS.511,3.965510508487353e-14,1.3336723751831996e-32
translation_1122949.3.peg.516,0.0,3.4162992385057226e-32
transcription_TU_1122949.3.peg.516,0.0,-7.670769977127823e-32
translation_1122949.3.peg.519,0.0,-1.6438430734720544e-32
transcription_TU_1122949.3.peg.519,0.0,-0.025888655688847764
translation_g.29655.CDS.521,1.7547457049240837e-07,2.5616119689687014e-32
transcription_TU_g.29655.CDS.521,6.70995103932148e-08,-4.7242847633258836e-32
translation_1122949.3.peg.528,0.0,1.5237114412454038e-31
transcription_TU_1122949.3.peg.528,0.0,-0.09676656201827755
translation_g.29655.CDS.535,-1.6681496765815364e-30,2.478202320733811e-32
transcription_TU_g.29655.CDS.535,-6.378817525909153e-31,1.528861355957764e-32
translation_g.29655.CDS.537,0.0,-1.4862629313828302e-33
transcription_TU_g.29655.CDS.537,0.0,-0.027193546204644693
translation_g.29655.CDS.542,0.0,-1.9731297541564256e-31
transcription_TU_g.29655.CDS.542,0.0,-7.669443691929501e-32
translation_g.29655.CDS.543,1.3661182685138215e-19,4.1903869990395435e-32
transcription_TU_g.29655.CDS.543,5.2238832498222055e-20,-1.1939826306477643e-32
translation_g.29655.CDS.551,1.7547457049240837e-07,2.5573917437028324e-32
transcription_TU_g.29655.CDS.551,6.70995103932148e-08,-2.0380346948805866e-32
translation_g.29655.CDS.552,0.0,3.865683197552116e-32
transcription_TU_g.29655.CDS.552,0.0,-0.03961459583007541
translation_g.29655.CDS.554,0.0,7.592118897607275e-33
transcription_TU_g.29655.CDS.554,0.0,-0.020354577987321473
translation_g.29655.CDS.555,1.7547477789966041e-07,3.2162208475569214e-33
transcription_TU_g.29655.CDS.555,6.709958970342497e-08,1.0150822296591551e-32
translation_g.29655.CDS.557,6.240458620346605e-43,-3.669267027783791e-32
transcription_TU_g.29655.CDS.557,-3.3427879064432533e-43,4.990720043634004e-32
translation_g.29655.CDS.564,0.0,-6.246877754157604e-33
transcription_TU_g.29655.CDS.564,0.0,3.866004863390624e-32
translation_g.29655.CDS.571,-2.5469547362380537e-31,3.636328339291182e-32
transcription_TU_g.29655.CDS.571,0.0,-0.014452474674374743
translation_g.29655.CDS.572,0.0,1.7104838330934418e-33
transcription_TU_g.29655.CDS.572,0.0,-0.012551647797942744
translation_g.29655.CDS.577,5.4018323979840574e-11,-5.36497462262272e-32
transcription_TU_g.29655.CDS.577,2.0656002069919127e-11,-1.2523955097948783e-31
translation_g.29655.CDS.579,7.317639751002087e-11,-5.174949849731725e-32
transcription_TU_g.29655.CDS.579,2.7981834812207683e-11,-6.787731074350003e-33
translation_g.29655.CDS.580,-1.2606815876683906e-44,1.245179855996969e-32
transcription_TU_g.29655.CDS.580,-2.4568303218721806e-45,1.2555929761208924e-31
translation_g.29655.CDS.581,0.0,-4.7699607930334674e-32
transcription_TU_g.29655.CDS.581,0.0,-0.030082926878406798
translation_g.29655.CDS.582,2.0145551948847464e-09,1.0860751304020005e-31
transcription_TU_g.29655.CDS.582,7.703433429559075e-10,2.4433746232268828e-32
translation_g.29655.CDS.588,1.3128389719718252e-11,-2.1192994032282538e-32
transcription_TU_g.29655.CDS.588,5.02014918727224e-12,-5.789271723877588e-32
translation_g.29655.CDS.593,3.0606752638707264e-10,-7.875068988742247e-32
transcription_TU_g.29655.CDS.593,1.170367940505854e-10,1.261413523859822e-32
translation_g.29655.CDS.594,1.1016950060809089e-11,8.491921062768584e-32
transcription_TU_g.29655.CDS.594,4.212758310405835e-12,-9.068639712658512e-33
translation_g.29655.CDS.596,4.057563693072109e-12,-1.2778884108777793e-32
transcription_TU_g.29655.CDS.596,1.5515669104099727e-12,-1.2829840390492892e-32
translation_1122949.3.peg.596,0.0,-1.1735410237517742e-32
transcription_TU_1122949.3.peg.596,0.0,1.2032757138980393e-33
translation_1122949.3.peg.597,0.0,-2.2734048937675228e-32
transcription_TU_1122949.3.peg.597,0.0,-0.03319718351946601
translation_1122949.3.peg.598,0.0,-2.591771126707579e-32
transcription_TU_1122949.3.peg.598,0.0,-0.02224538968103087
translation_g.29655.CDS.601,0.0,9.806358321900032e-33
transcription_TU_g.29655.CDS.601,0.0,-0.03156669493630785
translation_g.29655.CDS.604,0.0,-5.3921665515446284e-33
transcription_TU_g.29655.CDS.604,0.0,-0.03019843406070236
translation_g.29655.CDS.611,0.0,-4.687817168039649e-32
transcription_TU_g.29655.CDS.611,0.0,5.179704731710529e-32
translation_g.29655.CDS.616,0.0,2.277944112351279e-33
transcription_TU_g.29655.CDS.616,0.0,-0.031327783612080176
translation_g.29655.CDS.617,4.368692120795749e-11,6.196280278926963e-32
transcription_TU_g.29655.CDS.617,1.6705389364481854e-11,-8.20719755957821e-32
translation_g.29655.CDS.624,2.0145551948847464e-09,3.9761155190468263e-32
transcription_TU_g.29655.CDS.624,7.703433429559075e-10,5.272548859943541e-32
translation_g.29655.CDS.626,0.0,-5.032602755474477e-32
transcription_TU_g.29655.CDS.626,0.0,-0.030277943827784964
translation_g.29655.CDS.629,1.3123148013278136e-11,-4.5549628051721704e-32
transcription_TU_g.29655.CDS.629,5.018144817438082e-12,6.34171816815983e-32
translation_g.29655.CDS.631,0.0,3.5934383812969214e-32
transcription_TU_g.29655.CDS.631,0.0,-0.02532761941187454
translation_g.29655.CDS.636,1.912795256510236e-10,-6.364058691766198e-32
transcription_TU_g.29655.CDS.636,7.314314822605781e-11,9.744606088592638e-32
translation_g.29655.CDS.638,-1.2751011644037771e-30,-1.5768107409605574e-32
transcription_TU_g.29655.CDS.638,-4.646698058720897e-31,-1.1337018481250986e-32
translation_g.29655.CDS.643,8.828322626133804e-31,1.658096541190781e-33
transcription_TU_g.29655.CDS.643,0.0,-0.033438563966200846
translation_g.29655.CDS.648,0.0,3.165610356386792e-32
transcription_TU_g.29655.CDS.648,0.0,-0.027349465016321295
translation_g.29655.CDS.659,0.0,-1.765021095704355e-32
transcription_TU_g.29655.CDS.659,0.0,5.024799089683248e-32
translation_g.29655.CDS.663,0.0,-2.9607103919493073e-32
transcription_TU_g.29655.CDS.663,0.0,-4.3640470523744357e-32
translation_g.29655.CDS.669,0.0,1.4328062279303893e-32
transcription_TU_g.29655.CDS.669,0.0,-0.01585060728448316
translation_g.29655.CDS.678,2.0985698218595553e-31,-7.220026721233364e-33
transcription_TU_g.29655.CDS.678,8.024695953224922e-32,5.538716249072244e-32
translation_g.29655.CDS.679,2.0740725205956626e-13,1.4391294973302073e-32
transcription_TU_g.29655.CDS.679,7.931021016974697e-14,-4.760596555298289e-33
translation_g.29655.CDS.683,0.0,-5.693317860965333e-33
transcription_TU_g.29655.CDS.683,0.0,-0.02374445288783247
translation_g.29655.CDS.685,0.0,1.1533216853147742e-32
transcription_TU_g.29655.CDS.685,0.0,1.205772232705789e-31
translation_g.29655.CDS.687,7.519310139667782e-13,-3.8247721418013003e-32
transcription_TU_g.29655.CDS.687,2.8752999790831346e-13,6.559311571230048e-32
translation_g.29655.CDS.693,0.0,-5.155480622443366e-32
transcription_TU_g.29655.CDS.693,3.793382213365813e-45,-6.096239215439268e-32
translation_g.29655.CDS.697,2.9495708997805114e-08,7.04420672106002e-33
transcription_TU_g.29655.CDS.697,1.1278828760769574e-08,-5.033558079986279e-32
translation_1122949.3.peg.702,0.0,-2.2377573729776785e-32
transcription_TU_1122949.3.peg.702,0.0,-0.033438563966200846
translation_1122949.3.peg.705,8.350609523792957e-31,7.171555401964518e-32
transcription_TU_1122949.3.peg.705,3.193179552792611e-31,-2.629866573865034e-32
translation_g.29655.CDS.709,0.0,-2.4825431845305785e-32
transcription_TU_g.29655.CDS.709,0.0,-2.330761091290386e-32
translation_g.29655.CDS.711,-2.5469547362380537e-31,-1.5657395455878145e-32
transcription_TU_g.29655.CDS.711,0.0,-0.026546786287264295
translation_g.29655.CDS.718,0.0,3.256308741599556e-33
transcription_TU_g.29655.CDS.718,0.0,4.485983285743964e-32
translation_g.29655.CDS.739,1.7547477789966041e-07,2.90475812283142e-32
transcription_TU_g.29655.CDS.739,6.709958970342497e-08,-2.4033581177094653e-32
translation_g.29655.CDS.742,-6.713373282994474e-31,3.576509131302866e-33
transcription_TU_g.29655.CDS.742,-2.5671187518040244e-31,7.888482727941963e-33
translation_1122949.3.peg.743,-1.3867685822992455e-43,2.8512866480232646e-34
transcription_TU_1122949.3.peg.743,1.1799708141514806e-44,1.0661106029765893e-32
translation_g.29655.CDS.745,3.688240035714009e-10,1.4434461385426588e-32
transcription_TU_g.29655.CDS.745,1.4103416803619978e-10,-1.2679872594664405e-32
translation_g.29655.CDS.747,8.106744768442016e-13,6.604804045319579e-32
transcription_TU_g.29655.CDS.747,3.0999284016982297e-13,-5.966940202444325e-32
translation_g.29655.CDS.755,3.18294446156963e-08,1.9815974643398424e-32
transcription_TU_g.29655.CDS.755,1.2171223122575294e-08,-6.984838661849704e-32
translation_g.29655.CDS.756,4.207821438619836e-12,-8.162535220778722e-32
transcription_TU_g.29655.CDS.756,1.609023789379663e-12,1.8012858713046662e-31
translation_g.29655.CDS.760,2.0740725205956626e-13,-1.332281774574773e-32
transcription_TU_g.29655.CDS.760,7.931021016974697e-14,-1.9880506641739605e-31
translation_g.29655.CDS.767,8.88925873258578e-16,-8.350405161208061e-33
transcription_TU_g.29655.CDS.767,3.3991529772168334e-16,-3.727121923343721e-32
translation_g.29655.CDS.768,-1.8875211507113166e-30,3.634371313061524e-32
transcription_TU_g.29655.CDS.768,-7.21766947279264e-31,-5.4653307467597e-32
translation_g.29655.CDS.777,0.0,2.5134797695831106e-32
transcription_TU_g.29655.CDS.777,0.0,-0.025704298426041047
translation_g.29655.CDS.783,2.961241227744376e-10,-4.997810698031946e-32
transcription_TU_g.29655.CDS.783,1.132345478779481e-10,3.625821237038699e-32
translation_g.29655.CDS.784,0.0,-1.3773863707456717e-32
transcription_TU_g.29655.CDS.784,0.0,-0.03308565583035853
translation_g.29655.CDS.785,9.150988244847934e-10,-7.37457977876902e-33
transcription_TU_g.29655.CDS.785,3.499235411263909e-10,1.0130135118219618e-32
translation_g.29655.CDS.790,5.935218796525304e-45,-2.1192994032282538e-32
transcription_TU_g.29655.CDS.790,2.9258615651386876e-45,-1.4646637814253788e-32
translation_g.29655.CDS.792,8.87335199365202e-12,8.47781465940564e-33
transcription_TU_g.29655.CDS.792,3.3930704184083815e-12,1.6644972105423616e-31
translation_g.29655.CDS.795,0.0,-2.2470735272995677e-32
transcription_TU_g.29655.CDS.795,0.0,1.603075857163142e-32
translation_g.29655.CDS.803,9.334455160513849e-15,2.604720054115326e-32
transcription_TU_g.29655.CDS.803,3.5693911049350255e-15,2.727387908345358e-32
translation_g.29655.CDS.804,0.0,1.449759000118312e-32
transcription_TU_g.29655.CDS.804,0.0,-1.0290857440216313e-31
translation_g.29655.CDS.806,1.3661182685138215e-19,-3.2264191274177123e-32
transcription_TU_g.29655.CDS.806,5.2238832498222055e-20,8.429449592894399e-32
translation_g.29655.CDS.817,1.7547477789966041e-07,-2.944258910938394e-33
transcription_TU_g.29655.CDS.817,6.709958970342497e-08,2.0997058626471007e-32
translation_g.29655.CDS.820,-5.6508881597060245e-31,-6.414923944789885e-32
transcription_TU_g.29655.CDS.820,-2.1608363407819418e-31,-1.663555394548825e-33
translation_g.29655.CDS.822,8.88925873258578e-16,3.296036476912658e-32
transcription_TU_g.29655.CDS.822,3.3991529772168334e-16,6.110102505479657e-32
translation_g.29655.CDS.827,2.0740725205956626e-13,-9.869137498950253e-32
transcription_TU_g.29655.CDS.827,7.931021016974697e-14,-3.938227075015468e-32
translation_g.29655.CDS.829,0.0,-4.6768863334186335e-33
transcription_TU_g.29655.CDS.829,0.0,-0.03652909029884032
translation_g.29655.CDS.831,1.4756420568488126e-11,5.380447967127243e-32
transcription_TU_g.29655.CDS.831,5.642689949451992e-12,2.493728223265901e-32
translation_1122949.3.peg.842,0.0,1.091347806621628e-32
transcription_TU_1122949.3.peg.842,0.0,-0.054556397829643104
translation_1122949.3.peg.843,0.0,1.658096513426487e-33
transcription_TU_1122949.3.peg.843,0.0,-0.042310933048352005
translation_g.29655.CDS.849,2.0740725205956626e-13,-1.8978754599741098e-32
transcription_TU_g.29655.CDS.849,7.931021016974697e-14,-1.6113431299156353e-32
translation_g.29655.CDS.853,0.0,-9.224870836195454e-32
transcription_TU_g.29655.CDS.853,0.0,-0.01701884719576347
translation_g.29655.CDS.854,0.0,-2.109533152576156e-31
transcription_TU_g.29655.CDS.854,0.0,-0.045873123534949274
translation_g.29655.CDS.872,0.0,7.919997920678009e-33
transcription_TU_g.29655.CDS.872,0.0,7.654192400480627e-32
translation_g.29655.CDS.879,4.667227580256924e-15,-2.395307454425548e-32
transcription_TU_g.29655.CDS.879,1.7846955524675127e-15,2.9071611980816166e-32
translation_g.29655.CDS.880,3.388736860835695e-30,1.0249206200324609e-32
transcription_TU_g.29655.CDS.880,0.0,-0.04573842772911398
translation_1122949.3.peg.880,0.0,1.7334772465459306e-32
transcription_TU_1122949.3.peg.880,0.0,-1.5094611509952038e-32
translation_g.29655.CDS.883,0.0,-6.357589712009373e-33
transcription_TU_g.29655.CDS.883,0.0,9.844152183537845e-33
translation_g.29655.CDS.888,0.0,-1.067535663120108e-32
transcription_TU_g.29655.CDS.888,0.0,1.2043186212374507e-31
translation_g.29655.CDS.891,3.580289414330035e-12,-2.2183171913429634e-32
transcription_TU_g.29655.CDS.891,1.369062571821189e-12,1.0240371753749761e-32
translation_g.29655.CDS.896,1.7547457049240837e-07,-4.548162888229195e-32
transcription_TU_g.29655.CDS.896,6.70995103932148e-08,8.081249617316791e-32
translation_g.29655.CDS.906,1.8349428640740037e-11,9.856309584682476e-33
transcription_TU_g.29655.CDS.906,7.016615993610066e-12,-1.474799204240064e-32
translation_g.29655.CDS.911,1.7547477789966041e-07,-1.2421920118049969e-32
transcription_TU_g.29655.CDS.911,6.709958970342497e-08,2.7022580000913686e-32
translation_g.29655.CDS.922,0.0,9.128043800721975e-34
transcription_TU_g.29655.CDS.922,0.0,-0.034623206047581075
translation_g.29655.CDS.928,7.363849195479796e-15,-3.757836592415469e-32
transcription_TU_g.29655.CDS.928,2.815853455230654e-15,3.1602704401639233e-32
translation_g.29655.CDS.931,6.184266586499758e-12,7.257397969298772e-32
transcription_TU_g.29655.CDS.931,2.364794277203854e-12,5.649915367753932e-32
translation_g.29655.CDS.938,-6.71337328299442e-31,1.1602085955006382e-32
transcription_TU_g.29655.CDS.938,-2.567118751804031e-31,-6.878515109299186e-32
translation_g.29655.CDS.941,1.813795729843209e-10,-2.8526233594300223e-32
transcription_TU_g.29655.CDS.941,6.935751720848258e-11,-4.7242847633258836e-32
translation_g.29655.CDS.942,0.0,-9.01467700730289e-33
transcription_TU_g.29655.CDS.942,0.0,-4.078629234880672e-32
translation_1122949.3.peg.942,0.0,-1.2025531035749383e-32
transcription_TU_1122949.3.peg.942,0.0,3.2636911348310274e-32
translation_1122949.3.peg.943,0.0,-2.3000889073339444e-32
transcription_TU_1122949.3.peg.943,0.0,-0.012551647797942744
translation_1122949.3.peg.944,0.0,6.875141222709835e-33
transcription_TU_1122949.3.peg.944,0.0,-0.0335906217148979
translation_1122949.3.peg.945,0.0,3.080853998952587e-32
transcription_TU_1122949.3.peg.945,0.0,-0.027036310986391074
translation_1122949.3.peg.946,0.0,-3.6351800691195347e-32
transcription_TU_1122949.3.peg.946,0.0,-0.015845300165519723
translation_g.29655.CDS.947,4.2385230866182373e-11,-1.1007492543937638e-32
transcription_TU_g.29655.CDS.947,1.6207637557074148e-11,1.9942744844218907e-31
translation_1122949.3.peg.947,0.0,4.868034733107169e-32
transcription_TU_1122949.3.peg.947,0.0,7.867396623265336e-33
translation_1122949.3.peg.948,0.0,4.2802079950898427e-32
transcription_TU_1122949.3.peg.948,0.0,-5.935211313853213e-32
translation_g.29655.CDS.950,0.0,-2.805382131218243e-32
transcription_TU_g.29655.CDS.950,0.0,-0.02339606937216197
translation_g.29655.CDS.960,1.9109543271815947e-11,-8.775992889869849e-33
transcription_TU_g.29655.CDS.960,7.307275315042166e-12,6.66959379833787e-32
translation_g.29655.CDS.963,4.63600762864952e-19,4.488503840026148e-32
transcription_TU_g.29655.CDS.963,1.772757392625614e-19,-1.7580682247816904e-32
translation_g.29655.CDS.965,3.4631687000773124e-12,1.6449076659942914e-32
transcription_TU_g.29655.CDS.965,1.3242769224749136e-12,-6.677693901972207e-33
translation_1122949.3.peg.969,1.7758883015504696e-11,6.575321726377095e-32
transcription_TU_1122949.3.peg.969,6.790797960792253e-12,9.564404427991102e-32
translation_1122949.3.peg.970,0.0,1.3992003846891048e-31
transcription_TU_1122949.3.peg.970,0.0,-9.86225780592816e-32
translation_g.29655.CDS.975,0.0,-3.300782685807153e-32
transcription_TU_g.29655.CDS.975,0.0,-0.0299638471687522
translation_g.29655.CDS.976,1.7547477789966041e-07,1.2423424386341364e-32
transcription_TU_g.29655.CDS.976,6.709958970342497e-08,8.938181312778579e-33
translation_1122949.3.peg.979,0.0,-9.66165217996387e-33
transcription_TU_1122949.3.peg.979,0.0,-0.03021860864487305
translation_g.29655.CDS.982,7.788769733578487e-14,1.0128365277636913e-32
transcription_TU_g.29655.CDS.982,2.9783383097735925e-14,3.244338369125216e-32
translation_g.29655.CDS.984,0.0,-5.042095482657416e-32
transcription_TU_g.29655.CDS.984,0.0,-0.02943590219220023
translation_g.29655.CDS.985,0.0,-2.1303705986834833e-32
transcription_TU_g.29655.CDS.985,0.0,9.495338886754337e-33
translation_g.29655.CDS.986,1.5421891133205187e-10,-5.385302602686067e-32
transcription_TU_g.29655.CDS.986,5.897158439947843e-11,1.389854395973428e-31
translation_g.29655.CDS.995,1.3221543296233868e-10,-6.062348722896211e-32
transcription_TU_g.29655.CDS.995,5.0557700715863293e-11,-8.931800391552562e-32
translation_1122949.3.peg.996,0.0,-1.6556140644178756e-31
transcription_TU_1122949.3.peg.996,0.0,-0.08430702299907503
translation_g.29655.CDS.999,0.0,-8.119572917473329e-33
transcription_TU_g.29655.CDS.999,0.0,-5.484013685467751e-33
translation_g.29655.CDS.1007,1.7547477789966041e-07,-1.0756022701646738e-33
transcription_TU_g.29655.CDS.1007,6.709958970342497e-08,-1.551564355066586e-34
translation_g.29655.CDS.1014,0.0,-1.2336036188284922e-32
transcription_TU_g.29655.CDS.1014,0.0,-2.6531983964096095e-35
translation_1122949.3.peg.1014,1.625351556454248e-11,-2.052872223567982e-32
transcription_TU_1122949.3.peg.1014,6.215162308070616e-12,3.09822125276708e-32
translation_g.29655.CDS.1015,2.7469619968768723e-12,1.0913478029097199e-32
transcription_TU_g.29655.CDS.1015,1.050407500881617e-12,5.35368789108153e-32
translation_g.29655.CDS.1016,3.5014561725206006e-12,-6.163237926309194e-33
transcription_TU_g.29655.CDS.1016,1.3389176231070856e-12,3.0021996912274945e-32
translation_g.29655.CDS.1019,-2.5469547362380537e-31,5.550390492973558e-32
transcription_TU_g.29655.CDS.1019,0.0,-0.05051231912775705
translation_g.29655.CDS.1023,1.7547477789966041e-07,1.4187304460003612e-32
transcription_TU_g.29655.CDS.1023,6.709958970342497e-08,-1.1259805494585102e-32
translation_1122949.3.peg.1023,0.0,4.479134169491078e-32
transcription_TU_1122949.3.peg.1023,0.0,-7.423448635614217e-33
translation_1122949.3.peg.1024,0.0,-1.2473105073255327e-32
transcription_TU_1122949.3.peg.1024,0.0,-2.915078904795965e-32
translation_g.29655.CDS.1026,1.079549715749108e-12,5.7591407168570106e-33
transcription_TU_g.29655.CDS.1026,4.1280772005099873e-13,1.742549991529136e-32
translation_g.29655.CDS.1033,1.7547477789966041e-07,-2.4703759040141345e-33
transcription_TU_g.29655.CDS.1033,6.709958970342497e-08,-1.0040120247039267e-32
translation_g.29655.CDS.1035,-2.5469547362380537e-31,7.756208560980917e-32
transcription_TU_g.29655.CDS.1035,0.0,-0.06390686093113965
translation_g.29655.CDS.1040,0.0,4.452941897936197e-33
transcription_TU_g.29655.CDS.1040,0.0,-0.019872881826459843
translation_g.29655.CDS.1043,6.906682307723827e-08,-5.679732551943319e-32
transcription_TU_g.29655.CDS.1043,2.6410379577466897e-08,2.3626296890290383e-31
translation_g.29655.CDS.1045,0.0,6.090881854411884e-32
transcription_TU_g.29655.CDS.1045,0.0,-0.03865671390001842
translation_g.29655.CDS.1049,4.667227580256924e-15,-1.2778884161569375e-32
transcription_TU_g.29655.CDS.1049,1.7846955524675127e-15,-1.417975001610163e-32
translation_1122949.3.peg.1053,0.0,5.565230130331999e-32
transcription_TU_1122949.3.peg.1053,0.0,8.778431174325198e-32
translation_g.29655.CDS.1055,4.667227580256924e-15,2.1047007323678142e-33
transcription_TU_g.29655.CDS.1055,1.7846955524675127e-15,1.198221697547394e-32
translation_g.29655.CDS.1056,4.741615279311228e-12,2.4389505562476817e-32
transcription_TU_g.29655.CDS.1056,1.8131405754233464e-12,3.590907496325857e-32
translation_g.29655.CDS.1058,1.7547477789966041e-07,4.7310877871113566e-33
transcription_TU_g.29655.CDS.1058,6.709958970342497e-08,1.2777803477108677e-32
translation_g.29655.CDS.1059,1.7547477789966041e-07,-3.7340640888142114e-33
transcription_TU_g.29655.CDS.1059,6.709958970342497e-08,1.326839951392627e-32
translation_g.29655.CDS.1060,0.0,-1.986445034669183e-32
transcription_TU_g.29655.CDS.1060,1.460486321577767e-38,3.2891473821931104e-32
translation_g.29655.CDS.1062,-2.5469547362380537e-31,-1.3143287256213473e-31
transcription_TU_g.29655.CDS.1062,0.0,-0.06163782180192265
translation_g.29655.CDS.1065,1.7547477789966041e-07,4.795831062080399e-33
transcription_TU_g.29655.CDS.1065,6.709958970342497e-08,-6.36093691780068e-33
translation_1122949.3.peg.1065,3.864586380606429e-12,2.8217221706119614e-33
transcription_TU_1122949.3.peg.1065,1.4777745475216658e-12,-4.309783235908312e-32
translation_1122949.3.peg.1066,0.0,5.5021273810161233e-33
transcription_TU_1122949.3.peg.1066,0.0,3.2207396433882617e-32
translation_g.29655.CDS.1070,6.906543230780215e-08,8.476959021355054e-33
transcription_TU_g.29655.CDS.1070,2.640984776281152e-08,-2.9773693782339654e-32
translation_1122949.3.peg.1081,2.012467467543298e-12,5.7591407168570106e-33
transcription_TU_1122949.3.peg.1081,7.695450194036537e-13,1.742549991529136e-32
translation_g.29655.CDS.1084,1.3123148013278136e-11,2.1385044431080184e-32
transcription_TU_g.29655.CDS.1084,5.018144817438082e-12,-3.1747875583566055e-32
translation_g.29655.CDS.1089,1.7547477789966041e-07,-9.957050554092896e-33
transcription_TU_g.29655.CDS.1089,6.709958970342497e-08,4.476144362343488e-33
translation_1122949.3.peg.1098,2.1019991340350196e-12,2.309179502603132e-32
transcription_TU_1122949.3.peg.1098,8.037809258909873e-13,5.034829895038621e-33
translation_g.29655.CDS.1100,-8.952372552669499e-52,1.9380840971303815e-32
transcription_TU_g.29655.CDS.1100,0.0,9.719962845264421e-32
translation_g.29655.CDS.1105,1.1162682373432919e-14,5.136889418052716e-32
transcription_TU_g.29655.CDS.1105,4.2684847145115115e-15,1.230326716654359e-32
translation_1122949.3.peg.1106,4.5999959437472013e-10,-2.4825431877859044e-32
transcription_TU_1122949.3.peg.1106,1.7589869276788733e-10,1.2317719221849797e-32
translation_g.29655.CDS.1110,1.7547477789966041e-07,-2.29948973383508e-32
transcription_TU_g.29655.CDS.1110,6.709958970342497e-08,-1.5160035423921677e-32
translation_g.29655.CDS.1111,1.7547477789966041e-07,1.7336793149324346e-32
transcription_TU_g.29655.CDS.1111,6.709958970342497e-08,1.883763491455277e-32
translation_g.29655.CDS.1112,5.1851813014891564e-14,-5.2504699371729894e-33
transcription_TU_g.29655.CDS.1112,1.9827552542436742e-14,-1.6081745152669316e-32
translation_g.29655.CDS.1113,2.0757698055466215e-30,1.1927457793627742e-32
transcription_TU_g.29655.CDS.1113,7.937511244526618e-31,2.4267921332493225e-32
translation_g.29655.CDS.1116,7.002912345041209e-12,-6.430764476001095e-32
transcription_TU_g.29655.CDS.1116,2.6778352462141744e-12,1.685482443853372e-31
translation_1122949.3.peg.1120,2.5837002361064973e-12,1.357056534418756e-32
transcription_TU_1122949.3.peg.1120,9.879780321393055e-13,-3.4538498060327916e-32
translation_g.29655.CDS.1128,0.0,3.407830294208783e-32
transcription_TU_g.29655.CDS.1128,0.0,-0.02811896591594035
translation_g.29655.CDS.1131,7.414831216915516e-12,7.247787290775195e-33
transcription_TU_g.29655.CDS.1131,2.8353484092151187e-12,-9.846019249076061e-33
translation_1122949.3.peg.1135,-1.9645193239001684e-42,8.13210256684703e-32
transcription_TU_1122949.3.peg.1135,-3.4674539401172546e-43,6.35642462485014e-32
translation_g.29655.CDS.1146,2.7815388722439546e-12,1.2107747749487905e-33
transcription_TU_g.29655.CDS.1146,1.0636293107515478e-12,-6.930708161601015e-33
translation_1122949.3.peg.1149,4.7252934391472326e-09,-8.469867818652929e-32
transcription_TU_1122949.3.peg.1149,1.8068992865536992e-09,2.1802313889370503e-32
translation_g.29655.CDS.1151,4.5105557398662366e-11,-1.7707545164706817e-31
transcription_TU_g.29655.CDS.1151,1.724785995469487e-11,5.337969853736493e-32
translation_g.29655.CDS.1167,0.0,-5.693317905508231e-33
transcription_TU_g.29655.CDS.1167,0.0,-0.024514618687833473
translation_g.29655.CDS.1174,0.0,6.50249516158555e-33
transcription_TU_g.29655.CDS.1174,0.0,5.867715832572775e-32
translation_g.29655.CDS.1176,1.3907694361219773e-12,2.2680182476612113e-31
transcription_TU_g.29655.CDS.1176,5.318146553757739e-13,-4.296526914803367e-31
translation_1122949.3.peg.1178,1.7281930910065702e-12,2.83131009209422e-32
transcription_TU_1122949.3.peg.1178,6.608416817666138e-13,-3.1857114903334467e-32
translation_g.29655.CDS.1179,-2.5469547362380537e-31,-3.3556955272674373e-32
transcription_TU_g.29655.CDS.1179,0.0,-0.02883463169385658
translation_g.29655.CDS.1185,5.0657926798359037e-11,-7.809894802534563e-32
transcription_TU_g.29655.CDS.1185,1.9371023825086178e-11,-3.774432668736765e-32
translation_g.29655.CDS.1186,5.397245306739508e-64,3.0946435594132134e-32
transcription_TU_g.29655.CDS.1186,0.0,2.1710262873299147e-32
translation_g.29655.CDS.1188,0.0,1.3018273670744055e-32
transcription_TU_g.29655.CDS.1188,0.0,-3.1857114903334467e-32
translation_g.29655.CDS.1190,1.7547482975147343e-07,-2.1192994032282538e-32
transcription_TU_g.29655.CDS.1190,6.709960953097752e-08,-2.8238285332809297e-32
translation_g.29655.CDS.1192,8.418585192398976e-11,-8.41367223769153e-32
transcription_TU_g.29655.CDS.1192,3.2191726871215116e-11,1.5251796072597327e-31
translation_1122949.3.peg.1192,5.782579705581804e-10,-1.25574602285436e-32
transcription_TU_1122949.3.peg.1192,2.211193712943528e-10,2.1636508998157705e-32
translation_1122949.3.peg.1193,0.0,2.3644213477710044e-32
transcription_TU_1122949.3.peg.1193,0.0,-0.026007424691635094
translation_g.29655.CDS.1200,1.7547477789966041e-07,-2.5892156413738226e-34
transcription_TU_g.29655.CDS.1200,6.709958970342497e-08,1.2772054880583123e-32
translation_g.29655.CDS.1208,2.978513788222407e-12,7.247787269951975e-33
transcription_TU_g.29655.CDS.1208,1.1389503124488884e-12,6.56706213943551e-32
translation_g.29655.CDS.1214,0.0,1.3992003846891048e-31
transcription_TU_g.29655.CDS.1214,0.0,-9.86225780592816e-32
translation_g.29655.CDS.1222,1.7547477789966041e-07,8.90281747673024e-33
transcription_TU_g.29655.CDS.1222,6.709958970342497e-08,-1.1396327209314941e-32
translation_g.29655.CDS.1225,0.0,-2.276553579454086e-33
transcription_TU_g.29655.CDS.1225,0.0,-0.03868316245349784
translation_g.29655.CDS.1227,0.0,-1.1757161326806083e-32
transcription_TU_g.29655.CDS.1227,0.0,9.687590971231204e-32
translation_g.29655.CDS.1235,-1.724151216879441e-30,-9.744436756169441e-32
transcription_TU_g.29655.CDS.1235,0.0,-0.0651317052206601
translation_g.29655.CDS.1237,1.7547457049240837e-07,6.258572579037267e-32
transcription_TU_g.29655.CDS.1237,6.70995103932148e-08,-2.536077099982659e-32
translation_g.29655.CDS.1239,1.7547477789966041e-07,-6.063467222663221e-33
transcription_TU_g.29655.CDS.1239,6.709958970342497e-08,4.621734033295355e-32
translation_g.29655.CDS.1241,3.2932574640672344e-11,2.8848817596501756e-32
transcription_TU_g.29655.CDS.1241,1.2593047688768773e-11,-3.8824077867435787e-32
translation_g.29655.CDS.1243,0.0,1.0228955647889083e-32
transcription_TU_g.29655.CDS.1243,0.0,-2.3405631853660102e-32
translation_g.29655.CDS.1247,3.759750222304398e-30,2.218550650864331e-32
transcription_TU_g.29655.CDS.1247,1.4376863747805667e-30,-6.252352976961407e-33
translation_g.29655.CDS.1250,1.463052053857655e-11,3.3498720449876603e-32
transcription_TU_g.29655.CDS.1250,5.594547188128502e-12,1.0240371753749761e-32
translation_g.29655.CDS.1251,0.0,6.024594206400663e-32
transcription_TU_g.29655.CDS.1251,0.0,-0.032209469912489366
translation_g.29655.CDS.1254,1.7547477789966041e-07,2.767088031269734e-33
transcription_TU_g.29655.CDS.1254,6.709958970342497e-08,-8.242045412844086e-33
translation_g.29655.CDS.1263,-2.5469547362380537e-31,1.6469292161727307e-33
transcription_TU_g.29655.CDS.1263,-9.739269645492401e-32,2.8398066836237516e-32
translation_g.29655.CDS.1269,8.150208107146896e-10,4.868034741724209e-32
transcription_TU_g.29655.CDS.1269,3.1165482956177193e-10,-7.693398320117943e-32
translation_g.29655.CDS.1271,8.150208107146896e-10,3.2303283996415107e-32
transcription_TU_g.29655.CDS.1271,3.1165482956177193e-10,-3.727121923343721e-32
translation_g.29655.CDS.1274,2.7758207758489535e-44,1.6553695615567523e-32
transcription_TU_g.29655.CDS.1274,1.9095096530378805e-44,1.1506258145629372e-31
translation_g.29655.CDS.1276,9.171233634957412e-13,-2.0364632507224055e-31
transcription_TU_g.29655.CDS.1276,3.506977021687879e-13,-1.2696119359811808e-32
translation_g.29655.CDS.1279,1.1047523340901287e-10,2.206625467347259e-32
transcription_TU_g.29655.CDS.1279,4.2244491902840105e-11,-6.137760446113831e-32
translation_g.29655.CDS.1281,1.6196268460681454e-12,4.0198911341416176e-32
transcription_TU_g.29655.CDS.1281,6.193271656737347e-13,2.8642505021832664e-32
translation_1122949.3.peg.1281,0.0,-3.923980759115965e-32
transcription_TU_1122949.3.peg.1281,0.0,-3.1117049618657004e-32
translation_g.29655.CDS.1285,0.0,2.4863186609018584e-32
transcription_TU_g.29655.CDS.1285,0.0,-0.02448647196825559
translation_g.29655.CDS.1289,0.0,-1.4660987644667611e-32
transcription_TU_g.29655.CDS.1289,0.0,-1.0188773175249272e-31
translation_g.29655.CDS.1291,0.0,-8.461117218044048e-33
transcription_TU_g.29655.CDS.1291,0.0,-0.014026233881284586
translation_g.29655.CDS.1293,-2.5469547362380537e-31,-1.5465017992145633e-32
transcription_TU_g.29655.CDS.1293,0.0,-0.05490531767694995
translation_g.29655.CDS.1298,1.7547477789966041e-07,2.888100683573021e-32
transcription_TU_g.29655.CDS.1298,6.709958970342497e-08,-2.491152299127027e-32
translation_g.29655.CDS.1300,1.7547477789966041e-07,5.759140640261104e-33
transcription_TU_g.29655.CDS.1300,6.709958970342497e-08,-4.61187302961063e-33
translation_1122949.3.peg.1301,1.4897278828113884e-09,8.373225532449659e-33
transcription_TU_1122949.3.peg.1301,5.696552570281929e-10,-6.252352976961407e-33
translation_g.29655.CDS.1306,0.0,-4.1563997008972344e-32
transcription_TU_g.29655.CDS.1306,0.0,5.13319452750249e-32
translation_g.29655.CDS.1307,1.7547477789966041e-07,2.6278529657599494e-32
transcription_TU_g.29655.CDS.1307,6.709958970342497e-08,1.10975427593232e-32
translation_g.29655.CDS.1312,6.906682307723827e-08,-2.5292124736220335e-33
transcription_TU_g.29655.CDS.1312,2.6410379577466897e-08,-3.3769263664181125e-32
translation_g.29655.CDS.1316,0.0,-4.615499030442763e-32
transcription_TU_g.29655.CDS.1316,0.0,1.3220968679260085e-31
translation_g.29655.CDS.1318,3.8943848667892434e-14,1.4328062279303893e-32
transcription_TU_g.29655.CDS.1318,1.4891691548867963e-14,9.867613114995628e-33
translation_1122949.3.peg.1329,0.0,-6.1361658128032044e-33
transcription_TU_1122949.3.peg.1329,0.0,-0.018041487206465475
translation_1122949.3.peg.1330,0.0,1.206692967385253e-31
transcription_TU_1122949.3.peg.1330,0.0,6.000006726935418e-32
translation_g.29655.CDS.1331,3.5014561725206006e-12,-3.1219281465627764e-32
transcription_TU_g.29655.CDS.1331,1.3389176231070856e-12,2.749689788426762e-32
translation_g.29655.CDS.1332,0.0,-5.9147417997651875e-33
transcription_TU_g.29655.CDS.1332,0.0,2.1909915990552602e-32
translation_g.29655.CDS.1333,0.0,8.246901938037811e-34
transcription_TU_g.29655.CDS.1333,0.0,-0.031447677343437314
translation_g.29655.CDS.1338,1.7547477789966041e-07,1.5405181166133608e-32
transcription_TU_g.29655.CDS.1338,6.709958970342497e-08,-2.787545045268515e-32
translation_g.29655.CDS.1343,6.906543230780215e-08,1.3955416161956912e-32
transcription_TU_g.29655.CDS.1343,2.640984776281152e-08,-8.17983190580269e-33
translation_g.29655.CDS.1345,0.0,-1.4550275695889397e-32
transcription_TU_g.29655.CDS.1345,0.0,-0.026489754115145633
translation_g.29655.CDS.1347,0.0,-4.1152699531376995e-32
transcription_TU_g.29655.CDS.1347,0.0,-0.023350838627579522
translation_g.29655.CDS.1348,1.7536029066860544e-08,3.189008490152658e-33
transcription_TU_g.29655.CDS.1348,6.705581106855778e-09,1.8489476324979464e-32
translation_g.29655.CDS.1349,1.7547477789966041e-07,-1.4801916487840353e-32
transcription_TU_g.29655.CDS.1349,6.709958970342497e-08,1.6103440267097212e-32
translation_g.29655.CDS.1351,1.856660495963773e-11,2.475247459177628e-32
transcription_TU_g.29655.CDS.1351,7.099661785522498e-12,-2.693409092106306e-32
translation_g.29655.CDS.1356,-2.5469547362380537e-31,-2.2765536364317574e-33
transcription_TU_g.29655.CDS.1356,0.0,-0.047351280746433674
translation_g.29655.CDS.1357,6.096736761942156e-13,-1.2648389678369215e-33
transcription_TU_g.29655.CDS.1357,2.3313238526509516e-13,-1.1134755030625934e-31
translation_g.29655.CDS.1363,1.3907694361219773e-12,2.5416746406526107e-32
transcription_TU_g.29655.CDS.1363,5.318146553757739e-13,6.451303224058976e-33
translation_g.29655.CDS.1364,3.775450618088701e-52,-4.8206715438575625e-32
transcription_TU_g.29655.CDS.1364,1.4436889457304435e-52,1.0559928607589976e-31
translation_g.29655.CDS.1367,0.0,4.744842906939167e-32
transcription_TU_g.29655.CDS.1367,0.0,-0.02265588365064831
translation_g.29655.CDS.1371,2.0740725205956626e-13,-1.6601559954836032e-32
transcription_TU_g.29655.CDS.1371,7.931021016974697e-14,7.368388257145781e-32
translation_g.29655.CDS.1376,0.0,-7.091520094961944e-33
transcription_TU_g.29655.CDS.1376,0.0,1.2317719221849797e-32
translation_g.29655.CDS.1377,1.7547477789966041e-07,3.189008490152658e-33
transcription_TU_g.29655.CDS.1377,6.709958970342497e-08,2.6248976135145735e-32
translation_g.29655.CDS.1379,0.0,-5.900818931498189e-32
transcription_TU_g.29655.CDS.1379,0.0,1.1655964595426186e-31
translation_g.29655.CDS.1380,1.7547457049240837e-07,4.731087854132775e-33
transcription_TU_g.29655.CDS.1380,6.70995103932148e-08,-5.4805743542131455e-33
translation_g.29655.CDS.1383,1.68151688968367e-12,-1.3664579890373002e-32
transcription_TU_g.29655.CDS.1383,6.429932251669311e-13,3.9388577585066965e-32
translation_g.29655.CDS.1384,1.7547477789966041e-07,-9.883827570892422e-33
transcription_TU_g.29655.CDS.1384,6.709958970342497e-08,9.015568150999853e-33
translation_g.29655.CDS.1393,-1.152731645538393e-30,1.2268762267410021e-31
transcription_TU_g.29655.CDS.1393,-4.4079167034483485e-31,5.808539155991556e-33
translation_g.29655.CDS.1394,-2.5469547362380537e-31,1.700263654901084e-32
transcription_TU_g.29655.CDS.1394,0.0,-0.013716363241650292
translation_g.29655.CDS.1395,2.5297726308922365e-10,-1.4550275695889397e-32
transcription_TU_g.29655.CDS.1395,9.67356719909269e-11,2.0872023918303475e-32
translation_1122949.3.peg.1397,1.1459945294610974e-27,-1.5216327971167266e-34
transcription_TU_1122949.3.peg.1397,0.0,-2.059510861900413e-32
translation_g.29655.CDS.1398,1.7547477789966041e-07,1.794571643187539e-33
transcription_TU_g.29655.CDS.1398,6.709958970342497e-08,5.860374791328817e-33
translation_1122949.3.peg.1398,-7.301375385328688e-29,-4.615499030442763e-32
transcription_TU_1122949.3.peg.1398,0.0,1.3220968679260085e-31
translation_1122949.3.peg.1399,0.0,8.365725426254644e-33
transcription_TU_1122949.3.peg.1399,0.0,-0.011989973507138365
translation_1122949.3.peg.1400,0.0,-5.794936897013344e-32
transcription_TU_1122949.3.peg.1400,0.0,-0.02943590219220023
translation_g.29655.CDS.1405,5.5813411867164594e-15,6.109584938997315e-32
transcription_TU_g.29655.CDS.1405,2.1342423572557558e-15,-2.908057755706207e-32
translation_g.29655.CDS.1406,1.3958705736044212e-12,-2.6068507105085715e-32
transcription_TU_g.29655.CDS.1406,5.337652732149284e-13,2.6760945339826636e-32
translation_g.29655.CDS.1408,1.3907694361219773e-12,-2.4474341674080726e-32
transcription_TU_g.29655.CDS.1408,5.318146553757739e-13,5.408304701492131e-32
translation_g.29655.CDS.1411,-2.5469547362380537e-31,-2.2103181542803853e-32
transcription_TU_g.29655.CDS.1411,0.0,-0.03563530359091773
translation_g.29655.CDS.1412,3.5014561725206006e-12,-1.6957179263290155e-33
transcription_TU_g.29655.CDS.1412,1.3389176231070856e-12,3.0862028313688394e-32
translation_g.29655.CDS.1413,0.0,-1.875733070053493e-32
transcription_TU_g.29655.CDS.1413,0.0,1.129548433843578e-32
translation_g.29655.CDS.1414,0.0,-1.1384515244858576e-32
transcription_TU_g.29655.CDS.1414,0.0,4.634444659859969e-32
translation_g.29655.CDS.1416,8.150208107146896e-10,-3.693131991273218e-32
transcription_TU_g.29655.CDS.1416,3.1165482956177193e-10,6.421929145259275e-32
translation_g.29655.CDS.1418,-1.9775440428026213e-29,-1.0766336801036888e-32
transcription_TU_g.29655.CDS.1418,-7.561906931275348e-30,-2.5946983706327486e-32
translation_g.29655.CDS.1420,3.247198138234728e-29,1.8884740103047767e-32
transcription_TU_g.29655.CDS.1420,0.0,-0.027897966410887466
translation_1122949.3.peg.1420,0.0,1.7681876721835825e-32
transcription_TU_1122949.3.peg.1420,0.0,-0.03325125497189252
translation_1122949.3.peg.1421,0.0,-3.299798621742858e-32
transcription_TU_1122949.3.peg.1421,0.0,-0.03439443032305909
translation_g.29655.CDS.1423,-2.5469547362380537e-31,1.0047664982649584e-33
transcription_TU_g.29655.CDS.1423,0.0,-0.02177453330113788
translation_1122949.3.peg.1424,0.0,-9.514859184992379e-32
transcription_TU_1122949.3.peg.1424,0.0,-0.0342927332171809
translation_g.29655.CDS.1425,1.7547482975147343e-07,6.919253588925051e-33
transcription_TU_g.29655.CDS.1425,6.709960953097752e-08,4.634444659859969e-32
translation_g.29655.CDS.1435,1.7547477789966041e-07,2.1381738102734677e-32
transcription_TU_g.29655.CDS.1435,6.709958970342497e-08,-2.2129410942341855e-32
translation_1122949.3.peg.1437,1.5415885246625075e-11,3.814862332057369e-32
transcription_TU_1122949.3.peg.1437,5.894861856187177e-12,3.8183455588625254e-32
translation_g.29655.CDS.1439,6.221380582248156e-12,4.171754699280339e-32
transcription_TU_g.29655.CDS.1439,2.3789862534911594e-12,6.953931371481353e-32
translation_1122949.3.peg.1443,1.4558957043914855e-12,-8.217023858223706e-33
transcription_TU_1122949.3.peg.1443,5.567182109300542e-13,4.2041988409505164e-33
translation_1122949.3.peg.1444,0.0,1.556741154577708e-32
transcription_TU_1122949.3.peg.1444,0.0,-0.021362929547766762
translation_1122949.3.peg.1449,0.0,-4.20714282094597e-32
transcription_TU_1122949.3.peg.1449,0.0,7.368388257145781e-32
translation_g.29655.CDS.1450,0.0,9.204179040358164e-33
transcription_TU_g.29655.CDS.1450,0.0,4.294960274215365e-32
translation_g.29655.CDS.1451,0.0,2.13204034616036e-32
transcription_TU_g.29655.CDS.1451,0.0,-0.11166363970970772
translation_1122949.3.peg.1453,0.0,3.9813391497070073e-32
transcription_TU_1122949.3.peg.1453,3.95965731840763e-64,-1.1874703876274484e-31
translation_1122949.3.peg.1454,0.0,1.2006889210773811e-32
transcription_TU_1122949.3.peg.1454,0.0,-1.5948883696715873e-32
translation_1122949.3.peg.1455,0.0,5.407762492212938e-32
transcription_TU_1122949.3.peg.1455,0.0,-1.1939989753482434e-31
translation_1122949.3.peg.1456,1.0794490613479016e-63,-3.750348328927409e-33
transcription_TU_1122949.3.peg.1456,4.135642088114636e-64,8.807292076881698e-32
translation_g.29655.CDS.1458,-1.1890429608406961e-30,4.3797096419355374e-32
transcription_TU_g.29655.CDS.1458,-4.546767106197928e-31,2.8778828567907615e-32
translation_g.29655.CDS.1460,3.708863424580167e-12,-1.8978754550248988e-32
transcription_TU_g.29655.CDS.1460,1.4182278332768327e-12,7.754707540785867e-32
translation_g.29655.CDS.1462,0.0,2.5573917487569443e-32
transcription_TU_g.29655.CDS.1462,0.0,-0.05617376229795548
translation_1122949.3.peg.1463,0.0,-1.247310510490959e-32
transcription_TU_1122949.3.peg.1463,0.0,2.6760945339826636e-32
translation_1122949.3.peg.1464,0.0,-2.2669656579718275e-32
transcription_TU_1122949.3.peg.1464,0.0,-6.786993060686321e-32
translation_g.29655.CDS.1465,1.7547477789966041e-07,3.877167785395596e-33
transcription_TU_g.29655.CDS.1465,6.709958970342497e-08,-2.5629159509762267e-33
translation_1122949.3.peg.1465,0.0,8.099528366423869e-32
transcription_TU_1122949.3.peg.1465,0.0,-0.03319014818780012
translation_g.29655.CDS.1466,1.3907694361219773e-12,1.2906293557483263e-32
transcription_TU_g.29655.CDS.1466,5.318146553757739e-13,2.899145628830894e-32
translation_1122949.3.peg.1466,0.0,-1.4287890063180378e-32
transcription_TU_1122949.3.peg.1466,0.0,-0.020576884889682102
translation_g.29655.CDS.1469,1.7547482975147343e-07,3.1636399401391223e-33
transcription_TU_g.29655.CDS.1469,6.709960953097752e-08,-1.9055270883013813e-32
translation_g.29655.CDS.1474,0.0,7.279765110570332e-34
transcription_TU_g.29655.CDS.1474,0.0,-0.02388029402990888
translation_g.29655.CDS.1478,1.6984310686290585e-10,-8.35040525359333e-33
transcription_TU_g.29655.CDS.1478,6.49461017752227e-11,1.8000890321040656e-31
translation_g.29655.CDS.1482,0.0,1.4899109036377218e-32
transcription_TU_g.29655.CDS.1482,0.0,3.157306091727435e-33
translation_g.29655.CDS.1485,-3.6458232614018395e-30,-3.21670475853974e-32
transcription_TU_g.29655.CDS.1485,-1.3941219809444735e-30,-3.002804729456279e-32
translation_g.29655.CDS.1486,9.334455160513849e-15,5.570880007039567e-33
transcription_TU_g.29655.CDS.1486,3.5693911049350255e-15,1.0124616637671366e-32
translation_g.29655.CDS.1487,0.0,3.3411376624581994e-32
transcription_TU_g.29655.CDS.1487,0.0,3.6515168401835976e-32
translation_g.29655.CDS.1488,1.7547477789966041e-07,-3.073673580549141e-32
transcription_TU_g.29655.CDS.1488,6.709958970342497e-08,-9.967181975845433e-33
translation_g.29655.CDS.1490,5.1851813014891564e-14,7.59211886791201e-33
transcription_TU_g.29655.CDS.1490,1.9827552542436742e-14,-6.627495675298348e-34
translation_g.29655.CDS.1491,1.3907694361219773e-12,-1.1632115061394987e-32
transcription_TU_g.29655.CDS.1491,5.318146553757739e-13,5.282468873947895e-32
translation_g.29655.CDS.1493,1.7547477789966041e-07,-2.8060061027165596e-32
transcription_TU_g.29655.CDS.1493,6.709958970342497e-08,-4.350066170824466e-33
translation_g.29655.CDS.1495,5.1851813014891564e-14,1.2451798545197702e-32
transcription_TU_g.29655.CDS.1495,1.9827552542436742e-14,-1.1834813705889907e-33
translation_g.29655.CDS.1498,9.334455160513849e-15,-9.504258249036645e-34
transcription_TU_g.29655.CDS.1498,3.5693911049350255e-15,-6.318553847400662e-32
translation_g.29655.CDS.1499,1.7547477789966041e-07,2.268454748971508e-33
transcription_TU_g.29655.CDS.1499,6.709958970342497e-08,3.5986951981441156e-33
translation_g.29655.CDS.1502,1.7547477789966041e-07,4.716850486389273e-33
transcription_TU_g.29655.CDS.1502,6.709958970342497e-08,1.0707787339669157e-32
translation_g.29655.CDS.1504,1.7547477789966041e-07,-6.768168284106862e-33
transcription_TU_g.29655.CDS.1504,6.709958970342497e-08,1.492953200577197e-32
translation_g.29655.CDS.1508,8.469276302063317e-24,5.125436383770334e-32
transcription_TU_g.29655.CDS.1508,3.238556399702892e-24,3.527402701374757e-32
translation_g.29655.CDS.1512,0.0,-4.3042403257406145e-33
transcription_TU_g.29655.CDS.1512,0.0,1.8553682501453634e-32
translation_g.29655.CDS.1514,1.7547482975147343e-07,7.463971261658384e-33
transcription_TU_g.29655.CDS.1514,6.709960953097752e-08,2.0000170285779454e-32
translation_g.29655.CDS.1517,0.0,-9.514859184992379e-32
transcription_TU_g.29655.CDS.1517,0.0,-0.0342927332171809
translation_g.29655.CDS.1521,3.8287472443288175e-14,1.357056534418756e-32
transcription_TU_g.29655.CDS.1521,1.4640700632172153e-14,-5.274728027663847e-32
translation_g.29655.CDS.1522,-2.5469547362380537e-31,-1.4550275737957687e-32
transcription_TU_g.29655.CDS.1522,-9.739269645492401e-32,7.28648393766965e-33
translation_g.29655.CDS.1525,1.377371781854643e-10,-5.155480622443366e-32
transcription_TU_g.29655.CDS.1525,5.2669154244132975e-11,-3.8517218120232855e-32
translation_g.29655.CDS.1529,-3.147117983606927e-43,-9.190588080343375e-32
transcription_TU_g.29655.CDS.1529,6.739653306691652e-44,1.2637773561742615e-31
translation_g.29655.CDS.1531,2.613587632158097e-11,-1.7650210960343023e-32
transcription_TU_g.29655.CDS.1531,9.994066376424442e-12,1.087020990114243e-32
translation_g.29655.CDS.1534,1.7547477789966041e-07,9.850583669467758e-33
transcription_TU_g.29655.CDS.1534,6.709958970342497e-08,3.442770585859654e-33
translation_g.29655.CDS.1537,0.0,1.202059775609121e-32
transcription_TU_g.29655.CDS.1537,0.0,-4.7242847633258836e-32
translation_g.29655.CDS.1538,0.0,1.4122455713689543e-32
transcription_TU_g.29655.CDS.1538,0.0,-0.019251216895000752
translation_g.29655.CDS.1544,2.0740725205956626e-13,-2.6285744795426964e-32
transcription_TU_g.29655.CDS.1544,7.931021016974697e-14,5.693675683729675e-32
translation_g.29655.CDS.1545,1.7547457049240837e-07,-2.4957201155204025e-32
transcription_TU_g.29655.CDS.1545,6.70995103932148e-08,8.160797422121629e-33
translation_g.29655.CDS.1554,1.3907694361219773e-12,-5.580844901212525e-32
transcription_TU_g.29655.CDS.1554,5.318146553757739e-13,1.3261621125850876e-32
translation_g.29655.CDS.1557,0.0,-2.1505347535564726e-33
transcription_TU_g.29655.CDS.1557,0.0,-0.0363414905911393
translation_g.29655.CDS.1559,0.0,-1.1893188287588897e-32
transcription_TU_g.29655.CDS.1559,0.0,-0.02088766228460045
translation_g.29655.CDS.1564,1.8668910321027685e-14,3.6155807819408286e-32
transcription_TU_g.29655.CDS.1564,7.138782209870046e-15,7.104049239586368e-32
translation_g.29655.CDS.1565,2.916874645407931e-12,-3.036230564022078e-33
transcription_TU_g.29655.CDS.1565,1.1153801946118557e-12,-2.40394795874569e-32
translation_g.29655.CDS.1568,1.593314668373008e-11,-1.9942180776567857e-32
transcription_TU_g.29655.CDS.1568,6.092656836266857e-12,-1.9952051941000263e-32
translation_1122949.3.peg.1569,0.0,2.1780983256075604e-32
transcription_TU_1122949.3.peg.1569,0.0,-0.019872881826459843
translation_g.29655.CDS.1571,1.864384625175901e-11,-2.2750219812418398e-32
transcription_TU_g.29655.CDS.1571,7.129197990506123e-12,-4.8952075880451694e-32
translation_g.29655.CDS.1576,0.0,2.3644213477710044e-32
transcription_TU_g.29655.CDS.1576,0.0,-0.026007424691635094
translation_g.29655.CDS.1581,1.0094487221932515e-10,6.604804040370368e-32
transcription_TU_g.29655.CDS.1581,3.860018852654999e-11,1.1672498191106639e-31
translation_g.29655.CDS.1582,7.020162564814657e-12,-1.3993037628999814e-32
transcription_TU_g.29655.CDS.1582,2.6844315370483713e-12,-3.768907554111234e-32
translation_g.29655.CDS.1588,0.0,4.0493356887395926e-33
transcription_TU_g.29655.CDS.1588,0.0,6.793858427132265e-33
translation_1122949.3.peg.1590,-1.463279952357135e-42,8.420480392640547e-32
transcription_TU_1122949.3.peg.1590,5.500968314054344e-43,9.244629851271933e-32
translation_g.29655.CDS.1591,1.4001682740770773e-14,-1.4550275678567158e-32
transcription_TU_g.29655.CDS.1591,5.354086657402538e-15,-1.0136451451377257e-32
translation_g.29655.CDS.1592,0.0,1.078971661286202e-31
transcription_TU_g.29655.CDS.1592,0.0,-2.941006295736671e-32
translation_g.29655.CDS.1594,4.6672275802569245e-15,1.1743704739558397e-32
transcription_TU_g.29655.CDS.1594,1.7846955524675127e-15,4.3958287903569697e-32
translation_g.29655.CDS.1596,1.7547477789966041e-07,-9.10473867884892e-33
transcription_TU_g.29655.CDS.1596,6.709958970342497e-08,3.101931448131343e-32
translation_g.29655.CDS.1601,1.3728677950226866e-11,-5.6933177867271705e-33
transcription_TU_g.29655.CDS.1601,5.249692683226714e-12,-8.316155573724097e-33
translation_1122949.3.peg.1601,0.0,-1.3405604783236072e-31
transcription_TU_1122949.3.peg.1601,0.0,1.0542100588365212e-31
translation_g.29655.CDS.1607,5.891065642854921e-05,-1.2778884080732265e-32
transcription_TU_g.29655.CDS.1607,2.2526775202846607e-05,2.3951994190105934e-32
translation_g.29655.CDS.1611,0.0,-5.920729943619906e-32
transcription_TU_g.29655.CDS.1611,0.0,2.1802313889370503e-32
translation_g.29655.CDS.1613,0.0,1.449759000118312e-32
transcription_TU_g.29655.CDS.1613,0.0,-0.02511329535272886
translation_g.29655.CDS.1617,2.0581329286918513e-15,1.2994255941020431e-33
transcription_TU_g.29655.CDS.1617,7.87006980281232e-16,5.230854338477001e-32
translation_g.29655.CDS.1624,4.6672275802569245e-15,1.4234837259571342e-32
transcription_TU_g.29655.CDS.1624,1.7846955524675127e-15,2.3926611937964852e-32
translation_g.29655.CDS.1628,0.0,-1.2114612322073494e-32
transcription_TU_g.29655.CDS.1628,0.0,4.513206206741116e-32
translation_g.29655.CDS.1629,0.0,-1.529729882176454e-32
transcription_TU_g.29655.CDS.1629,0.0,-0.011375552572962324
translation_g.29655.CDS.1630,0.0,-5.693317875812965e-33
transcription_TU_g.29655.CDS.1630,0.0,-0.014034077311122396
translation_g.29655.CDS.1632,1.3907694361219773e-12,2.1455355322056973e-32
transcription_TU_g.29655.CDS.1632,5.318146553757739e-13,-1.9269850200830919e-32
translation_g.29655.CDS.1636,3.5014561725206006e-12,-1.560139094902458e-33
transcription_TU_g.29655.CDS.1636,1.3389176231070856e-12,2.198612991123965e-32
translation_1122949.3.peg.1636,0.0,9.494004820267581e-34
transcription_TU_1122949.3.peg.1636,0.0,-0.023716549365423466
translation_1122949.3.peg.1638,0.0,-6.885442497972145e-33
transcription_TU_1122949.3.peg.1638,0.0,-0.01931283593719277
translation_1122949.3.peg.1639,0.0,2.781015496926348e-32
transcription_TU_1122949.3.peg.1639,0.0,-0.023715625012031564
translation_g.29655.CDS.1640,0.0,1.0488105252821454e-31
transcription_TU_g.29655.CDS.1640,0.0,-1.7670497655844911e-32
translation_g.29655.CDS.1641,1.3907694361219773e-12,1.3641648139131095e-32
transcription_TU_g.29655.CDS.1641,5.318146553757739e-13,-1.1668936349100451e-32
translation_g.29655.CDS.1647,4.113975800792542e-11,-3.779978998833455e-32
transcription_TU_g.29655.CDS.1647,1.5731382685712633e-11,3.3364657701101756e-32
translation_1122949.3.peg.1649,4.62383382224701e-12,6.029744915362974e-32
transcription_TU_1122949.3.peg.1649,1.768102265426455e-12,-1.034555263382526e-31
translation_1122949.3.peg.1650,4.188801667682264e-11,-5.325931108011456e-32
transcription_TU_1122949.3.peg.1650,1.601750841999761e-11,-7.68977943522349e-34
translation_g.29655.CDS.1652,1.7536029066860544e-08,2.4389505562476817e-32
transcription_TU_g.29655.CDS.1652,6.705581106855778e-09,2.6864690129675493e-32
translation_g.29655.CDS.1655,0.0,4.855554870070094e-32
transcription_TU_g.29655.CDS.1655,0.0,-9.913358564249487e-32
translation_1122949.3.peg.1663,2.9372584506853485e-12,7.592118848115166e-33
transcription_TU_1122949.3.peg.1663,1.1231747334457575e-12,-2.856773956325296e-32
translation_1122949.3.peg.1664,1.0607459375414834e-10,2.0877555572043298e-32
transcription_TU_1122949.3.peg.1664,4.056173658718512e-11,-1.717206773286716e-33
translation_1122949.3.peg.1665,2.3943898370193925e-12,-1.8978754579944254e-32
transcription_TU_1122949.3.peg.1665,9.155878558565352e-13,1.4167637237094578e-32
translation_1122949.3.peg.1666,6.196501293664461e-12,-7.605546531111307e-33
transcription_TU_1122949.3.peg.1666,2.369472692191577e-12,2.0019233264196565e-32
translation_g.29655.CDS.1667,0.0,4.4174403178510783e-32
transcription_TU_g.29655.CDS.1667,0.0,6.11296910532774e-33
translation_g.29655.CDS.1672,2.5989002609001035e-10,2.478202320733811e-32
transcription_TU_g.29655.CDS.1672,9.937903513759542e-11,1.420454993471004e-32
translation_g.29655.CDS.1676,6.906682307723827e-08,3.463075553438505e-31
transcription_TU_g.29655.CDS.1676,2.6410379577466897e-08,4.1046747991387595e-32
translation_g.29655.CDS.1677,1.7547477789966041e-07,2.1609556408327064e-33
transcription_TU_g.29655.CDS.1677,6.709958970342497e-08,8.034670222121217e-33
translation_g.29655.CDS.1678,2.1068244983368226e-08,7.772284062882905e-32
transcription_TU_g.29655.CDS.1678,8.056260911545995e-09,-3.838674463242423e-32
translation_g.29655.CDS.1680,1.3907694361219773e-12,-8.983441704157148e-32
transcription_TU_g.29655.CDS.1680,5.318146553757739e-13,1.0963330698552178e-31
translation_g.29655.CDS.1681,0.0,-9.426694766890767e-32
transcription_TU_g.29655.CDS.1681,0.0,-7.078448348459741e-32
translation_g.29655.CDS.1682,-2.5469547362380537e-31,1.92168759444332e-32
transcription_TU_g.29655.CDS.1682,-9.739269645492401e-32,6.953931371481353e-32
translation_g.29655.CDS.1683,0.0,-2.6096938303194113e-32
transcription_TU_g.29655.CDS.1683,0.0,9.123590175711452e-32
translation_g.29655.CDS.1684,0.0,1.0740786687890056e-31
transcription_TU_g.29655.CDS.1684,0.0,-1.131218896625792e-31
translation_g.29655.CDS.1690,7.99510105582891e-11,-8.350405200801748e-33
transcription_TU_g.29655.CDS.1690,3.05723709643503e-11,2.3630917312856575e-31
translation_1122949.3.peg.1694,0.0,-3.378183118731064e-32
transcription_TU_1122949.3.peg.1694,0.0,-2.4080723445635436e-32
translation_g.29655.CDS.1697,5.7538143995130127e-11,-8.540593816988965e-32
transcription_TU_g.29655.CDS.1697,2.200194182082101e-11,4.99233671597014e-32
translation_g.29655.CDS.1700,1.7547477789966041e-07,-2.1445958641865106e-32
transcription_TU_g.29655.CDS.1700,6.709958970342497e-08,1.4577728355902594e-32
translation_g.29655.CDS.1701,-4.6908239496295955e-30,6.817541656494494e-32
transcription_TU_g.29655.CDS.1701,0.0,-0.03270262924188255
translation_g.29655.CDS.1702,1.1270070871395218e-10,2.9734513409441965e-32
transcription_TU_g.29655.CDS.1702,4.309548873351808e-11,-1.264686619207374e-32
translation_g.29655.CDS.1705,1.7547477789966041e-07,-1.716075070512914e-32
transcription_TU_g.29655.CDS.1705,6.709958970342497e-08,-8.215776234393267e-33
translation_g.29655.CDS.1706,1.1162682373432919e-14,-1.8308837758476624e-33
transcription_TU_g.29655.CDS.1706,4.2684847145115115e-15,-6.342187381480112e-33
translation_g.29655.CDS.1710,0.0,-4.7867263125920064e-32
transcription_TU_g.29655.CDS.1710,0.0,9.316143592665697e-32
translation_g.29655.CDS.1724,3.5094934839206875e-07,-1.4287890063180378e-32
transcription_TU_g.29655.CDS.1724,1.3419910009663978e-07,3.831429757621116e-32
translation_g.29655.CDS.1731,1.7547457049240837e-07,-3.004995187380555e-32
transcription_TU_g.29655.CDS.1731,6.70995103932148e-08,1.6040156572012478e-32
translation_g.29655.CDS.1733,4.6672275802569245e-15,-4.641324401185007e-32
transcription_TU_g.29655.CDS.1733,1.7846955524675127e-15,6.014118936921472e-32
translation_1122949.3.peg.1735,7.94894213746198e-64,-9.455486862602373e-33
transcription_TU_1122949.3.peg.1735,0.0,-1.2395220629599843e-31
translation_g.29655.CDS.1742,0.0,-1.366457982108405e-32
transcription_TU_g.29655.CDS.1742,0.0,-0.023166137202385893
translation_g.29655.CDS.1746,0.0,-1.4279449711668681e-31
transcription_TU_g.29655.CDS.1746,0.0,-0.03187860548335263
translation_g.29655.CDS.1748,1.7547477789966041e-07,-2.3697301926389593e-33
transcription_TU_g.29655.CDS.1748,6.709958970342497e-08,-3.49116065362538e-33
translation_g.29655.CDS.1750,4.050712175444081e-11,4.567703742701388e-32
transcription_TU_g.29655.CDS.1750,1.5489469668078823e-11,9.244629851271933e-32
translation_g.29655.CDS.1751,4.3257815144203404e-12,9.584205554590238e-33
transcription_TU_g.29655.CDS.1751,1.654130401180732e-12,4.49896956082741e-32
transcription_TU_F594_RS0100295,4.8064894167294863e-08,-2.1562500655526156e-33
transcription_TU_F594_RS0102420,1.5065651718667396e-08,4.3483612159035444e-33
transcription_TU_F594_RS0102425,0.0,-9.014738353114717e-33
transcription_TU_F594_RS0102495,6.988040994638502e-08,8.226208662630918e-33
transcription_TU_F594_RS0102500,1.0352723732919758e-07,9.951847091959165e-33
transcription_TU_F594_RS0102505,7.549852350897922e-08,6.182516319290982e-33
transcription_TU_F594_RS0102565,0.0,5.5056513296832995e-34
transcription_TU_F594_RS0102760,0.0,-5.654562906920834e-33
transcription_TU_F594_RS0103225,0.0,1.6877263965926226e-32
transcription_TU_F594_RS0103770,0.0,-5.0292118767908846e-33
transcription_TU_F594_RS0103775,0.0,-5.0292118767908846e-33
transcription_TU_F594_RS0103780,0.0,-2.1562500655526156e-33
transcription_TU_F594_RS0103785,7.107030768409527e-08,-2.7997746771436982e-33
transcription_TU_F594_RS0103790,4.9834434577007864e-08,1.3831627396460786e-32
transcription_TU_F594_RS0103795,0.0,1.6877263965926226e-32
transcription_TU_F594_RS0103800,8.7565499635265e-08,9.538305289769773e-33
transcription_TU_F594_RS0103880,1.4749999145941832e-07,-1.3488410927780705e-32
transcription_TU_F594_RS0103885,0.0,3.815981760429998e-33
transcription_TU_F594_RS0103890,0.0,-9.571486917350769e-33
transcription_TU_F594_RS0103895,2.504005168495472e-08,7.550769847217371e-33
transcription_TU_F594_RS0103900,0.0,-2.1562500655526156e-33
transcription_TU_F594_RS0103905,0.0,-5.3149981722024815e-33
transcription_TU_F594_RS0103910,6.342790233897032e-08,-7.762725910869803e-33
transcription_TU_F594_RS0103915,0.0,1.3831627396460786e-32
transcription_TU_F594_RS0103920,0.0,4.590884680797768e-33
transcription_TU_F594_RS0103925,7.805495108625101e-08,-2.0527027266148346e-33
transcription_TU_F594_RS0103930,1.3863339659173277e-07,-3.7655519177555624e-33
transcription_TU_F594_RS0103935,0.0,-8.117483503611983e-33
transcription_TU_F594_RS0103940,4.814284976333252e-08,-1.280770523832334e-32
transcription_TU_F594_RS0103945,1.459956227542467e-07,-5.072189069719707e-33
transcription_TU_F594_RS0103950,9.584971484308982e-08,4.710892368370489e-33
transcription_TU_F594_RS0103955,1.7547457049240837e-07,5.17142554451289e-33
transcription_TU_F594_RS0103960,0.0,-8.937988727771588e-33
transcription_TU_F594_RS0104125,3.666284633526244e-08,3.726444533266745e-33
transcription_TU_F594_RS0105715,0.0,-7.244234140716662e-34
transcription_TU_F594_RS0105735,2.8446175749635224e-08,-7.133324371579778e-33
transcription_TU_F594_RS0106010,1.1753291834109831e-08,-1.5063840433107037e-32
transcription_TU_F594_RS0106780,0.0,6.90232393356516e-33
transcription_TU_F594_RS0107020,0.0,1.7742549608936668e-32
transcription_TU_F594_RS0107185,0.0,3.0550802072047827e-33
transcription_TU_F594_RS0107310,0.0,-6.031067006292023e-33
transcription_TU_F594_RS0108215,0.0,-7.244234140716662e-34
transcription_TU_F594_RS0108980,0.0,5.17142554451289e-33
transcription_TU_F594_RS0108985,1.7547457049240837e-07,-2.1565771635463467e-31
transcription_TU_F594_RS0109085,1.7547457049240837e-07,2.247892231428069e-31
transcription_TU_F594_RS0109090,8.304420564588657e-08,7.92528723536764e-33
transcription_TU_F594_RS0109100,0.0,1.3743545756749182e-33
charging_tRNA_F594_RS0100295_CGU,1.646020956813261e-05,1.2101561000001307e-37
charging_tRNA_F594_RS0100295_CGC,5.464792635200048e-07,1.1674491126666764e-37
charging_tRNA_F594_RS0100295_CGA,1.367011559126534e-06,-1.9436572140025253e-37
charging_tRNA_F594_RS0100295_CGG,5.264347284272859e-07,-1.2094593861466519e-37
charging_tRNA_F594_RS0100295_AGA,0.0007788832287529228,9.507625011537381e-38
charging_tRNA_F594_RS0100295_AGG,0.00024163673446257525,-5.96657655016242e-38
charging_tRNA_F594_RS0102420_UGU,0.00020009231517947396,4.841744005317611e-37
charging_tRNA_F594_RS0102420_UGC,0.00012570765717434028,-4.547644729471996e-37
charging_tRNA_F594_RS0102425_UUA,0.0,-6.91689681403083e-05
charging_tRNA_F594_RS0102425_UUG,0.0,-6.91689681403083e-05
charging_tRNA_F594_RS0102425_CUU,0.0,-6.91689681403083e-05
charging_tRNA_F594_RS0102425_CUC,0.0,-6.91689681403083e-05
charging_tRNA_F594_RS0102425_CUA,0.0,-6.91689681403083e-05
charging_tRNA_F594_RS0102425_CUG,0.0,-6.91689681403083e-05
charging_tRNA_F594_RS0102495_UCU,0.0005739236657885607,6.911856294015278e-38
charging_tRNA_F594_RS0102495_UCC,8.793024716436251e-05,-2.6218765401387176e-37
charging_tRNA_F594_RS0102495_UCA,0.0005549484315874153,-9.956611570195139e-38
charging_tRNA_F594_RS0102495_UCG,3.981711112228552e-07,2.0005007563000676e-37
charging_tRNA_F594_RS0102495_AGU,0.0002014240414693581,2.505841598420223e-37
charging_tRNA_F594_RS0102495_AGC,9.256367779596061e-05,-2.231991509159055e-37
charging_tRNA_F594_RS0102500_AUU,0.0012028759574370166,-7.184903629473826e-37
charging_tRNA_F594_RS0102500_AUC,0.00015671392305641074,-1.0429409378862298e-36
charging_tRNA_F594_RS0102500_AUA,0.0008792227304423834,-4.000748231126323e-37
charging_tRNA_F594_RS0102505_UUU,0.0011491722713591857,-3.96900519845838e-34
charging_tRNA_F594_RS0102505_UUC,0.0004835096285881828,-3.77806990610059e-36
charging_tRNA_F594_RS0102565_CCU,0.0,-2.9316000923071828e-06
charging_tRNA_F594_RS0102565_CCC,0.0,-2.9316000923071828e-06
charging_tRNA_F594_RS0102565_CCA,0.0,-2.9316000923071828e-06
charging_tRNA_F594_RS0102565_CCG,0.0,-2.9316000923071828e-06
charging_tRNA_F594_RS0102760_AAA,0.0,-3.3591736135781308e-06
charging_tRNA_F594_RS0102760_AAG,0.0,-3.3591736135781308e-06
charging_tRNA_F594_RS0103225_ACU,0.0,-3.7512123585651063e-07
charging_tRNA_F594_RS0103225_ACC,0.0,-3.7512123585651063e-07
charging_tRNA_F594_RS0103225_ACA,0.0,-3.7512123585651063e-07
charging_tRNA_F594_RS0103225_ACG,0.0,-3.7512123585651063e-07
charging_tRNA_F594_RS0103770_UUA,0.0,-3.368136587778495e-05
charging_tRNA_F594_RS0103770_UUG,0.0,-3.368136587778495e-05
charging_tRNA_F594_RS0103770_CUU,0.0,-3.368136587778495e-05
charging_tRNA_F594_RS0103770_CUC,0.0,-3.368136587778495e-05
charging_tRNA_F594_RS0103770_CUA,0.0,-3.368136587778495e-05
charging_tRNA_F594_RS0103770_CUG,0.0,-3.368136587778495e-05
charging_tRNA_F594_RS0103775_UUA,0.0,-3.889922816151612e-05
charging_tRNA_F594_RS0103775_UUG,0.0,-3.889922816151612e-05
charging_tRNA_F594_RS0103775_CUU,0.0,-3.889922816151612e-05
charging_tRNA_F594_RS0103775_CUC,0.0,-3.889922816151612e-05
charging_tRNA_F594_RS0103775_CUA,0.0,-3.889922816151612e-05
charging_tRNA_F594_RS0103775_CUG,0.0,-3.889922816151612e-05
charging_tRNA_F594_RS0103780_CGU,0.0,-7.090481039288146e-06
charging_tRNA_F594_RS0103780_CGC,0.0,-7.090481039288146e-06
charging_tRNA_F594_RS0103780_CGA,0.0,-7.090481039288146e-06
charging_tRNA_F594_RS0103780_CGG,0.0,-7.090481039288146e-06
charging_tRNA_F594_RS0103780_AGA,0.0,-7.090481039288146e-06
charging_tRNA_F594_RS0103780_AGG,0.0,-7.090481039288146e-06
charging_tRNA_F594_RS0103785_GGU,0.00047633551631225736,3.528272364071861e-37
charging_tRNA_F594_RS0103785_GGC,0.00015216790512510937,2.194648945104625e-37
charging_tRNA_F594_RS0103785_GGA,0.0007977329562451979,3.920694626711302e-37
charging_tRNA_F594_RS0103785_GGG,0.00011068381077267579,2.9572546039354895e-37
charging_tRNA_F594_RS0103790_ACU,0.0006331401734990282,-2.4555867599390047e-37
charging_tRNA_F594_RS0103790_ACC,6.67177762527323e-05,-1.991292133555024e-37
charging_tRNA_F594_RS0103790_ACA,0.00037504123076251283,-6.2367091171115666e-37
charging_tRNA_F594_RS0103790_ACG,2.7878462832142804e-06,-4.614867204063189e-37
charging_tRNA_F594_RS0103795_ACU,0.0,-4.275735212709477e-07
charging_tRNA_F594_RS0103795_ACC,0.0,-4.275735212709477e-07
charging_tRNA_F594_RS0103795_ACA,0.0,-4.275735212709477e-07
charging_tRNA_F594_RS0103795_ACG,0.0,-4.275735212709477e-07
charging_tRNA_F594_RS0103800_GAU,0.0014212225164025394,-4.561441612966306e-34
charging_tRNA_F594_RS0103800_GAC,0.0004724119504667591,-1.1665346230099119e-37
charging_tRNA_F594_RS0103880_AAA,0.0023556682280141007,-1.5336859203543277e-36
charging_tRNA_F594_RS0103880_AAG,0.0008340705258774557,2.931307868757458e-37
charging_tRNA_F594_RS0103885_UCU,0.0,-3.1654377689709476e-05
charging_tRNA_F594_RS0103885_UCC,0.0,-3.1654377689709476e-05
charging_tRNA_F594_RS0103885_UCA,0.0,-3.1654377689709476e-05
charging_tRNA_F594_RS0103885_UCG,0.0,-3.1654377689709476e-05
charging_tRNA_F594_RS0103885_AGU,0.0,-3.1654377689709476e-05
charging_tRNA_F594_RS0103885_AGC,0.0,-3.1654377689709476e-05
charging_tRNA_F594_RS0103890_AAA,0.0,-1.7495428924279063e-36
charging_tRNA_F594_RS0103890_AAG,0.0,1.0169843626301385e-37
charging_tRNA_F594_RS0103895_CAA,0.0004763364696134355,-4.2359923495604915e-38
charging_tRNA_F594_RS0103895_CAG,6.516338044535317e-05,7.951614670597912e-38
charging_tRNA_F594_RS0103900_CGU,0.0,-4.531014759112091e-06
charging_tRNA_F594_RS0103900_CGC,0.0,-4.531014759112091e-06
charging_tRNA_F594_RS0103900_CGA,0.0,-4.531014759112091e-06
charging_tRNA_F594_RS0103900_CGG,0.0,-4.531014759112091e-06
charging_tRNA_F594_RS0103900_AGA,0.0,-4.531014759112091e-06
charging_tRNA_F594_RS0103900_AGG,0.0,-4.531014759112091e-06
charging_tRNA_F594_RS0103905_GGU,0.0,-7.778149904057945e-06
charging_tRNA_F594_RS0103905_GGC,0.0,-7.778149904057945e-06
charging_tRNA_F594_RS0103905_GGA,0.0,-7.778149904057945e-06
charging_tRNA_F594_RS0103905_GGG,0.0,-7.778149904057945e-06
charging_tRNA_F594_RS0103910_UAU,0.0011768673145569194,5.707182937448099e-34
charging_tRNA_F594_RS0103910_UAC,0.00019478319312684814,-1.4299672319166986e-33
charging_tRNA_F594_RS0103915_ACU,0.0,-2.4555867599390047e-37
charging_tRNA_F594_RS0103915_ACC,0.0,-1.991292133555024e-37
charging_tRNA_F594_RS0103915_ACA,0.0,-6.2367091171115666e-37
charging_tRNA_F594_RS0103915_ACG,0.0,-4.614867204063189e-37
charging_tRNA_F594_RS0103920_GAU,0.0,-4.559306218743996e-34
charging_tRNA_F594_RS0103920_GAC,0.0,1.4616973989090095e-37
charging_tRNA_F594_RS0103925_GUU,0.0009886591584328502,3.546466148174875e-38
charging_tRNA_F594_RS0103925_GUC,6.627983405784161e-05,2.3660247227263195e-37
charging_tRNA_F594_RS0103925_GUA,0.00043031259050630376,3.1115806537382385e-37
charging_tRNA_F594_RS0103925_GUG,0.0002027139548276298,-1.059993918617165e-37
charging_tRNA_F594_RS0103930_GAA,0.0028243725793585944,2.144583621378884e-37
charging_tRNA_F594_RS0103930_GAG,0.0001736229684169547,1.2882413983479795e-37
charging_tRNA_F594_RS0103935_AUG,0.0,-4.245860975461323e-07
charging_tRNA_F594_RS0103935_START,0.0,-4.245860975461323e-07
charging_tRNA_F594_RS0103940_AUG,0.0009094610560177272,-1.273383040558394e-33
charging_tRNA_F594_RS0103940_START,0.00013164485926722732,2.4128252900158086e-33
charging_tRNA_F594_RS0103945_UUA,0.0013296601611739965,-1.3469091630120731e-37
charging_tRNA_F594_RS0103945_UUG,0.00026254057738347774,-4.845857909297965e-38
charging_tRNA_F594_RS0103945_CUU,0.0011835387427681285,1.0430988042105504e-37
charging_tRNA_F594_RS0103945_CUC,2.44458586650575e-05,6.692473409874075e-38
charging_tRNA_F594_RS0103945_CUA,0.00031061797561427086,1.7122834634349588e-37
charging_tRNA_F594_RS0103945_CUG,4.640294040951284e-05,1.2286181911246163e-37
charging_tRNA_F594_RS0103950_AAU,0.0016902770137994393,-9.23187351610162e-34
charging_tRNA_F594_RS0103950_AAC,0.0003825064959445283,-1.43831386943183e-34
charging_tRNA_F594_RS0104125_CCU,0.00034390809187312264,1.1000389415651244e-37
charging_tRNA_F594_RS0104125_CCC,6.89477430494838e-05,1.595820905711328e-37
charging_tRNA_F594_RS0104125_CCA,0.000377072956987451,4.9847809788779044e-39
charging_tRNA_F594_RS0104125_CCG,2.918045750490543e-06,8.044498731298975e-38
charging_tRNA_F594_RS0105735_CAU,0.00032978814635724796,-3.655562048784203e-37
charging_tRNA_F594_RS0105735_CAC,0.00028537032443890685,9.207545521044038e-37
charging_tRNA_F594_RS0106010_UGG,0.0002541690347105675,-1.0513643669436707e-33
charging_tRNA_F594_RS0106780_CCU,0.0,-2.5564788564508616e-06
charging_tRNA_F594_RS0106780_CCC,0.0,-2.5564788564508616e-06
charging_tRNA_F594_RS0106780_CCA,0.0,-2.5564788564508616e-06
charging_tRNA_F594_RS0106780_CCG,0.0,-2.5564788564508616e-06
charging_tRNA_F594_RS0107185_UCU,0.0,-1.8437613698582725e-05
charging_tRNA_F594_RS0107185_UCC,0.0,-1.8437613698582725e-05
charging_tRNA_F594_RS0107185_UCA,0.0,-1.8437613698582725e-05
charging_tRNA_F594_RS0107185_UCG,0.0,-1.8437613698582725e-05
charging_tRNA_F594_RS0107185_AGU,0.0,-1.8437613698582725e-05
charging_tRNA_F594_RS0107185_AGC,0.0,-1.8437613698582725e-05
charging_tRNA_F594_RS0107310_UUA,0.0,-8.590226260125688e-05
charging_tRNA_F594_RS0107310_UUG,0.0,-8.590226260125688e-05
charging_tRNA_F594_RS0107310_CUU,0.0,-8.590226260125688e-05
charging_tRNA_F594_RS0107310_CUC,0.0,-8.590226260125688e-05
charging_tRNA_F594_RS0107310_CUA,0.0,-8.590226260125688e-05
charging_tRNA_F594_RS0107310_CUG,0.0,-8.590226260125688e-05
charging_tRNA_F594_RS0109090_GCU,0.0007539163457234033,-1.0438216913990567e-38
charging_tRNA_F594_RS0109090_GCC,0.00021455232877301377,-1.3847844932667942e-37
charging_tRNA_F594_RS0109090_GCA,0.0008014830860854855,-2.7169490283300305e-37
charging_tRNA_F594_RS0109090_GCG,2.5908147028352373e-05,-4.417716322909733e-38
DM_RNA_g.29655.CDS.7,0.0,-0.0074974459344308445
DM_RNA_g.29655.CDS.10,0.0,-0.007026889176246921
DM_RNA_g.29655.CDS.13,0.0,-0.012236331724001568
DM_RNA_1122949.3.peg.20,0.0,-0.051279894502302664
DM_RNA_g.29655.CDS.26,0.0,-0.03572067555520123
DM_RNA_g.29655.CDS.32,0.0,-0.051279894502302664
DM_RNA_g.29655.CDS.33,0.0,-0.05158803172360352
DM_RNA_g.29655.CDS.34,0.0,-0.03130857894291483
DM_RNA_g.29655.CDS.39,0.0,-0.04109984249151325
DM_RNA_g.29655.CDS.44,0.0,-0.02620668832132636
DM_RNA_g.29655.CDS.51,0.0,-0.03393248293741106
DM_RNA_g.29655.CDS.55,0.0,-0.028251884973767058
DM_RNA_g.29655.CDS.60,-8.202448914825317e-31,2.3204503561830858e-32
DM_RNA_g.29655.CDS.72,0.0,-0.02776400188308119
DM_RNA_g.29655.CDS.78,0.0,-0.03639744268648185
DM_RNA_g.29655.CDS.79,0.0,-0.010993818625191866
DM_RNA_g.29655.CDS.80,0.0,3.032279534910227e-32
DM_RNA_g.29655.CDS.85,7.329584785275097e-32,0.0
DM_RNA_g.29655.CDS.86,0.0,-0.023340305148404586
DM_RNA_g.29655.CDS.87,0.0,-0.00780863489031878
DM_RNA_g.29655.CDS.88,0.0,-0.02331920768622613
DM_RNA_g.29655.CDS.91,0.0,-0.01939371016970834
DM_RNA_g.29655.CDS.94,0.0,-0.03569659124240342
DM_RNA_g.29655.CDS.96,-2.551416375128475e-35,0.0
DM_RNA_g.29655.CDS.98,0.0,-0.05287726935958152
DM_RNA_g.29655.CDS.103,0.0,-0.04408615373820712
DM_RNA_1122949.3.peg.110,0.0,-0.01662303649306522
DM_RNA_g.29655.CDS.115,0.0,3.975144181706266e-32
DM_RNA_g.29655.CDS.117,0.0,-0.016491605968027418
DM_RNA_g.29655.CDS.118,0.0,-0.015845300165519723
DM_RNA_g.29655.CDS.125,0.0,-0.04226756075344479
DM_RNA_g.29655.CDS.127,0.0,0.0
DM_RNA_g.29655.CDS.131,0.0,-0.03692228701486741
DM_RNA_g.29655.CDS.132,9.739269645492401e-32,-2.465984312109098e-31
DM_RNA_g.29655.CDS.137,0.0,0.0
DM_RNA_1122949.3.peg.138,0.0,0.0
DM_RNA_1122949.3.peg.139,0.0,0.0
DM_RNA_1122949.3.peg.140,0.0,0.0
DM_RNA_g.29655.CDS.141,0.0,-0.042310933048352005
DM_RNA_g.29655.CDS.149,0.0,-0.008052319557919008
DM_RNA_1122949.3.peg.154,0.0,-0.030277943827784964
DM_RNA_g.29655.CDS.156,0.0,-0.033333934957936566
DM_RNA_g.29655.CDS.160,0.0,0.0
DM_RNA_g.29655.CDS.163,0.0,-0.02961196292937889
DM_RNA_g.29655.CDS.167,0.0,-0.033344002779856136
DM_RNA_g.29655.CDS.175,0.0,-0.02500078446461452
DM_RNA_g.29655.CDS.176,0.0,-0.004745949507932944
DM_RNA_g.29655.CDS.179,0.0,-0.023697130695599023
DM_RNA_1122949.3.peg.181,0.0,-0.01585060728448316
DM_RNA_g.29655.CDS.184,9.739269645492401e-32,0.0
DM_RNA_1122949.3.peg.187,0.0,-0.026270114670452017
DM_RNA_g.29655.CDS.190,9.739269645492401e-32,0.0
DM_RNA_1122949.3.peg.192,0.0,-4.690559636070442e-32
DM_RNA_g.29655.CDS.193,0.0,-0.09303825363832272
DM_RNA_g.29655.CDS.194,0.0,-0.009152770128521203
DM_RNA_g.29655.CDS.198,0.0,-0.014515261078913723
DM_RNA_g.29655.CDS.202,0.0,4.390796240511833e-32
DM_RNA_g.29655.CDS.207,0.0,-0.09296136904030837
DM_RNA_g.29655.CDS.209,0.0,-0.029121029714460605
DM_RNA_g.29655.CDS.210,0.0,-0.019466552325021067
DM_RNA_g.29655.CDS.213,0.0,-0.04411072476759666
DM_RNA_g.29655.CDS.221,0.0,-0.04280391714657638
DM_RNA_1122949.3.peg.223,0.0,-0.033330567802101176
DM_RNA_g.29655.CDS.224,0.0,-0.017326224323582384
DM_RNA_g.29655.CDS.227,0.0,-0.02357158914319726
DM_RNA_1122949.3.peg.236,0.0,-0.03130857894291483
DM_RNA_g.29655.CDS.242,0.0,-0.019743741161330867
DM_RNA_g.29655.CDS.254,0.0,0.0
DM_RNA_g.29655.CDS.262,0.0,-0.007115509224425336
DM_RNA_g.29655.CDS.263,0.0,-0.022494240577910538
DM_RNA_g.29655.CDS.272,0.0,-0.02531617011212691
DM_RNA_g.29655.CDS.292,7.858826781426213e-31,0.0
DM_RNA_g.29655.CDS.297,0.0,-0.029915452676007707
DM_RNA_g.29655.CDS.298,1.569829461211556e-32,0.0
DM_RNA_g.29655.CDS.305,0.0,-0.07355370086904905
DM_RNA_g.29655.CDS.309,0.0,0.0
DM_RNA_g.29655.CDS.311,0.0,-0.025009288253867303
DM_RNA_g.29655.CDS.315,0.0,-0.028588574687055515
DM_RNA_g.29655.CDS.317,0.0,-3.70275439582454e-32
DM_RNA_g.29655.CDS.318,0.0,-0.02055634848899739
DM_RNA_g.29655.CDS.324,0.0,-0.02375620347380992
DM_RNA_g.29655.CDS.328,9.739269645492401e-32,5.030016461057636e-32
DM_RNA_g.29655.CDS.337,0.0,-0.02517835190103013
DM_RNA_g.29655.CDS.344,0.0,-0.03570343279910202
DM_RNA_g.29655.CDS.346,0.0,-0.02313003600152793
DM_RNA_1122949.3.peg.348,0.0,-0.01917320786682337
DM_RNA_g.29655.CDS.359,0.0,-0.019057050296514944
DM_RNA_g.29655.CDS.365,0.0,-0.0227860038046858
DM_RNA_g.29655.CDS.377,0.0,-0.027273109234360958
DM_RNA_g.29655.CDS.384,0.0,-0.018190426655645058
DM_RNA_g.29655.CDS.387,0.0,0.0
DM_RNA_g.29655.CDS.392,9.739269645492401e-32,7.261459528680327e-32
DM_RNA_g.29655.CDS.393,0.0,-0.034395056528272926
DM_RNA_g.29655.CDS.395,0.0,-0.028460201630068162
DM_RNA_1122949.3.peg.400,0.0,2.0472764093452265e-32
DM_RNA_1122949.3.peg.401,0.0,-0.023219764281908334
DM_RNA_g.29655.CDS.408,0.0,-0.044966082230974785
DM_RNA_g.29655.CDS.410,0.0,-2.61935109653849e-32
DM_RNA_g.29655.CDS.413,0.0,-0.026505281676309198
DM_RNA_g.29655.CDS.415,0.0,-0.025862648554728085
DM_RNA_g.29655.CDS.421,0.0,-0.0815599492607615
DM_RNA_g.29655.CDS.423,0.0,-0.024291147507934308
DM_RNA_1122949.3.peg.427,0.0,-0.02517835190103013
DM_RNA_g.29655.CDS.431,0.0,-0.019897141806579647
DM_RNA_g.29655.CDS.432,0.0,-0.014349732420770823
DM_RNA_g.29655.CDS.437,0.0,-2.1906022564430697e-32
DM_RNA_g.29655.CDS.438,0.0,-0.035133139826240084
DM_RNA_g.29655.CDS.439,0.0,-0.025910506510257548
DM_RNA_g.29655.CDS.440,0.0,0.0
DM_RNA_g.29655.CDS.442,0.0,-0.02917356980933118
DM_RNA_g.29655.CDS.446,0.0,-0.02407408346585946
DM_RNA_g.29655.CDS.453,0.0,-0.055935551450451704
DM_RNA_g.29655.CDS.455,0.0,-0.011302866520237447
DM_RNA_g.29655.CDS.456,0.0,-0.022171442888792303
DM_RNA_g.29655.CDS.464,0.0,-0.0461209785759635
DM_RNA_g.29655.CDS.466,0.0,-0.022643882164628485
DM_RNA_g.29655.CDS.469,0.0,-0.02425136791375752
DM_RNA_1122949.3.peg.483,0.0,0.0
DM_RNA_g.29655.CDS.485,0.0,-0.03415346972402669
DM_RNA_g.29655.CDS.495,0.0,-0.013189419194400092
DM_RNA_g.29655.CDS.497,0.0,-0.02050774077044317
DM_RNA_g.29655.CDS.498,0.0,-0.017107223136953068
DM_RNA_g.29655.CDS.507,0.0,0.0
DM_RNA_g.29655.CDS.511,0.0,-0.018868295811786867
DM_RNA_1122949.3.peg.516,0.0,-0.02493604095328806
DM_RNA_1122949.3.peg.519,0.0,0.0
DM_RNA_g.29655.CDS.521,0.0,-0.013795474596794276
DM_RNA_1122949.3.peg.528,0.0,1.3166499165164602e-31
DM_RNA_g.29655.CDS.535,0.0,-0.022052812848639986
DM_RNA_g.29655.CDS.537,0.0,0.0
DM_RNA_g.29655.CDS.542,0.0,-0.06237248825654848
DM_RNA_g.29655.CDS.543,0.0,-0.018994286029197397
DM_RNA_g.29655.CDS.551,0.0,-0.016733782706170063
DM_RNA_g.29655.CDS.552,0.0,-5.526025471464064e-32
DM_RNA_g.29655.CDS.554,0.0,2.901898537281046e-32
DM_RNA_g.29655.CDS.555,0.0,-0.007816033969254158
DM_RNA_g.29655.CDS.557,0.0,-0.01341844069043151
DM_RNA_g.29655.CDS.564,0.0,-0.040257847588967346
DM_RNA_g.29655.CDS.571,9.739269645492401e-32,0.0
DM_RNA_g.29655.CDS.572,0.0,0.0
DM_RNA_g.29655.CDS.577,0.0,-0.0720656333925383
DM_RNA_g.29655.CDS.579,0.0,-0.03234269918963996
DM_RNA_g.29655.CDS.580,0.0,-0.023955837852186364
DM_RNA_g.29655.CDS.581,0.0,0.0
DM_RNA_g.29655.CDS.582,0.0,-0.039437262677882966
DM_RNA_g.29655.CDS.588,0.0,-0.034239498492949036
DM_RNA_g.29655.CDS.593,0.0,-0.023902290357214542
DM_RNA_g.29655.CDS.594,0.0,-0.02451802126303881
DM_RNA_g.29655.CDS.596,0.0,-0.022278679847228266
DM_RNA_1122949.3.peg.596,0.0,-0.024123022575119883
DM_RNA_1122949.3.peg.597,0.0,0.0
DM_RNA_1122949.3.peg.598,0.0,0.0
DM_RNA_g.29655.CDS.601,0.0,-4.4341978461368474e-32
DM_RNA_g.29655.CDS.604,0.0,0.0
DM_RNA_g.29655.CDS.611,0.0,-0.025670794332576376
DM_RNA_g.29655.CDS.616,0.0,0.0
DM_RNA_g.29655.CDS.617,0.0,-0.0269072554318444
DM_RNA_g.29655.CDS.624,0.0,-0.03400874976927993
DM_RNA_g.29655.CDS.626,0.0,-4.2770052852736674e-32
DM_RNA_g.29655.CDS.629,0.0,-0.02590468294664583
DM_RNA_g.29655.CDS.631,0.0,0.0
DM_RNA_g.29655.CDS.636,0.0,-0.0690009247340802
DM_RNA_g.29655.CDS.638,0.0,-0.022991870032768025
DM_RNA_g.29655.CDS.643,-3.375851692610622e-31,0.0
DM_RNA_g.29655.CDS.648,0.0,0.0
DM_RNA_g.29655.CDS.659,0.0,-0.04180658880883378
DM_RNA_g.29655.CDS.663,0.0,-0.016468687028948704
DM_RNA_g.29655.CDS.669,0.0,-2.278850693348359e-32
DM_RNA_g.29655.CDS.678,0.0,-0.020603483244868503
DM_RNA_g.29655.CDS.679,0.0,-0.007417518702996607
DM_RNA_g.29655.CDS.683,0.0,-3.368091145572981e-32
DM_RNA_g.29655.CDS.685,0.0,-0.026123105683889005
DM_RNA_g.29655.CDS.687,0.0,-0.027301268991854137
DM_RNA_g.29655.CDS.693,0.0,-0.03394972523999208
DM_RNA_g.29655.CDS.697,0.0,-0.02549500343488425
DM_RNA_1122949.3.peg.702,0.0,0.0
DM_RNA_1122949.3.peg.705,0.0,-0.026558498613296462
DM_RNA_g.29655.CDS.709,0.0,-0.02160633391415899
DM_RNA_g.29655.CDS.711,9.739269645492401e-32,0.0
DM_RNA_g.29655.CDS.718,0.0,-0.018926565108037655
DM_RNA_g.29655.CDS.739,0.0,-0.011770728479755086
DM_RNA_g.29655.CDS.742,0.0,-0.010642875428421227
DM_RNA_1122949.3.peg.743,0.0,-0.02374445288783247
DM_RNA_g.29655.CDS.745,0.0,-0.016558111713140245
DM_RNA_g.29655.CDS.747,0.0,-0.02755965527732909
DM_RNA_g.29655.CDS.755,0.0,-0.024407496487231724
DM_RNA_g.29655.CDS.756,0.0,-0.040577003988805815
DM_RNA_g.29655.CDS.760,0.0,-0.03792436044516336
DM_RNA_g.29655.CDS.767,0.0,-0.0170928142146165
DM_RNA_g.29655.CDS.768,0.0,-0.0312838592457229
DM_RNA_g.29655.CDS.777,0.0,0.0
DM_RNA_g.29655.CDS.783,0.0,-0.01868843743665431
DM_RNA_g.29655.CDS.784,0.0,-4.644293245177272e-32
DM_RNA_g.29655.CDS.785,0.0,-0.006064031651050178
DM_RNA_g.29655.CDS.790,0.0,-0.019891908122698355
DM_RNA_g.29655.CDS.792,0.0,-0.03692422486087943
DM_RNA_g.29655.CDS.795,0.0,-0.02295356756303749
DM_RNA_g.29655.CDS.803,0.0,-0.018546262325601137
DM_RNA_g.29655.CDS.804,0.0,-0.030696972580803197
DM_RNA_g.29655.CDS.806,0.0,-0.025072835776530366
DM_RNA_g.29655.CDS.817,0.0,-0.005926479173695916
DM_RNA_g.29655.CDS.820,0.0,-0.022475507866881614
DM_RNA_g.29655.CDS.822,0.0,-0.0208242093133055
DM_RNA_g.29655.CDS.827,0.0,-0.06262381135889046
DM_RNA_g.29655.CDS.829,0.0,0.0
DM_RNA_g.29655.CDS.831,0.0,-0.015846705975706386
DM_RNA_1122949.3.peg.842,0.0,0.0
DM_RNA_1122949.3.peg.843,0.0,0.0
DM_RNA_g.29655.CDS.849,0.0,-0.03755995763709659
DM_RNA_g.29655.CDS.853,0.0,0.0
DM_RNA_g.29655.CDS.854,0.0,-6.400345056999599e-32
DM_RNA_g.29655.CDS.872,0.0,-0.0671710272797166
DM_RNA_g.29655.CDS.879,0.0,-0.025327642836266415
DM_RNA_g.29655.CDS.880,-1.2958150208058335e-30,-6.36573758082654e-32
DM_RNA_1122949.3.peg.880,0.0,-0.03156669493630785
DM_RNA_g.29655.CDS.883,0.0,-0.020844800474009655
DM_RNA_g.29655.CDS.888,0.0,-0.05465629797919347
DM_RNA_g.29655.CDS.891,0.0,-0.015971498538079627
DM_RNA_g.29655.CDS.896,0.0,-0.011510805578780429
DM_RNA_g.29655.CDS.906,0.0,-0.016339983337809172
DM_RNA_g.29655.CDS.911,0.0,-0.010269812537523806
DM_RNA_g.29655.CDS.922,0.0,-4.8538169169092095e-32
DM_RNA_g.29655.CDS.928,0.0,-0.03230057319804516
DM_RNA_g.29655.CDS.931,0.0,-0.023513867548270947
DM_RNA_g.29655.CDS.938,0.0,-0.03628576487341355
DM_RNA_g.29655.CDS.941,0.0,-0.013810535914066927
DM_RNA_g.29655.CDS.942,0.0,-0.013362594309636159
DM_RNA_1122949.3.peg.942,0.0,-0.017891215759531818
DM_RNA_1122949.3.peg.943,0.0,0.0
DM_RNA_1122949.3.peg.944,0.0,0.0
DM_RNA_1122949.3.peg.945,0.0,3.825806579926917e-32
DM_RNA_1122949.3.peg.946,0.0,-2.2805876061808123e-32
DM_RNA_g.29655.CDS.947,0.0,-0.045008302241468394
DM_RNA_1122949.3.peg.947,0.0,-0.03961459583007541
DM_RNA_1122949.3.peg.948,0.0,-0.03290217663864703
DM_RNA_g.29655.CDS.950,0.0,3.310467794681763e-32
DM_RNA_g.29655.CDS.960,0.0,-0.013996847463234086
DM_RNA_g.29655.CDS.963,0.0,-0.03587132293537221
DM_RNA_g.29655.CDS.965,0.0,-0.029270291055688177
DM_RNA_1122949.3.peg.969,0.0,-0.03067018423506233
DM_RNA_1122949.3.peg.970,0.0,-0.06069625903205749
DM_RNA_g.29655.CDS.975,0.0,4.2293296017802534e-32
DM_RNA_g.29655.CDS.976,0.0,-0.006720984292281001
DM_RNA_1122949.3.peg.979,0.0,0.0
DM_RNA_g.29655.CDS.982,0.0,-0.04271425066350213
DM_RNA_g.29655.CDS.984,0.0,0.0
DM_RNA_g.29655.CDS.985,0.0,-0.015015064650781248
DM_RNA_g.29655.CDS.986,0.0,-0.035269869502986384
DM_RNA_g.29655.CDS.995,0.0,-0.026497824641430235
DM_RNA_1122949.3.peg.996,0.0,1.1517791043590501e-31
DM_RNA_g.29655.CDS.999,0.0,-0.011246945419042843
DM_RNA_g.29655.CDS.1007,0.0,-0.004659937674307659
DM_RNA_g.29655.CDS.1014,0.0,-0.02122398776029999
DM_RNA_1122949.3.peg.1014,0.0,-0.03532076500020417
DM_RNA_g.29655.CDS.1015,0.0,-0.026968662213143164
DM_RNA_g.29655.CDS.1016,0.0,-0.014368388101441384
DM_RNA_g.29655.CDS.1019,9.739269645492401e-32,-6.998894211403922e-32
DM_RNA_g.29655.CDS.1023,0.0,-0.009710622959480886
DM_RNA_1122949.3.peg.1023,0.0,-0.018438122263176728
DM_RNA_1122949.3.peg.1024,0.0,-0.01648913043167033
DM_RNA_g.29655.CDS.1026,0.0,-0.03146123035390187
DM_RNA_g.29655.CDS.1033,0.0,-0.020616169347416943
DM_RNA_g.29655.CDS.1035,9.739269645492401e-32,0.0
DM_RNA_g.29655.CDS.1040,0.0,0.0
DM_RNA_g.29655.CDS.1043,0.0,-0.09995506969042656
DM_RNA_g.29655.CDS.1045,0.0,-5.406669166975219e-32
DM_RNA_g.29655.CDS.1049,0.0,-0.029844864107433245
DM_RNA_1122949.3.peg.1053,0.0,-0.03818514716924577
DM_RNA_g.29655.CDS.1055,0.0,-0.009387458251924176
DM_RNA_g.29655.CDS.1056,0.0,-0.018465287127867665
DM_RNA_g.29655.CDS.1058,0.0,-0.01405778381965296
DM_RNA_g.29655.CDS.1059,0.0,-0.00490454887028834
DM_RNA_g.29655.CDS.1060,0.0,-0.040173674754174916
DM_RNA_g.29655.CDS.1062,9.739269645492401e-32,0.0
DM_RNA_g.29655.CDS.1065,0.0,-0.005057293412355826
DM_RNA_1122949.3.peg.1065,0.0,-0.017190533758062208
DM_RNA_1122949.3.peg.1066,0.0,-0.025430550235745256
DM_RNA_g.29655.CDS.1070,0.0,-0.007658785279715546
DM_RNA_1122949.3.peg.1081,0.0,-0.03146123035390187
DM_RNA_g.29655.CDS.1084,0.0,-0.0154778845814928
DM_RNA_g.29655.CDS.1089,0.0,-0.0039512925256213185
DM_RNA_1122949.3.peg.1098,0.0,-0.012606272720105297
DM_RNA_g.29655.CDS.1100,0.0,-0.02370193690600248
DM_RNA_g.29655.CDS.1105,0.0,-0.02967664449198662
DM_RNA_1122949.3.peg.1106,0.0,-0.01854277912476122
DM_RNA_g.29655.CDS.1110,0.0,-0.008137437086609647
DM_RNA_g.29655.CDS.1111,0.0,-0.01334653289763676
DM_RNA_g.29655.CDS.1112,0.0,-0.011990067281803967
DM_RNA_g.29655.CDS.1113,0.0,-0.011042107780739531
DM_RNA_g.29655.CDS.1116,0.0,-0.05947032416816851
DM_RNA_1122949.3.peg.1120,0.0,-0.02388029402990888
DM_RNA_g.29655.CDS.1128,0.0,3.991341502506661e-32
DM_RNA_g.29655.CDS.1131,0.0,-0.013981486392988214
DM_RNA_1122949.3.peg.1135,0.0,-0.032616239414853476
DM_RNA_g.29655.CDS.1146,0.0,-0.03401279964861263
DM_RNA_1122949.3.peg.1149,0.0,-0.02435498477444452
DM_RNA_g.29655.CDS.1151,0.0,-0.06942562038070471
DM_RNA_g.29655.CDS.1167,0.0,3.48205362279108e-32
DM_RNA_g.29655.CDS.1174,0.0,-0.017174142373790943
DM_RNA_g.29655.CDS.1176,0.0,-0.09133711563497471
DM_RNA_1122949.3.peg.1178,0.0,-0.01575937048893247
DM_RNA_g.29655.CDS.1179,9.739269645492401e-32,0.0
DM_RNA_g.29655.CDS.1185,0.0,-0.037095812330843074
DM_RNA_g.29655.CDS.1186,0.0,-0.044968968493726544
DM_RNA_g.29655.CDS.1188,0.0,-0.01575937048893247
DM_RNA_g.29655.CDS.1190,0.0,-0.01571633838563865
DM_RNA_g.29655.CDS.1192,0.0,-0.06342213203393812
DM_RNA_1122949.3.peg.1192,0.0,-0.03054706718739166
DM_RNA_1122949.3.peg.1193,0.0,0.0
DM_RNA_g.29655.CDS.1200,0.0,-0.00901525038508054
DM_RNA_g.29655.CDS.1208,0.0,-0.02791747673826136
DM_RNA_g.29655.CDS.1214,0.0,-0.06069625903205749
DM_RNA_g.29655.CDS.1222,0.0,-0.004975445536441408
DM_RNA_g.29655.CDS.1225,0.0,5.424186212288863e-32
DM_RNA_g.29655.CDS.1227,0.0,-0.03439443032305909
DM_RNA_g.29655.CDS.1235,6.592961143704929e-31,-8.982936791014342e-32
DM_RNA_g.29655.CDS.1237,0.0,-0.034537176692945974
DM_RNA_g.29655.CDS.1239,0.0,-0.014376752479170295
DM_RNA_g.29655.CDS.1241,0.0,-0.03437423435636772
DM_RNA_g.29655.CDS.1243,0.0,-0.03248675625185834
DM_RNA_g.29655.CDS.1247,0.0,-0.016875499141235192
DM_RNA_g.29655.CDS.1250,0.0,-0.016018615906058346
DM_RNA_g.29655.CDS.1251,0.0,0.0
DM_RNA_g.29655.CDS.1254,0.0,-0.00757843878629149
DM_RNA_g.29655.CDS.1263,0.0,-0.007354148267943275
DM_RNA_g.29655.CDS.1269,0.0,-0.05467816496105101
DM_RNA_g.29655.CDS.1271,0.0,-0.01712553465523672
DM_RNA_g.29655.CDS.1274,0.0,-0.03922882636392867
DM_RNA_g.29655.CDS.1276,0.0,-0.038249576810875534
DM_RNA_g.29655.CDS.1279,0.0,-0.036443132692765105
DM_RNA_g.29655.CDS.1281,0.0,-0.03110123110543851
DM_RNA_1122949.3.peg.1281,0.0,-0.020330372500986394
DM_RNA_g.29655.CDS.1285,0.0,-3.499094877631617e-32
DM_RNA_g.29655.CDS.1289,0.0,-0.032446186911387884
DM_RNA_g.29655.CDS.1291,0.0,-2.0468937903323378e-32
DM_RNA_g.29655.CDS.1293,9.739269645492401e-32,-7.577792038867802e-32
DM_RNA_g.29655.CDS.1298,0.0,-0.0118502684064106
DM_RNA_g.29655.CDS.1300,0.0,-0.009242278578252145
DM_RNA_1122949.3.peg.1301,0.0,-0.016875499141235192
DM_RNA_g.29655.CDS.1306,0.0,-0.031701434714480795
DM_RNA_g.29655.CDS.1307,0.0,-0.021886202069996516
DM_RNA_g.29655.CDS.1312,0.0,-0.02493420053509038
DM_RNA_g.29655.CDS.1316,0.0,-0.03177827271164318
DM_RNA_g.29655.CDS.1318,0.0,-0.0074115097108762495
DM_RNA_1122949.3.peg.1329,0.0,-2.5868850659679026e-32
DM_RNA_1122949.3.peg.1330,0.0,-0.03157839623227828
DM_RNA_g.29655.CDS.1331,0.0,-0.013180370464524015
DM_RNA_g.29655.CDS.1332,0.0,-0.016471679330354778
DM_RNA_g.29655.CDS.1333,0.0,-4.424347878172713e-32
DM_RNA_g.29655.CDS.1338,0.0,-0.02172350223190552
DM_RNA_g.29655.CDS.1343,0.0,-0.020673326363594056
DM_RNA_g.29655.CDS.1345,0.0,0.0
DM_RNA_g.29655.CDS.1347,0.0,0.0
DM_RNA_g.29655.CDS.1348,0.0,-0.02327810854464466
DM_RNA_g.29655.CDS.1349,0.0,-0.008846648744800524
DM_RNA_g.29655.CDS.1351,0.0,-0.014188984940138013
DM_RNA_g.29655.CDS.1356,9.739269645492401e-32,6.59160493042536e-32
DM_RNA_g.29655.CDS.1357,0.0,-0.02285056470422393
DM_RNA_g.29655.CDS.1363,0.0,-0.012200072945171553
DM_RNA_g.29655.CDS.1364,0.0,-0.055003621648408746
DM_RNA_g.29655.CDS.1367,0.0,0.0
DM_RNA_g.29655.CDS.1371,0.0,-0.0347342067742996
DM_RNA_g.29655.CDS.1376,0.0,-0.01854277912476122
DM_RNA_g.29655.CDS.1377,0.0,-0.010448241167610027
DM_RNA_g.29655.CDS.1379,0.0,-0.03021860864487305
DM_RNA_g.29655.CDS.1380,0.0,-0.011232348170672559
DM_RNA_g.29655.CDS.1383,0.0,-0.016709319187112697
DM_RNA_g.29655.CDS.1384,0.0,-0.014138187248085007
DM_RNA_g.29655.CDS.1393,0.0,-0.046431361098200244
DM_RNA_g.29655.CDS.1394,9.739269645492401e-32,0.0
DM_RNA_g.29655.CDS.1395,0.0,-0.023716549365423466
DM_RNA_1122949.3.peg.1397,0.0,-0.012247852394958517
DM_RNA_g.29655.CDS.1398,0.0,-0.012414628319476905
DM_RNA_1122949.3.peg.1398,0.0,-0.03177827271164318
DM_RNA_1122949.3.peg.1399,0.0,0.0
DM_RNA_1122949.3.peg.1400,0.0,0.0
DM_RNA_g.29655.CDS.1405,0.0,-0.04840750386866392
DM_RNA_g.29655.CDS.1406,0.0,-0.02222207605840718
DM_RNA_g.29655.CDS.1408,0.0,-0.012469422759493096
DM_RNA_g.29655.CDS.1411,9.739269645492401e-32,0.0
DM_RNA_g.29655.CDS.1412,0.0,-0.01469907179444892
DM_RNA_g.29655.CDS.1413,0.0,-0.014021567273394884
DM_RNA_g.29655.CDS.1414,0.0,-0.016413050015228203
DM_RNA_g.29655.CDS.1416,0.0,-0.016186757074565482
DM_RNA_g.29655.CDS.1418,0.0,-0.016250759296883514
DM_RNA_g.29655.CDS.1420,-1.2416921985555471e-29,-3.9470725362309246e-32
DM_RNA_1122949.3.peg.1420,0.0,0.0
DM_RNA_1122949.3.peg.1421,0.0,-4.8258435644142386e-32
DM_RNA_g.29655.CDS.1423,9.739269645492401e-32,3.0933932427103655e-32
DM_RNA_1122949.3.peg.1424,0.0,4.8186995744706433e-32
DM_RNA_g.29655.CDS.1425,0.0,-0.016396219273616754
DM_RNA_g.29655.CDS.1435,0.0,-0.007030486113985454
DM_RNA_1122949.3.peg.1437,0.0,-0.04786482847522632
DM_RNA_g.29655.CDS.1439,0.0,-0.025213830886673488
DM_RNA_1122949.3.peg.1443,0.0,-0.02072676358382625
DM_RNA_1122949.3.peg.1444,0.0,0.0
DM_RNA_1122949.3.peg.1449,0.0,-0.034764062709263265
DM_RNA_g.29655.CDS.1450,0.0,-0.014629705780687762
DM_RNA_g.29655.CDS.1451,0.0,3.0266774825934464e-31
DM_RNA_1122949.3.peg.1453,0.0,-0.03198700639707316
DM_RNA_1122949.3.peg.1454,0.0,-0.023263567454579852
DM_RNA_1122949.3.peg.1455,0.0,-0.032209469912489366
DM_RNA_1122949.3.peg.1456,0.0,-0.027721578654981212
DM_RNA_g.29655.CDS.1458,0.0,-0.01745387278262522
DM_RNA_g.29655.CDS.1460,0.0,-0.02421658124566314
DM_RNA_g.29655.CDS.1462,0.0,0.0
DM_RNA_1122949.3.peg.1463,0.0,-0.02222207605840718
DM_RNA_1122949.3.peg.1464,0.0,-0.03868316245349784
DM_RNA_g.29655.CDS.1465,0.0,-0.007505809668574599
DM_RNA_1122949.3.peg.1465,0.0,0.0
DM_RNA_g.29655.CDS.1466,0.0,-0.01843431883480957
DM_RNA_1122949.3.peg.1466,0.0,-2.939540898862579e-32
DM_RNA_g.29655.CDS.1469,0.0,-0.008383166732280713
DM_RNA_g.29655.CDS.1474,0.0,0.0
DM_RNA_g.29655.CDS.1478,0.0,-0.050597151604057373
DM_RNA_g.29655.CDS.1482,0.0,-0.017053322624521153
DM_RNA_g.29655.CDS.1485,0.0,-0.02704285144599646
DM_RNA_g.29655.CDS.1486,0.0,-0.023479111949569413
DM_RNA_g.29655.CDS.1487,0.0,-0.03806049390542754
DM_RNA_g.29655.CDS.1488,0.0,-0.018479794063731205
DM_RNA_g.29655.CDS.1490,0.0,-0.00883847564479639
DM_RNA_g.29655.CDS.1491,0.0,-0.02858853097909944
DM_RNA_g.29655.CDS.1493,0.0,-0.009565809341184239
DM_RNA_g.29655.CDS.1495,0.0,-0.011034889005486452
DM_RNA_g.29655.CDS.1498,0.0,-0.018210221391824176
DM_RNA_g.29655.CDS.1499,0.0,-0.005054746371672058
DM_RNA_g.29655.CDS.1502,0.0,-0.003565819275044122
DM_RNA_g.29655.CDS.1504,0.0,-0.005371376789240205
DM_RNA_g.29655.CDS.1508,0.0,-0.018543416115803703
DM_RNA_g.29655.CDS.1512,0.0,-0.02257625161384788
DM_RNA_g.29655.CDS.1514,0.0,-0.016574287108124548
DM_RNA_g.29655.CDS.1517,0.0,4.8186995744706433e-32
DM_RNA_g.29655.CDS.1521,0.0,-0.02835770552717746
DM_RNA_g.29655.CDS.1522,0.0,-0.019060377905234745
DM_RNA_g.29655.CDS.1525,0.0,-0.032070495391109004
DM_RNA_g.29655.CDS.1529,0.0,-0.02928814987661087
DM_RNA_g.29655.CDS.1531,0.0,-0.015444277272576717
DM_RNA_g.29655.CDS.1534,0.0,-0.010911116879276627
DM_RNA_g.29655.CDS.1537,0.0,-0.013776385462165653
DM_RNA_g.29655.CDS.1538,0.0,2.757213976382008e-32
DM_RNA_g.29655.CDS.1544,0.0,-0.05461020405694175
DM_RNA_g.29655.CDS.1545,0.0,-0.023808012026269896
DM_RNA_g.29655.CDS.1554,0.0,-0.045880015480611366
DM_RNA_g.29655.CDS.1557,0.0,0.0
DM_RNA_g.29655.CDS.1559,0.0,0.0
DM_RNA_g.29655.CDS.1564,0.0,-0.023349791948450535
DM_RNA_g.29655.CDS.1565,0.0,-0.0383963823897652
DM_RNA_g.29655.CDS.1568,0.0,-0.01049240744396581
DM_RNA_1122949.3.peg.1569,0.0,0.0
DM_RNA_g.29655.CDS.1571,0.0,-0.020576959743198647
DM_RNA_g.29655.CDS.1576,0.0,0.0
DM_RNA_g.29655.CDS.1581,0.0,-0.046559779415618216
DM_RNA_g.29655.CDS.1582,0.0,-0.012536060539216742
DM_RNA_g.29655.CDS.1588,0.0,-0.03439821180056537
DM_RNA_1122949.3.peg.1590,0.0,-0.023449648125663386
DM_RNA_g.29655.CDS.1591,0.0,-0.018607106836256736
DM_RNA_g.29655.CDS.1592,0.0,-0.02301694709925029
DM_RNA_g.29655.CDS.1594,0.0,-0.014884154619186001
DM_RNA_g.29655.CDS.1596,0.0,-0.0048913924741242265
DM_RNA_g.29655.CDS.1601,0.0,-0.0260334664885707
DM_RNA_1122949.3.peg.1601,0.0,-0.03187860548335263
DM_RNA_g.29655.CDS.1607,0.0,-0.011127762680297323
DM_RNA_g.29655.CDS.1611,0.0,-0.02435498477444452
DM_RNA_g.29655.CDS.1613,0.0,-3.5494440766106726e-32
DM_RNA_g.29655.CDS.1617,0.0,-0.019299885010721687
DM_RNA_g.29655.CDS.1624,0.0,-0.018297680247272533
DM_RNA_g.29655.CDS.1628,0.0,-0.02074408855391304
DM_RNA_g.29655.CDS.1629,0.0,1.6461761614936968e-32
DM_RNA_g.29655.CDS.1630,0.0,0.0
DM_RNA_g.29655.CDS.1632,0.0,-0.014193626115782268
DM_RNA_g.29655.CDS.1636,0.0,-0.00576338972272029
DM_RNA_1122949.3.peg.1636,0.0,-3.3860772041066984e-32
DM_RNA_1122949.3.peg.1638,0.0,0.0
DM_RNA_1122949.3.peg.1639,0.0,0.0
DM_RNA_g.29655.CDS.1640,0.0,-0.03609912412867704
DM_RNA_g.29655.CDS.1641,0.0,-0.008900706003405576
DM_RNA_g.29655.CDS.1647,0.0,-0.023174757548964264
DM_RNA_1122949.3.peg.1649,0.0,-0.026665283897160198
DM_RNA_1122949.3.peg.1650,0.0,-0.03625717603394104
DM_RNA_g.29655.CDS.1652,0.0,-0.01750482298199005
DM_RNA_g.29655.CDS.1655,0.0,-0.018209192744172736
DM_RNA_1122949.3.peg.1663,0.0,-0.0313934512105637
DM_RNA_1122949.3.peg.1664,0.0,-0.01955081534012579
DM_RNA_1122949.3.peg.1665,0.0,-0.03978286723370205
DM_RNA_1122949.3.peg.1666,0.0,-0.033859970375166554
DM_RNA_g.29655.CDS.1667,0.0,-0.01973005804886416
DM_RNA_g.29655.CDS.1672,0.0,-0.02160708746067366
DM_RNA_g.29655.CDS.1676,0.0,-0.09428461366509332
DM_RNA_g.29655.CDS.1677,0.0,-0.009551228459770753
DM_RNA_g.29655.CDS.1678,0.0,-0.031407404674838005
DM_RNA_g.29655.CDS.1680,0.0,-0.03515897237184576
DM_RNA_g.29655.CDS.1681,0.0,-0.020318185378095738
DM_RNA_g.29655.CDS.1682,0.0,-0.025195811611332646
DM_RNA_g.29655.CDS.1683,0.0,-0.04207174855374304
DM_RNA_g.29655.CDS.1684,0.0,-0.05076241125451272
DM_RNA_g.29655.CDS.1690,0.0,-0.038870733965476176
DM_RNA_1122949.3.peg.1694,0.0,-0.03994191467720659
DM_RNA_g.29655.CDS.1697,0.0,-0.05029127829995209
DM_RNA_g.29655.CDS.1700,0.0,-0.010432578809281131
DM_RNA_g.29655.CDS.1701,1.7937185398298452e-30,-4.5923859364191563e-32
DM_RNA_g.29655.CDS.1702,0.0,-0.016936795914028784
DM_RNA_g.29655.CDS.1705,0.0,-0.011304499160636191
DM_RNA_g.29655.CDS.1706,0.0,-0.015865934712848764
DM_RNA_g.29655.CDS.1710,0.0,-0.039130612780221584
DM_RNA_g.29655.CDS.1724,0.0,-0.010053035989062539
DM_RNA_g.29655.CDS.1731,0.0,-0.050531256209522514
DM_RNA_g.29655.CDS.1733,0.0,-0.03395952681770134
DM_RNA_1122949.3.peg.1735,0.0,-0.03793133833135347
DM_RNA_g.29655.CDS.1742,0.0,0.0
DM_RNA_g.29655.CDS.1746,0.0,0.0
DM_RNA_g.29655.CDS.1748,0.0,-0.0030107550174163352
DM_RNA_g.29655.CDS.1750,0.0,-0.023449648125663386
DM_RNA_g.29655.CDS.1751,0.0,-0.05710126876637573
DM_RNA_F594_RS0100295,0.0,-0.002055793108612259
DM_RNA_F594_RS0102420,0.0,-0.0019772916495977046
DM_RNA_F594_RS0102425,0.0,-0.0022580850735776786
DM_RNA_F594_RS0102495,0.0,-0.002423643513943116
DM_RNA_F594_RS0102500,0.0,-0.0020536448572174852
DM_RNA_F594_RS0102505,0.0,-0.002024385806477471
DM_RNA_F594_RS0102565,0.0,-0.0020516684317822683
DM_RNA_F594_RS0102760,0.0,-0.002024462060133319
DM_RNA_F594_RS0103225,0.0,-0.002021800638965779
DM_RNA_F594_RS0103770,0.0,-0.0023185625899509823
DM_RNA_F594_RS0103775,0.0,-0.0023105020727925128
DM_RNA_F594_RS0103780,0.0,-0.002053037269193963
DM_RNA_F594_RS0103785,0.0,-0.001999137052083662
DM_RNA_F594_RS0103790,0.0,-0.0020196142607430806
DM_RNA_F594_RS0103795,0.0,-0.0020217625121378546
DM_RNA_F594_RS0103800,0.0,-0.0020530173069609465
DM_RNA_F594_RS0103880,0.0,-0.0020241195622671573
DM_RNA_F594_RS0103885,0.0,-0.0023719678018834377
DM_RNA_F594_RS0103890,0.0,-0.0020241195622671573
DM_RNA_F594_RS0103895,0.0,-0.0020261915600060833
DM_RNA_F594_RS0103900,0.0,-0.002051402187571955
DM_RNA_F594_RS0103905,0.0,-0.0019746483930250724
DM_RNA_F594_RS0103910,0.0,-0.0022874585048014784
DM_RNA_F594_RS0103915,0.0,-0.0020196142607430806
DM_RNA_F594_RS0103920,0.0,-0.0020530173069609465
DM_RNA_F594_RS0103925,0.0,-0.0020239107635326285
DM_RNA_F594_RS0103930,0.0,-0.0019993839776461146
DM_RNA_F594_RS0103935,0.0,-0.002049690852294099
DM_RNA_F594_RS0103940,0.0,-0.002053169814272643
DM_RNA_F594_RS0103945,0.0,-0.002370675218127592
DM_RNA_F594_RS0103950,0.0,-0.00199921330573951
DM_RNA_F594_RS0103955,0.0,-0.003104974952632874
DM_RNA_F594_RS0103960,0.0,-0.003500811787180915
DM_RNA_F594_RS0104125,0.0,-0.002053474185310881
DM_RNA_F594_RS0105715,0.0,-0.002525423189999464
DM_RNA_F594_RS0105735,0.0,-0.002045660593714864
DM_RNA_F594_RS0106010,0.0,-0.0020209449713268508
DM_RNA_F594_RS0106780,0.0,-0.00204948205355957
DM_RNA_F594_RS0107020,0.0,-0.004215443014063535
DM_RNA_F594_RS0107185,0.0,-0.002396589006020695
DM_RNA_F594_RS0107310,0.0,-0.002233691986822798
DM_RNA_F594_RS0108215,0.0,-0.002525423189999464
DM_RNA_F594_RS0108980,0.0,-0.003104974952632874
DM_RNA_F594_RS0108985,0.0,-0.07531569723762428
DM_RNA_F594_RS0109085,0.0,-0.03782470356624883
DM_RNA_F594_RS0109090,0.0,-0.0020251652204605506
DM_RNA_F594_RS0109100,0.0,-0.0015732887571816827
formation_1122949.3.peg.1014-MONOMER,1.625351556454248e-11,0.0
formation_1122949.3.peg.1023-MONOMER,0.0,0.0
formation_1122949.3.peg.1024-MONOMER,0.0,0.0
formation_1122949.3.peg.1053-MONOMER,0.0,0.0
formation_1122949.3.peg.1065-MONOMER,3.864586380606429e-12,0.0
formation_1122949.3.peg.1066-MONOMER,0.0,-3.5770071321370378e-34
formation_1122949.3.peg.1098-MONOMER,2.1019991340350196e-12,0.0
formation_1122949.3.peg.110-MONOMER,0.0,0.0
formation_1122949.3.peg.1106-MONOMER,4.5999959437472013e-10,0.0
formation_1122949.3.peg.1120-MONOMER,2.5837002361064973e-12,-1.187412619523047e-34
formation_1122949.3.peg.1135-MONOMER,5.221146470432458e-46,0.0
formation_1122949.3.peg.1149-MONOMER,4.7252934391472326e-09,0.0
formation_1122949.3.peg.1178-MONOMER,1.7281930910065702e-12,0.0
formation_1122949.3.peg.1192-MONOMER,5.782579705581804e-10,1.310745238210398e-34
formation_1122949.3.peg.1193-MONOMER,0.0,1.702581459582168e-34
formation_1122949.3.peg.1281-MONOMER,0.0,-1.7047307792568967e-34
formation_1122949.3.peg.1329-MONOMER,0.0,0.0
formation_1122949.3.peg.1330-MONOMER,0.0,0.0
formation_1122949.3.peg.138-MONOMER,0.0,0.0
formation_1122949.3.peg.139-MONOMER,0.0,0.0
formation_1122949.3.peg.1397-MONOMER,0.0,0.0
formation_1122949.3.peg.1399-MONOMER,0.0,0.0
formation_1122949.3.peg.140-MONOMER,0.0,0.0
formation_1122949.3.peg.1400-MONOMER,0.0,0.0
formation_1122949.3.peg.1421-MONOMER,0.0,0.0
formation_1122949.3.peg.1424-MONOMER,0.0,1.0251165988647519e-34
formation_1122949.3.peg.1437-MONOMER,7.707942623312538e-12,-2.6675155179222292e-33
formation_1122949.3.peg.1443-MONOMER,1.4558957043914855e-12,1.7262120526733852e-34
formation_1122949.3.peg.1444-MONOMER,7.054205466772669e-56,1.353890839553798e-34
formation_1122949.3.peg.1449-MONOMER,0.0,1.8814295853795376e-33
formation_1122949.3.peg.1454-MONOMER,2.3496435395341434e-64,-3.9850098756855854e-33
formation_1122949.3.peg.1455-MONOMER,0.0,0.0
formation_1122949.3.peg.1456-MONOMER,1.2324942313396857e-63,0.0
formation_1122949.3.peg.1465-MONOMER,0.0,-1.794082030866043e-33
formation_1122949.3.peg.1466-MONOMER,0.0,0.0
formation_1122949.3.peg.154-MONOMER,0.0,-4.387356165516291e-35
formation_1122949.3.peg.1569-MONOMER,0.0,0.0
formation_1122949.3.peg.1590-MONOMER,-4.583506105683338e-43,0.0
formation_1122949.3.peg.1601-MONOMER,0.0,-1.7092867176875112e-34
formation_1122949.3.peg.1636-MONOMER,0.0,1.2918900928093466e-33
formation_1122949.3.peg.1638-MONOMER,0.0,0.0
formation_1122949.3.peg.1639-MONOMER,0.0,-3.2731162886059844e-34
formation_1122949.3.peg.1649-MONOMER,1.1559584555617526e-12,-1.7260607400973585e-33
formation_1122949.3.peg.1663-MONOMER,2.9372584506853485e-12,0.0
formation_1122949.3.peg.1664-MONOMER,5.303729687707417e-11,-3.3115410483090487e-34
formation_1122949.3.peg.1735-MONOMER,0.0,3.726902739177642e-34
formation_1122949.3.peg.181-MONOMER,1.7154827178102409e-12,-8.563077432692775e-36
formation_1122949.3.peg.187-MONOMER,0.0,0.0
formation_1122949.3.peg.192-MONOMER,0.0,-4.739194386146329e-35
formation_1122949.3.peg.20-MONOMER,4.965366723341145e-11,4.730049561616455e-34
formation_1122949.3.peg.223-MONOMER,7.691927298764442e-09,0.0
formation_1122949.3.peg.236-MONOMER,2.029352208175286e-10,2.3255984851238984e-57
formation_1122949.3.peg.348-MONOMER,0.0,-2.193496026232338e-34
formation_1122949.3.peg.400-MONOMER,0.0,0.0
formation_1122949.3.peg.483-MONOMER,0.0,0.0
formation_1122949.3.peg.516-MONOMER,0.0,2.5307623024341977e-34
formation_1122949.3.peg.598-MONOMER,0.0,1.736414165702989e-34
formation_1122949.3.peg.702-MONOMER,0.0,0.0
formation_1122949.3.peg.705-MONOMER,8.350609523792957e-31,-8.742149447643391e-35
formation_1122949.3.peg.743-MONOMER,-6.574688315142646e-44,-8.209674874628516e-35
formation_1122949.3.peg.842-MONOMER,0.0,-1.188341394879039e-34
formation_1122949.3.peg.880-MONOMER,0.0,0.0
formation_1122949.3.peg.942-MONOMER,0.0,0.0
formation_1122949.3.peg.943-MONOMER,0.0,0.0
formation_1122949.3.peg.946-MONOMER,0.0,-1.7870675166699876e-34
formation_1122949.3.peg.947-MONOMER,0.0,0.0
formation_1122949.3.peg.969-MONOMER,1.7758883015504696e-11,0.0
formation_1122949.3.peg.970-MONOMER,0.0,1.07315918578249e-33
formation_1122949.3.peg.979-MONOMER,0.0,0.0
formation_1122949.3.peg.996-MONOMER,0.0,0.0
formation_CPLX_3OAS100-0,1.377371781854643e-10,0.0
formation_CPLX_ACCOACL-0,-4.7865188713425705e-30,0.0
formation_CPLX_ACCOACL-1,0.0,0.0
formation_CPLX_ACCOACL-2,2.1758833270172044e-30,0.0
formation_CPLX_BTNCLi-0,-6.713373282993999e-31,5.391779085748116e-34
formation_CPLX_BUTSO3abc-0,0.0,-4.8319834801352596e-34
formation_CPLX_CHLabc-0,0.0,7.406434617847553e-34
formation_CPLX_FPGS7-0,0.0,0.0
formation_CPLX_FPGS7-1,0.0,0.0
formation_CPLX_FPGS7-2,0.0,0.0
formation_CPLX_G3PAT120-0,1.3123148013278136e-11,6.805786012139568e-34
formation_CPLX_METDabc-0,0.0,0.0
formation_CPLX_MNabc-0,1.3661182685138215e-19,-2.0181127508945218e-31
formation_CPLX_NAt3_1-0,2.0145551948847464e-09,1.2015503357314685e-33
formation_CPLX_NAt3_1-1,0.0,-1.2921378315643488e-33
formation_CPLX_NAt3_1-2,0.0,-1.2896901649675219e-33
formation_CPLX_PIabc-0,-1.1173166169537311e-44,0.0
formation_CPLX_PTRCabc-0,7.519310139667782e-13,7.831607752879666e-32
formation_CPLX_YUMPS-0,0.0,-1.6100361076332192e-34
formation_CPLX_YUMPS-1,4.667227580256923e-15,-4.2349512764064534e-32
formation_CPLX_YUMPS-2,4.667227580256923e-15,0.0
formation_CPLX_ZNabc-0,0.0,-9.553751206486487e-34
formation_CPLX_ZNabc-1,0.0,8.658068802968347e-34
formation_CPLX_ZNabc-2,0.0,3.209697656699584e-34
formation_CPLX_ZNabc-3,8.88925873258578e-16,-4.370266328666893e-34
formation_CPLX_dreplication-0,-9.381647899259191e-30,0.0
formation_CPLX_dreplication-1,0.0,1.536002945529631e-32
formation_CPLX_dreplication-10,0.0,-5.1443491204760997e-33
formation_CPLX_dreplication-11,0.0,0.0
formation_CPLX_dreplication-2,8.872256952011582e-30,-5.1435185751108876e-33
formation_CPLX_dreplication-3,0.0,0.0
formation_CPLX_dreplication-4,0.0,1.0216415958699098e-32
formation_CPLX_dreplication-5,0.0,0.0
formation_CPLX_dreplication-6,0.0,5.143946112504519e-33
formation_CPLX_dreplication-7,0.0,5.155405976265657e-33
formation_CPLX_dreplication-8,0.0,-1.5325917214326107e-32
formation_CPLX_dreplication-9,0.0,-5.120877935732356e-33
formation_CPLX_pbiosynthesis-0,5.1851813014891564e-14,-3.136041547777249e-31
formation_CPLX_pbiosynthesis-1,5.1851813014891564e-14,6.065376025550348e-31
formation_CPLX_pbiosynthesis-2,5.1851813014891564e-14,-6.407919170128654e-31
formation_CPLX_pbiosynthesis-3,5.1851813014891564e-14,-4.70701527980879e-31
formation_CPLX_r0060-0,1.7536029066860544e-08,0.0
formation_CPLX_rtranscription-0,1.3907694361219773e-12,-5.653350624500846e-31
formation_g.29655.CDS.10-MONOMER,8.803917404694839e-12,1.2756062038067916e-34
formation_g.29655.CDS.1007-MONOMER,1.7547457049240837e-07,0.0
formation_g.29655.CDS.1014-MONOMER,0.0,0.0
formation_g.29655.CDS.1015-MONOMER,2.7469619968768723e-12,0.0
formation_g.29655.CDS.1016-MONOMER,3.5014561725206006e-12,4.297184285054184e-34
formation_g.29655.CDS.1023-MONOMER,1.7547457049240837e-07,0.0
formation_g.29655.CDS.1026-MONOMER,1.079549715749108e-12,-4.195997504605319e-34
formation_g.29655.CDS.103-MONOMER,-1.8234202497997263e-29,0.0
formation_g.29655.CDS.1033-MONOMER,1.7547457049240837e-07,0.0
formation_g.29655.CDS.1040-MONOMER,0.0,0.0
formation_g.29655.CDS.1045-MONOMER,0.0,0.0
formation_g.29655.CDS.1055-MONOMER,4.667227580256923e-15,2.2355660739870593e-34
formation_g.29655.CDS.1058-MONOMER,1.7547457049240837e-07,5.793170402914447e-34
formation_g.29655.CDS.1059-MONOMER,1.7547457049240837e-07,-2.56483134324999e-35
formation_g.29655.CDS.1060-MONOMER,0.0,0.0
formation_g.29655.CDS.1065-MONOMER,1.7547457049240837e-07,0.0
formation_g.29655.CDS.1089-MONOMER,1.7547457049240837e-07,1.364727839118395e-35
formation_g.29655.CDS.1110-MONOMER,1.7547457049240837e-07,0.0
formation_g.29655.CDS.1111-MONOMER,1.7547457049240837e-07,0.0
formation_g.29655.CDS.1113-MONOMER,2.0757698055466215e-30,0.0
formation_g.29655.CDS.1116-MONOMER,7.002912345041209e-12,0.0
formation_g.29655.CDS.1131-MONOMER,7.414831216915516e-12,0.0
formation_g.29655.CDS.1146-MONOMER,1.3907694361219773e-12,0.0
formation_g.29655.CDS.115-MONOMER,0.0,0.0
formation_g.29655.CDS.1151-MONOMER,4.4898150146602796e-11,3.518475246010535e-35
formation_g.29655.CDS.1167-MONOMER,0.0,-5.55924913181908e-35
formation_g.29655.CDS.117-MONOMER,8.180755192015049e-12,0.0
formation_g.29655.CDS.118-MONOMER,0.0,0.0
formation_g.29655.CDS.1185-MONOMER,5.0657926798359037e-11,0.0
formation_g.29655.CDS.1186-MONOMER,0.0,-9.922822298679161e-34
formation_g.29655.CDS.1188-MONOMER,0.0,8.600869844886522e-36
formation_g.29655.CDS.1190-MONOMER,1.7547462234422136e-07,3.5264727887760954e-34
formation_g.29655.CDS.1192-MONOMER,8.397844467193018e-11,7.008641453203056e-35
formation_g.29655.CDS.1200-MONOMER,1.7547457049240837e-07,7.224622743317127e-35
formation_g.29655.CDS.1214-MONOMER,0.0,1.07315918578249e-33
formation_g.29655.CDS.1222-MONOMER,1.7547457049240837e-07,-2.72945567823679e-35
formation_g.29655.CDS.1225-MONOMER,0.0,0.0
formation_g.29655.CDS.1227-MONOMER,0.0,0.0
formation_g.29655.CDS.1235-MONOMER,-3.448302433758882e-30,0.0
formation_g.29655.CDS.1237-MONOMER,1.7547457049240837e-07,0.0
formation_g.29655.CDS.1239-MONOMER,1.7547457049240837e-07,-5.576839961464824e-34
formation_g.29655.CDS.1241-MONOMER,1.636258369430639e-11,0.0
formation_g.29655.CDS.1243-MONOMER,0.0,0.0
formation_g.29655.CDS.1247-MONOMER,7.519500444608767e-30,1.353333628821772e-34
formation_g.29655.CDS.125-MONOMER,8.682269871957806e-13,0.0
formation_g.29655.CDS.1251-MONOMER,0.0,0.0
formation_g.29655.CDS.1254-MONOMER,1.7547457049240837e-07,0.0
formation_g.29655.CDS.1269-MONOMER,8.150208107146896e-10,0.0
formation_g.29655.CDS.127-MONOMER,0.0,0.0
formation_g.29655.CDS.1271-MONOMER,8.150208107146896e-10,3.720449133530885e-34
formation_g.29655.CDS.1276-MONOMER,9.171233634957412e-13,0.0
formation_g.29655.CDS.1279-MONOMER,5.513391307847665e-11,-5.942760717703411e-34
formation_g.29655.CDS.1285-MONOMER,0.0,0.0
formation_g.29655.CDS.1289-MONOMER,0.0,-5.187822568750285e-34
formation_g.29655.CDS.1291-MONOMER,0.0,3.588212649154739e-34
formation_g.29655.CDS.1298-MONOMER,1.7547457049240837e-07,-2.947945762955501e-34
formation_g.29655.CDS.1300-MONOMER,1.7547457049240837e-07,0.0
formation_g.29655.CDS.1306-MONOMER,0.0,0.0
formation_g.29655.CDS.1307-MONOMER,1.7547457049240837e-07,0.0
formation_g.29655.CDS.131-MONOMER,3.013992266396164e-11,4.76593568374461e-34
formation_g.29655.CDS.1316-MONOMER,0.0,2.767546760707084e-34
formation_g.29655.CDS.1318-MONOMER,5.563406952556062e-15,0.0
formation_g.29655.CDS.1332-MONOMER,0.0,0.0
formation_g.29655.CDS.1333-MONOMER,0.0,0.0
formation_g.29655.CDS.1338-MONOMER,1.7547457049240837e-07,0.0
formation_g.29655.CDS.1343-MONOMER,6.906543230780215e-08,7.957986844336939e-35
formation_g.29655.CDS.1349-MONOMER,1.7547457049240837e-07,-1.1964852357851384e-34
formation_g.29655.CDS.1351-MONOMER,1.856660495963773e-11,0.0
formation_g.29655.CDS.1364-MONOMER,0.0,0.0
formation_g.29655.CDS.1367-MONOMER,0.0,4.982257893229656e-34
formation_g.29655.CDS.137-MONOMER,0.0,-8.99240491335993e-36
formation_g.29655.CDS.1376-MONOMER,0.0,-3.389009699345842e-33
formation_g.29655.CDS.1377-MONOMER,1.7547457049240837e-07,0.0
formation_g.29655.CDS.1380-MONOMER,1.7547457049240837e-07,4.025697596190626e-34
formation_g.29655.CDS.1383-MONOMER,1.68151688968367e-12,0.0
formation_g.29655.CDS.1384-MONOMER,1.7547457049240837e-07,0.0
formation_g.29655.CDS.1393-MONOMER,0.0,0.0
formation_g.29655.CDS.1395-MONOMER,2.5297726308922365e-10,0.0
formation_g.29655.CDS.1398-MONOMER,1.7547457049240837e-07,0.0
formation_g.29655.CDS.1405-MONOMER,5.5813411867164594e-15,-1.1941660577187068e-33
formation_g.29655.CDS.1406-MONOMER,1.3958705736044212e-12,0.0
formation_g.29655.CDS.1408-MONOMER,1.3907694361219773e-12,0.0
formation_g.29655.CDS.141-MONOMER,0.0,0.0
formation_g.29655.CDS.1412-MONOMER,3.5014561725206006e-12,1.4055219904619143e-34
formation_g.29655.CDS.1413-MONOMER,0.0,0.0
formation_g.29655.CDS.1416-MONOMER,8.150208107146896e-10,0.0
formation_g.29655.CDS.1420-MONOMER,3.247198138234728e-29,0.0
formation_g.29655.CDS.1425-MONOMER,1.7547462234422136e-07,0.0
formation_g.29655.CDS.1435-MONOMER,1.7547457049240837e-07,0.0
formation_g.29655.CDS.1450-MONOMER,0.0,1.8086271572722097e-34
formation_g.29655.CDS.1458-MONOMER,-1.1890429608406961e-30,0.0
formation_g.29655.CDS.1465-MONOMER,1.7547457049240837e-07,-2.441171620521918e-34
formation_g.29655.CDS.1469-MONOMER,1.7547462234422136e-07,0.0
formation_g.29655.CDS.1474-MONOMER,0.0,0.0
formation_g.29655.CDS.1478-MONOMER,8.484377571193059e-11,0.0
formation_g.29655.CDS.1482-MONOMER,0.0,0.0
formation_g.29655.CDS.1486-MONOMER,4.667227580256923e-15,0.0
formation_g.29655.CDS.1487-MONOMER,0.0,0.0
formation_g.29655.CDS.1488-MONOMER,1.7547457049240837e-07,0.0
formation_g.29655.CDS.149-MONOMER,1.7547457049240837e-07,0.0
formation_g.29655.CDS.1493-MONOMER,1.7547457049240837e-07,0.0
formation_g.29655.CDS.1495-MONOMER,5.1851813014891564e-14,0.0
formation_g.29655.CDS.1498-MONOMER,4.667227580256923e-15,-2.89367050402945e-35
formation_g.29655.CDS.1499-MONOMER,1.7547457049240837e-07,0.0
formation_g.29655.CDS.1502-MONOMER,1.7547457049240837e-07,1.692680478798243e-35
formation_g.29655.CDS.1504-MONOMER,1.7547457049240837e-07,-5.45891135647358e-35
formation_g.29655.CDS.1514-MONOMER,1.7547462234422136e-07,0.0
formation_g.29655.CDS.1517-MONOMER,0.0,1.0251165988647519e-34
formation_g.29655.CDS.1521-MONOMER,3.8287472443288175e-14,-1.7795777349075561e-34
formation_g.29655.CDS.1529-MONOMER,-1.0306197062229289e-42,-4.692569297531732e-34
formation_g.29655.CDS.1531-MONOMER,2.613587632158097e-11,0.0
formation_g.29655.CDS.1534-MONOMER,1.7547457049240837e-07,0.0
formation_g.29655.CDS.1537-MONOMER,0.0,0.0
formation_g.29655.CDS.1544-MONOMER,0.0,0.0
formation_g.29655.CDS.1545-MONOMER,1.7547457049240837e-07,0.0
formation_g.29655.CDS.1557-MONOMER,0.0,0.0
formation_g.29655.CDS.156-MONOMER,4.822487825227441e-12,-4.022516672990589e-34
formation_g.29655.CDS.1565-MONOMER,2.916874645407931e-12,0.0
formation_g.29655.CDS.1576-MONOMER,0.0,0.0
formation_g.29655.CDS.1581-MONOMER,5.0368732483632795e-11,3.354374349429039e-34
formation_g.29655.CDS.1588-MONOMER,0.0,0.0
formation_g.29655.CDS.1591-MONOMER,4.667227580256923e-15,0.0
formation_g.29655.CDS.1592-MONOMER,0.0,-1.5977071317255667e-34
formation_g.29655.CDS.1594-MONOMER,4.667227580256923e-15,0.0
formation_g.29655.CDS.1596-MONOMER,1.7547457049240837e-07,0.0
formation_g.29655.CDS.160-MONOMER,0.0,3.298756386483945e-34
formation_g.29655.CDS.1601-MONOMER,6.76063534908365e-12,-2.7443525079182375e-34
formation_g.29655.CDS.1607-MONOMER,5.891065642854921e-05,-1.4097506293160488e-66
formation_g.29655.CDS.1611-MONOMER,0.0,7.75797754440691e-34
formation_g.29655.CDS.1613-MONOMER,0.0,7.523412690669056e-34
formation_g.29655.CDS.1617-MONOMER,2.0581329286918513e-15,1.1703735951882947e-34
formation_g.29655.CDS.1624-MONOMER,4.667227580256923e-15,3.9007808979095876e-35
formation_g.29655.CDS.1628-MONOMER,0.0,0.0
formation_g.29655.CDS.163-MONOMER,7.438469517396278e-13,3.7692879608820153e-35
formation_g.29655.CDS.1630-MONOMER,0.0,-1.338323928702567e-34
formation_g.29655.CDS.1632-MONOMER,1.3907694361219773e-12,0.0
formation_g.29655.CDS.1636-MONOMER,3.5014561725206006e-12,0.0
formation_g.29655.CDS.1647-MONOMER,4.093235075586586e-11,5.612937814831882e-35
formation_g.29655.CDS.167-MONOMER,2.6623681496671756e-12,0.0
formation_g.29655.CDS.1672-MONOMER,4.331500434833506e-11,0.0
formation_g.29655.CDS.1677-MONOMER,1.7547457049240837e-07,0.0
formation_g.29655.CDS.1678-MONOMER,2.1068244983368226e-08,0.0
formation_g.29655.CDS.1681-MONOMER,0.0,0.0
formation_g.29655.CDS.1683-MONOMER,0.0,0.0
formation_g.29655.CDS.1684-MONOMER,0.0,0.0
formation_g.29655.CDS.1690-MONOMER,7.974360330622953e-11,0.0
formation_g.29655.CDS.1697-MONOMER,2.866536837153528e-11,-1.8663506643597924e-34
formation_g.29655.CDS.1700-MONOMER,1.7547457049240837e-07,0.0
formation_g.29655.CDS.1702-MONOMER,1.1270070871395218e-10,0.0
formation_g.29655.CDS.1705-MONOMER,1.7547457049240837e-07,7.268096387416093e-35
formation_g.29655.CDS.1706-MONOMER,5.5813411867164594e-15,-2.753131815035725e-35
formation_g.29655.CDS.1724-MONOMER,1.7547457049240837e-07,0.0
formation_g.29655.CDS.1731-MONOMER,1.7547457049240837e-07,0.0
formation_g.29655.CDS.1733-MONOMER,4.667227580256923e-15,0.0
formation_g.29655.CDS.1746-MONOMER,0.0,0.0
formation_g.29655.CDS.1748-MONOMER,1.7547457049240837e-07,0.0
formation_g.29655.CDS.1750-MONOMER,4.050712175444081e-11,-7.536735726727615e-35
formation_g.29655.CDS.1751-MONOMER,1.4419271714734468e-12,0.0
formation_g.29655.CDS.176-MONOMER,1.7547457049240837e-07,0.0
formation_g.29655.CDS.179-MONOMER,-3.821805075648677e-43,0.0
formation_g.29655.CDS.194-MONOMER,1.7547457049240837e-07,0.0
formation_g.29655.CDS.198-MONOMER,1.009737305494148e-13,0.0
formation_g.29655.CDS.202-MONOMER,0.0,2.541472571906018e-34
formation_g.29655.CDS.213-MONOMER,3.1201472081021567e-12,5.564259875088332e-34
formation_g.29655.CDS.254-MONOMER,0.0,-2.1115538994372574e-34
formation_g.29655.CDS.26-MONOMER,0.0,0.0
formation_g.29655.CDS.262-MONOMER,1.7547457049240837e-07,0.0
formation_g.29655.CDS.263-MONOMER,-3.8421543862353765e-45,0.0
formation_g.29655.CDS.272-MONOMER,0.0,0.0
formation_g.29655.CDS.292-MONOMER,-4.110385443839094e-30,9.542493652764392e-35
formation_g.29655.CDS.297-MONOMER,9.334455160513857e-15,0.0
formation_g.29655.CDS.298-MONOMER,-4.1053228084400756e-32,-7.860899642871483e-34
formation_g.29655.CDS.305-MONOMER,1.857393029335567e-30,-5.693867362771196e-34
formation_g.29655.CDS.309-MONOMER,0.0,0.0
formation_g.29655.CDS.311-MONOMER,0.0,3.946660100528829e-34
formation_g.29655.CDS.315-MONOMER,0.0,0.0
formation_g.29655.CDS.317-MONOMER,0.0,-2.8452311918054122e-34
formation_g.29655.CDS.33-MONOMER,2.769234836584487e-11,0.0
formation_g.29655.CDS.337-MONOMER,4.013630805597361e-11,0.0
formation_g.29655.CDS.34-MONOMER,2.218999208113069e-05,0.0
formation_g.29655.CDS.344-MONOMER,0.0,-8.793128575110486e-34
formation_g.29655.CDS.359-MONOMER,0.0,0.0
formation_g.29655.CDS.365-MONOMER,9.334455160513857e-15,-3.3513697456114174e-34
formation_g.29655.CDS.387-MONOMER,0.0,-1.6734166635691326e-34
formation_g.29655.CDS.393-MONOMER,0.0,0.0
formation_g.29655.CDS.395-MONOMER,0.0,0.0
formation_g.29655.CDS.408-MONOMER,2.7647507365921637e-11,0.0
formation_g.29655.CDS.410-MONOMER,0.0,0.0
formation_g.29655.CDS.413-MONOMER,1.4793245095162116e-08,0.0
formation_g.29655.CDS.415-MONOMER,0.0,0.0
formation_g.29655.CDS.421-MONOMER,5.955011669577548e-11,-1.4247102064057318e-34
formation_g.29655.CDS.432-MONOMER,1.0089058970542832e-11,3.6079858027477184e-34
formation_g.29655.CDS.437-MONOMER,0.0,0.0
formation_g.29655.CDS.438-MONOMER,0.0,2.731665913733236e-34
formation_g.29655.CDS.439-MONOMER,0.0,0.0
formation_g.29655.CDS.453-MONOMER,3.4613250057520683e-12,7.780821355854767e-34
formation_g.29655.CDS.455-MONOMER,1.7547462234422136e-07,3.905187443733781e-35
formation_g.29655.CDS.466-MONOMER,0.0,1.8667527030279928e-34
formation_g.29655.CDS.485-MONOMER,0.0,0.0
formation_g.29655.CDS.495-MONOMER,0.0,0.0
formation_g.29655.CDS.497-MONOMER,1.45073282505916e-12,0.0
formation_g.29655.CDS.498-MONOMER,9.13580190810764e-52,2.1129333970534327e-34
formation_g.29655.CDS.507-MONOMER,0.0,0.0
formation_g.29655.CDS.51-MONOMER,4.0196055399637616e-11,-1.795631088482378e-34
formation_g.29655.CDS.511-MONOMER,0.0,0.0
formation_g.29655.CDS.521-MONOMER,1.7547457049240837e-07,4.77584655726427e-35
formation_g.29655.CDS.535-MONOMER,-3.336299353151094e-30,3.7553702313252486e-34
formation_g.29655.CDS.537-MONOMER,0.0,-2.4292048362705817e-34
formation_g.29655.CDS.55-MONOMER,0.0,3.972492828679669e-34
formation_g.29655.CDS.551-MONOMER,1.7547457049240837e-07,2.328568806020037e-34
formation_g.29655.CDS.552-MONOMER,0.0,1.8469111451692644e-34
formation_g.29655.CDS.554-MONOMER,0.0,1.7288164017435336e-34
formation_g.29655.CDS.555-MONOMER,1.7547457049240837e-07,3.0178556856765777e-35
formation_g.29655.CDS.572-MONOMER,0.0,2.717036732818743e-34
formation_g.29655.CDS.577-MONOMER,5.4018323979840574e-11,-1.8467151215987085e-34
formation_g.29655.CDS.579-MONOMER,3.6484495128980654e-11,0.0
formation_g.29655.CDS.581-MONOMER,0.0,0.0
formation_g.29655.CDS.582-MONOMER,0.0,6.047497746607278e-34
formation_g.29655.CDS.588-MONOMER,6.564194859859126e-12,0.0
formation_g.29655.CDS.593-MONOMER,3.0606752638707264e-10,0.0
formation_g.29655.CDS.594-MONOMER,1.1016950060809089e-11,0.0
formation_g.29655.CDS.601-MONOMER,0.0,1.8251123349887172e-34
formation_g.29655.CDS.604-MONOMER,0.0,-4.1311330932377385e-34
formation_g.29655.CDS.611-MONOMER,0.0,0.0
formation_g.29655.CDS.617-MONOMER,4.347951395589793e-11,-1.392759003904087e-34
formation_g.29655.CDS.626-MONOMER,0.0,0.0
formation_g.29655.CDS.631-MONOMER,0.0,-2.3457489129675573e-34
formation_g.29655.CDS.636-MONOMER,4.776802959974101e-11,0.0
formation_g.29655.CDS.643-MONOMER,8.828322626133804e-31,-5.5452570965235434e-34
formation_g.29655.CDS.648-MONOMER,0.0,0.0
formation_g.29655.CDS.659-MONOMER,0.0,0.0
formation_g.29655.CDS.678-MONOMER,2.0985698218781233e-31,-4.531795281399343e-34
formation_g.29655.CDS.683-MONOMER,0.0,-8.209674874628516e-35
formation_g.29655.CDS.685-MONOMER,0.0,3.4434363854443997e-34
formation_g.29655.CDS.693-MONOMER,-1.2049191643959864e-44,0.0
formation_g.29655.CDS.697-MONOMER,1.4747854498902557e-08,0.0
formation_g.29655.CDS.7-MONOMER,1.7547457049240837e-07,0.0
formation_g.29655.CDS.709-MONOMER,0.0,0.0
formation_g.29655.CDS.718-MONOMER,0.0,0.0
formation_g.29655.CDS.739-MONOMER,1.7547457049240837e-07,0.0
formation_g.29655.CDS.745-MONOMER,3.688240035714009e-10,0.0
formation_g.29655.CDS.755-MONOMER,3.18294446156963e-08,-2.437108093230691e-34
formation_g.29655.CDS.756-MONOMER,4.207821438619836e-12,0.0
formation_g.29655.CDS.768-MONOMER,-2.7972106854990048e-30,0.0
formation_g.29655.CDS.777-MONOMER,0.0,-2.6334806051314915e-34
formation_g.29655.CDS.78-MONOMER,1.7547457049240837e-07,-8.275171854761001e-35
formation_g.29655.CDS.783-MONOMER,2.961241227744376e-10,0.0
formation_g.29655.CDS.784-MONOMER,0.0,0.0
formation_g.29655.CDS.785-MONOMER,0.0,-0.41045806846423843
formation_g.29655.CDS.79-MONOMER,-5.10751322892854e-30,0.0
formation_g.29655.CDS.792-MONOMER,8.665944741592455e-12,0.0
formation_g.29655.CDS.795-MONOMER,0.0,-5.867155143290283e-35
formation_g.29655.CDS.803-MONOMER,4.667227580256923e-15,0.0
formation_g.29655.CDS.804-MONOMER,0.0,-5.199627913198467e-34
formation_g.29655.CDS.817-MONOMER,1.7547457049240837e-07,-2.5705312313518182e-34
formation_g.29655.CDS.827-MONOMER,-1.458852598465474e-44,0.0
formation_g.29655.CDS.85-MONOMER,-1.9167885645465107e-31,0.0
formation_g.29655.CDS.854-MONOMER,0.0,6.416101397815291e-34
formation_g.29655.CDS.87-MONOMER,1.7547457049240837e-07,0.0
formation_g.29655.CDS.872-MONOMER,0.0,-8.362266339315283e-34
formation_g.29655.CDS.879-MONOMER,4.6672275802569245e-15,0.0
formation_g.29655.CDS.88-MONOMER,0.0,0.0
formation_g.29655.CDS.880-MONOMER,6.77747372167139e-30,-3.054328881901584e-34
formation_g.29655.CDS.888-MONOMER,0.0,-6.416354639917833e-34
formation_g.29655.CDS.891-MONOMER,3.580289414330035e-12,0.0
formation_g.29655.CDS.896-MONOMER,1.7547457049240837e-07,0.0
formation_g.29655.CDS.91-MONOMER,0.0,0.0
formation_g.29655.CDS.911-MONOMER,1.7547457049240837e-07,0.0
formation_g.29655.CDS.928-MONOMER,7.363849195479796e-15,0.0
formation_g.29655.CDS.931-MONOMER,6.184266586499758e-12,0.0
formation_g.29655.CDS.94-MONOMER,5.892586747445409e-13,-2.77913637211977e-34
formation_g.29655.CDS.941-MONOMER,1.813795729843209e-10,0.0
formation_g.29655.CDS.942-MONOMER,0.0,0.0
formation_g.29655.CDS.947-MONOMER,2.1088911807061405e-11,3.5693791298188686e-34
formation_g.29655.CDS.96-MONOMER,1.7917775963937393e-30,1.1646827963054194e-33
formation_g.29655.CDS.963-MONOMER,4.63600762864952e-19,3.0148256310573755e-34
formation_g.29655.CDS.965-MONOMER,3.4631687000773124e-12,0.0
formation_g.29655.CDS.975-MONOMER,0.0,0.0
formation_g.29655.CDS.976-MONOMER,1.7547457049240837e-07,0.0
formation_g.29655.CDS.98-MONOMER,3.3809568165540465e-12,0.0
formation_g.29655.CDS.982-MONOMER,5.563406952556062e-15,-1.8519152576944297e-32
formation_g.29655.CDS.984-MONOMER,0.0,-2.4370822346931537e-34
formation_g.29655.CDS.985-MONOMER,0.0,0.0
formation_g.29655.CDS.986-MONOMER,1.5421891133205187e-10,7.546707232013439e-34
formation_g.29655.CDS.995-MONOMER,6.610771648116934e-11,-7.702600574795599e-34
formation_g.29655.CDS.999-MONOMER,0.0,-2.987644988712405e-34
formation_g.29655.CDS.221-MONOMER_mod_zn2(1)_mod_mg2(1),0.0,0.0
formation_g.29655.CDS.747-MONOMER_mod_mg2(1),8.106744768442016e-13,-3.604048568180314e-34
formation_g.29655.CDS.32-MONOMER_mod_thmpp(1)_mod_mn2(1)_mod_mg2(1),0.0,1.1344091814698148e-33
formation_g.29655.CDS.1379-MONOMER_mod_zn2(1),0.0,-6.949865476968349e-34
formation_1122949.3.peg.1453-MONOMER_mod_pydx5p(1),0.0,0.0
formation_1122949.3.peg.1301-MONOMER_mod_mg2(1),1.4897278828113884e-09,-9.476662335745871e-33
formation_g.29655.CDS.557-MONOMER_mod_mg2(1),2.7848474977589726e-43,0.0
formation_g.29655.CDS.557-MONOMER_mod_mn2(1),0.0,-4.451469384644706e-34
formation_g.29655.CDS.431-MONOMER_mod_fe2(2),1.3547146112721972e-13,0.0
formation_g.29655.CDS.1640-MONOMER_mod_pydx5p(1),0.0,-1.7553792464668963e-33
formation_1122949.3.peg.597-MONOMER_mod_fad(1),0.0,-4.94368167500301e-33
formation_1122949.3.peg.519-MONOMER_mod_4fe4s(1)_mod_2fe2s(1),0.0,-3.2830077935124403e-23
formation_g.29655.CDS.596-MONOMER_mod_mg2(1),2.0287818465360544e-12,0.0
formation_1122949.3.peg.843-MONOMER_mod_mg2(1),0.0,2.883238854544251e-33
formation_1122949.3.peg.401-MONOMER_mod_pydx5p(2),0.0,1.1911705011121078e-31
formation_g.29655.CDS.1568-MONOMER_mod_zn2(1),7.96657334186504e-12,1.9574445917613364e-32
formation_g.29655.CDS.906-MONOMER_mod_mg2(1),1.8349428640740037e-11,-1.3679879866906703e-32
formation_g.29655.CDS.1414-MONOMER_mod_mg2(1),0.0,0.0
formation_g.29655.CDS.1508-MONOMER_mod_cd2(1)_mod_zn2(1)_mod_mg2(1)_mod_mn2(1)_mod_cobalt2(1),2.8230921006877723e-24,2.7516334891075193e-31
formation_g.29655.CDS.1571-MONOMER_mod_mg2(1)_mod_k(1),1.864384625175901e-11,-1.8892715419669758e-32
formation_1122949.3.peg.1398-MONOMER_mod_mg2(1),0.0,0.0
formation_g.29655.CDS.1418-MONOMER_mod_mg2(1),-1.9775440434808094e-29,-1.2467243089097212e-34
formation_1122949.3.peg.1420-MONOMER_mod_cobalt2(1)_mod_zn2(1),0.0,1.0670190677273846e-33
formation_1122949.3.peg.1420-MONOMER_mod_mn2(1)_mod_zn2(1),0.0,0.0
formation_1122949.3.peg.1420-MONOMER_mod_ni2(1)_mod_zn2(1),0.0,1.1539000279864183e-34
formation_g.29655.CDS.1357-MONOMER_mod_mg2(1),0.0,-1.2403159719352115e-34
formation_g.29655.CDS.1357-MONOMER_mod_mn2(1),6.096736761942156e-13,-1.1127591162923904e-34
formation_g.29655.CDS.1250-MONOMER_mod_mg2(1),1.463052053857655e-11,0.0
formation_g.29655.CDS.831-MONOMER_mod_mg2(1),1.4756420568488126e-11,1.1295112923136972e-34
formation_g.29655.CDS.1629-MONOMER_mod_zn2(1),0.0,4.339086687175612e-34
formation_1122949.3.peg.1666-MONOMER_mod_mg2(4),3.0982506468322307e-12,-1.0419303340355184e-32
formation_g.29655.CDS.1345-MONOMER_mod_mn2(2),0.0,0.0
formation_1122949.3.peg.1650-MONOMER_mod_mg2(1),1.3962672225607546e-11,0.0
formation_g.29655.CDS.1460-MONOMER_mod_mg2(1)_mod_k(1),3.5014561725206006e-12,-7.656492300062909e-33
formation_1122949.3.peg.944-MONOMER_mod_mg2(1),0.0,0.0
formation_g.29655.CDS.1690-MONOMER_mod_mg2(1)_mod_zn2(1),0.0,0.0
formation_g.29655.CDS.1274-MONOMER_mod_mg2(1),4.399447989720653e-45,4.539464912488712e-33
formation_g.29655.CDS.1274-MONOMER_mod_mn2(1),0.0,0.0
formation_g.29655.CDS.1655-MONOMER_mod_zn2(1),0.0,-2.767870406816617e-33
formation_1122949.3.peg.1694-MONOMER_mod_mg2(1),0.0,0.0
formation_g.29655.CDS.1462-MONOMER_mod_mn2(1),0.0,0.0
formation_1122949.3.peg.1463-MONOMER_mod_k(1)_mod_mg2(1),0.0,0.0
formation_g.29655.CDS.1208-MONOMER_mod_mn2(1),2.978513788222407e-12,-7.064593724593797e-33
formation_g.29655.CDS.1582-MONOMER_mod_mn2(1),2.3400541882715522e-12,0.0
formation_g.29655.CDS.1056-MONOMER_mod_mg2(1),0.0,0.0
formation_g.29655.CDS.1056-MONOMER_mod_mn2(1),0.0,1.7502249202560616e-33
formation_g.29655.CDS.1056-MONOMER_mod_cobalt2(1),2.370807639655614e-12,-1.77627118872181e-33
formation_g.29655.CDS.1281-MONOMER_mod_k(4)_mod_mg2(1),0.0,2.9167589714525366e-33
formation_g.29655.CDS.1281-MONOMER_mod_k(4)_mod_mn2(1),0.0,0.0
formation_g.29655.CDS.1281-MONOMER_mod_k(4)_mod_cobalt2(1),0.0,1.71411272464181e-33
formation_g.29655.CDS.1281-MONOMER_mod_k(4)_mod_zn2(1),4.049067115170363e-13,-3.1164590496462466e-33
formation_g.29655.CDS.1281-MONOMER_mod_k(4)_mod_cd2(1),0.0,0.0
formation_g.29655.CDS.1281-MONOMER_mod_k(4)_mod_ni2(1),0.0,-2.816648939715208e-33
formation_g.29655.CDS.1281-MONOMER_mod_k(4)_mod_ca2(1),0.0,3.321916262965782e-33
formation_g.29655.CDS.1281-MONOMER_mod_nh4(4)_mod_mg2(1),0.0,0.0
formation_g.29655.CDS.1281-MONOMER_mod_nh4(4)_mod_mn2(1),0.0,0.0
formation_g.29655.CDS.1281-MONOMER_mod_nh4(4)_mod_cobalt2(1),0.0,0.0
formation_g.29655.CDS.1281-MONOMER_mod_nh4(4)_mod_zn2(1),0.0,3.050663758210264e-33
formation_g.29655.CDS.1281-MONOMER_mod_nh4(4)_mod_cd2(1),0.0,1.129600615423201e-31
formation_g.29655.CDS.1281-MONOMER_mod_nh4(4)_mod_ni2(1),0.0,1.7217201259941105e-33
formation_g.29655.CDS.1281-MONOMER_mod_nh4(4)_mod_ca2(1),0.0,0.0
formation_g.29655.CDS.1281-MONOMER_mod_tl(4)_mod_mg2(1),0.0,2.883238854544251e-33
formation_g.29655.CDS.1281-MONOMER_mod_tl(4)_mod_mn2(1),0.0,0.0
formation_g.29655.CDS.1281-MONOMER_mod_tl(4)_mod_cobalt2(1),0.0,2.9155951393453267e-33
formation_g.29655.CDS.1281-MONOMER_mod_tl(4)_mod_zn2(1),0.0,2.7799461907873396e-33
formation_g.29655.CDS.1281-MONOMER_mod_tl(4)_mod_cd2(1),0.0,-1.0617136487269355e-31
formation_g.29655.CDS.1281-MONOMER_mod_tl(4)_mod_ni2(1),0.0,-1.958350740486952e-33
formation_g.29655.CDS.1281-MONOMER_mod_tl(4)_mod_ca2(1),0.0,0.0
formation_g.29655.CDS.1281-MONOMER_mod_cs(4)_mod_mg2(1),0.0,2.883238854544251e-33
formation_g.29655.CDS.1281-MONOMER_mod_cs(4)_mod_mn2(1),0.0,0.0
formation_g.29655.CDS.1281-MONOMER_mod_cs(4)_mod_cobalt2(1),0.0,2.9155951393453267e-33
formation_g.29655.CDS.1281-MONOMER_mod_cs(4)_mod_zn2(1),0.0,2.7799461907873396e-33
formation_g.29655.CDS.1281-MONOMER_mod_cs(4)_mod_cd2(1),0.0,-1.0617136487269355e-31
formation_g.29655.CDS.1281-MONOMER_mod_cs(4)_mod_ni2(1),0.0,-1.958350740486952e-33
formation_g.29655.CDS.1281-MONOMER_mod_cs(4)_mod_ca2(1),0.0,0.0
formation_g.29655.CDS.1281-MONOMER_mod_na1(4)_mod_mg2(1),0.0,2.9167589714525366e-33
formation_g.29655.CDS.1281-MONOMER_mod_na1(4)_mod_mn2(1),0.0,-3.254840129842303e-33
formation_g.29655.CDS.1281-MONOMER_mod_na1(4)_mod_cobalt2(1),0.0,0.0
formation_g.29655.CDS.1281-MONOMER_mod_na1(4)_mod_zn2(1),0.0,0.0
formation_g.29655.CDS.1281-MONOMER_mod_na1(4)_mod_cd2(1),0.0,0.0
formation_g.29655.CDS.1281-MONOMER_mod_na1(4)_mod_ni2(1),0.0,1.0138298693467998e-33
formation_g.29655.CDS.1281-MONOMER_mod_na1(4)_mod_ca2(1),0.0,-3.160918567034854e-33
formation_g.29655.CDS.1559-MONOMER_mod_mg2(1),0.0,1.2144706639242074e-34
formation_g.29655.CDS.80-MONOMER_mod_mg2(1),0.0,0.0
formation_g.29655.CDS.669-MONOMER_mod_mg2(1),0.0,1.2163663917608559e-32
formation_g.29655.CDS.1667-MONOMER_mod_cobalt2(1),0.0,0.0
formation_g.29655.CDS.1485-MONOMER_mod_mg2(1),-9.114558153504599e-31,-1.1079014109811592e-33
formation_1122949.3.peg.427-MONOMER_mod_mg2(1),-4.3394238595654986e-44,0.0
formation_1122949.3.peg.1665-MONOMER_mod_mn2(1),2.3943898370193925e-12,0.0
formation_g.29655.CDS.960-MONOMER_mod_mg2(1),1.9109543271815947e-11,-4.453029544255011e-34
formation_g.29655.CDS.193-MONOMER_mod_thmpp(1),9.468445249230162e-09,0.0
formation_1122949.3.peg.1081-MONOMER_mod_fmn(1),1.6770562229527482e-13,-7.909890680004816e-33
formation_1122949.3.peg.1081-MONOMER_mod_mg2(1),0.0,0.0
formation_g.29655.CDS.542-MONOMER_mod_mg2(1),0.0,0.0
formation_1122949.3.peg.948-MONOMER_mod_mg2(1),0.0,0.0
formation_1122949.3.peg.945-MONOMER_mod_k(1)_mod_mg2(1),0.0,-1.1080787881835409e-33
formation_1122949.3.peg.528-MONOMER_mod_mg2(1),0.0,0.0
formation_g.29655.CDS.1439-MONOMER_mod_mg2(1)_mod_pi(1),0.0,9.892621654625487e-34
formation_g.29655.CDS.1439-MONOMER_mod_mn2(1)_mod_pi(1),6.221380582248156e-12,4.946709693723849e-34
formation_g.29655.CDS.464-MONOMER_mod_mg2(1)_mod_k(1),0.0,0.0
formation_g.29655.CDS.464-MONOMER_mod_mn2(1)_mod_k(1),3.6673524103736675e-44,0.0
formation_1122949.3.peg.596-MONOMER_mod_4fe4s(1),0.0,3.565869017208814e-24
formation_g.29655.CDS.60-MONOMER_mod_mn2(1),1.0725273492162767e-30,0.0
formation_g.29655.CDS.1128-MONOMER_mod_pydx5p(1),0.0,5.578148575208272e-35
formation_1122949.3.peg.1464-MONOMER_mod_pydx5p(1),0.0,2.1942240580836204e-34
formation_g.29655.CDS.440-MONOMER_mod_pydx5p(2),0.0,0.0
formation_g.29655.CDS.209-MONOMER_mod_nad(1),0.0,4.110846672985368e-33
formation_g.29655.CDS.922-MONOMER_mod_k(1)_mod_mg2(1),0.0,0.0
formation_g.29655.CDS.829-MONOMER_mod_mg2(1),0.0,0.0
formation_g.29655.CDS.1347-MONOMER_mod_fad(1),0.0,1.6675877933755893e-32
formation_RNAP-CPLX_mod_zn2(1)_mod_mg2(2),6.906543230780215e-08,0.0
formation_g.29655.CDS.1049-MONOMER_mod_4fe4s(1),4.667227580256924e-15,3.565869017208814e-24
formation_g.29655.CDS.1105-MONOMER_mod_zn2(4),5.5813411867164594e-15,-2.922058483039116e-32
formation_g.29655.CDS.1176-MONOMER_mod_mg2(1),1.3907694361219773e-12,9.010121420450785e-35
formation_g.29655.CDS.1331-MONOMER_mod_fe2(1),3.5014561725206006e-12,7.28083295618107e-27
formation_g.29655.CDS.1478-MONOMER_mod_mg2(6),0.0,-5.923523616210879e-34
formation_g.29655.CDS.1478-MONOMER_mod_lys__L(1),5.1851813014891564e-14,0.0
formation_g.29655.CDS.1564-MONOMER_mod_mg2(1),1.4001682740770758e-14,0.0
formation_g.29655.CDS.384-MONOMER_mod_mg2(2),2.8003365481541577e-14,4.187701990947834e-34
formation_g.29655.CDS.39-MONOMER_mod_4fe4s(1),4.667227580256924e-15,-4.9373690186184957e-23
formation_g.29655.CDS.511-MONOMER_mod_mg2(1),1.0370362602978324e-13,1.809899780488951e-34
formation_g.29655.CDS.785-MONOMER_mod_pan4p(1),9.150988244847934e-10,-3.6156361413179047e-34
g.29655.CDS.1014-MONOMER_to_generic_16Sm4Cm1402,0.0,-0.5614675604037713
g.29655.CDS.879-MONOMER_to_generic_16Sm4Cm1402,4.667227580256923e-15,-4.1640932894049267e-35
RNA_F594_RS0105715_to_generic_16s_rRNAs,0.0,-488.9473792950864
RNA_F594_RS0107020_to_generic_16s_rRNAs,0.0,-465.5905302990833
RNA_F594_RS0108215_to_generic_16s_rRNAs,0.0,-488.9473792950864
RNA_F594_RS0109085_to_generic_16s_rRNAs,1.7547457049240837e-07,0.0
RNA_F594_RS0109100_to_generic_16s_rRNAs,0.0,-502.1833131654703
RNA_F594_RS0103960_to_generic_23s_rRNAs,0.0,-991.8542090196772
RNA_F594_RS0108985_to_generic_23s_rRNAs,1.7547457049240837e-07,-1.201329171932054e-31
RNA_F594_RS0103955_to_generic_5s_rRNAs,1.7547457049240837e-07,-7.243397949282133e-33
RNA_F594_RS0108980_to_generic_5s_rRNAs,0.0,-7.243397949282133e-33
g.29655.CDS.1167-MONOMER_to_generic_Dus,0.0,-8.931626804447762e-35
CPLX_pbiosynthesis-0_to_generic_LYSINEaaRS,0.0,-129.41363673504148
g.29655.CDS.1478-MONOMER_to_generic_LYSINEaaRS,0.0,-0.169553155810744
g.29655.CDS.1478-MONOMER_mod_lys__L(1)_to_generic_LYSINEaaRS,5.1851813014891564e-14,0.0
g.29655.CDS.1478-MONOMER_mod_mg2(6)_to_generic_LYSINEaaRS,0.0,-0.0015729672260284648
g.29655.CDS.1521-MONOMER_to_generic_RF,0.0,-0.3316916835855752
g.29655.CDS.965-MONOMER_to_generic_RF,3.446580427170026e-12,-1.1003607372411159e-34
g.29655.CDS.511-MONOMER_to_generic_RNase,0.0,-0.02799669809745259
g.29655.CDS.511-MONOMER_mod_mg2(1)_to_generic_RNase,1.0370362602978324e-13,0.0
g.29655.CDS.1416-MONOMER_to_generic_Tuf,8.150208107146896e-10,0.0
CPLX_pbiosynthesis-0_to_generic_gly_c_ligase,0.0,-134.76879876729265
CPLX_pbiosynthesis-1_to_generic_gly_c_ligase,0.0,-125.63831057447679
CPLX_pbiosynthesis-2_to_generic_gly_c_ligase,0.0,-125.50266946726671
CPLX_pbiosynthesis-3_to_generic_gly_c_ligase,0.0,-125.57602249864581
g.29655.CDS.1544-MONOMER_to_generic_gly_c_ligase,0.0,-1.8771432020896495
g.29655.CDS.1647-MONOMER_to_generic_gly_c_ligase,4.093235075586586e-11,-7.312554570990369e-35
CPLX_pbiosynthesis-0_to_generic_phe_ligase,0.0,-134.4406996716027
CPLX_pbiosynthesis-1_to_generic_phe_ligase,0.0,-125.31021147878684
CPLX_pbiosynthesis-2_to_generic_phe_ligase,0.0,-125.17457037157675
CPLX_pbiosynthesis-3_to_generic_phe_ligase,0.0,-125.24792340295586
g.29655.CDS.617-MONOMER_to_generic_phe_ligase,4.347951395589793e-11,0.0
g.29655.CDS.827-MONOMER_to_generic_phe_ligase,0.0,-2.4233012045700293
transcription_RNA_dummy,1.5104973428343103e-05,-3.4011449924111126e-32
DM_RNA_dummy,0.0,-0.023807515356571288
translation_dummy,3.95016105051308e-05,2.264894714843161e-32
formation_CPLX_dummy,1.428913005249518e-06,0.0
dummy_protein_to_mass,3.807269749988128e-05,0.0
formation_CPLX_dummy_mod_2fe2s(1),0.0,0.0
formation_CPLX_dummy_mod_4fe4s(1),2.482754421314091e-22,0.0
12DGR180ti_REV_CPLX_dummy,0.0,-5.319548658429506e-08
12DGR180ti_FWD_CPLX_dummy,4.496374037390789e-05,3.40220559713329e-42
1P4H2CBXLAH_REV_g.29655.CDS.984-MONOMER,0.0,9.34893738122971e-42
1P4H2CBXLAH_FWD_g.29655.CDS.984-MONOMER,0.0,-1.0482271676477052e-07
23PDE2_REV_g.29655.CDS.137-MONOMER,0.0,-2.4070200849184285e-09
23PDE2_FWD_g.29655.CDS.137-MONOMER,0.0,-2.7837872509586306e-41
23PDE4_REV_g.29655.CDS.137-MONOMER,0.0,-2.4070200849184285e-09
23PDE4_FWD_g.29655.CDS.137-MONOMER,0.0,-2.7837872509586306e-41
23PDE7_REV_g.29655.CDS.137-MONOMER,0.0,-2.4070200849184285e-09
23PDE7_FWD_g.29655.CDS.137-MONOMER,0.0,-2.7837872509586306e-41
23PDE9_REV_g.29655.CDS.137-MONOMER,0.0,-2.4070200849184285e-09
23PDE9_FWD_g.29655.CDS.137-MONOMER,0.0,-2.7837872509586306e-41
26DAPLLAT_REV_CPLX_dummy,0.0,2.6437778791063675e-41
26DAPLLAT_FWD_CPLX_dummy,0.0,-5.319548658429506e-08
2DHPL_REV_g.29655.CDS.552-MONOMER,0.0,3.138864757275604e-42
2DHPL_FWD_g.29655.CDS.552-MONOMER,0.0,-6.161398051985856e-08
2DMMQ8abc_REV_CPLX_dummy,0.0,-5.319548658429506e-08
2DMMQ8abc_FWD_CPLX_dummy,4.9415675965499355e-05,1.827553686914746e-41
2HBO_REV_g.29655.CDS.272-MONOMER,0.0,-1.1900600257531652e-07
2HBO_FWD_g.29655.CDS.272-MONOMER,0.0,-1.027022336742345e-08
2HBO_REV_g.29655.CDS.755-MONOMER,0.0,-1.0873577920789307e-07
2HBO_FWD_g.29655.CDS.755-MONOMER,0.0,3.672702377736931e-41
2HYDOGCOAD_REV_CPLX_dummy,0.0,-5.319548658429506e-08
2HYDOGCOAD_FWD_CPLX_dummy,0.3561148220268812,2.6731366010739046e-42
2HYDOGCOAT_REV_CPLX_dummy,0.0,-5.319548658429506e-08
2HYDOGCOAT_FWD_CPLX_dummy,0.3561148220268812,1.2160688371679578e-39
2HYDOGDH_REV_CPLX_dummy,0.0,-5.319548658429506e-08
2HYDOGDH_FWD_CPLX_dummy,0.3561148220268812,5.531008877142481e-41
2MBCOATA_REV_g.29655.CDS.593-MONOMER,0.0,-1.940178415736075e-07
2MBCOATA_FWD_g.29655.CDS.593-MONOMER,0.0005174875659731506,-5.275329106590472e-34
2OBUTt2r_REV_CPLX_dummy,2.6321185573861255e-06,3.40220559713329e-42
2OBUTt2r_FWD_CPLX_dummy,0.0,-5.319548658429506e-08
3HAD100_REV_CPLX_dummy,0.0,-1.6683935943933588e-07
3HAD100_FWD_CPLX_dummy,0.0004275602785516439,2.399235289858194e-34
3HAD10M12_REV_CPLX_dummy,0.0,-5.319548658429506e-08
3HAD10M12_FWD_CPLX_dummy,0.0005174875659731506,2.6731366010739046e-42
3HAD11M12_REV_CPLX_dummy,0.0,-5.319548658429506e-08
3HAD11M12_FWD_CPLX_dummy,0.0005174875659731506,-3.5878231855664525e-34
3HAD120_REV_CPLX_dummy,0.0,-1.6683939728026135e-07
3HAD120_FWD_CPLX_dummy,0.0004275602330630927,-1.1885879224396247e-34
3HAD121_REV_CPLX_dummy,0.0,-5.319548658429506e-08
3HAD121_FWD_CPLX_dummy,0.0,5.346273202147809e-42
3HAD12M14_REV_CPLX_dummy,0.0,-5.319548658429506e-08
3HAD12M14_FWD_CPLX_dummy,0.0005174875659731506,2.6731366010739046e-42
3HAD13M14_REV_CPLX_dummy,0.0,-5.319548658429506e-08
3HAD13M14_FWD_CPLX_dummy,0.0005174875659731506,-3.5878231855664525e-34
3HAD140_REV_CPLX_dummy,0.0,-1.6683943512119085e-07
3HAD140_FWD_CPLX_dummy,0.00042756018757454634,-1.1885879224396247e-34
3HAD141_REV_CPLX_dummy,0.0,-1.6683949994607141e-07
3HAD141_FWD_CPLX_dummy,0.0,2.399235289858194e-34
3HAD14M16_REV_CPLX_dummy,0.0,-5.319548658429506e-08
3HAD14M16_FWD_CPLX_dummy,0.0005174875659731506,2.6731366010739046e-42
3HAD15M16_REV_CPLX_dummy,0.0,-5.319548658429506e-08
3HAD15M16_FWD_CPLX_dummy,0.0005174875659731506,2.6731366010739046e-42
3HAD160_REV_CPLX_dummy,0.0,-1.6683946281257484e-07
3HAD160_FWD_CPLX_dummy,0.00042756015345813976,2.399235289858194e-34
3HAD161_REV_CPLX_dummy,0.0,-1.100174940208518e-07
3HAD161_FWD_CPLX_dummy,0.0,2.399235289858194e-34
3HAD180_REV_CPLX_dummy,0.0,-1.668395006535113e-07
3HAD180_FWD_CPLX_dummy,0.0004275601079696019,-4.776411134737443e-34
3HAD181_REV_CPLX_dummy,0.0,-1.6683949994607141e-07
3HAD181_FWD_CPLX_dummy,0.0,2.399235289858194e-34
3HAD40_REV_CPLX_dummy,0.0,-1.6683924591658363e-07
3HAD40_FWD_CPLX_dummy,0.00042756041501732645,-1.1885879224396247e-34
3HAD4M6_REV_CPLX_dummy,0.0,-5.319548658429506e-08
3HAD4M6_FWD_CPLX_dummy,0.0005174875659731506,2.6731366010739046e-42
3HAD5M6_REV_CPLX_dummy,0.0,-5.319548658429506e-08
3HAD5M6_FWD_CPLX_dummy,0.0005174875659731506,-3.5878231855664525e-34
3HAD60_REV_CPLX_dummy,0.0,-1.66839283757497e-07
3HAD60_FWD_CPLX_dummy,0.00042756036952876073,-1.1885879224396247e-34
3HAD6M8_REV_CPLX_dummy,0.0,-5.319548658429506e-08
3HAD6M8_FWD_CPLX_dummy,0.0005174875659731506,-3.5878231855664525e-34
3HAD7M8_REV_CPLX_dummy,0.0,-5.319548658429506e-08
3HAD7M8_FWD_CPLX_dummy,0.0005174875659731506,-3.5878231855664525e-34
3HAD80_REV_CPLX_dummy,0.0,-1.6683932159841443e-07
3HAD80_FWD_CPLX_dummy,0.0004275603240401999,-1.1885879224396247e-34
3HAD8M10_REV_CPLX_dummy,0.0,-5.319548658429506e-08
3HAD8M10_FWD_CPLX_dummy,0.0005174875659731506,2.6731366010739046e-42
3HAD9M10_REV_CPLX_dummy,0.0,-5.319548658429506e-08
3HAD9M10_FWD_CPLX_dummy,0.0005174875659731506,-3.5878231855664525e-34
3HBCOAE_REV_CPLX_dummy,0.0,-5.319548658429506e-08
3HBCOAE_FWD_CPLX_dummy,4.905398637547573e-23,-5.299790667615979e-41
3HBCOAHL_REV_g.29655.CDS.648-MONOMER,0.0,-2.1649220333285443e-08
3HBCOAHL_FWD_g.29655.CDS.648-MONOMER,0.0,-9.135994852569906e-40
3HPCOAHYD_REV_g.29655.CDS.648-MONOMER,0.0,-2.1649220333285443e-08
3HPCOAHYD_FWD_g.29655.CDS.648-MONOMER,0.0,-9.135994852569906e-40
3MOPt2r_REV_CPLX_dummy,0.0,-5.319548658429506e-08
3MOPt2r_FWD_CPLX_dummy,0.0005174875659731506,-1.0206616791399869e-41
3OAR100_REV_g.29655.CDS.783-MONOMER,0.0,-2.2946836847517837e-07
3OAR100_FWD_g.29655.CDS.783-MONOMER,0.0004275602899237824,1.181761606289034e-34
3OAR100_REV_g.29655.CDS.718-MONOMER,0.0,-2.3063271723171105e-07
3OAR100_FWD_g.29655.CDS.718-MONOMER,0.0,-1.1643487565326722e-09
3OAR100_REV_g.29655.CDS.1681-MONOMER,0.0,-2.548095474641112e-07
3OAR100_FWD_g.29655.CDS.1681-MONOMER,0.0,-2.5341178988932852e-08
3OAR100_REV_g.29655.CDS.91-MONOMER,0.0,-2.4994548893968986e-07
3OAR100_FWD_g.29655.CDS.91-MONOMER,0.0,-2.0477120464511473e-08
3OAR10M11_REV_g.29655.CDS.783-MONOMER,0.0,-4.043824934283537e-40
3OAR10M11_FWD_g.29655.CDS.783-MONOMER,0.0,-1.1582449620593357e-07
3OAR10M11_REV_g.29655.CDS.718-MONOMER,0.0,-1.1643487565326722e-09
3OAR10M11_FWD_g.29655.CDS.718-MONOMER,0.0,-1.1698884496246623e-07
3OAR10M11_REV_g.29655.CDS.1681-MONOMER,0.0,-2.5341178988932852e-08
3OAR10M11_FWD_g.29655.CDS.1681-MONOMER,0.0,-1.411656751948664e-07
3OAR10M11_REV_g.29655.CDS.91-MONOMER,0.0,-2.0477120464511473e-08
3OAR10M11_FWD_g.29655.CDS.91-MONOMER,0.0,-1.3630161667044504e-07
3OAR10M12_REV_g.29655.CDS.783-MONOMER,0.0,-1.1582449620593357e-07
3OAR10M12_FWD_g.29655.CDS.783-MONOMER,0.0005174875659731506,2.9731384555340083e-34
3OAR10M12_REV_g.29655.CDS.718-MONOMER,0.0,-1.1698884496246623e-07
3OAR10M12_FWD_g.29655.CDS.718-MONOMER,0.0,-1.1643487565326722e-09
3OAR10M12_REV_g.29655.CDS.1681-MONOMER,0.0,-1.411656751948664e-07
3OAR10M12_FWD_g.29655.CDS.1681-MONOMER,0.0,-2.5341178988932852e-08
3OAR10M12_REV_g.29655.CDS.91-MONOMER,0.0,-1.3630161667044504e-07
3OAR10M12_FWD_g.29655.CDS.91-MONOMER,0.0,-2.0477120464511473e-08
3OAR11M12_REV_g.29655.CDS.783-MONOMER,0.0,-1.1582449620593357e-07
3OAR11M12_FWD_g.29655.CDS.783-MONOMER,0.0005174875659731506,6.640388422488641e-34
3OAR11M12_REV_g.29655.CDS.718-MONOMER,0.0,-1.1698884496246623e-07
3OAR11M12_FWD_g.29655.CDS.718-MONOMER,0.0,-1.1643487565326722e-09
3OAR11M12_REV_g.29655.CDS.1681-MONOMER,0.0,-1.411656751948664e-07
3OAR11M12_FWD_g.29655.CDS.1681-MONOMER,0.0,-2.5341178988932852e-08
3OAR11M12_REV_g.29655.CDS.91-MONOMER,0.0,-1.3630161667044504e-07
3OAR11M12_FWD_g.29655.CDS.91-MONOMER,0.0,-2.0477120464511473e-08
3OAR120_REV_g.29655.CDS.783-MONOMER,0.0,-2.2946840631610284e-07
3OAR120_FWD_g.29655.CDS.783-MONOMER,0.00042756024443523004,1.181761606289034e-34
3OAR120_REV_g.29655.CDS.718-MONOMER,0.0,-2.306327550726355e-07
3OAR120_FWD_g.29655.CDS.718-MONOMER,0.0,-1.1643487565326722e-09
3OAR120_REV_g.29655.CDS.1681-MONOMER,0.0,-2.548095853050357e-07
3OAR120_FWD_g.29655.CDS.1681-MONOMER,0.0,-2.5341178988932852e-08
3OAR120_REV_g.29655.CDS.91-MONOMER,0.0,-2.499455267806143e-07
3OAR120_FWD_g.29655.CDS.91-MONOMER,0.0,-2.0477120464511473e-08
3OAR12M13_REV_g.29655.CDS.783-MONOMER,0.0,-4.043824934283537e-40
3OAR12M13_FWD_g.29655.CDS.783-MONOMER,0.0,-1.1582449620593357e-07
3OAR12M13_REV_g.29655.CDS.718-MONOMER,0.0,-1.1643487565326722e-09
3OAR12M13_FWD_g.29655.CDS.718-MONOMER,0.0,-1.1698884496246623e-07
3OAR12M13_REV_g.29655.CDS.1681-MONOMER,0.0,-2.5341178988932852e-08
3OAR12M13_FWD_g.29655.CDS.1681-MONOMER,0.0,-1.411656751948664e-07
3OAR12M13_REV_g.29655.CDS.91-MONOMER,0.0,-2.0477120464511473e-08
3OAR12M13_FWD_g.29655.CDS.91-MONOMER,0.0,-1.3630161667044504e-07
3OAR12M14_REV_g.29655.CDS.783-MONOMER,0.0,-1.1582449620593357e-07
3OAR12M14_FWD_g.29655.CDS.783-MONOMER,0.0005174875659731506,1.0307638389443273e-33
3OAR12M14_REV_g.29655.CDS.718-MONOMER,0.0,-1.1698884496246623e-07
3OAR12M14_FWD_g.29655.CDS.718-MONOMER,0.0,-1.1643487565326722e-09
3OAR12M14_REV_g.29655.CDS.1681-MONOMER,0.0,-1.411656751948664e-07
3OAR12M14_FWD_g.29655.CDS.1681-MONOMER,0.0,-2.5341178988932852e-08
3OAR12M14_REV_g.29655.CDS.91-MONOMER,0.0,-1.3630161667044504e-07
3OAR12M14_FWD_g.29655.CDS.91-MONOMER,0.0,-2.0477120464511473e-08
3OAR13M14_REV_g.29655.CDS.783-MONOMER,0.0,-1.1582449620593357e-07
3OAR13M14_FWD_g.29655.CDS.783-MONOMER,0.0005174875659731506,6.640388422488641e-34
3OAR13M14_REV_g.29655.CDS.718-MONOMER,0.0,-1.1698884496246623e-07
3OAR13M14_FWD_g.29655.CDS.718-MONOMER,0.0,-1.1643487565326722e-09
3OAR13M14_REV_g.29655.CDS.1681-MONOMER,0.0,-1.411656751948664e-07
3OAR13M14_FWD_g.29655.CDS.1681-MONOMER,0.0,-2.5341178988932852e-08
3OAR13M14_REV_g.29655.CDS.91-MONOMER,0.0,-1.3630161667044504e-07
3OAR13M14_FWD_g.29655.CDS.91-MONOMER,0.0,-2.0477120464511473e-08
3OAR140_REV_g.29655.CDS.783-MONOMER,0.0,-2.2946844415703133e-07
3OAR140_FWD_g.29655.CDS.783-MONOMER,0.0004275601989466825,1.181761606289034e-34
3OAR140_REV_g.29655.CDS.718-MONOMER,0.0,-2.3063279291356398e-07
3OAR140_FWD_g.29655.CDS.718-MONOMER,0.0,-1.1643487565326722e-09
3OAR140_REV_g.29655.CDS.1681-MONOMER,0.0,-2.5480962314596416e-07
3OAR140_FWD_g.29655.CDS.1681-MONOMER,0.0,-2.5341178988932852e-08
3OAR140_REV_g.29655.CDS.91-MONOMER,0.0,-2.499455646215428e-07
3OAR140_FWD_g.29655.CDS.91-MONOMER,0.0,-2.0477120464511473e-08
3OAR14M15_REV_g.29655.CDS.783-MONOMER,0.0,-4.276865209910573e-34
3OAR14M15_FWD_g.29655.CDS.783-MONOMER,0.0,-1.1582449620593357e-07
3OAR14M15_REV_g.29655.CDS.718-MONOMER,0.0,-1.1643487565326722e-09
3OAR14M15_FWD_g.29655.CDS.718-MONOMER,0.0,-1.1698884496246623e-07
3OAR14M15_REV_g.29655.CDS.1681-MONOMER,0.0,-2.5341178988932852e-08
3OAR14M15_FWD_g.29655.CDS.1681-MONOMER,0.0,-1.411656751948664e-07
3OAR14M15_REV_g.29655.CDS.91-MONOMER,0.0,-2.0477120464511473e-08
3OAR14M15_FWD_g.29655.CDS.91-MONOMER,0.0,-1.3630161667044504e-07
3OAR14M16_REV_g.29655.CDS.783-MONOMER,0.0,-1.1582449620593357e-07
3OAR14M16_FWD_g.29655.CDS.783-MONOMER,0.0005174875659731506,2.9731384555340083e-34
3OAR14M16_REV_g.29655.CDS.718-MONOMER,0.0,-1.1698884496246623e-07
3OAR14M16_FWD_g.29655.CDS.718-MONOMER,0.0,-1.1643487565326722e-09
3OAR14M16_REV_g.29655.CDS.1681-MONOMER,0.0,-1.411656751948664e-07
3OAR14M16_FWD_g.29655.CDS.1681-MONOMER,0.0,-2.5341178988932852e-08
3OAR14M16_REV_g.29655.CDS.91-MONOMER,0.0,-1.3630161667044504e-07
3OAR14M16_FWD_g.29655.CDS.91-MONOMER,0.0,-2.0477120464511473e-08
3OAR15M16_REV_g.29655.CDS.783-MONOMER,0.0,-1.1582449620593357e-07
3OAR15M16_FWD_g.29655.CDS.783-MONOMER,0.0005174875659731506,-6.941115114206241e-35
3OAR15M16_REV_g.29655.CDS.718-MONOMER,0.0,-1.1698884496246623e-07
3OAR15M16_FWD_g.29655.CDS.718-MONOMER,0.0,-1.1643487565326722e-09
3OAR15M16_REV_g.29655.CDS.1681-MONOMER,0.0,-1.411656751948664e-07
3OAR15M16_FWD_g.29655.CDS.1681-MONOMER,0.0,-2.5341178988932852e-08
3OAR15M16_REV_g.29655.CDS.91-MONOMER,0.0,-1.3630161667044504e-07
3OAR15M16_FWD_g.29655.CDS.91-MONOMER,0.0,-2.0477120464511473e-08
3OAR160_REV_g.29655.CDS.783-MONOMER,0.0,-2.2946847184841458e-07
3OAR160_FWD_g.29655.CDS.783-MONOMER,0.0,1.181761606289034e-34
3OAR160_REV_g.29655.CDS.718-MONOMER,0.0,-2.3063282060494726e-07
3OAR160_FWD_g.29655.CDS.718-MONOMER,0.0,-1.1643487565326722e-09
3OAR160_REV_g.29655.CDS.1681-MONOMER,0.0,-2.5480965083734743e-07
3OAR160_FWD_g.29655.CDS.1681-MONOMER,0.0,-2.5341178988932852e-08
3OAR160_REV_g.29655.CDS.91-MONOMER,0.0,-2.4994559231292603e-07
3OAR160_FWD_g.29655.CDS.91-MONOMER,0.0,-2.0477120464511473e-08
3OAR180_REV_g.29655.CDS.783-MONOMER,0.0,-2.2946850968935003e-07
3OAR180_FWD_g.29655.CDS.783-MONOMER,0.00042756011934173594,4.849011573243667e-34
3OAR180_REV_g.29655.CDS.718-MONOMER,0.0,-2.306328584458827e-07
3OAR180_FWD_g.29655.CDS.718-MONOMER,0.0,-1.1643487565326722e-09
3OAR180_REV_g.29655.CDS.1681-MONOMER,0.0,-2.548096886782829e-07
3OAR180_FWD_g.29655.CDS.1681-MONOMER,0.0,-2.5341178988932852e-08
3OAR180_REV_g.29655.CDS.91-MONOMER,0.0,-2.4994563015386154e-07
3OAR180_FWD_g.29655.CDS.91-MONOMER,0.0,-2.0477120464511473e-08
3OAR40_REV_g.29655.CDS.783-MONOMER,0.0,-2.2946825495242915e-07
3OAR40_FWD_g.29655.CDS.783-MONOMER,0.00042756042638946866,4.849011573243667e-34
3OAR40_REV_g.29655.CDS.718-MONOMER,0.0,-2.306326037089618e-07
3OAR40_FWD_g.29655.CDS.718-MONOMER,0.0,-1.1643487565326722e-09
3OAR40_REV_g.29655.CDS.1681-MONOMER,0.0,-2.54809433941362e-07
3OAR40_FWD_g.29655.CDS.1681-MONOMER,0.0,-2.5341178988932852e-08
3OAR40_REV_g.29655.CDS.91-MONOMER,0.0,-2.4994537541694063e-07
3OAR40_FWD_g.29655.CDS.91-MONOMER,0.0,-2.0477120464511473e-08
3OAR4M5_REV_g.29655.CDS.783-MONOMER,0.0,-4.276865209910573e-34
3OAR4M5_FWD_g.29655.CDS.783-MONOMER,0.0,-1.1582449620593357e-07
3OAR4M5_REV_g.29655.CDS.718-MONOMER,0.0,-1.1643487565326722e-09
3OAR4M5_FWD_g.29655.CDS.718-MONOMER,0.0,-1.1698884496246623e-07
3OAR4M5_REV_g.29655.CDS.1681-MONOMER,0.0,-2.5341178988932852e-08
3OAR4M5_FWD_g.29655.CDS.1681-MONOMER,0.0,-1.411656751948664e-07
3OAR4M5_REV_g.29655.CDS.91-MONOMER,0.0,-2.0477120464511473e-08
3OAR4M5_FWD_g.29655.CDS.91-MONOMER,0.0,-1.3630161667044504e-07
3OAR4M6_REV_g.29655.CDS.783-MONOMER,0.0,-1.1582449620593357e-07
3OAR4M6_FWD_g.29655.CDS.783-MONOMER,0.0005174875659731506,-6.941115114206241e-35
3OAR4M6_REV_g.29655.CDS.718-MONOMER,0.0,-1.1698884496246623e-07
3OAR4M6_FWD_g.29655.CDS.718-MONOMER,0.0,-1.1643487565326722e-09
3OAR4M6_REV_g.29655.CDS.1681-MONOMER,0.0,-1.411656751948664e-07
3OAR4M6_FWD_g.29655.CDS.1681-MONOMER,0.0,-2.5341178988932852e-08
3OAR4M6_REV_g.29655.CDS.91-MONOMER,0.0,-1.3630161667044504e-07
3OAR4M6_FWD_g.29655.CDS.91-MONOMER,0.0,-2.0477120464511473e-08
3OAR5M6_REV_g.29655.CDS.783-MONOMER,0.0,-1.1582449620593357e-07
3OAR5M6_FWD_g.29655.CDS.783-MONOMER,0.0005174875659731506,-6.941115114206241e-35
3OAR5M6_REV_g.29655.CDS.718-MONOMER,0.0,-1.1698884496246623e-07
3OAR5M6_FWD_g.29655.CDS.718-MONOMER,0.0,-1.1643487565326722e-09
3OAR5M6_REV_g.29655.CDS.1681-MONOMER,0.0,-1.411656751948664e-07
3OAR5M6_FWD_g.29655.CDS.1681-MONOMER,0.0,-2.5341178988932852e-08
3OAR5M6_REV_g.29655.CDS.91-MONOMER,0.0,-1.3630161667044504e-07
3OAR5M6_FWD_g.29655.CDS.91-MONOMER,0.0,-2.0477120464511473e-08
3OAR60_REV_g.29655.CDS.783-MONOMER,0.0,-2.2946829279334151e-07
3OAR60_FWD_g.29655.CDS.783-MONOMER,0.00042756038090090175,1.181761606289034e-34
3OAR60_REV_g.29655.CDS.718-MONOMER,0.0,-2.306326415498742e-07
3OAR60_FWD_g.29655.CDS.718-MONOMER,0.0,-1.1643487565326722e-09
3OAR60_REV_g.29655.CDS.1681-MONOMER,0.0,-2.548094717822744e-07
3OAR60_FWD_g.29655.CDS.1681-MONOMER,0.0,-2.5341178988932852e-08
3OAR60_REV_g.29655.CDS.91-MONOMER,0.0,-2.49945413257853e-07
3OAR60_FWD_g.29655.CDS.91-MONOMER,0.0,-2.0477120464511473e-08
3OAR6M7_REV_g.29655.CDS.783-MONOMER,0.0,-4.043824934283537e-40
3OAR6M7_FWD_g.29655.CDS.783-MONOMER,0.0,-1.1582449620593357e-07
3OAR6M7_REV_g.29655.CDS.718-MONOMER,0.0,-1.1643487565326722e-09
3OAR6M7_FWD_g.29655.CDS.718-MONOMER,0.0,-1.1698884496246623e-07
3OAR6M7_REV_g.29655.CDS.1681-MONOMER,0.0,-2.5341178988932852e-08
3OAR6M7_FWD_g.29655.CDS.1681-MONOMER,0.0,-1.411656751948664e-07
3OAR6M7_REV_g.29655.CDS.91-MONOMER,0.0,-2.0477120464511473e-08
3OAR6M7_FWD_g.29655.CDS.91-MONOMER,0.0,-1.3630161667044504e-07
3OAR6M8_REV_g.29655.CDS.783-MONOMER,0.0,-1.1582449620593357e-07
3OAR6M8_FWD_g.29655.CDS.783-MONOMER,0.0005174875659731506,6.640388422488641e-34
3OAR6M8_REV_g.29655.CDS.718-MONOMER,0.0,-1.1698884496246623e-07
3OAR6M8_FWD_g.29655.CDS.718-MONOMER,0.0,-1.1643487565326722e-09
3OAR6M8_REV_g.29655.CDS.1681-MONOMER,0.0,-1.411656751948664e-07
3OAR6M8_FWD_g.29655.CDS.1681-MONOMER,0.0,-2.5341178988932852e-08
3OAR6M8_REV_g.29655.CDS.91-MONOMER,0.0,-1.3630161667044504e-07
3OAR6M8_FWD_g.29655.CDS.91-MONOMER,0.0,-2.0477120464511473e-08
3OAR7M8_REV_g.29655.CDS.783-MONOMER,0.0,-1.1582449620593357e-07
3OAR7M8_FWD_g.29655.CDS.783-MONOMER,0.0005174875659731506,-6.941115114206241e-35
3OAR7M8_REV_g.29655.CDS.718-MONOMER,0.0,-1.1698884496246623e-07
3OAR7M8_FWD_g.29655.CDS.718-MONOMER,0.0,-1.1643487565326722e-09
3OAR7M8_REV_g.29655.CDS.1681-MONOMER,0.0,-1.411656751948664e-07
3OAR7M8_FWD_g.29655.CDS.1681-MONOMER,0.0,-2.5341178988932852e-08
3OAR7M8_REV_g.29655.CDS.91-MONOMER,0.0,-1.3630161667044504e-07
3OAR7M8_FWD_g.29655.CDS.91-MONOMER,0.0,-2.0477120464511473e-08
3OAR80_REV_g.29655.CDS.783-MONOMER,0.0,-2.2946833063425793e-07
3OAR80_FWD_g.29655.CDS.783-MONOMER,0.0004275603354123397,1.181761606289034e-34
3OAR80_REV_g.29655.CDS.718-MONOMER,0.0,-2.306326793907906e-07
3OAR80_FWD_g.29655.CDS.718-MONOMER,0.0,-1.1643487565326722e-09
3OAR80_REV_g.29655.CDS.1681-MONOMER,0.0,-2.548095096231908e-07
3OAR80_FWD_g.29655.CDS.1681-MONOMER,0.0,-2.5341178988932852e-08
3OAR80_REV_g.29655.CDS.91-MONOMER,0.0,-2.499454510987694e-07
3OAR80_FWD_g.29655.CDS.91-MONOMER,0.0,-2.0477120464511473e-08
3OAR8M10_REV_g.29655.CDS.783-MONOMER,0.0,-1.1582449620593357e-07
3OAR8M10_FWD_g.29655.CDS.783-MONOMER,0.0005174875659731506,6.640388422488641e-34
3OAR8M10_REV_g.29655.CDS.718-MONOMER,0.0,-1.1698884496246623e-07
3OAR8M10_FWD_g.29655.CDS.718-MONOMER,0.0,-1.1643487565326722e-09
3OAR8M10_REV_g.29655.CDS.1681-MONOMER,0.0,-1.411656751948664e-07
3OAR8M10_FWD_g.29655.CDS.1681-MONOMER,0.0,-2.5341178988932852e-08
3OAR8M10_REV_g.29655.CDS.91-MONOMER,0.0,-1.3630161667044504e-07
3OAR8M10_FWD_g.29655.CDS.91-MONOMER,0.0,-2.0477120464511473e-08
3OAR8M9_REV_g.29655.CDS.783-MONOMER,0.0,-4.043824934283537e-40
3OAR8M9_FWD_g.29655.CDS.783-MONOMER,0.0,-1.1582449620593357e-07
3OAR8M9_REV_g.29655.CDS.718-MONOMER,0.0,-1.1643487565326722e-09
3OAR8M9_FWD_g.29655.CDS.718-MONOMER,0.0,-1.1698884496246623e-07
3OAR8M9_REV_g.29655.CDS.1681-MONOMER,0.0,-2.5341178988932852e-08
3OAR8M9_FWD_g.29655.CDS.1681-MONOMER,0.0,-1.411656751948664e-07
3OAR8M9_REV_g.29655.CDS.91-MONOMER,0.0,-2.0477120464511473e-08
3OAR8M9_FWD_g.29655.CDS.91-MONOMER,0.0,-1.3630161667044504e-07
3OAR9M10_REV_g.29655.CDS.783-MONOMER,0.0,-1.1582449620593357e-07
3OAR9M10_FWD_g.29655.CDS.783-MONOMER,0.0005174875659731506,6.640388422488641e-34
3OAR9M10_REV_g.29655.CDS.718-MONOMER,0.0,-1.1698884496246623e-07
3OAR9M10_FWD_g.29655.CDS.718-MONOMER,0.0,-1.1643487565326722e-09
3OAR9M10_REV_g.29655.CDS.1681-MONOMER,0.0,-1.411656751948664e-07
3OAR9M10_FWD_g.29655.CDS.1681-MONOMER,0.0,-2.5341178988932852e-08
3OAR9M10_REV_g.29655.CDS.91-MONOMER,0.0,-1.3630161667044504e-07
3OAR9M10_FWD_g.29655.CDS.91-MONOMER,0.0,-2.0477120464511473e-08
3OAS100_REV_CPLX_3OAS100-0,0.0,-4.3260894460750044e-07
3OAS100_FWD_CPLX_3OAS100-0,0.00042756030129592127,-2.926098938659233e-34
3OAS10M11_REV_CPLX_3OAS100-0,0.0,-3.189650927785426e-07
3OAS10M11_FWD_CPLX_3OAS100-0,0.0,6.208985948328389e-34
3OAS10M12_REV_CPLX_3OAS100-0,0.0,-3.189650927785426e-07
3OAS10M12_FWD_CPLX_3OAS100-0,0.0005174875659731506,9.25401424399093e-34
3OAS11M12_REV_CPLX_3OAS100-0,0.0,-3.189650927785426e-07
3OAS11M12_FWD_CPLX_3OAS100-0,0.0005174875659731506,3.1639576526658487e-34
3OAS120_REV_CPLX_3OAS100-0,0.0,-4.326089824484239e-07
3OAS120_FWD_CPLX_3OAS100-0,0.0004275602558073677,9.25401424399093e-34
3OAS121_REV_CPLX_dummy,0.0,-1.6683921321409418e-07
3OAS121_FWD_CPLX_dummy,5.49811547799473e-30,4.903670473956872e-34
3OAS12M13_REV_CPLX_3OAS100-0,0.0,-3.189650927785426e-07
3OAS12M13_FWD_CPLX_3OAS100-0,0.0,-2.926098938659233e-34
3OAS12M14_REV_CPLX_3OAS100-0,0.0,-3.189650927785426e-07
3OAS12M14_FWD_CPLX_3OAS100-0,0.0005174875659731506,1.2299042539653471e-33
3OAS13M14_REV_CPLX_3OAS100-0,0.0,-3.189650927785426e-07
3OAS13M14_FWD_CPLX_3OAS100-0,0.0005174875659731506,9.25401424399093e-34
3OAS140_REV_CPLX_3OAS100-0,0.0,-4.326090202893514e-07
3OAS140_FWD_CPLX_3OAS100-0,0.0004275602103188189,6.208985948328389e-34
3OAS141_REV_CPLX_dummy,0.0,-1.66839204129102e-07
3OAS141_FWD_CPLX_dummy,0.0,7.340260789417428e-34
3OAS160_REV_CPLX_3OAS100-0,0.0,-2.418118679706136e-07
3OAS160_FWD_CPLX_3OAS100-0,0.0,-1.9079718508489477e-07
3OAS161_REV_CPLX_dummy,0.0,-2.236611997881034e-07
3OAS161_FWD_CPLX_dummy,0.0,1.1003280941168833e-33
3OAS180_REV_CPLX_3OAS100-0,0.0,-4.3260908582166836e-07
3OAS180_FWD_CPLX_3OAS100-0,0.00042756013071387024,6.208985948328389e-34
3OAS181_REV_CPLX_dummy,0.0,-2.8048322353622704e-07
3OAS181_FWD_CPLX_dummy,0.0,1.1003280941168833e-33
3OAS2M3_REV_CPLX_3OAS100-0,0.0,-3.189650927785426e-07
3OAS2M3_FWD_CPLX_3OAS100-0,0.0,1.1892935700330796e-35
3OAS3M4_REV_CPLX_3OAS100-0,0.0,-3.189650927785426e-07
3OAS3M4_FWD_CPLX_3OAS100-0,0.0005174875659731506,3.1639576526658487e-34
3OAS4M3O6_REV_CPLX_3OAS100-0,0.0,-3.189650927785426e-07
3OAS4M3O6_FWD_CPLX_3OAS100-0,0.0005174875659731506,1.1892935700330796e-35
3OAS4M5_REV_CPLX_3OAS100-0,0.0,-3.189650927785426e-07
3OAS4M5_FWD_CPLX_3OAS100-0,0.0,6.208985948328389e-34
3OAS4M6_REV_CPLX_3OAS100-0,0.0,-3.189650927785426e-07
3OAS4M6_FWD_CPLX_3OAS100-0,0.0005174875659731506,3.1639576526658487e-34
3OAS5M6_REV_CPLX_3OAS100-0,0.0,-3.189650927785426e-07
3OAS5M6_FWD_CPLX_3OAS100-0,0.0005174875659731506,6.208985948328389e-34
3OAS60_REV_CPLX_3OAS100-0,0.0,-4.326088689256656e-07
3OAS60_FWD_CPLX_3OAS100-0,0.000427560392273043,1.8389099130978554e-33
3OAS6M7_REV_CPLX_3OAS100-0,0.0,-3.189650927785426e-07
3OAS6M7_FWD_CPLX_3OAS100-0,0.0,6.208985948328389e-34
3OAS6M8_REV_CPLX_3OAS100-0,0.0,-3.189650927785426e-07
3OAS6M8_FWD_CPLX_3OAS100-0,0.0005174875659731506,1.1892935700330796e-35
3OAS7M8_REV_CPLX_3OAS100-0,0.0,-3.189650927785426e-07
3OAS7M8_FWD_CPLX_3OAS100-0,0.0005174875659731506,3.1639576526658487e-34
3OAS80_REV_CPLX_3OAS100-0,0.0,-4.32608906766581e-07
3OAS80_FWD_CPLX_3OAS100-0,0.0004275603467844797,6.208985948328389e-34
3OAS8M10_REV_CPLX_3OAS100-0,0.0,-3.189650927785426e-07
3OAS8M10_FWD_CPLX_3OAS100-0,0.0005174875659731506,-2.926098938659233e-34
3OAS8M9_REV_CPLX_3OAS100-0,0.0,-3.189650927785426e-07
3OAS8M9_FWD_CPLX_3OAS100-0,0.0,6.208985948328389e-34
3OAS9M10_REV_CPLX_3OAS100-0,0.0,-3.189650927785426e-07
3OAS9M10_FWD_CPLX_3OAS100-0,0.0005174875659731506,3.1639576526658487e-34
4HTHRS_REV_g.29655.CDS.1225-MONOMER,0.0,-6.318435476573059e-08
4HTHRS_FWD_g.29655.CDS.1225-MONOMER,0.0,-2.1995839773498242e-40
4NTPPH2_REV_g.29655.CDS.221-MONOMER_mod_zn2(1)_mod_mg2(1),0.0,-1.67180183735237e-07
4NTPPH2_FWD_g.29655.CDS.221-MONOMER_mod_zn2(1)_mod_mg2(1),0.0,-3.9466106534607743e-41
5AIZCDC_REV_g.29655.CDS.572-MONOMER,0.0,-1.3597582411260908e-07
5AIZCDC_FWD_g.29655.CDS.572-MONOMER,0.0,-3.8315449799804715e-39
5GLUP5T1_REV_g.29655.CDS.125-MONOMER,0.0,1.3157096573474275e-41
5GLUP5T1_FWD_g.29655.CDS.125-MONOMER,0.0,-1.3313505208921323e-07
5GLUP5T2_REV_g.29655.CDS.125-MONOMER,0.0,-1.3313505208921323e-07
5GLUP5T2_FWD_g.29655.CDS.125-MONOMER,0.0,5.26283862938971e-41
AACPS6_REV_CPLX_dummy,0.0,1.1903915809175114e-06
AACPS6_FWD_CPLX_dummy,0.0,-1.3572309175416193e-06
AACPS7_REV_CPLX_dummy,0.0,1.1903915809175114e-06
AACPS7_FWD_CPLX_dummy,0.0,-1.3572308658549922e-06
ABUTD_REV_g.29655.CDS.1576-MONOMER,0.0,1.0046399886401653e-07
ABUTD_FWD_g.29655.CDS.1576-MONOMER,0.0,-1.774887904763478e-07
ACACT1r_REV_g.29655.CDS.768-MONOMER,0.0,-3.5468285436072335e-07
ACACT1r_FWD_g.29655.CDS.768-MONOMER,-5.827658214178312e-23,1.618364370855229e-36
ACACT2r_REV_g.29655.CDS.768-MONOMER,0.0,-7.500214440997956e-40
ACACT2r_FWD_g.29655.CDS.768-MONOMER,0.0,-3.5468285436072335e-07
ACACT3r_REV_g.29655.CDS.768-MONOMER,0.0,3.701023354018218e-40
ACACT3r_FWD_g.29655.CDS.768-MONOMER,0.0,-3.5468285436072335e-07
ACACT4r_REV_g.29655.CDS.768-MONOMER,0.0,3.701023354018218e-40
ACACT4r_FWD_g.29655.CDS.768-MONOMER,0.0,-3.5468285436072335e-07
ACACT5r_REV_g.29655.CDS.768-MONOMER,0.0,3.701023354018218e-40
ACACT5r_FWD_g.29655.CDS.768-MONOMER,0.0,-3.5468285436072335e-07
ACACT6r_REV_g.29655.CDS.768-MONOMER,0.0,3.701023354018218e-40
ACACT6r_FWD_g.29655.CDS.768-MONOMER,0.0,-3.5468285436072335e-07
ACACT7r_REV_g.29655.CDS.768-MONOMER,0.0,1.281123468698614e-39
ACACT7r_FWD_g.29655.CDS.768-MONOMER,0.0,-3.5468285436072335e-07
ACALDt_REV_CPLX_dummy,0.0,-2.381543917993303e-41
ACALDt_FWD_CPLX_dummy,0.0,-5.319548658429506e-08
ACBIPGT_REV_CPLX_dummy,0.0,-5.319548658429506e-08
ACBIPGT_FWD_CPLX_dummy,0.0,-1.7372411959542255e-40
ACCOACL_REV_CPLX_ACCOACL-2,0.0,-1.2911541019557134e-07
ACCOACL_FWD_CPLX_ACCOACL-2,0.0,-4.35472925485666e-09
ACCOACL_REV_g.29655.CDS.1393-MONOMER,0.0,-1.3105696289908127e-07
ACCOACL_FWD_g.29655.CDS.1393-MONOMER,0.0,-6.296281958366588e-09
ACCOACL_REV_CPLX_ACCOACL-1,0.0,-1.428593273204426e-07
ACCOACL_FWD_CPLX_ACCOACL-1,0.0,-1.8098646379727923e-08
ACCOACL_REV_CPLX_ACCOACL-0,0.0,-1.2476068094071468e-07
ACCOACL_FWD_CPLX_ACCOACL-0,3.6474711357105797e-23,3.384414488594281e-40
ACCOALYS2_REV_g.29655.CDS.1576-MONOMER,0.0,-7.702479161233129e-08
ACCOALYS2_FWD_g.29655.CDS.1576-MONOMER,0.0,5.0577084947724355e-42
ACGAMT_REV_g.29655.CDS.747-MONOMER_mod_mg2(1),0.0,-1.1343001367395479e-07
ACGAMT_FWD_g.29655.CDS.747-MONOMER_mod_mg2(1),0.0,-3.8344694251728936e-40
ACGApts_REV_g.29655.CDS.10-MONOMER,0.0,-1.3381976884544603e-07
ACGApts_FWD_g.29655.CDS.10-MONOMER,0.0,2.549303431373031e-41
ACGK_REV_1122949.3.peg.1454-MONOMER,0.0,-3.1459559705149043e-07
ACGK_FWD_1122949.3.peg.1454-MONOMER,2.9754765994907564e-56,-1.453793487129183e-36
ACGS_REV_1122949.3.peg.1455-MONOMER,0.0,4.033484608371334e-07
ACGS_FWD_1122949.3.peg.1455-MONOMER,0.0,-6.07294357021987e-07
ACKr_REV_g.29655.CDS.1678-MONOMER,0.9644560952545381,-8.685698160998514e-39
ACKr_FWD_g.29655.CDS.1678-MONOMER,0.0,-1.1493560119481566e-07
ACOAAGPAT140_REV_g.29655.CDS.1531-MONOMER,0.0,-2.3693654350710163e-08
ACOAAGPAT140_FWD_g.29655.CDS.1531-MONOMER,0.0,-1.564443106051462e-39
ACOAAGPAT160_REV_g.29655.CDS.1531-MONOMER,0.0,-2.3693654350710163e-08
ACOAAGPAT160_FWD_g.29655.CDS.1531-MONOMER,0.0,-1.564443106051462e-39
ACOAAGPAT180_REV_g.29655.CDS.1531-MONOMER,0.0,-2.3693654350710163e-08
ACOAAGPAT180_FWD_g.29655.CDS.1531-MONOMER,0.0,1.0775071895258371e-33
ACOAAGPATAI15_REV_g.29655.CDS.1531-MONOMER,0.0,-2.3693654350710163e-08
ACOAAGPATAI15_FWD_g.29655.CDS.1531-MONOMER,0.0,-2.84611849030141e-39
ACOAAGPATAI17_REV_g.29655.CDS.1531-MONOMER,0.0,-2.3693654350710163e-08
ACOAAGPATAI17_FWD_g.29655.CDS.1531-MONOMER,0.0002587437829865753,-2.702492889532276e-41
ACOAAGPATI14_REV_g.29655.CDS.1531-MONOMER,0.0,-2.3693654350710163e-08
ACOAAGPATI14_FWD_g.29655.CDS.1531-MONOMER,0.0,-1.0415207602279464e-39
ACOAAGPATI15_REV_g.29655.CDS.1531-MONOMER,0.0,-2.3693654350710163e-08
ACOAAGPATI15_FWD_g.29655.CDS.1531-MONOMER,0.0,-1.0415207602279464e-39
ACOAAGPATI16_REV_g.29655.CDS.1531-MONOMER,0.0,-2.3693654350710163e-08
ACOAAGPATI16_FWD_g.29655.CDS.1531-MONOMER,0.0,-1.0415207602279464e-39
ACOAAGPATI17_REV_g.29655.CDS.1531-MONOMER,0.0,-2.3693654350710163e-08
ACOAAGPATI17_FWD_g.29655.CDS.1531-MONOMER,0.0002587437829865753,-2.702492889532276e-41
ACOAD1i_REV_CPLX_dummy,0.0,4.547474099446178e-08
ACOAD1i_FWD_CPLX_dummy,0.0,-9.867022757875685e-08
ACOAD20_REV_g.29655.CDS.1684-MONOMER,0.0,-1.5799947932020786e-07
ACOAD20_FWD_g.29655.CDS.1684-MONOMER,0.0,-2.0735782494453532e-08
ACOAD20_REV_g.29655.CDS.581-MONOMER,0.0,-1.3726369682575433e-07
ACOAD20_FWD_g.29655.CDS.581-MONOMER,0.0,5.609076776275803e-40
ACOADH2_REV_g.29655.CDS.1684-MONOMER,0.0,-1.5799947932020786e-07
ACOADH2_FWD_g.29655.CDS.1684-MONOMER,0.0,-2.0735782494453532e-08
ACOADH2_REV_g.29655.CDS.581-MONOMER,0.0,-1.3726369682575433e-07
ACOADH2_FWD_g.29655.CDS.581-MONOMER,0.0,6.232307529195336e-41
ACOATA_REV_CPLX_3OAS100-0,0.0,-3.189650877310205e-07
ACOATA_FWD_CPLX_3OAS100-0,0.0004275604491337539,-3.5007913543203132e-34
ACOCT_REV_g.29655.CDS.32-MONOMER_mod_thmpp(1)_mod_mn2(1)_mod_mg2(1),0.0,-1.180979898953656e-07
ACOCT_FWD_g.29655.CDS.32-MONOMER_mod_thmpp(1)_mod_mn2(1)_mod_mg2(1),0.0,3.0704118909927727e-41
ACODAr_REV_g.29655.CDS.1611-MONOMER,0.0,-1.442047610467423e-07
ACODAr_FWD_g.29655.CDS.1611-MONOMER,0.0,-6.677482116532009e-41
ACODAr_REV_g.29655.CDS.1379-MONOMER_mod_zn2(1),0.0,-1.5821245515790976e-07
ACODAr_FWD_g.29655.CDS.1379-MONOMER_mod_zn2(1),0.0,-1.4007694111167458e-08
ACOTA_REV_1122949.3.peg.1453-MONOMER_mod_pydx5p(1),0.0,-1.7056734070854453e-07
ACOTA_FWD_1122949.3.peg.1453-MONOMER_mod_pydx5p(1),0.0,-5.237468181028578e-40
ACPS1_REV_CPLX_dummy,0.0,-1.668390717032324e-07
ACPS1_FWD_CPLX_dummy,0.0,-1.1959399932550888e-34
ACt2r_REV_CPLX_dummy,0.9644560952545381,3.40220559713329e-42
ACt2r_FWD_CPLX_dummy,0.0,-5.319548658429506e-08
ADAD_REV_CPLX_dummy,0.0,-5.319548658429506e-08
ADAD_FWD_CPLX_dummy,0.00018249816430136506,1.1240972444409694e-40
ADEt2r_REV_CPLX_dummy,0.005705138319569914,1.7011027985666448e-41
ADEt2r_FWD_CPLX_dummy,0.0,-5.319548658429506e-08
ADK1_REV_1122949.3.peg.1301-MONOMER_mod_mg2(1),0.0,-7.875704899039829e-08
ADK1_FWD_1122949.3.peg.1301-MONOMER_mod_mg2(1),0.04352624538315769,9.60366160698492e-40
ADK10_REV_1122949.3.peg.1301-MONOMER_mod_mg2(1),0.0,-5.215930569825076e-08
ADK10_FWD_1122949.3.peg.1301-MONOMER_mod_mg2(1),0.0,-2.659774329214753e-08
ADK11_REV_1122949.3.peg.1301-MONOMER_mod_mg2(1),0.0,-7.875704899039829e-08
ADK11_FWD_1122949.3.peg.1301-MONOMER_mod_mg2(1),0.0,7.545349162799926e-41
ADK2_REV_g.29655.CDS.1247-MONOMER,1.0976896109671034e-22,-6.564579130470341e-40
ADK2_FWD_g.29655.CDS.1247-MONOMER,0.0,-8.073362921962973e-08
ADK3_REV_1122949.3.peg.1301-MONOMER_mod_mg2(1),0.0,-5.215930569825076e-08
ADK3_FWD_1122949.3.peg.1301-MONOMER_mod_mg2(1),0.0,-2.659774329214753e-08
ADK5_REV_1122949.3.peg.1301-MONOMER_mod_mg2(1),0.0,-5.215930569825076e-08
ADK5_FWD_1122949.3.peg.1301-MONOMER_mod_mg2(1),0.0,-2.659774329214753e-08
ADK7_REV_1122949.3.peg.1301-MONOMER_mod_mg2(1),0.0,-7.875704899039829e-08
ADK7_FWD_1122949.3.peg.1301-MONOMER_mod_mg2(1),0.0,7.545349162799926e-41
ADK8_REV_1122949.3.peg.1301-MONOMER_mod_mg2(1),0.0,-5.215930569825076e-08
ADK8_FWD_1122949.3.peg.1301-MONOMER_mod_mg2(1),0.0,-2.659774329214753e-08
ADK9_REV_1122949.3.peg.1301-MONOMER_mod_mg2(1),0.0,-5.215930569825076e-08
ADK9_FWD_1122949.3.peg.1301-MONOMER_mod_mg2(1),0.0,-2.659774329214753e-08
ADNCYC_REV_g.29655.CDS.309-MONOMER,0.0,3.698948906242876e-08
ADNCYC_FWD_g.29655.CDS.309-MONOMER,0.0,6.158216793574223e-41
ADNK1_REV_g.29655.CDS.1188-MONOMER,0.0,5.513131983873239e-07
ADNK1_FWD_g.29655.CDS.1188-MONOMER,0.0,-5.572215417485012e-07
ADOCBIK_REV_CPLX_dummy,0.0,-5.319548658429506e-08
ADOCBIK_FWD_CPLX_dummy,0.0,-8.277443345428957e-40
ADOCBLS_REV_CPLX_dummy,0.0,-5.319548658429506e-08
ADOCBLS_FWD_CPLX_dummy,0.0,-1.8712130784233094e-40
ADPRDP_REV_g.29655.CDS.1630-MONOMER,0.0,-4.595876721069407e-08
ADPRDP_FWD_g.29655.CDS.1630-MONOMER,0.0,1.124924215570074e-39
ADPT_REV_g.29655.CDS.557-MONOMER_mod_mn2(1),0.0,1.3322425046899112e-06
ADPT_FWD_g.29655.CDS.557-MONOMER_mod_mn2(1),0.0,-1.4478983201316492e-06
ADPT_REV_g.29655.CDS.557-MONOMER_mod_mg2(1),0.0,1.3313505155079634e-06
ADPT_FWD_g.29655.CDS.557-MONOMER_mod_mg2(1),0.0,-1.4487903093135971e-06
AGPAT120_REV_g.29655.CDS.1531-MONOMER,0.0,-1.3733745270389582e-07
AGPAT120_FWD_g.29655.CDS.1531-MONOMER,0.0,8.889478988029596e-34
AGPAT140_REV_g.29655.CDS.1531-MONOMER,0.0,-1.3733747162436132e-07
AGPAT140_FWD_g.29655.CDS.1531-MONOMER,0.0,2.5781240681665184e-34
AGPAT141_REV_g.29655.CDS.1531-MONOMER,0.0,-1.373375040368029e-07
AGPAT141_FWD_g.29655.CDS.1531-MONOMER,0.0,1.0993263961317289e-33
AGPAT160_REV_g.29655.CDS.1531-MONOMER,0.0,-1.3733748547005386e-07
AGPAT160_FWD_g.29655.CDS.1531-MONOMER,0.0,4.681909041454211e-34
AGPAT161_REV_g.29655.CDS.1531-MONOMER,0.0,-1.373375040368029e-07
AGPAT161_FWD_g.29655.CDS.1531-MONOMER,0.0,1.0993263961317289e-33
AGPAT180_REV_g.29655.CDS.1531-MONOMER,0.0,-1.3733750439052286e-07
AGPAT180_FWD_g.29655.CDS.1531-MONOMER,0.00021378004261266739,1.0993263961317289e-33
AGPAT181_REV_g.29655.CDS.1531-MONOMER,0.0,-1.373375040368029e-07
AGPAT181_FWD_g.29655.CDS.1531-MONOMER,0.0,1.0993263961317289e-33
AGPR_REV_1122949.3.peg.1456-MONOMER,0.0,-9.582782238453172e-08
AGPR_FWD_1122949.3.peg.1456-MONOMER,3.2483874323087127e-56,-3.603077259294784e-40
AHC_REV_g.29655.CDS.198-MONOMER,0.0,-8.560841021856655e-08
AHC_FWD_g.29655.CDS.198-MONOMER,2.6321185573861255e-06,1.3925811221438417e-40
AHCYSNS_r_REV_g.29655.CDS.1482-MONOMER,0.0,-6.597660434913968e-08
AHCYSNS_r_FWD_g.29655.CDS.1482-MONOMER,0.0,6.962862999027196e-41
AICART_REV_1122949.3.peg.947-MONOMER,0.0,-6.216103584321627e-08
AICART_FWD_1122949.3.peg.947-MONOMER,0.0,2.519830765797884e-39
AIHDUDPMG_REV_CPLX_dummy,0.0,-5.319548658429506e-08
AIHDUDPMG_FWD_CPLX_dummy,4.496374037371104e-05,-1.645269603227237e-39
AIHDUPDG_REV_CPLX_dummy,0.0,-5.319548658429506e-08
AIHDUPDG_FWD_CPLX_dummy,4.496374037371104e-05,-3.3722917333229083e-40
AIHPDCOATA_REV_g.29655.CDS.593-MONOMER,0.0,-1.940178415736075e-07
AIHPDCOATA_FWD_g.29655.CDS.593-MONOMER,0.0005174875659731506,5.251497180779197e-34
AIPDCOATA_REV_g.29655.CDS.593-MONOMER,0.0,-1.940178415736075e-07
AIPDCOATA_FWD_g.29655.CDS.593-MONOMER,0.0,9.121415200975642e-34
AIRC4_REV_1122949.3.peg.943-MONOMER,0.0,3.1592758815022323e-07
AIRC4_FWD_1122949.3.peg.943-MONOMER,0.0,-8.221920029296208e-07
AKP1_REV_g.29655.CDS.221-MONOMER_mod_zn2(1)_mod_mg2(1),0.0,-1.67180183735237e-07
AKP1_FWD_g.29655.CDS.221-MONOMER_mod_zn2(1)_mod_mg2(1),0.0,-1.5950037062135559e-40
ALAALA_REV_CPLX_dummy,0.0,-5.319548658429506e-08
ALAALA_FWD_CPLX_dummy,0.0,-4.020618111212441e-41
ALAASP1c_REV_g.29655.CDS.96-MONOMER,0.0,-5.303102508115118e-08
ALAASP1c_FWD_g.29655.CDS.96-MONOMER,0.0,-1.301667014071558e-07
ALAASP1c_REV_g.29655.CDS.1333-MONOMER,0.0,-3.920952873159944e-08
ALAASP1c_FWD_g.29655.CDS.1333-MONOMER,0.0,-1.1634520505760405e-07
ALAASP1c_REV_g.29655.CDS.431-MONOMER_mod_fe2(2),0.0,-1.9750105183499396
ALAASP1c_FWD_g.29655.CDS.431-MONOMER_mod_fe2(2),0.0,-1.9750105954856159
ALAASP1c_REV_g.29655.CDS.1420-MONOMER,8.579212563480136e-23,-1.0449533241193836e-30
ALAASP1c_FWD_g.29655.CDS.1420-MONOMER,0.0,-7.713567632600461e-08
ALAASPabc_REV_g.29655.CDS.439-MONOMER,0.0,2.2697732316746044e-07
ALAASPabc_FWD_g.29655.CDS.439-MONOMER,0.0,-3.0030590925090244e-07
ALAASPabc_REV_g.29655.CDS.85-MONOMER,0.0,2.3628921280429522e-07
ALAASPabc_FWD_g.29655.CDS.85-MONOMER,0.0,-2.9099401961406766e-07
ALAASPabc_REV_g.29655.CDS.497-MONOMER,0.0,2.371530115432579e-07
ALAASPabc_FWD_g.29655.CDS.497-MONOMER,0.0,-2.9013022087510496e-07
ALAASPabc_REV_g.29655.CDS.317-MONOMER,0.0,2.1814064112844158e-07
ALAASPabc_FWD_g.29655.CDS.317-MONOMER,0.0,-3.091425912899213e-07
ALAASPabc_REV_g.29655.CDS.537-MONOMER,0.0,2.1358899905098973e-07
ALAASPabc_FWD_g.29655.CDS.537-MONOMER,0.0,-3.136942333673731e-07
ALAASPabc_REV_g.29655.CDS.103-MONOMER,0.0,2.1999815886607862e-07
ALAASPabc_FWD_g.29655.CDS.103-MONOMER,0.0,-3.0728507355228424e-07
ALAASPabc_REV_g.29655.CDS.631-MONOMER,0.0,2.3419665875607513e-07
ALAASPabc_FWD_g.29655.CDS.631-MONOMER,0.0,-2.9308657366228775e-07
ALAGLN1c_REV_g.29655.CDS.96-MONOMER,0.0,-5.303102508115118e-08
ALAGLN1c_FWD_g.29655.CDS.96-MONOMER,0.0,-1.301667014071558e-07
ALAGLN1c_REV_g.29655.CDS.1333-MONOMER,0.0,-3.920952873159944e-08
ALAGLN1c_FWD_g.29655.CDS.1333-MONOMER,0.0,-1.1634520505760405e-07
ALAGLN1c_REV_g.29655.CDS.431-MONOMER_mod_fe2(2),0.0,-1.9750105183499396
ALAGLN1c_FWD_g.29655.CDS.431-MONOMER_mod_fe2(2),0.0,-1.9750105954856159
ALAGLN1c_REV_g.29655.CDS.1420-MONOMER,8.57118019209801e-23,-1.0449536239329124e-30
ALAGLN1c_FWD_g.29655.CDS.1420-MONOMER,0.0,-7.713567632600461e-08
ALAGLNabc_REV_g.29655.CDS.439-MONOMER,0.0,2.2520650180113258e-07
ALAGLNabc_FWD_g.29655.CDS.439-MONOMER,0.0,-2.985350878845746e-07
ALAGLNabc_REV_g.29655.CDS.85-MONOMER,0.0,2.3451839143796738e-07
ALAGLNabc_FWD_g.29655.CDS.85-MONOMER,0.0,-2.8922319824773977e-07
ALAGLNabc_REV_g.29655.CDS.497-MONOMER,0.0,2.3538219017693003e-07
ALAGLNabc_FWD_g.29655.CDS.497-MONOMER,0.0,-2.8835939950877713e-07
ALAGLNabc_REV_g.29655.CDS.317-MONOMER,0.0,2.1636981976211374e-07
ALAGLNabc_FWD_g.29655.CDS.317-MONOMER,0.0,-3.0737176992359344e-07
ALAGLNabc_REV_g.29655.CDS.537-MONOMER,0.0,2.1181817768466187e-07
ALAGLNabc_FWD_g.29655.CDS.537-MONOMER,0.0,-3.119234120010453e-07
ALAGLNabc_REV_g.29655.CDS.103-MONOMER,0.0,2.1822733749975078e-07
ALAGLNabc_FWD_g.29655.CDS.103-MONOMER,0.0,-3.055142521859564e-07
ALAGLNabc_REV_g.29655.CDS.631-MONOMER,0.0,2.3242583738974727e-07
ALAGLNabc_FWD_g.29655.CDS.631-MONOMER,0.0,-2.913157522959599e-07
ALAGLU1c_REV_g.29655.CDS.96-MONOMER,0.0,-5.303102508115118e-08
ALAGLU1c_FWD_g.29655.CDS.96-MONOMER,0.0,-1.301667014071558e-07
ALAGLU1c_REV_g.29655.CDS.1333-MONOMER,0.0,-3.920952873159944e-08
ALAGLU1c_FWD_g.29655.CDS.1333-MONOMER,0.0,-1.1634520505760405e-07
ALAGLU1c_REV_g.29655.CDS.431-MONOMER_mod_fe2(2),0.0,-1.9750105183499396
ALAGLU1c_FWD_g.29655.CDS.431-MONOMER_mod_fe2(2),0.0,-1.9750105954856159
ALAGLU1c_REV_g.29655.CDS.1420-MONOMER,8.579214255473901e-23,-1.0449533241624173e-30
ALAGLU1c_FWD_g.29655.CDS.1420-MONOMER,0.0,-7.713567632600461e-08
ALAGLUabc_REV_g.29655.CDS.439-MONOMER,0.0,1.1138696290968806e-07
ALAGLUabc_FWD_g.29655.CDS.439-MONOMER,0.0,-1.847155489931301e-07
ALAGLUabc_REV_g.29655.CDS.85-MONOMER,0.0,1.2069885254652287e-07
ALAGLUabc_FWD_g.29655.CDS.85-MONOMER,0.0,-1.7540365935629528e-07
ALAGLUabc_REV_g.29655.CDS.497-MONOMER,0.0,1.215626512854855e-07
ALAGLUabc_FWD_g.29655.CDS.497-MONOMER,0.0,-1.7453986061733262e-07
ALAGLUabc_REV_g.29655.CDS.317-MONOMER,0.0,1.0255028087066921e-07
ALAGLUabc_FWD_g.29655.CDS.317-MONOMER,0.0,-1.9355223103214893e-07
ALAGLUabc_REV_g.29655.CDS.537-MONOMER,0.0,9.799863879321737e-08
ALAGLUabc_FWD_g.29655.CDS.537-MONOMER,0.0,-1.9810387310960077e-07
ALAGLUabc_REV_g.29655.CDS.103-MONOMER,0.0,1.0440779860830627e-07
ALAGLUabc_FWD_g.29655.CDS.103-MONOMER,0.0,-1.916947132945119e-07
ALAGLUabc_REV_g.29655.CDS.631-MONOMER,0.0,1.1860629849830275e-07
ALAGLUabc_FWD_g.29655.CDS.631-MONOMER,0.0,-1.774962134045154e-07
ALAGLY1c_REV_g.29655.CDS.96-MONOMER,0.0,-5.303102508115118e-08
ALAGLY1c_FWD_g.29655.CDS.96-MONOMER,0.0,-1.301667014071558e-07
ALAGLY1c_REV_g.29655.CDS.1333-MONOMER,0.0,-3.920952873159944e-08
ALAGLY1c_FWD_g.29655.CDS.1333-MONOMER,0.0,-1.1634520505760405e-07
ALAGLY1c_REV_g.29655.CDS.431-MONOMER_mod_fe2(2),0.0,-1.9750105183499396
ALAGLY1c_FWD_g.29655.CDS.431-MONOMER_mod_fe2(2),0.0,-1.9750105954856159
ALAGLY1c_REV_g.29655.CDS.1420-MONOMER,8.579214255473901e-23,-1.0449533244098615e-30
ALAGLY1c_FWD_g.29655.CDS.1420-MONOMER,0.0,-7.713567632600461e-08
ALAGLYabc_REV_g.29655.CDS.439-MONOMER,0.0,2.70079941066096e-07
ALAGLYabc_FWD_g.29655.CDS.439-MONOMER,0.0,-3.43408527149538e-07
ALAGLYabc_REV_g.29655.CDS.85-MONOMER,0.0,2.7939183070293076e-07
ALAGLYabc_FWD_g.29655.CDS.85-MONOMER,0.0,-3.340966375127032e-07
ALAGLYabc_REV_g.29655.CDS.497-MONOMER,0.0,2.802556294418934e-07
ALAGLYabc_FWD_g.29655.CDS.497-MONOMER,0.0,-3.332328387737405e-07
ALAGLYabc_REV_g.29655.CDS.317-MONOMER,0.0,2.6124325902707715e-07
ALAGLYabc_FWD_g.29655.CDS.317-MONOMER,0.0,-3.522452091885568e-07
ALAGLYabc_REV_g.29655.CDS.537-MONOMER,0.0,2.5669161694962525e-07
ALAGLYabc_FWD_g.29655.CDS.537-MONOMER,0.0,-3.5679685126600866e-07
ALAGLYabc_REV_g.29655.CDS.103-MONOMER,0.0,2.631007767647142e-07
ALAGLYabc_FWD_g.29655.CDS.103-MONOMER,0.0,-3.503876914509198e-07
ALAGLYabc_REV_g.29655.CDS.631-MONOMER,0.0,2.7729927665471067e-07
ALAGLYabc_FWD_g.29655.CDS.631-MONOMER,0.0,-3.361891915609233e-07
ALAHIS1c_REV_g.29655.CDS.96-MONOMER,0.0,-5.303102508115118e-08
ALAHIS1c_FWD_g.29655.CDS.96-MONOMER,0.0,-1.301667014071558e-07
ALAHIS1c_REV_g.29655.CDS.1333-MONOMER,0.0,-3.920952873159944e-08
ALAHIS1c_FWD_g.29655.CDS.1333-MONOMER,0.0,-1.1634520505760405e-07
ALAHIS1c_REV_g.29655.CDS.431-MONOMER_mod_fe2(2),0.0,-1.9750105183499396
ALAHIS1c_FWD_g.29655.CDS.431-MONOMER_mod_fe2(2),0.0,-1.9750105954856159
ALAHIS1c_REV_g.29655.CDS.1420-MONOMER,8.389118109414138e-23,-1.0449533243877073e-30
ALAHIS1c_FWD_g.29655.CDS.1420-MONOMER,0.0,-7.713567632600461e-08
ALAHISabc_REV_g.29655.CDS.439-MONOMER,0.0,2.2697732316746044e-07
ALAHISabc_FWD_g.29655.CDS.439-MONOMER,0.0,-3.0030590925090244e-07
ALAHISabc_REV_g.29655.CDS.85-MONOMER,0.0,2.3628921280429522e-07
ALAHISabc_FWD_g.29655.CDS.85-MONOMER,0.0,-2.9099401961406766e-07
ALAHISabc_REV_g.29655.CDS.497-MONOMER,0.0,2.371530115432579e-07
ALAHISabc_FWD_g.29655.CDS.497-MONOMER,0.0,-2.9013022087510496e-07
ALAHISabc_REV_g.29655.CDS.317-MONOMER,0.0,2.1814064112844158e-07
ALAHISabc_FWD_g.29655.CDS.317-MONOMER,0.0,-3.091425912899213e-07
ALAHISabc_REV_g.29655.CDS.537-MONOMER,0.0,2.1358899905098973e-07
ALAHISabc_FWD_g.29655.CDS.537-MONOMER,0.0,-3.136942333673731e-07
ALAHISabc_REV_g.29655.CDS.103-MONOMER,0.0,2.1999815886607862e-07
ALAHISabc_FWD_g.29655.CDS.103-MONOMER,0.0,-3.0728507355228424e-07
ALAHISabc_REV_g.29655.CDS.631-MONOMER,0.0,2.3419665875607513e-07
ALAHISabc_FWD_g.29655.CDS.631-MONOMER,0.0,-2.9308657366228775e-07
ALALEU1c_REV_g.29655.CDS.96-MONOMER,0.0,-5.303102508115118e-08
ALALEU1c_FWD_g.29655.CDS.96-MONOMER,0.0,-1.301667014071558e-07
ALALEU1c_REV_g.29655.CDS.1333-MONOMER,0.0,-3.920952873159944e-08
ALALEU1c_FWD_g.29655.CDS.1333-MONOMER,0.0,-1.1634520505760405e-07
ALALEU1c_REV_g.29655.CDS.431-MONOMER_mod_fe2(2),0.0,-1.9750105183499396
ALALEU1c_FWD_g.29655.CDS.431-MONOMER_mod_fe2(2),0.0,-1.9750105954856159
ALALEU1c_REV_g.29655.CDS.1420-MONOMER,8.579214255473901e-23,-1.044953324151659e-30
ALALEU1c_FWD_g.29655.CDS.1420-MONOMER,0.0,-7.713567632600461e-08
ALALEUabc_REV_g.29655.CDS.439-MONOMER,0.0,1.72816360105296e-07
ALALEUabc_FWD_g.29655.CDS.439-MONOMER,0.0,-2.46144946188738e-07
ALALEUabc_REV_g.29655.CDS.85-MONOMER,0.0,1.821282497421308e-07
ALALEUabc_FWD_g.29655.CDS.85-MONOMER,0.0,-2.3683305655190322e-07
ALALEUabc_REV_g.29655.CDS.497-MONOMER,0.0,1.8299204848109348e-07
ALALEUabc_FWD_g.29655.CDS.497-MONOMER,0.0,-2.3596925781294058e-07
ALALEUabc_REV_g.29655.CDS.317-MONOMER,0.0,1.6397967806627716e-07
ALALEUabc_FWD_g.29655.CDS.317-MONOMER,0.0,-2.549816282277569e-07
ALALEUabc_REV_g.29655.CDS.537-MONOMER,0.0,1.5942803598882532e-07
ALALEUabc_FWD_g.29655.CDS.537-MONOMER,0.0,-2.5953327030520873e-07
ALALEUabc_REV_g.29655.CDS.103-MONOMER,0.0,1.658371958039142e-07
ALALEUabc_FWD_g.29655.CDS.103-MONOMER,0.0,-2.531241104901198e-07
ALALEUabc_REV_g.29655.CDS.631-MONOMER,0.0,1.800356956939107e-07
ALALEUabc_FWD_g.29655.CDS.631-MONOMER,0.0,-2.389256106001233e-07
ALAPGPL_REV_CPLX_dummy,0.0,-5.319548658429506e-08
ALAPGPL_FWD_CPLX_dummy,0.0,2.559785214333913e-39
ALAR_REV_1122949.3.peg.969-MONOMER,0.0,-7.630971507046211e-08
ALAR_FWD_1122949.3.peg.969-MONOMER,0.0008093473267267987,-1.9914140323368455e-38
ALATHR1c_REV_g.29655.CDS.96-MONOMER,0.0,-5.303102508115118e-08
ALATHR1c_FWD_g.29655.CDS.96-MONOMER,0.0,-1.301667014071558e-07
ALATHR1c_REV_g.29655.CDS.1333-MONOMER,0.0,-3.920952873159944e-08
ALATHR1c_FWD_g.29655.CDS.1333-MONOMER,0.0,-1.1634520505760405e-07
ALATHR1c_REV_g.29655.CDS.431-MONOMER_mod_fe2(2),0.0,-1.9750105183499396
ALATHR1c_FWD_g.29655.CDS.431-MONOMER_mod_fe2(2),0.0,-1.9750105954856159
ALATHR1c_REV_g.29655.CDS.1420-MONOMER,8.547001676529693e-23,-1.0449533243947317e-30
ALATHR1c_FWD_g.29655.CDS.1420-MONOMER,0.0,-7.713567632600461e-08
ALATHRabc_REV_g.29655.CDS.439-MONOMER,0.0,2.2697732316746044e-07
ALATHRabc_FWD_g.29655.CDS.439-MONOMER,0.0,-3.0030590925090244e-07
ALATHRabc_REV_g.29655.CDS.85-MONOMER,0.0,2.3628921280429522e-07
ALATHRabc_FWD_g.29655.CDS.85-MONOMER,0.0,-2.9099401961406766e-07
ALATHRabc_REV_g.29655.CDS.497-MONOMER,0.0,2.371530115432579e-07
ALATHRabc_FWD_g.29655.CDS.497-MONOMER,0.0,-2.9013022087510496e-07
ALATHRabc_REV_g.29655.CDS.317-MONOMER,0.0,2.1814064112844158e-07
ALATHRabc_FWD_g.29655.CDS.317-MONOMER,0.0,-3.091425912899213e-07
ALATHRabc_REV_g.29655.CDS.537-MONOMER,0.0,2.1358899905098973e-07
ALATHRabc_FWD_g.29655.CDS.537-MONOMER,0.0,-3.136942333673731e-07
ALATHRabc_REV_g.29655.CDS.103-MONOMER,0.0,2.1999815886607862e-07
ALATHRabc_FWD_g.29655.CDS.103-MONOMER,0.0,-3.0728507355228424e-07
ALATHRabc_REV_g.29655.CDS.631-MONOMER,0.0,2.3419665875607513e-07
ALATHRabc_FWD_g.29655.CDS.631-MONOMER,0.0,-2.9308657366228775e-07
ALAt4r_REV_g.29655.CDS.1185-MONOMER,0.0,-1.4636939512985254e-07
ALAt4r_FWD_g.29655.CDS.1185-MONOMER,0.0026052902785426994,0.0
ALCD4_REV_g.29655.CDS.202-MONOMER,0.0,-1.1315250613884364e-39
ALCD4_FWD_g.29655.CDS.202-MONOMER,0.0,-8.492595791616549e-08
ALKP_REV_g.29655.CDS.221-MONOMER_mod_zn2(1)_mod_mg2(1),0.0,-1.67180183735237e-07
ALKP_FWD_g.29655.CDS.221-MONOMER_mod_zn2(1)_mod_mg2(1),0.0,6.577684422434623e-41
AMAOTr_REV_1122949.3.peg.1330-MONOMER,0.0,1.0931708272366415e-40
AMAOTr_FWD_1122949.3.peg.1330-MONOMER,0.0,-3.784749980928003e-08
AMPTASECG_REV_g.29655.CDS.96-MONOMER,0.0,2.2852830106221436e-07
AMPTASECG_FWD_g.29655.CDS.96-MONOMER,0.0,-4.117260275505213e-07
AMPTASECG_REV_g.29655.CDS.1333-MONOMER,0.0,2.4234979741176606e-07
AMPTASECG_FWD_g.29655.CDS.1333-MONOMER,0.0,-3.979045312009696e-07
AMPTASECG_REV_g.29655.CDS.431-MONOMER_mod_fe2(2),0.0,-1.9750102367906133
AMPTASECG_FWD_g.29655.CDS.431-MONOMER_mod_fe2(2),0.0,-1.975010877044942
AMPTASECG_REV_g.29655.CDS.1420-MONOMER,0.0,2.8155932614336555e-07
AMPTASECG_FWD_g.29655.CDS.1420-MONOMER,0.0,-3.5869500246937016e-07
AMPTASEGC_REV_g.29655.CDS.96-MONOMER,0.0,2.2852830106221436e-07
AMPTASEGC_FWD_g.29655.CDS.96-MONOMER,0.0,-4.117260275505213e-07
AMPTASEGC_REV_g.29655.CDS.1333-MONOMER,0.0,2.4234979741176606e-07
AMPTASEGC_FWD_g.29655.CDS.1333-MONOMER,0.0,-3.979045312009696e-07
AMPTASEGC_REV_g.29655.CDS.431-MONOMER_mod_fe2(2),0.0,-1.9750102367906133
AMPTASEGC_FWD_g.29655.CDS.431-MONOMER_mod_fe2(2),0.0,-1.975010877044942
AMPTASEGC_REV_g.29655.CDS.1420-MONOMER,0.0,2.8155932614336555e-07
AMPTASEGC_FWD_g.29655.CDS.1420-MONOMER,0.0,-3.5869500246937016e-07
AMPt2_REV_CPLX_dummy,0.0,-5.319548658429506e-08
AMPt2_FWD_CPLX_dummy,0.006496801117594589,-1.0206616791399869e-41
APRAUR_REV_1122949.3.peg.1400-MONOMER,0.0,-1.2465592059058033e-07
APRAUR_FWD_1122949.3.peg.1400-MONOMER,0.0,1.998815347584238e-39
ARBTpts_REV_g.29655.CDS.10-MONOMER,0.0,-1.3381976884544603e-07
ARBTpts_FWD_g.29655.CDS.10-MONOMER,0.0,2.549303431373031e-41
ARBabc_REV_g.29655.CDS.795-MONOMER,0.0,5.124992457782123e-07
ARBabc_FWD_g.29655.CDS.795-MONOMER,0.0,-5.428400077733177e-07
ARGDC_REV_g.29655.CDS.1640-MONOMER_mod_pydx5p(1),0.0,-8.297246351024207e-08
ARGDC_FWD_g.29655.CDS.1640-MONOMER_mod_pydx5p(1),0.0,-9.41521045978699e-42
ARGN_REV_g.29655.CDS.179-MONOMER,0.0,-1.2534425363156813e-07
ARGN_FWD_g.29655.CDS.179-MONOMER,0.0,6.22746546087387e-42
ARGt2_REV_CPLX_dummy,0.0,-5.319548658429506e-08
ARGt2_FWD_CPLX_dummy,0.0010394681632288718,1.8074486004389543e-41
AROH_REV_g.29655.CDS.79-MONOMER,0.0,-1.5623479436854387e-07
AROH_FWD_g.29655.CDS.79-MONOMER,0.0,-5.216361969988816e-09
AROH_REV_g.29655.CDS.678-MONOMER,0.0,-1.5101843239855504e-07
AROH_FWD_g.29655.CDS.678-MONOMER,6.919928428897424e-24,-4.055591189086569e-30
ASAD_REV_1122949.3.peg.1193-MONOMER,0.0,2.790198736320964e-40
ASAD_FWD_1122949.3.peg.1193-MONOMER,0.0,-7.702479161233129e-08
ASNS2_REV_CPLX_dummy,0.0,1.041522291462434e-06
ASNS2_FWD_CPLX_dummy,0.0,-1.094717778046729e-06
ASNt2r_REV_CPLX_dummy,0.0,-5.319548658429506e-08
ASNt2r_FWD_CPLX_dummy,0.002072879359458811,-1.8256345905662122e-41
ASP1DC_REV_g.29655.CDS.1640-MONOMER_mod_pydx5p(1),0.0,-8.297246351024207e-08
ASP1DC_FWD_g.29655.CDS.1640-MONOMER_mod_pydx5p(1),0.0,-1.1434390293387612e-41
ASPCT_REV_1122949.3.peg.1636-MONOMER,0.0,-1.887096149398879e-07
ASPCT_FWD_1122949.3.peg.1636-MONOMER,0.0,1.567254235892345e-41
ASPKi_REV_1122949.3.peg.1449-MONOMER,0.0,-1.6295142406214524e-07
ASPKi_FWD_1122949.3.peg.1449-MONOMER,0.0,-2.3438158607866898e-39
ASPO1_REV_g.29655.CDS.507-MONOMER,0.0,1.1345267892875586e-06
ASPO1_FWD_g.29655.CDS.507-MONOMER,0.0,-1.2351086053874085e-06
ASPO5_REV_CPLX_dummy,0.0,7308.752466474567
ASPO5_FWD_CPLX_dummy,0.0,-7308.752466527762
ASPO6_REV_g.29655.CDS.507-MONOMER,0.0,7308.752467837786
ASPO6_FWD_g.29655.CDS.507-MONOMER,0.0,-7308.752467938367
ASPO7_REV_1122949.3.peg.597-MONOMER_mod_fad(1),0.0,-6.217383521705887e-08
ASPO7_FWD_1122949.3.peg.597-MONOMER_mod_fad(1),0.0,-2.0893723501219082e-30
ASPT_REV_1122949.3.peg.1449-MONOMER,0.0,-6.373171875890816e-08
ASPT_FWD_1122949.3.peg.1449-MONOMER,0.0,-9.921970530323708e-08
ASPTA_REV_1122949.3.peg.154-MONOMER,0.0,-7.142829769408636e-09
ASPTA_FWD_1122949.3.peg.154-MONOMER,0.0,-7.142829769408636e-09
ASPTA_REV_1122949.3.peg.236-MONOMER,0.0,-9.519432500582916e-31
ASPTA_FWD_1122949.3.peg.236-MONOMER,0.00963033328760832,-1.4545783600519102e-39
ASPTA_REV_1122949.3.peg.1601-MONOMER,0.0,-3.456910845449507e-08
ASPTA_FWD_1122949.3.peg.1601-MONOMER,0.0,-3.456910845449507e-08
ASPTA_REV_1122949.3.peg.880-MONOMER,0.0,-2.61503979265589e-08
ASPTA_FWD_1122949.3.peg.880-MONOMER,0.0,-2.61503979265589e-08
ASPt2r_REV_CPLX_dummy,0.0,-5.319548658429506e-08
ASPt2r_FWD_CPLX_dummy,0.011524055319977253,4.694844291976788e-42
ATPS4r_REV_CPLX_dummy,0.0,-5.319548658429506e-08
ATPS4r_FWD_CPLX_dummy,0.5152535386396867,4.867483850049827e-41
BACCLi_REV_g.29655.CDS.415-MONOMER,0.0,-6.629120737195164e-08
BACCLi_FWD_g.29655.CDS.415-MONOMER,0.0,-1.0694779211739554e-40
BPNT_REV_CPLX_dummy,0.0,-5.319548658429506e-08
BPNT_FWD_CPLX_dummy,-2.056634061329591e-24,-4.020618111212441e-41
BTCOAACCOAT_REV_CPLX_dummy,0.0,-5.319548658429506e-08
BTCOAACCOAT_FWD_CPLX_dummy,0.3561148220268812,3.4368233232189287e-40
BTCOADH_REV_CPLX_dummy,0.0,-5.319548658429506e-08
BTCOADH_FWD_CPLX_dummy,0.3561148220268812,5.06131208495704e-41
BTNCLi_REV_CPLX_BTNCLi-0,0.0,3.927857301104849e-07
BTNCLi_FWD_CPLX_BTNCLi-0,0.0,-4.837886453882953e-07
BTND1_REV_g.29655.CDS.1379-MONOMER_mod_zn2(1),0.0,-1.722201492690772e-07
BTND1_FWD_g.29655.CDS.1379-MONOMER_mod_zn2(1),0.0,-8.311403488894775e-42
BTNabc_REV_g.29655.CDS.1291-MONOMER,0.0,-1.2384920333613272e-07
BTNabc_FWD_g.29655.CDS.1291-MONOMER,0.0,-3.741770847696174e-08
BTNabc_REV_g.29655.CDS.985-MONOMER,0.0,-8.643149485917099e-08
BTNabc_FWD_g.29655.CDS.985-MONOMER,0.0,9.620750987754584e-40
BTS4_REV_1122949.3.peg.519-MONOMER_mod_4fe4s(1)_mod_2fe2s(1),0.0,-14040.155999144883
BTS4_FWD_1122949.3.peg.519-MONOMER_mod_4fe4s(1)_mod_2fe2s(1),0.0,1.1021165804591909e-29
BUTSO3abc_REV_CPLX_BUTSO3abc-0,0.0,4.75105878068719e-07
BUTSO3abc_FWD_CPLX_BUTSO3abc-0,0.0,-5.80233375482811e-07
BUTt2r_REV_CPLX_dummy,0.3561148220268812,-2.381543917993303e-41
BUTt2r_FWD_CPLX_dummy,0.0,-5.319548658429506e-08
CAt4i_REV_CPLX_dummy,0.0,-5.319548658429506e-08
CAt4i_FWD_CPLX_dummy,0.0,1.3543231976898878e-41
CBIAT_REV_CPLX_dummy,0.0,-5.319548658429506e-08
CBIAT_FWD_CPLX_dummy,0.0,2.7591477818096523e-40
CBPS_REV_1122949.3.peg.996-MONOMER,0.0,1.8300543160842615e-06
CBPS_FWD_1122949.3.peg.996-MONOMER,0.0,-1.9907128953853027e-06
CD2abc1_REV_g.29655.CDS.1364-MONOMER,0.0,-1.3567064693115185e-07
CD2abc1_FWD_g.29655.CDS.1364-MONOMER,0.0,-7.420717498698249e-09
CD2abc1_REV_g.29655.CDS.872-MONOMER,0.0,-1.6853839672052548e-07
CD2abc1_FWD_g.29655.CDS.872-MONOMER,0.0,-4.0288467288071885e-08
CD2abc1_REV_g.29655.CDS.298-MONOMER,0.0,-1.282499294324536e-07
CD2abc1_FWD_g.29655.CDS.298-MONOMER,-2.8230921006877723e-24,4.6782598890681565e-31
CDPEAS_REV_g.29655.CDS.311-MONOMER,0.0,3.0789139130997367e-40
CDPEAS_FWD_g.29655.CDS.311-MONOMER,0.0,-1.0723308705750782e-07
CDPGHL_REV_g.29655.CDS.98-MONOMER,0.0,-8.99224433480117e-08
CDPGHL_FWD_g.29655.CDS.98-MONOMER,0.0,-9.432236604687345e-42
CDPGLYCGPT_REV_CPLX_dummy,0.0,-5.319548658429506e-08
CDPGLYCGPT_FWD_CPLX_dummy,0.0,3.246774102549541e-38
CDPMEK_REV_g.29655.CDS.596-MONOMER_mod_mg2(1),0.0,-6.53590520278821e-08
CDPMEK_FWD_g.29655.CDS.596-MONOMER_mod_mg2(1),0.00012365028602770537,-3.3955612529749117e-40
CGLYabc_REV_g.29655.CDS.439-MONOMER,0.0,-6.315289770764455e-08
CGLYabc_FWD_g.29655.CDS.439-MONOMER,0.0,-1.0175688375797457e-08
CGLYabc_REV_g.29655.CDS.85-MONOMER,0.0,-5.384100807080976e-08
CGLYabc_FWD_g.29655.CDS.85-MONOMER,0.0,-8.637987389626648e-10
CGLYabc_REV_g.29655.CDS.497-MONOMER,0.0,-5.2977209331847096e-08
CGLYabc_FWD_g.29655.CDS.497-MONOMER,4.9415675965499355e-05,6.6545163935473645e-40
CGLYabc_REV_g.29655.CDS.317-MONOMER,0.0,-7.19895797466634e-08
CGLYabc_FWD_g.29655.CDS.317-MONOMER,0.0,-1.9012370414816304e-08
CGLYabc_REV_g.29655.CDS.537-MONOMER,0.0,-7.654122182411526e-08
CGLYabc_FWD_g.29655.CDS.537-MONOMER,0.0,-2.356401249226816e-08
CGLYabc_REV_g.29655.CDS.103-MONOMER,0.0,-7.013206200902635e-08
CGLYabc_FWD_g.29655.CDS.103-MONOMER,0.0,-1.715485267717926e-08
CGLYabc_REV_g.29655.CDS.631-MONOMER,0.0,-5.593356211902987e-08
CGLYabc_FWD_g.29655.CDS.631-MONOMER,0.0,-2.9563527871827707e-09
CHLabc_REV_CPLX_CHLabc-0,0.0,4.5612421418409274e-07
CHLabc_FWD_CPLX_CHLabc-0,0.0,-5.992150393674372e-07
CHOLabc_REV_CPLX_CHLabc-0,0.0,4.5612421418409274e-07
CHOLabc_FWD_CPLX_CHLabc-0,0.0,-5.992150393674372e-07
CHORS_REV_1122949.3.peg.139-MONOMER,0.0,-1.2964716534715628e-07
CHORS_FWD_1122949.3.peg.139-MONOMER,0.0,2.8654171993661024e-40
CLPNS140_REV_g.29655.CDS.1565-MONOMER,0.0,-8.265872668745043e-40
CLPNS140_FWD_g.29655.CDS.1565-MONOMER,0.0,-1.3726917174840795e-08
CLPNS160_REV_g.29655.CDS.1565-MONOMER,0.0,-1.3726917174840795e-08
CLPNS160_FWD_g.29655.CDS.1565-MONOMER,0.0,-3.830758912941913e-39
CLPNS180_REV_g.29655.CDS.1565-MONOMER,0.0,-1.3726917174840795e-08
CLPNS180_FWD_g.29655.CDS.1565-MONOMER,5.344501065321606e-05,-8.265872668745043e-40
CLPNSAI15_REV_g.29655.CDS.1565-MONOMER,0.0,-8.265872668745043e-40
CLPNSAI15_FWD_g.29655.CDS.1565-MONOMER,0.0,-1.3726917174840795e-08
CLPNSAI17_REV_g.29655.CDS.1565-MONOMER,0.0,-1.3726917174840795e-08
CLPNSAI17_FWD_g.29655.CDS.1565-MONOMER,5.344501065321606e-05,-8.265872668745043e-40
CLPNSI14_REV_g.29655.CDS.1565-MONOMER,0.0,-2.2003210298345276e-42
CLPNSI14_FWD_g.29655.CDS.1565-MONOMER,0.0,-1.3726917174840795e-08
CLPNSI15_REV_g.29655.CDS.1565-MONOMER,0.0,-8.265872668745043e-40
CLPNSI15_FWD_g.29655.CDS.1565-MONOMER,0.0,-1.3726917174840795e-08
CLPNSI16_REV_g.29655.CDS.1565-MONOMER,0.0,2.1775843791929042e-39
CLPNSI16_FWD_g.29655.CDS.1565-MONOMER,0.0,-1.3726917174840795e-08
CLPNSI17_REV_g.29655.CDS.1565-MONOMER,0.0,-1.3726917174840795e-08
CLPNSI17_FWD_g.29655.CDS.1565-MONOMER,5.344501065321606e-05,-8.265872668745043e-40
CO2t_REV_CPLX_dummy,1.3424368684173493,0.0
CO2t_FWD_CPLX_dummy,0.0,-5.319548658429506e-08
CPPPGO_REV_g.29655.CDS.975-MONOMER,0.0,1.886760442362465e-08
CPPPGO_FWD_g.29655.CDS.975-MONOMER,0.0,-1.5801476545623517e-41
CRNabc_REV_CPLX_CHLabc-0,0.0,4.5612421418409274e-07
CRNabc_FWD_CPLX_CHLabc-0,0.0,-5.992150393674372e-07
CRO4t3_REV_g.29655.CDS.1450-MONOMER,0.0,-2.05222955797043e-41
CRO4t3_FWD_g.29655.CDS.1450-MONOMER,0.0,-1.357645879159998e-07
CSNt6_REV_CPLX_dummy,0.0,-5.319548658429506e-08
CSNt6_FWD_CPLX_dummy,0.0005334271041378419,4.4228672762732764e-41
CTPS1_REV_g.29655.CDS.141-MONOMER,0.0,5.93698208449931e-07
CTPS1_FWD_g.29655.CDS.141-MONOMER,0.0,-6.820396695230941e-07
CTPS2_REV_1122949.3.peg.843-MONOMER_mod_mg2(1),0.0,4.6924880938616975e-07
CTPS2_FWD_1122949.3.peg.843-MONOMER_mod_mg2(1),0.0,-6.852409639725564e-07
CYSS_REV_1122949.3.peg.401-MONOMER_mod_pydx5p(2),0.0,-3.0095966403782517e-07
CYSS_FWD_1122949.3.peg.401-MONOMER_mod_pydx5p(2),0.0,-1.2145011594600763e-40
CYSS3r_REV_1122949.3.peg.401-MONOMER_mod_pydx5p(2),0.0,7.48942381667047e-40
CYSS3r_FWD_1122949.3.peg.401-MONOMER_mod_pydx5p(2),0.0,-3.0095966403782517e-07
CYSTGL_REV_CPLX_dummy,0.0,-5.319548658429506e-08
CYSTGL_FWD_CPLX_dummy,2.6321185573861255e-06,2.1862814662770677e-41
CYSTS_REV_CPLX_dummy,0.0,-5.319548658429506e-08
CYSTS_FWD_CPLX_dummy,2.6321185573861255e-06,-2.567099257475021e-40
CYSt2r_REV_CPLX_dummy,0.0,-5.319548658429506e-08
CYSt2r_FWD_CPLX_dummy,0.0003725995105124706,1.873955542523201e-41
CYTBD_REV_g.29655.CDS.854-MONOMER,0.0,-1.0311084815269166e-07
CYTBD_FWD_g.29655.CDS.854-MONOMER,0.0,-1.7329300618660764e-08
CYTBD_REV_g.29655.CDS.880-MONOMER,0.0,-8.578154753403089e-08
CYTBD_FWD_g.29655.CDS.880-MONOMER,2.075329313853486e-22,-5.618468876779733e-41
CYTBD_REV_g.29655.CDS.1045-MONOMER,0.0,-9.745659993452754e-08
CYTBD_FWD_g.29655.CDS.1045-MONOMER,0.0,-1.1675052400496658e-08
CYTD_REV_g.29655.CDS.263-MONOMER,0.0,-1.6269465592307894e-07
CYTD_FWD_g.29655.CDS.263-MONOMER,0.0,-5.410512250835381e-08
CYTD_REV_g.29655.CDS.1568-MONOMER_mod_zn2(1),0.0,-1.0858953341472513e-07
CYTD_FWD_g.29655.CDS.1568-MONOMER_mod_zn2(1),0.0002746631995038589,-1.235715488028255e-40
CYTDK1_REV_g.29655.CDS.906-MONOMER_mod_mg2(1),0.0,-2.806820495863429e-08
CYTDK1_FWD_g.29655.CDS.906-MONOMER_mod_mg2(1),0.00025876390463398303,-4.343076448705299e-39
CYTDK2_REV_g.29655.CDS.906-MONOMER_mod_mg2(1),0.0,-1.4704616664867591e-09
CYTDK2_FWD_g.29655.CDS.906-MONOMER_mod_mg2(1),0.0,-2.659774329214753e-08
CYTDK3_REV_g.29655.CDS.745-MONOMER,0.0,1.2082807835764575e-10
CYTDK3_FWD_g.29655.CDS.745-MONOMER,0.0,-2.5006453547303124e-08
CYTDK3_REV_g.29655.CDS.1414-MONOMER_mod_mg2(1),0.0,-1.8156511179108625e-08
CYTDK3_FWD_g.29655.CDS.1414-MONOMER_mod_mg2(1),0.0,-4.32837928047694e-08
CYTDK4_REV_g.29655.CDS.906-MONOMER_mod_mg2(1),0.0,-1.4704616664867591e-09
CYTDK4_FWD_g.29655.CDS.906-MONOMER_mod_mg2(1),0.0,-2.659774329214753e-08
CYTDt2r_REV_CPLX_dummy,0.0,-1.0206616791399869e-41
CYTDt2r_FWD_CPLX_dummy,0.0,-5.319548658429506e-08
CYTK1_REV_g.29655.CDS.745-MONOMER,0.0,-2.488562546894548e-08
CYTK1_FWD_g.29655.CDS.745-MONOMER,0.010666489529967007,4.5624471352039125e-40
CYTK1_REV_g.29655.CDS.1414-MONOMER_mod_mg2(1),0.0,-4.316296472641175e-08
CYTK1_FWD_g.29655.CDS.1414-MONOMER_mod_mg2(1),0.0,-1.8277339257466273e-08
CYTK2_REV_g.29655.CDS.745-MONOMER,0.0,-2.488562546894548e-08
CYTK2_FWD_g.29655.CDS.745-MONOMER,0.00018249816430136506,-5.010780090686378e-41
CYTK2_REV_g.29655.CDS.1414-MONOMER_mod_mg2(1),0.0,-4.316296472641175e-08
CYTK2_FWD_g.29655.CDS.1414-MONOMER_mod_mg2(1),0.0,-1.8277339257466273e-08
Coabc_REV_CPLX_dummy,0.0,-5.319548658429506e-08
Coabc_FWD_CPLX_dummy,4.941567833630699e-05,1.133430155547976e-40
Cuabc_REV_g.29655.CDS.1364-MONOMER,0.0,4.5612394456083994e-07
Cuabc_FWD_g.29655.CDS.1364-MONOMER,0.0,-5.9921530899069e-07
Cuabc_REV_g.29655.CDS.872-MONOMER,0.0,4.2325619477146634e-07
Cuabc_FWD_g.29655.CDS.872-MONOMER,0.0,-6.320830587800637e-07
Cuabc_REV_g.29655.CDS.298-MONOMER,0.0,4.635446620595382e-07
Cuabc_FWD_g.29655.CDS.298-MONOMER,0.0,-5.917945914919918e-07
Cut1_REV_g.29655.CDS.1364-MONOMER,0.0,4.5612394456083994e-07
Cut1_FWD_g.29655.CDS.1364-MONOMER,0.0,-5.9921530899069e-07
Cut1_REV_g.29655.CDS.872-MONOMER,0.0,4.2325619477146634e-07
Cut1_FWD_g.29655.CDS.872-MONOMER,0.0,-6.320830587800637e-07
Cut1_REV_g.29655.CDS.298-MONOMER,0.0,4.635446620595382e-07
Cut1_FWD_g.29655.CDS.298-MONOMER,0.0,-5.917945914919918e-07
DADNt2r_REV_CPLX_dummy,-6.346007250687106e-37,1.7011027985666448e-41
DADNt2r_FWD_CPLX_dummy,0.0,-5.319548658429506e-08
DAGK120_REV_g.29655.CDS.1508-MONOMER_mod_cd2(1)_mod_zn2(1)_mod_mg2(1)_mod_mn2(1)_mod_cobalt2(1),0.0,-2.4245558469521e-05
DAGK120_FWD_g.29655.CDS.1508-MONOMER_mod_cd2(1)_mod_zn2(1)_mod_mg2(1)_mod_mn2(1)_mod_cobalt2(1),0.0,0.0
DAGK140_REV_g.29655.CDS.1508-MONOMER_mod_cd2(1)_mod_zn2(1)_mod_mg2(1)_mod_mn2(1)_mod_cobalt2(1),0.0,-2.4245558469521e-05
DAGK140_FWD_g.29655.CDS.1508-MONOMER_mod_cd2(1)_mod_zn2(1)_mod_mg2(1)_mod_mn2(1)_mod_cobalt2(1),0.0,0.0
DAGK141_REV_g.29655.CDS.1508-MONOMER_mod_cd2(1)_mod_zn2(1)_mod_mg2(1)_mod_mn2(1)_mod_cobalt2(1),0.0,-2.4245558469521e-05
DAGK141_FWD_g.29655.CDS.1508-MONOMER_mod_cd2(1)_mod_zn2(1)_mod_mg2(1)_mod_mn2(1)_mod_cobalt2(1),0.0,0.0
DAGK160_REV_g.29655.CDS.1508-MONOMER_mod_cd2(1)_mod_zn2(1)_mod_mg2(1)_mod_mn2(1)_mod_cobalt2(1),0.0,-2.4245558469521e-05
DAGK160_FWD_g.29655.CDS.1508-MONOMER_mod_cd2(1)_mod_zn2(1)_mod_mg2(1)_mod_mn2(1)_mod_cobalt2(1),0.0,0.0
DAGK161_REV_g.29655.CDS.1508-MONOMER_mod_cd2(1)_mod_zn2(1)_mod_mg2(1)_mod_mn2(1)_mod_cobalt2(1),0.0,-2.4245558469521e-05
DAGK161_FWD_g.29655.CDS.1508-MONOMER_mod_cd2(1)_mod_zn2(1)_mod_mg2(1)_mod_mn2(1)_mod_cobalt2(1),0.0,0.0
DAGK180_REV_g.29655.CDS.1508-MONOMER_mod_cd2(1)_mod_zn2(1)_mod_mg2(1)_mod_mn2(1)_mod_cobalt2(1),0.0,-2.4245558469521e-05
DAGK180_FWD_g.29655.CDS.1508-MONOMER_mod_cd2(1)_mod_zn2(1)_mod_mg2(1)_mod_mn2(1)_mod_cobalt2(1),1.968509627012971e-16,0.0
DAGK181_REV_g.29655.CDS.1508-MONOMER_mod_cd2(1)_mod_zn2(1)_mod_mg2(1)_mod_mn2(1)_mod_cobalt2(1),0.0,-2.4245558469521e-05
DAGK181_FWD_g.29655.CDS.1508-MONOMER_mod_cd2(1)_mod_zn2(1)_mod_mg2(1)_mod_mn2(1)_mod_cobalt2(1),6.382647113473665e-23,0.0
DAPE_REV_CPLX_dummy,0.0,-1.4827676171958372e-41
DAPE_FWD_CPLX_dummy,0.0,-5.319548658429506e-08
DAPabc_REV_CPLX_dummy,0.0,7.918130542225667e-07
DAPabc_FWD_CPLX_dummy,0.0,-8.450085408068617e-07
DASYN120_REV_g.29655.CDS.1571-MONOMER_mod_mg2(1)_mod_k(1),0.0,-4.130503710030329e-08
DASYN120_FWD_g.29655.CDS.1571-MONOMER_mod_mg2(1)_mod_k(1),0.0,1.1234069661213469e-39
DASYN140_REV_g.29655.CDS.1571-MONOMER_mod_mg2(1)_mod_k(1),0.0,-4.130503710030329e-08
DASYN140_FWD_g.29655.CDS.1571-MONOMER_mod_mg2(1)_mod_k(1),0.0,1.1234069661213469e-39
DASYN141_REV_g.29655.CDS.1571-MONOMER_mod_mg2(1)_mod_k(1),0.0,-4.130503710030329e-08
DASYN141_FWD_g.29655.CDS.1571-MONOMER_mod_mg2(1)_mod_k(1),0.0,-1.5897268388509625e-39
DASYN160_REV_g.29655.CDS.1571-MONOMER_mod_mg2(1)_mod_k(1),0.0,-4.130503710030329e-08
DASYN160_FWD_g.29655.CDS.1571-MONOMER_mod_mg2(1)_mod_k(1),0.0,2.4799738686075013e-39
DASYN161_REV_g.29655.CDS.1571-MONOMER_mod_mg2(1)_mod_k(1),0.0,-4.130503710030329e-08
DASYN161_FWD_g.29655.CDS.1571-MONOMER_mod_mg2(1)_mod_k(1),0.0,-1.5897268388509625e-39
DASYN180_REV_g.29655.CDS.1571-MONOMER_mod_mg2(1)_mod_k(1),0.0,-4.130503710030329e-08
DASYN180_FWD_g.29655.CDS.1571-MONOMER_mod_mg2(1)_mod_k(1),0.00021378004261286425,-1.5897268388509625e-39
DASYN181_REV_g.29655.CDS.1571-MONOMER_mod_mg2(1)_mod_k(1),0.0,-4.130503710030329e-08
DASYN181_FWD_g.29655.CDS.1571-MONOMER_mod_mg2(1)_mod_k(1),6.382647113473665e-23,-1.5897268388509625e-39
DASYNAI15_REV_g.29655.CDS.1571-MONOMER_mod_mg2(1)_mod_k(1),0.0,-4.130503710030329e-08
DASYNAI15_FWD_g.29655.CDS.1571-MONOMER_mod_mg2(1)_mod_k(1),0.0,-2.331599363648078e-40
DASYNAI17_REV_g.29655.CDS.1571-MONOMER_mod_mg2(1)_mod_k(1),0.0,-4.130503710030329e-08
DASYNAI17_FWD_g.29655.CDS.1571-MONOMER_mod_mg2(1)_mod_k(1),0.00021378004261286425,1.1234069661213469e-39
DASYNI14_REV_g.29655.CDS.1571-MONOMER_mod_mg2(1)_mod_k(1),0.0,-4.130503710030329e-08
DASYNI14_FWD_g.29655.CDS.1571-MONOMER_mod_mg2(1)_mod_k(1),0.0,-1.5897268388509625e-39
DASYNI15_REV_g.29655.CDS.1571-MONOMER_mod_mg2(1)_mod_k(1),0.0,-4.130503710030329e-08
DASYNI15_FWD_g.29655.CDS.1571-MONOMER_mod_mg2(1)_mod_k(1),0.0,-2.331599363648078e-40
DASYNI16_REV_g.29655.CDS.1571-MONOMER_mod_mg2(1)_mod_k(1),0.0,-4.130503710030329e-08
DASYNI16_FWD_g.29655.CDS.1571-MONOMER_mod_mg2(1)_mod_k(1),0.0,-2.331599363648078e-40
DASYNI17_REV_g.29655.CDS.1571-MONOMER_mod_mg2(1)_mod_k(1),0.0,-4.130503710030329e-08
DASYNI17_FWD_g.29655.CDS.1571-MONOMER_mod_mg2(1)_mod_k(1),0.00021378004261286425,1.1234069661213469e-39
DB4PS_REV_1122949.3.peg.1398-MONOMER_mod_mg2(1),0.0,-1.2008629111065424e-07
DB4PS_FWD_1122949.3.peg.1398-MONOMER_mod_mg2(1),0.0,3.4201729648733055e-41
DBTS_REV_1122949.3.peg.1329-MONOMER,0.0,-8.291325219512852e-08
DBTS_FWD_1122949.3.peg.1329-MONOMER,0.0,-1.562158302578468e-41
DCMPDA_REV_g.29655.CDS.1113-MONOMER,0.0,-8.567241378273586e-08
DCMPDA_FWD_g.29655.CDS.1113-MONOMER,4.428144063977801e-23,-2.1050101689623255e-31
DCTPAH_REV_g.29655.CDS.1568-MONOMER_mod_zn2(1),0.0,1.0238465792715674e-06
DCTPAH_FWD_g.29655.CDS.1568-MONOMER_mod_zn2(1),0.0,-1.1324361126862924e-06
DCYTD_REV_g.29655.CDS.263-MONOMER,0.0,-1.5547109834956175e-07
DCYTD_FWD_g.29655.CDS.263-MONOMER,0.0,-6.1328680081871e-08
DCYTD_REV_g.29655.CDS.1568-MONOMER_mod_zn2(1),0.0,-1.0136597584120794e-07
DCYTD_FWD_g.29655.CDS.1568-MONOMER_mod_zn2(1),0.0,-7.2235575735171885e-09
DCYTt2r_REV_CPLX_dummy,0.0,-5.319548658429506e-08
DCYTt2r_FWD_CPLX_dummy,0.00018249816430136506,1.7011027985666448e-41
DGK1_REV_g.29655.CDS.1418-MONOMER_mod_mg2(1),0.0,-2.8262046332268126e-08
DGK1_FWD_g.29655.CDS.1418-MONOMER_mod_mg2(1),0.0,-1.412179083667131e-08
DGK1_REV_g.29655.CDS.941-MONOMER,0.0,-1.4140255495596815e-08
DGK1_FWD_g.29655.CDS.941-MONOMER,0.00018249816430136506,9.868617983190388e-41
DGSNt2r_REV_CPLX_dummy,0.0,-5.319548658429506e-08
DGSNt2r_FWD_CPLX_dummy,0.00018249816430136506,1.7011027985666448e-41
DHFS_REV_1122949.3.peg.192-MONOMER,0.0,-1.7152605403553933e-08
DHFS_FWD_1122949.3.peg.192-MONOMER,0.0,-7.687744569125763e-41
DHFS_REV_1122949.3.peg.1424-MONOMER,0.0,-2.9551014060739693e-08
DHFS_FWD_1122949.3.peg.1424-MONOMER,0.0,-1.2398408657185756e-08
DHFS_REV_1122949.3.peg.1421-MONOMER,0.0,-4.105869386085499e-08
DHFS_FWD_1122949.3.peg.1421-MONOMER,0.0,-2.3906088457301055e-08
DHORD2_REV_1122949.3.peg.1638-MONOMER,0.0,-8.10639030602932e-08
DHORD2_FWD_1122949.3.peg.1638-MONOMER,2.075329313853486e-22,2.1561332836504317e-41
DHORD2_REV_1122949.3.peg.1639-MONOMER,0.0,-1.0450450941973437e-07
DHORD2_FWD_1122949.3.peg.1639-MONOMER,0.0,-2.3440606359441152e-08
DHORD5_REV_1122949.3.peg.1638-MONOMER,0.0,-8.10639030602932e-08
DHORD5_FWD_1122949.3.peg.1638-MONOMER,-2.075329313853486e-22,2.9234871222097574e-41
DHORD5_REV_1122949.3.peg.1639-MONOMER,0.0,-1.0450450941973437e-07
DHORD5_FWD_1122949.3.peg.1639-MONOMER,0.0,-2.3440606359441152e-08
DHORTS_REV_1122949.3.peg.1420-MONOMER_mod_ni2(1)_mod_zn2(1),0.0,-4.1935634475975683e-41
DHORTS_FWD_1122949.3.peg.1420-MONOMER_mod_ni2(1)_mod_zn2(1),0.0,-1.4040033494710974e-07
DHORTS_REV_1122949.3.peg.1420-MONOMER_mod_cobalt2(1)_mod_zn2(1),0.0,-9.087572213266723e-41
DHORTS_FWD_1122949.3.peg.1420-MONOMER_mod_cobalt2(1)_mod_zn2(1),0.0,-1.4040033494710974e-07
DHORTS_REV_1122949.3.peg.1420-MONOMER_mod_mn2(1)_mod_zn2(1),0.0,-3.5022141956002206e-11
DHORTS_FWD_1122949.3.peg.1420-MONOMER_mod_mn2(1)_mod_zn2(1),0.0,-1.4043535708906575e-07
DHPM1_REV_g.29655.CDS.1628-MONOMER,0.0,-5.382032276049527e-08
DHPM1_FWD_g.29655.CDS.1628-MONOMER,0.0,4.413364515756711e-41
DHPM2_REV_g.29655.CDS.1628-MONOMER,0.0,-5.382032276049527e-08
DHPM2_FWD_g.29655.CDS.1628-MONOMER,0.0,4.413364515756711e-41
DHPPDA_REV_g.29655.CDS.984-MONOMER,0.0,-1.0482271676477052e-07
DHPPDA_FWD_g.29655.CDS.984-MONOMER,0.0,2.5242130929320218e-40
DHPPDA2_REV_1122949.3.peg.1400-MONOMER,0.0,-1.05498590634294e-07
DHPPDA2_FWD_1122949.3.peg.1400-MONOMER,0.0,-1.9157329956286327e-08
DHQTi_REV_g.29655.CDS.359-MONOMER,0.0,1.2674186185482636e-08
DHQTi_FWD_g.29655.CDS.359-MONOMER,0.0,-1.2308077299619843e-42
DMATT_REV_g.29655.CDS.1357-MONOMER_mod_mn2(1),0.0,-5.689518521418582e-08
DMATT_FWD_g.29655.CDS.1357-MONOMER_mod_mn2(1),1.124093509342776e-05,8.624310489328688e-41
DMATT_REV_g.29655.CDS.1357-MONOMER_mod_mg2(1),0.0,-5.787232930223514e-08
DMATT_FWD_g.29655.CDS.1357-MONOMER_mod_mg2(1),0.0,-9.77144088049319e-10
DMLARGAH_REV_g.29655.CDS.1592-MONOMER,0.0,1.054747322149254e-41
DMLARGAH_FWD_g.29655.CDS.1592-MONOMER,0.0,-5.483883052278194e-08
DMPPS_REV_CPLX_dummy,0.0,-5.319548658429506e-08
DMPPS_FWD_CPLX_dummy,0.00012365028602770537,-2.0767311566353207e-38
DMQMT_REV_CPLX_dummy,0.0,-5.319548658429506e-08
DMQMT_FWD_CPLX_dummy,0.0,5.191131518049686e-42
DPCOAK_REV_1122949.3.peg.1178-MONOMER,0.0,-5.9083433611773055e-09
DPCOAK_FWD_1122949.3.peg.1178-MONOMER,4.9415675965499355e-05,-9.152417899358761e-40
DRIBabc_REV_g.29655.CDS.659-MONOMER,0.0,4.492654172392441e-07
DRIBabc_FWD_g.29655.CDS.659-MONOMER,0.0,-6.06073836312286e-07
DRPAr_REV_g.29655.CDS.1458-MONOMER,0.0,1.5893174417422922e-41
DRPAr_FWD_g.29655.CDS.1458-MONOMER,0.0,-1.4792092408296035e-07
DTMPK_REV_g.29655.CDS.1250-MONOMER_mod_mg2(1),0.0,-4.1496946453566324e-08
DTMPK_FWD_g.29655.CDS.1250-MONOMER_mod_mg2(1),0.0004171001347014423,1.7806840452580403e-40
DURIK1_REV_g.29655.CDS.831-MONOMER_mod_mg2(1),0.0,-4.472548209934016e-08
DURIK1_FWD_g.29655.CDS.831-MONOMER_mod_mg2(1),-4.428144063977801e-23,-8.775885663398909e-41
DURIPP_REV_g.29655.CDS.588-MONOMER,0.0,-1.7727807614019062e-07
DURIPP_FWD_g.29655.CDS.588-MONOMER,0.0,-2.3127555522325955e-41
DURIPP_REV_g.29655.CDS.1672-MONOMER,0.0,-1.9638182034093772e-07
DURIPP_FWD_g.29655.CDS.1672-MONOMER,0.0,-1.910374420074711e-08
DUTPDP_REV_g.29655.CDS.466-MONOMER,0.0,1.0543789796238405e-06
DUTPDP_FWD_g.29655.CDS.466-MONOMER,0.0,-1.1236352695591113e-06
DUTPDP_REV_g.29655.CDS.1629-MONOMER_mod_zn2(1),0.0,1.0249420444069375e-06
DUTPDP_FWD_g.29655.CDS.1629-MONOMER_mod_zn2(1),0.0,-1.1530722047760145e-06
DXPRIi_REV_CPLX_dummy,0.0,-5.319548658429506e-08
DXPRIi_FWD_CPLX_dummy,0.00012365028602770537,-3.3722917333229083e-40
DXPS_REV_CPLX_dummy,0.0,-5.319548658429506e-08
DXPS_FWD_CPLX_dummy,0.00012365028602770537,5.211723587862676e-40
E4PD_REV_1122949.3.peg.1649-MONOMER,0.0,-3.2004960286156595e-40
E4PD_FWD_1122949.3.peg.1649-MONOMER,0.0,-2.8644308233309737e-07
EAR100x_REV_CPLX_dummy,0.0,-1.6683935791951043e-07
EAR100x_FWD_CPLX_dummy,0.00042756026717950563,-9.029641059249299e-35
EAR10M12_REV_CPLX_dummy,0.0,-5.319548658429506e-08
EAR10M12_FWD_CPLX_dummy,0.0005174875659731506,-2.1259918336255893e-35
EAR11M12x_REV_CPLX_dummy,0.0,-5.319548658429506e-08
EAR11M12x_FWD_CPLX_dummy,0.0005174875659731506,-5.963676601505438e-35
EAR120x_REV_CPLX_dummy,0.0,-1.668393957604369e-07
EAR120x_FWD_CPLX_dummy,0.00042756022169095564,1.2804460265394667e-34
EAR121x_REV_CPLX_dummy,0.0,-5.319548204179904e-08
EAR121x_FWD_CPLX_dummy,0.0,1.3339491997814216e-40
EAR12M14x_REV_CPLX_dummy,0.0,-5.319548658429506e-08
EAR12M14x_FWD_CPLX_dummy,0.0005174875659731506,-5.963676601505438e-35
EAR13M14x_REV_CPLX_dummy,0.0,-5.319548658429506e-08
EAR13M14x_FWD_CPLX_dummy,0.0005174875659731506,-5.963676601505438e-35
EAR140x_REV_CPLX_dummy,0.0,-1.668394336013674e-07
EAR140x_FWD_CPLX_dummy,0.0004275601762024105,-9.029641059249299e-35
EAR141x_REV_CPLX_dummy,0.0,-1.6683949842624967e-07
EAR141x_FWD_CPLX_dummy,0.0,1.2804460265394667e-34
EAR14M16_REV_CPLX_dummy,0.0,-5.319548658429506e-08
EAR14M16_FWD_CPLX_dummy,0.0005174875659731506,-2.1259918336255893e-35
EAR15M16_REV_CPLX_dummy,0.0,-5.319548658429506e-08
EAR15M16_FWD_CPLX_dummy,0.0005174875659731506,-2.1259918336255893e-35
EAR160x_REV_CPLX_dummy,0.0,-1.6683946129275214e-07
EAR160x_FWD_CPLX_dummy,0.00042756014208600486,-3.0863742383893266e-34
EAR161x_REV_CPLX_dummy,0.0,-1.6683949842624967e-07
EAR161x_FWD_CPLX_dummy,0.0,1.2804460265394667e-34
EAR180x_REV_CPLX_dummy,0.0,-1.668394991336896e-07
EAR180x_FWD_CPLX_dummy,0.0004275600965974682,1.2804460265394667e-34
EAR181x_REV_CPLX_dummy,0.0,-1.6683949842624967e-07
EAR181x_FWD_CPLX_dummy,0.0,1.2804460265394667e-34
EAR40x_REV_CPLX_dummy,0.0,-1.6683924439675514e-07
EAR40x_FWD_CPLX_dummy,0.00042756040364518456,-3.0863742383893266e-34
EAR4M6_REV_CPLX_dummy,0.0,-5.319548658429506e-08
EAR4M6_FWD_CPLX_dummy,0.0005174875659731506,-3.641548687906367e-34
EAR5M6_REV_CPLX_dummy,0.0,-5.319548658429506e-08
EAR5M6_FWD_CPLX_dummy,0.0005174875659731506,-3.641548687906367e-34
EAR60x_REV_CPLX_dummy,0.0,-1.6683928223766955e-07
EAR60x_FWD_CPLX_dummy,0.0004275603581566201,-9.029641059249299e-35
EAR6M8x_REV_CPLX_dummy,0.0,-5.319548658429506e-08
EAR6M8x_FWD_CPLX_dummy,0.0005174875659731506,-5.963676601505438e-35
EAR7M8_REV_CPLX_dummy,0.0,-5.319548658429506e-08
EAR7M8_FWD_CPLX_dummy,0.0005174875659731506,-3.641548687906367e-34
EAR80x_REV_CPLX_dummy,0.0,-1.6683932007858798e-07
EAR80x_FWD_CPLX_dummy,0.00042756031266806045,1.2804460265394667e-34
EAR8M10x_REV_CPLX_dummy,0.0,-5.319548658429506e-08
EAR8M10x_FWD_CPLX_dummy,0.0005174875659731506,1.5870424723138528e-34
EAR9M10x_REV_CPLX_dummy,0.0,-5.319548658429506e-08
EAR9M10x_FWD_CPLX_dummy,0.0005174875659731506,-5.963676601505438e-35
ECOAH1_REV_CPLX_dummy,1.0733056851725346e-22,-2.1117779148483848e-40
ECOAH1_FWD_CPLX_dummy,0.0,-5.319548658429506e-08
ECOAH1R_REV_g.29655.CDS.79-MONOMER,0.0,-2.753009158497128e-08
ECOAH1R_FWD_g.29655.CDS.79-MONOMER,0.0,-1.339210647535614e-07
ECOAH1R_REV_g.29655.CDS.678-MONOMER,0.0,-2.2313729614982468e-08
ECOAH1R_FWD_g.29655.CDS.678-MONOMER,0.0,-1.2870470278357257e-07
EHGLAT_REV_g.29655.CDS.601-MONOMER,0.0,-2.5893030864308818e-08
EHGLAT_FWD_g.29655.CDS.601-MONOMER,0.0,-2.5893030864308818e-08
EHGLAT_REV_g.29655.CDS.34-MONOMER,0.0,-9.519432498148279e-31
EHGLAT_FWD_g.29655.CDS.34-MONOMER,-2.3304985178320865e-26,4.4683061194609196e-42
EHGLAT_REV_g.29655.CDS.626-MONOMER,0.0,-8.195501220099497e-09
EHGLAT_FWD_g.29655.CDS.626-MONOMER,0.0,-8.195501220099497e-09
EHGLAT_REV_g.29655.CDS.1746-MONOMER,0.0,-3.4309683495237105e-08
EHGLAT_FWD_g.29655.CDS.1746-MONOMER,0.0,-3.4309683495237105e-08
ENO_REV_1122949.3.peg.1666-MONOMER_mod_mg2(4),0.0,-2.9445498466514064e-07
ENO_FWD_1122949.3.peg.1666-MONOMER_mod_mg2(4),0.000132338229485206,-1.0912058922322518e-39
ETHSO3abc_REV_CPLX_BUTSO3abc-0,0.0,4.75105878068719e-07
ETHSO3abc_FWD_CPLX_BUTSO3abc-0,0.0,-5.80233375482811e-07
FBA_REV_1122949.3.peg.1590-MONOMER,0.0,-3.739091816255654e-08
FBA_FWD_1122949.3.peg.1590-MONOMER,-1.952830817447169e-35,-1.4611558078202023e-39
FBA3_REV_g.29655.CDS.1750-MONOMER,0.0,-3.739091816255654e-08
FBA3_FWD_g.29655.CDS.1750-MONOMER,0.001531032437511816,-5.642132975778719e-40
FBP_REV_1122949.3.peg.1066-MONOMER,0.0,4.5643599759800284e-07
FBP_FWD_1122949.3.peg.1066-MONOMER,0.0,-6.398376387379811e-07
FDNADOX_H_REV_CPLX_dummy,0.0,-5.319548658429506e-08
FDNADOX_H_FWD_CPLX_dummy,1.3314381583448882,-3.6114234433106784e-40
FE2DH_REV_g.29655.CDS.1607-MONOMER,654.9985691217054,-7.878213210603559e-27
FE2DH_FWD_g.29655.CDS.1607-MONOMER,654.9985691217036,7.878213210602547e-27
FE2abc_REV_g.29655.CDS.888-MONOMER,0.0,-1.1486098679722385e-07
FE2abc_FWD_g.29655.CDS.888-MONOMER,0.0,-5.344312512000049e-27
FE3abc_REV_CPLX_dummy,0.0,-5.319548658429506e-08
FE3abc_FWD_CPLX_dummy,3.77239909477504e-12,-3.557745856960592e-28
FERO_REV_g.29655.CDS.1607-MONOMER,0.0,1.9781877753380045e-07
FERO_FWD_g.29655.CDS.1607-MONOMER,0.0,-1.9781877753380045e-07
FGLU_REV_g.29655.CDS.1345-MONOMER_mod_mn2(2),0.0,-8.007515761831488e-08
FGLU_FWD_g.29655.CDS.1345-MONOMER_mod_mn2(2),0.0,-1.8461177098456316e-08
FGLU_REV_g.29655.CDS.552-MONOMER,0.0,-6.161398051985856e-08
FGLU_FWD_g.29655.CDS.552-MONOMER,0.0,-4.023786126329966e-40
FK_REV_g.29655.CDS.683-MONOMER,0.0,-3.9094049732865914e-08
FK_FWD_g.29655.CDS.683-MONOMER,0.0,4.874797317819086e-42
FLVRx_REV_g.29655.CDS.263-MONOMER,0.0,-2.1679977843143274e-07
FLVRx_FWD_g.29655.CDS.263-MONOMER,0.0,-3.1271376151268294e-40
FMNAT_REV_1122949.3.peg.1120-MONOMER,0.0,-4.535517014004645e-08
FMNAT_FWD_1122949.3.peg.1120-MONOMER,4.9415675965499355e-05,-9.291862643922737e-40
FOLR3_REV_CPLX_dummy,0.00014824702789649805,-3.4508946033797997e-40
FOLR3_FWD_CPLX_dummy,0.0,-5.319548658429506e-08
FOLt_REV_CPLX_dummy,0.0,-5.319548658429506e-08
FOLt_FWD_CPLX_dummy,0.00014824702789649805,1.7011027985666448e-41
FOMETR_REV_g.29655.CDS.118-MONOMER,0.0,2.6444149272942578e-40
FOMETR_FWD_g.29655.CDS.118-MONOMER,0.0,-9.224862881773254e-08
FORTHFC_REV_g.29655.CDS.117-MONOMER,0.0,-1.286221969457751e-07
FORTHFC_FWD_g.29655.CDS.117-MONOMER,0.000230476211198226,6.441679198869802e-41
FORt_REV_CPLX_dummy,0.00013164485926722732,2.6768556986632483e-42
FORt_FWD_CPLX_dummy,0.0,-5.319548658429506e-08
FPGS_REV_1122949.3.peg.192-MONOMER,0.0,-1.7152605403553933e-08
FPGS_FWD_1122949.3.peg.192-MONOMER,0.0,-3.4748586970285757e-40
FPGS_REV_1122949.3.peg.1424-MONOMER,0.0,-2.9551014060739693e-08
FPGS_FWD_1122949.3.peg.1424-MONOMER,0.0,-1.2398408657185756e-08
FPGS_REV_1122949.3.peg.1421-MONOMER,0.0,-4.105869386085499e-08
FPGS_FWD_1122949.3.peg.1421-MONOMER,0.0,-2.3906088457301055e-08
FPGS7_REV_g.29655.CDS.167-MONOMER,0.0,-1.7668329111959917e-08
FPGS7_FWD_g.29655.CDS.167-MONOMER,0.00013164485926722732,1.474724394445599e-33
FPGS7_REV_CPLX_FPGS7-0,0.0,-4.0757216013731875e-08
FPGS7_FWD_CPLX_FPGS7-0,0.0,-2.3088886901771958e-08
FPGS7_REV_CPLX_FPGS7-2,0.0,-3.360813937341953e-08
FPGS7_FWD_CPLX_FPGS7-2,0.0,-1.5939810261459614e-08
FPGS7_REV_g.29655.CDS.1227-MONOMER,0.0,-4.158067647731644e-08
FPGS7_FWD_g.29655.CDS.1227-MONOMER,0.0,-2.3912347365356522e-08
FPGS7_REV_g.29655.CDS.1517-MONOMER,0.0,-2.9808875914942685e-08
FPGS7_FWD_g.29655.CDS.1517-MONOMER,0.0,-1.2140546802982764e-08
FPGS7_REV_CPLX_FPGS7-1,0.0,-2.6604253247154158e-08
FPGS7_FWD_CPLX_FPGS7-1,0.0,-8.935924135194241e-09
FPGS_tm_REV_g.29655.CDS.167-MONOMER,0.0,6.686597034659281e-07
FPGS_tm_FWD_g.29655.CDS.167-MONOMER,0.0,-6.863280325778881e-07
FPGS_tm_REV_CPLX_FPGS7-0,0.0,6.455708165641562e-07
FPGS_tm_FWD_CPLX_FPGS7-0,0.0,-7.0941691947966e-07
FPGS_tm_REV_CPLX_FPGS7-2,0.0,6.527198932044685e-07
FPGS_tm_FWD_CPLX_FPGS7-2,0.0,-7.022678428393477e-07
FPGS_tm_REV_g.29655.CDS.1227-MONOMER,0.0,6.447473561005716e-07
FPGS_tm_FWD_g.29655.CDS.1227-MONOMER,0.0,-7.102403799432446e-07
FPGS_tm_REV_g.29655.CDS.1517-MONOMER,0.0,6.565191566629454e-07
FPGS_tm_FWD_g.29655.CDS.1517-MONOMER,0.0,-6.984685793808708e-07
FPGS_tm_REV_CPLX_FPGS7-1,0.0,6.597237793307339e-07
FPGS_tm_FWD_CPLX_FPGS7-1,0.0,-6.952639567130823e-07
FRD2_REV_CPLX_dummy,0.0,-5.319548658429506e-08
FRD2_FWD_CPLX_dummy,0.6056299443706099,0.0
FRD3_REV_CPLX_dummy,0.0,-4.1269649470403475e-08
FRD3_FWD_CPLX_dummy,0.0,-1.1925837113891585e-08
FRD7_REV_CPLX_dummy,0.0,-5.319548658429506e-08
FRD7_FWD_CPLX_dummy,0.0,-4.152298618222862e-41
FRTT_REV_g.29655.CDS.942-MONOMER,0.0,-1.3053672004017116e-07
FRTT_FWD_g.29655.CDS.942-MONOMER,0.0,-6.5752212535957106e-40
FRUK_REV_1122949.3.peg.743-MONOMER,0.0,-3.9570134215931965e-08
FRUK_FWD_1122949.3.peg.743-MONOMER,2.6573931156664404e-36,-1.4624391953457259e-41
FRUpts_REV_g.29655.CDS.10-MONOMER,0.0,-1.0790414983755945e-07
FRUpts_FWD_g.29655.CDS.10-MONOMER,0.0,-2.591561900788657e-08
FTHFCL_REV_g.29655.CDS.127-MONOMER,0.0,5.76906776908745e-07
FTHFCL_FWD_g.29655.CDS.127-MONOMER,0.0,-5.706811054605176e-07
FTHFL_REV_g.29655.CDS.213-MONOMER,0.0,-5.500257633452176e-09
FTHFL_FWD_g.29655.CDS.213-MONOMER,0.0,-1.6896881809853276e-07
FUMt2r_REV_g.29655.CDS.413-MONOMER,0.0,-7.090298662426119e-08
FUMt2r_FWD_g.29655.CDS.413-MONOMER,0.6056299443706099,7.837396529927504e-42
G16BPS_REV_g.29655.CDS.337-MONOMER,0.0,-7.62845383924454e-41
G16BPS_FWD_g.29655.CDS.337-MONOMER,0.0,-1.644333867294627e-07
G1PACT_REV_1122949.3.peg.1650-MONOMER_mod_mg2(1),0.0,-1.65072866864799e-07
G1PACT_FWD_1122949.3.peg.1650-MONOMER_mod_mg2(1),0.0008093473267267987,9.227989006552006e-40
G3PAT120_REV_CPLX_G3PAT120-0,0.0,-2.960498520267377e-07
G3PAT120_FWD_CPLX_G3PAT120-0,0.0,7.089372985218555e-34
G3PAT140_REV_CPLX_G3PAT120-0,0.0,-1.1364381727365115e-07
G3PAT140_FWD_CPLX_G3PAT120-0,0.0,-1.8240605367355208e-07
G3PAT141_REV_CPLX_G3PAT120-0,0.0,-2.960499033596448e-07
G3PAT141_FWD_CPLX_G3PAT120-0,0.0,4.123568957321668e-34
G3PAT160_REV_CPLX_G3PAT120-0,0.0,-2.960498847928958e-07
G3PAT160_FWD_CPLX_G3PAT120-0,0.0,1.1577649294247819e-34
G3PAT161_REV_CPLX_G3PAT120-0,0.0,-2.960499033596448e-07
G3PAT161_FWD_CPLX_G3PAT120-0,0.0,4.123568957321668e-34
G3PAT180_REV_CPLX_G3PAT120-0,0.0,-2.9604990371336477e-07
G3PAT180_FWD_CPLX_G3PAT120-0,0.00021378004261266739,1.1577649294247819e-34
G3PAT181_REV_CPLX_G3PAT120-0,0.0,-2.960499033596448e-07
G3PAT181_FWD_CPLX_G3PAT120-0,0.0,4.123568957321668e-34
G3PATAI15_REV_CPLX_G3PAT120-0,0.0,-1.8240605367355208e-07
G3PATAI15_FWD_CPLX_G3PAT120-0,0.0,-2.58377618714043e-40
G3PATAI17_REV_CPLX_G3PAT120-0,0.0,-1.8240605367355208e-07
G3PATAI17_FWD_CPLX_G3PAT120-0,0.0002587437829865753,-7.788986936502369e-40
G3PATI14_REV_CPLX_G3PAT120-0,0.0,-1.8240605367355208e-07
G3PATI14_FWD_CPLX_G3PAT120-0,0.0,-2.1266465540309693e-39
G3PATI15_REV_CPLX_G3PAT120-0,0.0,-1.8240605367355208e-07
G3PATI15_FWD_CPLX_G3PAT120-0,0.0,-8.546336619002961e-40
G3PATI16_REV_CPLX_G3PAT120-0,0.0,-1.8240605367355208e-07
G3PATI16_FWD_CPLX_G3PAT120-0,0.0,-2.1266465540309693e-39
G3PATI17_REV_CPLX_G3PAT120-0,0.0,-1.8240605367355208e-07
G3PATI17_FWD_CPLX_G3PAT120-0,0.0002587437829865753,-2.4382915627311764e-39
G3PCT_REV_CPLX_dummy,0.0,-5.319548658429506e-08
G3PCT_FWD_CPLX_dummy,0.0032373893069071948,-3.3722917333229083e-40
G3PD1_REV_g.29655.CDS.995-MONOMER,0.004449662011371957,3.906404114106412e-35
G3PD1_FWD_g.29655.CDS.995-MONOMER,0.0,-1.6361978579202794e-07
G3PD2_REV_g.29655.CDS.995-MONOMER,0.0,-4.785091390511248e-08
G3PD2_FWD_g.29655.CDS.995-MONOMER,0.0,-1.1576887188691546e-07
G3PD5_REV_g.29655.CDS.709-MONOMER,0.0,-6.57776097376498e-08
G3PD5_FWD_g.29655.CDS.709-MONOMER,0.0,-1.1925837113891585e-08
G3PD6_REV_g.29655.CDS.709-MONOMER,0.0,-6.57776097376498e-08
G3PD6_FWD_g.29655.CDS.709-MONOMER,0.0,-1.1925837113891585e-08
G3PD7_REV_g.29655.CDS.709-MONOMER,0.0,-7.770344685154138e-08
G3PD7_FWD_g.29655.CDS.709-MONOMER,0.0,9.035345698906147e-41
G3PD8i_REV_g.29655.CDS.709-MONOMER,0.0,-7.770344685154138e-08
G3PD8i_FWD_g.29655.CDS.709-MONOMER,0.0,7.661739455109098e-40
G5SADs_REV_CPLX_dummy,0.0,-5.319548658429506e-08
G5SADs_FWD_CPLX_dummy,0.0,2.6731366010739046e-42
G5SDr_REV_1122949.3.peg.1465-MONOMER,0.0,-1.850287392373078e-07
G5SDr_FWD_1122949.3.peg.1465-MONOMER,0.0,-6.509389687437664e-40
GALTpts_REV_g.29655.CDS.10-MONOMER,0.0,-1.3381976884544603e-07
GALTpts_FWD_g.29655.CDS.10-MONOMER,0.0,2.549303431373031e-41
GALUi_REV_CPLX_dummy,0.0,-5.319548658429506e-08
GALUi_FWD_CPLX_dummy,0.001079129768969065,-1.7372411959542255e-40
GAMpts_REV_g.29655.CDS.10-MONOMER,0.0,-1.0747865527144425e-07
GAMpts_FWD_g.29655.CDS.10-MONOMER,0.0,-2.634111357400176e-08
GAPD_REV_1122949.3.peg.1649-MONOMER,0.0,-2.8644308233309737e-07
GAPD_FWD_1122949.3.peg.1649-MONOMER,0.000132338229485206,1.9004850227065368e-38
GARFTi_REV_1122949.3.peg.946-MONOMER,0.0,-9.18119848174007e-08
GARFTi_FWD_1122949.3.peg.946-MONOMER,0.0,1.495893336291906e-39
GCCb_REV_g.29655.CDS.118-MONOMER,0.0,-9.224862881773254e-08
GCCb_FWD_g.29655.CDS.118-MONOMER,0.0,-1.0306515347481672e-35
GF6PTA_REV_1122949.3.peg.1437-MONOMER,0.0,-2.2815233721918057e-07
GF6PTA_FWD_1122949.3.peg.1437-MONOMER,0.0008093473267267987,-1.3075477605926253e-35
GGGABADr_REV_g.29655.CDS.1576-MONOMER,0.0,-7.702479161233129e-08
GGGABADr_FWD_g.29655.CDS.1576-MONOMER,0.0,-5.349382314575504e-40
GGGABARr_REV_g.29655.CDS.1576-MONOMER,0.0,-2.9173877707218805e-08
GGGABARr_FWD_g.29655.CDS.1576-MONOMER,0.0,-4.785091390511248e-08
GGTA_REV_g.29655.CDS.125-MONOMER,0.0,-1.3313505208921323e-07
GGTA_FWD_g.29655.CDS.125-MONOMER,4.9415675965499355e-05,8.650790997059335e-39
GGTT_REV_g.29655.CDS.942-MONOMER,0.0,-1.3053672004017116e-07
GGTT_FWD_g.29655.CDS.942-MONOMER,0.0,1.2176335654806873e-40
GHMT2r_REV_1122949.3.peg.1135-MONOMER,0.0,-2.775825832042055e-08
GHMT2r_FWD_1122949.3.peg.1135-MONOMER,0.0,-9.505882329796839e-08
GK1_REV_g.29655.CDS.1418-MONOMER_mod_mg2(1),0.0,-2.8262046332268126e-08
GK1_FWD_g.29655.CDS.1418-MONOMER_mod_mg2(1),0.0,-1.412179083667131e-08
GK1_REV_g.29655.CDS.941-MONOMER,0.0,-1.4140255495596815e-08
GK1_FWD_g.29655.CDS.941-MONOMER,0.004507295745844909,3.665764754084606e-39
GK2_REV_g.29655.CDS.1418-MONOMER_mod_mg2(1),0.0,-2.8262046332268126e-08
GK2_FWD_g.29655.CDS.1418-MONOMER_mod_mg2(1),0.0,-1.412179083667131e-08
GK2_REV_g.29655.CDS.941-MONOMER,0.0,-1.4140255495596815e-08
GK2_FWD_g.29655.CDS.941-MONOMER,0.0,2.523281460870996e-39
GLCabc_REV_g.29655.CDS.795-MONOMER,0.0,-3.034076199510526e-08
GLCabc_FWD_g.29655.CDS.795-MONOMER,0.0,-1.0625417942182056e-40
GLCpts_REV_g.29655.CDS.10-MONOMER,0.0,-1.3381976884544603e-07
GLCpts_FWD_g.29655.CDS.10-MONOMER,0.000132338229485206,0.0
GLNS_REV_1122949.3.peg.842-MONOMER,0.0,5.719834228868741e-07
GLNS_FWD_1122949.3.peg.842-MONOMER,0.0,-6.046039352789549e-07
GLNt2r_REV_CPLX_dummy,0.0,-5.319548658429506e-08
GLNt2r_FWD_CPLX_dummy,0.18,-1.6372600515649578e-41
GLU5K_REV_1122949.3.peg.1466-MONOMER,0.0,3.330151101473621e-07
GLU5K_FWD_1122949.3.peg.1466-MONOMER,0.0,-4.497994284722679e-07
GLUDC_REV_g.29655.CDS.1640-MONOMER_mod_pydx5p(1),0.0,-8.297246351024207e-08
GLUDC_FWD_g.29655.CDS.1640-MONOMER_mod_pydx5p(1),0.0,-3.525218968000004e-41
GLUDxi_REV_1122949.3.peg.223-MONOMER,0.0,-1.3352133668496584e-07
GLUDxi_FWD_1122949.3.peg.223-MONOMER,0.36574515531448953,4.4804925843097425e-39
GLUFORT_REV_g.29655.CDS.931-MONOMER,0.000230476211198226,-5.046461134835533e-40
GLUFORT_FWD_g.29655.CDS.931-MONOMER,0.0,-8.452885509890203e-08
GLUFORT_REV_g.29655.CDS.1460-MONOMER_mod_mg2(1)_mod_k(1),0.0,-4.935334760096147e-08
GLUFORT_FWD_g.29655.CDS.1460-MONOMER_mod_mg2(1)_mod_k(1),0.0,-1.338822026998635e-07
GLUN_REV_1122949.3.peg.1149-MONOMER,0.0,-1.212481046142989e-07
GLUN_FWD_1122949.3.peg.1149-MONOMER,0.17859971210719722,-6.515654976195353e-39
GLUOX_REV_g.29655.CDS.1214-MONOMER,0.0,-1.3828316257462983e-07
GLUOX_FWD_g.29655.CDS.1214-MONOMER,0.0,-3.030810269373793e-08
GLUPRT_REV_1122949.3.peg.944-MONOMER_mod_mg2(1),0.0,-2.645609774222128e-07
GLUPRT_FWD_1122949.3.peg.944-MONOMER_mod_mg2(1),0.0,-1.854149263928704e-40
GLUR_REV_1122949.3.peg.1444-MONOMER,-3.0064229561936497e-27,-7.257790376920752e-41
GLUR_FWD_1122949.3.peg.1444-MONOMER,0.0,-4.9092954848379935e-08
GLUSy_REV_1122949.3.peg.970-MONOMER,0.0,-3.030810269373793e-08
GLUSy_FWD_1122949.3.peg.970-MONOMER,0.0,-1.3828316257462983e-07
GLUTACCOADC_REV_CPLX_dummy,0.0,-5.319548658429506e-08
GLUTACCOADC_FWD_CPLX_dummy,0.3561148220268812,8.034376910197424e-39
GLUTARCOAT_REV_CPLX_dummy,0.0,6.029514602138471e-42
GLUTARCOAT_FWD_CPLX_dummy,0.0,-5.319548658429506e-08
GLUTARt2r_REV_CPLX_dummy,0.0,-5.319548658429506e-08
GLUTARt2r_FWD_CPLX_dummy,0.0,-1.0206616791399869e-41
GLUTCOADH_REV_CPLX_dummy,0.0,-5.319548658429506e-08
GLUTCOADH_FWD_CPLX_dummy,0.0,5.827631591632948e-40
GLUTRS_REV_g.29655.CDS.1690-MONOMER_mod_mg2(1)_mod_zn2(1),0.0,-3.2675810857475e-08
GLUTRS_FWD_g.29655.CDS.1690-MONOMER_mod_mg2(1)_mod_zn2(1),0.0,-4.0036415422285765e-40
GLUt2r_REV_g.29655.CDS.1306-MONOMER,0.0,-2.023005892730228e-08
GLUt2r_FWD_g.29655.CDS.1306-MONOMER,0.0,-1.635555061493147e-07
GLUt2r_REV_g.29655.CDS.1243-MONOMER,0.0,-1.9099403422731834e-08
GLUt2r_FWD_g.29655.CDS.1243-MONOMER,0.0,-1.6242485064474426e-07
GLYASN1c_REV_g.29655.CDS.96-MONOMER,0.0,-5.303102508115118e-08
GLYASN1c_FWD_g.29655.CDS.96-MONOMER,0.0,-1.301667014071558e-07
GLYASN1c_REV_g.29655.CDS.1333-MONOMER,0.0,-3.920952873159944e-08
GLYASN1c_FWD_g.29655.CDS.1333-MONOMER,0.0,-1.1634520505760405e-07
GLYASN1c_REV_g.29655.CDS.431-MONOMER_mod_fe2(2),0.0,-1.9750105183499396
GLYASN1c_FWD_g.29655.CDS.431-MONOMER_mod_fe2(2),0.0,-1.9750105954856159
GLYASN1c_REV_g.29655.CDS.1420-MONOMER,8.767249889784116e-23,-1.044953324388122e-30
GLYASN1c_FWD_g.29655.CDS.1420-MONOMER,0.0,-7.713567632600461e-08
GLYASNabc_REV_g.29655.CDS.439-MONOMER,0.0,2.1840642843572097e-07
GLYASNabc_FWD_g.29655.CDS.439-MONOMER,0.0,-2.9173501451916297e-07
GLYASNabc_REV_g.29655.CDS.85-MONOMER,0.0,2.2771831807255577e-07
GLYASNabc_FWD_g.29655.CDS.85-MONOMER,0.0,-2.824231248823282e-07
GLYASNabc_REV_g.29655.CDS.497-MONOMER,0.0,2.2858211681151844e-07
GLYASNabc_FWD_g.29655.CDS.497-MONOMER,0.0,-2.8155932614336555e-07
GLYASNabc_REV_g.29655.CDS.317-MONOMER,0.0,2.0956974639670213e-07
GLYASNabc_FWD_g.29655.CDS.317-MONOMER,0.0,-3.0057169655818186e-07
GLYASNabc_REV_g.29655.CDS.537-MONOMER,0.0,2.0501810431925026e-07
GLYASNabc_FWD_g.29655.CDS.537-MONOMER,0.0,-3.051233386356337e-07
GLYASNabc_REV_g.29655.CDS.103-MONOMER,0.0,2.1142726413433917e-07
GLYASNabc_FWD_g.29655.CDS.103-MONOMER,0.0,-2.9871417882054477e-07
GLYASNabc_REV_g.29655.CDS.631-MONOMER,0.0,2.2562576402433566e-07
GLYASNabc_FWD_g.29655.CDS.631-MONOMER,0.0,-2.845156789305483e-07
GLYASP1c_REV_g.29655.CDS.96-MONOMER,0.0,-5.303102508115118e-08
GLYASP1c_FWD_g.29655.CDS.96-MONOMER,0.0,-1.301667014071558e-07
GLYASP1c_REV_g.29655.CDS.1333-MONOMER,0.0,-3.920952873159944e-08
GLYASP1c_FWD_g.29655.CDS.1333-MONOMER,0.0,-1.1634520505760405e-07
GLYASP1c_REV_g.29655.CDS.431-MONOMER_mod_fe2(2),0.0,-1.9750105183499396
GLYASP1c_FWD_g.29655.CDS.431-MONOMER_mod_fe2(2),0.0,-1.9750105954856159
GLYASP1c_REV_g.29655.CDS.1420-MONOMER,8.767249889784116e-23,-1.0449533243488383e-30
GLYASP1c_FWD_g.29655.CDS.1420-MONOMER,0.0,-7.713567632600461e-08
GLYASPabc_REV_g.29655.CDS.439-MONOMER,0.0,2.1840642843572097e-07
GLYASPabc_FWD_g.29655.CDS.439-MONOMER,0.0,-2.9173501451916297e-07
GLYASPabc_REV_g.29655.CDS.85-MONOMER,0.0,2.2771831807255577e-07
GLYASPabc_FWD_g.29655.CDS.85-MONOMER,0.0,-2.824231248823282e-07
GLYASPabc_REV_g.29655.CDS.497-MONOMER,0.0,2.2858211681151844e-07
GLYASPabc_FWD_g.29655.CDS.497-MONOMER,0.0,-2.8155932614336555e-07
GLYASPabc_REV_g.29655.CDS.317-MONOMER,0.0,2.0956974639670213e-07
GLYASPabc_FWD_g.29655.CDS.317-MONOMER,0.0,-3.0057169655818186e-07
GLYASPabc_REV_g.29655.CDS.537-MONOMER,0.0,2.0501810431925026e-07
GLYASPabc_FWD_g.29655.CDS.537-MONOMER,0.0,-3.051233386356337e-07
GLYASPabc_REV_g.29655.CDS.103-MONOMER,0.0,2.1142726413433917e-07
GLYASPabc_FWD_g.29655.CDS.103-MONOMER,0.0,-2.9871417882054477e-07
GLYASPabc_REV_g.29655.CDS.631-MONOMER,0.0,2.2562576402433566e-07
GLYASPabc_FWD_g.29655.CDS.631-MONOMER,0.0,-2.845156789305483e-07
GLYC3Pabc_REV_g.29655.CDS.693-MONOMER,0.0,2.1427110794026548e-07
GLYC3Pabc_FWD_g.29655.CDS.693-MONOMER,0.0,-3.231621989179429e-07
GLYCL_REV_g.29655.CDS.118-MONOMER,0.0,2.050944645555454e-07
GLYCL_FWD_g.29655.CDS.118-MONOMER,0.0,-2.9734309337327793e-07
GLYCYSabc_REV_g.29655.CDS.439-MONOMER,0.0,-6.315289770764455e-08
GLYCYSabc_FWD_g.29655.CDS.439-MONOMER,0.0,-1.0175688375797457e-08
GLYCYSabc_REV_g.29655.CDS.85-MONOMER,0.0,-5.384100807080976e-08
GLYCYSabc_FWD_g.29655.CDS.85-MONOMER,0.0,-8.637987389626648e-10
GLYCYSabc_REV_g.29655.CDS.497-MONOMER,0.0,-5.2977209331847096e-08
GLYCYSabc_FWD_g.29655.CDS.497-MONOMER,0.0,4.82211332865751e-41
GLYCYSabc_REV_g.29655.CDS.317-MONOMER,0.0,-7.19895797466634e-08
GLYCYSabc_FWD_g.29655.CDS.317-MONOMER,0.0,-1.9012370414816304e-08
GLYCYSabc_REV_g.29655.CDS.537-MONOMER,0.0,-7.654122182411526e-08
GLYCYSabc_FWD_g.29655.CDS.537-MONOMER,0.0,-2.356401249226816e-08
GLYCYSabc_REV_g.29655.CDS.103-MONOMER,0.0,-7.013206200902635e-08
GLYCYSabc_FWD_g.29655.CDS.103-MONOMER,0.0,-1.715485267717926e-08
GLYCYSabc_REV_g.29655.CDS.631-MONOMER,0.0,-5.593356211902987e-08
GLYCYSabc_FWD_g.29655.CDS.631-MONOMER,0.0,-2.9563527871827707e-09
GLYCt_REV_CPLX_dummy,0.0,-5.319548658429506e-08
GLYCt_FWD_CPLX_dummy,0.00016033503195964817,3.40220559713329e-42
GLYGLN1c_REV_g.29655.CDS.96-MONOMER,0.0,-5.303102508115118e-08
GLYGLN1c_FWD_g.29655.CDS.96-MONOMER,0.0,-1.301667014071558e-07
GLYGLN1c_REV_g.29655.CDS.1333-MONOMER,0.0,-3.920952873159944e-08
GLYGLN1c_FWD_g.29655.CDS.1333-MONOMER,0.0,-1.1634520505760405e-07
GLYGLN1c_REV_g.29655.CDS.431-MONOMER_mod_fe2(2),0.0,-1.9750105183499396
GLYGLN1c_FWD_g.29655.CDS.431-MONOMER_mod_fe2(2),0.0,-1.9750105954856159
GLYGLN1c_REV_g.29655.CDS.1420-MONOMER,8.571180155367553e-23,-1.044957025668529e-30
GLYGLN1c_FWD_g.29655.CDS.1420-MONOMER,0.0,-7.713567632600461e-08
GLYGLNabc_REV_g.29655.CDS.439-MONOMER,0.0,2.1663560706939313e-07
GLYGLNabc_FWD_g.29655.CDS.439-MONOMER,0.0,-2.8996419315283513e-07
GLYGLNabc_REV_g.29655.CDS.85-MONOMER,0.0,2.259474967062279e-07
GLYGLNabc_FWD_g.29655.CDS.85-MONOMER,0.0,-2.8065230351600035e-07
GLYGLNabc_REV_g.29655.CDS.497-MONOMER,0.0,2.2681129544519058e-07
GLYGLNabc_FWD_g.29655.CDS.497-MONOMER,0.0,-2.7978850477703766e-07
GLYGLNabc_REV_g.29655.CDS.317-MONOMER,0.0,2.0779892503037427e-07
GLYGLNabc_FWD_g.29655.CDS.317-MONOMER,0.0,-2.9880087519185397e-07
GLYGLNabc_REV_g.29655.CDS.537-MONOMER,0.0,2.0324728295292243e-07
GLYGLNabc_FWD_g.29655.CDS.537-MONOMER,0.0,-3.0335251726930587e-07
GLYGLNabc_REV_g.29655.CDS.103-MONOMER,0.0,2.0965644276801133e-07
GLYGLNabc_FWD_g.29655.CDS.103-MONOMER,0.0,-2.9694335745421693e-07
GLYGLNabc_REV_g.29655.CDS.631-MONOMER,0.0,2.2385494265800782e-07
GLYGLNabc_FWD_g.29655.CDS.631-MONOMER,0.0,-2.8274485756422044e-07
GLYGLU1c_REV_g.29655.CDS.96-MONOMER,0.0,-5.303102508115118e-08
GLYGLU1c_FWD_g.29655.CDS.96-MONOMER,0.0,-1.301667014071558e-07
GLYGLU1c_REV_g.29655.CDS.1333-MONOMER,0.0,-3.920952873159944e-08
GLYGLU1c_FWD_g.29655.CDS.1333-MONOMER,0.0,-1.1634520505760405e-07
GLYGLU1c_REV_g.29655.CDS.431-MONOMER_mod_fe2(2),0.0,-1.9750105183499396
GLYGLU1c_FWD_g.29655.CDS.431-MONOMER_mod_fe2(2),0.0,-1.9750105954856159
GLYGLU1c_REV_g.29655.CDS.1420-MONOMER,8.767249889784116e-23,-1.0449533244274056e-30
GLYGLU1c_FWD_g.29655.CDS.1420-MONOMER,0.0,-7.713567632600461e-08
GLYGLUabc_REV_g.29655.CDS.439-MONOMER,0.0,1.0281606817794862e-07
GLYGLUabc_FWD_g.29655.CDS.439-MONOMER,0.0,-1.7614465426139062e-07
GLYGLUabc_REV_g.29655.CDS.85-MONOMER,0.0,1.1212795781478341e-07
GLYGLUabc_FWD_g.29655.CDS.85-MONOMER,0.0,-1.6683276462455584e-07
GLYGLUabc_REV_g.29655.CDS.497-MONOMER,0.0,1.1299175655374607e-07
GLYGLUabc_FWD_g.29655.CDS.497-MONOMER,0.0,-1.6596896588559317e-07
GLYGLUabc_REV_g.29655.CDS.317-MONOMER,0.0,9.397938613892977e-08
GLYGLUabc_FWD_g.29655.CDS.317-MONOMER,0.0,-1.8498133630040948e-07
GLYGLUabc_REV_g.29655.CDS.537-MONOMER,0.0,8.942774406147791e-08
GLYGLUabc_FWD_g.29655.CDS.537-MONOMER,0.0,-1.8953297837786133e-07
GLYGLUabc_REV_g.29655.CDS.103-MONOMER,0.0,9.583690387656681e-08
GLYGLUabc_FWD_g.29655.CDS.103-MONOMER,0.0,-1.8312381856277242e-07
GLYGLUabc_REV_g.29655.CDS.631-MONOMER,0.0,1.1003540376656331e-07
GLYGLUabc_FWD_g.29655.CDS.631-MONOMER,0.0,-1.6892531867277593e-07
GLYK_REV_g.29655.CDS.1274-MONOMER_mod_mg2(1),0.0,-9.913064954694054e-08
GLYK_FWD_g.29655.CDS.1274-MONOMER_mod_mg2(1),0.0,-1.6432138547255958e-07
GLYK_REV_g.29655.CDS.1274-MONOMER_mod_mn2(1),0.0,-9.888578409724747e-08
GLYK_FWD_g.29655.CDS.1274-MONOMER_mod_mn2(1),0.0,-1.640765200228665e-07
GLYLEUHYDROc_REV_g.29655.CDS.96-MONOMER,0.0,-5.303102508115118e-08
GLYLEUHYDROc_FWD_g.29655.CDS.96-MONOMER,0.0,-1.301667014071558e-07
GLYLEUHYDROc_REV_g.29655.CDS.1333-MONOMER,0.0,-3.920952873159944e-08
GLYLEUHYDROc_FWD_g.29655.CDS.1333-MONOMER,0.0,-1.1634520505760405e-07
GLYLEUHYDROc_REV_g.29655.CDS.431-MONOMER_mod_fe2(2),0.0,-1.9750105183499396
GLYLEUHYDROc_FWD_g.29655.CDS.431-MONOMER_mod_fe2(2),0.0,-1.9750105954856159
GLYLEUHYDROc_REV_g.29655.CDS.1420-MONOMER,1.091068320496297e-23,-1.0449533243097452e-30
GLYLEUHYDROc_FWD_g.29655.CDS.1420-MONOMER,0.0,-7.713567632600461e-08
GLYLEUPEPT1tc_REV_g.29655.CDS.439-MONOMER,0.0,-6.315289770764455e-08
GLYLEUPEPT1tc_FWD_g.29655.CDS.439-MONOMER,0.0,-1.0175688375797457e-08
GLYLEUPEPT1tc_REV_g.29655.CDS.85-MONOMER,0.0,-5.384100807080976e-08
GLYLEUPEPT1tc_FWD_g.29655.CDS.85-MONOMER,0.0,-8.637987389626648e-10
GLYLEUPEPT1tc_REV_g.29655.CDS.497-MONOMER,0.0,-5.2977209331847096e-08
GLYLEUPEPT1tc_FWD_g.29655.CDS.497-MONOMER,1.0669257953286069e-23,-1.6953353651523623e-41
GLYLEUPEPT1tc_REV_g.29655.CDS.317-MONOMER,0.0,-7.19895797466634e-08
GLYLEUPEPT1tc_FWD_g.29655.CDS.317-MONOMER,0.0,-1.9012370414816304e-08
GLYLEUPEPT1tc_REV_g.29655.CDS.537-MONOMER,0.0,-7.654122182411526e-08
GLYLEUPEPT1tc_FWD_g.29655.CDS.537-MONOMER,0.0,-2.356401249226816e-08
GLYLEUPEPT1tc_REV_g.29655.CDS.103-MONOMER,0.0,-7.013206200902635e-08
GLYLEUPEPT1tc_FWD_g.29655.CDS.103-MONOMER,0.0,-1.715485267717926e-08
GLYLEUPEPT1tc_REV_g.29655.CDS.631-MONOMER,0.0,-5.593356211902987e-08
GLYLEUPEPT1tc_FWD_g.29655.CDS.631-MONOMER,0.0,-2.9563527871827707e-09
GLYMET1c_REV_g.29655.CDS.96-MONOMER,0.0,-5.303102508115118e-08
GLYMET1c_FWD_g.29655.CDS.96-MONOMER,0.0,-1.301667014071558e-07
GLYMET1c_REV_g.29655.CDS.1333-MONOMER,0.0,-3.920952873159944e-08
GLYMET1c_FWD_g.29655.CDS.1333-MONOMER,0.0,-1.1634520505760405e-07
GLYMET1c_REV_g.29655.CDS.431-MONOMER_mod_fe2(2),0.0,-1.9750105183499396
GLYMET1c_FWD_g.29655.CDS.431-MONOMER_mod_fe2(2),0.0,-1.9750105954856159
GLYMET1c_REV_g.29655.CDS.1420-MONOMER,8.133052283327808e-23,-1.0449533253411235e-30
GLYMET1c_FWD_g.29655.CDS.1420-MONOMER,0.0,-7.713567632600461e-08
GLYMETabc_REV_g.29655.CDS.439-MONOMER,0.0,2.1840642843572097e-07
GLYMETabc_FWD_g.29655.CDS.439-MONOMER,0.0,-2.9173501451916297e-07
GLYMETabc_REV_g.29655.CDS.85-MONOMER,0.0,2.2771831807255577e-07
GLYMETabc_FWD_g.29655.CDS.85-MONOMER,0.0,-2.824231248823282e-07
GLYMETabc_REV_g.29655.CDS.497-MONOMER,0.0,2.2858211681151844e-07
GLYMETabc_FWD_g.29655.CDS.497-MONOMER,0.0,-2.8155932614336555e-07
GLYMETabc_REV_g.29655.CDS.317-MONOMER,0.0,2.0956974639670213e-07
GLYMETabc_FWD_g.29655.CDS.317-MONOMER,0.0,-3.0057169655818186e-07
GLYMETabc_REV_g.29655.CDS.537-MONOMER,0.0,2.0501810431925026e-07
GLYMETabc_FWD_g.29655.CDS.537-MONOMER,0.0,-3.051233386356337e-07
GLYMETabc_REV_g.29655.CDS.103-MONOMER,0.0,2.1142726413433917e-07
GLYMETabc_FWD_g.29655.CDS.103-MONOMER,0.0,-2.9871417882054477e-07
GLYMETabc_REV_g.29655.CDS.631-MONOMER,0.0,2.2562576402433566e-07
GLYMETabc_FWD_g.29655.CDS.631-MONOMER,0.0,-2.845156789305483e-07
GLYOX_REV_g.29655.CDS.1332-MONOMER,0.0,-5.357345695028025e-08
GLYOX_FWD_g.29655.CDS.1332-MONOMER,0.0,-1.7695978759194064e-08
GLYOX_REV_g.29655.CDS.1655-MONOMER_mod_zn2(1),0.0,-3.5877478191086184e-08
GLYOX_FWD_g.29655.CDS.1655-MONOMER_mod_zn2(1),0.0,3.683528400001761e-40
GLYPHEHYc_REV_g.29655.CDS.96-MONOMER,0.0,-5.303102508115118e-08
GLYPHEHYc_FWD_g.29655.CDS.96-MONOMER,0.0,-1.301667014071558e-07
GLYPHEHYc_REV_g.29655.CDS.1333-MONOMER,0.0,-3.920952873159944e-08
GLYPHEHYc_FWD_g.29655.CDS.1333-MONOMER,0.0,-1.1634520505760405e-07
GLYPHEHYc_REV_g.29655.CDS.431-MONOMER_mod_fe2(2),0.0,-1.9750105183499396
GLYPHEHYc_FWD_g.29655.CDS.431-MONOMER_mod_fe2(2),0.0,-1.9750105954856159
GLYPHEHYc_REV_g.29655.CDS.1420-MONOMER,8.766960036703444e-23,-1.0449533243439278e-30
GLYPHEHYc_FWD_g.29655.CDS.1420-MONOMER,0.0,-7.713567632600461e-08
GLYPHEabc_REV_g.29655.CDS.439-MONOMER,0.0,2.1840642843572097e-07
GLYPHEabc_FWD_g.29655.CDS.439-MONOMER,0.0,-2.9173501451916297e-07
GLYPHEabc_REV_g.29655.CDS.85-MONOMER,0.0,2.2771831807255577e-07
GLYPHEabc_FWD_g.29655.CDS.85-MONOMER,0.0,-2.824231248823282e-07
GLYPHEabc_REV_g.29655.CDS.497-MONOMER,0.0,2.2858211681151844e-07
GLYPHEabc_FWD_g.29655.CDS.497-MONOMER,0.0,-2.8155932614336555e-07
GLYPHEabc_REV_g.29655.CDS.317-MONOMER,0.0,2.0956974639670213e-07
GLYPHEabc_FWD_g.29655.CDS.317-MONOMER,0.0,-3.0057169655818186e-07
GLYPHEabc_REV_g.29655.CDS.537-MONOMER,0.0,2.0501810431925026e-07
GLYPHEabc_FWD_g.29655.CDS.537-MONOMER,0.0,-3.051233386356337e-07
GLYPHEabc_REV_g.29655.CDS.103-MONOMER,0.0,2.1142726413433917e-07
GLYPHEabc_FWD_g.29655.CDS.103-MONOMER,0.0,-2.9871417882054477e-07
GLYPHEabc_REV_g.29655.CDS.631-MONOMER,0.0,2.2562576402433566e-07
GLYPHEabc_FWD_g.29655.CDS.631-MONOMER,0.0,-2.845156789305483e-07
GLYPROPRO1c_REV_g.29655.CDS.96-MONOMER,0.0,-5.303102508115118e-08
GLYPROPRO1c_FWD_g.29655.CDS.96-MONOMER,0.0,-1.301667014071558e-07
GLYPROPRO1c_REV_g.29655.CDS.1333-MONOMER,0.0,-3.920952873159944e-08
GLYPROPRO1c_FWD_g.29655.CDS.1333-MONOMER,0.0,-1.1634520505760405e-07
GLYPROPRO1c_REV_g.29655.CDS.431-MONOMER_mod_fe2(2),0.0,-1.9750105183499396
GLYPROPRO1c_FWD_g.29655.CDS.431-MONOMER_mod_fe2(2),0.0,-1.9750105954856159
GLYPROPRO1c_REV_g.29655.CDS.1420-MONOMER,8.456325431395673e-23,-1.044953325361298e-30
GLYPROPRO1c_FWD_g.29655.CDS.1420-MONOMER,0.0,-7.713567632600461e-08
GLYPROabc_REV_g.29655.CDS.439-MONOMER,0.0,2.1840642843572097e-07
GLYPROabc_FWD_g.29655.CDS.439-MONOMER,0.0,-2.9173501451916297e-07
GLYPROabc_REV_g.29655.CDS.85-MONOMER,0.0,2.2771831807255577e-07
GLYPROabc_FWD_g.29655.CDS.85-MONOMER,0.0,-2.824231248823282e-07
GLYPROabc_REV_g.29655.CDS.497-MONOMER,0.0,2.2858211681151844e-07
GLYPROabc_FWD_g.29655.CDS.497-MONOMER,0.0,-2.8155932614336555e-07
GLYPROabc_REV_g.29655.CDS.317-MONOMER,0.0,2.0956974639670213e-07
GLYPROabc_FWD_g.29655.CDS.317-MONOMER,0.0,-3.0057169655818186e-07
GLYPROabc_REV_g.29655.CDS.537-MONOMER,0.0,2.0501810431925026e-07
GLYPROabc_FWD_g.29655.CDS.537-MONOMER,0.0,-3.051233386356337e-07
GLYPROabc_REV_g.29655.CDS.103-MONOMER,0.0,2.1142726413433917e-07
GLYPROabc_FWD_g.29655.CDS.103-MONOMER,0.0,-2.9871417882054477e-07
GLYPROabc_REV_g.29655.CDS.631-MONOMER,0.0,2.2562576402433566e-07
GLYPROabc_FWD_g.29655.CDS.631-MONOMER,0.0,-2.845156789305483e-07
GLYTYR1c_REV_g.29655.CDS.96-MONOMER,0.0,-5.303102508115118e-08
GLYTYR1c_FWD_g.29655.CDS.96-MONOMER,0.0,-1.301667014071558e-07
GLYTYR1c_REV_g.29655.CDS.1333-MONOMER,0.0,-3.920952873159944e-08
GLYTYR1c_FWD_g.29655.CDS.1333-MONOMER,0.0,-1.1634520505760405e-07
GLYTYR1c_REV_g.29655.CDS.431-MONOMER_mod_fe2(2),0.0,-1.9750105183499396
GLYTYR1c_FWD_g.29655.CDS.431-MONOMER_mod_fe2(2),0.0,-1.9750105954856159
GLYTYR1c_REV_g.29655.CDS.1420-MONOMER,8.606116244370448e-23,-1.0449533254764902e-30
GLYTYR1c_FWD_g.29655.CDS.1420-MONOMER,0.0,-7.713567632600461e-08
GLYTYRabc_REV_g.29655.CDS.439-MONOMER,0.0,2.1840642843572097e-07
GLYTYRabc_FWD_g.29655.CDS.439-MONOMER,0.0,-2.9173501451916297e-07
GLYTYRabc_REV_g.29655.CDS.85-MONOMER,0.0,2.2771831807255577e-07
GLYTYRabc_FWD_g.29655.CDS.85-MONOMER,0.0,-2.824231248823282e-07
GLYTYRabc_REV_g.29655.CDS.497-MONOMER,0.0,2.2858211681151844e-07
GLYTYRabc_FWD_g.29655.CDS.497-MONOMER,0.0,-2.8155932614336555e-07
GLYTYRabc_REV_g.29655.CDS.317-MONOMER,0.0,2.0956974639670213e-07
GLYTYRabc_FWD_g.29655.CDS.317-MONOMER,0.0,-3.0057169655818186e-07
GLYTYRabc_REV_g.29655.CDS.537-MONOMER,0.0,2.0501810431925026e-07
GLYTYRabc_FWD_g.29655.CDS.537-MONOMER,0.0,-3.051233386356337e-07
GLYTYRabc_REV_g.29655.CDS.103-MONOMER,0.0,2.1142726413433917e-07
GLYTYRabc_FWD_g.29655.CDS.103-MONOMER,0.0,-2.9871417882054477e-07
GLYTYRabc_REV_g.29655.CDS.631-MONOMER,0.0,2.2562576402433566e-07
GLYTYRabc_FWD_g.29655.CDS.631-MONOMER,0.0,-2.845156789305483e-07
GLYt4r_REV_g.29655.CDS.131-MONOMER,0.0,-1.6351118459333143e-07
GLYt4r_FWD_g.29655.CDS.131-MONOMER,0.0015369912587629246,-1.535004970479686e-38
GLYt4r_REV_g.29655.CDS.344-MONOMER,0.0,-1.8876665794958022e-07
GLYt4r_FWD_g.29655.CDS.344-MONOMER,0.0,-2.525547335624877e-08
GMPS2_REV_1122949.3.peg.1694-MONOMER_mod_mg2(1),0.0,1.519888710050733e-06
GMPS2_FWD_1122949.3.peg.1694-MONOMER_mod_mg2(1),0.0,-1.583160682317872e-06
GRTT_REV_g.29655.CDS.1357-MONOMER_mod_mn2(1),0.0,-5.689518521418582e-08
GRTT_FWD_g.29655.CDS.1357-MONOMER_mod_mn2(1),1.124093509342776e-05,9.471610457800762e-40
GRTT_REV_g.29655.CDS.1357-MONOMER_mod_mg2(1),0.0,-5.787232930223514e-08
GRTT_FWD_g.29655.CDS.1357-MONOMER_mod_mg2(1),0.0,-9.77144088049319e-10
GTPCII_REV_g.29655.CDS.1316-MONOMER,0.0,-1.0160483502389138e-07
GTPCII_FWD_g.29655.CDS.1316-MONOMER,0.0,-1.3429944760287493e-38
GTPCII2_REV_1122949.3.peg.1398-MONOMER_mod_mg2(1),0.0,-1.2008629111065424e-07
GTPCII2_FWD_1122949.3.peg.1398-MONOMER_mod_mg2(1),-3.244970456383528e-28,-2.850144137394421e-40
GTPDPK_REV_g.29655.CDS.1462-MONOMER_mod_mn2(1),0.0,-4.626898199648602e-08
GTPDPK_FWD_g.29655.CDS.1462-MONOMER_mod_mn2(1),-9.112874776676592e-50,-4.763738067713381e-40
GUAPRT_REV_g.29655.CDS.1413-MONOMER,0.0,-4.8269994585688296e-08
GUAPRT_FWD_g.29655.CDS.1413-MONOMER,0.0,-1.1423376383179201e-08
GUAPRT_REV_g.29655.CDS.1131-MONOMER,0.0,-3.6846618202509097e-08
GUAPRT_FWD_g.29655.CDS.1131-MONOMER,0.0001915385838828627,3.0009874410700673e-40
GUAt_REV_CPLX_dummy,0.0,-5.319548658429506e-08
GUAt_FWD_CPLX_dummy,0.0001915385838828627,3.40220559713329e-42
GUAt2_REV_CPLX_dummy,0.0,7.207248428660931e-08
GUAt2_FWD_CPLX_dummy,0.0,-1.2526797087090438e-07
H2CO3D_REV_CPLX_dummy,5.871189307045072e-23,1.3365683005369522e-41
H2CO3D_FWD_CPLX_dummy,0.0,-5.319548658429506e-08
H2O2syn_REV_g.29655.CDS.292-MONOMER,0.0,1.2628895746976387e-06
H2O2syn_FWD_g.29655.CDS.292-MONOMER,0.0,-1.3359689844725194e-06
H2Ot_REV_CPLX_dummy,0.0,-5.319548658429506e-08
H2Ot_FWD_CPLX_dummy,1.072268982834236,3.40220559713329e-42
HACD1_REV_CPLX_dummy,0.0,-6.2867154349828e-09
HACD1_FWD_CPLX_dummy,0.0,-4.690877114931226e-08
HDG3PACT_REV_CPLX_G3PAT120-0,0.0,-1.3546064237395424e-39
HDG3PACT_FWD_CPLX_G3PAT120-0,0.0,-1.8240605367355208e-07
HEMEti_REV_CPLX_dummy,0.0,-5.319548658429506e-08
HEMEti_FWD_CPLX_dummy,4.9415675965499355e-05,1.827553686914746e-41
HEXSabc_REV_CPLX_BUTSO3abc-0,0.0,-1.0512749741409204e-07
HEXSabc_FWD_CPLX_BUTSO3abc-0,0.0,-1.307444068778846e-40
HEXTT_REV_g.29655.CDS.942-MONOMER,0.0,-1.3053672004017116e-07
HEXTT_FWD_g.29655.CDS.942-MONOMER,0.0,-1.6965694345697573e-39
HG2abc_REV_g.29655.CDS.1364-MONOMER,0.0,4.5612394456083994e-07
HG2abc_FWD_g.29655.CDS.1364-MONOMER,0.0,-5.9921530899069e-07
HG2abc_REV_g.29655.CDS.872-MONOMER,0.0,4.2325619477146634e-07
HG2abc_FWD_g.29655.CDS.872-MONOMER,0.0,-6.320830587800637e-07
HG2abc_REV_g.29655.CDS.298-MONOMER,0.0,4.635446620595382e-07
HG2abc_FWD_g.29655.CDS.298-MONOMER,0.0,-5.917945914919918e-07
HISD_REV_g.29655.CDS.756-MONOMER,0.0,-1.5563810711282659e-07
HISD_FWD_g.29655.CDS.756-MONOMER,0.000230476211198226,6.574113704952694e-36
HISt2r_REV_CPLX_dummy,0.0,-5.319548658429506e-08
HISt2r_FWD_CPLX_dummy,0.0008456631281701304,9.126110386126392e-42
HSDx_REV_1122949.3.peg.1192-MONOMER,0.013276008768426273,4.63900154229572e-39
HSDx_FWD_1122949.3.peg.1192-MONOMER,0.0,-4.785091390511248e-08
HSDx_REV_1122949.3.peg.702-MONOMER,0.0,-4.217160915454577e-08
HSDx_FWD_1122949.3.peg.702-MONOMER,0.0,-9.002252305965824e-08
HSDy_REV_1122949.3.peg.1192-MONOMER,0.0,-4.785091390511248e-08
HSDy_FWD_1122949.3.peg.1192-MONOMER,0.013276008768426273,-5.208780546537351e-41
HSDy_REV_1122949.3.peg.702-MONOMER,0.0,-9.002252305965824e-08
HSDy_FWD_1122949.3.peg.702-MONOMER,0.0,-4.217160915454577e-08
HSERTA_REV_g.29655.CDS.1251-MONOMER,0.0,-4.875644308787162e-41
HSERTA_FWD_g.29655.CDS.1251-MONOMER,0.0,-2.0340245748860249e-07
HSK_REV_1122949.3.peg.1463-MONOMER_mod_k(1)_mod_mg2(1),0.0,-1.3237071489724536e-07
HSK_FWD_1122949.3.peg.1463-MONOMER_mod_k(1)_mod_mg2(1),0.0,-1.1444739331274879e-40
HXPRT_REV_g.29655.CDS.1413-MONOMER,0.0,-4.8269994585688296e-08
HXPRT_FWD_g.29655.CDS.1413-MONOMER,0.0,-1.1423376383179201e-08
HXPRT_REV_g.29655.CDS.1131-MONOMER,0.0,-3.6846618202509097e-08
HXPRT_FWD_g.29655.CDS.1131-MONOMER,0.0,-1.3250550550808476e-40
HYPSUCORNS_REV_CPLX_dummy,0.0,-5.319548658429506e-08
HYPSUCORNS_FWD_CPLX_dummy,0.0,-1.8711956207517333e-41
HYXNti_REV_g.29655.CDS.1588-MONOMER,0.0,-1.894581406246861e-07
HYXNti_FWD_g.29655.CDS.1588-MONOMER,0.0,-1.388637522655246e-41
IAHDGK_REV_g.29655.CDS.1508-MONOMER_mod_cd2(1)_mod_zn2(1)_mod_mg2(1)_mod_mn2(1)_mod_cobalt2(1),0.0,-1.1568511864692588e-05
IAHDGK_FWD_g.29655.CDS.1508-MONOMER_mod_cd2(1)_mod_zn2(1)_mod_mg2(1)_mod_mn2(1)_mod_cobalt2(1),0.0,-1.2677046604828413e-05
IAPDGK_REV_g.29655.CDS.1508-MONOMER_mod_cd2(1)_mod_zn2(1)_mod_mg2(1)_mod_mn2(1)_mod_cobalt2(1),0.0,-2.4245558469521e-05
IAPDGK_FWD_g.29655.CDS.1508-MONOMER_mod_cd2(1)_mod_zn2(1)_mod_mg2(1)_mod_mn2(1)_mod_cobalt2(1),0.0,-2.0816073451240092e-39
IBCOATA_REV_g.29655.CDS.593-MONOMER,0.0,-1.940178415736075e-07
IBCOATA_FWD_g.29655.CDS.593-MONOMER,0.0,-1.405411034928485e-34
ICHORT_REV_g.29655.CDS.198-MONOMER,0.0,-8.560841021856655e-08
ICHORT_FWD_g.29655.CDS.198-MONOMER,0.0,-2.2637807038067518e-41
IHDCOATA_REV_g.29655.CDS.593-MONOMER,0.0,-5.275329106590472e-34
IHDCOATA_FWD_g.29655.CDS.593-MONOMER,0.0,-1.940178415736075e-07
IHDGK_REV_g.29655.CDS.1508-MONOMER_mod_cd2(1)_mod_zn2(1)_mod_mg2(1)_mod_mn2(1)_mod_cobalt2(1),0.0,-1.1568511864692588e-05
IHDGK_FWD_g.29655.CDS.1508-MONOMER_mod_cd2(1)_mod_zn2(1)_mod_mg2(1)_mod_mn2(1)_mod_cobalt2(1),0.0,-1.2677046604828413e-05
IHDUDPG_REV_CPLX_dummy,0.0,-5.319548658429506e-08
IHDUDPG_FWD_CPLX_dummy,4.496374037371104e-05,-1.645269603227237e-39
IHDUDPMG_REV_CPLX_dummy,0.0,-5.319548658429506e-08
IHDUDPMG_FWD_CPLX_dummy,4.496374037371104e-05,-3.3722917333229083e-40
IHPDCOATA_REV_g.29655.CDS.593-MONOMER,0.0,-1.940178415736075e-07
IHPDCOATA_FWD_g.29655.CDS.593-MONOMER,0.0005174875659731506,5.251497180779197e-34
IHXDGK_REV_g.29655.CDS.1508-MONOMER_mod_cd2(1)_mod_zn2(1)_mod_mg2(1)_mod_mn2(1)_mod_cobalt2(1),0.0,-2.4245558469521e-05
IHXDGK_FWD_g.29655.CDS.1508-MONOMER_mod_cd2(1)_mod_zn2(1)_mod_mg2(1)_mod_mn2(1)_mod_cobalt2(1),0.0,0.0
ILEabc_REV_g.29655.CDS.685-MONOMER,0.0,2.529590410061756e-07
ILEabc_FWD_g.29655.CDS.685-MONOMER,0.0,-3.903268580949218e-07
ILEabc_REV_g.29655.CDS.410-MONOMER,0.0,2.678036775139933e-07
ILEabc_FWD_g.29655.CDS.410-MONOMER,0.0,-3.754822215871041e-07
ILEabc_REV_g.29655.CDS.88-MONOMER,0.0,2.11061425028153e-07
ILEabc_FWD_g.29655.CDS.88-MONOMER,0.0,-4.322244740729444e-07
ILEabc_REV_g.29655.CDS.554-MONOMER,0.0,2.808368920562612e-07
ILEabc_FWD_g.29655.CDS.554-MONOMER,0.0,-3.6244900704483617e-07
ILEabc_REV_g.29655.CDS.55-MONOMER,0.0,2.429127325086212e-07
ILEabc_FWD_g.29655.CDS.55-MONOMER,0.0,-4.003731665924762e-07
ILEabc_REV_g.29655.CDS.804-MONOMER,0.0,2.3781840203798892e-07
ILEabc_FWD_g.29655.CDS.804-MONOMER,0.0,-4.0546749706310847e-07
ILEt2r_REV_g.29655.CDS.393-MONOMER,0.0,-1.707163361957869e-07
ILEt2r_FWD_g.29655.CDS.393-MONOMER,0.0,-9.198923487163024e-09
ILEt2r_REV_g.29655.CDS.485-MONOMER,0.0,-1.7065846618806036e-07
ILEt2r_FWD_g.29655.CDS.485-MONOMER,0.0,-9.141053479436478e-09
ILEt2r_REV_g.29655.CDS.986-MONOMER,0.0,-1.615174127086239e-07
ILEt2r_FWD_g.29655.CDS.986-MONOMER,0.00223891613817314,2.7269924040319777e-41
IMPC_REV_1122949.3.peg.947-MONOMER,0.0,2.0045949434053764e-40
IMPC_FWD_1122949.3.peg.947-MONOMER,0.0,-6.216103584321627e-08
IMPD_REV_1122949.3.peg.1053-MONOMER,0.0,-2.5329782689860833e-07
IMPD_FWD_1122949.3.peg.1053-MONOMER,0.0,-1.2557920200700978e-39
IPDCOATA_REV_g.29655.CDS.593-MONOMER,0.0,-1.940178415736075e-07
IPDCOATA_FWD_g.29655.CDS.593-MONOMER,0.0,9.121415200975642e-34
IPDDI_REV_g.29655.CDS.1015-MONOMER,0.0001124093509342776,9.603625331198374e-41
IPDDI_FWD_g.29655.CDS.1015-MONOMER,0.0,-1.1084318832202737e-07
IPDGK_REV_g.29655.CDS.1508-MONOMER_mod_cd2(1)_mod_zn2(1)_mod_mg2(1)_mod_mn2(1)_mod_cobalt2(1),0.0,-2.4245558469521e-05
IPDGK_FWD_g.29655.CDS.1508-MONOMER_mod_cd2(1)_mod_zn2(1)_mod_mg2(1)_mod_mn2(1)_mod_cobalt2(1),0.0,0.0
ISETACabc_REV_CPLX_BUTSO3abc-0,0.0,-1.0512749741409204e-07
ISETACabc_FWD_CPLX_BUTSO3abc-0,0.0,-1.307444068778846e-40
ITDCOATA_REV_g.29655.CDS.593-MONOMER,0.0,-5.275329106590472e-34
ITDCOATA_FWD_g.29655.CDS.593-MONOMER,0.0,-1.940178415736075e-07
ITDGK_REV_g.29655.CDS.1508-MONOMER_mod_cd2(1)_mod_zn2(1)_mod_mg2(1)_mod_mn2(1)_mod_cobalt2(1),0.0,-2.4245558469521e-05
ITDGK_FWD_g.29655.CDS.1508-MONOMER_mod_cd2(1)_mod_zn2(1)_mod_mg2(1)_mod_mn2(1)_mod_cobalt2(1),0.0,0.0
IVCOATA_REV_g.29655.CDS.593-MONOMER,0.0,-1.940178415736075e-07
IVCOATA_FWD_g.29655.CDS.593-MONOMER,0.0005174875659731506,-1.405411034928485e-34
IZPN_REV_g.29655.CDS.179-MONOMER,0.0,-1.2142329145299826e-07
IZPN_FWD_g.29655.CDS.179-MONOMER,0.0,-3.9209621785698625e-09
IZPN_REV_g.29655.CDS.156-MONOMER,0.0,-1.1750232927442841e-07
IZPN_FWD_g.29655.CDS.156-MONOMER,0.000230476211198226,1.4786250030582512e-36
KAS14_REV_CPLX_3OAS100-0,0.0,-4.326088310847542e-07
KAS14_FWD_CPLX_3OAS100-0,0.00042756043776161115,6.208985948328389e-34
KAS_HP_REV_CPLX_dummy,0.0,-2.804831547341334e-07
KAS_HP_FWD_CPLX_dummy,0.000427560164830275,4.903670473956872e-34
KDOCT2_REV_g.29655.CDS.1571-MONOMER_mod_mg2(1)_mod_k(1),0.0,-4.130503710030329e-08
KDOCT2_FWD_g.29655.CDS.1571-MONOMER_mod_mg2(1)_mod_k(1),0.0,-2.1110519592582924e-40
Kt3r_REV_g.29655.CDS.963-MONOMER,2.376492927034776e-11,-8.460884983029643e-28
Kt3r_FWD_g.29655.CDS.963-MONOMER,0.0,-7.425570736056413e-08
Kt3r_REV_g.29655.CDS.1487-MONOMER,0.0,-1.3521658818894493e-08
Kt3r_FWD_g.29655.CDS.1487-MONOMER,0.0,-8.777736617945862e-08
Kt3r_REV_g.29655.CDS.498-MONOMER,0.0,-4.581550944065678e-09
Kt3r_FWD_g.29655.CDS.498-MONOMER,0.0,-7.88372583046298e-08
Kt3r_REV_g.29655.CDS.26-MONOMER,0.0,-3.6377446067370875e-08
Kt3r_FWD_g.29655.CDS.26-MONOMER,0.0,-1.10633153427935e-07
Kt3r_REV_g.29655.CDS.1557-MONOMER,0.0,-2.6889562457219432e-08
Kt3r_FWD_g.29655.CDS.1557-MONOMER,0.0,-1.0114526981778356e-07
L2A6ODs_REV_CPLX_dummy,0.0,-5.319548658429506e-08
L2A6ODs_FWD_CPLX_dummy,0.0,-1.8711956207517333e-41
LACLi_REV_g.29655.CDS.1458-MONOMER,0.0,1.614990638040541e-08
LACLi_FWD_g.29655.CDS.1458-MONOMER,0.0,-1.6407083046336575e-07
LARGNAT_REV_1122949.3.peg.154-MONOMER,0.0,-7.142829769408636e-09
LARGNAT_FWD_1122949.3.peg.154-MONOMER,0.0,-7.142829769408636e-09
LARGNAT_REV_1122949.3.peg.236-MONOMER,0.0,-6.101964755395153e-40
LARGNAT_FWD_1122949.3.peg.236-MONOMER,0.0,-9.519432509026734e-31
LARGNAT_REV_1122949.3.peg.1601-MONOMER,0.0,-3.456910845449507e-08
LARGNAT_FWD_1122949.3.peg.1601-MONOMER,0.0,-3.456910845449507e-08
LARGNAT_REV_1122949.3.peg.880-MONOMER,0.0,-2.61503979265589e-08
LARGNAT_FWD_1122949.3.peg.880-MONOMER,0.0,-2.61503979265589e-08
LCYSTCBOXL_REV_g.29655.CDS.1640-MONOMER_mod_pydx5p(1),0.0,-8.297246351024207e-08
LCYSTCBOXL_FWD_g.29655.CDS.1640-MONOMER_mod_pydx5p(1),0.0,0.0
LCYSTabc_REV_CPLX_BUTSO3abc-0,0.0,4.75105878068719e-07
LCYSTabc_FWD_CPLX_BUTSO3abc-0,0.0,-5.80233375482811e-07
LDH_L_REV_g.29655.CDS.272-MONOMER,0.0,-1.027022336742345e-08
LDH_L_FWD_g.29655.CDS.272-MONOMER,0.0,-1.1900600257531652e-07
LDH_L_REV_g.29655.CDS.755-MONOMER,0.6056299443706099,8.079945231021248e-40
LDH_L_FWD_g.29655.CDS.755-MONOMER,0.0,-1.0873577920789307e-07
LEUabc_REV_g.29655.CDS.685-MONOMER,0.0,2.529590410061756e-07
LEUabc_FWD_g.29655.CDS.685-MONOMER,0.0,-3.903268580949218e-07
LEUabc_REV_g.29655.CDS.410-MONOMER,0.0,2.678036775139933e-07
LEUabc_FWD_g.29655.CDS.410-MONOMER,0.0,-3.754822215871041e-07
LEUabc_REV_g.29655.CDS.88-MONOMER,0.0,2.11061425028153e-07
LEUabc_FWD_g.29655.CDS.88-MONOMER,0.0,-4.322244740729444e-07
LEUabc_REV_g.29655.CDS.554-MONOMER,0.0,2.808368920562612e-07
LEUabc_FWD_g.29655.CDS.554-MONOMER,0.0,-3.6244900704483617e-07
LEUabc_REV_g.29655.CDS.55-MONOMER,0.0,2.429127325086212e-07
LEUabc_FWD_g.29655.CDS.55-MONOMER,0.0,-4.003731665924762e-07
LEUabc_REV_g.29655.CDS.804-MONOMER,0.0,2.3781840203798892e-07
LEUabc_FWD_g.29655.CDS.804-MONOMER,0.0,-4.0546749706310847e-07
LEUt2r_REV_g.29655.CDS.393-MONOMER,0.0,-1.707163361957869e-07
LEUt2r_FWD_g.29655.CDS.393-MONOMER,0.0,-9.198923487163024e-09
LEUt2r_REV_g.29655.CDS.485-MONOMER,0.0,-1.7065846618806036e-07
LEUt2r_FWD_g.29655.CDS.485-MONOMER,0.0,-9.141053479436478e-09
LEUt2r_REV_g.29655.CDS.986-MONOMER,0.0,-1.615174127086239e-07
LEUt2r_FWD_g.29655.CDS.986-MONOMER,0.003674839817610349,-1.4863906383386023e-41
LLEUDr_REV_CPLX_dummy,0.0,-5.319548658429506e-08
LLEUDr_FWD_CPLX_dummy,0.0005174875659731506,-6.153565990042375e-40
LPLIPAL1A120_REV_g.29655.CDS.611-MONOMER,0.0,-8.941552068012578e-09
LPLIPAL1A120_FWD_g.29655.CDS.611-MONOMER,0.0,-8.331364439182651e-41
LPLIPAL1A120_REV_g.29655.CDS.315-MONOMER,0.0,-2.5633957395535775e-08
LPLIPAL1A120_FWD_g.29655.CDS.315-MONOMER,0.0,-1.66924053275232e-08
LPLIPAL1A140_REV_g.29655.CDS.611-MONOMER,0.0,-8.941552068012578e-09
LPLIPAL1A140_FWD_g.29655.CDS.611-MONOMER,0.0,4.675203681161174e-40
LPLIPAL1A140_REV_g.29655.CDS.315-MONOMER,0.0,-2.5633957395535775e-08
LPLIPAL1A140_FWD_g.29655.CDS.315-MONOMER,0.0,-1.66924053275232e-08
LPLIPAL1A141_REV_g.29655.CDS.611-MONOMER,0.0,-8.941552068012578e-09
LPLIPAL1A141_FWD_g.29655.CDS.611-MONOMER,0.0,-2.375471678940508e-40
LPLIPAL1A141_REV_g.29655.CDS.315-MONOMER,0.0,-2.5633957395535775e-08
LPLIPAL1A141_FWD_g.29655.CDS.315-MONOMER,0.0,-1.66924053275232e-08
LPLIPAL1A160_REV_g.29655.CDS.611-MONOMER,0.0,-8.941552068012578e-09
LPLIPAL1A160_FWD_g.29655.CDS.611-MONOMER,0.0,4.675203681161174e-40
LPLIPAL1A160_REV_g.29655.CDS.315-MONOMER,0.0,-2.5633957395535775e-08
LPLIPAL1A160_FWD_g.29655.CDS.315-MONOMER,0.0,-1.66924053275232e-08
LPLIPAL1A161_REV_g.29655.CDS.611-MONOMER,0.0,-8.941552068012578e-09
LPLIPAL1A161_FWD_g.29655.CDS.611-MONOMER,0.0,-2.375471678940508e-40
LPLIPAL1A161_REV_g.29655.CDS.315-MONOMER,0.0,-2.5633957395535775e-08
LPLIPAL1A161_FWD_g.29655.CDS.315-MONOMER,0.0,-1.66924053275232e-08
LPLIPAL1A180_REV_g.29655.CDS.611-MONOMER,0.0,-8.941552068012578e-09
LPLIPAL1A180_FWD_g.29655.CDS.611-MONOMER,0.0,-2.375471678940508e-40
LPLIPAL1A180_REV_g.29655.CDS.315-MONOMER,0.0,-2.5633957395535775e-08
LPLIPAL1A180_FWD_g.29655.CDS.315-MONOMER,0.0,-1.66924053275232e-08
LPLIPAL1A181_REV_g.29655.CDS.611-MONOMER,0.0,-8.941552068012578e-09
LPLIPAL1A181_FWD_g.29655.CDS.611-MONOMER,0.0,-2.375471678940508e-40
LPLIPAL1A181_REV_g.29655.CDS.315-MONOMER,0.0,-2.5633957395535775e-08
LPLIPAL1A181_FWD_g.29655.CDS.315-MONOMER,0.0,-1.66924053275232e-08
LPLIPAL1E120_REV_g.29655.CDS.611-MONOMER,0.0,-8.941552068012578e-09
LPLIPAL1E120_FWD_g.29655.CDS.611-MONOMER,0.0,3.5735356561452858e-40
LPLIPAL1E120_REV_g.29655.CDS.315-MONOMER,0.0,-2.5633957395535775e-08
LPLIPAL1E120_FWD_g.29655.CDS.315-MONOMER,0.0,-1.66924053275232e-08
LPLIPAL1E140_REV_g.29655.CDS.611-MONOMER,0.0,-8.941552068012578e-09
LPLIPAL1E140_FWD_g.29655.CDS.611-MONOMER,0.0,4.675203681161174e-40
LPLIPAL1E140_REV_g.29655.CDS.315-MONOMER,0.0,-2.5633957395535775e-08
LPLIPAL1E140_FWD_g.29655.CDS.315-MONOMER,0.0,-1.66924053275232e-08
LPLIPAL1E141_REV_g.29655.CDS.611-MONOMER,0.0,-8.941552068012578e-09
LPLIPAL1E141_FWD_g.29655.CDS.611-MONOMER,0.0,-2.375471678940508e-40
LPLIPAL1E141_REV_g.29655.CDS.315-MONOMER,0.0,-2.5633957395535775e-08
LPLIPAL1E141_FWD_g.29655.CDS.315-MONOMER,0.0,-1.66924053275232e-08
LPLIPAL1E160_REV_g.29655.CDS.611-MONOMER,0.0,-8.941552068012578e-09
LPLIPAL1E160_FWD_g.29655.CDS.611-MONOMER,0.0,4.675203681161174e-40
LPLIPAL1E160_REV_g.29655.CDS.315-MONOMER,0.0,-2.5633957395535775e-08
LPLIPAL1E160_FWD_g.29655.CDS.315-MONOMER,0.0,-1.66924053275232e-08
LPLIPAL1E161_REV_g.29655.CDS.611-MONOMER,0.0,-8.941552068012578e-09
LPLIPAL1E161_FWD_g.29655.CDS.611-MONOMER,0.0,-2.375471678940508e-40
LPLIPAL1E161_REV_g.29655.CDS.315-MONOMER,0.0,-2.5633957395535775e-08
LPLIPAL1E161_FWD_g.29655.CDS.315-MONOMER,0.0,-1.66924053275232e-08
LPLIPAL1E180_REV_g.29655.CDS.611-MONOMER,0.0,-8.941552068012578e-09
LPLIPAL1E180_FWD_g.29655.CDS.611-MONOMER,0.0,4.675203681161174e-40
LPLIPAL1E180_REV_g.29655.CDS.315-MONOMER,0.0,-2.5633957395535775e-08
LPLIPAL1E180_FWD_g.29655.CDS.315-MONOMER,0.0,-1.66924053275232e-08
LPLIPAL1E181_REV_g.29655.CDS.611-MONOMER,0.0,-8.941552068012578e-09
LPLIPAL1E181_FWD_g.29655.CDS.611-MONOMER,0.0,-2.375471678940508e-40
LPLIPAL1E181_REV_g.29655.CDS.315-MONOMER,0.0,-2.5633957395535775e-08
LPLIPAL1E181_FWD_g.29655.CDS.315-MONOMER,0.0,-1.66924053275232e-08
LPLIPAL1G120_REV_g.29655.CDS.611-MONOMER,0.0,-8.941552068012578e-09
LPLIPAL1G120_FWD_g.29655.CDS.611-MONOMER,0.0,3.5735356561452858e-40
LPLIPAL1G120_REV_g.29655.CDS.315-MONOMER,0.0,-2.5633957395535775e-08
LPLIPAL1G120_FWD_g.29655.CDS.315-MONOMER,0.0,-1.66924053275232e-08
LPLIPAL1G140_REV_g.29655.CDS.611-MONOMER,0.0,-8.941552068012578e-09
LPLIPAL1G140_FWD_g.29655.CDS.611-MONOMER,0.0,4.675203681161174e-40
LPLIPAL1G140_REV_g.29655.CDS.315-MONOMER,0.0,-2.5633957395535775e-08
LPLIPAL1G140_FWD_g.29655.CDS.315-MONOMER,0.0,-1.66924053275232e-08
LPLIPAL1G141_REV_g.29655.CDS.611-MONOMER,0.0,-8.941552068012578e-09
LPLIPAL1G141_FWD_g.29655.CDS.611-MONOMER,0.0,-2.375471678940508e-40
LPLIPAL1G141_REV_g.29655.CDS.315-MONOMER,0.0,-2.5633957395535775e-08
LPLIPAL1G141_FWD_g.29655.CDS.315-MONOMER,0.0,-1.66924053275232e-08
LPLIPAL1G160_REV_g.29655.CDS.611-MONOMER,0.0,-8.941552068012578e-09
LPLIPAL1G160_FWD_g.29655.CDS.611-MONOMER,0.0,4.675203681161174e-40
LPLIPAL1G160_REV_g.29655.CDS.315-MONOMER,0.0,-2.5633957395535775e-08
LPLIPAL1G160_FWD_g.29655.CDS.315-MONOMER,0.0,-1.66924053275232e-08
LPLIPAL1G161_REV_g.29655.CDS.611-MONOMER,0.0,-8.941552068012578e-09
LPLIPAL1G161_FWD_g.29655.CDS.611-MONOMER,0.0,-2.375471678940508e-40
LPLIPAL1G161_REV_g.29655.CDS.315-MONOMER,0.0,-2.5633957395535775e-08
LPLIPAL1G161_FWD_g.29655.CDS.315-MONOMER,0.0,-1.66924053275232e-08
LPLIPAL1G180_REV_g.29655.CDS.611-MONOMER,0.0,-8.941552068012578e-09
LPLIPAL1G180_FWD_g.29655.CDS.611-MONOMER,0.0,4.675203681161174e-40
LPLIPAL1G180_REV_g.29655.CDS.315-MONOMER,0.0,-2.5633957395535775e-08
LPLIPAL1G180_FWD_g.29655.CDS.315-MONOMER,0.0,-1.66924053275232e-08
LPLIPAL1G181_REV_g.29655.CDS.611-MONOMER,0.0,-8.941552068012578e-09
LPLIPAL1G181_FWD_g.29655.CDS.611-MONOMER,0.0,-2.375471678940508e-40
LPLIPAL1G181_REV_g.29655.CDS.315-MONOMER,0.0,-2.5633957395535775e-08
LPLIPAL1G181_FWD_g.29655.CDS.315-MONOMER,0.0,-1.66924053275232e-08
LPLIPAL2A120_REV_g.29655.CDS.611-MONOMER,0.0,-8.941552068012578e-09
LPLIPAL2A120_FWD_g.29655.CDS.611-MONOMER,0.0,-6.961092615242096e-40
LPLIPAL2A120_REV_g.29655.CDS.315-MONOMER,0.0,-2.5633957395535775e-08
LPLIPAL2A120_FWD_g.29655.CDS.315-MONOMER,0.0,-1.66924053275232e-08
LPLIPAL2A140_REV_g.29655.CDS.611-MONOMER,0.0,-8.941552068012578e-09
LPLIPAL2A140_FWD_g.29655.CDS.611-MONOMER,0.0,1.9729299925552463e-40
LPLIPAL2A140_REV_g.29655.CDS.315-MONOMER,0.0,-2.5633957395535775e-08
LPLIPAL2A140_FWD_g.29655.CDS.315-MONOMER,0.0,-1.66924053275232e-08
LPLIPAL2A141_REV_g.29655.CDS.611-MONOMER,0.0,-8.941552068012578e-09
LPLIPAL2A141_FWD_g.29655.CDS.611-MONOMER,0.0,-7.556694122428585e-40
LPLIPAL2A141_REV_g.29655.CDS.315-MONOMER,0.0,-2.5633957395535775e-08
LPLIPAL2A141_FWD_g.29655.CDS.315-MONOMER,0.0,-1.66924053275232e-08
LPLIPAL2A160_REV_g.29655.CDS.611-MONOMER,0.0,-8.941552068012578e-09
LPLIPAL2A160_FWD_g.29655.CDS.611-MONOMER,0.0,1.1502554107539079e-39
LPLIPAL2A160_REV_g.29655.CDS.315-MONOMER,0.0,-2.5633957395535775e-08
LPLIPAL2A160_FWD_g.29655.CDS.315-MONOMER,0.0,-1.66924053275232e-08
LPLIPAL2A161_REV_g.29655.CDS.611-MONOMER,0.0,-8.941552068012578e-09
LPLIPAL2A161_FWD_g.29655.CDS.611-MONOMER,0.0,-7.556694122428585e-40
LPLIPAL2A161_REV_g.29655.CDS.315-MONOMER,0.0,-2.5633957395535775e-08
LPLIPAL2A161_FWD_g.29655.CDS.315-MONOMER,0.0,-1.66924053275232e-08
LPLIPAL2A180_REV_g.29655.CDS.611-MONOMER,0.0,-8.941552068012578e-09
LPLIPAL2A180_FWD_g.29655.CDS.611-MONOMER,0.0,-7.556694122428585e-40
LPLIPAL2A180_REV_g.29655.CDS.315-MONOMER,0.0,-2.5633957395535775e-08
LPLIPAL2A180_FWD_g.29655.CDS.315-MONOMER,0.0,-1.66924053275232e-08
LPLIPAL2A181_REV_g.29655.CDS.611-MONOMER,0.0,-8.941552068012578e-09
LPLIPAL2A181_FWD_g.29655.CDS.611-MONOMER,0.0,-7.556694122428585e-40
LPLIPAL2A181_REV_g.29655.CDS.315-MONOMER,0.0,-2.5633957395535775e-08
LPLIPAL2A181_FWD_g.29655.CDS.315-MONOMER,0.0,-1.66924053275232e-08
LPLIPAL2E120_REV_g.29655.CDS.611-MONOMER,0.0,-8.941552068012578e-09
LPLIPAL2E120_FWD_g.29655.CDS.611-MONOMER,0.0,3.5735356561452858e-40
LPLIPAL2E120_REV_g.29655.CDS.315-MONOMER,0.0,-2.5633957395535775e-08
LPLIPAL2E120_FWD_g.29655.CDS.315-MONOMER,0.0,-1.66924053275232e-08
LPLIPAL2E140_REV_g.29655.CDS.611-MONOMER,0.0,-8.941552068012578e-09
LPLIPAL2E140_FWD_g.29655.CDS.611-MONOMER,0.0,4.675203681161174e-40
LPLIPAL2E140_REV_g.29655.CDS.315-MONOMER,0.0,-2.5633957395535775e-08
LPLIPAL2E140_FWD_g.29655.CDS.315-MONOMER,0.0,-1.66924053275232e-08
LPLIPAL2E141_REV_g.29655.CDS.611-MONOMER,0.0,-8.941552068012578e-09
LPLIPAL2E141_FWD_g.29655.CDS.611-MONOMER,0.0,-2.375471678940508e-40
LPLIPAL2E141_REV_g.29655.CDS.315-MONOMER,0.0,-2.5633957395535775e-08
LPLIPAL2E141_FWD_g.29655.CDS.315-MONOMER,0.0,-1.66924053275232e-08
LPLIPAL2E160_REV_g.29655.CDS.611-MONOMER,0.0,-8.941552068012578e-09
LPLIPAL2E160_FWD_g.29655.CDS.611-MONOMER,0.0,4.675203681161174e-40
LPLIPAL2E160_REV_g.29655.CDS.315-MONOMER,0.0,-2.5633957395535775e-08
LPLIPAL2E160_FWD_g.29655.CDS.315-MONOMER,0.0,-1.66924053275232e-08
LPLIPAL2E161_REV_g.29655.CDS.611-MONOMER,0.0,-8.941552068012578e-09
LPLIPAL2E161_FWD_g.29655.CDS.611-MONOMER,0.0,-2.375471678940508e-40
LPLIPAL2E161_REV_g.29655.CDS.315-MONOMER,0.0,-2.5633957395535775e-08
LPLIPAL2E161_FWD_g.29655.CDS.315-MONOMER,0.0,-1.66924053275232e-08
LPLIPAL2E180_REV_g.29655.CDS.611-MONOMER,0.0,-8.941552068012578e-09
LPLIPAL2E180_FWD_g.29655.CDS.611-MONOMER,0.0,4.675203681161174e-40
LPLIPAL2E180_REV_g.29655.CDS.315-MONOMER,0.0,-2.5633957395535775e-08
LPLIPAL2E180_FWD_g.29655.CDS.315-MONOMER,0.0,-1.66924053275232e-08
LPLIPAL2E181_REV_g.29655.CDS.611-MONOMER,0.0,-8.941552068012578e-09
LPLIPAL2E181_FWD_g.29655.CDS.611-MONOMER,0.0,-2.375471678940508e-40
LPLIPAL2E181_REV_g.29655.CDS.315-MONOMER,0.0,-2.5633957395535775e-08
LPLIPAL2E181_FWD_g.29655.CDS.315-MONOMER,0.0,-1.66924053275232e-08
LPLIPAL2G120_REV_g.29655.CDS.611-MONOMER,0.0,-8.941552068012578e-09
LPLIPAL2G120_FWD_g.29655.CDS.611-MONOMER,0.0,3.5735356561452858e-40
LPLIPAL2G120_REV_g.29655.CDS.315-MONOMER,0.0,-2.5633957395535775e-08
LPLIPAL2G120_FWD_g.29655.CDS.315-MONOMER,0.0,-1.66924053275232e-08
LPLIPAL2G140_REV_g.29655.CDS.611-MONOMER,0.0,-8.941552068012578e-09
LPLIPAL2G140_FWD_g.29655.CDS.611-MONOMER,0.0,4.675203681161174e-40
LPLIPAL2G140_REV_g.29655.CDS.315-MONOMER,0.0,-2.5633957395535775e-08
LPLIPAL2G140_FWD_g.29655.CDS.315-MONOMER,0.0,-1.66924053275232e-08
LPLIPAL2G141_REV_g.29655.CDS.611-MONOMER,0.0,-8.941552068012578e-09
LPLIPAL2G141_FWD_g.29655.CDS.611-MONOMER,0.0,-2.375471678940508e-40
LPLIPAL2G141_REV_g.29655.CDS.315-MONOMER,0.0,-2.5633957395535775e-08
LPLIPAL2G141_FWD_g.29655.CDS.315-MONOMER,0.0,-1.66924053275232e-08
LPLIPAL2G160_REV_g.29655.CDS.611-MONOMER,0.0,-8.941552068012578e-09
LPLIPAL2G160_FWD_g.29655.CDS.611-MONOMER,0.0,4.675203681161174e-40
LPLIPAL2G160_REV_g.29655.CDS.315-MONOMER,0.0,-2.5633957395535775e-08
LPLIPAL2G160_FWD_g.29655.CDS.315-MONOMER,0.0,-1.66924053275232e-08
LPLIPAL2G161_REV_g.29655.CDS.611-MONOMER,0.0,-8.941552068012578e-09
LPLIPAL2G161_FWD_g.29655.CDS.611-MONOMER,0.0,-2.375471678940508e-40
LPLIPAL2G161_REV_g.29655.CDS.315-MONOMER,0.0,-2.5633957395535775e-08
LPLIPAL2G161_FWD_g.29655.CDS.315-MONOMER,0.0,-1.66924053275232e-08
LPLIPAL2G180_REV_g.29655.CDS.611-MONOMER,0.0,-8.941552068012578e-09
LPLIPAL2G180_FWD_g.29655.CDS.611-MONOMER,0.0,4.675203681161174e-40
LPLIPAL2G180_REV_g.29655.CDS.315-MONOMER,0.0,-2.5633957395535775e-08
LPLIPAL2G180_FWD_g.29655.CDS.315-MONOMER,0.0,-1.66924053275232e-08
LPLIPAL2G181_REV_g.29655.CDS.611-MONOMER,0.0,-8.941552068012578e-09
LPLIPAL2G181_FWD_g.29655.CDS.611-MONOMER,0.0,-2.375471678940508e-40
LPLIPAL2G181_REV_g.29655.CDS.315-MONOMER,0.0,-2.5633957395535775e-08
LPLIPAL2G181_FWD_g.29655.CDS.315-MONOMER,0.0,-1.66924053275232e-08
LYSDC_REV_g.29655.CDS.1640-MONOMER_mod_pydx5p(1),0.0,-8.297246351024207e-08
LYSDC_FWD_g.29655.CDS.1640-MONOMER_mod_pydx5p(1),0.0,4.155701744447387e-41
LYSt2r_REV_CPLX_dummy,0.0,-5.319548658429506e-08
LYSt2r_FWD_CPLX_dummy,0.0031898862539348673,-4.002689207851223e-42
L_LACD2_REV_g.29655.CDS.272-MONOMER,0.0,-1.1900600257531652e-07
L_LACD2_FWD_g.29655.CDS.272-MONOMER,0.0,-1.027022336742345e-08
L_LACD2_REV_g.29655.CDS.755-MONOMER,0.0,-1.0873577920789307e-07
L_LACD2_FWD_g.29655.CDS.755-MONOMER,0.0,-1.5746795095837949e-40
L_LACD3_REV_g.29655.CDS.272-MONOMER,0.0,-1.1900600257531652e-07
L_LACD3_FWD_g.29655.CDS.272-MONOMER,0.0,-1.027022336742345e-08
L_LACD3_REV_g.29655.CDS.755-MONOMER,0.0,-1.0873577920789307e-07
L_LACD3_FWD_g.29655.CDS.755-MONOMER,0.6056299443706099,-1.2681508861043556e-40
L_LACDr_REV_g.29655.CDS.272-MONOMER,0.0,-1.027022336742345e-08
L_LACDr_FWD_g.29655.CDS.272-MONOMER,0.0,-1.1900600257531652e-07
L_LACDr_REV_g.29655.CDS.755-MONOMER,0.0,-1.0196157026989877e-41
L_LACDr_FWD_g.29655.CDS.755-MONOMER,0.0,-1.0873577920789307e-07
MACCOAT_REV_g.29655.CDS.768-MONOMER,0.0,-3.5468285436072335e-07
MACCOAT_FWD_g.29655.CDS.768-MONOMER,0.0,3.701023354018218e-40
MALCOAPYRCT_REV_g.29655.CDS.1395-MONOMER,0.00963033328760832,-4.475680512203864e-40
MALCOAPYRCT_FWD_g.29655.CDS.1395-MONOMER,0.0,-4.501623635353024e-08
MALTabc_REV_g.29655.CDS.795-MONOMER,0.0,5.124992457782123e-07
MALTabc_FWD_g.29655.CDS.795-MONOMER,0.0,-5.428400077733177e-07
MALTpts_REV_g.29655.CDS.10-MONOMER,0.0,-1.3381976884544603e-07
MALTpts_FWD_g.29655.CDS.10-MONOMER,0.0,0.0
MANpts_REV_g.29655.CDS.10-MONOMER,0.0,-1.3381976884544603e-07
MANpts_FWD_g.29655.CDS.10-MONOMER,0.0,2.549303431373031e-41
MCCCr_REV_g.29655.CDS.999-MONOMER,0.0,-9.240606130014033e-41
MCCCr_FWD_g.29655.CDS.999-MONOMER,0.0,-2.9310365196091823e-07
MCLOR_REV_g.29655.CDS.272-MONOMER,0.0,-1.1900600257531652e-07
MCLOR_FWD_g.29655.CDS.272-MONOMER,0.0,-1.027022336742345e-08
MCLOR_REV_g.29655.CDS.755-MONOMER,0.0,-1.0873577920789307e-07
MCLOR_FWD_g.29655.CDS.755-MONOMER,0.0,-5.5090535666053965e-40
MCOATA_REV_g.29655.CDS.593-MONOMER,0.0,-2.508397050913231e-07
MCOATA_FWD_g.29655.CDS.593-MONOMER,0.00963033328760832,-5.275329106590472e-34
MCPST_REV_g.29655.CDS.160-MONOMER,0.0,-9.859361017144138e-08
MCPST_FWD_g.29655.CDS.160-MONOMER,0.0,4.4838960634656786e-40
MECDPDH2_REV_g.29655.CDS.1208-MONOMER_mod_mn2(1),0.0,-1.451685736336827e-07
MECDPDH2_FWD_g.29655.CDS.1208-MONOMER_mod_mn2(1),0.00012365028602770537,7.883819298826985e-40
MECDPS_REV_g.29655.CDS.1582-MONOMER_mod_mn2(1),0.0,-1.4522172430429892e-07
MECDPS_FWD_g.29655.CDS.1582-MONOMER_mod_mn2(1),0.00012365028602770537,-5.690082522107027e-40
MEPCT_REV_g.29655.CDS.1056-MONOMER_mod_mg2(1),0.0,-2.471597635792978e-07
MEPCT_FWD_g.29655.CDS.1056-MONOMER_mod_mg2(1),0.0,-8.255622448161055e-10
MEPCT_REV_g.29655.CDS.1056-MONOMER_mod_cobalt2(1),0.0,-2.4633420133448167e-07
MEPCT_FWD_g.29655.CDS.1056-MONOMER_mod_cobalt2(1),0.00012365028602770537,4.466530494892599e-41
MEPCT_REV_g.29655.CDS.1056-MONOMER_mod_mn2(1),0.0,-2.464294090798688e-07
MEPCT_FWD_g.29655.CDS.1056-MONOMER_mod_mn2(1),0.0,-9.520774538714663e-11
METALA1c_REV_g.29655.CDS.96-MONOMER,0.0,-5.303102508115118e-08
METALA1c_FWD_g.29655.CDS.96-MONOMER,0.0,-1.301667014071558e-07
METALA1c_REV_g.29655.CDS.1333-MONOMER,0.0,-3.920952873159944e-08
METALA1c_FWD_g.29655.CDS.1333-MONOMER,0.0,-1.1634520505760405e-07
METALA1c_REV_g.29655.CDS.431-MONOMER_mod_fe2(2),0.0,-1.9750105183499396
METALA1c_FWD_g.29655.CDS.431-MONOMER_mod_fe2(2),0.0,-1.9750105954856159
METALA1c_REV_g.29655.CDS.1420-MONOMER,8.133052283327808e-23,-1.044953324213049e-30
METALA1c_FWD_g.29655.CDS.1420-MONOMER,0.0,-7.713567632600461e-08
METALAabc_REV_g.29655.CDS.439-MONOMER,0.0,2.2697732316746044e-07
METALAabc_FWD_g.29655.CDS.439-MONOMER,0.0,-3.0030590925090244e-07
METALAabc_REV_g.29655.CDS.85-MONOMER,0.0,2.3628921280429522e-07
METALAabc_FWD_g.29655.CDS.85-MONOMER,0.0,-2.9099401961406766e-07
METALAabc_REV_g.29655.CDS.497-MONOMER,0.0,2.371530115432579e-07
METALAabc_FWD_g.29655.CDS.497-MONOMER,0.0,-2.9013022087510496e-07
METALAabc_REV_g.29655.CDS.317-MONOMER,0.0,2.1814064112844158e-07
METALAabc_FWD_g.29655.CDS.317-MONOMER,0.0,-3.091425912899213e-07
METALAabc_REV_g.29655.CDS.537-MONOMER,0.0,2.1358899905098973e-07
METALAabc_FWD_g.29655.CDS.537-MONOMER,0.0,-3.136942333673731e-07
METALAabc_REV_g.29655.CDS.103-MONOMER,0.0,2.1999815886607862e-07
METALAabc_FWD_g.29655.CDS.103-MONOMER,0.0,-3.0728507355228424e-07
METALAabc_REV_g.29655.CDS.631-MONOMER,0.0,2.3419665875607513e-07
METALAabc_FWD_g.29655.CDS.631-MONOMER,0.0,-2.9308657366228775e-07
METAT_REV_g.29655.CDS.1281-MONOMER_mod_tl(4)_mod_cd2(1),0.0,-6.754761139631453e-06
METAT_FWD_g.29655.CDS.1281-MONOMER_mod_tl(4)_mod_cd2(1),0.0,-6.486251622309503e-06
METAT_REV_g.29655.CDS.1281-MONOMER_mod_k(4)_mod_cobalt2(1),0.0,-2.6857124611954144e-07
METAT_FWD_g.29655.CDS.1281-MONOMER_mod_k(4)_mod_cobalt2(1),0.0,-6.172879759191521e-11
METAT_REV_g.29655.CDS.1281-MONOMER_mod_nh4(4)_mod_mg2(1),0.0,-2.6970493027981133e-07
METAT_FWD_g.29655.CDS.1281-MONOMER_mod_nh4(4)_mod_mg2(1),0.0,-1.1954129578618465e-09
METAT_REV_g.29655.CDS.1281-MONOMER_mod_cs(4)_mod_cobalt2(1),0.0,-2.70063072392965e-07
METAT_FWD_g.29655.CDS.1281-MONOMER_mod_cs(4)_mod_cobalt2(1),0.0,-1.5535550710154958e-09
METAT_REV_g.29655.CDS.1281-MONOMER_mod_na1(4)_mod_cobalt2(1),0.0,-2.691856376462442e-07
METAT_FWD_g.29655.CDS.1281-MONOMER_mod_na1(4)_mod_cobalt2(1),0.0,-6.76120324294722e-10
METAT_REV_g.29655.CDS.1281-MONOMER_mod_nh4(4)_mod_zn2(1),0.0,-2.6931277864707053e-07
METAT_FWD_g.29655.CDS.1281-MONOMER_mod_nh4(4)_mod_zn2(1),0.0,-8.032613251210237e-10
METAT_REV_g.29655.CDS.1281-MONOMER_mod_tl(4)_mod_ca2(1),0.0,-2.702430612044356e-07
METAT_FWD_g.29655.CDS.1281-MONOMER_mod_tl(4)_mod_ca2(1),0.0,-1.7335438824860745e-09
METAT_REV_g.29655.CDS.1281-MONOMER_mod_tl(4)_mod_cobalt2(1),0.0,-2.70063072392965e-07
METAT_FWD_g.29655.CDS.1281-MONOMER_mod_tl(4)_mod_cobalt2(1),0.0,-1.5535550710154958e-09
METAT_REV_g.29655.CDS.1281-MONOMER_mod_cs(4)_mod_cd2(1),0.0,-6.754761139631453e-06
METAT_FWD_g.29655.CDS.1281-MONOMER_mod_cs(4)_mod_cd2(1),0.0,-6.486251622309503e-06
METAT_REV_g.29655.CDS.1281-MONOMER_mod_cs(4)_mod_zn2(1),0.0,-2.700012605832232e-07
METAT_FWD_g.29655.CDS.1281-MONOMER_mod_cs(4)_mod_zn2(1),0.0,-1.4917432612737044e-09
METAT_REV_g.29655.CDS.1281-MONOMER_mod_nh4(4)_mod_cd2(1),0.0,-6.752082845252513e-06
METAT_FWD_g.29655.CDS.1281-MONOMER_mod_nh4(4)_mod_cd2(1),0.0,-6.483573327930563e-06
METAT_REV_g.29655.CDS.1281-MONOMER_mod_k(4)_mod_zn2(1),0.0,-2.685095173219495e-07
METAT_FWD_g.29655.CDS.1281-MONOMER_mod_k(4)_mod_zn2(1),5.2047794522885477e-05,-4.519773805174643e-40
METAT_REV_g.29655.CDS.1281-MONOMER_mod_k(4)_mod_ni2(1),0.0,-2.685876326223198e-07
METAT_FWD_g.29655.CDS.1281-MONOMER_mod_k(4)_mod_ni2(1),0.0,-7.81153003702994e-11
METAT_REV_g.29655.CDS.1281-MONOMER_mod_na1(4)_mod_ni2(1),0.0,-2.692021857754624e-07
METAT_FWD_g.29655.CDS.1281-MONOMER_mod_na1(4)_mod_ni2(1),0.0,-6.926684535129225e-10
METAT_REV_g.29655.CDS.1281-MONOMER_mod_na1(4)_mod_ca2(1),0.0,-2.693654842439515e-07
METAT_FWD_g.29655.CDS.1281-MONOMER_mod_na1(4)_mod_ca2(1),0.0,-8.559669220019637e-10
METAT_REV_g.29655.CDS.1281-MONOMER_mod_k(4)_mod_mn2(1),0.0,-2.6860933104484005e-07
METAT_FWD_g.29655.CDS.1281-MONOMER_mod_k(4)_mod_mn2(1),0.0,-9.981372289054407e-11
METAT_REV_g.29655.CDS.1281-MONOMER_mod_na1(4)_mod_mg2(1),0.0,-2.6951595956479347e-07
METAT_FWD_g.29655.CDS.1281-MONOMER_mod_na1(4)_mod_mg2(1),0.0,-1.006442242843955e-09
METAT_REV_g.29655.CDS.1281-MONOMER_mod_tl(4)_mod_mg2(1),0.0,-2.7039365552465914e-07
METAT_FWD_g.29655.CDS.1281-MONOMER_mod_tl(4)_mod_mg2(1),0.0,-1.884138202709656e-09
METAT_REV_g.29655.CDS.1281-MONOMER_mod_nh4(4)_mod_ca2(1),0.0,-2.695544293438803e-07
METAT_FWD_g.29655.CDS.1281-MONOMER_mod_nh4(4)_mod_ca2(1),0.0,-1.0449120219307719e-09
METAT_REV_g.29655.CDS.1281-MONOMER_mod_na1(4)_mod_cd2(1),0.0,-6.751348014194368e-06
METAT_FWD_g.29655.CDS.1281-MONOMER_mod_na1(4)_mod_cd2(1),0.0,-6.482838496872418e-06
METAT_REV_g.29655.CDS.1281-MONOMER_mod_k(4)_mod_mg2(1),0.0,-2.68901385224103e-07
METAT_FWD_g.29655.CDS.1281-MONOMER_mod_k(4)_mod_mg2(1),0.0,-3.9186790215345907e-10
METAT_REV_g.29655.CDS.1281-MONOMER_mod_nh4(4)_mod_cobalt2(1),0.0,-2.69374552134096e-07
METAT_FWD_g.29655.CDS.1281-MONOMER_mod_nh4(4)_mod_cobalt2(1),0.0,-8.650348121464685e-10
METAT_REV_g.29655.CDS.1281-MONOMER_mod_cs(4)_mod_ca2(1),0.0,-2.702430612044356e-07
METAT_FWD_g.29655.CDS.1281-MONOMER_mod_cs(4)_mod_ca2(1),0.0,-1.7335438824860745e-09
METAT_REV_g.29655.CDS.1281-MONOMER_mod_cs(4)_mod_mg2(1),0.0,-2.7039365552465914e-07
METAT_FWD_g.29655.CDS.1281-MONOMER_mod_cs(4)_mod_mg2(1),0.0,-1.884138202709656e-09
METAT_REV_g.29655.CDS.1281-MONOMER_mod_cs(4)_mod_mn2(1),0.0,-2.701012085357613e-07
METAT_FWD_g.29655.CDS.1281-MONOMER_mod_cs(4)_mod_mn2(1),0.0,-1.5916912138117921e-09
METAT_REV_g.29655.CDS.1281-MONOMER_mod_nh4(4)_mod_ni2(1),0.0,-2.693911499835728e-07
METAT_FWD_g.29655.CDS.1281-MONOMER_mod_nh4(4)_mod_ni2(1),0.0,-8.816326616232988e-10
METAT_REV_g.29655.CDS.1281-MONOMER_mod_tl(4)_mod_mn2(1),0.0,-2.701012085357613e-07
METAT_FWD_g.29655.CDS.1281-MONOMER_mod_tl(4)_mod_mn2(1),0.0,-1.5916912138117921e-09
METAT_REV_g.29655.CDS.1281-MONOMER_mod_nh4(4)_mod_mn2(1),0.0,-2.6941266463223736e-07
METAT_FWD_g.29655.CDS.1281-MONOMER_mod_nh4(4)_mod_mn2(1),0.0,-9.03147310287834e-10
METAT_REV_g.29655.CDS.1281-MONOMER_mod_na1(4)_mod_mn2(1),0.0,-2.6922374365871306e-07
METAT_FWD_g.29655.CDS.1281-MONOMER_mod_na1(4)_mod_mn2(1),0.0,-7.142263367635378e-10
METAT_REV_g.29655.CDS.1281-MONOMER_mod_na1(4)_mod_zn2(1),0.0,-2.6912387467104834e-07
METAT_FWD_g.29655.CDS.1281-MONOMER_mod_na1(4)_mod_zn2(1),0.0,-6.14357349098818e-10
METAT_REV_g.29655.CDS.1281-MONOMER_mod_cs(4)_mod_ni2(1),0.0,-2.7007985154509496e-07
METAT_FWD_g.29655.CDS.1281-MONOMER_mod_cs(4)_mod_ni2(1),0.0,-1.5703342231454456e-09
METAT_REV_g.29655.CDS.1281-MONOMER_mod_k(4)_mod_cd2(1),0.0,-6.748958286461084e-06
METAT_FWD_g.29655.CDS.1281-MONOMER_mod_k(4)_mod_cd2(1),0.0,-6.480448769139134e-06
METAT_REV_g.29655.CDS.1281-MONOMER_mod_tl(4)_mod_zn2(1),0.0,-2.700012605832232e-07
METAT_FWD_g.29655.CDS.1281-MONOMER_mod_tl(4)_mod_zn2(1),0.0,-1.4917432612737044e-09
METAT_REV_g.29655.CDS.1281-MONOMER_mod_tl(4)_mod_ni2(1),0.0,-2.7007985154509496e-07
METAT_FWD_g.29655.CDS.1281-MONOMER_mod_tl(4)_mod_ni2(1),0.0,-1.5703342231454456e-09
METAT_REV_g.29655.CDS.1281-MONOMER_mod_k(4)_mod_ca2(1),0.0,-2.68750993186781e-07
METAT_FWD_g.29655.CDS.1281-MONOMER_mod_k(4)_mod_ca2(1),0.0,-2.4147586483149365e-10
METDabc_REV_CPLX_METDabc-0,0.0,4.461830744156101e-07
METDabc_FWD_CPLX_METDabc-0,0.0,-6.0915617913592e-07
METSOX1abc_REV_CPLX_METDabc-0,0.0,4.461830744156101e-07
METSOX1abc_FWD_CPLX_METDabc-0,0.0,-6.0915617913592e-07
METSOX2abc_REV_CPLX_METDabc-0,0.0,4.461830744156101e-07
METSOX2abc_FWD_CPLX_METDabc-0,0.0,-6.0915617913592e-07
METabc_REV_CPLX_METDabc-0,0.0,2.943173602525582e-07
METabc_FWD_CPLX_METDabc-0,0.0,-4.5729046497286803e-07
METt2r_REV_CPLX_dummy,0.0,-5.319548658429506e-08
METt2r_FWD_CPLX_dummy,0.0010881085084727524,7.497339691957869e-42
MG2abc_REV_CPLX_dummy,0.0,4.659602616385716e-07
MG2abc_FWD_CPLX_dummy,0.0,-5.191557482228667e-07
MGt5_REV_g.29655.CDS.94-MONOMER,3.01458918975283e-05,0.0
MGt5_FWD_g.29655.CDS.94-MONOMER,0.0,-7.022324369009179e-08
MGt5_REV_g.29655.CDS.438-MONOMER,0.0,-1.1375146925619064e-08
MGt5_FWD_g.29655.CDS.438-MONOMER,0.0,-8.159839061571086e-08
MI1PP_REV_g.29655.CDS.1559-MONOMER_mod_mg2(1),0.0,-7.25830419580365e-08
MI1PP_FWD_g.29655.CDS.1559-MONOMER_mod_mg2(1),0.0,7.907062535538247e-41
MI3PP_REV_g.29655.CDS.1559-MONOMER_mod_mg2(1),0.0,-7.25830419580365e-08
MI3PP_FWD_g.29655.CDS.1559-MONOMER_mod_mg2(1),0.0,7.907062535538247e-41
MI4PP_REV_g.29655.CDS.1559-MONOMER_mod_mg2(1),0.0,-7.25830419580365e-08
MI4PP_FWD_g.29655.CDS.1559-MONOMER_mod_mg2(1),0.0,7.907062535538247e-41
MK8t_REV_CPLX_dummy,4.9415675965499355e-05,3.40220559713329e-42
MK8t_FWD_CPLX_dummy,0.0,-5.319548658429506e-08
MMCD_REV_g.29655.CDS.1529-MONOMER,0.0,2.62611001936431e-08
MMCD_FWD_g.29655.CDS.1529-MONOMER,0.0,-2.240689722155264e-07
MMCOAH_REV_g.29655.CDS.495-MONOMER,0.0,-9.00760580860735e-08
MMCOAH_FWD_g.29655.CDS.495-MONOMER,0.0,-5.443932587920112e-41
MMSAD5_REV_g.29655.CDS.1576-MONOMER,0.0,-7.702479161233129e-08
MMSAD5_FWD_g.29655.CDS.1576-MONOMER,0.0,2.05037291185189e-40
MNLpts_REV_g.29655.CDS.10-MONOMER,0.0,-1.3381976884544603e-07
MNLpts_FWD_g.29655.CDS.10-MONOMER,0.0,2.549303431373031e-41
MNabc_REV_CPLX_MNabc-0,0.0,-1.587532689806386e-07
MNabc_FWD_CPLX_MNabc-0,1.4544012071958546e-11,6.782708456593238e-39
MOHMT_REV_g.29655.CDS.552-MONOMER,0.0,-6.161398051985856e-08
MOHMT_FWD_g.29655.CDS.552-MONOMER,0.0,1.0306535632562961e-35
MOPSabc_REV_CPLX_BUTSO3abc-0,0.0,4.75105878068719e-07
MOPSabc_FWD_CPLX_BUTSO3abc-0,0.0,-5.80233375482811e-07
MSO3abc_REV_CPLX_BUTSO3abc-0,0.0,4.75105878068719e-07
MSO3abc_FWD_CPLX_BUTSO3abc-0,0.0,-5.80233375482811e-07
MTAN_REV_g.29655.CDS.1482-MONOMER,0.0,-6.597660434913968e-08
MTAN_FWD_g.29655.CDS.1482-MONOMER,0.0,1.4419458731698956e-41
MTHFC_REV_g.29655.CDS.213-MONOMER,0.0,-1.7446907573198494e-07
MTHFC_FWD_g.29655.CDS.213-MONOMER,0.00018106053523272666,-1.0631837468241761e-39
MTHFC_REV_g.29655.CDS.263-MONOMER,0.0,-1.9563442708170885e-07
MTHFC_FWD_g.29655.CDS.263-MONOMER,0.0,-2.1165351349723904e-08
MTHFD_REV_g.29655.CDS.263-MONOMER,0.0,-1.2965305982868132e-07
MTHFD_FWD_g.29655.CDS.263-MONOMER,0.0,-8.714671860275143e-08
MTHFD2_REV_CPLX_dummy,4.9415675965499355e-05,-1.0306309504331716e-35
MTHFD2_FWD_CPLX_dummy,0.0,-5.319548658429506e-08
MTHPTGHM_REV_1122949.3.peg.483-MONOMER,0.0,-1.115590880661843e-08
MTHPTGHM_FWD_1122949.3.peg.483-MONOMER,0.0,-8.201202469066892e-42
NACASPAH_REV_g.29655.CDS.1537-MONOMER,0.0,-3.5094952965926934e-08
NACASPAH_FWD_g.29655.CDS.1537-MONOMER,0.0,8.023322635445009e-40
NACt2r_REV_CPLX_dummy,4.9415675965499355e-05,1.7011027985666448e-41
NACt2r_FWD_CPLX_dummy,0.0,-5.319548658429506e-08
NADK_REV_g.29655.CDS.80-MONOMER_mod_mg2(1),0.0,-1.3604196138039541e-07
NADK_FWD_g.29655.CDS.80-MONOMER_mod_mg2(1),2.2748394967600075e-25,-2.9433796552626015e-39
NADK2_REV_g.29655.CDS.80-MONOMER_mod_mg2(1),0.0,-1.0944421808824788e-07
NADK2_FWD_g.29655.CDS.80-MONOMER_mod_mg2(1),0.0,-2.659774329214753e-08
NADN_REV_CPLX_dummy,0.0,1.4856782088041218e-06
NADN_FWD_CPLX_dummy,0.0,-1.5388736953884169e-06
NADS1_REV_1122949.3.peg.348-MONOMER,0.0,-3.2847863835988997e-09
NADS1_FWD_1122949.3.peg.348-MONOMER,0.0,-7.133740441360276e-08
NADS2_REV_CPLX_dummy,0.0,-5.319548658429506e-08
NADS2_FWD_CPLX_dummy,4.9415675965499355e-05,-1.6754627861014734e-39
NAPRT_REV_g.29655.CDS.1276-MONOMER,0.0,-6.751853067840444e-08
NAPRT_FWD_g.29655.CDS.1276-MONOMER,4.9415675965499355e-05,4.194085325822018e-39
NAt3_1_REV_g.29655.CDS.582-MONOMER,0.0,-5.9260550611228865e-09
NAt3_1_FWD_g.29655.CDS.582-MONOMER,0.0,-2.0244698886743037e-07
NAt3_1_REV_CPLX_NAt3_1-1,0.0,-2.301008747712223e-08
NAt3_1_FWD_CPLX_NAt3_1-1,0.0,-2.195310212834297e-07
NAt3_1_REV_CPLX_NAt3_1-2,0.0,-3.0632635784623255e-08
NAt3_1_FWD_CPLX_NAt3_1-2,0.0,-2.2715356959093073e-07
NAt3_1_REV_CPLX_NAt3_1-0,0.17197254048957558,1.617842972631898e-36
NAt3_1_FWD_CPLX_NAt3_1-0,0.0,-1.9652093380630748e-07
NDPK1_REV_CPLX_dummy,0.0,-5.319548658429506e-08
NDPK1_FWD_CPLX_dummy,0.0659242515994992,-1.3345536809569358e-40
NDPK2_REV_CPLX_dummy,0.0,-5.319548658429506e-08
NDPK2_FWD_CPLX_dummy,0.015986806896216236,2.210747057424949e-40
NDPK3_REV_CPLX_dummy,0.0,-5.319548658429506e-08
NDPK3_FWD_CPLX_dummy,0.010666489529967007,5.655399449226614e-41
NDPK4_REV_CPLX_dummy,0.0,-5.319548658429506e-08
NDPK4_FWD_CPLX_dummy,0.0004171001347014423,5.655399449226614e-41
NDPK5_REV_CPLX_dummy,0.0,-5.319548658429506e-08
NDPK5_FWD_CPLX_dummy,0.00018249816430136506,-1.0796671675796262e-40
NDPK6_REV_CPLX_dummy,0.0,-2.659774329214753e-08
NDPK6_FWD_CPLX_dummy,0.0,-2.659774329214753e-08
NDPK7_REV_CPLX_dummy,0.0,-5.319548658429506e-08
NDPK7_FWD_CPLX_dummy,0.00018249816430136506,-1.0796671675796262e-40
NDPK8_REV_CPLX_dummy,0.0,-2.659774329214753e-08
NDPK8_FWD_CPLX_dummy,0.0,-2.659774329214753e-08
NDPK9_REV_CPLX_dummy,0.0,-5.319548658429506e-08
NDPK9_FWD_CPLX_dummy,0.0,9.768417230482333e-41
NH4tb_REV_CPLX_dummy,1.5112849178150587,0.0
NH4tb_FWD_CPLX_dummy,0.0,-5.319548658429506e-08
NMNAT_REV_g.29655.CDS.669-MONOMER_mod_mg2(1),0.0,5.818381735880392e-09
NMNAT_FWD_g.29655.CDS.669-MONOMER_mod_mg2(1),2.2748387701604033e-25,3.742632812659973e-39
NMNPH_REV_g.29655.CDS.1474-MONOMER,0.0,-4.487772638557844e-08
NMNPH_FWD_g.29655.CDS.1474-MONOMER,0.0,-3.0792869889682095e-40
NNAM_REV_g.29655.CDS.1537-MONOMER,0.0,1.9629230266586217e-06
NNAM_FWD_g.29655.CDS.1537-MONOMER,0.0,-1.9980179796245486e-06
NNATr_REV_1122949.3.peg.181-MONOMER,0.0,3.458141850178325e-09
NNATr_FWD_1122949.3.peg.181-MONOMER,4.9415675965499355e-05,1.4156120871054449e-39
NNDMBRT_REV_CPLX_dummy,0.0,-5.319548658429506e-08
NNDMBRT_FWD_CPLX_dummy,0.0,-1.7372411959542255e-40
NNDPR_REV_1122949.3.peg.598-MONOMER,0.0,-8.401262605247984e-08
NNDPR_FWD_1122949.3.peg.598-MONOMER,0.0,-1.6857193195308174e-40
NO3R1_REV_g.29655.CDS.1285-MONOMER,0.0,-5.662686385795484e-08
NO3R1_FWD_g.29655.CDS.1285-MONOMER,0.0,-1.456337773500454e-41
NO3abc_REV_g.29655.CDS.115-MONOMER,0.0,4.5741869781791996e-07
NO3abc_FWD_g.29655.CDS.115-MONOMER,0.0,-5.979205557336101e-07
NOX1_REV_g.29655.CDS.292-MONOMER,0.0,1.215038660792526e-06
NOX1_FWD_g.29655.CDS.292-MONOMER,0.0,-1.288118070567407e-06
NP1_r_REV_g.29655.CDS.1672-MONOMER,0.0,3.608895995069311e-41
NP1_r_FWD_g.29655.CDS.1672-MONOMER,0.0,-2.1548556454168483e-07
NTD1_REV_g.29655.CDS.1667-MONOMER_mod_cobalt2(1),0.0,4.929000279920945e-07
NTD1_FWD_g.29655.CDS.1667-MONOMER_mod_cobalt2(1),0.0,-6.071647076587756e-07
NTD10_REV_CPLX_dummy,0.0,1.3552982349277399e-06
NTD10_FWD_CPLX_dummy,0.0,-1.4084937215120347e-06
NTD11_REV_CPLX_dummy,0.0,1.1398126703860548e-06
NTD11_FWD_CPLX_dummy,0.0,-1.19300815697035e-06
NTD2_REV_CPLX_dummy,0.0,5.151059859629346e-07
NTD2_FWD_CPLX_dummy,0.0,-5.683014725472297e-07
NTD4_REV_CPLX_dummy,0.0,5.151059859629346e-07
NTD4_FWD_CPLX_dummy,0.0,-5.683014725472297e-07
NTD5_REV_CPLX_dummy,0.0,5.234346245332876e-07
NTD5_FWD_CPLX_dummy,0.0,-5.766301111175827e-07
NTD6_REV_CPLX_dummy,0.0,2.410029755055448e-07
NTD6_FWD_CPLX_dummy,0.0,-2.941984620898398e-07
NTD7_REV_CPLX_dummy,0.0,-5.319548658429506e-08
NTD7_FWD_CPLX_dummy,0.005702506201012528,1.827553686914746e-41
NTD8_REV_CPLX_dummy,0.0,5.276696267757651e-07
NTD8_FWD_CPLX_dummy,0.0,-5.8086511336006e-07
NTD9_REV_CPLX_dummy,0.0,1.3552982349277399e-06
NTD9_FWD_CPLX_dummy,0.0,-1.4084937215120347e-06
NTPP7_REV_CPLX_dummy,0.0,1.1026854700704607e-06
NTPP7_FWD_CPLX_dummy,0.0,-1.1558809566547558e-06
NTPTP1_REV_g.29655.CDS.1485-MONOMER_mod_mg2(1),0.0,1.004469479722761e-06
NTPTP1_FWD_g.29655.CDS.1485-MONOMER_mod_mg2(1),0.0,-1.120445064418753e-06
O2t_REV_CPLX_dummy,0.0,-3.9936941485207255e-41
O2t_FWD_CPLX_dummy,0.0,-5.319548658429506e-08
OAACLi_REV_g.29655.CDS.1026-MONOMER,0.0,7.562485000741807e-08
OAACLi_FWD_g.29655.CDS.1026-MONOMER,0.0,-1.9655419653786274e-07
OAADC_REV_g.29655.CDS.1529-MONOMER,0.0,3.752982016877981e-09
OAADC_FWD_g.29655.CDS.1529-MONOMER,0.0,-2.0156085403876127e-07
OIVD1r_REV_CPLX_dummy,0.0,-5.319548658429506e-08
OIVD1r_FWD_CPLX_dummy,0.0005174875659731506,-3.6114234433106784e-40
OIVD2_REV_CPLX_dummy,0.0,4.033858798446235e-06
OIVD2_FWD_CPLX_dummy,0.0,-4.08705428503053e-06
OIVD3_REV_CPLX_dummy,0.0,-5.319548658429506e-08
OIVD3_FWD_CPLX_dummy,0.0005174875659731506,-3.6114234433106784e-40
OMBZLM_REV_CPLX_dummy,0.0,-5.319548658429506e-08
OMBZLM_FWD_CPLX_dummy,0.0,-2.855122334927327e-40
OMMBLHX3_REV_CPLX_dummy,0.0,-5.319548658429506e-08
OMMBLHX3_FWD_CPLX_dummy,0.0,-4.65255452606691e-40
OMPDC_REV_1122949.3.peg.1023-MONOMER,0.0,-9.245620852060829e-08
OMPDC_FWD_1122949.3.peg.1023-MONOMER,0.0,-3.4643048256537986e-40
OMPHHX3_REV_CPLX_dummy,0.0,-5.319548658429506e-08
OMPHHX3_FWD_CPLX_dummy,0.0,7.84101846700787e-40
OOR2r_REV_CPLX_dummy,0.0,-5.319548658429506e-08
OOR2r_FWD_CPLX_dummy,0.0,-9.912493882797639e-40
OPHHX3_REV_CPLX_dummy,0.0,1.2527220126558488e-06
OPHHX3_FWD_CPLX_dummy,0.0,-1.3059174992401437e-06
ORNCD_REV_1122949.3.peg.187-MONOMER,0.0,-1.6248175786256686e-08
ORNCD_FWD_1122949.3.peg.187-MONOMER,0.0,-7.945473289393757e-08
ORNTAC_REV_1122949.3.peg.979-MONOMER,0.0,-2.9426581730824723e-08
ORNTAC_FWD_1122949.3.peg.979-MONOMER,0.0,-1.1666297244621812e-07
ORNTAC_REV_1122949.3.peg.1735-MONOMER,0.0,-7.094149051352445e-39
ORNTAC_FWD_1122949.3.peg.1735-MONOMER,0.0,-8.72363907153934e-08
ORNTAC_REV_1122949.3.peg.1455-MONOMER,0.0,-5.835475273473013e-08
ORNTAC_FWD_1122949.3.peg.1455-MONOMER,0.0,-1.455911434501235e-07
OROTPT_REV_1122949.3.peg.1024-MONOMER,0.0,-7.786505985351372e-08
OROTPT_FWD_1122949.3.peg.1024-MONOMER,0.0,4.098199608245546e-40
P5CRyr_REV_1122949.3.peg.1569-MONOMER,0.0,-2.1147767407727515e-40
P5CRyr_FWD_1122949.3.peg.1569-MONOMER,0.0,-2.131246344381762e-07
PAAI17P_REV_CPLX_dummy,0.0,-5.319548658429506e-08
PAAI17P_FWD_CPLX_dummy,4.496374037371104e-05,1.4803184864009443e-39
PAI17P_REV_CPLX_dummy,0.0,-5.319548658429506e-08
PAI17P_FWD_CPLX_dummy,4.496374037371104e-05,5.446109987005943e-40
PAPA180_REV_CPLX_dummy,0.0,1.2623851118244118e-05
PAPA180_FWD_CPLX_dummy,0.0,-1.2677046604828413e-05
PAPPT2_REV_g.29655.CDS.311-MONOMER,0.0,-1.0723308705750782e-07
PAPPT2_FWD_g.29655.CDS.311-MONOMER,0.0,1.0136967015547656e-39
PAPPT3_REV_g.29655.CDS.311-MONOMER,0.0,-1.0723308705750782e-07
PAPPT3_FWD_g.29655.CDS.311-MONOMER,0.0,1.7227304600193012e-39
PBt_REV_g.29655.CDS.1364-MONOMER,0.0,4.5612394456083994e-07
PBt_FWD_g.29655.CDS.1364-MONOMER,0.0,-5.9921530899069e-07
PBt_REV_g.29655.CDS.872-MONOMER,0.0,4.2325619477146634e-07
PBt_FWD_g.29655.CDS.872-MONOMER,0.0,-6.320830587800637e-07
PBt_REV_g.29655.CDS.298-MONOMER,0.0,4.635446620595382e-07
PBt_FWD_g.29655.CDS.298-MONOMER,0.0,-5.917945914919918e-07
PEPCK_REV_g.29655.CDS.1026-MONOMER,0.0,7.562485000741807e-08
PEPCK_FWD_g.29655.CDS.1026-MONOMER,0.0,-1.9655419653786274e-07
PEPGLY_REV_g.29655.CDS.305-MONOMER,0.0,-7.959413094924893e-08
PEPGLY_FWD_g.29655.CDS.305-MONOMER,1.3735949697279952e-22,-2.1949939253753533e-39
PEPGLY_REV_g.29655.CDS.1235-MONOMER,0.0,-8.503836580161679e-08
PEPGLY_FWD_g.29655.CDS.1235-MONOMER,0.0,-5.444234852367869e-09
PERD_REV_1122949.3.peg.516-MONOMER,0.0,1.058706581504519e-40
PERD_FWD_1122949.3.peg.516-MONOMER,0.0,-9.224293609659018e-08
PETHCT_REV_g.29655.CDS.669-MONOMER_mod_mg2(1),0.0,5.818381735880392e-09
PETHCT_FWD_g.29655.CDS.669-MONOMER_mod_mg2(1),0.0,-5.198977824044532e-41
PFK_REV_1122949.3.peg.427-MONOMER_mod_mg2(1),0.0,-1.3646452796559318e-07
PFK_FWD_1122949.3.peg.427-MONOMER_mod_mg2(1),0.0,-9.55301451811393e-08
PFK_2_REV_g.29655.CDS.683-MONOMER,0.0,-3.9094049732865914e-08
PFK_2_FWD_g.29655.CDS.683-MONOMER,0.0,2.437398658909543e-41
PFK_2_REV_g.29655.CDS.337-MONOMER,0.0,-1.0176371823116431e-07
PFK_2_FWD_g.29655.CDS.337-MONOMER,0.0,-6.26696684982984e-08
PFK_3_REV_g.29655.CDS.337-MONOMER,0.0,-1.644333867294627e-07
PFK_3_FWD_g.29655.CDS.337-MONOMER,0.001531032437511816,-2.6298069645502187e-38
PGAMT_REV_1122949.3.peg.1014-MONOMER,0.0008093473267267987,-3.330747839875219e-41
PGAMT_FWD_1122949.3.peg.1014-MONOMER,0.0,-1.293967909166149e-07
PGCDr_REV_1122949.3.peg.516-MONOMER,0.0,-9.224293609659018e-08
PGCDr_FWD_1122949.3.peg.516-MONOMER,0.0,-1.150768023374477e-40
PGI_REV_CPLX_dummy,0.000946791539483859,-5.925342488078392e-35
PGI_FWD_CPLX_dummy,0.0,-5.319548658429506e-08
PGK_REV_1122949.3.peg.1663-MONOMER,0.000132338229485206,2.217826843772749e-40
PGK_FWD_1122949.3.peg.1663-MONOMER,0.0,-2.406269486096053e-07
PGM_REV_1122949.3.peg.1665-MONOMER_mod_mn2(1),0.000132338229485206,0.0
PGM_FWD_1122949.3.peg.1665-MONOMER_mod_mn2(1),0.0,-7.807766986691884e-08
PGMT_REV_CPLX_dummy,0.001079129768969065,-6.134591309403833e-41
PGMT_FWD_CPLX_dummy,0.0,-5.319548658429506e-08
PGPGT_REV_g.29655.CDS.163-MONOMER,0.0,-1.6251716188828566e-08
PGPGT_FWD_g.29655.CDS.163-MONOMER,4.4360318254119946e-51,3.06086465795587e-38
PGPP120_REV_g.29655.CDS.1351-MONOMER,0.0,-6.019635661956855e-08
PGPP120_FWD_g.29655.CDS.1351-MONOMER,0.0,-6.3314558673996356e-40
PGPP140_REV_g.29655.CDS.1351-MONOMER,0.0,-6.019635661956855e-08
PGPP140_FWD_g.29655.CDS.1351-MONOMER,0.0,1.2737399450886325e-39
PGPP141_REV_g.29655.CDS.1351-MONOMER,0.0,-6.019635661956855e-08
PGPP141_FWD_g.29655.CDS.1351-MONOMER,0.0,1.2737399450886325e-39
PGPP160_REV_g.29655.CDS.1351-MONOMER,0.0,-6.019635661956855e-08
PGPP160_FWD_g.29655.CDS.1351-MONOMER,0.0,1.2737399450886325e-39
PGPP161_REV_g.29655.CDS.1351-MONOMER,0.0,-6.019635661956855e-08
PGPP161_FWD_g.29655.CDS.1351-MONOMER,0.0,1.2737399450886325e-39
PGPP180_REV_g.29655.CDS.1351-MONOMER,0.0,-6.019635661956855e-08
PGPP180_FWD_g.29655.CDS.1351-MONOMER,0.00016033503195964817,-6.3314558673996356e-40
PGPP181_REV_g.29655.CDS.1351-MONOMER,0.0,-6.019635661956855e-08
PGPP181_FWD_g.29655.CDS.1351-MONOMER,6.382647113473665e-23,-6.3314558673996356e-40
PGPPAI15_REV_g.29655.CDS.1351-MONOMER,0.0,-6.019635661956855e-08
PGPPAI15_FWD_g.29655.CDS.1351-MONOMER,0.0,-6.3314558673996356e-40
PGPPAI17_REV_g.29655.CDS.1351-MONOMER,0.0,-6.019635661956855e-08
PGPPAI17_FWD_g.29655.CDS.1351-MONOMER,0.00016033503195964817,-6.3314558673996356e-40
PGPPI14_REV_g.29655.CDS.1351-MONOMER,0.0,1.4003513522415588e-05
PGPPI14_FWD_g.29655.CDS.1351-MONOMER,0.0,-1.4063709879035157e-05
PGPPI15_REV_g.29655.CDS.1351-MONOMER,0.0,-6.019635661956855e-08
PGPPI15_FWD_g.29655.CDS.1351-MONOMER,0.0,3.202971791743345e-40
PGPPI16_REV_g.29655.CDS.1351-MONOMER,0.0,-6.019635661956855e-08
PGPPI16_FWD_g.29655.CDS.1351-MONOMER,0.0,1.2737399450886325e-39
PGPPI17_REV_g.29655.CDS.1351-MONOMER,0.0,-6.019635661956855e-08
PGPPI17_FWD_g.29655.CDS.1351-MONOMER,0.00016033503195964817,-6.3314558673996356e-40
PGSA120_REV_g.29655.CDS.960-MONOMER_mod_mg2(1),0.0,-2.491567324653691e-07
PGSA120_FWD_g.29655.CDS.960-MONOMER_mod_mg2(1),0.0,-8.042353202307229e-40
PGSA140_REV_g.29655.CDS.960-MONOMER_mod_mg2(1),0.0,-2.491567324653691e-07
PGSA140_FWD_g.29655.CDS.960-MONOMER_mod_mg2(1),0.0,-8.042353202307229e-40
PGSA141_REV_g.29655.CDS.960-MONOMER_mod_mg2(1),0.0,-2.491567324653691e-07
PGSA141_FWD_g.29655.CDS.960-MONOMER_mod_mg2(1),0.0,7.09619400203579e-40
PGSA160_REV_g.29655.CDS.960-MONOMER_mod_mg2(1),0.0,-2.491567324653691e-07
PGSA160_FWD_g.29655.CDS.960-MONOMER_mod_mg2(1),0.0,-8.042353202307229e-40
PGSA161_REV_g.29655.CDS.960-MONOMER_mod_mg2(1),0.0,-2.491567324653691e-07
PGSA161_FWD_g.29655.CDS.960-MONOMER_mod_mg2(1),0.0,7.09619400203579e-40
PGSA180_REV_g.29655.CDS.960-MONOMER_mod_mg2(1),0.0,-2.491567324653691e-07
PGSA180_FWD_g.29655.CDS.960-MONOMER_mod_mg2(1),0.00016033503195964817,-8.042353202307229e-40
PGSA181_REV_g.29655.CDS.960-MONOMER_mod_mg2(1),0.0,-2.491567324653691e-07
PGSA181_FWD_g.29655.CDS.960-MONOMER_mod_mg2(1),6.382647113473665e-23,7.09619400203579e-40
PGSAAI15_REV_g.29655.CDS.960-MONOMER_mod_mg2(1),0.0,-2.491567324653691e-07
PGSAAI15_FWD_g.29655.CDS.960-MONOMER_mod_mg2(1),0.0,-8.042353202307229e-40
PGSAAI17_REV_g.29655.CDS.960-MONOMER_mod_mg2(1),0.0,-2.491567324653691e-07
PGSAAI17_FWD_g.29655.CDS.960-MONOMER_mod_mg2(1),0.00016033503195964817,7.09619400203579e-40
PGSAI14_REV_g.29655.CDS.960-MONOMER_mod_mg2(1),0.0,-2.491567324653691e-07
PGSAI14_FWD_g.29655.CDS.960-MONOMER_mod_mg2(1),0.0,7.09619400203579e-40
PGSAI15_REV_g.29655.CDS.960-MONOMER_mod_mg2(1),0.0,-2.491567324653691e-07
PGSAI15_FWD_g.29655.CDS.960-MONOMER_mod_mg2(1),0.0,7.09619400203579e-40
PGSAI16_REV_g.29655.CDS.960-MONOMER_mod_mg2(1),0.0,-2.491567324653691e-07
PGSAI16_FWD_g.29655.CDS.960-MONOMER_mod_mg2(1),0.0,-8.042353202307229e-40
PGSAI17_REV_g.29655.CDS.960-MONOMER_mod_mg2(1),0.0,-2.491567324653691e-07
PGSAI17_FWD_g.29655.CDS.960-MONOMER_mod_mg2(1),0.00016033503195964817,-2.3180900406650248e-39
PHEt2r_REV_CPLX_dummy,0.0,-5.319548658429506e-08
PHEt2r_FWD_CPLX_dummy,0.0016327573984708777,4.7373324650709655e-42
PHPB2i_REV_g.29655.CDS.535-MONOMER,0.0,3.810467040798084e-09
PHPB2i_FWD_g.29655.CDS.535-MONOMER,0.0,-1.3251341648375634e-07
PIabc_REV_CPLX_PIabc-0,0.0,5.848378248616682e-07
PIabc_FWD_CPLX_PIabc-0,0.0,-8.363530264538611e-07
PIt7ir_REV_g.29655.CDS.1683-MONOMER,0.0,2.038975457053505e-07
PIt7ir_FWD_g.29655.CDS.1683-MONOMER,0.0,-3.2399907586515254e-07
PMTCOATA_REV_g.29655.CDS.593-MONOMER,0.0,-1.8224182926580004e-07
PMTCOATA_FWD_g.29655.CDS.593-MONOMER,0.0,-6.859799814645633e-08
PNP_REV_g.29655.CDS.1672-MONOMER,0.0,-2.1548556454168483e-07
PNP_FWD_g.29655.CDS.1672-MONOMER,0.0,-1.0826687985207932e-40
PNTK_REV_1122949.3.peg.1281-MONOMER,0.0,-9.427770049026791e-08
PNTK_FWD_1122949.3.peg.1281-MONOMER,0.0,-8.096168208794989e-09
PNTK_REV_1122949.3.peg.1443-MONOMER,0.0,-8.618153228147293e-08
PNTK_FWD_1122949.3.peg.1443-MONOMER,4.941659106432384e-05,-5.529306393686352e-41
PNTOabc_REV_CPLX_dummy,0.0,-5.319548658429506e-08
PNTOabc_FWD_CPLX_dummy,4.941659106432384e-05,1.352389728316912e-40
POR4_REV_g.29655.CDS.193-MONOMER_mod_thmpp(1),0.975323336318007,-3.709243641444366e-40
POR4_FWD_g.29655.CDS.193-MONOMER_mod_thmpp(1),0.0,-1.3697111985964034e-07
PPA_REV_CPLX_dummy,0.0,-5.319548658429506e-08
PPA_FWD_CPLX_dummy,0.07553174275044305,-6.461378024999467e-41
PPA2_REV_CPLX_dummy,0.0,5.808172225886315e-07
PPA2_FWD_CPLX_dummy,0.0,-6.340127091729266e-07
PPAKr_REV_g.29655.CDS.1678-MONOMER,0.0,0.0
PPAKr_FWD_g.29655.CDS.1678-MONOMER,0.0,-1.1493560119481566e-07
PPAt2_REV_CPLX_dummy,0.0,-5.319548658429506e-08
PPAt2_FWD_CPLX_dummy,0.0,3.40220559713329e-42
PPCDC_REV_1122949.3.peg.1081-MONOMER_mod_fmn(1),0.0,-3.7449275346832673e-07
PPCDC_FWD_1122949.3.peg.1081-MONOMER_mod_fmn(1),4.941659106432384e-05,-4.347060621743527e-40
PPCDC_REV_1122949.3.peg.1081-MONOMER_mod_mg2(1),0.0,-3.762881586664258e-07
PPCDC_FWD_1122949.3.peg.1081-MONOMER_mod_mg2(1),0.0,-1.795405198099059e-09
PPM_REV_CPLX_dummy,0.0,-5.319548658429506e-08
PPM_FWD_CPLX_dummy,0.005171711215432072,-1.0428461595196996e-41
PPNCL3_REV_1122949.3.peg.1081-MONOMER_mod_fmn(1),0.0,-2.4737308153080683e-07
PPNCL3_FWD_1122949.3.peg.1081-MONOMER_mod_fmn(1),0.0,-1.271196719375199e-07
PPNCL3_REV_1122949.3.peg.1081-MONOMER_mod_mg2(1),0.0,-2.491684867289059e-07
PPNCL3_FWD_1122949.3.peg.1081-MONOMER_mod_mg2(1),0.0,-1.2891507713561895e-07
PPNDH_REV_g.29655.CDS.79-MONOMER,0.0,3.1296983382560477e-07
PPNDH_FWD_g.29655.CDS.79-MONOMER,0.0,-4.7442099016413744e-07
PPNDH_REV_g.29655.CDS.678-MONOMER,0.0,3.1818619579559357e-07
PPNDH_FWD_g.29655.CDS.678-MONOMER,0.0,-4.6920462819414863e-07
PPS_REV_g.29655.CDS.542-MONOMER_mod_mg2(1),0.0,4.7179795725928814e-07
PPS_FWD_g.29655.CDS.542-MONOMER_mod_mg2(1),0.0,-6.759680691879866e-07
PPTT_REV_g.29655.CDS.942-MONOMER,0.0,-1.3053672004017116e-07
PPTT_FWD_g.29655.CDS.942-MONOMER,0.0,-1.956331261872304e-39
PRAGS_REV_1122949.3.peg.948-MONOMER_mod_mg2(1),0.0,-8.296598890462661e-08
PRAGS_FWD_1122949.3.peg.948-MONOMER_mod_mg2(1),1.0938149478564387e-26,-2.4765163072168436e-39
PRAIS_REV_1122949.3.peg.945-MONOMER_mod_k(1)_mod_mg2(1),0.0,-2.7777165185576304e-07
PRAIS_FWD_1122949.3.peg.945-MONOMER_mod_k(1)_mod_mg2(1),0.0,-7.679670207285671e-41
PRASCSi_REV_1122949.3.peg.942-MONOMER,0.0,-9.153276781565665e-08
PRASCSi_FWD_1122949.3.peg.942-MONOMER,0.0,5.287739112109906e-40
PRFGS_REV_1122949.3.peg.528-MONOMER_mod_mg2(1),0.0,-1.091194620162051e-07
PRFGS_FWD_1122949.3.peg.528-MONOMER_mod_mg2(1),0.0,-2.240430360580517e-39
PRO1x_REV_g.29655.CDS.1040-MONOMER,0.0,9.448883644386429e-08
PRO1x_FWD_g.29655.CDS.1040-MONOMER,0.0,-2.1433762580453687e-07
PROt2r_REV_CPLX_dummy,0.0,-5.319548658429506e-08
PROt2r_FWD_CPLX_dummy,0.0007928835005068832,-1.7485480911615347e-41
PRPPS_REV_g.29655.CDS.1439-MONOMER_mod_mn2(1)_mod_pi(1),0.0,-2.1563324443353218e-07
PRPPS_FWD_g.29655.CDS.1439-MONOMER_mod_mn2(1)_mod_pi(1),0.00024095425984836205,-1.736175378795156e-39
PRPPS_REV_g.29655.CDS.1439-MONOMER_mod_mg2(1)_mod_pi(1),0.0,-2.1661446612764507e-07
PRPPS_FWD_g.29655.CDS.1439-MONOMER_mod_mg2(1)_mod_pi(1),0.0,-9.812216941128871e-10
PSCVT_REV_1122949.3.peg.140-MONOMER,0.0,-1.0028184379064386e-07
PSCVT_FWD_1122949.3.peg.140-MONOMER,0.0,-7.529104898978072e-41
PSD120_REV_CPLX_dummy,0.0,-5.319548658429506e-08
PSD120_FWD_CPLX_dummy,0.0,-1.645269603227237e-39
PSD140_REV_CPLX_dummy,0.0,-5.319548658429506e-08
PSD140_FWD_CPLX_dummy,0.0,-3.3722917333229083e-40
PSD160_REV_CPLX_dummy,0.0,-5.319548658429506e-08
PSD160_FWD_CPLX_dummy,0.0,-1.645269603227237e-39
PSD180_REV_CPLX_dummy,0.0,-5.319548658429506e-08
PSD180_FWD_CPLX_dummy,5.344501065321606e-05,2.2788516864576015e-39
PSD181_REV_CPLX_dummy,0.0,-5.319548658429506e-08
PSD181_FWD_CPLX_dummy,0.0,-1.0219065858554268e-41
PSDAI17_REV_CPLX_dummy,0.0,-5.319548658429506e-08
PSDAI17_FWD_CPLX_dummy,5.344501065321606e-05,-3.3722917333229083e-40
PSDI17_REV_CPLX_dummy,0.0,-5.319548658429506e-08
PSDI17_FWD_CPLX_dummy,5.344501065321606e-05,-1.645269603227237e-39
PSERT_REV_CPLX_dummy,0.0,-5.319548658429506e-08
PSERT_FWD_CPLX_dummy,0.0,-3.4369112428382777e-40
PSP_L_REV_1122949.3.peg.110-MONOMER,0.0,4.493377994544872e-07
PSP_L_FWD_1122949.3.peg.110-MONOMER,0.0,-4.1054421192030167e-07
PSSA120_REV_CPLX_dummy,0.0,-5.319548658429506e-08
PSSA120_FWD_CPLX_dummy,0.0,3.061905224882386e-30
PSSA140_REV_CPLX_dummy,0.0,-5.319548658429506e-08
PSSA140_FWD_CPLX_dummy,0.0,3.946693647567235e-33
PSSA160_REV_CPLX_dummy,0.0,-5.319548658429506e-08
PSSA160_FWD_CPLX_dummy,0.0,3.833346608693824e-33
PSSA180_REV_CPLX_dummy,0.0,-5.319548658429506e-08
PSSA180_FWD_CPLX_dummy,5.344501065321606e-05,1.4712331077840175e-38
PSSA181_REV_CPLX_dummy,0.0,1.3483885163203812e-05
PSSA181_FWD_CPLX_dummy,0.0,-1.3537080649788107e-05
PSSAAI17_REV_CPLX_dummy,0.0,-5.319548658429506e-08
PSSAAI17_FWD_CPLX_dummy,5.344501065321606e-05,1.6911716926948415e-33
PSSAI17_REV_CPLX_dummy,0.0,-5.319548658429506e-08
PSSAI17_FWD_CPLX_dummy,5.344501065321606e-05,1.0838863531561199e-40
PTA2_REV_g.29655.CDS.697-MONOMER,0.0,-1.6120198625972954e-07
PTA2_FWD_g.29655.CDS.697-MONOMER,0.0,9.221383897188818e-41
PTAr_REV_g.29655.CDS.697-MONOMER,0.0,-1.6120198625972954e-07
PTAr_FWD_g.29655.CDS.697-MONOMER,0.9644560952545381,-5.928032505335669e-40
PTPAT_REV_1122949.3.peg.1098-MONOMER,0.0,-8.691378016535447e-08
PTPAT_FWD_1122949.3.peg.1098-MONOMER,4.9415675965499355e-05,1.0284575380613018e-39
PTRCabc_REV_CPLX_PTRCabc-0,0.0,-8.644124996657992e-08
PTRCabc_FWD_CPLX_PTRCabc-0,4.9415675965499355e-05,9.119607320806362e-41
PUNP1_REV_g.29655.CDS.1672-MONOMER,0.0,-2.1548556454168483e-07
PUNP1_FWD_g.29655.CDS.1672-MONOMER,0.005705138319569914,3.608895995069311e-41
PUNP2_REV_g.29655.CDS.1672-MONOMER,0.0,-1.8915826276742054e-07
PUNP2_FWD_g.29655.CDS.1672-MONOMER,0.0,-2.6327301774264302e-08
PUNP3_REV_g.29655.CDS.1672-MONOMER,0.0,-2.1548556454168483e-07
PUNP3_FWD_g.29655.CDS.1672-MONOMER,0.0,3.608895995069311e-41
PUNP4_REV_g.29655.CDS.1672-MONOMER,0.0,-6.389029189651617e-08
PUNP4_FWD_g.29655.CDS.1672-MONOMER,0.0,-1.5159527264516867e-07
PUNP5_REV_g.29655.CDS.1672-MONOMER,0.0,-6.014826658448851e-41
PUNP5_FWD_g.29655.CDS.1672-MONOMER,0.0,-2.1548556454168483e-07
PUNP6_REV_g.29655.CDS.1672-MONOMER,0.0,8.420757321828391e-41
PUNP6_FWD_g.29655.CDS.1672-MONOMER,0.0,-2.1548556454168483e-07
PUNP7_REV_g.29655.CDS.1672-MONOMER,0.0,-2.1548556454168483e-07
PUNP7_FWD_g.29655.CDS.1672-MONOMER,0.0,2.7668202628864714e-40
PYDAMK_REV_g.29655.CDS.1406-MONOMER,0.0,-1.1345680612799386e-07
PYDAMK_FWD_g.29655.CDS.1406-MONOMER,0.0,1.5052071794912209e-41
PYDAMabc_REV_CPLX_dummy,0.0,-5.319548658429506e-08
PYDAMabc_FWD_CPLX_dummy,0.0,1.827553686914746e-41
PYDXK_REV_g.29655.CDS.1406-MONOMER,0.0,-1.1345680612799386e-07
PYDXK_FWD_g.29655.CDS.1406-MONOMER,4.9415675965499355e-05,3.0684095777917583e-40
PYDXNK_REV_g.29655.CDS.1406-MONOMER,0.0,-1.1345680612799386e-07
PYDXNK_FWD_g.29655.CDS.1406-MONOMER,0.0,1.5052071794912209e-41
PYDXNabc_REV_CPLX_dummy,0.0,-5.319548658429506e-08
PYDXNabc_FWD_CPLX_dummy,0.0,1.827553686914746e-41
PYDXabc_REV_CPLX_dummy,0.0,-5.319548658429506e-08
PYDXabc_FWD_CPLX_dummy,4.9415675965499355e-05,-4.020618111212441e-41
PYK_REV_g.29655.CDS.464-MONOMER_mod_mg2(1)_mod_k(1),0.0,-1.2116335608924154e-07
PYK_FWD_g.29655.CDS.464-MONOMER_mod_mg2(1)_mod_k(1),0.0,-1.0749363218389505e-07
PYK_REV_g.29655.CDS.464-MONOMER_mod_mn2(1)_mod_k(1),0.0,-1.2094592383938947e-07
PYK_FWD_g.29655.CDS.464-MONOMER_mod_mn2(1)_mod_k(1),0.0,-1.0727619993404297e-07
PYNP1r_REV_g.29655.CDS.588-MONOMER,0.0,-1.7727807614019062e-07
PYNP1r_FWD_g.29655.CDS.588-MONOMER,0.0005334271041378419,-6.938266656697786e-41
PYNP2r_REV_g.29655.CDS.588-MONOMER,0.0,0.0
PYNP2r_FWD_g.29655.CDS.588-MONOMER,0.0,-1.7727807614019062e-07
PYRCT_REV_g.29655.CDS.1395-MONOMER,1.3352670334332261e-35,2.1472918064330677e-40
PYRCT_FWD_g.29655.CDS.1395-MONOMER,0.0,-4.501623635353024e-08
Q8abc_REV_CPLX_dummy,0.0,-5.319548658429506e-08
Q8abc_FWD_CPLX_dummy,0.0,-4.020618111212441e-41
QULNS_REV_1122949.3.peg.596-MONOMER_mod_4fe4s(1),0.0,-14617.50493180003
QULNS_FWD_1122949.3.peg.596-MONOMER_mod_4fe4s(1),0.0,0.0
RB5PE_REV_CPLX_dummy,0.0,-2.7348036119326083e-42
RB5PE_FWD_CPLX_dummy,0.0,-5.319548658429506e-08
RBFK_REV_1122949.3.peg.1120-MONOMER,0.0,-4.535517014004645e-08
RBFK_FWD_1122949.3.peg.1120-MONOMER,4.9415676133204973e-05,5.445085689295831e-40
RBFSa_REV_1122949.3.peg.1397-MONOMER,0.0,-4.529717283476053e-07
RBFSa_FWD_1122949.3.peg.1397-MONOMER,0.0,-2.0338811075621887e-39
RBFSb_REV_1122949.3.peg.1399-MONOMER,0.0,-8.591520787563083e-08
RBFSb_FWD_1122949.3.peg.1399-MONOMER,0.0,1.161490038135896e-39
RE1834C_REV_g.29655.CDS.648-MONOMER,0.0,-2.1649220333285443e-08
RE1834C_FWD_g.29655.CDS.648-MONOMER,0.0,-9.135994852569906e-40
RHC_REV_CPLX_dummy,0.0,8.855747054281622e-07
RHC_FWD_CPLX_dummy,0.0,-9.387701920124573e-07
RHCCE_REV_CPLX_dummy,0.0,2.5290312582372874e-07
RHCCE_FWD_CPLX_dummy,0.0,-3.0609861240802383e-07
RIBABCte_REV_g.29655.CDS.659-MONOMER,0.0,-1.5680841907304187e-07
RIBABCte_FWD_g.29655.CDS.659-MONOMER,0.0,8.296045273158475e-41
RIBFLVt2r_REV_g.29655.CDS.891-MONOMER,0.0,-1.2509530992208666e-07
RIBFLVt2r_FWD_g.29655.CDS.891-MONOMER,9.883135209870432e-05,-1.0227605116127649e-41
RIBabc_REV_g.29655.CDS.659-MONOMER,0.0,1.0553392535515301e-06
RIBabc_FWD_g.29655.CDS.659-MONOMER,0.0,-1.212147672624572e-06
RNTR1_REV_g.29655.CDS.453-MONOMER,0.0,-7.175553609916703e-08
RNTR1_FWD_g.29655.CDS.453-MONOMER,0.0004171001347014423,-2.0946090523137388e-41
RNTR2_REV_g.29655.CDS.453-MONOMER,0.0,8.450582241667292e-07
RNTR2_FWD_g.29655.CDS.453-MONOMER,0.0,-9.168137602658962e-07
RNTR3_REV_g.29655.CDS.453-MONOMER,0.0,3.2651576641376615e-07
RNTR3_FWD_g.29655.CDS.453-MONOMER,0.0,-3.982713025129332e-07
RNTR4_REV_g.29655.CDS.453-MONOMER,0.0,4.258493000119676e-07
RNTR4_FWD_g.29655.CDS.453-MONOMER,0.0,-4.976048361111346e-07
RPE_REV_g.29655.CDS.1702-MONOMER,0.0,-9.222248004881821e-08
RPE_FWD_g.29655.CDS.1702-MONOMER,0.0032871713037224736,-1.9805488602121965e-41
RPI_REV_CPLX_dummy,0.0,-5.319548658429506e-08
RPI_FWD_CPLX_dummy,0.0032871713037224736,1.290864143087487e-41
RZ5PP_REV_CPLX_dummy,0.0,-5.319548658429506e-08
RZ5PP_FWD_CPLX_dummy,-8.778451322889989e-33,3.2347700258391e-39
SALCpts_REV_g.29655.CDS.10-MONOMER,0.0,-1.3381976884544603e-07
SALCpts_FWD_g.29655.CDS.10-MONOMER,0.0,-2.549303431373031e-41
SBTPD_REV_g.29655.CDS.643-MONOMER,4.213716147970312e-23,-3.0017437809535875e-40
SBTPD_FWD_g.29655.CDS.643-MONOMER,0.0,-1.3219413221420402e-07
SBTpts_REV_g.29655.CDS.10-MONOMER,0.0,2.4063667443918228e-08
SBTpts_FWD_g.29655.CDS.10-MONOMER,0.0,-1.5788343628936425e-07
SEAHCYSHYD_REV_g.29655.CDS.198-MONOMER,0.0,-8.560841021856655e-08
SEAHCYSHYD_FWD_g.29655.CDS.198-MONOMER,0.0,6.791342111420255e-41
SERATi_REV_1122949.3.peg.400-MONOMER,0.0,-1.772065694859348e-07
SERATi_FWD_1122949.3.peg.400-MONOMER,0.0,-5.626560115592245e-41
SERt2r_REV_CPLX_dummy,0.0,-5.319548658429506e-08
SERt2r_FWD_CPLX_dummy,0.9673585403527851,8.556997524916736e-42
SGAT_REV_CPLX_G3PAT120-0,0.0,-1.8240605367355208e-07
SGAT_FWD_CPLX_G3PAT120-0,0.0,8.127638542437255e-40
SHEMEabc_REV_CPLX_dummy,0.0,-5.319548658429506e-08
SHEMEabc_FWD_CPLX_dummy,4.9415675965499355e-05,1.827553686914746e-41
SHK3Dr_REV_g.29655.CDS.1367-MONOMER,0.0,7.82618044477244e-40
SHK3Dr_FWD_g.29655.CDS.1367-MONOMER,0.0,-1.1866729630817777e-07
SHKK_REV_1122949.3.peg.138-MONOMER,0.0,1.0308700485316608e-08
SHKK_FWD_1122949.3.peg.138-MONOMER,0.0,4.615768004581578e-40
SO4t2_REV_CPLX_dummy,0.0,-1.0206616791399869e-41
SO4t2_FWD_CPLX_dummy,0.0,-5.319548658429506e-08
SPMDabc_REV_CPLX_PTRCabc-0,0.0,-8.644124996657992e-08
SPMDabc_FWD_CPLX_PTRCabc-0,4.9415675965499355e-05,9.119607320806362e-41
SPODM_REV_g.29655.CDS.60-MONOMER_mod_mn2(1),0.0,-1.8626876322197883e-07
SPODM_FWD_g.29655.CDS.60-MONOMER_mod_mn2(1),5.188323284633715e-23,-1.7505222990175776e-41
STCOATA_REV_g.29655.CDS.593-MONOMER,0.0,-1.8224184818626903e-07
STCOATA_FWD_g.29655.CDS.593-MONOMER,0.0,-6.859799814645633e-08
SUCCITRDSs_REV_CPLX_dummy,0.0,-5.319548658429506e-08
SUCCITRDSs_FWD_CPLX_dummy,0.0,6.682841502684762e-41
SUCCt2r_REV_CPLX_dummy,0.6056299443706099,-1.0206616791399869e-41
SUCCt2r_FWD_CPLX_dummy,0.0,-5.319548658429506e-08
SUCD1_REV_CPLX_dummy,0.0,-1.1925837113891585e-08
SUCD1_FWD_CPLX_dummy,0.0,-4.1269649470403475e-08
SUCD4_REV_CPLX_dummy,0.0,-1.4671906178255943e-08
SUCD4_FWD_CPLX_dummy,0.0,-3.852358040603911e-08
SUCORNTC_REV_CPLX_dummy,0.0,-5.319548658429506e-08
SUCORNTC_FWD_CPLX_dummy,0.0,-2.1565133505594e-40
SUCpts_REV_g.29655.CDS.10-MONOMER,0.0,-1.3381976884544603e-07
SUCpts_FWD_g.29655.CDS.10-MONOMER,0.0,-2.549303431373031e-41
SUDPDGT_REV_CPLX_dummy,0.0,-5.319548658429506e-08
SUDPDGT_FWD_CPLX_dummy,4.496374037371104e-05,-1.0219065858554268e-41
SUDPMGT_REV_CPLX_dummy,0.0,-5.319548658429506e-08
SUDPMGT_FWD_CPLX_dummy,4.496374037371104e-05,-3.3722917333229083e-40
SULFACabc_REV_CPLX_BUTSO3abc-0,0.0,4.75105878068719e-07
SULFACabc_FWD_CPLX_BUTSO3abc-0,0.0,-5.80233375482811e-07
TALA_REV_1122949.3.peg.1065-MONOMER,0.0,-1.2349900394500882e-07
TALA_FWD_1122949.3.peg.1065-MONOMER,0.00011255321434942087,1.0088538304068917e-34
TAURabc_REV_CPLX_BUTSO3abc-0,0.0,5.322898738923548e-07
TAURabc_FWD_CPLX_BUTSO3abc-0,0.0,-6.374173713064468e-07
TAURabc_REV_g.29655.CDS.115-MONOMER,0.0,5.146026936415557e-07
TAURabc_FWD_g.29655.CDS.115-MONOMER,0.0,-6.551045515572459e-07
TDCOATA_REV_g.29655.CDS.593-MONOMER,0.0,-1.822418154201075e-07
TDCOATA_FWD_g.29655.CDS.593-MONOMER,0.0,-6.859799814645633e-08
TDG3PACT_REV_CPLX_G3PAT120-0,0.0,8.127638542437255e-40
TDG3PACT_FWD_CPLX_G3PAT120-0,0.0,-1.8240605367355208e-07
TECA1S180_REV_CPLX_dummy,0.0,-5.319548658429506e-08
TECA1S180_FWD_CPLX_dummy,4.496374037371104e-05,8.861149938479476e-39
TECA1SAI17_REV_CPLX_dummy,0.0,-5.319548658429506e-08
TECA1SAI17_FWD_CPLX_dummy,4.496374037371104e-05,9.261653890501146e-39
TECA1SI17_REV_CPLX_dummy,0.0,-5.319548658429506e-08
TECA1SI17_FWD_CPLX_dummy,4.496374037371104e-05,1.2065181554652844e-38
TECA2S140_REV_g.29655.CDS.163-MONOMER,0.0,-1.6251716188828566e-08
TECA2S140_FWD_g.29655.CDS.163-MONOMER,0.0,2.5133736346241204e-40
TECA2S160_REV_g.29655.CDS.163-MONOMER,0.0,2.5133736346241204e-40
TECA2S160_FWD_g.29655.CDS.163-MONOMER,0.0,-1.6251716188828566e-08
TECA2S180_REV_g.29655.CDS.163-MONOMER,0.0,-1.6251716188828566e-08
TECA2S180_FWD_g.29655.CDS.163-MONOMER,1.124093509342776e-05,2.5133736346241204e-40
TECA2SAI15_REV_g.29655.CDS.163-MONOMER,0.0,2.5133736346241204e-40
TECA2SAI15_FWD_g.29655.CDS.163-MONOMER,0.0,-1.6251716188828566e-08
TECA2SAI17_REV_g.29655.CDS.163-MONOMER,0.0,-1.6251716188828566e-08
TECA2SAI17_FWD_g.29655.CDS.163-MONOMER,1.124093509342776e-05,2.5133736346241204e-40
TECA2SI14_REV_g.29655.CDS.163-MONOMER,0.0,2.5133736346241204e-40
TECA2SI14_FWD_g.29655.CDS.163-MONOMER,0.0,-1.6251716188828566e-08
TECA2SI15_REV_g.29655.CDS.163-MONOMER,0.0,2.5133736346241204e-40
TECA2SI15_FWD_g.29655.CDS.163-MONOMER,0.0,-1.6251716188828566e-08
TECA2SI16_REV_g.29655.CDS.163-MONOMER,0.0,2.5133736346241204e-40
TECA2SI16_FWD_g.29655.CDS.163-MONOMER,0.0,-1.6251716188828566e-08
TECA2SI17_REV_g.29655.CDS.163-MONOMER,0.0,-1.6251716188828566e-08
TECA2SI17_FWD_g.29655.CDS.163-MONOMER,1.124093509342776e-05,-9.992223240935993e-39
TECA3S180_REV_CPLX_dummy,0.0,-5.319548658429506e-08
TECA3S180_FWD_CPLX_dummy,1.124093509342776e-05,3.273910342694409e-42
TECA3SAI17_REV_CPLX_dummy,0.0,-5.319548658429506e-08
TECA3SAI17_FWD_CPLX_dummy,1.124093509342776e-05,5.0320001967213067e-39
TECA3SI17_REV_CPLX_dummy,0.0,-5.319548658429506e-08
TECA3SI17_FWD_CPLX_dummy,1.124093509342776e-05,-3.34921028057638e-39
TECA4S_REV_CPLX_dummy,1.2305659226095298e-50,1.5435667681550014e-39
TECA4S_FWD_CPLX_dummy,0.0,-5.319548658429506e-08
TECA5S140_REV_g.29655.CDS.747-MONOMER_mod_mg2(1),0.0,-1.1343001367395479e-07
TECA5S140_FWD_g.29655.CDS.747-MONOMER_mod_mg2(1),0.0,2.823833524315966e-39
TECA5S160_REV_g.29655.CDS.747-MONOMER_mod_mg2(1),0.0,-1.1343001367395479e-07
TECA5S160_FWD_g.29655.CDS.747-MONOMER_mod_mg2(1),0.0,8.024562892840336e-39
TECA5S180_REV_g.29655.CDS.747-MONOMER_mod_mg2(1),0.0,-1.1343001367395479e-07
TECA5S180_FWD_g.29655.CDS.747-MONOMER_mod_mg2(1),1.124093509342776e-05,-2.3768958442084033e-39
TECA5SAI15_REV_g.29655.CDS.747-MONOMER_mod_mg2(1),0.0,-1.1343001367395479e-07
TECA5SAI15_FWD_g.29655.CDS.747-MONOMER_mod_mg2(1),0.0,8.024562892840336e-39
TECA5SAI17_REV_g.29655.CDS.747-MONOMER_mod_mg2(1),0.0,-1.1343001367395479e-07
TECA5SAI17_FWD_g.29655.CDS.747-MONOMER_mod_mg2(1),1.124093509342776e-05,-2.3768958442084033e-39
TECA5SI14_REV_g.29655.CDS.747-MONOMER_mod_mg2(1),0.0,-1.1343001367395479e-07
TECA5SI14_FWD_g.29655.CDS.747-MONOMER_mod_mg2(1),0.0,8.024562892840336e-39
TECA5SI15_REV_g.29655.CDS.747-MONOMER_mod_mg2(1),0.0,-1.1343001367395479e-07
TECA5SI15_FWD_g.29655.CDS.747-MONOMER_mod_mg2(1),0.0,8.024562892840336e-39
TECA5SI16_REV_g.29655.CDS.747-MONOMER_mod_mg2(1),0.0,-1.1343001367395479e-07
TECA5SI16_FWD_g.29655.CDS.747-MONOMER_mod_mg2(1),0.0,8.024562892840336e-39
TECA5SI17_REV_g.29655.CDS.747-MONOMER_mod_mg2(1),0.0,-1.1343001367395479e-07
TECA5SI17_FWD_g.29655.CDS.747-MONOMER_mod_mg2(1),1.124093509342776e-05,-1.797908394978151e-38
TECAAE_REV_CPLX_dummy,0.0,-6.587791533729799e-39
TECAAE_FWD_CPLX_dummy,0.0,-5.319548658429506e-08
TECAGE_REV_CPLX_dummy,0.0,-1.6721862683461827e-38
TECAGE_FWD_CPLX_dummy,0.0,-5.319548658429506e-08
TECAUE_REV_CPLX_dummy,0.0,4.8604876865320834e-39
TECAUE_FWD_CPLX_dummy,0.0,-5.319548658429506e-08
THMDt2r_REV_CPLX_dummy,0.0,-5.319548658429506e-08
THMDt2r_FWD_CPLX_dummy,0.0004171001347014423,1.7011027985666448e-41
THMt3_REV_CPLX_dummy,0.0,-5.319548658429506e-08
THMt3_FWD_CPLX_dummy,4.942514441074858e-05,-1.0206616791399869e-41
THRAr_REV_1122949.3.peg.705-MONOMER,0.0,-3.6494740117652685e-08
THRAr_FWD_1122949.3.peg.705-MONOMER,3.4668304602219237e-23,3.5278967043019116e-36
THRPD_REV_g.29655.CDS.1128-MONOMER_mod_pydx5p(1),0.0,4.215029138857199e-10
THRPD_FWD_g.29655.CDS.1128-MONOMER_mod_pydx5p(1),0.0,-4.558748605346343e-40
THRS_REV_1122949.3.peg.1464-MONOMER_mod_pydx5p(1),0.0,7.40067565622483e-07
THRS_FWD_1122949.3.peg.1464-MONOMER_mod_pydx5p(1),0.0,-7.932481490242577e-07
THRt2r_REV_CPLX_dummy,0.0,-5.319548658429506e-08
THRt2r_FWD_CPLX_dummy,0.0010777368612320648,5.5297364409612146e-42
THZPSN_REV_g.29655.CDS.440-MONOMER_mod_pydx5p(2),0.0,1.764062317945052e-06
THZPSN_FWD_g.29655.CDS.440-MONOMER_mod_pydx5p(2),0.0,-1.892874206936541e-06
THZPSN_REV_g.29655.CDS.604-MONOMER,0.0,1.7668956225358154e-06
THZPSN_FWD_g.29655.CDS.604-MONOMER,0.0,-1.8900409023457775e-06
TKT1_REV_1122949.3.peg.20-MONOMER,0.0,-1.0829102205835994e-07
TKT1_FWD_1122949.3.peg.20-MONOMER,0.0016435856518612368,5.091754619814517e-41
TKT2_REV_1122949.3.peg.20-MONOMER,0.0,-1.0829102205835994e-07
TKT2_FWD_1122949.3.peg.20-MONOMER,0.0016435856518612368,1.956068681416684e-40
TMDK1_REV_g.29655.CDS.831-MONOMER_mod_mg2(1),0.0,-4.472548209934016e-08
TMDK1_FWD_g.29655.CDS.831-MONOMER_mod_mg2(1),0.0004171001347014423,-1.9816516014126567e-41
TMDK2_REV_CPLX_dummy,0.0,-2.236274104967008e-08
TMDK2_FWD_CPLX_dummy,0.0,-3.083274553462498e-08
TMDPK_REV_g.29655.CDS.1383-MONOMER,0.0,-4.488223913809909e-08
TMDPK_FWD_g.29655.CDS.1383-MONOMER,4.942514441074858e-05,9.526866808438999e-40
TMPK_REV_g.29655.CDS.777-MONOMER,0.0,-1.302716944048065e-07
TMPK_FWD_g.29655.CDS.777-MONOMER,0.0,1.3094156595406788e-40
TPI_REV_1122949.3.peg.1664-MONOMER,0.0029186295738601415,-4.593502359120779e-35
TPI_FWD_1122949.3.peg.1664-MONOMER,0.0,-8.023916051057597e-08
TRDRr_REV_g.29655.CDS.1613-MONOMER,0.0,-1.8707500577230324e-07
TRDRr_FWD_g.29655.CDS.1613-MONOMER,0.0,-5.629866302029053e-08
TRDRr_REV_g.29655.CDS.594-MONOMER,0.0,-1.3077634275201271e-07
TRDRr_FWD_g.29655.CDS.594-MONOMER,0.0004171001347014423,-4.8880094700499525e-40
TREpts_REV_g.29655.CDS.10-MONOMER,0.0,-1.3381976884544603e-07
TREpts_FWD_g.29655.CDS.10-MONOMER,0.0,-2.549303431373031e-41
TRPt2r_REV_g.29655.CDS.432-MONOMER,0.0,-1.5219115946430766e-07
TRPt2r_FWD_g.29655.CDS.432-MONOMER,0.00025418078800240157,0.0
TSULST_REV_g.29655.CDS.440-MONOMER_mod_pydx5p(2),0.0,-2.83330459076337e-09
TSULST_FWD_g.29655.CDS.440-MONOMER_mod_pydx5p(2),0.0,-1.259785844007256e-07
TSULST_REV_g.29655.CDS.604-MONOMER,0.0,-1.2057936885625468e-40
TSULST_FWD_g.29655.CDS.604-MONOMER,0.0,-1.2314527980996222e-07
TYRTA_REV_g.29655.CDS.601-MONOMER,0.0,-2.5893030864308818e-08
TYRTA_FWD_g.29655.CDS.601-MONOMER,0.0,-2.5893030864308818e-08
TYRTA_REV_g.29655.CDS.34-MONOMER,526.5153543327649,-4.4071976723942173e-41
TYRTA_FWD_g.29655.CDS.34-MONOMER,526.5153543327649,-9.519432498703787e-31
TYRTA_REV_g.29655.CDS.626-MONOMER,0.0,-8.195501220099497e-09
TYRTA_FWD_g.29655.CDS.626-MONOMER,0.0,-8.195501220099497e-09
TYRTA_REV_g.29655.CDS.1746-MONOMER,0.0,-3.4309683495237105e-08
TYRTA_FWD_g.29655.CDS.1746-MONOMER,0.0,-3.4309683495237105e-08
TYRt2r_REV_CPLX_dummy,0.0,-5.319548658429506e-08
TYRt2r_FWD_CPLX_dummy,0.0013717139355861065,-5.358029142428774e-42
UAAGDS_REV_g.29655.CDS.1060-MONOMER,0.0,-1.3075103587174897e-07
UAAGDS_FWD_g.29655.CDS.1060-MONOMER,0.0,1.5852661857142133e-39
UACMAMAT_REV_g.29655.CDS.387-MONOMER,0.0,2.5191920590254685e-40
UACMAMAT_FWD_g.29655.CDS.387-MONOMER,0.0,-6.406011314902637e-08
UAG2E_REV_g.29655.CDS.209-MONOMER_mod_nad(1),0.0,3.4111411791413906e-40
UAG2E_FWD_g.29655.CDS.209-MONOMER_mod_nad(1),0.0,-2.0462031292083845e-08
UAG2EMA_REV_g.29655.CDS.209-MONOMER_mod_nad(1),0.0,-1.3814917016117251e-40
UAG2EMA_FWD_g.29655.CDS.209-MONOMER_mod_nad(1),0.0,-2.0462031292083845e-08
UAG4E_REV_CPLX_dummy,0.0,-5.319548658429506e-08
UAG4E_FWD_CPLX_dummy,-3.6916977678285894e-49,4.622070234570042e-40
UAGCVT_r_REV_g.29655.CDS.784-MONOMER,0.0,-1.6813790740791863e-07
UAGCVT_r_FWD_g.29655.CDS.784-MONOMER,0.0,2.225669024830557e-39
UAGDP_REV_1122949.3.peg.1650-MONOMER_mod_mg2(1),0.0,-1.65072866864799e-07
UAGDP_FWD_1122949.3.peg.1650-MONOMER_mod_mg2(1),0.0008093473267267987,-2.4427029723225896e-40
UAGPT2_REV_g.29655.CDS.395-MONOMER,0.0,-1.7411851119624467e-07
UAGPT2_FWD_g.29655.CDS.395-MONOMER,0.0,-1.3243729543135758e-40
UAGPT3_REV_g.29655.CDS.395-MONOMER,0.0,-1.7411851119624467e-07
UAGPT3_FWD_g.29655.CDS.395-MONOMER,0.0,3.257957467611396e-39
UAMAGS_REV_g.29655.CDS.922-MONOMER_mod_k(1)_mod_mg2(1),0.0,-1.5694075875344052e-07
UAMAGS_FWD_g.29655.CDS.922-MONOMER_mod_k(1)_mod_mg2(1),0.0,-3.327330023961127e-40
UAMAS_REV_g.29655.CDS.829-MONOMER_mod_mg2(1),0.0,-4.152021301671171e-08
UAMAS_FWD_g.29655.CDS.829-MONOMER_mod_mg2(1),0.0,-1.512386177559276e-38
UAPGR_REV_g.29655.CDS.1347-MONOMER_mod_fad(1),0.0,-3.8476650060803825e-08
UAPGR_FWD_g.29655.CDS.1347-MONOMER_mod_fad(1),0.0,7.256240447749473e-40
UDCPDP_REV_g.29655.CDS.466-MONOMER,0.0,-6.925628993527076e-08
UDCPDP_FWD_g.29655.CDS.466-MONOMER,0.0,-9.319622339679612e-39
UDCPDPS_REV_CPLX_dummy,0.0,-5.319548658429506e-08
UDCPDPS_FWD_CPLX_dummy,1.124093509342776e-05,5.585753848392511e-39
UGMDDS_REV_g.29655.CDS.254-MONOMER,0.0,-6.91766312027051e-08
UGMDDS_FWD_g.29655.CDS.254-MONOMER,0.0,-3.1382427653333546e-39
UMPK_REV_1122949.3.peg.1106-MONOMER,0.0,-1.3669471647571538e-07
UMPK_FWD_1122949.3.peg.1106-MONOMER,0.014098329800520374,1.3995955372578861e-39
UPPRT_REV_CPLX_dummy,0.0,5.987893762304654e-07
UPPRT_FWD_CPLX_dummy,0.0,-6.519848628147604e-07
URAt2r_REV_g.29655.CDS.1289-MONOMER,0.0,-1.1495202050190817e-07
URAt2r_FWD_g.29655.CDS.1289-MONOMER,0.0,-9.731196907610661e-08
URCN_REV_g.29655.CDS.98-MONOMER,0.0,-8.99224433480117e-08
URCN_FWD_g.29655.CDS.98-MONOMER,0.000230476211198226,-6.130953793046773e-41
URIDK3_REV_g.29655.CDS.1418-MONOMER_mod_mg2(1),0.0,-2.8262046332268126e-08
URIDK3_FWD_g.29655.CDS.1418-MONOMER_mod_mg2(1),0.0,-1.412179083667131e-08
URIDK3_REV_g.29655.CDS.941-MONOMER,0.0,-1.4140255495596815e-08
URIDK3_FWD_g.29655.CDS.941-MONOMER,4.803311456517812e-22,-3.6654866794707155e-41
URIDK3_REV_g.29655.CDS.1376-MONOMER,0.0,-2.104951788032086e-07
URIDK3_FWD_g.29655.CDS.1376-MONOMER,0.0,-1.9635492330761177e-07
URIK1_REV_g.29655.CDS.906-MONOMER_mod_mg2(1),0.0,-2.806820495863429e-08
URIK1_FWD_g.29655.CDS.906-MONOMER_mod_mg2(1),0.0002746631995038589,-5.66073636927058e-39
URIK10_REV_g.29655.CDS.906-MONOMER_mod_mg2(1),0.0,-1.4704616664867591e-09
URIK10_FWD_g.29655.CDS.906-MONOMER_mod_mg2(1),0.0,-2.659774329214753e-08
URIK11_REV_g.29655.CDS.906-MONOMER_mod_mg2(1),0.0,-2.806820495863429e-08
URIK11_FWD_g.29655.CDS.906-MONOMER_mod_mg2(1),0.0,-5.175282714325476e-39
URIK12_REV_g.29655.CDS.906-MONOMER_mod_mg2(1),0.0,-2.806820495863429e-08
URIK12_FWD_g.29655.CDS.906-MONOMER_mod_mg2(1),0.0,-5.360217440018849e-39
URIK13_REV_g.29655.CDS.906-MONOMER_mod_mg2(1),0.0,-1.4704616664867591e-09
URIK13_FWD_g.29655.CDS.906-MONOMER_mod_mg2(1),0.0,-2.659774329214753e-08
URIK14_REV_g.29655.CDS.906-MONOMER_mod_mg2(1),0.0,-1.4704616664867591e-09
URIK14_FWD_g.29655.CDS.906-MONOMER_mod_mg2(1),0.0,-2.659774329214753e-08
URIK2_REV_g.29655.CDS.906-MONOMER_mod_mg2(1),0.0,-1.4704616664867591e-09
URIK2_FWD_g.29655.CDS.906-MONOMER_mod_mg2(1),0.0,-2.659774329214753e-08
URIK3_REV_g.29655.CDS.906-MONOMER_mod_mg2(1),0.0,-1.4704616664867591e-09
URIK3_FWD_g.29655.CDS.906-MONOMER_mod_mg2(1),0.0,-2.659774329214753e-08
URIK4_REV_g.29655.CDS.906-MONOMER_mod_mg2(1),0.0,-1.4704616664867591e-09
URIK4_FWD_g.29655.CDS.906-MONOMER_mod_mg2(1),0.0,-2.659774329214753e-08
URIK5_REV_g.29655.CDS.906-MONOMER_mod_mg2(1),0.0,-1.4704616664867591e-09
URIK5_FWD_g.29655.CDS.906-MONOMER_mod_mg2(1),0.0,-2.659774329214753e-08
URIK6_REV_g.29655.CDS.906-MONOMER_mod_mg2(1),0.0,-2.806820495863429e-08
URIK6_FWD_g.29655.CDS.906-MONOMER_mod_mg2(1),0.0,-6.67787736058413e-39
URIK7_REV_g.29655.CDS.906-MONOMER_mod_mg2(1),0.0,-2.806820495863429e-08
URIK7_FWD_g.29655.CDS.906-MONOMER_mod_mg2(1),0.0,-6.67787736058413e-39
URIK8_REV_g.29655.CDS.906-MONOMER_mod_mg2(1),0.0,-1.4704616664867591e-09
URIK8_FWD_g.29655.CDS.906-MONOMER_mod_mg2(1),0.0,-2.659774329214753e-08
URIK9_REV_g.29655.CDS.906-MONOMER_mod_mg2(1),0.0,-1.4704616664867591e-09
URIK9_FWD_g.29655.CDS.906-MONOMER_mod_mg2(1),0.0,-2.659774329214753e-08
UTPATPT_REV_1122949.3.peg.1301-MONOMER_mod_mg2(1),0.0,-5.215930569825076e-08
UTPATPT_FWD_1122949.3.peg.1301-MONOMER_mod_mg2(1),0.0,-2.659774329214753e-08
VALabc_REV_g.29655.CDS.685-MONOMER,0.0,2.529590410061756e-07
VALabc_FWD_g.29655.CDS.685-MONOMER,0.0,-3.903268580949218e-07
VALabc_REV_g.29655.CDS.410-MONOMER,0.0,2.678036775139933e-07
VALabc_FWD_g.29655.CDS.410-MONOMER,0.0,-3.754822215871041e-07
VALabc_REV_g.29655.CDS.88-MONOMER,0.0,2.11061425028153e-07
VALabc_FWD_g.29655.CDS.88-MONOMER,0.0,-4.322244740729444e-07
VALabc_REV_g.29655.CDS.554-MONOMER,0.0,2.808368920562612e-07
VALabc_FWD_g.29655.CDS.554-MONOMER,0.0,-3.6244900704483617e-07
VALabc_REV_g.29655.CDS.55-MONOMER,0.0,2.429127325086212e-07
VALabc_FWD_g.29655.CDS.55-MONOMER,0.0,-4.003731665924762e-07
VALabc_REV_g.29655.CDS.804-MONOMER,0.0,2.3781840203798892e-07
VALabc_FWD_g.29655.CDS.804-MONOMER,0.0,-4.0546749706310847e-07
VALt2r_REV_g.29655.CDS.393-MONOMER,0.0,-1.707163361957869e-07
VALt2r_FWD_g.29655.CDS.393-MONOMER,0.0,-9.198923487163024e-09
VALt2r_REV_g.29655.CDS.485-MONOMER,0.0,-1.7065846618806036e-07
VALt2r_FWD_g.29655.CDS.485-MONOMER,0.0,-9.141053479436478e-09
VALt2r_REV_g.29655.CDS.986-MONOMER,0.0,-1.615174127086239e-07
VALt2r_FWD_g.29655.CDS.986-MONOMER,0.0016880435927757115,0.0
XPPTr_REV_g.29655.CDS.1413-MONOMER,0.0,-1.1423376383179201e-08
XPPTr_FWD_g.29655.CDS.1413-MONOMER,0.0,-4.8269994585688296e-08
XPPTr_REV_g.29655.CDS.1131-MONOMER,0.0,-6.714314626596661e-41
XPPTr_FWD_g.29655.CDS.1131-MONOMER,0.0,-3.6846618202509097e-08
XPPTr_REV_g.29655.CDS.437-MONOMER,0.0,-2.488146594803438e-08
XPPTr_FWD_g.29655.CDS.437-MONOMER,0.0,-6.172808415054348e-08
YUMPS_REV_CPLX_YUMPS-2,0.0,-4.429898093434891e-08
YUMPS_FWD_CPLX_YUMPS-2,0.0,-2.8090787730923694e-08
YUMPS_REV_CPLX_YUMPS-1,0.0,-1.620819320342521e-08
YUMPS_FWD_CPLX_YUMPS-1,0.0,3.9423741469792156e-41
YUMPS_REV_CPLX_YUMPS-0,0.0,-1.9733385890928225e-08
YUMPS_FWD_CPLX_YUMPS-0,0.0,-3.5251926875030173e-09
ZNabc_REV_CPLX_ZNabc-3,0.0,-1.0100879201334957e-07
ZNabc_FWD_CPLX_ZNabc-3,6.907382611322028e-08,2.741973541209667e-39
ZNabc_REV_CPLX_ZNabc-1,0.0,-1.0392585397528464e-07
ZNabc_FWD_CPLX_ZNabc-1,0.0,-2.917061961935066e-09
ZNabc_REV_CPLX_ZNabc-2,0.0,-1.0106342925223746e-07
ZNabc_FWD_CPLX_ZNabc-2,0.0,-5.463723888788626e-11
ZNabc_REV_CPLX_ZNabc-0,0.0,-1.1843324641267659e-07
ZNabc_FWD_CPLX_ZNabc-0,0.0,-1.7424454399327016e-08
dreplication_REV_CPLX_dreplication-5,0.0,-1.1576021475973227e-07
dreplication_FWD_CPLX_dreplication-5,0.0,-5.383661805029723e-09
dreplication_REV_CPLX_dreplication-2,0.0,-1.1037655295470255e-07
dreplication_FWD_CPLX_dreplication-2,2.4525588087773927e-21,7.359618337577383e-42
dreplication_REV_CPLX_dreplication-8,0.0,-1.1351569171971427e-07
dreplication_FWD_CPLX_dreplication-8,0.0,-3.1391387650117283e-09
dreplication_REV_CPLX_dreplication-3,0.0,-1.1278588409672845e-07
dreplication_FWD_CPLX_dreplication-3,0.0,-2.4093311420259098e-09
dreplication_REV_CPLX_dreplication-6,0.0,-1.1049485913371849e-07
dreplication_FWD_CPLX_dreplication-6,0.0,-1.1830617901593884e-10
dreplication_REV_CPLX_dreplication-4,0.0,-1.132919505759075e-07
dreplication_FWD_CPLX_dreplication-4,0.0,-2.9153976212049654e-09
dreplication_REV_CPLX_dreplication-1,0.0,-1.1564163896613533e-07
dreplication_FWD_CPLX_dreplication-1,0.0,-5.26508601143278e-09
dreplication_REV_CPLX_dreplication-10,0.0,-1.1070890837662892e-07
dreplication_FWD_CPLX_dreplication-10,0.0,-3.3235542192638174e-10
dreplication_REV_CPLX_dreplication-7,0.0,-1.1290075207483962e-07
dreplication_FWD_CPLX_dreplication-7,0.0,-2.524199120137074e-09
dreplication_REV_CPLX_dreplication-9,0.0,-1.1597833459902025e-07
dreplication_FWD_CPLX_dreplication-9,0.0,-5.601781644317699e-09
dreplication_REV_CPLX_dreplication-0,0.0,-1.1316958658496305e-07
dreplication_FWD_CPLX_dreplication-0,0.0,-2.7930336302605016e-09
dreplication_REV_CPLX_dreplication-11,0.0,-1.1310975669776631e-07
dreplication_FWD_CPLX_dreplication-11,0.0,-2.7332037430637696e-09
pbiosynthesis_REV_CPLX_pbiosynthesis-2,0.0,-2.834565543918322e-07
pbiosynthesis_FWD_CPLX_pbiosynthesis-2,0.0,-2.375947939066657e-41
pbiosynthesis_REV_CPLX_pbiosynthesis-1,0.0,-2.8363056035179774e-07
pbiosynthesis_FWD_CPLX_pbiosynthesis-1,0.0,-1.7400595996556504e-10
pbiosynthesis_REV_CPLX_pbiosynthesis-0,0.0,-2.9119265164108576e-07
pbiosynthesis_FWD_CPLX_pbiosynthesis-0,0.0,-7.73609724925355e-09
pbiosynthesis_REV_CPLX_pbiosynthesis-3,0.0,-2.8377096830733185e-07
pbiosynthesis_FWD_CPLX_pbiosynthesis-3,0.0,-3.144139154996227e-10
r0060_REV_CPLX_r0060-0,0.0,-1.788280502647454e-07
r0060_FWD_CPLX_r0060-0,0.9656843150869412,7.74122314400658e-39
r0345_REV_g.29655.CDS.1247-MONOMER,1.63130778005411e-36,-2.117606171119465e-41
r0345_FWD_g.29655.CDS.1247-MONOMER,0.0,-8.073362921962973e-08
r0456_REV_CPLX_dummy,0.0,-5.319548658429506e-08
r0456_FWD_CPLX_dummy,0.00018249816430136506,3.06571975756628e-41
r0671_REV_g.29655.CDS.1026-MONOMER,0.0,-1.209293465304447e-07
r0671_FWD_g.29655.CDS.1026-MONOMER,4.941659106432384e-05,9.828805969665973e-39
r0792_REV_CPLX_dummy,4.9415675965499355e-05,5.531008877142481e-41
r0792_FWD_CPLX_dummy,0.0,-5.319548658429506e-08
r1144_REV_CPLX_dummy,0.0,-5.319548658429506e-08
r1144_FWD_CPLX_dummy,0.18,-8.37196328383683e-41
r1667_REV_g.29655.CDS.1186-MONOMER,0.0,-8.399455992090963e-08
r1667_FWD_g.29655.CDS.1186-MONOMER,0.0,-9.400563044429546e-08
r2137_REV_CPLX_dummy,0.0,-3.40220559713329e-42
r2137_FWD_CPLX_dummy,0.0,-5.319548658429506e-08
rtranscription_REV_CPLX_rtranscription-0,0.0,-1.236661171809594e-07
rtranscription_FWD_CPLX_rtranscription-0,0.0,0.0
sink_PGPm1[c]_REV_CPLX_dummy,0.0,0.0
sink_PGPm1[c]_FWD_CPLX_dummy,0.0,-5.319548658429506e-08
dummy_reaction_REV_SPONT,0.0,1.0
dummy_reaction_FWD_SPONT,1.1091601770062254e-06,-3.617921677471668e-32
GAM,0.006223871930362527,-2.1770065791887736e-05
ATPM,1.0,-5.276696267757651e-07
DNA_replication,0.0011991965980056147,0.3545997244340865
formation_ribosome,1.7547457049240837e-07,3.7865323450608567e-29
formation_RNAP_g29655CDS1343MONOMER,6.906543230780215e-08,-2.2166552512478903e-31
formation_RNA_degradosome,1.4419271714734468e-12,0.0
formation_rRNA_containing_excision_machinery,2.800336548154157e-14,0.0
formation_monocistronic_excision_machinery,7.570026054824168e-14,1.6449450332968145e-34
CPLX_dummy_mod_2fe2s(1)_to_generic_2fe2s_transfer_complex,0.0,0.0
CPLX_dummy_2fe2s_unloading,0.0,0.0
CPLX_dummy_mod_4fe4s(1)_to_generic_4fe4s_transfer_complex,2.482754421314091e-22,-5.182942114901435e-23
CPLX_dummy_4fe4s_unloading,0.0,-7.114466800827189e-23
translocation_g.29655.CDS.137_Periplasm,0.0,1.1636701576100216e-35
translocation_g.29655.CDS.221_Periplasm,0.0,0.0
translocation_g.29655.CDS.125_Periplasm,8.682269871957806e-13,0.0
translocation_g.29655.CDS.747_Inner_Membrane,8.106744768442016e-13,-6.529713992383525e-34
translocation_g.29655.CDS.1611_Inner_Membrane,0.0,2.3999473611530877e-34
translocation_g.29655.CDS.103_Periplasm,-1.9391743726023594e-29,8.266219234235563e-34
translocation_g.29655.CDS.1185_Inner_Membrane,5.0657926798359037e-11,-5.431404600607943e-34
translocation_g.29655.CDS.795_Inner_Membrane,0.0,1.1501837040843216e-34
translocation_g.29655.CDS.678_Inner_Membrane,2.098569821843205e-31,0.0
translocation_g.29655.CDS.242_Inner_Membrane,0.0,5.180772723587156e-35
translocation_g.29655.CDS.44_Periplasm,0.0,0.0
translocation_g.29655.CDS.1364_Inner_Membrane,0.0,-8.37904694840527e-34
translocation_g.29655.CDS.872_Inner_Membrane,0.0,0.0
translocation_g.29655.CDS.311_Inner_Membrane,0.0,-2.4397707408430773e-34
translocation_g.29655.CDS.446_Periplasm,0.0,1.272678428579963e-34
translocation_g.29655.CDS.663_Inner_Membrane,0.0,0.0
translocation_g.29655.CDS.1565_Inner_Membrane,2.916874645407931e-12,-4.0911294739257795e-35
translocation_g.29655.CDS.1508_Inner_Membrane,8.469276302063317e-24,0.0
translocation_g.29655.CDS.1571_Inner_Membrane,1.864384625175901e-11,0.0
translocation_g.29655.CDS.1458_Membrane,-1.1890429608406961e-30,-2.168611796961174e-34
translocation_g.29655.CDS.588_Membrane,1.3128389719718252e-11,6.066504486287756e-34
translocation_g.29655.CDS.466_Inner_Membrane,0.0,0.0
translocation_1122949.3.peg.1649_Membrane,4.62383382224701e-12,0.0
translocation_1122949.3.peg.1666_Membrane,6.196501293664461e-12,0.0
translocation_g.29655.CDS.888_Inner_Membrane,0.0,0.0
translocation_g.29655.CDS.413_Periplasm,1.4793245095162116e-08,-1.4477865311995662e-34
translocation_g.29655.CDS.1084_Inner_Membrane,1.3123148013278136e-11,-1.7530601797017558e-33
translocation_g.29655.CDS.693_Periplasm,1.2580865027610706e-44,3.432263415965834e-34
translocation_g.29655.CDS.1588_Inner_Membrane,0.0,-6.075020292447583e-34
translocation_g.29655.CDS.685_Inner_Membrane,0.0,4.268021752616175e-34
translocation_g.29655.CDS.804_Periplasm,0.0,0.0
translocation_g.29655.CDS.88_Inner_Membrane,0.0,0.0
translocation_g.29655.CDS.986_Inner_Membrane,1.5421891133205187e-10,0.0
translocation_g.29655.CDS.1487_Inner_Membrane,0.0,2.7671234526052823e-34
translocation_g.29655.CDS.1100_Inner_Membrane,0.0,-3.940201776732823e-34
translocation_g.29655.CDS.1174_Inner_Membrane,0.0,3.7602510274698144e-34
translocation_g.29655.CDS.305_Inner_Membrane,1.857393029335567e-30,0.0
translocation_g.29655.CDS.1351_Inner_Membrane,1.856660495963773e-11,8.23525855834764e-35
translocation_g.29655.CDS.960_Inner_Membrane,1.9109543271815947e-11,4.1821290390916194e-34
translocation_g.29655.CDS.580_Inner_Membrane,-2.0565036280883374e-44,0.0
translocation_g.29655.CDS.638_Inner_Membrane,-5.279422751111776e-45,4.600734816337286e-34
translocation_g.29655.CDS.193_Inner_Membrane,9.468445249230162e-09,0.0
translocation_1122949.3.peg.942_Membrane,0.0,-3.5957172635552348e-34
translocation_g.29655.CDS.318_Inner_Membrane,7.519310139667782e-13,0.0
translocation_g.29655.CDS.456_Inner_Membrane,7.519310139667782e-13,0.0
translocation_g.29655.CDS.687_Periplasm,7.519310139667782e-13,0.0
translocation_g.29655.CDS.464_Membrane,-1.2390983671153637e-42,-7.95201480554505e-34
translocation_1122949.3.peg.1664_Membrane,1.0607459375414834e-10,-1.4022038873176875e-32
translocation_g.29655.CDS.395_Inner_Membrane,0.0,0.0
translocation_g.29655.CDS.1289_Inner_Membrane,0.0,0.0
translocation_g.29655.CDS.423_Periplasm,8.88925873258578e-16,-1.3634645800350447e-34
translocation_g.29655.CDS.883_Inner_Membrane,0.0,0.0
translocation_g.29655.CDS.1398_Membrane,1.7547477789966041e-07,-1.5519017036068114e-33
translocation_g.29655.CDS.1478_Membrane,1.6984310686290585e-10,3.9485221309735386e-34
translocation_g.29655.CDS.33_Membrane,5.5592103983749305e-11,0.0
translocation_g.29655.CDS.579_Membrane,7.317639751002087e-11,2.9561174313620485e-34
translocation_g.29655.CDS.636_Membrane,1.912795256510236e-10,0.0
translocation_g.29655.CDS.1016_Membrane,3.5014561725206006e-12,-3.792715257546157e-33
translocation_g.29655.CDS.1105_Membrane,1.1162682373432919e-14,0.0
translocation_g.29655.CDS.1116_Membrane,7.002912345041209e-12,0.0
translocation_g.29655.CDS.1271_Membrane,8.150208107146896e-10,-1.1563703208199578e-32
translocation_g.29655.CDS.1405_Inner_Membrane,5.5813411867164594e-15,-8.871132982143554e-34
translocation_g.29655.CDS.1416_Inner_Membrane,8.150208107146896e-10,0.0
translocation_g.29655.CDS.1486_Inner_Membrane,9.334455160513847e-15,4.681372000439768e-34
translocation_g.29655.CDS.1617_Inner_Membrane,2.0581329286918513e-15,-1.5942770786198083e-34
translocation_g.29655.CDS.1751_Membrane,4.3257815144203404e-12,-7.666478073023253e-34
translocation_g.29655.CDS.577_Inner_Membrane,5.4018323979840574e-11,0.0
translocation_g.29655.CDS.78_Membrane,1.7547457049240837e-07,0.0
translocation_g.29655.CDS.928_Inner_Membrane,7.363849195479796e-15,0.0
translocation_g.29655.CDS.982_Membrane,7.788769733578487e-14,0.0
biomass_constituent_demand,0.006223871930362527,0.35904089780324555
TS_adocbl_c,-4.9415675965499355e-05,0.0
TS_4fe4s_c,-9.33445540878929e-15,-470185719019.0522
