,fluxes,reduced_costs
biomass_dilution,0.07598996097395613,-0.5674748144030138
protein_biomass_to_biomass,0.030451351518441055,0.0
mRNA_biomass_to_biomass,9.46612211070764e-05,9.586426193212408e-35
tRNA_biomass_to_biomass,0.0005760212091974615,5.618358307795475e-35
rRNA_biomass_to_biomass,0.004070379239128942,0.0
ncRNA_biomass_to_biomass,0.0,-5.862477283401259e-35
tmRNA_biomass_to_biomass,0.0,-5.862477283401259e-35
DNA_biomass_to_biomass,0.004506208851611463,-5.862477283401259e-35
lipid_biomass_to_biomass,0.0,-5.862477283401259e-35
constituent_biomass_to_biomass,0.019149940939505016,-5.862477283401259e-35
prosthetic_group_biomass_to_biomass,1.2512765842021645e-05,0.0
peptidoglycan_biomass_to_biomass,0.0,-5.862477283401259e-35
DM_5DRIB,0.0,0.0
DM_5MTR,0.0,-0.03197736409412253
DM_atp_c_,0.0,-0.017050046414022642
DM_dhptd(c),-1.0265101596054346e-23,0.0
DM_hcys_L[c],0.0,-0.059685625896519115
EX_26dap_M(e),0.0,0.0
EX_34dhphe(e),0.0,-0.004260944309121545
EX_5htrp(e),0.0,-0.004260944309121545
EX_ac(e),3.2558130366510905,0.0
EX_acald(e),0.0,-0.010659447333704029
EX_acgam(e),0.0,0.0
EX_adn(e),-0.015242337415753057,0.0
EX_akg(e),0.0,-0.0021289137607852435
EX_ala_D(e),0.0,0.0
EX_ala_L(e),-0.05233424821279113,0.0
EX_arbt(e),0.0,0.0
EX_arg_L(e),-0.15,-0.05541964270717707
EX_asn_L(e),-0.225,-0.02983922654662759
EX_asp_L(e),-0.225,-0.02984051048048079
EX_biomass(e),0.0,0.0
EX_ca2(e),0.0,0.0
EX_cd2(e),0.0,-0.028702767417684547
EX_cit(e),-0.00047065215966851783,0.0
EX_cl(e),0.0,0.0
EX_co2(e),1.2612719866266702,0.0
EX_cobalt2(e),-0.0002353141324966851,0.0
EX_cu2(e),0.0,0.0
EX_cytd(e),0.0,-0.0213133365409664
EX_dad_2(e),-2.293341651241122e-22,0.0
EX_dcyt(e),-0.007316143571371669,0.0
EX_dgsn(e),-1.577848383562992e-37,0.0
EX_din(e),0.0,-1.562352863370228e-06
EX_dopa(e),0.0,0.0
EX_duri(e),0.0,0.0
EX_fe2(e),0.0,0.0
EX_fe3(e),-0.00023532607983425892,0.0
EX_fol(e),-0.0007059087424675655,0.0
EX_fru(e),-0.14898579,-0.004256369922304884
EX_fum(e),-1.0,-0.01704409697946484
EX_gal(e),-0.14898579,-0.012779709463809392
EX_galt(e),0.0,0.0
EX_gam(e),-0.0038011698278392334,0.0
EX_glc_D(e),-0.14898579,-0.021306980733392544
EX_gln_L(e),-0.02734557228546036,0.0
EX_glu_L(e),-0.027862956788352117,0.0
EX_gly(e),-0.013983495575721568,0.0
EX_glyc(e),-1.108500477781705,0.0
EX_gsn(e),1.689219451974143e-23,0.0
EX_gthox(e),-0.00011765145707792758,0.0
EX_h(e),2.7709096292136457,0.0
EX_h2o(e),-1.5321005833848467,0.0
EX_h2s(e),-0.003825824833287194,0.0
EX_hdca(e),0.0,0.0
EX_hg2(e),0.0,0.0
EX_hista(e),0.0,-0.049883897902456065
EX_hxan(e),-0.9919368660066755,0.0
EX_ile_L(e),-0.028948778152575058,0.0
EX_ins(e),0.9919368660066755,0.0
EX_k(e),-1.210313563897512e-08,0.0
EX_lac_D(e),0.0,-0.008531705548268825
EX_lac_L(e),0.0,-0.008531647465237525
EX_leu_L(e),-0.04965415086873262,0.0
EX_lys_L(e),-0.01743581693613229,0.0
EX_mal_L(e),0.0,-0.01704475265063095
EX_malt(e),0.0,0.0
EX_man(e),0.0,0.0
EX_met_D(e),0.0,0.0
EX_met_L(e),0.0,0.0
EX_metsox_R_L(e),0.0,0.0
EX_metsox_S_L(e),-0.013195264687809679,0.0
EX_mg2(e),-0.0004829089474965812,0.0
EX_mn2(e),-9.229641810902009e-08,0.0
EX_mnl(e),0.0,0.0
EX_mqn7(e),-0.0004706058283117103,0.0
EX_n2(e),0.0,0.0
EX_n2o(e),0.0,-0.017044548959446987
EX_na1(e),0.0,0.0
EX_nac(e),0.9997646711635386,0.0
EX_nh4(e),1.8482242934572377,0.0
EX_nmn(e),-1.0,-0.025570462555804557
EX_o2(e),-0.5,-0.06818886600351629
EX_ocdca(e),-0.006473128835605479,0.0
EX_orn(e),0.12972138312675005,0.0
EX_pb(e),0.0,0.0
EX_phe_L(e),-0.02328816506928428,0.0
EX_pheme(e),-0.00023530291415585516,0.0
EX_pi(e),0.9470083216562848,0.0
EX_ppa(e),0.0,0.0
EX_ppi(e),0.0,-0.017048759928035142
EX_pppn(e),0.0,0.0
EX_pro_L(e),-0.022167433503853726,0.0
EX_ptrc(e),0.0,0.0
EX_pydam(e),0.0,0.0
EX_pydx(e),-0.0002353097489700436,0.0
EX_pydxn(e),-2.4719746893283504e-23,0.0
EX_salcn(e),0.0,0.0
EX_sbt_D(e),0.0,0.0
EX_ser_D(e),0.0,0.0
EX_ser_L(e),-0.041607930761503646,0.0
EX_so4(e),0.0,0.0
EX_spmd(e),-0.00023530291415585516,0.0
EX_srtn(e),0.0,0.0
EX_succ(e),0.8700433130999391,0.0
EX_sucr(e),0.0,0.0
EX_thm(e),-0.00023537874343100015,0.0
EX_thymd(e),0.0,0.0
EX_tre(e),0.0,0.0
EX_trp_L(e),-0.08181818,-0.004260960791164669
EX_trypta(e),0.07573664990642545,0.0
EX_tsul(e),0.0,0.0
EX_ttdca(e),-0.011403521210369276,0.0
EX_tym(e),0.0,-0.09164867142273879
EX_uri(e),-0.008372888353621733,0.0
EX_val_L(e),-0.028639839939797827,0.0
EX_zn2(e),-1.560139647017086e-07,0.0
translation_g.2656.peg.1,1.462074301715878e-10,7.441166294021251e-34
transcription_TU_g.2656.peg.1,5.413597583779928e-12,5.915022844625873e-32
translation_g.2656.peg.3,0.0,1.335539408448686e-32
transcription_TU_g.2656.peg.3,0.0,-4.1472819219219326e-32
translation_g.2656.peg.13,0.0,-1.7716653667257233e-32
transcription_TU_g.2656.peg.13,0.0,-1.5966030648944934e-33
translation_g.2656.peg.19,0.0,7.03083689103069e-33
transcription_TU_g.2656.peg.19,0.0,-5.5551744808175645e-33
translation_g.2656.peg.28,2.6278329321635525e-10,8.972838725855106e-34
transcription_TU_g.2656.peg.28,9.730032184713446e-12,-2.9654587354278383e-33
translation_629741.3.peg.28,1.3257514664899189e-09,-5.847002208754261e-33
transcription_TU_629741.3.peg.28,4.908837346542208e-11,-4.3416020494443366e-32
translation_g.2656.peg.35,2.81609766002099e-06,7.517801586171756e-33
transcription_TU_g.2656.peg.35,1.0427116782017358e-07,2.0784683457478606e-33
translation_g.2656.peg.38,4.0639351375339544e-11,3.3501859350669778e-34
transcription_TU_g.2656.peg.38,1.5047463330264787e-12,-3.962611548196831e-33
translation_g.2656.peg.40,0.0,-3.0215890529583864e-33
transcription_TU_g.2656.peg.40,0.0,-22.378362293624708
translation_g.2656.peg.42,2.011091883287641e-32,-2.6771820625133006e-33
transcription_TU_g.2656.peg.42,0.0,-53.901312315451094
translation_g.2656.peg.44,1.828991992317256e-12,-5.5726737143492e-33
transcription_TU_g.2656.peg.44,6.772177459614265e-14,-3.664201979251427e-32
translation_g.2656.peg.49,9.14495996158628e-13,-1.9497491598032287e-33
transcription_TU_g.2656.peg.49,3.3860887298071325e-14,-1.500914127504564e-32
translation_g.2656.peg.51,4.047494257375099e-09,-5.773234763569016e-33
transcription_TU_g.2656.peg.51,1.498658796367176e-10,9.974431154869578e-34
translation_g.2656.peg.71,1.3749166335046488e-07,1.773670429299888e-32
transcription_TU_g.2656.peg.71,5.0908803720195825e-09,1.5930227869155371e-32
translation_g.2656.peg.76,0.0,-6.097800961580479e-33
transcription_TU_g.2656.peg.76,0.0,1.5697912046063524e-32
translation_g.2656.peg.77,5.129310731468828e-10,3.3798289374764525e-34
transcription_TU_g.2656.peg.77,1.899221137376383e-11,-1.5988428079104018e-33
translation_g.2656.peg.79,0.0,-4.4378839058807355e-32
transcription_TU_g.2656.peg.79,0.0,-4.2277767935404993e-32
translation_g.2656.peg.81,2.2098989621122507e-09,2.341920944061505e-33
transcription_TU_g.2656.peg.81,8.18255520095551e-11,-3.7492602284071816e-33
translation_g.2656.peg.86,1.143669007860841e-31,-1.0680406243321502e-33
transcription_TU_g.2656.peg.86,9.315981331413765e-36,-1.9195759330294477e-33
translation_g.2656.peg.88,0.0,1.6536922650607797e-33
transcription_TU_g.2656.peg.88,0.0,-1.2512531746444963e-32
translation_g.2656.peg.99,1.828991992317256e-12,2.8724416479373072e-33
transcription_TU_g.2656.peg.99,6.772177459614265e-14,5.3977789290361795e-33
translation_g.2656.peg.102,2.81609766002099e-06,-2.8433727279772393e-34
transcription_TU_g.2656.peg.102,1.0427116782017358e-07,-3.658052325509752e-33
translation_g.2656.peg.104,2.0959825392533336e-08,1.0204285087501267e-33
transcription_TU_g.2656.peg.104,7.760758804686089e-10,7.458370931561369e-33
translation_629741.3.peg.121,0.0,4.9011948893275864e-33
transcription_TU_629741.3.peg.121,0.0,1.8777931574797088e-32
translation_g.2656.peg.127,0.0,-9.306055245600713e-33
transcription_TU_g.2656.peg.127,0.0,4.2228551770042253e-32
translation_g.2656.peg.135,4.725098766572113e-30,-2.4238690143801982e-33
transcription_TU_g.2656.peg.135,1.7495542624486386e-31,-2.97935980521361e-32
translation_629741.3.peg.140,3.5315184412429794e-09,2.2668849719047733e-33
transcription_TU_629741.3.peg.140,1.307609310836684e-10,-1.0667368177932981e-32
translation_g.2656.peg.141,4.0639351375339544e-11,1.1625560071450288e-32
transcription_TU_g.2656.peg.141,1.5047463330264787e-12,-5.2890195827152194e-33
translation_g.2656.peg.146,-4.588163424835537e-44,-3.15533983450541e-32
transcription_TU_g.2656.peg.146,-1.430548174098789e-45,2.4419049800049816e-32
translation_g.2656.peg.149,0.00121484702958322,-1.734470622031989e-33
transcription_TU_g.2656.peg.149,4.4981933792937826e-05,7.518339071032003e-33
translation_629741.3.peg.154,4.7324919235125145e-07,-9.197891065077769e-33
transcription_TU_629741.3.peg.154,1.7522917140611927e-08,-3.984096441537421e-33
translation_g.2656.peg.155,2.81609766002099e-06,-6.781603450691163e-33
transcription_TU_g.2656.peg.155,1.0427116782017358e-07,3.0435687812357378e-33
translation_g.2656.peg.163,3.0438988992665933e-32,1.2260003601051908e-32
transcription_TU_g.2656.peg.163,2.5129863968850716e-36,-6.841296038867217e-32
translation_g.2656.peg.164,1.4247167275167057e-09,6.460425138075003e-33
transcription_TU_g.2656.peg.164,5.275274330862363e-11,-4.278141091743209e-33
translation_g.2656.peg.165,4.813819466923596e-09,-6.915528140755616e-33
transcription_TU_g.2656.peg.165,1.7824047248697605e-10,-1.489152665758287e-32
translation_g.2656.peg.171,0.0,-2.2241286402779697e-33
transcription_TU_g.2656.peg.171,0.0,-2.531610643724002e-33
translation_g.2656.peg.172,8.719247398189674e-09,-1.0140273250257737e-32
transcription_TU_g.2656.peg.172,3.228460864938437e-10,-7.585370917516403e-33
translation_g.2656.peg.174,0.0,-8.138099859506424e-33
transcription_TU_g.2656.peg.174,0.0,-1.0667368177932981e-32
translation_g.2656.peg.187,2.81609766002099e-06,8.980638769893107e-34
transcription_TU_g.2656.peg.187,1.0427116782017358e-07,3.4785042952914797e-34
translation_g.2656.peg.193,9.14495996158628e-13,2.4842635208557002e-33
transcription_TU_g.2656.peg.193,3.3860887298071325e-14,1.4721492397078056e-33
translation_629741.3.peg.203,7.844842977260226e-30,7.913112968661902e-33
transcription_TU_629741.3.peg.203,2.904696631148489e-31,-2.8634859618475526e-32
translation_629741.3.peg.206,0.0,-2.030561718974654e-32
transcription_TU_629741.3.peg.206,0.0,-5.52811964785789e-32
translation_629741.3.peg.208,1.0648740666266704e-10,2.5047336342139447e-34
transcription_TU_629741.3.peg.208,3.942891046887651e-12,4.9802444281687565e-33
translation_g.2656.peg.213,0.0,4.51978742366729e-33
transcription_TU_g.2656.peg.213,0.0,-32.90173534332708
translation_g.2656.peg.217,0.0,-4.347236633507033e-33
transcription_TU_g.2656.peg.217,0.0,-38.74448866116054
translation_629741.3.peg.220,9.946275612280917e-10,-8.54610439353329e-34
transcription_TU_629741.3.peg.220,3.682790509282669e-11,3.5395688029852794e-33
translation_629741.3.peg.229,2.0536387129414524e-09,-6.481227023859667e-33
transcription_TU_629741.3.peg.229,7.603973041102822e-11,3.436222437578938e-33
translation_629741.3.peg.231,2.8323939806099302e-09,-1.6312969255136507e-33
transcription_TU_629741.3.peg.231,1.0487456890356076e-10,-2.4257384660553108e-32
translation_629741.3.peg.233,2.2969556310395482e-29,-2.368644871946879e-33
transcription_TU_629741.3.peg.233,8.504898444389613e-31,5.777346839209365e-32
translation_g.2656.peg.236,-2.2360589412508037e-32,2.984535012692364e-33
transcription_TU_g.2656.peg.236,-1.662536363870789e-36,-6.521574423801846e-33
translation_g.2656.peg.239,2.81609766002099e-06,2.4261759451802583e-33
transcription_TU_g.2656.peg.239,1.0427116782017358e-07,-1.152517165149771e-33
translation_g.2656.peg.259,2.81609766002099e-06,1.4450653203383717e-33
transcription_TU_g.2656.peg.259,1.0427116782017358e-07,3.139841055653035e-33
translation_g.2656.peg.263,2.81609766002099e-06,-2.662313077699754e-33
transcription_TU_g.2656.peg.263,1.0427116782017358e-07,7.913308222246827e-33
translation_g.2656.peg.273,5.22164078181236e-11,7.669473312367769e-33
transcription_TU_g.2656.peg.273,1.9334080276639295e-12,-2.799590045894157e-32
translation_g.2656.peg.276,6.549573734026233e-09,-2.1032776549146913e-32
transcription_TU_g.2656.peg.276,2.425099497317007e-10,-1.4172592917258079e-31
translation_g.2656.peg.281,2.81609766002099e-06,-1.4757121961525752e-33
transcription_TU_g.2656.peg.281,1.0427116782017358e-07,-1.6106180022091737e-32
translation_g.2656.peg.282,3.8755917291841966e-11,-5.626202882229963e-33
transcription_TU_g.2656.peg.282,1.4350087404043723e-12,-8.06709792636296e-34
translation_g.2656.peg.287,0.0,4.323030962814302e-33
transcription_TU_g.2656.peg.287,0.0,-4.5001231650997466e-32
translation_g.2656.peg.293,0.0,-1.019333899216348e-32
transcription_TU_g.2656.peg.293,0.0,-31.088156780198847
translation_g.2656.peg.294,2.816077340345302e-06,-1.9098818608451213e-33
transcription_TU_g.2656.peg.294,1.0427041544700706e-07,2.1391117768968104e-33
translation_g.2656.peg.295,3.7009684129506094e-08,-5.284933111698167e-33
transcription_TU_g.2656.peg.295,1.3703512628928435e-09,1.8777931574797088e-32
translation_g.2656.peg.303,3.8961394672694985e-10,1.985603485286156e-32
transcription_TU_g.2656.peg.303,1.4426169163445544e-11,-1.000441926248161e-32
translation_g.2656.peg.305,-6.976735012530267e-30,-4.368172962544508e-33
transcription_TU_g.2656.peg.305,-2.5832637754579936e-31,1.9038854867910709e-32
translation_g.2656.peg.307,0.0,5.6861027225592605e-33
transcription_TU_g.2656.peg.307,0.0,1.1056164119477386e-32
translation_g.2656.peg.320,3.251701905988034e-07,-2.680954767620269e-32
transcription_TU_g.2656.peg.320,1.20400211950721e-08,-5.791096894805413e-32
translation_629741.3.peg.321,0.0,-4.514678577530659e-33
transcription_TU_629741.3.peg.321,0.0,1.1995094750801843e-32
translation_g.2656.peg.327,0.0,2.1746217161617037e-32
transcription_TU_g.2656.peg.327,0.0,-8.87554711326326e-32
translation_g.2656.peg.331,-5.063600838571323e-42,-5.171820563613262e-33
transcription_TU_g.2656.peg.331,1.994356694135607e-43,7.365845214856431e-32
translation_g.2656.peg.335,2.812089397741422e-07,4.937504800356869e-33
transcription_TU_g.2656.peg.335,1.0412275457628878e-08,-9.640384035911726e-34
translation_629741.3.peg.336,0.0,4.7366209936383864e-33
transcription_TU_629741.3.peg.336,0.0,1.9583650385993083e-32
translation_g.2656.peg.344,1.439624433866953e-08,3.4529060389090425e-32
transcription_TU_g.2656.peg.344,5.330472840939919e-10,-5.928784327770134e-32
translation_g.2656.peg.350,0.0,6.859558922359613e-33
transcription_TU_g.2656.peg.350,0.0,2.1233563337236768e-32
translation_g.2656.peg.352,6.800319283673538e-10,-1.3240399378873676e-32
transcription_TU_g.2656.peg.352,2.517942624381148e-11,-2.028163270341992e-32
translation_629741.3.peg.352,0.0,5.510895224325364e-33
transcription_TU_629741.3.peg.352,0.0,-34.49195837780938
translation_g.2656.peg.353,2.8161078198588335e-06,2.0376905426382904e-33
transcription_TU_g.2656.peg.353,1.0427154400675683e-07,3.702241665262848e-33
translation_629741.3.peg.367,1.0733552893640852e-10,3.1436608022023074e-33
transcription_TU_629741.3.peg.367,3.974294325684689e-12,-6.074348096919152e-33
translation_g.2656.peg.369,0.0,-1.0353755193319214e-33
transcription_TU_g.2656.peg.369,0.0,-7.151161701193245e-33
translation_629741.3.peg.371,9.966046001820375e-08,-5.3853613458520425e-33
transcription_TU_629741.3.peg.371,3.690110857702417e-09,-3.831782197804727e-32
translation_g.2656.peg.376,2.81609766002099e-06,1.8074232412679274e-33
transcription_TU_g.2656.peg.376,1.0427116782017358e-07,-2.005583316529731e-32
translation_g.2656.peg.383,5.055890484366685e-11,1.1534056359940267e-32
transcription_TU_g.2656.peg.383,1.872035947687581e-12,-3.610883113706336e-32
translation_g.2656.peg.390,4.972986924574552e-11,6.435836367964795e-33
transcription_TU_g.2656.peg.390,1.841339387981229e-12,-3.5650797680675257e-34
translation_g.2656.peg.412,0.0,-1.3532742849675119e-33
transcription_TU_g.2656.peg.412,0.0,-1.0880001871040196e-32
translation_g.2656.peg.423,0.0,5.9592124867195875e-34
transcription_TU_g.2656.peg.423,0.0,-8.401804921823539e-32
translation_629741.3.peg.430,3.298480666160445e-09,6.318659465359029e-33
transcription_TU_629741.3.peg.430,1.2213228112630517e-10,1.489048520351746e-33
translation_g.2656.peg.441,7.723069962943952e-10,-3.6434418597330887e-33
transcription_TU_g.2656.peg.441,2.859607944800708e-11,-1.319060671532701e-32
translation_g.2656.peg.443,2.81609766002099e-06,3.174048380893548e-33
transcription_TU_g.2656.peg.443,1.0427116782017358e-07,1.8252454876131208e-32
translation_g.2656.peg.446,2.7364956147082066e-08,1.4646313589860673e-32
transcription_TU_g.2656.peg.446,1.0132375646314827e-09,-5.506622005277951e-32
translation_629741.3.peg.446,1.4067790054057878e-16,-6.348447982400196e-33
transcription_TU_629741.3.peg.446,5.208856633099523e-18,1.998632443021646e-32
translation_g.2656.peg.447,1.5269100016754547e-07,1.2584507869234723e-32
transcription_TU_g.2656.peg.447,5.653663624357977e-09,-4.5523251833095174e-32
translation_629741.3.peg.448,0.0,1.376239226034137e-32
transcription_TU_629741.3.peg.448,0.0,-3.8412332754465856e-32
translation_629741.3.peg.457,2.949658458697392e-09,-2.8748523872818542e-33
transcription_TU_629741.3.peg.457,1.0921650073624856e-10,-4.750468565391398e-32
translation_g.2656.peg.465,0.0,4.8038464037528185e-33
transcription_TU_g.2656.peg.465,0.0,5.435278549568285e-32
translation_g.2656.peg.466,1.1879066260896304e-18,-5.551832192744716e-33
transcription_TU_g.2656.peg.466,4.3984416067007e-20,1.1505506552145346e-33
translation_g.2656.peg.467,1.3567428666720913e-07,1.2919573312724759e-33
transcription_TU_g.2656.peg.467,5.0235886754912675e-09,-1.1087113896015442e-31
translation_g.2656.peg.486,6.467916695855809e-11,-7.707570239198686e-33
transcription_TU_g.2656.peg.486,2.394864485045795e-12,2.4901172711868776e-32
translation_g.2656.peg.489,2.81609766002099e-06,2.3359588625695593e-33
transcription_TU_g.2656.peg.489,1.0427116782017358e-07,-1.5616610432005372e-33
translation_g.2656.peg.494,0.0,1.0375712667558967e-32
transcription_TU_g.2656.peg.494,0.0,4.794573263834692e-32
translation_g.2656.peg.495,4.683767829061954e-10,2.2166811332262386e-33
transcription_TU_g.2656.peg.495,1.7342507266996164e-11,7.233760747651235e-33
translation_g.2656.peg.496,0.0,3.8965386211340474e-33
transcription_TU_g.2656.peg.496,0.0,2.65342853941924e-33
translation_g.2656.peg.497,-5.770149623255206e-29,-3.426497189660236e-33
transcription_TU_g.2656.peg.497,-2.136503460996699e-30,-3.451385977993783e-32
translation_g.2656.peg.498,1.828991992317256e-12,4.885051752162927e-33
transcription_TU_g.2656.peg.498,6.772177459614265e-14,-1.2744522023665004e-32
translation_g.2656.peg.502,7.723069962943952e-10,-1.98684133172696e-34
transcription_TU_g.2656.peg.502,2.859607944800708e-11,6.778767160089071e-33
translation_g.2656.peg.503,6.612673358538401e-13,1.5019495457127686e-32
transcription_TU_g.2656.peg.503,2.4484632876794804e-14,1.6548646914556593e-32
translation_g.2656.peg.510,0.0,8.660217397787226e-34
transcription_TU_g.2656.peg.510,0.0,-1.7354900622720349e-32
translation_g.2656.peg.511,-1.2080496613257026e-30,-5.066932000979356e-33
transcription_TU_g.2656.peg.511,-4.473024879764195e-32,-7.352195165905107e-32
translation_g.2656.peg.516,2.81609766002099e-06,-4.0685028971537816e-33
transcription_TU_g.2656.peg.516,1.0427116782017358e-07,4.789714940502073e-33
translation_g.2656.peg.521,2.81609766002099e-06,5.7646280089198195e-33
transcription_TU_g.2656.peg.521,1.0427116782017358e-07,1.6321010147570762e-33
translation_g.2656.peg.523,1.3948429047647112e-07,1.6343970468639788e-33
transcription_TU_g.2656.peg.523,5.164661036805647e-09,2.673781684897574e-32
translation_g.2656.peg.525,2.81609766002099e-06,1.6649693916489132e-33
transcription_TU_g.2656.peg.525,1.0427116782017358e-07,-1.3680579161319365e-33
translation_g.2656.peg.527,4.0639351375339544e-11,-8.188219469077587e-33
transcription_TU_g.2656.peg.527,1.5047463330264787e-12,7.794756281891489e-32
translation_629741.3.peg.528,0.0,1.0186287058114878e-32
transcription_TU_629741.3.peg.528,-9.734493809028907e-46,2.781075713778349e-32
translation_g.2656.peg.529,3.5708783788115714e-14,1.8754350581577823e-33
transcription_TU_g.2656.peg.529,1.3221830477985465e-15,-3.189816457787551e-32
translation_g.2656.peg.533,1.1367687386025787e-32,2.7823924954752122e-33
transcription_TU_g.2656.peg.533,0.0,-1.5952106920681483e-32
translation_g.2656.peg.540,0.0,9.03564338847703e-33
transcription_TU_g.2656.peg.540,0.0,-1.7240499018437035e-32
translation_g.2656.peg.557,3.184661718330347e-07,-1.2261249514845777e-33
transcription_TU_g.2656.peg.557,1.1791792635488036e-08,2.1189788878996115e-32
translation_g.2656.peg.558,0.0,6.600226343327165e-33
transcription_TU_g.2656.peg.558,0.0,-6.063724941723787e-32
translation_g.2656.peg.562,2.8161078198588335e-06,7.324307917373649e-33
transcription_TU_g.2656.peg.562,1.0427154400675683e-07,2.7699249161823568e-33
translation_g.2656.peg.564,0.0,-4.0309305087215214e-33
transcription_TU_g.2656.peg.564,0.0,-45.71977430671777
translation_g.2656.peg.565,8.129463476697348e-10,1.559263995125697e-32
transcription_TU_g.2656.peg.565,3.010082578103356e-11,2.561064007168863e-32
translation_g.2656.peg.573,7.554872930498081e-09,4.446236132598643e-33
transcription_TU_g.2656.peg.573,2.7973299164283256e-10,2.4466925646960374e-32
translation_g.2656.peg.578,0.0,1.3158820691045392e-32
transcription_TU_g.2656.peg.578,0.0,-1.1810248400898963e-31
translation_g.2656.peg.582,0.0,-7.077234233673637e-33
transcription_TU_g.2656.peg.582,0.0,-5.535924480624386e-32
translation_g.2656.peg.588,1.3994912453377388e-09,5.287903560350591e-33
transcription_TU_g.2656.peg.588,5.181872368175875e-11,2.514137668734477e-32
translation_g.2656.peg.593,1.5100768625985257e-09,1.0688400897529353e-32
transcription_TU_g.2656.peg.593,5.591335847358307e-11,5.8030177647708625e-33
translation_g.2656.peg.597,2.81609766002099e-06,6.618970036119524e-33
transcription_TU_g.2656.peg.597,1.0427116782017358e-07,-1.6879274260397372e-33
translation_g.2656.peg.600,1.3749166335046488e-07,5.316175491290199e-34
transcription_TU_g.2656.peg.600,5.0908803720195825e-09,-1.0116537346661616e-33
translation_g.2656.peg.602,2.81609766002099e-06,2.205044204203357e-33
transcription_TU_g.2656.peg.602,1.0427116782017358e-07,-6.021176327356233e-33
translation_g.2656.peg.604,3.0662544705705163e-07,-1.3583404964102017e-32
transcription_TU_g.2656.peg.604,1.1353368138441362e-08,7.99038275639585e-34
translation_629741.3.peg.607,0.0,-5.6668125036072055e-33
transcription_TU_629741.3.peg.607,0.0,-1.0243749398669167e-32
translation_g.2656.peg.608,9.14495996158628e-13,-1.6853893557711265e-33
transcription_TU_g.2656.peg.608,3.3860887298071325e-14,-1.1084534524899706e-32
translation_629741.3.peg.610,0.0,1.3006857694968865e-33
transcription_TU_629741.3.peg.610,0.0,2.702742468057795e-32
translation_629741.3.peg.613,0.0,-8.504031787099867e-34
transcription_TU_629741.3.peg.613,0.0,-15.402212225718095
translation_g.2656.peg.620,2.81609766002099e-06,-2.270750126759643e-33
transcription_TU_g.2656.peg.620,1.0427116782017358e-07,-3.722997476111734e-33
translation_629741.3.peg.622,2.950355192210362e-09,1.8659970074063794e-32
transcription_TU_629741.3.peg.622,1.0924229856921729e-10,6.572033214177754e-32
translation_g.2656.peg.627,2.81609766002099e-06,4.151577314697284e-33
transcription_TU_g.2656.peg.627,1.0427116782017358e-07,-3.2408329496682356e-33
translation_g.2656.peg.629,0.0,4.329969386571288e-33
transcription_TU_g.2656.peg.629,0.0,-2.1022952179671035e-32
translation_g.2656.peg.630,2.81609766002099e-06,7.175370706362935e-34
transcription_TU_g.2656.peg.630,1.0427116782017358e-07,-4.5120895418283595e-33
translation_g.2656.peg.634,2.81609766002099e-06,4.952534826070664e-33
transcription_TU_g.2656.peg.634,1.0427116782017358e-07,-2.4542679780070623e-32
translation_629741.3.peg.636,1.2426944911878322e-41,8.263671058385497e-33
transcription_TU_629741.3.peg.636,0.0,-2.0670114831156918e-32
translation_g.2656.peg.643,2.7923298220312523e-14,-1.2255723053077833e-32
transcription_TU_g.2656.peg.643,1.0339112013612695e-15,9.634531865599027e-32
translation_g.2656.peg.667,-6.516956532657371e-32,-2.163625332051728e-33
transcription_TU_g.2656.peg.667,5.197396244375452e-34,-1.4833239732240764e-32
translation_g.2656.peg.678,2.9076398707098535e-08,1.725406505592106e-32
transcription_TU_g.2656.peg.678,1.0766068564438748e-09,3.248115759004935e-33
translation_g.2656.peg.686,0.0,-1.8355367150686196e-33
transcription_TU_g.2656.peg.686,0.0,-1.8815093420221377e-32
translation_629741.3.peg.688,0.0,3.22284835679867e-33
transcription_TU_629741.3.peg.688,0.0,-34.195316295792146
translation_g.2656.peg.689,3.8755917291841966e-11,2.4036216180653434e-33
transcription_TU_g.2656.peg.689,1.4350087404043723e-12,-1.0519258963884312e-32
translation_g.2656.peg.690,7.439898666231268e-13,-1.5683825481295556e-32
transcription_TU_g.2656.peg.690,2.7547585916672502e-14,-1.629535976896817e-32
translation_g.2656.peg.692,2.011091883287641e-32,3.6779276145712726e-33
transcription_TU_g.2656.peg.692,7.446435620507264e-34,6.669628359440275e-33
translation_g.2656.peg.699,2.81609766002099e-06,-3.281638198368503e-33
transcription_TU_g.2656.peg.699,1.0427116782017358e-07,-1.7193234675056162e-33
translation_629741.3.peg.703,0.0,-9.599539803935904e-33
transcription_TU_629741.3.peg.703,0.0,-49.50256431783844
translation_g.2656.peg.709,2.011091883287641e-32,-8.63450643870726e-33
transcription_TU_g.2656.peg.709,7.446435620507264e-34,4.706004365777372e-32
translation_g.2656.peg.717,0.0,-8.65122648741359e-33
transcription_TU_g.2656.peg.717,0.0,1.3899686990745063e-32
translation_g.2656.peg.730,0.0,-3.057185023292537e-33
transcription_TU_g.2656.peg.730,0.0,1.1604401479517866e-32
translation_g.2656.peg.733,2.81609766002099e-06,7.489360168474764e-35
transcription_TU_g.2656.peg.733,1.0427116782017358e-07,-2.307232628398549e-33
translation_629741.3.peg.733,2.045554813467036e-09,1.393188121821868e-33
transcription_TU_629741.3.peg.733,7.574040924376017e-11,2.8566106868597156e-32
translation_629741.3.peg.734,0.0,-9.736711517872303e-33
transcription_TU_629741.3.peg.734,0.0,-28.87417350806258
translation_g.2656.peg.735,2.81609766002099e-06,4.170674242223706e-36
transcription_TU_g.2656.peg.735,1.0427116782017358e-07,1.600848585541676e-33
translation_629741.3.peg.743,0.0,-8.465887292515276e-33
transcription_TU_629741.3.peg.743,0.0,2.645575449651789e-33
translation_g.2656.peg.748,1.0159837843834886e-11,4.833843906828707e-33
transcription_TU_g.2656.peg.748,3.761865832566197e-13,-1.5613218455702774e-32
translation_g.2656.peg.754,0.0,-1.2513264866173615e-32
transcription_TU_g.2656.peg.754,0.0,-3.9514838222624645e-32
translation_629741.3.peg.762,0.0,-1.5195381815360092e-33
transcription_TU_629741.3.peg.762,0.0,2.263386488130325e-32
translation_g.2656.peg.763,3.657983984634511e-12,1.0440587920296406e-32
transcription_TU_g.2656.peg.763,1.3544354919228525e-13,-7.449013719144218e-32
translation_g.2656.peg.770,1.0973951953903551e-11,6.407325005054109e-33
transcription_TU_g.2656.peg.770,4.0633064757685646e-13,-6.13163989621938e-32
translation_629741.3.peg.772,7.504100762870515e-11,-4.447975549647923e-33
transcription_TU_629741.3.peg.772,2.778530592504139e-12,4.510646440015126e-33
translation_g.2656.peg.775,3.8755917291841966e-11,4.721072510546484e-33
transcription_TU_g.2656.peg.775,1.4350087404043723e-12,-1.608992889377522e-32
translation_g.2656.peg.776,4.0639351375339544e-11,2.3278917105465246e-33
transcription_TU_g.2656.peg.776,1.5047463330264787e-12,-5.147394361098755e-33
translation_g.2656.peg.777,2.81609766002099e-06,-1.166340024474421e-33
transcription_TU_g.2656.peg.777,1.0427116782017358e-07,4.1382789864171944e-33
translation_g.2656.peg.780,0.0,4.012687128925205e-33
transcription_TU_g.2656.peg.780,0.0,-41.893544336691626
translation_629741.3.peg.781,9.354745431452519e-08,-3.9761059364832596e-33
transcription_TU_629741.3.peg.781,3.4637656379811672e-09,1.5637727867654494e-32
translation_g.2656.peg.788,2.81609766002099e-06,8.306432081497125e-33
transcription_TU_g.2656.peg.788,1.0427116782017358e-07,9.526935443818689e-33
translation_629741.3.peg.793,5.578185346665633e-11,2.0454665226411523e-33
transcription_TU_629741.3.peg.793,2.0654251756662092e-12,6.168202735982135e-32
translation_g.2656.peg.799,-9.968284878928938e-63,-1.7843665190239064e-33
transcription_TU_g.2656.peg.799,0.0,-24.949852632639427
translation_g.2656.peg.800,3.21530806353289e-09,-2.1954412188766232e-32
transcription_TU_g.2656.peg.800,1.1905266335248343e-10,4.829814468828715e-32
translation_g.2656.peg.803,7.898220897021141e-10,-3.7909166931680767e-34
transcription_TU_g.2656.peg.803,2.9244607824714255e-11,5.784805739985389e-32
translation_629741.3.peg.805,1.5024773399471703e-10,9.610402792183643e-33
transcription_TU_629741.3.peg.805,5.56319722443403e-12,-2.336455128847409e-32
translation_g.2656.peg.807,2.8161078198588335e-06,-1.3953860243808315e-32
transcription_TU_g.2656.peg.807,1.0427154400675683e-07,8.786196411635622e-33
translation_g.2656.peg.808,0.0,-2.2891875195351505e-32
transcription_TU_g.2656.peg.808,0.0,-1.145555105263914e-31
translation_629741.3.peg.810,3.127225705862874e-09,-8.101558378721043e-33
transcription_TU_629741.3.peg.810,1.157912529159795e-10,-1.6247005734977066e-32
translation_g.2656.peg.811,5.462137493697611e-08,1.3405842914534667e-32
transcription_TU_g.2656.peg.811,2.0224563350475595e-09,5.505715827729863e-32
translation_g.2656.peg.812,7.464021673992239e-09,1.3172178770053761e-34
transcription_TU_g.2656.peg.812,2.7636905766132295e-10,3.696129549514158e-33
translation_g.2656.peg.823,2.8160570206696142e-06,3.178830741888393e-33
transcription_TU_g.2656.peg.823,1.0426966307384055e-07,2.0586591433428234e-32
translation_g.2656.peg.824,0.0,-1.7689894406993557e-33
transcription_TU_g.2656.peg.824,0.0,-42.93186191326004
translation_629741.3.peg.826,0.0,3.4191022220349276e-34
transcription_TU_629741.3.peg.826,-1.3098126630200409e-64,7.260316962841138e-33
translation_g.2656.peg.828,0.0004638035552541509,1.1313409375486551e-33
transcription_TU_g.2656.peg.828,1.7173175146609885e-05,-8.596718166572823e-33
translation_629741.3.peg.844,0.0,-8.127894571951054e-33
transcription_TU_629741.3.peg.844,0.0,2.147963231876084e-32
translation_g.2656.peg.846,5.1246958332707e-09,-8.956446375285254e-33
transcription_TU_g.2656.peg.846,1.8975123868904837e-10,3.3382825942985864e-32
translation_g.2656.peg.852,2.099857837318615e-09,-9.492870477806586e-33
transcription_TU_g.2656.peg.852,7.775107804745808e-11,3.1227122374078347e-32
translation_g.2656.peg.854,-1.142769372263335e-33,3.8445205125950796e-33
transcription_TU_g.2656.peg.854,-1.2076965620587036e-37,-3.969231999919816e-33
translation_g.2656.peg.858,2.81609766002099e-06,1.825629160853992e-33
transcription_TU_g.2656.peg.858,1.0427116782017358e-07,-3.677448180722462e-33
translation_629741.3.peg.859,0.0,8.330703690407097e-34
transcription_TU_629741.3.peg.859,0.0,1.8699121728484713e-32
translation_629741.3.peg.866,0.0,-8.869454176611345e-33
transcription_TU_629741.3.peg.866,0.0,1.3084941163276342e-32
translation_g.2656.peg.874,2.81609766002099e-06,1.8632467746805443e-33
transcription_TU_g.2656.peg.874,1.0427116782017358e-07,6.723995361094225e-33
translation_g.2656.peg.877,0.0,4.7132826830807e-34
transcription_TU_g.2656.peg.877,0.0,-1.5916401527357186e-32
translation_g.2656.peg.889,2.9949931773079026e-09,2.4678411669968543e-32
transcription_TU_g.2656.peg.889,1.1089510163117692e-10,-2.096412274600938e-32
translation_629741.3.peg.891,0.0,5.9544784984151425e-33
transcription_TU_629741.3.peg.891,0.0,-2.9549152267855253e-32
translation_g.2656.peg.893,9.747162011439186e-11,-6.895999403406054e-33
transcription_TU_g.2656.peg.893,3.6090650558532856e-12,-2.189962617109311e-32
translation_g.2656.peg.894,5.914597068760029e-10,1.5142600701779657e-32
transcription_TU_g.2656.peg.894,2.1899877703132886e-11,-6.941894965253697e-33
translation_g.2656.peg.895,9.938628293387308e-10,3.34912117167964e-33
transcription_TU_g.2656.peg.895,3.67995894955713e-11,-1.3621137477152925e-32
translation_629741.3.peg.898,2.699545456611326e-09,3.104783806000331e-33
transcription_TU_629741.3.peg.898,9.995560926051429e-11,-4.5736959113122747e-32
translation_g.2656.peg.906,0.0,3.964918202764531e-33
transcription_TU_g.2656.peg.906,0.0,-6.6420287711120304e-34
translation_g.2656.peg.913,4.5652881677053644e-10,1.4299755291023407e-32
transcription_TU_g.2656.peg.913,1.6903814645359663e-11,7.753528709730542e-33
translation_g.2656.peg.916,2.81609766002099e-06,4.37131927872087e-33
transcription_TU_g.2656.peg.916,1.0427116782017358e-07,-5.8258212808278686e-33
translation_g.2656.peg.926,0.0,-5.987510920824039e-33
transcription_TU_g.2656.peg.926,0.0,-44.17393207714416
translation_g.2656.peg.945,2.81609766002099e-06,1.264631163183008e-33
transcription_TU_g.2656.peg.945,1.0427116782017358e-07,-1.0483199861887675e-32
translation_g.2656.peg.947,0.0,2.3697941805988473e-32
transcription_TU_g.2656.peg.947,0.0,-1.0663151487392094e-31
translation_g.2656.peg.949,4.2215300182359895e-09,3.2876204227247204e-33
transcription_TU_g.2656.peg.949,1.5630987207528319e-10,3.216731598208364e-33
translation_g.2656.peg.953,9.14495996158628e-13,1.5026469161251632e-32
transcription_TU_g.2656.peg.953,3.3860887298071325e-14,-2.9631817768170358e-33
translation_g.2656.peg.959,2.81609766002099e-06,3.679088510956359e-33
transcription_TU_g.2656.peg.959,1.0427116782017358e-07,1.0651389096873657e-33
translation_g.2656.peg.963,1.3567428666720913e-07,-5.313048950480521e-34
transcription_TU_g.2656.peg.963,5.0235886754912675e-09,7.592705314025775e-33
translation_g.2656.peg.964,9.298019939461078e-11,-5.027029382410822e-34
transcription_TU_g.2656.peg.964,3.442761986797148e-12,-2.2999138009670086e-33
translation_g.2656.peg.967,0.0,6.108725536967858e-33
transcription_TU_g.2656.peg.967,0.0,2.1553304330362318e-32
translation_g.2656.peg.969,0.0,-6.643009938099941e-33
transcription_TU_g.2656.peg.969,0.0,1.4275033838528525e-32
translation_g.2656.peg.971,7.342345694896508e-07,1.058496691141745e-34
transcription_TU_g.2656.peg.971,2.7186378193310826e-08,3.0781828480827188e-33
translation_g.2656.peg.977,2.011091883287641e-32,-3.5667452669407264e-33
transcription_TU_g.2656.peg.977,0.0,-45.01629466255728
translation_g.2656.peg.991,0.0,-1.6056737045201248e-32
transcription_TU_g.2656.peg.991,0.0,1.3643647367661592e-33
translation_g.2656.peg.992,1.439745646880864e-08,-1.557329941739741e-32
transcription_TU_g.2656.peg.992,5.330921654299446e-10,-1.0168785894831676e-31
translation_g.2656.peg.996,0.0,1.5607511181166535e-33
transcription_TU_g.2656.peg.996,0.0,-41.82603672369526
translation_g.2656.peg.999,0.0,-5.149326904289222e-33
transcription_TU_g.2656.peg.999,0.0,7.701513446900652e-32
translation_g.2656.peg.1000,0.0,-3.0636810309207484e-32
transcription_TU_g.2656.peg.1000,0.0,9.644866175522116e-32
translation_g.2656.peg.1003,2.011091883287641e-32,-4.366412620618995e-33
transcription_TU_g.2656.peg.1003,0.0,-42.55389458628391
translation_g.2656.peg.1005,7.502245830582685e-08,-1.7906781229575433e-33
transcription_TU_g.2656.peg.1005,2.7778437698891946e-09,-8.720884753880239e-33
translation_g.2656.peg.1018,0.0,7.435365555612945e-33
transcription_TU_g.2656.peg.1018,0.0,1.5928559164137993e-33
translation_g.2656.peg.1022,5.012497456505516e-09,1.4542418277527162e-32
transcription_TU_g.2656.peg.1022,1.8559688852608338e-10,1.612173630052625e-32
translation_629741.3.peg.1027,0.0,3.467854107722203e-32
transcription_TU_629741.3.peg.1027,5.534364308857211e-43,-1.145555105263914e-31
translation_629741.3.peg.1030,0.0,1.981896845984072e-34
transcription_TU_629741.3.peg.1030,0.0,2.873195932914805e-33
translation_629741.3.peg.1032,3.7145384260700956e-09,3.4471791534336635e-33
transcription_TU_629741.3.peg.1032,1.3753758085092527e-10,-3.610883113706336e-32
translation_g.2656.peg.1034,-1.1976463993562051e-32,-7.330092696327538e-33
transcription_TU_g.2656.peg.1034,0.0,-71.41984312106196
translation_629741.3.peg.1034,4.420340989579609e-09,-1.269198389576109e-32
transcription_TU_629741.3.peg.1034,1.6367121200740323e-10,3.6175456783124243e-32
translation_629741.3.peg.1036,2.9995103933644306e-09,-1.4084829640642721e-33
transcription_TU_629741.3.peg.1036,1.1106235981976783e-10,-3.175010166614947e-32
translation_g.2656.peg.1041,0.0,1.2369214302771937e-32
transcription_TU_g.2656.peg.1041,0.0,3.247340864505278e-32
translation_g.2656.peg.1042,0.0,4.118970268423841e-34
transcription_TU_g.2656.peg.1042,0.0,-28.878756307288473
translation_g.2656.peg.1044,4.9505326610041626e-11,-1.364983799814256e-32
transcription_TU_g.2656.peg.1044,1.8330252861009375e-12,-3.049412394204841e-32
translation_g.2656.peg.1047,2.011091883287641e-32,-2.1624317813913325e-32
transcription_TU_g.2656.peg.1047,7.446435620507264e-34,1.1703672291106525e-31
translation_629741.3.peg.1051,0.0,1.657007385976613e-33
transcription_TU_629741.3.peg.1051,0.0,-33.762260316608035
translation_g.2656.peg.1053,1.8102102752424056e-07,7.053322846921638e-33
transcription_TU_g.2656.peg.1053,6.702634716091366e-09,-4.46923489222458e-32
translation_g.2656.peg.1058,9.14495996158628e-13,9.1107674541962e-34
transcription_TU_g.2656.peg.1058,3.3860887298071325e-14,4.0020777393439504e-33
translation_g.2656.peg.1059,0.0,5.9734481529684107e-33
transcription_TU_g.2656.peg.1059,0.0,-61.58011306285845
translation_g.2656.peg.1063,3.8755917291841966e-11,1.6656573202172515e-32
transcription_TU_g.2656.peg.1063,1.4350087404043723e-12,9.278061588828474e-32
translation_629741.3.peg.1071,1.1455861597154018e-10,1.0190681146143285e-32
transcription_TU_629741.3.peg.1071,4.241742337560215e-12,-2.198172395433308e-32
translation_g.2656.peg.1078,0.0,2.0467795140066837e-33
transcription_TU_g.2656.peg.1078,0.0,-56.69237158705344
translation_g.2656.peg.1079,2.011091883287641e-32,-7.499368817179519e-33
transcription_TU_g.2656.peg.1079,7.446435620507264e-34,8.586256158938717e-33
translation_g.2656.peg.1081,2.039019269027323e-09,9.50413479035786e-33
transcription_TU_g.2656.peg.1081,7.549841875431655e-11,1.28967632829284e-32
translation_g.2656.peg.1089,9.14495996158628e-13,-5.258287632966182e-33
transcription_TU_g.2656.peg.1089,3.3860887298071325e-14,1.5895919346997303e-32
translation_629741.3.peg.1090,0.0,2.7731182884340605e-33
transcription_TU_629741.3.peg.1090,0.0,-21.81291404015836
translation_g.2656.peg.1097,0.0,6.0908987097845514e-33
transcription_TU_g.2656.peg.1097,0.0,-8.374483437746671e-33
translation_g.2656.peg.1099,5.911372095016594e-44,1.9636568671310168e-32
transcription_TU_g.2656.peg.1099,-2.2065525674535165e-45,2.1834466819867757e-32
translation_g.2656.peg.1103,0.0,7.389339071973638e-33
transcription_TU_g.2656.peg.1103,0.0,4.492355584544933e-32
translation_g.2656.peg.1104,3.8755917291841966e-11,-6.42066912120003e-33
transcription_TU_g.2656.peg.1104,1.4350087404043723e-12,1.3512438161074656e-32
translation_629741.3.peg.1115,1.489696547866072e-09,8.15390247222125e-34
transcription_TU_629741.3.peg.1115,5.515874003549958e-11,-2.9654587354278383e-33
translation_g.2656.peg.1123,1.4059317695905185e-16,1.5559292966499735e-32
transcription_TU_g.2656.peg.1123,5.205719587494487e-18,-3.1667227974342287e-32
translation_629741.3.peg.1126,0.0,5.3517462194568986e-33
transcription_TU_629741.3.peg.1126,0.0,2.0739362145860023e-32
translation_g.2656.peg.1127,2.81609766002099e-06,2.84216055409657e-33
transcription_TU_g.2656.peg.1127,1.0427116782017358e-07,-5.156051186282993e-33
translation_g.2656.peg.1138,1.233473201967338e-08,1.6011550904773017e-32
transcription_TU_g.2656.peg.1138,4.567160190142856e-10,6.260063228029305e-32
translation_g.2656.peg.1139,1.0614328704879861e-07,7.466972431919154e-33
transcription_TU_g.2656.peg.1139,3.930149388628675e-09,8.134224485380098e-34
translation_629741.3.peg.1140,2.2098989621122507e-09,2.341920944061505e-33
transcription_TU_629741.3.peg.1140,8.18255520095551e-11,-3.7492602284071816e-33
translation_629741.3.peg.1141,2.3641375854519384e-09,-2.685778894601158e-33
transcription_TU_629741.3.peg.1141,8.753651921318725e-11,-9.006573996124188e-33
translation_g.2656.peg.1179,0.0,-4.6364222815535857e-33
transcription_TU_g.2656.peg.1179,0.0,-3.0184822543760277e-33
translation_g.2656.peg.1180,0.0,-1.5174040955865856e-33
transcription_TU_g.2656.peg.1180,0.0,-27.38065920997953
translation_g.2656.peg.1181,0.0,2.3586988554007396e-34
transcription_TU_g.2656.peg.1181,0.0,-2.4257384660553108e-32
translation_g.2656.peg.1182,0.0,1.6585685911638653e-32
transcription_TU_g.2656.peg.1182,0.0,1.0489361795147641e-32
translation_g.2656.peg.1184,5.361033289976751e-09,1.1106119700537024e-32
transcription_TU_g.2656.peg.1184,1.9850206539518115e-10,7.540307858066875e-33
translation_g.2656.peg.1185,0.0,7.14771438886942e-33
transcription_TU_g.2656.peg.1185,0.0,-61.36388374622188
translation_g.2656.peg.1190,2.4297428158878433e-09,2.3489955108327323e-33
transcription_TU_g.2656.peg.1190,8.996567289268443e-11,4.747900230821539e-34
translation_g.2656.peg.1196,0.0,-2.9520675408251635e-33
transcription_TU_g.2656.peg.1196,0.0,2.497396764536959e-32
translation_g.2656.peg.1199,7.339458643943035e-09,-9.868070866238235e-33
transcription_TU_g.2656.peg.1199,2.717568835897913e-10,-7.742229425286095e-33
translation_g.2656.peg.1201,9.14495996158628e-13,-3.0883422594580936e-33
transcription_TU_g.2656.peg.1201,3.3860887298071325e-14,-1.3217868478586322e-32
translation_g.2656.peg.1204,0.0,7.087835317955254e-33
transcription_TU_g.2656.peg.1204,0.0,-6.530414997730136e-32
translation_g.2656.peg.1211,0.0,6.35727114808176e-33
transcription_TU_g.2656.peg.1211,0.0,2.0317118595958e-33
translation_g.2656.peg.1213,0.0,7.794546995201742e-33
transcription_TU_g.2656.peg.1213,0.0,-2.1892681066639739e-32
translation_629741.3.peg.1214,0.0,9.03564338847703e-33
transcription_TU_629741.3.peg.1214,0.0,-1.7240499018437035e-32
translation_g.2656.peg.1216,6.3382665059866246e-09,1.7020856858513978e-32
transcription_TU_g.2656.peg.1216,2.3468591303392175e-10,-1.4606194126731898e-31
translation_629741.3.peg.1216,0.0,-4.865600909196183e-33
transcription_TU_629741.3.peg.1216,0.0,1.9038854867910709e-32
translation_g.2656.peg.1222,0.0,1.64529556480756e-33
transcription_TU_g.2656.peg.1222,0.0,-57.049870727258174
translation_g.2656.peg.1227,0.0,-4.9595421558995346e-33
transcription_TU_g.2656.peg.1227,0.0,1.8701432963412984e-32
translation_g.2656.peg.1233,4.4615842490070476e-11,7.100144457609686e-34
transcription_TU_g.2656.peg.1233,1.6519831914088854e-12,-2.4934708806202704e-33
translation_g.2656.peg.1238,0.0,-2.415358173009991e-33
transcription_TU_g.2656.peg.1238,0.0,2.6252762737810624e-32
translation_629741.3.peg.1243,0.0,-1.302430969649962e-32
transcription_TU_629741.3.peg.1243,0.0,-50.1722021549849
translation_629741.3.peg.1245,0.0,-4.8719836871846236e-33
transcription_TU_629741.3.peg.1245,0.0,3.796527830315714e-32
translation_629741.3.peg.1247,-7.046556024573191e-44,6.408869347475275e-33
transcription_TU_629741.3.peg.1247,0.0,-7.273838892189754e-33
translation_629741.3.peg.1255,0.0,1.0358381981489089e-32
transcription_TU_629741.3.peg.1255,0.0,2.0360782373929505e-32
translation_629741.3.peg.1257,0.0,1.1882374327117181e-32
transcription_TU_629741.3.peg.1257,0.0,-7.9260149023438e-33
translation_g.2656.peg.1260,0.0,6.52973773825396e-33
transcription_TU_g.2656.peg.1260,0.0,1.303057774275776e-32
translation_629741.3.peg.1265,7.973605314593745e-11,1.4082157489561083e-32
transcription_TU_629741.3.peg.1265,2.9523732422107666e-12,4.794573263834692e-32
translation_629741.3.peg.1278,0.0,8.762187538675238e-34
transcription_TU_629741.3.peg.1278,0.0,-1.478672029569007e-32
translation_g.2656.peg.1289,4.1370056971681144e-10,1.919437599067479e-33
transcription_TU_g.2656.peg.1289,1.5318020445328428e-11,4.62883648709141e-33
translation_629741.3.peg.1293,0.0,8.285581672307229e-32
transcription_TU_629741.3.peg.1293,0.0,3.81723837385884e-32
translation_g.2656.peg.1294,6.802145096319292e-08,-1.1871011345473811e-32
transcription_TU_g.2656.peg.1294,2.518618664915879e-09,-1.0603528270742715e-31
translation_g.2656.peg.1301,0.0,-1.0019116088323916e-33
transcription_TU_g.2656.peg.1301,0.0,-43.2022344338746
translation_g.2656.peg.1310,2.273706171866411e-11,-8.375855679546203e-33
transcription_TU_g.2656.peg.1310,8.418813068389109e-13,-3.248027010265194e-32
translation_629741.3.peg.1317,0.0,-7.439115951970167e-33
transcription_TU_629741.3.peg.1317,0.0,5.771928287862695e-32
translation_g.2656.peg.1323,0.0,-9.01691429419182e-33
transcription_TU_g.2656.peg.1323,0.0,4.356574135835955e-33
translation_g.2656.peg.1328,1.4531003247593396e-10,-7.02636738505169e-33
transcription_TU_g.2656.peg.1328,5.380369792338825e-12,9.920185425644583e-33
translation_g.2656.peg.1334,9.777186836535653e-11,-8.339952453170151e-33
transcription_TU_g.2656.peg.1334,3.6201822966395365e-12,2.8411199173757764e-32
translation_g.2656.peg.1338,2.011091883287641e-32,2.3663169369559353e-32
transcription_TU_g.2656.peg.1338,7.446435620507264e-34,-9.132218105487239e-33
translation_629741.3.peg.1344,7.366633752623129e-30,-3.5694379273438573e-34
transcription_TU_629741.3.peg.1344,2.7276309170463784e-31,-2.531610643724002e-33
translation_g.2656.peg.1350,0.0,2.9684118092368715e-33
transcription_TU_g.2656.peg.1350,0.0,-2.523822162585654e-32
translation_g.2656.peg.1374,0.0,-7.75791772382096e-33
transcription_TU_g.2656.peg.1374,0.0,4.8592514457955523e-33
translation_g.2656.peg.1383,2.69021010135472e-09,7.161420510341983e-34
transcription_TU_g.2656.peg.1383,9.960995065341356e-11,1.4408389817345608e-32
translation_g.2656.peg.1387,3.088486931277452e-11,-7.397745139762482e-33
transcription_TU_g.2656.peg.1387,1.1435687891564238e-12,-2.2518010462597703e-33
translation_g.2656.peg.1396,4.034072321328185e-10,-3.6830439992007925e-33
transcription_TU_g.2656.peg.1396,1.4936890789959078e-11,8.103784107283972e-33
translation_629741.3.peg.1396,1.7002288013246564e-09,-8.78841138224935e-33
transcription_TU_629741.3.peg.1396,6.295408188162566e-11,-5.190587199932173e-32
translation_g.2656.peg.1397,0.0,1.5985507511366295e-32
transcription_TU_g.2656.peg.1397,0.0,8.066920537393739e-32
translation_g.2656.peg.1402,2.273706171866411e-11,-1.2003106104500413e-34
transcription_TU_g.2656.peg.1402,8.418813068389109e-13,1.5624557417587123e-33
translation_g.2656.peg.1403,0.0,9.342698808585441e-33
transcription_TU_g.2656.peg.1403,0.0,2.1740530074758688e-33
translation_g.2656.peg.1412,-2.7358619114277317e-29,-1.0043992120956497e-32
transcription_TU_g.2656.peg.1412,0.0,-51.97959724783314
translation_g.2656.peg.1415,9.080191280444413e-07,-9.433206417472358e-34
transcription_TU_g.2656.peg.1415,3.362106940692672e-08,2.861602114360719e-32
translation_g.2656.peg.1422,4.0639351375339544e-11,1.5638624225436982e-32
transcription_TU_g.2656.peg.1422,1.5047463330264787e-12,-2.494141916749945e-32
translation_g.2656.peg.1423,0.0,7.925329449811778e-33
transcription_TU_g.2656.peg.1423,0.0,1.439356444209331e-32
translation_g.2656.peg.1434,7.651024851519667e-10,-2.072844442717222e-32
transcription_TU_g.2656.peg.1434,2.8329319242542873e-11,4.932860665934256e-32
translation_g.2656.peg.1435,0.0,1.1049396151129618e-32
transcription_TU_g.2656.peg.1435,0.0,-1.3092369450852752e-32
translation_629741.3.peg.1435,5.099191185858885e-08,-2.3662675165503035e-32
transcription_TU_629741.3.peg.1435,1.888068824587137e-09,7.701513446900652e-32
translation_g.2656.peg.1439,0.0,-4.883184023927723e-33
transcription_TU_g.2656.peg.1439,0.0,-56.08525441236376
translation_g.2656.peg.1450,8.342587956355543e-08,-1.0624290958553916e-32
transcription_TU_g.2656.peg.1450,3.088995815738947e-09,-1.2358630622702522e-32
translation_g.2656.peg.1461,8.856791616682604e-10,1.5639863774863187e-32
transcription_TU_g.2656.peg.1461,3.2793891281616096e-11,6.243472646210532e-33
translation_g.2656.peg.1472,0.0,3.7289119669939645e-33
transcription_TU_g.2656.peg.1472,0.0,-26.837918007556866
translation_g.2656.peg.1476,3.8755917291841966e-11,3.27543289246551e-33
transcription_TU_g.2656.peg.1476,1.4350087404043723e-12,-4.60020302497743e-33
translation_g.2656.peg.1485,1.1472455726823583e-08,4.993252751794178e-33
transcription_TU_g.2656.peg.1485,4.2478866176545067e-10,-8.972292211978545e-33
translation_629741.3.peg.1495,3.250482585246371e-08,6.713777701870931e-33
transcription_TU_629741.3.peg.1495,1.203550643695538e-09,5.784805739985389e-32
translation_g.2656.peg.1496,1.3485425263941785e-09,-4.376297610676406e-33
transcription_TU_g.2656.peg.1496,4.9932254153870565e-11,2.2887065070198325e-32
translation_629741.3.peg.1497,-1.5440398158100907e-43,4.354165619364965e-32
transcription_TU_629741.3.peg.1497,1.5592468265899313e-44,-7.241120395218382e-33
translation_g.2656.peg.1501,2.8160570206696142e-06,-2.5853485065876726e-34
transcription_TU_g.2656.peg.1501,1.0426966307384055e-07,9.300285582823798e-32
translation_g.2656.peg.1502,0.0,-3.327014479115405e-32
transcription_TU_g.2656.peg.1502,0.0,-62.50569075672353
translation_g.2656.peg.1512,0.0,5.5291431730912166e-33
transcription_TU_g.2656.peg.1512,0.0,-4.755420347235912e-32
translation_g.2656.peg.1517,7.372059686673535e-10,5.377168511380669e-33
transcription_TU_g.2656.peg.1517,2.7296399683942174e-11,-1.2796921026954064e-32
translation_g.2656.peg.1520,6.831550777315543e-11,5.016517863934978e-33
transcription_TU_g.2656.peg.1520,2.529506656271988e-12,-1.4365224869815473e-31
translation_g.2656.peg.1527,2.81609766002099e-06,-1.2332538407459685e-33
transcription_TU_g.2656.peg.1527,1.0427116782017358e-07,7.364927589433801e-33
translation_g.2656.peg.1529,0.0,3.349775211437175e-33
transcription_TU_g.2656.peg.1529,0.0,-1.0472242045085916e-32
translation_629741.3.peg.1538,5.445079415341332e-63,1.887942653237955e-33
transcription_TU_629741.3.peg.1538,1.7127640790079062e-64,-7.151161701193245e-33
translation_629741.3.peg.1540,1.0595913484573792e-09,2.3132284246540293e-33
transcription_TU_629741.3.peg.1540,3.9233308164099644e-11,-8.057618509603748e-34
translation_g.2656.peg.1543,0.0,3.498332645890848e-34
transcription_TU_g.2656.peg.1543,0.0,-66.19140706146553
translation_g.2656.peg.1552,4.525258880256288e-10,-5.812554645027194e-33
transcription_TU_g.2656.peg.1552,1.6755598885353185e-11,-1.2107931158348588e-32
translation_629741.3.peg.1552,3.4366201587092024e-09,2.617052741388167e-33
transcription_TU_629741.3.peg.1552,1.272471485595737e-10,6.229834507609988e-32
translation_629741.3.peg.1558,0.0,-2.1119296948519383e-33
transcription_TU_629741.3.peg.1558,0.0,1.3899686990745063e-32
translation_g.2656.peg.1559,2.273706171866411e-11,4.910874019983276e-34
transcription_TU_g.2656.peg.1559,8.418813068389109e-13,-5.499321705199263e-32
translation_629741.3.peg.1560,6.941377728919774e-10,-1.6221972699605669e-32
transcription_TU_629741.3.peg.1560,2.570172094351353e-11,9.003265871103718e-33
translation_629741.3.peg.1564,-2.603490817791339e-30,-8.045508410800136e-34
transcription_TU_629741.3.peg.1564,-9.639901052936518e-32,-7.72385724795643e-32
translation_629741.3.peg.1565,2.869999381347551e-31,8.219113189269646e-34
transcription_TU_629741.3.peg.1565,1.0626697766371295e-32,1.547303536309187e-32
translation_g.2656.peg.1568,0.0,4.3337027529532176e-33
transcription_TU_g.2656.peg.1568,0.0,-50.30702435781216
translation_g.2656.peg.1573,2.0643257257276445e-29,1.2006551074215056e-32
transcription_TU_g.2656.peg.1573,0.0,-62.80084819172367
translation_g.2656.peg.1577,2.8410834379674838e-08,1.507666233498303e-32
transcription_TU_g.2656.peg.1577,1.0519631195930015e-09,-1.4477784805094343e-33
translation_g.2656.peg.1585,0.0,-1.4024108699688596e-33
transcription_TU_g.2656.peg.1585,0.0,-30.170758881678367
translation_g.2656.peg.1587,-3.4638110674775275e-30,6.508366636889505e-36
transcription_TU_g.2656.peg.1587,-1.2825394150165509e-31,5.840698485818197e-32
translation_g.2656.peg.1592,4.523174793954883e-10,-5.223914966256836e-33
transcription_TU_g.2656.peg.1592,1.6747882174545513e-11,1.5344706468286136e-32
translation_g.2656.peg.1595,7.561283757725268e-10,6.262917602944378e-33
transcription_TU_g.2656.peg.1595,2.799703642493164e-11,-9.925596610876905e-33
translation_g.2656.peg.1597,0.0,8.265879102730125e-33
transcription_TU_g.2656.peg.1597,7.016466285688977e-44,1.198148752598795e-32
translation_g.2656.peg.1599,1.3745290743317303e-07,2.4235584750805783e-33
transcription_TU_g.2656.peg.1599,5.089445363279178e-09,4.275317867411988e-33
translation_629741.3.peg.1600,1.6809394782682425e-09,-4.5040088017287136e-33
transcription_TU_629741.3.peg.1600,6.223985940628087e-11,-4.953576975088921e-32
translation_g.2656.peg.1608,3.8755917291841966e-11,-1.0136754911240362e-32
transcription_TU_g.2656.peg.1608,1.4350087404043723e-12,-3.6284308694344306e-32
translation_g.2656.peg.1611,8.593813078444679e-08,2.2606443036109697e-33
transcription_TU_g.2656.peg.1611,3.1820165132732952e-09,6.360506002661947e-33
translation_g.2656.peg.1617,4.572228149042792e-09,9.614204046990386e-33
transcription_TU_g.2656.peg.1617,1.6929511195908208e-10,-2.2062551886482602e-32
translation_g.2656.peg.1620,9.205745012938373e-09,-2.8637655177371978e-33
transcription_TU_g.2656.peg.1620,3.4085955071127344e-10,3.48839467478289e-32
translation_629741.3.peg.1621,0.0,-4.941568416458376e-33
transcription_TU_629741.3.peg.1621,0.0,-46.259090136823296
translation_g.2656.peg.1633,0.0,2.8549969616063267e-33
transcription_TU_g.2656.peg.1633,0.0,-6.562847761371723e-33
translation_g.2656.peg.1638,7.613477628407035e-09,1.0137450211822887e-33
transcription_TU_g.2656.peg.1638,2.819029377982758e-10,-8.727168350323355e-33
translation_629741.3.peg.1641,0.0,6.989147329202295e-33
transcription_TU_629741.3.peg.1641,0.0,-25.26784088485481
translation_g.2656.peg.1643,3.4972255646917955e-08,-2.6605961740293387e-33
transcription_TU_g.2656.peg.1643,1.294911745916729e-09,1.6068904833292746e-32
translation_629741.3.peg.1645,2.4922841027116904e-09,2.092186028428697e-32
transcription_TU_629741.3.peg.1645,9.228137845456127e-11,-4.1472819219219326e-32
translation_g.2656.peg.1650,2.0441284815705483e-09,2.3490033898934842e-33
transcription_TU_g.2656.peg.1650,7.56875966958655e-11,3.169879721938773e-32
translation_629741.3.peg.1657,3.935107595167082e-09,1.373137956609732e-33
transcription_TU_629741.3.peg.1657,1.4570455786076971e-10,3.216731598208364e-33
translation_g.2656.peg.1664,2.8160570206696142e-06,6.284711770974846e-33
transcription_TU_g.2656.peg.1664,1.0426966307384055e-07,-2.2665029013215708e-32
translation_g.2656.peg.1666,1.8848856708485277e-09,-1.7674938531229727e-33
transcription_TU_g.2656.peg.1666,6.979134029940651e-11,-1.984220648187809e-32
translation_g.2656.peg.1682,1.1472455726823583e-08,-3.579567664635087e-33
transcription_TU_g.2656.peg.1682,4.2478866176545067e-10,1.7893390457546692e-32
translation_629741.3.peg.1687,-2.2196651477405552e-43,1.408664992553407e-34
transcription_TU_629741.3.peg.1687,-2.5729742185698867e-45,-2.799590045894157e-32
translation_g.2656.peg.1688,0.0,-1.0614453999055648e-32
transcription_TU_g.2656.peg.1688,0.0,2.3221460819243962e-32
translation_g.2656.peg.1698,4.3572673791067794e-08,-6.154096102642101e-33
transcription_TU_g.2656.peg.1698,1.6133579618855424e-09,-4.6271444084269935e-32
translation_g.2656.peg.1699,0.0,1.133865420088141e-33
transcription_TU_g.2656.peg.1699,0.0,-40.571805405826886
translation_g.2656.peg.1701,-1.2080496613257026e-30,6.623686030322084e-33
transcription_TU_g.2656.peg.1701,-4.473024879764195e-32,4.760160520795246e-33
translation_g.2656.peg.1704,0.0,-3.5153325607485476e-33
transcription_TU_g.2656.peg.1704,0.0,1.4017885344868768e-33
translation_629741.3.peg.1712,0.0,7.017740077742388e-33
transcription_TU_629741.3.peg.1712,0.0,-2.1022952179671035e-32
translation_g.2656.peg.1716,4.0639351375339544e-11,1.067959843993839e-32
transcription_TU_g.2656.peg.1716,1.5047463330264787e-12,5.448257290203651e-32
translation_629741.3.peg.1733,4.83615212423851e-08,-1.942113077870345e-32
transcription_TU_629741.3.peg.1733,1.7906737998092153e-09,-2.3570758961706906e-32
translation_g.2656.peg.1737,4.705090058729141e-11,-5.2580366689320816e-33
transcription_TU_g.2656.peg.1737,1.7421456723170598e-12,6.336784031133192e-34
translation_g.2656.peg.1739,5.142602400973652e-09,-1.0335327949906311e-32
transcription_TU_g.2656.peg.1739,1.9041426211772588e-10,-5.572076037498274e-32
translation_g.2656.peg.1740,0.0,9.714497508507297e-33
transcription_TU_g.2656.peg.1740,0.0,5.4463621165393624e-33
translation_629741.3.peg.1749,0.0,9.934448547571747e-33
transcription_TU_629741.3.peg.1749,0.0,1.660942322265779e-32
translation_629741.3.peg.1750,4.6647972125981665e-08,-3.482331337315385e-33
transcription_TU_629741.3.peg.1750,1.7272265088927203e-09,4.479328624005429e-33
translation_629741.3.peg.1751,0.0,-5.7825647961775834e-33
transcription_TU_629741.3.peg.1751,0.0,-35.536962408545655
translation_g.2656.peg.1755,0.0,8.02651879115636e-33
transcription_TU_g.2656.peg.1755,0.0,-8.468453084111867e-33
translation_g.2656.peg.1759,3.0230660898180684e-09,-4.585106582933716e-34
transcription_TU_g.2656.peg.1759,1.1193455257533444e-10,-2.6640485268771697e-33
translation_g.2656.peg.1761,0.0,-4.747735423976622e-33
transcription_TU_g.2656.peg.1761,0.0,-5.089063878664839e-32
translation_g.2656.peg.1767,1.3593155421503934e-08,-1.4429388685558644e-32
transcription_TU_g.2656.peg.1767,5.033114477112185e-10,9.15346326605394e-33
translation_629741.3.peg.1781,0.0,-2.9456503337000085e-33
transcription_TU_629741.3.peg.1781,0.0,-27.829839162518994
translation_g.2656.peg.1782,0.0,-6.418213717377844e-34
transcription_TU_g.2656.peg.1782,0.0,-2.4170354712248922e-33
translation_g.2656.peg.1783,9.14495996158628e-13,-1.4024108941669625e-33
transcription_TU_g.2656.peg.1783,3.3860887298071325e-14,-1.2554896824412652e-32
translation_g.2656.peg.1804,7.02527544409504e-29,-2.684440199784496e-33
transcription_TU_g.2656.peg.1804,2.6012367582760552e-30,-1.642717532385587e-32
translation_g.2656.peg.1812,2.011091883287641e-32,-1.315583672649391e-33
transcription_TU_g.2656.peg.1812,0.0,-23.291289084967076
translation_g.2656.peg.1818,0.0,-5.808609216310148e-33
transcription_TU_g.2656.peg.1818,0.0,-47.65714971656926
translation_629741.3.peg.1822,0.0,4.068345959611941e-33
transcription_TU_629741.3.peg.1822,0.0,-9.038204367805751e-33
translation_629741.3.peg.1828,7.06315158219666e-11,-3.339952984462586e-33
transcription_TU_629741.3.peg.1828,2.615261091339649e-12,4.619075732844721e-34
translation_g.2656.peg.1834,0.0,-4.2811133128600096e-33
transcription_TU_g.2656.peg.1834,0.0,9.280707742368269e-33
translation_g.2656.peg.1844,0.0,-8.16171200511763e-33
transcription_TU_g.2656.peg.1844,0.0,-1.5332973095204555e-32
translation_629741.3.peg.1844,1.5165855029000598e-07,-7.319115516776548e-33
transcription_TU_629741.3.peg.1844,5.615435278809039e-09,-6.237143544914562e-32
translation_g.2656.peg.1845,1.7341078044667516e-08,3.3267947308863725e-33
transcription_TU_g.2656.peg.1845,6.420851395348189e-10,-3.6015611498763086e-32
translation_g.2656.peg.1855,2.816077340345302e-06,4.883096872837966e-33
transcription_TU_g.2656.peg.1855,1.0427041544700706e-07,2.8040435197886288e-33
translation_g.2656.peg.1858,3.933165349042326e-10,-4.745449648344266e-33
transcription_TU_g.2656.peg.1858,1.456326426447253e-11,1.1009302397045869e-32
translation_629741.3.peg.1863,0.0,6.799056267919216e-33
transcription_TU_629741.3.peg.1863,0.0,-52.66569114816523
translation_g.2656.peg.1865,3.2745026620832203e-07,6.608965191131502e-33
transcription_TU_g.2656.peg.1865,1.212444516583774e-08,2.329990316017225e-33
translation_g.2656.peg.1868,2.0319675687669798e-11,-8.871621368203e-33
transcription_TU_g.2656.peg.1868,7.523731665132403e-13,8.820055492413662e-33
translation_g.2656.peg.1878,0.0,4.521825172464263e-33
transcription_TU_g.2656.peg.1878,0.0,2.2107932124432485e-32
translation_g.2656.peg.1879,0.0,-7.612959118432408e-33
transcription_TU_g.2656.peg.1879,0.0,5.768655214859532e-33
translation_g.2656.peg.1882,2.6707023192222292e-09,1.9320835221444897e-33
transcription_TU_g.2656.peg.1882,9.888763933111334e-11,4.999650868152063e-34
translation_g.2656.peg.1883,9.14495996158628e-13,-2.125588927144155e-32
transcription_TU_g.2656.peg.1883,3.3860887298071325e-14,-6.153662689367277e-32
translation_g.2656.peg.1885,2.4180127838336405e-09,1.644351056718946e-32
transcription_TU_g.2656.peg.1885,8.953134699617037e-11,-7.596443934902402e-33
translation_g.2656.peg.1889,0.0,9.520575776948672e-35
transcription_TU_g.2656.peg.1889,0.0,1.1314767536694063e-33
translation_g.2656.peg.1893,0.0,6.319770930904235e-33
transcription_TU_g.2656.peg.1893,0.0,-2.8634859618475526e-32
translation_g.2656.peg.1902,1.228160580158579e-30,-1.1278913738886153e-32
transcription_TU_g.2656.peg.1902,0.0,-23.493290842557734
translation_g.2656.peg.1905,0.0,1.1839917615330528e-32
transcription_TU_g.2656.peg.1905,0.0,-36.24118870684613
translation_g.2656.peg.1907,0.0,1.4541144206574596e-33
transcription_TU_g.2656.peg.1907,0.0,-35.10559224841031
translation_g.2656.peg.1915,2.81609766002099e-06,-6.017343969049804e-34
transcription_TU_g.2656.peg.1915,1.0427116782017358e-07,-2.2681900683818596e-33
translation_g.2656.peg.1921,7.723069962943952e-10,-7.307981449793277e-33
transcription_TU_g.2656.peg.1921,2.859607944800708e-11,8.54333363029598e-33
translation_g.2656.peg.1923,0.0,2.581133976180091e-35
transcription_TU_g.2656.peg.1923,0.0,-3.1665610959470544e-32
translation_g.2656.peg.1927,0.0,-1.1547542373377707e-33
transcription_TU_g.2656.peg.1927,0.0,-18.15032872393952
translation_g.2656.peg.1948,6.322824301238904e-11,-5.4994450548729105e-33
transcription_TU_g.2656.peg.1948,2.3411413715213253e-12,3.241852487065248e-32
translation_629741.3.peg.1954,0.0,2.8835583945195356e-33
transcription_TU_629741.3.peg.1954,0.0,-3.944052487275262e-33
translation_g.2656.peg.1958,0.0,1.0042021338263655e-32
transcription_TU_g.2656.peg.1958,0.0,1.8579537077033266e-32
translation_g.2656.peg.1971,2.81609766002099e-06,-7.999878254582237e-34
transcription_TU_g.2656.peg.1971,1.0427116782017358e-07,1.0157501647520327e-32
translation_g.2656.peg.1973,9.14495996158628e-13,-7.976979584221695e-33
transcription_TU_g.2656.peg.1973,3.3860887298071325e-14,1.4870085602579091e-33
translation_629741.3.peg.1979,2.0683576200624135e-29,2.2821732423018426e-32
transcription_TU_629741.3.peg.1979,0.0,-62.80084819172367
translation_g.2656.peg.1984,3.657983984634517e-12,8.968860427403031e-33
transcription_TU_g.2656.peg.1984,1.3544354919228548e-13,-1.9062706184031266e-32
translation_629741.3.peg.1984,0.0,-2.7921345224850816e-33
transcription_TU_629741.3.peg.1984,0.0,9.280707742368269e-33
translation_g.2656.peg.1987,2.434324596220333e-08,1.3222133448061194e-32
transcription_TU_g.2656.peg.1987,9.013532169171104e-10,9.323469637664564e-33
translation_g.2656.peg.1990,2.8371096718067088e-09,-5.7361198713573526e-33
transcription_TU_g.2656.peg.1990,1.0504917599732317e-10,2.4188595721759958e-32
translation_g.2656.peg.1998,5.397192225702282e-41,-1.3438685201500467e-32
transcription_TU_g.2656.peg.1998,0.0,-40.159439985122276
translation_g.2656.peg.2017,3.4087675095736686e-08,-1.6593000271099534e-33
transcription_TU_g.2656.peg.2017,1.2621585326982656e-09,1.9364100333958538e-32
translation_g.2656.peg.2020,1.0038996357006862e-42,4.768010199571067e-33
transcription_TU_g.2656.peg.2020,2.78375510002954e-44,-4.937091130784072e-32
translation_g.2656.peg.2035,0.0,1.1172410801219767e-32
transcription_TU_g.2656.peg.2035,0.0,-7.056218939006395e-32
translation_g.2656.peg.2038,2.8161078198588335e-06,1.793344963273124e-33
transcription_TU_g.2656.peg.2038,1.0427154400675683e-07,-8.964908453659749e-33
translation_g.2656.peg.2039,0.0,8.703372753835857e-33
transcription_TU_g.2656.peg.2039,0.0,2.3066767477800877e-32
translation_629741.3.peg.2041,-1.9054139519714745e-44,-1.7492743224015476e-32
transcription_TU_629741.3.peg.2041,-8.70932076018292e-46,9.644866175522116e-32
translation_g.2656.peg.2043,1.4879797332462535e-12,-3.0356553510188013e-33
transcription_TU_g.2656.peg.2043,5.5095171833345004e-14,8.009166711023002e-32
translation_629741.3.peg.2051,2.6603545553906815e-09,5.1832821733660246e-33
transcription_TU_629741.3.peg.2051,9.850449444435724e-11,2.329990316017225e-33
translation_g.2656.peg.2053,0.0,2.8044219623506108e-33
transcription_TU_g.2656.peg.2053,0.0,1.1319120086286101e-32
translation_g.2656.peg.2059,0.0,-1.8771335454476398e-32
transcription_TU_g.2656.peg.2059,0.0,-46.77978651381526
translation_g.2656.peg.2061,2.011091883287641e-32,-2.785985265268938e-32
transcription_TU_g.2656.peg.2061,7.446435620507264e-34,-6.387734256160598e-32
translation_g.2656.peg.2084,0.0,1.0912757472502998e-32
transcription_TU_g.2656.peg.2084,0.0,-48.107786247377184
translation_629741.3.peg.2085,0.0,-6.957746097847511e-33
transcription_TU_629741.3.peg.2085,0.0,1.9941063955106067e-32
translation_g.2656.peg.2093,4.8784593244761295e-09,1.327215738676188e-32
transcription_TU_g.2656.peg.2093,1.806338814693485e-10,-2.558639135382737e-32
translation_g.2656.peg.2098,2.816077340345302e-06,2.2904552576710512e-33
transcription_TU_g.2656.peg.2098,1.0427041544700706e-07,1.0554218037773755e-32
translation_629741.3.peg.2098,3.809847867880198e-09,2.4657655116956657e-33
transcription_TU_629741.3.peg.2098,1.4106658729942828e-10,8.083357597701761e-33
translation_g.2656.peg.2101,8.54175156853818e-09,1.3088985421014406e-32
transcription_TU_g.2656.peg.2101,3.162739786782242e-10,-1.7476245806348383e-32
translation_629741.3.peg.2117,5.602536346376654e-11,7.036507272615292e-33
transcription_TU_629741.3.peg.2117,2.074441578802732e-12,1.612309899819778e-32
translation_g.2656.peg.2122,1.5756947212138826e-08,1.2585925890641963e-34
transcription_TU_g.2656.peg.2122,5.83429797345273e-10,-7.197408502587801e-32
translation_g.2656.peg.2137,2.81609766002099e-06,-5.284485313978279e-33
transcription_TU_g.2656.peg.2137,1.0427116782017358e-07,-4.5165168477638254e-32
translation_g.2656.peg.2143,0.0,-1.7341744016047713e-33
transcription_TU_g.2656.peg.2143,0.0,-52.28714340125995
translation_g.2656.peg.2148,2.81609766002099e-06,2.798321317517828e-33
transcription_TU_g.2656.peg.2148,1.0427116782017358e-07,-7.79178774443957e-33
translation_g.2656.peg.2163,0.0,-3.0669743099048542e-33
transcription_TU_g.2656.peg.2163,0.0,-16.850083688485
translation_g.2656.peg.2167,7.204511142428532e-12,-5.035550283379552e-33
transcription_TU_g.2656.peg.2167,2.667602054642085e-13,-1.7058356762766981e-32
translation_629741.3.peg.2170,0.0,-1.1772508607751704e-32
transcription_TU_629741.3.peg.2170,0.0,-81.27109546852034
translation_g.2656.peg.2173,0.0,1.3064248216940199e-33
transcription_TU_g.2656.peg.2173,0.0,6.023199559412406e-32
translation_g.2656.peg.2176,-1.2902651636205796e-34,-1.2448235456398068e-32
transcription_TU_g.2656.peg.2176,-1.095453258325961e-36,-9.035095424545113e-34
translation_g.2656.peg.2177,0.0,1.72140458620246e-32
transcription_TU_g.2656.peg.2177,0.0,5.2872720197904775e-33
translation_g.2656.peg.2179,1.4405848440899292e-09,-3.612931761707153e-33
transcription_TU_g.2656.peg.2179,5.334028935494375e-11,-2.2104972583297575e-32
translation_629741.3.peg.2194,0.0,-1.883297468777132e-32
transcription_TU_629741.3.peg.2194,0.0,-47.65714971656926
translation_g.2656.peg.2208,-1.0842116065567411e-41,-1.991738562702234e-33
transcription_TU_g.2656.peg.2208,-2.1868745935036686e-43,1.9602304490935656e-32
translation_g.2656.peg.2217,1.5100768625985257e-09,2.5903689670997718e-34
transcription_TU_g.2656.peg.2217,5.591335847358307e-11,4.8479895639878866e-32
translation_629741.3.peg.2222,-7.484260680943291e-41,-1.0295983258365636e-33
transcription_TU_629741.3.peg.2222,1.734085280282112e-42,1.6985123622269545e-32
translation_g.2656.peg.2230,0.0,-2.145374574899891e-32
transcription_TU_g.2656.peg.2230,6.073647490973542e-44,4.428799380672339e-32
translation_g.2656.peg.2234,7.723069962943952e-10,1.8725819903605324e-32
transcription_TU_g.2656.peg.2234,2.859607944800708e-11,-5.482253066528167e-32
translation_g.2656.peg.2235,1.4879797332462535e-12,3.51241747503825e-33
transcription_TU_g.2656.peg.2235,5.5095171833345004e-14,-4.1506352832911655e-32
translation_g.2656.peg.2246,1.228160580158579e-30,-2.5852178824360635e-33
transcription_TU_g.2656.peg.2246,4.547489235969268e-32,3.236765852004578e-32
translation_g.2656.peg.2250,0.0,-9.23132688169067e-34
transcription_TU_g.2656.peg.2250,0.0,1.513019382746903e-32
translation_g.2656.peg.2253,1.71041586914696e-07,-1.048676276378811e-32
transcription_TU_g.2656.peg.2253,6.333127670465143e-09,1.706210550654263e-32
translation_g.2656.peg.2260,2.8160570206696142e-06,2.0263572243219242e-33
transcription_TU_g.2656.peg.2260,1.0426966307384055e-07,-3.0156005179100316e-33
translation_629741.3.peg.2267,1.3565617665717154e-41,5.080426902859184e-33
transcription_TU_629741.3.peg.2267,0.0,-4.204948404492033e-32
translation_g.2656.peg.2274,6.153858432516826e-37,6.502371168472795e-33
transcription_TU_g.2656.peg.2274,2.2785786674520714e-38,2.644729694881142e-33
translation_g.2656.peg.2285,1.9521947841589736e-36,3.678388672975242e-33
transcription_TU_g.2656.peg.2285,7.228358335953117e-38,-4.103243740441031e-32
translation_g.2656.peg.2286,9.264801569786214e-09,2.711411246672221e-33
transcription_TU_g.2656.peg.2286,3.4304622777059e-10,-1.3917130855349812e-31
translation_g.2656.peg.2287,0.0,1.1919886268033444e-34
transcription_TU_g.2656.peg.2287,0.0,2.0050464067807414e-32
translation_g.2656.peg.2295,3.70435076019002e-08,-1.6904996292282954e-33
transcription_TU_g.2656.peg.2295,1.3716036388371635e-09,-1.5921010465724055e-32
translation_629741.3.peg.2295,1.0180786196458149e-07,-4.500934327170749e-33
transcription_TU_629741.3.peg.2295,3.76962234336817e-09,-1.642717532385587e-32
translation_g.2656.peg.2296,0.0,-1.1286690760466577e-32
transcription_TU_g.2656.peg.2296,0.0,2.0083137978514346e-32
translation_g.2656.peg.2297,0.0,2.1693681704805128e-32
transcription_TU_g.2656.peg.2297,0.0,-6.151225945385959e-32
translation_g.2656.peg.2300,0.0,1.8159975050390354e-32
transcription_TU_g.2656.peg.2300,0.0,6.19258956647087e-32
translation_g.2656.peg.2301,0.0,1.2314665156295977e-32
transcription_TU_g.2656.peg.2301,0.0,5.718534403657829e-32
translation_629741.3.peg.2303,0.0,-1.2721322775281542e-32
transcription_TU_629741.3.peg.2303,0.0,-1.7789528028152254e-32
translation_g.2656.peg.2305,0.0,8.859190949121512e-34
transcription_TU_g.2656.peg.2305,0.0,-35.05706355781996
translation_g.2656.peg.2312,4.0621240222370517e-10,-4.254921344612587e-33
transcription_TU_g.2656.peg.2312,1.5040757344540427e-11,2.299964403944095e-32
translation_g.2656.peg.2316,0.0,5.0162111200641926e-33
transcription_TU_g.2656.peg.2316,0.0,7.475329103607066e-33
translation_g.2656.peg.2334,2.81609766002099e-06,-4.3749278438773995e-34
transcription_TU_g.2656.peg.2334,1.0427116782017358e-07,-5.106697108732804e-33
translation_g.2656.peg.2341,0.0,2.8617568156577354e-32
transcription_TU_g.2656.peg.2341,0.0,-1.9652385842064545e-32
translation_g.2656.peg.2349,5.632154680690604e-06,3.909149423277809e-33
transcription_TU_g.2656.peg.2349,2.085408308940141e-07,-7.156836219148494e-33
translation_629741.3.peg.2360,0.0,-9.026437835171873e-34
transcription_TU_629741.3.peg.2360,0.0,-47.40876937494851
translation_629741.3.peg.2362,0.0,3.5686017058202325e-33
transcription_TU_629741.3.peg.2362,0.0,-6.430929668914423e-32
translation_629741.3.peg.2363,4.608473901919127e-09,8.087282246774632e-33
transcription_TU_629741.3.peg.2363,1.7063717726973924e-10,3.060708714575026e-32
translation_g.2656.peg.2368,4.950380008474701e-09,-4.447975549647923e-33
transcription_TU_g.2656.peg.2368,1.8329687637091767e-10,4.510646440015126e-33
translation_g.2656.peg.2372,0.0,-5.578378724147015e-33
transcription_TU_g.2656.peg.2372,0.0,2.645575449651789e-33
translation_629741.3.peg.2374,0.0,3.570342107035319e-33
transcription_TU_629741.3.peg.2374,0.0,-3.2175955310486896e-32
translation_629741.3.peg.2375,0.0,-1.4979330611232225e-32
transcription_TU_629741.3.peg.2375,0.0,-40.159439985122276
translation_g.2656.peg.2377,1.8289919923172586e-12,-8.566522412267959e-33
transcription_TU_g.2656.peg.2377,6.772177459614274e-14,1.0620214140040556e-32
translation_g.2656.peg.2381,0.0,-5.8019383031979954e-33
transcription_TU_g.2656.peg.2381,0.0,-2.5685075147682987e-32
translation_g.2656.peg.2390,2.4321967398460727e-09,-9.70518045843916e-34
transcription_TU_g.2656.peg.2390,9.005653391661091e-11,-4.352803899703542e-32
translation_g.2656.peg.2395,0.0,1.3132090294592425e-32
transcription_TU_g.2656.peg.2395,0.0,-3.8412332754465856e-32
translation_g.2656.peg.2396,9.14495996158628e-13,3.492502536742385e-33
transcription_TU_g.2656.peg.2396,3.3860887298071325e-14,3.319168299615652e-32
translation_g.2656.peg.2398,2.011091883287641e-32,4.522481924497869e-33
transcription_TU_g.2656.peg.2398,0.0,-33.773383187750284
translation_g.2656.peg.2400,1.29765837629254e-09,9.11456897428496e-34
transcription_TU_g.2656.peg.2400,4.80481754054811e-11,-4.8557383174645373e-33
translation_g.2656.peg.2407,2.011091883287641e-32,2.203926186846561e-32
transcription_TU_g.2656.peg.2407,7.446435620507264e-34,-3.5175064621137e-32
translation_g.2656.peg.2412,0.0,-4.7763789799951016e-33
transcription_TU_g.2656.peg.2412,0.0,-62.69598783982469
translation_g.2656.peg.2415,8.088857496798865e-38,-9.519547583550687e-33
transcription_TU_g.2656.peg.2415,2.9950474711729176e-39,-4.09891318156727e-32
translation_g.2656.peg.2416,0.0,-4.735177712875821e-33
transcription_TU_g.2656.peg.2416,0.0,-2.989929753564888e-32
translation_g.2656.peg.2417,0.0,-4.696451000838421e-33
transcription_TU_g.2656.peg.2417,0.0,-1.4378641695324745e-32
translation_g.2656.peg.2422,0.0,-6.040992720931988e-34
transcription_TU_g.2656.peg.2422,0.0,-1.1580471979816541e-32
translation_g.2656.peg.2430,0.0,1.3550312346986345e-34
transcription_TU_g.2656.peg.2430,0.0,1.2468445826207465e-32
translation_g.2656.peg.2439,2.751669634003401e-10,1.0242256420284314e-32
transcription_TU_g.2656.peg.2439,1.0188560228792125e-11,2.702742468057795e-32
translation_g.2656.peg.2440,2.011091883287641e-32,-2.222401636802698e-32
transcription_TU_g.2656.peg.2440,7.446435620507264e-34,8.872897295040964e-32
translation_629741.3.peg.2440,0.0,1.264506128263045e-32
transcription_TU_629741.3.peg.2440,0.0,-3.540953785970244e-32
translation_g.2656.peg.2457,2.816077340345302e-06,-9.87976164370411e-34
transcription_TU_g.2656.peg.2457,1.0427041544700706e-07,-2.9534867374615668e-33
translation_g.2656.peg.2462,2.1141862498842995e-08,-1.550415533048226e-32
transcription_TU_g.2656.peg.2462,7.82816137360613e-10,-8.092568638280076e-32
translation_g.2656.peg.2463,2.8161078198588335e-06,6.081053005394426e-34
transcription_TU_g.2656.peg.2463,1.0427154400675683e-07,3.2437838139039317e-33
translation_g.2656.peg.2466,9.14495996158628e-13,1.060351198023396e-33
transcription_TU_g.2656.peg.2466,3.3860887298071325e-14,2.97774005713752e-33
translation_g.2656.peg.2471,-3.553965534919617e-30,1.0369670906344606e-32
transcription_TU_g.2656.peg.2471,-1.315920757932643e-31,1.00875282605777e-32
translation_g.2656.peg.2476,1.3580390747166638e-08,-6.2459998254888555e-34
transcription_TU_g.2656.peg.2476,5.028388122913288e-10,4.4184320172255886e-33
translation_g.2656.peg.2478,1.5446139925887925e-09,-1.4809068777208698e-33
transcription_TU_g.2656.peg.2478,5.719215889601424e-11,8.650889298868356e-32
translation_g.2656.peg.2480,4.0639351375339544e-11,6.211096249389359e-33
transcription_TU_g.2656.peg.2480,1.5047463330264787e-12,6.527239228477596e-32
translation_629741.3.peg.2489,2.3248925476367096e-10,-7.977156908309031e-33
transcription_TU_629741.3.peg.2489,8.608339989057458e-12,2.8411199173757764e-32
translation_629741.3.peg.2491,9.506352457362316e-09,8.733872970213512e-33
transcription_TU_629741.3.peg.2491,3.519900912924864e-10,3.3359931986145675e-32
translation_g.2656.peg.2492,2.263788099310453e-37,-1.4025357152825243e-32
transcription_TU_g.2656.peg.2492,8.382089590271973e-39,-2.0931284314489884e-32
translation_g.2656.peg.2499,2.81609766002099e-06,5.848748066901019e-34
transcription_TU_g.2656.peg.2499,1.0427116782017358e-07,-2.895552254695249e-32
translation_g.2656.peg.2501,3.958652889387356e-10,4.456248006844125e-33
transcription_TU_g.2656.peg.2501,1.4657636545461546e-11,-2.1840171283707709e-32
translation_g.2656.peg.2505,2.6653000783838283e-09,-9.917322277403626e-33
transcription_TU_g.2656.peg.2505,9.86876114808499e-11,1.143092406381112e-32
translation_g.2656.peg.2508,0.0,4.5029220608125087e-33
transcription_TU_g.2656.peg.2508,0.0,4.837669709159009e-32
translation_g.2656.peg.2513,7.751183458368393e-11,-1.1878626017039948e-32
transcription_TU_g.2656.peg.2513,2.8700174808087447e-12,1.426119040529526e-32
translation_g.2656.peg.2518,1.3567428666720913e-07,-2.7480025981094007e-34
transcription_TU_g.2656.peg.2518,5.0235886754912675e-09,-4.9102901852682835e-33
translation_g.2656.peg.2523,0.0,1.2978975511804515e-33
transcription_TU_g.2656.peg.2523,0.0,-1.298463078129806e-32
translation_g.2656.peg.2527,7.7984066373472e-10,7.932688753701738e-33
transcription_TU_g.2656.peg.2527,2.88750272675815e-11,-2.878357901179421e-32
translation_g.2656.peg.2529,0.0,1.8459337621660196e-32
transcription_TU_g.2656.peg.2529,0.0,-7.633516166653033e-32
translation_g.2656.peg.2538,0.0,1.5747038622944827e-32
transcription_TU_g.2656.peg.2538,0.0,5.207124664234035e-32
translation_g.2656.peg.2539,2.6619248741607356e-32,-8.00720127926045e-33
transcription_TU_g.2656.peg.2539,2.182566911926445e-36,-2.6974649012519456e-32
translation_g.2656.peg.2541,4.253767075618214e-07,7.97965559888285e-33
transcription_TU_g.2656.peg.2541,1.5750350810149455e-08,4.860731834290442e-32
translation_629741.3.peg.2542,0.0,-2.8971208054086892e-33
transcription_TU_629741.3.peg.2542,0.0,5.850440957327159e-32
translation_g.2656.peg.2548,6.052658098043619e-09,-4.406058785631189e-33
transcription_TU_g.2656.peg.2548,2.2411073921865864e-10,-2.416385539364599e-32
translation_g.2656.peg.2550,5.845980917286682e-08,9.736834327350263e-33
transcription_TU_g.2656.peg.2550,2.1645813849203953e-09,4.4654648934626346e-32
translation_g.2656.peg.2556,2.011091883287641e-32,-1.7723023232434028e-32
transcription_TU_g.2656.peg.2556,7.446435620507264e-34,-5.004429570223966e-32
translation_g.2656.peg.2561,6.249783768211821e-09,-2.6552071097324075e-33
transcription_TU_g.2656.peg.2561,2.3140967779155582e-10,-1.8601129875006576e-32
translation_g.2656.peg.2570,0.0,4.060804230102705e-33
transcription_TU_g.2656.peg.2570,0.0,1.7618919881215226e-33
translation_g.2656.peg.2574,0.0,-1.3740784020965025e-32
transcription_TU_g.2656.peg.2574,0.0,-1.2010693856958945e-34
translation_g.2656.peg.2579,2.1487805739181136e-08,-3.88689006296466e-32
transcription_TU_g.2656.peg.2579,7.956253187258944e-10,8.066489442647391e-32
translation_g.2656.peg.2582,3.8755917291841966e-11,2.359399680774793e-33
transcription_TU_g.2656.peg.2582,1.4350087404043723e-12,-7.810748906599278e-33
translation_g.2656.peg.2585,2.011091883287641e-32,-1.0346490646268115e-32
transcription_TU_g.2656.peg.2585,0.0,-105.31653412782119
translation_g.2656.peg.2588,2.2802245546826886e-07,8.466339728885839e-33
transcription_TU_g.2656.peg.2588,8.442948573283039e-09,-6.074348096919152e-33
translation_g.2656.peg.2592,0.0,-7.65152111945901e-34
transcription_TU_g.2656.peg.2592,0.0,-1.0296837182290863e-31
translation_g.2656.peg.2599,3.990513150287041e-09,-6.588152559208157e-33
transcription_TU_g.2656.peg.2599,1.4775604990172404e-10,-4.300699133057109e-33
translation_g.2656.peg.2603,0.0,-2.826461471704927e-32
transcription_TU_g.2656.peg.2603,0.0,-7.648795645888941e-32
translation_629741.3.peg.2609,1.7246578983132144e-29,2.9535727768122357e-33
transcription_TU_629741.3.peg.2609,6.385861388985517e-31,-1.4365224869815473e-31
translation_629741.3.peg.2610,1.8917227541826848e-07,-7.14405519972478e-33
transcription_TU_629741.3.peg.2610,7.00444958180724e-09,-3.087317958955695e-32
translation_g.2656.peg.2622,1.154469418786743e-15,-2.5262973593854773e-33
transcription_TU_g.2656.peg.2622,4.274634229434838e-17,2.864298605519172e-32
translation_g.2656.peg.2624,2.3600025982771452e-07,5.188284571112252e-33
transcription_TU_g.2656.peg.2624,8.738341374821772e-09,-4.46554855729327e-33
translation_g.2656.peg.2629,2.81609766002099e-06,2.5532770237787125e-34
transcription_TU_g.2656.peg.2629,1.0427116782017358e-07,8.164214271154002e-33
translation_629741.3.peg.2647,3.4715377152488915e-11,7.0766709793302255e-34
transcription_TU_629741.3.peg.2647,1.2854003497097508e-12,1.1382258531740612e-31
translation_g.2656.peg.2654,0.0,1.0002048052935133e-32
transcription_TU_g.2656.peg.2654,0.0,-44.46437818812113
translation_g.2656.peg.2656,1.3749166335046488e-07,1.4605565251996036e-32
transcription_TU_g.2656.peg.2656,5.0908803720195825e-09,2.1267671483562298e-32
translation_g.2656.peg.2660,2.925932317329713e-32,1.4935835963862975e-34
transcription_TU_g.2656.peg.2660,2.4306588208006045e-36,2.918591378171185e-32
translation_g.2656.peg.2663,0.0,3.264175840491967e-33
transcription_TU_g.2656.peg.2663,0.0,7.260316962841138e-33
translation_g.2656.peg.2664,1.4063392253567086e-08,-2.0418384617550258e-32
transcription_TU_g.2656.peg.2664,5.207228267011496e-10,4.8617629211360565e-32
translation_g.2656.peg.2667,-7.204269890874264e-34,-4.99440276894365e-34
transcription_TU_g.2656.peg.2667,0.0,-44.61805893742332
translation_g.2656.peg.2670,9.064000256268876e-08,-2.9613655891652063e-33
transcription_TU_g.2656.peg.2670,3.356111917782226e-09,7.617237574341377e-33
translation_g.2656.peg.2674,1.0202980146756263e-10,-3.8388153485002794e-33
transcription_TU_g.2656.peg.2674,3.777840059497055e-12,3.6779875040087143e-32
translation_g.2656.peg.2677,0.0,-3.0534483061454895e-33
transcription_TU_g.2656.peg.2677,0.0,2.682661212487327e-32
translation_g.2656.peg.2679,0.0,6.310193779531818e-33
transcription_TU_g.2656.peg.2679,0.0,1.4105819424985798e-32
translation_629741.3.peg.2682,0.0,3.9835584619893264e-33
transcription_TU_629741.3.peg.2682,0.0,-30.004144696522907
translation_629741.3.peg.2684,7.822710403789661e-30,1.520009818105199e-32
transcription_TU_629741.3.peg.2684,2.896501640912872e-31,-1.9913513592792644e-32
translation_g.2656.peg.2685,-1.728157871864438e-37,8.418070633033157e-33
transcription_TU_g.2656.peg.2685,-6.398820681367555e-39,-6.901904094090734e-32
translation_629741.3.peg.2688,8.212708034688339e-30,5.260510004850978e-34
transcription_TU_629741.3.peg.2688,0.0,-63.52404035881568
translation_g.2656.peg.2699,4.85653565876262e-09,-1.1719815794242915e-32
transcription_TU_g.2656.peg.2699,1.798221176376816e-10,1.567407141624106e-33
translation_g.2656.peg.2703,7.735890363342861e-11,8.102394495656672e-33
transcription_TU_g.2656.peg.2703,2.8643549325934058e-12,2.468717596696647e-32
translation_g.2656.peg.2704,0.0,6.092199248494894e-33
transcription_TU_g.2656.peg.2704,0.0,1.637052759134436e-32
translation_g.2656.peg.2707,0.0,-1.4720676741738788e-32
transcription_TU_g.2656.peg.2707,0.0,1.8578214672751403e-32
translation_g.2656.peg.2709,7.445556234718753e-09,-7.725811559777658e-33
transcription_TU_g.2656.peg.2709,2.7568534099030935e-10,-1.942348397620552e-32
translation_g.2656.peg.2711,0.0,4.867942803213544e-34
transcription_TU_g.2656.peg.2711,0.0,2.3920404942576606e-32
translation_g.2656.peg.2712,9.747162011439186e-11,-4.286026993692041e-33
transcription_TU_g.2656.peg.2712,3.6090650558532856e-12,-2.0670114831156918e-32
translation_g.2656.peg.2717,3.543053591269909e-30,-9.705395208559898e-35
transcription_TU_g.2656.peg.2717,1.3118804111659244e-31,-1.041051045953616e-32
translation_g.2656.peg.2727,2.8160570206696142e-06,5.458624836045563e-34
transcription_TU_g.2656.peg.2727,1.0426966307384055e-07,3.744836712527666e-32
translation_g.2656.peg.2730,0.0,4.727034842853864e-33
transcription_TU_g.2656.peg.2730,0.0,-66.58926076430507
translation_629741.3.peg.2733,-1.7486517923212176e-29,-7.419272710605242e-33
transcription_TU_629741.3.peg.2733,-6.4747031711540136e-31,2.0317118595958e-33
translation_g.2656.peg.2737,2.4289849376136623e-07,1.365233954033731e-32
transcription_TU_g.2656.peg.2737,8.993761106306954e-09,-4.79074200666156e-33
translation_g.2656.peg.2739,1.4405848440899292e-09,1.271678302011873e-32
transcription_TU_g.2656.peg.2739,5.334028935494375e-11,-3.641960245245518e-32
translation_g.2656.peg.2743,2.8160570206696142e-06,5.683960625087422e-33
transcription_TU_g.2656.peg.2743,1.0426966307384055e-07,-7.441822361657673e-33
translation_629741.3.peg.2743,0.0,-1.3819303948926336e-32
transcription_TU_629741.3.peg.2743,0.0,1.2876373775397293e-32
translation_629741.3.peg.2744,0.0,-1.0019116088323916e-33
transcription_TU_629741.3.peg.2744,0.0,-43.2022344338746
translation_g.2656.peg.2751,1.752190863567998e-42,-3.735839053221423e-34
transcription_TU_g.2656.peg.2751,3.080507631374376e-43,-2.7071188449848035e-34
translation_g.2656.peg.2753,1.0049153870226286e-08,2.7597069749543985e-33
transcription_TU_g.2656.peg.2753,3.7208830664107784e-10,-2.910521302070044e-32
translation_629741.3.peg.2754,0.0,-2.3052526418502182e-33
transcription_TU_629741.3.peg.2754,0.0,1.1314767536694063e-33
translation_g.2656.peg.2765,1.605846417027618e-37,-3.025564188585808e-32
transcription_TU_g.2656.peg.2765,5.945940143356505e-39,-6.777665067119837e-32
translation_g.2656.peg.2769,2.81609766002099e-06,-3.1278122583066315e-33
transcription_TU_g.2656.peg.2769,1.0427116782017358e-07,-2.3304756801129008e-32
translation_629741.3.peg.2774,0.0,-9.139816415081162e-33
transcription_TU_629741.3.peg.2774,0.0,-56.8668896330844
translation_g.2656.peg.2786,1.6371053329725245e-33,-6.4573826861989845e-34
transcription_TU_g.2656.peg.2786,6.061648825254123e-35,6.365998407421539e-32
translation_g.2656.peg.2790,7.384256439888994e-12,-6.144954095529586e-34
transcription_TU_g.2656.peg.2790,2.734156039407823e-13,8.80594002363172e-32
translation_g.2656.peg.2797,2.8160570206696142e-06,7.467054518541663e-33
transcription_TU_g.2656.peg.2797,1.0426966307384055e-07,2.8537167721309605e-33
translation_629741.3.peg.2798,0.0,2.5355525324540986e-34
transcription_TU_629741.3.peg.2798,0.0,-8.925446531185423e-33
translation_g.2656.peg.2801,0.0,-5.6322871226169224e-33
transcription_TU_g.2656.peg.2801,0.0,-60.975788487039665
translation_g.2656.peg.2806,0.0,6.850370693461526e-34
transcription_TU_g.2656.peg.2806,0.0,6.38820556659537e-32
translation_g.2656.peg.2807,0.0,1.9301072484700325e-32
transcription_TU_g.2656.peg.2807,0.0,-1.1558838685845143e-32
translation_g.2656.peg.2825,7.420540979205478e-11,5.390457034524718e-34
transcription_TU_g.2656.peg.2825,2.7475910539034445e-12,1.9583650385993083e-32
translation_g.2656.peg.2828,-3.9268181080590843e-38,-1.7728476443949714e-33
transcription_TU_g.2656.peg.2828,-1.0048421291856591e-39,1.6845873188548454e-32
translation_g.2656.peg.2833,-4.01483439140151e-39,1.6399634499647133e-32
transcription_TU_g.2656.peg.2833,-1.4866219298337336e-40,-5.500250694691341e-33
translation_g.2656.peg.2838,0.0,2.5642035875025834e-32
transcription_TU_g.2656.peg.2838,0.0,7.924661408097133e-33
translation_g.2656.peg.2841,0.0,-2.4607407160580366e-33
transcription_TU_g.2656.peg.2841,0.0,4.949101088086535e-33
translation_g.2656.peg.2843,0.0,1.1665399820536254e-32
transcription_TU_g.2656.peg.2843,0.0,1.3120517665832506e-32
translation_g.2656.peg.2851,0.0,-1.2697057951837848e-32
transcription_TU_g.2656.peg.2851,0.0,-3.4324809995483945e-32
translation_g.2656.peg.2854,0.0,3.853301744554547e-33
transcription_TU_g.2656.peg.2854,0.0,-1.375677125977001e-32
translation_g.2656.peg.2863,1.0186584784416535e-09,4.2078148752378324e-33
transcription_TU_g.2656.peg.2863,3.7717693766430187e-11,2.987320467575986e-32
translation_g.2656.peg.2868,0.0,1.1255631883382183e-33
transcription_TU_g.2656.peg.2868,0.0,-52.47158154835693
translation_g.2656.peg.2878,8.337643766330264e-09,-5.599270600032784e-32
transcription_TU_g.2656.peg.2878,3.08716513892976e-10,-2.8867209026568996e-32
translation_g.2656.peg.2882,1.9645594446301434e-07,-1.3200525142491983e-32
transcription_TU_g.2656.peg.2882,7.274140753421522e-09,-3.554596191161799e-32
translation_g.2656.peg.2889,0.0,1.1712932794404274e-32
transcription_TU_g.2656.peg.2889,0.0,-1.5880270329603882e-31
translation_g.2656.peg.2891,1.0197754468189216e-09,2.722434278850564e-34
transcription_TU_g.2656.peg.2891,3.7759051564055386e-11,7.53724199262752e-33
translation_g.2656.peg.2907,1.3749166335046488e-07,-5.033225743531713e-32
transcription_TU_g.2656.peg.2907,5.0908803720195825e-09,1.2573505338883912e-31
translation_629741.3.peg.2912,0.0,-6.941590603601802e-33
transcription_TU_629741.3.peg.2912,0.0,-6.320881572140145e-32
translation_629741.3.peg.2914,-5.8541304134111164e-30,6.970281300159529e-33
transcription_TU_629741.3.peg.2914,-2.167598884952814e-31,-6.275570022827045e-32
translation_g.2656.peg.2923,4.009385435693491e-09,-9.315133930190033e-33
transcription_TU_g.2656.peg.2923,1.4845483079512227e-10,3.9341777521567015e-32
translation_g.2656.peg.2937,7.732760729826893e-08,3.861773236177627e-32
transcription_TU_g.2656.peg.2937,2.8631961285285045e-09,-1.4531170375473484e-32
translation_g.2656.peg.2940,0.0,-2.8951245143538283e-32
transcription_TU_g.2656.peg.2940,0.0,3.582945736170825e-32
translation_g.2656.peg.2949,2.039019269027323e-09,6.272190888791304e-33
transcription_TU_g.2656.peg.2949,7.549841875431655e-11,6.66295482568352e-32
translation_g.2656.peg.2957,3.548452624183437e-07,-6.857486351335591e-33
transcription_TU_g.2656.peg.2957,1.3138795018756867e-08,1.4693526716499976e-32
translation_g.2656.peg.2958,6.119663386652159e-10,-3.376272666134458e-33
transcription_TU_g.2656.peg.2958,2.2659173261335795e-11,3.578730408375134e-32
translation_g.2656.peg.2962,0.0,-1.6299819307978878e-33
transcription_TU_g.2656.peg.2962,0.0,-3.928137326387034e-33
translation_g.2656.peg.2965,1.1385292768547532e-08,5.59288379715168e-33
transcription_TU_g.2656.peg.2965,4.2156129377351916e-10,-6.014015907736255e-32
translation_g.2656.peg.2967,0.0,3.71233382734689e-33
transcription_TU_g.2656.peg.2967,0.0,1.2707408790052429e-31
translation_g.2656.peg.2993,0.0,-1.7427065161373787e-33
transcription_TU_g.2656.peg.2993,0.0,1.442252802889606e-32
translation_g.2656.peg.2997,3.692128219944497e-12,-1.4198812976125278e-33
transcription_TU_g.2656.peg.2997,1.3670780197039114e-13,3.572950522537839e-33
translation_629741.3.peg.3013,9.476844128316153e-08,2.774063758543647e-33
transcription_TU_629741.3.peg.3013,3.5089749142503636e-09,3.551152054212833e-32
translation_g.2656.peg.3014,0.0,-1.0149173423007645e-32
transcription_TU_g.2656.peg.3014,0.0,4.8342909333722977e-32
translation_g.2656.peg.3022,7.723069962943952e-10,5.140408728279526e-33
transcription_TU_g.2656.peg.3022,2.859607944800708e-11,2.8177799094844763e-32
translation_629741.3.peg.3028,1.213345658475409e-10,-6.260105815494349e-33
transcription_TU_629741.3.peg.3028,4.492634278096215e-12,3.6779875040087143e-32
translation_g.2656.peg.3038,2.81609766002099e-06,-5.800492836603989e-33
transcription_TU_g.2656.peg.3038,1.0427116782017358e-07,1.8025984692525974e-32
translation_g.2656.peg.3040,2.81609766002099e-06,2.8230487899288606e-33
transcription_TU_g.2656.peg.3040,1.0427116782017358e-07,3.56551303861993e-33
translation_629741.3.peg.3053,1.3050497974620297e-10,8.485605069942568e-33
transcription_TU_629741.3.peg.3053,4.832185629664299e-12,-9.786630930175445e-33
translation_g.2656.peg.3070,0.0,1.8801008033941782e-34
transcription_TU_g.2656.peg.3070,0.0,-14.491111630153082
translation_g.2656.peg.3075,0.0,6.6130453379584525e-34
transcription_TU_g.2656.peg.3075,0.0,-31.990008328275753
translation_g.2656.peg.3076,0.0,-2.8590763405669437e-34
transcription_TU_g.2656.peg.3076,0.0,4.030057531985862e-32
translation_629741.3.peg.3080,0.0,2.3199647833530864e-32
transcription_TU_629741.3.peg.3080,0.0,-1.1580471979816541e-32
translation_g.2656.peg.3084,2.011091883287641e-32,-1.328496441744915e-32
transcription_TU_g.2656.peg.3084,0.0,-101.21512353270823
translation_g.2656.peg.3099,1.1269029061161997e-08,-4.180146318280125e-32
transcription_TU_g.2656.peg.3099,4.172564173069472e-10,-5.027954565508395e-32
translation_g.2656.peg.3102,1.828991992317256e-12,1.1613952004744877e-32
transcription_TU_g.2656.peg.3102,6.772177459614265e-14,1.5277330812465666e-32
transcription_TU_GCWU000324_RS11145,6.981256986251614e-08,-1.6095424602017645e-33
transcription_TU_GCWU000324_RS11235,1.2657244710232756e-06,-7.151362024300143e-33
transcription_TU_GCWU000324_RS11530,1.5437979994009593e-06,-1.7475138744858463e-34
transcription_TU_GCWU000324_RS11535,1.02879780387461e-06,-1.9798566303930097e-33
transcription_TU_GCWU000324_RS11770,0.0,8.253626877625159e-34
transcription_TU_GCWU000324_RS09965,3.127656997226405e-07,-2.427050699429321e-33
transcription_TU_GCWU000324_RS09970,0.0,1.2244969557294012e-33
transcription_TU_GCWU000324_RS10155,0.0,2.58601984329025e-33
transcription_TU_GCWU000324_RS10245,0.0,6.834994754878929e-34
transcription_TU_GCWU000324_RS10285,0.0,2.8611143577717744e-33
transcription_TU_GCWU000324_RS10290,2.8160570206696142e-06,2.5625690555726064e-31
transcription_TU_GCWU000324_RS10295,2.8443949292897915e-06,-5.438646072549504e-33
transcription_TU_GCWU000324_RS10300,1.2215637968036897e-06,-2.2805278758194314e-33
transcription_TU_GCWU000324_RS10305,2.8160570206696142e-06,1.6351645038786563e-31
transcription_TU_GCWU000324_RS10320,0.0,1.1817968943722568e-34
transcription_TU_GCWU000324_RS10325,0.0,1.9771736204793026e-33
transcription_TU_GCWU000324_RS10490,-2.4246233534362085e-40,-3.278860599166393e-33
transcription_TU_GCWU000324_RS10825,0.0,1.2248205266909447e-33
transcription_TU_GCWU000324_RS05785,7.765993439788248e-07,-1.1338820389027461e-33
transcription_TU_GCWU000324_RS05790,1.4227850424555988e-06,2.863906061840756e-33
transcription_TU_GCWU000324_RS05905,0.0,6.963433848540886e-34
transcription_TU_GCWU000324_RS06985,0.0,3.10829824029287e-34
transcription_TU_GCWU000324_RS07890,0.0,2.548755989189436e-33
transcription_TU_GCWU000324_RS08825,1.134105553464472e-06,4.764259334416889e-34
transcription_TU_GCWU000324_RS09460,0.0,2.8611143577717744e-33
transcription_TU_GCWU000324_RS09465,0.0,5.524318759796936e-35
transcription_TU_GCWU000324_RS00005,2.8160570206696142e-06,2.8611143577717744e-33
transcription_TU_GCWU000324_RS00145,6.288082587775494e-07,1.932699307890269e-33
transcription_TU_GCWU000324_RS00150,0.0,8.676805727383314e-34
transcription_TU_GCWU000324_RS00155,0.0,-1.3919562948994826e-33
transcription_TU_GCWU000324_RS00165,3.3053447696720333e-07,-3.6987544851765974e-33
transcription_TU_GCWU000324_RS00580,-1.2707341747514379e-40,-2.160914687168553e-33
transcription_TU_GCWU000324_RS00630,0.0,-1.747059890024967e-33
transcription_TU_GCWU000324_RS00715,0.0,2.0566875180215943e-33
transcription_TU_GCWU000324_RS00720,6.943123133319656e-07,-1.2363476912481966e-33
transcription_TU_GCWU000324_RS01220,9.655493084368249e-07,-4.5774918078284654e-33
transcription_TU_GCWU000324_RS01510,3.3575363605449766e-07,-5.355907029311317e-33
transcription_TU_GCWU000324_RS01515,7.250476508181442e-07,-5.355907029311317e-33
transcription_TU_GCWU000324_RS01550,0.0,-5.149220301053596e-34
transcription_TU_GCWU000324_RS01555,0.0,-1.7475138744858463e-34
transcription_TU_GCWU000324_RS01850,1.204812099284523e-06,-3.6953209097508035e-33
transcription_TU_GCWU000324_RS01855,0.0,-3.835097151328922e-35
transcription_TU_GCWU000324_RS01860,4.254454789360648e-07,1.0037869617065603e-33
transcription_TU_GCWU000324_RS02140,0.0,-1.5529208332304813e-33
transcription_TU_GCWU000324_RS02750,1.5322136268454249e-06,1.4796394250168132e-33
transcription_TU_GCWU000324_RS02755,0.0,-8.327069393122104e-34
transcription_TU_GCWU000324_RS02760,0.0,-8.327069393122104e-34
transcription_TU_GCWU000324_RS02765,2.103804562329607e-07,1.9815718494654208e-33
transcription_TU_GCWU000324_RS02770,2.3469120949855923e-06,-7.16630475412816e-34
transcription_TU_GCWU000324_RS02995,9.396173419340244e-07,-2.7252778717702662e-33
transcription_TU_GCWU000324_RS03000,0.0,-4.7195393940863986e-33
transcription_TU_GCWU000324_RS03610,0.0,1.2248205266909447e-33
transcription_TU_GCWU000324_RS04405,8.778335881678899e-07,-1.6095424602017645e-33
transcription_TU_GCWU000324_RS04950,0.0,-7.151362024300143e-33
charging_tRNA_GCWU000324_RS11145_AAA,0.0,2.2876158283538866e-34
charging_tRNA_GCWU000324_RS11145_AAG,0.0012844172050152781,-2.7104434489998016e-35
charging_tRNA_GCWU000324_RS11235_UUU,0.015084472540483122,4.3882154458951743e-38
charging_tRNA_GCWU000324_RS11235_UUC,0.008202426804330134,-1.0731756383084698e-37
charging_tRNA_GCWU000324_RS11530_GUU,0.004186521712770344,1.0045822140261732e-37
charging_tRNA_GCWU000324_RS11530_GUC,0.000634162958307275,-3.8739743950672754e-38
charging_tRNA_GCWU000324_RS11530_GUA,0.002806096907367859,4.300693571527158e-38
charging_tRNA_GCWU000324_RS11530_GUG,0.020776136626738786,-5.50769171380258e-38
charging_tRNA_GCWU000324_RS11535_GAU,0.008826184863493906,9.001360392028548e-35
charging_tRNA_GCWU000324_RS11535_GAC,0.010101718841823976,1.3650112153035302e-35
charging_tRNA_GCWU000324_RS11770_UUA,0.0,-3.1568245316012086e-05
charging_tRNA_GCWU000324_RS11770_UUG,0.0,-3.1568245316012086e-05
charging_tRNA_GCWU000324_RS11770_CUU,0.0,-3.1568245316012086e-05
charging_tRNA_GCWU000324_RS11770_CUC,0.0,-3.1568245316012086e-05
charging_tRNA_GCWU000324_RS11770_CUA,0.0,-3.1568245316012086e-05
charging_tRNA_GCWU000324_RS11770_CUG,0.0,-3.1568245316012086e-05
charging_tRNA_GCWU000324_RS09965_CGU,0.004581093100671069,3.72956657590141e-38
charging_tRNA_GCWU000324_RS09965_CGC,0.0,1.761491548142563e-37
charging_tRNA_GCWU000324_RS09965_CGA,0.000513737214140526,-5.05461323142887e-38
charging_tRNA_GCWU000324_RS09965_CGG,0.0005811110859823033,-1.0450557417977095e-37
charging_tRNA_GCWU000324_RS09965_AGA,5.8431100412537094e-05,1.003130754302998e-37
charging_tRNA_GCWU000324_RS09965_AGG,1.991568290601628e-05,1.2875078714458407e-37
charging_tRNA_GCWU000324_RS09970_GAA,0.0,-2.4479648192899566e-05
charging_tRNA_GCWU000324_RS09970_GAG,0.0,-2.4479648192899566e-05
charging_tRNA_GCWU000324_RS10155_CCU,0.0,-1.1992501099056617e-05
charging_tRNA_GCWU000324_RS10155_CCC,0.0,-1.1992501099056617e-05
charging_tRNA_GCWU000324_RS10155_CCA,0.0,-1.1992501099056617e-05
charging_tRNA_GCWU000324_RS10155_CCG,0.0,-1.1992501099056617e-05
charging_tRNA_GCWU000324_RS10245_UCU,0.0,-2.9301843735787684e-05
charging_tRNA_GCWU000324_RS10245_UCC,0.0,-2.9301843735787684e-05
charging_tRNA_GCWU000324_RS10245_UCA,0.0,-2.9301843735787684e-05
charging_tRNA_GCWU000324_RS10245_UCG,0.0,-2.9301843735787684e-05
charging_tRNA_GCWU000324_RS10245_AGU,0.0,-2.9301843735787684e-05
charging_tRNA_GCWU000324_RS10245_AGC,0.0,-2.9301843735787684e-05
charging_tRNA_GCWU000324_RS10295_GCU,0.0034571303977043487,-1.6940433324487185e-38
charging_tRNA_GCWU000324_RS10295_GCC,0.021225404380646695,4.830130052032973e-38
charging_tRNA_GCWU000324_RS10295_GCA,0.011215011363309844,1.6034822415164135e-38
charging_tRNA_GCWU000324_RS10295_GCG,0.016433857676200956,-2.4355156843109427e-38
charging_tRNA_GCWU000324_RS10300_AUU,0.009814333286959557,-4.414708625675215e-38
charging_tRNA_GCWU000324_RS10300_AUC,0.009635403879555922,3.21967668031448e-36
charging_tRNA_GCWU000324_RS10300_AUA,0.0030246905866572983,1.8607813802420523e-37
charging_tRNA_GCWU000324_RS10320_UCU,0.0,-2.664342296695046e-05
charging_tRNA_GCWU000324_RS10320_UCC,0.0,-2.664342296695046e-05
charging_tRNA_GCWU000324_RS10320_UCA,0.0,-2.664342296695046e-05
charging_tRNA_GCWU000324_RS10320_UCG,0.0,-2.664342296695046e-05
charging_tRNA_GCWU000324_RS10320_AGU,0.0,-2.664342296695046e-05
charging_tRNA_GCWU000324_RS10320_AGC,0.0,-2.664342296695046e-05
charging_tRNA_GCWU000324_RS10325_CGU,0.0,-3.063943993131358e-05
charging_tRNA_GCWU000324_RS10325_CGC,0.0,-3.063943993131358e-05
charging_tRNA_GCWU000324_RS10325_CGA,0.0,-3.063943993131358e-05
charging_tRNA_GCWU000324_RS10325_CGG,0.0,-3.063943993131358e-05
charging_tRNA_GCWU000324_RS10325_AGA,0.0,-3.063943993131358e-05
charging_tRNA_GCWU000324_RS10325_AGG,0.0,-3.063943993131358e-05
charging_tRNA_GCWU000324_RS10490_AUG,0.0,-3.835090547321136e-07
charging_tRNA_GCWU000324_RS10490_START,0.0,-3.835090547321136e-07
charging_tRNA_GCWU000324_RS10825_UUA,0.0,-4.385393933335049e-05
charging_tRNA_GCWU000324_RS10825_UUG,0.0,-4.385393933335049e-05
charging_tRNA_GCWU000324_RS10825_CUU,0.0,-4.385393933335049e-05
charging_tRNA_GCWU000324_RS10825_CUC,0.0,-4.385393933335049e-05
charging_tRNA_GCWU000324_RS10825_CUA,0.0,-4.385393933335049e-05
charging_tRNA_GCWU000324_RS10825_CUG,0.0,-4.385393933335049e-05
charging_tRNA_GCWU000324_RS05785_CGU,0.0,3.72956657590141e-38
charging_tRNA_GCWU000324_RS05785_CGC,0.01428793640993794,1.761491548142563e-37
charging_tRNA_GCWU000324_RS05785_CGA,0.0,-1.1565209393671841e-37
charging_tRNA_GCWU000324_RS05785_CGG,0.0,-1.0450557417977095e-37
charging_tRNA_GCWU000324_RS05785_AGA,0.0,3.28668579380956e-38
charging_tRNA_GCWU000324_RS05785_AGG,0.0,5.847317198677271e-38
charging_tRNA_GCWU000324_RS05790_GAA,0.022441579224942595,1.1380802509261584e-34
charging_tRNA_GCWU000324_RS05790_GAG,0.0037349329872165037,-3.885691103042751e-34
charging_tRNA_GCWU000324_RS05905_GGU,0.0,-2.807331110486463e-05
charging_tRNA_GCWU000324_RS05905_GGC,0.0,-2.807331110486463e-05
charging_tRNA_GCWU000324_RS05905_GGA,0.0,-2.807331110486463e-05
charging_tRNA_GCWU000324_RS05905_GGG,0.0,-2.807331110486463e-05
charging_tRNA_GCWU000324_RS06985_CGU,0.0,-3.1635363818342645e-05
charging_tRNA_GCWU000324_RS06985_CGC,0.0,-3.1635363818342645e-05
charging_tRNA_GCWU000324_RS06985_CGA,0.0,-3.1635363818342645e-05
charging_tRNA_GCWU000324_RS06985_CGG,0.0,-3.1635363818342645e-05
charging_tRNA_GCWU000324_RS06985_AGA,0.0,-3.1635363818342645e-05
charging_tRNA_GCWU000324_RS06985_AGG,0.0,-3.1635363818342645e-05
charging_tRNA_GCWU000324_RS07890_GAA,0.0,-1.6135163307317126e-05
charging_tRNA_GCWU000324_RS07890_GAG,0.0,-1.6135163307317126e-05
charging_tRNA_GCWU000324_RS08825_UCU,0.0022491786556797337,3.640191769357258e-39
charging_tRNA_GCWU000324_RS08825_UCC,0.0011559370208113395,2.0308722987593983e-37
charging_tRNA_GCWU000324_RS08825_UCA,0.000721393513152979,-5.219225612592166e-38
charging_tRNA_GCWU000324_RS08825_UCG,0.007393779711889815,5.685552538064401e-38
charging_tRNA_GCWU000324_RS08825_AGU,0.0017705606591310408,5.235947791032675e-38
charging_tRNA_GCWU000324_RS08825_AGC,0.007574514485405778,-5.5846206179421463e-39
charging_tRNA_GCWU000324_RS00145_UAU,0.006239543273492163,-4.187198349014591e-38
charging_tRNA_GCWU000324_RS00145_UAC,0.005329321012983978,-7.971459290458444e-38
charging_tRNA_GCWU000324_RS00150_GGU,0.0,-9.832981391946021e-06
charging_tRNA_GCWU000324_RS00150_GGC,0.0,-9.832981391946021e-06
charging_tRNA_GCWU000324_RS00150_GGA,0.0,-9.832981391946021e-06
charging_tRNA_GCWU000324_RS00150_GGG,0.0,-9.832981391946021e-06
charging_tRNA_GCWU000324_RS00155_ACU,0.0,-8.979447681874266e-06
charging_tRNA_GCWU000324_RS00155_ACC,0.0,-8.979447681874266e-06
charging_tRNA_GCWU000324_RS00155_ACA,0.0,-8.979447681874266e-06
charging_tRNA_GCWU000324_RS00155_ACG,0.0,-8.979447681874266e-06
charging_tRNA_GCWU000324_RS00165_UGG,0.006081199559097579,-3.60749802228375e-34
charging_tRNA_GCWU000324_RS00580_AUU,0.0,-4.450997157879295e-06
charging_tRNA_GCWU000324_RS00580_AUC,0.0,-4.450997157879295e-06
charging_tRNA_GCWU000324_RS00580_AUA,0.0,-4.450997157879295e-06
charging_tRNA_GCWU000324_RS00630_UUA,0.0,-3.906345155846318e-05
charging_tRNA_GCWU000324_RS00630_UUG,0.0,-3.906345155846318e-05
charging_tRNA_GCWU000324_RS00630_CUU,0.0,-3.906345155846318e-05
charging_tRNA_GCWU000324_RS00630_CUC,0.0,-3.906345155846318e-05
charging_tRNA_GCWU000324_RS00630_CUA,0.0,-3.906345155846318e-05
charging_tRNA_GCWU000324_RS00630_CUG,0.0,-3.906345155846318e-05
charging_tRNA_GCWU000324_RS00715_GCU,0.0,-1.962321697546133e-06
charging_tRNA_GCWU000324_RS00715_GCC,0.0,-1.962321697546133e-06
charging_tRNA_GCWU000324_RS00715_GCA,0.0,-1.962321697546133e-06
charging_tRNA_GCWU000324_RS00715_GCG,0.0,-1.962321697546133e-06
charging_tRNA_GCWU000324_RS00720_AUG,0.010395806347656786,-3.5706715405145846e-36
charging_tRNA_GCWU000324_RS00720_START,0.0023782067370034096,1.6255208974497205e-34
charging_tRNA_GCWU000324_RS01220_AAU,0.008986967668214585,4.774468629044173e-38
charging_tRNA_GCWU000324_RS01220_AAC,0.008777285194689033,-2.9633855993621785e-38
charging_tRNA_GCWU000324_RS01510_CAA,0.0,-2.5702563013831012e-34
charging_tRNA_GCWU000324_RS01510_CAG,0.006177222062503975,3.2989022053196787e-34
charging_tRNA_GCWU000324_RS01515_CAA,0.013339484264806436,-2.5702563013831012e-34
charging_tRNA_GCWU000324_RS01515_CAG,0.0,3.2989022053196787e-34
charging_tRNA_GCWU000324_RS01550_GAU,0.0,9.001360392028548e-35
charging_tRNA_GCWU000324_RS01550_GAC,0.0,1.3588389487466512e-35
charging_tRNA_GCWU000324_RS01555_GUU,0.0,1.0045822140261732e-37
charging_tRNA_GCWU000324_RS01555_GUC,0.0,-3.8739743950672754e-38
charging_tRNA_GCWU000324_RS01555_GUA,0.0,4.300693571527158e-38
charging_tRNA_GCWU000324_RS01555_GUG,0.0,-5.50769171380258e-38
charging_tRNA_GCWU000324_RS01850_CCU,0.0023239558377349855,-4.19466696747782e-38
charging_tRNA_GCWU000324_RS01850_CCC,0.012590608819255545,6.496362145305882e-38
charging_tRNA_GCWU000324_RS01850_CCA,0.0007160545304360735,-2.1683640601408193e-38
charging_tRNA_GCWU000324_RS01850_CCG,0.006535609504327838,1.5321265120990643e-37
charging_tRNA_GCWU000324_RS01855_CGU,0.0,-1.9429098973057973e-05
charging_tRNA_GCWU000324_RS01855_CGC,0.0,-1.9429098973057973e-05
charging_tRNA_GCWU000324_RS01855_CGA,0.0,-1.9429098973057973e-05
charging_tRNA_GCWU000324_RS01855_CGG,0.0,-1.9429098973057973e-05
charging_tRNA_GCWU000324_RS01855_AGA,0.0,-1.9429098973057973e-05
charging_tRNA_GCWU000324_RS01855_AGG,0.0,-1.9429098973057973e-05
charging_tRNA_GCWU000324_RS01860_CAU,0.003696108555796074,6.356127914465662e-34
charging_tRNA_GCWU000324_RS01860_CAC,0.0041312711555880665,3.239322501206422e-34
charging_tRNA_GCWU000324_RS02140_AAU,0.0,-2.4479648192899675e-05
charging_tRNA_GCWU000324_RS02140_AAC,0.0,-2.4479648192899675e-05
charging_tRNA_GCWU000324_RS02750_GGU,0.003673719214787777,-5.197778047865435e-38
charging_tRNA_GCWU000324_RS02750_GGC,0.021807357557526382,3.7254758947845253e-38
charging_tRNA_GCWU000324_RS02750_GGA,0.0005675832870414769,-3.529813577217518e-38
charging_tRNA_GCWU000324_RS02750_GGG,0.0021411279394927614,-1.9307748347344e-38
charging_tRNA_GCWU000324_RS02755_GGU,0.0,6.9958639246757e-38
charging_tRNA_GCWU000324_RS02755_GGC,0.0,1.1416780967888062e-37
charging_tRNA_GCWU000324_RS02755_GGA,0.0,9.448746936501471e-38
charging_tRNA_GCWU000324_RS02755_GGG,0.0,8.785287120647854e-38
charging_tRNA_GCWU000324_RS02760_GGU,0.0,6.9958639246757e-38
charging_tRNA_GCWU000324_RS02760_GGC,0.0,1.1416780967888062e-37
charging_tRNA_GCWU000324_RS02760_GGA,0.0,9.448746936501471e-38
charging_tRNA_GCWU000324_RS02760_GGG,0.0,8.785287120647854e-38
charging_tRNA_GCWU000324_RS02765_UGU,0.0009942944505707408,1.5489433827211822e-38
charging_tRNA_GCWU000324_RS02765_UGC,0.002876301892132628,-3.4143407245424547e-38
charging_tRNA_GCWU000324_RS02770_UUA,0.002506506769412639,1.0391121135069558e-37
charging_tRNA_GCWU000324_RS02770_UUG,0.01704477097006353,-1.4437261351587302e-38
charging_tRNA_GCWU000324_RS02770_CUU,0.002847874925500921,1.2439261908755163e-37
charging_tRNA_GCWU000324_RS02770_CUC,0.0021717766711244558,3.0363631506677996e-38
charging_tRNA_GCWU000324_RS02770_CUA,0.0006027984413640048,5.043811382951104e-38
charging_tRNA_GCWU000324_RS02770_CUG,0.01800494734356661,-3.7215049727140535e-38
charging_tRNA_GCWU000324_RS02995_ACU,0.0025541447017634515,5.195711434972532e-38
charging_tRNA_GCWU000324_RS02995_ACC,0.009031310289349536,-2.273151089286155e-38
charging_tRNA_GCWU000324_RS02995_ACA,0.001777543794035721,-1.3510209487377904e-38
charging_tRNA_GCWU000324_RS02995_ACG,0.003924155698456308,6.976675555808179e-38
charging_tRNA_GCWU000324_RS03000_ACU,0.0,1.661289707748728e-37
charging_tRNA_GCWU000324_RS03000_ACC,0.0,6.963780321146475e-38
charging_tRNA_GCWU000324_RS03000_ACA,0.0,4.6121059974152157e-38
charging_tRNA_GCWU000324_RS03000_ACG,0.0,1.773588605151236e-37
charging_tRNA_GCWU000324_RS03610_UUA,0.0,-4.465919953875796e-05
charging_tRNA_GCWU000324_RS03610_UUG,0.0,-4.465919953875796e-05
charging_tRNA_GCWU000324_RS03610_CUU,0.0,-4.465919953875796e-05
charging_tRNA_GCWU000324_RS03610_CUC,0.0,-4.465919953875796e-05
charging_tRNA_GCWU000324_RS03610_CUA,0.0,-4.465919953875796e-05
charging_tRNA_GCWU000324_RS03610_CUG,0.0,-4.465919953875796e-05
charging_tRNA_GCWU000324_RS04405_AAA,0.016150452074799142,2.2876158283538866e-34
charging_tRNA_GCWU000324_RS04405_AAG,0.0,-2.7104434489998016e-35
charging_tRNA_GCWU000324_RS04950_UUU,0.0,4.3882154458951743e-38
charging_tRNA_GCWU000324_RS04950_UUC,0.0,-1.0731756383084698e-37
DM_RNA_g.2656.peg.1,0.0,-94.8251393585333
DM_RNA_g.2656.peg.3,0.0,-69.11496684599082
DM_RNA_g.2656.peg.13,0.0,-37.75953376731817
DM_RNA_g.2656.peg.19,0.0,-47.60791862450811
DM_RNA_g.2656.peg.28,0.0,-21.07063950829862
DM_RNA_629741.3.peg.28,0.0,-66.11767903626152
DM_RNA_g.2656.peg.35,0.0,-15.842159307129245
DM_RNA_g.2656.peg.38,0.0,-12.910737544016737
DM_RNA_g.2656.peg.40,0.0,9.417692868400787e-33
DM_RNA_g.2656.peg.42,-7.446435620507264e-34,0.0
DM_RNA_g.2656.peg.44,0.0,-33.45574539037093
DM_RNA_g.2656.peg.49,0.0,-23.840766472320144
DM_RNA_g.2656.peg.51,0.0,-35.76723551283305
DM_RNA_g.2656.peg.71,0.0,-42.50857140311574
DM_RNA_g.2656.peg.76,0.0,-41.69530342401674
DM_RNA_g.2656.peg.77,0.0,-32.236309819591796
DM_RNA_g.2656.peg.79,0.0,-124.3045412490678
DM_RNA_g.2656.peg.81,0.0,-32.331584957272405
DM_RNA_g.2656.peg.86,0.0,-8.71975570380161
DM_RNA_g.2656.peg.88,0.0,-28.45376235523955
DM_RNA_g.2656.peg.99,0.0,-31.808934586734217
DM_RNA_g.2656.peg.102,0.0,-11.277543778501116
DM_RNA_g.2656.peg.104,0.0,-34.494681278017005
DM_RNA_629741.3.peg.121,0.0,-43.58415751709739
DM_RNA_g.2656.peg.127,0.0,-47.344728668120545
DM_RNA_g.2656.peg.135,0.0,-50.472395485937334
DM_RNA_629741.3.peg.140,0.0,-49.05817157524326
DM_RNA_g.2656.peg.141,0.0,-62.972193842977205
DM_RNA_g.2656.peg.146,0.0,-98.62269808909532
DM_RNA_g.2656.peg.149,0.0,-17.89380950489327
DM_RNA_629741.3.peg.154,0.0,-33.56385790292337
DM_RNA_g.2656.peg.155,0.0,-30.476282893015846
DM_RNA_g.2656.peg.163,0.0,-68.4769776281309
DM_RNA_g.2656.peg.164,0.0,-24.428154584159977
DM_RNA_g.2656.peg.165,0.0,-19.896402582184997
DM_RNA_g.2656.peg.171,0.0,-28.86669793927622
DM_RNA_g.2656.peg.172,0.0,-27.428956519161893
DM_RNA_g.2656.peg.174,0.0,-49.05817157524326
DM_RNA_g.2656.peg.187,0.0,-8.016470900333298
DM_RNA_g.2656.peg.193,0.0,-27.17037135458724
DM_RNA_629741.3.peg.203,0.0,-29.11509798130254
DM_RNA_629741.3.peg.206,0.0,-64.64248551178288
DM_RNA_629741.3.peg.208,0.0,-16.945788034578843
DM_RNA_g.2656.peg.213,0.0,0.0
DM_RNA_g.2656.peg.217,0.0,0.0
DM_RNA_629741.3.peg.220,0.0,-41.22123333766083
DM_RNA_629741.3.peg.229,0.0,-61.276935902060316
DM_RNA_629741.3.peg.231,0.0,-37.69917246319203
DM_RNA_629741.3.peg.233,0.0,-51.97959724783314
DM_RNA_g.2656.peg.236,0.0,-64.04753799585278
DM_RNA_g.2656.peg.239,0.0,-9.584951287515185
DM_RNA_g.2656.peg.259,0.0,-5.867750164238615
DM_RNA_g.2656.peg.263,0.0,-16.175381300886617
DM_RNA_g.2656.peg.273,0.0,-44.724092703295156
DM_RNA_g.2656.peg.276,0.0,-75.30483911375086
DM_RNA_g.2656.peg.281,0.0,-15.27003358377027
DM_RNA_g.2656.peg.282,0.0,-54.319300098017585
DM_RNA_g.2656.peg.287,0.0,-37.3399906342446
DM_RNA_g.2656.peg.293,0.0,-2.4081392008994525e-32
DM_RNA_g.2656.peg.294,0.0,-4.955420080281426
DM_RNA_g.2656.peg.295,0.0,-43.58415751709739
DM_RNA_g.2656.peg.303,0.0,-45.96897244763782
DM_RNA_g.2656.peg.305,0.0,-33.263667012990545
DM_RNA_g.2656.peg.307,0.0,-27.500209131287356
DM_RNA_g.2656.peg.320,0.0,-103.84984158309138
DM_RNA_629741.3.peg.321,0.0,-99.731062036442
DM_RNA_g.2656.peg.327,0.0,-78.46349173949024
DM_RNA_g.2656.peg.331,0.0,-42.25990013448535
DM_RNA_g.2656.peg.335,0.0,-30.225830511841167
DM_RNA_629741.3.peg.336,0.0,-28.6300902718499
DM_RNA_g.2656.peg.344,0.0,-60.976987844166345
DM_RNA_g.2656.peg.350,0.0,-36.70593660120436
DM_RNA_g.2656.peg.352,0.0,-55.24867866857463
DM_RNA_629741.3.peg.352,0.0,0.0
DM_RNA_g.2656.peg.353,0.0,-16.467585363034484
DM_RNA_629741.3.peg.367,0.0,-41.490905377955386
DM_RNA_g.2656.peg.369,0.0,-22.8474690578198
DM_RNA_629741.3.peg.371,0.0,-52.47158154835693
DM_RNA_g.2656.peg.376,0.0,-17.096959445369105
DM_RNA_g.2656.peg.383,0.0,-43.071091419028825
DM_RNA_g.2656.peg.390,0.0,-30.19985882200421
DM_RNA_g.2656.peg.412,0.0,-27.829839162518994
DM_RNA_g.2656.peg.423,0.0,-77.5473743776604
DM_RNA_629741.3.peg.430,0.0,-54.46562016405386
DM_RNA_g.2656.peg.441,0.0,-9.643192404341793
DM_RNA_g.2656.peg.443,0.0,-24.948087254785587
DM_RNA_g.2656.peg.446,0.0,-41.27392242225386
DM_RNA_629741.3.peg.446,0.0,-67.672301103315
DM_RNA_g.2656.peg.447,0.0,-69.11586893245108
DM_RNA_629741.3.peg.448,0.0,-73.48982822422585
DM_RNA_629741.3.peg.457,0.0,-84.5459441265436
DM_RNA_g.2656.peg.465,0.0,-66.9633121219092
DM_RNA_g.2656.peg.466,0.0,-14.90863983581551
DM_RNA_g.2656.peg.467,0.0,-92.39031869124256
DM_RNA_g.2656.peg.486,0.0,-53.57461130913668
DM_RNA_g.2656.peg.489,0.0,-15.990144146132558
DM_RNA_g.2656.peg.494,0.0,-66.15061661618759
DM_RNA_g.2656.peg.495,0.0,-38.132840566195945
DM_RNA_g.2656.peg.496,0.0,-30.826022113576972
DM_RNA_g.2656.peg.497,0.0,-57.409614911520926
DM_RNA_g.2656.peg.498,0.0,-29.545253193613764
DM_RNA_g.2656.peg.502,0.0,-22.346090314519213
DM_RNA_g.2656.peg.503,0.0,-73.79556195495742
DM_RNA_g.2656.peg.510,0.0,-57.60809043197324
DM_RNA_g.2656.peg.511,0.0,-67.53888294341553
DM_RNA_g.2656.peg.516,0.0,-8.21767383200182
DM_RNA_g.2656.peg.521,0.0,-16.29043429799161
DM_RNA_g.2656.peg.523,0.0,-41.453810122844544
DM_RNA_g.2656.peg.525,0.0,-20.72013818426612
DM_RNA_g.2656.peg.527,0.0,-63.396536941933185
DM_RNA_629741.3.peg.528,0.0,-74.47352883251091
DM_RNA_g.2656.peg.529,0.0,-43.59731179996325
DM_RNA_g.2656.peg.533,0.0,-57.11084564971844
DM_RNA_g.2656.peg.540,0.0,-33.752206270972806
DM_RNA_g.2656.peg.557,0.0,-23.450082186860797
DM_RNA_g.2656.peg.558,0.0,-65.59670012322341
DM_RNA_g.2656.peg.562,0.0,-28.513781891128552
DM_RNA_g.2656.peg.564,0.0,0.0
DM_RNA_g.2656.peg.565,0.0,-41.645846696136104
DM_RNA_g.2656.peg.573,0.0,-56.917717791238836
DM_RNA_g.2656.peg.578,0.0,-94.47553660176045
DM_RNA_g.2656.peg.582,0.0,-41.77162157355692
DM_RNA_g.2656.peg.588,0.0,-49.7003315094965
DM_RNA_g.2656.peg.593,0.0,-45.23447620042744
DM_RNA_g.2656.peg.597,0.0,-36.51277266910293
DM_RNA_g.2656.peg.600,0.0,-9.182693727580444
DM_RNA_g.2656.peg.602,0.0,-17.00097437599927
DM_RNA_g.2656.peg.604,0.0,-29.632338847239758
DM_RNA_629741.3.peg.607,0.0,-66.46204313447272
DM_RNA_g.2656.peg.608,0.0,-28.10349049146424
DM_RNA_629741.3.peg.610,0.0,-104.59519648518956
DM_RNA_629741.3.peg.613,2.9449683132844052e-64,1.2717763606687944e-32
DM_RNA_g.2656.peg.620,0.0,-9.716286850871695
DM_RNA_629741.3.peg.622,0.0,-60.975788487039665
DM_RNA_g.2656.peg.627,0.0,-8.629256681343556
DM_RNA_g.2656.peg.629,0.0,-26.853364487702787
DM_RNA_g.2656.peg.630,0.0,-8.538993402463905
DM_RNA_g.2656.peg.634,0.0,-20.0600482229551
DM_RNA_629741.3.peg.636,0.0,-56.44166094228378
DM_RNA_g.2656.peg.643,0.0,-63.50326575040056
DM_RNA_g.2656.peg.667,0.0,-38.68531942884419
DM_RNA_g.2656.peg.678,0.0,-54.87185637128247
DM_RNA_g.2656.peg.686,0.0,-17.650949213817146
DM_RNA_629741.3.peg.688,0.0,0.0
DM_RNA_g.2656.peg.689,0.0,-21.593915129625373
DM_RNA_g.2656.peg.690,0.0,-84.58138771306254
DM_RNA_g.2656.peg.692,0.0,-24.814087006268455
DM_RNA_g.2656.peg.699,0.0,-13.684773144420394
DM_RNA_629741.3.peg.703,0.0,0.0
DM_RNA_g.2656.peg.709,0.0,-96.60295079822136
DM_RNA_g.2656.peg.717,0.0,-40.14067997354517
DM_RNA_g.2656.peg.730,0.0,-35.355681088237716
DM_RNA_g.2656.peg.733,0.0,-13.403142328612931
DM_RNA_629741.3.peg.733,0.0,-62.27772182302009
DM_RNA_629741.3.peg.734,0.0,0.0
DM_RNA_g.2656.peg.735,0.0,-6.425284189136133
DM_RNA_629741.3.peg.743,0.0,-35.12211812891618
DM_RNA_g.2656.peg.748,0.0,-19.118676224423375
DM_RNA_g.2656.peg.754,0.0,-67.78145380946846
DM_RNA_629741.3.peg.762,0.0,-45.16719150443264
DM_RNA_g.2656.peg.763,0.0,-50.80333346146202
DM_RNA_g.2656.peg.770,0.0,-66.04322893936232
DM_RNA_629741.3.peg.772,0.0,-27.32173252443161
DM_RNA_g.2656.peg.775,0.0,-15.565838054986392
DM_RNA_g.2656.peg.776,0.0,-7.687861884996954
DM_RNA_g.2656.peg.777,0.0,-14.170199197317759
DM_RNA_g.2656.peg.780,0.0,3.192469077674363e-32
DM_RNA_629741.3.peg.781,0.0,-59.22596374279917
DM_RNA_g.2656.peg.788,0.0,-31.979085498120728
DM_RNA_629741.3.peg.793,0.0,-52.44098582583474
DM_RNA_g.2656.peg.799,3.685927608634484e-64,0.0
DM_RNA_g.2656.peg.800,0.0,-72.4002318186747
DM_RNA_g.2656.peg.803,0.0,-58.517770404234625
DM_RNA_629741.3.peg.805,0.0,-26.279916486642314
DM_RNA_g.2656.peg.807,0.0,-26.837391829398832
DM_RNA_g.2656.peg.808,0.0,-79.38650156154057
DM_RNA_629741.3.peg.810,0.0,-58.33401022500181
DM_RNA_g.2656.peg.811,0.0,-68.69323727280077
DM_RNA_g.2656.peg.812,0.0,-17.1991933921505
DM_RNA_g.2656.peg.823,0.0,-38.95854434639357
DM_RNA_g.2656.peg.824,0.0,3.0993279612637167e-32
DM_RNA_629741.3.peg.826,0.0,-38.8632829516139
DM_RNA_g.2656.peg.828,0.0,-21.03301707020304
DM_RNA_629741.3.peg.844,0.0,-41.81372999268736
DM_RNA_g.2656.peg.846,0.0,-57.297830395510815
DM_RNA_g.2656.peg.852,0.0,-67.28597431183518
DM_RNA_g.2656.peg.854,0.0,-22.813273620360984
DM_RNA_g.2656.peg.858,0.0,-23.375233527837494
DM_RNA_629741.3.peg.859,0.0,-38.72533114506085
DM_RNA_629741.3.peg.866,0.0,-47.60115673364922
DM_RNA_g.2656.peg.874,0.0,-11.296542441770232
DM_RNA_g.2656.peg.877,0.0,-54.7369788210643
DM_RNA_g.2656.peg.889,0.0,-63.44129886028432
DM_RNA_629741.3.peg.891,0.0,-28.967978213477558
DM_RNA_g.2656.peg.893,0.0,-25.567922920214745
DM_RNA_g.2656.peg.894,0.0,-33.109712525337336
DM_RNA_g.2656.peg.895,0.0,-34.25564986174276
DM_RNA_629741.3.peg.898,0.0,-54.32417662883125
DM_RNA_g.2656.peg.906,0.0,-30.095658191620636
DM_RNA_g.2656.peg.913,0.0,-37.97286189044537
DM_RNA_g.2656.peg.916,0.0,-10.587610635673817
DM_RNA_g.2656.peg.926,0.0,-3.229186899579148e-32
DM_RNA_g.2656.peg.945,0.0,-12.471593832433076
DM_RNA_g.2656.peg.947,0.0,-156.3954084723829
DM_RNA_g.2656.peg.949,0.0,-13.641296930158171
DM_RNA_g.2656.peg.953,0.0,-54.17299740246351
DM_RNA_g.2656.peg.959,0.0,-11.721983421944683
DM_RNA_g.2656.peg.963,0.0,-37.61632398593589
DM_RNA_g.2656.peg.964,0.0,-24.77657152701961
DM_RNA_g.2656.peg.967,0.0,-61.862444114084376
DM_RNA_g.2656.peg.969,0.0,-32.82366048195247
DM_RNA_g.2656.peg.971,0.0,-52.30201173862528
DM_RNA_g.2656.peg.977,-7.446435620507264e-34,0.0
DM_RNA_g.2656.peg.991,0.0,-61.72637929589618
DM_RNA_g.2656.peg.992,0.0,-81.06681103565758
DM_RNA_g.2656.peg.996,0.0,-3.2657403145803306e-32
DM_RNA_g.2656.peg.999,0.0,-72.90004218056282
DM_RNA_g.2656.peg.1000,0.0,-59.89268427315444
DM_RNA_g.2656.peg.1003,-7.446435620507264e-34,0.0
DM_RNA_g.2656.peg.1005,0.0,-10.153788120209201
DM_RNA_g.2656.peg.1018,0.0,-39.41334610046859
DM_RNA_g.2656.peg.1022,0.0,-53.03160353511153
DM_RNA_629741.3.peg.1027,0.0,-79.38650156154057
DM_RNA_629741.3.peg.1030,0.0,-47.799126841511345
DM_RNA_629741.3.peg.1032,0.0,-43.071091419028825
DM_RNA_g.2656.peg.1034,-1.44209017394969e-38,0.0
DM_RNA_629741.3.peg.1034,0.0,-53.48668168318889
DM_RNA_629741.3.peg.1036,0.0,-25.93054787055289
DM_RNA_g.2656.peg.1041,0.0,-81.88602391910477
DM_RNA_g.2656.peg.1042,0.0,0.0
DM_RNA_g.2656.peg.1044,0.0,-46.76765091692131
DM_RNA_g.2656.peg.1047,0.0,-99.81154669943503
DM_RNA_629741.3.peg.1051,0.0,0.0
DM_RNA_g.2656.peg.1053,0.0,-60.02360663775543
DM_RNA_g.2656.peg.1058,0.0,-44.966695187567154
DM_RNA_g.2656.peg.1059,0.0,0.0
DM_RNA_g.2656.peg.1063,0.0,-154.05553173152467
DM_RNA_629741.3.peg.1071,0.0,-34.60073530462075
DM_RNA_g.2656.peg.1078,0.0,4.1263969223795293e-32
DM_RNA_g.2656.peg.1079,0.0,-157.80962738994154
DM_RNA_g.2656.peg.1081,0.0,-32.695953974603086
DM_RNA_g.2656.peg.1089,0.0,-22.152316406786426
DM_RNA_629741.3.peg.1090,0.0,0.0
DM_RNA_g.2656.peg.1097,0.0,-37.345114912121744
DM_RNA_g.2656.peg.1099,0.0,-69.92469662976909
DM_RNA_g.2656.peg.1103,0.0,-63.52404035881568
DM_RNA_g.2656.peg.1104,0.0,-20.816111621181516
DM_RNA_629741.3.peg.1115,0.0,-21.07063950829862
DM_RNA_g.2656.peg.1123,0.0,-64.33741916650182
DM_RNA_629741.3.peg.1126,0.0,-46.861395571898704
DM_RNA_g.2656.peg.1127,0.0,-11.930347203051486
DM_RNA_g.2656.peg.1138,0.0,-79.37646932675742
DM_RNA_g.2656.peg.1139,0.0,-65.85088300341666
DM_RNA_629741.3.peg.1140,0.0,-32.331584957272405
DM_RNA_629741.3.peg.1141,0.0,-27.34783411976835
DM_RNA_g.2656.peg.1179,0.0,-14.116911951282741
DM_RNA_g.2656.peg.1180,0.0,-2.0907570157337038e-32
DM_RNA_g.2656.peg.1181,0.0,-37.69917246319203
DM_RNA_g.2656.peg.1182,0.0,-106.89646693889263
DM_RNA_g.2656.peg.1184,0.0,-53.752423516766356
DM_RNA_g.2656.peg.1185,0.0,0.0
DM_RNA_g.2656.peg.1190,0.0,-43.679881942188196
DM_RNA_g.2656.peg.1196,0.0,-42.15286604764735
DM_RNA_g.2656.peg.1199,0.0,-122.89923130971849
DM_RNA_g.2656.peg.1201,0.0,-16.65759289498334
DM_RNA_g.2656.peg.1204,0.0,-62.780289326089445
DM_RNA_g.2656.peg.1211,0.0,-28.27257738874423
DM_RNA_g.2656.peg.1213,0.0,-34.86278947824955
DM_RNA_629741.3.peg.1214,0.0,-33.752206270972806
DM_RNA_g.2656.peg.1216,0.0,-84.0854504607816
DM_RNA_629741.3.peg.1216,0.0,-33.263667012990545
DM_RNA_g.2656.peg.1222,0.0,0.0
DM_RNA_g.2656.peg.1227,0.0,-33.444708108892684
DM_RNA_g.2656.peg.1233,0.0,-20.526515859079883
DM_RNA_g.2656.peg.1238,0.0,-55.36088365633985
DM_RNA_629741.3.peg.1243,0.0,3.5809737201504705e-32
DM_RNA_629741.3.peg.1245,0.0,-51.33617484897522
DM_RNA_629741.3.peg.1247,0.0,-58.34726074302331
DM_RNA_629741.3.peg.1255,0.0,-68.46737230957955
DM_RNA_629741.3.peg.1257,0.0,-56.06223729697359
DM_RNA_g.2656.peg.1260,0.0,-33.530520715588956
DM_RNA_629741.3.peg.1265,0.0,-66.15061661618759
DM_RNA_629741.3.peg.1278,0.0,-45.04701672879153
DM_RNA_g.2656.peg.1289,0.0,-45.2451143161667
DM_RNA_629741.3.peg.1293,0.0,-177.2271654623892
DM_RNA_g.2656.peg.1294,0.0,-126.7341005965029
DM_RNA_g.2656.peg.1301,0.0,0.0
DM_RNA_g.2656.peg.1310,0.0,-39.4393737865254
DM_RNA_629741.3.peg.1317,0.0,-54.937497605171544
DM_RNA_g.2656.peg.1323,0.0,-57.21569752965024
DM_RNA_g.2656.peg.1328,0.0,-50.82933656235845
DM_RNA_g.2656.peg.1334,0.0,-48.2142707876128
DM_RNA_g.2656.peg.1338,0.0,-97.6642240308996
DM_RNA_629741.3.peg.1344,0.0,-28.86669793927622
DM_RNA_g.2656.peg.1350,0.0,-71.18315734617178
DM_RNA_g.2656.peg.1374,0.0,-47.34674937401696
DM_RNA_g.2656.peg.1383,0.0,-23.33265566135804
DM_RNA_g.2656.peg.1387,0.0,-34.30070663516536
DM_RNA_g.2656.peg.1396,0.0,-45.16477666922123
DM_RNA_629741.3.peg.1396,0.0,-64.29485030216149
DM_RNA_g.2656.peg.1397,0.0,-69.07386914841665
DM_RNA_g.2656.peg.1402,0.0,-41.47637884172396
DM_RNA_g.2656.peg.1403,0.0,-49.911613591829436
DM_RNA_g.2656.peg.1412,1.013002924398494e-30,-3.8407702922742934e-32
DM_RNA_g.2656.peg.1415,0.0,-30.71657121760196
DM_RNA_g.2656.peg.1422,0.0,-107.70440606278265
DM_RNA_g.2656.peg.1423,0.0,-31.976744983677417
DM_RNA_g.2656.peg.1434,0.0,-46.68809580844196
DM_RNA_g.2656.peg.1435,0.0,-41.00508073750926
DM_RNA_629741.3.peg.1435,0.0,-72.90004218056282
DM_RNA_g.2656.peg.1439,0.0,0.0
DM_RNA_g.2656.peg.1450,0.0,-64.069077252383
DM_RNA_g.2656.peg.1461,0.0,-41.086853904324165
DM_RNA_g.2656.peg.1472,0.0,0.0
DM_RNA_g.2656.peg.1476,0.0,-33.912510960392034
DM_RNA_g.2656.peg.1485,0.0,-42.4261246306957
DM_RNA_629741.3.peg.1495,0.0,-58.517770404234625
DM_RNA_g.2656.peg.1496,0.0,-33.75372505058288
DM_RNA_629741.3.peg.1497,0.0,-82.1280658176585
DM_RNA_g.2656.peg.1501,0.0,-73.0505208484111
DM_RNA_g.2656.peg.1502,0.0,0.0
DM_RNA_g.2656.peg.1512,0.0,-75.94904958194306
DM_RNA_g.2656.peg.1517,0.0,-39.931066710809446
DM_RNA_g.2656.peg.1520,0.0,-78.5683126425598
DM_RNA_g.2656.peg.1527,0.0,-10.774424974380642
DM_RNA_g.2656.peg.1529,0.0,-34.858151298735976
DM_RNA_629741.3.peg.1538,0.0,-22.8474690578198
DM_RNA_629741.3.peg.1540,0.0,-20.5639944670398
DM_RNA_g.2656.peg.1543,0.0,-4.858219884608028e-32
DM_RNA_g.2656.peg.1552,0.0,-50.922275042930224
DM_RNA_629741.3.peg.1552,0.0,-47.633888567457085
DM_RNA_629741.3.peg.1558,0.0,-40.14067997354517
DM_RNA_g.2656.peg.1559,0.0,-47.89729219663658
DM_RNA_629741.3.peg.1560,0.0,-59.045786334657265
DM_RNA_629741.3.peg.1564,0.0,-75.21172371573469
DM_RNA_629741.3.peg.1565,0.0,-21.754853508814936
DM_RNA_g.2656.peg.1568,0.0,-3.630627923072349e-32
DM_RNA_g.2656.peg.1573,-7.64354366109748e-31,-4.5151410327991006e-32
DM_RNA_g.2656.peg.1577,0.0,-66.29472931468266
DM_RNA_g.2656.peg.1585,0.0,2.323467197046299e-32
DM_RNA_g.2656.peg.1587,0.0,-77.75371791996479
DM_RNA_g.2656.peg.1592,0.0,-40.73736105496918
DM_RNA_g.2656.peg.1595,0.0,-51.4543474833245
DM_RNA_g.2656.peg.1597,0.0,-38.2255890277792
DM_RNA_g.2656.peg.1599,0.0,-25.790038489239706
DM_RNA_629741.3.peg.1600,0.0,-34.817821228029224
DM_RNA_g.2656.peg.1608,0.0,-85.00537352856782
DM_RNA_g.2656.peg.1611,0.0,-20.522305656115204
DM_RNA_g.2656.peg.1617,0.0,-43.424933830933085
DM_RNA_g.2656.peg.1620,0.0,-35.88469876078656
DM_RNA_629741.3.peg.1621,0.0,0.0
DM_RNA_g.2656.peg.1633,0.0,-34.218426738224345
DM_RNA_g.2656.peg.1638,0.0,-43.459981609056754
DM_RNA_629741.3.peg.1641,0.0,2.0093610230948142e-32
DM_RNA_g.2656.peg.1643,0.0,-49.16848077694851
DM_RNA_629741.3.peg.1645,0.0,-69.11496684599082
DM_RNA_g.2656.peg.1650,0.0,-36.238299683523906
DM_RNA_629741.3.peg.1657,0.0,-13.641296930158171
DM_RNA_g.2656.peg.1664,0.0,-43.54290166838502
DM_RNA_g.2656.peg.1666,0.0,-44.84279265431903
DM_RNA_g.2656.peg.1682,0.0,-45.15321441126811
DM_RNA_629741.3.peg.1687,0.0,-44.724092703295156
DM_RNA_g.2656.peg.1688,0.0,-47.47128356478839
DM_RNA_g.2656.peg.1698,0.0,-74.66047678249824
DM_RNA_g.2656.peg.1699,0.0,0.0
DM_RNA_g.2656.peg.1701,0.0,-18.252550233038615
DM_RNA_g.2656.peg.1704,0.0,-41.438251094662306
DM_RNA_629741.3.peg.1712,0.0,-26.853364487702787
DM_RNA_g.2656.peg.1716,0.0,-91.29778365026364
DM_RNA_629741.3.peg.1733,0.0,-51.10109868895686
DM_RNA_g.2656.peg.1737,0.0,-19.138245967348645
DM_RNA_g.2656.peg.1739,0.0,-49.107458007134575
DM_RNA_g.2656.peg.1740,0.0,-43.053277082719354
DM_RNA_629741.3.peg.1749,0.0,-42.73994682151936
DM_RNA_629741.3.peg.1750,0.0,-23.03113346899097
DM_RNA_629741.3.peg.1751,0.0,0.0
DM_RNA_g.2656.peg.1755,0.0,-32.282638950657656
DM_RNA_g.2656.peg.1759,0.0,-36.12710956485364
DM_RNA_g.2656.peg.1761,0.0,-47.76634742028421
DM_RNA_g.2656.peg.1767,0.0,-54.348343206714524
DM_RNA_629741.3.peg.1781,0.0,0.0
DM_RNA_g.2656.peg.1782,0.0,-36.483232281649116
DM_RNA_g.2656.peg.1783,0.0,-43.61693589575587
DM_RNA_g.2656.peg.1804,0.0,-29.09569712076731
DM_RNA_g.2656.peg.1812,-7.446435620507264e-34,0.0
DM_RNA_g.2656.peg.1818,0.0,0.0
DM_RNA_629741.3.peg.1822,0.0,-39.044125382386156
DM_RNA_629741.3.peg.1828,0.0,-36.638566456822964
DM_RNA_g.2656.peg.1834,0.0,-27.25874080901524
DM_RNA_g.2656.peg.1844,0.0,-45.3417598971583
DM_RNA_629741.3.peg.1844,0.0,-87.84932615896071
DM_RNA_g.2656.peg.1845,0.0,-28.892315357400197
DM_RNA_g.2656.peg.1855,0.0,-9.30854906025239
DM_RNA_g.2656.peg.1858,0.0,-42.6951078231247
DM_RNA_629741.3.peg.1863,0.0,4.0472199674125036e-32
DM_RNA_g.2656.peg.1865,0.0,-24.713788584492043
DM_RNA_g.2656.peg.1868,0.0,-32.33273293281193
DM_RNA_g.2656.peg.1878,0.0,-73.25326469081173
DM_RNA_g.2656.peg.1879,0.0,-62.787520790426456
DM_RNA_g.2656.peg.1882,0.0,-31.98625460480584
DM_RNA_g.2656.peg.1883,0.0,-58.535527408924416
DM_RNA_g.2656.peg.1885,0.0,-49.0495683321068
DM_RNA_g.2656.peg.1889,0.0,-28.89290399683424
DM_RNA_g.2656.peg.1893,0.0,-29.11509798130254
DM_RNA_g.2656.peg.1902,-4.547489235969268e-32,9.499424364073526e-33
DM_RNA_g.2656.peg.1905,0.0,0.0
DM_RNA_g.2656.peg.1907,0.0,0.0
DM_RNA_g.2656.peg.1915,0.0,-16.449059900913387
DM_RNA_g.2656.peg.1921,0.0,-24.5549886794083
DM_RNA_g.2656.peg.1923,0.0,-42.504933708528
DM_RNA_g.2656.peg.1927,0.0,7.551751110992948e-33
DM_RNA_g.2656.peg.1948,0.0,-33.36693443868556
DM_RNA_629741.3.peg.1954,0.0,-36.888774258982174
DM_RNA_g.2656.peg.1958,0.0,-96.63845254418146
DM_RNA_g.2656.peg.1971,0.0,-12.955191864465643
DM_RNA_g.2656.peg.1973,0.0,-53.31476702226817
DM_RNA_629741.3.peg.1979,-7.658472487493748e-31,-4.5151410327991006e-32
DM_RNA_g.2656.peg.1984,0.0,-39.624985963527415
DM_RNA_629741.3.peg.1984,0.0,-27.25874080901524
DM_RNA_g.2656.peg.1987,0.0,-32.94703466351811
DM_RNA_g.2656.peg.1990,0.0,-23.22956078337626
DM_RNA_g.2656.peg.1998,0.0,0.0
DM_RNA_g.2656.peg.2017,0.0,-38.86596748601827
DM_RNA_g.2656.peg.2020,0.0,-65.08271968546282
DM_RNA_g.2656.peg.2035,0.0,-65.880342961044
DM_RNA_g.2656.peg.2038,0.0,-13.470361039285944
DM_RNA_g.2656.peg.2039,0.0,-34.57872283947039
DM_RNA_629741.3.peg.2041,0.0,-59.89268427315444
DM_RNA_g.2656.peg.2043,0.0,-50.17242825789838
DM_RNA_629741.3.peg.2051,0.0,-24.713788584492043
DM_RNA_g.2656.peg.2053,0.0,-40.01055706583135
DM_RNA_g.2656.peg.2059,0.0,0.0
DM_RNA_g.2656.peg.2061,0.0,-121.44841312097904
DM_RNA_g.2656.peg.2084,0.0,0.0
DM_RNA_629741.3.peg.2085,0.0,-62.50569075672353
DM_RNA_g.2656.peg.2093,0.0,-63.824131211748785
DM_RNA_g.2656.peg.2098,0.0,-11.928598157956365
DM_RNA_629741.3.peg.2098,0.0,-25.56574030453597
DM_RNA_g.2656.peg.2101,0.0,-60.991671297044675
DM_RNA_629741.3.peg.2117,0.0,-48.08591310135389
DM_RNA_g.2656.peg.2122,0.0,-54.361521637827956
DM_RNA_g.2656.peg.2137,0.0,-29.968664983607333
DM_RNA_g.2656.peg.2143,0.0,0.0
DM_RNA_g.2656.peg.2148,0.0,-9.125640027562033
DM_RNA_g.2656.peg.2163,0.0,7.130114579792638e-33
DM_RNA_g.2656.peg.2167,0.0,-54.245676921213814
DM_RNA_629741.3.peg.2170,0.0,0.0
DM_RNA_g.2656.peg.2173,0.0,-67.31882685486282
DM_RNA_g.2656.peg.2176,0.0,-40.102908583218344
DM_RNA_g.2656.peg.2177,0.0,-57.2999184118257
DM_RNA_g.2656.peg.2179,0.0,-32.25980624518837
DM_RNA_629741.3.peg.2194,0.0,0.0
DM_RNA_g.2656.peg.2208,0.0,-25.503713649252568
DM_RNA_g.2656.peg.2217,0.0,-42.97417703257473
DM_RNA_629741.3.peg.2222,0.0,-19.08305009635953
DM_RNA_g.2656.peg.2230,0.0,-61.20089200317921
DM_RNA_g.2656.peg.2234,0.0,-70.38110934439207
DM_RNA_g.2656.peg.2235,0.0,-23.99792257716429
DM_RNA_g.2656.peg.2246,0.0,-30.904057960319392
DM_RNA_g.2656.peg.2250,0.0,-36.50530688981967
DM_RNA_g.2656.peg.2253,0.0,-59.05994572729618
DM_RNA_g.2656.peg.2260,0.0,-25.293181681938805
DM_RNA_629741.3.peg.2267,0.0,-52.48996070642598
DM_RNA_g.2656.peg.2274,0.0,-31.54429374964843
DM_RNA_g.2656.peg.2285,0.0,-70.86242344386353
DM_RNA_g.2656.peg.2286,0.0,-123.84635287465785
DM_RNA_g.2656.peg.2287,0.0,-21.12594026814549
DM_RNA_g.2656.peg.2295,0.0,-45.42782479482341
DM_RNA_629741.3.peg.2295,0.0,-29.09569712076731
DM_RNA_g.2656.peg.2296,0.0,-93.34728030592423
DM_RNA_g.2656.peg.2297,0.0,-70.23213116934757
DM_RNA_g.2656.peg.2300,0.0,-99.731062036442
DM_RNA_g.2656.peg.2301,0.0,-52.236246983466174
DM_RNA_629741.3.peg.2303,0.0,-52.50626770628413
DM_RNA_g.2656.peg.2305,0.0,0.0
DM_RNA_g.2656.peg.2312,0.0,-46.776436222191386
DM_RNA_g.2656.peg.2316,0.0,-33.350327123526505
DM_RNA_g.2656.peg.2334,0.0,-5.920747053893468
DM_RNA_g.2656.peg.2341,0.0,-63.51322483320201
DM_RNA_g.2656.peg.2349,0.0,-16.619970085857123
DM_RNA_629741.3.peg.2360,0.0,0.0
DM_RNA_629741.3.peg.2362,0.0,-57.049870727258174
DM_RNA_629741.3.peg.2363,0.0,-43.00526297072937
DM_RNA_g.2656.peg.2368,0.0,-27.32173252443161
DM_RNA_g.2656.peg.2372,0.0,-35.12211812891618
DM_RNA_629741.3.peg.2374,0.0,-50.30702435781216
DM_RNA_629741.3.peg.2375,0.0,0.0
DM_RNA_g.2656.peg.2377,0.0,-34.136418762019034
DM_RNA_g.2656.peg.2381,0.0,-32.351287120071355
DM_RNA_g.2656.peg.2390,0.0,-23.856131361413958
DM_RNA_g.2656.peg.2395,0.0,-73.48982822422585
DM_RNA_g.2656.peg.2396,0.0,-50.730505735372766
DM_RNA_g.2656.peg.2398,-7.446435620507264e-34,-1.4417553813185347e-32
DM_RNA_g.2656.peg.2400,0.0,-62.263860743616235
DM_RNA_g.2656.peg.2407,0.0,-151.26186335464823
DM_RNA_g.2656.peg.2412,0.0,0.0
DM_RNA_g.2656.peg.2415,0.0,-47.71955698045918
DM_RNA_g.2656.peg.2416,0.0,-31.568909425646208
DM_RNA_g.2656.peg.2417,0.0,-31.510828615706977
DM_RNA_g.2656.peg.2422,0.0,-52.50325754710565
DM_RNA_g.2656.peg.2430,0.0,-32.05844355192593
DM_RNA_g.2656.peg.2439,0.0,-104.59519648518956
DM_RNA_g.2656.peg.2440,0.0,-108.75057154174866
DM_RNA_629741.3.peg.2440,0.0,-51.94320778443358
DM_RNA_g.2656.peg.2457,0.0,-5.59923936772977
DM_RNA_g.2656.peg.2462,0.0,-67.55633825210191
DM_RNA_g.2656.peg.2463,0.0,-18.571254233170446
DM_RNA_g.2656.peg.2466,0.0,-24.452752700379868
DM_RNA_g.2656.peg.2471,0.0,-23.182554696833684
DM_RNA_g.2656.peg.2476,0.0,-14.274493273400346
DM_RNA_g.2656.peg.2478,0.0,-128.59915459414654
DM_RNA_g.2656.peg.2480,0.0,-58.88270992303123
DM_RNA_629741.3.peg.2489,0.0,-48.2142707876128
DM_RNA_629741.3.peg.2491,0.0,-31.105858255762787
DM_RNA_g.2656.peg.2492,0.0,-65.79836434094204
DM_RNA_g.2656.peg.2499,0.0,-21.97700499506279
DM_RNA_g.2656.peg.2501,0.0,-66.86861554132837
DM_RNA_g.2656.peg.2505,0.0,-23.34363701725514
DM_RNA_g.2656.peg.2508,0.0,-55.06845904001057
DM_RNA_g.2656.peg.2513,0.0,-67.20142613135192
DM_RNA_g.2656.peg.2518,0.0,-51.63566525858804
DM_RNA_g.2656.peg.2523,0.0,-13.457465858139695
DM_RNA_g.2656.peg.2527,0.0,-26.638639228373297
DM_RNA_g.2656.peg.2529,0.0,-57.894981989446116
DM_RNA_g.2656.peg.2538,0.0,-58.226924355276196
DM_RNA_g.2656.peg.2539,0.0,-88.64551127396535
DM_RNA_g.2656.peg.2541,0.0,-60.768192310091216
DM_RNA_629741.3.peg.2542,0.0,-39.23330765545599
DM_RNA_g.2656.peg.2548,0.0,-40.23863467508831
DM_RNA_g.2656.peg.2550,0.0,-52.91752195209943
DM_RNA_g.2656.peg.2556,0.0,-82.1904722283909
DM_RNA_g.2656.peg.2561,0.0,-35.74092809046305
DM_RNA_g.2656.peg.2570,0.0,-37.52464860093385
DM_RNA_g.2656.peg.2574,0.0,-61.58403805413218
DM_RNA_g.2656.peg.2579,0.0,-119.80557123829969
DM_RNA_g.2656.peg.2582,0.0,-23.839747021577885
DM_RNA_g.2656.peg.2585,-7.446435620507264e-34,0.0
DM_RNA_g.2656.peg.2588,0.0,-41.490905377955386
DM_RNA_g.2656.peg.2592,0.0,-116.42798818114355
DM_RNA_g.2656.peg.2599,0.0,-43.30740403733145
DM_RNA_g.2656.peg.2603,0.0,-112.85167538455613
DM_RNA_629741.3.peg.2609,0.0,-78.5683126425598
DM_RNA_629741.3.peg.2610,0.0,-49.62143074041392
DM_RNA_g.2656.peg.2622,0.0,-38.94805952719207
DM_RNA_g.2656.peg.2624,0.0,-51.25936547141513
DM_RNA_g.2656.peg.2629,0.0,-11.392862847217819
DM_RNA_629741.3.peg.2647,0.0,-74.30483212901196
DM_RNA_g.2656.peg.2654,0.0,0.0
DM_RNA_g.2656.peg.2656,0.0,-185.36145052640177
DM_RNA_g.2656.peg.2660,0.0,-31.0997184222198
DM_RNA_g.2656.peg.2663,0.0,-38.8632829516139
DM_RNA_g.2656.peg.2664,0.0,-116.22273767100381
DM_RNA_g.2656.peg.2667,-4.13233019246369e-37,3.326747599041007e-32
DM_RNA_g.2656.peg.2670,0.0,-56.46398685446036
DM_RNA_g.2656.peg.2674,0.0,-45.758788365180344
DM_RNA_g.2656.peg.2677,0.0,-30.46531829651394
DM_RNA_g.2656.peg.2679,0.0,-25.61980445454482
DM_RNA_629741.3.peg.2682,0.0,2.2209307120291413e-32
DM_RNA_629741.3.peg.2684,0.0,-44.401235839379076
DM_RNA_g.2656.peg.2685,0.0,-66.99134720515872
DM_RNA_629741.3.peg.2688,-3.0409053986260783e-31,0.0
DM_RNA_g.2656.peg.2699,0.0,-42.073866264255656
DM_RNA_g.2656.peg.2703,0.0,-39.35325962519176
DM_RNA_g.2656.peg.2704,0.0,-22.682808588412257
DM_RNA_g.2656.peg.2707,0.0,-57.47331782338763
DM_RNA_g.2656.peg.2709,0.0,-30.13443777126592
DM_RNA_g.2656.peg.2711,0.0,-34.181263465544674
DM_RNA_g.2656.peg.2712,0.0,-56.44166094228378
DM_RNA_g.2656.peg.2717,0.0,-31.82902315933403
DM_RNA_g.2656.peg.2727,0.0,-57.755608353149746
DM_RNA_g.2656.peg.2730,0.0,0.0
DM_RNA_629741.3.peg.2733,0.0,-28.27257738874423
DM_RNA_g.2656.peg.2737,0.0,-48.40272160350039
DM_RNA_g.2656.peg.2739,0.0,-43.295820584458426
DM_RNA_g.2656.peg.2743,0.0,-19.05711251369089
DM_RNA_629741.3.peg.2743,0.0,-30.580126643964757
DM_RNA_629741.3.peg.2744,0.0,0.0
DM_RNA_g.2656.peg.2751,0.0,-20.504662713854092
DM_RNA_g.2656.peg.2753,0.0,-22.91702560186015
DM_RNA_629741.3.peg.2754,0.0,-28.89290399683424
DM_RNA_g.2656.peg.2765,0.0,-65.28141986980468
DM_RNA_g.2656.peg.2769,0.0,-17.113502845195345
DM_RNA_629741.3.peg.2774,0.0,0.0
DM_RNA_g.2656.peg.2786,0.0,-54.48490985512571
DM_RNA_g.2656.peg.2790,0.0,-73.20310260057188
DM_RNA_g.2656.peg.2797,0.0,-17.763874712881062
DM_RNA_629741.3.peg.2798,0.0,-49.230429784274506
DM_RNA_g.2656.peg.2801,0.0,0.0
DM_RNA_g.2656.peg.2806,0.0,-100.89342264164411
DM_RNA_g.2656.peg.2807,0.0,-42.25467274006308
DM_RNA_g.2656.peg.2825,0.0,-28.6300902718499
DM_RNA_g.2656.peg.2828,0.0,-15.402212225718095
DM_RNA_g.2656.peg.2833,0.0,-44.440333773514446
DM_RNA_g.2656.peg.2838,0.0,-97.2040806382387
DM_RNA_g.2656.peg.2841,0.0,-21.229644361833465
DM_RNA_g.2656.peg.2843,0.0,-40.25796248717732
DM_RNA_g.2656.peg.2851,0.0,-59.46199202527742
DM_RNA_g.2656.peg.2854,0.0,-20.910846845363913
DM_RNA_g.2656.peg.2863,0.0,-33.504580691900706
DM_RNA_g.2656.peg.2868,0.0,3.8380627302075033e-32
DM_RNA_g.2656.peg.2878,0.0,-90.02372065783624
DM_RNA_g.2656.peg.2882,0.0,-57.06719579715606
DM_RNA_g.2656.peg.2889,0.0,-106.32426341602248
DM_RNA_g.2656.peg.2891,0.0,-29.052567986133507
DM_RNA_g.2656.peg.2907,0.0,-187.63291453344524
DM_RNA_629741.3.peg.2912,0.0,-63.86619006681875
DM_RNA_629741.3.peg.2914,0.0,-81.88423778052825
DM_RNA_g.2656.peg.2923,0.0,-56.378778311193514
DM_RNA_g.2656.peg.2937,0.0,-120.15521924973741
DM_RNA_g.2656.peg.2940,0.0,-45.66990555917115
DM_RNA_g.2656.peg.2949,0.0,-39.89389728376869
DM_RNA_g.2656.peg.2957,0.0,-54.877816702368435
DM_RNA_g.2656.peg.2958,0.0,-35.5005141896508
DM_RNA_g.2656.peg.2962,0.0,-58.9445643083997
DM_RNA_g.2656.peg.2965,0.0,-71.23133543308793
DM_RNA_g.2656.peg.2967,0.0,-133.51382904069783
DM_RNA_g.2656.peg.2993,0.0,-16.073741958604653
DM_RNA_g.2656.peg.2997,0.0,-12.813373662992843
DM_RNA_629741.3.peg.3013,0.0,-59.05994572729618
DM_RNA_g.2656.peg.3014,0.0,-53.77418343101348
DM_RNA_g.2656.peg.3022,0.0,-18.621858209562205
DM_RNA_629741.3.peg.3028,0.0,-45.758788365180344
DM_RNA_g.2656.peg.3038,0.0,-15.591703757906554
DM_RNA_g.2656.peg.3040,0.0,-8.434941873149748
DM_RNA_629741.3.peg.3053,0.0,-22.244775758886732
DM_RNA_g.2656.peg.3070,0.0,-1.1987600936089504e-32
DM_RNA_g.2656.peg.3075,0.0,0.0
DM_RNA_g.2656.peg.3076,0.0,-34.65486351880058
DM_RNA_629741.3.peg.3080,0.0,-52.50325754710565
DM_RNA_g.2656.peg.3084,-7.446435620507264e-34,-7.219878784439708e-32
DM_RNA_g.2656.peg.3099,0.0,-83.05629153063677
DM_RNA_g.2656.peg.3102,0.0,-40.88936262454158
DM_RNA_GCWU000324_RS11145,0.0,-3.2552027584837484
DM_RNA_GCWU000324_RS11235,0.0,-3.3686419273846813
DM_RNA_GCWU000324_RS11530,0.0,-3.3473282285631067
DM_RNA_GCWU000324_RS11535,0.0,-3.531416042885885
DM_RNA_GCWU000324_RS11770,0.0,-3.9206047464101683
DM_RNA_GCWU000324_RS09965,0.0,-3.4922867354329785
DM_RNA_GCWU000324_RS09970,0.0,-3.255938418032645
DM_RNA_GCWU000324_RS10155,0.0,-3.515345117179261
DM_RNA_GCWU000324_RS10245,0.0,-4.030548733234467
DM_RNA_GCWU000324_RS10285,0.0,-4.885334630679591
DM_RNA_GCWU000324_RS10290,0.0,-128.9130616451407
DM_RNA_GCWU000324_RS10295,0.0,-3.4112649628574165
DM_RNA_GCWU000324_RS10300,0.0,-3.4522814513757067
DM_RNA_GCWU000324_RS10305,0.0,-68.88726003493444
DM_RNA_GCWU000324_RS10320,0.0,-4.074183700196623
DM_RNA_GCWU000324_RS10325,0.0,-3.153745444776184
DM_RNA_GCWU000324_RS10490,0.0,-3.4470423134027683
DM_RNA_GCWU000324_RS10825,0.0,-3.8377045171100512
DM_RNA_GCWU000324_RS05785,0.0,-3.4922867354329785
DM_RNA_GCWU000324_RS05790,0.0,-3.369376132876773
DM_RNA_GCWU000324_RS05905,0.0,-3.092289052955478
DM_RNA_GCWU000324_RS06985,0.0,-3.3413262600903892
DM_RNA_GCWU000324_RS07890,0.0,-3.2721489337663363
DM_RNA_GCWU000324_RS08825,0.0,-4.184129141077727
DM_RNA_GCWU000324_RS09460,0.0,-4.885334630679591
DM_RNA_GCWU000324_RS09465,0.0,-5.022815487808539
DM_RNA_GCWU000324_RS00005,0.0,-4.885334630679591
DM_RNA_GCWU000324_RS00145,0.0,-3.6740544250044818
DM_RNA_GCWU000324_RS00150,0.0,-3.270538751669879
DM_RNA_GCWU000324_RS00155,0.0,-3.3728734960386135
DM_RNA_GCWU000324_RS00165,0.0,-3.3499496151205816
DM_RNA_GCWU000324_RS00580,0.0,-3.410393348423465
DM_RNA_GCWU000324_RS00630,0.0,-3.8813373029869997
DM_RNA_GCWU000324_RS00715,0.0,-3.4121394854049774
DM_RNA_GCWU000324_RS00720,0.0,-3.408782439298606
DM_RNA_GCWU000324_RS01220,0.0,-3.4308325246974793
DM_RNA_GCWU000324_RS01510,0.0,-3.3268890522890926
DM_RNA_GCWU000324_RS01515,0.0,-3.3268890522890926
DM_RNA_GCWU000324_RS01550,0.0,-3.531416042885885
DM_RNA_GCWU000324_RS01555,0.0,-3.3473282285631067
DM_RNA_GCWU000324_RS01850,0.0,-3.548500354138735
DM_RNA_GCWU000324_RS01855,0.0,-3.3353492814833476
DM_RNA_GCWU000324_RS01860,0.0,-3.4103904403098557
DM_RNA_GCWU000324_RS02140,0.0,-3.3173948098533512
DM_RNA_GCWU000324_RS02750,0.0,-3.4121394854049774
DM_RNA_GCWU000324_RS02755,0.0,-3.4121394854049774
DM_RNA_GCWU000324_RS02760,0.0,-3.4121394854049774
DM_RNA_GCWU000324_RS02765,0.0,-3.249226506905109
DM_RNA_GCWU000324_RS02770,0.0,-3.946173549694546
DM_RNA_GCWU000324_RS02995,0.0,-3.432577934650589
DM_RNA_GCWU000324_RS03000,0.0,-3.432577934650589
DM_RNA_GCWU000324_RS03610,0.0,-3.8207568877706586
DM_RNA_GCWU000324_RS04405,0.0,-3.2552027584837484
DM_RNA_GCWU000324_RS04950,0.0,-3.3686419273846813
formation_629741.3.peg.1030-MONOMER,-7.707578944408402e-43,-1.2441043565790302e-34
formation_629741.3.peg.1032-MONOMER,3.7145384260700956e-09,-1.8760271936285094e-34
formation_629741.3.peg.1051-MONOMER,0.0,0.0
formation_629741.3.peg.1090-MONOMER,-3.120062705514394e-43,0.0
formation_629741.3.peg.1115-MONOMER,1.489696547866072e-09,-5.611622129767529e-35
formation_629741.3.peg.1126-MONOMER,0.0,-1.6698456983463676e-34
formation_629741.3.peg.1140-MONOMER,2.2098989621122507e-09,-1.2973422552217412e-34
formation_629741.3.peg.1141-MONOMER,2.3641375854519384e-09,7.679223569805972e-35
formation_629741.3.peg.121-MONOMER,6.792766583713607e-43,0.0
formation_629741.3.peg.1214-MONOMER,0.0,1.202059532663655e-34
formation_629741.3.peg.1216-MONOMER,0.0,-1.4512242914041732e-33
formation_629741.3.peg.1245-MONOMER,0.0,0.0
formation_629741.3.peg.1265-MONOMER,7.973605314593745e-11,2.098074144870044e-34
formation_629741.3.peg.1317-MONOMER,0.0,0.0
formation_629741.3.peg.1344-MONOMER,1.4733267505246258e-29,0.0
formation_629741.3.peg.140-MONOMER,3.5315184412429794e-09,2.092016763792053e-34
formation_629741.3.peg.1435-MONOMER,2.5495955929294426e-08,0.0
formation_629741.3.peg.154-MONOMER,2.3662459617562572e-07,0.0
formation_629741.3.peg.1540-MONOMER,1.7659855807622987e-11,0.0
formation_629741.3.peg.1558-MONOMER,0.0,4.6020572260342965e-34
formation_629741.3.peg.1560-MONOMER,6.941377728919774e-10,-4.1755626359202055e-34
formation_629741.3.peg.1564-MONOMER,-3.8478137177966254e-30,0.0
formation_629741.3.peg.1565-MONOMER,-2.8225872449254398e-30,0.0
formation_629741.3.peg.1600-MONOMER,2.8015657971137374e-10,1.5948065461505914e-33
formation_629741.3.peg.1641-MONOMER,-3.895499307646515e-42,9.556193109913293e-36
formation_629741.3.peg.1645-MONOMER,2.4922841027116904e-09,0.0
formation_629741.3.peg.1657-MONOMER,3.935107595167082e-09,-1.8691229872879778e-36
formation_629741.3.peg.1712-MONOMER,0.0,-1.5229521712981096e-34
formation_629741.3.peg.1733-MONOMER,2.418076062119255e-08,0.0
formation_629741.3.peg.1749-MONOMER,0.0,0.0
formation_629741.3.peg.1750-MONOMER,4.6647972125981665e-08,-7.859678713188946e-35
formation_629741.3.peg.1751-MONOMER,0.0,-3.8387940410665267e-35
formation_629741.3.peg.1781-MONOMER,0.0,0.0
formation_629741.3.peg.1822-MONOMER,0.0,0.0
formation_629741.3.peg.1863-MONOMER,0.0,1.9922362693019124e-35
formation_629741.3.peg.1954-MONOMER,0.0,0.0
formation_629741.3.peg.1979-MONOMER,4.136715240124827e-29,0.0
formation_629741.3.peg.1984-MONOMER,0.0,0.0
formation_629741.3.peg.203-MONOMER,7.844842977260226e-30,0.0
formation_629741.3.peg.2041-MONOMER,6.65327722032193e-43,0.0
formation_629741.3.peg.206-MONOMER,0.0,0.0
formation_629741.3.peg.208-MONOMER,1.0648740666266704e-10,-6.135956019072015e-35
formation_629741.3.peg.2117-MONOMER,5.602536346376654e-11,3.3688040738155993e-34
formation_629741.3.peg.2170-MONOMER,0.0,-3.3094261589734204e-35
formation_629741.3.peg.220-MONOMER,9.946275612280917e-10,-1.473178420638769e-34
formation_629741.3.peg.2222-MONOMER,0.0,0.0
formation_629741.3.peg.2267-MONOMER,1.3565617665717154e-41,0.0
formation_629741.3.peg.229-MONOMER,2.0536387129414524e-09,0.0
formation_629741.3.peg.2303-MONOMER,0.0,-4.019635591007969e-34
formation_629741.3.peg.231-MONOMER,2.8323939806099302e-09,0.0
formation_629741.3.peg.233-MONOMER,2.2969556310395482e-29,-1.9754694749709294e-34
formation_629741.3.peg.2360-MONOMER,0.0,4.037979804574168e-35
formation_629741.3.peg.2375-MONOMER,0.0,-6.626653026464877e-35
formation_629741.3.peg.2440-MONOMER,0.0,0.0
formation_629741.3.peg.2491-MONOMER,1.5843920762270525e-09,0.0
formation_629741.3.peg.2542-MONOMER,0.0,0.0
formation_629741.3.peg.2609-MONOMER,3.449315796626429e-29,-2.7761173518521483e-34
formation_629741.3.peg.2647-MONOMER,3.4715377152488915e-11,0.0
formation_629741.3.peg.2684-MONOMER,3.911355201900122e-30,1.1355787660228753e-33
formation_629741.3.peg.2688-MONOMER,8.212708034688339e-30,0.0
formation_629741.3.peg.2733-MONOMER,-1.1657678615474784e-29,3.280763691240962e-34
formation_629741.3.peg.2743-MONOMER,0.0,0.0
formation_629741.3.peg.2744-MONOMER,0.0,-2.3296214480167936e-35
formation_629741.3.peg.2798-MONOMER,0.0,0.0
formation_629741.3.peg.28-MONOMER,1.3257514664899189e-09,2.4529775463581576e-34
formation_629741.3.peg.2912-MONOMER,0.0,2.2094214214038367e-34
formation_629741.3.peg.2914-MONOMER,-1.1708260826822233e-29,-3.5469474653573453e-34
formation_629741.3.peg.3013-MONOMER,9.476844128316153e-08,-2.06618958288222e-34
formation_629741.3.peg.3028-MONOMER,6.066728292377044e-11,-6.399223472994161e-34
formation_629741.3.peg.321-MONOMER,0.0,0.0
formation_629741.3.peg.336-MONOMER,0.0,0.0
formation_629741.3.peg.352-MONOMER,0.0,-9.172306245773949e-36
formation_629741.3.peg.367-MONOMER,1.0733552893640852e-10,0.0
formation_629741.3.peg.371-MONOMER,9.966046001820375e-08,0.0
formation_629741.3.peg.430-MONOMER,3.298480666160445e-09,0.0
formation_629741.3.peg.446-MONOMER,1.4067790054057878e-16,-2.5950507118431905e-34
formation_629741.3.peg.448-MONOMER,-1.69079010872402e-64,0.0
formation_629741.3.peg.457-MONOMER,2.949658458697392e-09,0.0
formation_629741.3.peg.528-MONOMER,0.0,0.0
formation_629741.3.peg.607-MONOMER,0.0,5.67163684599179e-34
formation_629741.3.peg.610-MONOMER,0.0,0.0
formation_629741.3.peg.613-MONOMER,0.0,0.0
formation_629741.3.peg.622-MONOMER,2.950355192210362e-09,-2.8083165715540876e-34
formation_629741.3.peg.636-MONOMER,1.2426944911878322e-41,0.0
formation_629741.3.peg.688-MONOMER,0.0,4.574097764307389e-35
formation_629741.3.peg.703-MONOMER,0.0,0.0
formation_629741.3.peg.733-MONOMER,2.045554813467036e-09,0.0
formation_629741.3.peg.734-MONOMER,0.0,5.86191714380015e-35
formation_629741.3.peg.743-MONOMER,0.0,0.0
formation_629741.3.peg.762-MONOMER,0.0,0.0
formation_629741.3.peg.772-MONOMER,7.504100762870515e-11,6.606381164479531e-35
formation_629741.3.peg.781-MONOMER,9.354745431452519e-08,0.0
formation_629741.3.peg.793-MONOMER,5.578185346665633e-11,0.0
formation_629741.3.peg.805-MONOMER,1.5024773399471703e-10,0.0
formation_629741.3.peg.810-MONOMER,3.127225705862874e-09,2.189769667874025e-34
formation_629741.3.peg.826-MONOMER,3.538594652573874e-63,0.0
formation_629741.3.peg.844-MONOMER,0.0,0.0
formation_629741.3.peg.859-MONOMER,0.0,-1.1223347719604585e-34
formation_629741.3.peg.866-MONOMER,0.0,2.2995891534685862e-34
formation_629741.3.peg.891-MONOMER,0.0,0.0
formation_629741.3.peg.898-MONOMER,2.699545456611326e-09,0.0
formation_CPLX_3OAS100-0,1.1472455726823583e-08,0.0
formation_CPLX_3OAS100-1,0.0,6.506386981030759e-34
formation_CPLX_ACCOACL-0,1.6338347155481292e-42,3.3829296333724684e-34
formation_CPLX_BTNCLi-0,-2.885117728502404e-42,0.0
formation_CPLX_DDPA-0,1.5100768625985257e-09,5.212773187380622e-34
formation_CPLX_DMATT-0,2.6694594659774606e-10,-6.9317712220245415e-34
formation_CPLX_FDH2-0,0.0,4.251288228578025e-34
formation_CPLX_FE3t4-0,0.0,0.0
formation_CPLX_G3PAT120-0,1.4405848440899292e-09,-8.272147948397353e-35
formation_CPLX_GALabc-0,0.0,1.5623210434595176e-34
formation_CPLX_GALabc-1,0.0,0.0
formation_CPLX_IPPMIb-0,0.0,0.0
formation_CPLX_METDabc-0,2.039019269027323e-09,0.0
formation_CPLX_NADH6-0,0.0,4.1570817897958995e-34
formation_CPLX_PRAMPC-0,4.2215300182359895e-09,0.0
formation_CPLX_PTRCabc-0,2.273706171866411e-11,1.1921543460027126e-32
formation_CPLX_THD2-0,0.0,8.256894381273243e-34
formation_CPLX_THZPSN-0,0.0,5.180568690768878e-35
formation_CPLX_YUMPS-0,0.0,8.215105614167407e-34
formation_CPLX_YUMPS-1,0.0,4.170664210492327e-34
formation_CPLX_YUMPS-2,9.14495996158628e-13,1.1500358497158258e-32
formation_CPLX_ZNabc-0,0.0,-1.3033472788599125e-34
formation_CPLX_dreplication-0,0.0,0.0
formation_CPLX_dreplication-1,0.0,-3.142903532238673e-33
formation_CPLX_dreplication-2,-3.052062255177297e-29,-6.1291818387694846e-33
formation_CPLX_dreplication-3,0.0,-3.1208353594636675e-33
formation_CPLX_dreplication-4,3.002085259271085e-29,0.0
formation_CPLX_dreplication-5,0.0,-5.544811843407057e-33
formation_CPLX_dreplication-6,0.0,0.0
formation_CPLX_dreplication-7,0.0,-2.7630347077916665e-33
formation_CPLX_pbiosynthesis-0,1.0159837843834886e-11,-4.662557924415489e-31
formation_CPLX_pbiosynthesis-1,1.0159837843834886e-11,-7.821456076067596e-32
formation_CPLX_pbiosynthesis-2,1.0159837843834886e-11,-4.856578540255926e-31
formation_CPLX_pbiosynthesis-3,1.0159837843834886e-11,-4.177506384814398e-31
formation_CPLX_rtranscription-0,3.8755917291841966e-11,-1.1209366611161573e-32
formation_g.2656.peg.1-MONOMER,4.873581005719593e-11,0.0
formation_g.2656.peg.1000-MONOMER,0.0,0.0
formation_g.2656.peg.1005-MONOMER,0.0,-0.23204901561055452
formation_g.2656.peg.1018-MONOMER,0.0,0.0
formation_g.2656.peg.102-MONOMER,2.8160570206696142e-06,0.0
formation_g.2656.peg.104-MONOMER,2.0959825392533336e-08,0.0
formation_g.2656.peg.1041-MONOMER,0.0,0.0
formation_g.2656.peg.1042-MONOMER,0.0,0.0
formation_g.2656.peg.1044-MONOMER,4.9505326610041626e-11,-6.862210460520063e-35
formation_g.2656.peg.1053-MONOMER,1.8102102752424056e-07,-2.849435180742039e-34
formation_g.2656.peg.1059-MONOMER,0.0,6.795794338946096e-35
formation_g.2656.peg.1078-MONOMER,0.0,0.0
formation_g.2656.peg.1089-MONOMER,9.14495996158628e-13,0.0
formation_g.2656.peg.1097-MONOMER,0.0,0.0
formation_g.2656.peg.1103-MONOMER,0.0,0.0
formation_g.2656.peg.1104-MONOMER,3.8755917291841966e-11,0.0
formation_g.2656.peg.1127-MONOMER,2.8160570206696142e-06,6.783596974496869e-35
formation_g.2656.peg.1138-MONOMER,6.14704633414902e-09,5.596690359080855e-34
formation_g.2656.peg.1139-MONOMER,1.7690547841466436e-08,-2.297458713013846e-33
formation_g.2656.peg.1179-MONOMER,0.0,5.504900658619285e-35
formation_g.2656.peg.1181-MONOMER,0.0,-1.6181702843032594e-34
formation_g.2656.peg.1182-MONOMER,0.0,0.0
formation_g.2656.peg.1184-MONOMER,5.361033289976751e-09,0.0
formation_g.2656.peg.1185-MONOMER,0.0,5.723609820994871e-35
formation_g.2656.peg.1199-MONOMER,7.298819292567695e-09,4.781041110263389e-34
formation_g.2656.peg.1201-MONOMER,9.14495996158628e-13,0.0
formation_g.2656.peg.1211-MONOMER,0.0,0.0
formation_g.2656.peg.1216-MONOMER,6.3382665059866246e-09,-6.6503885577114355e-34
formation_g.2656.peg.1222-MONOMER,0.0,0.0
formation_g.2656.peg.1227-MONOMER,0.0,0.0
formation_g.2656.peg.1233-MONOMER,4.4615842490070476e-11,-1.5575138221552742e-34
formation_g.2656.peg.127-MONOMER,0.0,-2.309560623854573e-34
formation_g.2656.peg.1294-MONOMER,1.6995202902954392e-08,-2.1404055033032967e-33
formation_g.2656.peg.13-MONOMER,0.0,0.0
formation_g.2656.peg.1301-MONOMER,0.0,-2.3296214480167936e-35
formation_g.2656.peg.1323-MONOMER,0.0,0.0
formation_g.2656.peg.1334-MONOMER,9.777186836535653e-11,0.0
formation_g.2656.peg.1350-MONOMER,0.0,0.0
formation_g.2656.peg.1374-MONOMER,0.0,0.0
formation_g.2656.peg.1396-MONOMER,4.034072321328185e-10,0.0
formation_g.2656.peg.1397-MONOMER,0.0,0.0
formation_g.2656.peg.1403-MONOMER,0.0,0.0
formation_g.2656.peg.1415-MONOMER,1.5133652134074022e-07,0.0
formation_g.2656.peg.1422-MONOMER,0.0,0.0
formation_g.2656.peg.1423-MONOMER,0.0,-1.2096194932351487e-34
formation_g.2656.peg.1434-MONOMER,7.651024851519667e-10,3.363531850703875e-34
formation_g.2656.peg.1435-MONOMER,0.0,9.671406924101608e-35
formation_g.2656.peg.1439-MONOMER,0.0,9.128603510577937e-35
formation_g.2656.peg.1450-MONOMER,8.342587956355543e-08,0.0
formation_g.2656.peg.146-MONOMER,-3.892527049995152e-44,-4.437306893014501e-34
formation_g.2656.peg.1461-MONOMER,8.856791616682604e-10,1.8907340912119206e-34
formation_g.2656.peg.1472-MONOMER,0.0,7.655228492722516e-35
formation_g.2656.peg.149-MONOMER,0.00121484702958322,0.0
formation_g.2656.peg.1496-MONOMER,4.4951417546472617e-10,5.438359815072656e-34
formation_g.2656.peg.1501-MONOMER,2.8160570206696142e-06,0.0
formation_g.2656.peg.1502-MONOMER,0.0,0.0
formation_g.2656.peg.1520-MONOMER,6.831550777315543e-11,2.777579506395791e-34
formation_g.2656.peg.1527-MONOMER,2.8160570206696142e-06,1.6350535877865474e-35
formation_g.2656.peg.1529-MONOMER,2.224524722195306e-43,0.0
formation_g.2656.peg.1543-MONOMER,0.0,3.6039224873840253e-35
formation_g.2656.peg.155-MONOMER,2.8160570206696142e-06,1.7433267399511316e-34
formation_g.2656.peg.1552-MONOMER,2.262629440128144e-10,-1.966937787566681e-34
formation_g.2656.peg.1568-MONOMER,0.0,-8.444153079715983e-36
formation_g.2656.peg.1573-MONOMER,4.128651451455289e-29,0.0
formation_g.2656.peg.1585-MONOMER,0.0,7.895289047480319e-35
formation_g.2656.peg.1592-MONOMER,4.523174793954883e-10,0.0
formation_g.2656.peg.1595-MONOMER,7.561283757725268e-10,0.0
formation_g.2656.peg.1599-MONOMER,1.3745290743317303e-07,-6.631370555570006e-35
formation_g.2656.peg.1611-MONOMER,2.1484532696111697e-08,0.0
formation_g.2656.peg.1617-MONOMER,2.286114074521396e-09,0.0
formation_g.2656.peg.1620-MONOMER,9.165105661563033e-09,0.0
formation_g.2656.peg.163-MONOMER,0.0,0.0
formation_g.2656.peg.1633-MONOMER,0.0,0.0
formation_g.2656.peg.1638-MONOMER,7.572838277031695e-09,0.0
formation_g.2656.peg.164-MONOMER,4.749055758389019e-10,2.733695892595853e-34
formation_g.2656.peg.165-MONOMER,4.813819466923596e-09,0.0
formation_g.2656.peg.1650-MONOMER,5.110321203926371e-10,2.700519979464719e-34
formation_g.2656.peg.1664-MONOMER,2.8160570206696142e-06,2.0347424106895884e-34
formation_g.2656.peg.1666-MONOMER,4.712214177121319e-10,0.0
formation_g.2656.peg.1698-MONOMER,4.3572673791067794e-08,3.8249660675418324e-34
formation_g.2656.peg.1699-MONOMER,0.0,0.0
formation_g.2656.peg.1704-MONOMER,0.0,0.0
formation_g.2656.peg.171-MONOMER,0.0,0.0
formation_g.2656.peg.1716-MONOMER,0.0,-4.058854076511999e-34
formation_g.2656.peg.1737-MONOMER,4.705090058729141e-11,0.0
formation_g.2656.peg.174-MONOMER,0.0,-3.547034007402045e-34
formation_g.2656.peg.1740-MONOMER,0.0,1.9342822021890637e-34
formation_g.2656.peg.1759-MONOMER,3.0230660898180684e-09,-1.6187523331787088e-34
formation_g.2656.peg.1761-MONOMER,0.0,0.0
formation_g.2656.peg.1767-MONOMER,6.776258035064297e-09,2.975607287305913e-34
formation_g.2656.peg.1782-MONOMER,0.0,0.0
formation_g.2656.peg.1783-MONOMER,9.14495996158628e-13,-9.251546332832127e-35
formation_g.2656.peg.1804-MONOMER,7.02527544409504e-29,0.0
formation_g.2656.peg.1818-MONOMER,0.0,0.0
formation_g.2656.peg.1834-MONOMER,0.0,-7.480257298890999e-35
formation_g.2656.peg.1844-MONOMER,0.0,0.0
formation_g.2656.peg.1855-MONOMER,2.8160570206696142e-06,0.0
formation_g.2656.peg.1865-MONOMER,3.2745026620832203e-07,0.0
formation_g.2656.peg.1868-MONOMER,2.0319675687669798e-11,0.0
formation_g.2656.peg.187-MONOMER,2.8160570206696142e-06,2.7323714571899487e-35
formation_g.2656.peg.1878-MONOMER,0.0,0.0
formation_g.2656.peg.1879-MONOMER,0.0,-3.1073590949789504e-34
formation_g.2656.peg.1882-MONOMER,2.6707023192222292e-09,0.0
formation_g.2656.peg.1889-MONOMER,0.0,0.0
formation_g.2656.peg.1915-MONOMER,2.8160570206696142e-06,0.0
formation_g.2656.peg.1921-MONOMER,7.723069962943952e-10,6.312820156228032e-35
formation_g.2656.peg.1923-MONOMER,0.0,-1.6612763622140349e-34
formation_g.2656.peg.193-MONOMER,9.14495996158628e-13,0.0
formation_g.2656.peg.1948-MONOMER,6.322824301238904e-11,1.1851103318063839e-34
formation_g.2656.peg.1958-MONOMER,0.0,0.0
formation_g.2656.peg.1971-MONOMER,2.8160570206696142e-06,0.0
formation_g.2656.peg.1984-MONOMER,1.8289919923172586e-12,0.0
formation_g.2656.peg.1987-MONOMER,2.434324596220333e-08,1.5425551112045504e-34
formation_g.2656.peg.1998-MONOMER,5.397192225702282e-41,0.0
formation_g.2656.peg.2017-MONOMER,3.4087675095736686e-08,-1.634740511946289e-34
formation_g.2656.peg.2020-MONOMER,1.0725390667862529e-42,0.0
formation_g.2656.peg.2038-MONOMER,2.8160671805074583e-06,1.9050713447069288e-35
formation_g.2656.peg.2084-MONOMER,0.0,0.0
formation_g.2656.peg.2093-MONOMER,4.8784593244761295e-09,0.0
formation_g.2656.peg.2098-MONOMER,2.8160570206696142e-06,0.0
formation_g.2656.peg.2101-MONOMER,8.50111221716284e-09,0.0
formation_g.2656.peg.2122-MONOMER,1.5756947212138826e-08,0.0
formation_g.2656.peg.2137-MONOMER,2.8160570206696142e-06,0.0
formation_g.2656.peg.2143-MONOMER,0.0,0.0
formation_g.2656.peg.2148-MONOMER,2.8160570206696142e-06,0.0
formation_g.2656.peg.2163-MONOMER,0.0,0.0
formation_g.2656.peg.2167-MONOMER,7.204511142428532e-12,1.9922278550902333e-34
formation_g.2656.peg.217-MONOMER,0.0,-5.404199105247758e-36
formation_g.2656.peg.2173-MONOMER,0.0,0.0
formation_g.2656.peg.2208-MONOMER,7.043634160169676e-42,0.0
formation_g.2656.peg.2234-MONOMER,7.723069962943952e-10,1.0571560008283138e-34
formation_g.2656.peg.2235-MONOMER,7.439898666231268e-13,-5.365720117406837e-35
formation_g.2656.peg.2250-MONOMER,0.0,-3.206916548489058e-34
formation_g.2656.peg.2253-MONOMER,1.71041586914696e-07,1.8832232539683006e-34
formation_g.2656.peg.2260-MONOMER,2.8160570206696142e-06,0.0
formation_g.2656.peg.2285-MONOMER,0.0,1.4873701272497327e-34
formation_g.2656.peg.2286-MONOMER,9.224162218410876e-09,0.0
formation_g.2656.peg.2296-MONOMER,0.0,6.1288670080867245e-34
formation_g.2656.peg.2305-MONOMER,0.0,0.0
formation_g.2656.peg.2312-MONOMER,4.0621240222370517e-10,0.0
formation_g.2656.peg.2316-MONOMER,0.0,0.0
formation_g.2656.peg.2334-MONOMER,2.8160570206696142e-06,2.5973552436161916e-35
formation_g.2656.peg.2341-MONOMER,0.0,-2.3688894411692066e-34
formation_g.2656.peg.2349-MONOMER,2.8160570206696142e-06,2.762959322023608e-35
formation_g.2656.peg.236-MONOMER,0.0,1.3991584327555495e-34
formation_g.2656.peg.2368-MONOMER,4.950380008474701e-09,6.606381164479531e-35
formation_g.2656.peg.2372-MONOMER,0.0,0.0
formation_g.2656.peg.2377-MONOMER,1.8289919923172586e-12,3.5284437366688095e-35
formation_g.2656.peg.239-MONOMER,2.8160570206696142e-06,0.0
formation_g.2656.peg.2400-MONOMER,1.2570190249172004e-09,-4.29592991517064e-34
formation_g.2656.peg.2416-MONOMER,0.0,0.0
formation_g.2656.peg.2417-MONOMER,0.0,0.0
formation_g.2656.peg.2422-MONOMER,0.0,0.0
formation_g.2656.peg.2439-MONOMER,2.751669634003401e-10,3.035103870171923e-34
formation_g.2656.peg.2457-MONOMER,2.8160570206696142e-06,2.9300166272814983e-35
formation_g.2656.peg.2462-MONOMER,2.1141862498842995e-08,0.0
formation_g.2656.peg.2463-MONOMER,2.8160671805074583e-06,4.1099209950504497e-35
formation_g.2656.peg.2466-MONOMER,9.14495996158628e-13,1.279237945624507e-34
formation_g.2656.peg.2471-MONOMER,-7.107931069839234e-30,4.3204467706310237e-35
formation_g.2656.peg.2476-MONOMER,1.3580390747166638e-08,2.546002824598909e-35
formation_g.2656.peg.2478-MONOMER,1.5446139925887925e-09,0.0
formation_g.2656.peg.2499-MONOMER,2.8160570206696142e-06,0.0
formation_g.2656.peg.2501-MONOMER,3.958652889387356e-10,2.0975098323471086e-34
formation_g.2656.peg.2505-MONOMER,2.6653000783838283e-09,-7.155314620685138e-35
formation_g.2656.peg.2513-MONOMER,3.8755917291841966e-11,0.0
formation_g.2656.peg.2518-MONOMER,1.3567428666720913e-07,0.0
formation_g.2656.peg.2527-MONOMER,7.7984066373472e-10,-1.4014282295462006e-34
formation_g.2656.peg.2538-MONOMER,0.0,-4.965342239377786e-34
formation_g.2656.peg.2541-MONOMER,4.253767075618214e-07,0.0
formation_g.2656.peg.2548-MONOMER,3.0263290490218096e-09,0.0
formation_g.2656.peg.2570-MONOMER,0.0,0.0
formation_g.2656.peg.2574-MONOMER,0.0,0.0
formation_g.2656.peg.2579-MONOMER,2.1487805739181136e-08,1.2800288672988575e-33
formation_g.2656.peg.2582-MONOMER,3.8755917291841966e-11,2.8047425421675656e-36
formation_g.2656.peg.2588-MONOMER,2.2802245546826886e-07,0.0
formation_g.2656.peg.259-MONOMER,2.8160570206696142e-06,0.0
formation_g.2656.peg.2592-MONOMER,0.0,6.813355130910176e-34
formation_g.2656.peg.2599-MONOMER,1.974936899455851e-09,0.0
formation_g.2656.peg.2603-MONOMER,0.0,0.0
formation_g.2656.peg.2624-MONOMER,2.3600025982771452e-07,-2.384430956941295e-34
formation_g.2656.peg.2629-MONOMER,2.8160570206696142e-06,-3.471709141222808e-35
formation_g.2656.peg.263-MONOMER,2.8160570206696142e-06,-1.752606473841647e-35
formation_g.2656.peg.2664-MONOMER,1.4022752902191747e-08,0.0
formation_g.2656.peg.2670-MONOMER,9.064000256268876e-08,0.0
formation_g.2656.peg.2674-MONOMER,1.0202980146756263e-10,0.0
formation_g.2656.peg.2699-MONOMER,4.85653565876262e-09,1.8962469711912488e-34
formation_g.2656.peg.2711-MONOMER,0.0,1.6951965215462154e-34
formation_g.2656.peg.2717-MONOMER,3.543053591269909e-30,1.6973955477877635e-34
formation_g.2656.peg.2727-MONOMER,2.8160570206696142e-06,-1.758332980890412e-34
formation_g.2656.peg.273-MONOMER,5.22164078181236e-11,1.9141368295639236e-34
formation_g.2656.peg.2737-MONOMER,2.4289849376136623e-07,0.0
formation_g.2656.peg.2743-MONOMER,2.8160570206696142e-06,6.731440683073793e-35
formation_g.2656.peg.276-MONOMER,6.508934382650894e-09,0.0
formation_g.2656.peg.2765-MONOMER,0.0,0.0
formation_g.2656.peg.2769-MONOMER,2.8160570206696142e-06,0.0
formation_g.2656.peg.2786-MONOMER,0.0,5.412403315367328e-37
formation_g.2656.peg.2790-MONOMER,5.274468885634996e-13,0.0
formation_g.2656.peg.2797-MONOMER,2.8160570206696142e-06,-7.110162468667064e-35
formation_g.2656.peg.28-MONOMER,2.6278329321635525e-10,0.0
formation_g.2656.peg.2807-MONOMER,0.0,1.7844008615606733e-34
formation_g.2656.peg.281-MONOMER,2.8160570206696142e-06,0.0
formation_g.2656.peg.2828-MONOMER,5.4630084759615345e-39,0.0
formation_g.2656.peg.2838-MONOMER,0.0,-5.096003126146387e-34
formation_g.2656.peg.2843-MONOMER,0.0,-1.6582795565196773e-34
formation_g.2656.peg.2851-MONOMER,0.0,0.0
formation_g.2656.peg.2863-MONOMER,1.0186584784416535e-09,-9.822359561182504e-35
formation_g.2656.peg.287-MONOMER,0.0,-5.359291741558544e-34
formation_g.2656.peg.2878-MONOMER,4.148502207477463e-09,-9.208054017469094e-34
formation_g.2656.peg.2882-MONOMER,1.9645594446301434e-07,0.0
formation_g.2656.peg.294-MONOMER,2.8160570206696142e-06,1.537142033425203e-35
formation_g.2656.peg.295-MONOMER,1.2336561376502031e-08,0.0
formation_g.2656.peg.2957-MONOMER,3.548452624183437e-07,2.495072208796325e-34
formation_g.2656.peg.2958-MONOMER,6.119663386652159e-10,-7.271550178332968e-36
formation_g.2656.peg.2965-MONOMER,5.662166870742262e-09,6.381244649274624e-34
formation_g.2656.peg.2967-MONOMER,0.0,6.896645321175768e-34
formation_g.2656.peg.2997-MONOMER,5.274468885634996e-13,0.0
formation_g.2656.peg.3-MONOMER,0.0,2.8000182508913195e-34
formation_g.2656.peg.3014-MONOMER,0.0,0.0
formation_g.2656.peg.3022-MONOMER,7.723069962943952e-10,0.0
formation_g.2656.peg.3038-MONOMER,2.8160570206696142e-06,0.0
formation_g.2656.peg.3040-MONOMER,2.8160570206696142e-06,0.0
formation_g.2656.peg.305-MONOMER,-1.3953470025060534e-29,0.0
formation_g.2656.peg.307-MONOMER,0.0,0.0
formation_g.2656.peg.3070-MONOMER,0.0,8.930014272958377e-35
formation_g.2656.peg.3076-MONOMER,0.0,0.0
formation_g.2656.peg.3099-MONOMER,5.614194854893328e-09,-6.409358187145396e-34
formation_g.2656.peg.3102-MONOMER,9.14495996158628e-13,0.0
formation_g.2656.peg.320-MONOMER,3.251701905988034e-07,0.0
formation_g.2656.peg.327-MONOMER,0.0,0.0
formation_g.2656.peg.335-MONOMER,2.812089397741422e-07,1.1125130013009998e-34
formation_g.2656.peg.344-MONOMER,1.439624433866953e-08,7.164842770798685e-35
formation_g.2656.peg.35-MONOMER,2.8160570206696142e-06,-7.635647369902435e-35
formation_g.2656.peg.350-MONOMER,0.0,-4.7659547392394426e-35
formation_g.2656.peg.352-MONOMER,6.800319283673538e-10,0.0
formation_g.2656.peg.353-MONOMER,2.8160671805074583e-06,0.0
formation_g.2656.peg.369-MONOMER,0.0,5.656638718265749e-35
formation_g.2656.peg.376-MONOMER,2.8160570206696142e-06,6.93658717151418e-35
formation_g.2656.peg.383-MONOMER,5.055890484366685e-11,-1.8587485079592073e-34
formation_g.2656.peg.412-MONOMER,0.0,-1.7236463976907147e-34
formation_g.2656.peg.423-MONOMER,0.0,-3.709580837103465e-34
formation_g.2656.peg.44-MONOMER,9.14495996158628e-13,0.0
formation_g.2656.peg.441-MONOMER,7.723069962943952e-10,2.2377564920282647e-35
formation_g.2656.peg.443-MONOMER,2.8160570206696142e-06,3.9693248875759875e-35
formation_g.2656.peg.446-MONOMER,2.7364956147082066e-08,0.0
formation_g.2656.peg.447-MONOMER,1.5269100016754547e-07,-1.8043111033018172e-34
formation_g.2656.peg.465-MONOMER,0.0,0.0
formation_g.2656.peg.466-MONOMER,0.0,-1.3774327866242375e-07
formation_g.2656.peg.467-MONOMER,1.3567428666720913e-07,5.024123208239482e-34
formation_g.2656.peg.489-MONOMER,2.8160570206696142e-06,7.155923128568356e-35
formation_g.2656.peg.494-MONOMER,0.0,0.0
formation_g.2656.peg.495-MONOMER,4.683767829061954e-10,0.0
formation_g.2656.peg.498-MONOMER,9.14495996158628e-13,0.0
formation_g.2656.peg.503-MONOMER,6.612673358538401e-13,0.0
formation_g.2656.peg.510-MONOMER,0.0,0.0
formation_g.2656.peg.516-MONOMER,2.8160570206696142e-06,0.0
formation_g.2656.peg.521-MONOMER,2.8160570206696142e-06,0.0
formation_g.2656.peg.523-MONOMER,1.3948429047647112e-07,0.0
formation_g.2656.peg.525-MONOMER,2.8160570206696142e-06,2.6247083298629842e-36
formation_g.2656.peg.529-MONOMER,3.5708783788115714e-14,0.0
formation_g.2656.peg.540-MONOMER,0.0,1.2863956764157364e-34
formation_g.2656.peg.557-MONOMER,3.184661718330347e-07,9.944938430744145e-35
formation_g.2656.peg.558-MONOMER,0.0,0.0
formation_g.2656.peg.562-MONOMER,2.8160671805074583e-06,0.0
formation_g.2656.peg.573-MONOMER,3.7571167895613704e-09,0.0
formation_g.2656.peg.582-MONOMER,0.0,1.609784686549172e-34
formation_g.2656.peg.588-MONOMER,1.3994912453377388e-09,0.0
formation_g.2656.peg.597-MONOMER,2.8160570206696142e-06,-3.7921021650713253e-34
formation_g.2656.peg.602-MONOMER,2.8160570206696142e-06,3.589598092998197e-35
formation_g.2656.peg.604-MONOMER,3.0662544705705163e-07,0.0
formation_g.2656.peg.608-MONOMER,9.14495996158628e-13,0.0
formation_g.2656.peg.620-MONOMER,2.8160570206696142e-06,0.0
formation_g.2656.peg.627-MONOMER,2.8160570206696142e-06,-1.6424197497754203e-35
formation_g.2656.peg.629-MONOMER,0.0,0.0
formation_g.2656.peg.630-MONOMER,2.8160570206696142e-06,-1.5561808539003732e-35
formation_g.2656.peg.634-MONOMER,2.8160570206696142e-06,-7.655153044358563e-35
formation_g.2656.peg.643-MONOMER,2.7923298220312523e-14,-6.504461546111137e-35
formation_g.2656.peg.667-MONOMER,2.327004271391198e-42,0.0
formation_g.2656.peg.678-MONOMER,2.9076398707098535e-08,1.3915570646077486e-34
formation_g.2656.peg.689-MONOMER,3.8755917291841966e-11,4.3784146687089977e-35
formation_g.2656.peg.690-MONOMER,7.439898666231268e-13,-2.8571507560910684e-34
formation_g.2656.peg.699-MONOMER,2.8160570206696142e-06,4.2108169585564753e-36
formation_g.2656.peg.717-MONOMER,0.0,0.0
formation_g.2656.peg.730-MONOMER,0.0,1.5838157329154014e-34
formation_g.2656.peg.733-MONOMER,2.8160570206696142e-06,0.0
formation_g.2656.peg.735-MONOMER,2.8160570206696142e-06,0.0
formation_g.2656.peg.748-MONOMER,1.0159837843834886e-11,0.0
formation_g.2656.peg.754-MONOMER,0.0,0.0
formation_g.2656.peg.77-MONOMER,5.129310731468828e-10,0.0
formation_g.2656.peg.770-MONOMER,5.486975976951776e-12,-7.791807590148954e-34
formation_g.2656.peg.777-MONOMER,2.8160570206696142e-06,0.0
formation_g.2656.peg.780-MONOMER,0.0,2.2982905302330084e-35
formation_g.2656.peg.788-MONOMER,2.8160570206696142e-06,-1.5584765942531123e-34
formation_g.2656.peg.79-MONOMER,0.0,0.0
formation_g.2656.peg.803-MONOMER,7.898220897021141e-10,0.0
formation_g.2656.peg.807-MONOMER,2.8160671805074583e-06,-4.709073148113641e-35
formation_g.2656.peg.808-MONOMER,0.0,-3.223353958259853e-34
formation_g.2656.peg.81-MONOMER,2.2098989621122507e-09,0.0
formation_g.2656.peg.811-MONOMER,5.462137493697611e-08,-1.95231517301451e-34
formation_g.2656.peg.812-MONOMER,3.2424916557562495e-09,-4.6481845576474636e-35
formation_g.2656.peg.823-MONOMER,2.8160570206696142e-06,0.0
formation_g.2656.peg.824-MONOMER,0.0,0.0
formation_g.2656.peg.828-MONOMER,0.0004638035552541509,-2.9180788701604703e-68
formation_g.2656.peg.846-MONOMER,2.5420282409476803e-09,0.0
formation_g.2656.peg.852-MONOMER,2.099857837318615e-09,-4.036625736010383e-34
formation_g.2656.peg.858-MONOMER,2.8160570206696142e-06,-3.6037428215361275e-35
formation_g.2656.peg.86-MONOMER,0.0,0.0
formation_g.2656.peg.874-MONOMER,2.8160570206696142e-06,0.0
formation_g.2656.peg.877-MONOMER,0.0,2.7574806200563443e-34
formation_g.2656.peg.88-MONOMER,0.0,0.0
formation_g.2656.peg.889-MONOMER,2.9949931773079026e-09,0.0
formation_g.2656.peg.906-MONOMER,0.0,0.0
formation_g.2656.peg.913-MONOMER,4.5652881677053644e-10,0.0
formation_g.2656.peg.916-MONOMER,2.8160570206696142e-06,3.247955761853072e-35
formation_g.2656.peg.926-MONOMER,0.0,-1.7578001169654348e-34
formation_g.2656.peg.945-MONOMER,2.8160570206696142e-06,0.0
formation_g.2656.peg.953-MONOMER,9.14495996158628e-13,2.009420277091779e-34
formation_g.2656.peg.959-MONOMER,2.8160570206696142e-06,0.0
formation_g.2656.peg.963-MONOMER,1.3567428666720913e-07,9.781029177774495e-35
formation_g.2656.peg.964-MONOMER,9.298019939461078e-11,0.0
formation_g.2656.peg.967-MONOMER,0.0,-1.9109023230962155e-34
formation_g.2656.peg.99-MONOMER,9.14495996158628e-13,-2.449613270332497e-34
formation_g.2656.peg.992-MONOMER,7.19872823440432e-09,-5.295487835874301e-34
formation_g.2656.peg.999-MONOMER,0.0,0.0
formation_g.2656.peg.135-MONOMER_mod_fmn(1),9.450197533144226e-30,-1.8691462133370235e-33
formation_g.2656.peg.2937-MONOMER_mod_mg2(1),1.9331901824567234e-08,-1.4956126536396891e-33
formation_g.2656.peg.2801-MONOMER_mod_pydx5p(1),0.0,2.759397576782887e-35
formation_g.2656.peg.2300-MONOMER_mod_zn2(1),0.0,-3.920547964752606e-34
formation_g.2656.peg.2035-MONOMER_mod_mg2(1),0.0,-7.235477710608776e-34
formation_g.2656.peg.800-MONOMER_mod_mg2(1),1.607654031766445e-09,-5.149154172711199e-34
formation_g.2656.peg.971-MONOMER_mod_mg2(1),7.342345694896508e-07,5.081342435554904e-34
formation_g.2656.peg.686-MONOMER_mod_mg2(1),0.0,1.6179396813608534e-34
formation_g.2656.peg.686-MONOMER_mod_mn2(1),0.0,0.0
formation_629741.3.peg.2295-MONOMER_mod_mg2(1),1.0180786196458149e-07,-4.149067268554802e-33
formation_g.2656.peg.496-MONOMER_mod_mg2(1),0.0,2.2739251042177983e-34
formation_g.2656.peg.496-MONOMER_mod_mn2(1),0.0,0.0
formation_629741.3.peg.1247-MONOMER_mod_mg2(1),-1.4220647448661272e-44,0.0
formation_g.2656.peg.1190-MONOMER_mod_nadp(1),4.859485631775687e-10,0.0
formation_629741.3.peg.2374-MONOMER_mod_pydx5p(1),0.0,-1.1539152883887124e-33
formation_g.2656.peg.1204-MONOMER_mod_zn2(1),0.0,0.0
formation_g.2656.peg.1387-MONOMER_mod_fe2(2),3.088486931277452e-11,-1.0738013222102173e-32
formation_629741.3.peg.1495-MONOMER_mod_mg2(1),8.126206463115928e-09,0.0
formation_g.2656.peg.2395-MONOMER_mod_fad(1),0.0,7.955995488626029e-33
formation_629741.3.peg.2194-MONOMER_mod_4fe4s(1)_mod_2fe2s(1),0.0,1.8456237060056593e-35
formation_g.2656.peg.2561-MONOMER_mod_mg2(1),3.1248918841059104e-09,0.0
formation_629741.3.peg.1552-MONOMER_mod_fmnh2(1),0.0,-1.2562376439731727e-33
formation_629741.3.peg.1552-MONOMER_mod_fadh2(1),8.591550396773006e-10,0.0
formation_g.2656.peg.2412-MONOMER_mod_4fe4s(1),0.0,-1.374613221535746e-35
formation_629741.3.peg.1027-MONOMER_mod_mg2(1),-5.3936265948215084e-42,1.383419764127837e-33
formation_g.2656.peg.2039-MONOMER_mod_zn2(1),0.0,0.0
formation_g.2656.peg.1845-MONOMER_mod_mg2(1),1.7341078044667516e-08,-6.627943146506944e-34
formation_g.2656.peg.2704-MONOMER_mod_cd2(1)_mod_zn2(1)_mod_mg2(1)_mod_mn2(1)_mod_cobalt2(1),0.0,-1.6604804159626083e-32
formation_g.2656.peg.486-MONOMER_mod_pydx5p(1),1.6169791739639523e-11,2.018583096333315e-33
formation_g.2656.peg.51-MONOMER_mod_mg2(1)_mod_k(1),4.047494257375099e-09,0.0
formation_629741.3.peg.2489-MONOMER_mod_mg2(1),1.1624462738183548e-10,-3.854336756944131e-34
formation_g.2656.peg.172-MONOMER_mod_mg2(1),4.359623699094837e-09,-2.7444305545942783e-34
formation_629741.3.peg.1497-MONOMER_mod_4fe4s(1),3.641942750927627e-43,-7.374679430173331e-34
formation_629741.3.peg.1278-MONOMER_mod_fmn(1),0.0,2.0110007539311126e-34
formation_g.2656.peg.2677-MONOMER_mod_fad(1),0.0,-3.4759869802594824e-34
formation_g.2656.peg.2663-MONOMER_mod_mg2(1),0.0,0.0
formation_g.2656.peg.1885-MONOMER_mod_cobalt2(1)_mod_nad(1),2.4180127838336405e-09,-1.2760142486262958e-34
formation_g.2656.peg.1739-MONOMER_mod_nadph(1)_mod_nadh(1)_mod_fad(1)_mod_cobalt2(1),2.571301200486826e-09,-2.4616838871841256e-34
formation_g.2656.peg.2430-MONOMER_mod_zn2(1),0.0,3.5790140906387765e-34
formation_g.2656.peg.2891-MONOMER_mod_mg2(1),1.0197754468189216e-09,3.863310075415198e-33
formation_g.2656.peg.799-MONOMER_mod_zn2(1),4.953484972383176e-63,-2.3628195002072412e-35
formation_g.2656.peg.1022-MONOMER_mod_mn2(1),0.0,4.485100630134044e-34
formation_g.2656.peg.1022-MONOMER_mod_cobalt2(1),2.506248728252758e-09,-4.549275363177148e-34
formation_g.2656.peg.1022-MONOMER_mod_mg2(1),0.0,0.0
formation_g.2656.peg.1587-MONOMER_mod_fad(1),-6.927622134956041e-30,0.0
formation_g.2656.peg.2868-MONOMER_mod_pydx5p(1),0.0,0.0
formation_629741.3.peg.2610-MONOMER_mod_mg2(1),4.729306885456712e-08,0.0
formation_g.2656.peg.969-MONOMER_mod_fad(1),0.0,8.526302671004828e-34
formation_g.2656.peg.1858-MONOMER_mod_mg2(1),6.318529415324327e-11,-4.679678073716017e-34
formation_g.2656.peg.2550-MONOMER_mod_mg2(1),5.845980917286682e-08,-2.6068597644422143e-34
formation_g.2656.peg.894-MONOMER_mod_mg2(1),2.9572985343800145e-10,1.4169680535496562e-34
formation_629741.3.peg.1396-MONOMER_mod_mg2(1),5.667429337748854e-10,0.0
formation_g.2656.peg.2962-MONOMER_mod_pydx5p(1),0.0,0.0
formation_g.2656.peg.303-MONOMER_mod_nad(1),3.8961394672694985e-10,2.3194730713404447e-34
formation_g.2656.peg.2295-MONOMER_mod_fe2(1)_mod_zn2(1),1.85217538009501e-08,0.0
formation_629741.3.peg.2085-MONOMER_mod_mn2(1),0.0,0.0
formation_629741.3.peg.1243-MONOMER_mod_mg2(1),0.0,0.0
formation_g.2656.peg.565-MONOMER_mod_mg2(1)_mod_k(1),7.723069962943952e-10,-9.6652860762583e-35
formation_g.2656.peg.2101-MONOMER_mod_mg2(1)_mod_zn2(1),0.0,2.7905215311928574e-34
formation_g.2656.peg.1755-MONOMER_mod_zn2(1),9.189398438135474e-43,6.733902859678549e-34
formation_g.2656.peg.40-MONOMER_mod_mg2(1),1.1120527563260889e-41,-1.6965441299222866e-35
formation_g.2656.peg.1517-MONOMER_mod_mg2(1),0.0,0.0
formation_g.2656.peg.1517-MONOMER_mod_mn2(1),4.702600220696075e-10,0.0
formation_g.2656.peg.19-MONOMER_mod_mg2(1),0.0,6.8665288259586255e-34
formation_g.2656.peg.1893-MONOMER_mod_mg2(1),0.0,7.258873939287283e-34
formation_g.2656.peg.578-MONOMER_mod_mn2(1),0.0,0.0
formation_629741.3.peg.2362-MONOMER_mod_mn2(1),0.0,0.0
formation_629741.3.peg.2051-MONOMER_mod_mg2(1),2.6603545553906815e-09,3.831544243097448e-33
formation_g.2656.peg.996-MONOMER_mod_dpm(1),0.0,0.0
formation_629741.3.peg.1538-MONOMER_mod_mg2(1),0.0,0.0
formation_629741.3.peg.1034-MONOMER_mod_pydx5p(1),2.2101704947898046e-09,-1.0848880320666779e-32
formation_629741.3.peg.1036-MONOMER_mod_mg2(1),0.0,-2.660975747603462e-34
formation_629741.3.peg.1036-MONOMER_mod_mn2(1),1.4997551966822153e-09,0.0
formation_629741.3.peg.2363-MONOMER_mod_pydx5p(6),7.68078983653188e-10,0.0
formation_629741.3.peg.2363-MONOMER_mod_pydx5p(1),-1.3024009942089062e-43,-1.0609535580510093e-33
formation_629741.3.peg.1687-MONOMER_mod_mg2(1),6.628049127616355e-44,0.0
formation_g.2656.peg.1260-MONOMER_mod_mg2(1),0.0,1.9132851079320337e-34
formation_g.2656.peg.1990-MONOMER_mod_mg2(1),7.092774179516772e-10,0.0
formation_629741.3.peg.1257-MONOMER_mod_pydx5p(1),0.0,0.0
formation_g.2656.peg.1927-MONOMER_mod_ni2(1),0.0,7.515102443226257e-35
formation_g.2656.peg.1123-MONOMER_mod_fad(1),1.4059317695905185e-16,0.0
formation_g.2656.peg.2297-MONOMER_mod_mn2(1),0.0,2.082972472772269e-33
formation_g.2656.peg.2297-MONOMER_mod_mg2(1),0.0,-2.3567321401996917e-33
formation_g.2656.peg.533-MONOMER_mod_mn2(1),0.0,0.0
formation_g.2656.peg.533-MONOMER_mod_mg2(1),0.0,0.0
formation_g.2656.peg.2923-MONOMER_mod_mn2(1),4.009385435693491e-09,1.232072379121284e-33
formation_g.2656.peg.2753-MONOMER_mod_mn2(1),3.3497179567420953e-09,2.7232192122347834e-34
formation_g.2656.peg.2709-MONOMER_mod_mg2(1),0.0,-2.609402156958796e-34
formation_g.2656.peg.2709-MONOMER_mod_mn2(1),0.0,0.0
formation_g.2656.peg.2709-MONOMER_mod_cobalt2(1),3.7227781173593766e-09,2.399831678297701e-34
formation_g.2656.peg.1328-MONOMER_mod_k(4)_mod_mg2(1),0.0,0.0
formation_g.2656.peg.1328-MONOMER_mod_k(4)_mod_mn2(1),0.0,-1.5728602158404705e-33
formation_g.2656.peg.1328-MONOMER_mod_k(4)_mod_cobalt2(1),0.0,0.0
formation_g.2656.peg.1328-MONOMER_mod_k(4)_mod_zn2(1),3.632750811898349e-11,1.1528507785964164e-33
formation_g.2656.peg.1328-MONOMER_mod_k(4)_mod_cd2(1),0.0,-1.2909225661311144e-33
formation_g.2656.peg.1328-MONOMER_mod_k(4)_mod_ni2(1),0.0,1.3540277069742747e-33
formation_g.2656.peg.1328-MONOMER_mod_k(4)_mod_ca2(1),0.0,1.2812712695789643e-33
formation_g.2656.peg.1328-MONOMER_mod_nh4(4)_mod_mg2(1),0.0,0.0
formation_g.2656.peg.1328-MONOMER_mod_nh4(4)_mod_mn2(1),0.0,1.5479192547476175e-33
formation_g.2656.peg.1328-MONOMER_mod_nh4(4)_mod_cobalt2(1),0.0,-1.5625982864174415e-33
formation_g.2656.peg.1328-MONOMER_mod_nh4(4)_mod_zn2(1),0.0,0.0
formation_g.2656.peg.1328-MONOMER_mod_nh4(4)_mod_cd2(1),0.0,0.0
formation_g.2656.peg.1328-MONOMER_mod_nh4(4)_mod_ni2(1),0.0,0.0
formation_g.2656.peg.1328-MONOMER_mod_nh4(4)_mod_ca2(1),0.0,-1.2589289783896455e-33
formation_g.2656.peg.1328-MONOMER_mod_tl(4)_mod_mg2(1),0.0,0.0
formation_g.2656.peg.1328-MONOMER_mod_tl(4)_mod_mn2(1),0.0,1.5057273364626812e-33
formation_g.2656.peg.1328-MONOMER_mod_tl(4)_mod_cobalt2(1),0.0,0.0
formation_g.2656.peg.1328-MONOMER_mod_tl(4)_mod_zn2(1),0.0,-1.1201304306439202e-33
formation_g.2656.peg.1328-MONOMER_mod_tl(4)_mod_cd2(1),0.0,1.2560100473205588e-33
formation_g.2656.peg.1328-MONOMER_mod_tl(4)_mod_ni2(1),0.0,1.8275286540969064e-33
formation_g.2656.peg.1328-MONOMER_mod_tl(4)_mod_ca2(1),0.0,0.0
formation_g.2656.peg.1328-MONOMER_mod_cs(4)_mod_mg2(1),0.0,0.0
formation_g.2656.peg.1328-MONOMER_mod_cs(4)_mod_mn2(1),0.0,1.5057273364626812e-33
formation_g.2656.peg.1328-MONOMER_mod_cs(4)_mod_cobalt2(1),0.0,0.0
formation_g.2656.peg.1328-MONOMER_mod_cs(4)_mod_zn2(1),0.0,-1.1201304306439202e-33
formation_g.2656.peg.1328-MONOMER_mod_cs(4)_mod_cd2(1),0.0,1.2560100473205588e-33
formation_g.2656.peg.1328-MONOMER_mod_cs(4)_mod_ni2(1),0.0,1.8275286540969064e-33
formation_g.2656.peg.1328-MONOMER_mod_cs(4)_mod_ca2(1),0.0,0.0
formation_g.2656.peg.1328-MONOMER_mod_na1(4)_mod_mg2(1),0.0,0.0
formation_g.2656.peg.1328-MONOMER_mod_na1(4)_mod_mn2(1),0.0,0.0
formation_g.2656.peg.1328-MONOMER_mod_na1(4)_mod_cobalt2(1),0.0,-1.569518515810188e-33
formation_g.2656.peg.1328-MONOMER_mod_na1(4)_mod_zn2(1),0.0,1.151403847693194e-33
formation_g.2656.peg.1328-MONOMER_mod_na1(4)_mod_cd2(1),0.0,-1.2798231881146862e-33
formation_g.2656.peg.1328-MONOMER_mod_na1(4)_mod_ni2(1),0.0,0.0
formation_g.2656.peg.1328-MONOMER_mod_na1(4)_mod_ca2(1),0.0,1.26536654754906e-33
formation_g.2656.peg.2703-MONOMER_mod_fad(1),1.9339725908357152e-11,0.0
formation_g.2656.peg.1907-MONOMER_mod_mg2(1),0.0,0.0
formation_629741.3.peg.1071-MONOMER_mod_mg2(1),1.145586159715402e-11,0.0
formation_g.2656.peg.2622-MONOMER_mod_mg2(1),1.9241156979779051e-16,-1.136495865901083e-33
formation_g.2656.peg.2825-MONOMER_mod_mg2(1),7.420540979205478e-11,-4.6230744838035095e-33
formation_g.2656.peg.1099-MONOMER_mod_zn2(1),3.974913574648097e-44,8.707647005955017e-34
formation_g.2656.peg.1099-MONOMER_mod_cobalt2(1),0.0,0.0
formation_g.2656.peg.213-MONOMER_mod_cobalt2(1),0.0,0.0
formation_g.2656.peg.2274-MONOMER_mod_mg2(1),0.0,-6.679160643908367e-34
formation_g.2656.peg.497-MONOMER_mod_mg2(1),-2.885074811627603e-29,-1.3117184005251397e-33
formation_g.2656.peg.1412-MONOMER_mod_mg2(1)_mod_mn2(1),-2.7358619114277317e-29,0.0
formation_g.2656.peg.1034-MONOMER_mod_mn2(1),0.0,0.0
formation_g.2656.peg.947-MONOMER_mod_fad(1),0.0,0.0
formation_629741.3.peg.1828-MONOMER_mod_mg2(1)_mod_k(1),0.0,2.7591926811538957e-34
formation_629741.3.peg.1828-MONOMER_mod_mg2(1)_mod_nh4(1),0.0,2.109628326421168e-34
formation_629741.3.peg.1828-MONOMER_mod_mn2(1)_mod_k(1),3.53157579109833e-11,-3.280768884407688e-34
formation_629741.3.peg.1828-MONOMER_mod_mn2(1)_mod_nh4(1),0.0,0.0
formation_629741.3.peg.2754-MONOMER_mod_fmn(1),0.0,1.1388174414034007e-34
formation_g.2656.peg.293-MONOMER_mod_mg2(1)_mod_cl(1),0.0,0.0
formation_629741.3.peg.2682-MONOMER_mod_23bpg(1),0.0,0.0
formation_g.2656.peg.1383-MONOMER_mod_mg2(1),2.69021010135472e-09,0.0
formation_g.2656.peg.2390-MONOMER_mod_mg2(1),2.4321967398460727e-09,3.1877233865607553e-35
formation_g.2656.peg.854-MONOMER_mod_mg2(1),0.0,3.525400174755803e-34
formation_g.2656.peg.2654-MONOMER_mod_zn2(1),0.0,1.3419065009273429e-34
formation_629741.3.peg.3080-MONOMER_mod_fmn(1),0.0,0.0
formation_629741.3.peg.3080-MONOMER_mod_mg2(1),0.0,2.9912253072793782e-33
formation_g.2656.peg.2889-MONOMER_mod_mg2(1),9.643759695594621e-44,-7.164150769156593e-34
formation_629741.3.peg.2774-MONOMER_mod_mg2(1),0.0,3.1953814220391006e-32
formation_629741.3.peg.1621-MONOMER_mod_k(1)_mod_mg2(1),0.0,-8.178718142463195e-35
formation_629741.3.peg.1293-MONOMER_mod_mg2(1),0.0,0.0
formation_g.2656.peg.2833-MONOMER_mod_mg2(1)_mod_pi(1),0.0,-1.6266887192975833e-34
formation_g.2656.peg.2833-MONOMER_mod_mn2(1)_mod_pi(1),-4.01318722421212e-39,0.0
formation_629741.3.peg.3053-MONOMER_mod_mg2(1),2.1750829957700494e-11,0.0
formation_g.2656.peg.1577-MONOMER_mod_mg2(1)_mod_k(1),-3.293646157071377e-42,1.34249949428084e-33
formation_g.2656.peg.1577-MONOMER_mod_mn2(1)_mod_k(1),7.1027085949187095e-09,-1.59619621559356e-33
formation_g.2656.peg.1688-MONOMER_mod_zn2(1)_mod_cobalt2(1),0.0,-1.8054093142534744e-33
formation_629741.3.peg.2098-MONOMER_mod_mg2(1),0.0,0.0
formation_629741.3.peg.2098-MONOMER_mod_mn2(1),0.0,-1.0524444730424102e-34
formation_629741.3.peg.2098-MONOMER_mod_cobalt2(1),0.0,0.0
formation_629741.3.peg.2098-MONOMER_mod_fe2(1),3.809847867880198e-09,0.0
formation_629741.3.peg.2098-MONOMER_mod_ca2(1),0.0,0.0
formation_629741.3.peg.2098-MONOMER_mod_k(1),0.0,0.0
formation_g.2656.peg.1180-MONOMER_mod_mn2(1),0.0,1.4723835818587216e-32
formation_g.2656.peg.1289-MONOMER_mod_mg2(1),4.1370056971681144e-10,2.459323979922003e-34
formation_629741.3.peg.1255-MONOMER_mod_pydx5p(1),0.0,-1.0460115988356079e-33
formation_629741.3.peg.1844-MONOMER_mod_thmpp(1)_mod_mn2(1)_mod_mg2(1),7.582927514500299e-08,-1.5689028211619827e-33
formation_g.2656.peg.895-MONOMER_mod_mg2(1),4.969314146693654e-10,2.3134697555008447e-34
formation_g.2656.peg.1196-MONOMER_mod_mg2(1),0.0,-4.5174841516780985e-33
formation_g.2656.peg.1643-MONOMER_mod_nad(1),1.7486127823458977e-08,0.0
formation_g.2656.peg.2529-MONOMER_mod_k(1)_mod_mg2(1),0.0,0.0
formation_g.2656.peg.991-MONOMER_mod_mg2(1),0.0,0.0
formation_g.2656.peg.2059-MONOMER_mod_fad(1),0.0,5.900491035174677e-33
formation_g.2656.peg.1005-MONOMER_mod_pan4p(1),7.502245830582685e-08,-1.9685395397789392e-35
formation_g.2656.peg.1063-MONOMER_mod_mg2(1),3.8755917291841966e-11,0.0
formation_g.2656.peg.1704-MONOMER_mod_zn2(2),0.0,0.0
formation_g.2656.peg.1868-MONOMER_mod_mg2(1),0.0,0.0
formation_g.2656.peg.1883-MONOMER_mod_4fe4s(1),9.14495996158628e-13,1.3069861361368523e-34
formation_g.2656.peg.2043-MONOMER_mod_zn2(4),7.439898666231268e-13,2.1571377695042461e-32
formation_g.2656.peg.2396-MONOMER_mod_4fe4s(1),9.14495996158628e-13,1.3069861361368523e-34
formation_RNAP-CPLX_mod_zn2(1)_mod_mg2(2),1.3745290743317303e-07,2.3314213560642494e-33
formation_g.2656.peg.2712-MONOMER_mod_mg2(4),4.873581005719593e-11,-6.693032988059102e-34
formation_g.2656.peg.2965-MONOMER_mod_mg2(6),0.0,0.0
formation_g.2656.peg.2965-MONOMER_mod_lys__L(1),1.0159837843834886e-11,0.0
formation_g.2656.peg.390-MONOMER_mod_mg2(2),5.486975976951776e-12,0.0
formation_g.2656.peg.466-MONOMER_mod_2fe2s(1),0.0,-1.0121167257806229e-35
formation_g.2656.peg.466-MONOMER_mod_4fe4s(1),5.939533130442544e-19,4.898836363238428e-36
formation_g.2656.peg.502-MONOMER_mod_fe2(1),7.723069962943952e-10,-2.8033564208000543e-33
formation_g.2656.peg.600-MONOMER_mod_mg2(1),3.8755917291841966e-11,2.3368947713120143e-35
formation_g.2656.peg.763-MONOMER_mod_mg2(1),2.7434879884758826e-12,1.8695158170496114e-34
formation_g.2656.peg.893-MONOMER_mod_mg2(2),4.873581005719593e-11,-1.299187102733245e-34
g.2656.peg.1783-MONOMER_to_generic_16Sm4Cm1402,9.14495996158628e-13,0.0
g.2656.peg.2570-MONOMER_to_generic_16Sm4Cm1402,0.0,-0.0035630222007586474
RNA_GCWU000324_RS10305_to_generic_16s_rRNAs,2.8160570206696142e-06,0.0
RNA_GCWU000324_RS09465_to_generic_23s_rRNAs,0.0,-376.93055239849434
RNA_GCWU000324_RS10290_to_generic_23s_rRNAs,2.8160570206696142e-06,0.0
RNA_GCWU000324_RS00005_to_generic_5s_rRNAs,2.8160570206696142e-06,0.0
RNA_GCWU000324_RS09460_to_generic_5s_rRNAs,0.0,0.0
RNA_GCWU000324_RS10285_to_generic_5s_rRNAs,0.0,0.0
g.2656.peg.1740-MONOMER_to_generic_Dus,0.0,-2.129294218174612
g.2656.peg.780-MONOMER_to_generic_Dus,0.0,0.0
g.2656.peg.824-MONOMER_to_generic_Dus,0.0,-0.30069521073598693
CPLX_pbiosynthesis-0_to_generic_LYSINEaaRS,0.0,-67.37397004078271
CPLX_pbiosynthesis-1_to_generic_LYSINEaaRS,0.0,-61.05605859344168
CPLX_pbiosynthesis-2_to_generic_LYSINEaaRS,0.0,-61.267487378531605
CPLX_pbiosynthesis-3_to_generic_LYSINEaaRS,0.0,-61.12537727592539
g.2656.peg.2965-MONOMER_to_generic_LYSINEaaRS,0.0,-0.07926698388238594
g.2656.peg.2965-MONOMER_mod_lys__L(1)_to_generic_LYSINEaaRS,1.0159837843834886e-11,-3.663347952349277e-34
g.2656.peg.2965-MONOMER_mod_mg2(6)_to_generic_LYSINEaaRS,0.0,-0.09881435864266806
g.2656.peg.1434-MONOMER_to_generic_RF,3.675829737606527e-10,0.0
g.2656.peg.2167-MONOMER_to_generic_RF,0.0,-0.04127949497899992
g.2656.peg.1704-MONOMER_to_generic_RNase,0.0,-1.8464939307280512
g.2656.peg.1704-MONOMER_mod_zn2(2)_to_generic_RNase,0.0,-1.7637338367401025
g.2656.peg.1868-MONOMER_to_generic_RNase,2.0319675687669798e-11,0.0
g.2656.peg.1868-MONOMER_mod_mg2(1)_to_generic_RNase,0.0,-0.0032578957933803556
g.2656.peg.2518-MONOMER_to_generic_Tuf,1.3567428666720913e-07,0.0
CPLX_pbiosynthesis-0_to_generic_gly_c_ligase,0.0,-69.56995230763214
CPLX_pbiosynthesis-1_to_generic_gly_c_ligase,0.0,-63.252040860291096
CPLX_pbiosynthesis-2_to_generic_gly_c_ligase,0.0,-63.463469645381025
CPLX_pbiosynthesis-3_to_generic_gly_c_ligase,0.0,-63.3213595427748
g.2656.peg.1620-MONOMER_to_generic_gly_c_ligase,9.165105661563033e-09,0.0
g.2656.peg.1716-MONOMER_to_generic_gly_c_ligase,0.0,-0.8657478669976363
CPLX_pbiosynthesis-0_to_generic_phe_ligase,0.0,-70.10831073438355
CPLX_pbiosynthesis-1_to_generic_phe_ligase,0.0,-63.79039928704252
CPLX_pbiosynthesis-2_to_generic_phe_ligase,0.0,-64.00182807213244
CPLX_pbiosynthesis-3_to_generic_phe_ligase,0.0,-63.85971796952622
g.2656.peg.1422-MONOMER_to_generic_phe_ligase,0.0,-1.865445168999149
g.2656.peg.1638-MONOMER_to_generic_phe_ligase,7.572838277031695e-09,0.0
transcription_RNA_dummy,1.929211033188244e-05,-2.566372928186283e-32
DM_RNA_dummy,0.0,-39.78353598091999
translation_dummy,0.0005210305772749756,-1.0176463839326039e-32
formation_CPLX_dummy,6.056635680506629e-06,-1.0216406477953135e-34
dummy_protein_to_mass,0.0005149739415944689,0.0
1P4H2CBXLAH_REV_g.2656.peg.2674-MONOMER,0.0,-7.479908582210839e-37
1P4H2CBXLAH_FWD_g.2656.peg.2674-MONOMER,0.0,-7.529787156978504e-07
23DHMPO_REV_g.2656.peg.273-MONOMER,0.0,-7.53467008139077e-07
23DHMPO_FWD_g.2656.peg.273-MONOMER,0.0,-1.9592387739706812e-35
2AHBUTI_REV_g.2656.peg.273-MONOMER,0.0,-7.53467008139077e-07
2AHBUTI_FWD_g.2656.peg.273-MONOMER,0.0,1.099174833210327e-36
2DHPL_REV_g.2656.peg.3-MONOMER,0.0,-7.331140355536243e-07
2DHPL_FWD_g.2656.peg.3-MONOMER,0.0,2.8227765408364918e-37
2HBO_REV_g.2656.peg.135-MONOMER_mod_fmn(1),0.0,7.781581181327393e-36
2HBO_FWD_g.2656.peg.135-MONOMER_mod_fmn(1),0.0,-7.071038910777217e-07
2HBO_REV_g.2656.peg.2807-MONOMER,0.0,-6.551905594196346e-09
2HBO_FWD_g.2656.peg.2807-MONOMER,0.0,-7.136557966719181e-07
2MBCOATA_REV_g.2656.peg.446-MONOMER,0.0,-4.0637529110115467e-07
2MBCOATA_FWD_g.2656.peg.446-MONOMER,0.006473128835605479,-2.541334317364608e-35
34DHOXPEGOX_REV_g.2656.peg.2737-MONOMER,0.0,-8.880138338153422e-07
34DHOXPEGOX_FWD_g.2656.peg.2737-MONOMER,0.0,1.4898231584937928e-35
34DHPHEt2_REV_CPLX_dummy,0.0,-6.494868459312484e-07
34DHPHEt2_FWD_CPLX_dummy,0.0,2.2598461114794416e-37
3CARLPDH_REV_g.2656.peg.79-MONOMER,0.0,-4.841471485006136e-35
3CARLPDH_FWD_g.2656.peg.79-MONOMER,0.0,-1.0373571690846808e-06
3HAD10M12_REV_CPLX_dummy,0.0,-6.494868459312484e-07
3HAD10M12_FWD_CPLX_dummy,0.006473128835605479,-5.580625329416424e-41
3HAD11M12_REV_CPLX_dummy,0.0,-6.494868459312484e-07
3HAD11M12_FWD_CPLX_dummy,0.006473128835605479,-5.580625329416424e-41
3HAD12M14_REV_CPLX_dummy,0.0,-6.494868459312484e-07
3HAD12M14_FWD_CPLX_dummy,0.006473128835605479,2.9258493120837486e-35
3HAD13M14_REV_CPLX_dummy,0.0,-6.494868459312484e-07
3HAD13M14_FWD_CPLX_dummy,0.006473128835605479,2.9258493120837486e-35
3HAD14M16_REV_CPLX_dummy,0.0,-6.494868459312484e-07
3HAD14M16_FWD_CPLX_dummy,0.006473128835605479,1.4629218657292096e-35
3HAD15M16_REV_CPLX_dummy,0.0,-6.494868459312484e-07
3HAD15M16_FWD_CPLX_dummy,0.006473128835605479,1.4629218657292096e-35
3HAD4M6_REV_CPLX_dummy,0.0,-6.494868459312484e-07
3HAD4M6_FWD_CPLX_dummy,0.006473128835605479,-5.580625329416424e-41
3HAD5M6_REV_CPLX_dummy,0.0,-6.494868459312484e-07
3HAD5M6_FWD_CPLX_dummy,0.006473128835605479,-5.580625329416424e-41
3HAD6M8_REV_CPLX_dummy,0.0,-6.494868459312484e-07
3HAD6M8_FWD_CPLX_dummy,0.006473128835605479,-5.580625329416424e-41
3HAD7M8_REV_CPLX_dummy,0.0,-6.494868459312484e-07
3HAD7M8_FWD_CPLX_dummy,0.006473128835605479,-5.580625329416424e-41
3HAD8M10_REV_CPLX_dummy,0.0,-6.494868459312484e-07
3HAD8M10_FWD_CPLX_dummy,0.006473128835605479,-5.580625329416424e-41
3HAD9M10_REV_CPLX_dummy,0.0,-6.494868459312484e-07
3HAD9M10_FWD_CPLX_dummy,0.006473128835605479,-5.580625329416424e-41
3HLYTCL_REV_g.2656.peg.2937-MONOMER_mod_mg2(1),0.0,-1.023756518954565e-06
3HLYTCL_FWD_g.2656.peg.2937-MONOMER_mod_mg2(1),0.0,-9.710776505046199e-37
3MOBS_REV_629741.3.peg.2609-MONOMER,0.0,-6.899927952153289e-07
3MOBS_FWD_629741.3.peg.2609-MONOMER,1.1863653945911804e-22,-2.400930968671533e-35
3OAR100_REV_g.2656.peg.1987-MONOMER,0.0,-8.950306313916596e-07
3OAR100_FWD_g.2656.peg.1987-MONOMER,0.0,-3.7025183884190375e-36
3OAR10M11_REV_g.2656.peg.1987-MONOMER,0.0,4.480126194942012e-35
3OAR10M11_FWD_g.2656.peg.1987-MONOMER,0.0,-8.763435619534362e-07
3OAR10M12_REV_g.2656.peg.1987-MONOMER,0.0,-8.763435619534362e-07
3OAR10M12_FWD_g.2656.peg.1987-MONOMER,0.006473128835605479,7.713711550797956e-35
3OAR11M12_REV_g.2656.peg.1987-MONOMER,0.0,-8.763435619534362e-07
3OAR11M12_FWD_g.2656.peg.1987-MONOMER,0.006473128835605479,-3.06490630205519e-35
3OAR120_REV_g.2656.peg.1987-MONOMER,0.0,2.054937178050054e-35
3OAR120_FWD_g.2656.peg.1987-MONOMER,0.0,-8.95030340736443e-07
3OAR12M13_REV_g.2656.peg.1987-MONOMER,0.0,3.4022644096566974e-35
3OAR12M13_FWD_g.2656.peg.1987-MONOMER,0.0,-8.763435619534362e-07
3OAR12M14_REV_g.2656.peg.1987-MONOMER,0.0,-8.763435619534362e-07
3OAR12M14_FWD_g.2656.peg.1987-MONOMER,0.006473128835605479,1.2465408390860681e-35
3OAR13M14_REV_g.2656.peg.1987-MONOMER,0.0,-8.763435619534362e-07
3OAR13M14_FWD_g.2656.peg.1987-MONOMER,0.006473128835605479,1.2465408390860681e-35
3OAR140_REV_g.2656.peg.1987-MONOMER,0.0,-6.964843170818584e-07
3OAR140_FWD_g.2656.peg.1987-MONOMER,0.00760234212448827,-2.3544280222476166e-34
3OAR14M15_REV_g.2656.peg.1987-MONOMER,0.0,-8.763435619534362e-07
3OAR14M15_FWD_g.2656.peg.1987-MONOMER,0.0,-9.532077013767078e-35
3OAR14M16_REV_g.2656.peg.1987-MONOMER,0.0,-8.763435619534362e-07
3OAR14M16_FWD_g.2656.peg.1987-MONOMER,0.006473128835605479,-1.3843524154908336e-34
3OAR15M16_REV_g.2656.peg.1987-MONOMER,0.0,-8.763435619534362e-07
3OAR15M16_FWD_g.2656.peg.1987-MONOMER,0.006473128835605479,-1.5999247725478965e-34
3OAR160_REV_g.2656.peg.1987-MONOMER,0.0,-1.7486502707201497e-07
3OAR160_FWD_g.2656.peg.1987-MONOMER,0.0,-5.38233264663425e-07
3OAR180_REV_g.2656.peg.1987-MONOMER,0.0,-7.130979003514723e-07
3OAR180_FWD_g.2656.peg.1987-MONOMER,0.0,-6.298491657911134e-35
3OAR40_REV_g.2656.peg.1987-MONOMER,0.0,-7.103273076204103e-07
3OAR40_FWD_g.2656.peg.1987-MONOMER,0.0,-6.298491657911134e-35
3OAR4M5_REV_g.2656.peg.1987-MONOMER,0.0,-8.763435619534362e-07
3OAR4M5_FWD_g.2656.peg.1987-MONOMER,0.0,3.4022644096566974e-35
3OAR4M6_REV_g.2656.peg.1987-MONOMER,0.0,-8.763435619534362e-07
3OAR4M6_FWD_g.2656.peg.1987-MONOMER,0.006473128835605479,-5.220629872625819e-35
3OAR5M6_REV_g.2656.peg.1987-MONOMER,0.0,-8.763435619534362e-07
3OAR5M6_FWD_g.2656.peg.1987-MONOMER,0.006473128835605479,-9.532077013767078e-35
3OAR60_REV_g.2656.peg.1987-MONOMER,0.0,6.096918872869984e-35
3OAR60_FWD_g.2656.peg.1987-MONOMER,0.0,-8.95030340736443e-07
3OAR6M7_REV_g.2656.peg.1987-MONOMER,0.0,3.4022644096566974e-35
3OAR6M7_FWD_g.2656.peg.1987-MONOMER,0.0,-8.763435619534362e-07
3OAR6M8_REV_g.2656.peg.1987-MONOMER,0.0,-8.763435619534362e-07
3OAR6M8_FWD_g.2656.peg.1987-MONOMER,0.006473128835605479,4.651673582106928e-34
3OAR7M8_REV_g.2656.peg.1987-MONOMER,0.0,-8.763435619534362e-07
3OAR7M8_FWD_g.2656.peg.1987-MONOMER,0.006473128835605479,-9.09182731484561e-36
3OAR80_REV_g.2656.peg.1987-MONOMER,0.0,9.770753927647396e-36
3OAR80_FWD_g.2656.peg.1987-MONOMER,0.0,-8.95030340736443e-07
3OAR8M10_REV_g.2656.peg.1987-MONOMER,0.0,-8.763435619534362e-07
3OAR8M10_FWD_g.2656.peg.1987-MONOMER,0.006473128835605479,3.4022644096566974e-35
3OAR8M9_REV_g.2656.peg.1987-MONOMER,0.0,3.4022644096566974e-35
3OAR8M9_FWD_g.2656.peg.1987-MONOMER,0.0,-8.763435619534362e-07
3OAR9M10_REV_g.2656.peg.1987-MONOMER,0.0,-8.763435619534362e-07
3OAR9M10_FWD_g.2656.peg.1987-MONOMER,0.006473128835605479,3.142667082707488e-34
3OAS100_REV_g.2656.peg.3014-MONOMER,0.0,-8.973653296395698e-07
3OAS100_FWD_g.2656.peg.3014-MONOMER,0.0,-5.7446619042224095e-08
3OAS100_REV_CPLX_3OAS100-1,0.0,-9.126238550772424e-07
3OAS100_FWD_CPLX_3OAS100-1,0.0,-7.270514447989661e-08
3OAS100_REV_CPLX_3OAS100-0,0.0,-8.399187105973457e-07
3OAS100_FWD_CPLX_3OAS100-0,0.0,4.126697028170124e-36
3OAS10M11_REV_CPLX_3OAS100-1,0.0,-9.029350248499358e-07
3OAS10M11_FWD_CPLX_3OAS100-1,0.0,-7.270514447989661e-08
3OAS10M11_REV_CPLX_3OAS100-0,0.0,-8.302298803700391e-07
3OAS10M11_FWD_CPLX_3OAS100-0,0.0,4.126697028170124e-36
3OAS10M12_REV_CPLX_3OAS100-1,0.0,-9.029350248499358e-07
3OAS10M12_FWD_CPLX_3OAS100-1,0.0,-7.270514447989661e-08
3OAS10M12_REV_CPLX_3OAS100-0,0.0,-8.302298803700391e-07
3OAS10M12_FWD_CPLX_3OAS100-0,0.006473128835605479,-3.380618393515645e-35
3OAS11M12_REV_CPLX_3OAS100-1,0.0,-9.029350248499358e-07
3OAS11M12_FWD_CPLX_3OAS100-1,0.0,-7.270514447989661e-08
3OAS11M12_REV_CPLX_3OAS100-0,0.0,-8.302298803700391e-07
3OAS11M12_FWD_CPLX_3OAS100-0,0.006473128835605479,-7.173906489848303e-35
3OAS120_REV_g.2656.peg.3014-MONOMER,0.0,-8.973653296395698e-07
3OAS120_FWD_g.2656.peg.3014-MONOMER,0.0,-5.7446619042224095e-08
3OAS120_REV_CPLX_3OAS100-1,0.0,-9.126238550772424e-07
3OAS120_FWD_CPLX_3OAS100-1,0.0,-7.270514447989661e-08
3OAS120_REV_CPLX_3OAS100-0,0.0,-8.399187105973457e-07
3OAS120_FWD_CPLX_3OAS100-0,0.0,1.3609917269001768e-35
3OAS12M13_REV_CPLX_3OAS100-1,0.0,-9.029350248499358e-07
3OAS12M13_FWD_CPLX_3OAS100-1,0.0,-7.270514447989661e-08
3OAS12M13_REV_CPLX_3OAS100-0,0.0,-8.302298803700391e-07
3OAS12M13_FWD_CPLX_3OAS100-0,0.0,4.20595779914967e-35
3OAS12M14_REV_CPLX_3OAS100-1,0.0,-9.029350248499358e-07
3OAS12M14_FWD_CPLX_3OAS100-1,0.0,-7.270514447989661e-08
3OAS12M14_REV_CPLX_3OAS100-0,0.0,-8.302298803700391e-07
3OAS12M14_FWD_CPLX_3OAS100-0,0.006473128835605479,-3.380618393515645e-35
3OAS13M14_REV_CPLX_3OAS100-1,0.0,-9.029350248499358e-07
3OAS13M14_FWD_CPLX_3OAS100-1,0.0,-7.270514447989661e-08
3OAS13M14_REV_CPLX_3OAS100-0,0.0,-8.302298803700391e-07
3OAS13M14_FWD_CPLX_3OAS100-0,0.006473128835605479,-3.380618393515645e-35
3OAS140_REV_g.2656.peg.3014-MONOMER,0.0,-6.988190798063574e-07
3OAS140_FWD_g.2656.peg.3014-MONOMER,0.0,-5.7446619042224095e-08
3OAS140_REV_CPLX_3OAS100-1,0.0,-7.140776052440299e-07
3OAS140_FWD_CPLX_3OAS100-1,0.0,-7.270514447989661e-08
3OAS140_REV_CPLX_3OAS100-0,0.0,-6.413724607641334e-07
3OAS140_FWD_CPLX_3OAS100-0,0.007602344593298875,7.999245895482328e-35
3OAS160_REV_g.2656.peg.3014-MONOMER,0.0,-7.154332238523177e-07
3OAS160_FWD_g.2656.peg.3014-MONOMER,0.0,-5.7446619042224095e-08
3OAS160_REV_CPLX_3OAS100-1,0.0,-7.306917492899902e-07
3OAS160_FWD_CPLX_3OAS100-1,0.0,-7.270514447989661e-08
3OAS160_REV_CPLX_3OAS100-0,0.0,-6.579866048100936e-07
3OAS160_FWD_CPLX_3OAS100-0,0.0,4.126697028170124e-36
3OAS180_REV_CPLX_3OAS100-1,0.0,-7.306911831184937e-07
3OAS180_FWD_CPLX_3OAS100-1,0.0,-7.270514447989661e-08
3OAS180_REV_CPLX_3OAS100-0,0.0,-6.57986038638597e-07
3OAS180_FWD_CPLX_3OAS100-0,0.0,4.20595779914967e-35
3OAS2M3_REV_CPLX_3OAS100-1,0.0,-9.029350248499358e-07
3OAS2M3_FWD_CPLX_3OAS100-1,0.0,-7.270514447989661e-08
3OAS2M3_REV_CPLX_3OAS100-0,0.0,-8.302298803700391e-07
3OAS2M3_FWD_CPLX_3OAS100-0,0.0,-3.380618393515645e-35
3OAS3M4_REV_CPLX_3OAS100-1,0.0,-9.029350248499358e-07
3OAS3M4_FWD_CPLX_3OAS100-1,0.0,-7.270514447989661e-08
3OAS3M4_REV_CPLX_3OAS100-0,0.0,-8.302298803700391e-07
3OAS3M4_FWD_CPLX_3OAS100-0,0.006473128835605479,4.126697028170124e-36
3OAS4M3O6_REV_CPLX_3OAS100-1,0.0,-9.029350248499358e-07
3OAS4M3O6_FWD_CPLX_3OAS100-1,0.0,-7.270514447989661e-08
3OAS4M3O6_REV_CPLX_3OAS100-0,0.0,-8.302298803700391e-07
3OAS4M3O6_FWD_CPLX_3OAS100-0,0.006473128835605479,4.126697028170124e-36
3OAS4M5_REV_CPLX_3OAS100-1,0.0,-9.029350248499358e-07
3OAS4M5_FWD_CPLX_3OAS100-1,0.0,-7.270514447989661e-08
3OAS4M5_REV_CPLX_3OAS100-0,0.0,-8.302298803700391e-07
3OAS4M5_FWD_CPLX_3OAS100-0,0.0,4.126697028170124e-36
3OAS4M6_REV_CPLX_3OAS100-1,0.0,-9.029350248499358e-07
3OAS4M6_FWD_CPLX_3OAS100-1,0.0,-7.270514447989661e-08
3OAS4M6_REV_CPLX_3OAS100-0,0.0,-8.302298803700391e-07
3OAS4M6_FWD_CPLX_3OAS100-0,0.006473128835605479,4.126697028170124e-36
3OAS5M6_REV_CPLX_3OAS100-1,0.0,-9.029350248499358e-07
3OAS5M6_FWD_CPLX_3OAS100-1,0.0,-7.270514447989661e-08
3OAS5M6_REV_CPLX_3OAS100-0,0.0,-8.302298803700391e-07
3OAS5M6_FWD_CPLX_3OAS100-0,0.006473128835605479,-3.380618393515645e-35
3OAS60_REV_g.2656.peg.3014-MONOMER,0.0,-8.973653296395698e-07
3OAS60_FWD_g.2656.peg.3014-MONOMER,0.0,-5.7446619042224095e-08
3OAS60_REV_CPLX_3OAS100-1,0.0,-9.126238550772424e-07
3OAS60_FWD_CPLX_3OAS100-1,0.0,-7.270514447989661e-08
3OAS60_REV_CPLX_3OAS100-0,0.0,-8.399187105973457e-07
3OAS60_FWD_CPLX_3OAS100-0,0.0,1.3609917269001768e-35
3OAS6M7_REV_CPLX_3OAS100-1,0.0,-9.029350248499358e-07
3OAS6M7_FWD_CPLX_3OAS100-1,0.0,-7.270514447989661e-08
3OAS6M7_REV_CPLX_3OAS100-0,0.0,-8.302298803700391e-07
3OAS6M7_FWD_CPLX_3OAS100-0,0.0,4.126697028170124e-36
3OAS6M8_REV_CPLX_3OAS100-1,0.0,-9.029350248499358e-07
3OAS6M8_FWD_CPLX_3OAS100-1,0.0,-7.270514447989661e-08
3OAS6M8_REV_CPLX_3OAS100-0,0.0,-8.302298803700391e-07
3OAS6M8_FWD_CPLX_3OAS100-0,0.006473128835605479,4.20595779914967e-35
3OAS7M8_REV_CPLX_3OAS100-1,0.0,-9.029350248499358e-07
3OAS7M8_FWD_CPLX_3OAS100-1,0.0,-7.270514447989661e-08
3OAS7M8_REV_CPLX_3OAS100-0,0.0,-8.302298803700391e-07
3OAS7M8_FWD_CPLX_3OAS100-0,0.006473128835605479,4.126697028170124e-36
3OAS80_REV_g.2656.peg.3014-MONOMER,0.0,-8.973653296395698e-07
3OAS80_FWD_g.2656.peg.3014-MONOMER,0.0,-5.7446619042224095e-08
3OAS80_REV_CPLX_3OAS100-1,0.0,-9.126238550772424e-07
3OAS80_FWD_CPLX_3OAS100-1,0.0,-7.270514447989661e-08
3OAS80_REV_CPLX_3OAS100-0,0.0,-8.399187105973457e-07
3OAS80_FWD_CPLX_3OAS100-0,0.0,4.126697028170124e-36
3OAS8M10_REV_CPLX_3OAS100-1,0.0,-9.029350248499358e-07
3OAS8M10_FWD_CPLX_3OAS100-1,0.0,-7.270514447989661e-08
3OAS8M10_REV_CPLX_3OAS100-0,0.0,-8.302298803700391e-07
3OAS8M10_FWD_CPLX_3OAS100-0,0.006473128835605479,-3.380618393515645e-35
3OAS8M9_REV_CPLX_3OAS100-1,0.0,-9.029350248499358e-07
3OAS8M9_FWD_CPLX_3OAS100-1,0.0,-7.270514447989661e-08
3OAS8M9_REV_CPLX_3OAS100-0,0.0,-8.302298803700391e-07
3OAS8M9_FWD_CPLX_3OAS100-0,0.0,4.126697028170124e-36
3OAS9M10_REV_CPLX_3OAS100-1,0.0,-9.029350248499358e-07
3OAS9M10_FWD_CPLX_3OAS100-1,0.0,-7.270514447989661e-08
3OAS9M10_REV_CPLX_3OAS100-0,0.0,-8.302298803700391e-07
3OAS9M10_FWD_CPLX_3OAS100-0,0.006473128835605479,-3.380618393515645e-35
4HBZCL_REV_g.2656.peg.2527-MONOMER,0.0,5.323407554941011e-36
4HBZCL_FWD_g.2656.peg.2527-MONOMER,0.0,-5.582486750722564e-07
4HBZCL_REV_g.2656.peg.13-MONOMER,0.0,-1.1065670996315559e-07
4HBZCL_FWD_g.2656.peg.13-MONOMER,0.0,-6.68905385035412e-07
4HTHRS_REV_g.2656.peg.2801-MONOMER_mod_pydx5p(1),0.0,-5.1988406078102326e-08
4HTHRS_FWD_g.2656.peg.2801-MONOMER_mod_pydx5p(1),0.0,8.688789491271211e-37
5DOAN_REV_CPLX_dummy,0.0,-6.494868459312484e-07
5DOAN_FWD_CPLX_dummy,0.0,-5.580625329416424e-41
5HLTDL_REV_g.2656.peg.2937-MONOMER_mod_mg2(1),0.0,-1.023756518954565e-06
5HLTDL_FWD_g.2656.peg.2937-MONOMER_mod_mg2(1),0.0,-9.710776505046199e-37
5HTRPt2_REV_CPLX_dummy,0.0,-6.494868459312484e-07
5HTRPt2_FWD_CPLX_dummy,0.0,2.2598461114794416e-37
5HXKYNDCL_REV_g.2656.peg.2937-MONOMER_mod_mg2(1),0.0,-1.023756518954565e-06
5HXKYNDCL_FWD_g.2656.peg.2937-MONOMER_mod_mg2(1),-2.1086779362558693e-28,-9.710776505046199e-37
5MTHCYST_REV_g.2656.peg.2300-MONOMER_mod_zn2(1),0.0,-5.727632506522947e-07
5MTHCYST_FWD_g.2656.peg.2300-MONOMER_mod_zn2(1),0.0,8.182900297815471e-37
A5PISO_REV_g.2656.peg.1666-MONOMER,0.0,-8.32325401901329e-07
A5PISO_FWD_g.2656.peg.1666-MONOMER,0.00570175474175885,2.2203315824850662e-36
AACGLYDH_REV_g.2656.peg.2035-MONOMER_mod_mg2(1),0.0,-6.885323964685654e-36
AACGLYDH_FWD_g.2656.peg.2035-MONOMER_mod_mg2(1),0.0,-7.688479933904544e-07
AACOAT_REV_g.2656.peg.800-MONOMER_mod_mg2(1),0.0,-8.07751599382639e-07
AACOAT_FWD_g.2656.peg.800-MONOMER_mod_mg2(1),0.0,-5.959308794348664e-35
AACPS7_REV_CPLX_dummy,0.0,-4.5371014102506184e-07
AACPS7_FWD_CPLX_dummy,0.0,2.308111652978798e-35
ABTOXy_REV_g.2656.peg.1699-MONOMER,0.0,-9.650266564995473e-08
ABTOXy_FWD_g.2656.peg.1699-MONOMER,0.0,-2.1614536872005548e-35
ABUTD_REV_g.2656.peg.174-MONOMER,0.0,-2.1625361555285889e-07
ABUTD_FWD_g.2656.peg.174-MONOMER,0.0,-5.414734452209877e-07
ABUTD_REV_g.2656.peg.2035-MONOMER_mod_mg2(1),0.0,-2.2181408186116287e-07
ABUTD_FWD_g.2656.peg.2035-MONOMER_mod_mg2(1),0.0,-5.470339115292916e-07
ABUTR_REV_g.2656.peg.2035-MONOMER_mod_mg2(1),0.0,1.3769010385067924e-35
ABUTR_FWD_g.2656.peg.2035-MONOMER_mod_mg2(1),0.0,-7.688479933904544e-07
ACALDt_REV_CPLX_dummy,0.0,-1.455016049214404e-36
ACALDt_FWD_CPLX_dummy,0.0,-6.494868459312484e-07
ACBIPGT_REV_CPLX_dummy,0.0,-6.494868459312484e-07
ACBIPGT_FWD_CPLX_dummy,0.0,7.727383210299248e-38
ACCOACL_REV_CPLX_ACCOACL-0,0.0,-5.853623549681293e-07
ACCOACL_FWD_CPLX_ACCOACL-0,-1.8189451587057297e-35,5.344451264286942e-35
ACCOALYS2_REV_g.2656.peg.174-MONOMER,0.0,-7.577270607738465e-07
ACCOALYS2_FWD_g.2656.peg.174-MONOMER,0.0,7.899818936932146e-36
ACGApts_REV_g.2656.peg.1698-MONOMER,0.0,-6.516051327405461e-07
ACGApts_FWD_g.2656.peg.1698-MONOMER,0.0,-1.3316266447767538e-36
ACHBPL_REV_629741.3.peg.1565-MONOMER,0.0,-1.4281738806737135e-34
ACHBPL_FWD_629741.3.peg.1565-MONOMER,0.0,-5.013594792554587e-07
ACHBPL_REV_629741.3.peg.1564-MONOMER,0.0,-1.0536460864289315e-07
ACHBPL_FWD_629741.3.peg.1564-MONOMER,0.0,-6.067240878983519e-07
ACKr_REV_g.2656.peg.971-MONOMER_mod_mg2(1),3.7172152466868553,-1.1742729179181949e-34
ACKr_FWD_g.2656.peg.971-MONOMER_mod_mg2(1),0.0,-1.1751398372730268e-06
ACLS_a_REV_629741.3.peg.1565-MONOMER,0.0,0.017061721618113083
ACLS_a_FWD_629741.3.peg.1565-MONOMER,0.0,-0.01706222297759234
ACLS_a_REV_629741.3.peg.1564-MONOMER,0.0,0.01706161625350444
ACLS_a_FWD_629741.3.peg.1564-MONOMER,0.0,-0.017062328342200984
ACLS_b_REV_629741.3.peg.1565-MONOMER,9.172435242966208e-24,8.194411512894361e-35
ACLS_b_FWD_629741.3.peg.1565-MONOMER,0.0,-5.013594792554587e-07
ACLS_b_REV_629741.3.peg.1564-MONOMER,0.0,-1.0536460864289315e-07
ACLS_b_FWD_629741.3.peg.1564-MONOMER,0.0,-6.067240878983519e-07
ACNAMS_REV_g.2656.peg.2084-MONOMER,0.0,-2.472311741788808e-07
ACNAMS_FWD_g.2656.peg.2084-MONOMER,0.0,6.797407855606816e-35
ACOAAGPAT140_REV_g.2656.peg.1882-MONOMER,0.0,2.008495883752474e-07
ACOAAGPAT140_FWD_g.2656.peg.1882-MONOMER,0.0,-2.7807822594740936e-37
ACOAAGPAT140_REV_g.2656.peg.2316-MONOMER,0.0,-9.249848744344829e-08
ACOAAGPAT140_FWD_g.2656.peg.2316-MONOMER,0.0,-2.933480758186957e-07
ACOAAGPAT140_REV_g.2656.peg.1227-MONOMER,0.0,-3.8497331906332506e-08
ACOAAGPAT140_FWD_g.2656.peg.1227-MONOMER,0.0,-2.393469202815799e-07
ACOAAGPAT160_REV_g.2656.peg.1882-MONOMER,0.0,2.008495883752474e-07
ACOAAGPAT160_FWD_g.2656.peg.1882-MONOMER,0.0,2.609429583917543e-35
ACOAAGPAT160_REV_g.2656.peg.2316-MONOMER,0.0,-9.249848744344829e-08
ACOAAGPAT160_FWD_g.2656.peg.2316-MONOMER,0.0,-2.933480758186957e-07
ACOAAGPAT160_REV_g.2656.peg.1227-MONOMER,0.0,-3.8497331906332506e-08
ACOAAGPAT160_FWD_g.2656.peg.1227-MONOMER,0.0,-2.393469202815799e-07
ACOAAGPAT180_REV_g.2656.peg.1882-MONOMER,0.0,2.008495883752474e-07
ACOAAGPAT180_FWD_g.2656.peg.1882-MONOMER,0.0032365644178027394,-2.7807822594740936e-37
ACOAAGPAT180_REV_g.2656.peg.2316-MONOMER,0.0,-9.249848744344829e-08
ACOAAGPAT180_FWD_g.2656.peg.2316-MONOMER,0.0,-2.933480758186957e-07
ACOAAGPAT180_REV_g.2656.peg.1227-MONOMER,0.0,-3.8497331906332506e-08
ACOAAGPAT180_FWD_g.2656.peg.1227-MONOMER,0.0,-2.393469202815799e-07
ACOAAGPATAI15_REV_g.2656.peg.1882-MONOMER,0.0,2.008495883752474e-07
ACOAAGPATAI15_FWD_g.2656.peg.1882-MONOMER,6.139120006556265e-36,3.813234394468725e-35
ACOAAGPATAI15_REV_g.2656.peg.2316-MONOMER,0.0,-9.249848744344829e-08
ACOAAGPATAI15_FWD_g.2656.peg.2316-MONOMER,0.0,-2.933480758186957e-07
ACOAAGPATAI15_REV_g.2656.peg.1227-MONOMER,0.0,-3.8497331906332506e-08
ACOAAGPATAI15_FWD_g.2656.peg.1227-MONOMER,0.0,-2.393469202815799e-07
ACOAAGPATAI17_REV_g.2656.peg.1882-MONOMER,0.0,2.008495883752474e-07
ACOAAGPATAI17_FWD_g.2656.peg.1882-MONOMER,0.0032365644178027394,-2.6650452291070254e-35
ACOAAGPATAI17_REV_g.2656.peg.2316-MONOMER,0.0,-9.249848744344829e-08
ACOAAGPATAI17_FWD_g.2656.peg.2316-MONOMER,0.0,-2.933480758186957e-07
ACOAAGPATAI17_REV_g.2656.peg.1227-MONOMER,0.0,-3.8497331906332506e-08
ACOAAGPATAI17_FWD_g.2656.peg.1227-MONOMER,0.0,-2.393469202815799e-07
ACOAAGPATI14_REV_g.2656.peg.1882-MONOMER,0.0,2.008495883752474e-07
ACOAAGPATI14_FWD_g.2656.peg.1882-MONOMER,0.0,1.5894420700806947e-35
ACOAAGPATI14_REV_g.2656.peg.2316-MONOMER,0.0,-9.249848744344829e-08
ACOAAGPATI14_FWD_g.2656.peg.2316-MONOMER,0.0,-2.933480758186957e-07
ACOAAGPATI14_REV_g.2656.peg.1227-MONOMER,0.0,-3.8497331906332506e-08
ACOAAGPATI14_FWD_g.2656.peg.1227-MONOMER,0.0,-2.393469202815799e-07
ACOAAGPATI15_REV_g.2656.peg.1882-MONOMER,0.0,2.008495883752474e-07
ACOAAGPATI15_FWD_g.2656.peg.1882-MONOMER,0.0,8.481779619513512e-36
ACOAAGPATI15_REV_g.2656.peg.2316-MONOMER,0.0,-9.249848744344829e-08
ACOAAGPATI15_FWD_g.2656.peg.2316-MONOMER,0.0,-2.933480758186957e-07
ACOAAGPATI15_REV_g.2656.peg.1227-MONOMER,0.0,-3.8497331906332506e-08
ACOAAGPATI15_FWD_g.2656.peg.1227-MONOMER,0.0,-2.393469202815799e-07
ACOAAGPATI16_REV_g.2656.peg.1882-MONOMER,0.0,2.008495883752474e-07
ACOAAGPATI16_FWD_g.2656.peg.1882-MONOMER,0.0,-1.0049823083720073e-35
ACOAAGPATI16_REV_g.2656.peg.2316-MONOMER,0.0,-9.249848744344829e-08
ACOAAGPATI16_FWD_g.2656.peg.2316-MONOMER,0.0,-2.933480758186957e-07
ACOAAGPATI16_REV_g.2656.peg.1227-MONOMER,0.0,-3.8497331906332506e-08
ACOAAGPATI16_FWD_g.2656.peg.1227-MONOMER,0.0,-2.393469202815799e-07
ACOAAGPATI17_REV_g.2656.peg.1882-MONOMER,0.0,2.008495883752474e-07
ACOAAGPATI17_FWD_g.2656.peg.1882-MONOMER,0.0032365644178027394,2.609429583917543e-35
ACOAAGPATI17_REV_g.2656.peg.2316-MONOMER,0.0,-9.249848744344829e-08
ACOAAGPATI17_FWD_g.2656.peg.2316-MONOMER,0.0,-2.933480758186957e-07
ACOAAGPATI17_REV_g.2656.peg.1227-MONOMER,0.0,-3.8497331906332506e-08
ACOAAGPATI17_FWD_g.2656.peg.1227-MONOMER,0.0,-2.393469202815799e-07
ACOATA_REV_CPLX_3OAS100-1,0.0,-7.270514447989661e-08
ACOATA_FWD_CPLX_3OAS100-1,0.0,-8.960142196493458e-07
ACOATA_REV_CPLX_3OAS100-0,0.0,4.126697028170124e-36
ACOATA_FWD_CPLX_3OAS100-0,0.0,-8.233090751694493e-07
ACOCT_REV_629741.3.peg.121-MONOMER,0.0,-5.412228300606385e-07
ACOCT_FWD_629741.3.peg.121-MONOMER,3.147313999067868e-36,-4.015508939459826e-36
ACPS1_REV_g.2656.peg.686-MONOMER_mod_mn2(1),0.0,-1.544109889039634e-07
ACPS1_FWD_g.2656.peg.686-MONOMER_mod_mn2(1),0.0,-3.7996462885012904e-35
ACPS1_REV_g.2656.peg.686-MONOMER_mod_mg2(1),0.0,-1.62812568913762e-07
ACPS1_FWD_g.2656.peg.686-MONOMER_mod_mg2(1),0.0,-8.401580009798598e-09
ACtr_REV_CPLX_dummy,3.2558130366510905,5.011248662698137e-41
ACtr_FWD_CPLX_dummy,0.0,-6.494868459312484e-07
ADAD_REV_CPLX_dummy,0.0,-6.494868459312484e-07
ADAD_FWD_CPLX_dummy,0.007316143571371669,2.631765214470709e-35
ADCL_REV_629741.3.peg.1641-MONOMER,0.0,5.215571933982241e-08
ADCL_FWD_629741.3.peg.1641-MONOMER,-5.846058740795159e-36,1.8700188426759468e-35
ADCS_REV_629741.3.peg.1641-MONOMER,0.0,5.215571933982241e-08
ADCS_FWD_629741.3.peg.1641-MONOMER,-5.846058740795159e-36,-1.3125674357805253e-35
ADK1_REV_629741.3.peg.2295-MONOMER_mod_mg2(1),0.0,-5.239350121860149e-07
ADK1_FWD_629741.3.peg.2295-MONOMER_mod_mg2(1),0.32930037984275046,9.363717901403982e-35
ADK10_REV_629741.3.peg.2295-MONOMER_mod_mg2(1),0.0,-1.9919158922039077e-07
ADK10_FWD_629741.3.peg.2295-MONOMER_mod_mg2(1),0.0,-3.247434229656242e-07
ADK11_REV_629741.3.peg.2295-MONOMER_mod_mg2(1),0.0,-5.239350121860149e-07
ADK11_FWD_629741.3.peg.2295-MONOMER_mod_mg2(1),0.0032958289779613185,-1.0365609090806951e-35
ADK2_REV_g.2656.peg.1804-MONOMER,2.293341651241121e-22,-1.6692868923021787e-35
ADK2_FWD_g.2656.peg.1804-MONOMER,0.0,-5.223379659536734e-07
ADK3_REV_629741.3.peg.2295-MONOMER_mod_mg2(1),0.0,-1.9919158922039077e-07
ADK3_FWD_629741.3.peg.2295-MONOMER_mod_mg2(1),0.0,-3.247434229656242e-07
ADK5_REV_629741.3.peg.2295-MONOMER_mod_mg2(1),0.0,-1.9919158922039077e-07
ADK5_FWD_629741.3.peg.2295-MONOMER_mod_mg2(1),0.0,-3.247434229656242e-07
ADK7_REV_629741.3.peg.2295-MONOMER_mod_mg2(1),0.0,-1.9919158922039077e-07
ADK7_FWD_629741.3.peg.2295-MONOMER_mod_mg2(1),0.0,-3.247434229656242e-07
ADK8_REV_629741.3.peg.2295-MONOMER_mod_mg2(1),0.0,-1.9919158922039077e-07
ADK8_FWD_629741.3.peg.2295-MONOMER_mod_mg2(1),0.0,-3.247434229656242e-07
ADK9_REV_629741.3.peg.2295-MONOMER_mod_mg2(1),0.0,-1.9919158922039077e-07
ADK9_FWD_629741.3.peg.2295-MONOMER_mod_mg2(1),0.0,-3.247434229656242e-07
ADMDCr_REV_g.2656.peg.2163-MONOMER,0.0,4.0283338884843995e-36
ADMDCr_FWD_g.2656.peg.2163-MONOMER,0.0,-1.1181720749740063e-08
ADNCNT3tc_REV_g.2656.peg.2882-MONOMER,0.0,-2.8493152902229707e-07
ADNCNT3tc_FWD_g.2656.peg.2882-MONOMER,0.015242337415753057,3.78056875147963e-37
ADNK1_REV_g.2656.peg.2368-MONOMER,0.0,-3.9850451831633076e-07
ADNK1_FWD_g.2656.peg.2368-MONOMER,0.015522697242239626,2.59000621213263e-36
ADOCBIK_REV_CPLX_dummy,0.0,-6.494868459312484e-07
ADOCBIK_FWD_CPLX_dummy,0.0,1.468444969888856e-36
ADOCBLS_REV_CPLX_dummy,0.0,-6.494868459312484e-07
ADOCBLS_FWD_CPLX_dummy,0.0,-3.501396465074791e-36
ADPRDP_REV_g.2656.peg.1042-MONOMER,0.0,-4.5033595716776464e-08
ADPRDP_FWD_g.2656.peg.1042-MONOMER,0.0,1.5214647941017578e-35
ADPT_REV_g.2656.peg.496-MONOMER_mod_mg2(1),0.0,0.027702464454738552
ADPT_FWD_g.2656.peg.496-MONOMER_mod_mg2(1),0.0,-0.027702994038108705
ADPT_REV_g.2656.peg.496-MONOMER_mod_mn2(1),0.0,0.02770246963618628
ADPT_FWD_g.2656.peg.496-MONOMER_mod_mn2(1),0.0,-0.027702988856660976
ADSL1r_REV_629741.3.peg.2041-MONOMER,0.0,-5.507089068717856e-07
ADSL1r_FWD_629741.3.peg.2041-MONOMER,-2.058950743120887e-37,-1.695481091523769e-36
ADSL2r_REV_629741.3.peg.2041-MONOMER,3.850361441068089e-36,3.129102590390497e-35
ADSL2r_FWD_629741.3.peg.2041-MONOMER,0.0,-5.507089068717856e-07
ADSS_REV_629741.3.peg.1247-MONOMER_mod_mg2(1),0.0,0.054547978121295866
ADSS_FWD_629741.3.peg.1247-MONOMER_mod_mg2(1),0.0,-0.05454927518235485
AGMHE_REV_g.2656.peg.1190-MONOMER_mod_nadp(1),0.0,-1.2938689892562765e-06
AGMHE_FWD_g.2656.peg.1190-MONOMER_mod_nadp(1),0.007602339655678467,1.4052767279536562e-35
AGPAT120_REV_g.2656.peg.1882-MONOMER,0.0,3.966262932814339e-07
AGPAT120_FWD_g.2656.peg.1882-MONOMER,0.0,-2.749916638387852e-35
AGPAT120_REV_g.2656.peg.2316-MONOMER,0.0,1.0327821746273824e-07
AGPAT120_FWD_g.2656.peg.2316-MONOMER,0.0,-2.933480758186957e-07
AGPAT120_REV_g.2656.peg.1227-MONOMER,0.0,1.57279372999854e-07
AGPAT120_FWD_g.2656.peg.1227-MONOMER,0.0,-2.393469202815799e-07
AGPAT140_REV_g.2656.peg.1882-MONOMER,0.0,4.522890319801872e-07
AGPAT140_FWD_g.2656.peg.1882-MONOMER,0.0,-6.39698093729001e-08
AGPAT140_REV_g.2656.peg.2316-MONOMER,0.0,1.589409561614915e-07
AGPAT140_FWD_g.2656.peg.2316-MONOMER,0.0,-3.573178851915958e-07
AGPAT140_REV_g.2656.peg.1227-MONOMER,0.0,2.129421116986073e-07
AGPAT140_FWD_g.2656.peg.1227-MONOMER,0.0,-3.0331672965448e-07
AGPAT141_REV_g.2656.peg.1882-MONOMER,0.0,3.9385702114174583e-07
AGPAT141_FWD_g.2656.peg.1882-MONOMER,0.0,1.6686274607405518e-35
AGPAT141_REV_g.2656.peg.2316-MONOMER,0.0,1.0050894532305014e-07
AGPAT141_FWD_g.2656.peg.2316-MONOMER,0.0,-2.933480758186957e-07
AGPAT141_REV_g.2656.peg.1227-MONOMER,0.0,1.5451010086016592e-07
AGPAT141_FWD_g.2656.peg.1227-MONOMER,0.0,-2.393469202815799e-07
AGPAT160_REV_g.2656.peg.1882-MONOMER,0.0,3.883195056929894e-07
AGPAT160_FWD_g.2656.peg.1882-MONOMER,0.0,6.087171559868956e-35
AGPAT160_REV_g.2656.peg.2316-MONOMER,0.0,9.497142987429369e-08
AGPAT160_FWD_g.2656.peg.2316-MONOMER,0.0,-2.933480758186957e-07
AGPAT160_REV_g.2656.peg.1227-MONOMER,0.0,1.4897258541140946e-07
AGPAT160_FWD_g.2656.peg.1227-MONOMER,0.0,-2.393469202815799e-07
AGPAT161_REV_g.2656.peg.1882-MONOMER,0.0,3.9385702114174583e-07
AGPAT161_FWD_g.2656.peg.1882-MONOMER,0.0,1.6686274607405518e-35
AGPAT161_REV_g.2656.peg.2316-MONOMER,0.0,1.0050894532305014e-07
AGPAT161_FWD_g.2656.peg.2316-MONOMER,0.0,-2.933480758186957e-07
AGPAT161_REV_g.2656.peg.1227-MONOMER,0.0,1.5451010086016592e-07
AGPAT161_FWD_g.2656.peg.1227-MONOMER,0.0,-2.393469202815799e-07
AGPAT180_REV_g.2656.peg.1882-MONOMER,0.0,3.883192433810552e-07
AGPAT180_FWD_g.2656.peg.1882-MONOMER,0.0,6.087171559868956e-35
AGPAT180_REV_g.2656.peg.2316-MONOMER,0.0,9.497116756235953e-08
AGPAT180_FWD_g.2656.peg.2316-MONOMER,0.0,-2.933480758186957e-07
AGPAT180_REV_g.2656.peg.1227-MONOMER,0.0,1.489723230994753e-07
AGPAT180_FWD_g.2656.peg.1227-MONOMER,0.0,-2.393469202815799e-07
AGPAT181_REV_g.2656.peg.1882-MONOMER,0.0,3.9385702114174583e-07
AGPAT181_FWD_g.2656.peg.1882-MONOMER,0.0,1.6686274607405518e-35
AGPAT181_REV_g.2656.peg.2316-MONOMER,0.0,1.0050894532305014e-07
AGPAT181_FWD_g.2656.peg.2316-MONOMER,0.0,-2.933480758186957e-07
AGPAT181_REV_g.2656.peg.1227-MONOMER,0.0,1.5451010086016592e-07
AGPAT181_FWD_g.2656.peg.1227-MONOMER,0.0,-2.393469202815799e-07
AHC_REV_g.2656.peg.964-MONOMER,0.0,-1.6916222285764984e-07
AHC_FWD_g.2656.peg.964-MONOMER,0.000280359826486569,-1.738520060415324e-35
AHCYSNS_r_REV_g.2656.peg.2717-MONOMER,1.0265101596054346e-23,-1.2833131791634385e-35
AHCYSNS_r_FWD_g.2656.peg.2717-MONOMER,0.0,-5.873481352753893e-07
AHSERL2_REV_629741.3.peg.2374-MONOMER_mod_pydx5p(1),0.0,-3.491118076201702e-07
AHSERL2_FWD_629741.3.peg.2374-MONOMER_mod_pydx5p(1),0.0,-7.141951469522618e-07
AHSERL2_REV_629741.3.peg.793-MONOMER,0.0,-1.0338979290535527e-07
AHSERL2_FWD_629741.3.peg.793-MONOMER,0.0,-4.684731322374469e-07
AHSERL3_REV_629741.3.peg.2374-MONOMER_mod_pydx5p(1),0.0,-2.457220147148149e-07
AHSERL3_FWD_629741.3.peg.2374-MONOMER_mod_pydx5p(1),0.0,-7.141951469522618e-07
AHSERL3_REV_629741.3.peg.793-MONOMER,0.000280359826486569,1.1095127170334839e-35
AHSERL3_FWD_629741.3.peg.793-MONOMER,0.0,-4.684731322374469e-07
AICART_REV_629741.3.peg.1645-MONOMER,0.0,-7.331140355536243e-07
AICART_FWD_629741.3.peg.1645-MONOMER,0.007827805156863077,4.909169897810027e-36
AIHPDCOATA_REV_g.2656.peg.446-MONOMER,0.0,-4.0637529110115467e-07
AIHPDCOATA_FWD_g.2656.peg.446-MONOMER,0.006473128835605479,-4.201283221421432e-35
AIPDCOATA_REV_g.2656.peg.446-MONOMER,0.0,-4.0637529110115467e-07
AIPDCOATA_FWD_g.2656.peg.446-MONOMER,1.227824001311253e-35,4.620058362874876e-35
AIRC4_REV_629741.3.peg.2440-MONOMER,0.0,-1.092805562153192e-07
AIRC4_FWD_629741.3.peg.2440-MONOMER,0.0,-5.07724724635086e-07
AIRC4_REV_629741.3.peg.1090-MONOMER,0.0,3.9844416841976676e-07
AIRC4_FWD_629741.3.peg.1090-MONOMER,-3.850361441068089e-36,1.3643730068195793e-35
AKGS_REV_CPLX_dummy,0.0,-6.494868459312484e-07
AKGS_FWD_CPLX_dummy,0.0,5.916802139236185e-35
AKGt2r_REV_g.2656.peg.2020-MONOMER,0.0,-5.466617978087984e-37
AKGt2r_FWD_g.2656.peg.2020-MONOMER,0.0,-4.651727135765357e-07
ALAALA_REV_CPLX_dummy,0.0,0.22592185829769268
ALAALA_FWD_CPLX_dummy,0.0,-0.22592250778453862
ALAASP1c_REV_g.2656.peg.1204-MONOMER_mod_zn2(1),0.0,-7.66576495252003e-07
ALAASP1c_FWD_g.2656.peg.1204-MONOMER_mod_zn2(1),0.0,-1.6573100168237275e-07
ALAASP1c_REV_g.2656.peg.2592-MONOMER,0.0,-9.3757361308639e-07
ALAASP1c_FWD_g.2656.peg.2592-MONOMER,0.0,-3.3672811951675974e-07
ALAASP1c_REV_g.2656.peg.1387-MONOMER_mod_fe2(2),0.0,-6.008454935696302e-07
ALAASP1c_FWD_g.2656.peg.1387-MONOMER_mod_fe2(2),0.0,-3.274289336604761e-36
ALACI_REV_g.2656.peg.273-MONOMER,0.0,-7.53467008139077e-07
ALACI_FWD_g.2656.peg.273-MONOMER,0.0,6.689203929999124e-37
ALAGLN1c_REV_g.2656.peg.1204-MONOMER_mod_zn2(1),0.0,-1.6573100168237275e-07
ALAGLN1c_FWD_g.2656.peg.1204-MONOMER_mod_zn2(1),0.0,-7.66576495252003e-07
ALAGLN1c_REV_g.2656.peg.2592-MONOMER,0.0,-3.3672811951675974e-07
ALAGLN1c_FWD_g.2656.peg.2592-MONOMER,0.0,-9.3757361308639e-07
ALAGLN1c_REV_g.2656.peg.1387-MONOMER_mod_fe2(2),0.0,4.57399339543624e-37
ALAGLN1c_FWD_g.2656.peg.1387-MONOMER_mod_fe2(2),0.0,-6.008454935696302e-07
ALAGLU1c_REV_g.2656.peg.1204-MONOMER_mod_zn2(1),0.0,-7.66576495252003e-07
ALAGLU1c_FWD_g.2656.peg.1204-MONOMER_mod_zn2(1),0.0,-1.6573100168237275e-07
ALAGLU1c_REV_g.2656.peg.2592-MONOMER,0.0,-9.3757361308639e-07
ALAGLU1c_FWD_g.2656.peg.2592-MONOMER,0.0,-3.3672811951675974e-07
ALAGLU1c_REV_g.2656.peg.1387-MONOMER_mod_fe2(2),0.0,-6.008454935696302e-07
ALAGLU1c_FWD_g.2656.peg.1387-MONOMER_mod_fe2(2),0.0,3.8076894593274275e-37
ALAGLY1c_REV_g.2656.peg.1204-MONOMER_mod_zn2(1),0.0,-7.66576495252003e-07
ALAGLY1c_FWD_g.2656.peg.1204-MONOMER_mod_zn2(1),0.0,-1.6573100168237275e-07
ALAGLY1c_REV_g.2656.peg.2592-MONOMER,0.0,-9.3757361308639e-07
ALAGLY1c_FWD_g.2656.peg.2592-MONOMER,0.0,-3.3672811951675974e-07
ALAGLY1c_REV_g.2656.peg.1387-MONOMER_mod_fe2(2),0.0,-6.008454935696302e-07
ALAGLY1c_FWD_g.2656.peg.1387-MONOMER_mod_fe2(2),0.0,-5.1600437969317785e-37
ALAHIS1c_REV_g.2656.peg.1204-MONOMER_mod_zn2(1),0.0,-7.66576495252003e-07
ALAHIS1c_FWD_g.2656.peg.1204-MONOMER_mod_zn2(1),0.0,-1.6573100168237275e-07
ALAHIS1c_REV_g.2656.peg.2592-MONOMER,0.0,-9.3757361308639e-07
ALAHIS1c_FWD_g.2656.peg.2592-MONOMER,0.0,-3.3672811951675974e-07
ALAHIS1c_REV_g.2656.peg.1387-MONOMER_mod_fe2(2),0.0,-6.008454935696302e-07
ALAHIS1c_FWD_g.2656.peg.1387-MONOMER_mod_fe2(2),-9.13753372754559e-31,5.816810113708535e-36
ALALEU1c_REV_g.2656.peg.1204-MONOMER_mod_zn2(1),0.0,-7.66576495252003e-07
ALALEU1c_FWD_g.2656.peg.1204-MONOMER_mod_zn2(1),0.0,-1.6573100168237275e-07
ALALEU1c_REV_g.2656.peg.2592-MONOMER,0.0,-9.3757361308639e-07
ALALEU1c_FWD_g.2656.peg.2592-MONOMER,0.0,-3.3672811951675974e-07
ALALEU1c_REV_g.2656.peg.1387-MONOMER_mod_fe2(2),0.0,-6.008454935696302e-07
ALALEU1c_FWD_g.2656.peg.1387-MONOMER_mod_fe2(2),0.0,-2.790099346504924e-37
ALAR_REV_629741.3.peg.2798-MONOMER,0.0,-1.7217261665944638e-07
ALAR_FWD_629741.3.peg.2798-MONOMER,0.0,-5.927236899512915e-07
ALATHR1c_REV_g.2656.peg.1204-MONOMER_mod_zn2(1),0.0,-7.66576495252003e-07
ALATHR1c_FWD_g.2656.peg.1204-MONOMER_mod_zn2(1),0.0,-1.6573100168237275e-07
ALATHR1c_REV_g.2656.peg.2592-MONOMER,0.0,-9.3757361308639e-07
ALATHR1c_FWD_g.2656.peg.2592-MONOMER,0.0,-3.3672811951675974e-07
ALATHR1c_REV_g.2656.peg.1387-MONOMER_mod_fe2(2),0.0,-6.008454935696302e-07
ALATHR1c_FWD_g.2656.peg.1387-MONOMER_mod_fe2(2),-2.138582097444935e-31,-3.1843747402442845e-36
ALAt2r_REV_CPLX_dummy,0.0,-6.494868459312484e-07
ALAt2r_FWD_CPLX_dummy,0.05233424821279113,-5.8684512268686025e-37
ALCD19_REV_g.2656.peg.2737-MONOMER,1.110927901095057,-1.8132079991598658e-35
ALCD19_FWD_g.2656.peg.2737-MONOMER,0.0,-8.880138338153422e-07
ALCD2x_REV_g.2656.peg.2737-MONOMER,0.0,-8.880138338153422e-07
ALCD2x_FWD_g.2656.peg.2737-MONOMER,0.0,-1.8132079991598658e-35
ALDD2x_REV_g.2656.peg.2035-MONOMER_mod_mg2(1),0.0,0.01704861841378677
ALDD2x_FWD_g.2656.peg.2035-MONOMER_mod_mg2(1),0.0,-0.01704938726178016
AMMQLT8_REV_CPLX_dummy,0.0,-6.494868459312484e-07
AMMQLT8_FWD_CPLX_dummy,0.00023530291415585516,-3.501396465074791e-36
AMMQT7rev_REV_CPLX_dummy,0.0,-6.494868459312484e-07
AMMQT7rev_FWD_CPLX_dummy,0.0004706058283117103,1.2802761281231629e-36
AMOPBHL_REV_g.2656.peg.171-MONOMER,0.0,-4.2898405807010036e-07
AMOPBHL_FWD_g.2656.peg.171-MONOMER,-2.4719746893283504e-23,2.1736065509478457e-36
AMPTASECG_REV_g.2656.peg.1204-MONOMER_mod_zn2(1),0.0,-7.66576495252003e-07
AMPTASECG_FWD_g.2656.peg.1204-MONOMER_mod_zn2(1),0.0,-1.6573100168237275e-07
AMPTASECG_REV_g.2656.peg.2592-MONOMER,0.0,-9.3757361308639e-07
AMPTASECG_FWD_g.2656.peg.2592-MONOMER,0.0,-3.3672811951675974e-07
AMPTASECG_REV_g.2656.peg.1387-MONOMER_mod_fe2(2),0.0,-6.008454935696302e-07
AMPTASECG_FWD_g.2656.peg.1387-MONOMER_mod_fe2(2),1.8861866801033397e-30,-4.284326712523872e-36
AMPTASEGC_REV_g.2656.peg.1204-MONOMER_mod_zn2(1),0.0,-7.66576495252003e-07
AMPTASEGC_FWD_g.2656.peg.1204-MONOMER_mod_zn2(1),0.0,-1.6573100168237275e-07
AMPTASEGC_REV_g.2656.peg.2592-MONOMER,0.0,-9.3757361308639e-07
AMPTASEGC_FWD_g.2656.peg.2592-MONOMER,0.0,-3.3672811951675974e-07
AMPTASEGC_REV_g.2656.peg.1387-MONOMER_mod_fe2(2),0.0,-6.008454935696302e-07
AMPTASEGC_FWD_g.2656.peg.1387-MONOMER_mod_fe2(2),0.0,-4.7162869890619517e-36
ANPRT_REV_629741.3.peg.1126-MONOMER,0.0,-6.616816845044132e-07
ANPRT_FWD_629741.3.peg.1126-MONOMER,0.0,-2.252867567424331e-35
ANS_REV_629741.3.peg.1641-MONOMER,0.0,3.0409503054302806e-07
ANS_FWD_629741.3.peg.1641-MONOMER,0.0,-2.5193931120320565e-07
ANS_REV_629741.3.peg.206-MONOMER,0.0,-1.1548646055890816e-07
ANS_FWD_629741.3.peg.206-MONOMER,0.0,-6.715208023051418e-07
ANS2_REV_629741.3.peg.1641-MONOMER,0.0,5.215571933982241e-08
ANS2_FWD_629741.3.peg.1641-MONOMER,0.0,-1.2005255369454362e-36
ANS2_REV_629741.3.peg.206-MONOMER,0.0,-3.674257717621138e-07
ANS2_FWD_629741.3.peg.206-MONOMER,0.0,-4.195814911019362e-07
AP4AH_REV_g.2656.peg.2305-MONOMER,0.0,1.1948587450005695e-07
AP4AH_FWD_g.2656.peg.2305-MONOMER,0.0,5.669511283342675e-35
APRAUR_REV_629741.3.peg.3028-MONOMER,0.0,-8.954476461534974e-07
APRAUR_FWD_629741.3.peg.3028-MONOMER,0.000470609278107817,4.573787044841289e-35
ARBTpts_REV_g.2656.peg.1698-MONOMER,0.0,-6.516051327405461e-07
ARBTpts_FWD_g.2656.peg.1698-MONOMER,0.0,-1.3316266447767538e-36
ARGDA_REV_g.2656.peg.877-MONOMER,0.0,0.029846725119610704
ARGDA_FWD_g.2656.peg.877-MONOMER,0.0,-0.029847415253099176
ARGSL_REV_629741.3.peg.1749-MONOMER,0.0,-8.557495307473902e-08
ARGSL_FWD_629741.3.peg.1749-MONOMER,0.0,-4.3756947015791156e-07
ARGSL_REV_629741.3.peg.1750-MONOMER,0.1299566860409059,7.209936788298058e-36
ARGSL_FWD_629741.3.peg.1750-MONOMER,0.0,-3.5199451708317254e-07
ARGSSr_REV_629741.3.peg.1495-MONOMER_mod_mg2(1),0.1299566860409059,-5.625192760774394e-36
ARGSSr_FWD_629741.3.peg.1495-MONOMER_mod_mg2(1),0.0,-1.2147723869065844e-06
ARGt2_REV_CPLX_dummy,0.0,-6.494868459312484e-07
ARGt2_FWD_CPLX_dummy,0.02027861687324995,2.2427709640859287e-36
ASAD_REV_629741.3.peg.140-MONOMER,0.01700773427446038,-2.612837597902786e-35
ASAD_FWD_629741.3.peg.140-MONOMER,0.0,-5.876011496266921e-07
ASNt2r_REV_g.2656.peg.2541-MONOMER,0.0,-4.5197998214553364e-07
ASNt2r_FWD_g.2656.peg.2541-MONOMER,0.225,2.235457398365439e-36
ASP1DC_REV_629741.3.peg.208-MONOMER,0.0,-5.24016730207038e-07
ASP1DC_FWD_629741.3.peg.208-MONOMER,0.00023537793661416098,1.0368719287194052e-35
ASPCT_REV_629741.3.peg.1558-MONOMER,0.0,0.09589875667647758
ASPCT_FWD_629741.3.peg.1558-MONOMER,0.0,-0.09589945966379562
ASPKi_REV_629741.3.peg.430-MONOMER,0.0,-7.288025179023263e-07
ASPKi_FWD_629741.3.peg.430-MONOMER,0.01700773427446038,3.03563765051678e-35
ASPO1_REV_g.2656.peg.2395-MONOMER_mod_fad(1),0.0,-1.0665150675621396e-06
ASPO1_FWD_g.2656.peg.2395-MONOMER_mod_fad(1),-9.077492535052476e-58,5.315402545827325e-37
ASPO5_REV_CPLX_dummy,0.0,0.014916578571789888
ASPO5_FWD_CPLX_dummy,0.0,-0.014917228058635818
ASPO6_REV_g.2656.peg.2395-MONOMER_mod_fad(1),0.0,-1.0665150675621396e-06
ASPO6_FWD_g.2656.peg.2395-MONOMER_mod_fad(1),9.077492535052476e-58,5.315402545827325e-37
ASPO7_REV_629741.3.peg.448-MONOMER,0.0,-1.1666632408720946e-06
ASPO7_FWD_629741.3.peg.448-MONOMER,-1.4872592636976336e-57,1.2783045250357805e-35
ASPT_REV_629741.3.peg.430-MONOMER,0.0,0.012796373843179965
ASPT_FWD_629741.3.peg.430-MONOMER,0.0,-0.012797102645697866
ASPTA_REV_629741.3.peg.371-MONOMER,0.0,-6.724952186059113e-07
ASPTA_FWD_629741.3.peg.371-MONOMER,0.5144499298197627,2.781887377526288e-35
ASPt2r_REV_g.2656.peg.2541-MONOMER,0.0,-4.5197998214553364e-07
ASPt2r_FWD_g.2656.peg.2541-MONOMER,0.225,1.2540459559416245e-36
ATPPRT_REV_629741.3.peg.1954-MONOMER,0.0,-6.955070220127006e-07
ATPPRT_FWD_629741.3.peg.1954-MONOMER,0.0,-1.3151635270607595e-07
ATPPRT_REV_629741.3.peg.1140-MONOMER,0.0,-5.639906693066247e-07
ATPPRT_FWD_629741.3.peg.1140-MONOMER,0.007827805156863077,1.0747548376098606e-35
ATPPRT_REV_629741.3.peg.1245-MONOMER,0.0,-6.256878374189003e-07
ATPPRT_FWD_629741.3.peg.1245-MONOMER,0.0,-6.169716811227555e-08
ATPS4_REV_CPLX_dummy,0.0,-6.494868459312484e-07
ATPS4_FWD_CPLX_dummy,2.3564291117624996,-1.683836666349474e-36
BAMPPALDOX_REV_g.2656.peg.2035-MONOMER_mod_mg2(1),0.0,-7.688479933904544e-07
BAMPPALDOX_FWD_g.2656.peg.2035-MONOMER_mod_mg2(1),0.0,8.17944569996088e-36
BPNT_REV_CPLX_dummy,0.0,-6.494868459312484e-07
BPNT_FWD_CPLX_dummy,-7.603844117573467e-42,3.292216785209936e-36
BTDD_RR_REV_g.2656.peg.1374-MONOMER,0.0,-4.814243080883563e-07
BTDD_RR_FWD_g.2656.peg.1374-MONOMER,0.0,4.8027387334179594e-36
BTNCLi_REV_CPLX_BTNCLi-0,0.0,1.4120254115170882e-06
BTNCLi_FWD_CPLX_BTNCLi-0,0.0,-1.8959055209896966e-06
BTS4_REV_629741.3.peg.2194-MONOMER_mod_4fe4s(1)_mod_2fe2s(1),0.0,-6.06555296023602e-08
BTS4_FWD_629741.3.peg.2194-MONOMER_mod_4fe4s(1)_mod_2fe2s(1),0.0,8.651525188746982e-36
CAt4i_REV_g.2656.peg.1403-MONOMER,0.0,-5.792927919049944e-07
CAt4i_FWD_g.2656.peg.1403-MONOMER,0.0,1.1438378614436295e-37
CBIAT_REV_g.2656.peg.629-MONOMER,0.0,-6.12973933894976e-07
CBIAT_FWD_g.2656.peg.629-MONOMER,0.0,-1.0157447791132253e-36
CBMKr_REV_g.2656.peg.523-MONOMER,0.1299566860409059,-1.6577557809024338e-35
CBMKr_FWD_g.2656.peg.523-MONOMER,0.0,-4.3874784129406653e-07
CBPS_REV_g.2656.peg.808-MONOMER,0.0,0.017050323168983878
CBPS_FWD_g.2656.peg.808-MONOMER,0.0,-0.017051213459824095
CCOuq_REV_CPLX_dummy,0.0,-6.494868459312484e-07
CCOuq_FWD_CPLX_dummy,0.9997646970858441,-2.5530669583656624e-34
CD2abc1_REV_g.2656.peg.2838-MONOMER,0.0,0.012787098647047862
CD2abc1_FWD_g.2656.peg.2838-MONOMER,0.0,-0.01278778496050596
CD2t6r_REV_g.2656.peg.529-MONOMER,0.0,-5.177515581424791e-07
CD2t6r_FWD_g.2656.peg.529-MONOMER,0.0,2.0654632431128734e-36
CDOSKT_REV_g.2656.peg.352-MONOMER,0.0,-6.072138120897624e-07
CDOSKT_FWD_g.2656.peg.352-MONOMER,0.0019005849139196167,-3.1526452840487324e-35
CDPEAS_REV_g.2656.peg.1761-MONOMER,0.0,-3.585694615118988e-07
CDPEAS_FWD_g.2656.peg.1761-MONOMER,0.0,4.711157265759666e-36
CDPMEK_REV_g.2656.peg.2561-MONOMER_mod_mg2(1),0.0,-7.630735827819564e-07
CDPMEK_FWD_g.2656.peg.2561-MONOMER_mod_mg2(1),0.021377039881427494,4.860007124557352e-35
CHOLD_REV_g.2656.peg.2737-MONOMER,0.0,-8.880138338153422e-07
CHOLD_FWD_g.2656.peg.2737-MONOMER,0.0,-1.8132079991598658e-35
CHORM_REV_629741.3.peg.733-MONOMER,0.0,-8.154751869605975e-07
CHORM_FWD_629741.3.peg.733-MONOMER,0.01156949309473492,1.4835807179469898e-35
CHORS_REV_629741.3.peg.1552-MONOMER_mod_fadh2(1),0.0,-1.4249416294769497e-06
CHORS_FWD_629741.3.peg.1552-MONOMER_mod_fadh2(1),0.01156949309473492,6.612567698273589e-35
CHORS_REV_629741.3.peg.1552-MONOMER_mod_fmnh2(1),0.0,-1.438364696435663e-06
CHORS_FWD_629741.3.peg.1552-MONOMER_mod_fmnh2(1),0.0,-1.3423066958713363e-08
CHRPL_REV_CPLX_dummy,0.0,-6.494868459312484e-07
CHRPL_FWD_CPLX_dummy,0.0,9.567354651758964e-36
CLPNS140_REV_g.2656.peg.558-MONOMER,0.0,-1.4821852763507615e-07
CLPNS140_FWD_g.2656.peg.558-MONOMER,0.0,-6.819496512001863e-07
CLPNS140_REV_g.2656.peg.2501-MONOMER,0.0,-1.4459273120955827e-35
CLPNS140_FWD_g.2656.peg.2501-MONOMER,0.0,-5.337311235651101e-07
CLPNS160_REV_g.2656.peg.558-MONOMER,0.0,-1.4821852763507615e-07
CLPNS160_FWD_g.2656.peg.558-MONOMER,0.0,-6.819496512001863e-07
CLPNS160_REV_g.2656.peg.2501-MONOMER,0.0,-1.4459273120955827e-35
CLPNS160_FWD_g.2656.peg.2501-MONOMER,0.0,-5.337311235651101e-07
CLPNS180_REV_g.2656.peg.558-MONOMER,0.0,-6.819496512001863e-07
CLPNS180_FWD_g.2656.peg.558-MONOMER,0.0,-1.4821852763507615e-07
CLPNS180_REV_g.2656.peg.2501-MONOMER,0.0,-5.337311235651101e-07
CLPNS180_FWD_g.2656.peg.2501-MONOMER,0.0008091411044506848,-1.4459273120955827e-35
CLPNSAI15_REV_g.2656.peg.558-MONOMER,0.0,-1.4821852763507615e-07
CLPNSAI15_FWD_g.2656.peg.558-MONOMER,0.0,-6.819496512001863e-07
CLPNSAI15_REV_g.2656.peg.2501-MONOMER,0.0,8.270536533185883e-36
CLPNSAI15_FWD_g.2656.peg.2501-MONOMER,0.0,-5.337311235651101e-07
CLPNSAI17_REV_g.2656.peg.558-MONOMER,0.0,-6.819496512001863e-07
CLPNSAI17_FWD_g.2656.peg.558-MONOMER,0.0,-1.4821852763507615e-07
CLPNSAI17_REV_g.2656.peg.2501-MONOMER,0.0,-5.337311235651101e-07
CLPNSAI17_FWD_g.2656.peg.2501-MONOMER,0.0008091411044506848,-8.264870208338096e-35
CLPNSI14_REV_g.2656.peg.558-MONOMER,0.0,-1.4821852763507615e-07
CLPNSI14_FWD_g.2656.peg.558-MONOMER,0.0,-6.819496512001863e-07
CLPNSI14_REV_g.2656.peg.2501-MONOMER,0.0,0.0
CLPNSI14_FWD_g.2656.peg.2501-MONOMER,0.0,-5.337311235651101e-07
CLPNSI15_REV_g.2656.peg.558-MONOMER,0.0,-1.4821852763507615e-07
CLPNSI15_FWD_g.2656.peg.558-MONOMER,0.0,-6.819496512001863e-07
CLPNSI15_REV_g.2656.peg.2501-MONOMER,0.0,9.918977514975273e-35
CLPNSI15_FWD_g.2656.peg.2501-MONOMER,0.0,-5.337311235651101e-07
CLPNSI16_REV_g.2656.peg.558-MONOMER,0.0,-1.4821852763507615e-07
CLPNSI16_FWD_g.2656.peg.558-MONOMER,0.0,-6.819496512001863e-07
CLPNSI16_REV_g.2656.peg.2501-MONOMER,0.0,0.0
CLPNSI16_FWD_g.2656.peg.2501-MONOMER,0.0,-5.337311235651101e-07
CLPNSI17_REV_g.2656.peg.558-MONOMER,0.0,-6.819496512001863e-07
CLPNSI17_FWD_g.2656.peg.558-MONOMER,0.0,-1.4821852763507615e-07
CLPNSI17_REV_g.2656.peg.2501-MONOMER,0.0,-5.337311235651101e-07
CLPNSI17_FWD_g.2656.peg.2501-MONOMER,0.0008091411044506848,-8.264870208338096e-35
CMLDC_REV_g.2656.peg.3070-MONOMER,0.0,5.581614589362239e-07
CMLDC_FWD_g.2656.peg.3070-MONOMER,0.0,6.938642366082138e-37
CMPSAS_REV_g.2656.peg.1423-MONOMER,0.0,-4.2927671450278524e-07
CMPSAS_FWD_g.2656.peg.1423-MONOMER,0.0,-2.0116573436248377e-35
CO2t_REV_CPLX_dummy,1.2612719866266702,5.011248662698137e-41
CO2t_FWD_CPLX_dummy,0.0,-6.494868459312484e-07
COBALTt5_REV_CPLX_dummy,0.0002353141324966851,0.0
COBALTt5_FWD_CPLX_dummy,0.0,-6.494868459312484e-07
CPPPGO2_REV_g.2656.peg.2412-MONOMER_mod_4fe4s(1),0.0,-4.0222892916740934e-08
CPPPGO2_FWD_g.2656.peg.2412-MONOMER_mod_4fe4s(1),0.0,1.1121865736344564e-36
CTPS1_REV_g.2656.peg.808-MONOMER,0.0,-8.625653634986126e-07
CTPS1_FWD_g.2656.peg.808-MONOMER,0.0,-2.77254767182611e-08
CTPS1_REV_g.2656.peg.803-MONOMER,0.0,-8.348398867803514e-07
CTPS1_FWD_g.2656.peg.803-MONOMER,0.004474238704925409,1.6439376572729084e-35
CTPS2_REV_629741.3.peg.1027-MONOMER_mod_mg2(1),0.0,-8.120525235273935e-07
CTPS2_FWD_629741.3.peg.1027-MONOMER_mod_mg2(1),0.0,-4.810912591534532e-07
CYO1b_REV_g.2656.peg.1879-MONOMER,0.0,0.03196783095638383
CYO1b_FWD_g.2656.peg.1879-MONOMER,0.0,-0.031968523825478545
CYO1b_REV_g.2656.peg.1472-MONOMER,0.0,0.03196830746377085
CYO1b_FWD_g.2656.peg.1472-MONOMER,0.0,-0.031968047318091525
CYO1b_REV_g.2656.peg.1059-MONOMER,0.0,0.0319680821222238
CYO1b_FWD_g.2656.peg.1059-MONOMER,0.0,-0.03196827265963857
CYOmq_REV_CPLX_dummy,0.0,-6.494868459312484e-07
CYOmq_FWD_CPLX_dummy,0.00023530291415585516,6.438286404852502e-36
CYRDAAT_REV_629741.3.peg.1712-MONOMER,0.0,-6.12973933894976e-07
CYRDAAT_FWD_629741.3.peg.1712-MONOMER,0.0,1.689358015807678e-36
CYRDAR_REV_629741.3.peg.1712-MONOMER,0.0,-6.12973933894976e-07
CYRDAR_FWD_629741.3.peg.1712-MONOMER,0.0,-2.895791506304286e-35
CYSS_REV_629741.3.peg.220-MONOMER,0.0,-6.457931405687749e-07
CYSS_FWD_629741.3.peg.220-MONOMER,0.0037081733762092664,7.142727202940652e-37
CYSS3r_REV_629741.3.peg.220-MONOMER,0.0,-5.424033476634196e-07
CYSS3r_FWD_629741.3.peg.220-MONOMER,0.00039801128356449657,1.6881767202559194e-35
CYTBD_REV_CPLX_dummy,0.0,0.008524211348453907
CYTBD_FWD_CPLX_dummy,0.0,-0.008524860835299838
CYTBD2_REV_CPLX_dummy,0.0,0.008524211348453907
CYTBD2_FWD_CPLX_dummy,0.0,-0.008524860835299838
CYTD_REV_g.2656.peg.2548-MONOMER,0.0,0.0170509630312061
CYTD_FWD_g.2656.peg.2548-MONOMER,0.0,-0.01705157832606068
CYTD_REV_g.2656.peg.2039-MONOMER_mod_zn2(1),0.0,0.01705079379007082
CYTD_FWD_g.2656.peg.2039-MONOMER_mod_zn2(1),0.0,-0.017051747567195963
CYTDK3_REV_g.2656.peg.1845-MONOMER_mod_mg2(1),0.0,-3.8140350025672976e-07
CYTDK3_FWD_g.2656.peg.1845-MONOMER_mod_mg2(1),0.0,3.635388751518284e-36
CYTDt2r_REV_g.2656.peg.2882-MONOMER,0.0,-4.65444302005581e-38
CYTDt2r_FWD_g.2656.peg.2882-MONOMER,0.0,-2.8493152902229707e-07
CYTK1_REV_g.2656.peg.1845-MONOMER_mod_mg2(1),0.0,-3.8140350025672976e-07
CYTK1_FWD_g.2656.peg.1845-MONOMER_mod_mg2(1),0.04955342993230388,7.726176766828508e-35
CYTK2_REV_g.2656.peg.1845-MONOMER_mod_mg2(1),0.0,-3.8140350025672976e-07
CYTK2_FWD_g.2656.peg.1845-MONOMER_mod_mg2(1),0.007316143571371669,-6.429226468562041e-36
Cuabc_REV_g.2656.peg.2838-MONOMER,0.0,0.034100092828045284
Cuabc_FWD_g.2656.peg.2838-MONOMER,0.0,-0.03410077914150338
Cut1_REV_g.2656.peg.2838-MONOMER,0.0,-6.863134580976649e-07
Cut1_FWD_g.2656.peg.2838-MONOMER,-9.029139505537106e-26,-1.0822804449420753e-35
DADNt2r_REV_g.2656.peg.2882-MONOMER,0.0,-2.8493152902229707e-07
DADNt2r_FWD_g.2656.peg.2882-MONOMER,-1.8002321156749665e-23,3.78056875147963e-37
DAGK120_REV_g.2656.peg.2704-MONOMER_mod_cd2(1)_mod_zn2(1)_mod_mg2(1)_mod_mn2(1)_mod_cobalt2(1),0.0,-1.2227593818499175e-07
DAGK120_FWD_g.2656.peg.2704-MONOMER_mod_cd2(1)_mod_zn2(1)_mod_mg2(1)_mod_mn2(1)_mod_cobalt2(1),0.0,9.335312429327032e-36
DAGK140_REV_g.2656.peg.2704-MONOMER_mod_cd2(1)_mod_zn2(1)_mod_mg2(1)_mod_mn2(1)_mod_cobalt2(1),0.0,-1.2227593818499175e-07
DAGK140_FWD_g.2656.peg.2704-MONOMER_mod_cd2(1)_mod_zn2(1)_mod_mg2(1)_mod_mn2(1)_mod_cobalt2(1),0.0,1.0659344989949827e-35
DAGK141_REV_g.2656.peg.2704-MONOMER_mod_cd2(1)_mod_zn2(1)_mod_mg2(1)_mod_mn2(1)_mod_cobalt2(1),0.0,-1.2227593818499175e-07
DAGK141_FWD_g.2656.peg.2704-MONOMER_mod_cd2(1)_mod_zn2(1)_mod_mg2(1)_mod_mn2(1)_mod_cobalt2(1),0.0,5.363214747458648e-36
DAGK160_REV_g.2656.peg.2704-MONOMER_mod_cd2(1)_mod_zn2(1)_mod_mg2(1)_mod_mn2(1)_mod_cobalt2(1),0.0,-1.2227593818499175e-07
DAGK160_FWD_g.2656.peg.2704-MONOMER_mod_cd2(1)_mod_zn2(1)_mod_mg2(1)_mod_mn2(1)_mod_cobalt2(1),0.0,4.039182186835853e-36
DAGK161_REV_g.2656.peg.2704-MONOMER_mod_cd2(1)_mod_zn2(1)_mod_mg2(1)_mod_mn2(1)_mod_cobalt2(1),0.0,-1.2227593818499175e-07
DAGK161_FWD_g.2656.peg.2704-MONOMER_mod_cd2(1)_mod_zn2(1)_mod_mg2(1)_mod_mn2(1)_mod_cobalt2(1),0.0,5.363214747458648e-36
DAGK180_REV_g.2656.peg.2704-MONOMER_mod_cd2(1)_mod_zn2(1)_mod_mg2(1)_mod_mn2(1)_mod_cobalt2(1),0.0,-1.2227593818499175e-07
DAGK180_FWD_g.2656.peg.2704-MONOMER_mod_cd2(1)_mod_zn2(1)_mod_mg2(1)_mod_mn2(1)_mod_cobalt2(1),0.0,1.0659344989949827e-35
DAGK181_REV_g.2656.peg.2704-MONOMER_mod_cd2(1)_mod_zn2(1)_mod_mg2(1)_mod_mn2(1)_mod_cobalt2(1),0.0,-1.2227593818499175e-07
DAGK181_FWD_g.2656.peg.2704-MONOMER_mod_cd2(1)_mod_zn2(1)_mod_mg2(1)_mod_mn2(1)_mod_cobalt2(1),0.0,5.363214747458648e-36
DALAt2r_REV_g.2656.peg.344-MONOMER,0.0,-2.289357726394033e-07
DALAt2r_FWD_g.2656.peg.344-MONOMER,0.0,-5.890151911258114e-37
DAPDC_REV_g.2656.peg.486-MONOMER_mod_pydx5p(1),0.0,0.008524848394103418
DAPDC_FWD_g.2656.peg.486-MONOMER_mod_pydx5p(1),0.0,-0.00852617225018812
DAPE_REV_g.2656.peg.1923-MONOMER,0.0,-5.13909324309646e-07
DAPE_FWD_g.2656.peg.1923-MONOMER,0.0,2.8766296585961383e-37
DAPabc_REV_CPLX_dummy,0.0,-6.494868459312484e-07
DAPabc_FWD_CPLX_dummy,0.0,-5.2260094121832446e-36
DASYN120_REV_g.2656.peg.51-MONOMER_mod_mg2(1)_mod_k(1),0.0,1.757626975132632e-07
DASYN120_FWD_g.2656.peg.51-MONOMER_mod_mg2(1)_mod_k(1),0.0,1.286709107353021e-36
DASYN120_REV_g.2656.peg.1435-MONOMER,0.0,-4.973049057925122e-08
DASYN120_FWD_g.2656.peg.1435-MONOMER,0.0,-2.2549318809251443e-07
DASYN140_REV_g.2656.peg.51-MONOMER_mod_mg2(1)_mod_k(1),0.0,1.757626975132632e-07
DASYN140_FWD_g.2656.peg.51-MONOMER_mod_mg2(1)_mod_k(1),0.0,-7.779277997666429e-36
DASYN140_REV_g.2656.peg.1435-MONOMER,0.0,-4.973049057925122e-08
DASYN140_FWD_g.2656.peg.1435-MONOMER,0.0,-2.2549318809251443e-07
DASYN141_REV_g.2656.peg.51-MONOMER_mod_mg2(1)_mod_k(1),0.0,1.757626975132632e-07
DASYN141_FWD_g.2656.peg.51-MONOMER_mod_mg2(1)_mod_k(1),0.0,1.286709107353021e-36
DASYN141_REV_g.2656.peg.1435-MONOMER,0.0,-4.973049057925122e-08
DASYN141_FWD_g.2656.peg.1435-MONOMER,0.0,-2.2549318809251443e-07
DASYN160_REV_g.2656.peg.51-MONOMER_mod_mg2(1)_mod_k(1),0.0,1.757626975132632e-07
DASYN160_FWD_g.2656.peg.51-MONOMER_mod_mg2(1)_mod_k(1),0.0,4.308704809026171e-36
DASYN160_REV_g.2656.peg.1435-MONOMER,0.0,-4.973049057925122e-08
DASYN160_FWD_g.2656.peg.1435-MONOMER,0.0,-2.2549318809251443e-07
DASYN161_REV_g.2656.peg.51-MONOMER_mod_mg2(1)_mod_k(1),0.0,1.757626975132632e-07
DASYN161_FWD_g.2656.peg.51-MONOMER_mod_mg2(1)_mod_k(1),0.0,1.286709107353021e-36
DASYN161_REV_g.2656.peg.1435-MONOMER,0.0,-4.973049057925122e-08
DASYN161_FWD_g.2656.peg.1435-MONOMER,0.0,-2.2549318809251443e-07
DASYN180_REV_g.2656.peg.51-MONOMER_mod_mg2(1)_mod_k(1),0.0,1.757626975132632e-07
DASYN180_FWD_g.2656.peg.51-MONOMER_mod_mg2(1)_mod_k(1),0.0032365644178027394,4.308704809026171e-36
DASYN180_REV_g.2656.peg.1435-MONOMER,0.0,-4.973049057925122e-08
DASYN180_FWD_g.2656.peg.1435-MONOMER,0.0,-2.2549318809251443e-07
DASYN181_REV_g.2656.peg.51-MONOMER_mod_mg2(1)_mod_k(1),0.0,1.757626975132632e-07
DASYN181_FWD_g.2656.peg.51-MONOMER_mod_mg2(1)_mod_k(1),0.0,1.286709107353021e-36
DASYN181_REV_g.2656.peg.1435-MONOMER,0.0,-4.973049057925122e-08
DASYN181_FWD_g.2656.peg.1435-MONOMER,0.0,-2.2549318809251443e-07
DASYNAI15_REV_g.2656.peg.51-MONOMER_mod_mg2(1)_mod_k(1),0.0,1.757626975132632e-07
DASYNAI15_FWD_g.2656.peg.51-MONOMER_mod_mg2(1)_mod_k(1),6.139120006556265e-36,1.639668761571877e-35
DASYNAI15_REV_g.2656.peg.1435-MONOMER,0.0,-4.973049057925122e-08
DASYNAI15_FWD_g.2656.peg.1435-MONOMER,0.0,-2.2549318809251443e-07
DASYNAI17_REV_g.2656.peg.51-MONOMER_mod_mg2(1)_mod_k(1),0.0,1.757626975132632e-07
DASYNAI17_FWD_g.2656.peg.51-MONOMER_mod_mg2(1)_mod_k(1),0.0032365644178027394,-8.030717483782203e-35
DASYNAI17_REV_g.2656.peg.1435-MONOMER,0.0,-4.973049057925122e-08
DASYNAI17_FWD_g.2656.peg.1435-MONOMER,0.0,-2.2549318809251443e-07
DASYNI14_REV_g.2656.peg.51-MONOMER_mod_mg2(1)_mod_k(1),0.0,1.757626975132632e-07
DASYNI14_FWD_g.2656.peg.51-MONOMER_mod_mg2(1)_mod_k(1),0.0,-1.735286594320129e-36
DASYNI14_REV_g.2656.peg.1435-MONOMER,0.0,-4.973049057925122e-08
DASYNI14_FWD_g.2656.peg.1435-MONOMER,0.0,-2.2549318809251443e-07
DASYNI15_REV_g.2656.peg.51-MONOMER_mod_mg2(1)_mod_k(1),0.0,1.757626975132632e-07
DASYNI15_FWD_g.2656.peg.51-MONOMER_mod_mg2(1)_mod_k(1),0.0,1.639668761571877e-35
DASYNI15_REV_g.2656.peg.1435-MONOMER,0.0,-4.973049057925122e-08
DASYNI15_FWD_g.2656.peg.1435-MONOMER,0.0,-2.2549318809251443e-07
DASYNI16_REV_g.2656.peg.51-MONOMER_mod_mg2(1)_mod_k(1),0.0,1.757626975132632e-07
DASYNI16_FWD_g.2656.peg.51-MONOMER_mod_mg2(1)_mod_k(1),0.0,4.308704809026171e-36
DASYNI16_REV_g.2656.peg.1435-MONOMER,0.0,-4.973049057925122e-08
DASYNI16_FWD_g.2656.peg.1435-MONOMER,0.0,-2.2549318809251443e-07
DASYNI17_REV_g.2656.peg.51-MONOMER_mod_mg2(1)_mod_k(1),0.0,1.757626975132632e-07
DASYNI17_FWD_g.2656.peg.51-MONOMER_mod_mg2(1)_mod_k(1),0.0032365644178027394,-1.2865910606459242e-34
DASYNI17_REV_g.2656.peg.1435-MONOMER,0.0,-4.973049057925122e-08
DASYNI17_FWD_g.2656.peg.1435-MONOMER,0.0,-2.2549318809251443e-07
DB4PS_REV_629741.3.peg.2489-MONOMER_mod_mg2(1),0.0,-7.612836500492588e-07
DB4PS_FWD_629741.3.peg.2489-MONOMER_mod_mg2(1),0.000941218556215634,-3.2948845505187356e-35
DCTPAH_REV_g.2656.peg.2039-MONOMER_mod_zn2(1),0.0,0.017049794993011007
DCTPAH_FWD_g.2656.peg.2039-MONOMER_mod_zn2(1),0.0,-0.01705074877013615
DCTPD_REV_g.2656.peg.164-MONOMER,0.0,-6.245890591161421e-07
DCTPD_FWD_g.2656.peg.164-MONOMER,0.0032958289779613185,-8.304555093748425e-36
DCTPD2_REV_g.2656.peg.164-MONOMER,0.0,0.017050151539436474
DCTPD2_FWD_g.2656.peg.164-MONOMER,0.0,-0.01705077612849559
DCYTD_REV_g.2656.peg.2548-MONOMER,0.0,0.023439045666283777
DCYTD_FWD_g.2656.peg.2548-MONOMER,0.0,-0.02343966096113836
DCYTD_REV_g.2656.peg.2039-MONOMER_mod_zn2(1),0.0,0.023438876425148497
DCYTD_FWD_g.2656.peg.2039-MONOMER_mod_zn2(1),0.0,-0.02343983020227364
DCYTt2r_REV_g.2656.peg.2882-MONOMER,0.0,-2.8493152902229707e-07
DCYTt2r_FWD_g.2656.peg.2882-MONOMER,0.007316143571371669,-4.65444302005581e-38
DDPA_REV_CPLX_DDPA-0,0.0,-7.492185730003867e-07
DDPA_FWD_CPLX_DDPA-0,0.01156949309473492,6.102156135337931e-35
DDPGA_REV_g.2656.peg.1211-MONOMER,0.0,-5.044744725872133e-07
DDPGA_FWD_g.2656.peg.1211-MONOMER,0.0,9.776080512963702e-37
DDPGALA_REV_g.2656.peg.2828-MONOMER,-1.592591896673227e-32,-1.8920974819916955e-36
DDPGALA_FWD_g.2656.peg.2828-MONOMER,0.0,-1.0996062449801545e-08
DGK1_REV_g.2656.peg.172-MONOMER_mod_mg2(1),0.0,-5.383635175767126e-07
DGK1_FWD_g.2656.peg.172-MONOMER_mod_mg2(1),0.0,6.650069305545917e-36
DGSNt2_REV_g.2656.peg.2882-MONOMER,0.0,0.0008695464392816575
DGSNt2_FWD_g.2656.peg.2882-MONOMER,0.0,-0.0008698313708106799
DHAD1_REV_629741.3.peg.1497-MONOMER_mod_4fe4s(1),0.0,-1.2952120072971374e-06
DHAD1_FWD_629741.3.peg.1497-MONOMER_mod_4fe4s(1),-1.0653583778452286e-36,5.800823445758677e-37
DHAD2_REV_629741.3.peg.1497-MONOMER_mod_4fe4s(1),0.0,-1.2952120072971374e-06
DHAD2_FWD_629741.3.peg.1497-MONOMER_mod_4fe4s(1),0.0,5.800823445758677e-37
DHFOR2_REV_g.2656.peg.28-MONOMER,0.0007059087424675655,2.597049687837837e-35
DHFOR2_FWD_g.2656.peg.28-MONOMER,0.0,-3.362283603957671e-07
DHFR_REV_629741.3.peg.1115-MONOMER,0.0,-3.362283603957671e-07
DHFR_FWD_629741.3.peg.1115-MONOMER,0.004001737720428884,1.3845487231898584e-34
DHFS_REV_629741.3.peg.610-MONOMER,0.0,-6.918011713083815e-07
DHFS_FWD_629741.3.peg.610-MONOMER,0.0,7.288219458156888e-36
DHNAOT_REV_CPLX_dummy,0.0,-6.494868459312484e-07
DHNAOT_FWD_CPLX_dummy,0.0004706058283117103,-4.966335586171373e-35
DHNAOT7_REV_CPLX_dummy,0.0,-6.494868459312484e-07
DHNAOT7_FWD_CPLX_dummy,0.0004706058283117103,-1.391321917513645e-36
DHNPA_REV_g.2656.peg.2828-MONOMER,0.0,-1.0996062449801545e-08
DHNPA_FWD_g.2656.peg.2828-MONOMER,-1.1409210552343936e-56,1.3023462390296465e-35
DHNPA2_REV_629741.3.peg.613-MONOMER,0.0,5.151873779947604e-07
DHNPA2_FWD_629741.3.peg.613-MONOMER,-1.2307759499301439e-56,2.4912421564622547e-35
DHORD2_REV_629741.3.peg.1278-MONOMER_mod_fmn(1),0.0,-4.6381625639845415e-07
DHORD2_FWD_629741.3.peg.1278-MONOMER_mod_fmn(1),0.0,-3.831495653305595e-07
DHORD5_REV_629741.3.peg.1278-MONOMER_mod_fmn(1),0.0,-4.6381625639845415e-07
DHORD5_FWD_629741.3.peg.1278-MONOMER_mod_fmn(1),0.0,-3.831495653305595e-07
DHORDfum_REV_629741.3.peg.844-MONOMER,0.0,-7.30153536999143e-07
DHORDfum_FWD_629741.3.peg.844-MONOMER,0.0,-5.268648376596006e-36
DHORTS_REV_629741.3.peg.762-MONOMER,0.0,7.74990474365196e-36
DHORTS_FWD_629741.3.peg.762-MONOMER,0.0,-7.402469861729931e-07
DHPPDA_REV_g.2656.peg.2674-MONOMER,0.0,-7.529787156978504e-07
DHPPDA_FWD_g.2656.peg.2674-MONOMER,0.000470609278107817,1.60099989208058e-35
DHPPDA2_REV_629741.3.peg.3028-MONOMER,0.0,-7.167951526227783e-07
DHPPDA2_FWD_629741.3.peg.3028-MONOMER,0.0,-1.786524935307191e-07
DHPR_REV_g.2656.peg.2677-MONOMER_mod_fad(1),0.0,-4.403874335981685e-07
DHPR_FWD_g.2656.peg.2677-MONOMER_mod_fad(1),0.0,-2.2181408186116287e-07
DHPS_REV_g.2656.peg.2663-MONOMER_mod_mg2(1),0.0,-5.997637323739296e-07
DHPS_FWD_g.2656.peg.2663-MONOMER_mod_mg2(1),0.0,9.47221204512696e-36
DHPS2_REV_629741.3.peg.826-MONOMER,0.0,-5.036611903300038e-07
DHPS2_FWD_629741.3.peg.826-MONOMER,1.5352904042018485e-56,3.294819319287766e-36
DHQS_REV_g.2656.peg.1885-MONOMER_mod_cobalt2(1)_mod_nad(1),0.0,-5.507206148115886e-07
DHQS_FWD_g.2656.peg.1885-MONOMER_mod_cobalt2(1)_mod_nad(1),0.01156949309473492,4.6149839050825975e-35
DHQTi_REV_g.2656.peg.165-MONOMER,0.0,-6.49540510699473e-07
DHQTi_FWD_g.2656.peg.165-MONOMER,0.01156949309473492,-5.569439762991293e-36
DINSt2_REV_g.2656.peg.2882-MONOMER,0.0,-2.8493152902229707e-07
DINSt2_FWD_g.2656.peg.2882-MONOMER,0.0,-4.65444302005581e-38
DMATT_REV_CPLX_DMATT-0,0.0,-9.227723969410337e-07
DMATT_FWD_CPLX_DMATT-0,0.0019005849139196167,2.1583251638943346e-35
DMPPS_REV_g.2656.peg.1739-MONOMER_mod_nadph(1)_mod_nadh(1)_mod_fad(1)_mod_cobalt2(1),0.0,-2.3466698704379764e-07
DMPPS_FWD_g.2656.peg.1739-MONOMER_mod_nadph(1)_mod_nadh(1)_mod_fad(1)_mod_cobalt2(1),0.0,-2.2181408186116287e-07
DMPPS2r_REV_g.2656.peg.1739-MONOMER_mod_nadph(1)_mod_nadh(1)_mod_fad(1)_mod_cobalt2(1),0.0,-4.564810689049605e-07
DMPPS2r_FWD_g.2656.peg.1739-MONOMER_mod_nadph(1)_mod_nadh(1)_mod_fad(1)_mod_cobalt2(1),0.0019005849139196167,-1.1836621964381188e-34
DMQMT_REV_CPLX_dummy,0.0,-6.494868459312484e-07
DMQMT_FWD_CPLX_dummy,0.0,3.125058781543405e-36
DMQMT2_REV_g.2656.peg.2430-MONOMER_mod_zn2(1),0.0,-7.357680356777117e-07
DMQMT2_FWD_g.2656.peg.2430-MONOMER_mod_zn2(1),0.0,-3.978206239128259e-36
DOPAt2_REV_CPLX_dummy,0.0,-6.494868459312484e-07
DOPAt2_FWD_CPLX_dummy,0.0,-1.881688417656931e-37
DPCOAK_REV_629741.3.peg.772-MONOMER,0.0,-3.9850451831633076e-07
DPCOAK_FWD_629741.3.peg.772-MONOMER,0.00023530291415585516,-8.667931868102084e-35
DPGM_REV_g.2656.peg.1350-MONOMER,0.0,-2.178716845602201e-36
DPGM_FWD_g.2656.peg.1350-MONOMER,0.0,-8.969938673631884e-07
DPRr_REV_g.2656.peg.273-MONOMER,0.0,-7.53467008139077e-07
DPRr_FWD_g.2656.peg.273-MONOMER,0.00023537793661416098,1.377416181500499e-34
DRIBI_REV_g.2656.peg.540-MONOMER,0.0,-2.5427013029063485e-41
DRIBI_FWD_g.2656.peg.540-MONOMER,0.0,-3.9639141717557545e-07
DRPAr_REV_g.2656.peg.2416-MONOMER,0.0,-3.3332003409260886e-36
DRPAr_FWD_g.2656.peg.2416-MONOMER,0.0,-5.539972394481244e-07
DSERt2r_REV_g.2656.peg.344-MONOMER,0.0,-5.890151911258114e-37
DSERt2r_FWD_g.2656.peg.344-MONOMER,0.0,-2.289357726394033e-07
DTMPK_REV_g.2656.peg.2891-MONOMER_mod_mg2(1),0.0,-4.0076920357220784e-07
DTMPK_FWD_g.2656.peg.2891-MONOMER_mod_mg2(1),0.0032958289779613185,-2.7649372561745048e-36
DURIPP_REV_g.2656.peg.1415-MONOMER,0.0,6.386672861030058e-36
DURIPP_FWD_g.2656.peg.1415-MONOMER,0.0,-1.847284392392525e-06
DURIt2_REV_g.2656.peg.2882-MONOMER,0.0,0.027700849312986036
DURIt2_FWD_g.2656.peg.2882-MONOMER,0.0,-0.027701134244515056
DUTPDP_REV_g.2656.peg.799-MONOMER_mod_zn2(1),0.0,0.017050556014107685
DUTPDP_FWD_g.2656.peg.799-MONOMER_mod_zn2(1),0.0,-0.01705061233809859
DXPRIr_REV_g.2656.peg.1022-MONOMER_mod_mn2(1),0.0,-9.327614779220946e-07
DXPRIr_FWD_g.2656.peg.1022-MONOMER_mod_mn2(1),0.0,-7.817656679034322e-10
DXPRIr_REV_g.2656.peg.1022-MONOMER_mod_cobalt2(1),0.0,-9.319797122541912e-07
DXPRIr_FWD_g.2656.peg.1022-MONOMER_mod_cobalt2(1),0.021377039881427494,-8.088077837661025e-35
DXPRIr_REV_g.2656.peg.1022-MONOMER_mod_mg2(1),0.0,-9.364243494325918e-07
DXPRIr_FWD_g.2656.peg.1022-MONOMER_mod_mg2(1),0.0,-4.4446371784005494e-09
DXPS_REV_629741.3.peg.457-MONOMER,0.0,-8.181360915906467e-07
DXPS_FWD_629741.3.peg.457-MONOMER,0.021377039881427494,1.747748818158682e-36
D_LACD_REV_g.2656.peg.1587-MONOMER_mod_fad(1),0.0,-1.0323329605476455e-06
D_LACD_FWD_g.2656.peg.1587-MONOMER_mod_fad(1),-1.2268896224661258e-23,6.379127780945243e-37
D_LACt2_REV_CPLX_dummy,0.0,1.468444969888856e-36
D_LACt2_FWD_CPLX_dummy,0.0,-6.494868459312484e-07
E4PD_REV_629741.3.peg.2684-MONOMER,2.4719746893283504e-23,5.163914205545033e-36
E4PD_FWD_629741.3.peg.2684-MONOMER,0.0,-1.12628270972583e-06
EACPR2_REV_629741.3.peg.1051-MONOMER,0.0,4.1226237757445616e-07
EACPR2_FWD_629741.3.peg.1051-MONOMER,0.0,2.369900095650503e-35
EAR100x_REV_g.2656.peg.104-MONOMER,0.0,-7.511380643258431e-07
EAR100x_FWD_g.2656.peg.104-MONOMER,0.0,-1.6681570001553065e-36
EAR10M11x_REV_g.2656.peg.104-MONOMER,0.0,-7.504475219780273e-07
EAR10M11x_FWD_g.2656.peg.104-MONOMER,0.0,-4.38523467095206e-36
EAR10M12x_REV_g.2656.peg.104-MONOMER,0.0,-7.504475219780273e-07
EAR10M12x_FWD_g.2656.peg.104-MONOMER,0.006473128835605479,-2.6121856037326084e-35
EAR11M12x_REV_g.2656.peg.104-MONOMER,0.0,-7.504475219780273e-07
EAR11M12x_FWD_g.2656.peg.104-MONOMER,0.006473128835605479,3.908800806179599e-35
EAR120x_REV_g.2656.peg.104-MONOMER,0.0,-5.525918789691986e-07
EAR120x_FWD_g.2656.peg.104-MONOMER,0.0,-1.5253545354139072e-35
EAR121x_REV_CPLX_dummy,0.0,-6.487962869660257e-07
EAR121x_FWD_CPLX_dummy,5.5837393327844895e-37,-5.52763518999547e-36
EAR12M13x_REV_g.2656.peg.104-MONOMER,0.0,-7.504475219780273e-07
EAR12M13x_FWD_g.2656.peg.104-MONOMER,0.0,1.7351386695421966e-35
EAR12M14x_REV_g.2656.peg.104-MONOMER,0.0,-7.504475219780273e-07
EAR12M14x_FWD_g.2656.peg.104-MONOMER,0.006473128835605479,-2.6121856037326084e-35
EAR13M14x_REV_g.2656.peg.104-MONOMER,0.0,-7.504475219780273e-07
EAR13M14x_FWD_g.2656.peg.104-MONOMER,0.006473128835605479,-2.6121856037326084e-35
EAR140x_REV_g.2656.peg.104-MONOMER,0.0,-5.692060176198265e-07
EAR140x_FWD_g.2656.peg.104-MONOMER,0.0,-1.5253545354139072e-35
EAR141x_REV_CPLX_dummy,0.0,-4.5716976269564565e-07
EAR141x_FWD_CPLX_dummy,0.0,1.1769130084495362e-34
EAR14M15x_REV_g.2656.peg.104-MONOMER,0.0,-7.504475219780273e-07
EAR14M15x_FWD_g.2656.peg.104-MONOMER,0.0,1.7351386695421966e-35
EAR14M16x_REV_g.2656.peg.104-MONOMER,0.0,-7.504475219780273e-07
EAR14M16x_FWD_g.2656.peg.104-MONOMER,0.006473128835605479,-4.7858477403700113e-35
EAR15M16x_REV_g.2656.peg.104-MONOMER,0.0,-7.504475219780273e-07
EAR15M16x_FWD_g.2656.peg.104-MONOMER,0.006473128835605479,-2.6121856037326084e-35
EAR160x_REV_g.2656.peg.104-MONOMER,0.0,-5.692054514485139e-07
EAR160x_FWD_g.2656.peg.104-MONOMER,0.0,2.821969737860898e-35
EAR161x_REV_CPLX_dummy,0.0,-4.5716976269564565e-07
EAR161x_FWD_CPLX_dummy,0.0,1.1769130084495362e-34
EAR180x_REV_g.2656.peg.104-MONOMER,0.0,-5.692059760722971e-07
EAR180x_FWD_g.2656.peg.104-MONOMER,0.0,2.821969737860898e-35
EAR181x_REV_CPLX_dummy,0.0,-4.5716976269564565e-07
EAR181x_FWD_CPLX_dummy,0.0,1.1769130084495362e-34
EAR40x_REV_g.2656.peg.104-MONOMER,0.0,-7.511380643258431e-07
EAR40x_FWD_g.2656.peg.104-MONOMER,0.0,-1.6681570001553065e-36
EAR4M5x_REV_g.2656.peg.104-MONOMER,0.0,-7.504475219780273e-07
EAR4M5x_FWD_g.2656.peg.104-MONOMER,0.0,-4.38523467095206e-36
EAR4M6x_REV_g.2656.peg.104-MONOMER,0.0,-7.504475219780273e-07
EAR4M6x_FWD_g.2656.peg.104-MONOMER,0.006473128835605479,-2.6121856037326084e-35
EAR5M6x_REV_g.2656.peg.104-MONOMER,0.0,-7.504475219780273e-07
EAR5M6x_FWD_g.2656.peg.104-MONOMER,0.006473128835605479,-2.6121856037326084e-35
EAR60x_REV_g.2656.peg.104-MONOMER,0.0,-7.511380643258431e-07
EAR60x_FWD_g.2656.peg.104-MONOMER,0.0,-1.6681570001553065e-36
EAR6M7x_REV_g.2656.peg.104-MONOMER,0.0,-7.504475219780273e-07
EAR6M7x_FWD_g.2656.peg.104-MONOMER,0.0,-4.38523467095206e-36
EAR6M8x_REV_g.2656.peg.104-MONOMER,0.0,-7.504475219780273e-07
EAR6M8x_FWD_g.2656.peg.104-MONOMER,0.006473128835605479,-1.1306834150282219e-34
EAR7M8x_REV_g.2656.peg.104-MONOMER,0.0,-7.504475219780273e-07
EAR7M8x_FWD_g.2656.peg.104-MONOMER,0.006473128835605479,-2.6121856037326084e-35
EAR80x_REV_g.2656.peg.104-MONOMER,0.0,-7.511380643258431e-07
EAR80x_FWD_g.2656.peg.104-MONOMER,0.0,-1.6681570001553065e-36
EAR8M10x_REV_g.2656.peg.104-MONOMER,0.0,-7.504475219780273e-07
EAR8M10x_FWD_g.2656.peg.104-MONOMER,0.006473128835605479,-2.6121856037326084e-35
EAR8M9x_REV_g.2656.peg.104-MONOMER,0.0,-7.504475219780273e-07
EAR8M9x_FWD_g.2656.peg.104-MONOMER,0.0,-4.38523467095206e-36
EAR9M10x_REV_g.2656.peg.104-MONOMER,0.0,-7.504475219780273e-07
EAR9M10x_FWD_g.2656.peg.104-MONOMER,0.006473128835605479,1.7351386695421966e-35
EDA_R_REV_629741.3.peg.2733-MONOMER,0.0,-7.893192698584051e-07
EDA_R_FWD_629741.3.peg.2733-MONOMER,-4.107516607214428e-23,-3.991953372963651e-36
EDD_REV_629741.3.peg.2914-MONOMER,0.0,5.381921998917338e-07
EDD_FWD_629741.3.peg.2914-MONOMER,0.0,-1.3522369913347294e-06
EDTXS1_REV_g.2656.peg.582-MONOMER,0.0,-2.2544574202017866e-07
EDTXS1_FWD_g.2656.peg.582-MONOMER,0.0,-8.688544659563018e-08
EDTXS1_REV_g.2656.peg.1592-MONOMER,0.0,-1.3856029542454848e-07
EDTXS1_FWD_g.2656.peg.1592-MONOMER,0.0019005849139196167,7.307343519301112e-35
EDTXS2_REV_CPLX_dummy,0.0,-4.620172116992087e-07
EDTXS2_FWD_CPLX_dummy,0.0019005849139196167,4.427574465574961e-36
EHGLAT_REV_g.2656.peg.2868-MONOMER_mod_pydx5p(1),0.0,1.1840027515911496e-07
EHGLAT_FWD_g.2656.peg.2868-MONOMER_mod_pydx5p(1),0.0,3.3215149255435355e-36
ENO_REV_629741.3.peg.636-MONOMER,0.0,-6.843495404478372e-07
ENO_FWD_629741.3.peg.636-MONOMER,-2.6074310761989704e-32,-1.4385603062818477e-35
ETHAAL_REV_g.2656.peg.1000-MONOMER,0.0,-5.507089068717856e-07
ETHAAL_FWD_g.2656.peg.1000-MONOMER,0.0,-1.3257313874785636e-36
F6PE4PL_REV_g.2656.peg.320-MONOMER,0.0,-8.266656277091708e-07
F6PE4PL_FWD_g.2656.peg.320-MONOMER,0.966611237963658,-2.999076651015956e-35
FACOAL140_REV_g.2656.peg.800-MONOMER_mod_mg2(1),0.0,-8.07751599382639e-07
FACOAL140_FWD_g.2656.peg.800-MONOMER_mod_mg2(1),0.011403521210369276,-3.2651172630870464e-35
FACOAL160_REV_g.2656.peg.800-MONOMER_mod_mg2(1),0.0,3.702619455692998e-35
FACOAL160_FWD_g.2656.peg.800-MONOMER_mod_mg2(1),0.0,-8.07751599382639e-07
FACOAL161_REV_g.2656.peg.800-MONOMER_mod_mg2(1),0.0,3.702619455692998e-35
FACOAL161_FWD_g.2656.peg.800-MONOMER_mod_mg2(1),0.0,-8.07751599382639e-07
FACOAL180_REV_g.2656.peg.800-MONOMER_mod_mg2(1),0.0,-8.07751599382639e-07
FACOAL180_FWD_g.2656.peg.800-MONOMER_mod_mg2(1),0.006473128835605479,-5.587696169347062e-35
FACOAL181_REV_g.2656.peg.800-MONOMER_mod_mg2(1),0.0,3.702619455692998e-35
FACOAL181_FWD_g.2656.peg.800-MONOMER_mod_mg2(1),0.0,-8.07751599382639e-07
FACOALAI15_REV_g.2656.peg.800-MONOMER_mod_mg2(1),0.0,2.2161689556865886e-35
FACOALAI15_FWD_g.2656.peg.800-MONOMER_mod_mg2(1),0.0,-8.07751599382639e-07
FACOALAI17_REV_g.2656.peg.800-MONOMER_mod_mg2(1),0.0,5.189069955699407e-35
FACOALAI17_FWD_g.2656.peg.800-MONOMER_mod_mg2(1),0.0,-8.07751599382639e-07
FACOALI14_REV_g.2656.peg.800-MONOMER_mod_mg2(1),0.0,5.189069955699407e-35
FACOALI14_FWD_g.2656.peg.800-MONOMER_mod_mg2(1),0.0,-8.07751599382639e-07
FACOALI15_REV_g.2656.peg.800-MONOMER_mod_mg2(1),0.0,9.648421455718636e-35
FACOALI15_FWD_g.2656.peg.800-MONOMER_mod_mg2(1),0.0,-8.07751599382639e-07
FACOALI16_REV_g.2656.peg.800-MONOMER_mod_mg2(1),0.0,3.702619455692998e-35
FACOALI16_FWD_g.2656.peg.800-MONOMER_mod_mg2(1),0.0,-8.07751599382639e-07
FACOALI17_REV_g.2656.peg.800-MONOMER_mod_mg2(1),0.0,6.675520455705818e-35
FACOALI17_FWD_g.2656.peg.800-MONOMER_mod_mg2(1),0.0,-8.07751599382639e-07
FAS140ACPrev_REV_CPLX_dummy,0.0,-2.7731329120258753e-07
FAS140ACPrev_FWD_CPLX_dummy,0.009502932593232349,-2.7945499800865428e-34
FBA_REV_629741.3.peg.3013-MONOMER,0.5291567925332561,3.178397680171236e-35
FBA_FWD_629741.3.peg.3013-MONOMER,0.0,-6.818007158032722e-07
FBA2_REV_g.2656.peg.2253-MONOMER,0.0,-3.056194377158822e-08
FBA2_FWD_g.2656.peg.2253-MONOMER,0.0,-6.084851491616566e-07
FBA3_REV_g.2656.peg.2253-MONOMER,0.9550417448689231,2.122217398553354e-35
FBA3_FWD_g.2656.peg.2253-MONOMER,0.0,-6.390470929332448e-07
FBP_REV_629741.3.peg.2610-MONOMER_mod_mg2(1),0.0,-9.272513134661492e-07
FBP_FWD_629741.3.peg.2610-MONOMER_mod_mg2(1),0.6781425825332561,1.1469220033787014e-35
FCLTc_REV_g.2656.peg.926-MONOMER,0.0,3.800975394602022e-07
FCLTc_FWD_g.2656.peg.926-MONOMER,0.0,2.572674367961141e-35
FDH_REV_g.2656.peg.2843-MONOMER,0.0,-4.848139280326671e-07
FDH_FWD_g.2656.peg.2843-MONOMER,0.0,-1.3064222557976664e-07
FDH_REV_g.2656.peg.2967-MONOMER,0.0,-5.719495912021429e-07
FDH_FWD_g.2656.peg.2967-MONOMER,0.0,-2.177778887492424e-07
FDH_REV_g.2656.peg.2711-MONOMER,0.0,-5.19980241834873e-07
FDH_FWD_g.2656.peg.2711-MONOMER,0.0,-1.6580853938197255e-07
FDH_REV_g.2656.peg.2863-MONOMER,0.0,-3.5417170245290045e-07
FDH_FWD_g.2656.peg.2863-MONOMER,0.0037900345713268607,-1.4422908820720087e-37
FDH2_REV_CPLX_FDH2-0,0.0,0.0063926163216391
FDH2_FWD_CPLX_FDH2-0,0.0,-0.00639345455578557
FE2DH_REV_g.2656.peg.1233-MONOMER,0.00011766303991712946,1.7685190748754232e-34
FE2DH_FWD_g.2656.peg.1233-MONOMER,0.0,-5.591741942048672e-07
FE2abc_REV_CPLX_dummy,0.0,0.1033596721930337
FE2abc_FWD_CPLX_dummy,0.0,-0.10336032167987963
FE3abc_REV_CPLX_dummy,0.0,0.10655884223272889
FE3abc_FWD_CPLX_dummy,0.0,-0.10655949171957482
FE3t4_REV_CPLX_FE3t4-0,0.0,0.0895087926111054
FE3t4_FWD_CPLX_FE3t4-0,0.0,-0.08950944851315303
FEDCabc_REV_g.2656.peg.1948-MONOMER,0.0,-5.056070455007762e-07
FEDCabc_FWD_g.2656.peg.1948-MONOMER,0.00023532607983425892,-1.540002749041419e-35
FERO_REV_g.2656.peg.1233-MONOMER,0.0,0.06393522016117732
FERO_FWD_g.2656.peg.1233-MONOMER,0.0,-0.06393577933537152
FGLU_REV_g.2656.peg.3-MONOMER,0.0,-7.331140355536243e-07
FGLU_FWD_g.2656.peg.3-MONOMER,0.0,-6.555737281610778e-37
FLVRx_REV_g.2656.peg.2548-MONOMER,0.0,-6.152948545820067e-07
FLVRx_FWD_g.2656.peg.2548-MONOMER,0.0,-1.9529665899092086e-36
FMNAT_REV_629741.3.peg.367-MONOMER,0.0,-5.111026822410456e-07
FMNAT_FWD_629741.3.peg.367-MONOMER,0.00023530636395196182,-2.5499229180003186e-35
FOLD3_REV_g.2656.peg.2663-MONOMER_mod_mg2(1),0.0,-5.997637323739296e-07
FOLD3_FWD_g.2656.peg.2663-MONOMER_mod_mg2(1),0.0,-9.787466036399337e-36
FOLt_REV_CPLX_dummy,0.0,-6.494868459312484e-07
FOLt_FWD_CPLX_dummy,0.0007059087424675655,-1.881688417656931e-37
FOMETR_REV_g.2656.peg.412-MONOMER,0.0,-5.969714240398678e-07
FOMETR_FWD_g.2656.peg.412-MONOMER,0.0,-7.440482643916095e-37
FPGS_REV_629741.3.peg.610-MONOMER,0.0,0.03837248986708195
FPGS_FWD_629741.3.peg.610-MONOMER,0.0,-0.03837318166825326
FPGS7_REV_g.2656.peg.2439-MONOMER,0.0,-6.918011713083815e-07
FPGS7_FWD_g.2656.peg.2439-MONOMER,0.0023782067370034096,-4.5495464413924015e-34
FPGS_tm_REV_g.2656.peg.2439-MONOMER,0.0,-6.918011713083815e-07
FPGS_tm_FWD_g.2656.peg.2439-MONOMER,0.0,1.0698522193652157e-35
FRD2_REV_CPLX_dummy,0.0,-6.494868459312484e-07
FRD2_FWD_CPLX_dummy,0.0,2.560149661199634e-34
FRD3_REV_CPLX_dummy,0.0,0.002983051805509013
FRD3_FWD_CPLX_dummy,0.0,-0.002983701292354944
FRD7_REV_CPLX_dummy,0.0,-6.494868459312484e-07
FRD7_FWD_CPLX_dummy,0.8700433130999391,-6.690841119694201e-38
FRDOr_REV_g.2656.peg.730-MONOMER,0.0,-4.456485968410424e-07
FRDOr_FWD_g.2656.peg.730-MONOMER,0.0,-1.8665142593607115e-07
FRDOr_REV_g.2656.peg.969-MONOMER_mod_fad(1),0.0,-2.5899717090497125e-07
FRDOr_FWD_g.2656.peg.969-MONOMER_mod_fad(1),0.0,-1.2811861210015025e-35
FRTT_REV_g.2656.peg.2250-MONOMER,0.0,-5.483502427946819e-07
FRTT_FWD_g.2656.peg.2250-MONOMER,0.0,-1.0893529014016816e-07
FRTT_REV_g.2656.peg.1858-MONOMER_mod_mg2(1),0.0,-6.104038583189446e-07
FRTT_FWD_g.2656.peg.1858-MONOMER_mod_mg2(1),0.0,-1.709889056644308e-07
FRTT_REV_g.2656.peg.1529-MONOMER,0.0,-4.3941495265451375e-07
FRTT_FWD_g.2656.peg.1529-MONOMER,8.946060061059245e-37,-1.1255339396765185e-34
FRUK_REV_g.2656.peg.2550-MONOMER_mod_mg2(1),0.0,-9.21197528484576e-07
FRUK_FWD_g.2656.peg.2550-MONOMER_mod_mg2(1),0.14898579,1.1719424452132853e-35
FRUpts_REV_g.2656.peg.1698-MONOMER,0.0,-6.516051327405461e-07
FRUpts_FWD_g.2656.peg.1698-MONOMER,0.14898579,6.489854888885243e-36
FT_REV_g.2656.peg.894-MONOMER_mod_mg2(1),0.0,-3.0660771147150833e-07
FT_FWD_g.2656.peg.894-MONOMER_mod_mg2(1),0.0,6.430778739409118e-36
FTHFCL_REV_g.2656.peg.88-MONOMER,0.0,0.01704953999473662
FTHFCL_FWD_g.2656.peg.88-MONOMER,0.0,-0.017049955861884625
FTHFL_REV_g.2656.peg.1878-MONOMER,0.0,0.012793935473957104
FTHFL_FWD_g.2656.peg.1878-MONOMER,0.0,-0.012794770952360725
FUM_REV_629741.3.peg.446-MONOMER,0.0,-6.618554862917206e-07
FUM_FWD_629741.3.peg.446-MONOMER,8.591550396773006e-10,-1.487612930401756e-37
FUMt2r_REV_g.2656.peg.2541-MONOMER,0.0,-4.5197998214553364e-07
FUMt2r_FWD_g.2656.peg.2541-MONOMER,1.0,-2.8346016387938582e-36
G1PACT_REV_629741.3.peg.1396-MONOMER_mod_mg2(1),0.0,-1.2099824431661584e-06
G1PACT_FWD_629741.3.peg.1396-MONOMER_mod_mg2(1),0.0038011698278392334,9.180527869922131e-36
G1PTT_REV_g.2656.peg.913-MONOMER,0.0,-2.820787206656113e-07
G1PTT_FWD_g.2656.peg.913-MONOMER,0.0019005849139196167,1.9823179833953377e-35
G1PTT_REV_g.2656.peg.2417-MONOMER,0.0,-4.855406718590276e-07
G1PTT_FWD_g.2656.peg.2417-MONOMER,0.0,-2.0346195119341625e-07
G1SAT_REV_g.2656.peg.2962-MONOMER_mod_pydx5p(1),0.0,-8.884519280050621e-07
G1SAT_FWD_g.2656.peg.2962-MONOMER_mod_pydx5p(1),0.0,1.7055553527891039e-37
G3PAT120_REV_CPLX_G3PAT120-0,0.0,-2.5634229384912124e-07
G3PAT120_FWD_CPLX_G3PAT120-0,1.0036645241799673e-32,7.02711135813283e-35
G3PAT140_REV_CPLX_G3PAT120-0,0.0,-2.0067955515036796e-07
G3PAT140_FWD_CPLX_G3PAT120-0,0.0,-6.39698093729001e-08
G3PAT141_REV_CPLX_G3PAT120-0,0.0,-2.5911156598880933e-07
G3PAT141_FWD_CPLX_G3PAT120-0,0.0,-9.142856513449239e-35
G3PAT160_REV_CPLX_G3PAT120-0,0.0,0.042627645606467056
G3PAT160_FWD_CPLX_G3PAT120-0,0.0,-0.0426279102555485
G3PAT161_REV_CPLX_G3PAT120-0,0.0,-2.5911156598880933e-07
G3PAT161_FWD_CPLX_G3PAT120-0,0.0,-9.142856513449239e-35
G3PAT180_REV_CPLX_G3PAT120-0,0.0,-2.6464934374949994e-07
G3PAT180_FWD_CPLX_G3PAT120-0,0.0,-3.752867222921883e-35
G3PAT181_REV_CPLX_G3PAT120-0,0.0,-2.5911156598880933e-07
G3PAT181_FWD_CPLX_G3PAT120-0,0.0,-9.142856513449239e-35
G3PATAI15_REV_CPLX_G3PAT120-0,0.0,-4.5211899875530777e-07
G3PATAI15_FWD_CPLX_G3PAT120-0,6.139120006556265e-36,-2.5097695864804524e-35
G3PATAI17_REV_CPLX_G3PAT120-0,0.0,-4.5211899875530777e-07
G3PATAI17_FWD_CPLX_G3PAT120-0,0.0032365644178027394,-5.119086592749208e-36
G3PATI14_REV_CPLX_G3PAT120-0,0.0,-4.5211899875530777e-07
G3PATI14_FWD_CPLX_G3PAT120-0,0.0,7.115703268221452e-36
G3PATI15_REV_CPLX_G3PAT120-0,0.0,-4.5211899875530777e-07
G3PATI15_FWD_CPLX_G3PAT120-0,0.0,7.115703268221452e-36
G3PATI16_REV_CPLX_G3PAT120-0,0.0,-4.5211899875530777e-07
G3PATI16_FWD_CPLX_G3PAT120-0,0.0,7.115703268221452e-36
G3PATI17_REV_CPLX_G3PAT120-0,0.0,-4.5211899875530777e-07
G3PATI17_FWD_CPLX_G3PAT120-0,0.0032365644178027394,-3.3649622576140164e-35
G3PD1_REV_g.2656.peg.1617-MONOMER,0.0,-2.2181408186116287e-07
G3PD1_FWD_g.2656.peg.1617-MONOMER,0.0,-5.647627070828406e-07
G3PD2_REV_g.2656.peg.1617-MONOMER,0.016991963193464382,1.6408449813527973e-34
G3PD2_FWD_g.2656.peg.1617-MONOMER,0.0,-7.865767889440034e-07
G5SADs_REV_CPLX_dummy,0.0,-6.494868459312484e-07
G5SADs_FWD_CPLX_dummy,0.0,-5.8244986563119216e-37
G5SDr_REV_629741.3.peg.1317-MONOMER,0.0,-2.1614281069197366e-35
G5SDr_FWD_629741.3.peg.1317-MONOMER,0.0,-1.070947169881145e-06
G6PBDH_REV_629741.3.peg.2912-MONOMER,0.0,3.4907654589993196e-35
G6PBDH_FWD_629741.3.peg.2912-MONOMER,0.0,-3.396370283836404e-07
G6PDH2r_REV_629741.3.peg.2912-MONOMER,0.0,-5.7249822222346284e-08
G6PDH2r_FWD_629741.3.peg.2912-MONOMER,0.0,-2.823872061612941e-07
G6PI_REV_g.2656.peg.999-MONOMER,0.0,-3.598273559558067e-07
G6PI_FWD_g.2656.peg.999-MONOMER,0.0,-2.4532771151111413e-07
G6PI3_REV_g.2656.peg.999-MONOMER,0.0,-6.051550674669209e-07
G6PI3_FWD_g.2656.peg.999-MONOMER,0.0,-1.602942211888104e-36
GALCTD_REV_g.2656.peg.303-MONOMER_mod_nad(1),0.0,-8.559306973623395e-07
GALCTD_FWD_g.2656.peg.303-MONOMER_mod_nad(1),0.0,0.0
GALK_REV_g.2656.peg.2550-MONOMER_mod_mg2(1),0.0,-9.21197528484576e-07
GALK_FWD_g.2656.peg.2550-MONOMER_mod_mg2(1),0.14898579,-5.0313250912096594e-36
GALM1r_REV_g.2656.peg.1018-MONOMER,0.0,-5.982857947652251e-07
GALM1r_FWD_g.2656.peg.1018-MONOMER,0.0,7.476382280209078e-37
GALT_REV_g.2656.peg.2295-MONOMER_mod_fe2(1)_mod_zn2(1),0.0,-6.430891838429379e-07
GALT_FWD_g.2656.peg.2295-MONOMER_mod_fe2(1)_mod_zn2(1),0.14898579,-1.0077741381556424e-35
GALT1_REV_CPLX_dummy,0.0,-6.494868459312484e-07
GALT1_FWD_CPLX_dummy,0.0019005849139196167,6.938961124772536e-35
GALTpts_REV_g.2656.peg.1698-MONOMER,0.0,-6.516051327405461e-07
GALTpts_FWD_g.2656.peg.1698-MONOMER,0.0,-1.3316266447767538e-36
GALU_REV_g.2656.peg.2017-MONOMER,0.14138345034432154,-6.518070349710132e-35
GALU_FWD_g.2656.peg.2017-MONOMER,0.0,-5.585020639168457e-07
GALabc_REV_CPLX_GALabc-1,0.0,0.008525009681453418
GALabc_FWD_CPLX_GALabc-1,0.0,-0.0085248016418303
GALabc_REV_CPLX_GALabc-0,0.0,0.00852506993079962
GALabc_FWD_CPLX_GALabc-0,0.0,-0.008524741392484096
GALt2_2_REV_g.2656.peg.678-MONOMER,0.0,-5.598341618907512e-07
GALt2_2_FWD_g.2656.peg.678-MONOMER,0.14898579,2.8761354634168558e-36
GAMpts_REV_g.2656.peg.1698-MONOMER,0.0,-6.516051327405461e-07
GAMpts_FWD_g.2656.peg.1698-MONOMER,0.0038011698278392334,-3.9387871559974195e-36
GAPD_REV_629741.3.peg.2684-MONOMER,0.0,-1.12628270972583e-06
GAPD_FWD_629741.3.peg.2684-MONOMER,-2.6074310761989704e-32,8.280095563596841e-36
GARFTi_REV_629741.3.peg.1781-MONOMER,0.0,5.443245060190563e-08
GARFTi_FWD_629741.3.peg.1781-MONOMER,0.0,1.6546257034506807e-36
GCALDL_REV_g.2656.peg.3070-MONOMER,0.0,5.581614589362239e-07
GCALDL_FWD_g.2656.peg.3070-MONOMER,0.0,-2.2493776151947567e-36
GCCb_REV_g.2656.peg.412-MONOMER,0.0,-5.969714240398678e-07
GCCb_FWD_g.2656.peg.412-MONOMER,0.0,3.4366389477206892e-37
GCCc_REV_g.2656.peg.2341-MONOMER,0.0,-7.204264501221698e-07
GCCc_FWD_g.2656.peg.2341-MONOMER,0.0,2.620155883985361e-36
GF6PTA_REV_629741.3.peg.2170-MONOMER,0.0,0.02130696031018143
GF6PTA_FWD_629741.3.peg.2170-MONOMER,0.0,-0.021306925716246115
GGGABADr_REV_g.2656.peg.174-MONOMER,0.0,2.811336728145533e-36
GGGABADr_FWD_g.2656.peg.174-MONOMER,0.0,-7.577270607738465e-07
GGGABARr_REV_g.2656.peg.174-MONOMER,0.0,-2.2181408186116287e-07
GGGABARr_FWD_g.2656.peg.174-MONOMER,0.0,-5.359129789126837e-07
GGT_REV_g.2656.peg.2250-MONOMER,0.0,-1.0893529014016816e-07
GGT_FWD_g.2656.peg.2250-MONOMER,0.0,-5.483502427946819e-07
GGT_REV_g.2656.peg.1529-MONOMER,0.0,-3.4996876053967565e-35
GGT_FWD_g.2656.peg.1529-MONOMER,0.0,-4.3941495265451375e-07
GGTT_REV_g.2656.peg.1858-MONOMER_mod_mg2(1),0.0,-7.813927639833753e-07
GGTT_FWD_g.2656.peg.1858-MONOMER_mod_mg2(1),8.946060061059245e-37,5.672249772332589e-36
GHMT2r_REV_629741.3.peg.898-MONOMER,0.0,-8.576664340441175e-07
GHMT2r_FWD_629741.3.peg.898-MONOMER,0.014207824636753677,-2.5846163086351876e-36
GK1_REV_g.2656.peg.172-MONOMER_mod_mg2(1),0.0,-5.383635175767126e-07
GK1_FWD_g.2656.peg.172-MONOMER_mod_mg2(1),0.020188303335561285,3.419220914846127e-35
GK2_REV_g.2656.peg.172-MONOMER_mod_mg2(1),0.0,-2.1362009461108832e-07
GK2_FWD_g.2656.peg.172-MONOMER_mod_mg2(1),0.0,-3.247434229656242e-07
GLCTR1_REV_CPLX_dummy,0.0,-6.494868459312484e-07
GLCTR1_FWD_CPLX_dummy,0.0019005849139196167,-1.0127851711692987e-35
GLCTR2_REV_CPLX_dummy,0.0,-6.494868459312484e-07
GLCTR2_FWD_CPLX_dummy,0.0019005849139196167,6.938961124772536e-35
GLCTR3_REV_CPLX_dummy,0.0,-6.494868459312484e-07
GLCTR3_FWD_CPLX_dummy,0.0019005849139196167,6.938961124772536e-35
GLCabc_REV_CPLX_dummy,0.0,0.017049324385551075
GLCabc_FWD_CPLX_dummy,0.0,-0.01704997387239701
GLCpts_REV_g.2656.peg.1698-MONOMER,0.0,-6.516051327405461e-07
GLCpts_FWD_g.2656.peg.1698-MONOMER,0.14898579,3.433669599116989e-36
GLCt2_REV_g.2656.peg.678-MONOMER,0.0,0.004261753215520374
GLCt2_FWD_g.2656.peg.678-MONOMER,0.0,-0.004262313049682265
GLNS_REV_629741.3.peg.2085-MONOMER_mod_mn2(1),0.0,0.01704896549264516
GLNS_FWD_629741.3.peg.2085-MONOMER_mod_mn2(1),0.0,-0.017050623456777717
GLNSP1_REV_g.2656.peg.1502-MONOMER,0.0,3.193237793563638e-08
GLNSP1_FWD_g.2656.peg.1502-MONOMER,0.0,-6.228549071509025e-36
GLNSP2_REV_g.2656.peg.1502-MONOMER,0.0,3.193237793563638e-08
GLNSP2_FWD_g.2656.peg.1502-MONOMER,0.0,-5.161313261141826e-35
GLNSP3_REV_g.2656.peg.1502-MONOMER,0.0,3.193237793563638e-08
GLNSP3_FWD_g.2656.peg.1502-MONOMER,0.0,-5.161313261141826e-35
GLNabc_REV_g.2656.peg.1782-MONOMER,0.0,0.012786926733629423
GLNabc_FWD_g.2656.peg.1782-MONOMER,0.0,-0.01278765577227009
GLNt2r_REV_CPLX_dummy,0.0,-6.494868459312484e-07
GLNt2r_FWD_CPLX_dummy,0.02734557228546036,4.486262545132132e-37
GLU5K_REV_629741.3.peg.1243-MONOMER_mod_mg2(1),0.0,0.008532558841146816
GLU5K_FWD_629741.3.peg.1243-MONOMER_mod_mg2(1),0.0,-0.008532782230733508
GLUDy_REV_629741.3.peg.781-MONOMER,0.0,-5.744790728346965e-07
GLUDy_FWD_629741.3.peg.781-MONOMER,0.5198037602707247,-6.391757820871907e-35
GLUFORT_REV_g.2656.peg.565-MONOMER_mod_mg2(1)_mod_k(1),0.0,-3.62852210127774e-07
GLUFORT_FWD_g.2656.peg.565-MONOMER_mod_mg2(1)_mod_k(1),0.0,-1.2383928249180426e-36
GLUPRT_REV_629741.3.peg.607-MONOMER,0.0,0.1266139074187961
GLUPRT_FWD_629741.3.peg.607-MONOMER,0.0,-0.126614870891853
GLUR_REV_629741.3.peg.1751-MONOMER,0.0,-1.1617008982739366e-07
GLUR_FWD_629741.3.peg.1751-MONOMER,0.0,-2.0801279337355077e-36
GLUTRR_REV_g.2656.peg.1439-MONOMER,0.0,0.017056437138738754
GLUTRR_FWD_g.2656.peg.1439-MONOMER,0.0,-0.017056271693670973
GLUTRS_REV_g.2656.peg.2101-MONOMER_mod_mg2(1)_mod_zn2(1),0.0,-6.24889919329873e-07
GLUTRS_FWD_g.2656.peg.2101-MONOMER_mod_mg2(1)_mod_zn2(1),0.0,-1.44604706064397e-36
GLUt4r_REV_g.2656.peg.1184-MONOMER,0.0,-5.987030113456717e-07
GLUt4r_FWD_g.2656.peg.1184-MONOMER,0.027862956788352117,-2.7102594416263157e-37
GLXO1_REV_g.2656.peg.2035-MONOMER_mod_mg2(1),0.0,0.006389171080082741
GLXO1_FWD_g.2656.peg.2035-MONOMER_mod_mg2(1),0.0,-0.006389939928076131
GLYASN1c_REV_g.2656.peg.1204-MONOMER_mod_zn2(1),0.0,-7.66576495252003e-07
GLYASN1c_FWD_g.2656.peg.1204-MONOMER_mod_zn2(1),0.0,-1.6573100168237275e-07
GLYASN1c_REV_g.2656.peg.2592-MONOMER,0.0,-9.3757361308639e-07
GLYASN1c_FWD_g.2656.peg.2592-MONOMER,0.0,-3.3672811951675974e-07
GLYASN1c_REV_g.2656.peg.1387-MONOMER_mod_fe2(2),0.0,-6.008454935696302e-07
GLYASN1c_FWD_g.2656.peg.1387-MONOMER_mod_fe2(2),0.0,-6.659064432336262e-36
GLYASP1c_REV_g.2656.peg.1204-MONOMER_mod_zn2(1),0.0,-7.66576495252003e-07
GLYASP1c_FWD_g.2656.peg.1204-MONOMER_mod_zn2(1),0.0,-1.6573100168237275e-07
GLYASP1c_REV_g.2656.peg.2592-MONOMER,0.0,-9.3757361308639e-07
GLYASP1c_FWD_g.2656.peg.2592-MONOMER,0.0,-3.3672811951675974e-07
GLYASP1c_REV_g.2656.peg.1387-MONOMER_mod_fe2(2),0.0,-6.008454935696302e-07
GLYASP1c_FWD_g.2656.peg.1387-MONOMER_mod_fe2(2),0.0,-1.1985666077646317e-36
GLYCL_REV_g.2656.peg.412-MONOMER,0.0,0.002127161722232726
GLYCL_FWD_g.2656.peg.412-MONOMER,0.0,-0.002127758693656766
GLYCt_REV_CPLX_dummy,1.108500477781705,5.011248662698137e-41
GLYCt_FWD_CPLX_dummy,0.0,-6.494868459312484e-07
GLYGLN1c_REV_g.2656.peg.1204-MONOMER_mod_zn2(1),0.0,-1.6573100168237275e-07
GLYGLN1c_FWD_g.2656.peg.1204-MONOMER_mod_zn2(1),0.0,-7.66576495252003e-07
GLYGLN1c_REV_g.2656.peg.2592-MONOMER,0.0,-3.3672811951675974e-07
GLYGLN1c_FWD_g.2656.peg.2592-MONOMER,0.0,-9.3757361308639e-07
GLYGLN1c_REV_g.2656.peg.1387-MONOMER_mod_fe2(2),0.0,-8.465371383308069e-38
GLYGLN1c_FWD_g.2656.peg.1387-MONOMER_mod_fe2(2),0.0,-6.008454935696302e-07
GLYGLU1c_REV_g.2656.peg.1204-MONOMER_mod_zn2(1),0.0,-7.66576495252003e-07
GLYGLU1c_FWD_g.2656.peg.1204-MONOMER_mod_zn2(1),0.0,-1.6573100168237275e-07
GLYGLU1c_REV_g.2656.peg.2592-MONOMER,0.0,-9.3757361308639e-07
GLYGLU1c_FWD_g.2656.peg.2592-MONOMER,0.0,-3.3672811951675974e-07
GLYGLU1c_REV_g.2656.peg.1387-MONOMER_mod_fe2(2),0.0,-6.008454935696302e-07
GLYGLU1c_FWD_g.2656.peg.1387-MONOMER_mod_fe2(2),0.0,1.6655784837827588e-37
GLYLEUHYDROc_REV_g.2656.peg.1204-MONOMER_mod_zn2(1),0.0,-7.66576495252003e-07
GLYLEUHYDROc_FWD_g.2656.peg.1204-MONOMER_mod_zn2(1),0.0,-1.6573100168237275e-07
GLYLEUHYDROc_REV_g.2656.peg.2592-MONOMER,0.0,-9.3757361308639e-07
GLYLEUHYDROc_FWD_g.2656.peg.2592-MONOMER,0.0,-3.3672811951675974e-07
GLYLEUHYDROc_REV_g.2656.peg.1387-MONOMER_mod_fe2(2),0.0,-6.008454935696302e-07
GLYLEUHYDROc_FWD_g.2656.peg.1387-MONOMER_mod_fe2(2),0.0,4.0952067272597597e-38
GLYMET1c_REV_g.2656.peg.1204-MONOMER_mod_zn2(1),0.0,-7.66576495252003e-07
GLYMET1c_FWD_g.2656.peg.1204-MONOMER_mod_zn2(1),0.0,-1.6573100168237275e-07
GLYMET1c_REV_g.2656.peg.2592-MONOMER,0.0,-9.3757361308639e-07
GLYMET1c_FWD_g.2656.peg.2592-MONOMER,0.0,-3.3672811951675974e-07
GLYMET1c_REV_g.2656.peg.1387-MONOMER_mod_fe2(2),0.0,-6.008454935696302e-07
GLYMET1c_FWD_g.2656.peg.1387-MONOMER_mod_fe2(2),0.0,-1.4581434040027009e-36
GLYOX_REV_g.2656.peg.1755-MONOMER_mod_zn2(1),0.0,-9.7179379112534e-07
GLYOX_FWD_g.2656.peg.1755-MONOMER_mod_zn2(1),3.4945260389644375e-36,3.885789435773807e-36
GLYPHEHYc_REV_g.2656.peg.1204-MONOMER_mod_zn2(1),0.0,-7.66576495252003e-07
GLYPHEHYc_FWD_g.2656.peg.1204-MONOMER_mod_zn2(1),0.0,-1.6573100168237275e-07
GLYPHEHYc_REV_g.2656.peg.2592-MONOMER,0.0,-9.3757361308639e-07
GLYPHEHYc_FWD_g.2656.peg.2592-MONOMER,0.0,-3.3672811951675974e-07
GLYPHEHYc_REV_g.2656.peg.1387-MONOMER_mod_fe2(2),0.0,-6.008454935696302e-07
GLYPHEHYc_FWD_g.2656.peg.1387-MONOMER_mod_fe2(2),0.0,-6.416101607988562e-37
GLYPROPRO1c_REV_g.2656.peg.1204-MONOMER_mod_zn2(1),0.0,-7.66576495252003e-07
GLYPROPRO1c_FWD_g.2656.peg.1204-MONOMER_mod_zn2(1),0.0,-1.6573100168237275e-07
GLYPROPRO1c_REV_g.2656.peg.2592-MONOMER,0.0,-9.3757361308639e-07
GLYPROPRO1c_FWD_g.2656.peg.2592-MONOMER,0.0,-3.3672811951675974e-07
GLYPROPRO1c_REV_g.2656.peg.1387-MONOMER_mod_fe2(2),0.0,-6.008454935696302e-07
GLYPROPRO1c_FWD_g.2656.peg.1387-MONOMER_mod_fe2(2),-1.6751917010766694e-30,-1.32417238887031e-36
GLYTYR1c_REV_g.2656.peg.1204-MONOMER_mod_zn2(1),0.0,-7.66576495252003e-07
GLYTYR1c_FWD_g.2656.peg.1204-MONOMER_mod_zn2(1),0.0,-1.6573100168237275e-07
GLYTYR1c_REV_g.2656.peg.2592-MONOMER,0.0,-9.3757361308639e-07
GLYTYR1c_FWD_g.2656.peg.2592-MONOMER,0.0,-3.3672811951675974e-07
GLYTYR1c_REV_g.2656.peg.1387-MONOMER_mod_fe2(2),0.0,-6.008454935696302e-07
GLYTYR1c_FWD_g.2656.peg.1387-MONOMER_mod_fe2(2),0.0,-9.514919125727756e-36
GLYt2r_REV_g.2656.peg.344-MONOMER,0.0,-2.289357726394033e-07
GLYt2r_FWD_g.2656.peg.344-MONOMER,0.04184645236407369,-5.2472361463594245e-37
GLYt4r_REV_g.2656.peg.2093-MONOMER,0.027862956788352117,-1.8122060940050762e-35
GLYt4r_FWD_g.2656.peg.2093-MONOMER,0.0,-6.169431314022589e-07
GMHEPAT_REV_CPLX_dummy,0.0,-6.494868459312484e-07
GMHEPAT_FWD_CPLX_dummy,0.007602339655678467,-3.722819843825955e-35
GMHEPK_REV_CPLX_dummy,0.0,-6.494868459312484e-07
GMHEPK_FWD_CPLX_dummy,0.007602339655678467,1.4721355463125247e-35
GMHEPPA_REV_g.2656.peg.1865-MONOMER,0.0,-4.03849819315186e-07
GMHEPPA_FWD_g.2656.peg.1865-MONOMER,0.007602339655678467,-2.722997089317612e-36
GMPS2_REV_629741.3.peg.528-MONOMER,0.0,0.044753202877548366
GMPS2_FWD_629741.3.peg.528-MONOMER,0.0,-0.04475386925242916
GND_REV_629741.3.peg.2688-MONOMER,0.0,1.3039012910082226e-07
GND_FWD_629741.3.peg.2688-MONOMER,4.107516607221461e-23,-9.49057979254652e-36
GND2_REV_g.2656.peg.1103-MONOMER,0.0,-4.94391155379294e-07
GND2_FWD_g.2656.peg.1103-MONOMER,0.0,-1.811531207577905e-07
GNK_REV_g.2656.peg.40-MONOMER_mod_mg2(1),0.0,-3.109692153290279e-08
GNK_FWD_g.2656.peg.40-MONOMER_mod_mg2(1),7.032925851491205e-35,-3.204960638489422e-36
GRTT_REV_CPLX_DMATT-0,0.0,-9.079228233506345e-07
GRTT_FWD_CPLX_DMATT-0,0.0,-1.4849573590399196e-08
GRTT_REV_g.2656.peg.1517-MONOMER_mod_mg2(1),0.0,-9.008665277525449e-07
GRTT_FWD_g.2656.peg.1517-MONOMER_mod_mg2(1),0.0,-7.79327799230955e-09
GRTT_REV_g.2656.peg.1517-MONOMER_mod_mn2(1),0.0,-8.930732497602353e-07
GRTT_FWD_g.2656.peg.1517-MONOMER_mod_mn2(1),0.0019005849139196167,-1.1883451501584854e-35
GSNK_REV_CPLX_dummy,0.0,-6.494868459312484e-07
GSNK_FWD_CPLX_dummy,0.007827805156863077,-3.087243012161154e-36
GSNt2_REV_CPLX_dummy,0.0,0.0008730587304079881
GSNt2_FWD_CPLX_dummy,0.0,-0.0008737082172539193
GTHOXti3_REV_CPLX_dummy,0.0,-6.494868459312484e-07
GTHOXti3_FWD_CPLX_dummy,0.00011765145707792758,5.011248662698137e-41
GTHS_REV_g.2656.peg.19-MONOMER_mod_mg2(1),0.0,-9.642443513286001e-07
GTHS_FWD_g.2656.peg.19-MONOMER_mod_mg2(1),0.0,1.26445374811946e-36
GTPCI_REV_629741.3.peg.2375-MONOMER,0.0,3.863595710983473e-07
GTPCI_FWD_629741.3.peg.2375-MONOMER,0.0,-1.287865236994491e-07
GTPCII_REV_g.2656.peg.1334-MONOMER,0.0,-5.332691424871286e-07
GTPCII_FWD_g.2656.peg.1334-MONOMER,0.000470609278107817,1.0162698175444468e-35
GTPCII_REV_g.2656.peg.1893-MONOMER_mod_mg2(1),0.0,-7.118603183967721e-07
GTPCII_FWD_g.2656.peg.1893-MONOMER_mod_mg2(1),0.0,-1.785911759096436e-07
GTPCII2_REV_629741.3.peg.203-MONOMER,0.0,-7.481051990929197e-07
GTPCII2_FWD_629741.3.peg.203-MONOMER,2.7398248389095194e-23,-2.6298267260930877e-35
GTPCII2_REV_629741.3.peg.2489-MONOMER_mod_mg2(1),0.0,-7.546944245710893e-07
GTPCII2_FWD_629741.3.peg.2489-MONOMER_mod_mg2(1),0.0,-6.589225478169499e-09
GTPDPK_REV_g.2656.peg.578-MONOMER_mod_mn2(1),0.0,-7.209931025697051e-07
GTPDPK_FWD_g.2656.peg.578-MONOMER_mod_mn2(1),0.0,-2.626093046991992e-07
GTPDPK_REV_g.2656.peg.1958-MONOMER,0.0,-4.5838379787050583e-07
GTPDPK_FWD_g.2656.peg.1958-MONOMER,0.0,-4.576585314886572e-35
H2CO3D_REV_g.2656.peg.2208-MONOMER,0.0,-5.011742989888058e-07
H2CO3D_FWD_g.2656.peg.2208-MONOMER,2.1453857802083057e-35,-7.077856811481552e-37
H2Ot_REV_CPLX_dummy,0.0,-6.494868459312484e-07
H2Ot_FWD_CPLX_dummy,1.5321005833848467,-5.580625329416424e-41
H2St_REV_CPLX_dummy,0.0,-6.494868459312484e-07
H2St_FWD_CPLX_dummy,0.003825824833287194,5.011248662698137e-41
HBZOPT_REV_CPLX_dummy,0.0,-6.494868459312484e-07
HBZOPT_FWD_CPLX_dummy,0.0,-8.286938117082086e-35
HDCAt2_REV_g.2656.peg.889-MONOMER,0.0,-1.5052859812921456e-06
HDCAt2_FWD_g.2656.peg.889-MONOMER,0.0,-2.1369342114802215e-35
HDG3PACT_REV_CPLX_G3PAT120-0,0.0,-4.5211899875530777e-07
HDG3PACT_FWD_CPLX_G3PAT120-0,0.0,1.5259867681101475e-35
HEMEti_REV_CPLX_dummy,0.0,-6.494868459312484e-07
HEMEti_FWD_CPLX_dummy,0.00023530291415585516,1.0206897992384211e-36
HEPK1_REV_CPLX_dummy,0.0,-6.494868459312484e-07
HEPK1_FWD_CPLX_dummy,0.0019005849139196167,-6.313949368463856e-35
HEPK2_REV_CPLX_dummy,0.0,-6.494868459312484e-07
HEPK2_FWD_CPLX_dummy,0.0019005849139196167,9.589543223419814e-35
HEPT1_REV_g.2656.peg.1396-MONOMER,0.0,-7.347393579636799e-07
HEPT1_FWD_g.2656.peg.1396-MONOMER,0.0019005849139196167,-9.374161110006376e-37
HEPT2_REV_g.2656.peg.2312-MONOMER,0.0,-5.209874646320947e-07
HEPT2_FWD_g.2656.peg.2312-MONOMER,0.0019005849139196167,2.3462012799014915e-35
HEPT3_REV_CPLX_dummy,0.0,-6.494868459312484e-07
HEPT3_FWD_CPLX_dummy,0.0019005849139196167,4.288379026125258e-35
HEPT4_REV_CPLX_dummy,0.0,-6.494868459312484e-07
HEPT4_FWD_CPLX_dummy,0.0019005849139196167,-4.4916741756438515e-35
HETT_REV_g.2656.peg.1858-MONOMER_mod_mg2(1),0.0,-7.813927639833753e-07
HETT_FWD_g.2656.peg.1858-MONOMER_mod_mg2(1),0.0004706058283117103,-2.8404754553314697e-37
HEX1_REV_629741.3.peg.2744-MONOMER,0.0,6.306832528317931e-07
HEX1_FWD_629741.3.peg.2744-MONOMER,0.0,-7.099194712218825e-07
HEX7_REV_g.2656.peg.217-MONOMER,0.0,1.579294467514129e-08
HEX7_FWD_g.2656.peg.217-MONOMER,0.0,2.8250955394751102e-36
HEXTT_REV_g.2656.peg.1858-MONOMER_mod_mg2(1),0.0,-7.813927639833753e-07
HEXTT_FWD_g.2656.peg.1858-MONOMER_mod_mg2(1),8.946060061059245e-37,-7.114111733410718e-36
HEXb_REV_g.2656.peg.1301-MONOMER,0.0,2.7429053322683424e-07
HEXb_FWD_g.2656.peg.1301-MONOMER,0.0,-3.535267516169236e-07
HG2abc_REV_g.2656.peg.2838-MONOMER,0.0,-6.863134580976649e-07
HG2abc_FWD_g.2656.peg.2838-MONOMER,0.0,-8.717593945983007e-36
HISDC_REV_g.2656.peg.2937-MONOMER_mod_mg2(1),0.0,-1.023756518954565e-06
HISDC_FWD_g.2656.peg.2937-MONOMER_mod_mg2(1),0.0,5.176562262431189e-37
HISTAt2_REV_CPLX_dummy,0.0,-6.494868459312484e-07
HISTAt2_FWD_CPLX_dummy,0.0,-3.501396465074791e-36
HISTD_REV_629741.3.peg.1657-MONOMER,0.0,1.0576148236570943e-08
HISTD_FWD_629741.3.peg.1657-MONOMER,0.007827805156863077,1.516535413272598e-36
HISTD_REV_629741.3.peg.2362-MONOMER_mod_mn2(1),0.0,-4.838166305147109e-07
HISTD_FWD_629741.3.peg.2362-MONOMER_mod_mn2(1),0.0,-4.943927787512818e-07
HISTDOX_REV_g.2656.peg.1222-MONOMER,0.0,3.4288830644553947e-35
HISTDOX_FWD_g.2656.peg.1222-MONOMER,0.0,-1.984828714591329e-08
HISTLOX_REV_g.2656.peg.1222-MONOMER,0.0,-1.4560213027627817e-08
HISTLOX_FWD_g.2656.peg.1222-MONOMER,0.0,-5.288074118285471e-09
HISTP_REV_629741.3.peg.2051-MONOMER_mod_mg2(1),0.0,-4.0571098491000886e-07
HISTP_FWD_629741.3.peg.2051-MONOMER_mod_mg2(1),0.007827805156863077,9.617702249806115e-36
HMBS_REV_g.2656.peg.996-MONOMER_mod_dpm(1),0.0,-5.0754037631141455e-08
HMBS_FWD_g.2656.peg.996-MONOMER_mod_dpm(1),0.0,2.500973313456204e-41
HPPK_REV_g.2656.peg.369-MONOMER,0.0,0.017050917733391163
HPPK_FWD_g.2656.peg.369-MONOMER,0.0,-0.017051312917344876
HPPK2_REV_629741.3.peg.1538-MONOMER_mod_mg2(1),0.0,0.01705058198671754
HPPK2_FWD_629741.3.peg.1538-MONOMER_mod_mg2(1),0.0,-0.01705102637803601
HSDx_REV_629741.3.peg.810-MONOMER,0.0,-2.2181408186116287e-07
HSDx_FWD_629741.3.peg.810-MONOMER,0.0,-5.932931426316021e-07
HSDy_REV_629741.3.peg.810-MONOMER,0.01700773427446038,5.283725964772901e-34
HSDy_FWD_629741.3.peg.810-MONOMER,0.0,-8.151072244927649e-07
HSERTA_REV_629741.3.peg.2117-MONOMER,0.000280359826486569,1.6337292460792168e-35
HSERTA_FWD_629741.3.peg.2117-MONOMER,0.0,-1.158184165671539e-06
HSK_REV_629741.3.peg.1032-MONOMER,0.0,-8.069773428137057e-07
HSK_FWD_629741.3.peg.1032-MONOMER,0.01728809410094695,2.0650912412775615e-35
HSTPTr_REV_629741.3.peg.1034-MONOMER_mod_pydx5p(1),0.007827805156863077,-1.6828279506349314e-36
HSTPTr_FWD_629741.3.peg.1034-MONOMER_mod_pydx5p(1),0.0,-6.250890572433851e-07
HXPRT_REV_CPLX_dummy,0.0,0.007262658606788229
HXPRT_FWD_CPLX_dummy,0.0,-0.00726330809363416
HYPSUCORNS_REV_CPLX_dummy,0.0,-6.494868459312484e-07
HYPSUCORNS_FWD_CPLX_dummy,0.0,3.318797883403947e-37
HYXNti_REV_g.2656.peg.1053-MONOMER,0.0,-5.550475666525861e-07
HYXNti_FWD_g.2656.peg.1053-MONOMER,0.9919368660066755,0.0
IAHDGK_REV_g.2656.peg.2704-MONOMER_mod_cd2(1)_mod_zn2(1)_mod_mg2(1)_mod_mn2(1)_mod_cobalt2(1),0.0,-1.2227593818499175e-07
IAHDGK_FWD_g.2656.peg.2704-MONOMER_mod_cd2(1)_mod_zn2(1)_mod_mg2(1)_mod_mn2(1)_mod_cobalt2(1),0.0,-3.170969694997961e-35
IAPDGK_REV_g.2656.peg.2704-MONOMER_mod_cd2(1)_mod_zn2(1)_mod_mg2(1)_mod_mn2(1)_mod_cobalt2(1),0.0,-1.2227593818499175e-07
IAPDGK_FWD_g.2656.peg.2704-MONOMER_mod_cd2(1)_mod_zn2(1)_mod_mg2(1)_mod_mn2(1)_mod_cobalt2(1),0.0,-3.170969694997961e-35
IBCOATA_REV_g.2656.peg.446-MONOMER,0.0,2.0938757072672173e-36
IBCOATA_FWD_g.2656.peg.446-MONOMER,0.0,-4.0637529110115467e-07
ICHORT_REV_g.2656.peg.964-MONOMER,0.0,-1.6916222285764984e-07
ICHORT_FWD_g.2656.peg.964-MONOMER,0.0,3.038831842984239e-36
IG3PS_REV_629741.3.peg.1141-MONOMER,0.0,-4.761388122888999e-07
IG3PS_FWD_629741.3.peg.1141-MONOMER,0.007827805156863077,-5.065310894740213e-35
IGPDH_REV_629741.3.peg.1036-MONOMER_mod_mg2(1),0.0,-1.0081757209126248e-06
IGPDH_FWD_629741.3.peg.1036-MONOMER_mod_mg2(1),0.0,-6.04094870253165e-09
IGPDH_REV_629741.3.peg.1036-MONOMER_mod_mn2(1),0.0,-1.002134772210093e-06
IGPDH_FWD_629741.3.peg.1036-MONOMER_mod_mn2(1),0.007827805156863077,5.1471697017256915e-36
IGPS_REV_629741.3.peg.1822-MONOMER,0.0,-3.485367055008789e-07
IGPS_FWD_629741.3.peg.1822-MONOMER,0.0,-7.04329306770813e-36
IHDCOATA_REV_g.2656.peg.446-MONOMER,0.0,-2.541334317364608e-35
IHDCOATA_FWD_g.2656.peg.446-MONOMER,0.0,-4.0637529110115467e-07
IHDGK_REV_g.2656.peg.2704-MONOMER_mod_cd2(1)_mod_zn2(1)_mod_mg2(1)_mod_mn2(1)_mod_cobalt2(1),0.0,-1.2227593818499175e-07
IHDGK_FWD_g.2656.peg.2704-MONOMER_mod_cd2(1)_mod_zn2(1)_mod_mg2(1)_mod_mn2(1)_mod_cobalt2(1),0.0,-3.170969694997961e-35
IHPDCOATA_REV_g.2656.peg.446-MONOMER,0.0,-4.0637529110115467e-07
IHPDCOATA_FWD_g.2656.peg.446-MONOMER,0.006473128835605479,4.620058362874876e-35
IHXDGK_REV_g.2656.peg.2704-MONOMER_mod_cd2(1)_mod_zn2(1)_mod_mg2(1)_mod_mn2(1)_mod_cobalt2(1),0.0,-1.2227593818499175e-07
IHXDGK_FWD_g.2656.peg.2704-MONOMER_mod_cd2(1)_mod_zn2(1)_mod_mg2(1)_mod_mn2(1)_mod_cobalt2(1),0.0,-5.2290457375237114e-36
ILETA_REV_629741.3.peg.2363-MONOMER_mod_pydx5p(6),0.0,-9.591473410250503e-07
ILETA_FWD_629741.3.peg.2363-MONOMER_mod_pydx5p(6),0.006473128835605479,6.671835393865712e-37
ILETA_REV_629741.3.peg.2363-MONOMER_mod_pydx5p(1),0.0,-9.906459391795864e-07
ILETA_FWD_629741.3.peg.2363-MONOMER_mod_pydx5p(1),0.0,-3.1498598154536185e-08
ILEt2r_REV_g.2656.peg.667-MONOMER,0.0,-1.8664352641064834e-07
ILEt2r_FWD_g.2656.peg.667-MONOMER,0.0,-1.8664352641064834e-07
ILEt2r_REV_g.2656.peg.828-MONOMER,0.0,-6.743818626839039e-41
ILEt2r_FWD_g.2656.peg.828-MONOMER,0.028948778152575058,-6.743818626839039e-41
IMACTD_REV_g.2656.peg.2035-MONOMER_mod_mg2(1),0.0,0.006389171080082741
IMACTD_FWD_g.2656.peg.2035-MONOMER_mod_mg2(1),0.0,-0.006389939928076131
IMPC_REV_629741.3.peg.1645-MONOMER,0.007827805156863077,-1.7147879075399395e-36
IMPC_FWD_629741.3.peg.1645-MONOMER,0.0,-7.331140355536243e-07
IMPD_REV_629741.3.peg.28-MONOMER,0.0,-8.02739921934302e-07
IMPD_FWD_629741.3.peg.28-MONOMER,0.007827805156863077,1.1419790863842158e-34
INSt2_REV_g.2656.peg.2882-MONOMER,0.9919368660066755,-4.711457355490792e-37
INSt2_FWD_g.2656.peg.2882-MONOMER,0.0,-2.8493152902229707e-07
IPDCOATA_REV_g.2656.peg.446-MONOMER,0.0,-4.0637529110115467e-07
IPDCOATA_FWD_g.2656.peg.446-MONOMER,0.0,-4.201283221421432e-35
IPDGK_REV_g.2656.peg.2704-MONOMER_mod_cd2(1)_mod_zn2(1)_mod_mg2(1)_mod_mn2(1)_mod_cobalt2(1),0.0,-1.2227593818499175e-07
IPDGK_FWD_g.2656.peg.2704-MONOMER_mod_cd2(1)_mod_zn2(1)_mod_mg2(1)_mod_mn2(1)_mod_cobalt2(1),0.0,-7.407873888990904e-35
IPDPS_REV_g.2656.peg.1739-MONOMER_mod_nadph(1)_mod_nadh(1)_mod_fad(1)_mod_cobalt2(1),0.0,-2.3466698704379764e-07
IPDPS_FWD_g.2656.peg.1739-MONOMER_mod_nadph(1)_mod_nadh(1)_mod_fad(1)_mod_cobalt2(1),0.0,-2.2181408186116287e-07
IPDPS2_REV_g.2656.peg.1739-MONOMER_mod_nadph(1)_mod_nadh(1)_mod_fad(1)_mod_cobalt2(1),0.0,-4.564810689049605e-07
IPDPS2_FWD_g.2656.peg.1739-MONOMER_mod_nadph(1)_mod_nadh(1)_mod_fad(1)_mod_cobalt2(1),0.019476454967507877,1.9854888814818996e-34
IPMDr_REV_629741.3.peg.233-MONOMER,1.1863653945911804e-22,2.61683528054966e-36
IPMDr_FWD_629741.3.peg.233-MONOMER,0.0,-6.796148523139564e-07
IPPMIa_REV_629741.3.peg.1984-MONOMER,0.0,-2.0357718480848353e-07
IPPMIa_FWD_629741.3.peg.1984-MONOMER,0.0,-1.700266970943342e-07
IPPMIa_REV_629741.3.peg.1979-MONOMER,0.0,-3.355048771414932e-08
IPPMIa_FWD_629741.3.peg.1979-MONOMER,1.1863653945911804e-22,2.7668011178813078e-36
IPPMIb_REV_g.2656.peg.1834-MONOMER,0.0,-1.73176358619881e-07
IPPMIb_FWD_g.2656.peg.1834-MONOMER,0.0,-1.6159175974552577e-07
IPPMIb_REV_CPLX_IPPMIb-0,0.0,-8.283143310748309e-08
IPPMIb_FWD_CPLX_IPPMIb-0,0.0,-7.124683423312786e-08
IPPMIb_REV_g.2656.peg.1573-MONOMER,0.0,-1.1584598874355234e-08
IPPMIb_FWD_g.2656.peg.1573-MONOMER,1.1863653945911804e-22,2.3261515166489183e-36
ITDCOATA_REV_g.2656.peg.446-MONOMER,0.0,-2.541334317364608e-35
ITDCOATA_FWD_g.2656.peg.446-MONOMER,0.0,-4.0637529110115467e-07
ITDGK_REV_g.2656.peg.2704-MONOMER_mod_cd2(1)_mod_zn2(1)_mod_mg2(1)_mod_mn2(1)_mod_cobalt2(1),0.0,-1.2227593818499175e-07
ITDGK_FWD_g.2656.peg.2704-MONOMER_mod_cd2(1)_mod_zn2(1)_mod_mg2(1)_mod_mn2(1)_mod_cobalt2(1),0.0,5.363214747458648e-36
IVCOATA_REV_g.2656.peg.446-MONOMER,0.0,-4.0637529110115467e-07
IVCOATA_FWD_g.2656.peg.446-MONOMER,0.006473128835605479,-2.541334317364608e-35
KARA1_REV_629741.3.peg.1687-MONOMER_mod_mg2(1),3.5414207828775572e-37,2.3850587719034165e-35
KARA1_FWD_629741.3.peg.1687-MONOMER_mod_mg2(1),0.0,-1.1084109118154157e-06
KARA2_REV_629741.3.peg.1687-MONOMER_mod_mg2(1),0.0,-5.542054559077078e-07
KARA2_FWD_629741.3.peg.1687-MONOMER_mod_mg2(1),0.0,-5.542054559077078e-07
KARA3_REV_629741.3.peg.1687-MONOMER_mod_mg2(1),0.0,-3.767335040695385e-07
KARA3_FWD_629741.3.peg.1687-MONOMER_mod_mg2(1),0.0,-7.31677407745877e-07
KAS14_REV_g.2656.peg.3014-MONOMER,0.0,-7.126620658494907e-07
KAS14_FWD_g.2656.peg.3014-MONOMER,0.0,-5.7446619042224095e-08
KAS14_REV_CPLX_3OAS100-1,0.0,-7.279205912871632e-07
KAS14_FWD_CPLX_3OAS100-1,0.0,-7.270514447989661e-08
KAS14_REV_CPLX_3OAS100-0,0.0,-6.552154468072666e-07
KAS14_FWD_CPLX_3OAS100-0,0.0,4.20595779914967e-35
KAS_HP_REV_CPLX_dummy,0.0,-2.9461836721868366e-07
KAS_HP_FWD_CPLX_dummy,0.0,2.7792453677079205e-35
KDOCT2_REV_g.2656.peg.51-MONOMER_mod_mg2(1)_mod_k(1),0.0,1.757626975132632e-07
KDOCT2_FWD_g.2656.peg.51-MONOMER_mod_mg2(1)_mod_k(1),0.00570175474175885,-1.460961066619743e-35
KDOCT2_REV_g.2656.peg.1260-MONOMER_mod_mg2(1),0.0,-2.3995307239437113e-07
KDOCT2_FWD_g.2656.peg.1260-MONOMER_mod_mg2(1),0.0,-4.1571576990763437e-07
KDOCT2_REV_g.2656.peg.1435-MONOMER,0.0,-4.973049057925122e-08
KDOCT2_FWD_g.2656.peg.1435-MONOMER,0.0,-2.2549318809251443e-07
KDOPP_REV_g.2656.peg.1990-MONOMER_mod_mg2(1),0.0,-9.301859975679951e-07
KDOPP_FWD_g.2656.peg.1990-MONOMER_mod_mg2(1),0.00570175474175885,1.2396885991711414e-35
KDOPSr_REV_g.2656.peg.1650-MONOMER,0.0,-4.606172619530587e-07
KDOPSr_FWD_g.2656.peg.1650-MONOMER,0.00570175474175885,-7.511546163197784e-35
Kt1r_REV_g.2656.peg.643-MONOMER,0.0,-1.693663665180457e-07
Kt1r_FWD_g.2656.peg.643-MONOMER,1.6811710034068373e-07,1.2595913242730097e-41
Kt3_REV_g.2656.peg.2765-MONOMER,0.0,0.00426229935915438
Kt3_FWD_g.2656.peg.2765-MONOMER,0.0,-0.004262730842511976
Kt3_REV_g.2656.peg.1185-MONOMER,0.0,0.004262563805462538
Kt3_FWD_g.2656.peg.1185-MONOMER,0.0,-0.004262466396203818
L2A6ODs_REV_CPLX_dummy,0.0,-6.494868459312484e-07
L2A6ODs_FWD_CPLX_dummy,0.0,3.318797883403947e-37
LACLi_REV_g.2656.peg.2416-MONOMER,0.0,-5.539972394481244e-07
LACLi_FWD_g.2656.peg.2416-MONOMER,0.0,7.900418788148919e-37
LARGNAT_REV_629741.3.peg.1257-MONOMER_mod_pydx5p(1),0.0,-8.616998529515473e-08
LARGNAT_FWD_629741.3.peg.1257-MONOMER_mod_pydx5p(1),0.0,-7.112590425385398e-07
LARGNAT_REV_629741.3.peg.371-MONOMER,0.0,-2.370308068126311e-08
LARGNAT_FWD_629741.3.peg.371-MONOMER,0.0,-6.487921379246482e-07
LARGNAT_REV_629741.3.peg.1034-MONOMER_mod_pydx5p(1),0.01156949309473492,-2.7699143192500117e-35
LARGNAT_FWD_629741.3.peg.1034-MONOMER_mod_pydx5p(1),0.0,-6.250890572433851e-07
LDH_D_REV_g.2656.peg.1587-MONOMER_mod_fad(1),0.0,-3.252290694699237e-07
LDH_D_FWD_g.2656.peg.1587-MONOMER_mod_fad(1),0.0,-7.071038910777217e-07
LDH_D2_REV_g.2656.peg.1587-MONOMER_mod_fad(1),0.0,0.01491774813079393
LDH_D2_FWD_g.2656.peg.1587-MONOMER_mod_fad(1),0.0,-0.014918780463754477
LDH_L_REV_g.2656.peg.135-MONOMER_mod_fmn(1),1.2268896224661258e-23,1.2941517481153415e-35
LDH_L_FWD_g.2656.peg.135-MONOMER_mod_fmn(1),0.0,-7.071038910777217e-07
LDH_L_REV_g.2656.peg.2807-MONOMER,0.0,-6.551905594196346e-09
LDH_L_FWD_g.2656.peg.2807-MONOMER,0.0,-7.136557966719181e-07
LEUTA_REV_629741.3.peg.2363-MONOMER_mod_pydx5p(6),0.0,-9.591473410250503e-07
LEUTA_FWD_629741.3.peg.2363-MONOMER_mod_pydx5p(6),0.006473128835605479,7.219158197005583e-35
LEUTA_REV_629741.3.peg.2363-MONOMER_mod_pydx5p(1),0.0,-9.906459391795864e-07
LEUTA_FWD_629741.3.peg.2363-MONOMER_mod_pydx5p(1),0.0,-3.1498598154536185e-08
LEUt2r_REV_g.2656.peg.667-MONOMER,0.0,-1.8664352641064834e-07
LEUt2r_FWD_g.2656.peg.667-MONOMER,0.0,-1.8664352641064834e-07
LEUt2r_REV_g.2656.peg.828-MONOMER,579.8108516054227,-5.3128569245438914e-37
LEUt2r_FWD_g.2656.peg.828-MONOMER,579.8605057562914,5.311508160818523e-37
LGTHL_REV_g.2656.peg.1927-MONOMER_mod_ni2(1),0.0,-3.0784396741422227e-07
LGTHL_FWD_g.2656.peg.1927-MONOMER_mod_ni2(1),0.0,-1.612203510864564e-36
LPADSS_REV_g.2656.peg.1552-MONOMER,0.0,-3.729204142378226e-07
LPADSS_FWD_g.2656.peg.1552-MONOMER,0.0019005849139196167,1.4615175565218807e-35
LPAMS_REV_g.2656.peg.2603-MONOMER,0.0,0.017061804471644182
LPAMS_FWD_g.2656.peg.2603-MONOMER,0.0,-0.017062789610907174
LTDCL_REV_g.2656.peg.2937-MONOMER_mod_mg2(1),0.0,-1.023756518954565e-06
LTDCL_FWD_g.2656.peg.2937-MONOMER_mod_mg2(1),0.07573664990642545,8.071072895414776e-37
LYSt2r_REV_CPLX_dummy,0.0,-6.494868459312484e-07
LYSt2r_FWD_CPLX_dummy,0.01743581693613229,-3.064297473582075e-37
L_AROND_REV_629741.3.peg.231-MONOMER,0.0,-5.056655049750797e-07
L_AROND_FWD_629741.3.peg.231-MONOMER,0.01156949309473492,9.07978175315731e-36
L_LACD_REV_g.2656.peg.135-MONOMER_mod_fmn(1),0.0,-7.071038910777217e-07
L_LACD_FWD_g.2656.peg.135-MONOMER_mod_fmn(1),1.2268896224661258e-23,-2.86274290123864e-35
L_LACD_REV_g.2656.peg.2807-MONOMER,0.0,-7.136557966719181e-07
L_LACD_FWD_g.2656.peg.2807-MONOMER,0.0,-6.551905594196346e-09
L_LACD2_REV_g.2656.peg.135-MONOMER_mod_fmn(1),0.0,0.0149180733598634
L_LACD2_FWD_g.2656.peg.135-MONOMER_mod_fmn(1),0.0,-0.014918780463754477
L_LACD2_REV_g.2656.peg.2807-MONOMER,0.0,0.014918066807957805
L_LACD2_FWD_g.2656.peg.2807-MONOMER,0.0,-0.014918787015660072
L_LACD3_REV_g.2656.peg.135-MONOMER_mod_fmn(1),0.0,0.0149180733598634
L_LACD3_FWD_g.2656.peg.135-MONOMER_mod_fmn(1),0.0,-0.014918780463754477
L_LACD3_REV_g.2656.peg.2807-MONOMER,0.0,0.014918066807957805
L_LACD3_FWD_g.2656.peg.2807-MONOMER,0.0,-0.014918787015660072
L_LACt2r_REV_g.2656.peg.2285-MONOMER,0.0,-1.2997122342269227e-08
L_LACt2r_FWD_g.2656.peg.2285-MONOMER,0.0,-2.2108883620235415e-07
L_LACt2r_REV_g.2656.peg.1397-MONOMER,0.0,-3.5193234464851663e-37
L_LACt2r_FWD_g.2656.peg.1397-MONOMER,0.0,-2.0809171386008493e-07
MALCOAPYRCT_REV_g.2656.peg.717-MONOMER,0.0,-2.515789946359062e-07
MALCOAPYRCT_FWD_g.2656.peg.717-MONOMER,0.0,-2.515789946359062e-07
MALCOAPYRCT_REV_g.2656.peg.149-MONOMER,1000.0,7.59513396572909e-35
MALCOAPYRCT_FWD_g.2656.peg.149-MONOMER,999.9242230142786,-7.595091932407692e-35
MALFADO_REV_g.2656.peg.1123-MONOMER_mod_fad(1),0.0,-4.88041156745441e-07
MALFADO_FWD_g.2656.peg.1123-MONOMER_mod_fad(1),8.591550396773006e-10,2.8172682586851076e-36
MALNAt_REV_g.2656.peg.2020-MONOMER,0.0,-3.56368958402036e-08
MALNAt_FWD_g.2656.peg.2020-MONOMER,0.0,-4.295358177363321e-07
MALTpts_REV_g.2656.peg.1698-MONOMER,0.0,-6.516051327405461e-07
MALTpts_FWD_g.2656.peg.1698-MONOMER,0.0,-1.3316266447767538e-36
MALt2r_REV_g.2656.peg.2020-MONOMER,0.0,-4.5857634786103467e-07
MALt2r_FWD_g.2656.peg.2020-MONOMER,0.0,-6.596365715501019e-09
MALt2r_REV_g.2656.peg.2541-MONOMER,0.0,-4.5197998214553364e-07
MALt2r_FWD_g.2656.peg.2541-MONOMER,-4.567069938490697e-36,-3.56076238266658e-37
MANpts_REV_g.2656.peg.1698-MONOMER,0.0,-6.516051327405461e-07
MANpts_FWD_g.2656.peg.1698-MONOMER,0.0,-1.3316266447767538e-36
MCLOR_REV_g.2656.peg.135-MONOMER_mod_fmn(1),0.0,-7.071038910777217e-07
MCLOR_FWD_g.2656.peg.135-MONOMER_mod_fmn(1),0.0,7.781581181327393e-36
MCLOR_REV_g.2656.peg.2807-MONOMER,0.0,-7.136557966719181e-07
MCLOR_FWD_g.2656.peg.2807-MONOMER,0.0,-6.551905594196346e-09
MCOATA_REV_g.2656.peg.446-MONOMER,0.0,-3.209444794019951e-07
MCOATA_FWD_g.2656.peg.446-MONOMER,0.07577698572141588,-1.136267733399713e-34
MCPST_REV_g.2656.peg.1818-MONOMER,0.0,-5.100502681285107e-08
MCPST_FWD_g.2656.peg.1818-MONOMER,0.0,-3.072137024488567e-36
MDH2_REV_CPLX_dummy,0.0,0.002120495998517083
MDH2_FWD_CPLX_dummy,0.0,-0.0021211454853630137
MDH3_REV_CPLX_dummy,0.0,0.002120495998517083
MDH3_FWD_CPLX_dummy,0.0,-0.0021211454853630137
ME1_REV_g.2656.peg.2297-MONOMER_mod_mn2(1),0.0,0.004250973198435141
ME1_FWD_g.2656.peg.2297-MONOMER_mod_mn2(1),0.0,-0.0042523929994848905
ME1_REV_g.2656.peg.2297-MONOMER_mod_mg2(1),0.0,0.004250971487310346
ME1_FWD_g.2656.peg.2297-MONOMER_mod_mg2(1),0.0,-0.004252394710609684
ME2_REV_g.2656.peg.533-MONOMER_mod_mg2(1),0.0,0.004251393224953962
ME2_FWD_g.2656.peg.533-MONOMER_mod_mg2(1),0.0,-0.004252416601129791
ME2_REV_g.2656.peg.533-MONOMER_mod_mn2(1),0.0,0.004251394739168224
ME2_FWD_g.2656.peg.533-MONOMER_mod_mn2(1),0.0,-0.0042524150869155284
MECDPDH2_REV_g.2656.peg.2923-MONOMER_mod_mn2(1),0.0,-6.536283223101058e-07
MECDPDH2_FWD_g.2656.peg.2923-MONOMER_mod_mn2(1),0.021377039881427494,2.3150070992826516e-35
MECDPS_REV_g.2656.peg.2753-MONOMER_mod_mn2(1),0.0,-7.646091954872139e-07
MECDPS_FWD_g.2656.peg.2753-MONOMER_mod_mn2(1),0.021377039881427494,5.624365058180762e-36
MEPCT_REV_g.2656.peg.2709-MONOMER_mod_mg2(1),0.0,-7.536446041264583e-07
MEPCT_FWD_g.2656.peg.2709-MONOMER_mod_mg2(1),0.0,-6.58561507263799e-09
MEPCT_REV_g.2656.peg.2709-MONOMER_mod_mn2(1),0.0,-7.482181943494623e-07
MEPCT_FWD_g.2656.peg.2709-MONOMER_mod_mn2(1),0.0,-1.1592052956420057e-09
MEPCT_REV_g.2656.peg.2709-MONOMER_mod_cobalt2(1),0.0,-7.470589890538204e-07
MEPCT_FWD_g.2656.peg.2709-MONOMER_mod_cobalt2(1),0.021377039881427494,-4.616642481658111e-36
METALA1c_REV_g.2656.peg.1204-MONOMER_mod_zn2(1),0.0,-1.6573100168237275e-07
METALA1c_FWD_g.2656.peg.1204-MONOMER_mod_zn2(1),0.0,-7.66576495252003e-07
METALA1c_REV_g.2656.peg.2592-MONOMER,0.0,-3.3672811951675974e-07
METALA1c_FWD_g.2656.peg.2592-MONOMER,0.0,-9.3757361308639e-07
METALA1c_REV_g.2656.peg.1387-MONOMER_mod_fe2(2),7.98786753548319e-31,2.439675865661444e-36
METALA1c_FWD_g.2656.peg.1387-MONOMER_mod_fe2(2),0.0,-6.008454935696302e-07
METAT_REV_g.2656.peg.1328-MONOMER_mod_cs(4)_mod_ca2(1),0.0,-1.3861129502297695e-06
METAT_FWD_g.2656.peg.1328-MONOMER_mod_cs(4)_mod_ca2(1),0.0,-7.824101325834413e-09
METAT_REV_g.2656.peg.1328-MONOMER_mod_cs(4)_mod_mn2(1),0.0,-1.3860736803070194e-06
METAT_FWD_g.2656.peg.1328-MONOMER_mod_cs(4)_mod_mn2(1),0.0,-7.784831403084207e-09
METAT_REV_g.2656.peg.1328-MONOMER_mod_tl(4)_mod_mn2(1),0.0,-1.3860736803070194e-06
METAT_FWD_g.2656.peg.1328-MONOMER_mod_tl(4)_mod_mn2(1),0.0,-7.784831403084207e-09
METAT_REV_g.2656.peg.1328-MONOMER_mod_na1(4)_mod_ca2(1),0.0,-1.3809503492916895e-06
METAT_FWD_g.2656.peg.1328-MONOMER_mod_na1(4)_mod_ca2(1),0.0,-2.6615003877544973e-09
METAT_REV_g.2656.peg.1328-MONOMER_mod_tl(4)_mod_cd2(1),0.0,-1.3850201351587195e-06
METAT_FWD_g.2656.peg.1328-MONOMER_mod_tl(4)_mod_cd2(1),0.0,-6.731286254784573e-09
METAT_REV_g.2656.peg.1328-MONOMER_mod_tl(4)_mod_ni2(1),0.0,-1.3881407733532882e-06
METAT_FWD_g.2656.peg.1328-MONOMER_mod_tl(4)_mod_ni2(1),0.0,-9.851924449353096e-09
METAT_REV_g.2656.peg.1328-MONOMER_mod_nh4(4)_mod_cd2(1),0.0,-1.3819133057505012e-06
METAT_FWD_g.2656.peg.1328-MONOMER_mod_nh4(4)_mod_cd2(1),0.0,-3.6244568465661912e-09
METAT_REV_g.2656.peg.1328-MONOMER_mod_cs(4)_mod_mg2(1),0.0,-1.3882953943656408e-06
METAT_FWD_g.2656.peg.1328-MONOMER_mod_cs(4)_mod_mg2(1),0.0,-1.0006545461705628e-08
METAT_REV_g.2656.peg.1328-MONOMER_mod_cs(4)_mod_ni2(1),0.0,-1.3881407733532882e-06
METAT_FWD_g.2656.peg.1328-MONOMER_mod_cs(4)_mod_ni2(1),0.0,-9.851924449353096e-09
METAT_REV_g.2656.peg.1328-MONOMER_mod_nh4(4)_mod_ca2(1),0.0,-1.3830047561323163e-06
METAT_FWD_g.2656.peg.1328-MONOMER_mod_nh4(4)_mod_ca2(1),0.0,-4.71590722838133e-09
METAT_REV_g.2656.peg.1328-MONOMER_mod_nh4(4)_mod_ni2(1),0.0,-1.3850313691589991e-06
METAT_FWD_g.2656.peg.1328-MONOMER_mod_nh4(4)_mod_ni2(1),0.0,-6.742520255064052e-09
METAT_REV_g.2656.peg.1328-MONOMER_mod_na1(4)_mod_ni2(1),0.0,-1.3829764176308213e-06
METAT_FWD_g.2656.peg.1328-MONOMER_mod_na1(4)_mod_ni2(1),0.0,-4.6875687268862594e-09
METAT_REV_g.2656.peg.1328-MONOMER_mod_nh4(4)_mod_cobalt2(1),0.0,-1.3824932822815915e-06
METAT_FWD_g.2656.peg.1328-MONOMER_mod_nh4(4)_mod_cobalt2(1),0.0,-4.204433377656524e-09
METAT_REV_g.2656.peg.1328-MONOMER_mod_na1(4)_mod_cobalt2(1),0.0,-1.380439092953317e-06
METAT_FWD_g.2656.peg.1328-MONOMER_mod_na1(4)_mod_cobalt2(1),0.0,-2.150244049381963e-09
METAT_REV_g.2656.peg.1328-MONOMER_mod_tl(4)_mod_cobalt2(1),0.0,-1.3856010481764498e-06
METAT_FWD_g.2656.peg.1328-MONOMER_mod_tl(4)_mod_cobalt2(1),0.0,-7.312199272514657e-09
METAT_REV_g.2656.peg.1328-MONOMER_mod_k(4)_mod_mg2(1),0.0,-1.3815591648398242e-06
METAT_FWD_g.2656.peg.1328-MONOMER_mod_k(4)_mod_mg2(1),0.0,-3.270315935889176e-09
METAT_REV_g.2656.peg.1328-MONOMER_mod_k(4)_mod_cd2(1),0.0,-1.3782888489039351e-06
METAT_FWD_g.2656.peg.1328-MONOMER_mod_k(4)_mod_cd2(1),0.0,-1.0123818575840867e-35
METAT_REV_g.2656.peg.1328-MONOMER_mod_na1(4)_mod_mn2(1),0.0,-1.3809114403567504e-06
METAT_FWD_g.2656.peg.1328-MONOMER_mod_na1(4)_mod_mn2(1),0.0,-2.6225914528153177e-09
METAT_REV_g.2656.peg.1328-MONOMER_mod_cs(4)_mod_cd2(1),0.0,-1.3850201351587195e-06
METAT_FWD_g.2656.peg.1328-MONOMER_mod_cs(4)_mod_cd2(1),0.0,-6.731286254784573e-09
METAT_REV_g.2656.peg.1328-MONOMER_mod_na1(4)_mod_mg2(1),0.0,-1.3831315404925003e-06
METAT_FWD_g.2656.peg.1328-MONOMER_mod_na1(4)_mod_mg2(1),0.0,-4.8426915885653175e-09
METAT_REV_g.2656.peg.1328-MONOMER_mod_nh4(4)_mod_zn2(1),0.0,-1.3819140759250692e-06
METAT_FWD_g.2656.peg.1328-MONOMER_mod_nh4(4)_mod_zn2(1),0.0,-3.6252270211342456e-09
METAT_REV_g.2656.peg.1328-MONOMER_mod_cs(4)_mod_cobalt2(1),0.0,-1.3856010481764498e-06
METAT_FWD_g.2656.peg.1328-MONOMER_mod_cs(4)_mod_cobalt2(1),0.0,-7.312199272514657e-09
METAT_REV_g.2656.peg.1328-MONOMER_mod_cs(4)_mod_zn2(1),0.0,-1.3850215661169822e-06
METAT_FWD_g.2656.peg.1328-MONOMER_mod_cs(4)_mod_zn2(1),0.0,-6.732717213047063e-09
METAT_REV_g.2656.peg.1328-MONOMER_mod_k(4)_mod_zn2(1),0.0,-1.3782888489039351e-06
METAT_FWD_g.2656.peg.1328-MONOMER_mod_k(4)_mod_zn2(1),0.0005156627406424242,-2.8525210122078192e-36
METAT_REV_g.2656.peg.1328-MONOMER_mod_k(4)_mod_mn2(1),0.0,-1.3793399178789419e-06
METAT_FWD_g.2656.peg.1328-MONOMER_mod_k(4)_mod_mn2(1),0.0,-1.0510689750067732e-09
METAT_REV_g.2656.peg.1328-MONOMER_mod_tl(4)_mod_ca2(1),0.0,-1.3861129502297695e-06
METAT_FWD_g.2656.peg.1328-MONOMER_mod_tl(4)_mod_ca2(1),0.0,-7.824101325834413e-09
METAT_REV_g.2656.peg.1328-MONOMER_mod_na1(4)_mod_zn2(1),0.0,-1.379859996589131e-06
METAT_FWD_g.2656.peg.1328-MONOMER_mod_na1(4)_mod_zn2(1),0.0,-1.5711476851960038e-09
METAT_REV_g.2656.peg.1328-MONOMER_mod_tl(4)_mod_zn2(1),0.0,-1.3850215661169822e-06
METAT_FWD_g.2656.peg.1328-MONOMER_mod_tl(4)_mod_zn2(1),0.0,-6.732717213047063e-09
METAT_REV_g.2656.peg.1328-MONOMER_mod_tl(4)_mod_mg2(1),0.0,-1.3882953943656408e-06
METAT_FWD_g.2656.peg.1328-MONOMER_mod_tl(4)_mod_mg2(1),0.0,-1.0006545461705628e-08
METAT_REV_g.2656.peg.1328-MONOMER_mod_k(4)_mod_cobalt2(1),0.0,-1.3788677337294243e-06
METAT_FWD_g.2656.peg.1328-MONOMER_mod_k(4)_mod_cobalt2(1),0.0,-5.788848254893434e-10
METAT_REV_g.2656.peg.1328-MONOMER_mod_k(4)_mod_ca2(1),0.0,-1.3793787083255193e-06
METAT_FWD_g.2656.peg.1328-MONOMER_mod_k(4)_mod_ca2(1),0.0,-1.0898594215843105e-09
METAT_REV_g.2656.peg.1328-MONOMER_mod_k(4)_mod_ni2(1),0.0,-1.3814039102759991e-06
METAT_FWD_g.2656.peg.1328-MONOMER_mod_k(4)_mod_ni2(1),0.0,-3.115061372064077e-09
METAT_REV_g.2656.peg.1328-MONOMER_mod_na1(4)_mod_cd2(1),0.0,-1.3798596569627509e-06
METAT_FWD_g.2656.peg.1328-MONOMER_mod_na1(4)_mod_cd2(1),0.0,-1.5708080588159322e-09
METAT_REV_g.2656.peg.1328-MONOMER_mod_nh4(4)_mod_mg2(1),0.0,-1.3851862827540843e-06
METAT_FWD_g.2656.peg.1328-MONOMER_mod_nh4(4)_mod_mg2(1),0.0,-6.897433850149357e-09
METAT_REV_g.2656.peg.1328-MONOMER_mod_nh4(4)_mod_mn2(1),0.0,-1.3829657076149416e-06
METAT_FWD_g.2656.peg.1328-MONOMER_mod_nh4(4)_mod_mn2(1),0.0,-4.676858711006602e-09
METDabc_REV_CPLX_METDabc-0,0.0,-5.699614968180514e-07
METDabc_FWD_CPLX_METDabc-0,0.0,5.0265753895076706e-36
METFR_REV_g.2656.peg.2703-MONOMER_mod_fad(1),0.00023530291415585516,2.387593598023719e-35
METFR_FWD_g.2656.peg.2703-MONOMER_mod_fad(1),0.0,-8.676655431290963e-07
METSOX1abc_REV_CPLX_METDabc-0,0.0,-5.699614968180514e-07
METSOX1abc_FWD_CPLX_METDabc-0,0.013195264687809679,8.16526954154211e-36
METSOX2abc_REV_CPLX_METDabc-0,0.0,-5.699614968180514e-07
METSOX2abc_FWD_CPLX_METDabc-0,0.0,5.0265753895076706e-36
METSOXR1r_REV_g.2656.peg.852-MONOMER,0.0,-7.478160157140053e-07
METSOXR1r_FWD_g.2656.peg.852-MONOMER,0.013195264687809679,4.273926465692471e-34
METabc_REV_CPLX_METDabc-0,0.0,0.0021259945458381624
METabc_FWD_CPLX_METDabc-0,0.0,-0.0021265645073349805
MEVK1c_REV_g.2656.peg.217-MONOMER,0.0,1.579294467514129e-08
MEVK1c_FWD_g.2656.peg.217-MONOMER,0.0,1.1093409366857044e-35
MG2abc_REV_CPLX_dummy,0.0,-6.494868459312484e-07
MG2abc_FWD_CPLX_dummy,0.0004829089474965812,-3.2314207147988845e-36
MI1PP_REV_g.2656.peg.350-MONOMER,0.0,-5.304103343875991e-09
MI1PP_FWD_g.2656.peg.350-MONOMER,0.0,-2.0110121109833567e-07
MI1PP_REV_g.2656.peg.1907-MONOMER_mod_mg2(1),0.0,1.957971077544597e-07
MI1PP_FWD_g.2656.peg.1907-MONOMER_mod_mg2(1),0.0,3.0230137062211806e-36
MI3PP_REV_g.2656.peg.350-MONOMER,0.0,-5.304103343875991e-09
MI3PP_FWD_g.2656.peg.350-MONOMER,0.0,-2.0110121109833567e-07
MI3PP_REV_g.2656.peg.1907-MONOMER_mod_mg2(1),0.0,1.957971077544597e-07
MI3PP_FWD_g.2656.peg.1907-MONOMER_mod_mg2(1),0.0,3.0230137062211806e-36
MI4PP_REV_g.2656.peg.350-MONOMER,0.0,-5.304103343875991e-09
MI4PP_FWD_g.2656.peg.350-MONOMER,0.0,-2.0110121109833567e-07
MI4PP_REV_g.2656.peg.1907-MONOMER_mod_mg2(1),0.0,1.957971077544597e-07
MI4PP_FWD_g.2656.peg.1907-MONOMER_mod_mg2(1),0.0,3.0230137062211806e-36
MK7te_REV_CPLX_dummy,0.0,-6.494868459312484e-07
MK7te_FWD_CPLX_dummy,0.0004706058283117103,0.0
MMSAD5_REV_g.2656.peg.174-MONOMER,0.0,-7.577270607738465e-07
MMSAD5_FWD_g.2656.peg.174-MONOMER,0.0,8.422705206873134e-35
MNLpts_REV_g.2656.peg.1698-MONOMER,0.0,-6.516051327405461e-07
MNLpts_FWD_g.2656.peg.1698-MONOMER,0.0,-1.3316266447767538e-36
MNt2_REV_CPLX_dummy,0.0,-6.494868459312484e-07
MNt2_FWD_CPLX_dummy,9.229641810902009e-08,-2.515878856293906e-37
MOAT_REV_g.2656.peg.352-MONOMER,0.0,-6.072138120897624e-07
MOAT_FWD_g.2656.peg.352-MONOMER,0.0019005849139196167,-7.503330874515113e-36
MOAT3C_REV_CPLX_dummy,0.0,-6.494868459312484e-07
MOAT3C_FWD_CPLX_dummy,0.0019005849139196167,-1.0127851711692987e-35
MOHMT_REV_629741.3.peg.1071-MONOMER_mod_mg2(1),0.0,-1.7344083990178005e-06
MOHMT_FWD_629741.3.peg.1071-MONOMER_mod_mg2(1),0.00023537793661416098,1.7946192166485176e-37
MTAN_REV_g.2656.peg.2717-MONOMER,0.0,-5.873481352753893e-07
MTAN_FWD_g.2656.peg.2717-MONOMER,0.0,-3.795839870897462e-37
MTHFC_REV_g.2656.peg.2548-MONOMER,0.0,-6.152948545820067e-07
MTHFC_FWD_g.2656.peg.2548-MONOMER,0.010441314808022342,8.197239465210298e-38
MTHFC_REV_g.2656.peg.1878-MONOMER,0.0,-7.253866291016629e-07
MTHFC_FWD_g.2656.peg.1878-MONOMER,0.0,-1.100917745196561e-07
MTHFD_REV_g.2656.peg.2548-MONOMER,0.0,-6.152948545820067e-07
MTHFD_FWD_g.2656.peg.2548-MONOMER,0.010441314808022342,-1.6386043359325764e-35
MTHPTGHM_REV_629741.3.peg.2360-MONOMER,0.0,0.03410190553067724
MTHPTGHM_FWD_629741.3.peg.2360-MONOMER,0.0,-0.0341017911404435
MTHPTGHM_REV_629741.3.peg.321-MONOMER,0.0,0.034101566709504844
MTHPTGHM_FWD_629741.3.peg.321-MONOMER,0.0,-0.0341021299616159
MTHPTGHM_REV_629741.3.peg.703-MONOMER,0.0,0.034101999478295
MTHPTGHM_FWD_629741.3.peg.703-MONOMER,0.0,-0.03410169719282574
N2OFO_REV_g.2656.peg.2296-MONOMER,0.0,0.014916851209163296
N2OFO_FWD_g.2656.peg.2296-MONOMER,0.0,-0.01491799653687164
N2Ormq_REV_CPLX_dummy,0.0,-6.494868459312484e-07
N2Ormq_FWD_CPLX_dummy,0.0,1.8706991257852145e-37
N2Ot_REV_CPLX_dummy,0.0,-3.0971020110073293e-36
N2Ot_FWD_CPLX_dummy,0.0,-6.494868459312484e-07
N2t_REV_CPLX_dummy,0.0,5.011248662698137e-41
N2t_FWD_CPLX_dummy,0.0,-6.494868459312484e-07
NACASPAH_REV_g.2656.peg.604-MONOMER,0.0,-5.369050477251743e-07
NACASPAH_FWD_g.2656.peg.604-MONOMER,9.208975005379277e-31,-3.5845900054960697e-36
NACt2r_REV_CPLX_dummy,0.0,-6.494868459312484e-07
NACt2r_FWD_CPLX_dummy,0.9997646711635386,2.2598461114794416e-37
NADH6_REV_g.2656.peg.2957-MONOMER,0.0,-8.662038226334988e-07
NADH6_FWD_g.2656.peg.2957-MONOMER,1.8698080101857832,3.8767922669900856e-35
NADH6_REV_CPLX_NADH6-0,0.0,-9.280143123982952e-07
NADH6_FWD_CPLX_NADH6-0,0.0,-6.181048976479653e-08
NADH7_REV_g.2656.peg.2957-MONOMER,0.0,0.006392779422652245
NADH7_FWD_g.2656.peg.2957-MONOMER,0.0,-0.006393645626474879
NADH8_REV_g.2656.peg.2957-MONOMER,0.0,-8.662038226334988e-07
NADH8_FWD_g.2656.peg.2957-MONOMER,0.00023530291415585516,-1.5212354860290872e-34
NADK_REV_g.2656.peg.2622-MONOMER_mod_mg2(1),0.0,-1.0805536341216454e-06
NADK_FWD_g.2656.peg.2622-MONOMER_mod_mg2(1),3.0572497636643945e-09,2.0789283754258284e-35
NADK2_REV_g.2656.peg.2622-MONOMER_mod_mg2(1),0.0,-7.558102111560212e-07
NADK2_FWD_g.2656.peg.2622-MONOMER_mod_mg2(1),0.0,-3.247434229656242e-07
NADS1_REV_629741.3.peg.352-MONOMER,0.0,2.92587391574881e-06
NADS1_FWD_629741.3.peg.352-MONOMER,0.0,-2.8825901942434368e-06
NADS2_REV_CPLX_dummy,0.0,2.831427943233705e-06
NADS2_FWD_CPLX_dummy,0.0,-3.480914789164953e-06
NAPRT_REV_g.2656.peg.2143-MONOMER,0.0,0.044753654414435615
NAPRT_FWD_g.2656.peg.2143-MONOMER,0.0,-0.04475336561788864
NDPK1_REV_CPLX_dummy,0.0,-6.494868459312484e-07
NDPK1_FWD_CPLX_dummy,0.8565098660951938,1.3771517504514861e-35
NDPK2_REV_CPLX_dummy,0.0,-6.494868459312484e-07
NDPK2_FWD_CPLX_dummy,0.030633934300288275,7.163898727690351e-36
NDPK3_REV_CPLX_dummy,0.0,-6.494868459312484e-07
NDPK3_FWD_CPLX_dummy,0.04955342993230388,5.670335415065801e-36
NDPK4_REV_CPLX_dummy,0.0,-6.494868459312484e-07
NDPK4_FWD_CPLX_dummy,0.005196413891880935,5.670335415065801e-36
NDPK5_REV_CPLX_dummy,0.0,-6.494868459312484e-07
NDPK5_FWD_CPLX_dummy,0.004020314593410351,5.670335415065801e-36
NDPK6_REV_CPLX_dummy,0.0,-3.247434229656242e-07
NDPK6_FWD_CPLX_dummy,0.0,-3.247434229656242e-07
NDPK7_REV_CPLX_dummy,0.0,-6.494868459312484e-07
NDPK7_FWD_CPLX_dummy,0.007316143571371669,5.670335415065801e-36
NDPK8_REV_CPLX_dummy,0.0,-6.494868459312484e-07
NDPK8_FWD_CPLX_dummy,0.0032958289779613185,1.501622097821032e-35
NDPK9_REV_CPLX_dummy,0.0,-1.0684964320437106e-35
NDPK9_FWD_CPLX_dummy,0.0,-6.494868459312484e-07
NH4tb_REV_CPLX_dummy,1.8482242934572377,0.0
NH4tb_FWD_CPLX_dummy,0.0,-6.494868459312484e-07
NMNAT_REV_g.2656.peg.2825-MONOMER_mod_mg2(1),0.0,-4.14070346053676e-07
NMNAT_FWD_g.2656.peg.2825-MONOMER_mod_mg2(1),0.00023532883646137332,1.3678702928583406e-35
NMNP_REV_g.2656.peg.335-MONOMER,0.0,-3.9928659119441936e-07
NMNP_FWD_g.2656.peg.335-MONOMER,1.0,-2.292961589980308e-37
NMNPH_REV_g.2656.peg.2588-MONOMER,0.0,-5.111026822410456e-07
NMNPH_FWD_g.2656.peg.2588-MONOMER,0.9997646711635386,-1.0635875741416638e-35
NNAM_REV_g.2656.peg.604-MONOMER,0.0,-5.369050477251743e-07
NNAM_FWD_g.2656.peg.604-MONOMER,0.9997646711635386,8.656671431516225e-37
NNATr_REV_629741.3.peg.336-MONOMER,0.0,-4.1234216394356893e-07
NNATr_FWD_629741.3.peg.336-MONOMER,0.0,4.505400044484736e-36
NNDMBRT_REV_CPLX_dummy,0.0,-6.494868459312484e-07
NNDMBRT_FWD_CPLX_dummy,0.0,-2.6730895592475166e-36
NNDPR_REV_g.2656.peg.2505-MONOMER,0.0,-4.92603425836321e-07
NNDPR_FWD_g.2656.peg.2505-MONOMER,0.0,-2.1011539949175378e-35
NO2rDmq_REV_CPLX_dummy,0.0,-6.494868459312484e-07
NO2rDmq_FWD_CPLX_dummy,0.0,2.555268329957896e-34
NO2rDuq_REV_CPLX_dummy,0.0,-6.494868459312484e-07
NO2rDuq_FWD_CPLX_dummy,0.0,-3.3327629384104815e-36
NOPHMO_REV_g.2656.peg.163-MONOMER,0.0,0.02983425991128753
NOPHMO_FWD_g.2656.peg.163-MONOMER,0.0,-0.02983434246577269
NP1_r_REV_g.2656.peg.1415-MONOMER,0.0,-1.847284392392525e-06
NP1_r_FWD_g.2656.peg.1415-MONOMER,9.873833408660106e-30,3.3294890852431684e-36
NT5C_REV_g.2656.peg.1099-MONOMER_mod_cobalt2(1),0.0,-1.0714670311824864e-06
NT5C_FWD_g.2656.peg.1099-MONOMER_mod_cobalt2(1),0.0,-1.2601177804620466e-09
NT5C_REV_g.2656.peg.1099-MONOMER_mod_zn2(1),0.0,-1.0702069134020244e-06
NT5C_FWD_g.2656.peg.1099-MONOMER_mod_zn2(1),0.0,1.6874961933996448e-35
NTD1_REV_g.2656.peg.1099-MONOMER_mod_cobalt2(1),0.0,0.040490285029043636
NTD1_FWD_g.2656.peg.1099-MONOMER_mod_cobalt2(1),0.0,-0.0404913577561926
NTD1_REV_g.2656.peg.213-MONOMER_mod_cobalt2(1),0.0,0.0404906852412373
NTD1_FWD_g.2656.peg.213-MONOMER_mod_cobalt2(1),0.0,-0.04049095754399893
NTD1_REV_g.2656.peg.1099-MONOMER_mod_zn2(1),0.0,0.04049028628916142
NTD1_FWD_g.2656.peg.1099-MONOMER_mod_zn2(1),0.0,-0.04049135649607482
NTD10_REV_g.2656.peg.1099-MONOMER_mod_cobalt2(1),0.0,0.04475219224741803
NTD10_FWD_g.2656.peg.1099-MONOMER_mod_cobalt2(1),0.0,-0.04475326497456699
NTD10_REV_g.2656.peg.1099-MONOMER_mod_zn2(1),0.0,0.04475219350753581
NTD10_FWD_g.2656.peg.1099-MONOMER_mod_zn2(1),0.0,-0.04475326371444921
NTD11_REV_g.2656.peg.1099-MONOMER_mod_cobalt2(1),0.0,0.037489455198919754
NTD11_FWD_g.2656.peg.1099-MONOMER_mod_cobalt2(1),0.0,-0.03749052792606872
NTD11_REV_g.2656.peg.1099-MONOMER_mod_zn2(1),0.0,0.037489456459037535
NTD11_FWD_g.2656.peg.1099-MONOMER_mod_zn2(1),0.0,-0.037490526665950936
NTD2_REV_g.2656.peg.1099-MONOMER_mod_cobalt2(1),0.0,0.017049834793871125
NTD2_FWD_g.2656.peg.1099-MONOMER_mod_cobalt2(1),0.0,-0.01705090752102009
NTD2_REV_g.2656.peg.1099-MONOMER_mod_zn2(1),0.0,0.017049836053988906
NTD2_FWD_g.2656.peg.1099-MONOMER_mod_zn2(1),0.0,-0.017050906260902308
NTD3_REV_g.2656.peg.1099-MONOMER_mod_cobalt2(1),0.0,0.017049834793871125
NTD3_FWD_g.2656.peg.1099-MONOMER_mod_cobalt2(1),0.0,-0.01705090752102009
NTD3_REV_g.2656.peg.1099-MONOMER_mod_zn2(1),0.0,0.017049836053988906
NTD3_FWD_g.2656.peg.1099-MONOMER_mod_zn2(1),0.0,-0.017050906260902308
NTD4_REV_g.2656.peg.1099-MONOMER_mod_cobalt2(1),0.0,0.017049376008775322
NTD4_FWD_g.2656.peg.1099-MONOMER_mod_cobalt2(1),0.0,-0.017050448735924286
NTD4_REV_g.2656.peg.1099-MONOMER_mod_zn2(1),0.0,0.017049377268893103
NTD4_FWD_g.2656.peg.1099-MONOMER_mod_zn2(1),0.0,-0.017050447475806505
NTD5_REV_g.2656.peg.1099-MONOMER_mod_cobalt2(1),0.0,0.010662651291766183
NTD5_FWD_g.2656.peg.1099-MONOMER_mod_cobalt2(1),0.0,-0.010663724018915145
NTD5_REV_g.2656.peg.1099-MONOMER_mod_zn2(1),0.0,0.010662652551883964
NTD5_FWD_g.2656.peg.1099-MONOMER_mod_zn2(1),0.0,-0.010663722758797366
NTD5_a_REV_g.2656.peg.1099-MONOMER_mod_cobalt2(1),0.0,0.01704925449910704
NTD5_a_FWD_g.2656.peg.1099-MONOMER_mod_cobalt2(1),0.0,-0.017050327226256004
NTD5_a_REV_g.2656.peg.2274-MONOMER_mod_mg2(1),0.0,0.01704923083897245
NTD5_a_FWD_g.2656.peg.2274-MONOMER_mod_mg2(1),0.0,-0.01705035088639059
NTD5_a_REV_g.2656.peg.1099-MONOMER_mod_zn2(1),0.0,0.01704925575922482
NTD5_a_FWD_g.2656.peg.1099-MONOMER_mod_zn2(1),0.0,-0.017050325966138223
NTD6_REV_g.2656.peg.1099-MONOMER_mod_cobalt2(1),0.0,0.014923320098662325
NTD6_FWD_g.2656.peg.1099-MONOMER_mod_cobalt2(1),0.0,-0.014924392825811287
NTD6_REV_g.2656.peg.1099-MONOMER_mod_zn2(1),0.0,0.014923321358780104
NTD6_FWD_g.2656.peg.1099-MONOMER_mod_zn2(1),0.0,-0.014924391565693506
NTD7_REV_g.2656.peg.1099-MONOMER_mod_cobalt2(1),0.0,0.017049709302707317
NTD7_FWD_g.2656.peg.1099-MONOMER_mod_cobalt2(1),0.0,-0.01705078202985628
NTD7_REV_g.2656.peg.1099-MONOMER_mod_zn2(1),0.0,0.017049710562825098
NTD7_FWD_g.2656.peg.1099-MONOMER_mod_zn2(1),0.0,-0.0170507807697385
NTD8_REV_g.2656.peg.1099-MONOMER_mod_cobalt2(1),0.0,0.014919227884552277
NTD8_FWD_g.2656.peg.1099-MONOMER_mod_cobalt2(1),0.0,-0.01492030061170124
NTD8_REV_g.2656.peg.1099-MONOMER_mod_zn2(1),0.0,0.014919229144670058
NTD8_FWD_g.2656.peg.1099-MONOMER_mod_zn2(1),0.0,-0.01492029935158346
NTD9_REV_g.2656.peg.1099-MONOMER_mod_cobalt2(1),0.0,0.017049834793871125
NTD9_FWD_g.2656.peg.1099-MONOMER_mod_cobalt2(1),0.0,-0.01705090752102009
NTD9_REV_g.2656.peg.1099-MONOMER_mod_zn2(1),0.0,0.017049836053988906
NTD9_FWD_g.2656.peg.1099-MONOMER_mod_zn2(1),0.0,-0.017050906260902308
NTPTP1_REV_g.2656.peg.497-MONOMER_mod_mg2(1),0.0,0.014919967302086263
NTPTP1_FWD_g.2656.peg.497-MONOMER_mod_mg2(1),0.0,-0.01492131665923119
O2t_REV_CPLX_dummy,0.0,-6.494868459312484e-07
O2t_FWD_CPLX_dummy,0.5,2.1361815437258638e-36
OAACLi_REV_g.2656.peg.494-MONOMER,0.0,0.01704885630815373
OAACLi_FWD_g.2656.peg.494-MONOMER,0.0,-0.017049563276526666
OAACLi_REV_g.2656.peg.2422-MONOMER,0.0,0.01704880203838749
OAACLi_FWD_g.2656.peg.2422-MONOMER,0.0,-0.01704961754629291
OAASr_REV_g.2656.peg.1520-MONOMER,0.0,-6.70667744933118e-07
OAASr_FWD_g.2656.peg.1520-MONOMER,0.00047065215966851783,-6.542536097462501e-35
OAZUROX_REV_g.2656.peg.2173-MONOMER,0.0,-8.158333188233353e-07
OAZUROX_FWD_g.2656.peg.2173-MONOMER,0.0,-3.013651571106785e-36
OCBT_REV_g.2656.peg.295-MONOMER,0.1299566860409059,5.7012890359489205e-36
OCBT_FWD_g.2656.peg.295-MONOMER,0.0,-7.49988269040928e-07
OCDCAt2_REV_g.2656.peg.889-MONOMER,0.0,-1.5052859812921456e-06
OCDCAt2_FWD_g.2656.peg.889-MONOMER,0.006473128835605479,4.839861364873102e-35
OHPBAT_REV_629741.3.peg.1344-MONOMER,2.4719746893283504e-23,-7.664775490612131e-35
OHPBAT_FWD_629741.3.peg.1344-MONOMER,0.0,-4.2898405807010036e-07
OHPHM_REV_CPLX_dummy,0.0,-6.494868459312484e-07
OHPHM_FWD_CPLX_dummy,0.0,-3.829028650982032e-35
OIVD1r_REV_CPLX_dummy,0.0,-6.494868459312484e-07
OIVD1r_FWD_CPLX_dummy,0.006473128835605479,-3.5932307718099793e-35
OIVD2_REV_CPLX_dummy,0.0,-6.494868459312484e-07
OIVD2_FWD_CPLX_dummy,0.0,-6.670667991803903e-36
OIVD3_REV_CPLX_dummy,0.0,-6.494868459312484e-07
OIVD3_FWD_CPLX_dummy,0.006473128835605479,-6.670667991803903e-36
OMBZLM_REV_CPLX_dummy,0.0,-6.494868459312484e-07
OMBZLM_FWD_CPLX_dummy,0.0,-3.829028650982032e-35
OMCDC_REV_g.2656.peg.1412-MONOMER_mod_mg2(1)_mod_mn2(1),0.0,0.014912597817314003
OMCDC_FWD_g.2656.peg.1412-MONOMER_mod_mg2(1)_mod_mn2(1),0.0,-0.01491254318652693
OMMBLHX3_REV_CPLX_dummy,0.0,0.5179976296584737
OMMBLHX3_FWD_CPLX_dummy,0.0,-0.5179982791453197
OMPDC_REV_629741.3.peg.688-MONOMER,0.0,1.4123387415754466e-07
OMPDC_FWD_629741.3.peg.688-MONOMER,0.0,-2.9779083119551586e-36
OMPHHX3_REV_CPLX_dummy,0.0,-6.494868459312484e-07
OMPHHX3_FWD_CPLX_dummy,0.0,-3.7761160200993283e-35
OPHBDC_REV_g.2656.peg.1034-MONOMER_mod_mn2(1),0.0,2.3855439630024405e-07
OPHBDC_FWD_g.2656.peg.1034-MONOMER_mod_mn2(1),0.0,-2.6081298639349286e-08
OPHBDC_REV_g.2656.peg.1585-MONOMER,0.0,2.6463569493959334e-07
OPHBDC_FWD_g.2656.peg.1585-MONOMER,0.0,-1.8238274807093934e-35
OPHHX3_REV_CPLX_dummy,0.0,-6.494868459312484e-07
OPHHX3_FWD_CPLX_dummy,0.0,-3.7761160200993283e-35
ORNDC_REV_g.2656.peg.486-MONOMER_mod_pydx5p(1),0.0,-1.3238560847036448e-06
ORNDC_FWD_g.2656.peg.486-MONOMER_mod_pydx5p(1),0.00023530291415585516,1.812256288521971e-37
OROTPT_REV_629741.3.peg.734-MONOMER,0.0,3.327410744795954e-07
OROTPT_FWD_629741.3.peg.734-MONOMER,0.0,7.052994445144632e-36
P5CD_REV_g.2656.peg.947-MONOMER_mod_fad(1),0.0,0.008516179195483505
P5CD_FWD_g.2656.peg.947-MONOMER_mod_fad(1),0.0,-0.008517707472193782
P5CRyr_REV_629741.3.peg.743-MONOMER,0.0,-8.769535651133455e-07
P5CRyr_FWD_629741.3.peg.743-MONOMER,0.0,-1.2053654196437416e-35
PANTS_REV_629741.3.peg.1828-MONOMER_mod_mg2(1)_mod_nh4(1),0.0,-5.825877788912039e-07
PANTS_FWD_629741.3.peg.1828-MONOMER_mod_mg2(1)_mod_nh4(1),0.0,-6.504077357068828e-09
PANTS_REV_629741.3.peg.1828-MONOMER_mod_mn2(1)_mod_nh4(1),0.0,-5.779506021824801e-07
PANTS_FWD_629741.3.peg.1828-MONOMER_mod_mn2(1)_mod_nh4(1),0.0,-1.8669006483451206e-09
PANTS_REV_629741.3.peg.1828-MONOMER_mod_mn2(1)_mod_k(1),0.0,-5.76083701534135e-07
PANTS_FWD_629741.3.peg.1828-MONOMER_mod_mn2(1)_mod_k(1),0.00023537793661416098,1.3771166490959232e-35
PANTS_REV_629741.3.peg.1828-MONOMER_mod_mg2(1)_mod_k(1),0.0,-5.807189949464637e-07
PANTS_FWD_629741.3.peg.1828-MONOMER_mod_mg2(1)_mod_k(1),0.0,-4.635293412328676e-09
PAPPT2_REV_g.2656.peg.1761-MONOMER,0.0,-3.585694615118988e-07
PAPPT2_FWD_g.2656.peg.1761-MONOMER,0.0,-2.2119338589325557e-35
PAPPT3_REV_g.2656.peg.1761-MONOMER,0.0,-3.585694615118988e-07
PAPPT3_FWD_g.2656.peg.1761-MONOMER,0.0,3.8573539347320946e-35
PBt_REV_g.2656.peg.2838-MONOMER,0.0,-6.863134580976649e-07
PBt_FWD_g.2656.peg.2838-MONOMER,0.0,-8.717593945983007e-36
PDHa_REV_CPLX_dummy,0.0,-6.494868459312484e-07
PDHa_FWD_CPLX_dummy,0.47627229512066493,-1.8447826534202422e-36
PDHbr_REV_g.2656.peg.2670-MONOMER,0.0,-2.994002301372568e-07
PDHbr_FWD_g.2656.peg.2670-MONOMER,0.47627229512066493,-3.3886506025499744e-35
PDHc_REV_g.2656.peg.2341-MONOMER,0.0,-5.985162509443003e-07
PDHc_FWD_g.2656.peg.2341-MONOMER,0.0,-1.2191019917786947e-07
PDHc_REV_g.2656.peg.327-MONOMER,0.0,-6.739224512291336e-07
PDHc_FWD_g.2656.peg.327-MONOMER,0.0,-1.9731639946270266e-07
PDHc_REV_g.2656.peg.1323-MONOMER,0.0,-5.952735071045345e-07
PDHc_FWD_g.2656.peg.1323-MONOMER,0.0,-1.1866745533810361e-07
PDHc_REV_g.2656.peg.1450-MONOMER,0.0,-4.7660605176643093e-07
PDHc_FWD_g.2656.peg.1450-MONOMER,0.47627229512066493,-4.068645108689469e-36
PDX5PO_REV_g.2656.peg.1889-MONOMER,0.0,0.0021270206330921315
PDX5PO_FWD_g.2656.peg.1889-MONOMER,0.0,-0.0021272041403085726
PDX5PO2_REV_629741.3.peg.2754-MONOMER_mod_fmn(1),0.0,0.0021266931952756995
PDX5PO2_FWD_629741.3.peg.2754-MONOMER_mod_fmn(1),0.0,-0.0021269074907374038
PDX5PS_REV_629741.3.peg.1216-MONOMER,0.0,0.029819635382964293
PDX5PS_FWD_629741.3.peg.1216-MONOMER,0.0,-0.029820756977752202
PDX5PSYN_REV_g.2656.peg.305-MONOMER,0.0,0.02981988172854021
PDX5PSYN_FWD_g.2656.peg.305-MONOMER,0.0,-0.029820510632176285
PEPCK_REV_g.2656.peg.494-MONOMER,0.0,0.01704950579499966
PEPCK_FWD_g.2656.peg.494-MONOMER,0.0,-0.0170502127633726
PEPCK_REV_g.2656.peg.2422-MONOMER,0.0,0.01704945152523342
PEPCK_FWD_g.2656.peg.2422-MONOMER,0.0,-0.01705026703313884
PEPGLY_REV_g.2656.peg.1182-MONOMER,0.0,-1.4733937719243411e-06
PEPGLY_FWD_g.2656.peg.1182-MONOMER,0.0,2.0317344831758767e-35
PERD_REV_CPLX_dummy,2.4719746893283504e-23,6.447419397700694e-37
PERD_FWD_CPLX_dummy,0.0,-6.494868459312484e-07
PETHCT_REV_g.2656.peg.2825-MONOMER_mod_mg2(1),0.0,-4.14070346053676e-07
PETHCT_FWD_g.2656.peg.2825-MONOMER_mod_mg2(1),0.0,7.560957446314494e-37
PFK_REV_CPLX_dummy,0.0,0.01705018529625641
PFK_FWD_CPLX_dummy,0.0,-0.01705083478310234
PFK_2_REV_g.2656.peg.2550-MONOMER_mod_mg2(1),0.0,-9.21197528484576e-07
PFK_2_FWD_g.2656.peg.2550-MONOMER_mod_mg2(1),0.0,-9.219012477045288e-36
PGAMT_REV_629741.3.peg.1560-MONOMER,0.0038011698278392334,1.764929752754818e-36
PGAMT_FWD_629741.3.peg.1560-MONOMER,0.0,-8.997776142155886e-07
PGCDr_REV_CPLX_dummy,0.0,-6.494868459312484e-07
PGCDr_FWD_CPLX_dummy,0.0,6.447419397700694e-37
PGI_REV_629741.3.peg.1435-MONOMER,0.0,-7.196547119116134e-07
PGI_FWD_629741.3.peg.1435-MONOMER,0.28846865543040195,1.7043665002967825e-36
PGK_REV_629741.3.peg.2267-MONOMER,-2.6074310761989704e-32,-2.1853414470004112e-36
PGK_FWD_629741.3.peg.2267-MONOMER,0.0,-5.349718482659488e-07
PGL_REV_629741.3.peg.2743-MONOMER,0.0,0.010646723495168698
PGL_FWD_629741.3.peg.2743-MONOMER,0.0,-0.01064747407826692
PGLYCP_REV_g.2656.peg.293-MONOMER_mod_mg2(1)_mod_cl(1),0.0,-2.426013580630641e-08
PGLYCP_FWD_g.2656.peg.293-MONOMER_mod_mg2(1)_mod_cl(1),0.0,-1.3775589619874973e-35
PGM_REV_629741.3.peg.2682-MONOMER_mod_23bpg(1),6.688235291577063e-35,8.901070481863465e-36
PGM_FWD_629741.3.peg.2682-MONOMER_mod_23bpg(1),0.0,-0.04690297381434644
PGMT_REV_CPLX_dummy,0.0,-6.494868459312484e-07
PGMT_FWD_CPLX_dummy,0.13948286543040192,-6.6591042079749076e-37
PGPP120_REV_g.2656.peg.1383-MONOMER_mod_mg2(1),0.0,2.617999821004691e-07
PGPP120_FWD_g.2656.peg.1383-MONOMER_mod_mg2(1),0.0,-2.1686947546450318e-35
PGPP140_REV_g.2656.peg.1383-MONOMER_mod_mg2(1),0.0,2.617999821004691e-07
PGPP140_FWD_g.2656.peg.1383-MONOMER_mod_mg2(1),0.0,-5.968173899272534e-36
PGPP141_REV_g.2656.peg.1383-MONOMER_mod_mg2(1),0.0,0.05115242493821496
PGPP141_FWD_g.2656.peg.1383-MONOMER_mod_mg2(1),0.0,-0.051152163138232856
PGPP160_REV_g.2656.peg.1383-MONOMER_mod_mg2(1),0.0,2.617999821004691e-07
PGPP160_FWD_g.2656.peg.1383-MONOMER_mod_mg2(1),0.0,-3.216612997790217e-35
PGPP161_REV_g.2656.peg.1383-MONOMER_mod_mg2(1),0.0,0.05115242493821496
PGPP161_FWD_g.2656.peg.1383-MONOMER_mod_mg2(1),0.0,-0.051152163138232856
PGPP180_REV_g.2656.peg.1383-MONOMER_mod_mg2(1),0.0,2.617999821004691e-07
PGPP180_FWD_g.2656.peg.1383-MONOMER_mod_mg2(1),0.0024274233133520545,-2.1555182252830964e-34
PGPP181_REV_g.2656.peg.1383-MONOMER_mod_mg2(1),0.0,0.05115242493821496
PGPP181_FWD_g.2656.peg.1383-MONOMER_mod_mg2(1),0.0,-0.051152163138232856
PGPPAI15_REV_g.2656.peg.1383-MONOMER_mod_mg2(1),0.0,2.617999821004691e-07
PGPPAI15_FWD_g.2656.peg.1383-MONOMER_mod_mg2(1),6.139120006556265e-36,6.738610312089046e-35
PGPPAI17_REV_g.2656.peg.1383-MONOMER_mod_mg2(1),0.0,2.617999821004691e-07
PGPPAI17_FWD_g.2656.peg.1383-MONOMER_mod_mg2(1),0.0024274233133520545,1.9313629229831275e-34
PGPPI14_REV_g.2656.peg.1383-MONOMER_mod_mg2(1),0.0,2.617999821004691e-07
PGPPI14_FWD_g.2656.peg.1383-MONOMER_mod_mg2(1),0.0,2.0229782179357104e-35
PGPPI15_REV_g.2656.peg.1383-MONOMER_mod_mg2(1),0.0,2.617999821004691e-07
PGPPI15_FWD_g.2656.peg.1383-MONOMER_mod_mg2(1),0.0,6.738610312089046e-35
PGPPI16_REV_g.2656.peg.1383-MONOMER_mod_mg2(1),0.0,2.617999821004691e-07
PGPPI16_FWD_g.2656.peg.1383-MONOMER_mod_mg2(1),0.0,6.018166519926731e-35
PGPPI17_REV_g.2656.peg.1383-MONOMER_mod_mg2(1),0.0,2.617999821004691e-07
PGPPI17_FWD_g.2656.peg.1383-MONOMER_mod_mg2(1),0.0024274233133520545,1.9313629229831275e-34
PGSA120_REV_g.2656.peg.2390-MONOMER_mod_mg2(1),0.0,-1.0690749210845913e-07
PGSA120_FWD_g.2656.peg.2390-MONOMER_mod_mg2(1),0.0,-2.9629824677311774e-36
PGSA140_REV_g.2656.peg.2390-MONOMER_mod_mg2(1),0.0,-1.0690749210845913e-07
PGSA140_FWD_g.2656.peg.2390-MONOMER_mod_mg2(1),0.0,4.320612931034508e-36
PGSA141_REV_g.2656.peg.2390-MONOMER_mod_mg2(1),0.0,-1.0690749210845913e-07
PGSA141_FWD_g.2656.peg.2390-MONOMER_mod_mg2(1),0.0,-1.0246577866496862e-35
PGSA160_REV_g.2656.peg.2390-MONOMER_mod_mg2(1),0.0,-1.0690749210845913e-07
PGSA160_FWD_g.2656.peg.2390-MONOMER_mod_mg2(1),0.0,4.320612931034508e-36
PGSA161_REV_g.2656.peg.2390-MONOMER_mod_mg2(1),0.0,-1.0690749210845913e-07
PGSA161_FWD_g.2656.peg.2390-MONOMER_mod_mg2(1),0.0,-1.0246577866496862e-35
PGSA180_REV_g.2656.peg.2390-MONOMER_mod_mg2(1),0.0,-1.0690749210845913e-07
PGSA180_FWD_g.2656.peg.2390-MONOMER_mod_mg2(1),0.0024274233133520545,1.888780372856588e-35
PGSA181_REV_g.2656.peg.2390-MONOMER_mod_mg2(1),0.0,-1.0690749210845913e-07
PGSA181_FWD_g.2656.peg.2390-MONOMER_mod_mg2(1),0.0,-1.0246577866496862e-35
PGSAAI15_REV_g.2656.peg.2390-MONOMER_mod_mg2(1),0.0,-1.0690749210845913e-07
PGSAAI15_FWD_g.2656.peg.2390-MONOMER_mod_mg2(1),6.139120006556265e-36,-2.4813768664028234e-35
PGSAAI17_REV_g.2656.peg.2390-MONOMER_mod_mg2(1),0.0,-1.0690749210845913e-07
PGSAAI17_FWD_g.2656.peg.2390-MONOMER_mod_mg2(1),0.0024274233133520545,-2.4813768664028234e-35
PGSAI14_REV_g.2656.peg.2390-MONOMER_mod_mg2(1),0.0,-1.0690749210845913e-07
PGSAI14_FWD_g.2656.peg.2390-MONOMER_mod_mg2(1),0.0,2.4997140813430868e-36
PGSAI15_REV_g.2656.peg.2390-MONOMER_mod_mg2(1),0.0,-1.0690749210845913e-07
PGSAI15_FWD_g.2656.peg.2390-MONOMER_mod_mg2(1),0.0,-2.4813768664028234e-35
PGSAI16_REV_g.2656.peg.2390-MONOMER_mod_mg2(1),0.0,-1.0690749210845913e-07
PGSAI16_FWD_g.2656.peg.2390-MONOMER_mod_mg2(1),0.0,2.954938793765942e-36
PGSAI17_REV_g.2656.peg.2390-MONOMER_mod_mg2(1),0.0,-1.0690749210845913e-07
PGSAI17_FWD_g.2656.peg.2390-MONOMER_mod_mg2(1),0.0024274233133520545,-8.308253185415371e-35
PHETA1_REV_629741.3.peg.1034-MONOMER_mod_pydx5p(1),0.0,-6.250890572433851e-07
PHETA1_FWD_629741.3.peg.1034-MONOMER_mod_pydx5p(1),0.0,3.224191693271807e-36
PHEt2r_REV_CPLX_dummy,0.0,-6.494868459312484e-07
PHEt2r_FWD_CPLX_dummy,0.02328816506928428,-3.841437993287742e-37
PHTHRDH_REV_g.2656.peg.171-MONOMER,2.4719746893283504e-23,-4.087887437081733e-36
PHTHRDH_FWD_g.2656.peg.171-MONOMER,0.0,-4.2898405807010036e-07
PHYCBOXL_REV_g.2656.peg.2937-MONOMER_mod_mg2(1),0.0,-1.023756518954565e-06
PHYCBOXL_FWD_g.2656.peg.2937-MONOMER_mod_mg2(1),0.0,3.267619334024919e-37
PIabc_REV_CPLX_dummy,0.0,0.012787446051675007
PIabc_FWD_CPLX_dummy,0.0,-0.012788095538520939
PIt6b_REV_g.2656.peg.447-MONOMER,0.9470083216562848,3.711285518612268e-35
PIt6b_FWD_g.2656.peg.447-MONOMER,0.0,-3.0959745050202444e-07
PMANM_REV_g.2656.peg.1350-MONOMER,0.0,-8.969938673631884e-07
PMANM_FWD_g.2656.peg.1350-MONOMER,0.0,2.535164830072086e-36
PMDPHT_REV_CPLX_dummy,0.0,-6.494868459312484e-07
PMDPHT_FWD_CPLX_dummy,0.000470609278107817,-1.1507369374733625e-37
PMTCOATA_REV_g.2656.peg.446-MONOMER,0.0,-6.396952628719782e-08
PMTCOATA_FWD_g.2656.peg.446-MONOMER,0.0,-2.514394436049398e-07
PNP_REV_g.2656.peg.1415-MONOMER,0.0,-1.847284392392525e-06
PNP_FWD_g.2656.peg.1415-MONOMER,0.9997646711635386,-3.803939724926241e-36
PNTK_REV_629741.3.peg.2647-MONOMER,0.0,-7.949243452735998e-07
PNTK_FWD_629741.3.peg.2647-MONOMER,0.00023537793661416098,-5.561823928643788e-35
PPA_REV_g.2656.peg.854-MONOMER_mod_mg2(1),0.0,0.017049034253394053
PPA_FWD_g.2656.peg.854-MONOMER_mod_mg2(1),0.0,-0.017049444686972663
PPA2_REV_CPLX_dummy,0.0,0.017050244807088746
PPA2_FWD_CPLX_dummy,0.0,-0.017050894293934676
PPAKr_REV_g.2656.peg.971-MONOMER_mod_mg2(1),0.0,-3.836720556354634e-36
PPAKr_FWD_g.2656.peg.971-MONOMER_mod_mg2(1),0.0,-1.1751398372730268e-06
PPAt2_REV_CPLX_dummy,0.0,-6.494868459312484e-07
PPAt2_FWD_CPLX_dummy,0.0,5.011248662698137e-41
PPBNGS_REV_g.2656.peg.2654-MONOMER_mod_zn2(1),0.0,-1.1665241768319399e-07
PPBNGS_FWD_g.2656.peg.2654-MONOMER_mod_zn2(1),0.0,6.72035521426003e-37
PPCDC_REV_629741.3.peg.1265-MONOMER,0.0,-7.069683729385137e-07
PPCDC_FWD_629741.3.peg.1265-MONOMER,0.00023537793661416098,-7.35159423682128e-36
PPCDC_REV_629741.3.peg.3080-MONOMER_mod_fmn(1),0.0,-1.1331497291687553e-06
PPCDC_FWD_629741.3.peg.3080-MONOMER_mod_fmn(1),0.0,-4.261813562302416e-07
PPCDC_REV_629741.3.peg.3080-MONOMER_mod_mg2(1),0.0,-1.1379983355198378e-06
PPCDC_FWD_629741.3.peg.3080-MONOMER_mod_mg2(1),0.0,-4.3102996258132415e-07
PPCr_REV_g.2656.peg.2937-MONOMER_mod_mg2(1),0.0,-1.023756518954565e-06
PPCr_FWD_g.2656.peg.2937-MONOMER_mod_mg2(1),0.45071309021190525,-1.4008164879547543e-35
PPGPPDP_REV_g.2656.peg.578-MONOMER_mod_mn2(1),0.0,-9.836024072689043e-07
PPGPPDP_FWD_g.2656.peg.578-MONOMER_mod_mn2(1),0.0,-1.2362914031864985e-36
PPHTDK_REV_g.2656.peg.2250-MONOMER,0.0,-1.0893529014016816e-07
PPHTDK_FWD_g.2656.peg.2250-MONOMER,0.0,-5.483502427946819e-07
PPHTDK_REV_g.2656.peg.1529-MONOMER,0.0,4.1833873737768286e-35
PPHTDK_FWD_g.2656.peg.1529-MONOMER,0.0,-4.3941495265451375e-07
PPHTDT_REV_g.2656.peg.2250-MONOMER,0.0,-1.0893529014016816e-07
PPHTDT_FWD_g.2656.peg.2250-MONOMER,0.0,-5.483502427946819e-07
PPHTDT_REV_g.2656.peg.1529-MONOMER,0.0,4.1833873737768286e-35
PPHTDT_FWD_g.2656.peg.1529-MONOMER,0.0,-4.3941495265451375e-07
PPIACPT_REV_g.2656.peg.523-MONOMER,0.0,-4.3874784129406653e-07
PPIACPT_FWD_g.2656.peg.523-MONOMER,0.4690292046968912,-2.510000970741845e-36
PPIt2e_REV_g.2656.peg.447-MONOMER,0.0,-3.0959745050202444e-07
PPIt2e_FWD_g.2656.peg.447-MONOMER,0.0,-1.8141208939163523e-36
PPNCL3_REV_629741.3.peg.1265-MONOMER,0.0,-7.069683729385137e-07
PPNCL3_FWD_629741.3.peg.1265-MONOMER,0.00023537793661416098,1.3283362880571777e-34
PPNCL3_REV_629741.3.peg.3080-MONOMER_mod_fmn(1),0.0,-1.1331497291687553e-06
PPNCL3_FWD_629741.3.peg.3080-MONOMER_mod_fmn(1),0.0,-4.261813562302416e-07
PPNCL3_REV_629741.3.peg.3080-MONOMER_mod_mg2(1),0.0,-1.1379983355198378e-06
PPNCL3_FWD_629741.3.peg.3080-MONOMER_mod_mg2(1),0.0,-4.3102996258132415e-07
PPND_REV_629741.3.peg.231-MONOMER,0.0,-1.6941789567212404e-07
PPND_FWD_629741.3.peg.231-MONOMER,0.0,-3.3624760930295565e-07
PPND2_REV_g.2656.peg.1181-MONOMER,0.0,5.2396186189038816e-08
PPND2_FWD_g.2656.peg.1181-MONOMER,0.0,-5.580616911641185e-07
PPNDH_REV_629741.3.peg.733-MONOMER,0.0,0.09378154123363691
PPNDH_FWD_629741.3.peg.733-MONOMER,0.0,-0.09378235670882387
PPPNt2r_REV_g.2656.peg.2786-MONOMER,0.0,-1.3366176594526653e-09
PPPNt2r_FWD_g.2656.peg.2786-MONOMER,0.0,6.177269793229693e-38
PPS_REV_g.2656.peg.2889-MONOMER_mod_mg2(1),0.0,0.017050438528584608
PPS_FWD_g.2656.peg.2889-MONOMER_mod_mg2(1),0.0,-0.017051375872232457
PPTT_REV_g.2656.peg.1858-MONOMER_mod_mg2(1),0.0,-7.813927639833753e-07
PPTT_FWD_g.2656.peg.1858-MONOMER_mod_mg2(1),8.946060061059245e-37,5.672249772332589e-36
PRAGS_REV_629741.3.peg.2774-MONOMER_mod_mg2(1),0.0,-9.44291492279734e-08
PRAGS_FWD_629741.3.peg.2774-MONOMER_mod_mg2(1),0.0,-7.039941401076087e-35
PRAI_REV_629741.3.peg.1214-MONOMER,0.0,-3.9639141717557545e-07
PRAI_FWD_629741.3.peg.1214-MONOMER,0.0,2.1940567648258317e-37
PRAIS_REV_629741.3.peg.1621-MONOMER_mod_k(1)_mod_mg2(1),0.0,1.3907707368793223e-07
PRAIS_FWD_629741.3.peg.1621-MONOMER_mod_k(1)_mod_mg2(1),0.0,9.11824475895742e-37
PRAMPC_REV_CPLX_PRAMPC-0,0.0,-2.3994224684059704e-07
PRAMPC_FWD_CPLX_PRAMPC-0,0.007827805156863077,-9.392938911793775e-36
PRASCSi_REV_629741.3.peg.1030-MONOMER,0.0,-4.839976128376984e-07
PRASCSi_FWD_629741.3.peg.1030-MONOMER,-3.850361441068089e-36,-1.0698264145846113e-34
PRATPP_REV_CPLX_PRAMPC-0,0.0,-2.3994224684059704e-07
PRATPP_FWD_CPLX_PRAMPC-0,0.007827805156863077,-5.478707136439376e-35
PRFGS_REV_629741.3.peg.1293-MONOMER_mod_mg2(1),0.0,-9.230689130506954e-07
PRFGS_FWD_629741.3.peg.1293-MONOMER_mod_mg2(1),0.0,-1.1549337010032531e-35
PRMICI_REV_g.2656.peg.81-MONOMER,0.0,-5.639906693066247e-07
PRMICI_FWD_g.2656.peg.81-MONOMER,0.007827805156863077,4.0262484821738995e-36
PRO1x_REV_g.2656.peg.2372-MONOMER,0.0,-1.4400250986184806e-06
PRO1x_FWD_g.2656.peg.2372-MONOMER,0.0,-1.1944336978280925e-07
PROD2_REV_g.2656.peg.947-MONOMER_mod_fad(1),0.0,0.012795584168125422
PROD2_FWD_g.2656.peg.947-MONOMER_mod_fad(1),0.0,-0.0127971124448357
PROD3_REV_g.2656.peg.947-MONOMER_mod_fad(1),0.0,-3.48027195555903e-35
PROD3_FWD_g.2656.peg.947-MONOMER_mod_fad(1),0.0,-1.5282767102782608e-06
PRODTHLOX_REV_g.2656.peg.1041-MONOMER,0.0,-7.379868750015794e-07
PRODTHLOX_FWD_g.2656.peg.1041-MONOMER,0.0,6.115161835233106e-38
PROt2r_REV_CPLX_dummy,0.0,-6.494868459312484e-07
PROt2r_FWD_CPLX_dummy,0.022167433503853726,-4.590652508627357e-37
PROt4_REV_g.2656.peg.754-MONOMER,0.0,-2.63149701768247e-07
PROt4_FWD_g.2656.peg.754-MONOMER,0.0,-4.595417598786608e-07
PRPPS_REV_g.2656.peg.2833-MONOMER_mod_mg2(1)_mod_pi(1),0.0,-7.030490488682313e-07
PRPPS_FWD_g.2656.peg.2833-MONOMER_mod_mg2(1)_mod_pi(1),0.0,-6.807778397710078e-09
PRPPS_REV_g.2656.peg.2833-MONOMER_mod_mn2(1)_mod_pi(1),0.0,-6.962412704705213e-07
PRPPS_FWD_g.2656.peg.2833-MONOMER_mod_mn2(1)_mod_pi(1),-1.8371197072127824e-32,3.9402965692416575e-35
PSCVT_REV_629741.3.peg.229-MONOMER,0.0,-8.365343992110916e-07
PSCVT_FWD_629741.3.peg.229-MONOMER,0.01156949309473492,-2.426708078519115e-35
PSD120_REV_g.2656.peg.2527-MONOMER,0.0,-5.582486750722564e-07
PSD120_FWD_g.2656.peg.2527-MONOMER,0.0,-3.6183382891972557e-37
PSD120_REV_g.2656.peg.13-MONOMER,0.0,-6.68905385035412e-07
PSD120_FWD_g.2656.peg.13-MONOMER,0.0,-1.1065670996315559e-07
PSD140_REV_g.2656.peg.2527-MONOMER,0.0,-5.582486750722564e-07
PSD140_FWD_g.2656.peg.2527-MONOMER,0.0,3.4882134406286656e-37
PSD140_REV_g.2656.peg.13-MONOMER,0.0,-6.68905385035412e-07
PSD140_FWD_g.2656.peg.13-MONOMER,0.0,-1.1065670996315559e-07
PSD141_REV_g.2656.peg.2527-MONOMER,0.0,-5.582486750722564e-07
PSD141_FWD_g.2656.peg.2527-MONOMER,0.0,3.4882134406286656e-37
PSD141_REV_g.2656.peg.13-MONOMER,0.0,-6.68905385035412e-07
PSD141_FWD_g.2656.peg.13-MONOMER,0.0,-1.1065670996315559e-07
PSD160_REV_g.2656.peg.2527-MONOMER,0.0,-5.582486750722564e-07
PSD160_FWD_g.2656.peg.2527-MONOMER,0.0,3.4882134406286656e-37
PSD160_REV_g.2656.peg.13-MONOMER,0.0,-6.68905385035412e-07
PSD160_FWD_g.2656.peg.13-MONOMER,0.0,-1.1065670996315559e-07
PSD161_REV_g.2656.peg.2527-MONOMER,0.0,-5.582486750722564e-07
PSD161_FWD_g.2656.peg.2527-MONOMER,0.0,3.4882134406286656e-37
PSD161_REV_g.2656.peg.13-MONOMER,0.0,-6.68905385035412e-07
PSD161_FWD_g.2656.peg.13-MONOMER,0.0,-1.1065670996315559e-07
PSD180_REV_g.2656.peg.2527-MONOMER,0.0,-5.582486750722564e-07
PSD180_FWD_g.2656.peg.2527-MONOMER,0.0008091411044506848,5.323407554941011e-36
PSD180_REV_g.2656.peg.13-MONOMER,0.0,-6.68905385035412e-07
PSD180_FWD_g.2656.peg.13-MONOMER,0.0,-1.1065670996315559e-07
PSD181_REV_g.2656.peg.2527-MONOMER,0.0,-5.582486750722564e-07
PSD181_FWD_g.2656.peg.2527-MONOMER,0.0,3.4882134406286656e-37
PSD181_REV_g.2656.peg.13-MONOMER,0.0,-6.68905385035412e-07
PSD181_FWD_g.2656.peg.13-MONOMER,0.0,-1.1065670996315559e-07
PSDAI15_REV_g.2656.peg.2527-MONOMER,0.0,-5.582486750722564e-07
PSDAI15_FWD_g.2656.peg.2527-MONOMER,0.0,-5.152900628366636e-35
PSDAI15_REV_g.2656.peg.13-MONOMER,0.0,-6.68905385035412e-07
PSDAI15_FWD_g.2656.peg.13-MONOMER,0.0,-1.1065670996315559e-07
PSDAI17_REV_g.2656.peg.2527-MONOMER,0.0,-5.582486750722564e-07
PSDAI17_FWD_g.2656.peg.2527-MONOMER,0.0008091411044506848,-6.047075212780462e-36
PSDAI17_REV_g.2656.peg.13-MONOMER,0.0,-6.68905385035412e-07
PSDAI17_FWD_g.2656.peg.13-MONOMER,0.0,-1.1065670996315559e-07
PSDI14_REV_g.2656.peg.2527-MONOMER,0.0,-5.582486750722564e-07
PSDI14_FWD_g.2656.peg.2527-MONOMER,0.0,2.4807868630106428e-36
PSDI14_REV_g.2656.peg.13-MONOMER,0.0,-6.68905385035412e-07
PSDI14_FWD_g.2656.peg.13-MONOMER,0.0,-1.1065670996315559e-07
PSDI15_REV_g.2656.peg.2527-MONOMER,0.0,-5.582486750722564e-07
PSDI15_FWD_g.2656.peg.2527-MONOMER,0.0,-5.152900628366636e-35
PSDI15_REV_g.2656.peg.13-MONOMER,0.0,-6.68905385035412e-07
PSDI15_FWD_g.2656.peg.13-MONOMER,0.0,-1.1065670996315559e-07
PSDI16_REV_g.2656.peg.2527-MONOMER,0.0,-5.582486750722564e-07
PSDI16_FWD_g.2656.peg.2527-MONOMER,0.0,1.0594765170454586e-36
PSDI16_REV_g.2656.peg.13-MONOMER,0.0,-6.68905385035412e-07
PSDI16_FWD_g.2656.peg.13-MONOMER,0.0,-1.1065670996315559e-07
PSDI17_REV_g.2656.peg.2527-MONOMER,0.0,-5.582486750722564e-07
PSDI17_FWD_g.2656.peg.2527-MONOMER,0.0008091411044506848,-5.152900628366636e-35
PSDI17_REV_g.2656.peg.13-MONOMER,0.0,-6.68905385035412e-07
PSDI17_FWD_g.2656.peg.13-MONOMER,0.0,-1.1065670996315559e-07
PSERT_REV_629741.3.peg.866-MONOMER,0.0,-8.208906267682106e-07
PSERT_FWD_629741.3.peg.866-MONOMER,0.0,-1.9308990651460483e-35
PSP_L_REV_629741.3.peg.891-MONOMER,0.0,0.004255112119132459
PSP_L_FWD_629741.3.peg.891-MONOMER,0.0,-0.004255679175767129
PSP_L_REV_629741.3.peg.859-MONOMER,0.0,0.004255179719776306
PSP_L_FWD_629741.3.peg.859-MONOMER,0.0,-0.004255611575123282
PSSA120_REV_g.2656.peg.2958-MONOMER,0.0,-1.9651017183473792e-08
PSSA120_FWD_g.2656.peg.2958-MONOMER,0.0,2.6942670350484613e-36
PSSA140_REV_g.2656.peg.2958-MONOMER,0.0,0.06820686137880032
PSSA140_FWD_g.2656.peg.2958-MONOMER,0.0,-0.0682068810298175
PSSA141_REV_g.2656.peg.2958-MONOMER,0.0,0.03410129269824504
PSSA141_FWD_g.2656.peg.2958-MONOMER,0.0,-0.034101312349262225
PSSA160_REV_g.2656.peg.2958-MONOMER,0.0,0.025577335620053057
PSSA160_FWD_g.2656.peg.2958-MONOMER,0.0,-0.025577355271070242
PSSA161_REV_g.2656.peg.2958-MONOMER,0.0,0.03410129269824504
PSSA161_FWD_g.2656.peg.2958-MONOMER,0.0,-0.034101312349262225
PSSA180_REV_g.2656.peg.2958-MONOMER,0.0,-1.9651017183473792e-08
PSSA180_FWD_g.2656.peg.2958-MONOMER,0.0008091411044506848,1.3617295762412239e-37
PSSA181_REV_g.2656.peg.2958-MONOMER,0.0,0.03410129269824504
PSSA181_FWD_g.2656.peg.2958-MONOMER,0.0,-0.034101312349262225
PSSAAI15_REV_g.2656.peg.2958-MONOMER,0.0,-1.9651017183473792e-08
PSSAAI15_FWD_g.2656.peg.2958-MONOMER,0.0,8.199518343520297e-35
PSSAAI17_REV_g.2656.peg.2958-MONOMER,0.0,-1.9651017183473792e-08
PSSAAI17_FWD_g.2656.peg.2958-MONOMER,0.0008091411044506848,8.199518343520297e-35
PSSAI14_REV_g.2656.peg.2958-MONOMER,0.0,-1.9651017183473792e-08
PSSAI14_FWD_g.2656.peg.2958-MONOMER,0.0,1.4152199963362919e-36
PSSAI15_REV_g.2656.peg.2958-MONOMER,0.0,-1.9651017183473792e-08
PSSAI15_FWD_g.2656.peg.2958-MONOMER,0.0,1.229246886739924e-34
PSSAI16_REV_g.2656.peg.2958-MONOMER,0.0,-1.9651017183473792e-08
PSSAI16_FWD_g.2656.peg.2958-MONOMER,0.0,3.973314073760631e-36
PSSAI17_REV_g.2656.peg.2958-MONOMER,0.0,-1.9651017183473792e-08
PSSAI17_FWD_g.2656.peg.2958-MONOMER,0.0008091411044506848,8.199518343520297e-35
PTA2_REV_g.2656.peg.1139-MONOMER,0.0,-1.1017923462250833e-06
PTA2_FWD_g.2656.peg.1139-MONOMER,0.0,-3.471728504313395e-35
PTAr_REV_g.2656.peg.1139-MONOMER,0.0,-1.1017923462250833e-06
PTAr_FWD_g.2656.peg.1139-MONOMER,0.39333896689779113,5.21985820603666e-35
PTPAT_REV_629741.3.peg.3053-MONOMER_mod_mg2(1),0.0,-7.337143473783322e-07
PTPAT_FWD_629741.3.peg.3053-MONOMER_mod_mg2(1),0.00023530291415585516,7.398187212599381e-35
PTRCabc_REV_CPLX_PTRCabc-0,0.0,0.017048693955742128
PTRCabc_FWD_CPLX_PTRCabc-0,0.0,-0.017049009329187285
PUNP1_REV_g.2656.peg.1415-MONOMER,2.1906906352805795e-22,-2.7848784663306113e-36
PUNP1_FWD_g.2656.peg.1415-MONOMER,0.0,-1.847284392392525e-06
PUNP2_REV_g.2656.peg.1415-MONOMER,0.0,-1.847284392392525e-06
PUNP2_FWD_g.2656.peg.1415-MONOMER,1.4498474996675014e-22,4.3485503438387983e-36
PUNP3_REV_g.2656.peg.1415-MONOMER,0.0,-1.847284392392525e-06
PUNP3_FWD_g.2656.peg.1415-MONOMER,7.090043640544231e-23,9.443856636816948e-36
PUNP4_REV_g.2656.peg.1415-MONOMER,2.2933416512411197e-22,-7.370654130010946e-36
PUNP4_FWD_g.2656.peg.1415-MONOMER,0.0,-1.847284392392525e-06
PUNP5_REV_g.2656.peg.1415-MONOMER,0.9919368660066755,6.386672861030058e-36
PUNP5_FWD_g.2656.peg.1415-MONOMER,0.0,-1.847284392392525e-06
PUNP6_REV_g.2656.peg.1415-MONOMER,0.0,-7.467559491393514e-37
PUNP6_FWD_g.2656.peg.1415-MONOMER,0.0,-1.847284392392525e-06
PUNP7_REV_g.2656.peg.1415-MONOMER,0.007827805156863077,-6.193732918148976e-37
PUNP7_FWD_g.2656.peg.1415-MONOMER,0.0,-1.847284392392525e-06
PUTA3_REV_g.2656.peg.947-MONOMER_mod_fad(1),0.0,0.008515854452060538
PUTA3_FWD_g.2656.peg.947-MONOMER_mod_fad(1),0.0,-0.008517382728770817
PYAM5POr_REV_629741.3.peg.2754-MONOMER_mod_fmn(1),0.0,0.002127654725815431
PYAM5POr_FWD_629741.3.peg.2754-MONOMER_mod_fmn(1),0.0,-0.0021278690212771355
PYDAMK_REV_g.2656.peg.383-MONOMER,0.0,-8.069773428137057e-07
PYDAMK_FWD_g.2656.peg.383-MONOMER,0.0,-1.8551651645528764e-35
PYDAMabc_REV_CPLX_dummy,0.0,-6.494868459312484e-07
PYDAMabc_FWD_CPLX_dummy,0.0,-3.522364172704608e-36
PYDXK_REV_g.2656.peg.383-MONOMER,0.0,-8.069773428137057e-07
PYDXK_FWD_g.2656.peg.383-MONOMER,0.0002353097489700436,6.64127751676577e-35
PYDXNK_REV_g.2656.peg.383-MONOMER,0.0,-8.069773428137057e-07
PYDXNK_FWD_g.2656.peg.383-MONOMER,2.4719746893283504e-23,-3.939653557561521e-36
PYDXNabc_REV_CPLX_dummy,0.0,-6.494868459312484e-07
PYDXNabc_FWD_CPLX_dummy,2.4719746893283504e-23,-3.522364172704608e-36
PYDXabc_REV_CPLX_dummy,0.0,-6.494868459312484e-07
PYDXabc_FWD_CPLX_dummy,0.0002353097489700436,1.0206897992384211e-36
PYK_REV_g.2656.peg.1577-MONOMER_mod_mn2(1)_mod_k(1),0.0,-1.1976377595952846e-06
PYK_FWD_g.2656.peg.1577-MONOMER_mod_mn2(1)_mod_k(1),0.12009959945283731,2.874259808092533e-35
PYK_REV_g.2656.peg.1577-MONOMER_mod_mg2(1)_mod_k(1),0.0,-1.1994864149902298e-06
PYK_FWD_g.2656.peg.1577-MONOMER_mod_mg2(1)_mod_k(1),0.0,-1.8486553949449809e-09
PYRCT_REV_g.2656.peg.717-MONOMER,0.0,-2.515789946359062e-07
PYRCT_FWD_g.2656.peg.717-MONOMER,0.0,-2.515789946359062e-07
PYRCT_REV_g.2656.peg.149-MONOMER,449.5105138333194,2.450246601790341e-36
PYRCT_FWD_g.2656.peg.149-MONOMER,449.5105138333194,-2.4498262685763623e-36
RB5PE_REV_CPLX_dummy,0.0,3.147526356739524e-41
RB5PE_FWD_CPLX_dummy,0.0,-6.494868459312484e-07
RBFK_REV_629741.3.peg.367-MONOMER,0.0,-5.111026822410456e-07
RBFK_FWD_629741.3.peg.367-MONOMER,0.00023530636395196182,-3.515242305080441e-35
RBFSa_REV_629741.3.peg.1540-MONOMER,0.0,-9.279669459306422e-07
RBFSa_FWD_629741.3.peg.1540-MONOMER,0.000941218556215634,-2.823898280374221e-35
RBFSb_REV_629741.3.peg.805-MONOMER,0.0,-7.980396821671222e-07
RBFSb_FWD_629741.3.peg.805-MONOMER,0.000470609278107817,1.766676698094919e-35
RDH1_REV_g.2656.peg.2737-MONOMER,0.0,-8.880138338153422e-07
RDH1_FWD_g.2656.peg.2737-MONOMER,0.0,-1.469142253570943e-35
RHAT1_REV_CPLX_dummy,0.0,-6.494868459312484e-07
RHAT1_FWD_CPLX_dummy,0.0019005849139196167,9.589543223419814e-35
RHC_REV_CPLX_dummy,0.0,0.004261433977214427
RHC_FWD_CPLX_dummy,0.0,-0.0042620834640603586
RHCCE_REV_g.2656.peg.2471-MONOMER,0.0,0.004261484711045926
RHCCE_FWD_g.2656.peg.2471-MONOMER,0.0,-0.004261779634800103
RMPA_REV_g.2656.peg.320-MONOMER,0.0,2.219341802517553e-36
RMPA_FWD_g.2656.peg.320-MONOMER,0.0,-8.266656277091708e-07
RMPA2_REV_g.2656.peg.320-MONOMER,0.0,-8.266656277091708e-07
RMPA2_FWD_g.2656.peg.320-MONOMER,0.0,4.7489390818975374e-36
RNDR1_REV_g.2656.peg.146-MONOMER,0.0,-5.088403711389033e-07
RNDR1_FWD_g.2656.peg.146-MONOMER,0.0,-4.5669075359132993e-07
RNDR1_REV_g.2656.peg.588-MONOMER,0.0,-5.2149617547573324e-08
RNDR1_FWD_g.2656.peg.588-MONOMER,0.0032958289779613185,4.1688387982998755e-35
RNDR2_REV_g.2656.peg.146-MONOMER,0.0,-5.088403711389033e-07
RNDR2_FWD_g.2656.peg.146-MONOMER,0.0,-4.5669075359132993e-07
RNDR2_REV_g.2656.peg.588-MONOMER,0.0,-5.2149617547573324e-08
RNDR2_FWD_g.2656.peg.588-MONOMER,0.004020314593410351,1.5459349599281871e-35
RNDR3_REV_g.2656.peg.146-MONOMER,0.0,0.01918517164343637
RNDR3_FWD_g.2656.peg.146-MONOMER,0.0,-0.019186137174561104
RNDR3_REV_g.2656.peg.588-MONOMER,0.0,0.019185628334189964
RNDR3_FWD_g.2656.peg.588-MONOMER,0.0,-0.01918568048380751
RNDR4_REV_g.2656.peg.146-MONOMER,0.0,0.002134070771517817
RNDR4_FWD_g.2656.peg.146-MONOMER,0.0,-0.0021350363026425476
RNDR4_REV_g.2656.peg.588-MONOMER,0.0,0.002134527462271409
RNDR4_FWD_g.2656.peg.588-MONOMER,0.0,-0.0021345796118889563
RNTR1_REV_g.2656.peg.423-MONOMER,0.0,-7.600001848694402e-07
RNTR1_FWD_g.2656.peg.423-MONOMER,0.0,-5.836372139061853e-08
RNTR2_REV_g.2656.peg.423-MONOMER,0.0,-4.35256761903816e-07
RNTR2_FWD_g.2656.peg.423-MONOMER,0.0,-3.831071443562427e-07
RNTR3_REV_g.2656.peg.423-MONOMER,0.0,0.019185245227045608
RNTR3_FWD_g.2656.peg.423-MONOMER,0.0,-0.019186063590951867
RNTR4_REV_g.2656.peg.423-MONOMER,0.0,0.002134469098550018
RNTR4_FWD_g.2656.peg.423-MONOMER,0.0,-0.002135287462456278
RPE_REV_g.2656.peg.557-MONOMER,0.0,-2.86271890361287e-07
RPE_FWD_g.2656.peg.557-MONOMER,0.9407964319152702,-5.096304794085573e-36
RPE_REV_g.2656.peg.906-MONOMER,0.0,-3.9841660256208243e-07
RPE_FWD_g.2656.peg.906-MONOMER,0.0,-1.1214471220079542e-07
RPI_REV_CPLX_dummy,0.0,-6.494868459312484e-07
RPI_FWD_CPLX_dummy,0.9474394052132447,2.4513640509758494e-36
RZ5PP_REV_CPLX_dummy,0.0,-6.494868459312484e-07
RZ5PP_FWD_CPLX_dummy,0.0,1.0206897992384211e-36
S17BPH_REV_g.2656.peg.1865-MONOMER,0.0,-4.03849819315186e-07
S17BPH_FWD_g.2656.peg.1865-MONOMER,0.9550417448689231,4.1180448981860827e-35
S7PIr_REV_CPLX_dummy,0.0,-6.494868459312484e-07
S7PIr_FWD_CPLX_dummy,0.007602339655678467,-6.742937949159168e-38
SADH_REV_g.2656.peg.877-MONOMER,0.0,-6.901334884700079e-07
SADH_FWD_g.2656.peg.877-MONOMER,0.0,3.665270929643988e-36
SALCpts_REV_g.2656.peg.1698-MONOMER,0.0,-6.516051327405461e-07
SALCpts_FWD_g.2656.peg.1698-MONOMER,0.0,-1.3316266447767538e-36
SBTDOX_REV_g.2656.peg.1633-MONOMER,0.0,6.788015163674682e-36
SBTDOX_FWD_g.2656.peg.1633-MONOMER,0.0,-4.5426604610725767e-07
SBTDOX_REV_g.2656.peg.1374-MONOMER,0.0,-1.3579130990549292e-08
SBTDOX_FWD_g.2656.peg.1374-MONOMER,0.0,-4.6784517709780697e-07
SBTpts_REV_g.2656.peg.1698-MONOMER,0.0,-6.516051327405461e-07
SBTpts_FWD_g.2656.peg.1698-MONOMER,0.0,-1.3316266447767538e-36
SDPDS_REV_g.2656.peg.1688-MONOMER_mod_zn2(1)_mod_cobalt2(1),0.0,-1.2462846755315528e-06
SDPDS_FWD_g.2656.peg.1688-MONOMER_mod_zn2(1)_mod_cobalt2(1),-1.9217628934045282e-29,2.786152708987649e-36
SEAHCYSHYD_REV_g.2656.peg.964-MONOMER,0.0,-1.6916222285764984e-07
SEAHCYSHYD_FWD_g.2656.peg.964-MONOMER,0.0,-2.1044604633308716e-37
SERATi_REV_629741.3.peg.1600-MONOMER,0.0,-1.3289732519382283e-06
SERATi_FWD_629741.3.peg.1600-MONOMER,0.004106184659773763,1.136774542946726e-34
SERt2r_REV_g.2656.peg.344-MONOMER,0.0,-2.289357726394033e-07
SERt2r_FWD_g.2656.peg.344-MONOMER,0.041607930761503646,-2.8151289776177247e-37
SGAT_REV_CPLX_G3PAT120-0,0.0,-4.5211899875530777e-07
SGAT_FWD_CPLX_G3PAT120-0,0.0032365644178027394,-1.0432957379790715e-36
SHCHD2_REV_CPLX_dummy,0.0,-6.494868459312484e-07
SHCHD2_FWD_CPLX_dummy,0.00023530291415585516,1.5275561802918015e-35
SHCHF_REV_CPLX_dummy,0.0,-6.494868459312484e-07
SHCHF_FWD_CPLX_dummy,0.00023530291415585516,1.8618447613007112e-35
SHK3Dr_REV_g.2656.peg.287-MONOMER,0.0,-8.615067434433261e-07
SHK3Dr_FWD_g.2656.peg.287-MONOMER,0.0,-6.882029097342668e-08
SHK3Dr_REV_g.2656.peg.1759-MONOMER,0.0,-7.926864524698994e-07
SHK3Dr_FWD_g.2656.peg.1759-MONOMER,0.01156949309473492,2.900460524343056e-35
SHKK_REV_629741.3.peg.2098-MONOMER_mod_ca2(1),0.0,-4.522586785781923e-07
SHKK_FWD_629741.3.peg.2098-MONOMER_mod_ca2(1),0.0,-3.009604317337128e-08
SHKK_REV_629741.3.peg.2098-MONOMER_mod_mg2(1),0.0,-4.6236671304993605e-07
SHKK_FWD_629741.3.peg.2098-MONOMER_mod_mg2(1),0.0,-4.020407764511504e-08
SHKK_REV_629741.3.peg.2098-MONOMER_mod_fe2(1),0.0,-4.22162635404821e-07
SHKK_FWD_629741.3.peg.2098-MONOMER_mod_fe2(1),0.01156949309473492,5.91245089694601e-36
SHKK_REV_629741.3.peg.2098-MONOMER_mod_mn2(1),0.0,-4.521653619085101e-07
SHKK_FWD_629741.3.peg.2098-MONOMER_mod_mn2(1),0.0,-3.0002726503689055e-08
SHKK_REV_629741.3.peg.2098-MONOMER_mod_k(1),0.0,-4.5385438761822196e-07
SHKK_FWD_629741.3.peg.2098-MONOMER_mod_k(1),0.0,-3.1691752213400935e-08
SHKK_REV_629741.3.peg.2098-MONOMER_mod_cobalt2(1),0.0,-4.499821635340849e-07
SHKK_FWD_629741.3.peg.2098-MONOMER_mod_cobalt2(1),0.0,-2.7819528129263917e-08
SHSL2_REV_g.2656.peg.1568-MONOMER,0.0,-2.6568001381253206e-08
SHSL2_FWD_g.2656.peg.1568-MONOMER,0.0,-6.018730110370302e-36
SO4t2_REV_CPLX_dummy,0.0,-1.881688417656931e-37
SO4t2_FWD_CPLX_dummy,0.0,-6.494868459312484e-07
SPMDabc_REV_CPLX_PTRCabc-0,0.0,-3.153734451550002e-07
SPMDabc_FWD_CPLX_PTRCabc-0,0.00023530291415585516,8.69598233759195e-36
SPMS_REV_g.2656.peg.465-MONOMER,0.0,-7.271254341618588e-07
SPMS_FWD_g.2656.peg.465-MONOMER,0.0,1.3469788925795326e-36
SPODM_REV_g.2656.peg.1180-MONOMER_mod_mn2(1),0.0,1.1369332588994126e-08
SPODM_FWD_g.2656.peg.1180-MONOMER_mod_mn2(1),0.0,-7.199080422062802e-35
SRTNt2_REV_CPLX_dummy,0.0,-6.494868459312484e-07
SRTNt2_FWD_CPLX_dummy,0.0,-1.881688417656931e-37
STCOATA_REV_g.2656.peg.446-MONOMER,0.0,-6.396978859913198e-08
STCOATA_FWD_g.2656.peg.446-MONOMER,0.0,-2.514394436049398e-07
SUCCITRDSs_REV_CPLX_dummy,0.0,-6.494868459312484e-07
SUCCITRDSs_FWD_CPLX_dummy,0.0,2.1605390962835682e-36
SUCCt2r_REV_g.2656.peg.2541-MONOMER,0.8700433130999391,1.396288418387821e-37
SUCCt2r_FWD_g.2656.peg.2541-MONOMER,0.0,-4.5197998214553364e-07
SUCORNTC_REV_CPLX_dummy,0.0,6.997375574860882e-07
SUCORNTC_FWD_CPLX_dummy,0.0,-1.3492244034173366e-06
SUCpts_REV_g.2656.peg.1698-MONOMER,0.0,-6.516051327405461e-07
SUCpts_FWD_g.2656.peg.1698-MONOMER,0.0,-1.3316266447767538e-36
TALA_REV_629741.3.peg.2222-MONOMER,0.0,-5.913956504194901e-07
TALA_FWD_629741.3.peg.2222-MONOMER,0.0,-2.5240533398499532e-08
TALA_REV_629741.3.peg.2303-MONOMER,0.0,-6.578637816896855e-07
TALA_FWD_629741.3.peg.2303-MONOMER,0.0,-9.170866466869491e-08
TDCOATA_REV_g.2656.peg.446-MONOMER,0.011403521210369276,1.869337190951654e-35
TDCOATA_FWD_g.2656.peg.446-MONOMER,0.0,-3.154092529778399e-07
TDG3PACT_REV_CPLX_G3PAT120-0,0.0,-4.5211899875530777e-07
TDG3PACT_FWD_CPLX_G3PAT120-0,0.0,-1.0432957379790715e-36
TDPDRE_REV_g.2656.peg.557-MONOMER,0.0,-2.86271890361287e-07
TDPDRE_FWD_g.2656.peg.557-MONOMER,0.0019005849139196167,7.428475235174329e-36
TDPDRRr_REV_g.2656.peg.495-MONOMER,0.0,-1.1334799962047693e-06
TDPDRRr_FWD_g.2656.peg.495-MONOMER,0.0019005849139196167,2.7258390972543987e-36
TDPGDH_REV_g.2656.peg.303-MONOMER_mod_nad(1),0.0,-8.559306973623395e-07
TDPGDH_FWD_g.2656.peg.303-MONOMER_mod_nad(1),0.0019005849139196167,-9.481988615007893e-36
TDSK_REV_g.2656.peg.1289-MONOMER_mod_mg2(1),0.0,-8.139667791937543e-07
TDSK_FWD_g.2656.peg.1289-MONOMER_mod_mg2(1),0.0019005849139196167,3.26362992282671e-36
THD1_REV_g.2656.peg.967-MONOMER,0.0,-4.5739162205959756e-07
THD1_FWD_g.2656.peg.967-MONOMER,0.0,-1.376345833727186e-08
THD1_REV_g.2656.peg.811-MONOMER,0.0,-4.4362816372232573e-07
THD1_FWD_g.2656.peg.811-MONOMER,0.3304614705104225,5.875723219296219e-35
THD2_REV_CPLX_THD2-0,0.0,0.008524759725131245
THD2_FWD_CPLX_THD2-0,0.0,-0.008525405573632154
THDPS_REV_g.2656.peg.1097-MONOMER,0.0,-5.198116607332326e-07
THDPS_FWD_g.2656.peg.1097-MONOMER,0.0,1.9632372749396642e-35
THIORDXi_REV_g.2656.peg.2476-MONOMER,0.0,0.0639349482407748
THIORDXi_FWD_g.2656.peg.2476-MONOMER,0.0,-0.06393468216217141
THMDt2r_REV_g.2656.peg.2882-MONOMER,0.0,-2.8493152902229707e-07
THMDt2r_FWD_g.2656.peg.2882-MONOMER,0.0,8.026581804964842e-37
THMabc_REV_g.2656.peg.1044-MONOMER,0.0,-2.485745747227258e-07
THMabc_FWD_g.2656.peg.1044-MONOMER,0.00023537874343100015,5.4625692734107214e-36
THRD_L_REV_629741.3.peg.1255-MONOMER_mod_pydx5p(1),0.0,0.04476659341649989
THRD_L_FWD_629741.3.peg.1255-MONOMER_mod_pydx5p(1),0.0,-0.04476781981371092
THRS_REV_629741.3.peg.622-MONOMER,0.0,-8.571593487126516e-07
THRS_FWD_629741.3.peg.622-MONOMER,0.01728809410094695,-1.1273570253345638e-34
THZPSN_REV_CPLX_THZPSN-0,0.0,0.16837150980494225
THZPSN_FWD_CPLX_THZPSN-0,0.0,-0.16837158138557562
TKT1_REV_629741.3.peg.1844-MONOMER_mod_thmpp(1)_mod_mn2(1)_mod_mg2(1),0.9474394052132447,-1.7034030312795984e-35
TKT1_FWD_629741.3.peg.1844-MONOMER_mod_thmpp(1)_mod_mn2(1)_mod_mg2(1),0.0,-1.013333365871959e-06
TKT2_REV_629741.3.peg.1844-MONOMER_mod_thmpp(1)_mod_mn2(1)_mod_mg2(1),0.0,-5.066666829359795e-07
TKT2_FWD_629741.3.peg.1844-MONOMER_mod_thmpp(1)_mod_mn2(1)_mod_mg2(1),0.0,-5.066666829359795e-07
TMDK1_REV_CPLX_dummy,0.0,0.006386534015259012
TMDK1_FWD_CPLX_dummy,0.0,-0.006387183502104943
TMDK2_REV_CPLX_dummy,0.0,0.006386858758681978
TMDK2_FWD_CPLX_dummy,0.0,-0.006387508245527909
TMDPK_REV_CPLX_dummy,0.0,-6.494868459312484e-07
TMDPK_FWD_CPLX_dummy,0.00023537874343100015,1.5759239793492497e-35
TMDPP_REV_g.2656.peg.2538-MONOMER,0.0,-9.178132406285882e-36
TMDPP_FWD_g.2656.peg.2538-MONOMER,0.0,-1.120087187992012e-06
TMDS_REV_g.2656.peg.895-MONOMER_mod_mg2(1),0.0,-5.009207035252813e-07
TMDS_FWD_g.2656.peg.895-MONOMER_mod_mg2(1),0.0032958289779613185,-2.0166812121262607e-36
TMPK_REV_g.2656.peg.1196-MONOMER_mod_mg2(1),0.0,-6.639125759640918e-07
TMPK_FWD_g.2656.peg.1196-MONOMER_mod_mg2(1),0.0,4.834888263190224e-35
TPI_REV_629741.3.peg.154-MONOMER,1.5011905005956436,9.497853545712887e-37
TPI_FWD_629741.3.peg.154-MONOMER,0.0,-5.221953737519917e-07
TRDOXOX_REV_g.2656.peg.852-MONOMER,0.0,2.9407032571802933e-35
TRDOXOX_FWD_g.2656.peg.852-MONOMER,0.0,-7.478160157140053e-07
TRDRr_REV_g.2656.peg.2699-MONOMER,0.0,-8.16970337082157e-07
TRDRr_FWD_g.2656.peg.2699-MONOMER,0.020629052926065004,5.71055600507076e-35
TREpts_REV_g.2656.peg.1698-MONOMER,0.0,-6.516051327405461e-07
TREpts_FWD_g.2656.peg.1698-MONOMER,0.0,-1.3316266447767538e-36
TRIOK_REV_g.2656.peg.2624-MONOMER,0.0,-8.173200180713721e-07
TRIOK_FWD_g.2656.peg.2624-MONOMER,1.110927901095057,5.309583034648827e-35
TRPS1_REV_629741.3.peg.2542-MONOMER,0.0,0.11508979791314405
TRPS1_FWD_629741.3.peg.2542-MONOMER,0.0,-0.11509037648248356
TRPS1_REV_629741.3.peg.1863-MONOMER,0.0,0.11509005827737667
TRPS1_FWD_629741.3.peg.1863-MONOMER,0.0,-0.11509011611825094
TRPS2_REV_629741.3.peg.2542-MONOMER,0.0,0.11508982683358118
TRPS2_FWD_629741.3.peg.2542-MONOMER,0.0,-0.11509040540292069
TRPS2_REV_629741.3.peg.1863-MONOMER,0.0,0.1150900871978138
TRPS2_FWD_629741.3.peg.1863-MONOMER,0.0,-0.11509014503868807
TRPS3_REV_629741.3.peg.2542-MONOMER,0.0,-3.182051068857964e-07
TRPS3_FWD_629741.3.peg.2542-MONOMER,0.0,-2.6036423262324407e-07
TRPS3_REV_629741.3.peg.1863-MONOMER,0.0,-5.7840874262552316e-08
TRPS3_FWD_629741.3.peg.1863-MONOMER,0.0,-2.0821140476387662e-35
TRPTA_REV_629741.3.peg.1034-MONOMER_mod_pydx5p(1),0.0,-5.086360290086781e-37
TRPTA_FWD_629741.3.peg.1034-MONOMER_mod_pydx5p(1),0.0,-6.250890572433851e-07
TRPt2r_REV_g.2656.peg.2122-MONOMER,0.0,-6.165227596829129e-07
TRPt2r_FWD_g.2656.peg.2122-MONOMER,0.08181818,-2.089587077582375e-38
TRYPTAt2_REV_CPLX_dummy,0.0,-6.494868459312484e-07
TRYPTAt2_FWD_CPLX_dummy,0.07573664990642545,-1.881688417656931e-37
TSULST_REV_g.2656.peg.1737-MONOMER,0.00011765145707792758,-3.433937167203153e-37
TSULST_FWD_g.2656.peg.1737-MONOMER,0.0,-3.624271981054816e-07
TSULabc_REV_CPLX_dummy,0.0,0.017049721670599677
TSULabc_FWD_CPLX_dummy,0.0,-0.017050371157445607
TTDCAt2_REV_g.2656.peg.889-MONOMER,0.0,-1.5052859812921456e-06
TTDCAt2_FWD_g.2656.peg.889-MONOMER,0.011403521210369276,9.821038108894997e-36
TYMt2r_REV_CPLX_dummy,0.0,1.6377969274779797e-35
TYMt2r_FWD_CPLX_dummy,0.0,-6.494868459312484e-07
TYRCBOX_REV_g.2656.peg.2937-MONOMER_mod_mg2(1),0.0,-1.023756518954565e-06
TYRCBOX_FWD_g.2656.peg.2937-MONOMER_mod_mg2(1),-1.2742424016129672e-30,5.8269300000962205e-36
TYRTA_REV_629741.3.peg.1034-MONOMER_mod_pydx5p(1),-8.89193917492029e-31,-1.6227641204679327e-35
TYRTA_FWD_629741.3.peg.1034-MONOMER_mod_pydx5p(1),0.0,-6.250890572433851e-07
U23GAAT_REV_g.2656.peg.1595-MONOMER,0.0,-8.837329081013234e-07
U23GAAT_FWD_g.2656.peg.1595-MONOMER,0.0038011698278392334,3.786003884311505e-34
UAAGDS_REV_g.2656.peg.1543-MONOMER,0.0,-6.966063159395463e-08
UAAGDS_FWD_g.2656.peg.1543-MONOMER,0.0,-9.215430133602634e-36
UAG4E_REV_g.2656.peg.1643-MONOMER_mod_nad(1),0.0,2.8294657414021273e-36
UAG4E_FWD_g.2656.peg.1643-MONOMER_mod_nad(1),0.0,-9.427261557083044e-07
UAGAAT_REV_g.2656.peg.1496-MONOMER,0.0,-8.905257545713518e-07
UAGAAT_FWD_g.2656.peg.1496-MONOMER,0.0038011698278392334,3.412309777359903e-34
UAGCVT_r_REV_g.2656.peg.1078-MONOMER,0.0,-8.845008531808562e-36
UAGCVT_r_FWD_g.2656.peg.1078-MONOMER,0.0,-1.4542771220122317e-07
UAGDP_REV_629741.3.peg.1396-MONOMER_mod_mg2(1),0.0,-1.2099824431661584e-06
UAGDP_FWD_629741.3.peg.1396-MONOMER_mod_mg2(1),0.0038011698278392334,4.626613471412925e-36
UAGPT2_REV_g.2656.peg.127-MONOMER,0.0,-6.324034081224538e-07
UAGPT2_FWD_g.2656.peg.127-MONOMER,0.0,-9.906392638066897e-37
UAGPT3_REV_g.2656.peg.127-MONOMER,0.0,-6.324034081224538e-07
UAGPT3_FWD_g.2656.peg.127-MONOMER,0.0,4.2693306936006737e-35
UAMAGS_REV_g.2656.peg.2529-MONOMER_mod_k(1)_mod_mg2(1),0.0,-7.663576585382701e-07
UAMAGS_FWD_g.2656.peg.2529-MONOMER_mod_k(1)_mod_mg2(1),0.0,-3.907514224096564e-35
UAMAS_REV_g.2656.peg.991-MONOMER_mod_mg2(1),0.0,-1.0399174923426684e-06
UAMAS_FWD_g.2656.peg.991-MONOMER_mod_mg2(1),0.0,1.309606687489918e-35
UAPGR_REV_g.2656.peg.2059-MONOMER_mod_fad(1),0.0,1.0140639229928302e-07
UAPGR_FWD_g.2656.peg.2059-MONOMER_mod_fad(1),0.0,-6.6815708618365416e-37
UDCPDP_REV_CPLX_dummy,0.0,-6.494868459312484e-07
UDCPDP_FWD_CPLX_dummy,0.0,2.8279013630896596e-35
UDCPDPS_REV_g.2656.peg.894-MONOMER_mod_mg2(1),0.0,-3.0660771147150833e-07
UDCPDPS_FWD_g.2656.peg.894-MONOMER_mod_mg2(1),0.0019005849139196167,-1.0072877215296158e-34
UDPG4E_REV_g.2656.peg.1643-MONOMER_mod_nad(1),0.14898579,-5.849372594704009e-36
UDPG4E_FWD_g.2656.peg.1643-MONOMER_mod_nad(1),0.0,-9.427261557083044e-07
UDPGP_REV_g.2656.peg.1099-MONOMER_mod_cobalt2(1),0.0,0.017050901248000135
UDPGP_FWD_g.2656.peg.1099-MONOMER_mod_cobalt2(1),0.0,-0.0170519739751491
UDPGP_REV_g.2656.peg.1099-MONOMER_mod_zn2(1),0.0,0.017050902508117916
UDPGP_FWD_g.2656.peg.1099-MONOMER_mod_zn2(1),0.0,-0.017051972715031317
UGMDDS_REV_CPLX_dummy,0.0,-6.494868459312484e-07
UGMDDS_FWD_CPLX_dummy,0.0,-2.6237634032419755e-35
UHGADA_REV_g.2656.peg.1461-MONOMER,0.0,-4.483270811007153e-07
UHGADA_FWD_g.2656.peg.1461-MONOMER,0.0038011698278392334,-1.7524003306824302e-36
UMPK_REV_629741.3.peg.2491-MONOMER,0.0,-1.0775226433682613e-06
UMPK_FWD_629741.3.peg.2491-MONOMER,0.02113100973069019,3.179225227829636e-35
UPP3MT_REV_CPLX_dummy,0.0,-6.494868459312484e-07
UPP3MT_FWD_CPLX_dummy,0.00023530291415585516,6.655478274193315e-36
UPP3S_REV_g.2656.peg.3076-MONOMER,0.0,-3.4971394580227895e-07
UPP3S_FWD_g.2656.peg.3076-MONOMER,0.0,-2.922200350618278e-41
UPPDC1_REV_g.2656.peg.1844-MONOMER,0.0,-8.452732916160906e-07
UPPDC1_FWD_g.2656.peg.1844-MONOMER,0.0,3.003863829370107e-36
UPPDC2b_REV_g.2656.peg.1844-MONOMER,0.0,-8.452732916160906e-07
UPPDC2b_FWD_g.2656.peg.1844-MONOMER,0.0,-2.7182915796483795e-36
UPPRT_REV_g.2656.peg.307-MONOMER,0.0,-7.555472952569813e-07
UPPRT_FWD_g.2656.peg.307-MONOMER,0.0,2.3293561714033954e-36
URIDK3_REV_g.2656.peg.172-MONOMER_mod_mg2(1),0.0032958289779613185,-1.4145287220305011e-36
URIDK3_FWD_g.2656.peg.172-MONOMER_mod_mg2(1),0.0,-5.383635175767126e-07
URIK1_REV_CPLX_dummy,0.0,-6.494868459312484e-07
URIK1_FWD_CPLX_dummy,0.008372888353621733,-8.471237900038438e-36
URIt2r_REV_g.2656.peg.2882-MONOMER,0.0,-2.8493152902229707e-07
URIt2r_FWD_g.2656.peg.2882-MONOMER,0.008372888353621733,-4.65444302005581e-38
USHD_REV_g.2656.peg.77-MONOMER,0.0,-8.122347922060974e-07
USHD_FWD_g.2656.peg.77-MONOMER,0.0019005849139196167,-5.430421945326339e-35
UTPATPT_REV_629741.3.peg.2295-MONOMER_mod_mg2(1),0.0,-1.9919158922039077e-07
UTPATPT_FWD_629741.3.peg.2295-MONOMER_mod_mg2(1),0.0,-3.247434229656242e-07
VALTA_REV_629741.3.peg.2363-MONOMER_mod_pydx5p(6),0.0,-9.591473410250503e-07
VALTA_FWD_629741.3.peg.2363-MONOMER_mod_pydx5p(6),0.00023537793661416098,7.794215823144797e-36
VALTA_REV_629741.3.peg.2363-MONOMER_mod_pydx5p(1),0.0,-9.906459391795864e-07
VALTA_FWD_629741.3.peg.2363-MONOMER_mod_pydx5p(1),0.0,-3.1498598154536185e-08
VALt2r_REV_g.2656.peg.667-MONOMER,0.0,-1.8664352641064834e-07
VALt2r_FWD_g.2656.peg.667-MONOMER,0.0,-1.8664352641064834e-07
VALt2r_REV_g.2656.peg.828-MONOMER,0.0,-6.743818626839039e-41
VALt2r_FWD_g.2656.peg.828-MONOMER,0.028639839939797827,-6.743818626839039e-41
XPPTr_REV_g.2656.peg.2505-MONOMER,0.0,-4.92603425836321e-07
XPPTr_FWD_g.2656.peg.2505-MONOMER,0.007827805156863077,-7.669470803150776e-37
XU5PG3PL_REV_g.2656.peg.320-MONOMER,0.0,-8.266656277091708e-07
XU5PG3PL_FWD_g.2656.peg.320-MONOMER,1.8882358371285148,9.05077652606298e-35
XYLI1_REV_g.2656.peg.999-MONOMER,0.0,-6.051550674669209e-07
XYLI1_FWD_g.2656.peg.999-MONOMER,0.0,4.970866855683999e-41
XYLI2_REV_g.2656.peg.999-MONOMER,0.0,9.875080964340964e-37
XYLI2_FWD_g.2656.peg.999-MONOMER,0.0,-6.051550674669209e-07
YUMPS_REV_CPLX_YUMPS-2,0.0,-9.855375431010705e-08
YUMPS_FWD_CPLX_YUMPS-2,0.0,-5.829123579251276e-07
YUMPS_REV_CPLX_YUMPS-1,0.0,-3.8974624360056984e-36
YUMPS_FWD_CPLX_YUMPS-1,0.0,-4.843586036150206e-07
YUMPS_REV_CPLX_YUMPS-0,0.0,-3.3257315995112265e-07
YUMPS_FWD_CPLX_YUMPS-0,0.0,-8.169317635661433e-07
ZN2t4_REV_g.2656.peg.529-MONOMER,1.560139647017086e-07,-4.066141384360083e-37
ZN2t4_FWD_g.2656.peg.529-MONOMER,0.0,-5.177515581424791e-07
ZNabc_REV_CPLX_ZNabc-0,0.0,0.02131178006596053
ZNabc_FWD_CPLX_ZNabc-0,0.0,-0.021312486479459932
dreplication_REV_CPLX_dreplication-5,0.0,-7.658253725879701e-07
dreplication_FWD_CPLX_dreplication-5,0.0,-3.758468606799059e-08
dreplication_REV_CPLX_dreplication-2,0.0,-7.282406865199795e-07
dreplication_FWD_CPLX_dreplication-2,7.547939990101942e-23,4.1564150825783375e-40
dreplication_REV_CPLX_dreplication-3,0.0,-7.645730302890299e-07
dreplication_FWD_CPLX_dreplication-3,0.0,-3.633234376905049e-08
dreplication_REV_CPLX_dreplication-6,0.0,-7.300664602200185e-07
dreplication_FWD_CPLX_dreplication-6,0.0,-1.8257737000389742e-09
dreplication_REV_CPLX_dreplication-4,0.0,-7.300623218158606e-07
dreplication_FWD_CPLX_dreplication-4,0.0,-1.8216352958810631e-09
dreplication_REV_CPLX_dreplication-1,0.0,-7.640189630073333e-07
dreplication_FWD_CPLX_dreplication-1,0.0,-3.577827648735375e-08
dreplication_REV_CPLX_dreplication-7,0.0,-7.664187083662789e-07
dreplication_FWD_CPLX_dreplication-7,0.0,-3.8178021846299506e-08
dreplication_REV_CPLX_dreplication-0,0.0,-7.282753429302699e-07
dreplication_FWD_CPLX_dreplication-0,0.0,-3.4656410290403114e-11
pbiosynthesis_REV_CPLX_pbiosynthesis-2,0.0,-1.3573726020483269e-06
pbiosynthesis_FWD_CPLX_pbiosynthesis-2,0.0,-1.8453803755982931e-09
pbiosynthesis_REV_CPLX_pbiosynthesis-1,0.0,-1.3555272216727288e-06
pbiosynthesis_FWD_CPLX_pbiosynthesis-1,0.0,6.52862501560802e-41
pbiosynthesis_REV_CPLX_pbiosynthesis-0,0.0,-1.4211343194151174e-06
pbiosynthesis_FWD_CPLX_pbiosynthesis-0,0.0,-6.560709774238878e-08
pbiosynthesis_REV_CPLX_pbiosynthesis-3,0.0,-1.356357499668837e-06
pbiosynthesis_FWD_CPLX_pbiosynthesis-3,0.0,-8.302779961084001e-10
r0120_REV_g.2656.peg.1998-MONOMER,0.0,2.575730473988982e-07
r0120_FWD_g.2656.peg.1998-MONOMER,1.1680275713514192e-34,-1.0742188970457152e-35
r0127_REV_629741.3.peg.1733-MONOMER,0.0,-1.268894014540378e-06
r0127_FWD_629741.3.peg.1733-MONOMER,0.20723478158778796,-7.283935461069935e-35
r0163c_REV_g.2656.peg.79-MONOMER,0.0,-7.7047381675704e-07
r0163c_FWD_g.2656.peg.79-MONOMER,0.0,-2.6688335232764076e-07
r0339_REV_g.2656.peg.2624-MONOMER,0.0,0.01704801404272888
r0339_FWD_g.2656.peg.2624-MONOMER,0.0,-0.01704883136274695
r0345_REV_g.2656.peg.1804-MONOMER,0.0,-5.424675179957331e-36
r0345_FWD_g.2656.peg.1804-MONOMER,0.0,-5.223379659536734e-07
r0392_REV_g.2656.peg.2035-MONOMER_mod_mg2(1),0.0,-1.2011272929367083e-36
r0392_FWD_g.2656.peg.2035-MONOMER_mod_mg2(1),0.0,-7.688479933904544e-07
r0398_REV_g.2656.peg.2677-MONOMER_mod_fad(1),0.0,-6.622015154593314e-07
r0398_FWD_g.2656.peg.2677-MONOMER_mod_fad(1),0.0,2.527334450395184e-35
r0456_REV_CPLX_dummy,0.0,0.0021299574224729174
r0456_FWD_CPLX_dummy,0.0,-0.0021306069093188487
r0556ci_REV_g.2656.peg.510-MONOMER,0.0,-5.923261930423978e-07
r0556ci_FWD_g.2656.peg.510-MONOMER,0.0,5.194473119678934e-35
r0671_REV_g.2656.peg.494-MONOMER,0.0,-4.5349070593753205e-07
r0671_FWD_g.2656.peg.494-MONOMER,0.0,-2.534776670009816e-07
r0671_REV_g.2656.peg.2422-MONOMER,0.0,-5.07760472178224e-07
r0671_FWD_g.2656.peg.2422-MONOMER,0.0,-3.077474332416736e-07
r0708_REV_g.2656.peg.1998-MONOMER,0.0,2.575730473988982e-07
r0708_FWD_g.2656.peg.1998-MONOMER,0.0,5.698848726697455e-36
r0739_REV_g.2656.peg.2737-MONOMER,0.0,-8.880138338153422e-07
r0739_FWD_g.2656.peg.2737-MONOMER,0.0,-1.469142253570943e-35
r0775_REV_g.2656.peg.1998-MONOMER,0.0,2.575730473988982e-07
r0775_FWD_g.2656.peg.1998-MONOMER,2.5764207155550048e-33,-5.54530917285875e-36
r0777_REV_g.2656.peg.1998-MONOMER,0.0,2.575730473988982e-07
r0777_FWD_g.2656.peg.1998-MONOMER,0.0,1.2124023720715164e-35
r0792_REV_g.2656.peg.2703-MONOMER_mod_fad(1),0.0,-2.2181408186116287e-07
r0792_FWD_g.2656.peg.2703-MONOMER_mod_fad(1),0.0,-6.458514612679334e-07
r1384_REV_g.2656.peg.812-MONOMER,0.007827805156863077,3.9189524686748337e-38
r1384_FWD_g.2656.peg.812-MONOMER,0.0,-3.773064747231063e-07
r1667_REV_g.2656.peg.236-MONOMER,0.0,-3.4990806832291757e-07
r1667_FWD_g.2656.peg.236-MONOMER,0.0,-1.1662140762604527e-07
r1667_REV_g.2656.peg.2462-MONOMER,0.0,-2.332866606968723e-07
r1667_FWD_g.2656.peg.2462-MONOMER,0.12972138312675005,5.891895779201708e-36
r2137_REV_g.2656.peg.2574-MONOMER,0.0,0.0
r2137_FWD_g.2656.peg.2574-MONOMER,0.0,-3.138939624508015e-07
r2137_REV_g.2656.peg.2851-MONOMER,0.0,-1.6428774690326868e-08
r2137_FWD_g.2656.peg.2851-MONOMER,0.0,-3.303227371411284e-07
rtranscription_REV_CPLX_rtranscription-0,0.0,-1.0061212597816123e-06
rtranscription_FWD_CPLX_rtranscription-0,0.0,-6.005900774096326e-41
dummy_reaction_REV_SPONT,0.0,1.0
dummy_reaction_FWD_SPONT,3.13563636561004e-07,3.1653263074426336e-34
GAM,0.07598996097395613,-0.6820018565609056
ATPM,1.0,-0.017050046414022642
DNA_replication,0.014632287142743339,0.13914008655881963
formation_ribosome,2.8160570206696142e-06,-9.860761315262648e-32
formation_RNAP_g2656peg1599MONOMER,1.3745290743317303e-07,-2.2886124797274257e-33
formation_RNA_degradosome,4.873581005719593e-11,-3.0173758598236117e-33
formation_rRNA_containing_excision_machinery,5.486975976951776e-12,-1.2413271457626518e-32
formation_monocistronic_excision_machinery,1.4832699710718025e-11,0.0
g.2656.peg.1179-MONOMER_mod_2fe2s(1)_to_generic_2fe2s_transfer_complex,0.0,-1.2461082989585815e-34
g.2656.peg.466-MONOMER_mod_2fe2s(1)_to_generic_2fe2s_transfer_complex,0.0,-0.7099495754509182
g.2656.peg.1179-MONOMER_2fe2s_unloading,0.0,-5.266662445311587e-35
g.2656.peg.466-MONOMER_2fe2s_unloading,0.0,2.943906769403122e-35
g.2656.peg.1179-MONOMER_mod_4fe4s(1)_to_generic_4fe4s_transfer_complex,0.0,-3.115270747396454e-35
g.2656.peg.466-MONOMER_mod_4fe4s(1)_to_generic_4fe4s_transfer_complex,5.939533130442544e-19,0.0
g.2656.peg.1179-MONOMER_4fe4s_unloading,0.0,-0.7099498060024484
g.2656.peg.466-MONOMER_4fe4s_unloading,0.0,-2.3055153013501591e-07
translocation_g.2656.peg.135_Inner_Membrane,4.725098766572113e-30,-2.64048019411414e-34
translocation_g.2656.peg.13_Inner_Membrane,0.0,0.0
translocation_g.2656.peg.800_Inner_Membrane,3.21530806353289e-09,0.0
translocation_g.2656.peg.971_Membrane,7.342345694896508e-07,3.847958098110821e-34
translocation_629741.3.peg.1247_Membrane,0.0,3.7433485818945195e-34
translocation_g.2656.peg.1190_Membrane,2.4297428158878433e-09,0.0
translocation_g.2656.peg.2592_Inner_Membrane,0.0,8.850765629015964e-34
translocation_g.2656.peg.2541_Inner_Membrane,4.253767075618214e-07,2.072527782435413e-34
translocation_g.2656.peg.1403_Inner_Membrane,0.0,1.9122675107629507e-34
translocation_g.2656.peg.2838_Inner_Membrane,0.0,4.014849127710863e-34
translocation_g.2656.peg.529_Inner_Membrane,3.5708783788115714e-14,0.0
translocation_g.2656.peg.352_Inner_Membrane,6.800319283673538e-10,-2.0517183589470783e-34
translocation_g.2656.peg.1761_Inner_Membrane,0.0,-9.002078653904915e-35
translocation_g.2656.peg.2501_Inner_Membrane,3.958652889387356e-10,-1.831236172906553e-34
translocation_g.2656.peg.2704_Inner_Membrane,0.0,0.0
translocation_g.2656.peg.344_Inner_Membrane,1.439624433866953e-08,1.0273346109956195e-34
translocation_g.2656.peg.51_Inner_Membrane,4.047494257375099e-09,-3.3464753759523645e-35
translocation_629741.3.peg.2489_Inner_Membrane,2.3248925476367096e-10,0.0
translocation_629741.3.peg.1278_Inner_Membrane,0.0,4.286724512204124e-34
translocation_g.2656.peg.2677_Membrane,0.0,0.0
translocation_g.2656.peg.2430_Inner_Membrane,0.0,0.0
translocation_g.2656.peg.2416_Membrane,0.0,1.2823272509511625e-34
translocation_g.2656.peg.1415_Membrane,9.080191280444413e-07,0.0
translocation_g.2656.peg.1022_Inner_Membrane,5.012497456505516e-09,2.041509200640102e-34
translocation_g.2656.peg.1587_Inner_Membrane,-3.4638110674775275e-30,6.918757500894332e-34
translocation_629741.3.peg.2684_Membrane,7.822710403810827e-30,-2.9248726637700953e-34
translocation_g.2656.peg.104_Membrane,2.0959825392533336e-08,0.0
translocation_629741.3.peg.2733_Membrane,-1.7486517923212176e-29,-1.8976001043288747e-34
translocation_g.2656.peg.582_Inner_Membrane,0.0,0.0
translocation_g.2656.peg.2843_Inner_Membrane,0.0,2.4870664467433175e-34
translocation_g.2656.peg.2843_Inner_Membrane_alt,0.0,-0.009831387600023443
translocation_g.2656.peg.2863_Inner_Membrane,1.0186584784416535e-09,-1.0036682023877335e-34
translocation_g.2656.peg.2967_Periplasm,0.0,4.959234059445724e-34
translocation_g.2656.peg.2967_Periplasm_alt,0.0,-0.004402906399621986
translocation_g.2656.peg.2179_Inner_Membrane,1.4405848440899292e-09,0.0
translocation_g.2656.peg.2667_Inner_Membrane,0.0,-1.2026621035236929e-35
translocation_g.2656.peg.2940_Periplasm,0.0,0.0
translocation_g.2656.peg.678_Inner_Membrane,2.9076398707098535e-08,-1.8630300326631883e-34
translocation_629741.3.peg.2085_Membrane,0.0,-5.476601982350281e-34
translocation_g.2656.peg.1184_Inner_Membrane,5.361033289976751e-09,0.0
translocation_g.2656.peg.889_Outer_Membrane,2.9949931773079026e-09,-4.6142057209830144e-34
translocation_g.2656.peg.1396_Inner_Membrane,4.034072321328185e-10,0.0
translocation_g.2656.peg.1053_Inner_Membrane,1.8102102752424056e-07,-3.7495809715692694e-34
translocation_g.2656.peg.667_Inner_Membrane,1.4148587282084423e-42,9.766253981871335e-35
translocation_g.2656.peg.2765_Inner_Membrane,0.0,0.0
translocation_g.2656.peg.1552_Inner_Membrane,4.525258880256288e-10,1.621477272896007e-34
translocation_g.2656.peg.2285_Inner_Membrane,0.0,0.0
translocation_g.2656.peg.1123_Inner_Membrane,1.4059317695905185e-16,-3.0452476519947266e-34
translocation_g.2656.peg.1081_Inner_Membrane,2.039019269027323e-09,-1.0914188471201406e-34
translocation_g.2656.peg.2949_Inner_Membrane,2.039019269027323e-09,0.0
translocation_629741.3.peg.1071_Membrane,1.1455861597154018e-10,2.9968570860736158e-34
translocation_g.2656.peg.2415_Inner_Membrane,0.0,0.0
translocation_g.2656.peg.2492_Inner_Membrane,0.0,0.0
translocation_g.2656.peg.2523_Inner_Membrane,0.0,0.0
translocation_g.2656.peg.2539_Inner_Membrane,0.0,4.235547767808945e-34
translocation_g.2656.peg.2660_Inner_Membrane,0.0,1.0588869419522362e-34
translocation_g.2656.peg.2685_Inner_Membrane,0.0,0.0
translocation_g.2656.peg.2993_Inner_Membrane,0.0,-3.060574486508563e-35
translocation_g.2656.peg.163_Inner_Membrane,0.0,-4.990946584204218e-35
translocation_g.2656.peg.1099_Periplasm,3.96889192178297e-44,5.88190446743191e-34
translocation_g.2656.peg.2274_Periplasm,0.0,-1.7775110227718196e-34
translocation_g.2656.peg.1034_Inner_Membrane,0.0,1.6291709588990083e-34
translocation_g.2656.peg.947_Inner_Membrane,0.0,-9.854825689573842e-34
translocation_g.2656.peg.1182_Inner_Membrane,0.0,6.080015126010313e-34
translocation_g.2656.peg.1383_Inner_Membrane,2.69021010135472e-09,0.0
translocation_g.2656.peg.2390_Inner_Membrane,2.4321967398460727e-09,1.716255752479534e-35
translocation_g.2656.peg.854_Membrane,0.0,0.0
translocation_g.2656.peg.2786_Inner_Membrane,6.083842082503477e-39,-3.270586593324224e-36
translocation_g.2656.peg.1041_Inner_Membrane,0.0,0.0
translocation_g.2656.peg.754_Inner_Membrane,0.0,0.0
translocation_g.2656.peg.1310_Inner_Membrane,2.273706171866411e-11,-5.748540720998381e-35
translocation_g.2656.peg.1402_Inner_Membrane,2.273706171866411e-11,0.0
translocation_g.2656.peg.1289_Inner_Membrane,4.1370056971681144e-10,0.0
translocation_g.2656.peg.811_Inner_Membrane,5.462137493697611e-08,-1.8745216293517326e-34
translocation_g.2656.peg.967_Inner_Membrane,0.0,1.8740138176878067e-34
translocation_g.2656.peg.2476_Inner_Membrane,1.3580390747166638e-08,0.0
translocation_g.2656.peg.1044_Inner_Membrane,4.9505326610041626e-11,0.0
translocation_g.2656.peg.2538_Membrane,0.0,3.6855689406368876e-34
translocation_629741.3.peg.154_Membrane,4.7324919235125145e-07,-2.384819789347469e-34
translocation_g.2656.peg.2122_Inner_Membrane,1.5756947212138826e-08,0.0
translocation_g.2656.peg.127_Inner_Membrane,0.0,1.6792648568027605e-34
translocation_g.2656.peg.307_Membrane,0.0,0.0
translocation_g.2656.peg.77_Inner_Membrane,5.129310731468828e-10,0.0
translocation_g.2656.peg.2176_Inner_Membrane,0.0,5.067702565638002e-35
translocation_g.2656.peg.1294_Membrane,6.802145096319292e-08,0.0
translocation_g.2656.peg.2878_Membrane,8.337643766330264e-09,0.0
translocation_g.2656.peg.2965_Membrane,1.1385292768547532e-08,2.2005302775275796e-34
translocation_g.2656.peg.525_Membrane,2.81609766002099e-06,4.5096059992528903e-35
translocation_g.2656.peg.573_Membrane,7.554872930498081e-09,-1.0278972631250577e-32
translocation_g.2656.peg.236_Inner_Membrane,0.0,2.0285727682969313e-34
translocation_g.2656.peg.2574_Inner_Membrane,0.0,-9.522368440135831e-35
translocation_g.2656.peg.1_Membrane,1.462074301715878e-10,3.534461109974897e-34
translocation_g.2656.peg.1501_Membrane,2.8160570206696142e-06,0.0
translocation_g.2656.peg.2043_Membrane,1.4879797332462535e-12,-3.0068914270949626e-34
translocation_g.2656.peg.2478_Membrane,1.5446139925887925e-09,-2.3127833351940882e-32
translocation_g.2656.peg.2518_Inner_Membrane,1.3567428666720913e-07,-2.6471727462360856e-34
translocation_g.2656.peg.2579_Inner_Membrane,2.1487805739181136e-08,0.0
translocation_g.2656.peg.2712_Membrane,9.747162011439186e-11,0.0
translocation_g.2656.peg.2727_Membrane,2.8160570206696142e-06,-1.054510881326887e-34
translocation_g.2656.peg.2790_Membrane,7.384256439888994e-12,-4.3707047379367654e-32
translocation_g.2656.peg.3022_Membrane,7.723069962943952e-10,-2.2934076782843646e-33
translocation_g.2656.peg.3102_Inner_Membrane,1.828991992317256e-12,0.0
translocation_g.2656.peg.503_Inner_Membrane,6.612673358538401e-13,-2.5760039224017477e-34
translocation_g.2656.peg.690_Inner_Membrane,7.439898666231268e-13,-1.796791767343618e-32
translocation_g.2656.peg.770_Inner_Membrane,1.0973951953903551e-11,2.8019039637412026e-34
translocation_g.2656.peg.86_Inner_Membrane,0.0,0.0
translocation_g.2656.peg.963_Membrane,1.3567428666720913e-07,5.023163325505372e-33
biomass_constituent_demand,0.07598996097395613,0.07173356504603712
TS_4fe4s_c,-1.828992586270569e-12,0.0
TS_uppg3_c,-0.00023530291415585516,0.0
TS_adocbl_c,-0.00023530291415585516,0.0
