,fluxes,reduced_costs
biomass_dilution,0.20244672136500752,-0.5340161454512883
protein_biomass_to_biomass,0.07254928287872726,0.0
mRNA_biomass_to_biomass,0.00027678440050986483,1.1428353948987336e-34
tRNA_biomass_to_biomass,0.0016457549271489934,-5.742247476521386e-35
rRNA_biomass_to_biomass,0.012135903903396385,9.093951431424077e-35
ncRNA_biomass_to_biomass,0.0,5.981290910957378e-35
tmRNA_biomass_to_biomass,0.0,5.981290910957378e-35
DNA_biomass_to_biomass,0.01187961943488936,5.981290910957378e-35
lipid_biomass_to_biomass,0.0,5.981290910957378e-35
constituent_biomass_to_biomass,0.06310243560258202,5.981290910957378e-35
prosthetic_group_biomass_to_biomass,4.796859846953529e-05,6.832468197410503e-35
peptidoglycan_biomass_to_biomass,0.0,5.981290910957378e-35
DM_5MTR,0.0,-0.07879758216360912
DM_HQN,0.0,0.0
DM_atp_c_,0.0,-0.013706601233356139
DM_btn,0.0,0.0
DM_clpn180(c),0.0,-0.12335086035740428
DM_clpnai17(c),0.0,-0.5346638812612886
DM_clpni17(c),0.0,-0.5346638812612886
DM_dad_5,0.0,-0.09934748700597326
DM_dhptd(c),0.00496313430695593,0.0
EX_12dgr180(e),-0.008416277057963184,0.0
EX_12ppd_S(e),0.14898579,0.0
EX_4abut(e),0.18,0.0
EX_C02528(e),0.0,-8.651569289102878e-07
EX_ac(e),7.655620675679679,0.0
EX_acald(e),0.0,-0.006853181340615751
EX_acgam(e),-1.0,-0.04450195474608674
EX_actn_R(e),0.0,-0.013701861213495665
EX_adocbl(e),-0.0016082497876542974,0.0
EX_ala_D(e),-1.0,-0.006837093887078226
EX_ala_L(e),-1.0,-0.006839282735197162
EX_alaasp(e),0.0,-0.01024710221805487
EX_alagln(e),0.0,-0.0034054778308505317
EX_alaglu(e),0.0,-0.0034107182629090223
EX_alagly(e),0.0,-0.006824377186706796
EX_alahis(e),0.0,0.0
EX_alaleu(e),2.3832022996975965e-23,0.0
EX_alathr(e),0.0,-0.013675415785745784
EX_alltn(e),0.0,0.0
EX_arab_L(e),0.0,0.0
EX_arbt(e),0.0,-0.04108157390906977
EX_arg_L(e),-0.03904765819339502,0.0
EX_arsenb(e),0.0,0.0
EX_asn_L(e),-0.225,-0.01025470561261181
EX_aso3(e),0.0,0.0
EX_aso4(e),0.0,0.0
EX_asp_L(e),-0.225,-0.01026072725763153
EX_biomass(e),0.0,0.0
EX_btn(e),0.0,0.0
EX_but(e),0.0,0.0
EX_ca2(e),0.0,0.0
EX_cbl1(e),0.0,0.0
EX_cbl2(e),0.0,0.0
EX_cd2(e),0.0,-0.026502419879703202
EX_cellb(e),-0.07449289,-0.08215969440993708
EX_cgly(e),0.0,0.0
EX_chol(e),0.0,0.0
EX_cholate(e),0.0,-8.651569289102878e-07
EX_chols(e),0.0,0.0
EX_cl(e),0.0,0.0
EX_co2(e),0.6182168236129854,0.0
EX_cobalt2(e),-0.0016074385314372138,0.0
EX_crn(e),0.0,0.0
EX_csn(e),-0.0427699765532862,0.0
EX_ctbt(e),0.0,0.0
EX_cu2(e),0.0,0.0
EX_cys_L(e),-4.567324802081824e-06,0.0
EX_ddca(e),0.0,0.0
EX_dextrin(e),0.0,-0.23275834198379214
EX_dgchol(e),0.0,-0.006836995035621199
EX_etha(e),0.0,-0.003422879770748987
EX_etoh(e),4.851608013478004,0.0
EX_fe2(e),-0.0016074915947859652,0.0
EX_fe3(e),0.0,0.0
EX_for(e),11.008492044815377,0.0
EX_fru(e),-0.14898579,-0.04108346308208097
EX_galt(e),0.0,-0.03423109442151954
EX_gam(e),-1.0,-0.0410782045853864
EX_gbbtn(e),0.0,0.0
EX_gcald(e),0.00482209870086525,0.0
EX_gchola(e),0.0,-0.006836995035621199
EX_glc_D(e),-0.14898579,-0.041082342646690195
EX_gln_L(e),-0.18,-0.0034191028704271898
EX_glu_L(e),-0.18,-0.003423006338077177
EX_gly(e),-0.45,-0.006836995035621199
EX_glyasn(e),0.0,-0.010239800064121445
EX_glyasp(e),0.0,-0.010245821709141163
EX_glyb(e),0.0,0.0
EX_glyc(e),-1.79965486,-0.01368587889170896
EX_glycys(e),0.0,0.0
EX_glygln(e),0.0,-0.0034041973219368234
EX_glyglu(e),0.0,-0.003409437753995314
EX_glyleu(e),0.0,-0.01026530123972368
EX_glymet(e),0.0,-0.0034131989412516037
EX_glyphe(e),0.0,0.0
EX_glypro(e),2.45318566001885e-23,0.0
EX_glytyr(e),0.0,0.0
EX_h(e),13.077329003140763,0.0
EX_h2o(e),-8.808044612783084,0.0
EX_hdca(e),-9.097314685005562e-25,0.0
EX_hg2(e),0.0,0.0
EX_his_L(e),-0.015346222512745937,0.0
EX_hxan(e),-0.027550515934628136,0.0
EX_ile_L(e),-0.10382345971664267,0.0
EX_ind3ac(e),0.0,0.0
EX_isobut(e),0.0,-5.494185042231205e-06
EX_isocapr(e),0.0,0.0
EX_isoval(e),0.0,0.0
EX_k(e),-7.092036365474652e-07,0.0
EX_lac_L(e),0.0,-0.006846031786913676
EX_lcts(e),-0.07449289,-0.0684456341577605
EX_leu_L(e),-0.07691562753699177,0.0
EX_lys_L(e),-0.0924720753603776,0.0
EX_malt(e),-0.07449289,-0.08215528598194484
EX_malthx(e),0.0,-0.24646712254388764
EX_malttr(e),0.0,-0.12323183875454022
EX_man(e),-0.14898579,-0.04108157688217385
EX_met_D(e),0.0,0.0
EX_met_L(e),0.0,0.0
EX_metala(e),0.0,-0.003414479450165312
EX_metsox_R_L(e),0.0,0.0
EX_metsox_S_L(e),-0.03919749197976151,0.0
EX_mg2(e),-0.0018100278903308942,0.0
EX_mn2(e),-5.467463123212908e-06,0.0
EX_mnl(e),0.0,0.0
EX_na1(e),0.0,0.0
EX_nac(e),-0.0016074393947229711,0.0
EX_nh4(e),6.075016881330395,0.0
EX_no2(e),0.0,0.0
EX_o2(e),-0.5,-0.04111848368988495
EX_ocdca(e),0.0,0.0
EX_pb(e),0.0,0.0
EX_phe_L(e),-0.037144353649420966,0.0
EX_pheme(e),-0.00160736623362175,0.0
EX_pi(e),-0.22573632592720966,0.0
EX_ppi(e),0.0,-4.712534153356587e-06
EX_pro_L(e),-0.028600605563130817,0.0
EX_ptrc(e),0.0,0.0
EX_q8(e),0.0,0.0
EX_ribflv(e),-0.0032147940981311243,0.0
EX_rmn(e),-0.14898579,-0.02396318101538645
EX_salcn(e),0.0,0.0
EX_sbt_D(e),0.0,-0.03422791168021542
EX_ser_D(e),0.0,0.0
EX_ser_L(e),-1.0,-0.013693501032023927
EX_so4(e),0.0,0.0
EX_spmd(e),-0.00160736623362175,0.0
EX_succ(e),0.0032147324672435,0.0
EX_sucr(e),-0.07449289,-0.08216045364501955
EX_taur(e),0.0,0.0
EX_tchola(e),0.0,0.0
EX_tdchola(e),0.0,0.0
EX_thm(e),-0.0016073766040062968,0.0
EX_thr_L(e),-0.225,-0.013689040825322442
EX_tre(e),-0.07449289,-0.08215767445681046
EX_ttdca(e),0.0,0.0
EX_tyr_L(e),-0.02885746548525869,0.0
EX_ura(e),0.0,0.0
EX_urea(e),0.0,-1.3524769981024769e-05
EX_val_L(e),-0.09721142515410512,0.0
EX_xan(e),-0.022071763370500937,0.0
EX_zn2(e),-1.2173057395920315e-06,0.0
translation_393126.8.peg.1,0.0,-9.766832474402086e-33
transcription_TU_393126.8.peg.1,0.0,-6.844032537974817e-33
translation_393126.8.peg.2,0.0,-1.1078683383931472e-32
transcription_TU_393126.8.peg.2,0.0,-123.24998011764038
translation_393126.8.peg.6,0.0,4.1393284047440854e-32
transcription_TU_393126.8.peg.6,0.0,-208.49465245703573
translation_393126.8.peg.7,0.0,1.444899347820536e-33
transcription_TU_393126.8.peg.7,0.0,-270.81194729873295
translation_393126.8.peg.8,0.0,-3.498370790832197e-33
transcription_TU_393126.8.peg.8,0.0,-5.4158394926580215e-33
translation_393126.8.peg.9,0.0,7.821064583337984e-34
transcription_TU_393126.8.peg.9,0.0,2.5489809764784607e-33
translation_393126.8.peg.11,0.0,3.0781798446371318e-33
transcription_TU_393126.8.peg.11,0.0,-102.0975007232649
translation_393126.8.peg.12,0.0,-8.406517329305065e-33
transcription_TU_393126.8.peg.12,0.0,-104.00586394720342
translation_393126.8.peg.13,0.0,-2.105950209920964e-33
transcription_TU_393126.8.peg.13,0.0,-114.96451703528392
translation_393126.8.peg.14,0.0,3.7624113160496966e-32
transcription_TU_393126.8.peg.14,0.0,-118.31565292165035
translation_393126.8.peg.15,0.0,7.35893589667745e-33
transcription_TU_393126.8.peg.15,0.0,-215.98396893501112
translation_393126.8.peg.16,0.0,-2.8373584113956915e-32
transcription_TU_393126.8.peg.16,0.0,-66.14438935971295
translation_393126.8.peg.17,0.0,1.3391051213813494e-32
transcription_TU_393126.8.peg.17,0.0,-36.18530003015482
translation_393126.8.peg.19,0.0,-2.859037349586271e-32
transcription_TU_393126.8.peg.19,0.0,6.098189965274079e-32
translation_393126.8.peg.23,0.0,-8.100278577242907e-33
transcription_TU_393126.8.peg.23,0.0,-6.001762454932981e-33
translation_393126.8.peg.24,0.0,1.8088177917073485e-33
transcription_TU_393126.8.peg.24,0.0,9.467621653613937e-33
translation_393126.8.peg.25,1.3931402017841997e-07,5.415707738339001e-34
transcription_TU_393126.8.peg.25,2.4857428645376552e-09,-2.139420145671445e-32
translation_393126.8.peg.28,0.0,3.552407242265472e-32
transcription_TU_393126.8.peg.28,0.0,-205.84210067603263
translation_393126.8.peg.35,0.0,-3.2264336654033334e-32
transcription_TU_393126.8.peg.35,0.0,-4.373628577251517e-32
translation_393126.8.peg.36,0.0,-5.061811520970263e-33
transcription_TU_393126.8.peg.36,0.0,-1.3972318505786644e-33
translation_393126.8.peg.39,0.0,2.6169524172655664e-32
transcription_TU_393126.8.peg.39,0.0,-115.72853699670739
translation_393126.8.peg.40,0.0,2.1305251673595416e-33
transcription_TU_393126.8.peg.40,0.0,1.6278429732296975e-32
translation_393126.8.peg.41,0.0,3.947471728730043e-32
transcription_TU_393126.8.peg.41,0.0,-117.74690482348093
translation_393126.8.peg.44,0.0,6.922525103229791e-33
transcription_TU_393126.8.peg.44,0.0,-130.80933074277831
translation_393126.8.peg.45,8.296531085533296e-06,1.3033159033331657e-32
transcription_TU_393126.8.peg.45,1.480327889459168e-07,7.75216332966188e-33
translation_393126.8.peg.46,0.0,9.40328411108213e-33
transcription_TU_393126.8.peg.46,0.0,-57.434199577636235
translation_393126.8.peg.47,8.296531085533296e-06,-1.9821217202039967e-33
transcription_TU_393126.8.peg.47,1.480327889459168e-07,-2.260153056665868e-34
translation_393126.8.peg.54,8.296531085533296e-06,1.689404048672137e-32
transcription_TU_393126.8.peg.54,1.480327889459168e-07,-8.894200229074603e-33
translation_393126.8.peg.57,2.188664706394998e-08,-2.541317556586749e-32
transcription_TU_393126.8.peg.57,3.90517599723212e-10,-6.255885299203827e-32
translation_393126.8.peg.80,0.0,-2.129866671471087e-32
transcription_TU_393126.8.peg.80,0.0,-101.97731222261731
translation_393126.8.peg.89,0.0,-2.043107959581377e-33
transcription_TU_393126.8.peg.89,0.0,-4.187480608922374e-33
translation_393126.8.peg.91,2.288942160114728e-07,-2.1852818068528356e-32
transcription_TU_393126.8.peg.91,4.084098380448533e-09,-4.958719364582554e-32
translation_393126.8.peg.92,2.288942160114728e-07,1.8864161334164192e-32
transcription_TU_393126.8.peg.92,4.084098380448533e-09,1.063338380140591e-32
translation_393126.8.peg.93,2.288942160114728e-07,-1.4195377068645205e-32
transcription_TU_393126.8.peg.93,4.084098380448533e-09,-8.047456143789445e-33
translation_393126.8.peg.97,0.0,9.923004979951608e-33
transcription_TU_393126.8.peg.97,0.0,-2.2633331715194687e-32
translation_393126.8.peg.98,0.0,8.284049661314299e-33
transcription_TU_393126.8.peg.98,0.0,5.7297893024208676e-33
translation_393126.8.peg.99,0.0,2.655417951043792e-32
transcription_TU_393126.8.peg.99,0.0,-2.3413272037196948e-32
translation_393126.8.peg.104,1.114344734082349e-06,-7.044157064515923e-33
transcription_TU_393126.8.peg.104,1.9882955554888113e-08,2.025008208641999e-32
translation_393126.8.peg.131,0.0,-6.761213911422652e-32
transcription_TU_393126.8.peg.131,0.0,6.794229521287519e-32
translation_393126.8.peg.133,0.0,1.8298226889040316e-32
transcription_TU_393126.8.peg.133,0.0,-163.48868349053538
translation_393126.8.peg.136,0.0,2.787175541059126e-32
transcription_TU_393126.8.peg.136,0.0,-4.8688895241402225e-32
translation_393126.8.peg.138,0.0,7.148979699902063e-35
transcription_TU_393126.8.peg.138,0.0,-4.2327878986679034e-32
translation_393126.8.peg.153,0.0,-5.467265923596606e-32
transcription_TU_393126.8.peg.153,0.0,-178.20671508205842
translation_393126.8.peg.154,0.0,-5.3677171157797785e-33
transcription_TU_393126.8.peg.154,0.0,-1.1910459698850584e-32
translation_393126.8.peg.155,0.0,-1.1141736333067302e-32
transcription_TU_393126.8.peg.155,0.0,-74.98215542655225
translation_393126.8.peg.156,0.0,-8.465085245157615e-33
transcription_TU_393126.8.peg.156,0.0,-6.0696162233210056e-33
translation_393126.8.peg.163,0.0,3.0726259252057113e-33
transcription_TU_393126.8.peg.163,0.0,-103.44396236298371
translation_393126.8.peg.168,0.0,-3.8804403276613086e-33
transcription_TU_393126.8.peg.168,0.0,-6.010413392843111e-33
translation_393126.8.peg.179,5.7296243185880666e-08,3.8649988274155195e-32
transcription_TU_393126.8.peg.179,1.0223215687962671e-09,2.11677051699945e-32
translation_393126.8.peg.185,0.0,1.3668559564266463e-32
transcription_TU_393126.8.peg.185,0.0,-8.090001474927948e-32
translation_393126.8.peg.186,0.0,-3.914473696310061e-32
transcription_TU_393126.8.peg.186,0.0,-177.46680378043033
translation_393126.8.peg.190,1.435505080381345e-11,-1.8296365606846353e-32
transcription_TU_393126.8.peg.190,2.5613333862561363e-13,2.40780327524511e-33
translation_393126.8.peg.192,3.671108279211539e-08,-2.840569506721511e-33
transcription_TU_393126.8.peg.192,6.550260482260307e-10,-1.5511559016772884e-32
translation_393126.8.peg.200,4.4669689516414315e-08,-1.8960922983803976e-32
transcription_TU_393126.8.peg.200,7.97029343021854e-10,1.4027211182566263e-32
translation_393126.8.peg.201,0.0,-1.5232464931853567e-32
transcription_TU_393126.8.peg.201,0.0,-1.8958993475759235e-32
translation_393126.8.peg.212,0.0,2.740237878831058e-32
transcription_TU_393126.8.peg.212,0.0,8.110073123480835e-33
translation_393126.8.peg.213,8.296212122981203e-06,-1.1302270746477596e-33
transcription_TU_393126.8.peg.213,1.4802709778226432e-07,-5.3096253592683205e-33
translation_393126.8.peg.216,2.0386405739124316e-10,5.275820960055478e-32
transcription_TU_393126.8.peg.216,3.6374919433591574e-12,1.641594381350696e-31
translation_393126.8.peg.221,3.389820142165397e-08,4.614779558243493e-32
transcription_TU_393126.8.peg.221,6.048365569855901e-10,3.9661946377043924e-32
translation_393126.8.peg.223,0.0,-4.884124374159238e-33
transcription_TU_393126.8.peg.223,0.0,-3.753320667395736e-32
translation_393126.8.peg.225,5.240556762048388e-09,1.4381481733011572e-32
transcription_TU_393126.8.peg.225,9.350585505165258e-11,-2.0858967374985904e-32
translation_393126.8.peg.226,1.506458544345512e-08,-1.9998378415573823e-33
transcription_TU_393126.8.peg.226,2.6879337575161694e-10,1.7596584666769613e-33
translation_393126.8.peg.227,0.0,-2.514948711803397e-32
transcription_TU_393126.8.peg.227,0.0,-83.73713396126365
translation_393126.8.peg.228,1.3425580038183748e-08,7.78616844260091e-33
transcription_TU_393126.8.peg.228,2.395490399275974e-10,8.007352411538617e-33
translation_393126.8.peg.229,0.0,-3.303156992859259e-33
transcription_TU_393126.8.peg.229,0.0,3.785119324941887e-33
translation_393126.8.peg.231,0.0,-9.881183750229135e-33
transcription_TU_393126.8.peg.231,0.0,-100.20256263062271
translation_393126.8.peg.232,1.6048415728562937e-07,1.7148967539240402e-32
transcription_TU_393126.8.peg.232,2.8634759684143106e-09,-1.7383446235607592e-32
translation_393126.8.peg.239,3.706776647668888e-08,9.42100888228571e-34
transcription_TU_393126.8.peg.239,6.613902599736354e-10,5.1386820351010165e-33
translation_393126.8.peg.240,5.559132523515137e-08,-2.4028151925789586e-32
transcription_TU_393126.8.peg.240,9.919011730226047e-10,-9.777578464828988e-33
translation_393126.8.peg.241,8.712825327935408e-08,3.0460345136531237e-32
transcription_TU_393126.8.peg.241,1.5546061596055526e-09,-1.073290361303598e-33
translation_393126.8.peg.242,0.0,1.4624701571080078e-33
transcription_TU_393126.8.peg.242,0.0,2.7388133378822567e-32
translation_393126.8.peg.243,1.8352283939989138e-09,4.900507866503464e-32
transcription_TU_393126.8.peg.243,3.2745490219414037e-11,-1.4773765692028705e-32
translation_393126.8.peg.245,1.4355050803813434e-11,-4.3054878690044037e-33
transcription_TU_393126.8.peg.245,2.561333386256134e-13,1.0956329369232614e-32
translation_393126.8.peg.250,2.0386405739124316e-10,1.3235571311039928e-33
transcription_TU_393126.8.peg.250,3.6374919433591574e-12,3.352585269195011e-33
translation_393126.8.peg.252,8.296212122981203e-06,-1.0242300775817016e-32
transcription_TU_393126.8.peg.252,1.4802709778226432e-07,4.077941692180692e-33
translation_393126.8.peg.253,8.296531085533296e-06,-4.2000626651841183e-32
transcription_TU_393126.8.peg.253,1.480327889459168e-07,3.2191456268807596e-33
translation_393126.8.peg.254,8.296531085533296e-06,-3.867753247878329e-32
transcription_TU_393126.8.peg.254,1.480327889459168e-07,-5.7449696303551946e-33
translation_393126.8.peg.255,1.65927432085145e-05,-5.2578728614750245e-33
transcription_TU_393126.8.peg.255,2.960598867281811e-07,4.260369826169955e-33
translation_393126.8.peg.262,2.723068897108995e-07,-5.012751963687942e-31
transcription_TU_393126.8.peg.262,4.858699125877077e-09,-3.921343445673529e-32
translation_393126.8.peg.263,2.7251075376829073e-07,9.874156925171538e-32
transcription_TU_393126.8.peg.263,4.862336617820436e-09,4.5664937970539156e-32
translation_393126.8.peg.265,0.0,2.5983714944829627e-32
transcription_TU_393126.8.peg.265,0.0,-4.51858038399277e-32
translation_393126.8.peg.269,0.0,-6.946538689875614e-32
transcription_TU_393126.8.peg.269,0.0,-2.68467029844677e-32
translation_393126.8.peg.273,0.0,-5.1389199194051614e-33
transcription_TU_393126.8.peg.273,0.0,-207.65067977219437
translation_393126.8.peg.275,0.0,-2.7580278460107777e-33
transcription_TU_393126.8.peg.275,0.0,7.262791093824193e-33
translation_393126.8.peg.282,5.533654104256637e-08,1.2801078331392836e-32
transcription_TU_393126.8.peg.282,9.873551267029017e-10,-3.6587554869090774e-32
translation_393126.8.peg.283,0.0,2.0811257143577895e-32
transcription_TU_393126.8.peg.283,0.0,2.5277465617257227e-32
translation_393126.8.peg.286,0.0,-8.216242542278463e-33
transcription_TU_393126.8.peg.286,0.0,-83.942550939459
translation_393126.8.peg.287,0.0,1.4159112141666527e-32
transcription_TU_393126.8.peg.287,0.0,-1.1438805060262082e-32
translation_393126.8.peg.289,0.0,-1.106149296640278e-32
transcription_TU_393126.8.peg.289,0.0,-5.626950808505218e-33
translation_393126.8.peg.290,0.0,-4.004414500339032e-33
transcription_TU_393126.8.peg.290,0.0,-126.25151172751761
translation_393126.8.peg.291,4.077281147824863e-10,-1.0235074114118814e-32
transcription_TU_393126.8.peg.291,7.274983886718315e-12,1.2522427363610774e-32
translation_393126.8.peg.292,4.077281147824863e-10,3.136523284617417e-32
transcription_TU_393126.8.peg.292,7.274983886718315e-12,4.5567944107362936e-32
translation_393126.8.peg.302,0.0,-2.2864258099942826e-33
transcription_TU_393126.8.peg.302,0.0,5.219009075505172e-33
translation_393126.8.peg.303,0.0,4.12041195164117e-32
transcription_TU_393126.8.peg.303,0.0,3.399087800873934e-32
translation_393126.8.peg.304,0.0,-4.8068749315141075e-33
transcription_TU_393126.8.peg.304,0.0,3.5598675330629935e-32
translation_393126.8.peg.305,0.0,-3.31852871968733e-34
transcription_TU_393126.8.peg.305,0.0,-2.1298623253308445e-33
translation_393126.8.peg.306,0.0,-1.9063834427887192e-32
transcription_TU_393126.8.peg.306,0.0,2.3244340716189712e-32
translation_393126.8.peg.307,0.0,3.763851472631675e-33
transcription_TU_393126.8.peg.307,0.0,-36.15476393105387
translation_393126.8.peg.311,1.8247573517421884e-07,4.940883490888595e-34
transcription_TU_393126.8.peg.311,3.255865820824536e-09,8.358903205961077e-33
translation_393126.8.peg.322,0.0,-1.9192661797594278e-32
transcription_TU_393126.8.peg.322,0.0,-4.2861342678147645e-33
translation_393126.8.peg.324,0.0,2.4062374368241438e-32
transcription_TU_393126.8.peg.324,0.0,-69.4239661500894
translation_393126.8.peg.325,0.0,1.0976364731975532e-32
transcription_TU_393126.8.peg.325,0.0,1.561752829128483e-32
translation_393126.8.peg.348,0.0,7.549046479163034e-32
transcription_TU_393126.8.peg.348,0.0,7.048717629231896e-33
translation_393126.8.peg.349,0.0,-1.9570162610546884e-32
transcription_TU_393126.8.peg.349,0.0,-5.680105163900645e-33
translation_393126.8.peg.350,0.0,-2.26474288044353e-33
transcription_TU_393126.8.peg.350,0.0,4.356744837660947e-32
translation_393126.8.peg.351,1.0278675637315522e-07,2.4497136442244396e-33
transcription_TU_393126.8.peg.351,1.833996649413457e-09,-4.4064731214704354e-33
translation_393126.8.peg.352,4.822813065137029e-06,-2.1758816244937505e-32
transcription_TU_393126.8.peg.352,8.605216580721683e-08,-8.45853881927257e-33
translation_393126.8.peg.353,0.0,-4.934148713642598e-33
transcription_TU_393126.8.peg.353,0.0,-3.416557979972733e-33
translation_393126.8.peg.354,0.0,3.0106321346552516e-32
transcription_TU_393126.8.peg.354,0.0,-2.451651304152382e-32
translation_393126.8.peg.357,0.0,-8.08021661644965e-34
transcription_TU_393126.8.peg.357,0.0,-8.478599037297056e-34
translation_393126.8.peg.360,0.0,3.586151680841833e-32
transcription_TU_393126.8.peg.360,0.0,-1.8521331305652925e-33
translation_393126.8.peg.361,1.939491661553802e-09,6.42512067200236e-32
transcription_TU_393126.8.peg.361,3.4605831863607645e-11,1.1485804547729951e-32
translation_393126.8.peg.363,4.713626248634878e-08,-5.6697263080635605e-33
transcription_TU_393126.8.peg.363,8.410397459376819e-10,-7.534227925589133e-33
translation_393126.8.peg.373,0.0,-1.5032135805881232e-32
transcription_TU_393126.8.peg.373,0.0,2.1545644778264119e-32
translation_393126.8.peg.374,0.0,-3.302301068737807e-32
transcription_TU_393126.8.peg.374,0.0,-135.72974859106841
translation_393126.8.peg.379,0.0,-1.2112076850101803e-32
transcription_TU_393126.8.peg.379,0.0,-2.208174615091652e-32
translation_393126.8.peg.380,0.0,-1.0492973679839441e-33
transcription_TU_393126.8.peg.380,0.0,-1.8594052418517146e-32
translation_393126.8.peg.381,0.0,2.1000381459188162e-33
transcription_TU_393126.8.peg.381,0.0,-21.601411515906896
translation_393126.8.peg.392,0.0,1.6692067599832556e-32
transcription_TU_393126.8.peg.392,0.0,5.243628889058016e-33
translation_393126.8.peg.393,0.0,5.175725368902713e-33
transcription_TU_393126.8.peg.393,0.0,3.756016657269142e-32
translation_393126.8.peg.394,0.0,-1.2311893529094442e-33
transcription_TU_393126.8.peg.394,0.0,-103.7078549550272
translation_393126.8.peg.395,0.0,-1.2379565612005875e-33
transcription_TU_393126.8.peg.395,0.0,-208.4261969421722
translation_393126.8.peg.405,0.0,7.687264227560604e-33
transcription_TU_393126.8.peg.405,0.0,3.660277448147312e-33
translation_393126.8.peg.414,0.0,-1.511566860792807e-32
transcription_TU_393126.8.peg.414,0.0,-1.257633929222172e-32
translation_393126.8.peg.432,2.7210302565350823e-07,2.6961240754228256e-32
transcription_TU_393126.8.peg.432,4.855061633933718e-09,1.128539747577901e-32
translation_393126.8.peg.435,0.0,1.48552887544469e-33
transcription_TU_393126.8.peg.435,0.0,4.808758476399335e-33
translation_393126.8.peg.436,0.0,-4.086422598932061e-33
transcription_TU_393126.8.peg.436,0.0,-7.881437210623292e-33
translation_393126.8.peg.440,0.0,7.262649339693038e-33
transcription_TU_393126.8.peg.440,0.0,1.0741019734086453e-32
translation_393126.8.peg.457,0.0,-1.4211138739661055e-32
transcription_TU_393126.8.peg.457,0.0,-7.819175136095547e-32
translation_393126.8.peg.458,1.1113106541921054e-07,1.735533262451946e-33
transcription_TU_393126.8.peg.458,1.9828819277520256e-09,5.636557190159294e-32
translation_393126.8.peg.467,3.1129659767774356e-08,-8.285102328106813e-32
transcription_TU_393126.8.peg.467,5.554382074692035e-10,-3.238516896610898e-33
translation_393126.8.peg.496,7.177525401906717e-12,-9.098233082144167e-33
transcription_TU_393126.8.peg.496,1.280666693128067e-13,2.5767979800185727e-32
translation_393126.8.peg.500,0.0,-9.73185299823679e-34
transcription_TU_393126.8.peg.500,0.0,-77.55550485207803
translation_393126.8.peg.503,0.0,-2.1860446729652993e-32
transcription_TU_393126.8.peg.503,0.0,1.0966204583311572e-32
translation_393126.8.peg.504,1.4851774039124197e-08,8.071947388217415e-33
transcription_TU_393126.8.peg.504,2.6499623868579733e-10,-4.560370151616783e-33
translation_393126.8.peg.511,0.0,4.2786110858650726e-33
transcription_TU_393126.8.peg.511,0.0,-1.855564368737698e-34
translation_393126.8.peg.512,7.75337753302737e-08,1.2622148636349876e-32
transcription_TU_393126.8.peg.512,1.3834144513313504e-09,-3.2933378561048645e-33
translation_393126.8.peg.513,3.281997434230974e-08,5.606577270567168e-33
transcription_TU_393126.8.peg.513,5.855980391006087e-10,3.5730544963729485e-33
translation_393126.8.peg.516,0.0,-1.0862183960849668e-32
transcription_TU_393126.8.peg.516,0.0,-49.49134413839763
translation_393126.8.peg.518,0.0,-1.8253793366416757e-32
transcription_TU_393126.8.peg.518,0.0,2.14404474751915e-33
translation_393126.8.peg.519,0.0,2.7606627047267045e-32
transcription_TU_393126.8.peg.519,0.0,-5.944536626475054e-33
translation_393126.8.peg.520,0.0,4.329394748412223e-34
transcription_TU_393126.8.peg.520,0.0,-31.186077924683094
translation_393126.8.peg.521,0.0,-3.2065284166726445e-32
transcription_TU_393126.8.peg.521,0.0,-138.19977572709686
translation_393126.8.peg.522,4.8629516932848863e-08,6.03817536122368e-33
transcription_TU_393126.8.peg.522,8.676834863205447e-10,1.782692940183721e-32
translation_393126.8.peg.534,0.0,1.218188533769443e-32
transcription_TU_393126.8.peg.534,0.0,-1.3481673618484574e-32
translation_393126.8.peg.537,0.0,5.995278332871742e-33
transcription_TU_393126.8.peg.537,0.0,-4.069545514866589e-32
translation_393126.8.peg.549,0.0,3.335248181966875e-32
transcription_TU_393126.8.peg.549,0.0,3.014066304918909e-33
translation_393126.4.peg.552,5.250594045953465e-09,-4.411773489188802e-33
transcription_TU_393126.4.peg.552,9.368494762836833e-11,1.1807141235727285e-32
translation_393126.8.peg.555,0.0,4.451787785854863e-33
transcription_TU_393126.8.peg.555,0.0,-37.744642985140615
translation_393126.8.peg.556,0.0,-1.962752360757214e-32
transcription_TU_393126.8.peg.556,0.0,-107.15780712786272
translation_393126.8.peg.557,0.0,2.6318657456134365e-33
transcription_TU_393126.8.peg.557,0.0,-56.90953250986507
translation_393126.8.peg.559,0.0,-4.633581716179131e-33
transcription_TU_393126.8.peg.559,0.0,1.5470869027498281e-32
translation_393126.8.peg.567,0.0,-1.7080385681341894e-32
transcription_TU_393126.8.peg.567,0.0,3.305809752890015e-32
translation_393126.8.peg.571,0.0,3.862738253032884e-33
transcription_TU_393126.8.peg.571,0.0,-112.3977252016425
translation_393126.8.peg.572,0.0,-7.095021248800756e-33
transcription_TU_393126.8.peg.572,0.0,-3.265451830579242e-32
translation_393126.8.peg.573,3.915288483672513e-08,-1.892322401129778e-32
transcription_TU_393126.8.peg.573,6.985944701352444e-10,1.4863676074102348e-32
translation_393126.8.peg.575,0.0,9.95510057471981e-34
transcription_TU_393126.8.peg.575,0.0,-5.896302974153218e-33
translation_393126.8.peg.576,0.0,-6.542642164367703e-34
transcription_TU_393126.8.peg.576,0.0,-1.2887826297081897e-32
translation_393126.8.peg.578,0.0,2.9544159123107217e-33
transcription_TU_393126.8.peg.578,0.0,-1.1098947042142218e-32
translation_393126.8.peg.579,0.0,2.1012361310425497e-32
transcription_TU_393126.8.peg.579,0.0,-67.9162564814218
translation_393126.8.peg.580,0.0,-3.4152448071076014e-32
transcription_TU_393126.8.peg.580,0.0,-6.3093430608995855e-34
translation_393126.8.peg.581,0.0,-4.463625995548775e-32
transcription_TU_393126.8.peg.581,0.0,-1.0859529278515835e-32
translation_393126.8.peg.582,0.0,8.601729269133914e-33
transcription_TU_393126.8.peg.582,0.0,-5.060245024532932e-33
translation_393126.8.peg.583,0.0,-3.431425696582314e-34
transcription_TU_393126.8.peg.583,0.0,3.516240539741332e-32
translation_393126.8.peg.584,0.0,2.104295559095828e-32
transcription_TU_393126.8.peg.584,0.0,2.9094633087369307e-33
translation_393126.8.peg.588,0.0,3.017839844420778e-32
transcription_TU_393126.8.peg.588,0.0,1.5326947101401905e-32
translation_393126.8.peg.595,1.4355050803813434e-11,-1.2050028513936393e-32
transcription_TU_393126.8.peg.595,2.561333386256134e-13,2.2673583913436493e-32
translation_393126.8.peg.607,0.0,-7.214943882165644e-33
transcription_TU_393126.8.peg.607,0.0,5.5533475170968824e-33
translation_393126.8.peg.608,3.7006230338326533e-09,-7.409704561363972e-34
transcription_TU_393126.8.peg.608,6.602922870872778e-11,1.2406199133913e-32
translation_393126.8.peg.609,-1.1519809736631877e-29,1.4288810626655184e-32
transcription_TU_393126.8.peg.609,-2.055448892867407e-31,-2.2369274263116894e-32
translation_393126.8.peg.612,0.0,6.1550480269316766e-34
transcription_TU_393126.8.peg.612,0.0,-60.54500396121097
translation_393126.8.peg.631,0.0,-5.141157141086714e-32
transcription_TU_393126.8.peg.631,0.0,-187.82519907522038
translation_393126.8.peg.632,0.0,-7.592057560569524e-33
transcription_TU_393126.8.peg.632,0.0,-51.69843847496557
translation_393126.8.peg.644,0.0,2.235151958692963e-33
transcription_TU_393126.8.peg.644,0.0,-55.8719110301445
translation_393126.8.peg.646,0.0,-2.3390878214731865e-34
transcription_TU_393126.8.peg.646,0.0,-6.780211646192076e-36
translation_393126.8.peg.647,4.713626248634878e-08,-3.136075214072981e-32
transcription_TU_393126.8.peg.647,8.410397459376819e-10,5.407953527851874e-35
translation_393126.8.peg.648,4.713626248634878e-08,-1.4457649703000484e-33
transcription_TU_393126.8.peg.648,8.410397459376819e-10,2.2578720161743294e-34
translation_393126.8.peg.652,0.0,4.512132423776646e-33
transcription_TU_393126.8.peg.652,0.0,-8.297912778150635e-34
translation_393126.8.peg.656,0.0,5.178643109590051e-32
transcription_TU_393126.8.peg.656,0.0,-200.8838285564916
translation_393126.8.peg.659,0.0,-9.72538779737431e-33
transcription_TU_393126.8.peg.659,0.0,1.4724477439368747e-32
translation_393126.8.peg.664,2.7573323159100617e-09,1.7841860464100694e-32
transcription_TU_393126.8.peg.664,4.919834429194245e-11,-1.7873275783460225e-32
translation_393126.8.peg.682,0.0,6.7141378586278e-33
transcription_TU_393126.8.peg.682,0.0,1.4440362190287543e-32
translation_393126.8.peg.724,0.0,-4.506464386665286e-33
transcription_TU_393126.8.peg.724,0.0,-48.926117866019005
translation_393126.8.peg.743,0.0,-8.716126531373038e-32
transcription_TU_393126.8.peg.743,0.0,3.1500883760227644e-32
translation_393126.8.peg.748,0.0,-4.287992279748242e-32
transcription_TU_393126.8.peg.748,0.0,-5.252698189092768e-32
translation_393126.8.peg.749,0.0,-1.727479699091295e-33
transcription_TU_393126.8.peg.749,0.0,7.37852688021178e-33
translation_393126.8.peg.758,0.0,1.236412138565153e-32
transcription_TU_393126.8.peg.758,0.0,-1.385340239043692e-32
translation_393126.8.peg.761,4.559031231082795e-08,-2.233261763824924e-33
transcription_TU_393126.8.peg.761,8.134557697319125e-10,-2.628272836184713e-32
translation_393126.8.peg.786,0.0,-4.373915600609511e-33
transcription_TU_393126.8.peg.786,0.0,2.0772823105238837e-32
translation_393126.8.peg.795,0.0,-4.665824255297506e-33
transcription_TU_393126.8.peg.795,0.0,4.3845399637438216e-33
translation_393126.8.peg.798,0.0,-1.0490617991189392e-32
transcription_TU_393126.8.peg.798,0.0,-2.0795901566077542e-32
translation_393126.8.peg.803,0.0,-3.4256549160859845e-32
transcription_TU_393126.8.peg.803,0.0,1.1880292960332679e-33
translation_393126.8.peg.804,0.0,-2.224536458349197e-32
transcription_TU_393126.8.peg.804,0.0,6.920567768250698e-33
translation_393126.8.peg.805,0.0,-7.633822235320605e-34
transcription_TU_393126.8.peg.805,0.0,1.9236164612115607e-32
translation_393126.8.peg.806,0.0,1.6637504171855944e-33
transcription_TU_393126.8.peg.806,0.0,-46.492916200785885
translation_393126.8.peg.809,1.5665863008228002e-06,-5.637179695570315e-32
transcription_TU_393126.8.peg.809,2.7952181079589038e-08,6.834141452147298e-33
translation_393126.8.peg.820,5.6996205250267424e-08,-2.101781363810546e-32
transcription_TU_393126.8.peg.820,1.0169680720226755e-09,-5.239073272188283e-32
translation_393126.8.peg.824,0.0,-1.062765093327363e-32
transcription_TU_393126.8.peg.824,0.0,-67.46089421505457
translation_393126.8.peg.825,0.0,-3.296279096203806e-33
transcription_TU_393126.8.peg.825,0.0,-5.111648383180917e-33
translation_393126.8.peg.829,7.732887962644324e-10,-1.9347870089566076e-32
transcription_TU_393126.8.peg.829,1.3797585519960307e-11,-1.7066712661578162e-32
translation_393126.8.peg.830,3.866443981322162e-10,-5.480118715892494e-32
transcription_TU_393126.8.peg.830,6.898792759980153e-12,-1.9996206716109418e-32
translation_393126.8.peg.831,3.866443981322162e-10,-3.8318345213600937e-32
transcription_TU_393126.8.peg.831,6.898792759980153e-12,-2.284580410832206e-32
translation_393126.8.peg.832,3.866443981322162e-10,-1.600047834240162e-32
transcription_TU_393126.8.peg.832,6.898792759980153e-12,-2.994411709954582e-32
translation_393126.8.peg.834,0.0,-7.755268766215688e-33
transcription_TU_393126.8.peg.834,0.0,-57.81118590631065
translation_393126.8.peg.835,6.762688904273444e-08,-8.531727290956563e-33
transcription_TU_393126.8.peg.835,1.206648524488538e-09,9.561177550013198e-33
translation_393126.8.peg.845,0.0,1.0140265331668412e-32
transcription_TU_393126.8.peg.845,0.0,1.627833586531424e-32
translation_393126.8.peg.848,0.0,-1.258274410459609e-32
transcription_TU_393126.8.peg.848,0.0,-175.6775058972044
translation_393126.8.peg.851,0.0,4.2765283728311343e-32
transcription_TU_393126.8.peg.851,0.0,4.057224915724105e-32
translation_393126.8.peg.852,0.0,5.605755966851025e-33
transcription_TU_393126.8.peg.852,0.0,4.317045476165981e-32
translation_393126.8.peg.867,0.0,-2.831005506078389e-32
transcription_TU_393126.8.peg.867,0.0,-117.71594615304303
translation_393126.8.peg.878,0.0,1.3340172781529863e-32
transcription_TU_393126.8.peg.878,0.0,-118.81590271519106
translation_393126.8.peg.879,0.0,-4.0449705036315617e-32
transcription_TU_393126.8.peg.879,0.0,-150.14589221280028
translation_393126.8.peg.882,0.0,-1.1495787926967535e-32
transcription_TU_393126.8.peg.882,0.0,-103.79707360595953
translation_393126.8.peg.883,0.0,-1.0932202158779746e-32
transcription_TU_393126.8.peg.883,0.0,-6.929199056532949e-33
translation_393126.8.peg.884,0.0,2.9025309056354745e-33
transcription_TU_393126.8.peg.884,0.0,-82.13975859400527
translation_393126.8.peg.886,4.250421718844726e-08,2.0757127930131668e-32
transcription_TU_393126.8.peg.886,7.583913984653474e-10,2.1440364149361478e-32
translation_393126.8.peg.902,0.0,1.0084793082597763e-32
transcription_TU_393126.8.peg.902,0.0,-8.334407039673815e-33
translation_393126.8.peg.909,0.0,2.9609297735392008e-33
transcription_TU_393126.8.peg.909,0.0,-146.7982862042296
translation_393126.8.peg.910,0.0,-4.241928651151669e-33
transcription_TU_393126.8.peg.910,0.0,-6.369773041320496e-33
translation_393126.8.peg.911,6.227614803347609e-07,4.483211142724316e-33
transcription_TU_393126.8.peg.911,1.111176681333636e-08,-5.822097231514839e-32
translation_393126.8.peg.921,0.0,-5.721022887049027e-33
transcription_TU_393126.8.peg.921,0.0,2.2993140326157e-32
translation_393126.8.peg.922,0.0,5.687495825623271e-32
transcription_TU_393126.8.peg.922,0.0,-5.590951840570698e-32
translation_393126.8.peg.927,0.0,2.0022345225876e-32
transcription_TU_393126.8.peg.927,0.0,1.6530358761785e-32
translation_393126.8.peg.932,0.0,3.758786068815901e-32
transcription_TU_393126.8.peg.932,0.0,-6.516574906935711e-32
translation_393126.8.peg.940,0.0,-3.0564253517055164e-33
transcription_TU_393126.8.peg.940,0.0,-3.909269759318552e-33
translation_393126.8.peg.941,0.0,-2.4728951393732823e-33
transcription_TU_393126.8.peg.941,0.0,-2.2529644043756882e-32
translation_393126.8.peg.942,0.0,2.123480268243428e-33
transcription_TU_393126.8.peg.942,0.0,7.842934178820453e-33
translation_393126.8.peg.943,0.0,6.449527585504874e-33
transcription_TU_393126.8.peg.943,0.0,-1.154849477631498e-34
translation_393126.8.peg.948,1.5641968061158689e-09,-9.444383398198769e-33
transcription_TU_393126.8.peg.948,2.790954596353971e-11,3.6104827775813864e-32
translation_393126.8.peg.957,0.0,1.160428277812316e-32
transcription_TU_393126.8.peg.957,0.0,-1.0608589648889078e-32
translation_393126.8.peg.963,0.0,7.76713572427479e-33
transcription_TU_393126.8.peg.963,0.0,-79.22108270018124
translation_393126.8.peg.970,0.0,-5.44909910554699e-33
transcription_TU_393126.8.peg.970,0.0,-49.601183439447944
translation_393126.8.peg.983,7.166302519594776e-07,-1.2256816942926497e-32
transcription_TU_393126.8.peg.983,1.2786642242027767e-08,4.38093212710538e-33
translation_393126.8.peg.984,0.0,1.7821258978505586e-32
transcription_TU_393126.8.peg.984,0.0,6.747440291334906e-33
translation_393126.8.peg.986,0.0,1.4440600418750244e-32
transcription_TU_393126.8.peg.986,0.0,-9.878676026503734e-33
translation_393126.8.peg.992,0.0,-2.1362505426082708e-33
transcription_TU_393126.8.peg.992,0.0,-62.13586820256879
translation_393126.8.peg.994,0.0,2.6750093626486845e-33
transcription_TU_393126.8.peg.994,0.0,-70.5277745893712
translation_393126.8.peg.995,0.0,-5.289206005830519e-33
transcription_TU_393126.8.peg.995,0.0,1.9734121562922512e-32
translation_393126.8.peg.997,1.985659046839351e-07,2.539105198697712e-32
transcription_TU_393126.8.peg.997,3.5429584192346275e-09,6.283018448997609e-33
translation_393126.8.peg.998,7.213048785843986e-10,1.9119356574492333e-32
transcription_TU_393126.8.peg.998,1.2870050356748692e-11,3.576340008900482e-33
translation_393126.8.peg.1000,0.0,1.613356255222453e-33
transcription_TU_393126.8.peg.1000,0.0,-25.11748692968673
translation_393126.8.peg.1001,0.0,-3.4003074953564416e-33
transcription_TU_393126.8.peg.1001,0.0,-130.35930532666137
translation_393126.8.peg.1002,0.0,-6.386049372255776e-32
transcription_TU_393126.8.peg.1002,0.0,-165.38410216919607
translation_393126.8.peg.1004,0.0,-4.357918867240846e-33
transcription_TU_393126.8.peg.1004,0.0,2.133059159831716e-33
translation_393126.8.peg.1007,4.394082734449152e-08,-1.2003949600260263e-33
transcription_TU_393126.8.peg.1007,7.840244498979015e-10,4.383742516364516e-33
translation_393126.8.peg.1017,6.9565250682782206e-09,-9.247078650251725e-32
transcription_TU_393126.8.peg.1017,1.2412341936801345e-10,-1.9393504355387774e-32
translation_393126.8.peg.1022,0.0,-1.7695229049288935e-33
transcription_TU_393126.8.peg.1022,0.0,6.845356390012914e-33
translation_393126.8.peg.1032,1.1932267584119737e-06,9.146716964051738e-33
transcription_TU_393126.8.peg.1032,2.1290426453125987e-08,6.57721791166524e-32
translation_393126.8.peg.1034,0.0,-1.202287692420578e-32
transcription_TU_393126.8.peg.1034,0.0,-2.2268888990435587e-32
translation_393126.8.peg.1035,0.0,9.542097098287918e-33
transcription_TU_393126.8.peg.1035,0.0,-4.0915407308861456e-33
translation_393126.8.peg.1040,6.364758680927667e-09,-3.382246590371632e-33
transcription_TU_393126.8.peg.1040,1.1356468972295709e-10,-3.9303952935793857e-33
translation_393126.8.peg.1041,0.0,-8.954720632633019e-33
transcription_TU_393126.8.peg.1041,0.0,-119.26468406363885
translation_393126.8.peg.1042,1.6964549713137818e-12,-5.613394907988615e-32
transcription_TU_393126.8.peg.1042,3.026939309160702e-14,1.1620258139148952e-32
translation_393126.8.peg.1043,0.0,-2.503761742654231e-32
transcription_TU_393126.8.peg.1043,0.0,-127.27291812565008
translation_393126.8.peg.1044,0.0,-3.1983913952068966e-32
transcription_TU_393126.8.peg.1044,0.0,-92.16280990311893
translation_393126.8.peg.1045,0.0,-9.1819834004673e-34
transcription_TU_393126.8.peg.1045,0.0,-95.85416949183129
translation_393126.8.peg.1046,2.0724578964980482e-07,-1.014059601968701e-33
transcription_TU_393126.8.peg.1046,3.697831289110078e-09,4.903865330239559e-33
translation_393126.8.peg.1052,0.0,-1.4047139967565102e-33
transcription_TU_393126.8.peg.1052,0.0,6.0715188529117814e-33
translation_393126.8.peg.1061,3.9697382776111055e-08,5.9118660438469336e-33
transcription_TU_393126.8.peg.1061,7.083098014841683e-10,8.352304122350322e-33
translation_393126.8.peg.1062,3.9697382776111055e-08,5.5054806979144235e-33
transcription_TU_393126.8.peg.1062,7.083098014841683e-10,-1.1012172718935556e-32
translation_393126.8.peg.1064,0.0,1.4926750484258105e-32
transcription_TU_393126.8.peg.1064,0.0,-199.23893144184095
translation_393126.8.peg.1080,6.9565250682782206e-09,-2.4384899667918614e-33
transcription_TU_393126.8.peg.1080,1.2412341936801345e-10,2.8027924928294294e-33
translation_393126.8.peg.1081,0.0,-1.5373595999105712e-32
transcription_TU_393126.8.peg.1081,0.0,1.8551768057333925e-33
translation_393126.8.peg.1082,0.0,2.443282041417534e-32
transcription_TU_393126.8.peg.1082,0.0,2.6679237404069245e-33
translation_393126.8.peg.1083,0.0,3.6414761191523215e-32
transcription_TU_393126.8.peg.1083,0.0,-5.805517199841639e-33
translation_393126.8.peg.1084,0.0,-3.3671604762641196e-32
transcription_TU_393126.8.peg.1084,0.0,9.496511868009904e-33
translation_393126.8.peg.1093,0.0,1.8728769271996495e-32
transcription_TU_393126.8.peg.1093,0.0,1.5345273370862443e-33
translation_393126.8.peg.1095,0.0,-1.0030809410357505e-33
transcription_TU_393126.8.peg.1095,0.0,-23.647467429357512
translation_393126.8.peg.1096,0.0,7.796299709932854e-33
transcription_TU_393126.8.peg.1096,0.0,-59.997354752771656
translation_393126.8.peg.1102,0.0,8.471739026159909e-32
transcription_TU_393126.8.peg.1102,0.0,-1.7501811498505547e-33
translation_393126.8.peg.1103,1.416078166979126e-09,-2.2772981065176232e-32
transcription_TU_393126.8.peg.1103,2.526670463380383e-11,-1.3193512520194565e-32
translation_393126.8.peg.1104,0.0,-1.234857690105654e-32
transcription_TU_393126.8.peg.1104,0.0,-2.4440361770023168e-33
translation_393126.8.peg.1105,0.0,1.0549603354275703e-32
transcription_TU_393126.8.peg.1105,0.0,1.682378538480072e-32
translation_393126.8.peg.1108,3.116274466666627e-08,1.6684256734868612e-32
transcription_TU_393126.8.peg.1108,5.560285324863066e-10,-2.1158616167164763e-33
translation_393126.8.peg.1111,0.0,-2.595027145763866e-32
transcription_TU_393126.8.peg.1111,0.0,-91.97160559618588
translation_393126.8.peg.1112,0.0,-1.3848076562760188e-33
transcription_TU_393126.8.peg.1112,0.0,-59.521141389462066
translation_393126.8.peg.1113,0.0,3.2952685962921477e-32
transcription_TU_393126.8.peg.1113,0.0,-104.86959410432651
translation_393126.8.peg.1114,0.0,-1.2278205461209277e-32
transcription_TU_393126.8.peg.1114,0.0,-2.574129924508333e-32
translation_393126.8.peg.1118,0.0,-7.55735294548787e-33
transcription_TU_393126.8.peg.1118,0.0,3.071538717332961e-32
translation_393126.8.peg.1119,1.9462392482314527e-07,-2.5108056464395418e-33
transcription_TU_393126.8.peg.1119,3.4726227251059234e-09,-4.366720473220737e-33
translation_393126.8.peg.1122,9.46728044985657e-10,2.7099796119952245e-32
transcription_TU_393126.8.peg.1122,1.689221572578892e-11,-4.49151096736636e-32
translation_393126.8.peg.1123,0.0,-2.936510672911425e-32
transcription_TU_393126.8.peg.1123,0.0,3.2848901731615305e-33
translation_393126.8.peg.1125,0.0,-3.180923882030009e-33
transcription_TU_393126.8.peg.1125,0.0,2.7074371016581866e-33
translation_393126.8.peg.1126,1.519303042767015e-08,-8.689569036518235e-32
transcription_TU_393126.8.peg.1126,2.7108518530954417e-10,3.6720957417553595e-32
translation_393126.8.peg.1143,0.0,-2.2198928287106698e-33
transcription_TU_393126.8.peg.1143,0.0,-3.4846809654671434e-32
translation_393126.8.peg.1144,0.0,9.754473782956548e-33
transcription_TU_393126.8.peg.1144,0.0,-6.732756126434008e-33
translation_393126.8.peg.1153,2.24411308761209e-09,-1.2389346616787808e-32
transcription_TU_393126.8.peg.1153,4.00411106333963e-11,-6.712974656463146e-33
translation_393126.8.peg.1154,0.0,-3.540494132543365e-33
transcription_TU_393126.8.peg.1154,0.0,2.182640955693155e-32
translation_393126.8.peg.1159,0.0,-1.7854116071566474e-33
transcription_TU_393126.8.peg.1159,0.0,-5.2512823848622554e-33
translation_393126.8.peg.1160,0.0,1.3367073530843842e-32
transcription_TU_393126.8.peg.1160,0.0,3.2202805198792205e-33
translation_393126.8.peg.1161,0.0,-2.337105206773809e-33
transcription_TU_393126.8.peg.1161,0.0,-61.50497084282589
translation_393126.8.peg.1165,0.0,6.1546072842998345e-34
transcription_TU_393126.8.peg.1165,0.0,-177.80224102441352
translation_393126.8.peg.1166,0.0,1.4438007301487363e-33
transcription_TU_393126.8.peg.1166,0.0,-70.19523191659799
translation_393126.8.peg.1167,0.0,-1.2541535794439051e-32
transcription_TU_393126.8.peg.1167,0.0,-54.26816647018196
translation_393126.8.peg.1176,0.0,1.2485332233762655e-32
transcription_TU_393126.8.peg.1176,0.0,1.4338579588589794e-32
translation_393126.8.peg.1177,0.0,-8.060293974071539e-33
transcription_TU_393126.8.peg.1177,0.0,-150.27962421998564
translation_393126.8.peg.1178,0.0,-2.277326028875747e-33
transcription_TU_393126.8.peg.1178,0.0,-1.5657775691937194e-32
translation_393126.8.peg.1179,1.9476507570120825e-06,-1.740778745286715e-32
transcription_TU_393126.8.peg.1179,3.4751412425352454e-08,-8.844952054677943e-33
translation_393126.8.peg.1180,0.0,-1.0419592719310101e-32
transcription_TU_393126.8.peg.1180,0.0,1.330788182075516e-32
translation_393126.8.peg.1181,0.0,1.7822211975773456e-32
transcription_TU_393126.8.peg.1181,0.0,-116.58507504003457
translation_393126.8.peg.1182,0.0,4.4469648949493495e-33
transcription_TU_393126.8.peg.1182,0.0,-89.87767819329349
translation_393126.8.peg.1183,3.621431676398807e-06,-6.918965184752254e-33
transcription_TU_393126.8.peg.1183,6.461623846250468e-08,-3.949240394078153e-33
translation_393126.8.peg.1187,0.0,1.0258979179704411e-33
transcription_TU_393126.8.peg.1187,0.0,-146.8183765806536
translation_393126.8.peg.1188,0.0,1.509720215449e-32
transcription_TU_393126.8.peg.1188,0.0,-94.38731485155503
translation_393126.8.peg.1198,0.0,4.317041996755789e-33
transcription_TU_393126.8.peg.1198,0.0,-120.84745100774556
translation_393126.8.peg.1204,0.0,2.05333690896363e-32
transcription_TU_393126.8.peg.1204,0.0,-145.49886986647087
translation_393126.8.peg.1205,0.0,1.347331438218476e-32
transcription_TU_393126.8.peg.1205,0.0,-102.7031525968129
translation_393126.8.peg.1206,0.0,6.858512662299904e-33
transcription_TU_393126.8.peg.1206,0.0,1.0239702830736709e-32
translation_393126.8.peg.1208,0.0,-1.0788791737823193e-32
transcription_TU_393126.8.peg.1208,0.0,-63.04389534703071
translation_393126.8.peg.1209,0.0,5.159990776251244e-33
transcription_TU_393126.8.peg.1209,0.0,-60.46001747918534
translation_393126.8.peg.1210,0.0,-7.023696632606154e-34
transcription_TU_393126.8.peg.1210,0.0,-79.78630202500781
translation_393126.8.peg.1211,0.0,2.3749595220041439e-32
transcription_TU_393126.8.peg.1211,0.0,-110.37262031162268
translation_393126.8.peg.1212,0.0,2.1281826042436548e-33
transcription_TU_393126.8.peg.1212,0.0,-76.3530391702868
translation_393126.8.peg.1213,0.0,-3.118626603396494e-32
transcription_TU_393126.8.peg.1213,0.0,-80.49906793326662
translation_393126.8.peg.1214,1.1568413530551684e-09,5.99568862729379e-32
transcription_TU_393126.8.peg.1214,2.0641211380420768e-11,-1.9904620868831521e-32
translation_393126.8.peg.1215,0.0,-5.002396853628897e-33
transcription_TU_393126.8.peg.1215,0.0,-84.22392738624879
translation_393126.8.peg.1216,0.0,1.0095538192080125e-32
transcription_TU_393126.8.peg.1216,0.0,-75.28396039894747
translation_393126.8.peg.1221,0.0,-4.24780831967757e-32
transcription_TU_393126.8.peg.1221,0.0,-164.18495767887097
translation_393126.8.peg.1222,1.0698130084572606e-12,1.9268297370600858e-33
transcription_TU_393126.8.peg.1222,1.9088387864742172e-14,1.032144724232484e-32
translation_393126.8.peg.1234,1.5948127604645941e-10,7.555030760324517e-34
transcription_TU_393126.8.peg.1234,2.8455818262378616e-12,1.9023718134232908e-33
translation_393126.8.peg.1235,3.237491684376038e-08,-1.6564292429122782e-33
transcription_TU_393126.8.peg.1235,5.77656996986461e-10,-1.4418821938967808e-32
translation_393126.8.peg.1236,3.1896255209291883e-10,-9.48216981593879e-32
transcription_TU_393126.8.peg.1236,5.691163652475723e-12,1.477390072543335e-32
translation_393126.8.peg.1247,1.345883401591242e-07,-5.198240843714857e-33
transcription_TU_393126.8.peg.1247,2.4014238177323987e-09,-6.387589630514386e-33
translation_393126.8.peg.1249,0.0,-1.5833234633275452e-32
transcription_TU_393126.8.peg.1249,0.0,3.517448914538084e-32
translation_393126.8.peg.1252,0.0,-4.551495359475955e-34
transcription_TU_393126.8.peg.1252,0.0,-1.0108894195286856e-33
translation_393126.8.peg.1253,1.594812760464596e-10,4.945795565336606e-33
transcription_TU_393126.8.peg.1253,2.8455818262378644e-12,-3.658691091620362e-32
translation_393126.8.peg.1329,0.0,-9.128685924444886e-33
transcription_TU_393126.8.peg.1329,0.0,1.3184240808020375e-32
translation_393126.8.peg.1330,2.5391426006063326e-08,3.725881014309735e-32
transcription_TU_393126.8.peg.1330,4.530524345946959e-10,-2.4484356555668244e-33
translation_393126.8.peg.1333,-7.698544227323886e-31,1.4176285119225017e-32
transcription_TU_393126.8.peg.1333,0.0,-97.2178310768224
translation_393126.8.peg.1334,2.696118600935872e-09,1.148154964486178e-32
transcription_TU_393126.8.peg.1334,4.810612432001099e-11,1.294890240358771e-32
translation_393126.8.peg.1335,3.6659163640810796e-09,2.047536566394882e-33
transcription_TU_393126.8.peg.1335,6.54099668671963e-11,-3.811408298835906e-32
translation_393126.8.peg.1342,8.296212122981203e-06,-8.641606768638719e-32
transcription_TU_393126.8.peg.1342,1.4802709778226432e-07,-4.076322572571414e-33
translation_393126.8.peg.1350,0.0,-5.409506723024377e-32
transcription_TU_393126.8.peg.1350,0.0,-219.57775414185127
translation_393126.8.peg.1359,1.201301828907066e-08,-2.0582078689478535e-32
transcription_TU_393126.8.peg.1359,2.1434507779887698e-10,-1.4890088409262673e-32
translation_393126.8.peg.1361,0.0,4.0373478821593494e-32
transcription_TU_393126.8.peg.1361,0.0,-209.44770455238884
translation_393126.8.peg.1362,0.0,-4.160402094799171e-32
transcription_TU_393126.8.peg.1362,0.0,-262.58512076003126
translation_393126.8.peg.1363,6.993267883761639e-09,-4.8797421044247295e-33
transcription_TU_393126.8.peg.1363,1.2477901161417764e-10,2.230008750510188e-33
translation_393126.8.peg.1367,0.0,-5.237189420071589e-32
transcription_TU_393126.8.peg.1367,0.0,-74.32437978917717
translation_393126.8.peg.1368,8.805363465366542e-08,1.3194646564166872e-32
transcription_TU_393126.8.peg.1368,1.5711174923861626e-09,5.752169442166114e-32
translation_393126.8.peg.1374,0.0,-1.9716799740115932e-32
transcription_TU_393126.8.peg.1374,0.0,-5.699675219305962e-32
translation_393126.8.peg.1376,0.0,2.5698376825345134e-33
transcription_TU_393126.8.peg.1376,0.0,8.56044399432631e-34
translation_393126.8.peg.1381,0.0,2.5063367661158474e-32
transcription_TU_393126.8.peg.1381,0.0,1.1771310826652027e-32
translation_393126.8.peg.1384,1.5814020226059724e-09,2.0816405221774694e-32
transcription_TU_393126.8.peg.1384,2.821653404749801e-11,2.5276665282923364e-34
translation_393126.8.peg.1389,4.9505906569395303e-08,6.371999014998319e-34
transcription_TU_393126.8.peg.1389,8.833206726052421e-10,-2.1930850986830418e-32
translation_393126.8.peg.1390,6.9565250682782206e-09,-8.11592460887478e-33
transcription_TU_393126.8.peg.1390,1.2412341936801345e-10,8.552894135703257e-33
translation_393126.8.peg.1392,9.92710061570937e-10,-1.6126187477468867e-32
transcription_TU_393126.8.peg.1392,1.771266057030298e-11,-7.869930155946274e-33
translation_393126.8.peg.1393,4.076210768514751e-08,1.2212225761196726e-32
transcription_TU_393126.8.peg.1393,7.273074037494918e-10,8.396572353167386e-34
translation_393126.8.peg.1394,0.0,-9.266267721891705e-33
transcription_TU_393126.8.peg.1394,0.0,1.0301996101493868e-33
translation_393126.8.peg.1395,2.5743643912285716e-08,1.3995197952718158e-32
transcription_TU_393126.8.peg.1395,4.5933696465156615e-10,-7.812477375376838e-33
translation_393126.8.peg.1397,5.4272772412760676e-08,-7.925084298733012e-32
transcription_TU_393126.8.peg.1397,9.683745870725617e-10,3.903444390486121e-33
translation_393126.8.peg.1400,6.115921721737295e-10,9.934906710685506e-33
transcription_TU_393126.8.peg.1400,1.0912475830077472e-11,6.928815587885285e-33
translation_393126.8.peg.1403,1.3913050136556456e-08,5.646347842047532e-32
transcription_TU_393126.8.peg.1403,2.4824683873602716e-10,5.686822955479961e-32
translation_393126.8.peg.1405,7.177525401906717e-12,1.0488035201751296e-32
transcription_TU_393126.8.peg.1405,1.280666693128067e-13,-1.1556235709401765e-32
translation_393126.8.peg.1406,0.0,-1.0496282924906233e-32
transcription_TU_393126.8.peg.1406,0.0,5.230698594768923e-33
translation_393126.8.peg.1407,2.662409178078289e-09,-1.3180715045800477e-32
transcription_TU_393126.8.peg.1407,4.750465608853933e-11,3.065853322003087e-32
translation_393126.8.peg.1408,8.296531085533296e-06,3.7548375436038e-33
transcription_TU_393126.8.peg.1408,1.480327889459168e-07,3.378211909452773e-33
translation_393126.8.peg.1409,8.446362155582707e-10,-1.4055380645170847e-31
transcription_TU_393126.8.peg.1409,1.507061847232002e-11,-1.5922407737173427e-32
translation_393126.8.peg.1413,0.0,-3.8088275321956385e-33
transcription_TU_393126.8.peg.1413,0.0,-57.078083116627084
translation_393126.8.peg.1416,2.565677111555423e-07,-4.930440868199877e-34
transcription_TU_393126.8.peg.1416,4.5778691653493605e-09,-1.4249680036229857e-32
translation_393126.8.peg.1425,0.0,3.359720601887583e-32
transcription_TU_393126.8.peg.1425,0.0,-114.8824721426785
translation_393126.8.peg.1426,0.0,-1.434198643132399e-32
transcription_TU_393126.8.peg.1426,0.0,-143.90594216450032
translation_393126.8.peg.1427,0.0,-4.524010290675833e-33
transcription_TU_393126.8.peg.1427,0.0,-157.36577520965946
translation_393126.8.peg.1431,3.737780250579535e-29,-4.0443628149440556e-32
transcription_TU_393126.8.peg.1431,6.66922150059888e-31,-2.2955408722401153e-33
translation_393126.8.peg.1433,7.54071626397243e-08,3.021233391989181e-33
transcription_TU_393126.8.peg.1433,1.3454698689095786e-09,-4.001719091248714e-33
translation_393126.8.peg.1434,7.54071626397243e-08,-1.3180595062805053e-32
transcription_TU_393126.8.peg.1434,1.3454698689095786e-09,5.796672662761996e-34
translation_393126.8.peg.1436,7.974063802322971e-11,1.4273021261834577e-32
transcription_TU_393126.8.peg.1436,1.4227909131189308e-12,-1.276387598634013e-32
translation_393126.8.peg.1437,1.2378213240372666e-06,-4.761990725478544e-33
transcription_TU_393126.8.peg.1437,2.2086115380616998e-08,2.0992696285736928e-32
translation_393126.8.peg.1440,6.354230605890961e-09,-6.982815849831333e-33
transcription_TU_393126.8.peg.1440,1.1337684009112324e-10,-4.961254040950378e-34
translation_393126.8.peg.1442,1.871682128466444e-08,-1.005568488662304e-31
transcription_TU_393126.8.peg.1442,3.3395924470197716e-10,3.3845340985745536e-32
translation_393126.8.peg.1447,0.0,-1.073255439362436e-33
transcription_TU_393126.8.peg.1447,0.0,-2.9877546082406705e-32
translation_393126.8.peg.1448,2.1345204811839694e-08,5.434793799546142e-32
transcription_TU_393126.8.peg.1448,3.8085679018646423e-10,1.4952396383281955e-32
translation_393126.8.peg.1449,3.281003047867292e-08,3.381154525487893e-33
transcription_TU_393126.8.peg.1449,5.854206133967957e-10,-2.4066947933077725e-33
translation_393126.8.peg.1450,3.281003047867292e-08,1.0623120719939837e-32
transcription_TU_393126.8.peg.1450,5.854206133967957e-10,4.4085876957866305e-33
translation_393126.8.peg.1451,2.3412455463829823e-08,6.215063027384145e-33
transcription_TU_393126.8.peg.1451,4.1774219160416933e-10,2.6219140070519025e-32
translation_393126.8.peg.1453,0.0,2.4641976709462213e-32
transcription_TU_393126.8.peg.1453,0.0,4.776682613028428e-32
translation_393126.8.peg.1459,0.0,-1.9780821961316607e-32
transcription_TU_393126.8.peg.1459,0.0,1.4743528507097512e-32
translation_393126.8.peg.1463,2.5617437263019875e-09,2.645951774357026e-32
transcription_TU_393126.8.peg.1463,4.570850931064912e-11,9.582422342899724e-33
translation_393126.8.peg.1470,2.0343745294561405e-07,-2.1657834039718692e-32
transcription_TU_393126.8.peg.1470,3.6298801541412127e-09,-2.9797197906953764e-33
translation_393126.8.peg.1472,1.8842779545006175e-08,1.9678006849083866e-32
transcription_TU_393126.8.peg.1472,3.3620668430980023e-10,2.308581262394256e-33
translation_393126.8.peg.1483,0.0,-1.1073596989585144e-31
transcription_TU_393126.8.peg.1483,0.0,-2.4179460564417682e-32
translation_393126.8.peg.1484,1.1429633849546667e-05,-3.685883030358355e-33
transcription_TU_393126.8.peg.1484,2.0393590501086998e-07,1.7503653198384394e-32
translation_393126.8.peg.1491,0.0,7.433552990183494e-33
transcription_TU_393126.8.peg.1491,0.0,2.8007145890816497e-33
translation_393126.8.peg.1492,8.98965990784386e-24,-2.1476668145406622e-32
transcription_TU_393126.8.peg.1492,0.0,-42.03036507142316
translation_393126.8.peg.1493,0.0,4.0773971084290276e-33
transcription_TU_393126.8.peg.1493,0.0,1.7028323033048592e-32
translation_393126.8.peg.1498,0.0,-2.8369536333609096e-33
transcription_TU_393126.8.peg.1498,0.0,-95.69982318402
translation_393126.8.peg.1499,0.0,2.0729786907054236e-32
transcription_TU_393126.8.peg.1499,0.0,-105.77741472605909
translation_393126.8.peg.1500,0.0,3.2083469482440183e-32
transcription_TU_393126.8.peg.1500,0.0,-163.14984256408303
translation_393126.8.peg.1502,3.5877268754274766e-12,-5.563856742896618e-32
transcription_TU_393126.8.peg.1502,6.401485269811536e-14,3.73102016808108e-32
translation_393126.8.peg.1503,0.0,-1.325371119891978e-32
transcription_TU_393126.8.peg.1503,0.0,-72.58326946215607
translation_393126.8.peg.1504,0.0,2.2206804122810978e-33
transcription_TU_393126.8.peg.1504,0.0,-98.8764532838593
translation_393126.8.peg.1505,0.0,-4.97628542730899e-32
transcription_TU_393126.8.peg.1505,0.0,-72.07908709465845
translation_393126.8.peg.1506,0.0,9.482055376078329e-33
transcription_TU_393126.8.peg.1506,0.0,-126.7111989114251
translation_393126.8.peg.1511,0.0,-2.452167691836342e-32
transcription_TU_393126.8.peg.1511,0.0,-3.1510214128025805e-32
translation_393126.8.peg.1513,0.0,-1.4404992534405996e-32
transcription_TU_393126.8.peg.1513,0.0,-94.4044466161823
translation_393126.8.peg.1514,0.0,9.94355391068538e-33
transcription_TU_393126.8.peg.1514,0.0,1.6314886731663497e-32
translation_393126.8.peg.1515,0.0,1.3297506616604902e-32
transcription_TU_393126.8.peg.1515,0.0,-5.697092089684511e-32
translation_393126.8.peg.1517,0.0,-2.0811143084275995e-32
transcription_TU_393126.8.peg.1517,0.0,-65.88419194724995
translation_393126.8.peg.1519,2.2585617809742644e-08,-1.7244926438669547e-32
transcription_TU_393126.8.peg.1519,4.029891481118774e-10,-2.704489592290868e-32
translation_393126.8.peg.1524,0.0,-4.8102144521409855e-32
transcription_TU_393126.8.peg.1524,0.0,-1.8115970986974923e-32
translation_393126.8.peg.1525,0.0,-5.193874761973428e-33
transcription_TU_393126.8.peg.1525,0.0,-2.685470772168891e-32
translation_393126.8.peg.1526,1.2762595544672314e-06,2.271468579891934e-32
transcription_TU_393126.8.peg.1526,2.2771958462988543e-08,5.692477986074856e-33
translation_393126.8.peg.1529,2.8068786704386067e-08,7.048775473002927e-32
transcription_TU_393126.8.peg.1529,5.0082386666683e-10,-7.607419055730476e-33
translation_393126.8.peg.1532,4.077281147824863e-10,7.03728164389427e-33
transcription_TU_393126.8.peg.1532,7.274983886718315e-12,-9.116362032927997e-33
translation_393126.8.peg.1533,0.0,-2.6527998666362164e-32
transcription_TU_393126.8.peg.1533,0.0,-200.4048278179362
translation_393126.8.peg.1536,3.1896255209291883e-10,1.616245674471585e-32
transcription_TU_393126.8.peg.1536,5.691163652475723e-12,3.50511641537728e-32
translation_393126.8.peg.1537,5.954195651974078e-08,-2.682412894013981e-32
transcription_TU_393126.8.peg.1537,1.0623912321961935e-09,1.3864626650893933e-32
translation_393126.8.peg.1540,1.4355050803813434e-11,2.2260197874352498e-33
transcription_TU_393126.8.peg.1540,2.561333386256134e-13,3.952934393761273e-33
translation_393126.8.peg.1541,1.6253812492595694e-08,-7.561542776693914e-34
transcription_TU_393126.8.peg.1541,2.900124364601548e-10,-3.693874008871723e-33
translation_393126.8.peg.1542,1.102336468352861e-08,-6.209073601952068e-33
transcription_TU_393126.8.peg.1542,1.9668695275740914e-10,6.768735077396587e-33
translation_393126.8.peg.1548,8.296531085533296e-06,4.239466007427721e-34
transcription_TU_393126.8.peg.1548,1.480327889459168e-07,2.7204942965188978e-33
translation_393126.8.peg.1549,1.4355050803813434e-11,-1.8035754550883118e-32
transcription_TU_393126.8.peg.1549,2.561333386256134e-13,1.654655830064181e-32
translation_393126.8.peg.1550,8.296212122981203e-06,-1.2623515194302025e-32
transcription_TU_393126.8.peg.1550,1.4802709778226432e-07,1.537800320291595e-32
translation_393126.8.peg.1551,4.6514401084091236e-11,2.0714894487893285e-32
transcription_TU_393126.8.peg.1551,8.299440389771523e-13,5.568528250444921e-33
translation_393126.8.peg.1552,2.3257200542045618e-11,-2.556614959321379e-32
transcription_TU_393126.8.peg.1552,4.1497201948857616e-13,-3.9852395070781435e-32
translation_393126.8.peg.1553,4.6514401084091236e-11,-5.519120907007777e-32
transcription_TU_393126.8.peg.1553,8.299440389771523e-13,9.743879507947113e-33
translation_393126.8.peg.1555,0.0,-2.3503529418159165e-32
transcription_TU_393126.8.peg.1555,0.0,1.8357931210401968e-32
translation_393126.8.peg.1559,8.296531085533296e-06,-1.340583157130052e-32
transcription_TU_393126.8.peg.1559,1.480327889459168e-07,5.7855346410728144e-33
translation_393126.8.peg.1560,0.0,-5.5728530699689115e-33
transcription_TU_393126.8.peg.1560,0.0,-108.63933505857695
translation_393126.8.peg.1562,1.6487303609754956e-08,-1.1280715072915535e-32
transcription_TU_393126.8.peg.1562,2.941785561203889e-10,-1.8074940353373008e-32
translation_393126.8.peg.1567,1.896368095557089e-09,-1.919847405228356e-33
transcription_TU_393126.8.peg.1567,3.3836389589725486e-11,1.249957046355054e-32
translation_393126.8.peg.1569,1.1712162108444887e-08,-9.842084096725914e-33
transcription_TU_393126.8.peg.1569,2.0897698129800225e-10,-1.3756982522110495e-33
translation_393126.8.peg.1573,6.2651805905106624e-09,1.3338774819497947e-32
transcription_TU_393126.8.peg.1573,1.1178794444347016e-10,6.945644392612461e-33
translation_393126.8.peg.1575,2.0386405739124316e-10,8.452231162007578e-33
transcription_TU_393126.8.peg.1575,3.6374919433591574e-12,7.517010157299216e-33
translation_393126.8.peg.1577,4.706462968740261e-08,-1.0593504823871997e-33
transcription_TU_393126.8.peg.1577,8.397616210323834e-10,-6.775045595684028e-33
translation_393126.8.peg.1584,2.0211882531604868e-07,2.694620709393311e-32
transcription_TU_393126.8.peg.1584,3.6063522334267254e-09,1.321167395378314e-33
translation_393126.8.peg.1593,0.0,-1.2677645698866677e-32
transcription_TU_393126.8.peg.1593,0.0,-122.67086230080439
translation_393126.8.peg.1596,5.749688834011812e-06,-2.1165967609538323e-32
transcription_TU_393126.8.peg.1596,1.0259016267101157e-07,-8.699711519229239e-33
translation_393126.8.peg.1599,9.627061183389051e-08,-4.3950410943308523e-32
transcription_TU_393126.8.peg.1599,1.717730822240936e-09,-4.1710176707717287e-32
translation_393126.8.peg.1600,2.6872744031095314e-08,7.878373788421196e-33
transcription_TU_393126.8.peg.1600,4.794831965963846e-10,-4.247454325626653e-33
translation_393126.8.peg.1603,0.0,7.257474479896286e-32
transcription_TU_393126.8.peg.1603,0.0,-235.55578766383294
translation_393126.8.peg.1604,0.0,2.324869998163842e-33
transcription_TU_393126.8.peg.1604,0.0,8.69204507349699e-33
translation_393126.8.peg.1614,0.0,6.867420776062512e-33
transcription_TU_393126.8.peg.1614,0.0,-2.2359670757643723e-32
translation_393126.8.peg.1616,0.0,-1.4064407242506408e-32
transcription_TU_393126.8.peg.1616,0.0,-91.44703735206726
translation_393126.8.peg.1618,0.0,3.579978311974056e-32
transcription_TU_393126.8.peg.1618,3.3138229922791485e-45,-1.8146019629983143e-32
translation_393126.8.peg.1619,0.0,3.974913653848906e-32
transcription_TU_393126.8.peg.1619,0.0,-1.1603710362174225e-32
translation_393126.8.peg.1620,8.296531085533296e-06,-2.6428674343248385e-33
transcription_TU_393126.8.peg.1620,1.480327889459168e-07,2.717808908357989e-33
translation_393126.8.peg.1622,8.296531085533296e-06,8.815838159169992e-33
transcription_TU_393126.8.peg.1622,1.480327889459168e-07,-7.881737464518847e-33
translation_393126.8.peg.1623,1.7641067249301992e-09,-4.392041097021697e-32
transcription_TU_393126.8.peg.1623,3.147648526804482e-11,2.69792637834749e-32
translation_393126.8.peg.1631,8.565001742803275e-09,-9.554264606600845e-33
transcription_TU_393126.8.peg.1631,1.5282303920064281e-10,2.5893786272721925e-32
translation_393126.8.peg.1632,8.303114898215672e-08,-1.1065778939943285e-31
transcription_TU_393126.8.peg.1632,1.4815026215769913e-09,5.675651123478584e-32
translation_393126.8.peg.1633,1.0337786390333135e-08,3.814119532240794e-32
transcription_TU_393126.8.peg.1633,1.8445436232458678e-10,-1.662918545053434e-32
translation_393126.8.peg.1634,8.844674999508732e-09,-1.8802568627965435e-32
transcription_TU_393126.8.peg.1634,1.578131744459488e-10,-7.432492372494647e-33
translation_393126.8.peg.1635,1.5924626783846867e-09,-3.114474682751298e-33
transcription_TU_393126.8.peg.1635,2.8413886375309915e-11,-2.299521339994423e-32
translation_393126.8.peg.1636,1.3769643155048966e-09,1.0988536174128338e-32
transcription_TU_393126.8.peg.1636,2.4568806625533506e-11,1.602614486687212e-32
translation_393126.8.peg.1637,9.94376692979604e-09,1.6099624474027823e-32
transcription_TU_393126.8.peg.1637,1.7742397829529312e-10,-8.813964381358147e-34
translation_393126.8.peg.1639,1.0402373745036238e-07,-6.170117701944841e-32
transcription_TU_393126.8.peg.1639,1.856067772494234e-09,-3.359940169897447e-32
translation_393126.8.peg.1640,0.0,-1.8108312269092375e-32
transcription_TU_393126.8.peg.1640,0.0,-98.36922848046945
translation_393126.8.peg.1643,1.8512840323589942e-09,-9.560404802329351e-33
transcription_TU_393126.8.peg.1643,3.3031966687741153e-11,-1.9049404773303038e-32
translation_393126.8.peg.1646,0.0,2.1737596258068234e-32
transcription_TU_393126.8.peg.1646,0.0,3.3980496997277664e-32
translation_393126.8.peg.1647,0.0,-4.4283286806778364e-33
transcription_TU_393126.8.peg.1647,0.0,-1.2305753064133733e-32
translation_393126.8.peg.1650,2.583538901031956e-06,-9.515866675472105e-32
transcription_TU_393126.8.peg.1650,4.609739479394065e-08,5.252762761983116e-32
translation_393126.8.peg.1651,3.4879841962338643e-06,7.872986396620407e-32
transcription_TU_393126.8.peg.1651,6.223517070503341e-08,-6.7041674272446984e-34
translation_393126.8.peg.1652,1.0369778817098332e-07,-1.1787930922678167e-32
transcription_TU_393126.8.peg.1652,1.8502519465322813e-09,-2.6288231727378344e-32
translation_393126.8.peg.1653,1.0369778817098332e-07,1.0825477723118295e-33
transcription_TU_393126.8.peg.1653,1.8502519465322813e-09,2.7893612472965925e-33
translation_393126.8.peg.1654,0.0,7.553487430541945e-32
transcription_TU_393126.8.peg.1654,0.0,-355.3546455134801
translation_393126.8.peg.1659,1.3583256059058312e-06,-1.3964103197668394e-31
transcription_TU_393126.8.peg.1659,2.4236241106781483e-08,-1.562447906755204e-32
translation_393126.8.peg.1661,4.645231808424597e-06,-2.047670245778888e-32
transcription_TU_393126.8.peg.1661,8.288363085873694e-08,1.7513134859031779e-32
translation_393126.8.peg.1666,1.3007452986126771e-14,7.077160921712282e-33
transcription_TU_393126.8.peg.1666,2.3208851057965604e-16,1.9206605160571305e-32
translation_393126.8.peg.1667,1.7750593845667122e-09,-2.7656596220673584e-33
transcription_TU_393126.8.peg.1667,3.1671910649526906e-11,-8.367847908744646e-33
translation_393126.8.peg.1668,0.0,1.9558528484305823e-32
transcription_TU_393126.8.peg.1668,0.0,2.280095950002408e-32
translation_393126.8.peg.1669,0.0,3.8131238844309524e-32
transcription_TU_393126.8.peg.1669,0.0,-2.2187563180843722e-32
translation_393126.8.peg.1670,0.0,-1.5611826879785411e-32
transcription_TU_393126.8.peg.1670,0.0,-126.50559381180291
translation_393126.8.peg.1671,0.0,3.07491883257509e-32
transcription_TU_393126.8.peg.1671,0.0,-9.04555134626769e-34
translation_393126.8.peg.1673,0.0,1.7583741162587106e-33
transcription_TU_393126.8.peg.1673,0.0,-125.85432732006217
translation_393126.8.peg.1676,8.29661082617132e-06,-2.1511830339542146e-32
transcription_TU_393126.8.peg.1676,1.4803421173682992e-07,1.6851177399822698e-32
translation_393126.8.peg.1678,5.025143498281499e-08,-4.2747826649413366e-32
transcription_TU_393126.8.peg.1678,8.96622937026258e-10,5.887705081817089e-34
translation_393126.8.peg.1680,1.3459698524175524e-08,1.0687459700240413e-32
transcription_TU_393126.8.peg.1680,2.4015780696335063e-10,-1.587265815278901e-32
translation_393126.8.peg.1685,0.0,-1.9762428485697686e-33
transcription_TU_393126.8.peg.1685,0.0,-143.484447632945
translation_393126.8.peg.1700,0.0,-8.188012660645606e-33
transcription_TU_393126.8.peg.1700,0.0,2.6206850466260707e-32
translation_393126.8.peg.1708,2.583327630724881e-09,-7.4735302422630426e-34
transcription_TU_393126.8.peg.1708,4.609362515426169e-11,-1.2896790817596156e-32
translation_393126.8.peg.1709,2.583327630724881e-09,-2.6072917159589943e-32
transcription_TU_393126.8.peg.1709,4.609362515426169e-11,5.536945229197932e-32
translation_393126.8.peg.1711,4.4173146946445334e-09,-7.467593251543416e-33
transcription_TU_393126.8.peg.1711,7.88169666525125e-11,1.1077918786851182e-32
translation_393126.8.peg.1712,3.604270244868647e-09,5.416790134211812e-33
transcription_TU_393126.8.peg.1712,6.431003162189586e-11,-1.4185299629291797e-32
translation_393126.8.peg.1713,2.142938782626342e-09,2.5101740828055532e-33
transcription_TU_393126.8.peg.1713,3.823588452355616e-11,9.256097810946416e-33
translation_393126.8.peg.1714,2.142938782626342e-09,6.50754454345934e-33
transcription_TU_393126.8.peg.1714,3.823588452355616e-11,8.035167567525309e-33
translation_393126.8.peg.1715,4.715291757574918e-06,-2.733780837783913e-31
transcription_TU_393126.8.peg.1715,8.413369182508653e-08,-6.615502403016772e-32
translation_393126.8.peg.1723,0.0,3.2675289416244415e-32
transcription_TU_393126.8.peg.1723,0.0,-2.318789543168881e-32
translation_393126.8.peg.1730,1.918392272280045e-08,-2.4933388993423594e-32
transcription_TU_393126.8.peg.1730,3.422936109443327e-10,-3.861143263411513e-33
translation_393126.8.peg.1741,8.359519640493669e-07,-2.1916483696816878e-32
transcription_TU_393126.8.peg.1741,1.4915667691383102e-08,3.221858859918023e-32
translation_393126.8.peg.1742,8.296531085533296e-06,4.6024064560318895e-32
transcription_TU_393126.8.peg.1742,1.480327889459168e-07,-2.5011068946628923e-32
translation_393126.8.peg.1743,6.686305065720429e-08,-1.2775360325877815e-31
transcription_TU_393126.8.peg.1743,1.193019560124005e-09,-8.091815383811261e-32
translation_393126.8.peg.1746,0.0,1.9957655907106674e-33
transcription_TU_393126.8.peg.1746,0.0,-3.6060076948705556e-32
translation_393126.8.peg.1747,6.628049044878029e-09,2.5332372010784278e-33
transcription_TU_393126.8.peg.1747,1.1826250938714413e-10,-3.747091702081535e-33
translation_393126.8.peg.1750,0.0,5.6317643244948714e-33
transcription_TU_393126.8.peg.1750,0.0,7.608371805484743e-33
translation_393126.8.peg.1754,0.0,-9.328471561587179e-32
transcription_TU_393126.8.peg.1754,0.0,-101.54603087547902
translation_393126.8.peg.1755,2.0040894817612826e-09,-1.9711750801333705e-32
transcription_TU_393126.8.peg.1755,3.575843352164453e-11,2.600398128563614e-32
translation_393126.8.peg.1756,4.716951409424703e-09,1.5736255808782112e-32
transcription_TU_393126.8.peg.1756,8.416330454990731e-11,-8.498243057667486e-34
translation_393126.8.peg.1758,2.0239478086868224e-09,6.195557893536191e-32
transcription_TU_393126.8.peg.1758,3.6112760346709215e-11,5.054125572146936e-32
translation_393126.8.peg.1759,2.01626373273094e-09,-3.3550799635391433e-32
transcription_TU_393126.8.peg.1759,3.5975655431113223e-11,-2.0971594455053093e-32
translation_393126.8.peg.1760,2.7044486339164822e-09,-1.896633090812678e-33
transcription_TU_393126.8.peg.1760,4.825475487432559e-11,-1.0153797560388323e-32
translation_393126.8.peg.1761,8.83554032547482e-07,7.068672572251141e-32
transcription_TU_393126.8.peg.1761,1.576501868961631e-08,1.508725933129346e-32
translation_393126.8.peg.1762,0.0,-4.1534467857679925e-33
transcription_TU_393126.8.peg.1762,0.0,-125.81258293775244
translation_393126.8.peg.1763,3.6803704884987326e-09,6.356056817510254e-34
transcription_TU_393126.8.peg.1763,6.566786794986054e-11,1.0198841356054287e-32
translation_393126.8.peg.1764,0.0,5.76311441330058e-32
transcription_TU_393126.8.peg.1764,0.0,-4.947173865587669e-32
translation_393126.8.peg.1768,0.0,1.2214792131773127e-33
transcription_TU_393126.8.peg.1768,0.0,-7.970765169196252e-33
translation_393126.8.peg.1771,0.0,5.385878602173891e-33
transcription_TU_393126.8.peg.1771,0.0,1.9629432261739965e-32
translation_393126.8.peg.1774,0.0,-2.112293023729292e-33
transcription_TU_393126.8.peg.1774,0.0,-42.257600328475355
translation_393126.8.peg.1782,8.296212122981203e-06,4.1115567086028493e-32
transcription_TU_393126.8.peg.1782,1.4802709778226432e-07,-6.193799180833867e-33
translation_393126.8.peg.1789,5.337329881642604e-09,2.4572640393514928e-33
transcription_TU_393126.8.peg.1789,9.523255198568903e-11,5.9805113998113656e-33
translation_393126.8.peg.1793,2.611726037873373e-10,1.1314009823850969e-32
transcription_TU_393126.8.peg.1793,4.660033035050247e-12,5.3471282555999954e-33
translation_393126.8.peg.1803,0.0,3.3932832756667646e-33
transcription_TU_393126.8.peg.1803,0.0,-31.99486970803178
translation_393126.8.peg.1804,0.0,2.209846938724223e-34
transcription_TU_393126.8.peg.1804,0.0,-4.0321308145422044e-33
translation_393126.8.peg.1813,0.0,-7.961276931114063e-32
transcription_TU_393126.8.peg.1813,0.0,-5.447560349030447e-32
translation_393126.8.peg.1817,0.0,3.4491047722345166e-33
transcription_TU_393126.8.peg.1817,-1.5302290962785996e-43,9.3650305244887e-34
translation_393126.8.peg.1818,6.512415523211371e-42,-2.639798830499792e-31
transcription_TU_393126.8.peg.1818,-5.664773267433613e-44,1.288426139150807e-31
translation_393126.8.peg.1821,1.3610422625979222e-06,-6.656052322147593e-33
transcription_TU_393126.8.peg.1821,2.4284713686778208e-08,-1.7200447219855997e-32
translation_393126.8.peg.1826,0.0,-5.511775295456085e-32
transcription_TU_393126.8.peg.1826,0.0,7.629130327690656e-33
translation_393126.8.peg.1834,1.7319258151327615e-08,2.0909536098561006e-33
transcription_TU_393126.8.peg.1834,3.0902289886985087e-10,7.080839816477648e-33
translation_393126.8.peg.1836,7.177525401906717e-12,-4.512619341196243e-32
transcription_TU_393126.8.peg.1836,1.280666693128067e-13,1.1119132351385514e-32
translation_393126.8.peg.1839,3.1896255209291883e-10,-3.739519214173476e-32
transcription_TU_393126.8.peg.1839,5.691163652475723e-12,1.924076575224629e-32
translation_393126.8.peg.1840,3.1896255209291883e-10,-9.406635137491338e-33
transcription_TU_393126.8.peg.1840,5.691163652475723e-12,-3.278574802215442e-33
translation_393126.8.peg.1841,3.1896255209291883e-10,-1.4127081184144436e-32
transcription_TU_393126.8.peg.1841,5.691163652475723e-12,-5.853696433448407e-33
translation_393126.8.peg.1843,0.0,-3.277746131502262e-32
transcription_TU_393126.8.peg.1843,0.0,-214.48166322752158
translation_393126.8.peg.1844,0.0,1.6011685035633995e-32
transcription_TU_393126.8.peg.1844,0.0,-233.56466258020794
translation_393126.8.peg.1849,0.0,4.1515520128347916e-32
transcription_TU_393126.8.peg.1849,0.0,-134.3729556008284
translation_393126.8.peg.1850,0.0,-3.335184732501482e-32
transcription_TU_393126.8.peg.1850,0.0,4.899073138191497e-32
translation_393126.8.peg.1851,0.0,9.195710776085645e-35
transcription_TU_393126.8.peg.1851,0.0,-60.466770920914634
translation_393126.8.peg.1852,0.0,-2.277610909566356e-32
transcription_TU_393126.8.peg.1852,0.0,-110.6776459034851
translation_393126.8.peg.1853,0.0,5.582300231938347e-32
transcription_TU_393126.8.peg.1853,0.0,-152.79760542926115
translation_393126.8.peg.1854,0.0,1.4266521011293276e-32
transcription_TU_393126.8.peg.1854,0.0,2.1266641393155146e-32
translation_393126.8.peg.1855,0.0,2.036053356764878e-34
transcription_TU_393126.8.peg.1855,0.0,-73.18290643874451
translation_393126.8.peg.1856,0.0,5.044279395020132e-34
transcription_TU_393126.8.peg.1856,0.0,-1.0486801757690853e-33
translation_393126.8.peg.1857,0.0,3.518579120040693e-32
transcription_TU_393126.8.peg.1857,0.0,-75.23919317816795
translation_393126.8.peg.1858,1.9005514455278964e-08,-5.591324439467472e-32
transcription_TU_393126.8.peg.1858,3.391103198628027e-10,2.045225868619287e-33
translation_393126.8.peg.1859,0.0,4.119871517546198e-33
transcription_TU_393126.8.peg.1859,0.0,-119.6897121524888
translation_393126.8.peg.1860,0.0,6.898802205496592e-33
transcription_TU_393126.8.peg.1860,0.0,-51.93780461982849
translation_393126.8.peg.1868,8.296531085533296e-06,-4.147390168680407e-33
transcription_TU_393126.8.peg.1868,1.480327889459168e-07,-7.871825721228999e-33
translation_393126.8.peg.1869,8.296531085533296e-06,2.1199874693422973e-32
transcription_TU_393126.8.peg.1869,1.480327889459168e-07,2.671199444577644e-33
translation_393126.8.peg.1870,6.9565250682782206e-09,-1.8878677821182542e-32
transcription_TU_393126.8.peg.1870,1.2412341936801345e-10,9.445388349009771e-33
translation_393126.8.peg.1872,8.296531085533296e-06,4.4811590910294556e-33
transcription_TU_393126.8.peg.1872,1.480327889459168e-07,-7.512919108162602e-33
translation_393126.8.peg.1877,4.077281147824863e-10,-5.999385024901116e-33
transcription_TU_393126.8.peg.1877,7.274983886718315e-12,1.9214396155366636e-32
translation_393126.8.peg.1878,7.177525401906717e-12,-1.9628055735653886e-33
transcription_TU_393126.8.peg.1878,1.280666693128067e-13,1.872352721941862e-32
translation_393126.8.peg.1882,8.296531085533296e-06,3.359560740794275e-33
transcription_TU_393126.8.peg.1882,1.480327889459168e-07,-1.4455596155443936e-33
translation_393126.8.peg.1888,1.0374479831069322e-08,-2.5519255803119384e-33
transcription_TU_393126.8.peg.1888,1.8510907359031943e-10,3.197239851121197e-32
translation_393126.8.peg.1889,0.0,3.287907039731437e-32
transcription_TU_393126.8.peg.1889,0.0,6.189089197534966e-32
translation_393126.8.peg.1890,4.93858419605367e-10,-3.328581548536331e-32
transcription_TU_393126.8.peg.1890,8.811783918471997e-12,-1.7566310705542431e-32
translation_393126.8.peg.1892,3.786329726635199e-07,-9.373436808240648e-34
transcription_TU_393126.8.peg.1892,6.755847034430904e-09,-1.152260849043497e-34
translation_393126.8.peg.1893,0.0,-5.51987376651962e-33
transcription_TU_393126.8.peg.1893,0.0,1.0031293435842586e-32
translation_393126.8.peg.1894,2.3662884259505905e-07,3.2123494299916826e-32
transcription_TU_393126.8.peg.1894,4.222105257397382e-09,-1.416997919195169e-32
translation_393126.8.peg.1895,0.0,1.3767591324803203e-32
transcription_TU_393126.8.peg.1895,0.0,-2.945140579374418e-32
translation_393126.8.peg.1896,1.201301828907066e-08,-1.043553739088079e-32
transcription_TU_393126.8.peg.1896,2.1434507779887698e-10,-1.1685377451156768e-32
translation_393126.8.peg.1898,8.838047002119741e-07,4.2104745262335096e-33
transcription_TU_393126.8.peg.1898,1.5769491285824384e-08,-3.194403316682381e-33
translation_393126.8.peg.1899,8.838047002119741e-07,3.464568256458262e-33
transcription_TU_393126.8.peg.1899,1.5769491285824384e-08,-2.62217787402214e-32
translation_393126.8.peg.1902,8.296531085533296e-06,9.60034900940979e-34
transcription_TU_393126.8.peg.1902,1.480327889459168e-07,1.5134811880592233e-33
translation_393126.8.peg.1903,1.792916495851495e-09,2.7420766385876418e-33
transcription_TU_393126.8.peg.1903,3.199053031824766e-11,-2.0519914303299365e-32
translation_393126.8.peg.1904,0.0,3.4473005938445344e-33
transcription_TU_393126.8.peg.1904,0.0,9.13721381783564e-33
translation_393126.8.peg.1908,7.177525401906717e-12,3.2580567300812286e-32
transcription_TU_393126.8.peg.1908,1.280666693128067e-13,2.699439162222012e-32
translation_393126.8.peg.1909,7.275487620371139e-09,-7.139694179932801e-32
transcription_TU_393126.8.peg.1909,1.2981458302048916e-10,1.2865363062404344e-32
translation_393126.8.peg.1910,0.0,-1.8937468725353484e-32
transcription_TU_393126.8.peg.1910,0.0,-255.94079290269298
translation_393126.8.peg.1911,4.282772627493955e-09,-4.373309418078043e-33
transcription_TU_393126.8.peg.1911,7.641636847171646e-11,-3.528425802754585e-32
translation_393126.8.peg.1912,2.7210302565350823e-07,-6.484694180886208e-33
transcription_TU_393126.8.peg.1912,4.855061633933718e-09,6.474587823933557e-33
translation_393126.8.peg.1913,0.000740962027333598,-4.630902342235195e-33
transcription_TU_393126.8.peg.1913,1.3220787613328463e-05,1.1671174163255088e-33
translation_393126.8.peg.1917,2.200705008559289e-09,-5.2626410380420434e-33
transcription_TU_393126.8.peg.1917,3.926659186902071e-11,-1.0311632391072e-32
translation_393126.8.peg.1918,2.028929640230398e-09,4.787469486171685e-33
transcription_TU_393126.8.peg.1918,3.620164983676852e-11,3.145578484753031e-32
translation_393126.8.peg.1919,8.989440973015792e-10,-2.4791837233778713e-32
transcription_TU_393126.8.peg.1919,1.603961950580319e-11,-1.906495121199995e-32
translation_393126.8.peg.1920,8.989440973015792e-10,-1.4321770915130554e-32
transcription_TU_393126.8.peg.1920,1.603961950580319e-11,-1.6172366765259854e-33
translation_393126.8.peg.1921,0.0,1.569265272054337e-31
transcription_TU_393126.8.peg.1921,0.0,-343.35104104202526
translation_393126.8.peg.1922,0.0,1.0068017653269015e-32
transcription_TU_393126.8.peg.1922,0.0,-116.62631753639047
translation_393126.8.peg.1923,1.550288745510987e-09,3.6944474956743404e-32
transcription_TU_393126.8.peg.1923,2.7661388151685125e-11,1.256231755192173e-34
translation_393126.8.peg.1924,1.8067281524842288e-09,1.2977749855134415e-32
transcription_TU_393126.8.peg.1924,3.223696801976753e-11,-2.6661457779609035e-32
translation_393126.8.peg.1925,0.0,-6.238157168917727e-32
transcription_TU_393126.8.peg.1925,0.0,2.068881387818837e-32
translation_393126.8.peg.1926,0.0,-5.5670112557423394e-33
transcription_TU_393126.8.peg.1926,0.0,5.7751494547299116e-33
translation_393126.8.peg.1928,2.8710101607626848e-11,-2.492871710323775e-32
transcription_TU_393126.8.peg.1928,5.122666772512264e-13,4.369796820637145e-33
translation_393126.8.peg.1933,0.0,-9.766935776762931e-33
transcription_TU_393126.8.peg.1933,0.0,-2.0629893212886825e-32
translation_393126.8.peg.1934,0.0,-1.1609129006302143e-32
transcription_TU_393126.8.peg.1934,0.0,-5.982363484581658e-33
translation_393126.8.peg.1935,0.0,1.2536874746619172e-32
transcription_TU_393126.8.peg.1935,0.0,1.5289686827287988e-32
translation_393126.8.peg.1939,0.0,-1.426468278456627e-31
transcription_TU_393126.8.peg.1939,0.0,-237.04554687850685
translation_393126.8.peg.1942,0.0,-2.70130696314301e-32
transcription_TU_393126.8.peg.1942,0.0,1.1854771682457882e-32
translation_393126.8.peg.1945,0.0,-9.410473396707891e-33
transcription_TU_393126.8.peg.1945,0.0,8.292081200519616e-33
translation_393126.8.peg.1946,4.9904361149982894e-08,-1.4354564639142223e-32
transcription_TU_393126.8.peg.1946,8.904301912973987e-10,9.688329439894677e-34
translation_393126.8.peg.1953,0.0,3.706389336701085e-32
transcription_TU_393126.8.peg.1953,0.0,-1.2731815001482657e-32
translation_393126.8.peg.1957,0.0,9.986099980695145e-33
transcription_TU_393126.8.peg.1957,0.0,-3.562415283693922e-32
translation_393126.8.peg.1958,1.4355050803813434e-11,-3.8060259110343644e-33
transcription_TU_393126.8.peg.1958,2.561333386256134e-13,-3.0644023919762687e-33
translation_393126.8.peg.1959,2.2482333683356863e-08,-1.1351696893904467e-32
transcription_TU_393126.8.peg.1959,4.011462770221288e-10,1.5150076380692812e-32
translation_393126.8.peg.1960,1.1591179362633279e-08,2.317657526447353e-32
transcription_TU_393126.8.peg.1960,2.0681831846745418e-10,2.669299413100783e-32
translation_393126.8.peg.1962,3.283211370914038e-07,-1.2110989304591475e-32
transcription_TU_393126.8.peg.1962,5.858146385816991e-09,5.512637097171363e-32
translation_393126.8.peg.1967,8.29637160425725e-06,5.654070390273663e-33
transcription_TU_393126.8.peg.1967,1.4802994336409056e-07,-3.211287923995542e-33
translation_393126.8.peg.1969,1.5127694859556667e-08,-1.9408420064659426e-32
transcription_TU_393126.8.peg.1969,2.699194202126027e-10,3.358296017298492e-32
translation_393126.8.peg.1970,0.0,1.9610247561711104e-33
transcription_TU_393126.8.peg.1970,0.0,1.193699706455024e-32
translation_393126.8.peg.1972,2.87101016076269e-11,2.2740835064520292e-32
transcription_TU_393126.8.peg.1972,5.122666772512273e-13,-8.359115756755878e-33
translation_393126.8.peg.1977,0.0,-2.1497783811435375e-31
transcription_TU_393126.8.peg.1977,0.0,-265.63838397348627
translation_393126.8.peg.1981,6.229197350219663e-08,-5.35215742614265e-32
transcription_TU_393126.8.peg.1981,1.1114590509465414e-09,-6.763687560759812e-33
translation_393126.8.peg.1982,0.0,-1.3942152597901207e-32
transcription_TU_393126.8.peg.1982,0.0,3.1615956851488924e-32
translation_393126.8.peg.1985,2.640009788596437e-09,1.0928628486077305e-32
transcription_TU_393126.8.peg.1985,4.710498976275816e-11,2.1095319864675675e-33
translation_393126.8.peg.1986,1.7036445262134102e-09,-5.86213816797445e-32
transcription_TU_393126.8.peg.1986,3.039767440003573e-11,3.1814299254108856e-32
translation_393126.8.peg.1987,2.6922626058859984e-09,5.564727104788617e-32
transcription_TU_393126.8.peg.1987,4.80373228299051e-11,-2.3346531394943135e-32
translation_393126.8.peg.1989,7.54071626397243e-08,2.8058458913510833e-33
transcription_TU_393126.8.peg.1989,1.3454698689095786e-09,4.920091980641478e-33
translation_393126.8.peg.1990,4.077281147824863e-10,-1.9242694295152002e-32
transcription_TU_393126.8.peg.1990,7.274983886718315e-12,-3.301527563585595e-32
translation_393126.8.peg.1991,0.0,5.744677267653765e-33
transcription_TU_393126.8.peg.1991,0.0,-43.54581496115699
translation_393126.8.peg.1992,0.0,-3.222469936351974e-32
transcription_TU_393126.8.peg.1992,0.0,-83.55920204204558
translation_393126.8.peg.1995,1.0512348408531038e-07,-1.0373055279035837e-32
transcription_TU_393126.8.peg.1995,1.87569025806403e-09,-2.704489592290868e-32
translation_393126.8.peg.2000,2.795500735056546e-07,1.9814829099283944e-32
transcription_TU_393126.8.peg.2000,4.9879373203623755e-09,-1.9909010388894232e-32
translation_393126.8.peg.2002,0.0,1.31255369955029e-32
transcription_TU_393126.8.peg.2002,0.0,-1.982253307568981e-32
translation_393126.8.peg.2008,8.520195682010018e-09,7.490718458308266e-33
transcription_TU_393126.8.peg.2008,1.5202357662134008e-10,2.2214944881890243e-32
translation_393126.8.peg.2009,0.0,-1.1377601791474304e-32
transcription_TU_393126.8.peg.2009,0.0,-118.34968365767415
translation_393126.8.peg.2010,0.0,-2.2232643145124473e-32
transcription_TU_393126.8.peg.2010,0.0,6.75056790103167e-33
translation_393126.8.peg.2011,0.0,1.3498409298990297e-33
transcription_TU_393126.8.peg.2011,0.0,-40.047323005025035
translation_393126.8.peg.2012,9.150886579240732e-09,-5.302740377001112e-32
transcription_TU_393126.8.peg.2012,1.6327682590315888e-10,-1.81887740615486e-32
translation_393126.8.peg.2013,1.2851116904542497e-08,1.526572756846151e-32
transcription_TU_393126.8.peg.2013,2.2929904761842507e-10,2.4120077324470943e-32
translation_393126.8.peg.2014,0.0,-2.3320117456313416e-32
transcription_TU_393126.8.peg.2014,0.0,2.2703810981357904e-33
translation_393126.8.peg.2015,0.0,-1.5994765618827692e-32
transcription_TU_393126.8.peg.2015,0.0,4.842638365664876e-32
translation_393126.8.peg.2016,0.0,8.795427325532019e-33
transcription_TU_393126.8.peg.2016,0.0,5.102928353952941e-33
translation_393126.8.peg.2017,1.0917287242302326e-08,-3.7818622597088386e-33
transcription_TU_393126.8.peg.2017,1.9479424129678979e-10,-1.3528992944576585e-32
translation_393126.8.peg.2018,1.038553673100238e-08,1.601365390084449e-32
transcription_TU_393126.8.peg.2018,1.8530635890358008e-10,-3.1457415264043525e-33
translation_393126.8.peg.2019,0.0,-5.2220142297235266e-33
transcription_TU_393126.8.peg.2019,0.0,-29.36313129971918
translation_393126.8.peg.2022,0.0,-1.9496352992610027e-32
transcription_TU_393126.8.peg.2022,0.0,-2.980844987816317e-34
translation_393126.8.peg.2024,8.296212122981203e-06,-9.088721482044692e-33
transcription_TU_393126.8.peg.2024,1.4802709778226432e-07,-2.1924266712240225e-32
translation_393126.8.peg.2025,2.2785368280323016e-07,-1.1612204519497183e-32
transcription_TU_393126.8.peg.2025,4.065532424241174e-09,1.1986690448452972e-32
translation_393126.8.peg.2026,2.2442439390923197e-07,-3.5648244888414895e-32
transcription_TU_393126.8.peg.2026,4.004344538142007e-09,9.963843753510007e-34
translation_393126.8.peg.2031,3.7066715029867193e-09,-5.335566665157255e-33
transcription_TU_393126.8.peg.2031,6.613714992887374e-11,1.1366807298300826e-32
translation_393126.8.peg.2035,7.177525401906717e-12,-1.137277317532501e-32
transcription_TU_393126.8.peg.2035,1.280666693128067e-13,1.282526897564906e-32
translation_393126.8.peg.2036,0.0,8.235633199675166e-34
transcription_TU_393126.8.peg.2036,0.0,-63.50285682212518
translation_393126.8.peg.2037,0.0,-2.6907996974037974e-32
transcription_TU_393126.8.peg.2037,0.0,-78.63880094165889
translation_393126.8.peg.2038,0.0,-4.517760467524815e-32
transcription_TU_393126.8.peg.2038,0.0,4.287084256699666e-32
translation_393126.8.peg.2039,7.385180737971762e-09,1.1150881599089327e-32
transcription_TU_393126.8.peg.2039,1.3177180802925305e-10,-3.3080197976327884e-32
translation_393126.8.peg.2040,3.38626206569319e-08,3.6571609611516265e-32
transcription_TU_393126.8.peg.2040,6.042016989008876e-10,-2.3487048520938377e-32
translation_393126.8.peg.2047,0.0,-2.03168992853269e-33
transcription_TU_393126.8.peg.2047,0.0,3.33267945366507e-32
translation_393126.8.peg.2051,0.0,-5.931818394212893e-32
transcription_TU_393126.8.peg.2051,0.0,-59.01759538716966
translation_393126.8.peg.2063,0.0,-7.272367902343707e-33
transcription_TU_393126.8.peg.2063,0.0,2.7432043838849478e-33
translation_393126.8.peg.2064,0.0,3.329202416350479e-32
transcription_TU_393126.8.peg.2064,0.0,-1.5930202002526754e-32
translation_393126.8.peg.2069,0.0,-3.90128602695332e-32
transcription_TU_393126.8.peg.2069,0.0,4.6132008439538387e-32
translation_393126.8.peg.2070,1.9503828611367448e-28,9.801166924739518e-33
transcription_TU_393126.8.peg.2070,3.480016062976401e-30,-4.840934304486611e-32
translation_393126.8.peg.2071,1.9503828611367448e-28,4.541601375077351e-33
transcription_TU_393126.8.peg.2071,3.480016062976401e-30,1.4911456920061163e-32
translation_393126.8.peg.2072,4.2232520176458735e-28,-7.631963670005769e-33
transcription_TU_393126.8.peg.2072,7.535435812248304e-30,-5.0114295261741615e-33
translation_393126.8.peg.2073,3.903846638206815e-24,-5.44840569170984e-32
transcription_TU_393126.8.peg.2073,0.0,-106.1298373725181
translation_393126.8.peg.2074,0.0,-5.711265379456361e-32
transcription_TU_393126.8.peg.2074,0.0,-114.35745022693627
translation_393126.8.peg.2075,0.0,-1.7285484124249157e-32
transcription_TU_393126.8.peg.2075,0.0,7.11684339257543e-32
translation_393126.8.peg.2076,0.0,-8.80404384476333e-34
transcription_TU_393126.8.peg.2076,0.0,9.098980083200492e-33
translation_393126.8.peg.2078,0.0,1.0096453783843711e-32
transcription_TU_393126.8.peg.2078,0.0,1.0543970361313901e-32
translation_393126.8.peg.2079,3.474602652840988e-08,6.717603678954532e-32
transcription_TU_393126.8.peg.2079,6.199640739921004e-10,-8.974284611805714e-33
translation_393126.8.peg.2081,5.566778405457371e-09,-4.3382597456884647e-32
transcription_TU_393126.8.peg.2081,9.932654073226893e-11,-1.324212137847745e-32
translation_393126.8.peg.2083,0.0,-4.5755623512337325e-33
transcription_TU_393126.8.peg.2083,0.0,-4.217191747131132e-35
translation_393126.8.peg.2084,3.011216865458888e-41,1.4541114296921472e-32
transcription_TU_393126.8.peg.2084,0.0,4.907753337636544e-33
translation_393126.8.peg.2085,8.688150058761318e-08,-2.125350563104316e-32
transcription_TU_393126.8.peg.2085,1.550203417210962e-09,2.3382930216400452e-32
translation_393126.8.peg.2086,0.0,-2.817624830544782e-33
transcription_TU_393126.8.peg.2086,0.0,2.1235062526851402e-32
translation_393126.8.peg.2087,0.0,-2.6016144487675683e-33
transcription_TU_393126.8.peg.2087,0.0,3.91886535289306e-32
translation_393126.8.peg.2088,0.0,-5.901247606131169e-33
transcription_TU_393126.8.peg.2088,0.0,2.4847632873521797e-34
translation_393126.8.peg.2094,0.0,1.4017703754450443e-32
transcription_TU_393126.8.peg.2094,0.0,-6.412874530957401e-32
translation_393126.8.peg.2095,0.0,-7.951257976410718e-33
transcription_TU_393126.8.peg.2095,0.0,3.4458150330021763e-33
translation_393126.8.peg.2096,0.0,-3.201825223524638e-32
transcription_TU_393126.8.peg.2096,0.0,1.1426723892362876e-32
translation_393126.8.peg.2105,0.0,-1.6050261788129315e-32
transcription_TU_393126.8.peg.2105,0.0,2.0772823105238837e-32
translation_393126.8.peg.2106,6.101694646008232e-08,-1.028710160880039e-31
transcription_TU_393126.8.peg.2106,1.0887090838723791e-09,1.2709237641142222e-31
translation_393126.8.peg.2109,0.0,-4.659106655281932e-33
transcription_TU_393126.8.peg.2109,0.0,-118.33267086634832
translation_393126.8.peg.2110,0.0,8.120140459934408e-33
transcription_TU_393126.8.peg.2110,0.0,6.70272874358982e-33
translation_393126.8.peg.2111,0.0,-5.500798370456836e-32
transcription_TU_393126.8.peg.2111,0.0,-91.21398846024594
translation_393126.8.peg.2112,0.0,1.5398973153288506e-32
transcription_TU_393126.8.peg.2112,0.0,-118.69244225019342
translation_393126.8.peg.2122,0.0,2.0413872499220727e-32
transcription_TU_393126.8.peg.2122,0.0,-88.67838740054617
translation_393126.8.peg.2123,0.0,-2.3537013598092156e-32
transcription_TU_393126.8.peg.2123,0.0,-147.36368794488442
translation_393126.8.peg.2124,0.0,-3.463731706949417e-32
transcription_TU_393126.8.peg.2124,0.0,-106.51329232950488
translation_393126.8.peg.2125,0.0,4.636131198030581e-32
transcription_TU_393126.8.peg.2125,0.0,-157.15000811022
translation_393126.8.peg.2128,7.177525401906717e-12,-7.237400836767141e-32
transcription_TU_393126.8.peg.2128,1.280666693128067e-13,-2.5811691106065297e-32
translation_393126.8.peg.2131,-2.4070213055137972e-29,-1.5461922274986726e-32
transcription_TU_393126.8.peg.2131,-4.294783846814758e-31,1.721489155192464e-32
translation_393126.8.peg.2132,1.4047469206636998e-09,-1.8049304109037672e-32
transcription_TU_393126.8.peg.2132,2.5064524231294336e-11,-2.0918312835427822e-32
translation_393126.8.peg.2133,8.296531085533296e-06,-4.8949285785347853e-33
transcription_TU_393126.8.peg.2133,1.480327889459168e-07,5.146566440280432e-33
translation_393126.8.peg.2138,3.46513942639418e-09,-4.4664602579780574e-33
transcription_TU_393126.8.peg.2138,6.182755757644612e-11,-8.837277108730426e-33
translation_393126.8.peg.2139,7.177525401906717e-12,-5.2324536015487096e-33
transcription_TU_393126.8.peg.2139,1.280666693128067e-13,6.761257960667937e-33
translation_393126.8.peg.2143,0.0,-1.466501486761721e-33
transcription_TU_393126.8.peg.2143,0.0,-97.8819370323634
translation_393126.8.peg.2154,4.5249206500616286e-10,-1.3197765785566682e-31
transcription_TU_393126.8.peg.2154,8.073695098371792e-12,-6.708033727185021e-32
translation_393126.8.peg.2155,2.2624603250308143e-10,-6.498054983060973e-33
transcription_TU_393126.8.peg.2155,4.036847549185896e-12,7.799998461835396e-34
translation_393126.8.peg.2164,8.296212122981203e-06,9.90072353755969e-33
transcription_TU_393126.8.peg.2164,1.4802709778226432e-07,-5.343296174184049e-33
translation_393126.8.peg.2178,1.597660733688824e-09,-5.472530911620512e-32
transcription_TU_393126.8.peg.2178,2.850663388819615e-11,-9.583360167134161e-33
translation_393126.8.peg.2179,0.0,-1.0554074031319051e-32
transcription_TU_393126.8.peg.2179,0.0,6.730879945961726e-33
translation_393126.8.peg.2180,0.0,-1.780739708540742e-32
transcription_TU_393126.8.peg.2180,0.0,-167.1645784711174
translation_393126.8.peg.2183,1.2817497827745244e-07,-9.904461242445709e-33
transcription_TU_393126.8.peg.2183,2.2869919140758504e-09,2.3158438952602348e-32
translation_393126.8.peg.2184,0.0,-1.1219066618126559e-32
transcription_TU_393126.8.peg.2184,0.0,-146.2318756725153
translation_393126.8.peg.2185,0.0,-1.210964668450098e-33
transcription_TU_393126.8.peg.2185,0.0,7.983500263942388e-34
translation_393126.8.peg.2186,0.0,-5.773670197913513e-33
transcription_TU_393126.8.peg.2186,0.0,-49.57018327031206
translation_393126.8.peg.2189,0.0,3.724779298655732e-33
transcription_TU_393126.8.peg.2189,0.0,-2.9512683526528177e-32
translation_393126.8.peg.2190,1.9952105283246402e-09,-1.159092412215891e-33
transcription_TU_393126.8.peg.2190,3.5600008726197314e-11,-2.955409022425937e-34
translation_393126.8.peg.2191,6.710878821788672e-06,-1.0602878312799954e-32
transcription_TU_393126.8.peg.2191,1.1974041898061642e-07,-8.82365833027369e-33
translation_393126.8.peg.2193,7.797933862885724e-10,1.4458902843389414e-32
transcription_TU_393126.8.peg.2193,1.3913645183004567e-11,-4.454837625803396e-32
translation_393126.8.peg.2197,0.0,-8.081120371261442e-33
transcription_TU_393126.8.peg.2197,0.0,3.001110214089228e-32
translation_393126.8.peg.2199,1.2383003253923857e-07,2.683991496585445e-33
transcription_TU_393126.8.peg.2199,2.209466207390075e-09,1.8717547643251567e-32
translation_393126.8.peg.2200,0.0,4.64600956384574e-33
transcription_TU_393126.8.peg.2200,0.0,-78.65190913204205
translation_393126.8.peg.2207,1.7355467092034453e-08,-4.718048284232322e-33
transcription_TU_393126.8.peg.2207,3.0966896533092365e-10,-9.682608435270217e-33
translation_393126.8.peg.2210,0.0,4.76751563171535e-34
transcription_TU_393126.8.peg.2210,0.0,6.984528382076065e-32
translation_393126.8.peg.2212,0.0,-3.866571083888358e-32
transcription_TU_393126.8.peg.2212,0.0,-3.47722047926573e-32
translation_393126.8.peg.2213,0.0,-1.0652068880516141e-32
transcription_TU_393126.8.peg.2213,0.0,-4.273272585177452e-32
translation_393126.8.peg.2214,0.0,4.4539020426466796e-32
transcription_TU_393126.8.peg.2214,0.0,-1.8314366016753386e-32
translation_393126.8.peg.2222,2.6753727818605047e-06,-3.9867261893631965e-33
transcription_TU_393126.8.peg.2222,4.773596220948155e-08,-1.3193512520194565e-32
translation_393126.8.peg.2223,0.0,2.770901111786288e-32
transcription_TU_393126.8.peg.2223,0.0,-1.4749185596234262e-32
translation_393126.8.peg.2225,0.0,1.0350977825144318e-32
transcription_TU_393126.8.peg.2225,0.0,1.4192195157994695e-34
translation_393126.8.peg.2226,0.0,4.807340585563252e-33
transcription_TU_393126.8.peg.2226,0.0,-1.5372029955237193e-32
translation_393126.8.peg.2242,2.5471656808962358e-08,-1.5291174369715737e-33
transcription_TU_393126.8.peg.2242,4.5448397138881745e-10,-1.3700112418985858e-32
translation_393126.8.peg.2243,0.0,5.883352293128105e-33
transcription_TU_393126.8.peg.2243,0.0,-6.208407994916802e-32
translation_393126.8.peg.2247,0.0,9.463586307553987e-33
transcription_TU_393126.8.peg.2247,0.0,-112.14768882151643
translation_393126.8.peg.2250,0.0,-1.1440362143684186e-32
transcription_TU_393126.8.peg.2250,0.0,-78.09710866133109
translation_393126.8.peg.2255,0.0,6.84172398563283e-33
transcription_TU_393126.8.peg.2255,0.0,-68.80059316491919
translation_393126.8.peg.2256,0.0,-2.660846601315416e-33
transcription_TU_393126.8.peg.2256,0.0,-41.65106756498758
translation_393126.8.peg.2260,0.0,2.0695722235205733e-32
transcription_TU_393126.8.peg.2260,0.0,2.4863294038033995e-33
translation_393126.8.peg.2280,0.0,-6.20700237715138e-33
transcription_TU_393126.8.peg.2280,0.0,-4.177156192082719e-32
translation_393126.8.peg.2281,0.0,-3.263601034896616e-33
transcription_TU_393126.8.peg.2281,0.0,-115.62906488511119
translation_393126.8.peg.2282,0.0,4.5882840942156685e-32
transcription_TU_393126.8.peg.2282,0.0,-111.92781294153109
translation_393126.8.peg.2284,0.0,-1.1728032919787797e-31
transcription_TU_393126.8.peg.2284,0.0,-178.84811116276026
translation_393126.8.peg.2287,7.99505053376307e-09,-1.0937947700238744e-32
transcription_TU_393126.8.peg.2287,1.4265355195742166e-10,1.7919075293506678e-32
translation_393126.8.peg.2290,9.273532651822264e-08,3.46760090935567e-32
transcription_TU_393126.8.peg.2290,1.6546516702914654e-09,4.8549633324514984e-32
translation_393126.8.peg.2291,9.273532651822264e-08,3.060505105567775e-32
transcription_TU_393126.8.peg.2291,1.6546516702914654e-09,-1.672136470202496e-32
translation_393126.8.peg.2294,0.0,-2.048315651511172e-32
transcription_TU_393126.8.peg.2294,0.0,-72.97437221676644
translation_393126.8.peg.2300,0.0,1.7294300877829975e-32
transcription_TU_393126.8.peg.2300,0.0,-3.3474880204615883e-32
translation_393126.8.peg.2301,0.0,-6.103769364973948e-33
transcription_TU_393126.8.peg.2301,0.0,-3.513067186327134e-32
translation_393126.8.peg.2314,3.221100388973526e-07,-2.187821622702073e-32
transcription_TU_393126.8.peg.2314,5.747323419133289e-09,-4.1572399444076815e-32
translation_393126.8.peg.2318,0.0,-1.1657225828208684e-32
transcription_TU_393126.8.peg.2318,0.0,-227.73964054704092
translation_393126.8.peg.2325,0.0,-1.3188177522245521e-32
transcription_TU_393126.8.peg.2325,0.0,-1.5584632101523097e-32
translation_393126.8.peg.2339,1.8789080101117553e-07,-2.611180716680665e-32
transcription_TU_393126.8.peg.2339,3.3524853947050242e-09,3.7461848083609374e-32
translation_393126.8.peg.2342,0.0,-8.369410961675972e-33
transcription_TU_393126.8.peg.2342,0.0,1.8992666514153292e-32
translation_393126.8.peg.2344,1.9050228816916428e-08,3.107348954098637e-32
transcription_TU_393126.8.peg.2344,3.399081462785528e-10,7.394155928806204e-33
translation_393126.8.peg.2388,0.0,8.343234982538394e-33
transcription_TU_393126.8.peg.2388,0.0,-51.36906176669823
translation_393126.8.peg.2399,0.0,5.017169034777672e-33
transcription_TU_393126.8.peg.2399,0.0,-67.16976573574756
translation_393126.8.peg.2418,0.0,5.484207965244454e-32
transcription_TU_393126.8.peg.2418,0.0,1.3692348134531116e-32
translation_393126.8.peg.2419,0.0,-1.0753804258491762e-32
transcription_TU_393126.8.peg.2419,0.0,7.683806688234345e-33
translation_393126.8.peg.2425,1.4355050803813434e-11,-1.1044150140047064e-33
transcription_TU_393126.8.peg.2425,2.561333386256134e-13,-9.050411230019408e-33
translation_393126.8.peg.2434,0.0,-8.76418347814903e-33
transcription_TU_393126.8.peg.2434,0.0,-58.04074701709415
translation_393126.8.peg.2436,0.0,-2.7615248954117335e-33
transcription_TU_393126.8.peg.2436,0.0,7.9431180486281e-32
translation_393126.8.peg.2443,0.0,3.3390405506468536e-34
transcription_TU_393126.8.peg.2443,0.0,8.266499265813182e-33
translation_393126.8.peg.2447,0.0,-4.973872675633737e-32
transcription_TU_393126.8.peg.2447,0.0,-1.9969860479972005e-32
translation_393126.8.peg.2448,0.0,1.1107493621861184e-31
transcription_TU_393126.8.peg.2448,0.0,-1.6949444182129545e-32
translation_393126.8.peg.2451,5.05053272140692e-07,-3.2267383985022827e-32
transcription_TU_393126.8.peg.2451,9.011530683180936e-09,1.7777646998985382e-32
translation_393126.8.peg.2454,0.0,-2.2580691466038867e-34
transcription_TU_393126.8.peg.2454,0.0,-124.58296013108811
translation_393126.8.peg.2458,2.9970013149906696e-07,-1.9201870914435102e-32
transcription_TU_393126.8.peg.2458,5.347469424977524e-09,1.3623949770139398e-32
translation_393126.8.peg.2473,0.0,-2.3846343388584277e-32
transcription_TU_393126.8.peg.2473,0.0,1.851906438801383e-32
translation_393126.8.peg.2474,5.92041325974375e-08,-5.135656879027205e-33
transcription_TU_393126.8.peg.2474,1.05636353015113e-09,1.854422227208312e-32
translation_393126.8.peg.2502,2.3329463527454995e-08,-1.3538300310501365e-32
transcription_TU_393126.8.peg.2502,4.162613886426749e-10,-1.5893984140708442e-32
translation_393126.8.peg.2503,2.3329463527454995e-08,7.88996613475667e-33
transcription_TU_393126.8.peg.2503,4.162613886426749e-10,-9.726211534195026e-33
translation_393126.8.peg.2511,0.0,3.12517281987275e-33
transcription_TU_393126.8.peg.2511,0.0,-39.65345523372354
translation_393126.8.peg.2520,1.0985436690199356e-07,3.5392234304794225e-33
transcription_TU_393126.8.peg.2520,1.960102136993898e-09,1.0993681864559093e-32
translation_393126.8.peg.2541,6.354533429917916e-06,-1.3557753034486856e-33
transcription_TU_393126.8.peg.2541,1.1338224329938075e-07,-2.3998678229162963e-32
translation_393126.8.peg.2542,4.633633535356889e-06,-3.904157524796533e-33
transcription_TU_393126.8.peg.2542,8.267668596918389e-08,2.6021614494219274e-32
translation_393126.8.peg.2543,0.0,5.090733742054458e-33
transcription_TU_393126.8.peg.2543,0.0,3.3009042629758465e-33
translation_393126.8.peg.2544,5.753662938259732e-06,-6.3096709590077346e-34
transcription_TU_393126.8.peg.2544,1.0266107155200247e-07,2.1564594409502172e-32
translation_393126.8.peg.2545,9.086601953681614e-06,7.270955568139442e-33
transcription_TU_393126.8.peg.2545,1.6212981249360825e-07,2.516229334276997e-33
translation_393126.8.peg.2562,0.0,-7.029631640369946e-32
transcription_TU_393126.8.peg.2562,0.0,1.1867662975383139e-32
translation_393126.8.peg.2563,0.0,-5.673016444092189e-32
transcription_TU_393126.8.peg.2563,0.0,-3.981524910977555e-33
translation_393126.8.peg.2564,7.188285587478843e-08,2.469462735850356e-32
transcription_TU_393126.8.peg.2564,1.2825866043094941e-09,3.113475155281701e-32
translation_393126.8.peg.2565,0.0,-1.93544412150842e-33
transcription_TU_393126.8.peg.2565,0.0,-1.8623010099510152e-32
translation_393126.8.peg.2582,0.0,1.108706270751567e-32
transcription_TU_393126.8.peg.2582,0.0,-83.00742330535152
translation_393126.8.peg.2583,0.0,-1.2373791475093457e-32
transcription_TU_393126.8.peg.2583,0.0,-87.30451514084817
translation_393126.8.peg.2584,0.0,-5.263403472522988e-32
transcription_TU_393126.8.peg.2584,0.0,-97.37103324507
translation_393126.8.peg.2585,0.0,-1.632380189307625e-33
transcription_TU_393126.8.peg.2585,0.0,-103.230825800984
translation_393126.8.peg.2586,0.0,-1.218710635828615e-32
transcription_TU_393126.8.peg.2586,0.0,-96.34772031579794
translation_393126.8.peg.2590,3.107664578191597e-09,3.4584253323255855e-32
transcription_TU_393126.8.peg.2590,5.544922930745186e-11,3.085131188584844e-33
translation_393126.8.peg.2597,6.651606380546567e-10,-2.0096140776712543e-32
transcription_TU_393126.8.peg.2597,1.1868283663755721e-11,2.660743398191203e-32
translation_393126.8.peg.2598,3.0179172713606104e-07,-1.6728253735639634e-31
transcription_TU_393126.8.peg.2598,5.384789207462429e-09,-5.29163198297514e-32
translation_393126.8.peg.2608,8.663385892063275e-10,-5.072393573284159e-32
transcription_TU_393126.8.peg.2608,1.5457848130685327e-11,-2.3844338195191475e-32
translation_393126.8.peg.2609,0.0,-8.972553376590973e-33
transcription_TU_393126.8.peg.2609,0.0,3.3263507484008387e-33
translation_393126.8.peg.2610,3.310661540551372e-09,1.0742042330216763e-33
transcription_TU_393126.8.peg.2610,5.907124990568304e-11,-2.3281526910095745e-32
translation_393126.8.peg.2611,0.0,8.089027666499452e-33
transcription_TU_393126.8.peg.2611,0.0,-2.3151179787851847e-32
translation_393126.8.peg.2613,0.0,1.0273854571550698e-33
transcription_TU_393126.8.peg.2613,0.0,-38.121792913086864
translation_393126.8.peg.2614,3.0227967431523365e-07,-3.063653167211961e-33
transcription_TU_393126.8.peg.2614,5.3934955186961875e-09,5.949352880218674e-33
translation_393126.8.peg.2616,0.0,-3.8354366027301825e-32
transcription_TU_393126.8.peg.2616,0.0,1.3199886268376978e-32
translation_393126.8.peg.2618,2.288942160114728e-07,-8.583290801913364e-33
transcription_TU_393126.8.peg.2618,4.084098380448533e-09,-1.3710867982232084e-32
translation_393126.8.peg.2619,0.0,1.1860023149589726e-32
transcription_TU_393126.8.peg.2619,0.0,-4.377650375919346e-33
translation_393126.8.peg.2620,0.0,-8.683225856757437e-33
transcription_TU_393126.8.peg.2620,0.0,-1.236876458887234e-33
translation_393126.8.peg.2621,0.0,-3.8378189190775625e-32
transcription_TU_393126.8.peg.2621,0.0,4.2449366282945976e-32
translation_393126.8.peg.2622,2.288942160114728e-07,6.27632916437372e-33
transcription_TU_393126.8.peg.2622,4.084098380448533e-09,-1.1885901581311327e-32
translation_393126.8.peg.2623,2.288942160114728e-07,-1.6764947376676268e-32
transcription_TU_393126.8.peg.2623,4.084098380448533e-09,3.1142733226913e-32
translation_393126.8.peg.2624,2.288942160114728e-07,8.824159256793478e-33
transcription_TU_393126.8.peg.2624,4.084098380448533e-09,1.367192098790514e-33
translation_393126.8.peg.2625,2.288942160114728e-07,-2.346390496326341e-32
transcription_TU_393126.8.peg.2625,4.084098380448533e-09,1.8804797955262506e-32
translation_393126.8.peg.2627,0.0,-7.669521521515982e-32
transcription_TU_393126.8.peg.2627,0.0,1.3520316968656535e-32
translation_393126.8.peg.2628,0.0,-1.8062516251150836e-33
transcription_TU_393126.8.peg.2628,0.0,-5.479617570445859e-33
translation_393126.8.peg.2629,0.0,7.497695493148377e-33
transcription_TU_393126.8.peg.2629,0.0,-49.720875897240845
translation_393126.8.peg.2630,4.538483945371085e-07,2.3099617988725031e-32
transcription_TU_393126.8.peg.2630,8.09789572404602e-09,-3.867770602944978e-32
translation_393126.8.peg.2635,6.2913644302235635e-09,-5.9635313786383464e-33
transcription_TU_393126.8.peg.2635,1.1225513570425773e-10,4.455777172979384e-32
translation_393126.8.peg.2636,0.0,-7.421155660313412e-33
transcription_TU_393126.8.peg.2636,0.0,-2.279927970972361e-32
translation_393126.8.peg.2637,0.0,-2.786675742455386e-32
transcription_TU_393126.8.peg.2637,0.0,3.865197407465345e-32
translation_393126.8.peg.2638,3.991652249603157e-09,1.8811244374233417e-33
transcription_TU_393126.8.peg.2638,7.122198529953628e-11,-1.5921618553741798e-32
translation_393126.8.peg.2639,0.0,4.761708271752752e-33
transcription_TU_393126.8.peg.2639,0.0,6.273007758205121e-32
translation_393126.8.peg.2640,8.296531085533296e-06,7.975319874190115e-33
transcription_TU_393126.8.peg.2640,1.480327889459168e-07,-3.335154896720142e-33
translation_393126.8.peg.2645,0.0,-1.874686747147116e-32
transcription_TU_393126.8.peg.2645,0.0,-2.2393124924845914e-33
translation_393126.8.peg.2650,0.0,1.1693088591304188e-34
transcription_TU_393126.8.peg.2650,0.0,-3.0118936753958344e-33
translation_393126.8.peg.2653,0.0,-8.730622923047366e-32
transcription_TU_393126.8.peg.2653,0.0,1.3787470927857974e-32
translation_393126.8.peg.2654,2.7210302565350823e-07,-3.4918533177657415e-32
transcription_TU_393126.8.peg.2654,4.855061633933718e-09,7.696667409498159e-34
translation_393126.8.peg.2655,3.271069056151491e-08,1.9654439718294947e-32
transcription_TU_393126.8.peg.2655,5.836481177791756e-10,-5.508915638880136e-32
translation_393126.8.peg.2658,0.005443436709751505,2.2246040690086726e-33
transcription_TU_393126.8.peg.2658,9.712578778860845e-05,9.69609868517492e-34
translation_393126.8.peg.2663,0.0,9.42984471408703e-33
transcription_TU_393126.8.peg.2663,0.0,-176.38110828996113
translation_393126.8.peg.2665,0.0,-1.1609145822973064e-32
transcription_TU_393126.8.peg.2665,0.0,-68.00176053815727
translation_393126.8.peg.2666,0.0,4.79714607881741e-33
transcription_TU_393126.8.peg.2666,0.0,3.6856604182882076e-33
translation_393126.8.peg.2669,1.061449366059839e-12,3.5157065628650043e-32
transcription_TU_393126.8.peg.2669,1.893915762657727e-14,-2.1013849111422774e-32
translation_393126.8.peg.2679,0.0,-1.1813969758969008e-33
transcription_TU_393126.8.peg.2679,0.0,-85.2035378285491
translation_393126.8.peg.2681,0.0,-4.389961745282616e-33
transcription_TU_393126.8.peg.2681,0.0,-3.2552721071198566e-32
translation_393126.8.peg.2691,8.296531085533296e-06,-4.2113844763523295e-32
transcription_TU_393126.8.peg.2691,1.480327889459168e-07,2.281832198693755e-34
translation_393126.8.peg.2692,8.29661082617132e-06,-1.1468952005333413e-32
transcription_TU_393126.8.peg.2692,1.4803421173682992e-07,6.276634712392547e-34
translation_393126.8.peg.2693,0.0,5.385878602173891e-33
transcription_TU_393126.8.peg.2693,0.0,-8.762693777057517e-34
translation_393126.8.peg.2700,8.296531085533296e-06,-2.264793481889466e-32
transcription_TU_393126.8.peg.2700,1.480327889459168e-07,-5.48636074395438e-33
translation_393126.8.peg.2701,2.7251075376829073e-07,-9.36435048337684e-33
transcription_TU_393126.8.peg.2701,4.862336617820436e-09,2.6878978839930024e-32
translation_393126.8.peg.2702,8.296531085533296e-06,2.2825639990990427e-33
transcription_TU_393126.8.peg.2702,1.480327889459168e-07,-7.455884298282608e-34
translation_393126.8.peg.2703,8.296531085533296e-06,1.4534333610756107e-32
transcription_TU_393126.8.peg.2703,1.480327889459168e-07,-1.4942916090667976e-33
translation_393126.8.peg.2704,8.296531085533296e-06,-1.7424591054127093e-34
transcription_TU_393126.8.peg.2704,1.480327889459168e-07,3.7459654080285366e-33
translation_393126.8.peg.2705,6.9565250682782206e-09,-3.943100232987445e-33
transcription_TU_393126.8.peg.2705,1.2412341936801345e-10,9.630289350086374e-34
translation_393126.8.peg.2706,6.28589951483288e-06,-1.1702932340078926e-33
transcription_TU_393126.8.peg.2706,1.1215762667810016e-07,6.726467329016444e-33
translation_393126.8.peg.2708,8.296531085533296e-06,-2.8556942260345355e-32
transcription_TU_393126.8.peg.2708,1.480327889459168e-07,2.787404200460849e-34
translation_393126.8.peg.2709,8.296531085533296e-06,-1.135508230481302e-34
transcription_TU_393126.8.peg.2709,1.480327889459168e-07,8.445254519364105e-34
translation_393126.8.peg.2710,8.296531085533296e-06,1.1012769072538108e-31
transcription_TU_393126.8.peg.2710,1.480327889459168e-07,1.2626364411309158e-32
translation_393126.8.peg.2711,8.296531085533296e-06,-2.419627571753994e-32
transcription_TU_393126.8.peg.2711,1.480327889459168e-07,2.068401491978826e-33
translation_393126.8.peg.2712,8.296531085533296e-06,-1.8096799647951713e-32
transcription_TU_393126.8.peg.2712,1.480327889459168e-07,-7.28437525887763e-33
translation_393126.8.peg.2713,8.296531085533296e-06,-1.9633772532450408e-32
transcription_TU_393126.8.peg.2713,1.480327889459168e-07,6.917820287098352e-33
translation_393126.8.peg.2714,8.29637160425725e-06,-1.5042308149905053e-33
transcription_TU_393126.8.peg.2714,1.4802994336409056e-07,5.638513840492181e-34
translation_393126.8.peg.2715,8.296531085533296e-06,1.1279202171333324e-32
transcription_TU_393126.8.peg.2715,1.480327889459168e-07,-4.6890560589115164e-33
translation_393126.8.peg.2716,8.296531085533296e-06,-8.811408846517928e-33
transcription_TU_393126.8.peg.2716,1.480327889459168e-07,1.3135491721471255e-33
translation_393126.8.peg.2717,8.296531085533296e-06,-7.148519971062953e-33
transcription_TU_393126.8.peg.2717,1.480327889459168e-07,-9.614005486912402e-33
translation_393126.8.peg.2718,8.296531085533296e-06,-8.539877583527968e-33
transcription_TU_393126.8.peg.2718,1.480327889459168e-07,4.5923455012811734e-33
translation_393126.8.peg.2719,8.296531085533296e-06,-1.1060529412373853e-32
transcription_TU_393126.8.peg.2719,1.480327889459168e-07,2.6945888619379608e-33
translation_393126.8.peg.2720,8.296531085533296e-06,-3.766021729139641e-32
transcription_TU_393126.8.peg.2720,1.480327889459168e-07,-1.2249793738744875e-32
translation_393126.8.peg.2721,8.296531085533296e-06,-1.918318434998379e-32
transcription_TU_393126.8.peg.2721,1.480327889459168e-07,5.890120175532276e-34
translation_393126.8.peg.2722,8.296531085533296e-06,-5.766737868496177e-33
transcription_TU_393126.8.peg.2722,1.480327889459168e-07,2.8058282065044277e-34
translation_393126.8.peg.2723,8.296531085533296e-06,-1.824144756385774e-32
transcription_TU_393126.8.peg.2723,1.480327889459168e-07,5.965252136554547e-33
translation_393126.8.peg.2724,8.296531085533296e-06,9.608171176654863e-33
transcription_TU_393126.8.peg.2724,1.480327889459168e-07,-8.841731714350806e-33
translation_393126.8.peg.2725,8.296531085533296e-06,3.994896373895135e-33
transcription_TU_393126.8.peg.2725,1.480327889459168e-07,-3.679436583469188e-33
translation_393126.8.peg.2726,8.29661082617132e-06,1.997965390983856e-32
transcription_TU_393126.8.peg.2726,1.4803421173682992e-07,1.5862316117041365e-33
translation_393126.8.peg.2727,8.29661082617132e-06,-3.3235262279131076e-32
transcription_TU_393126.8.peg.2727,1.4803421173682992e-07,1.4399997393811734e-32
translation_393126.8.peg.2728,8.29661082617132e-06,-1.472452683721086e-32
transcription_TU_393126.8.peg.2728,1.4803421173682992e-07,-9.973392402543564e-33
translation_393126.8.peg.2736,0.0,-5.865162502080991e-33
transcription_TU_393126.8.peg.2736,0.0,7.049840961318262e-33
translation_393126.8.peg.2737,1.6733399198727176e-09,4.130349718019206e-33
transcription_TU_393126.8.peg.2737,2.985695740057276e-11,-2.2856239086737573e-32
translation_393126.8.peg.2749,8.359519640493669e-07,1.542294011531077e-32
transcription_TU_393126.8.peg.2749,1.4915667691383102e-08,-1.199582644899253e-32
translation_393126.8.peg.2750,8.359519640493669e-07,2.442393727216286e-32
transcription_TU_393126.8.peg.2750,1.4915667691383102e-08,-6.712659717228402e-33
translation_393126.8.peg.2751,8.296531085533296e-06,-1.700176571253579e-32
transcription_TU_393126.8.peg.2751,1.480327889459168e-07,9.772957768758043e-33
translation_393126.8.peg.2752,8.296531085533296e-06,-7.846677991773918e-33
transcription_TU_393126.8.peg.2752,1.480327889459168e-07,-3.52661293071402e-33
translation_393126.8.peg.2755,0.0,-9.60487151482294e-34
transcription_TU_393126.8.peg.2755,0.0,1.4095340880733119e-32
translation_393126.8.peg.2756,0.0,-6.971535500257043e-32
transcription_TU_393126.8.peg.2756,0.0,-4.886996056340561e-32
translation_393126.8.peg.2757,0.0,5.480084962531446e-33
transcription_TU_393126.8.peg.2757,0.0,1.7734936350623288e-32
translation_393126.8.peg.2758,0.0,1.5090969969812082e-32
transcription_TU_393126.8.peg.2758,0.0,-1.470011824857651e-32
translation_393126.8.peg.2759,0.0,9.293913806076242e-33
transcription_TU_393126.8.peg.2759,0.0,-4.094130893933965e-33
translation_393126.8.peg.2760,0.0,1.3845936189155482e-32
transcription_TU_393126.8.peg.2760,0.0,-4.8200583101487976e-32
translation_393126.8.peg.2761,0.0,-1.0273492683680257e-31
transcription_TU_393126.8.peg.2761,0.0,-139.45350245543833
translation_393126.8.peg.2762,0.0,-4.150687016416386e-33
transcription_TU_393126.8.peg.2762,0.0,-9.076598486023272e-33
translation_393126.8.peg.2763,0.0,-3.7067968398448575e-33
transcription_TU_393126.8.peg.2763,0.0,-49.179522962214435
translation_393126.8.peg.2770,0.0,5.033108642135297e-35
transcription_TU_393126.8.peg.2770,0.0,-1.1135502594250361e-32
translation_393126.8.peg.2776,2.0386405739124316e-10,3.1233322838614605e-33
transcription_TU_393126.8.peg.2776,3.6374919433591574e-12,4.025647754592106e-33
translation_393126.8.peg.2787,0.0,5.507443982586246e-34
transcription_TU_393126.8.peg.2787,0.0,-60.905436369388845
translation_393126.8.peg.2788,0.0,6.27572444502751e-32
transcription_TU_393126.8.peg.2788,0.0,1.7817223820525993e-32
translation_393126.8.peg.2789,0.0,-1.2473043471933558e-31
transcription_TU_393126.8.peg.2789,0.0,-1.261752650227962e-32
translation_393126.8.peg.2790,0.0,-2.5040521546027296e-33
transcription_TU_393126.8.peg.2790,0.0,3.6790184804007e-34
translation_393126.8.peg.2791,0.0,8.684165145677015e-33
transcription_TU_393126.8.peg.2791,0.0,-1.1304058865342493e-32
translation_393126.8.peg.2792,0.0,-4.5858472230354914e-33
transcription_TU_393126.8.peg.2792,0.0,-32.38543321857661
translation_393126.8.peg.2800,1.3560253599800023e-08,-2.3187740801945538e-32
transcription_TU_393126.8.peg.2800,2.4195198432903516e-10,2.0246174305163236e-33
translation_393126.8.peg.2801,0.0,3.3097501713181375e-32
transcription_TU_393126.8.peg.2801,0.0,2.2685767022492616e-32
translation_393126.8.peg.2802,0.0,-3.037820088789856e-33
transcription_TU_393126.8.peg.2802,0.0,-1.798032706865548e-32
translation_393126.8.peg.2803,0.0,-2.0142795641763175e-33
transcription_TU_393126.8.peg.2803,0.0,9.407800067393039e-34
translation_393126.8.peg.2804,3.0499626041133405e-06,-6.0517461376045045e-33
transcription_TU_393126.8.peg.2804,5.441966839067501e-08,5.060630096557358e-33
translation_393126.8.peg.2811,0.0,2.100125282656866e-32
transcription_TU_393126.8.peg.2811,0.0,-185.24843520595425
translation_393126.8.peg.2815,0.0,-2.1085264405215642e-32
transcription_TU_393126.8.peg.2815,0.0,-3.6429349152540576e-32
translation_393126.8.peg.2818,0.0,1.8453688719705324e-33
transcription_TU_393126.8.peg.2818,0.0,-159.16797977313055
translation_393126.8.peg.2821,0.0,1.9576068130616315e-32
transcription_TU_393126.8.peg.2821,0.0,-188.32836193622083
translation_393126.8.peg.2822,0.0,-8.280667101108929e-32
transcription_TU_393126.8.peg.2822,0.0,3.780298462694026e-32
translation_393126.8.peg.2823,0.0,-3.646552477569368e-32
transcription_TU_393126.8.peg.2823,0.0,-111.10829281709864
translation_393126.8.peg.2824,0.0,-8.214792169825428e-33
transcription_TU_393126.8.peg.2824,0.0,-1.682115820526266e-32
translation_393126.8.peg.2827,2.1368042802203453e-06,2.303188692822195e-32
transcription_TU_393126.8.peg.2827,3.812642823506728e-08,2.9718453511041516e-32
translation_393126.8.peg.2839,0.0,3.9858554068727265e-33
transcription_TU_393126.8.peg.2839,0.0,-2.1470857780721037e-32
translation_393126.8.peg.2842,0.0,-2.5976687791386436e-32
transcription_TU_393126.8.peg.2842,0.0,-123.04414084586143
translation_393126.8.peg.2849,0.0,-5.4405144962423986e-33
transcription_TU_393126.8.peg.2849,0.0,-3.1596163532122435e-32
translation_393126.8.peg.2853,8.594040825995835e-08,-1.1312822935209759e-32
transcription_TU_393126.8.peg.2853,1.533411758084744e-09,5.964009763920734e-33
translation_393126.8.peg.2855,0.0,-4.108036247080147e-34
transcription_TU_393126.8.peg.2855,0.0,7.573499217312456e-33
translation_393126.8.peg.2856,1.716791065749158e-08,-7.497488372388259e-34
transcription_TU_393126.8.peg.2856,3.063224459478351e-10,-2.3606632520505826e-33
translation_393126.8.peg.2857,0.0,-1.8463380426984188e-32
transcription_TU_393126.8.peg.2857,0.0,1.1686763057141825e-32
translation_393126.8.peg.2865,0.0,-6.656135225735275e-33
transcription_TU_393126.8.peg.2865,0.0,2.687293798229229e-32
translation_393126.8.peg.2870,0.0,9.837869208155508e-33
transcription_TU_393126.8.peg.2870,0.0,1.4028647502183386e-32
translation_393126.8.peg.2871,1.4653795677625706e-07,2.3831229273079064e-33
transcription_TU_393126.8.peg.2871,2.6146376364274378e-09,2.620516093981206e-33
translation_393126.8.peg.2872,0.0,-3.764478393600716e-32
transcription_TU_393126.8.peg.2872,0.0,3.980812660687757e-32
translation_393126.8.peg.2873,0.0,1.6733845002163874e-32
transcription_TU_393126.8.peg.2873,0.0,-95.66151385893924
translation_393126.8.peg.2874,0.0,-3.5247802219575148e-34
transcription_TU_393126.8.peg.2874,0.0,-32.53629174535008
translation_393126.8.peg.2879,1.3506160054676767e-09,1.3043707002542413e-31
transcription_TU_393126.8.peg.2879,2.4098680764663468e-11,-3.90922880075191e-32
translation_393126.8.peg.2880,0.0,3.437042447832414e-32
transcription_TU_393126.8.peg.2880,0.0,3.772212714491057e-32
translation_393126.8.peg.2881,0.0,-1.3942043705717273e-32
transcription_TU_393126.8.peg.2881,0.0,-198.28309928768644
translation_393126.8.peg.2889,0.0,3.201009597949202e-33
transcription_TU_393126.8.peg.2889,0.0,-32.323857199988176
translation_393126.8.peg.2890,0.0,3.714532097018573e-32
transcription_TU_393126.8.peg.2890,0.0,1.516253324548959e-33
translation_393126.8.peg.2892,0.0,4.524170593055646e-33
transcription_TU_393126.8.peg.2892,0.0,1.0213560553223103e-32
translation_393126.8.peg.2894,0.0,2.3403275912136232e-32
transcription_TU_393126.8.peg.2894,0.0,-157.02642402494172
translation_393126.8.peg.2896,0.0,-1.2098886962572566e-32
transcription_TU_393126.8.peg.2896,0.0,-190.29858623469997
translation_393126.8.peg.2905,0.0,2.51934373528179e-33
transcription_TU_393126.8.peg.2905,0.0,-1.9221372659925753e-33
translation_393126.8.peg.2906,0.0,8.818571597326611e-33
transcription_TU_393126.8.peg.2906,0.0,-47.2913941623828
translation_393126.8.peg.2908,0.0,-4.3925106188596e-32
transcription_TU_393126.8.peg.2908,0.0,-151.75930705311774
translation_393126.8.peg.2910,0.0,-1.4032391918499198e-33
transcription_TU_393126.8.peg.2910,0.0,1.0496412922283389e-32
translation_393126.8.peg.2911,7.177525401906717e-12,5.56160525526047e-33
transcription_TU_393126.8.peg.2911,1.280666693128067e-13,1.4704689702950877e-33
translation_393126.8.peg.2934,0.0,-1.9667838519018413e-32
transcription_TU_393126.8.peg.2934,0.0,5.242192185098986e-32
translation_393126.8.peg.2935,0.0,-1.0547038019553693e-32
transcription_TU_393126.8.peg.2935,0.0,-4.758999104509649e-33
translation_393126.8.peg.2940,0.0,-2.8774966171321507e-33
transcription_TU_393126.8.peg.2940,0.0,-33.930801723376085
translation_393126.8.peg.2941,8.25100670044609e-08,-1.2000306760060648e-32
transcription_TU_393126.8.peg.2941,1.4722050949803309e-09,1.5100215367222026e-32
translation_393126.8.peg.2942,0.0,-1.0716332945937137e-32
transcription_TU_393126.8.peg.2942,0.0,-119.3606641166384
translation_393126.8.peg.2943,3.309988789130715e-08,1.6361357710789434e-32
transcription_TU_393126.8.peg.2943,5.905924618171208e-10,6.293819903655616e-33
translation_393126.8.peg.2953,8.296212122981203e-06,-2.7076157548690305e-32
transcription_TU_393126.8.peg.2953,1.4802709778226432e-07,-7.658098877988369e-33
translation_393126.8.peg.2956,1.9553005965285335e-07,-1.940988206273125e-32
transcription_TU_393126.8.peg.2956,3.4887906469300963e-09,-3.865503505708529e-34
translation_393126.8.peg.2957,1.3944254894620247e-07,4.2074492543722705e-32
transcription_TU_393126.8.peg.2957,2.488036169023406e-09,7.274655763801202e-32
translation_393126.8.peg.2958,8.951784335056369e-08,3.449713016289374e-33
transcription_TU_393126.8.peg.2958,1.5972429772142331e-09,1.344443689841787e-32
translation_393126.8.peg.2963,2.76746110215315e-10,-1.1069702743683368e-32
transcription_TU_393126.8.peg.2963,4.9379069520443775e-12,1.7102760391077183e-32
translation_393126.8.peg.2964,4.077281147824863e-10,1.051530911571118e-32
transcription_TU_393126.8.peg.2964,7.274983886718315e-12,3.222373437296475e-33
translation_393126.8.peg.2965,8.296531085533296e-06,-1.7661882670099655e-33
transcription_TU_393126.8.peg.2965,1.480327889459168e-07,2.883636037953653e-33
transcription_TU_LMKG_RS00395,6.385329689749694e-06,-3.862115612554307e-33
transcription_TU_LMKG_RS01155,0.0,6.382829842771728e-32
transcription_TU_LMKG_RS01160,0.0,2.6042089094481545e-31
transcription_TU_LMKG_RS01165,8.296212122981203e-06,-4.408137778882396e-34
transcription_TU_LMKG_RS01170,0.0,6.134693421315341e-34
transcription_TU_LMKG_RS01175,1.6529816331652691e-06,-8.782299898795663e-34
transcription_TU_LMKG_RS01180,0.0,-3.255812480199607e-33
transcription_TU_LMKG_RS01185,0.0,3.926666069548338e-34
transcription_TU_LMKG_RS01190,0.0,3.088460349232195e-33
transcription_TU_LMKG_RS01195,2.4545297199820922e-06,1.93992320822593e-33
transcription_TU_LMKG_RS01200,2.585305963037497e-06,1.2786781674923406e-33
transcription_TU_LMKG_RS01205,2.1658573156157923e-06,-9.295166608051832e-34
transcription_TU_LMKG_RS01210,4.026602010797703e-06,2.8321245957989705e-33
transcription_TU_LMKG_RS01215,0.0,8.83871017746208e-32
transcription_TU_LMKG_RS01220,8.296212122981203e-06,1.0696198825610577e-31
transcription_TU_LMKG_RS01225,0.0,-1.14404698458445e-33
transcription_TU_LMKG_RS03270,0.0,6.415102916715583e-34
transcription_TU_LMKG_RS04585,0.0,-7.48608953072722e-34
transcription_TU_LMKG_RS04590,0.0,6.600383614697516e-34
transcription_TU_LMKG_RS04610,6.3229494197718984e-06,-1.684395997328659e-33
transcription_TU_LMKG_RS04615,0.0,4.160231464566625e-34
transcription_TU_LMKG_RS04770,0.0,7.180559719937393e-35
transcription_TU_LMKG_RS06220,0.0,2.654822554962908e-33
transcription_TU_LMKG_RS08740,0.0,-6.076811360438707e-34
transcription_TU_LMKG_RS08745,0.0,-2.0558005734759285e-34
transcription_TU_LMKG_RS08750,0.0,-7.48608953072722e-34
transcription_TU_LMKG_RS08755,4.844534990415883e-06,-2.0991863117380724e-33
transcription_TU_LMKG_RS08760,0.0,7.180559719937393e-35
transcription_TU_LMKG_RS08765,1.0596787176480825e-06,1.6400317092078048e-33
transcription_TU_LMKG_RS08770,2.5648709974323387e-06,2.284369437744099e-33
transcription_TU_LMKG_RS08775,9.751231721330015e-07,3.100488075956995e-33
transcription_TU_LMKG_RS08780,2.2737858155845404e-06,-7.867045535263439e-34
transcription_TU_LMKG_RS08785,3.4168852320575195e-06,5.3014823728452156e-33
transcription_TU_LMKG_RS08790,0.0,2.9148573342606555e-33
transcription_TU_LMKG_RS08795,0.0,-1.6257741368987763e-33
transcription_TU_LMKG_RS08800,0.0,4.7710001703442025e-34
transcription_TU_LMKG_RS08805,0.0,-9.295166608051832e-34
transcription_TU_LMKG_RS08810,0.0,1.9667503612276242e-33
transcription_TU_LMKG_RS08815,2.8566048923175525e-06,3.711842044798086e-33
transcription_TU_LMKG_RS08820,4.72044608000042e-06,-3.353703760881639e-33
transcription_TU_LMKG_RS08825,0.0,3.926666069548338e-34
transcription_TU_LMKG_RS08830,0.0,-3.255812480199607e-33
transcription_TU_LMKG_RS08835,2.485552946743079e-06,-8.782299898795663e-34
transcription_TU_LMKG_RS08840,0.0,6.134693421315341e-34
transcription_TU_LMKG_RS08845,0.0,-4.408137778882396e-34
transcription_TU_LMKG_RS08850,0.0,2.6042089094481545e-31
transcription_TU_LMKG_RS08855,0.0,1.1305013970673486e-31
transcription_TU_LMKG_RS09020,0.0,-1.4080959210335694e-33
transcription_TU_LMKG_RS09340,0.0,-4.408137778882396e-34
transcription_TU_LMKG_RS09345,0.0,1.0696198825610577e-31
transcription_TU_LMKG_RS09350,0.0,5.146164692899343e-32
transcription_TU_LMKG_RS10895,0.0,5.786834770051334e-34
transcription_TU_LMKG_RS11135,0.0,-6.076811360438707e-34
transcription_TU_LMKG_RS11140,0.0,-3.761984076456424e-33
transcription_TU_LMKG_RS11145,1.992649461103183e-06,-1.9918601348178584e-35
transcription_TU_LMKG_RS11150,2.140585574090739e-06,4.280595188472293e-33
transcription_TU_LMKG_RS11155,0.0,-3.255812480199607e-33
transcription_TU_LMKG_RS12295,0.0,1.169323089195852e-33
transcription_TU_LMKG_RS12300,1.2101889474650445e-07,-1.064404279133006e-33
transcription_TU_LMKG_RS12305,0.0,1.9808753846995277e-33
transcription_TU_LMKG_RS12310,0.0,-1.1325395584425786e-33
transcription_TU_LMKG_RS12315,0.0,9.427051734962717e-34
transcription_TU_LMKG_RS12320,3.063287643382263e-07,-1.7193341043000196e-33
transcription_TU_LMKG_RS12325,0.0,-1.9918601348178584e-35
transcription_TU_LMKG_RS12330,0.0,1.0941828716294347e-33
transcription_TU_LMKG_RS12335,2.8540083113642334e-06,3.100488075956995e-33
transcription_TU_LMKG_RS12340,0.0,-1.6257741368987763e-33
transcription_TU_LMKG_RS12345,6.6015715102112846e-06,-6.378087135474215e-34
transcription_TU_LMKG_RS12350,0.0,-6.076811360438707e-34
transcription_TU_LMKG_RS12355,0.0,1.763921256814739e-33
transcription_TU_LMKG_RS12360,1.4843308687679127e-06,-1.5901761843387762e-34
transcription_TU_LMKG_RS12365,0.0,-4.408137778882396e-34
transcription_TU_LMKG_RS12370,0.0,1.0696198825610577e-31
transcription_TU_LMKG_RS12375,0.0,5.600292773159655e-34
transcription_TU_LMKG_RS12380,0.0,1.0345909670111325e-33
transcription_TU_LMKG_RS12385,0.0,8.83871017746208e-32
transcription_TU_LMKG_RS12905,0.0,-3.1951533563002046e-35
transcription_TU_LMKG_RS13530,0.0,1.1730400876769674e-33
transcription_TU_LMKG_RS13535,9.888189846466266e-07,-1.5901761843387762e-34
transcription_TU_LMKG_RS13540,0.0,-4.408137778882396e-34
transcription_TU_LMKG_RS13545,0.0,1.0696198825610577e-31
transcription_TU_LMKG_RS13550,0.0,5.600292773159655e-34
transcription_TU_LMKG_RS13555,0.0,1.0345909670111325e-33
transcription_TU_LMKG_RS13560,8.296212122981203e-06,8.83871017746208e-32
transcription_TU_LMKG_RS14910,0.0,-6.4549280870634404e-34
charging_tRNA_LMKG_RS00395_AAA,0.08165408524588695,3.0054182326713177e-37
charging_tRNA_LMKG_RS00395_AAG,0.0108116047848009,5.609992886540071e-37
charging_tRNA_LMKG_RS01170_GUU,0.0,-1.15566284050592e-05
charging_tRNA_LMKG_RS01170_GUC,0.0,-1.15566284050592e-05
charging_tRNA_LMKG_RS01170_GUA,0.0,-1.15566284050592e-05
charging_tRNA_LMKG_RS01170_GUG,0.0,-1.15566284050592e-05
charging_tRNA_LMKG_RS01175_ACU,0.016876185359812154,5.136311485572639e-34
charging_tRNA_LMKG_RS01175_ACC,0.0,-9.457192888292534e-34
charging_tRNA_LMKG_RS01175_ACA,0.0,6.773092201722458e-34
charging_tRNA_LMKG_RS01175_ACG,0.007060571980069453,-2.3976695033554065e-33
charging_tRNA_LMKG_RS01180_AAA,0.0,2.3947935758746054e-37
charging_tRNA_LMKG_RS01180_AAG,0.0,5.065993576330125e-37
charging_tRNA_LMKG_RS01185_UUA,0.0,-1.678837510228886e-05
charging_tRNA_LMKG_RS01185_UUG,0.0,-1.678837510228886e-05
charging_tRNA_LMKG_RS01185_CUU,0.0,-1.678837510228886e-05
charging_tRNA_LMKG_RS01185_CUC,0.0,-1.678837510228886e-05
charging_tRNA_LMKG_RS01185_CUA,0.0,-1.678837510228886e-05
charging_tRNA_LMKG_RS01185_CUG,0.0,-1.678837510228886e-05
charging_tRNA_LMKG_RS01190_GGU,0.0,-1.15566284050592e-05
charging_tRNA_LMKG_RS01190_GGC,0.0,-1.15566284050592e-05
charging_tRNA_LMKG_RS01190_GGA,0.0,-1.15566284050592e-05
charging_tRNA_LMKG_RS01190_GGG,0.0,-1.15566284050592e-05
charging_tRNA_LMKG_RS01195_UUA,0.0,2.951369131781176e-37
charging_tRNA_LMKG_RS01195_UUG,0.006576008382367097,-4.8348595337433086e-39
charging_tRNA_LMKG_RS01195_CUU,0.014419081196591266,-4.615651438905548e-39
charging_tRNA_LMKG_RS01195_CUC,0.002193257381576928,-7.317491848526748e-39
charging_tRNA_LMKG_RS01195_CUA,0.012355594431138109,1.5963632656774043e-38
charging_tRNA_LMKG_RS01195_CUG,0.0,5.7392293872941464e-37
charging_tRNA_LMKG_RS01200_CGU,0.016915515619270294,-8.54251942840504e-39
charging_tRNA_LMKG_RS01200_CGC,0.005984626461381851,1.8685944267522625e-38
charging_tRNA_LMKG_RS01200_CGA,0.0029756203456577017,3.727962633844558e-38
charging_tRNA_LMKG_RS01200_CGG,0.0016580181116196584,-2.9536592070915387e-38
charging_tRNA_LMKG_RS01200_AGA,0.009883346457119387,-3.737843746709166e-40
charging_tRNA_LMKG_RS01200_AGG,2.0579658761345096e-05,4.4166181167611586e-38
charging_tRNA_LMKG_RS01205_CCU,0.0038109988181581375,-2.563344594865606e-38
charging_tRNA_LMKG_RS01205_CCC,9.023073886514319e-05,2.848507022728028e-38
charging_tRNA_LMKG_RS01205_CCA,0.022330796477223316,2.7773036984782354e-38
charging_tRNA_LMKG_RS01205_CCG,0.005131662440275698,9.02203414107064e-40
charging_tRNA_LMKG_RS01210_GCU,0.021496154938433723,2.745412935781605e-38
charging_tRNA_LMKG_RS01210_GCC,0.0044545903074765065,5.248762088158792e-38
charging_tRNA_LMKG_RS01210_GCA,0.023337648630663427,-5.472458309325369e-38
charging_tRNA_LMKG_RS01210_GCG,0.009020660079567472,1.2137484897325926e-38
charging_tRNA_LMKG_RS03270_UCU,0.0,-1.2792504667331045e-06
charging_tRNA_LMKG_RS03270_UCC,0.0,-1.2792504667331045e-06
charging_tRNA_LMKG_RS03270_UCA,0.0,-1.2792504667331045e-06
charging_tRNA_LMKG_RS03270_UCG,0.0,-1.2792504667331045e-06
charging_tRNA_LMKG_RS03270_AGU,0.0,-1.2792504667331045e-06
charging_tRNA_LMKG_RS03270_AGC,0.0,-1.2792504667331045e-06
charging_tRNA_LMKG_RS04585_AAU,0.0,-1.1556628405058937e-05
charging_tRNA_LMKG_RS04585_AAC,0.0,-1.1556628405058937e-05
charging_tRNA_LMKG_RS04590_UCU,0.0,-1.1752638611857736e-05
charging_tRNA_LMKG_RS04590_UCC,0.0,-1.1752638611857736e-05
charging_tRNA_LMKG_RS04590_UCA,0.0,-1.1752638611857736e-05
charging_tRNA_LMKG_RS04590_UCG,0.0,-1.1752638611857736e-05
charging_tRNA_LMKG_RS04590_AGU,0.0,-1.1752638611857736e-05
charging_tRNA_LMKG_RS04590_AGC,0.0,-1.1752638611857736e-05
charging_tRNA_LMKG_RS04610_GAA,0.08186321788591897,-1.9439438327651773e-34
charging_tRNA_LMKG_RS04610_GAG,0.009699146085183144,-5.659511281914099e-34
charging_tRNA_LMKG_RS04615_GAU,0.0,-1.15566284050592e-05
charging_tRNA_LMKG_RS04615_GAC,0.0,-1.15566284050592e-05
charging_tRNA_LMKG_RS04770_GGU,0.0,-1.9818604135748242e-05
charging_tRNA_LMKG_RS04770_GGC,0.0,-1.9818604135748242e-05
charging_tRNA_LMKG_RS04770_GGA,0.0,-1.9818604135748242e-05
charging_tRNA_LMKG_RS04770_GGG,0.0,-1.9818604135748242e-05
charging_tRNA_LMKG_RS06220_CGU,0.0,-3.282911904597264e-06
charging_tRNA_LMKG_RS06220_CGC,0.0,-3.282911904597264e-06
charging_tRNA_LMKG_RS06220_CGA,0.0,-3.282911904597264e-06
charging_tRNA_LMKG_RS06220_CGG,0.0,-3.282911904597264e-06
charging_tRNA_LMKG_RS06220_AGA,0.0,-3.282911904597264e-06
charging_tRNA_LMKG_RS06220_AGG,0.0,-3.282911904597264e-06
charging_tRNA_LMKG_RS08740_GAA,0.0,-1.944654323336251e-34
charging_tRNA_LMKG_RS08740_GAG,0.0,-5.660370746107416e-34
charging_tRNA_LMKG_RS08745_UCU,0.0,-1.0616047394964973e-06
charging_tRNA_LMKG_RS08745_UCC,0.0,-1.0616047394964973e-06
charging_tRNA_LMKG_RS08745_UCA,0.0,-1.0616047394964973e-06
charging_tRNA_LMKG_RS08745_UCG,0.0,-1.0616047394964973e-06
charging_tRNA_LMKG_RS08745_AGU,0.0,-1.0616047394964973e-06
charging_tRNA_LMKG_RS08745_AGC,0.0,-1.0616047394964973e-06
charging_tRNA_LMKG_RS08750_AAU,0.0,-1.1556628405058937e-05
charging_tRNA_LMKG_RS08750_AAC,0.0,-1.1556628405058937e-05
charging_tRNA_LMKG_RS08755_AUU,0.05195215305589013,2.8634669680016415e-38
charging_tRNA_LMKG_RS08755_AUC,0.014206286137938706,3.4243575752857864e-39
charging_tRNA_LMKG_RS08755_AUA,0.003995067755970683,-2.2788491498363802e-38
charging_tRNA_LMKG_RS08760_GGU,0.0,-1.9818604135748242e-05
charging_tRNA_LMKG_RS08760_GGC,0.0,-1.9818604135748242e-05
charging_tRNA_LMKG_RS08760_GGA,0.0,-1.9818604135748242e-05
charging_tRNA_LMKG_RS08760_GGG,0.0,-1.9818604135748242e-05
charging_tRNA_LMKG_RS08765_CAU,0.012468085603897632,1.2416471066352371e-33
charging_tRNA_LMKG_RS08765_CAC,0.002877077230130657,8.77343053747557e-35
charging_tRNA_LMKG_RS08770_UUU,0.028859537914405792,7.807257554654057e-38
charging_tRNA_LMKG_RS08770_UUC,0.008282250864017746,5.271118139288681e-34
charging_tRNA_LMKG_RS08775_GAU,0.0,1.2351494935689336e-33
charging_tRNA_LMKG_RS08775_GAC,0.01412071754430047,7.189348301376302e-35
charging_tRNA_LMKG_RS08780_AUG,0.024885829781402583,4.1841403537386425e-37
charging_tRNA_LMKG_RS08780_START,0.008040766750883383,4.617868479812656e-37
charging_tRNA_LMKG_RS08785_UCU,0.015328720465578162,-1.4901964456627448e-38
charging_tRNA_LMKG_RS08785_UCC,0.009404803189613635,2.6807633757109537e-38
charging_tRNA_LMKG_RS08785_UCA,0.00605328728407447,-8.529770895127882e-38
charging_tRNA_LMKG_RS08785_UCG,0.00348885841820913,-1.8857567923305697e-38
charging_tRNA_LMKG_RS08785_AGU,0.011999182180708315,-5.501016130499984e-38
charging_tRNA_LMKG_RS08785_AGC,0.003204919450783129,5.801653344369127e-40
charging_tRNA_LMKG_RS08790_AUU,0.0,-3.1998005089882575e-06
charging_tRNA_LMKG_RS08790_AUC,0.0,-3.1998005089882575e-06
charging_tRNA_LMKG_RS08790_AUA,0.0,-3.1998005089882575e-06
charging_tRNA_LMKG_RS08795_AUG,0.0,-3.5652790277309435e-06
charging_tRNA_LMKG_RS08795_START,0.0,-3.5652790277309435e-06
charging_tRNA_LMKG_RS08800_GCU,0.0,-1.15566284050592e-05
charging_tRNA_LMKG_RS08800_GCC,0.0,-1.15566284050592e-05
charging_tRNA_LMKG_RS08800_GCA,0.0,-1.15566284050592e-05
charging_tRNA_LMKG_RS08800_GCG,0.0,-1.15566284050592e-05
charging_tRNA_LMKG_RS08805_CCU,0.0,-2.563344594865606e-38
charging_tRNA_LMKG_RS08805_CCC,0.0,2.848507022728028e-38
charging_tRNA_LMKG_RS08805_CCA,0.0,2.7773036984782354e-38
charging_tRNA_LMKG_RS08805_CCG,0.0,9.02203414107064e-40
charging_tRNA_LMKG_RS08810_CGU,0.0,-7.014491305295969e-38
charging_tRNA_LMKG_RS08810_CGC,0.0,-4.775296868366893e-38
charging_tRNA_LMKG_RS08810_CGA,0.0,1.801617629739006e-39
charging_tRNA_LMKG_RS08810_CGG,0.0,-1.0053534859818616e-37
charging_tRNA_LMKG_RS08810_AGA,0.0,-6.416631765184067e-38
charging_tRNA_LMKG_RS08810_AGG,0.0,-3.222937544663548e-38
charging_tRNA_LMKG_RS08815_UUA,0.03914475179319183,1.698383231721506e-37
charging_tRNA_LMKG_RS08815_UUG,0.0,-1.4764917191508413e-37
charging_tRNA_LMKG_RS08815_CUU,0.0,-1.3121637662031485e-37
charging_tRNA_LMKG_RS08815_CUC,0.0,-1.6342398461709738e-37
charging_tRNA_LMKG_RS08815_CUA,0.0,-1.117454285974183e-37
charging_tRNA_LMKG_RS08815_CUG,0.002221623217514236,4.7153668624528215e-37
charging_tRNA_LMKG_RS08820_GGU,0.026920761224723203,-2.8994786767429685e-38
charging_tRNA_LMKG_RS08820_GGC,0.020759314036558722,-6.675608783333377e-39
charging_tRNA_LMKG_RS08820_GGA,0.015761949452099508,1.5615996320301016e-38
charging_tRNA_LMKG_RS08820_GGG,0.004914555956301185,4.878123525298192e-38
charging_tRNA_LMKG_RS08825_UUA,0.0,-1.678837510228886e-05
charging_tRNA_LMKG_RS08825_UUG,0.0,-1.678837510228886e-05
charging_tRNA_LMKG_RS08825_CUU,0.0,-1.678837510228886e-05
charging_tRNA_LMKG_RS08825_CUC,0.0,-1.678837510228886e-05
charging_tRNA_LMKG_RS08825_CUA,0.0,-1.678837510228886e-05
charging_tRNA_LMKG_RS08825_CUG,0.0,-1.678837510228886e-05
charging_tRNA_LMKG_RS08830_AAA,0.0,2.3947935758746054e-37
charging_tRNA_LMKG_RS08830_AAG,0.0,5.065993576330125e-37
charging_tRNA_LMKG_RS08835_ACU,0.0,5.136311485572639e-34
charging_tRNA_LMKG_RS08835_ACC,0.008132864783646976,-9.457192888292534e-34
charging_tRNA_LMKG_RS08835_ACA,0.02786032264680779,6.773092201722458e-34
charging_tRNA_LMKG_RS08835_ACG,0.0,-2.3976695033554065e-33
charging_tRNA_LMKG_RS08840_GUU,0.0,-1.15566284050592e-05
charging_tRNA_LMKG_RS08840_GUC,0.0,-1.15566284050592e-05
charging_tRNA_LMKG_RS08840_GUA,0.0,-1.15566284050592e-05
charging_tRNA_LMKG_RS08840_GUG,0.0,-1.15566284050592e-05
charging_tRNA_LMKG_RS09020_CGU,0.0,-9.335321239958433e-06
charging_tRNA_LMKG_RS09020_CGC,0.0,-9.335321239958433e-06
charging_tRNA_LMKG_RS09020_CGA,0.0,-9.335321239958433e-06
charging_tRNA_LMKG_RS09020_CGG,0.0,-9.335321239958433e-06
charging_tRNA_LMKG_RS09020_AGA,0.0,-9.335321239958433e-06
charging_tRNA_LMKG_RS09020_AGG,0.0,-9.335321239958433e-06
charging_tRNA_LMKG_RS10895_UUA,0.0,-5.260031447607297e-06
charging_tRNA_LMKG_RS10895_UUG,0.0,-5.260031447607297e-06
charging_tRNA_LMKG_RS10895_CUU,0.0,-5.260031447607297e-06
charging_tRNA_LMKG_RS10895_CUC,0.0,-5.260031447607297e-06
charging_tRNA_LMKG_RS10895_CUA,0.0,-5.260031447607297e-06
charging_tRNA_LMKG_RS10895_CUG,0.0,-5.260031447607297e-06
charging_tRNA_LMKG_RS11135_GAA,0.0,-1.944654323336251e-34
charging_tRNA_LMKG_RS11135_GAG,0.0,-5.660370746107416e-34
charging_tRNA_LMKG_RS11140_ACU,0.0,-5.911225773794001e-06
charging_tRNA_LMKG_RS11140_ACC,0.0,-5.911225773794001e-06
charging_tRNA_LMKG_RS11140_ACA,0.0,-5.911225773794001e-06
charging_tRNA_LMKG_RS11140_ACG,0.0,-5.911225773794001e-06
charging_tRNA_LMKG_RS11145_UAU,0.016176949084714655,5.468384741689267e-37
charging_tRNA_LMKG_RS11145_UAC,0.012678523751082929,4.468931242108426e-37
charging_tRNA_LMKG_RS11150_CAA,0.029629092331359994,-2.990101046852702e-38
charging_tRNA_LMKG_RS11150_CAG,0.0013686371195989016,-4.6543484567023773e-38
charging_tRNA_LMKG_RS11155_AAA,0.0,2.3947935758746054e-37
charging_tRNA_LMKG_RS11155_AAG,0.0,5.065993576330125e-37
charging_tRNA_LMKG_RS12295_UUA,0.0,-1.3983943691208407e-05
charging_tRNA_LMKG_RS12295_UUG,0.0,-1.3983943691208407e-05
charging_tRNA_LMKG_RS12295_CUU,0.0,-1.3983943691208407e-05
charging_tRNA_LMKG_RS12295_CUC,0.0,-1.3983943691208407e-05
charging_tRNA_LMKG_RS12295_CUA,0.0,-1.3983943691208407e-05
charging_tRNA_LMKG_RS12295_CUG,0.0,-1.3983943691208407e-05
charging_tRNA_LMKG_RS12300_UGU,0.0016317817896150768,1.3073651883416553e-37
charging_tRNA_LMKG_RS12300_UGC,0.00012068772303202548,6.564700712098528e-37
charging_tRNA_LMKG_RS12305_GGU,0.0,-1.2149750565288659e-05
charging_tRNA_LMKG_RS12305_GGC,0.0,-1.2149750565288659e-05
charging_tRNA_LMKG_RS12305_GGA,0.0,-1.2149750565288659e-05
charging_tRNA_LMKG_RS12305_GGG,0.0,-1.2149750565288659e-05
charging_tRNA_LMKG_RS12310_CAA,0.0,-1.458716692927158e-06
charging_tRNA_LMKG_RS12310_CAG,0.0,-1.458716692927158e-06
charging_tRNA_LMKG_RS12315_CAU,0.0,-8.655945326976983e-07
charging_tRNA_LMKG_RS12315_CAC,0.0,-8.655945326976983e-07
charging_tRNA_LMKG_RS12320_UGG,0.004435933921509447,-1.0050020009328357e-33
charging_tRNA_LMKG_RS12325_UAU,0.0,5.468384741689267e-37
charging_tRNA_LMKG_RS12325_UAC,0.0,4.468931242108426e-37
charging_tRNA_LMKG_RS12330_UUU,0.0,1.6602231961657087e-37
charging_tRNA_LMKG_RS12330_UUC,0.0,5.272095226110385e-34
charging_tRNA_LMKG_RS12335_GAU,0.041328774031393345,1.2351494935689336e-33
charging_tRNA_LMKG_RS12335_GAC,0.0,7.189348301376302e-35
charging_tRNA_LMKG_RS12340_AUG,0.0,4.8796857631913005e-37
charging_tRNA_LMKG_RS12340_START,0.0,5.160648246034897e-37
charging_tRNA_LMKG_RS12345_GUU,0.04061072087026587,3.9330114513664453e-38
charging_tRNA_LMKG_RS12345_GUC,0.008052168781071612,5.622929684619658e-38
charging_tRNA_LMKG_RS12345_GUA,0.03229735775897698,-1.071748536684541e-38
charging_tRNA_LMKG_RS12345_GUG,0.014636831305686038,1.1209413724726383e-38
charging_tRNA_LMKG_RS12350_GAA,0.0,-1.944654323336251e-34
charging_tRNA_LMKG_RS12350_GAG,0.0,-5.660370746107416e-34
charging_tRNA_LMKG_RS12355_UCU,0.0,-2.859258056312347e-06
charging_tRNA_LMKG_RS12355_UCC,0.0,-2.859258056312347e-06
charging_tRNA_LMKG_RS12355_UCA,0.0,-2.859258056312347e-06
charging_tRNA_LMKG_RS12355_UCG,0.0,-2.859258056312347e-06
charging_tRNA_LMKG_RS12355_AGU,0.0,-2.859258056312347e-06
charging_tRNA_LMKG_RS12355_AGC,0.0,-2.859258056312347e-06
charging_tRNA_LMKG_RS12360_AAU,0.021494532730988187,1.6463271227972795e-33
charging_tRNA_LMKG_RS12360_AAC,0.0,2.1213420248392663e-34
charging_tRNA_LMKG_RS12375_GCU,0.0,2.1048165840992303e-37
charging_tRNA_LMKG_RS12375_GCC,0.0,2.4444234867710945e-37
charging_tRNA_LMKG_RS12375_GCA,0.0,1.0742232977564615e-37
charging_tRNA_LMKG_RS12375_GCG,0.0,1.6749729158309777e-37
charging_tRNA_LMKG_RS12380_AUU,0.0,-1.6226312818675968e-37
charging_tRNA_LMKG_RS12380_AUC,0.0,-2.1573452724300454e-37
charging_tRNA_LMKG_RS12380_AUA,0.0,-2.2166987184772063e-37
charging_tRNA_LMKG_RS12905_CGU,0.0,-8.8734878906307e-06
charging_tRNA_LMKG_RS12905_CGC,0.0,-8.8734878906307e-06
charging_tRNA_LMKG_RS12905_CGA,0.0,-8.8734878906307e-06
charging_tRNA_LMKG_RS12905_CGG,0.0,-8.8734878906307e-06
charging_tRNA_LMKG_RS12905_AGA,0.0,-8.8734878906307e-06
charging_tRNA_LMKG_RS12905_AGG,0.0,-8.8734878906307e-06
charging_tRNA_LMKG_RS13530_ACU,0.0,-8.6774776838319e-06
charging_tRNA_LMKG_RS13530_ACC,0.0,-8.6774776838319e-06
charging_tRNA_LMKG_RS13530_ACA,0.0,-8.6774776838319e-06
charging_tRNA_LMKG_RS13530_ACG,0.0,-8.6774776838319e-06
charging_tRNA_LMKG_RS13535_AAU,0.0,1.6463271227972795e-33
charging_tRNA_LMKG_RS13535_AAC,0.01431904602789251,2.1213420248392663e-34
charging_tRNA_LMKG_RS13550_GCU,0.0,2.1048165840992303e-37
charging_tRNA_LMKG_RS13550_GCC,0.0,2.4444234867710945e-37
charging_tRNA_LMKG_RS13550_GCA,0.0,1.0742232977564615e-37
charging_tRNA_LMKG_RS13550_GCG,0.0,1.6749729158309777e-37
charging_tRNA_LMKG_RS13555_AUU,0.0,-1.6226312818675968e-37
charging_tRNA_LMKG_RS13555_AUC,0.0,-2.1573452724300454e-37
charging_tRNA_LMKG_RS13555_AUA,0.0,-2.2166987184772063e-37
charging_tRNA_LMKG_RS14910_GUU,0.0,-8.581122853247115e-06
charging_tRNA_LMKG_RS14910_GUC,0.0,-8.581122853247115e-06
charging_tRNA_LMKG_RS14910_GUA,0.0,-8.581122853247115e-06
charging_tRNA_LMKG_RS14910_GUG,0.0,-8.581122853247115e-06
DM_RNA_393126.8.peg.1,0.0,-143.18637538157606
DM_RNA_393126.8.peg.2,0.0,0.0
DM_RNA_393126.8.peg.6,0.0,0.0
DM_RNA_393126.8.peg.7,0.0,0.0
DM_RNA_393126.8.peg.8,0.0,-162.7590257870717
DM_RNA_393126.8.peg.9,0.0,-55.14522459162819
DM_RNA_393126.8.peg.11,0.0,-2.2710146540758587e-32
DM_RNA_393126.8.peg.12,0.0,2.2962166062054046e-32
DM_RNA_393126.8.peg.13,0.0,0.0
DM_RNA_393126.8.peg.14,0.0,0.0
DM_RNA_393126.8.peg.15,0.0,-4.6584764025968864e-32
DM_RNA_393126.8.peg.16,0.0,1.5813996321818526e-32
DM_RNA_393126.8.peg.17,0.0,-9.508955316525107e-33
DM_RNA_393126.8.peg.19,0.0,-164.5447872143702
DM_RNA_393126.8.peg.23,0.0,-51.39672367615797
DM_RNA_393126.8.peg.24,0.0,-87.04344047211073
DM_RNA_393126.8.peg.25,0.0,-87.99636443770454
DM_RNA_393126.8.peg.28,0.0,0.0
DM_RNA_393126.8.peg.35,0.0,-147.37619091618257
DM_RNA_393126.8.peg.36,0.0,-116.033718322451
DM_RNA_393126.8.peg.39,0.0,2.5235018239566096e-32
DM_RNA_393126.8.peg.40,0.0,-99.95223562591838
DM_RNA_393126.8.peg.41,0.0,-2.5605518286406815e-32
DM_RNA_393126.8.peg.44,0.0,0.0
DM_RNA_393126.8.peg.45,0.0,-30.99426752613196
DM_RNA_393126.8.peg.46,0.0,-1.540133076757311e-32
DM_RNA_393126.8.peg.47,0.0,-25.80616423613202
DM_RNA_393126.8.peg.54,0.0,-46.41446163820319
DM_RNA_393126.8.peg.57,0.0,-138.2516099707986
DM_RNA_393126.8.peg.80,0.0,0.0
DM_RNA_393126.8.peg.89,0.0,-25.90203368814171
DM_RNA_393126.8.peg.91,0.0,-160.7202622833258
DM_RNA_393126.8.peg.92,0.0,-92.64322143641573
DM_RNA_393126.8.peg.93,0.0,-146.83878403496325
DM_RNA_393126.8.peg.97,0.0,-103.17681533535962
DM_RNA_393126.8.peg.98,0.0,-87.90349620064246
DM_RNA_393126.8.peg.99,0.0,-98.6907867387266
DM_RNA_393126.8.peg.104,0.0,-67.75514803598277
DM_RNA_393126.8.peg.131,0.0,-252.71628275663105
DM_RNA_393126.8.peg.133,0.0,0.0
DM_RNA_393126.8.peg.136,0.0,-169.00996416183438
DM_RNA_393126.8.peg.138,0.0,-98.51544984160223
DM_RNA_393126.8.peg.153,0.0,0.0
DM_RNA_393126.8.peg.154,0.0,-99.22632329663162
DM_RNA_393126.8.peg.155,0.0,0.0
DM_RNA_393126.8.peg.156,0.0,-78.4765811594557
DM_RNA_393126.8.peg.163,0.0,0.0
DM_RNA_393126.8.peg.168,0.0,-94.01385370786367
DM_RNA_393126.8.peg.179,0.0,-212.89507812744722
DM_RNA_393126.8.peg.185,0.0,-245.1222281780173
DM_RNA_393126.8.peg.186,0.0,3.6543398126627584e-32
DM_RNA_393126.8.peg.190,0.0,-94.84664796835749
DM_RNA_393126.8.peg.192,0.0,-94.15417863894541
DM_RNA_393126.8.peg.200,0.0,-145.64688364721042
DM_RNA_393126.8.peg.201,0.0,-102.96056778740221
DM_RNA_393126.8.peg.212,0.0,-101.25421560773079
DM_RNA_393126.8.peg.213,0.0,-65.97017364553759
DM_RNA_393126.8.peg.216,0.0,-377.9193968523083
DM_RNA_393126.8.peg.221,0.0,-206.98086973975447
DM_RNA_393126.8.peg.223,0.0,-84.33672870412158
DM_RNA_393126.8.peg.225,0.0,-98.81810345336412
DM_RNA_393126.8.peg.226,0.0,-15.430359800066832
DM_RNA_393126.8.peg.227,0.0,1.8936907643057055e-32
DM_RNA_393126.8.peg.228,0.0,-39.499263048419614
DM_RNA_393126.8.peg.229,0.0,-51.19429585781956
DM_RNA_393126.8.peg.231,0.0,0.0
DM_RNA_393126.8.peg.232,0.0,-160.0044733079576
DM_RNA_393126.8.peg.239,0.0,-74.169896289568
DM_RNA_393126.8.peg.240,0.0,-50.61160073025163
DM_RNA_393126.8.peg.241,0.0,-156.6668831337545
DM_RNA_393126.8.peg.242,0.0,-65.35649822400957
DM_RNA_393126.8.peg.243,0.0,-150.5192694865626
DM_RNA_393126.8.peg.245,0.0,-48.524943239345475
DM_RNA_393126.8.peg.250,0.0,-56.17344286089742
DM_RNA_393126.8.peg.252,0.0,-45.800722911648926
DM_RNA_393126.8.peg.253,0.0,-73.47450478535208
DM_RNA_393126.8.peg.254,0.0,-53.75396904918279
DM_RNA_393126.8.peg.255,0.0,-38.40951371011922
DM_RNA_393126.8.peg.262,0.0,-382.7841325337348
DM_RNA_393126.8.peg.263,0.0,-389.6100867090056
DM_RNA_393126.8.peg.265,0.0,-156.76610533860443
DM_RNA_393126.8.peg.269,0.0,-120.16297817494605
DM_RNA_393126.8.peg.273,0.0,-4.442944416361446e-32
DM_RNA_393126.8.peg.275,0.0,-154.48029921573507
DM_RNA_393126.8.peg.282,0.0,-118.81576911175299
DM_RNA_393126.8.peg.283,0.0,-229.31571197243287
DM_RNA_393126.8.peg.286,0.0,-1.8844149682113022e-32
DM_RNA_393126.8.peg.287,0.0,-72.36015064945434
DM_RNA_393126.8.peg.289,0.0,-87.1300557286378
DM_RNA_393126.8.peg.290,0.0,2.708197552214246e-32
DM_RNA_393126.8.peg.291,0.0,-76.01358608047765
DM_RNA_393126.8.peg.292,0.0,-195.5012827654885
DM_RNA_393126.8.peg.302,0.0,-16.057411262747642
DM_RNA_393126.8.peg.303,0.0,-187.92457577199804
DM_RNA_393126.8.peg.304,0.0,-145.4912806218596
DM_RNA_393126.8.peg.305,0.0,-31.525197466456508
DM_RNA_393126.8.peg.306,0.0,-149.34388704340083
DM_RNA_393126.8.peg.307,0.0,0.0
DM_RNA_393126.8.peg.311,0.0,-114.41924675449718
DM_RNA_393126.8.peg.322,0.0,-86.13895369499494
DM_RNA_393126.8.peg.324,0.0,0.0
DM_RNA_393126.8.peg.325,0.0,-153.0720672272897
DM_RNA_393126.8.peg.348,0.0,-217.73910528902124
DM_RNA_393126.8.peg.349,0.0,-69.94506653417953
DM_RNA_393126.8.peg.350,0.0,-81.86631211986237
DM_RNA_393126.8.peg.351,0.0,-47.53814381052166
DM_RNA_393126.8.peg.352,0.0,-82.14034973518014
DM_RNA_393126.8.peg.353,0.0,-70.20506864902406
DM_RNA_393126.8.peg.354,0.0,-106.07200324530947
DM_RNA_393126.8.peg.357,0.0,-40.78404266970582
DM_RNA_393126.8.peg.360,0.0,-165.42835540309758
DM_RNA_393126.8.peg.361,0.0,-159.6215475799411
DM_RNA_393126.8.peg.363,0.0,-47.05510210592526
DM_RNA_393126.8.peg.373,0.0,-122.29115705528254
DM_RNA_393126.8.peg.374,0.0,0.0
DM_RNA_393126.8.peg.379,0.0,-153.4662647263473
DM_RNA_393126.8.peg.380,0.0,-146.29678884632696
DM_RNA_393126.8.peg.381,0.0,-10.091891166332548
DM_RNA_393126.8.peg.392,0.0,-156.3375303037487
DM_RNA_393126.8.peg.393,0.0,-87.92773768300988
DM_RNA_393126.8.peg.394,0.0,-2.2915640719568784e-32
DM_RNA_393126.8.peg.395,0.0,0.0
DM_RNA_393126.8.peg.405,0.0,-85.56369198754602
DM_RNA_393126.8.peg.414,0.0,-109.29941679598035
DM_RNA_393126.8.peg.432,0.0,-57.79435203412029
DM_RNA_393126.8.peg.435,0.0,-48.552655572041225
DM_RNA_393126.8.peg.436,0.0,-33.41706492155259
DM_RNA_393126.8.peg.440,0.0,-61.07341318093937
DM_RNA_393126.8.peg.457,0.0,-147.6922810213242
DM_RNA_393126.8.peg.458,0.0,-158.80403984623962
DM_RNA_393126.8.peg.467,0.0,-139.13851177222296
DM_RNA_393126.8.peg.496,0.0,-117.57553449923296
DM_RNA_393126.8.peg.500,0.0,-1.7729840382191668e-32
DM_RNA_393126.8.peg.503,0.0,-93.35265713700333
DM_RNA_393126.8.peg.504,0.0,-81.16371828624528
DM_RNA_393126.8.peg.511,0.0,-47.76411514350889
DM_RNA_393126.8.peg.512,0.0,-71.69254228273893
DM_RNA_393126.8.peg.513,0.0,-69.3830719235729
DM_RNA_393126.8.peg.516,0.0,1.2583459559752972e-32
DM_RNA_393126.8.peg.518,0.0,-69.10893116121026
DM_RNA_393126.8.peg.519,0.0,-111.20185354820055
DM_RNA_393126.8.peg.520,0.0,8.754803607301563e-33
DM_RNA_393126.8.peg.521,0.0,-3.1134873664720864e-32
DM_RNA_393126.8.peg.522,0.0,-101.15819893493229
DM_RNA_393126.8.peg.534,0.0,-141.49364238886596
DM_RNA_393126.8.peg.537,0.0,-182.02954181272264
DM_RNA_393126.8.peg.549,0.0,-141.83625513952245
DM_RNA_393126.4.peg.552,0.0,-63.81500206957964
DM_RNA_393126.8.peg.555,0.0,0.0
DM_RNA_393126.8.peg.556,0.0,-2.4630168186748152e-32
DM_RNA_393126.8.peg.557,0.0,0.0
DM_RNA_393126.8.peg.559,0.0,-134.56119848899894
DM_RNA_393126.8.peg.567,0.0,-126.2791068352583
DM_RNA_393126.8.peg.571,0.0,2.4808739689523013e-32
DM_RNA_393126.8.peg.572,0.0,-96.12819155536559
DM_RNA_393126.8.peg.573,0.0,-148.78862112372892
DM_RNA_393126.8.peg.575,0.0,-33.35176727007621
DM_RNA_393126.8.peg.576,0.0,-34.46526986797446
DM_RNA_393126.8.peg.578,0.0,-77.74049905610008
DM_RNA_393126.8.peg.579,0.0,0.0
DM_RNA_393126.8.peg.580,0.0,-63.95487797601696
DM_RNA_393126.8.peg.581,0.0,-139.40651250144683
DM_RNA_393126.8.peg.582,0.0,-69.06429165546413
DM_RNA_393126.8.peg.583,0.0,-128.24229033548312
DM_RNA_393126.8.peg.584,0.0,-96.36441441786423
DM_RNA_393126.8.peg.588,0.0,-149.796046124123
DM_RNA_393126.8.peg.595,0.0,-127.03988455369239
DM_RNA_393126.8.peg.607,0.0,-87.22153143528845
DM_RNA_393126.8.peg.608,0.0,-120.19272526020772
DM_RNA_393126.8.peg.609,0.0,-138.57022010733738
DM_RNA_393126.8.peg.612,0.0,0.0
DM_RNA_393126.8.peg.631,0.0,0.0
DM_RNA_393126.8.peg.632,0.0,0.0
DM_RNA_393126.8.peg.644,0.0,-1.3354916946947293e-32
DM_RNA_393126.8.peg.646,0.0,-47.8637256430229
DM_RNA_393126.8.peg.647,0.0,-114.8471390039974
DM_RNA_393126.8.peg.648,0.0,-32.306812158089265
DM_RNA_393126.8.peg.652,0.0,-62.36862863288416
DM_RNA_393126.8.peg.656,0.0,0.0
DM_RNA_393126.8.peg.659,0.0,-68.84513532088606
DM_RNA_393126.8.peg.664,0.0,-101.02487629370674
DM_RNA_393126.8.peg.682,0.0,-59.95271000198636
DM_RNA_393126.8.peg.724,0.0,0.0
DM_RNA_393126.8.peg.743,0.0,-186.24233248404184
DM_RNA_393126.8.peg.748,0.0,-194.05172385853172
DM_RNA_393126.8.peg.749,0.0,-79.78625684681097
DM_RNA_393126.8.peg.758,0.0,-47.08232667641088
DM_RNA_393126.8.peg.761,0.0,-145.6228339657687
DM_RNA_393126.8.peg.786,0.0,-105.04099525438805
DM_RNA_393126.8.peg.795,0.0,-106.24322469208927
DM_RNA_393126.8.peg.798,0.0,-92.57429766181723
DM_RNA_393126.8.peg.803,0.0,-95.76766087904188
DM_RNA_393126.8.peg.804,0.0,-88.85257836392694
DM_RNA_393126.8.peg.805,0.0,-51.81120984283811
DM_RNA_393126.8.peg.806,0.0,1.128563735971623e-32
DM_RNA_393126.8.peg.809,0.0,-149.28486546657467
DM_RNA_393126.8.peg.820,0.0,-159.57130297229932
DM_RNA_393126.8.peg.824,0.0,1.598573945674144e-32
DM_RNA_393126.8.peg.825,0.0,-220.2135787992703
DM_RNA_393126.8.peg.829,0.0,-116.70866975236376
DM_RNA_393126.8.peg.830,0.0,-88.51672047975929
DM_RNA_393126.8.peg.831,0.0,-88.05410757852167
DM_RNA_393126.8.peg.832,0.0,-114.42641048383317
DM_RNA_393126.8.peg.834,0.0,0.0
DM_RNA_393126.8.peg.835,0.0,-92.73218792533446
DM_RNA_393126.8.peg.845,0.0,-87.59245051261483
DM_RNA_393126.8.peg.848,0.0,0.0
DM_RNA_393126.8.peg.851,0.0,-390.3441501179717
DM_RNA_393126.8.peg.852,0.0,-210.23561993249388
DM_RNA_393126.8.peg.867,0.0,0.0
DM_RNA_393126.8.peg.878,0.0,0.0
DM_RNA_393126.8.peg.879,0.0,0.0
DM_RNA_393126.8.peg.882,0.0,0.0
DM_RNA_393126.8.peg.883,0.0,-37.18972874033386
DM_RNA_393126.8.peg.884,0.0,-1.8482838122923114e-32
DM_RNA_393126.8.peg.886,0.0,-162.81735790546338
DM_RNA_393126.8.peg.902,0.0,-77.18214110399944
DM_RNA_393126.8.peg.909,0.0,-3.115980675575679e-32
DM_RNA_393126.8.peg.910,0.0,-37.782428248518926
DM_RNA_393126.8.peg.911,0.0,-118.83984814513498
DM_RNA_393126.8.peg.921,0.0,-64.29423569303285
DM_RNA_393126.8.peg.922,0.0,-175.4063542488652
DM_RNA_393126.8.peg.927,0.0,-139.87866419355984
DM_RNA_393126.8.peg.932,0.0,-144.35818879793067
DM_RNA_393126.8.peg.940,0.0,-32.152498100851076
DM_RNA_393126.8.peg.941,0.0,-138.87806955727203
DM_RNA_393126.8.peg.942,0.0,-37.30275102826655
DM_RNA_393126.8.peg.943,0.0,-154.66247337868427
DM_RNA_393126.8.peg.948,0.0,-98.90362402608316
DM_RNA_393126.8.peg.957,0.0,-105.47949678000356
DM_RNA_393126.8.peg.963,0.0,1.8188611344421228e-32
DM_RNA_393126.8.peg.970,0.0,1.2214530351497988e-32
DM_RNA_393126.8.peg.983,0.0,-125.71733894614371
DM_RNA_393126.8.peg.984,0.0,-75.19823017294644
DM_RNA_393126.8.peg.986,0.0,-115.06638293383689
DM_RNA_393126.8.peg.992,0.0,0.0
DM_RNA_393126.8.peg.994,0.0,0.0
DM_RNA_393126.8.peg.995,0.0,-85.33381628225574
DM_RNA_393126.8.peg.997,0.0,-84.22378619136519
DM_RNA_393126.8.peg.998,0.0,-137.0013264891916
DM_RNA_393126.8.peg.1000,0.0,0.0
DM_RNA_393126.8.peg.1001,0.0,-3.0229775880966953e-32
DM_RNA_393126.8.peg.1002,0.0,3.4416965956817964e-32
DM_RNA_393126.8.peg.1004,0.0,-69.94537845869309
DM_RNA_393126.8.peg.1007,0.0,-109.44370540130568
DM_RNA_393126.8.peg.1017,0.0,-167.8614198306993
DM_RNA_393126.8.peg.1022,0.0,-153.12609029695096
DM_RNA_393126.8.peg.1032,0.0,-183.983915403463
DM_RNA_393126.8.peg.1034,0.0,-91.56704633551942
DM_RNA_393126.8.peg.1035,0.0,-124.55192117908099
DM_RNA_393126.8.peg.1040,0.0,-75.83533584142043
DM_RNA_393126.8.peg.1041,0.0,0.0
DM_RNA_393126.8.peg.1042,0.0,-94.94208675119177
DM_RNA_393126.8.peg.1043,0.0,0.0
DM_RNA_393126.8.peg.1044,0.0,0.0
DM_RNA_393126.8.peg.1045,0.0,2.1891936860172925e-32
DM_RNA_393126.8.peg.1046,0.0,-51.93805843852146
DM_RNA_393126.8.peg.1052,0.0,-70.60277132091633
DM_RNA_393126.8.peg.1061,0.0,-78.44648235349536
DM_RNA_393126.8.peg.1062,0.0,-101.99780414491602
DM_RNA_393126.8.peg.1064,0.0,4.0843938059331527e-32
DM_RNA_393126.8.peg.1080,0.0,-59.53455147536786
DM_RNA_393126.8.peg.1081,0.0,-120.33040336703374
DM_RNA_393126.8.peg.1082,0.0,-105.29749896114386
DM_RNA_393126.8.peg.1083,0.0,-174.6913264092693
DM_RNA_393126.8.peg.1084,0.0,-150.43025059742186
DM_RNA_393126.8.peg.1093,0.0,-101.4837873913987
DM_RNA_393126.8.peg.1095,0.0,-6.909236630951044e-33
DM_RNA_393126.8.peg.1096,0.0,0.0
DM_RNA_393126.8.peg.1102,0.0,-368.156528325521
DM_RNA_393126.8.peg.1103,0.0,-94.15839208296272
DM_RNA_393126.8.peg.1104,0.0,-86.87567432387581
DM_RNA_393126.8.peg.1105,0.0,-106.09643786222306
DM_RNA_393126.8.peg.1108,0.0,-93.29085559304282
DM_RNA_393126.8.peg.1111,0.0,0.0
DM_RNA_393126.8.peg.1112,0.0,0.0
DM_RNA_393126.8.peg.1113,0.0,0.0
DM_RNA_393126.8.peg.1114,0.0,-87.45551509114482
DM_RNA_393126.8.peg.1118,0.0,-112.55572776538223
DM_RNA_393126.8.peg.1119,0.0,-40.369586453025924
DM_RNA_393126.8.peg.1122,0.0,-159.34287942294785
DM_RNA_393126.8.peg.1123,0.0,-87.1949324654566
DM_RNA_393126.8.peg.1125,0.0,-43.1861326464466
DM_RNA_393126.8.peg.1126,0.0,-165.712893673807
DM_RNA_393126.8.peg.1143,0.0,-183.20910245902877
DM_RNA_393126.8.peg.1144,0.0,-175.66051495804038
DM_RNA_393126.8.peg.1153,0.0,-50.186975337562835
DM_RNA_393126.8.peg.1154,0.0,-144.77962310589862
DM_RNA_393126.8.peg.1159,0.0,-59.198874444768386
DM_RNA_393126.8.peg.1160,0.0,-80.981428875327
DM_RNA_393126.8.peg.1161,0.0,0.0
DM_RNA_393126.8.peg.1165,0.0,0.0
DM_RNA_393126.8.peg.1166,0.0,-1.692608352420444e-32
DM_RNA_393126.8.peg.1167,0.0,0.0
DM_RNA_393126.8.peg.1176,0.0,-105.9660274159242
DM_RNA_393126.8.peg.1177,0.0,3.1840351205594496e-32
DM_RNA_393126.8.peg.1178,0.0,-120.17957704499986
DM_RNA_393126.8.peg.1179,0.0,-76.80115944856831
DM_RNA_393126.8.peg.1180,0.0,-127.2077921254505
DM_RNA_393126.8.peg.1181,0.0,-2.631773682727226e-32
DM_RNA_393126.8.peg.1182,0.0,0.0
DM_RNA_393126.8.peg.1183,0.0,-122.24607105410443
DM_RNA_393126.8.peg.1187,0.0,0.0
DM_RNA_393126.8.peg.1188,0.0,2.0971419430043403e-32
DM_RNA_393126.8.peg.1198,0.0,2.89817325325599e-32
DM_RNA_393126.8.peg.1204,0.0,0.0
DM_RNA_393126.8.peg.1205,0.0,0.0
DM_RNA_393126.8.peg.1206,0.0,-67.2927538042322
DM_RNA_393126.8.peg.1208,0.0,3.083319647458239e-32
DM_RNA_393126.8.peg.1209,0.0,-1.4465260217561743e-32
DM_RNA_393126.8.peg.1210,0.0,1.8266793146111513e-32
DM_RNA_393126.8.peg.1211,0.0,-2.454694279137126e-32
DM_RNA_393126.8.peg.1212,0.0,0.0
DM_RNA_393126.8.peg.1213,0.0,1.8254970009988014e-32
DM_RNA_393126.8.peg.1214,0.0,-158.24311273057305
DM_RNA_393126.8.peg.1215,0.0,1.9111884536541427e-32
DM_RNA_393126.8.peg.1216,0.0,0.0
DM_RNA_393126.8.peg.1221,0.0,3.445059981799448e-32
DM_RNA_393126.8.peg.1222,0.0,-60.172307080564295
DM_RNA_393126.8.peg.1234,0.0,-19.703496084961582
DM_RNA_393126.8.peg.1235,0.0,-94.78136784565055
DM_RNA_393126.8.peg.1236,0.0,-256.2871166591865
DM_RNA_393126.8.peg.1247,0.0,-32.81043075936633
DM_RNA_393126.8.peg.1249,0.0,-129.33603785333952
DM_RNA_393126.8.peg.1252,0.0,-85.56367326265665
DM_RNA_393126.8.peg.1253,0.0,-79.5191091752934
DM_RNA_393126.8.peg.1329,0.0,-178.01091133373654
DM_RNA_393126.8.peg.1330,0.0,-161.86738256850887
DM_RNA_393126.8.peg.1333,1.3736306910022114e-32,2.1724000483681262e-32
DM_RNA_393126.8.peg.1334,0.0,-133.6909831070563
DM_RNA_393126.8.peg.1335,0.0,-89.08276373899146
DM_RNA_393126.8.peg.1342,0.0,-135.11377373931077
DM_RNA_393126.8.peg.1350,0.0,-4.683446648020093e-32
DM_RNA_393126.8.peg.1359,0.0,-65.32529360079735
DM_RNA_393126.8.peg.1361,0.0,0.0
DM_RNA_393126.8.peg.1362,0.0,0.0
DM_RNA_393126.8.peg.1363,0.0,-49.44341790066427
DM_RNA_393126.8.peg.1367,0.0,0.0
DM_RNA_393126.8.peg.1368,0.0,-177.5630249531387
DM_RNA_393126.8.peg.1374,0.0,-143.26159013871475
DM_RNA_393126.8.peg.1376,0.0,-113.86354505811123
DM_RNA_393126.8.peg.1381,0.0,-214.0457535476136
DM_RNA_393126.8.peg.1384,0.0,-79.24483540755264
DM_RNA_393126.8.peg.1389,0.0,-77.42883917861586
DM_RNA_393126.8.peg.1390,0.0,-58.4694685830117
DM_RNA_393126.8.peg.1392,0.0,-64.15036965904447
DM_RNA_393126.8.peg.1393,0.0,-30.76781220210048
DM_RNA_393126.8.peg.1394,0.0,-49.778597966762234
DM_RNA_393126.8.peg.1395,0.0,-121.55380162345651
DM_RNA_393126.8.peg.1397,0.0,-183.03452499516382
DM_RNA_393126.8.peg.1400,0.0,-119.2992094635913
DM_RNA_393126.8.peg.1403,0.0,-248.59787983225823
DM_RNA_393126.8.peg.1405,0.0,-36.95649117485926
DM_RNA_393126.8.peg.1406,0.0,-97.30702437890018
DM_RNA_393126.8.peg.1407,0.0,-100.73011111006024
DM_RNA_393126.8.peg.1408,0.0,-29.016974593356764
DM_RNA_393126.8.peg.1409,0.0,-231.64569468129983
DM_RNA_393126.8.peg.1413,0.0,1.3961687950737848e-32
DM_RNA_393126.8.peg.1416,0.0,-101.95017920464532
DM_RNA_393126.8.peg.1425,0.0,0.0
DM_RNA_393126.8.peg.1426,0.0,0.0
DM_RNA_393126.8.peg.1427,0.0,0.0
DM_RNA_393126.8.peg.1431,0.0,-112.97016521133922
DM_RNA_393126.8.peg.1433,0.0,-49.95731287391436
DM_RNA_393126.8.peg.1434,0.0,-145.99610786384653
DM_RNA_393126.8.peg.1436,0.0,-40.53759721766242
DM_RNA_393126.8.peg.1437,0.0,-89.96733174512656
DM_RNA_393126.8.peg.1440,0.0,-94.08574667547629
DM_RNA_393126.8.peg.1442,0.0,-190.35398665568982
DM_RNA_393126.8.peg.1447,0.0,-112.94616328642054
DM_RNA_393126.8.peg.1448,0.0,-151.62990313985878
DM_RNA_393126.8.peg.1449,0.0,-106.29845921323444
DM_RNA_393126.8.peg.1450,0.0,-105.722430252441
DM_RNA_393126.8.peg.1451,0.0,-132.49896889937415
DM_RNA_393126.8.peg.1453,0.0,-152.03727549404604
DM_RNA_393126.8.peg.1459,0.0,-114.44720402718139
DM_RNA_393126.8.peg.1463,0.0,-90.7582416703805
DM_RNA_393126.8.peg.1470,0.0,-77.60705196789434
DM_RNA_393126.8.peg.1472,0.0,-63.12885905524774
DM_RNA_393126.8.peg.1483,0.0,-240.9588543634629
DM_RNA_393126.8.peg.1484,0.0,-79.65264036206777
DM_RNA_393126.8.peg.1491,0.0,-52.63330336584205
DM_RNA_393126.8.peg.1492,0.0,-21.98325356224578
DM_RNA_393126.8.peg.1493,0.0,-125.13113505790926
DM_RNA_393126.8.peg.1498,0.0,-2.1273046713276404e-32
DM_RNA_393126.8.peg.1499,0.0,-2.314617785773821e-32
DM_RNA_393126.8.peg.1500,0.0,-3.56909671544666e-32
DM_RNA_393126.8.peg.1502,0.0,-147.1158347800665
DM_RNA_393126.8.peg.1503,0.0,0.0
DM_RNA_393126.8.peg.1504,0.0,0.0
DM_RNA_393126.8.peg.1505,0.0,-1.7355970537005658e-32
DM_RNA_393126.8.peg.1506,0.0,0.0
DM_RNA_393126.8.peg.1511,0.0,-142.9261182519186
DM_RNA_393126.8.peg.1513,0.0,0.0
DM_RNA_393126.8.peg.1514,0.0,-129.89777063908173
DM_RNA_393126.8.peg.1515,0.0,-112.05846966419115
DM_RNA_393126.8.peg.1517,0.0,-1.5359961865898938e-32
DM_RNA_393126.8.peg.1519,0.0,-118.09277260777799
DM_RNA_393126.8.peg.1524,0.0,-96.02444632839116
DM_RNA_393126.8.peg.1525,0.0,-82.65793123794577
DM_RNA_393126.8.peg.1526,0.0,-99.01002767184455
DM_RNA_393126.8.peg.1529,0.0,-106.38069940345834
DM_RNA_393126.8.peg.1532,0.0,-119.74474272595056
DM_RNA_393126.8.peg.1533,0.0,0.0
DM_RNA_393126.8.peg.1536,0.0,-220.23840111606827
DM_RNA_393126.8.peg.1537,0.0,-95.59672090038246
DM_RNA_393126.8.peg.1540,0.0,-96.20030462050502
DM_RNA_393126.8.peg.1541,0.0,-42.158208498448396
DM_RNA_393126.8.peg.1542,0.0,-41.740044174564275
DM_RNA_393126.8.peg.1548,0.0,-18.319070308562516
DM_RNA_393126.8.peg.1549,0.0,-82.1164950768838
DM_RNA_393126.8.peg.1550,0.0,-100.55541720210626
DM_RNA_393126.8.peg.1551,0.0,-120.24169401016671
DM_RNA_393126.8.peg.1552,0.0,-195.43680555172492
DM_RNA_393126.8.peg.1553,0.0,-60.25136483613227
DM_RNA_393126.8.peg.1555,0.0,-123.57246306510812
DM_RNA_393126.8.peg.1559,0.0,-27.211210708482582
DM_RNA_393126.8.peg.1560,0.0,2.5714147618751254e-32
DM_RNA_393126.8.peg.1562,0.0,-51.37256597205258
DM_RNA_393126.8.peg.1567,0.0,-60.49770484055794
DM_RNA_393126.8.peg.1569,0.0,-87.2019040244465
DM_RNA_393126.8.peg.1573,0.0,-75.20475974598303
DM_RNA_393126.8.peg.1575,0.0,-50.89640703506472
DM_RNA_393126.8.peg.1577,0.0,-67.27565433601156
DM_RNA_393126.8.peg.1584,0.0,-280.69868312726527
DM_RNA_393126.8.peg.1593,0.0,0.0
DM_RNA_393126.8.peg.1596,0.0,-131.11314134443876
DM_RNA_393126.8.peg.1599,0.0,-189.6312011386173
DM_RNA_393126.8.peg.1600,0.0,-135.03811414341945
DM_RNA_393126.8.peg.1603,0.0,4.6999564914159326e-32
DM_RNA_393126.8.peg.1604,0.0,-55.35774526165847
DM_RNA_393126.8.peg.1614,0.0,-99.695091828625
DM_RNA_393126.8.peg.1616,0.0,0.0
DM_RNA_393126.8.peg.1618,0.0,-159.21605613028555
DM_RNA_393126.8.peg.1619,0.0,-88.95882383826175
DM_RNA_393126.8.peg.1620,0.0,-31.09689561907661
DM_RNA_393126.8.peg.1622,0.0,-32.423234906271446
DM_RNA_393126.8.peg.1623,0.0,-143.6219787476218
DM_RNA_393126.8.peg.1631,0.0,-136.7513347350359
DM_RNA_393126.8.peg.1632,0.0,-281.109788061698
DM_RNA_393126.8.peg.1633,0.0,-138.8512251410588
DM_RNA_393126.8.peg.1634,0.0,-104.10868678554009
DM_RNA_393126.8.peg.1635,0.0,-76.72326984832611
DM_RNA_393126.8.peg.1636,0.0,-98.73919949671664
DM_RNA_393126.8.peg.1637,0.0,-138.76285117224091
DM_RNA_393126.8.peg.1639,0.0,-205.53788848266393
DM_RNA_393126.8.peg.1640,0.0,2.1824350814122586e-32
DM_RNA_393126.8.peg.1643,0.0,-63.095360893490806
DM_RNA_393126.8.peg.1646,0.0,-134.4689463725459
DM_RNA_393126.8.peg.1647,0.0,-120.11790915031094
DM_RNA_393126.8.peg.1650,0.0,-188.25028706735108
DM_RNA_393126.8.peg.1651,0.0,-103.04614504118233
DM_RNA_393126.8.peg.1652,0.0,-101.83342000979458
DM_RNA_393126.8.peg.1653,0.0,-94.50021177086069
DM_RNA_393126.8.peg.1654,0.0,-6.702353632174346e-32
DM_RNA_393126.8.peg.1659,0.0,-118.44922611351566
DM_RNA_393126.8.peg.1661,0.0,-131.4806090318867
DM_RNA_393126.8.peg.1666,0.0,-86.46478888562972
DM_RNA_393126.8.peg.1667,0.0,-100.52114787558611
DM_RNA_393126.8.peg.1668,0.0,-123.34593850128422
DM_RNA_393126.8.peg.1669,0.0,-79.89610847742506
DM_RNA_393126.8.peg.1670,0.0,0.0
DM_RNA_393126.8.peg.1671,0.0,-111.37311884008469
DM_RNA_393126.8.peg.1673,0.0,0.0
DM_RNA_393126.8.peg.1676,0.0,-65.5654802292066
DM_RNA_393126.8.peg.1678,0.0,-128.82890405023682
DM_RNA_393126.8.peg.1680,0.0,-115.6737876627264
DM_RNA_393126.8.peg.1685,0.0,0.0
DM_RNA_393126.8.peg.1700,0.0,-92.72883098660245
DM_RNA_393126.8.peg.1708,0.0,-82.62689417125759
DM_RNA_393126.8.peg.1709,0.0,-127.82470436212265
DM_RNA_393126.8.peg.1711,0.0,-80.44424820920678
DM_RNA_393126.8.peg.1712,0.0,-108.50165607921787
DM_RNA_393126.8.peg.1713,0.0,-63.89695214161824
DM_RNA_393126.8.peg.1714,0.0,-144.98881674136362
DM_RNA_393126.8.peg.1715,0.0,-280.19762393831655
DM_RNA_393126.8.peg.1723,0.0,-290.8234510913236
DM_RNA_393126.8.peg.1730,0.0,-65.87406744304495
DM_RNA_393126.8.peg.1741,0.0,-93.43169616768193
DM_RNA_393126.8.peg.1742,0.0,-80.03320524342757
DM_RNA_393126.8.peg.1743,0.0,-257.29787278889864
DM_RNA_393126.8.peg.1746,0.0,-199.32200881768105
DM_RNA_393126.8.peg.1747,0.0,-129.57183013832977
DM_RNA_393126.8.peg.1750,0.0,-96.55971779665883
DM_RNA_393126.8.peg.1754,0.0,-2.2576191266472715e-32
DM_RNA_393126.8.peg.1755,0.0,-150.3616241172003
DM_RNA_393126.8.peg.1756,0.0,-87.22216775466015
DM_RNA_393126.8.peg.1758,0.0,-187.19781020167093
DM_RNA_393126.8.peg.1759,0.0,-147.91847912163698
DM_RNA_393126.8.peg.1760,0.0,-103.7719091368944
DM_RNA_393126.8.peg.1761,0.0,-197.41606017699397
DM_RNA_393126.8.peg.1762,0.0,0.0
DM_RNA_393126.8.peg.1763,0.0,-120.30264829368654
DM_RNA_393126.8.peg.1764,0.0,-247.00005369148104
DM_RNA_393126.8.peg.1768,0.0,-139.95441621777812
DM_RNA_393126.8.peg.1771,0.0,-78.87838920686812
DM_RNA_393126.8.peg.1774,0.0,1.121804800053238e-32
DM_RNA_393126.8.peg.1782,0.0,-58.11597594381006
DM_RNA_393126.8.peg.1789,0.0,-68.88270025809796
DM_RNA_393126.8.peg.1793,0.0,-80.68419113958103
DM_RNA_393126.8.peg.1803,0.0,8.715891978619682e-33
DM_RNA_393126.8.peg.1804,0.0,-32.66982868355657
DM_RNA_393126.8.peg.1813,0.0,-231.0424082097207
DM_RNA_393126.8.peg.1817,0.0,-156.32056793565891
DM_RNA_393126.8.peg.1818,0.0,-490.895652357878
DM_RNA_393126.8.peg.1821,0.0,-117.79109005954346
DM_RNA_393126.8.peg.1826,0.0,-186.49904639302585
DM_RNA_393126.8.peg.1834,0.0,-50.29326065391627
DM_RNA_393126.8.peg.1836,0.0,-145.0642729876315
DM_RNA_393126.8.peg.1839,0.0,-152.79830583505313
DM_RNA_393126.8.peg.1840,0.0,-156.57734745077
DM_RNA_393126.8.peg.1841,0.0,-30.82304497489926
DM_RNA_393126.8.peg.1843,0.0,4.320443284385045e-32
DM_RNA_393126.8.peg.1844,0.0,0.0
DM_RNA_393126.8.peg.1849,0.0,2.891119494315998e-32
DM_RNA_393126.8.peg.1850,0.0,-163.12613301208899
DM_RNA_393126.8.peg.1851,0.0,0.0
DM_RNA_393126.8.peg.1852,0.0,0.0
DM_RNA_393126.8.peg.1853,0.0,-3.196470543965269e-32
DM_RNA_393126.8.peg.1854,0.0,-236.27789725143498
DM_RNA_393126.8.peg.1855,0.0,-1.6776667179603845e-32
DM_RNA_393126.8.peg.1856,0.0,-25.388290536826133
DM_RNA_393126.8.peg.1857,0.0,0.0
DM_RNA_393126.8.peg.1858,0.0,-138.0187129009118
DM_RNA_393126.8.peg.1859,0.0,0.0
DM_RNA_393126.8.peg.1860,0.0,0.0
DM_RNA_393126.8.peg.1868,0.0,-38.447199921205396
DM_RNA_393126.8.peg.1869,0.0,-21.45442791621215
DM_RNA_393126.8.peg.1870,0.0,-53.57248655029361
DM_RNA_393126.8.peg.1872,0.0,-37.23058151398588
DM_RNA_393126.8.peg.1877,0.0,-78.8337355773783
DM_RNA_393126.8.peg.1878,0.0,-54.703457957547656
DM_RNA_393126.8.peg.1882,0.0,-29.363028750734266
DM_RNA_393126.8.peg.1888,0.0,-105.36638984127578
DM_RNA_393126.8.peg.1889,0.0,-377.36885422294546
DM_RNA_393126.8.peg.1890,0.0,-73.10792903014872
DM_RNA_393126.8.peg.1892,0.0,-24.562388612372377
DM_RNA_393126.8.peg.1893,0.0,-78.90920415320998
DM_RNA_393126.8.peg.1894,0.0,-99.91807409342232
DM_RNA_393126.8.peg.1895,0.0,-107.2169943267802
DM_RNA_393126.8.peg.1896,0.0,-60.891790683286516
DM_RNA_393126.8.peg.1898,0.0,-95.03813650454317
DM_RNA_393126.8.peg.1899,0.0,-72.10016666143923
DM_RNA_393126.8.peg.1902,0.0,-20.27212286342321
DM_RNA_393126.8.peg.1903,0.0,-68.51616540353263
DM_RNA_393126.8.peg.1904,0.0,-70.35952992705106
DM_RNA_393126.8.peg.1908,0.0,-142.3368414255652
DM_RNA_393126.8.peg.1909,0.0,-100.66497563309616
DM_RNA_393126.8.peg.1910,0.0,-5.084494312351275e-32
DM_RNA_393126.8.peg.1911,0.0,-128.42433710698577
DM_RNA_393126.8.peg.1912,0.0,-21.663418754280173
DM_RNA_393126.8.peg.1913,0.0,-65.5898032350967
DM_RNA_393126.8.peg.1917,0.0,-66.2547261316577
DM_RNA_393126.8.peg.1918,0.0,-74.86914123645803
DM_RNA_393126.8.peg.1919,0.0,-98.62243482818712
DM_RNA_393126.8.peg.1920,0.0,-81.64341768224631
DM_RNA_393126.8.peg.1921,0.0,0.0
DM_RNA_393126.8.peg.1922,0.0,0.0
DM_RNA_393126.8.peg.1923,0.0,-136.00423472463766
DM_RNA_393126.8.peg.1924,0.0,-96.27555968022179
DM_RNA_393126.8.peg.1925,0.0,-140.44061762905534
DM_RNA_393126.8.peg.1926,0.0,-58.80826400768032
DM_RNA_393126.8.peg.1928,0.0,-96.834220125905
DM_RNA_393126.8.peg.1933,0.0,-98.09542706340818
DM_RNA_393126.8.peg.1934,0.0,-91.72398858379097
DM_RNA_393126.8.peg.1935,0.0,-76.92850611320608
DM_RNA_393126.8.peg.1939,0.0,0.0
DM_RNA_393126.8.peg.1942,0.0,-74.69081434949692
DM_RNA_393126.8.peg.1945,0.0,-46.75679701549204
DM_RNA_393126.8.peg.1946,0.0,-56.701034541545816
DM_RNA_393126.8.peg.1953,0.0,-285.77199802606066
DM_RNA_393126.8.peg.1957,0.0,-160.17591558729674
DM_RNA_393126.8.peg.1958,0.0,-87.7533966918745
DM_RNA_393126.8.peg.1959,0.0,-50.841468935763416
DM_RNA_393126.8.peg.1960,0.0,-100.87394139678273
DM_RNA_393126.8.peg.1962,0.0,-174.8450521322984
DM_RNA_393126.8.peg.1967,0.0,-29.082072346068976
DM_RNA_393126.8.peg.1969,0.0,-142.09556296614724
DM_RNA_393126.8.peg.1970,0.0,-61.80318548519839
DM_RNA_393126.8.peg.1972,0.0,-122.32128576540963
DM_RNA_393126.8.peg.1977,0.0,0.0
DM_RNA_393126.8.peg.1981,0.0,-139.05695206678172
DM_RNA_393126.8.peg.1982,0.0,-126.37181496974134
DM_RNA_393126.8.peg.1985,0.0,-40.45186754388784
DM_RNA_393126.8.peg.1986,0.0,-91.2657202007963
DM_RNA_393126.8.peg.1987,0.0,-88.76429512092315
DM_RNA_393126.8.peg.1989,0.0,-104.03705338805256
DM_RNA_393126.8.peg.1990,0.0,-124.88144437257662
DM_RNA_393126.8.peg.1991,0.0,0.0
DM_RNA_393126.8.peg.1992,0.0,0.0
DM_RNA_393126.8.peg.1995,0.0,-117.13693870527709
DM_RNA_393126.8.peg.2000,0.0,-177.96648267739238
DM_RNA_393126.8.peg.2002,0.0,-244.6019296442512
DM_RNA_393126.8.peg.2008,0.0,-137.11088018153526
DM_RNA_393126.8.peg.2009,0.0,0.0
DM_RNA_393126.8.peg.2010,0.0,-115.06043345967036
DM_RNA_393126.8.peg.2011,0.0,0.0
DM_RNA_393126.8.peg.2012,0.0,-117.63684574849064
DM_RNA_393126.8.peg.2013,0.0,-123.38720662424804
DM_RNA_393126.8.peg.2014,0.0,-46.72261441170024
DM_RNA_393126.8.peg.2015,0.0,-102.6421391941586
DM_RNA_393126.8.peg.2016,0.0,-75.376255347191
DM_RNA_393126.8.peg.2017,0.0,-82.05468111169247
DM_RNA_393126.8.peg.2018,0.0,-60.53538870523776
DM_RNA_393126.8.peg.2019,0.0,0.0
DM_RNA_393126.8.peg.2022,0.0,-108.3337461610534
DM_RNA_393126.8.peg.2024,0.0,-140.99682378644107
DM_RNA_393126.8.peg.2025,0.0,-71.66877259882453
DM_RNA_393126.8.peg.2026,0.0,-102.79284479454465
DM_RNA_393126.8.peg.2031,0.0,-66.36719937517351
DM_RNA_393126.8.peg.2035,0.0,-77.03165532338687
DM_RNA_393126.8.peg.2036,0.0,-1.6098075129254006e-32
DM_RNA_393126.8.peg.2037,0.0,-1.9408749170540833e-32
DM_RNA_393126.8.peg.2038,0.0,-139.71150837194858
DM_RNA_393126.8.peg.2039,0.0,-88.25665667073436
DM_RNA_393126.8.peg.2040,0.0,-126.71766398331549
DM_RNA_393126.8.peg.2047,0.0,-107.8435105943147
DM_RNA_393126.8.peg.2051,0.0,1.425147316088734e-32
DM_RNA_393126.8.peg.2063,0.0,-97.57431977759953
DM_RNA_393126.8.peg.2064,0.0,-159.64063809312387
DM_RNA_393126.8.peg.2069,0.0,-183.79123386948993
DM_RNA_393126.8.peg.2070,0.0,-186.3102822048131
DM_RNA_393126.8.peg.2071,0.0,-53.70587806189119
DM_RNA_393126.8.peg.2072,0.0,-107.31937214355817
DM_RNA_393126.8.peg.2073,0.0,-59.583059797981676
DM_RNA_393126.8.peg.2074,0.0,2.508495862867651e-32
DM_RNA_393126.8.peg.2075,0.0,-149.04553410477752
DM_RNA_393126.8.peg.2076,0.0,-62.63576222649157
DM_RNA_393126.8.peg.2078,0.0,-77.06886679155369
DM_RNA_393126.8.peg.2079,0.0,-138.66000183476328
DM_RNA_393126.8.peg.2081,0.0,-71.34322416718281
DM_RNA_393126.8.peg.2083,0.0,-44.69381903491266
DM_RNA_393126.8.peg.2084,0.0,-105.95572831597607
DM_RNA_393126.8.peg.2085,0.0,-113.45674337186307
DM_RNA_393126.8.peg.2086,0.0,-88.57194805335241
DM_RNA_393126.8.peg.2087,0.0,-88.81505924880538
DM_RNA_393126.8.peg.2088,0.0,-49.18305826785545
DM_RNA_393126.8.peg.2094,0.0,-153.99819807243935
DM_RNA_393126.8.peg.2095,0.0,-105.30077819335258
DM_RNA_393126.8.peg.2096,0.0,-100.9830129839291
DM_RNA_393126.8.peg.2105,0.0,-105.20871590083925
DM_RNA_393126.8.peg.2106,0.0,-296.30617952037284
DM_RNA_393126.8.peg.2109,0.0,-2.6019661323131687e-32
DM_RNA_393126.8.peg.2110,0.0,-157.42028291753869
DM_RNA_393126.8.peg.2111,0.0,2.0400649777101165e-32
DM_RNA_393126.8.peg.2112,0.0,-2.581442301677238e-32
DM_RNA_393126.8.peg.2122,0.0,2.0675363255534602e-32
DM_RNA_393126.8.peg.2123,0.0,0.0
DM_RNA_393126.8.peg.2124,0.0,0.0
DM_RNA_393126.8.peg.2125,0.0,6.62265458503505e-32
DM_RNA_393126.8.peg.2128,0.0,-99.92505140384434
DM_RNA_393126.8.peg.2131,0.0,-196.35410349932005
DM_RNA_393126.8.peg.2132,0.0,-94.67543374360285
DM_RNA_393126.8.peg.2133,0.0,-18.64107046110596
DM_RNA_393126.8.peg.2138,0.0,-51.485500939196946
DM_RNA_393126.8.peg.2139,0.0,-58.94215616327827
DM_RNA_393126.8.peg.2143,0.0,0.0
DM_RNA_393126.8.peg.2154,0.0,-173.11845549952915
DM_RNA_393126.8.peg.2155,0.0,-29.904585587610566
DM_RNA_393126.8.peg.2164,0.0,-50.84128196462299
DM_RNA_393126.8.peg.2178,0.0,-130.30195765998025
DM_RNA_393126.8.peg.2179,0.0,-146.67777041009106
DM_RNA_393126.8.peg.2180,0.0,0.0
DM_RNA_393126.8.peg.2183,0.0,-99.05797028806093
DM_RNA_393126.8.peg.2184,0.0,0.0
DM_RNA_393126.8.peg.2185,0.0,-28.633418297400688
DM_RNA_393126.8.peg.2186,0.0,0.0
DM_RNA_393126.8.peg.2189,0.0,-95.79187531004186
DM_RNA_393126.8.peg.2190,0.0,-60.449623882257264
DM_RNA_393126.8.peg.2191,0.0,-104.20135195073208
DM_RNA_393126.8.peg.2193,0.0,-218.52322777034615
DM_RNA_393126.8.peg.2197,0.0,-120.60480793124677
DM_RNA_393126.8.peg.2199,0.0,-102.2753494164474
DM_RNA_393126.8.peg.2200,0.0,0.0
DM_RNA_393126.8.peg.2207,0.0,-144.05659324689762
DM_RNA_393126.8.peg.2210,0.0,-240.79153287064656
DM_RNA_393126.8.peg.2212,0.0,-93.0194798473713
DM_RNA_393126.8.peg.2213,0.0,-143.04820210442844
DM_RNA_393126.8.peg.2214,0.0,-132.86924530783674
DM_RNA_393126.8.peg.2222,0.0,-95.12418279564403
DM_RNA_393126.8.peg.2223,0.0,-91.40596475864176
DM_RNA_393126.8.peg.2225,0.0,-32.5775126640173
DM_RNA_393126.8.peg.2226,0.0,-49.93003668407278
DM_RNA_393126.8.peg.2242,0.0,-112.58985276974637
DM_RNA_393126.8.peg.2243,0.0,-243.80697359958413
DM_RNA_393126.8.peg.2247,0.0,0.0
DM_RNA_393126.8.peg.2250,0.0,0.0
DM_RNA_393126.8.peg.2255,0.0,0.0
DM_RNA_393126.8.peg.2256,0.0,0.0
DM_RNA_393126.8.peg.2260,0.0,-168.16328755589433
DM_RNA_393126.8.peg.2280,0.0,-103.98183588928389
DM_RNA_393126.8.peg.2281,0.0,2.4994069520151555e-32
DM_RNA_393126.8.peg.2282,0.0,0.0
DM_RNA_393126.8.peg.2284,0.0,0.0
DM_RNA_393126.8.peg.2287,0.0,-105.84624598066361
DM_RNA_393126.8.peg.2290,0.0,-132.36486299574145
DM_RNA_393126.8.peg.2291,0.0,-100.08914137186125
DM_RNA_393126.8.peg.2294,0.0,1.7151585530353347e-32
DM_RNA_393126.8.peg.2300,0.0,-98.61609650384979
DM_RNA_393126.8.peg.2301,0.0,-112.89832266696264
DM_RNA_393126.8.peg.2314,0.0,-145.53720081507382
DM_RNA_393126.8.peg.2318,0.0,-4.5751669028272306e-32
DM_RNA_393126.8.peg.2325,0.0,-93.46545385373042
DM_RNA_393126.8.peg.2339,0.0,-109.6111804185694
DM_RNA_393126.8.peg.2342,0.0,-125.58994365244982
DM_RNA_393126.8.peg.2344,0.0,-142.26334047699356
DM_RNA_393126.8.peg.2388,0.0,1.3293831559369427e-32
DM_RNA_393126.8.peg.2399,0.0,0.0
DM_RNA_393126.8.peg.2418,0.0,-203.71442271744985
DM_RNA_393126.8.peg.2419,0.0,-98.05743610400008
DM_RNA_393126.8.peg.2425,0.0,-75.45851058280542
DM_RNA_393126.8.peg.2434,0.0,0.0
DM_RNA_393126.8.peg.2436,0.0,-209.7278091413013
DM_RNA_393126.8.peg.2443,0.0,-77.72706794473206
DM_RNA_393126.8.peg.2447,0.0,-167.9939633468237
DM_RNA_393126.8.peg.2448,0.0,-151.9616145650622
DM_RNA_393126.8.peg.2451,0.0,-145.69118192233623
DM_RNA_393126.8.peg.2454,0.0,0.0
DM_RNA_393126.8.peg.2458,0.0,-145.92384987849113
DM_RNA_393126.8.peg.2473,0.0,-129.00011887305143
DM_RNA_393126.8.peg.2474,0.0,-107.38438087296919
DM_RNA_393126.8.peg.2502,0.0,-88.26759705734
DM_RNA_393126.8.peg.2503,0.0,-73.65557938887446
DM_RNA_393126.8.peg.2511,0.0,0.0
DM_RNA_393126.8.peg.2520,0.0,-149.23432051457243
DM_RNA_393126.8.peg.2541,0.0,-138.93022184633983
DM_RNA_393126.8.peg.2542,0.0,-164.9865676977213
DM_RNA_393126.8.peg.2543,0.0,-81.25962638415366
DM_RNA_393126.8.peg.2544,0.0,-127.19411474100153
DM_RNA_393126.8.peg.2545,0.0,-108.72089223480575
DM_RNA_393126.8.peg.2562,0.0,-183.16520007329288
DM_RNA_393126.8.peg.2563,0.0,-112.77806754740209
DM_RNA_393126.8.peg.2564,0.0,-104.28353592045433
DM_RNA_393126.8.peg.2565,0.0,-101.73060779850881
DM_RNA_393126.8.peg.2582,0.0,0.0
DM_RNA_393126.8.peg.2583,0.0,0.0
DM_RNA_393126.8.peg.2584,0.0,0.0
DM_RNA_393126.8.peg.2585,0.0,0.0
DM_RNA_393126.8.peg.2586,0.0,0.0
DM_RNA_393126.8.peg.2590,0.0,-155.52204051502608
DM_RNA_393126.8.peg.2597,0.0,-107.26509341191027
DM_RNA_393126.8.peg.2598,0.0,-266.76222357839055
DM_RNA_393126.8.peg.2608,0.0,-112.39358835641532
DM_RNA_393126.8.peg.2609,0.0,-39.30027198982303
DM_RNA_393126.8.peg.2610,0.0,-73.64235217935632
DM_RNA_393126.8.peg.2611,0.0,-78.08661136513167
DM_RNA_393126.8.peg.2613,0.0,0.0
DM_RNA_393126.8.peg.2614,0.0,-45.98578934523524
DM_RNA_393126.8.peg.2616,0.0,-137.72065123076024
DM_RNA_393126.8.peg.2618,0.0,-42.96009041698758
DM_RNA_393126.8.peg.2619,0.0,-153.58241359785464
DM_RNA_393126.8.peg.2620,0.0,-93.66085458230428
DM_RNA_393126.8.peg.2621,0.0,-164.16712794652514
DM_RNA_393126.8.peg.2622,0.0,-57.615900147952516
DM_RNA_393126.8.peg.2623,0.0,-54.61758943529583
DM_RNA_393126.8.peg.2624,0.0,-23.979487834608168
DM_RNA_393126.8.peg.2625,0.0,-53.43152470178021
DM_RNA_393126.8.peg.2627,0.0,-121.46138940442441
DM_RNA_393126.8.peg.2628,0.0,-17.794661614796492
DM_RNA_393126.8.peg.2629,0.0,0.0
DM_RNA_393126.8.peg.2630,0.0,-132.56701831633103
DM_RNA_393126.8.peg.2635,0.0,-114.22111827620489
DM_RNA_393126.8.peg.2636,0.0,-61.21740766499367
DM_RNA_393126.8.peg.2637,0.0,-94.11949483892678
DM_RNA_393126.8.peg.2638,0.0,-112.57251926634153
DM_RNA_393126.8.peg.2639,0.0,-136.74779220736974
DM_RNA_393126.8.peg.2640,0.0,-26.5976854063762
DM_RNA_393126.8.peg.2645,0.0,-135.5516691733082
DM_RNA_393126.8.peg.2650,0.0,-91.63905399887464
DM_RNA_393126.8.peg.2653,0.0,-171.1581339052153
DM_RNA_393126.8.peg.2654,0.0,-56.1460476977544
DM_RNA_393126.8.peg.2655,0.0,-178.39185553938893
DM_RNA_393126.8.peg.2658,0.0,-19.41560648945173
DM_RNA_393126.8.peg.2663,0.0,0.0
DM_RNA_393126.8.peg.2665,0.0,0.0
DM_RNA_393126.8.peg.2666,0.0,-56.02591854488086
DM_RNA_393126.8.peg.2669,0.0,-98.9715924717438
DM_RNA_393126.8.peg.2679,0.0,0.0
DM_RNA_393126.8.peg.2681,0.0,-317.9314510237381
DM_RNA_393126.8.peg.2691,0.0,-42.764507364252516
DM_RNA_393126.8.peg.2692,0.0,-47.32896314851392
DM_RNA_393126.8.peg.2693,0.0,-79.464097326721
DM_RNA_393126.8.peg.2700,0.0,-43.62477536694571
DM_RNA_393126.8.peg.2701,0.0,-100.77805147153727
DM_RNA_393126.8.peg.2702,0.0,-42.10671125364167
DM_RNA_393126.8.peg.2703,0.0,-39.26606293272376
DM_RNA_393126.8.peg.2704,0.0,-11.65425572485095
DM_RNA_393126.8.peg.2705,0.0,-23.342433693823104
DM_RNA_393126.8.peg.2706,0.0,-68.73887167388833
DM_RNA_393126.8.peg.2708,0.0,-46.825359775433455
DM_RNA_393126.8.peg.2709,0.0,-19.100262981084782
DM_RNA_393126.8.peg.2710,0.0,-54.11705412471552
DM_RNA_393126.8.peg.2711,0.0,-38.560168887269256
DM_RNA_393126.8.peg.2712,0.0,-57.266378084713
DM_RNA_393126.8.peg.2713,0.0,-42.559097608082325
DM_RNA_393126.8.peg.2714,0.0,-20.17611511516273
DM_RNA_393126.8.peg.2715,0.0,-57.92757180277405
DM_RNA_393126.8.peg.2716,0.0,-32.75226159635299
DM_RNA_393126.8.peg.2717,0.0,-39.56068434644072
DM_RNA_393126.8.peg.2718,0.0,-28.095230820487206
DM_RNA_393126.8.peg.2719,0.0,-20.580560555899897
DM_RNA_393126.8.peg.2720,0.0,-46.30442473896156
DM_RNA_393126.8.peg.2721,0.0,-70.62331394420441
DM_RNA_393126.8.peg.2722,0.0,-38.255221276403226
DM_RNA_393126.8.peg.2723,0.0,-29.674923078128575
DM_RNA_393126.8.peg.2724,0.0,-89.66879105449681
DM_RNA_393126.8.peg.2725,0.0,-30.154753868661846
DM_RNA_393126.8.peg.2726,0.0,-66.88148927033313
DM_RNA_393126.8.peg.2727,0.0,-67.10100247898202
DM_RNA_393126.8.peg.2728,0.0,-33.365380153378986
DM_RNA_393126.8.peg.2736,0.0,-59.35608086431071
DM_RNA_393126.8.peg.2737,0.0,-106.06506237188033
DM_RNA_393126.8.peg.2749,0.0,-128.02999634111134
DM_RNA_393126.8.peg.2750,0.0,-225.49398950785834
DM_RNA_393126.8.peg.2751,0.0,-50.85144341221381
DM_RNA_393126.8.peg.2752,0.0,-44.51228615862096
DM_RNA_393126.8.peg.2755,0.0,-69.48221628439897
DM_RNA_393126.8.peg.2756,0.0,-216.4410445841216
DM_RNA_393126.8.peg.2757,0.0,-72.25790165216267
DM_RNA_393126.8.peg.2758,0.0,-47.10615138470697
DM_RNA_393126.8.peg.2759,0.0,-109.72162802014364
DM_RNA_393126.8.peg.2760,0.0,-111.72270416251693
DM_RNA_393126.8.peg.2761,0.0,-3.0809516164495726e-32
DM_RNA_393126.8.peg.2762,0.0,-29.68191331617434
DM_RNA_393126.8.peg.2763,0.0,0.0
DM_RNA_393126.8.peg.2770,0.0,-48.67561599109846
DM_RNA_393126.8.peg.2776,0.0,-43.10739091014494
DM_RNA_393126.8.peg.2787,0.0,-1.4414448405180711e-32
DM_RNA_393126.8.peg.2788,0.0,-219.19901702924062
DM_RNA_393126.8.peg.2789,0.0,-182.6973340686116
DM_RNA_393126.8.peg.2790,0.0,-31.994917232634982
DM_RNA_393126.8.peg.2791,0.0,-145.08676028156492
DM_RNA_393126.8.peg.2792,0.0,-8.66388963573896e-33
DM_RNA_393126.8.peg.2800,0.0,-67.07686060113319
DM_RNA_393126.8.peg.2801,0.0,-148.435706328658
DM_RNA_393126.8.peg.2802,0.0,-106.20546155862608
DM_RNA_393126.8.peg.2803,0.0,-63.80434057604843
DM_RNA_393126.8.peg.2804,0.0,-39.920708905085306
DM_RNA_393126.8.peg.2811,0.0,3.7975598525535744e-32
DM_RNA_393126.8.peg.2815,0.0,-148.36307821802114
DM_RNA_393126.8.peg.2818,0.0,-3.3231664228378375e-32
DM_RNA_393126.8.peg.2821,0.0,0.0
DM_RNA_393126.8.peg.2822,0.0,-186.39565693566934
DM_RNA_393126.8.peg.2823,0.0,0.0
DM_RNA_393126.8.peg.2824,0.0,-151.96137450069256
DM_RNA_393126.8.peg.2827,0.0,-76.08575904561758
DM_RNA_393126.8.peg.2839,0.0,-212.42440082342506
DM_RNA_393126.8.peg.2842,0.0,-2.711268924714395e-32
DM_RNA_393126.8.peg.2849,0.0,-68.80725151160857
DM_RNA_393126.8.peg.2853,0.0,-136.76140163981324
DM_RNA_393126.8.peg.2855,0.0,-62.71778954449404
DM_RNA_393126.8.peg.2856,0.0,-36.07578714678214
DM_RNA_393126.8.peg.2857,0.0,-151.54395488826418
DM_RNA_393126.8.peg.2865,0.0,-156.896114699588
DM_RNA_393126.8.peg.2870,0.0,-155.87509149186127
DM_RNA_393126.8.peg.2871,0.0,-32.13524736292237
DM_RNA_393126.8.peg.2872,0.0,-149.8738771121517
DM_RNA_393126.8.peg.2873,0.0,0.0
DM_RNA_393126.8.peg.2874,0.0,0.0
DM_RNA_393126.8.peg.2879,0.0,-251.7152254292343
DM_RNA_393126.8.peg.2880,0.0,-154.5728937589284
DM_RNA_393126.8.peg.2881,0.0,-4.017441599455761e-32
DM_RNA_393126.8.peg.2889,0.0,0.0
DM_RNA_393126.8.peg.2890,0.0,-241.58609923791528
DM_RNA_393126.8.peg.2892,0.0,-140.87924650028387
DM_RNA_393126.8.peg.2894,0.0,3.273893278473526e-32
DM_RNA_393126.8.peg.2896,0.0,0.0
DM_RNA_393126.8.peg.2905,0.0,-96.11772789194553
DM_RNA_393126.8.peg.2906,0.0,0.0
DM_RNA_393126.8.peg.2908,0.0,0.0
DM_RNA_393126.8.peg.2910,0.0,-76.16783503850968
DM_RNA_393126.8.peg.2911,0.0,-77.37057731280248
DM_RNA_393126.8.peg.2934,0.0,-126.16952130706744
DM_RNA_393126.8.peg.2935,0.0,-116.76652059553794
DM_RNA_393126.8.peg.2940,0.0,0.0
DM_RNA_393126.8.peg.2941,0.0,-70.18833672775864
DM_RNA_393126.8.peg.2942,0.0,-2.601840797381233e-32
DM_RNA_393126.8.peg.2943,0.0,-231.15219533918858
DM_RNA_393126.8.peg.2953,0.0,-56.701045168596714
DM_RNA_393126.8.peg.2956,0.0,-86.96517343289491
DM_RNA_393126.8.peg.2957,0.0,-134.2222448470702
DM_RNA_393126.8.peg.2958,0.0,-152.88055481231453
DM_RNA_393126.8.peg.2963,0.0,-92.69802243558618
DM_RNA_393126.8.peg.2964,0.0,-37.76202622205448
DM_RNA_393126.8.peg.2965,0.0,-14.001460371932804
DM_RNA_LMKG_RS00395,0.0,-7.994571492018155
DM_RNA_LMKG_RS01155,0.0,-166.70636219563892
DM_RNA_LMKG_RS01160,0.0,-312.4388416320441
DM_RNA_LMKG_RS01165,0.0,-12.874038235577936
DM_RNA_LMKG_RS01170,0.0,-7.984295718105104
DM_RNA_LMKG_RS01175,0.0,-8.344080581800403
DM_RNA_LMKG_RS01180,0.0,-7.994571492018155
DM_RNA_LMKG_RS01185,0.0,-8.930027798542588
DM_RNA_LMKG_RS01190,0.0,-7.902035468629925
DM_RNA_LMKG_RS01195,0.0,-9.385786043427911
DM_RNA_LMKG_RS01200,0.0,-8.097384439605857
DM_RNA_LMKG_RS01205,0.0,-8.049389053747111
DM_RNA_LMKG_RS01210,0.0,-8.443424289164188
DM_RNA_LMKG_RS01215,0.0,-166.68922928072521
DM_RNA_LMKG_RS01220,0.0,-312.43542184884524
DM_RNA_LMKG_RS01225,0.0,-12.874038235577936
DM_RNA_LMKG_RS03270,0.0,-9.82439494908302
DM_RNA_LMKG_RS04585,0.0,-8.001411058415833
DM_RNA_LMKG_RS04590,0.0,-9.649615100536144
DM_RNA_LMKG_RS04610,0.0,-7.977423118998876
DM_RNA_LMKG_RS04615,0.0,-7.997974850900462
DM_RNA_LMKG_RS04770,0.0,-7.902017709951486
DM_RNA_LMKG_RS06220,0.0,-8.172738091055322
DM_RNA_LMKG_RS08740,0.0,-7.977423118998876
DM_RNA_LMKG_RS08745,0.0,-10.033390020145763
DM_RNA_LMKG_RS08750,0.0,-8.001411058415833
DM_RNA_LMKG_RS08755,0.0,-8.063102185461956
DM_RNA_LMKG_RS08760,0.0,-7.902017709951486
DM_RNA_LMKG_RS08765,0.0,-8.04251530435446
DM_RNA_LMKG_RS08770,0.0,-7.963725445389625
DM_RNA_LMKG_RS08775,0.0,-8.361197072397557
DM_RNA_LMKG_RS08780,0.0,-8.162462317142271
DM_RNA_LMKG_RS08785,0.0,-9.793566477057444
DM_RNA_LMKG_RS08790,0.0,-8.152185392942798
DM_RNA_LMKG_RS08795,0.0,-8.251527950020158
DM_RNA_LMKG_RS08800,0.0,-8.080202067667093
DM_RNA_LMKG_RS08805,0.0,-8.049389053747111
DM_RNA_LMKG_RS08810,0.0,-8.097384439605857
DM_RNA_LMKG_RS08815,0.0,-9.385786043427911
DM_RNA_LMKG_RS08820,0.0,-8.26525769012702
DM_RNA_LMKG_RS08825,0.0,-8.930027798542588
DM_RNA_LMKG_RS08830,0.0,-7.994571492018155
DM_RNA_LMKG_RS08835,0.0,-8.344080581800403
DM_RNA_LMKG_RS08840,0.0,-7.984295718105104
DM_RNA_LMKG_RS08845,0.0,-12.874038235577936
DM_RNA_LMKG_RS08850,0.0,-312.4388416320441
DM_RNA_LMKG_RS08855,0.0,-166.65840080869964
DM_RNA_LMKG_RS09020,0.0,-7.898632109747617
DM_RNA_LMKG_RS09340,0.0,-12.874038235577936
DM_RNA_LMKG_RS09345,0.0,-312.43542184884524
DM_RNA_LMKG_RS09350,0.0,-166.70636219563892
DM_RNA_LMKG_RS10895,0.0,-9.067105609746722
DM_RNA_LMKG_RS11135,0.0,-7.977423118998876
DM_RNA_LMKG_RS11140,0.0,-8.063118609778488
DM_RNA_LMKG_RS11145,0.0,-9.296669619163037
DM_RNA_LMKG_RS11150,0.0,-7.874643204119721
DM_RNA_LMKG_RS11155,0.0,-7.994571492018155
DM_RNA_LMKG_RS12295,0.0,-9.30351033584714
DM_RNA_LMKG_RS12300,0.0,-8.131650269433226
DM_RNA_LMKG_RS12305,0.0,-7.91916838354361
DM_RNA_LMKG_RS12310,0.0,-7.91232881714593
DM_RNA_LMKG_RS12315,0.0,-8.063068002466986
DM_RNA_LMKG_RS12320,0.0,-8.124793128432593
DM_RNA_LMKG_RS12325,0.0,-9.296669619163037
DM_RNA_LMKG_RS12330,0.0,-7.963725445389625
DM_RNA_LMKG_RS12335,0.0,-8.361197072397557
DM_RNA_LMKG_RS12340,0.0,-8.162462317142271
DM_RNA_LMKG_RS12345,0.0,-8.347517939602199
DM_RNA_LMKG_RS12350,0.0,-7.977423118998876
DM_RNA_LMKG_RS12355,0.0,-9.632498794014476
DM_RNA_LMKG_RS12360,0.0,-8.364633279912928
DM_RNA_LMKG_RS12365,0.0,-12.874038235577936
DM_RNA_LMKG_RS12370,0.0,-312.43542184884524
DM_RNA_LMKG_RS12375,0.0,-8.443424289164188
DM_RNA_LMKG_RS12380,0.0,-8.063102185461956
DM_RNA_LMKG_RS12385,0.0,-166.65840080869964
DM_RNA_LMKG_RS12905,0.0,-7.878062987318561
DM_RNA_LMKG_RS13530,0.0,-7.905488284537313
DM_RNA_LMKG_RS13535,0.0,-8.364633279912928
DM_RNA_LMKG_RS13540,0.0,-12.874038235577936
DM_RNA_LMKG_RS13545,0.0,-312.43542184884524
DM_RNA_LMKG_RS13550,0.0,-8.443424289164188
DM_RNA_LMKG_RS13555,0.0,-8.063102185461956
DM_RNA_LMKG_RS13560,0.0,-166.65840080869964
DM_RNA_LMKG_RS14910,0.0,-7.888338945307097
formation_393126.4.peg.552-MONOMER,5.250594045953465e-09,0.0
formation_393126.8.peg.1004-MONOMER,0.0,2.8959384637705232e-34
formation_393126.8.peg.1017-MONOMER,6.9565250682782206e-09,0.0
formation_393126.8.peg.1022-MONOMER,0.0,0.0
formation_393126.8.peg.1032-MONOMER,1.1206990699195614e-06,2.471415786140116e-34
formation_393126.8.peg.1034-MONOMER,0.0,-1.2074754445048402e-33
formation_393126.8.peg.1035-MONOMER,0.0,1.4235647801236838e-34
formation_393126.8.peg.104-MONOMER,1.114344734082349e-06,0.0
formation_393126.8.peg.1040-MONOMER,3.1823793404638335e-09,-4.577829335516445e-34
formation_393126.8.peg.1041-MONOMER,0.0,0.0
formation_393126.8.peg.1042-MONOMER,1.6964549713137818e-12,-1.129463827992017e-34
formation_393126.8.peg.1043-MONOMER,0.0,0.0
formation_393126.8.peg.1046-MONOMER,2.0724578964980482e-07,0.0
formation_393126.8.peg.1052-MONOMER,0.0,-4.628842068583471e-35
formation_393126.8.peg.1083-MONOMER,0.0,0.0
formation_393126.8.peg.1084-MONOMER,0.0,2.81275935687935e-34
formation_393126.8.peg.1093-MONOMER,0.0,0.0
formation_393126.8.peg.1095-MONOMER,0.0,5.9422231010225e-35
formation_393126.8.peg.11-MONOMER,0.0,0.0
formation_393126.8.peg.1102-MONOMER,0.0,0.0
formation_393126.8.peg.1103-MONOMER,1.416078166979126e-09,0.0
formation_393126.8.peg.1108-MONOMER,3.116274466666627e-08,0.0
formation_393126.8.peg.1112-MONOMER,0.0,6.920131280556878e-35
formation_393126.8.peg.1114-MONOMER,0.0,0.0
formation_393126.8.peg.1118-MONOMER,0.0,0.0
formation_393126.8.peg.1119-MONOMER,9.731196241157263e-08,0.0
formation_393126.8.peg.1122-MONOMER,9.46728044985657e-10,1.521657705525193e-34
formation_393126.8.peg.1125-MONOMER,0.0,0.0
formation_393126.8.peg.1153-MONOMER,2.24411308761209e-09,0.0
formation_393126.8.peg.1154-MONOMER,0.0,0.0
formation_393126.8.peg.1159-MONOMER,0.0,-1.4279755847292291e-34
formation_393126.8.peg.1160-MONOMER,0.0,0.0
formation_393126.8.peg.1161-MONOMER,0.0,-9.900352218723078e-35
formation_393126.8.peg.1165-MONOMER,0.0,0.0
formation_393126.8.peg.1166-MONOMER,0.0,-9.528115737020503e-35
formation_393126.8.peg.1167-MONOMER,0.0,0.0
formation_393126.8.peg.1176-MONOMER,0.0,0.0
formation_393126.8.peg.1177-MONOMER,0.0,3.5893738416186604e-35
formation_393126.8.peg.1178-MONOMER,0.0,-2.441608049650514e-34
formation_393126.8.peg.1179-MONOMER,1.9476507570120825e-06,0.0
formation_393126.8.peg.1180-MONOMER,0.0,0.0
formation_393126.8.peg.1181-MONOMER,0.0,0.0
formation_393126.8.peg.1182-MONOMER,0.0,0.0
formation_393126.8.peg.1183-MONOMER,3.621431676398807e-06,0.0
formation_393126.8.peg.1187-MONOMER,0.0,0.0
formation_393126.8.peg.1188-MONOMER,0.0,0.0
formation_393126.8.peg.1198-MONOMER,0.0,0.0
formation_393126.8.peg.12-MONOMER,0.0,-1.671463934331888e-35
formation_393126.8.peg.1204-MONOMER,0.0,1.1853465275918474e-34
formation_393126.8.peg.1205-MONOMER,0.0,0.0
formation_393126.8.peg.1206-MONOMER,0.0,-9.897654546306499e-35
formation_393126.8.peg.1208-MONOMER,0.0,1.0386772200264774e-34
formation_393126.8.peg.1209-MONOMER,0.0,0.0
formation_393126.8.peg.1210-MONOMER,0.0,9.844217098693385e-35
formation_393126.8.peg.1211-MONOMER,0.0,0.0
formation_393126.8.peg.1212-MONOMER,0.0,0.0
formation_393126.8.peg.1213-MONOMER,0.0,0.0
formation_393126.8.peg.1214-MONOMER,5.784206765275842e-10,0.0
formation_393126.8.peg.1215-MONOMER,0.0,-2.1061941704709397e-34
formation_393126.8.peg.1216-MONOMER,0.0,0.0
formation_393126.8.peg.1221-MONOMER,0.0,-1.6895923690722067e-34
formation_393126.8.peg.1222-MONOMER,1.0698130084572606e-12,0.0
formation_393126.8.peg.1235-MONOMER,3.2215435567713924e-08,0.0
formation_393126.8.peg.1236-MONOMER,0.0,0.0
formation_393126.8.peg.1247-MONOMER,1.345883401591242e-07,0.0
formation_393126.8.peg.1249-MONOMER,0.0,0.0
formation_393126.8.peg.1252-MONOMER,0.0,0.0
formation_393126.8.peg.1253-MONOMER,0.0,-2.242187350382088e-34
formation_393126.8.peg.13-MONOMER,0.0,-8.351646587959506e-36
formation_393126.8.peg.131-MONOMER,0.0,6.879786957507766e-34
formation_393126.8.peg.1329-MONOMER,0.0,0.0
formation_393126.8.peg.133-MONOMER,0.0,7.582913052594801e-35
formation_393126.8.peg.1333-MONOMER,-7.698544227323886e-31,-1.2390880726960577e-34
formation_393126.8.peg.1334-MONOMER,6.74029650233968e-10,0.0
formation_393126.8.peg.1342-MONOMER,8.296212122981203e-06,0.0
formation_393126.8.peg.136-MONOMER,0.0,-2.194216038456188e-34
formation_393126.8.peg.1363-MONOMER,6.993267883761639e-09,-4.904873941746561e-35
formation_393126.8.peg.1376-MONOMER,0.0,4.750246156067358e-34
formation_393126.8.peg.138-MONOMER,0.0,0.0
formation_393126.8.peg.1381-MONOMER,0.0,-7.1236632974754036e-34
formation_393126.8.peg.1384-MONOMER,1.5814020226059724e-09,0.0
formation_393126.8.peg.1389-MONOMER,8.250984428232552e-09,0.0
formation_393126.8.peg.1390-MONOMER,6.9565250682782206e-09,0.0
formation_393126.8.peg.1393-MONOMER,4.076210768514751e-08,0.0
formation_393126.8.peg.1397-MONOMER,2.7136386206380338e-08,0.0
formation_393126.8.peg.1400-MONOMER,2.0386405739124316e-10,0.0
formation_393126.8.peg.1403-MONOMER,1.3913050136556456e-08,-4.583015147679117e-34
formation_393126.8.peg.1405-MONOMER,7.177525401906717e-12,0.0
formation_393126.8.peg.1407-MONOMER,2.662409178078289e-09,-6.070193244830941e-35
formation_393126.8.peg.1408-MONOMER,8.296212122981203e-06,0.0
formation_393126.8.peg.1409-MONOMER,2.8154540518609023e-10,0.0
formation_393126.8.peg.1413-MONOMER,0.0,-1.8688059214214622e-34
formation_393126.8.peg.1416-MONOMER,2.565677111555423e-07,2.5567848567613993e-34
formation_393126.8.peg.1426-MONOMER,0.0,1.5824604033599926e-34
formation_393126.8.peg.1427-MONOMER,0.0,0.0
formation_393126.8.peg.1431-MONOMER,3.737780250579535e-29,0.0
formation_393126.8.peg.1436-MONOMER,7.974063802322971e-11,-5.3724837192450435e-36
formation_393126.8.peg.1437-MONOMER,6.189106620186333e-07,3.85186857220139e-34
formation_393126.8.peg.1447-MONOMER,0.0,2.6297320015248644e-34
formation_393126.8.peg.1448-MONOMER,2.1345204811839694e-08,0.0
formation_393126.8.peg.1451-MONOMER,2.3412455463829823e-08,0.0
formation_393126.8.peg.1453-MONOMER,0.0,-4.867291608171127e-34
formation_393126.8.peg.1459-MONOMER,0.0,0.0
formation_393126.8.peg.1463-MONOMER,2.5617437263019875e-09,1.4865602676223343e-34
formation_393126.8.peg.1470-MONOMER,2.0343745294561405e-07,0.0
formation_393126.8.peg.1484-MONOMER,1.1429633849546667e-05,-1.398140388462494e-34
formation_393126.8.peg.1491-MONOMER,0.0,0.0
formation_393126.8.peg.1492-MONOMER,8.98965990784386e-24,0.0
formation_393126.8.peg.1493-MONOMER,0.0,-1.3296738548195496e-34
formation_393126.8.peg.1499-MONOMER,0.0,0.0
formation_393126.8.peg.1502-MONOMER,3.5877268754274766e-12,4.858166825684213e-34
formation_393126.8.peg.1511-MONOMER,0.0,0.0
formation_393126.8.peg.1513-MONOMER,0.0,0.0
formation_393126.8.peg.1514-MONOMER,0.0,3.328143982364518e-34
formation_393126.8.peg.1515-MONOMER,0.0,2.423378120371324e-34
formation_393126.8.peg.1526-MONOMER,1.2762595544672314e-06,0.0
formation_393126.8.peg.153-MONOMER,0.0,0.0
formation_393126.8.peg.1536-MONOMER,0.0,-3.384190383262332e-34
formation_393126.8.peg.1537-MONOMER,5.922299396764786e-08,0.0
formation_393126.8.peg.1540-MONOMER,7.177525401906717e-12,0.0
formation_393126.8.peg.1541-MONOMER,1.6253812492595694e-08,0.0
formation_393126.8.peg.1542-MONOMER,1.102336468352861e-08,0.0
formation_393126.8.peg.1548-MONOMER,8.296212122981203e-06,6.312391353853627e-35
formation_393126.8.peg.1549-MONOMER,7.177525401906717e-12,0.0
formation_393126.8.peg.1550-MONOMER,8.296212122981203e-06,0.0
formation_393126.8.peg.1552-MONOMER,2.3257200542045618e-11,0.0
formation_393126.8.peg.1553-MONOMER,2.3257200542045618e-11,0.0
formation_393126.8.peg.1555-MONOMER,0.0,0.0
formation_393126.8.peg.1559-MONOMER,8.296212122981203e-06,0.0
formation_393126.8.peg.1562-MONOMER,1.6487303609754956e-08,6.192322479421956e-35
formation_393126.8.peg.1569-MONOMER,1.1712162108444887e-08,0.0
formation_393126.8.peg.1573-MONOMER,3.1325902952553312e-09,0.0
formation_393126.8.peg.1575-MONOMER,2.0386405739124316e-10,4.831008604522507e-35
formation_393126.8.peg.1584-MONOMER,5.044996569098894e-08,1.716434344260694e-33
formation_393126.8.peg.1596-MONOMER,1.916562944670604e-06,0.0
formation_393126.8.peg.1599-MONOMER,4.79758246408988e-08,0.0
formation_393126.8.peg.1600-MONOMER,1.3276890739501196e-08,0.0
formation_393126.8.peg.1614-MONOMER,0.0,-2.1922596206739084e-34
formation_393126.8.peg.1616-MONOMER,0.0,0.0
formation_393126.8.peg.1619-MONOMER,0.0,0.0
formation_393126.8.peg.1620-MONOMER,8.296212122981203e-06,0.0
formation_393126.8.peg.1622-MONOMER,8.296212122981203e-06,-8.671604304131313e-36
formation_393126.8.peg.1631-MONOMER,8.565001742803275e-09,0.0
formation_393126.8.peg.1632-MONOMER,8.271218643006379e-08,6.73962583552633e-34
formation_393126.8.peg.1635-MONOMER,1.5924626783846867e-09,-1.001307241578735e-34
formation_393126.8.peg.1637-MONOMER,4.97188346489802e-09,2.383591008700968e-34
formation_393126.8.peg.1639-MONOMER,5.1852387449134735e-08,0.0
formation_393126.8.peg.1643-MONOMER,1.8512840323589942e-09,-2.3525431075218e-35
formation_393126.8.peg.1647-MONOMER,0.0,2.1790432858370744e-34
formation_393126.8.peg.1659-MONOMER,1.3583256059058312e-06,0.0
formation_393126.8.peg.1661-MONOMER,4.645231808424597e-06,0.0
formation_393126.8.peg.1666-MONOMER,1.3007452986126771e-14,0.0
formation_393126.8.peg.1667-MONOMER,5.916864615222373e-10,-5.9228040973607035e-34
formation_393126.8.peg.1670-MONOMER,0.0,0.0
formation_393126.8.peg.1671-MONOMER,0.0,0.0
formation_393126.8.peg.1673-MONOMER,0.0,0.0
formation_393126.8.peg.1676-MONOMER,8.296291863619227e-06,0.0
formation_393126.8.peg.1678-MONOMER,2.4966236215361038e-08,0.0
formation_393126.8.peg.168-MONOMER,0.0,-1.5306245577156312e-34
formation_393126.8.peg.1680-MONOMER,3.364924631043881e-09,-8.085564984742963e-34
formation_393126.8.peg.1700-MONOMER,0.0,0.0
formation_393126.8.peg.1711-MONOMER,4.4173146946445334e-09,0.0
formation_393126.8.peg.1712-MONOMER,3.604270244868647e-09,2.2003739676460707e-34
formation_393126.8.peg.1713-MONOMER,0.0,0.0
formation_393126.8.peg.1730-MONOMER,1.918392272280045e-08,0.0
formation_393126.8.peg.1741-MONOMER,8.359519640493669e-07,0.0
formation_393126.8.peg.1742-MONOMER,8.296212122981203e-06,-7.92445463643688e-35
formation_393126.8.peg.1743-MONOMER,6.654408810511137e-08,0.0
formation_393126.8.peg.1750-MONOMER,0.0,0.0
formation_393126.8.peg.1755-MONOMER,2.0040894817612826e-09,0.0
formation_393126.8.peg.1763-MONOMER,3.6803704884987326e-09,0.0
formation_393126.8.peg.1768-MONOMER,0.0,-4.625684386899062e-34
formation_393126.8.peg.1771-MONOMER,0.0,0.0
formation_393126.8.peg.1774-MONOMER,0.0,0.0
formation_393126.8.peg.1782-MONOMER,8.296212122981203e-06,0.0
formation_393126.8.peg.1789-MONOMER,5.337329881642604e-09,-1.2362198903134778e-35
formation_393126.8.peg.179-MONOMER,2.848864031689387e-08,0.0
formation_393126.8.peg.1804-MONOMER,0.0,-2.0580160761500498e-35
formation_393126.8.peg.1813-MONOMER,0.0,0.0
formation_393126.8.peg.1821-MONOMER,1.3610422625979222e-06,0.0
formation_393126.8.peg.185-MONOMER,0.0,8.345499717532968e-34
formation_393126.8.peg.1850-MONOMER,0.0,-2.3197769390117314e-34
formation_393126.8.peg.1851-MONOMER,0.0,0.0
formation_393126.8.peg.1857-MONOMER,0.0,0.0
formation_393126.8.peg.1858-MONOMER,1.9005514455278964e-08,1.6916107256185944e-34
formation_393126.8.peg.1859-MONOMER,0.0,2.3083158905327164e-34
formation_393126.8.peg.186-MONOMER,0.0,-1.4091400962542436e-34
formation_393126.8.peg.1860-MONOMER,0.0,-1.2603791807601857e-34
formation_393126.8.peg.1868-MONOMER,8.296212122981203e-06,-5.528644341662613e-37
formation_393126.8.peg.1869-MONOMER,8.296212122981203e-06,0.0
formation_393126.8.peg.1870-MONOMER,6.9565250682782206e-09,-2.441120807309494e-36
formation_393126.8.peg.1872-MONOMER,8.296212122981203e-06,0.0
formation_393126.8.peg.1878-MONOMER,7.177525401906717e-12,0.0
formation_393126.8.peg.1882-MONOMER,8.296212122981203e-06,7.668396455347182e-36
formation_393126.8.peg.1888-MONOMER,1.0374479831069322e-08,0.0
formation_393126.8.peg.1892-MONOMER,0.0,-0.2279827063257789
formation_393126.8.peg.1893-MONOMER,0.0,1.9697767466339884e-34
formation_393126.8.peg.1894-MONOMER,2.3662884259505905e-07,0.0
formation_393126.8.peg.19-MONOMER,0.0,0.0
formation_393126.8.peg.190-MONOMER,1.435505080381345e-11,-6.390133346026514e-35
formation_393126.8.peg.1902-MONOMER,8.296212122981203e-06,-3.067358582138873e-35
formation_393126.8.peg.1903-MONOMER,1.792916495851495e-09,0.0
formation_393126.8.peg.1904-MONOMER,0.0,-8.291687145849984e-35
formation_393126.8.peg.1908-MONOMER,7.177525401906717e-12,-1.9169822369487551e-34
formation_393126.8.peg.1918-MONOMER,1.014464820115199e-09,0.0
formation_393126.8.peg.1924-MONOMER,6.02242717494743e-10,-2.9800562688727637e-34
formation_393126.8.peg.1925-MONOMER,0.0,0.0
formation_393126.8.peg.1926-MONOMER,0.0,0.0
formation_393126.8.peg.1939-MONOMER,0.0,-8.794493435103307e-36
formation_393126.8.peg.1942-MONOMER,0.0,0.0
formation_393126.8.peg.1945-MONOMER,0.0,2.335910649100098e-35
formation_393126.8.peg.1946-MONOMER,4.9904361149982894e-08,0.0
formation_393126.8.peg.1953-MONOMER,0.0,0.0
formation_393126.8.peg.1957-MONOMER,0.0,2.846172972069296e-34
formation_393126.8.peg.1959-MONOMER,2.2482333683356863e-08,3.5867933658337453e-35
formation_393126.8.peg.1962-MONOMER,3.283211370914038e-07,0.0
formation_393126.8.peg.1967-MONOMER,8.296212122981203e-06,0.0
formation_393126.8.peg.1969-MONOMER,1.5127694859556667e-08,0.0
formation_393126.8.peg.1970-MONOMER,0.0,0.0
formation_393126.8.peg.1972-MONOMER,1.435505080381345e-11,-4.1303174127721185e-34
formation_393126.8.peg.1977-MONOMER,0.0,0.0
formation_393126.8.peg.1981-MONOMER,3.098650547505186e-08,3.927329421062959e-34
formation_393126.8.peg.1982-MONOMER,0.0,0.0
formation_393126.8.peg.1985-MONOMER,2.640009788596437e-09,0.0
formation_393126.8.peg.1989-MONOMER,0.0,-1.6102850658986363e-34
formation_393126.8.peg.1991-MONOMER,0.0,2.989038881205442e-34
formation_393126.8.peg.1992-MONOMER,0.0,0.0
formation_393126.8.peg.1995-MONOMER,1.0512348408531038e-07,0.0
formation_393126.8.peg.2002-MONOMER,0.0,0.0
formation_393126.8.peg.2008-MONOMER,8.520195682010018e-09,0.0
formation_393126.8.peg.2009-MONOMER,0.0,0.0
formation_393126.8.peg.2011-MONOMER,0.0,0.0
formation_393126.8.peg.2015-MONOMER,0.0,9.762273316435574e-35
formation_393126.8.peg.2016-MONOMER,0.0,0.0
formation_393126.8.peg.2017-MONOMER,9.243947322429607e-09,-2.252609362609213e-35
formation_393126.8.peg.2022-MONOMER,0.0,0.0
formation_393126.8.peg.2024-MONOMER,8.296212122981203e-06,0.0
formation_393126.8.peg.2026-MONOMER,5.6106098477307994e-08,0.0
formation_393126.8.peg.2031-MONOMER,3.7066715029867193e-09,0.0
formation_393126.8.peg.2039-MONOMER,1.230863456328627e-09,9.132777558176368e-34
formation_393126.8.peg.2047-MONOMER,0.0,0.0
formation_393126.8.peg.2063-MONOMER,0.0,0.0
formation_393126.8.peg.2064-MONOMER,0.0,0.0
formation_393126.8.peg.2073-MONOMER,3.903846638206815e-24,-1.2100592876158899e-67
formation_393126.8.peg.2078-MONOMER,0.0,-9.406214752971435e-35
formation_393126.8.peg.2079-MONOMER,1.737301326420494e-08,6.81993452532427e-34
formation_393126.8.peg.2081-MONOMER,5.566778405457371e-09,0.0
formation_393126.8.peg.2084-MONOMER,0.0,-1.0247788928959394e-33
formation_393126.8.peg.2085-MONOMER,8.688150058761318e-08,0.0
formation_393126.8.peg.2086-MONOMER,0.0,0.0
formation_393126.8.peg.2105-MONOMER,0.0,0.0
formation_393126.8.peg.2106-MONOMER,6.06979839079894e-08,0.0
formation_393126.8.peg.2109-MONOMER,0.0,5.15983832426838e-35
formation_393126.8.peg.212-MONOMER,0.0,0.0
formation_393126.8.peg.2122-MONOMER,0.0,-1.0518100604694359e-36
formation_393126.8.peg.2124-MONOMER,0.0,0.0
formation_393126.8.peg.2125-MONOMER,0.0,0.0
formation_393126.8.peg.2128-MONOMER,7.177525401906717e-12,4.021519432772912e-35
formation_393126.8.peg.213-MONOMER,8.296212122981203e-06,0.0
formation_393126.8.peg.2131-MONOMER,-2.4070213055137972e-29,0.0
formation_393126.8.peg.2132-MONOMER,1.4047469206636998e-09,-1.196354333135103e-34
formation_393126.8.peg.2133-MONOMER,8.296212122981203e-06,0.0
formation_393126.8.peg.2139-MONOMER,7.177525401906717e-12,2.8567329445745294e-35
formation_393126.8.peg.2154-MONOMER,3.2320861786154494e-11,-5.943257289210956e-33
formation_393126.8.peg.2155-MONOMER,3.2320861786154494e-11,0.0
formation_393126.8.peg.2164-MONOMER,8.296212122981203e-06,0.0
formation_393126.8.peg.2179-MONOMER,0.0,-1.8397303714023611e-34
formation_393126.8.peg.2180-MONOMER,0.0,0.0
formation_393126.8.peg.2183-MONOMER,1.2817497827745244e-07,2.4859053694862376e-34
formation_393126.8.peg.2189-MONOMER,0.0,0.0
formation_393126.8.peg.2190-MONOMER,1.9952105283246402e-09,0.0
formation_393126.8.peg.2191-MONOMER,3.355439410894336e-06,0.0
formation_393126.8.peg.2193-MONOMER,7.797933862885724e-10,0.0
formation_393126.8.peg.2199-MONOMER,1.2383003253923857e-07,2.044436408357187e-34
formation_393126.8.peg.2200-MONOMER,0.0,0.0
formation_393126.8.peg.2207-MONOMER,1.7355467092034453e-08,2.5783775028795643e-34
formation_393126.8.peg.221-MONOMER,8.394809717390264e-09,4.103434314497264e-34
formation_393126.8.peg.2212-MONOMER,0.0,0.0
formation_393126.8.peg.2213-MONOMER,0.0,3.3980170087807174e-34
formation_393126.8.peg.2214-MONOMER,0.0,0.0
formation_393126.8.peg.2222-MONOMER,2.6753727818605047e-06,0.0
formation_393126.8.peg.2223-MONOMER,0.0,0.0
formation_393126.8.peg.223-MONOMER,0.0,1.065177437166953e-34
formation_393126.8.peg.2242-MONOMER,2.5471656808962358e-08,0.0
formation_393126.8.peg.2243-MONOMER,0.0,-2.995938221583082e-34
formation_393126.8.peg.2247-MONOMER,0.0,0.0
formation_393126.8.peg.2250-MONOMER,0.0,0.0
formation_393126.8.peg.2255-MONOMER,0.0,0.0
formation_393126.8.peg.226-MONOMER,1.506458544345512e-08,0.0
formation_393126.8.peg.2260-MONOMER,0.0,3.089651496969666e-34
formation_393126.8.peg.228-MONOMER,1.6781975047729685e-09,-6.942871698262228e-35
formation_393126.8.peg.2280-MONOMER,0.0,1.8970568494279327e-35
formation_393126.8.peg.2281-MONOMER,0.0,1.6637074968903558e-34
formation_393126.8.peg.2282-MONOMER,0.0,0.0
formation_393126.8.peg.2284-MONOMER,0.0,-9.091422469783679e-36
formation_393126.8.peg.2287-MONOMER,3.8380439908350755e-09,0.0
formation_393126.8.peg.2300-MONOMER,0.0,0.0
formation_393126.8.peg.2301-MONOMER,0.0,0.0
formation_393126.8.peg.231-MONOMER,0.0,0.0
formation_393126.8.peg.2314-MONOMER,8.052750972433814e-08,0.0
formation_393126.8.peg.2318-MONOMER,0.0,5.152395194016371e-35
formation_393126.8.peg.232-MONOMER,8.0002856728745e-08,0.0
formation_393126.8.peg.2325-MONOMER,0.0,2.0509047708339517e-34
formation_393126.8.peg.2339-MONOMER,1.8789080101117553e-07,2.893736410189981e-34
formation_393126.8.peg.2342-MONOMER,0.0,0.0
formation_393126.8.peg.2344-MONOMER,1.9050228816916428e-08,3.983974855408077e-34
formation_393126.8.peg.241-MONOMER,7.922128396050636e-08,-2.444363404123894e-34
formation_393126.8.peg.242-MONOMER,0.0,0.0
formation_393126.8.peg.2425-MONOMER,7.177525401906717e-12,0.0
formation_393126.8.peg.243-MONOMER,1.516265841905995e-09,0.0
formation_393126.8.peg.2434-MONOMER,0.0,0.0
formation_393126.8.peg.2436-MONOMER,0.0,1.6929652408019746e-34
formation_393126.8.peg.2443-MONOMER,0.0,-8.169485147724537e-35
formation_393126.8.peg.2447-MONOMER,0.0,0.0
formation_393126.8.peg.245-MONOMER,7.177525401906717e-12,1.7280015565222472e-34
formation_393126.8.peg.2451-MONOMER,5.05053272140692e-07,0.0
formation_393126.8.peg.2454-MONOMER,0.0,0.0
formation_393126.8.peg.2458-MONOMER,7.492503287476674e-08,0.0
formation_393126.8.peg.2473-MONOMER,0.0,-2.6021989130681246e-34
formation_393126.8.peg.2474-MONOMER,5.92041325974375e-08,0.0
formation_393126.8.peg.25-MONOMER,1.3931402017841997e-07,0.0
formation_393126.8.peg.250-MONOMER,2.0386405739124316e-10,0.0
formation_393126.8.peg.2511-MONOMER,0.0,-1.879746269654857e-35
formation_393126.8.peg.252-MONOMER,8.296212122981203e-06,0.0
formation_393126.8.peg.2520-MONOMER,1.0985436690199356e-07,0.0
formation_393126.8.peg.253-MONOMER,8.296212122981203e-06,0.0
formation_393126.8.peg.254-MONOMER,8.296212122981203e-06,7.299558961605511e-35
formation_393126.8.peg.2543-MONOMER,0.0,0.0
formation_393126.8.peg.2544-MONOMER,5.753662938259732e-06,-5.831465446515247e-34
formation_393126.8.peg.2545-MONOMER,2.2716504884204034e-06,0.0
formation_393126.8.peg.255-MONOMER,8.296212122981203e-06,0.0
formation_393126.8.peg.2563-MONOMER,0.0,-2.472649439085619e-34
formation_393126.8.peg.2565-MONOMER,0.0,0.0
formation_393126.8.peg.2590-MONOMER,3.107664578191597e-09,0.0
formation_393126.8.peg.2597-MONOMER,6.651606380546567e-10,0.0
formation_393126.8.peg.2598-MONOMER,3.0179172713606104e-07,3.31407727529847e-34
formation_393126.8.peg.2608-MONOMER,8.663385892063275e-10,1.6923603876784673e-34
formation_393126.8.peg.2609-MONOMER,0.0,1.2469636831491124e-34
formation_393126.8.peg.2610-MONOMER,3.310661540551372e-09,0.0
formation_393126.8.peg.2611-MONOMER,0.0,1.036655570045922e-34
formation_393126.8.peg.2614-MONOMER,3.0227967431523365e-07,0.0
formation_393126.8.peg.2616-MONOMER,0.0,-3.3908935175185252e-34
formation_393126.8.peg.2630-MONOMER,2.2692419726855426e-07,0.0
formation_393126.8.peg.2635-MONOMER,6.2913644302235635e-09,7.490410171378809e-35
formation_393126.8.peg.2638-MONOMER,3.991652249603157e-09,0.0
formation_393126.8.peg.2639-MONOMER,0.0,0.0
formation_393126.8.peg.2640-MONOMER,8.296212122981203e-06,0.0
formation_393126.8.peg.2645-MONOMER,0.0,-3.3477292972026562e-34
formation_393126.8.peg.265-MONOMER,0.0,-2.150348719065594e-34
formation_393126.8.peg.2650-MONOMER,0.0,2.0277513993153835e-34
formation_393126.8.peg.2655-MONOMER,3.239172800942199e-08,-1.5324652679901875e-34
formation_393126.8.peg.2658-MONOMER,0.005443436709751505,0.0
formation_393126.8.peg.2663-MONOMER,0.0,-5.873988503418957e-35
formation_393126.8.peg.2665-MONOMER,0.0,0.0
formation_393126.8.peg.2666-MONOMER,0.0,0.0
formation_393126.8.peg.2669-MONOMER,1.061449366059839e-12,-2.2259323205072152e-34
formation_393126.8.peg.2679-MONOMER,0.0,9.625853830555787e-35
formation_393126.8.peg.2681-MONOMER,0.0,0.0
formation_393126.8.peg.2691-MONOMER,8.296212122981203e-06,0.0
formation_393126.8.peg.2692-MONOMER,8.296291863619227e-06,-3.910800014508475e-35
formation_393126.8.peg.2700-MONOMER,8.296212122981203e-06,-9.226001515897846e-36
formation_393126.8.peg.2702-MONOMER,8.296212122981203e-06,0.0
formation_393126.8.peg.2703-MONOMER,8.296212122981203e-06,-2.3528417251575233e-36
formation_393126.8.peg.2704-MONOMER,8.296212122981203e-06,0.0
formation_393126.8.peg.2705-MONOMER,6.9565250682782206e-09,-1.9665762157476974e-35
formation_393126.8.peg.2708-MONOMER,8.296212122981203e-06,7.046190218440984e-35
formation_393126.8.peg.2709-MONOMER,8.296212122981203e-06,0.0
formation_393126.8.peg.2710-MONOMER,8.296212122981203e-06,-1.5825761642289957e-34
formation_393126.8.peg.2711-MONOMER,8.296212122981203e-06,3.273656233021104e-35
formation_393126.8.peg.2712-MONOMER,8.296212122981203e-06,0.0
formation_393126.8.peg.2713-MONOMER,8.296212122981203e-06,0.0
formation_393126.8.peg.2714-MONOMER,8.296212122981203e-06,0.0
formation_393126.8.peg.2715-MONOMER,8.296212122981203e-06,3.6644925294814807e-35
formation_393126.8.peg.2716-MONOMER,8.296212122981203e-06,-1.8660704940267791e-35
formation_393126.8.peg.2717-MONOMER,8.296212122981203e-06,3.533164577563449e-35
formation_393126.8.peg.2718-MONOMER,8.296212122981203e-06,0.0
formation_393126.8.peg.2719-MONOMER,8.296212122981203e-06,2.939666380664902e-35
formation_393126.8.peg.2720-MONOMER,8.296212122981203e-06,0.0
formation_393126.8.peg.2721-MONOMER,8.296212122981203e-06,0.0
formation_393126.8.peg.2722-MONOMER,8.296212122981203e-06,0.0
formation_393126.8.peg.2723-MONOMER,8.296212122981203e-06,-7.890489192317034e-36
formation_393126.8.peg.2724-MONOMER,8.296212122981203e-06,0.0
formation_393126.8.peg.2725-MONOMER,8.296212122981203e-06,0.0
formation_393126.8.peg.2726-MONOMER,8.296291863619227e-06,-8.876119805219864e-35
formation_393126.8.peg.2727-MONOMER,8.296291863619227e-06,-8.97106507287053e-35
formation_393126.8.peg.2728-MONOMER,8.296291863619227e-06,1.8443026360191154e-35
formation_393126.8.peg.273-MONOMER,0.0,0.0
formation_393126.8.peg.2736-MONOMER,0.0,1.5072884590140394e-34
formation_393126.8.peg.2749-MONOMER,8.359519640493669e-07,0.0
formation_393126.8.peg.275-MONOMER,0.0,0.0
formation_393126.8.peg.2750-MONOMER,8.359519640493669e-07,0.0
formation_393126.8.peg.2751-MONOMER,8.296212122981203e-06,0.0
formation_393126.8.peg.2752-MONOMER,8.296212122981203e-06,0.0
formation_393126.8.peg.2755-MONOMER,0.0,1.663669274565799e-34
formation_393126.8.peg.2757-MONOMER,0.0,-4.1806269418311146e-35
formation_393126.8.peg.2758-MONOMER,0.0,6.259804639636956e-35
formation_393126.8.peg.2759-MONOMER,0.0,0.0
formation_393126.8.peg.2760-MONOMER,0.0,-1.146988447133214e-34
formation_393126.8.peg.2770-MONOMER,0.0,-1.3148994269749345e-34
formation_393126.8.peg.2787-MONOMER,0.0,0.0
formation_393126.8.peg.2788-MONOMER,0.0,5.205913999059777e-34
formation_393126.8.peg.2789-MONOMER,0.0,0.0
formation_393126.8.peg.2790-MONOMER,0.0,0.0
formation_393126.8.peg.2802-MONOMER,0.0,0.0
formation_393126.8.peg.2803-MONOMER,0.0,0.0
formation_393126.8.peg.2804-MONOMER,3.0499626041133405e-06,0.0
formation_393126.8.peg.282-MONOMER,5.533654104256637e-08,0.0
formation_393126.8.peg.2823-MONOMER,0.0,0.0
formation_393126.8.peg.2824-MONOMER,0.0,-3.1379169147888866e-34
formation_393126.8.peg.2827-MONOMER,2.1368042802203453e-06,0.0
formation_393126.8.peg.283-MONOMER,0.0,-4.752242559647196e-34
formation_393126.8.peg.2842-MONOMER,0.0,0.0
formation_393126.8.peg.2849-MONOMER,0.0,0.0
formation_393126.8.peg.2853-MONOMER,4.281072285393272e-08,0.0
formation_393126.8.peg.2855-MONOMER,0.0,0.0
formation_393126.8.peg.2856-MONOMER,1.716791065749158e-08,0.0
formation_393126.8.peg.2857-MONOMER,0.0,0.0
formation_393126.8.peg.286-MONOMER,0.0,0.0
formation_393126.8.peg.2865-MONOMER,0.0,1.6865469972810114e-33
formation_393126.8.peg.2870-MONOMER,0.0,0.0
formation_393126.8.peg.2871-MONOMER,1.4653795677625706e-07,-2.1956809971654622e-35
formation_393126.8.peg.2873-MONOMER,0.0,-5.840923315274793e-35
formation_393126.8.peg.2880-MONOMER,0.0,-2.0947380603603354e-34
formation_393126.8.peg.2890-MONOMER,0.0,-4.392335284837276e-34
formation_393126.8.peg.290-MONOMER,0.0,0.0
formation_393126.8.peg.2905-MONOMER,0.0,-2.3177260732919227e-34
formation_393126.8.peg.2910-MONOMER,0.0,-7.526142538350939e-35
formation_393126.8.peg.2911-MONOMER,7.177525401906717e-12,1.7608374436584357e-35
formation_393126.8.peg.2934-MONOMER,0.0,7.294251780026759e-34
formation_393126.8.peg.2940-MONOMER,0.0,3.8568065821506407e-35
formation_393126.8.peg.2941-MONOMER,8.25100670044609e-08,0.0
formation_393126.8.peg.2942-MONOMER,0.0,0.0
formation_393126.8.peg.2943-MONOMER,3.309988789130715e-08,4.760620938423658e-34
formation_393126.8.peg.2953-MONOMER,8.296212122981203e-06,0.0
formation_393126.8.peg.2963-MONOMER,2.76746110215315e-10,-1.2761133957741132e-34
formation_393126.8.peg.2965-MONOMER,8.296212122981203e-06,0.0
formation_393126.8.peg.305-MONOMER,0.0,4.053684416950789e-35
formation_393126.8.peg.306-MONOMER,0.0,0.0
formation_393126.8.peg.322-MONOMER,0.0,0.0
formation_393126.8.peg.325-MONOMER,0.0,-2.0260991253697235e-34
formation_393126.8.peg.349-MONOMER,0.0,0.0
formation_393126.8.peg.350-MONOMER,0.0,2.0004668685897405e-34
formation_393126.8.peg.351-MONOMER,1.0278675637315522e-07,0.0
formation_393126.8.peg.352-MONOMER,4.822813065137029e-06,0.0
formation_393126.8.peg.353-MONOMER,0.0,0.0
formation_393126.8.peg.354-MONOMER,0.0,2.3928702131370327e-34
formation_393126.8.peg.357-MONOMER,0.0,-6.363286971993477e-35
formation_393126.8.peg.36-MONOMER,0.0,1.6970259189642126e-34
formation_393126.8.peg.360-MONOMER,0.0,0.0
formation_393126.8.peg.361-MONOMER,1.939491661553802e-09,0.0
formation_393126.8.peg.379-MONOMER,0.0,0.0
formation_393126.8.peg.381-MONOMER,0.0,0.0
formation_393126.8.peg.39-MONOMER,0.0,0.0
formation_393126.8.peg.392-MONOMER,0.0,0.0
formation_393126.8.peg.393-MONOMER,0.0,0.0
formation_393126.8.peg.395-MONOMER,0.0,-9.258516407785075e-35
formation_393126.8.peg.40-MONOMER,0.0,0.0
formation_393126.8.peg.405-MONOMER,0.0,-1.573739421654422e-33
formation_393126.8.peg.41-MONOMER,0.0,1.0874450729279411e-34
formation_393126.8.peg.414-MONOMER,0.0,0.0
formation_393126.8.peg.432-MONOMER,2.7210302565350823e-07,0.0
formation_393126.8.peg.44-MONOMER,0.0,0.0
formation_393126.8.peg.440-MONOMER,0.0,7.4783220885116e-35
formation_393126.8.peg.45-MONOMER,8.296212122981203e-06,3.280114379658428e-35
formation_393126.8.peg.457-MONOMER,0.0,-3.282350856781082e-34
formation_393126.8.peg.458-MONOMER,1.1113106541921054e-07,0.0
formation_393126.8.peg.467-MONOMER,3.1129659767774356e-08,0.0
formation_393126.8.peg.47-MONOMER,8.296212122981203e-06,3.263462438563199e-35
formation_393126.8.peg.500-MONOMER,0.0,0.0
formation_393126.8.peg.503-MONOMER,0.0,0.0
formation_393126.8.peg.504-MONOMER,7.425887019562099e-09,0.0
formation_393126.8.peg.511-MONOMER,0.0,-6.379023483263057e-35
formation_393126.8.peg.512-MONOMER,7.75337753302737e-08,0.0
formation_393126.8.peg.513-MONOMER,3.281997434230974e-08,-4.1785159276173604e-35
formation_393126.8.peg.518-MONOMER,0.0,-4.122112560662521e-35
formation_393126.8.peg.519-MONOMER,0.0,0.0
formation_393126.8.peg.522-MONOMER,4.8629516932848863e-08,0.0
formation_393126.8.peg.534-MONOMER,0.0,1.8345150498451744e-34
formation_393126.8.peg.537-MONOMER,0.0,4.665672276600004e-34
formation_393126.8.peg.54-MONOMER,8.296212122981203e-06,-7.92445463643688e-35
formation_393126.8.peg.549-MONOMER,0.0,1.8400716526406275e-34
formation_393126.8.peg.559-MONOMER,0.0,-2.6390893655692666e-34
formation_393126.8.peg.567-MONOMER,0.0,2.4825147822643363e-34
formation_393126.8.peg.571-MONOMER,0.0,0.0
formation_393126.8.peg.572-MONOMER,0.0,-1.5495235150995902e-35
formation_393126.8.peg.573-MONOMER,6.525480806120854e-09,0.0
formation_393126.8.peg.578-MONOMER,0.0,0.0
formation_393126.8.peg.579-MONOMER,0.0,-5.541371252865593e-35
formation_393126.8.peg.584-MONOMER,0.0,0.0
formation_393126.8.peg.588-MONOMER,0.0,0.0
formation_393126.8.peg.595-MONOMER,7.177525401906717e-12,2.637153860617304e-34
formation_393126.8.peg.607-MONOMER,0.0,0.0
formation_393126.8.peg.608-MONOMER,3.7006230338326533e-09,0.0
formation_393126.8.peg.609-MONOMER,-1.1519809736631877e-29,0.0
formation_393126.8.peg.612-MONOMER,0.0,-2.000363507001422e-36
formation_393126.8.peg.631-MONOMER,0.0,4.027862172122593e-34
formation_393126.8.peg.632-MONOMER,0.0,-3.28624924846209e-35
formation_393126.8.peg.644-MONOMER,0.0,8.085837952835327e-35
formation_393126.8.peg.652-MONOMER,0.0,0.0
formation_393126.8.peg.656-MONOMER,0.0,0.0
formation_393126.8.peg.659-MONOMER,0.0,8.21359262670435e-35
formation_393126.8.peg.664-MONOMER,2.7573323159100617e-09,0.0
formation_393126.8.peg.682-MONOMER,0.0,-1.3192873904341371e-34
formation_393126.8.peg.724-MONOMER,0.0,0.0
formation_393126.8.peg.748-MONOMER,0.0,0.0
formation_393126.8.peg.749-MONOMER,0.0,0.0
formation_393126.8.peg.758-MONOMER,0.0,0.0
formation_393126.8.peg.761-MONOMER,4.559031231082795e-08,0.0
formation_393126.8.peg.786-MONOMER,0.0,-4.5572476733556004e-35
formation_393126.8.peg.795-MONOMER,0.0,0.0
formation_393126.8.peg.798-MONOMER,0.0,-2.2569786571743067e-34
formation_393126.8.peg.8-MONOMER,0.0,0.0
formation_393126.8.peg.80-MONOMER,0.0,1.2154264405421454e-34
formation_393126.8.peg.803-MONOMER,0.0,0.0
formation_393126.8.peg.809-MONOMER,1.5665863008228002e-06,0.0
formation_393126.8.peg.820-MONOMER,5.6996205250267424e-08,0.0
formation_393126.8.peg.824-MONOMER,0.0,1.747361841943862e-34
formation_393126.8.peg.825-MONOMER,0.0,0.0
formation_393126.8.peg.834-MONOMER,0.0,0.0
formation_393126.8.peg.835-MONOMER,6.762688904273444e-08,0.0
formation_393126.8.peg.845-MONOMER,0.0,0.0
formation_393126.8.peg.848-MONOMER,0.0,1.879782999328339e-34
formation_393126.8.peg.852-MONOMER,0.0,0.0
formation_393126.8.peg.867-MONOMER,0.0,9.496430936851864e-35
formation_393126.8.peg.878-MONOMER,0.0,0.0
formation_393126.8.peg.879-MONOMER,0.0,0.0
formation_393126.8.peg.886-MONOMER,4.250421718844726e-08,0.0
formation_393126.8.peg.9-MONOMER,0.0,0.0
formation_393126.8.peg.902-MONOMER,0.0,-1.6493343836325278e-34
formation_393126.8.peg.909-MONOMER,0.0,1.2121945907810842e-34
formation_393126.8.peg.911-MONOMER,6.227614803347609e-07,0.0
formation_393126.8.peg.921-MONOMER,0.0,0.0
formation_393126.8.peg.922-MONOMER,0.0,0.0
formation_393126.8.peg.940-MONOMER,0.0,0.0
formation_393126.8.peg.943-MONOMER,0.0,0.0
formation_393126.8.peg.957-MONOMER,0.0,0.0
formation_393126.8.peg.963-MONOMER,0.0,0.0
formation_393126.8.peg.970-MONOMER,0.0,1.0138524143181435e-34
formation_393126.8.peg.983-MONOMER,7.166302519594776e-07,0.0
formation_393126.8.peg.984-MONOMER,0.0,6.0652779346872385e-34
formation_393126.8.peg.99-MONOMER,0.0,3.1175715072003198e-34
formation_393126.8.peg.992-MONOMER,0.0,0.0
formation_393126.8.peg.994-MONOMER,0.0,-1.7696355882535728e-34
formation_393126.8.peg.997-MONOMER,1.985659046839351e-07,-2.578420920597464e-34
formation_393126.8.peg.998-MONOMER,7.213048785843986e-10,0.0
formation_CPLX_3MOBDC2-0,3.281003047867292e-08,-2.895920947407302e-34
formation_CPLX_3OAS100-0,9.273532651822264e-08,0.0
formation_CPLX_ACCOACL-0,1.0369778817098332e-07,0.0
formation_CPLX_ACHBPL-0,9.751914305683724e-29,0.0
formation_CPLX_AIRC4-0,0.0,-8.487941296583024e-35
formation_CPLX_ALAPGPL-0,0.0,2.747298807346979e-32
formation_CPLX_ANS-0,2.142938782626342e-09,0.0
formation_CPLX_ARBTpts-0,0.0,0.0
formation_CPLX_ARBTpts-1,0.0,-1.5025408686457024e-34
formation_CPLX_ARBTpts-10,0.0,3.0203710964062376e-34
formation_CPLX_ARBTpts-11,0.0,0.0
formation_CPLX_ARBTpts-12,0.0,-3.792290457160732e-34
formation_CPLX_ARBTpts-13,0.0,1.5107750236177118e-34
formation_CPLX_ARBTpts-14,0.0,0.0
formation_CPLX_ARBTpts-15,0.0,7.559309691037845e-35
formation_CPLX_ARBTpts-16,0.0,0.0
formation_CPLX_ARBTpts-17,0.0,0.0
formation_CPLX_ARBTpts-18,0.0,-1.1487195333029218e-34
formation_CPLX_ARBTpts-19,0.0,0.0
formation_CPLX_ARBTpts-2,0.0,-4.593022104001283e-34
formation_CPLX_ARBTpts-20,0.0,6.049761723245716e-35
formation_CPLX_ARBTpts-21,0.0,0.0
formation_CPLX_ARBTpts-22,0.0,0.0
formation_CPLX_ARBTpts-23,0.0,0.0
formation_CPLX_ARBTpts-3,0.0,0.0
formation_CPLX_ARBTpts-4,0.0,3.031943886535481e-34
formation_CPLX_ARBTpts-5,0.0,3.1661536063205603e-34
formation_CPLX_ARBTpts-6,0.0,2.4191638437536628e-34
formation_CPLX_ARBTpts-7,0.0,2.818199846449346e-34
formation_CPLX_ARBTpts-8,0.0,0.0
formation_CPLX_ARBTpts-9,0.0,-3.0326739794288697e-34
formation_CPLX_ARBabc-0,0.0,2.4945934900434274e-34
formation_CPLX_ARBabc-1,0.0,2.536891781187463e-34
formation_CPLX_ARBabc-2,0.0,0.0
formation_CPLX_ARBabc-3,0.0,4.133885627670312e-34
formation_CPLX_ARBabc-4,0.0,-3.903662950193539e-34
formation_CPLX_ARBabc-5,0.0,0.0
formation_CPLX_ARSENBabc-0,0.0,0.0
formation_CPLX_ARSENBabc-1,0.0,0.0
formation_CPLX_ARSENBabc-2,0.0,0.0
formation_CPLX_ARSENBabc-3,0.0,-8.212358860983852e-35
formation_CPLX_ARSENBabc-4,0.0,2.1805491528392776e-34
formation_CPLX_ARSENBabc-5,0.0,0.0
formation_CPLX_ARSENBabc-6,0.0,0.0
formation_CPLX_ARSENBabc-7,0.0,0.0
formation_CPLX_ATPPRT-0,0.0,0.0
formation_CPLX_ATPS4-0,0.0,8.993222991331561e-34
formation_CPLX_ATPS4-1,0.0,4.7332755156984245e-34
formation_CPLX_ATPS4-10,0.0,-7.644658454971382e-34
formation_CPLX_ATPS4-11,2.288942160114728e-07,-9.555823588249082e-35
formation_CPLX_ATPS4-12,0.0,2.3901587552699416e-34
formation_CPLX_ATPS4-13,0.0,-2.868190661844735e-34
formation_CPLX_ATPS4-14,0.0,0.0
formation_CPLX_ATPS4-15,0.0,1.0044909121297336e-33
formation_CPLX_ATPS4-2,0.0,2.8417340860832e-34
formation_CPLX_ATPS4-3,0.0,9.472447466430808e-35
formation_CPLX_ATPS4-4,0.0,1.4215795103901788e-34
formation_CPLX_ATPS4-5,0.0,7.581757798113476e-34
formation_CPLX_ATPS4-6,0.0,9.48306457031869e-35
formation_CPLX_ATPS4-7,0.0,6.6381455564587785e-34
formation_CPLX_ATPS4-8,0.0,-3.3424472871165385e-34
formation_CPLX_ATPS4-9,0.0,-8.5948649214355e-34
formation_CPLX_BTNCLi-0,7.54071626397243e-08,-1.1462886317207189e-32
formation_CPLX_CELBpts-0,0.0,-4.79153014600838e-34
formation_CPLX_CELBpts-1,0.0,2.5968906849055705e-34
formation_CPLX_CELBpts-10,0.0,2.425893702838801e-34
formation_CPLX_CELBpts-11,0.0,3.478623987252869e-34
formation_CPLX_CELBpts-12,0.0,2.269714721558482e-34
formation_CPLX_CELBpts-13,0.0,0.0
formation_CPLX_CELBpts-14,0.0,0.0
formation_CPLX_CELBpts-15,0.0,4.6772630872030996e-34
formation_CPLX_CELBpts-16,0.0,4.766070066315636e-34
formation_CPLX_CELBpts-17,0.0,0.0
formation_CPLX_CELBpts-18,0.0,0.0
formation_CPLX_CELBpts-19,0.0,0.0
formation_CPLX_CELBpts-2,0.0,-4.843461561772862e-34
formation_CPLX_CELBpts-20,0.0,0.0
formation_CPLX_CELBpts-21,0.0,5.088130428723989e-34
formation_CPLX_CELBpts-22,0.0,-2.273844871661523e-34
formation_CPLX_CELBpts-23,0.0,-2.3222536373772546e-34
formation_CPLX_CELBpts-24,0.0,-2.3979837543558026e-34
formation_CPLX_CELBpts-25,0.0,2.599356501067132e-34
formation_CPLX_CELBpts-26,0.0,2.4240570722303187e-34
formation_CPLX_CELBpts-27,0.0,-1.7378737106631774e-34
formation_CPLX_CELBpts-28,0.0,4.53599112915781e-34
formation_CPLX_CELBpts-29,0.0,0.0
formation_CPLX_CELBpts-3,0.0,0.0
formation_CPLX_CELBpts-30,0.0,0.0
formation_CPLX_CELBpts-31,0.0,0.0
formation_CPLX_CELBpts-32,0.0,0.0
formation_CPLX_CELBpts-33,0.0,0.0
formation_CPLX_CELBpts-34,0.0,0.0
formation_CPLX_CELBpts-35,0.0,3.4572528325906965e-34
formation_CPLX_CELBpts-36,0.0,-2.256954925092652e-34
formation_CPLX_CELBpts-37,0.0,0.0
formation_CPLX_CELBpts-38,0.0,0.0
formation_CPLX_CELBpts-39,0.0,-2.3258851389822445e-34
formation_CPLX_CELBpts-4,0.0,0.0
formation_CPLX_CELBpts-40,0.0,0.0
formation_CPLX_CELBpts-41,0.0,0.0
formation_CPLX_CELBpts-42,0.0,-2.411993498087375e-34
formation_CPLX_CELBpts-43,0.0,0.0
formation_CPLX_CELBpts-44,0.0,0.0
formation_CPLX_CELBpts-45,0.0,2.6140263434113047e-34
formation_CPLX_CELBpts-46,0.0,2.2772321038298235e-34
formation_CPLX_CELBpts-47,0.0,0.0
formation_CPLX_CELBpts-48,0.0,0.0
formation_CPLX_CELBpts-49,0.0,0.0
formation_CPLX_CELBpts-5,0.0,5.2868879272469955e-34
formation_CPLX_CELBpts-50,0.0,0.0
formation_CPLX_CELBpts-51,0.0,3.4850949766693047e-34
formation_CPLX_CELBpts-52,0.0,-4.547167886506687e-34
formation_CPLX_CELBpts-53,0.0,0.0
formation_CPLX_CELBpts-54,0.0,4.588246010079657e-34
formation_CPLX_CELBpts-55,0.0,-4.6849971366842374e-34
formation_CPLX_CELBpts-56,0.0,-2.4029443465907135e-34
formation_CPLX_CELBpts-57,0.0,0.0
formation_CPLX_CELBpts-58,0.0,0.0
formation_CPLX_CELBpts-59,0.0,0.0
formation_CPLX_CELBpts-6,0.0,0.0
formation_CPLX_CELBpts-60,0.0,2.2728629019401176e-34
formation_CPLX_CELBpts-61,0.0,0.0
formation_CPLX_CELBpts-62,0.0,0.0
formation_CPLX_CELBpts-63,0.0,2.341777871603473e-34
formation_CPLX_CELBpts-64,0.0,-4.767314661341547e-34
formation_CPLX_CELBpts-65,0.0,-2.5834298206231024e-34
formation_CPLX_CELBpts-66,0.0,4.81805918513558e-34
formation_CPLX_CELBpts-67,0.0,3.4521778454653194e-34
formation_CPLX_CELBpts-68,0.0,2.2539291687250785e-34
formation_CPLX_CELBpts-69,0.0,-2.5505266778482016e-34
formation_CPLX_CELBpts-7,0.0,2.334737966970923e-34
formation_CPLX_CELBpts-70,0.0,0.0
formation_CPLX_CELBpts-71,0.0,-2.32286396630963e-34
formation_CPLX_CELBpts-8,0.0,-2.399735659338425e-34
formation_CPLX_CELBpts-9,0.0,2.601303371154492e-34
formation_CPLX_CHLabc-0,0.0,3.667786888144082e-32
formation_CPLX_CYTBD-1,0.0,6.164519378138561e-34
formation_CPLX_CYTBD-2,0.0,0.0
formation_CPLX_CYTBD-3,0.0,0.0
formation_CPLX_CYTBD-4,0.0,-3.8003803764059913e-34
formation_CPLX_CYTB_B3-0,0.0,-2.3719723816255733e-35
formation_CPLX_D5KGK-0,0.0,3.409979728192845e-35
formation_CPLX_DHORD2-0,8.989440973015792e-10,2.6272547444285633e-34
formation_CPLX_FE3t4-0,0.0,1.0849684223570413e-34
formation_CPLX_FMNAT-0,0.0,0.0
formation_CPLX_FRUpts-0,0.0,0.0
formation_CPLX_FRUpts-1,0.0,-1.267021572930239e-33
formation_CPLX_FRUpts-10,0.0,-1.113367294066922e-33
formation_CPLX_FRUpts-11,0.0,-6.640380096094301e-34
formation_CPLX_FRUpts-12,0.0,-6.573823975740569e-34
formation_CPLX_FRUpts-13,0.0,-7.104389774129833e-34
formation_CPLX_FRUpts-14,0.0,6.8586509440069985e-34
formation_CPLX_FRUpts-15,0.0,-6.783067150689827e-34
formation_CPLX_FRUpts-16,0.0,0.0
formation_CPLX_FRUpts-17,0.0,-6.667246437438407e-34
formation_CPLX_FRUpts-18,0.0,6.932252876507289e-34
formation_CPLX_FRUpts-19,0.0,6.8929056092850205e-34
formation_CPLX_FRUpts-2,0.0,-1.2670766746328214e-33
formation_CPLX_FRUpts-20,0.0,1.20808769859363e-33
formation_CPLX_FRUpts-21,0.0,0.0
formation_CPLX_FRUpts-22,0.0,-1.4151779122053428e-33
formation_CPLX_FRUpts-23,0.0,0.0
formation_CPLX_FRUpts-24,0.0,1.4765941957242427e-33
formation_CPLX_FRUpts-25,0.0,0.0
formation_CPLX_FRUpts-26,0.0,0.0
formation_CPLX_FRUpts-27,0.0,0.0
formation_CPLX_FRUpts-28,4.713626248634878e-08,0.0
formation_CPLX_FRUpts-29,0.0,0.0
formation_CPLX_FRUpts-3,0.0,6.33420074351622e-34
formation_CPLX_FRUpts-30,0.0,0.0
formation_CPLX_FRUpts-31,0.0,-6.098298893239924e-34
formation_CPLX_FRUpts-32,0.0,-6.098623972633722e-34
formation_CPLX_FRUpts-33,0.0,-6.097228460526441e-34
formation_CPLX_FRUpts-34,0.0,6.097175914042107e-34
formation_CPLX_FRUpts-35,0.0,0.0
formation_CPLX_FRUpts-36,0.0,0.0
formation_CPLX_FRUpts-37,0.0,1.3710928903128706e-33
formation_CPLX_FRUpts-38,0.0,0.0
formation_CPLX_FRUpts-39,0.0,0.0
formation_CPLX_FRUpts-4,0.0,-1.2668312434220615e-33
formation_CPLX_FRUpts-40,0.0,0.0
formation_CPLX_FRUpts-41,0.0,-1.2961190130910058e-33
formation_CPLX_FRUpts-42,0.0,-6.4156822195888906e-34
formation_CPLX_FRUpts-43,0.0,0.0
formation_CPLX_FRUpts-44,0.0,6.632533984255924e-34
formation_CPLX_FRUpts-45,0.0,0.0
formation_CPLX_FRUpts-46,0.0,0.0
formation_CPLX_FRUpts-47,0.0,-2.7544054107789328e-33
formation_CPLX_FRUpts-48,0.0,1.4884209158706159e-33
formation_CPLX_FRUpts-49,0.0,0.0
formation_CPLX_FRUpts-5,0.0,0.0
formation_CPLX_FRUpts-6,0.0,0.0
formation_CPLX_FRUpts-7,0.0,0.0
formation_CPLX_FRUpts-8,0.0,6.336028973093939e-34
formation_CPLX_FRUpts-9,0.0,6.335984485199193e-34
formation_CPLX_G3PAT120-0,0.0,0.0
formation_CPLX_G3PAT120-1,1.201301828907066e-08,0.0
formation_CPLX_GALTpts-0,0.0,2.941350674071678e-34
formation_CPLX_GALTpts-1,0.0,1.4724160363194985e-34
formation_CPLX_GALTpts-10,0.0,0.0
formation_CPLX_GALTpts-11,0.0,0.0
formation_CPLX_GALTpts-12,0.0,5.344635842789737e-34
formation_CPLX_GALTpts-13,0.0,0.0
formation_CPLX_GALTpts-14,0.0,2.6735368345390926e-34
formation_CPLX_GALTpts-15,0.0,0.0
formation_CPLX_GALTpts-16,0.0,-2.738240947391939e-34
formation_CPLX_GALTpts-17,0.0,5.4723346455307005e-34
formation_CPLX_GALTpts-18,0.0,-7.320902369936296e-35
formation_CPLX_GALTpts-19,0.0,0.0
formation_CPLX_GALTpts-2,0.0,-2.94265920378413e-34
formation_CPLX_GALTpts-20,0.0,-1.4648473930487733e-34
formation_CPLX_GALTpts-21,0.0,-1.335556012680015e-34
formation_CPLX_GALTpts-22,0.0,1.337180596290458e-34
formation_CPLX_GALTpts-23,0.0,1.3361666609884666e-34
formation_CPLX_GALTpts-24,0.0,1.3668414804548644e-34
formation_CPLX_GALTpts-25,0.0,-6.8425298109059435e-34
formation_CPLX_GALTpts-26,0.0,2.7349342536038726e-34
formation_CPLX_GALTpts-3,0.0,-8.049016100880956e-34
formation_CPLX_GALTpts-4,0.0,-2.6861927767071728e-34
formation_CPLX_GALTpts-5,0.0,0.0
formation_CPLX_GALTpts-6,0.0,0.0
formation_CPLX_GALTpts-7,0.0,-2.749133917755706e-34
formation_CPLX_GALTpts-8,0.0,0.0
formation_CPLX_GALTpts-9,0.0,-2.9296779663018167e-34
formation_CPLX_GCCb-0,0.0,0.0
formation_CPLX_GCCc-0,0.0,-8.819340352646059e-34
formation_CPLX_GLCpts-0,0.0,0.0
formation_CPLX_HEXTT-0,1.6733399198727176e-09,1.0023846176094064e-34
formation_CPLX_HEXTT-1,0.0,0.0
formation_CPLX_HEXTT-2,0.0,1.0104197967274188e-34
formation_CPLX_HEXTT-3,0.0,-3.509750147107863e-34
formation_CPLX_IPPMIa-0,0.0,4.7619730800933105e-34
formation_CPLX_LPAMS-0,0.0,3.003284722500173e-34
formation_CPLX_MALTTRabc-0,0.0,0.0
formation_CPLX_MANpts-0,0.0,-6.349983645030058e-34
formation_CPLX_MANpts-1,0.0,6.684525160832687e-34
formation_CPLX_MANpts-10,0.0,1.3053214884859187e-33
formation_CPLX_MANpts-11,0.0,5.9189698324995295e-34
formation_CPLX_MANpts-12,0.0,6.340780549994087e-34
formation_CPLX_MANpts-13,0.0,-6.676157030188682e-34
formation_CPLX_MANpts-14,0.0,0.0
formation_CPLX_MANpts-15,0.0,-1.1823844348182251e-33
formation_CPLX_MANpts-16,0.0,-6.507744693518828e-34
formation_CPLX_MANpts-17,0.0,0.0
formation_CPLX_MANpts-18,0.0,0.0
formation_CPLX_MANpts-19,0.0,0.0
formation_CPLX_MANpts-2,0.0,6.528239398963132e-34
formation_CPLX_MANpts-20,0.0,6.506696993263314e-34
formation_CPLX_MANpts-21,0.0,-1.0107097596386866e-33
formation_CPLX_MANpts-22,0.0,-3.5064821199487133e-34
formation_CPLX_MANpts-23,0.0,3.03306693061389e-34
formation_CPLX_MANpts-24,0.0,6.506288910962831e-34
formation_CPLX_MANpts-25,0.0,0.0
formation_CPLX_MANpts-26,0.0,7.032666769476704e-34
formation_CPLX_MANpts-27,0.0,-1.213150900805799e-33
formation_CPLX_MANpts-28,0.0,6.499473238394557e-34
formation_CPLX_MANpts-29,0.0,0.0
formation_CPLX_MANpts-3,0.0,0.0
formation_CPLX_MANpts-30,0.0,0.0
formation_CPLX_MANpts-31,0.0,0.0
formation_CPLX_MANpts-32,0.0,0.0
formation_CPLX_MANpts-33,0.0,-6.677693797939126e-34
formation_CPLX_MANpts-34,0.0,0.0
formation_CPLX_MANpts-35,0.0,6.35198239263206e-34
formation_CPLX_MANpts-36,0.0,-6.657184956162479e-34
formation_CPLX_MANpts-37,0.0,0.0
formation_CPLX_MANpts-38,0.0,-6.3515294483343635e-34
formation_CPLX_MANpts-39,0.0,0.0
formation_CPLX_MANpts-4,0.0,0.0
formation_CPLX_MANpts-40,0.0,-5.921911130069418e-34
formation_CPLX_MANpts-41,0.0,0.0
formation_CPLX_MANpts-42,0.0,-1.3333354930558597e-33
formation_CPLX_MANpts-43,0.0,0.0
formation_CPLX_MANpts-44,0.0,6.355892052473954e-34
formation_CPLX_MANpts-45,0.0,-7.364344396771873e-34
formation_CPLX_MANpts-46,0.0,0.0
formation_CPLX_MANpts-47,0.0,-5.925965368496673e-34
formation_CPLX_MANpts-48,0.0,3.177365714484831e-34
formation_CPLX_MANpts-49,0.0,7.313709104822522e-34
formation_CPLX_MANpts-5,0.0,0.0
formation_CPLX_MANpts-50,0.0,0.0
formation_CPLX_MANpts-51,0.0,2.9624433892514117e-34
formation_CPLX_MANpts-52,0.0,0.0
formation_CPLX_MANpts-53,0.0,0.0
formation_CPLX_MANpts-54,0.0,0.0
formation_CPLX_MANpts-55,0.0,-5.924466637961709e-34
formation_CPLX_MANpts-56,0.0,-6.346726115224669e-34
formation_CPLX_MANpts-57,0.0,-7.35516477457035e-34
formation_CPLX_MANpts-58,0.0,6.863343423455021e-34
formation_CPLX_MANpts-59,0.0,-5.917447360735895e-34
formation_CPLX_MANpts-6,0.0,3.2635324641264874e-34
formation_CPLX_MANpts-60,0.0,0.0
formation_CPLX_MANpts-61,0.0,-5.754532359845984e-34
formation_CPLX_MANpts-62,0.0,-5.899998927737714e-34
formation_CPLX_MANpts-63,0.0,2.8766536865238014e-34
formation_CPLX_MANpts-64,0.0,-5.899571051693976e-34
formation_CPLX_MANpts-65,0.0,5.752830162550472e-34
formation_CPLX_MANpts-66,0.0,0.0
formation_CPLX_MANpts-67,0.0,0.0
formation_CPLX_MANpts-7,0.0,-5.91939166609382e-34
formation_CPLX_MANpts-8,0.0,0.0
formation_CPLX_MANpts-9,0.0,0.0
formation_CPLX_METDabc-0,0.0,-1.9234641918294988e-34
formation_CPLX_METDabc-1,2.3329463527454995e-08,1.8776786850596887e-34
formation_CPLX_METDabc-2,0.0,-3.1826527525676197e-34
formation_CPLX_METDabc-3,0.0,0.0
formation_CPLX_MLTP4-0,0.0,0.0
formation_CPLX_MNLpts-0,0.0,1.895874922702201e-35
formation_CPLX_MNabc-0,0.0,0.0
formation_CPLX_PFK_2-0,0.0,0.0
formation_CPLX_PIabc-0,0.0,1.5039346451599417e-34
formation_CPLX_PIabc-1,0.0,-7.607352399242049e-35
formation_CPLX_PRAMPC-0,0.0,0.0
formation_CPLX_PRFGS-0,0.0,9.710165022805096e-35
formation_CPLX_PTRCabc-0,3.866443981322162e-10,2.2286077250899157e-34
formation_CPLX_SBTpts-0,0.0,0.0
formation_CPLX_TECAAE-0,0.0,0.0
formation_CPLX_TKT1-0,3.9697382776111055e-08,-4.38770223742929e-34
formation_CPLX_TREpts-0,2.5391426006063326e-08,3.933306813494577e-34
formation_CPLX_UPPRT-0,0.0,0.0
formation_CPLX_UPPRT-1,0.0,-9.737586853435642e-35
formation_CPLX_YUMPS-0,0.0,1.1814517264825227e-34
formation_CPLX_YUMPS-1,7.177525401906717e-12,1.8920169317106267e-32
formation_CPLX_ZNabc-0,0.0,1.2643266876929089e-34
formation_CPLX_ZNabc-1,0.0,2.5454413564877796e-34
formation_CPLX_ZNabc-2,0.0,-1.1284066878889504e-34
formation_CPLX_ZNabc-3,0.0,-2.551864010669718e-34
formation_CPLX_ZNabc-4,0.0,0.0
formation_CPLX_ZNabc-5,0.0,1.2791674204559913e-34
formation_CPLX_ZNabc-6,0.0,2.49459763060862e-34
formation_CPLX_ZNabc-7,0.0,1.282480567512699e-34
formation_CPLX_dreplication-0,0.0,-4.1889913088571625e-33
formation_CPLX_dreplication-1,0.0,1.2559780800316958e-32
formation_CPLX_dreplication-2,0.0,-1.2123416091614994e-32
formation_CPLX_dreplication-3,0.0,-8.374909536182356e-33
formation_CPLX_pbiosynthesis-0,7.974063802322971e-11,4.917252058884619e-32
formation_CPLX_pbiosynthesis-1,7.974063802322971e-11,-8.839152076805205e-31
formation_CPLX_pbiosynthesis-2,7.974063802322971e-11,-2.6471123554070206e-30
formation_CPLX_pbiosynthesis-3,7.974063802322971e-11,-3.317267382092342e-30
formation_CPLX_r0060-0,8.838047002119741e-07,0.0
formation_CPLX_rtranscription-0,2.0386405739124316e-10,3.2904264495740535e-32
formation_CPLX_rtranscription-1,2.0386405739124316e-10,-8.608658375533744e-31
formation_393126.8.peg.2072-MONOMER_mod_mg2(1),1.0558130044114684e-28,-4.326573807030319e-34
formation_393126.8.peg.1764-MONOMER_mod_zn2(1),0.0,0.0
formation_393126.8.peg.1715-MONOMER_mod_fe2(1),1.1788229393937295e-07,0.0
formation_393126.8.peg.986-MONOMER_mod_mg2(1),0.0,-3.5504584279194904e-34
formation_393126.8.peg.1669-MONOMER_mod_mg2(1),0.0,0.0
formation_393126.8.peg.269-MONOMER_mod_zn2(1)_mod_cobalt2(1),0.0,0.0
formation_393126.8.peg.1723-MONOMER_mod_4fe4s(1),0.0,1.3404833009975513e-33
formation_393126.8.peg.1668-MONOMER_mod_pydx5p(1),0.0,0.0
formation_393126.8.peg.910-MONOMER_mod_mg2(1),0.0,3.7948557601673234e-36
formation_393126.8.peg.910-MONOMER_mod_mn2(1),0.0,-3.004615918808681e-36
formation_393126.8.peg.1826-MONOMER_mod_mn2(1),0.0,0.0
formation_393126.8.peg.2706-MONOMER_mod_mg2(1),6.28589951483288e-06,-2.0579340623825094e-32
formation_393126.8.peg.2051-MONOMER_mod_mg2(1),0.0,2.1688239822026448e-34
formation_393126.8.peg.1604-MONOMER_mod_mg2(1),0.0,8.343927125711449e-35
formation_393126.8.peg.1604-MONOMER_mod_mn2(1),0.0,0.0
formation_393126.8.peg.57-MONOMER_mod_mg2(1),1.094332353197499e-08,-9.374168393422742e-34
formation_393126.8.peg.2197-MONOMER_mod_zn2(1),0.0,7.706277505575437e-34
formation_393126.8.peg.1793-MONOMER_mod_fe2(2),2.611726037873373e-10,-2.3300111847417986e-32
formation_393126.8.peg.2801-MONOMER_mod_pydx5p(1),0.0,0.0
formation_393126.8.peg.2178-MONOMER_mod_mg2(1),3.99415183422206e-10,0.0
formation_393126.8.peg.1746-MONOMER_mod_mg2(1),0.0,0.0
formation_393126.8.peg.2110-MONOMER_mod_fad(1),0.0,6.424530192643549e-34
formation_CPLX_CBPS-0_mod_mg2(1),0.0,1.223060467096808e-33
formation_CPLX_CBPS-0_mod_mn2(1),0.0,9.82839588846694e-34
formation_CPLX_CBPS-0_mod_cobalt2(1),0.0,0.0
formation_CPLX_CBPS-0_mod_cd2(1),0.0,1.0537049256777758e-33
formation_CPLX_CBPS-0_mod_zn2(1),0.0,0.0
formation_393126.8.peg.192-MONOMER_mod_mg2(1),1.8355541396057695e-08,0.0
formation_393126.8.peg.2013-MONOMER_mod_fmnh2(1),0.0,0.0
formation_393126.8.peg.2013-MONOMER_mod_fadh2(1),3.212779226135624e-09,0.0
formation_393126.8.peg.2653-MONOMER_mod_mg2(1),0.0,0.0
formation_393126.8.peg.1762-MONOMER_mod_pydx5p(1),0.0,1.6810741681948484e-34
formation_393126.8.peg.225-MONOMER_mod_pydx5p(2),2.620278381024194e-09,-1.9838914311632852e-32
formation_CPLX_CYTBD-0_mod_pheme(1)_mod_hemed(1),0.0,4.932620520276076e-31
formation_393126.8.peg.1577-MONOMER_mod_mg2(1),4.706462968740261e-08,0.0
formation_393126.8.peg.2025-MONOMER_mod_mg2(1),2.2785368280323016e-07,4.826942503154289e-35
formation_393126.8.peg.2038-MONOMER_mod_pydx5p(1),0.0,1.1854900713281982e-33
formation_393126.8.peg.1394-MONOMER_mod_mg2(1)_mod_k(1),0.0,0.0
formation_393126.8.peg.1913-MONOMER_mod_mg2(1),0.000370481013666799,-4.993959702523339e-37
formation_393126.8.peg.2069-MONOMER_mod_4fe4s(1),0.0,1.2327920170941027e-33
formation_393126.8.peg.1760-MONOMER_mod_mg2(1),2.7044486339164822e-09,1.87809169104018e-34
formation_393126.8.peg.1923-MONOMER_mod_cobalt2(1)_mod_zn2(1),3.8757218637774676e-10,-1.572267594415532e-33
formation_393126.8.peg.1923-MONOMER_mod_mn2(1)_mod_zn2(1),0.0,0.0
formation_393126.8.peg.1923-MONOMER_mod_ni2(1)_mod_zn2(1),0.0,0.0
formation_393126.8.peg.227-MONOMER_mod_mg2(1),0.0,-2.61169678064261e-35
formation_393126.8.peg.2012-MONOMER_mod_cobalt2(1)_mod_nad(1),9.150886579240732e-09,0.0
formation_393126.8.peg.1440-MONOMER_mod_mg2(1),0.0,-1.5734836503800656e-34
formation_393126.8.peg.1440-MONOMER_mod_mn2(1),6.354230605890961e-09,-1.9932967175883805e-33
formation_393126.8.peg.1529-MONOMER_mod_nadph(1)_mod_nadh(1)_mod_fad(1)_mod_cobalt2(1),1.4034393352193033e-08,0.0
formation_393126.8.peg.2800-MONOMER_mod_mg2(1),1.3560253599800023e-08,4.6808063290100507e-35
formation_393126.8.peg.2636-MONOMER_mod_mg2(1),0.0,-1.812861353039534e-37
formation_393126.8.peg.1395-MONOMER_mod_mn2(1),0.0,3.141526359341515e-34
formation_393126.8.peg.1395-MONOMER_mod_cobalt2(1),1.2871821956142858e-08,3.452495984953684e-34
formation_393126.8.peg.1395-MONOMER_mod_mg2(1),0.0,0.0
formation_393126.8.peg.1442-MONOMER_mod_thmpp(1),9.35841064233222e-09,0.0
formation_393126.8.peg.2541-MONOMER_mod_mg2(4),3.177266714958958e-06,-6.182692463983424e-34
formation_393126.8.peg.2737-MONOMER_mod_mg2(1),0.0,0.0
formation_393126.8.peg.2419-MONOMER_mod_mg2(1),0.0,4.540207036569244e-34
formation_393126.8.peg.1392-MONOMER_mod_mg2(1),4.963550307854685e-10,1.140702537698426e-34
formation_393126.8.peg.200-MONOMER_mod_mg2(1),1.4889896505471439e-08,-4.770260797780591e-34
formation_393126.8.peg.1111-MONOMER_mod_mg2(1),0.0,1.804932460584097e-34
formation_393126.8.peg.1633-MONOMER_mod_pydx5p(1),5.1688931951665675e-09,1.2701316508372691e-33
formation_393126.8.peg.1368-MONOMER_mod_fad(1),4.402681732683271e-08,0.0
formation_393126.8.peg.1374-MONOMER_mod_mn2(1),0.0,-2.2217872132833524e-33
formation_393126.8.peg.1335-MONOMER_mod_mg2(1),9.164790910202699e-10,0.0
formation_393126.8.peg.2879-MONOMER_mod_mg2(1),1.3506160054676767e-09,2.6956182006644565e-34
formation_393126.8.peg.2448-MONOMER_mod_pydx5p(1),0.0,0.0
formation_CPLX_GLUOX-0_mod_fe2(1)_mod_fad(1),0.0,-3.979142284114358e-33
formation_393126.8.peg.1853-MONOMER_mod_mg2(1),0.0,-5.746727334623443e-34
formation_393126.8.peg.241-MONOMER_mod_mg2(1)_mod_zn2(1),7.588006766754788e-09,-2.0343270686527746e-34
formation_393126.8.peg.1618-MONOMER_mod_mg2(1),0.0,2.1959933313647232e-33
formation_393126.8.peg.1618-MONOMER_mod_mn2(1),0.0,3.566573951922441e-33
formation_393126.8.peg.1126-MONOMER_mod_mg2(1),7.596515213835075e-09,-1.0283493482565878e-33
formation_393126.8.peg.2818-MONOMER_mod_mg2(1),0.0,0.0
formation_393126.8.peg.1367-MONOMER_mod_mg2(1),0.0,-1.8067896136275746e-34
formation_393126.8.peg.932-MONOMER_mod_fad(1),0.0,0.0
formation_393126.8.peg.2018-MONOMER_mod_zn2(1),1.0385536731002379e-09,-1.3594919601732743e-34
formation_393126.8.peg.1603-MONOMER_mod_mn2(1),0.0,6.843018287876893e-34
formation_393126.8.peg.2143-MONOMER_mod_mg2(1),0.0,4.184116454824175e-35
formation_393126.8.peg.2143-MONOMER_mod_ca2(1),0.0,2.997307421310144e-35
formation_393126.8.peg.581-MONOMER_mod_mn2(1),0.0,-4.144083954051363e-34
formation_393126.8.peg.1636-MONOMER_mod_dpm(1),1.3769643155048966e-09,-1.3875872418660992e-34
formation_393126.8.peg.229-MONOMER_mod_mg2(1),0.0,-4.1521832464671077e-35
formation_393126.8.peg.2637-MONOMER_mod_k(1)_mod_mg2(1),0.0,4.625769487252152e-34
formation_393126.8.peg.2010-MONOMER_mod_pydx5p(1),0.0,9.869918315675355e-32
formation_393126.8.peg.1646-MONOMER_mod_mn2(1),0.0,0.0
formation_393126.8.peg.1646-MONOMER_mod_mg2(1),0.0,0.0
formation_393126.8.peg.1759-MONOMER_mod_mg2(1),2.01626373273094e-09,0.0
formation_393126.8.peg.580-MONOMER_mod_mg2(1),0.0,1.978706867851118e-34
formation_393126.8.peg.580-MONOMER_mod_mn2(1),0.0,0.0
formation_393126.8.peg.1007-MONOMER_mod_pydx5p(6),7.323471224081919e-09,1.101740529517826e-33
formation_393126.8.peg.1007-MONOMER_mod_pydx5p(1),0.0,0.0
formation_393126.8.peg.2074-MONOMER_mod_mg2(1)_mod_mn2(1),0.0,2.429322102456421e-35
formation_393126.8.peg.2256-MONOMER_mod_ni2(1),0.0,0.0
formation_393126.8.peg.2000-MONOMER_mod_mn2(1),6.988751837641366e-08,0.0
formation_393126.8.peg.2000-MONOMER_mod_mg2(1),0.0,0.0
formation_393126.8.peg.1519-MONOMER_mod_mn2(1),2.2585617809742644e-08,1.3229264249428517e-34
formation_393126.8.peg.240-MONOMER_mod_mn2(1),1.8530441745050458e-08,0.0
formation_393126.8.peg.239-MONOMER_mod_mg2(1),0.0,0.0
formation_393126.8.peg.239-MONOMER_mod_mn2(1),0.0,-1.5617167343211512e-34
formation_393126.8.peg.239-MONOMER_mod_cobalt2(1),1.853388323834444e-08,-1.716315470902056e-34
formation_393126.8.peg.1747-MONOMER_mod_k(4)_mod_mg2(1),0.0,-1.2765477922262097e-33
formation_393126.8.peg.1747-MONOMER_mod_k(4)_mod_mn2(1),0.0,-1.0551030881446873e-33
formation_393126.8.peg.1747-MONOMER_mod_k(4)_mod_cobalt2(1),0.0,1.1566702072251844e-33
formation_393126.8.peg.1747-MONOMER_mod_k(4)_mod_zn2(1),1.6570122612195072e-09,0.0
formation_393126.8.peg.1747-MONOMER_mod_k(4)_mod_cd2(1),0.0,0.0
formation_393126.8.peg.1747-MONOMER_mod_k(4)_mod_ni2(1),0.0,1.0896320940107355e-33
formation_393126.8.peg.1747-MONOMER_mod_k(4)_mod_ca2(1),0.0,0.0
formation_393126.8.peg.1747-MONOMER_mod_nh4(4)_mod_mg2(1),0.0,-1.2764904452101218e-33
formation_393126.8.peg.1747-MONOMER_mod_nh4(4)_mod_mn2(1),0.0,1.0319715308825702e-33
formation_393126.8.peg.1747-MONOMER_mod_nh4(4)_mod_cobalt2(1),0.0,0.0
formation_393126.8.peg.1747-MONOMER_mod_nh4(4)_mod_zn2(1),0.0,1.925015699866233e-33
formation_393126.8.peg.1747-MONOMER_mod_nh4(4)_mod_cd2(1),0.0,1.0951750027420755e-33
formation_393126.8.peg.1747-MONOMER_mod_nh4(4)_mod_ni2(1),0.0,0.0
formation_393126.8.peg.1747-MONOMER_mod_nh4(4)_mod_ca2(1),0.0,-1.2248035102855671e-33
formation_393126.8.peg.1747-MONOMER_mod_tl(4)_mod_mg2(1),0.0,3.2725084264735662e-34
formation_393126.8.peg.1747-MONOMER_mod_tl(4)_mod_mn2(1),0.0,1.568341470459013e-35
formation_393126.8.peg.1747-MONOMER_mod_tl(4)_mod_cobalt2(1),0.0,1.1203262391111393e-33
formation_393126.8.peg.1747-MONOMER_mod_tl(4)_mod_zn2(1),0.0,8.815615473606559e-35
formation_393126.8.peg.1747-MONOMER_mod_tl(4)_mod_cd2(1),0.0,-7.734757675252033e-34
formation_393126.8.peg.1747-MONOMER_mod_tl(4)_mod_ni2(1),0.0,2.0250448460316306e-34
formation_393126.8.peg.1747-MONOMER_mod_tl(4)_mod_ca2(1),0.0,-2.2705439809718353e-34
formation_393126.8.peg.1747-MONOMER_mod_cs(4)_mod_mg2(1),0.0,3.2725084264735662e-34
formation_393126.8.peg.1747-MONOMER_mod_cs(4)_mod_mn2(1),0.0,1.568341470459013e-35
formation_393126.8.peg.1747-MONOMER_mod_cs(4)_mod_cobalt2(1),0.0,1.1203262391111393e-33
formation_393126.8.peg.1747-MONOMER_mod_cs(4)_mod_zn2(1),0.0,8.815615473606559e-35
formation_393126.8.peg.1747-MONOMER_mod_cs(4)_mod_cd2(1),0.0,-7.734757675252033e-34
formation_393126.8.peg.1747-MONOMER_mod_cs(4)_mod_ni2(1),0.0,2.0250448460316306e-34
formation_393126.8.peg.1747-MONOMER_mod_cs(4)_mod_ca2(1),0.0,-2.2705439809718353e-34
formation_393126.8.peg.1747-MONOMER_mod_na1(4)_mod_mg2(1),0.0,-1.2765039301186837e-33
formation_393126.8.peg.1747-MONOMER_mod_na1(4)_mod_mn2(1),0.0,0.0
formation_393126.8.peg.1747-MONOMER_mod_na1(4)_mod_cobalt2(1),0.0,0.0
formation_393126.8.peg.1747-MONOMER_mod_na1(4)_mod_zn2(1),0.0,0.0
formation_393126.8.peg.1747-MONOMER_mod_na1(4)_mod_cd2(1),0.0,0.0
formation_393126.8.peg.1747-MONOMER_mod_na1(4)_mod_ni2(1),0.0,0.0
formation_393126.8.peg.1747-MONOMER_mod_na1(4)_mod_ca2(1),0.0,1.2577624117851204e-33
formation_393126.8.peg.1761-MONOMER_mod_zn2(1)_mod_cbl1(1),8.83554032547482e-07,1.7203186587253141e-34
formation_393126.8.peg.1096-MONOMER_mod_mg2(1),0.0,-1.50528970838375e-36
formation_393126.8.peg.1987-MONOMER_mod_mg2(1),2.6922626058859985e-10,1.4561977798447306e-33
formation_393126.8.peg.995-MONOMER_mod_mg2(1),0.0,4.322332311955931e-34
formation_393126.8.peg.1123-MONOMER_mod_mg2(1),0.0,-1.8110338944477829e-34
formation_393126.8.peg.1123-MONOMER_mod_mn2(1),0.0,0.0
formation_393126.8.peg.2014-MONOMER_mod_mg2(1),0.0,2.2688820691805875e-34
formation_393126.8.peg.2014-MONOMER_mod_mn2(1),0.0,1.7962336241963168e-34
formation_393126.8.peg.2014-MONOMER_mod_ca2(1),0.0,0.0
formation_393126.8.peg.1567-MONOMER_mod_mg2(1),1.896368095557089e-09,-1.2957861327126988e-32
formation_393126.8.peg.2111-MONOMER_mod_mg2(1),0.0,0.0
formation_393126.8.peg.1756-MONOMER_mod_hco3(1),7.861585682374505e-10,0.0
formation_393126.8.peg.1483-MONOMER_mod_glycyl(1),0.0,0.0
formation_393126.8.peg.2935-MONOMER_mod_pydx5p(1),0.0,-2.46306845863789e-32
formation_393126.8.peg.1917-MONOMER_mod_mg2(1),1.1003525042796445e-09,-3.442053136345093e-34
formation_393126.8.peg.1986-MONOMER_mod_mg2(1)_mod_k(1),0.0,0.0
formation_393126.8.peg.1986-MONOMER_mod_mg2(1)_mod_nh4(1),0.0,0.0
formation_393126.8.peg.1986-MONOMER_mod_mn2(1)_mod_k(1),8.518222631067051e-10,-2.730866613356694e-34
formation_393126.8.peg.1986-MONOMER_mod_mn2(1)_mod_nh4(1),0.0,-8.046735500679419e-35
formation_393126.8.peg.1651-MONOMER_mod_mg2(1),8.719960490584661e-07,1.027921421863268e-33
formation_393126.8.peg.2294-MONOMER_mod_23bpg(1),0.0,0.0
formation_393126.8.peg.2542-MONOMER_mod_mn2(1),4.633633535356889e-06,2.744094820439818e-34
formation_393126.8.peg.1472-MONOMER_mod_mg2(1),1.8842779545006175e-08,-1.8666255107674533e-34
formation_393126.8.peg.2562-MONOMER_mod_mg2(1),0.0,-3.4610192550313103e-34
formation_393126.8.peg.948-MONOMER_mod_mg2(1),7.820984030579344e-10,3.602745644794686e-36
formation_393126.8.peg.851-MONOMER_mod_thmpp(1),0.0,6.763580702265959e-34
formation_393126.8.peg.743-MONOMER_mod_mg2(1)_mod_thmpp(1)_mod_fad(1),0.0,0.0
formation_393126.8.peg.1634-MONOMER_mod_zn2(1),1.1055843749385915e-09,0.0
formation_393126.8.peg.1911-MONOMER_mod_fmn(1),3.568977189578295e-10,0.0
formation_393126.8.peg.1911-MONOMER_mod_mg2(1),0.0,0.0
formation_393126.8.peg.2040-MONOMER_mod_mn2(1),3.38626206569319e-08,-2.4787128225820907e-34
formation_393126.8.peg.1849-MONOMER_mod_mg2(1),0.0,0.0
formation_393126.8.peg.1852-MONOMER_mod_k(1)_mod_mg2(1),0.0,-6.301780456939671e-35
formation_393126.8.peg.1854-MONOMER_mod_mg2(1),0.0,-4.848644522997622e-34
formation_393126.8.peg.201-MONOMER_mod_mg2(1)_mod_pi(1),0.0,1.1927533405357275e-34
formation_393126.8.peg.201-MONOMER_mod_mn2(1)_mod_pi(1),0.0,-1.1929459035253278e-34
formation_393126.8.peg.2138-MONOMER_mod_mg2(1),5.775232377323633e-10,0.0
formation_393126.8.peg.1650-MONOMER_mod_mg2(1)_mod_k(1),0.0,-2.3093731839650743e-33
formation_393126.8.peg.1650-MONOMER_mod_mn2(1)_mod_k(1),6.45884725257989e-07,0.0
formation_393126.8.peg.2112-MONOMER_mod_4fe4s(1),0.0,4.867846165091856e-35
formation_393126.8.peg.2957-MONOMER_mod_mn2(1),3.486063723655062e-08,0.0
formation_393126.8.peg.2958-MONOMER_mod_mg2(1),8.951784335056369e-08,0.0
formation_393126.8.peg.2956-MONOMER_mod_k(1)_mod_zn2(1),4.888251491321334e-08,-5.600205644282907e-34
formation_393126.8.peg.1758-MONOMER_mod_mg2(1)_mod_mn2(1)_mod_thmpp(1),1.0119739043434112e-09,-9.969955458674615e-34
formation_393126.8.peg.1834-MONOMER_mod_mg2(1),0.0,-2.2395668771535007e-35
formation_393126.8.peg.1834-MONOMER_mod_mn2(1),0.0,0.0
formation_393126.8.peg.1834-MONOMER_mod_cobalt2(1),1.7319258151327615e-08,1.9489604439012286e-35
formation_393126.8.peg.1834-MONOMER_mod_fe2(1),0.0,0.0
formation_393126.8.peg.1834-MONOMER_mod_ca2(1),0.0,0.0
formation_393126.8.peg.1834-MONOMER_mod_k(1),0.0,2.8423518571846867e-35
formation_393126.8.peg.1517-MONOMER_mod_mn2(1),0.0,0.0
formation_393126.8.peg.1113-MONOMER_mod_nad(1),0.0,-7.317457544056704e-35
formation_393126.8.peg.311-MONOMER_mod_pydx5p(1),4.561893379355471e-08,-5.701203479260245e-34
formation_393126.8.peg.1593-MONOMER_mod_pydx5p(2),0.0,0.0
formation_393126.8.peg.2756-MONOMER_mod_thmpp(1)_mod_mn2(1)_mod_mg2(1),0.0,0.0
formation_393126.8.peg.348-MONOMER_mod_thmpp(1),0.0,0.0
formation_393126.8.peg.1960-MONOMER_mod_mg2(1),5.7955896813166396e-09,1.90530134636317e-34
formation_393126.8.peg.324-MONOMER_mod_mg2(1),0.0,2.7447911207263438e-36
formation_CPLX_TRPS1-0_mod_pydx5p(1),1.2916638153624406e-09,-1.0031166703129265e-31
formation_393126.8.peg.2627-MONOMER_mod_nad(1),0.0,0.0
formation_393126.8.peg.2564-MONOMER_mod_nad(1),3.5941427937394215e-08,-5.248127271903428e-34
formation_393126.8.peg.2123-MONOMER_mod_k(1)_mod_mg2(1),0.0,1.1733453368457943e-34
formation_393126.8.peg.1685-MONOMER_mod_mg2(1),0.0,0.0
formation_393126.8.peg.1498-MONOMER_mod_fad(1),0.0,0.0
formation_393126.8.peg.2894-MONOMER_mod_hemed(6),0.0,1.368236069655917e-29
formation_393126.8.peg.1080-MONOMER_mod_fe2(1),6.9565250682782206e-09,-3.689642415597312e-32
formation_393126.8.peg.1253-MONOMER_mod_mg2(1),1.594812760464596e-10,3.4230965059532036e-34
formation_393126.8.peg.1551-MONOMER_mod_zn2(4),2.3257200542045618e-11,-1.1728404427763124e-33
formation_393126.8.peg.1623-MONOMER_mod_zn2(2),4.410266812325498e-10,7.941341313124723e-34
formation_393126.8.peg.1836-MONOMER_mod_4fe4s(1),7.177525401906717e-12,1.4895619374082246e-34
formation_393126.8.peg.1890-MONOMER_mod_mg2(2),4.306515241144035e-11,-1.7068099171890104e-34
formation_393126.8.peg.1892-MONOMER_mod_pan4p(1),3.786329726635199e-07,0.0
formation_393126.8.peg.1909-MONOMER_mod_mg2(1)_mod_k(1),6.9565250682782206e-09,-1.9428233665498e-34
formation_RNAP-CPLX_mod_zn2(1)_mod_mg2(2),2.7210302565350823e-07,-3.236091870367489e-33
formation_393126.8.peg.1928-MONOMER_mod_mg2(1),2.153257620572013e-11,0.0
formation_393126.8.peg.1958-MONOMER_mod_zn2(2),7.177525401906717e-12,3.490584597281308e-32
formation_393126.8.peg.2063-MONOMER_mod_zn2(2),0.0,0.0
formation_393126.8.peg.216-MONOMER_mod_mg2(1),2.0386405739124316e-10,0.0
formation_393126.8.peg.232-MONOMER_mod_mg2(6),7.974063802322971e-11,0.0
formation_393126.8.peg.232-MONOMER_mod_lys__L(1),0.0,0.0
formation_393126.8.peg.496-MONOMER_mod_4fe4s(1),7.177525401906717e-12,-8.474679923122995e-35
393126.8.peg.168-MONOMER_to_generic_16Sm4Cm1402,0.0,-0.5090248553182463
393126.8.peg.2128-MONOMER_to_generic_16Sm4Cm1402,7.177525401906717e-12,0.0
RNA_LMKG_RS01155_to_generic_16s_rRNAs,0.0,-0.0271137490715046
RNA_LMKG_RS01215_to_generic_16s_rRNAs,0.0,-0.01852477207538254
RNA_LMKG_RS08855_to_generic_16s_rRNAs,0.0,-2.8116480453667766e-32
RNA_LMKG_RS09350_to_generic_16s_rRNAs,0.0,-0.0271137490715046
RNA_LMKG_RS12385_to_generic_16s_rRNAs,0.0,0.0
RNA_LMKG_RS13560_to_generic_16s_rRNAs,8.296212122981203e-06,0.0
RNA_LMKG_RS01160_to_generic_23s_rRNAs,0.0,-0.003945660938200998
RNA_LMKG_RS01220_to_generic_23s_rRNAs,8.296212122981203e-06,2.0702806635308258e-32
RNA_LMKG_RS08850_to_generic_23s_rRNAs,0.0,-0.003945660938200998
RNA_LMKG_RS09345_to_generic_23s_rRNAs,0.0,2.0702806635308258e-32
RNA_LMKG_RS12370_to_generic_23s_rRNAs,0.0,2.0702806635308258e-32
RNA_LMKG_RS13545_to_generic_23s_rRNAs,0.0,2.0702806635308258e-32
RNA_LMKG_RS01165_to_generic_5s_rRNAs,8.296212122981203e-06,0.0
RNA_LMKG_RS01225_to_generic_5s_rRNAs,0.0,1.270645402942245e-33
RNA_LMKG_RS08845_to_generic_5s_rRNAs,0.0,0.0
RNA_LMKG_RS09340_to_generic_5s_rRNAs,0.0,0.0
RNA_LMKG_RS12365_to_generic_5s_rRNAs,0.0,0.0
RNA_LMKG_RS13540_to_generic_5s_rRNAs,0.0,0.0
393126.8.peg.231-MONOMER_to_generic_Dus,0.0,0.0
393126.8.peg.232-MONOMER_to_generic_LYSINEaaRS,0.0,-0.07787538061956951
393126.8.peg.232-MONOMER_mod_lys__L(1)_to_generic_LYSINEaaRS,0.0,-0.0026993273795782318
393126.8.peg.232-MONOMER_mod_mg2(6)_to_generic_LYSINEaaRS,7.974063802322971e-11,0.0
CPLX_pbiosynthesis-0_to_generic_LYSINEaaRS,0.0,-54.99164082198421
CPLX_pbiosynthesis-1_to_generic_LYSINEaaRS,0.0,-52.26135076578186
CPLX_pbiosynthesis-2_to_generic_LYSINEaaRS,0.0,-51.35156389027264
CPLX_pbiosynthesis-3_to_generic_LYSINEaaRS,0.0,-51.311271800707374
393126.8.peg.2597-MONOMER_to_generic_RF,0.0,-0.1563812846957337
393126.8.peg.2635-MONOMER_to_generic_RF,6.263368879836964e-09,0.0
393126.8.peg.1253-MONOMER_to_generic_RNase,0.0,-0.012979230103261586
393126.8.peg.1253-MONOMER_mod_mg2(1)_to_generic_RNase,1.594812760464596e-10,1.796583686278158e-34
393126.8.peg.2063-MONOMER_to_generic_RNase,0.0,-0.663197018742287
393126.8.peg.2063-MONOMER_mod_zn2(2)_to_generic_RNase,0.0,-0.5864896530845862
393126.8.peg.2749-MONOMER_to_generic_Tuf,8.359519640493669e-07,0.0
393126.8.peg.1536-MONOMER_to_generic_gly_c_ligase,0.0,-1.0588886809386064
393126.8.peg.1537-MONOMER_to_generic_gly_c_ligase,5.922299396764786e-08,1.388342288736484e-34
CPLX_pbiosynthesis-0_to_generic_gly_c_ligase,0.0,-55.518075220520096
CPLX_pbiosynthesis-1_to_generic_gly_c_ligase,0.0,-52.78778516431775
CPLX_pbiosynthesis-2_to_generic_gly_c_ligase,0.0,-51.87799828880852
CPLX_pbiosynthesis-3_to_generic_gly_c_ligase,0.0,-51.83770619924326
393126.8.peg.1235-MONOMER_to_generic_phe_ligase,3.2215435567713924e-08,0.0
393126.8.peg.1236-MONOMER_to_generic_phe_ligase,0.0,-3.0205606354232772
CPLX_pbiosynthesis-0_to_generic_phe_ligase,0.0,-55.50283086834088
CPLX_pbiosynthesis-1_to_generic_phe_ligase,0.0,-52.77254081213852
CPLX_pbiosynthesis-2_to_generic_phe_ligase,0.0,-51.862753936629304
CPLX_pbiosynthesis-3_to_generic_phe_ligase,0.0,-51.82246184706404
transcription_RNA_dummy,2.209543085867984e-05,3.225437864725883e-32
DM_RNA_dummy,0.0,-97.04989295700409
translation_dummy,0.0012383434121089384,-9.067145822784149e-33
formation_CPLX_dummy,3.309785197897208e-05,0.0
dummy_protein_to_mass,0.001205245560129954,0.0
formation_CPLX_dummy_mod_2fe2s(1),0.0,0.0
formation_CPLX_dummy_mod_4fe4s(1),1.2419371667778388e-17,0.0
12DGR180ti_REV_CPLX_dummy,0.0,-1.7303138578205756e-06
12DGR180ti_FWD_CPLX_dummy,0.008416277057963184,1.141060491924908e-40
12PPDSDH_REV_393126.8.peg.1166-MONOMER,0.0,1.7115795791342562e-06
12PPDSDH_FWD_393126.8.peg.1166-MONOMER,0.0,-3.1377174231272604e-09
12PPDSDH_REV_393126.8.peg.1165-MONOMER,0.0,1.0346505418252272e-06
12PPDSDH_FWD_393126.8.peg.1165-MONOMER,0.0,-6.800667547321563e-07
12PPDSDH_REV_393126.8.peg.1167-MONOMER,0.0,1.7147172965573834e-06
12PPDSDH_FWD_393126.8.peg.1167-MONOMER,0.0,1.3003871088851535e-40
12PPDt_REV_CPLX_dummy,0.14898579,0.0
12PPDt_FWD_CPLX_dummy,0.0,-1.7303138578205756e-06
23DHMPO_REV_393126.8.peg.2072-MONOMER_mod_mg2(1),0.0,-1.2325035679554915e-06
23DHMPO_FWD_393126.8.peg.2072-MONOMER_mod_mg2(1),0.0,-1.2325035679554915e-06
2AHBUTI_REV_393126.8.peg.2072-MONOMER_mod_mg2(1),0.0,-2.465007135910983e-06
2AHBUTI_FWD_393126.8.peg.2072-MONOMER_mod_mg2(1),0.0,-7.928004789691768e-37
2HMCOXT_REV_393126.8.peg.2658-MONOMER,1000.0,-2.6648519890024277e-38
2HMCOXT_FWD_393126.8.peg.2658-MONOMER,1000.0,6.780922130419107e-07
2INSD_REV_393126.8.peg.2250-MONOMER,0.0,1.3203474605502342e-06
2INSD_FWD_393126.8.peg.2250-MONOMER,0.0,-6.135818467674724e-37
2MBCOATA_REV_393126.8.peg.1894-MONOMER,0.0,-3.508859903100054e-06
2MBCOATA_FWD_393126.8.peg.1894-MONOMER,0.01683255411592637,9.638520018726247e-36
2MEBCOADH_REV_393126.8.peg.1451-MONOMER,0.01683255411592637,-7.242811593229451e-36
2MEBCOADH_FWD_393126.8.peg.1451-MONOMER,0.0,-3.145366293293829e-06
3HAD100_REV_393126.8.peg.2614-MONOMER,0.0,-5.8100598183249e-07
3HAD100_FWD_393126.8.peg.2614-MONOMER,0.0,-2.1302462390352453e-35
3HAD10M11_REV_393126.8.peg.2614-MONOMER,0.0,-4.21813809833064e-07
3HAD10M11_FWD_393126.8.peg.2614-MONOMER,0.0,7.690187520828889e-36
3HAD10M12_REV_393126.8.peg.2614-MONOMER,0.0,-4.21813809833064e-07
3HAD10M12_FWD_393126.8.peg.2614-MONOMER,0.01683255411592637,3.394369093016074e-35
3HAD11M12_REV_393126.8.peg.2614-MONOMER,0.0,-4.21813809833064e-07
3HAD11M12_FWD_393126.8.peg.2614-MONOMER,0.01683255411592637,1.6441355323939506e-35
3HAD120_REV_393126.8.peg.2614-MONOMER,0.0,-6.047244976205679e-07
3HAD120_FWD_393126.8.peg.2614-MONOMER,0.0,-3.800126784131218e-36
3HAD12M13_REV_393126.8.peg.2614-MONOMER,0.0,-4.21813809833064e-07
3HAD12M13_FWD_393126.8.peg.2614-MONOMER,0.0,-1.0609802822817294e-36
3HAD12M14_REV_393126.8.peg.2614-MONOMER,0.0,-4.21813809833064e-07
3HAD12M14_FWD_393126.8.peg.2614-MONOMER,0.01683255411592637,3.394369093016074e-35
3HAD13M14_REV_393126.8.peg.2614-MONOMER,0.0,-4.21813809833064e-07
3HAD13M14_FWD_393126.8.peg.2614-MONOMER,0.01683255411592637,3.394369093016074e-35
3HAD140_REV_393126.8.peg.2614-MONOMER,0.0,-6.284466752190568e-07
3HAD140_FWD_393126.8.peg.2614-MONOMER,0.0,-2.1302462390352453e-35
3HAD14M15_REV_393126.8.peg.2614-MONOMER,0.0,-4.21813809833064e-07
3HAD14M15_FWD_393126.8.peg.2614-MONOMER,-9.097314685005562e-25,-1.0609802822817294e-36
3HAD14M16_REV_393126.8.peg.2614-MONOMER,0.0,-4.21813809833064e-07
3HAD14M16_FWD_393126.8.peg.2614-MONOMER,0.01683255411592637,3.394369093016074e-35
3HAD15M16_REV_393126.8.peg.2614-MONOMER,0.0,-4.21813809833064e-07
3HAD15M16_FWD_393126.8.peg.2614-MONOMER,0.01683255411592637,3.394369093016074e-35
3HAD160_REV_393126.8.peg.2614-MONOMER,0.0,-6.521651918475748e-07
3HAD160_FWD_393126.8.peg.2614-MONOMER,0.0,-3.800126784131218e-36
3HAD180_REV_393126.8.peg.2614-MONOMER,0.0,-6.521652730944594e-07
3HAD180_FWD_393126.8.peg.2614-MONOMER,0.0,-2.1302462390352453e-35
3HAD40_REV_393126.8.peg.2614-MONOMER,0.0,-6.343758832288248e-07
3HAD40_FWD_393126.8.peg.2614-MONOMER,0.0,-3.800126784131218e-36
3HAD4M5_REV_393126.8.peg.2614-MONOMER,0.0,-4.21813809833064e-07
3HAD4M5_FWD_393126.8.peg.2614-MONOMER,0.0,3.3146036192735797e-36
3HAD4M6_REV_393126.8.peg.2614-MONOMER,0.0,-4.21813809833064e-07
3HAD4M6_FWD_393126.8.peg.2614-MONOMER,0.01683255411592637,-1.0609802822817294e-36
3HAD5M6_REV_393126.8.peg.2614-MONOMER,0.0,-4.21813809833064e-07
3HAD5M6_FWD_393126.8.peg.2614-MONOMER,0.01683255411592637,-1.0609802822817294e-36
3HAD60_REV_393126.8.peg.2614-MONOMER,0.0,-5.335690733775332e-07
3HAD60_FWD_393126.8.peg.2614-MONOMER,0.0,-1.2551294587241835e-35
3HAD6M7_REV_393126.8.peg.2614-MONOMER,0.0,-4.21813809833064e-07
3HAD6M7_FWD_393126.8.peg.2614-MONOMER,0.0,3.3146036192735797e-36
3HAD6M8_REV_393126.8.peg.2614-MONOMER,0.0,-4.21813809833064e-07
3HAD6M8_FWD_393126.8.peg.2614-MONOMER,0.01683255411592637,5.144602653638198e-35
3HAD7M8_REV_393126.8.peg.2614-MONOMER,0.0,-4.21813809833064e-07
3HAD7M8_FWD_393126.8.peg.2614-MONOMER,0.01683255411592637,1.6441355323939506e-35
3HAD80_REV_393126.8.peg.2614-MONOMER,0.0,-5.572875070848355e-07
3HAD80_FWD_393126.8.peg.2614-MONOMER,0.0,-1.2551294587241835e-35
3HAD8M10_REV_393126.8.peg.2614-MONOMER,0.0,-4.21813809833064e-07
3HAD8M10_FWD_393126.8.peg.2614-MONOMER,0.01683255411592637,1.6441355323939506e-35
3HAD8M9_REV_393126.8.peg.2614-MONOMER,0.0,-4.21813809833064e-07
3HAD8M9_FWD_393126.8.peg.2614-MONOMER,0.0,7.690187520828889e-36
3HAD9M10_REV_393126.8.peg.2614-MONOMER,0.0,-4.21813809833064e-07
3HAD9M10_FWD_393126.8.peg.2614-MONOMER,0.01683255411592637,3.394369093016074e-35
3MEBCOADH_REV_393126.8.peg.1451-MONOMER,0.01683255411592637,-7.242811593229451e-36
3MEBCOADH_FWD_393126.8.peg.1451-MONOMER,0.0,-3.145366293293829e-06
3MOBDC2_REV_CPLX_3MOBDC2-0,0.0,0.09767832886728865
3MOBDC2_FWD_CPLX_3MOBDC2-0,0.0,-0.0976806543930192
3MOBS_REV_393126.8.peg.2073-MONOMER,3.300682765187963e-18,6.156053610070886e-35
3MOBS_FWD_393126.8.peg.2073-MONOMER,3.300682765187963e-18,-6.155916336310239e-35
3MOPDC2_REV_CPLX_3MOBDC2-0,0.0,-2.3255257305439234e-06
3MOPDC2_FWD_CPLX_3MOBDC2-0,0.03366510823185274,5.617125753651765e-36
3OAR100_REV_393126.8.peg.1470-MONOMER,0.0,6.365486863501634e-35
3OAR100_FWD_393126.8.peg.1470-MONOMER,0.0,-2.0451129776771517e-06
3OAR100_REV_393126.8.peg.1893-MONOMER,0.0,-5.202103099300569e-07
3OAR100_FWD_393126.8.peg.1893-MONOMER,0.0,-2.565323287607209e-06
3OAR100_REV_393126.8.peg.350-MONOMER,0.0,-5.275347762058956e-07
3OAR100_FWD_393126.8.peg.350-MONOMER,0.0,-2.5726477538830476e-06
3OAR10M11_REV_393126.8.peg.1470-MONOMER,0.0,-1.8799897058071534e-06
3OAR10M11_FWD_393126.8.peg.1470-MONOMER,0.0,-6.766803617040226e-35
3OAR10M11_REV_393126.8.peg.1893-MONOMER,0.0,-2.4002000157372105e-06
3OAR10M11_FWD_393126.8.peg.1893-MONOMER,0.0,-5.202103099300569e-07
3OAR10M11_REV_393126.8.peg.350-MONOMER,0.0,-2.4075244820130493e-06
3OAR10M11_FWD_393126.8.peg.350-MONOMER,0.0,-5.275347762058956e-07
3OAR10M12_REV_393126.8.peg.1470-MONOMER,0.0,-1.8799897058071534e-06
3OAR10M12_FWD_393126.8.peg.1470-MONOMER,0.01683255411592637,-3.483730996904762e-35
3OAR10M12_REV_393126.8.peg.1893-MONOMER,0.0,-2.4002000157372105e-06
3OAR10M12_FWD_393126.8.peg.1893-MONOMER,0.0,-5.202103099300569e-07
3OAR10M12_REV_393126.8.peg.350-MONOMER,0.0,-2.4075244820130493e-06
3OAR10M12_FWD_393126.8.peg.350-MONOMER,0.0,-5.275347762058956e-07
3OAR11M12_REV_393126.8.peg.1470-MONOMER,0.0,-1.8799897058071534e-06
3OAR11M12_FWD_393126.8.peg.1470-MONOMER,0.01683255411592637,-3.483730996904762e-35
3OAR11M12_REV_393126.8.peg.1893-MONOMER,0.0,-2.4002000157372105e-06
3OAR11M12_FWD_393126.8.peg.1893-MONOMER,0.0,-5.202103099300569e-07
3OAR11M12_REV_393126.8.peg.350-MONOMER,0.0,-2.4075244820130493e-06
3OAR11M12_FWD_393126.8.peg.350-MONOMER,0.0,-5.275347762058956e-07
3OAR120_REV_393126.8.peg.1470-MONOMER,0.0,-1.1691412547243425e-34
3OAR120_FWD_393126.8.peg.1470-MONOMER,0.0,-2.0688314934652297e-06
3OAR120_REV_393126.8.peg.1893-MONOMER,0.0,-5.202103099300569e-07
3OAR120_FWD_393126.8.peg.1893-MONOMER,0.0,-2.589041803395287e-06
3OAR120_REV_393126.8.peg.350-MONOMER,0.0,-5.275347762058956e-07
3OAR120_FWD_393126.8.peg.350-MONOMER,0.0,-2.596366269671125e-06
3OAR12M13_REV_393126.8.peg.1470-MONOMER,0.0,-1.8799897058071534e-06
3OAR12M13_FWD_393126.8.peg.1470-MONOMER,0.0,3.082414243366169e-35
3OAR12M13_REV_393126.8.peg.1893-MONOMER,0.0,-2.4002000157372105e-06
3OAR12M13_FWD_393126.8.peg.1893-MONOMER,0.0,-5.202103099300569e-07
3OAR12M13_REV_393126.8.peg.350-MONOMER,0.0,-2.4075244820130493e-06
3OAR12M13_FWD_393126.8.peg.350-MONOMER,0.0,-5.275347762058956e-07
3OAR12M14_REV_393126.8.peg.1470-MONOMER,0.0,-1.8799897058071534e-06
3OAR12M14_FWD_393126.8.peg.1470-MONOMER,0.01683255411592637,-6.766803617040226e-35
3OAR12M14_REV_393126.8.peg.1893-MONOMER,0.0,-2.4002000157372105e-06
3OAR12M14_FWD_393126.8.peg.1893-MONOMER,0.0,-5.202103099300569e-07
3OAR12M14_REV_393126.8.peg.350-MONOMER,0.0,-2.4075244820130493e-06
3OAR12M14_FWD_393126.8.peg.350-MONOMER,0.0,-5.275347762058956e-07
3OAR13M14_REV_393126.8.peg.1470-MONOMER,0.0,-1.8799897058071534e-06
3OAR13M14_FWD_393126.8.peg.1470-MONOMER,0.01683255411592637,-6.766803617040226e-35
3OAR13M14_REV_393126.8.peg.1893-MONOMER,0.0,-2.4002000157372105e-06
3OAR13M14_FWD_393126.8.peg.1893-MONOMER,0.0,-5.202103099300569e-07
3OAR13M14_REV_393126.8.peg.350-MONOMER,0.0,-2.4075244820130493e-06
3OAR13M14_FWD_393126.8.peg.350-MONOMER,0.0,-5.275347762058956e-07
3OAR140_REV_393126.8.peg.1470-MONOMER,0.0,-2.092551860677977e-06
3OAR140_FWD_393126.8.peg.1470-MONOMER,0.0,-5.125267306972495e-35
3OAR140_REV_393126.8.peg.1893-MONOMER,0.0,-2.612762170608034e-06
3OAR140_FWD_393126.8.peg.1893-MONOMER,0.0,-5.202103099300569e-07
3OAR140_REV_393126.8.peg.350-MONOMER,0.0,-2.620086636883873e-06
3OAR140_FWD_393126.8.peg.350-MONOMER,0.0,-5.275347762058956e-07
3OAR14M15_REV_393126.8.peg.1470-MONOMER,9.097314685005562e-25,6.365486863501634e-35
3OAR14M15_FWD_393126.8.peg.1470-MONOMER,0.0,-1.8799897058071534e-06
3OAR14M15_REV_393126.8.peg.1893-MONOMER,0.0,-5.202103099300569e-07
3OAR14M15_FWD_393126.8.peg.1893-MONOMER,0.0,-2.4002000157372105e-06
3OAR14M15_REV_393126.8.peg.350-MONOMER,0.0,-5.275347762058956e-07
3OAR14M15_FWD_393126.8.peg.350-MONOMER,0.0,-2.4075244820130493e-06
3OAR14M16_REV_393126.8.peg.1470-MONOMER,0.0,-1.8799897058071534e-06
3OAR14M16_FWD_393126.8.peg.1470-MONOMER,0.01683255411592637,-3.483730996904762e-35
3OAR14M16_REV_393126.8.peg.1893-MONOMER,0.0,-2.4002000157372105e-06
3OAR14M16_FWD_393126.8.peg.1893-MONOMER,0.0,-5.202103099300569e-07
3OAR14M16_REV_393126.8.peg.350-MONOMER,0.0,-2.4075244820130493e-06
3OAR14M16_FWD_393126.8.peg.350-MONOMER,0.0,-5.275347762058956e-07
3OAR15M16_REV_393126.8.peg.1470-MONOMER,0.0,-1.8799897058071534e-06
3OAR15M16_FWD_393126.8.peg.1470-MONOMER,0.01683255411592637,-2.0065837676929636e-36
3OAR15M16_REV_393126.8.peg.1893-MONOMER,0.0,-2.4002000157372105e-06
3OAR15M16_FWD_393126.8.peg.1893-MONOMER,0.0,-5.202103099300569e-07
3OAR15M16_REV_393126.8.peg.350-MONOMER,0.0,-2.4075244820130493e-06
3OAR15M16_FWD_393126.8.peg.350-MONOMER,0.0,-5.275347762058956e-07
3OAR160_REV_393126.8.peg.1470-MONOMER,0.0,4.7239505534339014e-35
3OAR160_FWD_393126.8.peg.1470-MONOMER,0.0,-2.116272187692237e-06
3OAR160_REV_393126.8.peg.1893-MONOMER,0.0,-5.202103099300569e-07
3OAR160_FWD_393126.8.peg.1893-MONOMER,0.0,-2.6364824976222935e-06
3OAR160_REV_393126.8.peg.350-MONOMER,0.0,-5.275347762058956e-07
3OAR160_FWD_393126.8.peg.350-MONOMER,0.0,-2.6438069638981323e-06
3OAR180_REV_393126.8.peg.1470-MONOMER,0.0,-1.842194686837029e-35
3OAR180_FWD_393126.8.peg.1470-MONOMER,0.0,-2.1162722689391213e-06
3OAR180_REV_393126.8.peg.1893-MONOMER,0.0,-5.202103099300569e-07
3OAR180_FWD_393126.8.peg.1893-MONOMER,0.0,-2.636482578869178e-06
3OAR180_REV_393126.8.peg.350-MONOMER,0.0,-5.275347762058956e-07
3OAR180_FWD_393126.8.peg.350-MONOMER,0.0,-2.6438070451450167e-06
3OAR40_REV_393126.8.peg.1470-MONOMER,0.0,4.7239505534339014e-35
3OAR40_FWD_393126.8.peg.1470-MONOMER,0.0,-2.0984828790734866e-06
3OAR40_REV_393126.8.peg.1893-MONOMER,0.0,-5.202103099300569e-07
3OAR40_FWD_393126.8.peg.1893-MONOMER,0.0,-2.6186931890035438e-06
3OAR40_REV_393126.8.peg.350-MONOMER,0.0,-5.275347762058956e-07
3OAR40_FWD_393126.8.peg.350-MONOMER,0.0,-2.626017655279382e-06
3OAR4M5_REV_393126.8.peg.1470-MONOMER,0.0,-1.8799897058071534e-06
3OAR4M5_FWD_393126.8.peg.1470-MONOMER,0.0,-2.0065837676929636e-36
3OAR4M5_REV_393126.8.peg.1893-MONOMER,0.0,-2.4002000157372105e-06
3OAR4M5_FWD_393126.8.peg.1893-MONOMER,0.0,-5.202103099300569e-07
3OAR4M5_REV_393126.8.peg.350-MONOMER,0.0,-2.4075244820130493e-06
3OAR4M5_FWD_393126.8.peg.350-MONOMER,0.0,-5.275347762058956e-07
3OAR4M6_REV_393126.8.peg.1470-MONOMER,0.0,-1.8799897058071534e-06
3OAR4M6_FWD_393126.8.peg.1470-MONOMER,0.01683255411592637,-6.766803617040226e-35
3OAR4M6_REV_393126.8.peg.1893-MONOMER,0.0,-2.4002000157372105e-06
3OAR4M6_FWD_393126.8.peg.1893-MONOMER,0.0,-5.202103099300569e-07
3OAR4M6_REV_393126.8.peg.350-MONOMER,0.0,-2.4075244820130493e-06
3OAR4M6_FWD_393126.8.peg.350-MONOMER,0.0,-5.275347762058956e-07
3OAR5M6_REV_393126.8.peg.1470-MONOMER,0.0,-1.8799897058071534e-06
3OAR5M6_FWD_393126.8.peg.1470-MONOMER,0.01683255411592637,-6.766803617040226e-35
3OAR5M6_REV_393126.8.peg.1893-MONOMER,0.0,-2.4002000157372105e-06
3OAR5M6_FWD_393126.8.peg.1893-MONOMER,0.0,-5.202103099300569e-07
3OAR5M6_REV_393126.8.peg.350-MONOMER,0.0,-2.4075244820130493e-06
3OAR5M6_FWD_393126.8.peg.350-MONOMER,0.0,-5.275347762058956e-07
3OAR60_REV_393126.8.peg.1470-MONOMER,0.0,3.9031823984000355e-35
3OAR60_FWD_393126.8.peg.1470-MONOMER,0.0,-1.9976760692221952e-06
3OAR60_REV_393126.8.peg.1893-MONOMER,0.0,-5.202103099300569e-07
3OAR60_FWD_393126.8.peg.1893-MONOMER,0.0,-2.517886379152252e-06
3OAR60_REV_393126.8.peg.350-MONOMER,0.0,-5.275347762058956e-07
3OAR60_FWD_393126.8.peg.350-MONOMER,0.0,-2.5252108454280907e-06
3OAR6M7_REV_393126.8.peg.1470-MONOMER,0.0,-1.8799897058071534e-06
3OAR6M7_FWD_393126.8.peg.1470-MONOMER,0.0,-6.766803617040226e-35
3OAR6M7_REV_393126.8.peg.1893-MONOMER,0.0,-2.4002000157372105e-06
3OAR6M7_FWD_393126.8.peg.1893-MONOMER,0.0,-5.202103099300569e-07
3OAR6M7_REV_393126.8.peg.350-MONOMER,0.0,-2.4075244820130493e-06
3OAR6M7_FWD_393126.8.peg.350-MONOMER,0.0,-5.275347762058956e-07
3OAR6M8_REV_393126.8.peg.1470-MONOMER,0.0,-1.8799897058071534e-06
3OAR6M8_FWD_393126.8.peg.1470-MONOMER,0.01683255411592637,-1.3332948857311157e-34
3OAR6M8_REV_393126.8.peg.1893-MONOMER,0.0,-2.4002000157372105e-06
3OAR6M8_FWD_393126.8.peg.1893-MONOMER,0.0,-5.202103099300569e-07
3OAR6M8_REV_393126.8.peg.350-MONOMER,0.0,-2.4075244820130493e-06
3OAR6M8_FWD_393126.8.peg.350-MONOMER,0.0,-5.275347762058956e-07
3OAR7M8_REV_393126.8.peg.1470-MONOMER,0.0,-1.8799897058071534e-06
3OAR7M8_FWD_393126.8.peg.1470-MONOMER,0.01683255411592637,3.773526929388092e-33
3OAR7M8_REV_393126.8.peg.1893-MONOMER,0.0,-2.4002000157372105e-06
3OAR7M8_FWD_393126.8.peg.1893-MONOMER,0.0,-5.202103099300569e-07
3OAR7M8_REV_393126.8.peg.350-MONOMER,0.0,-2.4075244820130493e-06
3OAR7M8_FWD_393126.8.peg.350-MONOMER,0.0,-5.275347762058956e-07
3OAR80_REV_393126.8.peg.1470-MONOMER,0.0,3.9031823984000355e-35
3OAR80_FWD_393126.8.peg.1470-MONOMER,0.0,-2.021394502929497e-06
3OAR80_REV_393126.8.peg.1893-MONOMER,0.0,-5.202103099300569e-07
3OAR80_FWD_393126.8.peg.1893-MONOMER,0.0,-2.5416048128595542e-06
3OAR80_REV_393126.8.peg.350-MONOMER,0.0,-5.275347762058956e-07
3OAR80_FWD_393126.8.peg.350-MONOMER,0.0,-2.548929279135393e-06
3OAR8M10_REV_393126.8.peg.1470-MONOMER,0.0,-1.8799897058071534e-06
3OAR8M10_FWD_393126.8.peg.1470-MONOMER,0.01683255411592637,3.8391883817908015e-33
3OAR8M10_REV_393126.8.peg.1893-MONOMER,0.0,-2.4002000157372105e-06
3OAR8M10_FWD_393126.8.peg.1893-MONOMER,0.0,-5.202103099300569e-07
3OAR8M10_REV_393126.8.peg.350-MONOMER,0.0,-2.4075244820130493e-06
3OAR8M10_FWD_393126.8.peg.350-MONOMER,0.0,-5.275347762058956e-07
3OAR8M9_REV_393126.8.peg.1470-MONOMER,0.0,-1.8799897058071534e-06
3OAR8M9_FWD_393126.8.peg.1470-MONOMER,0.0,-6.766803617040226e-35
3OAR8M9_REV_393126.8.peg.1893-MONOMER,0.0,-2.4002000157372105e-06
3OAR8M9_FWD_393126.8.peg.1893-MONOMER,0.0,-5.202103099300569e-07
3OAR8M9_REV_393126.8.peg.350-MONOMER,0.0,-2.4075244820130493e-06
3OAR8M9_FWD_393126.8.peg.350-MONOMER,0.0,-5.275347762058956e-07
3OAR9M10_REV_393126.8.peg.1470-MONOMER,0.0,-1.8799897058071534e-06
3OAR9M10_FWD_393126.8.peg.1470-MONOMER,0.01683255411592637,-1.0049876237175693e-34
3OAR9M10_REV_393126.8.peg.1893-MONOMER,0.0,-2.4002000157372105e-06
3OAR9M10_FWD_393126.8.peg.1893-MONOMER,0.0,-5.202103099300569e-07
3OAR9M10_REV_393126.8.peg.350-MONOMER,0.0,-2.4075244820130493e-06
3OAR9M10_FWD_393126.8.peg.350-MONOMER,0.0,-5.275347762058956e-07
3OAS100_REV_CPLX_3OAS100-0,0.0,-4.261853427139627e-06
3OAS100_FWD_CPLX_3OAS100-0,0.0,-2.0648813398191076e-35
3OAS10M11_REV_CPLX_3OAS100-0,0.0,-4.1145188285918374e-06
3OAS10M11_FWD_CPLX_3OAS100-0,0.0,-5.803974875786811e-36
3OAS10M12_REV_CPLX_3OAS100-0,0.0,-4.1145188285918374e-06
3OAS10M12_FWD_CPLX_3OAS100-0,0.01683255411592637,-2.0648813398191076e-35
3OAS11M12_REV_CPLX_3OAS100-0,0.0,-4.1145188285918374e-06
3OAS11M12_FWD_CPLX_3OAS100-0,0.01683255411592637,9.040863646617453e-36
3OAS120_REV_CPLX_3OAS100-0,0.0,-4.2855719429277045e-06
3OAS120_FWD_CPLX_3OAS100-0,0.0,9.040863646617453e-36
3OAS12M13_REV_CPLX_3OAS100-0,0.0,-4.1145188285918374e-06
3OAS12M13_FWD_CPLX_3OAS100-0,-9.097314685005562e-25,9.040863646617453e-36
3OAS12M14_REV_CPLX_3OAS100-0,0.0,-4.1145188285918374e-06
3OAS12M14_FWD_CPLX_3OAS100-0,0.01683255411592637,9.040863646617453e-36
3OAS13M14_REV_CPLX_3OAS100-0,0.0,-4.1145188285918374e-06
3OAS13M14_FWD_CPLX_3OAS100-0,0.01683255411592637,9.040863646617453e-36
3OAS140_REV_CPLX_3OAS100-0,0.0,-4.309290499756277e-06
3OAS140_FWD_CPLX_3OAS100-0,0.0,-5.803974875786811e-36
3OAS160_REV_CPLX_3OAS100-0,0.0,-4.286057658942425e-06
3OAS160_FWD_CPLX_3OAS100-0,0.0,-4.695501883571149e-08
3OAS180_REV_CPLX_3OAS100-0,0.0,-4.3330127184015966e-06
3OAS180_FWD_CPLX_3OAS100-0,0.0,3.873054069142598e-35
3OAS2M3_REV_CPLX_3OAS100-0,0.0,-4.1145188285918374e-06
3OAS2M3_FWD_CPLX_3OAS100-0,0.0,-5.803974875786811e-36
3OAS3M4_REV_CPLX_3OAS100-0,0.0,-4.1145188285918374e-06
3OAS3M4_FWD_CPLX_3OAS100-0,0.01683255411592637,3.873054069142598e-35
3OAS4M3O6_REV_CPLX_3OAS100-0,0.0,-4.1145188285918374e-06
3OAS4M3O6_FWD_CPLX_3OAS100-0,0.01683255411592637,3.873054069142598e-35
3OAS4M5_REV_CPLX_3OAS100-0,0.0,-4.1145188285918374e-06
3OAS4M5_FWD_CPLX_3OAS100-0,0.0,9.040863646617453e-36
3OAS4M6_REV_CPLX_3OAS100-0,0.0,-4.1145188285918374e-06
3OAS4M6_FWD_CPLX_3OAS100-0,0.01683255411592637,2.3885702169021717e-35
3OAS5M6_REV_CPLX_3OAS100-0,0.0,-4.1145188285918374e-06
3OAS5M6_FWD_CPLX_3OAS100-0,0.01683255411592637,2.3885702169021717e-35
3OAS60_REV_CPLX_3OAS100-0,0.0,-4.21441651868467e-06
3OAS60_FWD_CPLX_3OAS100-0,0.0,-5.803974875786811e-36
3OAS6M7_REV_CPLX_3OAS100-0,0.0,-4.1145188285918374e-06
3OAS6M7_FWD_CPLX_3OAS100-0,0.0,-5.803974875786811e-36
3OAS6M8_REV_CPLX_3OAS100-0,0.0,-4.1145188285918374e-06
3OAS6M8_FWD_CPLX_3OAS100-0,0.01683255411592637,-2.0648813398191076e-35
3OAS7M8_REV_CPLX_3OAS100-0,0.0,-4.1145188285918374e-06
3OAS7M8_FWD_CPLX_3OAS100-0,0.01683255411592637,5.357537921383024e-35
3OAS80_REV_CPLX_3OAS100-0,0.0,-4.238134952391972e-06
3OAS80_FWD_CPLX_3OAS100-0,0.0,-1.3226394136988943e-35
3OAS8M10_REV_CPLX_3OAS100-0,0.0,-4.1145188285918374e-06
3OAS8M10_FWD_CPLX_3OAS100-0,0.01683255411592637,-5.803974875786811e-36
3OAS8M9_REV_CPLX_3OAS100-0,0.0,-4.1145188285918374e-06
3OAS8M9_FWD_CPLX_3OAS100-0,0.0,-5.803974875786811e-36
3OAS9M10_REV_CPLX_3OAS100-0,0.0,-4.1145188285918374e-06
3OAS9M10_FWD_CPLX_3OAS100-0,0.01683255411592637,9.040863646617453e-36
4HTHRS_REV_393126.8.peg.2638-MONOMER,0.0,-3.878747689742732e-06
4HTHRS_FWD_393126.8.peg.2638-MONOMER,0.0,-3.97632414134175e-37
4MOPDC2_REV_CPLX_3MOBDC2-0,0.0,0.01371802768373722
4MOPDC2_FWD_CPLX_3MOBDC2-0,0.0,-0.013720353209467764
5AIZCDC_REV_393126.8.peg.1860-MONOMER,0.0,5.317119602026999e-07
5AIZCDC_FWD_393126.8.peg.1860-MONOMER,0.0,-1.0251565836171138e-06
5AIZCDC_REV_393126.8.peg.1859-MONOMER,0.0,1.5568685438198138e-06
5AIZCDC_FWD_393126.8.peg.1859-MONOMER,0.0,7.541754635079658e-36
5DGCLURI_REV_393126.8.peg.393-MONOMER,0.0,-1.2120242825012987e-06
5DGCLURI_FWD_393126.8.peg.393-MONOMER,0.0,6.182969893641454e-41
5MTHCYST_REV_393126.8.peg.1764-MONOMER_mod_zn2(1),0.0,-2.6401009032578224e-06
5MTHCYST_FWD_393126.8.peg.1764-MONOMER_mod_zn2(1),0.0,-5.0541697745414445e-36
6PHBG_REV_393126.8.peg.265-MONOMER,0.0,-1.5915048890611359e-06
6PHBG_FWD_393126.8.peg.265-MONOMER,0.0,-6.227634439489805e-07
6PHBG_REV_393126.8.peg.19-MONOMER,0.0,-1.2605638290136383e-06
6PHBG_FWD_393126.8.peg.19-MONOMER,0.0,-2.9182238390148297e-07
6PHBG_REV_393126.8.peg.2880-MONOMER,0.0,-1.294147334529189e-06
6PHBG_FWD_393126.8.peg.2880-MONOMER,0.0,-3.254058894170336e-07
6PHBG_REV_393126.8.peg.761-MONOMER,0.0,-9.687414451121555e-07
6PHBG_FWD_393126.8.peg.761-MONOMER,0.0,7.889354915800065e-36
6PHBG_REV_393126.8.peg.325-MONOMER,0.0,-1.6454478644541532e-06
6PHBG_FWD_393126.8.peg.325-MONOMER,0.0,-6.767064193419978e-07
6PHBG_REV_393126.8.peg.2870-MONOMER,0.0,-2.1583438438594014e-06
6PHBG_FWD_393126.8.peg.2870-MONOMER,0.0,-1.189602398747246e-06
6PHBG_REV_393126.8.peg.943-MONOMER,0.0,-1.2346876122016772e-06
6PHBG_FWD_393126.8.peg.943-MONOMER,0.0,-2.659461670895219e-07
6PHBG_REV_393126.8.peg.549-MONOMER,0.0,-1.3321303605682314e-06
6PHBG_FWD_393126.8.peg.549-MONOMER,0.0,-3.6338891545607585e-07
6PHBG_REV_393126.8.peg.534-MONOMER,0.0,-1.44332742632376e-06
6PHBG_FWD_393126.8.peg.534-MONOMER,0.0,-4.7458598121160455e-07
6PHBG_REV_393126.8.peg.275-MONOMER,0.0,-1.9794449749252585e-06
6PHBG_FWD_393126.8.peg.275-MONOMER,0.0,-1.0107035298131033e-06
6PHBG2_REV_393126.8.peg.265-MONOMER,0.0,-1.5915048890611359e-06
6PHBG2_FWD_393126.8.peg.265-MONOMER,0.0,-6.227634439489805e-07
6PHBG2_REV_393126.8.peg.19-MONOMER,0.0,-1.2605638290136383e-06
6PHBG2_FWD_393126.8.peg.19-MONOMER,0.0,-2.9182238390148297e-07
6PHBG2_REV_393126.8.peg.2880-MONOMER,0.0,-1.294147334529189e-06
6PHBG2_FWD_393126.8.peg.2880-MONOMER,0.0,-3.254058894170336e-07
6PHBG2_REV_393126.8.peg.761-MONOMER,0.0,-9.687414451121555e-07
6PHBG2_FWD_393126.8.peg.761-MONOMER,0.0,7.889354915800065e-36
6PHBG2_REV_393126.8.peg.325-MONOMER,0.0,-1.6454478644541532e-06
6PHBG2_FWD_393126.8.peg.325-MONOMER,0.0,-6.767064193419978e-07
6PHBG2_REV_393126.8.peg.2870-MONOMER,0.0,-2.1583438438594014e-06
6PHBG2_FWD_393126.8.peg.2870-MONOMER,0.0,-1.189602398747246e-06
6PHBG2_REV_393126.8.peg.943-MONOMER,0.0,-1.2346876122016772e-06
6PHBG2_FWD_393126.8.peg.943-MONOMER,0.0,-2.659461670895219e-07
6PHBG2_REV_393126.8.peg.549-MONOMER,0.0,-1.3321303605682314e-06
6PHBG2_FWD_393126.8.peg.549-MONOMER,0.0,-3.6338891545607585e-07
6PHBG2_REV_393126.8.peg.534-MONOMER,0.0,-1.44332742632376e-06
6PHBG2_FWD_393126.8.peg.534-MONOMER,0.0,-4.7458598121160455e-07
6PHBG2_REV_393126.8.peg.275-MONOMER,0.0,-1.9794449749252585e-06
6PHBG2_FWD_393126.8.peg.275-MONOMER,0.0,-1.0107035298131033e-06
AACOAT_REV_393126.8.peg.360-MONOMER,0.0,0.013707879738708535
AACOAT_FWD_393126.8.peg.360-MONOMER,0.0,-0.013709515864462124
AACPS7_REV_CPLX_dummy,0.0,0.013711467024478716
AACPS7_FWD_CPLX_dummy,0.0,-0.013713359500687512
AB6PGH_REV_393126.8.peg.265-MONOMER,0.0,-1.5915048890611359e-06
AB6PGH_FWD_393126.8.peg.265-MONOMER,0.0,-6.227634439489805e-07
AB6PGH_REV_393126.8.peg.19-MONOMER,0.0,-1.2605638290136383e-06
AB6PGH_FWD_393126.8.peg.19-MONOMER,0.0,-2.9182238390148297e-07
AB6PGH_REV_393126.8.peg.2880-MONOMER,0.0,-1.294147334529189e-06
AB6PGH_FWD_393126.8.peg.2880-MONOMER,0.0,-3.254058894170336e-07
AB6PGH_REV_393126.8.peg.761-MONOMER,0.0,-9.687414451121555e-07
AB6PGH_FWD_393126.8.peg.761-MONOMER,0.0,-2.360870865785991e-36
AB6PGH_REV_393126.8.peg.325-MONOMER,0.0,-1.6454478644541532e-06
AB6PGH_FWD_393126.8.peg.325-MONOMER,0.0,-6.767064193419978e-07
AB6PGH_REV_393126.8.peg.2870-MONOMER,0.0,-2.1583438438594014e-06
AB6PGH_FWD_393126.8.peg.2870-MONOMER,0.0,-1.189602398747246e-06
AB6PGH_REV_393126.8.peg.943-MONOMER,0.0,-1.2346876122016772e-06
AB6PGH_FWD_393126.8.peg.943-MONOMER,0.0,-2.659461670895219e-07
AB6PGH_REV_393126.8.peg.549-MONOMER,0.0,-1.3321303605682314e-06
AB6PGH_FWD_393126.8.peg.549-MONOMER,0.0,-3.6338891545607585e-07
AB6PGH_REV_393126.8.peg.534-MONOMER,0.0,-1.44332742632376e-06
AB6PGH_FWD_393126.8.peg.534-MONOMER,0.0,-4.7458598121160455e-07
AB6PGH_REV_393126.8.peg.275-MONOMER,0.0,-1.9794449749252585e-06
AB6PGH_FWD_393126.8.peg.275-MONOMER,0.0,-1.0107035298131033e-06
AB6PGH2_REV_393126.8.peg.265-MONOMER,0.0,-1.5915048890611359e-06
AB6PGH2_FWD_393126.8.peg.265-MONOMER,0.0,-6.227634439489805e-07
AB6PGH2_REV_393126.8.peg.19-MONOMER,0.0,-1.2605638290136383e-06
AB6PGH2_FWD_393126.8.peg.19-MONOMER,0.0,-2.9182238390148297e-07
AB6PGH2_REV_393126.8.peg.2880-MONOMER,0.0,-1.294147334529189e-06
AB6PGH2_FWD_393126.8.peg.2880-MONOMER,0.0,-3.254058894170336e-07
AB6PGH2_REV_393126.8.peg.761-MONOMER,0.0,-9.687414451121555e-07
AB6PGH2_FWD_393126.8.peg.761-MONOMER,0.0,-2.360870865785991e-36
AB6PGH2_REV_393126.8.peg.325-MONOMER,0.0,-1.6454478644541532e-06
AB6PGH2_FWD_393126.8.peg.325-MONOMER,0.0,-6.767064193419978e-07
AB6PGH2_REV_393126.8.peg.2870-MONOMER,0.0,-2.1583438438594014e-06
AB6PGH2_FWD_393126.8.peg.2870-MONOMER,0.0,-1.189602398747246e-06
AB6PGH2_REV_393126.8.peg.943-MONOMER,0.0,-1.2346876122016772e-06
AB6PGH2_FWD_393126.8.peg.943-MONOMER,0.0,-2.659461670895219e-07
AB6PGH2_REV_393126.8.peg.549-MONOMER,0.0,-1.3321303605682314e-06
AB6PGH2_FWD_393126.8.peg.549-MONOMER,0.0,-3.6338891545607585e-07
AB6PGH2_REV_393126.8.peg.534-MONOMER,0.0,-1.44332742632376e-06
AB6PGH2_FWD_393126.8.peg.534-MONOMER,0.0,-4.7458598121160455e-07
AB6PGH2_REV_393126.8.peg.275-MONOMER,0.0,-1.9794449749252585e-06
AB6PGH2_FWD_393126.8.peg.275-MONOMER,0.0,-1.0107035298131033e-06
ABTOXy_REV_393126.8.peg.845-MONOMER,0.0,-2.1470909401947866e-06
ABTOXy_FWD_393126.8.peg.845-MONOMER,0.0,9.79656048444268e-35
ACACCTr_REV_393126.8.peg.2260-MONOMER,0.0,-3.3774754291919015e-37
ACACCTr_FWD_393126.8.peg.2260-MONOMER,0.0,-3.341380032603342e-06
ACACT1r_REV_393126.8.peg.1492-MONOMER,0.0,2.2117043528937117e-40
ACACT1r_FWD_393126.8.peg.1492-MONOMER,0.0,2.2117043528937117e-40
ACACT1r_REV_393126.8.peg.1491-MONOMER,0.0,-1.3004787697293937e-06
ACACT1r_FWD_393126.8.peg.1491-MONOMER,0.0,-1.3004787697293937e-06
ACACT2r_REV_393126.8.peg.1492-MONOMER,3.754208630863132e-18,2.2117043528937117e-40
ACACT2r_FWD_393126.8.peg.1492-MONOMER,3.754208630863132e-18,2.2117043528937117e-40
ACACT2r_REV_393126.8.peg.1491-MONOMER,0.0,-1.3004787697293937e-06
ACACT2r_FWD_393126.8.peg.1491-MONOMER,0.0,-1.3004787697293937e-06
ACACT3r_REV_393126.8.peg.1492-MONOMER,0.0,2.2117043528937117e-40
ACACT3r_FWD_393126.8.peg.1492-MONOMER,0.0,2.2117043528937117e-40
ACACT3r_REV_393126.8.peg.1491-MONOMER,0.0,-1.3004787697293937e-06
ACACT3r_FWD_393126.8.peg.1491-MONOMER,0.0,-1.3004787697293937e-06
ACACT4r_REV_393126.8.peg.1492-MONOMER,0.0,2.2117043528937117e-40
ACACT4r_FWD_393126.8.peg.1492-MONOMER,0.0,2.2117043528937117e-40
ACACT4r_REV_393126.8.peg.1491-MONOMER,0.0,-1.3004787697293937e-06
ACACT4r_FWD_393126.8.peg.1491-MONOMER,0.0,-1.3004787697293937e-06
ACACT5r_REV_393126.8.peg.1492-MONOMER,0.0,2.2117043528937117e-40
ACACT5r_FWD_393126.8.peg.1492-MONOMER,0.0,2.2117043528937117e-40
ACACT5r_REV_393126.8.peg.1491-MONOMER,0.0,-1.3004787697293937e-06
ACACT5r_FWD_393126.8.peg.1491-MONOMER,0.0,-1.3004787697293937e-06
ACACT6r_REV_393126.8.peg.1492-MONOMER,0.0,2.2117043528937117e-40
ACACT6r_FWD_393126.8.peg.1492-MONOMER,0.0,2.2117043528937117e-40
ACACT6r_REV_393126.8.peg.1491-MONOMER,0.0,-1.3004787697293937e-06
ACACT6r_FWD_393126.8.peg.1491-MONOMER,0.0,-1.3004787697293937e-06
ACACT7r_REV_393126.8.peg.1492-MONOMER,0.0,2.2117043528937117e-40
ACACT7r_FWD_393126.8.peg.1492-MONOMER,0.0,2.2117043528937117e-40
ACACT7r_REV_393126.8.peg.1491-MONOMER,0.0,-1.3004787697293937e-06
ACACT7r_FWD_393126.8.peg.1491-MONOMER,0.0,-1.3004787697293937e-06
ACALD_REV_393126.8.peg.1715-MONOMER_mod_fe2(1),4.6865420967829206,9.832214318664238e-34
ACALD_FWD_393126.8.peg.1715-MONOMER_mod_fe2(1),0.0,-9.002935471673211e-06
ACALDt_REV_CPLX_dummy,0.0,-1.1638817017634062e-36
ACALDt_FWD_CPLX_dummy,0.0,-1.7303138578205756e-06
ACBIPGT_REV_393126.8.peg.1159-MONOMER,0.0,-1.6116418177831744e-06
ACBIPGT_FWD_393126.8.peg.1159-MONOMER,0.0,1.951648985744001e-35
ACCOACL_REV_CPLX_ACCOACL-0,0.0,-2.2545008931694912e-06
ACCOACL_FWD_CPLX_ACCOACL-0,0.20199082414472636,-2.170359706788766e-34
ACEDIPIT_REV_393126.8.peg.1035-MONOMER,0.0,-1.1927969326262905e-36
ACEDIPIT_FWD_393126.8.peg.1035-MONOMER,0.0,-1.6503692075770767e-06
ACGAMT_REV_393126.8.peg.2608-MONOMER,0.0,-2.067719427376669e-06
ACGAMT_FWD_393126.8.peg.2608-MONOMER,0.0,-5.328939995018309e-35
ACGAMT_REV_393126.8.peg.986-MONOMER_mod_mg2(1),0.0,-2.1821412811342153e-06
ACGAMT_FWD_393126.8.peg.986-MONOMER_mod_mg2(1),0.0,-1.1442185375754609e-07
ACGApts_REV_393126.8.peg.1032-MONOMER,0.0,-2.1881923955467904e-06
ACGApts_FWD_393126.8.peg.1032-MONOMER,1.0,-1.6952222389186584e-36
ACGK_REV_393126.8.peg.1669-MONOMER_mod_mg2(1),0.0,-4.0189386444096994e-06
ACGK_FWD_393126.8.peg.1669-MONOMER_mod_mg2(1),0.0,-1.4480450546287074e-35
ACGS_REV_393126.8.peg.1670-MONOMER,0.0,0.013702740692297766
ACGS_FWD_393126.8.peg.1670-MONOMER,0.0,-0.013702969062215936
ACHBPL_REV_CPLX_ACHBPL-0,0.0,-3.0957120076986848e-06
ACHBPL_FWD_CPLX_ACHBPL-0,1.8300815844637806e-22,-1.0063912202799805e-34
ACKr_REV_393126.8.peg.1661-MONOMER,6.655620675679679,5.047387605749331e-34
ACKr_FWD_393126.8.peg.1661-MONOMER,0.0,-1.692895967542746e-06
ACLDC_REV_393126.8.peg.2078-MONOMER,0.0,2.192522144906853e-05
ACLDC_FWD_393126.8.peg.2078-MONOMER,0.0,-2.306644469598613e-05
ACLS_a_REV_CPLX_ACHBPL-0,0.0,0.013676388229285295
ACLS_a_FWD_CPLX_ACHBPL-0,0.0,-0.013679483941292994
ACLS_b_REV_CPLX_ACHBPL-0,0.0,-3.0957120076986848e-06
ACLS_b_FWD_CPLX_ACHBPL-0,1.8300815844637806e-22,-2.2369780812836933e-35
ACOAAGPAT140_REV_393126.8.peg.1730-MONOMER,0.0,-4.4433925712375376e-07
ACOAAGPAT140_FWD_393126.8.peg.1730-MONOMER,0.0,3.548656674402904e-37
ACOAAGPAT160_REV_393126.8.peg.1730-MONOMER,0.0,-4.4433925712375376e-07
ACOAAGPAT160_FWD_393126.8.peg.1730-MONOMER,0.0,-2.3918038579257032e-35
ACOAAGPAT180_REV_393126.8.peg.1730-MONOMER,0.0,0.06165819373898112
ACOAAGPAT180_FWD_393126.8.peg.1730-MONOMER,0.0,-0.061658638078238244
ACOAAGPATAI15_REV_393126.8.peg.1730-MONOMER,0.0,-4.4433925712375376e-07
ACOAAGPATAI15_FWD_393126.8.peg.1730-MONOMER,0.0,-3.9482504720908296e-35
ACOAAGPATAI17_REV_393126.8.peg.1730-MONOMER,0.0,-4.4433925712375376e-07
ACOAAGPATAI17_FWD_393126.8.peg.1730-MONOMER,0.008416277057963184,2.462776991413761e-35
ACOAAGPATI14_REV_393126.8.peg.1730-MONOMER,0.0,-4.4433925712375376e-07
ACOAAGPATI14_FWD_393126.8.peg.1730-MONOMER,4.548657342502781e-25,1.8741054990998527e-36
ACOAAGPATI15_REV_393126.8.peg.1730-MONOMER,0.0,-4.4433925712375376e-07
ACOAAGPATI15_FWD_393126.8.peg.1730-MONOMER,0.0,-1.8804199610904222e-35
ACOAAGPATI16_REV_393126.8.peg.1730-MONOMER,0.0,0.023965803200620656
ACOAAGPATI16_FWD_393126.8.peg.1730-MONOMER,0.0,-0.02396624753987778
ACOAAGPATI17_REV_393126.8.peg.1730-MONOMER,0.0,-4.4433925712375376e-07
ACOAAGPATI17_FWD_393126.8.peg.1730-MONOMER,0.008416277057963184,2.462776991413761e-35
ACOATA_REV_CPLX_3OAS100-0,0.0,-4.099694213780203e-06
ACOATA_FWD_CPLX_3OAS100-0,0.0,-1.297678103629369e-35
ACOCT_REV_393126.8.peg.1667-MONOMER,0.0,-2.7408707474784273e-06
ACOCT_FWD_393126.8.peg.1667-MONOMER,0.0,-3.965769031161671e-38
ACODAr_REV_393126.8.peg.269-MONOMER_mod_zn2(1)_mod_cobalt2(1),0.0,-3.4278688036032315e-38
ACODAr_FWD_393126.8.peg.269-MONOMER_mod_zn2(1)_mod_cobalt2(1),0.0,-2.1887313115937587e-06
ACONT_REV_393126.8.peg.1723-MONOMER_mod_4fe4s(1),0.0,-4.512412767062739e-06
ACONT_FWD_393126.8.peg.1723-MONOMER_mod_4fe4s(1),0.0,-3.935264627642402e-36
ACONTa_REV_393126.8.peg.1723-MONOMER_mod_4fe4s(1),0.0,-2.2562063835313697e-06
ACONTa_FWD_393126.8.peg.1723-MONOMER_mod_4fe4s(1),0.0,-2.2562063835313697e-06
ACONTb_REV_393126.8.peg.1723-MONOMER_mod_4fe4s(1),0.0,-4.512412767062739e-06
ACONTb_FWD_393126.8.peg.1723-MONOMER_mod_4fe4s(1),0.0,1.491826702661837e-36
ACOTA_REV_393126.8.peg.1668-MONOMER_mod_pydx5p(1),0.0,-1.4789305173235348e-06
ACOTA_FWD_393126.8.peg.1668-MONOMER_mod_pydx5p(1),0.0,-1.8185418850728425e-06
ACPS1_REV_393126.8.peg.910-MONOMER_mod_mg2(1),0.0,-9.741685053275314e-08
ACPS1_FWD_393126.8.peg.910-MONOMER_mod_mg2(1),0.0,-1.3203663373089415e-08
ACPS1_REV_393126.8.peg.910-MONOMER_mod_mn2(1),0.0,-8.421318715966373e-08
ACPS1_FWD_393126.8.peg.910-MONOMER_mod_mn2(1),0.0,-1.683569648992719e-35
ACTNDH_REV_CPLX_dummy,0.0,-1.0444534595128849e-35
ACTNDH_FWD_CPLX_dummy,0.0,-1.7303138578205756e-06
ACTNdiff_REV_CPLX_dummy,0.0,-2.0986384567482907e-36
ACTNdiff_FWD_CPLX_dummy,0.0,-1.7303138578205756e-06
ACt2r_REV_CPLX_dummy,7.655620675679679,2.382534307139208e-37
ACt2r_FWD_CPLX_dummy,0.0,-1.7303138578205756e-06
ADCL_REV_393126.8.peg.2857-MONOMER,0.0,-1.3075247230606994e-06
ADCL_FWD_393126.8.peg.2857-MONOMER,0.0,-1.2346738066621183e-06
ADCL_REV_393126.8.peg.2856-MONOMER,0.0,-7.285091639858101e-08
ADCL_FWD_393126.8.peg.2856-MONOMER,0.00482209870086525,1.513906026479364e-35
ADCPS1_REV_393126.8.peg.1205-MONOMER,0.0,3.513315274837995e-07
ADCPS1_FWD_393126.8.peg.1205-MONOMER,0.0,-2.8636178520932155e-36
ADCPS2_REV_393126.8.peg.1205-MONOMER,0.0,3.513315274837995e-07
ADCPS2_FWD_393126.8.peg.1205-MONOMER,0.0,-2.8636178520932155e-36
ADCS_REV_393126.8.peg.2857-MONOMER,0.0,-1.3075247230606994e-06
ADCS_FWD_393126.8.peg.2857-MONOMER,0.0,-1.2346738066621183e-06
ADCS_REV_393126.8.peg.2855-MONOMER,0.0,-5.986297719373035e-07
ADCS_FWD_393126.8.peg.2855-MONOMER,0.0,-5.257788555387226e-07
ADCS_REV_393126.8.peg.1713-MONOMER,0.0,-6.24388485129384e-07
ADCS_FWD_393126.8.peg.1713-MONOMER,0.0,-5.51537568730803e-07
ADCS_REV_393126.8.peg.2856-MONOMER,0.0,-7.285091639858101e-08
ADCS_FWD_393126.8.peg.2856-MONOMER,0.00482209870086525,3.12541061271567e-35
ADCYRS_REV_393126.8.peg.1221-MONOMER,0.0,0.1849713988937047
ADCYRS_FWD_393126.8.peg.1221-MONOMER,0.0,-0.18496977266258352
ADD_REV_393126.8.peg.1826-MONOMER_mod_mn2(1),0.0,0.027401236855538347
ADD_FWD_393126.8.peg.1826-MONOMER_mod_mn2(1),0.0,-0.027404861513032886
ADK1_REV_393126.8.peg.2706-MONOMER_mod_mg2(1),0.0,-6.795554752615362e-07
ADK1_FWD_393126.8.peg.2706-MONOMER_mod_mg2(1),3.432007415875085,-1.1058233543124369e-35
ADK10_REV_393126.8.peg.2706-MONOMER_mod_mg2(1),0.011926799195250568,-1.0009332594403183e-35
ADK10_FWD_393126.8.peg.2706-MONOMER_mod_mg2(1),0.0,-6.795554752615362e-07
ADK11_REV_393126.8.peg.2706-MONOMER_mod_mg2(1),0.0,-6.795554752615362e-07
ADK11_FWD_393126.8.peg.2706-MONOMER_mod_mg2(1),0.0,-2.087649190882817e-35
ADK2_REV_393126.8.peg.2706-MONOMER_mod_mg2(1),8.83554032547482e-07,1.1724986034446795e-35
ADK2_FWD_393126.8.peg.2706-MONOMER_mod_mg2(1),0.0,-6.795554752615362e-07
ADK3_REV_393126.8.peg.2706-MONOMER_mod_mg2(1),1.9987416881382496,1.9069972641031456e-35
ADK3_FWD_393126.8.peg.2706-MONOMER_mod_mg2(1),0.0,-6.795554752615362e-07
ADK5_REV_393126.8.peg.2706-MONOMER_mod_mg2(1),0.1801443704675131,8.578267200218059e-37
ADK5_FWD_393126.8.peg.2706-MONOMER_mod_mg2(1),0.0,-6.795554752615362e-07
ADK7_REV_393126.8.peg.2706-MONOMER_mod_mg2(1),0.0,-6.795554752615362e-07
ADK7_FWD_393126.8.peg.2706-MONOMER_mod_mg2(1),0.0,-1.0009332594403183e-35
ADK8_REV_393126.8.peg.2706-MONOMER_mod_mg2(1),0.00736578015419262,1.1724986034446795e-35
ADK8_FWD_393126.8.peg.2706-MONOMER_mod_mg2(1),0.0,-6.795554752615362e-07
ADK9_REV_393126.8.peg.2706-MONOMER_mod_mg2(1),0.00736578015419262,-1.0009332594403183e-35
ADK9_FWD_393126.8.peg.2706-MONOMER_mod_mg2(1),0.0,-6.795554752615362e-07
ADMDCr_REV_CPLX_dummy,0.0,-1.7303138578205756e-06
ADMDCr_FWD_CPLX_dummy,0.0,-2.9335389723530117e-36
ADNCYC_REV_393126.8.peg.992-MONOMER,0.0,3.290009149520689e-06
ADNCYC_FWD_393126.8.peg.992-MONOMER,0.0,-1.1637918961076047e-35
ADOCBIK_REV_393126.8.peg.1159-MONOMER,0.0,-1.6116418177831744e-06
ADOCBIK_FWD_393126.8.peg.1159-MONOMER,0.0,7.378515147682963e-37
ADOCBIK2_REV_393126.8.peg.1159-MONOMER,0.0,-9.320863425216383e-07
ADOCBIK2_FWD_393126.8.peg.1159-MONOMER,0.0,-6.795554752615362e-07
ADOCBLS_REV_393126.8.peg.1160-MONOMER,0.0,-2.677464231971055e-06
ADOCBLS_FWD_393126.8.peg.1160-MONOMER,0.0,-2.079137159377134e-35
ADOCBLabc_REV_393126.8.peg.1103-MONOMER,0.0,-2.8255576798305124e-06
ADOCBLabc_FWD_393126.8.peg.1103-MONOMER,0.0016082497876542974,8.000767241402651e-36
ADPRDP_REV_393126.8.peg.500-MONOMER,0.0,2.218471350986134e-06
ADPRDP_FWD_393126.8.peg.500-MONOMER,0.0,-8.404585235072358e-07
ADPRDP_REV_393126.8.peg.2051-MONOMER_mod_mg2(1),0.0,3.05892987449337e-06
ADPRDP_FWD_393126.8.peg.2051-MONOMER_mod_mg2(1),0.0,-3.600825135240732e-35
ADPT_REV_393126.8.peg.1604-MONOMER_mod_mn2(1),0.0,0.013693592568626876
ADPT_FWD_393126.8.peg.1604-MONOMER_mod_mn2(1),0.0,-0.013694511104067799
ADPT_REV_393126.8.peg.1604-MONOMER_mod_mg2(1),0.0,0.01369358228749941
ADPT_FWD_393126.8.peg.1604-MONOMER_mod_mg2(1),0.0,-0.013694521385195264
ADSL1r_REV_393126.8.peg.1858-MONOMER,0.0,-1.7014054081465156e-06
ADSL1r_FWD_393126.8.peg.1858-MONOMER,0.027550515934628136,-7.097571595136998e-36
ADSL2r_REV_393126.8.peg.1858-MONOMER,0.0,-3.985471311728239e-36
ADSL2r_FWD_393126.8.peg.1858-MONOMER,0.0,-1.7014054081465156e-06
ADSS_REV_393126.8.peg.57-MONOMER_mod_mg2(1),0.0,-3.3827092289988003e-06
ADSS_FWD_393126.8.peg.57-MONOMER_mod_mg2(1),0.027550515934628136,-2.275802431681824e-34
AGDC_REV_393126.8.peg.2197-MONOMER_mod_zn2(1),0.0,-2.572327029161176e-06
AGDC_FWD_393126.8.peg.2197-MONOMER_mod_zn2(1),0.0,-7.443858612980659e-07
AGDC_REV_393126.8.peg.983-MONOMER,0.0,-1.8279411678631099e-06
AGDC_FWD_393126.8.peg.983-MONOMER,1.0,-2.6154681586102143e-36
AGMD_REV_393126.8.peg.39-MONOMER,0.0,8.279818887106238e-07
AGMD_FWD_393126.8.peg.39-MONOMER,0.0,-2.2330416119585596e-07
AGMD_REV_393126.8.peg.41-MONOMER,0.0,1.0512860499064797e-06
AGMD_FWD_393126.8.peg.41-MONOMER,0.0,4.500906492703396e-40
AGMT_REV_CPLX_dummy,0.0,-1.7303138578205756e-06
AGMT_FWD_CPLX_dummy,0.0,1.9668112063724803e-39
AGPAT120_REV_393126.8.peg.1730-MONOMER,0.0,-6.065016080999652e-07
AGPAT120_FWD_393126.8.peg.1730-MONOMER,0.0,-4.3398591425507515e-35
AGPAT140_REV_393126.8.peg.1730-MONOMER,0.0,-6.183627122917666e-07
AGPAT140_FWD_393126.8.peg.1730-MONOMER,0.0,-4.3398591425507515e-35
AGPAT141_REV_393126.8.peg.1730-MONOMER,0.0,-5.916901621368271e-07
AGPAT141_FWD_393126.8.peg.1730-MONOMER,0.0,-7.263762990888817e-36
AGPAT160_REV_393126.8.peg.1730-MONOMER,0.0,-6.183627122917666e-07
AGPAT160_FWD_393126.8.peg.1730-MONOMER,0.0,-7.263762990888817e-36
AGPAT161_REV_393126.8.peg.1730-MONOMER,0.0,-5.916901621368271e-07
AGPAT161_FWD_393126.8.peg.1730-MONOMER,0.0,-7.263762990888817e-36
AGPAT180_REV_393126.8.peg.1730-MONOMER,0.0,0.06165801971552595
AGPAT180_FWD_393126.8.peg.1730-MONOMER,0.0,-0.061658638078238244
AGPAT181_REV_393126.8.peg.1730-MONOMER,0.0,-5.916901621368271e-07
AGPAT181_FWD_393126.8.peg.1730-MONOMER,0.0,-7.263762990888817e-36
AGPR_REV_393126.8.peg.1671-MONOMER,0.0,-2.2109672065364666e-06
AGPR_FWD_393126.8.peg.1671-MONOMER,0.0,9.207791623781388e-35
AHCYSNS_r_REV_393126.8.peg.1573-MONOMER,0.0,-1.8175227746306853e-06
AHCYSNS_r_FWD_393126.8.peg.1573-MONOMER,0.00496313430695593,3.95122713549829e-35
AHSERL2_REV_393126.8.peg.1763-MONOMER,0.0,6.211617586917022e-07
AHSERL2_FWD_393126.8.peg.1763-MONOMER,0.0,-2.881410232309788e-06
AHSERL2_REV_393126.8.peg.609-MONOMER,0.0,2.3564125241874935e-07
AHSERL2_FWD_393126.8.peg.609-MONOMER,0.0,-3.266930738582741e-06
AHSERL3_REV_393126.8.peg.1763-MONOMER,0.00496313430695593,2.3850374737575603e-35
AHSERL3_FWD_393126.8.peg.1763-MONOMER,0.0,-2.881410232309788e-06
AHSERL3_REV_393126.8.peg.609-MONOMER,0.0,-3.855205062729529e-07
AHSERL3_FWD_393126.8.peg.609-MONOMER,0.0,-3.266930738582741e-06
AICART_REV_393126.8.peg.1850-MONOMER,0.0,-2.8102036655073307e-06
AICART_FWD_393126.8.peg.1850-MONOMER,0.0,-4.4655697767796265e-35
AIHDUDPMG_REV_CPLX_dummy,0.0,-1.7303138578205756e-06
AIHDUDPMG_FWD_CPLX_dummy,0.0014625560938293604,1.0328071115390796e-34
AIHDUPDG_REV_CPLX_dummy,0.0,-1.7303138578205756e-06
AIHDUPDG_FWD_CPLX_dummy,0.0014625560938293604,1.2905816456310208e-35
AIHPDCOATA_REV_393126.8.peg.1894-MONOMER,0.0,-3.508859903100054e-06
AIHPDCOATA_FWD_393126.8.peg.1894-MONOMER,0.01683255411592637,2.977504501691168e-35
AIPDCOATA_REV_393126.8.peg.1894-MONOMER,0.0,-3.508859903100054e-06
AIPDCOATA_FWD_393126.8.peg.1894-MONOMER,0.0,2.977504501691168e-35
AIRC4_REV_CPLX_AIRC4-0,0.0,0.013707134225276198
AIRC4_FWD_CPLX_AIRC4-0,0.0,-0.01370624168675008
AKP1_REV_CPLX_dummy,0.0,-1.7303138578205756e-06
AKP1_FWD_CPLX_dummy,0.00482209870086525,7.73039923271251e-35
ALAALA_REV_393126.8.peg.878-MONOMER,0.0,9.477501265550744e-07
ALAALA_FWD_393126.8.peg.878-MONOMER,0.0,-8.232244118409058e-36
ALAASP1c_REV_393126.8.peg.1431-MONOMER,0.0,-1.4445935496187276e-06
ALAASP1c_FWD_393126.8.peg.1431-MONOMER,0.0,1.3878467927493661e-36
ALAASP1c_REV_393126.8.peg.1793-MONOMER_mod_fe2(2),0.0,-1.8946942209152818e-06
ALAASP1c_FWD_393126.8.peg.1793-MONOMER_mod_fe2(2),0.0,-4.501006712965543e-07
ALAASPabc_REV_393126.8.peg.138-MONOMER,0.0,-2.837025213662128e-07
ALAASPabc_FWD_393126.8.peg.138-MONOMER,0.0,-1.8071188094295272e-06
ALAASPabc_REV_393126.8.peg.273-MONOMER,0.0,1.345008637797137e-06
ALAASPabc_FWD_393126.8.peg.273-MONOMER,0.0,-1.7840765026617753e-07
ALAASPabc_REV_393126.8.peg.2663-MONOMER,0.0,9.798836101541928e-07
ALAASPabc_FWD_393126.8.peg.2663-MONOMER,0.0,-5.435326779091215e-07
ALAASPabc_REV_393126.8.peg.2281-MONOMER,0.0,1.5234162880633143e-06
ALAASPabc_FWD_393126.8.peg.2281-MONOMER,0.0,1.5774657691160312e-35
ALAASPabc_REV_393126.8.peg.2131-MONOMER,0.0,2.3285138545187097e-07
ALAASPabc_FWD_393126.8.peg.2131-MONOMER,0.0,-1.2905649026114434e-06
ALAASPabc_REV_393126.8.peg.153-MONOMER,0.0,1.0626607349315913e-06
ALAASPabc_FWD_393126.8.peg.153-MONOMER,0.0,-4.6075555313172307e-07
ALAASPabc_REV_393126.8.peg.136-MONOMER,0.0,-4.0268772068779785e-07
ALAASPabc_FWD_393126.8.peg.136-MONOMER,0.0,-1.926104008751112e-06
ALAASPabc_REV_393126.8.peg.2280-MONOMER,0.0,6.438130723439886e-07
ALAASPabc_FWD_393126.8.peg.2280-MONOMER,0.0,-8.796032157193258e-07
ALAASPabc_REV_393126.8.peg.2282-MONOMER,0.0,1.1905239495562068e-06
ALAASPabc_FWD_393126.8.peg.2282-MONOMER,0.0,-3.328923385071077e-07
ALAASPabc_REV_393126.8.peg.2284-MONOMER,0.0,8.049066690141342e-07
ALAASPabc_FWD_393126.8.peg.2284-MONOMER,0.0,-7.185096190491803e-07
ALACI_REV_393126.8.peg.2072-MONOMER_mod_mg2(1),0.0,-1.4669336859304001e-36
ALACI_FWD_393126.8.peg.2072-MONOMER_mod_mg2(1),0.0,-2.465007135910983e-06
ALAD_R_REV_393126.8.peg.1659-MONOMER,0.0,-2.8796458539082354e-06
ALAD_R_FWD_393126.8.peg.1659-MONOMER,1.7775784414991989,-8.677257734334285e-35
ALAGLN1c_REV_393126.8.peg.1431-MONOMER,0.0,-1.4445935496187276e-06
ALAGLN1c_FWD_393126.8.peg.1431-MONOMER,0.0,-2.913811438858785e-36
ALAGLN1c_REV_393126.8.peg.1793-MONOMER_mod_fe2(2),0.0,-1.8946942209152818e-06
ALAGLN1c_FWD_393126.8.peg.1793-MONOMER_mod_fe2(2),0.0,-4.501006712965543e-07
ALAGLNabc_REV_393126.8.peg.138-MONOMER,0.0,-2.837025213662128e-07
ALAGLNabc_FWD_393126.8.peg.138-MONOMER,0.0,-1.8071188094295272e-06
ALAGLNabc_REV_393126.8.peg.273-MONOMER,0.0,1.345008637797137e-06
ALAGLNabc_FWD_393126.8.peg.273-MONOMER,0.0,-1.7840765026617753e-07
ALAGLNabc_REV_393126.8.peg.2663-MONOMER,0.0,9.798836101541928e-07
ALAGLNabc_FWD_393126.8.peg.2663-MONOMER,0.0,-5.435326779091215e-07
ALAGLNabc_REV_393126.8.peg.2281-MONOMER,0.0,1.5234162880633143e-06
ALAGLNabc_FWD_393126.8.peg.2281-MONOMER,0.0,1.5774657691160312e-35
ALAGLNabc_REV_393126.8.peg.2131-MONOMER,0.0,2.3285138545187097e-07
ALAGLNabc_FWD_393126.8.peg.2131-MONOMER,0.0,-1.2905649026114434e-06
ALAGLNabc_REV_393126.8.peg.153-MONOMER,0.0,1.0626607349315913e-06
ALAGLNabc_FWD_393126.8.peg.153-MONOMER,0.0,-4.6075555313172307e-07
ALAGLNabc_REV_393126.8.peg.136-MONOMER,0.0,-4.0268772068779785e-07
ALAGLNabc_FWD_393126.8.peg.136-MONOMER,0.0,-1.926104008751112e-06
ALAGLNabc_REV_393126.8.peg.2280-MONOMER,0.0,6.438130723439886e-07
ALAGLNabc_FWD_393126.8.peg.2280-MONOMER,0.0,-8.796032157193258e-07
ALAGLNabc_REV_393126.8.peg.2282-MONOMER,0.0,1.1905239495562068e-06
ALAGLNabc_FWD_393126.8.peg.2282-MONOMER,0.0,-3.328923385071077e-07
ALAGLNabc_REV_393126.8.peg.2284-MONOMER,0.0,8.049066690141342e-07
ALAGLNabc_FWD_393126.8.peg.2284-MONOMER,0.0,-7.185096190491803e-07
ALAGLU1c_REV_393126.8.peg.1431-MONOMER,0.0,-1.4445935496187276e-06
ALAGLU1c_FWD_393126.8.peg.1431-MONOMER,0.0,3.902824505662318e-36
ALAGLU1c_REV_393126.8.peg.1793-MONOMER_mod_fe2(2),0.0,-1.8946942209152818e-06
ALAGLU1c_FWD_393126.8.peg.1793-MONOMER_mod_fe2(2),0.0,-4.501006712965543e-07
ALAGLUabc_REV_393126.8.peg.138-MONOMER,0.0,-2.837025213662128e-07
ALAGLUabc_FWD_393126.8.peg.138-MONOMER,0.0,-1.8071188094295272e-06
ALAGLUabc_REV_393126.8.peg.273-MONOMER,0.0,1.345008637797137e-06
ALAGLUabc_FWD_393126.8.peg.273-MONOMER,0.0,-1.7840765026617753e-07
ALAGLUabc_REV_393126.8.peg.2663-MONOMER,0.0,9.798836101541928e-07
ALAGLUabc_FWD_393126.8.peg.2663-MONOMER,0.0,-5.435326779091215e-07
ALAGLUabc_REV_393126.8.peg.2281-MONOMER,0.0,1.5234162880633143e-06
ALAGLUabc_FWD_393126.8.peg.2281-MONOMER,0.0,2.7671729667406423e-35
ALAGLUabc_REV_393126.8.peg.2131-MONOMER,0.0,2.3285138545187097e-07
ALAGLUabc_FWD_393126.8.peg.2131-MONOMER,0.0,-1.2905649026114434e-06
ALAGLUabc_REV_393126.8.peg.153-MONOMER,0.0,1.0626607349315913e-06
ALAGLUabc_FWD_393126.8.peg.153-MONOMER,0.0,-4.6075555313172307e-07
ALAGLUabc_REV_393126.8.peg.136-MONOMER,0.0,-4.0268772068779785e-07
ALAGLUabc_FWD_393126.8.peg.136-MONOMER,0.0,-1.926104008751112e-06
ALAGLUabc_REV_393126.8.peg.2280-MONOMER,0.0,6.438130723439886e-07
ALAGLUabc_FWD_393126.8.peg.2280-MONOMER,0.0,-8.796032157193258e-07
ALAGLUabc_REV_393126.8.peg.2282-MONOMER,0.0,1.1905239495562068e-06
ALAGLUabc_FWD_393126.8.peg.2282-MONOMER,0.0,-3.328923385071077e-07
ALAGLUabc_REV_393126.8.peg.2284-MONOMER,0.0,8.049066690141342e-07
ALAGLUabc_FWD_393126.8.peg.2284-MONOMER,0.0,-7.185096190491803e-07
ALAGLY1c_REV_393126.8.peg.1431-MONOMER,0.0,-1.4445935496187276e-06
ALAGLY1c_FWD_393126.8.peg.1431-MONOMER,0.0,-2.0242160190418965e-36
ALAGLY1c_REV_393126.8.peg.1793-MONOMER_mod_fe2(2),0.0,-1.8946942209152818e-06
ALAGLY1c_FWD_393126.8.peg.1793-MONOMER_mod_fe2(2),0.0,-4.501006712965543e-07
ALAGLYabc_REV_393126.8.peg.138-MONOMER,0.0,-2.837025213662128e-07
ALAGLYabc_FWD_393126.8.peg.138-MONOMER,0.0,-1.8071188094295272e-06
ALAGLYabc_REV_393126.8.peg.273-MONOMER,0.0,1.345008637797137e-06
ALAGLYabc_FWD_393126.8.peg.273-MONOMER,0.0,-1.7840765026617753e-07
ALAGLYabc_REV_393126.8.peg.2663-MONOMER,0.0,9.798836101541928e-07
ALAGLYabc_FWD_393126.8.peg.2663-MONOMER,0.0,-5.435326779091215e-07
ALAGLYabc_REV_393126.8.peg.2281-MONOMER,0.0,1.5234162880633143e-06
ALAGLYabc_FWD_393126.8.peg.2281-MONOMER,0.0,1.5774657691160312e-35
ALAGLYabc_REV_393126.8.peg.2131-MONOMER,0.0,2.3285138545187097e-07
ALAGLYabc_FWD_393126.8.peg.2131-MONOMER,0.0,-1.2905649026114434e-06
ALAGLYabc_REV_393126.8.peg.153-MONOMER,0.0,1.0626607349315913e-06
ALAGLYabc_FWD_393126.8.peg.153-MONOMER,0.0,-4.6075555313172307e-07
ALAGLYabc_REV_393126.8.peg.136-MONOMER,0.0,-4.0268772068779785e-07
ALAGLYabc_FWD_393126.8.peg.136-MONOMER,0.0,-1.926104008751112e-06
ALAGLYabc_REV_393126.8.peg.2280-MONOMER,0.0,6.438130723439886e-07
ALAGLYabc_FWD_393126.8.peg.2280-MONOMER,0.0,-8.796032157193258e-07
ALAGLYabc_REV_393126.8.peg.2282-MONOMER,0.0,1.1905239495562068e-06
ALAGLYabc_FWD_393126.8.peg.2282-MONOMER,0.0,-3.328923385071077e-07
ALAGLYabc_REV_393126.8.peg.2284-MONOMER,0.0,8.049066690141342e-07
ALAGLYabc_FWD_393126.8.peg.2284-MONOMER,0.0,-7.185096190491803e-07
ALAHIS1c_REV_393126.8.peg.1431-MONOMER,0.0,2.2385632730223408e-36
ALAHIS1c_FWD_393126.8.peg.1431-MONOMER,0.0,-1.4445935496187276e-06
ALAHIS1c_REV_393126.8.peg.1793-MONOMER_mod_fe2(2),0.0,-4.501006712965543e-07
ALAHIS1c_FWD_393126.8.peg.1793-MONOMER_mod_fe2(2),0.0,-1.8946942209152818e-06
ALAHISabc_REV_393126.8.peg.138-MONOMER,0.0,1.1896743505673316e-05
ALAHISabc_FWD_393126.8.peg.138-MONOMER,0.0,-1.3987564836469057e-05
ALAHISabc_REV_393126.8.peg.273-MONOMER,0.0,1.3525454664836665e-05
ALAHISabc_FWD_393126.8.peg.273-MONOMER,0.0,-1.2358853677305706e-05
ALAHISabc_REV_393126.8.peg.2663-MONOMER,0.0,1.3160329637193722e-05
ALAHISabc_FWD_393126.8.peg.2663-MONOMER,0.0,-1.2723978704948651e-05
ALAHISabc_REV_393126.8.peg.2281-MONOMER,0.0,1.3703862315102843e-05
ALAHISabc_FWD_393126.8.peg.2281-MONOMER,0.0,-1.218044602703953e-05
ALAHISabc_REV_393126.8.peg.2131-MONOMER,0.0,1.24132974124914e-05
ALAHISabc_FWD_393126.8.peg.2131-MONOMER,0.0,-1.3471010929650973e-05
ALAHISabc_REV_393126.8.peg.153-MONOMER,0.0,1.324310676197112e-05
ALAHISabc_FWD_393126.8.peg.153-MONOMER,0.0,-1.2641201580171253e-05
ALAHISabc_REV_393126.8.peg.136-MONOMER,0.0,1.1777758306351732e-05
ALAHISabc_FWD_393126.8.peg.136-MONOMER,0.0,-1.4106550035790642e-05
ALAHISabc_REV_393126.8.peg.2280-MONOMER,0.0,1.2824259099383517e-05
ALAHISabc_FWD_393126.8.peg.2280-MONOMER,0.0,-1.3060049242758854e-05
ALAHISabc_REV_393126.8.peg.2282-MONOMER,0.0,1.3370969976595735e-05
ALAHISabc_FWD_393126.8.peg.2282-MONOMER,0.0,-1.2513338365546636e-05
ALAHISabc_REV_393126.8.peg.2284-MONOMER,0.0,1.2985352696053663e-05
ALAHISabc_FWD_393126.8.peg.2284-MONOMER,0.0,-1.2898955646088709e-05
ALALEU1c_REV_393126.8.peg.1431-MONOMER,2.3832022996975965e-23,2.762704701352874e-36
ALALEU1c_FWD_393126.8.peg.1431-MONOMER,0.0,-1.4445935496187276e-06
ALALEU1c_REV_393126.8.peg.1793-MONOMER_mod_fe2(2),0.0,-4.501006712965543e-07
ALALEU1c_FWD_393126.8.peg.1793-MONOMER_mod_fe2(2),0.0,-1.8946942209152818e-06
ALALEUabc_REV_393126.8.peg.138-MONOMER,0.0,1.1896743505673316e-05
ALALEUabc_FWD_393126.8.peg.138-MONOMER,0.0,-1.3987564836469057e-05
ALALEUabc_REV_393126.8.peg.273-MONOMER,0.0,1.3525454664836665e-05
ALALEUabc_FWD_393126.8.peg.273-MONOMER,0.0,-1.2358853677305706e-05
ALALEUabc_REV_393126.8.peg.2663-MONOMER,0.0,1.3160329637193722e-05
ALALEUabc_FWD_393126.8.peg.2663-MONOMER,0.0,-1.2723978704948651e-05
ALALEUabc_REV_393126.8.peg.2281-MONOMER,0.0,1.3703862315102843e-05
ALALEUabc_FWD_393126.8.peg.2281-MONOMER,0.0,-1.218044602703953e-05
ALALEUabc_REV_393126.8.peg.2131-MONOMER,0.0,1.24132974124914e-05
ALALEUabc_FWD_393126.8.peg.2131-MONOMER,0.0,-1.3471010929650973e-05
ALALEUabc_REV_393126.8.peg.153-MONOMER,0.0,1.324310676197112e-05
ALALEUabc_FWD_393126.8.peg.153-MONOMER,0.0,-1.2641201580171253e-05
ALALEUabc_REV_393126.8.peg.136-MONOMER,0.0,1.1777758306351732e-05
ALALEUabc_FWD_393126.8.peg.136-MONOMER,0.0,-1.4106550035790642e-05
ALALEUabc_REV_393126.8.peg.2280-MONOMER,0.0,1.2824259099383517e-05
ALALEUabc_FWD_393126.8.peg.2280-MONOMER,0.0,-1.3060049242758854e-05
ALALEUabc_REV_393126.8.peg.2282-MONOMER,0.0,1.3370969976595735e-05
ALALEUabc_FWD_393126.8.peg.2282-MONOMER,0.0,-1.2513338365546636e-05
ALALEUabc_REV_393126.8.peg.2284-MONOMER,0.0,1.2985352696053663e-05
ALALEUabc_FWD_393126.8.peg.2284-MONOMER,0.0,-1.2898955646088709e-05
ALAPGPL_REV_CPLX_ALAPGPL-0,0.0,1.5699857185171488e-06
ALAPGPL_FWD_CPLX_ALAPGPL-0,0.0,-1.0344768291985154e-33
ALAR_REV_393126.8.peg.911-MONOMER,0.8358915220573508,-3.708975740722575e-34
ALAR_FWD_393126.8.peg.911-MONOMER,0.0,-2.3633149133632345e-06
ALATA_D_REV_393126.8.peg.1700-MONOMER,0.0,-1.2742380796312259e-06
ALATA_D_FWD_393126.8.peg.1700-MONOMER,0.0,-2.9631644223348243e-37
ALATHR1c_REV_393126.8.peg.1431-MONOMER,0.0,-1.4445935496187276e-06
ALATHR1c_FWD_393126.8.peg.1431-MONOMER,0.0,2.9887904309062752e-36
ALATHR1c_REV_393126.8.peg.1793-MONOMER_mod_fe2(2),0.0,-1.8946942209152818e-06
ALATHR1c_FWD_393126.8.peg.1793-MONOMER_mod_fe2(2),0.0,-4.501006712965543e-07
ALATHRabc_REV_393126.8.peg.138-MONOMER,0.0,-2.837025213662128e-07
ALATHRabc_FWD_393126.8.peg.138-MONOMER,0.0,-1.8071188094295272e-06
ALATHRabc_REV_393126.8.peg.273-MONOMER,0.0,1.345008637797137e-06
ALATHRabc_FWD_393126.8.peg.273-MONOMER,0.0,-1.7840765026617753e-07
ALATHRabc_REV_393126.8.peg.2663-MONOMER,0.0,9.798836101541928e-07
ALATHRabc_FWD_393126.8.peg.2663-MONOMER,0.0,-5.435326779091215e-07
ALATHRabc_REV_393126.8.peg.2281-MONOMER,0.0,1.5234162880633143e-06
ALATHRabc_FWD_393126.8.peg.2281-MONOMER,0.0,1.5774657691160312e-35
ALATHRabc_REV_393126.8.peg.2131-MONOMER,0.0,2.3285138545187097e-07
ALATHRabc_FWD_393126.8.peg.2131-MONOMER,0.0,-1.2905649026114434e-06
ALATHRabc_REV_393126.8.peg.153-MONOMER,0.0,1.0626607349315913e-06
ALATHRabc_FWD_393126.8.peg.153-MONOMER,0.0,-4.6075555313172307e-07
ALATHRabc_REV_393126.8.peg.136-MONOMER,0.0,-4.0268772068779785e-07
ALATHRabc_FWD_393126.8.peg.136-MONOMER,0.0,-1.926104008751112e-06
ALATHRabc_REV_393126.8.peg.2280-MONOMER,0.0,6.438130723439886e-07
ALATHRabc_FWD_393126.8.peg.2280-MONOMER,0.0,-8.796032157193258e-07
ALATHRabc_REV_393126.8.peg.2282-MONOMER,0.0,1.1905239495562068e-06
ALATHRabc_FWD_393126.8.peg.2282-MONOMER,0.0,-3.328923385071077e-07
ALATHRabc_REV_393126.8.peg.2284-MONOMER,0.0,8.049066690141342e-07
ALATHRabc_FWD_393126.8.peg.2284-MONOMER,0.0,-7.185096190491803e-07
ALAt2r_REV_CPLX_dummy,0.0,-1.7303138578205756e-06
ALAt2r_FWD_CPLX_dummy,1.0,-6.841936011490458e-37
ALCD19_REV_393126.8.peg.1183-MONOMER,0.0,-2.674114894315058e-06
ALCD19_FWD_393126.8.peg.1183-MONOMER,0.0,1.211833029165722e-35
ALCD19_REV_393126.8.peg.795-MONOMER,0.0,-2.8598730333558286e-06
ALCD19_FWD_393126.8.peg.795-MONOMER,0.0,-1.857581390407704e-07
ALCD19_REV_393126.8.peg.1715-MONOMER_mod_fe2(1),0.0,-5.838525182994135e-06
ALCD19_FWD_393126.8.peg.1715-MONOMER_mod_fe2(1),0.0,-3.1644102886790767e-06
ALCD2x_REV_393126.8.peg.1183-MONOMER,4.851608013478004,-4.602789769287202e-34
ALCD2x_FWD_393126.8.peg.1183-MONOMER,0.0,-2.674114894315058e-06
ALCD2x_REV_393126.8.peg.795-MONOMER,0.0,-1.857581390407704e-07
ALCD2x_FWD_393126.8.peg.795-MONOMER,0.0,-2.8598730333558286e-06
ALCD2x_REV_393126.8.peg.1715-MONOMER_mod_fe2(1),0.0,-3.1644102886790767e-06
ALCD2x_FWD_393126.8.peg.1715-MONOMER_mod_fe2(1),0.0,-5.838525182994135e-06
ALCD4_REV_393126.8.peg.567-MONOMER,0.0,-2.194066082503948e-06
ALCD4_FWD_393126.8.peg.567-MONOMER,0.0,3.9126025257443345e-36
ALLTNt2r_REV_393126.8.peg.467-MONOMER,0.0,-3.7395640593324444e-37
ALLTNt2r_FWD_393126.8.peg.467-MONOMER,0.0,-5.563316417674973e-06
AMANAPEr_REV_393126.8.peg.2910-MONOMER,0.0,-1.4115595066944417e-06
AMANAPEr_FWD_393126.8.peg.2910-MONOMER,0.0,1.0670905879258123e-36
AMANK_REV_393126.8.peg.2873-MONOMER,0.0,0.04112566977648166
AMANK_FWD_393126.8.peg.2873-MONOMER,0.0,-0.0411247985786322
AMANK_REV_393126.8.peg.2905-MONOMER,0.0,0.04112386493799003
AMANK_FWD_393126.8.peg.2905-MONOMER,0.0,-0.04112660341712383
AMID_REV_393126.8.peg.286-MONOMER,0.0,4.88512721578981e-06
AMID_FWD_393126.8.peg.286-MONOMER,0.0,-4.1481636267957006e-06
AMID2_REV_393126.8.peg.286-MONOMER,0.0,4.88512721578981e-06
AMID2_FWD_393126.8.peg.286-MONOMER,0.0,-4.1481636267957006e-06
AMID4_REV_393126.8.peg.286-MONOMER,0.0,7.369635889941095e-07
AMID4_FWD_393126.8.peg.286-MONOMER,0.0,-8.12957838656365e-38
AMID5_REV_393126.8.peg.286-MONOMER,0.0,4.88512721578981e-06
AMID5_FWD_393126.8.peg.286-MONOMER,0.0,-4.1481636267957006e-06
AMMQT8r_REV_393126.8.peg.1384-MONOMER,0.0,-8.226182718519759e-07
AMMQT8r_FWD_393126.8.peg.1384-MONOMER,0.00160736623362175,-3.097769589136177e-35
AMPTASECG_REV_393126.8.peg.1431-MONOMER,0.0,1.3460954940747588e-05
AMPTASECG_FWD_393126.8.peg.1431-MONOMER,0.0,-1.4905548490366316e-05
AMPTASECG_REV_393126.8.peg.1793-MONOMER_mod_fe2(2),0.0,1.3010854269451033e-05
AMPTASECG_FWD_393126.8.peg.1793-MONOMER_mod_fe2(2),0.0,-1.535564916166287e-05
AMPTASEGC_REV_393126.8.peg.1431-MONOMER,0.0,1.3460954940747588e-05
AMPTASEGC_FWD_393126.8.peg.1431-MONOMER,0.0,-1.4905548490366316e-05
AMPTASEGC_REV_393126.8.peg.1793-MONOMER_mod_fe2(2),0.0,1.3010854269451033e-05
AMPTASEGC_FWD_393126.8.peg.1793-MONOMER_mod_fe2(2),0.0,-1.535564916166287e-05
ANPRT_REV_393126.8.peg.1712-MONOMER,0.0,-2.3434295116943577e-06
ANPRT_FWD_393126.8.peg.1712-MONOMER,0.004436240250273786,6.94991184501129e-35
ANS_REV_CPLX_ANS-0,0.0,-1.3837575486559992e-06
ANS_FWD_CPLX_ANS-0,0.004436240250273786,-9.264718644701685e-36
ANS2_REV_CPLX_ANS-0,0.0,-6.599709114579529e-07
ANS2_FWD_CPLX_ANS-0,0.0,-7.237866371980464e-07
AOBUTDs_REV_CPLX_dummy,0.0,-1.7303138578205756e-06
AOBUTDs_FWD_CPLX_dummy,0.0,-1.4874783919324517e-38
APAT_REV_393126.8.peg.1040-MONOMER,0.0,-2.2598410917095816e-35
APAT_FWD_393126.8.peg.1040-MONOMER,0.0,-3.4738854048088825e-06
ARBTpts_REV_CPLX_ARBTpts-3,0.0,-5.121245633799086e-07
ARBTpts_FWD_CPLX_ARBTpts-3,0.0,-2.2240260948277095e-07
ARBTpts_REV_CPLX_ARBTpts-22,0.0,-6.128178140517499e-07
ARBTpts_FWD_CPLX_ARBTpts-22,0.0,-3.230958601546123e-07
ARBTpts_REV_CPLX_ARBTpts-15,0.0,-4.953933146938081e-07
ARBTpts_FWD_CPLX_ARBTpts-15,0.0,-2.0567136079667054e-07
ARBTpts_REV_CPLX_ARBTpts-18,0.0,-6.036576882781489e-07
ARBTpts_FWD_CPLX_ARBTpts-18,0.0,-3.139357343810113e-07
ARBTpts_REV_CPLX_ARBTpts-2,0.0,-7.15717724937829e-07
ARBTpts_FWD_CPLX_ARBTpts-2,0.0,-4.2599577104069135e-07
ARBTpts_REV_CPLX_ARBTpts-19,0.0,-3.984540976438622e-07
ARBTpts_FWD_CPLX_ARBTpts-19,0.0,-1.0873214374672465e-07
ARBTpts_REV_CPLX_ARBTpts-7,0.0,-6.171984902574959e-07
ARBTpts_FWD_CPLX_ARBTpts-7,0.0,-3.2747653636035836e-07
ARBTpts_REV_CPLX_ARBTpts-17,0.0,-6.324580039927092e-07
ARBTpts_FWD_CPLX_ARBTpts-17,0.0,-3.427360500955716e-07
ARBTpts_REV_CPLX_ARBTpts-13,0.0,-2.897219538971376e-07
ARBTpts_FWD_CPLX_ARBTpts-13,0.0,8.412990522216362e-37
ARBTpts_REV_CPLX_ARBTpts-14,0.0,-7.433610149938362e-07
ARBTpts_FWD_CPLX_ARBTpts-14,0.0,-4.5363906109669856e-07
ARBTpts_REV_CPLX_ARBTpts-6,0.0,-5.213841178309247e-07
ARBTpts_FWD_CPLX_ARBTpts-6,0.0,-2.316621639337871e-07
ARBTpts_REV_CPLX_ARBTpts-10,0.0,-3.9840773492105703e-07
ARBTpts_FWD_CPLX_ARBTpts-10,0.0,-1.0868578102391941e-07
ARBTpts_REV_CPLX_ARBTpts-1,0.0,-5.043333412960655e-07
ARBTpts_FWD_CPLX_ARBTpts-1,0.0,-2.146113873989279e-07
ARBTpts_REV_CPLX_ARBTpts-23,0.0,-6.467189492504006e-07
ARBTpts_FWD_CPLX_ARBTpts-23,0.0,-3.5699699535326307e-07
ARBTpts_REV_CPLX_ARBTpts-12,0.0,-4.88257466517436e-07
ARBTpts_FWD_CPLX_ARBTpts-12,0.0,-1.9853551262029848e-07
ARBTpts_REV_CPLX_ARBTpts-16,0.0,-4.833329129499286e-07
ARBTpts_FWD_CPLX_ARBTpts-16,0.0,-1.93610959052791e-07
ARBTpts_REV_CPLX_ARBTpts-0,0.0,-7.861154261413671e-07
ARBTpts_FWD_CPLX_ARBTpts-0,0.0,-4.963934722442295e-07
ARBTpts_REV_CPLX_ARBTpts-5,0.0,-3.4930747543680287e-07
ARBTpts_FWD_CPLX_ARBTpts-5,0.0,-5.958552153966528e-08
ARBTpts_REV_CPLX_ARBTpts-4,0.0,-5.153429735977713e-07
ARBTpts_FWD_CPLX_ARBTpts-4,0.0,-2.2562101970063365e-07
ARBTpts_REV_CPLX_ARBTpts-8,0.0,-3.9252752336258616e-07
ARBTpts_FWD_CPLX_ARBTpts-8,0.0,-1.0280556946544856e-07
ARBTpts_REV_CPLX_ARBTpts-9,0.0,-5.954926035075444e-07
ARBTpts_FWD_CPLX_ARBTpts-9,0.0,-3.0577064961040677e-07
ARBTpts_REV_CPLX_ARBTpts-21,0.0,-9.192157791262787e-07
ARBTpts_FWD_CPLX_ARBTpts-21,0.0,-6.294938252291411e-07
ARBTpts_REV_CPLX_ARBTpts-20,0.0,-4.3063182507677405e-07
ARBTpts_FWD_CPLX_ARBTpts-20,0.0,-1.409098711796365e-07
ARBTpts_REV_CPLX_ARBTpts-11,0.0,-4.733619250681412e-07
ARBTpts_FWD_CPLX_ARBTpts-11,0.0,-1.8363997117100359e-07
ARBabc_REV_CPLX_ARBabc-3,0.0,-1.3832265289022921e-06
ARBabc_FWD_CPLX_ARBabc-3,0.0,-5.635113990930684e-07
ARBabc_REV_CPLX_ARBabc-0,0.0,-1.0256279484363396e-06
ARBabc_FWD_CPLX_ARBabc-0,0.0,-2.0591281862711575e-07
ARBabc_REV_CPLX_ARBabc-5,0.0,-1.6765650435339593e-06
ARBabc_FWD_CPLX_ARBabc-5,0.0,-8.568499137247355e-07
ARBabc_REV_CPLX_ARBabc-4,0.0,-1.3496233053849908e-06
ARBabc_FWD_CPLX_ARBabc-4,0.0,-5.299081755757671e-07
ARBabc_REV_393126.8.peg.282-MONOMER,0.0,-8.197151298092238e-07
ARBabc_FWD_393126.8.peg.282-MONOMER,0.0,6.415032359470964e-36
ARBabc_REV_CPLX_ARBabc-2,0.0,-9.976633912522103e-07
ARBabc_FWD_CPLX_ARBabc-2,0.0,-1.7794826144298642e-07
ARBabc_REV_CPLX_ARBabc-1,0.0,-1.4801291273141943e-06
ARBabc_FWD_CPLX_ARBabc-1,0.0,-6.604139975049705e-07
ARGDA_REV_393126.8.peg.44-MONOMER,0.0,0.027411345996318982
ARGDA_FWD_393126.8.peg.44-MONOMER,0.0,-0.027408672139918478
ARGDC_REV_393126.8.peg.2801-MONOMER_mod_pydx5p(1),0.0,-3.3995968624457425e-06
ARGDC_FWD_393126.8.peg.2801-MONOMER_mod_pydx5p(1),0.0,2.5268855774243186e-37
ARGSL_REV_393126.8.peg.2179-MONOMER,0.0,-9.772733896722247e-08
ARGSL_FWD_393126.8.peg.2179-MONOMER,0.0,-1.799132747113738e-06
ARGSL_REV_393126.8.peg.1858-MONOMER,0.00160736623362175,-2.3960709013104118e-36
ARGSL_FWD_393126.8.peg.1858-MONOMER,0.0,-1.7014054081465156e-06
ARGSSr_REV_393126.8.peg.2178-MONOMER_mod_mg2(1),0.00160736623362175,1.2495492686906315e-35
ARGSSr_FWD_393126.8.peg.2178-MONOMER_mod_mg2(1),0.0,-4.559337944491854e-06
ARGt2r_REV_CPLX_dummy,0.0,-1.7303138578205756e-06
ARGt2r_FWD_CPLX_dummy,0.03904765819339502,1.669077912933692e-37
ARSENBabc_REV_CPLX_ARSENBabc-1,0.0,0.010280288205653527
ARSENBabc_FWD_CPLX_ARSENBabc-1,0.0,-0.01027916984776429
ARSENBabc_REV_CPLX_ARSENBabc-6,0.0,0.01028039014658583
ARSENBabc_FWD_CPLX_ARSENBabc-6,0.0,-0.010279067906831989
ARSENBabc_REV_CPLX_ARSENBabc-4,0.0,0.010280308883814766
ARSENBabc_FWD_CPLX_ARSENBabc-4,0.0,-0.010279149169603053
ARSENBabc_REV_CPLX_ARSENBabc-2,0.0,0.010280740210307176
ARSENBabc_FWD_CPLX_ARSENBabc-2,0.0,-0.010278717843110642
ARSENBabc_REV_CPLX_ARSENBabc-3,0.0,0.01028036987150556
ARSENBabc_FWD_CPLX_ARSENBabc-3,0.0,-0.010279088181912258
ARSENBabc_REV_CPLX_ARSENBabc-5,0.0,0.010279680838937525
ARSENBabc_FWD_CPLX_ARSENBabc-5,0.0,-0.010279777214480293
ARSENBabc_REV_CPLX_ARSENBabc-0,0.0,0.010280618619074193
ARSENBabc_FWD_CPLX_ARSENBabc-0,0.0,-0.010278839434343625
ARSENBabc_REV_CPLX_ARSENBabc-7,0.0,0.010279746634387122
ARSENBabc_FWD_CPLX_ARSENBabc-7,0.0,-0.010279711419030696
ARSENBt2_REV_393126.8.peg.2180-MONOMER,0.0,-9.555230102726794e-07
ARSENBt2_FWD_393126.8.peg.2180-MONOMER,0.0,7.8468582136964e-38
ASAD_REV_393126.8.peg.1515-MONOMER,0.0,-2.668900243526219e-35
ASAD_FWD_393126.8.peg.1515-MONOMER,0.0,-2.5648019364019453e-06
ASNS1_REV_393126.8.peg.1746-MONOMER_mod_mg2(1),0.0,0.027414363570274613
ASNS1_FWD_393126.8.peg.1746-MONOMER_mod_mg2(1),0.0,-0.02741606269459457
ASNt2r_REV_CPLX_dummy,0.0,-1.7303138578205756e-06
ASNt2r_FWD_CPLX_dummy,0.225,-3.35948578464161e-37
ASO3t_REV_393126.8.peg.1376-MONOMER,0.0,-3.847657633243895e-06
ASO3t_FWD_393126.8.peg.1376-MONOMER,0.0,0.0
ASO4t_REV_393126.8.peg.1376-MONOMER,0.0,0.0
ASO4t_FWD_393126.8.peg.1376-MONOMER,0.0,-3.847657633243895e-06
ASP1DC_REV_393126.8.peg.1985-MONOMER,0.0,-7.470283260925015e-07
ASP1DC_FWD_393126.8.peg.1985-MONOMER,0.0016077448665944136,-6.104196334248632e-34
ASPCT_REV_393126.8.peg.1924-MONOMER,0.0,-1.317032417097604e-06
ASPCT_FWD_393126.8.peg.1924-MONOMER,0.00160736623362175,-3.3636196172152023e-34
ASPKi_REV_393126.8.peg.2458-MONOMER,0.0,0.006853652750846111
ASPKi_FWD_393126.8.peg.2458-MONOMER,0.0,-0.006856237710202738
ASPKi_REV_393126.8.peg.1249-MONOMER,0.0,0.00685348121019885
ASPKi_FWD_393126.8.peg.1249-MONOMER,0.0,-0.006856409250849999
ASPKi_REV_393126.8.peg.1514-MONOMER,0.0,0.006853330271215248
ASPKi_FWD_393126.8.peg.1514-MONOMER,0.0,-0.006856560189833601
ASPO1_REV_393126.8.peg.2110-MONOMER_mod_fad(1),0.0,0.0059014819903584256
ASPO1_FWD_393126.8.peg.2110-MONOMER_mod_fad(1),0.0,-0.005903521399118285
ASPO5_REV_CPLX_dummy,0.0,0.05477200001882532
ASPO5_FWD_CPLX_dummy,0.0,-0.05477373033268314
ASPO6_REV_393126.8.peg.2110-MONOMER_mod_fad(1),0.0,0.057264249020646266
ASPO6_FWD_393126.8.peg.2110-MONOMER_mod_fad(1),0.0,-0.05726628842940613
ASPT_REV_393126.8.peg.2458-MONOMER,0.0,-2.584959356627555e-06
ASPT_FWD_393126.8.peg.2458-MONOMER,0.32957236658286604,5.508863021056789e-36
ASPT_REV_393126.8.peg.1249-MONOMER,0.0,-2.7565000038878073e-06
ASPT_FWD_393126.8.peg.1249-MONOMER,0.0,-1.7154064726025225e-07
ASPT_REV_393126.8.peg.1514-MONOMER,0.0,-2.9074389874904206e-06
ASPT_FWD_393126.8.peg.1514-MONOMER,0.0,-3.2247963086286547e-07
ASPTA_REV_393126.8.peg.1982-MONOMER,0.0,-1.9163846739912278e-06
ASPTA_FWD_393126.8.peg.1982-MONOMER,0.0,-3.616859792282592e-07
ASPTA_REV_393126.8.peg.2342-MONOMER,0.0,-1.5546986947629688e-06
ASPTA_FWD_393126.8.peg.2342-MONOMER,0.0,1.1443672614732588e-33
ASPt2r_REV_CPLX_dummy,0.0,-1.7303138578205756e-06
ASPt2r_FWD_CPLX_dummy,0.225,-4.11950750476256e-37
ATPPRT_REV_CPLX_ATPPRT-0,0.0,-1.212102335516725e-06
ATPPRT_FWD_CPLX_ATPPRT-0,0.0,1.068651006655678e-34
ATPS4_REV_CPLX_ATPS4-6,0.0,-2.2283018643065674e-06
ATPS4_FWD_CPLX_ATPS4-6,0.0,-1.813962887706058e-07
ATPS4_REV_CPLX_ATPS4-3,0.0,-2.0695346995596665e-06
ATPS4_FWD_CPLX_ATPS4-3,0.0,-2.262912402370459e-08
ATPS4_REV_CPLX_ATPS4-14,0.0,-2.2062726583791392e-06
ATPS4_FWD_CPLX_ATPS4-14,0.0,-1.5936708284317747e-07
ATPS4_REV_CPLX_ATPS4-5,0.0,-2.1898296826632633e-06
ATPS4_FWD_CPLX_ATPS4-5,0.0,-1.4292410712730146e-07
ATPS4_REV_CPLX_ATPS4-9,0.0,-2.1058668920717257e-06
ATPS4_FWD_CPLX_ATPS4-9,0.0,-5.896131653576413e-08
ATPS4_REV_CPLX_ATPS4-10,0.0,-2.144837387117729e-06
ATPS4_FWD_CPLX_ATPS4-10,0.0,-9.793181158176721e-08
ATPS4_REV_CPLX_ATPS4-8,0.0,-2.20404398220468e-06
ATPS4_FWD_CPLX_ATPS4-8,0.0,-1.571384066687182e-07
ATPS4_REV_CPLX_ATPS4-2,0.0,-2.167155201043025e-06
ATPS4_FWD_CPLX_ATPS4-2,0.0,-1.2024962550706296e-07
ATPS4_REV_CPLX_ATPS4-13,0.0,-2.1676264488955468e-06
ATPS4_FWD_CPLX_ATPS4-13,0.0,-1.207208733595852e-07
ATPS4_REV_CPLX_ATPS4-12,0.0,-2.2653612755140204e-06
ATPS4_FWD_CPLX_ATPS4-12,0.0,-2.1845569997805854e-07
ATPS4_REV_CPLX_ATPS4-1,0.0,-2.128361678604734e-06
ATPS4_FWD_CPLX_ATPS4-1,0.0,-8.145610306877227e-08
ATPS4_REV_CPLX_ATPS4-0,0.0,-2.226225640172884e-06
ATPS4_FWD_CPLX_ATPS4-0,0.0,-1.793200646369221e-07
ATPS4_REV_CPLX_ATPS4-15,0.0,-2.1087805441504616e-06
ATPS4_FWD_CPLX_ATPS4-15,0.0,-6.187496861449965e-08
ATPS4_REV_CPLX_ATPS4-4,0.0,-2.2872546552424594e-06
ATPS4_FWD_CPLX_ATPS4-4,0.0,-2.4034907970649753e-07
ATPS4_REV_CPLX_ATPS4-7,0.0,-2.131117815395555e-06
ATPS4_FWD_CPLX_ATPS4-7,0.0,-8.421223985959305e-08
ATPS4_REV_CPLX_ATPS4-11,0.0,-2.0469055755359616e-06
ATPS4_FWD_CPLX_ATPS4-11,1.0806980066068592,-3.108424442017945e-35
BACCLi_REV_393126.8.peg.1989-MONOMER,0.0,-2.201553403953306e-06
BACCLi_FWD_393126.8.peg.1989-MONOMER,0.0,-1.0582635101694035e-35
BGLA_REV_393126.8.peg.588-MONOMER,0.0,2.369956727314007e-06
BGLA_FWD_393126.8.peg.588-MONOMER,0.0,-4.136584153676886e-06
BGLA_REV_393126.8.peg.265-MONOMER,0.0,2.146136273990388e-06
BGLA_FWD_393126.8.peg.265-MONOMER,0.0,-4.360404607000505e-06
BGLA_REV_393126.8.peg.19-MONOMER,0.0,2.4770773340378858e-06
BGLA_FWD_393126.8.peg.19-MONOMER,0.0,-4.029463546953007e-06
BGLA_REV_393126.8.peg.1813-MONOMER,0.0,1.5737130022804306e-06
BGLA_FWD_393126.8.peg.1813-MONOMER,0.0,-4.9328278787104626e-06
BGLA_REV_393126.8.peg.306-MONOMER,0.0,1.916139711816213e-06
BGLA_FWD_393126.8.peg.306-MONOMER,0.0,-4.59040116917468e-06
BGLA_REV_393126.8.peg.2870-MONOMER,0.0,1.5792973191921227e-06
BGLA_FWD_393126.8.peg.2870-MONOMER,0.0,-4.92724356179877e-06
BGLA_REV_393126.8.peg.379-MONOMER,0.0,2.208159326404552e-06
BGLA_FWD_393126.8.peg.379-MONOMER,0.0,-4.298381554586341e-06
BGLA_REV_393126.8.peg.2890-MONOMER,0.0,1.7130973352850955e-06
BGLA_FWD_393126.8.peg.2890-MONOMER,0.0,-4.793443545705797e-06
BGLA_REV_393126.8.peg.275-MONOMER,0.0,1.7581961881262656e-06
BGLA_FWD_393126.8.peg.275-MONOMER,0.0,-4.748344692864627e-06
BGLA1_REV_393126.8.peg.265-MONOMER,0.0,-1.5915048890611359e-06
BGLA1_FWD_393126.8.peg.265-MONOMER,0.0,-6.227634439489805e-07
BGLA1_REV_393126.8.peg.19-MONOMER,0.0,-1.2605638290136383e-06
BGLA1_FWD_393126.8.peg.19-MONOMER,0.0,-2.9182238390148297e-07
BGLA1_REV_393126.8.peg.2880-MONOMER,0.0,-1.294147334529189e-06
BGLA1_FWD_393126.8.peg.2880-MONOMER,0.0,-3.254058894170336e-07
BGLA1_REV_393126.8.peg.761-MONOMER,0.0,-9.687414451121555e-07
BGLA1_FWD_393126.8.peg.761-MONOMER,0.07449289,-1.7736209538165075e-35
BGLA1_REV_393126.8.peg.325-MONOMER,0.0,-1.6454478644541532e-06
BGLA1_FWD_393126.8.peg.325-MONOMER,0.0,-6.767064193419978e-07
BGLA1_REV_393126.8.peg.2870-MONOMER,0.0,-2.1583438438594014e-06
BGLA1_FWD_393126.8.peg.2870-MONOMER,0.0,-1.189602398747246e-06
BGLA1_REV_393126.8.peg.943-MONOMER,0.0,-1.2346876122016772e-06
BGLA1_FWD_393126.8.peg.943-MONOMER,0.0,-2.659461670895219e-07
BGLA1_REV_393126.8.peg.549-MONOMER,0.0,-1.3321303605682314e-06
BGLA1_FWD_393126.8.peg.549-MONOMER,0.0,-3.6338891545607585e-07
BGLA1_REV_393126.8.peg.534-MONOMER,0.0,-1.44332742632376e-06
BGLA1_FWD_393126.8.peg.534-MONOMER,0.0,-4.7458598121160455e-07
BGLA1_REV_393126.8.peg.275-MONOMER,0.0,-1.9794449749252585e-06
BGLA1_FWD_393126.8.peg.275-MONOMER,0.0,-1.0107035298131033e-06
BGLAr_REV_393126.8.peg.588-MONOMER,0.0,-1.071206067238788e-07
BGLAr_FWD_393126.8.peg.588-MONOMER,0.0,-1.6595068196390002e-06
BGLAr_REV_393126.8.peg.265-MONOMER,0.0,-3.309410600474976e-07
BGLAr_FWD_393126.8.peg.265-MONOMER,0.0,-1.883327272962619e-06
BGLAr_REV_393126.8.peg.19-MONOMER,0.0,8.228412864866674e-37
BGLAr_FWD_393126.8.peg.19-MONOMER,0.0,-1.5523862129151214e-06
BGLAr_REV_393126.8.peg.1813-MONOMER,0.0,-9.033643317574551e-07
BGLAr_FWD_393126.8.peg.1813-MONOMER,0.0,-2.4557505446725764e-06
BGLAr_REV_393126.8.peg.306-MONOMER,0.0,-5.609376222216724e-07
BGLAr_FWD_393126.8.peg.306-MONOMER,0.0,-2.1133238351367936e-06
BGLAr_REV_393126.8.peg.2870-MONOMER,0.0,-8.97780014845763e-07
BGLAr_FWD_393126.8.peg.2870-MONOMER,0.0,-2.4501662277608845e-06
BGLAr_REV_393126.8.peg.379-MONOMER,0.0,-2.689180076333337e-07
BGLAr_FWD_393126.8.peg.379-MONOMER,0.0,-1.821304220548455e-06
BGLAr_REV_393126.8.peg.2890-MONOMER,0.0,-7.639799987527902e-07
BGLAr_FWD_393126.8.peg.2890-MONOMER,0.0,-2.3163662116679116e-06
BGLAr_REV_393126.8.peg.275-MONOMER,0.0,-7.188811459116203e-07
BGLAr_FWD_393126.8.peg.275-MONOMER,0.0,-2.2712673588267416e-06
BPNT_REV_CPLX_dummy,0.0,-1.7303138578205756e-06
BPNT_FWD_CPLX_dummy,0.0,-1.6057283989540646e-36
BTNCLi_REV_CPLX_BTNCLi-0,0.0,-2.6051684302696166e-06
BTNCLi_FWD_CPLX_BTNCLi-0,0.20199082414472636,-1.4854758306321529e-36
BTNabc_REV_393126.8.peg.612-MONOMER,0.0,0.013706584308676904
BTNabc_FWD_393126.8.peg.612-MONOMER,0.0,-0.013706618158035372
BUTCTr_REV_393126.8.peg.2260-MONOMER,0.0,-3.3774754291919015e-37
BUTCTr_FWD_393126.8.peg.2260-MONOMER,0.0,-3.341380032603342e-06
BUTKr_REV_393126.8.peg.1447-MONOMER,0.0,-2.3156527485912597e-06
BUTKr_FWD_393126.8.peg.1447-MONOMER,0.0,7.393287055724847e-36
BUTt2_REV_CPLX_dummy,0.0,0.2398440318430587
BUTt2_FWD_CPLX_dummy,0.0,-0.23984576215691653
BZAMAH_REV_393126.8.peg.286-MONOMER,0.0,4.88512721578981e-06
BZAMAH_FWD_393126.8.peg.286-MONOMER,0.0,-4.1481636267957006e-06
CAt4i_REV_CPLX_dummy,0.0,-1.7303138578205756e-06
CAt4i_FWD_CPLX_dummy,0.0,-1.983473967567193e-37
CBIAT_REV_393126.8.peg.1222-MONOMER,0.0,8.001445344376537e-36
CBIAT_FWD_393126.8.peg.1222-MONOMER,0.0,-7.521261400913425e-07
CBIAT_REV_393126.8.peg.1176-MONOMER,0.0,-4.2705127783890945e-07
CBIAT_FWD_393126.8.peg.1176-MONOMER,0.0,-1.179177417930252e-06
CBL1abc_REV_393126.8.peg.1103-MONOMER,0.0,0.10276743651125765
CBL1abc_FWD_393126.8.peg.1103-MONOMER,0.0,-0.10277026206893748
CBL2D_REV_393126.8.peg.1154-MONOMER,0.0,-1.5059989457382196e-34
CBL2D_FWD_393126.8.peg.1154-MONOMER,0.0,-1.974477365899279e-06
CBL2abc_REV_393126.8.peg.1103-MONOMER,0.0,0.10276706537670977
CBL2abc_FWD_393126.8.peg.1103-MONOMER,0.0,-0.1027698909343896
CBLAT_REV_393126.8.peg.1222-MONOMER,8.83554032547482e-07,-1.483084801452712e-35
CBLAT_FWD_393126.8.peg.1222-MONOMER,0.0,-7.521261400913425e-07
CBLAT_REV_393126.8.peg.1176-MONOMER,0.0,-4.2705127783890945e-07
CBLAT_FWD_393126.8.peg.1176-MONOMER,0.0,-1.179177417930252e-06
CBMK_REV_393126.8.peg.40-MONOMER,0.0,0.04794669744798646
CBMK_FWD_393126.8.peg.40-MONOMER,0.0,-0.04794937385385722
CBPS_REV_CPLX_CBPS-0_mod_cd2(1),0.0,0.06165573422087886
CBPS_FWD_CPLX_CBPS-0_mod_cd2(1),0.0,-0.06165382228826052
CBPS_REV_CPLX_CBPS-0_mod_zn2(1),0.0,0.061655734553811375
CBPS_FWD_CPLX_CBPS-0_mod_zn2(1),0.0,-0.061653821955327995
CBPS_REV_CPLX_CBPS-0_mod_mn2(1),0.0,0.06165573256178957
CBPS_FWD_CPLX_CBPS-0_mod_mn2(1),0.0,-0.061653823947349806
CBPS_REV_CPLX_CBPS-0_mod_mg2(1),0.0,0.06165573053622866
CBPS_FWD_CPLX_CBPS-0_mod_mg2(1),0.0,-0.06165382597291071
CBPS_REV_CPLX_CBPS-0_mod_cobalt2(1),0.0,0.06165573345363132
CBPS_FWD_CPLX_CBPS-0_mod_cobalt2(1),0.0,-0.06165382305550806
CD2abc1_REV_393126.8.peg.1939-MONOMER,0.0,0.010279737241267281
CD2abc1_FWD_393126.8.peg.1939-MONOMER,0.0,-0.010279655353201227
CD2abc1_REV_393126.8.peg.656-MONOMER,0.0,0.010279415644439276
CD2abc1_FWD_393126.8.peg.656-MONOMER,0.0,-0.010279976950029232
CD2t6r_REV_393126.8.peg.2669-MONOMER,0.0,-2.6841650948093204e-06
CD2t6r_FWD_393126.8.peg.2669-MONOMER,0.0,-4.96391128962102e-37
CDPGLYCGPT_REV_393126.8.peg.1118-MONOMER,0.0,-5.997570408104286e-07
CDPGLYCGPT_FWD_393126.8.peg.1118-MONOMER,0.0,-1.177982488594456e-35
CDPMEK_REV_393126.8.peg.192-MONOMER_mod_mg2(1),0.0,-2.5917281704973303e-06
CDPMEK_FWD_393126.8.peg.192-MONOMER_mod_mg2(1),0.029739888995978743,-3.277293436573555e-35
CELBpts_REV_CPLX_CELBpts-20,0.0,-1.609170592388987e-06
CELBpts_FWD_CPLX_CELBpts-20,0.0,-1.0946744945787023e-06
CELBpts_REV_CPLX_CELBpts-17,0.0,-1.5150839502031555e-06
CELBpts_FWD_CPLX_CELBpts-17,0.0,-1.0005878523928706e-06
CELBpts_REV_CPLX_CELBpts-34,0.0,-1.3666749126086355e-06
CELBpts_FWD_CPLX_CELBpts-34,0.0,-8.521788147983507e-07
CELBpts_REV_CPLX_CELBpts-26,0.0,-1.2034121306549163e-06
CELBpts_FWD_CPLX_CELBpts-26,0.0,-6.889160328446314e-07
CELBpts_REV_CPLX_CELBpts-39,0.0,-1.368596251752462e-06
CELBpts_FWD_CPLX_CELBpts-39,0.0,-8.54100153942177e-07
CELBpts_REV_CPLX_CELBpts-71,0.0,-1.2989439187821094e-06
CELBpts_FWD_CPLX_CELBpts-71,0.0,-7.844478209718246e-07
CELBpts_REV_CPLX_CELBpts-2,0.0,-1.4484338875021304e-06
CELBpts_FWD_CPLX_CELBpts-2,0.0,-9.339377896918454e-07
CELBpts_REV_CPLX_CELBpts-23,0.0,-1.6027170745706736e-06
CELBpts_FWD_CPLX_CELBpts-23,0.0,-1.0882209767603888e-06
CELBpts_REV_CPLX_CELBpts-37,0.0,-1.2029587514339582e-06
CELBpts_FWD_CPLX_CELBpts-37,0.0,-6.884626536236733e-07
CELBpts_REV_CPLX_CELBpts-3,0.0,-1.5855072484120973e-06
CELBpts_FWD_CPLX_CELBpts-3,0.0,-1.0710111506018125e-06
CELBpts_REV_CPLX_CELBpts-35,0.0,-1.500808725890787e-06
CELBpts_FWD_CPLX_CELBpts-35,0.0,-9.86312628080502e-07
CELBpts_REV_CPLX_CELBpts-44,0.0,-1.295305551748368e-06
CELBpts_FWD_CPLX_CELBpts-44,0.0,-7.808094539380832e-07
CELBpts_REV_393126.8.peg.305-MONOMER,0.0,-7.062415699290352e-07
CELBpts_FWD_393126.8.peg.305-MONOMER,0.0,-1.917454721187503e-07
CELBpts_REV_CPLX_CELBpts-49,0.0,-1.7522721663406245e-06
CELBpts_FWD_CPLX_CELBpts-49,0.0,-1.2377760685303397e-06
CELBpts_REV_CPLX_CELBpts-5,0.0,-1.256090151882141e-06
CELBpts_FWD_CPLX_CELBpts-5,0.0,-7.415940540718563e-07
CELBpts_REV_CPLX_CELBpts-7,0.0,-1.4486112333971805e-06
CELBpts_FWD_CPLX_CELBpts-7,0.0,-9.341151355868956e-07
CELBpts_REV_CPLX_CELBpts-47,0.0,-1.2962864431126262e-06
CELBpts_FWD_CPLX_CELBpts-47,0.0,-7.817903453023414e-07
CELBpts_REV_CPLX_CELBpts-21,0.0,-1.3473926553517592e-06
CELBpts_FWD_CPLX_CELBpts-21,0.0,-8.328965575414744e-07
CELBpts_REV_CPLX_CELBpts-22,0.0,-1.492808353864133e-06
CELBpts_FWD_CPLX_CELBpts-22,0.0,-9.783122560538482e-07
CELBpts_REV_CPLX_CELBpts-55,0.0,-1.8338543093265324e-06
CELBpts_FWD_CPLX_CELBpts-55,0.0,-1.3193582115162475e-06
CELBpts_REV_CPLX_CELBpts-11,0.0,-1.5053978422085793e-06
CELBpts_FWD_CPLX_CELBpts-11,0.0,-9.909017443982945e-07
CELBpts_REV_CPLX_CELBpts-67,0.0,-1.425410864217546e-06
CELBpts_FWD_CPLX_CELBpts-67,0.0,-9.109147664072611e-07
CELBpts_REV_CPLX_CELBpts-9,0.0,-1.287951055309086e-06
CELBpts_FWD_CPLX_CELBpts-9,0.0,-7.73454957498801e-07
CELBpts_REV_CPLX_CELBpts-27,0.0,-1.322996849365746e-06
CELBpts_FWD_CPLX_CELBpts-27,0.0,-8.085007515554613e-07
CELBpts_REV_393126.8.peg.940-MONOMER,0.0,-7.021548202096449e-07
CELBpts_FWD_393126.8.peg.940-MONOMER,0.0,-1.8765872239936012e-07
CELBpts_REV_CPLX_CELBpts-0,0.0,-1.6350944922872223e-06
CELBpts_FWD_CPLX_CELBpts-0,0.0,-1.1205983944769374e-06
CELBpts_REV_CPLX_CELBpts-32,0.0,-1.558269467545572e-06
CELBpts_FWD_CPLX_CELBpts-32,0.0,-1.0437733697352872e-06
CELBpts_REV_CPLX_CELBpts-52,0.0,-1.8450308661993944e-06
CELBpts_FWD_CPLX_CELBpts-52,0.0,-1.3305347683891095e-06
CELBpts_REV_CPLX_CELBpts-51,0.0,-2.0035763970791506e-06
CELBpts_FWD_CPLX_CELBpts-51,0.0,-1.4890802992688657e-06
CELBpts_REV_CPLX_CELBpts-41,0.0,-1.2046868267203689e-06
CELBpts_FWD_CPLX_CELBpts-41,0.0,-6.90190728910084e-07
CELBpts_REV_CPLX_CELBpts-53,0.0,-1.502381131556011e-06
CELBpts_FWD_CPLX_CELBpts-53,0.0,-9.87885033745726e-07
CELBpts_REV_CPLX_CELBpts-64,0.0,-1.4899244344333863e-06
CELBpts_FWD_CPLX_CELBpts-64,0.0,-9.754283366231015e-07
CELBpts_REV_CPLX_CELBpts-70,0.0,-1.1838349591632653e-06
CELBpts_FWD_CPLX_CELBpts-70,0.0,-6.693388613529805e-07
CELBpts_REV_CPLX_CELBpts-14,0.0,-1.2656534511320573e-06
CELBpts_FWD_CPLX_CELBpts-14,0.0,-7.511573533217726e-07
CELBpts_REV_CPLX_CELBpts-25,0.0,-1.1179828344962244e-06
CELBpts_FWD_CPLX_CELBpts-25,0.0,-6.034867366859395e-07
CELBpts_REV_393126.8.peg.1804-MONOMER,0.0,-5.212835088546429e-07
CELBpts_FWD_393126.8.peg.1804-MONOMER,0.0,-6.787411044357988e-09
CELBpts_REV_CPLX_CELBpts-16,0.0,-1.79243621572346e-06
CELBpts_FWD_CPLX_CELBpts-16,0.0,-1.277940117913175e-06
CELBpts_REV_CPLX_CELBpts-56,0.0,-1.224179818738303e-06
CELBpts_FWD_CPLX_CELBpts-56,0.0,-7.096837209280183e-07
CELBpts_REV_CPLX_CELBpts-18,0.0,-1.6064026004126398e-06
CELBpts_FWD_CPLX_CELBpts-18,0.0,-1.0919065026023552e-06
CELBpts_REV_CPLX_CELBpts-24,0.0,-1.3960350304640848e-06
CELBpts_FWD_CPLX_CELBpts-24,0.0,-8.815389326538e-07
CELBpts_REV_CPLX_CELBpts-69,0.0,-1.1586302434596174e-06
CELBpts_FWD_CPLX_CELBpts-69,0.0,-6.441341456493325e-07
CELBpts_REV_CPLX_CELBpts-54,0.0,-1.7313753959509438e-06
CELBpts_FWD_CPLX_CELBpts-54,0.0,-1.216879298140659e-06
CELBpts_REV_CPLX_CELBpts-62,0.0,-9.220982226837313e-07
CELBpts_FWD_CPLX_CELBpts-62,0.0,-4.0760212487344645e-07
CELBpts_REV_CPLX_CELBpts-45,0.0,-1.1577792241899962e-06
CELBpts_FWD_CPLX_CELBpts-45,0.0,-6.432831263797115e-07
CELBpts_REV_CPLX_CELBpts-42,0.0,-1.292663407455802e-06
CELBpts_FWD_CPLX_CELBpts-42,0.0,-7.781673096455172e-07
CELBpts_REV_CPLX_CELBpts-30,0.0,-1.0951547894327541e-06
CELBpts_FWD_CPLX_CELBpts-30,0.0,-5.806586916224693e-07
CELBpts_REV_CPLX_CELBpts-31,0.0,-1.2091214757113743e-06
CELBpts_FWD_CPLX_CELBpts-31,0.0,-6.946253779010895e-07
CELBpts_REV_CPLX_CELBpts-36,0.0,-1.3693413693600366e-06
CELBpts_FWD_CPLX_CELBpts-36,0.0,-8.548452715497519e-07
CELBpts_REV_393126.8.peg.381-MONOMER,0.0,-5.144960978102849e-07
CELBpts_FWD_393126.8.peg.381-MONOMER,0.0,-1.1402731515032573e-35
CELBpts_REV_CPLX_CELBpts-68,0.0,-1.2980625624265171e-06
CELBpts_FWD_CPLX_CELBpts-68,0.0,-7.835664646162323e-07
CELBpts_REV_CPLX_CELBpts-66,0.0,-1.2954058422854458e-06
CELBpts_FWD_CPLX_CELBpts-66,0.0,-7.80909744475161e-07
CELBpts_REV_CPLX_CELBpts-48,0.0,-2.0161505270454866e-06
CELBpts_FWD_CPLX_CELBpts-48,0.0,-1.5016544292352017e-06
CELBpts_REV_CPLX_CELBpts-60,0.0,-1.0308777694524658e-06
CELBpts_FWD_CPLX_CELBpts-60,0.0,-5.163816716421809e-07
CELBpts_REV_CPLX_CELBpts-58,0.0,-1.0284011044891054e-06
CELBpts_FWD_CPLX_CELBpts-58,0.0,-5.139050066788205e-07
CELBpts_REV_CPLX_CELBpts-59,0.0,-1.1348240672283659e-06
CELBpts_FWD_CPLX_CELBpts-59,0.0,-6.20327969418081e-07
CELBpts_REV_CPLX_CELBpts-29,0.0,-1.1061647153201413e-06
CELBpts_FWD_CPLX_CELBpts-29,0.0,-5.916686175098564e-07
CELBpts_REV_CPLX_CELBpts-19,0.0,-1.7587345056016523e-06
CELBpts_FWD_CPLX_CELBpts-19,0.0,-1.2442384077913676e-06
CELBpts_REV_CPLX_CELBpts-63,0.0,-1.0380065705843244e-06
CELBpts_FWD_CPLX_CELBpts-63,0.0,-5.235104727740395e-07
CELBpts_REV_CPLX_CELBpts-40,0.0,-1.4863849624014614e-06
CELBpts_FWD_CPLX_CELBpts-40,0.0,-9.718888645911765e-07
CELBpts_REV_CPLX_CELBpts-38,0.0,-1.255275312258072e-06
CELBpts_FWD_CPLX_CELBpts-38,0.0,-7.407792144477871e-07
CELBpts_REV_CPLX_CELBpts-13,0.0,-1.2120371924804344e-06
CELBpts_FWD_CPLX_CELBpts-13,0.0,-6.975410946701496e-07
CELBpts_REV_393126.8.peg.2790-MONOMER,0.0,-5.58760648973281e-07
CELBpts_FWD_393126.8.peg.2790-MONOMER,0.0,-4.426455116299612e-08
CELBpts_REV_CPLX_CELBpts-43,0.0,-1.4216503875004063e-06
CELBpts_FWD_CPLX_CELBpts-43,0.0,-9.071542896901214e-07
CELBpts_REV_CPLX_CELBpts-4,0.0,-1.4510845356896524e-06
CELBpts_FWD_CPLX_CELBpts-4,0.0,-9.365884378793676e-07
CELBpts_REV_CPLX_CELBpts-8,0.0,-1.5620724774446957e-06
CELBpts_FWD_CPLX_CELBpts-8,0.0,-1.0475763796344109e-06
CELBpts_REV_CPLX_CELBpts-28,0.0,-1.2059697122056137e-06
CELBpts_FWD_CPLX_CELBpts-28,0.0,-6.914736143953289e-07
CELBpts_REV_CPLX_CELBpts-65,0.0,-1.2069611730875096e-06
CELBpts_FWD_CPLX_CELBpts-65,0.0,-6.924650752772249e-07
CELBpts_REV_CPLX_CELBpts-33,0.0,-1.2780833989513112e-06
CELBpts_FWD_CPLX_CELBpts-33,0.0,-7.635873011410263e-07
CELBpts_REV_393126.8.peg.1125-MONOMER,0.0,-7.499822907222901e-07
CELBpts_FWD_393126.8.peg.1125-MONOMER,0.0,-2.3548619291200533e-07
CELBpts_REV_CPLX_CELBpts-1,0.0,-1.3605451842466318e-06
CELBpts_FWD_CPLX_CELBpts-1,0.0,-8.46049086436347e-07
CELBpts_REV_CPLX_CELBpts-10,0.0,-1.3745872112463377e-06
CELBpts_FWD_CPLX_CELBpts-10,0.0,-8.60091113436053e-07
CELBpts_REV_CPLX_CELBpts-15,0.0,-1.3764743143893881e-06
CELBpts_FWD_CPLX_CELBpts-15,0.0,-8.619782165791032e-07
CELBpts_REV_CPLX_CELBpts-6,0.0,-1.338301623130705e-06
CELBpts_FWD_CPLX_CELBpts-6,0.0,-8.238055253204203e-07
CELBpts_REV_CPLX_CELBpts-57,0.0,-9.452080694408799e-07
CELBpts_FWD_CPLX_CELBpts-57,0.0,-4.3071197163059504e-07
CELBpts_REV_CPLX_CELBpts-50,0.0,-1.8422873488982606e-06
CELBpts_FWD_CPLX_CELBpts-50,0.0,-1.3277912510879757e-06
CELBpts_REV_CPLX_CELBpts-61,0.0,-9.99241572018578e-07
CELBpts_FWD_CPLX_CELBpts-61,0.0,-4.847454742082931e-07
CELBpts_REV_CPLX_CELBpts-46,0.0,-1.181662409670777e-06
CELBpts_FWD_CPLX_CELBpts-46,0.0,-6.671663118604922e-07
CELBpts_REV_CPLX_CELBpts-12,0.0,-1.3771940580791253e-06
CELBpts_FWD_CPLX_CELBpts-12,0.0,-8.626979602688404e-07
CELBpts_REV_393126.8.peg.2871-MONOMER,0.0,-5.144960978102849e-07
CELBpts_FWD_393126.8.peg.2871-MONOMER,0.07449289,-1.666948119494347e-35
CGLYabc_REV_393126.8.peg.138-MONOMER,0.0,-2.837025213662128e-07
CGLYabc_FWD_393126.8.peg.138-MONOMER,0.0,-1.8071188094295272e-06
CGLYabc_REV_393126.8.peg.273-MONOMER,0.0,1.345008637797137e-06
CGLYabc_FWD_393126.8.peg.273-MONOMER,0.0,-1.7840765026617753e-07
CGLYabc_REV_393126.8.peg.2663-MONOMER,0.0,9.798836101541928e-07
CGLYabc_FWD_393126.8.peg.2663-MONOMER,0.0,-5.435326779091215e-07
CGLYabc_REV_393126.8.peg.2281-MONOMER,0.0,1.5234162880633143e-06
CGLYabc_FWD_393126.8.peg.2281-MONOMER,0.0,1.874892568522184e-35
CGLYabc_REV_393126.8.peg.2131-MONOMER,0.0,2.3285138545187097e-07
CGLYabc_FWD_393126.8.peg.2131-MONOMER,0.0,-1.2905649026114434e-06
CGLYabc_REV_393126.8.peg.153-MONOMER,0.0,1.0626607349315913e-06
CGLYabc_FWD_393126.8.peg.153-MONOMER,0.0,-4.6075555313172307e-07
CGLYabc_REV_393126.8.peg.136-MONOMER,0.0,-4.0268772068779785e-07
CGLYabc_FWD_393126.8.peg.136-MONOMER,0.0,-1.926104008751112e-06
CGLYabc_REV_393126.8.peg.2280-MONOMER,0.0,6.438130723439886e-07
CGLYabc_FWD_393126.8.peg.2280-MONOMER,0.0,-8.796032157193258e-07
CGLYabc_REV_393126.8.peg.2282-MONOMER,0.0,1.1905239495562068e-06
CGLYabc_FWD_393126.8.peg.2282-MONOMER,0.0,-3.328923385071077e-07
CGLYabc_REV_393126.8.peg.2284-MONOMER,0.0,8.049066690141342e-07
CGLYabc_FWD_393126.8.peg.2284-MONOMER,0.0,-7.185096190491803e-07
CHLabc_REV_CPLX_CHLabc-0,0.0,1.6420918389867444e-06
CHLabc_FWD_CPLX_CHLabc-0,0.0,-1.0667148185611573e-35
CHOLabc_REV_CPLX_CHLabc-0,0.0,1.6420918389867444e-06
CHOLabc_FWD_CPLX_CHLabc-0,0.0,-6.153212655029931e-36
CHORM_REV_393126.8.peg.2011-MONOMER,0.0,1.9182074983356656e-06
CHORM_FWD_393126.8.peg.2011-MONOMER,0.0,-8.660720783497217e-36
CHORM_REV_393126.8.peg.1680-MONOMER,0.0,-3.209117353014693e-07
CHORM_FWD_393126.8.peg.1680-MONOMER,0.0,-2.239119233637135e-06
CHORS_REV_393126.8.peg.2013-MONOMER_mod_fadh2(1),0.0,-4.3400557551326605e-06
CHORS_FWD_393126.8.peg.2013-MONOMER_mod_fadh2(1),0.012473071418382536,8.880278659625403e-36
CHORS_REV_393126.8.peg.2013-MONOMER_mod_fmnh2(1),0.0,-4.358496635532957e-06
CHORS_FWD_393126.8.peg.2013-MONOMER_mod_fmnh2(1),0.0,-1.844088040029655e-08
CHRPL_REV_CPLX_dummy,0.0,-1.7303138578205756e-06
CHRPL_FWD_CPLX_dummy,0.0,-1.564204314262387e-36
CLPNS140_REV_393126.8.peg.8-MONOMER,0.0,-1.6729643001215605e-06
CLPNS140_FWD_393126.8.peg.8-MONOMER,0.0,-4.088440578936024e-07
CLPNS140_REV_393126.8.peg.2590-MONOMER,0.0,-1.264120242227958e-06
CLPNS140_FWD_393126.8.peg.2590-MONOMER,0.0,-3.3638231690591594e-37
CLPNS160_REV_393126.8.peg.8-MONOMER,0.0,-4.088440578936024e-07
CLPNS160_FWD_393126.8.peg.8-MONOMER,0.0,-1.6729643001215605e-06
CLPNS160_REV_393126.8.peg.2590-MONOMER,0.0,-3.3638231690591594e-37
CLPNS160_FWD_393126.8.peg.2590-MONOMER,0.0,-1.264120242227958e-06
CLPNS180_REV_393126.8.peg.8-MONOMER,0.0,-1.6729643001215605e-06
CLPNS180_FWD_393126.8.peg.8-MONOMER,0.0,-4.088440578936024e-07
CLPNS180_REV_393126.8.peg.2590-MONOMER,0.0,-1.264120242227958e-06
CLPNS180_FWD_393126.8.peg.2590-MONOMER,0.0017384302410334562,1.2296274268127775e-35
CLPNSAI15_REV_393126.8.peg.8-MONOMER,0.0,-4.088440578936024e-07
CLPNSAI15_FWD_393126.8.peg.8-MONOMER,0.0,-1.6729643001215605e-06
CLPNSAI15_REV_393126.8.peg.2590-MONOMER,0.0,-3.3638231690591594e-37
CLPNSAI15_FWD_393126.8.peg.2590-MONOMER,0.0,-1.264120242227958e-06
CLPNSAI17_REV_393126.8.peg.8-MONOMER,0.0,-1.6729643001215605e-06
CLPNSAI17_FWD_393126.8.peg.8-MONOMER,0.0,-4.088440578936024e-07
CLPNSAI17_REV_393126.8.peg.2590-MONOMER,0.0,-1.264120242227958e-06
CLPNSAI17_FWD_393126.8.peg.2590-MONOMER,0.0017384302410334562,9.91048803228212e-35
CLPNSI14_REV_393126.8.peg.8-MONOMER,0.0,-4.088440578936024e-07
CLPNSI14_FWD_393126.8.peg.8-MONOMER,0.0,-1.6729643001215605e-06
CLPNSI14_REV_393126.8.peg.2590-MONOMER,0.0,-3.3638231690591594e-37
CLPNSI14_FWD_393126.8.peg.2590-MONOMER,0.0,-1.264120242227958e-06
CLPNSI15_REV_393126.8.peg.8-MONOMER,0.0,-4.088440578936024e-07
CLPNSI15_FWD_393126.8.peg.8-MONOMER,0.0,-1.6729643001215605e-06
CLPNSI15_REV_393126.8.peg.2590-MONOMER,0.0,-3.3638231690591594e-37
CLPNSI15_FWD_393126.8.peg.2590-MONOMER,0.0,-1.264120242227958e-06
CLPNSI16_REV_393126.8.peg.8-MONOMER,0.0,-4.088440578936024e-07
CLPNSI16_FWD_393126.8.peg.8-MONOMER,0.0,-1.6729643001215605e-06
CLPNSI16_REV_393126.8.peg.2590-MONOMER,0.0,-3.3638231690591594e-37
CLPNSI16_FWD_393126.8.peg.2590-MONOMER,0.0,-1.264120242227958e-06
CLPNSI17_REV_393126.8.peg.8-MONOMER,0.0,-1.6729643001215605e-06
CLPNSI17_FWD_393126.8.peg.8-MONOMER,0.0,-4.088440578936024e-07
CLPNSI17_REV_393126.8.peg.2590-MONOMER,0.0,-1.264120242227958e-06
CLPNSI17_FWD_393126.8.peg.2590-MONOMER,0.0017384302410334562,2.965799547906646e-35
CO2t_REV_CPLX_dummy,0.6182168236129854,0.0
CO2t_FWD_CPLX_dummy,0.0,-1.7303138578205756e-06
COBALTt5_REV_393126.8.peg.664-MONOMER,0.0016074385314372138,-3.259114406136389e-42
COBALTt5_FWD_393126.8.peg.664-MONOMER,0.0,-6.462386395404764e-08
COBALTt5_REV_393126.8.peg.572-MONOMER,0.0,-7.184924637600313e-08
COBALTt5_FWD_393126.8.peg.572-MONOMER,0.0,-1.3647311033005076e-07
COBALTt5_REV_393126.8.peg.1093-MONOMER,0.0,-1.3812446695631602e-07
COBALTt5_FWD_393126.8.peg.1093-MONOMER,0.0,-2.0274833091036366e-07
CPC2MT_REV_393126.8.peg.1216-MONOMER,0.0,1.4844991220219338e-06
CPC2MT_FWD_393126.8.peg.1216-MONOMER,0.0,-4.3410450877198723e-35
CPC3MT_REV_393126.8.peg.1212-MONOMER,0.0,1.213225183309621e-06
CPC3MT_FWD_393126.8.peg.1212-MONOMER,0.0,-1.3652876832833712e-34
CPC4MT_REV_393126.8.peg.1210-MONOMER,0.0,1.2890804902179884e-06
CPC4MT_FWD_393126.8.peg.1210-MONOMER,0.0,3.957859531612048e-36
CPC5MT_REV_393126.8.peg.1211-MONOMER,0.0,6.652447380649837e-07
CPC5MT_FWD_393126.8.peg.1211-MONOMER,0.0,1.2122481379309534e-34
CPC6MT_REV_393126.8.peg.1209-MONOMER,0.0,8.633469217552244e-07
CPC6MT_FWD_393126.8.peg.1209-MONOMER,0.0,7.187256327410119e-35
CPC6R_REV_393126.8.peg.1213-MONOMER,0.0,1.2710279017306477e-06
CPC6R_FWD_393126.8.peg.1213-MONOMER,0.0,-5.305127069380941e-34
CPC8MM_REV_393126.8.peg.1206-MONOMER,0.0,-1.114337449572771e-06
CPC8MM_FWD_393126.8.peg.1206-MONOMER,0.0,-1.7792160588914068e-34
CPPPGO_REV_393126.8.peg.1555-MONOMER,0.0,-8.445205054197587e-07
CPPPGO_FWD_393126.8.peg.1555-MONOMER,0.0,-2.0269507327509638e-35
CPPPGO2_REV_CPLX_dummy,0.0,-1.7303138578205756e-06
CPPPGO2_FWD_CPLX_dummy,0.0,-5.38809080047866e-35
CRNabc_REV_CPLX_CHLabc-0,0.0,1.6420918389867444e-06
CRNabc_FWD_CPLX_CHLabc-0,0.0,-6.153212655029931e-36
CSNt2_REV_393126.8.peg.467-MONOMER,0.0,-5.563316417674973e-06
CSNt2_FWD_393126.8.peg.467-MONOMER,0.0427699765532862,-3.7395640593324444e-37
CTBTabc_REV_CPLX_ARSENBabc-1,0.0,1.5703625428858733e-06
CTBTabc_FWD_CPLX_ARSENBabc-1,0.0,-4.520046536484038e-07
CTBTabc_REV_CPLX_ARSENBabc-6,0.0,1.6723034751879772e-06
CTBTabc_FWD_CPLX_ARSENBabc-6,0.0,-3.5006372134629994e-07
CTBTabc_REV_CPLX_ARSENBabc-4,0.0,1.5910407041235867e-06
CTBTabc_FWD_CPLX_ARSENBabc-4,0.0,-4.313264924106906e-07
CTBTabc_REV_CPLX_ARSENBabc-2,0.0,2.0223671965342774e-06
CTBTabc_FWD_CPLX_ARSENBabc-2,0.0,-1.896252941329315e-35
CTBTabc_REV_CPLX_ARSENBabc-3,0.0,1.6520283949182611e-06
CTBTabc_FWD_CPLX_ARSENBabc-3,0.0,-3.703388016160161e-07
CTBTabc_REV_CPLX_ARSENBabc-5,0.0,9.629958268825273e-07
CTBTabc_FWD_CPLX_ARSENBabc-5,0.0,-1.05937136965175e-06
CTBTabc_REV_CPLX_ARSENBabc-0,0.0,1.9007759635513588e-06
CTBTabc_FWD_CPLX_ARSENBabc-0,0.0,-1.2159123298291851e-07
CTBTabc_REV_CPLX_ARSENBabc-7,0.0,1.028791276480477e-06
CTBTabc_FWD_CPLX_ARSENBabc-7,0.0,-9.935759200538004e-07
CTPS1_REV_393126.8.peg.2653-MONOMER_mod_mg2(1),0.0,0.013707501201227724
CTPS1_FWD_393126.8.peg.2653-MONOMER_mod_mg2(1),0.0,-0.01370989046724665
CTPS2_REV_393126.8.peg.2653-MONOMER_mod_mg2(1),0.0,0.013706777414590527
CTPS2_FWD_393126.8.peg.2653-MONOMER_mod_mg2(1),0.0,-0.013709166680609453
CYOmq_REV_CPLX_dummy,0.0,-1.7303138578205756e-06
CYOmq_FWD_CPLX_dummy,1.0,4.0116757807043875e-35
CYRDAAT_REV_393126.8.peg.1222-MONOMER,0.0,-7.521261400913425e-07
CYRDAAT_FWD_393126.8.peg.1222-MONOMER,0.0,-5.783218770498409e-36
CYRDAAT_REV_393126.8.peg.1176-MONOMER,0.0,-1.179177417930252e-06
CYRDAAT_FWD_393126.8.peg.1176-MONOMER,0.0,-4.2705127783890945e-07
CYRDAS_REV_393126.8.peg.1204-MONOMER,0.0,1.232608827820531e-06
CYRDAS_FWD_393126.8.peg.1204-MONOMER,0.0,-3.7928138972342185e-35
CYSDS_REV_393126.8.peg.1762-MONOMER_mod_pydx5p(1),0.0,0.013706405262240838
CYSDS_FWD_393126.8.peg.1762-MONOMER_mod_pydx5p(1),0.0,-0.013705856080207635
CYSS_REV_393126.8.peg.225-MONOMER_mod_pydx5p(2),0.0,-3.856382159705023e-06
CYSS_FWD_393126.8.peg.225-MONOMER_mod_pydx5p(2),2.991440350024501e-23,3.427607000511315e-36
CYSS3r_REV_393126.8.peg.225-MONOMER_mod_pydx5p(2),0.0,-4.477543918396725e-06
CYSS3r_FWD_393126.8.peg.225-MONOMER_mod_pydx5p(2),0.00496313430695593,1.2956125709245671e-35
CYSTL_REV_393126.8.peg.2454-MONOMER,0.0,0.01370993406291941
CYSTL_FWD_393126.8.peg.2454-MONOMER,0.0,-0.013708090099993683
CYSTL_REV_393126.8.peg.1762-MONOMER_mod_pydx5p(1),0.0,0.013709286672473148
CYSTL_FWD_393126.8.peg.1762-MONOMER_mod_pydx5p(1),0.0,-0.013708737490439944
CYSt2r_REV_CPLX_dummy,0.0,-1.7303138578205756e-06
CYSt2r_FWD_CPLX_dummy,4.567324802081824e-06,9.497268184308391e-38
CYTBD_REV_CPLX_CYTBD-2,0.0,0.006850494962789857
CYTBD_FWD_CPLX_CYTBD-2,0.0,-0.006853352503920693
CYTBD_REV_CPLX_CYTBD-1,0.0,0.006850465109455606
CYTBD_FWD_CPLX_CYTBD-1,0.0,-0.006853382357254943
CYTBD_REV_CPLX_CYTBD-0_mod_pheme(1)_mod_hemed(1),0.0,0.01370384746671055
CYTBD_FWD_CPLX_CYTBD-0_mod_pheme(1)_mod_hemed(1),0.0,1.8203954126918624e-34
CYTBD_REV_CPLX_CYTBD-3,0.0,0.006851703230129747
CYTBD_FWD_CPLX_CYTBD-3,0.0,-0.006852144236580803
CYTBD_REV_CPLX_CYTBD-4,0.0,0.006851768563803068
CYTBD_FWD_CPLX_CYTBD-4,0.0,-0.006852078902907482
CYTBD2_REV_393126.8.peg.2823-MONOMER,0.0,0.006852166662670564
CYTBD2_FWD_393126.8.peg.2823-MONOMER,0.0,-0.006851680804039985
CYTBD2_REV_393126.8.peg.2824-MONOMER,0.0,0.006850346979200366
CYTBD2_FWD_393126.8.peg.2824-MONOMER,0.0,-0.0068535004875101835
CYTB_B3_REV_CPLX_CYTB_B3-0,0.0,5.187322113717408e-07
CYTB_B3_FWD_CPLX_CYTB_B3-0,0.0,2.8170326755057607e-35
CYTD_REV_393126.8.peg.1541-MONOMER,0.0,-1.3779162777091991e-06
CYTD_FWD_393126.8.peg.1541-MONOMER,0.009964165646109883,-4.541373950046793e-36
CYTDK1_REV_393126.8.peg.1577-MONOMER_mod_mg2(1),0.0,4.5962902205209495e-07
CYTDK1_FWD_393126.8.peg.1577-MONOMER_mod_mg2(1),0.03280581090717632,5.0390644445041025e-36
CYTDK2_REV_393126.8.peg.1577-MONOMER_mod_mg2(1),0.0,1.1391844973136311e-06
CYTDK2_FWD_393126.8.peg.1577-MONOMER_mod_mg2(1),0.0,-6.795554752615362e-07
CYTDK3_REV_393126.8.peg.2025-MONOMER_mod_mg2(1),0.0,4.328235021543654e-07
CYTDK3_FWD_393126.8.peg.2025-MONOMER_mod_mg2(1),0.0,-1.3922617598133518e-06
CYTDK4_REV_393126.8.peg.1577-MONOMER_mod_mg2(1),0.0,1.1391844973136311e-06
CYTDK4_FWD_393126.8.peg.1577-MONOMER_mod_mg2(1),0.0,-6.795554752615362e-07
CYTK1_REV_393126.8.peg.2025-MONOMER_mod_mg2(1),0.0,-9.594382576589864e-07
CYTK1_FWD_393126.8.peg.2025-MONOMER_mod_mg2(1),0.19943694981695628,-2.3494943294447325e-35
CYTK2_REV_393126.8.peg.2025-MONOMER_mod_mg2(1),0.011926799195250568,-1.0597651873841372e-35
CYTK2_FWD_393126.8.peg.2025-MONOMER_mod_mg2(1),0.0,-9.594382576589864e-07
Cuabc_REV_393126.8.peg.1939-MONOMER,0.0,8.188806605384254e-08
Cuabc_FWD_393126.8.peg.1939-MONOMER,0.0,-1.3456549799655877e-35
Cuabc_REV_393126.8.peg.656-MONOMER,0.0,-2.397087619505502e-07
Cuabc_FWD_393126.8.peg.656-MONOMER,0.0,-3.215968280043927e-07
Cut1_REV_393126.8.peg.1939-MONOMER,0.0,0.027413202466712278
Cut1_FWD_393126.8.peg.1939-MONOMER,0.0,-0.027413120578646224
Cut1_REV_393126.8.peg.656-MONOMER,0.0,0.027412880869884273
Cut1_FWD_393126.8.peg.656-MONOMER,0.0,-0.027413442175474225
D5KGK_REV_CPLX_D5KGK-0,0.0,8.348662942228947e-08
D5KGK_FWD_CPLX_D5KGK-0,0.0,6.436357075363321e-36
DAAD_REV_393126.8.peg.1995-MONOMER,0.0,-3.2446611427229853e-06
DAAD_FWD_393126.8.peg.1995-MONOMER,0.13778246825372065,-2.900167586230049e-34
DADNK_REV_393126.8.peg.1789-MONOMER,0.0,-1.5265304776612287e-07
DADNK_FWD_393126.8.peg.1789-MONOMER,0.00496313430695593,-1.3034300644928564e-35
DAGK120_REV_393126.8.peg.1542-MONOMER,0.0,-1.1343245587826758e-07
DAGK120_FWD_393126.8.peg.1542-MONOMER,0.0,-1.4617231755982657e-35
DAGK140_REV_393126.8.peg.1542-MONOMER,0.0,-1.1343245587826758e-07
DAGK140_FWD_393126.8.peg.1542-MONOMER,0.0,-1.4617231755982657e-35
DAGK141_REV_393126.8.peg.1542-MONOMER,0.0,-1.1343245587826758e-07
DAGK141_FWD_393126.8.peg.1542-MONOMER,0.0,-1.9007819507637303e-35
DAGK160_REV_393126.8.peg.1542-MONOMER,0.0,-1.1343245587826758e-07
DAGK160_FWD_393126.8.peg.1542-MONOMER,0.0,-1.4617231755982657e-35
DAGK161_REV_393126.8.peg.1542-MONOMER,0.0,-1.1343245587826758e-07
DAGK161_FWD_393126.8.peg.1542-MONOMER,0.0,-1.9007819507637303e-35
DAGK180_REV_393126.8.peg.1542-MONOMER,0.0,-1.1343245587826758e-07
DAGK180_FWD_393126.8.peg.1542-MONOMER,0.006953720964133825,1.172629475394522e-35
DAGK181_REV_393126.8.peg.1542-MONOMER,0.0,-1.1343245587826758e-07
DAGK181_FWD_393126.8.peg.1542-MONOMER,0.0,-1.9007819507637303e-35
DALAt2r_REV_393126.8.peg.809-MONOMER,0.0,-3.7446951823309176e-06
DALAt2r_FWD_393126.8.peg.809-MONOMER,1.0,1.0652661388826147e-36
DAPDAi_REV_393126.8.peg.1041-MONOMER,0.0,1.2645192335601282e-06
DAPDAi_FWD_393126.8.peg.1041-MONOMER,0.0,3.109415863628693e-37
DAPDC_REV_393126.8.peg.2038-MONOMER_mod_pydx5p(1),0.0,-3.1740340111268837e-06
DAPDC_FWD_393126.8.peg.2038-MONOMER_mod_pydx5p(1),0.0,8.516791152524828e-37
DAPE_REV_393126.8.peg.2105-MONOMER,0.0,-2.207379391513288e-06
DAPE_FWD_393126.8.peg.2105-MONOMER,0.0,-3.491901332798391e-37
DASYN120_REV_393126.8.peg.1393-MONOMER,0.0,7.278735832530558e-07
DASYN120_FWD_393126.8.peg.1393-MONOMER,0.0,3.343771371975113e-35
DASYN120_REV_393126.8.peg.1394-MONOMER_mod_mg2(1)_mod_k(1),0.0,-2.434124782802571e-07
DASYN120_FWD_393126.8.peg.1394-MONOMER_mod_mg2(1)_mod_k(1),0.0,-9.71286061533313e-07
DASYN140_REV_393126.8.peg.1393-MONOMER,0.0,7.278735832530558e-07
DASYN140_FWD_393126.8.peg.1393-MONOMER,0.0,3.837574610645772e-37
DASYN140_REV_393126.8.peg.1394-MONOMER_mod_mg2(1)_mod_k(1),0.0,-2.434124782802571e-07
DASYN140_FWD_393126.8.peg.1394-MONOMER_mod_mg2(1)_mod_k(1),0.0,-9.71286061533313e-07
DASYN141_REV_393126.8.peg.1393-MONOMER,0.0,7.278735832530558e-07
DASYN141_FWD_393126.8.peg.1393-MONOMER,0.0,-7.879731603607061e-36
DASYN141_REV_393126.8.peg.1394-MONOMER_mod_mg2(1)_mod_k(1),0.0,-2.434124782802571e-07
DASYN141_FWD_393126.8.peg.1394-MONOMER_mod_mg2(1)_mod_k(1),0.0,-9.71286061533313e-07
DASYN160_REV_393126.8.peg.1393-MONOMER,0.0,7.278735832530558e-07
DASYN160_FWD_393126.8.peg.1393-MONOMER,0.0,4.996469184909441e-35
DASYN160_REV_393126.8.peg.1394-MONOMER_mod_mg2(1)_mod_k(1),0.0,-2.434124782802571e-07
DASYN160_FWD_393126.8.peg.1394-MONOMER_mod_mg2(1)_mod_k(1),0.0,-9.71286061533313e-07
DASYN161_REV_393126.8.peg.1393-MONOMER,0.0,7.278735832530558e-07
DASYN161_FWD_393126.8.peg.1393-MONOMER,0.0,-7.879731603607061e-36
DASYN161_REV_393126.8.peg.1394-MONOMER_mod_mg2(1)_mod_k(1),0.0,-2.434124782802571e-07
DASYN161_FWD_393126.8.peg.1394-MONOMER_mod_mg2(1)_mod_k(1),0.0,-9.71286061533313e-07
DASYN180_REV_393126.8.peg.1393-MONOMER,0.0,7.278735832530558e-07
DASYN180_FWD_393126.8.peg.1393-MONOMER,0.006953720964133825,4.376707505059068e-35
DASYN180_REV_393126.8.peg.1394-MONOMER_mod_mg2(1)_mod_k(1),0.0,-2.434124782802571e-07
DASYN180_FWD_393126.8.peg.1394-MONOMER_mod_mg2(1)_mod_k(1),0.0,-9.71286061533313e-07
DASYN181_REV_393126.8.peg.1393-MONOMER,0.0,7.278735832530558e-07
DASYN181_FWD_393126.8.peg.1393-MONOMER,0.0,-7.879731603607061e-36
DASYN181_REV_393126.8.peg.1394-MONOMER_mod_mg2(1)_mod_k(1),0.0,-2.434124782802571e-07
DASYN181_FWD_393126.8.peg.1394-MONOMER_mod_mg2(1)_mod_k(1),0.0,-9.71286061533313e-07
DASYNAI15_REV_393126.8.peg.1393-MONOMER,0.0,7.278735832530558e-07
DASYNAI15_FWD_393126.8.peg.1393-MONOMER,0.0,-4.919717692696525e-35
DASYNAI15_REV_393126.8.peg.1394-MONOMER_mod_mg2(1)_mod_k(1),0.0,-2.434124782802571e-07
DASYNAI15_FWD_393126.8.peg.1394-MONOMER_mod_mg2(1)_mod_k(1),0.0,-9.71286061533313e-07
DASYNAI17_REV_393126.8.peg.1393-MONOMER,0.0,7.278735832530558e-07
DASYNAI17_FWD_393126.8.peg.1393-MONOMER,0.006953720964133825,1.6910735590407853e-35
DASYNAI17_REV_393126.8.peg.1394-MONOMER_mod_mg2(1)_mod_k(1),0.0,-2.434124782802571e-07
DASYNAI17_FWD_393126.8.peg.1394-MONOMER_mod_mg2(1)_mod_k(1),0.0,-9.71286061533313e-07
DASYNI14_REV_393126.8.peg.1393-MONOMER,0.0,7.278735832530558e-07
DASYNI14_FWD_393126.8.peg.1393-MONOMER,0.0,-8.912667736691016e-36
DASYNI14_REV_393126.8.peg.1394-MONOMER_mod_mg2(1)_mod_k(1),0.0,-2.434124782802571e-07
DASYNI14_FWD_393126.8.peg.1394-MONOMER_mod_mg2(1)_mod_k(1),0.0,-9.71286061533313e-07
DASYNI15_REV_393126.8.peg.1393-MONOMER,0.0,7.278735832530558e-07
DASYNI15_FWD_393126.8.peg.1393-MONOMER,0.0,-4.919717692696525e-35
DASYNI15_REV_393126.8.peg.1394-MONOMER_mod_mg2(1)_mod_k(1),0.0,-2.434124782802571e-07
DASYNI15_FWD_393126.8.peg.1394-MONOMER_mod_mg2(1)_mod_k(1),0.0,-9.71286061533313e-07
DASYNI16_REV_393126.8.peg.1393-MONOMER,0.0,7.278735832530558e-07
DASYNI16_FWD_393126.8.peg.1393-MONOMER,0.0,-8.912667736691016e-36
DASYNI16_REV_393126.8.peg.1394-MONOMER_mod_mg2(1)_mod_k(1),0.0,-2.434124782802571e-07
DASYNI16_FWD_393126.8.peg.1394-MONOMER_mod_mg2(1)_mod_k(1),0.0,-9.71286061533313e-07
DASYNI17_REV_393126.8.peg.1393-MONOMER,0.0,7.278735832530558e-07
DASYNI17_FWD_393126.8.peg.1393-MONOMER,0.006953720964133825,1.6910735590407853e-35
DASYNI17_REV_393126.8.peg.1394-MONOMER_mod_mg2(1)_mod_k(1),0.0,-2.434124782802571e-07
DASYNI17_FWD_393126.8.peg.1394-MONOMER_mod_mg2(1)_mod_k(1),0.0,-9.71286061533313e-07
DCMPDA_REV_393126.8.peg.1562-MONOMER,0.0,-1.0253676725612449e-06
DCMPDA_FWD_393126.8.peg.1562-MONOMER,0.011926799195250568,5.625276450551738e-35
DCYTD_REV_393126.8.peg.1541-MONOMER,0.0,0.013700223939639966
DCYTD_FWD_393126.8.peg.1541-MONOMER,0.0,-0.013701601855917676
DDCAt_REV_CPLX_dummy,0.0,-1.7303138578205756e-06
DDCAt_FWD_CPLX_dummy,0.0,0.0
DDPA_REV_393126.8.peg.1680-MONOMER,0.0,-2.560030968938604e-06
DDPA_FWD_393126.8.peg.1680-MONOMER,0.012473071418382536,5.605567843340983e-35
DEXTRINASE_REV_393126.8.peg.186-MONOMER,0.0,1.4736621722644182e-06
DEXTRINASE_FWD_393126.8.peg.186-MONOMER,0.0,2.8966472674983235e-36
DEXTRINabc_REV_CPLX_dummy,0.0,-1.7303138578205756e-06
DEXTRINabc_FWD_CPLX_dummy,0.0,-3.671647047539933e-36
DGK1_REV_393126.8.peg.1913-MONOMER_mod_mg2(1),0.0,1.9468527059935877e-35
DGK1_FWD_393126.8.peg.1913-MONOMER_mod_mg2(1),0.0,-1.9468526391353444e-35
DHAD1_REV_393126.8.peg.2069-MONOMER_mod_4fe4s(1),0.0,6.115306383454897e-07
DHAD1_FWD_393126.8.peg.2069-MONOMER_mod_4fe4s(1),0.0,-4.976882664299187e-06
DHAD2_REV_393126.8.peg.2069-MONOMER_mod_4fe4s(1),0.0,-4.365352025953697e-06
DHAD2_FWD_393126.8.peg.2069-MONOMER_mod_4fe4s(1),1.8300815844637806e-22,7.647375846413263e-37
DHAPT_REV_393126.8.peg.357-MONOMER,0.0,-1.6015046709450315e-06
DHAPT_FWD_393126.8.peg.357-MONOMER,0.0,-4.152573585689342e-07
DHAPT_REV_393126.8.peg.2804-MONOMER,0.0,-1.1862473123760973e-06
DHAPT_FWD_393126.8.peg.2804-MONOMER,1.8048701507231004,4.1224829812363016e-36
DHAPT_REV_393126.8.peg.353-MONOMER,0.0,-1.7774249622356887e-06
DHAPT_FWD_393126.8.peg.353-MONOMER,0.0,-5.911776498595915e-07
DHAPT_REV_393126.8.peg.2802-MONOMER,0.0,-2.2407649345043504e-06
DHAPT_FWD_393126.8.peg.2802-MONOMER,0.0,-1.054517622128253e-06
DHAPT_REV_393126.8.peg.2803-MONOMER,0.0,-1.979652938808e-06
DHAPT_FWD_393126.8.peg.2803-MONOMER,0.0,-7.934056264319028e-07
DHAPT_REV_393126.8.peg.354-MONOMER,0.0,-1.6516898236317653e-06
DHAPT_FWD_393126.8.peg.354-MONOMER,0.0,-4.654425112556681e-07
DHDPRy_REV_393126.8.peg.1992-MONOMER,0.0,0.020522592189843897
DHDPRy_FWD_393126.8.peg.1992-MONOMER,0.0,-0.020520329814180182
DHDPS_REV_393126.8.peg.1513-MONOMER,0.0,8.495832972936432e-07
DHDPS_FWD_393126.8.peg.1513-MONOMER,0.0,4.48458367461363e-37
DHFOR2_REV_393126.8.peg.1959-MONOMER,0.0,-9.472998135624945e-35
DHFOR2_FWD_393126.8.peg.1959-MONOMER,0.0,-8.557402517561076e-07
DHFOR2_REV_393126.8.peg.2666-MONOMER,0.0,-3.383678225240759e-07
DHFOR2_FWD_393126.8.peg.2666-MONOMER,0.0,-1.1941080742801835e-06
DHFR_REV_393126.8.peg.1959-MONOMER,0.0,-8.557402517561076e-07
DHFR_FWD_393126.8.peg.1959-MONOMER,0.016748897896115816,-9.472998135624945e-35
DHFR_REV_393126.8.peg.2666-MONOMER,0.0,-1.1941080742801835e-06
DHFR_FWD_393126.8.peg.2666-MONOMER,0.0,-3.383678225240759e-07
DHFS_REV_393126.8.peg.1631-MONOMER,0.0,-2.147213068623118e-06
DHFS_FWD_393126.8.peg.1631-MONOMER,0.00482209870086525,-4.11923743515746e-36
DHLCOALT_REV_393126.8.peg.1451-MONOMER,0.0,-7.242811593229451e-36
DHLCOALT_FWD_393126.8.peg.1451-MONOMER,0.0,-3.145366293293829e-06
DHNAOPT_REV_393126.8.peg.1760-MONOMER_mod_mg2(1),0.0,-1.0835487545244094e-35
DHNAOPT_FWD_393126.8.peg.1760-MONOMER_mod_mg2(1),0.0,-2.3935343435910242e-06
DHNAOT4_REV_393126.8.peg.1760-MONOMER_mod_mg2(1),0.0,-2.3935343435910242e-06
DHNAOT4_FWD_393126.8.peg.1760-MONOMER_mod_mg2(1),0.0032147324672435,-5.52781071642316e-35
DHNPA_REV_393126.8.peg.228-MONOMER,0.0,-3.273597252604689e-07
DHNPA_FWD_393126.8.peg.228-MONOMER,0.00482209870086525,-1.6385207354439932e-35
DHNPA2_REV_CPLX_dummy,0.0,-1.7303138578205756e-06
DHNPA2_FWD_CPLX_dummy,0.0,-2.527634155205336e-36
DHORD2_REV_CPLX_DHORD2-0,0.0,-2.5824366307086055e-06
DHORD2_FWD_CPLX_DHORD2-0,0.0,-1.2072954549565028e-36
DHORD5_REV_CPLX_DHORD2-0,0.0,-2.5824366307086055e-06
DHORD5_FWD_CPLX_DHORD2-0,0.00160736623362175,1.5584007318360799e-34
DHORDfum_REV_CPLX_dummy,0.0,0.0034111485215772208
DHORDfum_FWD_CPLX_dummy,0.0,-0.0034128788354350413
DHORDi_REV_CPLX_DHORD2-0,0.0,0.005903126009462745
DHORDi_FWD_CPLX_DHORD2-0,0.0,-0.005905708446093454
DHORTS_REV_393126.8.peg.1923-MONOMER_mod_cobalt2(1)_mod_zn2(1),0.00160736623362175,5.565702176151423e-37
DHORTS_FWD_393126.8.peg.1923-MONOMER_mod_cobalt2(1)_mod_zn2(1),0.0,-4.320548341268206e-06
DHORTS_REV_393126.8.peg.1923-MONOMER_mod_mn2(1)_mod_zn2(1),0.0,-1.3756937025977625e-09
DHORTS_FWD_393126.8.peg.1923-MONOMER_mod_mn2(1)_mod_zn2(1),0.0,-4.321924034970804e-06
DHORTS_REV_393126.8.peg.1923-MONOMER_mod_ni2(1)_mod_zn2(1),0.0,-8.101735082196867e-09
DHORTS_FWD_393126.8.peg.1923-MONOMER_mod_ni2(1)_mod_zn2(1),0.0,-4.328650076350403e-06
DHPS_REV_393126.8.peg.226-MONOMER,0.0,9.236344677107573e-07
DHPS_FWD_393126.8.peg.226-MONOMER,0.00482209870086525,4.4815669268044047e-35
DHPS_REV_393126.8.peg.227-MONOMER_mod_mg2(1),0.0,6.182680460262268e-07
DHPS_FWD_393126.8.peg.227-MONOMER_mod_mg2(1),0.0,-3.0536642168453055e-07
DHPS2_REV_CPLX_dummy,0.0,-1.7303138578205756e-06
DHPS2_FWD_CPLX_dummy,0.0,-1.4864711746625922e-35
DHQS_REV_393126.8.peg.2012-MONOMER_mod_cobalt2(1)_mod_nad(1),0.0,-1.1088221213638957e-06
DHQS_FWD_393126.8.peg.2012-MONOMER_mod_cobalt2(1)_mod_nad(1),0.012473071418382536,3.5822080730533644e-36
DHQTi_REV_393126.8.peg.504-MONOMER,0.0,-2.2025490554190986e-06
DHQTi_FWD_393126.8.peg.504-MONOMER,0.012473071418382536,3.995239738965676e-37
DKDID_REV_393126.8.peg.395-MONOMER,0.0,7.818743514779235e-07
DKDID_FWD_393126.8.peg.395-MONOMER,0.0,-9.416697053352967e-38
DKDID2_REV_393126.8.peg.395-MONOMER,0.0,1.3878864927285729e-06
DKDID2_FWD_393126.8.peg.395-MONOMER,0.0,-6.060121412506493e-07
DMATT_REV_393126.8.peg.1440-MONOMER_mod_mn2(1),0.0,-1.7263206181474682e-06
DMATT_FWD_393126.8.peg.1440-MONOMER_mod_mn2(1),0.0035803714907008404,-3.835711310627199e-35
DMATT_REV_393126.8.peg.1440-MONOMER_mod_mg2(1),0.0,-1.7384067336559422e-06
DMATT_FWD_393126.8.peg.1440-MONOMER_mod_mg2(1),0.0,-1.208611550847414e-08
DMPPS_REV_393126.8.peg.1529-MONOMER_mod_nadph(1)_mod_nadh(1)_mod_fad(1)_mod_cobalt2(1),0.0,-1.9591640077668183e-06
DMPPS_FWD_393126.8.peg.1529-MONOMER_mod_nadph(1)_mod_nadh(1)_mod_fad(1)_mod_cobalt2(1),0.0035803714907008404,1.4578482910834442e-34
DMPPS2r_REV_393126.8.peg.1529-MONOMER_mod_nadph(1)_mod_nadh(1)_mod_fad(1)_mod_cobalt2(1),0.0,-1.3656435019824088e-06
DMPPS2r_FWD_393126.8.peg.1529-MONOMER_mod_nadph(1)_mod_nadh(1)_mod_fad(1)_mod_cobalt2(1),0.0,-5.935205057844096e-07
DMQMT_REV_CPLX_dummy,0.0,-1.7303138578205756e-06
DMQMT_FWD_CPLX_dummy,0.0,2.187510662933333e-35
DPCOAK_REV_393126.8.peg.1643-MONOMER,0.0,-4.156674122924502e-07
DPCOAK_FWD_393126.8.peg.1643-MONOMER,0.00160736623362175,3.6580967666627674e-35
DPMVDc_REV_393126.8.peg.12-MONOMER,0.0,2.828541550924397e-07
DPMVDc_FWD_393126.8.peg.12-MONOMER,0.0,-5.240851062996136e-36
DPRr_REV_393126.8.peg.2132-MONOMER,0.0,-1.4899569792684868e-06
DPRr_FWD_393126.8.peg.2132-MONOMER,0.0016077448665944136,4.22880800424244e-35
DPRr_REV_393126.8.peg.2072-MONOMER_mod_mg2(1),0.0,-1.9774820575897346e-06
DPRr_FWD_393126.8.peg.2072-MONOMER_mod_mg2(1),0.0,-4.875250783212481e-07
DRPAr_REV_393126.8.peg.2081-MONOMER,0.00496313430695593,-4.0465184463142305e-36
DRPAr_FWD_393126.8.peg.2081-MONOMER,0.0,-3.393354644289318e-06
DSERt2r_REV_393126.8.peg.809-MONOMER,0.0,1.4879268690546918e-37
DSERt2r_FWD_393126.8.peg.809-MONOMER,0.0,-3.7446951823309176e-06
DTMPK_REV_393126.8.peg.2800-MONOMER_mod_mg2(1),0.0,-8.49792409662451e-07
DTMPK_FWD_393126.8.peg.2800-MONOMER_mod_mg2(1),0.011926799195250568,2.592341136980652e-35
DURIK1_REV_393126.8.peg.2636-MONOMER_mod_mg2(1),0.0,7.955874550037734e-06
DURIK1_FWD_393126.8.peg.2636-MONOMER_mod_mg2(1),0.0,-7.960316997292431e-06
DURIPP_REV_393126.8.peg.2079-MONOMER,0.0,-3.613876202748674e-06
DURIPP_FWD_393126.8.peg.2079-MONOMER,0.0,-6.863014357631013e-07
DURIPP_REV_393126.8.peg.2039-MONOMER,0.0,-2.9275747669855727e-06
DURIPP_FWD_393126.8.peg.2039-MONOMER,0.0,5.824756563303293e-36
DURIPP_REV_393126.8.peg.1942-MONOMER,0.0,-3.1280597971658524e-06
DURIPP_FWD_393126.8.peg.1942-MONOMER,0.0,-2.0048503018027962e-07
DUTPDP_REV_393126.8.peg.1774-MONOMER,0.0,0.027412663019893195
DUTPDP_FWD_393126.8.peg.1774-MONOMER,0.0,-0.027411750539836223
DXPRIr_REV_393126.8.peg.1395-MONOMER_mod_cobalt2(1),0.0,-2.5982354699081195e-06
DXPRIr_FWD_393126.8.peg.1395-MONOMER_mod_cobalt2(1),0.029739888995978743,-1.056016641029153e-34
DXPRIr_REV_393126.8.peg.1395-MONOMER_mod_mn2(1),0.0,-2.6006881294840365e-06
DXPRIr_FWD_393126.8.peg.1395-MONOMER_mod_mn2(1),0.0,-2.45265957591687e-09
DXPRIr_REV_393126.8.peg.1395-MONOMER_mod_mg2(1),0.0,-2.606635812785797e-06
DXPRIr_FWD_393126.8.peg.1395-MONOMER_mod_mg2(1),0.0,-8.400342877677397e-09
DXPS_REV_393126.8.peg.1442-MONOMER_mod_thmpp(1),0.0,-3.23440874707436e-06
DXPS_FWD_393126.8.peg.1442-MONOMER_mod_thmpp(1),0.029739888995978743,-3.439659130805257e-38
E4PD_REV_393126.8.peg.2545-MONOMER,0.0,-4.895106868092192e-06
E4PD_FWD_393126.8.peg.2545-MONOMER,0.0,-1.1318544799694992e-36
EAR100x_REV_393126.8.peg.997-MONOMER,0.0,-3.0240285299436737e-06
EAR100x_FWD_393126.8.peg.997-MONOMER,0.0,1.823040605452155e-35
EAR100y_REV_393126.8.peg.1771-MONOMER,0.0,-1.9721556575102216e-06
EAR100y_FWD_393126.8.peg.1771-MONOMER,0.0,-1.3516813913536728e-07
EAR10M11_REV_393126.8.peg.1771-MONOMER,0.0,-1.8188929060690228e-06
EAR10M11_FWD_393126.8.peg.1771-MONOMER,0.0,-1.3516813913536728e-07
EAR10M11x_REV_393126.8.peg.997-MONOMER,0.0,-2.8707657785024746e-06
EAR10M11x_FWD_393126.8.peg.997-MONOMER,0.0,1.823040605452155e-35
EAR10M12_REV_393126.8.peg.1771-MONOMER,0.0,-1.8188929060690228e-06
EAR10M12_FWD_393126.8.peg.1771-MONOMER,0.0,-1.3516813913536728e-07
EAR10M12x_REV_393126.8.peg.997-MONOMER,0.0,-2.8707657785024746e-06
EAR10M12x_FWD_393126.8.peg.997-MONOMER,0.01683255411592637,1.823040605452155e-35
EAR11M12_REV_393126.8.peg.1771-MONOMER,0.0,-1.8188929060690228e-06
EAR11M12_FWD_393126.8.peg.1771-MONOMER,0.0,-1.3516813913536728e-07
EAR11M12x_REV_393126.8.peg.997-MONOMER,0.0,-2.8707657785024746e-06
EAR11M12x_FWD_393126.8.peg.997-MONOMER,0.01683255411592637,1.823040605452155e-35
EAR120x_REV_393126.8.peg.997-MONOMER,0.0,-3.0477470662519897e-06
EAR120x_FWD_393126.8.peg.997-MONOMER,0.0,8.675309449950969e-35
EAR120y_REV_393126.8.peg.1771-MONOMER,0.0,-1.9958741938185376e-06
EAR120y_FWD_393126.8.peg.1771-MONOMER,0.0,-1.3516813913536728e-07
EAR12M13_REV_393126.8.peg.1771-MONOMER,0.0,-1.8188929060690228e-06
EAR12M13_FWD_393126.8.peg.1771-MONOMER,0.0,-1.3516813913536728e-07
EAR12M13x_REV_393126.8.peg.997-MONOMER,0.0,-2.8707657785024746e-06
EAR12M13x_FWD_393126.8.peg.997-MONOMER,0.0,-9.178669323473707e-36
EAR12M14_REV_393126.8.peg.1771-MONOMER,0.0,-1.8188929060690228e-06
EAR12M14_FWD_393126.8.peg.1771-MONOMER,0.0,-1.3516813913536728e-07
EAR12M14x_REV_393126.8.peg.997-MONOMER,0.0,-2.8707657785024746e-06
EAR12M14x_FWD_393126.8.peg.997-MONOMER,0.01683255411592637,-3.6587744701468966e-35
EAR13M14_REV_393126.8.peg.1771-MONOMER,0.0,-1.8188929060690228e-06
EAR13M14_FWD_393126.8.peg.1771-MONOMER,0.0,-1.3516813913536728e-07
EAR13M14x_REV_393126.8.peg.997-MONOMER,0.0,-2.8707657785024746e-06
EAR13M14x_FWD_393126.8.peg.997-MONOMER,0.01683255411592637,-3.6587744701468966e-35
EAR140x_REV_393126.8.peg.997-MONOMER,0.0,-3.071469264373885e-06
EAR140x_FWD_393126.8.peg.997-MONOMER,0.0,1.0045763218850732e-34
EAR140y_REV_393126.8.peg.1771-MONOMER,0.0,-2.019596391940433e-06
EAR140y_FWD_393126.8.peg.1771-MONOMER,0.0,-1.3516813913536728e-07
EAR14M15_REV_393126.8.peg.1771-MONOMER,0.0,0.0017225478864815024
EAR14M15_FWD_393126.8.peg.1771-MONOMER,0.0,-0.0017245019475267069
EAR14M15x_REV_393126.8.peg.997-MONOMER,0.0,0.001721496013609069
EAR14M15x_FWD_393126.8.peg.997-MONOMER,0.0,-0.0017243667793875716
EAR14M16_REV_393126.8.peg.1771-MONOMER,0.0,-1.8188929060690228e-06
EAR14M16_FWD_393126.8.peg.1771-MONOMER,0.0,-1.3516813913536728e-07
EAR14M16x_REV_393126.8.peg.997-MONOMER,0.0,-2.8707657785024746e-06
EAR14M16x_FWD_393126.8.peg.997-MONOMER,0.01683255411592637,7.304855681051206e-35
EAR15M16_REV_393126.8.peg.1771-MONOMER,0.0,-1.8188929060690228e-06
EAR15M16_FWD_393126.8.peg.1771-MONOMER,0.0,-1.3516813913536728e-07
EAR15M16x_REV_393126.8.peg.997-MONOMER,0.0,-2.8707657785024746e-06
EAR15M16x_FWD_393126.8.peg.997-MONOMER,0.01683255411592637,1.823040605452155e-35
EAR160x_REV_393126.8.peg.997-MONOMER,0.0,0.013704572828529124
EAR160x_FWD_393126.8.peg.997-MONOMER,0.0,-0.01370765615705694
EAR160y_REV_393126.8.peg.1771-MONOMER,0.0,0.013705624701401556
EAR160y_FWD_393126.8.peg.1771-MONOMER,0.0,-0.013707791325196077
EAR180x_REV_393126.8.peg.997-MONOMER,0.0,0.013704619783547959
EAR180x_FWD_393126.8.peg.997-MONOMER,0.0,-0.013707703112116401
EAR180y_REV_393126.8.peg.1771-MONOMER,0.0,0.013705671656420393
EAR180y_FWD_393126.8.peg.1771-MONOMER,0.0,-0.013707838280255536
EAR40x_REV_393126.8.peg.997-MONOMER,0.0,0.07196390782753032
EAR40x_FWD_393126.8.peg.997-MONOMER,0.0,-0.07196692296332577
EAR40y_REV_393126.8.peg.1771-MONOMER,0.0,0.07196495970040274
EAR40y_FWD_393126.8.peg.1771-MONOMER,0.0,-0.0719670581314649
EAR4M5_REV_393126.8.peg.1771-MONOMER,0.0,-1.8188929060690228e-06
EAR4M5_FWD_393126.8.peg.1771-MONOMER,0.0,-1.3516813913536728e-07
EAR4M5x_REV_393126.8.peg.997-MONOMER,0.0,-2.8707657785024746e-06
EAR4M5x_FWD_393126.8.peg.997-MONOMER,0.0,1.823040605452155e-35
EAR4M6_REV_393126.8.peg.1771-MONOMER,0.0,-1.8188929060690228e-06
EAR4M6_FWD_393126.8.peg.1771-MONOMER,0.0,-1.3516813913536728e-07
EAR4M6x_REV_393126.8.peg.997-MONOMER,0.0,-2.8707657785024746e-06
EAR4M6x_FWD_393126.8.peg.997-MONOMER,0.01683255411592637,1.823040605452155e-35
EAR5M6_REV_393126.8.peg.1771-MONOMER,0.0,-1.8188929060690228e-06
EAR5M6_FWD_393126.8.peg.1771-MONOMER,0.0,-1.3516813913536728e-07
EAR5M6x_REV_393126.8.peg.997-MONOMER,0.0,-2.8707657785024746e-06
EAR5M6x_FWD_393126.8.peg.997-MONOMER,0.01683255411592637,1.823040605452155e-35
EAR60x_REV_393126.8.peg.997-MONOMER,0.0,-2.9765915804483468e-06
EAR60x_FWD_393126.8.peg.997-MONOMER,0.0,4.525868365523921e-36
EAR60y_REV_393126.8.peg.1771-MONOMER,0.0,-1.9247187080148947e-06
EAR60y_FWD_393126.8.peg.1771-MONOMER,0.0,-1.3516813913536728e-07
EAR6M7_REV_393126.8.peg.1771-MONOMER,0.0,-1.8188929060690228e-06
EAR6M7_FWD_393126.8.peg.1771-MONOMER,0.0,-1.3516813913536728e-07
EAR6M7x_REV_393126.8.peg.997-MONOMER,0.0,-2.8707657785024746e-06
EAR6M7x_FWD_393126.8.peg.997-MONOMER,0.0,1.823040605452155e-35
EAR6M8_REV_393126.8.peg.1771-MONOMER,0.0,-1.8188929060690228e-06
EAR6M8_FWD_393126.8.peg.1771-MONOMER,0.0,-1.3516813913536728e-07
EAR6M8x_REV_393126.8.peg.997-MONOMER,0.0,-2.8707657785024746e-06
EAR6M8x_FWD_393126.8.peg.997-MONOMER,0.01683255411592637,4.5639481432516807e-35
EAR7M8_REV_393126.8.peg.1771-MONOMER,0.0,-1.8188929060690228e-06
EAR7M8_FWD_393126.8.peg.1771-MONOMER,0.0,-1.3516813913536728e-07
EAR7M8x_REV_393126.8.peg.997-MONOMER,0.0,-2.8707657785024746e-06
EAR7M8x_FWD_393126.8.peg.997-MONOMER,0.01683255411592637,1.823040605452155e-35
EAR80x_REV_393126.8.peg.997-MONOMER,0.0,-3.0003100346758163e-06
EAR80x_FWD_393126.8.peg.997-MONOMER,0.0,3.193494374351918e-35
EAR80y_REV_393126.8.peg.1771-MONOMER,0.0,-1.9484371622423643e-06
EAR80y_FWD_393126.8.peg.1771-MONOMER,0.0,-1.3516813913536728e-07
EAR8M10_REV_393126.8.peg.1771-MONOMER,0.0,-1.8188929060690228e-06
EAR8M10_FWD_393126.8.peg.1771-MONOMER,0.0,-1.3516813913536728e-07
EAR8M10x_REV_393126.8.peg.997-MONOMER,0.0,-2.8707657785024746e-06
EAR8M10x_FWD_393126.8.peg.997-MONOMER,0.01683255411592637,1.823040605452155e-35
EAR8M9_REV_393126.8.peg.1771-MONOMER,0.0,-1.8188929060690228e-06
EAR8M9_FWD_393126.8.peg.1771-MONOMER,0.0,-1.3516813913536728e-07
EAR8M9x_REV_393126.8.peg.997-MONOMER,0.0,-2.8707657785024746e-06
EAR8M9x_FWD_393126.8.peg.997-MONOMER,0.0,1.823040605452155e-35
EAR9M10_REV_393126.8.peg.1771-MONOMER,0.0,-1.8188929060690228e-06
EAR9M10_FWD_393126.8.peg.1771-MONOMER,0.0,-1.3516813913536728e-07
EAR9M10x_REV_393126.8.peg.997-MONOMER,0.0,-2.8707657785024746e-06
EAR9M10x_FWD_393126.8.peg.997-MONOMER,0.01683255411592637,1.823040605452155e-35
EHGLAT_REV_393126.8.peg.2454-MONOMER,0.0,1.843962925727783e-06
EHGLAT_FWD_393126.8.peg.2454-MONOMER,0.0,6.904397450857761e-37
EHGLAT_REV_393126.8.peg.1982-MONOMER,0.0,-2.1705386374585217e-07
EHGLAT_FWD_393126.8.peg.1982-MONOMER,0.0,-2.061016789473635e-06
EHGLAT_REV_393126.8.peg.2342-MONOMER,0.0,1.4463211548240706e-07
EHGLAT_FWD_393126.8.peg.2342-MONOMER,0.0,-1.6993308102453758e-06
ENO_REV_393126.8.peg.2541-MONOMER_mod_mg2(4),0.0,-4.000203938814425e-06
ENO_FWD_393126.8.peg.2541-MONOMER_mod_mg2(4),7.859068342642941,-3.0325227905322483e-37
ETHAAL_REV_393126.8.peg.1188-MONOMER,0.0,1.3884394303866271e-06
ETHAAL_FWD_393126.8.peg.1188-MONOMER,0.0,-3.521879168423846e-38
ETHAAL_REV_393126.8.peg.1187-MONOMER,0.0,9.006310053274958e-07
ETHAAL_FWD_393126.8.peg.1187-MONOMER,0.0,-4.878084250591313e-07
ETHAt2_REV_393126.8.peg.1198-MONOMER,0.0,-1.6939803714323335e-07
ETHAt2_FWD_393126.8.peg.1198-MONOMER,0.0,-5.343248521028044e-37
ETOHt_REV_CPLX_dummy,4.851608013478004,0.0
ETOHt_FWD_CPLX_dummy,0.0,-1.7303138578205756e-06
FACOAL140_REV_393126.8.peg.360-MONOMER,0.0,-7.028388421453002e-35
FACOAL140_FWD_393126.8.peg.360-MONOMER,0.0,-1.6361257535896355e-06
FACOAL160_REV_393126.8.peg.360-MONOMER,0.0,-1.6145527472170918e-35
FACOAL160_FWD_393126.8.peg.360-MONOMER,0.0,-1.6361257535896355e-06
FACOAL161_REV_393126.8.peg.360-MONOMER,0.0,-4.5500869084494217e-35
FACOAL161_FWD_393126.8.peg.360-MONOMER,0.0,-1.6361257535896355e-06
FACOAL180_REV_393126.8.peg.360-MONOMER,0.0,-1.7980236322941125e-35
FACOAL180_FWD_393126.8.peg.360-MONOMER,0.0,-1.6361257535896355e-06
FACOAL181_REV_393126.8.peg.360-MONOMER,0.0,-4.5500869084494217e-35
FACOAL181_FWD_393126.8.peg.360-MONOMER,0.0,-1.6361257535896355e-06
FACOALAI15_REV_393126.8.peg.360-MONOMER,0.0,-1.6145527472170918e-35
FACOALAI15_FWD_393126.8.peg.360-MONOMER,0.0,-1.6361257535896355e-06
FACOALAI17_REV_393126.8.peg.360-MONOMER,0.0,4.2565155752475676e-35
FACOALAI17_FWD_393126.8.peg.360-MONOMER,0.0,-1.6361257535896355e-06
FACOALI14_REV_393126.8.peg.360-MONOMER,0.0,-1.6145527472170918e-35
FACOALI14_FWD_393126.8.peg.360-MONOMER,0.0,-1.6361257535896355e-06
FACOALI15_REV_393126.8.peg.360-MONOMER,0.0,1.320981414015238e-35
FACOALI15_FWD_393126.8.peg.360-MONOMER,0.0,-1.6361257535896355e-06
FACOALI16_REV_393126.8.peg.360-MONOMER,0.0,1.320981414015238e-35
FACOALI16_FWD_393126.8.peg.360-MONOMER,0.0,-1.6361257535896355e-06
FACOALI17_REV_393126.8.peg.360-MONOMER,0.0,1.320981414015238e-35
FACOALI17_FWD_393126.8.peg.360-MONOMER,0.0,-1.6361257535896355e-06
FBA_REV_393126.8.peg.2650-MONOMER,0.0,-2.5409353318021034e-06
FBA_FWD_393126.8.peg.2650-MONOMER,0.0,-6.460036399239199e-07
FBA_REV_393126.8.peg.2222-MONOMER,0.0,-1.8949316918781836e-06
FBA_FWD_393126.8.peg.2222-MONOMER,3.058534044098686,-1.5246634630279586e-35
FBA2_REV_393126.8.peg.2650-MONOMER,0.0,-1.8745145615906234e-06
FBA2_FWD_393126.8.peg.2650-MONOMER,0.0,-1.3124244101354e-06
FBA2_REV_393126.8.peg.2222-MONOMER,0.0,-1.2285109216667035e-06
FBA2_FWD_393126.8.peg.2222-MONOMER,0.0,-6.6642077021148e-07
FBA3_REV_393126.8.peg.2650-MONOMER,0.0,-2.066848647955523e-06
FBA3_FWD_393126.8.peg.2650-MONOMER,0.0,-1.1200903237705006e-06
FBA3_REV_393126.8.peg.2222-MONOMER,0.0,-1.4208450080316028e-06
FBA3_FWD_393126.8.peg.2222-MONOMER,0.0,-4.740866838465807e-07
FBP_REV_393126.8.peg.852-MONOMER,0.0,0.013708061491425581
FBP_FWD_393126.8.peg.852-MONOMER,0.0,-0.013708606726317367
FCLTc_REV_393126.8.peg.2300-MONOMER,0.0,0.2638425466761614
FCLTc_FWD_393126.8.peg.2300-MONOMER,0.0,-0.2638437542498386
FDH_REV_393126.8.peg.2679-MONOMER,0.0,0.006855379861930676
FDH_FWD_393126.8.peg.2679-MONOMER,0.0,-0.00685365693419514
FDH_REV_393126.8.peg.2681-MONOMER,0.0,0.006852791895689739
FDH_FWD_393126.8.peg.2681-MONOMER,0.0,-0.006856244900436077
FE2abc_REV_393126.8.peg.2193-MONOMER,0.0,-3.488058184579448e-06
FE2abc_FWD_393126.8.peg.2193-MONOMER,0.0016074915947859652,-4.005402568521992e-35
FE3abc_REV_CPLX_dummy,0.0,0.01370534410022232
FE3abc_FWD_CPLX_dummy,0.0,-0.013707074414080141
FE3t4_REV_CPLX_FE3t4-0,0.0,-7.839524098149544e-07
FE3t4_FWD_CPLX_FE3t4-0,0.0,5.513436056939894e-41
FERO_REV_393126.8.peg.970-MONOMER,0.0,0.08224478887978302
FERO_FWD_393126.8.peg.970-MONOMER,0.0,-0.08224291891494048
FFSD_REV_CPLX_dummy,0.0,-1.7303138578205756e-06
FFSD_FWD_CPLX_dummy,0.07449289,-7.835382483946688e-36
FICYTCOX_REV_CPLX_dummy,0.0,0.013709101491305699
FICYTCOX_FWD_CPLX_dummy,0.0,-0.013710831805163519
FMNAT_REV_393126.8.peg.749-MONOMER,0.0,-1.29384462898821e-06
FMNAT_FWD_393126.8.peg.749-MONOMER,0.0,-3.3170203973071756e-07
FMNAT_REV_393126.8.peg.1407-MONOMER,0.0,-9.621425892574924e-07
FMNAT_FWD_393126.8.peg.1407-MONOMER,0.0016074275076116552,-9.168531710987297e-37
FMNAT_REV_CPLX_FMNAT-0,0.0,-1.2313093647384768e-06
FMNAT_FWD_CPLX_FMNAT-0,0.0,-2.691667754809844e-07
FMNRx_REV_393126.8.peg.2434-MONOMER,0.0,9.343858866265113e-07
FMNRx_FWD_393126.8.peg.2434-MONOMER,0.0,-1.0107789802285881e-07
FMNRx2_REV_393126.8.peg.963-MONOMER,0.0,1.7886335209911892e-06
FMNRx2_FWD_393126.8.peg.963-MONOMER,0.0,-4.3387127522700014e-07
FMNRx2_REV_393126.8.peg.2434-MONOMER,0.0,1.527906392410921e-06
FMNRx2_FWD_393126.8.peg.2434-MONOMER,0.0,-6.945984038072685e-07
FMNRx2_REV_393126.8.peg.2200-MONOMER,0.0,2.2225047962181893e-06
FMNRx2_FWD_393126.8.peg.2200-MONOMER,0.0,1.894492341833233e-35
FOLD3_REV_393126.8.peg.226-MONOMER,0.0,0.027415840585066294
FOLD3_FWD_393126.8.peg.226-MONOMER,0.0,-0.027414916950598583
FOLD3_REV_393126.8.peg.227-MONOMER_mod_mg2(1),0.0,0.027415535218644607
FOLD3_FWD_393126.8.peg.227-MONOMER_mod_mg2(1),0.0,-0.027415222317020267
FORt2r_REV_CPLX_dummy,11.008492044815377,3.6540249619928226e-37
FORt2r_FWD_CPLX_dummy,0.0,-1.7303138578205756e-06
FPGS_REV_393126.8.peg.632-MONOMER,0.0,8.424919098191771e-07
FPGS_FWD_393126.8.peg.632-MONOMER,0.0,2.6351908470844506e-35
FPGS7_REV_393126.8.peg.1631-MONOMER,0.0,-2.147213068623118e-06
FPGS7_FWD_393126.8.peg.1631-MONOMER,0.008040766750883383,-1.945911106963423e-34
FPGS_tm_REV_393126.8.peg.1631-MONOMER,0.0,0.2672103348921036
FPGS_tm_FWD_393126.8.peg.1631-MONOMER,0.0,-0.26721248210517223
FRD2_REV_393126.8.peg.361-MONOMER,0.0,0.0034115761643460536
FRD2_FWD_393126.8.peg.361-MONOMER,0.0,-0.003415033629296917
FRD3_REV_393126.8.peg.361-MONOMER,0.0,-3.457464950863397e-06
FRD3_FWD_393126.8.peg.361-MONOMER,0.0032147324672435,1.4431119618660118e-34
FRD7_REV_CPLX_dummy,0.0,0.0034124397398925753
FRD7_FWD_CPLX_dummy,0.0,-0.003414170053750396
FRTT_REV_393126.8.peg.2736-MONOMER,0.0,-1.621688611171978e-06
FRTT_FWD_393126.8.peg.2736-MONOMER,0.0,-1.2369809745796621e-06
FRTT_REV_393126.8.peg.2737-MONOMER_mod_mg2(1),0.0,-7.134481327183031e-07
FRTT_FWD_393126.8.peg.2737-MONOMER_mod_mg2(1),0.0,-3.287404961259874e-07
FRTT_REV_393126.8.peg.2017-MONOMER,0.0,-3.8470763659231575e-07
FRTT_FWD_393126.8.peg.2017-MONOMER,0.0032147324672435,8.099610917584118e-36
FRTT_REV_393126.8.peg.2015-MONOMER,0.0,-8.256914573196881e-07
FRTT_FWD_393126.8.peg.2015-MONOMER,0.0,-4.4098382072737245e-07
FRUK_REV_393126.8.peg.2419-MONOMER_mod_mg2(1),0.0,-2.3112305818695342e-06
FRUK_FWD_393126.8.peg.2419-MONOMER_mod_mg2(1),0.0,-4.4025820079438173e-07
FRUK_REV_393126.8.peg.2183-MONOMER,0.0,-1.8709723810751526e-06
FRUK_FWD_393126.8.peg.2183-MONOMER,0.14898579,-1.662343962122508e-35
FRUpts_REV_CPLX_FRUpts-16,0.0,-3.373181079132717e-06
FRUpts_FWD_CPLX_FRUpts-16,0.0,-4.4291496306159866e-07
FRUpts_REV_CPLX_FRUpts-12,0.0,-3.3472540106576922e-06
FRUpts_FWD_CPLX_FRUpts-12,0.0,-4.1698789458657345e-07
FRUpts_REV_CPLX_FRUpts-32,0.0,-3.1190374779136597e-06
FRUpts_FWD_CPLX_FRUpts-32,0.0,-1.8877136184254084e-07
FRUpts_REV_CPLX_FRUpts-24,0.0,-3.5814638763526704e-06
FRUpts_FWD_CPLX_FRUpts-24,0.0,-6.511977602815518e-07
FRUpts_REV_CPLX_FRUpts-34,0.0,-3.0420965818925125e-06
FRUpts_FWD_CPLX_FRUpts-34,0.0,-1.1183046582139381e-07
FRUpts_REV_CPLX_FRUpts-5,0.0,-3.35666348977861e-06
FRUpts_FWD_CPLX_FRUpts-5,0.0,-4.2639737370749153e-07
FRUpts_REV_CPLX_FRUpts-41,0.0,-3.1926639487112727e-06
FRUpts_FWD_CPLX_FRUpts-41,0.0,-2.62397832640154e-07
FRUpts_REV_CPLX_FRUpts-30,0.0,-3.6874774314907178e-06
FRUpts_FWD_CPLX_FRUpts-30,0.0,-7.572113154195992e-07
FRUpts_REV_CPLX_FRUpts-40,0.0,-3.692455758703625e-06
FRUpts_FWD_CPLX_FRUpts-40,0.0,-7.621896426325063e-07
FRUpts_REV_CPLX_FRUpts-20,0.0,-3.6800687865477654e-06
FRUpts_FWD_CPLX_FRUpts-20,0.0,-7.498026704766466e-07
FRUpts_REV_CPLX_FRUpts-0,0.0,-3.3295577746776698e-06
FRUpts_FWD_CPLX_FRUpts-0,0.0,-3.9929165860655103e-07
FRUpts_REV_CPLX_FRUpts-7,0.0,-3.309880421725403e-06
FRUpts_FWD_CPLX_FRUpts-7,0.0,-3.796143056542846e-07
FRUpts_REV_CPLX_FRUpts-43,0.0,-2.9649257319099087e-06
FRUpts_FWD_CPLX_FRUpts-43,0.0,-3.4659615838790166e-08
FRUpts_REV_CPLX_FRUpts-2,0.0,-3.2849613818866447e-06
FRUpts_FWD_CPLX_FRUpts-2,0.0,-3.54695265815526e-07
FRUpts_REV_CPLX_FRUpts-45,0.0,-3.9270777713858294e-06
FRUpts_FWD_CPLX_FRUpts-45,0.0,-9.968116553147108e-07
FRUpts_REV_CPLX_FRUpts-17,0.0,-3.314831490671559e-06
FRUpts_FWD_CPLX_FRUpts-17,0.0,-3.845653746004403e-07
FRUpts_REV_CPLX_FRUpts-42,0.0,-3.124628330614392e-06
FRUpts_FWD_CPLX_FRUpts-42,0.0,-1.9436221454327352e-07
FRUpts_REV_CPLX_FRUpts-36,0.0,-3.7266353090061504e-06
FRUpts_FWD_CPLX_FRUpts-36,0.0,-7.963691929350318e-07
FRUpts_REV_CPLX_FRUpts-10,0.0,-3.404668452981096e-06
FRUpts_FWD_CPLX_FRUpts-10,0.0,-4.7440233690997704e-07
FRUpts_REV_CPLX_FRUpts-46,0.0,-3.5587711882097887e-06
FRUpts_FWD_CPLX_FRUpts-46,0.0,-6.285050721386702e-07
FRUpts_REV_CPLX_FRUpts-47,0.0,-3.507475780257791e-06
FRUpts_FWD_CPLX_FRUpts-47,0.0,-5.772096641866723e-07
FRUpts_REV_CPLX_FRUpts-21,0.0,-3.679392582043633e-06
FRUpts_FWD_CPLX_FRUpts-21,0.0,-7.491264659725144e-07
FRUpts_REV_CPLX_FRUpts-29,0.0,-3.0128236770830067e-06
FRUpts_FWD_CPLX_FRUpts-29,0.0,-8.255756101188815e-08
FRUpts_REV_CPLX_FRUpts-35,0.0,-3.7385251502837525e-06
FRUpts_FWD_CPLX_FRUpts-35,0.0,-8.082590342126336e-07
FRUpts_REV_CPLX_FRUpts-31,0.0,-3.1869453322212167e-06
FRUpts_FWD_CPLX_FRUpts-31,0.0,-2.5667921615009816e-07
FRUpts_REV_CPLX_FRUpts-14,0.0,-3.2774780937416494e-06
FRUpts_FWD_CPLX_FRUpts-14,0.0,-3.472119776705306e-07
FRUpts_REV_CPLX_FRUpts-44,0.0,-3.0475504397233045e-06
FRUpts_FWD_CPLX_FRUpts-44,0.0,-1.1728432365218592e-07
FRUpts_REV_CPLX_FRUpts-4,0.0,-3.2189854003480416e-06
FRUpts_FWD_CPLX_FRUpts-4,0.0,-2.88719284276923e-07
FRUpts_REV_CPLX_FRUpts-6,0.0,-3.3681406897739832e-06
FRUpts_FWD_CPLX_FRUpts-6,0.0,-4.378745737028646e-07
FRUpts_REV_CPLX_FRUpts-33,0.0,-2.959625686082703e-06
FRUpts_FWD_CPLX_FRUpts-33,0.0,-2.935957001158416e-08
FRUpts_REV_CPLX_FRUpts-28,0.0,-2.9302661160711186e-06
FRUpts_FWD_CPLX_FRUpts-28,0.14898579,-5.23538188094983e-36
FRUpts_REV_CPLX_FRUpts-27,0.0,-3.089873553166798e-06
FRUpts_FWD_CPLX_FRUpts-27,0.0,-1.596074370956795e-07
FRUpts_REV_CPLX_FRUpts-38,0.0,-3.552181356938892e-06
FRUpts_FWD_CPLX_FRUpts-38,0.0,-6.219152408677737e-07
FRUpts_REV_CPLX_FRUpts-13,0.0,-3.2025246310302437e-06
FRUpts_FWD_CPLX_FRUpts-13,0.0,-2.7225851495912515e-07
FRUpts_REV_CPLX_FRUpts-39,0.0,-3.6155515620745186e-06
FRUpts_FWD_CPLX_FRUpts-39,0.0,-6.852854460034e-07
FRUpts_REV_CPLX_FRUpts-3,0.0,-3.1481983038792673e-06
FRUpts_FWD_CPLX_FRUpts-3,0.0,-2.1793218780814862e-07
FRUpts_REV_CPLX_FRUpts-49,0.0,-3.449555501939633e-06
FRUpts_FWD_CPLX_FRUpts-49,0.0,-5.192893858685141e-07
FRUpts_REV_CPLX_FRUpts-37,0.0,-3.6743924000679836e-06
FRUpts_FWD_CPLX_FRUpts-37,0.0,-7.441262839968648e-07
FRUpts_REV_CPLX_FRUpts-48,0.0,-3.3873075518701948e-06
FRUpts_FWD_CPLX_FRUpts-48,0.0,-4.5704143579907626e-07
FRUpts_REV_CPLX_FRUpts-26,0.0,-3.1578474146589026e-06
FRUpts_FWD_CPLX_FRUpts-26,0.0,-2.2758129858778388e-07
FRUpts_REV_CPLX_FRUpts-8,0.0,-3.1732538478062523e-06
FRUpts_FWD_CPLX_FRUpts-8,0.0,-2.429877317351337e-07
FRUpts_REV_CPLX_FRUpts-1,0.0,-3.343267808312216e-06
FRUpts_FWD_CPLX_FRUpts-1,0.0,-4.1300169224109734e-07
FRUpts_REV_CPLX_FRUpts-9,0.0,-3.243980400306869e-06
FRUpts_FWD_CPLX_FRUpts-9,0.0,-3.1371428423574997e-07
FRUpts_REV_CPLX_FRUpts-18,0.0,-3.1780020923507507e-06
FRUpts_FWD_CPLX_FRUpts-18,0.0,-2.4773597627963203e-07
FRUpts_REV_CPLX_FRUpts-23,0.0,-3.525636813597542e-06
FRUpts_FWD_CPLX_FRUpts-23,0.0,-5.953706975264236e-07
FRUpts_REV_CPLX_FRUpts-22,0.0,-3.6333798960622444e-06
FRUpts_FWD_CPLX_FRUpts-22,0.0,-7.031137799911255e-07
FRUpts_REV_CPLX_FRUpts-19,0.0,-3.2488360782413742e-06
FRUpts_FWD_CPLX_FRUpts-19,0.0,-3.1856996217025563e-07
FRUpts_REV_CPLX_FRUpts-15,0.0,-3.3622389328747766e-06
FRUpts_FWD_CPLX_FRUpts-15,0.0,-4.3197281680365784e-07
FRUpts_REV_CPLX_FRUpts-25,0.0,-3.664869367084937e-06
FRUpts_FWD_CPLX_FRUpts-25,0.0,-7.34603251013818e-07
FRUpts_REV_CPLX_FRUpts-11,0.0,-3.409005267074857e-06
FRUpts_FWD_CPLX_FRUpts-11,0.0,-4.787391510037382e-07
FT_REV_393126.8.peg.1392-MONOMER_mod_mg2(1),0.0,-1.1626313272255387e-06
FT_FWD_393126.8.peg.1392-MONOMER_mod_mg2(1),0.0003656390234573401,8.427207117493544e-36
FTHFCL_REV_393126.8.peg.1413-MONOMER,0.0,2.9075294119549168e-06
FTHFCL_FWD_393126.8.peg.1413-MONOMER,0.0,2.8490426672795733e-35
FTHFL_REV_393126.8.peg.1962-MONOMER,0.0,-3.4038381962763432e-06
FTHFL_FWD_393126.8.peg.1962-MONOMER,0.5748504269326271,-3.7226881713446994e-36
FUM_REV_393126.8.peg.2314-MONOMER,0.0,-4.333406544154426e-06
FUM_FWD_393126.8.peg.2314-MONOMER,0.35230078381662894,-9.780073182331172e-37
G1PACT_REV_393126.8.peg.200-MONOMER_mod_mg2(1),0.0,-2.769791061659734e-06
G1PACT_FWD_393126.8.peg.200-MONOMER_mod_mg2(1),0.026326009688928485,8.871635530790283e-34
G1PTT_REV_393126.8.peg.1111-MONOMER_mod_mg2(1),0.0,1.9249687212324527e-06
G1PTT_FWD_393126.8.peg.1111-MONOMER_mod_mg2(1),0.0,-7.776375560611004e-35
G1SAT_REV_393126.8.peg.1768-MONOMER,0.0,-3.085103703139974e-06
G1SAT_FWD_393126.8.peg.1768-MONOMER,0.0,-2.183609453467971e-07
G1SAT_REV_393126.8.peg.1633-MONOMER_mod_pydx5p(1),0.0,-2.8667427577931773e-06
G1SAT_FWD_393126.8.peg.1633-MONOMER_mod_pydx5p(1),0.012858929868974,-4.2581046384146185e-36
G3PAT120_REV_CPLX_G3PAT120-1,0.0,0.013700281124644722
G3PAT120_FWD_CPLX_G3PAT120-1,0.0,-0.013702285242363438
G3PAT120_REV_CPLX_G3PAT120-0,0.0,0.01369975975522307
G3PAT120_FWD_CPLX_G3PAT120-0,0.0,-0.01370280661178509
G3PAT140_REV_CPLX_G3PAT120-1,0.0,-1.7402345516801283e-07
G3PAT140_FWD_CPLX_G3PAT120-1,0.0,-1.8419553677408397e-06
G3PAT140_REV_CPLX_G3PAT120-0,0.0,-6.953928768193241e-07
G3PAT140_FWD_CPLX_G3PAT120-0,0.0,-2.363324789392151e-06
G3PAT141_REV_CPLX_G3PAT120-1,0.0,-1.989306272753913e-06
G3PAT141_FWD_CPLX_G3PAT120-1,0.0,-3.480127111787016e-36
G3PAT141_REV_CPLX_G3PAT120-0,0.0,-2.5106756944052245e-06
G3PAT141_FWD_CPLX_G3PAT120-0,0.0,-5.213694216513113e-07
G3PAT160_REV_CPLX_G3PAT120-1,0.0,0.02741178338207136
G3PAT160_FWD_CPLX_G3PAT120-1,0.0,-0.02741379936089427
G3PAT160_REV_CPLX_G3PAT120-0,0.0,0.02741126201264971
G3PAT160_FWD_CPLX_G3PAT120-0,0.0,-0.02741432073031592
G3PAT161_REV_CPLX_G3PAT120-1,0.0,-1.989306272753913e-06
G3PAT161_FWD_CPLX_G3PAT120-1,0.0,4.3980632301153635e-36
G3PAT161_REV_CPLX_G3PAT120-0,0.0,-2.5106756944052245e-06
G3PAT161_FWD_CPLX_G3PAT120-0,0.0,-5.213694216513113e-07
G3PAT180_REV_CPLX_G3PAT120-1,0.0,-2.0159788229088527e-06
G3PAT180_FWD_CPLX_G3PAT120-1,0.0,-3.480127111787016e-36
G3PAT180_REV_CPLX_G3PAT120-0,0.0,-2.537348244560164e-06
G3PAT180_FWD_CPLX_G3PAT120-0,0.0,-5.213694216513113e-07
G3PAT181_REV_CPLX_G3PAT120-1,0.0,-1.989306272753913e-06
G3PAT181_FWD_CPLX_G3PAT120-1,0.0,4.3980632301153635e-36
G3PAT181_REV_CPLX_G3PAT120-0,0.0,-2.5106756944052245e-06
G3PAT181_FWD_CPLX_G3PAT120-0,0.0,-5.213694216513113e-07
G3PATAI15_REV_CPLX_G3PAT120-1,0.0,-1.8419553677408397e-06
G3PATAI15_FWD_CPLX_G3PAT120-1,0.0,1.1583956978286924e-35
G3PATAI15_REV_CPLX_G3PAT120-0,0.0,-2.363324789392151e-06
G3PATAI15_FWD_CPLX_G3PAT120-0,0.0,-5.213694216513113e-07
G3PATAI17_REV_CPLX_G3PAT120-1,0.0,-1.8419553677408397e-06
G3PATAI17_FWD_CPLX_G3PAT120-1,0.008416277057963184,-4.2958975606586343e-38
G3PATAI17_REV_CPLX_G3PAT120-0,0.0,-2.363324789392151e-06
G3PATAI17_FWD_CPLX_G3PAT120-0,0.0,-5.213694216513113e-07
G3PATI14_REV_CPLX_G3PAT120-1,0.0,-1.8419553677408397e-06
G3PATI14_FWD_CPLX_G3PAT120-1,4.548657342502781e-25,-4.082534469667248e-35
G3PATI14_REV_CPLX_G3PAT120-0,0.0,-2.363324789392151e-06
G3PATI14_FWD_CPLX_G3PAT120-0,0.0,-5.213694216513113e-07
G3PATI15_REV_CPLX_G3PAT120-1,0.0,-1.8419553677408397e-06
G3PATI15_FWD_CPLX_G3PAT120-1,0.0,-4.758728490248802e-36
G3PATI15_REV_CPLX_G3PAT120-0,0.0,-2.363324789392151e-06
G3PATI15_FWD_CPLX_G3PAT120-0,0.0,-5.213694216513113e-07
G3PATI16_REV_CPLX_G3PAT120-1,0.0,-1.8419553677408397e-06
G3PATI16_FWD_CPLX_G3PAT120-1,0.0,-4.758728490248802e-36
G3PATI16_REV_CPLX_G3PAT120-0,0.0,-2.363324789392151e-06
G3PATI16_FWD_CPLX_G3PAT120-0,0.0,-5.213694216513113e-07
G3PATI17_REV_CPLX_G3PAT120-1,0.0,-1.8419553677408397e-06
G3PATI17_FWD_CPLX_G3PAT120-1,0.008416277057963184,8.992153393981657e-35
G3PATI17_REV_CPLX_G3PAT120-0,0.0,-2.363324789392151e-06
G3PATI17_FWD_CPLX_G3PAT120-0,0.0,-5.213694216513113e-07
G3PCT_REV_393126.8.peg.1119-MONOMER,0.0,8.703040358993653e-08
G3PCT_FWD_393126.8.peg.1119-MONOMER,0.10530403875571394,5.027805795057696e-35
G3PD1_REV_393126.8.peg.2022-MONOMER,0.0,-1.534138937158806e-06
G3PD1_FWD_393126.8.peg.2022-MONOMER,0.0,-2.250089340614015e-06
G3PD2_REV_393126.8.peg.2022-MONOMER,0.0,-2.1276594429432157e-06
G3PD2_FWD_393126.8.peg.2022-MONOMER,0.0,-1.6565688348296054e-06
G3PD5_REV_393126.8.peg.1368-MONOMER_mod_fad(1),0.0,-1.4209050366221888e-06
G3PD5_FWD_393126.8.peg.1368-MONOMER_mod_fad(1),0.0,-1.2933449913815047e-06
G3PD6_REV_393126.8.peg.1368-MONOMER_mod_fad(1),0.0,-1.4209050366221888e-06
G3PD6_FWD_393126.8.peg.1368-MONOMER_mod_fad(1),0.0,-1.2933449913815047e-06
G3PD7_REV_393126.8.peg.1368-MONOMER_mod_fad(1),0.0,0.003413612724260295
G3PD7_FWD_393126.8.peg.1368-MONOMER_mod_fad(1),0.0,-0.003416326974288299
G3PD8_REV_393126.8.peg.1368-MONOMER_mod_fad(1),0.1377824650409414,4.517657010214342e-36
G3PD8_FWD_393126.8.peg.1368-MONOMER_mod_fad(1),0.0,-2.7142500280036935e-06
G5SADs_REV_CPLX_dummy,0.0,-1.7303138578205756e-06
G5SADs_FWD_CPLX_dummy,0.0027652487687070933,2.206762173549923e-37
G5SDr_REV_393126.8.peg.1334-MONOMER,0.0,-3.475792822305777e-06
G5SDr_FWD_393126.8.peg.1334-MONOMER,0.0027652487687070933,-1.1912142432212712e-34
G6PBDH_REV_393126.8.peg.2064-MONOMER,0.0,-1.6799680279040639e-06
G6PBDH_FWD_393126.8.peg.2064-MONOMER,0.0,1.1178538153342906e-35
G6PDA_REV_393126.8.peg.2827-MONOMER,0.0,-6.309976174703369e-07
G6PDA_FWD_393126.8.peg.2827-MONOMER,2.088129111063679,2.5777204308740585e-35
G6PDA_REV_393126.8.peg.2443-MONOMER,0.0,-8.778126526555987e-07
G6PDA_FWD_393126.8.peg.2443-MONOMER,0.0,-2.4681503518526175e-07
G6PDA_REV_393126.8.peg.984-MONOMER,0.0,-1.759024580139423e-06
G6PDA_FWD_393126.8.peg.984-MONOMER,0.0,-1.128026962669086e-06
G6PDA_REV_393126.8.peg.902-MONOMER,0.0,-1.1839217437903302e-06
G6PDA_FWD_393126.8.peg.902-MONOMER,0.0,-5.529241263199935e-07
G6PDH2r_REV_393126.8.peg.2064-MONOMER,0.0,-1.6799680279040639e-06
G6PDH2r_FWD_393126.8.peg.2064-MONOMER,0.0,1.1178538153342906e-35
G6PI_REV_393126.8.peg.2451-MONOMER,0.0,-1.0625281160212086e-06
G6PI_FWD_393126.8.peg.2451-MONOMER,0.0,-1.0625281160212086e-06
G6PI3_REV_393126.8.peg.2451-MONOMER,0.0,-2.125056232042417e-06
G6PI3_FWD_393126.8.peg.2451-MONOMER,0.07449289,-2.6044754569599194e-36
GALK_REV_CPLX_dummy,0.0,-1.7303138578205756e-06
GALK_FWD_CPLX_dummy,0.07449289,1.3014151905454077e-36
GALM1r_REV_393126.8.peg.2563-MONOMER,0.0,-2.879749816049824e-36
GALM1r_FWD_393126.8.peg.2563-MONOMER,0.0,-2.4770773340378858e-06
GALTpts_REV_CPLX_GALTpts-13,0.0,-8.558652217037485e-07
GALTpts_FWD_CPLX_GALTpts-13,0.0,-3.292319644271631e-07
GALTpts_REV_CPLX_GALTpts-22,0.0,-8.093353101347371e-07
GALTpts_FWD_CPLX_GALTpts-22,0.0,-2.8270205285815167e-07
GALTpts_REV_CPLX_GALTpts-24,0.0,-9.37537235032643e-07
GALTpts_FWD_CPLX_GALTpts-24,0.0,-4.109039777560575e-07
GALTpts_REV_CPLX_GALTpts-26,0.0,-8.426994421534866e-07
GALTpts_FWD_CPLX_GALTpts-26,0.0,-3.1606618487690115e-07
GALTpts_REV_CPLX_GALTpts-9,0.0,-8.180624117965675e-07
GALTpts_FWD_CPLX_GALTpts-9,0.0,-2.9142915451998216e-07
GALTpts_REV_CPLX_GALTpts-23,0.0,-8.607389245915857e-07
GALTpts_FWD_CPLX_GALTpts-23,0.0,-3.3410566731500035e-07
GALTpts_REV_CPLX_GALTpts-16,0.0,-8.379079002084025e-07
GALTpts_FWD_CPLX_GALTpts-16,0.0,-3.1127464293181714e-07
GALTpts_REV_CPLX_GALTpts-4,0.0,-7.060020865967876e-07
GALTpts_FWD_CPLX_GALTpts-4,0.0,-1.7936882932020218e-07
GALTpts_REV_CPLX_GALTpts-6,0.0,-8.313490022045109e-07
GALTpts_FWD_CPLX_GALTpts-6,0.0,-3.0471574492792545e-07
GALTpts_REV_CPLX_GALTpts-14,0.0,-9.073164044462067e-07
GALTpts_FWD_CPLX_GALTpts-14,0.0,-3.8068314716962123e-07
GALTpts_REV_CPLX_GALTpts-15,0.0,-9.840988952569677e-07
GALTpts_FWD_CPLX_GALTpts-15,0.0,-4.5746563798038233e-07
GALTpts_REV_CPLX_GALTpts-25,0.0,-7.9130749477072e-07
GALTpts_FWD_CPLX_GALTpts-25,0.0,-2.6467423749413453e-07
GALTpts_REV_CPLX_GALTpts-1,0.0,-5.266332572765854e-07
GALTpts_FWD_CPLX_GALTpts-1,0.0,1.7941014015097801e-35
GALTpts_REV_CPLX_GALTpts-5,0.0,-7.561861828266649e-07
GALTpts_FWD_CPLX_GALTpts-5,0.0,-2.2955292555007946e-07
GALTpts_REV_CPLX_GALTpts-0,0.0,-6.684951915135457e-07
GALTpts_FWD_CPLX_GALTpts-0,0.0,-1.4186193423696025e-07
GALTpts_REV_CPLX_GALTpts-11,0.0,-7.239612223670982e-07
GALTpts_FWD_CPLX_GALTpts-11,0.0,-1.9732796509051273e-07
GALTpts_REV_CPLX_GALTpts-12,0.0,-1.0020213770052989e-06
GALTpts_FWD_CPLX_GALTpts-12,0.0,-4.7538811972871354e-07
GALTpts_REV_CPLX_GALTpts-20,0.0,-6.771857537140365e-07
GALTpts_FWD_CPLX_GALTpts-20,0.0,-1.5055249643745115e-07
GALTpts_REV_CPLX_GALTpts-19,0.0,-6.26483353882475e-07
GALTpts_FWD_CPLX_GALTpts-19,0.0,-9.985009660588962e-08
GALTpts_REV_CPLX_GALTpts-18,0.0,-7.713715654148685e-07
GALTpts_FWD_CPLX_GALTpts-18,0.0,-2.4473830813828306e-07
GALTpts_REV_CPLX_GALTpts-10,0.0,-6.732092512905633e-07
GALTpts_FWD_CPLX_GALTpts-10,0.0,-1.4657599401397793e-07
GALTpts_REV_CPLX_GALTpts-2,0.0,-5.76146456939939e-07
GALTpts_FWD_CPLX_GALTpts-2,0.0,-4.951319966335359e-08
GALTpts_REV_CPLX_GALTpts-7,0.0,-6.882039999232636e-07
GALTpts_FWD_CPLX_GALTpts-7,0.0,-1.6157074264667818e-07
GALTpts_REV_CPLX_GALTpts-21,0.0,-9.555304988429004e-07
GALTpts_FWD_CPLX_GALTpts-21,0.0,-4.2889724156631504e-07
GALTpts_REV_CPLX_GALTpts-17,0.0,-8.893477350419715e-07
GALTpts_FWD_CPLX_GALTpts-17,0.0,-3.627144777653861e-07
GALTpts_REV_CPLX_GALTpts-8,0.0,-7.383763009085667e-07
GALTpts_FWD_CPLX_GALTpts-8,0.0,-2.1174304363198136e-07
GALTpts_REV_CPLX_GALTpts-3,0.0,-8.491149111440698e-07
GALTpts_FWD_CPLX_GALTpts-3,0.0,-3.2248165386748437e-07
GALU_REV_393126.8.peg.1108-MONOMER,0.0,-7.587410407673292e-07
GALU_FWD_393126.8.peg.1108-MONOMER,0.03510134625190465,-3.277544476418108e-35
GAMpts_REV_393126.8.peg.1032-MONOMER,0.0,-2.1881923955467904e-06
GAMpts_FWD_393126.8.peg.1032-MONOMER,1.0,-1.6952222389186584e-36
GAPD_REV_393126.8.peg.2545-MONOMER,0.0,-4.895106868092192e-06
GAPD_FWD_393126.8.peg.2545-MONOMER,7.859068342642941,-4.551399710998056e-34
GARFTi_REV_393126.8.peg.1851-MONOMER,0.0,1.9107311846363015e-06
GARFTi_FWD_393126.8.peg.1851-MONOMER,0.0,6.31890613915314e-35
GBBTNabc_REV_CPLX_ARSENBabc-1,0.0,1.5703625428858733e-06
GBBTNabc_FWD_CPLX_ARSENBabc-1,0.0,-4.520046536484038e-07
GBBTNabc_REV_CPLX_ARSENBabc-6,0.0,1.6723034751879772e-06
GBBTNabc_FWD_CPLX_ARSENBabc-6,0.0,-3.5006372134629994e-07
GBBTNabc_REV_CPLX_ARSENBabc-4,0.0,1.5910407041235867e-06
GBBTNabc_FWD_CPLX_ARSENBabc-4,0.0,-4.313264924106906e-07
GBBTNabc_REV_CPLX_ARSENBabc-2,0.0,2.0223671965342774e-06
GBBTNabc_FWD_CPLX_ARSENBabc-2,0.0,-1.896252941329315e-35
GBBTNabc_REV_CPLX_ARSENBabc-3,0.0,1.6520283949182611e-06
GBBTNabc_FWD_CPLX_ARSENBabc-3,0.0,-3.703388016160161e-07
GBBTNabc_REV_CPLX_ARSENBabc-5,0.0,9.629958268825273e-07
GBBTNabc_FWD_CPLX_ARSENBabc-5,0.0,-1.05937136965175e-06
GBBTNabc_REV_CPLX_ARSENBabc-0,0.0,1.9007759635513588e-06
GBBTNabc_FWD_CPLX_ARSENBabc-0,0.0,-1.2159123298291851e-07
GBBTNabc_REV_CPLX_ARSENBabc-7,0.0,1.028791276480477e-06
GBBTNabc_FWD_CPLX_ARSENBabc-7,0.0,-9.935759200538004e-07
GCALDD_REV_CPLX_dummy,0.0,0.0034336831589354255
GCALDD_FWD_CPLX_dummy,0.0,-0.003435413472793246
GCALDt_REV_CPLX_dummy,0.00482209870086525,0.0
GCALDt_FWD_CPLX_dummy,0.0,-1.7303138578205756e-06
GCCa_REV_393126.8.peg.1427-MONOMER,0.0,0.0068432763755920095
GCCa_FWD_393126.8.peg.1427-MONOMER,0.0,-0.006841550359452549
GCCa_REV_393126.8.peg.1426-MONOMER,0.0,0.006843269106234306
GCCa_FWD_393126.8.peg.1426-MONOMER,0.0,-0.006841557628810253
GCCb_REV_CPLX_GCCb-0,0.0,7.539052433545298e-07
GCCb_FWD_CPLX_GCCb-0,0.0,-3.340923200885837e-35
GCCc_REV_CPLX_GCCc-0,0.0,1.927780500852394e-06
GCCc_FWD_CPLX_GCCc-0,0.0,1.690559981564791e-35
GCCc_REV_393126.8.peg.2511-MONOMER,0.0,1.1354672460315375e-06
GCCc_FWD_393126.8.peg.2511-MONOMER,0.0,-7.923132548208564e-07
GCDCHOLBHSe_REV_CPLX_dummy,0.0,-1.7303138578205756e-06
GCDCHOLBHSe_FWD_CPLX_dummy,0.0,-2.2912494677852154e-37
GCHOLBHSe_REV_CPLX_dummy,0.0,-1.7303138578205756e-06
GCHOLBHSe_FWD_CPLX_dummy,0.0,-2.2912494677852154e-37
GF6PTA_REV_393126.8.peg.748-MONOMER,0.0,-1.972862543886851e-06
GF6PTA_FWD_393126.8.peg.748-MONOMER,0.0,-1.156286886961095e-06
GF6PTA_REV_393126.8.peg.2084-MONOMER,0.0,-1.1233319779514166e-06
GF6PTA_FWD_393126.8.peg.2084-MONOMER,0.0,-3.0675632102566073e-07
GF6PTA_REV_393126.8.peg.36-MONOMER,0.0,-1.2633365223995124e-06
GF6PTA_FWD_393126.8.peg.36-MONOMER,0.0,-4.4676086547375635e-07
GF6PTA_REV_393126.8.peg.2085-MONOMER,0.0,-8.165756569257559e-07
GF6PTA_FWD_393126.8.peg.2085-MONOMER,0.1144551207526074,4.94629419891639e-35
GGTT_REV_393126.8.peg.2736-MONOMER,0.0,-1.621688611171978e-06
GGTT_FWD_393126.8.peg.2736-MONOMER,0.0,-1.2369809745796621e-06
GGTT_REV_393126.8.peg.2737-MONOMER_mod_mg2(1),0.0,-7.134481327183031e-07
GGTT_FWD_393126.8.peg.2737-MONOMER_mod_mg2(1),0.0,-3.287404961259874e-07
GGTT_REV_393126.8.peg.2017-MONOMER,0.0,-3.8470763659231575e-07
GGTT_FWD_393126.8.peg.2017-MONOMER,0.0032147324672435,5.534235193672316e-35
GGTT_REV_393126.8.peg.2015-MONOMER,0.0,-8.256914573196881e-07
GGTT_FWD_393126.8.peg.2015-MONOMER,0.0,-4.4098382072737245e-07
GHMT2r_REV_393126.8.peg.2630-MONOMER,0.5500603836526553,-4.527504039155235e-34
GHMT2r_FWD_393126.8.peg.2630-MONOMER,0.0,-2.9852463432687207e-06
GK1_REV_393126.8.peg.1913-MONOMER_mod_mg2(1),0.0,3.3429121727021886e-43
GK1_FWD_393126.8.peg.1913-MONOMER_mod_mg2(1),0.041880362962203606,3.3429121727021886e-43
GK2_REV_393126.8.peg.1913-MONOMER_mod_mg2(1),276.7148858675501,-1.391211641575124e-35
GK2_FWD_393126.8.peg.1913-MONOMER_mod_mg2(1),276.70295906835486,1.3912117084333673e-35
GLCabc_REV_CPLX_ARBabc-3,0.0,0.013709737623143066
GLCabc_FWD_CPLX_ARBabc-3,0.0,-0.013711684361071062
GLCabc_REV_CPLX_ARBabc-0,0.0,0.013710095221723534
GLCabc_FWD_CPLX_ARBabc-0,0.0,-0.013711326762490596
GLCabc_REV_CPLX_ARBabc-5,0.0,0.013709444284628435
GLCabc_FWD_CPLX_ARBabc-5,0.0,-0.013711977699585693
GLCabc_REV_CPLX_ARBabc-4,0.0,0.013709771226366584
GLCabc_FWD_CPLX_ARBabc-4,0.0,-0.013711650757847546
GLCabc_REV_393126.8.peg.282-MONOMER,0.0,0.01371030113454216
GLCabc_FWD_393126.8.peg.282-MONOMER,0.0,-0.01371112084967197
GLCabc_REV_CPLX_ARBabc-2,0.0,0.013710123186280718
GLCabc_FWD_CPLX_ARBabc-2,0.0,-0.013711298797933412
GLCabc_REV_CPLX_ARBabc-1,0.0,0.013709640720544656
GLCabc_FWD_CPLX_ARBabc-1,0.0,-0.013711781263669474
GLCpts_REV_CPLX_GLCpts-0,0.0,-1.8667752188930702e-06
GLCpts_FWD_CPLX_GLCpts-0,0.0,-4.154732029245394e-07
GLCpts_REV_393126.8.peg.1046-MONOMER,0.0,-1.4513020159685307e-06
GLCpts_FWD_393126.8.peg.1046-MONOMER,0.14898579,1.2183310501747355e-35
GLNS_REV_393126.8.peg.1374-MONOMER_mod_mn2(1),0.0,0.013705799837709606
GLNS_FWD_393126.8.peg.1374-MONOMER_mod_mn2(1),0.0,-0.013708850202277066
GLNSP1_REV_393126.8.peg.1374-MONOMER_mod_mn2(1),0.0,-3.05036456746001e-06
GLNSP1_FWD_393126.8.peg.1374-MONOMER_mod_mn2(1),0.0,4.326221874932211e-36
GLNSP2_REV_393126.8.peg.1374-MONOMER_mod_mn2(1),0.0,-3.05036456746001e-06
GLNSP2_FWD_393126.8.peg.1374-MONOMER_mod_mn2(1),0.0,-4.5418082099657347e-35
GLNSP3_REV_393126.8.peg.1374-MONOMER_mod_mn2(1),0.0,-3.05036456746001e-06
GLNSP3_FWD_393126.8.peg.1374-MONOMER_mod_mn2(1),0.0,-4.5418082099657347e-35
GLNt2r_REV_CPLX_dummy,0.0,-1.7303138578205756e-06
GLNt2r_FWD_CPLX_dummy,0.18,2.6161901454134428e-37
GLTPD_REV_393126.8.peg.2759-MONOMER,0.0,-2.1204794875436534e-06
GLTPD_FWD_393126.8.peg.2759-MONOMER,0.0,-3.538129645899719e-07
GLTPD_REV_393126.8.peg.2760-MONOMER,0.0,-1.7666665229536817e-06
GLTPD_FWD_393126.8.peg.2760-MONOMER,0.0,1.059220029944205e-34
GLTPD_REV_393126.8.peg.519-MONOMER,0.0,-2.107406867555088e-06
GLTPD_FWD_393126.8.peg.519-MONOMER,0.0,-3.4074034460140657e-07
GLU5K_REV_393126.8.peg.1335-MONOMER_mod_mg2(1),0.0,-2.674480398188864e-06
GLU5K_FWD_393126.8.peg.1335-MONOMER_mod_mg2(1),0.0027652487687070933,1.1494562791302759e-35
GLUABUTt7_REV_393126.8.peg.2447-MONOMER,0.0,-3.356709248917801e-06
GLUABUTt7_FWD_393126.8.peg.2447-MONOMER,0.0,-6.948975530600503e-08
GLUABUTt7_REV_393126.8.peg.458-MONOMER,0.0,-3.2872194936117957e-06
GLUABUTt7_FWD_393126.8.peg.458-MONOMER,0.18,-1.155852065200214e-36
GLUCYS_REV_393126.8.peg.2879-MONOMER_mod_mg2(1),0.0,-1.4122233959266677e-06
GLUCYS_FWD_393126.8.peg.2879-MONOMER_mod_mg2(1),0.00160736623362175,3.3988057612192207e-35
GLUDC_REV_393126.8.peg.2520-MONOMER,0.0,-1.7586807783983472e-06
GLUDC_FWD_393126.8.peg.2520-MONOMER,0.18,-4.992962592984166e-36
GLUDC_REV_393126.8.peg.2448-MONOMER_mod_pydx5p(1),0.0,-2.4047985358383387e-06
GLUDC_FWD_393126.8.peg.2448-MONOMER_mod_pydx5p(1),0.0,-6.461177574399917e-07
GLUDC_REV_393126.8.peg.457-MONOMER,0.0,-2.0532428195410996e-06
GLUDC_FWD_393126.8.peg.457-MONOMER,0.0,-2.9456204114275253e-07
GLUDy_REV_393126.8.peg.573-MONOMER,0.0,-5.20233457830621e-06
GLUDy_FWD_393126.8.peg.573-MONOMER,0.03848758556569065,3.984177623166084e-35
GLUOX_REV_CPLX_GLUOX-0_mod_fe2(1)_mod_fad(1),0.0,-4.83977598053997e-06
GLUOX_FWD_CPLX_GLUOX-0_mod_fe2(1)_mod_fad(1),0.0,-1.0850146766298525e-06
GLUPRT_REV_393126.8.peg.1853-MONOMER_mod_mg2(1),0.0,1.9013811080698103e-06
GLUPRT_FWD_393126.8.peg.1853-MONOMER_mod_mg2(1),0.0,-1.781708092430189e-35
GLUR_REV_393126.8.peg.1252-MONOMER,0.0,-1.1518349122319953e-06
GLUR_FWD_393126.8.peg.1252-MONOMER,0.0,-1.1984057913291426e-06
GLUSy_REV_CPLX_GLUOX-0_mod_fe2(1)_mod_fad(1),0.0,-1.0850146766298525e-06
GLUSy_FWD_CPLX_GLUOX-0_mod_fe2(1)_mod_fad(1),0.0,-4.83977598053997e-06
GLUTRR_REV_393126.8.peg.1637-MONOMER,0.0,-1.250352191515585e-06
GLUTRR_FWD_393126.8.peg.1637-MONOMER,0.012858929868974,7.612348575622097e-36
GLUTRS_REV_393126.8.peg.241-MONOMER_mod_mg2(1)_mod_zn2(1),0.0,-1.4964388673639955e-06
GLUTRS_FWD_393126.8.peg.241-MONOMER_mod_mg2(1)_mod_zn2(1),0.012858929868974,3.6967858812367196e-35
GLXCL_REV_CPLX_dummy,0.0,-1.7303138578205756e-06
GLXCL_FWD_CPLX_dummy,0.0,-2.6501812921968655e-37
GLYASN1c_REV_393126.8.peg.1431-MONOMER,0.0,-1.4445935496187276e-06
GLYASN1c_FWD_393126.8.peg.1431-MONOMER,0.0,-2.825287004343694e-36
GLYASN1c_REV_393126.8.peg.1793-MONOMER_mod_fe2(2),0.0,-1.8946942209152818e-06
GLYASN1c_FWD_393126.8.peg.1793-MONOMER_mod_fe2(2),0.0,-4.501006712965543e-07
GLYASNabc_REV_393126.8.peg.138-MONOMER,0.0,-2.837025213662128e-07
GLYASNabc_FWD_393126.8.peg.138-MONOMER,0.0,-1.8071188094295272e-06
GLYASNabc_REV_393126.8.peg.273-MONOMER,0.0,1.345008637797137e-06
GLYASNabc_FWD_393126.8.peg.273-MONOMER,0.0,-1.7840765026617753e-07
GLYASNabc_REV_393126.8.peg.2663-MONOMER,0.0,9.798836101541928e-07
GLYASNabc_FWD_393126.8.peg.2663-MONOMER,0.0,-5.435326779091215e-07
GLYASNabc_REV_393126.8.peg.2281-MONOMER,0.0,1.5234162880633143e-06
GLYASNabc_FWD_393126.8.peg.2281-MONOMER,0.0,1.131325570006802e-35
GLYASNabc_REV_393126.8.peg.2131-MONOMER,0.0,2.3285138545187097e-07
GLYASNabc_FWD_393126.8.peg.2131-MONOMER,0.0,-1.2905649026114434e-06
GLYASNabc_REV_393126.8.peg.153-MONOMER,0.0,1.0626607349315913e-06
GLYASNabc_FWD_393126.8.peg.153-MONOMER,0.0,-4.6075555313172307e-07
GLYASNabc_REV_393126.8.peg.136-MONOMER,0.0,-4.0268772068779785e-07
GLYASNabc_FWD_393126.8.peg.136-MONOMER,0.0,-1.926104008751112e-06
GLYASNabc_REV_393126.8.peg.2280-MONOMER,0.0,6.438130723439886e-07
GLYASNabc_FWD_393126.8.peg.2280-MONOMER,0.0,-8.796032157193258e-07
GLYASNabc_REV_393126.8.peg.2282-MONOMER,0.0,1.1905239495562068e-06
GLYASNabc_FWD_393126.8.peg.2282-MONOMER,0.0,-3.328923385071077e-07
GLYASNabc_REV_393126.8.peg.2284-MONOMER,0.0,8.049066690141342e-07
GLYASNabc_FWD_393126.8.peg.2284-MONOMER,0.0,-7.185096190491803e-07
GLYASP1c_REV_393126.8.peg.1431-MONOMER,0.0,-1.4445935496187276e-06
GLYASP1c_FWD_393126.8.peg.1431-MONOMER,0.0,-3.371813098209107e-36
GLYASP1c_REV_393126.8.peg.1793-MONOMER_mod_fe2(2),0.0,-1.8946942209152818e-06
GLYASP1c_FWD_393126.8.peg.1793-MONOMER_mod_fe2(2),0.0,-4.501006712965543e-07
GLYASPabc_REV_393126.8.peg.138-MONOMER,0.0,-2.837025213662128e-07
GLYASPabc_FWD_393126.8.peg.138-MONOMER,0.0,-1.8071188094295272e-06
GLYASPabc_REV_393126.8.peg.273-MONOMER,0.0,1.345008637797137e-06
GLYASPabc_FWD_393126.8.peg.273-MONOMER,0.0,-1.7840765026617753e-07
GLYASPabc_REV_393126.8.peg.2663-MONOMER,0.0,9.798836101541928e-07
GLYASPabc_FWD_393126.8.peg.2663-MONOMER,0.0,-5.435326779091215e-07
GLYASPabc_REV_393126.8.peg.2281-MONOMER,0.0,1.5234162880633143e-06
GLYASPabc_FWD_393126.8.peg.2281-MONOMER,0.0,9.826121703037256e-36
GLYASPabc_REV_393126.8.peg.2131-MONOMER,0.0,2.3285138545187097e-07
GLYASPabc_FWD_393126.8.peg.2131-MONOMER,0.0,-1.2905649026114434e-06
GLYASPabc_REV_393126.8.peg.153-MONOMER,0.0,1.0626607349315913e-06
GLYASPabc_FWD_393126.8.peg.153-MONOMER,0.0,-4.6075555313172307e-07
GLYASPabc_REV_393126.8.peg.136-MONOMER,0.0,-4.0268772068779785e-07
GLYASPabc_FWD_393126.8.peg.136-MONOMER,0.0,-1.926104008751112e-06
GLYASPabc_REV_393126.8.peg.2280-MONOMER,0.0,6.438130723439886e-07
GLYASPabc_FWD_393126.8.peg.2280-MONOMER,0.0,-8.796032157193258e-07
GLYASPabc_REV_393126.8.peg.2282-MONOMER,0.0,1.1905239495562068e-06
GLYASPabc_FWD_393126.8.peg.2282-MONOMER,0.0,-3.328923385071077e-07
GLYASPabc_REV_393126.8.peg.2284-MONOMER,0.0,8.049066690141342e-07
GLYASPabc_FWD_393126.8.peg.2284-MONOMER,0.0,-7.185096190491803e-07
GLYBabc_REV_CPLX_ARSENBabc-1,0.0,0.010280288205653527
GLYBabc_FWD_CPLX_ARSENBabc-1,0.0,-0.01027916984776429
GLYBabc_REV_CPLX_ARSENBabc-5,0.0,0.010279680838937525
GLYBabc_FWD_CPLX_ARSENBabc-5,0.0,-0.010279777214480293
GLYBabc_REV_CPLX_ARSENBabc-6,0.0,0.01028039014658583
GLYBabc_FWD_CPLX_ARSENBabc-6,0.0,-0.010279067906831989
GLYBabc_REV_CPLX_ARSENBabc-4,0.0,0.010280308883814766
GLYBabc_FWD_CPLX_ARSENBabc-4,0.0,-0.010279149169603053
GLYBabc_REV_CPLX_ARSENBabc-2,0.0,0.010280740210307176
GLYBabc_FWD_CPLX_ARSENBabc-2,0.0,-0.010278717843110642
GLYBabc_REV_393126.8.peg.1499-MONOMER,0.0,0.010280549191673635
GLYBabc_FWD_393126.8.peg.1499-MONOMER,0.0,-0.010278908861744183
GLYBabc_REV_CPLX_ARSENBabc-3,0.0,0.01028036987150556
GLYBabc_FWD_CPLX_ARSENBabc-3,0.0,-0.010279088181912258
GLYBabc_REV_393126.8.peg.1043-MONOMER,0.0,0.010280323305378017
GLYBabc_FWD_393126.8.peg.1043-MONOMER,0.0,-0.0102791347480398
GLYBabc_REV_CPLX_ARSENBabc-0,0.0,0.010280618619074193
GLYBabc_FWD_CPLX_ARSENBabc-0,0.0,-0.010278839434343625
GLYBabc_REV_CPLX_ARSENBabc-7,0.0,0.010279746634387122
GLYBabc_FWD_CPLX_ARSENBabc-7,0.0,-0.010279711419030696
GLYBt2r_REV_393126.8.peg.2180-MONOMER,0.0,-9.555230102726794e-07
GLYBt2r_FWD_393126.8.peg.2180-MONOMER,0.0,7.8468582136964e-38
GLYCDx_REV_393126.8.peg.1821-MONOMER,0.0,-2.4681744247426106e-06
GLYCDx_FWD_393126.8.peg.1821-MONOMER,1.8048701507231004,2.1307019302769438e-35
GLYCLTDx_REV_393126.8.peg.80-MONOMER,0.0,5.031444669341096e-07
GLYCLTDx_FWD_393126.8.peg.80-MONOMER,0.0,-1.227169390886466e-06
GLYCLTDxr_REV_CPLX_dummy,0.0,-1.7303138578205756e-06
GLYCLTDxr_FWD_CPLX_dummy,0.0,-1.0444534595128849e-35
GLYCLTDy_REV_393126.8.peg.80-MONOMER,0.0,1.0966649727185192e-06
GLYCLTDy_FWD_393126.8.peg.80-MONOMER,0.0,-1.8206898966708757e-06
GLYCYSabc_REV_393126.8.peg.138-MONOMER,0.0,-2.837025213662128e-07
GLYCYSabc_FWD_393126.8.peg.138-MONOMER,0.0,-1.8071188094295272e-06
GLYCYSabc_REV_393126.8.peg.273-MONOMER,0.0,1.345008637797137e-06
GLYCYSabc_FWD_393126.8.peg.273-MONOMER,0.0,-1.7840765026617753e-07
GLYCYSabc_REV_393126.8.peg.2663-MONOMER,0.0,9.798836101541928e-07
GLYCYSabc_FWD_393126.8.peg.2663-MONOMER,0.0,-5.435326779091215e-07
GLYCYSabc_REV_393126.8.peg.2281-MONOMER,0.0,1.5234162880633143e-06
GLYCYSabc_FWD_393126.8.peg.2281-MONOMER,0.0,1.874892568522184e-35
GLYCYSabc_REV_393126.8.peg.2131-MONOMER,0.0,2.3285138545187097e-07
GLYCYSabc_FWD_393126.8.peg.2131-MONOMER,0.0,-1.2905649026114434e-06
GLYCYSabc_REV_393126.8.peg.153-MONOMER,0.0,1.0626607349315913e-06
GLYCYSabc_FWD_393126.8.peg.153-MONOMER,0.0,-4.6075555313172307e-07
GLYCYSabc_REV_393126.8.peg.136-MONOMER,0.0,-4.0268772068779785e-07
GLYCYSabc_FWD_393126.8.peg.136-MONOMER,0.0,-1.926104008751112e-06
GLYCYSabc_REV_393126.8.peg.2280-MONOMER,0.0,6.438130723439886e-07
GLYCYSabc_FWD_393126.8.peg.2280-MONOMER,0.0,-8.796032157193258e-07
GLYCYSabc_REV_393126.8.peg.2282-MONOMER,0.0,1.1905239495562068e-06
GLYCYSabc_FWD_393126.8.peg.2282-MONOMER,0.0,-3.328923385071077e-07
GLYCYSabc_REV_393126.8.peg.2284-MONOMER,0.0,8.049066690141342e-07
GLYCYSabc_FWD_393126.8.peg.2284-MONOMER,0.0,-7.185096190491803e-07
GLYCt_REV_393126.8.peg.1179-MONOMER,1.79965486,-1.4338998243977546e-36
GLYCt_FWD_393126.8.peg.1179-MONOMER,0.0,-3.924527249587062e-06
GLYCt_REV_393126.8.peg.1619-MONOMER,0.0,-1.751102833818029e-06
GLYCt_FWD_393126.8.peg.1619-MONOMER,0.0,-5.675630083405091e-06
GLYD_REV_393126.8.peg.80-MONOMER,0.0,-5.935205057844096e-07
GLYD_FWD_393126.8.peg.80-MONOMER,0.0,-1.3050441816794675e-07
GLYDy_REV_393126.8.peg.80-MONOMER,0.0,5.001063891527962e-35
GLYDy_FWD_393126.8.peg.80-MONOMER,0.0,-7.240249239523564e-07
GLYGLN1c_REV_393126.8.peg.1431-MONOMER,0.0,-1.4445935496187276e-06
GLYGLN1c_FWD_393126.8.peg.1431-MONOMER,0.0,-1.986679328739498e-36
GLYGLN1c_REV_393126.8.peg.1793-MONOMER_mod_fe2(2),0.0,-1.8946942209152818e-06
GLYGLN1c_FWD_393126.8.peg.1793-MONOMER_mod_fe2(2),0.0,-4.501006712965543e-07
GLYGLNabc_REV_393126.8.peg.138-MONOMER,0.0,-2.837025213662128e-07
GLYGLNabc_FWD_393126.8.peg.138-MONOMER,0.0,-1.8071188094295272e-06
GLYGLNabc_REV_393126.8.peg.273-MONOMER,0.0,1.345008637797137e-06
GLYGLNabc_FWD_393126.8.peg.273-MONOMER,0.0,-1.7840765026617753e-07
GLYGLNabc_REV_393126.8.peg.2663-MONOMER,0.0,9.798836101541928e-07
GLYGLNabc_FWD_393126.8.peg.2663-MONOMER,0.0,-5.435326779091215e-07
GLYGLNabc_REV_393126.8.peg.2281-MONOMER,0.0,1.5234162880633143e-06
GLYGLNabc_FWD_393126.8.peg.2281-MONOMER,0.0,1.3543956695614166e-35
GLYGLNabc_REV_393126.8.peg.2131-MONOMER,0.0,2.3285138545187097e-07
GLYGLNabc_FWD_393126.8.peg.2131-MONOMER,0.0,-1.2905649026114434e-06
GLYGLNabc_REV_393126.8.peg.153-MONOMER,0.0,1.0626607349315913e-06
GLYGLNabc_FWD_393126.8.peg.153-MONOMER,0.0,-4.6075555313172307e-07
GLYGLNabc_REV_393126.8.peg.136-MONOMER,0.0,-4.0268772068779785e-07
GLYGLNabc_FWD_393126.8.peg.136-MONOMER,0.0,-1.926104008751112e-06
GLYGLNabc_REV_393126.8.peg.2280-MONOMER,0.0,6.438130723439886e-07
GLYGLNabc_FWD_393126.8.peg.2280-MONOMER,0.0,-8.796032157193258e-07
GLYGLNabc_REV_393126.8.peg.2282-MONOMER,0.0,1.1905239495562068e-06
GLYGLNabc_FWD_393126.8.peg.2282-MONOMER,0.0,-3.328923385071077e-07
GLYGLNabc_REV_393126.8.peg.2284-MONOMER,0.0,8.049066690141342e-07
GLYGLNabc_FWD_393126.8.peg.2284-MONOMER,0.0,-7.185096190491803e-07
GLYGLU1c_REV_393126.8.peg.1431-MONOMER,0.0,-1.4445935496187276e-06
GLYGLU1c_FWD_393126.8.peg.1431-MONOMER,0.0,-5.811196561842413e-37
GLYGLU1c_REV_393126.8.peg.1793-MONOMER_mod_fe2(2),0.0,-1.8946942209152818e-06
GLYGLU1c_FWD_393126.8.peg.1793-MONOMER_mod_fe2(2),0.0,-4.501006712965543e-07
GLYGLUabc_REV_393126.8.peg.138-MONOMER,0.0,-2.837025213662128e-07
GLYGLUabc_FWD_393126.8.peg.138-MONOMER,0.0,-1.8071188094295272e-06
GLYGLUabc_REV_393126.8.peg.273-MONOMER,0.0,1.345008637797137e-06
GLYGLUabc_FWD_393126.8.peg.273-MONOMER,0.0,-1.7840765026617753e-07
GLYGLUabc_REV_393126.8.peg.2663-MONOMER,0.0,9.798836101541928e-07
GLYGLUabc_FWD_393126.8.peg.2663-MONOMER,0.0,-5.435326779091215e-07
GLYGLUabc_REV_393126.8.peg.2281-MONOMER,0.0,1.5234162880633143e-06
GLYGLUabc_FWD_393126.8.peg.2281-MONOMER,0.0,1.3172173196356476e-35
GLYGLUabc_REV_393126.8.peg.2131-MONOMER,0.0,2.3285138545187097e-07
GLYGLUabc_FWD_393126.8.peg.2131-MONOMER,0.0,-1.2905649026114434e-06
GLYGLUabc_REV_393126.8.peg.153-MONOMER,0.0,1.0626607349315913e-06
GLYGLUabc_FWD_393126.8.peg.153-MONOMER,0.0,-4.6075555313172307e-07
GLYGLUabc_REV_393126.8.peg.136-MONOMER,0.0,-4.0268772068779785e-07
GLYGLUabc_FWD_393126.8.peg.136-MONOMER,0.0,-1.926104008751112e-06
GLYGLUabc_REV_393126.8.peg.2280-MONOMER,0.0,6.438130723439886e-07
GLYGLUabc_FWD_393126.8.peg.2280-MONOMER,0.0,-8.796032157193258e-07
GLYGLUabc_REV_393126.8.peg.2282-MONOMER,0.0,1.1905239495562068e-06
GLYGLUabc_FWD_393126.8.peg.2282-MONOMER,0.0,-3.328923385071077e-07
GLYGLUabc_REV_393126.8.peg.2284-MONOMER,0.0,8.049066690141342e-07
GLYGLUabc_FWD_393126.8.peg.2284-MONOMER,0.0,-7.185096190491803e-07
GLYK_REV_393126.8.peg.1618-MONOMER_mod_mn2(1),0.0,-2.3657925439856114e-06
GLYK_FWD_393126.8.peg.1618-MONOMER_mod_mn2(1),0.0,-3.1708854328005936e-06
GLYK_REV_393126.8.peg.1618-MONOMER_mod_mg2(1),0.0,-2.3688035040392156e-06
GLYK_FWD_393126.8.peg.1618-MONOMER_mod_mg2(1),0.0,-3.173896392854198e-06
GLYLEUHYDROc_REV_393126.8.peg.1431-MONOMER,0.0,-1.4445935496187276e-06
GLYLEUHYDROc_FWD_393126.8.peg.1431-MONOMER,0.0,1.9919886477692627e-36
GLYLEUHYDROc_REV_393126.8.peg.1793-MONOMER_mod_fe2(2),0.0,-1.8946942209152818e-06
GLYLEUHYDROc_FWD_393126.8.peg.1793-MONOMER_mod_fe2(2),0.0,-4.501006712965543e-07
GLYLEUPEPT1tc_REV_393126.8.peg.138-MONOMER,0.0,-2.837025213662128e-07
GLYLEUPEPT1tc_FWD_393126.8.peg.138-MONOMER,0.0,-1.8071188094295272e-06
GLYLEUPEPT1tc_REV_393126.8.peg.273-MONOMER,0.0,1.345008637797137e-06
GLYLEUPEPT1tc_FWD_393126.8.peg.273-MONOMER,0.0,-1.7840765026617753e-07
GLYLEUPEPT1tc_REV_393126.8.peg.2663-MONOMER,0.0,9.798836101541928e-07
GLYLEUPEPT1tc_FWD_393126.8.peg.2663-MONOMER,0.0,-5.435326779091215e-07
GLYLEUPEPT1tc_REV_393126.8.peg.2281-MONOMER,0.0,1.5234162880633143e-06
GLYLEUPEPT1tc_FWD_393126.8.peg.2281-MONOMER,0.0,4.699014523086554e-37
GLYLEUPEPT1tc_REV_393126.8.peg.2131-MONOMER,0.0,2.3285138545187097e-07
GLYLEUPEPT1tc_FWD_393126.8.peg.2131-MONOMER,0.0,-1.2905649026114434e-06
GLYLEUPEPT1tc_REV_393126.8.peg.153-MONOMER,0.0,1.0626607349315913e-06
GLYLEUPEPT1tc_FWD_393126.8.peg.153-MONOMER,0.0,-4.6075555313172307e-07
GLYLEUPEPT1tc_REV_393126.8.peg.136-MONOMER,0.0,-4.0268772068779785e-07
GLYLEUPEPT1tc_FWD_393126.8.peg.136-MONOMER,0.0,-1.926104008751112e-06
GLYLEUPEPT1tc_REV_393126.8.peg.2280-MONOMER,0.0,6.438130723439886e-07
GLYLEUPEPT1tc_FWD_393126.8.peg.2280-MONOMER,0.0,-8.796032157193258e-07
GLYLEUPEPT1tc_REV_393126.8.peg.2282-MONOMER,0.0,1.1905239495562068e-06
GLYLEUPEPT1tc_FWD_393126.8.peg.2282-MONOMER,0.0,-3.328923385071077e-07
GLYLEUPEPT1tc_REV_393126.8.peg.2284-MONOMER,0.0,8.049066690141342e-07
GLYLEUPEPT1tc_FWD_393126.8.peg.2284-MONOMER,0.0,-7.185096190491803e-07
GLYMET1c_REV_393126.8.peg.1431-MONOMER,0.0,-1.4445935496187276e-06
GLYMET1c_FWD_393126.8.peg.1431-MONOMER,0.0,3.0696683001206623e-37
GLYMET1c_REV_393126.8.peg.1793-MONOMER_mod_fe2(2),0.0,-1.8946942209152818e-06
GLYMET1c_FWD_393126.8.peg.1793-MONOMER_mod_fe2(2),0.0,-4.501006712965543e-07
GLYMETabc_REV_393126.8.peg.138-MONOMER,0.0,-2.837025213662128e-07
GLYMETabc_FWD_393126.8.peg.138-MONOMER,0.0,-1.8071188094295272e-06
GLYMETabc_REV_393126.8.peg.273-MONOMER,0.0,1.345008637797137e-06
GLYMETabc_FWD_393126.8.peg.273-MONOMER,0.0,-1.7840765026617753e-07
GLYMETabc_REV_393126.8.peg.2663-MONOMER,0.0,9.798836101541928e-07
GLYMETabc_FWD_393126.8.peg.2663-MONOMER,0.0,-5.435326779091215e-07
GLYMETabc_REV_393126.8.peg.2281-MONOMER,0.0,1.5234162880633143e-06
GLYMETabc_FWD_393126.8.peg.2281-MONOMER,0.0,9.454338203779565e-36
GLYMETabc_REV_393126.8.peg.2131-MONOMER,0.0,2.3285138545187097e-07
GLYMETabc_FWD_393126.8.peg.2131-MONOMER,0.0,-1.2905649026114434e-06
GLYMETabc_REV_393126.8.peg.153-MONOMER,0.0,1.0626607349315913e-06
GLYMETabc_FWD_393126.8.peg.153-MONOMER,0.0,-4.6075555313172307e-07
GLYMETabc_REV_393126.8.peg.136-MONOMER,0.0,-4.0268772068779785e-07
GLYMETabc_FWD_393126.8.peg.136-MONOMER,0.0,-1.926104008751112e-06
GLYMETabc_REV_393126.8.peg.2280-MONOMER,0.0,6.438130723439886e-07
GLYMETabc_FWD_393126.8.peg.2280-MONOMER,0.0,-8.796032157193258e-07
GLYMETabc_REV_393126.8.peg.2282-MONOMER,0.0,1.1905239495562068e-06
GLYMETabc_FWD_393126.8.peg.2282-MONOMER,0.0,-3.328923385071077e-07
GLYMETabc_REV_393126.8.peg.2284-MONOMER,0.0,8.049066690141342e-07
GLYMETabc_FWD_393126.8.peg.2284-MONOMER,0.0,-7.185096190491803e-07
GLYOX_REV_393126.8.peg.2255-MONOMER,0.0,1.588871202064683e-06
GLYOX_FWD_393126.8.peg.2255-MONOMER,0.0,-1.211597208536119e-35
GLYPHEHYc_REV_393126.8.peg.1431-MONOMER,0.0,7.854741270545334e-37
GLYPHEHYc_FWD_393126.8.peg.1431-MONOMER,0.0,-1.4445935496187276e-06
GLYPHEHYc_REV_393126.8.peg.1793-MONOMER_mod_fe2(2),0.0,-4.501006712965543e-07
GLYPHEHYc_FWD_393126.8.peg.1793-MONOMER_mod_fe2(2),0.0,-1.8946942209152818e-06
GLYPHEabc_REV_393126.8.peg.138-MONOMER,0.0,1.3177252419381376e-05
GLYPHEabc_FWD_393126.8.peg.138-MONOMER,0.0,-1.5268073750177115e-05
GLYPHEabc_REV_393126.8.peg.273-MONOMER,0.0,1.4805963578544725e-05
GLYPHEabc_FWD_393126.8.peg.273-MONOMER,0.0,-1.3639362591013766e-05
GLYPHEabc_REV_393126.8.peg.2663-MONOMER,0.0,1.444083855090178e-05
GLYPHEabc_FWD_393126.8.peg.2663-MONOMER,0.0,-1.4004487618656709e-05
GLYPHEabc_REV_393126.8.peg.2281-MONOMER,0.0,1.4984371228810903e-05
GLYPHEabc_FWD_393126.8.peg.2281-MONOMER,0.0,-1.3460954940747588e-05
GLYPHEabc_REV_393126.8.peg.2131-MONOMER,0.0,1.369380632619946e-05
GLYPHEabc_FWD_393126.8.peg.2131-MONOMER,0.0,-1.4751519843359031e-05
GLYPHEabc_REV_393126.8.peg.153-MONOMER,0.0,1.452361567567918e-05
GLYPHEabc_FWD_393126.8.peg.153-MONOMER,0.0,-1.392171049387931e-05
GLYPHEabc_REV_393126.8.peg.136-MONOMER,0.0,1.305826722005979e-05
GLYPHEabc_FWD_393126.8.peg.136-MONOMER,0.0,-1.53870589494987e-05
GLYPHEabc_REV_393126.8.peg.2280-MONOMER,0.0,1.4104768013091577e-05
GLYPHEabc_FWD_393126.8.peg.2280-MONOMER,0.0,-1.4340558156466914e-05
GLYPHEabc_REV_393126.8.peg.2282-MONOMER,0.0,1.4651478890303795e-05
GLYPHEabc_FWD_393126.8.peg.2282-MONOMER,0.0,-1.3793847279254696e-05
GLYPHEabc_REV_393126.8.peg.2284-MONOMER,0.0,1.4265861609761722e-05
GLYPHEabc_FWD_393126.8.peg.2284-MONOMER,0.0,-1.4179464559796769e-05
GLYPROPRO1c_REV_393126.8.peg.1431-MONOMER,2.45318566001885e-23,-3.385263606490948e-36
GLYPROPRO1c_FWD_393126.8.peg.1431-MONOMER,0.0,-1.4445935496187276e-06
GLYPROPRO1c_REV_393126.8.peg.1793-MONOMER_mod_fe2(2),0.0,-4.501006712965543e-07
GLYPROPRO1c_FWD_393126.8.peg.1793-MONOMER_mod_fe2(2),0.0,-1.8946942209152818e-06
GLYPROabc_REV_393126.8.peg.138-MONOMER,0.0,1.3177252419381376e-05
GLYPROabc_FWD_393126.8.peg.138-MONOMER,0.0,-1.5268073750177115e-05
GLYPROabc_REV_393126.8.peg.273-MONOMER,0.0,1.4805963578544725e-05
GLYPROabc_FWD_393126.8.peg.273-MONOMER,0.0,-1.3639362591013766e-05
GLYPROabc_REV_393126.8.peg.2663-MONOMER,0.0,1.444083855090178e-05
GLYPROabc_FWD_393126.8.peg.2663-MONOMER,0.0,-1.4004487618656709e-05
GLYPROabc_REV_393126.8.peg.2281-MONOMER,0.0,1.4984371228810903e-05
GLYPROabc_FWD_393126.8.peg.2281-MONOMER,0.0,-1.3460954940747588e-05
GLYPROabc_REV_393126.8.peg.2131-MONOMER,0.0,1.369380632619946e-05
GLYPROabc_FWD_393126.8.peg.2131-MONOMER,0.0,-1.4751519843359031e-05
GLYPROabc_REV_393126.8.peg.153-MONOMER,0.0,1.452361567567918e-05
GLYPROabc_FWD_393126.8.peg.153-MONOMER,0.0,-1.392171049387931e-05
GLYPROabc_REV_393126.8.peg.136-MONOMER,0.0,1.305826722005979e-05
GLYPROabc_FWD_393126.8.peg.136-MONOMER,0.0,-1.53870589494987e-05
GLYPROabc_REV_393126.8.peg.2280-MONOMER,0.0,1.4104768013091577e-05
GLYPROabc_FWD_393126.8.peg.2280-MONOMER,0.0,-1.4340558156466914e-05
GLYPROabc_REV_393126.8.peg.2282-MONOMER,0.0,1.4651478890303795e-05
GLYPROabc_FWD_393126.8.peg.2282-MONOMER,0.0,-1.3793847279254696e-05
GLYPROabc_REV_393126.8.peg.2284-MONOMER,0.0,1.4265861609761722e-05
GLYPROabc_FWD_393126.8.peg.2284-MONOMER,0.0,-1.4179464559796769e-05
GLYTYR1c_REV_393126.8.peg.1431-MONOMER,0.0,-1.3921187719121485e-37
GLYTYR1c_FWD_393126.8.peg.1431-MONOMER,0.0,-1.4445935496187276e-06
GLYTYR1c_REV_393126.8.peg.1793-MONOMER_mod_fe2(2),0.0,-4.501006712965543e-07
GLYTYR1c_FWD_393126.8.peg.1793-MONOMER_mod_fe2(2),0.0,-1.8946942209152818e-06
GLYTYRabc_REV_393126.8.peg.138-MONOMER,0.0,1.3177252419381376e-05
GLYTYRabc_FWD_393126.8.peg.138-MONOMER,0.0,-1.5268073750177115e-05
GLYTYRabc_REV_393126.8.peg.273-MONOMER,0.0,1.4805963578544725e-05
GLYTYRabc_FWD_393126.8.peg.273-MONOMER,0.0,-1.3639362591013766e-05
GLYTYRabc_REV_393126.8.peg.2663-MONOMER,0.0,1.444083855090178e-05
GLYTYRabc_FWD_393126.8.peg.2663-MONOMER,0.0,-1.4004487618656709e-05
GLYTYRabc_REV_393126.8.peg.2281-MONOMER,0.0,1.4984371228810903e-05
GLYTYRabc_FWD_393126.8.peg.2281-MONOMER,0.0,-1.3460954940747588e-05
GLYTYRabc_REV_393126.8.peg.2131-MONOMER,0.0,1.369380632619946e-05
GLYTYRabc_FWD_393126.8.peg.2131-MONOMER,0.0,-1.4751519843359031e-05
GLYTYRabc_REV_393126.8.peg.153-MONOMER,0.0,1.452361567567918e-05
GLYTYRabc_FWD_393126.8.peg.153-MONOMER,0.0,-1.392171049387931e-05
GLYTYRabc_REV_393126.8.peg.136-MONOMER,0.0,1.305826722005979e-05
GLYTYRabc_FWD_393126.8.peg.136-MONOMER,0.0,-1.53870589494987e-05
GLYTYRabc_REV_393126.8.peg.2280-MONOMER,0.0,1.4104768013091577e-05
GLYTYRabc_FWD_393126.8.peg.2280-MONOMER,0.0,-1.4340558156466914e-05
GLYTYRabc_REV_393126.8.peg.2282-MONOMER,0.0,1.4651478890303795e-05
GLYTYRabc_FWD_393126.8.peg.2282-MONOMER,0.0,-1.3793847279254696e-05
GLYTYRabc_REV_393126.8.peg.2284-MONOMER,0.0,1.4265861609761722e-05
GLYTYRabc_FWD_393126.8.peg.2284-MONOMER,0.0,-1.4179464559796769e-05
GLYt2r_REV_393126.8.peg.809-MONOMER,0.0,-3.7446951823309176e-06
GLYt2r_FWD_393126.8.peg.809-MONOMER,0.45,1.2670719462686558e-36
GMPS2_REV_393126.8.peg.1126-MONOMER_mod_mg2(1),0.0,-2.6834562250003623e-06
GMPS2_FWD_393126.8.peg.1126-MONOMER_mod_mg2(1),0.022071763370500937,6.57711802739397e-35
GND_REV_393126.8.peg.1453-MONOMER,0.0,0.020552824872582934
GND_FWD_393126.8.peg.1453-MONOMER,0.0,-0.020555431332880722
GNK_REV_393126.8.peg.2818-MONOMER_mod_mg2(1),0.0,3.028880753624145e-07
GNK_FWD_393126.8.peg.2818-MONOMER_mod_mg2(1),0.0,2.8342338874088606e-36
GPDDA1_REV_393126.8.peg.1367-MONOMER_mod_mg2(1),0.0,2.452063820710241e-06
GPDDA1_FWD_393126.8.peg.1367-MONOMER_mod_mg2(1),0.0,-2.611627305946407e-07
GPDDA1_REV_393126.8.peg.631-MONOMER,0.0,2.713226551304882e-06
GPDDA1_FWD_393126.8.peg.631-MONOMER,0.0,2.210282846381072e-36
GPDDA2_REV_393126.8.peg.1367-MONOMER_mod_mg2(1),0.0,2.452063820710241e-06
GPDDA2_FWD_393126.8.peg.1367-MONOMER_mod_mg2(1),0.0,-2.611627305946407e-07
GPDDA2_REV_393126.8.peg.631-MONOMER,0.0,2.713226551304882e-06
GPDDA2_FWD_393126.8.peg.631-MONOMER,0.0,-5.8023898287173865e-36
GPDDA4_REV_393126.8.peg.1367-MONOMER_mod_mg2(1),0.0,2.452063820710241e-06
GPDDA4_FWD_393126.8.peg.1367-MONOMER_mod_mg2(1),0.0,-2.611627305946407e-07
GPDDA4_REV_393126.8.peg.631-MONOMER,0.0,2.713226551304882e-06
GPDDA4_FWD_393126.8.peg.631-MONOMER,0.0,-1.796053491168157e-36
GRTT_REV_393126.8.peg.1440-MONOMER_mod_mn2(1),0.0,-1.7263206181474682e-06
GRTT_FWD_393126.8.peg.1440-MONOMER_mod_mn2(1),0.0035803714907008404,-2.2136393804500513e-36
GRTT_REV_393126.8.peg.1440-MONOMER_mod_mg2(1),0.0,-1.7384067336559422e-06
GRTT_FWD_393126.8.peg.1440-MONOMER_mod_mg2(1),0.0,-1.208611550847414e-08
GTHRD_REV_393126.8.peg.1511-MONOMER,0.0,-3.1116545838312975e-06
GTHRD_FWD_393126.8.peg.1511-MONOMER,0.0,9.269161602329595e-35
GTHRD_REV_393126.8.peg.932-MONOMER_mod_fad(1),0.0,-3.1905756915739783e-06
GTHRD_FWD_393126.8.peg.932-MONOMER_mod_fad(1),0.0,-7.892110774268104e-08
GTHS_REV_393126.8.peg.2879-MONOMER_mod_mg2(1),0.0,-1.4122233959266677e-06
GTHS_FWD_393126.8.peg.2879-MONOMER_mod_mg2(1),0.00160736623362175,-6.963146366282681e-36
GTPCI_REV_393126.8.peg.2018-MONOMER_mod_zn2(1),0.0,-4.071668883667961e-07
GTPCI_FWD_393126.8.peg.2018-MONOMER_mod_zn2(1),0.00482209870086525,3.704123557307275e-35
GTPDPK_REV_393126.8.peg.834-MONOMER,0.0,2.281243531856384e-06
GTPDPK_FWD_393126.8.peg.834-MONOMER,0.0,-8.410856324813707e-07
GTPDPK_REV_393126.8.peg.1603-MONOMER_mod_mn2(1),0.0,2.861057852378141e-06
GTPDPK_FWD_393126.8.peg.1603-MONOMER_mod_mn2(1),0.0,-2.612713119596138e-07
GTPDPK_REV_393126.8.peg.824-MONOMER,0.0,3.075064707002377e-06
GTPDPK_FWD_393126.8.peg.824-MONOMER,0.0,-4.726445733537745e-08
GTPDPK_REV_393126.8.peg.994-MONOMER,0.0,3.1223291643377545e-06
GTPDPK_FWD_393126.8.peg.994-MONOMER,0.0,7.839270041325584e-35
GUAPRT_REV_393126.8.peg.221-MONOMER,0.0,0.013693584854880717
GUAPRT_FWD_393126.8.peg.221-MONOMER,0.0,-0.013694518817813958
H2CO3D_REV_CPLX_dummy,0.0,-1.7303138578205756e-06
H2CO3D_FWD_CPLX_dummy,0.2019908249308849,-5.071871816534153e-37
H2Ot_REV_CPLX_dummy,0.0,-1.7303138578205756e-06
H2Ot_FWD_CPLX_dummy,8.808044612783084,0.0
HBZOPT_REV_CPLX_dummy,0.0,-1.7303138578205756e-06
HBZOPT_FWD_CPLX_dummy,0.0,-6.81102501569477e-35
HDCAtr_REV_CPLX_dummy,-9.097314685005562e-25,1.141060491924908e-40
HDCAtr_FWD_CPLX_dummy,0.0,-1.7303138578205756e-06
HDG3PACT_REV_CPLX_G3PAT120-1,0.0,-1.8419553677408397e-06
HDG3PACT_FWD_CPLX_G3PAT120-1,-9.097314685005562e-25,5.249070019418306e-36
HDG3PACT_REV_CPLX_G3PAT120-0,0.0,-2.363324789392151e-06
HDG3PACT_FWD_CPLX_G3PAT120-0,0.0,-5.213694216513113e-07
HEMEOS_REV_393126.8.peg.2143-MONOMER_mod_ca2(1),0.0,3.337782807403341e-07
HEMEOS_FWD_393126.8.peg.2143-MONOMER_mod_ca2(1),0.0,7.122659881683626e-35
HEMEOS_REV_393126.8.peg.2143-MONOMER_mod_mg2(1),0.0,3.23634170600401e-07
HEMEOS_FWD_393126.8.peg.2143-MONOMER_mod_mg2(1),0.0,-1.0144110139933104e-08
HEMEti_REV_CPLX_dummy,0.0,-1.7303138578205756e-06
HEMEti_FWD_CPLX_dummy,0.00160736623362175,-3.972526475010726e-36
HETT_REV_CPLX_dummy,0.0,-1.7303138578205756e-06
HETT_FWD_CPLX_dummy,0.0032147324672435,-3.471965860025516e-35
HETZK_REV_393126.8.peg.322-MONOMER,0.0,-4.059476408695327e-06
HETZK_FWD_393126.8.peg.322-MONOMER,0.0,3.6109940877039655e-36
HEX1_REV_393126.8.peg.1416-MONOMER,0.0,-4.495354488433021e-06
HEX1_FWD_393126.8.peg.1416-MONOMER,0.29797156,-7.445790345595808e-36
HEX7_REV_393126.8.peg.798-MONOMER,0.0,-2.687940250346535e-06
HEX7_FWD_393126.8.peg.798-MONOMER,0.0,-2.126840526460291e-08
HEX7_REV_393126.8.peg.835-MONOMER,0.0,-2.6666718450819323e-06
HEX7_FWD_393126.8.peg.835-MONOMER,0.07449289,-2.3084622042338754e-35
HEXTT_REV_CPLX_HEXTT-0,0.0,-7.808081320925882e-07
HEXTT_FWD_CPLX_HEXTT-0,0.0032147324672435,4.523097831374077e-35
HEXTT_REV_CPLX_HEXTT-2,0.0,-9.006384547240939e-07
HEXTT_FWD_CPLX_HEXTT-2,0.0,-1.198303226315057e-07
HEXTT_REV_CPLX_HEXTT-1,0.0,-1.3580445171388272e-06
HEXTT_FWD_CPLX_HEXTT-1,0.0,-5.772363850462391e-07
HEXTT_REV_CPLX_HEXTT-3,0.0,-1.501435013276848e-06
HEXTT_FWD_CPLX_HEXTT-3,0.0,-7.206268811842598e-07
HEXb_REV_393126.8.peg.1416-MONOMER,0.0,-3.256815821414078e-06
HEXb_FWD_393126.8.peg.1416-MONOMER,0.0,-1.2385386670189429e-06
HG2abc_REV_393126.8.peg.1939-MONOMER,0.0,8.188806605384254e-08
HG2abc_FWD_393126.8.peg.1939-MONOMER,0.0,-8.755238396092943e-36
HG2abc_REV_393126.8.peg.656-MONOMER,0.0,-2.397087619505502e-07
HG2abc_FWD_393126.8.peg.656-MONOMER,0.0,-3.215968280043927e-07
HISTD_REV_393126.8.peg.581-MONOMER_mod_mn2(1),0.0,0.14388247465116372
HISTD_FWD_393126.8.peg.581-MONOMER_mod_mn2(1),0.0,-0.14388534950673837
HISTDOX_REV_393126.8.peg.581-MONOMER_mod_mn2(1),0.0,-2.8748555746480507e-06
HISTDOX_FWD_393126.8.peg.581-MONOMER_mod_mn2(1),0.0,7.427828284185957e-35
HISTLOX_REV_393126.8.peg.581-MONOMER_mod_mn2(1),0.0,0.14388391207895104
HISTLOX_FWD_393126.8.peg.581-MONOMER_mod_mn2(1),0.0,-0.1438867869345257
HISTP_REV_393126.8.peg.584-MONOMER,0.0,-3.2824184347841273e-07
HISTP_FWD_393126.8.peg.584-MONOMER,0.0,-1.884086168690835e-35
HISt2r_REV_CPLX_dummy,0.0,-1.7303138578205756e-06
HISt2r_FWD_CPLX_dummy,0.015346222512745937,-1.6340538495680342e-37
HKt_REV_393126.8.peg.2789-MONOMER,0.0,0.010277405376320093
HKt_FWD_393126.8.peg.2789-MONOMER,0.0,-0.010281345016972771
HKt_REV_393126.8.peg.2788-MONOMER,0.0,0.010277341520836814
HKt_FWD_393126.8.peg.2788-MONOMER,0.0,-0.01028140887245605
HKt_REV_393126.8.peg.2787-MONOMER,0.0,0.010279368006028647
HKt_FWD_393126.8.peg.2787-MONOMER,0.0,-0.010279382387264217
HMBS_REV_393126.8.peg.1636-MONOMER_mod_dpm(1),0.0,-1.9137011083127345e-06
HMBS_FWD_393126.8.peg.1636-MONOMER_mod_dpm(1),0.00160736623362175,2.6156742939214884e-34
HMGCOAS_REV_393126.8.peg.1493-MONOMER,0.0,-1.5876692874269287e-06
HMGCOAS_FWD_393126.8.peg.1493-MONOMER,0.0,-8.560629304178971e-35
HPPK_REV_393126.8.peg.229-MONOMER_mod_mg2(1),0.0,-9.700622504378158e-07
HPPK_FWD_393126.8.peg.229-MONOMER_mod_mg2(1),0.0,-2.7385090037829096e-35
HPPK2_REV_CPLX_dummy,0.0,0.0274155952137735
HPPK2_FWD_CPLX_dummy,0.0,-0.02741732552763132
HPROxr_REV_393126.8.peg.1463-MONOMER,0.0,-2.179369466369047e-06
HPROxr_FWD_393126.8.peg.1463-MONOMER,0.0,-3.122712655317227e-35
HPROyr_REV_393126.8.peg.1463-MONOMER,0.0,-1.5858489605846377e-06
HPROyr_FWD_393126.8.peg.1463-MONOMER,0.0,-5.935205057844096e-07
HSDx_REV_393126.8.peg.2639-MONOMER,0.0,-2.0888420740644108e-35
HSDx_FWD_393126.8.peg.2639-MONOMER,0.0,-2.483140591550609e-06
HSDy_REV_393126.8.peg.2639-MONOMER,0.0,-5.935205057844096e-07
HSDy_FWD_393126.8.peg.2639-MONOMER,0.0,-1.8896200857661993e-06
HSERTA_REV_393126.8.peg.608-MONOMER,0.00496313430695593,1.0536528419456165e-35
HSERTA_FWD_393126.8.peg.608-MONOMER,0.0,-2.179286620635442e-06
HSK_REV_393126.8.peg.192-MONOMER_mod_mg2(1),0.0,-2.5917281704973303e-06
HSK_FWD_393126.8.peg.192-MONOMER_mod_mg2(1),0.00496313430695593,-2.1868388046086912e-35
HSK_REV_393126.8.peg.2637-MONOMER_mod_k(1)_mod_mg2(1),0.0,-3.1320949871418274e-06
HSK_FWD_393126.8.peg.2637-MONOMER_mod_k(1)_mod_mg2(1),0.0,-5.403668166444969e-07
HSTPTr_REV_393126.8.peg.2010-MONOMER_mod_pydx5p(1),0.0,-1.7254701965150358e-35
HSTPTr_FWD_393126.8.peg.2010-MONOMER_mod_pydx5p(1),0.0,-2.1413765965968353e-06
HXPRT_REV_393126.8.peg.221-MONOMER,0.0,-9.339629332420973e-07
HXPRT_FWD_393126.8.peg.221-MONOMER,0.027550515934628136,-2.3597573080573858e-35
HYD1_REV_393126.8.peg.2824-MONOMER,0.0,-3.1535083098179995e-06
HYD1_FWD_393126.8.peg.2824-MONOMER,0.0,1.150290590424113e-36
HYXNt_REV_393126.8.peg.2344-MONOMER,0.0,-4.024563854437483e-06
HYXNt_FWD_393126.8.peg.2344-MONOMER,0.027550515934628136,-2.7332335877346047e-40
IAHDGK_REV_393126.8.peg.1542-MONOMER,0.0,0.013707409674057109
IAHDGK_FWD_393126.8.peg.1542-MONOMER,0.0,-0.013707523106512987
IAPDGK_REV_393126.8.peg.1542-MONOMER,0.0,-1.1343245587826758e-07
IAPDGK_FWD_393126.8.peg.1542-MONOMER,0.0,-3.217958276260124e-35
IBCOATA_REV_393126.8.peg.1894-MONOMER,0.0,-3.508859903100054e-06
IBCOATA_FWD_393126.8.peg.1894-MONOMER,0.0,-2.557751655078054e-35
ICDHy_REV_393126.8.peg.1646-MONOMER_mod_mg2(1),0.0,0.02739495274478232
ICDHy_FWD_393126.8.peg.1646-MONOMER_mod_mg2(1),0.0,-0.02739845551300291
ICDHy_REV_393126.8.peg.1646-MONOMER_mod_mn2(1),0.0,0.027394958419665154
ICDHy_FWD_393126.8.peg.1646-MONOMER_mod_mn2(1),0.0,-0.02739844983812007
ICHORS_REV_393126.8.peg.1759-MONOMER_mod_mg2(1),0.0,-2.20916287205057e-06
ICHORS_FWD_393126.8.peg.1759-MONOMER_mod_mg2(1),0.0032147324672435,1.1270944732070953e-35
ICHORT_REV_393126.8.peg.644-MONOMER,0.0,2.036947977693972e-06
ICHORT_FWD_393126.8.peg.644-MONOMER,0.0,1.12942736568991e-35
IG3PS_REV_393126.8.peg.1126-MONOMER_mod_mg2(1),0.0,-7.583672243268077e-07
IG3PS_FWD_393126.8.peg.1126-MONOMER_mod_mg2(1),0.0,-1.9250890006735546e-06
IG3PS_REV_393126.8.peg.579-MONOMER,0.0,1.166721776346747e-06
IG3PS_FWD_393126.8.peg.579-MONOMER,0.0,-1.5800662844350721e-34
IGPDH_REV_393126.8.peg.580-MONOMER_mod_mg2(1),0.0,-1.5197658651308208e-06
IGPDH_FWD_393126.8.peg.580-MONOMER_mod_mg2(1),0.0,-9.654583959736367e-09
IGPDH_REV_393126.8.peg.580-MONOMER_mod_mn2(1),0.0,-1.5101112811710845e-06
IGPDH_FWD_393126.8.peg.580-MONOMER_mod_mn2(1),0.0,1.2746658840749514e-35
IGPS_REV_393126.8.peg.1711-MONOMER,0.0,-1.283709227191773e-06
IGPS_FWD_393126.8.peg.1711-MONOMER,0.004436240250273786,-6.238677967575276e-35
IHDCOATA_REV_393126.8.peg.1894-MONOMER,9.097314685005562e-25,2.724653830347964e-35
IHDCOATA_FWD_393126.8.peg.1894-MONOMER,0.0,-3.508859903100054e-06
IHDGK_REV_393126.8.peg.1542-MONOMER,0.0,0.013707409674057109
IHDGK_FWD_393126.8.peg.1542-MONOMER,0.0,-0.013707523106512987
IHDUDPG_REV_CPLX_dummy,0.0,-1.7303138578205756e-06
IHDUDPG_FWD_CPLX_dummy,0.0014625560938293604,4.85017756870137e-35
IHDUDPMG_REV_CPLX_dummy,0.0,-1.7303138578205756e-06
IHDUDPMG_FWD_CPLX_dummy,0.0014625560938293604,3.2941559412330206e-35
IHPDCOATA_REV_393126.8.peg.1894-MONOMER,0.0,-3.508859903100054e-06
IHPDCOATA_FWD_393126.8.peg.1894-MONOMER,0.01683255411592637,2.977504501691168e-35
IHXDGK_REV_393126.8.peg.1542-MONOMER,0.0,-1.1343245587826758e-07
IHXDGK_FWD_393126.8.peg.1542-MONOMER,0.0,-1.6263702162853148e-35
ILETA_REV_393126.8.peg.1007-MONOMER_mod_pydx5p(6),0.0,-3.8042816171592857e-06
ILETA_FWD_393126.8.peg.1007-MONOMER_mod_pydx5p(6),0.03366510823185274,3.231834144923596e-36
ILETA_REV_393126.8.peg.1007-MONOMER_mod_pydx5p(1),0.0,-3.855623556865845e-06
ILETA_FWD_393126.8.peg.1007-MONOMER_mod_pydx5p(1),0.0,-5.1341939706559363e-08
ILEt2r_REV_CPLX_dummy,0.0,-1.7303138578205756e-06
ILEt2r_FWD_CPLX_dummy,0.10382345971664267,1.994933578414394e-37
IMPC_REV_393126.8.peg.1850-MONOMER,0.0,-1.7729089237791715e-36
IMPC_FWD_393126.8.peg.1850-MONOMER,0.0,-2.8102036655073307e-06
IMPD_REV_393126.8.peg.133-MONOMER,0.0,0.0034295953894345438
IMPD_FWD_393126.8.peg.133-MONOMER,0.0,-0.0034290604376086284
IMPD_REV_393126.8.peg.2865-MONOMER,0.0,0.0034272397744362386
IMPD_FWD_393126.8.peg.2865-MONOMER,0.0,-0.0034314160526069336
IND3ACt2r_REV_CPLX_dummy,0.0,2.382534307139208e-37
IND3ACt2r_FWD_CPLX_dummy,0.0,-1.7303138578205756e-06
INHINDH_REV_393126.8.peg.286-MONOMER,0.0,7.369635889941095e-07
INHINDH_FWD_393126.8.peg.286-MONOMER,0.0,-1.2201245395739352e-37
INS2D_REV_393126.8.peg.2247-MONOMER,0.0,0.006850701523708953
INS2D_FWD_393126.8.peg.2247-MONOMER,0.0,-0.006850259880915865
IPDCOATA_REV_393126.8.peg.1894-MONOMER,0.0,-3.508859903100054e-06
IPDCOATA_FWD_393126.8.peg.1894-MONOMER,0.0,6.499106635272933e-35
IPDDI_REV_393126.8.peg.1459-MONOMER,0.0,-1.191001557871951e-06
IPDDI_FWD_393126.8.peg.1459-MONOMER,0.0,-1.191001557871951e-06
IPDGK_REV_393126.8.peg.1542-MONOMER,0.0,-1.1343245587826758e-07
IPDGK_FWD_393126.8.peg.1542-MONOMER,0.0,-3.217958276260124e-35
IPDPS_REV_393126.8.peg.1529-MONOMER_mod_nadph(1)_mod_nadh(1)_mod_fad(1)_mod_cobalt2(1),0.0,-1.9591640077668183e-06
IPDPS_FWD_393126.8.peg.1529-MONOMER_mod_nadph(1)_mod_nadh(1)_mod_fad(1)_mod_cobalt2(1),0.026159517505277903,1.4715174939924728e-36
IPDPS2_REV_393126.8.peg.1529-MONOMER_mod_nadph(1)_mod_nadh(1)_mod_fad(1)_mod_cobalt2(1),0.0,-1.3656435019824088e-06
IPDPS2_FWD_393126.8.peg.1529-MONOMER_mod_nadph(1)_mod_nadh(1)_mod_fad(1)_mod_cobalt2(1),0.0,-5.935205057844096e-07
IPDPUPT_REV_393126.8.peg.1392-MONOMER_mod_mg2(1),0.0,-1.1626313272255387e-06
IPDPUPT_FWD_393126.8.peg.1392-MONOMER_mod_mg2(1),0.0003656390234573401,6.809057562369065e-35
IPMDr_REV_393126.8.peg.2074-MONOMER_mod_mg2(1)_mod_mn2(1),0.0,-1.5637558863648868e-07
IPMDr_FWD_393126.8.peg.2074-MONOMER_mod_mg2(1)_mod_mn2(1),0.0,-4.1101592489007085e-36
IPPMIa_REV_CPLX_IPPMIa-0,0.0,-2.6678191574646997e-06
IPPMIa_FWD_CPLX_IPPMIa-0,0.0,-1.060348770350004e-36
IPPMIb_REV_CPLX_IPPMIa-0,0.0,-2.6678191574646997e-06
IPPMIb_FWD_CPLX_IPPMIa-0,0.0,-2.1525101106032168e-36
ISOBUTt2r_REV_CPLX_dummy,0.0,-6.024799397363514e-37
ISOBUTt2r_FWD_CPLX_dummy,0.0,-1.7303138578205756e-06
ISOCAPRt2r_REV_CPLX_dummy,0.0,2.382534307139208e-37
ISOCAPRt2r_FWD_CPLX_dummy,0.0,-1.7303138578205756e-06
ISOMALT_REV_393126.8.peg.186-MONOMER,0.0,1.4736621722644182e-06
ISOMALT_FWD_393126.8.peg.186-MONOMER,0.0,-5.845901929580924e-36
ISOVALt2r_REV_CPLX_dummy,0.0,1.6812264162786188e-37
ISOVALt2r_FWD_CPLX_dummy,0.0,-1.7303138578205756e-06
ITDCOATA_REV_393126.8.peg.1894-MONOMER,-9.097314685005562e-25,-7.969498266027148e-36
ITDCOATA_FWD_393126.8.peg.1894-MONOMER,0.0,-3.508859903100054e-06
ITDGK_REV_393126.8.peg.1542-MONOMER,0.0,-1.1343245587826758e-07
ITDGK_FWD_393126.8.peg.1542-MONOMER,0.0,-1.6263702162853148e-35
IVCOATA_REV_393126.8.peg.1894-MONOMER,0.0,-3.508859903100054e-06
IVCOATA_FWD_393126.8.peg.1894-MONOMER,0.01683255411592637,2.724653830347964e-35
KARA1_REV_393126.8.peg.2072-MONOMER_mod_mg2(1),0.0,-2.465007135910983e-06
KARA1_FWD_393126.8.peg.2072-MONOMER_mod_mg2(1),1.8300815844637806e-22,6.731448039265169e-35
KARA2_REV_393126.8.peg.2072-MONOMER_mod_mg2(1),0.0,-2.465007135910983e-06
KARA2_FWD_393126.8.peg.2072-MONOMER_mod_mg2(1),1.8300815844637806e-22,-4.1662099256948186e-35
KARA3_REV_393126.8.peg.2072-MONOMER_mod_mg2(1),0.0,-1.2325035679554915e-06
KARA3_FWD_393126.8.peg.2072-MONOMER_mod_mg2(1),0.0,-1.2325035679554915e-06
KAS14_REV_CPLX_3OAS100-0,0.0,-4.3152233285359615e-06
KAS14_FWD_CPLX_3OAS100-0,0.0,9.040863646617453e-36
KAS_HP_REV_CPLX_dummy,0.0,-2.1228304524144767e-06
KAS_HP_FWD_CPLX_dummy,0.0,-1.064852712094158e-34
Kt1r_REV_393126.8.peg.1042-MONOMER,0.0,-1.6631831352267744e-06
Kt1r_FWD_393126.8.peg.1042-MONOMER,1.926509376139497e-06,-1.5654009623323073e-40
Kt3_REV_393126.8.peg.1022-MONOMER,0.0,0.0034263123627010154
Kt3_FWD_393126.8.peg.1022-MONOMER,0.0,-0.0034281397107183966
Kt3_REV_393126.8.peg.1052-MONOMER,0.0,0.0034268311906882265
Kt3_FWD_393126.8.peg.1052-MONOMER,0.0,-0.003427620882731185
L2A6ODs_REV_CPLX_dummy,0.0,-1.7303138578205756e-06
L2A6ODs_FWD_CPLX_dummy,0.0,2.206762173549923e-37
LACZ_REV_CPLX_dummy,0.0,-1.7303138578205756e-06
LACZ_FWD_CPLX_dummy,0.07449289,9.914454909422127e-36
LARGNAT_REV_393126.8.peg.2010-MONOMER_mod_pydx5p(1),0.0,1.886660130241404e-35
LARGNAT_FWD_393126.8.peg.2010-MONOMER_mod_pydx5p(1),0.0,-2.1413765965968353e-06
LCARRy_REV_393126.8.peg.1178-MONOMER,0.0,-2.4675232476830387e-06
LCARRy_FWD_393126.8.peg.1178-MONOMER,0.0,-6.725077630025167e-35
LCARS_REV_CPLX_dummy,0.0,-1.7303138578205756e-06
LCARS_FWD_CPLX_dummy,0.14898579,-1.0444534595128849e-35
LCTSabc_REV_CPLX_dummy,0.0,-1.7303138578205756e-06
LCTSabc_FWD_CPLX_dummy,0.07449289,-2.0904035759377102e-35
LDH_L_REV_393126.8.peg.1750-MONOMER,0.0,-2.6915764511625287e-06
LDH_L_FWD_393126.8.peg.1750-MONOMER,0.0,-8.16115472055597e-07
LDH_L_REV_393126.8.peg.212-MONOMER,0.0,-2.7014638754646838e-06
LDH_L_FWD_393126.8.peg.212-MONOMER,0.0,-8.26002896357752e-07
LDH_L_REV_393126.8.peg.1614-MONOMER,0.0,-2.297216203454878e-06
LDH_L_FWD_393126.8.peg.1614-MONOMER,0.0,-4.2175522434794655e-07
LEUO_REV_CPLX_dummy,0.0,1.7875720908429707e-05
LEUO_FWD_CPLX_dummy,0.0,-1.960603476625028e-05
LEUTA_REV_CPLX_dummy,0.0,-2.6393125409271157e-36
LEUTA_FWD_CPLX_dummy,0.0,-1.7303138578205756e-06
LEUt2r_REV_CPLX_dummy,0.0,-1.7303138578205756e-06
LEUt2r_FWD_CPLX_dummy,0.07691562753699177,6.687119901737001e-37
LGTHL_REV_393126.8.peg.2256-MONOMER_mod_ni2(1),0.0,3.2376944796626766e-06
LGTHL_FWD_393126.8.peg.2256-MONOMER_mod_ni2(1),0.0,1.214773772776513e-36
LPAMMBT_REV_CPLX_3MOBDC2-0,0.0,-2.3255257305439234e-06
LPAMMBT_FWD_CPLX_3MOBDC2-0,0.0,-3.409281165685265e-36
LPAMMBT2_REV_CPLX_3MOBDC2-0,0.0,-2.3255257305439234e-06
LPAMMBT2_FWD_CPLX_3MOBDC2-0,0.03366510823185274,-3.409281165685265e-36
LPAMMPT_REV_CPLX_3MOBDC2-0,0.0,-3.409281165685265e-36
LPAMMPT_FWD_CPLX_3MOBDC2-0,0.0,-2.3255257305439234e-06
LPAMS_REV_CPLX_LPAMS-0,0.0,0.006823408080759066
LPAMS_FWD_CPLX_LPAMS-0,0.0,-0.006825840061673716
LPLIPAL1A120_REV_393126.8.peg.1333-MONOMER,0.0,1.4709467723389136e-06
LPLIPAL1A120_FWD_393126.8.peg.1333-MONOMER,0.0,1.0120623674616894e-36
LPLIPAL1A140_REV_393126.8.peg.1333-MONOMER,0.0,0.027413428352298867
LPLIPAL1A140_FWD_393126.8.peg.1333-MONOMER,0.0,-0.02741195740552653
LPLIPAL1A141_REV_393126.8.peg.1333-MONOMER,0.0,1.4709467723389136e-06
LPLIPAL1A141_FWD_393126.8.peg.1333-MONOMER,0.0,6.559242157536732e-36
LPLIPAL1A160_REV_393126.8.peg.1333-MONOMER,0.0,1.4709467723389136e-06
LPLIPAL1A160_FWD_393126.8.peg.1333-MONOMER,-9.097314685005562e-25,-4.532815126313762e-37
LPLIPAL1A161_REV_393126.8.peg.1333-MONOMER,0.0,0.24671103582670817
LPLIPAL1A161_FWD_393126.8.peg.1333-MONOMER,0.0,-0.24670956487993584
LPLIPAL1A180_REV_393126.8.peg.1333-MONOMER,0.0,0.02741527030766661
LPLIPAL1A180_FWD_393126.8.peg.1333-MONOMER,0.0,-0.02741379936089427
LPLIPAL1A181_REV_393126.8.peg.1333-MONOMER,0.0,0.24671103582670817
LPLIPAL1A181_FWD_393126.8.peg.1333-MONOMER,0.0,-0.24670956487993584
LPLIPAL1E120_REV_393126.8.peg.1333-MONOMER,0.0,1.4709467723389136e-06
LPLIPAL1E120_FWD_393126.8.peg.1333-MONOMER,0.0,1.0120623674616894e-36
LPLIPAL1E140_REV_393126.8.peg.1333-MONOMER,0.0,1.4709467723389136e-06
LPLIPAL1E140_FWD_393126.8.peg.1333-MONOMER,0.0,3.9844623194286585e-36
LPLIPAL1E141_REV_393126.8.peg.1333-MONOMER,0.0,1.4709467723389136e-06
LPLIPAL1E141_FWD_393126.8.peg.1333-MONOMER,0.0,2.121498325476698e-36
LPLIPAL1E160_REV_393126.8.peg.1333-MONOMER,0.0,1.4709467723389136e-06
LPLIPAL1E160_FWD_393126.8.peg.1333-MONOMER,0.0,3.9844623194286585e-36
LPLIPAL1E161_REV_393126.8.peg.1333-MONOMER,0.0,1.4709467723389136e-06
LPLIPAL1E161_FWD_393126.8.peg.1333-MONOMER,0.0,-1.673891296077845e-35
LPLIPAL1E180_REV_393126.8.peg.1333-MONOMER,0.0,1.4709467723389136e-06
LPLIPAL1E180_FWD_393126.8.peg.1333-MONOMER,0.0,3.9844623194286585e-36
LPLIPAL1E181_REV_393126.8.peg.1333-MONOMER,0.0,1.4709467723389136e-06
LPLIPAL1E181_FWD_393126.8.peg.1333-MONOMER,0.0,-1.673891296077845e-35
LPLIPAL1G120_REV_393126.8.peg.1333-MONOMER,0.0,1.4709467723389136e-06
LPLIPAL1G120_FWD_393126.8.peg.1333-MONOMER,0.0,-3.425681464598345e-36
LPLIPAL1G140_REV_393126.8.peg.1333-MONOMER,0.0,1.4709467723389136e-06
LPLIPAL1G140_FWD_393126.8.peg.1333-MONOMER,0.0,-4.532815126313762e-37
LPLIPAL1G141_REV_393126.8.peg.1333-MONOMER,0.0,1.4709467723389136e-06
LPLIPAL1G141_FWD_393126.8.peg.1333-MONOMER,0.0,-2.3162455065833366e-36
LPLIPAL1G160_REV_393126.8.peg.1333-MONOMER,0.0,1.4709467723389136e-06
LPLIPAL1G160_FWD_393126.8.peg.1333-MONOMER,0.0,-4.532815126313762e-37
LPLIPAL1G161_REV_393126.8.peg.1333-MONOMER,0.0,1.4709467723389136e-06
LPLIPAL1G161_FWD_393126.8.peg.1333-MONOMER,0.0,-1.673891296077845e-35
LPLIPAL1G180_REV_393126.8.peg.1333-MONOMER,0.0,1.4709467723389136e-06
LPLIPAL1G180_FWD_393126.8.peg.1333-MONOMER,0.0,-4.532815126313762e-37
LPLIPAL1G181_REV_393126.8.peg.1333-MONOMER,0.0,1.4709467723389136e-06
LPLIPAL1G181_FWD_393126.8.peg.1333-MONOMER,0.0,-1.673891296077845e-35
LPLIPAL2A120_REV_393126.8.peg.1333-MONOMER,0.0,1.4709467723389136e-06
LPLIPAL2A120_FWD_393126.8.peg.1333-MONOMER,0.0,-8.962418958646455e-37
LPLIPAL2A140_REV_393126.8.peg.1333-MONOMER,0.0,1.4709467723389136e-06
LPLIPAL2A140_FWD_393126.8.peg.1333-MONOMER,0.0,1.5376537626912257e-36
LPLIPAL2A141_REV_393126.8.peg.1333-MONOMER,0.0,1.4709467723389136e-06
LPLIPAL2A141_FWD_393126.8.peg.1333-MONOMER,0.0,4.4328108557006135e-36
LPLIPAL2A160_REV_393126.8.peg.1333-MONOMER,0.0,1.4709467723389136e-06
LPLIPAL2A160_FWD_393126.8.peg.1333-MONOMER,0.0,1.5376537626912257e-36
LPLIPAL2A161_REV_393126.8.peg.1333-MONOMER,0.0,1.4709467723389136e-06
LPLIPAL2A161_FWD_393126.8.peg.1333-MONOMER,0.0,-1.0133266665244428e-35
LPLIPAL2A180_REV_393126.8.peg.1333-MONOMER,0.0,1.4709467723389136e-06
LPLIPAL2A180_FWD_393126.8.peg.1333-MONOMER,0.0,1.5376537626912257e-36
LPLIPAL2A181_REV_393126.8.peg.1333-MONOMER,0.0,1.4709467723389136e-06
LPLIPAL2A181_FWD_393126.8.peg.1333-MONOMER,0.0,-1.0133266665244428e-35
LPLIPAL2E120_REV_393126.8.peg.1333-MONOMER,0.0,1.4709467723389136e-06
LPLIPAL2E120_FWD_393126.8.peg.1333-MONOMER,0.0,1.0120623674616894e-36
LPLIPAL2E140_REV_393126.8.peg.1333-MONOMER,0.0,1.4709467723389136e-06
LPLIPAL2E140_FWD_393126.8.peg.1333-MONOMER,0.0,3.9844623194286585e-36
LPLIPAL2E141_REV_393126.8.peg.1333-MONOMER,0.0,1.4709467723389136e-06
LPLIPAL2E141_FWD_393126.8.peg.1333-MONOMER,0.0,2.121498325476698e-36
LPLIPAL2E160_REV_393126.8.peg.1333-MONOMER,0.0,1.4709467723389136e-06
LPLIPAL2E160_FWD_393126.8.peg.1333-MONOMER,0.0,3.9844623194286585e-36
LPLIPAL2E161_REV_393126.8.peg.1333-MONOMER,0.0,1.4709467723389136e-06
LPLIPAL2E161_FWD_393126.8.peg.1333-MONOMER,0.0,-1.673891296077845e-35
LPLIPAL2E180_REV_393126.8.peg.1333-MONOMER,0.0,1.4709467723389136e-06
LPLIPAL2E180_FWD_393126.8.peg.1333-MONOMER,0.0,3.9844623194286585e-36
LPLIPAL2E181_REV_393126.8.peg.1333-MONOMER,0.0,1.4709467723389136e-06
LPLIPAL2E181_FWD_393126.8.peg.1333-MONOMER,0.0,-1.673891296077845e-35
LPLIPAL2G120_REV_393126.8.peg.1333-MONOMER,0.0,1.4709467723389136e-06
LPLIPAL2G120_FWD_393126.8.peg.1333-MONOMER,0.0,-3.425681464598345e-36
LPLIPAL2G140_REV_393126.8.peg.1333-MONOMER,0.0,1.4709467723389136e-06
LPLIPAL2G140_FWD_393126.8.peg.1333-MONOMER,0.0,-4.532815126313762e-37
LPLIPAL2G141_REV_393126.8.peg.1333-MONOMER,0.0,1.4709467723389136e-06
LPLIPAL2G141_FWD_393126.8.peg.1333-MONOMER,0.0,-2.3162455065833366e-36
LPLIPAL2G160_REV_393126.8.peg.1333-MONOMER,0.0,1.4709467723389136e-06
LPLIPAL2G160_FWD_393126.8.peg.1333-MONOMER,0.0,-4.532815126313762e-37
LPLIPAL2G161_REV_393126.8.peg.1333-MONOMER,0.0,1.4709467723389136e-06
LPLIPAL2G161_FWD_393126.8.peg.1333-MONOMER,0.0,-1.673891296077845e-35
LPLIPAL2G180_REV_393126.8.peg.1333-MONOMER,0.0,1.4709467723389136e-06
LPLIPAL2G180_FWD_393126.8.peg.1333-MONOMER,0.0,-4.532815126313762e-37
LPLIPAL2G181_REV_393126.8.peg.1333-MONOMER,0.0,1.4709467723389136e-06
LPLIPAL2G181_FWD_393126.8.peg.1333-MONOMER,0.0,-1.673891296077845e-35
LTHRK_REV_393126.8.peg.1182-MONOMER,0.0,4.4433839440108907e-07
LTHRK_FWD_393126.8.peg.1182-MONOMER,0.0,-2.3113816736871583e-35
LYSDC_REV_393126.8.peg.2801-MONOMER_mod_pydx5p(1),0.0,-3.3995968624457425e-06
LYSDC_FWD_393126.8.peg.2801-MONOMER_mod_pydx5p(1),0.0,4.34228831564614e-37
LYSt2r_REV_393126.8.peg.820-MONOMER,0.0,-4.65170528346202e-06
LYSt2r_FWD_393126.8.peg.820-MONOMER,0.0924720753603776,2.489359310142103e-37
L_LACD2_REV_393126.8.peg.1750-MONOMER,0.0,-3.113331675510475e-06
L_LACD2_FWD_393126.8.peg.1750-MONOMER,0.0,-3.9436024770765043e-07
L_LACD2_REV_393126.8.peg.212-MONOMER,0.0,-3.1232190998126302e-06
L_LACD2_FWD_393126.8.peg.212-MONOMER,0.0,-4.0424767200980553e-07
L_LACD2_REV_393126.8.peg.1614-MONOMER,0.0,-2.7189714278028245e-06
L_LACD2_FWD_393126.8.peg.1614-MONOMER,0.0,-9.459739359831093e-35
L_LACD3_REV_393126.8.peg.1750-MONOMER,0.0,-3.113331675510475e-06
L_LACD3_FWD_393126.8.peg.1750-MONOMER,0.0,-3.9436024770765043e-07
L_LACD3_REV_393126.8.peg.212-MONOMER,0.0,-3.1232190998126302e-06
L_LACD3_FWD_393126.8.peg.212-MONOMER,0.0,-4.0424767200980553e-07
L_LACD3_REV_393126.8.peg.1614-MONOMER,0.0,-2.7189714278028245e-06
L_LACD3_FWD_393126.8.peg.1614-MONOMER,0.0,-4.1488525088099143e-35
L_LACDr_REV_393126.8.peg.1750-MONOMER,0.0,-3.9436024770765043e-07
L_LACDr_FWD_393126.8.peg.1750-MONOMER,0.0,-3.113331675510475e-06
L_LACDr_REV_393126.8.peg.212-MONOMER,0.0,-4.0424767200980553e-07
L_LACDr_FWD_393126.8.peg.212-MONOMER,0.0,-3.1232190998126302e-06
L_LACDr_REV_393126.8.peg.1614-MONOMER,0.0,-2.519905802998232e-37
L_LACDr_FWD_393126.8.peg.1614-MONOMER,0.0,-2.7189714278028245e-06
L_LACt2r_REV_CPLX_dummy,0.0,2.5751453181761323e-36
L_LACt2r_FWD_CPLX_dummy,0.0,-1.7303138578205756e-06
MACCOAT_REV_393126.8.peg.1492-MONOMER,0.0,2.2117043528937117e-40
MACCOAT_FWD_393126.8.peg.1492-MONOMER,0.0,3.8732498237262686e-35
MACCOAT_REV_393126.8.peg.1491-MONOMER,0.0,-1.3004787697293937e-06
MACCOAT_FWD_393126.8.peg.1491-MONOMER,0.0,-1.3004787697293937e-06
MADGBG_REV_393126.8.peg.588-MONOMER,0.0,-1.6595068196390002e-06
MADGBG_FWD_393126.8.peg.588-MONOMER,0.0,-1.071206067238788e-07
MADGBG_REV_393126.8.peg.265-MONOMER,0.0,-1.883327272962619e-06
MADGBG_FWD_393126.8.peg.265-MONOMER,0.0,-3.309410600474976e-07
MADGBG_REV_393126.8.peg.19-MONOMER,0.0,-1.5523862129151214e-06
MADGBG_FWD_393126.8.peg.19-MONOMER,0.0,-3.0258501411051685e-36
MADGBG_REV_393126.8.peg.1813-MONOMER,0.0,-2.4557505446725764e-06
MADGBG_FWD_393126.8.peg.1813-MONOMER,0.0,-9.033643317574551e-07
MADGBG_REV_393126.8.peg.306-MONOMER,0.0,-2.1133238351367936e-06
MADGBG_FWD_393126.8.peg.306-MONOMER,0.0,-5.609376222216724e-07
MADGBG_REV_393126.8.peg.2870-MONOMER,0.0,-2.4501662277608845e-06
MADGBG_FWD_393126.8.peg.2870-MONOMER,0.0,-8.97780014845763e-07
MADGBG_REV_393126.8.peg.379-MONOMER,0.0,-1.821304220548455e-06
MADGBG_FWD_393126.8.peg.379-MONOMER,0.0,-2.689180076333337e-07
MADGBG_REV_393126.8.peg.2890-MONOMER,0.0,-2.3163662116679116e-06
MADGBG_FWD_393126.8.peg.2890-MONOMER,0.0,-7.639799987527902e-07
MADGBG_REV_393126.8.peg.275-MONOMER,0.0,-2.2712673588267416e-06
MADGBG_FWD_393126.8.peg.275-MONOMER,0.0,-7.188811459116203e-07
MALT_REV_393126.8.peg.185-MONOMER,0.0,0.013705354404196412
MALT_FWD_393126.8.peg.185-MONOMER,0.0,-0.013708038503636088
MALT_REV_393126.8.peg.186-MONOMER,0.0,0.013707433285002383
MALT_FWD_393126.8.peg.186-MONOMER,0.0,-0.013705959622830118
MALTATr_REV_393126.8.peg.682-MONOMER,0.0,-1.5841778427991725e-06
MALTATr_FWD_393126.8.peg.682-MONOMER,0.0,-1.817010324885883e-07
MALTATr_REV_393126.8.peg.440-MONOMER,0.0,-1.4024768103105842e-06
MALTATr_FWD_393126.8.peg.440-MONOMER,0.0,2.3163312467607643e-35
MALTHXabc_REV_393126.8.peg.2214-MONOMER,0.0,-2.9185193980013116e-06
MALTHXabc_FWD_393126.8.peg.2214-MONOMER,0.0,-9.354313818485575e-07
MALTHXabc_REV_393126.8.peg.2212-MONOMER,0.0,-1.983088016152754e-06
MALTHXabc_FWD_393126.8.peg.2212-MONOMER,0.0,1.452588263630102e-35
MALTHXabc_REV_393126.8.peg.2213-MONOMER,0.0,-2.441120889709425e-06
MALTHXabc_FWD_393126.8.peg.2213-MONOMER,0.0,-4.580328735566707e-07
MALTTRabc_REV_CPLX_MALTTRabc-0,0.0,-3.923294132017772e-06
MALTTRabc_FWD_CPLX_MALTTRabc-0,0.0,1.4823666149980314e-35
MALTabc_REV_CPLX_ARBabc-3,0.0,-1.3832265289022921e-06
MALTabc_FWD_CPLX_ARBabc-3,0.0,-5.635113990930684e-07
MALTabc_REV_CPLX_ARBabc-0,0.0,-1.0256279484363396e-06
MALTabc_FWD_CPLX_ARBabc-0,0.0,-2.0591281862711575e-07
MALTabc_REV_CPLX_ARBabc-5,0.0,-1.6765650435339593e-06
MALTabc_FWD_CPLX_ARBabc-5,0.0,-8.568499137247355e-07
MALTabc_REV_CPLX_ARBabc-4,0.0,-1.3496233053849908e-06
MALTabc_FWD_CPLX_ARBabc-4,0.0,-5.299081755757671e-07
MALTabc_REV_CPLX_MALTTRabc-0,0.0,-2.371504630913498e-06
MALTabc_FWD_CPLX_MALTTRabc-0,0.0,-1.5517895011042742e-06
MALTabc_REV_393126.8.peg.282-MONOMER,0.0,-8.197151298092238e-07
MALTabc_FWD_393126.8.peg.282-MONOMER,0.07449289,-2.971133400844648e-35
MALTabc_REV_CPLX_ARBabc-2,0.0,-9.976633912522103e-07
MALTabc_FWD_CPLX_ARBabc-2,0.0,-1.7794826144298642e-07
MALTabc_REV_CPLX_ARBabc-1,0.0,-1.4801291273141943e-06
MALTabc_FWD_CPLX_ARBabc-1,0.0,-6.604139975049705e-07
MALTpts_REV_393126.8.peg.1032-MONOMER,0.0,-2.1881923955467904e-06
MALTpts_FWD_393126.8.peg.1032-MONOMER,0.0,6.627016085030182e-36
MAN6PI_REV_393126.8.peg.2199-MONOMER,0.0,-3.2425961334452708e-06
MAN6PI_FWD_393126.8.peg.2199-MONOMER,0.14898579,3.6781204396204446e-37
MANpts_REV_CPLX_MANpts-7,0.0,-2.238449191871341e-06
MANpts_FWD_CPLX_MANpts-7,0.0,-3.73158044606985e-07
MANpts_REV_CPLX_MANpts-27,0.0,-2.429826009903099e-06
MANpts_FWD_CPLX_MANpts-27,0.0,-5.645348626387431e-07
MANpts_REV_CPLX_MANpts-50,0.0,-2.521554806108102e-06
MANpts_FWD_CPLX_MANpts-50,0.0,-6.562636588437461e-07
MANpts_REV_CPLX_MANpts-5,0.0,-2.6296884982175515e-06
MANpts_FWD_CPLX_MANpts-5,0.0,-7.643973509531955e-07
MANpts_REV_CPLX_MANpts-45,0.0,-2.521329297105453e-06
MANpts_FWD_CPLX_MANpts-45,0.0,-6.560381498410966e-07
MANpts_REV_CPLX_MANpts-17,0.0,-2.5687412526155327e-06
MANpts_FWD_CPLX_MANpts-17,0.0,-7.034501053511766e-07
MANpts_REV_CPLX_MANpts-19,0.0,-2.3490026461621894e-06
MANpts_FWD_CPLX_MANpts-19,0.0,-4.837114988978332e-07
MANpts_REV_CPLX_MANpts-6,0.0,-2.5117275659121854e-06
MANpts_FWD_CPLX_MANpts-6,0.0,-6.464364186478294e-07
MANpts_REV_CPLX_MANpts-15,0.0,-2.37750258712362e-06
MANpts_FWD_CPLX_MANpts-15,0.0,-5.12211439859264e-07
MANpts_REV_CPLX_MANpts-3,0.0,-2.107960724675867e-06
MANpts_FWD_CPLX_MANpts-3,0.0,-2.426695774115108e-07
MANpts_REV_393126.8.peg.803-MONOMER,0.0,-2.6801188679699932e-06
MANpts_FWD_393126.8.peg.803-MONOMER,0.0,-8.148277207056371e-07
MANpts_REV_CPLX_MANpts-39,0.0,-2.535223524542509e-06
MANpts_FWD_CPLX_MANpts-39,0.0,-6.699323772781528e-07
MANpts_REV_CPLX_MANpts-51,0.0,-2.2493871014277844e-06
MANpts_FWD_CPLX_MANpts-51,0.0,-3.8409595416342817e-07
MANpts_REV_CPLX_MANpts-54,0.0,-2.480751705694872e-06
MANpts_FWD_CPLX_MANpts-54,0.0,-6.154605584305161e-07
MANpts_REV_CPLX_MANpts-64,0.0,-2.1973335983216737e-06
MANpts_FWD_CPLX_MANpts-64,0.0,-3.3204245105731766e-07
MANpts_REV_393126.8.peg.2086-MONOMER,0.0,-2.427051423766624e-06
MANpts_FWD_393126.8.peg.2086-MONOMER,0.0,-5.617602765022682e-07
MANpts_REV_CPLX_MANpts-66,0.0,-2.3803620163395285e-06
MANpts_FWD_CPLX_MANpts-66,0.0,-5.150708690751723e-07
MANpts_REV_CPLX_MANpts-67,0.0,-2.433075905411779e-06
MANpts_FWD_CPLX_MANpts-67,0.0,-5.677847581474228e-07
MANpts_REV_CPLX_MANpts-41,0.0,-2.6566968384010198e-06
MANpts_FWD_CPLX_MANpts-41,0.0,-7.914056911366636e-07
MANpts_REV_CPLX_MANpts-18,0.0,-2.596269721557353e-06
MANpts_FWD_CPLX_MANpts-18,0.0,-7.309785742929967e-07
MANpts_REV_CPLX_MANpts-28,0.0,-2.762336529656938e-06
MANpts_FWD_CPLX_MANpts-28,0.0,-8.97045382392582e-07
MANpts_REV_393126.8.peg.99-MONOMER,0.0,-2.765951758435882e-06
MANpts_FWD_393126.8.peg.99-MONOMER,0.0,-9.006606111715257e-07
MANpts_REV_CPLX_MANpts-1,0.0,-2.512230191335005e-06
MANpts_FWD_CPLX_MANpts-1,0.0,-6.469390440706491e-07
MANpts_REV_CPLX_MANpts-4,0.0,-2.4222943172234156e-06
MANpts_FWD_CPLX_MANpts-4,0.0,-5.570031699590594e-07
MANpts_REV_CPLX_MANpts-9,0.0,-2.592452819570495e-06
MANpts_FWD_CPLX_MANpts-9,0.0,-7.271616723061389e-07
MANpts_REV_CPLX_MANpts-36,0.0,-2.5809840482552497e-06
MANpts_FWD_CPLX_MANpts-36,0.0,-7.156929009908934e-07
MANpts_REV_CPLX_MANpts-8,0.0,-2.3807012946978126e-06
MANpts_FWD_CPLX_MANpts-8,0.0,-5.154101474334562e-07
MANpts_REV_CPLX_MANpts-24,0.0,-2.5968289253708057e-06
MANpts_FWD_CPLX_MANpts-24,0.0,-7.315377781064494e-07
MANpts_REV_CPLX_MANpts-62,0.0,-2.2394242556379667e-06
MANpts_FWD_CPLX_MANpts-62,0.0,-3.7413310837361064e-07
MANpts_REV_CPLX_MANpts-16,0.0,-2.515680611041128e-06
MANpts_FWD_CPLX_MANpts-16,0.0,-6.503894637767721e-07
MANpts_REV_CPLX_MANpts-37,0.0,-2.332461621336889e-06
MANpts_FWD_CPLX_MANpts-37,0.0,-4.6717047407253264e-07
MANpts_REV_CPLX_MANpts-14,0.0,-2.650384182101521e-06
MANpts_FWD_CPLX_MANpts-14,0.0,-7.850930348371648e-07
MANpts_REV_CPLX_MANpts-22,0.0,-2.7135785354634044e-06
MANpts_FWD_CPLX_MANpts-22,0.0,-8.482873881990482e-07
MANpts_REV_CPLX_MANpts-42,0.0,-2.7369051770655316e-06
MANpts_FWD_CPLX_MANpts-42,0.0,-8.716140298011753e-07
MANpts_REV_CPLX_MANpts-23,0.0,-2.4674454431691835e-06
MANpts_FWD_CPLX_MANpts-23,0.0,-6.021542959048271e-07
MANpts_REV_CPLX_MANpts-44,0.0,-2.302106367876831e-06
MANpts_FWD_CPLX_MANpts-44,0.0,-4.3681522061247506e-07
MANpts_REV_CPLX_MANpts-63,0.0,-2.2766146651128304e-06
MANpts_FWD_CPLX_MANpts-63,0.0,-4.1132351784847423e-07
MANpts_REV_CPLX_MANpts-56,0.0,-2.57242706261708e-06
MANpts_FWD_CPLX_MANpts-56,0.0,-7.071359153527237e-07
MANpts_REV_CPLX_MANpts-0,0.0,-2.2913488514490565e-06
MANpts_FWD_CPLX_MANpts-0,0.0,-4.260577041847004e-07
MANpts_REV_CPLX_MANpts-40,0.0,-2.291027095716128e-06
MANpts_FWD_CPLX_MANpts-40,0.0,-4.257359484517721e-07
MANpts_REV_CPLX_MANpts-65,0.0,-2.2300890152541134e-06
MANpts_FWD_CPLX_MANpts-65,0.0,-3.6479786798975734e-07
MANpts_REV_CPLX_MANpts-30,0.0,-2.8400689131032113e-06
MANpts_FWD_CPLX_MANpts-30,0.0,-9.747777658388552e-07
MANpts_REV_CPLX_MANpts-48,0.0,-2.4325717614574047e-06
MANpts_FWD_CPLX_MANpts-48,0.0,-5.672806141930486e-07
MANpts_REV_CPLX_MANpts-58,0.0,-2.6597419506539976e-06
MANpts_FWD_CPLX_MANpts-58,0.0,-7.944508033896416e-07
MANpts_REV_CPLX_MANpts-33,0.0,-2.4365553323937427e-06
MANpts_FWD_CPLX_MANpts-33,0.0,-5.712641851293865e-07
MANpts_REV_CPLX_MANpts-59,0.0,-2.387968817215258e-06
MANpts_FWD_CPLX_MANpts-59,0.0,-5.226776699509017e-07
MANpts_REV_CPLX_MANpts-20,0.0,-2.6344875355368716e-06
MANpts_FWD_CPLX_MANpts-20,0.0,-7.691963882725157e-07
MANpts_REV_CPLX_MANpts-25,0.0,-2.6573030037822272e-06
MANpts_FWD_CPLX_MANpts-25,0.0,-7.920118565178711e-07
MANpts_REV_CPLX_MANpts-43,0.0,-2.47170758314313e-06
MANpts_FWD_CPLX_MANpts-43,0.0,-6.06416435878774e-07
MANpts_REV_CPLX_MANpts-61,0.0,-2.130337210488186e-06
MANpts_FWD_CPLX_MANpts-61,0.0,-2.6504606322382985e-07
MANpts_REV_CPLX_MANpts-47,0.0,-2.119374799543948e-06
MANpts_FWD_CPLX_MANpts-47,0.0,-2.54083652279592e-07
MANpts_REV_CPLX_MANpts-49,0.0,-2.6384148526374314e-06
MANpts_FWD_CPLX_MANpts-49,0.0,-7.731237053730753e-07
MANpts_REV_CPLX_MANpts-26,0.0,-2.6764273975533527e-06
MANpts_FWD_CPLX_MANpts-26,0.0,-8.111362502889965e-07
MANpts_REV_CPLX_MANpts-32,0.0,-2.3854166851781487e-06
MANpts_FWD_CPLX_MANpts-32,0.0,-5.201255379137928e-07
MANpts_REV_CPLX_MANpts-60,0.0,-2.1072084383051947e-06
MANpts_FWD_CPLX_MANpts-60,0.0,-2.4191729104083875e-07
MANpts_REV_CPLX_MANpts-52,0.0,-2.391135789922245e-06
MANpts_FWD_CPLX_MANpts-52,0.0,-5.258446426578886e-07
MANpts_REV_CPLX_MANpts-53,0.0,-2.601300561942107e-06
MANpts_FWD_CPLX_MANpts-53,0.0,-7.360094146777507e-07
MANpts_REV_393126.8.peg.25-MONOMER,0.0,-1.8652911472643562e-06
MANpts_FWD_393126.8.peg.25-MONOMER,0.14898579,4.4061524544179725e-36
MANpts_REV_CPLX_MANpts-12,0.0,-2.5626321825140447e-06
MANpts_FWD_CPLX_MANpts-12,0.0,-6.973410352496885e-07
MANpts_REV_CPLX_MANpts-13,0.0,-2.756034759394657e-06
MANpts_FWD_CPLX_MANpts-13,0.0,-8.907436121303011e-07
MANpts_REV_CPLX_MANpts-29,0.0,-2.838331240968584e-06
MANpts_FWD_CPLX_MANpts-29,0.0,-9.730400937042282e-07
MANpts_REV_CPLX_MANpts-34,0.0,-2.2021639019967775e-06
MANpts_FWD_CPLX_MANpts-34,0.0,-3.3687275473242125e-07
MANpts_REV_CPLX_MANpts-55,0.0,-2.208000224107467e-06
MANpts_FWD_CPLX_MANpts-55,0.0,-3.427090768431109e-07
MANpts_REV_CPLX_MANpts-21,0.0,-2.698324773651973e-06
MANpts_FWD_CPLX_MANpts-21,0.0,-8.330336263876171e-07
MANpts_REV_CPLX_MANpts-57,0.0,-2.7643828872288044e-06
MANpts_FWD_CPLX_MANpts-57,0.0,-8.990917399644483e-07
MANpts_REV_CPLX_MANpts-10,0.0,-2.4707729652073657e-06
MANpts_FWD_CPLX_MANpts-10,0.0,-6.054818179430095e-07
MANpts_REV_CPLX_MANpts-11,0.0,-2.196905706073194e-06
MANpts_FWD_CPLX_MANpts-11,0.0,-3.31614558808838e-07
MANpts_REV_CPLX_MANpts-31,0.0,-2.594269794811864e-06
MANpts_FWD_CPLX_MANpts-31,0.0,-7.289786475475078e-07
MANpts_REV_CPLX_MANpts-35,0.0,-2.516169677246351e-06
MANpts_FWD_CPLX_MANpts-35,0.0,-6.508785299819945e-07
MANpts_REV_CPLX_MANpts-46,0.0,-2.3929494793659843e-06
MANpts_FWD_CPLX_MANpts-46,0.0,-5.27658332101628e-07
MANpts_REV_CPLX_MANpts-38,0.0,-2.474685996275469e-06
MANpts_FWD_CPLX_MANpts-38,0.0,-6.093948490111127e-07
MANpts_REV_CPLX_MANpts-2,0.0,-2.3826580171076525e-06
MANpts_FWD_CPLX_MANpts-2,0.0,-5.173668698432965e-07
MBDGBG_REV_393126.8.peg.588-MONOMER,0.0,-1.6595068196390002e-06
MBDGBG_FWD_393126.8.peg.588-MONOMER,0.0,-1.071206067238788e-07
MBDGBG_REV_393126.8.peg.265-MONOMER,0.0,-1.883327272962619e-06
MBDGBG_FWD_393126.8.peg.265-MONOMER,0.0,-3.309410600474976e-07
MBDGBG_REV_393126.8.peg.19-MONOMER,0.0,-1.5523862129151214e-06
MBDGBG_FWD_393126.8.peg.19-MONOMER,0.0,-3.0258501411051685e-36
MBDGBG_REV_393126.8.peg.1813-MONOMER,0.0,-2.4557505446725764e-06
MBDGBG_FWD_393126.8.peg.1813-MONOMER,0.0,-9.033643317574551e-07
MBDGBG_REV_393126.8.peg.306-MONOMER,0.0,-2.1133238351367936e-06
MBDGBG_FWD_393126.8.peg.306-MONOMER,0.0,-5.609376222216724e-07
MBDGBG_REV_393126.8.peg.2870-MONOMER,0.0,-2.4501662277608845e-06
MBDGBG_FWD_393126.8.peg.2870-MONOMER,0.0,-8.97780014845763e-07
MBDGBG_REV_393126.8.peg.379-MONOMER,0.0,-1.821304220548455e-06
MBDGBG_FWD_393126.8.peg.379-MONOMER,0.0,-2.689180076333337e-07
MBDGBG_REV_393126.8.peg.2890-MONOMER,0.0,-2.3163662116679116e-06
MBDGBG_FWD_393126.8.peg.2890-MONOMER,0.0,-7.639799987527902e-07
MBDGBG_REV_393126.8.peg.275-MONOMER,0.0,-2.2712673588267416e-06
MBDGBG_FWD_393126.8.peg.275-MONOMER,0.0,-7.188811459116203e-07
MCOATA_REV_393126.8.peg.1894-MONOMER,0.0,-3.6121771183268405e-06
MCOATA_FWD_393126.8.peg.1894-MONOMER,0.20199082414472636,1.5050266629675342e-34
ME1_REV_393126.8.peg.2000-MONOMER_mod_mn2(1),0.0,-4.130811510757266e-06
ME1_FWD_393126.8.peg.2000-MONOMER_mod_mn2(1),0.35230078381662894,8.519627934661779e-35
ME1_REV_393126.8.peg.2000-MONOMER_mod_mg2(1),0.0,-4.133572771502621e-06
ME1_FWD_393126.8.peg.2000-MONOMER_mod_mg2(1),0.0,-2.761260745355439e-09
MECDPDH2_REV_393126.8.peg.1519-MONOMER_mod_mn2(1),0.0,-1.918953927700776e-06
MECDPDH2_FWD_393126.8.peg.1519-MONOMER_mod_mn2(1),0.029739888995978743,1.7766397264707887e-35
MECDPS_REV_393126.8.peg.240-MONOMER_mod_mn2(1),0.0,-2.0513852487382373e-06
MECDPS_FWD_393126.8.peg.240-MONOMER_mod_mn2(1),0.029739888995978743,1.2205400955883764e-35
MEPCT_REV_393126.8.peg.239-MONOMER_mod_mn2(1),0.0,-1.3347363686612552e-06
MEPCT_FWD_393126.8.peg.239-MONOMER_mod_mn2(1),0.0,-3.5040153207592127e-09
MEPCT_REV_393126.8.peg.239-MONOMER_mod_mg2(1),0.0,-1.3430908242406978e-06
MEPCT_FWD_393126.8.peg.239-MONOMER_mod_mg2(1),0.0,-1.1858470900201836e-08
MEPCT_REV_393126.8.peg.239-MONOMER_mod_cobalt2(1),0.0,-1.331232353340496e-06
MEPCT_FWD_393126.8.peg.239-MONOMER_mod_cobalt2(1),0.029739888995978743,2.3028177546888491e-35
METALA1c_REV_393126.8.peg.1431-MONOMER,0.0,-1.4445935496187276e-06
METALA1c_FWD_393126.8.peg.1431-MONOMER,0.0,1.4867333190849477e-36
METALA1c_REV_393126.8.peg.1793-MONOMER_mod_fe2(2),0.0,-1.8946942209152818e-06
METALA1c_FWD_393126.8.peg.1793-MONOMER_mod_fe2(2),0.0,-4.501006712965543e-07
METALAabc_REV_393126.8.peg.138-MONOMER,0.0,-2.837025213662128e-07
METALAabc_FWD_393126.8.peg.138-MONOMER,0.0,-1.8071188094295272e-06
METALAabc_REV_393126.8.peg.273-MONOMER,0.0,1.345008637797137e-06
METALAabc_FWD_393126.8.peg.273-MONOMER,0.0,-1.7840765026617753e-07
METALAabc_REV_393126.8.peg.2663-MONOMER,0.0,9.798836101541928e-07
METALAabc_FWD_393126.8.peg.2663-MONOMER,0.0,-5.435326779091215e-07
METALAabc_REV_393126.8.peg.2281-MONOMER,0.0,1.5234162880633143e-06
METALAabc_FWD_393126.8.peg.2281-MONOMER,0.0,9.454338203779565e-36
METALAabc_REV_393126.8.peg.2131-MONOMER,0.0,2.3285138545187097e-07
METALAabc_FWD_393126.8.peg.2131-MONOMER,0.0,-1.2905649026114434e-06
METALAabc_REV_393126.8.peg.153-MONOMER,0.0,1.0626607349315913e-06
METALAabc_FWD_393126.8.peg.153-MONOMER,0.0,-4.6075555313172307e-07
METALAabc_REV_393126.8.peg.136-MONOMER,0.0,-4.0268772068779785e-07
METALAabc_FWD_393126.8.peg.136-MONOMER,0.0,-1.926104008751112e-06
METALAabc_REV_393126.8.peg.2280-MONOMER,0.0,6.438130723439886e-07
METALAabc_FWD_393126.8.peg.2280-MONOMER,0.0,-8.796032157193258e-07
METALAabc_REV_393126.8.peg.2282-MONOMER,0.0,1.1905239495562068e-06
METALAabc_FWD_393126.8.peg.2282-MONOMER,0.0,-3.328923385071077e-07
METALAabc_REV_393126.8.peg.2284-MONOMER,0.0,8.049066690141342e-07
METALAabc_FWD_393126.8.peg.2284-MONOMER,0.0,-7.185096190491803e-07
METAT_REV_393126.8.peg.1747-MONOMER_mod_tl(4)_mod_ni2(1),0.0,-3.5330898191419696e-06
METAT_FWD_393126.8.peg.1747-MONOMER_mod_tl(4)_mod_ni2(1),0.0,-1.0173554816693647e-08
METAT_REV_393126.8.peg.1747-MONOMER_mod_k(4)_mod_mg2(1),0.0,-3.529625375476409e-06
METAT_FWD_393126.8.peg.1747-MONOMER_mod_k(4)_mod_mg2(1),0.0,-6.709111151132843e-09
METAT_REV_393126.8.peg.1747-MONOMER_mod_cs(4)_mod_zn2(1),0.0,-3.5229163428939903e-06
METAT_FWD_393126.8.peg.1747-MONOMER_mod_cs(4)_mod_zn2(1),0.0,-7.856871432164143e-14
METAT_REV_393126.8.peg.1747-MONOMER_mod_na1(4)_mod_ca2(1),0.0,-3.5322262634574697e-06
METAT_FWD_393126.8.peg.1747-MONOMER_mod_na1(4)_mod_ca2(1),0.0,-9.309999132193749e-09
METAT_REV_393126.8.peg.1747-MONOMER_mod_nh4(4)_mod_ni2(1),0.0,-3.545067277246566e-06
METAT_FWD_393126.8.peg.1747-MONOMER_mod_nh4(4)_mod_ni2(1),0.0,-2.2151012921290157e-08
METAT_REV_393126.8.peg.1747-MONOMER_mod_k(4)_mod_cobalt2(1),0.0,-3.5247006354948394e-06
METAT_FWD_393126.8.peg.1747-MONOMER_mod_k(4)_mod_cobalt2(1),0.0,-1.784371169563276e-09
METAT_REV_393126.8.peg.1747-MONOMER_mod_k(4)_mod_cd2(1),0.0,-3.522916264325276e-06
METAT_FWD_393126.8.peg.1747-MONOMER_mod_k(4)_mod_cd2(1),0.0,-5.31328251792726e-35
METAT_REV_393126.8.peg.1747-MONOMER_mod_cs(4)_mod_mn2(1),0.0,-3.5261355381949768e-06
METAT_FWD_393126.8.peg.1747-MONOMER_mod_cs(4)_mod_mn2(1),0.0,-3.2192738697007317e-09
METAT_REV_393126.8.peg.1747-MONOMER_mod_nh4(4)_mod_ca2(1),0.0,-3.538497999265586e-06
METAT_FWD_393126.8.peg.1747-MONOMER_mod_nh4(4)_mod_ca2(1),0.0,-1.5581734940310308e-08
METAT_REV_393126.8.peg.1747-MONOMER_mod_na1(4)_mod_cd2(1),0.0,-3.5286217166666975e-06
METAT_FWD_393126.8.peg.1747-MONOMER_mod_na1(4)_mod_cd2(1),0.0,-5.705452341421691e-09
METAT_REV_393126.8.peg.1747-MONOMER_mod_na1(4)_mod_mn2(1),0.0,-3.5318410698639995e-06
METAT_FWD_393126.8.peg.1747-MONOMER_mod_na1(4)_mod_mn2(1),0.0,-8.924805538723638e-09
METAT_REV_393126.8.peg.1747-MONOMER_mod_na1(4)_mod_ni2(1),0.0,-3.5387939049979965e-06
METAT_FWD_393126.8.peg.1747-MONOMER_mod_na1(4)_mod_ni2(1),0.0,-1.5877640672720577e-08
METAT_REV_393126.8.peg.1747-MONOMER_mod_nh4(4)_mod_cd2(1),0.0,-3.5348911975547756e-06
METAT_FWD_393126.8.peg.1747-MONOMER_mod_nh4(4)_mod_cd2(1),0.0,-1.197493322949973e-08
METAT_REV_393126.8.peg.1747-MONOMER_mod_tl(4)_mod_cobalt2(1),0.0,-3.524701915888205e-06
METAT_FWD_393126.8.peg.1747-MONOMER_mod_tl(4)_mod_cobalt2(1),0.0,-1.785651562929131e-09
METAT_REV_393126.8.peg.1747-MONOMER_mod_k(4)_mod_zn2(1),0.0,-3.522916264325276e-06
METAT_FWD_393126.8.peg.1747-MONOMER_mod_k(4)_mod_zn2(1),0.006570500540577681,-6.042026857565971e-35
METAT_REV_393126.8.peg.1747-MONOMER_mod_tl(4)_mod_ca2(1),0.0,-3.5265205357552015e-06
METAT_FWD_393126.8.peg.1747-MONOMER_mod_tl(4)_mod_ca2(1),0.0,-3.6042714299254863e-09
METAT_REV_393126.8.peg.1747-MONOMER_mod_tl(4)_mod_zn2(1),0.0,-3.5229163428939903e-06
METAT_FWD_393126.8.peg.1747-MONOMER_mod_tl(4)_mod_zn2(1),0.0,-7.856871432164143e-14
METAT_REV_393126.8.peg.1747-MONOMER_mod_cs(4)_mod_cd2(1),0.0,-3.522916264325276e-06
METAT_FWD_393126.8.peg.1747-MONOMER_mod_cs(4)_mod_cd2(1),0.0,-5.377601611829673e-35
METAT_REV_393126.8.peg.1747-MONOMER_mod_k(4)_mod_mn2(1),0.0,-3.5261332948293413e-06
METAT_FWD_393126.8.peg.1747-MONOMER_mod_k(4)_mod_mn2(1),0.0,-3.2170305040652322e-09
METAT_REV_393126.8.peg.1747-MONOMER_mod_nh4(4)_mod_mg2(1),0.0,-3.5416073017656405e-06
METAT_FWD_393126.8.peg.1747-MONOMER_mod_nh4(4)_mod_mg2(1),0.0,-1.8691037440364737e-08
METAT_REV_393126.8.peg.1747-MONOMER_mod_nh4(4)_mod_zn2(1),0.0,-3.5348936410925984e-06
METAT_FWD_393126.8.peg.1747-MONOMER_mod_nh4(4)_mod_zn2(1),0.0,-1.1977376767322509e-08
METAT_REV_393126.8.peg.1747-MONOMER_mod_nh4(4)_mod_cobalt2(1),0.0,-3.5366789903014003e-06
METAT_FWD_393126.8.peg.1747-MONOMER_mod_nh4(4)_mod_cobalt2(1),0.0,-1.376272597612445e-08
METAT_REV_393126.8.peg.1747-MONOMER_mod_cs(4)_mod_ca2(1),0.0,-3.5265205357552015e-06
METAT_FWD_393126.8.peg.1747-MONOMER_mod_cs(4)_mod_ca2(1),0.0,-3.6042714299254863e-09
METAT_REV_393126.8.peg.1747-MONOMER_mod_na1(4)_mod_cobalt2(1),0.0,-3.5304079167009605e-06
METAT_FWD_393126.8.peg.1747-MONOMER_mod_na1(4)_mod_cobalt2(1),0.0,-7.491652375684695e-09
METAT_REV_393126.8.peg.1747-MONOMER_mod_nh4(4)_mod_mn2(1),0.0,-3.5381123723121037e-06
METAT_FWD_393126.8.peg.1747-MONOMER_mod_nh4(4)_mod_mn2(1),0.0,-1.5196107986827603e-08
METAT_REV_393126.8.peg.1747-MONOMER_mod_tl(4)_mod_mn2(1),0.0,-3.5261355381949768e-06
METAT_FWD_393126.8.peg.1747-MONOMER_mod_tl(4)_mod_mn2(1),0.0,-3.2192738697007317e-09
METAT_REV_393126.8.peg.1747-MONOMER_mod_cs(4)_mod_ni2(1),0.0,-3.5330898191419696e-06
METAT_FWD_393126.8.peg.1747-MONOMER_mod_cs(4)_mod_ni2(1),0.0,-1.0173554816693647e-08
METAT_REV_393126.8.peg.1747-MONOMER_mod_cs(4)_mod_mg2(1),0.0,-3.5296300017433522e-06
METAT_FWD_393126.8.peg.1747-MONOMER_mod_cs(4)_mod_mg2(1),0.0,-6.7137374180764545e-09
METAT_REV_393126.8.peg.1747-MONOMER_mod_tl(4)_mod_cd2(1),0.0,-3.522916264325276e-06
METAT_FWD_393126.8.peg.1747-MONOMER_mod_tl(4)_mod_cd2(1),0.0,-5.377601611829673e-35
METAT_REV_393126.8.peg.1747-MONOMER_mod_k(4)_mod_ca2(1),0.0,-3.5265180105421328e-06
METAT_FWD_393126.8.peg.1747-MONOMER_mod_k(4)_mod_ca2(1),0.0,-3.601746216856987e-09
METAT_REV_393126.8.peg.1747-MONOMER_mod_cs(4)_mod_cobalt2(1),0.0,-3.524701915888205e-06
METAT_FWD_393126.8.peg.1747-MONOMER_mod_cs(4)_mod_cobalt2(1),0.0,-1.785651562929131e-09
METAT_REV_393126.8.peg.1747-MONOMER_mod_tl(4)_mod_mg2(1),0.0,-3.5296300017433522e-06
METAT_FWD_393126.8.peg.1747-MONOMER_mod_tl(4)_mod_mg2(1),0.0,-6.7137374180764545e-09
METAT_REV_393126.8.peg.1747-MONOMER_mod_na1(4)_mod_mg2(1),0.0,-3.5353348777308717e-06
METAT_FWD_393126.8.peg.1747-MONOMER_mod_na1(4)_mod_mg2(1),0.0,-1.2418613405595785e-08
METAT_REV_393126.8.peg.1747-MONOMER_mod_k(4)_mod_ni2(1),0.0,-3.5330828430851186e-06
METAT_FWD_393126.8.peg.1747-MONOMER_mod_k(4)_mod_ni2(1),0.0,-1.0166578759842481e-08
METAT_REV_393126.8.peg.1747-MONOMER_mod_na1(4)_mod_zn2(1),0.0,-3.528622892955558e-06
METAT_FWD_393126.8.peg.1747-MONOMER_mod_na1(4)_mod_zn2(1),0.0,-5.706628630282336e-09
METB1_REV_393126.8.peg.1763-MONOMER,0.0,-2.260248473618086e-06
METB1_FWD_393126.8.peg.1763-MONOMER,1.6990278908798713e-22,7.079612747896245e-37
METDabc_REV_CPLX_METDabc-0,0.0,-2.275921200704686e-06
METDabc_FWD_CPLX_METDabc-0,0.0,-1.4861724922870664e-07
METDabc_REV_CPLX_METDabc-2,0.0,-2.3484078904142943e-06
METDabc_FWD_CPLX_METDabc-2,0.0,-2.211039389383151e-07
METDabc_REV_CPLX_METDabc-1,0.0,-2.127303951475979e-06
METDabc_FWD_CPLX_METDabc-1,0.0,-9.435489978792014e-36
METDabc_REV_CPLX_METDabc-3,0.0,-2.197773215505404e-06
METDabc_FWD_CPLX_METDabc-3,0.0,-7.046926402942492e-08
METFR_REV_393126.8.peg.1761-MONOMER_mod_zn2(1)_mod_cbl1(1),0.0,-5.935205057844096e-07
METFR_FWD_393126.8.peg.1761-MONOMER_mod_zn2(1)_mod_cbl1(1),0.8804838514689518,-3.715136231910673e-35
METSOX1abc_REV_CPLX_METDabc-0,0.0,-2.275921200704686e-06
METSOX1abc_FWD_CPLX_METDabc-0,0.0,-1.4861724922870664e-07
METSOX1abc_REV_CPLX_METDabc-2,0.0,-2.3484078904142943e-06
METSOX1abc_FWD_CPLX_METDabc-2,0.0,-2.211039389383151e-07
METSOX1abc_REV_CPLX_METDabc-1,0.0,-2.127303951475979e-06
METSOX1abc_FWD_CPLX_METDabc-1,0.03919749197976151,-8.03910428116828e-36
METSOX1abc_REV_CPLX_METDabc-3,0.0,-2.197773215505404e-06
METSOX1abc_FWD_CPLX_METDabc-3,0.0,-7.046926402942492e-08
METSOX2abc_REV_CPLX_METDabc-0,0.0,-2.275921200704686e-06
METSOX2abc_FWD_CPLX_METDabc-0,0.0,-1.4861724922870664e-07
METSOX2abc_REV_CPLX_METDabc-2,0.0,-2.3484078904142943e-06
METSOX2abc_FWD_CPLX_METDabc-2,0.0,-2.211039389383151e-07
METSOX2abc_REV_CPLX_METDabc-1,0.0,-2.127303951475979e-06
METSOX2abc_FWD_CPLX_METDabc-1,0.0,-9.435489978792014e-36
METSOX2abc_REV_CPLX_METDabc-3,0.0,-2.197773215505404e-06
METSOX2abc_FWD_CPLX_METDabc-3,0.0,-7.046926402942492e-08
METSOXR1r_REV_393126.8.peg.1946-MONOMER,0.0,-2.267064654658097e-06
METSOXR1r_FWD_393126.8.peg.1946-MONOMER,0.03919749197976151,-4.7400902327769455e-35
METabc_REV_CPLX_METDabc-0,0.0,0.006850024872318198
METabc_FWD_CPLX_METDabc-0,0.0,-0.006852449410768132
METabc_REV_CPLX_METDabc-2,0.0,0.006849952385628489
METabc_FWD_CPLX_METDabc-2,0.0,-0.006852521897457842
METabc_REV_CPLX_METDabc-1,0.0,0.006850173489567428
METabc_FWD_CPLX_METDabc-1,0.0,-0.006852300793518903
METabc_REV_CPLX_METDabc-3,0.0,0.006850103020303398
METabc_FWD_CPLX_METDabc-3,0.0,-0.006852371262782933
MEVK1c_REV_393126.8.peg.11-MONOMER,0.0,-2.45451458810196e-07
MEVK1c_FWD_393126.8.peg.11-MONOMER,0.0,1.6438029118158821e-35
MG2abc_REV_CPLX_dummy,0.0,0.013705703764495251
MG2abc_FWD_CPLX_dummy,0.0,-0.013707434078353072
MGSA_REV_393126.8.peg.1991-MONOMER,0.0,2.4980404108158146e-06
MGSA_FWD_393126.8.peg.1991-MONOMER,0.0,-1.0655652787017165e-36
MGt5_REV_393126.8.peg.664-MONOMER,0.0018100278903308942,4.5632787279133484e-42
MGt5_FWD_393126.8.peg.664-MONOMER,0.0,-6.462386395404764e-08
MGt5_REV_393126.8.peg.572-MONOMER,0.0,-7.184924637600313e-08
MGt5_FWD_393126.8.peg.572-MONOMER,0.0,-1.3647311033005076e-07
MGt5_REV_393126.8.peg.1093-MONOMER,0.0,-1.3812446695631602e-07
MGt5_FWD_393126.8.peg.1093-MONOMER,0.0,-2.0274833091036366e-07
MI1PP_REV_393126.8.peg.1095-MONOMER,0.0,2.1798818604739775e-06
MI1PP_FWD_393126.8.peg.1095-MONOMER,0.0,4.3722751587067376e-37
MI1PP_REV_393126.8.peg.1096-MONOMER_mod_mg2(1),0.0,1.105389919192596e-06
MI1PP_FWD_393126.8.peg.1096-MONOMER_mod_mg2(1),0.0,-1.0744919412813817e-06
MI3PP_REV_393126.8.peg.1095-MONOMER,0.0,2.1798818604739775e-06
MI3PP_FWD_393126.8.peg.1095-MONOMER,0.0,4.569190043423307e-38
MI3PP_REV_393126.8.peg.1096-MONOMER_mod_mg2(1),0.0,1.105389919192596e-06
MI3PP_FWD_393126.8.peg.1096-MONOMER_mod_mg2(1),0.0,-1.0744919412813817e-06
MI4PP_REV_393126.8.peg.1095-MONOMER,0.0,2.1798818604739775e-06
MI4PP_FWD_393126.8.peg.1095-MONOMER,0.0,4.569190043423307e-38
MI4PP_REV_393126.8.peg.1096-MONOMER_mod_mg2(1),0.0,1.105389919192596e-06
MI4PP_FWD_393126.8.peg.1096-MONOMER_mod_mg2(1),0.0,-1.0744919412813817e-06
MLTG1_REV_393126.8.peg.186-MONOMER,0.0,1.4736621722644182e-06
MLTG1_FWD_393126.8.peg.186-MONOMER,0.0,1.70257324066139e-35
MLTG2_REV_393126.8.peg.186-MONOMER,0.0,1.4736621722644182e-06
MLTG2_FWD_393126.8.peg.186-MONOMER,0.0,1.70257324066139e-35
MLTG3_REV_393126.8.peg.186-MONOMER,0.0,1.4736621722644182e-06
MLTG3_FWD_393126.8.peg.186-MONOMER,0.0,1.70257324066139e-35
MLTG4_REV_393126.8.peg.186-MONOMER,0.0,1.4736621722644182e-06
MLTG4_FWD_393126.8.peg.186-MONOMER,0.0,1.70257324066139e-35
MLTG5_REV_393126.8.peg.186-MONOMER,0.0,1.4736621722644182e-06
MLTG5_FWD_393126.8.peg.186-MONOMER,0.0,-2.871753626577575e-35
MLTP4_REV_393126.8.peg.2943-MONOMER,0.0,-2.4029535835226087e-06
MLTP4_FWD_393126.8.peg.2943-MONOMER,0.07449289,-1.1861073977207081e-35
MLTP4_REV_CPLX_MLTP4-0,0.0,-2.6962370791576646e-06
MLTP4_FWD_CPLX_MLTP4-0,0.0,-2.9328349563505614e-07
MMSAD1_REV_393126.8.peg.392-MONOMER,0.0,-2.928731731945427e-06
MMSAD1_FWD_393126.8.peg.392-MONOMER,0.0,-9.085011937354193e-36
MMSAD2_REV_393126.8.peg.1177-MONOMER,0.0,4.1121887386423083e-07
MMSAD2_FWD_393126.8.peg.1177-MONOMER,0.0,-3.409002848095872e-35
MMSAD3_REV_393126.8.peg.392-MONOMER,0.0,-2.928731731945427e-06
MMSAD3_FWD_393126.8.peg.392-MONOMER,0.0,-3.377894177545483e-35
MNLpts_REV_CPLX_MNLpts-0,0.0,-8.772168352861893e-07
MNLpts_FWD_CPLX_MNLpts-0,0.0,-2.974147501429308e-36
MNabc_REV_CPLX_MNabc-0,0.0,0.01027734250257991
MNabc_FWD_CPLX_MNabc-0,0.0,-0.010279726871621571
MNt2_REV_393126.8.peg.1502-MONOMER,0.0,-3.3442022266113747e-06
MNt2_FWD_393126.8.peg.1502-MONOMER,5.467463123212908e-06,1.1953471326608443e-37
MOHMT_REV_393126.8.peg.1987-MONOMER_mod_mg2(1),0.0,-4.524120073205592e-06
MOHMT_FWD_393126.8.peg.1987-MONOMER_mod_mg2(1),0.0016077448665944136,-1.2053282245363776e-35
MTAN_REV_393126.8.peg.1573-MONOMER,0.0,-1.8175227746306853e-06
MTAN_FWD_393126.8.peg.1573-MONOMER,0.0,8.561899658736498e-36
MTHFC_REV_393126.8.peg.1437-MONOMER,0.565202293948122,-1.8409228789904378e-35
MTHFC_FWD_393126.8.peg.1437-MONOMER,0.0,-2.3654121917612197e-06
MTHFC_REV_393126.8.peg.1962-MONOMER,0.0,-5.192130022575616e-07
MTHFC_FWD_393126.8.peg.1962-MONOMER,0.0,-2.8846251940187813e-06
MTHFD_REV_393126.8.peg.1437-MONOMER,0.565202293948122,-1.6603647716032798e-34
MTHFD_FWD_393126.8.peg.1437-MONOMER,0.0,-2.3654121917612197e-06
MTHPTGHM_REV_393126.8.peg.867-MONOMER,0.0,0.08908098159238963
MTHPTGHM_FWD_393126.8.peg.867-MONOMER,0.0,-0.08907959632342938
NACt2r_REV_CPLX_dummy,0.0016074393947229711,-6.965033242709639e-37
NACt2r_FWD_CPLX_dummy,0.0,-1.7303138578205756e-06
NADH10_REV_393126.8.peg.2473-MONOMER,0.0,-1.6234035980765905e-06
NADH10_FWD_393126.8.peg.2473-MONOMER,0.0,-7.798931493806975e-07
NADH10_REV_393126.8.peg.104-MONOMER,0.0,-8.435104486958931e-07
NADH10_FWD_393126.8.peg.104-MONOMER,0.9983926337663782,-1.021022350910593e-34
NADH5_REV_393126.8.peg.2473-MONOMER,0.0,-1.6234035980765905e-06
NADH5_FWD_393126.8.peg.2473-MONOMER,0.0,-7.798931493806975e-07
NADH5_REV_393126.8.peg.104-MONOMER,0.0,-8.435104486958931e-07
NADH5_FWD_393126.8.peg.104-MONOMER,0.0,-1.8457691121781632e-34
NADH9_REV_393126.8.peg.2473-MONOMER,0.0,0.0034134102256988407
NADH9_FWD_393126.8.peg.2473-MONOMER,0.0,-0.0034158135224462978
NADH9_REV_393126.8.peg.104-MONOMER,0.0,0.0034141901188482213
NADH9_FWD_393126.8.peg.104-MONOMER,0.0,-0.003415033629296917
NADK_REV_393126.8.peg.1666-MONOMER,0.0,-8.606954478390332e-07
NADK_FWD_393126.8.peg.1666-MONOMER,1.4034393352193033e-08,-1.2438448297069733e-35
NADK_REV_393126.8.peg.995-MONOMER_mod_mg2(1),0.0,-1.132032719296797e-06
NADK_FWD_393126.8.peg.995-MONOMER_mod_mg2(1),0.0,-2.713372714577639e-07
NADK2_REV_393126.8.peg.1666-MONOMER,0.0,-1.8113997257749695e-07
NADK2_FWD_393126.8.peg.1666-MONOMER,0.0,-6.795554752615362e-07
NADK2_REV_393126.8.peg.995-MONOMER_mod_mg2(1),0.0,-4.5247724403526086e-07
NADK2_FWD_393126.8.peg.995-MONOMER_mod_mg2(1),0.0,-9.508927467193002e-07
NADS1_REV_393126.8.peg.1123-MONOMER_mod_mg2(1),0.0,-1.0390607232908013e-06
NADS1_FWD_393126.8.peg.1123-MONOMER_mod_mg2(1),0.0,-7.563201398663186e-07
NADS1_REV_393126.8.peg.1123-MONOMER_mod_mn2(1),0.0,-1.0316216312755839e-06
NADS1_FWD_393126.8.peg.1123-MONOMER_mod_mn2(1),0.0,-7.48881047851101e-07
NADS2_REV_CPLX_dummy,0.0,-1.7303138578205756e-06
NADS2_FWD_CPLX_dummy,0.0016074393947229711,2.573492561533791e-34
NAPRT_REV_393126.8.peg.1122-MONOMER,0.0,-1.4581587528364395e-06
NAPRT_FWD_393126.8.peg.1122-MONOMER,0.0016074393947229711,-2.974415503484583e-36
NAt3_1_REV_393126.8.peg.825-MONOMER,0.0,-2.453697453053353e-07
NAt3_1_FWD_393126.8.peg.825-MONOMER,0.0,-1.689367565743498e-06
NAt3_1_REV_393126.8.peg.2436-MONOMER,0.0,2.6463563306718536e-37
NAt3_1_FWD_393126.8.peg.2436-MONOMER,0.0,-1.4439978204381627e-06
NDPK1_REV_393126.8.peg.2014-MONOMER_mod_mn2(1),0.0,-1.3622835952193474e-06
NDPK1_FWD_393126.8.peg.2014-MONOMER_mod_mn2(1),0.0,-3.1726446962748853e-09
NDPK1_REV_393126.8.peg.2014-MONOMER_mod_mg2(1),0.0,-1.3692260919367471e-06
NDPK1_FWD_393126.8.peg.2014-MONOMER_mod_mg2(1),0.0,-1.011514141367467e-08
NDPK1_REV_393126.8.peg.2014-MONOMER_mod_ca2(1),0.0,-1.3629580378319147e-06
NDPK1_FWD_393126.8.peg.2014-MONOMER_mod_ca2(1),0.0,-3.847087308842278e-09
NDPK2_REV_393126.8.peg.2014-MONOMER_mod_mn2(1),0.0,-1.3622835952193474e-06
NDPK2_FWD_393126.8.peg.2014-MONOMER_mod_mn2(1),0.0,-3.1726446962748853e-09
NDPK2_REV_393126.8.peg.2014-MONOMER_mod_mg2(1),0.0,-1.3692260919367471e-06
NDPK2_FWD_393126.8.peg.2014-MONOMER_mod_mg2(1),0.0,-1.011514141367467e-08
NDPK2_REV_393126.8.peg.2014-MONOMER_mod_ca2(1),0.0,-1.3629580378319147e-06
NDPK2_FWD_393126.8.peg.2014-MONOMER_mod_ca2(1),0.0,-3.847087308842278e-09
NDPK3_REV_393126.8.peg.2014-MONOMER_mod_mn2(1),0.0,-1.3622835952193474e-06
NDPK3_FWD_393126.8.peg.2014-MONOMER_mod_mn2(1),0.0,-3.1726446962748853e-09
NDPK3_REV_393126.8.peg.2014-MONOMER_mod_mg2(1),0.0,-1.3692260919367471e-06
NDPK3_FWD_393126.8.peg.2014-MONOMER_mod_mg2(1),0.0,-1.011514141367467e-08
NDPK3_REV_393126.8.peg.2014-MONOMER_mod_ca2(1),0.0,-1.3629580378319147e-06
NDPK3_FWD_393126.8.peg.2014-MONOMER_mod_ca2(1),0.0,-3.847087308842278e-09
NDPK4_REV_393126.8.peg.2014-MONOMER_mod_mn2(1),0.0,-1.3622835952193474e-06
NDPK4_FWD_393126.8.peg.2014-MONOMER_mod_mn2(1),0.0,-3.1726446962748853e-09
NDPK4_REV_393126.8.peg.2014-MONOMER_mod_mg2(1),0.0,-1.3692260919367471e-06
NDPK4_FWD_393126.8.peg.2014-MONOMER_mod_mg2(1),0.0,-1.011514141367467e-08
NDPK4_REV_393126.8.peg.2014-MONOMER_mod_ca2(1),0.0,-1.3629580378319147e-06
NDPK4_FWD_393126.8.peg.2014-MONOMER_mod_ca2(1),0.0,-3.847087308842278e-09
NDPK5_REV_393126.8.peg.2014-MONOMER_mod_mn2(1),0.0,-1.3622835952193474e-06
NDPK5_FWD_393126.8.peg.2014-MONOMER_mod_mn2(1),0.0,-3.1726446962748853e-09
NDPK5_REV_393126.8.peg.2014-MONOMER_mod_mg2(1),0.0,-1.3692260919367471e-06
NDPK5_FWD_393126.8.peg.2014-MONOMER_mod_mg2(1),0.0,-1.011514141367467e-08
NDPK5_REV_393126.8.peg.2014-MONOMER_mod_ca2(1),0.0,-1.3629580378319147e-06
NDPK5_FWD_393126.8.peg.2014-MONOMER_mod_ca2(1),0.0,-3.847087308842278e-09
NDPK6_REV_393126.8.peg.2014-MONOMER_mod_mn2(1),0.0,-6.827281199578112e-07
NDPK6_FWD_393126.8.peg.2014-MONOMER_mod_mn2(1),0.0,-6.827281199578112e-07
NDPK6_REV_393126.8.peg.2014-MONOMER_mod_mg2(1),0.0,-6.896706166752109e-07
NDPK6_FWD_393126.8.peg.2014-MONOMER_mod_mg2(1),0.0,-6.896706166752109e-07
NDPK6_REV_393126.8.peg.2014-MONOMER_mod_ca2(1),0.0,-6.834025625703785e-07
NDPK6_FWD_393126.8.peg.2014-MONOMER_mod_ca2(1),0.0,-6.834025625703785e-07
NDPK7_REV_393126.8.peg.2014-MONOMER_mod_mn2(1),0.0,-1.3622835952193474e-06
NDPK7_FWD_393126.8.peg.2014-MONOMER_mod_mn2(1),0.0,-3.1726446962748853e-09
NDPK7_REV_393126.8.peg.2014-MONOMER_mod_mg2(1),0.0,-1.3692260919367471e-06
NDPK7_FWD_393126.8.peg.2014-MONOMER_mod_mg2(1),0.0,-1.011514141367467e-08
NDPK7_REV_393126.8.peg.2014-MONOMER_mod_ca2(1),0.0,-1.3629580378319147e-06
NDPK7_FWD_393126.8.peg.2014-MONOMER_mod_ca2(1),0.0,-3.847087308842278e-09
NDPK8_REV_393126.8.peg.2014-MONOMER_mod_mn2(1),0.0,-6.827281199578112e-07
NDPK8_FWD_393126.8.peg.2014-MONOMER_mod_mn2(1),0.0,-6.827281199578112e-07
NDPK8_REV_393126.8.peg.2014-MONOMER_mod_mg2(1),0.0,-6.896706166752109e-07
NDPK8_FWD_393126.8.peg.2014-MONOMER_mod_mg2(1),0.0,-6.896706166752109e-07
NDPK8_REV_393126.8.peg.2014-MONOMER_mod_ca2(1),0.0,-6.834025625703785e-07
NDPK8_FWD_393126.8.peg.2014-MONOMER_mod_ca2(1),0.0,-6.834025625703785e-07
NDPK9_REV_393126.8.peg.2014-MONOMER_mod_mn2(1),0.0,-1.3654562399156224e-06
NDPK9_FWD_393126.8.peg.2014-MONOMER_mod_mn2(1),0.0,-1.443357716320564e-35
NDPK9_REV_393126.8.peg.2014-MONOMER_mod_mg2(1),0.0,-1.372398736633022e-06
NDPK9_FWD_393126.8.peg.2014-MONOMER_mod_mg2(1),0.0,-6.942496717399785e-09
NDPK9_REV_393126.8.peg.2014-MONOMER_mod_ca2(1),0.0,-1.3661306825281897e-06
NDPK9_FWD_393126.8.peg.2014-MONOMER_mod_ca2(1),0.0,-6.744426125673923e-10
NH4tb_REV_393126.8.peg.1596-MONOMER,6.075016881330395,0.0
NH4tb_FWD_393126.8.peg.1596-MONOMER,0.0,-7.302976984764936e-06
NNAM_REV_393126.8.peg.2665-MONOMER,0.0,1.2193000372796002e-06
NNAM_FWD_393126.8.peg.2665-MONOMER,0.0,5.741147811119697e-38
NNATr_REV_393126.8.peg.1567-MONOMER_mod_mg2(1),0.0,2.361867818856162e-07
NNATr_FWD_393126.8.peg.1567-MONOMER_mod_mg2(1),0.0016074393947229711,1.4131239636425765e-35
NNDMBRT_REV_CPLX_dummy,0.0,-1.7303138578205756e-06
NNDMBRT_FWD_CPLX_dummy,0.0,-3.6632050194614334e-36
NNDPR_REV_393126.8.peg.2111-MONOMER_mod_mg2(1),0.0,8.330705925539212e-07
NNDPR_FWD_393126.8.peg.2111-MONOMER_mod_mg2(1),0.0,1.1158822030804601e-35
NO2t2r_REV_393126.8.peg.607-MONOMER,0.0,-2.152984624640391e-06
NO2t2r_FWD_393126.8.peg.607-MONOMER,0.0,-9.369836353769814e-38
NP1_r_REV_393126.8.peg.2039-MONOMER,0.0,-6.721233500169188e-37
NP1_r_FWD_393126.8.peg.2039-MONOMER,0.0,-2.9275747669855727e-06
NP1_r_REV_393126.8.peg.1942-MONOMER,0.0,-2.0048503018027962e-07
NP1_r_FWD_393126.8.peg.1942-MONOMER,0.0,-3.1280597971658524e-06
NPHS_REV_393126.8.peg.1756-MONOMER_mod_hco3(1),0.0,-4.142251640181655e-06
NPHS_FWD_393126.8.peg.1756-MONOMER_mod_hco3(1),0.0032147324672435,4.3280136687834823e-35
NT5C_REV_393126.8.peg.131-MONOMER,0.0,0.027413728927758608
NT5C_FWD_393126.8.peg.131-MONOMER,0.0,-0.027419293815823864
NTD1_REV_393126.8.peg.131-MONOMER,0.0,0.013695860693549845
NTD1_FWD_393126.8.peg.131-MONOMER,0.0,-0.013701425581615101
NTD10_REV_393126.8.peg.131-MONOMER,0.0,0.027410539255081825
NTD10_FWD_393126.8.peg.131-MONOMER,0.0,-0.02741610414314708
NTD11_REV_393126.8.peg.131-MONOMER,0.0,0.02741346682984881
NTD11_FWD_393126.8.peg.131-MONOMER,0.0,-0.027419031717914065
NTD2_REV_393126.8.peg.131-MONOMER,0.0,0.013703588974812483
NTD2_FWD_393126.8.peg.131-MONOMER,0.0,-0.01370915386287774
NTD3_REV_393126.8.peg.131-MONOMER,0.0,-5.5648880652563936e-06
NTD3_FWD_393126.8.peg.131-MONOMER,0.0,-4.722544825218026e-37
NTD4_REV_393126.8.peg.131-MONOMER,0.0,0.013703588974812483
NTD4_FWD_393126.8.peg.131-MONOMER,0.0,-0.01370915386287774
NTD5_REV_393126.8.peg.131-MONOMER,0.0,-5.5648880652563936e-06
NTD5_FWD_393126.8.peg.131-MONOMER,0.0,7.315598578942035e-36
NTD5_a_REV_393126.8.peg.131-MONOMER,0.0,-5.5648880652563936e-06
NTD5_a_FWD_393126.8.peg.131-MONOMER,0.0,-4.5516060861457166e-36
NTD6_REV_393126.8.peg.131-MONOMER,0.0,0.013703895115847393
NTD6_FWD_393126.8.peg.131-MONOMER,0.0,-0.01370946000391265
NTD7_REV_393126.8.peg.131-MONOMER,0.0,0.01371894801203485
NTD7_FWD_393126.8.peg.131-MONOMER,0.0,-0.013724512900100107
NTD8_REV_393126.8.peg.131-MONOMER,0.0,0.013703895115847393
NTD8_FWD_393126.8.peg.131-MONOMER,0.0,-0.01370946000391265
NTD9_REV_393126.8.peg.131-MONOMER,0.0,0.01371894801203485
NTD9_FWD_393126.8.peg.131-MONOMER,0.0,-0.013724512900100107
O2t_REV_CPLX_dummy,0.0,-1.7303138578205756e-06
O2t_FWD_CPLX_dummy,0.5,7.248929093100556e-36
OAASr_REV_393126.8.peg.1647-MONOMER,0.0,-1.403374826009003e-06
OAASr_FWD_393126.8.peg.1647-MONOMER,0.0,1.5112202655200246e-35
OBTFL_REV_393126.8.peg.1483-MONOMER_mod_glycyl(1),0.0,0.006838379998990578
OBTFL_FWD_393126.8.peg.1483-MONOMER_mod_glycyl(1),0.0,-0.006840070396086127
OBTFL_REV_393126.8.peg.2002-MONOMER,0.0,0.006838199744385648
OBTFL_FWD_393126.8.peg.2002-MONOMER,0.0,-0.006840250650691056
OCBT_REV_393126.8.peg.1667-MONOMER,0.00160736623362175,6.049371490391056e-37
OCBT_FWD_393126.8.peg.1667-MONOMER,0.0,-2.7408707474784273e-06
OCDCAtr_REV_CPLX_dummy,0.0,1.141060491924908e-40
OCDCAtr_FWD_CPLX_dummy,0.0,-1.7303138578205756e-06
OHPBAT_REV_393126.8.peg.2935-MONOMER_mod_pydx5p(1),0.0,-6.991941140855402e-36
OHPBAT_FWD_393126.8.peg.2935-MONOMER_mod_pydx5p(1),0.0,-2.8156926378637e-06
OHPHM_REV_CPLX_dummy,0.0,-1.7303138578205756e-06
OHPHM_FWD_CPLX_dummy,0.0,1.2038002298897027e-34
OMBZLM_REV_CPLX_dummy,0.0,-1.7303138578205756e-06
OMBZLM_FWD_CPLX_dummy,0.0,1.2038002298897027e-34
OMMBLHX3_REV_CPLX_dummy,0.0,1.0518382757878095
OMMBLHX3_FWD_CPLX_dummy,0.0,-1.0518400061016673
OMPDC_REV_393126.8.peg.1918-MONOMER,0.0,-2.3665914133314508e-06
OMPDC_FWD_393126.8.peg.1918-MONOMER,0.00160736623362175,2.0994287114499233e-35
OMPHHX3_REV_CPLX_dummy,0.0,-1.7303138578205756e-06
OMPHHX3_FWD_CPLX_dummy,0.0,6.286310406127495e-35
OPHBDC_REV_CPLX_dummy,0.0,-1.7303138578205756e-06
OPHBDC_FWD_CPLX_dummy,0.0,3.2090431288851233e-35
OPHHX3_REV_CPLX_dummy,0.0,-1.7303138578205756e-06
OPHHX3_FWD_CPLX_dummy,0.0,3.4157729459651314e-34
ORNDC_REV_CPLX_dummy,0.0,-1.7303138578205756e-06
ORNDC_FWD_CPLX_dummy,0.00160736623362175,-5.806509962280031e-37
ORNTAC_REV_393126.8.peg.269-MONOMER_mod_zn2(1)_mod_cobalt2(1),0.0,-1.2085506148819908e-06
ORNTAC_FWD_393126.8.peg.269-MONOMER_mod_zn2(1)_mod_cobalt2(1),0.0,-9.801806967117677e-07
ORNTAC_REV_393126.8.peg.1670-MONOMER,0.0,-2.283699181702231e-07
ORNTAC_FWD_393126.8.peg.1670-MONOMER,0.0,8.756365940363551e-36
OROTPT_REV_393126.8.peg.1917-MONOMER_mod_mg2(1),0.0,-3.259354751271642e-06
OROTPT_FWD_393126.8.peg.1917-MONOMER_mod_mg2(1),0.00160736623362175,-2.853786090121043e-36
P5CRyr_REV_393126.8.peg.1463-MONOMER,0.0027652487687070933,2.1530940806414722e-36
P5CRyr_FWD_393126.8.peg.1463-MONOMER,0.0,-2.179369466369047e-06
P5CRyr_REV_393126.8.peg.405-MONOMER,0.0,-1.4379266257712008e-06
P5CRyr_FWD_393126.8.peg.405-MONOMER,0.0,-3.6172960921402478e-06
PAAI17P_REV_CPLX_dummy,0.0,-1.7303138578205756e-06
PAAI17P_FWD_CPLX_dummy,0.0014625560938293604,2.901864885935181e-35
PAI17P_REV_CPLX_dummy,0.0,-1.7303138578205756e-06
PAI17P_FWD_CPLX_dummy,0.0014625560938293604,5.96430261176577e-35
PANTS_REV_393126.8.peg.1986-MONOMER_mod_mg2(1)_mod_nh4(1),0.0,-8.574452053879042e-07
PANTS_FWD_393126.8.peg.1986-MONOMER_mod_mg2(1)_mod_nh4(1),0.0,-1.30652743731946e-08
PANTS_REV_393126.8.peg.1986-MONOMER_mod_mn2(1)_mod_nh4(1),0.0,-8.504396049210825e-07
PANTS_FWD_393126.8.peg.1986-MONOMER_mod_mn2(1)_mod_nh4(1),0.0,-6.059673906372982e-09
PANTS_REV_393126.8.peg.1986-MONOMER_mod_mg2(1)_mod_k(1),0.0,-8.51381694802046e-07
PANTS_FWD_393126.8.peg.1986-MONOMER_mod_mg2(1)_mod_k(1),0.0,-7.0017637873363665e-09
PANTS_REV_393126.8.peg.1986-MONOMER_mod_mn2(1)_mod_k(1),0.0,-8.443799310147095e-07
PANTS_FWD_393126.8.peg.1986-MONOMER_mod_mn2(1)_mod_k(1),0.0016077448665944136,-6.961666544946575e-36
PAPA180_REV_CPLX_dummy,0.0,0.013705792792655167
PAPA180_FWD_CPLX_dummy,0.0,-0.013707523106512987
PAPPT2_REV_393126.8.peg.2124-MONOMER,0.0,3.6387538726473935e-07
PAPPT2_FWD_393126.8.peg.2124-MONOMER,0.0,-9.11234938157132e-35
PAPPT3_REV_393126.8.peg.2124-MONOMER,0.0,3.6387538726473935e-07
PAPPT3_FWD_393126.8.peg.2124-MONOMER,0.0,-9.11234938157132e-35
PBt_REV_393126.8.peg.1939-MONOMER,0.0,8.188806605384254e-08
PBt_FWD_393126.8.peg.1939-MONOMER,0.0,-8.755238396092943e-36
PBt_REV_393126.8.peg.656-MONOMER,0.0,-2.397087619505502e-07
PBt_FWD_393126.8.peg.656-MONOMER,0.0,-3.215968280043927e-07
PC_REV_393126.8.peg.1102-MONOMER,0.0,0.013709011984844597
PC_FWD_393126.8.peg.1102-MONOMER,0.0,-0.01371139998087554
PC11M_REV_393126.8.peg.1210-MONOMER,0.0,1.2890804902179884e-06
PC11M_FWD_393126.8.peg.1210-MONOMER,0.0,4.4262885838971535e-36
PC17M_REV_393126.8.peg.1212-MONOMER,0.0,1.213225183309621e-06
PC17M_FWD_393126.8.peg.1212-MONOMER,0.0,-2.509997043059952e-35
PC20M_REV_393126.8.peg.1216-MONOMER,0.0,1.4844991220219338e-06
PC20M_FWD_393126.8.peg.1216-MONOMER,0.0,4.1036844970855035e-35
PC6AR_REV_393126.8.peg.1213-MONOMER,0.0,1.2710279017306477e-06
PC6AR_FWD_393126.8.peg.1213-MONOMER,0.0,1.0959983596022274e-34
PC6YM_REV_393126.8.peg.1209-MONOMER,0.0,1.333368179125728e-06
PC6YM_FWD_393126.8.peg.1209-MONOMER,0.0,-4.7002125737050346e-07
PC6YM_REV_393126.8.peg.1208-MONOMER,0.0,1.8033894364962313e-06
PC6YM_FWD_393126.8.peg.1208-MONOMER,0.0,2.1229817632051804e-35
PC8XM_REV_393126.8.peg.1206-MONOMER,0.0,-1.114337449572771e-06
PC8XM_FWD_393126.8.peg.1206-MONOMER,0.0,1.4319603536154799e-37
PDHa_REV_CPLX_dummy,0.0,0.006852446857143843
PDHa_FWD_CPLX_dummy,0.0,-0.006854177171001664
PDHbr_REV_393126.8.peg.1083-MONOMER,0.0,-2.205474270415342e-35
PDHbr_FWD_393126.8.peg.1083-MONOMER,0.0,-3.925247840425764e-06
PDHc_REV_393126.8.peg.1448-MONOMER,0.0,-3.2028769556641837e-06
PDHc_FWD_393126.8.peg.1448-MONOMER,0.03366510823185274,2.9646683583427746e-35
PDHc_REV_393126.8.peg.1084-MONOMER,0.0,-3.405951942633696e-06
PDHc_FWD_393126.8.peg.1084-MONOMER,0.0,-2.030749869695122e-07
PEPGLY_REV_393126.8.peg.2318-MONOMER,0.0,-1.7217121266648694e-07
PEPGLY_FWD_393126.8.peg.2318-MONOMER,0.0,-1.7706446052941508e-07
PEPGLY_REV_393126.8.peg.1977-MONOMER,0.0,4.89324786292815e-09
PEPGLY_FWD_393126.8.peg.1977-MONOMER,0.0,-1.0287825322161167e-34
PFK_REV_393126.8.peg.1651-MONOMER_mod_mg2(1),0.0,-3.4657510306723078e-06
PFK_FWD_393126.8.peg.1651-MONOMER_mod_mg2(1),2.9095482540986857,2.977345236680102e-36
PFK_2_REV_393126.8.peg.2183-MONOMER,0.0,-1.8709723810751526e-06
PFK_2_FWD_393126.8.peg.2183-MONOMER,0.0,-1.4640559968106142e-35
PFK_2_REV_CPLX_PFK_2-0,0.0,-2.182308684912475e-06
PFK_2_FWD_CPLX_PFK_2-0,0.0,-3.113363038373223e-07
PFK_2_REV_393126.8.peg.1651-MONOMER_mod_mg2(1),0.0,-2.66836170587373e-06
PFK_2_FWD_393126.8.peg.1651-MONOMER_mod_mg2(1),0.0,-7.973893247985775e-07
PFK_3_REV_393126.8.peg.1651-MONOMER_mod_mg2(1),0.0,-3.4657510306723078e-06
PFK_3_FWD_393126.8.peg.1651-MONOMER_mod_mg2(1),0.0,4.6713634485026026e-35
PFL_REV_393126.8.peg.1483-MONOMER_mod_glycyl(1),0.0,-1.690397095548379e-06
PFL_FWD_393126.8.peg.1483-MONOMER_mod_glycyl(1),0.0,-1.5818574735341195e-35
PFL_REV_393126.8.peg.1484-MONOMER,0.0,-1.690397095548379e-06
PFL_FWD_393126.8.peg.1484-MONOMER,11.570479606296255,-4.928457794628489e-35
PFL_REV_393126.8.peg.2002-MONOMER,0.0,-1.8706517004777154e-06
PFL_FWD_393126.8.peg.2002-MONOMER,0.0,-1.802546049293363e-07
PGAMT_REV_393126.8.peg.2207-MONOMER,0.026326009688928485,4.9981707097237837e-36
PGAMT_FWD_393126.8.peg.2207-MONOMER,0.0,-2.86418938417038e-06
PGAMT_REV_393126.8.peg.1957-MONOMER,0.0,-1.4681449087749639e-08
PGAMT_FWD_393126.8.peg.1957-MONOMER,0.0,-2.8788708332581295e-06
PGCDr_REV_393126.8.peg.2934-MONOMER,0.0,-3.4456431628621277e-06
PGCDr_FWD_393126.8.peg.2934-MONOMER,0.0,-2.549351605176045e-35
PGI_REV_393126.8.peg.2451-MONOMER,0.0,-2.125056232042417e-06
PGI_FWD_393126.8.peg.2451-MONOMER,0.7098275637480954,-2.6044754569599194e-36
PGK_REV_393126.8.peg.2544-MONOMER,7.859068342642941,-1.0447535771671693e-36
PGK_FWD_393126.8.peg.2544-MONOMER,0.0,-3.657626352913807e-06
PGL_REV_393126.8.peg.571-MONOMER,0.0,7.265109594591791e-07
PGL_FWD_393126.8.peg.571-MONOMER,0.0,-1.3428044839591365e-36
PGM_REV_393126.8.peg.2294-MONOMER_mod_23bpg(1),0.0,2.0805338544827987e-36
PGM_FWD_393126.8.peg.2294-MONOMER_mod_23bpg(1),0.0,-2.4339796511968935e-06
PGM_REV_393126.8.peg.2542-MONOMER_mod_mn2(1),7.859068342642941,4.671071017077087e-36
PGM_FWD_393126.8.peg.2542-MONOMER_mod_mn2(1),0.0,-2.4339796511968935e-06
PGMT_REV_CPLX_dummy,0.0,-1.7303138578205756e-06
PGMT_FWD_CPLX_dummy,0.03939154374809536,-7.518477500591104e-36
PGMT2_REV_393126.8.peg.2941-MONOMER,0.0,-1.9019597846863216e-06
PGMT2_FWD_393126.8.peg.2941-MONOMER,0.07449289,3.081195964237441e-36
PGPGT_REV_CPLX_dummy,0.0,6.7370550787628514e-34
PGPGT_FWD_CPLX_dummy,0.0,-1.7303138578205756e-06
PGPP180_REV_CPLX_dummy,0.0,-1.7303138578205756e-06
PGPP180_FWD_CPLX_dummy,0.005215290723100369,1.3706460230198874e-35
PGPPAI17_REV_CPLX_dummy,0.0,-1.7303138578205756e-06
PGPPAI17_FWD_CPLX_dummy,0.005215290723100369,2.901864885935181e-35
PGPPI17_REV_CPLX_dummy,0.0,-1.7303138578205756e-06
PGPPI17_FWD_CPLX_dummy,0.005215290723100369,2.901864885935181e-35
PGSA120_REV_393126.8.peg.1472-MONOMER_mod_mg2(1),0.0,-2.587332457580013e-06
PGSA120_FWD_393126.8.peg.1472-MONOMER_mod_mg2(1),0.0,-3.7384772898101266e-36
PGSA140_REV_393126.8.peg.1472-MONOMER_mod_mg2(1),0.0,-2.587332457580013e-06
PGSA140_FWD_393126.8.peg.1472-MONOMER_mod_mg2(1),0.0,-2.3661620015160519e-35
PGSA141_REV_393126.8.peg.1472-MONOMER_mod_mg2(1),0.0,-2.587332457580013e-06
PGSA141_FWD_393126.8.peg.1472-MONOMER_mod_mg2(1),0.0,6.22309407286507e-36
PGSA160_REV_393126.8.peg.1472-MONOMER_mod_mg2(1),0.0,-2.587332457580013e-06
PGSA160_FWD_393126.8.peg.1472-MONOMER_mod_mg2(1),0.0,-3.7384772898101266e-36
PGSA161_REV_393126.8.peg.1472-MONOMER_mod_mg2(1),0.0,-2.587332457580013e-06
PGSA161_FWD_393126.8.peg.1472-MONOMER_mod_mg2(1),0.0,6.22309407286507e-36
PGSA180_REV_393126.8.peg.1472-MONOMER_mod_mg2(1),0.0,-2.587332457580013e-06
PGSA180_FWD_393126.8.peg.1472-MONOMER_mod_mg2(1),0.005215290723100369,1.6184665435540265e-35
PGSA181_REV_393126.8.peg.1472-MONOMER_mod_mg2(1),0.0,-2.587332457580013e-06
PGSA181_FWD_393126.8.peg.1472-MONOMER_mod_mg2(1),0.0,6.22309407286507e-36
PGSAAI15_REV_393126.8.peg.1472-MONOMER_mod_mg2(1),0.0,-2.587332457580013e-06
PGSAAI15_FWD_393126.8.peg.1472-MONOMER_mod_mg2(1),0.0,-2.3661620015160519e-35
PGSAAI17_REV_393126.8.peg.1472-MONOMER_mod_mg2(1),0.0,-2.587332457580013e-06
PGSAAI17_FWD_393126.8.peg.1472-MONOMER_mod_mg2(1),0.005215290723100369,1.6184665435540265e-35
PGSAI14_REV_393126.8.peg.1472-MONOMER_mod_mg2(1),0.0,-2.587332457580013e-06
PGSAI14_FWD_393126.8.peg.1472-MONOMER_mod_mg2(1),0.0,6.22309407286507e-36
PGSAI15_REV_393126.8.peg.1472-MONOMER_mod_mg2(1),0.0,-2.587332457580013e-06
PGSAI15_FWD_393126.8.peg.1472-MONOMER_mod_mg2(1),0.0,-2.3661620015160519e-35
PGSAI16_REV_393126.8.peg.1472-MONOMER_mod_mg2(1),0.0,-2.587332457580013e-06
PGSAI16_FWD_393126.8.peg.1472-MONOMER_mod_mg2(1),0.0,6.22309407286507e-36
PGSAI17_REV_393126.8.peg.1472-MONOMER_mod_mg2(1),0.0,-2.587332457580013e-06
PGSAI17_FWD_393126.8.peg.1472-MONOMER_mod_mg2(1),0.005215290723100369,5.603095088624105e-35
PHETA1_REV_CPLX_dummy,0.0,-1.7303138578205756e-06
PHETA1_FWD_CPLX_dummy,0.0,4.99651313324985e-36
PHEt2r_REV_CPLX_dummy,0.0,-1.7303138578205756e-06
PHEt2r_FWD_CPLX_dummy,0.037144353649420966,-1.2963978854567096e-38
PHYQS_REV_393126.8.peg.652-MONOMER,0.0,-1.2387059970680296e-06
PHYQS_FWD_393126.8.peg.652-MONOMER,0.0,-4.160877252160537e-07
PHYQS_REV_393126.8.peg.2016-MONOMER,0.0,-8.354700105054068e-07
PHYQS_FWD_393126.8.peg.2016-MONOMER,0.0,-1.2851738653430942e-08
PHYQS_REV_393126.8.peg.1384-MONOMER,0.0,-8.226182718519759e-07
PHYQS_FWD_393126.8.peg.1384-MONOMER,0.0,2.797896744226903e-35
PIabc_REV_CPLX_PIabc-1,0.0,0.010278005947921309
PIabc_FWD_CPLX_PIabc-1,0.0,-0.010278096051102968
PIabc_REV_CPLX_PIabc-0,0.0,0.010278034279651458
PIabc_FWD_CPLX_PIabc-0,0.0,-0.010278067719372817
PIt6b_REV_393126.8.peg.414-MONOMER,0.0,-4.557214995897915e-06
PIt6b_FWD_393126.8.peg.414-MONOMER,0.0,-2.45637592082401e-07
PIt6b_REV_393126.8.peg.2339-MONOMER,0.0,-4.311577403815514e-06
PIt6b_FWD_393126.8.peg.2339-MONOMER,0.22573632592720966,1.078385878706863e-37
PIt7ir_REV_393126.8.peg.848-MONOMER,0.0,0.006849045714266241
PIt7ir_FWD_393126.8.peg.848-MONOMER,0.0,-0.006847888495436999
PLPS_REV_393126.8.peg.2189-MONOMER,0.0,-1.8159830723847595e-06
PLPS_FWD_393126.8.peg.2189-MONOMER,0.0,-2.8767619931146695e-07
PLPS_REV_393126.8.peg.2190-MONOMER,0.0,-1.5283068730732926e-06
PLPS_FWD_393126.8.peg.2190-MONOMER,0.0016074674944966606,6.914169383171591e-35
PMANM_REV_393126.8.peg.2562-MONOMER_mod_mg2(1),0.0,-2.082813583371832e-06
PMANM_FWD_393126.8.peg.2562-MONOMER_mod_mg2(1),0.0,3.72775360330059e-38
PMEVKc_REV_393126.8.peg.13-MONOMER,0.0,-9.745897363423153e-08
PMEVKc_FWD_393126.8.peg.13-MONOMER,0.0,-1.4110691486081234e-36
PMTCOATA_REV_393126.8.peg.1894-MONOMER,0.0,-1.8901353248841922e-06
PMTCOATA_FWD_393126.8.peg.1894-MONOMER,0.0,-1.7161118697161794e-06
PNP_REV_393126.8.peg.2039-MONOMER,0.0,4.447388024542448e-36
PNP_FWD_393126.8.peg.2039-MONOMER,0.0,-2.9275747669855727e-06
PNP_REV_393126.8.peg.1942-MONOMER,0.0,-2.0048503018027962e-07
PNP_FWD_393126.8.peg.1942-MONOMER,0.0,-3.1280597971658524e-06
PNTK_REV_393126.8.peg.948-MONOMER_mod_mg2(1),0.0,-2.725462411194226e-08
PNTK_FWD_393126.8.peg.948-MONOMER_mod_mg2(1),0.0016077448665944136,1.6560026662746193e-35
PNTK_REV_393126.8.peg.223-MONOMER,0.0,-1.0348395978492733e-06
PNTK_FWD_393126.8.peg.223-MONOMER,0.0,-1.007584973737331e-06
POR4_REV_393126.8.peg.851-MONOMER_mod_thmpp(1),0.0,2.6051299470856095e-35
POR4_FWD_393126.8.peg.851-MONOMER_mod_thmpp(1),0.0,-4.053853439153182e-06
POX_REV_393126.8.peg.743-MONOMER_mod_mg2(1)_mod_thmpp(1)_mod_fad(1),0.0,0.02055496180434236
POX_FWD_393126.8.peg.743-MONOMER_mod_mg2(1)_mod_thmpp(1)_mod_fad(1),0.0,-0.02055966793998268
PPA_REV_393126.8.peg.1526-MONOMER,0.0,-1.7793500469127923e-06
PPA_FWD_393126.8.peg.1526-MONOMER,1.4837522405580459,2.088029448059172e-36
PPAKr_REV_393126.8.peg.1180-MONOMER,0.0,-1.925376860905518e-06
PPAKr_FWD_393126.8.peg.1180-MONOMER,0.0,-2.3248089336277202e-07
PPAKr_REV_393126.8.peg.1661-MONOMER,0.0,-1.692895967542746e-06
PPAKr_FWD_393126.8.peg.1661-MONOMER,0.0,-9.910508991696893e-36
PPBNGS_REV_393126.8.peg.1634-MONOMER_mod_zn2(1),0.0,-2.3010637549174607e-06
PPBNGS_FWD_393126.8.peg.1634-MONOMER_mod_zn2(1),0.006429464934487,-8.276037501514772e-36
PPCDC_REV_393126.8.peg.1911-MONOMER_mod_fmn(1),0.0,-4.988595706953538e-06
PPCDC_FWD_393126.8.peg.1911-MONOMER_mod_fmn(1),0.0016077448665944136,-1.0743995618481355e-35
PPCDC_REV_393126.8.peg.1911-MONOMER_mod_mg2(1),0.0,-5.013348520419563e-06
PPCDC_FWD_393126.8.peg.1911-MONOMER_mod_mg2(1),0.0,-2.4752813466024855e-08
PPDK_REV_393126.8.peg.1953-MONOMER,0.0,0.013709286811146052
PPDK_FWD_393126.8.peg.1953-MONOMER,0.0,-0.013711550026117786
PPIt2e_REV_393126.8.peg.414-MONOMER,0.0,-4.557214995897915e-06
PPIt2e_FWD_393126.8.peg.414-MONOMER,0.0,-2.45637592082401e-07
PPIt2e_REV_393126.8.peg.2339-MONOMER,0.0,-4.311577403815514e-06
PPIt2e_FWD_393126.8.peg.2339-MONOMER,0.0,5.472480050049082e-38
PPM_REV_393126.8.peg.2040-MONOMER_mod_mn2(1),0.0427699765532862,1.4416325336242716e-36
PPM_FWD_393126.8.peg.2040-MONOMER_mod_mn2(1),0.0,-1.5396539253555394e-06
PPNCL3_REV_393126.8.peg.1911-MONOMER_mod_fmn(1),0.0,-4.988595706953538e-06
PPNCL3_FWD_393126.8.peg.1911-MONOMER_mod_fmn(1),0.0016077448665944136,7.897676780016703e-35
PPNCL3_REV_393126.8.peg.1911-MONOMER_mod_mg2(1),0.0,-5.013348520419563e-06
PPNCL3_FWD_393126.8.peg.1911-MONOMER_mod_mg2(1),0.0,-2.4752813466024855e-08
PPND_REV_393126.8.peg.2009-MONOMER,0.0,0.10275449269193723
PPND_FWD_393126.8.peg.2009-MONOMER,0.0,-0.10275371161935956
PPND2_REV_393126.8.peg.2009-MONOMER,0.0,0.10275389917143145
PPND2_FWD_393126.8.peg.2009-MONOMER,0.0,-0.10275311809885378
PPNDH_REV_393126.8.peg.1616-MONOMER,0.0,0.09589926059355428
PPNDH_FWD_393126.8.peg.1616-MONOMER,0.0,-0.09589817660775889
PPPGO3_REV_CPLX_dummy,0.0,-1.7303138578205756e-06
PPPGO3_FWD_CPLX_dummy,0.0,9.089785958085771e-37
PPPH_REV_393126.8.peg.909-MONOMER,0.0,0.06174707438127407
PPPH_FWD_393126.8.peg.909-MONOMER,0.0,-0.06174635771282599
PPTT_REV_393126.8.peg.2736-MONOMER,0.0,-1.621688611171978e-06
PPTT_FWD_393126.8.peg.2736-MONOMER,0.0,-1.2369809745796621e-06
PPTT_REV_393126.8.peg.2737-MONOMER_mod_mg2(1),0.0,-7.134481327183031e-07
PPTT_FWD_393126.8.peg.2737-MONOMER_mod_mg2(1),0.0,-3.287404961259874e-07
PPTT_REV_393126.8.peg.2017-MONOMER,0.0,-3.8470763659231575e-07
PPTT_FWD_393126.8.peg.2017-MONOMER,0.0032147324672435,-1.584086950509344e-35
PPTT_REV_393126.8.peg.2015-MONOMER,0.0,-8.256914573196881e-07
PPTT_FWD_393126.8.peg.2015-MONOMER,0.0,-4.4098382072737245e-07
PRAGS_REV_393126.8.peg.1849-MONOMER_mod_mg2(1),0.0,0.10276202150480532
PRAGS_FWD_393126.8.peg.1849-MONOMER_mod_mg2(1),0.0,-0.10276093665966997
PRAI_REV_393126.4.peg.552-MONOMER,0.0,-1.7969643232406742e-06
PRAI_FWD_393126.4.peg.552-MONOMER,0.004436240250273786,1.109304599428553e-35
PRAIS_REV_393126.8.peg.1852-MONOMER_mod_k(1)_mod_mg2(1),0.0,4.605073126621851e-07
PRAIS_FWD_393126.8.peg.1852-MONOMER_mod_k(1)_mod_mg2(1),0.0,-7.285684913601024e-36
PRAMPC_REV_CPLX_PRAMPC-0,0.0,-4.4789295902905986e-07
PRAMPC_FWD_CPLX_PRAMPC-0,0.0,-4.20964423628754e-35
PRASCSi_REV_393126.8.peg.1857-MONOMER,0.0,2.285866550739183e-06
PRASCSi_FWD_393126.8.peg.1857-MONOMER,0.0,-2.5592380308496294e-35
PRATPP_REV_CPLX_PRAMPC-0,0.0,-4.4789295902905986e-07
PRATPP_FWD_CPLX_PRAMPC-0,0.0,2.0120873587192166e-35
PRFGS_REV_393126.8.peg.1854-MONOMER_mod_mg2(1),0.0,-1.035382517919458e-06
PRFGS_FWD_393126.8.peg.1854-MONOMER_mod_mg2(1),0.0,-2.2567043552848146e-06
PRFGS_REV_CPLX_PRFGS-0,0.0,1.2213218373653566e-06
PRFGS_FWD_CPLX_PRFGS-0,0.0,5.023171359335706e-35
PRMICI_REV_393126.8.peg.578-MONOMER,0.0,-2.172734121625711e-06
PRMICI_FWD_393126.8.peg.578-MONOMER,0.0,1.8043363971864348e-35
PRO1x_REV_393126.8.peg.1463-MONOMER,0.0,5.935205057844096e-07
PRO1x_FWD_393126.8.peg.1463-MONOMER,0.0,-2.7728899721534567e-06
PRO1x_REV_393126.8.peg.405-MONOMER,0.0,-8.444061199867911e-07
PRO1x_FWD_393126.8.peg.405-MONOMER,0.0,-4.210816597924658e-06
PROt2r_REV_CPLX_dummy,0.0,-1.7303138578205756e-06
PROt2r_FWD_CPLX_dummy,0.028600605563130817,2.4619074146305043e-37
PRPPS_REV_393126.8.peg.201-MONOMER_mod_mn2(1)_mod_pi(1),0.0,-1.450550945990071e-06
PRPPS_FWD_393126.8.peg.201-MONOMER_mod_mn2(1)_mod_pi(1),0.0,-1.377259047130138e-07
PRPPS_REV_393126.8.peg.522-MONOMER,0.0,-1.3128250412770571e-06
PRPPS_FWD_393126.8.peg.522-MONOMER,0.05727332518374758,-2.2019619904021477e-35
PRPPS_REV_393126.8.peg.201-MONOMER_mod_mg2(1)_mod_pi(1),0.0,-1.4618778998088996e-06
PRPPS_FWD_393126.8.peg.201-MONOMER_mod_mg2(1)_mod_pi(1),0.0,-1.4905285853184266e-07
PSCVT_REV_393126.8.peg.2008-MONOMER,0.0,-2.5958041325884223e-06
PSCVT_FWD_393126.8.peg.2008-MONOMER,0.012473071418382536,1.0150595612413931e-33
PSD120_REV_CPLX_dummy,0.0,-1.7303138578205756e-06
PSD120_FWD_CPLX_dummy,0.0,1.841228318012677e-38
PSD140_REV_CPLX_dummy,0.0,-1.7303138578205756e-06
PSD140_FWD_CPLX_dummy,0.0,1.841228318012677e-38
PSD160_REV_CPLX_dummy,0.0,-1.7303138578205756e-06
PSD160_FWD_CPLX_dummy,0.0,1.841228318012677e-38
PSD180_REV_CPLX_dummy,0.0,-1.7303138578205756e-06
PSD180_FWD_CPLX_dummy,0.0017384302410334562,-6.29921803353604e-36
PSDAI17_REV_CPLX_dummy,0.0,-1.7303138578205756e-06
PSDAI17_FWD_CPLX_dummy,0.0017384302410334562,-9.474604246756239e-35
PSDI17_REV_CPLX_dummy,0.0,-1.7303138578205756e-06
PSDI17_FWD_CPLX_dummy,0.0017384302410334562,6.336042599896294e-36
PSERT_REV_393126.8.peg.2935-MONOMER_mod_pydx5p(1),0.0,-2.8156926378637e-06
PSERT_FWD_393126.8.peg.2935-MONOMER_mod_pydx5p(1),0.0,1.0854446715785026e-35
PSP_D_REV_393126.8.peg.921-MONOMER,0.0,-6.42088403495523e-07
PSP_D_FWD_393126.8.peg.921-MONOMER,0.0,-8.76887550493435e-37
PSP_L_REV_393126.8.peg.921-MONOMER,0.0,0.013703196276391438
PSP_L_FWD_393126.8.peg.921-MONOMER,0.0,-0.013703838364794933
PSSA120_REV_CPLX_dummy,0.0,0.07535585982397805
PSSA120_FWD_CPLX_dummy,0.0,-0.07535759013783587
PSSA140_REV_CPLX_dummy,0.0,0.11647587072031977
PSSA140_FWD_CPLX_dummy,0.0,-0.11647760103417759
PSSA160_REV_CPLX_dummy,0.0,0.08906391331479324
PSSA160_FWD_CPLX_dummy,0.0,-0.08906564362865106
PSSA180_REV_CPLX_dummy,0.0,-1.7303138578205756e-06
PSSA180_FWD_CPLX_dummy,0.0017384302410334562,-3.7368241325084943e-35
PSSAAI17_REV_CPLX_dummy,0.0,-1.7303138578205756e-06
PSSAAI17_FWD_CPLX_dummy,0.0017384302410334562,-1.168689088766448e-34
PSSAI17_REV_CPLX_dummy,0.0,-1.7303138578205756e-06
PSSAI17_FWD_CPLX_dummy,0.0017384302410334562,-1.168689088766448e-34
PTA2_REV_393126.8.peg.2191-MONOMER,0.0,-3.3827150012680935e-06
PTA2_FWD_393126.8.peg.2191-MONOMER,0.0,3.465598418945227e-35
PTAr_REV_393126.8.peg.2191-MONOMER,0.0,-3.3827150012680935e-06
PTAr_FWD_393126.8.peg.2191-MONOMER,6.655620675679679,2.73384468456717e-35
PTPAT_REV_393126.8.peg.2138-MONOMER_mod_mg2(1),0.0,-1.237454473933354e-06
PTPAT_FWD_393126.8.peg.2138-MONOMER_mod_mg2(1),0.00160736623362175,2.1799112692917713e-35
PTRCabc_REV_CPLX_PTRCabc-0,0.0,0.013713308410178515
PTRCabc_FWD_CPLX_PTRCabc-0,0.0,-0.013714892430344263
PUNP1_REV_393126.8.peg.2039-MONOMER,0.0,-2.9275747669855727e-06
PUNP1_FWD_393126.8.peg.2039-MONOMER,0.0,-6.721233500169188e-37
PUNP1_REV_393126.8.peg.1942-MONOMER,0.0,-3.1280597971658524e-06
PUNP1_FWD_393126.8.peg.1942-MONOMER,0.0,-2.0048503018027962e-07
PUNP2_REV_393126.8.peg.2039-MONOMER,0.00496313430695593,-1.197007628085222e-34
PUNP2_FWD_393126.8.peg.2039-MONOMER,0.0,-2.9275747669855727e-06
PUNP2_REV_393126.8.peg.1942-MONOMER,0.0,-2.0048503018027962e-07
PUNP2_FWD_393126.8.peg.1942-MONOMER,0.0,-3.1280597971658524e-06
PUNP3_REV_393126.8.peg.2039-MONOMER,0.0,-2.9275747669855727e-06
PUNP3_FWD_393126.8.peg.2039-MONOMER,0.0,4.447388024542448e-36
PUNP3_REV_393126.8.peg.1942-MONOMER,0.0,-3.1280597971658524e-06
PUNP3_FWD_393126.8.peg.1942-MONOMER,0.0,-2.0048503018027962e-07
PUNP4_REV_393126.8.peg.2039-MONOMER,0.0,-1.731053531733486e-35
PUNP4_FWD_393126.8.peg.2039-MONOMER,0.0,-2.9275747669855727e-06
PUNP4_REV_393126.8.peg.1942-MONOMER,0.0,-2.0048503018027962e-07
PUNP4_FWD_393126.8.peg.1942-MONOMER,0.0,-3.1280597971658524e-06
PUNP5_REV_393126.8.peg.2039-MONOMER,0.0,-2.9275747669855727e-06
PUNP5_FWD_393126.8.peg.2039-MONOMER,0.0,-5.791634724576285e-36
PUNP5_REV_393126.8.peg.1942-MONOMER,0.0,-3.1280597971658524e-06
PUNP5_FWD_393126.8.peg.1942-MONOMER,0.0,-2.0048503018027962e-07
PUNP6_REV_393126.8.peg.2039-MONOMER,0.0,-4.511756880936444e-36
PUNP6_FWD_393126.8.peg.2039-MONOMER,0.0,-2.9275747669855727e-06
PUNP6_REV_393126.8.peg.1942-MONOMER,0.0,-2.0048503018027962e-07
PUNP6_FWD_393126.8.peg.1942-MONOMER,0.0,-3.1280597971658524e-06
PUNP7_REV_393126.8.peg.2039-MONOMER,0.0,4.447388024542448e-36
PUNP7_FWD_393126.8.peg.2039-MONOMER,0.0,-2.9275747669855727e-06
PUNP7_REV_393126.8.peg.1942-MONOMER,0.0,-2.0048503018027962e-07
PUNP7_FWD_393126.8.peg.1942-MONOMER,0.0,-3.1280597971658524e-06
PYK_REV_393126.8.peg.1650-MONOMER_mod_mn2(1)_mod_k(1),0.0,-5.1754650293889e-06
PYK_FWD_393126.8.peg.1650-MONOMER_mod_mn2(1)_mod_k(1),3.3588160090830756,-4.168247489974673e-36
PYK_REV_393126.8.peg.1650-MONOMER_mod_mg2(1)_mod_k(1),0.0,-5.178187235897104e-06
PYK_FWD_393126.8.peg.1650-MONOMER_mod_mg2(1)_mod_k(1),0.0,-2.722206508204163e-09
PYNP1r_REV_393126.8.peg.2079-MONOMER,0.0,-4.300177638511775e-06
PYNP1r_FWD_393126.8.peg.2079-MONOMER,0.0427699765532862,-1.7484519309553074e-34
PYNP2r_REV_393126.8.peg.2079-MONOMER,0.0,5.1014708833988685e-36
PYNP2r_FWD_393126.8.peg.2079-MONOMER,0.0,-4.300177638511775e-06
Q8abc_REV_CPLX_dummy,0.0,-1.7303138578205756e-06
Q8abc_FWD_CPLX_dummy,0.0,-4.072400273396612e-36
QULNS_REV_393126.8.peg.2112-MONOMER_mod_4fe4s(1),0.0,1.175916226993233e-06
QULNS_FWD_393126.8.peg.2112-MONOMER_mod_4fe4s(1),0.0,-2.163826215940516e-36
R05224_REV_393126.8.peg.1204-MONOMER,0.0,1.232608827820531e-06
R05224_FWD_393126.8.peg.1204-MONOMER,0.0,4.435464478402836e-35
RB5PE_REV_393126.8.peg.1904-MONOMER,0.0,-8.333623783710484e-07
RB5PE_FWD_393126.8.peg.1904-MONOMER,0.0,-3.345105005169891e-07
RB5PE_REV_393126.8.peg.518-MONOMER,0.0,-7.036220422723995e-07
RB5PE_FWD_393126.8.peg.518-MONOMER,0.0,-2.0477016441834014e-07
RB5PE_REV_393126.8.peg.512-MONOMER,0.0,-4.988518778540593e-07
RB5PE_FWD_393126.8.peg.512-MONOMER,0.0,0.0
RB5PE_REV_393126.8.peg.2755-MONOMER,0.0,-1.40266746582169e-06
RB5PE_FWD_393126.8.peg.2755-MONOMER,0.0,-9.038155879676306e-07
RBFK_REV_393126.8.peg.749-MONOMER,0.0,-1.29384462898821e-06
RBFK_FWD_393126.8.peg.749-MONOMER,0.0,-3.3170203973071756e-07
RBFK_REV_393126.8.peg.1407-MONOMER,0.0,-9.621425892574924e-07
RBFK_FWD_393126.8.peg.1407-MONOMER,0.001607427864509374,-1.5199583476621422e-35
RBFK_REV_CPLX_FMNAT-0,0.0,-1.2313093647384768e-06
RBFK_FWD_CPLX_FMNAT-0,0.0,-2.691667754809844e-07
RE1944C_REV_393126.8.peg.957-MONOMER,0.0,-1.2585923582309267e-07
RE1944C_FWD_393126.8.peg.957-MONOMER,0.0,-8.159844407725989e-07
RE1944C_REV_393126.8.peg.786-MONOMER,0.0,-1.7543987798524458e-35
RE1944C_FWD_393126.8.peg.786-MONOMER,0.0,-6.901252049495062e-07
RHCCE_REV_393126.8.peg.1363-MONOMER,0.0,-1.399063730737684e-06
RHCCE_FWD_393126.8.peg.1363-MONOMER,0.00496313430695593,1.3325121136510709e-36
RIBFLVt2r_REV_393126.8.peg.2031-MONOMER,0.0,-1.228200183424101e-06
RIBFLVt2r_FWD_393126.8.peg.2031-MONOMER,0.0032147940981311243,2.0646529522858536e-37
RMI_REV_393126.8.peg.2957-MONOMER_mod_mn2(1),0.0,-2.776333630272704e-06
RMI_FWD_393126.8.peg.2957-MONOMER_mod_mn2(1),0.14898579,-7.024741509625595e-36
RMK_REV_393126.8.peg.2958-MONOMER_mod_mg2(1),0.0,-1.9214360240897835e-06
RMK_FWD_393126.8.peg.2958-MONOMER_mod_mg2(1),0.14898579,-5.7556427648444594e-36
RMK2_REV_393126.8.peg.2958-MONOMER_mod_mg2(1),0.0,-1.661941692186535e-36
RMK2_FWD_393126.8.peg.2958-MONOMER_mod_mg2(1),0.0,-1.9214360240897835e-06
RMNt2_REV_CPLX_dummy,0.0,-1.7303138578205756e-06
RMNt2_FWD_CPLX_dummy,0.14898579,1.1239072770084497e-37
RMPA_REV_393126.8.peg.2956-MONOMER_mod_k(1)_mod_zn2(1),0.0,-3.1952273419650707e-06
RMPA_FWD_393126.8.peg.2956-MONOMER_mod_k(1)_mod_zn2(1),0.14898579,7.810676426088884e-36
RNDR1_REV_393126.8.peg.2243-MONOMER,0.0,-2.306288319225539e-06
RNDR1_FWD_393126.8.peg.2243-MONOMER,0.0,-4.83282487294415e-07
RNDR1_REV_393126.8.peg.2242-MONOMER,0.0,-1.823005831931124e-06
RNDR1_FWD_393126.8.peg.2242-MONOMER,0.006963664888294636,6.611037462317121e-35
RNDR2_REV_393126.8.peg.2243-MONOMER,0.0,-2.306288319225539e-06
RNDR2_FWD_393126.8.peg.2243-MONOMER,0.0,-4.83282487294415e-07
RNDR2_REV_393126.8.peg.2242-MONOMER,0.0,-1.823005831931124e-06
RNDR2_FWD_393126.8.peg.2242-MONOMER,0.00736578015419262,1.8719051841957185e-35
RNDR3_REV_393126.8.peg.2243-MONOMER,0.0,-2.306288319225539e-06
RNDR3_FWD_393126.8.peg.2243-MONOMER,0.0,-4.83282487294415e-07
RNDR3_REV_393126.8.peg.2242-MONOMER,0.0,-1.823005831931124e-06
RNDR3_FWD_393126.8.peg.2242-MONOMER,0.019292579349443187,1.8719051841957185e-35
RNDR4_REV_393126.8.peg.2243-MONOMER,0.0,6.812714677378501e-07
RNDR4_FWD_393126.8.peg.2243-MONOMER,0.0,-3.470842274257804e-06
RNDR4_REV_393126.8.peg.2242-MONOMER,0.0,1.1645539550322652e-06
RNDR4_FWD_393126.8.peg.2242-MONOMER,0.0,-2.987559786963389e-06
RNTR1_REV_393126.8.peg.283-MONOMER,0.0,-2.0759340937849816e-06
RNTR1_FWD_393126.8.peg.283-MONOMER,0.0,-2.5292826185385757e-07
RNTR2_REV_393126.8.peg.283-MONOMER,0.0,-2.0759340937849816e-06
RNTR2_FWD_393126.8.peg.283-MONOMER,0.0,-2.5292826185385757e-07
RNTR3_REV_393126.8.peg.283-MONOMER,0.0,-2.0759340937849816e-06
RNTR3_FWD_393126.8.peg.283-MONOMER,0.0,-2.5292826185385757e-07
RNTR4_REV_393126.8.peg.283-MONOMER,0.0,1.5911811684399438e-06
RNTR4_FWD_393126.8.peg.283-MONOMER,0.0,-3.920043524078783e-06
RPE_REV_393126.8.peg.1904-MONOMER,0.0,-3.345105005169891e-07
RPE_FWD_393126.8.peg.1904-MONOMER,0.0,-8.333623783710484e-07
RPE_REV_393126.8.peg.512-MONOMER,0.07192486996048114,1.7841557700575183e-36
RPE_FWD_393126.8.peg.512-MONOMER,0.0,-4.988518778540593e-07
RPE_REV_393126.8.peg.2757-MONOMER,0.0,-2.384565030079961e-08
RPE_FWD_393126.8.peg.2757-MONOMER,0.0,-5.226975281548589e-07
RPE_REV_393126.8.peg.2755-MONOMER,0.0,-9.038155879676306e-07
RPE_FWD_393126.8.peg.2755-MONOMER,0.0,-1.40266746582169e-06
RPE_REV_393126.8.peg.518-MONOMER,0.0,-2.0477016441834014e-07
RPE_FWD_393126.8.peg.518-MONOMER,0.0,-7.036220422723995e-07
RPI_REV_393126.8.peg.351-MONOMER,0.07031740246598447,2.783991066944231e-35
RPI_FWD_393126.8.peg.351-MONOMER,0.0,-1.2510109421703079e-06
RPI_REV_393126.8.peg.1004-MONOMER,0.0,-6.856561148422427e-07
RPI_FWD_393126.8.peg.1004-MONOMER,0.0,-1.9366670570125508e-06
RPI_REV_393126.8.peg.2758-MONOMER,0.0,-1.4121502887491394e-07
RPI_FWD_393126.8.peg.2758-MONOMER,0.0,-1.3922259710452219e-06
RPI_REV_393126.8.peg.511-MONOMER,0.0,-1.0353125803129233e-07
RPI_FWD_393126.8.peg.511-MONOMER,0.0,-1.3545422002016003e-06
RPI_REV_393126.8.peg.758-MONOMER,0.0,-4.103182456932315e-07
RPI_FWD_393126.8.peg.758-MONOMER,0.0,-1.6613291878635393e-06
RPI_REV_393126.8.peg.2770-MONOMER,0.0,-4.209975155552022e-07
RPI_FWD_393126.8.peg.2770-MONOMER,0.0,-1.67200845772551e-06
RZ5PP_REV_393126.8.peg.1161-MONOMER,0.0,1.483591859344053e-06
RZ5PP_FWD_393126.8.peg.1161-MONOMER,0.0,1.2207662647552534e-36
SALCpts_REV_CPLX_ARBTpts-3,0.0,0.017131331314170103
SALCpts_FWD_CPLX_ARBTpts-3,0.0,-0.017132065841342966
SALCpts_REV_CPLX_ARBTpts-22,0.0,0.01713123062091943
SALCpts_FWD_CPLX_ARBTpts-22,0.0,-0.017132166534593637
SALCpts_REV_CPLX_ARBTpts-15,0.0,0.017131348045418788
SALCpts_FWD_CPLX_ARBTpts-15,0.0,-0.017132049110094277
SALCpts_REV_CPLX_ARBTpts-18,0.0,0.017131239781045204
SALCpts_FWD_CPLX_ARBTpts-18,0.0,-0.01713215737446786
SALCpts_REV_CPLX_ARBTpts-2,0.0,0.017131127721008544
SALCpts_FWD_CPLX_ARBTpts-2,0.0,-0.01713226943450452
SALCpts_REV_CPLX_ARBTpts-19,0.0,0.017131444984635837
SALCpts_FWD_CPLX_ARBTpts-19,0.0,-0.017131952170877228
SALCpts_REV_CPLX_ARBTpts-7,0.0,0.017131226240243224
SALCpts_FWD_CPLX_ARBTpts-7,0.0,-0.01713217091526984
SALCpts_REV_CPLX_ARBTpts-17,0.0,0.017131210980729488
SALCpts_FWD_CPLX_ARBTpts-17,0.0,-0.017132186174783577
SALCpts_REV_CPLX_ARBTpts-13,0.0,0.017131553716779584
SALCpts_FWD_CPLX_ARBTpts-13,0.0,-0.01713184343873348
SALCpts_REV_CPLX_ARBTpts-14,0.0,0.017131100077718488
SALCpts_FWD_CPLX_ARBTpts-14,0.0,-0.017132297077794578
SALCpts_REV_CPLX_ARBTpts-6,0.0,0.01713132205461565
SALCpts_FWD_CPLX_ARBTpts-6,0.0,-0.017132075100897416
SALCpts_REV_CPLX_ARBTpts-10,0.0,0.01713144503099856
SALCpts_FWD_CPLX_ARBTpts-10,0.0,-0.017131952124514505
SALCpts_REV_CPLX_ARBTpts-1,0.0,0.017131339105392187
SALCpts_FWD_CPLX_ARBTpts-1,0.0,-0.017132058050120882
SALCpts_REV_CPLX_ARBTpts-23,0.0,0.01713119671978423
SALCpts_FWD_CPLX_ARBTpts-23,0.0,-0.017132200435728835
SALCpts_REV_CPLX_ARBTpts-12,0.0,0.017131355181266964
SALCpts_FWD_CPLX_ARBTpts-12,0.0,-0.0171320419742461
SALCpts_REV_CPLX_ARBTpts-16,0.0,0.01713136010582053
SALCpts_FWD_CPLX_ARBTpts-16,0.0,-0.017132037049692534
SALCpts_REV_CPLX_ARBTpts-0,0.0,0.01713105732330734
SALCpts_FWD_CPLX_ARBTpts-0,0.0,-0.017132339832205728
SALCpts_REV_CPLX_ARBTpts-5,0.0,0.017131494131258047
SALCpts_FWD_CPLX_ARBTpts-5,0.0,-0.017131903024255022
SALCpts_REV_CPLX_ARBTpts-4,0.0,0.017131328095759884
SALCpts_FWD_CPLX_ARBTpts-4,0.0,-0.01713206905975318
SALCpts_REV_CPLX_ARBTpts-8,0.0,0.01713145091121012
SALCpts_FWD_CPLX_ARBTpts-8,0.0,-0.017131946244302948
SALCpts_REV_CPLX_ARBTpts-9,0.0,0.017131247946129975
SALCpts_FWD_CPLX_ARBTpts-9,0.0,-0.017132149209383093
SALCpts_REV_CPLX_ARBTpts-21,0.0,0.017130924222954355
SALCpts_FWD_CPLX_ARBTpts-21,0.0,-0.01713247293255871
SALCpts_REV_CPLX_ARBTpts-20,0.0,0.017131412806908407
SALCpts_FWD_CPLX_ARBTpts-20,0.0,-0.017131984348604662
SALCpts_REV_CPLX_ARBTpts-11,0.0,0.017131370076808414
SALCpts_FWD_CPLX_ARBTpts-11,0.0,-0.01713202707870465
SBTPD_REV_393126.8.peg.559-MONOMER,0.0,-2.9516976522904552e-06
SBTPD_FWD_393126.8.peg.559-MONOMER,0.0,-4.3725254496919825e-35
SBTpts_REV_CPLX_SBTpts-0,0.0,-4.497974194526181e-07
SBTpts_FWD_CPLX_SBTpts-0,0.0,6.642946061163899e-36
SEPHCHS_REV_393126.8.peg.1758-MONOMER_mod_mg2(1)_mod_mn2(1)_mod_thmpp(1),0.0,-3.1236049292539515e-06
SEPHCHS_FWD_393126.8.peg.1758-MONOMER_mod_mg2(1)_mod_mn2(1)_mod_thmpp(1),0.0032147324672435,-5.915955684217313e-35
SERATi_REV_393126.8.peg.242-MONOMER,0.0,-4.023553344692927e-06
SERATi_FWD_393126.8.peg.242-MONOMER,0.0,-5.496679398840451e-07
SERATi_REV_393126.8.peg.1040-MONOMER,0.0,-3.4738854048088825e-06
SERATi_FWD_393126.8.peg.1040-MONOMER,0.00496313430695593,-2.0172232420296958e-35
SERt2r_REV_393126.8.peg.809-MONOMER,0.0,-3.7446951823309176e-06
SERt2r_FWD_393126.8.peg.809-MONOMER,1.0,9.289468367760137e-36
SGAT_REV_CPLX_G3PAT120-1,0.0,-1.8419553677408397e-06
SGAT_FWD_CPLX_G3PAT120-1,0.0,5.249070019418306e-36
SGAT_REV_CPLX_G3PAT120-0,0.0,-2.363324789392151e-06
SGAT_FWD_CPLX_G3PAT120-0,0.0,-5.213694216513113e-07
SHCHCC2_REV_393126.8.peg.1215-MONOMER,0.0,2.3134858571153856e-06
SHCHCC2_FWD_393126.8.peg.1215-MONOMER,0.0,5.111212019624823e-35
SHCHCS3_REV_CPLX_dummy,0.0,-1.7303138578205756e-06
SHCHCS3_FWD_CPLX_dummy,0.0032147324672435,-1.0085069562765094e-35
SHCHD2_REV_393126.8.peg.1214-MONOMER,0.0,-1.64413021941727e-06
SHCHD2_FWD_393126.8.peg.1214-MONOMER,0.0,-7.828517439579503e-07
SHCHD2_REV_393126.8.peg.1153-MONOMER,0.0,-8.612784754593196e-07
SHCHD2_FWD_393126.8.peg.1153-MONOMER,0.00160736623362175,4.35627673908016e-35
SHCHF_REV_CPLX_dummy,0.0,-1.7303138578205756e-06
SHCHF_FWD_CPLX_dummy,0.00160736623362175,3.392441039843515e-35
SHK3Dr_REV_393126.8.peg.503-MONOMER,0.0,-2.3554273744119883e-06
SHK3Dr_FWD_393126.8.peg.503-MONOMER,0.0,-1.1555061503563848e-07
SHK3Dr_REV_393126.8.peg.2325-MONOMER,0.0,-2.2781606278377483e-06
SHK3Dr_FWD_393126.8.peg.2325-MONOMER,0.0,-3.828386846139833e-08
SHK3Dr_REV_393126.8.peg.1569-MONOMER,0.0,-2.23987675937635e-06
SHK3Dr_FWD_393126.8.peg.1569-MONOMER,0.012473071418382536,-5.899578774894287e-35
SHKK_REV_393126.8.peg.1834-MONOMER_mod_mg2(1),0.0,-5.163024019868694e-07
SHKK_FWD_393126.8.peg.1834-MONOMER_mod_mg2(1),0.0,-2.6066181678103586e-08
SHKK_REV_393126.8.peg.1834-MONOMER_mod_fe2(1),0.0,-5.115946655294569e-07
SHKK_FWD_393126.8.peg.1834-MONOMER_mod_fe2(1),0.0,-2.1358445220691114e-08
SHKK_REV_393126.8.peg.1834-MONOMER_mod_ca2(1),0.0,-4.996598289454179e-07
SHKK_FWD_393126.8.peg.1834-MONOMER_mod_ca2(1),0.0,-9.423608636652058e-09
SHKK_REV_393126.8.peg.1834-MONOMER_mod_k(1),0.0,-5.05158750901067e-07
SHKK_FWD_393126.8.peg.1834-MONOMER_mod_k(1),0.0,-1.4922530592301235e-08
SHKK_REV_393126.8.peg.1834-MONOMER_mod_mn2(1),0.0,-4.980004415949438e-07
SHKK_FWD_393126.8.peg.1834-MONOMER_mod_mn2(1),0.0,-7.764221286178024e-09
SHKK_REV_393126.8.peg.1834-MONOMER_mod_cobalt2(1),0.0,-4.902362203087658e-07
SHKK_FWD_393126.8.peg.1834-MONOMER_mod_cobalt2(1),0.012473071418382536,-4.614718316319426e-36
SHSL1r_REV_393126.8.peg.1763-MONOMER,1.6990278908798713e-22,-1.9320691162685527e-36
SHSL1r_FWD_393126.8.peg.1763-MONOMER,0.0,-2.260248473618086e-06
SHSL2_REV_393126.8.peg.1763-MONOMER,0.0,2.881410232309788e-06
SHSL2_FWD_393126.8.peg.1763-MONOMER,0.0,-5.141658705927874e-06
SHSL4r_REV_393126.8.peg.1763-MONOMER,0.0,-2.260248473618086e-06
SHSL4r_FWD_393126.8.peg.1763-MONOMER,1.8300815844637806e-22,-6.0942371434457625e-37
SNCOAT_REV_393126.8.peg.2260-MONOMER,0.0,4.024088587805157e-38
SNCOAT_FWD_393126.8.peg.2260-MONOMER,0.0,-3.341380032603342e-06
SO4t2_REV_393126.8.peg.922-MONOMER,0.0,-3.1469873155422937e-06
SO4t2_FWD_393126.8.peg.922-MONOMER,0.0,4.8249194033214546e-37
SO4t2_REV_393126.8.peg.537-MONOMER,0.0,-3.231994883790683e-06
SO4t2_FWD_393126.8.peg.537-MONOMER,0.0,-8.500756824838958e-08
SPMDAT1_REV_393126.8.peg.9-MONOMER,0.0,1.8986423199261795e-06
SPMDAT1_FWD_393126.8.peg.9-MONOMER,0.0,-1.5076646570922534e-36
SPMDAT2_REV_393126.8.peg.9-MONOMER,0.0,1.8986423199261795e-06
SPMDAT2_FWD_393126.8.peg.9-MONOMER,0.0,-1.5076646570922534e-36
SPMDabc_REV_CPLX_PTRCabc-0,0.0,-1.5840201657481012e-06
SPMDabc_FWD_CPLX_PTRCabc-0,0.00160736623362175,1.1556260759259707e-36
SPMS_REV_CPLX_dummy,0.0,-1.7303138578205756e-06
SPMS_FWD_CPLX_dummy,0.0,1.6767444299574375e-35
SPODM_REV_393126.8.peg.1517-MONOMER_mod_mn2(1),0.0,-2.6375553620078406e-07
SPODM_FWD_393126.8.peg.1517-MONOMER_mod_mn2(1),0.0,1.971923867339442e-36
STCOATA_REV_393126.8.peg.1894-MONOMER,0.0,-1.8901353248841922e-06
STCOATA_FWD_393126.8.peg.1894-MONOMER,0.0,-1.7161118697161794e-06
SUCBZL_REV_393126.8.peg.1755-MONOMER,0.0,-2.6390938006602184e-06
SUCBZL_FWD_393126.8.peg.1755-MONOMER,0.0032147324672435,5.721140665300943e-35
SUCBZS_REV_393126.8.peg.2609-MONOMER,0.0,-1.6965198557253265e-06
SUCBZS_FWD_393126.8.peg.2609-MONOMER,0.0,-6.670396290497155e-07
SUCBZS_REV_393126.8.peg.2610-MONOMER,0.0,-1.029480226675611e-06
SUCBZS_FWD_393126.8.peg.2610-MONOMER,0.0032147324672435,1.905885077035273e-35
SUCCt2r_REV_CPLX_dummy,0.0032147324672435,2.382534307139208e-37
SUCCt2r_FWD_CPLX_dummy,0.0,-1.7303138578205756e-06
SUCR_REV_393126.8.peg.186-MONOMER,0.0,1.4736621722644182e-06
SUCR_FWD_393126.8.peg.186-MONOMER,0.0,-5.845901929580924e-36
SUCpts_REV_393126.8.peg.1032-MONOMER,0.0,-2.1881923955467904e-06
SUCpts_FWD_393126.8.peg.1032-MONOMER,0.07449289,-1.6952222389186584e-36
SUDPDGT_REV_CPLX_dummy,0.0,-1.7303138578205756e-06
SUDPDGT_FWD_CPLX_dummy,0.0014625560938293604,1.2905816456310208e-35
SUDPMGT_REV_CPLX_dummy,0.0,-1.7303138578205756e-06
SUDPMGT_FWD_CPLX_dummy,0.0014625560938293604,3.2941559412330206e-35
TALA_REV_393126.8.peg.2849-MONOMER,0.0,-5.449588269489196e-07
TALA_FWD_393126.8.peg.2849-MONOMER,0.0,-1.493132194642081e-06
TALA_REV_393126.8.peg.659-MONOMER,0.0,-1.6158313672408182e-07
TALA_FWD_393126.8.peg.659-MONOMER,0.0,-1.1097565044172433e-06
TALA_REV_393126.8.peg.349-MONOMER,0.0,-8.582461529050267e-07
TALA_FWD_393126.8.peg.349-MONOMER,0.0,-1.806419520598188e-06
TALA_REV_393126.8.peg.513-MONOMER,0.0297258992710493,-2.504794099245427e-35
TALA_FWD_393126.8.peg.513-MONOMER,0.0,-9.481733676931614e-07
TCDCHOLBHSe_REV_CPLX_dummy,0.0,-1.7303138578205756e-06
TCDCHOLBHSe_FWD_CPLX_dummy,0.0,-1.141060491924908e-40
TCHOLBHSe_REV_CPLX_dummy,0.0,-1.7303138578205756e-06
TCHOLBHSe_FWD_CPLX_dummy,0.0,-1.141060491924908e-40
TDCOATA_REV_393126.8.peg.1894-MONOMER,0.0,-1.8901353248841922e-06
TDCOATA_FWD_393126.8.peg.1894-MONOMER,0.0,-1.7161118697161794e-06
TDG3PACT_REV_CPLX_G3PAT120-1,0.0,5.249070019418306e-36
TDG3PACT_FWD_CPLX_G3PAT120-1,0.0,-1.8419553677408397e-06
TDG3PACT_REV_CPLX_G3PAT120-0,0.0,-5.213694216513113e-07
TDG3PACT_FWD_CPLX_G3PAT120-0,0.0,-2.363324789392151e-06
TDPDRE_REV_393126.8.peg.1112-MONOMER,0.0,1.365128087137913e-06
TDPDRE_FWD_393126.8.peg.1112-MONOMER,0.0,1.6804984142778657e-35
TDPDRRr_REV_393126.8.peg.1114-MONOMER,0.0,-2.262421957502554e-06
TDPDRRr_FWD_393126.8.peg.1114-MONOMER,0.0,-1.6364248449195363e-34
TDPGDH_REV_393126.8.peg.1113-MONOMER_mod_nad(1),0.0,1.1476180060443493e-06
TDPGDH_FWD_393126.8.peg.1113-MONOMER_mod_nad(1),0.0,9.096470828688605e-37
TECA1S180_REV_CPLX_dummy,0.0,-1.7303138578205756e-06
TECA1S180_FWD_CPLX_dummy,0.0014625560938293604,-3.0265783400704032e-34
TECA1SAI17_REV_CPLX_dummy,0.0,-1.7303138578205756e-06
TECA1SAI17_FWD_CPLX_dummy,0.0014625560938293604,-1.57797204072862e-34
TECA1SI17_REV_CPLX_dummy,0.0,-1.7303138578205756e-06
TECA1SI17_FWD_CPLX_dummy,0.0014625560938293604,-3.0265783400704032e-34
TECA2S180_REV_CPLX_dummy,0.0,-1.7303138578205756e-06
TECA2S180_FWD_CPLX_dummy,0.0003656390234573401,2.267979464454832e-34
TECA2SAI17_REV_CPLX_dummy,0.0,-1.7303138578205756e-06
TECA2SAI17_FWD_CPLX_dummy,0.0003656390234573401,-6.883045165557207e-34
TECA2SI17_REV_CPLX_dummy,0.0,-1.7303138578205756e-06
TECA2SI17_FWD_CPLX_dummy,0.0003656390234573401,-6.883045165557207e-34
TECA3S140_REV_393126.8.peg.998-MONOMER,0.0,-1.1585743423073522e-06
TECA3S140_FWD_393126.8.peg.998-MONOMER,0.0,-2.1186090255740267e-34
TECA3S160_REV_393126.8.peg.998-MONOMER,0.0,-1.1585743423073522e-06
TECA3S160_FWD_393126.8.peg.998-MONOMER,0.0,-2.1186090255740267e-34
TECA3S180_REV_393126.8.peg.998-MONOMER,0.0,-1.1585743423073522e-06
TECA3S180_FWD_393126.8.peg.998-MONOMER,0.0003656390234573401,-2.520851671226448e-34
TECA3SAI15_REV_393126.8.peg.998-MONOMER,0.0,-1.1585743423073522e-06
TECA3SAI15_FWD_393126.8.peg.998-MONOMER,0.0,-6.101991043774463e-35
TECA3SAI17_REV_393126.8.peg.998-MONOMER,0.0,-1.1585743423073522e-06
TECA3SAI17_FWD_393126.8.peg.998-MONOMER,0.0003656390234573401,-6.101991043774463e-35
TECA3SI14_REV_393126.8.peg.998-MONOMER,0.0,-1.1585743423073522e-06
TECA3SI14_FWD_393126.8.peg.998-MONOMER,0.0,-2.1186090255740267e-34
TECA3SI15_REV_393126.8.peg.998-MONOMER,0.0,-1.1585743423073522e-06
TECA3SI15_FWD_393126.8.peg.998-MONOMER,0.0,-2.1186090255740267e-34
TECA3SI16_REV_393126.8.peg.998-MONOMER,0.0,-1.1585743423073522e-06
TECA3SI16_FWD_393126.8.peg.998-MONOMER,0.0,-2.1186090255740267e-34
TECA3SI17_REV_393126.8.peg.998-MONOMER,0.0,-1.1585743423073522e-06
TECA3SI17_FWD_393126.8.peg.998-MONOMER,0.0003656390234573401,-5.336550190793399e-34
TECA4S_REV_CPLX_dummy,0.0,-1.7303138578205756e-06
TECA4S_FWD_CPLX_dummy,0.0,3.069474444477484e-33
TECA5S140_REV_393126.8.peg.2608-MONOMER,0.0,-2.067719427376669e-06
TECA5S140_FWD_393126.8.peg.2608-MONOMER,0.0,-3.3226004878902882e-34
TECA5S140_REV_393126.8.peg.986-MONOMER_mod_mg2(1),0.0,-2.1821412811342153e-06
TECA5S140_FWD_393126.8.peg.986-MONOMER_mod_mg2(1),0.0,-1.1442185375754609e-07
TECA5S160_REV_393126.8.peg.2608-MONOMER,0.0,-2.067719427376669e-06
TECA5S160_FWD_393126.8.peg.2608-MONOMER,0.0,-3.3226004878902882e-34
TECA5S160_REV_393126.8.peg.986-MONOMER_mod_mg2(1),0.0,-2.1821412811342153e-06
TECA5S160_FWD_393126.8.peg.986-MONOMER_mod_mg2(1),0.0,-1.1442185375754609e-07
TECA5S180_REV_393126.8.peg.2608-MONOMER,0.0,-2.067719427376669e-06
TECA5S180_FWD_393126.8.peg.2608-MONOMER,0.0003656390234573401,-3.5559722649370405e-35
TECA5S180_REV_393126.8.peg.986-MONOMER_mod_mg2(1),0.0,-2.1821412811342153e-06
TECA5S180_FWD_393126.8.peg.986-MONOMER_mod_mg2(1),0.0,-1.1442185375754609e-07
TECA5SAI15_REV_393126.8.peg.2608-MONOMER,0.0,-2.067719427376669e-06
TECA5SAI15_FWD_393126.8.peg.2608-MONOMER,0.0,-3.3226004878902882e-34
TECA5SAI15_REV_393126.8.peg.986-MONOMER_mod_mg2(1),0.0,-2.1821412811342153e-06
TECA5SAI15_FWD_393126.8.peg.986-MONOMER_mod_mg2(1),0.0,-1.1442185375754609e-07
TECA5SAI17_REV_393126.8.peg.2608-MONOMER,0.0,-2.067719427376669e-06
TECA5SAI17_FWD_393126.8.peg.2608-MONOMER,0.0003656390234573401,-3.3226004878902882e-34
TECA5SAI17_REV_393126.8.peg.986-MONOMER_mod_mg2(1),0.0,-2.1821412811342153e-06
TECA5SAI17_FWD_393126.8.peg.986-MONOMER_mod_mg2(1),0.0,-1.1442185375754609e-07
TECA5SI14_REV_393126.8.peg.2608-MONOMER,0.0,-2.067719427376669e-06
TECA5SI14_FWD_393126.8.peg.2608-MONOMER,0.0,-3.3226004878902882e-34
TECA5SI14_REV_393126.8.peg.986-MONOMER_mod_mg2(1),0.0,-2.1821412811342153e-06
TECA5SI14_FWD_393126.8.peg.986-MONOMER_mod_mg2(1),0.0,-1.1442185375754609e-07
TECA5SI15_REV_393126.8.peg.2608-MONOMER,0.0,-2.067719427376669e-06
TECA5SI15_FWD_393126.8.peg.2608-MONOMER,0.0,-3.3226004878902882e-34
TECA5SI15_REV_393126.8.peg.986-MONOMER_mod_mg2(1),0.0,-2.1821412811342153e-06
TECA5SI15_FWD_393126.8.peg.986-MONOMER_mod_mg2(1),0.0,-1.1442185375754609e-07
TECA5SI16_REV_393126.8.peg.2608-MONOMER,0.0,-2.067719427376669e-06
TECA5SI16_FWD_393126.8.peg.2608-MONOMER,0.0,-3.3226004878902882e-34
TECA5SI16_REV_393126.8.peg.986-MONOMER_mod_mg2(1),0.0,-2.1821412811342153e-06
TECA5SI16_FWD_393126.8.peg.986-MONOMER_mod_mg2(1),0.0,-1.1442185375754609e-07
TECA5SI17_REV_393126.8.peg.2608-MONOMER,0.0,-2.067719427376669e-06
TECA5SI17_FWD_393126.8.peg.2608-MONOMER,0.0003656390234573401,-3.3226004878902882e-34
TECA5SI17_REV_393126.8.peg.986-MONOMER_mod_mg2(1),0.0,-2.1821412811342153e-06
TECA5SI17_FWD_393126.8.peg.986-MONOMER_mod_mg2(1),0.0,-1.1442185375754609e-07
TECAAE_REV_CPLX_TECAAE-0,0.0,-1.7386253498484563e-06
TECAAE_FWD_CPLX_TECAAE-0,0.0,-4.519730228303684e-34
TECAGE_REV_CPLX_TECAAE-0,0.0,9.57958939953191e-34
TECAGE_FWD_CPLX_TECAAE-0,0.0,-1.7386253498484563e-06
TECAUE_REV_CPLX_TECAAE-0,0.0,6.264835997455759e-34
TECAUE_FWD_CPLX_TECAAE-0,0.0,-1.7386253498484563e-06
TGBPA_REV_393126.8.peg.2223-MONOMER,0.0,1.1912380094274466e-35
TGBPA_FWD_393126.8.peg.2223-MONOMER,0.0,-1.767576975245432e-06
THIORDXi_REV_393126.8.peg.2940-MONOMER,0.0,0.021505416168781984
THIORDXi_FWD_393126.8.peg.2940-MONOMER,0.0,-0.021505072381431425
THIORDXi_REV_393126.8.peg.1247-MONOMER,0.0,0.021504261565040605
THIORDXi_FWD_393126.8.peg.1247-MONOMER,0.0,-0.021506226985172763
THMt3_REV_393126.8.peg.467-MONOMER,0.0,-5.563316417674973e-06
THMt3_FWD_393126.8.peg.467-MONOMER,0.0016073766040062968,6.737354126047646e-37
THRAi_REV_393126.8.peg.311-MONOMER_mod_pydx5p(1),0.0,-2.555169295705059e-06
THRAi_FWD_393126.8.peg.311-MONOMER_mod_pydx5p(1),0.17002905100203966,1.56425144017836e-36
THRD_L_REV_CPLX_dummy,0.0,2.6071570855057556e-06
THRD_L_FWD_CPLX_dummy,0.0,-4.337470943326331e-06
THRPD_REV_393126.8.peg.1181-MONOMER,0.0,2.3503637234037567e-06
THRPD_FWD_393126.8.peg.1181-MONOMER,0.0,-2.12876949250488e-36
THRS_REV_393126.8.peg.2638-MONOMER,0.0,-3.878747689742732e-06
THRS_FWD_393126.8.peg.2638-MONOMER,0.00496313430695593,-2.917505935493368e-35
THRt2r_REV_CPLX_dummy,0.0,-1.7303138578205756e-06
THRt2r_FWD_CPLX_dummy,0.225,-6.237013433700413e-37
THZPSN_REV_393126.8.peg.1673-MONOMER,0.0,1.3096415819144268e-06
THZPSN_FWD_393126.8.peg.1673-MONOMER,0.0,-2.2549025796176052e-35
THZPSN_REV_393126.8.peg.2109-MONOMER,0.0,1.0592609722379608e-06
THZPSN_FWD_393126.8.peg.2109-MONOMER,0.0,-2.50380609676466e-07
THZPSN_REV_393126.8.peg.1593-MONOMER_mod_pydx5p(2),0.0,1.2737928694174977e-06
THZPSN_FWD_393126.8.peg.1593-MONOMER_mod_pydx5p(2),0.0,-3.5848712496929123e-08
TKT1_REV_393126.8.peg.1381-MONOMER,0.0,-6.160132602939367e-07
TKT1_FWD_393126.8.peg.1381-MONOMER,0.0,-3.785770534255465e-06
TKT1_REV_CPLX_TKT1-0,0.0297258992710493,4.092197360041624e-35
TKT1_FWD_CPLX_TKT1-0,0.0,-3.1697572739615285e-06
TKT1_REV_393126.8.peg.2756-MONOMER_mod_thmpp(1)_mod_mn2(1)_mod_mg2(1),0.0,-1.038179348540511e-06
TKT1_FWD_393126.8.peg.2756-MONOMER_mod_thmpp(1)_mod_mn2(1)_mod_mg2(1),0.0,-4.207936622502039e-06
TKT1_REV_393126.8.peg.348-MONOMER_mod_thmpp(1),0.0,-9.15980545652095e-08
TKT1_FWD_393126.8.peg.348-MONOMER_mod_thmpp(1),0.0,-3.261355328526738e-06
TKT2_REV_393126.8.peg.1381-MONOMER,0.0,-6.160132602939367e-07
TKT2_FWD_393126.8.peg.1381-MONOMER,0.0,-3.785770534255465e-06
TKT2_REV_CPLX_TKT1-0,0.04219897068943184,4.092197360041624e-35
TKT2_FWD_CPLX_TKT1-0,0.0,-3.1697572739615285e-06
TKT2_REV_393126.8.peg.2756-MONOMER_mod_thmpp(1)_mod_mn2(1)_mod_mg2(1),0.0,-1.038179348540511e-06
TKT2_FWD_393126.8.peg.2756-MONOMER_mod_thmpp(1)_mod_mn2(1)_mod_mg2(1),0.0,-4.207936622502039e-06
TKT2_REV_393126.8.peg.348-MONOMER_mod_thmpp(1),0.0,-9.15980545652095e-08
TKT2_FWD_393126.8.peg.348-MONOMER_mod_thmpp(1),0.0,-3.261355328526738e-06
TMDK1_REV_393126.8.peg.2636-MONOMER_mod_mg2(1),0.0,0.013709381456165138
TMDK1_FWD_393126.8.peg.2636-MONOMER_mod_mg2(1),0.0,-0.013709385898612394
TMDPK_REV_393126.8.peg.1903-MONOMER,0.0,-1.7546048769445616e-06
TMDPK_FWD_393126.8.peg.1903-MONOMER,0.0016073766040062968,3.588402691147771e-35
TMDS_REV_393126.8.peg.1960-MONOMER_mod_mg2(1),0.0,-1.6648696324721983e-06
TMDS_FWD_393126.8.peg.1960-MONOMER_mod_mg2(1),0.011926799195250568,6.930848441708303e-35
TMPPP_REV_393126.8.peg.324-MONOMER_mod_mg2(1),0.0,-5.049849344079108e-08
TMPPP_FWD_393126.8.peg.324-MONOMER_mod_mg2(1),0.0,-1.8496030302459442e-36
TPI_REV_393126.8.peg.352-MONOMER,0.0,-2.050742319453246e-06
TPI_FWD_393126.8.peg.352-MONOMER,4.874607519780845,-5.480718147799046e-36
TPI_REV_393126.8.peg.2543-MONOMER,0.0,-3.111090217373304e-06
TPI_FWD_393126.8.peg.2543-MONOMER,0.0,-1.060347897920058e-06
TRDOXOX_REV_393126.8.peg.1945-MONOMER,0.0,-1.1706074968285803e-06
TRDOXOX_FWD_393126.8.peg.1945-MONOMER,0.0,-5.315313472543759e-36
TRDRr_REV_393126.8.peg.2474-MONOMER,0.0,-2.711417279603634e-06
TRDRr_FWD_393126.8.peg.2474-MONOMER,0.07281944907755099,-1.7917243749342264e-33
TRDRr_REV_393126.8.peg.2565-MONOMER,0.0,-3.1117967064336746e-06
TRDRr_FWD_393126.8.peg.2565-MONOMER,0.0,-4.0037942683004096e-07
TRDRr_REV_393126.8.peg.2047-MONOMER,0.0,-2.7542670428011294e-06
TRDRr_FWD_393126.8.peg.2047-MONOMER,0.0,-4.284976319749559e-08
TRE6PH_REV_393126.8.peg.1329-MONOMER,0.0,-2.1664826925802424e-06
TRE6PH_FWD_393126.8.peg.1329-MONOMER,0.0,-6.105120951546903e-08
TRE6PH_REV_393126.8.peg.886-MONOMER,0.0,-2.1054314830647736e-06
TRE6PH_FWD_393126.8.peg.886-MONOMER,0.07449289,5.92889355063424e-37
TREGLUDR2_REV_393126.8.peg.2943-MONOMER,0.0,1.138466156047849e-35
TREGLUDR2_FWD_393126.8.peg.2943-MONOMER,0.0,-2.4029535835226087e-06
TREGLUDR2_REV_CPLX_MLTP4-0,0.0,-2.9328349563505614e-07
TREGLUDR2_FWD_CPLX_MLTP4-0,0.0,-2.6962370791576646e-06
TREpts_REV_CPLX_TREpts-0,0.0,-3.4177123130801187e-06
TREpts_FWD_CPLX_TREpts-0,0.07449289,1.754423802089331e-35
TRPS1_REV_CPLX_TRPS1-0_mod_pydx5p(1),0.0,-2.6033011434146994e-06
TRPS1_FWD_CPLX_TRPS1-0_mod_pydx5p(1),0.004436240250273786,1.0919922472191763e-33
TRPS2_REV_CPLX_TRPS1-0_mod_pydx5p(1),0.0,-1.3016505717073497e-06
TRPS2_FWD_CPLX_TRPS1-0_mod_pydx5p(1),0.0,-1.3016505717073497e-06
TRPS3_REV_CPLX_TRPS1-0_mod_pydx5p(1),0.0,-2.6033011434146994e-06
TRPS3_FWD_CPLX_TRPS1-0_mod_pydx5p(1),0.0,-9.482787192973525e-36
TRPTA_REV_CPLX_dummy,0.0,-1.7303138578205756e-06
TRPTA_FWD_CPLX_dummy,0.0,-3.672095645061795e-35
TRSARr_REV_393126.8.peg.1034-MONOMER,0.0,5.595651489398013e-34
TRSARr_FWD_393126.8.peg.1034-MONOMER,0.0,-4.751959108414042e-06
TRSARry_REV_393126.8.peg.1034-MONOMER,0.0,5.935205057844096e-07
TRSARry_FWD_393126.8.peg.1034-MONOMER,0.0,-5.345479614198452e-06
TTDCAtr_REV_CPLX_dummy,0.0,1.141060491924908e-40
TTDCAtr_FWD_CPLX_dummy,0.0,-1.7303138578205756e-06
TYRTA_REV_CPLX_dummy,0.0,-1.7303138578205756e-06
TYRTA_FWD_CPLX_dummy,0.0,-4.618105707689747e-37
TYRt2r_REV_CPLX_dummy,0.0,-1.7303138578205756e-06
TYRt2r_FWD_CPLX_dummy,0.02885746548525869,9.404487967760784e-38
UAAGDS_REV_393126.8.peg.2125-MONOMER,0.0,1.2208920618987474e-06
UAAGDS_FWD_393126.8.peg.2125-MONOMER,0.0,-7.491988390284907e-37
UACMAMAT_REV_393126.8.peg.2611-MONOMER,0.0,-1.1661071526873673e-06
UACMAMAT_FWD_393126.8.peg.2611-MONOMER,0.0,2.05663441705879e-34
UAG2E_REV_393126.8.peg.2627-MONOMER_mod_nad(1),0.0,3.4339431237878297e-35
UAG2E_FWD_393126.8.peg.2627-MONOMER_mod_nad(1),0.0,-1.1548327663644704e-06
UAG2EMA_REV_393126.8.peg.2627-MONOMER_mod_nad(1),0.0,-1.1548327663644704e-06
UAG2EMA_FWD_393126.8.peg.2627-MONOMER_mod_nad(1),0.0,-5.543275716854854e-36
UAG4E_REV_393126.8.peg.2564-MONOMER_mod_nad(1),0.0,-1.5649936225759424e-35
UAG4E_FWD_393126.8.peg.2564-MONOMER_mod_nad(1),0.0,-2.574240865313911e-06
UAGCVT_r_REV_393126.8.peg.2645-MONOMER,0.0,-2.8303421028748706e-06
UAGCVT_r_FWD_393126.8.peg.2645-MONOMER,0.0,-1.2149997388775367e-35
UAGCVT_r_REV_393126.8.peg.2616-MONOMER,0.0,-2.8312331885170973e-06
UAGCVT_r_FWD_393126.8.peg.2616-MONOMER,0.0,-8.910856422267076e-10
UAGDP_REV_393126.8.peg.200-MONOMER_mod_mg2(1),0.0,-2.769791061659734e-06
UAGDP_FWD_393126.8.peg.200-MONOMER_mod_mg2(1),0.026326009688928485,-1.1091839002519477e-34
UAGPT2_REV_393126.8.peg.2122-MONOMER,0.0,1.812973709463045e-08
UAGPT2_FWD_393126.8.peg.2122-MONOMER,0.0,2.4634235595770088e-34
UAGPT3_REV_393126.8.peg.2122-MONOMER,0.0,1.812973709463045e-08
UAGPT3_FWD_393126.8.peg.2122-MONOMER,0.0,-5.960511845489941e-37
UAMAGS_REV_393126.8.peg.2123-MONOMER_mod_k(1)_mod_mg2(1),0.0,1.060112578021766e-06
UAMAGS_FWD_393126.8.peg.2123-MONOMER_mod_k(1)_mod_mg2(1),0.0,-3.077296858436913e-35
UAMAS_REV_393126.8.peg.1685-MONOMER_mod_mg2(1),0.0,1.9730029119847826e-06
UAMAS_FWD_393126.8.peg.1685-MONOMER_mod_mg2(1),0.0,8.493913016334316e-36
UAPGR_REV_393126.8.peg.724-MONOMER,0.0,2.4116945096152136e-06
UAPGR_FWD_393126.8.peg.724-MONOMER,0.0,-4.61038071002068e-35
UAPGR_REV_393126.8.peg.1498-MONOMER_mod_fad(1),0.0,1.9540480405679356e-06
UAPGR_FWD_393126.8.peg.1498-MONOMER_mod_fad(1),0.0,-4.576464690472777e-07
UDCPDP_REV_CPLX_dummy,0.0,-1.7303138578205756e-06
UDCPDP_FWD_CPLX_dummy,0.0,-9.300035427921067e-35
UDPG4E_REV_393126.8.peg.2564-MONOMER_mod_nad(1),0.07449289,-1.8932686950652943e-36
UDPG4E_FWD_393126.8.peg.2564-MONOMER_mod_nad(1),0.0,-2.574240865313911e-06
UGLT_REV_CPLX_dummy,0.0,-1.7303138578205756e-06
UGLT_FWD_CPLX_dummy,0.07449289,2.467789632004767e-36
UGMDDS_REV_393126.8.peg.879-MONOMER,0.0,1.1421262186085028e-06
UGMDDS_FWD_393126.8.peg.879-MONOMER,0.0,-6.779761506951213e-35
UMPK_REV_393126.8.peg.1389-MONOMER,0.0,-3.7707237420483983e-06
UMPK_FWD_393126.8.peg.1389-MONOMER,0.030368413642675576,-1.5431285374942415e-34
UNK3_REV_393126.8.peg.290-MONOMER,0.0,1.4005958181609662e-06
UNK3_FWD_393126.8.peg.290-MONOMER,0.0,8.120287407728722e-36
UPP3MT_REV_393126.8.peg.1214-MONOMER,0.0,-2.4269819633752205e-06
UPP3MT_FWD_393126.8.peg.1214-MONOMER,0.00160736623362175,-1.1718882821871316e-35
UPP3S_REV_393126.8.peg.1214-MONOMER,0.0,-1.900427333009009e-06
UPP3S_FWD_393126.8.peg.1214-MONOMER,0.0,-5.265546303662114e-07
UPP3S_REV_393126.8.peg.1635-MONOMER,0.0,-1.3738727026427976e-06
UPP3S_FWD_393126.8.peg.1635-MONOMER,0.00160736623362175,2.4784706186375433e-35
UPPDC1_REV_393126.8.peg.2301-MONOMER,0.0,-1.5651534195258247e-06
UPPDC1_FWD_393126.8.peg.2301-MONOMER,0.0,1.6838461853243241e-34
UPPDC2b_REV_393126.8.peg.2301-MONOMER,0.0,-1.5651534195258247e-06
UPPDC2b_FWD_393126.8.peg.2301-MONOMER,0.0,1.8847303735067925e-36
UPPRT_REV_CPLX_UPPRT-0,0.0,0.013705656918369903
UPPRT_FWD_CPLX_UPPRT-0,0.0,-0.01370593707636401
UPPRT_REV_393126.8.peg.1926-MONOMER,0.0,0.013705607876600034
UPPRT_FWD_393126.8.peg.1926-MONOMER,0.0,-0.01370598611813388
UPPRT_REV_CPLX_UPPRT-1,0.0,0.01370608987851059
UPPRT_FWD_CPLX_UPPRT-1,0.0,-0.013705504116223323
URAt2_REV_393126.8.peg.467-MONOMER,0.0,0.0034156255251642704
URAt2_FWD_393126.8.peg.467-MONOMER,0.0,-0.003421188841581945
URAt2_REV_393126.8.peg.1925-MONOMER,0.0,0.003416493425720331
URAt2_FWD_393126.8.peg.1925-MONOMER,0.0,-0.003420320941025884
UREAt_REV_CPLX_dummy,0.0,9.128483935399264e-40
UREAt_FWD_CPLX_dummy,0.0,-1.7303138578205756e-06
URFGTT_REV_393126.8.peg.1384-MONOMER,0.0,-8.226182718519759e-07
URFGTT_FWD_393126.8.peg.1384-MONOMER,0.0,2.014878559327119e-35
URIDK3_REV_393126.8.peg.1389-MONOMER,0.0,1.0835868951638315e-35
URIDK3_FWD_393126.8.peg.1389-MONOMER,0.0,-3.7707237420483983e-06
URIK1_REV_393126.8.peg.1577-MONOMER_mod_mg2(1),0.0,4.5962902205209495e-07
URIK1_FWD_393126.8.peg.1577-MONOMER_mod_mg2(1),0.009964165646109883,1.625570896986566e-35
URIK10_REV_393126.8.peg.1577-MONOMER_mod_mg2(1),0.0,1.1391844973136311e-06
URIK10_FWD_393126.8.peg.1577-MONOMER_mod_mg2(1),0.0,-6.795554752615362e-07
URIK11_REV_393126.8.peg.1577-MONOMER_mod_mg2(1),0.0,4.5962902205209495e-07
URIK11_FWD_393126.8.peg.1577-MONOMER_mod_mg2(1),0.0,-1.4571248865819952e-35
URIK12_REV_393126.8.peg.1577-MONOMER_mod_mg2(1),0.0,4.5962902205209495e-07
URIK12_FWD_393126.8.peg.1577-MONOMER_mod_mg2(1),0.0,1.484422109966613e-35
URIK13_REV_393126.8.peg.1577-MONOMER_mod_mg2(1),0.0,1.1391844973136311e-06
URIK13_FWD_393126.8.peg.1577-MONOMER_mod_mg2(1),0.0,-6.795554752615362e-07
URIK14_REV_393126.8.peg.1577-MONOMER_mod_mg2(1),0.0,1.1391844973136311e-06
URIK14_FWD_393126.8.peg.1577-MONOMER_mod_mg2(1),0.0,-6.795554752615362e-07
URIK2_REV_393126.8.peg.1577-MONOMER_mod_mg2(1),0.0,1.1391844973136311e-06
URIK2_FWD_393126.8.peg.1577-MONOMER_mod_mg2(1),0.0,-6.795554752615362e-07
URIK3_REV_393126.8.peg.1577-MONOMER_mod_mg2(1),0.0,1.142357142009906e-06
URIK3_FWD_393126.8.peg.1577-MONOMER_mod_mg2(1),0.0,-6.827281199578112e-07
URIK4_REV_393126.8.peg.1577-MONOMER_mod_mg2(1),0.0,1.1391844973136311e-06
URIK4_FWD_393126.8.peg.1577-MONOMER_mod_mg2(1),0.0,-6.795554752615362e-07
URIK5_REV_393126.8.peg.1577-MONOMER_mod_mg2(1),0.0,1.1391844973136311e-06
URIK5_FWD_393126.8.peg.1577-MONOMER_mod_mg2(1),0.0,-6.795554752615362e-07
URIK6_REV_393126.8.peg.1577-MONOMER_mod_mg2(1),0.0,4.5962902205209495e-07
URIK6_FWD_393126.8.peg.1577-MONOMER_mod_mg2(1),0.0,-7.994884309989846e-37
URIK7_REV_393126.8.peg.1577-MONOMER_mod_mg2(1),0.0,4.5962902205209495e-07
URIK7_FWD_393126.8.peg.1577-MONOMER_mod_mg2(1),0.0,8.878696526553444e-36
URIK8_REV_393126.8.peg.1577-MONOMER_mod_mg2(1),0.0,1.1391844973136311e-06
URIK8_FWD_393126.8.peg.1577-MONOMER_mod_mg2(1),0.0,-6.795554752615362e-07
URIK9_REV_393126.8.peg.1577-MONOMER_mod_mg2(1),0.0,1.1391844973136311e-06
URIK9_FWD_393126.8.peg.1577-MONOMER_mod_mg2(1),0.0,-6.795554752615362e-07
UTPATPT_REV_393126.8.peg.2706-MONOMER_mod_mg2(1),0.09179576958350871,5.519362329214675e-35
UTPATPT_FWD_393126.8.peg.2706-MONOMER_mod_mg2(1),0.0,-6.795554752615362e-07
VALO_REV_CPLX_dummy,0.0,-1.7303138578205756e-06
VALO_FWD_CPLX_dummy,0.0,-3.386858611485531e-36
VALTA_REV_393126.8.peg.1007-MONOMER_mod_pydx5p(6),0.0,-3.8042816171592857e-06
VALTA_FWD_393126.8.peg.1007-MONOMER_mod_pydx5p(6),0.0016077448665944136,-4.664533834132988e-36
VALTA_REV_393126.8.peg.1007-MONOMER_mod_pydx5p(1),0.0,-3.855623556865845e-06
VALTA_FWD_393126.8.peg.1007-MONOMER_mod_pydx5p(1),0.0,-5.1341939706559363e-08
VALt2r_REV_CPLX_dummy,0.0,-1.7303138578205756e-06
VALt2r_FWD_CPLX_dummy,0.09721142515410512,1.081488556550641e-37
XANt2_REV_393126.8.peg.1969-MONOMER,0.0,-3.3469565107173224e-06
XANt2_FWD_393126.8.peg.1969-MONOMER,0.022071763370500937,3.1459972032279766e-37
XPPT_REV_393126.8.peg.1970-MONOMER,0.0,-1.1406236958848795e-06
XPPT_FWD_393126.8.peg.1970-MONOMER,0.0,-2.0666076264278208e-07
XPPT_REV_393126.8.peg.221-MONOMER,0.0,-9.339629332420973e-07
XPPT_FWD_393126.8.peg.221-MONOMER,0.022071763370500937,-4.480170342307926e-35
YUMPS_REV_CPLX_YUMPS-1,0.0,-7.960326201408995e-07
YUMPS_FWD_CPLX_YUMPS-1,0.0,-6.479419290007558e-36
YUMPS_REV_CPLX_YUMPS-0,0.0,-1.0090562015908953e-06
YUMPS_FWD_CPLX_YUMPS-0,0.0,-2.1302358144999568e-07
ZN2t4_REV_393126.8.peg.2669-MONOMER,1.2173057395920315e-06,5.516973322705335e-37
ZN2t4_FWD_393126.8.peg.2669-MONOMER,0.0,-2.6841650948093204e-06
ZNabc_REV_CPLX_ZNabc-7,0.0,0.01713119593889268
ZNabc_FWD_CPLX_ZNabc-7,0.0,-0.017130448069873745
ZNabc_REV_CPLX_ZNabc-4,0.0,0.017130383396263712
ZNabc_FWD_CPLX_ZNabc-4,0.0,-0.01713126061250271
ZNabc_REV_CPLX_ZNabc-1,0.0,0.017129780576081634
ZNabc_FWD_CPLX_ZNabc-1,0.0,-0.01713186343268479
ZNabc_REV_CPLX_ZNabc-2,0.0,0.017130420292441304
ZNabc_FWD_CPLX_ZNabc-2,0.0,-0.01713122371632512
ZNabc_REV_CPLX_ZNabc-0,0.0,0.017129899208643433
ZNabc_FWD_CPLX_ZNabc-0,0.0,-0.01713174480012299
ZNabc_REV_CPLX_ZNabc-6,0.0,0.017131243223915345
ZNabc_FWD_CPLX_ZNabc-6,0.0,-0.01713040078485108
ZNabc_REV_CPLX_ZNabc-5,0.0,0.01713028860050735
ZNabc_FWD_CPLX_ZNabc-5,0.0,-0.017131355408259077
ZNabc_REV_CPLX_ZNabc-3,0.0,0.017130675485719768
ZNabc_FWD_CPLX_ZNabc-3,0.0,-0.017130968523046658
dreplication_REV_CPLX_dreplication-2,0.0,3.6740855767042125e-06
dreplication_FWD_CPLX_dreplication-2,0.0,0.0
dreplication_REV_CPLX_dreplication-1,0.0,3.652381428626833e-06
dreplication_FWD_CPLX_dreplication-1,0.0,-2.1704148077379475e-08
dreplication_REV_CPLX_dreplication-3,0.0,3.6483002865251e-06
dreplication_FWD_CPLX_dreplication-3,0.0,-2.5785290179112517e-08
dreplication_REV_CPLX_dreplication-0,0.0,3.653803675078918e-06
dreplication_FWD_CPLX_dreplication-0,0.0,-2.0281901625294638e-08
pbiosynthesis_REV_CPLX_pbiosynthesis-2,0.0,-3.94284853185605e-06
pbiosynthesis_FWD_CPLX_pbiosynthesis-2,0.0,0.0
pbiosynthesis_REV_CPLX_pbiosynthesis-1,0.0,-3.961993321087146e-06
pbiosynthesis_FWD_CPLX_pbiosynthesis-1,0.0,-1.914478923109626e-08
pbiosynthesis_REV_CPLX_pbiosynthesis-0,0.0,-4.061343871086311e-06
pbiosynthesis_FWD_CPLX_pbiosynthesis-0,0.0,-1.1849533923026101e-07
pbiosynthesis_REV_CPLX_pbiosynthesis-3,0.0,-3.943462111039881e-06
pbiosynthesis_FWD_CPLX_pbiosynthesis-3,0.0,-6.135791838310336e-10
r0010_REV_393126.8.peg.2894-MONOMER_mod_hemed(6),0.0,0.031196016710184026
r0010_FWD_393126.8.peg.2894-MONOMER_mod_hemed(6),0.0,1.150813388364727e-35
r0060_REV_CPLX_r0060-0,0.0,-3.1957808595066126e-06
r0060_FWD_CPLX_r0060-0,1.4859625304981263,2.03534627766343e-35
r0082_REV_393126.8.peg.1646-MONOMER_mod_mg2(1),0.0,0.02739320703555486
r0082_FWD_393126.8.peg.1646-MONOMER_mod_mg2(1),0.0,-0.02739670980377545
r0082_REV_393126.8.peg.1646-MONOMER_mod_mn2(1),0.0,0.027393212710437695
r0082_FWD_393126.8.peg.1646-MONOMER_mod_mn2(1),0.0,-0.027396704128892613
r0120_REV_393126.8.peg.2018-MONOMER_mod_zn2(1),0.0,-4.071668883667961e-07
r0120_FWD_393126.8.peg.2018-MONOMER_mod_zn2(1),0.0,-1.97337133079744e-35
r0127_REV_393126.8.peg.2026-MONOMER,0.0,-3.0099991968517086e-06
r0127_FWD_393126.8.peg.2026-MONOMER,0.1891839480912659,1.3694382106252262e-35
r0339_REV_393126.8.peg.2942-MONOMER,0.0,-2.8845879545503695e-07
r0339_FWD_393126.8.peg.2942-MONOMER,0.0,-8.697725555078433e-09
r0339_REV_393126.8.peg.2842-MONOMER,0.0,-2.797610698999585e-07
r0339_FWD_393126.8.peg.2842-MONOMER,0.0,1.625224239148063e-35
r0345_REV_393126.8.peg.2706-MONOMER_mod_mg2(1),0.0,-6.795554752615362e-07
r0345_FWD_393126.8.peg.2706-MONOMER_mod_mg2(1),0.00496313430695593,8.578267200218059e-37
r0422_REV_393126.8.peg.1646-MONOMER_mod_mg2(1),0.0,-5.674882836079189e-09
r0422_FWD_393126.8.peg.1646-MONOMER_mod_mg2(1),0.0,-3.4970933377543047e-06
r0422_REV_393126.8.peg.1646-MONOMER_mod_mn2(1),0.0,-4.639815294816778e-35
r0422_FWD_393126.8.peg.1646-MONOMER_mod_mn2(1),0.0,-3.491418454918225e-06
r0456_REV_393126.8.peg.1789-MONOMER,0.0,-1.5265304776612287e-07
r0456_FWD_393126.8.peg.1789-MONOMER,0.0,3.2007328534064876e-36
r0570_REV_393126.8.peg.2040-MONOMER_mod_mn2(1),0.00496313430695593,-3.920824604422116e-36
r0570_FWD_393126.8.peg.2040-MONOMER_mod_mn2(1),0.0,-1.5396539253555394e-06
r0671_REV_393126.8.peg.1911-MONOMER_mod_fmn(1),0.0,-4.169098840493277e-06
r0671_FWD_393126.8.peg.1911-MONOMER_mod_fmn(1),0.0,-8.194968664602614e-07
r0671_REV_393126.8.peg.1911-MONOMER_mod_mg2(1),0.0,-4.1938516539593026e-06
r0671_FWD_393126.8.peg.1911-MONOMER_mod_mg2(1),0.0,-8.442496799262862e-07
r0708_REV_393126.8.peg.2018-MONOMER_mod_zn2(1),0.0,-4.071668883667961e-07
r0708_FWD_393126.8.peg.2018-MONOMER_mod_zn2(1),0.0,1.1107914312540102e-36
r0775_REV_393126.8.peg.2018-MONOMER_mod_zn2(1),0.0,-2.0358344418339804e-07
r0775_FWD_393126.8.peg.2018-MONOMER_mod_zn2(1),0.0,-2.0358344418339804e-07
r0777_REV_393126.8.peg.2018-MONOMER_mod_zn2(1),0.0,-4.071668883667961e-07
r0777_FWD_393126.8.peg.2018-MONOMER_mod_zn2(1),0.0,9.643153698993254e-36
r0792_REV_393126.8.peg.1761-MONOMER_mod_zn2(1)_mod_cbl1(1),0.8820912177025736,-4.9225475883771226e-36
r0792_FWD_393126.8.peg.1761-MONOMER_mod_zn2(1)_mod_cbl1(1),0.0,-5.935205057844096e-07
r2137_REV_CPLX_dummy,0.0,1.141060491924908e-40
r2137_FWD_CPLX_dummy,0.0,-1.7303138578205756e-06
rtranscription_REV_CPLX_rtranscription-0,0.0,-2.473371145278567e-06
rtranscription_FWD_CPLX_rtranscription-0,0.0,-1.6080141612940086e-07
rtranscription_REV_CPLX_rtranscription-1,0.0,-2.3125697291491658e-06
rtranscription_FWD_CPLX_rtranscription-1,0.0,0.0
sink_PGPm1[c]_REV_CPLX_dummy,0.0,-1.7303138578205756e-06
sink_PGPm1[c]_FWD_CPLX_dummy,0.0,1.433190707772616e-40
dummy_reaction_REV_SPONT,0.0,1.0
dummy_reaction_FWD_SPONT,3.1056207460133013e-07,-1.8765610363626363e-34
GAM,0.20244672136500752,-0.5654932470845742
ATPM,1.0,-0.013706601233356139
DNA_replication,0.038585158698886374,0.06285064136365706
formation_ribosome,8.296212122981203e-06,-2.2186712959340957e-30
formation_RNAP_3931268peg432MONOMER,2.7210302565350823e-07,1.7310258301200952e-33
formation_RNA_degradosome,2.8154540518609023e-10,-3.899440172111436e-32
formation_rRNA_containing_excision_machinery,4.306515241144035e-11,0.0
formation_monocistronic_excision_machinery,1.1641612363501926e-10,-9.041954284936472e-34
CPLX_dummy_mod_2fe2s(1)_to_generic_2fe2s_transfer_complex,0.0,0.0
CPLX_dummy_2fe2s_unloading,0.0,-1.5954555760347149e-34
CPLX_dummy_mod_4fe4s(1)_to_generic_4fe4s_transfer_complex,1.2419371667778388e-17,1.488518533673065e-34
CPLX_dummy_4fe4s_unloading,0.0,0.0
translocation_393126.8.peg.1715_Membrane,4.715291757574918e-06,4.4422693579761075e-34
translocation_393126.8.peg.986_Inner_Membrane,0.0,0.0
translocation_393126.8.peg.1160_Inner_Membrane,0.0,-1.9716900233602446e-34
translocation_393126.8.peg.1103_Periplasm,1.416078166979126e-09,0.0
translocation_393126.8.peg.57_Membrane,2.188664706394998e-08,-4.019592842315789e-34
translocation_393126.8.peg.138_Inner_Membrane,0.0,2.039940274604932e-34
translocation_393126.8.peg.2282_Inner_Membrane,0.0,0.0
translocation_393126.8.peg.2284_Periplasm,0.0,1.028449341453065e-34
translocation_393126.8.peg.1659_Inner_Membrane,1.3583256059058312e-06,-4.364073490857701e-34
translocation_393126.8.peg.1002_Inner_Membrane,0.0,0.0
translocation_393126.8.peg.467_Inner_Membrane,3.1129659767774356e-08,8.327901735169937e-34
translocation_393126.8.peg.28_Inner_Membrane,0.0,0.0
translocation_393126.8.peg.1044_Inner_Membrane,0.0,6.785254122427223e-35
translocation_393126.8.peg.2180_Inner_Membrane,0.0,1.056910299738215e-34
translocation_393126.8.peg.1376_Inner_Membrane,0.0,0.0
translocation_393126.8.peg.2618_Inner_Membrane,2.288942160114728e-07,-7.360605215408684e-35
translocation_393126.8.peg.2623_Inner_Membrane,2.288942160114728e-07,1.4551773695664387e-35
translocation_393126.8.peg.2625_Inner_Membrane,2.288942160114728e-07,-7.360605215408684e-35
translocation_393126.8.peg.1813_Periplasm,0.0,0.0
translocation_393126.8.peg.1939_Inner_Membrane,0.0,4.2086552681654706e-35
translocation_393126.8.peg.656_Inner_Membrane,0.0,5.547516378019813e-35
translocation_393126.8.peg.2669_Inner_Membrane,1.061449366059839e-12,0.0
translocation_393126.8.peg.1503_Inner_Membrane,0.0,1.401429514197474e-35
translocation_393126.8.peg.1505_Inner_Membrane,0.0,0.0
translocation_393126.8.peg.2590_Inner_Membrane,3.107664578191597e-09,-1.0860441163603403e-34
translocation_393126.8.peg.2821_Inner_Membrane,0.0,0.0
translocation_393126.8.peg.2822_Inner_Membrane,0.0,0.0
translocation_393126.8.peg.2823_Inner_Membrane,0.0,-5.152851207204692e-35
translocation_393126.8.peg.2824_Inner_Membrane,0.0,-4.214159160459773e-34
translocation_393126.8.peg.14_Inner_Membrane,0.0,-1.463868982512329e-34
translocation_393126.8.peg.15_Inner_Membrane,0.0,-7.319344912561646e-35
translocation_393126.8.peg.16_Inner_Membrane,0.0,2.8980544863716563e-35
translocation_393126.8.peg.809_Inner_Membrane,1.5665863008228002e-06,0.0
translocation_393126.8.peg.1394_Inner_Membrane,0.0,0.0
translocation_393126.8.peg.1760_Inner_Membrane,2.7044486339164822e-09,0.0
translocation_393126.8.peg.2081_Membrane,5.566778405457371e-09,-4.844327339924211e-34
translocation_393126.8.peg.1942_Membrane,0.0,-9.972514614018326e-35
translocation_393126.8.peg.2079_Membrane,3.474602652840988e-08,-3.850475246631222e-34
translocation_393126.8.peg.1395_Inner_Membrane,2.5743643912285716e-08,0.0
translocation_393126.8.peg.2545_Membrane,9.086601953681614e-06,-3.095829400245967e-34
translocation_393126.8.peg.997_Membrane,1.985659046839351e-07,0.0
translocation_393126.8.peg.2541_Membrane,6.354533429917916e-06,4.761949492135357e-34
translocation_393126.8.peg.2193_Inner_Membrane,7.797933862885724e-10,4.3963502199878975e-34
translocation_393126.8.peg.1359_Inner_Membrane,1.201301828907066e-08,-4.23299617872447e-34
translocation_393126.8.peg.1368_Inner_Membrane,8.805363465366542e-08,0.0
translocation_393126.8.peg.2563_Periplasm,0.0,-3.398726011047422e-34
translocation_393126.8.peg.2761_Inner_Membrane,0.0,0.0
translocation_393126.8.peg.2630_Membrane,4.538483945371085e-07,-4.233142997867384e-34
translocation_393126.8.peg.1374_Membrane,0.0,0.0
translocation_393126.8.peg.2447_Inner_Membrane,0.0,4.446823774661026e-34
translocation_393126.8.peg.2448_Membrane,0.0,1.9951942119462176e-34
translocation_393126.8.peg.80_Inner_Membrane,0.0,-3.6345250376687716e-34
translocation_393126.8.peg.1619_Inner_Membrane,0.0,0.0
translocation_393126.8.peg.932_Membrane,0.0,0.0
translocation_393126.8.peg.2143_Inner_Membrane,0.0,-5.213823322720209e-35
translocation_393126.8.peg.2788_Inner_Membrane,0.0,0.0
translocation_393126.8.peg.2789_Inner_Membrane,0.0,-4.364980262243045e-34
translocation_393126.8.peg.212_Membrane,0.0,0.0
translocation_393126.8.peg.820_Inner_Membrane,5.6996205250267424e-08,0.0
translocation_393126.8.peg.2212_Inner_Membrane,0.0,1.1206124903172261e-34
translocation_393126.8.peg.2213_Inner_Membrane,0.0,4.4824499612689045e-34
translocation_393126.8.peg.2214_Periplasm,0.0,0.0
translocation_393126.8.peg.803_Inner_Membrane,0.0,0.0
translocation_393126.8.peg.804_Inner_Membrane,0.0,-2.261904259737808e-34
translocation_393126.8.peg.287_Inner_Membrane,0.0,0.0
translocation_393126.8.peg.289_Inner_Membrane,0.0,1.477978424649539e-34
translocation_393126.8.peg.2908_Inner_Membrane,0.0,-2.6967451143308653e-35
translocation_393126.8.peg.1502_Inner_Membrane,3.5877268754274766e-12,0.0
translocation_393126.8.peg.1987_Membrane,2.6922626058859984e-09,3.3988856589017518e-34
translocation_393126.8.peg.1596_Inner_Membrane,5.749688834011812e-06,7.296080709369383e-34
translocation_393126.8.peg.131_Periplasm,0.0,0.0
translocation_393126.8.peg.1483_Membrane,0.0,0.0
translocation_393126.8.peg.2124_Inner_Membrane,0.0,0.0
translocation_393126.8.peg.1977_Inner_Membrane,0.0,7.511997636843355e-34
translocation_393126.8.peg.1472_Inner_Membrane,1.8842779545006175e-08,-1.1393437730260117e-34
translocation_393126.8.peg.2584_Inner_Membrane,0.0,5.608091134624106e-35
translocation_393126.8.peg.2585_Inner_Membrane,0.0,-2.1906605994625415e-36
translocation_393126.8.peg.2339_Inner_Membrane,1.8789080101117553e-07,-8.195412214002672e-34
translocation_393126.8.peg.851_Inner_Membrane,0.0,0.0
translocation_393126.8.peg.743_Inner_Membrane,0.0,-3.578255774622644e-34
translocation_393126.8.peg.1857_Membrane,0.0,-1.2525268747697712e-34
translocation_393126.8.peg.830_Inner_Membrane,3.866443981322162e-10,0.0
translocation_393126.8.peg.831_Inner_Membrane,3.866443981322162e-10,0.0
translocation_393126.8.peg.832_Periplasm,3.866443981322162e-10,0.0
translocation_393126.8.peg.1650_Membrane,2.583538901031956e-06,0.0
translocation_393126.8.peg.556_Inner_Membrane,0.0,2.671255191670827e-35
translocation_393126.8.peg.557_Inner_Membrane,0.0,-1.0666560134046046e-34
translocation_393126.8.peg.1758_Inner_Membrane,2.0239478086868224e-09,-4.453152661258994e-34
translocation_393126.8.peg.922_Inner_Membrane,0.0,-8.486314257398395e-34
translocation_393126.8.peg.1247_Inner_Membrane,1.345883401591242e-07,5.283530529694447e-35
translocation_393126.8.peg.2543_Membrane,0.0,-2.4385514074868754e-34
translocation_393126.8.peg.1330_Inner_Membrane,2.5391426006063326e-08,0.0
translocation_393126.8.peg.2122_Inner_Membrane,0.0,1.7462620356946703e-34
translocation_393126.8.peg.2629_Membrane,0.0,0.0
translocation_393126.8.peg.1925_Inner_Membrane,0.0,4.166954245516219e-34
translocation_393126.8.peg.1524_Inner_Membrane,0.0,0.0
translocation_393126.8.peg.1754_Periplasm,0.0,3.909066681752016e-34
translocation_393126.8.peg.1584_Membrane,2.0211882531604868e-07,0.0
translocation_393126.8.peg.1678_Membrane,5.025143498281499e-08,-2.074438992015301e-34
translocation_393126.8.peg.179_Membrane,5.7296243185880666e-08,-2.8899368725960185e-34
translocation_393126.8.peg.232_Membrane,1.6048415728562937e-07,-1.1754034403828228e-34
translocation_393126.8.peg.2751_Membrane,8.296531085533296e-06,5.4547246426193e-35
translocation_393126.8.peg.2026_Periplasm,2.2442439390923197e-07,6.3222095944028995e-34
translocation_393126.8.peg.1342_Membrane,8.296212122981203e-06,0.0
translocation_393126.8.peg.1403_Membrane,1.3913050136556456e-08,0.0
translocation_393126.8.peg.1409_Membrane,8.446362155582707e-10,4.1479398738354164e-34
translocation_393126.8.peg.1540_Inner_Membrane,1.4355050803813434e-11,5.298453774257735e-35
translocation_393126.8.peg.1551_Membrane,4.6514401084091236e-11,5.173334189509972e-34
translocation_393126.8.peg.1552_Inner_Membrane,2.3257200542045618e-11,-8.278474043494148e-34
translocation_393126.8.peg.1623_Inner_Membrane,1.7641067249301992e-09,2.3237275048073637e-34
translocation_393126.8.peg.1741_Membrane,8.359519640493669e-07,-1.4382197504779273e-34
translocation_393126.8.peg.1870_Membrane,6.9565250682782206e-09,9.36686067497333e-36
translocation_393126.8.peg.1888_Inner_Membrane,1.0374479831069322e-08,-1.179211553541846e-34
translocation_393126.8.peg.2024_Membrane,8.296212122981203e-06,-2.4649883799350485e-34
translocation_393126.8.peg.2154_Membrane,4.5249206500616286e-10,0.0
translocation_393126.8.peg.2598_Inner_Membrane,3.0179172713606104e-07,-4.152489133129352e-34
translocation_393126.8.peg.2749_Inner_Membrane,8.359519640493669e-07,0.0
translocation_393126.8.peg.2963_Inner_Membrane,2.76746110215315e-10,1.7888622171538816e-34
biomass_constituent_demand,0.20244672136500752,0.05700557978734854
TS_4fe4s_c,-1.4355063223185101e-11,0.0
TS_dpm_c,-1.3769643155048966e-09,0.0
