,fluxes,C-fluxes
EX_ac(e),1.6588438630674072,3.3176877261348143
EX_for(e),2.6820298241196565,2.6820298241196565
EX_lac_D(e),9.875524095778323,29.626572287334966
EX_succ(e),0.048839450416244705,0.19535780166497882
