,fluxes,C-fluxes
EX_ac(e),5.9234965099912005,11.846993019982401
EX_but(e),0.24226628026767663,0.9690651210707065
EX_cys_L(e),0.06833155542101861,0.20499466626305585
EX_etoh(e),4.35847123978903,8.71694247957806
EX_for(e),10.450388762561847,10.450388762561847
EX_nac(e),0.13283624867818597,0.7970174920691158
EX_orn(e),0.041396110834884266,0.20698055417442132
EX_succ(e),0.04278728837676683,0.17114915350706733
