,fluxes,C-fluxes
EX_ac(e),8.52822647481572,17.05645294963144
EX_but(e),0.2769890642641216,1.1079562570564865
EX_dtmp(e),0.901722419323776,9.017224193237759
EX_etoh(e),0.7581801530391202,1.5163603060782405
EX_for(e),0.004287998676116992,0.004287998676116992
EX_nac(e),0.9989104607485976,5.993462764491586
EX_orn(e),0.027917330946977254,0.13958665473488627
TS_ahcys_c,9.718887562180678e-05,0.0013606442587052949
