,fluxes,C-fluxes
EX_ac(e),8.239609363141478,16.479218726282955
EX_but(e),3.1960745526845518,12.784298210738207
EX_for(e),13.733896463442303,13.733896463442303
EX_gcald(e),0.002676289286208927,0.005352578572417854
EX_ile_L(e),0.8650667709306419,5.190400625583852
EX_phe_L(e),0.8677802230048248,7.810022007043424
