,fluxes,C-fluxes
EX_4hphac(e),1.9563952800716073,15.651162240572859
EX_ac(e),17.922627286425733,35.845254572851466
EX_glyclt(e),9.498130242702231,18.996260485404463
EX_gua(e),0.909199603909195,4.545998019545975
EX_hista(e),0.09896702305337603,0.4948351152668801
EX_lys_L(e),0.8303478700640624,4.982087220384375
EX_ppa(e),2.0,6.0
EX_ptrc(e),1.1511913883598268,4.604765553439307
EX_trypta(e),0.06402276268867724,0.6402276268867724
