,fluxes,C-fluxes
EX_4hphac(e),0.9600734580258202,7.680587664206562
EX_ac(e),15.403360021397585,30.80672004279517
EX_for(e),0.018052612368596288,0.018052612368596288
EX_gly(e),0.9549726364355294,1.9099452728710589
EX_pro_L(e),0.002890780869720655,0.014453904348603277
