,fluxes,C-fluxes
EX_ac(e),7.466851737346244,14.933703474692487
EX_hista(e),0.1287747157777815,0.6438735788889074
EX_ile_L(e),0.6643076664897265,3.985845998938359
EX_phe_L(e),0.9226954879617956,8.30425939165616
EX_ppa(e),0.4238046910798537,1.2714140732395611
EX_pro_L(e),1.496478890861669,7.482394454308345
EX_val_L(e),0.11362656029261067,0.5681328014630533
EX_xan(e),0.365748137436271,1.828740687181355
