,fluxes,C-fluxes
EX_4hphac(e),0.9701640814483217,7.761312651586573
EX_ac(e),9.349162896037347,18.698325792074694
EX_glyclt(e),3.3306334969579705,6.661266993915941
EX_ile_L(e),1.0940871951472513,6.564523170883508
EX_lys_L(e),0.9396176734439575,5.637706040663745
EX_ppa(e),1.0,3.0
EX_ptrc(e),1.2626924759727847,5.050769903891139
EX_trypta(e),0.06922567085015484,0.6922567085015484
