,fluxes,C-fluxes
EX_ac(e),14.215334736370904,28.43066947274181
EX_glyclt(e),4.164260012933348,8.328520025866696
EX_hista(e),0.12020713243698634,0.6010356621849318
EX_lys_L(e),0.8613026301515481,5.167815780909288
EX_nac(e),0.9990799749773277,5.994479849863966
EX_phe_L(e),1.1061563833474877,9.955407450127389
EX_ppa(e),1.926212282868272,5.778636848604815
EX_ptrc(e),1.0671631757177757,4.268652702871103
EX_trypta(e),0.8685087629448598,8.685087629448597
