,fluxes,C-fluxes
EX_ac(e),0.7624853797413251,1.5249707594826503
EX_ppa(e),0.4098575135493464,1.2295725406480393
