,fluxes,C-fluxes
EX_ac(e),9.980580741202557,19.961161482405114
EX_for(e),10.428350641210137,10.428350641210137
EX_glyc(e),4.016117393658677,12.04835218097603
EX_lys_L(e),0.9252809681367846,5.551685808820707
EX_succ(e),3.367923434233875,13.4716937369355
EX_ura(e),0.0014605766084997023,0.005842306433998809
EX_val_L(e),1.3684272500271089,6.842136250135544
