,fluxes,C-fluxes
EX_ac(e),11.82624589623689,23.65249179247378
EX_acald(e),1.3127937343869382,2.6255874687738765
EX_for(e),0.009733802002464632,0.009733802002464632
EX_glyc(e),0.016061285963433283,0.048183857890299844
EX_ile_L(e),2.1769203357776976,13.061522014666185
EX_lys_L(e),0.8893396136700807,5.336037682020485
EX_phe_L(e),0.7867578054029034,7.0808202486261305
EX_succ(e),12.656572569073953,50.62629027629581
