,fluxes,C-fluxes
EX_ac(e),6.054896295351879,12.109792590703758
EX_for(e),5.981838818328346,5.981838818328346
EX_succ(e),0.2116319106305283,0.8465276425221132
