,fluxes,C-fluxes
EX_ac(e),7.836129044179843,15.672258088359685
EX_for(e),4.495237318540449,4.495237318540449
EX_ile_L(e),0.11273944286210523,0.6764366571726314
EX_lac_D(e),1.0397791532504679,3.119337459751404
EX_nac(e),0.9986984412517109,5.992190647510266
EX_phe_L(e),0.941940431800547,8.477463886204923
EX_succ(e),6.614761921326775,26.4590476853071
EX_val_L(e),2.470330447187553,12.351652235937765
