,fluxes,C-fluxes
EX_ac(e),55.38795024663726,110.77590049327452
EX_etoh(e),5.832876966661955,11.66575393332391
EX_for(e),23.96186369891251,23.96186369891251
EX_indole(e),0.012945652967786525,0.1035652237422922
EX_nac(e),0.9956441720396962,5.973865032238177
EX_ppa(e),0.01645135410404193,0.04935406231212579
EX_tma(e),1.0,3.0
EX_tym(e),0.8423416207043103,6.738732965634482
