,fluxes,C-fluxes
EX_ac(e),15.384685705722076,30.76937141144415
EX_ala_L(e),0.8171688421762845,2.4515065265288536
EX_etoh(e),0.08794413431847783,0.17588826863695567
EX_for(e),8.235169457295582,8.235169457295582
EX_gcald(e),0.004251185924215989,0.008502371848431977
EX_glyc(e),0.014618642893929227,0.043855928681787684
EX_nac(e),0.9985825575593876,5.991495345356325
EX_ptrc(e),1.0198122285275666,4.079248914110266
