,fluxes,C-fluxes
EX_ac(e),14.435314953860212,28.870629907720424
EX_ala_L(e),0.2358990938979892,0.7076972816939675
EX_dad_2(e),0.0028341239494773258,0.028341239494773258
EX_etoh(e),3.810577414060044,7.621154828120088
EX_for(e),16.565585626817736,16.565585626817736
EX_glyc(e),1.9861260870652842,5.958378261195852
EX_indole(e),0.048284334519666426,0.3862746761573314
EX_ppa(e),0.011894512665269702,0.0356835379958091
