,fluxes,C-fluxes
EX_ac(e),2.3758200245052246,4.751640049010449
EX_ala_L(e),0.0020734705514772658,0.006220411654431797
EX_for(e),2.8181580838527727,2.8181580838527727
EX_glyc(e),2.0098796132069685,6.0296388396209055
EX_ile_L(e),0.09656664814428745,0.5793998888657247
EX_lac_L(e),21.75678036569691,65.27034109709072
EX_succ(e),0.06296226356374474,0.25184905425497894
