,fluxes,C-fluxes
EX_ac(e),32.122595028174985,64.24519005634997
EX_dad_2(e),0.9468479677053199,9.4684796770532
EX_for(e),0.016922946778809407,0.016922946778809407
EX_hista(e),0.06792333963177051,0.33961669815885254
EX_phe_L(e),0.8511380859067955,7.660242773161159
EX_succ(e),12.018140161011539,48.072560644046156
