,fluxes,C-fluxes
EX_12ppd_S(e),2.0,6.0
EX_4abut(e),0.18,0.72
EX_ac(e),13.81492721576319,27.62985443152638
EX_adn(e),0.00026492433288955976,0.0026492433288955977
EX_etoh(e),0.9520610292968923,1.9041220585937846
EX_for(e),16.403602087809137,16.403602087809137
EX_glyc(e),2.0115942244973404,6.034782673492021
EX_lys_L(e),0.9145634000824376,5.487380400494626
EX_phe_L(e),0.8430825500251186,7.587742950226067
EX_ppa(e),0.1127227093824225,0.3381681281472675
