,fluxes,C-fluxes
EX_ac(e),12.327038901892024,24.65407780378405
EX_ade(e),0.19855522844395787,0.9927761422197894
EX_for(e),9.20142461129619,9.20142461129619
EX_hista(e),0.09781952999855585,0.48909764999277927
EX_indole(e),0.05628057367142841,0.4502445893714273
EX_ppa(e),4.54745490987807,13.64236472963421
EX_tym(e),0.9386872726694228,7.509498181355382
