,fluxes,C-fluxes
EX_ac(e),1.4106023572249609,2.8212047144499217
EX_acald(e),1.979400795444269,3.958801590888538
EX_ade(e),1.9464411180309151,9.732205590154576
EX_for(e),1.6056773395101183,1.6056773395101183
EX_gua(e),0.9424885598496874,4.712442799248437
EX_indole(e),0.053376563449875396,0.42701250759900317
EX_lac_D(e),26.638717909949428,79.91615372984828
EX_phe_L(e),0.8043978822145692,7.239580939931123
EX_succ(e),0.8153256357738531,3.2613025430954123
