,fluxes,C-fluxes
EX_4abut(e),0.18,0.72
EX_ac(e),4.8776556953460135,9.755311390692027
EX_dad_2(e),0.02539972375821028,0.2539972375821028
EX_for(e),6.186914262725111,6.186914262725111
EX_indole(e),0.05671299084001196,0.4537039267200957
EX_ins(e),0.034379808097486114,0.34379808097486114
EX_lys_L(e),0.8841634424034145,5.304980654420487
EX_succ(e),6.6180482146554445,26.472192858621778
EX_thymd(e),1.9029144263129287,19.029144263129286
EX_val_L(e),3.466479466165529,17.332397330827646
