,fluxes,C-fluxes
EX_12ppd_S(e),2.0,6.0
EX_gcald(e),0.004386233611217776,0.008772467222435552
EX_glyc(e),0.01508303422969381,0.04524910268908143
EX_ins(e),2.0018141890168293,20.018141890168295
EX_lys_L(e),0.8594529947572381,5.156717968543429
EX_mnl(e),6.52989654737725,39.179379284263504
EX_phe_L(e),0.7849824751867481,7.064842276680733
EX_succ(e),25.898171473242304,103.59268589296921
EX_thymd(e),1.8734625921910197,18.734625921910197
EX_val_L(e),2.29688915632172,11.484445781608601
