,fluxes,C-fluxes
EX_ac(e),0.5989325002737257,1.1978650005474514
EX_but(e),7.23910599730772,28.95642398923088
EX_for(e),15.327763452678532,15.327763452678532
EX_urea(e),0.002461788042570576,0.002461788042570576
