,fluxes,C-fluxes
EX_ac(e),30.36908130417262,60.73816260834524
EX_dtmp(e),0.9802055842066038,9.802055842066038
EX_for(e),13.063484027065147,13.063484027065147
EX_nac(e),0.995878138428128,5.975268830568768
EX_phe_L(e),0.7481636401068418,6.733472760961576
