,fluxes,C-fluxes
EX_ac(e),6.986784793128986,13.973569586257971
EX_ala_L(e),0.05656189439465775,0.16968568318397326
EX_but(e),0.2194787425276341,0.8779149701105364
EX_etoh(e),5.950673322089722,11.901346644179444
EX_for(e),13.429741942071168,13.429741942071168
EX_nac(e),0.24751854531944048,1.4851112719166428
EX_orn(e),0.039560405131625835,0.19780202565812918
EX_succ(e),0.039560405131625835,0.15824162052650334
TS_ahcys_c,0.00028970392438589925,0.00405585494140259
