,fluxes,C-fluxes
EX_ac(e),0.5370949263136537,1.0741898526273075
EX_but(e),0.00031393419291106053,0.0012557367716442421
EX_for(e),0.5374679789346098,0.5374679789346098
EX_fum(e),0.0005678380977484838,0.002271352390993935
EX_glyc(e),0.5278041009245701,1.5834123027737101
EX_lac_L(e),0.13883989416547562,0.4165196824964269
