,fluxes,C-fluxes
EX_ac(e),2.2736712866508766,4.547342573301753
EX_ala_L(e),0.5612951651027767,1.68388549530833
EX_etoh(e),0.13654501194493904,0.2730900238898781
EX_glyc(e),0.031941654295570006,0.09582496288671002
EX_lac_L(e),17.148815127768234,51.446445383304706
EX_succ(e),0.038110823328110145,0.15244329331244058
