,fluxes,C-fluxes
EX_ac(e),8.8195344040426,17.6390688080852
EX_but(e),3.9373144362014294,15.749257744805718
EX_etoh(e),5.807991587878696,11.615983175757393
EX_fum(e),0.06858340121175485,0.2743336048470194
EX_nac(e),0.2881498067837344,1.7288988407024064
