,fluxes,C-fluxes
EX_ac(e),0.6170092653366593,1.2340185306733187
EX_ala_L(e),0.13840342594408875,0.4152102778322663
EX_but(e),0.00035077864764256614,0.0014031145905702646
EX_for(e),0.6170769188712361,0.6170769188712361
EX_glyc(e),0.4640570923817918,1.3921712771453754
