,fluxes,C-fluxes
EX_ac(e),2.852011481830413,5.704022963660826
EX_ade(e),1.063843148944877,5.319215744724385
EX_dgsn(e),0.9959587495297252,9.959587495297251
EX_for(e),3.174402968233103,3.174402968233103
EX_glyc(e),0.0013713658699996737,0.004114097609999021
EX_inost(e),0.02698113965212559,0.16188683791275355
EX_ppa(e),1.000020354248936,3.0000610627468083
