,fluxes,C-fluxes
EX_ac(e),13.098915330523491,26.197830661046982
EX_ade(e),1.953558225051655,9.767791125258276
EX_cys_L(e),0.09724626518728122,0.2917387955618437
EX_etoh(e),3.6823358944542197,7.364671788908439
EX_for(e),7.234609238137581,7.234609238137581
EX_glyc(e),0.009052133920505663,0.027156401761516992
EX_orn(e),0.08041811095285735,0.40209055476428673
