,fluxes,C-fluxes
EX_ac(e),16.000510897854777,32.001021795709555
EX_cys_L(e),0.13476660941987473,0.4042998282596242
EX_etoh(e),3.4887888507125595,6.977577701425119
EX_for(e),7.518717404485674,7.518717404485674
EX_glyc(e),0.03836365989186783,0.1150909796756035
EX_orn(e),0.09848805838321692,0.4924402919160846
