,fluxes,C-fluxes
EX_ac(e),24.676839698724688,49.353679397449376
EX_acald(e),0.5959559712766201,1.1919119425532403
EX_gcald(e),0.03477420429640658,0.06954840859281317
EX_glyc(e),0.6512560622049243,1.9537681866147727
EX_lys_L(e),0.5520579202630642,3.3123475215783853
EX_ppa(e),6.981642491455876,20.944927474367628
EX_strch2(e),2.0,36.0
EX_succ(e),25.40129198917801,101.60516795671204
EX_ura(e),0.7278663108844284,2.9114652435377137
