,fluxes,C-fluxes
EX_ac(e),6.711258168193139,13.422516336386279
EX_ala_L(e),1.9595584034073061,5.878675210221918
EX_gcald(e),0.034350453634028486,0.06870090726805697
EX_lac_L(e),69.6435097912601,208.9305293737803
EX_ppa(e),7.191641080135193,21.57492324040558
