,fluxes,C-fluxes
EX_4abut(e),1.9144609654968516,7.6578438619874065
EX_ac(e),24.670689093332772,49.341378186665544
EX_dad_2(e),0.7935922549509087,7.935922549509087
EX_etoh(e),11.774686815652702,23.549373631305404
EX_gly(e),0.13799405222774783,0.27598810445549565
EX_ins(e),0.030882982957590826,0.30882982957590827
EX_lys_L(e),0.35427318350422005,2.12563910102532
EX_succ(e),37.42497941298124,149.69991765192495
