,fluxes,C-fluxes
EX_15dap(e),0.7268533225319959,3.6342666126599794
EX_ac(e),1.8888152492684105,3.777630498536821
EX_acald(e),0.8990562370363608,1.7981124740727217
EX_ala_L(e),1.3393591347055473,4.018077404116642
EX_cys_L(e),0.05011623446316709,0.15034870338950126
EX_gcald(e),0.0346765249334324,0.0693530498668648
EX_gly(e),0.8331321991092469,1.6662643982184937
EX_lac_L(e),88.60321055093216,265.8096316527965
EX_ura(e),1.4577620258558952,5.831048103423581
