,fluxes,C-fluxes
EX_12ppd_S(e),2.0,6.0
EX_3mop(e),4.7601657017343015,28.56099421040581
EX_ac(e),53.26856735168357,106.53713470336714
EX_glyc(e),0.046969667005045006,0.140909001015135
EX_ins(e),0.7643530625611878,7.643530625611879
EX_met_L(e),0.7134724534353216,3.567362267176608
EX_phe_L(e),0.6319433542424056,5.68749018818165
EX_pro_L(e),5.570194473302863,27.850972366514316
EX_succ(e),48.08984614142728,192.35938456570912
EX_thymd(e),1.6189045885714939,16.18904588571494
