,fluxes,C-fluxes
EX_ac(e),28.20889090339497,56.41778180678994
EX_gcald(e),0.012272922842777288,0.024545845685554575
EX_hxan(e),0.9047431178307117,4.523715589153559
EX_ile_L(e),0.6248187388336808,3.7489124330020847
EX_indole(e),0.02617342323057725,0.209387385844618
EX_lys_L(e),0.8258226154623045,4.954935692773827
EX_pro_L(e),7.613996596968704,38.06998298484352
EX_succ(e),7.336736598351232,29.346946393404927
