,fluxes,C-fluxes
EX_ac(e),4.527494454976231,9.054988909952462
EX_dad_2(e),1.0093444525425594,10.093444525425594
EX_for(e),4.224737521218589,4.224737521218589
EX_ppa(e),3.098337365135723,9.295012095407168
EX_uri(e),0.9658990120552124,8.693091108496912
