,fluxes,C-fluxes
EX_ac(e),5.976998539634302,11.953997079268603
EX_adn(e),0.009030577929569229,0.09030577929569228
EX_dcyt(e),0.03607085681331989,0.324637711319879
EX_for(e),4.716454403297961,4.716454403297961
EX_ppa(e),0.4119115376408333,1.2357346129225
