,fluxes,C-fluxes
EX_12ppd_S(e),2.0,6.0
EX_ac(e),12.776570706039385,25.55314141207877
EX_dad_2(e),0.13764622132927976,1.3764622132927975
EX_for(e),5.053555194017492,5.053555194017492
EX_indole(e),0.03835368288463325,0.306829463077066
EX_succ(e),8.573852255842457,34.29540902336983
EX_thymd(e),0.8247740133916455,8.247740133916455
