,fluxes,C-fluxes
EX_ac(e),6.448305107983809,12.896610215967618
EX_adn(e),0.009643437788893625,0.09643437788893625
EX_dcyt(e),0.03935885039271805,0.35422965353446245
EX_for(e),5.186216965864524,5.186216965864524
EX_ppa(e),0.8462774138750065,2.5388322416250197
