,fluxes,C-fluxes
EX_ac(e),4.570247139369517,9.140494278739034
EX_dad_2(e),0.015368037827111153,0.15368037827111153
EX_for(e),4.5103977375945865,4.5103977375945865
EX_ins(e),0.959444785475091,9.59444785475091
EX_ppa(e),2.0000605052542166,6.00018151576265
