,fluxes,C-fluxes
EX_12ppd_S(e),2.0,6.0
EX_ac(e),18.83363398282802,37.66726796565604
EX_dad_2(e),0.11793945777631737,1.1793945777631736
EX_for(e),5.099800650419314,5.099800650419314
EX_ins(e),0.7433535468533234,7.433535468533234
EX_succ(e),15.220008640889802,60.88003456355921
EX_thymd(e),0.9618919842132139,9.618919842132138
TS_cbl1_c,1.0052997516160025,62.32858460019215
