,fluxes,C-fluxes
EX_ac(e),18.41602342662244,36.83204685324488
EX_cys_L(e),1.2664048776190375,3.7992146328571126
EX_for(e),3.661938662277331,3.661938662277331
EX_glc_D(e),13.878980319731614,83.27388191838969
EX_indole(e),0.0011357148441567904,0.009085718753254323
EX_pac(e),0.7314921128275487,5.851936902620389
EX_succ(e),15.620556408031872,62.48222563212749
EX_thymd(e),0.9615633691041426,9.615633691041426
