,fluxes,C-fluxes
EX_ac(e),14.412473899549584,28.824947799099167
EX_for(e),1.3174492771484119,1.3174492771484119
EX_glc_D(e),13.05390019737607,78.32340118425643
EX_indole(e),0.04469199648970246,0.35753597191761965
EX_meoh(e),0.047877273582227826,0.047877273582227826
EX_pac(e),0.8173211364476444,6.538569091581155
EX_succ(e),12.839733435328368,51.35893374131347
EX_thymd(e),0.38143556725352246,3.814355672535225
