,fluxes,C-fluxes
EX_ac(e),5.1322545951162875,10.264509190232575
EX_dad_2(e),0.012664753645087769,0.12664753645087767
EX_for(e),4.759900788075099,4.759900788075099
EX_ins(e),0.9641867682006446,9.641867682006446
EX_ppa(e),1.798476969635273,5.395430908905819
