,fluxes,C-fluxes
EX_ac(e),14.260590938250743,28.521181876501487
EX_dad_2(e),0.07666917608028387,0.7666917608028387
EX_for(e),2.93748017840788,2.93748017840788
EX_ins(e),0.5008338145080775,5.008338145080775
EX_succ(e),11.437139558205635,45.74855823282254
EX_thymd(e),0.9623091744213088,9.623091744213088
