,fluxes,C-fluxes
EX_12ppd_S(e),2.0,6.0
EX_ac(e),26.253985219606516,52.50797043921303
EX_ade(e),0.7913807701029959,3.9569038505149794
EX_cys_L(e),0.9051381160574159,2.7154143481722475
EX_for(e),26.839616588894415,26.839616588894415
EX_nac(e),0.9896973927401179,5.938184356440708
EX_ppa(e),20.858177979170485,62.574533937511454
EX_thymd(e),0.8016451277036736,8.016451277036737
