,fluxes,C-fluxes
EX_ac(e),22.450715553629443,44.90143110725889
EX_adn(e),0.0052586616584083595,0.0525866165840836
EX_arab_L(e),0.0055197,0.027598499999999998
EX_dcyt(e),0.13326416993022278,1.199377529372005
EX_for(e),9.488083602747455,9.488083602747455
EX_glc_D(e),11.96686368,71.80118207999999
EX_indole(e),0.0407639297957463,0.3261114383659704
EX_pac(e),0.7475909740170164,5.980727792136131
EX_ppa(e),0.5680521962241458,1.7041565886724375
EX_succ(e),14.599465894923249,58.397863579692995
