,fluxes,C-fluxes
EX_4abut(e),0.18,0.72
EX_ac(e),7.858068525968765,15.71613705193753
EX_acald(e),1.9851675305853198,3.9703350611706396
EX_ade(e),1.9118946884099146,9.559473442049573
EX_for(e),2.221875333806558,2.221875333806558
EX_gua(e),1.00833957595513,5.04169787977565
EX_indole(e),0.05092617685701769,0.4074094148561415
EX_orn(e),0.041814682151989066,0.20907341075994534
EX_succ(e),6.938074088795441,27.752296355181763
