,fluxes,C-fluxes
EX_ac(e),7.454073376315466,14.908146752630932
EX_adn(e),0.013223873437555144,0.13223873437555145
EX_dcyt(e),0.05481117281254948,0.4933005553129453
EX_for(e),6.178919808056799,6.178919808056799
EX_ppa(e),1.6425828044960973,4.927748413488292
