,fluxes,C-fluxes
EX_ac(e),22.630905547036967,45.261811094073934
EX_ade(e),0.8123826837348127,4.061913418674063
EX_cys_L(e),0.6616533628121087,1.9849600884363263
EX_for(e),21.174084133721976,21.174084133721976
EX_nac(e),0.9916325587708741,5.9497953526252445
EX_ppa(e),17.687919544118905,53.063758632356716
