,fluxes,C-fluxes
EX_ac(e),14.853743893386266,29.707487786772532
EX_dad_2(e),0.09478179785814933,0.9478179785814933
EX_for(e),6.496616229993198,6.496616229993198
EX_ins(e),0.3793351620700677,3.793351620700677
EX_succ(e),9.204432230252884,36.817728921011536
EX_thymd(e),0.9623160290665244,9.623160290665243
