,fluxes,C-fluxes
EX_ac(e),6.372293164621479,12.744586329242958
EX_dad_2(e),0.011715250106781617,0.11715250106781616
EX_for(e),6.056020643897607,6.056020643897607
EX_ppa(e),1.849770708800619,5.549312126401857
