,fluxes,C-fluxes
EX_ac(e),6.424061813139787,12.848123626279573
EX_dad_2(e),0.0218968046384171,0.218968046384171
EX_for(e),5.1793952833214245,5.1793952833214245
EX_ppa(e),1.068360733288367,3.2050821998651005
