,fluxes,C-fluxes
EX_ac(e),7.957052596555967,15.914105193111935
EX_for(e),7.106025738380375,7.106025738380375
EX_lac_L(e),2.0,6.0
EX_ppa(e),7.77854755709825,23.33564267129475
EX_pydxn(e),0.9974563005048437,7.9796504040387495
EX_urea(e),0.047805697773060374,0.047805697773060374
