,fluxes,C-fluxes
EX_ac(e),23.032411331946403,46.064822663892805
EX_ade(e),0.7189180637474716,3.594590318737358
EX_for(e),7.8477584940156335,7.8477584940156335
EX_gal(e),0.00091995,0.0055197
EX_glc_D(e),0.00844312,0.050658720000000004
EX_ppa(e),0.5238334795029695,1.5715004385089086
EX_ptrc(e),0.6472248019098871,2.5888992076395483
EX_succ(e),17.224317988473587,68.89727195389435
