,fluxes,C-fluxes
EX_ac(e),5.391950095223064,10.783900190446127
EX_for(e),4.346086435046539,4.346086435046539
EX_ppa(e),0.6815194576121081,2.0445583728363244
