,fluxes,C-fluxes
EX_ac(e),8.395252014515696,16.790504029031393
EX_for(e),3.655094603338014,3.655094603338014
EX_gcald(e),0.004251185924215989,0.008502371848431977
EX_gsn(e),0.03464857147854932,0.3464857147854932
EX_orn(e),0.03715280656883299,0.18576403284416496
EX_succ(e),7.748042480741107,30.99216992296443
