,fluxes,C-fluxes
EX_12ppd_S(e),2.0,6.0
EX_ac(e),25.349225703689154,50.69845140737831
EX_ade(e),1.679807338441505,8.399036692207526
EX_cys_L(e),0.6050392642344229,1.8151177927032687
EX_for(e),27.55703094506568,27.55703094506568
EX_glyc(e),0.043067775323466916,0.12920332597040074
EX_indole(e),0.010440165573740388,0.0835213245899231
EX_nac(e),0.9958081177421033,5.97484870645262
EX_ppa(e),19.214750539627182,57.64425161888155
EX_thymd(e),0.8629755941681685,8.629755941681685
