,fluxes,C-fluxes
EX_ac(e),5.972926519015283,11.945853038030567
EX_adn(e),0.009184924716419978,0.09184924716419977
EX_dcyt(e),0.03381581796629899,0.30434236169669093
EX_for(e),4.711170927354895,4.711170927354895
EX_ppa(e),0.4059225354225545,1.2177676062676634
