,fluxes,C-fluxes
EX_ac(e),9.396058899294983,18.792117798589967
EX_dad_2(e),1.0210509605102485,10.210509605102484
EX_for(e),6.5388555070568755,6.5388555070568755
EX_lac_L(e),2.0,6.0
EX_ppa(e),9.076874035385037,27.23062210615511
EX_urea(e),0.03833227304556394,0.03833227304556394
EX_uri(e),0.8898650232105537,8.008785208894983
TS_cbl1_c,0.1156907068187314,7.172823822761347
