,fluxes,C-fluxes
EX_ac(e),6.453543487852901,12.907086975705802
EX_adn(e),0.013141896675391621,0.1314189667539162
EX_dcyt(e),0.04398661924407219,0.39587957319664974
EX_for(e),5.181833766506886,5.181833766506886
EX_ppa(e),0.8235953951162617,2.470786185348785
