,fluxes,C-fluxes
EX_ac(e),8.80171381456249,17.60342762912498
EX_dad_2(e),0.031409402509436975,0.31409402509436973
EX_for(e),8.24715340941503,8.24715340941503
EX_ins(e),0.9320417883158659,9.32041788315866
EX_ppa(e),5.2056654631090025,15.616996389327007
