,fluxes,C-fluxes
EX_ac(e),0.9894124330353139,1.9788248660706278
EX_succ(e),1.72834894912052,6.91339579648208
