,fluxes,C-fluxes
EX_ac(e),8.571917342170218,17.143834684340437
EX_ade(e),0.881264034587113,4.406320172935565
EX_for(e),6.426268875964934,6.426268875964934
EX_lac_L(e),2.0,6.0
EX_ppa(e),12.957235222941089,38.87170566882327
