,fluxes,C-fluxes
EX_4abut(e),0.18,0.72
EX_ac(e),17.350501472938863,34.701002945877725
EX_acald(e),1.9824780279857808,3.9649560559715615
EX_ade(e),1.757863299571992,8.78931649785996
EX_for(e),19.55257816376898,19.55257816376898
EX_gua(e),0.9401300065625927,4.7006500328129635
EX_indole(e),0.02677561450953573,0.21420491607628583
EX_nac(e),0.9967709187324642,5.980625512394785
EX_ppa(e),16.385042868153608,49.15512860446083
