,fluxes,C-fluxes
EX_ac(e),6.523295974128991,13.046591948257982
EX_adn(e),0.007365823718596179,0.07365823718596179
EX_dcyt(e),0.031819381467698436,0.2863744332092859
EX_for(e),5.209348709906035,5.209348709906035
EX_ppa(e),0.8023949914451223,2.407184974335367
