,fluxes,C-fluxes
EX_ac(e),6.414286103357969,12.828572206715938
EX_dad_2(e),0.021372568754701317,0.21372568754701315
EX_for(e),5.903593475840492,5.903593475840492
EX_ins(e),0.9538878448614055,9.538878448614055
EX_orn(e),0.05685029102353798,0.2842514551176899
EX_ppa(e),3.3066525624785723,9.919957687435717
