,fluxes,C-fluxes
EX_ac(e),5.941630595460246,11.883261190920493
EX_adn(e),0.000152015388206183,0.00152015388206183
EX_cys_L(e),0.06453974558022058,0.19361923674066173
EX_dcyt(e),0.02916020879777346,0.26244187917996115
EX_for(e),4.749263351767108,4.749263351767108
EX_ppa(e),0.7085855606160313,2.125756681848094
