,fluxes,C-fluxes
EX_ac(e),25.99970209957915,51.9994041991583
EX_adn(e),0.0025127460145101203,0.025127460145101203
EX_for(e),10.16104524353903,10.16104524353903
EX_fuc_L(e),0.000789,0.004734
EX_gal(e),0.0014202,0.0085212
EX_glc_D(e),0.01541317,0.09247902
EX_ins(e),0.6884052865047328,6.884052865047328
EX_meoh(e),0.006511049999999999,0.006511049999999999
EX_pac(e),0.7007653062080934,5.606122449664747
EX_succ(e),17.718605234625805,70.87442093850322
EX_thymd(e),1.9576313847967695,19.576313847967693
