,fluxes,C-fluxes
EX_ac(e),6.173018275147536,12.346036550295072
EX_dad_2(e),0.022636897763486572,0.22636897763486571
EX_for(e),5.766059196106443,5.766059196106443
EX_ppa(e),1.3922796196803413,4.176838859041024
