,fluxes,C-fluxes
EX_ac(e),5.963171728991167,11.926343457982334
EX_for(e),4.99767739321758,4.99767739321758
EX_lac_L(e),2.0,6.0
EX_ppa(e),5.628667909916704,16.88600372975011
EX_pydxn(e),0.998168704391914,7.985349635135312
EX_urea(e),0.07538983551966126,0.07538983551966126
