,fluxes,C-fluxes
EX_ac(e),7.518120669155463,15.036241338310926
EX_dad_2(e),0.9574015924391347,9.574015924391347
EX_for(e),7.176933034234054,7.176933034234054
EX_ppa(e),2.5540039486262267,7.662011845878681
EX_uri(e),0.8768377878897269,7.891540091007542
