,fluxes,C-fluxes
EX_ac(e),10.360814827169438,20.721629654338876
EX_acald(e),1.9833643979554365,3.966728795910873
EX_ade(e),2.8949068893932277,14.474534446966139
EX_ala_L(e),0.13717717645213964,0.4115315293564189
EX_for(e),10.807089238750065,10.807089238750065
EX_gua(e),0.9965145472380474,4.982572736190237
EX_mnl(e),4.443341038468151,26.660046230808902
EX_orn(e),0.04258845781570911,0.21294228907854554
EX_ppa(e),2.0091635003097457,6.027490500929237
