,fluxes,C-fluxes
EX_akg(e),0.0015027500634982897,0.0075137503174914485
EX_hdca(e),0.0038808814890051563,0.0620941038240825
EX_succ(e),0.0007545293713739808,0.0030181174854959233
TS_nad_c,0.9675585064233981,20.31872863489136
TS_fadh2_c,1.0308694875948026,27.83347616505967
