,fluxes,C-fluxes
EX_ac(e),46.47342813785208,92.94685627570416
EX_etoh(e),9.982602359673155,19.96520471934631
EX_for(e),24.27437449852809,24.27437449852809
EX_hista(e),0.0909937470322663,0.4549687351613315
EX_phe_L(e),0.834349239155433,7.509143152398897
EX_pro_L(e),0.04561071534686606,0.2280535767343303
EX_thymd(e),0.882811467030484,8.82811467030484
EX_trypta(e),0.04486878719623654,0.4486878719623654
EX_val_L(e),1.755676520093848,8.77838260046924
