,fluxes,C-fluxes
EX_ac(e),17.324598144064506,34.64919628812901
EX_cys_L(e),0.1539519570808284,0.46185587124248517
EX_for(e),1.14804837865825,1.14804837865825
EX_gal(e),0.00470194,0.02821164
EX_glyc(e),0.01064374069606039,0.03193122208818117
EX_lac_L(e),8.611379041206144,25.834137123618433
EX_succ(e),0.09211712615822287,0.3684685046328915
