,fluxes,C-fluxes
EX_12ppd_S(e),2.0,6.0
EX_ac(e),39.46060925036452,78.92121850072904
EX_cys_L(e),0.9618359669667058,2.8855079009001177
EX_etoh(e),5.668046754239339,11.336093508478678
EX_for(e),18.48841602868428,18.48841602868428
EX_gal(e),4.00470194,24.028211640000002
EX_phe_L(e),0.6982133100450485,6.283919790405436
EX_succ(e),0.008998650694461298,0.03599460277784519
