,fluxes,C-fluxes
EX_ac(e),19.689133883915968,39.378267767831936
EX_arab_L(e),0.0055197,0.027598499999999998
EX_cytd(e),0.1843689581266355,1.6593206231397195
EX_etoh(e),3.7437508197539984,7.487501639507997
EX_for(e),8.721677642363089,8.721677642363089
EX_gal(e),1.7036814602556123,10.222088761533673
EX_glyc(e),0.010658015502316667,0.03197404650695
EX_succ(e),0.27666389921475293,1.1066555968590117
EX_val_L(e),0.09383500097652009,0.46917500488260044
