,fluxes,C-fluxes
EX_ac(e),49.66812226695343,99.33624453390686
EX_cys_L(e),0.9587646553945766,2.87629396618373
EX_etoh(e),8.21804270688422,16.43608541376844
EX_for(e),22.063964241211615,22.063964241211615
EX_glcur(e),0.00032865,0.0019719
EX_phe_L(e),0.6706151270018221,6.035536143016399
