,fluxes,C-fluxes
EX_ac(e),18.391141889733916,36.78228377946783
EX_ala_L(e),0.09506297410609803,0.28518892231829407
EX_cys_L(e),0.15866896462711846,0.4760068938813554
EX_cytd(e),0.1887874642212863,1.6990871779915768
EX_for(e),1.18231202594758,1.18231202594758
EX_gal(e),0.00470194,0.02821164
EX_glyc(e),0.010929579245324032,0.032788737735972094
EX_lac_L(e),8.03556575288241,24.10669725864723
EX_succ(e),0.28382650104436535,1.1353060041774614
EX_val_L(e),0.1821667666688944,0.910833833344472
