,fluxes,C-fluxes
EX_ac(e),48.64481643773443,97.28963287546885
EX_csn(e),0.10981423822088118,0.43925695288352473
EX_cys_L(e),0.976855833687153,2.930567501061459
EX_etoh(e),5.705634952558936,11.411269905117871
EX_for(e),14.608636438098141,14.608636438098141
EX_lac_L(e),7.446950691802437,22.340852075407312
EX_phe_L(e),0.8015000411100524,7.213500369990471
EX_val_L(e),1.7828494415179352,8.914247207589677
