,fluxes,C-fluxes
EX_ac(e),58.13224594225333,116.26449188450665
EX_cys_L(e),1.3621283464663716,4.086385039399115
EX_etoh(e),8.701720217143949,17.403440434287898
EX_for(e),22.972514359839373,22.972514359839373
EX_gal(e),3.0852375862365533,18.51142551741932
EX_phe_L(e),0.7694882605531403,6.925394344978264
EX_val_L(e),2.238890002699104,11.194450013495521
