,fluxes,C-fluxes
EX_ac(e),17.33283474461778,34.66566948923556
EX_ala_L(e),0.06618778432759556,0.19856335298278668
EX_cys_L(e),0.9682274161292336,2.904682248387701
EX_etoh(e),3.7300358539655716,7.460071707931143
EX_for(e),8.714935141483831,8.714935141483831
EX_gly(e),0.8354264248557117,1.6708528497114234
EX_glyc(e),0.01064823501287271,0.03194470503861813
EX_pro_L(e),0.07212957725455962,0.3606478862727981
