,fluxes,C-fluxes
EX_ac(e),30.226113958032293,60.45222791606459
EX_cys_L(e),0.019795107226931695,0.059385321680795085
EX_etoh(e),5.872771075977512,11.745542151955023
EX_for(e),14.63435225846847,14.63435225846847
EX_lys_L(e),0.9310604276629876,5.586362565977925
EX_phe_L(e),0.8648156368458714,7.783340731612842
EX_pro_L(e),0.06284532935198833,0.31422664675994166
