,fluxes,C-fluxes
EX_ac(e),13.598988256251706,27.197976512503413
EX_cytd(e),0.07258702277247768,0.6532832049522991
EX_etoh(e),1.6626051436162985,3.325210287232597
EX_for(e),6.558897025362555,6.558897025362555
EX_gly(e),0.04833069943903931,0.09666139887807862
EX_glyc(e),0.0037420965869905884,0.011226289760971765
EX_ile_L(e),0.018789357226882377,0.11273614336129426
EX_phe_L(e),0.9451668868087127,8.506501981278415
EX_pro_L(e),0.34064454032320535,1.7032227016160268
