,fluxes,C-fluxes
EX_4abut(e),0.18,0.72
EX_ac(e),31.418626088875776,62.83725217775155
EX_etoh(e),6.644721251987687,13.289442503975375
EX_for(e),18.467846944493072,18.467846944493072
EX_gal(e),3.026029294840289,18.156175769041734
EX_glyc(e),0.010843288362527457,0.03252986508758237
EX_phe_L(e),0.8786779536977198,7.908101583279478
EX_strch2(e),0.06964237801128133,1.253562804203064
