,fluxes,C-fluxes
EX_ac(e),59.20292280379461,118.40584560758921
EX_acald(e),8.974524303443964,17.949048606887928
EX_lac_L(e),32.66321000803386,97.98963002410157
EX_nac(e),0.9188625174407754,5.513175104644652
EX_orn(e),0.15,0.75
EX_phe_L(e),0.6695855724897526,6.026270152407774
TS_ahcys_c,0.0009985769888489376,0.013980077843885125
