,fluxes,C-fluxes
EX_ac(e),42.49486188932189,84.98972377864378
EX_cytd(e),0.4066976693210562,3.660279023889506
EX_etoh(e),6.630480697242606,13.260961394485212
EX_for(e),18.329116110668572,18.329116110668572
EX_gly(e),0.7805987853142917,1.5611975706285834
EX_orn(e),0.15,0.75
EX_phe_L(e),0.8286923843213253,7.458231458891928
EX_val_L(e),2.8847480799871836,14.423740399935918
