,fluxes,C-fluxes
EX_ac(e),31.142611804613214,62.28522360922643
EX_etoh(e),6.275654129155379,12.551308258310758
EX_for(e),15.356586742984643,15.356586742984643
EX_gal(e),3.316278664639937,19.897671987839622
EX_phe_L(e),0.8456946734738582,7.611252061264723
