,fluxes,C-fluxes
EX_5mthf(e),0.9973286709887595,19.94657341977519
EX_ac(e),32.01850992889461,64.03701985778922
EX_etoh(e),4.482683048670511,8.965366097341022
EX_for(e),15.349705170642874,15.349705170642874
EX_gal(e),0.9225193724320542,5.535116234592325
EX_glcur(e),0.00032865,0.0019719
EX_glyc(e),0.009185955534212363,0.027557866602637086
EX_phe_L(e),0.8921312132152733,8.02918091893746
EX_pro_L(e),0.10719194049768521,0.5359597024884261
EX_succ(e),0.005116086697006033,0.020464346788024133
