,fluxes,C-fluxes
EX_ac(e),13.261714041747599,26.523428083495197
EX_cytd(e),0.072347364520394,0.651126280683546
EX_etoh(e),0.7964657380613329,1.5929314761226658
EX_for(e),6.878975902673727,6.878975902673727
EX_glc_D(e),0.00282117,0.01692702
EX_gly(e),1.0468761368760686,2.0937522737521372
EX_glyc(e),0.0037297693180196488,0.011189307954058945
EX_ile_L(e),0.02253977318558521,0.13523863911351125
EX_phe_L(e),0.9452745339308712,8.50747080537784
EX_pro_L(e),0.34039747270197274,1.7019873635098637
