,fluxes,C-fluxes
EX_5mthf(e),1.0,20.0
EX_ac(e),35.37920652935112,70.75841305870225
EX_cys_L(e),0.9630234729105471,2.8890704187316416
EX_etoh(e),6.052097526040952,12.104195052081904
EX_for(e),16.08746125880793,16.08746125880793
EX_gal(e),3.532319610869208,21.193917665215245
EX_glc_D(e),0.4838735488888046,2.9032412933328278
EX_thymd(e),0.04686018664509062,0.4686018664509062
