,fluxes,C-fluxes
EX_ac(e),18.094362014201337,36.188724028402675
EX_cys_L(e),0.15696496697572768,0.470894900927183
EX_cytd(e),0.18807555968182935,1.692680037136464
EX_for(e),1.17248812976663,1.17248812976663
EX_gal(e),0.00470194,0.02821164
EX_glyc(e),0.010898611262336273,0.03269583378700882
EX_lac_L(e),8.417997948255058,25.253993844765176
EX_succ(e),0.2825373976946868,1.130149590778747
EX_val_L(e),0.10762046603239944,0.5381023301619972
