,fluxes,C-fluxes
EX_ac(e),12.707141394931494,25.414282789862987
EX_cytd(e),0.07011230197706314,0.6310107177935682
EX_etoh(e),1.1531366443043614,2.3062732886087227
EX_for(e),6.714369077581538,6.714369077581538
EX_gly(e),0.2506320429049907,0.5012640858099814
EX_glyc(e),0.003589461027440701,0.010768383082322103
EX_ile_L(e),0.0138911567738294,0.0833469406429764
EX_phe_L(e),0.9473415599130801,8.526074039217722
EX_pro_L(e),0.34442821623782355,1.7221410811891178
