,fluxes,C-fluxes
EX_ac(e),45.67110380579874,91.34220761159747
EX_etoh(e),6.637509009383001,13.275018018766001
EX_for(e),16.424087065988957,16.424087065988957
EX_lac_L(e),6.767479863370464,20.30243959011139
EX_phe_L(e),0.7972404642333668,7.175164178100301
EX_pro_L(e),0.06969038488934605,0.34845192444673023
