,fluxes,C-fluxes
EX_ac(e),6.7722700205576025,13.544540041115205
EX_cys_L(e),0.9946735580069023,2.984020674020707
EX_for(e),6.051508684916156,6.051508684916156
EX_phe_L(e),0.9481853919379712,8.53366852744174
