,fluxes,C-fluxes
EX_ac(e),43.147021842996665,86.29404368599333
EX_for(e),16.37132956883392,16.37132956883392
