,fluxes,C-fluxes
EX_ac(e),64.72504348799077,129.45008697598155
EX_cys_L(e),0.9644966859425559,2.893490057827668
EX_for(e),14.524519201269475,14.524519201269475
EX_ins(e),1.0670501148281086,10.670501148281087
EX_lac_D(e),47.48733277465295,142.46199832395885
EX_phe_L(e),0.5333263246615151,4.799936921953636
EX_thymd(e),1.145739773890307,11.45739773890307
