,fluxes,C-fluxes
EX_12ppd_S(e),2.0,6.0
EX_ac(e),8.865806495574175,17.73161299114835
EX_but(e),2.348286280219436,9.393145120877744
EX_ile_L(e),0.8874684681867175,5.324810809120305
EX_indole(e),0.07869112238010628,0.6295289790408503
EX_nac(e),0.11382473505589281,0.6829484103353569
EX_phe_L(e),0.9077458252745202,8.169712427470682
EX_succ(e),0.0009750518930455779,0.0039002075721823117
EX_ura(e),0.9649571711739385,3.859828684695754
