,fluxes,C-fluxes
EX_acac(e),1.9184405368968085,7.673762147587234
EX_acald(e),1.2376265558403432,2.4752531116806864
EX_hxan(e),0.9359721159827695,4.679860579913847
EX_ile_L(e),0.7377354646477793,4.426412787886676
EX_leu_L(e),1.8149874576212843,10.889924745727706
EX_lys_L(e),0.7907477251291997,4.7444863507751975
EX_met_L(e),0.7825549145405949,3.9127745727029746
EX_succ(e),20.743394007987725,82.9735760319509
