,fluxes,C-fluxes
EX_ac(e),65.90954346187945,131.8190869237589
EX_acald(e),1.976634331841139,3.953268663682278
EX_for(e),0.031996737624210764,0.031996737624210764
EX_gua(e),0.7986656294450678,3.993328147225339
EX_leu_L(e),0.238490380294972,1.4309422817698318
EX_lys_L(e),0.8513287287732472,5.107972372639483
EX_trypta(e),0.02438120399233918,0.2438120399233918
EX_tym(e),0.9254211601675042,7.403369281340034
