,fluxes,C-fluxes
EX_ac(e),3.2481402306569835,6.496280461313967
EX_ile_L(e),2.1812583945631863,13.087550367379118
EX_lac_L(e),2.9426927843854904,8.82807835315647
EX_orn(e),0.9719564941859087,4.859782470929543
EX_succ(e),0.7782028612874592,3.1128114451498368
