,fluxes,C-fluxes
EX_acac(e),0.8060438709084308,3.224175483633723
EX_adn(e),0.4745417115385499,4.745417115385499
EX_dad_2(e),0.27216390141023866,2.7216390141023865
EX_etoh(e),9.887051692352047,19.774103384704095
EX_ile_L(e),0.34146228165206255,2.0487736899123754
EX_lys_L(e),0.5907524693738463,3.544514816243078
EX_nac(e),0.9881570992079262,5.928942595247557
EX_succ(e),38.488246578708456,153.95298631483382
