,fluxes,C-fluxes
EX_ac(e),0.8510082176783743,1.7020164353567486
EX_dad_2(e),1.8320439796923755,18.320439796923754
EX_etoh(e),16.820545087767993,33.641090175535986
EX_gcald(e),0.027290618231248998,0.054581236462497996
EX_ile_L(e),0.15948568822324574,0.9569141293394745
EX_lys_L(e),0.6793090797610501,4.075854478566301
EX_met_L(e),0.7906668575561998,3.953334287780999
EX_succ(e),41.367939276774855,165.47175710709942
