,fluxes,C-fluxes
EX_ac(e),7.897403453159529,15.794806906319058
EX_ade(e),0.011304989716546384,0.056524948582731924
EX_cys_L(e),0.09517578409737681,0.28552735229213044
EX_etoh(e),6.702964444206593,13.405928888413186
EX_for(e),13.590815348736477,13.590815348736477
EX_glyc(e),0.008732163987005458,0.026196491961016373
EX_nac(e),0.33977775665883986,2.0386665399530393
EX_orn(e),0.08692610882054963,0.43463054410274815
