,fluxes,C-fluxes
EX_ac(e),0.31929451587639296,0.6385890317527859
EX_but(e),6.002042924149693,24.008171696598772
EX_for(e),12.192123268125526,12.192123268125526
EX_glc_D(e),1.6591227818389223,9.954736691033533
EX_nac(e),0.17896329168235456,1.0737797500941273
