,fluxes,C-fluxes
EX_ac(e),45.96503370279241,91.93006740558482
EX_arab_L(e),0.0055197,0.027598499999999998
EX_but(e),10.174573695375761,40.698294781503044
EX_cys_L(e),0.8859496043546472,2.6578488130639415
EX_for(e),26.967075816970237,26.967075816970237
EX_gal(e),0.00091995,0.0055197
