,fluxes,C-fluxes
EX_ac(e),12.882272872306327,25.764545744612654
EX_ade(e),1.5912714665723648,7.956357332861824
EX_but(e),20.63606585174413,82.54426340697653
EX_dgsn(e),0.7834851853185523,7.834851853185523
EX_for(e),57.87582296924184,57.87582296924184
EX_ile_L(e),0.09176995417737538,0.5506197250642523
EX_phe_L(e),0.5912621444363988,5.32135929992759
