,fluxes,C-fluxes
EX_ala_L(e),0.5408849196045231,1.6226547588135694
EX_succ(e),1.9786841825214179,7.9147367300856715
TS_for_c,0.5767118734031932,0.5767118734031932
