,fluxes,C-fluxes
EX_ac(e),4.844092780118942,9.688185560237883
EX_gly(e),1.0047987634312923,2.0095975268625845
EX_phe_L(e),0.8826186919659241,7.9435682276933175
EX_succ(e),3.032285813124831,12.129143252499324
