,fluxes,C-fluxes
EX_cytd(e),0.007600045236065753,0.06840040712459178
EX_pyr(e),1.104234331854027,3.3127029955620815
EX_succ(e),1.0587919791892193,4.235167916756877
