,fluxes,C-fluxes
EX_cytd(e),0.011495152270050843,0.10345637043045758
EX_dad_2(e),0.0006509363566311101,0.006509363566311101
EX_pyr(e),1.5533667488571055,4.660100246571316
EX_succ(e),0.8385787539355425,3.35431501574217
