,fluxes,C-fluxes
EX_ac(e),6.519002474519092,13.038004949038184
EX_ade(e),0.9960924303722483,4.980462151861241
EX_ala_L(e),2.7318076761362398,8.195423028408719
EX_cys_L(e),0.9864748027410726,2.9594244082232177
EX_dcyt(e),0.9653836451427721,8.688452806284948
EX_fru(e),6.0211585,36.126951000000005
EX_gcald(e),0.0014796245059906855,0.002959249011981371
EX_glyc(e),0.005088016063229071,0.015264048189687213
EX_nac(e),0.999506790347577,5.997040742085462
