,fluxes,C-fluxes
EX_ac(e),1.6139174335987143,3.2278348671974286
EX_ade(e),0.9993536846808948,4.996768423404474
EX_dcyt(e),0.8170830416162717,7.353747374546445
EX_glyc(e),0.0014906364775952316,0.004471909432785695
EX_lac_D(e),3.017623534092022,9.052870602276066
EX_nac(e),0.9998555045456959,5.999133027274175
EX_succ(e),0.15095893389028975,0.603835735561159
