,fluxes,C-fluxes
EX_ac(e),3.0699477815544043,6.139895563108809
EX_ade(e),0.9996779396820697,4.998389698410349
EX_cys_L(e),0.9960309265510441,2.9880927796531322
EX_dcyt(e),0.854569116038927,7.691122044350344
EX_lac_D(e),2.553499892430965,7.660499677292895
EX_nac(e),0.9998341655657177,5.999004993394307
EX_succ(e),0.05434974942791818,0.21739899771167273
