,fluxes,C-fluxes
EX_ac(e),16.92676688875106,33.85353377750212
EX_but(e),5.142561820488571,20.570247281954284
EX_cys_L(e),0.9050803245424286,2.715240973627286
EX_etoh(e),8.709965151254027,17.419930302508053
EX_for(e),35.367042964075665,35.367042964075665
EX_glyc(e),2.0,6.0
EX_phe_L(e),0.5026517440831074,4.523865696747967
