,fluxes,C-fluxes
EX_ac(e),59.90595217170248,119.81190434340496
EX_etoh(e),10.371947616820469,20.743895233640938
EX_for(e),47.35957267285206,47.35957267285206
EX_gal(e),4.0,24.0
EX_gcald(e),11.66643642582208,23.33287285164416
EX_ins(e),1.2743311800542543,12.743311800542543
EX_nac(e),0.9862891658928126,5.917734995356875
EX_phe_L(e),0.260939324112411,2.348453917011699
EX_ppa(e),7.79965486,23.39896458
