,fluxes,C-fluxes
EX_4hphac(e),0.8282811235350361,6.626248988280289
EX_ac(e),29.99933774946181,59.99867549892362
EX_etoh(e),10.682195689248164,21.36439137849633
EX_for(e),45.32753077309608,45.32753077309608
EX_lac_D(e),16.632999228284746,49.89899768485424
EX_nac(e),0.9951982793935161,5.971189676361097
EX_ppa(e),4.0,12.0
EX_ptrc(e),0.6972518668329976,2.7890074673319902
EX_val_L(e),0.9428216678653394,4.714108339326697
