,fluxes,C-fluxes
EX_ac(e),2.494331260801558,4.988662521603116
EX_etoh(e),3.1793052468155043,6.358610493631009
EX_for(e),5.635994637925226,5.635994637925226
EX_glu_L(e),0.002717720324465742,0.01358860162232871
