,fluxes,C-fluxes
EX_ac(e),9.204255275597319,18.408510551194638
EX_cys_L(e),0.9572077007662368,2.8716231022987104
EX_etoh(e),3.9915930535461275,7.983186107092255
EX_for(e),6.344703650114615,6.344703650114615
EX_nac(e),0.3417005200653849,2.0502031203923097
EX_succ(e),7.476517212711446,29.906068850845784
