,fluxes,C-fluxes
EX_ac(e),11.867514375289232,23.735028750578465
EX_but(e),1.5459094691237283,6.183637876494913
EX_ch4s(e),0.8823318842137642,0.8823318842137642
EX_etoh(e),0.1496878661111939,0.2993757322223878
EX_for(e),12.80805699633226,12.80805699633226
