,fluxes,C-fluxes
EX_but(e),2.771436502232027,11.085746008928108
EX_pro_L(e),0.03725718024448528,0.1862859012224264
EX_succ(e),5.106294031035549,20.425176124142197
