,fluxes,C-fluxes
EX_ac(e),16.43915677062973,32.87831354125946
EX_etoh(e),11.441859170218398,22.883718340436797
EX_for(e),27.0238370642022,27.0238370642022
EX_phe_L(e),0.56521980923468,5.08697828311212
