,fluxes,C-fluxes
EX_12ppd_S(e),2.0,6.0
EX_ac(e),63.09927466283964,126.19854932567928
EX_etoh(e),0.584314414918039,1.168628829836078
EX_for(e),38.47417547481412,38.47417547481412
EX_hxan(e),0.7826009425852031,3.9130047129260155
EX_ile_L(e),0.3128117707522124,1.8768706245132742
EX_indole(e),0.0189476935066358,0.1515815480530864
EX_pro_L(e),11.077703671224114,55.38851835612057
EX_succ(e),2.7045000897046534,10.818000358818614
EX_tma(e),1.0,3.0
