,fluxes,C-fluxes
EX_ac(e),10.797456861592291,21.594913723184582
EX_adn(e),0.36911852478802953,3.6911852478802953
EX_cys_L(e),0.9307989452326293,2.792396835697888
EX_etoh(e),3.3939057126571996,6.787811425314399
EX_for(e),4.484690974435247,4.484690974435247
EX_glyc(e),2.0,6.0
EX_nac(e),0.9872739703417177,5.923643822050306
EX_succ(e),10.050183418375136,40.200733673500544
