,fluxes,C-fluxes
EX_ac(e),11.680636676394444,23.36127335278889
EX_cys_L(e),0.5492445862972828,1.6477337588918484
EX_glyc(e),2.0,6.0
EX_nac(e),0.9947295152198139,5.968377091318883
EX_succ(e),13.849466713367038,55.39786685346815
