,fluxes,C-fluxes
EX_ac(e),7.646164846048344,15.292329692096688
EX_ala_L(e),1.0567914089742896,3.1703742269228687
EX_btoh(e),1.0091334572788788,4.036533829115515
EX_but(e),0.0023926364561372097,0.009570545824548839
EX_etoh(e),1.3688824929665169,2.7377649859330337
EX_for(e),11.42938859153889,11.42938859153889
EX_glyc(e),0.008564800674790589,0.025694402024371767
EX_orn(e),0.02967530147578919,0.14837650737894595
EX_succ(e),0.013198469781733614,0.05279387912693446
