,fluxes,C-fluxes
EX_ac(e),1.023600256721633,2.047200513443266
EX_nac(e),0.0004495363325527715,0.002697217995316629
