,fluxes,C-fluxes
EX_ac(e),7.956603544609139,15.913207089218279
EX_ala_L(e),1.232687403379653,3.6980622101389593
EX_cys_L(e),0.8831088472271115,2.6493265416813343
EX_etoh(e),4.957743395699647,9.915486791399294
EX_for(e),11.760948669119083,11.760948669119083
EX_glyc(e),0.008346177278294169,0.025038531834882506
EX_pac(e),0.023230669288263655,0.18584535430610924
EX_succ(e),0.01286156827032646,0.05144627308130584
