,fluxes,C-fluxes
EX_ac(e),25.544960035725985,51.08992007145197
EX_cys_L(e),0.9257975860946398,2.7773927582839195
EX_for(e),9.361224522898357,9.361224522898357
EX_ura(e),0.7458156069254581,2.9832624277018325
