,fluxes,C-fluxes
EX_ac(e),33.47268526151498,66.94537052302996
EX_cys_L(e),0.9491157436924857,2.8473472310774572
EX_ura(e),0.8551896263809594,3.4207585055238376
