,fluxes,C-fluxes
EX_ac(e),11.862380465820095,23.72476093164019
EX_adn(e),0.0010187806838583898,0.010187806838583897
EX_but(e),4.612229803496936,18.448919213987743
EX_etoh(e),0.19422060172544595,0.3884412034508919
EX_for(e),21.385957748862204,21.385957748862204
EX_glyc(e),2.0,6.0
EX_nac(e),0.9946930215976334,5.968158129585801
