,fluxes,C-fluxes
EX_13ppd(e),0.7242748516511561,2.1728245549534684
EX_ac(e),9.079306800503401,18.158613601006802
EX_adn(e),0.00027386752398314644,0.0027386752398314645
EX_ala_L(e),0.03498508605620431,0.10495525816861292
EX_for(e),9.403057753451106,9.403057753451106
EX_nac(e),0.9972975270692424,5.9837851624154546
