,fluxes,C-fluxes
EX_ac(e),5.216787326023645,10.43357465204729
EX_but(e),2.8469135199086533,11.387654079634613
EX_etoh(e),1.2578240030871874,2.515648006174375
EX_for(e),13.010548086047091,13.010548086047091
EX_nac(e),0.9984263736874851,5.99055824212491
