,fluxes,C-fluxes
EX_ac(e),11.656050964094087,23.312101928188174
EX_etoh(e),0.025997498242310627,0.051994996484621255
EX_for(e),8.481133610772535,8.481133610772535
EX_glyc(e),2.0148158039896926,6.044447411969077
EX_hxan(e),0.8468366491533247,4.234183245766624
EX_strch2(e),0.4007966657244296,7.214339983039733
EX_succ(e),5.711909284677129,22.847637138708517
