,fluxes,C-fluxes
EX_ac(e),16.445128639958824,32.89025727991765
EX_for(e),5.991815468806355,5.991815468806355
EX_glyc(e),0.021142972540936528,0.06342891762280958
EX_nac(e),0.9934835343823007,5.960901206293805
EX_succ(e),13.451523854352459,53.806095417409836
