,fluxes,C-fluxes
EX_ac(e),10.358189947375111,20.716379894750222
EX_but(e),23.609371565864375,94.4374862634575
EX_for(e),58.72530065702194,58.72530065702194
EX_gcald(e),0.03626310843704598,0.07252621687409196
EX_hxan(e),0.7125220457849446,3.562610228924723
EX_phe_L(e),0.5114051642070556,4.602646477863501
EX_strch2(e),1.25,22.5
EX_ura(e),0.41198500255155884,1.6479400102062354
