,fluxes,C-fluxes
EX_ac(e),7.642977791597874,15.285955583195747
EX_ala_L(e),1.0221841161337648,3.066552348401294
EX_btoh(e),1.0258469595498825,4.10338783819953
EX_but(e),0.01561976936313657,0.06247907745254628
EX_etoh(e),1.3399795777472452,2.6799591554944904
EX_for(e),11.514690427033036,11.514690427033036
EX_glyc(e),0.008580592922978338,0.025741778768935013
EX_orn(e),0.029591781174297963,0.1479589058714898
