,fluxes,C-fluxes
EX_ac(e),0.9586132688866168,1.9172265377732336
EX_nac(e),0.0009123165990304163,0.005473899594182498
