,fluxes,C-fluxes
EX_ac(e),31.01080375809293,62.02160751618586
EX_etoh(e),0.9202855032451198,1.8405710064902396
EX_for(e),9.619533025301406,9.619533025301406
EX_gcald(e),0.04198406154060417,0.08396812308120834
EX_glyc(e),0.04540742532530474,0.13622227597591424
EX_hxan(e),0.6479595274114394,3.2397976370571966
EX_strch2(e),2.0,36.0
EX_succ(e),24.05044684294505,96.2017873717802
EX_ura(e),0.2671161079671701,1.0684644318686805
