,fluxes,C-fluxes
EX_ac(e),6.9960647319948555,13.992129463989711
EX_ala_L(e),1.0745142658592297,3.2235427975776894
EX_but(e),1.1307999433070017,4.523199773228007
EX_etoh(e),2.6911600284042425,5.382320056808485
EX_for(e),12.435178356201854,12.435178356201854
EX_glyc(e),0.00911464706032646,0.02734394118097938
EX_orn(e),0.025245692733679378,0.12622846366839688
EX_strch2(e),0.10714356021177923,1.928584083812026
