,fluxes,C-fluxes
EX_13ppd(e),3.8478143132575813,11.543442939772744
EX_ac(e),14.899435580887825,29.79887116177565
EX_but(e),24.35035106038973,97.40140424155892
EX_cys_L(e),0.0017342025760681999,0.0052026077282046
EX_etoh(e),0.1990915691582179,0.3981831383164358
EX_for(e),68.0042627491996,68.0042627491996
EX_ins(e),0.5965108913497108,5.965108913497108
EX_phe_L(e),0.5115884638826385,4.604296174943746
