,fluxes,C-fluxes
EX_ac(e),7.3236737935214045,14.647347587042809
EX_ade(e),0.7136867720720294,3.568433860360147
EX_but(e),31.39185666931544,125.56742667726176
EX_csn(e),1.3874520336816987,5.549808134726795
EX_for(e),68.06698567117998,68.06698567117998
EX_gua(e),0.7562344196750727,3.781172098375363
EX_ile_L(e),0.3721139445365987,2.232683667219592
EX_nac(e),0.9871500901802918,5.92290054108175
EX_phe_L(e),0.48986585774036484,4.408792719663284
EX_ppa(e),1.0,3.0
