,fluxes,C-fluxes
EX_ac(e),10.650220440262046,21.300440880524093
EX_etoh(e),3.3119449876734386,6.623889975346877
EX_for(e),7.519692012097823,7.519692012097823
EX_lac_D(e),3.5435545645895585,10.630663693768675
EX_orn(e),0.11501796312746913,0.5750898156373456
