,fluxes,C-fluxes
EX_ac(e),8.905522667012901,17.811045334025803
EX_cys_L(e),0.8392654170199537,2.517796251059861
EX_etoh(e),8.22252755596003,16.44505511192006
EX_for(e),17.243260669259413,17.243260669259413
EX_gly(e),0.5818710557946827,1.1637421115893654
EX_orn(e),0.03908637072387682,0.19543185361938412
TS_ahcys_c,0.00030668995841954963,0.004293659417873695
