,fluxes,C-fluxes
EX_ac(e),9.20669954485313,18.41339908970626
EX_cys_L(e),0.13560131332614622,0.40680393997843867
EX_etoh(e),6.871304761755717,13.742609523511433
EX_for(e),16.066407106453685,16.066407106453685
EX_glyc(e),2.0,6.0
EX_orn(e),0.15,0.75
