,fluxes,C-fluxes
EX_ac(e),32.53073031404756,65.06146062809512
EX_but(e),14.215728866029075,56.8629154641163
EX_for(e),34.35253946035112,34.35253946035112
EX_met_L(e),0.5271858853066399,2.6359294265331994
EX_succ(e),0.14637183235308965,0.5854873294123586
