,fluxes,C-fluxes
EX_ac(e),4.597266737862146,9.194533475724292
EX_ala_L(e),1.3198259123269416,3.9594777369808245
EX_but(e),7.7744199760012105,31.097679904004842
EX_etoh(e),1.8489506422723743,3.6979012845447485
EX_for(e),21.139338295218614,21.139338295218614
TS_ahcys_c,0.0005311339198181129,0.007435874877453581
