,fluxes,C-fluxes
EX_ac(e),2.9318602582641473,5.863720516528295
EX_but(e),11.110453319438323,44.44181327775329
EX_cys_L(e),0.13721157416700422,0.41163472250101263
EX_for(e),26.039220056337818,26.039220056337818
EX_glc_D(e),0.00282117,0.01692702
EX_nac(e),0.994880768318909,5.969284609913454
