,fluxes,C-fluxes
EX_ac(e),11.219497833740004,22.438995667480008
EX_ala_L(e),0.8213247738792986,2.4639743216378958
EX_but(e),2.0905423367623963,8.362169347049585
EX_etoh(e),9.384931431644729,18.769862863289458
EX_for(e),24.005033092633173,24.005033092633173
