,fluxes,C-fluxes
EX_ac(e),0.651725303469069,1.303450606938138
EX_ala_L(e),2.6679589865397615,8.003876959619284
EX_for(e),0.01823410993712446,0.01823410993712446
EX_gcald(e),0.002733372902282497,0.005466745804564994
EX_hista(e),0.10850858286441366,0.5425429143220682
EX_ile_L(e),0.865163649373274,5.190981896239643
EX_lac_L(e),23.65451399866743,70.96354199600229
EX_succ(e),0.07289536654272273,0.2915814661708909
EX_tym(e),0.9452386525393496,7.561909220314797
