,fluxes,C-fluxes
EX_cys_L(e),0.3305958871274275,0.9917876613822825
EX_dad_2(e),0.9429905884154094,9.429905884154094
EX_for(e),0.007085357150125878,0.007085357150125878
EX_gly(e),0.13209007131851214,0.2641801426370243
EX_glyc(e),0.014618728499963747,0.04385618549989124
EX_lac_L(e),30.041207383471118,90.12362215041335
EX_lys_L(e),0.9044084061659503,5.426450436995702
