,fluxes,C-fluxes
EX_4hphac(e),0.07894046206942687,0.631523696555415
EX_ala_L(e),0.14589433328178575,0.43768299984535725
EX_glu_L(e),0.1673991319268069,0.8369956596340344
EX_ile_L(e),0.37123550983828874,2.2274130590297325
EX_lac_L(e),0.28615958696910593,0.8584787609073178
