,fluxes,C-fluxes
EX_hxan(e),0.9592776533986128,4.796388266993064
EX_lac_L(e),30.285761200523336,90.85728360157
EX_nac(e),0.9985825266191238,5.991495159714743
