,fluxes,C-fluxes
EX_ac(e),21.17634594118198,42.35269188236396
EX_cys_L(e),0.9899318797978903,2.969795639393671
EX_dad_2(e),0.23055187509415118,2.305518750941512
EX_for(e),20.043456603740495,20.043456603740495
EX_hista(e),0.06035558420957671,0.30177792104788353
EX_lys_L(e),0.42582045366062565,2.554922721963754
EX_phe_L(e),0.8334619732110573,7.501157758899516
EX_ppa(e),17.209456054343025,51.62836816302908
EX_trypta(e),0.01651471810288635,0.1651471810288635
