,fluxes,C-fluxes
EX_12ppd_S(e),1.8294196220159624,5.488258866047888
EX_ac(e),22.906800548306112,45.813601096612224
EX_cys_L(e),1.9410702772442798,5.8232108317328395
EX_etoh(e),14.219247527735247,28.438495055470494
EX_for(e),41.0823058540259,41.0823058540259
EX_lac_D(e),29.27400052624645,87.82200157873935
EX_nac(e),0.9952432349421764,5.971459409653058
EX_phe_L(e),0.5767160575375865,5.190444517838278
EX_ptrc(e),0.046386059484433376,0.1855442379377335
