,fluxes,C-fluxes
EX_ac(e),32.874555486322855,65.74911097264571
EX_ala_L(e),1.072454283863641,3.217362851590923
EX_for(e),0.34469551969628265,0.34469551969628265
EX_gly(e),0.052630714230532026,0.10526142846106405
EX_hista(e),0.06569710723344362,0.3284855361672181
EX_lac_L(e),28.275494957519822,84.82648487255946
EX_phe_L(e),0.8111845129077075,7.300660616169368
EX_ppa(e),0.1854719731735234,0.5564159195205702
EX_ura(e),0.7819622038702516,3.1278488154810065
