,fluxes,C-fluxes
EX_4hphac(e),0.953714492811907,7.629715942495256
EX_5mta(e),0.0014718096353063875,0.01618990598837026
EX_ac(e),19.427224290281234,38.85444858056247
EX_adn(e),0.0005217204962949649,0.005217204962949649
EX_dad_2(e),0.9463554394207726,9.463554394207726
EX_indole(e),0.03382803300596173,0.27062426404769385
EX_lys_L(e),0.8817784990644632,5.290670994386779
EX_ppa(e),18.164213176982138,54.49263953094641
