,fluxes,C-fluxes
EX_ac(e),7.199590994284542,14.399181988569085
EX_cys_L(e),0.9834439768398489,2.9503319305195466
EX_for(e),1.512253529754636,1.512253529754636
EX_orn(e),0.08731961803664748,0.43659809018323736
EX_phe_L(e),0.9335876509108998,8.402288858198098
