,fluxes,C-fluxes
EX_ac(e),16.079465577096485,32.15893115419297
EX_etoh(e),4.928392651117805,9.85678530223561
EX_for(e),13.927216855726806,13.927216855726806
EX_glyc(e),2.272672018361811,6.818016055085433
EX_ins(e),1.0,10.0
