,fluxes,C-fluxes
EX_ac(e),34.15547596490266,68.31095192980531
EX_etoh(e),12.172923637889648,24.345847275779295
EX_for(e),42.63067297551156,42.63067297551156
EX_hxan(e),0.9356691734853252,4.678345867426626
EX_lys_L(e),0.49984136142295316,2.999048168537719
EX_met_L(e),0.8404223766625578,4.202111883312789
EX_nac(e),0.9907996892299424,5.944798135379655
EX_pro_L(e),2.6578289969822664,13.289144984911331
