,fluxes,C-fluxes
EX_ac(e),27.716305478908545,55.43261095781709
EX_dad_2(e),1.0019711453432534,10.019711453432533
EX_etoh(e),8.502440363510397,17.004880727020794
EX_for(e),36.08981085922559,36.08981085922559
EX_nac(e),0.9931244140955402,5.958746484573242
EX_phe_L(e),0.6766727867233953,6.090055080510558
EX_ptrc(e),0.8154269798366822,3.261707919346729
EX_val_L(e),2.8321514564655885,14.160757282327943
