,fluxes,C-fluxes
EX_ac(e),1.1218730142519064,2.243746028503813
EX_adn(e),0.00021271705651910698,0.00212717056519107
EX_akg(e),1.137797240465234,5.68898620232617
EX_for(e),0.8783943464429015,0.8783943464429015
EX_gly(e),0.1372161900869966,0.2744323801739932
