,fluxes,C-fluxes
EX_ac(e),9.067026893193468,18.134053786386936
EX_ade(e),0.9584904837159527,4.792452418579764
EX_cys_L(e),0.17019940667177158,0.5105982200153147
EX_etoh(e),6.392460343881137,12.784920687762273
EX_for(e),14.6919871296668,14.6919871296668
EX_gly(e),0.1295544858329372,0.2591089716658744
EX_glyc(e),2.008716302701667,6.026148908105001
EX_strch2(e),0.3625595724121344,6.5260723034184185
EX_succ(e),0.04370627242419462,0.17482508969677849
