,fluxes,C-fluxes
EX_ac(e),8.014372932198691,16.028745864397383
EX_for(e),6.66114047808331,6.66114047808331
EX_glyc(e),2.006654306873832,6.019962920621495
EX_hista(e),0.12774016673846741,0.6387008336923371
EX_lac_L(e),0.13033702459545896,0.3910110737863769
EX_ptrc(e),1.0,4.0
EX_succ(e),3.2468726441491014,12.987490576596405
EX_trypta(e),0.04100539147987015,0.4100539147987015
