,fluxes,C-fluxes
EX_2obut(e),0.0016728324159766311,0.006691329663906525
EX_ac(e),12.382332482531137,24.764664965062273
EX_for(e),11.551650919673543,11.551650919673543
EX_glyc(e),0.0026179923044884965,0.00785397691346549
EX_nac(e),0.7510809225607541,4.506485535364525
EX_succ(e),0.004034360358356782,0.016137441433427126
