,fluxes,C-fluxes
EX_ac(e),79.26927517859025,158.5385503571805
EX_etoh(e),11.853214167333201,23.706428334666402
EX_for(e),26.41044857026468,26.41044857026468
EX_succ(e),3.5621990179666834,14.248796071866733
