,fluxes,C-fluxes
EX_ac(e),8.102200398264504,16.204400796529008
EX_ala_L(e),2.169617677678086,6.508853033034258
EX_etoh(e),1.3908920718983253,2.7817841437966506
EX_for(e),9.747303957270521,9.747303957270521
EX_glyc(e),2.008729799464599,6.0261893983937975
EX_ile_L(e),0.19506187815901135,1.1703712689540682
EX_orn(e),0.03954687000940504,0.1977343500470252
