,fluxes,C-fluxes
EX_ac(e),35.88721937231459,71.77443874462918
EX_etoh(e),12.04338496057375,24.0867699211475
EX_for(e),52.765707233920644,52.765707233920644
EX_ins(e),0.7196695749766342,7.1966957497663415
EX_lac_D(e),2.2271993451242227,6.681598035372668
EX_nac(e),0.9951564736081087,5.9709388416486515
EX_phe_L(e),0.5722560009245757,5.150304008321181
EX_val_L(e),3.976793774412203,19.883968872061015
