,fluxes,C-fluxes
EX_2obut(e),0.0008662390548215001,0.0034649562192860003
EX_ac(e),12.386004744422358,24.772009488844716
EX_for(e),11.555721920783327,11.555721920783327
EX_glyc(e),0.0026182511938030494,0.007854753581409149
EX_nac(e),0.7523550072887927,4.514130043732756
EX_succ(e),0.004034759310174189,0.016139037240696756
