,fluxes,C-fluxes
EX_ac(e),26.665657500970152,53.331315001940304
EX_etoh(e),9.791147659963578,19.582295319927155
EX_for(e),38.32239838320852,38.32239838320852
EX_gal(e),4.0,24.0
EX_lac_D(e),24.886255392331766,74.6587661769953
EX_nac(e),0.9949627520577113,5.969776512346268
EX_phe_L(e),0.5584883167175118,5.0263948504576055
EX_val_L(e),0.5862477378021442,2.931238689010721
