,fluxes,C-fluxes
EX_ac(e),33.401863694775294,66.80372738955059
EX_etoh(e),12.932374150420104,25.86474830084021
EX_for(e),50.021180457165514,50.021180457165514
EX_ins(e),0.7402290284144913,7.402290284144914
EX_lac_D(e),4.832373854977951,14.497121564933853
EX_nac(e),0.9952483732249443,5.971490239349666
EX_phe_L(e),0.578171735794475,5.203545622150275
EX_val_L(e),3.0639741128142726,15.319870564071362
