,fluxes,C-fluxes
EX_ac(e),20.26165694443166,40.52331388886332
EX_ade(e),1.7944334807330717,8.97216740366536
EX_etoh(e),10.240602967078345,20.48120593415669
EX_for(e),30.440817678375822,30.440817678375822
EX_gua(e),0.8417164555730745,4.208582277865372
EX_lac_L(e),12.940192641635779,38.82057792490734
EX_nac(e),0.9901939688066151,5.941163812839691
EX_succ(e),2.7820969275603136,11.128387710241254
EX_val_L(e),2.913387347649605,14.566936738248025
