,fluxes,C-fluxes
EX_ac(e),21.525586893651056,43.05117378730211
EX_ade(e),1.7543192924846305,8.771596462423153
EX_etoh(e),17.946420714792502,35.892841429585005
EX_for(e),24.56221751125615,24.56221751125615
EX_glyc(e),0.03618414830859175,0.10855244492577525
EX_gua(e),0.7951654202446032,3.9758271012230164
EX_ile_L(e),0.14038498881389036,0.8423099328833421
EX_strch2(e),1.25,22.5
EX_succ(e),16.335295271417156,65.34118108566862
EX_uri(e),0.10123250892412135,0.9110925803170922
