,fluxes,C-fluxes
EX_ac(e),1.7496757730658106,3.499351546131621
EX_asp_L(e),0.8928260755739857,3.571304302295943
EX_for(e),1.8188063355091404,1.8188063355091404
EX_lac_D(e),19.76331649671008,59.28994949013024
EX_nac(e),0.8448759486232518,5.06925569173951
TS_ppap_c,0.00037516802248352117,0.0011255040674505636
