,fluxes,C-fluxes
EX_4abut(e),0.18,0.72
EX_ac(e),46.47549578741606,92.95099157483212
EX_ade(e),0.735226724702082,3.6761336235104096
EX_etoh(e),6.692107523035873,13.384215046071747
EX_for(e),10.040172241192971,10.040172241192971
EX_glyc(e),1.7332771053699385,5.199831316109815
EX_gua(e),0.7920541945346983,3.9602709726734915
EX_ppa(e),0.5836173576726924,1.7508520730180772
EX_succ(e),10.895464454102207,43.58185781640883
