,fluxes,C-fluxes
EX_ac(e),3.9852167949093857,7.9704335898187715
EX_but(e),20.23139045289377,80.92556181157508
EX_cys_L(e),0.8363202560911037,2.5089607682733113
EX_for(e),43.77318234249674,43.77318234249674
EX_phe_L(e),0.5487074258837857,4.938366832954071
