,fluxes,C-fluxes
EX_ac(e),5.254359399377345,10.50871879875469
EX_ala_L(e),0.029289707310688293,0.08786912193206488
EX_but(e),11.539949540608122,46.15979816243249
EX_for(e),29.134153059364362,29.134153059364362
EX_nac(e),0.6637839022082523,3.982703413249514
EX_phe_L(e),0.5487326158735429,4.938593542861886
