,fluxes,C-fluxes
EX_4abut(e),2.752222922153518,11.008891688614073
EX_ac(e),57.842572724006885,115.68514544801377
EX_etoh(e),11.209586866618263,22.419173733236526
EX_for(e),48.76950613043317,48.76950613043317
EX_ins(e),1.004882390350453,10.048823903504529
EX_nac(e),0.9875603896493503,5.925362337896102
EX_phe_L(e),0.47513191383169884,4.276187224485289
EX_ptrc(e),0.6586814398481993,2.634725759392797
EX_tma(e),1.0,3.0
