,fluxes,C-fluxes
EX_4abut(e),0.16102931663371384,0.6441172665348553
EX_ac(e),33.333412866269384,66.66682573253877
EX_etoh(e),0.31433057048244,0.62866114096488
EX_for(e),56.707284093511916,56.707284093511916
EX_gal(e),3.3386854003887216,20.03211240233233
EX_gcald(e),0.015122353576590558,0.030244707153181116
EX_nac(e),0.994945086738263,5.9696705204295775
EX_ttdca(e),3.45904389738337,48.42661456336718
