,fluxes,C-fluxes
EX_ac(e),43.16927113848432,86.33854227696864
EX_etoh(e),0.38747397115814475,0.7749479423162895
EX_for(e),56.74602945554795,56.74602945554795
EX_gcald(e),3.4174566591987827,6.834913318397565
EX_nac(e),0.9867357107315734,5.92041426438944
EX_ttdca(e),3.513535630831888,49.18949883164643
