,fluxes,C-fluxes
EX_12ppd_S(e),4.0,12.0
EX_ac(e),38.49571326418315,76.9914265283663
EX_etoh(e),0.3677739467399196,0.7355478934798392
EX_for(e),58.33972573999418,58.33972573999418
EX_nac(e),0.9872037638826282,5.923222583295769
EX_ttdca(e),4.129266473361333,57.809730627058656
