,fluxes,C-fluxes
EX_ac(e),33.81638294182223,67.63276588364447
EX_etoh(e),0.29018364182932793,0.5803672836586559
EX_for(e),59.85568784904299,59.85568784904299
EX_gly(e),0.3690925723748276,0.7381851447496552
EX_ins(e),0.7121858006172671,7.121858006172671
EX_nac(e),0.9870627462912523,5.922376477747514
EX_phe_L(e),0.4558186418644156,4.10236777677974
EX_ptrc(e),0.6264924418477315,2.505969767390926
EX_ttdca(e),5.0171755637706195,70.24045789278867
