,fluxes,C-fluxes
EX_ac(e),2.4054569960700016,4.810913992140003
EX_but(e),1.2133332499541847,4.853332999816739
EX_etoh(e),0.11437265164019784,0.2287453032803957
EX_for(e),4.871719878870625,4.871719878870625
EX_lac_L(e),10.431659309003841,31.294977927011523
TS_thglu_c,0.00020748284984651864,0.004979588396316448
