,fluxes,C-fluxes
EX_ac(e),29.201953947853497,58.40390789570699
EX_ade(e),2.8069662023456776,14.034831011728388
EX_cys_L(e),0.9407353942789767,2.82220618283693
EX_etoh(e),9.132486573633912,18.264973147267824
EX_for(e),22.70754869780904,22.70754869780904
EX_gua(e),0.9729076280196258,4.864538140098129
EX_lys_L(e),1.3157177562950217,7.894306537770131
EX_orn(e),0.008072861293305174,0.04036430646652587
EX_ura(e),1.770425013704458,7.081700054817832
