,fluxes,C-fluxes
EX_ac(e),14.46402877451864,28.92805754903728
EX_ade(e),0.003281063912840984,0.01640531956420492
EX_for(e),5.607036045191704,5.607036045191704
EX_ile_L(e),0.8343311796329503,5.005987077797702
