,fluxes,C-fluxes
EX_ac(e),0.7365572998914748,1.4731145997829496
EX_for(e),0.7033649727069099,0.7033649727069099
EX_lac_L(e),17.328088563736888,51.984265691210666
EX_nac(e),0.25568261267539516,1.534095676052371
EX_strch2(e),0.42317715957033175,7.617188872265972
TS_hcys__L_c,0.0003288554248697714,0.0013154216994790855
