,fluxes,C-fluxes
EX_ac(e),9.041821309411542,18.083642618823085
EX_but(e),6.950244378736591,27.800977514946364
EX_for(e),22.862966428529706,22.862966428529706
EX_phe_L(e),0.7710389471373623,6.939350524236261
EX_strch2(e),0.5302304489270993,9.544148080687787
TS_ahcys_c,0.0005947387906151732,0.008326343068612425
