,fluxes,C-fluxes
EX_ac(e),3.7242059976868713,7.448411995373743
EX_but(e),8.944730301542954,35.778921206171816
EX_for(e),21.13019424060893,21.13019424060893
