,fluxes,C-fluxes
EX_ac(e),7.654873183362047,15.309746366724093
EX_but(e),6.171220724969213,24.68488289987685
EX_for(e),20.302175857008457,20.302175857008457
EX_gthrd(e),2.0,20.0
EX_phe_L(e),0.84924749169081,7.64322742521729
EX_rbflvrd(e),0.9942623221558848,16.90245947665004
