,fluxes,C-fluxes
EX_2obut(e),0.0013000919659739174,0.005200367863895669
EX_ac(e),6.621403694190983,13.242807388381966
EX_acald(e),2.0,4.0
EX_ade(e),0.9797879048080561,4.898939524040281
EX_but(e),1.6285260204745038,6.514104081898015
EX_dgsn(e),0.012545674566738975,0.12545674566738974
EX_for(e),0.0035516795084539494,0.0035516795084539494
EX_glyc(e),0.0039222939304955125,0.011766881791486538
EX_orn(e),0.12184875402391813,0.6092437701195906
EX_thymd(e),0.9728396965529328,9.728396965529328
