,fluxes,C-fluxes
EX_but(e),5.56542585901076,22.26170343604304
EX_for(e),12.515099819207784,12.515099819207784
EX_gcald(e),0.006152283850467045,0.01230456770093409
EX_ppa(e),1.0,3.0
