,fluxes,C-fluxes
EX_ac(e),10.808864033618654,21.61772806723731
EX_btoh(e),0.2023814459408586,0.8095257837634344
EX_but(e),2.699976575500927,10.799906302003707
EX_dad_2(e),0.034418146087646574,0.34418146087646573
EX_for(e),7.356590787164946,7.356590787164946
EX_indole(e),0.06650804473998977,0.5320643579199181
