,fluxes,C-fluxes
EX_ac(e),6.63597611758547,13.27195223517094
EX_but(e),4.033749654398799,16.134998617595198
EX_for(e),12.193118942477403,12.193118942477403
EX_indole(e),0.07798634912452639,0.6238907929962111
EX_ppa(e),0.2057313091749276,0.6171939275247829
