,fluxes,C-fluxes
EX_ac(e),3.302756043447126,6.605512086894252
EX_ade(e),0.9798692137609311,4.899346068804656
EX_but(e),9.903544823519722,39.61417929407889
EX_dgsn(e),0.9923433980190554,9.923433980190554
EX_for(e),22.706570696996916,22.706570696996916
EX_gly(e),0.967132458756465,1.93426491751293
EX_indole(e),0.0787648407695645,0.630118726156516
EX_ppa(e),1.1926641759622916,3.5779925278868747
