,fluxes,C-fluxes
EX_ac(e),4.261129878677178,8.522259757354355
EX_but(e),7.522216056189046,30.088864224756183
EX_for(e),18.548588508327974,18.548588508327974
EX_gly(e),0.9698654396384285,1.939730879276857
EX_indole(e),0.08050844497343126,0.6440675597874501
EX_ptrc(e),0.3869747663951507,1.5478990655806029
EX_succ(e),0.0004593741559239248,0.0018374966236956991
