,fluxes,C-fluxes
EX_ac(e),27.757014350996485,55.51402870199297
EX_but(e),7.538817495848086,30.155269983392344
EX_etoh(e),0.13092329463304442,0.26184658926608884
EX_for(e),22.382993486046054,22.382993486046054
