,fluxes,C-fluxes
EX_ac(e),12.460415128521593,24.920830257043185
EX_ala_L(e),0.16550711981171246,0.49652135943513737
EX_btoh(e),1.7878434002765837,7.151373601106335
EX_etoh(e),0.13095131896616366,0.2619026379323273
EX_for(e),12.15064810191292,12.15064810191292
