,fluxes,C-fluxes
EX_ac(e),10.136016922935212,20.272033845870425
EX_ade(e),0.9852246256933658,4.926123128466829
EX_btoh(e),0.3941921085186594,1.5767684340746375
EX_but(e),2.049919514347128,8.199678057388512
EX_dgsn(e),0.9949396444942997,9.949396444942998
EX_for(e),9.664490660395971,9.664490660395971
EX_gly(e),0.9709384306394194,1.9418768612788389
EX_indole(e),0.07876247610676197,0.6300998088540958
EX_ppa(e),1.2017096392126825,3.6051289176380474
