,fluxes,C-fluxes
EX_ac(e),9.766902574767379,19.533805149534757
EX_btoh(e),2.9225101624697083,11.690040649878833
EX_but(e),0.013890119713997423,0.05556047885598969
EX_for(e),14.802872275759025,14.802872275759025
EX_gly(e),1.0823571544035826,2.164714308807165
EX_indole(e),0.06841465248720514,0.5473172198976411
