,fluxes,C-fluxes
EX_ac(e),7.02172183417852,14.04344366835704
EX_but(e),4.225904508410747,16.90361803364299
EX_for(e),12.529479016716236,12.529479016716236
EX_indole(e),0.07628856918698443,0.6103085534958754
EX_phe_L(e),0.9285894119379254,8.35730470744133
EX_ppa(e),0.1984860041575273,0.5954580124725819
