,fluxes,C-fluxes
EX_ac(e),4.4633317403105846,8.926663480621169
EX_but(e),8.978287754286567,35.91315101714627
EX_for(e),16.073265279534898,16.073265279534898
EX_gly(e),0.974809501639291,1.949619003278582
EX_indole(e),0.07967098582513274,0.6373678866010619
