,fluxes,C-fluxes
EX_ac(e),4.858481697898557,9.716963395797114
EX_but(e),8.579630447351866,34.31852178940746
EX_for(e),21.95385494930929,21.95385494930929
EX_gly(e),0.9648065186927979,1.9296130373855958
EX_indole(e),0.07748045116258119,0.6198436093006495
