,fluxes,C-fluxes
EX_ac(e),1.9586640721763058,3.9173281443526116
EX_ala_L(e),2.591359833172936,7.774079499518809
EX_for(e),0.9853324398440866,0.9853324398440866
EX_glyc(e),0.012056561675184008,0.036169685025552026
EX_ile_L(e),0.1463554510836675,0.8781327065020049
EX_lac_D(e),27.82547901271159,83.47643703813478
EX_lys_L(e),0.795906811290307,4.7754408677418425
EX_tym(e),0.2246230969033376,1.7969847752267007
