,fluxes,C-fluxes
EX_ala_L(e),1.2181260093108182,3.6543780279324545
EX_cys_L(e),0.7223628815423556,2.167088644627067
EX_gly(e),0.6137372423529145,1.227474484705829
EX_lac_D(e),22.29834282990712,66.89502848972137
