,fluxes,C-fluxes
EX_ac(e),8.969542963543999,17.939085927087998
EX_ala_L(e),0.8894488202583914,2.668346460775174
EX_cys_L(e),0.15050176298117723,0.4515052889435317
EX_etoh(e),7.804415921845674,15.608831843691348
EX_for(e),15.794555628257328,15.794555628257328
EX_glyc(e),0.009311627310126226,0.02793488193037868
EX_ile_L(e),0.17784718029840021,1.0670830817904013
EX_lys_L(e),0.21898941694052113,1.3139365016431268
