,fluxes,C-fluxes
EX_4hphac(e),1.7629319033962136,14.10345522716971
EX_ac(e),15.305354470332022,30.610708940664043
EX_gua(e),0.621644762262252,3.1082238113112597
EX_lys_L(e),0.80369070962837,4.82214425777022
EX_ppa(e),37.58527087216225,112.75581261648674
