,fluxes,C-fluxes
EX_ac(e),1.5266347278929853,3.0532694557859705
EX_for(e),0.00227713892714955,0.00227713892714955
EX_glu_L(e),0.007906959180402833,0.03953479590201417
EX_gly(e),0.0008554971432805638,0.0017109942865611277
EX_succ(e),0.7617807145854205,3.047122858341682
EX_tyr_L(e),0.005436814647959631,0.04893133183163668
