,fluxes,C-fluxes
EX_ac(e),1.5722282539781733,3.1444565079563467
EX_glu_L(e),0.0021524999956329025,0.010762499978164513
EX_succ(e),0.7710957569722854,3.0843830278891415
