,fluxes,C-fluxes
EX_ala_L(e),0.8858989285493919,2.6576967856481755
EX_gly(e),0.0007206093037404818,0.0014412186074809635
EX_phe_L(e),0.3983690605288566,3.5853215447597098
EX_succ(e),1.9471797991049915,7.788719196419966
