,fluxes,C-fluxes
EX_ac(e),7.319933752184999,14.639867504369999
EX_etoh(e),6.3505212264840925,12.701042452968185
EX_for(e),13.62452237838558,13.62452237838558
EX_nac(e),0.2468171117933105,1.4809026707598631
EX_succ(e),0.04666286191321363,0.18665144765285452
TS_ahcys_c,0.0003489704299406291,0.004885586019168807
