,fluxes,C-fluxes
EX_ac(e),5.664616430544698,11.329232861089396
EX_glyc(e),0.0024387661129260086,0.007316298338778025
EX_ins(e),0.9918929880205599,9.9189298802056
EX_nac(e),0.9997635890548362,5.998581534329017
EX_orn(e),0.12962264829853504,0.6481132414926751
EX_ser_L(e),0.29633520619314774,0.8890056185794433
EX_succ(e),0.9451642418211144,3.7806569672844574
EX_trypta(e),0.07570947880757994,0.7570947880757994
