,fluxes,C-fluxes
EX_ac(e),0.13857540239696953,0.27715080479393905
EX_ala_L(e),0.18111116679865885,0.5433335003959765
EX_for(e),0.0022355849963000577,0.0022355849963000577
EX_gly(e),10.157949524079848,20.315899048159697
EX_glyc(e),0.49595016205930825,1.4878504861779247
EX_lac_L(e),0.4913542959769523,1.4740628879308568
EX_lys_L(e),0.9928771768626967,5.95726306117618
TS_co2_c,1.0490594417452193,1.0490594417452193
