,fluxes,C-fluxes
EX_ac(e),2.548212885590731,5.096425771181462
EX_ala_L(e),3.447508977966855,10.342526933900565
EX_dad_2(e),0.038698827148759316,0.3869882714875932
EX_ins(e),0.08560241550048332,0.8560241550048332
EX_lac_L(e),21.843059382374776,65.52917814712433
EX_ppa(e),0.9665573848708405,2.8996721546125217
TS_for_c,0.008706045492624982,0.008706045492624982
