,fluxes,C-fluxes
EX_ac(e),0.09149029567243676,0.18298059134487352
EX_etoh(e),0.08350409250650025,0.1670081850130005
EX_for(e),0.17506615340546985,0.17506615340546985
EX_lac_D(e),0.8010227949261385,2.4030683847784156
