,fluxes,C-fluxes
EX_ac(e),15.805025508511267,31.610051017022535
EX_for(e),0.01119377558752296,0.01119377558752296
EX_gal(e),0.00470194,0.02821164
EX_lac_D(e),10.70015808753542,32.10047426260626
EX_succ(e),0.03864989370011951,0.15459957480047803
TS_ahcys_c,0.00035496193776473093,0.004969467128706233
