,fluxes,C-fluxes
EX_ac(e),5.942637640434861,11.885275280869722
EX_cys_L(e),0.992809608792753,2.9784288263782592
EX_etoh(e),0.9418514567014017,1.8837029134028034
EX_lac_D(e),31.496414800067967,94.4892444002039
EX_nac(e),0.2833650360287569,1.7001902161725413
EX_orn(e),0.10507200196298601,0.52536000981493
EX_succ(e),0.18655016542187983,0.7462006616875193
