,fluxes,C-fluxes
EX_for(e),0.00795346570004855,0.00795346570004855
EX_glyc(e),0.009321844808407264,0.027965534425221792
EX_lac_D(e),25.381066615952246,76.14319984785674
EX_strch2(e),0.584220236805685,10.51596426250233
EX_succ(e),0.052662245094133656,0.21064898037653462
EX_urea(e),0.0028730169372396244,0.0028730169372396244
