,fluxes,C-fluxes
EX_ac(e),10.148266447570276,20.29653289514055
EX_etoh(e),6.763775396423772,13.527550792847544
EX_for(e),18.079845279580514,18.079845279580514
EX_glc_D(e),0.00282117,0.01692702
EX_glyc(e),4.01128468,12.033854040000001
EX_succ(e),0.2671367008270811,1.0685468033083243
TS_ahcys_c,0.0003897188209065537,0.0054560634926917526
