,fluxes,C-fluxes
EX_2obut(e),0.0063370472602920355,0.025348189041168142
EX_ac(e),16.261674204059148,32.523348408118295
EX_for(e),0.009610474792389148,0.009610474792389148
EX_glyc(e),0.009789847651969028,0.029369542955907085
EX_lac_D(e),10.276811530111464,30.83043459033439
EX_succ(e),0.009051769910952297,0.03620707964380919
