,fluxes,C-fluxes
EX_ac(e),12.38777947708131,24.77555895416262
EX_cys_L(e),0.027997785478838893,0.08399335643651668
EX_etoh(e),6.430048905606408,12.860097811212816
EX_for(e),18.865864249183183,18.865864249183183
EX_glyc(e),2.0,6.0
EX_lac_D(e),0.0014218909293024743,0.004265672787907423
EX_nac(e),0.28358898799975246,1.7015339279985149
EX_succ(e),0.05684039106314838,0.22736156425259352
TS_ahcys_c,0.0003739237861335234,0.005234933005869328
