,fluxes,C-fluxes
EX_ac(e),7.661461629991612,15.322923259983224
EX_cys_L(e),0.9857562723509566,2.95726881705287
EX_etoh(e),0.8981096288503002,1.7962192577006004
EX_gal(e),1.4785136958798706,8.871082175279223
EX_lac_D(e),34.20414689278014,102.61244067834042
EX_nac(e),0.34676972889150554,2.0806183733490333
EX_orn(e),0.11508403455731184,0.5754201727865592
EX_succ(e),0.07186355986607197,0.2874542394642879
