,fluxes,C-fluxes
EX_ac(e),1.494380816346833,2.988761632693666
EX_ade(e),0.4020187218286712,2.010093609143356
EX_cys_L(e),0.10815224309400626,0.32445672928201874
EX_ile_L(e),0.13166191610130001,0.7899714966078001
EX_lac_D(e),24.34257360944519,73.02772082833556
EX_orn(e),0.07944636871876225,0.39723184359381125
EX_strch2(e),0.6135704430357154,11.044267974642878
