,fluxes,C-fluxes
EX_ac(e),0.8628585308854553,1.7257170617709106
EX_glyc(e),0.011491516564485344,0.034474549693456036
EX_lac_D(e),25.077854140158596,75.23356242047579
EX_succ(e),0.0513605205747752,0.2054420822991008
