,fluxes,C-fluxes
EX_ac(e),17.656719284846204,35.31343856969241
EX_etoh(e),3.285645177960812,6.571290355921624
EX_for(e),8.60759858586885,8.60759858586885
EX_fru(e),0.01128468,0.06770808
EX_glyc(e),0.010116807596962173,0.030350422790886518
EX_succ(e),0.13267522569206056,0.5307009027682422
