,fluxes,C-fluxes
EX_ac(e),14.298996090241106,28.597992180482212
EX_ade(e),1.065242022534156,5.326210112670779
EX_ala_L(e),1.300985979616026,3.9029579388480777
EX_gal(e),0.00470194,0.02821164
EX_glyc(e),0.009938622711398974,0.02981586813419692
EX_lac_L(e),7.455289107609609,22.365867322828827
EX_nac(e),0.44703098664074975,2.6821859198444984
EX_ptrc(e),0.9279343946633871,3.7117375786535485
EX_succ(e),0.06900249583741468,0.2760099833496587
