,fluxes,C-fluxes
EX_ac(e),44.576288823645385,89.15257764729077
EX_ade(e),0.9067082930892034,4.533541465446017
EX_etoh(e),4.358150916631816,8.716301833263632
EX_for(e),14.36631945700126,14.36631945700126
EX_glyc(e),0.028405853371413995,0.08521756011424199
EX_ile_L(e),0.47020142024719513,2.821208521483171
EX_strch2(e),0.665845144113318,11.985212594039723
EX_succ(e),4.32631374312502,17.30525497250008
