,fluxes,C-fluxes
EX_ac(e),10.782437857929898,21.564875715859795
EX_ala_L(e),1.663670867668441,4.9910126030053235
EX_cys_L(e),0.13467822696849377,0.40403468090548134
EX_etoh(e),6.174893614149305,12.34978722829861
EX_for(e),18.073914847437624,18.073914847437624
EX_glyc(e),2.0,6.0
EX_lac_D(e),0.001388588864043849,0.0041657665921315465
EX_nac(e),0.9972228222719123,5.983336933631474
EX_succ(e),0.060532322819988986,0.24212929127995594
TS_ahcys_c,0.0003627187272487954,0.005078062181483135
