,fluxes,C-fluxes
EX_ac(e),15.939183053753984,31.87836610750797
EX_for(e),0.012216537139184287,0.012216537139184287
EX_gal(e),2.85918462630093,17.15510775780558
EX_lac_D(e),11.446217494877722,34.338652484633165
EX_nac(e),0.17575403754552416,1.0545242252731448
TS_hcys__L_c,0.00041073799352628825,0.001642951974105153
