,fluxes,C-fluxes
EX_4abut(e),0.08354690159554351,0.33418760638217404
EX_ac(e),13.71086855391578,27.42173710783156
EX_glyc(e),0.008221616999418773,0.02466485099825632
EX_ile_L(e),0.19069353869822628,1.1441612321893577
EX_lac_D(e),8.480868898337178,25.442606695011534
EX_lys_L(e),0.8353172945150701,5.011903767090421
