,fluxes,C-fluxes
EX_ac(e),18.410989774981104,36.82197954996221
EX_for(e),2.3500225173701272,2.3500225173701272
EX_fru(e),0.01128468,0.06770808
EX_glyc(e),0.009954225107422719,0.029862675322268155
EX_lac_D(e),9.057494190646056,27.17248257193817
EX_succ(e),0.16038870209225206,0.6415548083690082
