,fluxes,C-fluxes
EX_ac(e),0.3231757752876851,0.6463515505753702
EX_coprost(e),0.00495795,0.13386465
EX_cys_L(e),0.08969162375437732,0.26907487126313195
EX_lac_D(e),25.719491332136645,77.15847399640994
EX_succ(e),0.04438801527039569,0.17755206108158275
