,fluxes,C-fluxes
EX_ac(e),15.525026708778766,31.050053417557532
EX_for(e),1.0249935916252904,1.0249935916252904
EX_fru(e),1.3541183427547219,8.12471005652833
EX_lac_D(e),8.300089004891095,24.900267014673286
EX_succ(e),0.1396855024103927,0.5587420096415708
TS_ahcys_c,0.00023971108208702843,0.003355955149218398
