,fluxes,C-fluxes
EX_ac(e),4.919006939274177,9.838013878548354
EX_gal(e),1.0206423862380187,6.123854317428112
EX_lac_L(e),25.33808996278878,76.01426988836633
EX_nac(e),0.2965508764046034,1.7793052584276206
EX_orn(e),0.036395038606950626,0.18197519303475312
EX_succ(e),0.025073400163880325,0.1002936006555213
