,fluxes,C-fluxes
EX_2obut(e),0.000260816865428463,0.001043267461713852
EX_ac(e),12.578598676874092,25.157197353748185
EX_ade(e),1.063947898230382,5.3197394911519105
EX_dgsn(e),0.7203841329482319,7.203841329482319
EX_ins(e),0.03502266456906456,0.3502266456906456
EX_lac_L(e),8.220678105174,24.662034315522
EX_orn(e),0.15,0.75
