,fluxes,C-fluxes
EX_ac(e),0.8050378583011898,1.6100757166023796
EX_cys_L(e),0.10613757723989599,0.318412731719688
EX_gly(e),0.0018432470727710627,0.0036864941455421255
EX_lac_D(e),26.74127637117213,80.22382911351639
