,fluxes,C-fluxes
EX_ac(e),7.844108480748241,15.688216961496481
EX_ala_L(e),0.7362850653602965,2.2088551960808895
EX_coprost(e),0.00495795,0.13386465
EX_for(e),7.82407760096271,7.82407760096271
EX_glyc(e),4.01128468,12.033854040000001
EX_lac_D(e),11.15949170817455,33.47847512452365
EX_nac(e),0.2671131254685629,1.6026787528113775
EX_succ(e),0.8647030304924426,3.4588121219697703
TS_ahcys_c,0.00032425595928035065,0.004539583429924909
