,fluxes,C-fluxes
EX_4abut(e),1.270330182458722,5.081320729834888
EX_ac(e),7.862718396315804,15.725436792631609
EX_cys_L(e),0.9902068120949368,2.9706204362848103
EX_gal(e),2.5106359936888603,15.063815962133162
EX_lac_D(e),39.135783781538514,117.40735134461553
EX_orn(e),0.10413098276419137,0.5206549138209569
