,fluxes,C-fluxes
EX_ac(e),16.467161874279828,32.934323748559656
EX_for(e),1.9547844773099208,1.9547844773099208
EX_lac_D(e),8.192893739920224,24.578681219760675
EX_succ(e),0.18515631174193267,0.7406252469677307
