,fluxes,C-fluxes
EX_ac(e),3.1844901492406748,6.3689802984813495
EX_cys_L(e),0.9906139817994148,2.9718419453982445
EX_gal(e),0.00470194,0.02821164
EX_gly(e),0.7402975429113781,1.4805950858227561
EX_lac_D(e),18.199382367767146,54.59814710330144
EX_nac(e),0.21906935693053953,1.3144161415832372
EX_orn(e),0.02277949721695405,0.11389748608477025
EX_succ(e),0.02277949721695405,0.0911179888678162
