,fluxes,C-fluxes
EX_ac(e),27.580974363069885,55.16194872613977
EX_for(e),6.382205177673609,6.382205177673609
EX_glyc(e),3.1986291414523538,9.59588742435706
EX_lac_D(e),3.656052534611935,10.968157603835806
EX_succ(e),0.1871546082082154,0.7486184328328616
