,fluxes,C-fluxes
EX_coprost(e),0.00495795,0.13386465
EX_glyc(e),0.44618655519246353,1.3385596655773906
EX_lac_D(e),25.921636706192615,77.76491011857784
EX_succ(e),0.05314420947688045,0.2125768379075218
EX_urea(e),0.0029075289291242,0.0029075289291242
TS_cyst__L_c,0.0002451213488137686,0.0017158494416963802
