,fluxes,C-fluxes
EX_coprost(e),0.00495795,0.13386465
EX_cys_L(e),0.8076008448088982,2.4228025344266944
EX_gly(e),0.6869632796024564,1.3739265592049128
EX_lac_D(e),30.26259423545134,90.78778270635402
EX_succ(e),0.08022752448509472,0.3209100979403789
TS_2obut_c,0.0002845058041564161,0.0011380232166256644
