,fluxes,C-fluxes
EX_ac(e),12.922882212721637,25.845764425443274
EX_adn(e),0.00039534759303514556,0.003953475930351455
EX_gcald(e),0.001304492557732211,0.002608985115464422
EX_orn(e),0.064852640118244,0.32426320059122
EX_phe_L(e),0.9767337491984814,8.790603742786333
EX_pro_L(e),0.01860932120513421,0.09304660602567105
