,fluxes,C-fluxes
EX_ac(e),11.474170466501057,22.948340933002115
EX_ade(e),1.312132861401324,6.560664307006619
EX_etoh(e),9.86479471829487,19.72958943658974
EX_for(e),21.103585153762634,21.103585153762634
EX_glyc(e),0.25750631603894675,0.7725189481168402
EX_hista(e),0.10126448219794326,0.5063224109897163
EX_lys_L(e),0.1672124339000518,1.0032746034003108
EX_tym(e),0.8900363728832928,7.120290983066343
