,fluxes,C-fluxes
EX_ac(e),17.608841563983077,35.217683127966154
EX_cys_L(e),0.12984804231712996,0.38954412695138985
EX_gal(e),0.00470194,0.02821164
EX_glyc(e),0.011259631327838495,0.03377889398351548
EX_lac_D(e),11.232420709694207,33.69726212908262
EX_lys_L(e),0.8598881932366096,5.1593291594196575
EX_succ(e),0.08729765521108825,0.349190620844353
