,fluxes,C-fluxes
EX_ac(e),17.005581159632037,34.01116231926407
EX_cys_L(e),0.09323176612933605,0.27969529838800816
EX_gal(e),0.00470194,0.02821164
EX_glyc(e),0.009699478021902302,0.029098434065706905
EX_lac_D(e),10.406523625185743,31.21957087555723
EX_succ(e),0.07455856940703215,0.2982342776281286
