,fluxes,C-fluxes
EX_4abut(e),0.18,0.72
EX_ac(e),12.846364577221788,25.692729154443576
EX_ala_L(e),2.6899845729305345,8.069953718791604
EX_cys_L(e),0.7137741833097605,2.1413225499292814
EX_etoh(e),8.24653298389077,16.49306596778154
EX_for(e),20.949445985024063,20.949445985024063
EX_gcald(e),0.011500504250057286,0.02300100850011457
EX_gly(e),0.5893579934842228,1.1787159869684456
EX_glyc(e),2.012438250821274,6.037314752463821
EX_succ(e),0.06579859333481995,0.2631943733392798
