,fluxes,C-fluxes
EX_4abut(e),0.18,0.72
EX_ac(e),12.722636841229477,25.445273682458954
EX_ala_L(e),2.7162678943573373,8.148803683072012
EX_cys_L(e),0.6976458016699284,2.0929374050097853
EX_etoh(e),8.286981879411037,16.573963758822075
EX_for(e),21.058916876976586,21.058916876976586
EX_gly(e),0.5700669481877979,1.1401338963755958
EX_glyc(e),2.012499883737425,6.037499651212276
EX_succ(e),0.06605338936166955,0.2642135574466782
