,fluxes,C-fluxes
EX_4abut(e),0.18,0.72
EX_ac(e),12.878300768259336,25.756601536518673
EX_ala_L(e),2.57864482004163,7.73593446012489
EX_cys_L(e),0.713107085414454,2.139321256243362
EX_etoh(e),8.278036133020441,16.556072266040882
EX_for(e),21.012151499168695,21.012151499168695
EX_gcald(e),0.01149440826628729,0.02298881653257458
EX_gly(e),0.5886690300426783,1.1773380600853567
EX_glyc(e),2.0124316577733965,6.03729497332019
EX_succ(e),0.06585735126416864,0.26342940505667456
