,fluxes,C-fluxes
EX_4abut(e),0.18,0.72
EX_ac(e),12.80821782674669,25.61643565349338
EX_ala_L(e),2.695859434624648,8.087578303873943
EX_cys_L(e),0.7073392073097267,2.1220176219291798
EX_etoh(e),8.198890927377658,16.397781854755316
EX_for(e),20.858711688704744,20.858711688704744
EX_gcald(e),0.011457784489449235,0.02291556897889847
EX_gly(e),0.5838394367895462,1.1676788735790924
EX_glyc(e),2.01239204770827,6.03717614312481
EX_succ(e),0.0658604343605633,0.2634417374422532
