,fluxes,C-fluxes
EX_4abut(e),0.18,0.72
EX_ac(e),12.830693442041401,25.661386884082802
EX_ala_L(e),2.694778547373215,8.084335642119646
EX_cys_L(e),0.7097527331017326,2.1292581993051978
EX_etoh(e),8.21943582040911,16.43887164081822
EX_for(e),20.90325903274986,20.90325903274986
EX_gcald(e),0.011481418395112486,0.022962836790224973
EX_gly(e),0.586158204919811,1.172316409839622
EX_glyc(e),2.01241760871326,6.037252826139779
EX_succ(e),0.06569443991577192,0.2627777596630877
