,fluxes,C-fluxes
EX_4abut(e),0.18,0.72
EX_ac(e),12.841748935077138,25.683497870154277
EX_ala_L(e),2.6905248506850836,8.071574552055251
EX_cys_L(e),0.7120407670929496,2.136122301278849
EX_etoh(e),8.23026675503605,16.4605335100721
EX_for(e),20.92716168273785,20.92716168273785
EX_gcald(e),0.011489189976515594,0.02297837995303119
EX_gly(e),0.5877108618149939,1.1754217236299878
EX_glyc(e),2.0124260139863392,6.037278041959018
EX_succ(e),0.06575737657407946,0.2630295062963178
