,fluxes,C-fluxes
EX_4abut(e),0.18,0.72
EX_ac(e),12.81169583692724,25.62339167385448
EX_ala_L(e),2.695495999565105,8.086487998695315
EX_cys_L(e),0.7078412822907769,2.123523846872331
EX_etoh(e),8.202687716594955,16.40537543318991
EX_for(e),20.866414391398447,20.866414391398447
EX_gcald(e),0.0114614069719513,0.0229228139439026
EX_gly(e),0.5842577023618413,1.1685154047236825
EX_glyc(e),2.0123959655665633,6.03718789669969
EX_succ(e),0.06562132030585005,0.2624852812234002
