,fluxes,C-fluxes
EX_4abut(e),0.18,0.72
EX_ac(e),12.82896757298394,25.65793514596788
EX_ala_L(e),2.6948424650263854,8.084527395079157
EX_cys_L(e),0.7122211806494,2.1366635419482
EX_etoh(e),8.237962884919597,16.475925769839193
EX_for(e),20.921991942518126,20.921991942518126
EX_gcald(e),0.011487275007792034,0.02297455001558407
EX_gly(e),0.5878559512680989,1.1757119025361977
EX_glyc(e),2.012423942871823,6.037271828615468
EX_succ(e),0.06572226708269074,0.262889068330763
