,fluxes,C-fluxes
EX_3mop(e),1.9000824636376032,11.40049478182562
EX_ac(e),23.357069952570107,46.714139905140215
EX_gly(e),11.328323325244062,22.656646650488124
EX_ins(e),2.186742666836466,21.867426668364658
EX_lys_L(e),0.8024174217384378,4.814504530430627
EX_pro_L(e),0.8961392447094235,4.480696223547118
EX_thymd(e),1.8277670934686343,18.27767093468634
EX_trypta(e),0.05141048974909591,0.5141048974909591
EX_tym(e),0.8866339636970582,7.093071709576465
