,fluxes,C-fluxes
EX_ac(e),5.746636410769292,11.493272821538584
EX_etoh(e),1.4848583300645,2.969716660129
EX_for(e),6.5215404758895215,6.5215404758895215
EX_fru(e),0.01128468,0.06770808
EX_gly(e),0.3871613683599599,0.7743227367199198
EX_lac_D(e),12.985694471892174,38.95708341567652
EX_nac(e),0.19596900480281335,1.1758140288168801
EX_pro_L(e),0.008445436434534567,0.042227182172672836
EX_succ(e),0.11527288578439591,0.46109154313758366
