,fluxes,C-fluxes
EX_ac(e),12.416535361002593,24.833070722005186
EX_ade(e),0.795949559474243,3.979747797371215
EX_but(e),11.013483182238849,44.053932728955395
EX_dgsn(e),0.8885170412053633,8.885170412053633
EX_for(e),0.040308060910979354,0.040308060910979354
EX_lys_L(e),0.7025017566008942,4.215010539605365
EX_ppa(e),0.007189079869608844,0.021567239608826533
EX_ptrc(e),0.778939404622309,3.115757618489236
