,fluxes,C-fluxes
EX_ac(e),0.018410855450760336,0.03682171090152067
EX_acald(e),1.6092169736103696,3.2184339472207393
EX_ade(e),1.8564011732606525,9.282005866303262
EX_for(e),0.5655271328543987,0.5655271328543987
EX_glc_D(e),2.2544136357269,13.5264818143614
EX_lac_D(e),22.279720405803186,66.83916121740955
EX_nac(e),0.29123713158193903,1.747422789491634
EX_succ(e),0.0008844175899106519,0.0035376703596426075
EX_uri(e),0.9248341703806178,8.323507533425559
