,fluxes,C-fluxes
EX_12ppd_S(e),2.0,6.0
EX_ac(e),26.481425960023945,52.96285192004789
EX_ade(e),2.870356901089669,14.351784505448343
EX_akg(e),0.436857267816044,2.18428633908022
EX_glyclt(e),0.05263750821871534,0.10527501643743067
EX_gua(e),0.8148499109560077,4.074249554780039
EX_hista(e),0.06100361092035854,0.3050180546017927
EX_ppa(e),22.72984996815004,68.18954990445013
EX_tym(e),0.8674301145552445,6.939440916441956
