,fluxes,C-fluxes
EX_ac(e),0.39694742636923824,0.7938948527384765
EX_ade(e),0.41373442575131597,2.06867212875658
EX_pyr(e),0.4130884048583447,1.239265214575034
