,fluxes,C-fluxes
EX_ac(e),0.005593483628924252,0.011186967257848504
EX_pyr(e),0.388808248561747,1.166424745685241
