,fluxes,C-fluxes
EX_ac(e),16.331156832099005,32.66231366419801
EX_hista(e),0.1066920914509221,0.5334604572546104
EX_tym(e),0.9262724480477459,7.410179584381967
