,fluxes,C-fluxes
EX_ac(e),29.983841958247947,59.96768391649589
EX_acald(e),0.928219305922857,1.856438611845714
EX_ppa(e),23.35262275259783,70.0578682577935
EX_trypta(e),0.0179669717144294,0.179669717144294
EX_tym(e),0.8963303352055406,7.170642681644325
EX_ura(e),0.6262371987384492,2.5049487949537967
