,fluxes,C-fluxes
EX_cys_L(e),0.2625739059025322,0.7877217177075966
EX_for(e),0.018152828914379332,0.018152828914379332
EX_lac_L(e),37.69826762084638,113.09480286253914
EX_lys_L(e),0.9407578067308382,5.644546840385029
EX_ppa(e),0.11127362691399897,0.3338208807419969
EX_pyr(e),0.6622209410826132,1.9866628232478396
EX_succ(e),0.10419381036181326,0.41677524144725303
