,fluxes,C-fluxes
EX_ac(e),8.837104869381317,17.674209738762634
EX_for(e),3.5907477445990104,3.5907477445990104
EX_orn(e),0.012343281963845085,0.06171640981922542
EX_ppa(e),0.9503899850150656,2.8511699550451968
EX_succ(e),8.303607566978666,33.214430267914665
