,fluxes,C-fluxes
EX_ac(e),14.732309876475437,29.464619752950874
EX_hista(e),0.10781710463742739,0.539085523187137
EX_ppa(e),7.422788390237817,22.26836517071345
EX_trypta(e),0.05832283578894038,0.5832283578894039
EX_tym(e),0.9756688414380911,7.805350731504729
