,fluxes,C-fluxes
EX_ac(e),15.869423497704432,31.738846995408863
EX_hista(e),0.03510841450936418,0.17554207254682092
EX_nac(e),0.9969834848130635,5.981900908878381
EX_ppa(e),21.59230620958459,64.77691862875376
EX_trypta(e),0.014337643067508347,0.14337643067508346
EX_tym(e),0.8958642571730887,7.16691405738471
EX_ura(e),0.7376216608321357,2.9504866433285426
