,fluxes,C-fluxes
EX_ac(e),13.602661273478068,27.205322546956136
EX_etoh(e),2.6122527685672816,5.224505537134563
EX_for(e),16.719843653427244,16.719843653427244
EX_glyc(e),2.015855616586565,6.047566849759695
EX_hista(e),0.10983230235411093,0.5491615117705546
EX_ile_L(e),0.9769629884041611,5.861777930424966
EX_succ(e),4.639503393064886,18.558013572259544
EX_trypta(e),0.015179807253454912,0.1517980725345491
EX_tym(e),0.9308062027845951,7.446449622276761
