,fluxes,C-fluxes
EX_2obut(e),0.08413266452650314,0.33653065810601257
EX_ac(e),2.1292617029683676,4.258523405936735
EX_for(e),0.019363218689714478,0.019363218689714478
EX_glyclt(e),1.1220294752328026,2.244058950465605
EX_lac_L(e),12.926719790737907,38.780159372213724
EX_phe_L(e),0.928724368943784,8.358519320494056
EX_pro_L(e),0.12871514841912127,0.6435757420956063
EX_succ(e),1.2037979153042098,4.815191661216839
EX_val_L(e),0.5111950988728621,2.5559754943643105
