,fluxes,C-fluxes
EX_ac(e),2.817936741411705,5.63587348282341
EX_for(e),0.0042244792921231735,0.0042244792921231735
EX_glyc(e),0.0018472284143899904,0.005541685243169971
EX_hista(e),0.1396922484994297,0.6984612424971486
EX_succ(e),4.629621385698817,18.51848554279527
EX_trypta(e),0.07134727353689255,0.7134727353689254
EX_tym(e),0.9901572537214749,7.921258029771799
