,fluxes,C-fluxes
EX_4abut(e),0.18,0.72
EX_ac(e),11.584515886698883,23.169031773397766
EX_but(e),3.6226690364843765,14.490676145937506
EX_dad_2(e),0.049385967274866466,0.49385967274866466
EX_for(e),8.877290147684791,8.877290147684791
EX_gcald(e),0.0038149306742930765,0.007629861348586153
EX_indole(e),0.06646040158235965,0.5316832126588772
