,fluxes,C-fluxes
EX_ac(e),8.501748725763742,17.003497451527483
EX_ade(e),1.5227374711163804,7.613687355581902
EX_etoh(e),5.688978102394184,11.377956204788369
EX_for(e),11.521722754673048,11.521722754673048
EX_glyc(e),2.012152161827327,6.036456485481981
EX_gua(e),0.9454514387451629,4.727257193725815
EX_orn(e),0.03352162309350005,0.16760811546750023
EX_succ(e),0.48929571347759754,1.9571828539103902
EX_ura(e),0.9529866096151859,3.8119464384607435
