,fluxes,C-fluxes
EX_ac(e),4.966852276527116,9.933704553054232
EX_for(e),1.5602025041605079,1.5602025041605079
EX_gly(e),0.9839394898496623,1.9678789796993246
EX_phe_L(e),0.9832875925400606,8.849588332860545
