,fluxes,C-fluxes
EX_ac(e),48.92857636530625,97.8571527306125
EX_for(e),30.068814993219796,30.068814993219796
EX_gcald(e),0.033012081993133484,0.06602416398626697
EX_succ(e),18.750541220025717,75.00216488010287
EX_tym(e),0.7722131729903178,6.177705383922542
EX_val_L(e),1.1559464051618036,5.779732025809018
