,fluxes,C-fluxes
EX_ac(e),37.834061165438165,75.66812233087633
EX_etoh(e),20.88123486185423,41.76246972370846
EX_for(e),38.78906958284549,38.78906958284549
EX_gcald(e),0.034940216126666396,0.06988043225333279
EX_succ(e),21.571806659196838,86.28722663678735
EX_tym(e),0.7543794769216757,6.035035815373406
EX_ura(e),1.817133570878923,7.268534283515692
EX_val_L(e),1.1624965611188367,5.8124828055941835
