,fluxes,C-fluxes
EX_ac(e),36.00142347320926,72.00284694641852
EX_etoh(e),19.097896398313647,38.195792796627295
EX_for(e),40.880387487001734,40.880387487001734
EX_gcald(e),0.03599161374626347,0.07198322749252695
EX_ins(e),0.8765335723622486,8.765335723622487
EX_lys_L(e),0.47713655062963806,2.8628193037778282
EX_succ(e),18.863248684471955,75.45299473788782
EX_tym(e),0.7400791653332828,5.920633322666262
EX_val_L(e),3.267330859571834,16.33665429785917
