,fluxes,C-fluxes
EX_12ppd_S(e),2.0,6.0
EX_ac(e),24.206934218441205,48.41386843688241
EX_acald(e),3.292952929983948,6.585905859967896
EX_cys_L(e),0.9532820465547718,2.8598461396643153
EX_for(e),25.70632581659678,25.70632581659678
EX_ins(e),2.888277841688476,28.882778416884758
EX_phe_L(e),0.5995887249695171,5.396298524725654
EX_ppa(e),13.508427790674777,40.52528337202433
TS_2ommb_c,0.0013891282471199008,0.06667815586175524
