,fluxes,C-fluxes
EX_12ppd_S(e),0.7290813161724845,2.1872439485174535
EX_ac(e),29.07995296606104,58.15990593212208
EX_dad_2(e),0.16892304737601543,1.6892304737601544
EX_for(e),29.631598162042305,29.631598162042305
EX_gal(e),4.00470194,24.028211640000002
EX_gcald(e),0.013441502295782089,0.026883004591564178
EX_glc_D(e),6.067831338302578,36.406988029815466
EX_ins(e),0.675376538286747,6.753765382867471
EX_pac(e),0.766215930921835,6.12972744737468
EX_ppa(e),19.6078978078954,58.82369342368621
