,fluxes,C-fluxes
EX_ac(e),36.35737412091805,72.7147482418361
EX_ade(e),0.0024480247608766213,0.012240123804383107
EX_cys_L(e),0.9220171334643502,2.7660514003930508
EX_dad_2(e),1.0,10.0
EX_for(e),35.554122445314626,35.554122445314626
EX_glc_D(e),1.7385278417457182,10.43116705047431
EX_nac(e),0.9906396760391166,5.9438380562347
EX_ppa(e),28.462228313265225,85.38668493979567
EX_pydxn(e),1.0,8.0
EX_thymd(e),0.6039194768563273,6.039194768563273
