,fluxes,C-fluxes
EX_ac(e),4.066940108796015,8.13388021759203
EX_cys_L(e),0.8451532079515536,2.5354596238546607
EX_for(e),2.3414451863835346,2.3414451863835346
TS_lipoate_c,0.0038220628131400785,0.030576502505120628
