,fluxes,C-fluxes
EX_ac(e),17.18665447310097,34.37330894620194
EX_lac_D(e),11.096468474585768,33.2894054237573
EX_lys_L(e),1.1619806794483316,6.97188407668999
EX_succ(e),0.06020263174404918,0.24081052697619673
TS_hcys__L_c,0.0003870671063892391,0.0015482684255569564
