,fluxes,C-fluxes
EX_ac(e),3.3907984210240087,6.7815968420480175
EX_ala_L(e),0.8862716446659241,2.6588149339977725
EX_cys_L(e),0.09486886467979931,0.2846065940393979
EX_for(e),0.0011055079798646655,0.0011055079798646655
EX_glyc(e),0.8892081904671622,2.6676245714014866
EX_lac_D(e),20.18781832747955,60.56345498243866
EX_orn(e),0.08461992632091013,0.42309963160455066
