,fluxes,C-fluxes
EX_acald(e),12.622804265964596,25.245608531929193
EX_ade(e),2.124154579447386,10.620772897236929
EX_but(e),8.501605032595322,34.00642013038129
EX_gcald(e),0.0022289309866703098,0.0044578619733406195
EX_gly(e),0.9001867238894415,1.800373447778883
EX_glyc(e),0.007664672096258827,0.02299401628877648
EX_gua(e),0.9797203787452297,4.898601893726148
EX_indole(e),0.07044769788117668,0.5635815830494134
EX_thymd(e),1.9635096359299473,19.635096359299474
