,fluxes,C-fluxes
EX_ac(e),3.9683303345282375,7.936660669056475
EX_ade(e),0.9866676378954741,4.933338189477371
EX_for(e),4.098086337321022,4.098086337321022
EX_gcald(e),0.003185156240092844,0.006370312480185688
EX_glyc(e),0.010952864086713579,0.032858592260140734
EX_lac_D(e),12.311234940158835,36.93370482047651
EX_lys_L(e),0.8776721595095641,5.2660329570573845
EX_ptrc(e),1.0653587779458442,4.261435111783377
EX_succ(e),2.4025834752049238,9.610333900819695
