,fluxes,C-fluxes
EX_ac(e),4.792551061091106,9.585102122182212
EX_ade(e),1.2509269350466652,6.254634675233326
EX_for(e),4.9858802215871565,4.9858802215871565
EX_glyc(e),0.011230270441576963,0.03369081132473089
EX_lac_D(e),9.956252270442036,29.868756811326108
EX_lys_L(e),0.88533332062411,5.31199992374466
EX_phe_L(e),0.8415139916915553,7.573625925223998
EX_succ(e),2.3903049295348593,9.561219718139437
