,fluxes,C-fluxes
EX_12ppd_S(e),2.0,6.0
EX_ac(e),9.907828649615002,19.815657299230004
EX_dad_2(e),0.7544911925608503,7.544911925608503
EX_for(e),9.775065122536464,9.775065122536464
EX_ins(e),0.0669102440436225,0.669102440436225
EX_ppa(e),4.4074381721616405,13.222314516484921
EX_succ(e),0.7857910555761236,3.1431642223044944
EX_thymd(e),0.21690490726560807,2.1690490726560805
EX_uri(e),0.7130556830248652,6.417501147223787
