,fluxes,C-fluxes
EX_ac(e),6.243415695803792,12.486831391607584
EX_ade(e),1.967161071486323,9.835805357431616
EX_for(e),6.435648261728677,6.435648261728677
EX_gcald(e),0.003142847646321788,0.006285695292643576
EX_glyc(e),0.010807376631046148,0.032422129893138446
EX_ppa(e),4.5381407439856005,13.614422231956802
EX_succ(e),0.25531455001606834,1.0212582000642734
