,fluxes,C-fluxes
EX_ac(e),9.087169834544556,18.17433966908911
EX_ade(e),1.162072149187047,5.810360745935235
EX_for(e),9.46034582153001,9.46034582153001
EX_glyc(e),0.014618642893929227,0.043855928681787684
EX_ins(e),0.0597255102851595,0.597255102851595
EX_isobut(e),5.480730732455501,21.922922929822004
EX_phe_L(e),0.28583708054928303,2.5725337249435474
EX_succ(e),6.818812377260351,27.275249509041405
EX_thymd(e),0.08495025217001802,0.8495025217001801
