,fluxes,C-fluxes
EX_ac(e),18.460365535908227,36.920731071816455
EX_for(e),18.903792911831285,18.903792911831285
EX_gal(e),2.0,12.0
EX_hxan(e),0.9499322666156723,4.749661333078362
EX_lys_L(e),0.9270675733877195,5.562405440326317
EX_ppa(e),8.914165744059094,26.742497232177282
