,fluxes,C-fluxes
EX_ac(e),9.10869500577609,18.21739001155218
EX_for(e),9.65579200614188,9.65579200614188
EX_glyc(e),1.7038845594752476,5.111653678425743
EX_hxan(e),0.2172358692958128,1.086179346479064
EX_lys_L(e),0.9109082119562721,5.465449271737633
EX_ppa(e),3.6336215835790693,10.900864750737208
EX_succ(e),1.8803319436210335,7.521327774484134
TS_copre5b_c,0.0002001258222539115,0.008605410356918194
