,fluxes,C-fluxes
EX_ac(e),21.78682437624447,43.57364875248894
EX_acald(e),2.0,4.0
EX_cys_L(e),0.9435463228797977,2.830638968639393
EX_for(e),37.58372155602703,37.58372155602703
EX_hxan(e),0.6132677953446084,3.066338976723042
EX_indole(e),0.0030663694815556497,0.024530955852445198
EX_lys_L(e),0.7341607455071609,4.404964473042965
EX_phe_L(e),0.7046504346579964,6.341853911921968
EX_ppa(e),25.649951952697045,76.94985585809113
EX_ura(e),0.6247386482351132,2.4989545929404526
