,fluxes,C-fluxes
EX_ac(e),6.141093764069468,12.282187528138936
EX_adn(e),0.00037033941219556644,0.0037033941219556644
EX_ala_L(e),0.2793638396697015,0.8380915190091045
EX_for(e),9.797792473552596,9.797792473552596
EX_nac(e),0.9975734645459603,5.985440787275762
EX_ttdca(e),0.6623052152925752,9.272273014096054
