,fluxes,C-fluxes
EX_ac(e),5.719257794851565,11.43851558970313
EX_ala_L(e),0.18231100636713274,0.5469330191013982
EX_for(e),4.617698044469305,4.617698044469305
EX_nac(e),0.9976889936328672,5.986133961797203
