,fluxes,C-fluxes
EX_ac(e),8.519789024978584,17.039578049957168
EX_ala_L(e),0.0023670835918683276,0.007101250775604983
EX_etoh(e),0.07248787773099202,0.14497575546198405
EX_for(e),8.995292918004404,8.995292918004404
EX_nac(e),0.9976324853217657,5.985794911930594
EX_orn(e),0.038625409568866585,0.19312704784433293
EX_ttdca(e),0.19314343469992643,2.70400808579897
