,fluxes,C-fluxes
EX_ac(e),6.926245083665352,13.852490167330703
EX_ala_L(e),1.925893517436826,5.7776805523104775
EX_hista(e),0.10711238901738239,0.5355619450869119
EX_ile_L(e),0.8378760873585281,5.027256524151169
EX_lac_D(e),16.991671118397953,50.97501335519386
EX_ncam(e),0.9986051998371684,5.9916311990230104
EX_ppa(e),1.0000000120150085,3.0000000360450256
EX_tym(e),0.9403439485890959,7.522751588712767
