,fluxes,C-fluxes
EX_4hphac(e),0.8781154469024871,7.024923575219897
EX_ac(e),48.41883138215954,96.83766276431908
EX_dad_2(e),0.004871336372987753,0.04871336372987753
EX_for(e),0.06365935135053197,0.06365935135053197
EX_nac(e),0.9969984556742829,5.981990734045698
EX_ptrc(e),0.5606946463366524,2.24277858534661
TS_fadh2_c,9.996987747288859,269.9186691767992
