,fluxes,C-fluxes
EX_ac(e),11.005673164036988,22.011346328073977
EX_ade(e),0.3404783203746701,1.7023916018733503
EX_but(e),11.542917327460168,46.171669309840674
EX_dad_2(e),0.5036036069335245,5.036036069335244
EX_for(e),35.962088577234134,35.962088577234134
EX_mqn8(e),0.33291198804998023,16.97851139054899
EX_ppa(e),0.6465719040290894,1.9397157120872681
EX_succ(e),0.3394228763907214,1.3576915055628855
