,fluxes,C-fluxes
EX_ac(e),11.982658297300636,23.965316594601273
EX_etoh(e),9.004690352700077,18.009380705400154
EX_for(e),21.164522300364656,21.164522300364656
EX_nac(e),0.3194570589032935,1.9167423534197612
EX_succ(e),1.0024698670586627,4.009879468234651
