,fluxes,C-fluxes
EX_ac(e),1.904322418834221,3.808644837668442
EX_ade(e),1.0353751701890315,5.176875850945157
EX_dgsn(e),0.9928187604481783,9.928187604481783
EX_for(e),2.513010876455889,2.513010876455889
EX_gly(e),0.16833171467511102,0.33666342935022203
EX_orn(e),0.11851781416854673,0.5925890708427337
EX_pac(e),0.4285601267128296,3.428481013702637
EX_phe_L(e),0.5432027663167394,4.888824896850654
EX_ppa(e),2.6797637494971895,8.039291248491569
