,fluxes,C-fluxes
EX_ac(e),5.185687894925416,10.371375789850832
EX_for(e),0.012487800079309401,0.012487800079309401
EX_gly(e),0.14347240803870145,0.2869448160774029
EX_lac_D(e),2.462582971659589,7.387748914978767
EX_phe_L(e),0.956462362085128,8.608161258766152
