,fluxes,C-fluxes
EX_ac(e),10.114350578420193,20.228701156840387
EX_gua(e),1.841087968744435,9.205439843722175
EX_hista(e),0.07267331150830851,0.36336655754154257
EX_ppa(e),20.739246518701734,62.2177395561052
EX_trypta(e),0.00458359795442416,0.0458359795442416
EX_tym(e),1.904414060973041,15.235312487784327
