,fluxes,C-fluxes
EX_ac(e),12.152503946163765,24.30500789232753
EX_arab_L(e),0.0055197,0.027598499999999998
EX_but(e),3.6629730653156485,14.651892261262594
EX_for(e),8.3444515211302,8.3444515211302
EX_fru(e),0.877540704872908,5.265244229237448
EX_fum(e),0.3015728763083935,1.206291505233574
EX_gal(e),0.00091995,0.0055197
EX_glc_D(e),9.9583983,59.75038980000001
EX_lac_L(e),6.714794539842144,20.14438361952643
