,fluxes,C-fluxes
EX_ac(e),4.740850461815336,9.481700923630672
EX_akg(e),0.04145366172221588,0.2072683086110794
EX_for(e),0.01735036227092258,0.01735036227092258
EX_glyc(e),2.0146186428939292,6.043855928681788
EX_lac_L(e),21.197340675468013,63.59202202640404
EX_succ(e),0.0583368289190291,0.2333473156761164
