,fluxes,C-fluxes
EX_ac(e),6.74318487285117,13.48636974570234
EX_for(e),0.008465797901817116,0.008465797901817116
EX_glyc(e),6.45224596019722,19.35673788059166
EX_lac_L(e),16.37630837967057,49.128925139011706
EX_succ(e),0.7933812501304411,3.1735250005217646
