,fluxes,C-fluxes
EX_ac(e),16.09662637858768,32.19325275717536
EX_etoh(e),8.2459376310101,16.4918752620202
EX_for(e),18.776665950634587,18.776665950634587
EX_succ(e),0.15692744430992137,0.6277097772396855
