,fluxes,C-fluxes
EX_ac(e),10.21414658784584,20.42829317569168
EX_etoh(e),9.164742289145272,18.329484578290543
EX_for(e),19.132004050603328,19.132004050603328
EX_nac(e),0.08823608491061545,0.5294165094636927
