,fluxes,C-fluxes
EX_ac(e),0.5517852934091085,1.103570586818217
EX_for(e),0.5518560162469526,0.5518560162469526
EX_glyc(e),0.5439959450113736,1.6319878350341208
EX_lac_D(e),0.1457758241646927,0.4373274724940781
