,fluxes,C-fluxes
EX_but(e),2.42383014766671,9.69532059066684
EX_nac(e),0.9984568744677489,5.990741246806493
EX_orn(e),0.0476744139678465,0.2383720698392325
EX_succ(e),5.051333463570658,20.20533385428263
EX_ura(e),0.9655755577211942,3.8623022308847768
