,fluxes,C-fluxes
EX_ac(e),13.140137365798244,26.28027473159649
EX_ade(e),1.9656211457463955,9.828105728731977
EX_dgsn(e),0.9621663449100014,9.621663449100014
EX_etoh(e),6.140532450001848,12.281064900003695
EX_for(e),18.230171793621164,18.230171793621164
EX_fuc_L(e),0.000789,0.004734
EX_gal(e),0.0014202,0.0085212
EX_met_L(e),1.0108963895245127,5.0544819476225635
