,fluxes,C-fluxes
EX_ac(e),18.28856407865246,36.57712815730492
EX_etoh(e),11.8262282312878,23.6524564625756
EX_for(e),31.414605788313814,31.414605788313814
EX_lac_L(e),20.89583680527071,62.687510415812135
EX_nac(e),0.9930222460908703,5.958133476545222
EX_val_L(e),2.8001608118205676,14.000804059102839
