,fluxes,C-fluxes
EX_ac(e),27.689706173075816,55.37941234615163
EX_dad_2(e),0.03469326521770165,0.3469326521770165
EX_dgsn(e),0.9298696018579575,9.298696018579575
EX_etoh(e),9.868402850197375,19.73680570039475
EX_for(e),35.722583953677976,35.722583953677976
EX_lys_L(e),0.9875575147090356,5.925345088254214
EX_met_L(e),2.023888179241677,10.119440896208385
EX_nac(e),0.8978584431306966,5.387150658784179
EX_phe_L(e),0.6601137088468897,5.941023379622007
EX_ura(e),1.7586936874011054,7.034774749604422
