,fluxes,C-fluxes
EX_ac(e),12.422131131667472,24.844262263334944
EX_etoh(e),11.38832722316522,22.77665444633044
EX_for(e),22.752372577982943,22.752372577982943
