,fluxes,C-fluxes
EX_ac(e),18.15482536727116,36.30965073454232
EX_cys_L(e),0.9679813594813713,2.903944078444114
EX_for(e),1.187437387920996,1.187437387920996
EX_gly(e),0.8386935263254003,1.6773870526508006
EX_lac_L(e),10.220203166404323,30.660609499212967
EX_lys_L(e),0.7215493395819184,4.32929603749151
EX_succ(e),0.08642678812955344,0.34570715251821377
