,fluxes,C-fluxes
EX_glu_L(e),0.5066727958326679,2.5333639791633393
EX_phe_L(e),0.9954721725690882,8.959249553121793
EX_succ(e),0.42180034751341117,1.6872013900536447
