,fluxes,C-fluxes
EX_ac(e),3.8841570193868273,7.768314038773655
EX_ala_L(e),3.0714392071587877,9.214317621476363
EX_for(e),0.048328143284069335,0.048328143284069335
EX_gcald(e),0.01958389043557877,0.03916778087115754
EX_lac_D(e),44.06711907948938,132.20135723846815
