,fluxes,C-fluxes
EX_ac(e),9.24773352225283,18.49546704450566
EX_ala_L(e),1.943633588265769,5.830900764797307
EX_for(e),10.366506105094375,10.366506105094375
EX_gcald(e),0.019602657129069643,0.039205314258139286
EX_lac_D(e),27.344910616267725,82.03473184880318
