,fluxes,C-fluxes
EX_ac(e),16.41436716337024,32.82873432674048
EX_etoh(e),4.737778930220513,9.475557860441025
EX_for(e),17.267741935656016,17.267741935656016
EX_gcald(e),0.019687298746650924,0.03937459749330185
EX_glyc(e),0.021292593305460683,0.06387777991638205
EX_ile_L(e),0.3718053246282631,2.2308319477695786
EX_lys_L(e),0.6816094155010207,4.0896564930061245
EX_orn(e),0.04594843295953321,0.22974216479766604
EX_succ(e),5.878203376722837,23.512813506891348
