,fluxes,C-fluxes
EX_ac(e),32.155412202274164,64.31082440454833
EX_dad_2(e),0.7827230369220952,7.827230369220953
EX_etoh(e),11.810518612914075,23.62103722582815
EX_for(e),47.107212482909944,47.107212482909944
EX_gcald(e),0.029632704770524473,0.05926540954104895
EX_ile_L(e),0.12196210976792551,0.731772658607553
EX_met_L(e),0.13546122430913016,0.6773061215456508
EX_orn(e),0.15,0.75
EX_pro_L(e),0.22144781723410523,1.1072390861705261
EX_val_L(e),3.593894885604926,17.96947442802463
