,fluxes,C-fluxes
EX_ac(e),20.84192939616459,41.68385879232918
EX_ala_L(e),2.598014569137887,7.794043707413661
EX_etoh(e),8.333056412435392,16.666112824870783
EX_for(e),30.166837318768795,30.166837318768795
EX_gcald(e),0.02455312256670409,0.04910624513340818
EX_lac_L(e),11.202483629727295,33.607450889181884
EX_lys_L(e),0.5790898898552714,3.4745393391316286
