,fluxes,C-fluxes
EX_ac(e),16.09596420188635,32.1919284037727
EX_ala_L(e),2.398094722538008,7.194284167614024
EX_etoh(e),12.786705702161848,25.573411404323696
EX_for(e),29.00598146139537,29.00598146139537
EX_ins(e),0.8968479410157066,8.968479410157066
EX_lac_L(e),9.498811970333287,28.496435910999864
EX_lys_L(e),0.7100207970922975,4.260124782553785
EX_met_L(e),0.37644199229347447,1.8822099614673724
EX_orn(e),0.0023283228365898272,0.011641614182949137
