,fluxes,C-fluxes
EX_ac(e),22.898468826523157,45.796937653046314
EX_ala_L(e),2.4799536313856647,7.439860894156994
EX_etoh(e),13.253035627817699,26.506071255635398
EX_for(e),36.77964357190596,36.77964357190596
EX_gcald(e),0.02499153869789011,0.04998307739578022
EX_hista(e),0.04332453761328566,0.21662268806642831
EX_lac_L(e),3.379954157125384,10.139862471376151
EX_lys_L(e),0.6461066777493163,3.8766400664958978
EX_uri(e),0.22148775917256822,1.9933898325531139
