,fluxes,C-fluxes
EX_3mop(e),0.10442454072737072,0.6265472443642243
EX_ac(e),9.679354783967337,19.358709567934675
EX_akg(e),0.9951829668688331,4.975914834344166
EX_dad_2(e),0.9299522024561813,9.299522024561814
EX_glyc(e),2.0245569965818526,6.073670989745558
EX_lys_L(e),0.7742944436938161,4.645766662162896
EX_succ(e),14.673410257320095,58.69364102928038
EX_val_L(e),12.500613188013954,62.503065940069774
