,fluxes,C-fluxes
EX_ac(e),17.198008485947565,34.39601697189513
EX_gcald(e),0.004251185924215989,0.008502371848431977
EX_glyc(e),0.014618642893929227,0.043855928681787684
EX_succ(e),1.7820599472536014,7.128239789014406
