,fluxes,C-fluxes
EX_ac(e),15.775314319941828,31.550628639883655
EX_etoh(e),14.444562137654675,28.88912427530935
EX_for(e),31.307293001189635,31.307293001189635
EX_hista(e),0.07015469786976912,0.3507734893488456
EX_lac_L(e),9.586948840417056,28.760846521251167
EX_lys_L(e),0.6757556819348154,4.054534091608892
EX_succ(e),0.01803918739637958,0.07215674958551832
EX_tym(e),0.8708798294094547,6.967038635275638
EX_val_L(e),1.791516761169319,8.957583805846594
