,fluxes,C-fluxes
EX_4abut(e),0.08699481495490369,0.34797925981961475
EX_ac(e),7.059196133098237,14.118392266196475
EX_ala_L(e),0.2530809776518517,0.7592429329555552
EX_etoh(e),5.086144480570679,10.172288961141358
EX_for(e),12.014261483236286,12.014261483236286
EX_ile_L(e),0.1478033951337208,0.8868203708023248
EX_nac(e),0.9992789377970922,5.995673626782553
