,fluxes,C-fluxes
EX_ac(e),2.36125196263711,4.72250392527422
EX_etoh(e),0.4503726417826061,0.9007452835652122
EX_for(e),2.414428527900978,2.414428527900978
EX_glyc(e),0.001008805545527734,0.0030264166365832025
EX_nac(e),0.011680789095062663,0.07008473457037598
EX_thymd(e),0.009324138672364868,0.09324138672364868
