,fluxes,C-fluxes
EX_ac(e),2.400048892294145,4.80009778458829
EX_etoh(e),0.44067574495324147,0.8813514899064829
EX_for(e),2.5467009257540014,2.5467009257540014
EX_glu_L(e),0.13291099141561258,0.6645549570780629
EX_glyc(e),0.0011762542337141624,0.0035287627011424873
EX_nac(e),0.02439911775986523,0.1463947065591914
EX_succ(e),0.007352848831548509,0.029411395326194037
