,fluxes,C-fluxes
EX_ac(e),14.668715214727094,29.337430429454187
EX_ade(e),0.9648095849036801,4.824047924518401
EX_ala_L(e),1.2736114467600261,3.8208343402800784
EX_etoh(e),0.046921052743592935,0.09384210548718587
EX_for(e),1.9510191145900997,1.9510191145900997
EX_glyc(e),0.009665166558080173,0.02899549967424052
EX_lac_L(e),5.460778925292965,16.382336775878898
EX_orn(e),0.042871669044761196,0.21435834522380598
