,fluxes,C-fluxes
EX_ac(e),9.208081417240393,18.416162834480787
EX_ade(e),0.010614666415487022,0.05307333207743511
EX_ala_L(e),1.2472075236654963,3.7416225709964888
EX_etoh(e),6.3198467408532135,12.639693481706427
EX_for(e),15.278496896566887,15.278496896566887
EX_orn(e),0.08001811589455551,0.4000905794727776
