,fluxes,C-fluxes
EX_ac(e),2.7460639845132224,5.492127969026445
EX_etoh(e),0.4308842451370491,0.8617684902740982
EX_for(e),2.5521057076400018,2.5521057076400018
EX_glu_L(e),0.11358263188155168,0.5679131594077584
EX_nac(e),0.013010190935047017,0.0780611456102821
EX_orn(e),0.15,0.75
