,fluxes,C-fluxes
EX_ac(e),11.711020635476379,23.422041270952757
EX_but(e),1.5400327649340373,6.160131059736149
EX_for(e),3.2696290345696855,3.2696290345696855
EX_fum(e),0.1368180579186999,0.5472722316747995
EX_lac_D(e),10.224959751122949,30.674879253368847
