,fluxes,C-fluxes
EX_ac(e),9.962164201621478,19.924328403242956
EX_asp_L(e),9.079825192260058,36.31930076904023
EX_for(e),0.0010872475555876657,0.0010872475555876657
EX_glu_L(e),0.008503927860503462,0.04251963930251731
EX_glyc(e),0.0008642588284170029,0.0025927764852510084
EX_succ(e),0.004857376930418855,0.01942950772167542
EX_uri(e),0.00025368674475428676,0.002283180702788581
EX_val_L(e),0.8906713529716688,4.453356764858344
