,fluxes,C-fluxes
EX_ac(e),11.29388124979409,22.58776249958818
EX_acald(e),2.9674188064462865,5.934837612892573
EX_for(e),11.33278785879659,11.33278785879659
EX_ile_L(e),0.8124706884663376,4.874824130798026
EX_lys_L(e),0.8536557819987891,5.121934691992735
EX_phe_L(e),0.836245967261875,7.5262137053568745
EX_ppa(e),9.06163150030682,27.18489450092046
EX_ptrc(e),0.9351732156420128,3.7406928625680513
EX_ura(e),0.9136878105883334,3.6547512423533335
