,fluxes,C-fluxes
EX_ac(e),10.36768532367089,20.73537064734178
EX_etoh(e),8.501202061541454,17.002404123082908
EX_for(e),16.593981104925078,16.593981104925078
EX_nac(e),0.9977955279629194,5.986773167777516
EX_phe_L(e),0.8510561105003649,7.659504994503284
EX_ppa(e),0.47204922438703145,1.4161476731610945
EX_ptrc(e),0.9292912619558367,3.7171650478233467
