,fluxes,C-fluxes
EX_ac(e),10.689185215429688,21.378370430859377
EX_acald(e),2.046029208571428,4.092058417142856
EX_for(e),10.906556037670638,10.906556037670638
EX_ile_L(e),0.8240702778063957,4.944421666838375
EX_lys_L(e),0.8515807760974636,5.109484656584781
EX_phe_L(e),0.8221969182334632,7.399772264101169
EX_ppa(e),8.68096208703711,26.042886261111327
EX_ptrc(e),0.9408703394771596,3.7634813579086384
EX_xan(e),0.9622183596555829,4.811091798277914
