,fluxes,C-fluxes
EX_ac(e),13.107078070767184,26.214156141534367
EX_etoh(e),14.291975102344532,28.583950204689064
EX_for(e),24.95139514780734,24.95139514780734
EX_gcald(e),0.004251185924215989,0.008502371848431977
EX_ile_L(e),0.7714383247231065,4.628629948338639
EX_lys_L(e),0.8251811282425613,4.951086769455368
EX_phe_L(e),0.8089751770266475,7.280776593239827
EX_ppa(e),0.20601720620270375,0.6180516186081113
EX_ptrc(e),1.0,4.0
