,fluxes,C-fluxes
EX_ac(e),9.644441549024965,19.28888309804993
EX_etoh(e),6.523062059005795,13.04612411801159
EX_for(e),13.929271194053596,13.929271194053596
EX_phe_L(e),0.8875842285895882,7.988258057306294
EX_ppa(e),0.15264208151180658,0.45792624453541975
EX_ptrc(e),0.947021746993007,3.788086987972028
