,fluxes,C-fluxes
EX_ac(e),9.564820153110517,19.129640306221035
EX_adn(e),0.0077136887128049095,0.0771368871280491
EX_for(e),9.765603959506034,9.765603959506034
EX_phe_L(e),0.8755920110725639,7.880328099653076
EX_ppa(e),5.838501696913012,17.515505090739033
EX_ptrc(e),0.9368265492915362,3.7473061971661448
EX_ura(e),0.9242507561578556,3.6970030246314223
