,fluxes,C-fluxes
EX_4hphac(e),0.9320849255229753,7.456679404183802
EX_ac(e),13.867776158046137,27.735552316092274
EX_ala_L(e),1.8114942026605634,5.43448260798169
EX_etoh(e),0.11967299840594788,0.23934599681189575
EX_for(e),11.676358437472905,11.676358437472905
EX_gly(e),1.466946134450204,2.933892268900408
EX_glyc(e),0.014618642893929227,0.043855928681787684
EX_ile_L(e),0.6884291552958407,4.130574931775044
EX_nac(e),0.9985825825723591,5.991495495434155
