,fluxes,C-fluxes
EX_ac(e),14.666905658822223,29.333811317644447
EX_ala_L(e),0.18458417690957332,0.55375253072872
EX_etoh(e),0.18811896602263142,0.37623793204526285
EX_for(e),12.575002344602531,12.575002344602531
EX_gly(e),1.609290010270131,3.218580020540262
EX_glyc(e),1.3938497632199183,4.181549289659754
EX_indole(e),0.05254188676031155,0.4203350940824924
EX_nac(e),0.9985826264054138,5.9914957584324835
EX_ppa(e),0.09855522569471707,0.2956656770841512
