,fluxes,C-fluxes
EX_4hphac(e),0.08511183357572365,0.6808946686057892
EX_ac(e),14.62620970980333,29.25241941960666
EX_ala_L(e),0.4346467411082278,1.3039402233246835
EX_dad_2(e),0.0028341239494773258,0.028341239494773258
EX_etoh(e),0.016474095761434153,0.032948191522868306
EX_for(e),12.419122979230488,12.419122979230488
EX_gly(e),1.4762357459914006,2.9524714919828012
EX_glyc(e),0.014618642893929227,0.043855928681787684
EX_orn(e),0.03689371046895209,0.18446855234476045
