,fluxes,C-fluxes
EX_ac(e),6.173058799767169,12.346117599534338
EX_ala_D(e),0.17423270250130196,0.5226981075039059
EX_gal(e),2.0,12.0
EX_glyc(e),0.8773763630583847,2.6321290891751543
EX_lac_L(e),15.898921108089784,47.696763324269355
EX_orn(e),0.08105329646897111,0.4052664823448555
EX_succ(e),0.0053736788448984375,0.02149471537959375
