,fluxes,C-fluxes
EX_ac(e),7.59628233593007,15.19256467186014
EX_but(e),0.12618627359253803,0.5047450943701521
EX_for(e),6.687068790580983,6.687068790580983
EX_gcald(e),0.0011464770043768475,0.002292954008753695
EX_ile_L(e),0.9421576423460097,5.652945854076059
EX_phe_L(e),0.9404266490417982,8.463839841376183
