,fluxes,C-fluxes
EX_ac(e),6.00622011137637,12.01244022275274
EX_but(e),0.3174209564837448,1.2696838259349792
EX_dtmp(e),0.9534301265531598,9.534301265531598
EX_for(e),0.002185448320834259,0.002185448320834259
EX_nac(e),0.9994594904701104,5.996756942820662
EX_orn(e),0.012591745685982848,0.06295872842991423
