,fluxes,C-fluxes
EX_ac(e),2.391941074641809,4.783882149283618
EX_but(e),0.34210619257819985,1.3684247703127994
EX_cys_L(e),0.01026915908750111,0.03080747726250333
EX_etoh(e),0.9975212633550916,1.9950425267101832
EX_for(e),3.4140932002368256,3.4140932002368256
EX_nac(e),0.017951498871402814,0.10770899322841689
EX_orn(e),0.0052002740522702935,0.026001370261351468
