,fluxes,C-fluxes
EX_ac(e),10.288377975635218,20.576755951270435
EX_for(e),0.024352500217228446,0.024352500217228446
EX_glyclt(e),3.138671867231826,6.277343734463652
EX_nac(e),0.9992459720385684,5.99547583223141
EX_phe_L(e),1.0870530961699656,9.78347786552969
EX_ppa(e),2.0,6.0
EX_ptrc(e),0.05764387218614629,0.23057548874458517
EX_trypta(e),0.8252545886764745,8.252545886764745
