,fluxes,C-fluxes
EX_4hphac(e),1.977142063109568,15.817136504876544
EX_ac(e),11.141050025666583,22.282100051333167
EX_glyclt(e),5.839018702273488,11.678037404546975
EX_gua(e),0.9402319926134084,4.701159963067042
EX_hista(e),0.12458278474091963,0.6229139237045982
EX_lys_L(e),0.8810093989521754,5.286056393713053
EX_ppa(e),2.1894085170463278,6.568225551138983
EX_ptrc(e),1.1081321263966315,4.432528505586526
EX_trypta(e),0.07335652609725792,0.7335652609725791
