,fluxes,C-fluxes
EX_ac(e),4.868402550843269,9.736805101686539
EX_phe_L(e),0.9375024113602302,8.437521702242071
EX_ppa(e),1.274929178482431,3.8247875354472933
EX_pro_L(e),0.09043859198336728,0.4521929599168364
EX_succ(e),1.665623004025635,6.66249201610254
