,fluxes,C-fluxes
EX_ac(e),0.4225691055713548,0.8451382111427096
EX_ppa(e),0.413129481031933,1.2393884430957989
