,fluxes,C-fluxes
EX_4hphac(e),0.9812746866742297,7.850197493393837
EX_ac(e),6.6275882760669065,13.255176552133813
EX_for(e),0.012779182727054724,0.012779182727054724
EX_glyclt(e),2.7506063548491873,5.5012127096983745
EX_ppa(e),2.0,6.0
EX_ptrc(e),0.8288057649363395,3.315223059745358
EX_trypta(e),0.07001531033620839,0.7001531033620839
