,fluxes,C-fluxes
EX_4hphac(e),0.9702688684451852,7.762150947561482
EX_ac(e),10.420177062274849,20.840354124549698
EX_for(e),0.015227444772540745,0.015227444772540745
EX_gly(e),0.969212033169968,1.938424066339936
