,fluxes,C-fluxes
EX_ac(e),3.743778978542657,7.487557957085314
EX_for(e),3.7466509786432525,3.7466509786432525
EX_nac(e),0.9992635441000911,5.995581264600546
EX_phe_L(e),0.9697631561189075,8.727868405070168
EX_succ(e),0.3039423022107299,1.2157692088429195
