,fluxes,C-fluxes
EX_ac(e),6.514942464173765,13.02988492834753
EX_for(e),6.053582169544503,6.053582169544503
