,fluxes,C-fluxes
EX_ac(e),6.582843994115363,13.165687988230726
EX_acald(e),0.17878295,0.3575659
EX_cys_L(e),0.9947666523316028,2.9842999569948083
EX_for(e),5.858645257728205,5.858645257728205
EX_ile_L(e),0.022831660344447335,0.136989962066684
EX_lys_L(e),0.9769100774692211,5.861460464815327
EX_phe_L(e),0.9364995809412551,8.428496228471296
EX_pro_L(e),0.18287118964102134,0.9143559482051067
EX_succ(e),2.619420374107671,10.477681496430684
EX_val_L(e),0.1360804108825041,0.6804020544125206
