,fluxes,C-fluxes
EX_ac(e),4.4740466779641865,8.948093355928373
EX_acald(e),0.17878295,0.3575659
EX_for(e),0.004509469416962655,0.004509469416962655
EX_ile_L(e),0.043916799253400404,0.2635007955204024
EX_lys_L(e),0.9606908366033476,5.764145019620086
EX_phe_L(e),0.9130683755725993,8.217615380153394
EX_pro_L(e),0.24576132008294335,1.2288066004147167
EX_succ(e),4.629090245221669,18.516360980886677
