,fluxes,C-fluxes
EX_glu_L(e),0.16973961472438065,0.8486980736219032
EX_lys_L(e),9.991257500993207,59.94754500595924
EX_orn(e),0.1287737500911023,0.6438687504555116
