,fluxes,C-fluxes
EX_ac(e),16.283497309849956,32.56699461969991
EX_ala_L(e),0.001419782889764458,0.004259348669293374
EX_etoh(e),0.08794412457147487,0.17588824914294973
EX_for(e),6.135177715547398,6.135177715547398
EX_gcald(e),0.004251185924215989,0.008502371848431977
EX_nac(e),0.9985825575593876,5.991495345356325
EX_ptrc(e),0.6179334019714705,2.471733607885882
