,fluxes,C-fluxes
EX_ac(e),6.3566839604385175,12.713367920877035
EX_etoh(e),3.6487259251902504,7.297451850380501
EX_for(e),9.217814461770732,9.217814461770732
EX_ile_L(e),0.9083759082793034,5.45025544967582
EX_orn(e),0.17988976857432573,0.8994488428716286
EX_phe_L(e),0.9232530901898938,8.309277811709045
EX_succ(e),0.15680985338027376,0.627239413521095
