,fluxes,C-fluxes
EX_ac(e),23.076352840184864,46.15270568036973
EX_dad_2(e),0.963998739955606,9.63998739955606
EX_for(e),7.395999751518364,7.395999751518364
EX_indole(e),0.04932689529564466,0.39461516236515726
EX_ppa(e),0.7838955063576267,2.35168651907288
EX_tym(e),0.9325206246043826,7.4601649968350605
