,fluxes,C-fluxes
EX_ac(e),10.037343819297977,20.074687638595954
EX_dad_2(e),0.9824833596815672,9.824833596815672
EX_for(e),0.006428456387689405,0.006428456387689405
EX_hista(e),0.11571057360784524,0.5785528680392262
EX_orn(e),0.08946526844111372,0.44732634220556855
EX_phe_L(e),0.9372871627810653,8.435584465029587
