,fluxes,C-fluxes
EX_12ppd_S(e),0.14898579,0.44695737
EX_4abut(e),0.18,0.72
EX_ac(e),6.397327317937131,12.794654635874261
EX_adn(e),0.0009403061459250446,0.009403061459250446
EX_for(e),7.43257686238168,7.43257686238168
EX_glyc(e),0.1534518782224383,0.4603556346673149
EX_lys_L(e),0.9597500312206557,5.758500187323934
EX_phe_L(e),0.9389530312470186,8.450577281223167
EX_ppa(e),0.1889216323571691,0.5667648970715073
