,fluxes,C-fluxes
EX_ac(e),11.36685330512001,22.73370661024002
EX_ade(e),0.1473013381625813,0.7365066908129065
EX_for(e),7.831732593982081,7.831732593982081
EX_hista(e),0.10601221253557523,0.5300610626778761
EX_indole(e),0.06459405668617711,0.5167524534894169
EX_ppa(e),2.258346024752448,6.775038074257344
EX_pro_L(e),0.022408659711963267,0.11204329855981633
EX_tym(e),0.9568535670558092,7.654828536446473
