,fluxes,C-fluxes
EX_12ppd_S(e),0.14898579,0.44695737
EX_4abut(e),0.22282202828190073,0.8912881131276029
EX_ade(e),1.008652518775125,5.043262593875625
EX_gcald(e),0.0014956816068923216,0.002991363213784643
EX_phe_L(e),0.9223925907249603,8.301533316524642
EX_succ(e),5.825492360508393,23.30196944203357
EX_thymd(e),0.007987255014697412,0.07987255014697411
EX_val_L(e),0.4940831880870182,2.4704159404350907
