,fluxes,C-fluxes
EX_4abut(e),0.18,0.72
EX_ac(e),2.9752149853083725,5.950429970616745
EX_dcyt(e),0.9661764657754845,8.695588191979361
EX_for(e),3.404552886137506,3.404552886137506
EX_gsn(e),0.0067908111957491,0.067908111957491
EX_indole(e),0.07690791685890225,0.615263334871218
EX_lys_L(e),0.9480437103725551,5.68826226223533
EX_succ(e),2.6550008308050903,10.620003323220361
EX_val_L(e),0.6253007443878126,3.126503721939063
