,fluxes,C-fluxes
EX_ac(e),2.416829840023861,4.833659680047722
EX_but(e),2.5489174864806157,10.195669945922463
EX_for(e),6.242250038657726,6.242250038657726
EX_indole(e),0.08070726356182477,0.6456581084945981
EX_nac(e),0.07765728172723405,0.4659436903634043
EX_orn(e),0.0275074146008949,0.1375370730044745
EX_ppa(e),0.19918877179110064,0.597566315373302
EX_tma(e),1.0,3.0
TS_ahcys_c,7.301759191366927e-05,0.0010222462867913698
