,fluxes,C-fluxes
EX_ac(e),9.32992904547831,18.65985809095662
EX_dtmp(e),0.9933648038755353,9.933648038755353
EX_for(e),6.458823730240547,6.458823730240547
EX_nac(e),0.9989870374386265,5.993922224631759
EX_phe_L(e),0.9470456231287167,8.52341060815845
EX_succ(e),0.08284563343841277,0.33138253375365107
