,fluxes,C-fluxes
EX_but(e),5.603304205012709,22.413216820050835
EX_dad_2(e),0.9694907518796266,9.694907518796267
EX_dcyt(e),0.9641304704569086,8.677174234112178
