,fluxes,C-fluxes
EX_ac(e),3.7361447136069743,7.472289427213949
