,fluxes,C-fluxes
EX_ac(e),0.614909094527589,1.229818189055178
EX_but(e),0.0003293480382051134,0.0013173921528204537
EX_for(e),0.6149767485301549,0.6149767485301549
EX_glc_D(e),0.00282117,0.01692702
EX_glyc(e),0.06561114592823422,0.19683343778470266
