,fluxes,C-fluxes
EX_ac(e),2.3605738813596893,4.7211477627193785
EX_ade(e),1.09391081916565,5.46955409582825
EX_dgsn(e),0.993941490277559,9.939414902775589
EX_for(e),3.150835054508474,3.150835054508474
EX_gly(e),0.18311081324379275,0.3662216264875855
EX_glyc(e),0.00201719919593026,0.00605159758779078
EX_inost(e),0.03968768072520086,0.23812608435120516
EX_ins(e),0.5304248801278381,5.304248801278381
EX_ppa(e),1.0000312131238935,3.0000936393716806
