,fluxes,C-fluxes
EX_ac(e),0.9242579905916487,1.8485159811832974
EX_gln_L(e),0.15976724229696115,0.7988362114848058
EX_gly(e),0.20064236605108407,0.40128473210216814
EX_met_L(e),0.19648179529930743,0.9824089764965371
EX_phe_L(e),0.041954767944682766,0.3775929115021449
EX_pro_L(e),0.0021750735980746064,0.010875367990373032
EX_succ(e),0.378295864916462,1.513183459665848
