,fluxes,C-fluxes
EX_ac(e),10.509843734843484,21.019687469686968
EX_ade(e),0.9646519086703073,4.823259543351536
EX_etoh(e),4.869790467352206,9.739580934704412
EX_for(e),9.225575199381268,9.225575199381268
EX_gua(e),0.9653655499679366,4.8268277498396825
EX_hista(e),0.11478645751573148,0.5739322875786574
EX_orn(e),0.10589109923467956,0.5294554961733978
EX_ppa(e),1.1301077576388612,3.3903232729165835
EX_trypta(e),0.04236662335935832,0.4236662335935832
EX_tym(e),0.9126842077247963,7.30147366179837
