,fluxes,C-fluxes
EX_4abut(e),3.1000198424940915,12.400079369976366
EX_ac(e),22.431486830083028,44.862973660166055
EX_dad_2(e),0.9254737138125285,9.254737138125286
EX_for(e),19.159350483627026,19.159350483627026
EX_gcald(e),0.013200613482832486,0.02640122696566497
EX_gly(e),0.21341819345160118,0.42683638690320236
EX_lys_L(e),0.8328648492397024,4.997189095438214
