,fluxes,C-fluxes
EX_15dap(e),1.027425489020917,5.137127445104585
EX_ac(e),13.772683490671817,27.545366981343633
EX_acald(e),0.9576873722332409,1.9153747444664817
EX_ala_L(e),0.5568695514410158,1.6706086543230474
EX_cys_L(e),0.9814897536613723,2.9444692609841168
EX_gly(e),7.180218120733974,14.360436241467948
EX_lac_L(e),3.996781080601336,11.990343241804009
EX_ura(e),1.9417925340384732,7.767170136153893
