,fluxes,C-fluxes
EX_4abut(e),0.08749486022295128,0.3499794408918051
EX_ac(e),8.220916944308719,16.441833888617438
EX_dad_2(e),0.9446788731761194,9.446788731761194
EX_gly(e),0.9696262184423488,1.9392524368846975
EX_ile_L(e),0.7457745884888737,4.474647530933242
EX_succ(e),10.147637592713037,40.59055037085215
