,fluxes,C-fluxes
EX_ac(e),11.116276301531707,22.232552603063414
EX_dad_2(e),0.9381237970585077,9.381237970585076
EX_gcald(e),0.8481506345441931,1.6963012690883863
EX_hista(e),0.1198287319723674,0.599143659861837
EX_ile_L(e),0.698568853721895,4.191413122331371
EX_ppa(e),8.195950071723233,24.587850215169702
EX_tym(e),0.9117313670350753,7.293850936280602
