,fluxes,C-fluxes
EX_12ppd_S(e),0.14898579,0.44695737
EX_4abut(e),1.0840703487675678,4.336281395070271
EX_ac(e),17.833545644996743,35.667091289993486
EX_dad_2(e),0.9407390065754434,9.407390065754434
EX_dcyt(e),0.8925695295742887,8.033125766168599
EX_for(e),16.270455002767875,16.270455002767875
EX_gcald(e),0.010382721048043516,0.020765442096087033
EX_gly(e),0.8798640898922492,1.7597281797844984
EX_ile_L(e),0.6761633105060677,4.056979863036406
EX_orn(e),0.10247902364262272,0.5123951182131136
