,fluxes,C-fluxes
EX_4abut(e),1.4908913497592904,5.9635653990371615
EX_ac(e),13.84499148076604,27.68998296153208
EX_dad_2(e),0.9349551039618241,9.349551039618241
EX_etoh(e),2.48143854370015,4.9628770874003
EX_for(e),16.487220749499294,16.487220749499294
EX_ile_L(e),0.8588771724158338,5.153263034495003
EX_lys_L(e),0.845081661198087,5.070489967188522
EX_nac(e),0.9964502797072214,5.978701678243329
EX_orn(e),0.06411960279536408,0.3205980139768204
EX_val_L(e),1.020447538937356,5.10223769468678
