,fluxes,C-fluxes
EX_ac(e),14.196090145762584,28.392180291525168
EX_gcald(e),0.00633454099873172,0.01266908199746344
EX_hxan(e),0.9500907190509899,4.75045359525495
EX_ile_L(e),0.827922237292792,4.967533423756752
EX_indole(e),0.04733639009032524,0.3786911207226019
EX_lys_L(e),0.9161476091806746,5.496885655084048
EX_pro_L(e),3.036232573460943,15.181162867304716
EX_succ(e),3.5894579188204596,14.357831675281838
