,fluxes,C-fluxes
EX_ac(e),16.549514375900404,33.09902875180081
EX_acac(e),1.981168854191277,7.924675416765108
EX_dad_2(e),0.21790355803234246,2.1790355803234247
EX_gly(e),12.344075033995821,24.688150067991643
EX_ins(e),1.7239335475277549,17.23933547527755
EX_lys_L(e),0.8589785329109231,5.153871197465539
