,fluxes,C-fluxes
EX_ac(e),23.162111958768765,46.32422391753753
EX_dad_2(e),0.013645878993079527,0.13645878993079527
EX_for(e),2.4381018765961215,2.4381018765961215
EX_gcald(e),0.016029389323200343,0.032058778646400686
EX_gly(e),11.220064665705587,22.440129331411175
EX_ins(e),0.8940577427833507,8.940577427833507
EX_ppa(e),0.7231762706033612,2.1695288118100837
EX_pro_L(e),0.7479224512987755,3.739612256493878
