,fluxes,C-fluxes
EX_ac(e),13.783826217418298,27.567652434836596
EX_ala_D(e),0.050965864230334564,0.1528975926910037
EX_ala_L(e),0.003581976220669271,0.010745928662007811
EX_for(e),12.386935247558132,12.386935247558132
EX_nac(e),0.9964197282179554,5.978518369307732
EX_orn(e),0.07963612729616686,0.3981806364808343
EX_succ(e),0.6747754989070234,2.6991019956280935
EX_urea(e),0.0035800978609833232,0.0035800978609833232
EX_val_L(e),0.07741872092713004,0.3870936046356502
