,fluxes,C-fluxes
EX_ac(e),9.5745304703767,19.1490609407534
EX_acald(e),1.1440317801891713,2.2880635603783426
EX_gcald(e),0.013034777191372318,0.026069554382744636
EX_ppa(e),12.08631018676305,36.25893056028915
EX_ura(e),1.858323087885593,7.433292351542372
