,fluxes,C-fluxes
EX_12ppd_S(e),0.14898579,0.44695737
EX_ac(e),4.7522415560175215,9.504483112035043
EX_dad_2(e),0.012642008422068026,0.12642008422068027
EX_for(e),3.51092120205903,3.51092120205903
EX_ins(e),0.04974880600397239,0.4974880600397239
EX_ppa(e),1.3455640559095041,4.036692167728512
