,fluxes,C-fluxes
EX_4abut(e),0.18,0.72
EX_ac(e),4.4406148915336265,8.881229783067253
EX_acald(e),1.9890764682540258,3.9781529365080517
EX_ade(e),1.9417406653985303,9.708703326992651
EX_for(e),4.872766391452101,4.872766391452101
EX_gua(e),0.9951553518721017,4.9757767593605084
EX_indole(e),0.062287490952998334,0.49829992762398667
EX_orn(e),0.051073129855287704,0.2553656492764385
EX_ppa(e),3.7255942066538377,11.176782619961513
