,fluxes,C-fluxes
EX_12ppd_S(e),0.14898579,0.44695737
EX_ac(e),7.36696428789971,14.73392857579942
EX_for(e),6.394608227974516,6.394608227974516
EX_indole(e),0.05973491181190615,0.4778792944952492
EX_meoh(e),0.020088064641109817,0.020088064641109817
EX_pac(e),0.9075637549854647,7.260510039883718
EX_ppa(e),5.655214703141264,16.965644109423792
