,fluxes,C-fluxes
EX_ac(e),3.1441260468099355,6.288252093619871
EX_dad_2(e),0.008224066210487628,0.08224066210487628
EX_for(e),3.2058267244002225,3.2058267244002225
EX_ins(e),0.9781415524601607,9.781415524601606
EX_ppa(e),0.8307938686113817,2.492381605834145
