,fluxes,C-fluxes
EX_ac(e),4.1610128134221,8.3220256268442
EX_for(e),3.0588556588065887,3.0588556588065887
EX_lac_L(e),0.14898579,0.44695737
EX_ppa(e),1.6722163236242746,5.016648970872824
EX_pydxn(e),0.9991659074055954,7.993327259244763
EX_urea(e),0.11447750444944883,0.11447750444944883
