,fluxes,C-fluxes
EX_ac(e),13.948305758587166,27.896611517174332
EX_arab_L(e),0.0055197,0.027598499999999998
EX_dcyt(e),0.008190347492528015,0.07371312743275214
EX_for(e),11.39546323735913,11.39546323735913
EX_gcald(e),0.002309004885972812,0.004618009771945624
EX_indole(e),0.06140431484913123,0.49123451879304986
EX_ins(e),1.0009700715108625,10.009700715108625
EX_pac(e),0.9489384269886467,7.591507415909174
EX_ppa(e),3.6080300341741114,10.824090102522334
