,fluxes,C-fluxes
EX_ac(e),0.9791084409158904,1.9582168818317809
EX_succ(e),1.648582591548882,6.594330366195528
