,fluxes,C-fluxes
EX_ac(e),4.776817887695821,9.553635775391642
EX_adn(e),0.006431019743234411,0.06431019743234412
EX_dcyt(e),0.039508141948342415,0.3555732775350817
EX_for(e),1.8947457880558856,1.8947457880558856
