,fluxes,C-fluxes
EX_ac(e),4.898925313317086,9.797850626634172
EX_dad_2(e),0.014188880509627813,0.14188880509627813
EX_for(e),2.3133083030928474,2.3133083030928474
