,fluxes,C-fluxes
EX_12ppd_S(e),0.14898579,0.44695737
EX_ac(e),9.678813047707665,19.35762609541533
EX_cys_L(e),0.09975138675066347,0.2992541602519904
EX_dad_2(e),0.00034567546966623964,0.0034567546966623964
EX_for(e),8.59490712033539,8.59490712033539
EX_indole(e),0.05392372924857942,0.43138983398863534
EX_pac(e),0.9048175760244193,7.238540608195354
EX_ppa(e),3.3367055620282913,10.010116686084874
