,fluxes,C-fluxes
EX_ac(e),3.7521741469877377,7.504348293975475
EX_dad_2(e),0.006965369049773067,0.06965369049773067
EX_for(e),3.441663903636544,3.441663903636544
EX_ins(e),0.980224528144176,9.80224528144176
EX_ppa(e),0.6131236776887332,1.8393710330661996
