,fluxes,C-fluxes
EX_12ppd_S(e),0.14898579,0.44695737
EX_ac(e),6.454461097916979,12.908922195833958
EX_acald(e),1.9843091775028097,3.9686183550056193
EX_ade(e),2.9180529118396916,14.590264559198458
EX_for(e),6.788697530204657,6.788697530204657
EX_gua(e),0.9882471745020747,4.941235872510373
EX_orn(e),0.019603985289186956,0.09801992644593478
EX_phe_L(e),0.7926841474671662,7.134157327204496
EX_ppa(e),4.89192129293372,14.67576387880116
