,fluxes,C-fluxes
EX_ac(e),3.841746861498203,7.683493722996406
EX_for(e),2.7225500127430853,2.7225500127430853
EX_lac_L(e),0.14898579,0.44695737
EX_ppa(e),1.246775953451428,3.740327860354284
EX_pydxn(e),0.9992682970622864,7.994146376498291
EX_urea(e),0.11910677288271683,0.11910677288271683
