,fluxes,C-fluxes
EX_ac(e),4.318042676627741,8.636085353255481
EX_for(e),2.0182719051052342,2.0182719051052342
