,fluxes,C-fluxes
EX_12ppd_S(e),0.14898579,0.44695737
EX_ac(e),4.444829639390393,8.889659278780787
EX_acald(e),1.9886402588548904,3.9772805177097807
EX_ade(e),1.9647691146236006,9.823845573118003
EX_for(e),4.641977960612104,4.641977960612104
EX_gcald(e),0.0026361403102723156,0.005272280620544631
EX_gua(e),0.9704153600944121,4.8520768004720605
EX_orn(e),0.08436829518226208,0.4218414759113104
EX_ppa(e),4.017887201707933,12.0536616051238
