,fluxes,C-fluxes
EX_ac(e),3.363311858074918,6.726623716149836
EX_dad_2(e),0.004511175686413164,0.045111756864131644
EX_for(e),1.2421939427642417,1.2421939427642417
