,fluxes,C-fluxes
EX_ac(e),11.675613878025159,23.351227756050317
EX_adn(e),0.0017853198304765485,0.017853198304765484
EX_arab_L(e),0.0055197,0.027598499999999998
EX_dcyt(e),0.023052937500463208,0.2074764375041689
EX_for(e),10.92385634616804,10.92385634616804
EX_indole(e),0.0678494528061693,0.5427956224493544
EX_pac(e),0.8901171547180532,7.1209372377444256
EX_ppa(e),4.888309437324781,14.664928311974343
