,fluxes,C-fluxes
EX_ac(e),5.7835240878888525,11.567048175777705
EX_ade(e),0.9749459001684774,4.8747295008423865
EX_for(e),4.430187712888043,4.430187712888043
EX_ppa(e),2.0826637218077004,6.247991165423102
