,fluxes,C-fluxes
EX_4abut(e),0.18,0.72
EX_ac(e),4.564563065681563,9.129126131363126
EX_acald(e),1.9893703282768018,3.9787406565536036
EX_ade(e),1.943407913411277,9.717039567056386
EX_for(e),4.663922289119374,4.663922289119374
EX_gua(e),0.9932270805589417,4.966135402794708
EX_indole(e),0.07285287247733024,0.582822979818642
EX_orn(e),0.08692001870002722,0.43460009350013606
EX_ppa(e),3.848176924653459,11.544530773960378
