,fluxes,C-fluxes
EX_ac(e),3.8677301624562386,7.735460324912477
EX_adn(e),0.0058654051053224155,0.05865405105322415
EX_dcyt(e),0.03504581520301739,0.3154123368271565
EX_for(e),0.11368001988598382,0.11368001988598382
