,fluxes,C-fluxes
EX_ac(e),8.773606425098777,17.547212850197553
EX_adn(e),0.00022178344937339733,0.002217834493733973
EX_dcyt(e),0.00799999872120477,0.07199998849084294
EX_for(e),5.730716510865436,5.730716510865436
EX_fuc_L(e),0.000789,0.004734
EX_indole(e),0.036302442782236426,0.2904195422578914
EX_meoh(e),0.006511049999999999,0.006511049999999999
EX_pac(e),0.9307806022465946,7.446244817972757
