,fluxes,C-fluxes
EX_12ppd_S(e),0.14898579,0.44695737
EX_ac(e),6.2089199166397195,12.417839833279439
EX_ade(e),1.957494648742264,9.78747324371132
EX_cys_L(e),0.09805982140354536,0.29417946421063607
EX_for(e),6.408422327895322,6.408422327895322
EX_glyc(e),0.008142846003581193,0.02442853801074358
EX_indole(e),0.054483780926300275,0.4358702474104022
EX_orn(e),0.09922027687172863,0.49610138435864315
EX_phe_L(e),0.8681468833552958,7.813321950197662
EX_ppa(e),2.011110678432665,6.033332035297995
