,fluxes,C-fluxes
EX_ac(e),2.4206399086139423,4.841279817227885
EX_dad_2(e),1.0027014064598727,10.027014064598728
EX_for(e),2.1705110241567085,2.1705110241567085
EX_ppa(e),0.28717357562723606,0.8615207268817082
EX_uri(e),0.9919932627865885,8.927939365079297
