,fluxes,C-fluxes
EX_ac(e),4.1235760730680076,8.247152146136015
EX_adn(e),0.006297360870583811,0.06297360870583811
EX_dcyt(e),0.03787230069168595,0.34085070622517355
EX_for(e),0.5942045311234809,0.5942045311234809
