,fluxes,C-fluxes
EX_ac(e),4.765699559515189,9.531399119030379
EX_adn(e),0.004776335890682919,0.047763358906829194
EX_dcyt(e),0.027154397813121612,0.24438958031809452
EX_for(e),1.841431027676014,1.841431027676014
