,fluxes,C-fluxes
EX_12ppd_S(e),0.14898579,0.44695737
EX_ac(e),3.8704879020082554,7.740975804016511
EX_dad_2(e),1.1197951087794082,11.197951087794083
EX_for(e),4.1759251817657494,4.1759251817657494
EX_indole(e),0.06768053246211572,0.5414442596969258
EX_orn(e),0.11368362588501177,0.5684181294250589
EX_ppa(e),3.6673258697888382,11.001977609366515
