,fluxes,C-fluxes
EX_ac(e),4.215695343239439,8.431390686478878
EX_dad_2(e),0.9795168939322547,9.795168939322547
EX_for(e),1.9304948580251897,1.9304948580251897
EX_ppa(e),0.9123815539011967,2.73714466170359
EX_uri(e),0.9437300029818497,8.493570026836647
