,fluxes,C-fluxes
EX_12ppd_S(e),0.14898579,0.44695737
EX_ac(e),3.525433998036258,7.050867996072516
EX_ade(e),0.9694681391791918,4.8473406958959595
EX_for(e),3.400607435387637,3.400607435387637
EX_indole(e),0.07466699558123746,0.5973359646498997
EX_ppa(e),2.640957219270101,7.922871657810303
EX_urea(e),0.09185938591872927,0.09185938591872927
