,fluxes,C-fluxes
EX_ac(e),3.862097150188514,7.724194300377028
EX_adn(e),0.005956346535736552,0.05956346535736552
EX_dcyt(e),0.032259413018819405,0.29033471716937465
EX_for(e),0.10069363119948314,0.10069363119948314
