,fluxes,C-fluxes
EX_12ppd_S(e),0.14898579,0.44695737
EX_ac(e),4.38726205769463,8.77452411538926
EX_dad_2(e),0.004483368302135898,0.044833683021358976
EX_for(e),3.1288693988957137,3.1288693988957137
EX_ppa(e),2.401170517607802,7.2035115528234055
EX_urea(e),0.1143778449675699,0.1143778449675699
TS_cbl1_c,0.03748280276704329,2.323933771556684
