,fluxes,C-fluxes
EX_ac(e),4.092805850334491,8.185611700668982
EX_dad_2(e),1.005815364341754,10.05815364341754
EX_for(e),2.802012175840999,2.802012175840999
EX_lac_L(e),0.14898579,0.44695737
EX_ppa(e),2.2668076446940204,6.800422934082061
EX_urea(e),0.11682035033013309,0.11682035033013309
EX_uri(e),0.9781619241292532,8.803457317163279
TS_cbl1_c,0.03175682113138858,1.9689229101460919
