,fluxes,C-fluxes
EX_ac(e),4.156075670539339,8.312151341078678
EX_cys_L(e),0.043525513109334134,0.1305765393280024
EX_dcyt(e),0.01816289087202183,0.16346601784819648
EX_for(e),1.2054305293889913,1.2054305293889913
