,fluxes,C-fluxes
EX_ac(e),11.844479896950402,23.688959793900803
EX_dad_2(e),0.00028867208820168957,0.002886720882016896
EX_for(e),10.773138365527823,10.773138365527823
EX_fuc_L(e),0.000789,0.004734
EX_indole(e),0.05837475331960984,0.4669980265568787
EX_pac(e),0.9383556261501779,7.506845009201423
EX_ppa(e),0.14853510937930073,0.4456053281379022
