,fluxes,C-fluxes
EX_12ppd_S(e),0.14898579,0.44695737
EX_ac(e),7.698877496520778,15.397754993041556
EX_dad_2(e),0.04405896670924822,0.4405896670924822
EX_for(e),6.6670778544882765,6.6670778544882765
EX_indole(e),0.06915775990950718,0.5532620792760574
EX_pac(e),0.8877913054772191,7.102330443817753
EX_ppa(e),5.381093845502914,16.14328153650874
