,fluxes,C-fluxes
EX_ac(e),13.695386549834003,27.390773099668007
EX_adn(e),0.0018492083365863963,0.018492083365863964
EX_arab_L(e),0.0055197,0.027598499999999998
EX_dcyt(e),0.024780050837064273,0.22302045753357846
EX_for(e),13.007574051827072,13.007574051827072
EX_indole(e),0.048779474199605044,0.39023579359684035
EX_pac(e),0.8859754845095807,7.087803876076646
EX_ppa(e),3.0762593282853774,9.228777984856132
