,fluxes,C-fluxes
EX_ac(e),6.532968920051888,13.065937840103777
EX_adn(e),0.00020776022608802488,0.002077602260880249
EX_dcyt(e),0.012848504935979846,0.11563654442381861
EX_for(e),8.019032679322876,8.019032679322876
EX_fuc_L(e),0.000789,0.004734
EX_indole(e),0.045684256990365775,0.3654740559229262
EX_pac(e),0.9270840099551789,7.416672079641431
EX_ppa(e),0.8978359911309914,2.6935079733929745
