,fluxes,C-fluxes
EX_12ppd_S(e),0.30086958,0.90260874
EX_ac(e),15.727717009682976,31.455434019365953
EX_dad_2(e),0.05699367553613244,0.5699367553613244
EX_for(e),13.561833078680408,13.561833078680408
EX_meoh(e),0.00907565,0.00907565
EX_met_L(e),0.6468527677767637,3.2342638388838187
EX_ppa(e),2.4013189459243924,7.203956837773177
