,fluxes,C-fluxes
EX_12ppd_S(e),0.14898579,0.44695737
EX_ac(e),7.989215576069601,15.978431152139201
EX_ade(e),0.9180356951677894,4.590178475838947
EX_for(e),7.0046291590275755,7.0046291590275755
EX_ppa(e),7.6373049237623,22.9119147712869
EX_ptrc(e),0.059262441466091005,0.23704976586436402
