,fluxes,C-fluxes
EX_ac(e),3.096525992617726,6.193051985235452
EX_ade(e),0.9590948293099707,4.795474146549854
EX_for(e),2.6650059772582915,2.6650059772582915
EX_lac_L(e),0.14898579,0.44695737
EX_ppa(e),5.876839707753295,17.630519123259884
EX_urea(e),0.09961968554901372,0.09961968554901372
