,fluxes,C-fluxes
EX_ac(e),4.078262104803685,8.15652420960737
EX_dad_2(e),0.014566472625240866,0.14566472625240867
EX_for(e),1.321741346704558,1.321741346704558
EX_ppa(e),0.9501924148309879,2.850577244492964
