,fluxes,C-fluxes
EX_ac(e),3.5247831904848534,7.049566380969707
EX_dad_2(e),0.00838140877779073,0.08381408777790729
EX_for(e),2.4171913698639567,2.4171913698639567
EX_ins(e),0.9814938100389189,9.814938100389188
EX_ppa(e),1.086956330829327,3.260868992487981
