,fluxes,C-fluxes
EX_akg(e),0.00025135139002421065,0.0012567569501210534
TS_nad_c,0.5499258480126485,11.54844280826562
