,fluxes,C-fluxes
EX_ac(e),6.165888579088741,12.331777158177482
EX_cys_L(e),0.2610451425840143,0.7831354277520428
EX_for(e),3.478406907681716,3.478406907681716
EX_glcur(e),0.00032865,0.0019719
EX_phe_L(e),0.9783903003653158,8.805512703287842
