,fluxes,C-fluxes
EX_ac(e),4.845591996691323,9.691183993382646
EX_cytd(e),0.03834696908924626,0.34512272180321635
EX_for(e),3.4911049302125723,3.4911049302125723
EX_gly(e),1.1858476375059992,2.3716952750119984
EX_glyc(e),0.001655449495555647,0.004966348486666942
EX_succ(e),0.00032094286019209,0.00128377144076836
