,fluxes,C-fluxes
EX_12ppd_S(e),0.14898579,0.44695737
EX_ac(e),13.985429426090214,27.970858852180427
EX_arab_L(e),0.00201572,0.0100786
EX_etoh(e),1.7519165030563675,3.503833006112735
EX_for(e),7.638734643882346,7.638734643882346
EX_phe_L(e),0.9498503565527388,8.548653208974649
EX_pro_L(e),0.20982199670752433,1.0491099835376216
