,fluxes,C-fluxes
EX_ac(e),3.6840877620855723,7.368175524171145
EX_for(e),2.0139400143803865,2.0139400143803865
EX_gly(e),0.18736796145016277,0.37473592290032554
EX_lys_L(e),0.9913674996279904,5.9482049977679425
EX_phe_L(e),0.12666715855393204,1.1400044269853884
