,fluxes,C-fluxes
EX_12ppd_S(e),0.14898579,0.44695737
EX_4abut(e),0.2177478511304924,0.8709914045219695
EX_ac(e),15.706463246011577,31.412926492023153
EX_cytd(e),0.0814806262908786,0.7333256366179074
EX_etoh(e),1.9575097574689713,3.9150195149379425
EX_for(e),7.84030154116907,7.84030154116907
EX_glcur(e),0.00032865,0.0019719
EX_glyc(e),0.004422921379531391,0.013268764138594173
EX_phe_L(e),0.9457678263221999,8.511910436899798
