,fluxes,C-fluxes
EX_ac(e),6.033697995025093,12.067395990050185
EX_for(e),3.481524596486326,3.481524596486326
EX_glcur(e),0.00032865,0.0019719
EX_glyc(e),0.002149588928316071,0.006448766784948214
EX_phe_L(e),0.9741084694538586,8.766976225084727
EX_succ(e),0.0010418548266545695,0.004167419306618278
