,fluxes,C-fluxes
EX_ac(e),9.592578534699605,19.18515706939921
EX_etoh(e),1.0137939332176025,2.027587866435205
EX_for(e),4.27628541781256,4.27628541781256
EX_gly(e),0.10439218924084238,0.20878437848168477
EX_lys_L(e),0.9558358033696285,5.735014820217771
EX_phe_L(e),0.924491168361813,8.320420515256316
EX_pro_L(e),0.006625071541573933,0.03312535770786967
