,fluxes,C-fluxes
EX_ac(e),10.92912411627134,21.85824823254268
EX_etoh(e),0.2286370818231227,0.4572741636462454
EX_for(e),5.1148323252004975,5.1148323252004975
EX_glcur(e),0.00032865,0.0019719
EX_glyc(e),0.15419331208741957,0.4625799362622587
EX_phe_L(e),0.9528447318831108,8.575602586947998
EX_pro_L(e),0.20049597791424426,1.0024798895712212
