,fluxes,C-fluxes
EX_5mthf(e),0.9984954620928816,19.969909241857632
EX_ac(e),12.642956491286972,25.285912982573944
EX_cytd(e),0.09456955216824513,0.8511259695142062
EX_for(e),5.711364195828201,5.711364195828201
EX_glcur(e),0.00032865,0.0019719
EX_phe_L(e),0.9418482844459259,8.476634560013334
EX_pro_L(e),0.1967848401450289,0.9839242007251445
EX_succ(e),0.10788479881895253,0.43153919527581014
