,fluxes,C-fluxes
EX_12ppd_S(e),0.14898579,0.44695737
EX_ac(e),10.406703636776108,20.813407273552215
EX_etoh(e),0.6339944060332979,1.2679888120665959
EX_for(e),5.055129800204977,5.055129800204977
EX_gly(e),0.13251560316662434,0.26503120633324867
EX_glyc(e),0.0037896721406753047,0.011369016422025913
EX_phe_L(e),0.9529054569406692,8.576149112466023
EX_pro_L(e),0.21254450778359452,1.0627225389179726
EX_uri(e),0.07207945396414671,0.6487150856773204
