,fluxes,C-fluxes
EX_ac(e),10.650176140997416,21.300352281994833
EX_csn(e),0.06347681243725381,0.25390724974901524
EX_etoh(e),1.5285939858528335,3.057187971705667
EX_for(e),4.760311739776769,4.760311739776769
EX_gly(e),0.11512969945359278,0.23025939890718555
EX_nac(e),0.09416787700956918,0.565007262057415
EX_orn(e),0.15,0.75
EX_phe_L(e),0.9422053772891433,8.47984839560229
EX_pro_L(e),0.1732343977592707,0.8661719887963535
TS_ahcys_c,7.941841044263316e-05,0.0011118577461968642
