,fluxes,C-fluxes
EX_ac(e),10.819379601289034,21.63875920257807
EX_etoh(e),3.103570616710645,6.20714123342129
EX_for(e),8.102073356232939,8.102073356232939
EX_gly(e),0.12452356905641299,0.24904713811282597
EX_hista(e),0.1365706034942525,0.6828530174712626
EX_orn(e),0.18784239896497695,0.9392119948248847
EX_phe_L(e),0.9517247112977315,8.565522401679583
EX_trypta(e),0.06843526866758125,0.6843526866758125
