,fluxes,C-fluxes
EX_ac(e),4.6560991836881955,9.312198367376391
EX_for(e),3.2554677761542856,3.2554677761542856
EX_gly(e),0.16883953431127144,0.3376790686225429
EX_glyc(e),0.002388172946524448,0.007164518839573343
EX_orn(e),0.026111818788574017,0.13055909394287007
EX_phe_L(e),0.9738688538778909,8.764819684901019
EX_pro_L(e),0.091740707174763,0.458703535873815
