,fluxes,C-fluxes
EX_5mthf(e),0.9984291549793135,19.96858309958627
EX_ac(e),12.186652448339444,24.37330489667889
EX_cytd(e),0.09784478137316363,0.8806030323584727
EX_for(e),5.459578056602076,5.459578056602076
EX_glcur(e),0.00032865,0.0019719
EX_phe_L(e),0.961555482400457,8.653999341604113
EX_pro_L(e),0.15450235896488618,0.7725117948244309
EX_succ(e),0.09800870844336858,0.3920348337734743
