,fluxes,C-fluxes
EX_ac(e),4.1423847437565,8.284769487513
EX_for(e),3.579450432551766,3.579450432551766
EX_gly(e),0.17677761706567527,0.35355523413135054
EX_glyc(e),0.0022336754557237422,0.006701026367171226
EX_orn(e),0.0857668602361481,0.4288343011807405
EX_phe_L(e),0.9755331024738809,8.779797922264928
EX_pro_L(e),0.1593679097534262,0.796839548767131
EX_uri(e),0.04698846629994921,0.4228961966995429
