,fluxes,C-fluxes
EX_ac(e),3.0384745170632983,6.076949034126597
EX_cytd(e),0.02960839975109087,0.26647559775981783
EX_for(e),1.704495812141813,1.704495812141813
EX_gly(e),0.19707247902351513,0.39414495804703026
EX_glyc(e),0.0011166451142842,0.0033499353428526
