,fluxes,C-fluxes
EX_ac(e),6.630245371961101,13.260490743922203
EX_cys_L(e),0.19374399484749083,0.5812319845424725
EX_for(e),3.7026633176065737,3.7026633176065737
EX_glcur(e),0.00032865,0.0019719
EX_phe_L(e),0.9692512406810575,8.723261166129518
EX_pro_L(e),0.09280899367502672,0.4640449683751336
