,fluxes,C-fluxes
EX_ac(e),4.572317147102919,9.144634294205838
EX_for(e),3.071262402986831,3.071262402986831
EX_gly(e),0.18603800806237777,0.37207601612475555
EX_glyc(e),0.0018013007768697918,0.005403902330609375
EX_orn(e),0.07123803716412325,0.35619018582061623
EX_phe_L(e),0.9802090387967175,8.821881349170457
EX_pro_L(e),0.033711454710014174,0.16855727355007089
EX_succ(e),0.0518254041563268,0.2073016166253072
EX_uri(e),0.04007834979175195,0.36070514812576754
