,fluxes,C-fluxes
EX_12ppd_S(e),0.14898579,0.44695737
EX_ac(e),7.6166994997431425,15.233398999486285
EX_for(e),5.505184293326687,5.505184293326687
EX_gly(e),1.1639728853275324,2.327945770655065
EX_glyc(e),0.002723919813913488,0.008171759441740464
EX_orn(e),0.10187156148857657,0.5093578074428828
EX_phe_L(e),0.9720262927654754,8.748236634889277
EX_pro_L(e),0.11395627414494137,0.5697813707247069
EX_succ(e),0.052114168669977375,0.2084566746799095
EX_uri(e),0.05545581361285415,0.4991023225156873
