,fluxes,C-fluxes
EX_ac(e),11.60430825861694,23.20861651723388
EX_cys_L(e),0.1416685956442811,0.4250057869328433
EX_etoh(e),1.5116802804111609,3.0233605608223217
EX_for(e),5.753248947470104,5.753248947470104
EX_phe_L(e),0.9497623787625079,8.547861408862572
EX_pro_L(e),0.0630162319591667,0.3150811597958335
