,fluxes,C-fluxes
EX_12ppd_S(e),0.14898579,0.44695737
EX_5mthf(e),0.8539679634003393,17.079359268006787
EX_ac(e),19.456313176811438,38.912626353622876
EX_for(e),7.414738207079968,7.414738207079968
EX_gly(e),0.10379599074722652,0.20759198149445304
EX_glyc(e),0.0056394687361009084,0.016918406208302726
EX_phe_L(e),0.9437244507134216,8.493520056420794
EX_succ(e),0.002733316889139817,0.010933267556559267
EX_thf(e),0.14439204646617682,2.7434488828573595
