,fluxes,C-fluxes
EX_ac(e),4.572321890473216,9.144643780946431
EX_for(e),3.0712660145752126,3.0712660145752126
EX_gly(e),0.18603781236688408,0.37207562473376815
EX_glyc(e),0.0018013007768697918,0.005403902330609375
EX_orn(e),0.07123854355688324,0.3561927177844162
EX_phe_L(e),0.9802085696116951,8.821877126505257
EX_pro_L(e),0.0337123668054554,0.16856183402727698
EX_succ(e),0.05182552713383775,0.207302108535351
EX_uri(e),0.04007839361027491,0.3607055424924742
