,fluxes,C-fluxes
EX_ac(e),4.572324753142036,9.144649506284072
EX_for(e),3.0712693265640003,3.0712693265640003
EX_gly(e),0.18603763062151826,0.3720752612430365
EX_glyc(e),0.0018013007768697918,0.005403902330609375
EX_orn(e),0.07123636930250299,0.35618184651251494
EX_phe_L(e),0.9802084314720099,8.821875883248088
EX_pro_L(e),0.03371462648606765,0.16857313243033825
EX_succ(e),0.05182347583111951,0.20729390332447803
EX_uri(e),0.040078332699830035,0.3607049942984703
