,fluxes,C-fluxes
EX_12ppd_S(e),0.14898579,0.44695737
EX_ac(e),10.397063897320956,20.794127794641913
EX_cytd(e),0.06176591427575617,0.5558932284818056
EX_for(e),5.7074002715676295,5.7074002715676295
EX_glcur(e),0.00032865,0.0019719
EX_gly(e),1.155669400528798,2.311338801057596
EX_phe_L(e),0.963839648210373,8.674556833893357
EX_pro_L(e),0.2463490679968464,1.231745339984232
