,fluxes,C-fluxes
EX_12ppd_S(e),0.14898579,0.44695737
EX_ac(e),5.567536291887096,11.135072583774193
EX_csn(e),0.02452736132956847,0.09810944531827388
EX_for(e),3.108450572217224,3.108450572217224
EX_gly(e),0.013967134978008248,0.027934269956016496
EX_phe_L(e),0.975065621824044,8.775590596416396
