,fluxes,C-fluxes
EX_ac(e),6.441180178093243,12.882360356186487
EX_cys_L(e),0.4151867259807359,1.2455601779422079
EX_for(e),3.329637393716107,3.329637393716107
EX_glcur(e),0.00032865,0.0019719
EX_phe_L(e),0.9731417814382476,8.758276032944229
EX_pro_L(e),0.09209816245379163,0.46049081226895816
