,fluxes,C-fluxes
EX_12ppd_S(e),0.14898579,0.44695737
EX_ac(e),6.630753895110978,13.261507790221955
EX_cys_L(e),0.44844185525869934,1.345325565776098
EX_for(e),3.4998505916213545,3.4998505916213545
EX_phe_L(e),0.9623264980898348,8.660938482808513
EX_pro_L(e),0.10438130628536345,0.5219065314268172
