,fluxes,C-fluxes
EX_ac(e),6.920791509874761,13.841583019749523
EX_cys_L(e),0.9941157192182373,2.982347157654712
EX_for(e),6.422937920272445,6.422937920272445
EX_phe_L(e),0.9430220046185915,8.487198041567323
