,fluxes,C-fluxes
EX_ac(e),7.684127327136343,15.368254654272686
EX_for(e),6.397280020888053,6.397280020888053
EX_glu_L(e),0.013028930710396555,0.06514465355198278
EX_gly(e),0.1154760249153405,0.230952049830681
