,fluxes,C-fluxes
EX_12ppd_S(e),0.14898579,0.44695737
EX_ac(e),8.560891335888531,17.121782671777062
EX_but(e),2.2461223385050606,8.984489354020242
EX_gln_L(e),0.07793299272583815,0.38966496362919073
EX_ile_L(e),0.8714715577359112,5.228829346415467
EX_indole(e),0.07931326544150669,0.6345061235320535
EX_nac(e),0.10834408158682511,0.6500644895209506
EX_phe_L(e),0.9088767249454832,8.179890524509348
EX_succ(e),0.0009375147892065325,0.00375005915682613
EX_ura(e),0.9669165042202084,3.8676660168808334
