,fluxes,C-fluxes
EX_12ppd_S(e),0.14898579,0.44695737
EX_ac(e),16.31709332527674,32.63418665055348
EX_phe_L(e),0.8925026663581449,8.032523997223304
EX_ura(e),0.9259201725028469,3.7036806900113874
