,fluxes,C-fluxes
EX_ac(e),24.515101953835234,49.03020390767047
EX_acald(e),0.3187858197573765,0.637571639514753
EX_gua(e),0.9480409675810164,4.7402048379050825
EX_leu_L(e),0.7005520351423713,4.203312210854228
EX_lys_L(e),0.9545730658264405,5.727438394958643
EX_phe_L(e),0.9094907006162429,8.185416305546186
EX_trypta(e),0.05586611953792146,0.5586611953792147
