,fluxes,C-fluxes
EX_acac(e),1.9301023535215942,7.720409414086377
EX_dad_2(e),1.9357733366629815,19.357733366629816
EX_lys_L(e),0.8791123658860782,5.27467419531647
EX_nac(e),0.9961744797681513,5.977046878608908
EX_succ(e),13.846312954069449,55.385251816277794
