,fluxes,C-fluxes
EX_ac(e),3.1485719957517704,6.297143991503541
EX_ile_L(e),2.182127092256771,13.092762553540627
EX_orn(e),0.6774753637332167,3.3873768186660835
EX_succ(e),1.0587505057476947,4.235002022990779
