,fluxes,C-fluxes
EX_ac(e),6.010779976768177,12.021559953536354
EX_ade(e),1.0001560345789458,5.0007801728947285
EX_dcyt(e),0.9603255716746879,8.64293014507219
EX_dgsn(e),0.031451766366512146,0.31451766366512146
EX_etoh(e),4.757586082147468,9.515172164294937
EX_for(e),9.581006384891692,9.581006384891692
EX_nac(e),0.2331630688636497,1.3989784131818983
EX_orn(e),0.12255504972432657,0.6127752486216329
