,fluxes,C-fluxes
EX_12ppd_S(e),0.14898579,0.44695737
EX_ac(e),3.8856473746082614,7.771294749216523
EX_but(e),2.4307596205922737,9.723038482369095
EX_for(e),7.973895110786853,7.973895110786853
EX_ptrc(e),0.1135571491156742,0.4542285964626968
