,fluxes,C-fluxes
EX_ac(e),9.495876793038235,18.99175358607647
EX_ade(e),1.9341852462570774,9.670926231285387
EX_but(e),2.0450534710142487,8.180213884056995
EX_dgsn(e),0.9592013782082032,9.59201378208203
EX_for(e),14.153231867932314,14.153231867932314
EX_ile_L(e),0.8679198110044555,5.207518866026733
EX_phe_L(e),0.8652716622845009,7.787444960560508
