,fluxes,C-fluxes
EX_akg(e),0.4736100907992049,2.3680504539960245
EX_cytd(e),0.04929205808774583,0.4436285227897125
EX_gly(e),1.0233252097287715,2.046650419457543
EX_ptrc(e),0.066990539634073,0.267962158536292
EX_pyr(e),0.9574794975753668,2.8724384927261
EX_succ(e),1.9600861260263123,7.840344504105249
