,fluxes,C-fluxes
EX_cytd(e),0.020704155527963685,0.18633739975167316
EX_for(e),0.2457306810055522,0.2457306810055522
EX_gly(e),0.24503632544279125,0.4900726508855825
EX_pyr(e),1.9038708219694278,5.711612465908283
EX_succ(e),0.5525141873507404,2.2100567494029617
