,fluxes,C-fluxes
EX_ac(e),3.1387306612996975,6.277461322599395
EX_for(e),0.00629975941254241,0.00629975941254241
EX_gly(e),1.000938305209491,2.001876610418982
EX_succ(e),1.6219929317789603,6.487971727115841
