,fluxes,C-fluxes
EX_gly(e),0.9545340427629675,1.909068085525935
EX_nac(e),0.026769148720351237,0.1606148923221074
EX_pyr(e),1.4170176368178236,4.2510529104534704
EX_succ(e),1.8391459607287042,7.356583842914817
