,fluxes,C-fluxes
EX_cytd(e),0.01755904990785361,0.1580314491706825
EX_dad_2(e),0.0016429464404493664,0.016429464404493666
EX_glyc(e),0.0006528744222698904,0.001958623266809671
EX_pyr(e),1.9318268235917604,5.795480470775281
EX_succ(e),0.33471114610506236,1.3388445844202495
