,fluxes,C-fluxes
EX_ade(e),0.9962662582195667,4.981331291097834
EX_dgsn(e),1.0,10.0
EX_leu_L(e),0.03220574053839715,0.1932344432303829
EX_val_L(e),0.18872172033248158,0.9436086016624079
