,fluxes,C-fluxes
EX_cys_L(e),0.029141893756446834,0.0874256812693405
