,fluxes,C-fluxes
EX_akg(e),0.47386906893994746,2.3693453446997372
EX_cytd(e),0.04934619398586021,0.4441157458727419
EX_gly(e),1.0221654809515044,2.044330961903009
EX_ptrc(e),0.06746904406628745,0.2698761762651498
EX_pyr(e),0.9582877179154675,2.8748631537464027
EX_succ(e),1.9601855460585078,7.840742184234031
