,fluxes,C-fluxes
EX_ala_L(e),0.5500224758843864,1.650067427653159
EX_glyc(e),0.0007889238126314486,0.002366771437894346
EX_succ(e),1.8649371370545096,7.459748548218038
TS_for_c,1.2435557556009016,1.2435557556009016
