,fluxes,C-fluxes
EX_cytd(e),0.013589789223164773,0.12230810300848295
EX_pyr(e),0.995936913130249,2.987810739390747
EX_succ(e),0.6860335087262114,2.7441340349048455
