,fluxes,C-fluxes
EX_ade(e),0.9910152970189372,4.955076485094686
EX_cys_L(e),0.9923625844622223,2.977087753386667
EX_dgsn(e),1.0,10.0
EX_for(e),5.814963522112184,5.814963522112184
EX_glu_L(e),0.14561332185174994,0.7280666092587497
TS_fadh2_c,9.78199967804905,264.11399130732434
