,fluxes,C-fluxes
EX_akg(e),0.4745656534805498,2.372828267402749
EX_cytd(e),0.04935433268068059,0.4441889941261253
EX_gly(e),1.0228523128909752,2.0457046257819504
EX_ptrc(e),0.06685073262112,0.26740293048448
EX_pyr(e),0.9569534694820221,2.8708604084460663
EX_succ(e),1.959741951369986,7.838967805479944
