,fluxes,C-fluxes
EX_ac(e),3.582872974516854,7.165745949033708
EX_ade(e),0.9994260714393071,4.997130357196536
EX_cys_L(e),0.9944234631908393,2.983270389572518
EX_dcyt(e),0.9831356520694899,8.84822086862541
EX_gcald(e),0.000700855112261314,0.001401710224522628
EX_lac_D(e),1.959661547347955,5.878984642043865
EX_nac(e),0.9997663811044971,5.998598286626983
