,fluxes,C-fluxes
EX_ac(e),7.01329357339203,14.02658714678406
EX_ade(e),0.9958433391116208,4.9792166955581045
EX_cys_L(e),0.9858791864402557,2.957637559320767
EX_dcyt(e),0.9637626050175382,8.673863445157844
EX_gcald(e),0.001540716173607144,0.003081432347214288
EX_glyc(e),0.0052980932719421505,0.015894279815826452
EX_nac(e),0.9994864263333173,5.996918557999904
