,fluxes,C-fluxes
EX_ac(e),2.172717942316922,4.345435884633844
EX_ade(e),0.9990632944351747,4.995316472175873
EX_dcyt(e),0.9877174587374854,8.88945712863737
EX_gcald(e),0.0005743774360895864,0.0011487548721791727
EX_glyc(e),0.00197512382996348,0.0059253714898904394
EX_lac_D(e),2.4093952517427066,7.22818575522812
EX_nac(e),0.9998085404732384,5.9988512428394305
EX_succ(e),0.12696498236258766,0.5078599294503506
