,fluxes,C-fluxes
EX_ac(e),20.078333257770225,40.15666651554045
EX_dad_2(e),1.000849740339673,10.00849740339673
EX_for(e),16.63810119979132,16.63810119979132
EX_gcald(e),2.654320956685671,5.308641913371342
EX_indole(e),0.03627511506394788,0.290200920511583
EX_nac(e),0.9961852633504261,5.977111580102557
EX_phe_L(e),0.7151625240083603,6.436462716075243
EX_ppa(e),0.0731535920753175,0.2194607762259525
