,fluxes,C-fluxes
EX_4hphac(e),0.9087039433308156,7.269631546646525
EX_ac(e),15.713266754421715,31.42653350884343
EX_dad_2(e),1.0061765117958799,10.0617651179588
EX_for(e),20.95929092307234,20.95929092307234
EX_indole(e),0.024169187635314563,0.1933535010825165
EX_nac(e),0.9982136969516141,5.989282181709685
EX_ppa(e),0.29797158,0.89391474
EX_ptrc(e),0.9792458470993924,3.9169833883975698
EX_val_L(e),0.7476470760536383,3.7382353802681916
