,fluxes,C-fluxes
EX_ac(e),20.073493244191237,40.146986488382474
EX_dad_2(e),1.0008050186819628,10.008050186819627
EX_for(e),16.546742061352347,16.546742061352347
EX_gcald(e),2.576128796932558,5.152257593865116
EX_indole(e),0.03751639574944075,0.300131165995526
EX_nac(e),0.9961426489652356,5.976855893791414
EX_phe_L(e),0.7204633349668786,6.484170014701908
EX_ppa(e),0.02321923569540032,0.06965770708620095
