,fluxes,C-fluxes
EX_ac(e),7.911557685565519,15.823115371131038
EX_ala_L(e),3.6732186788596124,11.019656036578837
EX_but(e),0.2322153216816968,0.9288612867267872
EX_etoh(e),1.8115364633994806,3.623072926798961
EX_for(e),9.725034139494742,9.725034139494742
EX_orn(e),0.03652124391325113,0.18260621956625564
