,fluxes,C-fluxes
EX_ac(e),8.511629915433709,17.023259830867417
EX_cys_L(e),0.9745178269587029,2.923553480876109
EX_etoh(e),0.13816030392731665,0.2763206078546333
EX_nac(e),0.9977058774921901,5.986235264953141
EX_succ(e),7.400110922372806,29.600443689491225
EX_tma(e),1.0,3.0
