,fluxes,C-fluxes
EX_ac(e),2.5580806804841374,5.116161360968275
EX_for(e),1.040423306451264,1.040423306451264
EX_nac(e),0.0064871301594579545,0.03892278095674773
