,fluxes,C-fluxes
EX_ac(e),8.89930997600516,17.79861995201032
EX_ala_L(e),0.19122088296882844,0.5736626489064853
EX_but(e),1.7296907811034832,6.918763124413933
EX_etoh(e),0.10621116565690016,0.2124223313138003
EX_for(e),11.991807342258163,11.991807342258163
EX_orn(e),0.025979083472407145,0.12989541736203572
