,fluxes,C-fluxes
EX_ac(e),34.86875789516604,69.73751579033208
EX_for(e),0.031077090445860926,0.031077090445860926
EX_gcald(e),0.01669152167551607,0.03338304335103214
EX_hxan(e),0.8930557237090028,4.465278618545014
EX_lys_L(e),0.6877602740168186,4.126561644100912
EX_phe_L(e),0.7071042477413794,6.3639382296724145
EX_ura(e),0.8056366433827447,3.2225465735309786
