,fluxes,C-fluxes
EX_12ppd_S(e),0.14898579,0.44695737
EX_ac(e),12.196155395005144,24.39231079001029
EX_for(e),5.35691392690121,5.35691392690121
EX_hxan(e),0.8867311716449725,4.433655858224863
EX_succ(e),7.22282146008882,28.89128584035528
EX_tma(e),1.0,3.0
