,fluxes,C-fluxes
EX_ac(e),19.60017571342016,39.20035142684032
EX_ch4s(e),3.09204435033684,3.09204435033684
EX_for(e),0.17643559772826575,0.17643559772826575
EX_ind3ppa(e),0.07350921962463786,0.8086014158710164
EX_pac(e),1.8662468091811433,14.929974473449146
EX_ppa(e),1.092848614857803,3.278545844573409
EX_urea(e),0.0887687890770563,0.0887687890770563
