,fluxes,C-fluxes
EX_ac(e),6.278361533137029,12.556723066274058
EX_etoh(e),0.3113449388876318,0.6226898777752636
EX_for(e),4.501801590608039,4.501801590608039
EX_phe_L(e),0.9124841605663268,8.212357445096941
