,fluxes,C-fluxes
EX_ac(e),1.023600256721633,2.047200513443266
EX_nac(e),0.0004495363325527714,0.0026972179953166286
