,fluxes,C-fluxes
EX_ac(e),9.866480392419538,19.732960784839076
EX_but(e),4.030006568415027,16.12002627366011
EX_dad_2(e),1.9281161894080039,19.28116189408004
EX_dcyt(e),0.8748122114453939,7.873309903008545
EX_for(e),19.235837781931174,19.235837781931174
EX_phe_L(e),0.8075260680672897,7.267734612605607
EX_ppa(e),0.043478041733589476,0.1304341252007684
EX_tma(e),1.0,3.0
