,fluxes,C-fluxes
EX_ac(e),8.13123081044514,16.26246162089028
EX_cys_L(e),0.9646574502522385,2.8939723507567154
EX_dad_2(e),0.9345019850896893,9.345019850896893
EX_etoh(e),0.22040223762838587,0.44080447525677174
EX_lys_L(e),0.8681555848643596,5.208933509186158
EX_nac(e),0.9932388461501,5.9594330769006
EX_succ(e),8.050936420577049,32.203745682308195
EX_thymd(e),0.8594965778639974,8.594965778639974
EX_tma(e),1.0,3.0
