,fluxes,C-fluxes
EX_ac(e),21.948506773392324,43.89701354678465
EX_for(e),10.05749256577427,10.05749256577427
EX_gln_L(e),5.689135377738317,28.445676888691587
EX_hxan(e),0.9375695374556917,4.687847687278459
EX_ile_L(e),0.7887142534276463,4.732285520565878
EX_indole(e),0.06983744183710086,0.5586995346968069
EX_tma(e),1.0,3.0
