,fluxes,C-fluxes
EX_ac(e),11.885675692198882,23.771351384397764
EX_ade(e),1.9434484314499294,9.717242157249647
EX_etoh(e),4.69387994607752,9.38775989215504
EX_for(e),10.371277568168658,10.371277568168658
EX_gua(e),0.9644497358410582,4.822248679205291
EX_nac(e),0.9969851689900657,5.981911013940394
EX_phe_L(e),0.9221153003772721,8.299037703395449
EX_ppa(e),0.9743217608271593,2.922965282481478
EX_ura(e),0.9566642427512014,3.8266569710048057
