,fluxes,C-fluxes
EX_13ppd(e),0.15251737734470006,0.45755213203410017
EX_ac(e),8.95458186822276,17.90916373644552
EX_adn(e),0.0002737620942411547,0.002737620942411547
EX_arab_L(e),0.0055197,0.027598499999999998
EX_for(e),9.283665539281115,9.283665539281115
EX_gal(e),0.00091995,0.0055197
EX_nac(e),0.9972981388073641,5.983788832844184
EX_xyl_D(e),0.0091995,0.0459975
