,fluxes,C-fluxes
EX_ac(e),6.12329556628604,12.24659113257208
EX_but(e),0.9072736709882085,3.629094683952834
EX_etoh(e),0.9712245521405244,1.9424491042810488
EX_for(e),7.33578419848457,7.33578419848457
EX_glyc(e),0.005035845909539678,0.015107537728619034
EX_ile_L(e),0.9229436378840993,5.537661827304595
EX_phe_L(e),0.9104308344677366,8.19387751020963
EX_ppa(e),0.1745587534716259,0.5236762604148777
EX_ura(e),0.9588443987263193,3.8353775949052773
