,fluxes,C-fluxes
EX_ac(e),1.6258787850167382,3.2517575700334764
EX_etoh(e),0.6869679787329124,1.3739359574658248
EX_for(e),2.3000493076478112,2.3000493076478112
EX_phe_L(e),0.9811590648983025,8.830431584084723
