,fluxes,C-fluxes
EX_ac(e),10.244921111312374,20.48984222262475
EX_cys_L(e),0.9529969301794476,2.8589907905383427
EX_for(e),0.008169073426969719,0.008169073426969719
EX_ura(e),0.9601503100830857,3.840601240332343
