,fluxes,C-fluxes
EX_ac(e),4.0102138660571205,8.020427732114241
EX_ade(e),0.9425405261214579,4.712702630607289
EX_but(e),8.94628050226677,35.78512200906708
EX_csn(e),1.9136866112598687,7.654746445039475
EX_for(e),17.601588069512736,17.601588069512736
EX_gua(e),0.9582807045876784,4.791403522938392
EX_ile_L(e),0.797151092185872,4.782906553115232
EX_nac(e),0.4874354650184379,2.9246127901106274
EX_phe_L(e),0.8015605397790257,7.214044858011231
EX_ppa(e),1.0,3.0
