,fluxes,C-fluxes
EX_ac(e),11.592687868074758,23.185375736149517
EX_cys_L(e),0.9774854276223975,2.9324562828671925
EX_for(e),0.0038166212809544833,0.0038166212809544833
EX_ura(e),0.9893654375283594,3.9574617501134375
