,fluxes,C-fluxes
EX_but(e),0.8272547455751753,3.3090189823007012
EX_pro_L(e),0.12720525129487883,0.6360262564743941
EX_succ(e),1.7726696870354035,7.090678748141614
