,fluxes,C-fluxes
EX_ac(e),8.577147406293383,17.154294812586766
EX_etoh(e),5.213495677389852,10.426991354779704
EX_for(e),11.635822590469852,11.635822590469852
EX_gly(e),0.04158332167881797,0.08316664335763593
EX_orn(e),0.15,0.75
