,fluxes,C-fluxes
EX_ac(e),2.479317529571036,4.958635059142072
EX_etoh(e),1.1302323593189771,2.2604647186379543
EX_for(e),3.6133429170728357,3.6133429170728357
EX_hxan(e),0.9836758889492392,4.918379444746196
EX_orn(e),0.05191335324408414,0.2595667662204207
