,fluxes,C-fluxes
EX_ac(e),1.394748945927642,2.789497891855284
EX_but(e),0.5770861482672005,2.308344593068802
EX_for(e),2.7805681912602043,2.7805681912602043
EX_nac(e),0.032840834943809565,0.19704500966285737
