,fluxes,C-fluxes
EX_ac(e),4.835659678736399,9.671319357472798
EX_but(e),2.163575816857892,8.654303267431567
EX_for(e),7.12631951187045,7.12631951187045
EX_nac(e),0.9990806215391997,5.994483729235198
EX_phe_L(e),0.9285484297468508,8.356935867721658
TS_ahcys_c,8.358886256228023e-05,0.0011702440758719233
