,fluxes,C-fluxes
EX_ac(e),8.003326085015777,16.006652170031554
EX_but(e),0.9069479088676288,3.627791635470515
EX_for(e),6.254775950738848,6.254775950738848
EX_met_L(e),0.8869068759689641,4.434534379844821
EX_orn(e),0.0459169491019724,0.22958474550986202
