,fluxes,C-fluxes
EX_ac(e),0.88539305094007,1.77078610188014
EX_ala_L(e),1.8645019660101358,5.593505898030408
EX_for(e),0.00613272782261776,0.00613272782261776
EX_gcald(e),0.0009094356082370685,0.001818871216474137
EX_hista(e),0.13322701579261598,0.6661350789630799
EX_ile_L(e),0.5627653566335333,3.3765921398012
EX_lac_L(e),6.1274214490652685,18.382264347195807
EX_tym(e),0.9800047894755184,7.840038315804147
