,fluxes,C-fluxes
EX_ac(e),6.993716187227543,13.987432374455086
EX_dad_2(e),0.037614153158686166,0.37614153158686164
EX_for(e),5.902817681905965,5.902817681905965
EX_hista(e),0.12277830777090444,0.6138915388545222
EX_phe_L(e),0.9329141431258663,8.396227288132797
EX_ppa(e),4.24386242497096,12.73158727491288
EX_pro_L(e),0.15041568318391033,0.7520784159195516
EX_trypta(e),0.06468257800272545,0.6468257800272545
