,fluxes,C-fluxes
EX_ac(e),2.914094658969293,5.828189317938586
EX_dad_2(e),0.9852922683609705,9.852922683609705
EX_for(e),0.511233115282009,0.511233115282009
EX_gua(e),0.9769265777632992,4.884632888816496
EX_hista(e),0.12383822043419666,0.6191911021709833
EX_lys_L(e),0.9724836564419845,5.834901938651907
EX_phe_L(e),0.9570516961063109,8.613465264956798
EX_ppa(e),7.431959774113257,22.295879322339772
EX_trypta(e),0.06550542482580039,0.655054248258004
