,fluxes,C-fluxes
EX_ac(e),2.814982834643479,5.629965669286958
EX_dad_2(e),0.9827709432755952,9.827709432755952
EX_for(e),2.395196566772307,2.395196566772307
EX_lac_L(e),4.338702450227414,13.016107350682242
EX_lys_L(e),0.9716316315427611,5.829789789256567
EX_phe_L(e),0.9459245746727387,8.513321172054649
EX_ppa(e),1.0,3.0
EX_val_L(e),2.2836751759372222,11.418375879686112
