,fluxes,C-fluxes
EX_4hphac(e),0.4984634668699983,3.9877077349599865
EX_glu_L(e),0.16453532411229144,0.8226766205614572
EX_ile_L(e),0.8505280779828797,5.103168467897278
EX_lac_L(e),0.8182356491219005,2.4547069473657013
EX_orn(e),0.1408084401229158,0.704042200614579
EX_uri(e),0.022642851927366994,0.20378566734630293
