,fluxes,C-fluxes
EX_ac(e),1.8619251831782675,3.723850366356535
EX_asp_L(e),1.3275543060710089,5.3102172242840355
EX_for(e),0.001479858344108222,0.001479858344108222
EX_fum(e),0.004513361053713115,0.01805344421485246
EX_tyr_L(e),9.994451828135483,89.95006645321935
EX_val_L(e),0.5516112742943747,2.7580563714718735
