,fluxes,C-fluxes
EX_ac(e),6.153826259371736,12.307652518743472
EX_ala_L(e),6.665140378806688,19.995421136420063
EX_for(e),0.2446506156574208,0.2446506156574208
EX_gly(e),0.7050622507310782,1.4101245014621564
EX_hista(e),0.1211013779640492,0.605506889820246
EX_lac_L(e),1.7260203175175102,5.1780609525525305
EX_phe_L(e),0.9641002327534982,8.676902094781484
EX_ppa(e),1.3251443406121746,3.9754330218365235
EX_pro_L(e),0.34579081310121135,1.7289540655060567
EX_ura(e),1.0,4.0
