,fluxes,C-fluxes
EX_4hphac(e),0.9713114696258779,7.770491757007023
EX_5mta(e),0.0008849620140075325,0.009734582154082858
EX_ac(e),8.097168279887384,16.19433655977477
EX_adn(e),0.00024770622047969043,0.002477062204796904
EX_dad_2(e),0.9705661725700822,9.705661725700821
EX_for(e),0.13735185849949397,0.13735185849949397
EX_indole(e),0.050026121911010676,0.4002089752880854
EX_lys_L(e),0.8752862194860382,5.2517173169162294
EX_ppa(e),9.946712363345075,29.840137090035224
