,fluxes,C-fluxes
EX_ac(e),5.310430478782219,10.620860957564439
EX_cys_L(e),0.9895865184046284,2.968759555213885
EX_for(e),2.9414430925647137,2.9414430925647137
EX_phe_L(e),0.9569351358676812,8.61241622280913
