,fluxes,C-fluxes
EX_ac(e),3.745787715487845,7.49157543097569
EX_cys_L(e),0.9932986132888877,2.9798958398666633
EX_for(e),0.8518172760792108,0.8518172760792108
EX_orn(e),0.03143597375392966,0.1571798687696483
EX_phe_L(e),0.9752193836065561,8.776974452459005
