,fluxes,C-fluxes
EX_ade(e),2.3858571502105894,11.929285751052948
EX_for(e),0.002487486175768824,0.002487486175768824
EX_lac_L(e),3.3921901051098184,10.176570315329455
EX_nac(e),2.3938437273277864,14.36306236396672
EX_ptrc(e),0.9839293296003516,3.9357173184014065
EX_ser_L(e),1.0234249965103932,3.0702749895311796
