,fluxes,C-fluxes
EX_ac(e),7.848211693537645,15.69642338707529
EX_etoh(e),3.986977859953448,7.973955719906896
EX_for(e),10.915338289426007,10.915338289426007
EX_met_L(e),0.33812582816984565,1.6906291408492282
EX_nac(e),0.22998266064938339,1.3798959638963004
EX_orn(e),0.028657424136912964,0.1432871206845648
