,fluxes,C-fluxes
EX_ac(e),12.499640356357618,24.999280712715237
EX_dad_2(e),0.968941069166318,9.689410691663179
EX_for(e),5.948004050723489,5.948004050723489
