,fluxes,C-fluxes
EX_ac(e),15.810335196001438,31.620670392002875
EX_dad_2(e),1.0005812188473842,10.005812188473842
EX_etoh(e),0.4556667965792204,0.9113335931584408
EX_for(e),14.271326689915382,14.271326689915382
EX_indole(e),0.026211541704526598,0.20969233363621279
EX_nac(e),0.9968721764812166,5.9812330588873
EX_phe_L(e),0.8414207026989218,7.572786324290296
EX_ptrc(e),1.0,4.0
EX_val_L(e),0.02973594022479966,0.1486797011239983
