,fluxes,C-fluxes
EX_ac(e),6.8039568866597575,13.607913773319515
EX_for(e),3.0413144196099147,3.0413144196099147
EX_nac(e),0.9991259064617091,5.994755438770254
EX_succ(e),0.9760577798398272,3.904231119359309
