,fluxes,C-fluxes
EX_ac(e),8.924438696237003,17.848877392474005
EX_ade(e),0.9585244361457516,4.792622180728758
EX_ala_L(e),1.724626640700316,5.173879922100948
EX_etoh(e),6.386300503844539,12.772601007689078
EX_for(e),13.20677959154732,13.20677959154732
EX_gua(e),0.9752045637527855,4.876022818763928
EX_ppa(e),0.4574271246059105,1.3722813738177315
EX_succ(e),0.002560560138761693,0.010242240555046772
