,fluxes,C-fluxes
EX_ac(e),1.0755346760419546,2.1510693520839093
EX_adn(e),0.00024312732124048107,0.0024312732124048106
EX_akg(e),1.132080353224763,5.660401766123815
EX_for(e),0.4611898974358498,0.4611898974358498
EX_gly(e),0.12500321291599287,0.25000642583198573
