,fluxes,C-fluxes
EX_4abut(e),0.18,0.72
EX_ac(e),4.828823822751007,9.657647645502013
EX_for(e),1.6216972487631531,1.6216972487631531
EX_gly(e),0.10172106696146328,0.20344213392292657
