,fluxes,C-fluxes
EX_ac(e),3.472296363773271,6.944592727546542
EX_for(e),3.643578803984323,3.643578803984323
EX_hista(e),0.14041997651893326,0.7020998825946663
EX_ptrc(e),1.0,4.0
EX_succ(e),1.090404750215767,4.361619000863068
EX_trypta(e),0.06307909163487076,0.6307909163487075
