,fluxes,C-fluxes
EX_ac(e),16.093917452052626,32.18783490410525
EX_ade(e),1.9310054896425957,9.655027448212978
EX_dcyt(e),0.8834779321295055,7.9513013891655495
EX_etoh(e),3.3534236403775033,6.706847280755007
EX_for(e),10.93537424989749,10.93537424989749
EX_gua(e),0.9554673900457992,4.777336950228996
EX_nac(e),0.9961927063590392,5.977156238154235
EX_ppa(e),0.9031967584388944,2.709590275316683
EX_succ(e),0.09720974725424299,0.38883898901697195
EX_tma(e),1.0,3.0
