,fluxes,C-fluxes
EX_12ppd_S(e),0.29797158,0.89391474
EX_ac(e),19.63954855740232,39.27909711480464
EX_dad_2(e),1.0008011522139946,10.008011522139945
EX_for(e),13.67362212637543,13.67362212637543
EX_gcald(e),2.9261969056100745,5.852393811220149
EX_nac(e),0.9962989829290898,5.977793897574539
EX_phe_L(e),0.7184302854520983,6.4658725690688845
EX_ptrc(e),0.9878872689095991,3.9515490756383964
