,fluxes,C-fluxes
EX_ac(e),6.8187820167793225,13.637564033558645
EX_dad_2(e),0.978086957881185,9.780869578811851
EX_etoh(e),3.363974146448277,6.727948292896554
EX_for(e),8.352671055417147,8.352671055417147
TS_thglu_c,0.00012492636365158216,0.0029982327276379716
