,fluxes,C-fluxes
EX_4abut(e),0.05436537176157187,0.21746148704628748
EX_ac(e),4.684358868106468,9.368717736212936
EX_cys_L(e),0.8579591437508416,2.5738774312525248
EX_etoh(e),1.8903008567146296,3.780601713429259
EX_for(e),0.012861155363238319,0.012861155363238319
EX_lys_L(e),0.8964484999775069,5.378690999865041
EX_orn(e),0.09513028364391453,0.47565141821957263
EX_succ(e),8.328739023757574,33.3149560950303
