,fluxes,C-fluxes
EX_ac(e),8.335196251786673,16.670392503573346
EX_etoh(e),5.496637885307408,10.993275770614815
EX_for(e),12.005267536685293,12.005267536685293
EX_nac(e),0.9981875043599437,5.9891250261596625
