,fluxes,C-fluxes
EX_12ppd_S(e),0.14898579,0.44695737
EX_ac(e),10.091784530634785,20.18356906126957
EX_etoh(e),4.459199734174021,8.918399468348042
EX_for(e),12.375355660009927,12.375355660009927
EX_ile_L(e),0.838327719113907,5.029966314683442
EX_orn(e),0.09692615148284107,0.48463075741420536
EX_succ(e),0.013242124207848673,0.05296849683139469
EX_tma(e),1.0,3.0
