,fluxes,C-fluxes
EX_2obut(e),0.0013598097091160602,0.005439238836464241
EX_ac(e),8.922415219430794,17.84483043886159
EX_for(e),7.074529075448494,7.074529075448494
EX_glyc(e),0.002130797133074514,0.006392391399223542
EX_nac(e),0.9993432823552235,5.9960596941313415
EX_succ(e),0.003283586231570557,0.013134344926282227
