,fluxes,C-fluxes
EX_ac(e),5.223514889334006,10.447029778668012
EX_but(e),0.39088750563864494,1.5635500225545798
EX_for(e),5.20181787967676,5.20181787967676
EX_phe_L(e),0.9576512270572507,8.618861043515256
