,fluxes,C-fluxes
EX_ac(e),22.32435502072935,44.6487100414587
EX_dad_2(e),1.0008336987051174,10.008336987051173
EX_for(e),7.032113835312675,7.032113835312675
EX_gcald(e),5.195607293211665,10.39121458642333
EX_indole(e),0.04291717512803702,0.34333740102429616
EX_nac(e),0.9959633079321603,5.975779847592961
EX_phe_L(e),0.7321750604144907,6.589575543730416
EX_ppa(e),0.08433464069109065,0.25300392207327194
EX_ptrc(e),1.0,4.0
