,fluxes,C-fluxes
EX_ac(e),24.29436880915145,48.5887376183029
EX_dad_2(e),1.0007216003321906,10.007216003321906
EX_for(e),4.3714695147801805,4.3714695147801805
EX_indole(e),0.046228451038816336,0.3698276083105307
EX_nac(e),0.996315578102207,5.9778934686132414
EX_phe_L(e),0.7842980782639336,7.058682704375403
EX_ppa(e),0.05537058647651487,0.1661117594295446
EX_ptrc(e),1.0,4.0
EX_tma(e),1.0,3.0
