,fluxes,C-fluxes
EX_4abut(e),0.5563532772627611,2.2254131090510443
EX_ac(e),17.56699025602136,35.13398051204272
EX_dad_2(e),1.0063344616694343,10.063344616694343
EX_for(e),20.73277104380306,20.73277104380306
EX_gcald(e),0.00550912285884377,0.01101824571768754
EX_indole(e),0.003941968225485281,0.03153574580388225
EX_nac(e),0.9981616727878708,5.988970036727225
EX_phe_L(e),0.6700813866782785,6.030732480104507
EX_ptrc(e),0.9981636257137187,3.992654502854875
