,fluxes,C-fluxes
EX_12ppd_S(e),0.29797158,0.89391474
EX_ac(e),26.933596851605113,53.867193703210226
EX_dad_2(e),1.0008181996719379,10.00818199671938
EX_for(e),5.967480044976506,5.967480044976506
EX_indole(e),0.03632057661819986,0.2905646129455989
EX_nac(e),0.9959894255192022,5.975936553115213
EX_phe_L(e),0.7851083571806231,7.065975214625608
EX_ppa(e),0.030124610514224593,0.09037383154267378
EX_ptrc(e),1.0,4.0
