,fluxes,C-fluxes
EX_ac(e),0.800547257848968,1.601094515697936
EX_ade(e),0.004037763260061939,0.020188816300309692
EX_asp_L(e),0.22008274852895493,0.8803309941158197
EX_dgsn(e),0.9996526176700701,9.996526176700701
EX_gly(e),0.22281233592314123,0.44562467184628246
EX_indole(e),0.08116455615970522,0.6493164492776418
EX_ura(e),1.4006339707999431,5.6025358831997725
