,fluxes,C-fluxes
EX_4abut(e),0.03634569564421412,0.14538278257685647
EX_ac(e),6.9804779731772895,13.960955946354579
EX_but(e),3.7716928394656906,15.086771357862762
EX_for(e),13.73442501671707,13.73442501671707
EX_succ(e),0.01191169058986581,0.04764676235946324
