,fluxes,C-fluxes
EX_ac(e),4.975563796340665,9.95112759268133
EX_but(e),0.16032797743324526,0.641311909732981
EX_for(e),5.258590300204188,5.258590300204188
EX_malt(e),0.25733909,3.08806908
EX_phe_L(e),0.9363010876471342,8.426709788824207
TS_ahcys_c,7.211482469655954e-05,0.0010096075457518335
