,fluxes,C-fluxes
EX_ac(e),4.561252138556065,9.12250427711213
EX_but(e),1.4278020705233925,5.71120828209357
EX_for(e),5.949429104602578,5.949429104602578
EX_gly(e),0.1374914772171086,0.2749829544342172
EX_phe_L(e),0.8820834337343256,7.9387509036089305
TS_thglu_c,6.384160341290938e-05,0.001532198481909825
