,fluxes,C-fluxes
EX_ac(e),17.025283127360556,34.05056625472111
EX_ade(e),0.003046859814360784,0.01523429907180392
EX_csn(e),0.9315761998854564,3.7263047995418255
EX_for(e),7.484199897170638,7.484199897170638
EX_ile_L(e),0.33783477475896384,2.027008648553783
EX_orn(e),0.02202865784699767,0.11014328923498835
