,fluxes,C-fluxes
EX_ac(e),4.198898835379367,8.397797670758735
EX_but(e),0.5230694154904327,2.092277661961731
EX_for(e),4.119642592344391,4.119642592344391
