,fluxes,C-fluxes
EX_ac(e),5.943249317624503,11.886498635249007
EX_for(e),3.4085073155148615,3.4085073155148615
EX_gln_L(e),0.035933126407764124,0.17966563203882063
EX_gthrd(e),2.0,20.0
EX_phe_L(e),0.9733730864388831,8.760357777949947
EX_rbflvrd(e),0.9986556093263199,16.97714535854744
