,fluxes,C-fluxes
EX_2obut(e),0.0007490786991572978,0.0029963147966291914
EX_ac(e),5.264516015592149,10.529032031184299
EX_acald(e),0.17878295,0.3575659
EX_ade(e),0.9886279543863936,4.943139771931968
EX_dgsn(e),0.006148883236598076,0.06148883236598076
EX_for(e),0.0021129539975670657,0.0021129539975670657
EX_glyc(e),0.002277328485111666,0.006831985455334998
EX_orn(e),0.13358573906246551,0.6679286953123276
EX_thymd(e),0.9853390779775524,9.853390779775523
