,fluxes,C-fluxes
EX_ac(e),19.157078547194395,38.31415709438879
EX_but(e),0.01233596219178415,0.0493438487671366
EX_indole(e),0.06831063332384991,0.5464850665907993
EX_phe_L(e),0.8509222094418516,7.658299884976664
