,fluxes,C-fluxes
EX_ac(e),13.82254275866046,27.64508551732092
EX_dad_2(e),0.9734064848168028,9.734064848168028
EX_indole(e),0.07332553690514086,0.5866042952411269
