,fluxes,C-fluxes
EX_ac(e),5.1604836357745025,10.320967271549005
EX_but(e),3.2500531715221226,13.00021268608849
EX_for(e),10.773533842685758,10.773533842685758
EX_gly(e),0.9729255869412298,1.9458511738824595
EX_indole(e),0.08074410550466256,0.6459528440373005
EX_ptrc(e),0.2820976356280692,1.1283905425122769
EX_succ(e),0.00040983364306461216,0.0016393345722584486
