,fluxes,C-fluxes
EX_ac(e),4.1241063428568845,8.248212685713769
EX_ade(e),0.9831117062932446,4.915558531466223
EX_but(e),3.842115924264787,15.368463697059148
EX_dgsn(e),0.993593801852174,9.93593801852174
EX_for(e),11.17973568387336,11.17973568387336
EX_gly(e),0.9726396992899111,1.9452793985798222
EX_indole(e),0.07927134924916666,0.6341707939933333
EX_ppa(e),1.1976068684534753,3.592820605360426
