,fluxes,C-fluxes
EX_ac(e),7.603709527668718,15.207419055337436
EX_ade(e),0.9854526824304567,4.927263412152284
EX_btoh(e),0.37684401156069025,1.507376046242761
EX_but(e),0.9035527059514732,3.6142108238058928
EX_dgsn(e),0.9950195549968747,9.950195549968747
EX_for(e),8.299891161744974,8.299891161744974
EX_gly(e),0.9715097458898434,1.9430194917796868
EX_indole(e),0.07881632802478857,0.6305306241983085
EX_ppa(e),1.2020835942582044,3.6062507827746133
