,fluxes,C-fluxes
EX_ac(e),5.373162032596294,10.746324065192589
EX_ade(e),1.1023733863682805,5.511866931841403
EX_but(e),0.348621414716225,1.3944856588649
EX_ch4s(e),1.1487874178801407,1.1487874178801407
EX_dgsn(e),0.9876531500201793,9.876531500201793
EX_for(e),4.599892314059417,4.599892314059417
EX_ile_L(e),0.22354337420318413,1.3412602452191047
EX_indole(e),0.07586210958798772,0.6068968767039018
EX_ppa(e),2.3213781230724457,6.964134369217337
EX_succ(e),4.215250425612397,16.861001702449588
