,fluxes,C-fluxes
EX_ac(e),5.25586143812211,10.51172287624422
EX_but(e),2.933930845651344,11.735723382605377
EX_for(e),4.524388473864017,4.524388473864017
EX_gly(e),0.9799368136332737,1.9598736272665473
EX_indole(e),0.08009987720258116,0.6407990176206493
