,fluxes,C-fluxes
EX_ac(e),9.397285051708305,18.79457010341661
EX_but(e),4.4544411493949045,17.817764597579618
EX_for(e),7.427324835795683,7.427324835795683
EX_indole(e),0.06930392620963916,0.5544314096771132
EX_phe_L(e),0.847070797874737,7.623637180872634
