,fluxes,C-fluxes
EX_ac(e),5.599831030848319,11.199662061696637
EX_but(e),2.57356701858619,10.29426807434476
EX_for(e),10.36875450532405,10.36875450532405
EX_gly(e),0.971385166850874,1.942770333701748
EX_indole(e),0.0782589934809721,0.6260719478477768
