,fluxes,C-fluxes
EX_ac(e),5.607796051331958,11.215592102663916
EX_ade(e),0.9823921930949624,4.911960965474812
EX_btoh(e),0.34480007564729237,1.3792003025891695
EX_but(e),1.62504295458479,6.50017181833916
EX_dgsn(e),0.9936909665780412,9.936909665780412
EX_for(e),9.602017219733884,9.602017219733884
EX_gly(e),0.9750111410089131,1.9500222820178261
EX_indole(e),0.07777786872640775,0.622222949811262
EX_ppa(e),1.2049490527071054,3.614847158121316
