,fluxes,C-fluxes
EX_ac(e),19.07283919135382,38.14567838270764
EX_dad_2(e),0.9577212002586223,9.577212002586222
