,fluxes,C-fluxes
EX_ac(e),7.618876490242332,15.237752980484665
EX_but(e),1.695987833602408,6.783951334409632
EX_for(e),8.478394096672849,8.478394096672849
EX_indole(e),0.07802921077901623,0.6242336862321298
EX_ppa(e),0.20612623523656523,0.6183787057096957
