,fluxes,C-fluxes
EX_ac(e),7.951390762445331,15.902781524890662
EX_but(e),1.9366120263270339,7.7464481053081355
EX_for(e),8.762480089437066,8.762480089437066
EX_indole(e),0.07644800099634176,0.6115840079707341
EX_phe_L(e),0.922659405641586,8.303934650774274
EX_ppa(e),0.19825505168816235,0.594765155064487
