,fluxes,C-fluxes
EX_ac(e),6.3460740889483,12.6921481778966
EX_etoh(e),4.92629593531539,9.85259187063078
EX_for(e),10.284166173350973,10.284166173350973
EX_glu_L(e),0.04098343525425522,0.2049171762712761
EX_hista(e),0.13110235964101113,0.6555117982050557
EX_ile_L(e),0.4334381777076868,2.6006290662461207
EX_lys_L(e),0.9090034356465583,5.45402061387935
EX_trypta(e),0.07723324080380971,0.7723324080380971
EX_tym(e),0.9661715979332968,7.729372783466374
