,fluxes,C-fluxes
EX_ac(e),5.708008980103894,11.416017960207787
EX_ala_L(e),0.3185932189416069,0.9557796568248207
EX_cys_L(e),0.9873087462931093,2.961926238879328
EX_etoh(e),4.320522007330175,8.64104401466035
EX_for(e),9.043232396916034,9.043232396916034
EX_gly(e),0.9713901339910815,1.942780267982163
EX_hista(e),0.1380330867882008,0.690165433941004
EX_ile_L(e),0.396148455770922,2.376890734625532
EX_trypta(e),0.07346491551035415,0.7346491551035416
EX_tym(e),0.9708693698627112,7.76695495890169
