,fluxes,C-fluxes
EX_4hphac(e),1.9425561254535566,15.540449003628453
EX_ac(e),2.746278588727594,5.492557177455188
EX_gua(e),0.9428126112390717,4.714063056195358
EX_hista(e),0.03700235873779609,0.18501179368898044
EX_lys_L(e),0.9551980804033773,5.731188482420263
EX_ppa(e),12.112711248420473,36.338133745261416
