,fluxes,C-fluxes
EX_ac(e),1.1074995077898662,2.2149990155797323
EX_gly(e),0.18181084543391587,0.36362169086783175
EX_nac(e),0.9911350936714741,5.946810562028845
EX_orn(e),0.008401100411235839,0.04200550205617919
EX_succ(e),0.20127970749648583,0.8051188299859433
EX_xtsn(e),0.9914324264392012,9.914324264392011
