,fluxes,C-fluxes
EX_ac(e),11.481003103650096,22.962006207300192
EX_for(e),9.994301237223201,9.994301237223201
EX_gcald(e),0.0020312232640570197,0.004062446528114039
EX_hista(e),0.11943693220612787,0.5971846610306394
EX_phe_L(e),1.9148701512009925,17.23383136080893
EX_ppa(e),0.7821172140191212,2.3463516420573636
EX_trypta(e),0.0599807189625457,0.599807189625457
