,fluxes,C-fluxes
EX_ac(e),1.5552063565741276,3.1104127131482553
EX_for(e),0.1737329231577167,0.1737329231577167
EX_glu_L(e),0.01402897983376613,0.07014489916883065
EX_gly(e),0.17149598835953214,0.3429919767190643
EX_succ(e),0.44883392411905376,1.795335696476215
EX_tyr_L(e),0.009615436704256007,0.08653893033830407
