,fluxes,C-fluxes
EX_ac(e),0.6611076243663083,1.3222152487326166
EX_glu_L(e),0.0008874425991330711,0.004437212995665355
EX_succ(e),0.4897252539195571,1.9589010156782285
