,fluxes,C-fluxes
EX_acac(e),1.573311191806156,6.293244767224624
EX_akg(e),1.4777788591065337,7.388894295532669
EX_dad_2(e),0.004091941586403791,0.04091941586403791
EX_gly(e),0.5550239236412489,1.1100478472824977
EX_succ(e),1.4168746487636623,5.667498595054649
