,fluxes,C-fluxes
EX_cytd(e),0.029176464682614197,0.26258818214352775
EX_for(e),4.492418771568289,4.492418771568289
EX_glu_L(e),0.22243470532707882,1.112173526635394
EX_glyc(e),0.0015032205646697318,0.0045096616940091955
EX_succ(e),1.1682104361637229,4.6728417446548915
