,fluxes,C-fluxes
EX_gly(e),0.058822631129944736,0.11764526225988947
EX_succ(e),1.8614113625710416,7.445645450284166
