,fluxes,C-fluxes
EX_ac(e),1.6769515007870435,3.353903001574087
EX_glu_L(e),0.004303443494828487,0.021517217474142435
EX_succ(e),0.5924652001595967,2.3698608006383868
