,fluxes,C-fluxes
EX_ac(e),6.999068227840872,13.998136455681744
EX_etoh(e),2.1162024469133756,4.232404893826751
EX_for(e),7.163993894702824,7.163993894702824
EX_nac(e),0.9985519614536114,5.991311768721668
EX_phe_L(e),0.8855031106912487,7.969527996221238
TS_ahcys_c,0.00015967058284993365,0.002235388159899071
