,fluxes,C-fluxes
EX_ac(e),2.7964252687118276,5.592850537423655
EX_ins(e),0.9922497215404589,9.922497215404588
EX_nac(e),0.9997733067354163,5.998639840412498
EX_orn(e),0.13047187527968818,0.6523593763984409
EX_succ(e),0.8693014553312027,3.477205821324811
EX_trypta(e),0.07595036234857064,0.7595036234857064
