,fluxes,C-fluxes
EX_ac(e),1.082973282478367,2.165946564956734
EX_ala_L(e),1.1040961314208162,3.3122883942624486
EX_for(e),0.003564372080883991,0.003564372080883991
EX_gly(e),10.11745684463455,20.2349136892691
EX_glyc(e),1.2271170119869788,3.6813510359609363
EX_lys_L(e),0.9885994997947216,5.931596998768329
EX_ppa(e),1.0,3.0
TS_co2_c,2.106266559466087,2.106266559466087
