,fluxes,C-fluxes
EX_ac(e),4.774998489561966,9.549996979123932
EX_ala_L(e),6.793876096186118,20.381628288558353
EX_dad_2(e),0.01130927711023121,0.11309277110231211
EX_ins(e),0.9707085730418762,9.707085730418761
EX_lys_L(e),0.9695897846094828,5.8175387076568965
EX_orn(e),0.09144972016431885,0.45724860082159424
EX_phe_L(e),0.9246412314149675,8.321771082734706
EX_ppa(e),1.2397172888341637,3.719151866502491
TS_for_c,0.007227980257612446,0.007227980257612446
