,fluxes,C-fluxes
EX_ac(e),5.915470450833335,11.83094090166667
EX_etoh(e),2.707453207113575,5.41490641422715
EX_for(e),7.194758900450961,7.194758900450961
EX_nac(e),0.0824886859337837,0.49493211560270217
TS_ahcys_c,8.59384218716892e-05,0.0012031379062036488
