,fluxes,C-fluxes
EX_4abut(e),0.011814873700479395,0.04725949480191758
EX_5mthf(e),0.9937653884524926,19.875307769049854
EX_ac(e),15.629750097330582,31.259500194661165
EX_etoh(e),1.5928802707991594,3.185760541598319
EX_for(e),9.003846916732602,9.003846916732602
EX_succ(e),0.010391019245845604,0.041564076983382416
