,fluxes,C-fluxes
EX_ac(e),2.751473426252481,5.502946852504962
EX_ade(e),1.1325432995828366,5.662716497914183
EX_etoh(e),0.6176699454013101,1.2353398908026203
EX_gly(e),0.5214458283475669,1.0428916566951338
EX_gua(e),0.9989993542610858,4.994996771305429
EX_lac_D(e),6.555694598955588,19.667083796866763
EX_orn(e),0.15,0.75
EX_succ(e),0.12177665306577538,0.48710661226310153
