,fluxes,C-fluxes
EX_ac(e),1.608873228424029,3.217746456848058
EX_cys_L(e),0.9988705555497533,2.99661166664926
EX_lac_D(e),4.595273320146701,13.785819960440103
EX_nac(e),0.042498701326491174,0.25499220795894706
EX_orn(e),0.010605204609605413,0.05302602304802707
EX_succ(e),0.16352151916173677,0.6540860766469471
