,fluxes,C-fluxes
EX_ac(e),1.2708041129702958,2.5416082259405917
EX_for(e),0.00435428159513789,0.00435428159513789
EX_lac_D(e),8.855702713438975,26.567108140316925
EX_succ(e),0.014247682422999702,0.05699072969199881
