,fluxes,C-fluxes
EX_ac(e),7.53962934134367,15.07925868268734
EX_ade(e),0.9236860141549832,4.618430070774916
EX_etoh(e),2.9191626149275005,5.838325229855001
EX_for(e),0.04285233239958396,0.04285233239958396
EX_gua(e),0.9552111078205076,4.776055539102538
EX_met_L(e),0.8998874506776561,4.4994372533882805
EX_succ(e),10.16029329414716,40.64117317658864
