,fluxes,C-fluxes
EX_ac(e),0.7639398935114283,1.5278797870228567
EX_ile_L(e),0.1805610330926242,1.0833661985557452
EX_lac_D(e),5.4032909377884994,16.2098728133655
EX_nac(e),0.03720851087426962,0.22325106524561772
EX_orn(e),0.027770016205533137,0.1388500810276657
