,fluxes,C-fluxes
EX_ac(e),5.0467734384422,10.0935468768844
EX_orn(e),0.05535433798255108,0.2767716899127554
EX_succ(e),2.495223242646696,9.980892970586783
