,fluxes,C-fluxes
EX_4abut(e),2.3601188783828015,9.440475513531206
EX_ac(e),4.41297501846182,8.82595003692364
EX_cys_L(e),0.3456943629351014,1.0370830888053042
EX_ile_L(e),0.16511359062994221,0.9906815437796532
EX_orn(e),0.012892060603238196,0.06446030301619098
