,fluxes,C-fluxes
EX_ac(e),0.5,1.0
EX_coprost(e),0.00495795,0.13386465
EX_lac_D(e),3.8543608393979243,11.563082518193774
EX_succ(e),0.41996890751423477,1.679875630056939
