,fluxes,C-fluxes
EX_ac(e),4.787119466418829,9.574238932837657
EX_etoh(e),3.7073340322743675,7.414668064548735
EX_for(e),8.116268123729162,8.116268123729162
EX_nac(e),0.9991101363775142,5.994660818265086
TS_ahcys_c,7.964571822525164e-05,0.001115040055153523
