,fluxes,C-fluxes
EX_ac(e),9.770071929867113,19.540143859734226
EX_etoh(e),5.37195138493284,10.74390276986568
EX_for(e),11.626265643177907,11.626265643177907
EX_succ(e),0.03078182728383221,0.12312730913532884
