,fluxes,C-fluxes
EX_ac(e),13.62968068576443,27.25936137152886
EX_ade(e),1.0,5.0
EX_ala_L(e),0.06387666297644227,0.1916299889293268
EX_csn(e),1.9012421773240906,7.6049687092963625
EX_etoh(e),6.184273880884986,12.368547761769973
EX_for(e),11.138498454240963,11.138498454240963
EX_gcald(e),0.008984969418645503,0.017969938837291005
EX_gua(e),0.8963292627250316,4.481646313625157
EX_nac(e),0.44490489904867025,2.6694293942920213
EX_succ(e),0.05834016292703547,0.23336065170814188
