,fluxes,C-fluxes
EX_4abut(e),0.028360730994956174,0.1134429239798247
EX_ac(e),11.150805377593365,22.30161075518673
EX_etoh(e),3.735727922044669,7.471455844089338
EX_for(e),9.207087568248692,9.207087568248692
TS_ahcys_c,9.898718902651714e-05,0.00138582064637124
