,fluxes,C-fluxes
EX_ac(e),7.8406962327098455,15.681392465419691
EX_etoh(e),4.183553981577836,8.367107963155672
EX_for(e),10.478599427213815,10.478599427213815
