,fluxes,C-fluxes
EX_4abut(e),0.028797755645123328,0.11519102258049331
EX_ac(e),7.067561571061605,14.13512314212321
EX_coprost(e),0.00495795,0.13386465
EX_etoh(e),4.0098150296434545,8.019630059286909
EX_for(e),9.563255743271563,9.563255743271563
EX_nac(e),0.09889701424138568,0.5933820854483141
TS_ahcys_c,9.832770247940406e-05,0.0013765878347116569
