,fluxes,C-fluxes
EX_ac(e),0.7190564870264061,1.4381129740528122
EX_lac_D(e),4.491657705122391,13.474973115367172
EX_nac(e),0.03926670908284582,0.2356002544970749
EX_orn(e),0.00926507097233902,0.0463253548616951
EX_succ(e),0.3954974648333295,1.581989859333318
