,fluxes,C-fluxes
EX_12ppd_S(e),0.14898579,0.44695737
EX_4abut(e),0.05062812691790774,0.20251250767163095
EX_ac(e),8.4680437877616,16.9360875755232
EX_etoh(e),4.261610053079178,8.523220106158355
EX_for(e),11.530050788466916,11.530050788466916
EX_succ(e),0.6310152075880565,2.524060830352226
TS_ahcys_c,0.00012701705763676257,0.001778238806914676
