,fluxes,C-fluxes
EX_2obut(e),0.0016216575496428138,0.006486630198571255
EX_ac(e),5.040567575682524,10.081135151365048
EX_orn(e),0.041597840365093224,0.20798920182546612
EX_succ(e),2.4751721186550535,9.900688474620214
EX_thf(e),0.9976437267340975,18.955230807947853
