,fluxes,C-fluxes
EX_4abut(e),0.20982742321588335,0.8393096928635334
EX_ac(e),7.059258186753284,14.118516373506568
EX_coprost(e),0.00495795,0.13386465
EX_etoh(e),4.009793175365075,8.01958635073015
EX_for(e),9.565435021852501,9.565435021852501
EX_nac(e),0.09955997518536824,0.5973598511122095
TS_ahcys_c,0.00010635304617877489,0.0014889426465028485
