,fluxes,C-fluxes
EX_5mthf(e),0.9944307762516384,19.88861552503277
EX_ac(e),14.225017190025154,28.450034380050308
EX_etoh(e),1.123789068683883,2.247578137367766
EX_for(e),7.473870482063152,7.473870482063152
EX_succ(e),0.005569223748361583,0.02227689499344633
