,fluxes,C-fluxes
EX_ac(e),1.0162725397367272,2.0325450794734543
EX_etoh(e),0.05338954176597248,0.10677908353194496
EX_for(e),0.009971789632434554,0.009971789632434554
EX_lac_D(e),13.628240985548091,40.884722956644275
EX_ocdca(e),0.6372305458019143,11.470149824434458
EX_succ(e),0.032843478443223884,0.13137391377289553
EX_urea(e),0.0016883960074161003,0.0016883960074161003
