,fluxes,C-fluxes
EX_ac(e),1.4882665830605275,2.976533166121055
EX_coprost(e),0.00495795,0.13386465
EX_lac_D(e),8.113946450205605,24.341839350616816
EX_succ(e),0.3499253691038558,1.3997014764154232
