,fluxes,C-fluxes
EX_ac(e),1.166479207316402,2.332958414632804
EX_coprost(e),0.00495795,0.13386465
EX_lac_D(e),9.615614121059423,28.84684236317827
EX_succ(e),0.004607779991029175,0.0184311199641167
TS_2dmmq8_c,5.068636471658775e-05,0.0025343182358293875
