,fluxes,C-fluxes
EX_4abut(e),0.1433546623469826,0.5734186493879304
EX_ac(e),1.7209804391179733,3.4419608782359465
EX_etoh(e),0.9637385409372123,1.9274770818744247
EX_for(e),0.0075631766067023685,0.0075631766067023685
EX_lac_D(e),5.344113923509672,16.032341770529015
EX_nac(e),0.9993313847378209,5.995988308426925
