,fluxes,C-fluxes
EX_ac(e),0.5924086735109048,1.1848173470218095
EX_ile_L(e),0.19169730165365545,1.1501838099219328
EX_lac_D(e),5.182763176083036,15.548289528249107
EX_nac(e),0.034881831413353936,0.20929098848012362
EX_orn(e),0.02360001205294307,0.11800006026471535
