,fluxes,C-fluxes
EX_4abut(e),0.2761196170981312,1.1044784683925248
EX_ac(e),9.02559730708759,18.05119461417518
EX_cys_L(e),0.996804674584727,2.990414023754181
EX_etoh(e),1.650160944623794,3.300321889247588
EX_for(e),4.453705041787544,4.453705041787544
EX_ile_L(e),0.07362542461944428,0.4417525477166657
EX_lac_L(e),1.391223735290934,4.173671205872802
EX_lys_L(e),0.9740734447177622,5.844440668306573
EX_succ(e),0.256361238224136,1.025444952896544
