,fluxes,C-fluxes
EX_ac(e),4.775935497448081,9.551870994896163
EX_etoh(e),3.7251719356934183,7.450343871386837
EX_for(e),8.12527356434485,8.12527356434485
TS_ahcys_c,7.774822462700495e-05,0.0010884751447780693
