,fluxes,C-fluxes
EX_ac(e),1.219680267176849,2.439360534353698
EX_etoh(e),0.07608323915358269,0.15216647830716537
EX_lac_D(e),9.557339640296721,28.672018920890164
EX_succ(e),0.015171743805048687,0.06068697522019475
