,fluxes,C-fluxes
EX_ac(e),7.861986150834734,15.723972301669468
EX_adn(e),0.00032274419601123467,0.0032274419601123466
EX_orn(e),0.01791380387896371,0.08956901939481855
EX_phe_L(e),0.9810836945610572,8.829753251049514
