,fluxes,C-fluxes
EX_ac(e),8.147989083482374,16.295978166964748
EX_dcyt(e),0.9623106032835091,8.660795429551582
EX_lac_D(e),6.535996590428635,19.607989771285904
EX_lys_L(e),0.9482129137142035,5.68927748228522
EX_nac(e),0.1917025579032217,1.1502153474193302
EX_orn(e),0.2436618077263196,1.218309038631598
EX_succ(e),0.02559863499688737,0.10239453998754948
