,fluxes,C-fluxes
EX_12ppd_S(e),0.14898579,0.44695737
EX_4abut(e),0.18,0.72
EX_ac(e),7.527757839279143,15.055515678558287
EX_etoh(e),4.716745965809428,9.433491931618857
EX_for(e),10.734011122864725,10.734011122864725
EX_gcald(e),0.004679146285651611,0.009358292571303222
EX_succ(e),0.003119430857101074,0.012477723428404296
