,fluxes,C-fluxes
EX_12ppd_S(e),0.14898579,0.44695737
EX_4abut(e),0.18,0.72
EX_ac(e),7.5249793508607254,15.049958701721451
EX_etoh(e),4.710647814428255,9.42129562885651
EX_for(e),10.72263840620396,10.72263840620396
EX_gcald(e),0.004680135686158783,0.009360271372317566
EX_succ(e),0.003120090457439189,0.012480361829756755
