,fluxes,C-fluxes
EX_12ppd_S(e),0.14898579,0.44695737
EX_4abut(e),0.18,0.72
EX_ac(e),8.360978494688808,16.721956989377617
EX_etoh(e),4.254059545728539,8.508119091457077
EX_for(e),10.48805106055977,10.48805106055977
