,fluxes,C-fluxes
EX_12ppd_S(e),0.14898579,0.44695737
EX_ac(e),13.150983550229109,26.301967100458217
EX_dad_2(e),0.9604718047265157,9.604718047265157
EX_etoh(e),1.94911105814343,3.89822211628686
EX_for(e),9.504104990282109,9.504104990282109
EX_nac(e),0.9979434832650009,5.987660899590006
EX_pro_L(e),0.05998593207401464,0.2999296603700732
