,fluxes,C-fluxes
EX_12ppd_S(e),0.14898579,0.44695737
EX_4abut(e),0.18,0.72
EX_ac(e),7.5299325922180484,15.059865184436097
EX_etoh(e),4.713845647634331,9.427691295268662
EX_for(e),10.733407575524419,10.733407575524419
EX_gcald(e),0.004678970746851952,0.009357941493703904
EX_succ(e),0.003119313831234635,0.01247725532493854
