,fluxes,C-fluxes
EX_12ppd_S(e),0.14898579,0.44695737
EX_4abut(e),0.18,0.72
EX_ac(e),7.530641440483973,15.061282880967946
EX_etoh(e),4.713672823199467,9.427345646398933
EX_for(e),10.733701197208793,10.733701197208793
EX_gcald(e),0.0046798165247048575,0.009359633049409715
EX_succ(e),0.0031198776831365717,0.012479510732546287
