,fluxes,C-fluxes
EX_12ppd_S(e),0.14898579,0.44695737
EX_4abut(e),0.18,0.72
EX_ac(e),7.527301506221492,15.054603012442984
EX_etoh(e),4.717058451726798,9.434116903453596
EX_for(e),10.73393813767811,10.73393813767811
EX_gcald(e),0.004679226076015093,0.009358452152030187
EX_succ(e),0.003119484050676729,0.012477936202706916
