,fluxes,C-fluxes
EX_12ppd_S(e),0.14898579,0.44695737
EX_4abut(e),0.18,0.72
EX_ac(e),7.527534705812198,15.055069411624396
EX_etoh(e),4.716853756045526,9.433707512091052
EX_for(e),10.734041776579355,10.734041776579355
EX_gcald(e),0.00467936969866936,0.00935873939733872
EX_succ(e),0.003119579799112907,0.012478319196451627
