,fluxes,C-fluxes
EX_12ppd_S(e),0.14898579,0.44695737
EX_4abut(e),0.18,0.72
EX_ac(e),7.529936976338885,15.05987395267777
EX_etoh(e),4.714153696469644,9.428307392939288
EX_for(e),10.733766569077861,10.733766569077861
EX_gcald(e),0.004679162243724308,0.009358324487448616
EX_succ(e),0.003119441495816205,0.01247776598326482
