,fluxes,C-fluxes
EX_12ppd_S(e),0.14898579,0.44695737
EX_4abut(e),0.18,0.72
EX_ac(e),7.529933823192342,15.059867646384683
EX_etoh(e),4.71381026490976,9.42762052981952
EX_for(e),10.73338867029993,10.73338867029993
EX_gcald(e),0.004679002662997345,0.00935800532599469
EX_succ(e),0.0031193351086648965,0.012477340434659586
