,fluxes,C-fluxes
EX_ac(e),10.076126901325944,20.152253802651888
EX_for(e),3.035996262591302,3.035996262591302
EX_gly(e),1.0582684169536796,2.116536833907359
EX_pro_L(e),0.0027967366756278104,0.013983683378139052
