,fluxes,C-fluxes
EX_ac(e),8.071976436199275,16.14395287239855
EX_ade(e),0.9686575673669118,4.843287836834559
EX_but(e),0.2928321754867522,1.1713287019470089
EX_dgsn(e),0.9829850379821735,9.829850379821735
EX_for(e),0.007018009819293505,0.007018009819293505
EX_isobut(e),0.14184915896679604,0.5673966358671841
EX_lys_L(e),0.9491493212425676,5.694895927455406
EX_ppa(e),0.0013521009739895233,0.00405630292196857
EX_ptrc(e),0.9536519476875157,3.814607790750063
