,fluxes,C-fluxes
EX_ac(e),0.00737632650738449,0.01475265301476898
EX_acald(e),2.937999431389683,5.875998862779366
EX_ade(e),1.981312636505415,9.906563182527075
EX_for(e),1.0087665318990495,1.0087665318990495
EX_lac_D(e),9.480744677259816,28.44223403177945
EX_lys_L(e),0.9184034306416761,5.510420583850056
EX_nac(e),0.9995416594069483,5.9972499564416895
EX_succ(e),0.0003829687190716518,0.0015318748762866072
EX_uri(e),0.9766674204073412,8.79000678366607
