,fluxes,C-fluxes
EX_ac(e),0.0006128177922277861,0.0012256355844555721
EX_akg(e),0.005929122470263953,0.029645612351319767
EX_pyr(e),0.30362576590772367,0.9108772977231709
