,fluxes,C-fluxes
EX_12ppd_S(e),0.14898579,0.44695737
EX_ac(e),14.795790800673474,29.59158160134695
EX_ade(e),2.951688831529084,14.758444157645421
EX_glyclt(e),1.3181832160812967,2.6363664321625935
EX_gua(e),0.9247167945475824,4.6235839727379116
EX_hista(e),0.11086194264949115,0.5543097132474557
EX_ppa(e),6.078151504558071,18.234454513674212
EX_tym(e),0.9180006216194542,7.344004972955633
