,fluxes,C-fluxes
EX_ac(e),0.4525188827023918,0.9050377654047836
EX_ade(e),0.23220864930595633,1.1610432465297817
