,fluxes,C-fluxes
EX_ac(e),9.995616435273424,19.99123287054685
EX_hista(e),0.13120936632416902,0.6560468316208451
EX_tym(e),0.9749859939771486,7.799887951817189
