,fluxes,C-fluxes
EX_ac(e),6.305991694443067,12.611983388886134
EX_acald(e),1.2936252034071574,2.5872504068143147
EX_ppa(e),4.058275936505132,12.174827809515396
EX_succ(e),0.436242263797965,1.74496905519186
EX_trypta(e),0.07324597882226441,0.7324597882226441
EX_tym(e),0.9824340631354052,7.859472505083241
EX_ura(e),0.9547598809319288,3.819039523727715
