,fluxes,C-fluxes
EX_ac(e),11.684753830049674,23.369507660099348
EX_for(e),11.206353326575854,11.206353326575854
EX_nac(e),0.9965632599555618,5.9793795597333705
EX_phe_L(e),0.7708335315670912,6.937501784103821
EX_succ(e),0.2140486597631734,0.8561946390526936
