,fluxes,C-fluxes
EX_ac(e),3.757051208812656,7.514102417625312
EX_for(e),5.098085940329259,5.098085940329259
EX_orn(e),0.10731514048474057,0.5365757024237029
EX_phe_L(e),0.9417122681819375,8.475410413637437
EX_ppa(e),1.17061425003256,3.51184275009768
EX_succ(e),1.414070031898878,5.656280127595512
