,fluxes,C-fluxes
EX_ac(e),2.642544520754134,5.285089041508268
EX_for(e),0.0023326395541307765,0.0023326395541307765
EX_glyc(e),0.00120060323264009,0.0036018096979202703
EX_nac(e),0.012242211634468994,0.07345326980681396
EX_orn(e),0.1438392181315216,0.7191960906576079
EX_phe_L(e),0.9860414584204199,8.874373125783778
EX_succ(e),0.2888162079917895,1.155264831967158
