,fluxes,C-fluxes
EX_ac(e),3.5970820656975984,7.194164131395197
EX_for(e),0.010924007921138531,0.010924007921138531
EX_hista(e),0.12095769866742602,0.6047884933371301
EX_ppa(e),6.481129823340193,19.443389470020577
EX_trypta(e),0.06555897058647397,0.6555897058647397
EX_tym(e),0.9840130343642406,7.872104274913925
