,fluxes,C-fluxes
EX_ac(e),8.159750116156676,16.319500232313352
EX_hista(e),0.10996095337131685,0.5498047668565843
EX_nac(e),0.9987650608415575,5.992590365049345
EX_ppa(e),8.608018570084333,25.824055710253
EX_trypta(e),0.046624767525668895,0.466247675256689
EX_tym(e),0.9544008970059745,7.635207176047796
EX_ura(e),0.9500494154622078,3.800197661848831
