,fluxes,C-fluxes
EX_ac(e),2.8560225185735653,5.7120450371471305
EX_for(e),0.005627574754532623,0.005627574754532623
EX_glyclt(e),1.7071614574481737,3.4143229148963474
EX_orn(e),0.15991568113493165,0.7995784056746582
EX_phe_L(e),0.9792216033531974,8.812994430178776
EX_val_L(e),0.009567926729784171,0.047839633648920854
