,fluxes,C-fluxes
EX_ac(e),5.255700399558398,10.511400799116796
EX_for(e),5.345461425313066,5.345461425313066
EX_gcald(e),0.0007611003590550512,0.0015222007181101024
EX_glyc(e),0.1516030018918838,0.4548090056756514
EX_hista(e),0.14325910587294566,0.7162955293647283
EX_succ(e),1.01553083073915,4.0621233229566
EX_trypta(e),0.07991609549757907,0.7991609549757906
EX_tym(e),0.9747640444026091,7.798112355220873
