,fluxes,C-fluxes
EX_ac(e),5.40077924771685,10.8015584954337
EX_for(e),5.499898542016652,5.499898542016652
EX_glyc(e),0.15284232193493852,0.45852696580481556
EX_hista(e),0.1400376983007998,0.700188491503999
EX_succ(e),1.1529379681516485,4.611751872606594
EX_trypta(e),0.06242835517487898,0.6242835517487898
EX_tym(e),0.9815523668524045,7.852418934819236
