,fluxes,C-fluxes
EX_ac(e),5.110446332792882,10.220892665585763
EX_ade(e),0.9945092699432073,4.972546349716037
EX_for(e),5.217171858650706,5.217171858650706
EX_gcald(e),0.0009354692722182876,0.0018709385444365752
EX_glyc(e),0.15220260795917337,0.4566078238775201
EX_hista(e),0.139947446241632,0.69973723120816
EX_phe_L(e),0.9500397033181187,8.550357329863068
EX_succ(e),0.8533358433939142,3.413343373575657
EX_trypta(e),0.06094011509657812,0.6094011509657812
