,fluxes,C-fluxes
EX_ac(e),1.8743035387726619,3.7486070775453237
EX_for(e),0.004238128854630655,0.004238128854630655
EX_glyc(e),0.08585882123334375,0.25757646370003123
EX_succ(e),1.6582673505311836,6.633069402124734
EX_trypta(e),0.07116761705592375,0.7116761705592376
EX_tym(e),0.807265550203444,6.458124401627552
