,fluxes,C-fluxes
EX_ac(e),0.027792830141330542,0.055585660282661084
EX_akg(e),0.17081935229383122,0.8540967614691561
EX_xan(e),0.3346532045117626,1.673266022558813
