,fluxes,C-fluxes
EX_ac(e),3.953528247496371,7.907056494992742
EX_acald(e),1.9888814043813392,3.9777628087626784
EX_ade(e),2.775590854343641,13.877954271718204
EX_for(e),5.467255528249907,5.467255528249907
EX_gua(e),0.8860763665354563,4.4303818326772815
EX_indole(e),0.0665814800480169,0.5326518403841352
EX_phe_L(e),0.8277772584339771,7.449995325905794
EX_ppa(e),3.212695225165504,9.638085675496512
EX_succ(e),3.8789450524114364,15.515780209645746
