,fluxes,C-fluxes
EX_ac(e),2.9460134938996294,5.892026987799259
EX_but(e),1.6896344545978221,6.7585378183912885
EX_cys_L(e),0.9912729323588589,2.973818797076577
EX_dad_2(e),0.01123762919470432,0.1123762919470432
EX_for(e),0.009106318563992211,0.009106318563992211
EX_indole(e),0.07848354938421331,0.6278683950737065
EX_ins(e),0.976293152988206,9.76293152988206
