,fluxes,C-fluxes
EX_ac(e),4.788278445726295,9.57655689145259
EX_for(e),0.44939453073585706,0.44939453073585706
EX_gly(e),0.9858285644867197,1.9716571289734395
EX_phe_L(e),0.9865808865949157,8.87922797935424
