,fluxes,C-fluxes
EX_ac(e),1.1627237689618257,2.3254475379236514
EX_ala_L(e),0.008952054315885822,0.026856162947657466
EX_for(e),0.44751856667010226,0.44751856667010226
EX_orn(e),0.0017556645312557777,0.008778322656278889
EX_phe_L(e),0.3072337769054352,2.7651039921489167
