,fluxes,C-fluxes
EX_ac(e),17.94854932150595,35.8970986430119
EX_for(e),16.59083156858313,16.59083156858313
EX_gcald(e),0.011911296957405965,0.02382259391481193
EX_hista(e),0.11016249242461172,0.5508124621230586
EX_tym(e),0.9046629127438437,7.23730330195075
EX_ura(e),0.953118600813149,3.812474403252596
