,fluxes,C-fluxes
EX_ac(e),14.056566208269079,28.113132416538157
EX_for(e),15.362093669180062,15.362093669180062
EX_gcald(e),0.00874571003470957,0.01749142006941914
EX_hista(e),0.08656851237324224,0.43284256186621123
EX_tym(e),0.9253863037721177,7.403090430176942
