,fluxes,C-fluxes
EX_12ppd_S(e),0.14898579,0.44695737
EX_ac(e),11.080380724135058,22.160761448270115
EX_dad_2(e),0.041164028216806724,0.41164028216806725
EX_for(e),11.179170135034944,11.179170135034944
EX_gcald(e),0.004183688164034717,0.008367376328069434
EX_ins(e),0.9184338123446162,9.184338123446162
EX_pac(e),0.8936887038560283,7.149509630848226
EX_ppa(e),5.515316742483573,16.545950227450717
EX_ptrc(e),0.07160936115490794,0.2864374446196318
