,fluxes,C-fluxes
EX_12ppd_S(e),0.14898579,0.44695737
EX_ac(e),9.215519184186611,18.431038368373223
EX_ade(e),1.0002607142061855,5.0013035710309275
EX_arab_L(e),0.00201572,0.0100786
EX_for(e),9.667760429193821,9.667760429193821
EX_ocdca(e),2.0,36.0
EX_ppa(e),4.726099746804974,14.178299240414923
EX_pydxn(e),0.9977707425914694,7.982165940731755
