,fluxes,C-fluxes
EX_ac(e),7.833496581235558,15.666993162471115
EX_dad_2(e),1.612725033063535,16.12725033063535
EX_dcyt(e),0.9589673285638525,8.630705957074673
EX_for(e),8.305162471901568,8.305162471901568
EX_ins(e),0.3659288301262252,3.6592883012622517
EX_phe_L(e),0.8796873511275186,7.917186160147668
TS_2ommb_c,0.00044032007169476304,0.021135363441348625
