,fluxes,C-fluxes
EX_ac(e),1.556908351719956,3.113816703439912
EX_lac_D(e),2.7517026192955787,8.255107857886737
EX_lys_L(e),9.965230321091154,59.79138192654692
EX_succ(e),0.009802330089271085,0.03920932035708434
