,fluxes,C-fluxes
EX_ac(e),1.3955905167210527,2.7911810334421054
EX_ala_L(e),1.1579584678012322,3.4738754034036967
EX_etoh(e),0.02652720574563071,0.05305441149126142
EX_for(e),0.00471752907887915,0.00471752907887915
EX_lac_D(e),7.454062219100406,22.362186657301216
EX_lys_L(e),0.9577258296746097,5.746354978047658
EX_orn(e),0.12484350669672295,0.6242175334836148
EX_succ(e),0.3846804579817373,1.5387218319269491
