,fluxes,C-fluxes
EX_acald(e),0.08529687894596415,0.1705937578919283
EX_ade(e),1.0654647813700855,5.3273239068504274
EX_but(e),2.6692640787495097,10.677056314998039
EX_dcyt(e),0.24114910137908385,2.1703419124117547
EX_dgsn(e),0.7547409238003523,7.547409238003523
EX_succ(e),1.091855836618478,4.367423346473912
