,fluxes,C-fluxes
EX_acald(e),0.7027554960397153,1.4055109920794306
EX_ade(e),2.030653913091934,10.15326956545967
EX_but(e),2.2611132548625426,9.04445301945017
EX_dcyt(e),1.314900203912451,11.83410183521206
EX_gsn(e),0.6983728446648334,6.983728446648334
EX_indole(e),0.08061088101464829,0.6448870481171863
EX_isobut(e),0.19099975531066257,0.7639990212426503
EX_succ(e),0.5587841773015604,2.2351367092062415
