,fluxes,C-fluxes
EX_ac(e),7.189357935023596,14.378715870047191
EX_ade(e),1.9891454481000521,9.945727240500261
EX_cys_L(e),0.9881396533569798,2.9644189600709394
EX_dcyt(e),0.9304513945051649,8.374062550546483
EX_for(e),7.368485893789028,7.368485893789028
EX_gcald(e),0.002684106231454065,0.00536821246290813
EX_lys_L(e),0.7016922180154693,4.210153308092816
EX_succ(e),2.8010856509862956,11.204342603945182
