,fluxes,C-fluxes
EX_ac(e),2.989611391529594,5.979222783059188
EX_ade(e),1.750810854668376,8.75405427334188
EX_cys_L(e),0.029641769305650562,0.08892530791695169
EX_for(e),4.802998094132924,4.802998094132924
EX_gcald(e),0.001698306038696423,0.003396612077392846
EX_glyc(e),0.0058400008719649635,0.01752000261589489
EX_ppa(e),2.979366065639991,8.938098196919974
