,fluxes,C-fluxes
EX_ac(e),6.184141506108682,12.368283012217365
EX_ade(e),1.9877029781064608,9.938514890532304
EX_for(e),6.333232272354372,6.333232272354372
EX_gcald(e),0.0028642818404084744,0.005728563680816949
EX_glyc(e),0.009849466506271413,0.029548399518814238
EX_ppa(e),3.8509735399527982,11.552920619858394
