,fluxes,C-fluxes
EX_12ppd_S(e),0.14898579,0.44695737
EX_ac(e),2.327352258438089,4.654704516876178
EX_dad_2(e),0.014947933077285633,0.14947933077285633
EX_for(e),2.504748436183358,2.504748436183358
EX_ins(e),0.005679359509375051,0.05679359509375051
EX_ppa(e),0.32648871999788265,0.979466159993648
