,fluxes,C-fluxes
EX_ac(e),8.439680461263697,16.879360922527393
EX_acald(e),0.17878295,0.3575659
EX_for(e),12.972994003534101,12.972994003534101
EX_hxan(e),0.9463443127238185,4.731721563619092
EX_indole(e),0.057297724305747144,0.45838179444597715
EX_lys_L(e),0.9349198077047322,5.609518846228393
EX_phe_L(e),0.8538102661112313,7.684292395001082
EX_ppa(e),6.730966517662177,20.192899552986532
EX_ura(e),0.9363548195519982,3.7454192782079927
