,fluxes,C-fluxes
EX_ac(e),10.659617131281978,21.319234262563956
EX_ade(e),0.9358393130982164,4.6791965654910825
EX_for(e),14.969530943987879,14.969530943987879
EX_phe_L(e),0.9067747202916296,8.160972482624667
EX_ppa(e),5.264257259458243,15.792771778374728
EX_thymd(e),0.9404687544938528,9.404687544938529
