,fluxes,C-fluxes
EX_ac(e),8.549950135013042,17.099900270026083
EX_acald(e),0.17895955954419274,0.3579191190883855
EX_for(e),9.996695621434363,9.996695621434363
EX_hxan(e),0.9564010460705177,4.782005230352588
EX_lys_L(e),0.940697880543763,5.644187283262578
EX_orn(e),0.006811579361087058,0.03405789680543529
EX_phe_L(e),0.8746486632936679,7.8718379696430105
EX_ppa(e),5.157325867005852,15.471977601017556
TS_copre5b_c,0.00017660954419274348,0.00759421040028797
