,fluxes,C-fluxes
EX_12ppd_S(e),0.14898579,0.44695737
EX_ac(e),14.520216918871128,29.040433837742256
EX_for(e),10.696780799120784,10.696780799120784
EX_gly(e),0.8738210042036021,1.7476420084072042
EX_hxan(e),0.9578364892960273,4.789182446480137
EX_lys_L(e),0.9042650790413793,5.425590474248276
EX_phe_L(e),0.909434226039459,8.18490803435513
EX_ppa(e),10.431223093778224,31.293669281334672
