,fluxes,C-fluxes
EX_ac(e),10.812710142456934,21.62542028491387
EX_etoh(e),0.015335355760216671,0.030670711520433342
EX_for(e),8.835310131547859,8.835310131547859
EX_indole(e),0.06934293413753165,0.5547434731002532
EX_nac(e),0.9976370074670101,5.9858220448020605
