,fluxes,C-fluxes
EX_ac(e),9.731389165184845,19.46277833036969
EX_ala_L(e),0.002597691531300283,0.007793074593900849
EX_for(e),8.657445545027876,8.657445545027876
EX_nac(e),0.9975786775640577,5.9854720653843465
EX_ttdca(e),0.13719139229814695,1.9206794921740573
