,fluxes,C-fluxes
EX_ac(e),6.351490530125312,12.702981060250623
EX_ala_L(e),0.002308871686437461,0.006926615059312382
EX_for(e),3.115276990191442,3.115276990191442
EX_nac(e),0.9976911283135625,5.986146769881375
