,fluxes,C-fluxes
EX_4hphac(e),0.9208926888825104,7.367141511060083
EX_ac(e),22.101812259500765,44.20362451900153
EX_dad_2(e),0.002749620525628169,0.02749620525628169
EX_for(e),0.0301005482652893,0.0301005482652893
EX_nac(e),0.9981273025850025,5.988763815510015
TS_fadh2_c,9.998121158826796,269.94927128832353
