,fluxes,C-fluxes
EX_ac(e),10.327967141556597,20.655934283113194
EX_ala_L(e),0.38461572654122483,1.1538471796236744
EX_for(e),0.013376028926533884,0.013376028926533884
EX_gly(e),0.10969018356207748,0.21938036712415496
EX_hista(e),0.1237814885720711,0.6189074428603555
EX_ncam(e),0.9992502716754632,5.995501630052779
EX_orn(e),0.05332705109369668,0.26663525546848343
EX_phe_L(e),0.9548494200975026,8.593644780877524
EX_ppa(e),2.000000004603041,6.000000013809123
