,fluxes,C-fluxes
EX_ac(e),2.3671822610390247,4.7343645220780495
EX_ade(e),1.039795233746848,5.198976168734239
EX_dgsn(e),0.9918929346683415,9.918929346683415
EX_for(e),3.0464041621230313,3.0464041621230313
EX_gly(e),0.16159604374825168,0.32319208749650336
EX_orn(e),0.11474759279010502,0.5737379639505251
EX_pac(e),0.4935917951082098,3.948734360865678
EX_phe_L(e),0.4748142079936327,4.273327871942694
EX_ppa(e),2.186913515258911,6.560740545776733
