,fluxes,C-fluxes
EX_ac(e),3.930323871327065,7.86064774265413
EX_gua(e),1.9396705425372758,9.698352712686379
EX_hista(e),0.10629016591353646,0.5314508295676823
EX_ppa(e),11.280198763445865,33.840596290337594
EX_trypta(e),0.034241405302434885,0.34241405302434885
EX_tym(e),1.9462278205584238,15.56982256446739
