,fluxes,C-fluxes
EX_ac(e),9.82356944158434,19.64713888316868
EX_but(e),3.563655672026474,14.254622688105895
EX_for(e),15.304596509433035,15.304596509433035
