,fluxes,C-fluxes
EX_ac(e),4.018873749421391,8.037747498842782
EX_for(e),0.005205518479499128,0.005205518479499128
EX_phe_L(e),0.9572372146905466,8.61513493221492
EX_succ(e),0.2817660175198946,1.1270640700795784
