,fluxes,C-fluxes
EX_ac(e),4.746655789824671,9.493311579649342
EX_for(e),0.0074158070049117385,0.0074158070049117385
EX_lac_L(e),1.1545968771929735,3.4637906315789206
EX_lys_L(e),0.48179799091671643,2.8907879455002985
EX_phe_L(e),0.9548086673414775,8.593278006073298
EX_succ(e),1.2334466826527752,4.933786730611101
