,fluxes,C-fluxes
EX_ac(e),3.4106065537202586,6.821213107440517
EX_for(e),2.5491437587130443,2.5491437587130443
