,fluxes,C-fluxes
EX_ac(e),2.327099191100726,4.654198382201452
EX_for(e),2.1011347934755644,2.1011347934755644
EX_gly(e),0.19791478990799732,0.39582957981599465
EX_nac(e),0.004755918001895002,0.02853550801137001
EX_phe_L(e),0.9879882697565412,8.891894427808872
EX_pro_L(e),0.02996501416997637,0.14982507084988186
EX_ptrc(e),0.10265166021226121,0.41060664084904486
