,fluxes,C-fluxes
EX_but(e),0.9692372312795436,3.8769489251181746
EX_gly(e),0.12299078954249319,0.24598157908498638
EX_nac(e),0.9994697863921544,5.996818718352927
EX_orn(e),0.03294142336211629,0.16470711681058148
EX_succ(e),1.5724779734819565,6.289911893927826
EX_ura(e),1.0,4.0
