,fluxes,C-fluxes
EX_ac(e),9.23613737991989,18.47227475983978
EX_etoh(e),0.9518889780038176,1.903777956007635
EX_for(e),9.366512277245274,9.366512277245274
EX_nac(e),0.16298437713819713,0.9779062628291828
EX_orn(e),0.02569366014455017,0.12846830072275084
EX_pro_L(e),0.0173284334978476,0.086642167489238
