,fluxes,C-fluxes
EX_ac(e),4.5829518875183135,9.165903775036627
EX_etoh(e),1.0849676874463472,2.1699353748926944
EX_for(e),4.308983099923837,4.308983099923837
EX_pro_L(e),0.06504022949125877,0.32520114745629386
