,fluxes,C-fluxes
EX_ac(e),6.122508221491139,12.245016442982278
EX_ade(e),1.9921155273951539,9.960577636975769
EX_dgsn(e),0.99119048927083,9.9119048927083
EX_for(e),4.423588225184896,4.423588225184896
EX_fuc_L(e),0.000789,0.004734
EX_gal(e),0.0014202,0.0085212
EX_met_L(e),1.177585337788017,5.887926688940085
EX_pro_L(e),0.18086348352903925,0.9043174176451962
