,fluxes,C-fluxes
EX_ac(e),10.285774302388562,20.571548604777124
EX_etoh(e),2.2130375525956083,4.426075105191217
EX_for(e),10.06527942620606,10.06527942620606
EX_ppa(e),0.06558261077075918,0.19674783231227755
