,fluxes,C-fluxes
EX_ac(e),9.904849813157439,19.809699626314877
EX_etoh(e),3.2616443708713607,6.523288741742721
EX_for(e),6.996311899746093,6.996311899746093
EX_glu_L(e),0.011431842303129467,0.05715921151564733
EX_gly(e),0.13648176773266954,0.2729635354653391
EX_hista(e),0.12637140078209602,0.63185700391048
EX_succ(e),0.032518386746138016,0.13007354698455206
EX_trypta(e),0.07459920503816449,0.7459920503816448
EX_tym(e),0.966730183238897,7.733841465911176
