,fluxes,C-fluxes
EX_glu_L(e),0.43926293228841384,2.196314661442069
EX_phe_L(e),0.6678795962995857,6.0109163666962715
EX_succ(e),0.17462504774284726,0.698500190971389
