,fluxes,C-fluxes
EX_ac(e),1.369941781956023,2.739883563912046
EX_ade(e),0.9948564576521131,4.974282288260565
EX_dcyt(e),0.037328960364695005,0.33596064328225506
EX_dgsn(e),0.9597714058382598,9.597714058382598
EX_for(e),0.0018026245121205932,0.0018026245121205932
EX_gln_L(e),0.21239329522286599,1.06196647611433
EX_gly(e),0.1984970633394862,0.3969941266789724
EX_glyc(e),0.0010461372015344939,0.0031384116046034817
EX_tym(e),0.8449523802023526,6.759619041618821
