,fluxes,C-fluxes
EX_ac(e),12.290929476965127,24.581858953930254
EX_dad_2(e),0.9416492456607585,9.416492456607585
EX_dcyt(e),0.9296780563604874,8.367102507244386
EX_for(e),13.495497001492852,13.495497001492852
EX_gcald(e),0.009280161847382038,0.018560323694764076
EX_ile_L(e),0.7492486244647525,4.495491746788515
EX_lys_L(e),0.8521391832098614,5.1128350992591685
EX_orn(e),0.09843450879420429,0.49217254397102145
EX_succ(e),1.695529663271215,6.78211865308486
