,fluxes,C-fluxes
EX_ac(e),14.01569240065069,28.03138480130138
EX_dad_2(e),0.9477001520649747,9.477001520649747
EX_for(e),12.901552611270505,12.901552611270505
EX_gcald(e),0.008222237376052169,0.016444474752104338
EX_ile_L(e),0.7918911292472829,4.7513467754836975
EX_lys_L(e),0.8635525703009644,5.181315421805786
EX_orn(e),0.0782375068109458,0.39118753405472895
