,fluxes,C-fluxes
EX_ac(e),17.175937570794265,34.35187514158853
EX_dad_2(e),0.9388875948642579,9.388875948642578
EX_for(e),15.39064075696489,15.39064075696489
EX_gcald(e),0.009680900968932036,0.019361801937864073
EX_gln_L(e),0.6502932050211025,3.251466025105513
EX_ile_L(e),0.746854147883228,4.481124887299368
EX_lys_L(e),0.8411048512259433,5.04662910735566
EX_orn(e),0.05454729795322076,0.2727364897661038
