,fluxes,C-fluxes
EX_ac(e),14.639474709539824,29.278949419079648
EX_dad_2(e),0.9534335238963151,9.53433523896315
EX_etoh(e),2.2100163476995904,4.420032695399181
EX_for(e),15.386221708556352,15.386221708556352
EX_gln_L(e),0.7852306988338427,3.9261534941692133
EX_ile_L(e),0.9604441300887224,5.762664780532335
EX_lys_L(e),0.8945206335994849,5.367123801596909
EX_orn(e),0.15,0.75
EX_val_L(e),0.36961613268358484,1.848080663417924
