,fluxes,C-fluxes
EX_ac(e),6.417565100325974,12.835130200651948
EX_ala_L(e),1.0767743396779412,3.2303230190338237
EX_dad_2(e),0.9737057349086823,9.737057349086824
EX_gly(e),0.1419452316452829,0.2838904632905658
EX_ile_L(e),0.920804927134863,5.5248295628091775
EX_lys_L(e),0.9118500079268944,5.471100047561366
EX_orn(e),0.10275368193936597,0.5137684096968299
EX_succ(e),3.2735058328398967,13.094023331359587
