,fluxes,C-fluxes
EX_ac(e),12.396315982936219,24.792631965872438
EX_dad_2(e),0.9453217716418838,9.453217716418838
EX_dcyt(e),0.9387078914261351,8.448371022835216
EX_for(e),13.67692443793571,13.67692443793571
EX_gcald(e),0.010003238079325016,0.020006476158650033
EX_ile_L(e),0.7735741143350222,4.641444686010133
EX_lys_L(e),0.8606769237417058,5.164061542450234
EX_orn(e),0.07309814084966418,0.36549070424832086
EX_succ(e),2.261166560438749,9.044666241754996
