,fluxes,C-fluxes
EX_ac(e),7.933057609115045,15.86611521823009
EX_dad_2(e),0.9594942810483416,9.594942810483415
EX_dcyt(e),0.9377750260088247,8.439975234079423
EX_for(e),6.008452583090049,6.008452583090049
EX_gcald(e),0.006543416212253858,0.013086832424507717
EX_ile_L(e),0.8439554885965923,5.063732931579554
EX_lys_L(e),0.9220683330873403,5.532409998524042
EX_orn(e),0.09101166045269507,0.4550583022634753
EX_val_L(e),4.15931575195812,20.7965787597906
