,fluxes,C-fluxes
EX_ac(e),23.16534786766613,46.33069573533226
EX_gcald(e),0.004077632313462874,0.008155264626925748
