,fluxes,C-fluxes
EX_ac(e),2.990579819815053,5.981159639630106
EX_for(e),2.5406936700548126,2.5406936700548126
EX_glu_L(e),0.10917232963121344,0.5458616481560672
EX_nac(e),0.015396012522352183,0.0923760751341131
EX_orn(e),0.15,0.75
