,fluxes,C-fluxes
EX_ac(e),14.90885110317334,29.81770220634668
EX_ade(e),1.944179524474951,9.720897622374755
EX_ala_L(e),1.4786333703880508,4.435900111164152
EX_etoh(e),1.9601628114141174,3.920325622828235
EX_for(e),6.733255535943817,6.733255535943817
EX_gua(e),0.9663889435922454,4.8319447179612265
EX_ile_L(e),0.8097035190933805,4.8582211145602825
EX_orn(e),0.0434900913754818,0.217450456877409
