,fluxes,C-fluxes
EX_4abut(e),0.29611081550361273,1.184443262014451
EX_ac(e),3.9237285857841067,7.847457171568213
EX_etoh(e),2.0893238514938544,4.178647702987709
EX_for(e),5.735401490565323,5.735401490565323
EX_nac(e),0.9996106299042883,5.9976637794257295
EX_ptrc(e),0.13699042157638844,0.5479616863055538
