,fluxes,C-fluxes
EX_ac(e),2.7003249442659887,5.400649888531977
EX_for(e),2.540969016455103,2.540969016455103
EX_glu_L(e),0.14331693875792717,0.7165846937896359
EX_glyc(e),0.0007628777728379419,0.0022886333185138255
EX_nac(e),0.031060088557010895,0.18636053134206537
EX_succ(e),0.009426269537336811,0.037705078149347246
