,fluxes,C-fluxes
EX_ac(e),2.9381050875835317,5.8762101751670635
EX_for(e),2.5312641951302277,2.5312641951302277
EX_glu_L(e),0.12808823927579396,0.6404411963789698
EX_glyc(e),0.0007779278716573052,0.0023337836149719157
EX_nac(e),0.03152355646714787,0.18914133880288722
EX_succ(e),0.009524242343387187,0.03809696937354875
