,fluxes,C-fluxes
EX_ac(e),8.421972353819644,16.843944707639288
EX_etoh(e),5.755371316718217,11.510742633436434
EX_for(e),13.76518662979691,13.76518662979691
EX_hista(e),0.11842002663976395,0.5921001331988197
EX_tym(e),0.9534683994388935,7.627747195511148
