,fluxes,C-fluxes
EX_ac(e),16.366925205368794,32.73385041073759
EX_ade(e),1.8282562629514894,9.141281314757446
EX_dcyt(e),0.6210372334685804,5.589335101217224
EX_etoh(e),4.122385522242941,8.244771044485882
EX_for(e),15.061067273769053,15.061067273769053
EX_gua(e),0.8913662090654455,4.4568310453272275
EX_lys_L(e),0.8522671854598582,5.113603112759149
EX_nac(e),0.9959905033961366,5.975943020376819
EX_orn(e),0.11057115211157359,0.5528557605578679
EX_tym(e),0.9322426918154135,7.457941534523308
