,fluxes,C-fluxes
EX_ac(e),27.029741853058685,54.05948370611737
EX_ade(e),0.9524317766582017,4.762158883291009
EX_dcyt(e),0.9210173171939535,8.289155854745582
EX_for(e),1.4645560492756453,1.4645560492756453
EX_gua(e),0.9700148701713515,4.850074350856757
EX_hista(e),0.11174309154765673,0.5587154577382837
EX_nac(e),0.9973580321859649,5.984148193115789
EX_orn(e),0.029898110443225327,0.14949055221612664
EX_ppa(e),1.1484386004755667,3.4453158014267
EX_tym(e),0.9470567392080602,7.576453913664482
