,fluxes,C-fluxes
EX_ac(e),2.6044634290522874,5.208926858104575
EX_etoh(e),0.191601531902997,0.383203063805994
EX_for(e),1.9081471433914166,1.9081471433914166
EX_glyc(e),0.0011912071900464128,0.0035736215701392383
EX_nac(e),0.013771067435930658,0.08262640461558395
EX_thymd(e),0.010987984308384956,0.10987984308384956
