,fluxes,C-fluxes
EX_ac(e),12.08256291621745,24.1651258324349
EX_ade(e),1.9597278916205627,9.798639458102814
EX_dcyt(e),0.9347717342421618,8.412945608179456
EX_etoh(e),4.13550112478214,8.27100224956428
EX_for(e),12.234933510335239,12.234933510335239
EX_hista(e),0.1186341491066062,0.5931707455330311
EX_ile_L(e),0.051726694186191295,0.31036016511714776
EX_orn(e),0.07068053978534432,0.3534026989267216
EX_tym(e),0.9533609219197622,7.6268873753580975
