,fluxes,C-fluxes
EX_ac(e),3.9298618308555757,7.859723661711151
EX_nac(e),0.9998422415495385,5.9990534492972305
EX_phe_L(e),0.39666478826661355,3.569983094399522
EX_ptrc(e),0.7478069627556563,2.991227851022625
EX_succ(e),2.4361309424705313,9.744523769882125
EX_tyr_L(e),0.08729225051433162,0.7856302546289846
