,fluxes,C-fluxes
EX_ac(e),1.7066043822993777,3.4132087645987554
EX_for(e),1.3833722326009914,1.3833722326009914
EX_glu_L(e),0.14491039246678214,0.7245519623339107
EX_glyc(e),0.0018575011385324398,0.005572503415597319
EX_phe_L(e),0.3559351926775997,3.2034167340983974
EX_ppa(e),0.20949699898170812,0.6284909969451243
EX_ser_L(e),1.0613718360774638,3.1841155082323915
