,fluxes,C-fluxes
EX_ac(e),4.957130389510345,9.91426077902069
EX_adn(e),0.0029525348026440924,0.029525348026440926
EX_for(e),5.004159823232277,5.004159823232277
EX_phe_L(e),0.9492320556657468,8.54308850099172
EX_ppa(e),1.0951264500908882,3.2853793502726645
EX_ptrc(e),0.9754660061079098,3.901864024431639
EX_ura(e),0.9747753103291582,3.899101241316633
