,fluxes,C-fluxes
EX_ac(e),5.370688615549249,10.741377231098499
EX_acald(e),0.19370840257056784,0.3874168051411357
EX_for(e),5.307745880720038,5.307745880720038
EX_ile_L(e),0.9183338960610551,5.51000337636633
EX_lys_L(e),0.932862752720043,5.597176516320259
EX_phe_L(e),0.9175237991324837,8.257714192192353
EX_ppa(e),2.7716624354323707,8.314987306297112
EX_ptrc(e),0.9742857836454134,3.8971431345816536
EX_xan(e),0.9852623049468702,4.926311524734351
