,fluxes,C-fluxes
EX_ac(e),5.843565342650566,11.687130685301131
EX_acald(e),1.1612882679651197,2.3225765359302395
EX_for(e),5.618139886725866,5.618139886725866
EX_ile_L(e),0.9048748425510663,5.429249055306398
EX_lys_L(e),0.9271027000928066,5.56261620055684
EX_phe_L(e),0.9159684144240401,8.24371572981636
EX_ppa(e),3.019647217273286,9.058941651819858
EX_ptrc(e),0.9690137891137787,3.8760551564551147
EX_ura(e),0.9626861661178234,3.8507446644712937
