,fluxes,C-fluxes
EX_ac(e),4.624416647905214,9.248833295810428
EX_etoh(e),3.9312300448845017,7.862460089769003
EX_for(e),6.716694114545175,6.716694114545175
EX_gcald(e),0.0014147177209894576,0.002829435441978915
EX_ile_L(e),0.9114214487450895,5.468528692470537
EX_lys_L(e),0.9400243899755866,5.640146339853519
EX_phe_L(e),0.9255270463462371,8.329743417116134
EX_ppa(e),0.5554746049105119,1.6664238147315358
EX_ptrc(e),0.9995284274263369,3.9981137097053474
