,fluxes,C-fluxes
EX_ac(e),5.8350183882190025,11.670036776438005
EX_etoh(e),2.1126844219421526,4.225368843884305
EX_for(e),7.538005374816171,7.538005374816171
EX_nac(e),0.9986750913471182,5.992050548082709
EX_phe_L(e),0.906230837465493,8.156077537189438
EX_ppa(e),1.7269960792091457,5.180988237627437
EX_ptrc(e),0.9566269936365349,3.8265079745461397
