,fluxes,C-fluxes
EX_ac(e),5.087114782918594,10.174229565837187
EX_etoh(e),1.267924859107438,2.535849718214876
EX_for(e),5.942480538876358,5.942480538876358
EX_phe_L(e),0.9448342642568128,8.503508378311315
EX_ppa(e),0.28246109615322634,0.847383288459679
EX_ptrc(e),0.9746098128802213,3.898439251520885
