,fluxes,C-fluxes
EX_4hphac(e),0.8374657257136194,6.6997258057089555
EX_ac(e),14.04998935368245,28.0999787073649
EX_dad_2(e),0.019311511537042036,0.19311511537042036
EX_for(e),10.853934734139747,10.853934734139747
EX_gly(e),1.581838450283442,3.163676900566884
EX_ile_L(e),0.6915360651463596,4.149216390878157
EX_orn(e),0.0370389710910165,0.1851948554550825
EX_ppa(e),0.09889325329940805,0.29667975989822415
