,fluxes,C-fluxes
EX_2obut(e),0.001414006417852663,0.005656025671410652
EX_ac(e),1.3588280337234255,2.717656067446851
EX_ala_D(e),0.37003268931107164,1.1100980679332149
EX_lac_D(e),10.594111856826027,31.782335570478082
EX_lys_L(e),0.951853936202991,5.711123617217946
EX_orn(e),0.11786268481464786,0.5893134240732393
