,fluxes,C-fluxes
EX_ac(e),1.3933615489312101,2.7867230978624202
