,fluxes,C-fluxes
EX_ac(e),9.36141654123554,18.72283308247108
EX_but(e),1.0068099634210095,4.027239853684038
EX_gly(e),0.11921482384097526,0.23842964768195052
EX_indole(e),0.07381540357751853,0.5905232286201483
EX_nac(e),0.1079204183999866,0.6475225103999196
EX_phe_L(e),0.9029654980627939,8.126689482565146
EX_succ(e),0.24888356618225063,0.9955342647290025
