,fluxes,C-fluxes
EX_12ppd_S(e),0.14898579,0.44695737
EX_ac(e),9.184440490299414,18.368880980598828
EX_cys_L(e),0.08917975918536192,0.26753927755608575
EX_dad_2(e),0.0003262129330789308,0.0032621293307893077
EX_for(e),8.100931429482904,8.100931429482904
EX_indole(e),0.0687154080544473,0.5497232644355784
EX_pac(e),0.9225123434835681,7.380098747868545
EX_ppa(e),3.9749684081106857,11.924905224332058
