,fluxes,C-fluxes
EX_ac(e),1.6091689738651869,3.2183379477303737
EX_ade(e),0.9993438836784238,4.996719418392119
EX_dcyt(e),0.812589801738133,7.313308215643197
EX_glyc(e),0.0014888850889115339,0.004466655266734601
EX_lac_D(e),3.025605206551911,9.076815619655733
EX_nac(e),0.9998556743175265,5.999134045905159
EX_succ(e),0.1484576778542509,0.5938307114170036
