,fluxes,C-fluxes
EX_ac(e),35.168386536126505,70.33677307225301
EX_for(e),0.02947779079640286,0.02947779079640286
EX_gcald(e),0.016154248143011328,0.032308496286022656
EX_hxan(e),0.8961667069807229,4.480833534903614
EX_lys_L(e),0.7060706158191875,4.236423694915125
EX_phe_L(e),0.7079666716332013,6.3717000446988115
EX_ura(e),0.8120165175114789,3.2480660700459154
