,fluxes,C-fluxes
EX_15dap(e),0.15,0.75
EX_ac(e),8.59309118712378,17.18618237424756
EX_but(e),0.7926918857031173,3.1707675428124693
EX_dad_2(e),0.9515867457554655,9.515867457554656
EX_for(e),10.518593969607739,10.518593969607739
EX_gly(e),0.02446761345585033,0.04893522691170066
EX_nac(e),0.9977359802915883,5.986415881749529
EX_phe_L(e),0.8451748088433126,7.6065732795898136
