,fluxes,C-fluxes
EX_ac(e),0.1387296444042403,0.2774592888084806
EX_glu_L(e),0.000489141421743227,0.002445707108716135
EX_succ(e),1.075983190319847,4.303932761279388
