,fluxes,C-fluxes
EX_cytd(e),0.02270435909207116,0.20433923182864044
EX_for(e),4.176174405869079,4.176174405869079
EX_glu_L(e),0.2124657079835063,1.0623285399175315
EX_glyc(e),0.0010855135359386335,0.0032565406078159005
EX_succ(e),1.3945274787088433,5.578109914835373
