,fluxes,C-fluxes
EX_ac(e),1.571015056566064,3.142030113132128
EX_glu_L(e),0.006353192378483804,0.03176596189241902
EX_succ(e),0.7692425558897115,3.076970223558846
