,fluxes,C-fluxes
EX_ac(e),2.7688199200179553,5.537639840035911
EX_for(e),2.836783116148036,2.836783116148036
EX_gcald(e),0.002090702317000741,0.004181404634001482
EX_glyc(e),0.002261177357622714,0.006783532072868142
EX_ile_L(e),0.0634234150892541,0.38054049053552463
EX_strch2(e),0.11332361990304494,2.039825158254809
