,fluxes,C-fluxes
EX_4hphac(e),0.9246931979854561,7.397545583883649
EX_ac(e),22.62904785069677,45.25809570139354
EX_dad_2(e),0.002593062564721141,0.025930625647211412
EX_for(e),0.028751828482686915,0.028751828482686915
EX_nac(e),0.9982183456181116,5.98931007370867
TS_fadh2_c,9.998212235247959,269.9517303516949
