,fluxes,C-fluxes
EX_ac(e),0.06564879190571704,0.13129758381143408
EX_for(e),0.07119328374060954,0.07119328374060954
EX_orn(e),0.14821358566544646,0.7410679283272323
EX_succ(e),0.42055816407440316,1.6822326562976126
EX_val_L(e),0.043182614482930114,0.21591307241465058
