,fluxes,C-fluxes
EX_ac(e),0.7144492253663298,1.4288984507326596
EX_for(e),0.7490565261412634,0.7490565261412634
EX_gcald(e),0.0005483423282586733,0.0010966846565173467
