,fluxes,C-fluxes
EX_ac(e),3.625320862559234,7.250641725118468
EX_ala_L(e),1.5516062270795135,4.65481868123854
EX_for(e),3.501501351367483,3.501501351367483
EX_ile_L(e),0.9215552750629444,5.529331650377666
EX_indole(e),0.06839096992403973,0.5471277593923178
EX_nac(e),0.9995101681292632,5.997061008775579
EX_orn(e),0.09823323978117275,0.49116619890586377
EX_ppa(e),0.03397428732226667,0.1019228619668
EX_succ(e),0.7540481130966716,3.0161924523866865
