,fluxes,C-fluxes
EX_ac(e),5.216908948861769,10.433817897723538
EX_ala_L(e),0.00037874905748381643,0.0011362471724514493
EX_dad_2(e),0.0007571097639463884,0.007571097639463884
EX_for(e),3.5639504498079475,3.5639504498079475
EX_glyc(e),0.0039052340222030407,0.011715702066609122
EX_ile_L(e),0.382892497371283,2.297354984227698
EX_orn(e),0.08293955273725859,0.41469776368629296
EX_succ(e),0.4567340536319221,1.8269362145276884
