,fluxes,C-fluxes
EX_ac(e),1.3503269451136728,2.7006538902273456
EX_etoh(e),0.3185813537554736,0.6371627075109472
EX_for(e),0.6702966564536178,0.6702966564536178
EX_glyc(e),0.0020830805404940655,0.006249241621482196
EX_orn(e),0.1476062586580692,0.738031293290346
