,fluxes,C-fluxes
EX_ac(e),7.6923444892761,15.3846889785522
EX_adn(e),0.6691614940524532,6.6916149405245315
EX_dad_2(e),0.0013786425193072125,0.013786425193072126
EX_gal(e),0.07449289,0.44695734000000004
EX_gly(e),2.815182484846171,5.630364969692342
EX_ins(e),0.022738528233014147,0.22738528233014146
EX_orn(e),0.11876763291504519,0.593838164575226
