,fluxes,C-fluxes
EX_ac(e),4.3590065716828965,8.718013143365793
EX_asp_L(e),0.7568539436508755,3.027415774603502
EX_dad_2(e),0.9812124131136731,9.81212413113673
EX_for(e),0.009277318947331473,0.009277318947331473
EX_gly(e),0.14206751430718018,0.28413502861436035
EX_glyc(e),0.003987459251686311,0.011962377755058934
EX_gua(e),0.9812124131136731,4.906062065568365
EX_mal_L(e),0.11942125642591411,0.47768502570365645
EX_strch2(e),0.014932041166903944,0.268776741004271
