,fluxes,C-fluxes
EX_ac(e),3.2877722631065582,6.5755445262131165
EX_asp_L(e),0.8541153934214658,3.4164615736858632
EX_for(e),2.209307912974155,2.209307912974155
EX_nac(e),0.4924090943788548,2.9544545662731285
EX_strch2(e),0.0021879094653528756,0.03938237037635176
