,fluxes,C-fluxes
EX_ac(e),1.8438322245708807,3.6876644491417614
EX_acald(e),0.981949271730567,1.963898543461134
EX_gcald(e),0.003104938217618106,0.006209876435236212
EX_strch2(e),0.09634356372837925,1.7341841471108266
EX_succ(e),2.858424738999717,11.433698955998867
EX_ura(e),0.9810952353251954,3.9243809413007815
