,fluxes,C-fluxes
EX_15dap(e),0.08725023744255546,0.4362511872127773
EX_ac(e),5.475241569096893,10.950483138193785
EX_acald(e),0.9736406323792554,1.9472812647585107
EX_ala_L(e),1.2319603636277885,3.6958810908833657
EX_gcald(e),0.0040369667088875774,0.008073933417775155
EX_gly(e),1.500934282358624,3.001868564717248
EX_orn(e),0.006072363909976768,0.03036181954988384
EX_strch2(e),0.2290250430937237,4.122450775687026
EX_ura(e),0.9837638667725876,3.9350554670903506
