,fluxes,C-fluxes
EX_ac(e),2.3765949760394673,4.753189952078935
EX_gly(e),0.17051448414114287,0.34102896828228574
EX_succ(e),2.4382501878022156,9.753000751208862
