,fluxes,C-fluxes
EX_ac(e),4.793072624654997,9.586145249309993
EX_for(e),3.686947416436197,3.686947416436197
EX_nac(e),0.942615408282638,5.655692449695828
EX_strch2(e),0.0031138558162932726,0.056049404693278904
EX_succ(e),0.0025398175124807317,0.010159270049922927
EX_urea(e),0.0012699087562403658,0.0012699087562403658
