,fluxes,C-fluxes
EX_ac(e),4.9290376131607685,9.858075226321537
EX_asp_L(e),0.0744601755653487,0.2978407022613948
EX_for(e),3.361820214079865,3.361820214079865
EX_gcald(e),0.0034191809485751602,0.0068383618971503204
EX_glyc(e),0.003697979611762379,0.011093938835287137
EX_orn(e),0.10038579444874002,0.5019289722437001
EX_strch2(e),0.12699313249609065,2.2858763849296317
