,fluxes,C-fluxes
EX_ac(e),6.722583045003638,13.445166090007277
EX_for(e),1.4076071016123148,1.4076071016123148
EX_gcald(e),0.004325124395393714,0.008650248790787428
EX_gly(e),2.465211936700351,4.930423873400702
EX_orn(e),0.09092105335264157,0.45460526676320784
EX_strch2(e),0.08724875732276438,1.5704776318097589
