,fluxes,C-fluxes
EX_ac(e),0.34049763353071183,0.6809952670614237
EX_dcyt(e),0.00021166168397314915,0.0019049551557583423
EX_for(e),1.1325186223862256,1.1325186223862256
EX_gly(e),0.21874180789563308,0.43748361579126616
EX_pac(e),0.17824653521035067,1.4259722816828053
EX_ppa(e),0.9913074847515704,2.973922454254711
EX_succ(e),0.0058865406340815555,0.023546162536326222
