,fluxes,C-fluxes
EX_12ppd_S(e),0.14898579,0.44695737
EX_ac(e),9.189450810932687,18.378901621865374
EX_cys_L(e),0.0888468171248655,0.2665404513745965
EX_dad_2(e),0.0003257914476090897,0.003257914476090897
EX_for(e),8.104828020213885,8.104828020213885
EX_indole(e),0.06749854274762057,0.5399883419809646
EX_pac(e),0.9213103010438554,7.370482408350843
EX_ppa(e),3.9740057091381806,11.922017127414541
