,fluxes,C-fluxes
EX_ac(e),0.7437859353511179,1.4875718707022358
EX_dad_2(e),0.003800460340469926,0.03800460340469926
EX_for(e),1.7657399897143395,1.7657399897143395
EX_glc_D(e),0.00282117,0.01692702
EX_succ(e),0.007519911235649009,0.030079644942596035
