,fluxes,C-fluxes
EX_ac(e),0.24838534544245686,0.4967706908849137
EX_dcyt(e),0.00019406918671235906,0.0017466226804112315
EX_for(e),1.2467039158112816,1.2467039158112816
EX_glc_D(e),0.0047020000000000005,0.028212
EX_pac(e),0.17469540109464293,1.3975632087571435
EX_ppa(e),0.9911801543849655,2.9735404631548965
