,fluxes,C-fluxes
EX_ac(e),7.0345303530087016,14.069060706017403
EX_ala_L(e),0.06253551442076237,0.1876065432622871
EX_dad_2(e),0.0005305264981097305,0.005305264981097305
EX_for(e),2.302533487299477,2.302533487299477
EX_glyc(e),0.004496533370441614,0.01348960011132484
EX_strch2(e),0.08568939626311654,1.5424091327360978
