,fluxes,C-fluxes
EX_ac(e),1.7122570818987009,3.4245141637974017
EX_ala_L(e),0.7263462084705679,2.1790386254117036
EX_gcald(e),0.0007897408230271039,0.0015794816460542077
EX_glyc(e),0.00271569846071132,0.00814709538213396
EX_succ(e),1.617571979923142,6.470287919692568
