,fluxes,C-fluxes
EX_ala_L(e),1.8036390511459708,5.410917153437913
EX_gcald(e),0.0027918192050304636,0.005583638410060927
EX_ins(e),0.001006119059849996,0.01006119059849996
EX_lys_L(e),0.9481928894100515,5.689157336460309
EX_orn(e),0.12383868317414169,0.6191934158707084
EX_succ(e),4.25293465628361,17.01173862513444
