,fluxes,C-fluxes
EX_ala_L(e),1.9844193364381475,5.9532580093144425
EX_hxan(e),0.9870420207446206,4.935210103723103
EX_lys_L(e),0.1633554811501453,0.9801328869008719
EX_succ(e),3.562135727491525,14.2485429099661
