,fluxes,C-fluxes
EX_ac(e),1.6429493202938945,3.285898640587789
EX_ade(e),0.6521813881503504,3.2609069407517524
EX_etoh(e),0.011147710807079525,0.02229542161415905
EX_for(e),1.359395616466421,1.359395616466421
EX_fum(e),0.009638668691283176,0.038554674765132704
EX_glyc(e),0.0010533019129150337,0.003159905738745101
EX_ile_L(e),0.4792126667491468,2.875276000494881
EX_phe_L(e),0.4042735499224104,3.6384619493016936
