,fluxes,C-fluxes
EX_ac(e),1.609591152542369,3.219182305084738
EX_ade(e),0.999344790421303,4.996723952106515
EX_dcyt(e),0.8129815269993512,7.316833742994161
EX_glyc(e),0.0014890443060645972,0.004467132918193791
EX_lac_D(e),3.024884716904917,9.07465415071475
EX_nac(e),0.9998556588837237,5.9991339533023424
EX_succ(e),0.14868518414161885,0.5947407365664754
