,fluxes,C-fluxes
EX_4hphac(e),0.9691942129599174,7.753553703679339
EX_ac(e),3.3132311109757504,6.626462221951501
EX_ala_L(e),0.8654593607081998,2.5963780821245996
EX_etoh(e),0.03613248794463467,0.07226497588926933
EX_for(e),2.040185124144186,2.040185124144186
EX_glyc(e),0.0054440168595387105,0.01633205057861613
EX_nac(e),0.43031834984373074,2.5819100990623847
