,fluxes,C-fluxes
EX_ac(e),6.180810678568851,12.361621357137702
EX_acald(e),0.041668131962692416,0.08333626392538483
EX_ala_L(e),0.19955501485341043,0.5986650445602313
EX_for(e),5.205096390019203,5.205096390019203
EX_gal(e),0.14898578,0.8939146800000001
EX_nac(e),0.998329882615758,5.989979295694548
