,fluxes,C-fluxes
EX_ac(e),4.100361007088708,8.200722014177416
EX_asp_L(e),0.06514573848467994,0.2605829539387198
EX_for(e),3.1750143236129342,3.1750143236129342
EX_orn(e),0.1213800485294171,0.6069002426470855
EX_succ(e),0.001149698733581312,0.004598794934325248
