,fluxes,C-fluxes
EX_4hphac(e),0.0853332939984168,0.6826663519873344
EX_ac(e),1.1964414528388183,2.3928829056776366
EX_asp_L(e),0.07590254019941607,0.3036101607976643
EX_for(e),1.2284114646480975,1.2284114646480975
EX_orn(e),0.14386386891422126,0.7193193445711064
