,fluxes,C-fluxes
EX_ac(e),3.740404549314271,7.480809098628542
EX_for(e),2.68041321175001,2.68041321175001
EX_gly(e),0.15242916814948299,0.30485833629896597
EX_glyc(e),0.0033646100934501284,0.010093830280350385
EX_hxan(e),0.004266649751132715,0.021333248755663576
EX_strch2(e),0.09429696553999364,1.6973453797198856
EX_succ(e),1.0524657047103698,4.209862818841479
EX_tma(e),1.0,3.0
