,fluxes,C-fluxes
EX_ac(e),5.3195347815572065,10.639069563114413
EX_for(e),5.429194417384135,5.429194417384135
EX_gly(e),0.025581050365964968,0.051162100731929935
EX_ile_L(e),0.02397164175515548,0.1438298505309329
EX_nac(e),0.9986381354608036,5.991828812764822
EX_succ(e),1.2413619691523523,4.965447876609409
