,fluxes,C-fluxes
EX_ac(e),1.8638630534423586,3.727726106884717
EX_for(e),1.9182329505522633,1.9182329505522633
EX_orn(e),0.135521877265034,0.67760938632517
EX_strch2(e),0.08638445067177915,1.5549201120920246
EX_succ(e),0.0011963783994217115,0.004785513597686846
