,fluxes,C-fluxes
EX_4hphac(e),0.0868835575472732,0.6950684603781856
EX_ac(e),1.2061087197212654,2.412217439442531
EX_asp_L(e),0.07874646688548619,0.31498586754194474
EX_for(e),1.2385159763291365,1.2385159763291365
EX_orn(e),0.1437451075093009,0.7187255375465045
EX_succ(e),0.001459229821493712,0.005836919285974848
