,fluxes,C-fluxes
EX_ac(e),2.962195489655366,5.924390979310732
EX_asp_L(e),0.3466290672589516,1.3865162690358064
EX_for(e),1.367940413030448,1.367940413030448
EX_glyc(e),0.0012026302737580573,0.003607890821274172
EX_pac(e),0.359401603381917,2.875212827055336
EX_succ(e),0.0018532689702299276,0.00741307588091971
