,fluxes,C-fluxes
EX_ac(e),1.9711502767435936,3.942300553487187
EX_for(e),1.1184673413758375,1.1184673413758375
EX_nac(e),0.0026090499417896463,0.015654299650737877
EX_succ(e),0.6784507018149234,2.7138028072596936
