,fluxes,C-fluxes
EX_15dap(e),0.15,0.75
EX_ac(e),8.592404931634583,17.184809863269166
EX_but(e),0.7938939504434801,3.1755758017739204
EX_dad_2(e),0.9515857443505628,9.515857443505627
EX_for(e),10.52069465634427,10.52069465634427
EX_gly(e),0.02373633072302419,0.04747266144604838
EX_nac(e),0.9977359543789734,5.98641572627384
EX_phe_L(e),0.8438602434069709,7.594742190662737
