,fluxes,C-fluxes
EX_ac(e),0.5580500568832647,1.1161001137665294
EX_acald(e),0.03843700977915601,0.07687401955831202
EX_ade(e),0.5604330579197938,2.8021652895989693
EX_ala_L(e),0.005761829659508329,0.017285488978524985
EX_etoh(e),0.5230949776262133,1.0461899552524265
EX_for(e),0.5594294395569551,0.5594294395569551
EX_ile_L(e),0.000335370981085087,0.002012225886510522
EX_nac(e),0.009899011015960163,0.05939406609576098
