,fluxes,C-fluxes
EX_ac(e),4.723392161929117,9.446784323858234
EX_ade(e),1.984689465139389,9.923447325696944
EX_etoh(e),3.255684757719852,6.511369515439704
EX_for(e),5.144860827354457,5.144860827354457
EX_gln_L(e),0.03639107088063595,0.18195535440317975
EX_glyc(e),0.005020350758889846,0.015061052276669536
EX_gua(e),0.9859343641743201,4.929671820871601
EX_orn(e),0.08140172856374626,0.40700864281873134
EX_succ(e),0.21462944468440975,0.858517778737639
