,fluxes,C-fluxes
EX_ac(e),6.546165143872774,13.092330287745549
EX_dad_2(e),0.032761491108914124,0.32761491108914126
EX_for(e),5.4402515291526985,5.4402515291526985
EX_hista(e),0.1218711286691262,0.609355643345631
EX_phe_L(e),0.9436590657595008,8.492931591835507
EX_ppa(e),4.789054537819557,14.367163613458672
EX_pro_L(e),0.19192457239724428,0.9596228619862214
EX_trypta(e),0.06670243079043915,0.6670243079043915
