,fluxes,C-fluxes
EX_4hphac(e),0.982491311872248,7.859930494977984
EX_5mta(e),0.0003890378340101501,0.004279416174111652
EX_ac(e),5.557714771064994,11.115429542129988
EX_gln_L(e),0.07310444438304227,0.36552222191521133
EX_gly(e),0.1502114813880163,0.3004229627760326
EX_glyclt(e),1.9101386585750124,3.820277317150025
EX_indole(e),0.06726909596451462,0.538152767716117
EX_ppa(e),0.989297659017497,2.967892977052491
