,fluxes,C-fluxes
EX_ac(e),2.668482111435421,5.336964222870842
EX_acald(e),0.022902209583627722,0.045804419167255445
EX_ala_L(e),1.0135197065804238,3.040559119741271
EX_for(e),1.6835142596554322,1.6835142596554322
EX_nac(e),0.9990004711378282,5.99400282682697
