,fluxes,C-fluxes
EX_ac(e),0.6832374770615057,1.3664749541230115
EX_acald(e),0.0017668161529895427,0.0035336323059790855
EX_ins(e),0.03804709437917726,0.3804709437917726
EX_nac(e),0.06201899828756304,0.37211398972537824
EX_succ(e),0.02501033081186244,0.10004132324744976
