,fluxes,C-fluxes
EX_ac(e),1.5411623819688431,3.0823247639376863
EX_for(e),1.581366785427766,1.581366785427766
EX_orn(e),0.13074303684421917,0.6537151842210959
EX_succ(e),0.16515365166414936,0.6606146066565974
