,fluxes,C-fluxes
EX_ac(e),3.3391912885416706,6.678382577083341
EX_gly(e),0.2884014309941072,0.5768028619882144
EX_nac(e),0.4310192279791009,2.5861153678746054
