,fluxes,C-fluxes
EX_ac(e),0.7199800444196311,1.4399600888392623
EX_for(e),0.7455601729831147,0.7455601729831147
EX_gln_L(e),0.022380249136443126,0.11190124568221563
EX_nac(e),0.4534753870386946,2.720852322232168
EX_succ(e),0.004689954290947701,0.018759817163790805
