,fluxes,C-fluxes
EX_ac(e),3.6599152590430286,7.319830518086057
EX_acald(e),0.01853336762484835,0.0370667352496967
EX_for(e),0.8456099627944738,0.8456099627944738
EX_gcald(e),0.0015054842198213314,0.0030109684396426627
EX_nac(e),0.714023227471203,4.284139364827218
EX_succ(e),0.0015054842198213314,0.006021936879285325
