,fluxes,C-fluxes
EX_4abut(e),0.144587104732813,0.578348418931252
EX_ac(e),4.618251431978002,9.236502863956003
EX_etoh(e),0.04345788568468132,0.08691577136936264
EX_for(e),1.9178347955291726,1.9178347955291726
EX_gal(e),0.023978965665674454,0.14387379399404673
EX_gcald(e),0.0017812370681002986,0.003562474136200597
EX_glyc(e),0.006125177555669943,0.01837553266700983
EX_nac(e),0.8208343147002302,4.925005888201381
