,fluxes,C-fluxes
EX_4abut(e),0.15876115922299458,0.6350446368919783
EX_ac(e),4.3118022609448765,8.623604521889753
EX_etoh(e),0.04239822942423377,0.08479645884846754
EX_for(e),1.1934192443950367,1.1934192443950367
EX_nac(e),0.9807925812630476,5.8847554875782855
