,fluxes,C-fluxes
EX_4abut(e),0.07496303059616238,0.29985212238464953
EX_ac(e),2.7089275809940374,5.417855161988075
EX_acald(e),0.018169420566137778,0.036338841132275555
EX_for(e),1.10711333936597,1.10711333936597
EX_gal(e),0.007391375309603679,0.044348251857622076
EX_nac(e),0.047989135896035345,0.28793481537621207
