,fluxes,C-fluxes
EX_ac(e),6.9105495291715835,13.821099058343167
EX_acald(e),0.03804055198776857,0.07608110397553713
EX_for(e),5.563808701856518,5.563808701856518
EX_gcald(e),0.0028471614544591083,0.005694322908918217
EX_nac(e),0.9990507735191079,5.994304641114647
EX_orn(e),0.03603241054970919,0.18016205274854594
EX_succ(e),0.9630185356321378,3.852074142528551
EX_ura(e),0.9535379347746902,3.8141517390987607
