,fluxes,C-fluxes
EX_ac(e),2.676744383378692,5.353488766757384
EX_ade(e),0.0004223134585065387,0.0021115672925326933
EX_for(e),0.4042979751648904,0.4042979751648904
EX_gly(e),0.6086809969499382,1.2173619938998763
