,fluxes,C-fluxes
EX_ac(e),1.3691183582363586,2.7382367164727173
EX_ala_L(e),0.5620535664152125,1.6861606992456375
EX_etoh(e),0.005668848558457486,0.011337697116914972
EX_for(e),0.9919256208592557,0.9919256208592557
EX_gly(e),0.4298364656672133,0.8596729313344266
EX_glyc(e),0.0019616330949220545,0.005884899284766164
EX_ins(e),0.0008038683176877978,0.008038683176877979
EX_nac(e),0.9998098414678604,5.998859048807162
EX_succ(e),0.3499770842607118,1.3999083370428471
