,fluxes,C-fluxes
EX_cytd(e),0.022706788410541745,0.2043610956948757
EX_for(e),4.176225971945211,4.176225971945211
EX_glu_L(e),0.21241774396673962,1.0620887198336981
EX_glyc(e),0.0010855301010772866,0.00325659030323186
EX_succ(e),1.3945197164812853,5.578078865925141
