,fluxes,C-fluxes
EX_ac(e),0.1387541799840332,0.2775083599680664
EX_glu_L(e),0.00046442966999190054,0.002322148349959503
EX_succ(e),1.0759940987176801,4.303976394870721
