,fluxes,C-fluxes
EX_ac(e),1.5711428403968313,3.1422856807936626
EX_glu_L(e),0.005912375294817518,0.02956187647408759
EX_succ(e),0.7694181220984995,3.077672488393998
