,fluxes,C-fluxes
EX_ac(e),2.2985705786088326,4.597141157217665
EX_acald(e),0.012552742113023353,0.025105484226046706
EX_for(e),1.1798471150695895,1.1798471150695895
EX_nac(e),0.012599471899130564,0.07559683139478339
