,fluxes,C-fluxes
EX_4abut(e),0.06448754530608983,0.2579501812243593
EX_ac(e),8.581262317564006,17.162524635128012
EX_etoh(e),3.9016321747740323,7.803264349548065
EX_for(e),8.446082933036939,8.446082933036939
