,fluxes,C-fluxes
EX_ac(e),2.573605122759081,5.147210245518162
EX_acald(e),0.003478996929899442,0.006957993859798884
EX_ala_L(e),0.79385101123904,2.38155303371712
EX_for(e),0.4342210302833857,0.4342210302833857
EX_glyc(e),0.0012038219802838453,0.003611465940851536
EX_strch2(e),0.03503042409134316,0.6305476336441769
EX_succ(e),0.24921970923208703,0.9968788369283481
