,fluxes,C-fluxes
EX_4abut(e),0.094590183066038,0.378360732264152
EX_ac(e),5.874743387405534,11.749486774811068
EX_etoh(e),3.359151793680414,6.718303587360828
EX_for(e),8.888119917896695,8.888119917896695
EX_succ(e),0.6250615271174208,2.500246108469683
TS_ahcys_c,7.40947750353018e-05,0.0010373268504942253
