,fluxes,C-fluxes
EX_4abut(e),0.18,0.72
EX_ac(e),2.662476626478868,5.324953252957736
EX_ala_L(e),2.354370646291512,7.0631119388745365
EX_etoh(e),0.19652117872296862,0.39304235744593724
EX_for(e),1.737907007346009,1.737907007346009
EX_gcald(e),0.0013715591032086704,0.002743118206417341
EX_gly(e),0.1851453010224347,0.3702906020448694
EX_glyc(e),0.1504691854904043,0.4514075564712129
EX_succ(e),0.20726339680080377,0.8290535872032151
