,fluxes,C-fluxes
EX_4abut(e),0.18,0.72
EX_ac(e),2.580716098556191,5.161432197112382
EX_ala_L(e),2.5859805931918998,7.757941779575699
EX_etoh(e),0.20109062723233573,0.40218125446467146
EX_for(e),1.6573131838804536,1.6573131838804536
EX_gcald(e),0.0013927734175997746,0.002785546835199549
EX_gly(e),0.19105725414253996,0.3821145082850799
EX_glyc(e),0.15049212961160638,0.4514763888348191
EX_succ(e),0.12349544336074426,0.49398177344297706
