,fluxes,C-fluxes
EX_4abut(e),0.18,0.72
EX_ac(e),4.960874800122074,9.921749600244148
EX_etoh(e),2.861854183140068,5.723708366280136
EX_for(e),6.866776241690824,6.866776241690824
EX_gly(e),0.1325499439564779,0.2650998879129558
EX_succ(e),0.017042145477019932,0.06816858190807973
