,fluxes,C-fluxes
EX_4abut(e),0.18,0.72
EX_ac(e),2.664546704755367,5.329093409510734
EX_ala_L(e),2.406685862083143,7.220057586249429
EX_etoh(e),0.19631120857099985,0.3926224171419997
EX_for(e),1.741052737171125,1.741052737171125
EX_gcald(e),0.0013911177926381204,0.0027822355852762408
EX_gly(e),0.1847127578193721,0.3694255156387442
EX_glyc(e),0.1504903389876397,0.4514710169629191
EX_succ(e),0.2068005249217741,0.8272020996870963
