,fluxes,C-fluxes
EX_4abut(e),0.18,0.72
EX_ac(e),2.665351435083838,5.330702870167676
EX_ala_L(e),2.448689042869045,7.346067128607135
EX_etoh(e),0.20092964156287152,0.40185928312574304
EX_for(e),1.7425769095336434,1.7425769095336434
EX_gcald(e),0.001404199485554152,0.002808398971108304
EX_gly(e),0.19083970858563604,0.3816794171712721
EX_glyc(e),0.15050448735662583,0.4515134620698775
EX_succ(e),0.20739319693588543,0.8295727877435417
