,fluxes,C-fluxes
EX_ac(e),7.605263998667503,15.210527997335006
EX_dad_2(e),0.00908057066403981,0.09080570664039811
EX_gly(e),3.8433596981936082,7.6867193963872165
EX_succ(e),0.0023928457872288756,0.009571383148915502
