,fluxes,C-fluxes
EX_ac(e),0.0018151552976164193,0.0036303105952328386
EX_acald(e),1.0031131726529472,2.0062263453058944
EX_ade(e),0.9956895236220544,4.978447618110272
EX_cytd(e),0.02534331058492708,0.22808979526434373
EX_for(e),0.09666207314197751,0.09666207314197751
EX_glc_D(e),0.6885307976834216,4.13118478610053
EX_lac_D(e),2.1265837394460196,6.379751218338059
EX_lys_L(e),0.9800311577735445,5.880186946641267
EX_nac(e),0.01796889451322733,0.10781336707936398
