,fluxes,C-fluxes
EX_ac(e),1.6039629836702514,3.2079259673405027
EX_ade(e),1.5145319484821695,7.572659742410847
EX_akg(e),0.018800194821072178,0.09400097410536089
EX_gcald(e),0.0007001752519989262,0.0014003505039978524
EX_pyr(e),1.5041510857917717,4.512453257375315
EX_succ(e),0.053716515636213345,0.21486606254485338
