,fluxes,C-fluxes
EX_ac(e),2.597549834391381,5.195099668782762
EX_for(e),0.028594064456415567,0.028594064456415567
EX_nac(e),0.05088620414176471,0.30531722485058826
EX_strch2(e),0.13552277775296065,2.4394099995532916
EX_succ(e),0.07350587044532854,0.29402348178131416
