,fluxes,C-fluxes
EX_ac(e),0.31735916771878797,0.6347183354375759
EX_asp_L(e),0.11598261500256021,0.46393046001024085
EX_for(e),0.5080176843208104,0.5080176843208104
EX_orn(e),0.14419182461827276,0.7209591230913638
EX_ppa(e),0.1746522463455647,0.5239567390366942
