,fluxes,C-fluxes
EX_ac(e),0.7135948399690257,1.4271896799380515
EX_acald(e),0.0019323248986124009,0.0038646497972248017
EX_adn(e),0.00014275807908105845,0.0014275807908105845
EX_glyc(e),0.0012328343327586329,0.003698502998275899
EX_ile_L(e),0.0485859345571951,0.2915156073431706
EX_nac(e),0.21929311764607778,1.3157587058764668
EX_orn(e),0.0804235851163005,0.4021179255815025
