,fluxes,C-fluxes
EX_ac(e),1.5812149224252632,3.1624298448505264
EX_ala_L(e),1.7686121987972125,5.305836596391638
EX_gcald(e),0.0009899280065997123,0.0019798560131994245
EX_glyc(e),0.0034040863601723674,0.010212259080517101
EX_nac(e),0.9996700066039627,5.998020039623776
EX_succ(e),0.12286199348436316,0.49144797393745265
EX_ura(e),0.0033259034018516785,0.013303613607406714
