,fluxes,C-fluxes
EX_ac(e),4.362622016222771,8.725244032445541
EX_ade(e),1.1258464790967886,5.6292323954839425
EX_for(e),4.438326211882951,4.438326211882951
EX_glc_D(e),1.7290218518631002,10.3741311111786
EX_lys_L(e),0.9267007003643333,5.560204202186
EX_phe_L(e),0.9052653616811083,8.147388255129975
EX_succ(e),2.5850679014405307,10.340271605762123
