,fluxes,C-fluxes
EX_ac(e),0.6728977857631728,1.3457955715263457
EX_ade(e),0.00023479090312231708,0.0011739545156115854
EX_for(e),0.4493549115717759,0.4493549115717759
EX_gly(e),0.21152945186045574,0.4230589037209115
