,fluxes,C-fluxes
EX_ac(e),3.8575918077856595,7.715183615571319
EX_for(e),5.213604385813336,5.213604385813336
EX_gly(e),0.022991991760419994,0.04598398352083999
EX_hxan(e),0.06042954193027464,0.30214770965137316
EX_indole(e),0.06954362681431951,0.5563490145145561
EX_orn(e),0.03652447124203066,0.18262235621015332
EX_phe_L(e),0.3602773640734294,3.242496276660865
EX_ppa(e),1.6994321374763939,5.098296412429182
EX_ura(e),0.0015127983098827775,0.00605119323953111
