,fluxes,C-fluxes
EX_ac(e),4.0591596771729215,8.118319354345843
EX_acald(e),0.00948813968604008,0.01897627937208016
EX_ala_D(e),0.06894786623422623,0.2068435987026787
EX_for(e),3.072496388299491,3.072496388299491
EX_ins(e),0.33881610092910014,3.3881610092910015
EX_nac(e),0.518784142568972,3.112704855413832
