,fluxes,C-fluxes
EX_ac(e),1.6375154031838366,3.275030806367673
EX_arab_L(e),0.0055197,0.027598499999999998
EX_but(e),0.26234129739821793,1.0493651895928717
EX_for(e),0.6054324982872792,0.6054324982872792
EX_fum(e),0.02010982908681763,0.08043931634727051
EX_gal(e),0.00091995,0.0055197
EX_glc_D(e),2.31697176,13.90183056
EX_lac_D(e),0.4592480708097109,1.3777442124291328
