,fluxes,C-fluxes
EX_ac(e),1.7208905293589123,3.4417810587178246
EX_ala_L(e),1.2231975289962365,3.6695925869887094
EX_etoh(e),0.5596001949859394,1.1192003899718788
EX_for(e),2.37750065120932,2.37750065120932
EX_orn(e),0.13815279922279114,0.6907639961139557
