,fluxes,C-fluxes
EX_ac(e),1.6209297178890016,3.2418594357780033
EX_for(e),0.002450235888519472,0.002450235888519472
EX_gcald(e),0.0011535993026446003,0.0023071986052892006
EX_gly(e),0.19659821150220783,0.39319642300441565
EX_orn(e),0.1387436639375574,0.6937183196877871
