,fluxes,C-fluxes
EX_ac(e),1.6966672219927288,3.3933344439854576
EX_asp_L(e),0.0027328662627011226,0.01093146505080449
EX_for(e),0.0032358580677742765,0.0032358580677742765
EX_gcald(e),0.0012260144705892612,0.0024520289411785225
EX_gly(e),0.18561989942676504,0.3712397988535301
EX_orn(e),0.13892100408921768,0.6946050204460884
