,fluxes,C-fluxes
EX_ac(e),1.7301790090991946,3.4603580181983893
EX_acald(e),0.0005902079538971935,0.001180415907794387
EX_asp_L(e),0.11618511671555452,0.4647404668622181
EX_for(e),1.8294164683090886,1.8294164683090886
EX_gcald(e),0.0017706268015522005,0.003541253603104401
EX_orn(e),0.1387229984172648,0.6936149920863239
