,fluxes,C-fluxes
EX_ac(e),0.8498015170731833,1.6996030341463666
EX_asp_L(e),0.046948440657233956,0.18779376262893582
EX_for(e),0.907283533493874,0.907283533493874
EX_gcald(e),0.0009352526452859058,0.0018705052905718116
EX_glyc(e),0.0010115127763435146,0.003034538329030544
EX_orn(e),0.14119350378324616,0.7059675189162308
