,fluxes,C-fluxes
EX_ac(e),0.8716928214315178,1.7433856428630357
EX_asp_L(e),0.41321192217180985,1.6528476886872394
EX_for(e),0.0017240936808526443,0.0017240936808526443
EX_gcald(e),0.0006592007016133228,0.0013184014032266455
EX_gly(e),0.2041927766614867,0.4083855533229734
EX_orn(e),0.144152185104289,0.7207609255214451
