,fluxes,C-fluxes
EX_ac(e),1.2565557819133606,2.513111563826721
EX_for(e),1.3225385891821908,1.3225385891821908
EX_gcald(e),0.0013165098830580832,0.0026330197661161665
EX_orn(e),0.1439031653086607,0.7195158265433035
EX_succ(e),0.20122387636420844,0.8048955054568337
