,fluxes,C-fluxes
EX_ac(e),0.5541965972600396,1.1083931945200791
EX_acald(e),0.0662522473652057,0.1325044947304114
EX_ade(e),0.5922365841681126,2.9611829208405633
EX_ala_L(e),0.21669305417640525,0.6500791625292157
EX_etoh(e),0.5241623843660647,1.0483247687321293
EX_for(e),0.578370745070229,0.578370745070229
EX_glyc(e),0.0003478599582923551,0.0010435798748770653
