,fluxes,C-fluxes
EX_ac(e),0.7752262775214838,1.5504525550429675
EX_ade(e),0.0003401334050652103,0.0017006670253260515
EX_for(e),0.79152489115334,0.79152489115334
EX_ile_L(e),0.4147233605629091,2.4883401633774547
EX_orn(e),0.14866148859827472,0.7433074429913735
