,fluxes,C-fluxes
EX_ac(e),0.6621796471375629,1.3243592942751259
EX_ade(e),0.003974265284259449,0.019871326421297242
EX_ala_L(e),0.4392616107866208,1.3177848323598624
EX_dcyt(e),0.0004955232816057955,0.00445970953445216
EX_for(e),0.6638919884841793,0.6638919884841793
EX_strch2(e),6.575945456554453e-05,0.0011836701821798016
EX_succ(e),0.0004102931411321842,0.001641172564528737
