,fluxes,C-fluxes
EX_ac(e),1.5377748315972815,3.075549663194563
EX_ala_L(e),0.004315449680940323,0.012946349042820968
EX_for(e),1.0285303657273874,1.0285303657273874
EX_glyc(e),0.0010812968662768847,0.003243890598830654
EX_nac(e),0.01773350766725974,0.10640104600355843
