,fluxes,C-fluxes
EX_ac(e),10.094775945027216,20.18955189005443
EX_etoh(e),0.015671063216881085,0.03134212643376217
EX_for(e),9.459679230758013,9.459679230758013
EX_gly(e),0.3510276805472634,0.7020553610945268
EX_hxan(e),0.97270317623184,4.8635158811592
EX_nac(e),0.9989003979956481,5.993402387973889
EX_ppa(e),0.001535921524815724,0.004607764574447172
